[16:38:54.421] RX[COM9]  02
[16:38:54.422] RX[COM9]  6f 00 00 00 4f 04 00 00 00 00 00 00 00 00 00 00 00 00 00 00 00 00 00 00 00 00 00 00 00 00 00 00 00 00 00 00 00 00 00 00 00 00 00 00 00 00 00 00 00 00 00 00 00 00 00 00 43 78 b7 9d 13 dc 0a
[16:38:54.424] PACKET[COM9] state: status=0b0110111100000000, uptime=20228, orientation=[0.0, 0.0, 0.0, 0.0], position=[0.0, 0.0, 0.0], velocity=[0.0, 0.0, 0.0], latitude=0.0, longitude=0.0, gps_altitude=0.0, barometric_altitude=248.717239, witness_battery_voltage=5.084
[16:38:54.480] RX[COM9]  ff
[16:38:54.481] RX[COM9]  6e 00 00 00 4f 05 0a
[16:38:54.493] PACKET[COM9] heartbeat: status=0b0110111000000000, uptime=20229
[16:38:55.109] RX[COM9]  01
[16:38:55.110] RX[COM9]  66 00 00 00 51 de 00 01 ab 00 03 d0 ff 9c 97 ff d9 00 13 00 24 0a
[16:38:55.111] PACKET[COM9] sensors: status=0b0110011000000000, uptime=20958, filtered_accel=[0.01708, 0.03904, -1.01796], gyro=[-2.73, 1.33, 2.52]
[16:38:55.397] RX[COM9]  02
[16:38:55.405] RX[COM9]  66 00 00 00 52 ec 00 00 00 00 00 00 00 00 00 00 00 00 00 00 00 00 00 00 00 00 00 00 00 00 00 00 00 00 00 00 00 00 00 00 00 00 00 00 00 00 00 00 00 00 00 00 00 00 00 00 43 78 b7 9d 13 d4 0a
[16:38:55.408] PACKET[COM9] state: status=0b0110011000000000, uptime=21228, orientation=[0.0, 0.0, 0.0, 0.0], position=[0.0, 0.0, 0.0], velocity=[0.0, 0.0, 0.0], latitude=0.0, longitude=0.0, gps_altitude=0.0, barometric_altitude=248.717239, witness_battery_voltage=5.076
[16:38:55.459] RX[COM9]  ff
[16:38:55.462] RX[COM9]  67 00 00 00 52 ed 0a
[16:38:55.465] PACKET[COM9] heartbeat: status=0b0110011100000000, uptime=21229
[16:38:56.102] RX[COM9]  01
[16:38:56.103] RX[COM9]  6f 00 00 00 55 c6 00 01 ab 00 03 d0 ff 9c 97 ff d9 00 13 00 23 0a
[16:38:56.105] PACKET[COM9] sensors: status=0b0110111100000000, uptime=21958, filtered_accel=[0.01708, 0.03904, -1.01796], gyro=[-2.73, 1.33, 2.45]
[16:38:56.382] RX[COM9]  02
[16:38:56.383] RX[COM9]  6f 00 00 00 56 d4 00 00 00 00 00 00 00 00 00 00 00 00 00 00 00 00 00 00 00 00 00 00 00 00 00 00 00 00 00 00 00 00 00 00 00 00 00 00 00 00 00 00 00 00 00 00 00 00 00 00 43 78 b7 9d 13 e0 0a
[16:38:56.385] PACKET[COM9] state: status=0b0110111100000000, uptime=22228, orientation=[0.0, 0.0, 0.0, 0.0], position=[0.0, 0.0, 0.0], velocity=[0.0, 0.0, 0.0], latitude=0.0, longitude=0.0, gps_altitude=0.0, barometric_altitude=248.717239, witness_battery_voltage=5.088
[16:38:56.444] RX[COM9]  ff
[16:38:56.448] RX[COM9]  6e 00 00 00 56 d5 0a
[16:38:56.450] PACKET[COM9] heartbeat: status=0b0110111000000000, uptime=22229
[16:38:57.132] RX[COM9]  01
[16:38:57.133] RX[COM9]  66 00 00 00 59 ae 00 01 ab 00 03 d0 ff 9c 72 ff d9 00 14 00 24 0a
[16:38:57.136] PACKET[COM9] sensors: status=0b0110011000000000, uptime=22958, filtered_accel=[0.01708, 0.03904, -1.01944], gyro=[-2.73, 1.4, 2.52]
[16:38:57.415] RX[COM9]  02
[16:38:57.416] RX[COM9]  66 00 00 00 5a bc 00 00 00 00 00 00 00 00 00 00 00 00 00 00 00 00 00 00 00 00 00 00 00 00 00 00 00 00 00 00 00 00 00 00 00 00 00 00 00 00 00 00 00 00 00 00 00 00 00 00 43 78 b7 9d 13 e0 0a
[16:38:57.417] PACKET[COM9] state: status=0b0110011000000000, uptime=23228, orientation=[0.0, 0.0, 0.0, 0.0], position=[0.0, 0.0, 0.0], velocity=[0.0, 0.0, 0.0], latitude=0.0, longitude=0.0, gps_altitude=0.0, barometric_altitude=248.717239, witness_battery_voltage=5.088
[16:38:57.475] RX[COM9]  ff
[16:38:57.477] RX[COM9]  67 00 00 00 5a bd 0a
[16:38:57.478] PACKET[COM9] heartbeat: status=0b0110011100000000, uptime=23229
[16:38:58.132] RX[COM9]  01
[16:38:58.133] RX[COM9]  6f 00 00 00 5d 96 00 01 ab 00 03 d0 ff 9c 7e ff d8 00 13 00 24 0a
[16:38:58.134] PACKET[COM9] sensors: status=0b0110111100000000, uptime=23958, filtered_accel=[0.01708, 0.03904, -1.01896], gyro=[-2.8, 1.33, 2.52]
[16:38:58.384] RX[COM9]  02
[16:38:58.386] RX[COM9]  6f 00 00 00 5e a4 00 00 00 00 00 00 00 00 00 00 00 00 00 00 00 00 00 00 00 00 00 00 00 00 00 00 00 00 00 00 00 00 00 00 00 00 00 00 00 00 00 00 00 00 00 00 00 00 00 00 43 78 e3 95 13 d4 0a
[16:38:58.388] PACKET[COM9] state: status=0b0110111100000000, uptime=24228, orientation=[0.0, 0.0, 0.0, 0.0], position=[0.0, 0.0, 0.0], velocity=[0.0, 0.0, 0.0], latitude=0.0, longitude=0.0, gps_altitude=0.0, barometric_altitude=248.888992, witness_battery_voltage=5.076
[16:38:58.447] RX[COM9]  ff
[16:38:58.450] RX[COM9]  6e 00 00 00 5e a5 0a
[16:38:58.454] PACKET[COM9] heartbeat: status=0b0110111000000000, uptime=24229
[16:38:59.118] RX[COM9]  01
[16:38:59.119] RX[COM9]  6e 00 00 00 61 7e 00 01 ab 00 03 d0 ff 9c 8b ff d8 00 14 00 25 0a
[16:38:59.120] PACKET[COM9] sensors: status=0b0110111000000000, uptime=24958, filtered_accel=[0.01708, 0.03904, -1.01844], gyro=[-2.8, 1.4, 2.59]
[16:38:59.370] RX[COM9]  02
[16:38:59.373] RX[COM9]  66 00 00 00 62 8c 00 00 00 00 00 00 00 00 00 00 00 00 00 00 00 00 00 00 00 00 00 00 00 00 00 00 00 00 00 00 00 00 00 00 00 00 00 00 00 00 00 00 00 00 00 00 00 00 00 00 43 78 cd f0 13 d4 0a
[16:38:59.376] PACKET[COM9] state: status=0b0110011000000000, uptime=25228, orientation=[0.0, 0.0, 0.0, 0.0], position=[0.0, 0.0, 0.0], velocity=[0.0, 0.0, 0.0], latitude=0.0, longitude=0.0, gps_altitude=0.0, barometric_altitude=248.804443, witness_battery_voltage=5.076
[16:38:59.432] RX[COM9]  ff
[16:38:59.434] RX[COM9]  67 00 00 00 62 8d 0a
[16:38:59.435] PACKET[COM9] heartbeat: status=0b0110011100000000, uptime=25229
[16:39:00.143] RX[COM9]  01
[16:39:00.144] RX[COM9]  67 00 00 00 65 66 00 01 c3 00 03 c4 ff 9c 7e ff d8 00 14 00 24 0a
[16:39:00.145] PACKET[COM9] sensors: status=0b0110011100000000, uptime=25958, filtered_accel=[0.01804, 0.03856, -1.01896], gyro=[-2.8, 1.4, 2.52]
[16:39:00.422] RX[COM9]  02
[16:39:00.424] RX[COM9]  6f 00 00 00 66 74 00 00 00 00 00 00 00 00 00 00 00 00 00 00 00 00 00 00 00 00 00 00 00 00 00 00 00 00 00 00 00 00 00 00 00 00 00 00 00 00 00 00 00 00 00 00 00 00 00 00 43 78 cd f0 13 e4 0a
[16:39:00.426] PACKET[COM9] state: status=0b0110111100000000, uptime=26228, orientation=[0.0, 0.0, 0.0, 0.0], position=[0.0, 0.0, 0.0], velocity=[0.0, 0.0, 0.0], latitude=0.0, longitude=0.0, gps_altitude=0.0, barometric_altitude=248.804443, witness_battery_voltage=5.092
[16:39:00.484] RX[COM9]  ff
[16:39:00.486] RX[COM9]  6e 00 00 00 66 75 0a
[16:39:00.487] PACKET[COM9] heartbeat: status=0b0110111000000000, uptime=26229
[16:39:01.128] RX[COM9]  01
[16:39:01.128] RX[COM9]  6e 00 00 00 69 4e 00 01 b7 00 03 d0 ff 9c 8b ff d8 00 13 00 24 0a
[16:39:01.130] PACKET[COM9] sensors: status=0b0110111000000000, uptime=26958, filtered_accel=[0.01756, 0.03904, -1.01844], gyro=[-2.8, 1.33, 2.52]
[16:39:01.405] RX[COM9]  02
[16:39:01.407] RX[COM9]  6e 00 00 00 6a 5c 00 00 00 00 00 00 00 00 00 00 00 00 00 00 00 00 00 00 00 00 00 00 00 00 00 00 00 00 00 00 00 00 00 00 00 00 00 00 00 00 00 00 00 00 00 00 00 00 00 00 43 78 f9 3a 13 ec 0a
[16:39:01.409] PACKET[COM9] state: status=0b0110111000000000, uptime=27228, orientation=[0.0, 0.0, 0.0, 0.0], position=[0.0, 0.0, 0.0], velocity=[0.0, 0.0, 0.0], latitude=0.0, longitude=0.0, gps_altitude=0.0, barometric_altitude=248.973541, witness_battery_voltage=5.1
[16:39:01.469] RX[COM9]  ff
[16:39:01.471] RX[COM9]  6f 00 00 00 6a 5d 0a
[16:39:01.474] PACKET[COM9] heartbeat: status=0b0110111100000000, uptime=27229
[16:39:02.111] RX[COM9]  01
[16:39:02.112] RX[COM9]  67 00 00 00 6d 36 00 01 ab 00 03 c4 ff 9c 72 ff d9 00 14 00 24 0a
[16:39:02.114] PACKET[COM9] sensors: status=0b0110011100000000, uptime=27958, filtered_accel=[0.01708, 0.03856, -1.01944], gyro=[-2.73, 1.4, 2.52]
[16:39:02.389] RX[COM9]  02
[16:39:02.391] RX[COM9]  67 00 00 00 6e 44 00 00 00 00 00 00 00 00 00 00 00 00 00 00 00 00 00 00 00 00 00 00 00 00 00 00 00 00 00 00 00 00 00 00 00 00 00 00 00 00 00 00 00 00 00 00 00 00 00 00 43 78 cd f0 13 d4 0a
[16:39:02.392] PACKET[COM9] state: status=0b0110011100000000, uptime=28228, orientation=[0.0, 0.0, 0.0, 0.0], position=[0.0, 0.0, 0.0], velocity=[0.0, 0.0, 0.0], latitude=0.0, longitude=0.0, gps_altitude=0.0, barometric_altitude=248.804443, witness_battery_voltage=5.076
[16:39:02.452] RX[COM9]  ff
[16:39:02.454] RX[COM9]  66 00 00 00 6e 45 0a
[16:39:02.456] PACKET[COM9] heartbeat: status=0b0110011000000000, uptime=28229
[16:39:03.141] RX[COM9]  01
[16:39:03.142] RX[COM9]  6e 00 00 00 71 1e 00 01 ab 00 03 c4 ff 9c 5a ff d8 00 15 00 24 0a
[16:39:03.144] PACKET[COM9] sensors: status=0b0110111000000000, uptime=28958, filtered_accel=[0.01708, 0.03856, -1.0204], gyro=[-2.8, 1.47, 2.52]
[16:39:03.375] RX[COM9]  02
[16:39:03.376] RX[COM9]  6e 00 00 00 72 2c 00 00 00 00 00 00 00 00 00 00 00 00 00 00 00 00 00 00 00 00 00 00 00 00 00 00 00 00 00 00 00 00 00 00 00 00 00 00 00 00 00 00 00 00 00 00 00 00 00 00 43 78 8c 53 13 dc 0a
[16:39:03.378] PACKET[COM9] state: status=0b0110111000000000, uptime=29228, orientation=[0.0, 0.0, 0.0, 0.0], position=[0.0, 0.0, 0.0], velocity=[0.0, 0.0, 0.0], latitude=0.0, longitude=0.0, gps_altitude=0.0, barometric_altitude=248.548141, witness_battery_voltage=5.084
[16:39:03.435] RX[COM9]  ff
[16:39:03.438] RX[COM9]  6f 00 00 00 72 2d 0a
[16:39:03.440] PACKET[COM9] heartbeat: status=0b0110111100000000, uptime=29229
[16:39:04.139] RX[COM9]  01
[16:39:04.140] RX[COM9]  67 00 00 00 75 06 00 01 ab 00 03 c4 ff 9c 7e ff d8 00 13 00 25 0a
[16:39:04.142] PACKET[COM9] sensors: status=0b0110011100000000, uptime=29958, filtered_accel=[0.01708, 0.03856, -1.01896], gyro=[-2.8, 1.33, 2.59]
[16:39:04.387] RX[COM9]  02
[16:39:04.388] RX[COM9]  67 00 00 00 76 14 00 00 00 00 00 00 00 00 00 00 00 00 00 00 00 00 00 00 00 00 00 00 00 00 00 00 00 00 00 00 00 00 00 00 00 00 00 00 00 00 00 00 00 00 00 00 00 00 00 00 43 78 a1 f8 13 e8 0a
[16:39:04.390] PACKET[COM9] state: status=0b0110011100000000, uptime=30228, orientation=[0.0, 0.0, 0.0, 0.0], position=[0.0, 0.0, 0.0], velocity=[0.0, 0.0, 0.0], latitude=0.0, longitude=0.0, gps_altitude=0.0, barometric_altitude=248.63269, witness_battery_voltage=5.096
[16:39:04.448] RX[COM9]  ff
[16:39:04.451] RX[COM9]  66 00 00 00 76 15 0a
[16:39:04.452] PACKET[COM9] heartbeat: status=0b0110011000000000, uptime=30229
[16:39:08.238] RX[COM9]  01
[16:39:08.239] RX[COM9]  26 00 00 00 03 be 00 01 ab 00 03 d0 ff 9c 8b ff d8 00 14 00 25 0a
[16:39:08.240] PACKET[COM9] sensors: status=0b0010011000000000, uptime=958, filtered_accel=[0.01708, 0.03904, -1.01844], gyro=[-2.8, 1.4, 2.59]
[16:39:08.454] RX[COM9]  02
[16:39:08.455] RX[COM9]  2f 00 00 00 04 92 00 00 00 00 00 00 00 00 00 00 00 00 00 00 00 00 00 00 00 00 00 00 00 00 00 00 00 00 00 00 00 00 00 00 00 00 00 00 00 00 00 00 00 00 00 00 00 00 00 00 00 00 00 00 13 d4 0a
[16:39:08.458] PACKET[COM9] state: status=0b0010111100000000, uptime=1170, orientation=[0.0, 0.0, 0.0, 0.0], position=[0.0, 0.0, 0.0], velocity=[0.0, 0.0, 0.0], latitude=0.0, longitude=0.0, gps_altitude=0.0, barometric_altitude=0.0, witness_battery_voltage=5.076
[16:39:08.513] RX[COM9]  ff
[16:39:08.525] RX[COM9]  2f 00 00 00 04 87 0a
[16:39:08.540] PACKET[COM9] heartbeat: status=0b0010111100000000, uptime=1159
[16:39:09.244] RX[COM9]  01
[16:39:09.245] RX[COM9]  67 00 00 00 07 ce 00 01 b7 00 03 b8 ff 9c 66 ff d8 00 13 00 25 0a
[16:39:09.247] PACKET[COM9] sensors: status=0b0110011100000000, uptime=1998, filtered_accel=[0.01756, 0.03808, -1.01992], gyro=[-2.8, 1.33, 2.59]
[16:39:09.457] RX[COM9]  02
[16:39:09.458] RX[COM9]  67 00 00 00 08 6e 00 00 00 00 00 00 00 00 00 00 00 00 00 00 00 00 00 00 00 00 00 00 00 00 00 00 00 00 00 00 00 00 00 00 00 00 00 00 00 00 00 00 00 00 00 00 00 00 00 00 43 79 25 32 13 dc 0a
[16:39:09.459] PACKET[COM9] state: status=0b0110011100000000, uptime=2158, orientation=[0.0, 0.0, 0.0, 0.0], position=[0.0, 0.0, 0.0], velocity=[0.0, 0.0, 0.0], latitude=0.0, longitude=0.0, gps_altitude=0.0, barometric_altitude=249.145294, witness_battery_voltage=5.084
[16:39:09.510] RX[COM9]  ff
[16:39:09.511] RX[COM9]  66 00 00 00 08 6f 0a
[16:39:09.512] PACKET[COM9] heartbeat: status=0b0110011000000000, uptime=2159
[16:39:10.201] RX[COM9]  01
[16:39:10.202] RX[COM9]  66 00 00 00 0b ac 00 01 b7 00 03 c4 ff 9c 7e ff d7 00 14 00 25 0a
[16:39:10.204] PACKET[COM9] sensors: status=0b0110011000000000, uptime=2988, filtered_accel=[0.01756, 0.03856, -1.01896], gyro=[-2.87, 1.4, 2.59]
[16:39:10.467] RX[COM9]  02
[16:39:10.468] RX[COM9]  6e 00 00 00 0c 56 00 00 00 00 00 00 00 00 00 00 00 00 00 00 00 00 00 00 00 00 00 00 00 00 00 00 00 00 00 00 00 00 00 00 00 00 00 00 00 00 00 00 00 00 00 00 00 00 00 00 43 79 3a d7 13 e0 0a
[16:39:10.472] PACKET[COM9] state: status=0b0110111000000000, uptime=3158, orientation=[0.0, 0.0, 0.0, 0.0], position=[0.0, 0.0, 0.0], velocity=[0.0, 0.0, 0.0], latitude=0.0, longitude=0.0, gps_altitude=0.0, barometric_altitude=249.229843, witness_battery_voltage=5.088
[16:39:10.529] RX[COM9]  ff
[16:39:10.531] RX[COM9]  6f 00 00 00 0c 57 0a
[16:39:10.535] PACKET[COM9] heartbeat: status=0b0110111100000000, uptime=3159
[16:39:11.248] RX[COM9]  01
[16:39:11.249] RX[COM9]  6f 00 00 00 0f 94 00 01 b7 00 03 d0 ff 9c 72 ff d8 00 14 00 25 0a
[16:39:11.250] PACKET[COM9] sensors: status=0b0110111100000000, uptime=3988, filtered_accel=[0.01756, 0.03904, -1.01944], gyro=[-2.8, 1.4, 2.59]
[16:39:11.452] RX[COM9]  02
[16:39:11.453] RX[COM9]  6f 00 00 00 10 3e 00 00 00 00 00 00 00 00 00 00 00 00 00 00 00 00 00 00 00 00 00 00 00 00 00 00 00 00 00 00 00 00 00 00 00 00 00 00 00 00 00 00 00 00 00 00 00 00 00 00 43 78 f9 3a 13 e0 0a
[16:39:11.456] PACKET[COM9] state: status=0b0110111100000000, uptime=4158, orientation=[0.0, 0.0, 0.0, 0.0], position=[0.0, 0.0, 0.0], velocity=[0.0, 0.0, 0.0], latitude=0.0, longitude=0.0, gps_altitude=0.0, barometric_altitude=248.973541, witness_battery_voltage=5.088
[16:39:11.509] RX[COM9]  ff
[16:39:11.510] RX[COM9]  6e 00 00 00 10 3f 0a
[16:39:11.512] PACKET[COM9] heartbeat: status=0b0110111000000000, uptime=4159
[16:39:12.253] RX[COM9]  01
[16:39:12.254] RX[COM9]  66 00 00 00 13 7c 00 01 9f 00 03 c4 ff 9c 5a ff d8 00 14 00 24 0a
[16:39:12.256] PACKET[COM9] sensors: status=0b0110011000000000, uptime=4988, filtered_accel=[0.0166, 0.03856, -1.0204], gyro=[-2.8, 1.4, 2.52]
[16:39:12.460] RX[COM9]  02
[16:39:12.461] RX[COM9]  66 00 00 00 14 26 00 00 00 00 00 00 00 00 00 00 00 00 00 00 00 00 00 00 00 00 00 00 00 00 00 00 00 00 00 00 00 00 00 00 00 00 00 00 00 00 00 00 00 00 00 00 00 00 00 00 43 79 25 32 13 e0 0a
[16:39:12.465] PACKET[COM9] state: status=0b0110011000000000, uptime=5158, orientation=[0.0, 0.0, 0.0, 0.0], position=[0.0, 0.0, 0.0], velocity=[0.0, 0.0, 0.0], latitude=0.0, longitude=0.0, gps_altitude=0.0, barometric_altitude=249.145294, witness_battery_voltage=5.088
[16:39:12.517] RX[COM9]  ff
[16:39:12.519] RX[COM9]  67 00 00 00 14 27 0a
[16:39:12.523] PACKET[COM9] heartbeat: status=0b0110011100000000, uptime=5159
[16:39:13.209] RX[COM9]  01
[16:39:13.210] RX[COM9]  6f 00 00 00 17 64 00 01 c3 00 03 c4 ff 9c 7e ff d7 00 14 00 24 0a
[16:39:13.211] PACKET[COM9] sensors: status=0b0110111100000000, uptime=5988, filtered_accel=[0.01804, 0.03856, -1.01896], gyro=[-2.87, 1.4, 2.52]
[16:39:13.449] RX[COM9]  02
[16:39:13.450] RX[COM9]  6f 00 00 00 18 0e 00 00 00 00 00 00 00 00 00 00 00 00 00 00 00 00 00 00 00 00 00 00 00 00 00 00 00 00 00 00 00 00 00 00 00 00 00 00 00 00 00 00 00 00 00 00 00 00 00 00 43 79 25 32 13 dc 0a
[16:39:13.451] PACKET[COM9] state: status=0b0110111100000000, uptime=6158, orientation=[0.0, 0.0, 0.0, 0.0], position=[0.0, 0.0, 0.0], velocity=[0.0, 0.0, 0.0], latitude=0.0, longitude=0.0, gps_altitude=0.0, barometric_altitude=249.145294, witness_battery_voltage=5.084
[16:39:13.502] RX[COM9]  ff
[16:39:13.505] RX[COM9]  6e 00 00 00 18 0f 0a
[16:39:13.507] PACKET[COM9] heartbeat: status=0b0110111000000000, uptime=6159
[16:39:14.210] RX[COM9]  01
[16:39:14.211] RX[COM9]  66 00 00 00 1b 4c 00 01 b7 00 03 b8 ff 9c 5a ff d8 00 14 00 25 0a
[16:39:14.213] PACKET[COM9] sensors: status=0b0110011000000000, uptime=6988, filtered_accel=[0.01756, 0.03808, -1.0204], gyro=[-2.8, 1.4, 2.59]
[16:39:14.426] RX[COM9]  02
[16:39:14.427] RX[COM9]  66 00 00 00 1b f6 00 00 00 00 00 00 00 00 00 00 00 00 00 00 00 00 00 00 00 00 00 00 00 00 00 00 00 00 00 00 00 00 00 00 00 00 00 00 00 00 00 00 00 00 00 00 00 00 00 00 43 79 25 32 13 dc 0a
[16:39:14.428] PACKET[COM9] state: status=0b0110011000000000, uptime=7158, orientation=[0.0, 0.0, 0.0, 0.0], position=[0.0, 0.0, 0.0], velocity=[0.0, 0.0, 0.0], latitude=0.0, longitude=0.0, gps_altitude=0.0, barometric_altitude=249.145294, witness_battery_voltage=5.084
[16:39:14.482] RX[COM9]  ff
[16:39:14.484] RX[COM9]  67 00 00 00 1b f7 0a
[16:39:14.486] PACKET[COM9] heartbeat: status=0b0110011100000000, uptime=7159
[16:39:15.217] TX[COM9] State: Boost:  05 00 00 00 00 00 00 73 01 0a
[16:39:15.250] RX[COM9]  01
[16:39:15.251] RX[COM9]  6f 00 00 00 1f 34 00 01 9f 00 03 93 ff 9b ec ff d8 00 14 00 25 0a
[16:39:15.252] PACKET[COM9] sensors: status=0b0110111100000000, uptime=7988, filtered_accel=[0.0166, 0.0366, -1.0248], gyro=[-2.8, 1.4, 2.59]
[16:39:15.253] RX[COM9]  05
[16:39:15.253] RX[COM9]  00 00 00 00 00 00 73 01 0a
[16:39:15.254] PACKET[COM9] command: status=0b0000000000000000, uptime=0, command_value=29441
[16:39:15.255] RX[COM9]  49
[16:39:15.257] BAD_PACKET[COM9] unknown packet ID 0x49; discarded 1 byte(s)
[16:39:15.257] RX[COM9]  20 28 35 33 38 38 31 29 20 61 70 65 72 74 75 72 65 3a 20 53 65 6e 64 69 6e 67 20 63 6f 6d 6d 61 6e 64 20 74 6f 20 57 69 74 6e 65 73 73 0d 0a
[16:39:15.258] BAD_PACKET[COM9] unknown packet ID 0x20; discarded 1 byte(s)
[16:39:15.258] BAD_PACKET[COM9] unknown packet ID 0x28; discarded 1 byte(s)
[16:39:15.259] BAD_PACKET[COM9] unknown packet ID 0x35; discarded 1 byte(s)
[16:39:15.259] BAD_PACKET[COM9] unknown packet ID 0x33; discarded 1 byte(s)
[16:39:15.259] BAD_PACKET[COM9] unknown packet ID 0x38; discarded 1 byte(s)
[16:39:15.260] BAD_PACKET[COM9] unknown packet ID 0x38; discarded 1 byte(s)
[16:39:15.260] BAD_PACKET[COM9] unknown packet ID 0x31; discarded 1 byte(s)
[16:39:15.261] BAD_PACKET[COM9] unknown packet ID 0x29; discarded 1 byte(s)
[16:39:15.261] BAD_PACKET[COM9] unknown packet ID 0x20; discarded 1 byte(s)
[16:39:15.261] BAD_PACKET[COM9] unknown packet ID 0x61; discarded 1 byte(s)
[16:39:15.262] BAD_PACKET[COM9] unknown packet ID 0x70; discarded 1 byte(s)
[16:39:15.262] BAD_PACKET[COM9] unknown packet ID 0x65; discarded 1 byte(s)
[16:39:15.263] BAD_PACKET[COM9] unknown packet ID 0x72; discarded 1 byte(s)
[16:39:15.263] BAD_PACKET[COM9] unknown packet ID 0x74; discarded 1 byte(s)
[16:39:15.264] BAD_PACKET[COM9] unknown packet ID 0x75; discarded 1 byte(s)
[16:39:15.264] BAD_PACKET[COM9] unknown packet ID 0x72; discarded 1 byte(s)
[16:39:15.265] BAD_PACKET[COM9] unknown packet ID 0x65; discarded 1 byte(s)
[16:39:15.265] BAD_PACKET[COM9] unknown packet ID 0x3a; discarded 1 byte(s)
[16:39:15.266] BAD_PACKET[COM9] unknown packet ID 0x20; discarded 1 byte(s)
[16:39:15.266] BAD_PACKET[COM9] unknown packet ID 0x53; discarded 1 byte(s)
[16:39:15.266] BAD_PACKET[COM9] unknown packet ID 0x65; discarded 1 byte(s)
[16:39:15.267] BAD_PACKET[COM9] unknown packet ID 0x6e; discarded 1 byte(s)
[16:39:15.267] BAD_PACKET[COM9] unknown packet ID 0x64; discarded 1 byte(s)
[16:39:15.267] BAD_PACKET[COM9] unknown packet ID 0x69; discarded 1 byte(s)
[16:39:15.268] BAD_PACKET[COM9] unknown packet ID 0x6e; discarded 1 byte(s)
[16:39:15.268] BAD_PACKET[COM9] unknown packet ID 0x67; discarded 1 byte(s)
[16:39:15.268] BAD_PACKET[COM9] unknown packet ID 0x20; discarded 1 byte(s)
[16:39:15.268] BAD_PACKET[COM9] unknown packet ID 0x63; discarded 1 byte(s)
[16:39:15.269] BAD_PACKET[COM9] unknown packet ID 0x6f; discarded 1 byte(s)
[16:39:15.269] BAD_PACKET[COM9] unknown packet ID 0x6d; discarded 1 byte(s)
[16:39:15.269] BAD_PACKET[COM9] unknown packet ID 0x6d; discarded 1 byte(s)
[16:39:15.270] BAD_PACKET[COM9] unknown packet ID 0x61; discarded 1 byte(s)
[16:39:15.270] BAD_PACKET[COM9] unknown packet ID 0x6e; discarded 1 byte(s)
[16:39:15.270] BAD_PACKET[COM9] unknown packet ID 0x64; discarded 1 byte(s)
[16:39:15.270] BAD_PACKET[COM9] unknown packet ID 0x20; discarded 1 byte(s)
[16:39:15.271] BAD_PACKET[COM9] unknown packet ID 0x74; discarded 1 byte(s)
[16:39:15.271] BAD_PACKET[COM9] unknown packet ID 0x6f; discarded 1 byte(s)
[16:39:15.272] BAD_PACKET[COM9] unknown packet ID 0x20; discarded 1 byte(s)
[16:39:15.272] BAD_PACKET[COM9] unknown packet ID 0x57; discarded 1 byte(s)
[16:39:15.272] BAD_PACKET[COM9] unknown packet ID 0x69; discarded 1 byte(s)
[16:39:15.273] BAD_PACKET[COM9] unknown packet ID 0x74; discarded 1 byte(s)
[16:39:15.274] BAD_PACKET[COM9] unknown packet ID 0x6e; discarded 1 byte(s)
[16:39:15.274] BAD_PACKET[COM9] unknown packet ID 0x65; discarded 1 byte(s)
[16:39:15.274] BAD_PACKET[COM9] unknown packet ID 0x73; discarded 1 byte(s)
[16:39:15.275] BAD_PACKET[COM9] unknown packet ID 0x73; discarded 1 byte(s)
[16:39:15.275] BAD_PACKET[COM9] unknown packet ID 0x0d; discarded 1 byte(s)
[16:39:15.276] BAD_PACKET[COM9] unknown packet ID 0x0a; discarded 1 byte(s)
[16:39:15.454] RX[COM9]  02
[16:39:15.463] RX[COM9]  6f 01 00 00 1f de 00 00 00 00 00 00 00 00 00 00 00 00 00 00 00 00 00 00 00 00 00 00 00 00 00 00 00 00 00 00 00 00 00 00 00 00 00 00 00 00 00 00 00 00 00 00 00 00 00 00 43 79 25 32 13 e8 0a
[16:39:15.465] PACKET[COM9] state: status=0b0110111100000001, uptime=8158, orientation=[0.0, 0.0, 0.0, 0.0], position=[0.0, 0.0, 0.0], velocity=[0.0, 0.0, 0.0], latitude=0.0, longitude=0.0, gps_altitude=0.0, barometric_altitude=249.145294, witness_battery_voltage=5.096
[16:39:15.516] RX[COM9]  ff
[16:39:15.519] RX[COM9]  6e 01 00 00 1f df 0a
[16:39:15.520] PACKET[COM9] heartbeat: status=0b0110111000000001, uptime=8159
[16:39:16.217] RX[COM9]  01
[16:39:16.218] RX[COM9]  66 02 00 00 23 1c 00 01 ab 00 03 b8 ff 9c 7e ff e4 00 01 00 28 0a
[16:39:16.219] PACKET[COM9] sensors: status=0b0110011000000010, uptime=8988, filtered_accel=[0.01708, 0.03808, -1.01896], gyro=[-1.96, 0.07, 2.8]
[16:39:16.436] RX[COM9]  02
[16:39:16.438] RX[COM9]  66 02 00 00 23 c6 00 00 00 00 00 00 00 00 00 00 00 00 00 00 00 00 00 00 00 00 00 00 00 00 00 00 00 00 00 00 00 00 00 00 00 00 00 00 00 00 00 00 00 00 00 00 00 00 00 00 43 79 50 7c 13 e0 0a
[16:39:16.440] PACKET[COM9] state: status=0b0110011000000010, uptime=9158, orientation=[0.0, 0.0, 0.0, 0.0], position=[0.0, 0.0, 0.0], velocity=[0.0, 0.0, 0.0], latitude=0.0, longitude=0.0, gps_altitude=0.0, barometric_altitude=249.314392, witness_battery_voltage=5.088
[16:39:16.497] RX[COM9]  ff
[16:39:16.500] RX[COM9]  67 02 00 00 23 c7 0a
[16:39:16.502] PACKET[COM9] heartbeat: status=0b0110011100000010, uptime=9159
[16:39:17.203] RX[COM9]  01
[16:39:17.204] RX[COM9]  6f 02 00 00 27 04 00 01 b7 00 03 c4 ff 9c 5a ff d8 00 14 00 25 0a
[16:39:17.206] PACKET[COM9] sensors: status=0b0110111100000010, uptime=9988, filtered_accel=[0.01756, 0.03856, -1.0204], gyro=[-2.8, 1.4, 2.59]
[16:39:17.451] RX[COM9]  02
[16:39:17.452] RX[COM9]  6f 02 00 00 27 ae 00 00 00 00 00 00 00 00 00 00 00 00 00 00 00 00 00 00 00 00 00 00 00 00 00 00 00 00 00 00 00 00 00 00 00 00 00 00 00 00 00 00 00 00 00 00 00 00 00 00 43 79 0f 8d 13 ec 0a
[16:39:17.454] PACKET[COM9] state: status=0b0110111100000010, uptime=10158, orientation=[0.0, 0.0, 0.0, 0.0], position=[0.0, 0.0, 0.0], velocity=[0.0, 0.0, 0.0], latitude=0.0, longitude=0.0, gps_altitude=0.0, barometric_altitude=249.060745, witness_battery_voltage=5.1
[16:39:17.512] RX[COM9]  ff
[16:39:17.514] RX[COM9]  6e 02 00 00 27 af 0a
[16:39:17.516] PACKET[COM9] heartbeat: status=0b0110111000000010, uptime=10159
[16:39:18.224] RX[COM9]  01
[16:39:18.226] RX[COM9]  6e 02 00 00 2a ec 00 01 9f 00 03 b8 ff 9c 5a ff d7 00 13 00 25 0a
[16:39:18.228] PACKET[COM9] sensors: status=0b0110111000000010, uptime=10988, filtered_accel=[0.0166, 0.03808, -1.0204], gyro=[-2.87, 1.33, 2.59]
[16:39:18.446] RX[COM9]  02
[16:39:18.447] RX[COM9]  6e 02 00 00 2b 96 00 00 00 00 00 00 00 00 00 00 00 00 00 00 00 00 00 00 00 00 00 00 00 00 00 00 00 00 00 00 00 00 00 00 00 00 00 00 00 00 00 00 00 00 00 00 00 00 00 00 43 79 3a d7 13 f0 0a
[16:39:18.449] PACKET[COM9] state: status=0b0110111000000010, uptime=11158, orientation=[0.0, 0.0, 0.0, 0.0], position=[0.0, 0.0, 0.0], velocity=[0.0, 0.0, 0.0], latitude=0.0, longitude=0.0, gps_altitude=0.0, barometric_altitude=249.229843, witness_battery_voltage=5.104
[16:39:18.504] RX[COM9]  ff
[16:39:18.506] RX[COM9]  6f 02 00 00 2b 97 0a
[16:39:18.508] PACKET[COM9] heartbeat: status=0b0110111100000010, uptime=11159
[16:39:19.216] RX[COM9]  01
[16:39:19.217] RX[COM9]  67 02 00 00 2e d4 00 01 ab 00 03 b8 ff 9c 41 ff d7 00 14 00 25 0a
[16:39:19.218] PACKET[COM9] sensors: status=0b0110011100000010, uptime=11988, filtered_accel=[0.01708, 0.03808, -1.0214], gyro=[-2.87, 1.4, 2.59]
[16:39:19.434] RX[COM9]  02
[16:39:19.435] RX[COM9]  6f 02 00 00 2f 7e 00 00 00 00 00 00 00 00 00 00 00 00 00 00 00 00 00 00 00 00 00 00 00 00 00 00 00 00 00 00 00 00 00 00 00 00 00 00 00 00 00 00 00 00 00 00 00 00 00 00 43 79 50 7c 13 ec 0a
[16:39:19.436] PACKET[COM9] state: status=0b0110111100000010, uptime=12158, orientation=[0.0, 0.0, 0.0, 0.0], position=[0.0, 0.0, 0.0], velocity=[0.0, 0.0, 0.0], latitude=0.0, longitude=0.0, gps_altitude=0.0, barometric_altitude=249.314392, witness_battery_voltage=5.1
[16:39:19.492] RX[COM9]  ff
[16:39:19.494] RX[COM9]  6e 02 00 00 2f 7f 0a
[16:39:19.496] PACKET[COM9] heartbeat: status=0b0110111000000010, uptime=12159
[16:39:20.259] RX[COM9]  01
[16:39:20.260] RX[COM9]  6e 02 00 00 32 bc 00 01 ab 00 03 ab ff 9c 4e ff d7 00 14 00 25 0a
[16:39:20.262] PACKET[COM9] sensors: status=0b0110111000000010, uptime=12988, filtered_accel=[0.01708, 0.03756, -1.02088], gyro=[-2.87, 1.4, 2.59]
[16:39:20.446] RX[COM9]  02
[16:39:20.447] RX[COM9]  6e 02 00 00 33 66 00 00 00 00 00 00 00 00 00 00 00 00 00 00 00 00 00 00 00 00 00 00 00 00 00 00 00 00 00 00 00 00 00 00 00 00 00 00 00 00 00 00 00 00 00 00 00 00 00 00 43 79 50 7c 13 dc 0a
[16:39:20.449] PACKET[COM9] state: status=0b0110111000000010, uptime=13158, orientation=[0.0, 0.0, 0.0, 0.0], position=[0.0, 0.0, 0.0], velocity=[0.0, 0.0, 0.0], latitude=0.0, longitude=0.0, gps_altitude=0.0, barometric_altitude=249.314392, witness_battery_voltage=5.084
[16:39:20.509] RX[COM9]  ff
[16:39:20.511] RX[COM9]  6f 02 00 00 33 67 0a
[16:39:20.514] PACKET[COM9] heartbeat: status=0b0110111100000010, uptime=13159
[16:39:21.243] RX[COM9]  01
[16:39:21.244] RX[COM9]  67 02 00 00 36 a4 00 01 b7 00 03 ab ff 9c 4e ff d7 00 14 00 25 0a
[16:39:21.246] PACKET[COM9] sensors: status=0b0110011100000010, uptime=13988, filtered_accel=[0.01756, 0.03756, -1.02088], gyro=[-2.87, 1.4, 2.59]
[16:39:21.430] RX[COM9]  02
[16:39:21.432] RX[COM9]  67 02 00 00 37 4e 00 00 00 00 00 00 00 00 00 00 00 00 00 00 00 00 00 00 00 00 00 00 00 00 00 00 00 00 00 00 00 00 00 00 00 00 00 00 00 00 00 00 00 00 00 00 00 00 00 00 43 78 cd f0 13 e4 0a
[16:39:21.434] PACKET[COM9] state: status=0b0110011100000010, uptime=14158, orientation=[0.0, 0.0, 0.0, 0.0], position=[0.0, 0.0, 0.0], velocity=[0.0, 0.0, 0.0], latitude=0.0, longitude=0.0, gps_altitude=0.0, barometric_altitude=248.804443, witness_battery_voltage=5.092
[16:39:21.492] RX[COM9]  ff
[16:39:21.493] RX[COM9]  66 02 00 00 37 4f 0a
[16:39:21.495] PACKET[COM9] heartbeat: status=0b0110011000000010, uptime=14159
[16:39:22.210] RX[COM9]  01
[16:39:22.211] RX[COM9]  6e 02 00 00 3a 8c 00 01 ab 00 03 ab ff 9c 5a ff d8 00 14 00 25 0a
[16:39:22.214] PACKET[COM9] sensors: status=0b0110111000000010, uptime=14988, filtered_accel=[0.01708, 0.03756, -1.0204], gyro=[-2.8, 1.4, 2.59]
[16:39:22.423] RX[COM9]  02
[16:39:22.424] RX[COM9]  6e 02 00 00 3b 36 00 00 00 00 00 00 00 00 00 00 00 00 00 00 00 00 00 00 00 00 00 00 00 00 00 00 00 00 00 00 00 00 00 00 00 00 00 00 00 00 00 00 00 00 00 00 00 00 00 00 43 79 3a d7 13 d4 0a
[16:39:22.425] PACKET[COM9] state: status=0b0110111000000010, uptime=15158, orientation=[0.0, 0.0, 0.0, 0.0], position=[0.0, 0.0, 0.0], velocity=[0.0, 0.0, 0.0], latitude=0.0, longitude=0.0, gps_altitude=0.0, barometric_altitude=249.229843, witness_battery_voltage=5.076
[16:39:22.536] RX[COM9]  ff
[16:39:22.537] RX[COM9]  6f 02 00 00 3b 37 0a
[16:39:22.539] PACKET[COM9] heartbeat: status=0b0110111100000010, uptime=15159
[16:39:23.245] RX[COM9]  01
[16:39:23.246] RX[COM9]  67 02 00 00 3e 74 00 01 b7 00 03 b8 ff 9c 35 ff d8 00 14 00 25 0a
[16:39:23.249] PACKET[COM9] sensors: status=0b0110011100000010, uptime=15988, filtered_accel=[0.01756, 0.03808, -1.02188], gyro=[-2.8, 1.4, 2.59]
[16:39:23.468] RX[COM9]  02
[16:39:23.469] RX[COM9]  67 02 00 00 3f 1e 00 00 00 00 00 00 00 00 00 00 00 00 00 00 00 00 00 00 00 00 00 00 00 00 00 00 00 00 00 00 00 00 00 00 00 00 00 00 00 00 00 00 00 00 00 00 00 00 00 00 43 79 25 32 13 e8 0a
[16:39:23.471] PACKET[COM9] state: status=0b0110011100000010, uptime=16158, orientation=[0.0, 0.0, 0.0, 0.0], position=[0.0, 0.0, 0.0], velocity=[0.0, 0.0, 0.0], latitude=0.0, longitude=0.0, gps_altitude=0.0, barometric_altitude=249.145294, witness_battery_voltage=5.096
[16:39:23.526] RX[COM9]  ff
[16:39:23.527] RX[COM9]  66 02 00 00 3f 1f 0a
[16:39:23.528] PACKET[COM9] heartbeat: status=0b0110011000000010, uptime=16159
[16:39:23.542] TX[COM9] State: Landed:  05 00 00 00 00 00 00 73 04 0a
[16:39:23.588] RX[COM9]  05
[16:39:23.590] RX[COM9]  00 00 00 00 00 00 73 04 0a
[16:39:23.592] PACKET[COM9] command: status=0b0000000000000000, uptime=0, command_value=29444
[16:39:23.592] RX[COM9]  49
[16:39:23.593] BAD_PACKET[COM9] unknown packet ID 0x49; discarded 1 byte(s)
[16:39:23.594] RX[COM9]  20 28 36 32 32 31 31 29 20 61 70 65 72 74 75 72 65 3a 20 53 65 6e 64 69 6e 67 20 63 6f 6d 6d 61 6e 64 20 74 6f 20 57 69 74 6e 65 73 73 0d 0a
[16:39:23.594] BAD_PACKET[COM9] unknown packet ID 0x20; discarded 1 byte(s)
[16:39:23.595] BAD_PACKET[COM9] unknown packet ID 0x28; discarded 1 byte(s)
[16:39:23.596] BAD_PACKET[COM9] unknown packet ID 0x36; discarded 1 byte(s)
[16:39:23.596] BAD_PACKET[COM9] unknown packet ID 0x32; discarded 1 byte(s)
[16:39:23.596] BAD_PACKET[COM9] unknown packet ID 0x32; discarded 1 byte(s)
[16:39:23.597] BAD_PACKET[COM9] unknown packet ID 0x31; discarded 1 byte(s)
[16:39:23.597] BAD_PACKET[COM9] unknown packet ID 0x31; discarded 1 byte(s)
[16:39:23.598] BAD_PACKET[COM9] unknown packet ID 0x29; discarded 1 byte(s)
[16:39:23.599] BAD_PACKET[COM9] unknown packet ID 0x20; discarded 1 byte(s)
[16:39:23.599] BAD_PACKET[COM9] unknown packet ID 0x61; discarded 1 byte(s)
[16:39:23.600] BAD_PACKET[COM9] unknown packet ID 0x70; discarded 1 byte(s)
[16:39:23.600] BAD_PACKET[COM9] unknown packet ID 0x65; discarded 1 byte(s)
[16:39:23.600] BAD_PACKET[COM9] unknown packet ID 0x72; discarded 1 byte(s)
[16:39:23.601] BAD_PACKET[COM9] unknown packet ID 0x74; discarded 1 byte(s)
[16:39:23.601] BAD_PACKET[COM9] unknown packet ID 0x75; discarded 1 byte(s)
[16:39:23.602] BAD_PACKET[COM9] unknown packet ID 0x72; discarded 1 byte(s)
[16:39:23.602] BAD_PACKET[COM9] unknown packet ID 0x65; discarded 1 byte(s)
[16:39:23.603] BAD_PACKET[COM9] unknown packet ID 0x3a; discarded 1 byte(s)
[16:39:23.606] BAD_PACKET[COM9] unknown packet ID 0x20; discarded 1 byte(s)
[16:39:23.607] BAD_PACKET[COM9] unknown packet ID 0x53; discarded 1 byte(s)
[16:39:23.607] BAD_PACKET[COM9] unknown packet ID 0x65; discarded 1 byte(s)
[16:39:23.608] BAD_PACKET[COM9] unknown packet ID 0x6e; discarded 1 byte(s)
[16:39:23.608] BAD_PACKET[COM9] unknown packet ID 0x64; discarded 1 byte(s)
[16:39:23.608] BAD_PACKET[COM9] unknown packet ID 0x69; discarded 1 byte(s)
[16:39:23.609] BAD_PACKET[COM9] unknown packet ID 0x6e; discarded 1 byte(s)
[16:39:23.609] BAD_PACKET[COM9] unknown packet ID 0x67; discarded 1 byte(s)
[16:39:23.609] BAD_PACKET[COM9] unknown packet ID 0x20; discarded 1 byte(s)
[16:39:23.609] BAD_PACKET[COM9] unknown packet ID 0x63; discarded 1 byte(s)
[16:39:23.610] BAD_PACKET[COM9] unknown packet ID 0x6f; discarded 1 byte(s)
[16:39:23.610] BAD_PACKET[COM9] unknown packet ID 0x6d; discarded 1 byte(s)
[16:39:23.610] BAD_PACKET[COM9] unknown packet ID 0x6d; discarded 1 byte(s)
[16:39:23.611] BAD_PACKET[COM9] unknown packet ID 0x61; discarded 1 byte(s)
[16:39:23.611] BAD_PACKET[COM9] unknown packet ID 0x6e; discarded 1 byte(s)
[16:39:23.611] BAD_PACKET[COM9] unknown packet ID 0x64; discarded 1 byte(s)
[16:39:23.612] BAD_PACKET[COM9] unknown packet ID 0x20; discarded 1 byte(s)
[16:39:23.612] BAD_PACKET[COM9] unknown packet ID 0x74; discarded 1 byte(s)
[16:39:23.612] BAD_PACKET[COM9] unknown packet ID 0x6f; discarded 1 byte(s)
[16:39:23.613] BAD_PACKET[COM9] unknown packet ID 0x20; discarded 1 byte(s)
[16:39:23.613] BAD_PACKET[COM9] unknown packet ID 0x57; discarded 1 byte(s)
[16:39:23.613] BAD_PACKET[COM9] unknown packet ID 0x69; discarded 1 byte(s)
[16:39:23.614] BAD_PACKET[COM9] unknown packet ID 0x74; discarded 1 byte(s)
[16:39:23.614] BAD_PACKET[COM9] unknown packet ID 0x6e; discarded 1 byte(s)
[16:39:23.615] BAD_PACKET[COM9] unknown packet ID 0x65; discarded 1 byte(s)
[16:39:23.616] BAD_PACKET[COM9] unknown packet ID 0x73; discarded 1 byte(s)
[16:39:23.617] BAD_PACKET[COM9] unknown packet ID 0x73; discarded 1 byte(s)
[16:39:23.617] BAD_PACKET[COM9] unknown packet ID 0x0d; discarded 1 byte(s)
[16:39:23.618] BAD_PACKET[COM9] unknown packet ID 0x0a; discarded 1 byte(s)
[16:39:24.228] RX[COM9]  01
[16:39:24.230] RX[COM9]  6e 04 00 00 42 5c 00 01 b7 00 03 ab ff 9c 35 ff d8 00 14 00 25 0a
[16:39:24.232] PACKET[COM9] sensors: status=0b0110111000000100, uptime=16988, filtered_accel=[0.01756, 0.03756, -1.02188], gyro=[-2.8, 1.4, 2.59]
[16:39:24.480] RX[COM9]  02
[16:39:24.483] RX[COM9]  6e 04 00 00 43 06 00 00 00 00 00 00 00 00 00 00 00 00 00 00 00 00 00 00 00 00 00 00 00 00 00 00 00 00 00 00 00 00 00 00 00 00 00 00 00 00 00 00 00 00 00 00 00 00 00 00 43 79 25 32 13 f0 0a
[16:39:24.484] PACKET[COM9] state: status=0b0110111000000100, uptime=17158, orientation=[0.0, 0.0, 0.0, 0.0], position=[0.0, 0.0, 0.0], velocity=[0.0, 0.0, 0.0], latitude=0.0, longitude=0.0, gps_altitude=0.0, barometric_altitude=249.145294, witness_battery_voltage=5.104
[16:39:24.485] RX[COM9]  ff
[16:39:24.486] RX[COM9]  6f 04 00 00 43 07 0a
[16:39:24.487] PACKET[COM9] heartbeat: status=0b0110111100000100, uptime=17159
[16:39:25.246] RX[COM9]  01
[16:39:25.247] RX[COM9]  67 04 00 00 46 44 00 01 ab 00 03 b8 ff 9c 4e ff d8 00 13 00 25 0a
[16:39:25.251] PACKET[COM9] sensors: status=0b0110011100000100, uptime=17988, filtered_accel=[0.01708, 0.03808, -1.02088], gyro=[-2.8, 1.33, 2.59]
[16:39:25.478] RX[COM9]  02
[16:39:25.480] RX[COM9]  67 04 00 00 46 ee 00 00 00 00 00 00 00 00 00 00 00 00 00 00 00 00 00 00 00 00 00 00 00 00 00 00 00 00 00 00 00 00 00 00 00 00 00 00 00 00 00 00 00 00 00 00 00 00 00 00 43 79 0f 8d 13 f0 0a
[16:39:25.482] PACKET[COM9] state: status=0b0110011100000100, uptime=18158, orientation=[0.0, 0.0, 0.0, 0.0], position=[0.0, 0.0, 0.0], velocity=[0.0, 0.0, 0.0], latitude=0.0, longitude=0.0, gps_altitude=0.0, barometric_altitude=249.060745, witness_battery_voltage=5.104
[16:39:25.483] RX[COM9]  ff
[16:39:25.485] RX[COM9]  66 04 00 00 46 ef 0a
[16:39:25.486] PACKET[COM9] heartbeat: status=0b0110011000000100, uptime=18159
[16:39:26.240] RX[COM9]  01
[16:39:26.241] RX[COM9]  6e 04 00 00 4a 2c 00 01 93 00 03 c4 ff 9c 4e ff d7 00 13 00 26 0a
[16:39:26.243] PACKET[COM9] sensors: status=0b0110111000000100, uptime=18988, filtered_accel=[0.01612, 0.03856, -1.02088], gyro=[-2.87, 1.33, 2.66]
[16:39:26.447] RX[COM9]  02
[16:39:26.451] RX[COM9]  6e 04 00 00 4a d6 00 00 00 00 00 00 00 00 00 00 00 00 00 00 00 00 00 00 00 00 00 00 00 00 00 00 00 00 00 00 00 00 00 00 00 00 00 00 00 00 00 00 00 00 00 00 00 00 00 00 43 78 f9 3a 13 e8 0a
[16:39:26.453] PACKET[COM9] state: status=0b0110111000000100, uptime=19158, orientation=[0.0, 0.0, 0.0, 0.0], position=[0.0, 0.0, 0.0], velocity=[0.0, 0.0, 0.0], latitude=0.0, longitude=0.0, gps_altitude=0.0, barometric_altitude=248.973541, witness_battery_voltage=5.096
[16:39:26.506] RX[COM9]  ff
[16:39:26.508] RX[COM9]  6f 04 00 00 4a d7 0a
[16:39:26.509] PACKET[COM9] heartbeat: status=0b0110111100000100, uptime=19159
[16:39:27.279] RX[COM9]  01
[16:39:27.280] RX[COM9]  6f 04 00 00 4e 14 00 01 ab 00 03 b8 ff 9c 29 ff d7 00 14 00 26 0a
[16:39:27.283] PACKET[COM9] sensors: status=0b0110111100000100, uptime=19988, filtered_accel=[0.01708, 0.03808, -1.02236], gyro=[-2.87, 1.4, 2.66]
[16:39:27.440] RX[COM9]  02
[16:39:27.441] RX[COM9]  6f 04 00 00 4e be 00 00 00 00 00 00 00 00 00 00 00 00 00 00 00 00 00 00 00 00 00 00 00 00 00 00 00 00 00 00 00 00 00 00 00 00 00 00 00 00 00 00 00 00 00 00 00 00 00 00 43 79 0f 8d 13 e0 0a
[16:39:27.443] PACKET[COM9] state: status=0b0110111100000100, uptime=20158, orientation=[0.0, 0.0, 0.0, 0.0], position=[0.0, 0.0, 0.0], velocity=[0.0, 0.0, 0.0], latitude=0.0, longitude=0.0, gps_altitude=0.0, barometric_altitude=249.060745, witness_battery_voltage=5.088
[16:39:27.494] RX[COM9]  ff
[16:39:27.495] RX[COM9]  6e 04 00 00 4e bf 0a
[16:39:27.497] PACKET[COM9] heartbeat: status=0b0110111000000100, uptime=20159
[16:39:28.242] RX[COM9]  01
[16:39:28.244] RX[COM9]  66 04 00 00 51 fc 00 01 ab 00 03 c4 ff 9c 35 ff d7 00 14 00 25 0a
[16:39:28.245] PACKET[COM9] sensors: status=0b0110011000000100, uptime=20988, filtered_accel=[0.01708, 0.03856, -1.02188], gyro=[-2.87, 1.4, 2.59]
[16:39:28.464] RX[COM9]  02
[16:39:28.466] RX[COM9]  6e 04 00 00 52 a6 00 00 00 00 00 00 00 00 00 00 00 00 00 00 00 00 00 00 00 00 00 00 00 00 00 00 00 00 00 00 00 00 00 00 00 00 00 00 00 00 00 00 00 00 00 00 00 00 00 00 43 78 f9 3a 13 dc 0a
[16:39:28.468] PACKET[COM9] state: status=0b0110111000000100, uptime=21158, orientation=[0.0, 0.0, 0.0, 0.0], position=[0.0, 0.0, 0.0], velocity=[0.0, 0.0, 0.0], latitude=0.0, longitude=0.0, gps_altitude=0.0, barometric_altitude=248.973541, witness_battery_voltage=5.084
[16:39:28.530] RX[COM9]  ff
[16:39:28.535] RX[COM9]  6f 04 00 00 52 a7 0a
[16:39:28.537] PACKET[COM9] heartbeat: status=0b0110111100000100, uptime=21159
[16:39:29.225] RX[COM9]  01
[16:39:29.227] RX[COM9]  6f 04 00 00 55 e4 00 01 b7 00 03 ab ff 9c 41 ff d8 00 13 00 26 0a
[16:39:29.229] PACKET[COM9] sensors: status=0b0110111100000100, uptime=21988, filtered_accel=[0.01756, 0.03756, -1.0214], gyro=[-2.8, 1.33, 2.66]
[16:39:29.443] RX[COM9]  02
[16:39:29.444] RX[COM9]  6f 04 00 00 56 8e 00 00 00 00 00 00 00 00 00 00 00 00 00 00 00 00 00 00 00 00 00 00 00 00 00 00 00 00 00 00 00 00 00 00 00 00 00 00 00 00 00 00 00 00 00 00 00 00 00 00 43 79 0f 8d 13 e8 0a
[16:39:29.445] PACKET[COM9] state: status=0b0110111100000100, uptime=22158, orientation=[0.0, 0.0, 0.0, 0.0], position=[0.0, 0.0, 0.0], velocity=[0.0, 0.0, 0.0], latitude=0.0, longitude=0.0, gps_altitude=0.0, barometric_altitude=249.060745, witness_battery_voltage=5.096
[16:39:29.498] RX[COM9]  ff
[16:39:29.499] RX[COM9]  6e 04 00 00 56 8f 0a
[16:39:29.501] PACKET[COM9] heartbeat: status=0b0110111000000100, uptime=22159
[16:39:30.202] RX[COM9]  01
[16:39:30.204] RX[COM9]  66 04 00 00 59 cc 00 01 ab 00 03 b8 ff 9c 29 ff d9 00 14 00 25 0a
[16:39:30.205] PACKET[COM9] sensors: status=0b0110011000000100, uptime=22988, filtered_accel=[0.01708, 0.03808, -1.02236], gyro=[-2.73, 1.4, 2.59]
[16:39:30.421] RX[COM9]  02
[16:39:30.422] RX[COM9]  66 04 00 00 5a 76 00 00 00 00 00 00 00 00 00 00 00 00 00 00 00 00 00 00 00 00 00 00 00 00 00 00 00 00 00 00 00 00 00 00 00 00 00 00 00 00 00 00 00 00 00 00 00 00 00 00 43 79 0f 8d 13 d4 0a
[16:39:30.425] PACKET[COM9] state: status=0b0110011000000100, uptime=23158, orientation=[0.0, 0.0, 0.0, 0.0], position=[0.0, 0.0, 0.0], velocity=[0.0, 0.0, 0.0], latitude=0.0, longitude=0.0, gps_altitude=0.0, barometric_altitude=249.060745, witness_battery_voltage=5.076
[16:39:30.482] RX[COM9]  ff
[16:39:30.485] RX[COM9]  67 04 00 00 5a 77 0a
[16:39:30.487] PACKET[COM9] heartbeat: status=0b0110011100000100, uptime=23159
[16:39:33.288] RX[COM9]  01
[16:39:33.298] RX[COM9]  66 00 00 00 03 b4 00 01 b7 00 03 b8 ff 9c 35 ff d7 00 14 00 26 0a
[16:39:33.326] PACKET[COM9] sensors: status=0b0110011000000000, uptime=948, filtered_accel=[0.01756, 0.03808, -1.02188], gyro=[-2.87, 1.4, 2.66]
[16:39:33.331] RX[COM9]  02
[16:39:33.345] RX[COM9]  6e 00 00 00 04 7c 00 00 00 00 00 00 00 00 00 00 00 00 00 00 00 00 00 00 00 00 00 00 00 00 00 00 00 00 00 00 00 00 00 00 00 00 00 00 00 00 00 00 00 00 00 00 00 00 00 00 43 79 66 cf 13 d4 0a
[16:39:33.365] PACKET[COM9] state: status=0b0110111000000000, uptime=1148, orientation=[0.0, 0.0, 0.0, 0.0], position=[0.0, 0.0, 0.0], velocity=[0.0, 0.0, 0.0], latitude=0.0, longitude=0.0, gps_altitude=0.0, barometric_altitude=249.401596, witness_battery_voltage=5.076
[16:39:33.389] RX[COM9]  ff
[16:39:33.410] RX[COM9]  6f 00 00 00 04 7c 0a
[16:39:33.448] PACKET[COM9] heartbeat: status=0b0110111100000000, uptime=1148
[16:39:34.062] RX[COM9]  01
[16:39:34.064] RX[COM9]  6f 00 00 00 07 ba 00 01 b7 00 03 b8 ff 9c 35 ff d7 00 14 00 27 0a
[16:39:34.067] PACKET[COM9] sensors: status=0b0110111100000000, uptime=1978, filtered_accel=[0.01756, 0.03808, -1.02188], gyro=[-2.87, 1.4, 2.73]
[16:39:34.275] RX[COM9]  02
[16:39:34.275] RX[COM9]  67 00 00 00 08 64 00 00 00 00 00 00 00 00 00 00 00 00 00 00 00 00 00 00 00 00 00 00 00 00 00 00 00 00 00 00 00 00 00 00 00 00 00 00 00 00 00 00 00 00 00 00 00 00 00 00 43 79 25 32 13 e4 0a
[16:39:34.280] PACKET[COM9] state: status=0b0110011100000000, uptime=2148, orientation=[0.0, 0.0, 0.0, 0.0], position=[0.0, 0.0, 0.0], velocity=[0.0, 0.0, 0.0], latitude=0.0, longitude=0.0, gps_altitude=0.0, barometric_altitude=249.145294, witness_battery_voltage=5.092
[16:39:34.334] RX[COM9]  ff
[16:39:34.336] RX[COM9]  66 00 00 00 08 65 0a
[16:39:34.343] PACKET[COM9] heartbeat: status=0b0110011000000000, uptime=2149
[16:39:35.064] RX[COM9]  01
[16:39:35.066] RX[COM9]  66 00 00 00 0b a2 00 01 ab 00 03 ab ff 9c 72 ff d7 00 14 00 26 0a
[16:39:35.068] PACKET[COM9] sensors: status=0b0110011000000000, uptime=2978, filtered_accel=[0.01708, 0.03756, -1.01944], gyro=[-2.87, 1.4, 2.66]
[16:39:35.289] RX[COM9]  02
[16:39:35.290] RX[COM9]  6e 00 00 00 0c 4c 00 00 00 00 00 00 00 00 00 00 00 00 00 00 00 00 00 00 00 00 00 00 00 00 00 00 00 00 00 00 00 00 00 00 00 00 00 00 00 00 00 00 00 00 00 00 00 00 00 00 43 79 50 7c 13 d4 0a
[16:39:35.296] PACKET[COM9] state: status=0b0110111000000000, uptime=3148, orientation=[0.0, 0.0, 0.0, 0.0], position=[0.0, 0.0, 0.0], velocity=[0.0, 0.0, 0.0], latitude=0.0, longitude=0.0, gps_altitude=0.0, barometric_altitude=249.314392, witness_battery_voltage=5.076
[16:39:35.347] RX[COM9]  ff
[16:39:35.349] RX[COM9]  6f 00 00 00 0c 4c 0a
[16:39:35.351] PACKET[COM9] heartbeat: status=0b0110111100000000, uptime=3148
[16:39:36.090] RX[COM9]  01
[16:39:36.091] RX[COM9]  6f 00 00 00 0f 8a 00 01 c3 00 03 d0 ff 9c 29 ff d7 00 15 00 26 0a
[16:39:36.093] PACKET[COM9] sensors: status=0b0110111100000000, uptime=3978, filtered_accel=[0.01804, 0.03904, -1.02236], gyro=[-2.87, 1.47, 2.66]
[16:39:36.320] RX[COM9]  02
[16:39:36.322] RX[COM9]  6f 00 00 00 10 34 00 00 00 00 00 00 00 00 00 00 00 00 00 00 00 00 00 00 00 00 00 00 00 00 00 00 00 00 00 00 00 00 00 00 00 00 00 00 00 00 00 00 00 00 00 00 00 00 00 00 43 79 3a d7 13 d4 0a
[16:39:36.324] PACKET[COM9] state: status=0b0110111100000000, uptime=4148, orientation=[0.0, 0.0, 0.0, 0.0], position=[0.0, 0.0, 0.0], velocity=[0.0, 0.0, 0.0], latitude=0.0, longitude=0.0, gps_altitude=0.0, barometric_altitude=249.229843, witness_battery_voltage=5.076
[16:39:36.325] RX[COM9]  ff
[16:39:36.326] RX[COM9]  6e 00 00 00 10 34 0a
[16:39:36.327] PACKET[COM9] heartbeat: status=0b0110111000000000, uptime=4148
[16:40:27.866] RX[COM9]  01
[16:40:27.879] RX[COM9]  66 00 00 00 03 a0 00 01 93 00 03 e8 ff 9c 41 ff d7 00 14 00 25 0a
[16:40:27.907] PACKET[COM9] sensors: status=0b0110011000000000, uptime=928, filtered_accel=[0.01612, 0.04, -1.0214], gyro=[-2.87, 1.4, 2.59]
[16:40:27.917] RX[COM9]  02
[16:40:27.934] RX[COM9]  6e 00 00 00 04 68 00 00 00 00 00 00 00 00 00 00 00 00 00 00 00 00 00 00 00 00 00 00 00 00 00 00 00 00 00 00 00 00 00 00 00 00 00 00 00 00 00 00 00 00 00 00 00 00 00 00 43 79 92 19 13 dc 0a
[16:40:27.966] PACKET[COM9] state: status=0b0110111000000000, uptime=1128, orientation=[0.0, 0.0, 0.0, 0.0], position=[0.0, 0.0, 0.0], velocity=[0.0, 0.0, 0.0], latitude=0.0, longitude=0.0, gps_altitude=0.0, barometric_altitude=249.570694, witness_battery_voltage=5.084
[16:40:27.978] RX[COM9]  ff
[16:40:27.991] RX[COM9]  6f 00 00 00 04 68 0a
[16:40:28.016] PACKET[COM9] heartbeat: status=0b0110111100000000, uptime=1128
[16:40:28.674] RX[COM9]  01
[16:40:28.677] RX[COM9]  6f 00 00 00 07 a6 00 01 b7 00 03 9f ff 9c 41 ff d8 00 13 00 26 0a
[16:40:28.679] PACKET[COM9] sensors: status=0b0110111100000000, uptime=1958, filtered_accel=[0.01756, 0.03708, -1.0214], gyro=[-2.8, 1.33, 2.66]
[16:40:28.863] RX[COM9]  02
[16:40:28.867] RX[COM9]  67 00 00 00 08 50 00 00 00 00 00 00 00 00 00 00 00 00 00 00 00 00 00 00 00 00 00 00 00 00 00 00 00 00 00 00 00 00 00 00 00 00 00 00 00 00 00 00 00 00 00 00 00 00 00 00 43 79 66 cf 13 ec 0a
[16:40:28.869] PACKET[COM9] state: status=0b0110011100000000, uptime=2128, orientation=[0.0, 0.0, 0.0, 0.0], position=[0.0, 0.0, 0.0], velocity=[0.0, 0.0, 0.0], latitude=0.0, longitude=0.0, gps_altitude=0.0, barometric_altitude=249.401596, witness_battery_voltage=5.1
[16:40:28.925] RX[COM9]  ff
[16:40:28.926] RX[COM9]  66 00 00 00 08 51 0a
[16:40:28.930] PACKET[COM9] heartbeat: status=0b0110011000000000, uptime=2129
[16:40:29.682] RX[COM9]  01
[16:40:29.684] RX[COM9]  66 00 00 00 0b 8e 00 01 ab 00 03 b8 ff 9c 66 ff d7 00 14 00 25 0a
[16:40:29.686] PACKET[COM9] sensors: status=0b0110011000000000, uptime=2958, filtered_accel=[0.01708, 0.03808, -1.01992], gyro=[-2.87, 1.4, 2.59]
[16:40:29.850] RX[COM9]  02
[16:40:29.852] RX[COM9]  6e 00 00 00 0c 38 00 00 00 00 00 00 00 00 00 00 00 00 00 00 00 00 00 00 00 00 00 00 00 00 00 00 00 00 00 00 00 00 00 00 00 00 00 00 00 00 00 00 00 00 00 00 00 00 00 00 43 79 7c 74 13 ec 0a
[16:40:29.857] PACKET[COM9] state: status=0b0110111000000000, uptime=3128, orientation=[0.0, 0.0, 0.0, 0.0], position=[0.0, 0.0, 0.0], velocity=[0.0, 0.0, 0.0], latitude=0.0, longitude=0.0, gps_altitude=0.0, barometric_altitude=249.486145, witness_battery_voltage=5.1
[16:40:29.912] RX[COM9]  ff
[16:40:29.919] RX[COM9]  6f 00 00 00 0c 38 0a
[16:40:29.921] PACKET[COM9] heartbeat: status=0b0110111100000000, uptime=3128
[16:40:30.663] RX[COM9]  01
[16:40:30.663] RX[COM9]  6f 00 00 00 0f 76 00 01 9f 00 03 b8 ff 9b e0 ff d8 00 15 00 26 0a
[16:40:30.664] PACKET[COM9] sensors: status=0b0110111100000000, uptime=3958, filtered_accel=[0.0166, 0.03808, -1.02528], gyro=[-2.8, 1.47, 2.66]
[16:40:30.834] RX[COM9]  02
[16:40:30.840] RX[COM9]  6f 00 00 00 10 20 00 00 00 00 00 00 00 00 00 00 00 00 00 00 00 00 00 00 00 00 00 00 00 00 00 00 00 00 00 00 00 00 00 00 00 00 00 00 00 00 00 00 00 00 00 00 00 00 00 00 43 79 92 19 13 d4 0a
[16:40:30.848] PACKET[COM9] state: status=0b0110111100000000, uptime=4128, orientation=[0.0, 0.0, 0.0, 0.0], position=[0.0, 0.0, 0.0], velocity=[0.0, 0.0, 0.0], latitude=0.0, longitude=0.0, gps_altitude=0.0, barometric_altitude=249.570694, witness_battery_voltage=5.076
[16:40:30.907] RX[COM9]  ff
[16:40:30.908] RX[COM9]  6e 00 00 00 10 20 0a
[16:40:30.910] PACKET[COM9] heartbeat: status=0b0110111000000000, uptime=4128
[16:40:31.692] RX[COM9]  01
[16:40:31.694] RX[COM9]  66 00 00 00 13 5e 00 01 b7 00 03 c4 ff 9c 41 ff d7 00 14 00 25 0a
[16:40:31.696] PACKET[COM9] sensors: status=0b0110011000000000, uptime=4958, filtered_accel=[0.01756, 0.03856, -1.0214], gyro=[-2.87, 1.4, 2.59]
[16:40:31.856] RX[COM9]  02
[16:40:31.861] RX[COM9]  66 00 00 00 14 08 00 00 00 00 00 00 00 00 00 00 00 00 00 00 00 00 00 00 00 00 00 00 00 00 00 00 00 00 00 00 00 00 00 00 00 00 00 00 00 00 00 00 00 00 00 00 00 00 00 00 43 79 92 19 13 ec 0a
[16:40:31.868] PACKET[COM9] state: status=0b0110011000000000, uptime=5128, orientation=[0.0, 0.0, 0.0, 0.0], position=[0.0, 0.0, 0.0], velocity=[0.0, 0.0, 0.0], latitude=0.0, longitude=0.0, gps_altitude=0.0, barometric_altitude=249.570694, witness_battery_voltage=5.1
[16:40:31.926] RX[COM9]  ff
[16:40:31.927] RX[COM9]  67 00 00 00 14 08 0a
[16:40:31.928] PACKET[COM9] heartbeat: status=0b0110011100000000, uptime=5128
[16:40:32.040] RX[COM9]  05
[16:40:32.046] RX[COM9]  68 69
[16:40:32.692] RX[COM9]  01
[16:40:32.699] RX[COM9]  6f 00 00 00 17 46 00 01 d0 00 03 d0 ff 9c 8b ff d6 00 16 00 28 0a
[16:40:32.700] BAD_PACKET[COM9] bad EOF for 0x05: expected 0x0a, got 0x46; resync=discard 1 byte
[16:40:32.877] RX[COM9]  02
[16:40:32.878] RX[COM9]  6f 00 00 00 17 f0 00 00 00 00 00 00 00 00 00 00 00 00 00 00 00 00 00 00 00 00 00 00 00 00 00 00 00 00 00 00 00 00 00 00 00 00 00 00 00 00 00 00 00 00 00 00 00 00 00 00 43 7a d9 7d 13 b8 0a
[16:40:32.878] BAD_PACKET[COM9] bad EOF for 0x01: expected 0x0a, got 0x00; resync=discard 1 byte
[16:40:32.881] BAD_PACKET[COM9] unknown packet ID 0x00; discarded 1 byte(s)
[16:40:32.883] BAD_PACKET[COM9] unknown packet ID 0x00; discarded 1 byte(s)
[16:40:32.884] BAD_PACKET[COM9] unknown packet ID 0x00; discarded 1 byte(s)
[16:40:32.884] BAD_PACKET[COM9] unknown packet ID 0x00; discarded 1 byte(s)
[16:40:32.885] BAD_PACKET[COM9] unknown packet ID 0x00; discarded 1 byte(s)
[16:40:32.885] BAD_PACKET[COM9] unknown packet ID 0x00; discarded 1 byte(s)
[16:40:32.885] BAD_PACKET[COM9] unknown packet ID 0x00; discarded 1 byte(s)
[16:40:32.888] BAD_PACKET[COM9] unknown packet ID 0x00; discarded 1 byte(s)
[16:40:32.889] BAD_PACKET[COM9] unknown packet ID 0x00; discarded 1 byte(s)
[16:40:32.889] BAD_PACKET[COM9] unknown packet ID 0x00; discarded 1 byte(s)
[16:40:32.889] BAD_PACKET[COM9] unknown packet ID 0x00; discarded 1 byte(s)
[16:40:32.890] BAD_PACKET[COM9] unknown packet ID 0x00; discarded 1 byte(s)
[16:40:32.891] BAD_PACKET[COM9] unknown packet ID 0x00; discarded 1 byte(s)
[16:40:32.891] BAD_PACKET[COM9] unknown packet ID 0x00; discarded 1 byte(s)
[16:40:32.891] BAD_PACKET[COM9] unknown packet ID 0x00; discarded 1 byte(s)
[16:40:32.892] BAD_PACKET[COM9] unknown packet ID 0x00; discarded 1 byte(s)
[16:40:32.893] BAD_PACKET[COM9] unknown packet ID 0x00; discarded 1 byte(s)
[16:40:32.895] BAD_PACKET[COM9] unknown packet ID 0x00; discarded 1 byte(s)
[16:40:32.896] BAD_PACKET[COM9] unknown packet ID 0x00; discarded 1 byte(s)
[16:40:32.896] BAD_PACKET[COM9] unknown packet ID 0x00; discarded 1 byte(s)
[16:40:32.896] BAD_PACKET[COM9] unknown packet ID 0x00; discarded 1 byte(s)
[16:40:32.897] BAD_PACKET[COM9] unknown packet ID 0x00; discarded 1 byte(s)
[16:40:32.897] BAD_PACKET[COM9] unknown packet ID 0x00; discarded 1 byte(s)
[16:40:32.898] BAD_PACKET[COM9] unknown packet ID 0x00; discarded 1 byte(s)
[16:40:32.898] BAD_PACKET[COM9] unknown packet ID 0x00; discarded 1 byte(s)
[16:40:32.899] BAD_PACKET[COM9] unknown packet ID 0x00; discarded 1 byte(s)
[16:40:32.902] BAD_PACKET[COM9] unknown packet ID 0x00; discarded 1 byte(s)
[16:40:32.902] BAD_PACKET[COM9] unknown packet ID 0x00; discarded 1 byte(s)
[16:40:32.903] BAD_PACKET[COM9] unknown packet ID 0x00; discarded 1 byte(s)
[16:40:32.903] BAD_PACKET[COM9] unknown packet ID 0x00; discarded 1 byte(s)
[16:40:32.903] BAD_PACKET[COM9] unknown packet ID 0x00; discarded 1 byte(s)
[16:40:32.904] BAD_PACKET[COM9] unknown packet ID 0x00; discarded 1 byte(s)
[16:40:32.904] BAD_PACKET[COM9] unknown packet ID 0x00; discarded 1 byte(s)
[16:40:32.904] BAD_PACKET[COM9] unknown packet ID 0x00; discarded 1 byte(s)
[16:40:32.905] BAD_PACKET[COM9] unknown packet ID 0x00; discarded 1 byte(s)
[16:40:32.905] BAD_PACKET[COM9] unknown packet ID 0x00; discarded 1 byte(s)
[16:40:32.905] BAD_PACKET[COM9] unknown packet ID 0x00; discarded 1 byte(s)
[16:40:32.905] BAD_PACKET[COM9] unknown packet ID 0x00; discarded 1 byte(s)
[16:40:32.906] BAD_PACKET[COM9] unknown packet ID 0x00; discarded 1 byte(s)
[16:40:32.906] BAD_PACKET[COM9] unknown packet ID 0x00; discarded 1 byte(s)
[16:40:32.906] BAD_PACKET[COM9] unknown packet ID 0x00; discarded 1 byte(s)
[16:40:32.909] BAD_PACKET[COM9] unknown packet ID 0x00; discarded 1 byte(s)
[16:40:32.912] BAD_PACKET[COM9] unknown packet ID 0x00; discarded 1 byte(s)
[16:40:32.913] BAD_PACKET[COM9] unknown packet ID 0x00; discarded 1 byte(s)
[16:40:32.913] BAD_PACKET[COM9] unknown packet ID 0x00; discarded 1 byte(s)
[16:40:32.914] BAD_PACKET[COM9] unknown packet ID 0x00; discarded 1 byte(s)
[16:40:32.915] BAD_PACKET[COM9] unknown packet ID 0x43; discarded 1 byte(s)
[16:40:32.916] BAD_PACKET[COM9] unknown packet ID 0x7a; discarded 1 byte(s)
[16:40:32.918] BAD_PACKET[COM9] unknown packet ID 0xd9; discarded 1 byte(s)
[16:40:32.918] BAD_PACKET[COM9] unknown packet ID 0x7d; discarded 1 byte(s)
[16:40:32.918] BAD_PACKET[COM9] unknown packet ID 0x13; discarded 1 byte(s)
[16:40:32.919] BAD_PACKET[COM9] unknown packet ID 0xb8; discarded 1 byte(s)
[16:40:32.919] BAD_PACKET[COM9] unknown packet ID 0x0a; discarded 1 byte(s)
[16:40:32.919] RX[COM9]  ff
[16:40:32.920] RX[COM9]  6e 00 00 00 17 f0 0a
[16:40:32.921] PACKET[COM9] heartbeat: status=0b0110111000000000, uptime=6128
[16:40:33.696] RX[COM9]  01
[16:40:33.698] RX[COM9]  66 00 00 00 1b 2e 00 01 ab 00 03 ab ff 9c 72 ff d5 00 16 00 27 0a
[16:40:33.702] PACKET[COM9] sensors: status=0b0110011000000000, uptime=6958, filtered_accel=[0.01708, 0.03756, -1.01944], gyro=[-3.01, 1.54, 2.73]
[16:40:33.884] RX[COM9]  02
[16:40:33.886] RX[COM9]  66 00 00 00 1b d8 00 00 00 00 00 00 00 00 00 00 00 00 00 00 00 00 00 00 00 00 00 00 00 00 00 00 00 00 00 00 00 00 00 00 00 00 00 00 00 00 00 00 00 00 00 00 00 00 00 00 43 7a d9 7d 13 bc 0a
[16:40:33.903] PACKET[COM9] state: status=0b0110011000000000, uptime=7128, orientation=[0.0, 0.0, 0.0, 0.0], position=[0.0, 0.0, 0.0], velocity=[0.0, 0.0, 0.0], latitude=0.0, longitude=0.0, gps_altitude=0.0, barometric_altitude=250.849564, witness_battery_voltage=5.052
[16:40:33.908] RX[COM9]  ff
[16:40:33.910] RX[COM9]  67 00 00 00 1b d8 0a
[16:40:33.913] PACKET[COM9] heartbeat: status=0b0110011100000000, uptime=7128
[16:40:34.688] RX[COM9]  01
[16:40:34.692] RX[COM9]  6f 00 00 00 1f 16 00 01 9f 00 03 c4 ff 9c 4e ff d5 00 16 00 28 0a
[16:40:34.694] PACKET[COM9] sensors: status=0b0110111100000000, uptime=7958, filtered_accel=[0.0166, 0.03856, -1.02088], gyro=[-3.01, 1.54, 2.8]
[16:40:34.861] RX[COM9]  02
[16:40:34.866] RX[COM9]  6f 00 00 00 1f c0 00 00 00 00 00 00 00 00 00 00 00 00 00 00 00 00 00 00 00 00 00 00 00 00 00 00 00 00 00 00 00 00 00 00 00 00 00 00 00 00 00 00 00 00 00 00 00 00 00 00 43 7b 05 74 13 c4 0a
[16:40:34.869] PACKET[COM9] state: status=0b0110111100000000, uptime=8128, orientation=[0.0, 0.0, 0.0, 0.0], position=[0.0, 0.0, 0.0], velocity=[0.0, 0.0, 0.0], latitude=0.0, longitude=0.0, gps_altitude=0.0, barometric_altitude=251.021301, witness_battery_voltage=5.06
[16:40:34.920] RX[COM9]  ff
[16:40:34.923] RX[COM9]  6e 00 00 00 1f c0 0a
[16:40:34.925] PACKET[COM9] heartbeat: status=0b0110111000000000, uptime=8128
[16:40:35.665] RX[COM9]  01
[16:40:35.672] RX[COM9]  66 00 00 00 22 fe 00 01 ab 00 03 ab ff 9c 41 ff d6 00 14 00 25 0a
[16:40:35.675] PACKET[COM9] sensors: status=0b0110011000000000, uptime=8958, filtered_accel=[0.01708, 0.03756, -1.0214], gyro=[-2.94, 1.4, 2.59]
[16:40:35.836] RX[COM9]  02
[16:40:35.839] RX[COM9]  66 00 00 00 23 a8 00 00 00 00 00 00 00 00 00 00 00 00 00 00 00 00 00 00 00 00 00 00 00 00 00 00 00 00 00 00 00 00 00 00 00 00 00 00 00 00 00 00 00 00 00 00 00 00 00 00 43 79 a7 be 13 e0 0a
[16:40:35.847] PACKET[COM9] state: status=0b0110011000000000, uptime=9128, orientation=[0.0, 0.0, 0.0, 0.0], position=[0.0, 0.0, 0.0], velocity=[0.0, 0.0, 0.0], latitude=0.0, longitude=0.0, gps_altitude=0.0, barometric_altitude=249.655243, witness_battery_voltage=5.088
[16:40:35.914] RX[COM9]  ff
[16:40:35.918] RX[COM9]  67 00 00 00 23 a8 0a
[16:40:35.922] PACKET[COM9] heartbeat: status=0b0110011100000000, uptime=9128
[16:40:36.661] RX[COM9]  01
[16:40:36.663] RX[COM9]  6f 00 00 00 26 e6 00 01 9f 00 03 ab ff 9c 35 ff d6 00 15 00 26 0a
[16:40:36.665] PACKET[COM9] sensors: status=0b0110111100000000, uptime=9958, filtered_accel=[0.0166, 0.03756, -1.02188], gyro=[-2.94, 1.47, 2.66]
[16:40:36.886] RX[COM9]  02
[16:40:36.888] RX[COM9]  6f 00 00 00 27 90 00 00 00 00 00 00 00 00 00 00 00 00 00 00 00 00 00 00 00 00 00 00 00 00 00 00 00 00 00 00 00 00 00 00 00 00 00 00 00 00 00 00 00 00 00 00 00 00 00 00 43 79 7c 74 13 ec 0a
[16:40:36.890] PACKET[COM9] state: status=0b0110111100000000, uptime=10128, orientation=[0.0, 0.0, 0.0, 0.0], position=[0.0, 0.0, 0.0], velocity=[0.0, 0.0, 0.0], latitude=0.0, longitude=0.0, gps_altitude=0.0, barometric_altitude=249.486145, witness_battery_voltage=5.1
[16:40:36.892] RX[COM9]  ff
[16:40:36.894] RX[COM9]  6e 00 00 00 27 90 0a
[16:40:36.896] PACKET[COM9] heartbeat: status=0b0110111000000000, uptime=10128
[16:40:37.648] RX[COM9]  01
[16:40:37.649] RX[COM9]  6e 00 00 00 2a ce 00 01 b7 00 03 93 ff 9b ec ff d7 00 14 00 26 0a
[16:40:37.653] PACKET[COM9] sensors: status=0b0110111000000000, uptime=10958, filtered_accel=[0.01756, 0.0366, -1.0248], gyro=[-2.87, 1.4, 2.66]
[16:40:37.868] RX[COM9]  02
[16:40:37.876] RX[COM9]  66 00 00 00 2b 78 00 00 00 00 00 00 00 00 00 00 00 00 00 00 00 00 00 00 00 00 00 00 00 00 00 00 00 00 00 00 00 00 00 00 00 00 00 00 00 00 00 00 00 00 00 00 00 00 00 00 43 79 a7 be 13 dc 0a
[16:40:37.891] PACKET[COM9] state: status=0b0110011000000000, uptime=11128, orientation=[0.0, 0.0, 0.0, 0.0], position=[0.0, 0.0, 0.0], velocity=[0.0, 0.0, 0.0], latitude=0.0, longitude=0.0, gps_altitude=0.0, barometric_altitude=249.655243, witness_battery_voltage=5.084
[16:40:37.895] RX[COM9]  ff
[16:40:37.903] RX[COM9]  67 00 00 00 2b 78 0a
[16:40:37.906] PACKET[COM9] heartbeat: status=0b0110011100000000, uptime=11128
[16:40:38.651] RX[COM9]  01
[16:40:38.653] RX[COM9]  67 00 00 00 2e b6 00 01 c3 00 03 93 ff 9c 41 ff d6 00 15 00 25 0a
[16:40:38.656] PACKET[COM9] sensors: status=0b0110011100000000, uptime=11958, filtered_accel=[0.01804, 0.0366, -1.0214], gyro=[-2.94, 1.47, 2.59]
[16:40:38.884] RX[COM9]  02
[16:40:38.888] RX[COM9]  6f 00 00 00 2f 60 00 00 00 00 00 00 00 00 00 00 00 00 00 00 00 00 00 00 00 00 00 00 00 00 00 00 00 00 00 00 00 00 00 00 00 00 00 00 00 00 00 00 00 00 00 00 00 00 00 00 43 79 a7 be 13 f0 0a
[16:40:38.891] PACKET[COM9] state: status=0b0110111100000000, uptime=12128, orientation=[0.0, 0.0, 0.0, 0.0], position=[0.0, 0.0, 0.0], velocity=[0.0, 0.0, 0.0], latitude=0.0, longitude=0.0, gps_altitude=0.0, barometric_altitude=249.655243, witness_battery_voltage=5.104
[16:40:38.892] RX[COM9]  ff
[16:40:38.894] RX[COM9]  6e 00 00 00 2f 60 0a
[16:40:38.897] PACKET[COM9] heartbeat: status=0b0110111000000000, uptime=12128
[16:40:39.682] RX[COM9]  01
[16:40:39.685] RX[COM9]  6e 00 00 00 32 9e 00 01 9f 00 03 c4 ff 9c 4e ff d6 00 14 00 26 0a
[16:40:39.687] PACKET[COM9] sensors: status=0b0110111000000000, uptime=12958, filtered_accel=[0.0166, 0.03856, -1.02088], gyro=[-2.94, 1.4, 2.66]
[16:40:39.869] RX[COM9]  02
[16:40:39.880] RX[COM9]  6e 00 00 00 33 48 00 00 00 00 00 00 00 00 00 00 00 00 00 00 00 00 00 00 00 00 00 00 00 00 00 00 00 00 00 00 00 00 00 00 00 00 00 00 00 00 00 00 00 00 00 00 00 00 00 00 43 79 7c 74 13 e8 0a
[16:40:39.893] PACKET[COM9] state: status=0b0110111000000000, uptime=13128, orientation=[0.0, 0.0, 0.0, 0.0], position=[0.0, 0.0, 0.0], velocity=[0.0, 0.0, 0.0], latitude=0.0, longitude=0.0, gps_altitude=0.0, barometric_altitude=249.486145, witness_battery_voltage=5.096
[16:40:39.898] RX[COM9]  ff
[16:40:39.904] RX[COM9]  6f 00 00 00 33 48 0a
[16:40:39.906] PACKET[COM9] heartbeat: status=0b0110111100000000, uptime=13128
[16:40:40.688] RX[COM9]  01
[16:40:40.689] RX[COM9]  67 00 00 00 36 86 00 01 b7 00 03 9f ff 9c 1d ff d6 00 14 00 26 0a
[16:40:40.691] PACKET[COM9] sensors: status=0b0110011100000000, uptime=13958, filtered_accel=[0.01756, 0.03708, -1.02284], gyro=[-2.94, 1.4, 2.66]
[16:40:40.865] RX[COM9]  02
[16:40:40.871] RX[COM9]  67 00 00 00 37 30 00 00 00 00 00 00 00 00 00 00 00 00 00 00 00 00 00 00 00 00 00 00 00 00 00 00 00 00 00 00 00 00 00 00 00 00 00 00 00 00 00 00 00 00 00 00 00 00 00 00 43 79 e9 5b 13 dc 0a
[16:40:40.873] PACKET[COM9] state: status=0b0110011100000000, uptime=14128, orientation=[0.0, 0.0, 0.0, 0.0], position=[0.0, 0.0, 0.0], velocity=[0.0, 0.0, 0.0], latitude=0.0, longitude=0.0, gps_altitude=0.0, barometric_altitude=249.911545, witness_battery_voltage=5.084
[16:40:40.934] RX[COM9]  ff
[16:40:40.936] RX[COM9]  66 00 00 00 37 30 0a
[16:40:40.939] PACKET[COM9] heartbeat: status=0b0110011000000000, uptime=14128
[16:40:41.673] RX[COM9]  01
[16:40:41.675] RX[COM9]  6e 00 00 00 3a 6e 00 01 b7 00 03 b8 ff 9c 35 ff d6 00 15 00 26 0a
[16:40:41.677] PACKET[COM9] sensors: status=0b0110111000000000, uptime=14958, filtered_accel=[0.01756, 0.03808, -1.02188], gyro=[-2.94, 1.47, 2.66]
[16:40:41.844] RX[COM9]  02
[16:40:41.858] RX[COM9]  6e 00 00 00 3b 18 00 00 00 00 00 00 00 00 00 00 00 00 00 00 00 00 00 00 00 00 00 00 00 00 00 00 00 00 00 00 00 00 00 00 00 00 00 00 00 00 00 00 00 00 00 00 00 00 00 00 43 79 92 19 13 ec 0a
[16:40:41.868] PACKET[COM9] state: status=0b0110111000000000, uptime=15128, orientation=[0.0, 0.0, 0.0, 0.0], position=[0.0, 0.0, 0.0], velocity=[0.0, 0.0, 0.0], latitude=0.0, longitude=0.0, gps_altitude=0.0, barometric_altitude=249.570694, witness_battery_voltage=5.1
[16:40:41.969] RX[COM9]  ff
[16:40:41.970] RX[COM9]  6f 00 00 00 3b 18 0a
[16:40:41.977] PACKET[COM9] heartbeat: status=0b0110111100000000, uptime=15128
[16:40:42.688] RX[COM9]  01
[16:40:42.697] RX[COM9]  67 00 00 00 3e 56 00 01 ab 00 03 93 ff 9c 29 ff d6 00 14 00 27 0a
[16:40:42.704] PACKET[COM9] sensors: status=0b0110011100000000, uptime=15958, filtered_accel=[0.01708, 0.0366, -1.02236], gyro=[-2.94, 1.4, 2.73]
[16:40:42.877] RX[COM9]  02
[16:40:42.882] RX[COM9]  67 00 00 00 3f 00 00 00 00 00 00 00 00 00 00 00 00 00 00 00 00 00 00 00 00 00 00 00 00 00 00 00 00 00 00 00 00 00 00 00 00 00 00 00 00 00 00 00 00 00 00 00 00 00 00 00 43 79 7c 74 13 e0 0a
[16:40:42.893] PACKET[COM9] state: status=0b0110011100000000, uptime=16128, orientation=[0.0, 0.0, 0.0, 0.0], position=[0.0, 0.0, 0.0], velocity=[0.0, 0.0, 0.0], latitude=0.0, longitude=0.0, gps_altitude=0.0, barometric_altitude=249.486145, witness_battery_voltage=5.088
[16:40:42.894] RX[COM9]  ff
[16:40:42.895] RX[COM9]  66 00 00 00 3f 00 0a
[16:40:42.897] PACKET[COM9] heartbeat: status=0b0110011000000000, uptime=16128
[16:40:43.671] RX[COM9]  01
[16:40:43.672] RX[COM9]  6e 00 00 00 42 3e 00 01 ab 00 03 9f ff 9c 29 ff d6 00 15 00 26 0a
[16:40:43.675] PACKET[COM9] sensors: status=0b0110111000000000, uptime=16958, filtered_accel=[0.01708, 0.03708, -1.02236], gyro=[-2.94, 1.47, 2.66]
[16:40:43.856] RX[COM9]  02
[16:40:43.863] RX[COM9]  6e 00 00 00 42 e8 00 00 00 00 00 00 00 00 00 00 00 00 00 00 00 00 00 00 00 00 00 00 00 00 00 00 00 00 00 00 00 00 00 00 00 00 00 00 00 00 00 00 00 00 00 00 00 00 00 00 43 79 92 19 13 d4 0a
[16:40:43.878] PACKET[COM9] state: status=0b0110111000000000, uptime=17128, orientation=[0.0, 0.0, 0.0, 0.0], position=[0.0, 0.0, 0.0], velocity=[0.0, 0.0, 0.0], latitude=0.0, longitude=0.0, gps_altitude=0.0, barometric_altitude=249.570694, witness_battery_voltage=5.076
[16:40:43.936] RX[COM9]  ff
[16:40:43.937] RX[COM9]  6f 00 00 00 42 e8 0a
[16:40:43.943] PACKET[COM9] heartbeat: status=0b0110111100000000, uptime=17128
[16:40:44.679] RX[COM9]  01
[16:40:44.680] RX[COM9]  67 00 00 00 46 26 00 01 ab 00 03 93 ff 9c 41 ff d7 00 14 00 26 0a
[16:40:44.683] PACKET[COM9] sensors: status=0b0110011100000000, uptime=17958, filtered_accel=[0.01708, 0.0366, -1.0214], gyro=[-2.87, 1.4, 2.66]
[16:40:44.848] RX[COM9]  02
[16:40:44.856] RX[COM9]  67 00 00 00 46 d0 00 00 00 00 00 00 00 00 00 00 00 00 00 00 00 00 00 00 00 00 00 00 00 00 00 00 00 00 00 00 00 00 00 00 00 00 00 00 00 00 00 00 00 00 00 00 00 00 00 00 43 79 be 11 13 e8 0a
[16:40:44.865] PACKET[COM9] state: status=0b0110011100000000, uptime=18128, orientation=[0.0, 0.0, 0.0, 0.0], position=[0.0, 0.0, 0.0], velocity=[0.0, 0.0, 0.0], latitude=0.0, longitude=0.0, gps_altitude=0.0, barometric_altitude=249.742447, witness_battery_voltage=5.096
[16:40:44.931] RX[COM9]  ff
[16:40:44.932] RX[COM9]  66 00 00 00 46 d0 0a
[16:40:44.934] PACKET[COM9] heartbeat: status=0b0110011000000000, uptime=18128
[16:40:45.658] RX[COM9]  01
[16:40:45.662] RX[COM9]  6e 00 00 00 4a 0e 00 01 b7 00 03 ab ff 9c 29 ff d6 00 15 00 26 0a
[16:40:45.669] PACKET[COM9] sensors: status=0b0110111000000000, uptime=18958, filtered_accel=[0.01756, 0.03756, -1.02236], gyro=[-2.94, 1.47, 2.66]
[16:40:45.874] RX[COM9]  02
[16:40:45.878] RX[COM9]  6e 00 00 00 4a b8 00 00 00 00 00 00 00 00 00 00 00 00 00 00 00 00 00 00 00 00 00 00 00 00 00 00 00 00 00 00 00 00 00 00 00 00 00 00 00 00 00 00 00 00 00 00 00 00 00 00 43 79 7c 74 13 e8 0a
[16:40:45.881] PACKET[COM9] state: status=0b0110111000000000, uptime=19128, orientation=[0.0, 0.0, 0.0, 0.0], position=[0.0, 0.0, 0.0], velocity=[0.0, 0.0, 0.0], latitude=0.0, longitude=0.0, gps_altitude=0.0, barometric_altitude=249.486145, witness_battery_voltage=5.096
[16:40:45.940] RX[COM9]  ff
[16:40:45.942] RX[COM9]  6f 00 00 00 4a b8 0a
[16:40:45.944] PACKET[COM9] heartbeat: status=0b0110111100000000, uptime=19128
[16:40:46.086] TX[COM9] State: Boost:  05 00 00 00 00 00 00 73 01 0a
[16:40:46.115] RX[COM9]  05
[16:40:46.119] RX[COM9]  00 00 00 00 00 00 73 01 0a
[16:40:46.121] PACKET[COM9] command: status=0b0000000000000000, uptime=0, command_value=29441
[16:40:46.122] RX[COM9]  49
[16:40:46.123] BAD_PACKET[COM9] unknown packet ID 0x49; discarded 1 byte(s)
[16:40:46.123] RX[COM9]  20 28 31 34 34 37 35 31 29 20 61 70 65 72 74 75 72 65 3a 20 53 65 6e 64 69 6e 67 20 63 6f 6d 6d 61 6e 64 20 74 6f 20 57 69 74 6e 65 73 73 0d 0a
[16:40:46.124] BAD_PACKET[COM9] unknown packet ID 0x20; discarded 1 byte(s)
[16:40:46.126] BAD_PACKET[COM9] unknown packet ID 0x28; discarded 1 byte(s)
[16:40:46.127] BAD_PACKET[COM9] unknown packet ID 0x31; discarded 1 byte(s)
[16:40:46.127] BAD_PACKET[COM9] unknown packet ID 0x34; discarded 1 byte(s)
[16:40:46.127] BAD_PACKET[COM9] unknown packet ID 0x34; discarded 1 byte(s)
[16:40:46.128] BAD_PACKET[COM9] unknown packet ID 0x37; discarded 1 byte(s)
[16:40:46.128] BAD_PACKET[COM9] unknown packet ID 0x35; discarded 1 byte(s)
[16:40:46.128] BAD_PACKET[COM9] unknown packet ID 0x31; discarded 1 byte(s)
[16:40:46.129] BAD_PACKET[COM9] unknown packet ID 0x29; discarded 1 byte(s)
[16:40:46.129] BAD_PACKET[COM9] unknown packet ID 0x20; discarded 1 byte(s)
[16:40:46.129] BAD_PACKET[COM9] unknown packet ID 0x61; discarded 1 byte(s)
[16:40:46.129] BAD_PACKET[COM9] unknown packet ID 0x70; discarded 1 byte(s)
[16:40:46.130] BAD_PACKET[COM9] unknown packet ID 0x65; discarded 1 byte(s)
[16:40:46.130] BAD_PACKET[COM9] unknown packet ID 0x72; discarded 1 byte(s)
[16:40:46.130] BAD_PACKET[COM9] unknown packet ID 0x74; discarded 1 byte(s)
[16:40:46.131] BAD_PACKET[COM9] unknown packet ID 0x75; discarded 1 byte(s)
[16:40:46.131] BAD_PACKET[COM9] unknown packet ID 0x72; discarded 1 byte(s)
[16:40:46.132] BAD_PACKET[COM9] unknown packet ID 0x65; discarded 1 byte(s)
[16:40:46.133] BAD_PACKET[COM9] unknown packet ID 0x3a; discarded 1 byte(s)
[16:40:46.133] BAD_PACKET[COM9] unknown packet ID 0x20; discarded 1 byte(s)
[16:40:46.134] BAD_PACKET[COM9] unknown packet ID 0x53; discarded 1 byte(s)
[16:40:46.134] BAD_PACKET[COM9] unknown packet ID 0x65; discarded 1 byte(s)
[16:40:46.135] BAD_PACKET[COM9] unknown packet ID 0x6e; discarded 1 byte(s)
[16:40:46.135] BAD_PACKET[COM9] unknown packet ID 0x64; discarded 1 byte(s)
[16:40:46.136] BAD_PACKET[COM9] unknown packet ID 0x69; discarded 1 byte(s)
[16:40:46.136] BAD_PACKET[COM9] unknown packet ID 0x6e; discarded 1 byte(s)
[16:40:46.137] BAD_PACKET[COM9] unknown packet ID 0x67; discarded 1 byte(s)
[16:40:46.137] BAD_PACKET[COM9] unknown packet ID 0x20; discarded 1 byte(s)
[16:40:46.137] BAD_PACKET[COM9] unknown packet ID 0x63; discarded 1 byte(s)
[16:40:46.138] BAD_PACKET[COM9] unknown packet ID 0x6f; discarded 1 byte(s)
[16:40:46.138] BAD_PACKET[COM9] unknown packet ID 0x6d; discarded 1 byte(s)
[16:40:46.139] BAD_PACKET[COM9] unknown packet ID 0x6d; discarded 1 byte(s)
[16:40:46.140] BAD_PACKET[COM9] unknown packet ID 0x61; discarded 1 byte(s)
[16:40:46.142] BAD_PACKET[COM9] unknown packet ID 0x6e; discarded 1 byte(s)
[16:40:46.142] BAD_PACKET[COM9] unknown packet ID 0x64; discarded 1 byte(s)
[16:40:46.143] BAD_PACKET[COM9] unknown packet ID 0x20; discarded 1 byte(s)
[16:40:46.144] BAD_PACKET[COM9] unknown packet ID 0x74; discarded 1 byte(s)
[16:40:46.144] BAD_PACKET[COM9] unknown packet ID 0x6f; discarded 1 byte(s)
[16:40:46.144] BAD_PACKET[COM9] unknown packet ID 0x20; discarded 1 byte(s)
[16:40:46.145] BAD_PACKET[COM9] unknown packet ID 0x57; discarded 1 byte(s)
[16:40:46.145] BAD_PACKET[COM9] unknown packet ID 0x69; discarded 1 byte(s)
[16:40:46.145] BAD_PACKET[COM9] unknown packet ID 0x74; discarded 1 byte(s)
[16:40:46.146] BAD_PACKET[COM9] unknown packet ID 0x6e; discarded 1 byte(s)
[16:40:46.147] BAD_PACKET[COM9] unknown packet ID 0x65; discarded 1 byte(s)
[16:40:46.148] BAD_PACKET[COM9] unknown packet ID 0x73; discarded 1 byte(s)
[16:40:46.149] BAD_PACKET[COM9] unknown packet ID 0x73; discarded 1 byte(s)
[16:40:46.150] BAD_PACKET[COM9] unknown packet ID 0x0d; discarded 1 byte(s)
[16:40:46.150] BAD_PACKET[COM9] unknown packet ID 0x0a; discarded 1 byte(s)
[16:40:46.650] RX[COM9]  01
[16:40:46.651] RX[COM9]  6f 01 00 00 4d f6 00 01 9f 00 03 ab ff 9c 35 ff d5 00 15 00 26 0a
[16:40:46.653] PACKET[COM9] sensors: status=0b0110111100000001, uptime=19958, filtered_accel=[0.0166, 0.03756, -1.02188], gyro=[-3.01, 1.47, 2.66]
[16:40:46.876] RX[COM9]  02
[16:40:46.882] RX[COM9]  67 02 00 00 4e a0 00 00 00 00 00 00 00 00 00 00 00 00 00 00 00 00 00 00 00 00 00 00 00 00 00 00 00 00 00 00 00 00 00 00 00 00 00 00 00 00 00 00 00 00 00 00 00 00 00 00 43 79 92 19 13 d0 0a
[16:40:46.894] PACKET[COM9] state: status=0b0110011100000010, uptime=20128, orientation=[0.0, 0.0, 0.0, 0.0], position=[0.0, 0.0, 0.0], velocity=[0.0, 0.0, 0.0], latitude=0.0, longitude=0.0, gps_altitude=0.0, barometric_altitude=249.570694, witness_battery_voltage=5.072
[16:40:46.900] RX[COM9]  ff
[16:40:46.902] RX[COM9]  66 02 00 00 4e a1 0a
[16:40:46.907] PACKET[COM9] heartbeat: status=0b0110011000000010, uptime=20129
[16:40:47.691] RX[COM9]  01
[16:40:47.691] RX[COM9]  6e 02 00 00 51 de 00 01 ab 00 03 ab ff 9c 35 ff d5 00 15 00 26 0a
[16:40:47.693] PACKET[COM9] sensors: status=0b0110111000000010, uptime=20958, filtered_accel=[0.01708, 0.03756, -1.02188], gyro=[-3.01, 1.47, 2.66]
[16:40:47.855] RX[COM9]  02
[16:40:47.861] RX[COM9]  6e 02 00 00 52 88 00 00 00 00 00 00 00 00 00 00 00 00 00 00 00 00 00 00 00 00 00 00 00 00 00 00 00 00 00 00 00 00 00 00 00 00 00 00 00 00 00 00 00 00 00 00 00 00 00 00 43 79 7c 74 13 e4 0a
[16:40:47.865] PACKET[COM9] state: status=0b0110111000000010, uptime=21128, orientation=[0.0, 0.0, 0.0, 0.0], position=[0.0, 0.0, 0.0], velocity=[0.0, 0.0, 0.0], latitude=0.0, longitude=0.0, gps_altitude=0.0, barometric_altitude=249.486145, witness_battery_voltage=5.092
[16:40:47.923] RX[COM9]  ff
[16:40:47.925] RX[COM9]  6f 02 00 00 52 88 0a
[16:40:47.928] PACKET[COM9] heartbeat: status=0b0110111100000010, uptime=21128
[16:40:48.669] RX[COM9]  01
[16:40:48.670] RX[COM9]  6f 02 00 00 55 c6 00 01 9f 00 03 ab ff 9c 11 ff d7 00 15 00 26 0a
[16:40:48.672] PACKET[COM9] sensors: status=0b0110111100000010, uptime=21958, filtered_accel=[0.0166, 0.03756, -1.02332], gyro=[-2.87, 1.47, 2.66]
[16:40:48.886] RX[COM9]  02
[16:40:48.887] RX[COM9]  6f 02 00 00 56 70 00 00 00 00 00 00 00 00 00 00 00 00 00 00 00 00 00 00 00 00 00 00 00 00 00 00 00 00 00 00 00 00 00 00 00 00 00 00 00 00 00 00 00 00 00 00 00 00 00 00 43 79 50 7c 13 e8 0a
[16:40:48.890] PACKET[COM9] state: status=0b0110111100000010, uptime=22128, orientation=[0.0, 0.0, 0.0, 0.0], position=[0.0, 0.0, 0.0], velocity=[0.0, 0.0, 0.0], latitude=0.0, longitude=0.0, gps_altitude=0.0, barometric_altitude=249.314392, witness_battery_voltage=5.096
[16:40:48.894] RX[COM9]  ff
[16:40:48.901] RX[COM9]  6e 02 00 00 56 70 0a
[16:40:48.904] PACKET[COM9] heartbeat: status=0b0110111000000010, uptime=22128
[16:40:49.655] RX[COM9]  01
[16:40:49.659] RX[COM9]  66 02 00 00 59 ae 00 01 b7 00 03 9f ff 9c 1d ff d5 00 14 00 26 0a
[16:40:49.662] PACKET[COM9] sensors: status=0b0110011000000010, uptime=22958, filtered_accel=[0.01756, 0.03708, -1.02284], gyro=[-3.01, 1.4, 2.66]
[16:40:49.887] RX[COM9]  02
[16:40:49.889] RX[COM9]  66 02 00 00 5a 58 00 00 00 00 00 00 00 00 00 00 00 00 00 00 00 00 00 00 00 00 00 00 00 00 00 00 00 00 00 00 00 00 00 00 00 00 00 00 00 00 00 00 00 00 00 00 00 00 00 00 43 79 d3 b6 13 ec 0a
[16:40:49.891] PACKET[COM9] state: status=0b0110011000000010, uptime=23128, orientation=[0.0, 0.0, 0.0, 0.0], position=[0.0, 0.0, 0.0], velocity=[0.0, 0.0, 0.0], latitude=0.0, longitude=0.0, gps_altitude=0.0, barometric_altitude=249.826996, witness_battery_voltage=5.1
[16:40:49.892] RX[COM9]  ff
[16:40:49.896] RX[COM9]  67 02 00 00 5a 58 0a
[16:40:49.899] PACKET[COM9] heartbeat: status=0b0110011100000010, uptime=23128
[16:40:50.646] RX[COM9]  01
[16:40:50.648] RX[COM9]  6f 02 00 00 5d 96 00 01 ab 00 03 9f ff 9c 11 ff d6 00 15 00 26 0a
[16:40:50.650] PACKET[COM9] sensors: status=0b0110111100000010, uptime=23958, filtered_accel=[0.01708, 0.03708, -1.02332], gyro=[-2.94, 1.47, 2.66]
[16:40:50.875] RX[COM9]  02
[16:40:50.879] RX[COM9]  6f 02 00 00 5e 40 00 00 00 00 00 00 00 00 00 00 00 00 00 00 00 00 00 00 00 00 00 00 00 00 00 00 00 00 00 00 00 00 00 00 00 00 00 00 00 00 00 00 00 00 00 00 00 00 00 00 43 79 7c 74 13 f0 0a
[16:40:50.881] PACKET[COM9] state: status=0b0110111100000010, uptime=24128, orientation=[0.0, 0.0, 0.0, 0.0], position=[0.0, 0.0, 0.0], velocity=[0.0, 0.0, 0.0], latitude=0.0, longitude=0.0, gps_altitude=0.0, barometric_altitude=249.486145, witness_battery_voltage=5.104
[16:40:50.934] RX[COM9]  ff
[16:40:50.935] RX[COM9]  6e 02 00 00 5e 40 0a
[16:40:50.938] PACKET[COM9] heartbeat: status=0b0110111000000010, uptime=24128
[16:40:51.689] RX[COM9]  01
[16:40:51.690] RX[COM9]  66 02 00 00 61 7e 00 01 9f 00 03 ab ff 9c 1d ff d6 00 16 00 26 0a
[16:40:51.693] PACKET[COM9] sensors: status=0b0110011000000010, uptime=24958, filtered_accel=[0.0166, 0.03756, -1.02284], gyro=[-2.94, 1.54, 2.66]
[16:40:51.849] RX[COM9]  02
[16:40:51.851] RX[COM9]  66 02 00 00 62 28 00 00 00 00 00 00 00 00 00 00 00 00 00 00 00 00 00 00 00 00 00 00 00 00 00 00 00 00 00 00 00 00 00 00 00 00 00 00 00 00 00 00 00 00 00 00 00 00 00 00 43 79 50 7c 13 ec 0a
[16:40:51.853] PACKET[COM9] state: status=0b0110011000000010, uptime=25128, orientation=[0.0, 0.0, 0.0, 0.0], position=[0.0, 0.0, 0.0], velocity=[0.0, 0.0, 0.0], latitude=0.0, longitude=0.0, gps_altitude=0.0, barometric_altitude=249.314392, witness_battery_voltage=5.1
[16:40:51.910] RX[COM9]  ff
[16:40:51.912] RX[COM9]  67 02 00 00 62 28 0a
[16:40:51.913] PACKET[COM9] heartbeat: status=0b0110011100000010, uptime=25128
[16:40:52.684] RX[COM9]  01
[16:40:52.685] RX[COM9]  6f 02 00 00 65 66 00 01 ab 00 03 ab ff 9c 04 ff d6 00 14 00 26 0a
[16:40:52.686] PACKET[COM9] sensors: status=0b0110111100000010, uptime=25958, filtered_accel=[0.01708, 0.03756, -1.02384], gyro=[-2.94, 1.4, 2.66]
[16:40:52.847] RX[COM9]  02
[16:40:52.848] RX[COM9]  6f 02 00 00 66 10 00 00 00 00 00 00 00 00 00 00 00 00 00 00 00 00 00 00 00 00 00 00 00 00 00 00 00 00 00 00 00 00 00 00 00 00 00 00 00 00 00 00 00 00 00 00 00 00 00 00 43 79 92 19 13 e4 0a
[16:40:52.850] PACKET[COM9] state: status=0b0110111100000010, uptime=26128, orientation=[0.0, 0.0, 0.0, 0.0], position=[0.0, 0.0, 0.0], velocity=[0.0, 0.0, 0.0], latitude=0.0, longitude=0.0, gps_altitude=0.0, barometric_altitude=249.570694, witness_battery_voltage=5.092
[16:40:52.902] RX[COM9]  ff
[16:40:52.903] RX[COM9]  6e 02 00 00 66 10 0a
[16:40:52.905] PACKET[COM9] heartbeat: status=0b0110111000000010, uptime=26128
[16:40:53.701] RX[COM9]  01
[16:40:53.703] RX[COM9]  66 02 00 00 69 4e 00 01 b7 00 03 9f ff 9c 11 ff d5 00 14 00 27 0a
[16:40:53.705] PACKET[COM9] sensors: status=0b0110011000000010, uptime=26958, filtered_accel=[0.01756, 0.03708, -1.02332], gyro=[-3.01, 1.4, 2.73]
[16:40:53.874] RX[COM9]  02
[16:40:53.876] RX[COM9]  66 02 00 00 69 f8 00 00 00 00 00 00 00 00 00 00 00 00 00 00 00 00 00 00 00 00 00 00 00 00 00 00 00 00 00 00 00 00 00 00 00 00 00 00 00 00 00 00 00 00 00 00 00 00 00 00 43 79 7c 74 13 e8 0a
[16:40:53.878] PACKET[COM9] state: status=0b0110011000000010, uptime=27128, orientation=[0.0, 0.0, 0.0, 0.0], position=[0.0, 0.0, 0.0], velocity=[0.0, 0.0, 0.0], latitude=0.0, longitude=0.0, gps_altitude=0.0, barometric_altitude=249.486145, witness_battery_voltage=5.096
[16:40:53.930] RX[COM9]  ff
[16:40:53.935] RX[COM9]  67 02 00 00 69 f8 0a
[16:40:53.938] PACKET[COM9] heartbeat: status=0b0110011100000010, uptime=27128
[16:40:54.672] RX[COM9]  01
[16:40:54.674] RX[COM9]  6f 02 00 00 6d 36 00 01 b7 00 03 9f ff 9c 11 ff d6 00 14 00 26 0a
[16:40:54.675] PACKET[COM9] sensors: status=0b0110111100000010, uptime=27958, filtered_accel=[0.01756, 0.03708, -1.02332], gyro=[-2.94, 1.4, 2.66]
[16:40:54.841] RX[COM9]  02
[16:40:54.844] RX[COM9]  6f 02 00 00 6d e0 00 00 00 00 00 00 00 00 00 00 00 00 00 00 00 00 00 00 00 00 00 00 00 00 00 00 00 00 00 00 00 00 00 00 00 00 00 00 00 00 00 00 00 00 00 00 00 00 00 00 43 79 be 11 13 f0 0a
[16:40:54.845] PACKET[COM9] state: status=0b0110111100000010, uptime=28128, orientation=[0.0, 0.0, 0.0, 0.0], position=[0.0, 0.0, 0.0], velocity=[0.0, 0.0, 0.0], latitude=0.0, longitude=0.0, gps_altitude=0.0, barometric_altitude=249.742447, witness_battery_voltage=5.104
[16:40:54.907] RX[COM9]  ff
[16:40:54.911] RX[COM9]  6e 02 00 00 6d e0 0a
[16:40:54.916] PACKET[COM9] heartbeat: status=0b0110111000000010, uptime=28128
[16:40:55.649] RX[COM9]  01
[16:40:55.651] RX[COM9]  66 02 00 00 71 1e 00 01 9f 00 03 9f ff 9c 04 ff d6 00 15 00 27 0a
[16:40:55.653] PACKET[COM9] sensors: status=0b0110011000000010, uptime=28958, filtered_accel=[0.0166, 0.03708, -1.02384], gyro=[-2.94, 1.47, 2.73]
[16:40:55.884] RX[COM9]  02
[16:40:55.885] RX[COM9]  66 02 00 00 71 c8 00 00 00 00 00 00 00 00 00 00 00 00 00 00 00 00 00 00 00 00 00 00 00 00 00 00 00 00 00 00 00 00 00 00 00 00 00 00 00 00 00 00 00 00 00 00 00 00 00 00 43 79 a7 be 13 e4 0a
[16:40:55.886] PACKET[COM9] state: status=0b0110011000000010, uptime=29128, orientation=[0.0, 0.0, 0.0, 0.0], position=[0.0, 0.0, 0.0], velocity=[0.0, 0.0, 0.0], latitude=0.0, longitude=0.0, gps_altitude=0.0, barometric_altitude=249.655243, witness_battery_voltage=5.092
[16:40:55.887] RX[COM9]  ff
[16:40:55.888] RX[COM9]  67 02 00 00 71 c8 0a
[16:40:55.889] PACKET[COM9] heartbeat: status=0b0110011100000010, uptime=29128
[16:40:56.675] RX[COM9]  01
[16:40:56.677] RX[COM9]  6f 02 00 00 75 06 00 01 ab 00 03 93 ff 9c 11 ff d5 00 15 00 27 0a
[16:40:56.679] PACKET[COM9] sensors: status=0b0110111100000010, uptime=29958, filtered_accel=[0.01708, 0.0366, -1.02332], gyro=[-3.01, 1.47, 2.73]
[16:40:56.846] RX[COM9]  02
[16:40:56.847] RX[COM9]  6f 02 00 00 75 b0 00 00 00 00 00 00 00 00 00 00 00 00 00 00 00 00 00 00 00 00 00 00 00 00 00 00 00 00 00 00 00 00 00 00 00 00 00 00 00 00 00 00 00 00 00 00 00 00 00 00 43 79 a7 be 13 e4 0a
[16:40:56.850] PACKET[COM9] state: status=0b0110111100000010, uptime=30128, orientation=[0.0, 0.0, 0.0, 0.0], position=[0.0, 0.0, 0.0], velocity=[0.0, 0.0, 0.0], latitude=0.0, longitude=0.0, gps_altitude=0.0, barometric_altitude=249.655243, witness_battery_voltage=5.092
[16:40:56.903] RX[COM9]  ff
[16:40:56.911] RX[COM9]  6e 02 00 00 75 b0 0a
[16:40:56.916] PACKET[COM9] heartbeat: status=0b0110111000000010, uptime=30128
[16:40:57.685] RX[COM9]  01
[16:40:57.693] RX[COM9]  6e 02 00 00 78 ee 00 01 b7 00 03 9f ff 9b f8 ff d6 00 14 00 27 0a
[16:40:57.695] PACKET[COM9] sensors: status=0b0110111000000010, uptime=30958, filtered_accel=[0.01756, 0.03708, -1.02432], gyro=[-2.94, 1.4, 2.73]
[16:40:57.868] RX[COM9]  02
[16:40:57.871] RX[COM9]  6e 02 00 00 79 98 00 00 00 00 00 00 00 00 00 00 00 00 00 00 00 00 00 00 00 00 00 00 00 00 00 00 00 00 00 00 00 00 00 00 00 00 00 00 00 00 00 00 00 00 00 00 00 00 00 00 43 79 be 11 13 f0 0a
[16:40:57.872] PACKET[COM9] state: status=0b0110111000000010, uptime=31128, orientation=[0.0, 0.0, 0.0, 0.0], position=[0.0, 0.0, 0.0], velocity=[0.0, 0.0, 0.0], latitude=0.0, longitude=0.0, gps_altitude=0.0, barometric_altitude=249.742447, witness_battery_voltage=5.104
[16:40:57.927] RX[COM9]  ff
[16:40:57.935] RX[COM9]  6f 02 00 00 79 98 0a
[16:40:57.937] PACKET[COM9] heartbeat: status=0b0110111100000010, uptime=31128
[16:40:58.676] RX[COM9]  01
[16:40:58.677] RX[COM9]  67 02 00 00 7c d6 00 01 b7 00 03 93 ff 9c 11 ff d5 00 15 00 27 0a
[16:40:58.679] PACKET[COM9] sensors: status=0b0110011100000010, uptime=31958, filtered_accel=[0.01756, 0.0366, -1.02332], gyro=[-3.01, 1.47, 2.73]
[16:40:58.841] RX[COM9]  02
[16:40:58.842] RX[COM9]  67 02 00 00 7d 80 00 00 00 00 00 00 00 00 00 00 00 00 00 00 00 00 00 00 00 00 00 00 00 00 00 00 00 00 00 00 00 00 00 00 00 00 00 00 00 00 00 00 00 00 00 00 00 00 00 00 43 79 a7 be 13 f0 0a
[16:40:58.844] PACKET[COM9] state: status=0b0110011100000010, uptime=32128, orientation=[0.0, 0.0, 0.0, 0.0], position=[0.0, 0.0, 0.0], velocity=[0.0, 0.0, 0.0], latitude=0.0, longitude=0.0, gps_altitude=0.0, barometric_altitude=249.655243, witness_battery_voltage=5.104
[16:40:58.895] RX[COM9]  ff
[16:40:58.897] RX[COM9]  66 02 00 00 7d 80 0a
[16:40:58.899] PACKET[COM9] heartbeat: status=0b0110011000000010, uptime=32128
[16:40:59.655] RX[COM9]  01
[16:40:59.656] RX[COM9]  6e 02 00 00 80 be 00 01 b7 00 03 9f ff 9c 04 ff d6 00 14 00 26 0a
[16:40:59.658] PACKET[COM9] sensors: status=0b0110111000000010, uptime=32958, filtered_accel=[0.01756, 0.03708, -1.02384], gyro=[-2.94, 1.4, 2.66]
[16:40:59.883] RX[COM9]  02
[16:40:59.885] RX[COM9]  6e 02 00 00 81 68 00 00 00 00 00 00 00 00 00 00 00 00 00 00 00 00 00 00 00 00 00 00 00 00 00 00 00 00 00 00 00 00 00 00 00 00 00 00 00 00 00 00 00 00 00 00 00 00 00 00 43 79 66 cf 13 e4 0a
[16:40:59.888] PACKET[COM9] state: status=0b0110111000000010, uptime=33128, orientation=[0.0, 0.0, 0.0, 0.0], position=[0.0, 0.0, 0.0], velocity=[0.0, 0.0, 0.0], latitude=0.0, longitude=0.0, gps_altitude=0.0, barometric_altitude=249.401596, witness_battery_voltage=5.092
[16:40:59.889] RX[COM9]  ff
[16:40:59.890] RX[COM9]  6f 02 00 00 81 68 0a
[16:40:59.893] PACKET[COM9] heartbeat: status=0b0110111100000010, uptime=33128
[16:41:00.665] RX[COM9]  01
[16:41:00.667] RX[COM9]  67 02 00 00 84 a6 00 01 c3 00 03 ab ff 9c 04 ff d6 00 14 00 27 0a
[16:41:00.669] PACKET[COM9] sensors: status=0b0110011100000010, uptime=33958, filtered_accel=[0.01804, 0.03756, -1.02384], gyro=[-2.94, 1.4, 2.73]
[16:41:00.883] RX[COM9]  02
[16:41:00.885] RX[COM9]  67 02 00 00 85 50 00 00 00 00 00 00 00 00 00 00 00 00 00 00 00 00 00 00 00 00 00 00 00 00 00 00 00 00 00 00 00 00 00 00 00 00 00 00 00 00 00 00 00 00 00 00 00 00 00 00 43 79 d3 b6 13 f0 0a
[16:41:00.887] PACKET[COM9] state: status=0b0110011100000010, uptime=34128, orientation=[0.0, 0.0, 0.0, 0.0], position=[0.0, 0.0, 0.0], velocity=[0.0, 0.0, 0.0], latitude=0.0, longitude=0.0, gps_altitude=0.0, barometric_altitude=249.826996, witness_battery_voltage=5.104
[16:41:00.888] RX[COM9]  ff
[16:41:00.889] RX[COM9]  66 02 00 00 85 50 0a
[16:41:00.891] PACKET[COM9] heartbeat: status=0b0110011000000010, uptime=34128
[16:41:01.650] RX[COM9]  01
[16:41:01.652] RX[COM9]  6e 02 00 00 88 8e 00 01 b7 00 03 93 ff 9c 04 ff d6 00 14 00 27 0a
[16:41:01.654] PACKET[COM9] sensors: status=0b0110111000000010, uptime=34958, filtered_accel=[0.01756, 0.0366, -1.02384], gyro=[-2.94, 1.4, 2.73]
[16:41:01.874] RX[COM9]  02
[16:41:01.876] RX[COM9]  6e 02 00 00 89 38 00 00 00 00 00 00 00 00 00 00 00 00 00 00 00 00 00 00 00 00 00 00 00 00 00 00 00 00 00 00 00 00 00 00 00 00 00 00 00 00 00 00 00 00 00 00 00 00 00 00 43 79 66 cf 13 ec 0a
[16:41:01.878] PACKET[COM9] state: status=0b0110111000000010, uptime=35128, orientation=[0.0, 0.0, 0.0, 0.0], position=[0.0, 0.0, 0.0], velocity=[0.0, 0.0, 0.0], latitude=0.0, longitude=0.0, gps_altitude=0.0, barometric_altitude=249.401596, witness_battery_voltage=5.1
[16:41:01.933] RX[COM9]  ff
[16:41:01.941] RX[COM9]  6f 02 00 00 89 38 0a
[16:41:01.951] PACKET[COM9] heartbeat: status=0b0110111100000010, uptime=35128
[16:41:02.693] RX[COM9]  01
[16:41:02.696] RX[COM9]  67 02 00 00 8c 76 00 01 ab 00 03 93 ff 9c 04 ff d6 00 15 00 27 0a
[16:41:02.698] PACKET[COM9] sensors: status=0b0110011100000010, uptime=35958, filtered_accel=[0.01708, 0.0366, -1.02384], gyro=[-2.94, 1.47, 2.73]
[16:41:02.851] RX[COM9]  02
[16:41:02.852] RX[COM9]  67 02 00 00 8d 20 00 00 00 00 00 00 00 00 00 00 00 00 00 00 00 00 00 00 00 00 00 00 00 00 00 00 00 00 00 00 00 00 00 00 00 00 00 00 00 00 00 00 00 00 00 00 00 00 00 00 43 79 a7 be 13 e4 0a
[16:41:02.855] PACKET[COM9] state: status=0b0110011100000010, uptime=36128, orientation=[0.0, 0.0, 0.0, 0.0], position=[0.0, 0.0, 0.0], velocity=[0.0, 0.0, 0.0], latitude=0.0, longitude=0.0, gps_altitude=0.0, barometric_altitude=249.655243, witness_battery_voltage=5.092
[16:41:02.908] RX[COM9]  ff
[16:41:02.910] RX[COM9]  66 02 00 00 8d 20 0a
[16:41:02.912] PACKET[COM9] heartbeat: status=0b0110011000000010, uptime=36128
[16:41:03.666] RX[COM9]  01
[16:41:03.668] RX[COM9]  6e 02 00 00 90 5e 00 01 b7 00 03 ab ff 9b f8 ff d6 00 15 00 26 0a
[16:41:03.671] PACKET[COM9] sensors: status=0b0110111000000010, uptime=36958, filtered_accel=[0.01756, 0.03756, -1.02432], gyro=[-2.94, 1.47, 2.66]
[16:41:03.883] RX[COM9]  02
[16:41:03.885] RX[COM9]  6e 02 00 00 91 08 00 00 00 00 00 00 00 00 00 00 00 00 00 00 00 00 00 00 00 00 00 00 00 00 00 00 00 00 00 00 00 00 00 00 00 00 00 00 00 00 00 00 00 00 00 00 00 00 00 00 43 79 3a d7 13 e4 0a
[16:41:03.887] PACKET[COM9] state: status=0b0110111000000010, uptime=37128, orientation=[0.0, 0.0, 0.0, 0.0], position=[0.0, 0.0, 0.0], velocity=[0.0, 0.0, 0.0], latitude=0.0, longitude=0.0, gps_altitude=0.0, barometric_altitude=249.229843, witness_battery_voltage=5.092
[16:41:03.888] RX[COM9]  ff
[16:41:03.889] RX[COM9]  6f 02 00 00 91 08 0a
[16:41:03.890] PACKET[COM9] heartbeat: status=0b0110111100000010, uptime=37128
[16:41:04.650] RX[COM9]  01
[16:41:04.652] RX[COM9]  67 02 00 00 94 46 00 01 ab 00 03 9f ff 9c 04 ff d6 00 15 00 26 0a
[16:41:04.654] PACKET[COM9] sensors: status=0b0110011100000010, uptime=37958, filtered_accel=[0.01708, 0.03708, -1.02384], gyro=[-2.94, 1.47, 2.66]
[16:41:04.874] RX[COM9]  02
[16:41:04.876] RX[COM9]  67 02 00 00 94 f0 00 00 00 00 00 00 00 00 00 00 00 00 00 00 00 00 00 00 00 00 00 00 00 00 00 00 00 00 00 00 00 00 00 00 00 00 00 00 00 00 00 00 00 00 00 00 00 00 00 00 43 79 92 19 13 ec 0a
[16:41:04.878] PACKET[COM9] state: status=0b0110011100000010, uptime=38128, orientation=[0.0, 0.0, 0.0, 0.0], position=[0.0, 0.0, 0.0], velocity=[0.0, 0.0, 0.0], latitude=0.0, longitude=0.0, gps_altitude=0.0, barometric_altitude=249.570694, witness_battery_voltage=5.1
[16:41:04.933] RX[COM9]  ff
[16:41:04.938] RX[COM9]  66 02 00 00 94 f0 0a
[16:41:04.940] PACKET[COM9] heartbeat: status=0b0110011000000010, uptime=38128
[16:41:05.684] RX[COM9]  01
[16:41:05.685] RX[COM9]  6e 02 00 00 98 2e 00 01 ab 00 03 93 ff 9b ec ff d6 00 15 00 27 0a
[16:41:05.687] PACKET[COM9] sensors: status=0b0110111000000010, uptime=38958, filtered_accel=[0.01708, 0.0366, -1.0248], gyro=[-2.94, 1.47, 2.73]
[16:41:05.854] RX[COM9]  02
[16:41:05.855] RX[COM9]  6e 02 00 00 98 d8 00 00 00 00 00 00 00 00 00 00 00 00 00 00 00 00 00 00 00 00 00 00 00 00 00 00 00 00 00 00 00 00 00 00 00 00 00 00 00 00 00 00 00 00 00 00 00 00 00 00 43 79 66 cf 13 e8 0a
[16:41:05.858] PACKET[COM9] state: status=0b0110111000000010, uptime=39128, orientation=[0.0, 0.0, 0.0, 0.0], position=[0.0, 0.0, 0.0], velocity=[0.0, 0.0, 0.0], latitude=0.0, longitude=0.0, gps_altitude=0.0, barometric_altitude=249.401596, witness_battery_voltage=5.096
[16:41:05.912] RX[COM9]  ff
[16:41:05.914] RX[COM9]  6f 02 00 00 98 d8 0a
[16:41:05.917] PACKET[COM9] heartbeat: status=0b0110111100000010, uptime=39128
[16:41:06.655] RX[COM9]  01
[16:41:06.657] RX[COM9]  6f 02 00 00 9c 16 00 01 ab 00 03 93 ff 9c 1d ff d5 00 14 00 26 0a
[16:41:06.660] PACKET[COM9] sensors: status=0b0110111100000010, uptime=39958, filtered_accel=[0.01708, 0.0366, -1.02284], gyro=[-3.01, 1.4, 2.66]
[16:41:06.812] TX[COM9] State: Landed:  05 00 00 00 00 00 00 73 04 0a
[16:41:06.831] RX[COM9]  05
[16:41:06.834] RX[COM9]  00 00 00 00 00 00 73 04 0a
[16:41:06.849] PACKET[COM9] command: status=0b0000000000000000, uptime=0, command_value=29444
[16:41:06.855] RX[COM9]  6e 64 69 6e 67 20 63 6f 6d 6d 61 6e 64 20 74 6f 20 57 69 74 6e 65 73 73 0d 0a
[16:41:06.857] BAD_PACKET[COM9] unknown packet ID 0x6e; discarded 1 byte(s)
[16:41:06.859] BAD_PACKET[COM9] unknown packet ID 0x64; discarded 1 byte(s)
[16:41:06.860] BAD_PACKET[COM9] unknown packet ID 0x69; discarded 1 byte(s)
[16:41:06.860] BAD_PACKET[COM9] unknown packet ID 0x6e; discarded 1 byte(s)
[16:41:06.861] BAD_PACKET[COM9] unknown packet ID 0x67; discarded 1 byte(s)
[16:41:06.862] BAD_PACKET[COM9] unknown packet ID 0x20; discarded 1 byte(s)
[16:41:06.863] BAD_PACKET[COM9] unknown packet ID 0x63; discarded 1 byte(s)
[16:41:06.864] BAD_PACKET[COM9] unknown packet ID 0x6f; discarded 1 byte(s)
[16:41:06.865] BAD_PACKET[COM9] unknown packet ID 0x6d; discarded 1 byte(s)
[16:41:06.866] BAD_PACKET[COM9] unknown packet ID 0x6d; discarded 1 byte(s)
[16:41:06.866] BAD_PACKET[COM9] unknown packet ID 0x61; discarded 1 byte(s)
[16:41:06.867] BAD_PACKET[COM9] unknown packet ID 0x6e; discarded 1 byte(s)
[16:41:06.868] BAD_PACKET[COM9] unknown packet ID 0x64; discarded 1 byte(s)
[16:41:06.869] BAD_PACKET[COM9] unknown packet ID 0x20; discarded 1 byte(s)
[16:41:06.870] BAD_PACKET[COM9] unknown packet ID 0x74; discarded 1 byte(s)
[16:41:06.871] BAD_PACKET[COM9] unknown packet ID 0x6f; discarded 1 byte(s)
[16:41:06.871] BAD_PACKET[COM9] unknown packet ID 0x20; discarded 1 byte(s)
[16:41:06.872] BAD_PACKET[COM9] unknown packet ID 0x57; discarded 1 byte(s)
[16:41:06.873] BAD_PACKET[COM9] unknown packet ID 0x69; discarded 1 byte(s)
[16:41:06.874] BAD_PACKET[COM9] unknown packet ID 0x74; discarded 1 byte(s)
[16:41:06.874] BAD_PACKET[COM9] unknown packet ID 0x6e; discarded 1 byte(s)
[16:41:06.875] BAD_PACKET[COM9] unknown packet ID 0x65; discarded 1 byte(s)
[16:41:06.877] BAD_PACKET[COM9] unknown packet ID 0x73; discarded 1 byte(s)
[16:41:06.878] BAD_PACKET[COM9] unknown packet ID 0x73; discarded 1 byte(s)
[16:41:06.879] BAD_PACKET[COM9] unknown packet ID 0x0d; discarded 1 byte(s)
[16:41:06.879] BAD_PACKET[COM9] unknown packet ID 0x0a; discarded 1 byte(s)
[16:41:07.700] RX[COM9]  01
[16:41:07.702] RX[COM9]  6e 02 00 00 9f fe 00 01 b7 00 03 9f ff 9c 11 ff d5 00 15 00 27 0a
[16:41:07.703] PACKET[COM9] sensors: status=0b0110111000000010, uptime=40958, filtered_accel=[0.01756, 0.03708, -1.02332], gyro=[-3.01, 1.47, 2.73]
[16:41:07.866] RX[COM9]  02
[16:41:07.869] RX[COM9]  6e 02 00 00 a0 a8 00 00 00 00 00 00 00 00 00 00 00 00 00 00 00 00 00 00 00 00 00 00 00 00 00 00 00 00 00 00 00 00 00 00 00 00 00 00 00 00 00 00 00 00 00 00 00 00 00 00 43 79 92 19 13 dc 0a
[16:41:07.873] PACKET[COM9] state: status=0b0110111000000010, uptime=41128, orientation=[0.0, 0.0, 0.0, 0.0], position=[0.0, 0.0, 0.0], velocity=[0.0, 0.0, 0.0], latitude=0.0, longitude=0.0, gps_altitude=0.0, barometric_altitude=249.570694, witness_battery_voltage=5.084
[16:41:07.934] RX[COM9]  ff
[16:41:07.936] RX[COM9]  6f 02 00 00 a0 a8 0a
[16:41:07.942] PACKET[COM9] heartbeat: status=0b0110111100000010, uptime=41128
[16:41:08.674] RX[COM9]  01
[16:41:08.676] RX[COM9]  6f 02 00 00 a3 e6 00 01 ab 00 03 87 ff 9b f8 ff d5 00 15 00 26 0a
[16:41:08.677] PACKET[COM9] sensors: status=0b0110111100000010, uptime=41958, filtered_accel=[0.01708, 0.03612, -1.02432], gyro=[-3.01, 1.47, 2.66]
[16:41:08.884] RX[COM9]  02
[16:41:08.886] RX[COM9]  6f 02 00 00 a4 90 00 00 00 00 00 00 00 00 00 00 00 00 00 00 00 00 00 00 00 00 00 00 00 00 00 00 00 00 00 00 00 00 00 00 00 00 00 00 00 00 00 00 00 00 00 00 00 00 00 00 43 79 a7 be 13 e8 0a
[16:41:08.888] PACKET[COM9] state: status=0b0110111100000010, uptime=42128, orientation=[0.0, 0.0, 0.0, 0.0], position=[0.0, 0.0, 0.0], velocity=[0.0, 0.0, 0.0], latitude=0.0, longitude=0.0, gps_altitude=0.0, barometric_altitude=249.655243, witness_battery_voltage=5.096
[16:41:08.889] RX[COM9]  ff
[16:41:08.889] RX[COM9]  6e 02 00 00 a4 90 0a
[16:41:08.890] PACKET[COM9] heartbeat: status=0b0110111000000010, uptime=42128
[16:41:09.450] TX[COM9] State: Landed:  05 00 00 00 00 00 00 73 04 0a
[16:41:09.480] RX[COM9]  05
[16:41:09.483] RX[COM9]  00 00 00 00 00 00 73 04 0a
[16:41:09.486] PACKET[COM9] command: status=0b0000000000000000, uptime=0, command_value=29444
[16:41:09.486] RX[COM9]  72
[16:41:09.487] BAD_PACKET[COM9] unknown packet ID 0x72; discarded 1 byte(s)
[16:41:09.487] RX[COM9]  65 3a 20 53 65 6e 64 69 6e 67 20 63 6f 6d 6d 61 6e 64 20 74 6f 20 57 69 74 6e 65 73 73 0d 0a
[16:41:09.488] BAD_PACKET[COM9] unknown packet ID 0x65; discarded 1 byte(s)
[16:41:09.488] BAD_PACKET[COM9] unknown packet ID 0x3a; discarded 1 byte(s)
[16:41:09.489] BAD_PACKET[COM9] unknown packet ID 0x20; discarded 1 byte(s)
[16:41:09.489] BAD_PACKET[COM9] unknown packet ID 0x53; discarded 1 byte(s)
[16:41:09.489] BAD_PACKET[COM9] unknown packet ID 0x65; discarded 1 byte(s)
[16:41:09.490] BAD_PACKET[COM9] unknown packet ID 0x6e; discarded 1 byte(s)
[16:41:09.490] BAD_PACKET[COM9] unknown packet ID 0x64; discarded 1 byte(s)
[16:41:09.490] BAD_PACKET[COM9] unknown packet ID 0x69; discarded 1 byte(s)
[16:41:09.491] BAD_PACKET[COM9] unknown packet ID 0x6e; discarded 1 byte(s)
[16:41:09.491] BAD_PACKET[COM9] unknown packet ID 0x67; discarded 1 byte(s)
[16:41:09.491] BAD_PACKET[COM9] unknown packet ID 0x20; discarded 1 byte(s)
[16:41:09.491] BAD_PACKET[COM9] unknown packet ID 0x63; discarded 1 byte(s)
[16:41:09.492] BAD_PACKET[COM9] unknown packet ID 0x6f; discarded 1 byte(s)
[16:41:09.492] BAD_PACKET[COM9] unknown packet ID 0x6d; discarded 1 byte(s)
[16:41:09.492] BAD_PACKET[COM9] unknown packet ID 0x6d; discarded 1 byte(s)
[16:41:09.493] BAD_PACKET[COM9] unknown packet ID 0x61; discarded 1 byte(s)
[16:41:09.493] BAD_PACKET[COM9] unknown packet ID 0x6e; discarded 1 byte(s)
[16:41:09.493] BAD_PACKET[COM9] unknown packet ID 0x64; discarded 1 byte(s)
[16:41:09.493] BAD_PACKET[COM9] unknown packet ID 0x20; discarded 1 byte(s)
[16:41:09.494] BAD_PACKET[COM9] unknown packet ID 0x74; discarded 1 byte(s)
[16:41:09.494] BAD_PACKET[COM9] unknown packet ID 0x6f; discarded 1 byte(s)
[16:41:09.495] BAD_PACKET[COM9] unknown packet ID 0x20; discarded 1 byte(s)
[16:41:09.498] BAD_PACKET[COM9] unknown packet ID 0x57; discarded 1 byte(s)
[16:41:09.501] BAD_PACKET[COM9] unknown packet ID 0x69; discarded 1 byte(s)
[16:41:09.502] BAD_PACKET[COM9] unknown packet ID 0x74; discarded 1 byte(s)
[16:41:09.502] BAD_PACKET[COM9] unknown packet ID 0x6e; discarded 1 byte(s)
[16:41:09.502] BAD_PACKET[COM9] unknown packet ID 0x65; discarded 1 byte(s)
[16:41:09.503] BAD_PACKET[COM9] unknown packet ID 0x73; discarded 1 byte(s)
[16:41:09.503] BAD_PACKET[COM9] unknown packet ID 0x73; discarded 1 byte(s)
[16:41:09.503] BAD_PACKET[COM9] unknown packet ID 0x0d; discarded 1 byte(s)
[16:41:09.504] BAD_PACKET[COM9] unknown packet ID 0x0a; discarded 1 byte(s)
[16:41:09.661] RX[COM9]  01
[16:41:09.662] RX[COM9]  66 04 00 00 a7 ce 00 01 ab 00 03 93 ff 9b e0 ff d6 00 15 00 27 0a
[16:41:09.663] PACKET[COM9] sensors: status=0b0110011000000100, uptime=42958, filtered_accel=[0.01708, 0.0366, -1.02528], gyro=[-2.94, 1.47, 2.73]
[16:41:09.867] RX[COM9]  02
[16:41:09.868] RX[COM9]  66 04 00 00 a8 78 00 00 00 00 00 00 00 00 00 00 00 00 00 00 00 00 00 00 00 00 00 00 00 00 00 00 00 00 00 00 00 00 00 00 00 00 00 00 00 00 00 00 00 00 00 00 00 00 00 00 43 79 be 11 13 e8 0a
[16:41:09.869] PACKET[COM9] state: status=0b0110011000000100, uptime=43128, orientation=[0.0, 0.0, 0.0, 0.0], position=[0.0, 0.0, 0.0], velocity=[0.0, 0.0, 0.0], latitude=0.0, longitude=0.0, gps_altitude=0.0, barometric_altitude=249.742447, witness_battery_voltage=5.096
[16:41:09.933] RX[COM9]  ff
[16:41:09.935] RX[COM9]  67 04 00 00 a8 78 0a
[16:41:09.936] PACKET[COM9] heartbeat: status=0b0110011100000100, uptime=43128
[16:41:10.660] RX[COM9]  01
[16:41:10.663] RX[COM9]  6f 04 00 00 ab b6 00 01 b7 00 03 ab ff 9c 11 ff d6 00 15 00 26 0a
[16:41:10.666] PACKET[COM9] sensors: status=0b0110111100000100, uptime=43958, filtered_accel=[0.01756, 0.03756, -1.02332], gyro=[-2.94, 1.47, 2.66]
[16:41:10.883] RX[COM9]  02
[16:41:10.885] RX[COM9]  6f 04 00 00 ac 60 00 00 00 00 00 00 00 00 00 00 00 00 00 00 00 00 00 00 00 00 00 00 00 00 00 00 00 00 00 00 00 00 00 00 00 00 00 00 00 00 00 00 00 00 00 00 00 00 00 00 43 79 50 7c 13 e8 0a
[16:41:10.888] PACKET[COM9] state: status=0b0110111100000100, uptime=44128, orientation=[0.0, 0.0, 0.0, 0.0], position=[0.0, 0.0, 0.0], velocity=[0.0, 0.0, 0.0], latitude=0.0, longitude=0.0, gps_altitude=0.0, barometric_altitude=249.314392, witness_battery_voltage=5.096
[16:41:10.889] RX[COM9]  ff
[16:41:10.890] RX[COM9]  6e 04 00 00 ac 60 0a
[16:41:10.892] PACKET[COM9] heartbeat: status=0b0110111000000100, uptime=44128
[16:41:11.646] RX[COM9]  01
[16:41:11.647] RX[COM9]  66 04 00 00 af 9e 00 01 b7 00 03 9f ff 9b f8 ff d5 00 15 00 27 0a
[16:41:11.648] PACKET[COM9] sensors: status=0b0110011000000100, uptime=44958, filtered_accel=[0.01756, 0.03708, -1.02432], gyro=[-3.01, 1.47, 2.73]
[16:41:11.872] RX[COM9]  02
[16:41:11.874] RX[COM9]  66 04 00 00 b0 48 00 00 00 00 00 00 00 00 00 00 00 00 00 00 00 00 00 00 00 00 00 00 00 00 00 00 00 00 00 00 00 00 00 00 00 00 00 00 00 00 00 00 00 00 00 00 00 00 00 00 43 79 66 cf 13 e8 0a
[16:41:11.877] PACKET[COM9] state: status=0b0110011000000100, uptime=45128, orientation=[0.0, 0.0, 0.0, 0.0], position=[0.0, 0.0, 0.0], velocity=[0.0, 0.0, 0.0], latitude=0.0, longitude=0.0, gps_altitude=0.0, barometric_altitude=249.401596, witness_battery_voltage=5.096
[16:41:11.933] RX[COM9]  ff
[16:41:11.935] RX[COM9]  67 04 00 00 b0 48 0a
[16:41:11.938] PACKET[COM9] heartbeat: status=0b0110011100000100, uptime=45128
[16:41:12.670] RX[COM9]  01
[16:41:12.673] RX[COM9]  6f 04 00 00 b3 86 00 01 93 00 03 87 ff 9c 04 ff d5 00 15 00 26 0a
[16:41:12.676] PACKET[COM9] sensors: status=0b0110111100000100, uptime=45958, filtered_accel=[0.01612, 0.03612, -1.02384], gyro=[-3.01, 1.47, 2.66]
[16:41:12.845] RX[COM9]  02
[16:41:12.851] RX[COM9]  6f 04 00 00 b4 30 00 00 00 00 00 00 00 00 00 00 00 00 00 00 00 00 00 00 00 00 00 00 00 00 00 00 00 00 00 00 00 00 00 00 00 00 00 00 00 00 00 00 00 00 00 00 00 00 00 00 43 79 3a d7 13 e0 0a
[16:41:12.854] PACKET[COM9] state: status=0b0110111100000100, uptime=46128, orientation=[0.0, 0.0, 0.0, 0.0], position=[0.0, 0.0, 0.0], velocity=[0.0, 0.0, 0.0], latitude=0.0, longitude=0.0, gps_altitude=0.0, barometric_altitude=249.229843, witness_battery_voltage=5.088
[16:41:12.905] RX[COM9]  ff
[16:41:12.907] RX[COM9]  6e 04 00 00 b4 30 0a
[16:41:12.913] PACKET[COM9] heartbeat: status=0b0110111000000100, uptime=46128
[16:41:13.692] RX[COM9]  01
[16:41:13.694] RX[COM9]  66 04 00 00 b7 6e 00 01 93 00 03 9f ff 9b e0 ff d5 00 16 00 27 0a
[16:41:13.697] PACKET[COM9] sensors: status=0b0110011000000100, uptime=46958, filtered_accel=[0.01612, 0.03708, -1.02528], gyro=[-3.01, 1.54, 2.73]
[16:41:13.881] RX[COM9]  02
[16:41:13.883] RX[COM9]  66 04 00 00 b8 18 00 00 00 00 00 00 00 00 00 00 00 00 00 00 00 00 00 00 00 00 00 00 00 00 00 00 00 00 00 00 00 00 00 00 00 00 00 00 00 00 00 00 00 00 00 00 00 00 00 00 43 79 d3 b6 13 f0 0a
[16:41:13.886] PACKET[COM9] state: status=0b0110011000000100, uptime=47128, orientation=[0.0, 0.0, 0.0, 0.0], position=[0.0, 0.0, 0.0], velocity=[0.0, 0.0, 0.0], latitude=0.0, longitude=0.0, gps_altitude=0.0, barometric_altitude=249.826996, witness_battery_voltage=5.104
[16:41:13.887] RX[COM9]  ff
[16:41:13.888] RX[COM9]  67 04 00 00 b8 18 0a
[16:41:13.889] PACKET[COM9] heartbeat: status=0b0110011100000100, uptime=47128
[16:41:14.676] RX[COM9]  01
[16:41:14.680] RX[COM9]  6f 04 00 00 bb 56 00 01 b7 00 03 93 ff 9b f8 ff d5 00 15 00 27 0a
[16:41:14.685] PACKET[COM9] sensors: status=0b0110111100000100, uptime=47958, filtered_accel=[0.01756, 0.0366, -1.02432], gyro=[-3.01, 1.47, 2.73]
[16:41:14.862] RX[COM9]  02
[16:41:14.864] RX[COM9]  6f 04 00 00 bc 00 00 00 00 00 00 00 00 00 00 00 00 00 00 00 00 00 00 00 00 00 00 00 00 00 00 00 00 00 00 00 00 00 00 00 00 00 00 00 00 00 00 00 00 00 00 00 00 00 00 00 43 79 a7 be 13 f0 0a
[16:41:14.866] PACKET[COM9] state: status=0b0110111100000100, uptime=48128, orientation=[0.0, 0.0, 0.0, 0.0], position=[0.0, 0.0, 0.0], velocity=[0.0, 0.0, 0.0], latitude=0.0, longitude=0.0, gps_altitude=0.0, barometric_altitude=249.655243, witness_battery_voltage=5.104
[16:41:14.923] RX[COM9]  ff
[16:41:14.954] RX[COM9]  6e 04 00 00 bc 00 0a
[16:41:14.959] PACKET[COM9] heartbeat: status=0b0110111000000100, uptime=48128
[16:41:15.684] RX[COM9]  01
[16:41:15.687] RX[COM9]  66 04 00 00 bf 3e 00 01 b7 00 03 87 ff 9b f8 ff d6 00 14 00 26 0a
[16:41:15.689] PACKET[COM9] sensors: status=0b0110011000000100, uptime=48958, filtered_accel=[0.01756, 0.03612, -1.02432], gyro=[-2.94, 1.4, 2.66]
[16:41:15.902] RX[COM9]  02
[16:41:15.903] RX[COM9]  66 04 00 00 bf e8 00 00 00 00 00 00 00 00 00 00 00 00 00 00 00 00 00 00 00 00 00 00 00 00 00 00 00 00 00 00 00 00 00 00 00 00 00 00 00 00 00 00 00 00 00 00 00 00 00 00 43 79 66 cf 13 ec 0a
[16:41:15.906] PACKET[COM9] state: status=0b0110011000000100, uptime=49128, orientation=[0.0, 0.0, 0.0, 0.0], position=[0.0, 0.0, 0.0], velocity=[0.0, 0.0, 0.0], latitude=0.0, longitude=0.0, gps_altitude=0.0, barometric_altitude=249.401596, witness_battery_voltage=5.1
[16:41:15.909] RX[COM9]  ff
[16:41:15.913] RX[COM9]  67 04 00 00 bf e8 0a
[16:41:15.929] PACKET[COM9] heartbeat: status=0b0110011100000100, uptime=49128
[16:41:18.344] RX[COM9]  01
[16:41:18.355] RX[COM9]  66 00 00 00 03 a0 00 01 9f 00 03 93 ff 9b ec ff d6 00 14 00 27 0a
[16:41:18.373] PACKET[COM9] sensors: status=0b0110011000000000, uptime=928, filtered_accel=[0.0166, 0.0366, -1.0248], gyro=[-2.94, 1.4, 2.73]
[16:41:18.550] RX[COM9]  02
[16:41:18.552] RX[COM9]  6e 00 00 00 04 68 00 00 00 00 00 00 00 00 00 00 00 00 00 00 00 00 00 00 00 00 00 00 00 00 00 00 00 00 00 00 00 00 00 00 00 00 00 00 00 00 00 00 00 00 00 00 00 00 00 00 43 79 be 11 13 e8 0a
[16:41:18.557] PACKET[COM9] state: status=0b0110111000000000, uptime=1128, orientation=[0.0, 0.0, 0.0, 0.0], position=[0.0, 0.0, 0.0], velocity=[0.0, 0.0, 0.0], latitude=0.0, longitude=0.0, gps_altitude=0.0, barometric_altitude=249.742447, witness_battery_voltage=5.096
[16:41:18.624] RX[COM9]  ff
[16:41:18.636] RX[COM9]  6f 00 00 00 04 68 0a
[16:41:18.646] PACKET[COM9] heartbeat: status=0b0110111100000000, uptime=1128
[16:41:19.367] RX[COM9]  01
[16:41:19.379] RX[COM9]  6f 00 00 00 07 a6 00 01 b7 00 03 93 ff 9b f8 ff d5 00 14 00 27 0a
[16:41:19.383] PACKET[COM9] sensors: status=0b0110111100000000, uptime=1958, filtered_accel=[0.01756, 0.0366, -1.02432], gyro=[-3.01, 1.4, 2.73]
[16:41:19.565] RX[COM9]  02
[16:41:19.568] RX[COM9]  67 00 00 00 08 50 00 00 00 00 00 00 00 00 00 00 00 00 00 00 00 00 00 00 00 00 00 00 00 00 00 00 00 00 00 00 00 00 00 00 00 00 00 00 00 00 00 00 00 00 00 00 00 00 00 00 43 79 66 cf 13 e8 0a
[16:41:19.570] PACKET[COM9] state: status=0b0110011100000000, uptime=2128, orientation=[0.0, 0.0, 0.0, 0.0], position=[0.0, 0.0, 0.0], velocity=[0.0, 0.0, 0.0], latitude=0.0, longitude=0.0, gps_altitude=0.0, barometric_altitude=249.401596, witness_battery_voltage=5.096
[16:41:19.628] RX[COM9]  ff
[16:41:19.632] RX[COM9]  66 00 00 00 08 51 0a
[16:41:19.637] PACKET[COM9] heartbeat: status=0b0110011000000000, uptime=2129
[16:41:20.349] RX[COM9]  01
[16:41:20.352] RX[COM9]  6e 00 00 00 0b 8e 00 01 b7 00 03 9f ff 9b ec ff d5 00 15 00 27 0a
[16:41:20.357] PACKET[COM9] sensors: status=0b0110111000000000, uptime=2958, filtered_accel=[0.01756, 0.03708, -1.0248], gyro=[-3.01, 1.47, 2.73]
[16:41:20.548] RX[COM9]  02
[16:41:20.553] RX[COM9]  6e 00 00 00 0c 38 00 00 00 00 00 00 00 00 00 00 00 00 00 00 00 00 00 00 00 00 00 00 00 00 00 00 00 00 00 00 00 00 00 00 00 00 00 00 00 00 00 00 00 00 00 00 00 00 00 00 43 79 25 32 13 ec 0a
[16:41:20.555] PACKET[COM9] state: status=0b0110111000000000, uptime=3128, orientation=[0.0, 0.0, 0.0, 0.0], position=[0.0, 0.0, 0.0], velocity=[0.0, 0.0, 0.0], latitude=0.0, longitude=0.0, gps_altitude=0.0, barometric_altitude=249.145294, witness_battery_voltage=5.1
[16:41:20.611] RX[COM9]  ff
[16:41:20.612] RX[COM9]  6f 00 00 00 0c 38 0a
[16:41:20.614] PACKET[COM9] heartbeat: status=0b0110111100000000, uptime=3128
