[12:49:18.478] RX[COM10]  01
[12:49:18.481] RX[COM10]  0b 00 00 06 05 16 ff fe 55 00 14 e0 ff 9e f9 ff db 00 13 00 21
[12:49:18.484] PACKET[COM10] sensors: status=2816, uptime=394518, filtered_accel=[-0.01708, 0.21376, -0.99356], gyro=[-2.59, 1.33, 2.31]
[12:49:18.541] RX[COM10]  01
[12:49:18.542] RX[COM10]  0f 00 00 06 05 7a ff fe 49 00 14 d3 ff 9e d4 ff d9 00 15 00 22
[12:49:18.545] PACKET[COM10] sensors: status=3840, uptime=394618, filtered_accel=[-0.01756, 0.21324, -0.99504], gyro=[-2.73, 1.47, 2.38]
[12:49:18.649] RX[COM10]  01
[12:49:18.650] RX[COM10]  0f 00 00 06 05 de ff fe 55 00 14 f8 ff 9e d4 ff da 00 12 00 21
[12:49:18.654] PACKET[COM10] sensors: status=3840, uptime=394718, filtered_accel=[-0.01708, 0.21472, -0.99504], gyro=[-2.66, 1.26, 2.31]
[12:49:18.756] RX[COM10]  01
[12:49:18.757] RX[COM10]  0f 00 00 06 06 42 ff fe 6d 00 15 29 ff 9e e0 ff da 00 12 00 21
[12:49:18.759] PACKET[COM10] sensors: status=3840, uptime=394818, filtered_accel=[-0.01612, 0.21668, -0.99456], gyro=[-2.66, 1.26, 2.31]
[12:49:18.861] RX[COM10]  01
[12:49:18.861] RX[COM10]  0f 00 00 06 06 a6 ff fe 92 00 15 41 ff 9e c8 ff dc 00 11 00 21
[12:49:18.866] PACKET[COM10] sensors: status=3840, uptime=394918, filtered_accel=[-0.01464, 0.21764, -0.99552], gyro=[-2.52, 1.19, 2.31]
[12:49:18.976] RX[COM10]  01
[12:49:18.977] RX[COM10]  0b 00 00 06 07 0a ff fe 3d 00 14 ec ff 9e b0 ff db 00 10 00 21
[12:49:18.980] PACKET[COM10] sensors: status=2816, uptime=395018, filtered_accel=[-0.01804, 0.21424, -0.99648], gyro=[-2.59, 1.12, 2.31]
[12:49:18.980] RX[COM21]  03
[12:49:18.981] RX[COM21]  00 00 00 00 00 00 00 00 00 06 07 37 00 00 00 34 82 43
[12:49:18.983] PACKET[COM21] camera: fc_status=0, fc_uptime=0, status=0, uptime=395063, current_sense=[0.0, 0.0, 0.0], iris_battery_voltage=13.442
[12:49:18.983] BAD_PACKET[COM21] unknown packet ID 0x43; discarded 1 byte
[12:49:19.086] RX[COM10]  01
[12:49:19.086] RX[COM10]  0b 00 00 06 07 6e ff fe 7a 00 15 10 ff 9e bc ff da 00 13 00 20 ff 01 00 00 06 07 6e 02 10 00 00 06 07 6e 00 00 00 00 00 00 00 00 00 00 00 00 00 00 00 00 00 00 00 00 00 00 00 00 00 00 00 00 00 00 00 00 00 00 00 00 00 00 00 00 00 00 00 00 00 00 00 00 00 00 43 41 70 30 13 f0
[12:49:19.089] PACKET[COM10] sensors: status=2816, uptime=395118, filtered_accel=[-0.0156, 0.21568, -0.996], gyro=[-2.66, 1.33, 2.24]
[12:49:19.091] PACKET[COM10] heartbeat: status=256, uptime=395118
[12:49:19.093] PACKET[COM10] state: status=4096, uptime=395118, orientation=[0.0, 0.0, 0.0, 0.0], position=[0.0, 0.0, 0.0], velocity=[0.0, 0.0, 0.0], latitude=0.0, longitude=0.0, gps_altitude=0.0, barometric_altitude=193.438232, witness_battery_voltage=5.104
[12:49:19.150] RX[COM10]  01
[12:49:19.151] RX[COM10]  0b 00 00 06 07 d2 ff fe aa 00 15 29 ff 9e c8 ff da 00 15 00 21
[12:49:19.155] PACKET[COM10] sensors: status=2816, uptime=395218, filtered_accel=[-0.01368, 0.21668, -0.99552], gyro=[-2.66, 1.47, 2.31]
[12:49:19.269] RX[COM10]  01
[12:49:19.270] RX[COM10]  0f 00 00 06 08 36 ff fe 6d 00 15 04 ff 9e e0 ff da 00 12 00 21
[12:49:19.273] PACKET[COM10] sensors: status=3840, uptime=395318, filtered_accel=[-0.01612, 0.2152, -0.99456], gyro=[-2.66, 1.26, 2.31]
[12:49:19.385] RX[COM10]  01
[12:49:19.386] RX[COM10]  0f 00 00 06 08 9a ff fe 30 00 14 ec ff 9e d4 ff dc 00 0e 00 1f
[12:49:19.388] PACKET[COM10] sensors: status=3840, uptime=395418, filtered_accel=[-0.01856, 0.21424, -0.99504], gyro=[-2.52, 0.98, 2.17]
[12:49:19.440] RX[COM10]  01
[12:49:19.441] RX[COM10]  0f 00 00 06 08 fe ff fe 30 00 14 d3 ff 9e c8 ff da 00 13 00 21
[12:49:19.443] PACKET[COM10] sensors: status=3840, uptime=395518, filtered_accel=[-0.01856, 0.21324, -0.99552], gyro=[-2.66, 1.33, 2.31]
[12:49:19.560] RX[COM10]  01
[12:49:19.561] RX[COM10]  0f 00 00 06 09 62 ff fe 49 00 15 10 ff 9e d4 ff da 00 14 00 21
[12:49:19.564] PACKET[COM10] sensors: status=3840, uptime=395618, filtered_accel=[-0.01756, 0.21568, -0.99504], gyro=[-2.66, 1.4, 2.31]
[12:49:19.685] RX[COM10]  01
[12:49:19.686] RX[COM10]  0b 00 00 06 09 c6 ff fe 3d 00 15 04 ff 9e ed ff d9 00 16 00 21
[12:49:19.690] PACKET[COM10] sensors: status=2816, uptime=395718, filtered_accel=[-0.01804, 0.2152, -0.99404], gyro=[-2.73, 1.54, 2.31]
[12:49:19.743] RX[COM10]  01
[12:49:19.744] RX[COM10]  0b 00 00 06 0a 2a ff fe 30 00 14 bb ff 9e ed ff dc 00 0d 00 1f
[12:49:19.747] PACKET[COM10] sensors: status=2816, uptime=395818, filtered_accel=[-0.01856, 0.21228, -0.99404], gyro=[-2.52, 0.91, 2.17]
[12:49:19.852] RX[COM10]  01
[12:49:19.853] RX[COM10]  0b 00 00 06 0a 8e ff fe 30 00 14 f8 ff 9e ed ff d9 00 14 00 21
[12:49:19.856] PACKET[COM10] sensors: status=2816, uptime=395918, filtered_accel=[-0.01856, 0.21472, -0.99404], gyro=[-2.73, 1.4, 2.31]
[12:49:19.969] RX[COM10]  01
[12:49:19.970] RX[COM10]  0f 00 00 06 0a f2 ff fe 61 00 14 f8 ff 9e e0 ff da 00 14 00 22
[12:49:19.973] PACKET[COM10] sensors: status=3840, uptime=396018, filtered_accel=[-0.0166, 0.21472, -0.99456], gyro=[-2.66, 1.4, 2.38]
[12:49:20.036] RX[COM21]  03
[12:49:20.041] RX[COM21]  00 00 00 00 00 00 00 00 00 06 0b 1f 00 00 00 34 83 39
[12:49:20.044] PACKET[COM21] camera: fc_status=0, fc_uptime=0, status=0, uptime=396063, current_sense=[0.0, 0.0, 0.0], iris_battery_voltage=13.443
[12:49:20.044] BAD_PACKET[COM21] unknown packet ID 0x39; discarded 1 byte
[12:49:20.045] RX[COM10]  01
[12:49:20.045] RX[COM10]  0f 00 00 06 0b 56 ff fe 49 00 14 d3 ff 9e d4 ff dc 00 10 00 21 02 10 00 00 06 0b 56 00 00 00 00 00 00 00 00 00 00 00 00 00 00 00 00 00 00 00 00 00 00 00 00 00 00 00 00 00 00 00 00 00 00 00 00 00 00 00 00 00 00 00 00 00 00 00 00 00 00 43 41 5a 8b 13 f0 ff 00 00 00 06 0b 56
[12:49:20.047] PACKET[COM10] sensors: status=3840, uptime=396118, filtered_accel=[-0.01756, 0.21324, -0.99504], gyro=[-2.52, 1.12, 2.31]
[12:49:20.049] PACKET[COM10] state: status=4096, uptime=396118, orientation=[0.0, 0.0, 0.0, 0.0], position=[0.0, 0.0, 0.0], velocity=[0.0, 0.0, 0.0], latitude=0.0, longitude=0.0, gps_altitude=0.0, barometric_altitude=193.353683, witness_battery_voltage=5.104
[12:49:20.051] PACKET[COM10] heartbeat: status=0, uptime=396118
[12:49:20.161] RX[COM10]  01
[12:49:20.162] RX[COM10]  0f 00 00 06 0b ba ff fe 3d 00 14 d3 ff 9e c8 ff db 00 11 00 20
[12:49:20.165] PACKET[COM10] sensors: status=3840, uptime=396218, filtered_accel=[-0.01804, 0.21324, -0.99552], gyro=[-2.59, 1.19, 2.24]
[12:49:20.276] RX[COM10]  01
[12:49:20.277] RX[COM10]  0f 00 00 06 0c 1e ff fe 3d 00 14 e0 ff 9e f9 ff da 00 13 00 21
[12:49:20.279] PACKET[COM10] sensors: status=3840, uptime=396318, filtered_accel=[-0.01804, 0.21376, -0.99356], gyro=[-2.66, 1.33, 2.31]
[12:49:20.342] RX[COM10]  01
[12:49:20.343] RX[COM10]  0b 00 00 06 0c 82 ff fe 6d 00 14 f8 ff 9e c8 ff d9 00 14 00 21
[12:49:20.346] PACKET[COM10] sensors: status=2816, uptime=396418, filtered_accel=[-0.01612, 0.21472, -0.99552], gyro=[-2.73, 1.4, 2.31]
[12:49:20.462] RX[COM10]  01
[12:49:20.464] RX[COM10]  0b 00 00 06 0c e6 ff fe 3d 00 14 f8 ff 9f 05 ff db 00 11 00 20
[12:49:20.467] PACKET[COM10] sensors: status=2816, uptime=396518, filtered_accel=[-0.01804, 0.21472, -0.99308], gyro=[-2.59, 1.19, 2.24]
[12:49:20.586] RX[COM10]  01
[12:49:20.587] RX[COM10]  0b 00 00 06 0d 4a ff fe 55 00 14 e0 ff 9e c8 ff d9 00 14 00 21
[12:49:20.590] PACKET[COM10] sensors: status=2816, uptime=396618, filtered_accel=[-0.01708, 0.21376, -0.99552], gyro=[-2.73, 1.4, 2.31]
[12:49:20.647] RX[COM10]  01
[12:49:20.648] RX[COM10]  0f 00 00 06 0d ae ff fe 24 00 14 ec ff 9e d4 ff df 00 0a 00 20
[12:49:20.651] PACKET[COM10] sensors: status=3840, uptime=396718, filtered_accel=[-0.01904, 0.21424, -0.99504], gyro=[-2.31, 0.7, 2.24]
[12:49:20.759] RX[COM10]  01
[12:49:20.761] RX[COM10]  0f 00 00 06 0e 12 ff fe 61 00 14 f8 ff 9f 11 ff db 00 11 00 21
[12:49:20.765] PACKET[COM10] sensors: status=3840, uptime=396818, filtered_accel=[-0.0166, 0.21472, -0.9926], gyro=[-2.59, 1.19, 2.31]
[12:49:20.871] RX[COM10]  01
[12:49:20.871] RX[COM10]  0f 00 00 06 0e 76 ff fe 61 00 15 10 ff 9e f9 ff d5 00 1d 00 23
[12:49:20.874] PACKET[COM10] sensors: status=3840, uptime=396918, filtered_accel=[-0.0166, 0.21568, -0.99356], gyro=[-3.01, 2.03, 2.45]
[12:49:20.977] RX[COM10]  01
[12:49:20.978] RX[COM10]  0f 00 00 06 0e da ff fe 6d 00 14 ec ff 9e bc ff da 00 11 00 21
[12:49:20.981] PACKET[COM10] sensors: status=3840, uptime=397018, filtered_accel=[-0.01612, 0.21424, -0.996], gyro=[-2.66, 1.19, 2.31]
[12:49:20.981] RX[COM21]  03
[12:49:20.982] RX[COM21]  00 00 00 00 00 00 00 00 00 06 0f 07 00 00 00 34 83 ef
[12:49:20.983] PACKET[COM21] camera: fc_status=0, fc_uptime=0, status=0, uptime=397063, current_sense=[0.0, 0.0, 0.0], iris_battery_voltage=13.443
[12:49:20.984] BAD_PACKET[COM21] unknown packet ID 0xef; discarded 1 byte
[12:49:21.044] RX[COM10]  01
[12:49:21.047] RX[COM10]  0b 00 00 06 0f 3e ff fe 55 00 14 f8 ff 9e ed ff dd 00 0c 00 20 02 10 00 00 06 0f 3e 00 00 00 00 00 00 00 00 00 00 00 00 00 00 00 00 00 00 00 00 00 00 00 00 00 00 00 00 00 00 00 00 00 00 00 00 00 00 00 00 00 00 00 00 00 00 00 00 00 00 43 41 86 82 13 f0 ff 01 00 00 06 0f 3e
[12:49:21.050] PACKET[COM10] sensors: status=2816, uptime=397118, filtered_accel=[-0.01708, 0.21472, -0.99404], gyro=[-2.45, 0.84, 2.24]
[12:49:21.052] PACKET[COM10] state: status=4096, uptime=397118, orientation=[0.0, 0.0, 0.0, 0.0], position=[0.0, 0.0, 0.0], velocity=[0.0, 0.0, 0.0], latitude=0.0, longitude=0.0, gps_altitude=0.0, barometric_altitude=193.525421, witness_battery_voltage=5.104
[12:49:21.054] PACKET[COM10] heartbeat: status=256, uptime=397118
[12:49:21.160] RX[COM10]  01
[12:49:21.164] RX[COM10]  0b 00 00 06 0f a2 ff fe 49 00 14 c7 ff 9f 11 ff de 00 0d 00 1f
[12:49:21.167] PACKET[COM10] sensors: status=2816, uptime=397218, filtered_accel=[-0.01756, 0.21276, -0.9926], gyro=[-2.38, 0.91, 2.17]
[12:49:21.285] RX[COM10]  01
[12:49:21.287] RX[COM10]  0b 00 00 06 10 06 ff fe 61 00 14 ec ff 9f 05 ff d9 00 16 00 21
[12:49:21.289] PACKET[COM10] sensors: status=2816, uptime=397318, filtered_accel=[-0.0166, 0.21424, -0.99308], gyro=[-2.73, 1.54, 2.31]
[12:49:21.344] RX[COM10]  01
[12:49:21.345] RX[COM10]  0f 00 00 06 10 6a ff fe 55 00 14 f8 ff 9e d4 ff d8 00 18 00 22
[12:49:21.349] PACKET[COM10] sensors: status=3840, uptime=397418, filtered_accel=[-0.01708, 0.21472, -0.99504], gyro=[-2.8, 1.68, 2.38]
[12:49:21.453] RX[COM10]  01
[12:49:21.454] RX[COM10]  0f 00 00 06 10 ce ff fe 55 00 15 04 ff 9e c8 ff da 00 13 00 22
[12:49:21.458] PACKET[COM10] sensors: status=3840, uptime=397518, filtered_accel=[-0.01708, 0.2152, -0.99552], gyro=[-2.66, 1.33, 2.38]
[12:49:21.568] RX[COM10]  01
[12:49:21.569] RX[COM10]  0f 00 00 06 11 32 ff fe 6d 00 15 04 ff 9e d4 ff db 00 11 00 21
[12:49:21.572] PACKET[COM10] sensors: status=3840, uptime=397618, filtered_accel=[-0.01612, 0.2152, -0.99504], gyro=[-2.59, 1.19, 2.31]
[12:49:21.686] RX[COM10]  01
[12:49:21.687] RX[COM10]  0f 00 00 06 11 96 ff fe 49 00 14 ec ff 9e f9 ff db 00 10 00 21
[12:49:21.689] PACKET[COM10] sensors: status=3840, uptime=397718, filtered_accel=[-0.01756, 0.21424, -0.99356], gyro=[-2.59, 1.12, 2.31]
[12:49:21.742] RX[COM10]  01
[12:49:21.743] RX[COM10]  0b 00 00 06 11 fa ff fe 49 00 14 ec ff 9e e0 ff da 00 12 00 22
[12:49:21.746] PACKET[COM10] sensors: status=2816, uptime=397818, filtered_accel=[-0.01756, 0.21424, -0.99456], gyro=[-2.66, 1.26, 2.38]
[12:49:21.861] RX[COM10]  01
[12:49:21.862] RX[COM10]  0b 00 00 06 12 5e ff fe 49 00 15 04 ff 9e c8 ff d9 00 14 00 21
[12:49:21.865] PACKET[COM10] sensors: status=2816, uptime=397918, filtered_accel=[-0.01756, 0.2152, -0.99552], gyro=[-2.73, 1.4, 2.31]
[12:49:21.981] RX[COM10]  01
[12:49:21.986] RX[COM10]  0b 00 00 06 12 c2 ff fe 6d 00 15 1d ff 9e d4 ff db 00 12 00 21
[12:49:22.003] PACKET[COM10] sensors: status=2816, uptime=398018, filtered_accel=[-0.01612, 0.2162, -0.99504], gyro=[-2.59, 1.26, 2.31]
[12:49:22.004] RX[COM21]  03
[12:49:22.004] RX[COM21]  00 00 00 00 00 00 00 00 00 06 12 ef 00 00 00 34 ee 09
[12:49:22.006] PACKET[COM21] camera: fc_status=0, fc_uptime=0, status=0, uptime=398063, current_sense=[0.0, 0.0, 0.0], iris_battery_voltage=13.55
[12:49:22.006] BAD_PACKET[COM21] unknown packet ID 0x09; discarded 1 byte
[12:49:22.065] RX[COM10]  01
[12:49:22.066] RX[COM10]  0f 00 00 06 13 26 ff fe 3d 00 14 d3 ff 9e ed ff da 00 13 00 21
[12:49:22.070] PACKET[COM10] sensors: status=3840, uptime=398118, filtered_accel=[-0.01804, 0.21324, -0.99404], gyro=[-2.66, 1.33, 2.31]
[12:49:22.070] RX[COM10]  02 10 00 00 06 13 26 00 00 00 00 00 00 00 00 00 00 00 00 00 00 00 00 00 00 00 00 00 00 00 00 00 00 00 00 00 00 00 00 00 00 00 00 00 00 00 00 00 00 00 00 00 00 00 00 00 00 43 41 c7 72 13 f0 ff 00 00 00 06 13 26
[12:49:22.072] PACKET[COM10] state: status=4096, uptime=398118, orientation=[0.0, 0.0, 0.0, 0.0], position=[0.0, 0.0, 0.0], velocity=[0.0, 0.0, 0.0], latitude=0.0, longitude=0.0, gps_altitude=0.0, barometric_altitude=193.779083, witness_battery_voltage=5.104
[12:49:22.074] PACKET[COM10] heartbeat: status=0, uptime=398118
[12:49:22.187] RX[COM10]  01
[12:49:22.188] RX[COM10]  0f 00 00 06 13 8a ff fe 49 00 14 ec ff 9e a3 ff da 00 12 00 20
[12:49:22.191] PACKET[COM10] sensors: status=3840, uptime=398218, filtered_accel=[-0.01756, 0.21424, -0.997], gyro=[-2.66, 1.26, 2.24]
[12:49:22.247] RX[COM10]  01
[12:49:22.247] RX[COM10]  0f 00 00 06 13 ee ff fe 3d 00 14 f8 ff 9e c8 ff db 00 13 00 21
[12:49:22.250] PACKET[COM10] sensors: status=3840, uptime=398318, filtered_accel=[-0.01804, 0.21472, -0.99552], gyro=[-2.59, 1.33, 2.31]
[12:49:22.352] RX[COM10]  01
[12:49:22.353] RX[COM10]  0f 00 00 06 14 52 ff fe 86 00 14 f8 ff 9f 67 ff d7 00 14 00 21
[12:49:22.356] PACKET[COM10] sensors: status=3840, uptime=398418, filtered_accel=[-0.01512, 0.21472, -0.98916], gyro=[-2.87, 1.4, 2.31]
[12:49:22.458] RX[COM10]  01
[12:49:22.458] RX[COM10]  0b 00 00 06 14 b6 ff fe 3d 00 14 bb ff 9f ed ff d9 00 10 00 21
[12:49:22.461] PACKET[COM10] sensors: status=2816, uptime=398518, filtered_accel=[-0.01804, 0.21228, -0.9838], gyro=[-2.73, 1.12, 2.31]
[12:49:22.561] RX[COM10]  01
[12:49:22.562] RX[COM10]  0b 00 00 06 15 1a ff fe 3d 00 14 e0 ff 9e 8b ff d9 00 14 00 21
[12:49:22.566] PACKET[COM10] sensors: status=2816, uptime=398618, filtered_accel=[-0.01804, 0.21376, -0.99796], gyro=[-2.73, 1.4, 2.31]
[12:49:22.669] RX[COM10]  01
[12:49:22.670] RX[COM10]  0b 00 00 06 15 7e ff fe 3d 00 14 ec ff 9e d4 ff db 00 13 00 20
[12:49:22.672] PACKET[COM10] sensors: status=2816, uptime=398718, filtered_accel=[-0.01804, 0.21424, -0.99504], gyro=[-2.59, 1.33, 2.24]
[12:49:22.784] RX[COM10]  01
[12:49:22.784] RX[COM10]  0f 00 00 06 15 e2 ff fe 55 00 14 ec ff 9e ed ff db 00 12 00 22
[12:49:22.787] PACKET[COM10] sensors: status=3840, uptime=398818, filtered_accel=[-0.01708, 0.21424, -0.99404], gyro=[-2.59, 1.26, 2.38]
[12:49:22.846] RX[COM10]  01
[12:49:22.846] RX[COM10]  0f 00 00 06 16 46 ff fe 3d 00 14 ec ff 9e f9 ff db 00 13 00 20
[12:49:22.850] PACKET[COM10] sensors: status=3840, uptime=398918, filtered_accel=[-0.01804, 0.21424, -0.99356], gyro=[-2.59, 1.33, 2.24]
[12:49:22.959] RX[COM10]  01
[12:49:22.960] RX[COM10]  0f 00 00 06 16 aa ff fe 49 00 14 d3 ff 9e e0 ff da 00 12 00 20
[12:49:22.962] PACKET[COM10] sensors: status=3840, uptime=399018, filtered_accel=[-0.01756, 0.21324, -0.99456], gyro=[-2.66, 1.26, 2.24]
[12:49:23.013] RX[COM21]  03
[12:49:23.014] RX[COM21]  00 00 00 00 00 00 00 00 00 06 16 d7 00 00 00 34 e6 6b
[12:49:23.017] PACKET[COM21] camera: fc_status=0, fc_uptime=0, status=0, uptime=399063, current_sense=[0.0, 0.0, 0.0], iris_battery_voltage=13.542
[12:49:23.018] BAD_PACKET[COM21] unknown packet ID 0x6b; discarded 1 byte
[12:49:23.068] RX[COM10]  01
[12:49:23.069] RX[COM10]  0f 00 00 06 17 0e ff fe 30 00 14 f8 ff 9e 5a ff db 00 14 00 20
[12:49:23.073] PACKET[COM10] sensors: status=3840, uptime=399118, filtered_accel=[-0.01856, 0.21472, -0.99992], gyro=[-2.59, 1.4, 2.24]
[12:49:23.073] RX[COM10]  02 10 00 00 06 17 0e 00 00 00 00 00 00 00 00 00 00 00 00 00 00 00 00 00 00 00 00 00 00 00 00 00 00 00 00 00 00 00 00 00 00 00 00 00 00 00 00 00 00 00 00 00 00 00 00 00 00 43 41 5a 8b 13 f0
[12:49:23.075] PACKET[COM10] state: status=4096, uptime=399118, orientation=[0.0, 0.0, 0.0, 0.0], position=[0.0, 0.0, 0.0], velocity=[0.0, 0.0, 0.0], latitude=0.0, longitude=0.0, gps_altitude=0.0, barometric_altitude=193.353683, witness_battery_voltage=5.104
[12:49:23.075] RX[COM10]  ff 01 00 00 06 17 0e
[12:49:23.077] PACKET[COM10] heartbeat: status=256, uptime=399118
[12:49:23.182] RX[COM10]  01
[12:49:23.183] RX[COM10]  0b 00 00 06 17 72 ff fe 55 00 14 f8 ff 9f 05 ff dc 00 11 00 21
[12:49:23.189] PACKET[COM10] sensors: status=2816, uptime=399218, filtered_accel=[-0.01708, 0.21472, -0.99308], gyro=[-2.52, 1.19, 2.31]
[12:49:23.240] RX[COM10]  01
[12:49:23.241] RX[COM10]  0b 00 00 06 17 d6 ff fe 49 00 14 f8 ff 9e f9 ff db 00 12 00 21
[12:49:23.244] PACKET[COM10] sensors: status=2816, uptime=399318, filtered_accel=[-0.01756, 0.21472, -0.99356], gyro=[-2.59, 1.26, 2.31]
[12:49:23.352] RX[COM10]  01
[12:49:23.352] RX[COM10]  0b 00 00 06 18 3a ff fe 49 00 14 e0 ff 9e ed ff da 00 13 00 22
[12:49:23.355] PACKET[COM10] sensors: status=2816, uptime=399418, filtered_accel=[-0.01756, 0.21376, -0.99404], gyro=[-2.66, 1.33, 2.38]
[12:49:23.462] RX[COM10]  01
[12:49:23.462] RX[COM10]  0f 00 00 06 18 9e ff fe 6d 00 15 10 ff 9e f9 ff db 00 14 00 22
[12:49:23.465] PACKET[COM10] sensors: status=3840, uptime=399518, filtered_accel=[-0.01612, 0.21568, -0.99356], gyro=[-2.59, 1.4, 2.38]
[12:49:23.569] RX[COM10]  01
[12:49:23.570] RX[COM10]  0f 00 00 06 19 02 ff fe 61 00 15 04 ff 9e f9 ff d9 00 16 00 21
[12:49:23.572] PACKET[COM10] sensors: status=3840, uptime=399618, filtered_accel=[-0.0166, 0.2152, -0.99356], gyro=[-2.73, 1.54, 2.31]
[12:49:23.685] RX[COM10]  01
[12:49:23.686] RX[COM10]  0f 00 00 06 19 66 ff fe 6d 00 15 04 ff 9e e0 ff da 00 11 00 21
[12:49:23.690] PACKET[COM10] sensors: status=3840, uptime=399718, filtered_accel=[-0.01612, 0.2152, -0.99456], gyro=[-2.66, 1.19, 2.31]
[12:49:23.749] RX[COM10]  01
[12:49:23.750] RX[COM10]  0f 00 00 06 19 ca ff fe 55 00 14 d3 ff 9e f9 ff dd 00 0e 00 21
[12:49:23.753] PACKET[COM10] sensors: status=3840, uptime=399818, filtered_accel=[-0.01708, 0.21324, -0.99356], gyro=[-2.45, 0.98, 2.31]
[12:49:23.869] RX[COM10]  01
[12:49:23.870] RX[COM10]  0b 00 00 06 1a 2e ff fd 92 00 12 a2 ff a6 74 ff d8 ff f9 00 1d
[12:49:23.873] PACKET[COM10] sensors: status=2816, uptime=399918, filtered_accel=[-0.02488, 0.1908, -0.91696], gyro=[-2.8, -0.49, 2.03]
[12:49:23.983] RX[COM10]  01
[12:49:23.984] RX[COM10]  0b 00 00 06 1a 92 ff fe 9e 00 14 ec ff 9c e0 ff eb ff f3 00 1e
[12:49:23.986] PACKET[COM10] sensors: status=2816, uptime=400018, filtered_accel=[-0.01416, 0.21424, -1.01504], gyro=[-1.47, -0.91, 2.1]
[12:49:23.986] RX[COM21]  03
[12:49:23.987] RX[COM21]  00 00 00 00 00 00 00 00 00 06 1a bf 00 00 00 34 f6 79
[12:49:23.988] PACKET[COM21] camera: fc_status=0, fc_uptime=0, status=0, uptime=400063, current_sense=[0.0, 0.0, 0.0], iris_battery_voltage=13.558
[12:49:23.989] BAD_PACKET[COM21] unknown packet ID 0x79; discarded 1 byte
[12:49:24.044] RX[COM10]  01
[12:49:24.045] RX[COM10]  0b 00 00 06 1a f6 ff fc cf 00 17 05 ff 9a 66 ff ea 00 1b 00 27 02 10 00 00 06 1a f6 00 00 00 00 00 00 00 00 00 00 00 00 00 00 00 00 00 00 00 00 00 00 00 00 00 00 00 00 00 00 00 00 00 00 00 00 00 00 00 00 00 00 00 00 00 00 00 00 00 00 43 41 9c 28 13 f0 ff 00 00 00 06 1a f6
[12:49:24.048] PACKET[COM10] sensors: status=2816, uptime=400118, filtered_accel=[-0.03268, 0.23572, -1.0404], gyro=[-1.54, 1.89, 2.73]
[12:49:24.050] PACKET[COM10] state: status=4096, uptime=400118, orientation=[0.0, 0.0, 0.0, 0.0], position=[0.0, 0.0, 0.0], velocity=[0.0, 0.0, 0.0], latitude=0.0, longitude=0.0, gps_altitude=0.0, barometric_altitude=193.609985, witness_battery_voltage=5.104
[12:49:24.052] PACKET[COM10] heartbeat: status=0, uptime=400118
[12:49:24.152] RX[COM10]  01
[12:49:24.153] RX[COM10]  0f 00 00 06 1b 5a ff fe 6d 00 15 29 ff 9d 11 ff ee ff f5 00 20
[12:49:24.156] PACKET[COM10] sensors: status=3840, uptime=400218, filtered_accel=[-0.01612, 0.21668, -1.01308], gyro=[-1.26, -0.77, 2.24]
[12:49:24.275] RX[COM10]  01
[12:49:24.276] RX[COM10]  0f 00 00 06 1b be ff fa c2 00 11 96 ff b1 15 00 01 ff c6 00 1c
[12:49:24.281] PACKET[COM10] sensors: status=3840, uptime=400318, filtered_accel=[-0.05368, 0.18008, -0.80812], gyro=[0.07, -4.06, 1.96]
[12:49:24.350] RX[COM10]  01
[12:49:24.352] RX[COM10]  0f 00 00 06 1c 22 ff ff 18 00 15 af ff 9d 11 ff c7 00 31 00 23
[12:49:24.355] PACKET[COM10] sensors: status=3840, uptime=400418, filtered_accel=[-0.00928, 0.22204, -1.01308], gyro=[-3.99, 3.43, 2.45]
[12:49:24.461] RX[COM10]  01
[12:49:24.466] RX[COM10]  0f 00 00 06 1c 86 ff fe 0c 00 15 a3 ff a4 ee ff cc 00 58 00 2b
[12:49:24.469] PACKET[COM10] sensors: status=3840, uptime=400518, filtered_accel=[-0.02, 0.22156, -0.93256], gyro=[-3.64, 6.16, 3.01]
[12:49:24.570] RX[COM10]  01
[12:49:24.572] RX[COM10]  0b 00 00 06 1c ea ff fe 6d 00 14 d3 ff 9d a3 ff ed ff f7 00 21
[12:49:24.575] PACKET[COM10] sensors: status=2816, uptime=400618, filtered_accel=[-0.01612, 0.21324, -1.00724], gyro=[-1.33, -0.63, 2.31]
[12:49:24.686] RX[COM10]  01
[12:49:24.693] RX[COM10]  0b 00 00 06 1d 4e ff fe cf 00 15 29 ff 99 65 ff e6 ff e3 00 1b
[12:49:24.696] PACKET[COM10] sensors: status=2816, uptime=400718, filtered_accel=[-0.0122, 0.21668, -1.05068], gyro=[-1.82, -2.03, 1.89]
[12:49:24.752] RX[COM10]  01
[12:49:24.753] RX[COM10]  0b 00 00 06 1d b2 ff fe 6d 00 15 10 ff 9e 1d ff d1 00 24 00 21
[12:49:24.757] PACKET[COM10] sensors: status=2816, uptime=400818, filtered_accel=[-0.01612, 0.21568, -1.00236], gyro=[-3.29, 2.52, 2.31]
[12:49:24.870] RX[COM10]  01
[12:49:24.871] RX[COM10]  0f 00 00 06 1e 16 ff fe 3d 00 14 59 ff 9f 11 ff f4 00 02 00 23
[12:49:24.874] PACKET[COM10] sensors: status=3840, uptime=400918, filtered_accel=[-0.01804, 0.20836, -0.9926], gyro=[-0.84, 0.14, 2.45]
[12:49:24.977] RX[COM10]  01
[12:49:24.977] RX[COM10]  0f 00 00 06 1e 7a ff fe 55 00 14 ec ff 9f 8b ff e8 ff fa 00 1f
[12:49:24.979] PACKET[COM10] sensors: status=3840, uptime=401018, filtered_accel=[-0.01708, 0.21424, -0.98772], gyro=[-1.68, -0.42, 2.17]
[12:49:24.980] RX[COM21]  03
[12:49:24.980] RX[COM21]  00 00 00 00 00 00 00 00 00 06 1e a7 00 00 00 34 f6 af
[12:49:24.982] PACKET[COM21] camera: fc_status=0, fc_uptime=0, status=0, uptime=401063, current_sense=[0.0, 0.0, 0.0], iris_battery_voltage=13.558
[12:49:24.982] BAD_PACKET[COM21] unknown packet ID 0xaf; discarded 1 byte
[12:49:25.093] RX[COM10]  01
[12:49:25.093] RX[COM10]  0f 00 00 06 1e de ff fd e7 00 15 10 ff a0 36 ff b1 00 45 00 20 02 10 00 00 06 1e de 00 00 00 00 00 00 00 00 00 00 00 00 00 00 00 00 00 00 00 00 00 00 00 00 00 00 00 00 00 00 00 00 00 00 00 00 00 00 00 00 00 00 00 00 00 00 00 00 00 00 43 41 dd 17 13 f8 ff 01 00 00 06 1e de
[12:49:25.099] PACKET[COM10] sensors: status=3840, uptime=401118, filtered_accel=[-0.02148, 0.21568, -0.98088], gyro=[-5.53, 4.83, 2.24]
[12:49:25.101] PACKET[COM10] state: status=4096, uptime=401118, orientation=[0.0, 0.0, 0.0, 0.0], position=[0.0, 0.0, 0.0], velocity=[0.0, 0.0, 0.0], latitude=0.0, longitude=0.0, gps_altitude=0.0, barometric_altitude=193.863632, witness_battery_voltage=5.112
[12:49:25.103] PACKET[COM10] heartbeat: status=256, uptime=401118
[12:49:25.161] RX[COM10]  01
[12:49:25.161] RX[COM10]  0f 00 00 06 1f 42 00 00 92 00 11 65 ff a3 98 ff cd 00 09 00 1c
[12:49:25.164] PACKET[COM10] sensors: status=3840, uptime=401218, filtered_accel=[0.00584, 0.17812, -0.94624], gyro=[-3.57, 0.63, 1.96]
[12:49:25.277] RX[COM10]  01
[12:49:25.278] RX[COM10]  0b 00 00 06 1f a6 ff fd cf 00 15 10 ff a1 12 ff c7 00 2b 00 21
[12:49:25.281] PACKET[COM10] sensors: status=2816, uptime=401318, filtered_accel=[-0.02244, 0.21568, -0.97208], gyro=[-3.99, 3.01, 2.31]
[12:49:25.394] RX[COM10]  01
[12:49:25.395] RX[COM10]  0b 00 00 06 20 0a ff fc 85 00 12 a2 ff a8 50 ff ca ff f8 00 1b
[12:49:25.397] PACKET[COM10] sensors: status=2816, uptime=401418, filtered_accel=[-0.03564, 0.1908, -0.89792], gyro=[-3.78, -0.56, 1.89]
[12:49:25.452] RX[COM10]  01
[12:49:25.458] RX[COM10]  0b 00 00 06 20 6e ff fe 7a 00 14 f8 ff 9c 66 ff f8 ff e4 00 1f
[12:49:25.462] PACKET[COM10] sensors: status=2816, uptime=401518, filtered_accel=[-0.0156, 0.21472, -1.01992], gyro=[-0.56, -1.96, 2.17]
[12:49:25.575] RX[COM10]  01
[12:49:25.578] RX[COM10]  0f 00 00 06 20 d2 ff fb f3 00 13 59 ff a8 50 ff cf ff fc 00 1d
[12:49:25.585] PACKET[COM10] sensors: status=3840, uptime=401618, filtered_accel=[-0.04148, 0.19812, -0.89792], gyro=[-3.43, -0.28, 2.03]
[12:49:25.643] RX[COM10]  01
[12:49:25.643] RX[COM10]  0f 00 00 06 21 36 ff fe 92 00 15 04 ff 9c 66 ff f4 ff e5 00 1f
[12:49:25.646] PACKET[COM10] sensors: status=3840, uptime=401718, filtered_accel=[-0.01464, 0.2152, -1.01992], gyro=[-0.84, -1.89, 2.17]
[12:49:25.756] RX[COM10]  01
[12:49:25.757] RX[COM10]  0f 00 00 06 21 9a ff fd 9e 00 13 8a ff a4 12 ff ae 00 21 00 19
[12:49:25.760] PACKET[COM10] sensors: status=3840, uptime=401818, filtered_accel=[-0.0244, 0.20008, -0.94136], gyro=[-5.74, 2.31, 1.75]
[12:49:25.873] RX[COM10]  01
[12:49:25.874] RX[COM10]  0f 00 00 06 21 fe ff fe 61 00 15 35 ff 9d ec ff cd 00 30 00 24
[12:49:25.877] PACKET[COM10] sensors: status=3840, uptime=401918, filtered_accel=[-0.0166, 0.21716, -1.00432], gyro=[-3.57, 3.36, 2.52]
[12:49:25.991] RX[COM10]  01
[12:49:25.992] RX[COM10]  0b 00 00 06 22 62 ff fe 61 00 14 e0 ff 9f 05 ff df 00 0c 00 21
[12:49:25.994] PACKET[COM10] sensors: status=2816, uptime=402018, filtered_accel=[-0.0166, 0.21376, -0.99308], gyro=[-2.31, 0.84, 2.31]
[12:49:25.995] RX[COM21]  03
[12:49:25.995] RX[COM21]  00 00 00 00 00 00 00 00 00 06 22 8f 00 00 00 34 d8 59
[12:49:25.997] PACKET[COM21] camera: fc_status=0, fc_uptime=0, status=0, uptime=402063, current_sense=[0.0, 0.0, 0.0], iris_battery_voltage=13.528
[12:49:25.997] BAD_PACKET[COM21] unknown packet ID 0x59; discarded 1 byte
[12:49:26.049] RX[COM10]  01
[12:49:26.050] RX[COM10]  0b 00 00 06 22 c6 ff fe 61 00 15 10 ff 9e 8b ff d8 00 18 00 21 02 10 00 00 06 22 c6 00 00 00 00 00 00 00 00 00 00 00 00 00 00 00 00 00 00 00 00 00 00 00 00 00 00 00 00 00 00 00 00 00 00 00 00 00 00 00 00 00 00 00 00 00 00 00 00 00 00 43 41 86 82 13 f8 ff 00 00 00 06 22 c6
[12:49:26.054] PACKET[COM10] sensors: status=2816, uptime=402118, filtered_accel=[-0.0166, 0.21568, -0.99796], gyro=[-2.8, 1.68, 2.31]
[12:49:26.057] PACKET[COM10] state: status=4096, uptime=402118, orientation=[0.0, 0.0, 0.0, 0.0], position=[0.0, 0.0, 0.0], velocity=[0.0, 0.0, 0.0], latitude=0.0, longitude=0.0, gps_altitude=0.0, barometric_altitude=193.525421, witness_battery_voltage=5.112
[12:49:26.059] PACKET[COM10] heartbeat: status=0, uptime=402118
[12:49:26.174] RX[COM10]  01
[12:49:26.175] RX[COM10]  0b 00 00 06 23 2a ff fe 55 00 15 29 ff 9e e0 ff dd 00 12 00 20
[12:49:26.179] PACKET[COM10] sensors: status=2816, uptime=402218, filtered_accel=[-0.01708, 0.21668, -0.99456], gyro=[-2.45, 1.26, 2.24]
[12:49:26.282] RX[COM10]  01
[12:49:26.283] RX[COM10]  0f 00 00 06 23 8e ff fe 61 00 14 ec ff 9e b0 ff dc 00 12 00 21
[12:49:26.286] PACKET[COM10] sensors: status=3840, uptime=402318, filtered_accel=[-0.0166, 0.21424, -0.99648], gyro=[-2.52, 1.26, 2.31]
[12:49:26.389] RX[COM10]  01
[12:49:26.389] RX[COM10]  0f 00 00 06 23 f2 ff fe 3d 00 14 c7 ff 9e e0 ff db 00 11 00 21
[12:49:26.391] PACKET[COM10] sensors: status=3840, uptime=402418, filtered_accel=[-0.01804, 0.21276, -0.99456], gyro=[-2.59, 1.19, 2.31]
[12:49:26.442] RX[COM10]  01
[12:49:26.446] RX[COM10]  0f 00 00 06 24 56 ff fe 55 00 15 04 ff 9e 73 ff db 00 16 00 21
[12:49:26.448] PACKET[COM10] sensors: status=3840, uptime=402518, filtered_accel=[-0.01708, 0.2152, -0.99892], gyro=[-2.59, 1.54, 2.31]
[12:49:26.560] RX[COM10]  01
[12:49:26.565] RX[COM10]  0f 00 00 06 24 ba ff fe 61 00 14 f8 ff 9e c8 ff db 00 13 00 21
[12:49:26.568] PACKET[COM10] sensors: status=3840, uptime=402618, filtered_accel=[-0.0166, 0.21472, -0.99552], gyro=[-2.59, 1.33, 2.31]
[12:49:26.676] RX[COM10]  01
[12:49:26.679] RX[COM10]  0b 00 00 06 25 1e ff fe 24 00 14 af ff 9f 7f ff da 00 0f 00 21
[12:49:26.682] PACKET[COM10] sensors: status=2816, uptime=402718, filtered_accel=[-0.01904, 0.2118, -0.9882], gyro=[-2.66, 1.05, 2.31]
[12:49:26.739] RX[COM10]  01
[12:49:26.740] RX[COM10]  0b 00 00 06 25 82 ff fe 55 00 14 e0 ff 9e ed ff d9 00 14 00 21
[12:49:26.744] PACKET[COM10] sensors: status=2816, uptime=402818, filtered_accel=[-0.01708, 0.21376, -0.99404], gyro=[-2.73, 1.4, 2.31]
[12:49:26.850] RX[COM10]  01
[12:49:26.851] RX[COM10]  0b 00 00 06 25 e6 ff fe 30 00 14 d3 ff 9e d4 ff da 00 13 00 21
[12:49:26.858] PACKET[COM10] sensors: status=2816, uptime=402918, filtered_accel=[-0.01856, 0.21324, -0.99504], gyro=[-2.66, 1.33, 2.31]
[12:49:26.962] RX[COM10]  01
[12:49:26.962] RX[COM10]  0f 00 00 06 26 4a ff fe 49 00 14 ec ff 9e d4 ff db 00 11 00 21
[12:49:26.964] PACKET[COM10] sensors: status=3840, uptime=403018, filtered_accel=[-0.01756, 0.21424, -0.99504], gyro=[-2.59, 1.19, 2.31]
[12:49:27.021] RX[COM21]  03
[12:49:27.022] RX[COM21]  00 00 00 00 00 00 00 00 00 06 26 77 00 00 00 34 e3 83
[12:49:27.025] PACKET[COM21] camera: fc_status=0, fc_uptime=0, status=0, uptime=403063, current_sense=[0.0, 0.0, 0.0], iris_battery_voltage=13.539
[12:49:27.025] BAD_PACKET[COM21] unknown packet ID 0x83; discarded 1 byte
[12:49:27.084] RX[COM10]  01
[12:49:27.085] RX[COM10]  0f 00 00 06 26 ae ff fe 55 00 14 ec ff 9e ed ff dc 00 0f 00 21 02 10 00 00 06 26 ae 00 00 00 00 00 00 00 00 00 00 00 00 00 00 00 00 00 00 00 00 00 00 00 00 00 00 00 00 00 00 00 00 00 00 00 00 00 00 00 00 00 00 00 00 00 00 00 00 00 00 43 41 86 82 13 f0 ff 01 00 00 06 26 ae
[12:49:27.089] PACKET[COM10] sensors: status=3840, uptime=403118, filtered_accel=[-0.01708, 0.21424, -0.99404], gyro=[-2.52, 1.05, 2.31]
[12:49:27.091] PACKET[COM10] state: status=4096, uptime=403118, orientation=[0.0, 0.0, 0.0, 0.0], position=[0.0, 0.0, 0.0], velocity=[0.0, 0.0, 0.0], latitude=0.0, longitude=0.0, gps_altitude=0.0, barometric_altitude=193.525421, witness_battery_voltage=5.104
[12:49:27.093] PACKET[COM10] heartbeat: status=256, uptime=403118
[12:49:27.149] RX[COM10]  01
[12:49:27.150] RX[COM10]  0f 00 00 06 27 12 ff fe 6d 00 14 ec ff 9f 11 ff db 00 13 00 20
[12:49:27.151] PACKET[COM10] sensors: status=3840, uptime=403218, filtered_accel=[-0.01612, 0.21424, -0.9926], gyro=[-2.59, 1.33, 2.24]
[12:49:27.276] RX[COM10]  01
[12:49:27.281] RX[COM10]  0f 00 00 06 27 76 ff fe 6d 00 14 e0 ff 9e d4 ff d9 00 15 00 22
[12:49:27.282] PACKET[COM10] sensors: status=3840, uptime=403318, filtered_accel=[-0.01612, 0.21376, -0.99504], gyro=[-2.73, 1.47, 2.38]
[12:49:27.390] RX[COM10]  01
[12:49:27.391] RX[COM10]  0b 00 00 06 27 da ff fe 55 00 14 c7 ff 9e ed ff da 00 13 00 22
[12:49:27.392] PACKET[COM10] sensors: status=2816, uptime=403418, filtered_accel=[-0.01708, 0.21276, -0.99404], gyro=[-2.66, 1.33, 2.38]
[12:49:27.454] RX[COM10]  01
[12:49:27.455] RX[COM10]  0b 00 00 06 28 3e ff fe 49 00 14 ec ff 9e e0 ff dc 00 0e 00 20
[12:49:27.457] PACKET[COM10] sensors: status=2816, uptime=403518, filtered_accel=[-0.01756, 0.21424, -0.99456], gyro=[-2.52, 0.98, 2.24]
[12:49:27.580] RX[COM10]  01
[12:49:27.580] RX[COM10]  0f 00 00 06 28 a2 ff fe 49 00 14 f8 ff 9e ed ff db 00 12 00 21
[12:49:27.583] PACKET[COM10] sensors: status=3840, uptime=403618, filtered_accel=[-0.01756, 0.21472, -0.99404], gyro=[-2.59, 1.26, 2.31]
[12:49:27.643] RX[COM10]  01
[12:49:27.644] RX[COM10]  0f 00 00 06 29 06 ff fe 24 00 14 ec ff 9e d4 ff d9 00 14 00 21
[12:49:27.646] PACKET[COM10] sensors: status=3840, uptime=403718, filtered_accel=[-0.01904, 0.21424, -0.99504], gyro=[-2.73, 1.4, 2.31]
[12:49:27.771] RX[COM10]  01
[12:49:27.774] RX[COM10]  0f 00 00 06 29 6a ff fe 3d 00 14 ec ff 9e c8 ff da 00 12 00 22
[12:49:27.776] PACKET[COM10] sensors: status=3840, uptime=403818, filtered_accel=[-0.01804, 0.21424, -0.99552], gyro=[-2.66, 1.26, 2.38]
[12:49:27.899] RX[COM10]  01
[12:49:27.900] RX[COM10]  0f 00 00 06 29 ce ff fe 0c 00 15 04 ff a3 b1 ff bb 00 42 00 24
[12:49:27.903] PACKET[COM10] sensors: status=3840, uptime=403918, filtered_accel=[-0.02, 0.2152, -0.94524], gyro=[-4.83, 4.62, 2.52]
[12:49:27.962] RX[COM10]  01
[12:49:27.966] RX[COM10]  0f 00 00 06 2a 32 ff fe 55 00 14 ec ff 9f 05 ff d8 00 13 00 21
[12:49:27.968] PACKET[COM10] sensors: status=3840, uptime=404018, filtered_accel=[-0.01708, 0.21424, -0.99308], gyro=[-2.8, 1.33, 2.31]
[12:49:28.025] RX[COM21]  03
[12:49:28.026] RX[COM21]  00 00 00 00 00 00 00 00 00 06 2a 5f 00 00 00 34 e2 f9
[12:49:28.027] PACKET[COM21] camera: fc_status=0, fc_uptime=0, status=0, uptime=404063, current_sense=[0.0, 0.0, 0.0], iris_battery_voltage=13.538
[12:49:28.028] BAD_PACKET[COM21] unknown packet ID 0xf9; discarded 1 byte
[12:49:28.087] RX[COM10]  01
[12:49:28.088] RX[COM10]  0b 00 00 06 2a 96 ff ff 7a 00 15 10 ff 97 7d ff bb 00 1d 00 1b 02 10 00 00 06 2a 96 00 00 00 00 00 00 00 00 00 00 00 00 00 00 00 00 00 00 00 00 00 00 00 00 00 00 00 00 00 00 00 00 00 00 00 00 00 00 00 00 00 00 00 00 00 00 00 00 00 00 43 41 86 82 13 f0
[12:49:28.090] PACKET[COM10] sensors: status=2816, uptime=404118, filtered_accel=[-0.00536, 0.21568, -1.0702], gyro=[-4.83, 2.03, 1.89]
[12:49:28.091] PACKET[COM10] state: status=4096, uptime=404118, orientation=[0.0, 0.0, 0.0, 0.0], position=[0.0, 0.0, 0.0], velocity=[0.0, 0.0, 0.0], latitude=0.0, longitude=0.0, gps_altitude=0.0, barometric_altitude=193.525421, witness_battery_voltage=5.104
[12:49:28.091] RX[COM10]  ff 00 00 00 06 2a 96
[12:49:28.092] PACKET[COM10] heartbeat: status=0, uptime=404118
[12:49:28.150] RX[COM10]  01
[12:49:28.151] RX[COM10]  0b 00 00 06 2a fa ff fe 18 00 14 e0 ff 9e c8 ff ec ff fd 00 20
[12:49:28.152] PACKET[COM10] sensors: status=2816, uptime=404218, filtered_accel=[-0.01952, 0.21376, -0.99552], gyro=[-1.4, -0.21, 2.24]
[12:49:28.263] RX[COM10]  01
[12:49:28.263] RX[COM10]  0f 00 00 06 2b 5e ff fb ff 00 13 59 ff a8 1f ff 86 00 6c 00 22
[12:49:28.265] PACKET[COM10] sensors: status=3840, uptime=404318, filtered_accel=[-0.041, 0.19812, -0.89988], gyro=[-8.54, 7.56, 2.38]
[12:49:28.376] RX[COM10]  01
[12:49:28.377] RX[COM10]  0f 00 00 06 2b c2 ff fd f3 00 14 d3 ff 9f f9 ff e7 00 00 00 22
[12:49:28.378] PACKET[COM10] sensors: status=3840, uptime=404418, filtered_accel=[-0.021, 0.21324, -0.98332], gyro=[-1.75, 0.0, 2.38]
[12:49:28.439] RX[COM10]  01
[12:49:28.441] RX[COM10]  0f 00 00 06 2c 26 00 01 93 00 16 a3 ff 91 70 00 02 ff f1 00 24
[12:49:28.442] PACKET[COM10] sensors: status=3840, uptime=404518, filtered_accel=[0.01612, 0.2318, -1.13216], gyro=[0.14, -1.05, 2.52]
[12:49:28.551] RX[COM10]  01
[12:49:28.554] RX[COM10]  0f 00 00 06 2c 8a ff fd e7 00 14 c7 ff 9f ed ff e3 00 06 00 21
[12:49:28.555] PACKET[COM10] sensors: status=3840, uptime=404618, filtered_accel=[-0.02148, 0.21276, -0.9838], gyro=[-2.03, 0.42, 2.31]
[12:49:28.663] RX[COM10]  01
[12:49:28.666] RX[COM10]  0f 00 00 06 2c ee 00 02 87 00 17 72 ff 8e 57 00 0d ff f0 00 25
[12:49:28.667] PACKET[COM10] sensors: status=3840, uptime=404718, filtered_accel=[0.02588, 0.24008, -1.16388], gyro=[0.91, -1.12, 2.59]
[12:49:28.787] RX[COM10]  01
[12:49:28.788] RX[COM10]  0b 00 00 06 2d 52 ff ff 3d 00 15 66 ff 9c 8b ff c8 00 2e 00 24
[12:49:28.789] PACKET[COM10] sensors: status=2816, uptime=404818, filtered_accel=[-0.0078, 0.21912, -1.01844], gyro=[-3.92, 3.22, 2.52]
[12:49:28.851] RX[COM10]  01
[12:49:28.852] RX[COM10]  0b 00 00 06 2d b6 ff fb ff 00 10 71 ff ac 9a 00 76 ff 84 00 2c
[12:49:28.854] PACKET[COM10] sensors: status=2816, uptime=404918, filtered_accel=[-0.041, 0.16836, -0.854], gyro=[8.26, -8.68, 3.08]
[12:49:28.963] RX[COM10]  01
[12:49:28.964] RX[COM10]  0f 00 00 06 2e 1a ff ff 24 00 15 5a ff 9d 4e ff c8 00 29 00 23
[12:49:28.966] PACKET[COM10] sensors: status=3840, uptime=405018, filtered_accel=[-0.0088, 0.21864, -1.01064], gyro=[-3.92, 2.87, 2.45]
[12:49:29.027] RX[COM21]  03
[12:49:29.028] RX[COM21]  00 00 00 00 00 00 00 00 00 06 2e 47 00 00 00 34 e2 2f
[12:49:29.030] PACKET[COM21] camera: fc_status=0, fc_uptime=0, status=0, uptime=405063, current_sense=[0.0, 0.0, 0.0], iris_battery_voltage=13.538
[12:49:29.030] BAD_PACKET[COM21] unknown packet ID 0x2f; discarded 1 byte
[12:49:29.090] RX[COM10]  01
[12:49:29.091] RX[COM10]  0f 00 00 06 2e 7e ff fd 0c 00 18 ed ff 91 02 ff f0 00 48 00 2f 02 10 00 00 06 2e 7e 00 00 00 00 00 00 00 00 00 00 00 00 00 00 00 00 00 00 00 00 00 00 00 00 00 00 00 00 00 00 00 00 00 00 00 00 00 00 00 00 00 00 00 00 00 00 00 00 00 00 43 41 b1 cd 13 f8 ff 01 00 00 06 2e 7e
[12:49:29.093] PACKET[COM10] sensors: status=3840, uptime=405118, filtered_accel=[-0.03024, 0.25524, -1.13656], gyro=[-1.12, 5.04, 3.29]
[12:49:29.094] PACKET[COM10] state: status=4096, uptime=405118, orientation=[0.0, 0.0, 0.0, 0.0], position=[0.0, 0.0, 0.0], velocity=[0.0, 0.0, 0.0], latitude=0.0, longitude=0.0, gps_altitude=0.0, barometric_altitude=193.694534, witness_battery_voltage=5.112
[12:49:29.095] PACKET[COM10] heartbeat: status=256, uptime=405118
[12:49:29.153] RX[COM10]  01
[12:49:29.153] RX[COM10]  0f 00 00 06 2e e2 ff fd 9e 00 14 10 ff a1 1e ff dc 00 04 00 1f
[12:49:29.155] PACKET[COM10] sensors: status=3840, uptime=405218, filtered_accel=[-0.0244, 0.20544, -0.9716], gyro=[-2.52, 0.28, 2.17]
[12:49:29.279] RX[COM10]  01
[12:49:29.280] RX[COM10]  0f 00 00 06 2f 46 ff fe 6d 00 14 ec ff 9e 8b ff e0 00 09 00 20
[12:49:29.281] PACKET[COM10] sensors: status=3840, uptime=405318, filtered_accel=[-0.01612, 0.21424, -0.99796], gyro=[-2.24, 0.63, 2.24]
[12:49:29.343] RX[COM10]  01
[12:49:29.345] RX[COM10]  0f 00 00 06 2f aa ff fe 30 00 14 e0 ff 9e c8 ff d8 00 16 00 21
[12:49:29.346] PACKET[COM10] sensors: status=3840, uptime=405418, filtered_accel=[-0.01856, 0.21376, -0.99552], gyro=[-2.8, 1.54, 2.31]
[12:49:29.454] RX[COM10]  01
[12:49:29.455] RX[COM10]  0b 00 00 06 30 0e ff fe 61 00 14 e0 ff 9e e0 ff db 00 10 00 21
[12:49:29.456] PACKET[COM10] sensors: status=2816, uptime=405518, filtered_accel=[-0.0166, 0.21376, -0.99456], gyro=[-2.59, 1.12, 2.31]
[12:49:29.577] RX[COM10]  01
[12:49:29.578] RX[COM10]  0b 00 00 06 30 72 ff fe 0c 00 15 04 ff 9e 29 ff d7 00 09 00 1f
[12:49:29.579] PACKET[COM10] sensors: status=2816, uptime=405618, filtered_accel=[-0.02, 0.2152, -1.00188], gyro=[-2.87, 0.63, 2.17]
[12:49:29.639] RX[COM10]  01
[12:49:29.641] RX[COM10]  0f 00 00 06 30 d6 00 05 dd 00 18 d4 ff 95 71 00 00 ff bb 00 11
[12:49:29.643] PACKET[COM10] sensors: status=3840, uptime=405718, filtered_accel=[0.06004, 0.25424, -1.09116], gyro=[0.0, -4.83, 1.19]
[12:49:29.764] RX[COM10]  01
[12:49:29.769] RX[COM10]  0f 00 00 06 31 3a ff f1 83 00 17 d4 ff 9b 7e 00 3f ff e5 ff 74
[12:49:29.770] PACKET[COM10] sensors: status=3840, uptime=405818, filtered_accel=[-0.14836, 0.244, -1.0292], gyro=[4.41, -1.89, -9.8]
[12:49:29.881] RX[COM10]  01
[12:49:29.881] RX[COM10]  0f 00 00 06 31 9e ff eb 9a 00 19 a4 ff a1 36 ff 97 00 2b 00 4a
[12:49:29.883] PACKET[COM10] sensors: status=3840, uptime=405918, filtered_accel=[-0.20888, 0.26256, -0.97064], gyro=[-7.35, 3.01, 5.18]
[12:49:29.940] RX[COM10]  01
[12:49:29.941] RX[COM10]  0f 00 00 06 32 02 00 04 6f 00 18 66 ff a5 a5 ff 90 00 58 00 b0
[12:49:29.942] PACKET[COM10] sensors: status=3840, uptime=406018, filtered_accel=[0.0454, 0.24984, -0.92524], gyro=[-7.84, 6.16, 12.32]
[12:49:30.001] RX[COM21]  03
[12:49:30.004] RX[COM21]  00 00 00 00 00 00 00 00 00 06 32 2f 00 00 00 34 e8 b9
[12:49:30.005] PACKET[COM21] camera: fc_status=0, fc_uptime=0, status=0, uptime=406063, current_sense=[0.0, 0.0, 0.0], iris_battery_voltage=13.544
[12:49:30.005] BAD_PACKET[COM21] unknown packet ID 0xb9; discarded 1 byte
[12:49:30.067] RX[COM10]  01
[12:49:30.067] RX[COM10]  0f 00 00 06 32 66 ff f1 3a 00 00 9f ff 99 59 00 c2 00 5c fe 18 02 10 00 00 06 32 66 00 00 00 00 00 00 00 00 00 00 00 00 00 00 00 00 00 00 00 00 00 00 00 00 00 00 00 00 00 00 00 00 00 00 00 00 00 00 00 00 00 00 00 00 00 00 00 00 00 00 43 41 9c 28 13 e8 ff 00 00 00 06 32 66
[12:49:30.069] PACKET[COM10] sensors: status=3840, uptime=406118, filtered_accel=[-0.15128, 0.00636, -1.05116], gyro=[13.58, 6.44, -34.16]
[12:49:30.070] PACKET[COM10] state: status=4096, uptime=406118, orientation=[0.0, 0.0, 0.0, 0.0], position=[0.0, 0.0, 0.0], velocity=[0.0, 0.0, 0.0], latitude=0.0, longitude=0.0, gps_altitude=0.0, barometric_altitude=193.609985, witness_battery_voltage=5.096
[12:49:30.072] PACKET[COM10] heartbeat: status=0, uptime=406118
[12:49:30.192] RX[COM10]  01
[12:49:30.196] RX[COM10]  0b 00 00 06 32 ca ff c2 0c 00 0b 27 ff 9a e0 ff 95 ff ec 00 63
[12:49:30.199] PACKET[COM10] sensors: status=2816, uptime=406218, filtered_accel=[-0.6344, 0.1142, -1.03552], gyro=[-7.49, -1.4, 6.93]
[12:49:30.255] RX[COM10]  01
[12:49:30.256] RX[COM10]  0b 00 00 06 33 2e ff e0 37 00 15 c7 ff a6 2b ff d0 ff 4b 00 7a
[12:49:30.258] PACKET[COM10] sensors: status=2816, uptime=406318, filtered_accel=[-0.32548, 0.223, -0.91988], gyro=[-3.36, -12.67, 8.54]
[12:49:30.384] RX[COM10]  01
[12:49:30.384] RX[COM10]  0f 00 00 06 33 92 ff fc 55 00 1c 67 ff 9b af 00 9e fe c3 00 20
[12:49:30.387] PACKET[COM10] sensors: status=3840, uptime=406418, filtered_accel=[-0.03756, 0.29084, -1.02724], gyro=[11.06, -22.19, 2.24]
[12:49:30.446] RX[COM10]  01
[12:49:30.446] RX[COM10]  0f 00 00 06 33 f6 00 10 d3 00 1a 42 ff 82 b6 00 0d ff 8d 00 6f
[12:49:30.448] PACKET[COM10] sensors: status=3840, uptime=406518, filtered_accel=[0.17228, 0.26888, -1.28296], gyro=[0.91, -8.05, 7.77]
[12:49:30.576] RX[COM10]  01
[12:49:30.579] RX[COM10]  0f 00 00 06 34 5a 00 06 ac 00 15 04 ff 94 d2 ff dd 00 bd 00 e0
[12:49:30.580] PACKET[COM10] sensors: status=3840, uptime=406618, filtered_accel=[0.06832, 0.2152, -1.09752], gyro=[-2.45, 13.23, 15.68]
[12:49:30.640] RX[COM10]  01
[12:49:30.644] RX[COM10]  0f 00 00 06 34 be 00 25 07 00 0d 40 ff a2 98 00 3f 00 88 00 c4
[12:49:30.646] PACKET[COM10] sensors: status=3840, uptime=406718, filtered_accel=[0.37916, 0.13568, -0.95648], gyro=[4.41, 9.52, 13.72]
[12:49:30.750] RX[COM10]  01
[12:49:30.751] RX[COM10]  0b 00 00 06 35 22 00 41 19 00 18 5a ff b6 16 fd e3 fd 9c 00 0e
[12:49:30.752] PACKET[COM10] sensors: status=2816, uptime=406818, filtered_accel=[0.6666, 0.24936, -0.75688], gyro=[-37.87, -42.84, 0.98]
[12:49:30.863] RX[COM10]  01
[12:49:30.863] RX[COM10]  0b 00 00 06 35 86 ff f3 5f ff e2 43 ff b4 d9 00 93 fe db fe fa
[12:49:30.864] PACKET[COM10] sensors: status=2816, uptime=406918, filtered_accel=[-0.12932, -0.30452, -0.76956], gyro=[10.29, -20.51, -18.34]
[12:49:30.973] RX[COM10]  01
[12:49:30.974] RX[COM10]  0b 00 00 06 35 ea ff d6 7e 00 09 dd ff a8 d6 00 9a 00 37 fe 58
[12:49:30.976] PACKET[COM10] sensors: status=2816, uptime=407018, filtered_accel=[-0.42504, 0.101, -0.89256], gyro=[10.78, 3.85, -29.68]
[12:49:30.976] RX[COM21]  03
[12:49:30.976] RX[COM21]  00 00 00 00 00 00 00 00 00 06 36 17 00 00 00 34 e0 db
[12:49:30.978] PACKET[COM21] camera: fc_status=0, fc_uptime=0, status=0, uptime=407063, current_sense=[0.0, 0.0, 0.0], iris_battery_voltage=13.536
[12:49:30.979] BAD_PACKET[COM21] unknown packet ID 0xdb; discarded 1 byte
[12:49:31.087] RX[COM10]  01
[12:49:31.088] RX[COM10]  0f 00 00 06 36 4e ff a6 ee 00 1a 7f ff 9f 8b ff 9e 01 1c ff d4 02 10 00 00 06 36 4e 00 00 00 00 00 00 00 00 00 00 00 00 00 00 00 00 00 00 00 00 00 00 00 00 00 00 00 00 00 00 00 00 00 00 00 00 00 00 00 00 00 00 00 00 00 00 00 00 00 00 43 41 b1 cd 13 f0 ff
[12:49:31.089] PACKET[COM10] sensors: status=3840, uptime=407118, filtered_accel=[-0.91208, 0.27132, -0.98772], gyro=[-6.86, 19.88, -3.08]
[12:49:31.090] PACKET[COM10] state: status=4096, uptime=407118, orientation=[0.0, 0.0, 0.0, 0.0], position=[0.0, 0.0, 0.0], velocity=[0.0, 0.0, 0.0], latitude=0.0, longitude=0.0, gps_altitude=0.0, barometric_altitude=193.694534, witness_battery_voltage=5.104
[12:49:31.091] RX[COM10]  01 00 00 06 36 4e
[12:49:31.092] PACKET[COM10] heartbeat: status=256, uptime=407118
[12:49:31.145] RX[COM10]  01
[12:49:31.146] RX[COM10]  0f 00 00 06 36 b2 00 04 3e 00 2b 76 ff a7 8d ff d1 ff 8b 01 83
[12:49:31.148] PACKET[COM10] sensors: status=3840, uptime=407218, filtered_accel=[0.04344, 0.44504, -0.90572], gyro=[-3.29, -8.19, 27.09]
[12:49:31.257] RX[COM10]  01
[12:49:31.258] RX[COM10]  0f 00 00 06 37 16 00 17 4e 00 14 f8 ff 76 f1 00 60 00 1f 00 61
[12:49:31.259] PACKET[COM10] sensors: status=3840, uptime=407318, filtered_accel=[0.23864, 0.21472, -1.40348], gyro=[6.72, 2.17, 6.79]
[12:49:31.367] RX[COM10]  01
[12:49:31.370] RX[COM10]  0f 00 00 06 37 7a ff fc 30 00 15 1d ff a0 11 ff f3 ff f5 00 22
[12:49:31.371] PACKET[COM10] sensors: status=3840, uptime=407418, filtered_accel=[-0.03904, 0.2162, -0.98236], gyro=[-0.91, -0.77, 2.38]
[12:49:31.495] RX[COM10]  01
[12:49:31.496] RX[COM10]  0b 00 00 06 37 de ff fb b6 00 15 8a ff a0 4e ff cc 00 20 00 24
[12:49:31.497] PACKET[COM10] sensors: status=2816, uptime=407518, filtered_accel=[-0.04392, 0.22056, -0.97992], gyro=[-3.64, 2.24, 2.52]
[12:49:31.559] RX[COM10]  01
[12:49:31.563] RX[COM10]  0b 00 00 06 38 42 ff ff 55 00 15 c7 ff 9e bc ff ba 00 43 00 1f
[12:49:31.566] PACKET[COM10] sensors: status=2816, uptime=407618, filtered_accel=[-0.00684, 0.223, -0.996], gyro=[-4.9, 4.69, 2.17]
[12:49:31.682] RX[COM10]  01
[12:49:31.683] RX[COM10]  0b 00 00 06 38 a6 00 00 25 00 15 97 ff 9c 66 ff c5 00 36 00 26
[12:49:31.685] PACKET[COM10] sensors: status=2816, uptime=407718, filtered_accel=[0.00148, 0.22108, -1.01992], gyro=[-4.13, 3.78, 2.66]
[12:49:31.745] RX[COM10]  01
[12:49:31.748] RX[COM10]  0f 00 00 06 39 0a 00 16 8b ff ee c0 00 07 b8 f8 c7 01 3b 00 c2
[12:49:31.750] PACKET[COM10] sensors: status=3840, uptime=407818, filtered_accel=[0.23084, -0.17664, 0.07904], gyro=[-129.43, 22.05, 13.58]
[12:49:31.858] RX[COM10]  01
[12:49:31.859] RX[COM10]  0f 00 00 06 39 6e ff fc 48 00 0e 27 ff a7 81 ff db 00 58 00 47
[12:49:31.860] PACKET[COM10] sensors: status=3840, uptime=407918, filtered_accel=[-0.03808, 0.14492, -0.9062], gyro=[-2.59, 6.16, 4.97]
[12:49:31.972] RX[COM10]  01
[12:49:31.973] RX[COM10]  0f 00 00 06 39 d2 00 01 93 00 16 66 ff 9d c8 ff c9 00 30 00 2c
[12:49:31.974] PACKET[COM10] sensors: status=3840, uptime=408018, filtered_accel=[0.01612, 0.22936, -1.00576], gyro=[-3.85, 3.36, 3.08]
[12:49:31.974] RX[COM21]  03
[12:49:31.975] RX[COM21]  00 00 00 00 00 00 00 00 00 06 39 ff 00 00 00 34 1c f9
[12:49:31.977] PACKET[COM21] camera: fc_status=0, fc_uptime=0, status=0, uptime=408063, current_sense=[0.0, 0.0, 0.0], iris_battery_voltage=13.34
[12:49:31.977] BAD_PACKET[COM21] unknown packet ID 0xf9; discarded 1 byte
[12:49:32.084] RX[COM10]  01
[12:49:32.084] RX[COM10]  0f 00 00 06 3a 36 ff ff 61 00 15 1d ff 9d f9 ff d3 00 05 00 11 02 10 00 00 06 3a 36 00 00 00 00 00 00 00 00 00 00 00 00 00 00 00 00 00 00 00 00 00 00 00 00 00 00 00 00 00 00 00 00 00 00 00 00 00 00 00 00 00 00 00 00 00 00 00 00 00 00 43 41 9c 28 14 04 ff 00 00 00 06 3a 36
[12:49:32.086] PACKET[COM10] sensors: status=3840, uptime=408118, filtered_accel=[-0.00636, 0.2162, -1.0038], gyro=[-3.15, 0.35, 1.19]
[12:49:32.087] PACKET[COM10] state: status=4096, uptime=408118, orientation=[0.0, 0.0, 0.0, 0.0], position=[0.0, 0.0, 0.0], velocity=[0.0, 0.0, 0.0], latitude=0.0, longitude=0.0, gps_altitude=0.0, barometric_altitude=193.609985, witness_battery_voltage=5.124
[12:49:32.088] PACKET[COM10] heartbeat: status=0, uptime=408118
[12:49:32.145] RX[COM10]  01
[12:49:32.145] RX[COM10]  0b 00 00 06 3a 9a ff ff 9e 00 15 5a ff 9f d4 ff d7 00 12 00 26
[12:49:32.147] PACKET[COM10] sensors: status=2816, uptime=408218, filtered_accel=[-0.00392, 0.21864, -0.9848], gyro=[-2.87, 1.26, 2.66]
[12:49:32.272] RX[COM10]  01
[12:49:32.273] RX[COM10]  0b 00 00 06 3a fe 00 00 86 00 15 41 ff 9d ec ff d9 00 25 00 2d
[12:49:32.275] PACKET[COM10] sensors: status=2816, uptime=408318, filtered_accel=[0.00536, 0.21764, -1.00432], gyro=[-2.73, 2.59, 3.15]
[12:49:32.397] RX[COM10]  01
[12:49:32.399] RX[COM10]  0b 00 00 06 3b 62 00 03 6e 00 14 8a ff 9a 72 ff f2 ff fe 00 1b
[12:49:32.401] PACKET[COM10] sensors: status=2816, uptime=408418, filtered_accel=[0.03512, 0.21032, -1.03992], gyro=[-0.98, -0.14, 1.89]
[12:49:32.461] RX[COM10]  01
[12:49:32.462] RX[COM10]  0f 00 00 06 3b c6 ff 89 56 00 0e 95 ff 93 7d 00 8a 00 ae 00 36
[12:49:32.466] PACKET[COM10] sensors: status=3840, uptime=408518, filtered_accel=[-1.21512, 0.14932, -1.11116], gyro=[9.66, 12.18, 3.78]
[12:49:32.586] RX[COM10]  01
[12:49:32.587] RX[COM10]  0f 00 00 06 3c 2a 00 5a 74 00 19 f9 ff 9e 7f ff ed ff f6 00 45
[12:49:32.588] PACKET[COM10] sensors: status=3840, uptime=408618, filtered_accel=[0.92624, 0.26596, -0.99844], gyro=[-1.33, -0.7, 4.83]
[12:49:32.650] RX[COM10]  01
[12:49:32.651] RX[COM10]  0f 00 00 06 3c 8e ff ff db 00 16 8b ff 9e b0 ff e6 00 05 ff fd
[12:49:32.653] PACKET[COM10] sensors: status=3840, uptime=408718, filtered_accel=[-0.00148, 0.23084, -0.99648], gyro=[-1.82, 0.35, -0.21]
[12:49:32.776] RX[COM10]  01
[12:49:32.776] RX[COM10]  0f 00 00 06 3c f2 ff ff 92 00 15 7e ff 9f 05 ff d1 00 19 00 2d
[12:49:32.778] PACKET[COM10] sensors: status=3840, uptime=408818, filtered_accel=[-0.0044, 0.22008, -0.99308], gyro=[-3.29, 1.75, 3.15]
[12:49:32.902] RX[COM10]  01
[12:49:32.903] RX[COM10]  0b 00 00 06 3d 56 00 00 7a 00 15 d4 ff 9f 05 ff dc 00 0f 00 20
[12:49:32.905] PACKET[COM10] sensors: status=2816, uptime=408918, filtered_accel=[0.00488, 0.22352, -0.99308], gyro=[-2.52, 1.05, 2.24]
[12:49:32.966] RX[COM10]  01
[12:49:32.968] RX[COM10]  0b 00 00 06 3d ba ff ff db 00 15 bb ff 9e f9 ff e1 00 0b 00 20
[12:49:32.969] PACKET[COM10] sensors: status=2816, uptime=409018, filtered_accel=[-0.00148, 0.22252, -0.99356], gyro=[-2.17, 0.77, 2.24]
[12:49:33.028] RX[COM21]  03
[12:49:33.029] RX[COM21]  00 00 00 00 00 00 00 00 00 06 3d e7 00 00 00 34 1c 2f
[12:49:33.030] PACKET[COM21] camera: fc_status=0, fc_uptime=0, status=0, uptime=409063, current_sense=[0.0, 0.0, 0.0], iris_battery_voltage=13.34
[12:49:33.030] BAD_PACKET[COM21] unknown packet ID 0x2f; discarded 1 byte
[12:49:33.092] RX[COM10]  01
[12:49:33.094] RX[COM10]  0b 00 00 06 3e 1e 00 00 3d 00 15 7e ff 9f 05 ff dc 00 08 00 26 02 10 00 00 06 3e 1e 00 00 00 00 00 00 00 00 00 00 00 00 00 00 00 00 00 00 00 00 00 00 00 00 00 00 00 00 00 00 00 00 00 00 00 00 00 00 00 00 00 00 00 00 00 00 00 00 00 00 43 41 70 30 13 fc ff 01 00 00 06 3e 1e
[12:49:33.096] PACKET[COM10] sensors: status=2816, uptime=409118, filtered_accel=[0.00244, 0.22008, -0.99308], gyro=[-2.52, 0.56, 2.66]
[12:49:33.097] PACKET[COM10] state: status=4096, uptime=409118, orientation=[0.0, 0.0, 0.0, 0.0], position=[0.0, 0.0, 0.0], velocity=[0.0, 0.0, 0.0], latitude=0.0, longitude=0.0, gps_altitude=0.0, barometric_altitude=193.438232, witness_battery_voltage=5.116
[12:49:33.098] PACKET[COM10] heartbeat: status=256, uptime=409118
[12:49:33.159] RX[COM10]  01
[12:49:33.159] RX[COM10]  0f 00 00 06 3e 82 ff fc c2 00 16 5a ff 9f d4 ff d3 00 13 00 39
[12:49:33.161] PACKET[COM10] sensors: status=3840, uptime=409218, filtered_accel=[-0.0332, 0.22888, -0.9848], gyro=[-3.15, 1.33, 3.99]
[12:49:33.271] RX[COM10]  01
[12:49:33.272] RX[COM10]  0f 00 00 06 3e e6 00 00 6e 00 15 f8 ff 9e b0 ff d5 00 14 00 20
[12:49:33.274] PACKET[COM10] sensors: status=3840, uptime=409318, filtered_accel=[0.0044, 0.22496, -0.99648], gyro=[-3.01, 1.4, 2.24]
[12:49:33.398] RX[COM10]  01
[12:49:33.403] RX[COM10]  0f 00 00 06 3f 4a 00 00 00 00 15 66 ff a0 7f ff de 00 0c 00 20
[12:49:33.405] PACKET[COM10] sensors: status=3840, uptime=409418, filtered_accel=[0.0, 0.21912, -0.97796], gyro=[-2.38, 0.84, 2.24]
[12:49:33.463] RX[COM10]  01
[12:49:33.465] RX[COM10]  0f 00 00 06 3f ae ff ff 92 00 15 72 ff 9f 1d ff fd ff c6 00 15
[12:49:33.468] PACKET[COM10] sensors: status=3840, uptime=409518, filtered_accel=[-0.0044, 0.2196, -0.99212], gyro=[-0.21, -4.06, 1.47]
[12:49:33.590] RX[COM10]  01
[12:49:33.591] RX[COM10]  0b 00 00 06 40 12 ff fe 9e 00 15 10 ff 9e d4 ff df 00 0c 00 20
[12:49:33.593] PACKET[COM10] sensors: status=2816, uptime=409618, filtered_accel=[-0.01416, 0.21568, -0.99504], gyro=[-2.31, 0.84, 2.24]
[12:49:33.654] RX[COM10]  01
[12:49:33.655] RX[COM10]  0b 00 00 06 40 76 ff fe c3 00 15 1d ff 9f 05 ff eb ff f5 00 1e
[12:49:33.657] PACKET[COM10] sensors: status=2816, uptime=409718, filtered_accel=[-0.01268, 0.2162, -0.99308], gyro=[-1.47, -0.77, 2.1]
[12:49:33.779] RX[COM10]  01
[12:49:33.781] RX[COM10]  0b 00 00 06 40 da 00 07 88 00 17 af ff 9a 8a ff 50 01 44 00 46
[12:49:33.783] PACKET[COM10] sensors: status=2816, uptime=409818, filtered_accel=[0.07712, 0.24252, -1.03896], gyro=[-12.32, 22.68, 4.9]
[12:49:33.843] RX[COM10]  01
[12:49:33.847] RX[COM10]  0f 00 00 06 41 3e 00 00 25 00 15 d4 ff 9e a3 ff db 00 0d 00 1e
[12:49:33.849] PACKET[COM10] sensors: status=3840, uptime=409918, filtered_accel=[0.00148, 0.22352, -0.997], gyro=[-2.59, 0.91, 2.1]
[12:49:33.969] RX[COM10]  01
[12:49:33.970] RX[COM10]  0f 00 00 06 41 a2 ff ff 9e 00 15 4d ff 9e c8 ff dd 00 11 00 22
[12:49:33.972] PACKET[COM10] sensors: status=3840, uptime=410018, filtered_accel=[-0.00392, 0.21812, -0.99552], gyro=[-2.45, 1.19, 2.38]
[12:49:34.033] RX[COM21]  03
[12:49:34.033] RX[COM21]  00 00 00 00 00 00 00 00 00 06 41 cf 00 00 00 34 58 c9
[12:49:34.034] PACKET[COM21] camera: fc_status=0, fc_uptime=0, status=0, uptime=410063, current_sense=[0.0, 0.0, 0.0], iris_battery_voltage=13.4
[12:49:34.035] BAD_PACKET[COM21] unknown packet ID 0xc9; discarded 1 byte
[12:49:34.094] RX[COM10]  01
[12:49:34.095] RX[COM10]  0f 00 00 06 42 06 ff ff 92 00 15 5a ff 9f 05 ff db 00 11 00 21
[12:49:34.098] PACKET[COM10] sensors: status=3840, uptime=410118, filtered_accel=[-0.0044, 0.21864, -0.99308], gyro=[-2.59, 1.19, 2.31]
[12:49:34.098] RX[COM10]  02 10 00 00 06 42 06 00 00 00 00 00 00 00 00 00 00 00 00 00 00 00 00 00 00 00 00 00 00 00 00 00 00 00 00 00 00 00 00 00 00 00 00 00 00 00 00 00 00 00 00 00 00 00 00 00 00 43 41 86 82 13 f8
[12:49:34.099] PACKET[COM10] state: status=4096, uptime=410118, orientation=[0.0, 0.0, 0.0, 0.0], position=[0.0, 0.0, 0.0], velocity=[0.0, 0.0, 0.0], latitude=0.0, longitude=0.0, gps_altitude=0.0, barometric_altitude=193.525421, witness_battery_voltage=5.112
[12:49:34.100] RX[COM10]  ff 00 00 00 06 42 06
[12:49:34.101] PACKET[COM10] heartbeat: status=0, uptime=410118
[12:49:34.156] RX[COM10]  01
[12:49:34.157] RX[COM10]  0f 00 00 06 42 6a ff ff b7 00 15 66 ff 9e f9 ff dd 00 10 00 21
[12:49:34.159] PACKET[COM10] sensors: status=3840, uptime=410218, filtered_accel=[-0.00292, 0.21912, -0.99356], gyro=[-2.45, 1.12, 2.31]
[12:49:34.284] RX[COM10]  01
[12:49:34.288] RX[COM10]  0b 00 00 06 42 ce ff ff 92 00 15 4d ff 9e f9 ff db 00 11 00 21
[12:49:34.290] PACKET[COM10] sensors: status=2816, uptime=410318, filtered_accel=[-0.0044, 0.21812, -0.99356], gyro=[-2.59, 1.19, 2.31]
[12:49:34.348] RX[COM10]  01
[12:49:34.349] RX[COM10]  0b 00 00 06 43 32 ff ff 92 00 15 4d ff 9e ed ff da 00 12 00 21
[12:49:34.351] PACKET[COM10] sensors: status=2816, uptime=410418, filtered_accel=[-0.0044, 0.21812, -0.99404], gyro=[-2.66, 1.26, 2.31]
[12:49:34.462] RX[COM10]  01
[12:49:34.462] RX[COM10]  0b 00 00 06 43 96 ff ff 9e 00 15 5a ff 9e ed ff db 00 12 00 21
[12:49:34.464] PACKET[COM10] sensors: status=2816, uptime=410518, filtered_accel=[-0.00392, 0.21864, -0.99404], gyro=[-2.59, 1.26, 2.31]
[12:49:34.574] RX[COM10]  01
[12:49:34.575] RX[COM10]  0f 00 00 06 43 fa ff ff 9e 00 15 66 ff 9e ed ff db 00 12 00 22
[12:49:34.576] PACKET[COM10] sensors: status=3840, uptime=410618, filtered_accel=[-0.00392, 0.21912, -0.99404], gyro=[-2.59, 1.26, 2.38]
[12:49:34.686] RX[COM10]  01
[12:49:34.687] RX[COM10]  0f 00 00 06 44 5e ff ff 86 00 15 41 ff 9e ed ff db 00 11 00 22
[12:49:34.689] PACKET[COM10] sensors: status=3840, uptime=410718, filtered_accel=[-0.00488, 0.21764, -0.99404], gyro=[-2.59, 1.19, 2.38]
[12:49:34.744] RX[COM10]  01
[12:49:34.745] RX[COM10]  0f 00 00 06 44 c2 ff ff 7a 00 15 35 ff 9e ed ff db 00 12 00 21
[12:49:34.748] PACKET[COM10] sensors: status=3840, uptime=410818, filtered_accel=[-0.00536, 0.21716, -0.99404], gyro=[-2.59, 1.26, 2.31]
[12:49:34.871] RX[COM10]  01
[12:49:34.872] RX[COM10]  0f 00 00 06 45 26 ff ff 7a 00 15 35 ff 9e e0 ff da 00 13 00 21
[12:49:34.874] PACKET[COM10] sensors: status=3840, uptime=410918, filtered_accel=[-0.00536, 0.21716, -0.99456], gyro=[-2.66, 1.33, 2.31]
[12:49:34.996] RX[COM10]  01
[12:49:34.997] RX[COM10]  0b 00 00 06 45 8a ff ff 86 00 15 5a ff 9e ed ff db 00 13 00 20
[12:49:34.999] PACKET[COM10] sensors: status=2816, uptime=411018, filtered_accel=[-0.00488, 0.21864, -0.99404], gyro=[-2.59, 1.33, 2.24]
[12:49:34.999] RX[COM21]  03
[12:49:34.999] RX[COM21]  00 00 00 00 00 00 00 00 00 06 45 b7 00 00 00 34 41 c3
[12:49:35.000] PACKET[COM21] camera: fc_status=0, fc_uptime=0, status=0, uptime=411063, current_sense=[0.0, 0.0, 0.0], iris_battery_voltage=13.377
[12:49:35.000] BAD_PACKET[COM21] unknown packet ID 0xc3; discarded 1 byte
[12:49:35.060] RX[COM10]  01
[12:49:35.066] RX[COM10]  0b 00 00 06 45 ee ff ff 9e 00 15 4d ff 9e f9 ff db 00 12 00 21 02 10 00 00 06 45 ee 00 00 00 00 00 00 00 00 00 00 00 00 00 00 00 00 00 00 00 00 00 00 00 00 00 00 00 00 00 00 00 00 00 00 00 00 00 00 00 00 00 00 00 00 00 00 00 00 00 00 43 41 70 30 13 f0 ff 01 00 00 06 45 ee
[12:49:35.070] PACKET[COM10] sensors: status=2816, uptime=411118, filtered_accel=[-0.00392, 0.21812, -0.99356], gyro=[-2.59, 1.26, 2.31]
[12:49:35.073] PACKET[COM10] state: status=4096, uptime=411118, orientation=[0.0, 0.0, 0.0, 0.0], position=[0.0, 0.0, 0.0], velocity=[0.0, 0.0, 0.0], latitude=0.0, longitude=0.0, gps_altitude=0.0, barometric_altitude=193.438232, witness_battery_voltage=5.104
[12:49:35.074] PACKET[COM10] heartbeat: status=256, uptime=411118
[12:49:35.200] RX[COM10]  01
[12:49:35.201] RX[COM10]  0b 00 00 06 46 52 ff ff 7a 00 15 35 ff 9e f9 ff da 00 12 00 20
[12:49:35.206] PACKET[COM10] sensors: status=2816, uptime=411218, filtered_accel=[-0.00536, 0.21716, -0.99356], gyro=[-2.66, 1.26, 2.24]
[12:49:35.264] RX[COM10]  01
[12:49:35.265] RX[COM10]  0f 00 00 06 46 b6 ff ff 86 00 15 35 ff 9e e0 ff db 00 13 00 21
[12:49:35.266] PACKET[COM10] sensors: status=3840, uptime=411318, filtered_accel=[-0.00488, 0.21716, -0.99456], gyro=[-2.59, 1.33, 2.31]
[12:49:35.392] RX[COM10]  01
[12:49:35.397] RX[COM10]  0f 00 00 06 47 1a ff ff b7 00 15 4d ff 9e ed ff db 00 11 00 22
[12:49:35.399] PACKET[COM10] sensors: status=3840, uptime=411418, filtered_accel=[-0.00292, 0.21812, -0.99404], gyro=[-2.59, 1.19, 2.38]
[12:49:35.455] RX[COM10]  01
[12:49:35.457] RX[COM10]  0f 00 00 06 47 7e ff ff 9e 00 15 4d ff 9e ed ff db 00 13 00 21
[12:49:35.458] PACKET[COM10] sensors: status=3840, uptime=411518, filtered_accel=[-0.00392, 0.21812, -0.99404], gyro=[-2.59, 1.33, 2.31]
[12:49:35.581] RX[COM10]  01
[12:49:35.584] RX[COM10]  0f 00 00 06 47 e2 ff ff 9e 00 15 35 ff 9e f9 ff db 00 12 00 21
[12:49:35.586] PACKET[COM10] sensors: status=3840, uptime=411618, filtered_accel=[-0.00392, 0.21716, -0.99356], gyro=[-2.59, 1.26, 2.31]
[12:49:35.642] RX[COM10]  01
[12:49:35.643] RX[COM10]  0b 00 00 06 48 46 ff ff 7a 00 15 41 ff 9e ed ff db 00 12 00 21
[12:49:35.645] PACKET[COM10] sensors: status=2816, uptime=411718, filtered_accel=[-0.00536, 0.21764, -0.99404], gyro=[-2.59, 1.26, 2.31]
[12:49:35.769] RX[COM10]  01
[12:49:35.770] RX[COM10]  0b 00 00 06 48 aa ff ff 7a 00 15 41 ff 9e ed ff db 00 12 00 21
[12:49:35.773] PACKET[COM10] sensors: status=2816, uptime=411818, filtered_accel=[-0.00536, 0.21764, -0.99404], gyro=[-2.59, 1.26, 2.31]
[12:49:35.893] RX[COM10]  01
[12:49:35.894] RX[COM10]  0b 00 00 06 49 0e ff ff 92 00 15 4d ff 9e ed ff db 00 12 00 21
[12:49:35.896] PACKET[COM10] sensors: status=2816, uptime=411918, filtered_accel=[-0.0044, 0.21812, -0.99404], gyro=[-2.59, 1.26, 2.31]
[12:49:35.955] RX[COM10]  01
[12:49:35.956] RX[COM10]  0f 00 00 06 49 72 ff ff 9e 00 15 4d ff 9e ed ff da 00 12 00 21
[12:49:35.958] PACKET[COM10] sensors: status=3840, uptime=412018, filtered_accel=[-0.00392, 0.21812, -0.99404], gyro=[-2.66, 1.26, 2.31]
[12:49:36.020] RX[COM21]  03
[12:49:36.021] RX[COM21]  00 00 00 00 00 00 00 00 00 06 49 9f 00 00 00 34 40 b9
[12:49:36.023] PACKET[COM21] camera: fc_status=0, fc_uptime=0, status=0, uptime=412063, current_sense=[0.0, 0.0, 0.0], iris_battery_voltage=13.376
[12:49:36.023] BAD_PACKET[COM21] unknown packet ID 0xb9; discarded 1 byte
[12:49:36.085] RX[COM10]  01
[12:49:36.085] RX[COM10]  0f 00 00 06 49 d6 ff ff 7a 00 15 41 ff 9e ed ff db 00 12 00 22 02 10 00 00 06 49 d6 00 00 00 00 00 00 00 00 00 00 00 00 00 00 00 00 00 00 00 00 00 00 00 00 00 00 00 00 00 00 00 00 00 00 00 00 00 00 00 00 00 00 00 00 00 00 00 00 00 00 43 41 5a 8b 13 f0 ff 00 00 00 06 49 d6
[12:49:36.087] PACKET[COM10] sensors: status=3840, uptime=412118, filtered_accel=[-0.00536, 0.21764, -0.99404], gyro=[-2.59, 1.26, 2.38]
[12:49:36.089] PACKET[COM10] state: status=4096, uptime=412118, orientation=[0.0, 0.0, 0.0, 0.0], position=[0.0, 0.0, 0.0], velocity=[0.0, 0.0, 0.0], latitude=0.0, longitude=0.0, gps_altitude=0.0, barometric_altitude=193.353683, witness_battery_voltage=5.104
[12:49:36.090] PACKET[COM10] heartbeat: status=0, uptime=412118
[12:49:36.145] RX[COM10]  01
[12:49:36.149] RX[COM10]  0f 00 00 06 4a 3a ff ff 86 00 15 5a ff 9e d4 ff da 00 12 00 21
[12:49:36.151] PACKET[COM10] sensors: status=3840, uptime=412218, filtered_accel=[-0.00488, 0.21864, -0.99504], gyro=[-2.66, 1.26, 2.31]
[12:49:36.269] RX[COM10]  01
[12:49:36.270] RX[COM10]  0f 00 00 06 4a 9e ff ff 92 00 15 5a ff 9e ed ff db 00 11 00 21
[12:49:36.272] PACKET[COM10] sensors: status=3840, uptime=412318, filtered_accel=[-0.0044, 0.21864, -0.99404], gyro=[-2.59, 1.19, 2.31]
[12:49:36.395] RX[COM10]  01
[12:49:36.396] RX[COM10]  0b 00 00 06 4b 02 ff ff 86 00 15 35 ff 9e f9 ff da 00 12 00 21
[12:49:36.397] PACKET[COM10] sensors: status=2816, uptime=412418, filtered_accel=[-0.00488, 0.21716, -0.99356], gyro=[-2.66, 1.26, 2.31]
[12:49:36.460] RX[COM10]  01
[12:49:36.461] RX[COM10]  0b 00 00 06 4b 66 ff ff 7a 00 15 29 ff 9e ed ff db 00 12 00 21
[12:49:36.462] PACKET[COM10] sensors: status=2816, uptime=412518, filtered_accel=[-0.00536, 0.21668, -0.99404], gyro=[-2.59, 1.26, 2.31]
[12:49:36.589] RX[COM10]  01
[12:49:36.592] RX[COM10]  0b 00 00 06 4b ca ff ff 92 00 15 35 ff 9e e0 ff da 00 12 00 21
[12:49:36.593] PACKET[COM10] sensors: status=2816, uptime=412618, filtered_accel=[-0.0044, 0.21716, -0.99456], gyro=[-2.66, 1.26, 2.31]
[12:49:36.653] RX[COM10]  01
[12:49:36.654] RX[COM10]  0f 00 00 06 4c 2e ff ff 86 00 15 41 ff 9e e0 ff da 00 13 00 21
[12:49:36.656] PACKET[COM10] sensors: status=3840, uptime=412718, filtered_accel=[-0.00488, 0.21764, -0.99456], gyro=[-2.66, 1.33, 2.31]
[12:49:36.766] RX[COM10]  01
[12:49:36.767] RX[COM10]  0f 00 00 06 4c 92 ff ff 92 00 15 29 ff 9e e0 ff db 00 12 00 21
[12:49:36.769] PACKET[COM10] sensors: status=3840, uptime=412818, filtered_accel=[-0.0044, 0.21668, -0.99456], gyro=[-2.59, 1.26, 2.31]
[12:49:36.893] RX[COM10]  01
[12:49:36.893] RX[COM10]  0f 00 00 06 4c f6 ff ff 6e 00 15 35 ff 9f 05 ff da 00 13 00 21
[12:49:36.895] PACKET[COM10] sensors: status=3840, uptime=412918, filtered_accel=[-0.00584, 0.21716, -0.99308], gyro=[-2.66, 1.33, 2.31]
[12:49:36.955] RX[COM10]  01
[12:49:36.955] RX[COM10]  0f 00 00 06 4d 5a ff ff 6e 00 15 35 ff 9e d4 ff da 00 12 00 21
[12:49:36.957] PACKET[COM10] sensors: status=3840, uptime=413018, filtered_accel=[-0.00584, 0.21716, -0.99504], gyro=[-2.66, 1.26, 2.31]
[12:49:37.018] RX[COM21]  03
[12:49:37.021] RX[COM21]  00 00 00 00 00 00 00 00 00 06 4d 87 00 00 00 34 40 6f
[12:49:37.023] PACKET[COM21] camera: fc_status=0, fc_uptime=0, status=0, uptime=413063, current_sense=[0.0, 0.0, 0.0], iris_battery_voltage=13.376
[12:49:37.023] BAD_PACKET[COM21] unknown packet ID 0x6f; discarded 1 byte
[12:49:37.081] RX[COM10]  01
[12:49:37.082] RX[COM10]  0b 00 00 06 4d be ff ff 92 00 15 41 ff 9e e0 ff db 00 12 00 22
[12:49:37.085] PACKET[COM10] sensors: status=2816, uptime=413118, filtered_accel=[-0.0044, 0.21764, -0.99456], gyro=[-2.59, 1.26, 2.38]
[12:49:37.085] RX[COM10]  02 10 00 00 06 4d be 00 00 00 00 00 00 00 00 00 00 00 00 00 00 00 00 00 00 00 00 00 00 00 00 00 00 00 00 00 00 00 00 00 00 00 00 00 00 00 00 00 00 00 00 00 00 00 00 00 00 43 41 9c 28 13 fc ff 01 00 00 06 4d be
[12:49:37.086] PACKET[COM10] state: status=4096, uptime=413118, orientation=[0.0, 0.0, 0.0, 0.0], position=[0.0, 0.0, 0.0], velocity=[0.0, 0.0, 0.0], latitude=0.0, longitude=0.0, gps_altitude=0.0, barometric_altitude=193.609985, witness_battery_voltage=5.116
[12:49:37.087] PACKET[COM10] heartbeat: status=256, uptime=413118
[12:49:37.143] RX[COM10]  01
[12:49:37.144] RX[COM10]  0b 00 00 06 4e 22 ff ff 86 00 15 29 ff 9e ed ff db 00 12 00 21
[12:49:37.146] PACKET[COM10] sensors: status=2816, uptime=413218, filtered_accel=[-0.00488, 0.21668, -0.99404], gyro=[-2.59, 1.26, 2.31]
[12:49:37.267] RX[COM10]  01
[12:49:37.268] RX[COM10]  0b 00 00 06 4e 86 ff ff 86 00 15 41 ff 9f 05 ff da 00 12 00 21
[12:49:37.270] PACKET[COM10] sensors: status=2816, uptime=413318, filtered_accel=[-0.00488, 0.21764, -0.99308], gyro=[-2.66, 1.26, 2.31]
[12:49:37.393] RX[COM10]  01
[12:49:37.394] RX[COM10]  0f 00 00 06 4e ea ff ff 7a 00 15 1d ff 9e f9 ff da 00 12 00 22
[12:49:37.398] PACKET[COM10] sensors: status=3840, uptime=413418, filtered_accel=[-0.00536, 0.2162, -0.99356], gyro=[-2.66, 1.26, 2.38]
[12:49:37.456] RX[COM10]  01
[12:49:37.460] RX[COM10]  0f 00 00 06 4f 4e 00 00 31 00 15 1d ff 9d 72 ff d2 00 11 00 21
[12:49:37.463] PACKET[COM10] sensors: status=3840, uptime=413518, filtered_accel=[0.00196, 0.2162, -1.0092], gyro=[-3.22, 1.19, 2.31]
[12:49:37.568] RX[COM10]  01
[12:49:37.568] RX[COM10]  0f 00 00 06 4f b2 ff ff 61 00 15 41 ff 9f 42 ff dc 00 12 00 21
[12:49:37.570] PACKET[COM10] sensors: status=3840, uptime=413618, filtered_accel=[-0.00636, 0.21764, -0.99064], gyro=[-2.52, 1.26, 2.31]
[12:49:37.687] RX[COM10]  01
[12:49:37.687] RX[COM10]  0f 00 00 06 50 16 ff ff 7a 00 15 41 ff 9f 1d ff db 00 12 00 21
[12:49:37.689] PACKET[COM10] sensors: status=3840, uptime=413718, filtered_accel=[-0.00536, 0.21764, -0.99212], gyro=[-2.59, 1.26, 2.31]
[12:49:37.745] RX[COM10]  01
[12:49:37.746] RX[COM10]  0b 00 00 06 50 7a ff ff 86 00 15 29 ff 9e ed ff db 00 11 00 21
[12:49:37.747] PACKET[COM10] sensors: status=2816, uptime=413818, filtered_accel=[-0.00488, 0.21668, -0.99404], gyro=[-2.59, 1.19, 2.31]
[12:49:37.850] RX[COM10]  01
[12:49:37.851] RX[COM10]  0b 00 00 06 50 de ff ff 92 00 15 41 ff 9e d4 ff dc 00 12 00 21
[12:49:37.852] PACKET[COM10] sensors: status=2816, uptime=413918, filtered_accel=[-0.0044, 0.21764, -0.99504], gyro=[-2.52, 1.26, 2.31]
[12:49:37.956] RX[COM10]  01
[12:49:37.956] RX[COM10]  0b 00 00 06 51 42 ff ff 9e 00 15 41 ff 9e e0 ff da 00 12 00 21
[12:49:37.958] PACKET[COM10] sensors: status=2816, uptime=414018, filtered_accel=[-0.00392, 0.21764, -0.99456], gyro=[-2.66, 1.26, 2.31]
[12:49:38.021] RX[COM21]  03
[12:49:38.026] RX[COM21]  00 00 00 00 00 00 00 00 00 06 51 6f 00 00 00 34 68 29
[12:49:38.027] PACKET[COM21] camera: fc_status=0, fc_uptime=0, status=0, uptime=414063, current_sense=[0.0, 0.0, 0.0], iris_battery_voltage=13.416
[12:49:38.028] BAD_PACKET[COM21] unknown packet ID 0x29; discarded 1 byte
[12:49:38.083] RX[COM10]  01
[12:49:38.084] RX[COM10]  0f 00 00 06 51 a6 ff ff 9e 00 15 4d ff 9f 05 ff da 00 13 00 22 02 10 00 00 06 51 a6 00 00 00 00 00 00 00 00 00 00 00 00 00 00 00 00 00 00 00 00 00 00 00 00 00 00 00 00 00 00 00 00 00 00 00 00 00 00 00 00 00 00 00 00 00 00 00 00 00 00 43 41 9c 28 13 f0 ff 00 00 00 06 51 a6
[12:49:38.086] PACKET[COM10] sensors: status=3840, uptime=414118, filtered_accel=[-0.00392, 0.21812, -0.99308], gyro=[-2.66, 1.33, 2.38]
[12:49:38.087] PACKET[COM10] state: status=4096, uptime=414118, orientation=[0.0, 0.0, 0.0, 0.0], position=[0.0, 0.0, 0.0], velocity=[0.0, 0.0, 0.0], latitude=0.0, longitude=0.0, gps_altitude=0.0, barometric_altitude=193.609985, witness_battery_voltage=5.104
[12:49:38.089] PACKET[COM10] heartbeat: status=0, uptime=414118
[12:49:38.139] RX[COM10]  01
[12:49:38.140] RX[COM10]  0f 00 00 06 52 0a ff ff 86 00 15 35 ff 9e ed ff db 00 11 00 21
[12:49:38.142] PACKET[COM10] sensors: status=3840, uptime=414218, filtered_accel=[-0.00488, 0.21716, -0.99404], gyro=[-2.59, 1.19, 2.31]
[12:49:38.246] RX[COM10]  01
[12:49:38.246] RX[COM10]  0f 00 00 06 52 6e ff ff 86 00 15 41 ff 9e b0 ff dc 00 13 00 21
[12:49:38.248] PACKET[COM10] sensors: status=3840, uptime=414318, filtered_accel=[-0.00488, 0.21764, -0.99648], gyro=[-2.52, 1.33, 2.31]
[12:49:38.352] RX[COM10]  01
[12:49:38.352] RX[COM10]  0f 00 00 06 52 d2 ff ff 86 00 15 4d ff 9e ed ff da 00 13 00 21
[12:49:38.354] PACKET[COM10] sensors: status=3840, uptime=414418, filtered_accel=[-0.00488, 0.21812, -0.99404], gyro=[-2.66, 1.33, 2.31]
[12:49:38.457] RX[COM10]  01
[12:49:38.457] RX[COM10]  0b 00 00 06 53 36 ff ff 6e 00 15 29 ff 9e ed ff da 00 11 00 21
[12:49:38.459] PACKET[COM10] sensors: status=2816, uptime=414518, filtered_accel=[-0.00584, 0.21668, -0.99404], gyro=[-2.66, 1.19, 2.31]
[12:49:38.564] RX[COM10]  01
[12:49:38.565] RX[COM10]  0b 00 00 06 53 9a ff ff 6e 00 15 1d ff 9e ed ff da 00 12 00 21
[12:49:38.566] PACKET[COM10] sensors: status=2816, uptime=414618, filtered_accel=[-0.00584, 0.2162, -0.99404], gyro=[-2.66, 1.26, 2.31]
[12:49:38.673] RX[COM10]  01
[12:49:38.673] RX[COM10]  0b 00 00 06 53 fe ff ff 6e 00 15 1d ff 9e d4 ff d9 00 14 00 20
[12:49:38.675] PACKET[COM10] sensors: status=2816, uptime=414718, filtered_accel=[-0.00584, 0.2162, -0.99504], gyro=[-2.73, 1.4, 2.24]
[12:49:38.787] RX[COM10]  01
[12:49:38.788] RX[COM10]  0f 00 00 06 54 62 ff ff 86 00 15 41 ff 9e d4 ff db 00 12 00 22
[12:49:38.790] PACKET[COM10] sensors: status=3840, uptime=414818, filtered_accel=[-0.00488, 0.21764, -0.99504], gyro=[-2.59, 1.26, 2.38]
[12:49:38.845] RX[COM10]  01
[12:49:38.845] RX[COM10]  0f 00 00 06 54 c6 ff ff 6e 00 15 29 ff 9e f9 ff da 00 11 00 22
[12:49:38.847] PACKET[COM10] sensors: status=3840, uptime=414918, filtered_accel=[-0.00584, 0.21668, -0.99356], gyro=[-2.66, 1.19, 2.38]
[12:49:38.969] RX[COM10]  01
[12:49:38.969] RX[COM10]  0f 00 00 06 55 2a ff ff 6e 00 15 29 ff 9e f9 ff db 00 12 00 22
[12:49:38.971] PACKET[COM10] sensors: status=3840, uptime=415018, filtered_accel=[-0.00584, 0.21668, -0.99356], gyro=[-2.59, 1.26, 2.38]
[12:49:39.032] RX[COM21]  03
[12:49:39.033] RX[COM21]  00 00 00 00 00 00 00 00 00 06 55 57 00 00 00 34 60 4b
[12:49:39.034] PACKET[COM21] camera: fc_status=0, fc_uptime=0, status=0, uptime=415063, current_sense=[0.0, 0.0, 0.0], iris_battery_voltage=13.408
[12:49:39.034] BAD_PACKET[COM21] unknown packet ID 0x4b; discarded 1 byte
[12:49:39.152] RX[COM10]  01
[12:49:39.152] RX[COM10]  0f 00 00 06 55 8e ff ff 6e 00 15 29 ff 9e bc ff da 00 12 00 21
[12:49:39.154] PACKET[COM10] sensors: status=3840, uptime=415118, filtered_accel=[-0.00584, 0.21668, -0.996], gyro=[-2.66, 1.26, 2.31]
[12:49:39.154] RX[COM10]  02 10 00 00 06 55 8e 00 00 00 00 00 00 00 00 00 00 00 00 00 00 00 00 00 00 00 00 00 00 00 00 00 00 00 00 00 00 00 00 00 00 00 00 00 00 00 00 00 00 00 00 00 00 00 00 00 00 43 41 70 30 13 f0 ff 01 00 00 06 55 8e
[12:49:39.155] PACKET[COM10] state: status=4096, uptime=415118, orientation=[0.0, 0.0, 0.0, 0.0], position=[0.0, 0.0, 0.0], velocity=[0.0, 0.0, 0.0], latitude=0.0, longitude=0.0, gps_altitude=0.0, barometric_altitude=193.438232, witness_battery_voltage=5.104
[12:49:39.156] PACKET[COM10] heartbeat: status=256, uptime=415118
[12:49:39.156] RX[COM10]  01
[12:49:39.157] RX[COM10]  0b 00 00 06 55 f2 ff ff 7a 00 15 29 ff 9e ed ff db 00 12 00 20
[12:49:39.158] PACKET[COM10] sensors: status=2816, uptime=415218, filtered_accel=[-0.00536, 0.21668, -0.99404], gyro=[-2.59, 1.26, 2.24]
[12:49:39.268] RX[COM10]  01
[12:49:39.268] RX[COM10]  0b 00 00 06 56 56 ff ff 92 00 15 35 ff 9e f9 ff da 00 11 00 21
[12:49:39.270] PACKET[COM10] sensors: status=2816, uptime=415318, filtered_accel=[-0.0044, 0.21716, -0.99356], gyro=[-2.66, 1.19, 2.31]
[12:49:39.371] RX[COM10]  01
[12:49:39.371] RX[COM10]  0b 00 00 06 56 ba ff ff 7a 00 15 29 ff 9e ed ff da 00 11 00 21
[12:49:39.373] PACKET[COM10] sensors: status=2816, uptime=415418, filtered_accel=[-0.00536, 0.21668, -0.99404], gyro=[-2.66, 1.19, 2.31]
[12:49:39.475] RX[COM10]  01
[12:49:39.476] RX[COM10]  0f 00 00 06 57 1e ff ff 55 00 15 10 ff 9e f9 ff db 00 12 00 22
[12:49:39.477] PACKET[COM10] sensors: status=3840, uptime=415518, filtered_accel=[-0.00684, 0.21568, -0.99356], gyro=[-2.59, 1.26, 2.38]
[12:49:39.588] RX[COM10]  01
[12:49:39.588] RX[COM10]  0f 00 00 06 57 82 ff ff 9e 00 15 35 ff 9e ed ff da 00 12 00 22
[12:49:39.590] PACKET[COM10] sensors: status=3840, uptime=415618, filtered_accel=[-0.00392, 0.21716, -0.99404], gyro=[-2.66, 1.26, 2.38]
[12:49:39.640] RX[COM10]  01
[12:49:39.641] RX[COM10]  0f 00 00 06 57 e6 ff ff 7a 00 15 4d ff 9e ed ff db 00 12 00 21
[12:49:39.643] PACKET[COM10] sensors: status=3840, uptime=415718, filtered_accel=[-0.00536, 0.21812, -0.99404], gyro=[-2.59, 1.26, 2.31]
[12:49:39.748] RX[COM10]  01
[12:49:39.749] RX[COM10]  0f 00 00 06 58 4a ff ff 6e 00 15 41 ff 9e e0 ff db 00 13 00 21
[12:49:39.752] PACKET[COM10] sensors: status=3840, uptime=415818, filtered_accel=[-0.00584, 0.21764, -0.99456], gyro=[-2.59, 1.33, 2.31]
[12:49:39.858] RX[COM10]  01
[12:49:39.858] RX[COM10]  0b 00 00 06 58 ae ff ff 7a 00 15 35 ff 9e d4 ff da 00 12 00 21
[12:49:39.860] PACKET[COM10] sensors: status=2816, uptime=415918, filtered_accel=[-0.00536, 0.21716, -0.99504], gyro=[-2.66, 1.26, 2.31]
[12:49:39.964] RX[COM10]  01
[12:49:39.964] RX[COM10]  0b 00 00 06 59 12 ff ff 7a 00 15 41 ff 9e ed ff db 00 12 00 21
[12:49:39.966] PACKET[COM10] sensors: status=2816, uptime=416018, filtered_accel=[-0.00536, 0.21764, -0.99404], gyro=[-2.59, 1.26, 2.31]
[12:49:40.029] RX[COM21]  03
[12:49:40.030] RX[COM21]  00 00 00 00 00 00 00 00 00 06 59 3f 00 00 00 34 70 59
[12:49:40.031] PACKET[COM21] camera: fc_status=0, fc_uptime=0, status=0, uptime=416063, current_sense=[0.0, 0.0, 0.0], iris_battery_voltage=13.424
[12:49:40.032] BAD_PACKET[COM21] unknown packet ID 0x59; discarded 1 byte
[12:49:40.094] RX[COM10]  01
[12:49:40.098] RX[COM10]  0b 00 00 06 59 76 ff ff 92 00 15 41 ff 9e f9 ff d9 00 12 00 21 02 10 00 00 06 59 76 00 00 00 00 00 00 00
[12:49:40.100] PACKET[COM10] sensors: status=2816, uptime=416118, filtered_accel=[-0.0044, 0.21764, -0.99356], gyro=[-2.73, 1.26, 2.31]
[12:49:40.100] RX[COM10]  00 00 00 00 00 00 00 00 00 00 00 00 00 00 00 00 00 00 00 00 00 00 00 00 00 00 00 00 00 00 00 00 00 00 00 00 00 00 00 00 00 00 00 43 41 44 e5 13 f0 ff 00 00 00 06 59 76
[12:49:40.101] PACKET[COM10] state: status=4096, uptime=416118, orientation=[0.0, 0.0, 0.0, 0.0], position=[0.0, 0.0, 0.0], velocity=[0.0, 0.0, 0.0], latitude=0.0, longitude=0.0, gps_altitude=0.0, barometric_altitude=193.269119, witness_battery_voltage=5.104
[12:49:40.103] PACKET[COM10] heartbeat: status=0, uptime=416118
[12:49:40.153] RX[COM10]  01
[12:49:40.154] RX[COM10]  0f 00 00 06 59 da ff ff 92 00 15 41 ff 9e f9 ff db 00 13 00 21
[12:49:40.156] PACKET[COM10] sensors: status=3840, uptime=416218, filtered_accel=[-0.0044, 0.21764, -0.99356], gyro=[-2.59, 1.33, 2.31]
[12:49:40.277] RX[COM10]  01
[12:49:40.279] RX[COM10]  0f 00 00 06 5a 3e ff ff 86 00 15 35 ff 9e 97 ff da 00 11 00 21
[12:49:40.282] PACKET[COM10] sensors: status=3840, uptime=416318, filtered_accel=[-0.00488, 0.21716, -0.99748], gyro=[-2.66, 1.19, 2.31]
[12:49:40.395] RX[COM10]  01
[12:49:40.396] RX[COM10]  0f 00 00 06 5a a2 ff ff 6e 00 15 41 ff 9e e0 ff da 00 13 00 21
[12:49:40.398] PACKET[COM10] sensors: status=3840, uptime=416418, filtered_accel=[-0.00584, 0.21764, -0.99456], gyro=[-2.66, 1.33, 2.31]
[12:49:40.449] RX[COM10]  01
[12:49:40.451] RX[COM10]  0f 00 00 06 5b 06 ff ff 9e 00 15 5a ff 9e ed ff da 00 12 00 22
[12:49:40.452] PACKET[COM10] sensors: status=3840, uptime=416518, filtered_accel=[-0.00392, 0.21864, -0.99404], gyro=[-2.66, 1.26, 2.38]
[12:49:40.557] RX[COM10]  01
[12:49:40.558] RX[COM10]  0b 00 00 06 5b 6a ff ff 6e 00 15 1d ff 9e f9 ff db 00 12 00 21
[12:49:40.559] PACKET[COM10] sensors: status=2816, uptime=416618, filtered_accel=[-0.00584, 0.2162, -0.99356], gyro=[-2.59, 1.26, 2.31]
[12:49:40.664] RX[COM10]  01
[12:49:40.664] RX[COM10]  0b 00 00 06 5b ce ff ff 86 00 15 1d ff 9e c8 ff d9 00 12 00 21
[12:49:40.666] PACKET[COM10] sensors: status=2816, uptime=416718, filtered_accel=[-0.00488, 0.2162, -0.99552], gyro=[-2.73, 1.26, 2.31]
[12:49:40.769] RX[COM10]  01
[12:49:40.769] RX[COM10]  0b 00 00 06 5c 32 ff ff 24 00 15 5a ff 9f 5a ff dc 00 12 00 21
[12:49:40.771] PACKET[COM10] sensors: status=2816, uptime=416818, filtered_accel=[-0.0088, 0.21864, -0.98968], gyro=[-2.52, 1.26, 2.31]
[12:49:40.873] RX[COM10]  01
[12:49:40.873] RX[COM10]  0f 00 00 06 5c 96 ff ff 7a 00 15 4d ff 9e e0 ff da 00 12 00 22
[12:49:40.876] PACKET[COM10] sensors: status=3840, uptime=416918, filtered_accel=[-0.00536, 0.21812, -0.99456], gyro=[-2.66, 1.26, 2.38]
[12:49:40.981] RX[COM10]  01
[12:49:40.982] RX[COM10]  0f 00 00 06 5c fa ff ff 7a 00 15 35 ff 9e e0 ff da 00 12 00 22
[12:49:40.987] PACKET[COM10] sensors: status=3840, uptime=417018, filtered_accel=[-0.00536, 0.21716, -0.99456], gyro=[-2.66, 1.26, 2.38]
[12:49:40.988] RX[COM21]  03
[12:49:40.988] RX[COM21]  00 00 00 00 00 00 00 00 00 06 5d 27 00 00 00 34 70 8f
[12:49:40.989] PACKET[COM21] camera: fc_status=0, fc_uptime=0, status=0, uptime=417063, current_sense=[0.0, 0.0, 0.0], iris_battery_voltage=13.424
[12:49:40.990] BAD_PACKET[COM21] unknown packet ID 0x8f; discarded 1 byte
[12:49:41.044] RX[COM10]  01
[12:49:41.045] RX[COM10]  0f 00 00 06 5d 5e ff ff 6e 00 15 1d ff 9e ed ff da 00 13 00 21 02 10 00 00 06 5d 5e 00 00 00 00 00 00 00 00 00 00 00 00 00 00 00 00 00 00 00 00 00 00 00 00 00 00 00 00 00 00 00 00 00 00 00 00 00 00 00 00 00 00 00 00 00 00 00 00 00 00 43 41 9c 28 13 f8
[12:49:41.047] PACKET[COM10] sensors: status=3840, uptime=417118, filtered_accel=[-0.00584, 0.2162, -0.99404], gyro=[-2.66, 1.33, 2.31]
[12:49:41.049] PACKET[COM10] state: status=4096, uptime=417118, orientation=[0.0, 0.0, 0.0, 0.0], position=[0.0, 0.0, 0.0], velocity=[0.0, 0.0, 0.0], latitude=0.0, longitude=0.0, gps_altitude=0.0, barometric_altitude=193.609985, witness_battery_voltage=5.112
[12:49:41.049] RX[COM10]  ff 01 00 00 06 5d 5e
[12:49:41.051] PACKET[COM10] heartbeat: status=256, uptime=417118
[12:49:41.170] RX[COM10]  01
[12:49:41.171] RX[COM10]  0f 00 00 06 5d c2 ff ff 61 00 15 35 ff 9e d4 ff db 00 13 00 20
[12:49:41.173] PACKET[COM10] sensors: status=3840, uptime=417218, filtered_accel=[-0.00636, 0.21716, -0.99504], gyro=[-2.59, 1.33, 2.24]
[12:49:41.240] RX[COM10]  01
[12:49:41.245] RX[COM10]  0b 00 00 06 5e 26 ff ff 86 00 15 35 ff 9e 97 ff db 00 12 00 22
[12:49:41.249] PACKET[COM10] sensors: status=2816, uptime=417318, filtered_accel=[-0.00488, 0.21716, -0.99748], gyro=[-2.59, 1.26, 2.38]
[12:49:41.376] RX[COM10]  01
[12:49:41.377] RX[COM10]  0b 00 00 06 5e 8a ff ff 6e 00 15 1d ff 9e f9 ff da 00 11 00 21
[12:49:41.379] PACKET[COM10] sensors: status=2816, uptime=417418, filtered_accel=[-0.00584, 0.2162, -0.99356], gyro=[-2.66, 1.19, 2.31]
[12:49:41.486] RX[COM10]  01
[12:49:41.486] RX[COM10]  0b 00 00 06 5e ee ff ff 55 00 15 1d ff 9e e0 ff dc 00 13 00 21
[12:49:41.488] PACKET[COM10] sensors: status=2816, uptime=417518, filtered_accel=[-0.00684, 0.2162, -0.99456], gyro=[-2.52, 1.33, 2.31]
[12:49:41.539] RX[COM10]  01
[12:49:41.540] RX[COM10]  0f 00 00 06 5f 52 ff ff 7a 00 15 1d ff 9e d4 ff db 00 13 00 21
[12:49:41.542] PACKET[COM10] sensors: status=3840, uptime=417618, filtered_accel=[-0.00536, 0.2162, -0.99504], gyro=[-2.59, 1.33, 2.31]
[12:49:41.659] RX[COM10]  01
[12:49:41.660] RX[COM10]  0f 00 00 06 5f b6 ff ff 9e 00 15 10 ff 9f 05 ff db 00 11 00 22
[12:49:41.663] PACKET[COM10] sensors: status=3840, uptime=417718, filtered_accel=[-0.00392, 0.21568, -0.99308], gyro=[-2.59, 1.19, 2.38]
[12:49:41.784] RX[COM10]  01
[12:49:41.785] RX[COM10]  0f 00 00 06 60 1a ff ff 9e 00 15 4d ff 9e ed ff d9 00 13 00 21
[12:49:41.787] PACKET[COM10] sensors: status=3840, uptime=417818, filtered_accel=[-0.00392, 0.21812, -0.99404], gyro=[-2.73, 1.33, 2.31]
[12:49:41.847] RX[COM10]  01
[12:49:41.848] RX[COM10]  0f 00 00 06 60 7e ff ff 7a 00 15 35 ff 9e f9 ff da 00 13 00 21
[12:49:41.851] PACKET[COM10] sensors: status=3840, uptime=417918, filtered_accel=[-0.00536, 0.21716, -0.99356], gyro=[-2.66, 1.33, 2.31]
[12:49:41.972] RX[COM10]  01
[12:49:41.972] RX[COM10]  0b 00 00 06 60 e2 ff ff 86 00 15 29 ff 9e ed ff db 00 12 00 22
[12:49:41.974] PACKET[COM10] sensors: status=2816, uptime=418018, filtered_accel=[-0.00488, 0.21668, -0.99404], gyro=[-2.59, 1.26, 2.38]
[12:49:41.975] RX[COM21]  03
[12:49:41.975] RX[COM21]  00 00 00 00 00 00 00 00 00 06 61 0f 00 00 00 34 5e 79
[12:49:41.976] PACKET[COM21] camera: fc_status=0, fc_uptime=0, status=0, uptime=418063, current_sense=[0.0, 0.0, 0.0], iris_battery_voltage=13.406
[12:49:41.976] BAD_PACKET[COM21] unknown packet ID 0x79; discarded 1 byte
[12:49:42.085] RX[COM10]  01
[12:49:42.085] RX[COM10]  0b 00 00 06 61 46 ff ff 92 00 15 41 ff 9e e0 ff da 00 13 00 21 02 10 00 00 06 61 46 00 00 00 00 00 00 00 00 00 00 00 00 00 00 00 00 00 00 00 00 00 00 00 00 00 00 00 00 00 00 00 00 00 00 00 00 00 00 00 00 00 00 00 00 00 00 00 00 00 00 43 41 9c 28 13 f8 ff 00 00 00 06 61 46
[12:49:42.087] PACKET[COM10] sensors: status=2816, uptime=418118, filtered_accel=[-0.0044, 0.21764, -0.99456], gyro=[-2.66, 1.33, 2.31]
[12:49:42.089] PACKET[COM10] state: status=4096, uptime=418118, orientation=[0.0, 0.0, 0.0, 0.0], position=[0.0, 0.0, 0.0], velocity=[0.0, 0.0, 0.0], latitude=0.0, longitude=0.0, gps_altitude=0.0, barometric_altitude=193.609985, witness_battery_voltage=5.112
[12:49:42.090] PACKET[COM10] heartbeat: status=0, uptime=418118
[12:49:42.144] RX[COM10]  01
[12:49:42.145] RX[COM10]  0b 00 00 06 61 aa ff ff 86 00 15 35 ff 9e ed ff da 00 13 00 20
[12:49:42.148] PACKET[COM10] sensors: status=2816, uptime=418218, filtered_accel=[-0.00488, 0.21716, -0.99404], gyro=[-2.66, 1.33, 2.24]
[12:49:42.270] RX[COM10]  01
[12:49:42.273] RX[COM10]  0f 00 00 06 62 0e ff ff 6e 00 15 29 ff 9f 2a ff d2 00 1c 00 22
[12:49:42.275] PACKET[COM10] sensors: status=3840, uptime=418318, filtered_accel=[-0.00584, 0.21668, -0.9916], gyro=[-3.22, 1.96, 2.38]
[12:49:42.396] RX[COM10]  01
[12:49:42.397] RX[COM10]  0f 00 00 06 62 72 ff ff cf 00 15 72 ff 9e a3 ff d8 00 18 00 22
[12:49:42.401] PACKET[COM10] sensors: status=3840, uptime=418418, filtered_accel=[-0.00196, 0.2196, -0.997], gyro=[-2.8, 1.68, 2.38]
[12:49:42.458] RX[COM10]  01
[12:49:42.459] RX[COM10]  0f 00 00 06 62 d6 ff ff 92 00 15 7e ff 9f 4e ff dd 00 10 00 21
[12:49:42.466] PACKET[COM10] sensors: status=3840, uptime=418518, filtered_accel=[-0.0044, 0.22008, -0.99016], gyro=[-2.45, 1.12, 2.31]
[12:49:42.584] RX[COM10]  01
[12:49:42.586] RX[COM10]  0f 00 00 06 63 3a ff ff c3 00 15 5a ff 9f bc ff d5 00 11 00 20
[12:49:42.589] PACKET[COM10] sensors: status=3840, uptime=418618, filtered_accel=[-0.00244, 0.21864, -0.98576], gyro=[-3.01, 1.19, 2.24]
[12:49:42.646] RX[COM10]  01
[12:49:42.647] RX[COM10]  0b 00 00 06 63 9e ff ff 18 00 15 41 ff a0 2a ff d3 00 18 00 21
[12:49:42.650] PACKET[COM10] sensors: status=2816, uptime=418718, filtered_accel=[-0.00928, 0.21764, -0.98136], gyro=[-3.15, 1.68, 2.31]
[12:49:42.772] RX[COM10]  01
[12:49:42.773] RX[COM10]  0b 00 00 06 64 02 00 00 dc 00 16 41 ff 9d c8 ff c8 00 18 00 1a
[12:49:42.775] PACKET[COM10] sensors: status=2816, uptime=418818, filtered_accel=[0.0088, 0.22788, -1.00576], gyro=[-3.92, 1.68, 1.82]
[12:49:42.896] RX[COM10]  01
[12:49:42.897] RX[COM10]  0b 00 00 06 64 66 ff ff 6e 00 16 11 ff 97 ae ff c2 00 59 00 18
[12:49:42.901] PACKET[COM10] sensors: status=2816, uptime=418918, filtered_accel=[-0.00584, 0.22596, -1.06824], gyro=[-4.34, 6.23, 1.68]
[12:49:42.959] RX[COM10]  01
[12:49:42.959] RX[COM10]  0f 00 00 06 64 ca ff f8 6c 00 16 41 ff 93 64 01 b8 02 58 00 76
[12:49:42.962] PACKET[COM10] sensors: status=3840, uptime=419018, filtered_accel=[-0.0776, 0.22788, -1.11216], gyro=[30.8, 42.0, 8.26]
[12:49:43.022] RX[COM21]  03
[12:49:43.022] RX[COM21]  00 00 00 00 00 00 00 00 00 06 64 f7 00 00 00 34 20 03
[12:49:43.024] PACKET[COM21] camera: fc_status=0, fc_uptime=0, status=0, uptime=419063, current_sense=[0.0, 0.0, 0.0], iris_battery_voltage=13.344
[12:49:43.083] RX[COM10]  01
[12:49:43.085] RX[COM10]  0f 00 00 06 65 2e 00 0e 89 00 00 18 ff 9a 72 03 13 06 e1 01 4b 02 10 00 00 06 65 2e 00 00 00 00 00 00 00 00 00 00 00 00 00 00 00 00 00 00 00 00 00 00 00 00 00 00 00 00 00 00 00 00 00 00 00 00 00 00 00 00 00 00 00 00 00 00 00 00 00 00 43 41 86 82 13 f8 ff 01 00 00 06 65 2e
[12:49:43.087] PACKET[COM10] sensors: status=3840, uptime=419118, filtered_accel=[0.14884, 0.00096, -1.03992], gyro=[55.09, 123.27, 23.17]
[12:49:43.089] PACKET[COM10] state: status=4096, uptime=419118, orientation=[0.0, 0.0, 0.0, 0.0], position=[0.0, 0.0, 0.0], velocity=[0.0, 0.0, 0.0], latitude=0.0, longitude=0.0, gps_altitude=0.0, barometric_altitude=193.525421, witness_battery_voltage=5.112
[12:49:43.091] PACKET[COM10] heartbeat: status=256, uptime=419118
[12:49:43.145] RX[COM10]  01
[12:49:43.150] RX[COM10]  0f 00 00 06 65 92 00 21 13 ff fb 79 ff bd 6d 00 40 06 50 01 6f
[12:49:43.152] PACKET[COM10] sensors: status=3840, uptime=419218, filtered_accel=[0.33868, -0.04636, -0.68172], gyro=[4.48, 113.12, 25.69]
[12:49:43.273] RX[COM10]  01
[12:49:43.273] RX[COM10]  0f 00 00 06 65 f6 00 37 0b ff ef 15 ff b7 f2 00 e3 04 8e 01 39
[12:49:43.275] PACKET[COM10] sensors: status=3840, uptime=419318, filtered_accel=[0.56364, -0.17324, -0.73784], gyro=[15.89, 81.62, 21.91]
[12:49:43.396] RX[COM10]  01
[12:49:43.398] RX[COM10]  0b 00 00 06 66 5a 00 48 a1 ff ea 5d ff b1 9b 00 49 04 7b 00 5c
[12:49:43.401] PACKET[COM10] sensors: status=2816, uptime=419418, filtered_accel=[0.74372, -0.22156, -0.80276], gyro=[5.11, 80.29, 6.44]
[12:49:43.459] RX[COM10]  01
[12:49:43.460] RX[COM10]  0b 00 00 06 66 be 00 46 88 ff e8 5d ff d1 40 ff 75 04 89 01 8f
[12:49:43.464] PACKET[COM10] sensors: status=2816, uptime=419518, filtered_accel=[0.72224, -0.24204, -0.47872], gyro=[-9.73, 81.27, 27.93]
[12:49:43.585] RX[COM10]  01
[12:49:43.590] RX[COM10]  0b 00 00 06 67 22 00 54 66 ff e3 ee ff d9 e0 ff 8d 04 67 01 1c
[12:49:43.592] PACKET[COM10] sensors: status=2816, uptime=419618, filtered_accel=[0.86424, -0.28744, -0.3904], gyro=[-8.05, 78.89, 19.88]
[12:49:43.648] RX[COM10]  01
[12:49:43.650] RX[COM10]  0f 00 00 06 67 86 00 4d 0f ff e6 50 ff ef cc ff 3d 03 46 00 1a
[12:49:43.652] PACKET[COM10] sensors: status=3840, uptime=419718, filtered_accel=[0.78908, -0.26304, -0.16592], gyro=[-13.65, 58.66, 1.82]
[12:49:43.775] RX[COM10]  01
[12:49:43.776] RX[COM10]  0f 00 00 06 67 ea 00 64 a6 ff da c8 ff f6 60 ff ed 01 f3 00 18
[12:49:43.779] PACKET[COM10] sensors: status=3840, uptime=419818, filtered_accel=[1.03064, -0.38112, -0.09856], gyro=[-1.33, 34.93, 1.68]
[12:49:43.902] RX[COM10]  01
[12:49:43.903] RX[COM10]  0f 00 00 06 68 4e 00 67 5e ff dd 98 ff fe 18 ff a9 01 93 00 35
[12:49:43.906] PACKET[COM10] sensors: status=3840, uptime=419918, filtered_accel=[1.05848, -0.35232, -0.01952], gyro=[-6.09, 28.21, 3.71]
[12:49:43.963] RX[COM10]  01
[12:49:43.964] RX[COM10]  0f 00 00 06 68 b2 00 58 e1 ff e3 37 ff f5 6c ff 70 fe e9 ff 8d
[12:49:43.967] PACKET[COM10] sensors: status=3840, uptime=420018, filtered_accel=[0.91012, -0.29476, -0.10832], gyro=[-10.08, -19.53, -8.05]
[12:49:44.031] RX[COM21]  03
[12:49:44.032] RX[COM21]  00 00 00 00 00 00 00 00 00 06 68 df 00 00 00 34 21 79
[12:49:44.034] PACKET[COM21] camera: fc_status=768, fc_uptime=0, status=0, uptime=1640, current_sense=[22.3, 0.0, 0.0], iris_battery_voltage=0.052
[12:49:44.034] BAD_PACKET[COM21] unknown packet ID 0x21; discarded 1 byte
[12:49:44.034] BAD_PACKET[COM21] unknown packet ID 0x79; discarded 1 byte
[12:49:44.088] RX[COM10]  01
[12:49:44.091] RX[COM10]  0b 00 00 06 69 16 00 60 81 ff e0 e1 ff fa aa ff f0 ff d9 ff 81
[12:49:44.093] PACKET[COM10] sensors: status=2816, uptime=420118, filtered_accel=[0.9882, -0.31868, -0.05464], gyro=[-1.12, -2.73, -8.89]
[12:49:44.094] RX[COM10]  02
[12:49:44.094] RX[COM10]  10 00 00 06 69 16 00 00 00 00 00 00 00 00 00 00 00 00 00 00 00 00 00 00 00 00 00 00 00 00 00 00 00 00 00 00 00 00 00 00 00 00 00 00 00 00 00 00 00 00 00 00 00 00 00 00 43 49 d7 36 13 f8 ff 00 00 00 06 69 16
[12:49:44.096] PACKET[COM10] state: status=4096, uptime=420118, orientation=[0.0, 0.0, 0.0, 0.0], position=[0.0, 0.0, 0.0], velocity=[0.0, 0.0, 0.0], latitude=0.0, longitude=0.0, gps_altitude=0.0, barometric_altitude=201.840668, witness_battery_voltage=5.112
[12:49:44.097] PACKET[COM10] heartbeat: status=0, uptime=420118
[12:49:44.151] RX[COM10]  01
[12:49:44.152] RX[COM10]  0b 00 00 06 69 7a 00 58 05 ff e6 2c ff f3 16 ff f8 ff d7 ff e2
[12:49:44.155] PACKET[COM10] sensors: status=2816, uptime=420218, filtered_accel=[0.90132, -0.26448, -0.13224], gyro=[-0.56, -2.87, -2.1]
[12:49:44.276] RX[COM10]  01
[12:49:44.278] RX[COM10]  0b 00 00 06 69 de 00 5b b1 ff e6 d6 ff f7 84 ff 76 ff dc ff ab
[12:49:44.280] PACKET[COM10] sensors: status=2816, uptime=420318, filtered_accel=[0.93892, -0.25768, -0.08688], gyro=[-9.66, -2.52, -5.95]
[12:49:44.400] RX[COM10]  01
[12:49:44.401] RX[COM10]  0f 00 00 06 6a 42 00 5b e2 ff ec 14 ff ec 9b 00 1e fe 01 ff 98
[12:49:44.403] PACKET[COM10] sensors: status=3840, uptime=420418, filtered_accel=[0.94088, -0.204, -0.1986], gyro=[2.1, -35.77, -7.28]
[12:49:44.464] RX[COM10]  01
[12:49:44.466] RX[COM10]  0f 00 00 06 6a a6 00 4b 40 ff ea e3 ff d2 eb ff 67 f9 af ff 42
[12:49:44.469] PACKET[COM10] sensors: status=3840, uptime=420518, filtered_accel=[0.77056, -0.2162, -0.46164], gyro=[-10.71, -113.19, -13.3]
[12:49:44.579] RX[COM10]  01
[12:49:44.579] RX[COM10]  0f 00 00 06 6b 0a 00 4d 96 ff ef 52 ff c3 25 fe 1d f5 46 fe 0c
[12:49:44.582] PACKET[COM10] sensors: status=3840, uptime=420618, filtered_accel=[0.79448, -0.1708, -0.62316], gyro=[-33.81, -192.22, -35.0]
[12:49:44.686] RX[COM10]  01
[12:49:44.687] RX[COM10]  0f 00 00 06 6b 6e 00 1d c9 ff fc e7 ff a3 d5 fe 88 f8 5a fe 14
[12:49:44.689] PACKET[COM10] sensors: status=3840, uptime=420718, filtered_accel=[0.305, -0.03172, -0.9438], gyro=[-26.32, -137.06, -34.44]
[12:49:44.745] RX[COM10]  01
[12:49:44.746] RX[COM10]  0b 00 00 06 6b d2 00 0f 28 00 02 00 ff 98 96 fe 4c fa f2 ff ab
[12:49:44.749] PACKET[COM10] sensors: status=2816, uptime=420818, filtered_accel=[0.1552, 0.02048, -1.05896], gyro=[-30.52, -90.58, -5.95]
[12:49:44.871] RX[COM10]  01
[12:49:44.871] RX[COM10]  0b 00 00 06 6c 36 00 00 e8 00 1e 43 ff 8f 0e fe 27 fb a1 ff 4f
[12:49:44.874] PACKET[COM10] sensors: status=2816, uptime=420918, filtered_accel=[0.00928, 0.30988, -1.15656], gyro=[-33.11, -78.33, -12.39]
[12:49:44.998] RX[COM10]  01
[12:49:44.999] RX[COM10]  0b 00 00 06 6c 9a ff f7 84 00 11 7d ff 9d e0 ff d4 00 09 00 51
[12:49:45.003] PACKET[COM10] sensors: status=2816, uptime=421018, filtered_accel=[-0.08688, 0.17908, -1.0048], gyro=[-3.08, 0.63, 5.67]
[12:49:45.003] RX[COM21]  03
[12:49:45.003] RX[COM21]  00 00 00 00 00 00 00 00 00 06 6c c7 00 00 00 34 21 af
[12:49:45.005] PACKET[COM21] camera: fc_status=0, fc_uptime=0, status=0, uptime=421063, current_sense=[0.0, 0.0, 0.0], iris_battery_voltage=13.345
[12:49:45.005] BAD_PACKET[COM21] unknown packet ID 0xaf; discarded 1 byte
[12:49:45.061] RX[COM10]  01
[12:49:45.061] RX[COM10]  0f 00 00 06 6c fe ff f2 b4 00 0e c6 ff ab 07 fd 4c 03 2b 00 85 02 10 00 00 06 6c fe 00 00 00 00 00 00 00 00 00 00 00 00 00 00 00 00 00 00 00 00 00 00 00 00 00 00 00 00 00 00 00 00 00 00 00 00 00 00 00 00 00 00 00 00 00 00 00 00 00 00 43 41 9c 28 13 f0 ff 01 00 00 06 6c fe
[12:49:45.064] PACKET[COM10] sensors: status=3840, uptime=421118, filtered_accel=[-0.13616, 0.15128, -0.87012], gyro=[-48.44, 56.77, 9.31]
[12:49:45.066] PACKET[COM10] state: status=4096, uptime=421118, orientation=[0.0, 0.0, 0.0, 0.0], position=[0.0, 0.0, 0.0], velocity=[0.0, 0.0, 0.0], latitude=0.0, longitude=0.0, gps_altitude=0.0, barometric_altitude=193.609985, witness_battery_voltage=5.104
[12:49:45.067] PACKET[COM10] heartbeat: status=256, uptime=421118
[12:49:45.187] RX[COM10]  01
[12:49:45.189] RX[COM10]  0f 00 00 06 6d 62 00 0a 64 00 10 71 ff 96 f7 00 82 fe ba ff d9
[12:49:45.192] PACKET[COM10] sensors: status=3840, uptime=421218, filtered_accel=[0.1064, 0.16836, -1.07556], gyro=[9.1, -22.82, -2.73]
[12:49:45.250] RX[COM10]  01
[12:49:45.252] RX[COM10]  0f 00 00 06 6d c6 ff ff 24 00 16 7e ff 9c a3 00 07 ff be 00 14
[12:49:45.255] PACKET[COM10] sensors: status=3840, uptime=421318, filtered_accel=[-0.0088, 0.23032, -1.01748], gyro=[0.49, -4.62, 1.4]
[12:49:45.375] RX[COM10]  01
[12:49:45.376] RX[COM10]  0f 00 00 06 6e 2a ff fe 3d 00 15 af ff 9e 5a ff f8 ff d7 00 18
[12:49:45.379] PACKET[COM10] sensors: status=3840, uptime=421418, filtered_accel=[-0.01804, 0.22204, -0.99992], gyro=[-0.56, -2.87, 1.68]
[12:49:45.499] RX[COM10]  01
[12:49:45.500] RX[COM10]  0b 00 00 06 6e 8e ff fd e7 00 15 7e ff 9e a3 ff eb ff f1 00 1c
[12:49:45.502] PACKET[COM10] sensors: status=2816, uptime=421518, filtered_accel=[-0.02148, 0.22008, -0.997], gyro=[-1.47, -1.05, 1.96]
[12:49:45.561] RX[COM10]  01
[12:49:45.565] RX[COM10]  0b 00 00 06 6e f2 ff fe 30 00 15 35 ff 9f 4e ff e4 ff fe 00 1e
[12:49:45.568] PACKET[COM10] sensors: status=2816, uptime=421618, filtered_accel=[-0.01856, 0.21716, -0.99016], gyro=[-1.96, -0.14, 2.1]
[12:49:45.669] RX[COM10]  01
[12:49:45.669] RX[COM10]  0b 00 00 06 6f 56 ff fd f3 00 15 7e ff 9e 5a ff dd 00 0d 00 20
[12:49:45.675] PACKET[COM10] sensors: status=2816, uptime=421718, filtered_accel=[-0.021, 0.22008, -0.99992], gyro=[-2.45, 0.91, 2.24]
[12:49:45.782] RX[COM10]  01
[12:49:45.783] RX[COM10]  0f 00 00 06 6f ba ff fe 18 00 15 72 ff 9e ed ff d9 00 19 00 22
[12:49:45.786] PACKET[COM10] sensors: status=3840, uptime=421818, filtered_accel=[-0.01952, 0.2196, -0.99404], gyro=[-2.73, 1.75, 2.38]
[12:49:45.887] RX[COM10]  01
[12:49:45.888] RX[COM10]  0f 00 00 06 70 1e ff fd db 00 15 4d ff 9f 05 ff db 00 12 00 22
[12:49:45.890] PACKET[COM10] sensors: status=3840, uptime=421918, filtered_accel=[-0.02196, 0.21812, -0.99308], gyro=[-2.59, 1.26, 2.38]
[12:49:45.953] RX[COM10]  01
[12:49:45.953] RX[COM10]  0f 00 00 06 70 82 ff fd e7 00 15 7e ff 9f a4 ff d4 00 12 00 21
[12:49:45.957] PACKET[COM10] sensors: status=3840, uptime=422018, filtered_accel=[-0.02148, 0.22008, -0.98672], gyro=[-3.08, 1.26, 2.31]
[12:49:46.009] RX[COM21]  03
[12:49:46.009] RX[COM21]  00 00 00 00 00 00 00 00 00 06 70 af 00 00 00 34 2b 39
[12:49:46.012] PACKET[COM21] camera: fc_status=0, fc_uptime=0, status=0, uptime=422063, current_sense=[0.0, 0.0, 0.0], iris_battery_voltage=13.355
[12:49:46.012] BAD_PACKET[COM21] unknown packet ID 0x39; discarded 1 byte
[12:49:46.063] RX[COM10]  01
[12:49:46.065] RX[COM10]  0f 00 00 06 70 e6 ff fe 0c 00 16 1d ff 9e 5a ff d8 00 1b 00 22
[12:49:46.068] PACKET[COM10] sensors: status=3840, uptime=422118, filtered_accel=[-0.02, 0.22644, -0.99992], gyro=[-2.8, 1.89, 2.38]
[12:49:46.068] RX[COM10]  02 10 00 00 06 70 e6 00 00 00 00 00 00 00 00 00 00 00 00 00 00 00 00 00 00 00 00 00 00 00 00 00 00 00 00 00 00 00 00 00 00 00 00 00 00 00 00 00 00 00 00 00 00 00 00 00 00 43 41 dd 17 13 f0 ff 00 00 00 06 70 e6
[12:49:46.072] PACKET[COM10] state: status=4096, uptime=422118, orientation=[0.0, 0.0, 0.0, 0.0], position=[0.0, 0.0, 0.0], velocity=[0.0, 0.0, 0.0], latitude=0.0, longitude=0.0, gps_altitude=0.0, barometric_altitude=193.863632, witness_battery_voltage=5.104
[12:49:46.075] PACKET[COM10] heartbeat: status=0, uptime=422118
[12:49:46.184] RX[COM10]  01
[12:49:46.184] RX[COM10]  0b 00 00 06 71 4a ff fe 24 00 15 97 ff 9f 05 ff da 00 13 00 22
[12:49:46.187] PACKET[COM10] sensors: status=2816, uptime=422218, filtered_accel=[-0.01904, 0.22108, -0.99308], gyro=[-2.66, 1.33, 2.38]
[12:49:46.240] RX[COM10]  01
[12:49:46.240] RX[COM10]  0b 00 00 06 71 ae ff fd f3 00 15 72 ff 9e e0 ff d7 00 19 00 21
[12:49:46.243] PACKET[COM10] sensors: status=2816, uptime=422318, filtered_accel=[-0.021, 0.2196, -0.99456], gyro=[-2.87, 1.75, 2.31]
[12:49:46.362] RX[COM10]  01
[12:49:46.364] RX[COM10]  0b 00 00 06 72 12 ff fd c3 00 15 66 ff 9e ed ff db 00 10 00 20
[12:49:46.366] PACKET[COM10] sensors: status=2816, uptime=422418, filtered_accel=[-0.02292, 0.21912, -0.99404], gyro=[-2.59, 1.12, 2.24]
[12:49:46.486] RX[COM10]  01
[12:49:46.487] RX[COM10]  0f 00 00 06 72 76 ff fe 0c 00 15 8a ff 9e 29 ff dc 00 13 00 21
[12:49:46.489] PACKET[COM10] sensors: status=3840, uptime=422518, filtered_accel=[-0.02, 0.22056, -1.00188], gyro=[-2.52, 1.33, 2.31]
[12:49:46.542] RX[COM10]  01
[12:49:46.542] RX[COM10]  0f 00 00 06 72 da ff fd db 00 15 66 ff 9e d4 ff db 00 10 00 21
[12:49:46.545] PACKET[COM10] sensors: status=3840, uptime=422618, filtered_accel=[-0.02196, 0.21912, -0.99504], gyro=[-2.59, 1.12, 2.31]
[12:49:46.650] RX[COM10]  01
[12:49:46.651] RX[COM10]  0f 00 00 06 73 3e ff fd c3 00 15 66 ff 9f 05 ff dc 00 11 00 21
[12:49:46.653] PACKET[COM10] sensors: status=3840, uptime=422718, filtered_accel=[-0.02292, 0.21912, -0.99308], gyro=[-2.52, 1.19, 2.31]
[12:49:46.768] RX[COM10]  01
[12:49:46.769] RX[COM10]  0f 00 00 06 73 a2 ff fd c3 00 15 66 ff 9e e0 ff da 00 12 00 21
[12:49:46.773] PACKET[COM10] sensors: status=3840, uptime=422818, filtered_accel=[-0.02292, 0.21912, -0.99456], gyro=[-2.66, 1.26, 2.31]
[12:49:46.884] RX[COM10]  01
[12:49:46.885] RX[COM10]  0b 00 00 06 74 06 ff fe 00 00 15 7e ff 9f 1d ff dc 00 11 00 23
[12:49:46.887] PACKET[COM10] sensors: status=2816, uptime=422918, filtered_accel=[-0.02048, 0.22008, -0.99212], gyro=[-2.52, 1.19, 2.45]
[12:49:47.001] RX[COM10]  01
[12:49:47.001] RX[COM10]  0b 00 00 06 74 6a ff fd e7 00 15 7e ff 9f 05 ff db 00 11 00 21
[12:49:47.006] PACKET[COM10] sensors: status=2816, uptime=423018, filtered_accel=[-0.02148, 0.22008, -0.99308], gyro=[-2.59, 1.19, 2.31]
[12:49:47.006] RX[COM21]  03
[12:49:47.006] RX[COM21]  00 00 00 00 00 00 00 00 00 06 74 97 00 00 00 34 23 5b
[12:49:47.008] PACKET[COM21] camera: fc_status=0, fc_uptime=0, status=0, uptime=423063, current_sense=[0.0, 0.0, 0.0], iris_battery_voltage=13.347
[12:49:47.008] BAD_PACKET[COM21] unknown packet ID 0x5b; discarded 1 byte
[12:49:47.064] RX[COM10]  01
[12:49:47.064] RX[COM10]  0b 00 00 06 74 ce ff fd c3 00 15 72 ff 9e f9 ff da 00 12 00 21 02 10 00 00 06 74 ce 00 00 00 00 00 00 00 00 00 00 00 00 00 00 00 00 00 00 00 00 00 00 00 00 00
[12:49:47.068] PACKET[COM10] sensors: status=2816, uptime=423118, filtered_accel=[-0.02292, 0.2196, -0.99356], gyro=[-2.66, 1.26, 2.31]
[12:49:47.068] RX[COM10]  00 00 00 00 00 00 00 00 00 00 00 00 00 00 00 00 00 00 00 00 00 00 00 00 00 43 41 70 30 13 f0 ff 01 00 00 06 74 ce
[12:49:47.070] PACKET[COM10] state: status=4096, uptime=423118, orientation=[0.0, 0.0, 0.0, 0.0], position=[0.0, 0.0, 0.0], velocity=[0.0, 0.0, 0.0], latitude=0.0, longitude=0.0, gps_altitude=0.0, barometric_altitude=193.438232, witness_battery_voltage=5.104
[12:49:47.072] PACKET[COM10] heartbeat: status=256, uptime=423118
[12:49:47.191] RX[COM10]  01
[12:49:47.191] RX[COM10]  0f 00 00 06 75 32 ff fd b6 00 15 4d ff 9e ed ff da 00 12 00 20
[12:49:47.195] PACKET[COM10] sensors: status=3840, uptime=423218, filtered_accel=[-0.02344, 0.21812, -0.99404], gyro=[-2.66, 1.26, 2.24]
[12:49:47.253] RX[COM10]  01
[12:49:47.253] RX[COM10]  0f 00 00 06 75 96 ff fd e7 00 15 7e ff 9e e0 ff db 00 11 00 22
[12:49:47.262] PACKET[COM10] sensors: status=3840, uptime=423318, filtered_accel=[-0.02148, 0.22008, -0.99456], gyro=[-2.59, 1.19, 2.38]
[12:49:47.380] RX[COM10]  01
[12:49:47.380] RX[COM10]  0f 00 00 06 75 fa ff fd cf 00 15 72 ff 9f 11 ff da 00 11 00 21
[12:49:47.383] PACKET[COM10] sensors: status=3840, uptime=423418, filtered_accel=[-0.02244, 0.2196, -0.9926], gyro=[-2.66, 1.19, 2.31]
[12:49:47.442] RX[COM10]  01
[12:49:47.443] RX[COM10]  0f 00 00 06 76 5e ff fd c3 00 15 72 ff 9f 11 ff db 00 12 00 21
[12:49:47.445] PACKET[COM10] sensors: status=3840, uptime=423518, filtered_accel=[-0.02292, 0.2196, -0.9926], gyro=[-2.59, 1.26, 2.31]
[12:49:47.566] RX[COM10]  01
[12:49:47.568] RX[COM10]  0b 00 00 06 76 c2 ff fd db 00 15 7e ff 9e f9 ff db 00 12 00 21
[12:49:47.572] PACKET[COM10] sensors: status=2816, uptime=423618, filtered_accel=[-0.02196, 0.22008, -0.99356], gyro=[-2.59, 1.26, 2.31]
[12:49:47.691] RX[COM10]  01
[12:49:47.693] RX[COM10]  0b 00 00 06 77 26 ff fd db 00 15 7e ff 9e f9 ff db 00 12 00 21
[12:49:47.701] PACKET[COM10] sensors: status=2816, uptime=423718, filtered_accel=[-0.02196, 0.22008, -0.99356], gyro=[-2.59, 1.26, 2.31]
[12:49:47.770] RX[COM10]  01
[12:49:47.771] RX[COM10]  0b 00 00 06 77 8a ff fd db 00 15 66 ff 9e ed ff db 00 12 00 21
[12:49:47.774] PACKET[COM10] sensors: status=2816, uptime=423818, filtered_accel=[-0.02196, 0.21912, -0.99404], gyro=[-2.59, 1.26, 2.31]
[12:49:47.895] RX[COM10]  01
[12:49:47.898] RX[COM10]  0f 00 00 06 77 ee ff fd c3 00 15 7e ff 9f 11 ff db 00 13 00 21
[12:49:47.901] PACKET[COM10] sensors: status=3840, uptime=423918, filtered_accel=[-0.02292, 0.22008, -0.9926], gyro=[-2.59, 1.33, 2.31]
[12:49:47.952] RX[COM10]  01
[12:49:47.952] RX[COM10]  0f 00 00 06 78 52 ff fe 00 00 15 97 ff 9e ed ff d9 00 16 00 22
[12:49:47.957] PACKET[COM10] sensors: status=3840, uptime=424018, filtered_accel=[-0.02048, 0.22108, -0.99404], gyro=[-2.73, 1.54, 2.38]
[12:49:48.019] RX[COM21]  03
[12:49:48.021] RX[COM21]  00 00 00 00 00 00 00 00 00 06 78 7f 00 00 00 34 11 99
[12:49:48.030] PACKET[COM21] camera: fc_status=0, fc_uptime=0, status=0, uptime=424063, current_sense=[0.0, 0.0, 0.0], iris_battery_voltage=13.329
[12:49:48.030] BAD_PACKET[COM21] unknown packet ID 0x99; discarded 1 byte
[12:49:48.081] RX[COM10]  01
[12:49:48.082] RX[COM10]  0f 00 00 06 78 b6 ff fe 0c 00 15 7e ff 9e f9 ff d9 00 15 00 22 02 10 00 00 06 78 b6 00 00 00 00 00 00 00 00 00 00 00 00 00 00 00 00 00 00 00 00 00 00 00 00 00 00 00 00 00 00 00 00 00 00 00 00 00 00 00 00 00 00 00 00 00 00 00 00 00 00 43 41 86 82 13 ec ff 00 00 00 06 78 b6
[12:49:48.088] PACKET[COM10] sensors: status=3840, uptime=424118, filtered_accel=[-0.02, 0.22008, -0.99356], gyro=[-2.73, 1.47, 2.38]
[12:49:48.094] PACKET[COM10] state: status=4096, uptime=424118, orientation=[0.0, 0.0, 0.0, 0.0], position=[0.0, 0.0, 0.0], velocity=[0.0, 0.0, 0.0], latitude=0.0, longitude=0.0, gps_altitude=0.0, barometric_altitude=193.525421, witness_battery_voltage=5.1
[12:49:48.098] PACKET[COM10] heartbeat: status=0, uptime=424118
[12:49:48.161] RX[COM10]  01
[12:49:48.163] RX[COM10]  0f 00 00 06 79 1a ff fd f3 00 15 8a ff 9e f9 ff db 00 12 00 21
[12:49:48.167] PACKET[COM10] sensors: status=3840, uptime=424218, filtered_accel=[-0.021, 0.22056, -0.99356], gyro=[-2.59, 1.26, 2.31]
[12:49:48.270] RX[COM10]  01
[12:49:48.271] RX[COM10]  0b 00 00 06 79 7e ff fd cf 00 15 66 ff 9e f9 ff da 00 12 00 22
[12:49:48.276] PACKET[COM10] sensors: status=2816, uptime=424318, filtered_accel=[-0.02244, 0.21912, -0.99356], gyro=[-2.66, 1.26, 2.38]
[12:49:48.395] RX[COM10]  01
[12:49:48.396] RX[COM10]  0b 00 00 06 79 e2 ff fd e7 00 15 8a ff 9f 05 ff db 00 12 00 21
[12:49:48.398] PACKET[COM10] sensors: status=2816, uptime=424418, filtered_accel=[-0.02148, 0.22056, -0.99308], gyro=[-2.59, 1.26, 2.31]
[12:49:48.458] RX[COM10]  01
[12:49:48.463] RX[COM10]  0b 00 00 06 7a 46 ff fd f3 00 15 8a ff 9e f9 ff db 00 0f 00 22
[12:49:48.491] PACKET[COM10] sensors: status=2816, uptime=424518, filtered_accel=[-0.021, 0.22056, -0.99356], gyro=[-2.59, 1.05, 2.38]
[12:49:48.633] RX[COM10]  01
[12:49:48.633] RX[COM10]  0f 00 00 06 7a aa ff fd f3 00 15 7e ff 9e f9 ff db 00 15 00 21
[12:49:48.642] PACKET[COM10] sensors: status=3840, uptime=424618, filtered_accel=[-0.021, 0.22008, -0.99356], gyro=[-2.59, 1.47, 2.31]
[12:49:48.643] RX[COM10]  01
[12:49:48.643] RX[COM10]  0f 00 00 06 7b 0e ff fd 49 00 15 4d ff 9f 05 ff da 00 15 00 21
[12:49:48.652] PACKET[COM10] sensors: status=3840, uptime=424718, filtered_accel=[-0.0278, 0.21812, -0.99308], gyro=[-2.66, 1.47, 2.31]
[12:49:48.774] RX[COM10]  01
[12:49:48.776] RX[COM10]  0f 00 00 06 7b 72 ff fd 9e 00 15 4d ff 9e bc ff dc 00 0f 00 21
[12:49:48.781] PACKET[COM10] sensors: status=3840, uptime=424818, filtered_accel=[-0.0244, 0.21812, -0.996], gyro=[-2.52, 1.05, 2.31]
[12:49:48.884] RX[COM10]  01
[12:49:48.888] RX[COM10]  0f 00 00 06 7b d6 ff fd f3 00 15 97 ff 9e f9 ff db 00 11 00 21
[12:49:48.893] PACKET[COM10] sensors: status=3840, uptime=424918, filtered_accel=[-0.021, 0.22108, -0.99356], gyro=[-2.59, 1.19, 2.31]
[12:49:48.944] RX[COM10]  01
[12:49:48.947] RX[COM10]  0b 00 00 06 7c 3a ff fd c3 00 15 4d ff 9e ed ff db 00 12 00 22
[12:49:48.954] PACKET[COM10] sensors: status=2816, uptime=425018, filtered_accel=[-0.02292, 0.21812, -0.99404], gyro=[-2.59, 1.26, 2.38]
[12:49:49.082] RX[COM21]  03
[12:49:49.088] RX[COM21]  00 00 00 00 00 00 00 00 00 06 7c 67 00 00 00 34 11 4f
[12:49:49.122] PACKET[COM21] camera: fc_status=0, fc_uptime=0, status=0, uptime=425063, current_sense=[0.0, 0.0, 0.0], iris_battery_voltage=13.329
[12:49:49.123] BAD_PACKET[COM21] unknown packet ID 0x4f; discarded 1 byte
[12:49:49.124] RX[COM10]  01
[12:49:49.127] RX[COM10]  0b 00 00 06 7c 9e ff fd cf 00 15 66 ff 9f 11 ff d9 00 12 00 21 02 10 00 00 06 7c 9e 00 00 00 00 00 00 00 00 00 00 00 00 00 00 00 00 00 00 00 00 00 00 00 00 00 00 00 00 00 00 00 00 00 00 00 00 00 00 00 00 00 00 00 00 00 00 00 00 00 00 43 41 86 82 13 f0 ff 01 00 00 06 7c 9e
[12:49:49.147] PACKET[COM10] sensors: status=2816, uptime=425118, filtered_accel=[-0.02244, 0.21912, -0.9926], gyro=[-2.73, 1.26, 2.31]
[12:49:49.165] PACKET[COM10] state: status=4096, uptime=425118, orientation=[0.0, 0.0, 0.0, 0.0], position=[0.0, 0.0, 0.0], velocity=[0.0, 0.0, 0.0], latitude=0.0, longitude=0.0, gps_altitude=0.0, barometric_altitude=193.525421, witness_battery_voltage=5.104
[12:49:49.196] PACKET[COM10] heartbeat: status=256, uptime=425118
[12:49:49.202] RX[COM10]  01
[12:49:49.207] RX[COM10]  0b 00 00 06 7d 02 ff fd c3 00 15 7e ff 9e ed ff da 00 13 00 20
[12:49:49.212] PACKET[COM10] sensors: status=2816, uptime=425218, filtered_accel=[-0.02292, 0.22008, -0.99404], gyro=[-2.66, 1.33, 2.24]
[12:49:49.268] RX[COM10]  01
[12:49:49.269] RX[COM10]  0f 00 00 06 7d 66 ff fd e7 00 15 72 ff 9f 05 ff d9 00 13 00 22
[12:49:49.272] PACKET[COM10] sensors: status=3840, uptime=425318, filtered_accel=[-0.02148, 0.2196, -0.99308], gyro=[-2.73, 1.33, 2.38]
[12:49:49.393] RX[COM10]  01
[12:49:49.394] RX[COM10]  0f 00 00 06 7d ca ff fd c3 00 15 5a ff 9f 2a ff da 00 12 00 21
[12:49:49.398] PACKET[COM10] sensors: status=3840, uptime=425418, filtered_accel=[-0.02292, 0.21864, -0.9916], gyro=[-2.66, 1.26, 2.31]
[12:49:49.455] RX[COM10]  01
[12:49:49.456] RX[COM10]  0f 00 00 06 7e 2e ff fe 00 00 15 5a ff 9f 2a ff dc 00 0f 00 20
[12:49:49.464] PACKET[COM10] sensors: status=3840, uptime=425518, filtered_accel=[-0.02048, 0.21864, -0.9916], gyro=[-2.52, 1.05, 2.24]
[12:49:49.578] RX[COM10]  01
[12:49:49.581] RX[COM10]  0f 00 00 06 7e 92 ff fd db 00 15 5a ff 9e e0 ff d9 00 13 00 21
[12:49:49.584] PACKET[COM10] sensors: status=3840, uptime=425618, filtered_accel=[-0.02196, 0.21864, -0.99456], gyro=[-2.73, 1.33, 2.31]
[12:49:49.641] RX[COM10]  01
[12:49:49.642] RX[COM10]  0b 00 00 06 7e f6 ff fd b6 00 15 5a ff 9f 05 ff da 00 13 00 22
[12:49:49.650] PACKET[COM10] sensors: status=2816, uptime=425718, filtered_accel=[-0.02344, 0.21864, -0.99308], gyro=[-2.66, 1.33, 2.38]
[12:49:49.755] RX[COM10]  01
[12:49:49.759] RX[COM10]  0b 00 00 06 7f 5a ff fd b6 00 15 66 ff 9e d4 ff d9 00 16 00 21
[12:49:49.768] PACKET[COM10] sensors: status=2816, uptime=425818, filtered_accel=[-0.02344, 0.21912, -0.99504], gyro=[-2.73, 1.54, 2.31]
[12:49:49.892] RX[COM10]  01
[12:49:49.892] RX[COM10]  0b 00 00 06 7f be ff fd db 00 15 72 ff 9e f9 ff d8 00 16 00 22
[12:49:49.895] PACKET[COM10] sensors: status=2816, uptime=425918, filtered_accel=[-0.02196, 0.2196, -0.99356], gyro=[-2.8, 1.54, 2.38]
[12:49:49.955] RX[COM10]  01
[12:49:49.957] RX[COM10]  0f 00 00 06 80 22 ff fe 00 00 15 7e ff 9e f9 ff d9 00 15 00 21
[12:49:49.964] PACKET[COM10] sensors: status=3840, uptime=426018, filtered_accel=[-0.02048, 0.22008, -0.99356], gyro=[-2.73, 1.47, 2.31]
[12:49:50.019] RX[COM21]  03
[12:49:50.021] RX[COM21]  00 00 00 00 00 00 00 00 00 06 80 4f 00 00 00 34 81 89
[12:49:50.026] PACKET[COM21] camera: fc_status=0, fc_uptime=0, status=0, uptime=426063, current_sense=[0.0, 0.0, 0.0], iris_battery_voltage=13.441
[12:49:50.027] BAD_PACKET[COM21] unknown packet ID 0x89; discarded 1 byte
[12:49:50.081] RX[COM10]  01
[12:49:50.083] RX[COM10]  0f 00 00 06 80 86 ff fe 0c 00 15 8a ff 9e d4 ff dc 00 11 00 21 02 10 00 00 06 80 86 00 00 00 00 00 00 00 00 00 00 00 00 00 00 00 00 00 00 00 00 00 00 00 00 00 00 00 00 00 00 00 00 00 00 00 00 00 00 00 00 00 00 00 00 00 00 00 00 00 00 43 41 b1 cd 13 f8 ff 00 00 00 06 80 86
[12:49:50.088] PACKET[COM10] sensors: status=3840, uptime=426118, filtered_accel=[-0.02, 0.22056, -0.99504], gyro=[-2.52, 1.19, 2.31]
[12:49:50.093] PACKET[COM10] state: status=4096, uptime=426118, orientation=[0.0, 0.0, 0.0, 0.0], position=[0.0, 0.0, 0.0], velocity=[0.0, 0.0, 0.0], latitude=0.0, longitude=0.0, gps_altitude=0.0, barometric_altitude=193.694534, witness_battery_voltage=5.112
[12:49:50.097] PACKET[COM10] heartbeat: status=0, uptime=426118
[12:49:50.158] RX[COM10]  01
[12:49:50.162] RX[COM10]  0f 00 00 06 80 ea ff fd db 00 15 7e ff 9f 2a ff da 00 12 00 21
[12:49:50.166] PACKET[COM10] sensors: status=3840, uptime=426218, filtered_accel=[-0.02196, 0.22008, -0.9916], gyro=[-2.66, 1.26, 2.31]
[12:49:50.283] RX[COM10]  01
[12:49:50.284] RX[COM10]  0f 00 00 06 81 4e ff fd cf 00 15 66 ff 9f 11 ff da 00 12 00 21
[12:49:50.289] PACKET[COM10] sensors: status=3840, uptime=426318, filtered_accel=[-0.02244, 0.21912, -0.9926], gyro=[-2.66, 1.26, 2.31]
[12:49:50.345] RX[COM10]  01
[12:49:50.346] RX[COM10]  0b 00 00 06 81 b2 ff fd f3 00 15 97 ff 9e ed ff da 00 12 00 22
[12:49:50.350] PACKET[COM10] sensors: status=2816, uptime=426418, filtered_accel=[-0.021, 0.22108, -0.99404], gyro=[-2.66, 1.26, 2.38]
[12:49:50.469] RX[COM10]  01
[12:49:50.470] RX[COM10]  0b 00 00 06 82 16 ff fd f3 00 15 8a ff 9f 05 ff db 00 10 00 21
[12:49:50.474] PACKET[COM10] sensors: status=2816, uptime=426518, filtered_accel=[-0.021, 0.22056, -0.99308], gyro=[-2.59, 1.12, 2.31]
[12:49:50.594] RX[COM10]  01
[12:49:50.596] RX[COM10]  0b 00 00 06 82 7a ff fd f3 00 15 7e ff 9f 11 ff da 00 13 00 21
[12:49:50.600] PACKET[COM10] sensors: status=2816, uptime=426618, filtered_accel=[-0.021, 0.22008, -0.9926], gyro=[-2.66, 1.33, 2.31]
[12:49:50.658] RX[COM10]  01
[12:49:50.659] RX[COM10]  0f 00 00 06 82 de ff fd db 00 15 66 ff 9f 05 ff d8 00 17 00 21
[12:49:50.665] PACKET[COM10] sensors: status=3840, uptime=426718, filtered_accel=[-0.02196, 0.21912, -0.99308], gyro=[-2.8, 1.61, 2.31]
[12:49:50.782] RX[COM10]  01
[12:49:50.785] RX[COM10]  0f 00 00 06 83 42 ff fd f3 00 15 7e ff 9e e0 ff da 00 13 00 21
[12:49:50.790] PACKET[COM10] sensors: status=3840, uptime=426818, filtered_accel=[-0.021, 0.22008, -0.99456], gyro=[-2.66, 1.33, 2.31]
[12:49:50.845] RX[COM10]  01
[12:49:50.849] RX[COM10]  0f 00 00 06 83 a6 ff fe 00 00 15 7e ff 9e ed ff dc 00 11 00 20
[12:49:50.855] PACKET[COM10] sensors: status=3840, uptime=426918, filtered_accel=[-0.02048, 0.22008, -0.99404], gyro=[-2.52, 1.19, 2.24]
[12:49:50.969] RX[COM10]  01
[12:49:50.972] RX[COM10]  0f 00 00 06 84 0a ff fe 00 00 15 7e ff 9f 11 ff dc 00 12 00 20
[12:49:50.980] PACKET[COM10] sensors: status=3840, uptime=427018, filtered_accel=[-0.02048, 0.22008, -0.9926], gyro=[-2.52, 1.26, 2.24]
[12:49:50.981] RX[COM21]  03
[12:49:50.982] RX[COM21]  00 00 00 00 00 00 00 00 00 06 84 37 00 00 00 34 98 83
[12:49:50.985] PACKET[COM21] camera: fc_status=0, fc_uptime=0, status=0, uptime=427063, current_sense=[0.0, 0.0, 0.0], iris_battery_voltage=13.464
[12:49:50.986] BAD_PACKET[COM21] unknown packet ID 0x83; discarded 1 byte
[12:49:51.047] RX[COM10]  01
[12:49:51.048] RX[COM10]  0b 00 00 06 84 6e ff fd c3 00 15 5a ff 9f 1d ff da 00 13 00 22 02 10 00 00 06 84 6e 00 00 00 00 00 00 00 00 00 00 00 00 00 00 00 00 00 00 00 00 00 00 00 00 00 00 00 00 00 00 00 00 00 00 00 00 00 00 00 00 00 00 00 00 00 00 00 00 00 00 43 41 86 82 13 f0 ff 01 00 00 06 84 6e
[12:49:51.052] PACKET[COM10] sensors: status=2816, uptime=427118, filtered_accel=[-0.02292, 0.21864, -0.99212], gyro=[-2.66, 1.33, 2.38]
[12:49:51.058] PACKET[COM10] state: status=4096, uptime=427118, orientation=[0.0, 0.0, 0.0, 0.0], position=[0.0, 0.0, 0.0], velocity=[0.0, 0.0, 0.0], latitude=0.0, longitude=0.0, gps_altitude=0.0, barometric_altitude=193.525421, witness_battery_voltage=5.104
[12:49:51.061] PACKET[COM10] heartbeat: status=256, uptime=427118
[12:49:51.172] RX[COM10]  01
[12:49:51.174] RX[COM10]  0b 00 00 06 84 d2 ff fe 00 00 15 8a ff 9e ed ff d8 00 16 00 21
[12:49:51.180] PACKET[COM10] sensors: status=2816, uptime=427218, filtered_accel=[-0.02048, 0.22056, -0.99404], gyro=[-2.8, 1.54, 2.31]
[12:49:51.298] RX[COM10]  01
[12:49:51.301] RX[COM10]  0b 00 00 06 85 36 ff fe 00 00 15 7e ff 9e ed ff db 00 12 00 21
[12:49:51.306] PACKET[COM10] sensors: status=2816, uptime=427318, filtered_accel=[-0.02048, 0.22008, -0.99404], gyro=[-2.59, 1.26, 2.31]
[12:49:51.362] RX[COM10]  01
[12:49:51.363] RX[COM10]  0f 00 00 06 85 9a ff fd c3 00 15 5a ff 9e f9 ff dc 00 10 00 20
[12:49:51.366] PACKET[COM10] sensors: status=3840, uptime=427418, filtered_accel=[-0.02292, 0.21864, -0.99356], gyro=[-2.52, 1.12, 2.24]
[12:49:51.487] RX[COM10]  01
[12:49:51.489] RX[COM10]  0f 00 00 06 85 fe ff fd cf 00 15 5a ff 9f 05 ff d9 00 14 00 21
[12:49:51.492] PACKET[COM10] sensors: status=3840, uptime=427518, filtered_accel=[-0.02244, 0.21864, -0.99308], gyro=[-2.73, 1.4, 2.31]
[12:49:51.550] RX[COM10]  01
[12:49:51.551] RX[COM10]  0f 00 00 06 86 62 ff fd cf 00 15 72 ff 9e ed ff d9 00 16 00 22
[12:49:51.561] PACKET[COM10] sensors: status=3840, uptime=427618, filtered_accel=[-0.02244, 0.2196, -0.99404], gyro=[-2.73, 1.54, 2.38]
[12:49:51.676] RX[COM10]  01
[12:49:51.676] RX[COM10]  0f 00 00 06 86 c6 ff fd e7 00 15 8a ff 9e ed ff da 00 12 00 21
[12:49:51.681] PACKET[COM10] sensors: status=3840, uptime=427718, filtered_accel=[-0.02148, 0.22056, -0.99404], gyro=[-2.66, 1.26, 2.31]
[12:49:51.801] RX[COM10]  01
[12:49:51.802] RX[COM10]  0b 00 00 06 87 2a ff fd c3 00 15 4d ff 9f 11 ff db 00 11 00 22
[12:49:51.806] PACKET[COM10] sensors: status=2816, uptime=427818, filtered_accel=[-0.02292, 0.21812, -0.9926], gyro=[-2.59, 1.19, 2.38]
[12:49:51.865] RX[COM10]  01
[12:49:51.866] RX[COM10]  0b 00 00 06 87 8e ff fd cf 00 15 5a ff 9f 11 ff da 00 13 00 21
[12:49:51.871] PACKET[COM10] sensors: status=2816, uptime=427918, filtered_accel=[-0.02244, 0.21864, -0.9926], gyro=[-2.66, 1.33, 2.31]
[12:49:51.991] RX[COM10]  01
[12:49:51.992] RX[COM10]  0b 00 00 06 87 f2 ff fd cf 00 15 66 ff 9e f9 ff da 00 14 00 21
[12:49:52.019] PACKET[COM10] sensors: status=2816, uptime=428018, filtered_accel=[-0.02244, 0.21912, -0.99356], gyro=[-2.66, 1.4, 2.31]
[12:49:52.024] RX[COM21]  03
[12:49:52.027] RX[COM21]  00 00 00 00 00 00 00 00 00 06 88 1f 00 00 00 34 99 f9
[12:49:52.049] PACKET[COM21] camera: fc_status=0, fc_uptime=0, status=0, uptime=428063, current_sense=[0.0, 0.0, 0.0], iris_battery_voltage=13.465
[12:49:52.059] BAD_PACKET[COM21] unknown packet ID 0xf9; discarded 1 byte
[12:49:52.063] RX[COM10]  01
[12:49:52.072] RX[COM10]  0f 00 00 06 88 56 ff fd e7 00 15 7e ff 9f 11 ff db 00 11 00 20 02 10 00 00 06 88 56 00 00 00 00 00 00 00 00 00 00 00 00 00 00 00 00 00 00 00 00 00 00 00 00 00 00 00 00 00 00 00 00 00 00 00 00 00 00 00 00 00 00 00 00 00 00 00 00 00 00 43 41 5a 8b 13 f8 ff 00 00 00 06 88 56
[12:49:52.114] PACKET[COM10] sensors: status=3840, uptime=428118, filtered_accel=[-0.02148, 0.22008, -0.9926], gyro=[-2.59, 1.19, 2.24]
[12:49:52.154] PACKET[COM10] state: status=4096, uptime=428118, orientation=[0.0, 0.0, 0.0, 0.0], position=[0.0, 0.0, 0.0], velocity=[0.0, 0.0, 0.0], latitude=0.0, longitude=0.0, gps_altitude=0.0, barometric_altitude=193.353683, witness_battery_voltage=5.112
[12:49:52.168] PACKET[COM10] heartbeat: status=0, uptime=428118
[12:49:52.170] RX[COM10]  01
[12:49:52.171] RX[COM10]  0f 00 00 06 88 ba ff fd db 00 15 66 ff 9f 11 ff d9 00 12 00 21
[12:49:52.185] PACKET[COM10] sensors: status=3840, uptime=428218, filtered_accel=[-0.02196, 0.21912, -0.9926], gyro=[-2.73, 1.26, 2.31]
[12:49:52.240] RX[COM10]  01
[12:49:52.241] RX[COM10]  0f 00 00 06 89 1e ff fd c3 00 15 5a ff 9f 1d ff da 00 15 00 21
[12:49:52.246] PACKET[COM10] sensors: status=3840, uptime=428318, filtered_accel=[-0.02292, 0.21864, -0.99212], gyro=[-2.66, 1.47, 2.31]
[12:49:52.359] RX[COM10]  01
[12:49:52.359] RX[COM10]  0f 00 00 06 89 82 ff fd cf 00 15 66 ff 9f 05 ff da 00 12 00 21
[12:49:52.374] PACKET[COM10] sensors: status=3840, uptime=428418, filtered_accel=[-0.02244, 0.21912, -0.99308], gyro=[-2.66, 1.26, 2.31]
[12:49:52.487] RX[COM10]  01
[12:49:52.488] RX[COM10]  0b 00 00 06 89 e6 ff fe 0c 00 15 7e ff 9f 05 ff dc 00 0f 00 22
[12:49:52.495] PACKET[COM10] sensors: status=2816, uptime=428518, filtered_accel=[-0.02, 0.22008, -0.99308], gyro=[-2.52, 1.05, 2.38]
[12:49:52.549] RX[COM10]  01
[12:49:52.552] RX[COM10]  0b 00 00 06 8a 4a ff fd aa 00 15 97 ff 9f 1d ff dc 00 10 00 21
[12:49:52.561] PACKET[COM10] sensors: status=2816, uptime=428618, filtered_accel=[-0.02392, 0.22108, -0.99212], gyro=[-2.52, 1.12, 2.31]
[12:49:52.669] RX[COM10]  01
[12:49:52.673] RX[COM10]  0b 00 00 06 8a ae ff fd c3 00 15 4d ff 9f 1d ff d9 00 13 00 22
[12:49:52.692] PACKET[COM10] sensors: status=2816, uptime=428718, filtered_accel=[-0.02292, 0.21812, -0.99212], gyro=[-2.73, 1.33, 2.38]
[12:49:52.873] RX[COM10]  01
[12:49:52.874] RX[COM10]  0f 00 00 06 8b 12 ff fe 00 00 15 7e ff 9e ed ff da 00 13 00 22
[12:49:52.885] PACKET[COM10] sensors: status=3840, uptime=428818, filtered_accel=[-0.02048, 0.22008, -0.99404], gyro=[-2.66, 1.33, 2.38]
[12:49:52.886] RX[COM10]  01
[12:49:52.888] RX[COM10]  0f 00 00 06 8b 76 ff fe 00 00 15 97 ff 9f 05 ff da 00 12 00 22
[12:49:52.909] PACKET[COM10] sensors: status=3840, uptime=428918, filtered_accel=[-0.02048, 0.22108, -0.99308], gyro=[-2.66, 1.26, 2.38]
[12:49:52.973] RX[COM10]  01
[12:49:52.975] RX[COM10]  0f 00 00 06 8b da ff fd e7 00 15 72 ff 9f 05 ff da 00 12 00 21
[12:49:52.984] PACKET[COM10] sensors: status=3840, uptime=429018, filtered_accel=[-0.02148, 0.2196, -0.99308], gyro=[-2.66, 1.26, 2.31]
[12:49:52.985] RX[COM21]  03
[12:49:52.985] RX[COM21]  00 00 00 00 00 00 00 00 00 06 8c 07 00 00 00 34 99 2f
[12:49:52.996] PACKET[COM21] camera: fc_status=0, fc_uptime=0, status=0, uptime=429063, current_sense=[0.0, 0.0, 0.0], iris_battery_voltage=13.465
[12:49:52.997] BAD_PACKET[COM21] unknown packet ID 0x2f; discarded 1 byte
[12:49:53.051] RX[COM10]  01
[12:49:53.052] RX[COM10]  0f 00 00 06 8c 3e ff fd db 00 15 66 ff 9e f9 ff db 00 13 00 21 02 10 00 00 06 8c 3e 00 00 00 00 00 00 00 00 00 00 00 00 00 00 00 00 00 00 00 00 00 00 00 00 00 00 00 00 00 00 00 00 00 00 00 00 00 00 00 00 00 00 00 00 00 00 00 00 00 00 43 41 70 30 13 f0 ff 01 00 00 06 8c 3e
[12:49:53.059] PACKET[COM10] sensors: status=3840, uptime=429118, filtered_accel=[-0.02196, 0.21912, -0.99356], gyro=[-2.59, 1.33, 2.31]
[12:49:53.065] PACKET[COM10] state: status=4096, uptime=429118, orientation=[0.0, 0.0, 0.0, 0.0], position=[0.0, 0.0, 0.0], velocity=[0.0, 0.0, 0.0], latitude=0.0, longitude=0.0, gps_altitude=0.0, barometric_altitude=193.438232, witness_battery_voltage=5.104
[12:49:53.070] PACKET[COM10] heartbeat: status=256, uptime=429118
[12:49:53.192] RX[COM10]  01
[12:49:53.194] RX[COM10]  0b 00 00 06 8c a2 ff fd f3 00 15 8a ff 9e e0 ff da 00 12 00 21
[12:49:53.200] PACKET[COM10] sensors: status=2816, uptime=429218, filtered_accel=[-0.021, 0.22056, -0.99456], gyro=[-2.66, 1.26, 2.31]
[12:49:53.254] RX[COM10]  01
[12:49:53.257] RX[COM10]  0b 00 00 06 8d 06 ff fd f3 00 15 8a ff 9e ed ff da 00 12 00 21
[12:49:53.263] PACKET[COM10] sensors: status=2816, uptime=429318, filtered_accel=[-0.021, 0.22056, -0.99404], gyro=[-2.66, 1.26, 2.31]
[12:49:53.380] RX[COM10]  01
[12:49:53.382] RX[COM10]  0b 00 00 06 8d 6a ff fd f3 00 15 7e ff 9f 11 ff da 00 12 00 21
[12:49:53.387] PACKET[COM10] sensors: status=2816, uptime=429418, filtered_accel=[-0.021, 0.22008, -0.9926], gyro=[-2.66, 1.26, 2.31]
[12:49:53.443] RX[COM10]  01
[12:49:53.445] RX[COM10]  0f 00 00 06 8d ce ff fd e7 00 15 7e ff 9e ed ff d9 00 15 00 21
[12:49:53.454] PACKET[COM10] sensors: status=3840, uptime=429518, filtered_accel=[-0.02148, 0.22008, -0.99404], gyro=[-2.73, 1.47, 2.31]
[12:49:53.556] RX[COM10]  01
[12:49:53.560] RX[COM10]  0f 00 00 06 8e 32 ff fe 00 00 15 8a ff 9e c8 ff d8 00 15 00 21
[12:49:53.577] PACKET[COM10] sensors: status=3840, uptime=429618, filtered_accel=[-0.02048, 0.22056, -0.99552], gyro=[-2.8, 1.47, 2.31]
[12:49:53.640] RX[COM10]  01
[12:49:53.641] RX[COM10]  0f 00 00 06 8e 96 ff fd f3 00 15 8a ff 9e ed ff da 00 13 00 22
[12:49:53.649] PACKET[COM10] sensors: status=3840, uptime=429718, filtered_accel=[-0.021, 0.22056, -0.99404], gyro=[-2.66, 1.33, 2.38]
[12:49:53.770] RX[COM10]  01
[12:49:53.771] RX[COM10]  0f 00 00 06 8e fa ff fd f3 00 15 72 ff 9e f9 ff dd 00 10 00 21
[12:49:53.778] PACKET[COM10] sensors: status=3840, uptime=429818, filtered_accel=[-0.021, 0.2196, -0.99356], gyro=[-2.45, 1.12, 2.31]
[12:49:53.895] RX[COM10]  01
[12:49:53.896] RX[COM10]  0b 00 00 06 8f 5e ff fd c3 00 15 66 ff 9e e0 ff db 00 13 00 21
[12:49:53.900] PACKET[COM10] sensors: status=2816, uptime=429918, filtered_accel=[-0.02292, 0.21912, -0.99456], gyro=[-2.59, 1.33, 2.31]
[12:49:53.951] RX[COM10]  01
[12:49:53.951] RX[COM10]  0b 00 00 06 8f c2 ff fd 9e 00 15 5a ff 9f 2a ff de 00 0b 00 1f
[12:49:53.960] PACKET[COM10] sensors: status=2816, uptime=430018, filtered_accel=[-0.0244, 0.21864, -0.9916], gyro=[-2.38, 0.77, 2.17]
[12:49:54.013] RX[COM21]  03
[12:49:54.018] RX[COM21]  00 00 00 00 00 00 00 00 00 06 8f ef 00 00 00 34 6e ee
[12:49:54.025] PACKET[COM21] camera: fc_status=0, fc_uptime=0, status=0, uptime=430063, current_sense=[0.0, 0.0, 0.0], iris_battery_voltage=13.422
[12:49:54.026] BAD_PACKET[COM21] unknown packet ID 0xee; discarded 1 byte
[12:49:54.081] RX[COM10]  01
[12:49:54.086] RX[COM10]  0b 00 00 06 90 26 ff fd e7 00 15 72 ff 9e f9 ff da 00 12 00 22 02 10 00 00 06 90 26 00 00 00 00 00 00 00 00 00 00 00 00 00 00 00 00 00 00 00 00 00 00 00 00 00 00 00 00 00 00 00 00 00 00 00 00 00 00 00 00 00 00 00 00 00 00 00 00 00 00 43 41 9c 28 13 f8 ff 00 00 00 06 90 26
[12:49:54.100] PACKET[COM10] sensors: status=2816, uptime=430118, filtered_accel=[-0.02148, 0.2196, -0.99356], gyro=[-2.66, 1.26, 2.38]
[12:49:54.109] PACKET[COM10] state: status=4096, uptime=430118, orientation=[0.0, 0.0, 0.0, 0.0], position=[0.0, 0.0, 0.0], velocity=[0.0, 0.0, 0.0], latitude=0.0, longitude=0.0, gps_altitude=0.0, barometric_altitude=193.609985, witness_battery_voltage=5.112
[12:49:54.113] PACKET[COM10] heartbeat: status=0, uptime=430118
[12:49:54.176] RX[COM10]  01
[12:49:54.177] RX[COM10]  0f 00 00 06 90 8a ff fd b6 00 15 5a ff 9f 05 ff d9 00 16 00 21
[12:49:54.183] PACKET[COM10] sensors: status=3840, uptime=430218, filtered_accel=[-0.02344, 0.21864, -0.99308], gyro=[-2.73, 1.54, 2.31]
[12:49:54.297] RX[COM10]  01
[12:49:54.299] RX[COM10]  0f 00 00 06 90 ee ff fd cf 00 15 66 ff 9e d4 ff da 00 13 00 20
[12:49:54.307] PACKET[COM10] sensors: status=3840, uptime=430318, filtered_accel=[-0.02244, 0.21912, -0.99504], gyro=[-2.66, 1.33, 2.24]
[12:49:54.361] RX[COM10]  01
[12:49:54.362] RX[COM10]  0f 00 00 06 91 52 ff fd b6 00 15 72 ff 9e ed ff d8 00 18 00 21
[12:49:54.366] PACKET[COM10] sensors: status=3840, uptime=430418, filtered_accel=[-0.02344, 0.2196, -0.99404], gyro=[-2.8, 1.68, 2.31]
[12:49:54.486] RX[COM10]  01
[12:49:54.489] RX[COM10]  0f 00 00 06 91 b6 ff fd f3 00 15 af ff 9e f9 ff da 00 12 00 21
[12:49:54.511] PACKET[COM10] sensors: status=3840, uptime=430518, filtered_accel=[-0.021, 0.22204, -0.99356], gyro=[-2.66, 1.26, 2.31]
[12:49:54.566] RX[COM10]  01
[12:49:54.569] RX[COM10]  0b 00 00 06 92 1a ff fd db 00 15 66 ff 9f 05 ff dc 00 10 00 21
[12:49:54.581] PACKET[COM10] sensors: status=2816, uptime=430618, filtered_accel=[-0.02196, 0.21912, -0.99308], gyro=[-2.52, 1.12, 2.31]
[12:49:54.645] RX[COM10]  01
[12:49:54.648] RX[COM10]  0b 00 00 06 92 7e ff fd b6 00 15 66 ff 9f 11 ff da 00 11 00 21
[12:49:54.653] PACKET[COM10] sensors: status=2816, uptime=430718, filtered_accel=[-0.02344, 0.21912, -0.9926], gyro=[-2.66, 1.19, 2.31]
[12:49:54.772] RX[COM10]  01
[12:49:54.775] RX[COM10]  0b 00 00 06 92 e2 ff fd c3 00 15 5a ff 9f 11 ff d9 00 13 00 21
[12:49:54.780] PACKET[COM10] sensors: status=2816, uptime=430818, filtered_accel=[-0.02292, 0.21864, -0.9926], gyro=[-2.73, 1.33, 2.31]
[12:49:54.897] RX[COM10]  01
[12:49:54.898] RX[COM10]  0f 00 00 06 93 46 ff fe 0c 00 15 8a ff 9f 1d ff db 00 13 00 21
[12:49:54.905] PACKET[COM10] sensors: status=3840, uptime=430918, filtered_accel=[-0.02, 0.22056, -0.99212], gyro=[-2.59, 1.33, 2.31]
[12:49:54.960] RX[COM10]  01
[12:49:54.962] RX[COM10]  0f 00 00 06 93 aa ff fd db 00 15 5a ff 9f 11 ff db 00 10 00 21
[12:49:54.967] PACKET[COM10] sensors: status=3840, uptime=431018, filtered_accel=[-0.02196, 0.21864, -0.9926], gyro=[-2.59, 1.12, 2.31]
[12:49:55.023] RX[COM21]  03
[12:49:55.024] RX[COM21]  00 00 00 00 00 00 00 00 00 06 93 d7 00 00 00 34 71 4a
[12:49:55.029] PACKET[COM21] camera: fc_status=0, fc_uptime=0, status=0, uptime=431063, current_sense=[0.0, 0.0, 0.0], iris_battery_voltage=13.425
[12:49:55.029] BAD_PACKET[COM21] unknown packet ID 0x4a; discarded 1 byte
[12:49:55.086] RX[COM10]  01
[12:49:55.088] RX[COM10]  0f 00 00 06 94 0e ff fd 6d 00 15 a3 ff 9e 97 ff dc 00 14 00 21 02 10 00 00 06 94 0e 00 00 00 00 00 00 00 00 00 00 00 00 00 00 00 00 00 00 00 00 00 00 00 00 00 00 00 00 00 00 00 00 00 00 00 00 00 00 00 00 00 00 00 00 00 00 00 00 00 00 43 41 9c 28 13 f8 ff 01 00 00 06 94 0e
[12:49:55.094] PACKET[COM10] sensors: status=3840, uptime=431118, filtered_accel=[-0.02636, 0.22156, -0.99748], gyro=[-2.52, 1.4, 2.31]
[12:49:55.099] PACKET[COM10] state: status=4096, uptime=431118, orientation=[0.0, 0.0, 0.0, 0.0], position=[0.0, 0.0, 0.0], velocity=[0.0, 0.0, 0.0], latitude=0.0, longitude=0.0, gps_altitude=0.0, barometric_altitude=193.609985, witness_battery_voltage=5.112
[12:49:55.106] PACKET[COM10] heartbeat: status=256, uptime=431118
[12:49:55.165] RX[COM10]  01
[12:49:55.166] RX[COM10]  0f 00 00 06 94 72 ff fd cf 00 15 5a ff 9f 42 ff d8 00 16 00 21
[12:49:55.170] PACKET[COM10] sensors: status=3840, uptime=431218, filtered_accel=[-0.02244, 0.21864, -0.99064], gyro=[-2.8, 1.54, 2.31]
[12:49:55.277] RX[COM10]  01
[12:49:55.278] RX[COM10]  0b 00 00 06 94 d6 ff fe 00 00 15 8a ff 9e f9 ff db 00 11 00 22
[12:49:55.283] PACKET[COM10] sensors: status=2816, uptime=431318, filtered_accel=[-0.02048, 0.22056, -0.99356], gyro=[-2.59, 1.19, 2.38]
[12:49:55.400] RX[COM10]  01
[12:49:55.401] RX[COM10]  0b 00 00 06 95 3a ff fd e7 00 15 72 ff 9e ed ff dc 00 0f 00 21
[12:49:55.406] PACKET[COM10] sensors: status=2816, uptime=431418, filtered_accel=[-0.02148, 0.2196, -0.99404], gyro=[-2.52, 1.05, 2.31]
[12:49:55.461] RX[COM10]  01
[12:49:55.462] RX[COM10]  0b 00 00 06 95 9e ff fd b6 00 15 66 ff 9f 11 ff db 00 11 00 21
[12:49:55.467] PACKET[COM10] sensors: status=2816, uptime=431518, filtered_accel=[-0.02344, 0.21912, -0.9926], gyro=[-2.59, 1.19, 2.31]
[12:49:55.587] RX[COM10]  01
[12:49:55.594] RX[COM10]  0f 00 00 06 96 02 ff fd e7 00 15 72 ff 9e f9 ff da 00 11 00 22
[12:49:55.620] PACKET[COM10] sensors: status=3840, uptime=431618, filtered_accel=[-0.02148, 0.2196, -0.99356], gyro=[-2.66, 1.19, 2.38]
[12:49:55.680] RX[COM10]  01
[12:49:55.682] RX[COM10]  0f 00 00 06 96 66 ff fe 00 00 15 7e ff 9f 11 ff da 00 13 00 22
[12:49:55.690] PACKET[COM10] sensors: status=3840, uptime=431718, filtered_accel=[-0.02048, 0.22008, -0.9926], gyro=[-2.66, 1.33, 2.38]
[12:49:55.744] RX[COM10]  01
[12:49:55.755] RX[COM10]  0f 00 00 06 96 ca ff fd f3 00 15 8a ff 9e f9 ff da 00 13 00 21
[12:49:55.767] PACKET[COM10] sensors: status=3840, uptime=431818, filtered_accel=[-0.021, 0.22056, -0.99356], gyro=[-2.66, 1.33, 2.31]
[12:49:55.883] RX[COM10]  01
[12:49:55.886] RX[COM10]  0f 00 00 06 97 2e ff fd cf 00 15 66 ff 9f 36 ff da 00 13 00 21
[12:49:55.892] PACKET[COM10] sensors: status=3840, uptime=431918, filtered_accel=[-0.02244, 0.21912, -0.99112], gyro=[-2.66, 1.33, 2.31]
[12:49:55.947] RX[COM10]  01
[12:49:55.948] RX[COM10]  0b 00 00 06 97 92 ff fd e7 00 15 7e ff 9f 05 ff da 00 12 00 22
[12:49:55.954] PACKET[COM10] sensors: status=2816, uptime=432018, filtered_accel=[-0.02148, 0.22008, -0.99308], gyro=[-2.66, 1.26, 2.38]
[12:49:56.007] RX[COM21]  03
[12:49:56.007] RX[COM21]  00 00 00 00 00 00 00 00 00 06 97 bf 00 00 00 34 6c 1a
[12:49:56.013] PACKET[COM21] camera: fc_status=0, fc_uptime=0, status=0, uptime=432063, current_sense=[0.0, 0.0, 0.0], iris_battery_voltage=13.42
[12:49:56.014] BAD_PACKET[COM21] unknown packet ID 0x1a; discarded 1 byte
[12:49:56.070] RX[COM10]  01
[12:49:56.071] RX[COM10]  0b 00 00 06 97 f6 ff fd f3 00 15 8a ff 9f 11 ff db 00 11 00 22 02 10 00 00 06 97 f6 00 00 00 00 00 00 00 00 00 00 00 00 00 00 00 00 00 00 00 00 00 00 00 00 00 00 00 00 00 00 00 00 00 00 00 00 00 00 00 00 00 00 00 00 00 00 00 00 00 00 43 41 44 e5 14 00 ff 00 00 00 06 97 f6
[12:49:56.076] PACKET[COM10] sensors: status=2816, uptime=432118, filtered_accel=[-0.021, 0.22056, -0.9926], gyro=[-2.59, 1.19, 2.38]
[12:49:56.080] PACKET[COM10] state: status=4096, uptime=432118, orientation=[0.0, 0.0, 0.0, 0.0], position=[0.0, 0.0, 0.0], velocity=[0.0, 0.0, 0.0], latitude=0.0, longitude=0.0, gps_altitude=0.0, barometric_altitude=193.269119, witness_battery_voltage=5.12
[12:49:56.084] PACKET[COM10] heartbeat: status=0, uptime=432118
[12:49:56.148] RX[COM10]  01
[12:49:56.149] RX[COM10]  0b 00 00 06 98 5a ff fe 00 00 15 7e ff 9f 1d ff da 00 12 00 21
[12:49:56.155] PACKET[COM10] sensors: status=2816, uptime=432218, filtered_accel=[-0.02048, 0.22008, -0.99212], gyro=[-2.66, 1.26, 2.31]
[12:49:56.273] RX[COM10]  01
[12:49:56.276] RX[COM10]  0f 00 00 06 98 be ff fd cf 00 15 66 ff 9e ed ff db 00 13 00 21
[12:49:56.280] PACKET[COM10] sensors: status=3840, uptime=432318, filtered_accel=[-0.02244, 0.21912, -0.99404], gyro=[-2.59, 1.33, 2.31]
[12:49:56.398] RX[COM10]  01
[12:49:56.399] RX[COM10]  0f 00 00 06 99 22 ff fd cf 00 15 7e ff 9f 05 ff db 00 14 00 21
[12:49:56.403] PACKET[COM10] sensors: status=3840, uptime=432418, filtered_accel=[-0.02244, 0.22008, -0.99308], gyro=[-2.59, 1.4, 2.31]
[12:49:56.461] RX[COM10]  01
[12:49:56.464] RX[COM10]  0f 00 00 06 99 86 ff fd f3 00 15 8a ff 9f 05 ff da 00 12 00 22
[12:49:56.471] PACKET[COM10] sensors: status=3840, uptime=432518, filtered_accel=[-0.021, 0.22056, -0.99308], gyro=[-2.66, 1.26, 2.38]
[12:49:56.588] RX[COM10]  01
[12:49:56.588] RX[COM10]  0f 00 00 06 99 ea ff fd f3 00 15 8a ff 9e f9 ff db 00 13 00 21
[12:49:56.594] PACKET[COM10] sensors: status=3840, uptime=432618, filtered_accel=[-0.021, 0.22056, -0.99356], gyro=[-2.59, 1.33, 2.31]
[12:49:56.649] RX[COM10]  01
[12:49:56.650] RX[COM10]  0b 00 00 06 9a 4e ff fd c3 00 15 66 ff 9e ed ff db 00 11 00 21
[12:49:56.655] PACKET[COM10] sensors: status=2816, uptime=432718, filtered_accel=[-0.02292, 0.21912, -0.99404], gyro=[-2.59, 1.19, 2.31]
[12:49:56.776] RX[COM10]  01
[12:49:56.777] RX[COM10]  0b 00 00 06 9a b2 ff fd cf 00 15 7e ff 9e ed ff da 00 12 00 21
[12:49:56.784] PACKET[COM10] sensors: status=2816, uptime=432818, filtered_accel=[-0.02244, 0.22008, -0.99404], gyro=[-2.66, 1.26, 2.31]
[12:49:56.900] RX[COM10]  01
[12:49:56.902] RX[COM10]  0b 00 00 06 9b 16 ff fd e7 00 15 8a ff 9e e0 ff da 00 13 00 21
[12:49:56.911] PACKET[COM10] sensors: status=2816, uptime=432918, filtered_accel=[-0.02148, 0.22056, -0.99456], gyro=[-2.66, 1.33, 2.31]
[12:49:56.962] RX[COM10]  01
[12:49:56.963] RX[COM10]  0f 00 00 06 9b 7a ff fd e7 00 15 72 ff 9f 05 ff da 00 11 00 21
[12:49:56.975] PACKET[COM10] sensors: status=3840, uptime=433018, filtered_accel=[-0.02148, 0.2196, -0.99308], gyro=[-2.66, 1.19, 2.31]
[12:49:56.976] RX[COM21]  03
[12:49:56.976] RX[COM21]  00 00 00 00 00 00 00 00 00 06 9b a7 00 00 00 34 61 8e
[12:49:56.998] PACKET[COM21] camera: fc_status=0, fc_uptime=0, status=0, uptime=433063, current_sense=[0.0, 0.0, 0.0], iris_battery_voltage=13.409
[12:49:56.998] BAD_PACKET[COM21] unknown packet ID 0x8e; discarded 1 byte
[12:49:57.054] RX[COM10]  01
[12:49:57.055] RX[COM10]  0f 00 00 06 9b de ff fd cf 00 15 66 ff 9f 11 ff da 00 13 00 22 02 10 00 00 06 9b de 00 00 00 00 00 00 00 00 00 00 00 00 00 00 00 00 00 00 00 00 00 00 00 00 00 00 00 00 00 00 00 00 00 00 00 00 00 00 00 00 00 00 00 00 00 00 00 00 00 00 43 41 70 30 13 f0 ff 01 00 00 06 9b de
[12:49:57.061] PACKET[COM10] sensors: status=3840, uptime=433118, filtered_accel=[-0.02244, 0.21912, -0.9926], gyro=[-2.66, 1.33, 2.38]
[12:49:57.068] PACKET[COM10] state: status=4096, uptime=433118, orientation=[0.0, 0.0, 0.0, 0.0], position=[0.0, 0.0, 0.0], velocity=[0.0, 0.0, 0.0], latitude=0.0, longitude=0.0, gps_altitude=0.0, barometric_altitude=193.438232, witness_battery_voltage=5.104
[12:49:57.074] PACKET[COM10] heartbeat: status=256, uptime=433118
[12:49:57.196] RX[COM10]  01
[12:49:57.197] RX[COM10]  0f 00 00 06 9c 42 ff fd cf 00 15 7e ff 9f 05 ff d9 00 14 00 21
[12:49:57.202] PACKET[COM10] sensors: status=3840, uptime=433218, filtered_accel=[-0.02244, 0.22008, -0.99308], gyro=[-2.73, 1.4, 2.31]
[12:49:57.259] RX[COM10]  01
[12:49:57.261] RX[COM10]  0f 00 00 06 9c a6 ff fd db 00 15 72 ff 9e f9 ff da 00 13 00 21
[12:49:57.266] PACKET[COM10] sensors: status=3840, uptime=433318, filtered_accel=[-0.02196, 0.2196, -0.99356], gyro=[-2.66, 1.33, 2.31]
[12:49:57.384] RX[COM10]  01
[12:49:57.386] RX[COM10]  0b 00 00 06 9d 0a ff fd db 00 15 8a ff 9f 11 ff db 00 12 00 22
[12:49:57.393] PACKET[COM10] sensors: status=2816, uptime=433418, filtered_accel=[-0.02196, 0.22056, -0.9926], gyro=[-2.59, 1.26, 2.38]
[12:49:57.446] RX[COM10]  01
[12:49:57.447] RX[COM10]  0b 00 00 06 9d 6e ff fd cf 00 15 72 ff 9f 11 ff da 00 13 00 21
[12:49:57.451] PACKET[COM10] sensors: status=2816, uptime=433518, filtered_accel=[-0.02244, 0.2196, -0.9926], gyro=[-2.66, 1.33, 2.31]
[12:49:57.571] RX[COM10]  01
[12:49:57.571] RX[COM10]  0b 00 00 06 9d d2 ff fd db 00 15 66 ff 9f 05 ff da 00 12 00 21
[12:49:57.575] PACKET[COM10] sensors: status=2816, uptime=433618, filtered_accel=[-0.02196, 0.21912, -0.99308], gyro=[-2.66, 1.26, 2.31]
[12:49:57.697] RX[COM10]  01
[12:49:57.698] RX[COM10]  0f 00 00 06 9e 36 ff fe 0c 00 15 8a ff 9f 05 ff db 00 12 00 22
[12:49:57.702] PACKET[COM10] sensors: status=3840, uptime=433718, filtered_accel=[-0.02, 0.22056, -0.99308], gyro=[-2.59, 1.26, 2.38]
[12:49:57.760] RX[COM10]  01
[12:49:57.763] RX[COM10]  0f 00 00 06 9e 9a ff fd e7 00 15 66 ff 9f 11 ff db 00 12 00 21
[12:49:57.772] PACKET[COM10] sensors: status=3840, uptime=433818, filtered_accel=[-0.02148, 0.21912, -0.9926], gyro=[-2.59, 1.26, 2.31]
[12:49:57.899] RX[COM10]  01
[12:49:57.900] RX[COM10]  0f 00 00 06 9e fe ff fd db 00 15 72 ff 9f 05 ff db 00 12 00 21
[12:49:57.905] PACKET[COM10] sensors: status=3840, uptime=433918, filtered_accel=[-0.02196, 0.2196, -0.99308], gyro=[-2.59, 1.26, 2.31]
[12:49:57.961] RX[COM10]  01
[12:49:57.962] RX[COM10]  0f 00 00 06 9f 62 ff fd cf 00 15 66 ff 9f 05 ff da 00 13 00 21
[12:49:57.966] PACKET[COM10] sensors: status=3840, uptime=434018, filtered_accel=[-0.02244, 0.21912, -0.99308], gyro=[-2.66, 1.33, 2.31]
[12:49:58.024] RX[COM21]  03
[12:49:58.024] RX[COM21]  00 00 00 00 00 00 00 00 00 06 9f 8f 00 00 00 34 6d b6
[12:49:58.030] PACKET[COM21] camera: fc_status=0, fc_uptime=0, status=0, uptime=434063, current_sense=[0.0, 0.0, 0.0], iris_battery_voltage=13.421
[12:49:58.031] BAD_PACKET[COM21] unknown packet ID 0xb6; discarded 1 byte
[12:49:58.086] RX[COM10]  01
[12:49:58.087] RX[COM10]  0b 00 00 06 9f c6 ff fe 00 00 15 8a ff 9f 05 ff db 00 12 00 22 02 10 00 00 06 9f c6 00 00 00 00 00 00 00 00 00 00 00 00 00 00 00 00 00 00 00 00 00 00 00 00 00 00 00 00 00 00 00 00 00 00 00 00 00 00 00 00 00 00 00 00 00 00 00 00 00 00 43 41 44 e5 13 f0 ff 00 00 00 06 9f c6
[12:49:58.091] PACKET[COM10] sensors: status=2816, uptime=434118, filtered_accel=[-0.02048, 0.22056, -0.99308], gyro=[-2.59, 1.26, 2.38]
[12:49:58.097] PACKET[COM10] state: status=4096, uptime=434118, orientation=[0.0, 0.0, 0.0, 0.0], position=[0.0, 0.0, 0.0], velocity=[0.0, 0.0, 0.0], latitude=0.0, longitude=0.0, gps_altitude=0.0, barometric_altitude=193.269119, witness_battery_voltage=5.104
[12:49:58.102] PACKET[COM10] heartbeat: status=0, uptime=434118
[12:49:58.166] RX[COM10]  01
[12:49:58.168] RX[COM10]  0b 00 00 06 a0 2a ff fd e7 00 15 7e ff 9f 05 ff dc 00 11 00 20
[12:49:58.181] PACKET[COM10] sensors: status=2816, uptime=434218, filtered_accel=[-0.02148, 0.22008, -0.99308], gyro=[-2.52, 1.19, 2.24]
[12:49:58.244] RX[COM10]  01
[12:49:58.246] RX[COM10]  0b 00 00 06 a0 8e ff fd cf 00 15 4d ff 9f 2a ff da 00 12 00 21
[12:49:58.251] PACKET[COM10] sensors: status=2816, uptime=434318, filtered_accel=[-0.02244, 0.21812, -0.9916], gyro=[-2.66, 1.26, 2.31]
[12:49:58.367] RX[COM10]  01
[12:49:58.368] RX[COM10]  0f 00 00 06 a0 f2 ff fe 00 00 15 72 ff 9e f9 ff da 00 13 00 22
[12:49:58.373] PACKET[COM10] sensors: status=3840, uptime=434418, filtered_accel=[-0.02048, 0.2196, -0.99356], gyro=[-2.66, 1.33, 2.38]
[12:49:58.493] RX[COM10]  01
[12:49:58.494] RX[COM10]  0f 00 00 06 a1 56 ff fd e7 00 15 7e ff 9f 1d ff db 00 12 00 22
[12:49:58.499] PACKET[COM10] sensors: status=3840, uptime=434518, filtered_accel=[-0.02148, 0.22008, -0.99212], gyro=[-2.59, 1.26, 2.38]
[12:49:58.556] RX[COM10]  01
[12:49:58.557] RX[COM10]  0f 00 00 06 a1 ba ff fd f3 00 15 7e ff 9f 11 ff db 00 11 00 22
[12:49:58.563] PACKET[COM10] sensors: status=3840, uptime=434618, filtered_accel=[-0.021, 0.22008, -0.9926], gyro=[-2.59, 1.19, 2.38]
[12:49:58.681] RX[COM10]  01
[12:49:58.683] RX[COM10]  0f 00 00 06 a2 1e ff fd db 00 15 1d ff 9e c8 ff d9 00 10 00 20
[12:49:58.688] PACKET[COM10] sensors: status=3840, uptime=434718, filtered_accel=[-0.02196, 0.2162, -0.99552], gyro=[-2.73, 1.12, 2.24]
[12:49:58.742] RX[COM10]  01
[12:49:58.743] RX[COM10]  0b 00 00 06 a2 82 ff fd db 00 15 a3 ff 9f 05 ff dd 00 0c 00 21
[12:49:58.747] PACKET[COM10] sensors: status=2816, uptime=434818, filtered_accel=[-0.02196, 0.22156, -0.99308], gyro=[-2.45, 0.84, 2.31]
[12:49:58.870] RX[COM10]  01
[12:49:58.874] RX[COM10]  0b 00 00 06 a2 e6 ff fd f3 00 15 7e ff 9f 05 ff db 00 0f 00 21
[12:49:58.879] PACKET[COM10] sensors: status=2816, uptime=434918, filtered_accel=[-0.021, 0.22008, -0.99308], gyro=[-2.59, 1.05, 2.31]
[12:49:58.981] RX[COM10]  01
[12:49:58.982] RX[COM10]  0b 00 00 06 a3 4a ff fd f3 00 15 72 ff 9f 05 ff db 00 11 00 21
[12:49:58.986] PACKET[COM10] sensors: status=2816, uptime=435018, filtered_accel=[-0.021, 0.2196, -0.99308], gyro=[-2.59, 1.19, 2.31]
[12:49:58.986] RX[COM21]  03
[12:49:58.986] RX[COM21]  00 00 00 00 00 00 00 00 00 06 a3 77 00 00 00 34 74 a2
[12:49:58.990] PACKET[COM21] camera: fc_status=0, fc_uptime=0, status=0, uptime=435063, current_sense=[0.0, 0.0, 0.0], iris_battery_voltage=13.428
[12:49:58.990] BAD_PACKET[COM21] unknown packet ID 0xa2; discarded 1 byte
[12:49:59.042] RX[COM10]  01
[12:49:59.043] RX[COM10]  0f 00 00 06 a3 ae ff fd cf 00 15 4d ff 9f 05 ff d8 00 0e 00 21 02 10 00 00 06 a3 ae 00 00 00 00 00 00 00 00 00 00 00 00 00 00 00 00 00 00 00 00 00 00 00 00 00 00 00 00 00 00 00 00 00 00 00 00 00 00 00 00 00 00 00 00 00 00 00 00 00 00 43 41 5a 8b 13 f0 ff 01 00 00 06 a3 ae
[12:49:59.048] PACKET[COM10] sensors: status=3840, uptime=435118, filtered_accel=[-0.02244, 0.21812, -0.99308], gyro=[-2.8, 0.98, 2.31]
[12:49:59.051] PACKET[COM10] state: status=4096, uptime=435118, orientation=[0.0, 0.0, 0.0, 0.0], position=[0.0, 0.0, 0.0], velocity=[0.0, 0.0, 0.0], latitude=0.0, longitude=0.0, gps_altitude=0.0, barometric_altitude=193.353683, witness_battery_voltage=5.104
[12:49:59.056] PACKET[COM10] heartbeat: status=256, uptime=435118
[12:49:59.185] RX[COM10]  01
[12:49:59.187] RX[COM10]  0f 00 00 06 a4 12 ff fd db 00 15 a3 ff 9f 05 ff dc 00 0c 00 20
[12:49:59.191] PACKET[COM10] sensors: status=3840, uptime=435218, filtered_accel=[-0.02196, 0.22156, -0.99308], gyro=[-2.52, 0.84, 2.24]
[12:49:59.249] RX[COM10]  01
[12:49:59.250] RX[COM10]  0f 00 00 06 a4 76 ff fd db 00 15 a3 ff 9f 2a ff d8 00 19 00 23
[12:49:59.257] PACKET[COM10] sensors: status=3840, uptime=435318, filtered_accel=[-0.02196, 0.22156, -0.9916], gyro=[-2.8, 1.75, 2.45]
[12:49:59.375] RX[COM10]  01
[12:49:59.377] RX[COM10]  0f 00 00 06 a4 da ff fe 0c 00 15 af ff 9e ed ff d8 00 17 00 22
[12:49:59.383] PACKET[COM10] sensors: status=3840, uptime=435418, filtered_accel=[-0.02, 0.22204, -0.99404], gyro=[-2.8, 1.61, 2.38]
[12:49:59.500] RX[COM10]  01
[12:49:59.501] RX[COM10]  0b 00 00 06 a5 3e ff fd b6 00 15 72 ff 9f 2a ff da 00 15 00 21
[12:49:59.506] PACKET[COM10] sensors: status=2816, uptime=435518, filtered_accel=[-0.02344, 0.2196, -0.9916], gyro=[-2.66, 1.47, 2.31]
[12:49:59.563] RX[COM10]  01
[12:49:59.565] RX[COM10]  0b 00 00 06 a5 a2 ff fd db 00 15 7e ff 9f 05 ff da 00 12 00 21
[12:49:59.572] PACKET[COM10] sensors: status=2816, uptime=435618, filtered_accel=[-0.02196, 0.22008, -0.99308], gyro=[-2.66, 1.26, 2.31]
[12:49:59.689] RX[COM10]  01
[12:49:59.689] RX[COM10]  0b 00 00 06 a6 06 ff fd e7 00 15 8a ff 9e e0 ff db 00 11 00 21
[12:49:59.694] PACKET[COM10] sensors: status=2816, uptime=435718, filtered_accel=[-0.02148, 0.22056, -0.99456], gyro=[-2.59, 1.19, 2.31]
[12:49:59.753] RX[COM10]  01
[12:49:59.754] RX[COM10]  0f 00 00 06 a6 6a ff fd 6d 00 15 7e ff 9e f9 ff da 00 14 00 21
[12:49:59.758] PACKET[COM10] sensors: status=3840, uptime=435818, filtered_accel=[-0.02636, 0.22008, -0.99356], gyro=[-2.66, 1.4, 2.31]
[12:49:59.876] RX[COM10]  01
[12:49:59.877] RX[COM10]  0f 00 00 06 a6 ce ff fd cf 00 15 72 ff 9e f9 ff df 00 06 00 1f
[12:49:59.881] PACKET[COM10] sensors: status=3840, uptime=435918, filtered_accel=[-0.02244, 0.2196, -0.99356], gyro=[-2.31, 0.42, 2.17]
[12:50:00.001] RX[COM10]  01
[12:50:00.004] RX[COM10]  0f 00 00 06 a7 32 ff fd b6 00 15 7e ff 9f 1d ff da 00 14 00 21
[12:50:00.012] PACKET[COM10] sensors: status=3840, uptime=436018, filtered_accel=[-0.02344, 0.22008, -0.99212], gyro=[-2.66, 1.4, 2.31]
[12:50:00.014] RX[COM21]  03
[12:50:00.015] RX[COM21]  00 00 00 00 00 00 00 00 00 06 a7 5f 00 00 00 34 78 9a
[12:50:00.024] PACKET[COM21] camera: fc_status=0, fc_uptime=0, status=0, uptime=436063, current_sense=[0.0, 0.0, 0.0], iris_battery_voltage=13.432
[12:50:00.025] BAD_PACKET[COM21] unknown packet ID 0x9a; discarded 1 byte
[12:50:00.080] RX[COM10]  01
[12:50:00.083] RX[COM10]  0f 00 00 06 a7 96 ff fd db 00 15 8a ff 9e d4 ff d6 00 1d 00 23 02 10 00 00 06 a7 96 00 00 00 00 00 00 00 00 00 00 00 00 00 00 00 00 00 00 00 00 00 00 00 00 00 00 00 00 00 00 00 00 00 00 00 00 00 00 00 00 00 00 00 00 00 00 00 00 00 00 43 41 b1 cd 13 fc ff 00 00 00 06 a7 96
[12:50:00.087] PACKET[COM10] sensors: status=3840, uptime=436118, filtered_accel=[-0.02196, 0.22056, -0.99504], gyro=[-2.94, 2.03, 2.45]
[12:50:00.091] PACKET[COM10] state: status=4096, uptime=436118, orientation=[0.0, 0.0, 0.0, 0.0], position=[0.0, 0.0, 0.0], velocity=[0.0, 0.0, 0.0], latitude=0.0, longitude=0.0, gps_altitude=0.0, barometric_altitude=193.694534, witness_battery_voltage=5.116
[12:50:00.094] PACKET[COM10] heartbeat: status=0, uptime=436118
[12:50:00.159] RX[COM10]  01
[12:50:00.161] RX[COM10]  0b 00 00 06 a7 fa ff fd c3 00 15 41 ff 9e 97 ff e0 00 08 00 20
[12:50:00.167] PACKET[COM10] sensors: status=2816, uptime=436218, filtered_accel=[-0.02292, 0.21764, -0.99748], gyro=[-2.24, 0.56, 2.24]
[12:50:00.284] RX[COM10]  01
[12:50:00.286] RX[COM10]  0b 00 00 06 a8 5e ff fd 92 00 15 5a ff 9e ed ff dc 00 0e 00 21
[12:50:00.290] PACKET[COM10] sensors: status=2816, uptime=436318, filtered_accel=[-0.02488, 0.21864, -0.99404], gyro=[-2.52, 0.98, 2.31]
[12:50:00.348] RX[COM10]  01
[12:50:00.349] RX[COM10]  0b 00 00 06 a8 c2 ff fd aa 00 15 72 ff 9f 5a ff d6 00 1a 00 22
[12:50:00.354] PACKET[COM10] sensors: status=2816, uptime=436418, filtered_accel=[-0.02392, 0.2196, -0.98968], gyro=[-2.94, 1.82, 2.38]
[12:50:00.472] RX[COM10]  01
[12:50:00.473] RX[COM10]  0f 00 00 06 a9 26 ff fd 9e 00 15 97 ff 9f 11 ff db 00 15 00 22
[12:50:00.478] PACKET[COM10] sensors: status=3840, uptime=436518, filtered_accel=[-0.0244, 0.22108, -0.9926], gyro=[-2.59, 1.47, 2.38]
[12:50:00.598] RX[COM10]  01
[12:50:00.598] RX[COM10]  0f 00 00 06 a9 8a ff fd db 00 15 a3 ff 9f 97 ff d6 00 14 00 20
[12:50:00.603] PACKET[COM10] sensors: status=3840, uptime=436618, filtered_accel=[-0.02196, 0.22156, -0.98724], gyro=[-2.94, 1.4, 2.24]
[12:50:00.660] RX[COM10]  01
[12:50:00.661] RX[COM10]  0f 00 00 06 a9 ee ff fd 9e 00 15 72 ff 9f 11 ff db 00 10 00 21
[12:50:00.666] PACKET[COM10] sensors: status=3840, uptime=436718, filtered_accel=[-0.0244, 0.2196, -0.9926], gyro=[-2.59, 1.12, 2.31]
[12:50:00.785] RX[COM10]  01
[12:50:00.786] RX[COM10]  0f 00 00 06 aa 52 ff fd 49 00 15 66 ff 9f 1d ff db 00 12 00 22
[12:50:00.791] PACKET[COM10] sensors: status=3840, uptime=436818, filtered_accel=[-0.0278, 0.21912, -0.99212], gyro=[-2.59, 1.26, 2.38]
[12:50:00.849] RX[COM10]  01
[12:50:00.851] RX[COM10]  0b 00 00 06 aa b6 ff fd e7 00 15 97 ff 9e ed ff dc 00 11 00 23
[12:50:00.855] PACKET[COM10] sensors: status=2816, uptime=436918, filtered_accel=[-0.02148, 0.22108, -0.99404], gyro=[-2.52, 1.19, 2.45]
[12:50:00.974] RX[COM10]  01
[12:50:00.975] RX[COM10]  0b 00 00 06 ab 1a ff fe 3d 00 15 4d ff 9e 4e ff d9 00 14 00 22
[12:50:00.979] PACKET[COM10] sensors: status=2816, uptime=437018, filtered_accel=[-0.01804, 0.21812, -1.0004], gyro=[-2.73, 1.4, 2.38]
[12:50:00.980] RX[COM21]  03
[12:50:00.980] RX[COM21]  00 00 00 00 00 00 00 00 00 06 ab 47 00 00 00 34 75 0e
[12:50:00.983] PACKET[COM21] camera: fc_status=0, fc_uptime=0, status=0, uptime=437063, current_sense=[0.0, 0.0, 0.0], iris_battery_voltage=13.429
[12:50:00.983] BAD_PACKET[COM21] unknown packet ID 0x0e; discarded 1 byte
[12:50:01.099] RX[COM10]  01
[12:50:01.101] RX[COM10]  0b 00 00 06 ab 7e ff fd c3 00 15 5a ff 9e ed ff de 00 12 00 21
[12:50:01.107] PACKET[COM10] sensors: status=2816, uptime=437118, filtered_accel=[-0.02292, 0.21864, -0.99404], gyro=[-2.38, 1.26, 2.31]
[12:50:01.107] RX[COM10]  02 10 00 00 06 ab 7e 00 00 00 00 00 00 00 00 00 00 00 00 00 00 00 00 00 00 00 00 00 00 00 00 00 00 00 00 00 00 00 00 00 00 00 00 00 00 00 00 00 00 00 00 00 00 00 00 00 00 43 41 44 e5 13 f0 ff 01 00 00 06 ab 7e
[12:50:01.110] PACKET[COM10] state: status=4096, uptime=437118, orientation=[0.0, 0.0, 0.0, 0.0], position=[0.0, 0.0, 0.0], velocity=[0.0, 0.0, 0.0], latitude=0.0, longitude=0.0, gps_altitude=0.0, barometric_altitude=193.269119, witness_battery_voltage=5.104
[12:50:01.113] PACKET[COM10] heartbeat: status=256, uptime=437118
[12:50:01.178] RX[COM10]  01
[12:50:01.182] RX[COM10]  0f 00 00 06 ab e2 ff fd 79 00 15 7e ff 9e 7f ff dd 00 0f 00 21
[12:50:01.188] PACKET[COM10] sensors: status=3840, uptime=437218, filtered_accel=[-0.02588, 0.22008, -0.99844], gyro=[-2.45, 1.05, 2.31]
[12:50:01.241] RX[COM10]  01
[12:50:01.242] RX[COM10]  0f 00 00 06 ac 46 ff fd c3 00 15 af ff 9e d4 ff e1 00 05 00 1f
[12:50:01.247] PACKET[COM10] sensors: status=3840, uptime=437318, filtered_accel=[-0.02292, 0.22204, -0.99504], gyro=[-2.17, 0.35, 2.17]
[12:50:01.367] RX[COM10]  01
[12:50:01.370] RX[COM10]  0f 00 00 06 ac aa ff fd cf 00 15 a3 ff 9f 5a ff d4 00 24 00 25
[12:50:01.375] PACKET[COM10] sensors: status=3840, uptime=437418, filtered_accel=[-0.02244, 0.22156, -0.98968], gyro=[-3.08, 2.52, 2.59]
[12:50:01.492] RX[COM10]  01
[12:50:01.494] RX[COM10]  0f 00 00 06 ad 0e ff fe 00 00 15 7e ff 9e f9 ff d3 00 1f 00 24
[12:50:01.499] PACKET[COM10] sensors: status=3840, uptime=437518, filtered_accel=[-0.02048, 0.22008, -0.99356], gyro=[-3.15, 2.17, 2.52]
[12:50:01.553] RX[COM10]  01
[12:50:01.555] RX[COM10]  0b 00 00 06 ad 72 ff fe 18 00 15 af ff 9e 97 ff d9 00 16 00 23
[12:50:01.560] PACKET[COM10] sensors: status=2816, uptime=437618, filtered_accel=[-0.01952, 0.22204, -0.99748], gyro=[-2.73, 1.54, 2.45]
[12:50:01.679] RX[COM10]  01
[12:50:01.680] RX[COM10]  0b 00 00 06 ad d6 ff fe 24 00 15 bb ff 9e f9 ff db 00 13 00 20
[12:50:01.685] PACKET[COM10] sensors: status=2816, uptime=437718, filtered_accel=[-0.01904, 0.22252, -0.99356], gyro=[-2.59, 1.33, 2.24]
[12:50:01.741] RX[COM10]  01
[12:50:01.742] RX[COM10]  0b 00 00 06 ae 3a ff fd db 00 15 97 ff 9e f9 ff df 00 0b 00 1f
[12:50:01.749] PACKET[COM10] sensors: status=2816, uptime=437818, filtered_accel=[-0.02196, 0.22108, -0.99356], gyro=[-2.31, 0.77, 2.17]
[12:50:01.867] RX[COM10]  01
[12:50:01.869] RX[COM10]  0f 00 00 06 ae 9e ff fd e7 00 15 66 ff 9f 05 ff db 00 10 00 21
[12:50:01.874] PACKET[COM10] sensors: status=3840, uptime=437918, filtered_accel=[-0.02148, 0.21912, -0.99308], gyro=[-2.59, 1.12, 2.31]
[12:50:01.992] RX[COM10]  01
[12:50:01.996] RX[COM10]  0f 00 00 06 af 02 ff fd cf 00 15 5a ff 9f 05 ff da 00 15 00 21
[12:50:02.002] PACKET[COM10] sensors: status=3840, uptime=438018, filtered_accel=[-0.02244, 0.21864, -0.99308], gyro=[-2.66, 1.47, 2.31]
[12:50:02.003] RX[COM21]  03
[12:50:02.004] RX[COM21]  00 00 00 00 00 00 00 00 00 06 af 2f 00 00 00 34 68 5e
[12:50:02.011] PACKET[COM21] camera: fc_status=0, fc_uptime=0, status=0, uptime=438063, current_sense=[0.0, 0.0, 0.0], iris_battery_voltage=13.416
[12:50:02.012] BAD_PACKET[COM21] unknown packet ID 0x5e; discarded 1 byte
[12:50:02.069] RX[COM10]  01
[12:50:02.071] RX[COM10]  0f 00 00 06 af 66 ff fd cf 00 15 7e ff 9e ed ff d9 00 14 00 22 02 10 00 00 06 af 66 00 00 00 00 00 00 00 00 00 00 00 00 00 00 00 00 00 00 00 00 00 00 00 00 00 00 00 00 00 00 00 00 00 00 00 00 00 00 00 00 00 00 00 00 00 00 00 00 00 00 43 41 70 30 13 ec ff 00 00 00 06 af 66
[12:50:02.081] PACKET[COM10] sensors: status=3840, uptime=438118, filtered_accel=[-0.02244, 0.22008, -0.99404], gyro=[-2.73, 1.4, 2.38]
[12:50:02.090] PACKET[COM10] state: status=4096, uptime=438118, orientation=[0.0, 0.0, 0.0, 0.0], position=[0.0, 0.0, 0.0], velocity=[0.0, 0.0, 0.0], latitude=0.0, longitude=0.0, gps_altitude=0.0, barometric_altitude=193.438232, witness_battery_voltage=5.1
[12:50:02.101] PACKET[COM10] heartbeat: status=0, uptime=438118
[12:50:02.161] RX[COM10]  01
[12:50:02.164] RX[COM10]  0f 00 00 06 af ca ff fe 00 00 15 8a ff 9f 11 ff db 00 12 00 21
[12:50:02.169] PACKET[COM10] sensors: status=3840, uptime=438218, filtered_accel=[-0.02048, 0.22056, -0.9926], gyro=[-2.59, 1.26, 2.31]
[12:50:02.286] RX[COM10]  01
[12:50:02.287] RX[COM10]  0b 00 00 06 b0 2e ff fd b6 00 15 66 ff 9e ed ff da 00 12 00 22
[12:50:02.292] PACKET[COM10] sensors: status=2816, uptime=438318, filtered_accel=[-0.02344, 0.21912, -0.99404], gyro=[-2.66, 1.26, 2.38]
[12:50:02.349] RX[COM10]  01
[12:50:02.350] RX[COM10]  0b 00 00 06 b0 92 ff fd db 00 15 7e ff 9f 11 ff da 00 11 00 21
[12:50:02.357] PACKET[COM10] sensors: status=2816, uptime=438418, filtered_accel=[-0.02196, 0.22008, -0.9926], gyro=[-2.66, 1.19, 2.31]
[12:50:02.475] RX[COM10]  01
[12:50:02.476] RX[COM10]  0b 00 00 06 b0 f6 ff fd f3 00 15 7e ff 9f 11 ff db 00 11 00 22
[12:50:02.481] PACKET[COM10] sensors: status=2816, uptime=438518, filtered_accel=[-0.021, 0.22008, -0.9926], gyro=[-2.59, 1.19, 2.38]
[12:50:02.601] RX[COM10]  01
[12:50:02.605] RX[COM10]  0f 00 00 06 b1 5a ff fd c3 00 15 72 ff 9f 67 ff d9 00 14 00 22
[12:50:02.609] PACKET[COM10] sensors: status=3840, uptime=438618, filtered_accel=[-0.02292, 0.2196, -0.98916], gyro=[-2.73, 1.4, 2.38]
[12:50:02.667] RX[COM10]  01
[12:50:02.667] RX[COM10]  0f 00 00 06 b1 be ff fd db 00 15 66 ff 9e c8 ff d7 00 17 00 21
[12:50:02.671] PACKET[COM10] sensors: status=3840, uptime=438718, filtered_accel=[-0.02196, 0.21912, -0.99552], gyro=[-2.87, 1.61, 2.31]
[12:50:02.790] RX[COM10]  01
[12:50:02.791] RX[COM10]  0f 00 00 06 b2 22 ff fe 00 00 15 7e ff 9e ed ff db 00 13 00 21
[12:50:02.795] PACKET[COM10] sensors: status=3840, uptime=438818, filtered_accel=[-0.02048, 0.22008, -0.99404], gyro=[-2.59, 1.33, 2.31]
[12:50:02.851] RX[COM10]  01
[12:50:02.853] RX[COM10]  0f 00 00 06 b2 86 ff fd e7 00 15 97 ff 9e f9 ff dc 00 10 00 21
[12:50:02.858] PACKET[COM10] sensors: status=3840, uptime=438918, filtered_accel=[-0.02148, 0.22108, -0.99356], gyro=[-2.52, 1.12, 2.31]
[12:50:02.979] RX[COM10]  01
[12:50:02.981] RX[COM10]  0b 00 00 06 b2 ea ff fd cf 00 15 72 ff 9e ed ff dc 00 11 00 22
[12:50:02.998] PACKET[COM10] sensors: status=2816, uptime=439018, filtered_accel=[-0.02244, 0.2196, -0.99404], gyro=[-2.52, 1.19, 2.38]
[12:50:02.999] RX[COM21]  03
[12:50:02.999] RX[COM21]  00 00 00 00 00 00 00 00 00 06 b3 17 00 00 00 34 77 fa
[12:50:03.017] PACKET[COM21] camera: fc_status=0, fc_uptime=0, status=0, uptime=439063, current_sense=[0.0, 0.0, 0.0], iris_battery_voltage=13.431
[12:50:03.018] BAD_PACKET[COM21] unknown packet ID 0xfa; discarded 1 byte
[12:50:03.073] RX[COM10]  01
[12:50:03.076] RX[COM10]  0b 00 00 06 b3 4e ff fd c3 00 15 66 ff 9f 05 ff d9 00 15 00 21 02 10 00 00 06 b3 4e 00 00 00 00 00 00 00 00 00 00 00 00 00 00 00 00 00 00 00 00 00 00 00 00 00 00 00 00 00 00 00 00 00 00 00 00 00 00 00 00 00 00 00 00 00 00 00 00 00 00 43 41 86 82 13 f0 ff 01 00 00 06 b3 4e
[12:50:03.081] PACKET[COM10] sensors: status=2816, uptime=439118, filtered_accel=[-0.02292, 0.21912, -0.99308], gyro=[-2.73, 1.47, 2.31]
[12:50:03.085] PACKET[COM10] state: status=4096, uptime=439118, orientation=[0.0, 0.0, 0.0, 0.0], position=[0.0, 0.0, 0.0], velocity=[0.0, 0.0, 0.0], latitude=0.0, longitude=0.0, gps_altitude=0.0, barometric_altitude=193.525421, witness_battery_voltage=5.104
[12:50:03.091] PACKET[COM10] heartbeat: status=256, uptime=439118
[12:50:03.152] RX[COM10]  01
[12:50:03.158] RX[COM10]  0b 00 00 06 b3 b2 ff fd c3 00 15 72 ff 9e f9 ff da 00 12 00 21
[12:50:03.174] PACKET[COM10] sensors: status=2816, uptime=439218, filtered_accel=[-0.02292, 0.2196, -0.99356], gyro=[-2.66, 1.26, 2.31]
[12:50:03.290] RX[COM10]  01
[12:50:03.293] RX[COM10]  0f 00 00 06 b4 16 ff fd e7 00 15 7e ff 9f 1d ff dc 00 0f 00 22
[12:50:03.298] PACKET[COM10] sensors: status=3840, uptime=439318, filtered_accel=[-0.02148, 0.22008, -0.99212], gyro=[-2.52, 1.05, 2.38]
[12:50:03.352] RX[COM10]  01
[12:50:03.355] RX[COM10]  0f 00 00 06 b4 7a ff fd db 00 15 72 ff 9f 11 ff da 00 12 00 22
[12:50:03.360] PACKET[COM10] sensors: status=3840, uptime=439418, filtered_accel=[-0.02196, 0.2196, -0.9926], gyro=[-2.66, 1.26, 2.38]
[12:50:03.477] RX[COM10]  01
[12:50:03.479] RX[COM10]  0f 00 00 06 b4 de ff fd db 00 15 72 ff 9f 05 ff d8 00 15 00 22
[12:50:03.484] PACKET[COM10] sensors: status=3840, uptime=439518, filtered_accel=[-0.02196, 0.2196, -0.99308], gyro=[-2.8, 1.47, 2.38]
[12:50:03.541] RX[COM10]  01
[12:50:03.542] RX[COM10]  0f 00 00 06 b5 42 ff fd b6 00 15 4d ff 9e ed ff db 00 10 00 21
[12:50:03.549] PACKET[COM10] sensors: status=3840, uptime=439618, filtered_accel=[-0.02344, 0.21812, -0.99404], gyro=[-2.59, 1.12, 2.31]
[12:50:03.666] RX[COM10]  01
[12:50:03.667] RX[COM10]  0b 00 00 06 b5 a6 ff fd f3 00 15 7e ff 9f 11 ff dc 00 0e 00 21
[12:50:03.672] PACKET[COM10] sensors: status=2816, uptime=439718, filtered_accel=[-0.021, 0.22008, -0.9926], gyro=[-2.52, 0.98, 2.31]
[12:50:03.791] RX[COM10]  01
[12:50:03.792] RX[COM10]  0b 00 00 06 b6 0a ff fd db 00 15 72 ff 9f 1d ff da 00 10 00 21
[12:50:03.797] PACKET[COM10] sensors: status=2816, uptime=439818, filtered_accel=[-0.02196, 0.2196, -0.99212], gyro=[-2.66, 1.12, 2.31]
[12:50:03.852] RX[COM10]  01
[12:50:03.854] RX[COM10]  0b 00 00 06 b6 6e ff fd c3 00 15 5a ff 9f 11 ff da 00 13 00 21
[12:50:03.859] PACKET[COM10] sensors: status=2816, uptime=439918, filtered_accel=[-0.02292, 0.21864, -0.9926], gyro=[-2.66, 1.33, 2.31]
[12:50:03.977] RX[COM10]  01
[12:50:03.978] RX[COM10]  0f 00 00 06 b6 d2 ff fd f3 00 15 8a ff 9e f9 ff db 00 13 00 22
[12:50:03.984] PACKET[COM10] sensors: status=3840, uptime=440018, filtered_accel=[-0.021, 0.22056, -0.99356], gyro=[-2.59, 1.33, 2.38]
[12:50:03.985] RX[COM21]  03
[12:50:03.985] RX[COM21]  00 00 00 00 00 00 00 00 00 06 b6 ff 00 00 00 34 0d da
[12:50:03.990] PACKET[COM21] camera: fc_status=0, fc_uptime=0, status=0, uptime=440063, current_sense=[0.0, 0.0, 0.0], iris_battery_voltage=13.325
[12:50:03.991] BAD_PACKET[COM21] unknown packet ID 0xda; discarded 1 byte
[12:50:04.056] RX[COM10]  01
[12:50:04.057] RX[COM10]  0f 00 00 06 b7 36 ff fe 18 00 15 8a ff 9f 42 ff da 00 12 00 21
[12:50:04.062] PACKET[COM10] sensors: status=3840, uptime=440118, filtered_accel=[-0.01952, 0.22056, -0.99064], gyro=[-2.66, 1.26, 2.31]
[12:50:04.062] RX[COM10]  02 10 00 00 06 b7 36 00 00 00 00 00 00 00 00 00 00 00 00 00 00 00 00 00 00 00 00 00 00 00 00 00 00 00 00 00 00 00 00 00 00 00 00 00 00 00 00 00 00 00 00 00 00 00 00 00 00 43 41 5a 8b 13 f0 ff 00 00 00 06 b7 36
[12:50:04.066] PACKET[COM10] state: status=4096, uptime=440118, orientation=[0.0, 0.0, 0.0, 0.0], position=[0.0, 0.0, 0.0], velocity=[0.0, 0.0, 0.0], latitude=0.0, longitude=0.0, gps_altitude=0.0, barometric_altitude=193.353683, witness_battery_voltage=5.104
[12:50:04.073] PACKET[COM10] heartbeat: status=0, uptime=440118
[12:50:04.197] RX[COM10]  01
[12:50:04.198] RX[COM10]  0f 00 00 06 b7 9a ff fd c3 00 15 66 ff 9f 2a ff dc 00 11 00 21
[12:50:04.209] PACKET[COM10] sensors: status=3840, uptime=440218, filtered_accel=[-0.02292, 0.21912, -0.9916], gyro=[-2.52, 1.19, 2.31]
[12:50:04.274] RX[COM10]  01
[12:50:04.275] RX[COM10]  0f 00 00 06 b7 fe ff fd cf 00 15 5a ff 9f 1d ff d7 00 14 00 21
[12:50:04.279] PACKET[COM10] sensors: status=3840, uptime=440318, filtered_accel=[-0.02244, 0.21864, -0.99212], gyro=[-2.87, 1.4, 2.31]
[12:50:04.401] RX[COM10]  01
[12:50:04.403] RX[COM10]  0b 00 00 06 b8 62 ff fd aa 00 15 66 ff 9f 73 ff dd 00 0e 00 21
[12:50:04.407] PACKET[COM10] sensors: status=2816, uptime=440418, filtered_accel=[-0.02392, 0.21912, -0.98868], gyro=[-2.45, 0.98, 2.31]
[12:50:04.464] RX[COM10]  01
[12:50:04.467] RX[COM10]  0b 00 00 06 b8 c6 ff fd db 00 15 7e ff 9f 05 ff dc 00 0d 00 20
[12:50:04.474] PACKET[COM10] sensors: status=2816, uptime=440518, filtered_accel=[-0.02196, 0.22008, -0.99308], gyro=[-2.52, 0.91, 2.24]
[12:50:04.590] RX[COM10]  01
[12:50:04.591] RX[COM10]  0b 00 00 06 b9 2a ff fd b6 00 15 72 ff 9f 11 ff d4 00 1f 00 24
[12:50:04.595] PACKET[COM10] sensors: status=2816, uptime=440618, filtered_accel=[-0.02344, 0.2196, -0.9926], gyro=[-3.08, 2.17, 2.52]
[12:50:04.654] RX[COM10]  01
[12:50:04.655] RX[COM10]  0f 00 00 06 b9 8e ff fd c3 00 15 41 ff 9f 67 ff d4 00 1b 00 23
[12:50:04.660] PACKET[COM10] sensors: status=3840, uptime=440718, filtered_accel=[-0.02292, 0.21764, -0.98916], gyro=[-3.08, 1.89, 2.45]
[12:50:04.777] RX[COM10]  01
[12:50:04.778] RX[COM10]  0f 00 00 06 b9 f2 ff fd f3 00 15 c7 ff 9f 11 ff d7 00 19 00 23
[12:50:04.783] PACKET[COM10] sensors: status=3840, uptime=440818, filtered_accel=[-0.021, 0.223, -0.9926], gyro=[-2.87, 1.75, 2.45]
[12:50:04.903] RX[COM10]  01
[12:50:04.906] RX[COM10]  0f 00 00 06 ba 56 ff fd 9e 00 15 41 ff 9f 1d ff de 00 0d 00 21
[12:50:04.910] PACKET[COM10] sensors: status=3840, uptime=440918, filtered_accel=[-0.0244, 0.21764, -0.99212], gyro=[-2.38, 0.91, 2.31]
[12:50:04.965] RX[COM10]  01
[12:50:04.966] RX[COM10]  0f 00 00 06 ba ba ff fd e7 00 15 72 ff 9f 11 ff da 00 13 00 21
[12:50:04.971] PACKET[COM10] sensors: status=3840, uptime=441018, filtered_accel=[-0.02148, 0.2196, -0.9926], gyro=[-2.66, 1.33, 2.31]
[12:50:05.028] RX[COM21]  03
[12:50:05.030] RX[COM21]  00 00 00 00 00 00 00 00 00 06 ba e7 00 00 00 34 00 4e
[12:50:05.039] PACKET[COM21] camera: fc_status=0, fc_uptime=0, status=0, uptime=441063, current_sense=[0.0, 0.0, 0.0], iris_battery_voltage=13.312
[12:50:05.040] BAD_PACKET[COM21] unknown packet ID 0x4e; discarded 1 byte
[12:50:05.042] RX[COM10]  01
[12:50:05.043] RX[COM10]  0b 00 00 06 bb 1e ff fd 61 00 15 41 ff 9f 42 ff d6 00 18 00 21 02 10 00 00 06 bb 1e 00 00 00 00 00 00 00 00 00 00 00 00 00 00 00 00 00 00 00 00 00 00 00 00 00 00 00 00 00 00 00 00 00 00 00 00 00 00 00 00 00 00 00 00 00 00 00 00 00 00 43 41 5a 8b 14 00 ff 01 00 00 06 bb 1e
[12:50:05.048] PACKET[COM10] sensors: status=2816, uptime=441118, filtered_accel=[-0.02684, 0.21764, -0.99064], gyro=[-2.94, 1.68, 2.31]
[12:50:05.052] PACKET[COM10] state: status=4096, uptime=441118, orientation=[0.0, 0.0, 0.0, 0.0], position=[0.0, 0.0, 0.0], velocity=[0.0, 0.0, 0.0], latitude=0.0, longitude=0.0, gps_altitude=0.0, barometric_altitude=193.353683, witness_battery_voltage=5.12
[12:50:05.055] PACKET[COM10] heartbeat: status=256, uptime=441118
[12:50:05.170] RX[COM10]  01
[12:50:05.172] RX[COM10]  0b 00 00 06 bb 82 ff fd aa 00 15 72 ff 9e ed ff d9 00 13 00 20
[12:50:05.176] PACKET[COM10] sensors: status=2816, uptime=441218, filtered_accel=[-0.02392, 0.2196, -0.99404], gyro=[-2.73, 1.33, 2.24]
[12:50:05.294] RX[COM10]  01
[12:50:05.296] RX[COM10]  0b 00 00 06 bb e6 ff fd b6 00 15 4d ff 9e e0 ff db 00 11 00 21
[12:50:05.300] PACKET[COM10] sensors: status=2816, uptime=441318, filtered_accel=[-0.02344, 0.21812, -0.99456], gyro=[-2.59, 1.19, 2.31]
[12:50:05.356] RX[COM10]  01
[12:50:05.357] RX[COM10]  0f 00 00 06 bc 4a ff fd aa 00 15 7e ff 9f 11 ff d9 00 13 00 21
[12:50:05.364] PACKET[COM10] sensors: status=3840, uptime=441418, filtered_accel=[-0.02392, 0.22008, -0.9926], gyro=[-2.73, 1.33, 2.31]
[12:50:05.481] RX[COM10]  01
[12:50:05.482] RX[COM10]  0f 00 00 06 bc ae ff fd 92 00 15 41 ff a0 2a ff d5 00 1e 00 24
[12:50:05.488] PACKET[COM10] sensors: status=3840, uptime=441518, filtered_accel=[-0.02488, 0.21764, -0.98136], gyro=[-3.01, 2.1, 2.52]
[12:50:05.543] RX[COM10]  01
[12:50:05.544] RX[COM10]  0f 00 00 06 bd 12 ff fe 00 00 15 8a ff 9e 42 ff e0 00 0b 00 21
[12:50:05.548] PACKET[COM10] sensors: status=3840, uptime=441618, filtered_accel=[-0.02048, 0.22056, -1.00088], gyro=[-2.24, 0.77, 2.31]
[12:50:05.668] RX[COM10]  01
[12:50:05.669] RX[COM10]  0f 00 00 06 bd 76 ff fd 9e 00 15 66 ff 9f 36 ff db 00 0f 00 20
[12:50:05.674] PACKET[COM10] sensors: status=3840, uptime=441718, filtered_accel=[-0.0244, 0.21912, -0.99112], gyro=[-2.59, 1.05, 2.24]
[12:50:05.793] RX[COM10]  01
[12:50:05.794] RX[COM10]  0b 00 00 06 bd da ff fd 9e 00 15 5a ff 9f 1d ff d9 00 15 00 22
[12:50:05.799] PACKET[COM10] sensors: status=2816, uptime=441818, filtered_accel=[-0.0244, 0.21864, -0.99212], gyro=[-2.73, 1.47, 2.38]
[12:50:05.855] RX[COM10]  01
[12:50:05.859] RX[COM10]  0b 00 00 06 be 3e ff fd cf 00 15 5a ff 9f 42 ff d7 00 19 00 21
[12:50:05.866] PACKET[COM10] sensors: status=2816, uptime=441918, filtered_accel=[-0.02244, 0.21864, -0.99064], gyro=[-2.87, 1.75, 2.31]
[12:50:05.980] RX[COM10]  01
[12:50:05.981] RX[COM10]  0f 00 00 06 be a2 ff fd 9e 00 15 7e ff 9e c8 ff d8 00 17 00 22
[12:50:05.985] PACKET[COM10] sensors: status=3840, uptime=442018, filtered_accel=[-0.0244, 0.22008, -0.99552], gyro=[-2.8, 1.61, 2.38]
[12:50:05.985] RX[COM21]  03
[12:50:05.986] RX[COM21]  00 00 00 00 00 00 00 00 00 06 be cf 00 00 00 34 0c 76
[12:50:05.989] PACKET[COM21] camera: fc_status=0, fc_uptime=0, status=0, uptime=442063, current_sense=[0.0, 0.0, 0.0], iris_battery_voltage=13.324
[12:50:05.989] BAD_PACKET[COM21] unknown packet ID 0x76; discarded 1 byte
[12:50:06.042] RX[COM10]  01
[12:50:06.043] RX[COM10]  0f 00 00 06 bf 06 ff fd db 00 15 97 ff 9d d4 ff d9 00 15 00 22 02 10 00 00 06 bf 06 00 00 00 00 00 00 00 00 00 00 00 00 00 00 00 00 00 00 00 00 00 00 00 00 00 00 00 00 00 00 00 00 00 00 00 00 00 00 00 00 00 00 00 00 00 00 00 00 00 00 43 41 5a 8b 13 f0 ff 00 00 00 06 bf 06
[12:50:06.049] PACKET[COM10] sensors: status=3840, uptime=442118, filtered_accel=[-0.02196, 0.22108, -1.00528], gyro=[-2.73, 1.47, 2.38]
[12:50:06.052] PACKET[COM10] state: status=4096, uptime=442118, orientation=[0.0, 0.0, 0.0, 0.0], position=[0.0, 0.0, 0.0], velocity=[0.0, 0.0, 0.0], latitude=0.0, longitude=0.0, gps_altitude=0.0, barometric_altitude=193.353683, witness_battery_voltage=5.104
[12:50:06.056] PACKET[COM10] heartbeat: status=0, uptime=442118
[12:50:06.183] RX[COM10]  01
[12:50:06.185] RX[COM10]  0f 00 00 06 bf 6a ff fd cf 00 15 a3 ff 9f 05 ff dc 00 10 00 20
[12:50:06.191] PACKET[COM10] sensors: status=3840, uptime=442218, filtered_accel=[-0.02244, 0.22156, -0.99308], gyro=[-2.52, 1.12, 2.24]
[12:50:06.244] RX[COM10]  01
[12:50:06.248] RX[COM10]  0f 00 00 06 bf ce ff fd aa 00 15 7e ff 9f 05 ff db 00 12 00 21
[12:50:06.253] PACKET[COM10] sensors: status=3840, uptime=442318, filtered_accel=[-0.02392, 0.22008, -0.99308], gyro=[-2.59, 1.26, 2.31]
[12:50:06.367] RX[COM10]  01
[12:50:06.368] RX[COM10]  0f 00 00 06 c0 32 ff fd 61 00 15 66 ff 9f 97 ff cd 00 2d 00 25
[12:50:06.373] PACKET[COM10] sensors: status=3840, uptime=442418, filtered_accel=[-0.02684, 0.21912, -0.98724], gyro=[-3.57, 3.15, 2.59]
[12:50:06.493] RX[COM10]  01
[12:50:06.495] RX[COM10]  0b 00 00 06 c0 96 ff fd 92 00 15 35 ff 9f 7f ff d1 00 23 00 25
[12:50:06.502] PACKET[COM10] sensors: status=2816, uptime=442518, filtered_accel=[-0.02488, 0.21716, -0.9882], gyro=[-3.29, 2.45, 2.59]
[12:50:06.556] RX[COM10]  01
[12:50:06.557] RX[COM10]  0b 00 00 06 c0 fa ff fd e7 00 15 7e ff 9e 42 ff de 00 0c 00 20
[12:50:06.571] PACKET[COM10] sensors: status=2816, uptime=442618, filtered_accel=[-0.02148, 0.22008, -1.00088], gyro=[-2.38, 0.84, 2.24]
[12:50:06.681] RX[COM10]  01
[12:50:06.682] RX[COM10]  0f 00 00 06 c1 5e ff fd 18 00 15 97 ff 9f 05 ff e0 00 0a 00 21
[12:50:06.690] PACKET[COM10] sensors: status=3840, uptime=442718, filtered_accel=[-0.02976, 0.22108, -0.99308], gyro=[-2.24, 0.7, 2.31]
[12:50:06.743] RX[COM10]  01
[12:50:06.745] RX[COM10]  0f 00 00 06 c1 c2 ff fd 92 00 15 41 ff 9e d4 ff de 00 0e 00 21
[12:50:06.750] PACKET[COM10] sensors: status=3840, uptime=442818, filtered_accel=[-0.02488, 0.21764, -0.99504], gyro=[-2.38, 0.98, 2.31]
[12:50:06.870] RX[COM10]  01
[12:50:06.871] RX[COM10]  0f 00 00 06 c2 26 ff fd 86 00 15 35 ff 9f 05 ff d8 00 16 00 22
[12:50:06.877] PACKET[COM10] sensors: status=3840, uptime=442918, filtered_accel=[-0.02536, 0.21716, -0.99308], gyro=[-2.8, 1.54, 2.38]
[12:50:06.994] RX[COM10]  01
[12:50:06.995] RX[COM10]  0f 00 00 06 c2 8a ff fd aa 00 15 97 ff 9e ed ff d8 00 1a 00 22
[12:50:06.999] PACKET[COM10] sensors: status=3840, uptime=443018, filtered_accel=[-0.02392, 0.22108, -0.99404], gyro=[-2.8, 1.82, 2.38]
[12:50:06.999] RX[COM21]  03
[12:50:07.000] RX[COM21]  00 00 00 00 00 00 00 00 00 06 c2 b7 00 00 00 34 5d a2
[12:50:07.003] PACKET[COM21] camera: fc_status=0, fc_uptime=0, status=0, uptime=443063, current_sense=[0.0, 0.0, 0.0], iris_battery_voltage=13.405
[12:50:07.003] BAD_PACKET[COM21] unknown packet ID 0xa2; discarded 1 byte
[12:50:07.058] RX[COM10]  01
[12:50:07.058] RX[COM10]  0f 00 00 06 c2 ee ff fd f3 00 15 bb ff 9f 73 ff dd 00 10 00 21 02 10 00 00 06 c2 ee 00 00 00 00 00 00 00 00 00 00 00 00 00 00 00 00 00 00 00 00 00 00 00 00 00 00 00 00 00 00 00 00 00 00 00 00 00 00 00 00 00 00 00 00 00 00 00 00 00 00 43 41 70 30 13 f0
[12:50:07.065] PACKET[COM10] sensors: status=3840, uptime=443118, filtered_accel=[-0.021, 0.22252, -0.98868], gyro=[-2.45, 1.12, 2.31]
[12:50:07.073] PACKET[COM10] state: status=4096, uptime=443118, orientation=[0.0, 0.0, 0.0, 0.0], position=[0.0, 0.0, 0.0], velocity=[0.0, 0.0, 0.0], latitude=0.0, longitude=0.0, gps_altitude=0.0, barometric_altitude=193.438232, witness_battery_voltage=5.104
[12:50:07.075] RX[COM10]  ff 01 00 00 06 c2 ee
[12:50:07.091] PACKET[COM10] heartbeat: status=256, uptime=443118
[12:50:07.152] RX[COM10]  01
[12:50:07.154] RX[COM10]  0b 00 00 06 c3 52 ff fe 00 00 15 a3 ff 9f 1d ff d5 00 1f 00 22
[12:50:07.158] PACKET[COM10] sensors: status=2816, uptime=443218, filtered_accel=[-0.02048, 0.22156, -0.99212], gyro=[-3.01, 2.17, 2.38]
[12:50:07.278] RX[COM10]  01
[12:50:07.279] RX[COM10]  0b 00 00 06 c3 b6 ff fd db 00 15 7e ff 9e ed ff db 00 14 00 21
[12:50:07.283] PACKET[COM10] sensors: status=2816, uptime=443318, filtered_accel=[-0.02196, 0.22008, -0.99404], gyro=[-2.59, 1.4, 2.31]
[12:50:07.342] RX[COM10]  01
[12:50:07.347] RX[COM10]  0f 00 00 06 c4 1a ff fd 61 00 15 66 ff 9f 36 ff dd 00 0b 00 1f
[12:50:07.365] PACKET[COM10] sensors: status=3840, uptime=443418, filtered_accel=[-0.02684, 0.21912, -0.99112], gyro=[-2.45, 0.77, 2.17]
[12:50:07.483] RX[COM10]  01
[12:50:07.489] RX[COM10]  0f 00 00 06 c4 7e ff fd aa 00 15 5a ff 9f 73 ff dc 00 0f 00 21
[12:50:07.494] PACKET[COM10] sensors: status=3840, uptime=443518, filtered_accel=[-0.02392, 0.21864, -0.98868], gyro=[-2.52, 1.05, 2.31]
[12:50:07.546] RX[COM10]  01
[12:50:07.547] RX[COM10]  0f 00 00 06 c4 e2 ff fd cf 00 15 72 ff 9f 11 ff d7 00 17 00 21
[12:50:07.551] PACKET[COM10] sensors: status=3840, uptime=443618, filtered_accel=[-0.02244, 0.2196, -0.9926], gyro=[-2.87, 1.61, 2.31]
[12:50:07.671] RX[COM10]  01
[12:50:07.672] RX[COM10]  0f 00 00 06 c5 46 ff fd c3 00 15 66 ff 9e f9 ff d9 00 14 00 21
[12:50:07.677] PACKET[COM10] sensors: status=3840, uptime=443718, filtered_accel=[-0.02292, 0.21912, -0.99356], gyro=[-2.73, 1.4, 2.31]
[12:50:07.796] RX[COM10]  01
[12:50:07.802] RX[COM10]  0f 00 00 06 c5 aa ff fd cf 00 15 7e ff 9e e0 ff da 00 13 00 22
[12:50:07.808] PACKET[COM10] sensors: status=3840, uptime=443818, filtered_accel=[-0.02244, 0.22008, -0.99456], gyro=[-2.66, 1.33, 2.38]
[12:50:07.860] RX[COM10]  01
[12:50:07.865] RX[COM10]  0b 00 00 06 c6 0e ff fd db 00 15 8a ff 9f 11 ff d9 00 10 00 21
[12:50:07.872] PACKET[COM10] sensors: status=2816, uptime=443918, filtered_accel=[-0.02196, 0.22056, -0.9926], gyro=[-2.73, 1.12, 2.31]
[12:50:07.986] RX[COM10]  01
[12:50:07.986] RX[COM10]  0b 00 00 06 c6 72 ff fd cf 00 15 72 ff 9f 11 ff da 00 14 00 22
[12:50:07.996] PACKET[COM10] sensors: status=2816, uptime=444018, filtered_accel=[-0.02244, 0.2196, -0.9926], gyro=[-2.66, 1.4, 2.38]
[12:50:07.998] RX[COM21]  03
[12:50:08.000] RX[COM21]  00 00 00 00 00 00 00 00 00 06 c6 9f 00 00 00 34 51 9a
[12:50:08.013] PACKET[COM21] camera: fc_status=0, fc_uptime=0, status=0, uptime=444063, current_sense=[0.0, 0.0, 0.0], iris_battery_voltage=13.393
[12:50:08.015] BAD_PACKET[COM21] unknown packet ID 0x9a; discarded 1 byte
[12:50:08.080] RX[COM10]  01
[12:50:08.081] RX[COM10]  0f 00 00 06 c6 d6 ff fd c3 00 15 5a ff 9e f9 ff db 00 11 00 21 02 10 00 00 06 c6 d6 00 00 00 00 00 00 00 00 00 00 00 00 00 00 00 00 00 00 00 00 00 00 00 00 00 00 00 00 00 00 00 00 00 00 00 00 00 00 00 00 00 00 00 00 00 00 00 00 00 00 43 41 9c 28 13 ec ff 00 00 00 06 c6 d6
[12:50:08.089] PACKET[COM10] sensors: status=3840, uptime=444118, filtered_accel=[-0.02292, 0.21864, -0.99356], gyro=[-2.59, 1.19, 2.31]
[12:50:08.092] PACKET[COM10] state: status=4096, uptime=444118, orientation=[0.0, 0.0, 0.0, 0.0], position=[0.0, 0.0, 0.0], velocity=[0.0, 0.0, 0.0], latitude=0.0, longitude=0.0, gps_altitude=0.0, barometric_altitude=193.609985, witness_battery_voltage=5.1
[12:50:08.100] PACKET[COM10] heartbeat: status=0, uptime=444118
[12:50:08.159] RX[COM10]  01
[12:50:08.160] RX[COM10]  0f 00 00 06 c7 3a ff fd cf 00 15 8a ff 9e d4 ff de 00 0c 00 20
[12:50:08.164] PACKET[COM10] sensors: status=3840, uptime=444218, filtered_accel=[-0.02244, 0.22056, -0.99504], gyro=[-2.38, 0.84, 2.24]
[12:50:08.291] RX[COM10]  01
[12:50:08.292] RX[COM10]  0f 00 00 06 c7 9e ff fd e7 00 15 97 ff 9f 1d ff da 00 13 00 21
[12:50:08.307] PACKET[COM10] sensors: status=3840, uptime=444318, filtered_accel=[-0.02148, 0.22108, -0.99212], gyro=[-2.66, 1.33, 2.31]
[12:50:08.362] RX[COM10]  01
[12:50:08.363] RX[COM10]  0f 00 00 06 c8 02 ff fd b6 00 15 5a ff 9e e0 ff d8 00 18 00 22
[12:50:08.366] PACKET[COM10] sensors: status=3840, uptime=444418, filtered_accel=[-0.02344, 0.21864, -0.99456], gyro=[-2.8, 1.68, 2.38]
[12:50:08.486] RX[COM10]  01
[12:50:08.486] RX[COM10]  0f 00 00 06 c8 66 ff fd 86 00 15 4d ff 9e d4 ff db 00 10 00 20
[12:50:08.490] PACKET[COM10] sensors: status=3840, uptime=444518, filtered_accel=[-0.02536, 0.21812, -0.99504], gyro=[-2.59, 1.12, 2.24]
[12:50:08.541] RX[COM10]  01
[12:50:08.541] RX[COM10]  0b 00 00 06 c8 ca ff fd f3 00 15 8a ff 9f 1d ff d8 00 16 00 22
[12:50:08.544] PACKET[COM10] sensors: status=2816, uptime=444618, filtered_accel=[-0.021, 0.22056, -0.99212], gyro=[-2.8, 1.54, 2.38]
[12:50:08.647] RX[COM10]  01
[12:50:08.648] RX[COM10]  0b 00 00 06 c9 2e ff fd cf 00 15 7e ff 9e f9 ff db 00 12 00 21
[12:50:08.650] PACKET[COM10] sensors: status=2816, uptime=444718, filtered_accel=[-0.02244, 0.22008, -0.99356], gyro=[-2.59, 1.26, 2.31]
[12:50:08.757] RX[COM10]  01
[12:50:08.759] RX[COM10]  0f 00 00 06 c9 92 ff fe 00 00 15 97 ff 9e f9 ff da 00 10 00 21
[12:50:08.762] PACKET[COM10] sensors: status=3840, uptime=444818, filtered_accel=[-0.02048, 0.22108, -0.99356], gyro=[-2.66, 1.12, 2.31]
[12:50:08.883] RX[COM10]  01
[12:50:08.884] RX[COM10]  0f 00 00 06 c9 f6 ff fd c3 00 15 72 ff 9e f9 ff d9 00 13 00 22
[12:50:08.888] PACKET[COM10] sensors: status=3840, uptime=444918, filtered_accel=[-0.02292, 0.2196, -0.99356], gyro=[-2.73, 1.33, 2.38]
[12:50:08.944] RX[COM10]  01
[12:50:08.945] RX[COM10]  0f 00 00 06 ca 5a ff fd e7 00 15 97 ff 9e 8b ff dc 00 0f 00 21
[12:50:08.948] PACKET[COM10] sensors: status=3840, uptime=445018, filtered_accel=[-0.02148, 0.22108, -0.99796], gyro=[-2.52, 1.05, 2.31]
[12:50:09.000] RX[COM21]  03
[12:50:09.001] RX[COM21]  00 00 00 00 00 00 00 00 00 06 ca 87 00 00 00 34 5c 0e
[12:50:09.005] PACKET[COM21] camera: fc_status=0, fc_uptime=0, status=0, uptime=445063, current_sense=[0.0, 0.0, 0.0], iris_battery_voltage=13.404
[12:50:09.005] BAD_PACKET[COM21] unknown packet ID 0x0e; discarded 1 byte
[12:50:09.056] RX[COM10]  01
[12:50:09.056] RX[COM10]  0f 00 00 06 ca be ff fd b6 00 15 8a ff 9e d4 ff dd 00 0c 00 20
[12:50:09.059] PACKET[COM10] sensors: status=3840, uptime=445118, filtered_accel=[-0.02344, 0.22056, -0.99504], gyro=[-2.45, 0.84, 2.24]
[12:50:09.059] RX[COM10]  02
[12:50:09.059] RX[COM10]  10 00 00 06 ca be 00 00 00 00 00 00 00 00 00 00 00 00 00 00 00 00 00 00 00 00 00 00 00 00 00 00 00 00 00 00 00 00 00 00 00 00 00 00 00 00 00 00 00 00 00 00 00 00 00 00 43 41 70 30 13 e4
[12:50:09.062] PACKET[COM10] state: status=4096, uptime=445118, orientation=[0.0, 0.0, 0.0, 0.0], position=[0.0, 0.0, 0.0], velocity=[0.0, 0.0, 0.0], latitude=0.0, longitude=0.0, gps_altitude=0.0, barometric_altitude=193.438232, witness_battery_voltage=5.092
[12:50:09.063] RX[COM10]  ff 01 00 00 06 ca be
[12:50:09.065] PACKET[COM10] heartbeat: status=256, uptime=445118
[12:50:09.169] RX[COM10]  01
[12:50:09.170] RX[COM10]  0b 00 00 06 cb 22 ff fd 9e 00 15 1d ff 9f 2a ff e2 00 03 00 1e
[12:50:09.172] PACKET[COM10] sensors: status=2816, uptime=445218, filtered_accel=[-0.0244, 0.2162, -0.9916], gyro=[-2.1, 0.21, 2.1]
[12:50:09.276] RX[COM10]  01
[12:50:09.276] RX[COM10]  0b 00 00 06 cb 86 ff fd e7 00 15 7e ff 9f 1d ff d6 00 1a 00 23
[12:50:09.279] PACKET[COM10] sensors: status=2816, uptime=445318, filtered_accel=[-0.02148, 0.22008, -0.99212], gyro=[-2.94, 1.82, 2.45]
[12:50:09.388] RX[COM10]  01
[12:50:09.388] RX[COM10]  0b 00 00 06 cb ea ff fd cf 00 15 8a ff 9e d4 ff d9 00 16 00 21
[12:50:09.391] PACKET[COM10] sensors: status=2816, uptime=445418, filtered_accel=[-0.02244, 0.22056, -0.99504], gyro=[-2.73, 1.54, 2.31]
[12:50:09.442] RX[COM10]  01
[12:50:09.443] RX[COM10]  0f 00 00 06 cc 4e ff fd c3 00 15 bb ff 9e f9 ff d9 00 11 00 20
[12:50:09.446] PACKET[COM10] sensors: status=3840, uptime=445518, filtered_accel=[-0.02292, 0.22252, -0.99356], gyro=[-2.73, 1.19, 2.24]
[12:50:09.551] RX[COM10]  01
[12:50:09.551] RX[COM10]  0f 00 00 06 cc b2 ff fd 9e 00 15 5a ff 9e e0 ff db 00 12 00 22
[12:50:09.554] PACKET[COM10] sensors: status=3840, uptime=445618, filtered_accel=[-0.0244, 0.21864, -0.99456], gyro=[-2.59, 1.26, 2.38]
[12:50:09.658] RX[COM10]  01
[12:50:09.658] RX[COM10]  0f 00 00 06 cd 16 ff fd 92 00 15 1d ff 9e c8 ff db 00 15 00 21
[12:50:09.661] PACKET[COM10] sensors: status=3840, uptime=445718, filtered_accel=[-0.02488, 0.2162, -0.99552], gyro=[-2.59, 1.47, 2.31]
[12:50:09.764] RX[COM10]  01
[12:50:09.764] RX[COM10]  0f 00 00 06 cd 7a ff fe 24 00 15 bb ff 9e ed ff d4 00 1f 00 23
[12:50:09.767] PACKET[COM10] sensors: status=3840, uptime=445818, filtered_accel=[-0.01904, 0.22252, -0.99404], gyro=[-3.08, 2.17, 2.45]
[12:50:09.881] RX[COM10]  01
[12:50:09.882] RX[COM10]  0b 00 00 06 cd de ff fd c3 00 15 5a ff 9e 42 ff d5 00 1e 00 23
[12:50:09.885] PACKET[COM10] sensors: status=2816, uptime=445918, filtered_accel=[-0.02292, 0.21864, -1.00088], gyro=[-3.01, 2.1, 2.45]
[12:50:09.996] RX[COM10]  01
[12:50:09.997] RX[COM10]  0b 00 00 06 ce 42 ff fd b6 00 15 41 ff 9f 1d ff e3 00 00 00 1e
[12:50:09.999] PACKET[COM10] sensors: status=2816, uptime=446018, filtered_accel=[-0.02344, 0.21764, -0.99212], gyro=[-2.03, 0.0, 2.1]
[12:50:09.999] RX[COM21]  03
[12:50:10.000] RX[COM21]  00 00 00 00 00 00 00 00 00 06 ce 6f 00 00 00 34 63 8e
[12:50:10.003] PACKET[COM21] camera: fc_status=0, fc_uptime=0, status=0, uptime=446063, current_sense=[0.0, 0.0, 0.0], iris_battery_voltage=13.411
[12:50:10.004] BAD_PACKET[COM21] unknown packet ID 0x8e; discarded 1 byte
[12:50:10.063] RX[COM10]  01
[12:50:10.066] RX[COM10]  0b 00 00 06 ce a6 ff fd c3 00 15 41 ff 9f 2a ff d8 00 17 00 22 02 10 00 00 06 ce a6 00 00 00 00 00 00 00 00 00 00 00
[12:50:10.069] PACKET[COM10] sensors: status=2816, uptime=446118, filtered_accel=[-0.02292, 0.21764, -0.9916], gyro=[-2.8, 1.61, 2.38]
[12:50:10.070] RX[COM10]  00 00 00 00 00 00 00 00 00 00 00 00 00 00 00 00 00 00 00 00 00 00 00 00 00 00 00 00 00 00 00 00 00 00 00 00 00 00 00 43 41 70 30 13 f8 ff 00 00 00 06 ce a6
[12:50:10.073] PACKET[COM10] state: status=4096, uptime=446118, orientation=[0.0, 0.0, 0.0, 0.0], position=[0.0, 0.0, 0.0], velocity=[0.0, 0.0, 0.0], latitude=0.0, longitude=0.0, gps_altitude=0.0, barometric_altitude=193.438232, witness_battery_voltage=5.112
[12:50:10.076] PACKET[COM10] heartbeat: status=0, uptime=446118
[12:50:10.189] RX[COM10]  01
[12:50:10.190] RX[COM10]  0f 00 00 06 cf 0a ff fd aa 00 15 7e ff 9e a3 ff d6 00 18 00 22
[12:50:10.195] PACKET[COM10] sensors: status=3840, uptime=446218, filtered_accel=[-0.02392, 0.22008, -0.997], gyro=[-2.94, 1.68, 2.38]
[12:50:10.253] RX[COM10]  01
[12:50:10.254] RX[COM10]  0f 00 00 06 cf 6e ff fe 49 00 15 a3 ff 9f 36 ff df 00 08 00 20
[12:50:10.256] PACKET[COM10] sensors: status=3840, uptime=446318, filtered_accel=[-0.01756, 0.22156, -0.99112], gyro=[-2.31, 0.56, 2.24]
[12:50:10.378] RX[COM10]  01
[12:50:10.382] RX[COM10]  0f 00 00 06 cf d2 ff fe 18 00 15 af ff 9f 11 ff d7 00 19 00 23
[12:50:10.385] PACKET[COM10] sensors: status=3840, uptime=446418, filtered_accel=[-0.01952, 0.22204, -0.9926], gyro=[-2.87, 1.75, 2.45]
[12:50:10.441] RX[COM10]  01
[12:50:10.442] RX[COM10]  0f 00 00 06 d0 36 ff fd f3 00 15 8a ff 9e ed ff da 00 12 00 22
[12:50:10.444] PACKET[COM10] sensors: status=3840, uptime=446518, filtered_accel=[-0.021, 0.22056, -0.99404], gyro=[-2.66, 1.26, 2.38]
[12:50:10.550] RX[COM10]  01
[12:50:10.551] RX[COM10]  0b 00 00 06 d0 9a ff fd cf 00 15 7e ff 9e e0 ff dc 00 0f 00 20
[12:50:10.554] PACKET[COM10] sensors: status=2816, uptime=446618, filtered_accel=[-0.02244, 0.22008, -0.99456], gyro=[-2.52, 1.05, 2.24]
[12:50:10.655] RX[COM10]  01
[12:50:10.656] RX[COM10]  0b 00 00 06 d0 fe ff fd c3 00 15 7e ff 9f 11 ff dc 00 10 00 20
[12:50:10.659] PACKET[COM10] sensors: status=2816, uptime=446718, filtered_accel=[-0.02292, 0.22008, -0.9926], gyro=[-2.52, 1.12, 2.24]
[12:50:10.760] RX[COM10]  01
[12:50:10.760] RX[COM10]  0b 00 00 06 d1 62 ff fd f3 00 15 97 ff 9f 05 ff d7 00 19 00 23
[12:50:10.763] PACKET[COM10] sensors: status=2816, uptime=446818, filtered_accel=[-0.021, 0.22108, -0.99308], gyro=[-2.87, 1.75, 2.45]
[12:50:10.866] RX[COM10]  01
[12:50:10.866] RX[COM10]  0f 00 00 06 d1 c6 ff fd cf 00 15 8a ff 9e e0 ff dc 00 0e 00 21
[12:50:10.869] PACKET[COM10] sensors: status=3840, uptime=446918, filtered_accel=[-0.02244, 0.22056, -0.99456], gyro=[-2.52, 0.98, 2.31]
[12:50:10.971] RX[COM10]  01
[12:50:10.972] RX[COM10]  0f 00 00 06 d2 2a ff fd 92 00 15 29 ff 9e ed ff de 00 0d 00 21
[12:50:10.975] PACKET[COM10] sensors: status=3840, uptime=447018, filtered_accel=[-0.02488, 0.21668, -0.99404], gyro=[-2.38, 0.91, 2.31]
[12:50:11.029] RX[COM21]  03
[12:50:11.030] RX[COM21]  00 00 00 00 00 00 00 00 00 06 d2 57 00 00 00 34 7c 2a
[12:50:11.033] PACKET[COM21] camera: fc_status=0, fc_uptime=0, status=0, uptime=447063, current_sense=[0.0, 0.0, 0.0], iris_battery_voltage=13.436
[12:50:11.033] BAD_PACKET[COM21] unknown packet ID 0x2a; discarded 1 byte
[12:50:11.093] RX[COM10]  01
[12:50:11.094] RX[COM10]  0f 00 00 06 d2 8e ff fe 0c 00 15 8a ff 9e d4 ff d4 00 20 00 25
[12:50:11.097] PACKET[COM10] sensors: status=3840, uptime=447118, filtered_accel=[-0.02, 0.22056, -0.99504], gyro=[-3.08, 2.24, 2.59]
[12:50:11.097] RX[COM10]  02 10 00 00 06 d2 8e 00 00 00 00 00 00 00 00 00 00 00 00 00 00 00 00 00 00 00 00 00 00 00 00 00 00 00 00 00 00 00 00 00 00 00 00 00 00 00 00 00 00 00 00 00 00 00 00 00 00 43 41 70 30 13 f8
[12:50:11.100] PACKET[COM10] state: status=4096, uptime=447118, orientation=[0.0, 0.0, 0.0, 0.0], position=[0.0, 0.0, 0.0], velocity=[0.0, 0.0, 0.0], latitude=0.0, longitude=0.0, gps_altitude=0.0, barometric_altitude=193.438232, witness_battery_voltage=5.112
[12:50:11.100] RX[COM10]  ff 01 00 00 06 d2 8e
[12:50:11.102] PACKET[COM10] heartbeat: status=256, uptime=447118
