[02:34:57.090] RX[COM9]  49
[02:34:57.090] BAD_PACKET[COM9] unknown packet ID 0x49; discarded 1 byte(s)
[02:34:57.091] RX[COM9]  20 28 31 34 35 29 20 65 73 70 5f 69 6d 61 67 65 3a 20 73 65 67 6d 65 6e 74 20 35 3a 20 70 61 64 64 72 3d 30 30 30 34 36 63 33 38 20 76 61 64 64 72 3d 35 30 30 30 30 30 30 30 20 73 69 7a 65 3d 30 30 30 32 34 68 20 28 20 20 20 20 33 36 29 20 6c 6f 61 64 0d 0a
[02:34:57.091] BAD_PACKET[COM9] unknown packet ID 0x20; discarded 1 byte(s)
[02:34:57.092] BAD_PACKET[COM9] unknown packet ID 0x28; discarded 1 byte(s)
[02:34:57.092] BAD_PACKET[COM9] unknown packet ID 0x31; discarded 1 byte(s)
[02:34:57.093] BAD_PACKET[COM9] unknown packet ID 0x34; discarded 1 byte(s)
[02:34:57.093] BAD_PACKET[COM9] unknown packet ID 0x35; discarded 1 byte(s)
[02:34:57.093] BAD_PACKET[COM9] unknown packet ID 0x29; discarded 1 byte(s)
[02:34:57.094] BAD_PACKET[COM9] unknown packet ID 0x20; discarded 1 byte(s)
[02:34:57.094] BAD_PACKET[COM9] unknown packet ID 0x65; discarded 1 byte(s)
[02:34:57.095] BAD_PACKET[COM9] unknown packet ID 0x73; discarded 1 byte(s)
[02:34:57.095] BAD_PACKET[COM9] unknown packet ID 0x70; discarded 1 byte(s)
[02:34:57.096] BAD_PACKET[COM9] unknown packet ID 0x5f; discarded 1 byte(s)
[02:34:57.096] BAD_PACKET[COM9] unknown packet ID 0x69; discarded 1 byte(s)
[02:34:57.096] BAD_PACKET[COM9] unknown packet ID 0x6d; discarded 1 byte(s)
[02:34:57.097] BAD_PACKET[COM9] unknown packet ID 0x61; discarded 1 byte(s)
[02:34:57.097] BAD_PACKET[COM9] unknown packet ID 0x67; discarded 1 byte(s)
[02:34:57.097] BAD_PACKET[COM9] unknown packet ID 0x65; discarded 1 byte(s)
[02:34:57.098] BAD_PACKET[COM9] unknown packet ID 0x3a; discarded 1 byte(s)
[02:34:57.098] BAD_PACKET[COM9] unknown packet ID 0x20; discarded 1 byte(s)
[02:34:57.098] BAD_PACKET[COM9] unknown packet ID 0x73; discarded 1 byte(s)
[02:34:57.098] BAD_PACKET[COM9] unknown packet ID 0x65; discarded 1 byte(s)
[02:34:57.099] BAD_PACKET[COM9] unknown packet ID 0x67; discarded 1 byte(s)
[02:34:57.099] BAD_PACKET[COM9] unknown packet ID 0x6d; discarded 1 byte(s)
[02:34:57.099] BAD_PACKET[COM9] unknown packet ID 0x65; discarded 1 byte(s)
[02:34:57.100] BAD_PACKET[COM9] unknown packet ID 0x6e; discarded 1 byte(s)
[02:34:57.100] BAD_PACKET[COM9] unknown packet ID 0x74; discarded 1 byte(s)
[02:34:57.100] BAD_PACKET[COM9] unknown packet ID 0x20; discarded 1 byte(s)
[02:34:57.101] BAD_PACKET[COM9] unknown packet ID 0x35; discarded 1 byte(s)
[02:34:57.101] BAD_PACKET[COM9] unknown packet ID 0x3a; discarded 1 byte(s)
[02:34:57.101] BAD_PACKET[COM9] unknown packet ID 0x20; discarded 1 byte(s)
[02:34:57.101] BAD_PACKET[COM9] unknown packet ID 0x70; discarded 1 byte(s)
[02:34:57.102] BAD_PACKET[COM9] unknown packet ID 0x61; discarded 1 byte(s)
[02:34:57.102] BAD_PACKET[COM9] unknown packet ID 0x64; discarded 1 byte(s)
[02:34:57.102] BAD_PACKET[COM9] unknown packet ID 0x64; discarded 1 byte(s)
[02:34:57.102] BAD_PACKET[COM9] unknown packet ID 0x72; discarded 1 byte(s)
[02:34:57.103] BAD_PACKET[COM9] unknown packet ID 0x3d; discarded 1 byte(s)
[02:34:57.103] BAD_PACKET[COM9] unknown packet ID 0x30; discarded 1 byte(s)
[02:34:57.103] BAD_PACKET[COM9] unknown packet ID 0x30; discarded 1 byte(s)
[02:34:57.104] BAD_PACKET[COM9] unknown packet ID 0x30; discarded 1 byte(s)
[02:34:57.104] BAD_PACKET[COM9] unknown packet ID 0x34; discarded 1 byte(s)
[02:34:57.105] BAD_PACKET[COM9] unknown packet ID 0x36; discarded 1 byte(s)
[02:34:57.106] BAD_PACKET[COM9] unknown packet ID 0x63; discarded 1 byte(s)
[02:34:57.106] BAD_PACKET[COM9] unknown packet ID 0x33; discarded 1 byte(s)
[02:34:57.106] BAD_PACKET[COM9] unknown packet ID 0x38; discarded 1 byte(s)
[02:34:57.107] BAD_PACKET[COM9] unknown packet ID 0x20; discarded 1 byte(s)
[02:34:57.107] BAD_PACKET[COM9] unknown packet ID 0x76; discarded 1 byte(s)
[02:34:57.107] BAD_PACKET[COM9] unknown packet ID 0x61; discarded 1 byte(s)
[02:34:57.107] BAD_PACKET[COM9] unknown packet ID 0x64; discarded 1 byte(s)
[02:34:57.108] BAD_PACKET[COM9] unknown packet ID 0x64; discarded 1 byte(s)
[02:34:57.108] BAD_PACKET[COM9] unknown packet ID 0x72; discarded 1 byte(s)
[02:34:57.108] BAD_PACKET[COM9] unknown packet ID 0x3d; discarded 1 byte(s)
[02:34:57.109] BAD_PACKET[COM9] unknown packet ID 0x35; discarded 1 byte(s)
[02:34:57.109] BAD_PACKET[COM9] unknown packet ID 0x30; discarded 1 byte(s)
[02:34:57.109] BAD_PACKET[COM9] unknown packet ID 0x30; discarded 1 byte(s)
[02:34:57.109] BAD_PACKET[COM9] unknown packet ID 0x30; discarded 1 byte(s)
[02:34:57.110] BAD_PACKET[COM9] unknown packet ID 0x30; discarded 1 byte(s)
[02:34:57.110] BAD_PACKET[COM9] unknown packet ID 0x30; discarded 1 byte(s)
[02:34:57.111] BAD_PACKET[COM9] unknown packet ID 0x30; discarded 1 byte(s)
[02:34:57.111] BAD_PACKET[COM9] unknown packet ID 0x30; discarded 1 byte(s)
[02:34:57.111] BAD_PACKET[COM9] unknown packet ID 0x20; discarded 1 byte(s)
[02:34:57.111] BAD_PACKET[COM9] unknown packet ID 0x73; discarded 1 byte(s)
[02:34:57.112] BAD_PACKET[COM9] unknown packet ID 0x69; discarded 1 byte(s)
[02:34:57.112] BAD_PACKET[COM9] unknown packet ID 0x7a; discarded 1 byte(s)
[02:34:57.112] BAD_PACKET[COM9] unknown packet ID 0x65; discarded 1 byte(s)
[02:34:57.112] BAD_PACKET[COM9] unknown packet ID 0x3d; discarded 1 byte(s)
[02:34:57.113] BAD_PACKET[COM9] unknown packet ID 0x30; discarded 1 byte(s)
[02:34:57.113] BAD_PACKET[COM9] unknown packet ID 0x30; discarded 1 byte(s)
[02:34:57.113] BAD_PACKET[COM9] unknown packet ID 0x30; discarded 1 byte(s)
[02:34:57.114] BAD_PACKET[COM9] unknown packet ID 0x32; discarded 1 byte(s)
[02:34:57.114] BAD_PACKET[COM9] unknown packet ID 0x34; discarded 1 byte(s)
[02:34:57.114] BAD_PACKET[COM9] unknown packet ID 0x68; discarded 1 byte(s)
[02:34:57.114] BAD_PACKET[COM9] unknown packet ID 0x20; discarded 1 byte(s)
[02:34:57.115] BAD_PACKET[COM9] unknown packet ID 0x28; discarded 1 byte(s)
[02:34:57.115] BAD_PACKET[COM9] unknown packet ID 0x20; discarded 1 byte(s)
[02:34:57.115] BAD_PACKET[COM9] unknown packet ID 0x20; discarded 1 byte(s)
[02:34:57.116] BAD_PACKET[COM9] unknown packet ID 0x20; discarded 1 byte(s)
[02:34:57.116] BAD_PACKET[COM9] unknown packet ID 0x20; discarded 1 byte(s)
[02:34:57.116] BAD_PACKET[COM9] unknown packet ID 0x33; discarded 1 byte(s)
[02:34:57.117] BAD_PACKET[COM9] unknown packet ID 0x36; discarded 1 byte(s)
[02:34:57.117] BAD_PACKET[COM9] unknown packet ID 0x29; discarded 1 byte(s)
[02:34:57.117] BAD_PACKET[COM9] unknown packet ID 0x20; discarded 1 byte(s)
[02:34:57.117] BAD_PACKET[COM9] unknown packet ID 0x6c; discarded 1 byte(s)
[02:34:57.118] BAD_PACKET[COM9] unknown packet ID 0x6f; discarded 1 byte(s)
[02:34:57.118] BAD_PACKET[COM9] unknown packet ID 0x61; discarded 1 byte(s)
[02:34:57.118] BAD_PACKET[COM9] unknown packet ID 0x64; discarded 1 byte(s)
[02:34:57.119] BAD_PACKET[COM9] unknown packet ID 0x0d; discarded 1 byte(s)
[02:34:57.119] BAD_PACKET[COM9] unknown packet ID 0x0a; discarded 1 byte(s)
[02:34:57.119] RX[COM9]  49
[02:34:57.119] BAD_PACKET[COM9] unknown packet ID 0x49; discarded 1 byte(s)
[02:34:57.121] RX[COM9]  20 28 31 35 32 29 20 62 6f 6f 74 3a 20 4c 6f 61 64 65 64 20 61 70 70 20 66 72 6f 6d 20 70 61 72 74 69 74 69 6f 6e 20 61 74 20 6f 66 66 73 65 74 20 30 78 31 30 30 30 30 0d 0a
[02:34:57.122] BAD_PACKET[COM9] unknown packet ID 0x20; discarded 1 byte(s)
[02:34:57.122] BAD_PACKET[COM9] unknown packet ID 0x28; discarded 1 byte(s)
[02:34:57.122] BAD_PACKET[COM9] unknown packet ID 0x31; discarded 1 byte(s)
[02:34:57.122] BAD_PACKET[COM9] unknown packet ID 0x35; discarded 1 byte(s)
[02:34:57.123] BAD_PACKET[COM9] unknown packet ID 0x32; discarded 1 byte(s)
[02:34:57.123] BAD_PACKET[COM9] unknown packet ID 0x29; discarded 1 byte(s)
[02:34:57.123] BAD_PACKET[COM9] unknown packet ID 0x20; discarded 1 byte(s)
[02:34:57.124] BAD_PACKET[COM9] unknown packet ID 0x62; discarded 1 byte(s)
[02:34:57.124] BAD_PACKET[COM9] unknown packet ID 0x6f; discarded 1 byte(s)
[02:34:57.124] BAD_PACKET[COM9] unknown packet ID 0x6f; discarded 1 byte(s)
[02:34:57.124] BAD_PACKET[COM9] unknown packet ID 0x74; discarded 1 byte(s)
[02:34:57.125] BAD_PACKET[COM9] unknown packet ID 0x3a; discarded 1 byte(s)
[02:34:57.125] BAD_PACKET[COM9] unknown packet ID 0x20; discarded 1 byte(s)
[02:34:57.126] BAD_PACKET[COM9] unknown packet ID 0x4c; discarded 1 byte(s)
[02:34:57.126] BAD_PACKET[COM9] unknown packet ID 0x6f; discarded 1 byte(s)
[02:34:57.126] BAD_PACKET[COM9] unknown packet ID 0x61; discarded 1 byte(s)
[02:34:57.126] BAD_PACKET[COM9] unknown packet ID 0x64; discarded 1 byte(s)
[02:34:57.127] BAD_PACKET[COM9] unknown packet ID 0x65; discarded 1 byte(s)
[02:34:57.127] BAD_PACKET[COM9] unknown packet ID 0x64; discarded 1 byte(s)
[02:34:57.127] BAD_PACKET[COM9] unknown packet ID 0x20; discarded 1 byte(s)
[02:34:57.127] BAD_PACKET[COM9] unknown packet ID 0x61; discarded 1 byte(s)
[02:34:57.128] BAD_PACKET[COM9] unknown packet ID 0x70; discarded 1 byte(s)
[02:34:57.128] BAD_PACKET[COM9] unknown packet ID 0x70; discarded 1 byte(s)
[02:34:57.128] BAD_PACKET[COM9] unknown packet ID 0x20; discarded 1 byte(s)
[02:34:57.129] BAD_PACKET[COM9] unknown packet ID 0x66; discarded 1 byte(s)
[02:34:57.129] BAD_PACKET[COM9] unknown packet ID 0x72; discarded 1 byte(s)
[02:34:57.129] BAD_PACKET[COM9] unknown packet ID 0x6f; discarded 1 byte(s)
[02:34:57.129] BAD_PACKET[COM9] unknown packet ID 0x6d; discarded 1 byte(s)
[02:34:57.130] BAD_PACKET[COM9] unknown packet ID 0x20; discarded 1 byte(s)
[02:34:57.130] BAD_PACKET[COM9] unknown packet ID 0x70; discarded 1 byte(s)
[02:34:57.130] BAD_PACKET[COM9] unknown packet ID 0x61; discarded 1 byte(s)
[02:34:57.131] BAD_PACKET[COM9] unknown packet ID 0x72; discarded 1 byte(s)
[02:34:57.131] BAD_PACKET[COM9] unknown packet ID 0x74; discarded 1 byte(s)
[02:34:57.131] BAD_PACKET[COM9] unknown packet ID 0x69; discarded 1 byte(s)
[02:34:57.132] BAD_PACKET[COM9] unknown packet ID 0x74; discarded 1 byte(s)
[02:34:57.132] BAD_PACKET[COM9] unknown packet ID 0x69; discarded 1 byte(s)
[02:34:57.132] BAD_PACKET[COM9] unknown packet ID 0x6f; discarded 1 byte(s)
[02:34:57.132] BAD_PACKET[COM9] unknown packet ID 0x6e; discarded 1 byte(s)
[02:34:57.133] BAD_PACKET[COM9] unknown packet ID 0x20; discarded 1 byte(s)
[02:34:57.133] BAD_PACKET[COM9] unknown packet ID 0x61; discarded 1 byte(s)
[02:34:57.133] BAD_PACKET[COM9] unknown packet ID 0x74; discarded 1 byte(s)
[02:34:57.133] BAD_PACKET[COM9] unknown packet ID 0x20; discarded 1 byte(s)
[02:34:57.134] BAD_PACKET[COM9] unknown packet ID 0x6f; discarded 1 byte(s)
[02:34:57.134] BAD_PACKET[COM9] unknown packet ID 0x66; discarded 1 byte(s)
[02:34:57.134] BAD_PACKET[COM9] unknown packet ID 0x66; discarded 1 byte(s)
[02:34:57.135] BAD_PACKET[COM9] unknown packet ID 0x73; discarded 1 byte(s)
[02:34:57.135] BAD_PACKET[COM9] unknown packet ID 0x65; discarded 1 byte(s)
[02:34:57.136] BAD_PACKET[COM9] unknown packet ID 0x74; discarded 1 byte(s)
[02:34:57.136] BAD_PACKET[COM9] unknown packet ID 0x20; discarded 1 byte(s)
[02:34:57.137] BAD_PACKET[COM9] unknown packet ID 0x30; discarded 1 byte(s)
[02:34:57.137] BAD_PACKET[COM9] unknown packet ID 0x78; discarded 1 byte(s)
[02:34:57.137] BAD_PACKET[COM9] unknown packet ID 0x31; discarded 1 byte(s)
[02:34:57.138] BAD_PACKET[COM9] unknown packet ID 0x30; discarded 1 byte(s)
[02:34:57.138] BAD_PACKET[COM9] unknown packet ID 0x30; discarded 1 byte(s)
[02:34:57.138] BAD_PACKET[COM9] unknown packet ID 0x30; discarded 1 byte(s)
[02:34:57.138] BAD_PACKET[COM9] unknown packet ID 0x30; discarded 1 byte(s)
[02:34:57.139] BAD_PACKET[COM9] unknown packet ID 0x0d; discarded 1 byte(s)
[02:34:57.139] BAD_PACKET[COM9] unknown packet ID 0x0a; discarded 1 byte(s)
[02:34:57.139] RX[COM9]  49 20 28 31 35 32 29 20 62 6f 6f 74 3a 20 44 69 73 61 62 6c 69 6e 67 20 52 4e 47 20 65 61 72 6c 79 20 65 6e 74 72 6f 70 79 20 73 6f 75 72 63 65 2e 2e 2e 0d 0a
[02:34:57.140] BAD_PACKET[COM9] unknown packet ID 0x49; discarded 1 byte(s)
[02:34:57.140] BAD_PACKET[COM9] unknown packet ID 0x20; discarded 1 byte(s)
[02:34:57.140] BAD_PACKET[COM9] unknown packet ID 0x28; discarded 1 byte(s)
[02:34:57.140] BAD_PACKET[COM9] unknown packet ID 0x31; discarded 1 byte(s)
[02:34:57.141] BAD_PACKET[COM9] unknown packet ID 0x35; discarded 1 byte(s)
[02:34:57.141] BAD_PACKET[COM9] unknown packet ID 0x32; discarded 1 byte(s)
[02:34:57.141] BAD_PACKET[COM9] unknown packet ID 0x29; discarded 1 byte(s)
[02:34:57.142] BAD_PACKET[COM9] unknown packet ID 0x20; discarded 1 byte(s)
[02:34:57.142] BAD_PACKET[COM9] unknown packet ID 0x62; discarded 1 byte(s)
[02:34:57.142] BAD_PACKET[COM9] unknown packet ID 0x6f; discarded 1 byte(s)
[02:34:57.142] BAD_PACKET[COM9] unknown packet ID 0x6f; discarded 1 byte(s)
[02:34:57.143] BAD_PACKET[COM9] unknown packet ID 0x74; discarded 1 byte(s)
[02:34:57.143] BAD_PACKET[COM9] unknown packet ID 0x3a; discarded 1 byte(s)
[02:34:57.143] BAD_PACKET[COM9] unknown packet ID 0x20; discarded 1 byte(s)
[02:34:57.143] BAD_PACKET[COM9] unknown packet ID 0x44; discarded 1 byte(s)
[02:34:57.144] BAD_PACKET[COM9] unknown packet ID 0x69; discarded 1 byte(s)
[02:34:57.144] BAD_PACKET[COM9] unknown packet ID 0x73; discarded 1 byte(s)
[02:34:57.144] BAD_PACKET[COM9] unknown packet ID 0x61; discarded 1 byte(s)
[02:34:57.145] BAD_PACKET[COM9] unknown packet ID 0x62; discarded 1 byte(s)
[02:34:57.145] BAD_PACKET[COM9] unknown packet ID 0x6c; discarded 1 byte(s)
[02:34:57.145] BAD_PACKET[COM9] unknown packet ID 0x69; discarded 1 byte(s)
[02:34:57.145] BAD_PACKET[COM9] unknown packet ID 0x6e; discarded 1 byte(s)
[02:34:57.146] BAD_PACKET[COM9] unknown packet ID 0x67; discarded 1 byte(s)
[02:34:57.146] BAD_PACKET[COM9] unknown packet ID 0x20; discarded 1 byte(s)
[02:34:57.146] BAD_PACKET[COM9] unknown packet ID 0x52; discarded 1 byte(s)
[02:34:57.146] BAD_PACKET[COM9] unknown packet ID 0x4e; discarded 1 byte(s)
[02:34:57.147] BAD_PACKET[COM9] unknown packet ID 0x47; discarded 1 byte(s)
[02:34:57.147] BAD_PACKET[COM9] unknown packet ID 0x20; discarded 1 byte(s)
[02:34:57.147] BAD_PACKET[COM9] unknown packet ID 0x65; discarded 1 byte(s)
[02:34:57.148] BAD_PACKET[COM9] unknown packet ID 0x61; discarded 1 byte(s)
[02:34:57.148] BAD_PACKET[COM9] unknown packet ID 0x72; discarded 1 byte(s)
[02:34:57.148] BAD_PACKET[COM9] unknown packet ID 0x6c; discarded 1 byte(s)
[02:34:57.148] BAD_PACKET[COM9] unknown packet ID 0x79; discarded 1 byte(s)
[02:34:57.149] BAD_PACKET[COM9] unknown packet ID 0x20; discarded 1 byte(s)
[02:34:57.149] BAD_PACKET[COM9] unknown packet ID 0x65; discarded 1 byte(s)
[02:34:57.150] BAD_PACKET[COM9] unknown packet ID 0x6e; discarded 1 byte(s)
[02:34:57.150] BAD_PACKET[COM9] unknown packet ID 0x74; discarded 1 byte(s)
[02:34:57.151] BAD_PACKET[COM9] unknown packet ID 0x72; discarded 1 byte(s)
[02:34:57.152] BAD_PACKET[COM9] unknown packet ID 0x6f; discarded 1 byte(s)
[02:34:57.153] BAD_PACKET[COM9] unknown packet ID 0x70; discarded 1 byte(s)
[02:34:57.153] BAD_PACKET[COM9] unknown packet ID 0x79; discarded 1 byte(s)
[02:34:57.153] BAD_PACKET[COM9] unknown packet ID 0x20; discarded 1 byte(s)
[02:34:57.154] BAD_PACKET[COM9] unknown packet ID 0x73; discarded 1 byte(s)
[02:34:57.154] BAD_PACKET[COM9] unknown packet ID 0x6f; discarded 1 byte(s)
[02:34:57.154] BAD_PACKET[COM9] unknown packet ID 0x75; discarded 1 byte(s)
[02:34:57.155] BAD_PACKET[COM9] unknown packet ID 0x72; discarded 1 byte(s)
[02:34:57.155] BAD_PACKET[COM9] unknown packet ID 0x63; discarded 1 byte(s)
[02:34:57.155] BAD_PACKET[COM9] unknown packet ID 0x65; discarded 1 byte(s)
[02:34:57.156] BAD_PACKET[COM9] unknown packet ID 0x2e; discarded 1 byte(s)
[02:34:57.156] BAD_PACKET[COM9] unknown packet ID 0x2e; discarded 1 byte(s)
[02:34:57.156] BAD_PACKET[COM9] unknown packet ID 0x2e; discarded 1 byte(s)
[02:34:57.157] BAD_PACKET[COM9] unknown packet ID 0x0d; discarded 1 byte(s)
[02:34:57.157] BAD_PACKET[COM9] unknown packet ID 0x0a; discarded 1 byte(s)
[02:34:57.157] RX[COM9]  49
[02:34:57.157] BAD_PACKET[COM9] unknown packet ID 0x49; discarded 1 byte(s)
[02:34:57.158] RX[COM9]  20 28 31 36 33 29 20 63 70 75 5f 73 74 61 72 74 3a 20 4d 75 6c 74 69 63 6f 72 65 20 61 70 70 0d 0a
[02:34:57.158] BAD_PACKET[COM9] unknown packet ID 0x20; discarded 1 byte(s)
[02:34:57.158] BAD_PACKET[COM9] unknown packet ID 0x28; discarded 1 byte(s)
[02:34:57.159] BAD_PACKET[COM9] unknown packet ID 0x31; discarded 1 byte(s)
[02:34:57.159] BAD_PACKET[COM9] unknown packet ID 0x36; discarded 1 byte(s)
[02:34:57.159] BAD_PACKET[COM9] unknown packet ID 0x33; discarded 1 byte(s)
[02:34:57.159] BAD_PACKET[COM9] unknown packet ID 0x29; discarded 1 byte(s)
[02:34:57.160] BAD_PACKET[COM9] unknown packet ID 0x20; discarded 1 byte(s)
[02:34:57.160] BAD_PACKET[COM9] unknown packet ID 0x63; discarded 1 byte(s)
[02:34:57.160] BAD_PACKET[COM9] unknown packet ID 0x70; discarded 1 byte(s)
[02:34:57.161] BAD_PACKET[COM9] unknown packet ID 0x75; discarded 1 byte(s)
[02:34:57.161] BAD_PACKET[COM9] unknown packet ID 0x5f; discarded 1 byte(s)
[02:34:57.161] BAD_PACKET[COM9] unknown packet ID 0x73; discarded 1 byte(s)
[02:34:57.161] BAD_PACKET[COM9] unknown packet ID 0x74; discarded 1 byte(s)
[02:34:57.162] BAD_PACKET[COM9] unknown packet ID 0x61; discarded 1 byte(s)
[02:34:57.162] BAD_PACKET[COM9] unknown packet ID 0x72; discarded 1 byte(s)
[02:34:57.163] BAD_PACKET[COM9] unknown packet ID 0x74; discarded 1 byte(s)
[02:34:57.163] BAD_PACKET[COM9] unknown packet ID 0x3a; discarded 1 byte(s)
[02:34:57.163] BAD_PACKET[COM9] unknown packet ID 0x20; discarded 1 byte(s)
[02:34:57.163] BAD_PACKET[COM9] unknown packet ID 0x4d; discarded 1 byte(s)
[02:34:57.164] BAD_PACKET[COM9] unknown packet ID 0x75; discarded 1 byte(s)
[02:34:57.164] BAD_PACKET[COM9] unknown packet ID 0x6c; discarded 1 byte(s)
[02:34:57.164] BAD_PACKET[COM9] unknown packet ID 0x74; discarded 1 byte(s)
[02:34:57.164] BAD_PACKET[COM9] unknown packet ID 0x69; discarded 1 byte(s)
[02:34:57.165] BAD_PACKET[COM9] unknown packet ID 0x63; discarded 1 byte(s)
[02:34:57.165] BAD_PACKET[COM9] unknown packet ID 0x6f; discarded 1 byte(s)
[02:34:57.165] BAD_PACKET[COM9] unknown packet ID 0x72; discarded 1 byte(s)
[02:34:57.166] BAD_PACKET[COM9] unknown packet ID 0x65; discarded 1 byte(s)
[02:34:57.166] BAD_PACKET[COM9] unknown packet ID 0x20; discarded 1 byte(s)
[02:34:57.166] BAD_PACKET[COM9] unknown packet ID 0x61; discarded 1 byte(s)
[02:34:57.166] BAD_PACKET[COM9] unknown packet ID 0x70; discarded 1 byte(s)
[02:34:57.167] BAD_PACKET[COM9] unknown packet ID 0x70; discarded 1 byte(s)
[02:34:57.167] BAD_PACKET[COM9] unknown packet ID 0x0d; discarded 1 byte(s)
[02:34:57.167] BAD_PACKET[COM9] unknown packet ID 0x0a; discarded 1 byte(s)
[02:34:57.167] RX[COM9]  49
[02:34:57.168] BAD_PACKET[COM9] unknown packet ID 0x49; discarded 1 byte(s)
[02:34:57.168] RX[COM9]  20 28 31 37 31 29 20 63 70 75 5f 73 74 61 72 74 3a 20 47 50 49 4f 20 34 34 20 61 6e 64 20 34 33 20 61 72 65 20 75 73 65 64 20 61 73 20 63 6f 6e 73 6f 6c 65 20 55 41 52 54 20 49 2f 4f 20 70 69 6e 73 0d 0a
[02:34:57.168] BAD_PACKET[COM9] unknown packet ID 0x20; discarded 1 byte(s)
[02:34:57.169] BAD_PACKET[COM9] unknown packet ID 0x28; discarded 1 byte(s)
[02:34:57.169] BAD_PACKET[COM9] unknown packet ID 0x31; discarded 1 byte(s)
[02:34:57.169] BAD_PACKET[COM9] unknown packet ID 0x37; discarded 1 byte(s)
[02:34:57.169] BAD_PACKET[COM9] unknown packet ID 0x31; discarded 1 byte(s)
[02:34:57.170] BAD_PACKET[COM9] unknown packet ID 0x29; discarded 1 byte(s)
[02:34:57.170] BAD_PACKET[COM9] unknown packet ID 0x20; discarded 1 byte(s)
[02:34:57.170] BAD_PACKET[COM9] unknown packet ID 0x63; discarded 1 byte(s)
[02:34:57.171] BAD_PACKET[COM9] unknown packet ID 0x70; discarded 1 byte(s)
[02:34:57.171] BAD_PACKET[COM9] unknown packet ID 0x75; discarded 1 byte(s)
[02:34:57.171] BAD_PACKET[COM9] unknown packet ID 0x5f; discarded 1 byte(s)
[02:34:57.171] BAD_PACKET[COM9] unknown packet ID 0x73; discarded 1 byte(s)
[02:34:57.172] BAD_PACKET[COM9] unknown packet ID 0x74; discarded 1 byte(s)
[02:34:57.172] BAD_PACKET[COM9] unknown packet ID 0x61; discarded 1 byte(s)
[02:34:57.172] BAD_PACKET[COM9] unknown packet ID 0x72; discarded 1 byte(s)
[02:34:57.172] BAD_PACKET[COM9] unknown packet ID 0x74; discarded 1 byte(s)
[02:34:57.173] BAD_PACKET[COM9] unknown packet ID 0x3a; discarded 1 byte(s)
[02:34:57.173] BAD_PACKET[COM9] unknown packet ID 0x20; discarded 1 byte(s)
[02:34:57.174] BAD_PACKET[COM9] unknown packet ID 0x47; discarded 1 byte(s)
[02:34:57.174] BAD_PACKET[COM9] unknown packet ID 0x50; discarded 1 byte(s)
[02:34:57.174] BAD_PACKET[COM9] unknown packet ID 0x49; discarded 1 byte(s)
[02:34:57.174] BAD_PACKET[COM9] unknown packet ID 0x4f; discarded 1 byte(s)
[02:34:57.175] BAD_PACKET[COM9] unknown packet ID 0x20; discarded 1 byte(s)
[02:34:57.175] BAD_PACKET[COM9] unknown packet ID 0x34; discarded 1 byte(s)
[02:34:57.175] BAD_PACKET[COM9] unknown packet ID 0x34; discarded 1 byte(s)
[02:34:57.176] BAD_PACKET[COM9] unknown packet ID 0x20; discarded 1 byte(s)
[02:34:57.176] BAD_PACKET[COM9] unknown packet ID 0x61; discarded 1 byte(s)
[02:34:57.176] BAD_PACKET[COM9] unknown packet ID 0x6e; discarded 1 byte(s)
[02:34:57.176] BAD_PACKET[COM9] unknown packet ID 0x64; discarded 1 byte(s)
[02:34:57.177] BAD_PACKET[COM9] unknown packet ID 0x20; discarded 1 byte(s)
[02:34:57.177] BAD_PACKET[COM9] unknown packet ID 0x34; discarded 1 byte(s)
[02:34:57.177] BAD_PACKET[COM9] unknown packet ID 0x33; discarded 1 byte(s)
[02:34:57.177] BAD_PACKET[COM9] unknown packet ID 0x20; discarded 1 byte(s)
[02:34:57.178] BAD_PACKET[COM9] unknown packet ID 0x61; discarded 1 byte(s)
[02:34:57.178] BAD_PACKET[COM9] unknown packet ID 0x72; discarded 1 byte(s)
[02:34:57.178] BAD_PACKET[COM9] unknown packet ID 0x65; discarded 1 byte(s)
[02:34:57.179] BAD_PACKET[COM9] unknown packet ID 0x20; discarded 1 byte(s)
[02:34:57.179] BAD_PACKET[COM9] unknown packet ID 0x75; discarded 1 byte(s)
[02:34:57.179] BAD_PACKET[COM9] unknown packet ID 0x73; discarded 1 byte(s)
[02:34:57.179] BAD_PACKET[COM9] unknown packet ID 0x65; discarded 1 byte(s)
[02:34:57.180] BAD_PACKET[COM9] unknown packet ID 0x64; discarded 1 byte(s)
[02:34:57.180] BAD_PACKET[COM9] unknown packet ID 0x20; discarded 1 byte(s)
[02:34:57.180] BAD_PACKET[COM9] unknown packet ID 0x61; discarded 1 byte(s)
[02:34:57.181] BAD_PACKET[COM9] unknown packet ID 0x73; discarded 1 byte(s)
[02:34:57.181] BAD_PACKET[COM9] unknown packet ID 0x20; discarded 1 byte(s)
[02:34:57.181] BAD_PACKET[COM9] unknown packet ID 0x63; discarded 1 byte(s)
[02:34:57.181] BAD_PACKET[COM9] unknown packet ID 0x6f; discarded 1 byte(s)
[02:34:57.182] BAD_PACKET[COM9] unknown packet ID 0x6e; discarded 1 byte(s)
[02:34:57.182] BAD_PACKET[COM9] unknown packet ID 0x73; discarded 1 byte(s)
[02:34:57.182] BAD_PACKET[COM9] unknown packet ID 0x6f; discarded 1 byte(s)
[02:34:57.182] BAD_PACKET[COM9] unknown packet ID 0x6c; discarded 1 byte(s)
[02:34:57.183] BAD_PACKET[COM9] unknown packet ID 0x65; discarded 1 byte(s)
[02:34:57.183] BAD_PACKET[COM9] unknown packet ID 0x20; discarded 1 byte(s)
[02:34:57.183] BAD_PACKET[COM9] unknown packet ID 0x55; discarded 1 byte(s)
[02:34:57.184] BAD_PACKET[COM9] unknown packet ID 0x41; discarded 1 byte(s)
[02:34:57.184] BAD_PACKET[COM9] unknown packet ID 0x52; discarded 1 byte(s)
[02:34:57.184] BAD_PACKET[COM9] unknown packet ID 0x54; discarded 1 byte(s)
[02:34:57.184] BAD_PACKET[COM9] unknown packet ID 0x20; discarded 1 byte(s)
[02:34:57.185] BAD_PACKET[COM9] unknown packet ID 0x49; discarded 1 byte(s)
[02:34:57.185] BAD_PACKET[COM9] unknown packet ID 0x2f; discarded 1 byte(s)
[02:34:57.185] BAD_PACKET[COM9] unknown packet ID 0x4f; discarded 1 byte(s)
[02:34:57.185] BAD_PACKET[COM9] unknown packet ID 0x20; discarded 1 byte(s)
[02:34:57.186] BAD_PACKET[COM9] unknown packet ID 0x70; discarded 1 byte(s)
[02:34:57.186] BAD_PACKET[COM9] unknown packet ID 0x69; discarded 1 byte(s)
[02:34:57.186] BAD_PACKET[COM9] unknown packet ID 0x6e; discarded 1 byte(s)
[02:34:57.187] BAD_PACKET[COM9] unknown packet ID 0x73; discarded 1 byte(s)
[02:34:57.187] BAD_PACKET[COM9] unknown packet ID 0x0d; discarded 1 byte(s)
[02:34:57.187] BAD_PACKET[COM9] unknown packet ID 0x0a; discarded 1 byte(s)
[02:34:57.187] RX[COM9]  49
[02:34:57.188] BAD_PACKET[COM9] unknown packet ID 0x49; discarded 1 byte(s)
[02:34:57.188] RX[COM9]  20 28 31 37 32 29 20 63 70 75 5f 73 74 61 72 74 3a 20 50 72 6f 20 63 70 75 20 73 74 61 72 74 20 75 73 65 72 20 63 6f 64 65 0d 0a
[02:34:57.188] BAD_PACKET[COM9] unknown packet ID 0x20; discarded 1 byte(s)
[02:34:57.189] BAD_PACKET[COM9] unknown packet ID 0x28; discarded 1 byte(s)
[02:34:57.189] BAD_PACKET[COM9] unknown packet ID 0x31; discarded 1 byte(s)
[02:34:57.189] BAD_PACKET[COM9] unknown packet ID 0x37; discarded 1 byte(s)
[02:34:57.189] BAD_PACKET[COM9] unknown packet ID 0x32; discarded 1 byte(s)
[02:34:57.190] BAD_PACKET[COM9] unknown packet ID 0x29; discarded 1 byte(s)
[02:34:57.190] BAD_PACKET[COM9] unknown packet ID 0x20; discarded 1 byte(s)
[02:34:57.190] BAD_PACKET[COM9] unknown packet ID 0x63; discarded 1 byte(s)
[02:34:57.191] BAD_PACKET[COM9] unknown packet ID 0x70; discarded 1 byte(s)
[02:34:57.191] BAD_PACKET[COM9] unknown packet ID 0x75; discarded 1 byte(s)
[02:34:57.191] BAD_PACKET[COM9] unknown packet ID 0x5f; discarded 1 byte(s)
[02:34:57.192] BAD_PACKET[COM9] unknown packet ID 0x73; discarded 1 byte(s)
[02:34:57.192] BAD_PACKET[COM9] unknown packet ID 0x74; discarded 1 byte(s)
[02:34:57.192] BAD_PACKET[COM9] unknown packet ID 0x61; discarded 1 byte(s)
[02:34:57.193] BAD_PACKET[COM9] unknown packet ID 0x72; discarded 1 byte(s)
[02:34:57.193] BAD_PACKET[COM9] unknown packet ID 0x74; discarded 1 byte(s)
[02:34:57.193] BAD_PACKET[COM9] unknown packet ID 0x3a; discarded 1 byte(s)
[02:34:57.193] BAD_PACKET[COM9] unknown packet ID 0x20; discarded 1 byte(s)
[02:34:57.194] BAD_PACKET[COM9] unknown packet ID 0x50; discarded 1 byte(s)
[02:34:57.194] BAD_PACKET[COM9] unknown packet ID 0x72; discarded 1 byte(s)
[02:34:57.194] BAD_PACKET[COM9] unknown packet ID 0x6f; discarded 1 byte(s)
[02:34:57.195] BAD_PACKET[COM9] unknown packet ID 0x20; discarded 1 byte(s)
[02:34:57.195] BAD_PACKET[COM9] unknown packet ID 0x63; discarded 1 byte(s)
[02:34:57.195] BAD_PACKET[COM9] unknown packet ID 0x70; discarded 1 byte(s)
[02:34:57.195] BAD_PACKET[COM9] unknown packet ID 0x75; discarded 1 byte(s)
[02:34:57.196] BAD_PACKET[COM9] unknown packet ID 0x20; discarded 1 byte(s)
[02:34:57.196] BAD_PACKET[COM9] unknown packet ID 0x73; discarded 1 byte(s)
[02:34:57.196] BAD_PACKET[COM9] unknown packet ID 0x74; discarded 1 byte(s)
[02:34:57.197] BAD_PACKET[COM9] unknown packet ID 0x61; discarded 1 byte(s)
[02:34:57.197] BAD_PACKET[COM9] unknown packet ID 0x72; discarded 1 byte(s)
[02:34:57.197] BAD_PACKET[COM9] unknown packet ID 0x74; discarded 1 byte(s)
[02:34:57.197] BAD_PACKET[COM9] unknown packet ID 0x20; discarded 1 byte(s)
[02:34:57.198] BAD_PACKET[COM9] unknown packet ID 0x75; discarded 1 byte(s)
[02:34:57.198] BAD_PACKET[COM9] unknown packet ID 0x73; discarded 1 byte(s)
[02:34:57.199] BAD_PACKET[COM9] unknown packet ID 0x65; discarded 1 byte(s)
[02:34:57.199] BAD_PACKET[COM9] unknown packet ID 0x72; discarded 1 byte(s)
[02:34:57.199] BAD_PACKET[COM9] unknown packet ID 0x20; discarded 1 byte(s)
[02:34:57.200] BAD_PACKET[COM9] unknown packet ID 0x63; discarded 1 byte(s)
[02:34:57.200] BAD_PACKET[COM9] unknown packet ID 0x6f; discarded 1 byte(s)
[02:34:57.200] BAD_PACKET[COM9] unknown packet ID 0x64; discarded 1 byte(s)
[02:34:57.201] BAD_PACKET[COM9] unknown packet ID 0x65; discarded 1 byte(s)
[02:34:57.201] BAD_PACKET[COM9] unknown packet ID 0x0d; discarded 1 byte(s)
[02:34:57.201] BAD_PACKET[COM9] unknown packet ID 0x0a; discarded 1 byte(s)
[02:34:57.201] RX[COM9]  49
[02:34:57.202] BAD_PACKET[COM9] unknown packet ID 0x49; discarded 1 byte(s)
[02:34:57.202] RX[COM9]  20 28 31 37 32 29 20 63 70 75 5f 73 74 61 72 74 3a 20 63 70 75 20 66 72 65 71 3a 20 31 36 30 30 30 30 30 30 30 20 48 7a 0d 0a
[02:34:57.202] BAD_PACKET[COM9] unknown packet ID 0x20; discarded 1 byte(s)
[02:34:57.203] BAD_PACKET[COM9] unknown packet ID 0x28; discarded 1 byte(s)
[02:34:57.203] BAD_PACKET[COM9] unknown packet ID 0x31; discarded 1 byte(s)
[02:34:57.203] BAD_PACKET[COM9] unknown packet ID 0x37; discarded 1 byte(s)
[02:34:57.203] BAD_PACKET[COM9] unknown packet ID 0x32; discarded 1 byte(s)
[02:34:57.204] BAD_PACKET[COM9] unknown packet ID 0x29; discarded 1 byte(s)
[02:34:57.204] BAD_PACKET[COM9] unknown packet ID 0x20; discarded 1 byte(s)
[02:34:57.204] BAD_PACKET[COM9] unknown packet ID 0x63; discarded 1 byte(s)
[02:34:57.204] BAD_PACKET[COM9] unknown packet ID 0x70; discarded 1 byte(s)
[02:34:57.205] BAD_PACKET[COM9] unknown packet ID 0x75; discarded 1 byte(s)
[02:34:57.205] BAD_PACKET[COM9] unknown packet ID 0x5f; discarded 1 byte(s)
[02:34:57.205] BAD_PACKET[COM9] unknown packet ID 0x73; discarded 1 byte(s)
[02:34:57.206] BAD_PACKET[COM9] unknown packet ID 0x74; discarded 1 byte(s)
[02:34:57.206] BAD_PACKET[COM9] unknown packet ID 0x61; discarded 1 byte(s)
[02:34:57.206] BAD_PACKET[COM9] unknown packet ID 0x72; discarded 1 byte(s)
[02:34:57.206] BAD_PACKET[COM9] unknown packet ID 0x74; discarded 1 byte(s)
[02:34:57.207] BAD_PACKET[COM9] unknown packet ID 0x3a; discarded 1 byte(s)
[02:34:57.207] BAD_PACKET[COM9] unknown packet ID 0x20; discarded 1 byte(s)
[02:34:57.207] BAD_PACKET[COM9] unknown packet ID 0x63; discarded 1 byte(s)
[02:34:57.208] BAD_PACKET[COM9] unknown packet ID 0x70; discarded 1 byte(s)
[02:34:57.208] BAD_PACKET[COM9] unknown packet ID 0x75; discarded 1 byte(s)
[02:34:57.208] BAD_PACKET[COM9] unknown packet ID 0x20; discarded 1 byte(s)
[02:34:57.209] BAD_PACKET[COM9] unknown packet ID 0x66; discarded 1 byte(s)
[02:34:57.209] BAD_PACKET[COM9] unknown packet ID 0x72; discarded 1 byte(s)
[02:34:57.209] BAD_PACKET[COM9] unknown packet ID 0x65; discarded 1 byte(s)
[02:34:57.209] BAD_PACKET[COM9] unknown packet ID 0x71; discarded 1 byte(s)
[02:34:57.210] BAD_PACKET[COM9] unknown packet ID 0x3a; discarded 1 byte(s)
[02:34:57.210] BAD_PACKET[COM9] unknown packet ID 0x20; discarded 1 byte(s)
[02:34:57.210] BAD_PACKET[COM9] unknown packet ID 0x31; discarded 1 byte(s)
[02:34:57.211] BAD_PACKET[COM9] unknown packet ID 0x36; discarded 1 byte(s)
[02:34:57.211] BAD_PACKET[COM9] unknown packet ID 0x30; discarded 1 byte(s)
[02:34:57.211] BAD_PACKET[COM9] unknown packet ID 0x30; discarded 1 byte(s)
[02:34:57.211] BAD_PACKET[COM9] unknown packet ID 0x30; discarded 1 byte(s)
[02:34:57.212] BAD_PACKET[COM9] unknown packet ID 0x30; discarded 1 byte(s)
[02:34:57.212] BAD_PACKET[COM9] unknown packet ID 0x30; discarded 1 byte(s)
[02:34:57.212] BAD_PACKET[COM9] unknown packet ID 0x30; discarded 1 byte(s)
[02:34:57.213] BAD_PACKET[COM9] unknown packet ID 0x30; discarded 1 byte(s)
[02:34:57.213] BAD_PACKET[COM9] unknown packet ID 0x20; discarded 1 byte(s)
[02:34:57.213] BAD_PACKET[COM9] unknown packet ID 0x48; discarded 1 byte(s)
[02:34:57.213] BAD_PACKET[COM9] unknown packet ID 0x7a; discarded 1 byte(s)
[02:34:57.214] BAD_PACKET[COM9] unknown packet ID 0x0d; discarded 1 byte(s)
[02:34:57.214] BAD_PACKET[COM9] unknown packet ID 0x0a; discarded 1 byte(s)
[02:34:57.214] RX[COM9]  49
[02:34:57.214] BAD_PACKET[COM9] unknown packet ID 0x49; discarded 1 byte(s)
[02:34:57.215] RX[COM9]  20 28 31 37 34 29 20 61 70 70 5f 69 6e 69 74 3a 20 41 70 70 6c 69 63 61 74 69 6f 6e 20 69 6e 66 6f 72 6d 61 74 69 6f 6e 3a 0d 0a
[02:34:57.215] BAD_PACKET[COM9] unknown packet ID 0x20; discarded 1 byte(s)
[02:34:57.215] BAD_PACKET[COM9] unknown packet ID 0x28; discarded 1 byte(s)
[02:34:57.216] BAD_PACKET[COM9] unknown packet ID 0x31; discarded 1 byte(s)
[02:34:57.216] BAD_PACKET[COM9] unknown packet ID 0x37; discarded 1 byte(s)
[02:34:57.216] BAD_PACKET[COM9] unknown packet ID 0x34; discarded 1 byte(s)
[02:34:57.216] BAD_PACKET[COM9] unknown packet ID 0x29; discarded 1 byte(s)
[02:34:57.217] BAD_PACKET[COM9] unknown packet ID 0x20; discarded 1 byte(s)
[02:34:57.217] BAD_PACKET[COM9] unknown packet ID 0x61; discarded 1 byte(s)
[02:34:57.217] BAD_PACKET[COM9] unknown packet ID 0x70; discarded 1 byte(s)
[02:34:57.218] BAD_PACKET[COM9] unknown packet ID 0x70; discarded 1 byte(s)
[02:34:57.218] BAD_PACKET[COM9] unknown packet ID 0x5f; discarded 1 byte(s)
[02:34:57.218] BAD_PACKET[COM9] unknown packet ID 0x69; discarded 1 byte(s)
[02:34:57.218] BAD_PACKET[COM9] unknown packet ID 0x6e; discarded 1 byte(s)
[02:34:57.219] BAD_PACKET[COM9] unknown packet ID 0x69; discarded 1 byte(s)
[02:34:57.219] BAD_PACKET[COM9] unknown packet ID 0x74; discarded 1 byte(s)
[02:34:57.219] BAD_PACKET[COM9] unknown packet ID 0x3a; discarded 1 byte(s)
[02:34:57.220] BAD_PACKET[COM9] unknown packet ID 0x20; discarded 1 byte(s)
[02:34:57.220] BAD_PACKET[COM9] unknown packet ID 0x41; discarded 1 byte(s)
[02:34:57.220] BAD_PACKET[COM9] unknown packet ID 0x70; discarded 1 byte(s)
[02:34:57.220] BAD_PACKET[COM9] unknown packet ID 0x70; discarded 1 byte(s)
[02:34:57.221] BAD_PACKET[COM9] unknown packet ID 0x6c; discarded 1 byte(s)
[02:34:57.221] BAD_PACKET[COM9] unknown packet ID 0x69; discarded 1 byte(s)
[02:34:57.221] BAD_PACKET[COM9] unknown packet ID 0x63; discarded 1 byte(s)
[02:34:57.221] BAD_PACKET[COM9] unknown packet ID 0x61; discarded 1 byte(s)
[02:34:57.222] BAD_PACKET[COM9] unknown packet ID 0x74; discarded 1 byte(s)
[02:34:57.222] BAD_PACKET[COM9] unknown packet ID 0x69; discarded 1 byte(s)
[02:34:57.222] BAD_PACKET[COM9] unknown packet ID 0x6f; discarded 1 byte(s)
[02:34:57.223] BAD_PACKET[COM9] unknown packet ID 0x6e; discarded 1 byte(s)
[02:34:57.223] BAD_PACKET[COM9] unknown packet ID 0x20; discarded 1 byte(s)
[02:34:57.223] BAD_PACKET[COM9] unknown packet ID 0x69; discarded 1 byte(s)
[02:34:57.223] BAD_PACKET[COM9] unknown packet ID 0x6e; discarded 1 byte(s)
[02:34:57.224] BAD_PACKET[COM9] unknown packet ID 0x66; discarded 1 byte(s)
[02:34:57.224] BAD_PACKET[COM9] unknown packet ID 0x6f; discarded 1 byte(s)
[02:34:57.224] BAD_PACKET[COM9] unknown packet ID 0x72; discarded 1 byte(s)
[02:34:57.224] BAD_PACKET[COM9] unknown packet ID 0x6d; discarded 1 byte(s)
[02:34:57.225] BAD_PACKET[COM9] unknown packet ID 0x61; discarded 1 byte(s)
[02:34:57.225] BAD_PACKET[COM9] unknown packet ID 0x74; discarded 1 byte(s)
[02:34:57.225] BAD_PACKET[COM9] unknown packet ID 0x69; discarded 1 byte(s)
[02:34:57.226] BAD_PACKET[COM9] unknown packet ID 0x6f; discarded 1 byte(s)
[02:34:57.226] BAD_PACKET[COM9] unknown packet ID 0x6e; discarded 1 byte(s)
[02:34:57.226] BAD_PACKET[COM9] unknown packet ID 0x3a; discarded 1 byte(s)
[02:34:57.227] BAD_PACKET[COM9] unknown packet ID 0x0d; discarded 1 byte(s)
[02:34:57.227] BAD_PACKET[COM9] unknown packet ID 0x0a; discarded 1 byte(s)
[02:34:57.227] RX[TCP_prs2026hitl_7100]  44 65 76 69 63 65 20 6f 70 65 6e 20 66 61 69 6c 75 72 65 3a 20 56 61 6c 75 65 20 6f 72 20 66 69 6c 65 20 6e 6f 74 20 66 6f 75 6e 64 0d 0a
[02:34:57.228] BAD_PACKET[TCP_prs2026hitl_7100] unknown packet ID 0x44; discarded 1 byte(s)
[02:34:57.228] BAD_PACKET[TCP_prs2026hitl_7100] unknown packet ID 0x65; discarded 1 byte(s)
[02:34:57.231] BAD_PACKET[TCP_prs2026hitl_7100] unknown packet ID 0x76; discarded 1 byte(s)
[02:34:57.234] BAD_PACKET[TCP_prs2026hitl_7100] unknown packet ID 0x69; discarded 1 byte(s)
[02:34:57.236] BAD_PACKET[TCP_prs2026hitl_7100] unknown packet ID 0x63; discarded 1 byte(s)
[02:34:57.238] BAD_PACKET[TCP_prs2026hitl_7100] unknown packet ID 0x65; discarded 1 byte(s)
[02:34:57.240] BAD_PACKET[TCP_prs2026hitl_7100] unknown packet ID 0x20; discarded 1 byte(s)
[02:34:57.242] BAD_PACKET[TCP_prs2026hitl_7100] unknown packet ID 0x6f; discarded 1 byte(s)
[02:34:57.246] BAD_PACKET[TCP_prs2026hitl_7100] unknown packet ID 0x70; discarded 1 byte(s)
[02:34:57.248] BAD_PACKET[TCP_prs2026hitl_7100] unknown packet ID 0x65; discarded 1 byte(s)
[02:34:57.250] BAD_PACKET[TCP_prs2026hitl_7100] unknown packet ID 0x6e; discarded 1 byte(s)
[02:34:57.251] BAD_PACKET[TCP_prs2026hitl_7100] unknown packet ID 0x20; discarded 1 byte(s)
[02:34:57.256] BAD_PACKET[TCP_prs2026hitl_7100] unknown packet ID 0x66; discarded 1 byte(s)
[02:34:57.258] BAD_PACKET[TCP_prs2026hitl_7100] unknown packet ID 0x61; discarded 1 byte(s)
[02:34:57.259] BAD_PACKET[TCP_prs2026hitl_7100] unknown packet ID 0x69; discarded 1 byte(s)
[02:34:57.261] BAD_PACKET[TCP_prs2026hitl_7100] unknown packet ID 0x6c; discarded 1 byte(s)
[02:34:57.263] BAD_PACKET[TCP_prs2026hitl_7100] unknown packet ID 0x75; discarded 1 byte(s)
[02:34:57.264] BAD_PACKET[TCP_prs2026hitl_7100] unknown packet ID 0x72; discarded 1 byte(s)
[02:34:57.266] BAD_PACKET[TCP_prs2026hitl_7100] unknown packet ID 0x65; discarded 1 byte(s)
[02:34:57.268] BAD_PACKET[TCP_prs2026hitl_7100] unknown packet ID 0x3a; discarded 1 byte(s)
[02:34:57.269] BAD_PACKET[TCP_prs2026hitl_7100] unknown packet ID 0x20; discarded 1 byte(s)
[02:34:57.270] BAD_PACKET[TCP_prs2026hitl_7100] unknown packet ID 0x56; discarded 1 byte(s)
[02:34:57.272] BAD_PACKET[TCP_prs2026hitl_7100] unknown packet ID 0x61; discarded 1 byte(s)
[02:34:57.273] BAD_PACKET[TCP_prs2026hitl_7100] unknown packet ID 0x6c; discarded 1 byte(s)
[02:34:57.274] BAD_PACKET[TCP_prs2026hitl_7100] unknown packet ID 0x75; discarded 1 byte(s)
[02:34:57.274] BAD_PACKET[TCP_prs2026hitl_7100] unknown packet ID 0x65; discarded 1 byte(s)
[02:34:57.274] BAD_PACKET[TCP_prs2026hitl_7100] unknown packet ID 0x20; discarded 1 byte(s)
[02:34:57.275] BAD_PACKET[TCP_prs2026hitl_7100] unknown packet ID 0x6f; discarded 1 byte(s)
[02:34:57.275] BAD_PACKET[TCP_prs2026hitl_7100] unknown packet ID 0x72; discarded 1 byte(s)
[02:34:57.275] BAD_PACKET[TCP_prs2026hitl_7100] unknown packet ID 0x20; discarded 1 byte(s)
[02:34:57.275] BAD_PACKET[TCP_prs2026hitl_7100] unknown packet ID 0x66; discarded 1 byte(s)
[02:34:57.276] BAD_PACKET[TCP_prs2026hitl_7100] unknown packet ID 0x69; discarded 1 byte(s)
[02:34:57.276] BAD_PACKET[TCP_prs2026hitl_7100] unknown packet ID 0x6c; discarded 1 byte(s)
[02:34:57.277] BAD_PACKET[TCP_prs2026hitl_7100] unknown packet ID 0x65; discarded 1 byte(s)
[02:34:57.277] BAD_PACKET[TCP_prs2026hitl_7100] unknown packet ID 0x20; discarded 1 byte(s)
[02:34:57.277] BAD_PACKET[TCP_prs2026hitl_7100] unknown packet ID 0x6e; discarded 1 byte(s)
[02:34:57.278] BAD_PACKET[TCP_prs2026hitl_7100] unknown packet ID 0x6f; discarded 1 byte(s)
[02:34:57.278] BAD_PACKET[TCP_prs2026hitl_7100] unknown packet ID 0x74; discarded 1 byte(s)
[02:34:57.278] BAD_PACKET[TCP_prs2026hitl_7100] unknown packet ID 0x20; discarded 1 byte(s)
[02:34:57.279] BAD_PACKET[TCP_prs2026hitl_7100] unknown packet ID 0x66; discarded 1 byte(s)
[02:34:57.279] BAD_PACKET[TCP_prs2026hitl_7100] unknown packet ID 0x6f; discarded 1 byte(s)
[02:34:57.279] BAD_PACKET[TCP_prs2026hitl_7100] unknown packet ID 0x75; discarded 1 byte(s)
[02:34:57.279] BAD_PACKET[TCP_prs2026hitl_7100] unknown packet ID 0x6e; discarded 1 byte(s)
[02:34:57.280] BAD_PACKET[TCP_prs2026hitl_7100] unknown packet ID 0x64; discarded 1 byte(s)
[02:34:57.280] BAD_PACKET[TCP_prs2026hitl_7100] unknown packet ID 0x0d; discarded 1 byte(s)
[02:34:57.280] BAD_PACKET[TCP_prs2026hitl_7100] unknown packet ID 0x0a; discarded 1 byte(s)
[02:34:57.281] ERROR[TCP_prs2026hitl_7100] TCP server closed the connection
[02:34:57.281] RX[COM9]  49
[02:34:57.281] BAD_PACKET[COM9] unknown packet ID 0x49; discarded 1 byte(s)
[02:34:57.281] RX[COM9]  20 28 31 37 38 29 20 61 70 70 5f 69 6e 69 74 3a 20 50 72 6f 6a 65 63 74 20 6e 61 6d 65 3a 20 20 20 20 20 73 6f 66 74 77 61 72 65 61 74 74 65 6d 70 74 32 0d 0a
[02:34:57.282] BAD_PACKET[COM9] unknown packet ID 0x20; discarded 1 byte(s)
[02:34:57.282] BAD_PACKET[COM9] unknown packet ID 0x28; discarded 1 byte(s)
[02:34:57.282] BAD_PACKET[COM9] unknown packet ID 0x31; discarded 1 byte(s)
[02:34:57.283] BAD_PACKET[COM9] unknown packet ID 0x37; discarded 1 byte(s)
[02:34:57.283] BAD_PACKET[COM9] unknown packet ID 0x38; discarded 1 byte(s)
[02:34:57.283] BAD_PACKET[COM9] unknown packet ID 0x29; discarded 1 byte(s)
[02:34:57.283] BAD_PACKET[COM9] unknown packet ID 0x20; discarded 1 byte(s)
[02:34:57.284] BAD_PACKET[COM9] unknown packet ID 0x61; discarded 1 byte(s)
[02:34:57.284] BAD_PACKET[COM9] unknown packet ID 0x70; discarded 1 byte(s)
[02:34:57.284] BAD_PACKET[COM9] unknown packet ID 0x70; discarded 1 byte(s)
[02:34:57.284] BAD_PACKET[COM9] unknown packet ID 0x5f; discarded 1 byte(s)
[02:34:57.285] BAD_PACKET[COM9] unknown packet ID 0x69; discarded 1 byte(s)
[02:34:57.285] BAD_PACKET[COM9] unknown packet ID 0x6e; discarded 1 byte(s)
[02:34:57.285] BAD_PACKET[COM9] unknown packet ID 0x69; discarded 1 byte(s)
[02:34:57.286] BAD_PACKET[COM9] unknown packet ID 0x74; discarded 1 byte(s)
[02:34:57.286] BAD_PACKET[COM9] unknown packet ID 0x3a; discarded 1 byte(s)
[02:34:57.286] BAD_PACKET[COM9] unknown packet ID 0x20; discarded 1 byte(s)
[02:34:57.286] BAD_PACKET[COM9] unknown packet ID 0x50; discarded 1 byte(s)
[02:34:57.287] BAD_PACKET[COM9] unknown packet ID 0x72; discarded 1 byte(s)
[02:34:57.287] BAD_PACKET[COM9] unknown packet ID 0x6f; discarded 1 byte(s)
[02:34:57.287] BAD_PACKET[COM9] unknown packet ID 0x6a; discarded 1 byte(s)
[02:34:57.288] BAD_PACKET[COM9] unknown packet ID 0x65; discarded 1 byte(s)
[02:34:57.288] BAD_PACKET[COM9] unknown packet ID 0x63; discarded 1 byte(s)
[02:34:57.288] BAD_PACKET[COM9] unknown packet ID 0x74; discarded 1 byte(s)
[02:34:57.288] BAD_PACKET[COM9] unknown packet ID 0x20; discarded 1 byte(s)
[02:34:57.289] BAD_PACKET[COM9] unknown packet ID 0x6e; discarded 1 byte(s)
[02:34:57.289] BAD_PACKET[COM9] unknown packet ID 0x61; discarded 1 byte(s)
[02:34:57.289] BAD_PACKET[COM9] unknown packet ID 0x6d; discarded 1 byte(s)
[02:34:57.290] BAD_PACKET[COM9] unknown packet ID 0x65; discarded 1 byte(s)
[02:34:57.290] BAD_PACKET[COM9] unknown packet ID 0x3a; discarded 1 byte(s)
[02:34:57.290] BAD_PACKET[COM9] unknown packet ID 0x20; discarded 1 byte(s)
[02:34:57.290] BAD_PACKET[COM9] unknown packet ID 0x20; discarded 1 byte(s)
[02:34:57.291] BAD_PACKET[COM9] unknown packet ID 0x20; discarded 1 byte(s)
[02:34:57.291] BAD_PACKET[COM9] unknown packet ID 0x20; discarded 1 byte(s)
[02:34:57.291] BAD_PACKET[COM9] unknown packet ID 0x20; discarded 1 byte(s)
[02:34:57.291] BAD_PACKET[COM9] unknown packet ID 0x73; discarded 1 byte(s)
[02:34:57.292] BAD_PACKET[COM9] unknown packet ID 0x6f; discarded 1 byte(s)
[02:34:57.292] BAD_PACKET[COM9] unknown packet ID 0x66; discarded 1 byte(s)
[02:34:57.293] BAD_PACKET[COM9] unknown packet ID 0x74; discarded 1 byte(s)
[02:34:57.293] BAD_PACKET[COM9] unknown packet ID 0x77; discarded 1 byte(s)
[02:34:57.294] BAD_PACKET[COM9] unknown packet ID 0x61; discarded 1 byte(s)
[02:34:57.294] BAD_PACKET[COM9] unknown packet ID 0x72; discarded 1 byte(s)
[02:34:57.294] BAD_PACKET[COM9] unknown packet ID 0x65; discarded 1 byte(s)
[02:34:57.294] BAD_PACKET[COM9] unknown packet ID 0x61; discarded 1 byte(s)
[02:34:57.295] BAD_PACKET[COM9] unknown packet ID 0x74; discarded 1 byte(s)
[02:34:57.295] BAD_PACKET[COM9] unknown packet ID 0x74; discarded 1 byte(s)
[02:34:57.295] BAD_PACKET[COM9] unknown packet ID 0x65; discarded 1 byte(s)
[02:34:57.296] BAD_PACKET[COM9] unknown packet ID 0x6d; discarded 1 byte(s)
[02:34:57.296] BAD_PACKET[COM9] unknown packet ID 0x70; discarded 1 byte(s)
[02:34:57.296] BAD_PACKET[COM9] unknown packet ID 0x74; discarded 1 byte(s)
[02:34:57.297] BAD_PACKET[COM9] unknown packet ID 0x32; discarded 1 byte(s)
[02:34:57.297] BAD_PACKET[COM9] unknown packet ID 0x0d; discarded 1 byte(s)
[02:34:57.298] BAD_PACKET[COM9] unknown packet ID 0x0a; discarded 1 byte(s)
[02:34:57.298] RX[COM10]  01
[02:34:57.298] RX[COM10]  6f 00 00 01 47 60 00 02 7a 00 03 6e ff 9c 35 ff d5 00 15 00 28 0a
[02:34:57.299] PACKET[COM10] sensors: status=0b0110111100000000, uptime=83808, filtered_accel=[0.02536, 0.03512, -1.02188], gyro=[-3.01, 1.47, 2.8]
[02:34:57.299] RX[COM9]  49
[02:34:57.300] BAD_PACKET[COM9] unknown packet ID 0x49; discarded 1 byte(s)
[02:34:57.300] RX[COM9]  20 28 31 38 32 29 20 61 70 70 5f 69 6e 69 74 3a 20 41 70 70 20 76 65 72 73 69 6f 6e 3a 20 20 20 20 20 20 35 65 38 31 36 65 63 2d 64 69 72 74 79 0d 0a
[02:34:57.300] BAD_PACKET[COM9] unknown packet ID 0x20; discarded 1 byte(s)
[02:34:57.301] BAD_PACKET[COM9] unknown packet ID 0x28; discarded 1 byte(s)
[02:34:57.301] BAD_PACKET[COM9] unknown packet ID 0x31; discarded 1 byte(s)
[02:34:57.301] BAD_PACKET[COM9] unknown packet ID 0x38; discarded 1 byte(s)
[02:34:57.301] BAD_PACKET[COM9] unknown packet ID 0x32; discarded 1 byte(s)
[02:34:57.302] BAD_PACKET[COM9] unknown packet ID 0x29; discarded 1 byte(s)
[02:34:57.302] BAD_PACKET[COM9] unknown packet ID 0x20; discarded 1 byte(s)
[02:34:57.302] BAD_PACKET[COM9] unknown packet ID 0x61; discarded 1 byte(s)
[02:34:57.303] BAD_PACKET[COM9] unknown packet ID 0x70; discarded 1 byte(s)
[02:34:57.303] BAD_PACKET[COM9] unknown packet ID 0x70; discarded 1 byte(s)
[02:34:57.303] BAD_PACKET[COM9] unknown packet ID 0x5f; discarded 1 byte(s)
[02:34:57.304] BAD_PACKET[COM9] unknown packet ID 0x69; discarded 1 byte(s)
[02:34:57.304] BAD_PACKET[COM9] unknown packet ID 0x6e; discarded 1 byte(s)
[02:34:57.304] BAD_PACKET[COM9] unknown packet ID 0x69; discarded 1 byte(s)
[02:34:57.304] BAD_PACKET[COM9] unknown packet ID 0x74; discarded 1 byte(s)
[02:34:57.305] BAD_PACKET[COM9] unknown packet ID 0x3a; discarded 1 byte(s)
[02:34:57.305] BAD_PACKET[COM9] unknown packet ID 0x20; discarded 1 byte(s)
[02:34:57.305] BAD_PACKET[COM9] unknown packet ID 0x41; discarded 1 byte(s)
[02:34:57.306] BAD_PACKET[COM9] unknown packet ID 0x70; discarded 1 byte(s)
[02:34:57.306] BAD_PACKET[COM9] unknown packet ID 0x70; discarded 1 byte(s)
[02:34:57.306] BAD_PACKET[COM9] unknown packet ID 0x20; discarded 1 byte(s)
[02:34:57.306] BAD_PACKET[COM9] unknown packet ID 0x76; discarded 1 byte(s)
[02:34:57.307] BAD_PACKET[COM9] unknown packet ID 0x65; discarded 1 byte(s)
[02:34:57.307] BAD_PACKET[COM9] unknown packet ID 0x72; discarded 1 byte(s)
[02:34:57.307] BAD_PACKET[COM9] unknown packet ID 0x73; discarded 1 byte(s)
[02:34:57.308] BAD_PACKET[COM9] unknown packet ID 0x69; discarded 1 byte(s)
[02:34:57.308] BAD_PACKET[COM9] unknown packet ID 0x6f; discarded 1 byte(s)
[02:34:57.308] BAD_PACKET[COM9] unknown packet ID 0x6e; discarded 1 byte(s)
[02:34:57.309] BAD_PACKET[COM9] unknown packet ID 0x3a; discarded 1 byte(s)
[02:34:57.309] BAD_PACKET[COM9] unknown packet ID 0x20; discarded 1 byte(s)
[02:34:57.309] BAD_PACKET[COM9] unknown packet ID 0x20; discarded 1 byte(s)
[02:34:57.310] BAD_PACKET[COM9] unknown packet ID 0x20; discarded 1 byte(s)
[02:34:57.310] BAD_PACKET[COM9] unknown packet ID 0x20; discarded 1 byte(s)
[02:34:57.310] BAD_PACKET[COM9] unknown packet ID 0x20; discarded 1 byte(s)
[02:34:57.310] BAD_PACKET[COM9] unknown packet ID 0x20; discarded 1 byte(s)
[02:34:57.311] BAD_PACKET[COM9] unknown packet ID 0x35; discarded 1 byte(s)
[02:34:57.311] BAD_PACKET[COM9] unknown packet ID 0x65; discarded 1 byte(s)
[02:34:57.311] BAD_PACKET[COM9] unknown packet ID 0x38; discarded 1 byte(s)
[02:34:57.311] BAD_PACKET[COM9] unknown packet ID 0x31; discarded 1 byte(s)
[02:34:57.312] BAD_PACKET[COM9] unknown packet ID 0x36; discarded 1 byte(s)
[02:34:57.312] BAD_PACKET[COM9] unknown packet ID 0x65; discarded 1 byte(s)
[02:34:57.312] BAD_PACKET[COM9] unknown packet ID 0x63; discarded 1 byte(s)
[02:34:57.313] BAD_PACKET[COM9] unknown packet ID 0x2d; discarded 1 byte(s)
[02:34:57.313] BAD_PACKET[COM9] unknown packet ID 0x64; discarded 1 byte(s)
[02:34:57.313] BAD_PACKET[COM9] unknown packet ID 0x69; discarded 1 byte(s)
[02:34:57.313] BAD_PACKET[COM9] unknown packet ID 0x72; discarded 1 byte(s)
[02:34:57.314] BAD_PACKET[COM9] unknown packet ID 0x74; discarded 1 byte(s)
[02:34:57.314] BAD_PACKET[COM9] unknown packet ID 0x79; discarded 1 byte(s)
[02:34:57.314] BAD_PACKET[COM9] unknown packet ID 0x0d; discarded 1 byte(s)
[02:34:57.315] BAD_PACKET[COM9] unknown packet ID 0x0a; discarded 1 byte(s)
[02:34:57.315] RX[COM9]  49
[02:34:57.315] BAD_PACKET[COM9] unknown packet ID 0x49; discarded 1 byte(s)
[02:34:57.315] RX[COM9]  20 28 31 38 37 29 20 61 70 70 5f 69 6e 69 74 3a 20 43 6f 6d 70 69 6c 65 20 74 69 6d 65 3a 20 20 20 20 20 53 65 70 20 32 30 20 32 30 32 36 20 32 33 3a 31 31 3a 33 37 0d 0a
[02:34:57.316] BAD_PACKET[COM9] unknown packet ID 0x20; discarded 1 byte(s)
[02:34:57.316] BAD_PACKET[COM9] unknown packet ID 0x28; discarded 1 byte(s)
[02:34:57.316] BAD_PACKET[COM9] unknown packet ID 0x31; discarded 1 byte(s)
[02:34:57.317] BAD_PACKET[COM9] unknown packet ID 0x38; discarded 1 byte(s)
[02:34:57.317] BAD_PACKET[COM9] unknown packet ID 0x37; discarded 1 byte(s)
[02:34:57.317] BAD_PACKET[COM9] unknown packet ID 0x29; discarded 1 byte(s)
[02:34:57.317] BAD_PACKET[COM9] unknown packet ID 0x20; discarded 1 byte(s)
[02:34:57.318] BAD_PACKET[COM9] unknown packet ID 0x61; discarded 1 byte(s)
[02:34:57.318] BAD_PACKET[COM9] unknown packet ID 0x70; discarded 1 byte(s)
[02:34:57.318] BAD_PACKET[COM9] unknown packet ID 0x70; discarded 1 byte(s)
[02:34:57.319] BAD_PACKET[COM9] unknown packet ID 0x5f; discarded 1 byte(s)
[02:34:57.319] BAD_PACKET[COM9] unknown packet ID 0x69; discarded 1 byte(s)
[02:34:57.319] BAD_PACKET[COM9] unknown packet ID 0x6e; discarded 1 byte(s)
[02:34:57.319] BAD_PACKET[COM9] unknown packet ID 0x69; discarded 1 byte(s)
[02:34:57.320] BAD_PACKET[COM9] unknown packet ID 0x74; discarded 1 byte(s)
[02:34:57.320] BAD_PACKET[COM9] unknown packet ID 0x3a; discarded 1 byte(s)
[02:34:57.320] BAD_PACKET[COM9] unknown packet ID 0x20; discarded 1 byte(s)
[02:34:57.320] BAD_PACKET[COM9] unknown packet ID 0x43; discarded 1 byte(s)
[02:34:57.321] BAD_PACKET[COM9] unknown packet ID 0x6f; discarded 1 byte(s)
[02:34:57.321] BAD_PACKET[COM9] unknown packet ID 0x6d; discarded 1 byte(s)
[02:34:57.321] BAD_PACKET[COM9] unknown packet ID 0x70; discarded 1 byte(s)
[02:34:57.322] BAD_PACKET[COM9] unknown packet ID 0x69; discarded 1 byte(s)
[02:34:57.322] BAD_PACKET[COM9] unknown packet ID 0x6c; discarded 1 byte(s)
[02:34:57.322] BAD_PACKET[COM9] unknown packet ID 0x65; discarded 1 byte(s)
[02:34:57.322] BAD_PACKET[COM9] unknown packet ID 0x20; discarded 1 byte(s)
[02:34:57.323] BAD_PACKET[COM9] unknown packet ID 0x74; discarded 1 byte(s)
[02:34:57.323] BAD_PACKET[COM9] unknown packet ID 0x69; discarded 1 byte(s)
[02:34:57.323] BAD_PACKET[COM9] unknown packet ID 0x6d; discarded 1 byte(s)
[02:34:57.324] BAD_PACKET[COM9] unknown packet ID 0x65; discarded 1 byte(s)
[02:34:57.324] BAD_PACKET[COM9] unknown packet ID 0x3a; discarded 1 byte(s)
[02:34:57.325] BAD_PACKET[COM9] unknown packet ID 0x20; discarded 1 byte(s)
[02:34:57.325] BAD_PACKET[COM9] unknown packet ID 0x20; discarded 1 byte(s)
[02:34:57.326] BAD_PACKET[COM9] unknown packet ID 0x20; discarded 1 byte(s)
[02:34:57.326] BAD_PACKET[COM9] unknown packet ID 0x20; discarded 1 byte(s)
[02:34:57.326] BAD_PACKET[COM9] unknown packet ID 0x20; discarded 1 byte(s)
[02:34:57.327] BAD_PACKET[COM9] unknown packet ID 0x53; discarded 1 byte(s)
[02:34:57.327] BAD_PACKET[COM9] unknown packet ID 0x65; discarded 1 byte(s)
[02:34:57.328] BAD_PACKET[COM9] unknown packet ID 0x70; discarded 1 byte(s)
[02:34:57.328] BAD_PACKET[COM9] unknown packet ID 0x20; discarded 1 byte(s)
[02:34:57.329] BAD_PACKET[COM9] unknown packet ID 0x32; discarded 1 byte(s)
[02:34:57.329] BAD_PACKET[COM9] unknown packet ID 0x30; discarded 1 byte(s)
[02:34:57.329] BAD_PACKET[COM9] unknown packet ID 0x20; discarded 1 byte(s)
[02:34:57.330] BAD_PACKET[COM9] unknown packet ID 0x32; discarded 1 byte(s)
[02:34:57.330] BAD_PACKET[COM9] unknown packet ID 0x30; discarded 1 byte(s)
[02:34:57.330] BAD_PACKET[COM9] unknown packet ID 0x32; discarded 1 byte(s)
[02:34:57.331] BAD_PACKET[COM9] unknown packet ID 0x36; discarded 1 byte(s)
[02:34:57.331] BAD_PACKET[COM9] unknown packet ID 0x20; discarded 1 byte(s)
[02:34:57.331] BAD_PACKET[COM9] unknown packet ID 0x32; discarded 1 byte(s)
[02:34:57.332] BAD_PACKET[COM9] unknown packet ID 0x33; discarded 1 byte(s)
[02:34:57.332] BAD_PACKET[COM9] unknown packet ID 0x3a; discarded 1 byte(s)
[02:34:57.332] BAD_PACKET[COM9] unknown packet ID 0x31; discarded 1 byte(s)
[02:34:57.332] BAD_PACKET[COM9] unknown packet ID 0x31; discarded 1 byte(s)
[02:34:57.333] BAD_PACKET[COM9] unknown packet ID 0x3a; discarded 1 byte(s)
[02:34:57.333] BAD_PACKET[COM9] unknown packet ID 0x33; discarded 1 byte(s)
[02:34:57.333] BAD_PACKET[COM9] unknown packet ID 0x37; discarded 1 byte(s)
[02:34:57.333] BAD_PACKET[COM9] unknown packet ID 0x0d; discarded 1 byte(s)
[02:34:57.334] BAD_PACKET[COM9] unknown packet ID 0x0a; discarded 1 byte(s)
[02:34:57.334] RX[COM9]  49
[02:34:57.334] BAD_PACKET[COM9] unknown packet ID 0x49; discarded 1 byte(s)
[02:34:57.335] RX[COM9]  20 28 31 39 32 29 20 61 70 70 5f 69 6e 69 74 3a 20 45 4c 46 20 66 69 6c 65 20 53 48 41 32 35 36 3a 20 20 32 63 30 36 38 33 65 30 63 2e 2e 2e 0d 0a
[02:34:57.335] BAD_PACKET[COM9] unknown packet ID 0x20; discarded 1 byte(s)
[02:34:57.335] BAD_PACKET[COM9] unknown packet ID 0x28; discarded 1 byte(s)
[02:34:57.335] BAD_PACKET[COM9] unknown packet ID 0x31; discarded 1 byte(s)
[02:34:57.336] BAD_PACKET[COM9] unknown packet ID 0x39; discarded 1 byte(s)
[02:34:57.336] BAD_PACKET[COM9] unknown packet ID 0x32; discarded 1 byte(s)
[02:34:57.336] BAD_PACKET[COM9] unknown packet ID 0x29; discarded 1 byte(s)
[02:34:57.337] BAD_PACKET[COM9] unknown packet ID 0x20; discarded 1 byte(s)
[02:34:57.337] BAD_PACKET[COM9] unknown packet ID 0x61; discarded 1 byte(s)
[02:34:57.337] BAD_PACKET[COM9] unknown packet ID 0x70; discarded 1 byte(s)
[02:34:57.337] BAD_PACKET[COM9] unknown packet ID 0x70; discarded 1 byte(s)
[02:34:57.338] BAD_PACKET[COM9] unknown packet ID 0x5f; discarded 1 byte(s)
[02:34:57.338] BAD_PACKET[COM9] unknown packet ID 0x69; discarded 1 byte(s)
[02:34:57.338] BAD_PACKET[COM9] unknown packet ID 0x6e; discarded 1 byte(s)
[02:34:57.338] BAD_PACKET[COM9] unknown packet ID 0x69; discarded 1 byte(s)
[02:34:57.339] BAD_PACKET[COM9] unknown packet ID 0x74; discarded 1 byte(s)
[02:34:57.339] BAD_PACKET[COM9] unknown packet ID 0x3a; discarded 1 byte(s)
[02:34:57.339] BAD_PACKET[COM9] unknown packet ID 0x20; discarded 1 byte(s)
[02:34:57.341] BAD_PACKET[COM9] unknown packet ID 0x45; discarded 1 byte(s)
[02:34:57.342] BAD_PACKET[COM9] unknown packet ID 0x4c; discarded 1 byte(s)
[02:34:57.343] BAD_PACKET[COM9] unknown packet ID 0x46; discarded 1 byte(s)
[02:34:57.343] BAD_PACKET[COM9] unknown packet ID 0x20; discarded 1 byte(s)
[02:34:57.343] BAD_PACKET[COM9] unknown packet ID 0x66; discarded 1 byte(s)
[02:34:57.344] BAD_PACKET[COM9] unknown packet ID 0x69; discarded 1 byte(s)
[02:34:57.344] BAD_PACKET[COM9] unknown packet ID 0x6c; discarded 1 byte(s)
[02:34:57.344] BAD_PACKET[COM9] unknown packet ID 0x65; discarded 1 byte(s)
[02:34:57.345] BAD_PACKET[COM9] unknown packet ID 0x20; discarded 1 byte(s)
[02:34:57.345] BAD_PACKET[COM9] unknown packet ID 0x53; discarded 1 byte(s)
[02:34:57.345] BAD_PACKET[COM9] unknown packet ID 0x48; discarded 1 byte(s)
[02:34:57.345] BAD_PACKET[COM9] unknown packet ID 0x41; discarded 1 byte(s)
[02:34:57.346] BAD_PACKET[COM9] unknown packet ID 0x32; discarded 1 byte(s)
[02:34:57.346] BAD_PACKET[COM9] unknown packet ID 0x35; discarded 1 byte(s)
[02:34:57.346] BAD_PACKET[COM9] unknown packet ID 0x36; discarded 1 byte(s)
[02:34:57.346] BAD_PACKET[COM9] unknown packet ID 0x3a; discarded 1 byte(s)
[02:34:57.347] BAD_PACKET[COM9] unknown packet ID 0x20; discarded 1 byte(s)
[02:34:57.347] BAD_PACKET[COM9] unknown packet ID 0x20; discarded 1 byte(s)
[02:34:57.347] BAD_PACKET[COM9] unknown packet ID 0x32; discarded 1 byte(s)
[02:34:57.348] BAD_PACKET[COM9] unknown packet ID 0x63; discarded 1 byte(s)
[02:34:57.348] BAD_PACKET[COM9] unknown packet ID 0x30; discarded 1 byte(s)
[02:34:57.348] BAD_PACKET[COM9] unknown packet ID 0x36; discarded 1 byte(s)
[02:34:57.348] BAD_PACKET[COM9] unknown packet ID 0x38; discarded 1 byte(s)
[02:34:57.349] BAD_PACKET[COM9] unknown packet ID 0x33; discarded 1 byte(s)
[02:34:57.349] BAD_PACKET[COM9] unknown packet ID 0x65; discarded 1 byte(s)
[02:34:57.349] BAD_PACKET[COM9] unknown packet ID 0x30; discarded 1 byte(s)
[02:34:57.349] BAD_PACKET[COM9] unknown packet ID 0x63; discarded 1 byte(s)
[02:34:57.350] BAD_PACKET[COM9] unknown packet ID 0x2e; discarded 1 byte(s)
[02:34:57.350] BAD_PACKET[COM9] unknown packet ID 0x2e; discarded 1 byte(s)
[02:34:57.350] BAD_PACKET[COM9] unknown packet ID 0x2e; discarded 1 byte(s)
[02:34:57.351] BAD_PACKET[COM9] unknown packet ID 0x0d; discarded 1 byte(s)
[02:34:57.351] BAD_PACKET[COM9] unknown packet ID 0x0a; discarded 1 byte(s)
[02:34:57.351] RX[TCP_prs2026hitl_7101]  44 65 76 69 63 65 20 6f 70 65 6e 20 66 61 69 6c 75 72 65 3a 20 56 61 6c 75 65 20 6f 72 20 66 69 6c 65 20 6e 6f 74 20 66 6f 75 6e 64 0d 0a
[02:34:57.351] BAD_PACKET[TCP_prs2026hitl_7101] unknown packet ID 0x44; discarded 1 byte(s)
[02:34:57.352] BAD_PACKET[TCP_prs2026hitl_7101] unknown packet ID 0x65; discarded 1 byte(s)
[02:34:57.352] BAD_PACKET[TCP_prs2026hitl_7101] unknown packet ID 0x76; discarded 1 byte(s)
[02:34:57.352] BAD_PACKET[TCP_prs2026hitl_7101] unknown packet ID 0x69; discarded 1 byte(s)
[02:34:57.353] BAD_PACKET[TCP_prs2026hitl_7101] unknown packet ID 0x63; discarded 1 byte(s)
[02:34:57.353] BAD_PACKET[TCP_prs2026hitl_7101] unknown packet ID 0x65; discarded 1 byte(s)
[02:34:57.353] BAD_PACKET[TCP_prs2026hitl_7101] unknown packet ID 0x20; discarded 1 byte(s)
[02:34:57.354] BAD_PACKET[TCP_prs2026hitl_7101] unknown packet ID 0x6f; discarded 1 byte(s)
[02:34:57.354] BAD_PACKET[TCP_prs2026hitl_7101] unknown packet ID 0x70; discarded 1 byte(s)
[02:34:57.354] BAD_PACKET[TCP_prs2026hitl_7101] unknown packet ID 0x65; discarded 1 byte(s)
[02:34:57.354] BAD_PACKET[TCP_prs2026hitl_7101] unknown packet ID 0x6e; discarded 1 byte(s)
[02:34:57.355] BAD_PACKET[TCP_prs2026hitl_7101] unknown packet ID 0x20; discarded 1 byte(s)
[02:34:57.355] BAD_PACKET[TCP_prs2026hitl_7101] unknown packet ID 0x66; discarded 1 byte(s)
[02:34:57.355] BAD_PACKET[TCP_prs2026hitl_7101] unknown packet ID 0x61; discarded 1 byte(s)
[02:34:57.356] BAD_PACKET[TCP_prs2026hitl_7101] unknown packet ID 0x69; discarded 1 byte(s)
[02:34:57.356] BAD_PACKET[TCP_prs2026hitl_7101] unknown packet ID 0x6c; discarded 1 byte(s)
[02:34:57.356] BAD_PACKET[TCP_prs2026hitl_7101] unknown packet ID 0x75; discarded 1 byte(s)
[02:34:57.357] BAD_PACKET[TCP_prs2026hitl_7101] unknown packet ID 0x72; discarded 1 byte(s)
[02:34:57.358] BAD_PACKET[TCP_prs2026hitl_7101] unknown packet ID 0x65; discarded 1 byte(s)
[02:34:57.358] BAD_PACKET[TCP_prs2026hitl_7101] unknown packet ID 0x3a; discarded 1 byte(s)
[02:34:57.358] BAD_PACKET[TCP_prs2026hitl_7101] unknown packet ID 0x20; discarded 1 byte(s)
[02:34:57.359] BAD_PACKET[TCP_prs2026hitl_7101] unknown packet ID 0x56; discarded 1 byte(s)
[02:34:57.359] BAD_PACKET[TCP_prs2026hitl_7101] unknown packet ID 0x61; discarded 1 byte(s)
[02:34:57.359] BAD_PACKET[TCP_prs2026hitl_7101] unknown packet ID 0x6c; discarded 1 byte(s)
[02:34:57.360] BAD_PACKET[TCP_prs2026hitl_7101] unknown packet ID 0x75; discarded 1 byte(s)
[02:34:57.360] BAD_PACKET[TCP_prs2026hitl_7101] unknown packet ID 0x65; discarded 1 byte(s)
[02:34:57.360] BAD_PACKET[TCP_prs2026hitl_7101] unknown packet ID 0x20; discarded 1 byte(s)
[02:34:57.360] BAD_PACKET[TCP_prs2026hitl_7101] unknown packet ID 0x6f; discarded 1 byte(s)
[02:34:57.361] BAD_PACKET[TCP_prs2026hitl_7101] unknown packet ID 0x72; discarded 1 byte(s)
[02:34:57.361] BAD_PACKET[TCP_prs2026hitl_7101] unknown packet ID 0x20; discarded 1 byte(s)
[02:34:57.361] BAD_PACKET[TCP_prs2026hitl_7101] unknown packet ID 0x66; discarded 1 byte(s)
[02:34:57.362] BAD_PACKET[TCP_prs2026hitl_7101] unknown packet ID 0x69; discarded 1 byte(s)
[02:34:57.362] BAD_PACKET[TCP_prs2026hitl_7101] unknown packet ID 0x6c; discarded 1 byte(s)
[02:34:57.362] BAD_PACKET[TCP_prs2026hitl_7101] unknown packet ID 0x65; discarded 1 byte(s)
[02:34:57.362] BAD_PACKET[TCP_prs2026hitl_7101] unknown packet ID 0x20; discarded 1 byte(s)
[02:34:57.363] BAD_PACKET[TCP_prs2026hitl_7101] unknown packet ID 0x6e; discarded 1 byte(s)
[02:34:57.363] BAD_PACKET[TCP_prs2026hitl_7101] unknown packet ID 0x6f; discarded 1 byte(s)
[02:34:57.363] BAD_PACKET[TCP_prs2026hitl_7101] unknown packet ID 0x74; discarded 1 byte(s)
[02:34:57.364] BAD_PACKET[TCP_prs2026hitl_7101] unknown packet ID 0x20; discarded 1 byte(s)
[02:34:57.364] BAD_PACKET[TCP_prs2026hitl_7101] unknown packet ID 0x66; discarded 1 byte(s)
[02:34:57.364] BAD_PACKET[TCP_prs2026hitl_7101] unknown packet ID 0x6f; discarded 1 byte(s)
[02:34:57.364] BAD_PACKET[TCP_prs2026hitl_7101] unknown packet ID 0x75; discarded 1 byte(s)
[02:34:57.365] BAD_PACKET[TCP_prs2026hitl_7101] unknown packet ID 0x6e; discarded 1 byte(s)
[02:34:57.365] BAD_PACKET[TCP_prs2026hitl_7101] unknown packet ID 0x64; discarded 1 byte(s)
[02:34:57.365] BAD_PACKET[TCP_prs2026hitl_7101] unknown packet ID 0x0d; discarded 1 byte(s)
[02:34:57.366] BAD_PACKET[TCP_prs2026hitl_7101] unknown packet ID 0x0a; discarded 1 byte(s)
[02:34:57.366] ERROR[TCP_prs2026hitl_7101] TCP server closed the connection
[02:34:57.366] RX[COM9]  49
[02:34:57.366] BAD_PACKET[COM9] unknown packet ID 0x49; discarded 1 byte(s)
[02:34:57.367] RX[COM9]  20 28 31 39 36 29 20 61 70 70 5f 69 6e 69 74 3a 20 45 53 50 2d 49 44 46 3a 20 20 20 20 20 20 20 20 20 20 76 36 2e 31 2e 30 0d 0a
[02:34:57.367] BAD_PACKET[COM9] unknown packet ID 0x20; discarded 1 byte(s)
[02:34:57.367] BAD_PACKET[COM9] unknown packet ID 0x28; discarded 1 byte(s)
[02:34:57.368] BAD_PACKET[COM9] unknown packet ID 0x31; discarded 1 byte(s)
[02:34:57.368] BAD_PACKET[COM9] unknown packet ID 0x39; discarded 1 byte(s)
[02:34:57.368] BAD_PACKET[COM9] unknown packet ID 0x36; discarded 1 byte(s)
[02:34:57.369] BAD_PACKET[COM9] unknown packet ID 0x29; discarded 1 byte(s)
[02:34:57.369] BAD_PACKET[COM9] unknown packet ID 0x20; discarded 1 byte(s)
[02:34:57.369] BAD_PACKET[COM9] unknown packet ID 0x61; discarded 1 byte(s)
[02:34:57.369] BAD_PACKET[COM9] unknown packet ID 0x70; discarded 1 byte(s)
[02:34:57.370] BAD_PACKET[COM9] unknown packet ID 0x70; discarded 1 byte(s)
[02:34:57.370] BAD_PACKET[COM9] unknown packet ID 0x5f; discarded 1 byte(s)
[02:34:57.370] BAD_PACKET[COM9] unknown packet ID 0x69; discarded 1 byte(s)
[02:34:57.371] BAD_PACKET[COM9] unknown packet ID 0x6e; discarded 1 byte(s)
[02:34:57.371] BAD_PACKET[COM9] unknown packet ID 0x69; discarded 1 byte(s)
[02:34:57.371] BAD_PACKET[COM9] unknown packet ID 0x74; discarded 1 byte(s)
[02:34:57.371] BAD_PACKET[COM9] unknown packet ID 0x3a; discarded 1 byte(s)
[02:34:57.372] BAD_PACKET[COM9] unknown packet ID 0x20; discarded 1 byte(s)
[02:34:57.372] BAD_PACKET[COM9] unknown packet ID 0x45; discarded 1 byte(s)
[02:34:57.372] BAD_PACKET[COM9] unknown packet ID 0x53; discarded 1 byte(s)
[02:34:57.374] BAD_PACKET[COM9] unknown packet ID 0x50; discarded 1 byte(s)
[02:34:57.374] BAD_PACKET[COM9] unknown packet ID 0x2d; discarded 1 byte(s)
[02:34:57.374] BAD_PACKET[COM9] unknown packet ID 0x49; discarded 1 byte(s)
[02:34:57.375] BAD_PACKET[COM9] unknown packet ID 0x44; discarded 1 byte(s)
[02:34:57.375] BAD_PACKET[COM9] unknown packet ID 0x46; discarded 1 byte(s)
[02:34:57.375] BAD_PACKET[COM9] unknown packet ID 0x3a; discarded 1 byte(s)
[02:34:57.376] BAD_PACKET[COM9] unknown packet ID 0x20; discarded 1 byte(s)
[02:34:57.376] BAD_PACKET[COM9] unknown packet ID 0x20; discarded 1 byte(s)
[02:34:57.376] BAD_PACKET[COM9] unknown packet ID 0x20; discarded 1 byte(s)
[02:34:57.377] BAD_PACKET[COM9] unknown packet ID 0x20; discarded 1 byte(s)
[02:34:57.377] BAD_PACKET[COM9] unknown packet ID 0x20; discarded 1 byte(s)
[02:34:57.377] BAD_PACKET[COM9] unknown packet ID 0x20; discarded 1 byte(s)
[02:34:57.378] BAD_PACKET[COM9] unknown packet ID 0x20; discarded 1 byte(s)
[02:34:57.378] BAD_PACKET[COM9] unknown packet ID 0x20; discarded 1 byte(s)
[02:34:57.378] BAD_PACKET[COM9] unknown packet ID 0x20; discarded 1 byte(s)
[02:34:57.378] BAD_PACKET[COM9] unknown packet ID 0x20; discarded 1 byte(s)
[02:34:57.379] BAD_PACKET[COM9] unknown packet ID 0x76; discarded 1 byte(s)
[02:34:57.379] BAD_PACKET[COM9] unknown packet ID 0x36; discarded 1 byte(s)
[02:34:57.379] BAD_PACKET[COM9] unknown packet ID 0x2e; discarded 1 byte(s)
[02:34:57.380] BAD_PACKET[COM9] unknown packet ID 0x31; discarded 1 byte(s)
[02:34:57.380] BAD_PACKET[COM9] unknown packet ID 0x2e; discarded 1 byte(s)
[02:34:57.380] BAD_PACKET[COM9] unknown packet ID 0x30; discarded 1 byte(s)
[02:34:57.380] BAD_PACKET[COM9] unknown packet ID 0x0d; discarded 1 byte(s)
[02:34:57.381] BAD_PACKET[COM9] unknown packet ID 0x0a; discarded 1 byte(s)
[02:34:57.381] RX[COM9]  49
[02:34:57.381] BAD_PACKET[COM9] unknown packet ID 0x49; discarded 1 byte(s)
[02:34:57.382] RX[COM9]  20 28 32 30 30 29 20 65 66 75 73 65 5f 69 6e 69 74 3a 20 4d 69 6e 20 63 68 69 70 20 72 65 76 3a 20 20 20 20 20 76 30 2e 30 0d 0a
[02:34:57.382] BAD_PACKET[COM9] unknown packet ID 0x20; discarded 1 byte(s)
[02:34:57.382] BAD_PACKET[COM9] unknown packet ID 0x28; discarded 1 byte(s)
[02:34:57.382] BAD_PACKET[COM9] unknown packet ID 0x32; discarded 1 byte(s)
[02:34:57.383] BAD_PACKET[COM9] unknown packet ID 0x30; discarded 1 byte(s)
[02:34:57.383] BAD_PACKET[COM9] unknown packet ID 0x30; discarded 1 byte(s)
[02:34:57.383] BAD_PACKET[COM9] unknown packet ID 0x29; discarded 1 byte(s)
[02:34:57.384] BAD_PACKET[COM9] unknown packet ID 0x20; discarded 1 byte(s)
[02:34:57.384] BAD_PACKET[COM9] unknown packet ID 0x65; discarded 1 byte(s)
[02:34:57.384] BAD_PACKET[COM9] unknown packet ID 0x66; discarded 1 byte(s)
[02:34:57.385] BAD_PACKET[COM9] unknown packet ID 0x75; discarded 1 byte(s)
[02:34:57.385] BAD_PACKET[COM9] unknown packet ID 0x73; discarded 1 byte(s)
[02:34:57.385] BAD_PACKET[COM9] unknown packet ID 0x65; discarded 1 byte(s)
[02:34:57.385] BAD_PACKET[COM9] unknown packet ID 0x5f; discarded 1 byte(s)
[02:34:57.386] BAD_PACKET[COM9] unknown packet ID 0x69; discarded 1 byte(s)
[02:34:57.386] BAD_PACKET[COM9] unknown packet ID 0x6e; discarded 1 byte(s)
[02:34:57.386] BAD_PACKET[COM9] unknown packet ID 0x69; discarded 1 byte(s)
[02:34:57.387] BAD_PACKET[COM9] unknown packet ID 0x74; discarded 1 byte(s)
[02:34:57.387] BAD_PACKET[COM9] unknown packet ID 0x3a; discarded 1 byte(s)
[02:34:57.387] BAD_PACKET[COM9] unknown packet ID 0x20; discarded 1 byte(s)
[02:34:57.387] BAD_PACKET[COM9] unknown packet ID 0x4d; discarded 1 byte(s)
[02:34:57.388] BAD_PACKET[COM9] unknown packet ID 0x69; discarded 1 byte(s)
[02:34:57.388] BAD_PACKET[COM9] unknown packet ID 0x6e; discarded 1 byte(s)
[02:34:57.388] BAD_PACKET[COM9] unknown packet ID 0x20; discarded 1 byte(s)
[02:34:57.389] BAD_PACKET[COM9] unknown packet ID 0x63; discarded 1 byte(s)
[02:34:57.389] BAD_PACKET[COM9] unknown packet ID 0x68; discarded 1 byte(s)
[02:34:57.390] BAD_PACKET[COM9] unknown packet ID 0x69; discarded 1 byte(s)
[02:34:57.390] BAD_PACKET[COM9] unknown packet ID 0x70; discarded 1 byte(s)
[02:34:57.390] BAD_PACKET[COM9] unknown packet ID 0x20; discarded 1 byte(s)
[02:34:57.391] BAD_PACKET[COM9] unknown packet ID 0x72; discarded 1 byte(s)
[02:34:57.391] BAD_PACKET[COM9] unknown packet ID 0x65; discarded 1 byte(s)
[02:34:57.392] BAD_PACKET[COM9] unknown packet ID 0x76; discarded 1 byte(s)
[02:34:57.392] BAD_PACKET[COM9] unknown packet ID 0x3a; discarded 1 byte(s)
[02:34:57.392] BAD_PACKET[COM9] unknown packet ID 0x20; discarded 1 byte(s)
[02:34:57.392] BAD_PACKET[COM9] unknown packet ID 0x20; discarded 1 byte(s)
[02:34:57.393] BAD_PACKET[COM9] unknown packet ID 0x20; discarded 1 byte(s)
[02:34:57.393] BAD_PACKET[COM9] unknown packet ID 0x20; discarded 1 byte(s)
[02:34:57.393] BAD_PACKET[COM9] unknown packet ID 0x20; discarded 1 byte(s)
[02:34:57.394] BAD_PACKET[COM9] unknown packet ID 0x76; discarded 1 byte(s)
[02:34:57.394] BAD_PACKET[COM9] unknown packet ID 0x30; discarded 1 byte(s)
[02:34:57.394] BAD_PACKET[COM9] unknown packet ID 0x2e; discarded 1 byte(s)
[02:34:57.394] BAD_PACKET[COM9] unknown packet ID 0x30; discarded 1 byte(s)
[02:34:57.395] BAD_PACKET[COM9] unknown packet ID 0x0d; discarded 1 byte(s)
[02:34:57.395] BAD_PACKET[COM9] unknown packet ID 0x0a; discarded 1 byte(s)
[02:34:57.395] RX[COM9]  49
[02:34:57.396] BAD_PACKET[COM9] unknown packet ID 0x49; discarded 1 byte(s)
[02:34:57.396] RX[COM9]  20 28 32 30 34 29 20 65 66 75 73 65 5f 69 6e 69 74 3a 20 4d 61 78 20 63 68 69 70 20 72 65 76 3a 20 20 20 20 20 76 30 2e 39 39 20 0d 0a
[02:34:57.396] BAD_PACKET[COM9] unknown packet ID 0x20; discarded 1 byte(s)
[02:34:57.396] BAD_PACKET[COM9] unknown packet ID 0x28; discarded 1 byte(s)
[02:34:57.397] BAD_PACKET[COM9] unknown packet ID 0x32; discarded 1 byte(s)
[02:34:57.397] BAD_PACKET[COM9] unknown packet ID 0x30; discarded 1 byte(s)
[02:34:57.397] BAD_PACKET[COM9] unknown packet ID 0x34; discarded 1 byte(s)
[02:34:57.398] BAD_PACKET[COM9] unknown packet ID 0x29; discarded 1 byte(s)
[02:34:57.398] BAD_PACKET[COM9] unknown packet ID 0x20; discarded 1 byte(s)
[02:34:57.398] BAD_PACKET[COM9] unknown packet ID 0x65; discarded 1 byte(s)
[02:34:57.398] BAD_PACKET[COM9] unknown packet ID 0x66; discarded 1 byte(s)
[02:34:57.399] BAD_PACKET[COM9] unknown packet ID 0x75; discarded 1 byte(s)
[02:34:57.399] BAD_PACKET[COM9] unknown packet ID 0x73; discarded 1 byte(s)
[02:34:57.399] BAD_PACKET[COM9] unknown packet ID 0x65; discarded 1 byte(s)
[02:34:57.400] BAD_PACKET[COM9] unknown packet ID 0x5f; discarded 1 byte(s)
[02:34:57.400] BAD_PACKET[COM9] unknown packet ID 0x69; discarded 1 byte(s)
[02:34:57.400] BAD_PACKET[COM9] unknown packet ID 0x6e; discarded 1 byte(s)
[02:34:57.400] BAD_PACKET[COM9] unknown packet ID 0x69; discarded 1 byte(s)
[02:34:57.401] BAD_PACKET[COM9] unknown packet ID 0x74; discarded 1 byte(s)
[02:34:57.401] BAD_PACKET[COM9] unknown packet ID 0x3a; discarded 1 byte(s)
[02:34:57.401] BAD_PACKET[COM9] unknown packet ID 0x20; discarded 1 byte(s)
[02:34:57.402] BAD_PACKET[COM9] unknown packet ID 0x4d; discarded 1 byte(s)
[02:34:57.402] BAD_PACKET[COM9] unknown packet ID 0x61; discarded 1 byte(s)
[02:34:57.402] BAD_PACKET[COM9] unknown packet ID 0x78; discarded 1 byte(s)
[02:34:57.402] BAD_PACKET[COM9] unknown packet ID 0x20; discarded 1 byte(s)
[02:34:57.403] BAD_PACKET[COM9] unknown packet ID 0x63; discarded 1 byte(s)
[02:34:57.403] BAD_PACKET[COM9] unknown packet ID 0x68; discarded 1 byte(s)
[02:34:57.403] BAD_PACKET[COM9] unknown packet ID 0x69; discarded 1 byte(s)
[02:34:57.404] BAD_PACKET[COM9] unknown packet ID 0x70; discarded 1 byte(s)
[02:34:57.404] BAD_PACKET[COM9] unknown packet ID 0x20; discarded 1 byte(s)
[02:34:57.404] BAD_PACKET[COM9] unknown packet ID 0x72; discarded 1 byte(s)
[02:34:57.404] BAD_PACKET[COM9] unknown packet ID 0x65; discarded 1 byte(s)
[02:34:57.405] BAD_PACKET[COM9] unknown packet ID 0x76; discarded 1 byte(s)
[02:34:57.405] BAD_PACKET[COM9] unknown packet ID 0x3a; discarded 1 byte(s)
[02:34:57.405] BAD_PACKET[COM9] unknown packet ID 0x20; discarded 1 byte(s)
[02:34:57.406] BAD_PACKET[COM9] unknown packet ID 0x20; discarded 1 byte(s)
[02:34:57.406] BAD_PACKET[COM9] unknown packet ID 0x20; discarded 1 byte(s)
[02:34:57.406] BAD_PACKET[COM9] unknown packet ID 0x20; discarded 1 byte(s)
[02:34:57.406] BAD_PACKET[COM9] unknown packet ID 0x20; discarded 1 byte(s)
[02:34:57.407] BAD_PACKET[COM9] unknown packet ID 0x76; discarded 1 byte(s)
[02:34:57.407] BAD_PACKET[COM9] unknown packet ID 0x30; discarded 1 byte(s)
[02:34:57.407] BAD_PACKET[COM9] unknown packet ID 0x2e; discarded 1 byte(s)
[02:34:57.408] BAD_PACKET[COM9] unknown packet ID 0x39; discarded 1 byte(s)
[02:34:57.408] BAD_PACKET[COM9] unknown packet ID 0x39; discarded 1 byte(s)
[02:34:57.408] BAD_PACKET[COM9] unknown packet ID 0x20; discarded 1 byte(s)
[02:34:57.408] BAD_PACKET[COM9] unknown packet ID 0x0d; discarded 1 byte(s)
[02:34:57.409] BAD_PACKET[COM9] unknown packet ID 0x0a; discarded 1 byte(s)
[02:34:57.409] RX[COM9]  49
[02:34:57.409] BAD_PACKET[COM9] unknown packet ID 0x49; discarded 1 byte(s)
[02:34:57.410] RX[COM9]  20 28 32 30 38 29 20 65 66 75 73 65 5f 69 6e 69 74 3a 20 43 68 69 70 20 72 65 76 3a 20 20 20 20 20 20 20 20 20 76 30 2e 32 0d 0a
[02:34:57.410] BAD_PACKET[COM9] unknown packet ID 0x20; discarded 1 byte(s)
[02:34:57.410] BAD_PACKET[COM9] unknown packet ID 0x28; discarded 1 byte(s)
[02:34:57.410] BAD_PACKET[COM9] unknown packet ID 0x32; discarded 1 byte(s)
[02:34:57.411] BAD_PACKET[COM9] unknown packet ID 0x30; discarded 1 byte(s)
[02:34:57.411] BAD_PACKET[COM9] unknown packet ID 0x38; discarded 1 byte(s)
[02:34:57.411] BAD_PACKET[COM9] unknown packet ID 0x29; discarded 1 byte(s)
[02:34:57.412] BAD_PACKET[COM9] unknown packet ID 0x20; discarded 1 byte(s)
[02:34:57.412] BAD_PACKET[COM9] unknown packet ID 0x65; discarded 1 byte(s)
[02:34:57.412] BAD_PACKET[COM9] unknown packet ID 0x66; discarded 1 byte(s)
[02:34:57.412] BAD_PACKET[COM9] unknown packet ID 0x75; discarded 1 byte(s)
[02:34:57.413] BAD_PACKET[COM9] unknown packet ID 0x73; discarded 1 byte(s)
[02:34:57.413] BAD_PACKET[COM9] unknown packet ID 0x65; discarded 1 byte(s)
[02:34:57.413] BAD_PACKET[COM9] unknown packet ID 0x5f; discarded 1 byte(s)
[02:34:57.414] BAD_PACKET[COM9] unknown packet ID 0x69; discarded 1 byte(s)
[02:34:57.414] BAD_PACKET[COM9] unknown packet ID 0x6e; discarded 1 byte(s)
[02:34:57.414] BAD_PACKET[COM9] unknown packet ID 0x69; discarded 1 byte(s)
[02:34:57.414] BAD_PACKET[COM9] unknown packet ID 0x74; discarded 1 byte(s)
[02:34:57.415] BAD_PACKET[COM9] unknown packet ID 0x3a; discarded 1 byte(s)
[02:34:57.415] BAD_PACKET[COM9] unknown packet ID 0x20; discarded 1 byte(s)
[02:34:57.415] BAD_PACKET[COM9] unknown packet ID 0x43; discarded 1 byte(s)
[02:34:57.416] BAD_PACKET[COM9] unknown packet ID 0x68; discarded 1 byte(s)
[02:34:57.416] BAD_PACKET[COM9] unknown packet ID 0x69; discarded 1 byte(s)
[02:34:57.416] BAD_PACKET[COM9] unknown packet ID 0x70; discarded 1 byte(s)
[02:34:57.416] BAD_PACKET[COM9] unknown packet ID 0x20; discarded 1 byte(s)
[02:34:57.417] BAD_PACKET[COM9] unknown packet ID 0x72; discarded 1 byte(s)
[02:34:57.417] BAD_PACKET[COM9] unknown packet ID 0x65; discarded 1 byte(s)
[02:34:57.417] BAD_PACKET[COM9] unknown packet ID 0x76; discarded 1 byte(s)
[02:34:57.417] BAD_PACKET[COM9] unknown packet ID 0x3a; discarded 1 byte(s)
[02:34:57.418] BAD_PACKET[COM9] unknown packet ID 0x20; discarded 1 byte(s)
[02:34:57.418] BAD_PACKET[COM9] unknown packet ID 0x20; discarded 1 byte(s)
[02:34:57.418] BAD_PACKET[COM9] unknown packet ID 0x20; discarded 1 byte(s)
[02:34:57.419] BAD_PACKET[COM9] unknown packet ID 0x20; discarded 1 byte(s)
[02:34:57.419] BAD_PACKET[COM9] unknown packet ID 0x20; discarded 1 byte(s)
[02:34:57.420] BAD_PACKET[COM9] unknown packet ID 0x20; discarded 1 byte(s)
[02:34:57.420] BAD_PACKET[COM9] unknown packet ID 0x20; discarded 1 byte(s)
[02:34:57.420] BAD_PACKET[COM9] unknown packet ID 0x20; discarded 1 byte(s)
[02:34:57.421] BAD_PACKET[COM9] unknown packet ID 0x20; discarded 1 byte(s)
[02:34:57.421] BAD_PACKET[COM9] unknown packet ID 0x76; discarded 1 byte(s)
[02:34:57.422] BAD_PACKET[COM9] unknown packet ID 0x30; discarded 1 byte(s)
[02:34:57.422] BAD_PACKET[COM9] unknown packet ID 0x2e; discarded 1 byte(s)
[02:34:57.422] BAD_PACKET[COM9] unknown packet ID 0x32; discarded 1 byte(s)
[02:34:57.423] BAD_PACKET[COM9] unknown packet ID 0x0d; discarded 1 byte(s)
[02:34:57.423] BAD_PACKET[COM9] unknown packet ID 0x0a; discarded 1 byte(s)
[02:34:57.423] RX[COM9]  49
[02:34:57.423] BAD_PACKET[COM9] unknown packet ID 0x49; discarded 1 byte(s)
[02:34:57.424] RX[COM9]  20 28 32 31 32 29 20 68 65 61 70 5f 69 6e 69 74 3a 20 49 6e 69 74 69 61 6c 69 7a 69 6e 67 2e 20 52 41 4d 20 61 76 61 69 6c 61 62 6c 65 20 66 6f 72 20 64 79 6e 61 6d 69 63 20 61 6c 6c 6f 63 61 74 69 6f 6e 3a 0d 0a
[02:34:57.424] BAD_PACKET[COM9] unknown packet ID 0x20; discarded 1 byte(s)
[02:34:57.424] BAD_PACKET[COM9] unknown packet ID 0x28; discarded 1 byte(s)
[02:34:57.425] BAD_PACKET[COM9] unknown packet ID 0x32; discarded 1 byte(s)
[02:34:57.425] BAD_PACKET[COM9] unknown packet ID 0x31; discarded 1 byte(s)
[02:34:57.425] BAD_PACKET[COM9] unknown packet ID 0x32; discarded 1 byte(s)
[02:34:57.425] BAD_PACKET[COM9] unknown packet ID 0x29; discarded 1 byte(s)
[02:34:57.426] BAD_PACKET[COM9] unknown packet ID 0x20; discarded 1 byte(s)
[02:34:57.426] BAD_PACKET[COM9] unknown packet ID 0x68; discarded 1 byte(s)
[02:34:57.426] BAD_PACKET[COM9] unknown packet ID 0x65; discarded 1 byte(s)
[02:34:57.427] BAD_PACKET[COM9] unknown packet ID 0x61; discarded 1 byte(s)
[02:34:57.427] BAD_PACKET[COM9] unknown packet ID 0x70; discarded 1 byte(s)
[02:34:57.427] BAD_PACKET[COM9] unknown packet ID 0x5f; discarded 1 byte(s)
[02:34:57.427] BAD_PACKET[COM9] unknown packet ID 0x69; discarded 1 byte(s)
[02:34:57.428] BAD_PACKET[COM9] unknown packet ID 0x6e; discarded 1 byte(s)
[02:34:57.428] BAD_PACKET[COM9] unknown packet ID 0x69; discarded 1 byte(s)
[02:34:57.428] BAD_PACKET[COM9] unknown packet ID 0x74; discarded 1 byte(s)
[02:34:57.428] BAD_PACKET[COM9] unknown packet ID 0x3a; discarded 1 byte(s)
[02:34:57.429] BAD_PACKET[COM9] unknown packet ID 0x20; discarded 1 byte(s)
[02:34:57.429] BAD_PACKET[COM9] unknown packet ID 0x49; discarded 1 byte(s)
[02:34:57.429] BAD_PACKET[COM9] unknown packet ID 0x6e; discarded 1 byte(s)
[02:34:57.429] BAD_PACKET[COM9] unknown packet ID 0x69; discarded 1 byte(s)
[02:34:57.430] BAD_PACKET[COM9] unknown packet ID 0x74; discarded 1 byte(s)
[02:34:57.430] BAD_PACKET[COM9] unknown packet ID 0x69; discarded 1 byte(s)
[02:34:57.430] BAD_PACKET[COM9] unknown packet ID 0x61; discarded 1 byte(s)
[02:34:57.431] BAD_PACKET[COM9] unknown packet ID 0x6c; discarded 1 byte(s)
[02:34:57.431] BAD_PACKET[COM9] unknown packet ID 0x69; discarded 1 byte(s)
[02:34:57.431] BAD_PACKET[COM9] unknown packet ID 0x7a; discarded 1 byte(s)
[02:34:57.431] BAD_PACKET[COM9] unknown packet ID 0x69; discarded 1 byte(s)
[02:34:57.432] BAD_PACKET[COM9] unknown packet ID 0x6e; discarded 1 byte(s)
[02:34:57.432] BAD_PACKET[COM9] unknown packet ID 0x67; discarded 1 byte(s)
[02:34:57.432] BAD_PACKET[COM9] unknown packet ID 0x2e; discarded 1 byte(s)
[02:34:57.432] BAD_PACKET[COM9] unknown packet ID 0x20; discarded 1 byte(s)
[02:34:57.433] BAD_PACKET[COM9] unknown packet ID 0x52; discarded 1 byte(s)
[02:34:57.433] BAD_PACKET[COM9] unknown packet ID 0x41; discarded 1 byte(s)
[02:34:57.433] BAD_PACKET[COM9] unknown packet ID 0x4d; discarded 1 byte(s)
[02:34:57.433] BAD_PACKET[COM9] unknown packet ID 0x20; discarded 1 byte(s)
[02:34:57.434] BAD_PACKET[COM9] unknown packet ID 0x61; discarded 1 byte(s)
[02:34:57.434] BAD_PACKET[COM9] unknown packet ID 0x76; discarded 1 byte(s)
[02:34:57.434] BAD_PACKET[COM9] unknown packet ID 0x61; discarded 1 byte(s)
[02:34:57.435] BAD_PACKET[COM9] unknown packet ID 0x69; discarded 1 byte(s)
[02:34:57.435] BAD_PACKET[COM9] unknown packet ID 0x6c; discarded 1 byte(s)
[02:34:57.435] BAD_PACKET[COM9] unknown packet ID 0x61; discarded 1 byte(s)
[02:34:57.435] BAD_PACKET[COM9] unknown packet ID 0x62; discarded 1 byte(s)
[02:34:57.436] BAD_PACKET[COM9] unknown packet ID 0x6c; discarded 1 byte(s)
[02:34:57.436] BAD_PACKET[COM9] unknown packet ID 0x65; discarded 1 byte(s)
[02:34:57.436] BAD_PACKET[COM9] unknown packet ID 0x20; discarded 1 byte(s)
[02:34:57.437] BAD_PACKET[COM9] unknown packet ID 0x66; discarded 1 byte(s)
[02:34:57.437] BAD_PACKET[COM9] unknown packet ID 0x6f; discarded 1 byte(s)
[02:34:57.437] BAD_PACKET[COM9] unknown packet ID 0x72; discarded 1 byte(s)
[02:34:57.437] BAD_PACKET[COM9] unknown packet ID 0x20; discarded 1 byte(s)
[02:34:57.438] BAD_PACKET[COM9] unknown packet ID 0x64; discarded 1 byte(s)
[02:34:57.438] BAD_PACKET[COM9] unknown packet ID 0x79; discarded 1 byte(s)
[02:34:57.438] BAD_PACKET[COM9] unknown packet ID 0x6e; discarded 1 byte(s)
[02:34:57.439] BAD_PACKET[COM9] unknown packet ID 0x61; discarded 1 byte(s)
[02:34:57.439] BAD_PACKET[COM9] unknown packet ID 0x6d; discarded 1 byte(s)
[02:34:57.439] BAD_PACKET[COM9] unknown packet ID 0x69; discarded 1 byte(s)
[02:34:57.440] BAD_PACKET[COM9] unknown packet ID 0x63; discarded 1 byte(s)
[02:34:57.440] BAD_PACKET[COM9] unknown packet ID 0x20; discarded 1 byte(s)
[02:34:57.440] BAD_PACKET[COM9] unknown packet ID 0x61; discarded 1 byte(s)
[02:34:57.440] BAD_PACKET[COM9] unknown packet ID 0x6c; discarded 1 byte(s)
[02:34:57.441] BAD_PACKET[COM9] unknown packet ID 0x6c; discarded 1 byte(s)
[02:34:57.441] BAD_PACKET[COM9] unknown packet ID 0x6f; discarded 1 byte(s)
[02:34:57.441] BAD_PACKET[COM9] unknown packet ID 0x63; discarded 1 byte(s)
[02:34:57.441] BAD_PACKET[COM9] unknown packet ID 0x61; discarded 1 byte(s)
[02:34:57.442] BAD_PACKET[COM9] unknown packet ID 0x74; discarded 1 byte(s)
[02:34:57.442] BAD_PACKET[COM9] unknown packet ID 0x69; discarded 1 byte(s)
[02:34:57.442] BAD_PACKET[COM9] unknown packet ID 0x6f; discarded 1 byte(s)
[02:34:57.443] BAD_PACKET[COM9] unknown packet ID 0x6e; discarded 1 byte(s)
[02:34:57.443] BAD_PACKET[COM9] unknown packet ID 0x3a; discarded 1 byte(s)
[02:34:57.443] BAD_PACKET[COM9] unknown packet ID 0x0d; discarded 1 byte(s)
[02:34:57.443] BAD_PACKET[COM9] unknown packet ID 0x0a; discarded 1 byte(s)
[02:34:57.444] RX[COM9]  49
[02:34:57.444] BAD_PACKET[COM9] unknown packet ID 0x49; discarded 1 byte(s)
[02:34:57.444] RX[COM9]  20 28 32 31 38 29 20 68 65 61 70 5f 69 6e 69 74 3a 20 41 74 20 33 46 43 39 37 33 46 30 20 6c 65 6e 20 30 30 30 35 32 33 32 30 20 28 33 32 38 20 4b 69 42 29 3a 20 52 41 4d 0d 0a
[02:34:57.444] BAD_PACKET[COM9] unknown packet ID 0x20; discarded 1 byte(s)
[02:34:57.445] BAD_PACKET[COM9] unknown packet ID 0x28; discarded 1 byte(s)
[02:34:57.445] BAD_PACKET[COM9] unknown packet ID 0x32; discarded 1 byte(s)
[02:34:57.445] BAD_PACKET[COM9] unknown packet ID 0x31; discarded 1 byte(s)
[02:34:57.446] BAD_PACKET[COM9] unknown packet ID 0x38; discarded 1 byte(s)
[02:34:57.446] BAD_PACKET[COM9] unknown packet ID 0x29; discarded 1 byte(s)
[02:34:57.446] BAD_PACKET[COM9] unknown packet ID 0x20; discarded 1 byte(s)
[02:34:57.446] BAD_PACKET[COM9] unknown packet ID 0x68; discarded 1 byte(s)
[02:34:57.447] BAD_PACKET[COM9] unknown packet ID 0x65; discarded 1 byte(s)
[02:34:57.447] BAD_PACKET[COM9] unknown packet ID 0x61; discarded 1 byte(s)
[02:34:57.447] BAD_PACKET[COM9] unknown packet ID 0x70; discarded 1 byte(s)
[02:34:57.448] BAD_PACKET[COM9] unknown packet ID 0x5f; discarded 1 byte(s)
[02:34:57.448] BAD_PACKET[COM9] unknown packet ID 0x69; discarded 1 byte(s)
[02:34:57.448] BAD_PACKET[COM9] unknown packet ID 0x6e; discarded 1 byte(s)
[02:34:57.448] BAD_PACKET[COM9] unknown packet ID 0x69; discarded 1 byte(s)
[02:34:57.449] BAD_PACKET[COM9] unknown packet ID 0x74; discarded 1 byte(s)
[02:34:57.449] BAD_PACKET[COM9] unknown packet ID 0x3a; discarded 1 byte(s)
[02:34:57.449] BAD_PACKET[COM9] unknown packet ID 0x20; discarded 1 byte(s)
[02:34:57.449] BAD_PACKET[COM9] unknown packet ID 0x41; discarded 1 byte(s)
[02:34:57.450] BAD_PACKET[COM9] unknown packet ID 0x74; discarded 1 byte(s)
[02:34:57.450] BAD_PACKET[COM9] unknown packet ID 0x20; discarded 1 byte(s)
[02:34:57.450] BAD_PACKET[COM9] unknown packet ID 0x33; discarded 1 byte(s)
[02:34:57.450] BAD_PACKET[COM9] unknown packet ID 0x46; discarded 1 byte(s)
[02:34:57.451] BAD_PACKET[COM9] unknown packet ID 0x43; discarded 1 byte(s)
[02:34:57.453] BAD_PACKET[COM9] unknown packet ID 0x39; discarded 1 byte(s)
[02:34:57.454] BAD_PACKET[COM9] unknown packet ID 0x37; discarded 1 byte(s)
[02:34:57.455] BAD_PACKET[COM9] unknown packet ID 0x33; discarded 1 byte(s)
[02:34:57.455] BAD_PACKET[COM9] unknown packet ID 0x46; discarded 1 byte(s)
[02:34:57.455] BAD_PACKET[COM9] unknown packet ID 0x30; discarded 1 byte(s)
[02:34:57.455] BAD_PACKET[COM9] unknown packet ID 0x20; discarded 1 byte(s)
[02:34:57.456] BAD_PACKET[COM9] unknown packet ID 0x6c; discarded 1 byte(s)
[02:34:57.456] BAD_PACKET[COM9] unknown packet ID 0x65; discarded 1 byte(s)
[02:34:57.456] BAD_PACKET[COM9] unknown packet ID 0x6e; discarded 1 byte(s)
[02:34:57.456] BAD_PACKET[COM9] unknown packet ID 0x20; discarded 1 byte(s)
[02:34:57.457] BAD_PACKET[COM9] unknown packet ID 0x30; discarded 1 byte(s)
[02:34:57.457] BAD_PACKET[COM9] unknown packet ID 0x30; discarded 1 byte(s)
[02:34:57.457] BAD_PACKET[COM9] unknown packet ID 0x30; discarded 1 byte(s)
[02:34:57.457] BAD_PACKET[COM9] unknown packet ID 0x35; discarded 1 byte(s)
[02:34:57.458] BAD_PACKET[COM9] unknown packet ID 0x32; discarded 1 byte(s)
[02:34:57.458] BAD_PACKET[COM9] unknown packet ID 0x33; discarded 1 byte(s)
[02:34:57.458] BAD_PACKET[COM9] unknown packet ID 0x32; discarded 1 byte(s)
[02:34:57.459] BAD_PACKET[COM9] unknown packet ID 0x30; discarded 1 byte(s)
[02:34:57.459] BAD_PACKET[COM9] unknown packet ID 0x20; discarded 1 byte(s)
[02:34:57.459] BAD_PACKET[COM9] unknown packet ID 0x28; discarded 1 byte(s)
[02:34:57.459] BAD_PACKET[COM9] unknown packet ID 0x33; discarded 1 byte(s)
[02:34:57.460] BAD_PACKET[COM9] unknown packet ID 0x32; discarded 1 byte(s)
[02:34:57.460] BAD_PACKET[COM9] unknown packet ID 0x38; discarded 1 byte(s)
[02:34:57.460] BAD_PACKET[COM9] unknown packet ID 0x20; discarded 1 byte(s)
[02:34:57.461] BAD_PACKET[COM9] unknown packet ID 0x4b; discarded 1 byte(s)
[02:34:57.461] BAD_PACKET[COM9] unknown packet ID 0x69; discarded 1 byte(s)
[02:34:57.461] BAD_PACKET[COM9] unknown packet ID 0x42; discarded 1 byte(s)
[02:34:57.461] BAD_PACKET[COM9] unknown packet ID 0x29; discarded 1 byte(s)
[02:34:57.462] BAD_PACKET[COM9] unknown packet ID 0x3a; discarded 1 byte(s)
[02:34:57.462] BAD_PACKET[COM9] unknown packet ID 0x20; discarded 1 byte(s)
[02:34:57.462] BAD_PACKET[COM9] unknown packet ID 0x52; discarded 1 byte(s)
[02:34:57.462] BAD_PACKET[COM9] unknown packet ID 0x41; discarded 1 byte(s)
[02:34:57.463] BAD_PACKET[COM9] unknown packet ID 0x4d; discarded 1 byte(s)
[02:34:57.463] BAD_PACKET[COM9] unknown packet ID 0x0d; discarded 1 byte(s)
[02:34:57.463] BAD_PACKET[COM9] unknown packet ID 0x0a; discarded 1 byte(s)
[02:34:57.463] RX[COM9]  49
[02:34:57.464] BAD_PACKET[COM9] unknown packet ID 0x49; discarded 1 byte(s)
[02:34:57.464] RX[COM9]  20 28 32 32 33 29 20 68 65 61 70 5f 69 6e 69 74 3a 20 41 74 20 33 46 43 45 39 37 31 30 20 6c 65 6e 20 30 30 30 30 35 37 32 34 20 28 32 31 20 4b 69 42 29 3a 20 52 41 4d 0d 0a
[02:34:57.464] BAD_PACKET[COM9] unknown packet ID 0x20; discarded 1 byte(s)
[02:34:57.465] BAD_PACKET[COM9] unknown packet ID 0x28; discarded 1 byte(s)
[02:34:57.465] BAD_PACKET[COM9] unknown packet ID 0x32; discarded 1 byte(s)
[02:34:57.465] BAD_PACKET[COM9] unknown packet ID 0x32; discarded 1 byte(s)
[02:34:57.465] BAD_PACKET[COM9] unknown packet ID 0x33; discarded 1 byte(s)
[02:34:57.466] BAD_PACKET[COM9] unknown packet ID 0x29; discarded 1 byte(s)
[02:34:57.466] BAD_PACKET[COM9] unknown packet ID 0x20; discarded 1 byte(s)
[02:34:57.466] BAD_PACKET[COM9] unknown packet ID 0x68; discarded 1 byte(s)
[02:34:57.467] BAD_PACKET[COM9] unknown packet ID 0x65; discarded 1 byte(s)
[02:34:57.467] BAD_PACKET[COM9] unknown packet ID 0x61; discarded 1 byte(s)
[02:34:57.467] BAD_PACKET[COM9] unknown packet ID 0x70; discarded 1 byte(s)
[02:34:57.467] BAD_PACKET[COM9] unknown packet ID 0x5f; discarded 1 byte(s)
[02:34:57.468] BAD_PACKET[COM9] unknown packet ID 0x69; discarded 1 byte(s)
[02:34:57.468] BAD_PACKET[COM9] unknown packet ID 0x6e; discarded 1 byte(s)
[02:34:57.468] BAD_PACKET[COM9] unknown packet ID 0x69; discarded 1 byte(s)
[02:34:57.468] BAD_PACKET[COM9] unknown packet ID 0x74; discarded 1 byte(s)
[02:34:57.469] BAD_PACKET[COM9] unknown packet ID 0x3a; discarded 1 byte(s)
[02:34:57.469] BAD_PACKET[COM9] unknown packet ID 0x20; discarded 1 byte(s)
[02:34:57.469] BAD_PACKET[COM9] unknown packet ID 0x41; discarded 1 byte(s)
[02:34:57.469] BAD_PACKET[COM9] unknown packet ID 0x74; discarded 1 byte(s)
[02:34:57.470] BAD_PACKET[COM9] unknown packet ID 0x20; discarded 1 byte(s)
[02:34:57.470] BAD_PACKET[COM9] unknown packet ID 0x33; discarded 1 byte(s)
[02:34:57.470] BAD_PACKET[COM9] unknown packet ID 0x46; discarded 1 byte(s)
[02:34:57.470] BAD_PACKET[COM9] unknown packet ID 0x43; discarded 1 byte(s)
[02:34:57.471] BAD_PACKET[COM9] unknown packet ID 0x45; discarded 1 byte(s)
[02:34:57.471] BAD_PACKET[COM9] unknown packet ID 0x39; discarded 1 byte(s)
[02:34:57.471] BAD_PACKET[COM9] unknown packet ID 0x37; discarded 1 byte(s)
[02:34:57.472] BAD_PACKET[COM9] unknown packet ID 0x31; discarded 1 byte(s)
[02:34:57.472] BAD_PACKET[COM9] unknown packet ID 0x30; discarded 1 byte(s)
[02:34:57.472] BAD_PACKET[COM9] unknown packet ID 0x20; discarded 1 byte(s)
[02:34:57.472] BAD_PACKET[COM9] unknown packet ID 0x6c; discarded 1 byte(s)
[02:34:57.473] BAD_PACKET[COM9] unknown packet ID 0x65; discarded 1 byte(s)
[02:34:57.473] BAD_PACKET[COM9] unknown packet ID 0x6e; discarded 1 byte(s)
[02:34:57.473] BAD_PACKET[COM9] unknown packet ID 0x20; discarded 1 byte(s)
[02:34:57.473] BAD_PACKET[COM9] unknown packet ID 0x30; discarded 1 byte(s)
[02:34:57.474] BAD_PACKET[COM9] unknown packet ID 0x30; discarded 1 byte(s)
[02:34:57.474] BAD_PACKET[COM9] unknown packet ID 0x30; discarded 1 byte(s)
[02:34:57.474] BAD_PACKET[COM9] unknown packet ID 0x30; discarded 1 byte(s)
[02:34:57.475] BAD_PACKET[COM9] unknown packet ID 0x35; discarded 1 byte(s)
[02:34:57.475] BAD_PACKET[COM9] unknown packet ID 0x37; discarded 1 byte(s)
[02:34:57.475] BAD_PACKET[COM9] unknown packet ID 0x32; discarded 1 byte(s)
[02:34:57.475] BAD_PACKET[COM9] unknown packet ID 0x34; discarded 1 byte(s)
[02:34:57.476] BAD_PACKET[COM9] unknown packet ID 0x20; discarded 1 byte(s)
[02:34:57.476] BAD_PACKET[COM9] unknown packet ID 0x28; discarded 1 byte(s)
[02:34:57.476] BAD_PACKET[COM9] unknown packet ID 0x32; discarded 1 byte(s)
[02:34:57.476] BAD_PACKET[COM9] unknown packet ID 0x31; discarded 1 byte(s)
[02:34:57.477] BAD_PACKET[COM9] unknown packet ID 0x20; discarded 1 byte(s)
[02:34:57.477] BAD_PACKET[COM9] unknown packet ID 0x4b; discarded 1 byte(s)
[02:34:57.477] BAD_PACKET[COM9] unknown packet ID 0x69; discarded 1 byte(s)
[02:34:57.477] BAD_PACKET[COM9] unknown packet ID 0x42; discarded 1 byte(s)
[02:34:57.478] BAD_PACKET[COM9] unknown packet ID 0x29; discarded 1 byte(s)
[02:34:57.478] BAD_PACKET[COM9] unknown packet ID 0x3a; discarded 1 byte(s)
[02:34:57.478] BAD_PACKET[COM9] unknown packet ID 0x20; discarded 1 byte(s)
[02:34:57.479] BAD_PACKET[COM9] unknown packet ID 0x52; discarded 1 byte(s)
[02:34:57.479] BAD_PACKET[COM9] unknown packet ID 0x41; discarded 1 byte(s)
[02:34:57.480] BAD_PACKET[COM9] unknown packet ID 0x4d; discarded 1 byte(s)
[02:34:57.481] BAD_PACKET[COM9] unknown packet ID 0x0d; discarded 1 byte(s)
[02:34:57.481] BAD_PACKET[COM9] unknown packet ID 0x0a; discarded 1 byte(s)
[02:34:57.481] RX[COM9]  49
[02:34:57.481] BAD_PACKET[COM9] unknown packet ID 0x49; discarded 1 byte(s)
[02:34:57.482] RX[COM9]  20 28 32 32 38 29 20 68 65 61 70 5f 69 6e 69 74 3a 20 41 74 20 33 46 43 46 30 30 30 30 20 6c 65 6e 20 30 30 30 30 38 30 30 30 20 28 33 32 20 4b 69 42 29 3a 20 44 52 41 4d 0d 0a
[02:34:57.483] BAD_PACKET[COM9] unknown packet ID 0x20; discarded 1 byte(s)
[02:34:57.483] BAD_PACKET[COM9] unknown packet ID 0x28; discarded 1 byte(s)
[02:34:57.484] BAD_PACKET[COM9] unknown packet ID 0x32; discarded 1 byte(s)
[02:34:57.484] BAD_PACKET[COM9] unknown packet ID 0x32; discarded 1 byte(s)
[02:34:57.484] BAD_PACKET[COM9] unknown packet ID 0x38; discarded 1 byte(s)
[02:34:57.485] BAD_PACKET[COM9] unknown packet ID 0x29; discarded 1 byte(s)
[02:34:57.485] BAD_PACKET[COM9] unknown packet ID 0x20; discarded 1 byte(s)
[02:34:57.485] BAD_PACKET[COM9] unknown packet ID 0x68; discarded 1 byte(s)
[02:34:57.485] BAD_PACKET[COM9] unknown packet ID 0x65; discarded 1 byte(s)
[02:34:57.486] BAD_PACKET[COM9] unknown packet ID 0x61; discarded 1 byte(s)
[02:34:57.486] BAD_PACKET[COM9] unknown packet ID 0x70; discarded 1 byte(s)
[02:34:57.486] BAD_PACKET[COM9] unknown packet ID 0x5f; discarded 1 byte(s)
[02:34:57.487] BAD_PACKET[COM9] unknown packet ID 0x69; discarded 1 byte(s)
[02:34:57.487] BAD_PACKET[COM9] unknown packet ID 0x6e; discarded 1 byte(s)
[02:34:57.487] BAD_PACKET[COM9] unknown packet ID 0x69; discarded 1 byte(s)
[02:34:57.487] BAD_PACKET[COM9] unknown packet ID 0x74; discarded 1 byte(s)
[02:34:57.488] BAD_PACKET[COM9] unknown packet ID 0x3a; discarded 1 byte(s)
[02:34:57.488] BAD_PACKET[COM9] unknown packet ID 0x20; discarded 1 byte(s)
[02:34:57.488] BAD_PACKET[COM9] unknown packet ID 0x41; discarded 1 byte(s)
[02:34:57.488] BAD_PACKET[COM9] unknown packet ID 0x74; discarded 1 byte(s)
[02:34:57.489] BAD_PACKET[COM9] unknown packet ID 0x20; discarded 1 byte(s)
[02:34:57.489] BAD_PACKET[COM9] unknown packet ID 0x33; discarded 1 byte(s)
[02:34:57.489] BAD_PACKET[COM9] unknown packet ID 0x46; discarded 1 byte(s)
[02:34:57.490] BAD_PACKET[COM9] unknown packet ID 0x43; discarded 1 byte(s)
[02:34:57.490] BAD_PACKET[COM9] unknown packet ID 0x46; discarded 1 byte(s)
[02:34:57.490] BAD_PACKET[COM9] unknown packet ID 0x30; discarded 1 byte(s)
[02:34:57.490] BAD_PACKET[COM9] unknown packet ID 0x30; discarded 1 byte(s)
[02:34:57.491] BAD_PACKET[COM9] unknown packet ID 0x30; discarded 1 byte(s)
[02:34:57.491] BAD_PACKET[COM9] unknown packet ID 0x30; discarded 1 byte(s)
[02:34:57.491] BAD_PACKET[COM9] unknown packet ID 0x20; discarded 1 byte(s)
[02:34:57.491] BAD_PACKET[COM9] unknown packet ID 0x6c; discarded 1 byte(s)
[02:34:57.492] BAD_PACKET[COM9] unknown packet ID 0x65; discarded 1 byte(s)
[02:34:57.492] BAD_PACKET[COM9] unknown packet ID 0x6e; discarded 1 byte(s)
[02:34:57.492] BAD_PACKET[COM9] unknown packet ID 0x20; discarded 1 byte(s)
[02:34:57.492] BAD_PACKET[COM9] unknown packet ID 0x30; discarded 1 byte(s)
[02:34:57.493] BAD_PACKET[COM9] unknown packet ID 0x30; discarded 1 byte(s)
[02:34:57.493] BAD_PACKET[COM9] unknown packet ID 0x30; discarded 1 byte(s)
[02:34:57.493] BAD_PACKET[COM9] unknown packet ID 0x30; discarded 1 byte(s)
[02:34:57.494] BAD_PACKET[COM9] unknown packet ID 0x38; discarded 1 byte(s)
[02:34:57.494] BAD_PACKET[COM9] unknown packet ID 0x30; discarded 1 byte(s)
[02:34:57.494] BAD_PACKET[COM9] unknown packet ID 0x30; discarded 1 byte(s)
[02:34:57.494] BAD_PACKET[COM9] unknown packet ID 0x30; discarded 1 byte(s)
[02:34:57.495] BAD_PACKET[COM9] unknown packet ID 0x20; discarded 1 byte(s)
[02:34:57.495] BAD_PACKET[COM9] unknown packet ID 0x28; discarded 1 byte(s)
[02:34:57.495] BAD_PACKET[COM9] unknown packet ID 0x33; discarded 1 byte(s)
[02:34:57.495] BAD_PACKET[COM9] unknown packet ID 0x32; discarded 1 byte(s)
[02:34:57.496] BAD_PACKET[COM9] unknown packet ID 0x20; discarded 1 byte(s)
[02:34:57.496] BAD_PACKET[COM9] unknown packet ID 0x4b; discarded 1 byte(s)
[02:34:57.496] BAD_PACKET[COM9] unknown packet ID 0x69; discarded 1 byte(s)
[02:34:57.497] BAD_PACKET[COM9] unknown packet ID 0x42; discarded 1 byte(s)
[02:34:57.497] BAD_PACKET[COM9] unknown packet ID 0x29; discarded 1 byte(s)
[02:34:57.497] BAD_PACKET[COM9] unknown packet ID 0x3a; discarded 1 byte(s)
[02:34:57.497] BAD_PACKET[COM9] unknown packet ID 0x20; discarded 1 byte(s)
[02:34:57.498] BAD_PACKET[COM9] unknown packet ID 0x44; discarded 1 byte(s)
[02:34:57.498] BAD_PACKET[COM9] unknown packet ID 0x52; discarded 1 byte(s)
[02:34:57.498] BAD_PACKET[COM9] unknown packet ID 0x41; discarded 1 byte(s)
[02:34:57.498] BAD_PACKET[COM9] unknown packet ID 0x4d; discarded 1 byte(s)
[02:34:57.499] BAD_PACKET[COM9] unknown packet ID 0x0d; discarded 1 byte(s)
[02:34:57.499] BAD_PACKET[COM9] unknown packet ID 0x0a; discarded 1 byte(s)
[02:34:57.499] RX[COM9]  49
[02:34:57.499] BAD_PACKET[COM9] unknown packet ID 0x49; discarded 1 byte(s)
[02:34:57.500] RX[COM9]  20 28 32 33 33 29 20 68 65 61 70 5f 69 6e 69 74 3a 20 41 74 20 36 30 30 46 45 30 30 30 20 6c 65 6e 20 30 30 30 30 31 46 45 38 20 28 37 20 4b 69 42 29 3a 20 52 54 43 52 41 4d 0d 0a
[02:34:57.500] BAD_PACKET[COM9] unknown packet ID 0x20; discarded 1 byte(s)
[02:34:57.500] BAD_PACKET[COM9] unknown packet ID 0x28; discarded 1 byte(s)
[02:34:57.501] BAD_PACKET[COM9] unknown packet ID 0x32; discarded 1 byte(s)
[02:34:57.501] BAD_PACKET[COM9] unknown packet ID 0x33; discarded 1 byte(s)
[02:34:57.501] BAD_PACKET[COM9] unknown packet ID 0x33; discarded 1 byte(s)
[02:34:57.501] BAD_PACKET[COM9] unknown packet ID 0x29; discarded 1 byte(s)
[02:34:57.502] BAD_PACKET[COM9] unknown packet ID 0x20; discarded 1 byte(s)
[02:34:57.502] BAD_PACKET[COM9] unknown packet ID 0x68; discarded 1 byte(s)
[02:34:57.503] BAD_PACKET[COM9] unknown packet ID 0x65; discarded 1 byte(s)
[02:34:57.503] BAD_PACKET[COM9] unknown packet ID 0x61; discarded 1 byte(s)
[02:34:57.504] BAD_PACKET[COM9] unknown packet ID 0x70; discarded 1 byte(s)
[02:34:57.504] BAD_PACKET[COM9] unknown packet ID 0x5f; discarded 1 byte(s)
[02:34:57.504] BAD_PACKET[COM9] unknown packet ID 0x69; discarded 1 byte(s)
[02:34:57.504] BAD_PACKET[COM9] unknown packet ID 0x6e; discarded 1 byte(s)
[02:34:57.505] BAD_PACKET[COM9] unknown packet ID 0x69; discarded 1 byte(s)
[02:34:57.505] BAD_PACKET[COM9] unknown packet ID 0x74; discarded 1 byte(s)
[02:34:57.505] BAD_PACKET[COM9] unknown packet ID 0x3a; discarded 1 byte(s)
[02:34:57.505] BAD_PACKET[COM9] unknown packet ID 0x20; discarded 1 byte(s)
[02:34:57.506] BAD_PACKET[COM9] unknown packet ID 0x41; discarded 1 byte(s)
[02:34:57.506] BAD_PACKET[COM9] unknown packet ID 0x74; discarded 1 byte(s)
[02:34:57.506] BAD_PACKET[COM9] unknown packet ID 0x20; discarded 1 byte(s)
[02:34:57.507] BAD_PACKET[COM9] unknown packet ID 0x36; discarded 1 byte(s)
[02:34:57.507] BAD_PACKET[COM9] unknown packet ID 0x30; discarded 1 byte(s)
[02:34:57.507] BAD_PACKET[COM9] unknown packet ID 0x30; discarded 1 byte(s)
[02:34:57.509] BAD_PACKET[COM9] unknown packet ID 0x46; discarded 1 byte(s)
[02:34:57.509] BAD_PACKET[COM9] unknown packet ID 0x45; discarded 1 byte(s)
[02:34:57.510] BAD_PACKET[COM9] unknown packet ID 0x30; discarded 1 byte(s)
[02:34:57.510] BAD_PACKET[COM9] unknown packet ID 0x30; discarded 1 byte(s)
[02:34:57.511] BAD_PACKET[COM9] unknown packet ID 0x30; discarded 1 byte(s)
[02:34:57.511] BAD_PACKET[COM9] unknown packet ID 0x20; discarded 1 byte(s)
[02:34:57.511] BAD_PACKET[COM9] unknown packet ID 0x6c; discarded 1 byte(s)
[02:34:57.511] BAD_PACKET[COM9] unknown packet ID 0x65; discarded 1 byte(s)
[02:34:57.512] BAD_PACKET[COM9] unknown packet ID 0x6e; discarded 1 byte(s)
[02:34:57.512] BAD_PACKET[COM9] unknown packet ID 0x20; discarded 1 byte(s)
[02:34:57.512] BAD_PACKET[COM9] unknown packet ID 0x30; discarded 1 byte(s)
[02:34:57.513] BAD_PACKET[COM9] unknown packet ID 0x30; discarded 1 byte(s)
[02:34:57.513] BAD_PACKET[COM9] unknown packet ID 0x30; discarded 1 byte(s)
[02:34:57.513] BAD_PACKET[COM9] unknown packet ID 0x30; discarded 1 byte(s)
[02:34:57.514] BAD_PACKET[COM9] unknown packet ID 0x31; discarded 1 byte(s)
[02:34:57.514] BAD_PACKET[COM9] unknown packet ID 0x46; discarded 1 byte(s)
[02:34:57.514] BAD_PACKET[COM9] unknown packet ID 0x45; discarded 1 byte(s)
[02:34:57.515] BAD_PACKET[COM9] unknown packet ID 0x38; discarded 1 byte(s)
[02:34:57.515] BAD_PACKET[COM9] unknown packet ID 0x20; discarded 1 byte(s)
[02:34:57.515] BAD_PACKET[COM9] unknown packet ID 0x28; discarded 1 byte(s)
[02:34:57.516] BAD_PACKET[COM9] unknown packet ID 0x37; discarded 1 byte(s)
[02:34:57.516] BAD_PACKET[COM9] unknown packet ID 0x20; discarded 1 byte(s)
[02:34:57.516] BAD_PACKET[COM9] unknown packet ID 0x4b; discarded 1 byte(s)
[02:34:57.516] BAD_PACKET[COM9] unknown packet ID 0x69; discarded 1 byte(s)
[02:34:57.517] BAD_PACKET[COM9] unknown packet ID 0x42; discarded 1 byte(s)
[02:34:57.517] BAD_PACKET[COM9] unknown packet ID 0x29; discarded 1 byte(s)
[02:34:57.517] BAD_PACKET[COM9] unknown packet ID 0x3a; discarded 1 byte(s)
[02:34:57.517] BAD_PACKET[COM9] unknown packet ID 0x20; discarded 1 byte(s)
[02:34:57.518] BAD_PACKET[COM9] unknown packet ID 0x52; discarded 1 byte(s)
[02:34:57.518] BAD_PACKET[COM9] unknown packet ID 0x54; discarded 1 byte(s)
[02:34:57.518] BAD_PACKET[COM9] unknown packet ID 0x43; discarded 1 byte(s)
[02:34:57.519] BAD_PACKET[COM9] unknown packet ID 0x52; discarded 1 byte(s)
[02:34:57.519] BAD_PACKET[COM9] unknown packet ID 0x41; discarded 1 byte(s)
[02:34:57.519] BAD_PACKET[COM9] unknown packet ID 0x4d; discarded 1 byte(s)
[02:34:57.519] BAD_PACKET[COM9] unknown packet ID 0x0d; discarded 1 byte(s)
[02:34:57.520] BAD_PACKET[COM9] unknown packet ID 0x0a; discarded 1 byte(s)
[02:34:57.520] RX[COM9]  49
[02:34:57.520] BAD_PACKET[COM9] unknown packet ID 0x49; discarded 1 byte(s)
[02:34:57.520] RX[COM9]  20 28 32 34 30 29 20 73 70 69 5f 66 6c 61 73 68 3a 20 64 65 74 65 63 74 65 64 20 63 68 69 70 3a 20 67 65 6e 65 72 69 63 0d 0a
[02:34:57.521] BAD_PACKET[COM9] unknown packet ID 0x20; discarded 1 byte(s)
[02:34:57.521] BAD_PACKET[COM9] unknown packet ID 0x28; discarded 1 byte(s)
[02:34:57.521] BAD_PACKET[COM9] unknown packet ID 0x32; discarded 1 byte(s)
[02:34:57.522] BAD_PACKET[COM9] unknown packet ID 0x34; discarded 1 byte(s)
[02:34:57.522] BAD_PACKET[COM9] unknown packet ID 0x30; discarded 1 byte(s)
[02:34:57.522] BAD_PACKET[COM9] unknown packet ID 0x29; discarded 1 byte(s)
[02:34:57.523] BAD_PACKET[COM9] unknown packet ID 0x20; discarded 1 byte(s)
[02:34:57.523] BAD_PACKET[COM9] unknown packet ID 0x73; discarded 1 byte(s)
[02:34:57.523] BAD_PACKET[COM9] unknown packet ID 0x70; discarded 1 byte(s)
[02:34:57.524] BAD_PACKET[COM9] unknown packet ID 0x69; discarded 1 byte(s)
[02:34:57.524] BAD_PACKET[COM9] unknown packet ID 0x5f; discarded 1 byte(s)
[02:34:57.524] BAD_PACKET[COM9] unknown packet ID 0x66; discarded 1 byte(s)
[02:34:57.524] BAD_PACKET[COM9] unknown packet ID 0x6c; discarded 1 byte(s)
[02:34:57.525] BAD_PACKET[COM9] unknown packet ID 0x61; discarded 1 byte(s)
[02:34:57.525] BAD_PACKET[COM9] unknown packet ID 0x73; discarded 1 byte(s)
[02:34:57.525] BAD_PACKET[COM9] unknown packet ID 0x68; discarded 1 byte(s)
[02:34:57.525] BAD_PACKET[COM9] unknown packet ID 0x3a; discarded 1 byte(s)
[02:34:57.526] BAD_PACKET[COM9] unknown packet ID 0x20; discarded 1 byte(s)
[02:34:57.526] BAD_PACKET[COM9] unknown packet ID 0x64; discarded 1 byte(s)
[02:34:57.526] BAD_PACKET[COM9] unknown packet ID 0x65; discarded 1 byte(s)
[02:34:57.526] BAD_PACKET[COM9] unknown packet ID 0x74; discarded 1 byte(s)
[02:34:57.527] BAD_PACKET[COM9] unknown packet ID 0x65; discarded 1 byte(s)
[02:34:57.527] BAD_PACKET[COM9] unknown packet ID 0x63; discarded 1 byte(s)
[02:34:57.527] BAD_PACKET[COM9] unknown packet ID 0x74; discarded 1 byte(s)
[02:34:57.527] BAD_PACKET[COM9] unknown packet ID 0x65; discarded 1 byte(s)
[02:34:57.528] BAD_PACKET[COM9] unknown packet ID 0x64; discarded 1 byte(s)
[02:34:57.530] BAD_PACKET[COM9] unknown packet ID 0x20; discarded 1 byte(s)
[02:34:57.532] BAD_PACKET[COM9] unknown packet ID 0x63; discarded 1 byte(s)
[02:34:57.534] BAD_PACKET[COM9] unknown packet ID 0x68; discarded 1 byte(s)
[02:34:57.536] BAD_PACKET[COM9] unknown packet ID 0x69; discarded 1 byte(s)
[02:34:57.538] BAD_PACKET[COM9] unknown packet ID 0x70; discarded 1 byte(s)
[02:34:57.541] BAD_PACKET[COM9] unknown packet ID 0x3a; discarded 1 byte(s)
[02:34:57.542] BAD_PACKET[COM9] unknown packet ID 0x20; discarded 1 byte(s)
[02:34:57.544] BAD_PACKET[COM9] unknown packet ID 0x67; discarded 1 byte(s)
[02:34:57.546] BAD_PACKET[COM9] unknown packet ID 0x65; discarded 1 byte(s)
[02:34:57.550] BAD_PACKET[COM9] unknown packet ID 0x6e; discarded 1 byte(s)
[02:34:57.552] BAD_PACKET[COM9] unknown packet ID 0x65; discarded 1 byte(s)
[02:34:57.555] BAD_PACKET[COM9] unknown packet ID 0x72; discarded 1 byte(s)
[02:34:57.557] BAD_PACKET[COM9] unknown packet ID 0x69; discarded 1 byte(s)
[02:34:57.559] BAD_PACKET[COM9] unknown packet ID 0x63; discarded 1 byte(s)
[02:34:57.562] BAD_PACKET[COM9] unknown packet ID 0x0d; discarded 1 byte(s)
[02:34:57.564] BAD_PACKET[COM9] unknown packet ID 0x0a; discarded 1 byte(s)
[02:34:57.567] RX[COM9]  49
[02:34:57.569] BAD_PACKET[COM9] unknown packet ID 0x49; discarded 1 byte(s)
[02:34:57.573] RX[COM9]  20 28 32 34 32 29 20 73 70 69 5f 66 6c 61 73 68 3a 20 66 6c 61 73 68 20 69 6f 3a 20 64 69 6f 0d 0a
[02:34:57.575] BAD_PACKET[COM9] unknown packet ID 0x20; discarded 1 byte(s)
[02:34:57.579] BAD_PACKET[COM9] unknown packet ID 0x28; discarded 1 byte(s)
[02:34:57.583] BAD_PACKET[COM9] unknown packet ID 0x32; discarded 1 byte(s)
[02:34:57.587] BAD_PACKET[COM9] unknown packet ID 0x34; discarded 1 byte(s)
[02:34:57.589] BAD_PACKET[COM9] unknown packet ID 0x32; discarded 1 byte(s)
[02:34:57.592] BAD_PACKET[COM9] unknown packet ID 0x29; discarded 1 byte(s)
[02:34:57.595] BAD_PACKET[COM9] unknown packet ID 0x20; discarded 1 byte(s)
[02:34:57.597] BAD_PACKET[COM9] unknown packet ID 0x73; discarded 1 byte(s)
[02:34:57.600] BAD_PACKET[COM9] unknown packet ID 0x70; discarded 1 byte(s)
[02:34:57.603] BAD_PACKET[COM9] unknown packet ID 0x69; discarded 1 byte(s)
[02:34:57.606] BAD_PACKET[COM9] unknown packet ID 0x5f; discarded 1 byte(s)
[02:34:57.608] BAD_PACKET[COM9] unknown packet ID 0x66; discarded 1 byte(s)
[02:34:57.612] BAD_PACKET[COM9] unknown packet ID 0x6c; discarded 1 byte(s)
[02:34:57.615] BAD_PACKET[COM9] unknown packet ID 0x61; discarded 1 byte(s)
[02:34:57.618] BAD_PACKET[COM9] unknown packet ID 0x73; discarded 1 byte(s)
[02:34:57.623] BAD_PACKET[COM9] unknown packet ID 0x68; discarded 1 byte(s)
[02:34:57.626] BAD_PACKET[COM9] unknown packet ID 0x3a; discarded 1 byte(s)
[02:34:57.630] BAD_PACKET[COM9] unknown packet ID 0x20; discarded 1 byte(s)
[02:34:57.634] BAD_PACKET[COM9] unknown packet ID 0x66; discarded 1 byte(s)
[02:34:57.637] BAD_PACKET[COM9] unknown packet ID 0x6c; discarded 1 byte(s)
[02:34:57.640] BAD_PACKET[COM9] unknown packet ID 0x61; discarded 1 byte(s)
[02:34:57.644] BAD_PACKET[COM9] unknown packet ID 0x73; discarded 1 byte(s)
[02:34:57.647] BAD_PACKET[COM9] unknown packet ID 0x68; discarded 1 byte(s)
[02:34:57.650] BAD_PACKET[COM9] unknown packet ID 0x20; discarded 1 byte(s)
[02:34:57.654] BAD_PACKET[COM9] unknown packet ID 0x69; discarded 1 byte(s)
[02:34:57.656] BAD_PACKET[COM9] unknown packet ID 0x6f; discarded 1 byte(s)
[02:34:57.659] BAD_PACKET[COM9] unknown packet ID 0x3a; discarded 1 byte(s)
[02:34:57.666] BAD_PACKET[COM9] unknown packet ID 0x20; discarded 1 byte(s)
[02:34:57.669] BAD_PACKET[COM9] unknown packet ID 0x64; discarded 1 byte(s)
[02:34:57.680] BAD_PACKET[COM9] unknown packet ID 0x69; discarded 1 byte(s)
[02:34:57.683] BAD_PACKET[COM9] unknown packet ID 0x6f; discarded 1 byte(s)
[02:34:57.686] BAD_PACKET[COM9] unknown packet ID 0x0d; discarded 1 byte(s)
[02:34:57.689] BAD_PACKET[COM9] unknown packet ID 0x0a; discarded 1 byte(s)
[02:34:57.693] RX[COM9]  57
[02:34:57.700] BAD_PACKET[COM9] unknown packet ID 0x57; discarded 1 byte(s)
[02:34:57.705] RX[COM9]  20 28 32 34 35 29 20 73 70 69 5f 66 6c 61 73 68 3a 20 44 65 74 65 63 74 65 64 20 73 69 7a 65 28 34 30 39 36 6b 29 20 6c 61 72 67 65 72 20 74 68 61 6e 20 74 68 65 20 73 69 7a 65 20 69 6e 20 74 68 65 20 62 69 6e 61 72 79 20 69 6d 61 67 65 20 68 65 61 64 65 72 28 32 30 34 38 6b 29 2e 20 55 73 69 6e 67 20 74 68 65 20 73 69 7a 65 20 69 6e 20 74 68 65 20 62 69 6e 61 72 79 20 69 6d 61 67 65 20 68 65 61 64 65 72 2e 0d 0a
[02:34:57.708] BAD_PACKET[COM9] unknown packet ID 0x20; discarded 1 byte(s)
[02:34:57.711] BAD_PACKET[COM9] unknown packet ID 0x28; discarded 1 byte(s)
[02:34:57.713] BAD_PACKET[COM9] unknown packet ID 0x32; discarded 1 byte(s)
[02:34:57.715] BAD_PACKET[COM9] unknown packet ID 0x34; discarded 1 byte(s)
[02:34:57.718] BAD_PACKET[COM9] unknown packet ID 0x35; discarded 1 byte(s)
[02:34:57.722] BAD_PACKET[COM9] unknown packet ID 0x29; discarded 1 byte(s)
[02:34:57.724] BAD_PACKET[COM9] unknown packet ID 0x20; discarded 1 byte(s)
[02:34:57.725] BAD_PACKET[COM9] unknown packet ID 0x73; discarded 1 byte(s)
[02:34:57.727] BAD_PACKET[COM9] unknown packet ID 0x70; discarded 1 byte(s)
[02:34:57.730] BAD_PACKET[COM9] unknown packet ID 0x69; discarded 1 byte(s)
[02:34:57.731] BAD_PACKET[COM9] unknown packet ID 0x5f; discarded 1 byte(s)
[02:34:57.732] BAD_PACKET[COM9] unknown packet ID 0x66; discarded 1 byte(s)
[02:34:57.733] BAD_PACKET[COM9] unknown packet ID 0x6c; discarded 1 byte(s)
[02:34:57.733] BAD_PACKET[COM9] unknown packet ID 0x61; discarded 1 byte(s)
[02:34:57.734] BAD_PACKET[COM9] unknown packet ID 0x73; discarded 1 byte(s)
[02:34:57.734] BAD_PACKET[COM9] unknown packet ID 0x68; discarded 1 byte(s)
[02:34:57.734] BAD_PACKET[COM9] unknown packet ID 0x3a; discarded 1 byte(s)
[02:34:57.735] BAD_PACKET[COM9] unknown packet ID 0x20; discarded 1 byte(s)
[02:34:57.735] BAD_PACKET[COM9] unknown packet ID 0x44; discarded 1 byte(s)
[02:34:57.736] BAD_PACKET[COM9] unknown packet ID 0x65; discarded 1 byte(s)
[02:34:57.737] BAD_PACKET[COM9] unknown packet ID 0x74; discarded 1 byte(s)
[02:34:57.738] BAD_PACKET[COM9] unknown packet ID 0x65; discarded 1 byte(s)
[02:34:57.738] BAD_PACKET[COM9] unknown packet ID 0x63; discarded 1 byte(s)
[02:34:57.738] BAD_PACKET[COM9] unknown packet ID 0x74; discarded 1 byte(s)
[02:34:57.739] BAD_PACKET[COM9] unknown packet ID 0x65; discarded 1 byte(s)
[02:34:57.739] BAD_PACKET[COM9] unknown packet ID 0x64; discarded 1 byte(s)
[02:34:57.740] BAD_PACKET[COM9] unknown packet ID 0x20; discarded 1 byte(s)
[02:34:57.740] BAD_PACKET[COM9] unknown packet ID 0x73; discarded 1 byte(s)
[02:34:57.740] BAD_PACKET[COM9] unknown packet ID 0x69; discarded 1 byte(s)
[02:34:57.741] BAD_PACKET[COM9] unknown packet ID 0x7a; discarded 1 byte(s)
[02:34:57.741] BAD_PACKET[COM9] unknown packet ID 0x65; discarded 1 byte(s)
[02:34:57.749] BAD_PACKET[COM9] unknown packet ID 0x28; discarded 1 byte(s)
[02:34:57.756] BAD_PACKET[COM9] unknown packet ID 0x34; discarded 1 byte(s)
[02:34:57.760] BAD_PACKET[COM9] unknown packet ID 0x30; discarded 1 byte(s)
[02:34:57.760] BAD_PACKET[COM9] unknown packet ID 0x39; discarded 1 byte(s)
[02:34:57.761] BAD_PACKET[COM9] unknown packet ID 0x36; discarded 1 byte(s)
[02:34:57.761] BAD_PACKET[COM9] unknown packet ID 0x6b; discarded 1 byte(s)
[02:34:57.761] BAD_PACKET[COM9] unknown packet ID 0x29; discarded 1 byte(s)
[02:34:57.762] BAD_PACKET[COM9] unknown packet ID 0x20; discarded 1 byte(s)
[02:34:57.762] BAD_PACKET[COM9] unknown packet ID 0x6c; discarded 1 byte(s)
[02:34:57.763] BAD_PACKET[COM9] unknown packet ID 0x61; discarded 1 byte(s)
[02:34:57.764] BAD_PACKET[COM9] unknown packet ID 0x72; discarded 1 byte(s)
[02:34:57.764] BAD_PACKET[COM9] unknown packet ID 0x67; discarded 1 byte(s)
[02:34:57.764] BAD_PACKET[COM9] unknown packet ID 0x65; discarded 1 byte(s)
[02:34:57.765] BAD_PACKET[COM9] unknown packet ID 0x72; discarded 1 byte(s)
[02:34:57.765] BAD_PACKET[COM9] unknown packet ID 0x20; discarded 1 byte(s)
[02:34:57.765] BAD_PACKET[COM9] unknown packet ID 0x74; discarded 1 byte(s)
[02:34:57.765] BAD_PACKET[COM9] unknown packet ID 0x68; discarded 1 byte(s)
[02:34:57.766] BAD_PACKET[COM9] unknown packet ID 0x61; discarded 1 byte(s)
[02:34:57.766] BAD_PACKET[COM9] unknown packet ID 0x6e; discarded 1 byte(s)
[02:34:57.766] BAD_PACKET[COM9] unknown packet ID 0x20; discarded 1 byte(s)
[02:34:57.767] BAD_PACKET[COM9] unknown packet ID 0x74; discarded 1 byte(s)
[02:34:57.767] BAD_PACKET[COM9] unknown packet ID 0x68; discarded 1 byte(s)
[02:34:57.767] BAD_PACKET[COM9] unknown packet ID 0x65; discarded 1 byte(s)
[02:34:57.767] BAD_PACKET[COM9] unknown packet ID 0x20; discarded 1 byte(s)
[02:34:57.768] BAD_PACKET[COM9] unknown packet ID 0x73; discarded 1 byte(s)
[02:34:57.768] BAD_PACKET[COM9] unknown packet ID 0x69; discarded 1 byte(s)
[02:34:57.768] BAD_PACKET[COM9] unknown packet ID 0x7a; discarded 1 byte(s)
[02:34:57.769] BAD_PACKET[COM9] unknown packet ID 0x65; discarded 1 byte(s)
[02:34:57.769] BAD_PACKET[COM9] unknown packet ID 0x20; discarded 1 byte(s)
[02:34:57.769] BAD_PACKET[COM9] unknown packet ID 0x69; discarded 1 byte(s)
[02:34:57.769] BAD_PACKET[COM9] unknown packet ID 0x6e; discarded 1 byte(s)
[02:34:57.770] BAD_PACKET[COM9] unknown packet ID 0x20; discarded 1 byte(s)
[02:34:57.770] BAD_PACKET[COM9] unknown packet ID 0x74; discarded 1 byte(s)
[02:34:57.770] BAD_PACKET[COM9] unknown packet ID 0x68; discarded 1 byte(s)
[02:34:57.771] BAD_PACKET[COM9] unknown packet ID 0x65; discarded 1 byte(s)
[02:34:57.771] BAD_PACKET[COM9] unknown packet ID 0x20; discarded 1 byte(s)
[02:34:57.771] BAD_PACKET[COM9] unknown packet ID 0x62; discarded 1 byte(s)
[02:34:57.771] BAD_PACKET[COM9] unknown packet ID 0x69; discarded 1 byte(s)
[02:34:57.772] BAD_PACKET[COM9] unknown packet ID 0x6e; discarded 1 byte(s)
[02:34:57.772] BAD_PACKET[COM9] unknown packet ID 0x61; discarded 1 byte(s)
[02:34:57.772] BAD_PACKET[COM9] unknown packet ID 0x72; discarded 1 byte(s)
[02:34:57.773] BAD_PACKET[COM9] unknown packet ID 0x79; discarded 1 byte(s)
[02:34:57.773] BAD_PACKET[COM9] unknown packet ID 0x20; discarded 1 byte(s)
[02:34:57.773] BAD_PACKET[COM9] unknown packet ID 0x69; discarded 1 byte(s)
[02:34:57.773] BAD_PACKET[COM9] unknown packet ID 0x6d; discarded 1 byte(s)
[02:34:57.774] BAD_PACKET[COM9] unknown packet ID 0x61; discarded 1 byte(s)
[02:34:57.774] BAD_PACKET[COM9] unknown packet ID 0x67; discarded 1 byte(s)
[02:34:57.774] BAD_PACKET[COM9] unknown packet ID 0x65; discarded 1 byte(s)
[02:34:57.775] BAD_PACKET[COM9] unknown packet ID 0x20; discarded 1 byte(s)
[02:34:57.775] BAD_PACKET[COM9] unknown packet ID 0x68; discarded 1 byte(s)
[02:34:57.775] BAD_PACKET[COM9] unknown packet ID 0x65; discarded 1 byte(s)
[02:34:57.775] BAD_PACKET[COM9] unknown packet ID 0x61; discarded 1 byte(s)
[02:34:57.776] BAD_PACKET[COM9] unknown packet ID 0x64; discarded 1 byte(s)
[02:34:57.776] BAD_PACKET[COM9] unknown packet ID 0x65; discarded 1 byte(s)
[02:34:57.776] BAD_PACKET[COM9] unknown packet ID 0x72; discarded 1 byte(s)
[02:34:57.776] BAD_PACKET[COM9] unknown packet ID 0x28; discarded 1 byte(s)
[02:34:57.777] BAD_PACKET[COM9] unknown packet ID 0x32; discarded 1 byte(s)
[02:34:57.777] BAD_PACKET[COM9] unknown packet ID 0x30; discarded 1 byte(s)
[02:34:57.777] BAD_PACKET[COM9] unknown packet ID 0x34; discarded 1 byte(s)
[02:34:57.778] BAD_PACKET[COM9] unknown packet ID 0x38; discarded 1 byte(s)
[02:34:57.778] BAD_PACKET[COM9] unknown packet ID 0x6b; discarded 1 byte(s)
[02:34:57.778] BAD_PACKET[COM9] unknown packet ID 0x29; discarded 1 byte(s)
[02:34:57.781] BAD_PACKET[COM9] unknown packet ID 0x2e; discarded 1 byte(s)
[02:34:57.781] BAD_PACKET[COM9] unknown packet ID 0x20; discarded 1 byte(s)
[02:34:57.782] BAD_PACKET[COM9] unknown packet ID 0x55; discarded 1 byte(s)
[02:34:57.782] BAD_PACKET[COM9] unknown packet ID 0x73; discarded 1 byte(s)
[02:34:57.782] BAD_PACKET[COM9] unknown packet ID 0x69; discarded 1 byte(s)
[02:34:57.783] BAD_PACKET[COM9] unknown packet ID 0x6e; discarded 1 byte(s)
[02:34:57.783] BAD_PACKET[COM9] unknown packet ID 0x67; discarded 1 byte(s)
[02:34:57.783] BAD_PACKET[COM9] unknown packet ID 0x20; discarded 1 byte(s)
[02:34:57.783] BAD_PACKET[COM9] unknown packet ID 0x74; discarded 1 byte(s)
[02:34:57.784] BAD_PACKET[COM9] unknown packet ID 0x68; discarded 1 byte(s)
[02:34:57.784] BAD_PACKET[COM9] unknown packet ID 0x65; discarded 1 byte(s)
[02:34:57.784] BAD_PACKET[COM9] unknown packet ID 0x20; discarded 1 byte(s)
[02:34:57.784] BAD_PACKET[COM9] unknown packet ID 0x73; discarded 1 byte(s)
[02:34:57.785] BAD_PACKET[COM9] unknown packet ID 0x69; discarded 1 byte(s)
[02:34:57.785] BAD_PACKET[COM9] unknown packet ID 0x7a; discarded 1 byte(s)
[02:34:57.785] BAD_PACKET[COM9] unknown packet ID 0x65; discarded 1 byte(s)
[02:34:57.785] BAD_PACKET[COM9] unknown packet ID 0x20; discarded 1 byte(s)
[02:34:57.786] BAD_PACKET[COM9] unknown packet ID 0x69; discarded 1 byte(s)
[02:34:57.786] BAD_PACKET[COM9] unknown packet ID 0x6e; discarded 1 byte(s)
[02:34:57.786] BAD_PACKET[COM9] unknown packet ID 0x20; discarded 1 byte(s)
[02:34:57.787] BAD_PACKET[COM9] unknown packet ID 0x74; discarded 1 byte(s)
[02:34:57.787] BAD_PACKET[COM9] unknown packet ID 0x68; discarded 1 byte(s)
[02:34:57.787] BAD_PACKET[COM9] unknown packet ID 0x65; discarded 1 byte(s)
[02:34:57.787] BAD_PACKET[COM9] unknown packet ID 0x20; discarded 1 byte(s)
[02:34:57.788] BAD_PACKET[COM9] unknown packet ID 0x62; discarded 1 byte(s)
[02:34:57.788] BAD_PACKET[COM9] unknown packet ID 0x69; discarded 1 byte(s)
[02:34:57.788] BAD_PACKET[COM9] unknown packet ID 0x6e; discarded 1 byte(s)
[02:34:57.788] BAD_PACKET[COM9] unknown packet ID 0x61; discarded 1 byte(s)
[02:34:57.789] BAD_PACKET[COM9] unknown packet ID 0x72; discarded 1 byte(s)
[02:34:57.789] BAD_PACKET[COM9] unknown packet ID 0x79; discarded 1 byte(s)
[02:34:57.789] BAD_PACKET[COM9] unknown packet ID 0x20; discarded 1 byte(s)
[02:34:57.790] BAD_PACKET[COM9] unknown packet ID 0x69; discarded 1 byte(s)
[02:34:57.790] BAD_PACKET[COM9] unknown packet ID 0x6d; discarded 1 byte(s)
[02:34:57.790] BAD_PACKET[COM9] unknown packet ID 0x61; discarded 1 byte(s)
[02:34:57.790] BAD_PACKET[COM9] unknown packet ID 0x67; discarded 1 byte(s)
[02:34:57.791] BAD_PACKET[COM9] unknown packet ID 0x65; discarded 1 byte(s)
[02:34:57.791] BAD_PACKET[COM9] unknown packet ID 0x20; discarded 1 byte(s)
[02:34:57.791] BAD_PACKET[COM9] unknown packet ID 0x68; discarded 1 byte(s)
[02:34:57.791] BAD_PACKET[COM9] unknown packet ID 0x65; discarded 1 byte(s)
[02:34:57.792] BAD_PACKET[COM9] unknown packet ID 0x61; discarded 1 byte(s)
[02:34:57.792] BAD_PACKET[COM9] unknown packet ID 0x64; discarded 1 byte(s)
[02:34:57.792] BAD_PACKET[COM9] unknown packet ID 0x65; discarded 1 byte(s)
[02:34:57.792] BAD_PACKET[COM9] unknown packet ID 0x72; discarded 1 byte(s)
[02:34:57.793] BAD_PACKET[COM9] unknown packet ID 0x2e; discarded 1 byte(s)
[02:34:57.793] BAD_PACKET[COM9] unknown packet ID 0x0d; discarded 1 byte(s)
[02:34:57.793] BAD_PACKET[COM9] unknown packet ID 0x0a; discarded 1 byte(s)
[02:34:57.794] RX[COM9]  49
[02:34:57.794] BAD_PACKET[COM9] unknown packet ID 0x49; discarded 1 byte(s)
[02:34:57.794] RX[COM9]  20 28 32 35 38 29 20 73 6c 65 65 70 5f 67 70 69 6f 3a 20 43 6f 6e 66 69 67 75 72 65 20 74 6f 20 69 73 6f 6c 61 74 65 20 61 6c 6c 20 47 50 49 4f 20 70 69 6e 73 20 69 6e 20 73 6c 65 65 70 20 73 74 61 74 65 0d 0a
[02:34:57.795] BAD_PACKET[COM9] unknown packet ID 0x20; discarded 1 byte(s)
[02:34:57.795] BAD_PACKET[COM9] unknown packet ID 0x28; discarded 1 byte(s)
[02:34:57.796] BAD_PACKET[COM9] unknown packet ID 0x32; discarded 1 byte(s)
[02:34:57.796] BAD_PACKET[COM9] unknown packet ID 0x35; discarded 1 byte(s)
[02:34:57.796] BAD_PACKET[COM9] unknown packet ID 0x38; discarded 1 byte(s)
[02:34:57.797] BAD_PACKET[COM9] unknown packet ID 0x29; discarded 1 byte(s)
[02:34:57.797] BAD_PACKET[COM9] unknown packet ID 0x20; discarded 1 byte(s)
[02:34:57.797] BAD_PACKET[COM9] unknown packet ID 0x73; discarded 1 byte(s)
[02:34:57.797] BAD_PACKET[COM9] unknown packet ID 0x6c; discarded 1 byte(s)
[02:34:57.798] BAD_PACKET[COM9] unknown packet ID 0x65; discarded 1 byte(s)
[02:34:57.798] BAD_PACKET[COM9] unknown packet ID 0x65; discarded 1 byte(s)
[02:34:57.798] BAD_PACKET[COM9] unknown packet ID 0x70; discarded 1 byte(s)
[02:34:57.799] BAD_PACKET[COM9] unknown packet ID 0x5f; discarded 1 byte(s)
[02:34:57.799] BAD_PACKET[COM9] unknown packet ID 0x67; discarded 1 byte(s)
[02:34:57.799] BAD_PACKET[COM9] unknown packet ID 0x70; discarded 1 byte(s)
[02:34:57.799] BAD_PACKET[COM9] unknown packet ID 0x69; discarded 1 byte(s)
[02:34:57.800] BAD_PACKET[COM9] unknown packet ID 0x6f; discarded 1 byte(s)
[02:34:57.800] BAD_PACKET[COM9] unknown packet ID 0x3a; discarded 1 byte(s)
[02:34:57.800] BAD_PACKET[COM9] unknown packet ID 0x20; discarded 1 byte(s)
[02:34:57.800] BAD_PACKET[COM9] unknown packet ID 0x43; discarded 1 byte(s)
[02:34:57.801] BAD_PACKET[COM9] unknown packet ID 0x6f; discarded 1 byte(s)
[02:34:57.801] BAD_PACKET[COM9] unknown packet ID 0x6e; discarded 1 byte(s)
[02:34:57.801] BAD_PACKET[COM9] unknown packet ID 0x66; discarded 1 byte(s)
[02:34:57.802] BAD_PACKET[COM9] unknown packet ID 0x69; discarded 1 byte(s)
[02:34:57.802] BAD_PACKET[COM9] unknown packet ID 0x67; discarded 1 byte(s)
[02:34:57.802] BAD_PACKET[COM9] unknown packet ID 0x75; discarded 1 byte(s)
[02:34:57.802] BAD_PACKET[COM9] unknown packet ID 0x72; discarded 1 byte(s)
[02:34:57.803] BAD_PACKET[COM9] unknown packet ID 0x65; discarded 1 byte(s)
[02:34:57.803] BAD_PACKET[COM9] unknown packet ID 0x20; discarded 1 byte(s)
[02:34:57.803] BAD_PACKET[COM9] unknown packet ID 0x74; discarded 1 byte(s)
[02:34:57.803] BAD_PACKET[COM9] unknown packet ID 0x6f; discarded 1 byte(s)
[02:34:57.804] BAD_PACKET[COM9] unknown packet ID 0x20; discarded 1 byte(s)
[02:34:57.804] BAD_PACKET[COM9] unknown packet ID 0x69; discarded 1 byte(s)
[02:34:57.804] BAD_PACKET[COM9] unknown packet ID 0x73; discarded 1 byte(s)
[02:34:57.804] BAD_PACKET[COM9] unknown packet ID 0x6f; discarded 1 byte(s)
[02:34:57.805] BAD_PACKET[COM9] unknown packet ID 0x6c; discarded 1 byte(s)
[02:34:57.805] BAD_PACKET[COM9] unknown packet ID 0x61; discarded 1 byte(s)
[02:34:57.805] BAD_PACKET[COM9] unknown packet ID 0x74; discarded 1 byte(s)
[02:34:57.805] BAD_PACKET[COM9] unknown packet ID 0x65; discarded 1 byte(s)
[02:34:57.806] BAD_PACKET[COM9] unknown packet ID 0x20; discarded 1 byte(s)
[02:34:57.806] BAD_PACKET[COM9] unknown packet ID 0x61; discarded 1 byte(s)
[02:34:57.806] BAD_PACKET[COM9] unknown packet ID 0x6c; discarded 1 byte(s)
[02:34:57.806] BAD_PACKET[COM9] unknown packet ID 0x6c; discarded 1 byte(s)
[02:34:57.807] BAD_PACKET[COM9] unknown packet ID 0x20; discarded 1 byte(s)
[02:34:57.807] BAD_PACKET[COM9] unknown packet ID 0x47; discarded 1 byte(s)
[02:34:57.807] BAD_PACKET[COM9] unknown packet ID 0x50; discarded 1 byte(s)
[02:34:57.808] BAD_PACKET[COM9] unknown packet ID 0x49; discarded 1 byte(s)
[02:34:57.808] BAD_PACKET[COM9] unknown packet ID 0x4f; discarded 1 byte(s)
[02:34:57.808] BAD_PACKET[COM9] unknown packet ID 0x20; discarded 1 byte(s)
[02:34:57.808] BAD_PACKET[COM9] unknown packet ID 0x70; discarded 1 byte(s)
[02:34:57.809] BAD_PACKET[COM9] unknown packet ID 0x69; discarded 1 byte(s)
[02:34:57.809] BAD_PACKET[COM9] unknown packet ID 0x6e; discarded 1 byte(s)
[02:34:57.809] BAD_PACKET[COM9] unknown packet ID 0x73; discarded 1 byte(s)
[02:34:57.809] BAD_PACKET[COM9] unknown packet ID 0x20; discarded 1 byte(s)
[02:34:57.810] BAD_PACKET[COM9] unknown packet ID 0x69; discarded 1 byte(s)
[02:34:57.811] BAD_PACKET[COM9] unknown packet ID 0x6e; discarded 1 byte(s)
[02:34:57.811] BAD_PACKET[COM9] unknown packet ID 0x20; discarded 1 byte(s)
[02:34:57.811] BAD_PACKET[COM9] unknown packet ID 0x73; discarded 1 byte(s)
[02:34:57.812] BAD_PACKET[COM9] unknown packet ID 0x6c; discarded 1 byte(s)
[02:34:57.812] BAD_PACKET[COM9] unknown packet ID 0x65; discarded 1 byte(s)
[02:34:57.812] BAD_PACKET[COM9] unknown packet ID 0x65; discarded 1 byte(s)
[02:34:57.812] BAD_PACKET[COM9] unknown packet ID 0x70; discarded 1 byte(s)
[02:34:57.813] BAD_PACKET[COM9] unknown packet ID 0x20; discarded 1 byte(s)
[02:34:57.813] BAD_PACKET[COM9] unknown packet ID 0x73; discarded 1 byte(s)
[02:34:57.813] BAD_PACKET[COM9] unknown packet ID 0x74; discarded 1 byte(s)
[02:34:57.813] BAD_PACKET[COM9] unknown packet ID 0x61; discarded 1 byte(s)
[02:34:57.814] BAD_PACKET[COM9] unknown packet ID 0x74; discarded 1 byte(s)
[02:34:57.814] BAD_PACKET[COM9] unknown packet ID 0x65; discarded 1 byte(s)
[02:34:57.814] BAD_PACKET[COM9] unknown packet ID 0x0d; discarded 1 byte(s)
[02:34:57.815] BAD_PACKET[COM9] unknown packet ID 0x0a; discarded 1 byte(s)
[02:34:57.815] RX[COM9]  49
[02:34:57.815] BAD_PACKET[COM9] unknown packet ID 0x49; discarded 1 byte(s)
[02:34:57.815] RX[COM9]  20 28 32 36 34 29 20 73 6c 65 65 70 5f 67 70 69 6f 3a 20 45 6e 61 62 6c 65 20 61 75 74 6f 6d 61 74 69 63 20 73 77 69 74 63 68 69 6e 67 20 6f 66 20 47 50 49 4f 20 73 6c 65 65 70 20 63 6f 6e 66 69 67 75 72 61 74 69 6f 6e 0d 0a
[02:34:57.816] BAD_PACKET[COM9] unknown packet ID 0x20; discarded 1 byte(s)
[02:34:57.816] BAD_PACKET[COM9] unknown packet ID 0x28; discarded 1 byte(s)
[02:34:57.816] BAD_PACKET[COM9] unknown packet ID 0x32; discarded 1 byte(s)
[02:34:57.816] BAD_PACKET[COM9] unknown packet ID 0x36; discarded 1 byte(s)
[02:34:57.817] BAD_PACKET[COM9] unknown packet ID 0x34; discarded 1 byte(s)
[02:34:57.817] BAD_PACKET[COM9] unknown packet ID 0x29; discarded 1 byte(s)
[02:34:57.817] BAD_PACKET[COM9] unknown packet ID 0x20; discarded 1 byte(s)
[02:34:57.817] BAD_PACKET[COM9] unknown packet ID 0x73; discarded 1 byte(s)
[02:34:57.818] BAD_PACKET[COM9] unknown packet ID 0x6c; discarded 1 byte(s)
[02:34:57.818] BAD_PACKET[COM9] unknown packet ID 0x65; discarded 1 byte(s)
[02:34:57.818] BAD_PACKET[COM9] unknown packet ID 0x65; discarded 1 byte(s)
[02:34:57.818] BAD_PACKET[COM9] unknown packet ID 0x70; discarded 1 byte(s)
[02:34:57.819] BAD_PACKET[COM9] unknown packet ID 0x5f; discarded 1 byte(s)
[02:34:57.819] BAD_PACKET[COM9] unknown packet ID 0x67; discarded 1 byte(s)
[02:34:57.819] BAD_PACKET[COM9] unknown packet ID 0x70; discarded 1 byte(s)
[02:34:57.820] BAD_PACKET[COM9] unknown packet ID 0x69; discarded 1 byte(s)
[02:34:57.820] BAD_PACKET[COM9] unknown packet ID 0x6f; discarded 1 byte(s)
[02:34:57.820] BAD_PACKET[COM9] unknown packet ID 0x3a; discarded 1 byte(s)
[02:34:57.820] BAD_PACKET[COM9] unknown packet ID 0x20; discarded 1 byte(s)
[02:34:57.821] BAD_PACKET[COM9] unknown packet ID 0x45; discarded 1 byte(s)
[02:34:57.821] BAD_PACKET[COM9] unknown packet ID 0x6e; discarded 1 byte(s)
[02:34:57.821] BAD_PACKET[COM9] unknown packet ID 0x61; discarded 1 byte(s)
[02:34:57.821] BAD_PACKET[COM9] unknown packet ID 0x62; discarded 1 byte(s)
[02:34:57.822] BAD_PACKET[COM9] unknown packet ID 0x6c; discarded 1 byte(s)
[02:34:57.822] BAD_PACKET[COM9] unknown packet ID 0x65; discarded 1 byte(s)
[02:34:57.822] BAD_PACKET[COM9] unknown packet ID 0x20; discarded 1 byte(s)
[02:34:57.822] BAD_PACKET[COM9] unknown packet ID 0x61; discarded 1 byte(s)
[02:34:57.823] BAD_PACKET[COM9] unknown packet ID 0x75; discarded 1 byte(s)
[02:34:57.823] BAD_PACKET[COM9] unknown packet ID 0x74; discarded 1 byte(s)
[02:34:57.823] BAD_PACKET[COM9] unknown packet ID 0x6f; discarded 1 byte(s)
[02:34:57.824] BAD_PACKET[COM9] unknown packet ID 0x6d; discarded 1 byte(s)
[02:34:57.824] BAD_PACKET[COM9] unknown packet ID 0x61; discarded 1 byte(s)
[02:34:57.824] BAD_PACKET[COM9] unknown packet ID 0x74; discarded 1 byte(s)
[02:34:57.824] BAD_PACKET[COM9] unknown packet ID 0x69; discarded 1 byte(s)
[02:34:57.825] BAD_PACKET[COM9] unknown packet ID 0x63; discarded 1 byte(s)
[02:34:57.825] BAD_PACKET[COM9] unknown packet ID 0x20; discarded 1 byte(s)
[02:34:57.825] BAD_PACKET[COM9] unknown packet ID 0x73; discarded 1 byte(s)
[02:34:57.825] BAD_PACKET[COM9] unknown packet ID 0x77; discarded 1 byte(s)
[02:34:57.826] BAD_PACKET[COM9] unknown packet ID 0x69; discarded 1 byte(s)
[02:34:57.826] BAD_PACKET[COM9] unknown packet ID 0x74; discarded 1 byte(s)
[02:34:57.826] BAD_PACKET[COM9] unknown packet ID 0x63; discarded 1 byte(s)
[02:34:57.827] BAD_PACKET[COM9] unknown packet ID 0x68; discarded 1 byte(s)
[02:34:57.827] BAD_PACKET[COM9] unknown packet ID 0x69; discarded 1 byte(s)
[02:34:57.827] BAD_PACKET[COM9] unknown packet ID 0x6e; discarded 1 byte(s)
[02:34:57.828] BAD_PACKET[COM9] unknown packet ID 0x67; discarded 1 byte(s)
[02:34:57.828] BAD_PACKET[COM9] unknown packet ID 0x20; discarded 1 byte(s)
[02:34:57.828] BAD_PACKET[COM9] unknown packet ID 0x6f; discarded 1 byte(s)
[02:34:57.828] BAD_PACKET[COM9] unknown packet ID 0x66; discarded 1 byte(s)
[02:34:57.829] BAD_PACKET[COM9] unknown packet ID 0x20; discarded 1 byte(s)
[02:34:57.829] BAD_PACKET[COM9] unknown packet ID 0x47; discarded 1 byte(s)
[02:34:57.829] BAD_PACKET[COM9] unknown packet ID 0x50; discarded 1 byte(s)
[02:34:57.829] BAD_PACKET[COM9] unknown packet ID 0x49; discarded 1 byte(s)
[02:34:57.830] BAD_PACKET[COM9] unknown packet ID 0x4f; discarded 1 byte(s)
[02:34:57.830] BAD_PACKET[COM9] unknown packet ID 0x20; discarded 1 byte(s)
[02:34:57.830] BAD_PACKET[COM9] unknown packet ID 0x73; discarded 1 byte(s)
[02:34:57.830] BAD_PACKET[COM9] unknown packet ID 0x6c; discarded 1 byte(s)
[02:34:57.831] BAD_PACKET[COM9] unknown packet ID 0x65; discarded 1 byte(s)
[02:34:57.831] BAD_PACKET[COM9] unknown packet ID 0x65; discarded 1 byte(s)
[02:34:57.831] BAD_PACKET[COM9] unknown packet ID 0x70; discarded 1 byte(s)
[02:34:57.831] BAD_PACKET[COM9] unknown packet ID 0x20; discarded 1 byte(s)
[02:34:57.832] BAD_PACKET[COM9] unknown packet ID 0x63; discarded 1 byte(s)
[02:34:57.832] BAD_PACKET[COM9] unknown packet ID 0x6f; discarded 1 byte(s)
[02:34:57.832] BAD_PACKET[COM9] unknown packet ID 0x6e; discarded 1 byte(s)
[02:34:57.832] BAD_PACKET[COM9] unknown packet ID 0x66; discarded 1 byte(s)
[02:34:57.833] BAD_PACKET[COM9] unknown packet ID 0x69; discarded 1 byte(s)
[02:34:57.833] BAD_PACKET[COM9] unknown packet ID 0x67; discarded 1 byte(s)
[02:34:57.833] BAD_PACKET[COM9] unknown packet ID 0x75; discarded 1 byte(s)
[02:34:57.833] BAD_PACKET[COM9] unknown packet ID 0x72; discarded 1 byte(s)
[02:34:57.834] BAD_PACKET[COM9] unknown packet ID 0x61; discarded 1 byte(s)
[02:34:57.834] BAD_PACKET[COM9] unknown packet ID 0x74; discarded 1 byte(s)
[02:34:57.834] BAD_PACKET[COM9] unknown packet ID 0x69; discarded 1 byte(s)
[02:34:57.834] BAD_PACKET[COM9] unknown packet ID 0x6f; discarded 1 byte(s)
[02:34:57.835] BAD_PACKET[COM9] unknown packet ID 0x6e; discarded 1 byte(s)
[02:34:57.835] BAD_PACKET[COM9] unknown packet ID 0x0d; discarded 1 byte(s)
[02:34:57.835] BAD_PACKET[COM9] unknown packet ID 0x0a; discarded 1 byte(s)
[02:34:57.835] RX[COM9]  49
[02:34:57.836] BAD_PACKET[COM9] unknown packet ID 0x49; discarded 1 byte(s)
[02:34:57.836] RX[COM9]  20 28 32 37 31 29 20 6d 61 69 6e 5f 74 61 73 6b 3a 20 53 74 61 72 74 65 64 20 6f 6e 20 43 50 55 30 0d 0a
[02:34:57.836] BAD_PACKET[COM9] unknown packet ID 0x20; discarded 1 byte(s)
[02:34:57.836] BAD_PACKET[COM9] unknown packet ID 0x28; discarded 1 byte(s)
[02:34:57.837] BAD_PACKET[COM9] unknown packet ID 0x32; discarded 1 byte(s)
[02:34:57.837] BAD_PACKET[COM9] unknown packet ID 0x37; discarded 1 byte(s)
[02:34:57.837] BAD_PACKET[COM9] unknown packet ID 0x31; discarded 1 byte(s)
[02:34:57.838] BAD_PACKET[COM9] unknown packet ID 0x29; discarded 1 byte(s)
[02:34:57.838] BAD_PACKET[COM9] unknown packet ID 0x20; discarded 1 byte(s)
[02:34:57.838] BAD_PACKET[COM9] unknown packet ID 0x6d; discarded 1 byte(s)
[02:34:57.838] BAD_PACKET[COM9] unknown packet ID 0x61; discarded 1 byte(s)
[02:34:57.839] BAD_PACKET[COM9] unknown packet ID 0x69; discarded 1 byte(s)
[02:34:57.839] BAD_PACKET[COM9] unknown packet ID 0x6e; discarded 1 byte(s)
[02:34:57.839] BAD_PACKET[COM9] unknown packet ID 0x5f; discarded 1 byte(s)
[02:34:57.839] BAD_PACKET[COM9] unknown packet ID 0x74; discarded 1 byte(s)
[02:34:57.840] BAD_PACKET[COM9] unknown packet ID 0x61; discarded 1 byte(s)
[02:34:57.840] BAD_PACKET[COM9] unknown packet ID 0x73; discarded 1 byte(s)
[02:34:57.840] BAD_PACKET[COM9] unknown packet ID 0x6b; discarded 1 byte(s)
[02:34:57.840] BAD_PACKET[COM9] unknown packet ID 0x3a; discarded 1 byte(s)
[02:34:57.841] BAD_PACKET[COM9] unknown packet ID 0x20; discarded 1 byte(s)
[02:34:57.841] BAD_PACKET[COM9] unknown packet ID 0x53; discarded 1 byte(s)
[02:34:57.841] BAD_PACKET[COM9] unknown packet ID 0x74; discarded 1 byte(s)
[02:34:57.841] BAD_PACKET[COM9] unknown packet ID 0x61; discarded 1 byte(s)
[02:34:57.842] BAD_PACKET[COM9] unknown packet ID 0x72; discarded 1 byte(s)
[02:34:57.842] BAD_PACKET[COM9] unknown packet ID 0x74; discarded 1 byte(s)
[02:34:57.842] BAD_PACKET[COM9] unknown packet ID 0x65; discarded 1 byte(s)
[02:34:57.842] BAD_PACKET[COM9] unknown packet ID 0x64; discarded 1 byte(s)
[02:34:57.843] BAD_PACKET[COM9] unknown packet ID 0x20; discarded 1 byte(s)
[02:34:57.843] BAD_PACKET[COM9] unknown packet ID 0x6f; discarded 1 byte(s)
[02:34:57.843] BAD_PACKET[COM9] unknown packet ID 0x6e; discarded 1 byte(s)
[02:34:57.843] BAD_PACKET[COM9] unknown packet ID 0x20; discarded 1 byte(s)
[02:34:57.844] BAD_PACKET[COM9] unknown packet ID 0x43; discarded 1 byte(s)
[02:34:57.844] BAD_PACKET[COM9] unknown packet ID 0x50; discarded 1 byte(s)
[02:34:57.844] BAD_PACKET[COM9] unknown packet ID 0x55; discarded 1 byte(s)
[02:34:57.844] BAD_PACKET[COM9] unknown packet ID 0x30; discarded 1 byte(s)
[02:34:57.845] BAD_PACKET[COM9] unknown packet ID 0x0d; discarded 1 byte(s)
[02:34:57.845] BAD_PACKET[COM9] unknown packet ID 0x0a; discarded 1 byte(s)
[02:34:57.845] RX[COM9]  49
[02:34:57.845] BAD_PACKET[COM9] unknown packet ID 0x49; discarded 1 byte(s)
[02:34:57.846] RX[COM9]  20 28 32 37 31 29 20 6d 61 69 6e 5f 74 61 73 6b 3a 20 43 61 6c 6c 69 6e 67 20 61 70 70 5f 6d 61 69 6e 28 29 0d 0a
[02:34:57.846] BAD_PACKET[COM9] unknown packet ID 0x20; discarded 1 byte(s)
[02:34:57.846] BAD_PACKET[COM9] unknown packet ID 0x28; discarded 1 byte(s)
[02:34:57.847] BAD_PACKET[COM9] unknown packet ID 0x32; discarded 1 byte(s)
[02:34:57.847] BAD_PACKET[COM9] unknown packet ID 0x37; discarded 1 byte(s)
[02:34:57.847] BAD_PACKET[COM9] unknown packet ID 0x31; discarded 1 byte(s)
[02:34:57.847] BAD_PACKET[COM9] unknown packet ID 0x29; discarded 1 byte(s)
[02:34:57.848] BAD_PACKET[COM9] unknown packet ID 0x20; discarded 1 byte(s)
[02:34:57.848] BAD_PACKET[COM9] unknown packet ID 0x6d; discarded 1 byte(s)
[02:34:57.848] BAD_PACKET[COM9] unknown packet ID 0x61; discarded 1 byte(s)
[02:34:57.848] BAD_PACKET[COM9] unknown packet ID 0x69; discarded 1 byte(s)
[02:34:57.849] BAD_PACKET[COM9] unknown packet ID 0x6e; discarded 1 byte(s)
[02:34:57.849] BAD_PACKET[COM9] unknown packet ID 0x5f; discarded 1 byte(s)
[02:34:57.849] BAD_PACKET[COM9] unknown packet ID 0x74; discarded 1 byte(s)
[02:34:57.849] BAD_PACKET[COM9] unknown packet ID 0x61; discarded 1 byte(s)
[02:34:57.850] BAD_PACKET[COM9] unknown packet ID 0x73; discarded 1 byte(s)
[02:34:57.850] BAD_PACKET[COM9] unknown packet ID 0x6b; discarded 1 byte(s)
[02:34:57.850] BAD_PACKET[COM9] unknown packet ID 0x3a; discarded 1 byte(s)
[02:34:57.850] BAD_PACKET[COM9] unknown packet ID 0x20; discarded 1 byte(s)
[02:34:57.851] BAD_PACKET[COM9] unknown packet ID 0x43; discarded 1 byte(s)
[02:34:57.851] BAD_PACKET[COM9] unknown packet ID 0x61; discarded 1 byte(s)
[02:34:57.851] BAD_PACKET[COM9] unknown packet ID 0x6c; discarded 1 byte(s)
[02:34:57.851] BAD_PACKET[COM9] unknown packet ID 0x6c; discarded 1 byte(s)
[02:34:57.852] BAD_PACKET[COM9] unknown packet ID 0x69; discarded 1 byte(s)
[02:34:57.852] BAD_PACKET[COM9] unknown packet ID 0x6e; discarded 1 byte(s)
[02:34:57.852] BAD_PACKET[COM9] unknown packet ID 0x67; discarded 1 byte(s)
[02:34:57.853] BAD_PACKET[COM9] unknown packet ID 0x20; discarded 1 byte(s)
[02:34:57.853] BAD_PACKET[COM9] unknown packet ID 0x61; discarded 1 byte(s)
[02:34:57.853] BAD_PACKET[COM9] unknown packet ID 0x70; discarded 1 byte(s)
[02:34:57.853] BAD_PACKET[COM9] unknown packet ID 0x70; discarded 1 byte(s)
[02:34:57.854] BAD_PACKET[COM9] unknown packet ID 0x5f; discarded 1 byte(s)
[02:34:57.854] BAD_PACKET[COM9] unknown packet ID 0x6d; discarded 1 byte(s)
[02:34:57.854] BAD_PACKET[COM9] unknown packet ID 0x61; discarded 1 byte(s)
[02:34:57.854] BAD_PACKET[COM9] unknown packet ID 0x69; discarded 1 byte(s)
[02:34:57.855] BAD_PACKET[COM9] unknown packet ID 0x6e; discarded 1 byte(s)
[02:34:57.855] BAD_PACKET[COM9] unknown packet ID 0x28; discarded 1 byte(s)
[02:34:57.855] BAD_PACKET[COM9] unknown packet ID 0x29; discarded 1 byte(s)
[02:34:57.855] BAD_PACKET[COM9] unknown packet ID 0x0d; discarded 1 byte(s)
[02:34:57.856] BAD_PACKET[COM9] unknown packet ID 0x0a; discarded 1 byte(s)
[02:34:57.856] RX[COM9]  49
[02:34:57.856] BAD_PACKET[COM9] unknown packet ID 0x49; discarded 1 byte(s)
[02:34:57.856] RX[COM9]  20 28 32 38 31 29 20 72 61 30 31 3a 20 50 69 6e 73 3a 20 52 45 53 45 54 3d 31 32 20 42 55 53 59 3d 33 34 20 52 46 5f 45 4e 3d 33 20 43 53 3d 34 0d 0a
[02:34:57.857] BAD_PACKET[COM9] unknown packet ID 0x20; discarded 1 byte(s)
[02:34:57.857] BAD_PACKET[COM9] unknown packet ID 0x28; discarded 1 byte(s)
[02:34:57.857] BAD_PACKET[COM9] unknown packet ID 0x32; discarded 1 byte(s)
[02:34:57.857] BAD_PACKET[COM9] unknown packet ID 0x38; discarded 1 byte(s)
[02:34:57.859] BAD_PACKET[COM9] unknown packet ID 0x31; discarded 1 byte(s)
[02:34:57.859] BAD_PACKET[COM9] unknown packet ID 0x29; discarded 1 byte(s)
[02:34:57.859] BAD_PACKET[COM9] unknown packet ID 0x20; discarded 1 byte(s)
[02:34:57.860] BAD_PACKET[COM9] unknown packet ID 0x72; discarded 1 byte(s)
[02:34:57.860] BAD_PACKET[COM9] unknown packet ID 0x61; discarded 1 byte(s)
[02:34:57.860] BAD_PACKET[COM9] unknown packet ID 0x30; discarded 1 byte(s)
[02:34:57.860] BAD_PACKET[COM9] unknown packet ID 0x31; discarded 1 byte(s)
[02:34:57.861] BAD_PACKET[COM9] unknown packet ID 0x3a; discarded 1 byte(s)
[02:34:57.861] BAD_PACKET[COM9] unknown packet ID 0x20; discarded 1 byte(s)
[02:34:57.861] BAD_PACKET[COM9] unknown packet ID 0x50; discarded 1 byte(s)
[02:34:57.862] BAD_PACKET[COM9] unknown packet ID 0x69; discarded 1 byte(s)
[02:34:57.862] BAD_PACKET[COM9] unknown packet ID 0x6e; discarded 1 byte(s)
[02:34:57.862] BAD_PACKET[COM9] unknown packet ID 0x73; discarded 1 byte(s)
[02:34:57.862] BAD_PACKET[COM9] unknown packet ID 0x3a; discarded 1 byte(s)
[02:34:57.863] BAD_PACKET[COM9] unknown packet ID 0x20; discarded 1 byte(s)
[02:34:57.863] BAD_PACKET[COM9] unknown packet ID 0x52; discarded 1 byte(s)
[02:34:57.863] BAD_PACKET[COM9] unknown packet ID 0x45; discarded 1 byte(s)
[02:34:57.863] BAD_PACKET[COM9] unknown packet ID 0x53; discarded 1 byte(s)
[02:34:57.864] BAD_PACKET[COM9] unknown packet ID 0x45; discarded 1 byte(s)
[02:34:57.864] BAD_PACKET[COM9] unknown packet ID 0x54; discarded 1 byte(s)
[02:34:57.864] BAD_PACKET[COM9] unknown packet ID 0x3d; discarded 1 byte(s)
[02:34:57.864] BAD_PACKET[COM9] unknown packet ID 0x31; discarded 1 byte(s)
[02:34:57.865] BAD_PACKET[COM9] unknown packet ID 0x32; discarded 1 byte(s)
[02:34:57.865] BAD_PACKET[COM9] unknown packet ID 0x20; discarded 1 byte(s)
[02:34:57.865] BAD_PACKET[COM9] unknown packet ID 0x42; discarded 1 byte(s)
[02:34:57.865] BAD_PACKET[COM9] unknown packet ID 0x55; discarded 1 byte(s)
[02:34:57.866] BAD_PACKET[COM9] unknown packet ID 0x53; discarded 1 byte(s)
[02:34:57.866] BAD_PACKET[COM9] unknown packet ID 0x59; discarded 1 byte(s)
[02:34:57.866] BAD_PACKET[COM9] unknown packet ID 0x3d; discarded 1 byte(s)
[02:34:57.866] BAD_PACKET[COM9] unknown packet ID 0x33; discarded 1 byte(s)
[02:34:57.867] BAD_PACKET[COM9] unknown packet ID 0x34; discarded 1 byte(s)
[02:34:57.867] BAD_PACKET[COM9] unknown packet ID 0x20; discarded 1 byte(s)
[02:34:57.867] BAD_PACKET[COM9] unknown packet ID 0x52; discarded 1 byte(s)
[02:34:57.867] BAD_PACKET[COM9] unknown packet ID 0x46; discarded 1 byte(s)
[02:34:57.868] BAD_PACKET[COM9] unknown packet ID 0x5f; discarded 1 byte(s)
[02:34:57.868] BAD_PACKET[COM9] unknown packet ID 0x45; discarded 1 byte(s)
[02:34:57.868] BAD_PACKET[COM9] unknown packet ID 0x4e; discarded 1 byte(s)
[02:34:57.868] BAD_PACKET[COM9] unknown packet ID 0x3d; discarded 1 byte(s)
[02:34:57.869] BAD_PACKET[COM9] unknown packet ID 0x33; discarded 1 byte(s)
[02:34:57.869] BAD_PACKET[COM9] unknown packet ID 0x20; discarded 1 byte(s)
[02:34:57.869] BAD_PACKET[COM9] unknown packet ID 0x43; discarded 1 byte(s)
[02:34:57.869] BAD_PACKET[COM9] unknown packet ID 0x53; discarded 1 byte(s)
[02:34:57.870] BAD_PACKET[COM9] unknown packet ID 0x3d; discarded 1 byte(s)
[02:34:57.870] BAD_PACKET[COM9] unknown packet ID 0x34; discarded 1 byte(s)
[02:34:57.870] BAD_PACKET[COM9] unknown packet ID 0x0d; discarded 1 byte(s)
[02:34:57.871] BAD_PACKET[COM9] unknown packet ID 0x0a; discarded 1 byte(s)
[02:34:57.871] RX[COM10]  01
[02:34:57.871] RX[COM10]  6f 00 00 01 47 c4 00 02 87 00 03 56 ff 9c 35 ff d5 00 16 00 27 0a
[02:34:57.872] PACKET[COM10] sensors: status=0b0110111100000000, uptime=83908, filtered_accel=[0.02588, 0.03416, -1.02188], gyro=[-3.01, 1.54, 2.73]
[02:34:57.872] RX[COM9]  49
[02:34:57.872] BAD_PACKET[COM9] unknown packet ID 0x49; discarded 1 byte(s)
[02:34:57.872] RX[COM9]  20 28 33 30 31 29 20 72 61 30 31 3a 20 41 66 74 65 72 20 72 65 73 65 74 3a 20 52 45 53 45 54 3d 30 20 52 46 5f 45 4e 3d 30 20 42 55 53 59 3d 30 0d 0a
[02:34:57.873] BAD_PACKET[COM9] unknown packet ID 0x20; discarded 1 byte(s)
[02:34:57.873] BAD_PACKET[COM9] unknown packet ID 0x28; discarded 1 byte(s)
[02:34:57.873] BAD_PACKET[COM9] unknown packet ID 0x33; discarded 1 byte(s)
[02:34:57.874] BAD_PACKET[COM9] unknown packet ID 0x30; discarded 1 byte(s)
[02:34:57.874] BAD_PACKET[COM9] unknown packet ID 0x31; discarded 1 byte(s)
[02:34:57.874] BAD_PACKET[COM9] unknown packet ID 0x29; discarded 1 byte(s)
[02:34:57.874] BAD_PACKET[COM9] unknown packet ID 0x20; discarded 1 byte(s)
[02:34:57.875] BAD_PACKET[COM9] unknown packet ID 0x72; discarded 1 byte(s)
[02:34:57.875] BAD_PACKET[COM9] unknown packet ID 0x61; discarded 1 byte(s)
[02:34:57.875] BAD_PACKET[COM9] unknown packet ID 0x30; discarded 1 byte(s)
[02:34:57.875] BAD_PACKET[COM9] unknown packet ID 0x31; discarded 1 byte(s)
[02:34:57.876] BAD_PACKET[COM9] unknown packet ID 0x3a; discarded 1 byte(s)
[02:34:57.876] BAD_PACKET[COM9] unknown packet ID 0x20; discarded 1 byte(s)
[02:34:57.876] BAD_PACKET[COM9] unknown packet ID 0x41; discarded 1 byte(s)
[02:34:57.876] BAD_PACKET[COM9] unknown packet ID 0x66; discarded 1 byte(s)
[02:34:57.877] BAD_PACKET[COM9] unknown packet ID 0x74; discarded 1 byte(s)
[02:34:57.877] BAD_PACKET[COM9] unknown packet ID 0x65; discarded 1 byte(s)
[02:34:57.877] BAD_PACKET[COM9] unknown packet ID 0x72; discarded 1 byte(s)
[02:34:57.877] BAD_PACKET[COM9] unknown packet ID 0x20; discarded 1 byte(s)
[02:34:57.878] BAD_PACKET[COM9] unknown packet ID 0x72; discarded 1 byte(s)
[02:34:57.878] BAD_PACKET[COM9] unknown packet ID 0x65; discarded 1 byte(s)
[02:34:57.878] BAD_PACKET[COM9] unknown packet ID 0x73; discarded 1 byte(s)
[02:34:57.878] BAD_PACKET[COM9] unknown packet ID 0x65; discarded 1 byte(s)
[02:34:57.879] BAD_PACKET[COM9] unknown packet ID 0x74; discarded 1 byte(s)
[02:34:57.879] BAD_PACKET[COM9] unknown packet ID 0x3a; discarded 1 byte(s)
[02:34:57.879] BAD_PACKET[COM9] unknown packet ID 0x20; discarded 1 byte(s)
[02:34:57.880] BAD_PACKET[COM9] unknown packet ID 0x52; discarded 1 byte(s)
[02:34:57.880] BAD_PACKET[COM9] unknown packet ID 0x45; discarded 1 byte(s)
[02:34:57.880] BAD_PACKET[COM9] unknown packet ID 0x53; discarded 1 byte(s)
[02:34:57.880] BAD_PACKET[COM9] unknown packet ID 0x45; discarded 1 byte(s)
[02:34:57.881] BAD_PACKET[COM9] unknown packet ID 0x54; discarded 1 byte(s)
[02:34:57.881] BAD_PACKET[COM9] unknown packet ID 0x3d; discarded 1 byte(s)
[02:34:57.881] BAD_PACKET[COM9] unknown packet ID 0x30; discarded 1 byte(s)
[02:34:57.881] BAD_PACKET[COM9] unknown packet ID 0x20; discarded 1 byte(s)
[02:34:57.882] BAD_PACKET[COM9] unknown packet ID 0x52; discarded 1 byte(s)
[02:34:57.882] BAD_PACKET[COM9] unknown packet ID 0x46; discarded 1 byte(s)
[02:34:57.882] BAD_PACKET[COM9] unknown packet ID 0x5f; discarded 1 byte(s)
[02:34:57.882] BAD_PACKET[COM9] unknown packet ID 0x45; discarded 1 byte(s)
[02:34:57.883] BAD_PACKET[COM9] unknown packet ID 0x4e; discarded 1 byte(s)
[02:34:57.883] BAD_PACKET[COM9] unknown packet ID 0x3d; discarded 1 byte(s)
[02:34:57.883] BAD_PACKET[COM9] unknown packet ID 0x30; discarded 1 byte(s)
[02:34:57.883] BAD_PACKET[COM9] unknown packet ID 0x20; discarded 1 byte(s)
[02:34:57.884] BAD_PACKET[COM9] unknown packet ID 0x42; discarded 1 byte(s)
[02:34:57.884] BAD_PACKET[COM9] unknown packet ID 0x55; discarded 1 byte(s)
[02:34:57.884] BAD_PACKET[COM9] unknown packet ID 0x53; discarded 1 byte(s)
[02:34:57.884] BAD_PACKET[COM9] unknown packet ID 0x59; discarded 1 byte(s)
[02:34:57.885] BAD_PACKET[COM9] unknown packet ID 0x3d; discarded 1 byte(s)
[02:34:57.885] BAD_PACKET[COM9] unknown packet ID 0x30; discarded 1 byte(s)
[02:34:57.885] BAD_PACKET[COM9] unknown packet ID 0x0d; discarded 1 byte(s)
[02:34:57.885] BAD_PACKET[COM9] unknown packet ID 0x0a; discarded 1 byte(s)
[02:34:57.886] RX[COM9]  49
[02:34:57.886] BAD_PACKET[COM9] unknown packet ID 0x49; discarded 1 byte(s)
[02:34:57.886] RX[COM9]  20 28 33 30 31 29 20 61 70 65 72 74 75 72 65 3a 20 52 61 64 69 6f 20 69 6e 69 74 69 61 6c 69 7a 65 64 3b 20 74 72 61 6e 73 6d 69 74 20 70 6f 77 65 72 20 69 73 20 2d 32 20 64 42 6d 0d 0a
[02:34:57.886] BAD_PACKET[COM9] unknown packet ID 0x20; discarded 1 byte(s)
[02:34:57.887] BAD_PACKET[COM9] unknown packet ID 0x28; discarded 1 byte(s)
[02:34:57.887] BAD_PACKET[COM9] unknown packet ID 0x33; discarded 1 byte(s)
[02:34:57.887] BAD_PACKET[COM9] unknown packet ID 0x30; discarded 1 byte(s)
[02:34:57.887] BAD_PACKET[COM9] unknown packet ID 0x31; discarded 1 byte(s)
[02:34:57.888] BAD_PACKET[COM9] unknown packet ID 0x29; discarded 1 byte(s)
[02:34:57.888] BAD_PACKET[COM9] unknown packet ID 0x20; discarded 1 byte(s)
[02:34:57.888] BAD_PACKET[COM9] unknown packet ID 0x61; discarded 1 byte(s)
[02:34:57.889] BAD_PACKET[COM9] unknown packet ID 0x70; discarded 1 byte(s)
[02:34:57.889] BAD_PACKET[COM9] unknown packet ID 0x65; discarded 1 byte(s)
[02:34:57.889] BAD_PACKET[COM9] unknown packet ID 0x72; discarded 1 byte(s)
[02:34:57.891] BAD_PACKET[COM9] unknown packet ID 0x74; discarded 1 byte(s)
[02:34:57.892] BAD_PACKET[COM9] unknown packet ID 0x75; discarded 1 byte(s)
[02:34:57.892] BAD_PACKET[COM9] unknown packet ID 0x72; discarded 1 byte(s)
[02:34:57.892] BAD_PACKET[COM9] unknown packet ID 0x65; discarded 1 byte(s)
[02:34:57.893] BAD_PACKET[COM9] unknown packet ID 0x3a; discarded 1 byte(s)
[02:34:57.893] BAD_PACKET[COM9] unknown packet ID 0x20; discarded 1 byte(s)
[02:34:57.893] BAD_PACKET[COM9] unknown packet ID 0x52; discarded 1 byte(s)
[02:34:57.893] BAD_PACKET[COM9] unknown packet ID 0x61; discarded 1 byte(s)
[02:34:57.894] BAD_PACKET[COM9] unknown packet ID 0x64; discarded 1 byte(s)
[02:34:57.894] BAD_PACKET[COM9] unknown packet ID 0x69; discarded 1 byte(s)
[02:34:57.894] BAD_PACKET[COM9] unknown packet ID 0x6f; discarded 1 byte(s)
[02:34:57.894] BAD_PACKET[COM9] unknown packet ID 0x20; discarded 1 byte(s)
[02:34:57.895] BAD_PACKET[COM9] unknown packet ID 0x69; discarded 1 byte(s)
[02:34:57.895] BAD_PACKET[COM9] unknown packet ID 0x6e; discarded 1 byte(s)
[02:34:57.895] BAD_PACKET[COM9] unknown packet ID 0x69; discarded 1 byte(s)
[02:34:57.895] BAD_PACKET[COM9] unknown packet ID 0x74; discarded 1 byte(s)
[02:34:57.896] BAD_PACKET[COM9] unknown packet ID 0x69; discarded 1 byte(s)
[02:34:57.896] BAD_PACKET[COM9] unknown packet ID 0x61; discarded 1 byte(s)
[02:34:57.896] BAD_PACKET[COM9] unknown packet ID 0x6c; discarded 1 byte(s)
[02:34:57.896] BAD_PACKET[COM9] unknown packet ID 0x69; discarded 1 byte(s)
[02:34:57.897] BAD_PACKET[COM9] unknown packet ID 0x7a; discarded 1 byte(s)
[02:34:57.897] BAD_PACKET[COM9] unknown packet ID 0x65; discarded 1 byte(s)
[02:34:57.897] BAD_PACKET[COM9] unknown packet ID 0x64; discarded 1 byte(s)
[02:34:57.897] BAD_PACKET[COM9] unknown packet ID 0x3b; discarded 1 byte(s)
[02:34:57.898] BAD_PACKET[COM9] unknown packet ID 0x20; discarded 1 byte(s)
[02:34:57.898] BAD_PACKET[COM9] unknown packet ID 0x74; discarded 1 byte(s)
[02:34:57.898] BAD_PACKET[COM9] unknown packet ID 0x72; discarded 1 byte(s)
[02:34:57.898] BAD_PACKET[COM9] unknown packet ID 0x61; discarded 1 byte(s)
[02:34:57.899] BAD_PACKET[COM9] unknown packet ID 0x6e; discarded 1 byte(s)
[02:34:57.899] BAD_PACKET[COM9] unknown packet ID 0x73; discarded 1 byte(s)
[02:34:57.899] BAD_PACKET[COM9] unknown packet ID 0x6d; discarded 1 byte(s)
[02:34:57.899] BAD_PACKET[COM9] unknown packet ID 0x69; discarded 1 byte(s)
[02:34:57.900] BAD_PACKET[COM9] unknown packet ID 0x74; discarded 1 byte(s)
[02:34:57.900] BAD_PACKET[COM9] unknown packet ID 0x20; discarded 1 byte(s)
[02:34:57.900] BAD_PACKET[COM9] unknown packet ID 0x70; discarded 1 byte(s)
[02:34:57.900] BAD_PACKET[COM9] unknown packet ID 0x6f; discarded 1 byte(s)
[02:34:57.901] BAD_PACKET[COM9] unknown packet ID 0x77; discarded 1 byte(s)
[02:34:57.901] BAD_PACKET[COM9] unknown packet ID 0x65; discarded 1 byte(s)
[02:34:57.901] BAD_PACKET[COM9] unknown packet ID 0x72; discarded 1 byte(s)
[02:34:57.901] BAD_PACKET[COM9] unknown packet ID 0x20; discarded 1 byte(s)
[02:34:57.902] BAD_PACKET[COM9] unknown packet ID 0x69; discarded 1 byte(s)
[02:34:57.902] BAD_PACKET[COM9] unknown packet ID 0x73; discarded 1 byte(s)
[02:34:57.902] BAD_PACKET[COM9] unknown packet ID 0x20; discarded 1 byte(s)
[02:34:57.902] BAD_PACKET[COM9] unknown packet ID 0x2d; discarded 1 byte(s)
[02:34:57.903] BAD_PACKET[COM9] unknown packet ID 0x32; discarded 1 byte(s)
[02:34:57.903] BAD_PACKET[COM9] unknown packet ID 0x20; discarded 1 byte(s)
[02:34:57.903] BAD_PACKET[COM9] unknown packet ID 0x64; discarded 1 byte(s)
[02:34:57.903] BAD_PACKET[COM9] unknown packet ID 0x42; discarded 1 byte(s)
[02:34:57.904] BAD_PACKET[COM9] unknown packet ID 0x6d; discarded 1 byte(s)
[02:34:57.904] BAD_PACKET[COM9] unknown packet ID 0x0d; discarded 1 byte(s)
[02:34:57.904] BAD_PACKET[COM9] unknown packet ID 0x0a; discarded 1 byte(s)
[02:34:57.904] RX[COM9]  49
[02:34:57.905] BAD_PACKET[COM9] unknown packet ID 0x49; discarded 1 byte(s)
[02:34:57.906] RX[COM9]  20 28 33 30 31 29 20 61 70 65 72 74 75 72 65 3a 20 53 65 6e 64 69 6e 67 20 68 65 61 72 74 62 65 61 74 20 28 38 20 62 79 74 65 73 29 0d 0a
[02:34:57.906] BAD_PACKET[COM9] unknown packet ID 0x20; discarded 1 byte(s)
[02:34:57.906] BAD_PACKET[COM9] unknown packet ID 0x28; discarded 1 byte(s)
[02:34:57.907] BAD_PACKET[COM9] unknown packet ID 0x33; discarded 1 byte(s)
[02:34:57.907] BAD_PACKET[COM9] unknown packet ID 0x30; discarded 1 byte(s)
[02:34:57.907] BAD_PACKET[COM9] unknown packet ID 0x31; discarded 1 byte(s)
[02:34:57.907] BAD_PACKET[COM9] unknown packet ID 0x29; discarded 1 byte(s)
[02:34:57.908] BAD_PACKET[COM9] unknown packet ID 0x20; discarded 1 byte(s)
[02:34:57.908] BAD_PACKET[COM9] unknown packet ID 0x61; discarded 1 byte(s)
[02:34:57.908] BAD_PACKET[COM9] unknown packet ID 0x70; discarded 1 byte(s)
[02:34:57.909] BAD_PACKET[COM9] unknown packet ID 0x65; discarded 1 byte(s)
[02:34:57.909] BAD_PACKET[COM9] unknown packet ID 0x72; discarded 1 byte(s)
[02:34:57.909] BAD_PACKET[COM9] unknown packet ID 0x74; discarded 1 byte(s)
[02:34:57.909] BAD_PACKET[COM9] unknown packet ID 0x75; discarded 1 byte(s)
[02:34:57.910] BAD_PACKET[COM9] unknown packet ID 0x72; discarded 1 byte(s)
[02:34:57.910] BAD_PACKET[COM9] unknown packet ID 0x65; discarded 1 byte(s)
[02:34:57.910] BAD_PACKET[COM9] unknown packet ID 0x3a; discarded 1 byte(s)
[02:34:57.910] BAD_PACKET[COM9] unknown packet ID 0x20; discarded 1 byte(s)
[02:34:57.911] BAD_PACKET[COM9] unknown packet ID 0x53; discarded 1 byte(s)
[02:34:57.911] BAD_PACKET[COM9] unknown packet ID 0x65; discarded 1 byte(s)
[02:34:57.911] BAD_PACKET[COM9] unknown packet ID 0x6e; discarded 1 byte(s)
[02:34:57.911] BAD_PACKET[COM9] unknown packet ID 0x64; discarded 1 byte(s)
[02:34:57.912] BAD_PACKET[COM9] unknown packet ID 0x69; discarded 1 byte(s)
[02:34:57.912] BAD_PACKET[COM9] unknown packet ID 0x6e; discarded 1 byte(s)
[02:34:57.912] BAD_PACKET[COM9] unknown packet ID 0x67; discarded 1 byte(s)
[02:34:57.912] BAD_PACKET[COM9] unknown packet ID 0x20; discarded 1 byte(s)
[02:34:57.913] BAD_PACKET[COM9] unknown packet ID 0x68; discarded 1 byte(s)
[02:34:57.913] BAD_PACKET[COM9] unknown packet ID 0x65; discarded 1 byte(s)
[02:34:57.913] BAD_PACKET[COM9] unknown packet ID 0x61; discarded 1 byte(s)
[02:34:57.913] BAD_PACKET[COM9] unknown packet ID 0x72; discarded 1 byte(s)
[02:34:57.914] BAD_PACKET[COM9] unknown packet ID 0x74; discarded 1 byte(s)
[02:34:57.914] BAD_PACKET[COM9] unknown packet ID 0x62; discarded 1 byte(s)
[02:34:57.914] BAD_PACKET[COM9] unknown packet ID 0x65; discarded 1 byte(s)
[02:34:57.914] BAD_PACKET[COM9] unknown packet ID 0x61; discarded 1 byte(s)
[02:34:57.915] BAD_PACKET[COM9] unknown packet ID 0x74; discarded 1 byte(s)
[02:34:57.915] BAD_PACKET[COM9] unknown packet ID 0x20; discarded 1 byte(s)
[02:34:57.915] BAD_PACKET[COM9] unknown packet ID 0x28; discarded 1 byte(s)
[02:34:57.915] BAD_PACKET[COM9] unknown packet ID 0x38; discarded 1 byte(s)
[02:34:57.916] BAD_PACKET[COM9] unknown packet ID 0x20; discarded 1 byte(s)
[02:34:57.916] BAD_PACKET[COM9] unknown packet ID 0x62; discarded 1 byte(s)
[02:34:57.916] BAD_PACKET[COM9] unknown packet ID 0x79; discarded 1 byte(s)
[02:34:57.916] BAD_PACKET[COM9] unknown packet ID 0x74; discarded 1 byte(s)
[02:34:57.917] BAD_PACKET[COM9] unknown packet ID 0x65; discarded 1 byte(s)
[02:34:57.917] BAD_PACKET[COM9] unknown packet ID 0x73; discarded 1 byte(s)
[02:34:57.917] BAD_PACKET[COM9] unknown packet ID 0x29; discarded 1 byte(s)
[02:34:57.917] BAD_PACKET[COM9] unknown packet ID 0x0d; discarded 1 byte(s)
[02:34:57.918] BAD_PACKET[COM9] unknown packet ID 0x0a; discarded 1 byte(s)
[02:34:57.918] RX[COM9]  45
[02:34:57.918] BAD_PACKET[COM9] unknown packet ID 0x45; discarded 1 byte(s)
[02:34:57.918] RX[COM9]  20 42 4f 44 3a 20 42 72 6f 77 6e 6f 75 74 20 64 65 74 65 63 74 6f 72 20 77 61 73 20 74 72 69 67 67 65 72 65 64 0d 0a
[02:34:57.919] BAD_PACKET[COM9] unknown packet ID 0x20; discarded 1 byte(s)
[02:34:57.919] BAD_PACKET[COM9] unknown packet ID 0x42; discarded 1 byte(s)
[02:34:57.919] BAD_PACKET[COM9] unknown packet ID 0x4f; discarded 1 byte(s)
[02:34:57.920] BAD_PACKET[COM9] unknown packet ID 0x44; discarded 1 byte(s)
[02:34:57.920] BAD_PACKET[COM9] unknown packet ID 0x3a; discarded 1 byte(s)
[02:34:57.920] BAD_PACKET[COM9] unknown packet ID 0x20; discarded 1 byte(s)
[02:34:57.921] BAD_PACKET[COM9] unknown packet ID 0x42; discarded 1 byte(s)
[02:34:57.921] BAD_PACKET[COM9] unknown packet ID 0x72; discarded 1 byte(s)
[02:34:57.921] BAD_PACKET[COM9] unknown packet ID 0x6f; discarded 1 byte(s)
[02:34:57.921] BAD_PACKET[COM9] unknown packet ID 0x77; discarded 1 byte(s)
[02:34:57.922] BAD_PACKET[COM9] unknown packet ID 0x6e; discarded 1 byte(s)
[02:34:57.922] BAD_PACKET[COM9] unknown packet ID 0x6f; discarded 1 byte(s)
[02:34:57.922] BAD_PACKET[COM9] unknown packet ID 0x75; discarded 1 byte(s)
[02:34:57.923] BAD_PACKET[COM9] unknown packet ID 0x74; discarded 1 byte(s)
[02:34:57.923] BAD_PACKET[COM9] unknown packet ID 0x20; discarded 1 byte(s)
[02:34:57.923] BAD_PACKET[COM9] unknown packet ID 0x64; discarded 1 byte(s)
[02:34:57.923] BAD_PACKET[COM9] unknown packet ID 0x65; discarded 1 byte(s)
[02:34:57.924] BAD_PACKET[COM9] unknown packet ID 0x74; discarded 1 byte(s)
[02:34:57.924] BAD_PACKET[COM9] unknown packet ID 0x65; discarded 1 byte(s)
[02:34:57.924] BAD_PACKET[COM9] unknown packet ID 0x63; discarded 1 byte(s)
[02:34:57.924] BAD_PACKET[COM9] unknown packet ID 0x74; discarded 1 byte(s)
[02:34:57.925] BAD_PACKET[COM9] unknown packet ID 0x6f; discarded 1 byte(s)
[02:34:57.925] BAD_PACKET[COM9] unknown packet ID 0x72; discarded 1 byte(s)
[02:34:57.925] BAD_PACKET[COM9] unknown packet ID 0x20; discarded 1 byte(s)
[02:34:57.925] BAD_PACKET[COM9] unknown packet ID 0x77; discarded 1 byte(s)
[02:34:57.926] BAD_PACKET[COM9] unknown packet ID 0x61; discarded 1 byte(s)
[02:34:57.926] BAD_PACKET[COM9] unknown packet ID 0x73; discarded 1 byte(s)
[02:34:57.926] BAD_PACKET[COM9] unknown packet ID 0x20; discarded 1 byte(s)
[02:34:57.926] BAD_PACKET[COM9] unknown packet ID 0x74; discarded 1 byte(s)
[02:34:57.927] BAD_PACKET[COM9] unknown packet ID 0x72; discarded 1 byte(s)
[02:34:57.927] BAD_PACKET[COM9] unknown packet ID 0x69; discarded 1 byte(s)
[02:34:57.927] BAD_PACKET[COM9] unknown packet ID 0x67; discarded 1 byte(s)
[02:34:57.927] BAD_PACKET[COM9] unknown packet ID 0x67; discarded 1 byte(s)
[02:34:57.928] BAD_PACKET[COM9] unknown packet ID 0x65; discarded 1 byte(s)
[02:34:57.928] BAD_PACKET[COM9] unknown packet ID 0x72; discarded 1 byte(s)
[02:34:57.928] BAD_PACKET[COM9] unknown packet ID 0x65; discarded 1 byte(s)
[02:34:57.928] BAD_PACKET[COM9] unknown packet ID 0x64; discarded 1 byte(s)
[02:34:57.929] BAD_PACKET[COM9] unknown packet ID 0x0d; discarded 1 byte(s)
[02:34:57.929] BAD_PACKET[COM9] unknown packet ID 0x0a; discarded 1 byte(s)
[02:34:57.929] RX[COM9]  0d 0a
[02:34:57.929] BAD_PACKET[COM9] unknown packet ID 0x0d; discarded 1 byte(s)
[02:34:57.930] BAD_PACKET[COM9] unknown packet ID 0x0a; discarded 1 byte(s)
[02:34:57.930] RX[COM9]  0d 0a
[02:34:57.930] BAD_PACKET[COM9] unknown packet ID 0x0d; discarded 1 byte(s)
[02:34:57.931] BAD_PACKET[COM9] unknown packet ID 0x0a; discarded 1 byte(s)
[02:34:57.931] RX[COM9]  45
[02:34:57.931] BAD_PACKET[COM9] unknown packet ID 0x45; discarded 1 byte(s)
[02:34:57.931] RX[COM9]  53 50 2d 52 4f 4d 3a 65 73 70 33 32 73 33 2d 32 30 32 31 30 33 32 37 0d 0a
[02:34:57.932] BAD_PACKET[COM9] unknown packet ID 0x53; discarded 1 byte(s)
[02:34:57.932] BAD_PACKET[COM9] unknown packet ID 0x50; discarded 1 byte(s)
[02:34:57.932] BAD_PACKET[COM9] unknown packet ID 0x2d; discarded 1 byte(s)
[02:34:57.932] BAD_PACKET[COM9] unknown packet ID 0x52; discarded 1 byte(s)
[02:34:57.933] BAD_PACKET[COM9] unknown packet ID 0x4f; discarded 1 byte(s)
[02:34:57.933] BAD_PACKET[COM9] unknown packet ID 0x4d; discarded 1 byte(s)
[02:34:57.933] BAD_PACKET[COM9] unknown packet ID 0x3a; discarded 1 byte(s)
[02:34:57.933] BAD_PACKET[COM9] unknown packet ID 0x65; discarded 1 byte(s)
[02:34:57.934] BAD_PACKET[COM9] unknown packet ID 0x73; discarded 1 byte(s)
[02:34:57.934] BAD_PACKET[COM9] unknown packet ID 0x70; discarded 1 byte(s)
[02:34:57.934] BAD_PACKET[COM9] unknown packet ID 0x33; discarded 1 byte(s)
[02:34:57.934] BAD_PACKET[COM9] unknown packet ID 0x32; discarded 1 byte(s)
[02:34:57.935] BAD_PACKET[COM9] unknown packet ID 0x73; discarded 1 byte(s)
[02:34:57.935] BAD_PACKET[COM9] unknown packet ID 0x33; discarded 1 byte(s)
[02:34:57.935] BAD_PACKET[COM9] unknown packet ID 0x2d; discarded 1 byte(s)
[02:34:57.935] BAD_PACKET[COM9] unknown packet ID 0x32; discarded 1 byte(s)
[02:34:57.936] BAD_PACKET[COM9] unknown packet ID 0x30; discarded 1 byte(s)
[02:34:57.936] BAD_PACKET[COM9] unknown packet ID 0x32; discarded 1 byte(s)
[02:34:57.936] BAD_PACKET[COM9] unknown packet ID 0x31; discarded 1 byte(s)
[02:34:57.937] BAD_PACKET[COM9] unknown packet ID 0x30; discarded 1 byte(s)
[02:34:57.937] BAD_PACKET[COM9] unknown packet ID 0x33; discarded 1 byte(s)
[02:34:57.937] BAD_PACKET[COM9] unknown packet ID 0x32; discarded 1 byte(s)
[02:34:57.937] BAD_PACKET[COM9] unknown packet ID 0x37; discarded 1 byte(s)
[02:34:57.938] BAD_PACKET[COM9] unknown packet ID 0x0d; discarded 1 byte(s)
[02:34:57.938] BAD_PACKET[COM9] unknown packet ID 0x0a; discarded 1 byte(s)
[02:34:57.938] RX[COM9]  42
[02:34:57.938] BAD_PACKET[COM9] unknown packet ID 0x42; discarded 1 byte(s)
[02:34:57.939] RX[COM9]  75 69 6c 64 3a 4d 61 72 20 32 37 20 32 30 32 31 0d 0a
[02:34:57.939] BAD_PACKET[COM9] unknown packet ID 0x75; discarded 1 byte(s)
[02:34:57.939] BAD_PACKET[COM9] unknown packet ID 0x69; discarded 1 byte(s)
[02:34:57.939] BAD_PACKET[COM9] unknown packet ID 0x6c; discarded 1 byte(s)
[02:34:57.940] BAD_PACKET[COM9] unknown packet ID 0x64; discarded 1 byte(s)
[02:34:57.940] BAD_PACKET[COM9] unknown packet ID 0x3a; discarded 1 byte(s)
[02:34:57.940] BAD_PACKET[COM9] unknown packet ID 0x4d; discarded 1 byte(s)
[02:34:57.940] BAD_PACKET[COM9] unknown packet ID 0x61; discarded 1 byte(s)
[02:34:57.941] BAD_PACKET[COM9] unknown packet ID 0x72; discarded 1 byte(s)
[02:34:57.941] BAD_PACKET[COM9] unknown packet ID 0x20; discarded 1 byte(s)
[02:34:57.941] BAD_PACKET[COM9] unknown packet ID 0x32; discarded 1 byte(s)
[02:34:57.941] BAD_PACKET[COM9] unknown packet ID 0x37; discarded 1 byte(s)
[02:34:57.942] BAD_PACKET[COM9] unknown packet ID 0x20; discarded 1 byte(s)
[02:34:57.942] BAD_PACKET[COM9] unknown packet ID 0x32; discarded 1 byte(s)
[02:34:57.942] BAD_PACKET[COM9] unknown packet ID 0x30; discarded 1 byte(s)
[02:34:57.942] BAD_PACKET[COM9] unknown packet ID 0x32; discarded 1 byte(s)
[02:34:57.943] BAD_PACKET[COM9] unknown packet ID 0x31; discarded 1 byte(s)
[02:34:57.943] BAD_PACKET[COM9] unknown packet ID 0x0d; discarded 1 byte(s)
[02:34:57.943] BAD_PACKET[COM9] unknown packet ID 0x0a; discarded 1 byte(s)
[02:34:57.943] RX[COM9]  72
[02:34:57.944] BAD_PACKET[COM9] unknown packet ID 0x72; discarded 1 byte(s)
[02:34:57.944] RX[COM9]  73 74 3a 30 78 33 20 28 52 54 43 5f 53 57 5f 53 59 53 5f 52 53 54 29 2c 62 6f 6f 74 3a 30 78 38 20 28 53 50 49 5f 46 41 53 54 5f 46 4c 41 53 48 5f 42 4f 4f 54 29 0d 0a
[02:34:57.944] BAD_PACKET[COM9] unknown packet ID 0x73; discarded 1 byte(s)
[02:34:57.945] BAD_PACKET[COM9] unknown packet ID 0x74; discarded 1 byte(s)
[02:34:57.945] BAD_PACKET[COM9] unknown packet ID 0x3a; discarded 1 byte(s)
[02:34:57.945] BAD_PACKET[COM9] unknown packet ID 0x30; discarded 1 byte(s)
[02:34:57.945] BAD_PACKET[COM9] unknown packet ID 0x78; discarded 1 byte(s)
[02:34:57.946] BAD_PACKET[COM9] unknown packet ID 0x33; discarded 1 byte(s)
[02:34:57.946] BAD_PACKET[COM9] unknown packet ID 0x20; discarded 1 byte(s)
[02:34:57.946] BAD_PACKET[COM9] unknown packet ID 0x28; discarded 1 byte(s)
[02:34:57.946] BAD_PACKET[COM9] unknown packet ID 0x52; discarded 1 byte(s)
[02:34:57.947] BAD_PACKET[COM9] unknown packet ID 0x54; discarded 1 byte(s)
[02:34:57.947] BAD_PACKET[COM9] unknown packet ID 0x43; discarded 1 byte(s)
[02:34:57.947] BAD_PACKET[COM9] unknown packet ID 0x5f; discarded 1 byte(s)
[02:34:57.947] BAD_PACKET[COM9] unknown packet ID 0x53; discarded 1 byte(s)
[02:34:57.948] BAD_PACKET[COM9] unknown packet ID 0x57; discarded 1 byte(s)
[02:34:57.948] BAD_PACKET[COM9] unknown packet ID 0x5f; discarded 1 byte(s)
[02:34:57.948] BAD_PACKET[COM9] unknown packet ID 0x53; discarded 1 byte(s)
[02:34:57.948] BAD_PACKET[COM9] unknown packet ID 0x59; discarded 1 byte(s)
[02:34:57.949] BAD_PACKET[COM9] unknown packet ID 0x53; discarded 1 byte(s)
[02:34:57.949] BAD_PACKET[COM9] unknown packet ID 0x5f; discarded 1 byte(s)
[02:34:57.949] BAD_PACKET[COM9] unknown packet ID 0x52; discarded 1 byte(s)
[02:34:57.949] BAD_PACKET[COM9] unknown packet ID 0x53; discarded 1 byte(s)
[02:34:57.950] BAD_PACKET[COM9] unknown packet ID 0x54; discarded 1 byte(s)
[02:34:57.950] BAD_PACKET[COM9] unknown packet ID 0x29; discarded 1 byte(s)
[02:34:57.950] BAD_PACKET[COM9] unknown packet ID 0x2c; discarded 1 byte(s)
[02:34:57.950] BAD_PACKET[COM9] unknown packet ID 0x62; discarded 1 byte(s)
[02:34:57.951] BAD_PACKET[COM9] unknown packet ID 0x6f; discarded 1 byte(s)
[02:34:57.951] BAD_PACKET[COM9] unknown packet ID 0x6f; discarded 1 byte(s)
[02:34:57.952] BAD_PACKET[COM9] unknown packet ID 0x74; discarded 1 byte(s)
[02:34:57.952] BAD_PACKET[COM9] unknown packet ID 0x3a; discarded 1 byte(s)
[02:34:57.953] BAD_PACKET[COM9] unknown packet ID 0x30; discarded 1 byte(s)
[02:34:57.953] BAD_PACKET[COM9] unknown packet ID 0x78; discarded 1 byte(s)
[02:34:57.953] BAD_PACKET[COM9] unknown packet ID 0x38; discarded 1 byte(s)
[02:34:57.954] BAD_PACKET[COM9] unknown packet ID 0x20; discarded 1 byte(s)
[02:34:57.954] BAD_PACKET[COM9] unknown packet ID 0x28; discarded 1 byte(s)
[02:34:57.954] BAD_PACKET[COM9] unknown packet ID 0x53; discarded 1 byte(s)
[02:34:57.954] BAD_PACKET[COM9] unknown packet ID 0x50; discarded 1 byte(s)
[02:34:57.955] BAD_PACKET[COM9] unknown packet ID 0x49; discarded 1 byte(s)
[02:34:57.955] BAD_PACKET[COM9] unknown packet ID 0x5f; discarded 1 byte(s)
[02:34:57.955] BAD_PACKET[COM9] unknown packet ID 0x46; discarded 1 byte(s)
[02:34:57.955] BAD_PACKET[COM9] unknown packet ID 0x41; discarded 1 byte(s)
[02:34:57.956] BAD_PACKET[COM9] unknown packet ID 0x53; discarded 1 byte(s)
[02:34:57.956] BAD_PACKET[COM9] unknown packet ID 0x54; discarded 1 byte(s)
[02:34:57.956] BAD_PACKET[COM9] unknown packet ID 0x5f; discarded 1 byte(s)
[02:34:57.956] BAD_PACKET[COM9] unknown packet ID 0x46; discarded 1 byte(s)
[02:34:57.957] BAD_PACKET[COM9] unknown packet ID 0x4c; discarded 1 byte(s)
[02:34:57.957] BAD_PACKET[COM9] unknown packet ID 0x41; discarded 1 byte(s)
[02:34:57.957] BAD_PACKET[COM9] unknown packet ID 0x53; discarded 1 byte(s)
[02:34:57.957] BAD_PACKET[COM9] unknown packet ID 0x48; discarded 1 byte(s)
[02:34:57.958] BAD_PACKET[COM9] unknown packet ID 0x5f; discarded 1 byte(s)
[02:34:57.958] BAD_PACKET[COM9] unknown packet ID 0x42; discarded 1 byte(s)
[02:34:57.958] BAD_PACKET[COM9] unknown packet ID 0x4f; discarded 1 byte(s)
[02:34:57.958] BAD_PACKET[COM9] unknown packet ID 0x4f; discarded 1 byte(s)
[02:34:57.959] BAD_PACKET[COM9] unknown packet ID 0x54; discarded 1 byte(s)
[02:34:57.959] BAD_PACKET[COM9] unknown packet ID 0x29; discarded 1 byte(s)
[02:34:57.959] BAD_PACKET[COM9] unknown packet ID 0x0d; discarded 1 byte(s)
[02:34:57.959] BAD_PACKET[COM9] unknown packet ID 0x0a; discarded 1 byte(s)
[02:34:57.960] RX[COM9]  53 61 76 65 64 20 50 43 3a 30 78 34 30 33 37 36 38 37 38 0d 0a
[02:34:57.960] BAD_PACKET[COM9] unknown packet ID 0x53; discarded 1 byte(s)
[02:34:57.960] BAD_PACKET[COM9] unknown packet ID 0x61; discarded 1 byte(s)
[02:34:57.960] BAD_PACKET[COM9] unknown packet ID 0x76; discarded 1 byte(s)
[02:34:57.961] BAD_PACKET[COM9] unknown packet ID 0x65; discarded 1 byte(s)
[02:34:57.961] BAD_PACKET[COM9] unknown packet ID 0x64; discarded 1 byte(s)
[02:34:57.961] BAD_PACKET[COM9] unknown packet ID 0x20; discarded 1 byte(s)
[02:34:57.961] BAD_PACKET[COM9] unknown packet ID 0x50; discarded 1 byte(s)
[02:34:57.962] BAD_PACKET[COM9] unknown packet ID 0x43; discarded 1 byte(s)
[02:34:57.962] BAD_PACKET[COM9] unknown packet ID 0x3a; discarded 1 byte(s)
[02:34:57.962] BAD_PACKET[COM9] unknown packet ID 0x30; discarded 1 byte(s)
[02:34:57.962] BAD_PACKET[COM9] unknown packet ID 0x78; discarded 1 byte(s)
[02:34:57.963] BAD_PACKET[COM9] unknown packet ID 0x34; discarded 1 byte(s)
[02:34:57.963] BAD_PACKET[COM9] unknown packet ID 0x30; discarded 1 byte(s)
[02:34:57.963] BAD_PACKET[COM9] unknown packet ID 0x33; discarded 1 byte(s)
[02:34:57.963] BAD_PACKET[COM9] unknown packet ID 0x37; discarded 1 byte(s)
[02:34:57.964] BAD_PACKET[COM9] unknown packet ID 0x36; discarded 1 byte(s)
[02:34:57.964] BAD_PACKET[COM9] unknown packet ID 0x38; discarded 1 byte(s)
[02:34:57.964] BAD_PACKET[COM9] unknown packet ID 0x37; discarded 1 byte(s)
[02:34:57.965] BAD_PACKET[COM9] unknown packet ID 0x38; discarded 1 byte(s)
[02:34:57.965] BAD_PACKET[COM9] unknown packet ID 0x0d; discarded 1 byte(s)
[02:34:57.965] BAD_PACKET[COM9] unknown packet ID 0x0a; discarded 1 byte(s)
[02:34:57.965] RX[COM9]  53
[02:34:57.966] BAD_PACKET[COM9] unknown packet ID 0x53; discarded 1 byte(s)
[02:34:57.966] RX[COM9]  50 49 57 50 3a 30 78 65 65 0d 0a
[02:34:57.966] BAD_PACKET[COM9] unknown packet ID 0x50; discarded 1 byte(s)
[02:34:57.966] BAD_PACKET[COM9] unknown packet ID 0x49; discarded 1 byte(s)
[02:34:57.967] BAD_PACKET[COM9] unknown packet ID 0x57; discarded 1 byte(s)
[02:34:57.967] BAD_PACKET[COM9] unknown packet ID 0x50; discarded 1 byte(s)
[02:34:57.967] BAD_PACKET[COM9] unknown packet ID 0x3a; discarded 1 byte(s)
[02:34:57.968] BAD_PACKET[COM9] unknown packet ID 0x30; discarded 1 byte(s)
[02:34:57.968] BAD_PACKET[COM9] unknown packet ID 0x78; discarded 1 byte(s)
[02:34:57.968] BAD_PACKET[COM9] unknown packet ID 0x65; discarded 1 byte(s)
[02:34:57.968] BAD_PACKET[COM9] unknown packet ID 0x65; discarded 1 byte(s)
[02:34:57.969] BAD_PACKET[COM9] unknown packet ID 0x0d; discarded 1 byte(s)
[02:34:57.969] BAD_PACKET[COM9] unknown packet ID 0x0a; discarded 1 byte(s)
[02:34:57.969] RX[COM9]  6d
[02:34:57.970] BAD_PACKET[COM9] unknown packet ID 0x6d; discarded 1 byte(s)
[02:34:57.970] RX[COM9]  6f 64 65 3a 44 49 4f 2c 20 63 6c 6f 63 6b 20 64 69 76 3a 31 0d 0a
[02:34:57.970] BAD_PACKET[COM9] unknown packet ID 0x6f; discarded 1 byte(s)
[02:34:57.970] BAD_PACKET[COM9] unknown packet ID 0x64; discarded 1 byte(s)
[02:34:57.971] BAD_PACKET[COM9] unknown packet ID 0x65; discarded 1 byte(s)
[02:34:57.971] BAD_PACKET[COM9] unknown packet ID 0x3a; discarded 1 byte(s)
[02:34:57.971] BAD_PACKET[COM9] unknown packet ID 0x44; discarded 1 byte(s)
[02:34:57.971] BAD_PACKET[COM9] unknown packet ID 0x49; discarded 1 byte(s)
[02:34:57.972] BAD_PACKET[COM9] unknown packet ID 0x4f; discarded 1 byte(s)
[02:34:57.972] BAD_PACKET[COM9] unknown packet ID 0x2c; discarded 1 byte(s)
[02:34:57.972] BAD_PACKET[COM9] unknown packet ID 0x20; discarded 1 byte(s)
[02:34:57.972] BAD_PACKET[COM9] unknown packet ID 0x63; discarded 1 byte(s)
[02:34:57.973] BAD_PACKET[COM9] unknown packet ID 0x6c; discarded 1 byte(s)
[02:34:57.973] BAD_PACKET[COM9] unknown packet ID 0x6f; discarded 1 byte(s)
[02:34:57.973] BAD_PACKET[COM9] unknown packet ID 0x63; discarded 1 byte(s)
[02:34:57.973] BAD_PACKET[COM9] unknown packet ID 0x6b; discarded 1 byte(s)
[02:34:57.974] BAD_PACKET[COM9] unknown packet ID 0x20; discarded 1 byte(s)
[02:34:57.974] BAD_PACKET[COM9] unknown packet ID 0x64; discarded 1 byte(s)
[02:34:57.974] BAD_PACKET[COM9] unknown packet ID 0x69; discarded 1 byte(s)
[02:34:57.974] BAD_PACKET[COM9] unknown packet ID 0x76; discarded 1 byte(s)
[02:34:57.975] BAD_PACKET[COM9] unknown packet ID 0x3a; discarded 1 byte(s)
[02:34:57.975] BAD_PACKET[COM9] unknown packet ID 0x31; discarded 1 byte(s)
[02:34:57.975] BAD_PACKET[COM9] unknown packet ID 0x0d; discarded 1 byte(s)
[02:34:57.975] BAD_PACKET[COM9] unknown packet ID 0x0a; discarded 1 byte(s)
[02:34:57.976] RX[COM9]  6c
[02:34:57.976] BAD_PACKET[COM9] unknown packet ID 0x6c; discarded 1 byte(s)
[02:34:57.976] RX[COM9]  6f 61 64 3a 30 78 33 66 63 65 32 38 32 30 2c 6c 65 6e 3a 30 78 31 34 66 30 0d 0a
[02:34:57.976] BAD_PACKET[COM9] unknown packet ID 0x6f; discarded 1 byte(s)
[02:34:57.977] BAD_PACKET[COM9] unknown packet ID 0x61; discarded 1 byte(s)
[02:34:57.977] BAD_PACKET[COM9] unknown packet ID 0x64; discarded 1 byte(s)
[02:34:57.977] BAD_PACKET[COM9] unknown packet ID 0x3a; discarded 1 byte(s)
[02:34:57.977] BAD_PACKET[COM9] unknown packet ID 0x30; discarded 1 byte(s)
[02:34:57.978] BAD_PACKET[COM9] unknown packet ID 0x78; discarded 1 byte(s)
[02:34:57.978] BAD_PACKET[COM9] unknown packet ID 0x33; discarded 1 byte(s)
[02:34:57.978] BAD_PACKET[COM9] unknown packet ID 0x66; discarded 1 byte(s)
[02:34:57.978] BAD_PACKET[COM9] unknown packet ID 0x63; discarded 1 byte(s)
[02:34:57.979] BAD_PACKET[COM9] unknown packet ID 0x65; discarded 1 byte(s)
[02:34:57.979] BAD_PACKET[COM9] unknown packet ID 0x32; discarded 1 byte(s)
[02:34:57.979] BAD_PACKET[COM9] unknown packet ID 0x38; discarded 1 byte(s)
[02:34:57.979] BAD_PACKET[COM9] unknown packet ID 0x32; discarded 1 byte(s)
[02:34:57.980] BAD_PACKET[COM9] unknown packet ID 0x30; discarded 1 byte(s)
[02:34:57.980] BAD_PACKET[COM9] unknown packet ID 0x2c; discarded 1 byte(s)
[02:34:57.980] BAD_PACKET[COM9] unknown packet ID 0x6c; discarded 1 byte(s)
[02:34:57.980] BAD_PACKET[COM9] unknown packet ID 0x65; discarded 1 byte(s)
[02:34:57.981] BAD_PACKET[COM9] unknown packet ID 0x6e; discarded 1 byte(s)
[02:34:57.981] BAD_PACKET[COM9] unknown packet ID 0x3a; discarded 1 byte(s)
[02:34:57.981] BAD_PACKET[COM9] unknown packet ID 0x30; discarded 1 byte(s)
[02:34:57.982] BAD_PACKET[COM9] unknown packet ID 0x78; discarded 1 byte(s)
[02:34:57.982] BAD_PACKET[COM9] unknown packet ID 0x31; discarded 1 byte(s)
[02:34:57.982] BAD_PACKET[COM9] unknown packet ID 0x34; discarded 1 byte(s)
[02:34:57.983] BAD_PACKET[COM9] unknown packet ID 0x66; discarded 1 byte(s)
[02:34:57.983] BAD_PACKET[COM9] unknown packet ID 0x30; discarded 1 byte(s)
[02:34:57.983] BAD_PACKET[COM9] unknown packet ID 0x0d; discarded 1 byte(s)
[02:34:57.984] BAD_PACKET[COM9] unknown packet ID 0x0a; discarded 1 byte(s)
[02:34:57.984] RX[COM9]  6c
[02:34:57.984] BAD_PACKET[COM9] unknown packet ID 0x6c; discarded 1 byte(s)
[02:34:57.984] RX[COM9]  6f 61 64 3a 30 78 34 30 33 63 38 37 30 30 2c 6c 65 6e 3a 30 78 64 65 34 0d 0a
[02:34:57.985] BAD_PACKET[COM9] unknown packet ID 0x6f; discarded 1 byte(s)
[02:34:57.985] BAD_PACKET[COM9] unknown packet ID 0x61; discarded 1 byte(s)
[02:34:57.985] BAD_PACKET[COM9] unknown packet ID 0x64; discarded 1 byte(s)
[02:34:57.985] BAD_PACKET[COM9] unknown packet ID 0x3a; discarded 1 byte(s)
[02:34:57.986] BAD_PACKET[COM9] unknown packet ID 0x30; discarded 1 byte(s)
[02:34:57.986] BAD_PACKET[COM9] unknown packet ID 0x78; discarded 1 byte(s)
[02:34:57.986] BAD_PACKET[COM9] unknown packet ID 0x34; discarded 1 byte(s)
[02:34:57.986] BAD_PACKET[COM9] unknown packet ID 0x30; discarded 1 byte(s)
[02:34:57.987] BAD_PACKET[COM9] unknown packet ID 0x33; discarded 1 byte(s)
[02:34:57.987] BAD_PACKET[COM9] unknown packet ID 0x63; discarded 1 byte(s)
[02:34:57.987] BAD_PACKET[COM9] unknown packet ID 0x38; discarded 1 byte(s)
[02:34:57.987] BAD_PACKET[COM9] unknown packet ID 0x37; discarded 1 byte(s)
[02:34:57.988] BAD_PACKET[COM9] unknown packet ID 0x30; discarded 1 byte(s)
[02:34:57.988] BAD_PACKET[COM9] unknown packet ID 0x30; discarded 1 byte(s)
[02:34:57.988] BAD_PACKET[COM9] unknown packet ID 0x2c; discarded 1 byte(s)
[02:34:57.989] BAD_PACKET[COM9] unknown packet ID 0x6c; discarded 1 byte(s)
[02:34:57.989] BAD_PACKET[COM9] unknown packet ID 0x65; discarded 1 byte(s)
[02:34:57.989] BAD_PACKET[COM9] unknown packet ID 0x6e; discarded 1 byte(s)
[02:34:57.989] BAD_PACKET[COM9] unknown packet ID 0x3a; discarded 1 byte(s)
[02:34:57.990] BAD_PACKET[COM9] unknown packet ID 0x30; discarded 1 byte(s)
[02:34:57.990] BAD_PACKET[COM9] unknown packet ID 0x78; discarded 1 byte(s)
[02:34:57.990] BAD_PACKET[COM9] unknown packet ID 0x64; discarded 1 byte(s)
[02:34:57.990] BAD_PACKET[COM9] unknown packet ID 0x65; discarded 1 byte(s)
[02:34:57.991] BAD_PACKET[COM9] unknown packet ID 0x34; discarded 1 byte(s)
[02:34:57.991] BAD_PACKET[COM9] unknown packet ID 0x0d; discarded 1 byte(s)
[02:34:57.991] BAD_PACKET[COM9] unknown packet ID 0x0a; discarded 1 byte(s)
[02:34:57.991] RX[COM9]  6c
[02:34:57.992] BAD_PACKET[COM9] unknown packet ID 0x6c; discarded 1 byte(s)
[02:34:57.992] RX[COM9]  6f 61 64 3a 30 78 34 30 33 63 62 37 30 30 2c 6c 65 6e 3a 30 78 32 66 35 38 0d 0a
[02:34:57.992] BAD_PACKET[COM9] unknown packet ID 0x6f; discarded 1 byte(s)
[02:34:57.992] BAD_PACKET[COM9] unknown packet ID 0x61; discarded 1 byte(s)
[02:34:57.993] BAD_PACKET[COM9] unknown packet ID 0x64; discarded 1 byte(s)
[02:34:57.993] BAD_PACKET[COM9] unknown packet ID 0x3a; discarded 1 byte(s)
[02:34:57.993] BAD_PACKET[COM9] unknown packet ID 0x30; discarded 1 byte(s)
[02:34:57.993] BAD_PACKET[COM9] unknown packet ID 0x78; discarded 1 byte(s)
[02:34:57.994] BAD_PACKET[COM9] unknown packet ID 0x34; discarded 1 byte(s)
[02:34:57.994] BAD_PACKET[COM9] unknown packet ID 0x30; discarded 1 byte(s)
[02:34:57.994] BAD_PACKET[COM9] unknown packet ID 0x33; discarded 1 byte(s)
[02:34:57.994] BAD_PACKET[COM9] unknown packet ID 0x63; discarded 1 byte(s)
[02:34:57.995] BAD_PACKET[COM9] unknown packet ID 0x62; discarded 1 byte(s)
[02:34:57.995] BAD_PACKET[COM9] unknown packet ID 0x37; discarded 1 byte(s)
[02:34:57.995] BAD_PACKET[COM9] unknown packet ID 0x30; discarded 1 byte(s)
[02:34:57.996] BAD_PACKET[COM9] unknown packet ID 0x30; discarded 1 byte(s)
[02:34:57.996] BAD_PACKET[COM9] unknown packet ID 0x2c; discarded 1 byte(s)
[02:34:57.996] BAD_PACKET[COM9] unknown packet ID 0x6c; discarded 1 byte(s)
[02:34:57.996] BAD_PACKET[COM9] unknown packet ID 0x65; discarded 1 byte(s)
[02:34:57.997] BAD_PACKET[COM9] unknown packet ID 0x6e; discarded 1 byte(s)
[02:34:57.997] BAD_PACKET[COM9] unknown packet ID 0x3a; discarded 1 byte(s)
[02:34:57.999] BAD_PACKET[COM9] unknown packet ID 0x30; discarded 1 byte(s)
[02:34:58.000] BAD_PACKET[COM9] unknown packet ID 0x78; discarded 1 byte(s)
[02:34:58.000] BAD_PACKET[COM9] unknown packet ID 0x32; discarded 1 byte(s)
[02:34:58.000] BAD_PACKET[COM9] unknown packet ID 0x66; discarded 1 byte(s)
[02:34:58.001] BAD_PACKET[COM9] unknown packet ID 0x35; discarded 1 byte(s)
[02:34:58.001] BAD_PACKET[COM9] unknown packet ID 0x38; discarded 1 byte(s)
[02:34:58.001] BAD_PACKET[COM9] unknown packet ID 0x0d; discarded 1 byte(s)
[02:34:58.001] BAD_PACKET[COM9] unknown packet ID 0x0a; discarded 1 byte(s)
[02:34:58.002] ERROR[COM9] ClearCommError failed (PermissionError(13, 'The device does not recognize the command.', None, 22))
[02:34:58.002] RX[COM10]  01
[02:34:58.002] RX[COM10]  6f 00 00 01 48 28 00 02 87 00 03 62 ff 9c 4e ff d6 00 15 00 28 0a
[02:34:58.003] PACKET[COM10] sensors: status=0b0110111100000000, uptime=84008, filtered_accel=[0.02588, 0.03464, -1.02088], gyro=[-2.94, 1.47, 2.8]
[02:34:58.003] RX[COM10]  01
[02:34:58.003] RX[COM10]  67 00 00 01 48 8c 00 02 56 00 03 7b ff 9c 29 ff d4 00 14 00 27 0a
[02:34:58.004] PACKET[COM10] sensors: status=0b0110011100000000, uptime=84108, filtered_accel=[0.02392, 0.03564, -1.02236], gyro=[-3.08, 1.4, 2.73]
[02:34:58.004] RX[COM10]  02
[02:34:58.004] RX[COM10]  67 00 00 01 48 d2 00 00 00 00 00 00 00 00 00 00 00 00 00 00 00 00 00 00 00 00 00 00 00 00 00 00 00 00 00 00 00 00 00 00 00 00 00 00 00 00 00 00 00 00 00 00 00 00 00 00 43 6e 26 9a 13 e8 0a ff 66 00 00 01 48 d2 0a
[02:34:58.005] PACKET[COM10] state: status=0b0110011100000000, uptime=84178, orientation=[0.0, 0.0, 0.0, 0.0], position=[0.0, 0.0, 0.0], velocity=[0.0, 0.0, 0.0], latitude=0.0, longitude=0.0, gps_altitude=0.0, barometric_altitude=238.150787, witness_battery_voltage=5.096
[02:34:58.005] PACKET[COM10] heartbeat: status=0b0110011000000000, uptime=84178
[02:34:58.006] RX[COM10]  01
[02:34:58.006] RX[COM10]  6e 00 00 01 49 54 00 02 6e 00 03 4a ff 9c 72 ff fc ff ff ff fd 0a
[02:34:58.007] PACKET[COM10] sensors: status=0b0110111000000000, uptime=84308, filtered_accel=[0.02488, 0.03368, -1.01944], gyro=[-0.28, -0.07, -0.21]
[02:34:58.007] RX[COM10]  01
[02:34:58.007] RX[COM10]  6e 00 00 01 49 b8 00 02 6e 00 03 7b ff 9c 41 ff d5 00 15 00 27 0a
[02:34:58.008] PACKET[COM10] sensors: status=0b0110111000000000, uptime=84408, filtered_accel=[0.02488, 0.03564, -1.0214], gyro=[-3.01, 1.47, 2.73]
[02:34:58.008] RX[COM10]  01
[02:34:58.009] RX[COM10]  6e 00 00 01 4a 1c 00 02 7a 00 03 56 ff 9c 41 ff d5 00 15 00 27 0a
[02:34:58.009] PACKET[COM10] sensors: status=0b0110111000000000, uptime=84508, filtered_accel=[0.02536, 0.03416, -1.0214], gyro=[-3.01, 1.47, 2.73]
[02:34:58.010] RX[COM10]  01
[02:34:58.010] RX[COM10]  6e 00 00 01 4a 80 00 02 6e 00 03 56 ff 9c 41 ff d5 00 14 00 29 0a
[02:34:58.011] PACKET[COM10] sensors: status=0b0110111000000000, uptime=84608, filtered_accel=[0.02488, 0.03416, -1.0214], gyro=[-3.01, 1.4, 2.87]
[02:34:58.011] RX[COM10]  01
[02:34:58.011] RX[COM10]  6e 00 00 01 4a e4 00 02 7a 00 03 56 ff 9c 4e ff d6 00 15 00 27 0a
[02:34:58.012] PACKET[COM10] sensors: status=0b0110111000000000, uptime=84708, filtered_accel=[0.02536, 0.03416, -1.02088], gyro=[-2.94, 1.47, 2.73]
[02:34:58.117] RX[COM10]  01
[02:34:58.119] RX[COM10]  66 00 00 01 4b 48 00 02 62 00 03 62 ff 9c 29 ff d5 00 15 00 27 0a
[02:34:58.122] PACKET[COM10] sensors: status=0b0110011000000000, uptime=84808, filtered_accel=[0.0244, 0.03464, -1.02236], gyro=[-3.01, 1.47, 2.73]
[02:34:58.253] RX[COM10]  01
[02:34:58.257] RX[COM10]  66 00 00 01 4b ac 00 02 6e 00 03 4a ff 9c 35 ff d5 00 15 00 27 0a
[02:34:58.262] PACKET[COM10] sensors: status=0b0110011000000000, uptime=84908, filtered_accel=[0.02488, 0.03368, -1.02188], gyro=[-3.01, 1.47, 2.73]
[02:34:58.320] RX[COM10]  01
[02:34:58.323] RX[COM10]  66 00 00 01 4c 10 00 02 7a 00 03 56 ff 9c 35 ff d5 00 15 00 27 0a
[02:34:58.332] PACKET[COM10] sensors: status=0b0110011000000000, uptime=85008, filtered_accel=[0.02536, 0.03416, -1.02188], gyro=[-3.01, 1.47, 2.73]
[02:34:58.387] RX[COM10]  01
[02:34:58.388] RX[COM10]  6e 00 00 01 4c 74 00 02 7a 00 03 62 ff 9c 35 ff d5 00 15 00 27 0a
[02:34:58.389] PACKET[COM10] sensors: status=0b0110111000000000, uptime=85108, filtered_accel=[0.02536, 0.03464, -1.02188], gyro=[-3.01, 1.47, 2.73]
[02:34:58.495] RX[COM10]  02
[02:34:58.496] RX[COM10]  6e 00 00 01 4c ba 00 00 00 00 00 00 00 00 00 00 00 00 00 00 00 00 00 00 00 00 00 00 00 00 00 00 00 00 00 00 00 00 00 00 00 00 00 00 00 00 00 00 00 00 00 00 00 00 00 00 43 6e 51 e5 13 dc 0a ff 6f 00 00 01 4c ba 0a
[02:34:58.497] PACKET[COM10] state: status=0b0110111000000000, uptime=85178, orientation=[0.0, 0.0, 0.0, 0.0], position=[0.0, 0.0, 0.0], velocity=[0.0, 0.0, 0.0], latitude=0.0, longitude=0.0, gps_altitude=0.0, barometric_altitude=238.319901, witness_battery_voltage=5.084
[02:34:58.498] PACKET[COM10] heartbeat: status=0b0110111100000000, uptime=85178
[02:34:58.605] RX[COM10]  01
[02:34:58.607] RX[COM10]  6f 00 00 01 4d 3c 00 02 7a 00 03 56 ff 9c 66 ff fc 00 01 ff fd 0a
[02:34:58.609] PACKET[COM10] sensors: status=0b0110111100000000, uptime=85308, filtered_accel=[0.02536, 0.03416, -1.01992], gyro=[-0.28, 0.07, -0.21]
[02:34:58.715] RX[COM10]  01
[02:34:58.720] RX[COM10]  6f 00 00 01 4d a0 00 02 6e 00 03 6e ff 9c 35 ff d6 00 14 00 27 0a
[02:34:58.721] PACKET[COM10] sensors: status=0b0110111100000000, uptime=85408, filtered_accel=[0.02488, 0.03512, -1.02188], gyro=[-2.94, 1.4, 2.73]
[02:34:58.841] RX[COM10]  01
[02:34:58.843] RX[COM10]  67 00 00 01 4e 04 00 02 7a 00 03 56 ff 9c 1d ff d6 00 15 00 28 0a
[02:34:58.844] PACKET[COM10] sensors: status=0b0110011100000000, uptime=85508, filtered_accel=[0.02536, 0.03416, -1.02284], gyro=[-2.94, 1.47, 2.8]
[02:34:58.903] RX[COM10]  01
[02:34:58.905] RX[COM10]  67 00 00 01 4e 68 00 02 6e 00 03 6e ff 9c 41 ff d4 00 15 00 28 0a
[02:34:58.907] PACKET[COM10] sensors: status=0b0110011100000000, uptime=85608, filtered_accel=[0.02488, 0.03512, -1.0214], gyro=[-3.08, 1.47, 2.8]
[02:34:59.030] RX[COM10]  01
[02:34:59.030] RX[COM10]  6f 00 00 01 4e cc 00 02 62 00 03 56 ff 9c 41 ff d5 00 16 00 27 0a
[02:34:59.031] PACKET[COM10] sensors: status=0b0110111100000000, uptime=85708, filtered_accel=[0.0244, 0.03416, -1.0214], gyro=[-3.01, 1.54, 2.73]
[02:34:59.092] RX[COM10]  01
[02:34:59.094] RX[COM10]  6f 00 00 01 4f 30 00 02 7a 00 03 56 ff 9c 35 ff d5 00 15 00 26 0a
[02:34:59.095] PACKET[COM10] sensors: status=0b0110111100000000, uptime=85808, filtered_accel=[0.02536, 0.03416, -1.02188], gyro=[-3.01, 1.47, 2.66]
[02:34:59.204] RX[COM10]  01
[02:34:59.205] RX[COM10]  6f 00 00 01 4f 94 00 02 7a 00 03 62 ff 9c 35 ff d4 00 16 00 28 0a
[02:34:59.205] PACKET[COM10] sensors: status=0b0110111100000000, uptime=85908, filtered_accel=[0.02536, 0.03464, -1.02188], gyro=[-3.08, 1.54, 2.8]
[02:34:59.313] RX[COM10]  01
[02:34:59.313] RX[COM10]  6f 00 00 01 4f f8 00 02 7a 00 03 62 ff 9c 35 ff d5 00 15 00 27 0a
[02:34:59.314] PACKET[COM10] sensors: status=0b0110111100000000, uptime=86008, filtered_accel=[0.02536, 0.03464, -1.02188], gyro=[-3.01, 1.47, 2.73]
[02:34:59.423] RX[COM10]  01
[02:34:59.423] RX[COM10]  67 00 00 01 50 5c 00 02 87 00 03 62 ff 9c 4e ff d5 00 16 00 27 0a
[02:34:59.424] PACKET[COM10] sensors: status=0b0110011100000000, uptime=86108, filtered_accel=[0.02588, 0.03464, -1.02088], gyro=[-3.01, 1.54, 2.73]
[02:34:59.481] RX[COM10]  02
[02:34:59.482] RX[COM10]  6f 00 00 01 50 a2 00 00 00 00 00 00 00 00 00 00 00 00 00 00 00 00 00 00 00 00 00 00 00 00 00 00 00 00 00 00 00 00 00 00 00 00 00 00 00 00 00 00 00 00 00 00 00 00 00 00 43 6e 51 e5 13 e0 0a ff 6e 00 00 01 50 a2 0a
[02:34:59.483] PACKET[COM10] state: status=0b0110111100000000, uptime=86178, orientation=[0.0, 0.0, 0.0, 0.0], position=[0.0, 0.0, 0.0], velocity=[0.0, 0.0, 0.0], latitude=0.0, longitude=0.0, gps_altitude=0.0, barometric_altitude=238.319901, witness_battery_voltage=5.088
[02:34:59.483] PACKET[COM10] heartbeat: status=0b0110111000000000, uptime=86178
[02:34:59.607] RX[COM10]  01
[02:34:59.609] RX[COM10]  6e 00 00 01 51 24 00 02 6e 00 03 56 ff 9c 66 ff fc 00 01 ff fe 0a
[02:34:59.611] PACKET[COM10] sensors: status=0b0110111000000000, uptime=86308, filtered_accel=[0.02488, 0.03416, -1.01992], gyro=[-0.28, 0.07, -0.14]
[02:34:59.731] RX[COM10]  01
[02:34:59.733] RX[COM10]  6e 00 00 01 51 88 00 02 6e 00 03 62 ff 9c 35 ff d6 00 15 00 27 0a
[02:34:59.734] PACKET[COM10] sensors: status=0b0110111000000000, uptime=86408, filtered_accel=[0.02488, 0.03464, -1.02188], gyro=[-2.94, 1.47, 2.73]
[02:34:59.794] RX[COM10]  01
[02:34:59.795] RX[COM10]  6e 00 00 01 51 ec 00 02 7a 00 03 62 ff 9c 29 ff d5 00 15 00 27 0a
[02:34:59.796] PACKET[COM10] sensors: status=0b0110111000000000, uptime=86508, filtered_accel=[0.02536, 0.03464, -1.02236], gyro=[-3.01, 1.47, 2.73]
[02:34:59.920] RX[COM10]  01
[02:34:59.921] RX[COM10]  6e 00 00 01 52 50 00 02 7a 00 03 62 ff 9c 35 ff d5 00 15 00 27 0a
[02:34:59.922] PACKET[COM10] sensors: status=0b0110111000000000, uptime=86608, filtered_accel=[0.02536, 0.03464, -1.02188], gyro=[-3.01, 1.47, 2.73]
[02:34:59.982] RX[COM10]  01
[02:34:59.983] RX[COM10]  6e 00 00 01 52 b4 00 02 7a 00 03 56 ff 9c 35 ff d5 00 14 00 27 0a
[02:34:59.984] PACKET[COM10] sensors: status=0b0110111000000000, uptime=86708, filtered_accel=[0.02536, 0.03416, -1.02188], gyro=[-3.01, 1.4, 2.73]
[02:35:00.108] RX[COM10]  01
[02:35:00.109] RX[COM10]  66 00 00 01 53 18 00 02 6e 00 03 62 ff 9c 41 ff d4 00 15 00 28 0a
[02:35:00.111] PACKET[COM10] sensors: status=0b0110011000000000, uptime=86808, filtered_accel=[0.02488, 0.03464, -1.0214], gyro=[-3.08, 1.47, 2.8]
[02:35:00.233] RX[COM10]  01
[02:35:00.234] RX[COM10]  66 00 00 01 53 7c 00 02 6e 00 03 62 ff 9c 35 ff d5 00 16 00 27 0a
[02:35:00.235] PACKET[COM10] sensors: status=0b0110011000000000, uptime=86908, filtered_accel=[0.02488, 0.03464, -1.02188], gyro=[-3.01, 1.54, 2.73]
[02:35:00.295] RX[COM10]  01
[02:35:00.298] RX[COM10]  66 00 00 01 53 e0 00 02 7a 00 03 62 ff 9c 35 ff d5 00 15 00 27 0a
[02:35:00.299] PACKET[COM10] sensors: status=0b0110011000000000, uptime=87008, filtered_accel=[0.02536, 0.03464, -1.02188], gyro=[-3.01, 1.47, 2.73]
[02:35:00.410] RX[COM10]  01
[02:35:00.410] RX[COM10]  6e 00 00 01 54 44 00 02 7a 00 03 62 ff 9c 35 ff d5 00 16 00 28 0a
[02:35:00.411] PACKET[COM10] sensors: status=0b0110111000000000, uptime=87108, filtered_accel=[0.02536, 0.03464, -1.02188], gyro=[-3.01, 1.54, 2.8]
[02:35:00.469] RX[COM10]  02
[02:35:00.470] RX[COM10]  66 00 00 01 54 8a 00 00 00 00 00 00 00 00 00 00 00 00 00 00 00 00 00 00 00 00 00 00 00 00 00 00 00 00 00 00 00 00 00 00 00 00 00 00 00 00 00 00 00 00 00 00 00 00 00 00 43 6e 3c 3f 13 ec 0a ff 67 00 00 01 54 8a 0a
[02:35:00.471] PACKET[COM10] state: status=0b0110011000000000, uptime=87178, orientation=[0.0, 0.0, 0.0, 0.0], position=[0.0, 0.0, 0.0], velocity=[0.0, 0.0, 0.0], latitude=0.0, longitude=0.0, gps_altitude=0.0, barometric_altitude=238.235336, witness_battery_voltage=5.1
[02:35:00.471] PACKET[COM10] heartbeat: status=0b0110011100000000, uptime=87178
[02:35:00.593] RX[COM10]  01
[02:35:00.594] RX[COM10]  6f 00 00 01 55 0c 00 02 6e 00 03 62 ff 9c 66 ff fd 00 02 ff fd 0a
[02:35:00.595] PACKET[COM10] sensors: status=0b0110111100000000, uptime=87308, filtered_accel=[0.02488, 0.03464, -1.01992], gyro=[-0.21, 0.14, -0.21]
[02:35:00.719] RX[COM10]  01
[02:35:00.723] RX[COM10]  6f 00 00 01 55 70 00 02 87 00 03 56 ff 9c 41 ff d6 00 15 00 26 0a
[02:35:00.725] PACKET[COM10] sensors: status=0b0110111100000000, uptime=87408, filtered_accel=[0.02588, 0.03416, -1.0214], gyro=[-2.94, 1.47, 2.66]
[02:35:00.779] RX[COM10]  01
[02:35:00.781] RX[COM10]  67 00 00 01 55 d4 00 02 7a 00 03 56 ff 9c 35 ff d5 00 15 00 27 0a
[02:35:00.782] PACKET[COM10] sensors: status=0b0110011100000000, uptime=87508, filtered_accel=[0.02536, 0.03416, -1.02188], gyro=[-3.01, 1.47, 2.73]
[02:35:00.902] RX[COM10]  01
[02:35:00.903] RX[COM10]  67 00 00 01 56 38 00 02 6e 00 03 62 ff 9c 4e ff d5 00 16 00 27 0a
[02:35:00.904] PACKET[COM10] sensors: status=0b0110011100000000, uptime=87608, filtered_accel=[0.02488, 0.03464, -1.02088], gyro=[-3.01, 1.54, 2.73]
[02:35:01.014] RX[COM10]  01
[02:35:01.015] RX[COM10]  67 00 00 01 56 9c 00 02 7a 00 03 56 ff 9c 41 ff d6 00 15 00 27 0a
[02:35:01.016] PACKET[COM10] sensors: status=0b0110011100000000, uptime=87708, filtered_accel=[0.02536, 0.03416, -1.0214], gyro=[-2.94, 1.47, 2.73]
[02:35:01.125] RX[COM10]  01
[02:35:01.127] RX[COM10]  6f 00 00 01 57 00 00 02 7a 00 03 4a ff 9c 35 ff d5 00 15 00 27 0a
[02:35:01.127] PACKET[COM10] sensors: status=0b0110111100000000, uptime=87808, filtered_accel=[0.02536, 0.03368, -1.02188], gyro=[-3.01, 1.47, 2.73]
[02:35:01.236] RX[COM10]  01
[02:35:01.239] RX[COM10]  6f 00 00 01 57 64 00 02 6e 00 03 62 ff 9c 35 ff d5 00 15 00 27 0a
[02:35:01.240] PACKET[COM10] sensors: status=0b0110111100000000, uptime=87908, filtered_accel=[0.02488, 0.03464, -1.02188], gyro=[-3.01, 1.47, 2.73]
[02:35:01.291] RX[COM10]  01
[02:35:01.291] RX[COM10]  6f 00 00 01 57 c8 00 02 7a 00 03 6e ff 9c 35 ff d5 00 16 00 27 0a
[02:35:01.294] PACKET[COM10] sensors: status=0b0110111100000000, uptime=88008, filtered_accel=[0.02536, 0.03512, -1.02188], gyro=[-3.01, 1.54, 2.73]
[02:35:01.395] RX[COM10]  01
[02:35:01.395] RX[COM10]  6f 00 00 01 58 2c 00 02 6e 00 03 56 ff 9c 41 ff d5 00 14 00 27 0a
[02:35:01.396] PACKET[COM10] sensors: status=0b0110111100000000, uptime=88108, filtered_accel=[0.02488, 0.03416, -1.0214], gyro=[-3.01, 1.4, 2.73]
[02:35:01.453] RX[COM10]  02
[02:35:01.453] RX[COM10]  6f 00 00 01 58 72 00 00 00 00 00 00 00 00 00 00 00 00 00 00 00 00 00 00 00 00 00 00 00 00 00 00 00 00 00 00 00 00 00 00 00 00 00 00 00 00 00 00 00 00 00 00 00 00 00 00 43 6e 93 82 13 d4 0a ff 6e 00 00 01 58 72 0a
[02:35:01.454] PACKET[COM10] state: status=0b0110111100000000, uptime=88178, orientation=[0.0, 0.0, 0.0, 0.0], position=[0.0, 0.0, 0.0], velocity=[0.0, 0.0, 0.0], latitude=0.0, longitude=0.0, gps_altitude=0.0, barometric_altitude=238.576202, witness_battery_voltage=5.076
[02:35:01.455] PACKET[COM10] heartbeat: status=0b0110111000000000, uptime=88178
[02:35:01.579] RX[COM10]  01
[02:35:01.580] RX[COM10]  6e 00 00 01 58 f4 00 02 62 00 03 62 ff 9c 66 ff fd 00 02 ff fd 0a
[02:35:01.581] PACKET[COM10] sensors: status=0b0110111000000000, uptime=88308, filtered_accel=[0.0244, 0.03464, -1.01992], gyro=[-0.21, 0.14, -0.21]
[02:35:01.703] RX[COM10]  01
[02:35:01.704] RX[COM10]  66 00 00 01 59 58 00 02 7a 00 03 62 ff 9c 35 ff d6 00 15 00 27 0a
[02:35:01.707] PACKET[COM10] sensors: status=0b0110011000000000, uptime=88408, filtered_accel=[0.02536, 0.03464, -1.02188], gyro=[-2.94, 1.47, 2.73]
[02:35:01.828] RX[COM10]  01
[02:35:01.831] RX[COM10]  6e 00 00 01 59 bc 00 02 87 00 03 62 ff 9c 29 ff d5 00 15 00 28 0a
[02:35:01.832] PACKET[COM10] sensors: status=0b0110111000000000, uptime=88508, filtered_accel=[0.02588, 0.03464, -1.02236], gyro=[-3.01, 1.47, 2.8]
[02:35:01.891] RX[COM10]  01
[02:35:01.892] RX[COM10]  6e 00 00 01 5a 20 00 02 87 00 03 3e ff 9c 41 ff d6 00 16 00 27 0a
[02:35:01.894] PACKET[COM10] sensors: status=0b0110111000000000, uptime=88608, filtered_accel=[0.02588, 0.0332, -1.0214], gyro=[-2.94, 1.54, 2.73]
[02:35:02.013] RX[COM10]  01
[02:35:02.014] RX[COM10]  6e 00 00 01 5a 84 00 02 56 00 03 4a ff 9c 35 ff d5 00 16 00 27 0a
[02:35:02.015] PACKET[COM10] sensors: status=0b0110111000000000, uptime=88708, filtered_accel=[0.02392, 0.03368, -1.02188], gyro=[-3.01, 1.54, 2.73]
[02:35:02.139] RX[COM10]  01
[02:35:02.140] RX[COM10]  6e 00 00 01 5a e8 00 02 6e 00 03 62 ff 9c 35 ff d5 00 16 00 27 0a
[02:35:02.141] PACKET[COM10] sensors: status=0b0110111000000000, uptime=88808, filtered_accel=[0.02488, 0.03464, -1.02188], gyro=[-3.01, 1.54, 2.73]
[02:35:02.201] RX[COM10]  01
[02:35:02.202] RX[COM10]  66 00 00 01 5b 4c 00 02 87 00 03 56 ff 9c 41 ff d5 00 15 00 27 0a
[02:35:02.202] PACKET[COM10] sensors: status=0b0110011000000000, uptime=88908, filtered_accel=[0.02588, 0.03416, -1.0214], gyro=[-3.01, 1.47, 2.73]
[02:35:02.326] RX[COM10]  01
[02:35:02.327] RX[COM10]  66 00 00 01 5b b0 00 02 56 00 03 4a ff 9c 41 ff d5 00 15 00 27 0a
[02:35:02.329] PACKET[COM10] sensors: status=0b0110011000000000, uptime=89008, filtered_accel=[0.02392, 0.03368, -1.0214], gyro=[-3.01, 1.47, 2.73]
[02:35:02.389] RX[COM10]  01
[02:35:02.391] RX[COM10]  66 00 00 01 5c 14 00 02 6e 00 03 4a ff 9c 1d ff d5 00 15 00 27 0a
[02:35:02.392] PACKET[COM10] sensors: status=0b0110011000000000, uptime=89108, filtered_accel=[0.02488, 0.03368, -1.02284], gyro=[-3.01, 1.47, 2.73]
[02:35:02.451] RX[COM10]  02
[02:35:02.454] RX[COM10]  66 00 00 01 5c 5a 00 00 00 00 00 00 00 00 00 00 00 00 00 00 00 00 00 00 00 00 00 00 00 00 00 00 00 00 00 00 00 00 00 00 00 00 00 00 00 00 00 00 00 00 00 00 00 00 00 00 43 6e 67 8a 13 e0 0a ff 67 00 00 01 5c 5a 0a
[02:35:02.457] PACKET[COM10] state: status=0b0110011000000000, uptime=89178, orientation=[0.0, 0.0, 0.0, 0.0], position=[0.0, 0.0, 0.0], velocity=[0.0, 0.0, 0.0], latitude=0.0, longitude=0.0, gps_altitude=0.0, barometric_altitude=238.404449, witness_battery_voltage=5.088
[02:35:02.458] PACKET[COM10] heartbeat: status=0b0110011100000000, uptime=89178
[02:35:02.641] RX[COM10]  01
[02:35:02.642] RX[COM10]  6f 00 00 01 5c dc 00 02 6e 00 03 56 ff 9c 4e ff fc 00 01 ff fd 0a
[02:35:02.644] PACKET[COM10] sensors: status=0b0110111100000000, uptime=89308, filtered_accel=[0.02488, 0.03416, -1.02088], gyro=[-0.28, 0.07, -0.21]
[02:35:02.703] RX[COM10]  01
[02:35:02.705] RX[COM10]  6f 00 00 01 5d 40 00 02 7a 00 03 56 ff 9c 4e ff d6 00 15 00 26 0a
[02:35:02.706] PACKET[COM10] sensors: status=0b0110111100000000, uptime=89408, filtered_accel=[0.02536, 0.03416, -1.02088], gyro=[-2.94, 1.47, 2.66]
[02:35:02.818] RX[COM10]  01
[02:35:02.819] RX[COM10]  6f 00 00 01 5d a4 00 02 7a 00 03 62 ff 9c 4e ff d5 00 16 00 27 0a
[02:35:02.820] PACKET[COM10] sensors: status=0b0110111100000000, uptime=89508, filtered_accel=[0.02536, 0.03464, -1.02088], gyro=[-3.01, 1.54, 2.73]
[02:35:02.930] RX[COM10]  01
[02:35:02.931] RX[COM10]  67 00 00 01 5e 08 ff fe e7 00 04 3e ff 9b c7 ff d3 00 10 00 05 0a
[02:35:02.932] PACKET[COM10] sensors: status=0b0110011100000000, uptime=89608, filtered_accel=[-0.01124, 0.04344, -1.02628], gyro=[-3.15, 1.12, 0.35]
[02:35:02.986] RX[COM10]  01
[02:35:02.987] RX[COM10]  67 00 00 01 5e 6c 00 02 d0 00 03 31 ff 9c 66 ff db 00 28 00 28 0a
[02:35:02.987] PACKET[COM10] sensors: status=0b0110011100000000, uptime=89708, filtered_accel=[0.0288, 0.03268, -1.01992], gyro=[-2.59, 2.8, 2.8]
[02:35:03.110] RX[COM10]  01
[02:35:03.111] RX[COM10]  67 00 00 01 5e d0 00 02 62 00 03 56 ff 9c 66 ff d2 00 13 00 28 0a
[02:35:03.112] PACKET[COM10] sensors: status=0b0110011100000000, uptime=89808, filtered_accel=[0.0244, 0.03416, -1.01992], gyro=[-3.22, 1.33, 2.8]
[02:35:03.235] RX[COM10]  01
[02:35:03.236] RX[COM10]  6f 00 00 01 5f 34 00 02 7a 00 03 56 ff 9c 4e ff d1 00 12 00 27 0a
[02:35:03.237] PACKET[COM10] sensors: status=0b0110111100000000, uptime=89908, filtered_accel=[0.02536, 0.03416, -1.02088], gyro=[-3.29, 1.26, 2.73]
[02:35:03.298] RX[COM10]  01
[02:35:03.299] RX[COM10]  6f 00 00 01 5f 98 00 02 56 00 03 87 ff 9c 41 ff d2 00 10 00 27 0a
[02:35:03.300] PACKET[COM10] sensors: status=0b0110111100000000, uptime=90008, filtered_accel=[0.02392, 0.03612, -1.0214], gyro=[-3.22, 1.12, 2.73]
[02:35:03.425] RX[COM10]  01
[02:35:03.426] RX[COM10]  6f 00 00 01 5f fc 00 02 56 00 03 7b ff 9c af ff d8 00 19 00 28 0a
[02:35:03.427] PACKET[COM10] sensors: status=0b0110111100000000, uptime=90108, filtered_accel=[0.02392, 0.03564, -1.017], gyro=[-2.8, 1.75, 2.8]
[02:35:03.477] RX[COM10]  02
[02:35:03.478] RX[COM10]  6f 00 00 01 60 42 00 00 00 00 00 00 00 00 00 00 00 00 00 00 00 00 00 00 00 00 00 00 00 00 00 00 00 00 00 00 00 00 00 00 00 00 00 00 00 00 00 00 00 00 00 00 00 00 00 00 43 6e 67 8a 13 dc 0a ff 6e 00 00 01 60 42 0a
[02:35:03.478] PACKET[COM10] state: status=0b0110111100000000, uptime=90178, orientation=[0.0, 0.0, 0.0, 0.0], position=[0.0, 0.0, 0.0], velocity=[0.0, 0.0, 0.0], latitude=0.0, longitude=0.0, gps_altitude=0.0, barometric_altitude=238.404449, witness_battery_voltage=5.084
[02:35:03.479] PACKET[COM10] heartbeat: status=0b0110111000000000, uptime=90178
[02:35:03.586] RX[COM10]  01
[02:35:03.587] RX[COM10]  6e 00 00 01 60 c4 00 02 6e 00 03 56 ff 9c 66 ff fc 00 01 ff fe 0a
[02:35:03.588] PACKET[COM10] sensors: status=0b0110111000000000, uptime=90308, filtered_accel=[0.02488, 0.03416, -1.01992], gyro=[-0.28, 0.07, -0.14]
[02:35:03.695] RX[COM10]  01
[02:35:03.703] RX[COM10]  66 00 00 01 61 28 00 02 56 00 03 62 ff 9c 41 ff d5 00 15 00 26 0a
[02:35:03.713] PACKET[COM10] sensors: status=0b0110011000000000, uptime=90408, filtered_accel=[0.02392, 0.03464, -1.0214], gyro=[-3.01, 1.47, 2.66]
[02:35:03.831] RX[COM10]  01
[02:35:03.833] RX[COM10]  66 00 00 01 61 8c 00 02 6e 00 03 56 ff 9c 1d ff d5 00 15 00 27 0a
[02:35:03.834] PACKET[COM10] sensors: status=0b0110011000000000, uptime=90508, filtered_accel=[0.02488, 0.03416, -1.02284], gyro=[-3.01, 1.47, 2.73]
[02:35:03.894] RX[COM10]  01
[02:35:03.897] RX[COM10]  6e 00 00 01 61 f0 00 02 62 00 03 62 ff 9c 29 ff d6 00 15 00 27 0a
[02:35:03.898] PACKET[COM10] sensors: status=0b0110111000000000, uptime=90608, filtered_accel=[0.0244, 0.03464, -1.02236], gyro=[-2.94, 1.47, 2.73]
[02:35:04.009] RX[COM10]  01
[02:35:04.009] RX[COM10]  6e 00 00 01 62 54 00 02 62 00 03 56 ff 9c 35 ff d5 00 15 00 27 0a
[02:35:04.010] PACKET[COM10] sensors: status=0b0110111000000000, uptime=90708, filtered_accel=[0.0244, 0.03416, -1.02188], gyro=[-3.01, 1.47, 2.73]
[02:35:04.119] RX[COM10]  01
[02:35:04.119] RX[COM10]  6e 00 00 01 62 b8 00 02 56 00 03 56 ff 9c c8 ff d5 00 14 00 28 0a
[02:35:04.120] PACKET[COM10] sensors: status=0b0110111000000000, uptime=90808, filtered_accel=[0.02392, 0.03416, -1.016], gyro=[-3.01, 1.4, 2.8]
[02:35:04.228] RX[COM10]  01
[02:35:04.228] RX[COM10]  6e 00 00 01 63 1c 00 02 62 00 03 56 ff 9c 29 ff d5 00 15 00 27 0a
[02:35:04.229] PACKET[COM10] sensors: status=0b0110111000000000, uptime=90908, filtered_accel=[0.0244, 0.03416, -1.02236], gyro=[-3.01, 1.47, 2.73]
[02:35:04.288] RX[COM10]  01
[02:35:04.289] RX[COM10]  66 00 00 01 63 80 00 02 62 00 03 4a ff 9c 41 ff d5 00 15 00 27 0a
[02:35:04.290] PACKET[COM10] sensors: status=0b0110011000000000, uptime=91008, filtered_accel=[0.0244, 0.03368, -1.0214], gyro=[-3.01, 1.47, 2.73]
[02:35:04.414] RX[COM10]  01
[02:35:04.415] RX[COM10]  66 00 00 01 63 e4 00 02 6e 00 03 6e ff 9c 29 ff d5 00 14 00 27 0a
[02:35:04.416] PACKET[COM10] sensors: status=0b0110011000000000, uptime=91108, filtered_accel=[0.02488, 0.03512, -1.02236], gyro=[-3.01, 1.4, 2.73]
[02:35:04.477] RX[COM10]  02
[02:35:04.479] RX[COM10]  66 00 00 01 64 2a 00 00 00 00 00 00 00 00 00 00 00 00 00 00 00 00 00 00 00 00 00 00 00 00 00 00 00 00 00 00 00 00 00 00 00 00 00 00 00 00 00 00 00 00 00 00 00 00 00 00 43 6e 10 f5 13 ec 0a ff 67 00 00 01 64 2a 0a
[02:35:04.480] PACKET[COM10] state: status=0b0110011000000000, uptime=91178, orientation=[0.0, 0.0, 0.0, 0.0], position=[0.0, 0.0, 0.0], velocity=[0.0, 0.0, 0.0], latitude=0.0, longitude=0.0, gps_altitude=0.0, barometric_altitude=238.066238, witness_battery_voltage=5.1
[02:35:04.480] PACKET[COM10] heartbeat: status=0b0110011100000000, uptime=91178
[02:35:04.601] RX[COM10]  01
[02:35:04.603] RX[COM10]  6f 00 00 01 64 ac 00 02 7a 00 03 56 ff 9c 5a ff fc 00 02 ff fe 0a
[02:35:04.604] PACKET[COM10] sensors: status=0b0110111100000000, uptime=91308, filtered_accel=[0.02536, 0.03416, -1.0204], gyro=[-0.28, 0.14, -0.14]
[02:35:04.728] RX[COM10]  01
[02:35:04.729] RX[COM10]  6f 00 00 01 65 10 00 02 6e 00 03 62 ff 9c 41 ff d5 00 15 00 27 0a
[02:35:04.730] PACKET[COM10] sensors: status=0b0110111100000000, uptime=91408, filtered_accel=[0.02488, 0.03464, -1.0214], gyro=[-3.01, 1.47, 2.73]
[02:35:04.780] RX[COM10]  01
[02:35:04.781] RX[COM10]  6f 00 00 01 65 74 00 02 7a 00 03 6e ff 9c 29 ff d5 00 15 00 26 0a
[02:35:04.782] PACKET[COM10] sensors: status=0b0110111100000000, uptime=91508, filtered_accel=[0.02536, 0.03512, -1.02236], gyro=[-3.01, 1.47, 2.66]
[02:35:04.891] RX[COM10]  01
[02:35:04.892] RX[COM10]  6f 00 00 01 65 d8 00 02 7a 00 03 56 ff 9c 1d ff d6 00 16 00 27 0a
[02:35:04.893] PACKET[COM10] sensors: status=0b0110111100000000, uptime=91608, filtered_accel=[0.02536, 0.03416, -1.02284], gyro=[-2.94, 1.54, 2.73]
[02:35:05.000] RX[COM10]  01
[02:35:05.000] RX[COM10]  67 00 00 01 66 3c 00 02 87 00 03 62 ff 9c 29 ff d4 00 15 00 27 0a
[02:35:05.001] PACKET[COM10] sensors: status=0b0110011100000000, uptime=91708, filtered_accel=[0.02588, 0.03464, -1.02236], gyro=[-3.08, 1.47, 2.73]
[02:35:05.111] RX[COM10]  01
[02:35:05.112] RX[COM10]  67 00 00 01 66 a0 00 02 6e 00 03 56 ff 9c 41 ff d4 00 16 00 28 0a
[02:35:05.113] PACKET[COM10] sensors: status=0b0110011100000000, uptime=91808, filtered_accel=[0.02488, 0.03416, -1.0214], gyro=[-3.08, 1.54, 2.8]
[02:35:05.220] RX[COM10]  01
[02:35:05.220] RX[COM10]  6f 00 00 01 67 04 00 02 7a 00 03 56 ff 9c 35 ff d5 00 14 00 27 0a
[02:35:05.221] PACKET[COM10] sensors: status=0b0110111100000000, uptime=91908, filtered_accel=[0.02536, 0.03416, -1.02188], gyro=[-3.01, 1.4, 2.73]
[02:35:05.280] RX[COM10]  01
[02:35:05.280] RX[COM10]  6f 00 00 01 67 68 00 02 6e 00 03 56 ff 9c 11 ff d5 00 15 00 27 0a
[02:35:05.282] PACKET[COM10] sensors: status=0b0110111100000000, uptime=92008, filtered_accel=[0.02488, 0.03416, -1.02332], gyro=[-3.01, 1.47, 2.73]
[02:35:05.406] RX[COM10]  01
[02:35:05.407] RX[COM10]  6f 00 00 01 67 cc 00 02 87 00 03 56 ff 9c 35 ff d6 00 14 00 27 0a
[02:35:05.408] PACKET[COM10] sensors: status=0b0110111100000000, uptime=92108, filtered_accel=[0.02588, 0.03416, -1.02188], gyro=[-2.94, 1.4, 2.73]
[02:35:05.468] RX[COM10]  02
[02:35:05.470] RX[COM10]  6f 00 00 01 68 12 00 00 00 00 00 00 00 00 00 00 00 00 00 00 00 00 00 00 00 00 00 00 00 00 00 00 00 00 00 00 00 00 00 00 00 00 00 00 00 00 00 00 00 00 00 00 00 00 00 00 43 6d fa a2 13 e4 0a ff 6e 00 00 01 68 12 0a
[02:35:05.471] PACKET[COM10] state: status=0b0110111100000000, uptime=92178, orientation=[0.0, 0.0, 0.0, 0.0], position=[0.0, 0.0, 0.0], velocity=[0.0, 0.0, 0.0], latitude=0.0, longitude=0.0, gps_altitude=0.0, barometric_altitude=237.979034, witness_battery_voltage=5.092
[02:35:05.472] PACKET[COM10] heartbeat: status=0b0110111000000000, uptime=92178
[02:35:05.595] RX[COM10]  01
[02:35:05.596] RX[COM10]  6e 00 00 01 68 94 00 03 ab 00 03 01 ff 9d 72 ff c7 ff 43 ff f4 0a
[02:35:05.597] PACKET[COM10] sensors: status=0b0110111000000000, uptime=92308, filtered_accel=[0.03756, 0.03076, -1.0092], gyro=[-3.99, -13.23, -0.84]
[02:35:05.723] RX[COM10]  01
[02:35:05.727] RX[COM10]  66 00 00 01 68 f8 00 01 56 00 27 5d ff 9e 8b ff eb 00 1f ff d7 0a
[02:35:05.728] PACKET[COM10] sensors: status=0b0110011000000000, uptime=92408, filtered_accel=[0.01368, 0.40308, -0.99796], gyro=[-1.47, 2.17, -2.87]
[02:35:05.785] RX[COM10]  01
[02:35:05.786] RX[COM10]  66 00 00 01 69 5c 00 02 56 00 03 56 ff 9c 29 ff d6 00 13 00 27 0a
[02:35:05.787] PACKET[COM10] sensors: status=0b0110011000000000, uptime=92508, filtered_accel=[0.02392, 0.03416, -1.02236], gyro=[-2.94, 1.33, 2.73]
[02:35:05.912] RX[COM10]  01
[02:35:05.913] RX[COM10]  6e 00 00 01 69 c0 00 02 62 00 03 62 ff 9c 41 ff d4 00 12 00 27 0a
[02:35:05.915] PACKET[COM10] sensors: status=0b0110111000000000, uptime=92608, filtered_accel=[0.0244, 0.03464, -1.0214], gyro=[-3.08, 1.26, 2.73]
[02:35:06.037] RX[COM10]  01
[02:35:06.038] RX[COM10]  6e 00 00 01 6a 24 00 02 62 00 03 62 ff 9c 35 ff d6 00 16 00 27 0a
[02:35:06.039] PACKET[COM10] sensors: status=0b0110111000000000, uptime=92708, filtered_accel=[0.0244, 0.03464, -1.02188], gyro=[-2.94, 1.54, 2.73]
[02:35:06.102] RX[COM10]  01
[02:35:06.106] RX[COM10]  6e 00 00 01 6a 88 00 02 6e 00 03 62 ff 9c 35 ff d4 00 14 00 29 0a
[02:35:06.107] PACKET[COM10] sensors: status=0b0110111000000000, uptime=92808, filtered_accel=[0.02488, 0.03464, -1.02188], gyro=[-3.08, 1.4, 2.87]
[02:35:06.214] RX[COM10]  01
[02:35:06.215] RX[COM10]  6e 00 00 01 6a ec 00 02 62 00 03 56 ff 9c 29 ff d5 00 15 00 27 0a
[02:35:06.215] PACKET[COM10] sensors: status=0b0110111000000000, uptime=92908, filtered_accel=[0.0244, 0.03416, -1.02236], gyro=[-3.01, 1.47, 2.73]
[02:35:06.325] RX[COM10]  01
[02:35:06.326] RX[COM10]  66 00 00 01 6b 50 00 02 62 00 03 56 ff 9c 4e ff d4 00 15 00 27 0a
[02:35:06.326] PACKET[COM10] sensors: status=0b0110011000000000, uptime=93008, filtered_accel=[0.0244, 0.03416, -1.02088], gyro=[-3.08, 1.47, 2.73]
[02:35:06.385] RX[COM10]  01
[02:35:06.386] RX[COM10]  66 00 00 01 6b b4 00 02 7a 00 03 62 ff 9c 41 ff d5 00 15 00 27 0a
[02:35:06.387] PACKET[COM10] sensors: status=0b0110011000000000, uptime=93108, filtered_accel=[0.02536, 0.03464, -1.0214], gyro=[-3.01, 1.47, 2.73]
[02:35:06.448] RX[COM10]  02
[02:35:06.449] RX[COM10]  66 00 00 01 6b fa 00 00 00 00 00 00 00 00 00 00 00 00 00 00 00 00 00 00 00 00 00 00 00 00 00 00 00 00 00 00 00 00 00 00 00 00 00 00 00 00 00 00 00 00 00 00 00 00 00 00 43 6e 26 9a 13 ec 0a ff 67 00 00 01 6b fa 0a
[02:35:06.450] PACKET[COM10] state: status=0b0110011000000000, uptime=93178, orientation=[0.0, 0.0, 0.0, 0.0], position=[0.0, 0.0, 0.0], velocity=[0.0, 0.0, 0.0], latitude=0.0, longitude=0.0, gps_altitude=0.0, barometric_altitude=238.150787, witness_battery_voltage=5.1
[02:35:06.451] PACKET[COM10] heartbeat: status=0b0110011100000000, uptime=93178
[02:35:06.637] RX[COM10]  01
[02:35:06.640] RX[COM10]  6f 00 00 01 6c 7c 00 02 62 00 03 6e ff 9c 4e ff fd 00 02 ff fd 0a
[02:35:06.641] PACKET[COM10] sensors: status=0b0110111100000000, uptime=93308, filtered_accel=[0.0244, 0.03512, -1.02088], gyro=[-0.21, 0.14, -0.21]
[02:35:06.701] RX[COM10]  01
[02:35:06.702] RX[COM10]  6f 00 00 01 6c e0 00 02 62 00 03 62 ff 9c 35 ff d5 00 15 00 28 0a
[02:35:06.707] PACKET[COM10] sensors: status=0b0110111100000000, uptime=93408, filtered_accel=[0.0244, 0.03464, -1.02188], gyro=[-3.01, 1.47, 2.8]
[02:35:06.829] RX[COM10]  01
[02:35:06.831] RX[COM10]  6f 00 00 01 6d 44 00 02 62 00 03 56 ff 9c 29 ff d5 00 14 00 27 0a
[02:35:06.832] PACKET[COM10] sensors: status=0b0110111100000000, uptime=93508, filtered_accel=[0.0244, 0.03416, -1.02236], gyro=[-3.01, 1.4, 2.73]
[02:35:06.892] RX[COM10]  01
[02:35:06.893] RX[COM10]  6f 00 00 01 6d a8 00 02 6e 00 03 56 ff 9c 35 ff d5 00 15 00 27 0a
[02:35:06.894] PACKET[COM10] sensors: status=0b0110111100000000, uptime=93608, filtered_accel=[0.02488, 0.03416, -1.02188], gyro=[-3.01, 1.47, 2.73]
[02:35:07.018] RX[COM10]  01
[02:35:07.019] RX[COM10]  67 00 00 01 6e 0c 00 02 56 00 03 56 ff 9c 29 ff d5 00 15 00 27 0a
[02:35:07.020] PACKET[COM10] sensors: status=0b0110011100000000, uptime=93708, filtered_accel=[0.02392, 0.03416, -1.02236], gyro=[-3.01, 1.47, 2.73]
[02:35:07.079] RX[COM10]  01
[02:35:07.082] RX[COM10]  67 00 00 01 6e 70 00 02 4a 00 03 6e ff 9c 5a ff d5 00 12 00 28 0a
[02:35:07.083] PACKET[COM10] sensors: status=0b0110011100000000, uptime=93808, filtered_accel=[0.02344, 0.03512, -1.0204], gyro=[-3.01, 1.26, 2.8]
[02:35:07.192] RX[COM10]  01
[02:35:07.192] RX[COM10]  67 00 00 01 6e d4 00 02 6e 00 03 62 ff 9c 35 ff d5 00 16 00 27 0a
[02:35:07.193] PACKET[COM10] sensors: status=0b0110011100000000, uptime=93908, filtered_accel=[0.02488, 0.03464, -1.02188], gyro=[-3.01, 1.54, 2.73]
[02:35:07.302] RX[COM10]  01
[02:35:07.303] RX[COM10]  6f 00 00 01 6f 38 00 02 6e 00 03 6e ff 9c 29 ff d4 00 15 00 27 0a
[02:35:07.307] PACKET[COM10] sensors: status=0b0110111100000000, uptime=94008, filtered_accel=[0.02488, 0.03512, -1.02236], gyro=[-3.08, 1.47, 2.73]
[02:35:07.422] RX[COM10]  01
[02:35:07.423] RX[COM10]  6f 00 00 01 6f 9c 00 02 6e 00 03 62 ff 9c 35 ff d5 00 15 00 27 0a
[02:35:07.424] PACKET[COM10] sensors: status=0b0110111100000000, uptime=94108, filtered_accel=[0.02488, 0.03464, -1.02188], gyro=[-3.01, 1.47, 2.73]
[02:35:07.485] RX[COM10]  02
[02:35:07.486] RX[COM10]  6f 00 00 01 6f e2 00 00 00 00 00 00 00 00 00 00 00 00 00 00 00 00 00 00 00 00 00 00 00 00 00 00 00 00 00 00 00 00 00 00 00 00 00 00 00 00 00 00 00 00 00 00 00 00 00 00 43 6e 3c 3f 13 e8 0a ff 6e 00 00 01 6f e2 0a
[02:35:07.487] PACKET[COM10] state: status=0b0110111100000000, uptime=94178, orientation=[0.0, 0.0, 0.0, 0.0], position=[0.0, 0.0, 0.0], velocity=[0.0, 0.0, 0.0], latitude=0.0, longitude=0.0, gps_altitude=0.0, barometric_altitude=238.235336, witness_battery_voltage=5.096
[02:35:07.488] PACKET[COM10] heartbeat: status=0b0110111000000000, uptime=94178
[02:35:07.612] RX[COM10]  01
[02:35:07.613] RX[COM10]  6e 00 00 01 70 64 00 02 56 00 03 62 ff 9c 5a ff fa ff ff ff fc 0a
[02:35:07.614] PACKET[COM10] sensors: status=0b0110111000000000, uptime=94308, filtered_accel=[0.02392, 0.03464, -1.0204], gyro=[-0.42, -0.07, -0.28]
[02:35:07.736] RX[COM10]  01
[02:35:07.739] RX[COM10]  66 00 00 01 70 c8 00 02 c4 00 03 3e ff 9c 35 ff d0 00 11 00 26 0a
[02:35:07.741] PACKET[COM10] sensors: status=0b0110011000000000, uptime=94408, filtered_accel=[0.02832, 0.0332, -1.02188], gyro=[-3.36, 1.19, 2.66]
[02:35:07.799] RX[COM10]  01
[02:35:07.800] RX[COM10]  66 00 00 01 71 2c 00 02 62 00 03 62 ff 9c 29 ff d4 00 15 00 27 0a
[02:35:07.801] PACKET[COM10] sensors: status=0b0110011000000000, uptime=94508, filtered_accel=[0.0244, 0.03464, -1.02236], gyro=[-3.08, 1.47, 2.73]
[02:35:07.924] RX[COM10]  01
[02:35:07.924] RX[COM10]  66 00 00 01 71 90 00 02 6e 00 03 6e ff 9c 41 ff d5 00 14 00 27 0a
[02:35:07.925] PACKET[COM10] sensors: status=0b0110011000000000, uptime=94608, filtered_accel=[0.02488, 0.03512, -1.0214], gyro=[-3.01, 1.4, 2.73]
[02:35:07.987] RX[COM10]  01
[02:35:07.987] RX[COM10]  6e 00 00 01 71 f4 00 02 87 00 03 56 ff 9c f8 ff d5 00 12 00 27 0a
[02:35:07.988] PACKET[COM10] sensors: status=0b0110111000000000, uptime=94708, filtered_accel=[0.02588, 0.03416, -1.01408], gyro=[-3.01, 1.26, 2.73]
[02:35:08.112] RX[COM10]  01
[02:35:08.113] RX[COM10]  6e 00 00 01 72 58 ff ff 49 00 02 c4 ff 9c 7e ff d9 00 0c ff de 0a
[02:35:08.114] PACKET[COM10] sensors: status=0b0110111000000000, uptime=94808, filtered_accel=[-0.00732, 0.02832, -1.01896], gyro=[-2.73, 0.84, -2.38]
[02:35:08.238] RX[COM10]  01
[02:35:08.239] RX[COM10]  6e 00 00 01 72 bc 00 00 00 00 03 62 ff 9c 35 ff e4 ff 2c 00 16 0a
[02:35:08.241] PACKET[COM10] sensors: status=0b0110111000000000, uptime=94908, filtered_accel=[0.0, 0.03464, -1.02188], gyro=[-1.96, -14.84, 1.54]
[02:35:08.300] RX[COM10]  01
[02:35:08.301] RX[COM10]  6e 00 00 01 73 20 ff fe 61 00 02 dc ff 9b e0 ff f7 ff bb 00 21 0a
[02:35:08.302] PACKET[COM10] sensors: status=0b0110111000000000, uptime=95008, filtered_accel=[-0.0166, 0.02928, -1.02528], gyro=[-0.63, -4.83, 2.31]
[02:35:08.425] RX[COM10]  01
[02:35:08.427] RX[COM10]  66 00 00 01 73 84 ff f8 0b 00 00 18 ff 9d a3 00 a4 fe 4d 00 0e 0a
[02:35:08.428] PACKET[COM10] sensors: status=0b0110011000000000, uptime=95108, filtered_accel=[-0.08148, 0.00096, -1.00724], gyro=[11.48, -30.45, 0.98]
[02:35:08.489] RX[COM10]  02
[02:35:08.490] RX[COM10]  6e 00 00 01 73 ca 00 00 00 00 00 00 00 00 00 00 00 00 00 00 00 00 00 00 00 00 00 00 00 00 00 00 00 00 00 00 00 00 00 00 00 00 00 00 00 00 00 00 00 00 00 00 00 00 00 00 43 6e 3c 3f 13 f0 0a ff 6f 00 00 01 73 ca 0a
[02:35:08.491] PACKET[COM10] state: status=0b0110111000000000, uptime=95178, orientation=[0.0, 0.0, 0.0, 0.0], position=[0.0, 0.0, 0.0], velocity=[0.0, 0.0, 0.0], latitude=0.0, longitude=0.0, gps_altitude=0.0, barometric_altitude=238.235336, witness_battery_voltage=5.104
[02:35:08.494] PACKET[COM10] heartbeat: status=0b0110111100000000, uptime=95178
[02:35:08.615] RX[COM10]  01
[02:35:08.616] RX[COM10]  6f 00 00 01 74 4c ff f6 a9 ff ff 6e ff 9c af 00 0b ff e3 ff fc 0a
[02:35:08.617] PACKET[COM10] sensors: status=0b0110111100000000, uptime=95308, filtered_accel=[-0.09564, -0.00584, -1.017], gyro=[0.77, -2.03, -0.28]
[02:35:08.732] RX[COM10]  01
[02:35:08.732] RX[COM10]  6f 00 00 01 74 b0 ff f6 47 ff ff 31 ff 9c d4 ff da 00 0a 00 27 0a
[02:35:08.735] PACKET[COM10] sensors: status=0b0110111100000000, uptime=95408, filtered_accel=[-0.09956, -0.00828, -1.01552], gyro=[-2.66, 0.7, 2.73]
[02:35:08.801] RX[COM10]  01
[02:35:08.804] RX[COM10]  6f 00 00 01 75 14 ff f6 53 ff ff 31 ff 9c af ff d1 00 19 00 27 0a
[02:35:08.805] PACKET[COM10] sensors: status=0b0110111100000000, uptime=95508, filtered_accel=[-0.09908, -0.00828, -1.017], gyro=[-3.29, 1.75, 2.73]
[02:35:08.926] RX[COM10]  01
[02:35:08.927] RX[COM10]  6f 00 00 01 75 78 ff f6 60 ff ff 3d ff 9c 8b ff d7 00 14 00 26 0a
[02:35:08.928] PACKET[COM10] sensors: status=0b0110111100000000, uptime=95608, filtered_accel=[-0.09856, -0.0078, -1.01844], gyro=[-2.87, 1.4, 2.66]
[02:35:08.990] RX[COM10]  01
[02:35:08.991] RX[COM10]  6f 00 00 01 75 dc ff f6 47 ff ff 31 ff 9c 8b ff d8 00 17 00 26 0a
[02:35:08.991] PACKET[COM10] sensors: status=0b0110111100000000, uptime=95708, filtered_accel=[-0.09956, -0.00828, -1.01844], gyro=[-2.8, 1.61, 2.66]
[02:35:09.115] RX[COM10]  01
[02:35:09.116] RX[COM10]  67 00 00 01 76 40 ff f6 78 ff ff 3d ff a1 2a ff 5b 01 31 00 36 0a
[02:35:09.117] PACKET[COM10] sensors: status=0b0110011100000000, uptime=95808, filtered_accel=[-0.0976, -0.0078, -0.97112], gyro=[-11.55, 21.35, 3.78]
[02:35:09.178] RX[COM10]  01
[02:35:09.179] RX[COM10]  67 00 00 01 76 a4 ff fe 55 00 03 4a ff 9c af ff ad 00 9f 00 2d 0a
[02:35:09.180] PACKET[COM10] sensors: status=0b0110011100000000, uptime=95908, filtered_accel=[-0.01708, 0.03368, -1.017], gyro=[-5.81, 11.13, 3.15]
[02:35:09.302] RX[COM10]  01
[02:35:09.303] RX[COM10]  67 00 00 01 77 08 00 01 f4 00 03 6e ff 9c 4e ff d7 00 2e 00 28 0a
[02:35:09.304] PACKET[COM10] sensors: status=0b0110011100000000, uptime=96008, filtered_accel=[0.02, 0.03512, -1.02088], gyro=[-2.87, 3.22, 2.8]
[02:35:09.428] RX[COM10]  01
[02:35:09.429] RX[COM10]  6f 00 00 01 77 6c 00 01 c3 00 03 6e ff 9c 35 ff d4 00 14 00 27 0a
[02:35:09.430] PACKET[COM10] sensors: status=0b0110111100000000, uptime=96108, filtered_accel=[0.01804, 0.03512, -1.02188], gyro=[-3.08, 1.4, 2.73]
[02:35:09.492] RX[COM10]  02
[02:35:09.494] RX[COM10]  6f 00 00 01 77 b2 00 00 00 00 00 00 00 00 00 00 00 00 00 00 00 00 00 00 00 00 00 00 00 00 00 00 00 00 00 00 00 00 00 00 00 00 00 00 00 00 00 00 00 00 00 00 00 00 00 00 43 6e 26 9a 13 e4 0a ff 6e 00 00 01 77 b2 0a
[02:35:09.495] PACKET[COM10] state: status=0b0110111100000000, uptime=96178, orientation=[0.0, 0.0, 0.0, 0.0], position=[0.0, 0.0, 0.0], velocity=[0.0, 0.0, 0.0], latitude=0.0, longitude=0.0, gps_altitude=0.0, barometric_altitude=238.150787, witness_battery_voltage=5.092
[02:35:09.495] PACKET[COM10] heartbeat: status=0b0110111000000000, uptime=96178
[02:35:09.605] RX[COM10]  01
[02:35:09.606] RX[COM10]  6e 00 00 01 78 34 00 01 d0 00 03 6e ff 9c 41 ff fe 00 06 ff fe 0a
[02:35:09.606] PACKET[COM10] sensors: status=0b0110111000000000, uptime=96308, filtered_accel=[0.01856, 0.03512, -1.0214], gyro=[-0.14, 0.42, -0.14]
[02:35:09.716] RX[COM10]  01
[02:35:09.717] RX[COM10]  6e 00 00 01 78 98 00 01 e8 00 03 62 ff 9c 41 ff d6 00 15 00 27 0a
[02:35:09.720] PACKET[COM10] sensors: status=0b0110111000000000, uptime=96408, filtered_accel=[0.01952, 0.03464, -1.0214], gyro=[-2.94, 1.47, 2.73]
[02:35:09.839] RX[COM10]  01
[02:35:09.840] RX[COM10]  66 00 00 01 78 fc 00 02 00 00 03 7b ff 9c 29 ff d5 00 16 00 27 0a
[02:35:09.841] PACKET[COM10] sensors: status=0b0110011000000000, uptime=96508, filtered_accel=[0.02048, 0.03564, -1.02236], gyro=[-3.01, 1.54, 2.73]
[02:35:09.903] RX[COM10]  01
[02:35:09.905] RX[COM10]  66 00 00 01 79 60 00 01 f4 00 03 62 ff 9c 35 ff d6 00 16 00 27 0a
[02:35:09.906] PACKET[COM10] sensors: status=0b0110011000000000, uptime=96608, filtered_accel=[0.02, 0.03464, -1.02188], gyro=[-2.94, 1.54, 2.73]
[02:35:10.028] RX[COM10]  01
[02:35:10.030] RX[COM10]  66 00 00 01 79 c4 00 01 e8 00 03 4a ff 9c 66 ff d5 00 17 00 27 0a
[02:35:10.030] PACKET[COM10] sensors: status=0b0110011000000000, uptime=96708, filtered_accel=[0.01952, 0.03368, -1.01992], gyro=[-3.01, 1.61, 2.73]
[02:35:10.090] RX[COM10]  01
[02:35:10.091] RX[COM10]  6e 00 00 01 7a 28 00 01 e8 00 03 62 ff 9c 35 ff d4 00 16 00 28 0a
[02:35:10.092] PACKET[COM10] sensors: status=0b0110111000000000, uptime=96808, filtered_accel=[0.01952, 0.03464, -1.02188], gyro=[-3.08, 1.54, 2.8]
[02:35:10.217] RX[COM10]  01
[02:35:10.218] RX[COM10]  6e 00 00 01 7a 8c 00 02 00 00 03 6e ff 9c 29 ff d5 00 15 00 27 0a
[02:35:10.220] PACKET[COM10] sensors: status=0b0110111000000000, uptime=96908, filtered_accel=[0.02048, 0.03512, -1.02236], gyro=[-3.01, 1.47, 2.73]
[02:35:10.279] RX[COM10]  01
[02:35:10.280] RX[COM10]  6e 00 00 01 7a f0 00 02 00 00 03 6e ff 9c 35 ff d6 00 15 00 27 0a
[02:35:10.281] PACKET[COM10] sensors: status=0b0110111000000000, uptime=97008, filtered_accel=[0.02048, 0.03512, -1.02188], gyro=[-2.94, 1.47, 2.73]
[02:35:10.405] RX[COM10]  01
[02:35:10.406] RX[COM10]  6e 00 00 01 7b 54 00 02 25 00 03 87 ff 9c 29 ff d6 00 16 00 27 0a
[02:35:10.407] PACKET[COM10] sensors: status=0b0110111000000000, uptime=97108, filtered_accel=[0.02196, 0.03612, -1.02236], gyro=[-2.94, 1.54, 2.73]
[02:35:10.458] RX[COM10]  02
[02:35:10.459] RX[COM10]  6e 00 00 01 7b 9a 00 00 00 00 00 00 00 00 00 00 00 00 00 00 00 00 00 00 00 00 00 00 00 00 00 00 00 00 00 00 00 00 00 00 00 00 00 00 00 00 00 00 00 00 00 00 00 00 00 00 43 6e 26 9a 13 e8 0a ff 6f 00 00 01 7b 9a 0a
[02:35:10.460] PACKET[COM10] state: status=0b0110111000000000, uptime=97178, orientation=[0.0, 0.0, 0.0, 0.0], position=[0.0, 0.0, 0.0], velocity=[0.0, 0.0, 0.0], latitude=0.0, longitude=0.0, gps_altitude=0.0, barometric_altitude=238.150787, witness_battery_voltage=5.096
[02:35:10.460] PACKET[COM10] heartbeat: status=0b0110111100000000, uptime=97178
[02:35:10.621] RX[COM10]  01
[02:35:10.621] RX[COM10]  6f 00 00 01 7c 1c 00 02 00 00 03 6e ff 9c 5a ff fd 00 01 ff fd 0a
[02:35:10.622] PACKET[COM10] sensors: status=0b0110111100000000, uptime=97308, filtered_accel=[0.02048, 0.03512, -1.0204], gyro=[-0.21, 0.07, -0.21]
[02:35:10.727] RX[COM10]  01
[02:35:10.728] RX[COM10]  6f 00 00 01 7c 80 00 02 0d 00 03 6e ff 9c 29 ff d5 00 15 00 28 0a
[02:35:10.728] PACKET[COM10] sensors: status=0b0110111100000000, uptime=97408, filtered_accel=[0.021, 0.03512, -1.02236], gyro=[-3.01, 1.47, 2.8]
[02:35:10.784] RX[COM10]  01
[02:35:10.788] RX[COM10]  6f 00 00 01 7c e4 00 02 25 00 03 7b ff 9c 35 ff d5 00 15 00 28 0a
[02:35:10.789] PACKET[COM10] sensors: status=0b0110111100000000, uptime=97508, filtered_accel=[0.02196, 0.03564, -1.02188], gyro=[-3.01, 1.47, 2.8]
[02:35:10.891] RX[COM10]  01
[02:35:10.892] RX[COM10]  6f 00 00 01 7d 48 00 02 0d 00 03 6e ff 9c 35 ff d5 00 16 00 27 0a
[02:35:10.899] PACKET[COM10] sensors: status=0b0110111100000000, uptime=97608, filtered_accel=[0.021, 0.03512, -1.02188], gyro=[-3.01, 1.54, 2.73]
[02:35:11.004] RX[COM10]  01
[02:35:11.005] RX[COM10]  6f 00 00 01 7d ac 00 02 0d 00 03 7b ff 9c 1d ff d5 00 15 00 27 0a
[02:35:11.006] PACKET[COM10] sensors: status=0b0110111100000000, uptime=97708, filtered_accel=[0.021, 0.03564, -1.02284], gyro=[-3.01, 1.47, 2.73]
[02:35:11.109] RX[COM10]  01
[02:35:11.110] RX[COM10]  67 00 00 01 7e 10 00 01 f4 00 03 62 ff 9c 41 ff d4 00 16 00 28 0a
[02:35:11.111] PACKET[COM10] sensors: status=0b0110011100000000, uptime=97808, filtered_accel=[0.02, 0.03464, -1.0214], gyro=[-3.08, 1.54, 2.8]
[02:35:11.223] RX[COM10]  01
[02:35:11.223] RX[COM10]  67 00 00 01 7e 74 00 02 00 00 03 6e ff 9c 29 ff d5 00 15 00 27 0a
[02:35:11.224] PACKET[COM10] sensors: status=0b0110011100000000, uptime=97908, filtered_accel=[0.02048, 0.03512, -1.02236], gyro=[-3.01, 1.47, 2.73]
[02:35:11.332] RX[COM10]  01
[02:35:11.333] RX[COM10]  67 00 00 01 7e d8 00 01 f4 00 03 6e ff 9c 29 ff d4 00 16 00 27 0a
[02:35:11.334] PACKET[COM10] sensors: status=0b0110011100000000, uptime=98008, filtered_accel=[0.02, 0.03512, -1.02236], gyro=[-3.08, 1.54, 2.73]
[02:35:11.385] RX[COM10]  01
[02:35:11.385] RX[COM10]  6f 00 00 01 7f 3c 00 02 0d 00 03 7b ff 9c 29 ff d5 00 15 00 27 0a
[02:35:11.386] PACKET[COM10] sensors: status=0b0110111100000000, uptime=98108, filtered_accel=[0.021, 0.03564, -1.02236], gyro=[-3.01, 1.47, 2.73]
[02:35:11.498] RX[COM10]  02
[02:35:11.498] RX[COM10]  67 00 00 01 7f 82 00 00 00 00 00 00 00 00 00 00 00 00 00 00 00 00 00 00 00 00 00 00 00 00 00 00 00 00 00 00 00 00 00 00 00 00 00 00 00 00 00 00 00 00 00 00 00 00 00 00 43 6e 3c 3f 13 e0 0a ff 66 00 00 01 7f 82 0a
[02:35:11.499] PACKET[COM10] state: status=0b0110011100000000, uptime=98178, orientation=[0.0, 0.0, 0.0, 0.0], position=[0.0, 0.0, 0.0], velocity=[0.0, 0.0, 0.0], latitude=0.0, longitude=0.0, gps_altitude=0.0, barometric_altitude=238.235336, witness_battery_voltage=5.088
[02:35:11.500] PACKET[COM10] heartbeat: status=0b0110011000000000, uptime=98178
[02:35:11.614] RX[COM10]  01
[02:35:11.615] RX[COM10]  6e 00 00 01 80 04 00 01 f4 00 03 87 ff 9c 4e ff fd 00 02 ff fd 0a
[02:35:11.615] PACKET[COM10] sensors: status=0b0110111000000000, uptime=98308, filtered_accel=[0.02, 0.03612, -1.02088], gyro=[-0.21, 0.14, -0.21]
