[23:07:20.055] RX[COM9]  ff
[23:07:20.056] RX[COM9]  6f 00 00 00 a8 ab 0a
[23:07:20.057] PACKET[COM9] heartbeat: status=0b0110111100000000, uptime=43179
[23:07:20.119] RX[COM9]  f0
[23:07:20.122] RX[COM9]  00 00 00 36 f3 00 00 00 00 00 00 0a
[23:07:20.122] PACKET[COM9] ground_station_status: rssi=0, uptime=14067, reserved=[0, 0, 0, 0, 0, 0]
[23:07:20.755] RX[COM9]  01
[23:07:20.756] RX[COM9]  67 00 00 00 ab 84 00 62 2c 00 00 55 00 03 f5 ff fc 00 02 ff ff 0a
[23:07:20.758] PACKET[COM9] sensors: status=0b0110011100000000, uptime=43908, filtered_accel=[1.00528, 0.0034, 0.04052], gyro=[-0.28, 0.14, -0.07]
[23:07:20.989] RX[COM9]  02
[23:07:20.991] RX[COM9]  67 00 00 00 ac 93 00 00 00 00 00 00 00 00 00 00 00 00 00 00 00 00 00 00 00 00 00 00 00 00 00 00 00 00 00 00 00 00 00 00 00 00 00 00 00 00 00 00 00 00 00 00 00 00 00 00 43 62 50 e8 0c 68 0a
[23:07:21.004] PACKET[COM9] state: status=0b0110011100000000, uptime=44179, orientation=[0.0, 0.0, 0.0, 0.0], position=[0.0, 0.0, 0.0], velocity=[0.0, 0.0, 0.0], latitude=0.0, longitude=0.0, gps_altitude=0.0, barometric_altitude=226.31604, witness_battery_voltage=3.176
[23:07:21.005] RX[COM9]  ff
[23:07:21.005] RX[COM9]  66 00 00 00 ac 93 0a
[23:07:21.006] PACKET[COM9] heartbeat: status=0b0110011000000000, uptime=44179
[23:07:21.120] RX[COM9]  f0
[23:07:21.122] RX[COM9]  00 00 00 3a db 00 00 00 00 00 00 0a
[23:07:21.123] PACKET[COM9] ground_station_status: rssi=0, uptime=15067, reserved=[0, 0, 0, 0, 0, 0]
[23:07:21.722] RX[COM9]  01
[23:07:21.724] RX[COM9]  6e 00 00 00 af 6c 00 62 20 00 00 3d 00 03 d0 ff fd 00 02 ff ff 0a
[23:07:21.725] PACKET[COM9] sensors: status=0b0110111000000000, uptime=44908, filtered_accel=[1.0048, 0.00244, 0.03904], gyro=[-0.21, 0.14, -0.07]
[23:07:21.975] RX[COM9]  02
[23:07:21.979] RX[COM9]  6e 00 00 00 b0 7b 00 00 00 00 00 00 00 00 00 00 00 00 00 00 00 00 00 00 00 00 00 00 00 00 00 00 00 00 00 00 00 00 00 00 00 00 00 00 00 00 00 00 00 00 00 00 00 00 00 00 43 62 50 e8 0c 6c 0a
[23:07:21.981] PACKET[COM9] state: status=0b0110111000000000, uptime=45179, orientation=[0.0, 0.0, 0.0, 0.0], position=[0.0, 0.0, 0.0], velocity=[0.0, 0.0, 0.0], latitude=0.0, longitude=0.0, gps_altitude=0.0, barometric_altitude=226.31604, witness_battery_voltage=3.18
[23:07:22.038] RX[COM9]  ff
[23:07:22.039] RX[COM9]  6f 00 00 00 b0 7b 0a
[23:07:22.041] PACKET[COM9] heartbeat: status=0b0110111100000000, uptime=45179
[23:07:22.102] RX[COM9]  f0
[23:07:22.103] RX[COM9]  00 00 00 3e c3 00 00 00 00 00 00 0a
[23:07:22.104] PACKET[COM9] ground_station_status: rssi=0, uptime=16067, reserved=[0, 0, 0, 0, 0, 0]
[23:07:22.708] RX[COM9]  01
[23:07:22.709] RX[COM9]  6f 00 00 00 b3 54 00 62 20 00 00 00 00 04 93 ff fb 00 02 ff fd 0a
[23:07:22.710] PACKET[COM9] sensors: status=0b0110111100000000, uptime=45908, filtered_accel=[1.0048, 0.0, 0.04684], gyro=[-0.35, 0.14, -0.21]
[23:07:22.987] RX[COM9]  02
[23:07:22.988] RX[COM9]  67 00 00 00 b4 63 00 00 00 00 00 00 00 00 00 00 00 00 00 00 00 00 00 00 00 00 00 00 00 00 00 00 00 00 00 00 00 00 00 00 00 00 00 00 00 00 00 00 00 00 00 00 00 00 00 00 43 61 f9 a6 0c 68 0a
[23:07:22.991] PACKET[COM9] state: status=0b0110011100000000, uptime=46179, orientation=[0.0, 0.0, 0.0, 0.0], position=[0.0, 0.0, 0.0], velocity=[0.0, 0.0, 0.0], latitude=0.0, longitude=0.0, gps_altitude=0.0, barometric_altitude=225.975189, witness_battery_voltage=3.176
[23:07:23.048] RX[COM9]  ff
[23:07:23.049] RX[COM9]  66 00 00 00 b4 63 0a
[23:07:23.052] PACKET[COM9] heartbeat: status=0b0110011000000000, uptime=46179
[23:07:23.111] RX[COM9]  f0
[23:07:23.113] RX[COM9]  00 00 00 42 ab 00 00 00 00 00 00 0a
[23:07:23.114] PACKET[COM9] ground_station_status: rssi=0, uptime=17067, reserved=[0, 0, 0, 0, 0, 0]
[23:07:23.718] RX[COM9]  01
[23:07:23.723] RX[COM9]  6e 00 00 00 b7 3c 00 62 2c 00 00 3d 00 03 c4 ff fc 00 01 ff ff 0a
[23:07:23.725] PACKET[COM9] sensors: status=0b0110111000000000, uptime=46908, filtered_accel=[1.00528, 0.00244, 0.03856], gyro=[-0.28, 0.07, -0.07]
[23:07:23.974] RX[COM9]  02
[23:07:23.975] RX[COM9]  6e 00 00 00 b8 4b 00 00 00 00 00 00 00 00 00 00 00 00 00 00 00 00 00 00 00 00 00 00 00 00 00 00 00 00 00 00 00 00 00 00 00 00 00 00 00 00 00 00 00 00 00 00 00 00 00 00 43 62 50 e8 0c 68 0a
[23:07:23.978] PACKET[COM9] state: status=0b0110111000000000, uptime=47179, orientation=[0.0, 0.0, 0.0, 0.0], position=[0.0, 0.0, 0.0], velocity=[0.0, 0.0, 0.0], latitude=0.0, longitude=0.0, gps_altitude=0.0, barometric_altitude=226.31604, witness_battery_voltage=3.176
[23:07:24.037] RX[COM9]  ff
[23:07:24.038] RX[COM9]  6f 00 00 00 b8 4b 0a
[23:07:24.039] PACKET[COM9] heartbeat: status=0b0110111100000000, uptime=47179
[23:07:24.101] RX[COM9]  f0
[23:07:24.103] RX[COM9]  00 00 00 46 93 00 00 00 00 00 00 0a
[23:07:24.105] PACKET[COM9] ground_station_status: rssi=0, uptime=18067, reserved=[0, 0, 0, 0, 0, 0]
[23:07:24.708] RX[COM9]  01
[23:07:24.711] RX[COM9]  6f 00 00 00 bb 24 00 62 20 00 00 55 00 03 f5 ff fc 00 01 ff ff 0a
[23:07:24.713] PACKET[COM9] sensors: status=0b0110111100000000, uptime=47908, filtered_accel=[1.0048, 0.0034, 0.04052], gyro=[-0.28, 0.07, -0.07]
[23:07:24.965] RX[COM9]  02
[23:07:24.967] RX[COM9]  67 00 00 00 bc 33 00 00 00 00 00 00 00 00 00 00 00 00 00 00 00 00 00 00 00 00 00 00 00 00 00 00 00 00 00 00 00 00 00 00 00 00 00 00 00 00 00 00 00 00 00 00 00 00 00 00 43 62 7c 33 0c 68 0a
[23:07:24.970] PACKET[COM9] state: status=0b0110011100000000, uptime=48179, orientation=[0.0, 0.0, 0.0, 0.0], position=[0.0, 0.0, 0.0], velocity=[0.0, 0.0, 0.0], latitude=0.0, longitude=0.0, gps_altitude=0.0, barometric_altitude=226.485153, witness_battery_voltage=3.176
[23:07:25.028] RX[COM9]  ff
[23:07:25.032] RX[COM9]  66 00 00 00 bc 33 0a
[23:07:25.034] PACKET[COM9] heartbeat: status=0b0110011000000000, uptime=48179
[23:07:25.091] RX[COM9]  f0
[23:07:25.093] RX[COM9]  00 00 00 4a 7b 00 00 00 00 00 00 0a
[23:07:25.094] PACKET[COM9] ground_station_status: rssi=0, uptime=19067, reserved=[0, 0, 0, 0, 0, 0]
[23:07:25.750] RX[COM9]  01
[23:07:25.751] RX[COM9]  66 00 00 00 bf 0c 00 62 20 00 00 49 00 03 d0 ff fc 00 01 ff ff 0a
[23:07:25.752] PACKET[COM9] sensors: status=0b0110011000000000, uptime=48908, filtered_accel=[1.0048, 0.00292, 0.03904], gyro=[-0.28, 0.07, -0.07]
[23:07:25.976] RX[COM9]  02
[23:07:25.977] RX[COM9]  6e 00 00 00 c0 1b 00 00 00 00 00 00 00 00 00 00 00 00 00 00 00 00 00 00 00 00 00 00 00 00 00 00 00 00 00 00 00 00 00 00 00 00 00 00 00 00 00 00 00 00 00 00 00 00 00 00 43 62 25 9e 0c 64 0a
[23:07:25.980] PACKET[COM9] state: status=0b0110111000000000, uptime=49179, orientation=[0.0, 0.0, 0.0, 0.0], position=[0.0, 0.0, 0.0], velocity=[0.0, 0.0, 0.0], latitude=0.0, longitude=0.0, gps_altitude=0.0, barometric_altitude=226.146942, witness_battery_voltage=3.172
[23:07:26.039] RX[COM9]  ff
[23:07:26.041] RX[COM9]  6f 00 00 00 c0 1b 0a
[23:07:26.043] PACKET[COM9] heartbeat: status=0b0110111100000000, uptime=49179
[23:07:26.102] RX[COM9]  f0
[23:07:26.103] RX[COM9]  00 00 00 4e 63 00 00 00 00 00 00 0a
[23:07:26.104] PACKET[COM9] ground_station_status: rssi=0, uptime=20067, reserved=[0, 0, 0, 0, 0, 0]
[23:07:26.709] RX[COM9]  01
[23:07:26.711] RX[COM9]  6f 00 00 00 c2 f4 00 62 20 00 00 3d 00 03 d0 ff fc 00 02 00 00 0a
[23:07:26.714] PACKET[COM9] sensors: status=0b0110111100000000, uptime=49908, filtered_accel=[1.0048, 0.00244, 0.03904], gyro=[-0.28, 0.14, 0.0]
[23:07:26.965] RX[COM9]  02
[23:07:26.967] RX[COM9]  6f 00 00 00 c4 03 00 00 00 00 00 00 00 00 00 00 00 00 00 00 00 00 00 00 00 00 00 00 00 00 00 00 00 00 00 00 00 00 00 00 00 00 00 00 00 00 00 00 00 00 00 00 00 00 00 00 43 62 50 e8 0c 68 0a
[23:07:26.969] PACKET[COM9] state: status=0b0110111100000000, uptime=50179, orientation=[0.0, 0.0, 0.0, 0.0], position=[0.0, 0.0, 0.0], velocity=[0.0, 0.0, 0.0], latitude=0.0, longitude=0.0, gps_altitude=0.0, barometric_altitude=226.31604, witness_battery_voltage=3.176
[23:07:27.028] RX[COM9]  ff
[23:07:27.031] RX[COM9]  6e 00 00 00 c4 03 0a
[23:07:27.033] PACKET[COM9] heartbeat: status=0b0110111000000000, uptime=50179
[23:07:27.092] RX[COM9]  f0
[23:07:27.094] RX[COM9]  00 00 00 52 4b 00 00 00 00 00 00 0a
[23:07:27.095] PACKET[COM9] ground_station_status: rssi=0, uptime=21067, reserved=[0, 0, 0, 0, 0, 0]
[23:07:27.755] RX[COM9]  01
[23:07:27.756] RX[COM9]  66 00 00 00 c6 dc 00 62 38 00 00 31 00 03 b8 ff fc 00 04 00 00 0a
[23:07:27.757] PACKET[COM9] sensors: status=0b0110011000000000, uptime=50908, filtered_accel=[1.00576, 0.00196, 0.03808], gyro=[-0.28, 0.28, 0.0]
[23:07:27.978] RX[COM9]  02
[23:07:27.979] RX[COM9]  66 00 00 00 c7 eb 00 00 00 00 00 00 00 00 00 00 00 00 00 00 00 00 00 00 00 00 00 00 00 00 00 00 00 00 00 00 00 00 00 00 00 00 00 00 00 00 00 00 00 00 00 00 00 00 00 00 43 61 f9 a6 0c 68 0a
[23:07:27.990] PACKET[COM9] state: status=0b0110011000000000, uptime=51179, orientation=[0.0, 0.0, 0.0, 0.0], position=[0.0, 0.0, 0.0], velocity=[0.0, 0.0, 0.0], latitude=0.0, longitude=0.0, gps_altitude=0.0, barometric_altitude=225.975189, witness_battery_voltage=3.176
[23:07:28.053] RX[COM9]  ff
[23:07:28.055] RX[COM9]  67 00 00 00 c7 eb 0a
[23:07:28.057] PACKET[COM9] heartbeat: status=0b0110011100000000, uptime=51179
[23:07:28.117] RX[COM9]  f0
[23:07:28.121] RX[COM9]  00 00 00 56 33 00 00 00 00 00 00 0a
[23:07:28.122] PACKET[COM9] ground_station_status: rssi=0, uptime=22067, reserved=[0, 0, 0, 0, 0, 0]
[23:07:28.713] RX[COM9]  01
[23:07:28.715] RX[COM9]  6f 00 00 00 ca c4 00 62 20 00 00 3d 00 04 01 ff fc 00 03 ff ff 0a
[23:07:28.717] PACKET[COM9] sensors: status=0b0110111100000000, uptime=51908, filtered_accel=[1.0048, 0.00244, 0.041], gyro=[-0.28, 0.21, -0.07]
[23:07:28.971] RX[COM9]  02
[23:07:28.973] RX[COM9]  6f 00 00 00 cb d3 00 00 00 00 00 00 00 00 00 00 00 00 00 00 00 00 00 00 00 00 00 00 00 00 00 00 00 00 00 00 00 00 00 00 00 00 00 00 00 00 00 00 00 00 00 00 00 00 00 00 43 62 66 8e 0c 68 0a
[23:07:28.977] PACKET[COM9] state: status=0b0110111100000000, uptime=52179, orientation=[0.0, 0.0, 0.0, 0.0], position=[0.0, 0.0, 0.0], velocity=[0.0, 0.0, 0.0], latitude=0.0, longitude=0.0, gps_altitude=0.0, barometric_altitude=226.400604, witness_battery_voltage=3.176
[23:07:29.034] RX[COM9]  ff
[23:07:29.036] RX[COM9]  6e 00 00 00 cb d3 0a
[23:07:29.038] PACKET[COM9] heartbeat: status=0b0110111000000000, uptime=52179
[23:07:29.099] RX[COM9]  f0
[23:07:29.101] RX[COM9]  00 00 00 5a 1b 00 00 00 00 00 00 0a
[23:07:29.102] PACKET[COM9] ground_station_status: rssi=0, uptime=23067, reserved=[0, 0, 0, 0, 0, 0]
[23:07:29.712] RX[COM9]  01
[23:07:29.714] RX[COM9]  66 00 00 00 ce ac 00 62 20 00 00 31 00 03 b8 ff fc 00 02 ff ff 0a
[23:07:29.716] PACKET[COM9] sensors: status=0b0110011000000000, uptime=52908, filtered_accel=[1.0048, 0.00196, 0.03808], gyro=[-0.28, 0.14, -0.07]
[23:07:29.991] RX[COM9]  02
[23:07:29.991] RX[COM9]  66 00 00 00 cf bb 00 00 00 00 00 00 00 00 00 00 00 00 00 00 00 00 00 00 00 00 00 00 00 00 00 00 00 00 00 00 00 00 00 00 00 00 00 00 00 00 00 00 00 00 00 00 00 00 00 00 43 62 0f 4b 0c 68 0a
[23:07:29.993] PACKET[COM9] state: status=0b0110011000000000, uptime=53179, orientation=[0.0, 0.0, 0.0, 0.0], position=[0.0, 0.0, 0.0], velocity=[0.0, 0.0, 0.0], latitude=0.0, longitude=0.0, gps_altitude=0.0, barometric_altitude=226.059738, witness_battery_voltage=3.176
[23:07:30.049] RX[COM9]  ff
[23:07:30.051] RX[COM9]  67 00 00 00 cf bb 0a
[23:07:30.055] PACKET[COM9] heartbeat: status=0b0110011100000000, uptime=53179
[23:07:30.113] RX[COM9]  f0
[23:07:30.115] RX[COM9]  00 00 00 5e 03 00 00 00 00 00 00 0a
[23:07:30.116] PACKET[COM9] ground_station_status: rssi=0, uptime=24067, reserved=[0, 0, 0, 0, 0, 0]
[23:07:30.721] RX[COM9]  01
[23:07:30.723] RX[COM9]  6f 00 00 00 d2 94 00 62 44 00 00 3d 00 03 dc ff fd 00 01 ff ff 0a
[23:07:30.724] PACKET[COM9] sensors: status=0b0110111100000000, uptime=53908, filtered_accel=[1.00624, 0.00244, 0.03952], gyro=[-0.21, 0.07, -0.07]
[23:07:30.964] RX[COM9]  02
[23:07:30.965] RX[COM9]  6f 00 00 00 d3 a3 00 00 00 00 00 00 00 00 00 00 00 00 00 00 00 00 00 00 00 00 00 00 00 00 00 00 00 00 00 00 00 00 00 00 00 00 00 00 00 00 00 00 00 00 00 00 00 00 00 00 43 62 7c 33 0c 6c 0a
[23:07:30.967] PACKET[COM9] state: status=0b0110111100000000, uptime=54179, orientation=[0.0, 0.0, 0.0, 0.0], position=[0.0, 0.0, 0.0], velocity=[0.0, 0.0, 0.0], latitude=0.0, longitude=0.0, gps_altitude=0.0, barometric_altitude=226.485153, witness_battery_voltage=3.18
[23:07:31.027] RX[COM9]  ff
[23:07:31.029] RX[COM9]  6e 00 00 00 d3 a3 0a
[23:07:31.032] PACKET[COM9] heartbeat: status=0b0110111000000000, uptime=54179
[23:07:31.092] RX[COM9]  f0
[23:07:31.094] RX[COM9]  00 00 00 61 eb 00 00 00 00 00 00 0a
[23:07:31.096] PACKET[COM9] ground_station_status: rssi=0, uptime=25067, reserved=[0, 0, 0, 0, 0, 0]
[23:07:31.719] RX[COM9]  01
[23:07:31.720] RX[COM9]  6e 00 00 00 d6 7c 00 62 2c 00 01 31 00 03 dc ff fb 00 03 00 03 0a
[23:07:31.722] PACKET[COM9] sensors: status=0b0110111000000000, uptime=54908, filtered_accel=[1.00528, 0.0122, 0.03952], gyro=[-0.35, 0.21, 0.21]
[23:07:31.961] RX[COM9]  02
[23:07:31.965] RX[COM9]  66 00 00 00 d7 8b 00 00 00 00 00 00 00 00 00 00 00 00 00 00 00 00 00 00 00 00 00 00 00 00 00 00 00 00 00 00 00 00 00 00 00 00 00 00 00 00 00 00 00 00 00 00 00 00 00 00 43 62 7c 33 0c 68 0a
[23:07:31.967] PACKET[COM9] state: status=0b0110011000000000, uptime=55179, orientation=[0.0, 0.0, 0.0, 0.0], position=[0.0, 0.0, 0.0], velocity=[0.0, 0.0, 0.0], latitude=0.0, longitude=0.0, gps_altitude=0.0, barometric_altitude=226.485153, witness_battery_voltage=3.176
[23:07:32.024] RX[COM9]  ff
[23:07:32.027] RX[COM9]  67 00 00 00 d7 8b 0a
[23:07:32.028] PACKET[COM9] heartbeat: status=0b0110011100000000, uptime=55179
[23:07:32.088] RX[COM9]  f0
[23:07:32.090] RX[COM9]  00 00 00 65 d3 00 00 00 00 00 00 0a
[23:07:32.091] PACKET[COM9] ground_station_status: rssi=0, uptime=26067, reserved=[0, 0, 0, 0, 0, 0]
[23:07:32.715] RX[COM9]  01
[23:07:32.716] RX[COM9]  67 00 00 00 da 64 00 62 38 ff ff f4 00 03 ab ff fc 00 0b ff fe 0a
[23:07:32.717] PACKET[COM9] sensors: status=0b0110011100000000, uptime=55908, filtered_accel=[1.00576, -0.00048, 0.03756], gyro=[-0.28, 0.77, -0.14]
[23:07:32.960] RX[COM9]  02
[23:07:32.962] RX[COM9]  6f 00 00 00 db 73 00 00 00 00 00 00 00 00 00 00 00 00 00 00 00 00 00 00 00 00 00 00 00 00 00 00 00 00 00 00 00 00 00 00 00 00 00 00 00 00 00 00 00 00 00 00 00 00 00 00 43 61 f9 a6 0c 68 0a
[23:07:32.967] PACKET[COM9] state: status=0b0110111100000000, uptime=56179, orientation=[0.0, 0.0, 0.0, 0.0], position=[0.0, 0.0, 0.0], velocity=[0.0, 0.0, 0.0], latitude=0.0, longitude=0.0, gps_altitude=0.0, barometric_altitude=225.975189, witness_battery_voltage=3.176
[23:07:33.024] RX[COM9]  ff
[23:07:33.026] RX[COM9]  6e 00 00 00 db 73 0a
[23:07:33.030] PACKET[COM9] heartbeat: status=0b0110111000000000, uptime=56179
[23:07:33.090] RX[COM9]  f0
[23:07:33.092] RX[COM9]  00 00 00 69 bb 00 00 00 00 00 00 0a
[23:07:33.094] PACKET[COM9] ground_station_status: rssi=0, uptime=27067, reserved=[0, 0, 0, 0, 0, 0]
[23:07:33.752] RX[COM9]  01
[23:07:33.753] RX[COM9]  6e 00 00 00 de 4c 00 62 07 00 00 18 00 04 4a ff fe ff fa ff ff 0a
[23:07:33.754] PACKET[COM9] sensors: status=0b0110111000000000, uptime=56908, filtered_accel=[1.0038, 0.00096, 0.04392], gyro=[-0.14, -0.42, -0.07]
[23:07:33.978] RX[COM9]  02
[23:07:33.979] RX[COM9]  66 00 00 00 df 5b 00 00 00 00 00 00 00 00 00 00 00 00 00 00 00 00 00 00 00 00 00 00 00 00 00 00 00 00 00 00 00 00 00 00 00 00 00 00 00 00 00 00 00 00 00 00 00 00 00 00 43 62 0f 4b 0c 68 0a
[23:07:33.983] PACKET[COM9] state: status=0b0110011000000000, uptime=57179, orientation=[0.0, 0.0, 0.0, 0.0], position=[0.0, 0.0, 0.0], velocity=[0.0, 0.0, 0.0], latitude=0.0, longitude=0.0, gps_altitude=0.0, barometric_altitude=226.059738, witness_battery_voltage=3.176
[23:07:34.039] RX[COM9]  ff
[23:07:34.042] RX[COM9]  67 00 00 00 df 5b 0a
[23:07:34.044] PACKET[COM9] heartbeat: status=0b0110011100000000, uptime=57179
[23:07:34.103] RX[COM9]  f0
[23:07:34.104] RX[COM9]  00 00 00 6d a3 00 00 00 00 00 00 0a
[23:07:34.105] PACKET[COM9] ground_station_status: rssi=0, uptime=28067, reserved=[0, 0, 0, 0, 0, 0]
[23:07:34.716] RX[COM9]  01
[23:07:34.717] RX[COM9]  67 00 00 00 e2 34 00 62 38 00 00 ab 00 04 56 ff fc ff fa 00 01 0a
[23:07:34.719] PACKET[COM9] sensors: status=0b0110011100000000, uptime=57908, filtered_accel=[1.00576, 0.00684, 0.0444], gyro=[-0.28, -0.42, 0.07]
[23:07:34.976] RX[COM9]  02
[23:07:34.978] RX[COM9]  6f 00 00 00 e3 43 00 00 00 00 00 00 00 00 00 00 00 00 00 00 00 00 00 00 00 00 00 00 00 00 00 00 00 00 00 00 00 00 00 00 00 00 00 00 00 00 00 00 00 00 00 00 00 00 00 00 43 62 7c 33 0c 6c 0a
[23:07:34.981] PACKET[COM9] state: status=0b0110111100000000, uptime=58179, orientation=[0.0, 0.0, 0.0, 0.0], position=[0.0, 0.0, 0.0], velocity=[0.0, 0.0, 0.0], latitude=0.0, longitude=0.0, gps_altitude=0.0, barometric_altitude=226.485153, witness_battery_voltage=3.18
[23:07:35.040] RX[COM9]  ff
[23:07:35.042] RX[COM9]  6e 00 00 00 e3 43 0a
[23:07:35.044] PACKET[COM9] heartbeat: status=0b0110111000000000, uptime=58179
[23:07:35.105] RX[COM9]  f0
[23:07:35.107] RX[COM9]  00 00 00 71 8b 00 00 00 00 00 00 0a
[23:07:35.107] PACKET[COM9] ground_station_status: rssi=0, uptime=29067, reserved=[0, 0, 0, 0, 0, 0]
[23:07:35.720] RX[COM9]  01
[23:07:35.722] RX[COM9]  6e 00 00 00 e6 1c 00 62 51 00 00 9f 00 03 e8 ff fc 00 03 ff ff 0a
[23:07:35.723] PACKET[COM9] sensors: status=0b0110111000000000, uptime=58908, filtered_accel=[1.00676, 0.00636, 0.04], gyro=[-0.28, 0.21, -0.07]
[23:07:35.946] RX[COM9]  02
[23:07:35.947] RX[COM9]  6e 00 00 00 e7 2b 00 00 00 00 00 00 00 00 00 00 00 00 00 00 00 00 00 00 00 00 00 00 00 00 00 00 00 00 00 00 00 00 00 00 00 00 00 00 00 00 00 00 00 00 00 00 00 00 00 00 43 62 3b 43 0c 68 0a
[23:07:35.950] PACKET[COM9] state: status=0b0110111000000000, uptime=59179, orientation=[0.0, 0.0, 0.0, 0.0], position=[0.0, 0.0, 0.0], velocity=[0.0, 0.0, 0.0], latitude=0.0, longitude=0.0, gps_altitude=0.0, barometric_altitude=226.231491, witness_battery_voltage=3.176
[23:07:36.010] RX[COM9]  ff
[23:07:36.011] RX[COM9]  6f 00 00 00 e7 2b 0a
[23:07:36.012] PACKET[COM9] heartbeat: status=0b0110111100000000, uptime=59179
[23:07:36.138] RX[COM9]  f0
[23:07:36.142] RX[COM9]  00 00 00 75 73 00 00 00 00 00 00 0a
[23:07:36.142] PACKET[COM9] ground_station_status: rssi=0, uptime=30067, reserved=[0, 0, 0, 0, 0, 0]
[23:07:36.730] RX[COM9]  01
[23:07:36.732] RX[COM9]  67 00 00 00 ea 04 00 62 14 00 00 cf 00 03 6e ff fb 00 0f 00 00 0a
[23:07:36.733] PACKET[COM9] sensors: status=0b0110011100000000, uptime=59908, filtered_accel=[1.00432, 0.00828, 0.03512], gyro=[-0.35, 1.05, 0.0]
[23:07:36.985] RX[COM9]  02
[23:07:36.987] RX[COM9]  67 00 00 00 eb 13 00 00 00 00 00 00 00 00 00 00 00 00 00 00 00 00 00 00 00 00 00 00 00 00 00 00 00 00 00 00 00 00 00 00 00 00 00 00 00 00 00 00 00 00 00 00 00 00 00 00 43 62 50 e8 0c 68 0a
[23:07:36.989] PACKET[COM9] state: status=0b0110011100000000, uptime=60179, orientation=[0.0, 0.0, 0.0, 0.0], position=[0.0, 0.0, 0.0], velocity=[0.0, 0.0, 0.0], latitude=0.0, longitude=0.0, gps_altitude=0.0, barometric_altitude=226.31604, witness_battery_voltage=3.176
[23:07:37.048] RX[COM9]  ff
[23:07:37.050] RX[COM9]  66 00 00 00 eb 13 0a
[23:07:37.052] PACKET[COM9] heartbeat: status=0b0110011000000000, uptime=60179
[23:07:37.103] RX[COM9]  f0
[23:07:37.105] RX[COM9]  00 00 00 79 5b 00 00 00 00 00 00 0a
[23:07:37.106] PACKET[COM9] ground_station_status: rssi=0, uptime=31067, reserved=[0, 0, 0, 0, 0, 0]
[23:07:37.720] RX[COM9]  01
[23:07:37.721] RX[COM9]  6e 00 00 00 ed ec 00 61 b2 00 03 01 00 00 31 ff fb 00 12 00 00 0a
[23:07:37.723] PACKET[COM9] sensors: status=0b0110111000000000, uptime=60908, filtered_accel=[1.0004, 0.03076, 0.00196], gyro=[-0.35, 1.26, 0.0]
[23:07:37.976] RX[COM9]  02
[23:07:37.977] RX[COM9]  6e 00 00 00 ee fb 00 00 00 00 00 00 00 00 00 00 00 00 00 00 00 00 00 00 00 00 00 00 00 00 00 00 00 00 00 00 00 00 00 00 00 00 00 00 00 00 00 00 00 00 00 00 00 00 00 00 43 62 0f 4b 0c 68 0a
[23:07:37.979] PACKET[COM9] state: status=0b0110111000000000, uptime=61179, orientation=[0.0, 0.0, 0.0, 0.0], position=[0.0, 0.0, 0.0], velocity=[0.0, 0.0, 0.0], latitude=0.0, longitude=0.0, gps_altitude=0.0, barometric_altitude=226.059738, witness_battery_voltage=3.176
[23:07:38.039] RX[COM9]  ff
[23:07:38.041] RX[COM9]  6f 00 00 00 ee fb 0a
[23:07:38.043] PACKET[COM9] heartbeat: status=0b0110111100000000, uptime=61179
[23:07:38.103] RX[COM9]  f0
[23:07:38.107] RX[COM9]  00 00 00 7d 43 00 00 00 00 00 00 0a
[23:07:38.108] PACKET[COM9] ground_station_status: rssi=0, uptime=32067, reserved=[0, 0, 0, 0, 0, 0]
[23:07:38.717] RX[COM9]  01
[23:07:38.724] RX[COM9]  67 00 00 00 f1 d4 00 62 20 00 01 ab 00 03 4a ff fc 00 0c 00 00 0a
[23:07:38.726] PACKET[COM9] sensors: status=0b0110011100000000, uptime=61908, filtered_accel=[1.0048, 0.01708, 0.03368], gyro=[-0.28, 0.84, 0.0]
[23:07:38.973] RX[COM9]  02
[23:07:38.975] RX[COM9]  67 00 00 00 f2 e3 00 00 00 00 00 00 00 00 00 00 00 00 00 00 00 00 00 00 00 00 00 00 00 00 00 00 00 00 00 00 00 00 00 00 00 00 00 00 00 00 00 00 00 00 00 00 00 00 00 00 43 62 92 85 0c 68 0a
[23:07:38.977] PACKET[COM9] state: status=0b0110011100000000, uptime=62179, orientation=[0.0, 0.0, 0.0, 0.0], position=[0.0, 0.0, 0.0], velocity=[0.0, 0.0, 0.0], latitude=0.0, longitude=0.0, gps_altitude=0.0, barometric_altitude=226.572342, witness_battery_voltage=3.176
[23:07:39.037] RX[COM9]  ff
[23:07:39.039] RX[COM9]  66 00 00 00 f2 e3 0a
[23:07:39.042] PACKET[COM9] heartbeat: status=0b0110011000000000, uptime=62179
[23:07:39.101] RX[COM9]  f0
[23:07:39.104] RX[COM9]  00 00 00 81 2b 00 00 00 00 00 00 0a
[23:07:39.105] PACKET[COM9] ground_station_status: rssi=0, uptime=33067, reserved=[0, 0, 0, 0, 0, 0]
[23:07:39.716] RX[COM9]  01
[23:07:39.717] RX[COM9]  6e 00 00 00 f5 bc 00 62 20 00 02 0d 00 07 01 ff fc ff f5 ff f6 0a
[23:07:39.718] PACKET[COM9] sensors: status=0b0110111000000000, uptime=62908, filtered_accel=[1.0048, 0.021, 0.07172], gyro=[-0.28, -0.77, -0.7]
[23:07:39.972] RX[COM9]  02
[23:07:39.974] RX[COM9]  6e 00 00 00 f6 cb 00 00 00 00 00 00 00 00 00 00 00 00 00 00 00 00 00 00 00 00 00 00 00 00 00 00 00 00 00 00 00 00 00 00 00 00 00 00 00 00 00 00 00 00 00 00 00 00 00 00 43 62 7c 33 0c 68 0a
[23:07:39.978] PACKET[COM9] state: status=0b0110111000000000, uptime=63179, orientation=[0.0, 0.0, 0.0, 0.0], position=[0.0, 0.0, 0.0], velocity=[0.0, 0.0, 0.0], latitude=0.0, longitude=0.0, gps_altitude=0.0, barometric_altitude=226.485153, witness_battery_voltage=3.176
[23:07:40.035] RX[COM9]  03
[23:07:40.037] RX[COM9]  00 00 00 00 00 00 00 00 00 00 04 27 00 00 00 0c 58 0a
[23:07:40.040] PACKET[COM9] camera: fc_status=0b0000000000000000, fc_uptime=0, status=0b0000000000000000, uptime=1063, current_sense=[0.0, 0.0, 0.0], iris_battery_voltage=3.16
[23:07:40.101] RX[COM9]  ff
[23:07:40.103] RX[COM9]  6f 00 00 00 f6 cb 0a
[23:07:40.104] PACKET[COM9] heartbeat: status=0b0110111100000000, uptime=63179
[23:07:40.105] RX[COM9]  f0
[23:07:40.106] RX[COM9]  00 00 00 85 13 00 00 00 00 00 00 0a
[23:07:40.107] PACKET[COM9] ground_station_status: rssi=0, uptime=34067, reserved=[0, 0, 0, 0, 0, 0]
[23:07:40.765] RX[COM9]  01
[23:07:40.767] RX[COM9]  6f 00 00 00 f9 b8 00 61 ca 00 00 18 00 04 7b ff fc 00 00 ff ff 0a
[23:07:40.769] PACKET[COM9] sensors: status=0b0110111100000000, uptime=63928, filtered_accel=[1.00136, 0.00096, 0.04588], gyro=[-0.28, 0.0, -0.07]
[23:07:40.994] RX[COM9]  02
[23:07:40.994] RX[COM9]  67 00 00 00 fa b3 00 00 00 00 00 00 00 00 00 00 00 00 00 00 00 00 00 00 00 00 00 00 00 00 00 00 00 00 00 00 00 00 00 00 00 00 00 00 00 00 00 00 00 00 00 00 00 00 00 00 43 62 92 85 0c 68 0a
[23:07:40.996] PACKET[COM9] state: status=0b0110011100000000, uptime=64179, orientation=[0.0, 0.0, 0.0, 0.0], position=[0.0, 0.0, 0.0], velocity=[0.0, 0.0, 0.0], latitude=0.0, longitude=0.0, gps_altitude=0.0, barometric_altitude=226.572342, witness_battery_voltage=3.176
[23:07:41.054] RX[COM9]  03
[23:07:41.056] RX[COM9]  00 00 00 00 00 00 00 00 00 00 08 0f 00 00 00 0c 58 0a
[23:07:41.057] PACKET[COM9] camera: fc_status=0b0000000000000000, fc_uptime=0, status=0b0000000000000000, uptime=2063, current_sense=[0.0, 0.0, 0.0], iris_battery_voltage=3.16
[23:07:41.118] RX[COM9]  ff
[23:07:41.119] RX[COM9]  66 00 00 00 fa b3 0a
[23:07:41.120] PACKET[COM9] heartbeat: status=0b0110011000000000, uptime=64179
[23:07:41.121] RX[COM9]  f0
[23:07:41.121] RX[COM9]  00 00 00 88 fb 00 00 00 00 00 00 0a
[23:07:41.122] PACKET[COM9] ground_station_status: rssi=0, uptime=35067, reserved=[0, 0, 0, 0, 0, 0]
[23:07:41.728] RX[COM9]  01
[23:07:41.729] RX[COM9]  66 00 00 00 fd a0 00 62 20 00 00 3d 00 03 ab ff fc 00 02 ff fe 0a
[23:07:41.731] PACKET[COM9] sensors: status=0b0110011000000000, uptime=64928, filtered_accel=[1.0048, 0.00244, 0.03756], gyro=[-0.28, 0.14, -0.14]
[23:07:41.951] RX[COM9]  02
[23:07:41.952] RX[COM9]  6e 00 00 00 fe 9b 00 00 00 00 00 00 00 00 00 00 00 00 00 00 00 00 00 00 00 00 00 00 00 00 00 00 00 00 00 00 00 00 00 00 00 00 00 00 00 00 00 00 00 00 00 00 00 00 00 00 43 62 50 e8 0c 68 0a
[23:07:41.954] PACKET[COM9] state: status=0b0110111000000000, uptime=65179, orientation=[0.0, 0.0, 0.0, 0.0], position=[0.0, 0.0, 0.0], velocity=[0.0, 0.0, 0.0], latitude=0.0, longitude=0.0, gps_altitude=0.0, barometric_altitude=226.31604, witness_battery_voltage=3.176
[23:07:42.005] RX[COM9]  03
[23:07:42.006] RX[COM9]  00 00 00 00 00 00 00 00 00 00 0b f7 00 00 00 0c 60 0a
[23:07:42.010] PACKET[COM9] camera: fc_status=0b0000000000000000, fc_uptime=0, status=0b0000000000000000, uptime=3063, current_sense=[0.0, 0.0, 0.0], iris_battery_voltage=3.168
[23:07:42.114] RX[COM9]  ff
[23:07:42.115] RX[COM9]  6f 00 00 00 fe 9b 0a
[23:07:42.117] PACKET[COM9] heartbeat: status=0b0110111100000000, uptime=65179
[23:07:42.117] RX[COM9]  f0
[23:07:42.118] RX[COM9]  00 00 00 8c e3 00 00 00 00 00 00 0a
[23:07:42.118] PACKET[COM9] ground_station_status: rssi=0, uptime=36067, reserved=[0, 0, 0, 0, 0, 0]
[23:07:42.734] RX[COM9]  01
[23:07:42.736] RX[COM9]  6f 00 00 01 01 88 00 62 2c 00 00 86 00 03 9f ff fd 00 01 ff ff 0a
[23:07:42.737] PACKET[COM9] sensors: status=0b0110111100000000, uptime=65928, filtered_accel=[1.00528, 0.00536, 0.03708], gyro=[-0.21, 0.07, -0.07]
[23:07:42.973] RX[COM9]  02
[23:07:42.975] RX[COM9]  6f 00 00 01 02 83 00 00 00 00 00 00 00 00 00 00 00 00 00 00 00 00 00 00 00 00 00 00 00 00 00 00 00 00 00 00 00 00 00 00 00 00 00 00 00 00 00 00 00 00 00 00 00 00 00 00 43 62 3b 43 0c 68 0a
[23:07:42.976] PACKET[COM9] state: status=0b0110111100000000, uptime=66179, orientation=[0.0, 0.0, 0.0, 0.0], position=[0.0, 0.0, 0.0], velocity=[0.0, 0.0, 0.0], latitude=0.0, longitude=0.0, gps_altitude=0.0, barometric_altitude=226.231491, witness_battery_voltage=3.176
[23:07:43.038] RX[COM9]  03
[23:07:43.040] RX[COM9]  00 00 00 00 00 00 00 00 00 00 0f df 00 00 00 0c 58 0a
[23:07:43.042] PACKET[COM9] camera: fc_status=0b0000000000000000, fc_uptime=0, status=0b0000000000000000, uptime=4063, current_sense=[0.0, 0.0, 0.0], iris_battery_voltage=3.16
[23:07:43.103] RX[COM9]  ff
[23:07:43.104] RX[COM9]  6e 00 00 01 02 83 0a
[23:07:43.105] PACKET[COM9] heartbeat: status=0b0110111000000000, uptime=66179
[23:07:43.106] RX[COM9]  f0
[23:07:43.107] RX[COM9]  00 00 00 90 cb 00 00 00 00 00 00 0a
[23:07:43.108] PACKET[COM9] ground_station_status: rssi=0, uptime=37067, reserved=[0, 0, 0, 0, 0, 0]
[23:07:43.715] RX[COM9]  01
[23:07:43.717] RX[COM9]  66 00 00 01 05 70 00 62 38 00 00 3d 00 03 7b ff fd 00 01 ff ff 0a
[23:07:43.720] PACKET[COM9] sensors: status=0b0110011000000000, uptime=66928, filtered_accel=[1.00576, 0.00244, 0.03564], gyro=[-0.21, 0.07, -0.07]
[23:07:43.973] RX[COM9]  02
[23:07:43.976] RX[COM9]  66 00 00 01 06 6b 00 00 00 00 00 00 00 00 00 00 00 00 00 00 00 00 00 00 00 00 00 00 00 00 00 00 00 00 00 00 00 00 00 00 00 00 00 00 00 00 00 00 00 00 00 00 00 00 00 00 43 62 3b 43 0c 64 0a
[23:07:43.979] PACKET[COM9] state: status=0b0110011000000000, uptime=67179, orientation=[0.0, 0.0, 0.0, 0.0], position=[0.0, 0.0, 0.0], velocity=[0.0, 0.0, 0.0], latitude=0.0, longitude=0.0, gps_altitude=0.0, barometric_altitude=226.231491, witness_battery_voltage=3.172
[23:07:44.037] RX[COM9]  03
[23:07:44.038] RX[COM9]  00 00 00 00 00 00 00 00 00 00 13 c7 00 00 00 0c 58 0a
[23:07:44.040] PACKET[COM9] camera: fc_status=0b0000000000000000, fc_uptime=0, status=0b0000000000000000, uptime=5063, current_sense=[0.0, 0.0, 0.0], iris_battery_voltage=3.16
[23:07:44.102] RX[COM9]  ff
[23:07:44.103] RX[COM9]  67 00 00 01 06 6b 0a
[23:07:44.105] PACKET[COM9] heartbeat: status=0b0110011100000000, uptime=67179
[23:07:44.105] RX[COM9]  f0
[23:07:44.105] RX[COM9]  00 00 00 94 b3 00 00 00 00 00 00 0a
[23:07:44.106] PACKET[COM9] ground_station_status: rssi=0, uptime=38067, reserved=[0, 0, 0, 0, 0, 0]
[23:07:44.713] RX[COM9]  01
[23:07:44.715] RX[COM9]  6f 00 00 01 09 58 00 62 20 00 00 55 00 03 e8 ff fc 00 02 ff ff 0a
[23:07:44.717] PACKET[COM9] sensors: status=0b0110111100000000, uptime=67928, filtered_accel=[1.0048, 0.0034, 0.04], gyro=[-0.28, 0.14, -0.07]
[23:07:44.968] RX[COM9]  02
[23:07:44.969] RX[COM9]  6f 00 00 01 0a 53 00 00 00 00 00 00 00 00 00 00 00 00 00 00 00 00 00 00 00 00 00 00 00 00 00 00 00 00 00 00 00 00 00 00 00 00 00 00 00 00 00 00 00 00 00 00 00 00 00 00 43 62 a8 2a 0c 68 0a
[23:07:44.971] PACKET[COM9] state: status=0b0110111100000000, uptime=68179, orientation=[0.0, 0.0, 0.0, 0.0], position=[0.0, 0.0, 0.0], velocity=[0.0, 0.0, 0.0], latitude=0.0, longitude=0.0, gps_altitude=0.0, barometric_altitude=226.656891, witness_battery_voltage=3.176
[23:07:45.031] RX[COM9]  03
[23:07:45.032] RX[COM9]  00 00 00 00 00 00 00 00 00 00 17 af 00 00 00 0c 58 0a
[23:07:45.035] PACKET[COM9] camera: fc_status=0b0000000000000000, fc_uptime=0, status=0b0000000000000000, uptime=6063, current_sense=[0.0, 0.0, 0.0], iris_battery_voltage=3.16
[23:07:45.096] RX[COM9]  ff
[23:07:45.098] RX[COM9]  6e 00 00 01 0a 53 0a
[23:07:45.099] PACKET[COM9] heartbeat: status=0b0110111000000000, uptime=68179
[23:07:45.099] RX[COM9]  f0
[23:07:45.100] RX[COM9]  00 00 00 98 9b 00 00 00 00 00 00 0a
[23:07:45.100] PACKET[COM9] ground_station_status: rssi=0, uptime=39067, reserved=[0, 0, 0, 0, 0, 0]
[23:07:45.742] RX[COM9]  01
[23:07:45.744] RX[COM9]  6e 00 00 01 0d 40 00 62 20 00 00 49 00 03 f5 ff fc 00 02 ff ff 0a
[23:07:45.745] PACKET[COM9] sensors: status=0b0110111000000000, uptime=68928, filtered_accel=[1.0048, 0.00292, 0.04052], gyro=[-0.28, 0.14, -0.07]
[23:07:45.973] RX[COM9]  02
[23:07:45.974] RX[COM9]  66 00 00 01 0e 3b 00 00 00 00 00 00 00 00 00 00 00 00 00 00 00 00 00 00 00 00 00 00 00 00 00 00 00 00 00 00 00 00 00 00 00 00 00 00 00 00 00 00 00 00 00 00 00 00 00 00 43 62 25 9e 0c 68 0a
[23:07:45.976] PACKET[COM9] state: status=0b0110011000000000, uptime=69179, orientation=[0.0, 0.0, 0.0, 0.0], position=[0.0, 0.0, 0.0], velocity=[0.0, 0.0, 0.0], latitude=0.0, longitude=0.0, gps_altitude=0.0, barometric_altitude=226.146942, witness_battery_voltage=3.176
[23:07:46.032] RX[COM9]  03
[23:07:46.034] RX[COM9]  00 00 00 00 00 00 00 00 00 00 1b 97 00 00 00 0c 58 0a
[23:07:46.043] PACKET[COM9] camera: fc_status=0b0000000000000000, fc_uptime=0, status=0b0000000000000000, uptime=7063, current_sense=[0.0, 0.0, 0.0], iris_battery_voltage=3.16
[23:07:46.098] RX[COM9]  ff
[23:07:46.099] RX[COM9]  67 00 00 01 0e 3b 0a
[23:07:46.100] PACKET[COM9] heartbeat: status=0b0110011100000000, uptime=69179
[23:07:46.101] RX[COM9]  f0
[23:07:46.101] RX[COM9]  00 00 00 9c 83 00 00 00 00 00 00 0a
[23:07:46.102] PACKET[COM9] ground_station_status: rssi=0, uptime=40067, reserved=[0, 0, 0, 0, 0, 0]
[23:07:46.732] RX[COM9]  01
[23:07:46.733] RX[COM9]  67 00 00 01 11 28 00 62 20 ff ff 55 00 04 19 ff fe 00 03 00 00 0a
[23:07:46.734] PACKET[COM9] sensors: status=0b0110011100000000, uptime=69928, filtered_accel=[1.0048, -0.00684, 0.04196], gyro=[-0.14, 0.21, 0.0]
[23:07:46.949] RX[COM9]  02
[23:07:46.950] RX[COM9]  6f 00 00 01 12 23 00 00 00 00 00 00 00 00 00 00 00 00 00 00 00 00 00 00 00 00 00 00 00 00 00 00 00 00 00 00 00 00 00 00 00 00 00 00 00 00 00 00 00 00 00 00 00 00 00 00 43 62 7c 33 0c 64 0a
[23:07:46.951] PACKET[COM9] state: status=0b0110111100000000, uptime=70179, orientation=[0.0, 0.0, 0.0, 0.0], position=[0.0, 0.0, 0.0], velocity=[0.0, 0.0, 0.0], latitude=0.0, longitude=0.0, gps_altitude=0.0, barometric_altitude=226.485153, witness_battery_voltage=3.172
[23:07:47.004] RX[COM9]  03
[23:07:47.005] RX[COM9]  00 00 00 00 00 00 00 00 00 00 1f 7f 00 00 00 0c 60 0a
[23:07:47.007] PACKET[COM9] camera: fc_status=0b0000000000000000, fc_uptime=0, status=0b0000000000000000, uptime=8063, current_sense=[0.0, 0.0, 0.0], iris_battery_voltage=3.168
[23:07:47.111] RX[COM9]  ff
[23:07:47.112] RX[COM9]  6e 00 00 01 12 23 0a
[23:07:47.114] PACKET[COM9] heartbeat: status=0b0110111000000000, uptime=70179
[23:07:47.114] RX[COM9]  f0
[23:07:47.116] RX[COM9]  00 00 00 a0 6b 00 00 00 00 00 00 0a
[23:07:47.118] PACKET[COM9] ground_station_status: rssi=0, uptime=41067, reserved=[0, 0, 0, 0, 0, 0]
[23:07:47.747] RX[COM9]  01
[23:07:47.748] RX[COM9]  6e 00 00 01 15 10 00 62 20 00 00 0c 00 04 01 ff fb 00 01 ff ff 0a
[23:07:47.749] PACKET[COM9] sensors: status=0b0110111000000000, uptime=70928, filtered_accel=[1.0048, 0.00048, 0.041], gyro=[-0.35, 0.07, -0.07]
[23:07:47.969] RX[COM9]  02
[23:07:47.970] RX[COM9]  66 00 00 01 16 0b 00 00 00 00 00 00 00 00 00 00 00 00 00 00 00 00 00 00 00 00 00 00 00 00 00 00 00 00 00 00 00 00 00 00 00 00 00 00 00 00 00 00 00 00 00 00 00 00 00 00 43 62 66 8e 0c 68 0a
[23:07:47.971] PACKET[COM9] state: status=0b0110011000000000, uptime=71179, orientation=[0.0, 0.0, 0.0, 0.0], position=[0.0, 0.0, 0.0], velocity=[0.0, 0.0, 0.0], latitude=0.0, longitude=0.0, gps_altitude=0.0, barometric_altitude=226.400604, witness_battery_voltage=3.176
[23:07:48.022] TX[COM9] CH2 On:  05 00 00 00 00 00 00 00 33 0a
[23:07:48.023] RX[COM9]  03
[23:07:48.023] RX[COM9]  00 00 00 00 00 00 00 00 00 00 23 67 00 00 00 0c 58 0a
[23:07:48.025] PACKET[COM9] camera: fc_status=0b0000000000000000, fc_uptime=0, status=0b0000000000000000, uptime=9063, current_sense=[0.0, 0.0, 0.0], iris_battery_voltage=3.16
[23:07:48.026] RX[COM9]  05
[23:07:48.026] RX[COM9]  00
[23:07:48.027] RX[COM9]  00 00 00 00 00 00
[23:07:48.027] RX[COM9]  33 0a
[23:07:48.028] PACKET[COM9] command: status=0b0000000000000000, uptime=0, command_value=51
[23:07:48.029] RX[COM9]  49
[23:07:48.029] BAD_PACKET[COM9] unknown packet ID 0x49; discarded 1 byte(s)
[23:07:48.030] RX[COM9]  20 28 34 32 32 35 36 29 20 61 70 65 72 74 75 72 65 3a 20 53 65 6e 64 69 6e 67 20 63 6f 6d 6d 61 6e 64 20 74 6f 20 57 69 74 6e 65 73 73 0d 0a
[23:07:48.032] BAD_PACKET[COM9] unknown packet ID 0x20; discarded 1 byte(s)
[23:07:48.032] BAD_PACKET[COM9] unknown packet ID 0x28; discarded 1 byte(s)
[23:07:48.032] BAD_PACKET[COM9] unknown packet ID 0x34; discarded 1 byte(s)
[23:07:48.033] BAD_PACKET[COM9] unknown packet ID 0x32; discarded 1 byte(s)
[23:07:48.034] BAD_PACKET[COM9] unknown packet ID 0x32; discarded 1 byte(s)
[23:07:48.034] BAD_PACKET[COM9] unknown packet ID 0x35; discarded 1 byte(s)
[23:07:48.034] BAD_PACKET[COM9] unknown packet ID 0x36; discarded 1 byte(s)
[23:07:48.035] BAD_PACKET[COM9] unknown packet ID 0x29; discarded 1 byte(s)
[23:07:48.035] BAD_PACKET[COM9] unknown packet ID 0x20; discarded 1 byte(s)
[23:07:48.035] BAD_PACKET[COM9] unknown packet ID 0x61; discarded 1 byte(s)
[23:07:48.035] BAD_PACKET[COM9] unknown packet ID 0x70; discarded 1 byte(s)
[23:07:48.036] BAD_PACKET[COM9] unknown packet ID 0x65; discarded 1 byte(s)
[23:07:48.036] BAD_PACKET[COM9] unknown packet ID 0x72; discarded 1 byte(s)
[23:07:48.036] BAD_PACKET[COM9] unknown packet ID 0x74; discarded 1 byte(s)
[23:07:48.037] BAD_PACKET[COM9] unknown packet ID 0x75; discarded 1 byte(s)
[23:07:48.037] BAD_PACKET[COM9] unknown packet ID 0x72; discarded 1 byte(s)
[23:07:48.037] BAD_PACKET[COM9] unknown packet ID 0x65; discarded 1 byte(s)
[23:07:48.037] BAD_PACKET[COM9] unknown packet ID 0x3a; discarded 1 byte(s)
[23:07:48.038] BAD_PACKET[COM9] unknown packet ID 0x20; discarded 1 byte(s)
[23:07:48.038] BAD_PACKET[COM9] unknown packet ID 0x53; discarded 1 byte(s)
[23:07:48.039] BAD_PACKET[COM9] unknown packet ID 0x65; discarded 1 byte(s)
[23:07:48.039] BAD_PACKET[COM9] unknown packet ID 0x6e; discarded 1 byte(s)
[23:07:48.039] BAD_PACKET[COM9] unknown packet ID 0x64; discarded 1 byte(s)
[23:07:48.040] BAD_PACKET[COM9] unknown packet ID 0x69; discarded 1 byte(s)
[23:07:48.040] BAD_PACKET[COM9] unknown packet ID 0x6e; discarded 1 byte(s)
[23:07:48.041] BAD_PACKET[COM9] unknown packet ID 0x67; discarded 1 byte(s)
[23:07:48.041] BAD_PACKET[COM9] unknown packet ID 0x20; discarded 1 byte(s)
[23:07:48.041] BAD_PACKET[COM9] unknown packet ID 0x63; discarded 1 byte(s)
[23:07:48.042] BAD_PACKET[COM9] unknown packet ID 0x6f; discarded 1 byte(s)
[23:07:48.042] BAD_PACKET[COM9] unknown packet ID 0x6d; discarded 1 byte(s)
[23:07:48.042] BAD_PACKET[COM9] unknown packet ID 0x6d; discarded 1 byte(s)
[23:07:48.042] BAD_PACKET[COM9] unknown packet ID 0x61; discarded 1 byte(s)
[23:07:48.043] BAD_PACKET[COM9] unknown packet ID 0x6e; discarded 1 byte(s)
[23:07:48.043] BAD_PACKET[COM9] unknown packet ID 0x64; discarded 1 byte(s)
[23:07:48.043] BAD_PACKET[COM9] unknown packet ID 0x20; discarded 1 byte(s)
[23:07:48.044] BAD_PACKET[COM9] unknown packet ID 0x74; discarded 1 byte(s)
[23:07:48.044] BAD_PACKET[COM9] unknown packet ID 0x6f; discarded 1 byte(s)
[23:07:48.044] BAD_PACKET[COM9] unknown packet ID 0x20; discarded 1 byte(s)
[23:07:48.044] BAD_PACKET[COM9] unknown packet ID 0x57; discarded 1 byte(s)
[23:07:48.045] BAD_PACKET[COM9] unknown packet ID 0x69; discarded 1 byte(s)
[23:07:48.045] BAD_PACKET[COM9] unknown packet ID 0x74; discarded 1 byte(s)
[23:07:48.045] BAD_PACKET[COM9] unknown packet ID 0x6e; discarded 1 byte(s)
[23:07:48.046] BAD_PACKET[COM9] unknown packet ID 0x65; discarded 1 byte(s)
[23:07:48.046] BAD_PACKET[COM9] unknown packet ID 0x73; discarded 1 byte(s)
[23:07:48.046] BAD_PACKET[COM9] unknown packet ID 0x73; discarded 1 byte(s)
[23:07:48.047] BAD_PACKET[COM9] unknown packet ID 0x0d; discarded 1 byte(s)
[23:07:48.047] BAD_PACKET[COM9] unknown packet ID 0x0a; discarded 1 byte(s)
[23:07:48.097] RX[COM9]  f0
[23:07:48.098] RX[COM9]  00 00 00 a4 5d 00 00 00 00 00 00 0a
[23:07:48.099] PACKET[COM9] ground_station_status: rssi=0, uptime=42077, reserved=[0, 0, 0, 0, 0, 0]
[23:07:48.757] RX[COM9]  01
[23:07:48.758] RX[COM9]  67 00 00 01 18 f8 00 62 2c 00 00 6e 00 03 ab ff fc 00 02 ff ff 0a
[23:07:48.760] PACKET[COM9] sensors: status=0b0110011100000000, uptime=71928, filtered_accel=[1.00528, 0.0044, 0.03756], gyro=[-0.28, 0.14, -0.07]
[23:07:48.990] RX[COM9]  02
[23:07:48.991] RX[COM9]  6f 00 00 01 19 f3 00 00 00 00 00 00 00 00 00 00 00 00 00 00 00 00 00 00 00 00 00 00 00 00 00 00 00 00 00 00 00 00 00 00 00 00 00 00 00 00 00 00 00 00 00 00 00 00 00 00 43 62 7c 33 0c 64 0a
[23:07:48.995] PACKET[COM9] state: status=0b0110111100000000, uptime=72179, orientation=[0.0, 0.0, 0.0, 0.0], position=[0.0, 0.0, 0.0], velocity=[0.0, 0.0, 0.0], latitude=0.0, longitude=0.0, gps_altitude=0.0, barometric_altitude=226.485153, witness_battery_voltage=3.172
[23:07:49.049] RX[COM9]  03
[23:07:49.051] RX[COM9]  00 00 00 00 00 00 00 00 00 00 27 4f 00 00 00 0c 58 0a
[23:07:49.053] PACKET[COM9] camera: fc_status=0b0000000000000000, fc_uptime=0, status=0b0000000000000000, uptime=10063, current_sense=[0.0, 0.0, 0.0], iris_battery_voltage=3.16
[23:07:49.114] RX[COM9]  ff
[23:07:49.116] RX[COM9]  6e 00 00 01 19 f3 0a
[23:07:49.119] PACKET[COM9] heartbeat: status=0b0110111000000000, uptime=72179
[23:07:49.120] RX[COM9]  f0
[23:07:49.120] RX[COM9]  00 00 00 a8 3b 00 00 00 00 00 00 0a
[23:07:49.121] PACKET[COM9] ground_station_status: rssi=0, uptime=43067, reserved=[0, 0, 0, 0, 0, 0]
[23:07:49.714] RX[COM9]  01
[23:07:49.715] RX[COM9]  6e 00 00 01 1c e0 00 62 20 00 00 49 00 03 ab ff fd 00 02 ff ff 0a
[23:07:49.717] PACKET[COM9] sensors: status=0b0110111000000000, uptime=72928, filtered_accel=[1.0048, 0.00292, 0.03756], gyro=[-0.21, 0.14, -0.07]
[23:07:49.768] TX[COM9] CH1 On:  05 00 00 00 00 00 00 00 31 0a
[23:07:49.829] RX[COM9]  05
[23:07:49.830] RX[COM9]  00 00 00 00 00 00 00 31 0a
[23:07:49.831] PACKET[COM9] command: status=0b0000000000000000, uptime=0, command_value=49
[23:07:49.832] RX[COM9]  49 20 28 34 34 30 30 36 29 20 61 70 65 72 74 75 72 65 3a 20 53 65 6e 64 69 6e 67 20 63 6f 6d 6d 61 6e 64 20 74 6f 20 57 69 74 6e 65 73 73 0d 0a
[23:07:49.832] BAD_PACKET[COM9] unknown packet ID 0x49; discarded 1 byte(s)
[23:07:49.832] BAD_PACKET[COM9] unknown packet ID 0x20; discarded 1 byte(s)
[23:07:49.833] BAD_PACKET[COM9] unknown packet ID 0x28; discarded 1 byte(s)
[23:07:49.833] BAD_PACKET[COM9] unknown packet ID 0x34; discarded 1 byte(s)
[23:07:49.833] BAD_PACKET[COM9] unknown packet ID 0x34; discarded 1 byte(s)
[23:07:49.834] BAD_PACKET[COM9] unknown packet ID 0x30; discarded 1 byte(s)
[23:07:49.834] BAD_PACKET[COM9] unknown packet ID 0x30; discarded 1 byte(s)
[23:07:49.834] BAD_PACKET[COM9] unknown packet ID 0x36; discarded 1 byte(s)
[23:07:49.835] BAD_PACKET[COM9] unknown packet ID 0x29; discarded 1 byte(s)
[23:07:49.835] BAD_PACKET[COM9] unknown packet ID 0x20; discarded 1 byte(s)
[23:07:49.835] BAD_PACKET[COM9] unknown packet ID 0x61; discarded 1 byte(s)
[23:07:49.835] BAD_PACKET[COM9] unknown packet ID 0x70; discarded 1 byte(s)
[23:07:49.836] BAD_PACKET[COM9] unknown packet ID 0x65; discarded 1 byte(s)
[23:07:49.836] BAD_PACKET[COM9] unknown packet ID 0x72; discarded 1 byte(s)
[23:07:49.836] BAD_PACKET[COM9] unknown packet ID 0x74; discarded 1 byte(s)
[23:07:49.837] BAD_PACKET[COM9] unknown packet ID 0x75; discarded 1 byte(s)
[23:07:49.837] BAD_PACKET[COM9] unknown packet ID 0x72; discarded 1 byte(s)
[23:07:49.837] BAD_PACKET[COM9] unknown packet ID 0x65; discarded 1 byte(s)
[23:07:49.837] BAD_PACKET[COM9] unknown packet ID 0x3a; discarded 1 byte(s)
[23:07:49.838] BAD_PACKET[COM9] unknown packet ID 0x20; discarded 1 byte(s)
[23:07:49.838] BAD_PACKET[COM9] unknown packet ID 0x53; discarded 1 byte(s)
[23:07:49.838] BAD_PACKET[COM9] unknown packet ID 0x65; discarded 1 byte(s)
[23:07:49.839] BAD_PACKET[COM9] unknown packet ID 0x6e; discarded 1 byte(s)
[23:07:49.839] BAD_PACKET[COM9] unknown packet ID 0x64; discarded 1 byte(s)
[23:07:49.839] BAD_PACKET[COM9] unknown packet ID 0x69; discarded 1 byte(s)
[23:07:49.839] BAD_PACKET[COM9] unknown packet ID 0x6e; discarded 1 byte(s)
[23:07:49.840] BAD_PACKET[COM9] unknown packet ID 0x67; discarded 1 byte(s)
[23:07:49.840] BAD_PACKET[COM9] unknown packet ID 0x20; discarded 1 byte(s)
[23:07:49.840] BAD_PACKET[COM9] unknown packet ID 0x63; discarded 1 byte(s)
[23:07:49.841] BAD_PACKET[COM9] unknown packet ID 0x6f; discarded 1 byte(s)
[23:07:49.841] BAD_PACKET[COM9] unknown packet ID 0x6d; discarded 1 byte(s)
[23:07:49.841] BAD_PACKET[COM9] unknown packet ID 0x6d; discarded 1 byte(s)
[23:07:49.842] BAD_PACKET[COM9] unknown packet ID 0x61; discarded 1 byte(s)
[23:07:49.842] BAD_PACKET[COM9] unknown packet ID 0x6e; discarded 1 byte(s)
[23:07:49.842] BAD_PACKET[COM9] unknown packet ID 0x64; discarded 1 byte(s)
[23:07:49.842] BAD_PACKET[COM9] unknown packet ID 0x20; discarded 1 byte(s)
[23:07:49.843] BAD_PACKET[COM9] unknown packet ID 0x74; discarded 1 byte(s)
[23:07:49.843] BAD_PACKET[COM9] unknown packet ID 0x6f; discarded 1 byte(s)
[23:07:49.843] BAD_PACKET[COM9] unknown packet ID 0x20; discarded 1 byte(s)
[23:07:49.844] BAD_PACKET[COM9] unknown packet ID 0x57; discarded 1 byte(s)
[23:07:49.844] BAD_PACKET[COM9] unknown packet ID 0x69; discarded 1 byte(s)
[23:07:49.844] BAD_PACKET[COM9] unknown packet ID 0x74; discarded 1 byte(s)
[23:07:49.844] BAD_PACKET[COM9] unknown packet ID 0x6e; discarded 1 byte(s)
[23:07:49.845] BAD_PACKET[COM9] unknown packet ID 0x65; discarded 1 byte(s)
[23:07:49.845] BAD_PACKET[COM9] unknown packet ID 0x73; discarded 1 byte(s)
[23:07:49.846] BAD_PACKET[COM9] unknown packet ID 0x73; discarded 1 byte(s)
[23:07:49.846] BAD_PACKET[COM9] unknown packet ID 0x0d; discarded 1 byte(s)
[23:07:49.847] BAD_PACKET[COM9] unknown packet ID 0x0a; discarded 1 byte(s)
[23:07:50.024] RX[COM9]  03
[23:07:50.025] RX[COM9]  00 00 00 00 00 00 00 00 00 00 2b 37 00 00 00 0c 58 0a
[23:07:50.027] PACKET[COM9] camera: fc_status=0b0000000000000000, fc_uptime=0, status=0b0000000000000000, uptime=11063, current_sense=[0.0, 0.0, 0.0], iris_battery_voltage=3.16
[23:07:50.082] RX[COM9]  ff
[23:07:50.083] RX[COM9]  67 00 00 01 1d db 0a
[23:07:50.085] PACKET[COM9] heartbeat: status=0b0110011100000000, uptime=73179
[23:07:50.085] RX[COM9]  f0
[23:07:50.085] RX[COM9]  00 00 00 ac 23 00 00 00 00 00 00 0a
[23:07:50.086] PACKET[COM9] ground_station_status: rssi=0, uptime=44067, reserved=[0, 0, 0, 0, 0, 0]
[23:07:50.728] RX[COM9]  01
[23:07:50.729] RX[COM9]  67 00 00 01 20 c8 00 62 2c 00 00 3d 00 03 c4 ff fc 00 02 ff ff 0a
[23:07:50.731] PACKET[COM9] sensors: status=0b0110011100000000, uptime=73928, filtered_accel=[1.00528, 0.00244, 0.03856], gyro=[-0.28, 0.14, -0.07]
[23:07:50.975] RX[COM9]  02
[23:07:50.976] RX[COM9]  6f 00 00 01 21 c3 00 00 00 00 00 00 00 00 00 00 00 00 00 00 00 00 00 00 00 00 00 00 00 00 00 00 00 00 00 00 00 00 00 00 00 00 00 00 00 00 00 00 00 00 00 00 00 00 00 00 43 62 a8 2a 0c 64 0a
[23:07:50.977] PACKET[COM9] state: status=0b0110111100000000, uptime=74179, orientation=[0.0, 0.0, 0.0, 0.0], position=[0.0, 0.0, 0.0], velocity=[0.0, 0.0, 0.0], latitude=0.0, longitude=0.0, gps_altitude=0.0, barometric_altitude=226.656891, witness_battery_voltage=3.172
[23:07:51.028] RX[COM9]  03
[23:07:51.029] RX[COM9]  00 00 00 00 00 00 00 00 00 00 2f 1f 00 00
[23:07:51.030] RX[COM9]  00 0c 60 0a
[23:07:51.033] PACKET[COM9] camera: fc_status=0b0000000000000000, fc_uptime=0, status=0b0000000000000000, uptime=12063, current_sense=[0.0, 0.0, 0.0], iris_battery_voltage=3.168
[23:07:51.085] RX[COM9]  ff
[23:07:51.086] RX[COM9]  6e 00 00 01 21 c3 0a
[23:07:51.088] PACKET[COM9] heartbeat: status=0b0110111000000000, uptime=74179
[23:07:51.089] RX[COM9]  f0
[23:07:51.090] RX[COM9]  00 00 00 b0 0b 00 00 00 00 00 00 0a
[23:07:51.091] PACKET[COM9] ground_station_status: rssi=0, uptime=45067, reserved=[0, 0, 0, 0, 0, 0]
[23:07:51.737] RX[COM9]  01
[23:07:51.741] RX[COM9]  6e 00 00 01 24 b0 00 62 20 00 00 55 00 03 c4 ff fc 00 02 ff ff 0a
[23:07:51.742] PACKET[COM9] sensors: status=0b0110111000000000, uptime=74928, filtered_accel=[1.0048, 0.0034, 0.03856], gyro=[-0.28, 0.14, -0.07]
[23:07:51.963] RX[COM9]  02
[23:07:51.964] RX[COM9]  6e 00 00 01 25 ab 00 00 00 00 00 00 00 00 00 00 00 00 00 00 00 00 00 00 00 00 00 00 00 00 00 00 00 00 00 00 00 00 00 00 00 00 00 00 00 00 00 00 00 00 00 00 00 00 00 00 43 62 3b 43 0c 64 0a
[23:07:51.966] PACKET[COM9] state: status=0b0110111000000000, uptime=75179, orientation=[0.0, 0.0, 0.0, 0.0], position=[0.0, 0.0, 0.0], velocity=[0.0, 0.0, 0.0], latitude=0.0, longitude=0.0, gps_altitude=0.0, barometric_altitude=226.231491, witness_battery_voltage=3.172
[23:07:52.017] RX[COM9]  03
[23:07:52.018] RX[COM9]  00 00 00 00 00 00 00 00 00 00 33 07 00 00 00 0c 58 0a
[23:07:52.021] PACKET[COM9] camera: fc_status=0b0000000000000000, fc_uptime=0, status=0b0000000000000000, uptime=13063, current_sense=[0.0, 0.0, 0.0], iris_battery_voltage=3.16
[23:07:52.076] RX[COM9]  ff
[23:07:52.077] RX[COM9]  6f 00 00 01 25 ab 0a
[23:07:52.078] PACKET[COM9] heartbeat: status=0b0110111100000000, uptime=75179
[23:07:52.080] RX[COM9]  f0
[23:07:52.081] RX[COM9]  00 00 00 b3 f3 00 00 00 00 00 00 0a
[23:07:52.082] PACKET[COM9] ground_station_status: rssi=0, uptime=46067, reserved=[0, 0, 0, 0, 0, 0]
[23:07:52.725] RX[COM9]  01
[23:07:52.726] RX[COM9]  67 00 00 01 28 98 00 62 2c 00 00 55 00 03 c4 ff fc 00 03 ff ff 0a
[23:07:52.730] PACKET[COM9] sensors: status=0b0110011100000000, uptime=75928, filtered_accel=[1.00528, 0.0034, 0.03856], gyro=[-0.28, 0.21, -0.07]
[23:07:52.950] RX[COM9]  02
[23:07:52.951] RX[COM9]  67 00 00 01 29 93 00 00 00 00 00 00 00 00 00 00 00 00 00 00 00 00 00 00 00 00 00 00 00 00 00 00 00 00 00 00 00 00 00 00 00 00 00 00 00 00 00 00 00 00 00 00 00 00 00 00 43 62 50 e8 0c 64 0a
[23:07:52.954] PACKET[COM9] state: status=0b0110011100000000, uptime=76179, orientation=[0.0, 0.0, 0.0, 0.0], position=[0.0, 0.0, 0.0], velocity=[0.0, 0.0, 0.0], latitude=0.0, longitude=0.0, gps_altitude=0.0, barometric_altitude=226.31604, witness_battery_voltage=3.172
[23:07:52.969] TX[COM9] CH1 On:  05 00 00 00 00 00 00 00 31 0a
[23:07:53.010] RX[COM9]  05
[23:07:53.012] RX[COM9]  00 00 00 00 00 00 00
[23:07:53.013] RX[COM9]  31 0a
[23:07:53.014] PACKET[COM9] command: status=0b0000000000000000, uptime=0, command_value=49
[23:07:53.015] RX[COM9]  49
[23:07:53.016] BAD_PACKET[COM9] unknown packet ID 0x49; discarded 1 byte(s)
[23:07:53.016] RX[COM9]  20 28 34 37 32 30 36 29 20 61 70 65 72 74 75 72 65 3a 20 53 65 6e 64 69 6e 67 20 63 6f 6d 6d 61 6e 64 20 74 6f 20 57 69 74 6e 65 73 73 0d 0a
[23:07:53.017] BAD_PACKET[COM9] unknown packet ID 0x20; discarded 1 byte(s)
[23:07:53.017] BAD_PACKET[COM9] unknown packet ID 0x28; discarded 1 byte(s)
[23:07:53.018] BAD_PACKET[COM9] unknown packet ID 0x34; discarded 1 byte(s)
[23:07:53.018] BAD_PACKET[COM9] unknown packet ID 0x37; discarded 1 byte(s)
[23:07:53.019] BAD_PACKET[COM9] unknown packet ID 0x32; discarded 1 byte(s)
[23:07:53.019] BAD_PACKET[COM9] unknown packet ID 0x30; discarded 1 byte(s)
[23:07:53.019] BAD_PACKET[COM9] unknown packet ID 0x36; discarded 1 byte(s)
[23:07:53.020] BAD_PACKET[COM9] unknown packet ID 0x29; discarded 1 byte(s)
[23:07:53.020] BAD_PACKET[COM9] unknown packet ID 0x20; discarded 1 byte(s)
[23:07:53.021] BAD_PACKET[COM9] unknown packet ID 0x61; discarded 1 byte(s)
[23:07:53.021] BAD_PACKET[COM9] unknown packet ID 0x70; discarded 1 byte(s)
[23:07:53.021] BAD_PACKET[COM9] unknown packet ID 0x65; discarded 1 byte(s)
[23:07:53.022] BAD_PACKET[COM9] unknown packet ID 0x72; discarded 1 byte(s)
[23:07:53.022] BAD_PACKET[COM9] unknown packet ID 0x74; discarded 1 byte(s)
[23:07:53.023] BAD_PACKET[COM9] unknown packet ID 0x75; discarded 1 byte(s)
[23:07:53.023] BAD_PACKET[COM9] unknown packet ID 0x72; discarded 1 byte(s)
[23:07:53.023] BAD_PACKET[COM9] unknown packet ID 0x65; discarded 1 byte(s)
[23:07:53.024] BAD_PACKET[COM9] unknown packet ID 0x3a; discarded 1 byte(s)
[23:07:53.024] BAD_PACKET[COM9] unknown packet ID 0x20; discarded 1 byte(s)
[23:07:53.025] BAD_PACKET[COM9] unknown packet ID 0x53; discarded 1 byte(s)
[23:07:53.025] BAD_PACKET[COM9] unknown packet ID 0x65; discarded 1 byte(s)
[23:07:53.026] BAD_PACKET[COM9] unknown packet ID 0x6e; discarded 1 byte(s)
[23:07:53.026] BAD_PACKET[COM9] unknown packet ID 0x64; discarded 1 byte(s)
[23:07:53.027] BAD_PACKET[COM9] unknown packet ID 0x69; discarded 1 byte(s)
[23:07:53.027] BAD_PACKET[COM9] unknown packet ID 0x6e; discarded 1 byte(s)
[23:07:53.028] BAD_PACKET[COM9] unknown packet ID 0x67; discarded 1 byte(s)
[23:07:53.029] BAD_PACKET[COM9] unknown packet ID 0x20; discarded 1 byte(s)
[23:07:53.029] BAD_PACKET[COM9] unknown packet ID 0x63; discarded 1 byte(s)
[23:07:53.029] BAD_PACKET[COM9] unknown packet ID 0x6f; discarded 1 byte(s)
[23:07:53.030] BAD_PACKET[COM9] unknown packet ID 0x6d; discarded 1 byte(s)
[23:07:53.030] BAD_PACKET[COM9] unknown packet ID 0x6d; discarded 1 byte(s)
[23:07:53.031] BAD_PACKET[COM9] unknown packet ID 0x61; discarded 1 byte(s)
[23:07:53.031] BAD_PACKET[COM9] unknown packet ID 0x6e; discarded 1 byte(s)
[23:07:53.031] BAD_PACKET[COM9] unknown packet ID 0x64; discarded 1 byte(s)
[23:07:53.032] BAD_PACKET[COM9] unknown packet ID 0x20; discarded 1 byte(s)
[23:07:53.032] BAD_PACKET[COM9] unknown packet ID 0x74; discarded 1 byte(s)
[23:07:53.032] BAD_PACKET[COM9] unknown packet ID 0x6f; discarded 1 byte(s)
[23:07:53.033] BAD_PACKET[COM9] unknown packet ID 0x20; discarded 1 byte(s)
[23:07:53.033] BAD_PACKET[COM9] unknown packet ID 0x57; discarded 1 byte(s)
[23:07:53.033] BAD_PACKET[COM9] unknown packet ID 0x69; discarded 1 byte(s)
[23:07:53.034] BAD_PACKET[COM9] unknown packet ID 0x74; discarded 1 byte(s)
[23:07:53.034] BAD_PACKET[COM9] unknown packet ID 0x6e; discarded 1 byte(s)
[23:07:53.034] BAD_PACKET[COM9] unknown packet ID 0x65; discarded 1 byte(s)
[23:07:53.035] BAD_PACKET[COM9] unknown packet ID 0x73; discarded 1 byte(s)
[23:07:53.035] BAD_PACKET[COM9] unknown packet ID 0x73; discarded 1 byte(s)
[23:07:53.035] BAD_PACKET[COM9] unknown packet ID 0x0d; discarded 1 byte(s)
[23:07:53.036] BAD_PACKET[COM9] unknown packet ID 0x0a; discarded 1 byte(s)
[23:07:53.091] RX[COM9]  f0
[23:07:53.092] RX[COM9]  00 00 00 b7 db 00 00 00 00 00 00 0a
[23:07:53.093] PACKET[COM9] ground_station_status: rssi=0, uptime=47067, reserved=[0, 0, 0, 0, 0, 0]
[23:07:53.731] RX[COM9]  01
[23:07:53.732] RX[COM9]  6e 00 00 01 2c 80 00 62 20 00 00 3d 00 03 f5 ff fb 00 02 ff ff 0a
[23:07:53.733] PACKET[COM9] sensors: status=0b0110111000000000, uptime=76928, filtered_accel=[1.0048, 0.00244, 0.04052], gyro=[-0.35, 0.14, -0.07]
[23:07:53.953] RX[COM9]  02
[23:07:53.953] RX[COM9]  6e 00 00 01 2d 7b 00 00 00 00 00 00 00 00 00 00 00 00 00 00 00 00 00 00 00 00 00 00 00 00 00 00 00 00 00 00 00 00 00 00 00 00 00 00 00 00 00 00 00 00 00 00 00 00 00 00 43 62 66 8e 0c 64 0a
[23:07:53.955] PACKET[COM9] state: status=0b0110111000000000, uptime=77179, orientation=[0.0, 0.0, 0.0, 0.0], position=[0.0, 0.0, 0.0], velocity=[0.0, 0.0, 0.0], latitude=0.0, longitude=0.0, gps_altitude=0.0, barometric_altitude=226.400604, witness_battery_voltage=3.172
[23:07:54.013] RX[COM9]  03
[23:07:54.015] RX[COM9]  00 00 00 00 00 00 00 00 00 00 3a d7 00 00 00 0c 58 0a
[23:07:54.018] PACKET[COM9] camera: fc_status=0b0000000000000000, fc_uptime=0, status=0b0000000000000000, uptime=15063, current_sense=[0.0, 0.0, 0.0], iris_battery_voltage=3.16
[23:07:54.076] RX[COM9]  ff
[23:07:54.079] RX[COM9]  6f 00 00 01 2d 7b 0a
[23:07:54.081] PACKET[COM9] heartbeat: status=0b0110111100000000, uptime=77179
[23:07:54.082] RX[COM9]  f0
[23:07:54.083] RX[COM9]  00 00 00 bb c3 00 00 00 00 00 00 0a
[23:07:54.085] PACKET[COM9] ground_station_status: rssi=0, uptime=48067, reserved=[0, 0, 0, 0, 0, 0]
[23:07:54.739] RX[COM9]  01
[23:07:54.739] RX[COM9]  6f 00 00 01 30 68 00 62 14 00 00 49 00 03 9f ff fb 00 02 ff fe 0a
[23:07:54.741] PACKET[COM9] sensors: status=0b0110111100000000, uptime=77928, filtered_accel=[1.00432, 0.00292, 0.03708], gyro=[-0.35, 0.14, -0.14]
[23:07:54.962] RX[COM9]  02
[23:07:54.963] RX[COM9]  67 00 00 01 31 63 00 00 00 00 00 00 00 00 00 00 00 00 00 00 00 00 00 00 00 00 00 00 00 00 00 00 00 00 00 00 00 00 00 00 00 00 00 00 00 00 00 00 00 00 00 00 00 00 00 00 43 62 66 8e 0c 64 0a
[23:07:54.966] PACKET[COM9] state: status=0b0110011100000000, uptime=78179, orientation=[0.0, 0.0, 0.0, 0.0], position=[0.0, 0.0, 0.0], velocity=[0.0, 0.0, 0.0], latitude=0.0, longitude=0.0, gps_altitude=0.0, barometric_altitude=226.400604, witness_battery_voltage=3.172
[23:07:55.025] RX[COM9]  03
[23:07:55.027] RX[COM9]  00 00 00 00 00 00 00 00 00 00 3e bf 00 00 00 0c 58 0a
[23:07:55.029] PACKET[COM9] camera: fc_status=0b0000000000000000, fc_uptime=0, status=0b0000000000000000, uptime=16063, current_sense=[0.0, 0.0, 0.0], iris_battery_voltage=3.16
[23:07:55.090] RX[COM9]  ff
[23:07:55.091] RX[COM9]  66 00 00 01 31 63 0a
[23:07:55.093] PACKET[COM9] heartbeat: status=0b0110011000000000, uptime=78179
[23:07:55.093] RX[COM9]  f0
[23:07:55.094] RX[COM9]  00 00 00 bf ab 00 00 00 00 00 00 0a
[23:07:55.095] PACKET[COM9] ground_station_status: rssi=0, uptime=49067, reserved=[0, 0, 0, 0, 0, 0]
[23:07:55.749] RX[COM9]  01
[23:07:55.750] RX[COM9]  66 00 00 01 34 50 00 62 20 00 00 49 00 03 c4 ff fc 00 02 ff ff 0a
[23:07:55.753] PACKET[COM9] sensors: status=0b0110011000000000, uptime=78928, filtered_accel=[1.0048, 0.00292, 0.03856], gyro=[-0.28, 0.14, -0.07]
[23:07:55.911] TX[COM9] CH1 On:  05 00 00 00 00 00 00 00 31 0a
[23:07:55.975] RX[COM9]  05
[23:07:55.975] RX[COM9]  00 00 00 00 00 00 00 31 0a
[23:07:55.978] PACKET[COM9] command: status=0b0000000000000000, uptime=0, command_value=49
[23:07:55.979] RX[COM9]  49
[23:07:55.980] BAD_PACKET[COM9] unknown packet ID 0x49; discarded 1 byte(s)
[23:07:55.980] RX[COM9]  20 28 35 30 31 34 36 29 20 61 70 65 72 74 75 72 65 3a 20 53 65 6e 64 69 6e 67 20 63 6f 6d 6d 61 6e 64 20 74 6f 20 57 69 74 6e 65 73 73 0d 0a
[23:07:55.981] BAD_PACKET[COM9] unknown packet ID 0x20; discarded 1 byte(s)
[23:07:55.981] BAD_PACKET[COM9] unknown packet ID 0x28; discarded 1 byte(s)
[23:07:55.981] BAD_PACKET[COM9] unknown packet ID 0x35; discarded 1 byte(s)
[23:07:55.982] BAD_PACKET[COM9] unknown packet ID 0x30; discarded 1 byte(s)
[23:07:55.982] BAD_PACKET[COM9] unknown packet ID 0x31; discarded 1 byte(s)
[23:07:55.983] BAD_PACKET[COM9] unknown packet ID 0x34; discarded 1 byte(s)
[23:07:55.983] BAD_PACKET[COM9] unknown packet ID 0x36; discarded 1 byte(s)
[23:07:55.984] BAD_PACKET[COM9] unknown packet ID 0x29; discarded 1 byte(s)
[23:07:55.984] BAD_PACKET[COM9] unknown packet ID 0x20; discarded 1 byte(s)
[23:07:55.984] BAD_PACKET[COM9] unknown packet ID 0x61; discarded 1 byte(s)
[23:07:55.985] BAD_PACKET[COM9] unknown packet ID 0x70; discarded 1 byte(s)
[23:07:55.986] BAD_PACKET[COM9] unknown packet ID 0x65; discarded 1 byte(s)
[23:07:55.986] BAD_PACKET[COM9] unknown packet ID 0x72; discarded 1 byte(s)
[23:07:55.987] BAD_PACKET[COM9] unknown packet ID 0x74; discarded 1 byte(s)
[23:07:55.987] BAD_PACKET[COM9] unknown packet ID 0x75; discarded 1 byte(s)
[23:07:55.988] BAD_PACKET[COM9] unknown packet ID 0x72; discarded 1 byte(s)
[23:07:55.988] BAD_PACKET[COM9] unknown packet ID 0x65; discarded 1 byte(s)
[23:07:55.991] BAD_PACKET[COM9] unknown packet ID 0x3a; discarded 1 byte(s)
[23:07:55.991] BAD_PACKET[COM9] unknown packet ID 0x20; discarded 1 byte(s)
[23:07:55.992] BAD_PACKET[COM9] unknown packet ID 0x53; discarded 1 byte(s)
[23:07:55.992] BAD_PACKET[COM9] unknown packet ID 0x65; discarded 1 byte(s)
[23:07:55.993] BAD_PACKET[COM9] unknown packet ID 0x6e; discarded 1 byte(s)
[23:07:55.993] BAD_PACKET[COM9] unknown packet ID 0x64; discarded 1 byte(s)
[23:07:55.994] BAD_PACKET[COM9] unknown packet ID 0x69; discarded 1 byte(s)
[23:07:55.994] BAD_PACKET[COM9] unknown packet ID 0x6e; discarded 1 byte(s)
[23:07:55.994] BAD_PACKET[COM9] unknown packet ID 0x67; discarded 1 byte(s)
[23:07:55.995] BAD_PACKET[COM9] unknown packet ID 0x20; discarded 1 byte(s)
[23:07:55.995] BAD_PACKET[COM9] unknown packet ID 0x63; discarded 1 byte(s)
[23:07:55.995] BAD_PACKET[COM9] unknown packet ID 0x6f; discarded 1 byte(s)
[23:07:55.996] BAD_PACKET[COM9] unknown packet ID 0x6d; discarded 1 byte(s)
[23:07:55.996] BAD_PACKET[COM9] unknown packet ID 0x6d; discarded 1 byte(s)
[23:07:55.996] BAD_PACKET[COM9] unknown packet ID 0x61; discarded 1 byte(s)
[23:07:55.997] BAD_PACKET[COM9] unknown packet ID 0x6e; discarded 1 byte(s)
[23:07:55.997] BAD_PACKET[COM9] unknown packet ID 0x64; discarded 1 byte(s)
[23:07:55.998] BAD_PACKET[COM9] unknown packet ID 0x20; discarded 1 byte(s)
[23:07:55.998] BAD_PACKET[COM9] unknown packet ID 0x74; discarded 1 byte(s)
[23:07:55.999] BAD_PACKET[COM9] unknown packet ID 0x6f; discarded 1 byte(s)
[23:07:55.999] BAD_PACKET[COM9] unknown packet ID 0x20; discarded 1 byte(s)
[23:07:56.000] BAD_PACKET[COM9] unknown packet ID 0x57; discarded 1 byte(s)
[23:07:56.000] BAD_PACKET[COM9] unknown packet ID 0x69; discarded 1 byte(s)
[23:07:56.001] BAD_PACKET[COM9] unknown packet ID 0x74; discarded 1 byte(s)
[23:07:56.001] BAD_PACKET[COM9] unknown packet ID 0x6e; discarded 1 byte(s)
[23:07:56.001] BAD_PACKET[COM9] unknown packet ID 0x65; discarded 1 byte(s)
[23:07:56.002] BAD_PACKET[COM9] unknown packet ID 0x73; discarded 1 byte(s)
[23:07:56.002] BAD_PACKET[COM9] unknown packet ID 0x73; discarded 1 byte(s)
[23:07:56.003] BAD_PACKET[COM9] unknown packet ID 0x0d; discarded 1 byte(s)
[23:07:56.003] BAD_PACKET[COM9] unknown packet ID 0x0a; discarded 1 byte(s)
[23:07:56.118] RX[COM9]  ff
[23:07:56.120] RX[COM9]  6f 00 00 01 35 4b 0a
[23:07:56.121] PACKET[COM9] heartbeat: status=0b0110111100000000, uptime=79179
[23:07:56.122] RX[COM9]  f0
[23:07:56.122] RX[COM9]  00 00 00 c3 93 00 00 00 00 00 00 0a
[23:07:56.123] PACKET[COM9] ground_station_status: rssi=0, uptime=50067, reserved=[0, 0, 0, 0, 0, 0]
[23:07:56.707] RX[COM9]  01
[23:07:56.709] RX[COM9]  6f 00 00 01 38 38 00 62 20 00 00 49 00 03 c4 ff fc 00 02 ff ff 0a
[23:07:56.712] PACKET[COM9] sensors: status=0b0110111100000000, uptime=79928, filtered_accel=[1.0048, 0.00292, 0.03856], gyro=[-0.28, 0.14, -0.07]
[23:07:56.976] RX[COM9]  02
[23:07:56.979] RX[COM9]  67 00 00 01 39 33 00 00 00 00 00 00 00 00 00 00 00 00 00 00 00 00 00 00 00 00 00 00 00 00 00 00 00 00 00 00 00 00 00 00 00 00 00 00 00 00 00 00 00 00 00 00 00 00 00 00 43 62 92 85 0c 64 0a
[23:07:56.981] PACKET[COM9] state: status=0b0110011100000000, uptime=80179, orientation=[0.0, 0.0, 0.0, 0.0], position=[0.0, 0.0, 0.0], velocity=[0.0, 0.0, 0.0], latitude=0.0, longitude=0.0, gps_altitude=0.0, barometric_altitude=226.572342, witness_battery_voltage=3.172
[23:07:57.040] RX[COM9]  03
[23:07:57.042] RX[COM9]  00 00 00 00 00 00 00 00 00 00 46 8f 00 00 00 0c 58 0a
[23:07:57.044] PACKET[COM9] camera: fc_status=0b0000000000000000, fc_uptime=0, status=0b0000000000000000, uptime=18063, current_sense=[0.0, 0.0, 0.0], iris_battery_voltage=3.16
[23:07:57.096] RX[COM9]  ff
[23:07:57.097] RX[COM9]  66 00 00 01 39 33 0a
[23:07:57.099] PACKET[COM9] heartbeat: status=0b0110011000000000, uptime=80179
[23:07:57.100] RX[COM9]  f0
[23:07:57.100] RX[COM9]  00 00 00 c7 7b 00 00 00 00 00 00 0a
[23:07:57.101] PACKET[COM9] ground_station_status: rssi=0, uptime=51067, reserved=[0, 0, 0, 0, 0, 0]
[23:07:57.723] RX[COM9]  01
[23:07:57.724] RX[COM9]  66 00 00 01 3c 20 00 62 20 00 00 49 00 03 d0 ff fd 00 02 ff ff 0a
[23:07:57.725] PACKET[COM9] sensors: status=0b0110011000000000, uptime=80928, filtered_accel=[1.0048, 0.00292, 0.03904], gyro=[-0.21, 0.14, -0.07]
[23:07:57.967] RX[COM9]  02
[23:07:57.968] RX[COM9]  6e 00 00 01 3d 1b 00 00 00 00 00 00 00 00 00 00 00 00 00 00 00 00 00 00 00 00 00 00 00 00 00 00 00 00 00 00 00 00 00 00 00 00 00 00 00 00 00 00 00 00 00 00 00 00 00 00 43 62 bd d0 0c 64 0a
[23:07:57.970] PACKET[COM9] state: status=0b0110111000000000, uptime=81179, orientation=[0.0, 0.0, 0.0, 0.0], position=[0.0, 0.0, 0.0], velocity=[0.0, 0.0, 0.0], latitude=0.0, longitude=0.0, gps_altitude=0.0, barometric_altitude=226.741455, witness_battery_voltage=3.172
[23:07:58.032] RX[COM9]  03
[23:07:58.033] RX[COM9]  00 00 00 00 00 00 00 00 00 00 4a 77 00 00 00 0c 60 0a
[23:07:58.037] PACKET[COM9] camera: fc_status=0b0000000000000000, fc_uptime=0, status=0b0000000000000000, uptime=19063, current_sense=[0.0, 0.0, 0.0], iris_battery_voltage=3.168
[23:07:58.100] RX[COM9]  ff
[23:07:58.102] RX[COM9]  6f 00 00 01 3d 1b 0a
[23:07:58.103] PACKET[COM9] heartbeat: status=0b0110111100000000, uptime=81179
[23:07:58.104] RX[COM9]  f0
[23:07:58.105] RX[COM9]  00 00 00 cb 63 00 00 00 00 00 00 0a
[23:07:58.107] PACKET[COM9] ground_station_status: rssi=0, uptime=52067, reserved=[0, 0, 0, 0, 0, 0]
[23:07:58.717] RX[COM9]  01
[23:07:58.719] RX[COM9]  6f 00 00 01 40 08 00 62 20 00 00 3d 00 03 b8 ff fc 00 02 ff ff 0a
[23:07:58.720] PACKET[COM9] sensors: status=0b0110111100000000, uptime=81928, filtered_accel=[1.0048, 0.00244, 0.03808], gyro=[-0.28, 0.14, -0.07]
[23:07:58.952] RX[COM9]  02
[23:07:58.953] RX[COM9]  67 00 00 01 41 03 00 00 00 00 00 00 00 00 00 00 00 00 00 00 00 00 00 00 00 00 00 00 00 00 00 00 00 00 00 00 00 00 00 00 00 00 00 00 00 00 00 00 00 00 00 00 00 00 00 00 43 62 bd d0 0c 64 0a
[23:07:58.955] PACKET[COM9] state: status=0b0110011100000000, uptime=82179, orientation=[0.0, 0.0, 0.0, 0.0], position=[0.0, 0.0, 0.0], velocity=[0.0, 0.0, 0.0], latitude=0.0, longitude=0.0, gps_altitude=0.0, barometric_altitude=226.741455, witness_battery_voltage=3.172
[23:07:59.017] RX[COM9]  03
[23:07:59.019] RX[COM9]  00 00 00 00 00 00 00 00 00 00 4e 5f 00 00 00 0c 58 0a
[23:07:59.021] PACKET[COM9] camera: fc_status=0b0000000000000000, fc_uptime=0, status=0b0000000000000000, uptime=20063, current_sense=[0.0, 0.0, 0.0], iris_battery_voltage=3.16
[23:07:59.024] TX[COM9] CH1 On:  05 00 00 00 00 00 00 00 31 0a
[23:07:59.083] RX[COM9]  05
[23:07:59.085] RX[COM9]  00
[23:07:59.086] RX[COM9]  00 00 00 00 00
[23:07:59.086] RX[COM9]  00 31 0a
[23:07:59.088] PACKET[COM9] command: status=0b0000000000000000, uptime=0, command_value=49
[23:07:59.089] RX[COM9]  32
[23:07:59.089] BAD_PACKET[COM9] unknown packet ID 0x32; discarded 1 byte(s)
[23:07:59.090] RX[COM9]  35 36 29 20 61 70 65 72 74 75 72 65 3a 20 53 65 6e 64 69 6e 67 20 63 6f 6d 6d 61 6e 64 20 74 6f 20 57 69 74 6e 65 73 73 0d 0a
[23:07:59.091] BAD_PACKET[COM9] unknown packet ID 0x35; discarded 1 byte(s)
[23:07:59.091] BAD_PACKET[COM9] unknown packet ID 0x36; discarded 1 byte(s)
[23:07:59.092] BAD_PACKET[COM9] unknown packet ID 0x29; discarded 1 byte(s)
[23:07:59.092] BAD_PACKET[COM9] unknown packet ID 0x20; discarded 1 byte(s)
[23:07:59.092] BAD_PACKET[COM9] unknown packet ID 0x61; discarded 1 byte(s)
[23:07:59.093] BAD_PACKET[COM9] unknown packet ID 0x70; discarded 1 byte(s)
[23:07:59.093] BAD_PACKET[COM9] unknown packet ID 0x65; discarded 1 byte(s)
[23:07:59.094] BAD_PACKET[COM9] unknown packet ID 0x72; discarded 1 byte(s)
[23:07:59.094] BAD_PACKET[COM9] unknown packet ID 0x74; discarded 1 byte(s)
[23:07:59.094] BAD_PACKET[COM9] unknown packet ID 0x75; discarded 1 byte(s)
[23:07:59.095] BAD_PACKET[COM9] unknown packet ID 0x72; discarded 1 byte(s)
[23:07:59.095] BAD_PACKET[COM9] unknown packet ID 0x65; discarded 1 byte(s)
[23:07:59.096] BAD_PACKET[COM9] unknown packet ID 0x3a; discarded 1 byte(s)
[23:07:59.096] BAD_PACKET[COM9] unknown packet ID 0x20; discarded 1 byte(s)
[23:07:59.097] BAD_PACKET[COM9] unknown packet ID 0x53; discarded 1 byte(s)
[23:07:59.097] BAD_PACKET[COM9] unknown packet ID 0x65; discarded 1 byte(s)
[23:07:59.098] BAD_PACKET[COM9] unknown packet ID 0x6e; discarded 1 byte(s)
[23:07:59.098] BAD_PACKET[COM9] unknown packet ID 0x64; discarded 1 byte(s)
[23:07:59.098] BAD_PACKET[COM9] unknown packet ID 0x69; discarded 1 byte(s)
[23:07:59.098] BAD_PACKET[COM9] unknown packet ID 0x6e; discarded 1 byte(s)
[23:07:59.099] BAD_PACKET[COM9] unknown packet ID 0x67; discarded 1 byte(s)
[23:07:59.099] BAD_PACKET[COM9] unknown packet ID 0x20; discarded 1 byte(s)
[23:07:59.100] BAD_PACKET[COM9] unknown packet ID 0x63; discarded 1 byte(s)
[23:07:59.100] BAD_PACKET[COM9] unknown packet ID 0x6f; discarded 1 byte(s)
[23:07:59.100] BAD_PACKET[COM9] unknown packet ID 0x6d; discarded 1 byte(s)
[23:07:59.101] BAD_PACKET[COM9] unknown packet ID 0x6d; discarded 1 byte(s)
[23:07:59.101] BAD_PACKET[COM9] unknown packet ID 0x61; discarded 1 byte(s)
[23:07:59.101] BAD_PACKET[COM9] unknown packet ID 0x6e; discarded 1 byte(s)
[23:07:59.102] BAD_PACKET[COM9] unknown packet ID 0x64; discarded 1 byte(s)
[23:07:59.102] BAD_PACKET[COM9] unknown packet ID 0x20; discarded 1 byte(s)
[23:07:59.103] BAD_PACKET[COM9] unknown packet ID 0x74; discarded 1 byte(s)
[23:07:59.103] BAD_PACKET[COM9] unknown packet ID 0x6f; discarded 1 byte(s)
[23:07:59.104] BAD_PACKET[COM9] unknown packet ID 0x20; discarded 1 byte(s)
[23:07:59.104] BAD_PACKET[COM9] unknown packet ID 0x57; discarded 1 byte(s)
[23:07:59.105] BAD_PACKET[COM9] unknown packet ID 0x69; discarded 1 byte(s)
[23:07:59.105] BAD_PACKET[COM9] unknown packet ID 0x74; discarded 1 byte(s)
[23:07:59.105] BAD_PACKET[COM9] unknown packet ID 0x6e; discarded 1 byte(s)
[23:07:59.106] BAD_PACKET[COM9] unknown packet ID 0x65; discarded 1 byte(s)
[23:07:59.106] BAD_PACKET[COM9] unknown packet ID 0x73; discarded 1 byte(s)
[23:07:59.107] BAD_PACKET[COM9] unknown packet ID 0x73; discarded 1 byte(s)
[23:07:59.107] BAD_PACKET[COM9] unknown packet ID 0x0d; discarded 1 byte(s)
[23:07:59.108] BAD_PACKET[COM9] unknown packet ID 0x0a; discarded 1 byte(s)
[23:07:59.108] RX[COM9]  f0
[23:07:59.108] RX[COM9]  00 00 00 cf 55 00 00 00 00 00 00 0a
[23:07:59.109] PACKET[COM9] ground_station_status: rssi=0, uptime=53077, reserved=[0, 0, 0, 0, 0, 0]
[23:07:59.722] RX[COM9]  01
[23:07:59.725] RX[COM9]  66 00 00 01 43 f0 00 62 20 00 00 55 00 03 ab ff fc 00 03 ff ff 0a
[23:07:59.726] PACKET[COM9] sensors: status=0b0110011000000000, uptime=82928, filtered_accel=[1.0048, 0.0034, 0.03756], gyro=[-0.28, 0.21, -0.07]
[23:07:59.964] RX[COM9]  02
[23:07:59.966] RX[COM9]  6e 00 00 01 44 eb 00 00 00 00 00 00 00 00 00 00 00 00 00 00 00 00 00 00 00 00 00 00 00 00 00 00 00 00 00 00 00 00 00 00 00 00 00 00 00 00 00 00 00 00 00 00 00 00 00 00 43 62 bd d0 0c 68 0a
[23:07:59.968] PACKET[COM9] state: status=0b0110111000000000, uptime=83179, orientation=[0.0, 0.0, 0.0, 0.0], position=[0.0, 0.0, 0.0], velocity=[0.0, 0.0, 0.0], latitude=0.0, longitude=0.0, gps_altitude=0.0, barometric_altitude=226.741455, witness_battery_voltage=3.176
[23:08:00.028] RX[COM9]  03
[23:08:00.029] RX[COM9]  00 00 00 00 00 00 00 00 00 00 52 47 00 00 00 0c 60 0a
[23:08:00.033] PACKET[COM9] camera: fc_status=0b0000000000000000, fc_uptime=0, status=0b0000000000000000, uptime=21063, current_sense=[0.0, 0.0, 0.0], iris_battery_voltage=3.168
[23:08:00.092] RX[COM9]  ff
[23:08:00.093] RX[COM9]  6f 00 00 01 44 eb 0a
[23:08:00.095] PACKET[COM9] heartbeat: status=0b0110111100000000, uptime=83179
[23:08:00.096] RX[COM9]  f0
[23:08:00.097] RX[COM9]  00 00 00 d3 33 00 00 00 00 00 00 0a
[23:08:00.097] PACKET[COM9] ground_station_status: rssi=0, uptime=54067, reserved=[0, 0, 0, 0, 0, 0]
[23:08:00.719] RX[COM9]  01
[23:08:00.721] RX[COM9]  6f 00 00 01 47 d8 00 62 20 00 00 49 00 03 d0 ff fc 00 02 ff ff 0a
[23:08:00.723] PACKET[COM9] sensors: status=0b0110111100000000, uptime=83928, filtered_accel=[1.0048, 0.00292, 0.03904], gyro=[-0.28, 0.14, -0.07]
[23:08:00.963] RX[COM9]  02
[23:08:00.964] RX[COM9]  6f 00 00 01 48 d3 00 00 00 00 00 00 00 00 00 00 00 00 00 00 00 00 00 00 00 00 00 00 00 00 00 00 00 00 00 00 00 00 00 00 00 00 00 00 00 00 00 00 00 00 00 00 00 00 00 00 43 62 a8 2a 0c 64 0a
[23:08:00.965] PACKET[COM9] state: status=0b0110111100000000, uptime=84179, orientation=[0.0, 0.0, 0.0, 0.0], position=[0.0, 0.0, 0.0], velocity=[0.0, 0.0, 0.0], latitude=0.0, longitude=0.0, gps_altitude=0.0, barometric_altitude=226.656891, witness_battery_voltage=3.172
[23:08:01.025] RX[COM9]  03
[23:08:01.026] RX[COM9]  00 00 00 00 00 00 00 00 00 00 56 2f 00 00 00 0c 58 0a
[23:08:01.027] PACKET[COM9] camera: fc_status=0b0000000000000000, fc_uptime=0, status=0b0000000000000000, uptime=22063, current_sense=[0.0, 0.0, 0.0], iris_battery_voltage=3.16
[23:08:01.090] RX[COM9]  ff
[23:08:01.091] RX[COM9]  6e 00 00 01 48 d3 0a
[23:08:01.093] PACKET[COM9] heartbeat: status=0b0110111000000000, uptime=84179
[23:08:01.093] RX[COM9]  f0
[23:08:01.095] RX[COM9]  fa 00 00 d7 1b 00 00 00 00 00 00 0a
[23:08:01.097] PACKET[COM9] ground_station_status: rssi=-6, uptime=55067, reserved=[0, 0, 0, 0, 0, 0]
[23:08:01.202] TX[COM9] CH1 On:  05 00 00 00 00 00 00 00 31 0a
[23:08:01.218] RX[COM9]  05
[23:08:01.233] RX[COM9]  00 00 00 00 00 00 00
[23:08:01.245] RX[COM9]  31 0a
[23:08:01.248] PACKET[COM9] command: status=0b0000000000000000, uptime=0, command_value=49
[23:08:01.249] RX[COM9]  49
[23:08:01.250] BAD_PACKET[COM9] unknown packet ID 0x49; discarded 1 byte(s)
[23:08:01.251] RX[COM9]  20 28 35 35 34 33 36 29 20 61 70 65 72 74 75 72 65 3a 20 53 65 6e 64 69 6e 67 20 63 6f 6d 6d 61 6e 64 20 74 6f 20 57 69 74 6e 65 73 73 0d 0a
[23:08:01.252] BAD_PACKET[COM9] unknown packet ID 0x20; discarded 1 byte(s)
[23:08:01.252] BAD_PACKET[COM9] unknown packet ID 0x28; discarded 1 byte(s)
[23:08:01.253] BAD_PACKET[COM9] unknown packet ID 0x35; discarded 1 byte(s)
[23:08:01.253] BAD_PACKET[COM9] unknown packet ID 0x35; discarded 1 byte(s)
[23:08:01.255] BAD_PACKET[COM9] unknown packet ID 0x34; discarded 1 byte(s)
[23:08:01.256] BAD_PACKET[COM9] unknown packet ID 0x33; discarded 1 byte(s)
[23:08:01.257] BAD_PACKET[COM9] unknown packet ID 0x36; discarded 1 byte(s)
[23:08:01.257] BAD_PACKET[COM9] unknown packet ID 0x29; discarded 1 byte(s)
[23:08:01.258] BAD_PACKET[COM9] unknown packet ID 0x20; discarded 1 byte(s)
[23:08:01.258] BAD_PACKET[COM9] unknown packet ID 0x61; discarded 1 byte(s)
[23:08:01.259] BAD_PACKET[COM9] unknown packet ID 0x70; discarded 1 byte(s)
[23:08:01.259] BAD_PACKET[COM9] unknown packet ID 0x65; discarded 1 byte(s)
[23:08:01.259] BAD_PACKET[COM9] unknown packet ID 0x72; discarded 1 byte(s)
[23:08:01.260] BAD_PACKET[COM9] unknown packet ID 0x74; discarded 1 byte(s)
[23:08:01.260] BAD_PACKET[COM9] unknown packet ID 0x75; discarded 1 byte(s)
[23:08:01.260] BAD_PACKET[COM9] unknown packet ID 0x72; discarded 1 byte(s)
[23:08:01.260] BAD_PACKET[COM9] unknown packet ID 0x65; discarded 1 byte(s)
[23:08:01.261] BAD_PACKET[COM9] unknown packet ID 0x3a; discarded 1 byte(s)
[23:08:01.261] BAD_PACKET[COM9] unknown packet ID 0x20; discarded 1 byte(s)
[23:08:01.261] BAD_PACKET[COM9] unknown packet ID 0x53; discarded 1 byte(s)
[23:08:01.262] BAD_PACKET[COM9] unknown packet ID 0x65; discarded 1 byte(s)
[23:08:01.262] BAD_PACKET[COM9] unknown packet ID 0x6e; discarded 1 byte(s)
[23:08:01.262] BAD_PACKET[COM9] unknown packet ID 0x64; discarded 1 byte(s)
[23:08:01.263] BAD_PACKET[COM9] unknown packet ID 0x69; discarded 1 byte(s)
[23:08:01.264] BAD_PACKET[COM9] unknown packet ID 0x6e; discarded 1 byte(s)
[23:08:01.264] BAD_PACKET[COM9] unknown packet ID 0x67; discarded 1 byte(s)
[23:08:01.265] BAD_PACKET[COM9] unknown packet ID 0x20; discarded 1 byte(s)
[23:08:01.265] BAD_PACKET[COM9] unknown packet ID 0x63; discarded 1 byte(s)
[23:08:01.265] BAD_PACKET[COM9] unknown packet ID 0x6f; discarded 1 byte(s)
[23:08:01.266] BAD_PACKET[COM9] unknown packet ID 0x6d; discarded 1 byte(s)
[23:08:01.266] BAD_PACKET[COM9] unknown packet ID 0x6d; discarded 1 byte(s)
[23:08:01.266] BAD_PACKET[COM9] unknown packet ID 0x61; discarded 1 byte(s)
[23:08:01.266] BAD_PACKET[COM9] unknown packet ID 0x6e; discarded 1 byte(s)
[23:08:01.267] BAD_PACKET[COM9] unknown packet ID 0x64; discarded 1 byte(s)
[23:08:01.267] BAD_PACKET[COM9] unknown packet ID 0x20; discarded 1 byte(s)
[23:08:01.268] BAD_PACKET[COM9] unknown packet ID 0x74; discarded 1 byte(s)
[23:08:01.268] BAD_PACKET[COM9] unknown packet ID 0x6f; discarded 1 byte(s)
[23:08:01.268] BAD_PACKET[COM9] unknown packet ID 0x20; discarded 1 byte(s)
[23:08:01.272] BAD_PACKET[COM9] unknown packet ID 0x57; discarded 1 byte(s)
[23:08:01.272] BAD_PACKET[COM9] unknown packet ID 0x69; discarded 1 byte(s)
[23:08:01.273] BAD_PACKET[COM9] unknown packet ID 0x74; discarded 1 byte(s)
[23:08:01.273] BAD_PACKET[COM9] unknown packet ID 0x6e; discarded 1 byte(s)
[23:08:01.274] BAD_PACKET[COM9] unknown packet ID 0x65; discarded 1 byte(s)
[23:08:01.274] BAD_PACKET[COM9] unknown packet ID 0x73; discarded 1 byte(s)
[23:08:01.275] BAD_PACKET[COM9] unknown packet ID 0x73; discarded 1 byte(s)
[23:08:01.276] BAD_PACKET[COM9] unknown packet ID 0x0d; discarded 1 byte(s)
[23:08:01.277] BAD_PACKET[COM9] unknown packet ID 0x0a; discarded 1 byte(s)
[23:08:01.766] RX[COM9]  01
[23:08:01.768] RX[COM9]  66 00 00 01 4b c0 00 62 20 00 00 49 00 03 93 ff fc 00 03 ff ff 0a
[23:08:01.769] PACKET[COM9] sensors: status=0b0110011000000000, uptime=84928, filtered_accel=[1.0048, 0.00292, 0.0366], gyro=[-0.28, 0.21, -0.07]
[23:08:01.996] RX[COM9]  02
[23:08:01.997] RX[COM9]  66 00 00 01 4c bb 00 00 00 00 00 00 00 00 00 00 00 00 00 00 00 00 00 00 00 00 00 00 00 00 00 00 00 00 00 00 00 00 00 00 00 00 00 00 00 00 00 00 00 00 00 00 00 00 00 00 43 62 d3 75 0c 68 0a
[23:08:01.998] PACKET[COM9] state: status=0b0110011000000000, uptime=85179, orientation=[0.0, 0.0, 0.0, 0.0], position=[0.0, 0.0, 0.0], velocity=[0.0, 0.0, 0.0], latitude=0.0, longitude=0.0, gps_altitude=0.0, barometric_altitude=226.826004, witness_battery_voltage=3.176
[23:08:02.057] RX[COM9]  03
[23:08:02.058] RX[COM9]  00 00 00 00 00 00 08 00 00 00 5a 17 00 00 00 0c 58 0a
[23:08:02.059] PACKET[COM9] camera: fc_status=0b0000000000000000, fc_uptime=0, status=0b0000100000000000, uptime=23063, current_sense=[0.0, 0.0, 0.0], iris_battery_voltage=3.16
[23:08:02.122] RX[COM9]  ff
[23:08:02.123] RX[COM9]  67 00 00 01 4c bb 0a
[23:08:02.124] PACKET[COM9] heartbeat: status=0b0110011100000000, uptime=85179
[23:08:02.125] RX[COM9]  f0
[23:08:02.125] RX[COM9]  00 00 00 db 03 00 00 00 00 00 00 0a
[23:08:02.126] PACKET[COM9] ground_station_status: rssi=0, uptime=56067, reserved=[0, 0, 0, 0, 0, 0]
[23:08:02.725] RX[COM9]  01
[23:08:02.726] RX[COM9]  6f 00 00 01 4f a8 00 62 2c 00 00 55 00 03 d0 ff fc 00 01 ff ff 0a
[23:08:02.728] PACKET[COM9] sensors: status=0b0110111100000000, uptime=85928, filtered_accel=[1.00528, 0.0034, 0.03904], gyro=[-0.28, 0.07, -0.07]
[23:08:02.985] RX[COM9]  02
[23:08:02.986] RX[COM9]  6f 00 00 01 50 a3 00 00 00 00 00 00 00 00 00 00 00 00 00 00 00 00 00 00 00 00 00 00 00 00 00 00 00 00 00 00 00 00 00 00 00 00 00 00 00 00 00 00 00 00 00 00 00 00 00 00 43 62 66 8e 0c 68 0a
[23:08:02.987] PACKET[COM9] state: status=0b0110111100000000, uptime=86179, orientation=[0.0, 0.0, 0.0, 0.0], position=[0.0, 0.0, 0.0], velocity=[0.0, 0.0, 0.0], latitude=0.0, longitude=0.0, gps_altitude=0.0, barometric_altitude=226.400604, witness_battery_voltage=3.176
[23:08:03.040] RX[COM9]  03
[23:08:03.041] RX[COM9]  00 00 00 00 00 00 08 00 00 00 5d ff 00 00 00 0c 60 0a
[23:08:03.043] PACKET[COM9] camera: fc_status=0b0000000000000000, fc_uptime=0, status=0b0000100000000000, uptime=24063, current_sense=[0.0, 0.0, 0.0], iris_battery_voltage=3.168
[23:08:03.096] RX[COM9]  ff
[23:08:03.096] RX[COM9]  6e 00 00 01 50 a3 0a
[23:08:03.098] PACKET[COM9] heartbeat: status=0b0110111000000000, uptime=86179
[23:08:03.098] RX[COM9]  f0
[23:08:03.099] RX[COM9]  00 00 00 de eb 00 00 00 00 00 00 0a
[23:08:03.099] PACKET[COM9] ground_station_status: rssi=0, uptime=57067, reserved=[0, 0, 0, 0, 0, 0]
[23:08:03.638] TX[COM9] CH2 On:  05 00 00 00 00 00 00 00 33 0a
[23:08:03.660] RX[COM9]  05
[23:08:03.665] RX[COM9]  00 00 00 00 00 00 00 33 0a
[23:08:03.668] PACKET[COM9] command: status=0b0000000000000000, uptime=0, command_value=51
[23:08:03.669] RX[COM9]  49
[23:08:03.669] BAD_PACKET[COM9] unknown packet ID 0x49; discarded 1 byte(s)
[23:08:03.670] RX[COM9]  20 28 35 37 38 37 36 29 20 61 70 65 72 74 75 72 65 3a 20 53 65 6e 64 69 6e 67 20 63 6f 6d 6d 61 6e 64 20 74 6f 20 57 69 74 6e 65 73 73 0d 0a
[23:08:03.670] BAD_PACKET[COM9] unknown packet ID 0x20; discarded 1 byte(s)
[23:08:03.671] BAD_PACKET[COM9] unknown packet ID 0x28; discarded 1 byte(s)
[23:08:03.671] BAD_PACKET[COM9] unknown packet ID 0x35; discarded 1 byte(s)
[23:08:03.672] BAD_PACKET[COM9] unknown packet ID 0x37; discarded 1 byte(s)
[23:08:03.672] BAD_PACKET[COM9] unknown packet ID 0x38; discarded 1 byte(s)
[23:08:03.672] BAD_PACKET[COM9] unknown packet ID 0x37; discarded 1 byte(s)
[23:08:03.673] BAD_PACKET[COM9] unknown packet ID 0x36; discarded 1 byte(s)
[23:08:03.674] BAD_PACKET[COM9] unknown packet ID 0x29; discarded 1 byte(s)
[23:08:03.674] BAD_PACKET[COM9] unknown packet ID 0x20; discarded 1 byte(s)
[23:08:03.677] BAD_PACKET[COM9] unknown packet ID 0x61; discarded 1 byte(s)
[23:08:03.678] BAD_PACKET[COM9] unknown packet ID 0x70; discarded 1 byte(s)
[23:08:03.678] BAD_PACKET[COM9] unknown packet ID 0x65; discarded 1 byte(s)
[23:08:03.679] BAD_PACKET[COM9] unknown packet ID 0x72; discarded 1 byte(s)
[23:08:03.679] BAD_PACKET[COM9] unknown packet ID 0x74; discarded 1 byte(s)
[23:08:03.679] BAD_PACKET[COM9] unknown packet ID 0x75; discarded 1 byte(s)
[23:08:03.680] BAD_PACKET[COM9] unknown packet ID 0x72; discarded 1 byte(s)
[23:08:03.680] BAD_PACKET[COM9] unknown packet ID 0x65; discarded 1 byte(s)
[23:08:03.681] BAD_PACKET[COM9] unknown packet ID 0x3a; discarded 1 byte(s)
[23:08:03.681] BAD_PACKET[COM9] unknown packet ID 0x20; discarded 1 byte(s)
[23:08:03.682] BAD_PACKET[COM9] unknown packet ID 0x53; discarded 1 byte(s)
[23:08:03.682] BAD_PACKET[COM9] unknown packet ID 0x65; discarded 1 byte(s)
[23:08:03.683] BAD_PACKET[COM9] unknown packet ID 0x6e; discarded 1 byte(s)
[23:08:03.683] BAD_PACKET[COM9] unknown packet ID 0x64; discarded 1 byte(s)
[23:08:03.683] BAD_PACKET[COM9] unknown packet ID 0x69; discarded 1 byte(s)
[23:08:03.684] BAD_PACKET[COM9] unknown packet ID 0x6e; discarded 1 byte(s)
[23:08:03.684] BAD_PACKET[COM9] unknown packet ID 0x67; discarded 1 byte(s)
[23:08:03.685] BAD_PACKET[COM9] unknown packet ID 0x20; discarded 1 byte(s)
[23:08:03.685] BAD_PACKET[COM9] unknown packet ID 0x63; discarded 1 byte(s)
[23:08:03.686] BAD_PACKET[COM9] unknown packet ID 0x6f; discarded 1 byte(s)
[23:08:03.686] BAD_PACKET[COM9] unknown packet ID 0x6d; discarded 1 byte(s)
[23:08:03.686] BAD_PACKET[COM9] unknown packet ID 0x6d; discarded 1 byte(s)
[23:08:03.686] BAD_PACKET[COM9] unknown packet ID 0x61; discarded 1 byte(s)
[23:08:03.687] BAD_PACKET[COM9] unknown packet ID 0x6e; discarded 1 byte(s)
[23:08:03.687] BAD_PACKET[COM9] unknown packet ID 0x64; discarded 1 byte(s)
[23:08:03.687] BAD_PACKET[COM9] unknown packet ID 0x20; discarded 1 byte(s)
[23:08:03.688] BAD_PACKET[COM9] unknown packet ID 0x74; discarded 1 byte(s)
[23:08:03.688] BAD_PACKET[COM9] unknown packet ID 0x6f; discarded 1 byte(s)
[23:08:03.688] BAD_PACKET[COM9] unknown packet ID 0x20; discarded 1 byte(s)
[23:08:03.688] BAD_PACKET[COM9] unknown packet ID 0x57; discarded 1 byte(s)
[23:08:03.689] BAD_PACKET[COM9] unknown packet ID 0x69; discarded 1 byte(s)
[23:08:03.689] BAD_PACKET[COM9] unknown packet ID 0x74; discarded 1 byte(s)
[23:08:03.689] BAD_PACKET[COM9] unknown packet ID 0x6e; discarded 1 byte(s)
[23:08:03.690] BAD_PACKET[COM9] unknown packet ID 0x65; discarded 1 byte(s)
[23:08:03.690] BAD_PACKET[COM9] unknown packet ID 0x73; discarded 1 byte(s)
[23:08:03.690] BAD_PACKET[COM9] unknown packet ID 0x73; discarded 1 byte(s)
[23:08:03.691] BAD_PACKET[COM9] unknown packet ID 0x0d; discarded 1 byte(s)
[23:08:03.692] BAD_PACKET[COM9] unknown packet ID 0x0a; discarded 1 byte(s)
[23:08:03.968] RX[COM9]  02
[23:08:03.969] RX[COM9]  66 00 00 01 54 8b 00 00 00 00 00 00 00 00 00 00 00 00 00 00 00 00 00 00 00 00 00 00 00 00 00 00 00 00 00 00 00 00 00 00 00 00 00 00 00 00 00 00 00 00 00 00 00 00 00 00 43 62 bd d0 0c 64 0a
[23:08:03.970] PACKET[COM9] state: status=0b0110011000000000, uptime=87179, orientation=[0.0, 0.0, 0.0, 0.0], position=[0.0, 0.0, 0.0], velocity=[0.0, 0.0, 0.0], latitude=0.0, longitude=0.0, gps_altitude=0.0, barometric_altitude=226.741455, witness_battery_voltage=3.172
[23:08:04.029] RX[COM9]  03
[23:08:04.031] RX[COM9]  00 00 00 00 00 00 08 00 00 00 61 e7 00 00 00 0c 60 0a
[23:08:04.033] PACKET[COM9] camera: fc_status=0b0000000000000000, fc_uptime=0, status=0b0000100000000000, uptime=25063, current_sense=[0.0, 0.0, 0.0], iris_battery_voltage=3.168
[23:08:04.091] RX[COM9]  ff
[23:08:04.093] RX[COM9]  67 00 00 01 54 8b 0a
[23:08:04.094] PACKET[COM9] heartbeat: status=0b0110011100000000, uptime=87179
[23:08:04.095] RX[COM9]  f0
[23:08:04.096] RX[COM9]  00 00 00 e2 d3 00 00 00 00 00 00 0a
[23:08:04.097] PACKET[COM9] ground_station_status: rssi=0, uptime=58067, reserved=[0, 0, 0, 0, 0, 0]
[23:08:04.754] RX[COM9]  01
[23:08:04.755] RX[COM9]  67 00 00 01 57 78 00 62 20 00 00 55 00 03 c4 ff fd 00 02 ff ff 0a
[23:08:04.757] PACKET[COM9] sensors: status=0b0110011100000000, uptime=87928, filtered_accel=[1.0048, 0.0034, 0.03856], gyro=[-0.21, 0.14, -0.07]
[23:08:04.980] RX[COM9]  02
[23:08:04.982] RX[COM9]  6f 00 00 01 58 73 00 00 00 00 00 00 00 00 00 00 00 00 00 00 00 00 00 00 00 00 00 00 00 00 00 00 00 00 00 00 00 00 00 00 00 00 00 00 00 00 00 00 00 00 00 00 00 00 00 00 43 62 d3 75 0c 64 0a
[23:08:04.984] PACKET[COM9] state: status=0b0110111100000000, uptime=88179, orientation=[0.0, 0.0, 0.0, 0.0], position=[0.0, 0.0, 0.0], velocity=[0.0, 0.0, 0.0], latitude=0.0, longitude=0.0, gps_altitude=0.0, barometric_altitude=226.826004, witness_battery_voltage=3.172
[23:08:05.041] RX[COM9]  03
[23:08:05.042] RX[COM9]  00 00 00 00 00 00 08 00 00 00 65 cf 00 00 00 0c 58 0a
[23:08:05.045] PACKET[COM9] camera: fc_status=0b0000000000000000, fc_uptime=0, status=0b0000100000000000, uptime=26063, current_sense=[0.0, 0.0, 0.0], iris_battery_voltage=3.16
[23:08:05.098] TX[COM9] CH2 On:  05 00 00 00 00 00 00 00 33 0a
[23:08:05.099] RX[COM9]  ff
[23:08:05.100] RX[COM9]  6e 00 00 01 58 73 0a
[23:08:05.101] PACKET[COM9] heartbeat: status=0b0110111000000000, uptime=88179
[23:08:05.102] RX[COM9]  f0
[23:08:05.103] RX[COM9]  00 00 00 e6 bb 00 00 00 00 00 00 0a
[23:08:05.103] PACKET[COM9] ground_station_status: rssi=0, uptime=59067, reserved=[0, 0, 0, 0, 0, 0]
[23:08:05.154] RX[COM9]  05
[23:08:05.156] RX[COM9]  00
[23:08:05.157] RX[COM9]  00 00 00 00 00 00
[23:08:05.158] RX[COM9]  33 0a
[23:08:05.160] PACKET[COM9] command: status=0b0000000000000000, uptime=0, command_value=51
[23:08:05.160] RX[COM9]  49
[23:08:05.160] BAD_PACKET[COM9] unknown packet ID 0x49; discarded 1 byte(s)
[23:08:05.161] RX[COM9]  20 28 35 39 33 33 36 29 20 61 70 65 72 74 75 72 65 3a 20 53 65 6e 64 69 6e 67 20 63 6f 6d 6d 61 6e 64 20 74 6f 20 57 69 74 6e 65 73 73 0d 0a
[23:08:05.161] BAD_PACKET[COM9] unknown packet ID 0x20; discarded 1 byte(s)
[23:08:05.161] BAD_PACKET[COM9] unknown packet ID 0x28; discarded 1 byte(s)
[23:08:05.162] BAD_PACKET[COM9] unknown packet ID 0x35; discarded 1 byte(s)
[23:08:05.162] BAD_PACKET[COM9] unknown packet ID 0x39; discarded 1 byte(s)
[23:08:05.162] BAD_PACKET[COM9] unknown packet ID 0x33; discarded 1 byte(s)
[23:08:05.163] BAD_PACKET[COM9] unknown packet ID 0x33; discarded 1 byte(s)
[23:08:05.163] BAD_PACKET[COM9] unknown packet ID 0x36; discarded 1 byte(s)
[23:08:05.164] BAD_PACKET[COM9] unknown packet ID 0x29; discarded 1 byte(s)
[23:08:05.164] BAD_PACKET[COM9] unknown packet ID 0x20; discarded 1 byte(s)
[23:08:05.165] BAD_PACKET[COM9] unknown packet ID 0x61; discarded 1 byte(s)
[23:08:05.165] BAD_PACKET[COM9] unknown packet ID 0x70; discarded 1 byte(s)
[23:08:05.166] BAD_PACKET[COM9] unknown packet ID 0x65; discarded 1 byte(s)
[23:08:05.166] BAD_PACKET[COM9] unknown packet ID 0x72; discarded 1 byte(s)
[23:08:05.167] BAD_PACKET[COM9] unknown packet ID 0x74; discarded 1 byte(s)
[23:08:05.168] BAD_PACKET[COM9] unknown packet ID 0x75; discarded 1 byte(s)
[23:08:05.168] BAD_PACKET[COM9] unknown packet ID 0x72; discarded 1 byte(s)
[23:08:05.169] BAD_PACKET[COM9] unknown packet ID 0x65; discarded 1 byte(s)
[23:08:05.169] BAD_PACKET[COM9] unknown packet ID 0x3a; discarded 1 byte(s)
[23:08:05.170] BAD_PACKET[COM9] unknown packet ID 0x20; discarded 1 byte(s)
[23:08:05.171] BAD_PACKET[COM9] unknown packet ID 0x53; discarded 1 byte(s)
[23:08:05.171] BAD_PACKET[COM9] unknown packet ID 0x65; discarded 1 byte(s)
[23:08:05.172] BAD_PACKET[COM9] unknown packet ID 0x6e; discarded 1 byte(s)
[23:08:05.173] BAD_PACKET[COM9] unknown packet ID 0x64; discarded 1 byte(s)
[23:08:05.173] BAD_PACKET[COM9] unknown packet ID 0x69; discarded 1 byte(s)
[23:08:05.174] BAD_PACKET[COM9] unknown packet ID 0x6e; discarded 1 byte(s)
[23:08:05.174] BAD_PACKET[COM9] unknown packet ID 0x67; discarded 1 byte(s)
[23:08:05.175] BAD_PACKET[COM9] unknown packet ID 0x20; discarded 1 byte(s)
[23:08:05.175] BAD_PACKET[COM9] unknown packet ID 0x63; discarded 1 byte(s)
[23:08:05.176] BAD_PACKET[COM9] unknown packet ID 0x6f; discarded 1 byte(s)
[23:08:05.176] BAD_PACKET[COM9] unknown packet ID 0x6d; discarded 1 byte(s)
[23:08:05.177] BAD_PACKET[COM9] unknown packet ID 0x6d; discarded 1 byte(s)
[23:08:05.177] BAD_PACKET[COM9] unknown packet ID 0x61; discarded 1 byte(s)
[23:08:05.177] BAD_PACKET[COM9] unknown packet ID 0x6e; discarded 1 byte(s)
[23:08:05.178] BAD_PACKET[COM9] unknown packet ID 0x64; discarded 1 byte(s)
[23:08:05.178] BAD_PACKET[COM9] unknown packet ID 0x20; discarded 1 byte(s)
[23:08:05.179] BAD_PACKET[COM9] unknown packet ID 0x74; discarded 1 byte(s)
[23:08:05.179] BAD_PACKET[COM9] unknown packet ID 0x6f; discarded 1 byte(s)
[23:08:05.180] BAD_PACKET[COM9] unknown packet ID 0x20; discarded 1 byte(s)
[23:08:05.180] BAD_PACKET[COM9] unknown packet ID 0x57; discarded 1 byte(s)
[23:08:05.181] BAD_PACKET[COM9] unknown packet ID 0x69; discarded 1 byte(s)
[23:08:05.182] BAD_PACKET[COM9] unknown packet ID 0x74; discarded 1 byte(s)
[23:08:05.182] BAD_PACKET[COM9] unknown packet ID 0x6e; discarded 1 byte(s)
[23:08:05.182] BAD_PACKET[COM9] unknown packet ID 0x65; discarded 1 byte(s)
[23:08:05.183] BAD_PACKET[COM9] unknown packet ID 0x73; discarded 1 byte(s)
[23:08:05.183] BAD_PACKET[COM9] unknown packet ID 0x73; discarded 1 byte(s)
[23:08:05.183] BAD_PACKET[COM9] unknown packet ID 0x0d; discarded 1 byte(s)
[23:08:05.184] BAD_PACKET[COM9] unknown packet ID 0x0a; discarded 1 byte(s)
[23:08:05.755] RX[COM9]  01
[23:08:05.756] RX[COM9]  6e 00 00 01 5b 60 00 62 2c 00 00 55 00 03 d0 ff fc 00 02 ff ff 0a
[23:08:05.757] PACKET[COM9] sensors: status=0b0110111000000000, uptime=88928, filtered_accel=[1.00528, 0.0034, 0.03904], gyro=[-0.28, 0.14, -0.07]
[23:08:05.983] RX[COM9]  02
[23:08:05.983] RX[COM9]  66 00 00 01 5c 5b 00 00 00 00 00 00 00 00 00 00 00 00 00 00 00 00 00 00 00 00 00 00 00 00 00 00 00 00 00 00 00 00 00 00 00 00 00 00 00 00 00 00 00 00 00 00 00 00 00 00 43 62 e9 c7 0c 64 0a
[23:08:05.985] PACKET[COM9] state: status=0b0110011000000000, uptime=89179, orientation=[0.0, 0.0, 0.0, 0.0], position=[0.0, 0.0, 0.0], velocity=[0.0, 0.0, 0.0], latitude=0.0, longitude=0.0, gps_altitude=0.0, barometric_altitude=226.913193, witness_battery_voltage=3.172
[23:08:06.045] RX[COM9]  03
[23:08:06.047] RX[COM9]  00 00 00 00 00 00 18 00 00 00 69 b7 00 00 00 0c 60 0a
[23:08:06.050] PACKET[COM9] camera: fc_status=0b0000000000000000, fc_uptime=0, status=0b0001100000000000, uptime=27063, current_sense=[0.0, 0.0, 0.0], iris_battery_voltage=3.168
[23:08:06.101] RX[COM9]  ff
[23:08:06.102] RX[COM9]  67 00 00 01 5c 5b 0a
[23:08:06.103] PACKET[COM9] heartbeat: status=0b0110011100000000, uptime=89179
[23:08:06.103] RX[COM9]  f0
[23:08:06.104] RX[COM9]  00 00 00 ea a3 00 00 00 00 00 00 0a
[23:08:06.105] PACKET[COM9] ground_station_status: rssi=0, uptime=60067, reserved=[0, 0, 0, 0, 0, 0]
[23:08:06.255] TX[COM9] CH2 On:  05 00 00 00 00 00 00 00 33 0a
[23:08:06.325] RX[COM9]  05
[23:08:06.325] RX[COM9]  00 00 00 00 00 00 00 33 0a 49 20 28 36 30 34 39 36 29 20 61 70 65 72 74 75 72 65 3a 20 53 65 6e 64 69 6e 67 20 63 6f 6d 6d 61 6e 64 20 74 6f 20 57 69 74 6e 65 73 73 0d 0a
[23:08:06.327] PACKET[COM9] command: status=0b0000000000000000, uptime=0, command_value=51
[23:08:06.327] BAD_PACKET[COM9] unknown packet ID 0x49; discarded 1 byte(s)
[23:08:06.327] BAD_PACKET[COM9] unknown packet ID 0x20; discarded 1 byte(s)
[23:08:06.328] BAD_PACKET[COM9] unknown packet ID 0x28; discarded 1 byte(s)
[23:08:06.328] BAD_PACKET[COM9] unknown packet ID 0x36; discarded 1 byte(s)
[23:08:06.328] BAD_PACKET[COM9] unknown packet ID 0x30; discarded 1 byte(s)
[23:08:06.328] BAD_PACKET[COM9] unknown packet ID 0x34; discarded 1 byte(s)
[23:08:06.329] BAD_PACKET[COM9] unknown packet ID 0x39; discarded 1 byte(s)
[23:08:06.329] BAD_PACKET[COM9] unknown packet ID 0x36; discarded 1 byte(s)
[23:08:06.330] BAD_PACKET[COM9] unknown packet ID 0x29; discarded 1 byte(s)
[23:08:06.330] BAD_PACKET[COM9] unknown packet ID 0x20; discarded 1 byte(s)
[23:08:06.330] BAD_PACKET[COM9] unknown packet ID 0x61; discarded 1 byte(s)
[23:08:06.331] BAD_PACKET[COM9] unknown packet ID 0x70; discarded 1 byte(s)
[23:08:06.331] BAD_PACKET[COM9] unknown packet ID 0x65; discarded 1 byte(s)
[23:08:06.331] BAD_PACKET[COM9] unknown packet ID 0x72; discarded 1 byte(s)
[23:08:06.332] BAD_PACKET[COM9] unknown packet ID 0x74; discarded 1 byte(s)
[23:08:06.332] BAD_PACKET[COM9] unknown packet ID 0x75; discarded 1 byte(s)
[23:08:06.332] BAD_PACKET[COM9] unknown packet ID 0x72; discarded 1 byte(s)
[23:08:06.333] BAD_PACKET[COM9] unknown packet ID 0x65; discarded 1 byte(s)
[23:08:06.333] BAD_PACKET[COM9] unknown packet ID 0x3a; discarded 1 byte(s)
[23:08:06.333] BAD_PACKET[COM9] unknown packet ID 0x20; discarded 1 byte(s)
[23:08:06.333] BAD_PACKET[COM9] unknown packet ID 0x53; discarded 1 byte(s)
[23:08:06.334] BAD_PACKET[COM9] unknown packet ID 0x65; discarded 1 byte(s)
[23:08:06.334] BAD_PACKET[COM9] unknown packet ID 0x6e; discarded 1 byte(s)
[23:08:06.334] BAD_PACKET[COM9] unknown packet ID 0x64; discarded 1 byte(s)
[23:08:06.335] BAD_PACKET[COM9] unknown packet ID 0x69; discarded 1 byte(s)
[23:08:06.335] BAD_PACKET[COM9] unknown packet ID 0x6e; discarded 1 byte(s)
[23:08:06.335] BAD_PACKET[COM9] unknown packet ID 0x67; discarded 1 byte(s)
[23:08:06.336] BAD_PACKET[COM9] unknown packet ID 0x20; discarded 1 byte(s)
[23:08:06.336] BAD_PACKET[COM9] unknown packet ID 0x63; discarded 1 byte(s)
[23:08:06.336] BAD_PACKET[COM9] unknown packet ID 0x6f; discarded 1 byte(s)
[23:08:06.337] BAD_PACKET[COM9] unknown packet ID 0x6d; discarded 1 byte(s)
[23:08:06.337] BAD_PACKET[COM9] unknown packet ID 0x6d; discarded 1 byte(s)
[23:08:06.337] BAD_PACKET[COM9] unknown packet ID 0x61; discarded 1 byte(s)
[23:08:06.338] BAD_PACKET[COM9] unknown packet ID 0x6e; discarded 1 byte(s)
[23:08:06.339] BAD_PACKET[COM9] unknown packet ID 0x64; discarded 1 byte(s)
[23:08:06.339] BAD_PACKET[COM9] unknown packet ID 0x20; discarded 1 byte(s)
[23:08:06.339] BAD_PACKET[COM9] unknown packet ID 0x74; discarded 1 byte(s)
[23:08:06.340] BAD_PACKET[COM9] unknown packet ID 0x6f; discarded 1 byte(s)
[23:08:06.340] BAD_PACKET[COM9] unknown packet ID 0x20; discarded 1 byte(s)
[23:08:06.341] BAD_PACKET[COM9] unknown packet ID 0x57; discarded 1 byte(s)
[23:08:06.341] BAD_PACKET[COM9] unknown packet ID 0x69; discarded 1 byte(s)
[23:08:06.342] BAD_PACKET[COM9] unknown packet ID 0x74; discarded 1 byte(s)
[23:08:06.342] BAD_PACKET[COM9] unknown packet ID 0x6e; discarded 1 byte(s)
[23:08:06.342] BAD_PACKET[COM9] unknown packet ID 0x65; discarded 1 byte(s)
[23:08:06.343] BAD_PACKET[COM9] unknown packet ID 0x73; discarded 1 byte(s)
[23:08:06.343] BAD_PACKET[COM9] unknown packet ID 0x73; discarded 1 byte(s)
[23:08:06.344] BAD_PACKET[COM9] unknown packet ID 0x0d; discarded 1 byte(s)
[23:08:06.344] BAD_PACKET[COM9] unknown packet ID 0x0a; discarded 1 byte(s)
[23:08:06.751] RX[COM9]  01
[23:08:06.752] RX[COM9]  67 00 00 01 5f 48 00 62 20 00 00 55 00 03 ab ff fc 00 02 ff ff 0a
[23:08:06.753] PACKET[COM9] sensors: status=0b0110011100000000, uptime=89928, filtered_accel=[1.0048, 0.0034, 0.03756], gyro=[-0.28, 0.14, -0.07]
[23:08:06.971] RX[COM9]  02
[23:08:06.972] RX[COM9]  6f 00 00 01 60 43 00 00 00 00 00 00 00 00 00 00 00 00 00 00 00 00 00 00 00 00 00 00 00 00 00 00 00 00 00 00 00 00 00 00 00 00 00 00 00 00 00 00 00 00 00 00 00 00 00 00 43 62 a8 2a 0c 60 0a
[23:08:06.975] PACKET[COM9] state: status=0b0110111100000000, uptime=90179, orientation=[0.0, 0.0, 0.0, 0.0], position=[0.0, 0.0, 0.0], velocity=[0.0, 0.0, 0.0], latitude=0.0, longitude=0.0, gps_altitude=0.0, barometric_altitude=226.656891, witness_battery_voltage=3.168
[23:08:07.027] RX[COM9]  03
[23:08:07.028] RX[COM9]  00 00 00 00 00 00 18 00 00 00 6d 9f 00 00 00 0c 60 0a
[23:08:07.029] PACKET[COM9] camera: fc_status=0b0000000000000000, fc_uptime=0, status=0b0001100000000000, uptime=28063, current_sense=[0.0, 0.0, 0.0], iris_battery_voltage=3.168
[23:08:07.086] RX[COM9]  ff
[23:08:07.089] RX[COM9]  6e 00 00 01 60 43 0a
[23:08:07.091] PACKET[COM9] heartbeat: status=0b0110111000000000, uptime=90179
[23:08:07.091] RX[COM9]  f0
[23:08:07.092] RX[COM9]  00 00 00 ee 8b 00 00 00 00 00 00 0a
[23:08:07.092] PACKET[COM9] ground_station_status: rssi=0, uptime=61067, reserved=[0, 0, 0, 0, 0, 0]
[23:08:07.714] RX[COM9]  01
[23:08:07.715] RX[COM9]  6e 00 00 01 63 30 00 62 2c 00 00 3d 00 03 f5 ff fc 00 02 ff ff 0a
[23:08:07.717] PACKET[COM9] sensors: status=0b0110111000000000, uptime=90928, filtered_accel=[1.00528, 0.00244, 0.04052], gyro=[-0.28, 0.14, -0.07]
[23:08:08.003] RX[COM9]  02
[23:08:08.004] RX[COM9]  66 00 00 01 64 2b 00 00 00 00 00 00 00 00 00 00 00 00 00 00 00 00 00 00 00 00 00 00 00 00 00 00 00 00 00 00 00 00 00 00 00 00 00 00 00 00 00 00 00 00 00 00 00 00 00 00 43 62 a8 2a 0c 60 0a
[23:08:08.005] PACKET[COM9] state: status=0b0110011000000000, uptime=91179, orientation=[0.0, 0.0, 0.0, 0.0], position=[0.0, 0.0, 0.0], velocity=[0.0, 0.0, 0.0], latitude=0.0, longitude=0.0, gps_altitude=0.0, barometric_altitude=226.656891, witness_battery_voltage=3.168
[23:08:08.006] RX[COM9]  03
[23:08:08.006] RX[COM9]  00 00 00 00 00 00 18 00 00 00 71 87 00 00 00 0c 58 0a
[23:08:08.008] PACKET[COM9] camera: fc_status=0b0000000000000000, fc_uptime=0, status=0b0001100000000000, uptime=29063, current_sense=[0.0, 0.0, 0.0], iris_battery_voltage=3.16
[23:08:08.068] RX[COM9]  ff
[23:08:08.072] RX[COM9]  67 00 00 01 64 2b 0a
[23:08:08.073] PACKET[COM9] heartbeat: status=0b0110011100000000, uptime=91179
[23:08:08.101] TX[COM9] CH3 On:  05 00 00 00 00 00 00 00 35 0a
[23:08:08.132] RX[COM9]  f0
[23:08:08.135] RX[COM9]  00 00 00 f2 73 00 00 00 00 00 00 0a
[23:08:08.140] PACKET[COM9] ground_station_status: rssi=0, uptime=62067, reserved=[0, 0, 0, 0, 0, 0]
[23:08:08.141] RX[COM9]  05
[23:08:08.142] RX[COM9]  00 00 00 00 00 00 00 35
[23:08:08.143] RX[COM9]  0a
[23:08:08.144] PACKET[COM9] command: status=0b0000000000000000, uptime=0, command_value=53
[23:08:08.144] RX[COM9]  49
[23:08:08.145] BAD_PACKET[COM9] unknown packet ID 0x49; discarded 1 byte(s)
[23:08:08.145] RX[COM9]  20 28 36 32 33 33 36 29 20 61 70 65 72 74 75 72 65 3a 20 53 65 6e 64 69 6e 67 20 63 6f 6d 6d 61 6e 64 20 74 6f 20 57 69 74 6e 65 73 73 0d 0a
[23:08:08.145] BAD_PACKET[COM9] unknown packet ID 0x20; discarded 1 byte(s)
[23:08:08.145] BAD_PACKET[COM9] unknown packet ID 0x28; discarded 1 byte(s)
[23:08:08.146] BAD_PACKET[COM9] unknown packet ID 0x36; discarded 1 byte(s)
[23:08:08.146] BAD_PACKET[COM9] unknown packet ID 0x32; discarded 1 byte(s)
[23:08:08.147] BAD_PACKET[COM9] unknown packet ID 0x33; discarded 1 byte(s)
[23:08:08.148] BAD_PACKET[COM9] unknown packet ID 0x33; discarded 1 byte(s)
[23:08:08.149] BAD_PACKET[COM9] unknown packet ID 0x36; discarded 1 byte(s)
[23:08:08.149] BAD_PACKET[COM9] unknown packet ID 0x29; discarded 1 byte(s)
[23:08:08.149] BAD_PACKET[COM9] unknown packet ID 0x20; discarded 1 byte(s)
[23:08:08.150] BAD_PACKET[COM9] unknown packet ID 0x61; discarded 1 byte(s)
[23:08:08.150] BAD_PACKET[COM9] unknown packet ID 0x70; discarded 1 byte(s)
[23:08:08.151] BAD_PACKET[COM9] unknown packet ID 0x65; discarded 1 byte(s)
[23:08:08.151] BAD_PACKET[COM9] unknown packet ID 0x72; discarded 1 byte(s)
[23:08:08.151] BAD_PACKET[COM9] unknown packet ID 0x74; discarded 1 byte(s)
[23:08:08.152] BAD_PACKET[COM9] unknown packet ID 0x75; discarded 1 byte(s)
[23:08:08.152] BAD_PACKET[COM9] unknown packet ID 0x72; discarded 1 byte(s)
[23:08:08.153] BAD_PACKET[COM9] unknown packet ID 0x65; discarded 1 byte(s)
[23:08:08.153] BAD_PACKET[COM9] unknown packet ID 0x3a; discarded 1 byte(s)
[23:08:08.153] BAD_PACKET[COM9] unknown packet ID 0x20; discarded 1 byte(s)
[23:08:08.154] BAD_PACKET[COM9] unknown packet ID 0x53; discarded 1 byte(s)
[23:08:08.154] BAD_PACKET[COM9] unknown packet ID 0x65; discarded 1 byte(s)
[23:08:08.154] BAD_PACKET[COM9] unknown packet ID 0x6e; discarded 1 byte(s)
[23:08:08.155] BAD_PACKET[COM9] unknown packet ID 0x64; discarded 1 byte(s)
[23:08:08.155] BAD_PACKET[COM9] unknown packet ID 0x69; discarded 1 byte(s)
[23:08:08.156] BAD_PACKET[COM9] unknown packet ID 0x6e; discarded 1 byte(s)
[23:08:08.156] BAD_PACKET[COM9] unknown packet ID 0x67; discarded 1 byte(s)
[23:08:08.156] BAD_PACKET[COM9] unknown packet ID 0x20; discarded 1 byte(s)
[23:08:08.157] BAD_PACKET[COM9] unknown packet ID 0x63; discarded 1 byte(s)
[23:08:08.157] BAD_PACKET[COM9] unknown packet ID 0x6f; discarded 1 byte(s)
[23:08:08.158] BAD_PACKET[COM9] unknown packet ID 0x6d; discarded 1 byte(s)
[23:08:08.158] BAD_PACKET[COM9] unknown packet ID 0x6d; discarded 1 byte(s)
[23:08:08.159] BAD_PACKET[COM9] unknown packet ID 0x61; discarded 1 byte(s)
[23:08:08.159] BAD_PACKET[COM9] unknown packet ID 0x6e; discarded 1 byte(s)
[23:08:08.159] BAD_PACKET[COM9] unknown packet ID 0x64; discarded 1 byte(s)
[23:08:08.160] BAD_PACKET[COM9] unknown packet ID 0x20; discarded 1 byte(s)
[23:08:08.160] BAD_PACKET[COM9] unknown packet ID 0x74; discarded 1 byte(s)
[23:08:08.161] BAD_PACKET[COM9] unknown packet ID 0x6f; discarded 1 byte(s)
[23:08:08.161] BAD_PACKET[COM9] unknown packet ID 0x20; discarded 1 byte(s)
[23:08:08.162] BAD_PACKET[COM9] unknown packet ID 0x57; discarded 1 byte(s)
[23:08:08.163] BAD_PACKET[COM9] unknown packet ID 0x69; discarded 1 byte(s)
[23:08:08.163] BAD_PACKET[COM9] unknown packet ID 0x74; discarded 1 byte(s)
[23:08:08.164] BAD_PACKET[COM9] unknown packet ID 0x6e; discarded 1 byte(s)
[23:08:08.165] BAD_PACKET[COM9] unknown packet ID 0x65; discarded 1 byte(s)
[23:08:08.166] BAD_PACKET[COM9] unknown packet ID 0x73; discarded 1 byte(s)
[23:08:08.166] BAD_PACKET[COM9] unknown packet ID 0x73; discarded 1 byte(s)
[23:08:08.167] BAD_PACKET[COM9] unknown packet ID 0x0d; discarded 1 byte(s)
[23:08:08.167] BAD_PACKET[COM9] unknown packet ID 0x0a; discarded 1 byte(s)
[23:08:08.725] RX[COM9]  01
[23:08:08.726] RX[COM9]  67 00 00 01 67 18 00 62 38 00 00 31 00 03 87 ff fd 00 01 ff ff 0a
[23:08:08.728] PACKET[COM9] sensors: status=0b0110011100000000, uptime=91928, filtered_accel=[1.00576, 0.00196, 0.03612], gyro=[-0.21, 0.07, -0.07]
[23:08:08.953] RX[COM9]  02
[23:08:08.953] RX[COM9]  6f 00 00 01 68 13 00 00 00 00 00 00 00 00 00 00 00 00 00 00 00 00 00 00 00 00 00 00 00 00 00 00 00 00 00 00 00 00 00 00 00 00 00 00 00 00 00 00 00 00 00 00 00 00 00 00 43 63 15 12 0c 68 0a
[23:08:08.955] PACKET[COM9] state: status=0b0110111100000000, uptime=92179, orientation=[0.0, 0.0, 0.0, 0.0], position=[0.0, 0.0, 0.0], velocity=[0.0, 0.0, 0.0], latitude=0.0, longitude=0.0, gps_altitude=0.0, barometric_altitude=227.082306, witness_battery_voltage=3.176
[23:08:09.015] RX[COM9]  03
[23:08:09.016] RX[COM9]  00 00 00 00 00 00 38 00 00 00 75 6f 00 00 00 0c 58 0a
[23:08:09.019] PACKET[COM9] camera: fc_status=0b0000000000000000, fc_uptime=0, status=0b0011100000000000, uptime=30063, current_sense=[0.0, 0.0, 0.0], iris_battery_voltage=3.16
[23:08:09.070] RX[COM9]  ff
[23:08:09.070] RX[COM9]  6e 00 00 01 68 13 0a
[23:08:09.072] PACKET[COM9] heartbeat: status=0b0110111000000000, uptime=92179
[23:08:09.128] RX[COM9]  f0
[23:08:09.130] RX[COM9]  00 00 00 f6 5b 00 00 00 00 00 00 0a
[23:08:09.132] PACKET[COM9] ground_station_status: rssi=0, uptime=63067, reserved=[0, 0, 0, 0, 0, 0]
[23:08:09.730] RX[COM9]  01
[23:08:09.731] RX[COM9]  6e 00 00 01 6b 00 00 62 2c 00 00 31 00 03 ab ff fc 00 03 ff ff 0a
[23:08:09.734] PACKET[COM9] sensors: status=0b0110111000000000, uptime=92928, filtered_accel=[1.00528, 0.00196, 0.03756], gyro=[-0.28, 0.21, -0.07]
[23:08:09.945] RX[COM9]  02
[23:08:09.946] RX[COM9]  6e 00 00 01 6b fb 00 00 00 00 00 00 00 00 00 00 00 00 00 00 00 00 00 00 00 00 00 00 00 00 00 00 00 00 00 00 00 00 00 00 00 00 00 00 00 00 00 00 00 00 00 00 00 00 00 00 43 62 a8 2a 0c 68 0a
[23:08:09.947] PACKET[COM9] state: status=0b0110111000000000, uptime=93179, orientation=[0.0, 0.0, 0.0, 0.0], position=[0.0, 0.0, 0.0], velocity=[0.0, 0.0, 0.0], latitude=0.0, longitude=0.0, gps_altitude=0.0, barometric_altitude=226.656891, witness_battery_voltage=3.176
[23:08:10.052] RX[COM9]  03
[23:08:10.054] RX[COM9]  00 00 00 00 00 00 38 00 00 00 79 57 00 00 00 0c 60 0a
[23:08:10.058] PACKET[COM9] camera: fc_status=0b0000000000000000, fc_uptime=0, status=0b0011100000000000, uptime=31063, current_sense=[0.0, 0.0, 0.0], iris_battery_voltage=3.168
[23:08:10.108] RX[COM9]  ff
[23:08:10.109] RX[COM9]  6f 00 00 01 6b fb 0a
[23:08:10.111] PACKET[COM9] heartbeat: status=0b0110111100000000, uptime=93179
[23:08:10.111] RX[COM9]  f0
[23:08:10.112] RX[COM9]  00 00 00 fa 43 00 00 00 00 00 00 0a
[23:08:10.114] PACKET[COM9] ground_station_status: rssi=0, uptime=64067, reserved=[0, 0, 0, 0, 0, 0]
[23:08:10.750] RX[COM9]  01
[23:08:10.751] RX[COM9]  67 00 00 01 6e e8 00 62 14 00 00 6e 00 03 d0 ff fc 00 00 ff fe 0a
[23:08:10.753] PACKET[COM9] sensors: status=0b0110011100000000, uptime=93928, filtered_accel=[1.00432, 0.0044, 0.03904], gyro=[-0.28, 0.0, -0.14]
[23:08:10.994] RX[COM9]  02
[23:08:10.995] RX[COM9]  67 00 00 01 6f e3 00 00 00 00 00 00 00 00 00 00 00 00 00 00 00 00 00 00 00 00 00 00 00 00 00 00 00 00 00 00 00 00 00 00 00 00 00 00 00 00 00 00 00 00 00 00 00 00 00 00 43 62 ff 6d 0c 68 0a
[23:08:10.998] PACKET[COM9] state: status=0b0110011100000000, uptime=94179, orientation=[0.0, 0.0, 0.0, 0.0], position=[0.0, 0.0, 0.0], velocity=[0.0, 0.0, 0.0], latitude=0.0, longitude=0.0, gps_altitude=0.0, barometric_altitude=226.997757, witness_battery_voltage=3.176
[23:08:11.057] RX[COM9]  03
[23:08:11.058] RX[COM9]  00 00 00 00 00 00 38 00 00 00 7d 3f 00 00 00 0c 58 0a
[23:08:11.061] PACKET[COM9] camera: fc_status=0b0000000000000000, fc_uptime=0, status=0b0011100000000000, uptime=32063, current_sense=[0.0, 0.0, 0.0], iris_battery_voltage=3.16
[23:08:11.121] RX[COM9]  ff
[23:08:11.123] RX[COM9]  66 00 00 01 6f e3 0a
[23:08:11.124] PACKET[COM9] heartbeat: status=0b0110011000000000, uptime=94179
[23:08:11.125] RX[COM9]  f0
[23:08:11.125] RX[COM9]  00 00 00 fe 2b 00 00 00 00 00 00 0a
[23:08:11.126] PACKET[COM9] ground_station_status: rssi=0, uptime=65067, reserved=[0, 0, 0, 0, 0, 0]
[23:08:11.732] RX[COM9]  01
[23:08:11.734] RX[COM9]  6e 00 00 01 72 d0 00 62 20 00 00 3d 00 03 9f ff fc 00 02 ff fe 0a
[23:08:11.736] PACKET[COM9] sensors: status=0b0110111000000000, uptime=94928, filtered_accel=[1.0048, 0.00244, 0.03708], gyro=[-0.28, 0.14, -0.14]
[23:08:11.973] RX[COM9]  02
[23:08:11.974] RX[COM9]  6e 00 00 01 73 cb 00 00 00 00 00 00 00 00 00 00 00 00 00 00 00 00 00 00 00 00 00 00 00 00 00 00 00 00 00 00 00 00 00 00 00 00 00 00 00 00 00 00 00 00 00 00 00 00 00 00 43 62 e9 c7 0c 64 0a
[23:08:11.975] PACKET[COM9] state: status=0b0110111000000000, uptime=95179, orientation=[0.0, 0.0, 0.0, 0.0], position=[0.0, 0.0, 0.0], velocity=[0.0, 0.0, 0.0], latitude=0.0, longitude=0.0, gps_altitude=0.0, barometric_altitude=226.913193, witness_battery_voltage=3.172
[23:08:12.038] RX[COM9]  03
[23:08:12.039] RX[COM9]  00 00 00 00 00 00 38 00 00 00 81 27 00 00 00 0c 58 0a
[23:08:12.042] PACKET[COM9] camera: fc_status=0b0000000000000000, fc_uptime=0, status=0b0011100000000000, uptime=33063, current_sense=[0.0, 0.0, 0.0], iris_battery_voltage=3.16
[23:08:12.102] RX[COM9]  ff
[23:08:12.103] RX[COM9]  6f 00 00 01 73 cb 0a
[23:08:12.105] PACKET[COM9] heartbeat: status=0b0110111100000000, uptime=95179
[23:08:12.106] RX[COM9]  f0
[23:08:12.107] RX[COM9]  00 00 01 02 13 00 00 00 00 00 00 0a
[23:08:12.108] PACKET[COM9] ground_station_status: rssi=0, uptime=66067, reserved=[0, 0, 0, 0, 0, 0]
[23:08:12.749] RX[COM9]  01
[23:08:12.751] RX[COM9]  6f 00 00 01 76 b8 00 62 20 00 00 3d 00 03 93 ff fc 00 02 ff ff 0a
[23:08:12.752] PACKET[COM9] sensors: status=0b0110111100000000, uptime=95928, filtered_accel=[1.0048, 0.00244, 0.0366], gyro=[-0.28, 0.14, -0.07]
[23:08:12.994] RX[COM9]  02
[23:08:12.995] RX[COM9]  67 00 00 01 77 b3 00 00 00 00 00 00 00 00 00 00 00 00 00 00 00 00 00 00 00 00 00 00 00 00 00 00 00 00 00 00 00 00 00 00 00 00 00 00 00 00 00 00 00 00 00 00 00 00 00 00 43 63 2a b7 0c 64 0a
[23:08:12.997] PACKET[COM9] state: status=0b0110011100000000, uptime=96179, orientation=[0.0, 0.0, 0.0, 0.0], position=[0.0, 0.0, 0.0], velocity=[0.0, 0.0, 0.0], latitude=0.0, longitude=0.0, gps_altitude=0.0, barometric_altitude=227.166855, witness_battery_voltage=3.172
[23:08:13.057] RX[COM9]  03
[23:08:13.059] RX[COM9]  00 00 00 00 00 00 38 00 00 00 85 0f 00 00 00 0c 58 0a
[23:08:13.060] PACKET[COM9] camera: fc_status=0b0000000000000000, fc_uptime=0, status=0b0011100000000000, uptime=34063, current_sense=[0.0, 0.0, 0.0], iris_battery_voltage=3.16
[23:08:13.123] RX[COM9]  ff
[23:08:13.124] RX[COM9]  66 00 00 01 77 b3 0a
[23:08:13.127] PACKET[COM9] heartbeat: status=0b0110011000000000, uptime=96179
[23:08:13.127] RX[COM9]  f0
[23:08:13.128] RX[COM9]  00 00 01 05 fb 00 00 00 00 00 00 0a
[23:08:13.129] PACKET[COM9] ground_station_status: rssi=0, uptime=67067, reserved=[0, 0, 0, 0, 0, 0]
[23:08:13.757] RX[COM9]  01
[23:08:13.759] RX[COM9]  66 00 00 01 7a a0 00 62 2c 00 00 3d 00 03 c4 ff fc 00 02 ff fe 0a
[23:08:13.761] PACKET[COM9] sensors: status=0b0110011000000000, uptime=96928, filtered_accel=[1.00528, 0.00244, 0.03856], gyro=[-0.28, 0.14, -0.14]
[23:08:13.946] RX[COM9]  02
[23:08:13.948] RX[COM9]  6e 00 00 01 7b 9b 00 00 00 00 00 00 00 00 00 00 00 00 00 00 00 00 00 00 00 00 00 00 00 00 00 00 00 00 00 00 00 00 00 00 00 00 00 00 00 00 00 00 00 00 00 00 00 00 00 00 43 62 92 85 0c 64 0a
[23:08:13.950] PACKET[COM9] state: status=0b0110111000000000, uptime=97179, orientation=[0.0, 0.0, 0.0, 0.0], position=[0.0, 0.0, 0.0], velocity=[0.0, 0.0, 0.0], latitude=0.0, longitude=0.0, gps_altitude=0.0, barometric_altitude=226.572342, witness_battery_voltage=3.172
[23:08:14.010] RX[COM9]  03
[23:08:14.012] RX[COM9]  00 00 00 00 00 00 38 00 00 00 88 f7 00 00 00 0c 60 0a
[23:08:14.017] PACKET[COM9] camera: fc_status=0b0000000000000000, fc_uptime=0, status=0b0011100000000000, uptime=35063, current_sense=[0.0, 0.0, 0.0], iris_battery_voltage=3.168
[23:08:14.074] RX[COM9]  ff
[23:08:14.076] RX[COM9]  6f 00 00 01 7b 9b 0a
[23:08:14.079] PACKET[COM9] heartbeat: status=0b0110111100000000, uptime=97179
[23:08:14.079] RX[COM9]  f0
[23:08:14.080] RX[COM9]  00 00 01 09 e3 00 00 00 00 00 00 0a
[23:08:14.081] PACKET[COM9] ground_station_status: rssi=0, uptime=68067, reserved=[0, 0, 0, 0, 0, 0]
[23:08:14.747] RX[COM9]  01
[23:08:14.752] RX[COM9]  6f 00 00 01 7e 88 00 61 ef 00 03 4a 00 02 f4 fc ee 00 1c ff cd 0a
[23:08:14.754] PACKET[COM9] sensors: status=0b0110111100000000, uptime=97928, filtered_accel=[1.00284, 0.03368, 0.03024], gyro=[-55.02, 1.96, -3.57]
[23:08:15.003] RX[COM9]  02
[23:08:15.004] RX[COM9]  67 00 00 01 7f 83 00 00 00 00 00 00 00 00 00 00 00 00 00 00 00 00 00 00 00 00 00 00 00 00 00 00 00 00 00 00 00 00 00 00 00 00 00 00 00 00 00 00 00 00 00 00 00 00 00 00 43 62 e9 c7 0c 64 0a
[23:08:15.008] PACKET[COM9] state: status=0b0110011100000000, uptime=98179, orientation=[0.0, 0.0, 0.0, 0.0], position=[0.0, 0.0, 0.0], velocity=[0.0, 0.0, 0.0], latitude=0.0, longitude=0.0, gps_altitude=0.0, barometric_altitude=226.913193, witness_battery_voltage=3.172
[23:08:15.009] RX[COM9]  03
[23:08:15.010] RX[COM9]  00 00 00 00 00 00 38 00 00 00 8c df 00 00 00 0c 60 0a
[23:08:15.012] PACKET[COM9] camera: fc_status=0b0000000000000000, fc_uptime=0, status=0b0011100000000000, uptime=36063, current_sense=[0.0, 0.0, 0.0], iris_battery_voltage=3.168
[23:08:15.067] RX[COM9]  ff
[23:08:15.072] RX[COM9]  66 00 00 01 7f 83 0a
[23:08:15.074] PACKET[COM9] heartbeat: status=0b0110011000000000, uptime=98179
[23:08:15.075] RX[COM9]  f0
[23:08:15.076] RX[COM9]  00 00 01 0d cb 00 00 00 00 00 00 0a
[23:08:15.077] PACKET[COM9] ground_station_status: rssi=0, uptime=69067, reserved=[0, 0, 0, 0, 0, 0]
[23:08:15.743] RX[COM9]  01
[23:08:15.744] RX[COM9]  66 00 00 01 82 70 00 62 38 00 01 00 00 03 25 00 08 00 00 ff fd 0a
[23:08:15.746] PACKET[COM9] sensors: status=0b0110011000000000, uptime=98928, filtered_accel=[1.00576, 0.01024, 0.0322], gyro=[0.56, 0.0, -0.21]
[23:08:16.001] RX[COM9]  02
[23:08:16.003] RX[COM9]  6e 00 00 01 83 6b 00 00 00 00 00 00 00 00 00 00 00 00 00 00 00 00 00 00 00 00 00 00 00 00 00 00 00 00 00 00 00 00 00 00 00 00 00 00 00 00 00 00 00 00 00 00 00 00 00 00 43 62 7c 33 0c 64 0a
[23:08:16.006] PACKET[COM9] state: status=0b0110111000000000, uptime=99179, orientation=[0.0, 0.0, 0.0, 0.0], position=[0.0, 0.0, 0.0], velocity=[0.0, 0.0, 0.0], latitude=0.0, longitude=0.0, gps_altitude=0.0, barometric_altitude=226.485153, witness_battery_voltage=3.172
[23:08:16.008] RX[COM9]  03
[23:08:16.010] RX[COM9]  00 00 00 00 00 00 38 00 00 00 90 c7 00 00 00 0c 58 0a
[23:08:16.013] PACKET[COM9] camera: fc_status=0b0000000000000000, fc_uptime=0, status=0b0011100000000000, uptime=37063, current_sense=[0.0, 0.0, 0.0], iris_battery_voltage=3.16
[23:08:16.078] RX[COM9]  ff
[23:08:16.079] RX[COM9]  6f 00 00 01 83 6b 0a
[23:08:16.081] PACKET[COM9] heartbeat: status=0b0110111100000000, uptime=99179
[23:08:16.081] RX[COM9]  f0
[23:08:16.082] RX[COM9]  00 00 01 11 b3 00 00 00 00 00 00 0a
[23:08:16.083] PACKET[COM9] ground_station_status: rssi=0, uptime=70067, reserved=[0, 0, 0, 0, 0, 0]
[23:08:16.753] RX[COM9]  01
[23:08:16.756] RX[COM9]  6f 00 00 01 86 58 00 62 20 00 00 7a 00 03 19 ff fc 00 02 ff fe 0a
[23:08:16.758] PACKET[COM9] sensors: status=0b0110111100000000, uptime=99928, filtered_accel=[1.0048, 0.00488, 0.03172], gyro=[-0.28, 0.14, -0.14]
[23:08:16.993] RX[COM9]  02
[23:08:16.994] RX[COM9]  67 00 00 01 87 53 00 00 00 00 00 00 00 00 00 00 00 00 00 00 00 00 00 00 00 00 00 00 00 00 00 00 00 00 00 00 00 00 00 00 00 00 00 00 00 00 00 00 00 00 00 00 00 00 00 00 43 62 ff 6d 0c 64 0a
[23:08:16.996] PACKET[COM9] state: status=0b0110011100000000, uptime=100179, orientation=[0.0, 0.0, 0.0, 0.0], position=[0.0, 0.0, 0.0], velocity=[0.0, 0.0, 0.0], latitude=0.0, longitude=0.0, gps_altitude=0.0, barometric_altitude=226.997757, witness_battery_voltage=3.172
[23:08:17.058] RX[COM9]  03
[23:08:17.062] RX[COM9]  00 00 00 00 00 00 38 00 00 00 94 af 00 00 00 0c 58 0a
[23:08:17.064] PACKET[COM9] camera: fc_status=0b0000000000000000, fc_uptime=0, status=0b0011100000000000, uptime=38063, current_sense=[0.0, 0.0, 0.0], iris_battery_voltage=3.16
[23:08:17.121] RX[COM9]  ff
[23:08:17.122] RX[COM9]  66 00 00 01 87 53 0a
[23:08:17.126] PACKET[COM9] heartbeat: status=0b0110011000000000, uptime=100179
[23:08:17.126] RX[COM9]  f0
[23:08:17.127] RX[COM9]  00 00 01 15 9b 00 00 00 00 00 00 0a
[23:08:17.128] PACKET[COM9] ground_station_status: rssi=0, uptime=71067, reserved=[0, 0, 0, 0, 0, 0]
[23:08:17.747] RX[COM9]  01
[23:08:17.748] RX[COM9]  66 00 00 01 8a 40 00 62 2c 00 00 7a 00 03 4a ff fc 00 02 ff ff 0a
[23:08:17.750] PACKET[COM9] sensors: status=0b0110011000000000, uptime=100928, filtered_accel=[1.00528, 0.00488, 0.03368], gyro=[-0.28, 0.14, -0.07]
[23:08:17.990] RX[COM9]  02
[23:08:17.991] RX[COM9]  6e 00 00 01 8b 3b 00 00 00 00 00 00 00 00 00 00 00 00 00 00 00 00 00 00 00 00 00 00 00 00 00 00 00 00 00 00 00 00 00 00 00 00 00 00 00 00 00 00 00 00 00 00 00 00 00 00 43 62 7c 33 0c 60 0a
[23:08:17.992] PACKET[COM9] state: status=0b0110111000000000, uptime=101179, orientation=[0.0, 0.0, 0.0, 0.0], position=[0.0, 0.0, 0.0], velocity=[0.0, 0.0, 0.0], latitude=0.0, longitude=0.0, gps_altitude=0.0, barometric_altitude=226.485153, witness_battery_voltage=3.168
[23:08:18.046] RX[COM9]  03
[23:08:18.046] RX[COM9]  00 00 00 00 00 00 38 00 00 00 98 97 00 00 00 0c 60 0a
[23:08:18.048] PACKET[COM9] camera: fc_status=0b0000000000000000, fc_uptime=0, status=0b0011100000000000, uptime=39063, current_sense=[0.0, 0.0, 0.0], iris_battery_voltage=3.168
[23:08:18.103] RX[COM9]  ff
[23:08:18.104] RX[COM9]  6f 00 00 01 8b 3b 0a
[23:08:18.107] PACKET[COM9] heartbeat: status=0b0110111100000000, uptime=101179
[23:08:18.107] RX[COM9]  f0
[23:08:18.108] RX[COM9]  00 00 01 19 83 00 00 00 00 00 00 0a
[23:08:18.109] PACKET[COM9] ground_station_status: rssi=0, uptime=72067, reserved=[0, 0, 0, 0, 0, 0]
[23:08:18.226] TX[COM9] 5V Reg On:  05 00 00 00 00 00 00 00 51 0a
[23:08:18.280] RX[COM9]  05
[23:08:18.282] RX[COM9]  00 00 00 00 00 00 00 51 0a
[23:08:18.283] PACKET[COM9] command: status=0b0000000000000000, uptime=0, command_value=81
[23:08:18.284] RX[COM9]  49
[23:08:18.284] BAD_PACKET[COM9] unknown packet ID 0x49; discarded 1 byte(s)
[23:08:18.284] RX[COM9]  20 28 37 32 34 36 36 29 20 61 70 65 72 74 75 72 65 3a 20 53 65 6e 64 69 6e 67 20 63 6f 6d 6d 61 6e 64 20 74 6f 20 57 69 74 6e 65 73 73 0d 0a
[23:08:18.285] BAD_PACKET[COM9] unknown packet ID 0x20; discarded 1 byte(s)
[23:08:18.285] BAD_PACKET[COM9] unknown packet ID 0x28; discarded 1 byte(s)
[23:08:18.285] BAD_PACKET[COM9] unknown packet ID 0x37; discarded 1 byte(s)
[23:08:18.286] BAD_PACKET[COM9] unknown packet ID 0x32; discarded 1 byte(s)
[23:08:18.286] BAD_PACKET[COM9] unknown packet ID 0x34; discarded 1 byte(s)
[23:08:18.287] BAD_PACKET[COM9] unknown packet ID 0x36; discarded 1 byte(s)
[23:08:18.287] BAD_PACKET[COM9] unknown packet ID 0x36; discarded 1 byte(s)
[23:08:18.287] BAD_PACKET[COM9] unknown packet ID 0x29; discarded 1 byte(s)
[23:08:18.288] BAD_PACKET[COM9] unknown packet ID 0x20; discarded 1 byte(s)
[23:08:18.288] BAD_PACKET[COM9] unknown packet ID 0x61; discarded 1 byte(s)
[23:08:18.288] BAD_PACKET[COM9] unknown packet ID 0x70; discarded 1 byte(s)
[23:08:18.289] BAD_PACKET[COM9] unknown packet ID 0x65; discarded 1 byte(s)
[23:08:18.289] BAD_PACKET[COM9] unknown packet ID 0x72; discarded 1 byte(s)
[23:08:18.290] BAD_PACKET[COM9] unknown packet ID 0x74; discarded 1 byte(s)
[23:08:18.290] BAD_PACKET[COM9] unknown packet ID 0x75; discarded 1 byte(s)
[23:08:18.290] BAD_PACKET[COM9] unknown packet ID 0x72; discarded 1 byte(s)
[23:08:18.291] BAD_PACKET[COM9] unknown packet ID 0x65; discarded 1 byte(s)
[23:08:18.291] BAD_PACKET[COM9] unknown packet ID 0x3a; discarded 1 byte(s)
[23:08:18.291] BAD_PACKET[COM9] unknown packet ID 0x20; discarded 1 byte(s)
[23:08:18.292] BAD_PACKET[COM9] unknown packet ID 0x53; discarded 1 byte(s)
[23:08:18.292] BAD_PACKET[COM9] unknown packet ID 0x65; discarded 1 byte(s)
[23:08:18.292] BAD_PACKET[COM9] unknown packet ID 0x6e; discarded 1 byte(s)
[23:08:18.293] BAD_PACKET[COM9] unknown packet ID 0x64; discarded 1 byte(s)
[23:08:18.293] BAD_PACKET[COM9] unknown packet ID 0x69; discarded 1 byte(s)
[23:08:18.294] BAD_PACKET[COM9] unknown packet ID 0x6e; discarded 1 byte(s)
[23:08:18.294] BAD_PACKET[COM9] unknown packet ID 0x67; discarded 1 byte(s)
[23:08:18.294] BAD_PACKET[COM9] unknown packet ID 0x20; discarded 1 byte(s)
[23:08:18.295] BAD_PACKET[COM9] unknown packet ID 0x63; discarded 1 byte(s)
[23:08:18.295] BAD_PACKET[COM9] unknown packet ID 0x6f; discarded 1 byte(s)
[23:08:18.296] BAD_PACKET[COM9] unknown packet ID 0x6d; discarded 1 byte(s)
[23:08:18.296] BAD_PACKET[COM9] unknown packet ID 0x6d; discarded 1 byte(s)
[23:08:18.297] BAD_PACKET[COM9] unknown packet ID 0x61; discarded 1 byte(s)
[23:08:18.297] BAD_PACKET[COM9] unknown packet ID 0x6e; discarded 1 byte(s)
[23:08:18.297] BAD_PACKET[COM9] unknown packet ID 0x64; discarded 1 byte(s)
[23:08:18.298] BAD_PACKET[COM9] unknown packet ID 0x20; discarded 1 byte(s)
[23:08:18.298] BAD_PACKET[COM9] unknown packet ID 0x74; discarded 1 byte(s)
[23:08:18.298] BAD_PACKET[COM9] unknown packet ID 0x6f; discarded 1 byte(s)
[23:08:18.299] BAD_PACKET[COM9] unknown packet ID 0x20; discarded 1 byte(s)
[23:08:18.299] BAD_PACKET[COM9] unknown packet ID 0x57; discarded 1 byte(s)
[23:08:18.299] BAD_PACKET[COM9] unknown packet ID 0x69; discarded 1 byte(s)
[23:08:18.300] BAD_PACKET[COM9] unknown packet ID 0x74; discarded 1 byte(s)
[23:08:18.300] BAD_PACKET[COM9] unknown packet ID 0x6e; discarded 1 byte(s)
[23:08:18.300] BAD_PACKET[COM9] unknown packet ID 0x65; discarded 1 byte(s)
[23:08:18.301] BAD_PACKET[COM9] unknown packet ID 0x73; discarded 1 byte(s)
[23:08:18.301] BAD_PACKET[COM9] unknown packet ID 0x73; discarded 1 byte(s)
[23:08:18.302] BAD_PACKET[COM9] unknown packet ID 0x0d; discarded 1 byte(s)
[23:08:18.302] BAD_PACKET[COM9] unknown packet ID 0x0a; discarded 1 byte(s)
[23:08:18.731] RX[COM9]  01
[23:08:18.733] RX[COM9]  6f 00 00 01 8e 28 00 62 2c 00 00 7a 00 03 4a ff fc 00 02 ff fe 0a
[23:08:18.734] PACKET[COM9] sensors: status=0b0110111100000000, uptime=101928, filtered_accel=[1.00528, 0.00488, 0.03368], gyro=[-0.28, 0.14, -0.14]
[23:08:18.958] RX[COM9]  02
[23:08:18.972] RX[COM9]  6f 00 00 01 8f 23 00 00 00 00 00 00 00 00 00 00 00 00 00 00 00 00 00 00 00 00 00 00 00 00 00 00 00 00 00 00 00 00 00 00 00 00 00 00 00 00 00 00 00 00 00 00 00 00 00 00 43 62 ff 6d 0c 64 0a
[23:08:18.979] PACKET[COM9] state: status=0b0110111100000000, uptime=102179, orientation=[0.0, 0.0, 0.0, 0.0], position=[0.0, 0.0, 0.0], velocity=[0.0, 0.0, 0.0], latitude=0.0, longitude=0.0, gps_altitude=0.0, barometric_altitude=226.997757, witness_battery_voltage=3.172
[23:08:19.038] RX[COM9]  03
[23:08:19.042] RX[COM9]  00 00 00 00 00 00 78 00 00 00 9c 7f 00 02 00 0b 48 0a
[23:08:19.044] PACKET[COM9] camera: fc_status=0b0000000000000000, fc_uptime=0, status=0b0111100000000000, uptime=40063, current_sense=[0.0, 0.2, 0.0], iris_battery_voltage=2.888
[23:08:19.101] RX[COM9]  ff
[23:08:19.103] RX[COM9]  6e 00 00 01 8f 23 0a
[23:08:19.104] PACKET[COM9] heartbeat: status=0b0110111000000000, uptime=102179
[23:08:19.105] RX[COM9]  f0
[23:08:19.106] RX[COM9]  00 00 01 1d 6b 00 00 00 00 00 00 0a
[23:08:19.107] PACKET[COM9] ground_station_status: rssi=0, uptime=73067, reserved=[0, 0, 0, 0, 0, 0]
[23:08:19.720] RX[COM9]  01
[23:08:19.722] RX[COM9]  66 00 00 01 92 10 00 62 38 ff ff db 00 03 62 ff fc 00 01 ff fe 0a
[23:08:19.725] PACKET[COM9] sensors: status=0b0110011000000000, uptime=102928, filtered_accel=[1.00576, -0.00148, 0.03464], gyro=[-0.28, 0.07, -0.14]
[23:08:19.977] RX[COM9]  02
[23:08:19.979] RX[COM9]  66 00 00 01 93 0b 00 00 00 00 00 00 00 00 00 00 00 00 00 00 00 00 00 00 00 00 00 00 00 00 00 00 00 00 00 00 00 00 00 00 00 00 00 00 00 00 00 00 00 00 00 00 00 00 00 00 43 62 d3 75 0c 64 0a
[23:08:19.981] PACKET[COM9] state: status=0b0110011000000000, uptime=103179, orientation=[0.0, 0.0, 0.0, 0.0], position=[0.0, 0.0, 0.0], velocity=[0.0, 0.0, 0.0], latitude=0.0, longitude=0.0, gps_altitude=0.0, barometric_altitude=226.826004, witness_battery_voltage=3.172
[23:08:20.041] RX[COM9]  03
[23:08:20.043] RX[COM9]  00 00 00 00 00 00 78 00 00 00 a0 67 01 03 00 0b 00 0a
[23:08:20.045] PACKET[COM9] camera: fc_status=0b0000000000000000, fc_uptime=0, status=0b0111100000000000, uptime=41063, current_sense=[0.1, 0.3, 0.0], iris_battery_voltage=2.816
[23:08:20.106] RX[COM9]  ff
[23:08:20.108] RX[COM9]  67 00 00 01 93 0b 0a
[23:08:20.110] PACKET[COM9] heartbeat: status=0b0110011100000000, uptime=103179
[23:08:20.110] RX[COM9]  f0
[23:08:20.111] RX[COM9]  00 00 01 21 53 00 00 00 00 00 00 0a
[23:08:20.112] PACKET[COM9] ground_station_status: rssi=0, uptime=74067, reserved=[0, 0, 0, 0, 0, 0]
[23:08:20.717] RX[COM9]  01
[23:08:20.720] RX[COM9]  6f 00 00 01 95 f8 00 62 14 00 00 ab 00 03 01 ff fc 00 02 ff ff 0a
[23:08:20.722] PACKET[COM9] sensors: status=0b0110111100000000, uptime=103928, filtered_accel=[1.00432, 0.00684, 0.03076], gyro=[-0.28, 0.14, -0.07]
[23:08:20.972] RX[COM9]  02
[23:08:20.977] RX[COM9]  6f 00 00 01 96 f3 00 00 00 00 00 00 00 00 00 00 00 00 00 00 00 00 00 00 00 00 00 00 00 00 00 00 00 00 00 00 00 00 00 00 00 00 00 00 00 00 00 00 00 00 00 00 00 00 00 00 43 62 d3 75 0c 64 0a
[23:08:20.981] PACKET[COM9] state: status=0b0110111100000000, uptime=104179, orientation=[0.0, 0.0, 0.0, 0.0], position=[0.0, 0.0, 0.0], velocity=[0.0, 0.0, 0.0], latitude=0.0, longitude=0.0, gps_altitude=0.0, barometric_altitude=226.826004, witness_battery_voltage=3.172
[23:08:21.036] RX[COM9]  03
[23:08:21.038] RX[COM9]  00 00 00 00 00 00 78 00 00 00 a4 4f 01 04 00 0b 38 0a
[23:08:21.041] PACKET[COM9] camera: fc_status=0b0000000000000000, fc_uptime=0, status=0b0111100000000000, uptime=42063, current_sense=[0.1, 0.4, 0.0], iris_battery_voltage=2.872
[23:08:21.099] RX[COM9]  ff
[23:08:21.101] RX[COM9]  6e 00 00 01 96 f3 0a
[23:08:21.103] PACKET[COM9] heartbeat: status=0b0110111000000000, uptime=104179
[23:08:21.103] RX[COM9]  f0
[23:08:21.104] RX[COM9]  00 00 01 25 3b 00 00 00 00 00 00 0a
[23:08:21.105] PACKET[COM9] ground_station_status: rssi=0, uptime=75067, reserved=[0, 0, 0, 0, 0, 0]
[23:08:21.712] RX[COM9]  01
[23:08:21.717] RX[COM9]  6e 00 00 01 99 e0 00 62 20 00 00 6e 00 03 87 ff fc 00 02 ff ff 0a
[23:08:21.720] PACKET[COM9] sensors: status=0b0110111000000000, uptime=104928, filtered_accel=[1.0048, 0.0044, 0.03612], gyro=[-0.28, 0.14, -0.07]
[23:08:21.969] RX[COM9]  02
[23:08:21.977] RX[COM9]  66 00 00 01 9a db 00 00 00 00 00 00 00 00 00 00 00 00 00 00 00 00 00 00 00 00 00 00 00 00 00 00 00 00 00 00 00 00 00 00 00 00 00 00 00 00 00 00 00 00 00 00 00 00 00 00 43 63 2a b7 0c 64 0a
[23:08:21.981] PACKET[COM9] state: status=0b0110011000000000, uptime=105179, orientation=[0.0, 0.0, 0.0, 0.0], position=[0.0, 0.0, 0.0], velocity=[0.0, 0.0, 0.0], latitude=0.0, longitude=0.0, gps_altitude=0.0, barometric_altitude=227.166855, witness_battery_voltage=3.172
[23:08:22.032] RX[COM9]  03
[23:08:22.034] RX[COM9]  00 00 00 00 00 00 78 00 00 00 a8 37 01 04 00 0b 40 0a
[23:08:22.036] PACKET[COM9] camera: fc_status=0b0000000000000000, fc_uptime=0, status=0b0111100000000000, uptime=43063, current_sense=[0.1, 0.4, 0.0], iris_battery_voltage=2.88
[23:08:22.096] RX[COM9]  ff
[23:08:22.097] RX[COM9]  67 00 00 01 9a db 0a
[23:08:22.099] PACKET[COM9] heartbeat: status=0b0110011100000000, uptime=105179
[23:08:22.100] RX[COM9]  f0
[23:08:22.101] RX[COM9]  00 00 01 29 23 00 00 00 00 00 00 0a
[23:08:22.102] PACKET[COM9] ground_station_status: rssi=0, uptime=76067, reserved=[0, 0, 0, 0, 0, 0]
[23:08:22.724] RX[COM9]  01
[23:08:22.726] RX[COM9]  67 00 00 01 9d c8 00 62 2c 00 00 7a 00 03 56 ff fc 00 02 ff ff 0a
[23:08:22.729] PACKET[COM9] sensors: status=0b0110011100000000, uptime=105928, filtered_accel=[1.00528, 0.00488, 0.03416], gyro=[-0.28, 0.14, -0.07]
[23:08:22.961] RX[COM9]  02
[23:08:22.967] RX[COM9]  6f 00 00 01 9e c3 00 00 00 00 00 00 00 00 00 00 00 00 00 00 00 00 00 00 00 00 00 00 00 00 00 00 00 00 00 00 00 00 00 00 00 00 00 00 00 00 00 00 00 00 00 00 00 00 00 00 43 62 e9 c7 0c 64 0a
[23:08:22.970] PACKET[COM9] state: status=0b0110111100000000, uptime=106179, orientation=[0.0, 0.0, 0.0, 0.0], position=[0.0, 0.0, 0.0], velocity=[0.0, 0.0, 0.0], latitude=0.0, longitude=0.0, gps_altitude=0.0, barometric_altitude=226.913193, witness_battery_voltage=3.172
[23:08:23.024] RX[COM9]  03
[23:08:23.026] RX[COM9]  00 00 00 00 00 00 78 00 00 00 ac 1f 01 04 00 0b 48 0a
[23:08:23.028] PACKET[COM9] camera: fc_status=0b0000000000000000, fc_uptime=0, status=0b0111100000000000, uptime=44063, current_sense=[0.1, 0.4, 0.0], iris_battery_voltage=2.888
[23:08:23.090] RX[COM9]  ff
[23:08:23.093] RX[COM9]  6e 00 00 01 9e c3 0a
[23:08:23.095] PACKET[COM9] heartbeat: status=0b0110111000000000, uptime=106179
[23:08:23.095] RX[COM9]  f0
[23:08:23.096] RX[COM9]  00 00 01 2d 0b 00 00 00 00 00 00 0a
[23:08:23.097] PACKET[COM9] ground_station_status: rssi=0, uptime=77067, reserved=[0, 0, 0, 0, 0, 0]
[23:08:23.749] RX[COM9]  01
[23:08:23.750] RX[COM9]  6e 00 00 01 a1 b0 00 62 20 00 00 86 00 03 93 ff fc 00 03 ff fe 0a
[23:08:23.752] PACKET[COM9] sensors: status=0b0110111000000000, uptime=106928, filtered_accel=[1.0048, 0.00536, 0.0366], gyro=[-0.28, 0.21, -0.14]
[23:08:23.979] RX[COM9]  02
[23:08:23.979] RX[COM9]  66 00 00 01 a2 ab 00 00 00 00 00 00 00 00 00 00 00 00 00 00 00 00 00 00 00 00 00 00 00 00 00 00 00 00 00 00 00 00 00 00 00 00 00 00 00 00 00 00 00 00 00 00 00 00 00 00 43 62 ff 6d 0c 60 0a
[23:08:23.981] PACKET[COM9] state: status=0b0110011000000000, uptime=107179, orientation=[0.0, 0.0, 0.0, 0.0], position=[0.0, 0.0, 0.0], velocity=[0.0, 0.0, 0.0], latitude=0.0, longitude=0.0, gps_altitude=0.0, barometric_altitude=226.997757, witness_battery_voltage=3.168
[23:08:24.039] RX[COM9]  03
[23:08:24.041] RX[COM9]  00 00 00 00 00 00 78 00 00 00 b0 07 01 04 00 0b 3c 0a
[23:08:24.043] PACKET[COM9] camera: fc_status=0b0000000000000000, fc_uptime=0, status=0b0111100000000000, uptime=45063, current_sense=[0.1, 0.4, 0.0], iris_battery_voltage=2.876
[23:08:24.094] RX[COM9]  ff
[23:08:24.095] RX[COM9]  67 00 00 01 a2 ab 0a
[23:08:24.097] PACKET[COM9] heartbeat: status=0b0110011100000000, uptime=107179
[23:08:24.098] RX[COM9]  f0
[23:08:24.099] RX[COM9]  00 00 01 30 f3 00 00 00 00 00 00 0a
[23:08:24.100] PACKET[COM9] ground_station_status: rssi=0, uptime=78067, reserved=[0, 0, 0, 0, 0, 0]
[23:08:24.718] RX[COM9]  01
[23:08:24.719] RX[COM9]  67 00 00 01 a5 98 00 62 14 00 00 c3 00 03 4a ff fe 00 02 ff fe 0a
[23:08:24.721] PACKET[COM9] sensors: status=0b0110011100000000, uptime=107928, filtered_accel=[1.00432, 0.0078, 0.03368], gyro=[-0.14, 0.14, -0.14]
[23:08:24.995] RX[COM9]  02
[23:08:24.996] RX[COM9]  6f 00 00 01 a6 93 00 00 00 00 00 00 00 00 00 00 00 00 00 00 00 00 00 00 00 00 00 00 00 00 00 00 00 00 00 00 00 00 00 00 00 00 00 00 00 00 00 00 00 00 00 00 00 00 00 00 43 62 ff 6d 0c 64 0a
[23:08:24.997] PACKET[COM9] state: status=0b0110111100000000, uptime=108179, orientation=[0.0, 0.0, 0.0, 0.0], position=[0.0, 0.0, 0.0], velocity=[0.0, 0.0, 0.0], latitude=0.0, longitude=0.0, gps_altitude=0.0, barometric_altitude=226.997757, witness_battery_voltage=3.172
[23:08:25.056] RX[COM9]  03
[23:08:25.058] RX[COM9]  00 00 00 00 00 00 78 00 00 00 b3 ef 01 03 00 0b 20 0a
[23:08:25.060] PACKET[COM9] camera: fc_status=0b0000000000000000, fc_uptime=0, status=0b0111100000000000, uptime=46063, current_sense=[0.1, 0.3, 0.0], iris_battery_voltage=2.848
[23:08:25.120] RX[COM9]  ff
[23:08:25.123] RX[COM9]  6e 00 00 01 a6 93 0a
[23:08:25.125] PACKET[COM9] heartbeat: status=0b0110111000000000, uptime=108179
[23:08:25.125] RX[COM9]  f0
[23:08:25.126] RX[COM9]  00 00 01 34 db 00 00 00 00 00 00 0a
[23:08:25.127] PACKET[COM9] ground_station_status: rssi=0, uptime=79067, reserved=[0, 0, 0, 0, 0, 0]
[23:08:25.735] RX[COM9]  01
[23:08:25.739] RX[COM9]  6e 00 00 01 a9 80 00 62 2c 00 00 7a 00 03 3e ff fd 00 03 ff fe 0a
[23:08:25.741] PACKET[COM9] sensors: status=0b0110111000000000, uptime=108928, filtered_accel=[1.00528, 0.00488, 0.0332], gyro=[-0.21, 0.21, -0.14]
[23:08:25.981] RX[COM9]  02
[23:08:25.984] RX[COM9]  66 00 00 01 aa 7b 00 00 00 00 00 00 00 00 00 00 00 00 00 00 00 00 00 00 00 00 00 00 00 00 00 00 00 00 00 00 00 00 00 00 00 00 00 00 00 00 00 00 00 00 00 00 00 00 00 00 43 62 ff 6d 0c 64 0a
[23:08:25.987] PACKET[COM9] state: status=0b0110011000000000, uptime=109179, orientation=[0.0, 0.0, 0.0, 0.0], position=[0.0, 0.0, 0.0], velocity=[0.0, 0.0, 0.0], latitude=0.0, longitude=0.0, gps_altitude=0.0, barometric_altitude=226.997757, witness_battery_voltage=3.172
[23:08:26.044] RX[COM9]  03
[23:08:26.047] RX[COM9]  00 00 00 00 00 00 78 00 00 00 b7 d7 01 03 00 0b 58 0a
[23:08:26.049] PACKET[COM9] camera: fc_status=0b0000000000000000, fc_uptime=0, status=0b0111100000000000, uptime=47063, current_sense=[0.1, 0.3, 0.0], iris_battery_voltage=2.904
[23:08:26.110] RX[COM9]  ff
[23:08:26.111] RX[COM9]  67 00 00 01 aa 7b 0a
[23:08:26.113] PACKET[COM9] heartbeat: status=0b0110011100000000, uptime=109179
[23:08:26.113] RX[COM9]  f0
[23:08:26.113] RX[COM9]  00 00 01 38 c3 00 00 00 00 00 00 0a
[23:08:26.114] PACKET[COM9] ground_station_status: rssi=0, uptime=80067, reserved=[0, 0, 0, 0, 0, 0]
[23:08:26.736] RX[COM9]  01
[23:08:26.740] RX[COM9]  67 00 00 01 ad 68 00 62 20 00 00 e8 00 03 7b ff fd 00 02 ff fe 0a
[23:08:26.742] PACKET[COM9] sensors: status=0b0110011100000000, uptime=109928, filtered_accel=[1.0048, 0.00928, 0.03564], gyro=[-0.21, 0.14, -0.14]
[23:08:26.977] RX[COM9]  02
[23:08:26.981] RX[COM9]  6f 00 00 01 ae 63 00 00 00 00 00 00 00 00 00 00 00 00 00 00 00 00 00 00 00 00 00 00 00 00 00 00 00 00 00 00 00 00 00 00 00 00 00 00 00 00 00 00 00 00 00 00 00 00 00 00 43 62 e9 c7 0c 60 0a
[23:08:26.985] PACKET[COM9] state: status=0b0110111100000000, uptime=110179, orientation=[0.0, 0.0, 0.0, 0.0], position=[0.0, 0.0, 0.0], velocity=[0.0, 0.0, 0.0], latitude=0.0, longitude=0.0, gps_altitude=0.0, barometric_altitude=226.913193, witness_battery_voltage=3.168
[23:08:27.040] RX[COM9]  03
[23:08:27.042] RX[COM9]  00 00 00 00 00 00 78 00 00 00 bb bf 01 03 00 0b 38 0a
[23:08:27.045] PACKET[COM9] camera: fc_status=0b0000000000000000, fc_uptime=0, status=0b0111100000000000, uptime=48063, current_sense=[0.1, 0.3, 0.0], iris_battery_voltage=2.872
[23:08:27.106] RX[COM9]  ff
[23:08:27.107] RX[COM9]  6e 00 00 01 ae 63 0a
[23:08:27.109] PACKET[COM9] heartbeat: status=0b0110111000000000, uptime=110179
[23:08:27.109] RX[COM9]  f0
[23:08:27.110] RX[COM9]  00 00 01 3c ab 00 00 00 00 00 00 0a
[23:08:27.110] PACKET[COM9] ground_station_status: rssi=0, uptime=81067, reserved=[0, 0, 0, 0, 0, 0]
[23:08:27.730] RX[COM9]  01
[23:08:27.731] RX[COM9]  6e 00 00 01 b1 50 00 62 2c 00 00 0c 00 03 25 ff fb 00 01 ff ff 0a
[23:08:27.734] PACKET[COM9] sensors: status=0b0110111000000000, uptime=110928, filtered_accel=[1.00528, 0.00048, 0.0322], gyro=[-0.35, 0.07, -0.07]
[23:08:27.988] RX[COM9]  02
[23:08:27.995] RX[COM9]  6e 00 00 01 b2 4b 00 00 00 00 00 00 00 00 00 00 00 00 00 00 00 00 00 00 00 00 00 00 00 00 00 00 00 00 00 00 00 00 00 00 00 00 00 00 00 00 00 00 00 00 00 00 00 00 00 00 43 62 e9 c7 0c 64 0a
[23:08:27.998] PACKET[COM9] state: status=0b0110111000000000, uptime=111179, orientation=[0.0, 0.0, 0.0, 0.0], position=[0.0, 0.0, 0.0], velocity=[0.0, 0.0, 0.0], latitude=0.0, longitude=0.0, gps_altitude=0.0, barometric_altitude=226.913193, witness_battery_voltage=3.172
[23:08:28.052] RX[COM9]  03
[23:08:28.053] RX[COM9]  00 00 00 00 00 00 78 00 00 00 bf a7 01 04 00 0a fc 0a
[23:08:28.057] PACKET[COM9] camera: fc_status=0b0000000000000000, fc_uptime=0, status=0b0111100000000000, uptime=49063, current_sense=[0.1, 0.4, 0.0], iris_battery_voltage=2.812
[23:08:28.116] RX[COM9]  ff
[23:08:28.118] RX[COM9]  6f 00 00 01 b2 4b 0a
[23:08:28.119] PACKET[COM9] heartbeat: status=0b0110111100000000, uptime=111179
[23:08:28.120] RX[COM9]  f0
[23:08:28.121] RX[COM9]  00 00 01 40 93 00 00 00 00 00 00 0a
[23:08:28.121] PACKET[COM9] ground_station_status: rssi=0, uptime=82067, reserved=[0, 0, 0, 0, 0, 0]
[23:08:28.730] RX[COM9]  01
[23:08:28.732] RX[COM9]  67 00 00 01 b5 38 00 62 2c 00 00 b7 00 03 6e ff fc 00 01 ff ff 0a
[23:08:28.735] PACKET[COM9] sensors: status=0b0110011100000000, uptime=111928, filtered_accel=[1.00528, 0.00732, 0.03512], gyro=[-0.28, 0.07, -0.07]
[23:08:28.972] RX[COM9]  02
[23:08:28.973] RX[COM9]  67 00 00 01 b6 33 00 00 00 00 00 00 00 00 00 00 00 00 00 00 00 00 00 00 00 00 00 00 00 00 00 00 00 00 00 00 00 00 00 00 00 00 00 00 00 00 00 00 00 00 00 00 00 00 00 00 43 62 bd d0 0c 50 0a
[23:08:28.975] PACKET[COM9] state: status=0b0110011100000000, uptime=112179, orientation=[0.0, 0.0, 0.0, 0.0], position=[0.0, 0.0, 0.0], velocity=[0.0, 0.0, 0.0], latitude=0.0, longitude=0.0, gps_altitude=0.0, barometric_altitude=226.741455, witness_battery_voltage=3.152
[23:08:29.036] RX[COM9]  03
[23:08:29.038] RX[COM9]  00 00 00 00 00 00 78 00 00 00 c3 8f 01 05 00 0a d8 0a
[23:08:29.041] PACKET[COM9] camera: fc_status=0b0000000000000000, fc_uptime=0, status=0b0111100000000000, uptime=50063, current_sense=[0.1, 0.5, 0.0], iris_battery_voltage=2.776
[23:08:29.100] RX[COM9]  ff
[23:08:29.101] RX[COM9]  66 00 00 01 b6 33 0a
[23:08:29.103] PACKET[COM9] heartbeat: status=0b0110011000000000, uptime=112179
[23:08:29.104] RX[COM9]  f0
[23:08:29.105] RX[COM9]  00 00 01 44 7b 00 00 00 00 00 00 0a
[23:08:29.106] PACKET[COM9] ground_station_status: rssi=0, uptime=83067, reserved=[0, 0, 0, 0, 0, 0]
[23:08:29.707] RX[COM9]  01
[23:08:29.708] RX[COM9]  6e 00 00 01 b9 20 00 62 38 00 00 3d 00 03 6e ff fc 00 02 ff ff 0a
[23:08:29.710] PACKET[COM9] sensors: status=0b0110111000000000, uptime=112928, filtered_accel=[1.00576, 0.00244, 0.03512], gyro=[-0.28, 0.14, -0.07]
[23:08:29.949] RX[COM9]  02
[23:08:29.952] RX[COM9]  6e 00 00 01 ba 1b 00 00 00 00 00 00 00 00 00 00 00 00 00 00 00 00 00 00 00 00 00 00 00 00 00 00 00 00 00 00 00 00 00 00 00 00 00 00 00 00 00 00 00 00 00 00 00 00 00 00 43 62 a8 2a 0c 60 0a
[23:08:29.958] PACKET[COM9] state: status=0b0110111000000000, uptime=113179, orientation=[0.0, 0.0, 0.0, 0.0], position=[0.0, 0.0, 0.0], velocity=[0.0, 0.0, 0.0], latitude=0.0, longitude=0.0, gps_altitude=0.0, barometric_altitude=226.656891, witness_battery_voltage=3.168
[23:08:30.012] RX[COM9]  03
[23:08:30.014] RX[COM9]  00 00 00 00 00 00 78 00 00 00 c7 77 01 04 00 0b 20 0a
[23:08:30.017] PACKET[COM9] camera: fc_status=0b0000000000000000, fc_uptime=0, status=0b0111100000000000, uptime=51063, current_sense=[0.1, 0.4, 0.0], iris_battery_voltage=2.848
[23:08:30.077] RX[COM9]  ff
[23:08:30.079] RX[COM9]  6f 00 00 01 ba 1b 0a
[23:08:30.080] PACKET[COM9] heartbeat: status=0b0110111100000000, uptime=113179
[23:08:30.081] RX[COM9]  f0
[23:08:30.082] RX[COM9]  00 00 01 48 63 00 00 00 00 00 00 0a
[23:08:30.082] PACKET[COM9] ground_station_status: rssi=0, uptime=84067, reserved=[0, 0, 0, 0, 0, 0]
[23:08:30.737] RX[COM9]  01
[23:08:30.739] RX[COM9]  6f 00 00 01 bd 08 00 62 38 00 00 62 00 03 25 ff fd 00 02 ff fe 0a
[23:08:30.741] PACKET[COM9] sensors: status=0b0110111100000000, uptime=113928, filtered_accel=[1.00576, 0.00392, 0.0322], gyro=[-0.21, 0.14, -0.14]
[23:08:30.979] RX[COM9]  02
[23:08:30.981] RX[COM9]  67 00 00 01 be 03 00 00 00 00 00 00 00 00 00 00 00 00 00 00 00 00 00 00 00 00 00 00 00 00 00 00 00 00 00 00 00 00 00 00 00 00 00 00 00 00 00 00 00 00 00 00 00 00 00 00 43 62 e9 c7 0c 50 0a
[23:08:30.986] PACKET[COM9] state: status=0b0110011100000000, uptime=114179, orientation=[0.0, 0.0, 0.0, 0.0], position=[0.0, 0.0, 0.0], velocity=[0.0, 0.0, 0.0], latitude=0.0, longitude=0.0, gps_altitude=0.0, barometric_altitude=226.913193, witness_battery_voltage=3.152
[23:08:31.043] RX[COM9]  03
[23:08:31.046] RX[COM9]  00 00 00 00 00 00 78 00 00 00 cb 5f 01 04 00 0b 5c 0a
[23:08:31.057] PACKET[COM9] camera: fc_status=0b0000000000000000, fc_uptime=0, status=0b0111100000000000, uptime=52063, current_sense=[0.1, 0.4, 0.0], iris_battery_voltage=2.908
[23:08:31.109] RX[COM9]  ff
[23:08:31.111] RX[COM9]  66 00 00 01 be 03 0a
[23:08:31.112] PACKET[COM9] heartbeat: status=0b0110011000000000, uptime=114179
[23:08:31.113] RX[COM9]  f0
[23:08:31.113] RX[COM9]  00 00 01 4c 4b 00 00 00 00 00 00 0a
[23:08:31.114] PACKET[COM9] ground_station_status: rssi=0, uptime=85067, reserved=[0, 0, 0, 0, 0, 0]
[23:08:31.721] RX[COM9]  01
[23:08:31.722] RX[COM9]  66 00 00 01 c0 f0 00 62 2c 00 00 6e 00 03 31 ff fc 00 03 ff ff 0a
[23:08:31.724] PACKET[COM9] sensors: status=0b0110011000000000, uptime=114928, filtered_accel=[1.00528, 0.0044, 0.03268], gyro=[-0.28, 0.21, -0.07]
[23:08:31.977] RX[COM9]  02
[23:08:31.982] RX[COM9]  6e 00 00 01 c1 eb 00 00 00 00 00 00 00 00 00 00 00 00 00 00 00 00 00 00 00 00 00 00 00 00 00 00 00 00 00 00 00 00 00 00 00 00 00 00 00 00 00 00 00 00 00 00 00 00 00 00 43 63 15 12 0c 58 0a
[23:08:31.984] PACKET[COM9] state: status=0b0110111000000000, uptime=115179, orientation=[0.0, 0.0, 0.0, 0.0], position=[0.0, 0.0, 0.0], velocity=[0.0, 0.0, 0.0], latitude=0.0, longitude=0.0, gps_altitude=0.0, barometric_altitude=227.082306, witness_battery_voltage=3.16
[23:08:32.041] RX[COM9]  03
[23:08:32.046] RX[COM9]  00 00 00 00 00 00 78 00 00 00 cf 47 01 04 00 0b 4c 0a
[23:08:32.048] PACKET[COM9] camera: fc_status=0b0000000000000000, fc_uptime=0, status=0b0111100000000000, uptime=53063, current_sense=[0.1, 0.4, 0.0], iris_battery_voltage=2.892
[23:08:32.107] RX[COM9]  ff
[23:08:32.108] RX[COM9]  6f 00 00 01 c1 eb 0a
[23:08:32.110] PACKET[COM9] heartbeat: status=0b0110111100000000, uptime=115179
[23:08:32.111] RX[COM9]  f0
[23:08:32.112] RX[COM9]  00 00 01 50 33 00 00 00 00 00 00 0a
[23:08:32.113] PACKET[COM9] ground_station_status: rssi=0, uptime=86067, reserved=[0, 0, 0, 0, 0, 0]
[23:08:32.712] RX[COM9]  01
[23:08:32.715] RX[COM9]  6f 00 00 01 c4 d8 00 62 2c 00 00 7a 00 03 25 ff fc 00 02 ff ff 0a
[23:08:32.717] PACKET[COM9] sensors: status=0b0110111100000000, uptime=115928, filtered_accel=[1.00528, 0.00488, 0.0322], gyro=[-0.28, 0.14, -0.07]
[23:08:32.989] RX[COM9]  02
[23:08:32.992] RX[COM9]  67 00 00 01 c5 d3 00 00 00 00 00 00 00 00 00 00 00 00 00 00 00 00 00 00 00 00 00 00 00 00 00 00 00 00 00 00 00 00 00 00 00 00 00 00 00 00 00 00 00 00 00 00 00 00 00 00 43 62 a8 2a 0c 6c 0a
[23:08:32.994] PACKET[COM9] state: status=0b0110011100000000, uptime=116179, orientation=[0.0, 0.0, 0.0, 0.0], position=[0.0, 0.0, 0.0], velocity=[0.0, 0.0, 0.0], latitude=0.0, longitude=0.0, gps_altitude=0.0, barometric_altitude=226.656891, witness_battery_voltage=3.18
[23:08:33.051] RX[COM9]  03
[23:08:33.052] RX[COM9]  00 00 00 00 00 00 78 00 00 00 d3 2f 01 04 00 0b 50 0a
[23:08:33.055] PACKET[COM9] camera: fc_status=0b0000000000000000, fc_uptime=0, status=0b0111100000000000, uptime=54063, current_sense=[0.1, 0.4, 0.0], iris_battery_voltage=2.896
[23:08:33.118] RX[COM9]  ff
[23:08:33.121] RX[COM9]  66 00 00 01 c5 d3 0a
[23:08:33.123] PACKET[COM9] heartbeat: status=0b0110011000000000, uptime=116179
[23:08:33.124] RX[COM9]  f0
[23:08:33.125] RX[COM9]  00 00 01 54 1b 00 00 00 00 00 00 0a
[23:08:33.126] PACKET[COM9] ground_station_status: rssi=0, uptime=87067, reserved=[0, 0, 0, 0, 0, 0]
[23:08:33.755] RX[COM9]  01
[23:08:33.757] RX[COM9]  66 00 00 01 c8 c0 00 62 14 00 00 62 00 03 4a ff fc 00 01 ff fe 0a
[23:08:33.759] PACKET[COM9] sensors: status=0b0110011000000000, uptime=116928, filtered_accel=[1.00432, 0.00392, 0.03368], gyro=[-0.28, 0.07, -0.14]
[23:08:33.984] RX[COM9]  02
[23:08:33.986] RX[COM9]  6e 00 00 01 c9 bb 00 00 00 00 00 00 00 00 00 00 00 00 00 00 00 00 00 00 00 00 00 00 00 00 00 00 00 00 00 00 00 00 00 00 00 00 00 00 00 00 00 00 00 00 00 00 00 00 00 00 43 62 ff 6d 0c 6c 0a
[23:08:33.989] PACKET[COM9] state: status=0b0110111000000000, uptime=117179, orientation=[0.0, 0.0, 0.0, 0.0], position=[0.0, 0.0, 0.0], velocity=[0.0, 0.0, 0.0], latitude=0.0, longitude=0.0, gps_altitude=0.0, barometric_altitude=226.997757, witness_battery_voltage=3.18
[23:08:34.041] RX[COM9]  03
[23:08:34.042] RX[COM9]  00 00 00 00 00 00 78 00 00 00 d7 17 01 04 00 0b 20 0a
[23:08:34.044] PACKET[COM9] camera: fc_status=0b0000000000000000, fc_uptime=0, status=0b0111100000000000, uptime=55063, current_sense=[0.1, 0.4, 0.0], iris_battery_voltage=2.848
[23:08:34.106] RX[COM9]  ff
[23:08:34.109] RX[COM9]  6f 00 00 01 c9 bb 0a
[23:08:34.112] PACKET[COM9] heartbeat: status=0b0110111100000000, uptime=117179
[23:08:34.113] RX[COM9]  f0
[23:08:34.113] RX[COM9]  00 00 01 58 03 00 00 00 00 00 00 0a
[23:08:34.114] PACKET[COM9] ground_station_status: rssi=0, uptime=88067, reserved=[0, 0, 0, 0, 0, 0]
[23:08:34.713] RX[COM9]  01
[23:08:34.715] RX[COM9]  6f 00 00 01 cc a8 00 62 20 00 00 6e 00 03 31 ff fc 00 02 ff ff 0a
[23:08:34.717] PACKET[COM9] sensors: status=0b0110111100000000, uptime=117928, filtered_accel=[1.0048, 0.0044, 0.03268], gyro=[-0.28, 0.14, -0.07]
[23:08:34.998] RX[COM9]  02
[23:08:35.001] RX[COM9]  67 00 00 01 cd a3 00 00 00 00 00 00 00 00 00 00 00 00 00 00 00 00 00 00 00 00 00 00 00 00 00 00 00 00 00 00 00 00 00 00 00 00 00 00 00 00 00 00 00 00 00 00 00 00 00 00 43 62 d3 75 0c 68 0a
[23:08:35.003] PACKET[COM9] state: status=0b0110011100000000, uptime=118179, orientation=[0.0, 0.0, 0.0, 0.0], position=[0.0, 0.0, 0.0], velocity=[0.0, 0.0, 0.0], latitude=0.0, longitude=0.0, gps_altitude=0.0, barometric_altitude=226.826004, witness_battery_voltage=3.176
[23:08:35.054] RX[COM9]  03
[23:08:35.055] RX[COM9]  00 00 00 00 00 00 78 00 00 00 da ff 01 05 00 0b 20 0a
[23:08:35.057] PACKET[COM9] camera: fc_status=0b0000000000000000, fc_uptime=0, status=0b0111100000000000, uptime=56063, current_sense=[0.1, 0.5, 0.0], iris_battery_voltage=2.848
[23:08:35.117] RX[COM9]  ff
[23:08:35.119] RX[COM9]  66 00 00 01 cd a3 0a
[23:08:35.120] PACKET[COM9] heartbeat: status=0b0110011000000000, uptime=118179
[23:08:35.121] RX[COM9]  f0
[23:08:35.121] RX[COM9]  00 00 01 5b eb 00 00 00 00 00 00 0a
[23:08:35.122] PACKET[COM9] ground_station_status: rssi=0, uptime=89067, reserved=[0, 0, 0, 0, 0, 0]
[23:08:35.730] RX[COM9]  01
[23:08:35.732] RX[COM9]  66 00 00 01 d0 90 00 62 38 00 00 86 00 03 31 ff fd 00 01 ff fe 0a
[23:08:35.734] PACKET[COM9] sensors: status=0b0110011000000000, uptime=118928, filtered_accel=[1.00576, 0.00536, 0.03268], gyro=[-0.21, 0.07, -0.14]
[23:08:35.989] RX[COM9]  02
[23:08:35.997] RX[COM9]  6e 00 00 01 d1 8b 00 00 00 00 00 00 00 00 00 00 00 00 00 00 00 00 00 00 00 00 00 00 00 00 00 00 00 00 00 00 00 00 00 00 00 00 00 00 00 00 00 00 00 00 00 00 00 00 00 00 43 62 bd d0 0c 50 0a
[23:08:36.005] PACKET[COM9] state: status=0b0110111000000000, uptime=119179, orientation=[0.0, 0.0, 0.0, 0.0], position=[0.0, 0.0, 0.0], velocity=[0.0, 0.0, 0.0], latitude=0.0, longitude=0.0, gps_altitude=0.0, barometric_altitude=226.741455, witness_battery_voltage=3.152
[23:08:36.006] RX[COM9]  03
[23:08:36.007] RX[COM9]  00 00 00 00 00 00 78 00 00 00 de e7 01 04 00 0b 2c 0a
[23:08:36.009] PACKET[COM9] camera: fc_status=0b0000000000000000, fc_uptime=0, status=0b0111100000000000, uptime=57063, current_sense=[0.1, 0.4, 0.0], iris_battery_voltage=2.86
[23:08:36.069] RX[COM9]  ff
[23:08:36.072] RX[COM9]  6f 00 00 01 d1 8b 0a
[23:08:36.073] PACKET[COM9] heartbeat: status=0b0110111100000000, uptime=119179
[23:08:36.133] RX[COM9]  f0
[23:08:36.134] RX[COM9]  00 00 01 5f d3 00 00 00 00 00 00 0a
[23:08:36.135] PACKET[COM9] ground_station_status: rssi=0, uptime=90067, reserved=[0, 0, 0, 0, 0, 0]
[23:08:36.739] RX[COM9]  01
[23:08:36.741] RX[COM9]  6f 00 00 01 d4 78 00 62 20 00 00 7a 00 03 3e ff fd 00 02 ff ff 0a
[23:08:36.743] PACKET[COM9] sensors: status=0b0110111100000000, uptime=119928, filtered_accel=[1.0048, 0.00488, 0.0332], gyro=[-0.21, 0.14, -0.07]
[23:08:36.998] RX[COM9]  02
[23:08:36.999] RX[COM9]  6f 00 00 01 d5 73 00 00 00 00 00 00 00 00 00 00 00 00 00 00 00 00 00 00 00 00 00 00 00 00 00 00 00 00 00 00 00 00 00 00 00 00 00 00 00 00 00 00 00 00 00 00 00 00 00 00 43 62 a8 2a 0c 64 0a
[23:08:37.001] PACKET[COM9] state: status=0b0110111100000000, uptime=120179, orientation=[0.0, 0.0, 0.0, 0.0], position=[0.0, 0.0, 0.0], velocity=[0.0, 0.0, 0.0], latitude=0.0, longitude=0.0, gps_altitude=0.0, barometric_altitude=226.656891, witness_battery_voltage=3.172
[23:08:37.063] RX[COM9]  03
[23:08:37.066] RX[COM9]  00 00 00 00 00 00 78 00 00 00 e2 cf 01 03 00 0b 00 0a
[23:08:37.069] PACKET[COM9] camera: fc_status=0b0000000000000000, fc_uptime=0, status=0b0111100000000000, uptime=58063, current_sense=[0.1, 0.3, 0.0], iris_battery_voltage=2.816
[23:08:37.070] RX[COM9]  ff
[23:08:37.071] RX[COM9]  6e 00 00 01 d5 73 0a
[23:08:37.072] PACKET[COM9] heartbeat: status=0b0110111000000000, uptime=120179
[23:08:37.128] RX[COM9]  f0
[23:08:37.129] RX[COM9]  00 00 01 63 bb 00 00 00 00 00 00 0a
[23:08:37.130] PACKET[COM9] ground_station_status: rssi=0, uptime=91067, reserved=[0, 0, 0, 0, 0, 0]
[23:08:37.739] RX[COM9]  01
[23:08:37.741] RX[COM9]  66 00 00 01 d8 60 00 62 38 00 00 86 00 03 25 ff fd 00 02 ff ff 0a
[23:08:37.745] PACKET[COM9] sensors: status=0b0110011000000000, uptime=120928, filtered_accel=[1.00576, 0.00536, 0.0322], gyro=[-0.21, 0.14, -0.07]
[23:08:37.995] RX[COM9]  02
[23:08:37.997] RX[COM9]  66 00 00 01 d9 5b 00 00 00 00 00 00 00 00 00 00 00 00 00 00 00 00 00 00 00 00 00 00 00 00 00 00 00 00 00 00 00 00 00 00 00 00 00 00 00 00 00 00 00 00 00 00 00 00 00 00 43 62 d3 75 0c 64 0a
[23:08:37.998] PACKET[COM9] state: status=0b0110011000000000, uptime=121179, orientation=[0.0, 0.0, 0.0, 0.0], position=[0.0, 0.0, 0.0], velocity=[0.0, 0.0, 0.0], latitude=0.0, longitude=0.0, gps_altitude=0.0, barometric_altitude=226.826004, witness_battery_voltage=3.172
[23:08:38.060] RX[COM9]  03
[23:08:38.061] RX[COM9]  00 00 00 00 00 00 78 00 00 00 e6 b7 01 03 00 0b 68 0a
[23:08:38.066] PACKET[COM9] camera: fc_status=0b0000000000000000, fc_uptime=0, status=0b0111100000000000, uptime=59063, current_sense=[0.1, 0.3, 0.0], iris_battery_voltage=2.92
[23:08:38.067] RX[COM9]  ff
[23:08:38.068] RX[COM9]  67 00 00 01 d9 5b 0a
[23:08:38.070] PACKET[COM9] heartbeat: status=0b0110011100000000, uptime=121179
[23:08:38.124] RX[COM9]  f0
[23:08:38.126] RX[COM9]  00 00 01 67 a3 00 00 00 00 00 00 0a
[23:08:38.127] PACKET[COM9] ground_station_status: rssi=0, uptime=92067, reserved=[0, 0, 0, 0, 0, 0]
[23:08:38.742] RX[COM9]  01
[23:08:38.744] RX[COM9]  6f 00 00 01 dc 48 00 62 2c 00 00 7a 00 03 25 ff fc 00 01 ff ff 0a
[23:08:38.746] PACKET[COM9] sensors: status=0b0110111100000000, uptime=121928, filtered_accel=[1.00528, 0.00488, 0.0322], gyro=[-0.28, 0.07, -0.07]
[23:08:38.993] RX[COM9]  02
[23:08:38.995] RX[COM9]  6f 00 00 01 dd 43 00 00 00 00 00 00 00 00 00 00 00 00 00 00 00 00 00 00 00 00 00 00 00 00 00 00 00 00 00 00 00 00 00 00 00 00 00 00 00 00 00 00 00 00 00 00 00 00 00 00 43 62 92 85 0c 60 0a
[23:08:38.997] PACKET[COM9] state: status=0b0110111100000000, uptime=122179, orientation=[0.0, 0.0, 0.0, 0.0], position=[0.0, 0.0, 0.0], velocity=[0.0, 0.0, 0.0], latitude=0.0, longitude=0.0, gps_altitude=0.0, barometric_altitude=226.572342, witness_battery_voltage=3.168
[23:08:39.057] RX[COM9]  03
[23:08:39.059] RX[COM9]  00 00 00 00 00 00 78 00 00 00 ea 9f 01 04 00 0b 2c 0a
[23:08:39.064] PACKET[COM9] camera: fc_status=0b0000000000000000, fc_uptime=0, status=0b0111100000000000, uptime=60063, current_sense=[0.1, 0.4, 0.0], iris_battery_voltage=2.86
[23:08:39.121] RX[COM9]  ff
[23:08:39.123] RX[COM9]  6e 00 00 01 dd 43 0a
[23:08:39.126] PACKET[COM9] heartbeat: status=0b0110111000000000, uptime=122179
[23:08:39.127] RX[COM9]  f0
[23:08:39.129] RX[COM9]  00 00 01 6b 8b 00 00 00 00 00 00 0a
[23:08:39.130] PACKET[COM9] ground_station_status: rssi=0, uptime=93067, reserved=[0, 0, 0, 0, 0, 0]
[23:08:39.725] RX[COM9]  01
[23:08:39.726] RX[COM9]  6e 00 00 01 e0 30 00 62 51 00 00 dc 00 03 3e ff fd 00 01 ff fe 0a
[23:08:39.728] PACKET[COM9] sensors: status=0b0110111000000000, uptime=122928, filtered_accel=[1.00676, 0.0088, 0.0332], gyro=[-0.21, 0.07, -0.14]
[23:08:39.982] RX[COM9]  02
[23:08:39.986] RX[COM9]  66 00 00 01 e1 2b 00 00 00 00 00 00 00 00 00 00 00 00 00 00 00 00 00 00 00 00 00 00 00 00 00 00 00 00 00 00 00 00 00 00 00 00 00 00 00 00 00 00 00 00 00 00 00 00 00 00 43 62 ff 6d 0c 64 0a
[23:08:39.988] PACKET[COM9] state: status=0b0110011000000000, uptime=123179, orientation=[0.0, 0.0, 0.0, 0.0], position=[0.0, 0.0, 0.0], velocity=[0.0, 0.0, 0.0], latitude=0.0, longitude=0.0, gps_altitude=0.0, barometric_altitude=226.997757, witness_battery_voltage=3.172
[23:08:40.048] RX[COM9]  03
[23:08:40.050] RX[COM9]  00 00 00 00 00 00 78 00 00 00 ee 87 01 04 00 0b 14 0a
[23:08:40.053] PACKET[COM9] camera: fc_status=0b0000000000000000, fc_uptime=0, status=0b0111100000000000, uptime=61063, current_sense=[0.1, 0.4, 0.0], iris_battery_voltage=2.836
[23:08:40.111] RX[COM9]  ff
[23:08:40.113] RX[COM9]  67 00 00 01 e1 2b 0a
[23:08:40.114] PACKET[COM9] heartbeat: status=0b0110011100000000, uptime=123179
[23:08:40.115] RX[COM9]  f0
[23:08:40.116] RX[COM9]  00 00 01 6f 73 00 00 00 00 00 00 0a
[23:08:40.116] PACKET[COM9] ground_station_status: rssi=0, uptime=94067, reserved=[0, 0, 0, 0, 0, 0]
[23:08:40.720] RX[COM9]  01
[23:08:40.721] RX[COM9]  67 00 00 01 e4 18 00 62 2c 00 00 55 00 03 31 ff fc 00 02 ff ff 0a
[23:08:40.723] PACKET[COM9] sensors: status=0b0110011100000000, uptime=123928, filtered_accel=[1.00528, 0.0034, 0.03268], gyro=[-0.28, 0.14, -0.07]
[23:08:40.975] RX[COM9]  02
[23:08:40.979] RX[COM9]  6f 00 00 01 e5 13 00 00 00 00 00 00 00 00 00 00 00 00 00 00 00 00 00 00 00 00 00 00 00 00 00 00 00 00 00 00 00 00 00 00 00 00 00 00 00 00 00 00 00 00 00 00 00 00 00 00 43 63 15 12 0c 58 0a
[23:08:40.982] PACKET[COM9] state: status=0b0110111100000000, uptime=124179, orientation=[0.0, 0.0, 0.0, 0.0], position=[0.0, 0.0, 0.0], velocity=[0.0, 0.0, 0.0], latitude=0.0, longitude=0.0, gps_altitude=0.0, barometric_altitude=227.082306, witness_battery_voltage=3.16
[23:08:41.039] RX[COM9]  03
[23:08:41.043] RX[COM9]  00 00 00 00 00 00 78 00 00 00 f2 6f 01 04 00 0a e0 0a
[23:08:41.046] PACKET[COM9] camera: fc_status=0b0000000000000000, fc_uptime=0, status=0b0111100000000000, uptime=62063, current_sense=[0.1, 0.4, 0.0], iris_battery_voltage=2.784
[23:08:41.102] RX[COM9]  ff
[23:08:41.104] RX[COM9]  6e 00 00 01 e5 13 0a
[23:08:41.105] PACKET[COM9] heartbeat: status=0b0110111000000000, uptime=124179
[23:08:41.106] RX[COM9]  f0
[23:08:41.106] RX[COM9]  00 00 01 73 5b 00 00 00 00 00 00 0a
[23:08:41.107] PACKET[COM9] ground_station_status: rssi=0, uptime=95067, reserved=[0, 0, 0, 0, 0, 0]
[23:08:41.714] RX[COM9]  01
[23:08:41.717] RX[COM9]  6e 00 00 01 e8 00 00 62 38 00 00 55 00 03 31 ff fc 00 01 ff fe 0a
[23:08:41.719] PACKET[COM9] sensors: status=0b0110111000000000, uptime=124928, filtered_accel=[1.00576, 0.0034, 0.03268], gyro=[-0.28, 0.07, -0.14]
[23:08:41.958] RX[COM9]  02
[23:08:41.960] RX[COM9]  66 00 00 01 e8 fb 00 00 00 00 00 00 00 00 00 00 00 00 00 00 00 00 00 00 00 00 00 00 00 00 00 00 00 00 00 00 00 00 00 00 00 00 00 00 00 00 00 00 00 00 00 00 00 00 00 00 43 63 40 5c 0c 64 0a
[23:08:41.962] PACKET[COM9] state: status=0b0110011000000000, uptime=125179, orientation=[0.0, 0.0, 0.0, 0.0], position=[0.0, 0.0, 0.0], velocity=[0.0, 0.0, 0.0], latitude=0.0, longitude=0.0, gps_altitude=0.0, barometric_altitude=227.251404, witness_battery_voltage=3.172
[23:08:42.022] RX[COM9]  03
[23:08:42.024] RX[COM9]  00 00 00 00 00 00 78 00 00 00 f6 57 01 04 00 0b 34 0a
[23:08:42.028] PACKET[COM9] camera: fc_status=0b0000000000000000, fc_uptime=0, status=0b0111100000000000, uptime=63063, current_sense=[0.1, 0.4, 0.0], iris_battery_voltage=2.868
[23:08:42.086] RX[COM9]  ff
[23:08:42.088] RX[COM9]  67 00 00 01 e8 fb 0a
[23:08:42.091] PACKET[COM9] heartbeat: status=0b0110011100000000, uptime=125179
[23:08:42.092] RX[COM9]  f0
[23:08:42.093] RX[COM9]  00 00 01 77 43 00 00 00 00 00 00 0a
[23:08:42.094] PACKET[COM9] ground_station_status: rssi=0, uptime=96067, reserved=[0, 0, 0, 0, 0, 0]
[23:08:42.712] RX[COM9]  01
[23:08:42.713] RX[COM9]  67 00 00 01 eb e8 00 62 38 00 00 62 00 03 31 ff fc 00 01 ff ff 0a
[23:08:42.716] PACKET[COM9] sensors: status=0b0110011100000000, uptime=125928, filtered_accel=[1.00576, 0.00392, 0.03268], gyro=[-0.28, 0.07, -0.07]
[23:08:42.952] RX[COM9]  02
[23:08:42.961] RX[COM9]  6f 00 00 01 ec e3 00 00 00 00 00 00 00 00 00 00 00 00 00 00 00 00 00 00 00 00 00 00 00 00 00 00 00 00 00 00 00 00 00 00 00 00 00 00 00 00 00 00 00 00 00 00 00 00 00 00 43 63 56 af 0c 68 0a
[23:08:42.964] PACKET[COM9] state: status=0b0110111100000000, uptime=126179, orientation=[0.0, 0.0, 0.0, 0.0], position=[0.0, 0.0, 0.0], velocity=[0.0, 0.0, 0.0], latitude=0.0, longitude=0.0, gps_altitude=0.0, barometric_altitude=227.338608, witness_battery_voltage=3.176
[23:08:43.015] RX[COM9]  03
[23:08:43.016] RX[COM9]  00 00 00 00 00 00 78 00 00 00 fa 3f 01 05 00 0b 10 0a
[23:08:43.018] PACKET[COM9] camera: fc_status=0b0000000000000000, fc_uptime=0, status=0b0111100000000000, uptime=64063, current_sense=[0.1, 0.5, 0.0], iris_battery_voltage=2.832
[23:08:43.081] RX[COM9]  ff
[23:08:43.082] RX[COM9]  6e 00 00 01 ec e3 0a
[23:08:43.083] PACKET[COM9] heartbeat: status=0b0110111000000000, uptime=126179
[23:08:43.084] RX[COM9]  f0
[23:08:43.084] RX[COM9]  00 00 01 7b 2b 00 00 00 00 00 00 0a
[23:08:43.085] PACKET[COM9] ground_station_status: rssi=0, uptime=97067, reserved=[0, 0, 0, 0, 0, 0]
[23:08:43.757] RX[COM9]  01
[23:08:43.758] RX[COM9]  6e 00 00 01 ef d0 00 62 20 00 00 62 00 03 3e ff fc 00 02 ff fe 0a
[23:08:43.761] PACKET[COM9] sensors: status=0b0110111000000000, uptime=126928, filtered_accel=[1.0048, 0.00392, 0.0332], gyro=[-0.28, 0.14, -0.14]
[23:08:43.983] RX[COM9]  02
[23:08:43.984] RX[COM9]  66 00 00 01 f0 cb 00 00 00 00 00 00 00 00 00 00 00 00 00 00 00 00 00 00 00 00 00 00 00 00 00 00 00 00 00 00 00 00 00 00 00 00 00 00 00 00 00 00 00 00 00 00 00 00 00 00 43 63 40 5c 0c 68 0a
[23:08:43.985] PACKET[COM9] state: status=0b0110011000000000, uptime=127179, orientation=[0.0, 0.0, 0.0, 0.0], position=[0.0, 0.0, 0.0], velocity=[0.0, 0.0, 0.0], latitude=0.0, longitude=0.0, gps_altitude=0.0, barometric_altitude=227.251404, witness_battery_voltage=3.176
[23:08:44.042] RX[COM9]  03
[23:08:44.043] RX[COM9]  00 00 00 00 00 00 78 00 00 00 fe 27 01 04 00 0b 54 0a
[23:08:44.045] PACKET[COM9] camera: fc_status=0b0000000000000000, fc_uptime=0, status=0b0111100000000000, uptime=65063, current_sense=[0.1, 0.4, 0.0], iris_battery_voltage=2.9
[23:08:44.106] RX[COM9]  ff
[23:08:44.108] RX[COM9]  67 00 00 01 f0 cb 0a
[23:08:44.110] PACKET[COM9] heartbeat: status=0b0110011100000000, uptime=127179
[23:08:44.110] RX[COM9]  f0
[23:08:44.111] RX[COM9]  00 00 01 7f 13 00 00 00 00 00 00 0a
[23:08:44.112] PACKET[COM9] ground_station_status: rssi=0, uptime=98067, reserved=[0, 0, 0, 0, 0, 0]
[23:08:44.716] RX[COM9]  01
[23:08:44.718] RX[COM9]  67 00 00 01 f3 b8 00 62 20 00 00 7a 00 03 31 ff fc 00 01 ff fe 0a
[23:08:44.721] PACKET[COM9] sensors: status=0b0110011100000000, uptime=127928, filtered_accel=[1.0048, 0.00488, 0.03268], gyro=[-0.28, 0.07, -0.14]
[23:08:44.960] RX[COM9]  02
[23:08:44.960] RX[COM9]  6f 00 00 01 f4 b3 00 00 00 00 00 00 00 00 00 00 00 00 00 00 00 00 00 00 00 00 00 00 00 00 00 00 00 00 00 00 00 00 00 00 00 00 00 00 00 00 00 00 00 00 00 00 00 00 00 00 43 63 15 12 0c 60 0a
[23:08:44.962] PACKET[COM9] state: status=0b0110111100000000, uptime=128179, orientation=[0.0, 0.0, 0.0, 0.0], position=[0.0, 0.0, 0.0], velocity=[0.0, 0.0, 0.0], latitude=0.0, longitude=0.0, gps_altitude=0.0, barometric_altitude=227.082306, witness_battery_voltage=3.168
[23:08:45.025] RX[COM9]  03
[23:08:45.026] RX[COM9]  00 00 00 00 00 00 78 00 00 01 02 0f 01 04 00 0b 30 0a
[23:08:45.028] PACKET[COM9] camera: fc_status=0b0000000000000000, fc_uptime=0, status=0b0111100000000000, uptime=66063, current_sense=[0.1, 0.4, 0.0], iris_battery_voltage=2.864
[23:08:45.089] RX[COM9]  ff
[23:08:45.091] RX[COM9]  6e 00 00 01 f4 b3 0a
[23:08:45.093] PACKET[COM9] heartbeat: status=0b0110111000000000, uptime=128179
[23:08:45.093] RX[COM9]  f0
[23:08:45.094] RX[COM9]  00 00 01 82 fb 00 00 00 00 00 00 0a
[23:08:45.095] PACKET[COM9] ground_station_status: rssi=0, uptime=99067, reserved=[0, 0, 0, 0, 0, 0]
[23:08:45.719] RX[COM9]  01
[23:08:45.721] RX[COM9]  6e 00 00 01 f7 a0 00 62 2c 00 00 55 00 03 19 ff fc 00 01 ff fe 0a
[23:08:45.723] PACKET[COM9] sensors: status=0b0110111000000000, uptime=128928, filtered_accel=[1.00528, 0.0034, 0.03172], gyro=[-0.28, 0.07, -0.14]
[23:08:45.978] RX[COM9]  02
[23:08:45.984] RX[COM9]  6e 00 00 01 f8 9b 00 00 00 00 00 00 00 00 00 00 00 00 00 00 00 00 00 00 00 00 00 00 00 00 00 00 00 00 00 00 00 00 00 00 00 00 00 00 00 00 00 00 00 00 00 00 00 00 00 00 43 63 2a b7 0c 68 0a
[23:08:45.987] PACKET[COM9] state: status=0b0110111000000000, uptime=129179, orientation=[0.0, 0.0, 0.0, 0.0], position=[0.0, 0.0, 0.0], velocity=[0.0, 0.0, 0.0], latitude=0.0, longitude=0.0, gps_altitude=0.0, barometric_altitude=227.166855, witness_battery_voltage=3.176
[23:08:46.041] RX[COM9]  03
[23:08:46.042] RX[COM9]  00 00 00 00 00 00 78 00 00 01 05 f7 01 04 00 0b 50 0a
[23:08:46.045] PACKET[COM9] camera: fc_status=0b0000000000000000, fc_uptime=0, status=0b0111100000000000, uptime=67063, current_sense=[0.1, 0.4, 0.0], iris_battery_voltage=2.896
[23:08:46.096] RX[COM9]  ff
[23:08:46.098] RX[COM9]  6f 00 00 01 f8 9b 0a
[23:08:46.099] PACKET[COM9] heartbeat: status=0b0110111100000000, uptime=129179
[23:08:46.100] RX[COM9]  f0
[23:08:46.101] RX[COM9]  00 00 01 86 e3 00 00 00 00 00 00 0a
[23:08:46.102] PACKET[COM9] ground_station_status: rssi=0, uptime=100067, reserved=[0, 0, 0, 0, 0, 0]
[23:08:46.719] RX[COM9]  01
[23:08:46.720] RX[COM9]  67 00 00 01 fb 88 00 62 2c 00 00 86 00 03 19 ff fc 00 01 ff fe 0a
[23:08:46.722] PACKET[COM9] sensors: status=0b0110011100000000, uptime=129928, filtered_accel=[1.00528, 0.00536, 0.03172], gyro=[-0.28, 0.07, -0.14]
[23:08:46.948] RX[COM9]  02
[23:08:46.952] RX[COM9]  67 00 00 01 fc 83 00 00 00 00 00 00 00 00 00 00 00 00 00 00 00 00 00 00 00 00 00 00 00 00 00 00 00 00 00 00 00 00 00 00 00 00 00 00 00 00 00 00 00 00 00 00 00 00 00 00 43 62 bd d0 0c 64 0a
[23:08:46.956] PACKET[COM9] state: status=0b0110011100000000, uptime=130179, orientation=[0.0, 0.0, 0.0, 0.0], position=[0.0, 0.0, 0.0], velocity=[0.0, 0.0, 0.0], latitude=0.0, longitude=0.0, gps_altitude=0.0, barometric_altitude=226.741455, witness_battery_voltage=3.172
[23:08:47.014] RX[COM9]  03
[23:08:47.015] RX[COM9]  00 00 00 00 00 00 78 00 00 01 09 df 01 04 00 0b 20 0a
[23:08:47.018] PACKET[COM9] camera: fc_status=0b0000000000000000, fc_uptime=0, status=0b0111100000000000, uptime=68063, current_sense=[0.1, 0.4, 0.0], iris_battery_voltage=2.848
[23:08:47.079] RX[COM9]  ff
[23:08:47.082] RX[COM9]  66 00 00 01 fc 83 0a
[23:08:47.084] PACKET[COM9] heartbeat: status=0b0110011000000000, uptime=130179
[23:08:47.085] RX[COM9]  f0
[23:08:47.085] RX[COM9]  00 00 01 8a cb 00 00 00 00 00 00 0a
[23:08:47.086] PACKET[COM9] ground_station_status: rssi=0, uptime=101067, reserved=[0, 0, 0, 0, 0, 0]
[23:08:47.708] RX[COM9]  01
[23:08:47.709] RX[COM9]  6e 00 00 01 ff 70 00 62 20 00 00 6e 00 03 25 ff fd 00 02 ff fe 0a
[23:08:47.711] PACKET[COM9] sensors: status=0b0110111000000000, uptime=130928, filtered_accel=[1.0048, 0.0044, 0.0322], gyro=[-0.21, 0.14, -0.14]
[23:08:47.949] RX[COM9]  02
[23:08:47.953] RX[COM9]  6e 00 00 02 00 6b 00 00 00 00 00 00 00 00 00 00 00 00 00 00 00 00 00 00 00 00 00 00 00 00 00 00 00 00 00 00 00 00 00 00 00 00 00 00 00 00 00 00 00 00 00 00 00 00 00 00 43 62 e9 c7 0c 64 0a
[23:08:47.958] PACKET[COM9] state: status=0b0110111000000000, uptime=131179, orientation=[0.0, 0.0, 0.0, 0.0], position=[0.0, 0.0, 0.0], velocity=[0.0, 0.0, 0.0], latitude=0.0, longitude=0.0, gps_altitude=0.0, barometric_altitude=226.913193, witness_battery_voltage=3.172
[23:08:48.013] RX[COM9]  03
[23:08:48.014] RX[COM9]  00 00 00 00 00 00 78 00 00 01 0d c7 01 03 00 0b 50 0a
[23:08:48.016] PACKET[COM9] camera: fc_status=0b0000000000000000, fc_uptime=0, status=0b0111100000000000, uptime=69063, current_sense=[0.1, 0.3, 0.0], iris_battery_voltage=2.896
[23:08:48.077] RX[COM9]  ff
[23:08:48.081] RX[COM9]  6f 00 00 02 00 6b 0a
[23:08:48.083] PACKET[COM9] heartbeat: status=0b0110111100000000, uptime=131179
[23:08:48.083] RX[COM9]  f0
[23:08:48.084] RX[COM9]  00 00 01 8e b3 00 00 00 00 00 00 0a
[23:08:48.085] PACKET[COM9] ground_station_status: rssi=0, uptime=102067, reserved=[0, 0, 0, 0, 0, 0]
[23:08:48.743] RX[COM9]  01
[23:08:48.744] RX[COM9]  6f 00 00 02 03 58 00 62 2c 00 00 7a 00 03 31 ff fc 00 01 ff ff 0a
[23:08:48.746] PACKET[COM9] sensors: status=0b0110111100000000, uptime=131928, filtered_accel=[1.00528, 0.00488, 0.03268], gyro=[-0.28, 0.07, -0.07]
[23:08:48.968] RX[COM9]  02
[23:08:48.969] RX[COM9]  67 00 00 02 04 53 00 00 00 00 00 00 00 00 00 00 00 00 00 00 00 00 00 00 00 00 00 00 00 00 00 00 00 00 00 00 00 00 00 00 00 00 00 00 00 00 00 00 00 00 00 00 00 00 00 00 43 62 e9 c7 0c 60 0a
[23:08:48.970] PACKET[COM9] state: status=0b0110011100000000, uptime=132179, orientation=[0.0, 0.0, 0.0, 0.0], position=[0.0, 0.0, 0.0], velocity=[0.0, 0.0, 0.0], latitude=0.0, longitude=0.0, gps_altitude=0.0, barometric_altitude=226.913193, witness_battery_voltage=3.168
[23:08:49.029] RX[COM9]  03
[23:08:49.030] RX[COM9]  00 00 00 00 00 00 78 00 00 01 11 af 01 03 00 0b 74 0a
[23:08:49.033] PACKET[COM9] camera: fc_status=0b0000000000000000, fc_uptime=0, status=0b0111100000000000, uptime=70063, current_sense=[0.1, 0.3, 0.0], iris_battery_voltage=2.932
[23:08:49.093] RX[COM9]  ff
[23:08:49.095] RX[COM9]  66 00 00 02 04 53 0a
[23:08:49.096] PACKET[COM9] heartbeat: status=0b0110011000000000, uptime=132179
[23:08:49.097] RX[COM9]  f0
[23:08:49.097] RX[COM9]  00 00 01 92 9b 00 00 00 00 00 00 0a
[23:08:49.098] PACKET[COM9] ground_station_status: rssi=0, uptime=103067, reserved=[0, 0, 0, 0, 0, 0]
[23:08:49.755] RX[COM9]  01
[23:08:49.757] RX[COM9]  66 00 00 02 07 40 00 62 07 00 00 ab 00 03 01 ff fd 00 00 ff fc 0a
[23:08:49.759] PACKET[COM9] sensors: status=0b0110011000000000, uptime=132928, filtered_accel=[1.0038, 0.00684, 0.03076], gyro=[-0.21, 0.0, -0.28]
[23:08:49.978] RX[COM9]  02
[23:08:49.979] RX[COM9]  6e 00 00 02 08 3b 00 00 00 00 00 00 00 00 00 00 00 00 00 00 00 00 00 00 00 00 00 00 00 00 00 00 00 00 00 00 00 00 00 00 00 00 00 00 00 00 00 00 00 00 00 00 00 00 00 00 43 62 ff 6d 0c 64 0a
[23:08:49.981] PACKET[COM9] state: status=0b0110111000000000, uptime=133179, orientation=[0.0, 0.0, 0.0, 0.0], position=[0.0, 0.0, 0.0], velocity=[0.0, 0.0, 0.0], latitude=0.0, longitude=0.0, gps_altitude=0.0, barometric_altitude=226.997757, witness_battery_voltage=3.172
[23:08:50.038] RX[COM9]  03
[23:08:50.041] RX[COM9]  00 00 00 00 00 00 78 00 00 01 15 97 01 03 00 0b 5c 0a
[23:08:50.044] PACKET[COM9] camera: fc_status=0b0000000000000000, fc_uptime=0, status=0b0111100000000000, uptime=71063, current_sense=[0.1, 0.3, 0.0], iris_battery_voltage=2.908
[23:08:50.102] RX[COM9]  ff
[23:08:50.104] RX[COM9]  6f 00 00 02 08 3b 0a
[23:08:50.105] PACKET[COM9] heartbeat: status=0b0110111100000000, uptime=133179
[23:08:50.105] RX[COM9]  f0
[23:08:50.106] RX[COM9]  00 00 01 96 83 00 00 00 00 00 00 0a
[23:08:50.107] PACKET[COM9] ground_station_status: rssi=0, uptime=104067, reserved=[0, 0, 0, 0, 0, 0]
[23:08:50.711] RX[COM9]  01
[23:08:50.713] RX[COM9]  6f 00 00 02 0b 28 00 62 44 00 00 b7 00 03 25 ff fc 00 03 ff ff 0a
[23:08:50.715] PACKET[COM9] sensors: status=0b0110111100000000, uptime=133928, filtered_accel=[1.00624, 0.00732, 0.0322], gyro=[-0.28, 0.21, -0.07]
[23:08:50.965] RX[COM9]  02
[23:08:50.967] RX[COM9]  67 00 00 02 0c 23 00 00 00 00 00 00 00 00 00 00 00 00 00 00 00 00 00 00 00 00 00 00 00 00 00 00 00 00 00 00 00 00 00 00 00 00 00 00 00 00 00 00 00 00 00 00 00 00 00 00 43 63 2a b7 0c 58 0a
[23:08:50.969] PACKET[COM9] state: status=0b0110011100000000, uptime=134179, orientation=[0.0, 0.0, 0.0, 0.0], position=[0.0, 0.0, 0.0], velocity=[0.0, 0.0, 0.0], latitude=0.0, longitude=0.0, gps_altitude=0.0, barometric_altitude=227.166855, witness_battery_voltage=3.16
[23:08:51.031] RX[COM9]  03
[23:08:51.034] RX[COM9]  00 00 00 00 00 00 78 00 00 01 19 7f 01 04 00 0b 0c 0a
[23:08:51.036] PACKET[COM9] camera: fc_status=0b0000000000000000, fc_uptime=0, status=0b0111100000000000, uptime=72063, current_sense=[0.1, 0.4, 0.0], iris_battery_voltage=2.828
[23:08:51.093] RX[COM9]  ff
[23:08:51.095] RX[COM9]  66 00 00 02 0c 23 0a
[23:08:51.096] PACKET[COM9] heartbeat: status=0b0110011000000000, uptime=134179
[23:08:51.097] RX[COM9]  f0
[23:08:51.098] RX[COM9]  00 00 01 9a 6b 00 00 00 00 00 00 0a
[23:08:51.098] PACKET[COM9] ground_station_status: rssi=0, uptime=105067, reserved=[0, 0, 0, 0, 0, 0]
[23:08:51.718] RX[COM9]  01
[23:08:51.719] RX[COM9]  66 00 00 02 0f 10 00 62 14 00 00 86 00 03 56 ff fd 00 02 ff ff 0a
[23:08:51.722] PACKET[COM9] sensors: status=0b0110011000000000, uptime=134928, filtered_accel=[1.00432, 0.00536, 0.03416], gyro=[-0.21, 0.14, -0.07]
[23:08:51.959] RX[COM9]  02
[23:08:51.960] RX[COM9]  6e 00 00 02 10 0b 00 00 00 00 00 00 00 00 00 00 00 00 00 00 00 00 00 00 00 00 00 00 00 00 00 00 00 00 00 00 00 00 00 00 00 00 00 00 00 00 00 00 00 00 00 00 00 00 00 00 43 63 15 12 0c 58 0a
[23:08:51.962] PACKET[COM9] state: status=0b0110111000000000, uptime=135179, orientation=[0.0, 0.0, 0.0, 0.0], position=[0.0, 0.0, 0.0], velocity=[0.0, 0.0, 0.0], latitude=0.0, longitude=0.0, gps_altitude=0.0, barometric_altitude=227.082306, witness_battery_voltage=3.16
[23:08:52.025] RX[COM9]  03
[23:08:52.026] RX[COM9]  00 00 00 00 00 00 78 00 00 01 1d 67 01 04 00 0a cc 0a
[23:08:52.028] PACKET[COM9] camera: fc_status=0b0000000000000000, fc_uptime=0, status=0b0111100000000000, uptime=73063, current_sense=[0.1, 0.4, 0.0], iris_battery_voltage=2.764
[23:08:52.087] RX[COM9]  ff
[23:08:52.089] RX[COM9]  6f 00 00 02 10 0b 0a
[23:08:52.090] PACKET[COM9] heartbeat: status=0b0110111100000000, uptime=135179
[23:08:52.091] RX[COM9]  f0
[23:08:52.092] RX[COM9]  00 00 01 9e 53 00 00 00 00 00 00 0a
[23:08:52.092] PACKET[COM9] ground_station_status: rssi=0, uptime=106067, reserved=[0, 0, 0, 0, 0, 0]
[23:08:52.747] RX[COM9]  01
[23:08:52.749] RX[COM9]  6f 00 00 02 12 f8 00 62 2c 00 00 7a 00 03 3e ff fd 00 02 ff ff 0a
[23:08:52.753] PACKET[COM9] sensors: status=0b0110111100000000, uptime=135928, filtered_accel=[1.00528, 0.00488, 0.0332], gyro=[-0.21, 0.14, -0.07]
[23:08:52.975] RX[COM9]  02
[23:08:52.975] RX[COM9]  67 00 00 02 13 f3 00 00 00 00 00 00 00 00 00 00 00 00 00 00 00 00 00 00 00 00 00 00 00 00 00 00 00 00 00 00 00 00 00 00 00 00 00 00 00 00 00 00 00 00 00 00 00 00 00 00 43 62 e9 c7 0c 60 0a
[23:08:52.977] PACKET[COM9] state: status=0b0110011100000000, uptime=136179, orientation=[0.0, 0.0, 0.0, 0.0], position=[0.0, 0.0, 0.0], velocity=[0.0, 0.0, 0.0], latitude=0.0, longitude=0.0, gps_altitude=0.0, barometric_altitude=226.913193, witness_battery_voltage=3.168
[23:08:53.036] RX[COM9]  03
[23:08:53.038] RX[COM9]  00 00 00 00 00 00 78 00 00 01 21 4f 01 04 00 0b 20 0a
[23:08:53.042] PACKET[COM9] camera: fc_status=0b0000000000000000, fc_uptime=0, status=0b0111100000000000, uptime=74063, current_sense=[0.1, 0.4, 0.0], iris_battery_voltage=2.848
[23:08:53.100] RX[COM9]  ff
[23:08:53.103] RX[COM9]  66 00 00 02 13 f3 0a
[23:08:53.104] PACKET[COM9] heartbeat: status=0b0110011000000000, uptime=136179
[23:08:53.105] RX[COM9]  f0
[23:08:53.105] RX[COM9]  00 00 01 a2 3b 00 00 00 00 00 00 0a
[23:08:53.106] PACKET[COM9] ground_station_status: rssi=0, uptime=107067, reserved=[0, 0, 0, 0, 0, 0]
[23:08:53.707] RX[COM9]  01
[23:08:53.709] RX[COM9]  66 00 00 02 16 e0 00 62 20 00 00 7a 00 03 19 ff fd 00 01 ff ff 0a
[23:08:53.711] PACKET[COM9] sensors: status=0b0110011000000000, uptime=136928, filtered_accel=[1.0048, 0.00488, 0.03172], gyro=[-0.21, 0.07, -0.07]
[23:08:53.952] RX[COM9]  02
[23:08:53.958] RX[COM9]  6e 00 00 02 17 db 00 00 00 00 00 00 00 00 00 00 00 00 00 00 00 00 00 00 00 00 00 00 00 00 00 00 00 00 00 00 00 00 00 00 00 00 00 00 00 00 00 00 00 00 00 00 00 00 00 00 43 62 d3 75 0c 50 0a
[23:08:53.962] PACKET[COM9] state: status=0b0110111000000000, uptime=137179, orientation=[0.0, 0.0, 0.0, 0.0], position=[0.0, 0.0, 0.0], velocity=[0.0, 0.0, 0.0], latitude=0.0, longitude=0.0, gps_altitude=0.0, barometric_altitude=226.826004, witness_battery_voltage=3.152
[23:08:54.016] RX[COM9]  03
[23:08:54.017] RX[COM9]  00 00 00 00 00 00 78 00 00 01 25 37 01 04 00 0b 48 0a
[23:08:54.020] PACKET[COM9] camera: fc_status=0b0000000000000000, fc_uptime=0, status=0b0111100000000000, uptime=75063, current_sense=[0.1, 0.4, 0.0], iris_battery_voltage=2.888
[23:08:54.080] RX[COM9]  ff
[23:08:54.081] RX[COM9]  6f 00 00 02 17 db 0a
[23:08:54.083] PACKET[COM9] heartbeat: status=0b0110111100000000, uptime=137179
[23:08:54.083] RX[COM9]  f0
[23:08:54.084] RX[COM9]  00 00 01 a6 23 00 00 00 00 00 00 0a
[23:08:54.085] PACKET[COM9] ground_station_status: rssi=0, uptime=108067, reserved=[0, 0, 0, 0, 0, 0]
[23:08:54.724] RX[COM9]  01
[23:08:54.725] RX[COM9]  6f 00 00 02 1a c8 00 62 20 00 00 62 00 03 56 ff fc 00 03 ff fe 0a
[23:08:54.727] PACKET[COM9] sensors: status=0b0110111100000000, uptime=137928, filtered_accel=[1.0048, 0.00392, 0.03416], gyro=[-0.28, 0.21, -0.14]
[23:08:54.954] RX[COM9]  02
[23:08:54.957] RX[COM9]  6f 00 00 02 1b c3 00 00 00 00 00 00 00 00 00 00 00 00 00 00 00 00 00 00 00 00 00 00 00 00 00 00 00 00 00 00 00 00 00 00 00 00 00 00 00 00 00 00 00 00 00 00 00 00 00 00 43 62 ff 6d 0c 58 0a
[23:08:54.960] PACKET[COM9] state: status=0b0110111100000000, uptime=138179, orientation=[0.0, 0.0, 0.0, 0.0], position=[0.0, 0.0, 0.0], velocity=[0.0, 0.0, 0.0], latitude=0.0, longitude=0.0, gps_altitude=0.0, barometric_altitude=226.997757, witness_battery_voltage=3.16
[23:08:55.014] RX[COM9]  03
[23:08:55.016] RX[COM9]  00 00 00 00 00 00 78 00 00 01 29 1f 01 04 00 0b 14 0a
[23:08:55.019] PACKET[COM9] camera: fc_status=0b0000000000000000, fc_uptime=0, status=0b0111100000000000, uptime=76063, current_sense=[0.1, 0.4, 0.0], iris_battery_voltage=2.836
[23:08:55.076] RX[COM9]  ff
[23:08:55.078] RX[COM9]  6e 00 00 02 1b c3 0a
[23:08:55.079] PACKET[COM9] heartbeat: status=0b0110111000000000, uptime=138179
[23:08:55.081] RX[COM9]  f0
[23:08:55.082] RX[COM9]  00 00 01 aa 0b 00 00 00 00 00 00 0a
[23:08:55.083] PACKET[COM9] ground_station_status: rssi=0, uptime=109067, reserved=[0, 0, 0, 0, 0, 0]
[23:08:55.762] RX[COM9]  01
[23:08:55.764] RX[COM9]  66 00 00 02 1e b0 00 62 38 00 00 6e 00 03 3e ff fd 00 03 ff ff 0a
[23:08:55.766] PACKET[COM9] sensors: status=0b0110011000000000, uptime=138928, filtered_accel=[1.00576, 0.0044, 0.0332], gyro=[-0.21, 0.21, -0.07]
[23:08:55.985] RX[COM9]  02
[23:08:55.990] RX[COM9]  6e 00 00 02 1f ab 00 00 00 00 00 00 00 00 00 00 00 00 00 00 00 00 00 00 00 00 00 00 00 00 00 00 00 00 00 00 00 00 00 00 00 00 00 00 00 00 00 00 00 00 00 00 00 00 00 00 43 63 15 12 0c 50 0a
[23:08:55.995] PACKET[COM9] state: status=0b0110111000000000, uptime=139179, orientation=[0.0, 0.0, 0.0, 0.0], position=[0.0, 0.0, 0.0], velocity=[0.0, 0.0, 0.0], latitude=0.0, longitude=0.0, gps_altitude=0.0, barometric_altitude=227.082306, witness_battery_voltage=3.152
[23:08:56.049] RX[COM9]  03
[23:08:56.050] RX[COM9]  00 00 00 00 00 00 78 00 00 01 2d 07 01 04 00 0b 54 0a
[23:08:56.052] PACKET[COM9] camera: fc_status=0b0000000000000000, fc_uptime=0, status=0b0111100000000000, uptime=77063, current_sense=[0.1, 0.4, 0.0], iris_battery_voltage=2.9
[23:08:56.103] RX[COM9]  ff
[23:08:56.104] RX[COM9]  6f 00 00 02 1f ab 0a
[23:08:56.108] PACKET[COM9] heartbeat: status=0b0110111100000000, uptime=139179
[23:08:56.109] RX[COM9]  f0
[23:08:56.109] RX[COM9]  00 00 01 ad f3 00 00 00 00 00 00 0a
[23:08:56.110] PACKET[COM9] ground_station_status: rssi=0, uptime=110067, reserved=[0, 0, 0, 0, 0, 0]
[23:08:56.749] RX[COM9]  01
[23:08:56.750] RX[COM9]  6f 00 00 02 22 98 00 62 07 00 00 86 00 03 0d ff fb 00 02 ff fe 0a
[23:08:56.752] PACKET[COM9] sensors: status=0b0110111100000000, uptime=139928, filtered_accel=[1.0038, 0.00536, 0.03124], gyro=[-0.35, 0.14, -0.14]
[23:08:56.989] RX[COM9]  02
[23:08:56.995] RX[COM9]  6f 00 00 02 23 93 00 00 00 00 00 00 00 00 00 00 00 00 00 00 00 00 00 00 00 00 00 00 00 00 00 00 00 00 00 00 00 00 00 00 00 00 00 00 00 00 00 00 00 00 00 00 00 00 00 00 43 63 40 5c 0c 60 0a
[23:08:56.999] PACKET[COM9] state: status=0b0110111100000000, uptime=140179, orientation=[0.0, 0.0, 0.0, 0.0], position=[0.0, 0.0, 0.0], velocity=[0.0, 0.0, 0.0], latitude=0.0, longitude=0.0, gps_altitude=0.0, barometric_altitude=227.251404, witness_battery_voltage=3.168
[23:08:57.051] RX[COM9]  03
[23:08:57.053] RX[COM9]  00 00 00 00 00 00 78 00 00 01 30 ef 01 04 00 0b 68 0a
[23:08:57.056] PACKET[COM9] camera: fc_status=0b0000000000000000, fc_uptime=0, status=0b0111100000000000, uptime=78063, current_sense=[0.1, 0.4, 0.0], iris_battery_voltage=2.92
[23:08:57.117] RX[COM9]  ff
[23:08:57.118] RX[COM9]  6e 00 00 02 23 93 0a
[23:08:57.120] PACKET[COM9] heartbeat: status=0b0110111000000000, uptime=140179
[23:08:57.120] RX[COM9]  f0
[23:08:57.121] RX[COM9]  00 00 01 b1 db 00 00 00 00 00 00 0a
[23:08:57.122] PACKET[COM9] ground_station_status: rssi=0, uptime=111067, reserved=[0, 0, 0, 0, 0, 0]
[23:08:57.751] RX[COM9]  01
[23:08:57.752] RX[COM9]  6e 00 00 02 26 80 00 62 2c 00 00 7a 00 02 f4 ff fd 00 01 ff ff 0a
[23:08:57.753] PACKET[COM9] sensors: status=0b0110111000000000, uptime=140928, filtered_accel=[1.00528, 0.00488, 0.03024], gyro=[-0.21, 0.07, -0.07]
[23:08:57.975] RX[COM9]  02
[23:08:57.975] RX[COM9]  66 00 00 02 27 7b 00 00 00 00 00 00 00 00 00 00 00 00 00 00 00 00 00 00 00 00 00 00 00 00 00 00 00 00 00 00 00 00 00 00 00 00 00 00 00 00 00 00 00 00 00 00 00 00 00 00 43 63 56 af 0c 58 0a
[23:08:57.977] PACKET[COM9] state: status=0b0110011000000000, uptime=141179, orientation=[0.0, 0.0, 0.0, 0.0], position=[0.0, 0.0, 0.0], velocity=[0.0, 0.0, 0.0], latitude=0.0, longitude=0.0, gps_altitude=0.0, barometric_altitude=227.338608, witness_battery_voltage=3.16
[23:08:58.035] RX[COM9]  03
[23:08:58.036] RX[COM9]  00 00 00 00 00 00 78 00 00 01 34 d7 01 04 00 0b 14 0a
[23:08:58.039] PACKET[COM9] camera: fc_status=0b0000000000000000, fc_uptime=0, status=0b0111100000000000, uptime=79063, current_sense=[0.1, 0.4, 0.0], iris_battery_voltage=2.836
[23:08:58.089] RX[COM9]  ff
[23:08:58.091] RX[COM9]  67 00 00 02 27 7b 0a
[23:08:58.093] PACKET[COM9] heartbeat: status=0b0110011100000000, uptime=141179
[23:08:58.094] RX[COM9]  f0
[23:08:58.095] RX[COM9]  00 00 01 b5 c3 00 00 00 00 00 00 0a
[23:08:58.096] PACKET[COM9] ground_station_status: rssi=0, uptime=112067, reserved=[0, 0, 0, 0, 0, 0]
[23:08:58.707] RX[COM9]  01
[23:08:58.709] RX[COM9]  67 00 00 02 2a 68 00 62 2c 00 00 55 00 03 3e ff fd 00 01 ff ff 0a
[23:08:58.711] PACKET[COM9] sensors: status=0b0110011100000000, uptime=141928, filtered_accel=[1.00528, 0.0034, 0.0332], gyro=[-0.21, 0.07, -0.07]
[23:08:58.964] RX[COM9]  02
[23:08:58.966] RX[COM9]  6f 00 00 02 2b 63 00 00 00 00 00 00 00 00 00 00 00 00 00 00 00 00 00 00 00 00 00 00 00 00 00 00 00 00 00 00 00 00 00 00 00 00 00 00 00 00 00 00 00 00 00 00 00 00 00 00 43 62 bd d0 0c 60 0a
[23:08:58.968] PACKET[COM9] state: status=0b0110111100000000, uptime=142179, orientation=[0.0, 0.0, 0.0, 0.0], position=[0.0, 0.0, 0.0], velocity=[0.0, 0.0, 0.0], latitude=0.0, longitude=0.0, gps_altitude=0.0, barometric_altitude=226.741455, witness_battery_voltage=3.168
[23:08:59.027] RX[COM9]  03
[23:08:59.028] RX[COM9]  00 00 00 00 00 00 78 00 00 01 38 bf 01 03 00 0b 4c 0a
[23:08:59.031] PACKET[COM9] camera: fc_status=0b0000000000000000, fc_uptime=0, status=0b0111100000000000, uptime=80063, current_sense=[0.1, 0.3, 0.0], iris_battery_voltage=2.892
[23:08:59.092] RX[COM9]  ff
[23:08:59.093] RX[COM9]  6e 00 00 02 2b 63 0a
[23:08:59.095] PACKET[COM9] heartbeat: status=0b0110111000000000, uptime=142179
[23:08:59.096] RX[COM9]  f0
[23:08:59.096] RX[COM9]  00 00 01 b9 ab 00 00 00 00 00 00 0a
[23:08:59.097] PACKET[COM9] ground_station_status: rssi=0, uptime=113067, reserved=[0, 0, 0, 0, 0, 0]
[23:08:59.720] RX[COM9]  01
[23:08:59.722] RX[COM9]  6e 00 00 02 2e 50 00 62 2c 00 00 6e 00 03 0d ff fc 00 01 ff fe 0a
[23:08:59.726] PACKET[COM9] sensors: status=0b0110111000000000, uptime=142928, filtered_accel=[1.00528, 0.0044, 0.03124], gyro=[-0.28, 0.07, -0.14]
[23:08:59.980] RX[COM9]  02
[23:08:59.987] RX[COM9]  66 00 00 02 2f 4b 00 00 00 00 00 00 00 00 00 00 00 00 00 00 00 00 00 00 00 00 00 00 00 00 00 00 00 00 00 00 00 00 00 00 00 00 00 00 00 00 00 00 00 00 00 00 00 00 00 00 43 63 56 af 0c 58 0a
[23:08:59.990] PACKET[COM9] state: status=0b0110011000000000, uptime=143179, orientation=[0.0, 0.0, 0.0, 0.0], position=[0.0, 0.0, 0.0], velocity=[0.0, 0.0, 0.0], latitude=0.0, longitude=0.0, gps_altitude=0.0, barometric_altitude=227.338608, witness_battery_voltage=3.16
[23:09:00.043] RX[COM9]  03
[23:09:00.045] RX[COM9]  00 00 00 00 00 00 78 00 00 01 3c a7 01 03 00 0b 48 0a
[23:09:00.047] PACKET[COM9] camera: fc_status=0b0000000000000000, fc_uptime=0, status=0b0111100000000000, uptime=81063, current_sense=[0.1, 0.3, 0.0], iris_battery_voltage=2.888
[23:09:00.109] RX[COM9]  ff
[23:09:00.112] RX[COM9]  67 00 00 02 2f 4b 0a
[23:09:00.113] PACKET[COM9] heartbeat: status=0b0110011100000000, uptime=143179
[23:09:00.113] RX[COM9]  f0
[23:09:00.114] RX[COM9]  00 00 01 bd 93 00 00 00 00 00 00 0a
[23:09:00.115] PACKET[COM9] ground_station_status: rssi=0, uptime=114067, reserved=[0, 0, 0, 0, 0, 0]
[23:09:00.718] RX[COM9]  01
[23:09:00.721] RX[COM9]  67 00 00 02 32 38 00 62 14 00 00 55 00 03 31 ff fd 00 01 ff fe 0a
[23:09:00.723] PACKET[COM9] sensors: status=0b0110011100000000, uptime=143928, filtered_accel=[1.00432, 0.0034, 0.03268], gyro=[-0.21, 0.07, -0.14]
[23:09:00.976] RX[COM9]  02
[23:09:00.981] RX[COM9]  6f 00 00 02 33 33 00 00 00 00 00 00 00 00 00 00 00 00 00 00 00 00 00 00 00 00 00 00 00 00 00 00 00 00 00 00 00 00 00 00 00 00 00 00 00 00 00 00 00 00 00 00 00 00 00 00 43 63 2a b7 0c 60 0a
[23:09:00.984] PACKET[COM9] state: status=0b0110111100000000, uptime=144179, orientation=[0.0, 0.0, 0.0, 0.0], position=[0.0, 0.0, 0.0], velocity=[0.0, 0.0, 0.0], latitude=0.0, longitude=0.0, gps_altitude=0.0, barometric_altitude=227.166855, witness_battery_voltage=3.168
[23:09:01.041] RX[COM9]  03
[23:09:01.043] RX[COM9]  00 00 00 00 00 00 78 00 00 01 40 8f 01 04 00 0b 20 0a
[23:09:01.045] PACKET[COM9] camera: fc_status=0b0000000000000000, fc_uptime=0, status=0b0111100000000000, uptime=82063, current_sense=[0.1, 0.4, 0.0], iris_battery_voltage=2.848
[23:09:01.106] RX[COM9]  ff
[23:09:01.110] RX[COM9]  6e 00 00 02 33 33 0a
[23:09:01.112] PACKET[COM9] heartbeat: status=0b0110111000000000, uptime=144179
[23:09:01.113] RX[COM9]  f0
[23:09:01.114] RX[COM9]  00 00 01 c1 7b 00 00 00 00 00 00 0a
[23:09:01.117] PACKET[COM9] ground_station_status: rssi=0, uptime=115067, reserved=[0, 0, 0, 0, 0, 0]
[23:09:01.717] RX[COM9]  01
[23:09:01.719] RX[COM9]  6e 00 00 02 36 20 00 62 20 00 00 f4 00 03 31 ff fc 00 01 ff ff 0a
[23:09:01.721] PACKET[COM9] sensors: status=0b0110111000000000, uptime=144928, filtered_accel=[1.0048, 0.00976, 0.03268], gyro=[-0.28, 0.07, -0.07]
[23:09:01.957] RX[COM9]  02
[23:09:01.961] RX[COM9]  66 00 00 02 37 1b 00 00 00 00 00 00 00 00 00 00 00 00 00 00 00 00 00 00 00 00 00 00 00 00 00 00 00 00 00 00 00 00 00 00 00 00 00 00 00 00 00 00 00 00 00 00 00 00 00 00 43 62 e9 c7 0c 4c 0a
[23:09:01.965] PACKET[COM9] state: status=0b0110011000000000, uptime=145179, orientation=[0.0, 0.0, 0.0, 0.0], position=[0.0, 0.0, 0.0], velocity=[0.0, 0.0, 0.0], latitude=0.0, longitude=0.0, gps_altitude=0.0, barometric_altitude=226.913193, witness_battery_voltage=3.148
[23:09:02.021] RX[COM9]  03
[23:09:02.023] RX[COM9]  00 00 00 00 00 00 78 00 00 01 44 77 01 04 00 0a bc 0a
[23:09:02.025] PACKET[COM9] camera: fc_status=0b0000000000000000, fc_uptime=0, status=0b0111100000000000, uptime=83063, current_sense=[0.1, 0.4, 0.0], iris_battery_voltage=2.748
[23:09:02.086] RX[COM9]  ff
[23:09:02.088] RX[COM9]  67 00 00 02 37 1b 0a
[23:09:02.090] PACKET[COM9] heartbeat: status=0b0110011100000000, uptime=145179
[23:09:02.091] RX[COM9]  f0
[23:09:02.091] RX[COM9]  00 00 01 c5 63 00 00 00 00 00 00 0a
[23:09:02.092] PACKET[COM9] ground_station_status: rssi=0, uptime=116067, reserved=[0, 0, 0, 0, 0, 0]
[23:09:02.711] RX[COM9]  01
[23:09:02.713] RX[COM9]  67 00 00 02 3a 08 00 62 44 00 00 49 00 03 3e ff fc 00 02 ff fe 0a
[23:09:02.716] PACKET[COM9] sensors: status=0b0110011100000000, uptime=145928, filtered_accel=[1.00624, 0.00292, 0.0332], gyro=[-0.28, 0.14, -0.14]
[23:09:02.951] RX[COM9]  02
[23:09:02.958] RX[COM9]  6f 00 00 02 3b 03 00 00 00 00 00 00 00 00 00 00 00 00 00 00 00 00 00 00 00 00 00 00 00 00 00 00 00 00 00 00 00 00 00 00 00 00 00 00 00 00 00 00 00 00 00 00 00 00 00 00 43 62 d3 75 0c 60 0a
[23:09:02.961] PACKET[COM9] state: status=0b0110111100000000, uptime=146179, orientation=[0.0, 0.0, 0.0, 0.0], position=[0.0, 0.0, 0.0], velocity=[0.0, 0.0, 0.0], latitude=0.0, longitude=0.0, gps_altitude=0.0, barometric_altitude=226.826004, witness_battery_voltage=3.168
[23:09:03.015] RX[COM9]  03
[23:09:03.017] RX[COM9]  00 00 00 00 00 00 78 00 00 01 48 5f 01 04 00 0a fc 0a
[23:09:03.020] PACKET[COM9] camera: fc_status=0b0000000000000000, fc_uptime=0, status=0b0111100000000000, uptime=84063, current_sense=[0.1, 0.4, 0.0], iris_battery_voltage=2.812
[23:09:03.080] RX[COM9]  ff
[23:09:03.082] RX[COM9]  6e 00 00 02 3b 03 0a
[23:09:03.084] PACKET[COM9] heartbeat: status=0b0110111000000000, uptime=146179
[23:09:03.084] RX[COM9]  f0
[23:09:03.085] RX[COM9]  00 00 01 c9 4b 00 00 00 00 00 00 0a
[23:09:03.085] PACKET[COM9] ground_station_status: rssi=0, uptime=117067, reserved=[0, 0, 0, 0, 0, 0]
[23:09:03.757] RX[COM9]  01
[23:09:03.758] RX[COM9]  6e 00 00 02 3d f0 00 62 14 00 00 55 00 03 19 ff fc 00 01 ff fd 0a
[23:09:03.760] PACKET[COM9] sensors: status=0b0110111000000000, uptime=146928, filtered_accel=[1.00432, 0.0034, 0.03172], gyro=[-0.28, 0.07, -0.21]
[23:09:03.985] RX[COM9]  02
[23:09:03.987] RX[COM9]  66 00 00 02 3e eb 00 00 00 00 00 00 00 00 00 00 00 00 00 00 00 00 00 00 00 00 00 00 00 00 00 00 00 00 00 00 00 00 00 00 00 00 00 00 00 00 00 00 00 00 00 00 00 00 00 00 43 63 15 12 0c 60 0a
[23:09:03.990] PACKET[COM9] state: status=0b0110011000000000, uptime=147179, orientation=[0.0, 0.0, 0.0, 0.0], position=[0.0, 0.0, 0.0], velocity=[0.0, 0.0, 0.0], latitude=0.0, longitude=0.0, gps_altitude=0.0, barometric_altitude=227.082306, witness_battery_voltage=3.168
[23:09:04.043] RX[COM9]  03
[23:09:04.045] RX[COM9]  00 00 00 00 00 00 78 00 00 01 4c 47 01 04 00 0a ec 0a
[23:09:04.047] PACKET[COM9] camera: fc_status=0b0000000000000000, fc_uptime=0, status=0b0111100000000000, uptime=85063, current_sense=[0.1, 0.4, 0.0], iris_battery_voltage=2.796
[23:09:04.108] RX[COM9]  ff
[23:09:04.110] RX[COM9]  67 00 00 02 3e eb 0a
[23:09:04.112] PACKET[COM9] heartbeat: status=0b0110011100000000, uptime=147179
[23:09:04.113] RX[COM9]  f0
[23:09:04.113] RX[COM9]  00 00 01 cd 33 00 00 00 00 00 00 0a
[23:09:04.114] PACKET[COM9] ground_station_status: rssi=0, uptime=118067, reserved=[0, 0, 0, 0, 0, 0]
[23:09:04.719] RX[COM9]  01
[23:09:04.720] RX[COM9]  67 00 00 02 41 d8 00 62 20 00 00 86 00 03 19 ff fc 00 03 ff ff 0a
[23:09:04.722] PACKET[COM9] sensors: status=0b0110011100000000, uptime=147928, filtered_accel=[1.0048, 0.00536, 0.03172], gyro=[-0.28, 0.21, -0.07]
[23:09:04.974] RX[COM9]  02
[23:09:04.984] RX[COM9]  6f 00 00 02 42 d3 00 00 00 00 00 00 00 00 00 00 00 00 00 00 00 00 00 00 00 00 00 00 00 00 00 00 00 00 00 00 00 00 00 00 00 00 00 00 00 00 00 00 00 00 00 00 00 00 00 00 43 63 81 f9 0c 58 0a
[23:09:04.989] PACKET[COM9] state: status=0b0110111100000000, uptime=148179, orientation=[0.0, 0.0, 0.0, 0.0], position=[0.0, 0.0, 0.0], velocity=[0.0, 0.0, 0.0], latitude=0.0, longitude=0.0, gps_altitude=0.0, barometric_altitude=227.507706, witness_battery_voltage=3.16
[23:09:05.039] RX[COM9]  03
[23:09:05.041] RX[COM9]  00 00 00 00 00 00 78 00 00 01 50 2f 01 04 00 0b 08 0a
[23:09:05.044] PACKET[COM9] camera: fc_status=0b0000000000000000, fc_uptime=0, status=0b0111100000000000, uptime=86063, current_sense=[0.1, 0.4, 0.0], iris_battery_voltage=2.824
[23:09:05.104] RX[COM9]  ff
[23:09:05.105] RX[COM9]  6e 00 00 02 42 d3 0a
[23:09:05.107] PACKET[COM9] heartbeat: status=0b0110111000000000, uptime=148179
[23:09:05.108] RX[COM9]  f0
[23:09:05.109] RX[COM9]  00 00 01 d1 1b 00 00 00 00 00 00 0a
[23:09:05.109] PACKET[COM9] ground_station_status: rssi=0, uptime=119067, reserved=[0, 0, 0, 0, 0, 0]
[23:09:05.742] RX[COM9]  01
[23:09:05.743] RX[COM9]  6e 00 00 02 45 c0 00 62 38 00 00 86 00 03 19 ff fc 00 02 ff fe 0a
[23:09:05.745] PACKET[COM9] sensors: status=0b0110111000000000, uptime=148928, filtered_accel=[1.00576, 0.00536, 0.03172], gyro=[-0.28, 0.14, -0.14]
[23:09:05.984] RX[COM9]  02
[23:09:05.986] RX[COM9]  6e 00 00 02 46 bb 00 00 00 00 00 00 00 00 00 00 00 00 00 00 00 00 00 00 00 00 00 00 00 00 00 00 00 00 00 00 00 00 00 00 00 00 00 00 00 00 00 00 00 00 00 00 00 00 00 00 43 63 56 af 0c 64 0a
[23:09:05.992] PACKET[COM9] state: status=0b0110111000000000, uptime=149179, orientation=[0.0, 0.0, 0.0, 0.0], position=[0.0, 0.0, 0.0], velocity=[0.0, 0.0, 0.0], latitude=0.0, longitude=0.0, gps_altitude=0.0, barometric_altitude=227.338608, witness_battery_voltage=3.172
[23:09:06.048] RX[COM9]  03
[23:09:06.049] RX[COM9]  00 00 00 00 00 00 78 00 00 01 54 17 01 04 00 0b 50 0a
[23:09:06.051] PACKET[COM9] camera: fc_status=0b0000000000000000, fc_uptime=0, status=0b0111100000000000, uptime=87063, current_sense=[0.1, 0.4, 0.0], iris_battery_voltage=2.896
[23:09:06.111] RX[COM9]  ff
[23:09:06.114] RX[COM9]  6f 00 00 02 46 bb 0a
[23:09:06.116] PACKET[COM9] heartbeat: status=0b0110111100000000, uptime=149179
[23:09:06.117] RX[COM9]  f0
[23:09:06.117] RX[COM9]  00 00 01 d5 03 00 00 00 00 00 00 0a
[23:09:06.118] PACKET[COM9] ground_station_status: rssi=0, uptime=120067, reserved=[0, 0, 0, 0, 0, 0]
[23:09:06.742] RX[COM9]  01
[23:09:06.744] RX[COM9]  6f 00 00 02 49 a8 00 62 2c 00 00 7a 00 03 0d ff fc 00 02 ff fe 0a
[23:09:06.746] PACKET[COM9] sensors: status=0b0110111100000000, uptime=149928, filtered_accel=[1.00528, 0.00488, 0.03124], gyro=[-0.28, 0.14, -0.14]
[23:09:06.984] RX[COM9]  02
[23:09:06.993] RX[COM9]  67 00 00 02 4a a3 00 00 00 00 00 00 00 00 00 00 00 00 00 00 00 00 00 00 00 00 00 00 00 00 00 00 00 00 00 00 00 00 00 00 00 00 00 00 00 00 00 00 00 00 00 00 00 00 00 00 43 63 40 5c 0c 68 0a
[23:09:06.998] PACKET[COM9] state: status=0b0110011100000000, uptime=150179, orientation=[0.0, 0.0, 0.0, 0.0], position=[0.0, 0.0, 0.0], velocity=[0.0, 0.0, 0.0], latitude=0.0, longitude=0.0, gps_altitude=0.0, barometric_altitude=227.251404, witness_battery_voltage=3.176
[23:09:07.062] RX[COM9]  03
[23:09:07.064] RX[COM9]  00 00 00 00 00 00 78 00 00 01 57 ff 01 04 00 0a 90 0a
[23:09:07.068] PACKET[COM9] camera: fc_status=0b0000000000000000, fc_uptime=0, status=0b0111100000000000, uptime=88063, current_sense=[0.1, 0.4, 0.0], iris_battery_voltage=2.704
[23:09:07.069] RX[COM9]  ff
[23:09:07.070] RX[COM9]  66 00 00 02 4a a3 0a
[23:09:07.072] PACKET[COM9] heartbeat: status=0b0110011000000000, uptime=150179
[23:09:07.126] RX[COM9]  f0
[23:09:07.128] RX[COM9]  00 00 01 d8 eb 00 00 00 00 00 00 0a
[23:09:07.130] PACKET[COM9] ground_station_status: rssi=0, uptime=121067, reserved=[0, 0, 0, 0, 0, 0]
[23:09:07.723] RX[COM9]  01
[23:09:07.725] RX[COM9]  6e 00 00 02 4d 90 00 62 2c 00 00 6e 00 03 19 ff fc 00 01 ff fe 0a
[23:09:07.728] PACKET[COM9] sensors: status=0b0110111000000000, uptime=150928, filtered_accel=[1.00528, 0.0044, 0.03172], gyro=[-0.28, 0.07, -0.14]
[23:09:07.963] RX[COM9]  02
[23:09:07.965] RX[COM9]  6e 00 00 02 4e 8b 00 00 00 00 00 00 00 00 00 00 00 00 00 00 00 00 00 00 00 00 00 00 00 00 00 00 00 00 00 00 00 00 00 00 00 00 00 00 00 00 00 00 00 00 00 00 00 00 00 00 43 62 e9 c7 0c 50 0a
[23:09:07.967] PACKET[COM9] state: status=0b0110111000000000, uptime=151179, orientation=[0.0, 0.0, 0.0, 0.0], position=[0.0, 0.0, 0.0], velocity=[0.0, 0.0, 0.0], latitude=0.0, longitude=0.0, gps_altitude=0.0, barometric_altitude=226.913193, witness_battery_voltage=3.152
[23:09:08.028] RX[COM9]  03
[23:09:08.030] RX[COM9]  00 00 00 00 00 00 78 00 00 01 5b e7 01 04 00 0b 50 0a
[23:09:08.032] PACKET[COM9] camera: fc_status=0b0000000000000000, fc_uptime=0, status=0b0111100000000000, uptime=89063, current_sense=[0.1, 0.4, 0.0], iris_battery_voltage=2.896
[23:09:08.093] RX[COM9]  ff
[23:09:08.094] RX[COM9]  6f 00 00 02 4e 8b 0a
[23:09:08.096] PACKET[COM9] heartbeat: status=0b0110111100000000, uptime=151179
[23:09:08.096] RX[COM9]  f0
[23:09:08.097] RX[COM9]  00 00 01 dc d3 00 00 00 00 00 00 0a
[23:09:08.097] PACKET[COM9] ground_station_status: rssi=0, uptime=122067, reserved=[0, 0, 0, 0, 0, 0]
[23:09:08.751] RX[COM9]  01
[23:09:08.753] RX[COM9]  6f 00 00 02 51 78 00 62 38 00 00 7a 00 03 19 ff fc 00 02 ff fe 0a
[23:09:08.755] PACKET[COM9] sensors: status=0b0110111100000000, uptime=151928, filtered_accel=[1.00576, 0.00488, 0.03172], gyro=[-0.28, 0.14, -0.14]
[23:09:08.992] RX[COM9]  02
[23:09:08.993] RX[COM9]  67 00 00 02 52 73 00 00 00 00 00 00 00 00 00 00 00 00 00 00 00 00 00 00 00 00 00 00 00 00 00 00 00 00 00 00 00 00 00 00 00 00 00 00 00 00 00 00 00 00 00 00 00 00 00 00 43 62 e9 c7 0c 60 0a
[23:09:08.995] PACKET[COM9] state: status=0b0110011100000000, uptime=152179, orientation=[0.0, 0.0, 0.0, 0.0], position=[0.0, 0.0, 0.0], velocity=[0.0, 0.0, 0.0], latitude=0.0, longitude=0.0, gps_altitude=0.0, barometric_altitude=226.913193, witness_battery_voltage=3.168
[23:09:09.056] RX[COM9]  03
[23:09:09.058] RX[COM9]  00 00 00 00 00 00 78 00 00 01 5f cf 01 04 00 0b 44 0a
[23:09:09.060] PACKET[COM9] camera: fc_status=0b0000000000000000, fc_uptime=0, status=0b0111100000000000, uptime=90063, current_sense=[0.1, 0.4, 0.0], iris_battery_voltage=2.884
[23:09:09.119] RX[COM9]  ff
[23:09:09.120] RX[COM9]  66 00 00 02 52 73 0a
[23:09:09.122] PACKET[COM9] heartbeat: status=0b0110011000000000, uptime=152179
[23:09:09.123] RX[COM9]  f0
[23:09:09.123] RX[COM9]  00 00 01 e0 bb 00 00 00 00 00 00 0a
[23:09:09.124] PACKET[COM9] ground_station_status: rssi=0, uptime=123067, reserved=[0, 0, 0, 0, 0, 0]
[23:09:09.741] RX[COM9]  01
[23:09:09.743] RX[COM9]  66 00 00 02 55 60 00 62 2c 00 00 7a 00 03 25 ff fc 00 02 ff ff 0a
[23:09:09.745] PACKET[COM9] sensors: status=0b0110011000000000, uptime=152928, filtered_accel=[1.00528, 0.00488, 0.0322], gyro=[-0.28, 0.14, -0.07]
[23:09:09.994] RX[COM9]  02
[23:09:09.995] RX[COM9]  6e 00 00 02 56 5b 00 00 00 00 00 00 00 00 00 00 00 00 00 00 00 00 00 00 00 00 00 00 00 00 00 00 00 00 00 00 00 00 00 00 00 00 00 00 00 00 00 00 00 00 00 00 00 00 00 00 43 63 56 af 0c 60 0a
[23:09:09.997] PACKET[COM9] state: status=0b0110111000000000, uptime=153179, orientation=[0.0, 0.0, 0.0, 0.0], position=[0.0, 0.0, 0.0], velocity=[0.0, 0.0, 0.0], latitude=0.0, longitude=0.0, gps_altitude=0.0, barometric_altitude=227.338608, witness_battery_voltage=3.168
[23:09:10.058] RX[COM9]  03
[23:09:10.060] RX[COM9]  00 00 00 00 00 00 78 00 00 01 63 b7 01 03 00 0b 2c 0a
[23:09:10.062] PACKET[COM9] camera: fc_status=0b0000000000000000, fc_uptime=0, status=0b0111100000000000, uptime=91063, current_sense=[0.1, 0.3, 0.0], iris_battery_voltage=2.86
[23:09:10.121] RX[COM9]  ff
[23:09:10.123] RX[COM9]  6f 00 00 02 56 5b 0a
[23:09:10.124] PACKET[COM9] heartbeat: status=0b0110111100000000, uptime=153179
[23:09:10.125] RX[COM9]  f0
[23:09:10.125] RX[COM9]  00 00 01 e4 a3 00 00 00 00 00 00 0a
[23:09:10.126] PACKET[COM9] ground_station_status: rssi=0, uptime=124067, reserved=[0, 0, 0, 0, 0, 0]
[23:09:10.735] RX[COM9]  01
[23:09:10.736] RX[COM9]  6f 00 00 02 59 48 00 62 2c 00 00 6e 00 03 19 ff fd 00 01 ff ff 0a
[23:09:10.738] PACKET[COM9] sensors: status=0b0110111100000000, uptime=153928, filtered_accel=[1.00528, 0.0044, 0.03172], gyro=[-0.21, 0.07, -0.07]
[23:09:10.980] RX[COM9]  02
[23:09:10.984] RX[COM9]  67 00 00 02 5a 43 00 00 00 00 00 00 00 00 00 00 00 00 00 00 00 00 00 00 00 00 00 00 00 00 00 00 00 00 00 00 00 00 00 00 00 00 00 00 00 00 00 00 00 00 00 00 00 00 00 00 43 63 15 12 0c 50 0a
[23:09:10.988] PACKET[COM9] state: status=0b0110011100000000, uptime=154179, orientation=[0.0, 0.0, 0.0, 0.0], position=[0.0, 0.0, 0.0], velocity=[0.0, 0.0, 0.0], latitude=0.0, longitude=0.0, gps_altitude=0.0, barometric_altitude=227.082306, witness_battery_voltage=3.152
[23:09:11.042] RX[COM9]  03
[23:09:11.043] RX[COM9]  00 00 00 00 00 00 78 00 00 01 67 9f 01 03 00 0b 48 0a
[23:09:11.045] PACKET[COM9] camera: fc_status=0b0000000000000000, fc_uptime=0, status=0b0111100000000000, uptime=92063, current_sense=[0.1, 0.3, 0.0], iris_battery_voltage=2.888
[23:09:11.106] RX[COM9]  ff
[23:09:11.107] RX[COM9]  66 00 00 02 5a 43 0a
[23:09:11.109] PACKET[COM9] heartbeat: status=0b0110011000000000, uptime=154179
[23:09:11.109] RX[COM9]  f0
[23:09:11.110] RX[COM9]  00 00 01 e8 8b 00 00 00 00 00 00 0a
[23:09:11.111] PACKET[COM9] ground_station_status: rssi=0, uptime=125067, reserved=[0, 0, 0, 0, 0, 0]
[23:09:11.729] RX[COM9]  01
[23:09:11.732] RX[COM9]  66 00 00 02 5d 30 00 62 2c 00 00 7a 00 03 25 ff fc 00 02 ff ff 0a
[23:09:11.735] PACKET[COM9] sensors: status=0b0110011000000000, uptime=154928, filtered_accel=[1.00528, 0.00488, 0.0322], gyro=[-0.28, 0.14, -0.07]
[23:09:11.993] RX[COM9]  02
[23:09:11.997] RX[COM9]  6e 00 00 02 5e 2b 00 00 00 00 00 00 00 00 00 00 00 00 00 00 00 00 00 00 00 00 00 00 00 00 00 00 00 00 00 00 00 00 00 00 00 00 00 00 00 00 00 00 00 00 00 00 00 00 00 00 43 63 6c 54 0c 50 0a
[23:09:11.999] PACKET[COM9] state: status=0b0110111000000000, uptime=155179, orientation=[0.0, 0.0, 0.0, 0.0], position=[0.0, 0.0, 0.0], velocity=[0.0, 0.0, 0.0], latitude=0.0, longitude=0.0, gps_altitude=0.0, barometric_altitude=227.423157, witness_battery_voltage=3.152
[23:09:12.050] RX[COM9]  03
[23:09:12.051] RX[COM9]  00 00 00 00 00 00 78 00 00 01 6b 87 01 03 00 0b 14 0a
[23:09:12.055] PACKET[COM9] camera: fc_status=0b0000000000000000, fc_uptime=0, status=0b0111100000000000, uptime=93063, current_sense=[0.1, 0.3, 0.0], iris_battery_voltage=2.836
[23:09:12.116] RX[COM9]  ff
[23:09:12.117] RX[COM9]  6f 00 00 02 5e 2b 0a
[23:09:12.118] PACKET[COM9] heartbeat: status=0b0110111100000000, uptime=155179
[23:09:12.119] RX[COM9]  f0
[23:09:12.119] RX[COM9]  00 00 01 ec 73 00 00 00 00 00 00 0a
[23:09:12.120] PACKET[COM9] ground_station_status: rssi=0, uptime=126067, reserved=[0, 0, 0, 0, 0, 0]
[23:09:12.738] RX[COM9]  01 6f 00 00 02 61 18 00 62 20 00 00 7a 00 03 25 ff fc 00 02 ff fe 0a
[23:09:12.741] PACKET[COM9] sensors: status=0b0110111100000000, uptime=155928, filtered_accel=[1.0048, 0.00488, 0.0322], gyro=[-0.28, 0.14, -0.14]
[23:09:12.994] RX[COM9]  02
[23:09:12.997] RX[COM9]  67 00 00 02 62 13 00 00 00 00 00 00 00 00 00 00 00 00 00 00 00 00 00 00 00 00 00 00 00 00 00 00 00 00 00 00 00 00 00 00 00 00 00 00 00 00 00 00 00 00 00 00 00 00 00 00 43 63 40 5c 0c 58 0a
[23:09:12.999] PACKET[COM9] state: status=0b0110011100000000, uptime=156179, orientation=[0.0, 0.0, 0.0, 0.0], position=[0.0, 0.0, 0.0], velocity=[0.0, 0.0, 0.0], latitude=0.0, longitude=0.0, gps_altitude=0.0, barometric_altitude=227.251404, witness_battery_voltage=3.16
[23:09:13.059] RX[COM9]  03
[23:09:13.061] RX[COM9]  00 00 00 00 00 00 78 00 00 01 6f 6f 01 04 00 0a 94 0a
[23:09:13.064] PACKET[COM9] camera: fc_status=0b0000000000000000, fc_uptime=0, status=0b0111100000000000, uptime=94063, current_sense=[0.1, 0.4, 0.0], iris_battery_voltage=2.708
[23:09:13.123] RX[COM9]  ff
[23:09:13.124] RX[COM9]  66 00 00 02 62 13 0a
[23:09:13.126] PACKET[COM9] heartbeat: status=0b0110011000000000, uptime=156179
[23:09:13.127] RX[COM9]  f0
[23:09:13.128] RX[COM9]  00 00 01 f0 5b 00 00 00 00 00 00 0a
[23:09:13.129] PACKET[COM9] ground_station_status: rssi=0, uptime=127067, reserved=[0, 0, 0, 0, 0, 0]
[23:09:13.733] RX[COM9]  01
[23:09:13.734] RX[COM9]  66 00 00 02 65 00 00 62 2c 00 00 62 00 03 25 ff fc 00 01 ff fe 0a
[23:09:13.736] PACKET[COM9] sensors: status=0b0110011000000000, uptime=156928, filtered_accel=[1.00528, 0.00392, 0.0322], gyro=[-0.28, 0.07, -0.14]
[23:09:13.957] RX[COM9]  02
[23:09:13.958] RX[COM9]  6e 00 00 02 65 fb 00 00 00 00 00 00 00 00 00 00 00 00 00 00 00 00 00 00 00 00 00 00 00 00 00 00 00 00 00 00 00 00 00 00 00 00 00 00 00 00 00 00 00 00 00 00 00 00 00 00 43 63 40 5c 0c 58 0a
[23:09:13.960] PACKET[COM9] state: status=0b0110111000000000, uptime=157179, orientation=[0.0, 0.0, 0.0, 0.0], position=[0.0, 0.0, 0.0], velocity=[0.0, 0.0, 0.0], latitude=0.0, longitude=0.0, gps_altitude=0.0, barometric_altitude=227.251404, witness_battery_voltage=3.16
[23:09:14.021] RX[COM9]  03
[23:09:14.023] RX[COM9]  00 00 00 00 00 00 78 00 00 01 73 57 01 04 00 0a f8 0a
[23:09:14.024] PACKET[COM9] camera: fc_status=0b0000000000000000, fc_uptime=0, status=0b0111100000000000, uptime=95063, current_sense=[0.1, 0.4, 0.0], iris_battery_voltage=2.808
[23:09:14.085] RX[COM9]  ff
[23:09:14.088] RX[COM9]  6f 00 00 02 65 fb 0a
[23:09:14.090] PACKET[COM9] heartbeat: status=0b0110111100000000, uptime=157179
[23:09:14.090] RX[COM9]  f0
[23:09:14.091] RX[COM9]  00 00 01 f4 43 00 00 00 00 00 00 0a
[23:09:14.091] PACKET[COM9] ground_station_status: rssi=0, uptime=128067, reserved=[0, 0, 0, 0, 0, 0]
[23:09:14.747] RX[COM9]  01
[23:09:14.750] RX[COM9]  6f 00 00 02 68 e8 00 62 20 00 00 7a 00 03 0d ff fc 00 02 ff ff 0a
[23:09:14.752] PACKET[COM9] sensors: status=0b0110111100000000, uptime=157928, filtered_accel=[1.0048, 0.00488, 0.03124], gyro=[-0.28, 0.14, -0.07]
[23:09:15.002] RX[COM9]  02
[23:09:15.003] RX[COM9]  6f 00 00 02 69 e3 00 00 00 00 00 00 00 00 00 00 00 00 00 00 00 00 00 00 00 00 00 00 00 00 00 00 00 00 00 00 00 00 00 00 00 00 00 00 00 00 00 00 00 00 00 00 00 00 00 00 43 62 ff 6d 0c 50 0a
[23:09:15.006] PACKET[COM9] state: status=0b0110111100000000, uptime=158179, orientation=[0.0, 0.0, 0.0, 0.0], position=[0.0, 0.0, 0.0], velocity=[0.0, 0.0, 0.0], latitude=0.0, longitude=0.0, gps_altitude=0.0, barometric_altitude=226.997757, witness_battery_voltage=3.152
[23:09:15.068] RX[COM9]  03
[23:09:15.071] RX[COM9]  00 00 00 00 00 00 78 00 00 01 77 3f 01 05 00 0b 08 0a
[23:09:15.074] PACKET[COM9] camera: fc_status=0b0000000000000000, fc_uptime=0, status=0b0111100000000000, uptime=96063, current_sense=[0.1, 0.5, 0.0], iris_battery_voltage=2.824
[23:09:15.075] RX[COM9]  ff
[23:09:15.075] RX[COM9]  6e 00 00 02 69 e3 0a
[23:09:15.077] PACKET[COM9] heartbeat: status=0b0110111000000000, uptime=158179
[23:09:15.078] RX[COM9]  f0
[23:09:15.079] RX[COM9]  00 00 01 f8 2b 00 00 00 00 00 00 0a
[23:09:15.080] PACKET[COM9] ground_station_status: rssi=0, uptime=129067, reserved=[0, 0, 0, 0, 0, 0]
[23:09:15.739] RX[COM9]  01
[23:09:15.740] RX[COM9]  66 00 00 02 6c d0 00 62 2c 00 00 6e 00 03 31 ff fd 00 02 ff ff 0a
[23:09:15.742] PACKET[COM9] sensors: status=0b0110011000000000, uptime=158928, filtered_accel=[1.00528, 0.0044, 0.03268], gyro=[-0.21, 0.14, -0.07]
[23:09:15.966] RX[COM9]  02
[23:09:15.968] RX[COM9]  66 00 00 02 6d cb 00 00 00 00 00 00 00 00 00 00 00 00 00 00 00 00 00 00 00 00 00 00 00 00 00 00 00 00 00 00 00 00 00 00 00 00 00 00 00 00 00 00 00 00 00 00 00 00 00 00 43 63 56 af 0c 64 0a
[23:09:15.970] PACKET[COM9] state: status=0b0110011000000000, uptime=159179, orientation=[0.0, 0.0, 0.0, 0.0], position=[0.0, 0.0, 0.0], velocity=[0.0, 0.0, 0.0], latitude=0.0, longitude=0.0, gps_altitude=0.0, barometric_altitude=227.338608, witness_battery_voltage=3.172
[23:09:16.031] RX[COM9]  03
[23:09:16.033] RX[COM9]  00 00 00 00 00 00 78 00 00 01 7b 27 01 04 00 0b 18 0a
[23:09:16.035] PACKET[COM9] camera: fc_status=0b0000000000000000, fc_uptime=0, status=0b0111100000000000, uptime=97063, current_sense=[0.1, 0.4, 0.0], iris_battery_voltage=2.84
[23:09:16.095] RX[COM9]  ff
[23:09:16.097] RX[COM9]  67 00 00 02 6d cb 0a
[23:09:16.100] PACKET[COM9] heartbeat: status=0b0110011100000000, uptime=159179
[23:09:16.101] RX[COM9]  f0
[23:09:16.101] RX[COM9]  00 00 01 fc 13 00 00 00 00 00 00 0a
[23:09:16.102] PACKET[COM9] ground_station_status: rssi=0, uptime=130067, reserved=[0, 0, 0, 0, 0, 0]
[23:09:16.757] RX[COM9]  01
[23:09:16.759] RX[COM9]  6f 00 00 02 70 b8 00 62 20 00 00 6e 00 03 0d ff fd 00 01 ff ff 0a
[23:09:16.761] PACKET[COM9] sensors: status=0b0110111100000000, uptime=159928, filtered_accel=[1.0048, 0.0044, 0.03124], gyro=[-0.21, 0.07, -0.07]
[23:09:16.998] RX[COM9]  02
[23:09:17.000] RX[COM9]  6f 00 00 02 71 b3 00 00 00 00 00 00 00 00 00 00 00 00 00 00 00 00 00 00 00 00 00 00 00 00 00 00 00 00 00 00 00 00 00 00 00 00 00 00 00 00 00 00 00 00 00 00 00 00 00 00 43 63 2a b7 0c 58 0a
[23:09:17.001] PACKET[COM9] state: status=0b0110111100000000, uptime=160179, orientation=[0.0, 0.0, 0.0, 0.0], position=[0.0, 0.0, 0.0], velocity=[0.0, 0.0, 0.0], latitude=0.0, longitude=0.0, gps_altitude=0.0, barometric_altitude=227.166855, witness_battery_voltage=3.16
[23:09:17.063] RX[COM9]  03
[23:09:17.065] RX[COM9]  00 00 00 00 00 00 78 00 00 01 7f 0f 01 05 00 0b 14 0a
[23:09:17.068] PACKET[COM9] camera: fc_status=0b0000000000000000, fc_uptime=0, status=0b0111100000000000, uptime=98063, current_sense=[0.1, 0.5, 0.0], iris_battery_voltage=2.836
[23:09:17.069] RX[COM9]  ff
[23:09:17.070] RX[COM9]  6e 00 00 02 71 b3 0a
[23:09:17.071] PACKET[COM9] heartbeat: status=0b0110111000000000, uptime=160179
[23:09:17.129] RX[COM9]  f0
[23:09:17.130] RX[COM9]  00 00 01 ff fb 00 00 00 00 00 00 0a
[23:09:17.133] PACKET[COM9] ground_station_status: rssi=0, uptime=131067, reserved=[0, 0, 0, 0, 0, 0]
[23:09:17.751] RX[COM9]  01
[23:09:17.756] RX[COM9]  6e 00 00 02 74 a0 00 62 2c 00 00 7a 00 03 01 ff fc 00 02 ff fe 0a
[23:09:17.763] PACKET[COM9] sensors: status=0b0110111000000000, uptime=160928, filtered_accel=[1.00528, 0.00488, 0.03076], gyro=[-0.28, 0.14, -0.14]
[23:09:17.993] RX[COM9]  02
[23:09:17.995] RX[COM9]  66 00 00 02 75 9b 00 00 00 00 00 00 00 00 00 00 00 00 00 00 00 00 00 00 00 00 00 00 00 00 00 00 00 00 00 00 00 00 00 00 00 00 00 00 00 00 00 00 00 00 00 00 00 00 00 00 43 63 6c 54 0c 58 0a
[23:09:17.997] PACKET[COM9] state: status=0b0110011000000000, uptime=161179, orientation=[0.0, 0.0, 0.0, 0.0], position=[0.0, 0.0, 0.0], velocity=[0.0, 0.0, 0.0], latitude=0.0, longitude=0.0, gps_altitude=0.0, barometric_altitude=227.423157, witness_battery_voltage=3.16
[23:09:18.057] RX[COM9]  03
[23:09:18.059] RX[COM9]  00 00 00 00 00 00 78 00 00 01 82 f7 01 04 00 0b 3c 0a
[23:09:18.061] PACKET[COM9] camera: fc_status=0b0000000000000000, fc_uptime=0, status=0b0111100000000000, uptime=99063, current_sense=[0.1, 0.4, 0.0], iris_battery_voltage=2.876
[23:09:18.120] RX[COM9]  ff
[23:09:18.122] RX[COM9]  67 00 00 02 75 9b 0a
[23:09:18.124] PACKET[COM9] heartbeat: status=0b0110011100000000, uptime=161179
[23:09:18.124] RX[COM9]  f0
[23:09:18.125] RX[COM9]  00 00 02 03 e3 00 00 00 00 00 00 0a
[23:09:18.126] PACKET[COM9] ground_station_status: rssi=0, uptime=132067, reserved=[0, 0, 0, 0, 0, 0]
[23:09:18.730] RX[COM9]  01
[23:09:18.731] RX[COM9]  67 00 00 02 78 88 00 62 20 00 00 55 00 03 19 ff fd 00 03 ff fe 0a
[23:09:18.734] PACKET[COM9] sensors: status=0b0110011100000000, uptime=161928, filtered_accel=[1.0048, 0.0034, 0.03172], gyro=[-0.21, 0.21, -0.14]
[23:09:18.985] RX[COM9]  02
[23:09:18.991] RX[COM9]  6f 00 00 02 79 83 00 00 00 00 00 00 00 00 00 00 00 00 00 00 00 00 00 00 00 00 00 00 00 00 00 00 00 00 00 00 00 00 00 00 00 00 00 00 00 00 00 00 00 00 00 00 00 00 00 00 43 63 81 f9 0c 58 0a
[23:09:18.993] PACKET[COM9] state: status=0b0110111100000000, uptime=162179, orientation=[0.0, 0.0, 0.0, 0.0], position=[0.0, 0.0, 0.0], velocity=[0.0, 0.0, 0.0], latitude=0.0, longitude=0.0, gps_altitude=0.0, barometric_altitude=227.507706, witness_battery_voltage=3.16
[23:09:19.050] RX[COM9]  03
[23:09:19.052] RX[COM9]  00 00 00 00 00 00 78 00 00 01 86 df 01 04 00 0b 10 0a
[23:09:19.054] PACKET[COM9] camera: fc_status=0b0000000000000000, fc_uptime=0, status=0b0111100000000000, uptime=100063, current_sense=[0.1, 0.4, 0.0], iris_battery_voltage=2.832
[23:09:19.113] RX[COM9]  ff
[23:09:19.115] RX[COM9]  6e 00 00 02 79 83 0a
[23:09:19.120] PACKET[COM9] heartbeat: status=0b0110111000000000, uptime=162179
[23:09:19.121] RX[COM9]  f0
[23:09:19.121] RX[COM9]  00 00 02 07 cb 00 00 00 00 00 00 0a
[23:09:19.122] PACKET[COM9] ground_station_status: rssi=0, uptime=133067, reserved=[0, 0, 0, 0, 0, 0]
[23:09:19.720] RX[COM9]  01
[23:09:19.722] RX[COM9]  6e 00 00 02 7c 70 00 62 14 00 00 9f 00 03 31 ff fc 00 01 ff ff 0a
[23:09:19.724] PACKET[COM9] sensors: status=0b0110111000000000, uptime=162928, filtered_accel=[1.00432, 0.00636, 0.03268], gyro=[-0.28, 0.07, -0.07]
[23:09:19.978] RX[COM9]  02
[23:09:19.979] RX[COM9]  66 00 00 02 7d 6b 00 00 00 00 00 00 00 00 00 00 00 00 00 00 00 00 00 00 00 00 00 00 00 00 00 00 00 00 00 00 00 00 00 00 00 00 00 00 00 00 00 00 00 00 00 00 00 00 00 00 43 63 81 f9 0c 50 0a
[23:09:19.984] PACKET[COM9] state: status=0b0110011000000000, uptime=163179, orientation=[0.0, 0.0, 0.0, 0.0], position=[0.0, 0.0, 0.0], velocity=[0.0, 0.0, 0.0], latitude=0.0, longitude=0.0, gps_altitude=0.0, barometric_altitude=227.507706, witness_battery_voltage=3.152
[23:09:20.043] RX[COM9]  03
[23:09:20.045] RX[COM9]  00 00 00 00 00 00 78 00 00 01 8a c7 01 04 00 0b 2c 0a
[23:09:20.046] PACKET[COM9] camera: fc_status=0b0000000000000000, fc_uptime=0, status=0b0111100000000000, uptime=101063, current_sense=[0.1, 0.4, 0.0], iris_battery_voltage=2.86
[23:09:20.108] RX[COM9]  ff
[23:09:20.119] RX[COM9]  67 00 00 02 7d 6b 0a
[23:09:20.120] PACKET[COM9] heartbeat: status=0b0110011100000000, uptime=163179
[23:09:20.121] RX[COM9]  f0
[23:09:20.121] RX[COM9]  00 00 02 0b b3 00 00 00 00 00 00 0a
[23:09:20.122] PACKET[COM9] ground_station_status: rssi=0, uptime=134067, reserved=[0, 0, 0, 0, 0, 0]
[23:09:20.723] RX[COM9]  01
[23:09:20.725] RX[COM9]  67 00 00 02 80 58 00 62 2c 00 00 7a 00 02 f4 ff fc 00 01 ff fe 0a
[23:09:20.727] PACKET[COM9] sensors: status=0b0110011100000000, uptime=163928, filtered_accel=[1.00528, 0.00488, 0.03024], gyro=[-0.28, 0.07, -0.14]
[23:09:20.976] RX[COM9]  02
[23:09:20.984] RX[COM9]  6f 00 00 02 81 53 00 00 00 00 00 00 00 00 00 00 00 00 00 00 00 00 00 00 00 00 00 00 00 00 00 00 00 00 00 00 00 00 00 00 00 00 00 00 00 00 00 00 00 00 00 00 00 00 00 00 43 63 40 5c 0c 50 0a
[23:09:20.988] PACKET[COM9] state: status=0b0110111100000000, uptime=164179, orientation=[0.0, 0.0, 0.0, 0.0], position=[0.0, 0.0, 0.0], velocity=[0.0, 0.0, 0.0], latitude=0.0, longitude=0.0, gps_altitude=0.0, barometric_altitude=227.251404, witness_battery_voltage=3.152
[23:09:21.041] RX[COM9]  03
[23:09:21.042] RX[COM9]  00 00 00 00 00 00 78 00 00 01 8e af 01 03 00 0b 44 0a
[23:09:21.044] PACKET[COM9] camera: fc_status=0b0000000000000000, fc_uptime=0, status=0b0111100000000000, uptime=102063, current_sense=[0.1, 0.3, 0.0], iris_battery_voltage=2.884
[23:09:21.095] RX[COM9]  ff
[23:09:21.096] RX[COM9]  6e 00 00 02 81 53 0a
[23:09:21.098] PACKET[COM9] heartbeat: status=0b0110111000000000, uptime=164179
[23:09:21.099] RX[COM9]  f0
[23:09:21.100] RX[COM9]  00 00 02 0f 9b 00 00 00 00 00 00 0a
[23:09:21.101] PACKET[COM9] ground_station_status: rssi=0, uptime=135067, reserved=[0, 0, 0, 0, 0, 0]
[23:09:21.719] RX[COM9]  01
[23:09:21.721] RX[COM9]  6e 00 00 02 84 40 00 62 20 00 00 55 00 03 25 ff fd 00 01 ff fe 0a
[23:09:21.723] PACKET[COM9] sensors: status=0b0110111000000000, uptime=164928, filtered_accel=[1.0048, 0.0034, 0.0322], gyro=[-0.21, 0.07, -0.14]
[23:09:21.995] RX[COM9]  02
[23:09:21.996] RX[COM9]  66 00 00 02 85 3b 00 00 00 00 00 00 00 00 00 00 00 00 00 00 00 00 00 00 00 00 00 00 00 00 00 00 00 00 00 00 00 00 00 00 00 00 00 00 00 00 00 00 00 00 00 00 00 00 00 00 43 63 81 f9 0c 58 0a
[23:09:21.998] PACKET[COM9] state: status=0b0110011000000000, uptime=165179, orientation=[0.0, 0.0, 0.0, 0.0], position=[0.0, 0.0, 0.0], velocity=[0.0, 0.0, 0.0], latitude=0.0, longitude=0.0, gps_altitude=0.0, barometric_altitude=227.507706, witness_battery_voltage=3.16
[23:09:22.058] RX[COM9]  03
[23:09:22.059] RX[COM9]  00 00 00 00 00 00 78 00 00 01 92 97 01 03 00 0b 2c 0a
[23:09:22.062] PACKET[COM9] camera: fc_status=0b0000000000000000, fc_uptime=0, status=0b0111100000000000, uptime=103063, current_sense=[0.1, 0.3, 0.0], iris_battery_voltage=2.86
[23:09:22.120] RX[COM9]  ff
[23:09:22.123] RX[COM9]  67 00 00 02 85 3b 0a
[23:09:22.124] PACKET[COM9] heartbeat: status=0b0110011100000000, uptime=165179
[23:09:22.125] RX[COM9]  f0
[23:09:22.125] RX[COM9]  00 00 02 13 83 00 00 00 00 00 00 0a
[23:09:22.126] PACKET[COM9] ground_station_status: rssi=0, uptime=136067, reserved=[0, 0, 0, 0, 0, 0]
[23:09:22.734] RX[COM9]  01
[23:09:22.735] RX[COM9]  67 00 00 02 88 28 00 62 38 00 00 7a 00 03 19 ff fc 00 02 ff fe 0a
[23:09:22.737] PACKET[COM9] sensors: status=0b0110011100000000, uptime=165928, filtered_accel=[1.00576, 0.00488, 0.03172], gyro=[-0.28, 0.14, -0.14]
[23:09:22.990] RX[COM9]  02
[23:09:22.991] RX[COM9]  6f 00 00 02 89 23 00 00 00 00 00 00 00 00 00 00 00 00 00 00 00 00 00 00 00 00 00 00 00 00 00 00 00 00 00 00 00 00 00 00 00 00 00 00 00 00 00 00 00 00 00 00 00 00 00 00 43 63 40 5c 0c 50 0a
[23:09:22.993] PACKET[COM9] state: status=0b0110111100000000, uptime=166179, orientation=[0.0, 0.0, 0.0, 0.0], position=[0.0, 0.0, 0.0], velocity=[0.0, 0.0, 0.0], latitude=0.0, longitude=0.0, gps_altitude=0.0, barometric_altitude=227.251404, witness_battery_voltage=3.152
[23:09:23.056] RX[COM9]  03
[23:09:23.057] RX[COM9]  00 00 00 00 00 00 78 00 00 01 96 7f 01 04 00 0b 50 0a
[23:09:23.060] PACKET[COM9] camera: fc_status=0b0000000000000000, fc_uptime=0, status=0b0111100000000000, uptime=104063, current_sense=[0.1, 0.4, 0.0], iris_battery_voltage=2.896
[23:09:23.119] RX[COM9]  ff
[23:09:23.121] RX[COM9]  6e 00 00 02 89 23 0a
[23:09:23.123] PACKET[COM9] heartbeat: status=0b0110111000000000, uptime=166179
[23:09:23.123] RX[COM9]  f0
[23:09:23.124] RX[COM9]  00 00 02 17 6b 00 00 00 00 00 00 0a
[23:09:23.125] PACKET[COM9] ground_station_status: rssi=0, uptime=137067, reserved=[0, 0, 0, 0, 0, 0]
[23:09:23.714] RX[COM9]  01
[23:09:23.716] RX[COM9]  6e 00 00 02 8c 10 00 62 2c 00 00 6e 00 03 19 ff fd 00 02 ff fe 0a
[23:09:23.718] PACKET[COM9] sensors: status=0b0110111000000000, uptime=166928, filtered_accel=[1.00528, 0.0044, 0.03172], gyro=[-0.21, 0.14, -0.14]
[23:09:23.956] RX[COM9]  02
[23:09:23.963] RX[COM9]  6e 00 00 02 8d 0b 00 00 00 00 00 00 00 00 00 00 00 00 00 00 00 00 00 00 00 00 00 00 00 00 00 00 00 00 00 00 00 00 00 00 00 00 00 00 00 00 00 00 00 00 00 00 00 00 00 00 43 63 56 af 0c 64 0a
[23:09:23.966] PACKET[COM9] state: status=0b0110111000000000, uptime=167179, orientation=[0.0, 0.0, 0.0, 0.0], position=[0.0, 0.0, 0.0], velocity=[0.0, 0.0, 0.0], latitude=0.0, longitude=0.0, gps_altitude=0.0, barometric_altitude=227.338608, witness_battery_voltage=3.172
[23:09:24.020] RX[COM9]  03
[23:09:24.022] RX[COM9]  00 00 00 00 00 00 78 00 00 01 9a 67 01 04 00 0b 08 0a
[23:09:24.024] PACKET[COM9] camera: fc_status=0b0000000000000000, fc_uptime=0, status=0b0111100000000000, uptime=105063, current_sense=[0.1, 0.4, 0.0], iris_battery_voltage=2.824
[23:09:24.083] RX[COM9]  ff
[23:09:24.084] RX[COM9]  6f 00 00 02 8d 0b 0a
[23:09:24.086] PACKET[COM9] heartbeat: status=0b0110111100000000, uptime=167179
[23:09:24.087] RX[COM9]  f0
[23:09:24.088] RX[COM9]  00 00 02 1b 53 00 00 00 00 00 00 0a
[23:09:24.089] PACKET[COM9] ground_station_status: rssi=0, uptime=138067, reserved=[0, 0, 0, 0, 0, 0]
[23:09:24.744] RX[COM9]  01
[23:09:24.745] RX[COM9]  67 00 00 02 8f f8 00 62 2c 00 01 25 00 03 4a ff fb 00 02 ff fd 0a
[23:09:24.747] PACKET[COM9] sensors: status=0b0110011100000000, uptime=167928, filtered_accel=[1.00528, 0.01172, 0.03368], gyro=[-0.35, 0.14, -0.21]
[23:09:24.987] RX[COM9]  02
[23:09:24.994] RX[COM9]  6f 00 00 02 90 f3 00 00 00 00 00 00 00 00 00 00 00 00 00 00 00 00 00 00 00 00 00 00 00 00 00 00 00 00 00 00 00 00 00 00 00 00 00 00 00 00 00 00 00 00 00 00 00 00 00 00 43 63 6c 54 0c 64 0a
[23:09:24.997] PACKET[COM9] state: status=0b0110111100000000, uptime=168179, orientation=[0.0, 0.0, 0.0, 0.0], position=[0.0, 0.0, 0.0], velocity=[0.0, 0.0, 0.0], latitude=0.0, longitude=0.0, gps_altitude=0.0, barometric_altitude=227.423157, witness_battery_voltage=3.172
[23:09:25.052] RX[COM9]  03
[23:09:25.055] RX[COM9]  00 00 00 00 00 00 78 00 00 01 9e 4f 01 04 00 0b 00 0a
[23:09:25.057] PACKET[COM9] camera: fc_status=0b0000000000000000, fc_uptime=0, status=0b0111100000000000, uptime=106063, current_sense=[0.1, 0.4, 0.0], iris_battery_voltage=2.816
[23:09:25.117] RX[COM9]  ff
[23:09:25.118] RX[COM9]  6e 00 00 02 90 f3 0a
[23:09:25.120] PACKET[COM9] heartbeat: status=0b0110111000000000, uptime=168179
[23:09:25.121] RX[COM9]  f0
[23:09:25.122] RX[COM9]  00 00 02 1f 3b 00 00 00 00 00 00 0a
[23:09:25.122] PACKET[COM9] ground_station_status: rssi=0, uptime=139067, reserved=[0, 0, 0, 0, 0, 0]
[23:09:25.728] RX[COM9]  01
[23:09:25.730] RX[COM9]  6e 00 00 02 93 e0 00 62 2c 00 00 55 00 03 0d ff fb 00 03 ff fe 0a
[23:09:25.733] PACKET[COM9] sensors: status=0b0110111000000000, uptime=168928, filtered_accel=[1.00528, 0.0034, 0.03124], gyro=[-0.35, 0.21, -0.14]
[23:09:25.984] RX[COM9]  02
[23:09:25.991] RX[COM9]  6e 00 00 02 94 db 00 00 00 00 00 00 00 00 00 00 00 00 00 00 00 00 00 00 00 00 00 00 00 00 00 00 00 00 00 00 00 00 00 00 00 00 00 00 00 00 00 00 00 00 00 00 00 00 00 00 43 63 81 f9 0c 58 0a
[23:09:25.994] PACKET[COM9] state: status=0b0110111000000000, uptime=169179, orientation=[0.0, 0.0, 0.0, 0.0], position=[0.0, 0.0, 0.0], velocity=[0.0, 0.0, 0.0], latitude=0.0, longitude=0.0, gps_altitude=0.0, barometric_altitude=227.507706, witness_battery_voltage=3.16
[23:09:26.048] RX[COM9]  03
[23:09:26.051] RX[COM9]  00 00 00 00 00 00 78 00 00 01 a2 37 01 05 00 0a 74 0a
[23:09:26.054] PACKET[COM9] camera: fc_status=0b0000000000000000, fc_uptime=0, status=0b0111100000000000, uptime=107063, current_sense=[0.1, 0.5, 0.0], iris_battery_voltage=2.676
[23:09:26.112] RX[COM9]  ff
[23:09:26.114] RX[COM9]  6f 00 00 02 94 db 0a
[23:09:26.116] PACKET[COM9] heartbeat: status=0b0110111100000000, uptime=169179
[23:09:26.116] RX[COM9]  f0
[23:09:26.117] RX[COM9]  00 00 02 23 23 00 00 00 00 00 00 0a
[23:09:26.118] PACKET[COM9] ground_station_status: rssi=0, uptime=140067, reserved=[0, 0, 0, 0, 0, 0]
[23:09:26.723] RX[COM9]  01
[23:09:26.725] RX[COM9]  6f 00 00 02 97 c8 00 62 2c 00 00 62 00 03 0d ff fd 00 01 ff fe 0a
[23:09:26.727] PACKET[COM9] sensors: status=0b0110111100000000, uptime=169928, filtered_accel=[1.00528, 0.00392, 0.03124], gyro=[-0.21, 0.07, -0.14]
[23:09:26.949] RX[COM9]  02
[23:09:26.955] RX[COM9]  67 00 00 02 98 c3 00 00 00 00 00 00 00 00 00 00 00 00 00 00 00 00 00 00 00 00 00 00 00 00 00 00 00 00 00 00 00 00 00 00 00 00 00 00 00 00 00 00 00 00 00 00 00 00 00 00 43 63 40 5c 0c 58 0a
[23:09:26.960] PACKET[COM9] state: status=0b0110011100000000, uptime=170179, orientation=[0.0, 0.0, 0.0, 0.0], position=[0.0, 0.0, 0.0], velocity=[0.0, 0.0, 0.0], latitude=0.0, longitude=0.0, gps_altitude=0.0, barometric_altitude=227.251404, witness_battery_voltage=3.16
[23:09:27.013] RX[COM9]  03
[23:09:27.014] RX[COM9]  00 00 00 00 00 00 78 00 00 01 a6 1f 01 04 00 0b 44 0a
[23:09:27.016] PACKET[COM9] camera: fc_status=0b0000000000000000, fc_uptime=0, status=0b0111100000000000, uptime=108063, current_sense=[0.1, 0.4, 0.0], iris_battery_voltage=2.884
[23:09:27.078] RX[COM9]  ff
[23:09:27.079] RX[COM9]  66 00 00 02 98 c3 0a
[23:09:27.082] PACKET[COM9] heartbeat: status=0b0110011000000000, uptime=170179
[23:09:27.082] RX[COM9]  f0
[23:09:27.084] RX[COM9]  00 00 02 27 0b 00 00 00 00 00 00 0a
[23:09:27.085] PACKET[COM9] ground_station_status: rssi=0, uptime=141067, reserved=[0, 0, 0, 0, 0, 0]
[23:09:27.740] RX[COM9]  01
[23:09:27.742] RX[COM9]  66 00 00 02 9b b0 00 62 14 00 00 7a 00 03 31 ff fc 00 03 ff fe 0a
[23:09:27.744] PACKET[COM9] sensors: status=0b0110011000000000, uptime=170928, filtered_accel=[1.00432, 0.00488, 0.03268], gyro=[-0.28, 0.21, -0.14]
[23:09:27.966] RX[COM9]  02
[23:09:27.969] RX[COM9]  6e 00 00 02 9c ab 00 00 00 00 00 00 00 00 00 00 00 00 00 00 00 00 00 00 00 00 00 00 00 00 00 00 00 00 00 00 00 00 00 00 00 00 00 00 00 00 00 00 00 00 00 00 00 00 00 00 43 63 56 af 0c 50 0a
[23:09:27.974] PACKET[COM9] state: status=0b0110111000000000, uptime=171179, orientation=[0.0, 0.0, 0.0, 0.0], position=[0.0, 0.0, 0.0], velocity=[0.0, 0.0, 0.0], latitude=0.0, longitude=0.0, gps_altitude=0.0, barometric_altitude=227.338608, witness_battery_voltage=3.152
[23:09:28.030] RX[COM9]  03
[23:09:28.031] RX[COM9]  00 00 00 00 00 00 78 00 00 01 aa 07 01 04 00 0b 20 0a
[23:09:28.034] PACKET[COM9] camera: fc_status=0b0000000000000000, fc_uptime=0, status=0b0111100000000000, uptime=109063, current_sense=[0.1, 0.4, 0.0], iris_battery_voltage=2.848
[23:09:28.096] RX[COM9]  ff
[23:09:28.097] RX[COM9]  6f 00 00 02 9c ab 0a
[23:09:28.098] PACKET[COM9] heartbeat: status=0b0110111100000000, uptime=171179
[23:09:28.099] RX[COM9]  f0
[23:09:28.100] RX[COM9]  00 00 02 2a f3 00 00 00 00 00 00 0a
[23:09:28.101] PACKET[COM9] ground_station_status: rssi=0, uptime=142067, reserved=[0, 0, 0, 0, 0, 0]
[23:09:28.756] RX[COM9]  01
[23:09:28.758] RX[COM9]  6f 00 00 02 9f 98 00 62 2c 00 00 7a 00 03 01 ff fc 00 03 ff ff 0a
[23:09:28.759] PACKET[COM9] sensors: status=0b0110111100000000, uptime=171928, filtered_accel=[1.00528, 0.00488, 0.03076], gyro=[-0.28, 0.21, -0.07]
[23:09:28.984] RX[COM9]  02
[23:09:28.990] RX[COM9]  67 00 00 02 a0 93 00 00 00 00 00 00 00 00 00 00 00 00 00 00 00 00 00 00 00 00 00 00 00 00 00 00 00 00 00 00 00 00 00 00 00 00 00 00 00 00 00 00 00 00 00 00 00 00 00 00 43 63 40 5c 0c 4c 0a
[23:09:28.992] PACKET[COM9] state: status=0b0110011100000000, uptime=172179, orientation=[0.0, 0.0, 0.0, 0.0], position=[0.0, 0.0, 0.0], velocity=[0.0, 0.0, 0.0], latitude=0.0, longitude=0.0, gps_altitude=0.0, barometric_altitude=227.251404, witness_battery_voltage=3.148
[23:09:29.047] RX[COM9]  03
[23:09:29.048] RX[COM9]  00 00 00 00 00 00 78 00 00 01 ad ef 01 04 00 0b 44 0a
[23:09:29.050] PACKET[COM9] camera: fc_status=0b0000000000000000, fc_uptime=0, status=0b0111100000000000, uptime=110063, current_sense=[0.1, 0.4, 0.0], iris_battery_voltage=2.884
[23:09:29.111] RX[COM9]  ff
[23:09:29.113] RX[COM9]  66 00 00 02 a0 93 0a
[23:09:29.115] PACKET[COM9] heartbeat: status=0b0110011000000000, uptime=172179
[23:09:29.116] RX[COM9]  f0
[23:09:29.116] RX[COM9]  00 00 02 2e db 00 00 00 00 00 00 0a
[23:09:29.117] PACKET[COM9] ground_station_status: rssi=0, uptime=143067, reserved=[0, 0, 0, 0, 0, 0]
[23:09:29.709] RX[COM9]  01
[23:09:29.710] RX[COM9]  66 00 00 02 a3 80 00 62 2c 00 00 7a 00 03 19 ff fd 00 02 ff fe 0a
[23:09:29.712] PACKET[COM9] sensors: status=0b0110011000000000, uptime=172928, filtered_accel=[1.00528, 0.00488, 0.03172], gyro=[-0.21, 0.14, -0.14]
[23:09:30.000] RX[COM9]  02
[23:09:30.001] RX[COM9]  6e 00 00 02 a4 7b 00 00 00 00 00 00 00 00 00 00 00 00 00 00 00 00 00 00 00 00 00 00 00 00 00 00 00 00 00 00 00 00 00 00 00 00 00 00 00 00 00 00 00 00 00 00 00 00 00 00 43 63 81 f9 0c 60 0a
[23:09:30.003] PACKET[COM9] state: status=0b0110111000000000, uptime=173179, orientation=[0.0, 0.0, 0.0, 0.0], position=[0.0, 0.0, 0.0], velocity=[0.0, 0.0, 0.0], latitude=0.0, longitude=0.0, gps_altitude=0.0, barometric_altitude=227.507706, witness_battery_voltage=3.168
[23:09:30.065] RX[COM9]  03
[23:09:30.066] RX[COM9]  00 00 00 00 00 00 78 00 00 01 b1 d7 01 04 00 0b 40 0a
[23:09:30.069] PACKET[COM9] camera: fc_status=0b0000000000000000, fc_uptime=0, status=0b0111100000000000, uptime=111063, current_sense=[0.1, 0.4, 0.0], iris_battery_voltage=2.88
[23:09:30.070] RX[COM9]  ff
[23:09:30.071] RX[COM9]  6f 00 00 02 a4 7b 0a
[23:09:30.072] PACKET[COM9] heartbeat: status=0b0110111100000000, uptime=173179
[23:09:30.128] RX[COM9]  f0
[23:09:30.130] RX[COM9]  00 00 02 32 c3 00 00 00 00 00 00 0a
[23:09:30.131] PACKET[COM9] ground_station_status: rssi=0, uptime=144067, reserved=[0, 0, 0, 0, 0, 0]
[23:09:30.726] RX[COM9]  01
[23:09:30.727] RX[COM9]  6f 00 00 02 a7 68 00 62 38 00 00 7a 00 03 0d ff fc 00 01 ff fe 0a
[23:09:30.729] PACKET[COM9] sensors: status=0b0110111100000000, uptime=173928, filtered_accel=[1.00576, 0.00488, 0.03124], gyro=[-0.28, 0.07, -0.14]
[23:09:30.949] RX[COM9]  02
[23:09:30.953] RX[COM9]  67 00 00 02 a8 63 00 00 00 00 00 00 00 00 00 00 00 00 00 00 00 00 00 00 00 00 00 00 00 00 00 00 00 00 00 00 00 00 00 00 00 00 00 00 00 00 00 00 00 00 00 00 00 00 00 00 43 63 56 af 0c 4c 0a
[23:09:30.955] PACKET[COM9] state: status=0b0110011100000000, uptime=174179, orientation=[0.0, 0.0, 0.0, 0.0], position=[0.0, 0.0, 0.0], velocity=[0.0, 0.0, 0.0], latitude=0.0, longitude=0.0, gps_altitude=0.0, barometric_altitude=227.338608, witness_battery_voltage=3.148
[23:09:31.058] RX[COM9]  03
[23:09:31.058] RX[COM9]  00 00 00 00 00 00 78 00 00 01 b5 bf 01 04 00 0a fc 0a
[23:09:31.060] PACKET[COM9] camera: fc_status=0b0000000000000000, fc_uptime=0, status=0b0111100000000000, uptime=112063, current_sense=[0.1, 0.4, 0.0], iris_battery_voltage=2.812
[23:09:31.117] RX[COM9]  ff
[23:09:31.118] RX[COM9]  66 00 00 02 a8 63 0a
[23:09:31.121] PACKET[COM9] heartbeat: status=0b0110011000000000, uptime=174179
[23:09:31.122] RX[COM9]  f0
[23:09:31.122] RX[COM9]  00 00 02 36 ab 00 00 00 00 00 00 0a
[23:09:31.123] PACKET[COM9] ground_station_status: rssi=0, uptime=145067, reserved=[0, 0, 0, 0, 0, 0]
[23:09:31.729] RX[COM9]  01
[23:09:31.730] RX[COM9]  66 00 00 02 ab 50 00 62 2c 00 00 6e 00 03 0d ff fc 00 02 ff ff 0a
[23:09:31.731] PACKET[COM9] sensors: status=0b0110011000000000, uptime=174928, filtered_accel=[1.00528, 0.0044, 0.03124], gyro=[-0.28, 0.14, -0.07]
[23:09:31.956] RX[COM9]  02
[23:09:31.959] RX[COM9]  6e 00 00 02 ac 4b 00 00 00 00 00 00 00 00 00 00 00 00 00 00 00 00 00 00 00 00 00 00 00 00 00 00 00 00 00 00 00 00 00 00 00 00 00 00 00 00 00 00 00 00 00 00 00 00 00 00 43 63 40 5c 0c 50 0a
[23:09:31.964] PACKET[COM9] state: status=0b0110111000000000, uptime=175179, orientation=[0.0, 0.0, 0.0, 0.0], position=[0.0, 0.0, 0.0], velocity=[0.0, 0.0, 0.0], latitude=0.0, longitude=0.0, gps_altitude=0.0, barometric_altitude=227.251404, witness_battery_voltage=3.152
[23:09:32.018] RX[COM9]  03
[23:09:32.023] RX[COM9]  00 00 00 00 00 00 78 00 00 01 b9 a7 01 04 00 0b 38 0a
[23:09:32.025] PACKET[COM9] camera: fc_status=0b0000000000000000, fc_uptime=0, status=0b0111100000000000, uptime=113063, current_sense=[0.1, 0.4, 0.0], iris_battery_voltage=2.872
[23:09:32.083] RX[COM9]  ff
[23:09:32.086] RX[COM9]  6f 00 00 02 ac 4b 0a
[23:09:32.088] PACKET[COM9] heartbeat: status=0b0110111100000000, uptime=175179
[23:09:32.089] RX[COM9]  f0
[23:09:32.090] RX[COM9]  00 00 02 3a 93 00 00 00 00 00 00 0a
[23:09:32.091] PACKET[COM9] ground_station_status: rssi=0, uptime=146067, reserved=[0, 0, 0, 0, 0, 0]
[23:09:32.744] RX[COM9]  01
[23:09:32.745] RX[COM9]  6f 00 00 02 af 38 00 62 2c 00 00 6e 00 03 0d ff fc 00 02 ff fe 0a
[23:09:32.747] PACKET[COM9] sensors: status=0b0110111100000000, uptime=175928, filtered_accel=[1.00528, 0.0044, 0.03124], gyro=[-0.28, 0.14, -0.14]
[23:09:32.972] RX[COM9]  02
[23:09:32.973] RX[COM9]  67 00 00 02 b0 33 00 00 00 00 00 00 00 00 00 00 00 00 00 00 00 00 00 00 00 00 00 00 00 00 00 00 00 00 00 00 00 00 00 00 00 00 00 00 00 00 00 00 00 00 00 00 00 00 00 00 43 62 ff 6d 0c 50 0a
[23:09:32.974] PACKET[COM9] state: status=0b0110011100000000, uptime=176179, orientation=[0.0, 0.0, 0.0, 0.0], position=[0.0, 0.0, 0.0], velocity=[0.0, 0.0, 0.0], latitude=0.0, longitude=0.0, gps_altitude=0.0, barometric_altitude=226.997757, witness_battery_voltage=3.152
[23:09:33.031] RX[COM9]  03
[23:09:33.033] RX[COM9]  00 00 00 00 00 00 78 00 00 01 bd 8f 01 03 00 0b 58 0a
[23:09:33.035] PACKET[COM9] camera: fc_status=0b0000000000000000, fc_uptime=0, status=0b0111100000000000, uptime=114063, current_sense=[0.1, 0.3, 0.0], iris_battery_voltage=2.904
[23:09:33.088] RX[COM9]  ff
[23:09:33.089] RX[COM9]  66 00 00 02 b0 33 0a
[23:09:33.091] PACKET[COM9] heartbeat: status=0b0110011000000000, uptime=176179
[23:09:33.092] RX[COM9]  f0
[23:09:33.093] RX[COM9]  00 00 02 3e 7b 00 00 00 00 00 00 0a
[23:09:33.094] PACKET[COM9] ground_station_status: rssi=0, uptime=147067, reserved=[0, 0, 0, 0, 0, 0]
[23:09:33.710] RX[COM9]  01
[23:09:33.711] RX[COM9]  66 00 00 02 b3 20 00 62 2c 00 00 55 00 03 25 ff fd 00 01 ff fe 0a
[23:09:33.714] PACKET[COM9] sensors: status=0b0110011000000000, uptime=176928, filtered_accel=[1.00528, 0.0034, 0.0322], gyro=[-0.21, 0.07, -0.14]
[23:09:33.968] RX[COM9]  02
[23:09:33.969] RX[COM9]  6e 00 00 02 b4 1b 00 00 00 00 00 00 00 00 00 00 00 00 00 00 00 00 00 00 00 00 00 00 00 00 00 00 00 00 00 00 00 00 00 00 00 00 00 00 00 00 00 00 00 00 00 00 00 00 00 00 43 63 81 f9 0c 50 0a
[23:09:33.971] PACKET[COM9] state: status=0b0110111000000000, uptime=177179, orientation=[0.0, 0.0, 0.0, 0.0], position=[0.0, 0.0, 0.0], velocity=[0.0, 0.0, 0.0], latitude=0.0, longitude=0.0, gps_altitude=0.0, barometric_altitude=227.507706, witness_battery_voltage=3.152
[23:09:34.033] RX[COM9]  03
[23:09:34.034] RX[COM9]  00 00 00 00 00 00 78 00 00 01 c1 77 01 03 00 0b 1c 0a
[23:09:34.036] PACKET[COM9] camera: fc_status=0b0000000000000000, fc_uptime=0, status=0b0111100000000000, uptime=115063, current_sense=[0.1, 0.3, 0.0], iris_battery_voltage=2.844
[23:09:34.087] RX[COM9]  ff
[23:09:34.088] RX[COM9]  6f 00 00 02 b4 1b 0a
[23:09:34.089] PACKET[COM9] heartbeat: status=0b0110111100000000, uptime=177179
[23:09:34.089] RX[COM9]  f0
[23:09:34.090] RX[COM9]  00 00 02 42 63 00 00 00 00 00 00 0a
[23:09:34.090] PACKET[COM9] ground_station_status: rssi=0, uptime=148067, reserved=[0, 0, 0, 0, 0, 0]
[23:09:34.753] RX[COM9]  01
[23:09:34.754] RX[COM9]  6f 00 00 02 b7 08 00 62 20 00 00 6e 00 02 f4 ff fc 00 02 ff ff 0a
[23:09:34.756] PACKET[COM9] sensors: status=0b0110111100000000, uptime=177928, filtered_accel=[1.0048, 0.0044, 0.03024], gyro=[-0.28, 0.14, -0.07]
[23:09:34.982] RX[COM9]  02
[23:09:34.984] RX[COM9]  6f 00 00 02 b8 03 00 00 00 00 00 00 00 00 00 00 00 00 00 00 00 00 00 00 00 00 00 00 00 00 00 00 00 00 00 00 00 00 00 00 00 00 00 00 00 00 00 00 00 00 00 00 00 00 00 00 43 63 81 f9 0c 58 0a
[23:09:34.987] PACKET[COM9] state: status=0b0110111100000000, uptime=178179, orientation=[0.0, 0.0, 0.0, 0.0], position=[0.0, 0.0, 0.0], velocity=[0.0, 0.0, 0.0], latitude=0.0, longitude=0.0, gps_altitude=0.0, barometric_altitude=227.507706, witness_battery_voltage=3.16
[23:09:35.041] RX[COM9]  03
[23:09:35.043] RX[COM9]  00 00 00 00 00 00 78 00 00 01 c5 5f 01 04 00 0b 20 0a
[23:09:35.046] PACKET[COM9] camera: fc_status=0b0000000000000000, fc_uptime=0, status=0b0111100000000000, uptime=116063, current_sense=[0.1, 0.4, 0.0], iris_battery_voltage=2.848
[23:09:35.105] RX[COM9]  ff
[23:09:35.116] RX[COM9]  6e 00 00 02 b8 03 0a
[23:09:35.118] PACKET[COM9] heartbeat: status=0b0110111000000000, uptime=178179
[23:09:35.119] RX[COM9]  f0
[23:09:35.120] RX[COM9]  00 00 02 46 4b 00 00 00 00 00 00 0a
[23:09:35.121] PACKET[COM9] ground_station_status: rssi=0, uptime=149067, reserved=[0, 0, 0, 0, 0, 0]
[23:09:35.714] RX[COM9]  01
[23:09:35.716] RX[COM9]  66 00 00 02 ba f0 00 62 2c 00 00 62 00 03 31 ff fd 00 02 ff fe 0a
[23:09:35.719] PACKET[COM9] sensors: status=0b0110011000000000, uptime=178928, filtered_accel=[1.00528, 0.00392, 0.03268], gyro=[-0.21, 0.14, -0.14]
[23:09:35.958] RX[COM9]  02
[23:09:35.959] RX[COM9]  66 00 00 02 bb eb 00 00 00 00 00 00 00 00 00 00 00 00 00 00 00 00 00 00 00 00 00 00 00 00 00 00 00 00 00 00 00 00 00 00 00 00 00 00 00 00 00 00 00 00 00 00 00 00 00 00 43 63 81 f9 0c 58 0a
[23:09:35.960] PACKET[COM9] state: status=0b0110011000000000, uptime=179179, orientation=[0.0, 0.0, 0.0, 0.0], position=[0.0, 0.0, 0.0], velocity=[0.0, 0.0, 0.0], latitude=0.0, longitude=0.0, gps_altitude=0.0, barometric_altitude=227.507706, witness_battery_voltage=3.16
[23:09:36.021] RX[COM9]  03
[23:09:36.023] RX[COM9]  00 00 00 00 00 00 78 00 00 01 c9 47 01 05 00 0b 00 0a
[23:09:36.026] PACKET[COM9] camera: fc_status=0b0000000000000000, fc_uptime=0, status=0b0111100000000000, uptime=117063, current_sense=[0.1, 0.5, 0.0], iris_battery_voltage=2.816
[23:09:36.078] RX[COM9]  ff
[23:09:36.079] RX[COM9]  67 00 00 02 bb eb 0a
[23:09:36.080] PACKET[COM9] heartbeat: status=0b0110011100000000, uptime=179179
[23:09:36.081] RX[COM9]  f0
[23:09:36.081] RX[COM9]  00 00 02 4a 33 00 00 00 00 00 00 0a
[23:09:36.082] PACKET[COM9] ground_station_status: rssi=0, uptime=150067, reserved=[0, 0, 0, 0, 0, 0]
[23:09:36.730] RX[COM9]  01
[23:09:36.731] RX[COM9]  6f 00 00 02 be d8 00 62 20 00 00 49 00 03 19 ff fd 00 02 ff fe 0a
[23:09:36.734] PACKET[COM9] sensors: status=0b0110111100000000, uptime=179928, filtered_accel=[1.0048, 0.00292, 0.03172], gyro=[-0.21, 0.14, -0.14]
[23:09:36.960] RX[COM9]  02
[23:09:36.964] RX[COM9]  6f 00 00 02 bf d3 00 00 00 00 00 00 00 00 00 00 00 00 00 00 00 00 00 00 00 00 00 00 00 00 00 00 00 00 00 00 00 00 00 00 00 00 00 00 00 00 00 00 00 00 00 00 00 00 00 00 43 63 40 5c 0c 58 0a
[23:09:36.968] PACKET[COM9] state: status=0b0110111100000000, uptime=180179, orientation=[0.0, 0.0, 0.0, 0.0], position=[0.0, 0.0, 0.0], velocity=[0.0, 0.0, 0.0], latitude=0.0, longitude=0.0, gps_altitude=0.0, barometric_altitude=227.251404, witness_battery_voltage=3.16
[23:09:36.982] TX[COM9] 5V Reg Off:  05 00 00 00 00 00 00 00 50 0a
[23:09:37.021] RX[COM9]  05
[23:09:37.021] RX[COM9]  00 00 00 00 00 00 00 50 0a
[23:09:37.023] PACKET[COM9] command: status=0b0000000000000000, uptime=0, command_value=80
[23:09:37.023] RX[COM9]  49
[23:09:37.024] BAD_PACKET[COM9] unknown packet ID 0x49; discarded 1 byte(s)
[23:09:37.024] RX[COM9]  20 28 31 35 31 32 31 36 29 20 61 70 65 72 74 75 72 65 3a 20 53 65 6e 64 69 6e 67 20 63 6f 6d 6d 61 6e 64 20 74 6f 20 57 69 74 6e 65 73 73 0d 0a
[23:09:37.025] BAD_PACKET[COM9] unknown packet ID 0x20; discarded 1 byte(s)
[23:09:37.025] BAD_PACKET[COM9] unknown packet ID 0x28; discarded 1 byte(s)
[23:09:37.026] BAD_PACKET[COM9] unknown packet ID 0x31; discarded 1 byte(s)
[23:09:37.026] BAD_PACKET[COM9] unknown packet ID 0x35; discarded 1 byte(s)
[23:09:37.027] BAD_PACKET[COM9] unknown packet ID 0x31; discarded 1 byte(s)
[23:09:37.027] BAD_PACKET[COM9] unknown packet ID 0x32; discarded 1 byte(s)
[23:09:37.027] BAD_PACKET[COM9] unknown packet ID 0x31; discarded 1 byte(s)
[23:09:37.028] BAD_PACKET[COM9] unknown packet ID 0x36; discarded 1 byte(s)
[23:09:37.028] BAD_PACKET[COM9] unknown packet ID 0x29; discarded 1 byte(s)
[23:09:37.028] BAD_PACKET[COM9] unknown packet ID 0x20; discarded 1 byte(s)
[23:09:37.029] BAD_PACKET[COM9] unknown packet ID 0x61; discarded 1 byte(s)
[23:09:37.029] BAD_PACKET[COM9] unknown packet ID 0x70; discarded 1 byte(s)
[23:09:37.029] BAD_PACKET[COM9] unknown packet ID 0x65; discarded 1 byte(s)
[23:09:37.029] BAD_PACKET[COM9] unknown packet ID 0x72; discarded 1 byte(s)
[23:09:37.030] BAD_PACKET[COM9] unknown packet ID 0x74; discarded 1 byte(s)
[23:09:37.030] BAD_PACKET[COM9] unknown packet ID 0x75; discarded 1 byte(s)
[23:09:37.030] BAD_PACKET[COM9] unknown packet ID 0x72; discarded 1 byte(s)
[23:09:37.031] BAD_PACKET[COM9] unknown packet ID 0x65; discarded 1 byte(s)
[23:09:37.031] BAD_PACKET[COM9] unknown packet ID 0x3a; discarded 1 byte(s)
[23:09:37.031] BAD_PACKET[COM9] unknown packet ID 0x20; discarded 1 byte(s)
[23:09:37.032] BAD_PACKET[COM9] unknown packet ID 0x53; discarded 1 byte(s)
[23:09:37.032] BAD_PACKET[COM9] unknown packet ID 0x65; discarded 1 byte(s)
[23:09:37.032] BAD_PACKET[COM9] unknown packet ID 0x6e; discarded 1 byte(s)
[23:09:37.033] BAD_PACKET[COM9] unknown packet ID 0x64; discarded 1 byte(s)
[23:09:37.033] BAD_PACKET[COM9] unknown packet ID 0x69; discarded 1 byte(s)
[23:09:37.033] BAD_PACKET[COM9] unknown packet ID 0x6e; discarded 1 byte(s)
[23:09:37.034] BAD_PACKET[COM9] unknown packet ID 0x67; discarded 1 byte(s)
[23:09:37.034] BAD_PACKET[COM9] unknown packet ID 0x20; discarded 1 byte(s)
[23:09:37.035] BAD_PACKET[COM9] unknown packet ID 0x63; discarded 1 byte(s)
[23:09:37.035] BAD_PACKET[COM9] unknown packet ID 0x6f; discarded 1 byte(s)
[23:09:37.036] BAD_PACKET[COM9] unknown packet ID 0x6d; discarded 1 byte(s)
[23:09:37.036] BAD_PACKET[COM9] unknown packet ID 0x6d; discarded 1 byte(s)
[23:09:37.037] BAD_PACKET[COM9] unknown packet ID 0x61; discarded 1 byte(s)
[23:09:37.037] BAD_PACKET[COM9] unknown packet ID 0x6e; discarded 1 byte(s)
[23:09:37.038] BAD_PACKET[COM9] unknown packet ID 0x64; discarded 1 byte(s)
[23:09:37.038] BAD_PACKET[COM9] unknown packet ID 0x20; discarded 1 byte(s)
[23:09:37.038] BAD_PACKET[COM9] unknown packet ID 0x74; discarded 1 byte(s)
[23:09:37.038] BAD_PACKET[COM9] unknown packet ID 0x6f; discarded 1 byte(s)
[23:09:37.039] BAD_PACKET[COM9] unknown packet ID 0x20; discarded 1 byte(s)
[23:09:37.039] BAD_PACKET[COM9] unknown packet ID 0x57; discarded 1 byte(s)
[23:09:37.039] BAD_PACKET[COM9] unknown packet ID 0x69; discarded 1 byte(s)
[23:09:37.040] BAD_PACKET[COM9] unknown packet ID 0x74; discarded 1 byte(s)
[23:09:37.040] BAD_PACKET[COM9] unknown packet ID 0x6e; discarded 1 byte(s)
[23:09:37.040] BAD_PACKET[COM9] unknown packet ID 0x65; discarded 1 byte(s)
[23:09:37.041] BAD_PACKET[COM9] unknown packet ID 0x73; discarded 1 byte(s)
[23:09:37.041] BAD_PACKET[COM9] unknown packet ID 0x73; discarded 1 byte(s)
[23:09:37.041] BAD_PACKET[COM9] unknown packet ID 0x0d; discarded 1 byte(s)
[23:09:37.041] BAD_PACKET[COM9] unknown packet ID 0x0a; discarded 1 byte(s)
[23:09:37.102] RX[COM9]  f0
[23:09:37.103] RX[COM9]  00 00 02 4e 1b 00 00 00 00 00 00 0a
[23:09:37.104] PACKET[COM9] ground_station_status: rssi=0, uptime=151067, reserved=[0, 0, 0, 0, 0, 0]
[23:09:37.734] RX[COM9]  01
[23:09:37.735] RX[COM9]  6e 00 00 02 c2 c0 00 62 20 00 00 62 00 03 19 ff fd 00 02 ff fe 0a
[23:09:37.736] PACKET[COM9] sensors: status=0b0110111000000000, uptime=180928, filtered_accel=[1.0048, 0.00392, 0.03172], gyro=[-0.21, 0.14, -0.14]
[23:09:37.976] RX[COM9]  02
[23:09:37.977] RX[COM9]  66 00 00 02 c3 bb 00 00 00 00 00 00 00 00 00 00 00 00 00 00 00 00 00 00 00 00 00 00 00 00 00 00 00 00 00 00 00 00 00 00 00 00 00 00 00 00 00 00 00 00 00 00 00 00 00 00 43 63 81 f9 0c 58 0a
[23:09:37.981] PACKET[COM9] state: status=0b0110011000000000, uptime=181179, orientation=[0.0, 0.0, 0.0, 0.0], position=[0.0, 0.0, 0.0], velocity=[0.0, 0.0, 0.0], latitude=0.0, longitude=0.0, gps_altitude=0.0, barometric_altitude=227.507706, witness_battery_voltage=3.16
[23:09:38.041] RX[COM9]  03
[23:09:38.042] RX[COM9]  00 00 00 00 00 00 78 00 00 01 d1 17 01 04 00 0b 40 0a
[23:09:38.044] PACKET[COM9] camera: fc_status=0b0000000000000000, fc_uptime=0, status=0b0111100000000000, uptime=119063, current_sense=[0.1, 0.4, 0.0], iris_battery_voltage=2.88
[23:09:38.104] RX[COM9]  ff
[23:09:38.107] RX[COM9]  67 00 00 02 c3 bb 0a
[23:09:38.109] PACKET[COM9] heartbeat: status=0b0110011100000000, uptime=181179
[23:09:38.109] RX[COM9]  f0
[23:09:38.110] RX[COM9]  00 00 02 52 03 00 00 00 00 00 00 0a
[23:09:38.111] PACKET[COM9] ground_station_status: rssi=0, uptime=152067, reserved=[0, 0, 0, 0, 0, 0]
[23:09:38.748] RX[COM9]  01
[23:09:38.749] RX[COM9]  67 00 00 02 c6 a8 00 62 20 00 00 7a 00 03 0d ff fc 00 02 ff ff 0a
[23:09:38.751] PACKET[COM9] sensors: status=0b0110011100000000, uptime=181928, filtered_accel=[1.0048, 0.00488, 0.03124], gyro=[-0.28, 0.14, -0.07]
[23:09:38.995] RX[COM9]  02
[23:09:38.996] RX[COM9]  6f 00 00 02 c7 a3 00 00 00 00 00 00 00 00 00 00 00 00 00 00 00 00 00 00 00 00 00 00 00 00 00 00 00 00 00 00 00 00 00 00 00 00 00 00 00 00 00 00 00 00 00 00 00 00 00 00 43 63 2a b7 0c 50 0a
[23:09:38.997] PACKET[COM9] state: status=0b0110111100000000, uptime=182179, orientation=[0.0, 0.0, 0.0, 0.0], position=[0.0, 0.0, 0.0], velocity=[0.0, 0.0, 0.0], latitude=0.0, longitude=0.0, gps_altitude=0.0, barometric_altitude=227.166855, witness_battery_voltage=3.152
[23:09:39.059] RX[COM9]  03
[23:09:39.060] RX[COM9]  00 00 00 00 00 00 78 00 00 01 d4 ff 01 04 00 0b 3c 0a
[23:09:39.063] PACKET[COM9] camera: fc_status=0b0000000000000000, fc_uptime=0, status=0b0111100000000000, uptime=120063, current_sense=[0.1, 0.4, 0.0], iris_battery_voltage=2.876
[23:09:39.123] RX[COM9]  ff
[23:09:39.125] RX[COM9]  6e 00 00 02 c7 a3 0a
[23:09:39.126] PACKET[COM9] heartbeat: status=0b0110111000000000, uptime=182179
[23:09:39.127] RX[COM9]  f0
[23:09:39.127] RX[COM9]  00 00 02 55 eb 00 00 00 00 00 00 0a
[23:09:39.128] PACKET[COM9] ground_station_status: rssi=0, uptime=153067, reserved=[0, 0, 0, 0, 0, 0]
[23:09:39.721] RX[COM9]  01
[23:09:39.723] RX[COM9]  6e 00 00 02 ca 90 00 62 2c 00 00 6e 00 03 19 ff fc 00 01 ff fe 0a
[23:09:39.724] PACKET[COM9] sensors: status=0b0110111000000000, uptime=182928, filtered_accel=[1.00528, 0.0044, 0.03172], gyro=[-0.28, 0.07, -0.14]
[23:09:39.953] RX[COM9]  02
[23:09:39.953] RX[COM9]  66 00 00 02 cb 8b 00 00 00 00 00 00 00 00 00 00 00 00 00 00 00 00 00 00 00 00 00 00 00 00 00 00 00 00 00 00 00 00 00 00 00 00 00 00 00 00 00 00 00 00 00 00 00 00 00 00 43 63 40 5c 0c 50 0a
[23:09:39.957] PACKET[COM9] state: status=0b0110011000000000, uptime=183179, orientation=[0.0, 0.0, 0.0, 0.0], position=[0.0, 0.0, 0.0], velocity=[0.0, 0.0, 0.0], latitude=0.0, longitude=0.0, gps_altitude=0.0, barometric_altitude=227.251404, witness_battery_voltage=3.152
[23:09:40.013] RX[COM9]  03
[23:09:40.015] RX[COM9]  00 00 00 00 00 00 78 00 00 01 d8 e7 01 05 00 0a ec 0a
[23:09:40.018] PACKET[COM9] camera: fc_status=0b0000000000000000, fc_uptime=0, status=0b0111100000000000, uptime=121063, current_sense=[0.1, 0.5, 0.0], iris_battery_voltage=2.796
[23:09:40.079] RX[COM9]  ff
[23:09:40.080] RX[COM9]  67 00 00 02 cb 8b 0a
[23:09:40.082] PACKET[COM9] heartbeat: status=0b0110011100000000, uptime=183179
[23:09:40.082] RX[COM9]  f0
[23:09:40.083] RX[COM9]  00 00 02 59 d3 00 00 00 00 00 00 0a
[23:09:40.083] PACKET[COM9] ground_station_status: rssi=0, uptime=154067, reserved=[0, 0, 0, 0, 0, 0]
[23:09:40.713] RX[COM9]  01
[23:09:40.715] RX[COM9]  67 00 00 02 ce 78 00 62 38 00 00 18 00 03 56 ff fd 00 02 ff ff 0a
[23:09:40.718] PACKET[COM9] sensors: status=0b0110011100000000, uptime=183928, filtered_accel=[1.00576, 0.00096, 0.03416], gyro=[-0.21, 0.14, -0.07]
[23:09:40.901] TX[COM9] 5V Reg Off:  05 00 00 00 00 00 00 00 50 0a
[23:09:40.957] RX[COM9]  05
[23:09:40.962] RX[COM9]  00
[23:09:40.963] RX[COM9]  00 00 00 00 00 00
[23:09:40.963] RX[COM9]  50
[23:09:40.964] RX[COM9]  0a
[23:09:40.966] PACKET[COM9] command: status=0b0000000000000000, uptime=0, command_value=80
[23:09:40.967] RX[COM9]  65 6e 64 69 6e 67 20 63 6f 6d 6d 61 6e 64 20 74 6f 20 57 69 74 6e 65 73 73 0d 0a
[23:09:40.967] BAD_PACKET[COM9] unknown packet ID 0x65; discarded 1 byte(s)
[23:09:40.967] BAD_PACKET[COM9] unknown packet ID 0x6e; discarded 1 byte(s)
[23:09:40.968] BAD_PACKET[COM9] unknown packet ID 0x64; discarded 1 byte(s)
[23:09:40.968] BAD_PACKET[COM9] unknown packet ID 0x69; discarded 1 byte(s)
[23:09:40.968] BAD_PACKET[COM9] unknown packet ID 0x6e; discarded 1 byte(s)
[23:09:40.968] BAD_PACKET[COM9] unknown packet ID 0x67; discarded 1 byte(s)
[23:09:40.969] BAD_PACKET[COM9] unknown packet ID 0x20; discarded 1 byte(s)
[23:09:40.969] BAD_PACKET[COM9] unknown packet ID 0x63; discarded 1 byte(s)
[23:09:40.969] BAD_PACKET[COM9] unknown packet ID 0x6f; discarded 1 byte(s)
[23:09:40.970] BAD_PACKET[COM9] unknown packet ID 0x6d; discarded 1 byte(s)
[23:09:40.970] BAD_PACKET[COM9] unknown packet ID 0x6d; discarded 1 byte(s)
[23:09:40.971] BAD_PACKET[COM9] unknown packet ID 0x61; discarded 1 byte(s)
[23:09:40.971] BAD_PACKET[COM9] unknown packet ID 0x6e; discarded 1 byte(s)
[23:09:40.972] BAD_PACKET[COM9] unknown packet ID 0x64; discarded 1 byte(s)
[23:09:40.972] BAD_PACKET[COM9] unknown packet ID 0x20; discarded 1 byte(s)
[23:09:40.975] BAD_PACKET[COM9] unknown packet ID 0x74; discarded 1 byte(s)
[23:09:40.976] BAD_PACKET[COM9] unknown packet ID 0x6f; discarded 1 byte(s)
[23:09:40.976] BAD_PACKET[COM9] unknown packet ID 0x20; discarded 1 byte(s)
[23:09:40.977] BAD_PACKET[COM9] unknown packet ID 0x57; discarded 1 byte(s)
[23:09:40.977] BAD_PACKET[COM9] unknown packet ID 0x69; discarded 1 byte(s)
[23:09:40.977] BAD_PACKET[COM9] unknown packet ID 0x74; discarded 1 byte(s)
[23:09:40.978] BAD_PACKET[COM9] unknown packet ID 0x6e; discarded 1 byte(s)
[23:09:40.978] BAD_PACKET[COM9] unknown packet ID 0x65; discarded 1 byte(s)
[23:09:40.979] BAD_PACKET[COM9] unknown packet ID 0x73; discarded 1 byte(s)
[23:09:40.979] BAD_PACKET[COM9] unknown packet ID 0x73; discarded 1 byte(s)
[23:09:40.980] BAD_PACKET[COM9] unknown packet ID 0x0d; discarded 1 byte(s)
[23:09:40.980] BAD_PACKET[COM9] unknown packet ID 0x0a; discarded 1 byte(s)
[23:09:41.088] RX[COM9]  ff
[23:09:41.089] RX[COM9]  6e 00 00 02 cf 73 0a
[23:09:41.090] PACKET[COM9] heartbeat: status=0b0110111000000000, uptime=184179
[23:09:41.091] RX[COM9]  f0
[23:09:41.091] RX[COM9]  00 00 02 5d bb 00 00 00 00 00 00 0a
[23:09:41.092] PACKET[COM9] ground_station_status: rssi=0, uptime=155067, reserved=[0, 0, 0, 0, 0, 0]
[23:09:41.755] RX[COM9]  01
[23:09:41.756] RX[COM9]  6e 00 00 02 d2 60 00 62 2c 00 00 dc 00 03 01 ff fc 00 02 ff fe 0a
[23:09:41.757] PACKET[COM9] sensors: status=0b0110111000000000, uptime=184928, filtered_accel=[1.00528, 0.0088, 0.03076], gyro=[-0.28, 0.14, -0.14]
[23:09:41.981] RX[COM9]  02
[23:09:41.981] RX[COM9]  66 00 00 02 d3 5b 00 00 00 00 00 00 00 00 00 00 00 00 00 00 00 00 00 00 00 00 00 00 00 00 00 00 00 00 00 00 00 00 00 00 00 00 00 00 00 00 00 00 00 00 00 00 00 00 00 00 43 62 ff 6d 0c 50 0a
[23:09:41.983] PACKET[COM9] state: status=0b0110011000000000, uptime=185179, orientation=[0.0, 0.0, 0.0, 0.0], position=[0.0, 0.0, 0.0], velocity=[0.0, 0.0, 0.0], latitude=0.0, longitude=0.0, gps_altitude=0.0, barometric_altitude=226.997757, witness_battery_voltage=3.152
[23:09:42.041] RX[COM9]  03
[23:09:42.043] RX[COM9]  00 00 00 00 00 00 78 00 00 01 e0 b7 01 04 00 0b 64 0a
[23:09:42.045] PACKET[COM9] camera: fc_status=0b0000000000000000, fc_uptime=0, status=0b0111100000000000, uptime=123063, current_sense=[0.1, 0.4, 0.0], iris_battery_voltage=2.916
[23:09:42.106] RX[COM9]  ff
[23:09:42.109] RX[COM9]  67 00 00 02 d3 5b 0a
[23:09:42.110] PACKET[COM9] heartbeat: status=0b0110011100000000, uptime=185179
[23:09:42.111] RX[COM9]  f0
[23:09:42.111] RX[COM9]  00 00 02 61 a3 00 00 00 00 00 00 0a
[23:09:42.112] PACKET[COM9] ground_station_status: rssi=0, uptime=156067, reserved=[0, 0, 0, 0, 0, 0]
[23:09:42.719] RX[COM9]  01
[23:09:42.721] RX[COM9]  67 00 00 02 d6 48 00 62 20 00 00 6e 00 02 e8 ff fb 00 03 ff fd 0a
[23:09:42.723] PACKET[COM9] sensors: status=0b0110011100000000, uptime=185928, filtered_accel=[1.0048, 0.0044, 0.02976], gyro=[-0.35, 0.21, -0.21]
[23:09:42.995] RX[COM9]  02
[23:09:42.996] RX[COM9]  6f 00 00 02 d7 43 00 00 00 00 00 00 00 00 00 00 00 00 00 00 00 00 00 00 00 00 00 00 00 00 00 00 00 00 00 00 00 00 00 00 00 00 00 00 00 00 00 00 00 00 00 00 00 00 00 00 43 63 40 5c 0c 50 0a
[23:09:42.997] PACKET[COM9] state: status=0b0110111100000000, uptime=186179, orientation=[0.0, 0.0, 0.0, 0.0], position=[0.0, 0.0, 0.0], velocity=[0.0, 0.0, 0.0], latitude=0.0, longitude=0.0, gps_altitude=0.0, barometric_altitude=227.251404, witness_battery_voltage=3.152
[23:09:43.056] RX[COM9]  03
[23:09:43.057] RX[COM9]  00 00 00 00 00 00 78 00 00 01 e4 9f 01 03 00 0b 40 0a
[23:09:43.060] PACKET[COM9] camera: fc_status=0b0000000000000000, fc_uptime=0, status=0b0111100000000000, uptime=124063, current_sense=[0.1, 0.3, 0.0], iris_battery_voltage=2.88
[23:09:43.122] RX[COM9]  ff
[23:09:43.123] RX[COM9]  6e 00 00 02 d7 43 0a
[23:09:43.125] PACKET[COM9] heartbeat: status=0b0110111000000000, uptime=186179
[23:09:43.125] RX[COM9]  f0
[23:09:43.126] RX[COM9]  00 00 02 65 8b 00 00 00 00 00 00 0a
[23:09:43.127] PACKET[COM9] ground_station_status: rssi=0, uptime=157067, reserved=[0, 0, 0, 0, 0, 0]
[23:09:43.731] RX[COM9]  01
[23:09:43.734] RX[COM9]  6e 00 00 02 da 30 00 62 38 00 00 6e 00 02 f4 ff fd 00 01 ff fe 0a
[23:09:43.736] PACKET[COM9] sensors: status=0b0110111000000000, uptime=186928, filtered_accel=[1.00576, 0.0044, 0.03024], gyro=[-0.21, 0.07, -0.14]
[23:09:43.958] RX[COM9]  02
[23:09:43.961] RX[COM9]  6e 00 00 02 db 2b 00 00 00 00 00 00 00 00 00 00 00 00 00 00 00 00 00 00 00 00 00 00 00 00 00 00 00 00 00 00 00 00 00 00 00 00 00 00 00 00 00 00 00 00 00 00 00 00 00 00 43 63 40 5c 0c 50 0a
[23:09:43.963] PACKET[COM9] state: status=0b0110111000000000, uptime=187179, orientation=[0.0, 0.0, 0.0, 0.0], position=[0.0, 0.0, 0.0], velocity=[0.0, 0.0, 0.0], latitude=0.0, longitude=0.0, gps_altitude=0.0, barometric_altitude=227.251404, witness_battery_voltage=3.152
[23:09:44.022] RX[COM9]  03
[23:09:44.029] RX[COM9]  00 00 00 00 00 00 78 00 00 01 e8 87 01 03 00 0b 54 0a
[23:09:44.032] PACKET[COM9] camera: fc_status=0b0000000000000000, fc_uptime=0, status=0b0111100000000000, uptime=125063, current_sense=[0.1, 0.3, 0.0], iris_battery_voltage=2.9
[23:09:44.087] RX[COM9]  ff
[23:09:44.089] RX[COM9]  6f 00 00 02 db 2b 0a
[23:09:44.090] PACKET[COM9] heartbeat: status=0b0110111100000000, uptime=187179
[23:09:44.091] RX[COM9]  f0
[23:09:44.091] RX[COM9]  00 00 02 69 73 00 00 00 00 00 00 0a
[23:09:44.092] PACKET[COM9] ground_station_status: rssi=0, uptime=158067, reserved=[0, 0, 0, 0, 0, 0]
[23:09:44.423] TX[COM9] 5V Reg Off:  05 00 00 00 00 00 00 00 50 0a
[23:09:44.458] RX[COM9]  05
[23:09:44.461] RX[COM9]  00 00 00 00 00 00 00 50 0a
[23:09:44.463] PACKET[COM9] command: status=0b0000000000000000, uptime=0, command_value=80
[23:09:44.464] RX[COM9]  49
[23:09:44.464] BAD_PACKET[COM9] unknown packet ID 0x49; discarded 1 byte(s)
[23:09:44.465] RX[COM9]  20 28 31 35 38 36 35 36 29 20 61 70 65 72 74 75 72 65 3a 20 53 65 6e 64 69 6e 67 20 63 6f 6d 6d 61 6e 64 20 74 6f 20 57 69 74 6e 65 73 73 0d 0a
[23:09:44.466] BAD_PACKET[COM9] unknown packet ID 0x20; discarded 1 byte(s)
[23:09:44.467] BAD_PACKET[COM9] unknown packet ID 0x28; discarded 1 byte(s)
[23:09:44.467] BAD_PACKET[COM9] unknown packet ID 0x31; discarded 1 byte(s)
[23:09:44.468] BAD_PACKET[COM9] unknown packet ID 0x35; discarded 1 byte(s)
[23:09:44.469] BAD_PACKET[COM9] unknown packet ID 0x38; discarded 1 byte(s)
[23:09:44.469] BAD_PACKET[COM9] unknown packet ID 0x36; discarded 1 byte(s)
[23:09:44.469] BAD_PACKET[COM9] unknown packet ID 0x35; discarded 1 byte(s)
[23:09:44.470] BAD_PACKET[COM9] unknown packet ID 0x36; discarded 1 byte(s)
[23:09:44.470] BAD_PACKET[COM9] unknown packet ID 0x29; discarded 1 byte(s)
[23:09:44.471] BAD_PACKET[COM9] unknown packet ID 0x20; discarded 1 byte(s)
[23:09:44.471] BAD_PACKET[COM9] unknown packet ID 0x61; discarded 1 byte(s)
[23:09:44.471] BAD_PACKET[COM9] unknown packet ID 0x70; discarded 1 byte(s)
[23:09:44.472] BAD_PACKET[COM9] unknown packet ID 0x65; discarded 1 byte(s)
[23:09:44.472] BAD_PACKET[COM9] unknown packet ID 0x72; discarded 1 byte(s)
[23:09:44.473] BAD_PACKET[COM9] unknown packet ID 0x74; discarded 1 byte(s)
[23:09:44.473] BAD_PACKET[COM9] unknown packet ID 0x75; discarded 1 byte(s)
[23:09:44.474] BAD_PACKET[COM9] unknown packet ID 0x72; discarded 1 byte(s)
[23:09:44.475] BAD_PACKET[COM9] unknown packet ID 0x65; discarded 1 byte(s)
[23:09:44.475] BAD_PACKET[COM9] unknown packet ID 0x3a; discarded 1 byte(s)
[23:09:44.476] BAD_PACKET[COM9] unknown packet ID 0x20; discarded 1 byte(s)
[23:09:44.476] BAD_PACKET[COM9] unknown packet ID 0x53; discarded 1 byte(s)
[23:09:44.477] BAD_PACKET[COM9] unknown packet ID 0x65; discarded 1 byte(s)
[23:09:44.477] BAD_PACKET[COM9] unknown packet ID 0x6e; discarded 1 byte(s)
[23:09:44.478] BAD_PACKET[COM9] unknown packet ID 0x64; discarded 1 byte(s)
[23:09:44.478] BAD_PACKET[COM9] unknown packet ID 0x69; discarded 1 byte(s)
[23:09:44.478] BAD_PACKET[COM9] unknown packet ID 0x6e; discarded 1 byte(s)
[23:09:44.479] BAD_PACKET[COM9] unknown packet ID 0x67; discarded 1 byte(s)
[23:09:44.479] BAD_PACKET[COM9] unknown packet ID 0x20; discarded 1 byte(s)
[23:09:44.479] BAD_PACKET[COM9] unknown packet ID 0x63; discarded 1 byte(s)
[23:09:44.480] BAD_PACKET[COM9] unknown packet ID 0x6f; discarded 1 byte(s)
[23:09:44.480] BAD_PACKET[COM9] unknown packet ID 0x6d; discarded 1 byte(s)
[23:09:44.480] BAD_PACKET[COM9] unknown packet ID 0x6d; discarded 1 byte(s)
[23:09:44.481] BAD_PACKET[COM9] unknown packet ID 0x61; discarded 1 byte(s)
[23:09:44.481] BAD_PACKET[COM9] unknown packet ID 0x6e; discarded 1 byte(s)
[23:09:44.482] BAD_PACKET[COM9] unknown packet ID 0x64; discarded 1 byte(s)
[23:09:44.483] BAD_PACKET[COM9] unknown packet ID 0x20; discarded 1 byte(s)
[23:09:44.484] BAD_PACKET[COM9] unknown packet ID 0x74; discarded 1 byte(s)
[23:09:44.484] BAD_PACKET[COM9] unknown packet ID 0x6f; discarded 1 byte(s)
[23:09:44.485] BAD_PACKET[COM9] unknown packet ID 0x20; discarded 1 byte(s)
[23:09:44.485] BAD_PACKET[COM9] unknown packet ID 0x57; discarded 1 byte(s)
[23:09:44.486] BAD_PACKET[COM9] unknown packet ID 0x69; discarded 1 byte(s)
[23:09:44.487] BAD_PACKET[COM9] unknown packet ID 0x74; discarded 1 byte(s)
[23:09:44.487] BAD_PACKET[COM9] unknown packet ID 0x6e; discarded 1 byte(s)
[23:09:44.488] BAD_PACKET[COM9] unknown packet ID 0x65; discarded 1 byte(s)
[23:09:44.488] BAD_PACKET[COM9] unknown packet ID 0x73; discarded 1 byte(s)
[23:09:44.489] BAD_PACKET[COM9] unknown packet ID 0x73; discarded 1 byte(s)
[23:09:44.490] BAD_PACKET[COM9] unknown packet ID 0x0d; discarded 1 byte(s)
[23:09:44.492] BAD_PACKET[COM9] unknown packet ID 0x0a; discarded 1 byte(s)
[23:09:44.716] RX[COM9]  01
[23:09:44.717] RX[COM9]  67 00 00 02 de 18 00 62 38 00 00 86 00 03 19 ff fd 00 02 ff fe 0a
[23:09:44.718] PACKET[COM9] sensors: status=0b0110011100000000, uptime=187928, filtered_accel=[1.00576, 0.00536, 0.03172], gyro=[-0.21, 0.14, -0.14]
[23:09:45.005] RX[COM9]  02
[23:09:45.008] RX[COM9]  6f 00 00 02 df 13 00 00 00 00 00 00 00 00 00 00 00 00 00 00 00 00 00 00 00 00 00 00 00 00 00 00 00 00 00 00 00 00 00 00 00 00 00 00 00 00 00 00 00 00 00 00 00 00 00 00 43 63 81 f9 0c 50 0a
[23:09:45.009] PACKET[COM9] state: status=0b0110111100000000, uptime=188179, orientation=[0.0, 0.0, 0.0, 0.0], position=[0.0, 0.0, 0.0], velocity=[0.0, 0.0, 0.0], latitude=0.0, longitude=0.0, gps_altitude=0.0, barometric_altitude=227.507706, witness_battery_voltage=3.152
[23:09:45.010] RX[COM9]  03
[23:09:45.011] RX[COM9]  00 00 00 00 00 00 38 00 00 01 ec 6f 01 03 00 0d 14 0a
[23:09:45.012] PACKET[COM9] camera: fc_status=0b0000000000000000, fc_uptime=0, status=0b0011100000000000, uptime=126063, current_sense=[0.1, 0.3, 0.0], iris_battery_voltage=3.348
[23:09:45.070] RX[COM9]  ff
[23:09:45.072] RX[COM9]  6e 00 00 02 df 13 0a
[23:09:45.074] PACKET[COM9] heartbeat: status=0b0110111000000000, uptime=188179
[23:09:45.134] RX[COM9]  f0
[23:09:45.135] RX[COM9]  00 00 02 6d 5b 00 00 00 00 00 00 0a
[23:09:45.136] PACKET[COM9] ground_station_status: rssi=0, uptime=159067, reserved=[0, 0, 0, 0, 0, 0]
[23:09:45.715] RX[COM9]  01
[23:09:45.715] RX[COM9]  6e 00 00 02 e2 00 00 62 20 00 00 62 00 02 e8 ff fc 00 03 ff fe 0a
[23:09:45.719] PACKET[COM9] sensors: status=0b0110111000000000, uptime=188928, filtered_accel=[1.0048, 0.00392, 0.02976], gyro=[-0.28, 0.21, -0.14]
[23:09:45.959] RX[COM9]  02
[23:09:45.960] RX[COM9]  6e 00 00 02 e2 fb 00 00 00 00 00 00 00 00 00 00 00 00 00 00 00 00 00 00 00 00 00 00 00 00 00 00 00 00 00 00 00 00 00 00 00 00 00 00 00 00 00 00 00 00 00 00 00 00 00 00 43 63 6c 54 0c 50 0a
[23:09:45.962] PACKET[COM9] state: status=0b0110111000000000, uptime=189179, orientation=[0.0, 0.0, 0.0, 0.0], position=[0.0, 0.0, 0.0], velocity=[0.0, 0.0, 0.0], latitude=0.0, longitude=0.0, gps_altitude=0.0, barometric_altitude=227.423157, witness_battery_voltage=3.152
[23:09:46.022] RX[COM9]  03
[23:09:46.023] RX[COM9]  00 00 00 00 00 00 38 00 00 01 f0 57 00 00 00 0c cc 0a
[23:09:46.025] PACKET[COM9] camera: fc_status=0b0000000000000000, fc_uptime=0, status=0b0011100000000000, uptime=127063, current_sense=[0.0, 0.0, 0.0], iris_battery_voltage=3.276
[23:09:46.087] RX[COM9]  ff
[23:09:46.089] RX[COM9]  6f 00 00 02 e2 fb 0a
[23:09:46.091] PACKET[COM9] heartbeat: status=0b0110111100000000, uptime=189179
[23:09:46.092] RX[COM9]  f0
[23:09:46.092] RX[COM9]  00 00 02 71 43 00 00 00 00 00 00 0a
[23:09:46.093] PACKET[COM9] ground_station_status: rssi=0, uptime=160067, reserved=[0, 0, 0, 0, 0, 0]
[23:09:46.763] RX[COM9]  01
[23:09:46.765] RX[COM9]  6f 00 00 02 e5 e8 00 62 14 00 00 e8 00 02 ab ff fd 00 02 ff fe 0a
[23:09:46.767] PACKET[COM9] sensors: status=0b0110111100000000, uptime=189928, filtered_accel=[1.00432, 0.00928, 0.02732], gyro=[-0.21, 0.14, -0.14]
[23:09:46.989] RX[COM9]  02
[23:09:46.995] RX[COM9]  67 00 00 02 e6 e3 00 00 00 00 00 00 00 00 00 00 00 00 00 00 00 00 00 00 00 00 00 00 00 00 00 00 00 00 00 00 00 00 00 00 00 00 00 00 00 00 00 00 00 00 00 00 00 00 00 00 43 63 56 af 0c 50 0a
[23:09:46.998] PACKET[COM9] state: status=0b0110011100000000, uptime=190179, orientation=[0.0, 0.0, 0.0, 0.0], position=[0.0, 0.0, 0.0], velocity=[0.0, 0.0, 0.0], latitude=0.0, longitude=0.0, gps_altitude=0.0, barometric_altitude=227.338608, witness_battery_voltage=3.152
[23:09:47.050] RX[COM9]  03
[23:09:47.052] RX[COM9]  00 00 00 00 00 00 38 00 00 01 f4 3f 00 00 00 0c b4 0a
[23:09:47.055] PACKET[COM9] camera: fc_status=0b0000000000000000, fc_uptime=0, status=0b0011100000000000, uptime=128063, current_sense=[0.0, 0.0, 0.0], iris_battery_voltage=3.252
[23:09:47.115] RX[COM9]  ff
[23:09:47.117] RX[COM9]  66 00 00 02 e6 e3 0a
[23:09:47.119] PACKET[COM9] heartbeat: status=0b0110011000000000, uptime=190179
[23:09:47.119] RX[COM9]  f0
[23:09:47.120] RX[COM9]  00 00 02 75 2b 00 00 00 00 00 00 0a
[23:09:47.121] PACKET[COM9] ground_station_status: rssi=0, uptime=161067, reserved=[0, 0, 0, 0, 0, 0]
[23:09:47.711] RX[COM9]  01
[23:09:47.712] RX[COM9]  66 00 00 02 e9 d0 00 62 2c 00 00 6e 00 03 25 ff fd 00 02 ff fe 0a
[23:09:47.715] PACKET[COM9] sensors: status=0b0110011000000000, uptime=190928, filtered_accel=[1.00528, 0.0044, 0.0322], gyro=[-0.21, 0.14, -0.14]
[23:09:47.999] RX[COM9]  02
[23:09:48.001] RX[COM9]  6e 00 00 02 ea cb 00 00 00 00 00 00 00 00 00 00 00 00 00 00 00 00 00 00 00 00 00 00 00 00 00 00 00 00 00 00 00 00 00 00 00 00 00 00 00 00 00 00 00 00 00 00 00 00 00 00 43 62 ff 6d 0c 48 0a
[23:09:48.002] PACKET[COM9] state: status=0b0110111000000000, uptime=191179, orientation=[0.0, 0.0, 0.0, 0.0], position=[0.0, 0.0, 0.0], velocity=[0.0, 0.0, 0.0], latitude=0.0, longitude=0.0, gps_altitude=0.0, barometric_altitude=226.997757, witness_battery_voltage=3.144
[23:09:48.053] RX[COM9]  03
[23:09:48.054] RX[COM9]  00 00 00 00 00 00 38 00 00 01 f8 27 00 00 00 0c b0 0a
[23:09:48.056] PACKET[COM9] camera: fc_status=0b0000000000000000, fc_uptime=0, status=0b0011100000000000, uptime=129063, current_sense=[0.0, 0.0, 0.0], iris_battery_voltage=3.248
[23:09:48.113] RX[COM9]  ff
[23:09:48.114] RX[COM9]  6f 00 00 02 ea cb 0a
[23:09:48.117] PACKET[COM9] heartbeat: status=0b0110111100000000, uptime=191179
[23:09:48.118] RX[COM9]  f0
[23:09:48.119] RX[COM9]  00 00 02 79 13 00 00 00 00 00 00 0a
[23:09:48.120] PACKET[COM9] ground_station_status: rssi=0, uptime=162067, reserved=[0, 0, 0, 0, 0, 0]
[23:09:48.709] RX[COM9]  01
[23:09:48.711] RX[COM9]  6f 00 00 02 ed b8 00 62 2c 00 00 7a 00 03 25 ff fc 00 02 ff fe 0a
[23:09:48.712] PACKET[COM9] sensors: status=0b0110111100000000, uptime=191928, filtered_accel=[1.00528, 0.00488, 0.0322], gyro=[-0.28, 0.14, -0.14]
[23:09:48.999] RX[COM9]  02
[23:09:49.001] RX[COM9]  67 00 00 02 ee b3 00 00 00 00 00 00 00 00 00 00 00 00 00 00 00 00 00 00 00 00 00 00 00 00 00 00 00 00 00 00 00 00 00 00 00 00 00 00 00 00 00 00 00 00 00 00 00 00 00 00 43 63 6c 54 0c 4c 0a
[23:09:49.003] PACKET[COM9] state: status=0b0110011100000000, uptime=192179, orientation=[0.0, 0.0, 0.0, 0.0], position=[0.0, 0.0, 0.0], velocity=[0.0, 0.0, 0.0], latitude=0.0, longitude=0.0, gps_altitude=0.0, barometric_altitude=227.423157, witness_battery_voltage=3.148
[23:09:49.061] RX[COM9]  03
[23:09:49.062] RX[COM9]  00 00 00 00 00 00 38 00 00 01 fc 0f 00 00 00 0c a8 0a
[23:09:49.065] PACKET[COM9] camera: fc_status=0b0000000000000000, fc_uptime=0, status=0b0011100000000000, uptime=130063, current_sense=[0.0, 0.0, 0.0], iris_battery_voltage=3.24
[23:09:49.121] RX[COM9]  ff
[23:09:49.122] RX[COM9]  66 00 00 02 ee b3 0a
[23:09:49.124] PACKET[COM9] heartbeat: status=0b0110011000000000, uptime=192179
[23:09:49.125] RX[COM9]  f0
[23:09:49.125] RX[COM9]  00 00 02 7c fb 00 00 00 00 00 00 0a
[23:09:49.126] PACKET[COM9] ground_station_status: rssi=0, uptime=163067, reserved=[0, 0, 0, 0, 0, 0]
[23:09:49.727] RX[COM9]  01
[23:09:49.729] RX[COM9]  66 00 00 02 f1 a0 00 62 2c 00 00 49 00 03 19 ff fc 00 00 ff fe 0a
[23:09:49.733] PACKET[COM9] sensors: status=0b0110011000000000, uptime=192928, filtered_accel=[1.00528, 0.00292, 0.03172], gyro=[-0.28, 0.0, -0.14]
[23:09:49.951] RX[COM9]  02
[23:09:49.956] RX[COM9]  6e 00 00 02 f2 9b 00 00 00 00 00 00 00 00 00 00 00 00 00 00 00 00 00 00 00 00 00 00 00 00 00 00 00 00 00 00 00 00 00 00 00 00 00 00 00 00 00 00 00 00 00 00 00 00 00 00 43 63 6c 54 0c 50 0a
[23:09:49.964] PACKET[COM9] state: status=0b0110111000000000, uptime=193179, orientation=[0.0, 0.0, 0.0, 0.0], position=[0.0, 0.0, 0.0], velocity=[0.0, 0.0, 0.0], latitude=0.0, longitude=0.0, gps_altitude=0.0, barometric_altitude=227.423157, witness_battery_voltage=3.152
[23:09:50.029] RX[COM9]  03
[23:09:50.031] RX[COM9]  00 00 00 00 00 00 38 00 00 01 ff f7 00 00 00 0c a0 0a
[23:09:50.033] PACKET[COM9] camera: fc_status=0b0000000000000000, fc_uptime=0, status=0b0011100000000000, uptime=131063, current_sense=[0.0, 0.0, 0.0], iris_battery_voltage=3.232
[23:09:50.093] RX[COM9]  ff
[23:09:50.095] RX[COM9]  6f 00 00 02 f2 9b 0a
[23:09:50.103] PACKET[COM9] heartbeat: status=0b0110111100000000, uptime=193179
[23:09:50.104] RX[COM9]  f0
[23:09:50.104] RX[COM9]  00 00 02 80 e3 00 00 00 00 00 00 0a
[23:09:50.105] PACKET[COM9] ground_station_status: rssi=0, uptime=164067, reserved=[0, 0, 0, 0, 0, 0]
[23:09:50.736] RX[COM9]  01
[23:09:50.737] RX[COM9]  6f 00 00 02 f5 88 00 62 38 00 00 92 00 03 01 ff fd 00 01 ff fe 0a
[23:09:50.741] PACKET[COM9] sensors: status=0b0110111100000000, uptime=193928, filtered_accel=[1.00576, 0.00584, 0.03076], gyro=[-0.21, 0.07, -0.14]
[23:09:50.991] RX[COM9]  02
[23:09:50.992] RX[COM9]  67 00 00 02 f6 83 00 00 00 00 00 00 00 00 00 00 00 00 00 00 00 00 00 00 00 00 00 00 00 00 00 00 00 00 00 00 00 00 00 00 00 00 00 00 00 00 00 00 00 00 00 00 00 00 00 00 43 63 81 f9 0c 50 0a
[23:09:50.994] PACKET[COM9] state: status=0b0110011100000000, uptime=194179, orientation=[0.0, 0.0, 0.0, 0.0], position=[0.0, 0.0, 0.0], velocity=[0.0, 0.0, 0.0], latitude=0.0, longitude=0.0, gps_altitude=0.0, barometric_altitude=227.507706, witness_battery_voltage=3.152
[23:09:51.054] RX[COM9]  03
[23:09:51.057] RX[COM9]  00 00 00 00 00 00 38 00 00 02 03 df 00 00 00 0c a0 0a
[23:09:51.059] PACKET[COM9] camera: fc_status=0b0000000000000000, fc_uptime=0, status=0b0011100000000000, uptime=132063, current_sense=[0.0, 0.0, 0.0], iris_battery_voltage=3.232
[23:09:51.060] RX[COM9]  ff
[23:09:51.060] RX[COM9]  66 00 00 02 f6 83 0a
[23:09:51.062] PACKET[COM9] heartbeat: status=0b0110011000000000, uptime=194179
[23:09:51.120] RX[COM9]  f0
[23:09:51.122] RX[COM9]  00 00 02 84 cb 00 00 00 00 00 00 0a
[23:09:51.123] PACKET[COM9] ground_station_status: rssi=0, uptime=165067, reserved=[0, 0, 0, 0, 0, 0]
[23:09:51.733] RX[COM9]  01
[23:09:51.735] RX[COM9]  66 00 00 02 f9 70 00 62 38 00 00 55 00 03 25 ff fc 00 02 ff fe 0a
[23:09:51.737] PACKET[COM9] sensors: status=0b0110011000000000, uptime=194928, filtered_accel=[1.00576, 0.0034, 0.0322], gyro=[-0.28, 0.14, -0.14]
[23:09:51.976] RX[COM9]  02
[23:09:51.981] RX[COM9]  6e 00 00 02 fa 6b 00 00 00 00 00 00 00 00 00 00 00 00 00 00 00 00 00 00 00 00 00 00 00 00 00 00 00 00 00 00 00 00 00 00 00 00 00 00 00 00 00 00 00 00 00 00 00 00 00 00 43 62 e9 c7 0c 50 0a
[23:09:51.983] PACKET[COM9] state: status=0b0110111000000000, uptime=195179, orientation=[0.0, 0.0, 0.0, 0.0], position=[0.0, 0.0, 0.0], velocity=[0.0, 0.0, 0.0], latitude=0.0, longitude=0.0, gps_altitude=0.0, barometric_altitude=226.913193, witness_battery_voltage=3.152
[23:09:52.040] RX[COM9]  03
[23:09:52.043] RX[COM9]  00 00 00 00 00 00 38 00 00 02 07 c7 00 00 00 0c 94 0a
[23:09:52.046] PACKET[COM9] camera: fc_status=0b0000000000000000, fc_uptime=0, status=0b0011100000000000, uptime=133063, current_sense=[0.0, 0.0, 0.0], iris_battery_voltage=3.22
[23:09:52.104] RX[COM9]  ff
[23:09:52.106] RX[COM9]  6f 00 00 02 fa 6b 0a
[23:09:52.109] PACKET[COM9] heartbeat: status=0b0110111100000000, uptime=195179
[23:09:52.110] RX[COM9]  f0
[23:09:52.111] RX[COM9]  00 00 02 88 b3 00 00 00 00 00 00 0a
[23:09:52.112] PACKET[COM9] ground_station_status: rssi=0, uptime=166067, reserved=[0, 0, 0, 0, 0, 0]
[23:09:52.762] RX[COM9]  01
[23:09:52.764] RX[COM9]  6f 00 00 02 fd 58 00 62 38 00 00 49 00 02 d0 ff fa 00 01 ff fe 0a
[23:09:52.766] PACKET[COM9] sensors: status=0b0110111100000000, uptime=195928, filtered_accel=[1.00576, 0.00292, 0.0288], gyro=[-0.42, 0.07, -0.14]
[23:09:52.994] RX[COM9]  02
[23:09:52.995] RX[COM9]  67 00 00 02 fe 53 00 00 00 00 00 00 00 00 00 00 00 00 00 00 00 00 00 00 00 00 00 00 00 00 00 00 00 00 00 00 00 00 00 00 00 00 00 00 00 00 00 00 00 00 00 00 00 00 00 00 43 63 ad 44 0c 4c 0a
[23:09:52.997] PACKET[COM9] state: status=0b0110011100000000, uptime=196179, orientation=[0.0, 0.0, 0.0, 0.0], position=[0.0, 0.0, 0.0], velocity=[0.0, 0.0, 0.0], latitude=0.0, longitude=0.0, gps_altitude=0.0, barometric_altitude=227.676819, witness_battery_voltage=3.148
[23:09:53.053] RX[COM9]  03
[23:09:53.055] RX[COM9]  00 00 00 00 00 00 38 00 00 02 0b af 00 00 00 0c 94 0a
[23:09:53.057] PACKET[COM9] camera: fc_status=0b0000000000000000, fc_uptime=0, status=0b0011100000000000, uptime=134063, current_sense=[0.0, 0.0, 0.0], iris_battery_voltage=3.22
[23:09:53.119] RX[COM9]  ff
[23:09:53.122] RX[COM9]  66 00 00 02 fe 53 0a
[23:09:53.124] PACKET[COM9] heartbeat: status=0b0110011000000000, uptime=196179
[23:09:53.124] RX[COM9]  f0
[23:09:53.125] RX[COM9]  00 00 02 8c 9b 00 00 00 00 00 00 0a
[23:09:53.125] PACKET[COM9] ground_station_status: rssi=0, uptime=167067, reserved=[0, 0, 0, 0, 0, 0]
[23:09:53.729] RX[COM9]  01
[23:09:53.730] RX[COM9]  66 00 00 03 01 40 00 62 14 ff ff 9e 00 03 19 ff fd 00 01 00 00 0a
[23:09:53.732] PACKET[COM9] sensors: status=0b0110011000000000, uptime=196928, filtered_accel=[1.00432, -0.00392, 0.03172], gyro=[-0.21, 0.07, 0.0]
[23:09:53.954] RX[COM9]  02
[23:09:53.960] RX[COM9]  6e 00 00 03 02 3b 00 00 00 00 00 00 00 00 00 00 00 00 00 00 00 00 00 00 00 00 00 00 00 00 00 00 00 00 00 00 00 00 00 00 00 00 00 00 00 00 00 00 00 00 00 00 00 00 00 00 43 63 6c 54 0c 58 0a
[23:09:53.965] PACKET[COM9] state: status=0b0110111000000000, uptime=197179, orientation=[0.0, 0.0, 0.0, 0.0], position=[0.0, 0.0, 0.0], velocity=[0.0, 0.0, 0.0], latitude=0.0, longitude=0.0, gps_altitude=0.0, barometric_altitude=227.423157, witness_battery_voltage=3.16
[23:09:54.019] RX[COM9]  03
[23:09:54.022] RX[COM9]  00 00 00 00 00 00 38 00 00 02 0f 97 00 00 00 0c 90 0a
[23:09:54.024] PACKET[COM9] camera: fc_status=0b0000000000000000, fc_uptime=0, status=0b0011100000000000, uptime=135063, current_sense=[0.0, 0.0, 0.0], iris_battery_voltage=3.216
[23:09:54.082] RX[COM9]  ff
[23:09:54.085] RX[COM9]  6f 00 00 03 02 3b 0a
[23:09:54.087] PACKET[COM9] heartbeat: status=0b0110111100000000, uptime=197179
[23:09:54.088] RX[COM9]  f0
[23:09:54.088] RX[COM9]  00 00 02 90 83 00 00 00 00 00 00 0a
[23:09:54.089] PACKET[COM9] ground_station_status: rssi=0, uptime=168067, reserved=[0, 0, 0, 0, 0, 0]
[23:09:54.738] RX[COM9]  01
[23:09:54.739] RX[COM9]  6f 00 00 03 05 28 00 62 2c 00 00 dc 00 03 25 ff fd 00 03 ff fe 0a
[23:09:54.742] PACKET[COM9] sensors: status=0b0110111100000000, uptime=197928, filtered_accel=[1.00528, 0.0088, 0.0322], gyro=[-0.21, 0.21, -0.14]
[23:09:54.985] RX[COM9]  02
[23:09:55.001] RX[COM9]  6f 00 00 03 06 23 00 00 00 00 00 00 00 00 00 00 00 00 00 00 00 00 00 00 00 00 00 00 00 00 00 00 00 00 00 00 00 00 00 00 00 00 00 00 00 00 00 00 00 00 00 00 00 00 00 00 43 63 6c 54 0c 50 0a
[23:09:55.004] PACKET[COM9] state: status=0b0110111100000000, uptime=198179, orientation=[0.0, 0.0, 0.0, 0.0], position=[0.0, 0.0, 0.0], velocity=[0.0, 0.0, 0.0], latitude=0.0, longitude=0.0, gps_altitude=0.0, barometric_altitude=227.423157, witness_battery_voltage=3.152
[23:09:55.063] RX[COM9]  03
[23:09:55.064] RX[COM9]  00 00 00 00 00 00 38 00 00 02 13 7f 00 00 00 0c 90 0a
[23:09:55.066] PACKET[COM9] camera: fc_status=0b0000000000000000, fc_uptime=0, status=0b0011100000000000, uptime=136063, current_sense=[0.0, 0.0, 0.0], iris_battery_voltage=3.216
[23:09:55.067] RX[COM9]  ff
[23:09:55.067] RX[COM9]  6e 00 00 03 06 23 0a
[23:09:55.069] PACKET[COM9] heartbeat: status=0b0110111000000000, uptime=198179
[23:09:55.127] RX[COM9]  f0
[23:09:55.128] RX[COM9]  00 00 02 94 6b 00 00 00 00 00 00 0a
[23:09:55.129] PACKET[COM9] ground_station_status: rssi=0, uptime=169067, reserved=[0, 0, 0, 0, 0, 0]
[23:09:55.724] RX[COM9]  01
[23:09:55.726] RX[COM9]  66 00 00 03 09 10 00 61 be ff fd 79 00 02 d0 ff fc 00 01 ff fb 0a
[23:09:55.728] PACKET[COM9] sensors: status=0b0110011000000000, uptime=198928, filtered_accel=[1.00088, -0.02588, 0.0288], gyro=[-0.28, 0.07, -0.35]
[23:09:55.969] RX[COM9]  02
[23:09:55.971] RX[COM9]  66 00 00 03 0a 0b 00 00 00 00 00 00 00 00 00 00 00 00 00 00 00 00 00 00 00 00 00 00 00 00 00 00 00 00 00 00 00 00 00 00 00 00 00 00 00 00 00 00 00 00 00 00 00 00 00 00 43 63 40 5c 0c 50 0a
[23:09:55.972] PACKET[COM9] state: status=0b0110011000000000, uptime=199179, orientation=[0.0, 0.0, 0.0, 0.0], position=[0.0, 0.0, 0.0], velocity=[0.0, 0.0, 0.0], latitude=0.0, longitude=0.0, gps_altitude=0.0, barometric_altitude=227.251404, witness_battery_voltage=3.152
[23:09:56.032] RX[COM9]  03
[23:09:56.034] RX[COM9]  00 00 00 00 00 00 38 00 00 02 17 67 00 00 00 0c 90 0a
[23:09:56.036] PACKET[COM9] camera: fc_status=0b0000000000000000, fc_uptime=0, status=0b0011100000000000, uptime=137063, current_sense=[0.0, 0.0, 0.0], iris_battery_voltage=3.216
[23:09:56.098] RX[COM9]  ff
[23:09:56.099] RX[COM9]  67 00 00 03 0a 0b 0a
[23:09:56.102] PACKET[COM9] heartbeat: status=0b0110011100000000, uptime=199179
[23:09:56.103] RX[COM9]  f0
[23:09:56.103] RX[COM9]  00 00 02 98 53 00 00 00 00 00 00 0a
[23:09:56.104] PACKET[COM9] ground_station_status: rssi=0, uptime=170067, reserved=[0, 0, 0, 0, 0, 0]
[23:09:56.749] RX[COM9]  01
[23:09:56.752] RX[COM9]  6f 00 00 03 0c f8 00 68 fd 00 05 b8 00 02 b7 ff fd 00 05 00 08 0a
[23:09:56.755] PACKET[COM9] sensors: status=0b0110111100000000, uptime=199928, filtered_accel=[1.07508, 0.05856, 0.0278], gyro=[-0.21, 0.35, 0.56]
[23:09:56.992] RX[COM9]  02
[23:09:56.993] RX[COM9]  6f 00 00 03 0d f3 00 00 00 00 00 00 00 00 00 00 00 00 00 00 00 00 00 00 00 00 00 00 00 00 00 00 00 00 00 00 00 00 00 00 00 00 00 00 00 00 00 00 00 00 00 00 00 00 00 00 43 63 97 9f 0c 4c 0a
[23:09:56.996] PACKET[COM9] state: status=0b0110111100000000, uptime=200179, orientation=[0.0, 0.0, 0.0, 0.0], position=[0.0, 0.0, 0.0], velocity=[0.0, 0.0, 0.0], latitude=0.0, longitude=0.0, gps_altitude=0.0, barometric_altitude=227.59227, witness_battery_voltage=3.148
[23:09:57.057] RX[COM9]  03
[23:09:57.059] RX[COM9]  00 00 00 00 00 00 38 00 00 02 1b 4f 00 00 00 0c 8c 0a
[23:09:57.061] PACKET[COM9] camera: fc_status=0b0000000000000000, fc_uptime=0, status=0b0011100000000000, uptime=138063, current_sense=[0.0, 0.0, 0.0], iris_battery_voltage=3.212
[23:09:57.062] RX[COM9]  ff
[23:09:57.063] RX[COM9]  6e 00 00 03 0d f3 0a
[23:09:57.064] PACKET[COM9] heartbeat: status=0b0110111000000000, uptime=200179
[23:09:57.122] RX[COM9]  f0
[23:09:57.123] RX[COM9]  00 00 02 9c 3b 00 00 00 00 00 00 0a
[23:09:57.125] PACKET[COM9] ground_station_status: rssi=0, uptime=171067, reserved=[0, 0, 0, 0, 0, 0]
[23:09:57.724] RX[COM9]  01
[23:09:57.725] RX[COM9]  6e 00 00 03 10 e0 00 62 44 00 01 19 00 04 6f ff fc 00 0f 00 00 0a
[23:09:57.727] PACKET[COM9] sensors: status=0b0110111000000000, uptime=200928, filtered_accel=[1.00624, 0.01124, 0.0454], gyro=[-0.28, 1.05, 0.0]
[23:09:57.964] RX[COM9]  02
[23:09:57.965] RX[COM9]  66 00 00 03 11 db 00 00 00 00 00 00 00 00 00 00 00 00 00 00 00 00 00 00 00 00 00 00 00 00 00 00 00 00 00 00 00 00 00 00 00 00 00 00 00 00 00 00 00 00 00 00 00 00 00 00 43 63 6c 54 0c 50 0a
[23:09:57.968] PACKET[COM9] state: status=0b0110011000000000, uptime=201179, orientation=[0.0, 0.0, 0.0, 0.0], position=[0.0, 0.0, 0.0], velocity=[0.0, 0.0, 0.0], latitude=0.0, longitude=0.0, gps_altitude=0.0, barometric_altitude=227.423157, witness_battery_voltage=3.152
[23:09:58.029] RX[COM9]  03
[23:09:58.032] RX[COM9]  00 00 00 00 00 00 38 00 00 02 1f 37 00 00 00 0c 8c 0a
[23:09:58.034] PACKET[COM9] camera: fc_status=0b0000000000000000, fc_uptime=0, status=0b0011100000000000, uptime=139063, current_sense=[0.0, 0.0, 0.0], iris_battery_voltage=3.212
[23:09:58.095] RX[COM9]  ff
[23:09:58.096] RX[COM9]  67 00 00 03 11 db 0a
[23:09:58.098] PACKET[COM9] heartbeat: status=0b0110011100000000, uptime=201179
[23:09:58.099] RX[COM9]  f0
[23:09:58.100] RX[COM9]  00 00 02 a0 23 00 00 00 00 00 00 0a
[23:09:58.101] PACKET[COM9] ground_station_status: rssi=0, uptime=172067, reserved=[0, 0, 0, 0, 0, 0]
[23:09:58.756] RX[COM9]  01
[23:09:58.757] RX[COM9]  67 00 00 03 14 c8 00 61 fb 00 01 0c 00 04 0d ff fd 00 04 00 00 0a
[23:09:58.759] PACKET[COM9] sensors: status=0b0110011100000000, uptime=201928, filtered_accel=[1.00332, 0.01072, 0.04148], gyro=[-0.21, 0.28, 0.0]
[23:09:59.014] RX[COM9]  02
[23:09:59.016] RX[COM9]  6f 00 00 03 15 c3 00 00 00 00 00 00 00 00 00 00 00 00 00 00 00 00 00 00 00 00 00 00 00 00 00 00 00 00 00 00 00 00 00 00 00 00 00 00 00 00 00 00 00 00 00 00 00 00 00 00 43 63 ad 44 0c 4c 0a
[23:09:59.018] PACKET[COM9] state: status=0b0110111100000000, uptime=202179, orientation=[0.0, 0.0, 0.0, 0.0], position=[0.0, 0.0, 0.0], velocity=[0.0, 0.0, 0.0], latitude=0.0, longitude=0.0, gps_altitude=0.0, barometric_altitude=227.676819, witness_battery_voltage=3.148
[23:09:59.079] RX[COM9]  ff
[23:09:59.080] RX[COM9]  6e 00 00 03 15 c3 0a
[23:09:59.082] PACKET[COM9] heartbeat: status=0b0110111000000000, uptime=202179
[23:09:59.082] RX[COM9]  f0
[23:09:59.083] RX[COM9]  00 00 02 a4 0b 00 00 00 00 00 00 0a
[23:09:59.083] PACKET[COM9] ground_station_status: rssi=0, uptime=173067, reserved=[0, 0, 0, 0, 0, 0]
[23:09:59.756] RX[COM9]  01
[23:09:59.757] RX[COM9]  6e 00 00 03 18 b0 00 62 20 00 00 62 00 03 19 ff ff ff f2 ff fe 0a
[23:09:59.759] PACKET[COM9] sensors: status=0b0110111000000000, uptime=202928, filtered_accel=[1.0048, 0.00392, 0.03172], gyro=[-0.07, -0.98, -0.14]
[23:09:59.980] RX[COM9]  02
[23:09:59.984] RX[COM9]  66 00 00 03 19 ab 00 00 00 00 00 00 00 00 00 00 00 00 00 00 00 00 00 00 00 00 00 00 00 00 00 00 00 00 00 00 00 00 00 00 00 00 00 00 00 00 00 00 00 00 00 00 00 00 00 00 43 63 56 af 0c 60 0a
[23:09:59.988] PACKET[COM9] state: status=0b0110011000000000, uptime=203179, orientation=[0.0, 0.0, 0.0, 0.0], position=[0.0, 0.0, 0.0], velocity=[0.0, 0.0, 0.0], latitude=0.0, longitude=0.0, gps_altitude=0.0, barometric_altitude=227.338608, witness_battery_voltage=3.168
[23:10:00.095] RX[COM9]  ff
[23:10:00.096] RX[COM9]  67 00 00 03 19 ab 0a
[23:10:00.098] PACKET[COM9] heartbeat: status=0b0110011100000000, uptime=203179
[23:10:00.099] RX[COM9]  f0
[23:10:00.099] RX[COM9]  00 00 02 a7 f3 00 00 00 00 00 00 0a
[23:10:00.100] PACKET[COM9] ground_station_status: rssi=0, uptime=174067, reserved=[0, 0, 0, 0, 0, 0]
[23:10:00.711] RX[COM9]  01
[23:10:00.712] RX[COM9]  67 00 00 03 1c 98 00 62 14 00 01 0c 00 03 56 ff fc 00 03 ff fd 0a
[23:10:00.713] PACKET[COM9] sensors: status=0b0110011100000000, uptime=203928, filtered_accel=[1.00432, 0.01072, 0.03416], gyro=[-0.28, 0.21, -0.21]
[23:10:01.002] RX[COM9]  02
[23:10:01.013] RX[COM9]  6f 00 00 03 1d 93 00 00 00 00 00 00 00 00 00 00 00 00 00 00 00 00 00 00 00 00 00 00 00 00 00 00 00 00 00 00 00 00 00 00 00 00 00 00 00 00 00 00 00 00 00 00 00 00 00 00 43 63 6c 54 0c 50 0a
[23:10:01.016] PACKET[COM9] state: status=0b0110111100000000, uptime=204179, orientation=[0.0, 0.0, 0.0, 0.0], position=[0.0, 0.0, 0.0], velocity=[0.0, 0.0, 0.0], latitude=0.0, longitude=0.0, gps_altitude=0.0, barometric_altitude=227.423157, witness_battery_voltage=3.152
[23:10:01.081] RX[COM9]  ff
[23:10:01.084] RX[COM9]  6e 00 00 03 1d 93 0a
[23:10:01.087] PACKET[COM9] heartbeat: status=0b0110111000000000, uptime=204179
[23:10:01.088] RX[COM9]  f0
[23:10:01.089] RX[COM9]  00 00 02 ab db 00 00 00 00 00 00 0a
[23:10:01.089] PACKET[COM9] ground_station_status: rssi=0, uptime=175067, reserved=[0, 0, 0, 0, 0, 0]
[23:10:01.730] RX[COM9]  01 6e 00 00 03 20 80 00 62 38 00 00 9f 00 03 25 ff fc 00 00 ff fd 0a
[23:10:01.733] PACKET[COM9] sensors: status=0b0110111000000000, uptime=204928, filtered_accel=[1.00576, 0.00636, 0.0322], gyro=[-0.28, 0.0, -0.21]
[23:10:01.956] RX[COM9]  02
[23:10:01.959] RX[COM9]  66 00 00 03 21 7b 00 00 00 00 00 00 00 00 00 00 00 00 00 00 00 00 00 00 00 00 00 00 00 00 00 00 00 00 00 00 00 00 00 00 00 00 00 00 00 00 00 00 00 00 00 00 00 00 00 00 43 63 40 5c 0c 4c 0a
[23:10:01.962] PACKET[COM9] state: status=0b0110011000000000, uptime=205179, orientation=[0.0, 0.0, 0.0, 0.0], position=[0.0, 0.0, 0.0], velocity=[0.0, 0.0, 0.0], latitude=0.0, longitude=0.0, gps_altitude=0.0, barometric_altitude=227.251404, witness_battery_voltage=3.148
[23:10:02.065] RX[COM9]  ff
[23:10:02.066] RX[COM9]  67 00 00 03 21 7b 0a
[23:10:02.068] PACKET[COM9] heartbeat: status=0b0110011100000000, uptime=205179
[23:10:02.128] RX[COM9]  f0
[23:10:02.130] RX[COM9]  fe 00 02 af c3 00 00 00 00 00 00 0a
[23:10:02.131] PACKET[COM9] ground_station_status: rssi=-2, uptime=176067, reserved=[0, 0, 0, 0, 0, 0]
[23:10:02.742] RX[COM9]  01
[23:10:02.744] RX[COM9]  67 00 00 03 24 68 00 62 2c 00 00 0c 00 03 56 ff fd 00 03 ff ff 0a
[23:10:02.745] PACKET[COM9] sensors: status=0b0110011100000000, uptime=205928, filtered_accel=[1.00528, 0.00048, 0.03416], gyro=[-0.21, 0.21, -0.07]
[23:10:02.969] RX[COM9]  02
[23:10:02.970] RX[COM9]  6f 00 00 03 25 63 00 00 00 00 00 00 00 00 00 00 00 00 00 00 00 00 00 00 00 00 00 00 00 00 00 00 00 00 00 00 00 00 00 00 00 00 00 00 00 00 00 00 00 00 00 00 00 00 00 00 43 63 56 af 0c 4c 0a
[23:10:02.971] PACKET[COM9] state: status=0b0110111100000000, uptime=206179, orientation=[0.0, 0.0, 0.0, 0.0], position=[0.0, 0.0, 0.0], velocity=[0.0, 0.0, 0.0], latitude=0.0, longitude=0.0, gps_altitude=0.0, barometric_altitude=227.338608, witness_battery_voltage=3.148
[23:10:03.080] RX[COM9]  ff
[23:10:03.081] RX[COM9]  6e 00 00 03 25 63 0a
[23:10:03.082] PACKET[COM9] heartbeat: status=0b0110111000000000, uptime=206179
[23:10:03.083] RX[COM9]  f0
[23:10:03.084] RX[COM9]  ff 00 02 b3 ab 00 00 00 00 00 00 0a
[23:10:03.085] PACKET[COM9] ground_station_status: rssi=-1, uptime=177067, reserved=[0, 0, 0, 0, 0, 0]
[23:10:03.752] RX[COM9]  01
[23:10:03.753] RX[COM9]  6e 00 00 03 28 50 00 62 14 00 00 6e 00 03 01 ff fc 00 02 ff fe 0a
[23:10:03.755] PACKET[COM9] sensors: status=0b0110111000000000, uptime=206928, filtered_accel=[1.00432, 0.0044, 0.03076], gyro=[-0.28, 0.14, -0.14]
[23:10:03.982] RX[COM9]  02
[23:10:03.984] RX[COM9]  6e 00 00 03 29 4b 00 00 00 00 00 00 00 00 00 00 00 00 00 00 00 00 00 00 00 00 00 00 00 00 00 00 00 00 00 00 00 00 00 00 00 00 00 00 00 00 00 00 00 00 00 00 00 00 00 00 43 63 2a b7 0c 58 0a
[23:10:03.986] PACKET[COM9] state: status=0b0110111000000000, uptime=207179, orientation=[0.0, 0.0, 0.0, 0.0], position=[0.0, 0.0, 0.0], velocity=[0.0, 0.0, 0.0], latitude=0.0, longitude=0.0, gps_altitude=0.0, barometric_altitude=227.166855, witness_battery_voltage=3.16
[23:10:04.090] RX[COM9]  ff
[23:10:04.091] RX[COM9]  6f 00 00 03 29 4b 0a
[23:10:04.092] PACKET[COM9] heartbeat: status=0b0110111100000000, uptime=207179
[23:10:04.093] RX[COM9]  f0
[23:10:04.094] RX[COM9]  00 00 02 b7 93 00 00 00 00 00 00 0a
[23:10:04.095] PACKET[COM9] ground_station_status: rssi=0, uptime=178067, reserved=[0, 0, 0, 0, 0, 0]
[23:10:04.710] RX[COM9]  01
[23:10:04.712] RX[COM9]  67 00 00 03 2c 38 00 61 75 ff fe c3 00 03 19 ff fd 00 02 ff fe 0a
[23:10:04.714] PACKET[COM9] sensors: status=0b0110011100000000, uptime=207928, filtered_accel=[0.99796, -0.01268, 0.03172], gyro=[-0.21, 0.14, -0.14]
[23:10:04.968] RX[COM9]  02
[23:10:04.970] RX[COM9]  6f 00 00 03 2d 33 00 00 00 00 00 00 00 00 00 00 00 00 00 00 00 00 00 00 00 00 00 00 00 00 00 00 00 00 00 00 00 00 00 00 00 00 00 00 00 00 00 00 00 00 00 00 00 00 00 00 43 63 56 af 0c 48 0a
[23:10:04.972] PACKET[COM9] state: status=0b0110111100000000, uptime=208179, orientation=[0.0, 0.0, 0.0, 0.0], position=[0.0, 0.0, 0.0], velocity=[0.0, 0.0, 0.0], latitude=0.0, longitude=0.0, gps_altitude=0.0, barometric_altitude=227.338608, witness_battery_voltage=3.144
[23:10:05.083] RX[COM9]  ff
[23:10:05.085] RX[COM9]  6e 00 00 03 2d 33 0a
[23:10:05.087] PACKET[COM9] heartbeat: status=0b0110111000000000, uptime=208179
[23:10:05.089] RX[COM9]  f0
[23:10:05.089] RX[COM9]  00 00 02 bb 7b 00 00 00 00 00 00 0a
[23:10:05.090] PACKET[COM9] ground_station_status: rssi=0, uptime=179067, reserved=[0, 0, 0, 0, 0, 0]
[23:10:05.757] RX[COM9]  01
[23:10:05.758] RX[COM9]  6e 00 00 03 30 20 00 61 e3 00 03 0d 00 03 87 ff fc 00 01 ff ff 0a
[23:10:05.760] PACKET[COM9] sensors: status=0b0110111000000000, uptime=208928, filtered_accel=[1.00236, 0.03124, 0.03612], gyro=[-0.28, 0.07, -0.07]
[23:10:05.980] RX[COM9]  02
[23:10:05.983] RX[COM9]  6e 00 00 03 31 1b 00 00 00 00 00 00 00 00 00 00 00 00 00 00 00 00 00 00 00 00 00 00 00 00 00 00 00 00 00 00 00 00 00 00 00 00 00 00 00 00 00 00 00 00 00 00 00 00 00 00 43 63 ad 44 0c 50 0a
[23:10:05.987] PACKET[COM9] state: status=0b0110111000000000, uptime=209179, orientation=[0.0, 0.0, 0.0, 0.0], position=[0.0, 0.0, 0.0], velocity=[0.0, 0.0, 0.0], latitude=0.0, longitude=0.0, gps_altitude=0.0, barometric_altitude=227.676819, witness_battery_voltage=3.152
[23:10:06.093] RX[COM9]  ff
[23:10:06.094] RX[COM9]  6f 00 00 03 31 1b 0a
[23:10:06.097] PACKET[COM9] heartbeat: status=0b0110111100000000, uptime=209179
[23:10:06.098] RX[COM9]  f0
[23:10:06.099] RX[COM9]  00 00 02 bf 63 00 00 00 00 00 00 0a
[23:10:06.099] PACKET[COM9] ground_station_status: rssi=0, uptime=180067, reserved=[0, 0, 0, 0, 0, 0]
[23:10:06.718] RX[COM9]  01
[23:10:06.721] RX[COM9]  6f 00 00 03 34 08 00 61 e3 00 00 6e 00 03 01 00 03 00 34 00 26 0a
[23:10:06.723] PACKET[COM9] sensors: status=0b0110111100000000, uptime=209928, filtered_accel=[1.00236, 0.0044, 0.03076], gyro=[0.21, 3.64, 2.66]
[23:10:06.975] RX[COM9]  02
[23:10:06.982] RX[COM9]  67 00 00 03 35 03 00 00 00 00 00 00 00 00 00 00 00 00 00 00 00 00 00 00 00 00 00 00 00 00 00 00 00 00 00 00 00 00 00 00 00 00 00 00 00 00 00 00 00 00 00 00 00 00 00 00 43 63 97 9f 0c 60 0a
[23:10:06.986] PACKET[COM9] state: status=0b0110011100000000, uptime=210179, orientation=[0.0, 0.0, 0.0, 0.0], position=[0.0, 0.0, 0.0], velocity=[0.0, 0.0, 0.0], latitude=0.0, longitude=0.0, gps_altitude=0.0, barometric_altitude=227.59227, witness_battery_voltage=3.168
[23:10:07.092] RX[COM9]  ff
[23:10:07.093] RX[COM9]  66 00 00 03 35 03 0a
[23:10:07.095] PACKET[COM9] heartbeat: status=0b0110011000000000, uptime=210179
[23:10:07.096] RX[COM9]  f0
[23:10:07.097] RX[COM9]  00 00 02 c3 4b 00 00 00 00 00 00 0a
[23:10:07.097] PACKET[COM9] ground_station_status: rssi=0, uptime=181067, reserved=[0, 0, 0, 0, 0, 0]
[23:10:07.717] RX[COM9]  01
[23:10:07.720] RX[COM9]  6e 00 00 03 37 f0 00 62 75 00 01 31 00 03 19 ff fd 00 14 00 0b 0a
[23:10:07.722] PACKET[COM9] sensors: status=0b0110111000000000, uptime=210928, filtered_accel=[1.0082, 0.0122, 0.03172], gyro=[-0.21, 1.4, 0.77]
[23:10:07.972] RX[COM9]  02
[23:10:07.973] RX[COM9]  6e 00 00 03 38 eb 00 00 00 00 00 00 00 00 00 00 00 00 00 00 00 00 00 00 00 00 00 00 00 00 00 00 00 00 00 00 00 00 00 00 00 00 00 00 00 00 00 00 00 00 00 00 00 00 00 00 43 62 ff 6d 0c 48 0a
[23:10:07.976] PACKET[COM9] state: status=0b0110111000000000, uptime=211179, orientation=[0.0, 0.0, 0.0, 0.0], position=[0.0, 0.0, 0.0], velocity=[0.0, 0.0, 0.0], latitude=0.0, longitude=0.0, gps_altitude=0.0, barometric_altitude=226.997757, witness_battery_voltage=3.144
[23:10:08.089] RX[COM9]  ff
[23:10:08.090] RX[COM9]  6f 00 00 03 38 eb 0a
[23:10:08.092] PACKET[COM9] heartbeat: status=0b0110111100000000, uptime=211179
[23:10:08.093] RX[COM9]  f0
[23:10:08.094] RX[COM9]  00 00 02 c7 33 00 00 00 00 00 00 0a
[23:10:08.095] PACKET[COM9] ground_station_status: rssi=0, uptime=182067, reserved=[0, 0, 0, 0, 0, 0]
[23:10:08.714] RX[COM9]  01
[23:10:08.717] RX[COM9]  6f 00 00 03 3b d8 00 61 ef 00 00 31 00 02 56 ff fb ff fe ff f8 0a
[23:10:08.720] PACKET[COM9] sensors: status=0b0110111100000000, uptime=211928, filtered_accel=[1.00284, 0.00196, 0.02392], gyro=[-0.35, -0.14, -0.56]
[23:10:08.957] RX[COM9]  02
[23:10:08.963] RX[COM9]  67 00 00 03 3c d3 00 00 00 00 00 00 00 00 00 00 00 00 00 00 00 00 00 00 00 00 00 00 00 00 00 00 00 00 00 00 00 00 00 00 00 00 00 00 00 00 00 00 00 00 00 00 00 00 00 00 43 63 97 9f 0c 4c 0a
[23:10:08.968] PACKET[COM9] state: status=0b0110011100000000, uptime=212179, orientation=[0.0, 0.0, 0.0, 0.0], position=[0.0, 0.0, 0.0], velocity=[0.0, 0.0, 0.0], latitude=0.0, longitude=0.0, gps_altitude=0.0, barometric_altitude=227.59227, witness_battery_voltage=3.148
[23:10:09.075] RX[COM9]  ff
[23:10:09.076] RX[COM9]  66 00 00 03 3c d3 0a
[23:10:09.078] PACKET[COM9] heartbeat: status=0b0110011000000000, uptime=212179
[23:10:09.079] RX[COM9]  f0
[23:10:09.080] RX[COM9]  00 00 02 cb 1b 00 00 00 00 00 00 0a
[23:10:09.081] PACKET[COM9] ground_station_status: rssi=0, uptime=183067, reserved=[0, 0, 0, 0, 0, 0]
[23:10:09.755] RX[COM9]  01
[23:10:09.756] RX[COM9]  66 00 00 03 3f c0 00 62 20 00 00 cf 00 00 cf 00 05 00 39 00 06 0a
[23:10:09.758] PACKET[COM9] sensors: status=0b0110011000000000, uptime=212928, filtered_accel=[1.0048, 0.00828, 0.00828], gyro=[0.35, 3.99, 0.42]
[23:10:09.979] RX[COM9]  02
[23:10:09.980] RX[COM9]  6e 00 00 03 40 bb 00 00 00 00 00 00 00 00 00 00 00 00 00 00 00 00 00 00 00 00 00 00 00 00 00 00 00 00 00 00 00 00 00 00 00 00 00 00 00 00 00 00 00 00 00 00 00 00 00 00 43 63 56 af 0c 48 0a
[23:10:09.982] PACKET[COM9] state: status=0b0110111000000000, uptime=213179, orientation=[0.0, 0.0, 0.0, 0.0], position=[0.0, 0.0, 0.0], velocity=[0.0, 0.0, 0.0], latitude=0.0, longitude=0.0, gps_altitude=0.0, barometric_altitude=227.338608, witness_battery_voltage=3.144
[23:10:10.094] RX[COM9]  ff
[23:10:10.094] RX[COM9]  6f 00 00 03 40 bb 0a
[23:10:10.096] PACKET[COM9] heartbeat: status=0b0110111100000000, uptime=213179
[23:10:10.096] RX[COM9]  f0
[23:10:10.097] RX[COM9]  00 00 02 cf 03 00 00 00 00 00 00 0a
[23:10:10.097] PACKET[COM9] ground_station_status: rssi=0, uptime=184067, reserved=[0, 0, 0, 0, 0, 0]
[23:10:10.719] RX[COM9]  01
[23:10:10.721] RX[COM9]  6f 00 00 03 43 a8 00 61 be ff fc 55 00 06 dd ff fb 00 12 ff ed 0a
[23:10:10.722] PACKET[COM9] sensors: status=0b0110111100000000, uptime=213928, filtered_accel=[1.00088, -0.03756, 0.07028], gyro=[-0.35, 1.26, -1.33]
[23:10:10.979] RX[COM9]  02
[23:10:10.981] RX[COM9]  67 00 00 03 44 a3 00 00 00 00 00 00 00 00 00 00 00 00 00 00 00 00 00 00 00 00 00 00 00 00 00 00 00 00 00 00 00 00 00 00 00 00 00 00 00 00 00 00 00 00 00 00 00 00 00 00 43 63 81 f9 0c 4c 0a
[23:10:10.982] PACKET[COM9] state: status=0b0110011100000000, uptime=214179, orientation=[0.0, 0.0, 0.0, 0.0], position=[0.0, 0.0, 0.0], velocity=[0.0, 0.0, 0.0], latitude=0.0, longitude=0.0, gps_altitude=0.0, barometric_altitude=227.507706, witness_battery_voltage=3.148
[23:10:11.096] RX[COM9]  ff
[23:10:11.097] RX[COM9]  66 00 00 03 44 a3 0a
[23:10:11.098] PACKET[COM9] heartbeat: status=0b0110011000000000, uptime=214179
[23:10:11.099] RX[COM9]  f0
[23:10:11.099] RX[COM9]  fa 00 02 d2 eb 00 00 00 00 00 00 0a
[23:10:11.100] PACKET[COM9] ground_station_status: rssi=-6, uptime=185067, reserved=[0, 0, 0, 0, 0, 0]
[23:10:11.720] RX[COM9]  01
[23:10:11.722] RX[COM9]  66 00 00 03 47 90 00 61 81 ff fb 17 00 03 f5 00 04 00 0d ff 9f 0a
[23:10:11.723] PACKET[COM9] sensors: status=0b0110011000000000, uptime=214928, filtered_accel=[0.99844, -0.05028, 0.04052], gyro=[0.28, 0.91, -6.79]
[23:10:11.977] RX[COM9]  02
[23:10:11.980] RX[COM9]  6e 00 00 03 48 8b 00 00 00 00 00 00 00 00 00 00 00 00 00 00 00 00 00 00 00 00 00 00 00 00 00 00 00 00 00 00 00 00 00 00 00 00 00 00 00 00 00 00 00 00 00 00 00 00 00 00 43 63 40 5c 0c 48 0a
[23:10:11.982] PACKET[COM9] state: status=0b0110111000000000, uptime=215179, orientation=[0.0, 0.0, 0.0, 0.0], position=[0.0, 0.0, 0.0], velocity=[0.0, 0.0, 0.0], latitude=0.0, longitude=0.0, gps_altitude=0.0, barometric_altitude=227.251404, witness_battery_voltage=3.144
[23:10:12.094] RX[COM9]  ff
[23:10:12.095] RX[COM9]  6f 00 00 03 48 8b 0a
[23:10:12.096] PACKET[COM9] heartbeat: status=0b0110111100000000, uptime=215179
[23:10:12.096] RX[COM9]  f0
[23:10:12.097] RX[COM9]  fd 00 02 d6 d3 00 00 00 00 00 00 0a
[23:10:12.097] PACKET[COM9] ground_station_status: rssi=-3, uptime=186067, reserved=[0, 0, 0, 0, 0, 0]
[23:10:12.734] RX[COM9]  01
[23:10:12.736] RX[COM9]  6f 00 00 03 4b 78 00 63 14 00 09 c5 00 01 31 00 09 00 06 ff de 0a
[23:10:12.738] PACKET[COM9] sensors: status=0b0110111100000000, uptime=215928, filtered_accel=[1.01456, 0.10004, 0.0122], gyro=[0.63, 0.42, -2.38]
[23:10:12.968] RX[COM9]  02
[23:10:12.971] RX[COM9]  67 00 00 03 4c 73 00 00 00 00 00 00 00 00 00 00 00 00 00 00 00 00 00 00 00 00 00 00 00 00 00 00 00 00 00 00 00 00 00 00 00 00 00 00 00 00 00 00 00 00 00 00 00 00 00 00 43 63 2a b7 0c 50 0a
[23:10:12.976] PACKET[COM9] state: status=0b0110011100000000, uptime=216179, orientation=[0.0, 0.0, 0.0, 0.0], position=[0.0, 0.0, 0.0], velocity=[0.0, 0.0, 0.0], latitude=0.0, longitude=0.0, gps_altitude=0.0, barometric_altitude=227.166855, witness_battery_voltage=3.152
[23:10:13.079] RX[COM9]  ff
[23:10:13.080] RX[COM9]  66 00 00 03 4c 73 0a
[23:10:13.082] PACKET[COM9] heartbeat: status=0b0110011000000000, uptime=216179
[23:10:13.083] RX[COM9]  f0
[23:10:13.083] RX[COM9]  fb 00 02 da bb 00 00 00 00 00 00 0a
[23:10:13.085] PACKET[COM9] ground_station_status: rssi=-5, uptime=187067, reserved=[0, 0, 0, 0, 0, 0]
[23:10:14.100] RX[COM9]  f0
[23:10:14.102] RX[COM9]  fb 00 02 de a3 00 00 00 00 00 00 0a
[23:10:14.103] PACKET[COM9] ground_station_status: rssi=-5, uptime=188067, reserved=[0, 0, 0, 0, 0, 0]
[23:10:15.114] RX[COM9]  f0
[23:10:15.114] RX[COM9]  fb 00 02 e2 8b 00 00 00 00 00 00 0a
[23:10:15.115] PACKET[COM9] ground_station_status: rssi=-5, uptime=189067, reserved=[0, 0, 0, 0, 0, 0]
[23:10:16.082] RX[COM9]  f0
[23:10:16.086] RX[COM9]  fb 00 02 e6 73 00 00 00 00 00 00 0a
[23:10:16.088] PACKET[COM9] ground_station_status: rssi=-5, uptime=190067, reserved=[0, 0, 0, 0, 0, 0]
[23:10:17.093] RX[COM9]  f0
[23:10:17.094] RX[COM9]  fb 00 02 ea 5b 00 00 00 00 00 00 0a
[23:10:17.096] PACKET[COM9] ground_station_status: rssi=-5, uptime=191067, reserved=[0, 0, 0, 0, 0, 0]
[23:10:18.106] RX[COM9]  f0
[23:10:18.107] RX[COM9]  fb 00 02 ee 43 00 00 00 00 00 00 0a
[23:10:18.109] PACKET[COM9] ground_station_status: rssi=-5, uptime=192067, reserved=[0, 0, 0, 0, 0, 0]
[23:10:19.120] RX[COM9]  f0
[23:10:19.121] RX[COM9]  fb 00 02 f2 2b 00 00 00 00 00 00 0a
[23:10:19.123] PACKET[COM9] ground_station_status: rssi=-5, uptime=193067, reserved=[0, 0, 0, 0, 0, 0]
[23:10:20.132] RX[COM9]  f0
[23:10:20.133] RX[COM9]  fb 00 02 f6 13 00 00 00 00 00 00 0a
[23:10:20.135] PACKET[COM9] ground_station_status: rssi=-5, uptime=194067, reserved=[0, 0, 0, 0, 0, 0]
[23:10:21.080] RX[COM9]  f0
[23:10:21.081] RX[COM9]  fb 00 02 f9 fb 00 00 00 00 00 00 0a
[23:10:21.081] PACKET[COM9] ground_station_status: rssi=-5, uptime=195067, reserved=[0, 0, 0, 0, 0, 0]
[23:10:22.089] RX[COM9]  f0
[23:10:22.090] RX[COM9]  fb 00 02 fd e3 00 00 00 00 00 00 0a
[23:10:22.092] PACKET[COM9] ground_station_status: rssi=-5, uptime=196067, reserved=[0, 0, 0, 0, 0, 0]
[23:10:23.099] RX[COM9]  f0
[23:10:23.101] RX[COM9]  fb 00 03 01 cb 00 00 00 00 00 00 0a
[23:10:23.102] PACKET[COM9] ground_station_status: rssi=-5, uptime=197067, reserved=[0, 0, 0, 0, 0, 0]
[23:10:24.107] RX[COM9]  f0
[23:10:24.108] RX[COM9]  fb 00 03 05 b3 00 00 00 00 00 00 0a
[23:10:24.109] PACKET[COM9] ground_station_status: rssi=-5, uptime=198067, reserved=[0, 0, 0, 0, 0, 0]
[23:10:25.090] RX[COM9]  f0
[23:10:25.093] RX[COM9]  fb 00 03 09 9b 00 00 00 00 00 00 0a
[23:10:25.094] PACKET[COM9] ground_station_status: rssi=-5, uptime=199067, reserved=[0, 0, 0, 0, 0, 0]
[23:10:26.104] RX[COM9]  f0
[23:10:26.106] RX[COM9]  fb 00 03 0d 83 00 00 00 00 00 00 0a
[23:10:26.107] PACKET[COM9] ground_station_status: rssi=-5, uptime=200067, reserved=[0, 0, 0, 0, 0, 0]
[23:10:27.116] RX[COM9]  f0
[23:10:27.118] RX[COM9]  fb 00 03 11 6b 00 00 00 00 00 00 0a
[23:10:27.119] PACKET[COM9] ground_station_status: rssi=-5, uptime=201067, reserved=[0, 0, 0, 0, 0, 0]
[23:10:28.131] RX[COM9]  f0
[23:10:28.133] RX[COM9]  fb 00 03 15 53 00 00 00 00 00 00 0a
[23:10:28.133] PACKET[COM9] ground_station_status: rssi=-5, uptime=202067, reserved=[0, 0, 0, 0, 0, 0]
[23:10:29.082] RX[COM9]  f0
[23:10:29.083] RX[COM9]  fb 00 03 19 3b 00 00 00 00 00 00 0a
[23:10:29.084] PACKET[COM9] ground_station_status: rssi=-5, uptime=203067, reserved=[0, 0, 0, 0, 0, 0]
[23:10:30.083] RX[COM9]  f0
[23:10:30.085] RX[COM9]  fb 00 03 1d 23 00 00 00 00 00 00 0a
[23:10:30.088] PACKET[COM9] ground_station_status: rssi=-5, uptime=204067, reserved=[0, 0, 0, 0, 0, 0]
[23:10:31.080] RX[COM9]  f0
[23:10:31.081] RX[COM9]  fb 00 03 21 0b 00 00 00 00 00 00 0a
[23:10:31.082] PACKET[COM9] ground_station_status: rssi=-5, uptime=205067, reserved=[0, 0, 0, 0, 0, 0]
[23:10:32.085] RX[COM9]  f0
[23:10:32.088] RX[COM9]  fb 00 03 24 f3 00 00 00 00 00 00 0a
[23:10:32.091] PACKET[COM9] ground_station_status: rssi=-5, uptime=206067, reserved=[0, 0, 0, 0, 0, 0]
[23:10:33.082] RX[COM9]  f0
[23:10:33.084] RX[COM9]  fb 00 03 28 db 00 00 00 00 00 00 0a
[23:10:33.086] PACKET[COM9] ground_station_status: rssi=-5, uptime=207067, reserved=[0, 0, 0, 0, 0, 0]
[23:10:34.087] RX[COM9]  f0
[23:10:34.088] RX[COM9]  fb 00 03 2c c3 00 00 00 00 00 00 0a
[23:10:34.089] PACKET[COM9] ground_station_status: rssi=-5, uptime=208067, reserved=[0, 0, 0, 0, 0, 0]
[23:10:35.095] RX[COM9]  f0
[23:10:35.096] RX[COM9]  fb 00 03 30 ab 00 00 00 00 00 00 0a
[23:10:35.097] PACKET[COM9] ground_station_status: rssi=-5, uptime=209067, reserved=[0, 0, 0, 0, 0, 0]
[23:10:36.106] RX[COM9]  f0
[23:10:36.107] RX[COM9]  fb 00 03 34 93 00 00 00 00 00 00 0a
[23:10:36.108] PACKET[COM9] ground_station_status: rssi=-5, uptime=210067, reserved=[0, 0, 0, 0, 0, 0]
[23:10:37.094] RX[COM9]  f0
[23:10:37.096] RX[COM9]  fb 00 03 38 7b 00 00 00 00 00 00 0a
[23:10:37.097] PACKET[COM9] ground_station_status: rssi=-5, uptime=211067, reserved=[0, 0, 0, 0, 0, 0]
[23:10:38.082] RX[COM9]  f0
[23:10:38.085] RX[COM9]  fb 00 03 3c 63 00 00 00 00 00 00 0a
[23:10:38.087] PACKET[COM9] ground_station_status: rssi=-5, uptime=212067, reserved=[0, 0, 0, 0, 0, 0]
[23:10:39.103] RX[COM9]  f0
[23:10:39.103] RX[COM9]  fb 00 03 40 4b 00 00 00 00 00 00 0a
[23:10:39.104] PACKET[COM9] ground_station_status: rssi=-5, uptime=213067, reserved=[0, 0, 0, 0, 0, 0]
[23:10:40.083] RX[COM9]  f0
[23:10:40.086] RX[COM9]  fb 00 03 44 33 00 00 00 00 00 00 0a
[23:10:40.087] PACKET[COM9] ground_station_status: rssi=-5, uptime=214067, reserved=[0, 0, 0, 0, 0, 0]
[23:10:41.123] RX[COM9]  f0
[23:10:41.124] RX[COM9]  fb 00 03 48 1b 00 00 00 00 00 00 0a
[23:10:41.125] PACKET[COM9] ground_station_status: rssi=-5, uptime=215067, reserved=[0, 0, 0, 0, 0, 0]
[23:10:42.083] RX[COM9]  f0
[23:10:42.085] RX[COM9]  fb 00 03 4c 03 00 00 00 00 00 00 0a
[23:10:42.087] PACKET[COM9] ground_station_status: rssi=-5, uptime=216067, reserved=[0, 0, 0, 0, 0, 0]
[23:10:43.112] RX[COM9]  f0
[23:10:43.113] RX[COM9]  fb 00 03 4f eb 00 00 00 00 00 00 0a
[23:10:43.114] PACKET[COM9] ground_station_status: rssi=-5, uptime=217067, reserved=[0, 0, 0, 0, 0, 0]
[23:10:44.106] RX[COM9]  f0
[23:10:44.108] RX[COM9]  fb 00 03 53 d3 00 00 00 00 00 00 0a
[23:10:44.108] PACKET[COM9] ground_station_status: rssi=-5, uptime=218067, reserved=[0, 0, 0, 0, 0, 0]
[23:10:45.115] RX[COM9]  f0
[23:10:45.119] RX[COM9]  fb 00 03 57 bb 00 00 00 00 00 00 0a
[23:10:45.120] PACKET[COM9] ground_station_status: rssi=-5, uptime=219067, reserved=[0, 0, 0, 0, 0, 0]
[23:10:46.117] RX[COM9]  f0
[23:10:46.120] RX[COM9]  fb 00 03 5b a3 00 00 00 00 00 00 0a
[23:10:46.121] PACKET[COM9] ground_station_status: rssi=-5, uptime=220067, reserved=[0, 0, 0, 0, 0, 0]
[23:10:47.120] RX[COM9]  f0
[23:10:47.121] RX[COM9]  fb 00 03 5f 8b 00 00 00 00 00 00 0a
[23:10:47.122] PACKET[COM9] ground_station_status: rssi=-5, uptime=221067, reserved=[0, 0, 0, 0, 0, 0]
[23:10:48.120] RX[COM9]  f0
[23:10:48.123] RX[COM9]  fb 00 03 63 73 00 00 00 00 00 00 0a
[23:10:48.124] PACKET[COM9] ground_station_status: rssi=-5, uptime=222067, reserved=[0, 0, 0, 0, 0, 0]
[23:10:49.120] RX[COM9]  f0
[23:10:49.122] RX[COM9]  fb 00 03 67 5b 00 00 00 00 00 00 0a
[23:10:49.123] PACKET[COM9] ground_station_status: rssi=-5, uptime=223067, reserved=[0, 0, 0, 0, 0, 0]
[23:10:50.126] RX[COM9]  f0
[23:10:50.128] RX[COM9]  fb 00 03 6b 43 00 00 00 00 00 00 0a
[23:10:50.129] PACKET[COM9] ground_station_status: rssi=-5, uptime=224067, reserved=[0, 0, 0, 0, 0, 0]
[23:10:51.130] RX[COM9]  f0
[23:10:51.134] RX[COM9]  fb 00 03 6f 2b 00 00 00 00 00 00 0a
[23:10:51.135] PACKET[COM9] ground_station_status: rssi=-5, uptime=225067, reserved=[0, 0, 0, 0, 0, 0]
[23:10:52.133] RX[COM9]  f0
[23:10:52.135] RX[COM9]  fb 00 03 73 13 00 00 00 00 00 00 0a
[23:10:52.140] PACKET[COM9] ground_station_status: rssi=-5, uptime=226067, reserved=[0, 0, 0, 0, 0, 0]
[23:10:53.083] RX[COM9]  f0
[23:10:53.084] RX[COM9]  fb 00 03 76 fb 00 00 00 00 00 00 0a
[23:10:53.086] PACKET[COM9] ground_station_status: rssi=-5, uptime=227067, reserved=[0, 0, 0, 0, 0, 0]
[23:10:54.086] RX[COM9]  f0
[23:10:54.087] RX[COM9]  fb 00 03 7a e3 00 00 00 00 00 00 0a
[23:10:54.088] PACKET[COM9] ground_station_status: rssi=-5, uptime=228067, reserved=[0, 0, 0, 0, 0, 0]
[23:10:55.095] RX[COM9]  f0
[23:10:55.096] RX[COM9]  fb 00 03 7e cb 00 00 00 00 00 00 0a
[23:10:55.098] PACKET[COM9] ground_station_status: rssi=-5, uptime=229067, reserved=[0, 0, 0, 0, 0, 0]
[23:10:56.112] RX[COM9]  f0
[23:10:56.113] RX[COM9]  fb 00 03 82 b3 00 00 00 00 00 00 0a
[23:10:56.116] PACKET[COM9] ground_station_status: rssi=-5, uptime=230067, reserved=[0, 0, 0, 0, 0, 0]
[23:10:57.115] RX[COM9]  f0
[23:10:57.116] RX[COM9]  fb 00 03 86 9b 00 00 00 00 00 00 0a
[23:10:57.118] PACKET[COM9] ground_station_status: rssi=-5, uptime=231067, reserved=[0, 0, 0, 0, 0, 0]
[23:10:58.129] RX[COM9]  f0
[23:10:58.130] RX[COM9]  fb 00 03 8a 83 00 00 00 00 00 00 0a
[23:10:58.131] PACKET[COM9] ground_station_status: rssi=-5, uptime=232067, reserved=[0, 0, 0, 0, 0, 0]
[23:10:59.087] RX[COM9]  f0
[23:10:59.090] RX[COM9]  fb 00 03 8e 6b 00 00 00 00 00 00 0a
[23:10:59.093] PACKET[COM9] ground_station_status: rssi=-5, uptime=233067, reserved=[0, 0, 0, 0, 0, 0]
[23:11:00.102] RX[COM9]  f0
[23:11:00.106] RX[COM9]  fb 00 03 92 53 00 00 00 00 00 00 0a
[23:11:00.110] PACKET[COM9] ground_station_status: rssi=-5, uptime=234067, reserved=[0, 0, 0, 0, 0, 0]
[23:11:01.117] RX[COM9]  f0
[23:11:01.123] RX[COM9]  fb 00 03 96 3b 00 00 00 00 00 00 0a
[23:11:01.125] PACKET[COM9] ground_station_status: rssi=-5, uptime=235067, reserved=[0, 0, 0, 0, 0, 0]
[23:11:02.126] RX[COM9]  f0
[23:11:02.129] RX[COM9]  fb 00 03 9a 23 00 00 00 00 00 00 0a
[23:11:02.131] PACKET[COM9] ground_station_status: rssi=-5, uptime=236067, reserved=[0, 0, 0, 0, 0, 0]
[23:11:03.135] RX[COM9]  f0
[23:11:03.138] RX[COM9]  fb 00 03 9e 0b 00 00 00 00 00 00 0a
[23:11:03.141] PACKET[COM9] ground_station_status: rssi=-5, uptime=237067, reserved=[0, 0, 0, 0, 0, 0]
[23:11:04.091] RX[COM9]  f0
[23:11:04.092] RX[COM9]  fb 00 03 a1 f3 00 00 00 00 00 00 0a
[23:11:04.094] PACKET[COM9] ground_station_status: rssi=-5, uptime=238067, reserved=[0, 0, 0, 0, 0, 0]
[23:11:05.100] RX[COM9]  f0
[23:11:05.103] RX[COM9]  fb 00 03 a5 db 00 00 00 00 00 00 0a
[23:11:05.106] PACKET[COM9] ground_station_status: rssi=-5, uptime=239067, reserved=[0, 0, 0, 0, 0, 0]
[23:11:06.112] RX[COM9]  f0
[23:11:06.113] RX[COM9]  fb 00 03 a9 c3 00 00 00 00 00 00 0a
[23:11:06.116] PACKET[COM9] ground_station_status: rssi=-5, uptime=240067, reserved=[0, 0, 0, 0, 0, 0]
[23:11:07.122] RX[COM9]  f0
[23:11:07.123] RX[COM9]  fb 00 03 ad ab 00 00 00 00 00 00 0a
[23:11:07.125] PACKET[COM9] ground_station_status: rssi=-5, uptime=241067, reserved=[0, 0, 0, 0, 0, 0]
[23:11:08.133] RX[COM9]  f0
[23:11:08.134] RX[COM9]  fb 00 03 b1 93 00 00 00 00 00 00 0a
[23:11:08.135] PACKET[COM9] ground_station_status: rssi=-5, uptime=242067, reserved=[0, 0, 0, 0, 0, 0]
[23:11:09.110] RX[COM9]  f0
[23:11:09.112] RX[COM9]  fb 00 03 b5 7b 00 00 00 00 00 00 0a
[23:11:09.113] PACKET[COM9] ground_station_status: rssi=-5, uptime=243067, reserved=[0, 0, 0, 0, 0, 0]
[23:11:10.125] RX[COM9]  f0
[23:11:10.131] RX[COM9]  fb 00 03 b9 63 00 00 00 00 00 00 0a
[23:11:10.133] PACKET[COM9] ground_station_status: rssi=-5, uptime=244067, reserved=[0, 0, 0, 0, 0, 0]
[23:11:11.135] RX[COM9]  f0
[23:11:11.137] RX[COM9]  fb 00 03 bd 4b 00 00 00 00 00 00 0a
[23:11:11.139] PACKET[COM9] ground_station_status: rssi=-5, uptime=245067, reserved=[0, 0, 0, 0, 0, 0]
[23:11:12.143] RX[COM9]  f0
[23:11:12.145] RX[COM9]  fb 00 03 c1 33 00 00 00 00 00 00 0a
[23:11:12.147] PACKET[COM9] ground_station_status: rssi=-5, uptime=246067, reserved=[0, 0, 0, 0, 0, 0]
[23:11:13.098] RX[COM9]  f0
[23:11:13.099] RX[COM9]  fb 00 03 c5 1b 00 00 00 00 00 00 0a
[23:11:13.101] PACKET[COM9] ground_station_status: rssi=-5, uptime=247067, reserved=[0, 0, 0, 0, 0, 0]
[23:11:14.100] RX[COM9]  f0
[23:11:14.102] RX[COM9]  fb 00 03 c9 03 00 00 00 00 00 00 0a
[23:11:14.104] PACKET[COM9] ground_station_status: rssi=-5, uptime=248067, reserved=[0, 0, 0, 0, 0, 0]
[23:11:15.114] RX[COM9]  f0
[23:11:15.115] RX[COM9]  fb 00 03 cc eb 00 00 00 00 00 00 0a
[23:11:15.117] PACKET[COM9] ground_station_status: rssi=-5, uptime=249067, reserved=[0, 0, 0, 0, 0, 0]
[23:11:16.084] RX[COM9]  f0
[23:11:16.086] RX[COM9]  fb 00 03 d0 d3 00 00 00 00 00 00 0a
[23:11:16.088] PACKET[COM9] ground_station_status: rssi=-5, uptime=250067, reserved=[0, 0, 0, 0, 0, 0]
[23:11:17.094] RX[COM9]  f0
[23:11:17.097] RX[COM9]  fb 00 03 d4 bb 00 00 00 00 00 00 0a
[23:11:17.100] PACKET[COM9] ground_station_status: rssi=-5, uptime=251067, reserved=[0, 0, 0, 0, 0, 0]
[23:11:18.093] RX[COM9]  f0
[23:11:18.095] RX[COM9]  fb 00 03 d8 a3 00 00 00 00 00 00 0a
[23:11:18.096] PACKET[COM9] ground_station_status: rssi=-5, uptime=252067, reserved=[0, 0, 0, 0, 0, 0]
[23:11:19.106] RX[COM9]  f0
[23:11:19.108] RX[COM9]  fb 00 03 dc 8b 00 00 00 00 00 00 0a
[23:11:19.110] PACKET[COM9] ground_station_status: rssi=-5, uptime=253067, reserved=[0, 0, 0, 0, 0, 0]
[23:11:20.119] RX[COM9]  f0
[23:11:20.123] RX[COM9]  fb 00 03 e0 73 00 00 00 00 00 00 0a
[23:11:20.125] PACKET[COM9] ground_station_status: rssi=-5, uptime=254067, reserved=[0, 0, 0, 0, 0, 0]
[23:11:21.115] RX[COM9]  f0
[23:11:21.118] RX[COM9]  fb 00 03 e4 5b 00 00 00 00 00 00 0a
[23:11:21.120] PACKET[COM9] ground_station_status: rssi=-5, uptime=255067, reserved=[0, 0, 0, 0, 0, 0]
[23:11:22.142] RX[COM9]  f0
[23:11:22.144] RX[COM9]  fb 00 03 e8 43 00 00 00 00 00 00 0a
[23:11:22.147] PACKET[COM9] ground_station_status: rssi=-5, uptime=256067, reserved=[0, 0, 0, 0, 0, 0]
[23:11:23.092] RX[COM9]  f0
[23:11:23.093] RX[COM9]  fb 00 03 ec 2b 00 00 00 00 00 00 0a
[23:11:23.095] PACKET[COM9] ground_station_status: rssi=-5, uptime=257067, reserved=[0, 0, 0, 0, 0, 0]
[23:11:24.108] RX[COM9]  f0
[23:11:24.110] RX[COM9]  fb 00 03 f0 13 00 00 00 00 00 00 0a
[23:11:24.112] PACKET[COM9] ground_station_status: rssi=-5, uptime=258067, reserved=[0, 0, 0, 0, 0, 0]
[23:11:25.118] RX[COM9]  f0
[23:11:25.120] RX[COM9]  fb 00 03 f3 fb 00 00 00 00 00 00 0a
[23:11:25.122] PACKET[COM9] ground_station_status: rssi=-5, uptime=259067, reserved=[0, 0, 0, 0, 0, 0]
[23:11:26.127] RX[COM9]  f0
[23:11:26.128] RX[COM9]  fb 00 03 f7 e3 00 00 00 00 00 00 0a
[23:11:26.129] PACKET[COM9] ground_station_status: rssi=-5, uptime=260067, reserved=[0, 0, 0, 0, 0, 0]
[23:11:27.133] RX[COM9]  f0
[23:11:27.134] RX[COM9]  fb 00 03 fb cb 00 00 00 00 00 00 0a
[23:11:27.136] PACKET[COM9] ground_station_status: rssi=-5, uptime=261067, reserved=[0, 0, 0, 0, 0, 0]
[23:11:28.091] RX[COM9]  f0
[23:11:28.093] RX[COM9]  fb 00 03 ff b3 00 00 00 00 00 00 0a
[23:11:28.094] PACKET[COM9] ground_station_status: rssi=-5, uptime=262067, reserved=[0, 0, 0, 0, 0, 0]
[23:11:29.106] RX[COM9]  f0
[23:11:29.108] RX[COM9]  fb 00 04 03 9b 00 00 00 00 00 00 0a
[23:11:29.109] PACKET[COM9] ground_station_status: rssi=-5, uptime=263067, reserved=[0, 0, 0, 0, 0, 0]
[23:11:30.114] RX[COM9]  f0
[23:11:30.118] RX[COM9]  fb 00 04 07 83 00 00 00 00 00 00 0a
[23:11:30.120] PACKET[COM9] ground_station_status: rssi=-5, uptime=264067, reserved=[0, 0, 0, 0, 0, 0]
[23:11:31.130] RX[COM9]  f0
[23:11:31.134] RX[COM9]  fb 00 04 0b 6b 00 00 00 00 00 00 0a
[23:11:31.136] PACKET[COM9] ground_station_status: rssi=-5, uptime=265067, reserved=[0, 0, 0, 0, 0, 0]
[23:11:32.082] RX[COM9]  f0
[23:11:32.084] RX[COM9]  fb 00 04 0f 53 00 00 00 00 00 00 0a
[23:11:32.087] PACKET[COM9] ground_station_status: rssi=-5, uptime=266067, reserved=[0, 0, 0, 0, 0, 0]
[23:11:33.095] RX[COM9]  f0
[23:11:33.096] RX[COM9]  fb 00 04 13 3b 00 00 00 00 00 00 0a
[23:11:33.098] PACKET[COM9] ground_station_status: rssi=-5, uptime=267067, reserved=[0, 0, 0, 0, 0, 0]
[23:11:34.107] RX[COM9]  f0
[23:11:34.108] RX[COM9]  fb 00 04 17 23 00 00 00 00 00 00 0a
[23:11:34.110] PACKET[COM9] ground_station_status: rssi=-5, uptime=268067, reserved=[0, 0, 0, 0, 0, 0]
[23:11:35.089] RX[COM9]  f0
[23:11:35.091] RX[COM9]  fb 00 04 1b 0b 00 00 00 00 00 00 0a
[23:11:35.093] PACKET[COM9] ground_station_status: rssi=-5, uptime=269067, reserved=[0, 0, 0, 0, 0, 0]
[23:11:36.100] RX[COM9]  f0
[23:11:36.102] RX[COM9]  fb 00 04 1e f3 00 00 00 00 00 00 0a
[23:11:36.105] PACKET[COM9] ground_station_status: rssi=-5, uptime=270067, reserved=[0, 0, 0, 0, 0, 0]
[23:11:37.115] RX[COM9]  f0
[23:11:37.118] RX[COM9]  fb 00 04 22 db 00 00 00 00 00 00 0a
[23:11:37.120] PACKET[COM9] ground_station_status: rssi=-5, uptime=271067, reserved=[0, 0, 0, 0, 0, 0]
[23:11:38.119] RX[COM9]  f0
[23:11:38.120] RX[COM9]  fb 00 04 26 c3 00 00 00 00 00 00 0a
[23:11:38.122] PACKET[COM9] ground_station_status: rssi=-5, uptime=272067, reserved=[0, 0, 0, 0, 0, 0]
[23:11:39.127] RX[COM9]  f0
[23:11:39.128] RX[COM9]  fb 00 04 2a ab 00 00 00 00 00 00 0a
[23:11:39.132] PACKET[COM9] ground_station_status: rssi=-5, uptime=273067, reserved=[0, 0, 0, 0, 0, 0]
[23:11:40.088] RX[COM9]  f0
[23:11:40.091] RX[COM9]  fb 00 04 2e 93 00 00 00 00 00 00 0a
[23:11:40.093] PACKET[COM9] ground_station_status: rssi=-5, uptime=274067, reserved=[0, 0, 0, 0, 0, 0]
[23:11:41.100] RX[COM9]  f0
[23:11:41.101] RX[COM9]  fb 00 04 32 7b 00 00 00 00 00 00 0a
[23:11:41.103] PACKET[COM9] ground_station_status: rssi=-5, uptime=275067, reserved=[0, 0, 0, 0, 0, 0]
[23:11:42.111] RX[COM9]  f0
[23:11:42.113] RX[COM9]  fb 00 04 36 63 00 00 00 00 00 00 0a
[23:11:42.119] PACKET[COM9] ground_station_status: rssi=-5, uptime=276067, reserved=[0, 0, 0, 0, 0, 0]
[23:11:43.125] RX[COM9]  f0
[23:11:43.128] RX[COM9]  fb 00 04 3a 4b 00 00 00 00 00 00 0a
[23:11:43.129] PACKET[COM9] ground_station_status: rssi=-5, uptime=277067, reserved=[0, 0, 0, 0, 0, 0]
[23:11:44.138] RX[COM9]  f0
[23:11:44.141] RX[COM9]  fb 00 04 3e 33 00 00 00 00 00 00 0a
[23:11:44.143] PACKET[COM9] ground_station_status: rssi=-5, uptime=278067, reserved=[0, 0, 0, 0, 0, 0]
[23:11:45.087] RX[COM9]  f0
[23:11:45.089] RX[COM9]  fb 00 04 42 1b 00 00 00 00 00 00 0a
[23:11:45.091] PACKET[COM9] ground_station_status: rssi=-5, uptime=279067, reserved=[0, 0, 0, 0, 0, 0]
[23:11:46.097] RX[COM9]  f0
[23:11:46.101] RX[COM9]  fb 00 04 46 03 00 00 00 00 00 00 0a
[23:11:46.104] PACKET[COM9] ground_station_status: rssi=-5, uptime=280067, reserved=[0, 0, 0, 0, 0, 0]
[23:11:47.110] RX[COM9]  f0
[23:11:47.111] RX[COM9]  fb 00 04 49 eb 00 00 00 00 00 00 0a
[23:11:47.114] PACKET[COM9] ground_station_status: rssi=-5, uptime=281067, reserved=[0, 0, 0, 0, 0, 0]
[23:11:48.125] RX[COM9]  f0
[23:11:48.126] RX[COM9]  fb 00 04 4d d3 00 00 00 00 00 00 0a
[23:11:48.127] PACKET[COM9] ground_station_status: rssi=-5, uptime=282067, reserved=[0, 0, 0, 0, 0, 0]
[23:11:49.130] RX[COM9]  f0
[23:11:49.135] RX[COM9]  fb 00 04 51 bb 00 00 00 00 00 00 0a
[23:11:49.137] PACKET[COM9] ground_station_status: rssi=-5, uptime=283067, reserved=[0, 0, 0, 0, 0, 0]
[23:11:50.095] RX[COM9]  f0
[23:11:50.097] RX[COM9]  fb 00 04 55 a3 00 00 00 00 00 00 0a
[23:11:50.099] PACKET[COM9] ground_station_status: rssi=-5, uptime=284067, reserved=[0, 0, 0, 0, 0, 0]
[23:11:51.108] RX[COM9]  f0
[23:11:51.111] RX[COM9]  fb 00 04 59 8b 00 00 00 00 00 00 0a
[23:11:51.112] PACKET[COM9] ground_station_status: rssi=-5, uptime=285067, reserved=[0, 0, 0, 0, 0, 0]
[23:11:52.114] RX[COM9]  f0
[23:11:52.116] RX[COM9]  fb 00 04 5d 73 00 00 00 00 00 00 0a
[23:11:52.117] PACKET[COM9] ground_station_status: rssi=-5, uptime=286067, reserved=[0, 0, 0, 0, 0, 0]
[23:11:53.124] RX[COM9]  f0
[23:11:53.126] RX[COM9]  fb 00 04 61 5b 00 00 00 00 00 00 0a
[23:11:53.129] PACKET[COM9] ground_station_status: rssi=-5, uptime=287067, reserved=[0, 0, 0, 0, 0, 0]
[23:11:54.128] RX[COM9]  f0
[23:11:54.130] RX[COM9]  fb 00 04 65 43 00 00 00 00 00 00 0a
[23:11:54.133] PACKET[COM9] ground_station_status: rssi=-5, uptime=288067, reserved=[0, 0, 0, 0, 0, 0]
[23:11:55.138] RX[COM9]  f0
[23:11:55.141] RX[COM9]  fb 00 04 69 2b 00 00 00 00 00 00 0a
[23:11:55.142] PACKET[COM9] ground_station_status: rssi=-5, uptime=289067, reserved=[0, 0, 0, 0, 0, 0]
[23:11:56.088] RX[COM9]  f0
[23:11:56.089] RX[COM9]  fb 00 04 6d 13 00 00 00 00 00 00 0a
[23:11:56.091] PACKET[COM9] ground_station_status: rssi=-5, uptime=290067, reserved=[0, 0, 0, 0, 0, 0]
[23:11:57.095] RX[COM9]  f0
[23:11:57.097] RX[COM9]  fb 00 04 70 fb 00 00 00 00 00 00 0a
[23:11:57.100] PACKET[COM9] ground_station_status: rssi=-5, uptime=291067, reserved=[0, 0, 0, 0, 0, 0]
[23:11:58.100] RX[COM9]  f0
[23:11:58.102] RX[COM9]  fb 00 04 74 e3 00 00 00 00 00 00 0a
[23:11:58.105] PACKET[COM9] ground_station_status: rssi=-5, uptime=292067, reserved=[0, 0, 0, 0, 0, 0]
[23:11:59.108] RX[COM9]  f0
[23:11:59.109] RX[COM9]  fb 00 04 78 cb 00 00 00 00 00 00 0a
[23:11:59.110] PACKET[COM9] ground_station_status: rssi=-5, uptime=293067, reserved=[0, 0, 0, 0, 0, 0]
[23:12:00.118] RX[COM9]  f0
[23:12:00.119] RX[COM9]  fb 00 04 7c b3 00 00 00 00 00 00 0a
[23:12:00.121] PACKET[COM9] ground_station_status: rssi=-5, uptime=294067, reserved=[0, 0, 0, 0, 0, 0]
[23:12:01.129] RX[COM9]  f0
[23:12:01.130] RX[COM9]  fb 00 04 80 9b 00 00 00 00 00 00 0a
[23:12:01.131] PACKET[COM9] ground_station_status: rssi=-5, uptime=295067, reserved=[0, 0, 0, 0, 0, 0]
[23:12:02.086] RX[COM9]  f0
[23:12:02.091] RX[COM9]  fb 00 04 84 83 00 00 00 00 00 00 0a
[23:12:02.093] PACKET[COM9] ground_station_status: rssi=-5, uptime=296067, reserved=[0, 0, 0, 0, 0, 0]
[23:12:03.089] RX[COM9]  f0
[23:12:03.097] RX[COM9]  fb 00 04 88 6b 00 00 00 00 00 00 0a
[23:12:03.099] PACKET[COM9] ground_station_status: rssi=-5, uptime=297067, reserved=[0, 0, 0, 0, 0, 0]
[23:12:04.097] RX[COM9]  f0
[23:12:04.101] RX[COM9]  fb 00 04 8c 53 00 00 00 00 00 00 0a
[23:12:04.105] PACKET[COM9] ground_station_status: rssi=-5, uptime=298067, reserved=[0, 0, 0, 0, 0, 0]
[23:12:05.107] RX[COM9]  f0
[23:12:05.109] RX[COM9]  fb 00 04 90 3b 00 00 00 00 00 00 0a
[23:12:05.111] PACKET[COM9] ground_station_status: rssi=-5, uptime=299067, reserved=[0, 0, 0, 0, 0, 0]
[23:12:06.115] RX[COM9]  f0
[23:12:06.117] RX[COM9]  fb 00 04 94 23 00 00 00 00 00 00 0a
[23:12:06.119] PACKET[COM9] ground_station_status: rssi=-5, uptime=300067, reserved=[0, 0, 0, 0, 0, 0]
[23:12:07.127] RX[COM9]  f0
[23:12:07.129] RX[COM9]  fb 00 04 98 0b 00 00 00 00 00 00 0a
[23:12:07.133] PACKET[COM9] ground_station_status: rssi=-5, uptime=301067, reserved=[0, 0, 0, 0, 0, 0]
[23:12:08.117] RX[COM9]  f0
[23:12:08.121] RX[COM9]  fb 00 04 9b f3 00 00 00 00 00 00 0a
[23:12:08.123] PACKET[COM9] ground_station_status: rssi=-5, uptime=302067, reserved=[0, 0, 0, 0, 0, 0]
[23:12:09.118] RX[COM9]  f0
[23:12:09.119] RX[COM9]  fb 00 04 9f db 00 00 00 00 00 00 0a
[23:12:09.120] PACKET[COM9] ground_station_status: rssi=-5, uptime=303067, reserved=[0, 0, 0, 0, 0, 0]
[23:12:10.127] RX[COM9]  f0
[23:12:10.129] RX[COM9]  fb 00 04 a3 c3 00 00 00 00 00 00 0a
[23:12:10.130] PACKET[COM9] ground_station_status: rssi=-5, uptime=304067, reserved=[0, 0, 0, 0, 0, 0]
[23:12:11.129] RX[COM9]  f0
[23:12:11.131] RX[COM9]  fb 00 04 a7 ab 00 00 00 00 00 00 0a
[23:12:11.133] PACKET[COM9] ground_station_status: rssi=-5, uptime=305067, reserved=[0, 0, 0, 0, 0, 0]
[23:12:12.140] RX[COM9]  f0
[23:12:12.142] RX[COM9]  fb 00 04 ab 93 00 00 00 00 00 00 0a
[23:12:12.144] PACKET[COM9] ground_station_status: rssi=-5, uptime=306067, reserved=[0, 0, 0, 0, 0, 0]
[23:12:13.092] RX[COM9]  f0
[23:12:13.093] RX[COM9]  fb 00 04 af 7b 00 00 00 00 00 00 0a
[23:12:13.094] PACKET[COM9] ground_station_status: rssi=-5, uptime=307067, reserved=[0, 0, 0, 0, 0, 0]
[23:12:14.100] RX[COM9]  f0
[23:12:14.101] RX[COM9]  fb 00 04 b3 63 00 00 00 00 00 00 0a
[23:12:14.103] PACKET[COM9] ground_station_status: rssi=-5, uptime=308067, reserved=[0, 0, 0, 0, 0, 0]
[23:12:15.102] RX[COM9]  f0
[23:12:15.103] RX[COM9]  fb 00 04 b7 4b 00 00 00 00 00 00 0a
[23:12:15.104] PACKET[COM9] ground_station_status: rssi=-5, uptime=309067, reserved=[0, 0, 0, 0, 0, 0]
[23:12:16.114] RX[COM9]  f0
[23:12:16.116] RX[COM9]  fb 00 04 bb 33 00 00 00 00 00 00 0a
[23:12:16.117] PACKET[COM9] ground_station_status: rssi=-5, uptime=310067, reserved=[0, 0, 0, 0, 0, 0]
[23:12:17.129] RX[COM9]  f0
[23:12:17.129] RX[COM9]  fb 00 04 bf 1b 00 00 00 00 00 00 0a
[23:12:17.130] PACKET[COM9] ground_station_status: rssi=-5, uptime=311067, reserved=[0, 0, 0, 0, 0, 0]
[23:12:18.137] RX[COM9]  f0
[23:12:18.138] RX[COM9]  fb 00 04 c3 03 00 00 00 00 00 00 0a
[23:12:18.139] PACKET[COM9] ground_station_status: rssi=-5, uptime=312067, reserved=[0, 0, 0, 0, 0, 0]
[23:12:19.087] RX[COM9]  f0
[23:12:19.089] RX[COM9]  fb 00 04 c6 eb 00 00 00 00 00 00 0a
[23:12:19.090] PACKET[COM9] ground_station_status: rssi=-5, uptime=313067, reserved=[0, 0, 0, 0, 0, 0]
[23:12:20.086] RX[COM9]  f0
[23:12:20.088] RX[COM9]  fb 00 04 ca d3 00 00 00 00 00 00 0a
[23:12:20.089] PACKET[COM9] ground_station_status: rssi=-5, uptime=314067, reserved=[0, 0, 0, 0, 0, 0]
[23:12:21.089] RX[COM9]  f0
[23:12:21.093] RX[COM9]  fb 00 04 ce bb 00 00 00 00 00 00 0a
[23:12:21.095] PACKET[COM9] ground_station_status: rssi=-5, uptime=315067, reserved=[0, 0, 0, 0, 0, 0]
[23:12:22.091] RX[COM9]  f0
[23:12:22.096] RX[COM9]  fb 00 04 d2 a3 00 00 00 00 00 00 0a
[23:12:22.097] PACKET[COM9] ground_station_status: rssi=-5, uptime=316067, reserved=[0, 0, 0, 0, 0, 0]
[23:12:23.097] RX[COM9]  f0
[23:12:23.099] RX[COM9]  fb 00 04 d6 8b 00 00 00 00 00 00 0a
[23:12:23.101] PACKET[COM9] ground_station_status: rssi=-5, uptime=317067, reserved=[0, 0, 0, 0, 0, 0]
[23:12:24.108] RX[COM9]  f0
[23:12:24.111] RX[COM9]  fb 00 04 da 73 00 00 00 00 00 00 0a
[23:12:24.113] PACKET[COM9] ground_station_status: rssi=-5, uptime=318067, reserved=[0, 0, 0, 0, 0, 0]
[23:12:25.117] RX[COM9]  f0
[23:12:25.119] RX[COM9]  fb 00 04 de 5b 00 00 00 00 00 00 0a
[23:12:25.121] PACKET[COM9] ground_station_status: rssi=-5, uptime=319067, reserved=[0, 0, 0, 0, 0, 0]
[23:12:26.128] RX[COM9]  f0
[23:12:26.131] RX[COM9]  fb 00 04 e2 43 00 00 00 00 00 00 0a
[23:12:26.133] PACKET[COM9] ground_station_status: rssi=-5, uptime=320067, reserved=[0, 0, 0, 0, 0, 0]
[23:12:27.138] RX[COM9]  f0
[23:12:27.143] RX[COM9]  fb 00 04 e6 2b 00 00 00 00 00 00 0a
[23:12:27.145] PACKET[COM9] ground_station_status: rssi=-5, uptime=321067, reserved=[0, 0, 0, 0, 0, 0]
[23:12:28.087] RX[COM9]  f0
[23:12:28.088] RX[COM9]  fb 00 04 ea 13 00 00 00 00 00 00 0a
[23:12:28.091] PACKET[COM9] ground_station_status: rssi=-5, uptime=322067, reserved=[0, 0, 0, 0, 0, 0]
[23:12:29.101] RX[COM9]  f0
[23:12:29.105] RX[COM9]  fb 00 04 ed fb 00 00 00 00 00 00 0a
[23:12:29.108] PACKET[COM9] ground_station_status: rssi=-5, uptime=323067, reserved=[0, 0, 0, 0, 0, 0]
[23:12:30.114] RX[COM9]  f0
[23:12:30.116] RX[COM9]  fb 00 04 f1 e3 00 00 00 00 00 00 0a
[23:12:30.117] PACKET[COM9] ground_station_status: rssi=-5, uptime=324067, reserved=[0, 0, 0, 0, 0, 0]
[23:12:31.103] RX[COM9]  f0
[23:12:31.105] RX[COM9]  fb 00 04 f5 cb 00 00 00 00 00 00 0a
[23:12:31.107] PACKET[COM9] ground_station_status: rssi=-5, uptime=325067, reserved=[0, 0, 0, 0, 0, 0]
[23:12:32.114] RX[COM9]  f0
[23:12:32.116] RX[COM9]  fb 00 04 f9 b3 00 00 00 00 00 00 0a
[23:12:32.119] PACKET[COM9] ground_station_status: rssi=-5, uptime=326067, reserved=[0, 0, 0, 0, 0, 0]
[23:12:33.124] RX[COM9]  f0
[23:12:33.125] RX[COM9]  fb 00 04 fd 9b 00 00 00 00 00 00 0a
[23:12:33.126] PACKET[COM9] ground_station_status: rssi=-5, uptime=327067, reserved=[0, 0, 0, 0, 0, 0]
[23:12:34.129] RX[COM9]  f0
[23:12:34.130] RX[COM9]  fb 00 05 01 83 00 00 00 00 00 00 0a
[23:12:34.131] PACKET[COM9] ground_station_status: rssi=-5, uptime=328067, reserved=[0, 0, 0, 0, 0, 0]
[23:12:35.093] RX[COM9]  f0
[23:12:35.095] RX[COM9]  fb 00 05 05 6b 00 00 00 00 00 00 0a
[23:12:35.098] PACKET[COM9] ground_station_status: rssi=-5, uptime=329067, reserved=[0, 0, 0, 0, 0, 0]
[23:12:36.107] RX[COM9]  f0
[23:12:36.110] RX[COM9]  fb 00 05 09 53 00 00 00 00 00 00 0a
[23:12:36.112] PACKET[COM9] ground_station_status: rssi=-5, uptime=330067, reserved=[0, 0, 0, 0, 0, 0]
[23:12:37.103] RX[COM9]  f0
[23:12:37.106] RX[COM9]  fb 00 05 0d 3b 00 00 00 00 00 00 0a
[23:12:37.108] PACKET[COM9] ground_station_status: rssi=-5, uptime=331067, reserved=[0, 0, 0, 0, 0, 0]
[23:12:38.120] RX[COM9]  f0
[23:12:38.126] RX[COM9]  fb 00 05 11 23 00 00 00 00 00 00 0a
[23:12:38.127] PACKET[COM9] ground_station_status: rssi=-5, uptime=332067, reserved=[0, 0, 0, 0, 0, 0]
[23:12:39.127] RX[COM9]  f0
[23:12:39.138] RX[COM9]  fb 00 05 15 0b 00 00 00 00 00 00 0a
[23:12:39.140] PACKET[COM9] ground_station_status: rssi=-5, uptime=333067, reserved=[0, 0, 0, 0, 0, 0]
[23:12:40.137] RX[COM9]  f0
[23:12:40.139] RX[COM9]  fb 00 05 18 f3 00 00 00 00 00 00 0a
[23:12:40.141] PACKET[COM9] ground_station_status: rssi=-5, uptime=334067, reserved=[0, 0, 0, 0, 0, 0]
[23:12:41.094] RX[COM9]  f0
[23:12:41.096] RX[COM9]  fb 00 05 1c db 00 00 00 00 00 00 0a
[23:12:41.098] PACKET[COM9] ground_station_status: rssi=-5, uptime=335067, reserved=[0, 0, 0, 0, 0, 0]
[23:12:42.087] RX[COM9]  f0
[23:12:42.091] RX[COM9]  fb 00 05 20 c3 00 00 00 00 00 00 0a
[23:12:42.094] PACKET[COM9] ground_station_status: rssi=-5, uptime=336067, reserved=[0, 0, 0, 0, 0, 0]
[23:12:43.091] RX[COM9]  f0
[23:12:43.092] RX[COM9]  fb 00 05 24 ab 00 00 00 00 00 00 0a
[23:12:43.094] PACKET[COM9] ground_station_status: rssi=-5, uptime=337067, reserved=[0, 0, 0, 0, 0, 0]
[23:12:44.102] RX[COM9]  f0
[23:12:44.103] RX[COM9]  fb 00 05 28 93 00 00 00 00 00 00 0a
[23:12:44.105] PACKET[COM9] ground_station_status: rssi=-5, uptime=338067, reserved=[0, 0, 0, 0, 0, 0]
[23:12:45.106] RX[COM9]  f0
[23:12:45.108] RX[COM9]  fb 00 05 2c 7b 00 00 00 00 00 00 0a
[23:12:45.109] PACKET[COM9] ground_station_status: rssi=-5, uptime=339067, reserved=[0, 0, 0, 0, 0, 0]
[23:12:46.118] RX[COM9]  f0
[23:12:46.119] RX[COM9]  fb 00 05 30 63 00 00 00 00 00 00 0a
[23:12:46.121] PACKET[COM9] ground_station_status: rssi=-5, uptime=340067, reserved=[0, 0, 0, 0, 0, 0]
[23:12:47.126] RX[COM9]  f0
[23:12:47.128] RX[COM9]  fb 00 05 34 4b 00 00 00 00 00 00 0a
[23:12:47.130] PACKET[COM9] ground_station_status: rssi=-5, uptime=341067, reserved=[0, 0, 0, 0, 0, 0]
[23:12:48.092] RX[COM9]  f0
[23:12:48.095] RX[COM9]  fb 00 05 38 33 00 00 00 00 00 00 0a
[23:12:48.097] PACKET[COM9] ground_station_status: rssi=-5, uptime=342067, reserved=[0, 0, 0, 0, 0, 0]
[23:12:49.098] RX[COM9]  f0
[23:12:49.100] RX[COM9]  fb 00 05 3c 1b 00 00 00 00 00 00 0a
[23:12:49.102] PACKET[COM9] ground_station_status: rssi=-5, uptime=343067, reserved=[0, 0, 0, 0, 0, 0]
[23:12:50.116] RX[COM9]  f0
[23:12:50.118] RX[COM9]  fb 00 05 40 03 00 00 00 00 00 00 0a
[23:12:50.120] PACKET[COM9] ground_station_status: rssi=-5, uptime=344067, reserved=[0, 0, 0, 0, 0, 0]
[23:12:51.128] RX[COM9]  f0
[23:12:51.130] RX[COM9]  fb 00 05 43 eb 00 00 00 00 00 00 0a
[23:12:51.132] PACKET[COM9] ground_station_status: rssi=-5, uptime=345067, reserved=[0, 0, 0, 0, 0, 0]
[23:12:52.086] RX[COM9]  f0
[23:12:52.092] RX[COM9]  fb 00 05 47 d3 00 00 00 00 00 00 0a
[23:12:52.095] PACKET[COM9] ground_station_status: rssi=-5, uptime=346067, reserved=[0, 0, 0, 0, 0, 0]
[23:12:53.092] RX[COM9]  f0
[23:12:53.093] RX[COM9]  fb 00 05 4b bb 00 00 00 00 00 00 0a
[23:12:53.095] PACKET[COM9] ground_station_status: rssi=-5, uptime=347067, reserved=[0, 0, 0, 0, 0, 0]
[23:12:54.100] RX[COM9]  f0
[23:12:54.102] RX[COM9]  fb 00 05 4f a3 00 00 00 00 00 00 0a
[23:12:54.104] PACKET[COM9] ground_station_status: rssi=-5, uptime=348067, reserved=[0, 0, 0, 0, 0, 0]
[23:12:55.113] RX[COM9]  f0
[23:12:55.114] RX[COM9]  fb 00 05 53 8b 00 00 00 00 00 00 0a
[23:12:55.119] PACKET[COM9] ground_station_status: rssi=-5, uptime=349067, reserved=[0, 0, 0, 0, 0, 0]
[23:12:56.121] RX[COM9]  f0
[23:12:56.122] RX[COM9]  fb 00 05 57 73 00 00 00 00 00 00 0a
[23:12:56.125] PACKET[COM9] ground_station_status: rssi=-5, uptime=350067, reserved=[0, 0, 0, 0, 0, 0]
[23:12:57.136] RX[COM9]  f0
[23:12:57.142] RX[COM9]  fb 00 05 5b 5b 00 00 00 00 00 00 0a
[23:12:57.145] PACKET[COM9] ground_station_status: rssi=-5, uptime=351067, reserved=[0, 0, 0, 0, 0, 0]
[23:12:58.102] RX[COM9]  f0
[23:12:58.106] RX[COM9]  fb 00 05 5f 43 00 00 00 00 00 00 0a
[23:12:58.108] PACKET[COM9] ground_station_status: rssi=-5, uptime=352067, reserved=[0, 0, 0, 0, 0, 0]
[23:12:59.102] RX[COM9]  f0
[23:12:59.104] RX[COM9]  fb 00 05 63 2b 00 00 00 00 00 00 0a
[23:12:59.106] PACKET[COM9] ground_station_status: rssi=-5, uptime=353067, reserved=[0, 0, 0, 0, 0, 0]
[23:13:00.107] RX[COM9]  f0
[23:13:00.109] RX[COM9]  fb 00 05 67 13 00 00 00 00 00 00 0a
[23:13:00.111] PACKET[COM9] ground_station_status: rssi=-5, uptime=354067, reserved=[0, 0, 0, 0, 0, 0]
[23:13:01.113] RX[COM9]  f0
[23:13:01.115] RX[COM9]  fb 00 05 6a fb 00 00 00 00 00 00 0a
[23:13:01.116] PACKET[COM9] ground_station_status: rssi=-5, uptime=355067, reserved=[0, 0, 0, 0, 0, 0]
[23:13:02.114] RX[COM9]  f0
[23:13:02.116] RX[COM9]  fb 00 05 6e e3 00 00 00 00 00 00 0a
[23:13:02.118] PACKET[COM9] ground_station_status: rssi=-5, uptime=356067, reserved=[0, 0, 0, 0, 0, 0]
[23:13:03.126] RX[COM9]  f0
[23:13:03.129] RX[COM9]  fb 00 05 72 cb 00 00 00 00 00 00 0a
[23:13:03.131] PACKET[COM9] ground_station_status: rssi=-5, uptime=357067, reserved=[0, 0, 0, 0, 0, 0]
[23:13:04.133] RX[COM9]  f0
[23:13:04.135] RX[COM9]  fb 00 05 76 b3 00 00 00 00 00 00 0a
[23:13:04.136] PACKET[COM9] ground_station_status: rssi=-5, uptime=358067, reserved=[0, 0, 0, 0, 0, 0]
[23:13:05.141] RX[COM9]  f0
[23:13:05.142] RX[COM9]  fb 00 05 7a 9b 00 00 00 00 00 00 0a
[23:13:05.143] PACKET[COM9] ground_station_status: rssi=-5, uptime=359067, reserved=[0, 0, 0, 0, 0, 0]
[23:13:06.088] RX[COM9]  f0
[23:13:06.090] RX[COM9]  fb 00 05 7e 83 00 00 00 00 00 00 0a
[23:13:06.093] PACKET[COM9] ground_station_status: rssi=-5, uptime=360067, reserved=[0, 0, 0, 0, 0, 0]
[23:13:07.102] RX[COM9]  f0
[23:13:07.102] RX[COM9]  fb 00 05 82 6b 00 00 00 00 00 00 0a
[23:13:07.104] PACKET[COM9] ground_station_status: rssi=-5, uptime=361067, reserved=[0, 0, 0, 0, 0, 0]
[23:13:08.102] RX[COM9]  f0
[23:13:08.106] RX[COM9]  fb 00 05 86 53 00 00 00 00 00 00 0a
[23:13:08.108] PACKET[COM9] ground_station_status: rssi=-5, uptime=362067, reserved=[0, 0, 0, 0, 0, 0]
[23:13:09.112] RX[COM9]  f0
[23:13:09.113] RX[COM9]  fb 00 05 8a 3b 00 00 00 00 00 00 0a
[23:13:09.113] PACKET[COM9] ground_station_status: rssi=-5, uptime=363067, reserved=[0, 0, 0, 0, 0, 0]
[23:13:10.119] RX[COM9]  f0
[23:13:10.120] RX[COM9]  fb 00 05 8e 23 00 00 00 00 00 00 0a
[23:13:10.121] PACKET[COM9] ground_station_status: rssi=-5, uptime=364067, reserved=[0, 0, 0, 0, 0, 0]
[23:13:11.132] RX[COM9]  f0
[23:13:11.133] RX[COM9]  fb 00 05 92 0b 00 00 00 00 00 00 0a
[23:13:11.134] PACKET[COM9] ground_station_status: rssi=-5, uptime=365067, reserved=[0, 0, 0, 0, 0, 0]
[23:13:12.094] RX[COM9]  f0
[23:13:12.103] RX[COM9]  fb 00 05 95 f3 00 00 00 00 00 00 0a
[23:13:12.107] PACKET[COM9] ground_station_status: rssi=-5, uptime=366067, reserved=[0, 0, 0, 0, 0, 0]
[23:13:13.103] RX[COM9]  f0
[23:13:13.107] RX[COM9]  fb 00 05 99 db 00 00 00 00 00 00 0a
[23:13:13.109] PACKET[COM9] ground_station_status: rssi=-5, uptime=367067, reserved=[0, 0, 0, 0, 0, 0]
[23:13:14.113] RX[COM9]  f0
[23:13:14.118] RX[COM9]  fb 00 05 9d c3 00 00 00 00 00 00 0a
[23:13:14.121] PACKET[COM9] ground_station_status: rssi=-5, uptime=368067, reserved=[0, 0, 0, 0, 0, 0]
[23:13:15.126] RX[COM9]  f0
[23:13:15.127] RX[COM9]  fb 00 05 a1 ab 00 00 00 00 00 00 0a
[23:13:15.129] PACKET[COM9] ground_station_status: rssi=-5, uptime=369067, reserved=[0, 0, 0, 0, 0, 0]
[23:13:16.139] RX[COM9]  f0
[23:13:16.142] RX[COM9]  fb 00 05 a5 93 00 00 00 00 00 00 0a
[23:13:16.144] PACKET[COM9] ground_station_status: rssi=-5, uptime=370067, reserved=[0, 0, 0, 0, 0, 0]
[23:13:17.104] RX[COM9]  f0
[23:13:17.108] RX[COM9]  fb 00 05 a9 7b 00 00 00 00 00 00 0a
[23:13:17.111] PACKET[COM9] ground_station_status: rssi=-5, uptime=371067, reserved=[0, 0, 0, 0, 0, 0]
[23:13:18.112] RX[COM9]  f0
[23:13:18.113] RX[COM9]  fb 00 05 ad 63 00 00 00 00 00 00 0a
[23:13:18.114] PACKET[COM9] ground_station_status: rssi=-5, uptime=372067, reserved=[0, 0, 0, 0, 0, 0]
[23:13:19.121] RX[COM9]  f0
[23:13:19.122] RX[COM9]  fb 00 05 b1 4b 00 00 00 00 00 00 0a
[23:13:19.124] PACKET[COM9] ground_station_status: rssi=-5, uptime=373067, reserved=[0, 0, 0, 0, 0, 0]
[23:13:20.129] RX[COM9]  f0
[23:13:20.131] RX[COM9]  fb 00 05 b5 33 00 00 00 00 00 00 0a
[23:13:20.132] PACKET[COM9] ground_station_status: rssi=-5, uptime=374067, reserved=[0, 0, 0, 0, 0, 0]
[23:13:21.087] RX[COM9]  f0
[23:13:21.094] RX[COM9]  fb 00 05 b9 1b 00 00 00 00 00 00 0a
[23:13:21.096] PACKET[COM9] ground_station_status: rssi=-5, uptime=375067, reserved=[0, 0, 0, 0, 0, 0]
[23:13:22.139] RX[COM9]  f0
[23:13:22.140] RX[COM9]  fb 00 05 bd 03 00 00 00 00 00 00 0a
[23:13:22.142] PACKET[COM9] ground_station_status: rssi=-5, uptime=376067, reserved=[0, 0, 0, 0, 0, 0]
[23:13:23.096] RX[COM9]  f0
[23:13:23.106] RX[COM9]  fb 00 05 c0 eb 00 00 00 00 00 00 0a
[23:13:23.108] PACKET[COM9] ground_station_status: rssi=-5, uptime=377067, reserved=[0, 0, 0, 0, 0, 0]
[23:13:24.096] RX[COM9]  f0
[23:13:24.101] RX[COM9]  fb 00 05 c4 d3 00 00 00 00 00 00 0a
[23:13:24.104] PACKET[COM9] ground_station_status: rssi=-5, uptime=378067, reserved=[0, 0, 0, 0, 0, 0]
[23:13:25.097] RX[COM9]  f0
[23:13:25.107] RX[COM9]  fb 00 05 c8 bb 00 00 00 00 00 00 0a
[23:13:25.110] PACKET[COM9] ground_station_status: rssi=-5, uptime=379067, reserved=[0, 0, 0, 0, 0, 0]
[23:13:26.132] RX[COM9]  f0
[23:13:26.136] RX[COM9]  fb 00 05 cc a3 00 00 00 00 00 00 0a
[23:13:26.138] PACKET[COM9] ground_station_status: rssi=-5, uptime=380067, reserved=[0, 0, 0, 0, 0, 0]
[23:13:27.126] RX[COM9]  f0
[23:13:27.129] RX[COM9]  fb 00 05 d0 8b 00 00 00 00 00 00 0a
[23:13:27.131] PACKET[COM9] ground_station_status: rssi=-5, uptime=381067, reserved=[0, 0, 0, 0, 0, 0]
[23:13:28.133] RX[COM9]  f0
[23:13:28.135] RX[COM9]  fb 00 05 d4 73 00 00 00 00 00 00 0a
[23:13:28.136] PACKET[COM9] ground_station_status: rssi=-5, uptime=382067, reserved=[0, 0, 0, 0, 0, 0]
[23:13:29.146] RX[COM9]  f0
[23:13:29.147] RX[COM9]  fb 00 05 d8 5b 00 00 00 00 00 00 0a
[23:13:29.149] PACKET[COM9] ground_station_status: rssi=-5, uptime=383067, reserved=[0, 0, 0, 0, 0, 0]
[23:13:30.097] RX[COM9]  f0
[23:13:30.099] RX[COM9]  fb 00 05 dc 43 00 00 00 00 00 00 0a
[23:13:30.101] PACKET[COM9] ground_station_status: rssi=-5, uptime=384067, reserved=[0, 0, 0, 0, 0, 0]
[23:13:31.119] RX[COM9]  f0
[23:13:31.120] RX[COM9]  fb 00 05 e0 2b 00 00 00 00 00 00 0a
[23:13:31.122] PACKET[COM9] ground_station_status: rssi=-5, uptime=385067, reserved=[0, 0, 0, 0, 0, 0]
[23:13:32.127] RX[COM9]  f0
[23:13:32.128] RX[COM9]  fb 00 05 e4 13 00 00 00 00 00 00 0a
[23:13:32.130] PACKET[COM9] ground_station_status: rssi=-5, uptime=386067, reserved=[0, 0, 0, 0, 0, 0]
[23:13:33.134] RX[COM9]  f0
[23:13:33.135] RX[COM9]  fb 00 05 e7 fb 00 00 00 00 00 00 0a
[23:13:33.136] PACKET[COM9] ground_station_status: rssi=-5, uptime=387067, reserved=[0, 0, 0, 0, 0, 0]
[23:13:34.147] RX[COM9]  f0
[23:13:34.148] RX[COM9]  fb 00 05 eb e3 00 00 00 00 00 00 0a
[23:13:34.150] PACKET[COM9] ground_station_status: rssi=-5, uptime=388067, reserved=[0, 0, 0, 0, 0, 0]
[23:13:35.101] RX[COM9]  f0
[23:13:35.105] RX[COM9]  fb 00 05 ef cb 00 00 00 00 00 00 0a
[23:13:35.108] PACKET[COM9] ground_station_status: rssi=-5, uptime=389067, reserved=[0, 0, 0, 0, 0, 0]
[23:13:36.120] RX[COM9]  f0
[23:13:36.133] RX[COM9]  fb 00 05 f3 b3 00 00 00 00 00 00 0a
[23:13:36.138] PACKET[COM9] ground_station_status: rssi=-5, uptime=390067, reserved=[0, 0, 0, 0, 0, 0]
[23:13:37.114] RX[COM9]  f0
[23:13:37.122] RX[COM9]  fb 00 05 f7 9b 00 00 00 00 00 00 0a
[23:13:37.125] PACKET[COM9] ground_station_status: rssi=-5, uptime=391067, reserved=[0, 0, 0, 0, 0, 0]
[23:13:38.126] RX[COM9]  f0
[23:13:38.135] RX[COM9]  fb 00 05 fb 83 00 00 00 00 00 00 0a
[23:13:38.139] PACKET[COM9] ground_station_status: rssi=-5, uptime=392067, reserved=[0, 0, 0, 0, 0, 0]
[23:13:39.138] RX[COM9]  f0
[23:13:39.140] RX[COM9]  fb 00 05 ff 6b 00 00 00 00 00 00 0a
[23:13:39.142] PACKET[COM9] ground_station_status: rssi=-5, uptime=393067, reserved=[0, 0, 0, 0, 0, 0]
[23:13:40.097] RX[COM9]  f0
[23:13:40.100] RX[COM9]  fb 00 06 03 53 00 00 00 00 00 00 0a
[23:13:40.102] PACKET[COM9] ground_station_status: rssi=-5, uptime=394067, reserved=[0, 0, 0, 0, 0, 0]
[23:13:41.106] RX[COM9]  f0
[23:13:41.108] RX[COM9]  fb 00 06 07 3b 00 00 00 00 00 00 0a
[23:13:41.110] PACKET[COM9] ground_station_status: rssi=-5, uptime=395067, reserved=[0, 0, 0, 0, 0, 0]
[23:13:42.125] RX[COM9]  f0
[23:13:42.129] RX[COM9]  fb 00 06 0b 23 00 00 00 00 00 00 0a
[23:13:42.132] PACKET[COM9] ground_station_status: rssi=-5, uptime=396067, reserved=[0, 0, 0, 0, 0, 0]
[23:13:43.133] RX[COM9]  f0
[23:13:43.135] RX[COM9]  fb 00 06 0f 0b 00 00 00 00 00 00 0a
[23:13:43.137] PACKET[COM9] ground_station_status: rssi=-5, uptime=397067, reserved=[0, 0, 0, 0, 0, 0]
[23:13:44.140] RX[COM9]  f0
[23:13:44.142] RX[COM9]  fb 00 06 12 f3 00 00 00 00 00 00 0a
[23:13:44.144] PACKET[COM9] ground_station_status: rssi=-5, uptime=398067, reserved=[0, 0, 0, 0, 0, 0]
[23:13:45.095] RX[COM9]  f0
[23:13:45.098] RX[COM9]  fb 00 06 16 db 00 00 00 00 00 00 0a
[23:13:45.107] PACKET[COM9] ground_station_status: rssi=-5, uptime=399067, reserved=[0, 0, 0, 0, 0, 0]
[23:13:46.109] RX[COM9]  f0
[23:13:46.112] RX[COM9]  fb 00 06 1a c3 00 00 00 00 00 00 0a
[23:13:46.114] PACKET[COM9] ground_station_status: rssi=-5, uptime=400067, reserved=[0, 0, 0, 0, 0, 0]
[23:13:47.125] RX[COM9]  f0
[23:13:47.135] RX[COM9]  fb 00 06 1e ab 00 00 00 00 00 00 0a
[23:13:47.140] PACKET[COM9] ground_station_status: rssi=-5, uptime=401067, reserved=[0, 0, 0, 0, 0, 0]
[23:13:48.135] RX[COM9]  f0
[23:13:48.137] RX[COM9]  fb 00 06 22 93 00 00 00 00 00 00 0a
[23:13:48.138] PACKET[COM9] ground_station_status: rssi=-5, uptime=402067, reserved=[0, 0, 0, 0, 0, 0]
[23:13:49.088] RX[COM9]  f0
[23:13:49.095] RX[COM9]  fb 00 06 26 7b 00 00 00 00 00 00 0a
[23:13:49.097] PACKET[COM9] ground_station_status: rssi=-5, uptime=403067, reserved=[0, 0, 0, 0, 0, 0]
[23:13:50.102] RX[COM9]  f0
[23:13:50.105] RX[COM9]  fb 00 06 2a 63 00 00 00 00 00 00 0a
[23:13:50.107] PACKET[COM9] ground_station_status: rssi=-5, uptime=404067, reserved=[0, 0, 0, 0, 0, 0]
[23:13:51.114] RX[COM9]  f0
[23:13:51.114] RX[COM9]  fb 00 06 2e 4b 00 00 00 00 00 00 0a
[23:13:51.115] PACKET[COM9] ground_station_status: rssi=-5, uptime=405067, reserved=[0, 0, 0, 0, 0, 0]
[23:13:52.128] RX[COM9]  f0
[23:13:52.129] RX[COM9]  fb 00 06 32 33 00 00 00 00 00 00 0a
[23:13:52.131] PACKET[COM9] ground_station_status: rssi=-5, uptime=406067, reserved=[0, 0, 0, 0, 0, 0]
[23:13:53.128] RX[COM9]  f0
[23:13:53.134] RX[COM9]  fb 00 06 36 1b 00 00 00 00 00 00 0a
[23:13:53.136] PACKET[COM9] ground_station_status: rssi=-5, uptime=407067, reserved=[0, 0, 0, 0, 0, 0]
[23:13:54.137] RX[COM9]  f0
[23:13:54.139] RX[COM9]  fb 00 06 3a 03 00 00 00 00 00 00 0a
[23:13:54.141] PACKET[COM9] ground_station_status: rssi=-5, uptime=408067, reserved=[0, 0, 0, 0, 0, 0]
[23:13:55.097] RX[COM9]  f0
[23:13:55.106] RX[COM9]  fb 00 06 3d eb 00 00 00 00 00 00 0a
[23:13:55.110] PACKET[COM9] ground_station_status: rssi=-5, uptime=409067, reserved=[0, 0, 0, 0, 0, 0]
[23:13:56.095] RX[COM9]  f0
[23:13:56.101] RX[COM9]  fb 00 06 41 d3 00 00 00 00 00 00 0a
[23:13:56.106] PACKET[COM9] ground_station_status: rssi=-5, uptime=410067, reserved=[0, 0, 0, 0, 0, 0]
[23:13:57.106] RX[COM9]  f0
[23:13:57.111] RX[COM9]  fb 00 06 45 bb 00 00 00 00 00 00 0a
[23:13:57.113] PACKET[COM9] ground_station_status: rssi=-5, uptime=411067, reserved=[0, 0, 0, 0, 0, 0]
[23:13:58.115] RX[COM9]  f0
[23:13:58.126] RX[COM9]  fb 00 06 49 a3 00 00 00 00 00 00 0a
[23:13:58.130] PACKET[COM9] ground_station_status: rssi=-5, uptime=412067, reserved=[0, 0, 0, 0, 0, 0]
[23:13:59.130] RX[COM9]  f0
[23:13:59.138] RX[COM9]  fb 00 06 4d 8b 00 00 00 00 00 00 0a
[23:13:59.141] PACKET[COM9] ground_station_status: rssi=-5, uptime=413067, reserved=[0, 0, 0, 0, 0, 0]
[23:14:00.142] RX[COM9]  f0
[23:14:00.152] RX[COM9]  fb 00 06 51 73 00 00 00 00 00 00 0a
[23:14:00.154] PACKET[COM9] ground_station_status: rssi=-5, uptime=414067, reserved=[0, 0, 0, 0, 0, 0]
[23:14:01.097] RX[COM9]  f0
[23:14:01.099] RX[COM9]  fb 00 06 55 5b 00 00 00 00 00 00 0a
[23:14:01.102] PACKET[COM9] ground_station_status: rssi=-5, uptime=415067, reserved=[0, 0, 0, 0, 0, 0]
[23:14:02.111] RX[COM9]  f0
[23:14:02.115] RX[COM9]  fb 00 06 59 43 00 00 00 00 00 00 0a
[23:14:02.116] PACKET[COM9] ground_station_status: rssi=-5, uptime=416067, reserved=[0, 0, 0, 0, 0, 0]
[23:14:03.118] RX[COM9]  f0
[23:14:03.120] RX[COM9]  fb 00 06 5d 2b 00 00 00 00 00 00 0a
[23:14:03.121] PACKET[COM9] ground_station_status: rssi=-5, uptime=417067, reserved=[0, 0, 0, 0, 0, 0]
[23:14:04.134] RX[COM9]  f0
[23:14:04.136] RX[COM9]  fb 00 06 61 13 00 00 00 00 00 00 0a
[23:14:04.137] PACKET[COM9] ground_station_status: rssi=-5, uptime=418067, reserved=[0, 0, 0, 0, 0, 0]
[23:14:05.088] RX[COM9]  f0
[23:14:05.091] RX[COM9]  fb 00 06 64 fb 00 00 00 00 00 00 0a
[23:14:05.093] PACKET[COM9] ground_station_status: rssi=-5, uptime=419067, reserved=[0, 0, 0, 0, 0, 0]
[23:14:06.100] RX[COM9]  f0
[23:14:06.107] RX[COM9]  fb 00 06 68 e3 00 00 00 00 00 00 0a
[23:14:06.113] PACKET[COM9] ground_station_status: rssi=-5, uptime=420067, reserved=[0, 0, 0, 0, 0, 0]
[23:14:07.113] RX[COM9]  f0
[23:14:07.121] RX[COM9]  fb 00 06 6c cb 00 00 00 00 00 00 0a
[23:14:07.126] PACKET[COM9] ground_station_status: rssi=-5, uptime=421067, reserved=[0, 0, 0, 0, 0, 0]
[23:14:08.119] RX[COM9]  f0
[23:14:08.121] RX[COM9]  fb 00 06 70 b3 00 00 00 00 00 00 0a
[23:14:08.124] PACKET[COM9] ground_station_status: rssi=-5, uptime=422067, reserved=[0, 0, 0, 0, 0, 0]
[23:14:09.133] RX[COM9]  f0
[23:14:09.143] RX[COM9]  fb 00 06 74 9b 00 00 00 00 00 00 0a
[23:14:09.147] PACKET[COM9] ground_station_status: rssi=-5, uptime=423067, reserved=[0, 0, 0, 0, 0, 0]
[23:14:10.147] RX[COM9]  f0
[23:14:10.154] RX[COM9]  fb 00 06 78 83 00 00 00 00 00 00 0a
[23:14:10.156] PACKET[COM9] ground_station_status: rssi=-5, uptime=424067, reserved=[0, 0, 0, 0, 0, 0]
[23:14:11.096] RX[COM9]  f0
[23:14:11.097] RX[COM9]  fb 00 06 7c 6b 00 00 00 00 00 00 0a
[23:14:11.098] PACKET[COM9] ground_station_status: rssi=-5, uptime=425067, reserved=[0, 0, 0, 0, 0, 0]
[23:14:12.107] RX[COM9]  f0
[23:14:12.112] RX[COM9]  fb 00 06 80 53 00 00 00 00 00 00 0a
[23:14:12.114] PACKET[COM9] ground_station_status: rssi=-5, uptime=426067, reserved=[0, 0, 0, 0, 0, 0]
[23:14:13.096] RX[COM9]  f0
[23:14:13.098] RX[COM9]  fb 00 06 84 3b 00 00 00 00 00 00 0a
[23:14:13.102] PACKET[COM9] ground_station_status: rssi=-5, uptime=427067, reserved=[0, 0, 0, 0, 0, 0]
[23:14:14.132] RX[COM9]  f0
[23:14:14.137] RX[COM9]  fb 00 06 88 23 00 00 00 00 00 00 0a
[23:14:14.141] PACKET[COM9] ground_station_status: rssi=-5, uptime=428067, reserved=[0, 0, 0, 0, 0, 0]
[23:14:15.091] RX[COM9]  f0
[23:14:15.095] RX[COM9]  fb 00 06 8c 0b 00 00 00 00 00 00 0a
[23:14:15.097] PACKET[COM9] ground_station_status: rssi=-5, uptime=429067, reserved=[0, 0, 0, 0, 0, 0]
[23:14:16.103] RX[COM9]  f0
[23:14:16.110] RX[COM9]  fb 00 06 8f f3 00 00 00 00 00 00 0a
[23:14:16.118] PACKET[COM9] ground_station_status: rssi=-5, uptime=430067, reserved=[0, 0, 0, 0, 0, 0]
[23:14:17.101] RX[COM9]  f0
[23:14:17.111] RX[COM9]  fb 00 06 93 db 00 00 00 00 00 00 0a
[23:14:17.118] PACKET[COM9] ground_station_status: rssi=-5, uptime=431067, reserved=[0, 0, 0, 0, 0, 0]
[23:14:18.115] RX[COM9]  f0
[23:14:18.116] RX[COM9]  fb 00 06 97 c3 00 00 00 00 00 00 0a
[23:14:18.118] PACKET[COM9] ground_station_status: rssi=-5, uptime=432067, reserved=[0, 0, 0, 0, 0, 0]
[23:14:19.116] RX[COM9]  f0
[23:14:19.120] RX[COM9]  fb 00 06 9b ab 00 00 00 00 00 00 0a
[23:14:19.122] PACKET[COM9] ground_station_status: rssi=-5, uptime=433067, reserved=[0, 0, 0, 0, 0, 0]
[23:14:20.137] RX[COM9]  f0
[23:14:20.147] RX[COM9]  fb 00 06 9f 93 00 00 00 00 00 00 0a
[23:14:20.150] PACKET[COM9] ground_station_status: rssi=-5, uptime=434067, reserved=[0, 0, 0, 0, 0, 0]
[23:14:21.142] RX[COM9]  f0
[23:14:21.154] RX[COM9]  fb 00 06 a3 7b 00 00 00 00 00 00 0a
[23:14:21.157] PACKET[COM9] ground_station_status: rssi=-5, uptime=435067, reserved=[0, 0, 0, 0, 0, 0]
[23:14:22.089] RX[COM9]  f0
[23:14:22.091] RX[COM9]  fb 00 06 a7 63 00 00 00 00 00 00 0a
[23:14:22.094] PACKET[COM9] ground_station_status: rssi=-5, uptime=436067, reserved=[0, 0, 0, 0, 0, 0]
[23:14:23.097] RX[COM9]  f0
[23:14:23.098] RX[COM9]  fb 00 06 ab 4b 00 00 00 00 00 00 0a
[23:14:23.100] PACKET[COM9] ground_station_status: rssi=-5, uptime=437067, reserved=[0, 0, 0, 0, 0, 0]
[23:14:24.114] RX[COM9]  f0
[23:14:24.117] RX[COM9]  fb 00 06 af 33 00 00 00 00 00 00 0a
[23:14:24.120] PACKET[COM9] ground_station_status: rssi=-5, uptime=438067, reserved=[0, 0, 0, 0, 0, 0]
[23:14:25.122] RX[COM9]  f0
[23:14:25.123] RX[COM9]  fb 00 06 b3 1b 00 00 00 00 00 00 0a
[23:14:25.125] PACKET[COM9] ground_station_status: rssi=-5, uptime=439067, reserved=[0, 0, 0, 0, 0, 0]
[23:14:26.132] RX[COM9]  f0
[23:14:26.134] RX[COM9]  fb 00 06 b7 03 00 00 00 00 00 00 0a
[23:14:26.135] PACKET[COM9] ground_station_status: rssi=-5, uptime=440067, reserved=[0, 0, 0, 0, 0, 0]
[23:14:27.089] RX[COM9]  f0
[23:14:27.091] RX[COM9]  fb 00 06 ba eb 00 00 00 00 00 00 0a
[23:14:27.093] PACKET[COM9] ground_station_status: rssi=-5, uptime=441067, reserved=[0, 0, 0, 0, 0, 0]
[23:14:28.100] RX[COM9]  f0
[23:14:28.107] RX[COM9]  fb 00 06 be d3 00 00 00 00 00 00 0a
[23:14:28.112] PACKET[COM9] ground_station_status: rssi=-5, uptime=442067, reserved=[0, 0, 0, 0, 0, 0]
[23:14:29.114] RX[COM9]  f0
[23:14:29.118] RX[COM9]  fb 00 06 c2 bb 00 00 00 00 00 00 0a
[23:14:29.125] PACKET[COM9] ground_station_status: rssi=-5, uptime=443067, reserved=[0, 0, 0, 0, 0, 0]
[23:14:30.122] RX[COM9]  f0
[23:14:30.130] RX[COM9]  fb 00 06 c6 a3 00 00 00 00 00 00 0a
[23:14:30.136] PACKET[COM9] ground_station_status: rssi=-5, uptime=444067, reserved=[0, 0, 0, 0, 0, 0]
[23:14:31.132] RX[COM9]  f0
[23:14:31.134] RX[COM9]  fb 00 06 ca 8b 00 00 00 00 00 00 0a
[23:14:31.136] PACKET[COM9] ground_station_status: rssi=-5, uptime=445067, reserved=[0, 0, 0, 0, 0, 0]
[23:14:32.148] RX[COM9]  f0
[23:14:32.155] RX[COM9]  fb 00 06 ce 73 00 00 00 00 00 00 0a
[23:14:32.157] PACKET[COM9] ground_station_status: rssi=-5, uptime=446067, reserved=[0, 0, 0, 0, 0, 0]
[23:14:33.103] RX[COM9]  f0
[23:14:33.105] RX[COM9]  fb 00 06 d2 5b 00 00 00 00 00 00 0a
[23:14:33.107] PACKET[COM9] ground_station_status: rssi=-5, uptime=447067, reserved=[0, 0, 0, 0, 0, 0]
[23:14:34.112] RX[COM9]  f0
[23:14:34.114] RX[COM9]  fb 00 06 d6 43 00 00 00 00 00 00 0a
[23:14:34.115] PACKET[COM9] ground_station_status: rssi=-5, uptime=448067, reserved=[0, 0, 0, 0, 0, 0]
[23:14:35.125] RX[COM9]  f0
[23:14:35.132] RX[COM9]  fb 00 06 da 2b 00 00 00 00 00 00 0a
[23:14:35.136] PACKET[COM9] ground_station_status: rssi=-5, uptime=449067, reserved=[0, 0, 0, 0, 0, 0]
[23:14:36.140] RX[COM9]  f0
[23:14:36.141] RX[COM9]  fb 00 06 de 13 00 00 00 00 00 00 0a
[23:14:36.143] PACKET[COM9] ground_station_status: rssi=-5, uptime=450067, reserved=[0, 0, 0, 0, 0, 0]
[23:14:37.101] RX[COM9]  f0
[23:14:37.105] RX[COM9]  fb 00 06 e1 fb 00 00 00 00 00 00 0a
[23:14:37.106] PACKET[COM9] ground_station_status: rssi=-5, uptime=451067, reserved=[0, 0, 0, 0, 0, 0]
[23:14:38.106] RX[COM9]  f0
[23:14:38.108] RX[COM9]  fb 00 06 e5 e3 00 00 00 00 00 00 0a
[23:14:38.111] PACKET[COM9] ground_station_status: rssi=-5, uptime=452067, reserved=[0, 0, 0, 0, 0, 0]
[23:14:39.118] RX[COM9]  f0
[23:14:39.126] RX[COM9]  fb 00 06 e9 cb 00 00 00 00 00 00 0a
[23:14:39.129] PACKET[COM9] ground_station_status: rssi=-5, uptime=453067, reserved=[0, 0, 0, 0, 0, 0]
[23:14:40.131] RX[COM9]  f0
[23:14:40.133] RX[COM9]  fb 00 06 ed b3 00 00 00 00 00 00 0a
[23:14:40.135] PACKET[COM9] ground_station_status: rssi=-5, uptime=454067, reserved=[0, 0, 0, 0, 0, 0]
[23:14:41.125] RX[COM9]  f0
[23:14:41.132] RX[COM9]  fb 00 06 f1 9b 00 00 00 00 00 00 0a
[23:14:41.137] PACKET[COM9] ground_station_status: rssi=-5, uptime=455067, reserved=[0, 0, 0, 0, 0, 0]
[23:14:42.135] RX[COM9]  f0
[23:14:42.139] RX[COM9]  fb 00 06 f5 83 00 00 00 00 00 00 0a
[23:14:42.141] PACKET[COM9] ground_station_status: rssi=-5, uptime=456067, reserved=[0, 0, 0, 0, 0, 0]
[23:14:43.145] RX[COM9]  f0
[23:14:43.147] RX[COM9]  fb 00 06 f9 6b 00 00 00 00 00 00 0a
[23:14:43.148] PACKET[COM9] ground_station_status: rssi=-5, uptime=457067, reserved=[0, 0, 0, 0, 0, 0]
[23:14:44.099] RX[COM9]  f0
[23:14:44.104] RX[COM9]  fb 00 06 fd 53 00 00 00 00 00 00 0a
[23:14:44.106] PACKET[COM9] ground_station_status: rssi=-5, uptime=458067, reserved=[0, 0, 0, 0, 0, 0]
[23:14:45.110] RX[COM9]  f0
[23:14:45.111] RX[COM9]  fb 00 07 01 3b 00 00 00 00 00 00 0a
[23:14:45.113] PACKET[COM9] ground_station_status: rssi=-5, uptime=459067, reserved=[0, 0, 0, 0, 0, 0]
[23:14:46.125] RX[COM9]  f0
[23:14:46.129] RX[COM9]  fb 00 07 05 23 00 00 00 00 00 00 0a
[23:14:46.131] PACKET[COM9] ground_station_status: rssi=-5, uptime=460067, reserved=[0, 0, 0, 0, 0, 0]
[23:14:47.137] RX[COM9]  f0
[23:14:47.138] RX[COM9]  fb 00 07 09 0b 00 00 00 00 00 00 0a
[23:14:47.139] PACKET[COM9] ground_station_status: rssi=-5, uptime=461067, reserved=[0, 0, 0, 0, 0, 0]
[23:14:48.094] RX[COM9]  f0
[23:14:48.097] RX[COM9]  fb 00 07 0c f3 00 00 00 00 00 00 0a
[23:14:48.099] PACKET[COM9] ground_station_status: rssi=-5, uptime=462067, reserved=[0, 0, 0, 0, 0, 0]
[23:14:49.107] RX[COM9]  f0
[23:14:49.110] RX[COM9]  fb 00 07 10 db 00 00 00 00 00 00 0a
[23:14:49.112] PACKET[COM9] ground_station_status: rssi=-5, uptime=463067, reserved=[0, 0, 0, 0, 0, 0]
[23:14:50.121] RX[COM9]  f0
[23:14:50.125] RX[COM9]  fb 00 07 14 c3 00 00 00 00 00 00 0a
[23:14:50.132] PACKET[COM9] ground_station_status: rssi=-5, uptime=464067, reserved=[0, 0, 0, 0, 0, 0]
[23:14:51.131] RX[COM9]  f0
[23:14:51.133] RX[COM9]  fb 00 07 18 ab 00 00 00 00 00 00 0a
[23:14:51.134] PACKET[COM9] ground_station_status: rssi=-5, uptime=465067, reserved=[0, 0, 0, 0, 0, 0]
[23:14:52.139] RX[COM9]  f0
[23:14:52.141] RX[COM9]  fb 00 07 1c 93 00 00 00 00 00 00 0a
[23:14:52.143] PACKET[COM9] ground_station_status: rssi=-5, uptime=466067, reserved=[0, 0, 0, 0, 0, 0]
[23:14:53.142] RX[COM9]  f0
[23:14:53.144] RX[COM9]  fb 00 07 20 7b 00 00 00 00 00 00 0a
[23:14:53.146] PACKET[COM9] ground_station_status: rssi=-5, uptime=467067, reserved=[0, 0, 0, 0, 0, 0]
[23:14:54.156] RX[COM9]  f0
[23:14:54.163] RX[COM9]  fb 00 07 24 63 00 00 00 00 00 00 0a
[23:14:54.169] PACKET[COM9] ground_station_status: rssi=-5, uptime=468067, reserved=[0, 0, 0, 0, 0, 0]
[23:14:55.101] RX[COM9]  f0
[23:14:55.103] RX[COM9]  fb 00 07 28 4b 00 00 00 00 00 00 0a
[23:14:55.104] PACKET[COM9] ground_station_status: rssi=-5, uptime=469067, reserved=[0, 0, 0, 0, 0, 0]
[23:14:56.112] RX[COM9]  f0
[23:14:56.113] RX[COM9]  fb 00 07 2c 33 00 00 00 00 00 00 0a
[23:14:56.114] PACKET[COM9] ground_station_status: rssi=-5, uptime=470067, reserved=[0, 0, 0, 0, 0, 0]
[23:14:57.127] RX[COM9]  f0
[23:14:57.133] RX[COM9]  fb 00 07 30 1b 00 00 00 00 00 00 0a
[23:14:57.136] PACKET[COM9] ground_station_status: rssi=-5, uptime=471067, reserved=[0, 0, 0, 0, 0, 0]
[23:14:58.136] RX[COM9]  f0
[23:14:58.138] RX[COM9]  fb 00 07 34 03 00 00 00 00 00 00 0a
[23:14:58.139] PACKET[COM9] ground_station_status: rssi=-5, uptime=472067, reserved=[0, 0, 0, 0, 0, 0]
[23:14:59.098] RX[COM9]  f0
[23:14:59.101] RX[COM9]  fb 00 07 37 eb 00 00 00 00 00 00 0a
[23:14:59.103] PACKET[COM9] ground_station_status: rssi=-5, uptime=473067, reserved=[0, 0, 0, 0, 0, 0]
[23:15:00.143] RX[COM9]  f0
[23:15:00.144] RX[COM9]  fb 00 07 3b d3 00 00 00 00 00 00 0a
[23:15:00.148] PACKET[COM9] ground_station_status: rssi=-5, uptime=474067, reserved=[0, 0, 0, 0, 0, 0]
[23:15:01.102] RX[COM9]  f0
[23:15:01.106] RX[COM9]  fb 00 07 3f bb 00 00 00 00 00 00 0a
[23:15:01.107] PACKET[COM9] ground_station_status: rssi=-5, uptime=475067, reserved=[0, 0, 0, 0, 0, 0]
[23:15:02.118] RX[COM9]  f0
[23:15:02.126] RX[COM9]  fb 00 07 43 a3 00 00 00 00 00 00 0a
[23:15:02.134] PACKET[COM9] ground_station_status: rssi=-5, uptime=476067, reserved=[0, 0, 0, 0, 0, 0]
[23:15:03.124] RX[COM9]  f0
[23:15:03.131] RX[COM9]  fb 00 07 47 8b 00 00 00 00 00 00 0a
[23:15:03.136] PACKET[COM9] ground_station_status: rssi=-5, uptime=477067, reserved=[0, 0, 0, 0, 0, 0]
[23:15:04.127] RX[COM9]  f0
[23:15:04.135] RX[COM9]  fb 00 07 4b 73 00 00 00 00 00 00 0a
[23:15:04.138] PACKET[COM9] ground_station_status: rssi=-5, uptime=478067, reserved=[0, 0, 0, 0, 0, 0]
[23:15:05.134] RX[COM9]  f0
[23:15:05.136] RX[COM9]  fb 00 07 4f 5b 00 00 00 00 00 00 0a
[23:15:05.137] PACKET[COM9] ground_station_status: rssi=-5, uptime=479067, reserved=[0, 0, 0, 0, 0, 0]
[23:15:06.143] RX[COM9]  f0
[23:15:06.145] RX[COM9]  fb 00 07 53 43 00 00 00 00 00 00 0a
[23:15:06.147] PACKET[COM9] ground_station_status: rssi=-5, uptime=480067, reserved=[0, 0, 0, 0, 0, 0]
[23:15:07.098] RX[COM9]  f0
[23:15:07.099] RX[COM9]  fb 00 07 57 2b 00 00 00 00 00 00 0a
[23:15:07.101] PACKET[COM9] ground_station_status: rssi=-5, uptime=481067, reserved=[0, 0, 0, 0, 0, 0]
[23:15:08.105] RX[COM9]  f0
[23:15:08.106] RX[COM9]  fb 00 07 5b 13 00 00 00 00 00 00 0a
[23:15:08.108] PACKET[COM9] ground_station_status: rssi=-5, uptime=482067, reserved=[0, 0, 0, 0, 0, 0]
[23:15:09.136] RX[COM9]  f0
[23:15:09.137] RX[COM9]  fb 00 07 5e fb 00 00 00 00 00 00 0a
[23:15:09.139] PACKET[COM9] ground_station_status: rssi=-5, uptime=483067, reserved=[0, 0, 0, 0, 0, 0]
[23:15:10.139] RX[COM9]  f0
[23:15:10.140] RX[COM9]  fb 00 07 62 e3 00 00 00 00 00 00 0a
[23:15:10.141] PACKET[COM9] ground_station_status: rssi=-5, uptime=484067, reserved=[0, 0, 0, 0, 0, 0]
[23:15:11.097] RX[COM9]  f0
[23:15:11.099] RX[COM9]  fb 00 07 66 cb 00 00 00 00 00 00 0a
[23:15:11.101] PACKET[COM9] ground_station_status: rssi=-5, uptime=485067, reserved=[0, 0, 0, 0, 0, 0]
[23:15:12.107] RX[COM9]  f0
[23:15:12.109] RX[COM9]  fb 00 07 6a b3 00 00 00 00 00 00 0a
[23:15:12.111] PACKET[COM9] ground_station_status: rssi=-5, uptime=486067, reserved=[0, 0, 0, 0, 0, 0]
[23:15:13.117] RX[COM9]  f0
[23:15:13.123] RX[COM9]  fb 00 07 6e 9b 00 00 00 00 00 00 0a
[23:15:13.130] PACKET[COM9] ground_station_status: rssi=-5, uptime=487067, reserved=[0, 0, 0, 0, 0, 0]
[23:15:14.129] RX[COM9]  f0
[23:15:14.131] RX[COM9]  fb 00 07 72 83 00 00 00 00 00 00 0a
[23:15:14.133] PACKET[COM9] ground_station_status: rssi=-5, uptime=488067, reserved=[0, 0, 0, 0, 0, 0]
[23:15:15.141] RX[COM9]  f0
[23:15:15.143] RX[COM9]  fb 00 07 76 6b 00 00 00 00 00 00 0a
[23:15:15.147] PACKET[COM9] ground_station_status: rssi=-5, uptime=489067, reserved=[0, 0, 0, 0, 0, 0]
[23:15:16.091] RX[COM9]  f0
[23:15:16.093] RX[COM9]  fb 00 07 7a 53 00 00 00 00 00 00 0a
[23:15:16.095] PACKET[COM9] ground_station_status: rssi=-5, uptime=490067, reserved=[0, 0, 0, 0, 0, 0]
[23:15:17.104] RX[COM9]  f0
[23:15:17.106] RX[COM9]  fb 00 07 7e 3b 00 00 00 00 00 00 0a
[23:15:17.108] PACKET[COM9] ground_station_status: rssi=-5, uptime=491067, reserved=[0, 0, 0, 0, 0, 0]
[23:15:18.108] RX[COM9]  f0
[23:15:18.110] RX[COM9]  fb 00 07 82 23 00 00 00 00 00 00 0a
[23:15:18.112] PACKET[COM9] ground_station_status: rssi=-5, uptime=492067, reserved=[0, 0, 0, 0, 0, 0]
[23:15:19.135] RX[COM9]  f0
[23:15:19.136] RX[COM9]  fb 00 07 86 0b 00 00 00 00 00 00 0a
[23:15:19.137] PACKET[COM9] ground_station_status: rssi=-5, uptime=493067, reserved=[0, 0, 0, 0, 0, 0]
[23:15:20.138] RX[COM9]  f0
[23:15:20.139] RX[COM9]  fb 00 07 89 f3 00 00 00 00 00 00 0a
[23:15:20.141] PACKET[COM9] ground_station_status: rssi=-5, uptime=494067, reserved=[0, 0, 0, 0, 0, 0]
[23:15:21.100] RX[COM9]  f0
[23:15:21.102] RX[COM9]  fb 00 07 8d db 00 00 00 00 00 00 0a
[23:15:21.104] PACKET[COM9] ground_station_status: rssi=-5, uptime=495067, reserved=[0, 0, 0, 0, 0, 0]
[23:15:22.110] RX[COM9]  f0
[23:15:22.113] RX[COM9]  fb 00 07 91 c3 00 00 00 00 00 00 0a
[23:15:22.116] PACKET[COM9] ground_station_status: rssi=-5, uptime=496067, reserved=[0, 0, 0, 0, 0, 0]
[23:15:23.122] RX[COM9]  f0
[23:15:23.130] RX[COM9]  fb 00 07 95 ab 00 00 00 00 00 00 0a
[23:15:23.137] PACKET[COM9] ground_station_status: rssi=-5, uptime=497067, reserved=[0, 0, 0, 0, 0, 0]
[23:15:24.130] RX[COM9]  f0
[23:15:24.131] RX[COM9]  fb 00 07 99 93 00 00 00 00 00 00 0a
[23:15:24.133] PACKET[COM9] ground_station_status: rssi=-5, uptime=498067, reserved=[0, 0, 0, 0, 0, 0]
[23:15:25.131] RX[COM9]  f0
[23:15:25.135] RX[COM9]  fb 00 07 9d 7b 00 00 00 00 00 00 0a
[23:15:25.137] PACKET[COM9] ground_station_status: rssi=-5, uptime=499067, reserved=[0, 0, 0, 0, 0, 0]
[23:15:26.145] RX[COM9]  f0
[23:15:26.155] RX[COM9]  fb 00 07 a1 63 00 00 00 00 00 00 0a
[23:15:26.158] PACKET[COM9] ground_station_status: rssi=-5, uptime=500067, reserved=[0, 0, 0, 0, 0, 0]
[23:15:27.099] RX[COM9]  f0
[23:15:27.100] RX[COM9]  fb 00 07 a5 4b 00 00 00 00 00 00 0a
[23:15:27.101] PACKET[COM9] ground_station_status: rssi=-5, uptime=501067, reserved=[0, 0, 0, 0, 0, 0]
[23:15:28.111] RX[COM9]  f0
[23:15:28.113] RX[COM9]  fb 00 07 a9 33 00 00 00 00 00 00 0a
[23:15:28.114] PACKET[COM9] ground_station_status: rssi=-5, uptime=502067, reserved=[0, 0, 0, 0, 0, 0]
[23:15:29.121] RX[COM9]  f0
[23:15:29.124] RX[COM9]  fb 00 07 ad 1b 00 00 00 00 00 00 0a
[23:15:29.127] PACKET[COM9] ground_station_status: rssi=-5, uptime=503067, reserved=[0, 0, 0, 0, 0, 0]
[23:15:30.136] RX[COM9]  f0
[23:15:30.138] RX[COM9]  fb 00 07 b1 03 00 00 00 00 00 00 0a
[23:15:30.141] PACKET[COM9] ground_station_status: rssi=-5, uptime=504067, reserved=[0, 0, 0, 0, 0, 0]
[23:15:31.136] RX[COM9]  f0
[23:15:31.137] RX[COM9]  fb 00 07 b4 eb 00 00 00 00 00 00 0a
[23:15:31.138] PACKET[COM9] ground_station_status: rssi=-5, uptime=505067, reserved=[0, 0, 0, 0, 0, 0]
[23:15:32.097] RX[COM9]  f0
[23:15:32.099] RX[COM9]  fb 00 07 b8 d3 00 00 00 00 00 00 0a
[23:15:32.101] PACKET[COM9] ground_station_status: rssi=-5, uptime=506067, reserved=[0, 0, 0, 0, 0, 0]
[23:15:33.106] RX[COM9]  f0
[23:15:33.108] RX[COM9]  fb 00 07 bc bb 00 00 00 00 00 00 0a
[23:15:33.110] PACKET[COM9] ground_station_status: rssi=-5, uptime=507067, reserved=[0, 0, 0, 0, 0, 0]
[23:15:34.116] RX[COM9]  f0
[23:15:34.122] RX[COM9]  fb 00 07 c0 a3 00 00 00 00 00 00 0a
[23:15:34.128] PACKET[COM9] ground_station_status: rssi=-5, uptime=508067, reserved=[0, 0, 0, 0, 0, 0]
[23:15:35.127] RX[COM9]  f0
[23:15:35.136] RX[COM9]  fb 00 07 c4 8b 00 00 00 00 00 00 0a
[23:15:35.141] PACKET[COM9] ground_station_status: rssi=-5, uptime=509067, reserved=[0, 0, 0, 0, 0, 0]
[23:15:36.139] RX[COM9]  f0
[23:15:36.141] RX[COM9]  fb 00 07 c8 73 00 00 00 00 00 00 0a
[23:15:36.142] PACKET[COM9] ground_station_status: rssi=-5, uptime=510067, reserved=[0, 0, 0, 0, 0, 0]
[23:15:37.152] RX[COM9]  f0
[23:15:37.161] RX[COM9]  fb 00 07 cc 5b 00 00 00 00 00 00 0a
[23:15:37.165] PACKET[COM9] ground_station_status: rssi=-5, uptime=511067, reserved=[0, 0, 0, 0, 0, 0]
[23:15:38.101] RX[COM9]  f0
[23:15:38.102] RX[COM9]  fb 00 07 d0 43 00 00 00 00 00 00 0a
[23:15:38.104] PACKET[COM9] ground_station_status: rssi=-5, uptime=512067, reserved=[0, 0, 0, 0, 0, 0]
[23:15:39.113] RX[COM9]  f0
[23:15:39.116] RX[COM9]  fb 00 07 d4 2b 00 00 00 00 00 00 0a
[23:15:39.126] PACKET[COM9] ground_station_status: rssi=-5, uptime=513067, reserved=[0, 0, 0, 0, 0, 0]
[23:15:40.138] RX[COM9]  f0
[23:15:40.139] RX[COM9]  fb 00 07 d8 13 00 00 00 00 00 00 0a
[23:15:40.141] PACKET[COM9] ground_station_status: rssi=-5, uptime=514067, reserved=[0, 0, 0, 0, 0, 0]
[23:15:41.129] RX[COM9]  f0
[23:15:41.136] RX[COM9]  fb 00 07 db fb 00 00 00 00 00 00 0a
[23:15:41.140] PACKET[COM9] ground_station_status: rssi=-5, uptime=515067, reserved=[0, 0, 0, 0, 0, 0]
[23:15:42.143] RX[COM9]  f0
[23:15:42.144] RX[COM9]  fb 00 07 df e3 00 00 00 00 00 00 0a
[23:15:42.146] PACKET[COM9] ground_station_status: rssi=-5, uptime=516067, reserved=[0, 0, 0, 0, 0, 0]
[23:15:43.102] RX[COM9]  f0
[23:15:43.104] RX[COM9]  fb 00 07 e3 cb 00 00 00 00 00 00 0a
[23:15:43.106] PACKET[COM9] ground_station_status: rssi=-5, uptime=517067, reserved=[0, 0, 0, 0, 0, 0]
[23:15:44.117] RX[COM9]  f0
[23:15:44.122] RX[COM9]  fb 00 07 e7 b3 00 00 00 00 00 00 0a
[23:15:44.132] PACKET[COM9] ground_station_status: rssi=-5, uptime=518067, reserved=[0, 0, 0, 0, 0, 0]
[23:15:45.130] RX[COM9]  f0
[23:15:45.133] RX[COM9]  fb 00 07 eb 9b 00 00 00 00 00 00 0a
[23:15:45.135] PACKET[COM9] ground_station_status: rssi=-5, uptime=519067, reserved=[0, 0, 0, 0, 0, 0]
[23:15:46.145] RX[COM9]  f0
[23:15:46.148] RX[COM9]  fb 00 07 ef 83 00 00 00 00 00 00 0a
[23:15:46.150] PACKET[COM9] ground_station_status: rssi=-5, uptime=520067, reserved=[0, 0, 0, 0, 0, 0]
[23:15:47.100] RX[COM9]  f0
[23:15:47.101] RX[COM9]  fb 00 07 f3 6b 00 00 00 00 00 00 0a
[23:15:47.103] PACKET[COM9] ground_station_status: rssi=-5, uptime=521067, reserved=[0, 0, 0, 0, 0, 0]
[23:15:48.094] RX[COM9]  f0
[23:15:48.095] RX[COM9]  fb 00 07 f7 53 00 00 00 00 00 00 0a
[23:15:48.097] PACKET[COM9] ground_station_status: rssi=-5, uptime=522067, reserved=[0, 0, 0, 0, 0, 0]
[23:15:49.110] RX[COM9]  f0
[23:15:49.112] RX[COM9]  fb 00 07 fb 3b 00 00 00 00 00 00 0a
[23:15:49.113] PACKET[COM9] ground_station_status: rssi=-5, uptime=523067, reserved=[0, 0, 0, 0, 0, 0]
[23:15:50.115] RX[COM9]  f0
[23:15:50.116] RX[COM9]  fb 00 07 ff 23 00 00 00 00 00 00 0a
[23:15:50.117] PACKET[COM9] ground_station_status: rssi=-5, uptime=524067, reserved=[0, 0, 0, 0, 0, 0]
[23:15:51.130] RX[COM9]  f0
[23:15:51.131] RX[COM9]  fb 00 08 03 0b 00 00 00 00 00 00 0a
[23:15:51.132] PACKET[COM9] ground_station_status: rssi=-5, uptime=525067, reserved=[0, 0, 0, 0, 0, 0]
[23:15:52.140] RX[COM9]  f0
[23:15:52.147] RX[COM9]  fb 00 08 06 f3 00 00 00 00 00 00 0a
[23:15:52.153] PACKET[COM9] ground_station_status: rssi=-5, uptime=526067, reserved=[0, 0, 0, 0, 0, 0]
[23:15:53.097] RX[COM9]  f0
[23:15:53.100] RX[COM9]  fb 00 08 0a db 00 00 00 00 00 00 0a
[23:15:53.102] PACKET[COM9] ground_station_status: rssi=-5, uptime=527067, reserved=[0, 0, 0, 0, 0, 0]
[23:15:54.133] RX[COM9]  f0
[23:15:54.140] RX[COM9]  fb 00 08 0e c3 00 00 00 00 00 00 0a
[23:15:54.144] PACKET[COM9] ground_station_status: rssi=-5, uptime=528067, reserved=[0, 0, 0, 0, 0, 0]
[23:15:55.116] RX[COM9]  f0
[23:15:55.119] RX[COM9]  fb 00 08 12 ab 00 00 00 00 00 00 0a
[23:15:55.121] PACKET[COM9] ground_station_status: rssi=-5, uptime=529067, reserved=[0, 0, 0, 0, 0, 0]
[23:15:56.125] RX[COM9]  f0
[23:15:56.128] RX[COM9]  fb 00 08 16 93 00 00 00 00 00 00 0a
[23:15:56.130] PACKET[COM9] ground_station_status: rssi=-5, uptime=530067, reserved=[0, 0, 0, 0, 0, 0]
[23:15:57.126] RX[COM9]  f0
[23:15:57.129] RX[COM9]  fb 00 08 1a 7b 00 00 00 00 00 00 0a
[23:15:57.131] PACKET[COM9] ground_station_status: rssi=-5, uptime=531067, reserved=[0, 0, 0, 0, 0, 0]
[23:15:58.136] RX[COM9]  f0
[23:15:58.149] RX[COM9]  fb 00 08 1e 63 00 00 00 00 00 00 0a
[23:15:58.153] PACKET[COM9] ground_station_status: rssi=-5, uptime=532067, reserved=[0, 0, 0, 0, 0, 0]
[23:15:59.147] RX[COM9]  f0
[23:15:59.150] RX[COM9]  fb 00 08 22 4b 00 00 00 00 00 00 0a
[23:15:59.153] PACKET[COM9] ground_station_status: rssi=-5, uptime=533067, reserved=[0, 0, 0, 0, 0, 0]
[23:16:00.144] RX[COM9]  f0
[23:16:00.149] RX[COM9]  fb 00 08 26 33 00 00 00 00 00 00 0a
[23:16:00.158] PACKET[COM9] ground_station_status: rssi=-5, uptime=534067, reserved=[0, 0, 0, 0, 0, 0]
[23:16:01.097] RX[COM9]  f0
[23:16:01.099] RX[COM9]  fb 00 08 2a 1b 00 00 00 00 00 00 0a
[23:16:01.100] PACKET[COM9] ground_station_status: rssi=-5, uptime=535067, reserved=[0, 0, 0, 0, 0, 0]
[23:16:02.110] RX[COM9]  f0
[23:16:02.111] RX[COM9]  fb 00 08 2e 03 00 00 00 00 00 00 0a
[23:16:02.114] PACKET[COM9] ground_station_status: rssi=-5, uptime=536067, reserved=[0, 0, 0, 0, 0, 0]
[23:16:03.120] RX[COM9]  f0
[23:16:03.121] RX[COM9]  fb 00 08 31 eb 00 00 00 00 00 00 0a
[23:16:03.123] PACKET[COM9] ground_station_status: rssi=-5, uptime=537067, reserved=[0, 0, 0, 0, 0, 0]
[23:16:04.132] RX[COM9]  f0
[23:16:04.133] RX[COM9]  fb 00 08 35 d3 00 00 00 00 00 00 0a
[23:16:04.135] PACKET[COM9] ground_station_status: rssi=-5, uptime=538067, reserved=[0, 0, 0, 0, 0, 0]
[23:16:05.150] RX[COM9]  f0
[23:16:05.151] RX[COM9]  fb 00 08 39 bb 00 00 00 00 00 00 0a
[23:16:05.152] PACKET[COM9] ground_station_status: rssi=-5, uptime=539067, reserved=[0, 0, 0, 0, 0, 0]
[23:16:06.098] RX[COM9]  f0
[23:16:06.103] RX[COM9]  fb 00 08 3d a3 00 00 00 00 00 00 0a
[23:16:06.105] PACKET[COM9] ground_station_status: rssi=-5, uptime=540067, reserved=[0, 0, 0, 0, 0, 0]
[23:16:07.112] RX[COM9]  f0
[23:16:07.115] RX[COM9]  fb 00 08 41 8b 00 00 00 00 00 00 0a
[23:16:07.117] PACKET[COM9] ground_station_status: rssi=-5, uptime=541067, reserved=[0, 0, 0, 0, 0, 0]
[23:16:08.128] RX[COM9]  f0
[23:16:08.134] RX[COM9]  fb 00 08 45 73 00 00 00 00 00 00 0a
[23:16:08.145] PACKET[COM9] ground_station_status: rssi=-5, uptime=542067, reserved=[0, 0, 0, 0, 0, 0]
[23:16:09.140] RX[COM9]  f0
[23:16:09.147] RX[COM9]  fb 00 08 49 5b 00 00 00 00 00 00 0a
[23:16:09.153] PACKET[COM9] ground_station_status: rssi=-5, uptime=543067, reserved=[0, 0, 0, 0, 0, 0]
[23:16:10.098] RX[COM9]  f0
[23:16:10.101] RX[COM9]  fb 00 08 4d 43 00 00 00 00 00 00 0a
[23:16:10.103] PACKET[COM9] ground_station_status: rssi=-5, uptime=544067, reserved=[0, 0, 0, 0, 0, 0]
[23:16:11.111] RX[COM9]  f0
[23:16:11.112] RX[COM9]  fb 00 08 51 2b 00 00 00 00 00 00 0a
[23:16:11.114] PACKET[COM9] ground_station_status: rssi=-5, uptime=545067, reserved=[0, 0, 0, 0, 0, 0]
[23:16:12.123] RX[COM9]  f0
[23:16:12.124] RX[COM9]  fb 00 08 55 13 00 00 00 00 00 00 0a
[23:16:12.125] PACKET[COM9] ground_station_status: rssi=-5, uptime=546067, reserved=[0, 0, 0, 0, 0, 0]
[23:16:13.147] RX[COM9]  f0
[23:16:13.155] RX[COM9]  fb 00 08 58 fb 00 00 00 00 00 00 0a
[23:16:13.157] PACKET[COM9] ground_station_status: rssi=-5, uptime=547067, reserved=[0, 0, 0, 0, 0, 0]
[23:16:14.095] RX[COM9]  f0
[23:16:14.099] RX[COM9]  fb 00 08 5c e3 00 00 00 00 00 00 0a
[23:16:14.101] PACKET[COM9] ground_station_status: rssi=-5, uptime=548067, reserved=[0, 0, 0, 0, 0, 0]
[23:16:15.107] RX[COM9]  f0
[23:16:15.109] RX[COM9]  fb 00 08 60 cb 00 00 00 00 00 00 0a
[23:16:15.112] PACKET[COM9] ground_station_status: rssi=-5, uptime=549067, reserved=[0, 0, 0, 0, 0, 0]
[23:16:16.120] RX[COM9]  f0
[23:16:16.123] RX[COM9]  fb 00 08 64 b3 00 00 00 00 00 00 0a
[23:16:16.124] PACKET[COM9] ground_station_status: rssi=-5, uptime=550067, reserved=[0, 0, 0, 0, 0, 0]
[23:16:17.134] RX[COM9]  f0
[23:16:17.142] RX[COM9]  fb 00 08 68 9b 00 00 00 00 00 00 0a
[23:16:17.145] PACKET[COM9] ground_station_status: rssi=-5, uptime=551067, reserved=[0, 0, 0, 0, 0, 0]
[23:16:18.128] RX[COM9]  f0
[23:16:18.130] RX[COM9]  fb 00 08 6c 83 00 00 00 00 00 00 0a
[23:16:18.132] PACKET[COM9] ground_station_status: rssi=-5, uptime=552067, reserved=[0, 0, 0, 0, 0, 0]
[23:16:19.146] RX[COM9]  f0
[23:16:19.152] RX[COM9]  fb 00 08 70 6b 00 00 00 00 00 00 0a
[23:16:19.156] PACKET[COM9] ground_station_status: rssi=-5, uptime=553067, reserved=[0, 0, 0, 0, 0, 0]
[23:16:20.095] RX[COM9]  f0
[23:16:20.097] RX[COM9]  fb 00 08 74 53 00 00 00 00 00 00 0a
[23:16:20.099] PACKET[COM9] ground_station_status: rssi=-5, uptime=554067, reserved=[0, 0, 0, 0, 0, 0]
[23:16:21.107] RX[COM9]  f0
[23:16:21.108] RX[COM9]  fb 00 08 78 3b 00 00 00 00 00 00 0a
[23:16:21.109] PACKET[COM9] ground_station_status: rssi=-5, uptime=555067, reserved=[0, 0, 0, 0, 0, 0]
[23:16:22.121] RX[COM9]  f0
[23:16:22.122] RX[COM9]  fb 00 08 7c 23 00 00 00 00 00 00 0a
[23:16:22.123] PACKET[COM9] ground_station_status: rssi=-5, uptime=556067, reserved=[0, 0, 0, 0, 0, 0]
[23:16:23.134] RX[COM9]  f0
[23:16:23.135] RX[COM9]  fb 00 08 80 0b 00 00 00 00 00 00 0a
[23:16:23.137] PACKET[COM9] ground_station_status: rssi=-5, uptime=557067, reserved=[0, 0, 0, 0, 0, 0]
[23:16:24.096] RX[COM9]  f0
[23:16:24.100] RX[COM9]  fb 00 08 83 f3 00 00 00 00 00 00 0a
[23:16:24.102] PACKET[COM9] ground_station_status: rssi=-5, uptime=558067, reserved=[0, 0, 0, 0, 0, 0]
[23:16:25.108] RX[COM9]  f0
[23:16:25.110] RX[COM9]  fb 00 08 87 db 00 00 00 00 00 00 0a
[23:16:25.113] PACKET[COM9] ground_station_status: rssi=-5, uptime=559067, reserved=[0, 0, 0, 0, 0, 0]
[23:16:26.119] RX[COM9]  f0
[23:16:26.121] RX[COM9]  fb 00 08 8b c3 00 00 00 00 00 00 0a
[23:16:26.123] PACKET[COM9] ground_station_status: rssi=-5, uptime=560067, reserved=[0, 0, 0, 0, 0, 0]
[23:16:27.135] RX[COM9]  f0
[23:16:27.138] RX[COM9]  fb 00 08 8f ab 00 00 00 00 00 00 0a
[23:16:27.140] PACKET[COM9] ground_station_status: rssi=-5, uptime=561067, reserved=[0, 0, 0, 0, 0, 0]
[23:16:28.150] RX[COM9]  f0
[23:16:28.157] RX[COM9]  fb 00 08 93 93 00 00 00 00 00 00 0a
[23:16:28.161] PACKET[COM9] ground_station_status: rssi=-5, uptime=562067, reserved=[0, 0, 0, 0, 0, 0]
[23:16:29.105] RX[COM9]  f0
[23:16:29.107] RX[COM9]  fb 00 08 97 7b 00 00 00 00 00 00 0a
[23:16:29.108] PACKET[COM9] ground_station_status: rssi=-5, uptime=563067, reserved=[0, 0, 0, 0, 0, 0]
[23:16:30.115] RX[COM9]  f0
[23:16:30.116] RX[COM9]  fb 00 08 9b 63 00 00 00 00 00 00 0a
[23:16:30.117] PACKET[COM9] ground_station_status: rssi=-5, uptime=564067, reserved=[0, 0, 0, 0, 0, 0]
[23:16:31.121] RX[COM9]  f0
[23:16:31.123] RX[COM9]  fb 00 08 9f 4b 00 00 00 00 00 00 0a
[23:16:31.125] PACKET[COM9] ground_station_status: rssi=-5, uptime=565067, reserved=[0, 0, 0, 0, 0, 0]
[23:16:32.132] RX[COM9]  f0
[23:16:32.133] RX[COM9]  fb 00 08 a3 33 00 00 00 00 00 00 0a
[23:16:32.135] PACKET[COM9] ground_station_status: rssi=-5, uptime=566067, reserved=[0, 0, 0, 0, 0, 0]
[23:16:33.140] RX[COM9]  f0
[23:16:33.142] RX[COM9]  fb 00 08 a7 1b 00 00 00 00 00 00 0a
[23:16:33.144] PACKET[COM9] ground_station_status: rssi=-5, uptime=567067, reserved=[0, 0, 0, 0, 0, 0]
[23:16:34.096] RX[COM9]  f0
[23:16:34.098] RX[COM9]  fb 00 08 ab 03 00 00 00 00 00 00 0a
[23:16:34.100] PACKET[COM9] ground_station_status: rssi=-5, uptime=568067, reserved=[0, 0, 0, 0, 0, 0]
[23:16:35.107] RX[COM9]  f0
[23:16:35.109] RX[COM9]  fb 00 08 ae eb 00 00 00 00 00 00 0a
[23:16:35.111] PACKET[COM9] ground_station_status: rssi=-5, uptime=569067, reserved=[0, 0, 0, 0, 0, 0]
[23:16:36.119] RX[COM9]  f0
[23:16:36.121] RX[COM9]  fb 00 08 b2 d3 00 00 00 00 00 00 0a
[23:16:36.123] PACKET[COM9] ground_station_status: rssi=-5, uptime=570067, reserved=[0, 0, 0, 0, 0, 0]
[23:16:37.133] RX[COM9]  f0
[23:16:37.137] RX[COM9]  fb 00 08 b6 bb 00 00 00 00 00 00 0a
[23:16:37.138] PACKET[COM9] ground_station_status: rssi=-5, uptime=571067, reserved=[0, 0, 0, 0, 0, 0]
[23:16:38.146] RX[COM9]  f0
[23:16:38.153] RX[COM9]  fb 00 08 ba a3 00 00 00 00 00 00 0a
[23:16:38.157] PACKET[COM9] ground_station_status: rssi=-5, uptime=572067, reserved=[0, 0, 0, 0, 0, 0]
[23:16:39.100] RX[COM9]  f0
[23:16:39.101] RX[COM9]  fb 00 08 be 8b 00 00 00 00 00 00 0a
[23:16:39.103] PACKET[COM9] ground_station_status: rssi=-5, uptime=573067, reserved=[0, 0, 0, 0, 0, 0]
[23:16:40.121] RX[COM9]  f0
[23:16:40.122] RX[COM9]  fb 00 08 c2 73 00 00 00 00 00 00 0a
[23:16:40.123] PACKET[COM9] ground_station_status: rssi=-5, uptime=574067, reserved=[0, 0, 0, 0, 0, 0]
[23:16:41.099] RX[COM9]  f0
[23:16:41.100] RX[COM9]  fb 00 08 c6 5b 00 00 00 00 00 00 0a
[23:16:41.102] PACKET[COM9] ground_station_status: rssi=-5, uptime=575067, reserved=[0, 0, 0, 0, 0, 0]
[23:16:42.113] RX[COM9]  f0
[23:16:42.114] RX[COM9]  fb 00 08 ca 43 00 00 00 00 00 00 0a
[23:16:42.115] PACKET[COM9] ground_station_status: rssi=-5, uptime=576067, reserved=[0, 0, 0, 0, 0, 0]
[23:16:43.129] RX[COM9]  f0
[23:16:43.137] RX[COM9]  fb 00 08 ce 2b 00 00 00 00 00 00 0a
[23:16:43.139] PACKET[COM9] ground_station_status: rssi=-5, uptime=577067, reserved=[0, 0, 0, 0, 0, 0]
[23:16:44.151] RX[COM9]  f0
[23:16:44.157] RX[COM9]  fb 00 08 d2 13 00 00 00 00 00 00 0a
[23:16:44.167] PACKET[COM9] ground_station_status: rssi=-5, uptime=578067, reserved=[0, 0, 0, 0, 0, 0]
[23:16:45.101] RX[COM9]  f0
[23:16:45.103] RX[COM9]  fb 00 08 d5 fb 00 00 00 00 00 00 0a
[23:16:45.104] PACKET[COM9] ground_station_status: rssi=-5, uptime=579067, reserved=[0, 0, 0, 0, 0, 0]
[23:16:46.109] RX[COM9]  f0
[23:16:46.110] RX[COM9]  fb 00 08 d9 e3 00 00 00 00 00 00 0a
[23:16:46.112] PACKET[COM9] ground_station_status: rssi=-5, uptime=580067, reserved=[0, 0, 0, 0, 0, 0]
[23:16:47.124] RX[COM9]  f0
[23:16:47.128] RX[COM9]  fb 00 08 dd cb 00 00 00 00 00 00 0a
[23:16:47.131] PACKET[COM9] ground_station_status: rssi=-5, uptime=581067, reserved=[0, 0, 0, 0, 0, 0]
[23:16:48.121] RX[COM9]  f0
[23:16:48.123] RX[COM9]  fb 00 08 e1 b3 00 00 00 00 00 00 0a
[23:16:48.126] PACKET[COM9] ground_station_status: rssi=-5, uptime=582067, reserved=[0, 0, 0, 0, 0, 0]
[23:16:49.135] RX[COM9]  f0
[23:16:49.138] RX[COM9]  fb 00 08 e5 9b 00 00 00 00 00 00 0a
[23:16:49.139] PACKET[COM9] ground_station_status: rssi=-5, uptime=583067, reserved=[0, 0, 0, 0, 0, 0]
[23:16:50.147] RX[COM9]  f0
[23:16:50.155] RX[COM9]  fb 00 08 e9 83 00 00 00 00 00 00 0a
[23:16:50.158] PACKET[COM9] ground_station_status: rssi=-5, uptime=584067, reserved=[0, 0, 0, 0, 0, 0]
[23:16:51.095] RX[COM9]  f0
[23:16:51.097] RX[COM9]  fb 00 08 ed 6b 00 00 00 00 00 00 0a
[23:16:51.099] PACKET[COM9] ground_station_status: rssi=-5, uptime=585067, reserved=[0, 0, 0, 0, 0, 0]
[23:16:52.099] RX[COM9]  f0
[23:16:52.100] RX[COM9]  fb 00 08 f1 53 00 00 00 00 00 00 0a
[23:16:52.102] PACKET[COM9] ground_station_status: rssi=-5, uptime=586067, reserved=[0, 0, 0, 0, 0, 0]
[23:16:53.095] RX[COM9]  f0
[23:16:53.096] RX[COM9]  fb 00 08 f5 3b 00 00 00 00 00 00 0a
[23:16:53.099] PACKET[COM9] ground_station_status: rssi=-5, uptime=587067, reserved=[0, 0, 0, 0, 0, 0]
[23:16:54.105] RX[COM9]  f0
[23:16:54.106] RX[COM9]  fb 00 08 f9 23 00 00 00 00 00 00 0a
[23:16:54.108] PACKET[COM9] ground_station_status: rssi=-5, uptime=588067, reserved=[0, 0, 0, 0, 0, 0]
[23:16:55.130] RX[COM9]  f0
[23:16:55.131] RX[COM9]  fb 00 08 fd 0b 00 00 00 00 00 00 0a
[23:16:55.136] PACKET[COM9] ground_station_status: rssi=-5, uptime=589067, reserved=[0, 0, 0, 0, 0, 0]
[23:16:56.136] RX[COM9]  f0
[23:16:56.137] RX[COM9]  fb 00 09 00 f3 00 00 00 00 00 00 0a
[23:16:56.139] PACKET[COM9] ground_station_status: rssi=-5, uptime=590067, reserved=[0, 0, 0, 0, 0, 0]
[23:16:57.097] RX[COM9]  f0
[23:16:57.099] RX[COM9]  fb 00 09 04 db 00 00 00 00 00 00 0a
[23:16:57.105] PACKET[COM9] ground_station_status: rssi=-5, uptime=591067, reserved=[0, 0, 0, 0, 0, 0]
[23:16:58.107] RX[COM9]  f0
[23:16:58.109] RX[COM9]  fb 00 09 08 c3 00 00 00 00 00 00 0a
[23:16:58.110] PACKET[COM9] ground_station_status: rssi=-5, uptime=592067, reserved=[0, 0, 0, 0, 0, 0]
[23:16:59.107] RX[COM9]  f0
[23:16:59.109] RX[COM9]  fb 00 09 0c ab 00 00 00 00 00 00 0a
[23:16:59.111] PACKET[COM9] ground_station_status: rssi=-5, uptime=593067, reserved=[0, 0, 0, 0, 0, 0]
[23:17:00.114] RX[COM9]  f0
[23:17:00.116] RX[COM9]  fb 00 09 10 93 00 00 00 00 00 00 0a
[23:17:00.117] PACKET[COM9] ground_station_status: rssi=-5, uptime=594067, reserved=[0, 0, 0, 0, 0, 0]
[23:17:01.120] RX[COM9]  f0
[23:17:01.123] RX[COM9]  fb 00 09 14 7b 00 00 00 00 00 00 0a
[23:17:01.125] PACKET[COM9] ground_station_status: rssi=-5, uptime=595067, reserved=[0, 0, 0, 0, 0, 0]
[23:17:02.121] RX[COM9]  f0
[23:17:02.123] RX[COM9]  fb 00 09 18 63 00 00 00 00 00 00 0a
[23:17:02.125] PACKET[COM9] ground_station_status: rssi=-5, uptime=596067, reserved=[0, 0, 0, 0, 0, 0]
[23:17:03.122] RX[COM9]  f0
[23:17:03.123] RX[COM9]  fb 00 09 1c 4b 00 00 00 00 00 00 0a
[23:17:03.125] PACKET[COM9] ground_station_status: rssi=-5, uptime=597067, reserved=[0, 0, 0, 0, 0, 0]
[23:17:04.130] RX[COM9]  f0
[23:17:04.133] RX[COM9]  fb 00 09 20 33 00 00 00 00 00 00 0a
[23:17:04.135] PACKET[COM9] ground_station_status: rssi=-5, uptime=598067, reserved=[0, 0, 0, 0, 0, 0]
[23:17:05.132] RX[COM9]  f0
[23:17:05.135] RX[COM9]  fb 00 09 24 1b 00 00 00 00 00 00 0a
[23:17:05.137] PACKET[COM9] ground_station_status: rssi=-5, uptime=599067, reserved=[0, 0, 0, 0, 0, 0]
[23:17:06.143] RX[COM9]  f0
[23:17:06.147] RX[COM9]  fb 00 09 28 03 00 00 00 00 00 00 0a
[23:17:06.150] PACKET[COM9] ground_station_status: rssi=-5, uptime=600067, reserved=[0, 0, 0, 0, 0, 0]
[23:17:07.130] RX[COM9]  f0
[23:17:07.132] RX[COM9]  fb 00 09 2b eb 00 00 00 00 00 00 0a
[23:17:07.134] PACKET[COM9] ground_station_status: rssi=-5, uptime=601067, reserved=[0, 0, 0, 0, 0, 0]
[23:17:08.113] RX[COM9]  f0
[23:17:08.115] RX[COM9]  fb 00 09 2f d3 00 00 00 00 00 00 0a
[23:17:08.117] PACKET[COM9] ground_station_status: rssi=-5, uptime=602067, reserved=[0, 0, 0, 0, 0, 0]
[23:17:09.108] RX[COM9]  f0
[23:17:09.109] RX[COM9]  fb 00 09 33 bb 00 00 00 00 00 00 0a
[23:17:09.111] PACKET[COM9] ground_station_status: rssi=-5, uptime=603067, reserved=[0, 0, 0, 0, 0, 0]
[23:17:10.111] RX[COM9]  f0
[23:17:10.112] RX[COM9]  fb 00 09 37 a3 00 00 00 00 00 00 0a
[23:17:10.113] PACKET[COM9] ground_station_status: rssi=-5, uptime=604067, reserved=[0, 0, 0, 0, 0, 0]
[23:17:11.128] RX[COM9]  f0
[23:17:11.128] RX[COM9]  fb 00 09 3b 8b 00 00 00 00 00 00 0a
[23:17:11.129] PACKET[COM9] ground_station_status: rssi=-5, uptime=605067, reserved=[0, 0, 0, 0, 0, 0]
[23:17:12.135] RX[COM9]  f0
[23:17:12.137] RX[COM9]  fb 00 09 3f 73 00 00 00 00 00 00 0a
[23:17:12.138] PACKET[COM9] ground_station_status: rssi=-5, uptime=606067, reserved=[0, 0, 0, 0, 0, 0]
[23:17:13.099] RX[COM9]  f0
[23:17:13.103] RX[COM9]  fb 00 09 43 5b 00 00 00 00 00 00 0a
[23:17:13.104] PACKET[COM9] ground_station_status: rssi=-5, uptime=607067, reserved=[0, 0, 0, 0, 0, 0]
[23:17:14.110] RX[COM9]  f0
[23:17:14.113] RX[COM9]  fb 00 09 47 43 00 00 00 00 00 00 0a
[23:17:14.118] PACKET[COM9] ground_station_status: rssi=-5, uptime=608067, reserved=[0, 0, 0, 0, 0, 0]
[23:17:15.122] RX[COM9]  f0
[23:17:15.124] RX[COM9]  fb 00 09 4b 2b 00 00 00 00 00 00 0a
[23:17:15.125] PACKET[COM9] ground_station_status: rssi=-5, uptime=609067, reserved=[0, 0, 0, 0, 0, 0]
[23:17:16.136] RX[COM9]  f0
[23:17:16.138] RX[COM9]  fb 00 09 4f 13 00 00 00 00 00 00 0a
[23:17:16.139] PACKET[COM9] ground_station_status: rssi=-5, uptime=610067, reserved=[0, 0, 0, 0, 0, 0]
[23:17:17.150] RX[COM9]  f0
[23:17:17.151] RX[COM9]  fb 00 09 52 fb 00 00 00 00 00 00 0a
[23:17:17.155] PACKET[COM9] ground_station_status: rssi=-5, uptime=611067, reserved=[0, 0, 0, 0, 0, 0]
[23:17:18.101] RX[COM9]  f0
[23:17:18.102] RX[COM9]  fb 00 09 56 e3 00 00 00 00 00 00 0a
[23:17:18.102] PACKET[COM9] ground_station_status: rssi=-5, uptime=612067, reserved=[0, 0, 0, 0, 0, 0]
[23:17:19.110] RX[COM9]  f0
[23:17:19.111] RX[COM9]  fb 00 09 5a cb 00 00 00 00 00 00 0a
[23:17:19.111] PACKET[COM9] ground_station_status: rssi=-5, uptime=613067, reserved=[0, 0, 0, 0, 0, 0]
[23:17:20.114] RX[COM9]  f0
[23:17:20.114] RX[COM9]  fb 00 09 5e b3 00 00 00 00 00 00 0a
[23:17:20.115] PACKET[COM9] ground_station_status: rssi=-5, uptime=614067, reserved=[0, 0, 0, 0, 0, 0]
[23:17:21.122] RX[COM9]  f0
[23:17:21.123] RX[COM9]  fb 00 09 62 9b 00 00 00 00 00 00 0a
[23:17:21.124] PACKET[COM9] ground_station_status: rssi=-5, uptime=615067, reserved=[0, 0, 0, 0, 0, 0]
[23:17:22.130] RX[COM9]  f0
[23:17:22.133] RX[COM9]  fb 00 09 66 83 00 00 00 00 00 00 0a
[23:17:22.135] PACKET[COM9] ground_station_status: rssi=-5, uptime=616067, reserved=[0, 0, 0, 0, 0, 0]
[23:17:23.136] RX[COM9]  f0
[23:17:23.138] RX[COM9]  fb 00 09 6a 6b 00 00 00 00 00 00 0a
[23:17:23.139] PACKET[COM9] ground_station_status: rssi=-5, uptime=617067, reserved=[0, 0, 0, 0, 0, 0]
[23:17:24.144] RX[COM9]  f0
[23:17:24.146] RX[COM9]  fb 00 09 6e 53 00 00 00 00 00 00 0a
[23:17:24.148] PACKET[COM9] ground_station_status: rssi=-5, uptime=618067, reserved=[0, 0, 0, 0, 0, 0]
[23:17:25.105] RX[COM9]  f0
[23:17:25.106] RX[COM9]  fb 00 09 72 3b 00 00 00 00 00 00 0a
[23:17:25.108] PACKET[COM9] ground_station_status: rssi=-5, uptime=619067, reserved=[0, 0, 0, 0, 0, 0]
[23:17:26.117] RX[COM9]  f0
[23:17:26.119] RX[COM9]  fb 00 09 76 23 00 00 00 00 00 00 0a
[23:17:26.121] PACKET[COM9] ground_station_status: rssi=-5, uptime=620067, reserved=[0, 0, 0, 0, 0, 0]
[23:17:27.129] RX[COM9]  f0
[23:17:27.135] RX[COM9]  fb 00 09 7a 0b 00 00 00 00 00 00 0a
[23:17:27.137] PACKET[COM9] ground_station_status: rssi=-5, uptime=621067, reserved=[0, 0, 0, 0, 0, 0]
[23:17:28.124] RX[COM9]  f0
[23:17:28.131] RX[COM9]  fb 00 09 7d f3 00 00 00 00 00 00 0a
[23:17:28.133] PACKET[COM9] ground_station_status: rssi=-5, uptime=622067, reserved=[0, 0, 0, 0, 0, 0]
[23:17:29.145] RX[COM9]  f0
[23:17:29.153] RX[COM9]  fb 00 09 81 db 00 00 00 00 00 00 0a
[23:17:29.158] PACKET[COM9] ground_station_status: rssi=-5, uptime=623067, reserved=[0, 0, 0, 0, 0, 0]
[23:17:30.151] RX[COM9]  f0
[23:17:30.158] RX[COM9]  fb 00 09 85 c3 00 00 00 00 00 00 0a
[23:17:30.161] PACKET[COM9] ground_station_status: rssi=-5, uptime=624067, reserved=[0, 0, 0, 0, 0, 0]
[23:17:31.098] RX[COM9]  f0
[23:17:31.101] RX[COM9]  fb 00 09 89 ab 00 00 00 00 00 00 0a
[23:17:31.103] PACKET[COM9] ground_station_status: rssi=-5, uptime=625067, reserved=[0, 0, 0, 0, 0, 0]
[23:17:32.116] RX[COM9]  f0
[23:17:32.117] RX[COM9]  fb 00 09 8d 93 00 00 00 00 00 00 0a
[23:17:32.119] PACKET[COM9] ground_station_status: rssi=-5, uptime=626067, reserved=[0, 0, 0, 0, 0, 0]
[23:17:33.117] RX[COM9]  f0
[23:17:33.118] RX[COM9]  fb 00 09 91 7b 00 00 00 00 00 00 0a
[23:17:33.120] PACKET[COM9] ground_station_status: rssi=-5, uptime=627067, reserved=[0, 0, 0, 0, 0, 0]
[23:17:34.126] RX[COM9]  f0
[23:17:34.127] RX[COM9]  fb 00 09 95 63 00 00 00 00 00 00 0a
[23:17:34.129] PACKET[COM9] ground_station_status: rssi=-5, uptime=628067, reserved=[0, 0, 0, 0, 0, 0]
[23:17:35.138] RX[COM9]  f0
[23:17:35.139] RX[COM9]  fb 00 09 99 4b 00 00 00 00 00 00 0a
[23:17:35.140] PACKET[COM9] ground_station_status: rssi=-5, uptime=629067, reserved=[0, 0, 0, 0, 0, 0]
[23:17:36.144] RX[COM9]  f0
[23:17:36.146] RX[COM9]  fb 00 09 9d 33 00 00 00 00 00 00 0a
[23:17:36.148] PACKET[COM9] ground_station_status: rssi=-5, uptime=630067, reserved=[0, 0, 0, 0, 0, 0]
[23:17:37.108] RX[COM9]  f0
[23:17:37.113] RX[COM9]  fb 00 09 a1 1b 00 00 00 00 00 00 0a
[23:17:37.115] PACKET[COM9] ground_station_status: rssi=-5, uptime=631067, reserved=[0, 0, 0, 0, 0, 0]
[23:17:38.121] RX[COM9]  f0
[23:17:38.122] RX[COM9]  fb 00 09 a5 03 00 00 00 00 00 00 0a
[23:17:38.124] PACKET[COM9] ground_station_status: rssi=-5, uptime=632067, reserved=[0, 0, 0, 0, 0, 0]
[23:17:39.129] RX[COM9]  f0
[23:17:39.131] RX[COM9]  fb 00 09 a8 eb 00 00 00 00 00 00 0a
[23:17:39.133] PACKET[COM9] ground_station_status: rssi=-5, uptime=633067, reserved=[0, 0, 0, 0, 0, 0]
[23:17:40.141] RX[COM9]  f0
[23:17:40.146] RX[COM9]  fb 00 09 ac d3 00 00 00 00 00 00 0a
[23:17:40.149] PACKET[COM9] ground_station_status: rssi=-5, uptime=634067, reserved=[0, 0, 0, 0, 0, 0]
[23:17:41.145] RX[COM9]  f0
[23:17:41.153] RX[COM9]  fb 00 09 b0 bb 00 00 00 00 00 00 0a
[23:17:41.158] PACKET[COM9] ground_station_status: rssi=-5, uptime=635067, reserved=[0, 0, 0, 0, 0, 0]
[23:17:42.100] RX[COM9]  f0
[23:17:42.102] RX[COM9]  fb 00 09 b4 a3 00 00 00 00 00 00 0a
[23:17:42.103] PACKET[COM9] ground_station_status: rssi=-5, uptime=636067, reserved=[0, 0, 0, 0, 0, 0]
[23:17:43.106] RX[COM9]  f0
[23:17:43.116] RX[COM9]  fb 00 09 b8 8b 00 00 00 00 00 00 0a
[23:17:43.118] PACKET[COM9] ground_station_status: rssi=-5, uptime=637067, reserved=[0, 0, 0, 0, 0, 0]
[23:17:44.110] RX[COM9]  f0
[23:17:44.112] RX[COM9]  fb 00 09 bc 73 00 00 00 00 00 00 0a
[23:17:44.114] PACKET[COM9] ground_station_status: rssi=-5, uptime=638067, reserved=[0, 0, 0, 0, 0, 0]
[23:17:45.120] RX[COM9]  f0
[23:17:45.121] RX[COM9]  fb 00 09 c0 5b 00 00 00 00 00 00 0a
[23:17:45.123] PACKET[COM9] ground_station_status: rssi=-5, uptime=639067, reserved=[0, 0, 0, 0, 0, 0]
[23:17:46.129] RX[COM9]  f0
[23:17:46.130] RX[COM9]  fb 00 09 c4 43 00 00 00 00 00 00 0a
[23:17:46.133] PACKET[COM9] ground_station_status: rssi=-5, uptime=640067, reserved=[0, 0, 0, 0, 0, 0]
[23:17:47.124] RX[COM9]  f0
[23:17:47.125] RX[COM9]  fb 00 09 c8 2b 00 00 00 00 00 00 0a
[23:17:47.126] PACKET[COM9] ground_station_status: rssi=-5, uptime=641067, reserved=[0, 0, 0, 0, 0, 0]
[23:17:48.131] RX[COM9]  f0
[23:17:48.133] RX[COM9]  fb 00 09 cc 13 00 00 00 00 00 00 0a
[23:17:48.135] PACKET[COM9] ground_station_status: rssi=-5, uptime=642067, reserved=[0, 0, 0, 0, 0, 0]
[23:17:49.140] RX[COM9]  f0
[23:17:49.142] RX[COM9]  fb 00 09 cf fb 00 00 00 00 00 00 0a
[23:17:49.143] PACKET[COM9] ground_station_status: rssi=-5, uptime=643067, reserved=[0, 0, 0, 0, 0, 0]
[23:17:50.145] RX[COM9]  f0
[23:17:50.146] RX[COM9]  fb 00 09 d3 e3 00 00 00 00 00 00 0a
[23:17:50.152] PACKET[COM9] ground_station_status: rssi=-5, uptime=644067, reserved=[0, 0, 0, 0, 0, 0]
[23:17:51.104] RX[COM9]  f0
[23:17:51.106] RX[COM9]  fb 00 09 d7 cb 00 00 00 00 00 00 0a
[23:17:51.108] PACKET[COM9] ground_station_status: rssi=-5, uptime=645067, reserved=[0, 0, 0, 0, 0, 0]
[23:17:52.099] RX[COM9]  f0
[23:17:52.101] RX[COM9]  fb 00 09 db b3 00 00 00 00 00 00 0a
[23:17:52.102] PACKET[COM9] ground_station_status: rssi=-5, uptime=646067, reserved=[0, 0, 0, 0, 0, 0]
[23:17:53.110] RX[COM9]  f0
[23:17:53.114] RX[COM9]  fb 00 09 df 9b 00 00 00 00 00 00 0a
[23:17:53.116] PACKET[COM9] ground_station_status: rssi=-5, uptime=647067, reserved=[0, 0, 0, 0, 0, 0]
[23:17:54.122] RX[COM9]  f0
[23:17:54.123] RX[COM9]  fb 00 09 e3 83 00 00 00 00 00 00 0a
[23:17:54.125] PACKET[COM9] ground_station_status: rssi=-5, uptime=648067, reserved=[0, 0, 0, 0, 0, 0]
[23:17:55.130] RX[COM9]  f0
[23:17:55.134] RX[COM9]  fb 00 09 e7 6b 00 00 00 00 00 00 0a
[23:17:55.136] PACKET[COM9] ground_station_status: rssi=-5, uptime=649067, reserved=[0, 0, 0, 0, 0, 0]
[23:17:56.140] RX[COM9]  f0
[23:17:56.143] RX[COM9]  fb 00 09 eb 53 00 00 00 00 00 00 0a
[23:17:56.146] PACKET[COM9] ground_station_status: rssi=-5, uptime=650067, reserved=[0, 0, 0, 0, 0, 0]
[23:17:57.146] RX[COM9]  f0
[23:17:57.152] RX[COM9]  fb 00 09 ef 3b 00 00 00 00 00 00 0a
[23:17:57.154] PACKET[COM9] ground_station_status: rssi=-5, uptime=651067, reserved=[0, 0, 0, 0, 0, 0]
[23:17:58.099] RX[COM9]  f0
[23:17:58.101] RX[COM9]  fb 00 09 f3 23 00 00 00 00 00 00 0a
[23:17:58.105] PACKET[COM9] ground_station_status: rssi=-5, uptime=652067, reserved=[0, 0, 0, 0, 0, 0]
[23:17:59.110] RX[COM9]  f0
[23:17:59.111] RX[COM9]  fb 00 09 f7 0b 00 00 00 00 00 00 0a
[23:17:59.112] PACKET[COM9] ground_station_status: rssi=-5, uptime=653067, reserved=[0, 0, 0, 0, 0, 0]
[23:18:00.105] RX[COM9]  f0
[23:18:00.106] RX[COM9]  fb 00 09 fa f3 00 00 00 00 00 00 0a
[23:18:00.107] PACKET[COM9] ground_station_status: rssi=-5, uptime=654067, reserved=[0, 0, 0, 0, 0, 0]
[23:18:01.112] RX[COM9]  f0
[23:18:01.113] RX[COM9]  fb 00 09 fe db 00 00 00 00 00 00 0a
[23:18:01.114] PACKET[COM9] ground_station_status: rssi=-5, uptime=655067, reserved=[0, 0, 0, 0, 0, 0]
[23:18:02.106] RX[COM9]  f0
[23:18:02.106] RX[COM9]  fb 00 0a 02 c3 00 00 00 00 00 00 0a
[23:18:02.107] PACKET[COM9] ground_station_status: rssi=-5, uptime=656067, reserved=[0, 0, 0, 0, 0, 0]
[23:18:03.114] RX[COM9]  f0
[23:18:03.115] RX[COM9]  fb 00 0a 06 ab 00 00 00 00 00 00 0a
[23:18:03.116] PACKET[COM9] ground_station_status: rssi=-5, uptime=657067, reserved=[0, 0, 0, 0, 0, 0]
[23:18:04.110] RX[COM9]  f0
[23:18:04.111] RX[COM9]  fb 00 0a 0a 93 00 00 00 00 00 00 0a
[23:18:04.112] PACKET[COM9] ground_station_status: rssi=-5, uptime=658067, reserved=[0, 0, 0, 0, 0, 0]
[23:18:05.146] RX[COM9]  f0
[23:18:05.147] RX[COM9]  fb 00 0a 0e 7b 00 00 00 00 00 00 0a
[23:18:05.149] PACKET[COM9] ground_station_status: rssi=-5, uptime=659067, reserved=[0, 0, 0, 0, 0, 0]
[23:18:06.133] RX[COM9]  f0
[23:18:06.133] RX[COM9]  fb 00 0a 12 63 00 00 00 00 00 00 0a
[23:18:06.134] PACKET[COM9] ground_station_status: rssi=-5, uptime=660067, reserved=[0, 0, 0, 0, 0, 0]
[23:18:07.143] RX[COM9]  f0
[23:18:07.143] RX[COM9]  fb 00 0a 16 4b 00 00 00 00 00 00 0a
[23:18:07.144] PACKET[COM9] ground_station_status: rssi=-5, uptime=661067, reserved=[0, 0, 0, 0, 0, 0]
[23:18:08.143] RX[COM9]  f0
[23:18:08.143] RX[COM9]  fb 00 0a 1a 33 00 00 00 00 00 00 0a
[23:18:08.144] PACKET[COM9] ground_station_status: rssi=-5, uptime=662067, reserved=[0, 0, 0, 0, 0, 0]
[23:18:09.103] RX[COM9]  f0
[23:18:09.104] RX[COM9]  fb 00 0a 1e 1b 00 00 00 00 00 00 0a
[23:18:09.105] PACKET[COM9] ground_station_status: rssi=-5, uptime=663067, reserved=[0, 0, 0, 0, 0, 0]
[23:18:10.115] RX[COM9]  f0
[23:18:10.120] RX[COM9]  fb 00 0a 22 03 00 00 00 00 00 00 0a
[23:18:10.120] PACKET[COM9] ground_station_status: rssi=-5, uptime=664067, reserved=[0, 0, 0, 0, 0, 0]
[23:18:11.111] RX[COM9]  f0
[23:18:11.116] RX[COM9]  fb 00 0a 25 eb 00 00 00 00 00 00 0a
[23:18:11.117] PACKET[COM9] ground_station_status: rssi=-5, uptime=665067, reserved=[0, 0, 0, 0, 0, 0]
[23:18:12.109] RX[COM9]  f0
[23:18:12.111] RX[COM9]  fb 00 0a 29 d3 00 00 00 00 00 00 0a
[23:18:12.113] PACKET[COM9] ground_station_status: rssi=-5, uptime=666067, reserved=[0, 0, 0, 0, 0, 0]
[23:18:13.124] RX[COM9]  f0
[23:18:13.126] RX[COM9]  fb 00 0a 2d bb 00 00 00 00 00 00 0a
[23:18:13.128] PACKET[COM9] ground_station_status: rssi=-5, uptime=667067, reserved=[0, 0, 0, 0, 0, 0]
[23:18:14.122] RX[COM9]  f0
[23:18:14.124] RX[COM9]  fb 00 0a 31 a3 00 00 00 00 00 00 0a
[23:18:14.126] PACKET[COM9] ground_station_status: rssi=-5, uptime=668067, reserved=[0, 0, 0, 0, 0, 0]
[23:18:15.146] RX[COM9]  f0
[23:18:15.148] RX[COM9]  fb 00 0a 35 8b 00 00 00 00 00 00 0a
[23:18:15.150] PACKET[COM9] ground_station_status: rssi=-5, uptime=669067, reserved=[0, 0, 0, 0, 0, 0]
[23:18:16.157] RX[COM9]  f0
[23:18:16.160] RX[COM9]  fb 00 0a 39 73 00 00 00 00 00 00 0a
[23:18:16.162] PACKET[COM9] ground_station_status: rssi=-5, uptime=670067, reserved=[0, 0, 0, 0, 0, 0]
[23:18:17.114] RX[COM9]  f0
[23:18:17.115] RX[COM9]  fb 00 0a 3d 5b 00 00 00 00 00 00 0a
[23:18:17.117] PACKET[COM9] ground_station_status: rssi=-5, uptime=671067, reserved=[0, 0, 0, 0, 0, 0]
[23:18:18.106] RX[COM9]  f0
[23:18:18.108] RX[COM9]  fb 00 0a 41 43 00 00 00 00 00 00 0a
[23:18:18.110] PACKET[COM9] ground_station_status: rssi=-5, uptime=672067, reserved=[0, 0, 0, 0, 0, 0]
[23:18:19.114] RX[COM9]  f0
[23:18:19.115] RX[COM9]  fb 00 0a 45 2b 00 00 00 00 00 00 0a
[23:18:19.118] PACKET[COM9] ground_station_status: rssi=-5, uptime=673067, reserved=[0, 0, 0, 0, 0, 0]
[23:18:20.128] RX[COM9]  f0
[23:18:20.129] RX[COM9]  fb 00 0a 49 13 00 00 00 00 00 00 0a
[23:18:20.132] PACKET[COM9] ground_station_status: rssi=-5, uptime=674067, reserved=[0, 0, 0, 0, 0, 0]
[23:18:21.140] RX[COM9]  f0
[23:18:21.141] RX[COM9]  fb 00 0a 4c fb 00 00 00 00 00 00 0a
[23:18:21.143] PACKET[COM9] ground_station_status: rssi=-5, uptime=675067, reserved=[0, 0, 0, 0, 0, 0]
[23:18:22.145] RX[COM9]  f0
[23:18:22.147] RX[COM9]  fb 00 0a 50 e3 00 00 00 00 00 00 0a
[23:18:22.151] PACKET[COM9] ground_station_status: rssi=-5, uptime=676067, reserved=[0, 0, 0, 0, 0, 0]
[23:18:23.146] RX[COM9]  f0
[23:18:23.147] RX[COM9]  fb 00 0a 54 cb 00 00 00 00 00 00 0a
[23:18:23.149] PACKET[COM9] ground_station_status: rssi=-5, uptime=677067, reserved=[0, 0, 0, 0, 0, 0]
[23:18:24.107] RX[COM9]  f0
[23:18:24.110] RX[COM9]  fb 00 0a 58 b3 00 00 00 00 00 00 0a
[23:18:24.112] PACKET[COM9] ground_station_status: rssi=-5, uptime=678067, reserved=[0, 0, 0, 0, 0, 0]
[23:18:25.115] RX[COM9]  f0
[23:18:25.117] RX[COM9]  fb 00 0a 5c 9b 00 00 00 00 00 00 0a
[23:18:25.119] PACKET[COM9] ground_station_status: rssi=-5, uptime=679067, reserved=[0, 0, 0, 0, 0, 0]
[23:18:26.108] RX[COM9]  f0
[23:18:26.110] RX[COM9]  fb 00 0a 60 83 00 00 00 00 00 00 0a
[23:18:26.111] PACKET[COM9] ground_station_status: rssi=-5, uptime=680067, reserved=[0, 0, 0, 0, 0, 0]
[23:18:27.122] RX[COM9]  f0
[23:18:27.126] RX[COM9]  fb 00 0a 64 6b 00 00 00 00 00 00 0a
[23:18:27.128] PACKET[COM9] ground_station_status: rssi=-5, uptime=681067, reserved=[0, 0, 0, 0, 0, 0]
[23:18:28.135] RX[COM9]  f0
[23:18:28.136] RX[COM9]  fb 00 0a 68 53 00 00 00 00 00 00 0a
[23:18:28.138] PACKET[COM9] ground_station_status: rssi=-5, uptime=682067, reserved=[0, 0, 0, 0, 0, 0]
[23:18:29.144] RX[COM9]  f0
[23:18:29.146] RX[COM9]  fb 00 0a 6c 3b 00 00 00 00 00 00 0a
[23:18:29.148] PACKET[COM9] ground_station_status: rssi=-5, uptime=683067, reserved=[0, 0, 0, 0, 0, 0]
[23:18:30.154] RX[COM9]  f0
[23:18:30.157] RX[COM9]  fb 00 0a 70 23 00 00 00 00 00 00 0a
[23:18:30.159] PACKET[COM9] ground_station_status: rssi=-5, uptime=684067, reserved=[0, 0, 0, 0, 0, 0]
[23:18:31.107] RX[COM9]  f0
[23:18:31.109] RX[COM9]  fb 00 0a 74 0b 00 00 00 00 00 00 0a
[23:18:31.110] PACKET[COM9] ground_station_status: rssi=-5, uptime=685067, reserved=[0, 0, 0, 0, 0, 0]
[23:18:32.116] RX[COM9]  f0
[23:18:32.117] RX[COM9]  fb 00 0a 77 f3 00 00 00 00 00 00 0a
[23:18:32.119] PACKET[COM9] ground_station_status: rssi=-5, uptime=686067, reserved=[0, 0, 0, 0, 0, 0]
[23:18:33.133] RX[COM9]  f0
[23:18:33.137] RX[COM9]  fb 00 0a 7b db 00 00 00 00 00 00 0a
[23:18:33.139] PACKET[COM9] ground_station_status: rssi=-5, uptime=687067, reserved=[0, 0, 0, 0, 0, 0]
[23:18:34.140] RX[COM9]  f0
[23:18:34.141] RX[COM9]  fb 00 0a 7f c3 00 00 00 00 00 00 0a
[23:18:34.144] PACKET[COM9] ground_station_status: rssi=-5, uptime=688067, reserved=[0, 0, 0, 0, 0, 0]
[23:18:35.099] RX[COM9]  f0
[23:18:35.101] RX[COM9]  fb 00 0a 83 ab 00 00 00 00 00 00 0a
[23:18:35.103] PACKET[COM9] ground_station_status: rssi=-5, uptime=689067, reserved=[0, 0, 0, 0, 0, 0]
[23:18:36.110] RX[COM9]  f0
[23:18:36.112] RX[COM9]  fb 00 0a 87 93 00 00 00 00 00 00 0a
[23:18:36.118] PACKET[COM9] ground_station_status: rssi=-5, uptime=690067, reserved=[0, 0, 0, 0, 0, 0]
[23:18:37.121] RX[COM9]  f0
[23:18:37.128] RX[COM9]  fb 00 0a 8b 7b 00 00 00 00 00 00 0a
[23:18:37.130] PACKET[COM9] ground_station_status: rssi=-5, uptime=691067, reserved=[0, 0, 0, 0, 0, 0]
[23:18:38.130] RX[COM9]  f0
[23:18:38.132] RX[COM9]  fb 00 0a 8f 63 00 00 00 00 00 00 0a
[23:18:38.134] PACKET[COM9] ground_station_status: rssi=-5, uptime=692067, reserved=[0, 0, 0, 0, 0, 0]
[23:18:39.141] RX[COM9]  f0
[23:18:39.143] RX[COM9]  fb 00 0a 93 4b 00 00 00 00 00 00 0a
[23:18:39.146] PACKET[COM9] ground_station_status: rssi=-5, uptime=693067, reserved=[0, 0, 0, 0, 0, 0]
[23:18:40.135] RX[COM9]  f0
[23:18:40.137] RX[COM9]  fb 00 0a 97 33 00 00 00 00 00 00 0a
[23:18:40.139] PACKET[COM9] ground_station_status: rssi=-5, uptime=694067, reserved=[0, 0, 0, 0, 0, 0]
[23:18:41.150] RX[COM9]  f0
[23:18:41.152] RX[COM9]  fb 00 0a 9b 1b 00 00 00 00 00 00 0a
[23:18:41.154] PACKET[COM9] ground_station_status: rssi=-5, uptime=695067, reserved=[0, 0, 0, 0, 0, 0]
[23:18:42.104] RX[COM9]  f0
[23:18:42.105] RX[COM9]  fb 00 0a 9f 03 00 00 00 00 00 00 0a
[23:18:42.106] PACKET[COM9] ground_station_status: rssi=-5, uptime=696067, reserved=[0, 0, 0, 0, 0, 0]
[23:18:43.114] RX[COM9]  f0
[23:18:43.116] RX[COM9]  fb 00 0a a2 eb 00 00 00 00 00 00 0a
[23:18:43.119] PACKET[COM9] ground_station_status: rssi=-5, uptime=697067, reserved=[0, 0, 0, 0, 0, 0]
[23:18:44.129] RX[COM9]  f0
[23:18:44.130] RX[COM9]  fb 00 0a a6 d3 00 00 00 00 00 00 0a
[23:18:44.131] PACKET[COM9] ground_station_status: rssi=-5, uptime=698067, reserved=[0, 0, 0, 0, 0, 0]
[23:18:45.143] RX[COM9]  f0
[23:18:45.144] RX[COM9]  fb 00 0a aa bb 00 00 00 00 00 00 0a
[23:18:45.146] PACKET[COM9] ground_station_status: rssi=-5, uptime=699067, reserved=[0, 0, 0, 0, 0, 0]
[23:18:46.148] RX[COM9]  f0
[23:18:46.149] RX[COM9]  fb 00 0a ae a3 00 00 00 00 00 00 0a
[23:18:46.152] PACKET[COM9] ground_station_status: rssi=-5, uptime=700067, reserved=[0, 0, 0, 0, 0, 0]
[23:18:47.103] RX[COM9]  f0
[23:18:47.107] RX[COM9]  fb 00 0a b2 8b 00 00 00 00 00 00 0a
[23:18:47.109] PACKET[COM9] ground_station_status: rssi=-5, uptime=701067, reserved=[0, 0, 0, 0, 0, 0]
[23:18:48.117] RX[COM9]  f0
[23:18:48.122] RX[COM9]  fb 00 0a b6 73 00 00 00 00 00 00 0a
[23:18:48.124] PACKET[COM9] ground_station_status: rssi=-5, uptime=702067, reserved=[0, 0, 0, 0, 0, 0]
[23:18:49.134] RX[COM9]  f0
[23:18:49.137] RX[COM9]  fb 00 0a ba 5b 00 00 00 00 00 00 0a
[23:18:49.139] PACKET[COM9] ground_station_status: rssi=-5, uptime=703067, reserved=[0, 0, 0, 0, 0, 0]
[23:18:50.147] RX[COM9]  f0
[23:18:50.150] RX[COM9]  fb 00 0a be 43 00 00 00 00 00 00 0a
[23:18:50.153] PACKET[COM9] ground_station_status: rssi=-5, uptime=704067, reserved=[0, 0, 0, 0, 0, 0]
[23:18:51.102] RX[COM9]  f0
[23:18:51.103] RX[COM9]  fb 00 0a c2 2b 00 00 00 00 00 00 0a
[23:18:51.104] PACKET[COM9] ground_station_status: rssi=-5, uptime=705067, reserved=[0, 0, 0, 0, 0, 0]
[23:18:52.113] RX[COM9]  f0
[23:18:52.114] RX[COM9]  fb 00 0a c6 13 00 00 00 00 00 00 0a
[23:18:52.116] PACKET[COM9] ground_station_status: rssi=-5, uptime=706067, reserved=[0, 0, 0, 0, 0, 0]
[23:18:53.121] RX[COM9]  f0
[23:18:53.122] RX[COM9]  fb 00 0a c9 fb 00 00 00 00 00 00 0a
[23:18:53.124] PACKET[COM9] ground_station_status: rssi=-5, uptime=707067, reserved=[0, 0, 0, 0, 0, 0]
[23:18:54.134] RX[COM9]  f0
[23:18:54.135] RX[COM9]  fb 00 0a cd e3 00 00 00 00 00 00 0a
[23:18:54.137] PACKET[COM9] ground_station_status: rssi=-5, uptime=708067, reserved=[0, 0, 0, 0, 0, 0]
[23:18:55.142] RX[COM9]  f0
[23:18:55.144] RX[COM9]  fb 00 0a d1 cb 00 00 00 00 00 00 0a
[23:18:55.147] PACKET[COM9] ground_station_status: rssi=-5, uptime=709067, reserved=[0, 0, 0, 0, 0, 0]
[23:18:56.105] RX[COM9]  f0
[23:18:56.109] RX[COM9]  fb 00 0a d5 b3 00 00 00 00 00 00 0a
[23:18:56.112] PACKET[COM9] ground_station_status: rssi=-5, uptime=710067, reserved=[0, 0, 0, 0, 0, 0]
[23:18:57.111] RX[COM9]  f0
[23:18:57.113] RX[COM9]  fb 00 0a d9 9b 00 00 00 00 00 00 0a
[23:18:57.115] PACKET[COM9] ground_station_status: rssi=-5, uptime=711067, reserved=[0, 0, 0, 0, 0, 0]
[23:18:58.120] RX[COM9]  f0
[23:18:58.122] RX[COM9]  fb 00 0a dd 83 00 00 00 00 00 00 0a
[23:18:58.123] PACKET[COM9] ground_station_status: rssi=-5, uptime=712067, reserved=[0, 0, 0, 0, 0, 0]
[23:18:59.133] RX[COM9]  f0
[23:18:59.135] RX[COM9]  fb 00 0a e1 6b 00 00 00 00 00 00 0a
[23:18:59.137] PACKET[COM9] ground_station_status: rssi=-5, uptime=713067, reserved=[0, 0, 0, 0, 0, 0]
[23:19:00.100] RX[COM9]  f0
[23:19:00.102] RX[COM9]  fb 00 0a e5 53 00 00 00 00 00 00 0a
[23:19:00.104] PACKET[COM9] ground_station_status: rssi=-5, uptime=714067, reserved=[0, 0, 0, 0, 0, 0]
[23:19:01.149] RX[COM9]  f0
[23:19:01.151] RX[COM9]  fb 00 0a e9 3b 00 00 00 00 00 00 0a
[23:19:01.153] PACKET[COM9] ground_station_status: rssi=-5, uptime=715067, reserved=[0, 0, 0, 0, 0, 0]
[23:19:02.100] RX[COM9]  f0
[23:19:02.102] RX[COM9]  fb 00 0a ed 23 00 00 00 00 00 00 0a
[23:19:02.104] PACKET[COM9] ground_station_status: rssi=-5, uptime=716067, reserved=[0, 0, 0, 0, 0, 0]
[23:19:03.113] RX[COM9]  f0
[23:19:03.114] RX[COM9]  fb 00 0a f1 0b 00 00 00 00 00 00 0a
[23:19:03.116] PACKET[COM9] ground_station_status: rssi=-5, uptime=717067, reserved=[0, 0, 0, 0, 0, 0]
[23:19:04.108] RX[COM9]  f0
[23:19:04.109] RX[COM9]  fb 00 0a f4 f3 00 00 00 00 00 00 0a
[23:19:04.110] PACKET[COM9] ground_station_status: rssi=-5, uptime=718067, reserved=[0, 0, 0, 0, 0, 0]
[23:19:05.116] RX[COM9]  f0
[23:19:05.117] RX[COM9]  fb 00 0a f8 db 00 00 00 00 00 00 0a
[23:19:05.119] PACKET[COM9] ground_station_status: rssi=-5, uptime=719067, reserved=[0, 0, 0, 0, 0, 0]
[23:19:06.127] RX[COM9]  f0
[23:19:06.128] RX[COM9]  fb 00 0a fc c3 00 00 00 00 00 00 0a
[23:19:06.131] PACKET[COM9] ground_station_status: rssi=-5, uptime=720067, reserved=[0, 0, 0, 0, 0, 0]
[23:19:07.136] RX[COM9]  f0
[23:19:07.138] RX[COM9]  fb 00 0b 00 ab 00 00 00 00 00 00 0a
[23:19:07.140] PACKET[COM9] ground_station_status: rssi=-5, uptime=721067, reserved=[0, 0, 0, 0, 0, 0]
[23:19:08.144] RX[COM9]  f0
[23:19:08.145] RX[COM9]  fb 00 0b 04 93 00 00 00 00 00 00 0a
[23:19:08.146] PACKET[COM9] ground_station_status: rssi=-5, uptime=722067, reserved=[0, 0, 0, 0, 0, 0]
[23:19:09.104] RX[COM9]  f0
[23:19:09.105] RX[COM9]  fb 00 0b 08 7b 00 00 00 00 00 00 0a
[23:19:09.107] PACKET[COM9] ground_station_status: rssi=-5, uptime=723067, reserved=[0, 0, 0, 0, 0, 0]
[23:19:10.114] RX[COM9]  f0
[23:19:10.116] RX[COM9]  fb 00 0b 0c 63 00 00 00 00 00 00 0a
[23:19:10.118] PACKET[COM9] ground_station_status: rssi=-5, uptime=724067, reserved=[0, 0, 0, 0, 0, 0]
[23:19:11.132] RX[COM9]  f0
[23:19:11.134] RX[COM9]  fb 00 0b 10 4b 00 00 00 00 00 00 0a
[23:19:11.137] PACKET[COM9] ground_station_status: rssi=-5, uptime=725067, reserved=[0, 0, 0, 0, 0, 0]
[23:19:12.127] RX[COM9]  f0
[23:19:12.129] RX[COM9]  fb 00 0b 14 33 00 00 00 00 00 00 0a
[23:19:12.131] PACKET[COM9] ground_station_status: rssi=-5, uptime=726067, reserved=[0, 0, 0, 0, 0, 0]
[23:19:13.123] RX[COM9]  f0
[23:19:13.125] RX[COM9]  fb 00 0b 18 1b 00 00 00 00 00 00 0a
[23:19:13.127] PACKET[COM9] ground_station_status: rssi=-5, uptime=727067, reserved=[0, 0, 0, 0, 0, 0]
[23:19:14.135] RX[COM9]  f0
[23:19:14.137] RX[COM9]  fb 00 0b 1c 03 00 00 00 00 00 00 0a
[23:19:14.139] PACKET[COM9] ground_station_status: rssi=-5, uptime=728067, reserved=[0, 0, 0, 0, 0, 0]
[23:19:15.143] RX[COM9]  f0
[23:19:15.151] RX[COM9]  fb 00 0b 1f eb 00 00 00 00 00 00 0a
[23:19:15.153] PACKET[COM9] ground_station_status: rssi=-5, uptime=729067, reserved=[0, 0, 0, 0, 0, 0]
[23:19:16.154] RX[COM9]  f0
[23:19:16.156] RX[COM9]  fb 00 0b 23 d3 00 00 00 00 00 00 0a
[23:19:16.158] PACKET[COM9] ground_station_status: rssi=-5, uptime=730067, reserved=[0, 0, 0, 0, 0, 0]
[23:19:17.103] RX[COM9]  f0
[23:19:17.104] RX[COM9]  fb 00 0b 27 bb 00 00 00 00 00 00 0a
[23:19:17.105] PACKET[COM9] ground_station_status: rssi=-5, uptime=731067, reserved=[0, 0, 0, 0, 0, 0]
[23:19:18.109] RX[COM9]  f0
[23:19:18.111] RX[COM9]  fb 00 0b 2b a3 00 00 00 00 00 00 0a
[23:19:18.113] PACKET[COM9] ground_station_status: rssi=-5, uptime=732067, reserved=[0, 0, 0, 0, 0, 0]
[23:19:19.129] RX[COM9]  f0
[23:19:19.130] RX[COM9]  fb 00 0b 2f 8b 00 00 00 00 00 00 0a
[23:19:19.132] PACKET[COM9] ground_station_status: rssi=-5, uptime=733067, reserved=[0, 0, 0, 0, 0, 0]
[23:19:20.142] RX[COM9]  f0
[23:19:20.143] RX[COM9]  fb 00 0b 33 73 00 00 00 00 00 00 0a
[23:19:20.144] PACKET[COM9] ground_station_status: rssi=-5, uptime=734067, reserved=[0, 0, 0, 0, 0, 0]
[23:19:21.153] RX[COM9]  f0
[23:19:21.154] RX[COM9]  fb 00 0b 37 5b 00 00 00 00 00 00 0a
[23:19:21.156] PACKET[COM9] ground_station_status: rssi=-5, uptime=735067, reserved=[0, 0, 0, 0, 0, 0]
[23:19:22.100] RX[COM9]  f0
[23:19:22.102] RX[COM9]  fb 00 0b 3b 43 00 00 00 00 00 00 0a
[23:19:22.103] PACKET[COM9] ground_station_status: rssi=-5, uptime=736067, reserved=[0, 0, 0, 0, 0, 0]
[23:19:23.113] RX[COM9]  f0
[23:19:23.114] RX[COM9]  fb 00 0b 3f 2b 00 00 00 00 00 00 0a
[23:19:23.120] PACKET[COM9] ground_station_status: rssi=-5, uptime=737067, reserved=[0, 0, 0, 0, 0, 0]
[23:19:24.129] RX[COM9]  f0
[23:19:24.132] RX[COM9]  fb 00 0b 43 13 00 00 00 00 00 00 0a
[23:19:24.134] PACKET[COM9] ground_station_status: rssi=-5, uptime=738067, reserved=[0, 0, 0, 0, 0, 0]
[23:19:25.140] RX[COM9]  f0
[23:19:25.142] RX[COM9]  fb 00 0b 46 fb 00 00 00 00 00 00 0a
[23:19:25.144] PACKET[COM9] ground_station_status: rssi=-5, uptime=739067, reserved=[0, 0, 0, 0, 0, 0]
[23:19:26.158] RX[COM9]  f0
[23:19:26.160] RX[COM9]  fb 00 0b 4a e3 00 00 00 00 00 00 0a
[23:19:26.163] PACKET[COM9] ground_station_status: rssi=-5, uptime=740067, reserved=[0, 0, 0, 0, 0, 0]
[23:19:27.143] RX[COM9]  f0
[23:19:27.145] RX[COM9]  fb 00 0b 4e cb 00 00 00 00 00 00 0a
[23:19:27.147] PACKET[COM9] ground_station_status: rssi=-5, uptime=741067, reserved=[0, 0, 0, 0, 0, 0]
[23:19:28.160] RX[COM9]  f0
[23:19:28.161] RX[COM9]  fb 00 0b 52 b3 00 00 00 00 00 00 0a
[23:19:28.163] PACKET[COM9] ground_station_status: rssi=-5, uptime=742067, reserved=[0, 0, 0, 0, 0, 0]
[23:19:29.109] RX[COM9]  f0
[23:19:29.110] RX[COM9]  fb 00 0b 56 9b 00 00 00 00 00 00 0a
[23:19:29.112] PACKET[COM9] ground_station_status: rssi=-5, uptime=743067, reserved=[0, 0, 0, 0, 0, 0]
[23:19:30.122] RX[COM9]  f0
[23:19:30.123] RX[COM9]  fb 00 0b 5a 83 00 00 00 00 00 00 0a
[23:19:30.125] PACKET[COM9] ground_station_status: rssi=-5, uptime=744067, reserved=[0, 0, 0, 0, 0, 0]
[23:19:31.137] RX[COM9]  f0
[23:19:31.139] RX[COM9]  fb 00 0b 5e 6b 00 00 00 00 00 00 0a
[23:19:31.141] PACKET[COM9] ground_station_status: rssi=-5, uptime=745067, reserved=[0, 0, 0, 0, 0, 0]
[23:19:32.154] RX[COM9]  f0
[23:19:32.155] RX[COM9]  fb 00 0b 62 53 00 00 00 00 00 00 0a
[23:19:32.156] PACKET[COM9] ground_station_status: rssi=-5, uptime=746067, reserved=[0, 0, 0, 0, 0, 0]
[23:19:33.114] RX[COM9]  f0
[23:19:33.116] RX[COM9]  fb 00 0b 66 3b 00 00 00 00 00 00 0a
[23:19:33.118] PACKET[COM9] ground_station_status: rssi=-5, uptime=747067, reserved=[0, 0, 0, 0, 0, 0]
[23:19:34.123] RX[COM9]  f0
[23:19:34.125] RX[COM9]  fb 00 0b 6a 23 00 00 00 00 00 00 0a
[23:19:34.127] PACKET[COM9] ground_station_status: rssi=-5, uptime=748067, reserved=[0, 0, 0, 0, 0, 0]
[23:19:35.133] RX[COM9]  f0
[23:19:35.135] RX[COM9]  fb 00 0b 6e 0b 00 00 00 00 00 00 0a
[23:19:35.137] PACKET[COM9] ground_station_status: rssi=-5, uptime=749067, reserved=[0, 0, 0, 0, 0, 0]
[23:19:36.143] RX[COM9]  f0
[23:19:36.150] RX[COM9]  fb 00 0b 71 f3 00 00 00 00 00 00 0a
[23:19:36.152] PACKET[COM9] ground_station_status: rssi=-5, uptime=750067, reserved=[0, 0, 0, 0, 0, 0]
[23:19:37.153] RX[COM9]  f0
[23:19:37.154] RX[COM9]  fb 00 0b 75 db 00 00 00 00 00 00 0a
[23:19:37.156] PACKET[COM9] ground_station_status: rssi=-5, uptime=751067, reserved=[0, 0, 0, 0, 0, 0]
[23:19:38.105] RX[COM9]  f0
[23:19:38.107] RX[COM9]  fb 00 0b 79 c3 00 00 00 00 00 00 0a
[23:19:38.108] PACKET[COM9] ground_station_status: rssi=-5, uptime=752067, reserved=[0, 0, 0, 0, 0, 0]
[23:19:39.117] RX[COM9]  f0
[23:19:39.118] RX[COM9]  fb 00 0b 7d ab 00 00 00 00 00 00 0a
[23:19:39.120] PACKET[COM9] ground_station_status: rssi=-5, uptime=753067, reserved=[0, 0, 0, 0, 0, 0]
[23:19:40.137] RX[COM9]  f0
[23:19:40.138] RX[COM9]  fb 00 0b 81 93 00 00 00 00 00 00 0a
[23:19:40.140] PACKET[COM9] ground_station_status: rssi=-5, uptime=754067, reserved=[0, 0, 0, 0, 0, 0]
[23:19:41.146] RX[COM9]  f0
[23:19:41.147] RX[COM9]  fb 00 0b 85 7b 00 00 00 00 00 00 0a
[23:19:41.149] PACKET[COM9] ground_station_status: rssi=-5, uptime=755067, reserved=[0, 0, 0, 0, 0, 0]
[23:19:42.111] RX[COM9]  f0
[23:19:42.113] RX[COM9]  fb 00 0b 89 63 00 00 00 00 00 00 0a
[23:19:42.114] PACKET[COM9] ground_station_status: rssi=-5, uptime=756067, reserved=[0, 0, 0, 0, 0, 0]
[23:19:43.120] RX[COM9]  f0
[23:19:43.122] RX[COM9]  fb 00 0b 8d 4b 00 00 00 00 00 00 0a
[23:19:43.124] PACKET[COM9] ground_station_status: rssi=-5, uptime=757067, reserved=[0, 0, 0, 0, 0, 0]
[23:19:44.133] RX[COM9]  f0
[23:19:44.135] RX[COM9]  fb 00 0b 91 33 00 00 00 00 00 00 0a
[23:19:44.137] PACKET[COM9] ground_station_status: rssi=-5, uptime=758067, reserved=[0, 0, 0, 0, 0, 0]
[23:19:45.142] RX[COM9]  f0
[23:19:45.144] RX[COM9]  fb 00 0b 95 1b 00 00 00 00 00 00 0a
[23:19:45.145] PACKET[COM9] ground_station_status: rssi=-5, uptime=759067, reserved=[0, 0, 0, 0, 0, 0]
[23:19:46.151] RX[COM9]  f0
[23:19:46.153] RX[COM9]  fb 00 0b 99 03 00 00 00 00 00 00 0a
[23:19:46.155] PACKET[COM9] ground_station_status: rssi=-5, uptime=760067, reserved=[0, 0, 0, 0, 0, 0]
[23:19:47.109] RX[COM9]  f0
[23:19:47.111] RX[COM9]  fb 00 0b 9c eb 00 00 00 00 00 00 0a
[23:19:47.113] PACKET[COM9] ground_station_status: rssi=-5, uptime=761067, reserved=[0, 0, 0, 0, 0, 0]
[23:19:48.111] RX[COM9]  f0
[23:19:48.112] RX[COM9]  fb 00 0b a0 d3 00 00 00 00 00 00 0a
[23:19:48.113] PACKET[COM9] ground_station_status: rssi=-5, uptime=762067, reserved=[0, 0, 0, 0, 0, 0]
[23:19:49.125] RX[COM9]  f0
[23:19:49.127] RX[COM9]  fb 00 0b a4 bb 00 00 00 00 00 00 0a
[23:19:49.128] PACKET[COM9] ground_station_status: rssi=-5, uptime=763067, reserved=[0, 0, 0, 0, 0, 0]
[23:19:50.136] RX[COM9]  f0
[23:19:50.137] RX[COM9]  fb 00 0b a8 a3 00 00 00 00 00 00 0a
[23:19:50.138] PACKET[COM9] ground_station_status: rssi=-5, uptime=764067, reserved=[0, 0, 0, 0, 0, 0]
[23:19:51.149] RX[COM9]  f0
[23:19:51.152] RX[COM9]  fb 00 0b ac 8b 00 00 00 00 00 00 0a
[23:19:51.154] PACKET[COM9] ground_station_status: rssi=-5, uptime=765067, reserved=[0, 0, 0, 0, 0, 0]
[23:19:52.107] RX[COM9]  f0
[23:19:52.112] RX[COM9]  fb 00 0b b0 73 00 00 00 00 00 00 0a
[23:19:52.114] PACKET[COM9] ground_station_status: rssi=-5, uptime=766067, reserved=[0, 0, 0, 0, 0, 0]
[23:19:53.118] RX[COM9]  f0
[23:19:53.120] RX[COM9]  fb 00 0b b4 5b 00 00 00 00 00 00 0a
[23:19:53.122] PACKET[COM9] ground_station_status: rssi=-5, uptime=767067, reserved=[0, 0, 0, 0, 0, 0]
[23:19:54.130] RX[COM9]  f0
[23:19:54.132] RX[COM9]  fb 00 0b b8 43 00 00 00 00 00 00 0a
[23:19:54.134] PACKET[COM9] ground_station_status: rssi=-5, uptime=768067, reserved=[0, 0, 0, 0, 0, 0]
[23:19:55.142] RX[COM9]  f0
[23:19:55.144] RX[COM9]  fb 00 0b bc 2b 00 00 00 00 00 00 0a
[23:19:55.147] PACKET[COM9] ground_station_status: rssi=-5, uptime=769067, reserved=[0, 0, 0, 0, 0, 0]
[23:19:56.156] RX[COM9]  f0
[23:19:56.160] RX[COM9]  fb 00 0b c0 13 00 00 00 00 00 00 0a
[23:19:56.163] PACKET[COM9] ground_station_status: rssi=-5, uptime=770067, reserved=[0, 0, 0, 0, 0, 0]
[23:19:57.103] RX[COM9]  f0
[23:19:57.105] RX[COM9]  fb 00 0b c3 fb 00 00 00 00 00 00 0a
[23:19:57.106] PACKET[COM9] ground_station_status: rssi=-5, uptime=771067, reserved=[0, 0, 0, 0, 0, 0]
[23:19:58.117] RX[COM9]  f0
[23:19:58.119] RX[COM9]  fb 00 0b c7 e3 00 00 00 00 00 00 0a
[23:19:58.120] PACKET[COM9] ground_station_status: rssi=-5, uptime=772067, reserved=[0, 0, 0, 0, 0, 0]
[23:19:59.125] RX[COM9]  f0
[23:19:59.126] RX[COM9]  fb 00 0b cb cb 00 00 00 00 00 00 0a
[23:19:59.128] PACKET[COM9] ground_station_status: rssi=-5, uptime=773067, reserved=[0, 0, 0, 0, 0, 0]
[23:20:00.120] RX[COM9]  f0
[23:20:00.121] RX[COM9]  fb 00 0b cf b3 00 00 00 00 00 00 0a
[23:20:00.123] PACKET[COM9] ground_station_status: rssi=-5, uptime=774067, reserved=[0, 0, 0, 0, 0, 0]
[23:20:01.137] RX[COM9]  f0
[23:20:01.138] RX[COM9]  fb 00 0b d3 9b 00 00 00 00 00 00 0a
[23:20:01.140] PACKET[COM9] ground_station_status: rssi=-5, uptime=775067, reserved=[0, 0, 0, 0, 0, 0]
[23:20:02.150] RX[COM9]  f0
[23:20:02.152] RX[COM9]  fb 00 0b d7 83 00 00 00 00 00 00 0a
[23:20:02.154] PACKET[COM9] ground_station_status: rssi=-5, uptime=776067, reserved=[0, 0, 0, 0, 0, 0]
[23:20:03.108] RX[COM9]  f0
[23:20:03.110] RX[COM9]  fb 00 0b db 6b 00 00 00 00 00 00 0a
[23:20:03.112] PACKET[COM9] ground_station_status: rssi=-5, uptime=777067, reserved=[0, 0, 0, 0, 0, 0]
[23:20:04.120] RX[COM9]  f0
[23:20:04.122] RX[COM9]  fb 00 0b df 53 00 00 00 00 00 00 0a
[23:20:04.124] PACKET[COM9] ground_station_status: rssi=-5, uptime=778067, reserved=[0, 0, 0, 0, 0, 0]
[23:20:05.131] RX[COM9]  f0
[23:20:05.136] RX[COM9]  fb 00 0b e3 3b 00 00 00 00 00 00 0a
[23:20:05.139] PACKET[COM9] ground_station_status: rssi=-5, uptime=779067, reserved=[0, 0, 0, 0, 0, 0]
[23:20:06.143] RX[COM9]  f0
[23:20:06.149] RX[COM9]  fb 00 0b e7 23 00 00 00 00 00 00 0a
[23:20:06.151] PACKET[COM9] ground_station_status: rssi=-5, uptime=780067, reserved=[0, 0, 0, 0, 0, 0]
[23:20:07.148] RX[COM9]  f0
[23:20:07.152] RX[COM9]  fb 00 0b eb 0b 00 00 00 00 00 00 0a
[23:20:07.154] PACKET[COM9] ground_station_status: rssi=-5, uptime=781067, reserved=[0, 0, 0, 0, 0, 0]
[23:20:08.162] RX[COM9]  f0
[23:20:08.165] RX[COM9]  fb 00 0b ee f3 00 00 00 00 00 00 0a
[23:20:08.167] PACKET[COM9] ground_station_status: rssi=-5, uptime=782067, reserved=[0, 0, 0, 0, 0, 0]
[23:20:09.115] RX[COM9]  f0
[23:20:09.116] RX[COM9]  fb 00 0b f2 db 00 00 00 00 00 00 0a
[23:20:09.118] PACKET[COM9] ground_station_status: rssi=-5, uptime=783067, reserved=[0, 0, 0, 0, 0, 0]
[23:20:10.124] RX[COM9]  f0
[23:20:10.125] RX[COM9]  fb 00 0b f6 c3 00 00 00 00 00 00 0a
[23:20:10.126] PACKET[COM9] ground_station_status: rssi=-5, uptime=784067, reserved=[0, 0, 0, 0, 0, 0]
[23:20:11.139] RX[COM9]  f0
[23:20:11.140] RX[COM9]  fb 00 0b fa ab 00 00 00 00 00 00 0a
[23:20:11.142] PACKET[COM9] ground_station_status: rssi=-5, uptime=785067, reserved=[0, 0, 0, 0, 0, 0]
[23:20:12.148] RX[COM9]  f0
[23:20:12.149] RX[COM9]  fb 00 0b fe 93 00 00 00 00 00 00 0a
[23:20:12.152] PACKET[COM9] ground_station_status: rssi=-5, uptime=786067, reserved=[0, 0, 0, 0, 0, 0]
[23:20:13.111] RX[COM9]  f0
[23:20:13.114] RX[COM9]  fb 00 0c 02 7b 00 00 00 00 00 00 0a
[23:20:13.118] PACKET[COM9] ground_station_status: rssi=-5, uptime=787067, reserved=[0, 0, 0, 0, 0, 0]
[23:20:14.125] RX[COM9]  f0
[23:20:14.129] RX[COM9]  fb 00 0c 06 63 00 00 00 00 00 00 0a
[23:20:14.130] PACKET[COM9] ground_station_status: rssi=-5, uptime=788067, reserved=[0, 0, 0, 0, 0, 0]
[23:20:15.138] RX[COM9]  f0
[23:20:15.142] RX[COM9]  fb 00 0c 0a 4b 00 00 00 00 00 00 0a
[23:20:15.144] PACKET[COM9] ground_station_status: rssi=-5, uptime=789067, reserved=[0, 0, 0, 0, 0, 0]
[23:20:16.151] RX[COM9]  f0
[23:20:16.153] RX[COM9]  fb 00 0c 0e 33 00 00 00 00 00 00 0a
[23:20:16.155] PACKET[COM9] ground_station_status: rssi=-5, uptime=790067, reserved=[0, 0, 0, 0, 0, 0]
[23:20:17.158] RX[COM9]  f0
[23:20:17.160] RX[COM9]  fb 00 0c 12 1b 00 00 00 00 00 00 0a
[23:20:17.163] PACKET[COM9] ground_station_status: rssi=-5, uptime=791067, reserved=[0, 0, 0, 0, 0, 0]
[23:20:18.107] RX[COM9]  f0
[23:20:18.108] RX[COM9]  fb 00 0c 16 03 00 00 00 00 00 00 0a
[23:20:18.110] PACKET[COM9] ground_station_status: rssi=-5, uptime=792067, reserved=[0, 0, 0, 0, 0, 0]
[23:20:19.118] RX[COM9]  f0
[23:20:19.119] RX[COM9]  fb 00 0c 19 eb 00 00 00 00 00 00 0a
[23:20:19.121] PACKET[COM9] ground_station_status: rssi=-5, uptime=793067, reserved=[0, 0, 0, 0, 0, 0]
[23:20:20.135] RX[COM9]  f0
[23:20:20.137] RX[COM9]  fb 00 0c 1d d3 00 00 00 00 00 00 0a
[23:20:20.140] PACKET[COM9] ground_station_status: rssi=-5, uptime=794067, reserved=[0, 0, 0, 0, 0, 0]
[23:20:21.134] RX[COM9]  f0
[23:20:21.136] RX[COM9]  fb 00 0c 21 bb 00 00 00 00 00 00 0a
[23:20:21.138] PACKET[COM9] ground_station_status: rssi=-5, uptime=795067, reserved=[0, 0, 0, 0, 0, 0]
[23:20:22.142] RX[COM9]  f0
[23:20:22.144] RX[COM9]  fb 00 0c 25 a3 00 00 00 00 00 00 0a
[23:20:22.146] PACKET[COM9] ground_station_status: rssi=-5, uptime=796067, reserved=[0, 0, 0, 0, 0, 0]
[23:20:23.103] RX[COM9]  f0
[23:20:23.105] RX[COM9]  fb 00 0c 29 8b 00 00 00 00 00 00 0a
[23:20:23.108] PACKET[COM9] ground_station_status: rssi=-5, uptime=797067, reserved=[0, 0, 0, 0, 0, 0]
[23:20:24.114] RX[COM9]  f0
[23:20:24.117] RX[COM9]  fb 00 0c 2d 73 00 00 00 00 00 00 0a
[23:20:24.118] PACKET[COM9] ground_station_status: rssi=-5, uptime=798067, reserved=[0, 0, 0, 0, 0, 0]
[23:20:25.129] RX[COM9]  f0
[23:20:25.133] RX[COM9]  fb 00 0c 31 5b 00 00 00 00 00 00 0a
[23:20:25.135] PACKET[COM9] ground_station_status: rssi=-5, uptime=799067, reserved=[0, 0, 0, 0, 0, 0]
[23:20:26.138] RX[COM9]  f0
[23:20:26.140] RX[COM9]  fb 00 0c 35 43 00 00 00 00 00 00 0a
[23:20:26.142] PACKET[COM9] ground_station_status: rssi=-5, uptime=800067, reserved=[0, 0, 0, 0, 0, 0]
[23:20:27.149] RX[COM9]  f0
[23:20:27.152] RX[COM9]  fb 00 0c 39 2b 00 00 00 00 00 00 0a
[23:20:27.154] PACKET[COM9] ground_station_status: rssi=-5, uptime=801067, reserved=[0, 0, 0, 0, 0, 0]
[23:20:28.157] RX[COM9]  f0
[23:20:28.159] RX[COM9]  fb 00 0c 3d 13 00 00 00 00 00 00 0a
[23:20:28.161] PACKET[COM9] ground_station_status: rssi=-5, uptime=802067, reserved=[0, 0, 0, 0, 0, 0]
[23:20:29.110] RX[COM9]  f0
[23:20:29.111] RX[COM9]  fb 00 0c 40 fb 00 00 00 00 00 00 0a
[23:20:29.112] PACKET[COM9] ground_station_status: rssi=-5, uptime=803067, reserved=[0, 0, 0, 0, 0, 0]
[23:20:30.115] RX[COM9]  f0
[23:20:30.117] RX[COM9]  fb 00 0c 44 e3 00 00 00 00 00 00 0a
[23:20:30.119] PACKET[COM9] ground_station_status: rssi=-5, uptime=804067, reserved=[0, 0, 0, 0, 0, 0]
[23:20:31.129] RX[COM9]  f0
[23:20:31.130] RX[COM9]  fb 00 0c 48 cb 00 00 00 00 00 00 0a
[23:20:31.131] PACKET[COM9] ground_station_status: rssi=-5, uptime=805067, reserved=[0, 0, 0, 0, 0, 0]
[23:20:32.144] RX[COM9]  f0
[23:20:32.151] RX[COM9]  fb 00 0c 4c b3 00 00 00 00 00 00 0a
[23:20:32.154] PACKET[COM9] ground_station_status: rssi=-5, uptime=806067, reserved=[0, 0, 0, 0, 0, 0]
[23:20:33.155] RX[COM9]  f0
[23:20:33.156] RX[COM9]  fb 00 0c 50 9b 00 00 00 00 00 00 0a
[23:20:33.157] PACKET[COM9] ground_station_status: rssi=-5, uptime=807067, reserved=[0, 0, 0, 0, 0, 0]
[23:20:34.110] RX[COM9]  f0
[23:20:34.115] RX[COM9]  fb 00 0c 54 83 00 00 00 00 00 00 0a
[23:20:34.118] PACKET[COM9] ground_station_status: rssi=-5, uptime=808067, reserved=[0, 0, 0, 0, 0, 0]
[23:20:35.112] RX[COM9]  f0
[23:20:35.114] RX[COM9]  fb 00 0c 58 6b 00 00 00 00 00 00 0a
[23:20:35.115] PACKET[COM9] ground_station_status: rssi=-5, uptime=809067, reserved=[0, 0, 0, 0, 0, 0]
[23:20:36.134] RX[COM9]  f0
[23:20:36.135] RX[COM9]  fb 00 0c 5c 53 00 00 00 00 00 00 0a
[23:20:36.137] PACKET[COM9] ground_station_status: rssi=-5, uptime=810067, reserved=[0, 0, 0, 0, 0, 0]
[23:20:37.144] RX[COM9]  f0
[23:20:37.146] RX[COM9]  fb 00 0c 60 3b 00 00 00 00 00 00 0a
[23:20:37.148] PACKET[COM9] ground_station_status: rssi=-5, uptime=811067, reserved=[0, 0, 0, 0, 0, 0]
[23:20:38.160] RX[COM9]  f0
[23:20:38.163] RX[COM9]  fb 00 0c 64 23 00 00 00 00 00 00 0a
[23:20:38.166] PACKET[COM9] ground_station_status: rssi=-5, uptime=812067, reserved=[0, 0, 0, 0, 0, 0]
[23:20:39.116] RX[COM9]  f0
[23:20:39.117] RX[COM9]  fb 00 0c 68 0b 00 00 00 00 00 00 0a
[23:20:39.119] PACKET[COM9] ground_station_status: rssi=-5, uptime=813067, reserved=[0, 0, 0, 0, 0, 0]
[23:20:40.126] RX[COM9]  f0
[23:20:40.127] RX[COM9]  fb 00 0c 6b f3 00 00 00 00 00 00 0a
[23:20:40.129] PACKET[COM9] ground_station_status: rssi=-5, uptime=814067, reserved=[0, 0, 0, 0, 0, 0]
[23:20:41.137] RX[COM9]  f0
[23:20:41.138] RX[COM9]  fb 00 0c 6f db 00 00 00 00 00 00 0a
[23:20:41.138] PACKET[COM9] ground_station_status: rssi=-5, uptime=815067, reserved=[0, 0, 0, 0, 0, 0]
[23:20:42.146] RX[COM9]  f0
[23:20:42.151] RX[COM9]  fb 00 0c 73 c3 00 00 00 00 00 00 0a
[23:20:42.155] PACKET[COM9] ground_station_status: rssi=-5, uptime=816067, reserved=[0, 0, 0, 0, 0, 0]
[23:20:43.110] RX[COM9]  f0
[23:20:43.115] RX[COM9]  fb 00 0c 77 ab 00 00 00 00 00 00 0a
[23:20:43.119] PACKET[COM9] ground_station_status: rssi=-5, uptime=817067, reserved=[0, 0, 0, 0, 0, 0]
[23:20:44.123] RX[COM9]  f0
[23:20:44.129] RX[COM9]  fb 00 0c 7b 93 00 00 00 00 00 00 0a
[23:20:44.131] PACKET[COM9] ground_station_status: rssi=-5, uptime=818067, reserved=[0, 0, 0, 0, 0, 0]
[23:20:45.137] RX[COM9]  f0
[23:20:45.139] RX[COM9]  fb 00 0c 7f 7b 00 00 00 00 00 00 0a
[23:20:45.140] PACKET[COM9] ground_station_status: rssi=-5, uptime=819067, reserved=[0, 0, 0, 0, 0, 0]
[23:20:46.149] RX[COM9]  f0
[23:20:46.153] RX[COM9]  fb 00 0c 83 63 00 00 00 00 00 00 0a
[23:20:46.156] PACKET[COM9] ground_station_status: rssi=-5, uptime=820067, reserved=[0, 0, 0, 0, 0, 0]
[23:20:47.163] RX[COM9]  f0
[23:20:47.166] RX[COM9]  fb 00 0c 87 4b 00 00 00 00 00 00 0a
[23:20:47.169] PACKET[COM9] ground_station_status: rssi=-5, uptime=821067, reserved=[0, 0, 0, 0, 0, 0]
[23:20:48.109] RX[COM9]  f0
[23:20:48.110] RX[COM9]  fb 00 0c 8b 33 00 00 00 00 00 00 0a
[23:20:48.111] PACKET[COM9] ground_station_status: rssi=-5, uptime=822067, reserved=[0, 0, 0, 0, 0, 0]
[23:20:49.120] RX[COM9]  f0
[23:20:49.121] RX[COM9]  fb 00 0c 8f 1b 00 00 00 00 00 00 0a
[23:20:49.123] PACKET[COM9] ground_station_status: rssi=-5, uptime=823067, reserved=[0, 0, 0, 0, 0, 0]
[23:20:50.132] RX[COM9]  f0
[23:20:50.133] RX[COM9]  fb 00 0c 93 03 00 00 00 00 00 00 0a
[23:20:50.135] PACKET[COM9] ground_station_status: rssi=-5, uptime=824067, reserved=[0, 0, 0, 0, 0, 0]
[23:20:51.145] RX[COM9]  f0
[23:20:51.147] RX[COM9]  fb 00 0c 96 eb 00 00 00 00 00 00 0a
[23:20:51.148] PACKET[COM9] ground_station_status: rssi=-5, uptime=825067, reserved=[0, 0, 0, 0, 0, 0]
[23:20:52.134] RX[COM9]  f0
[23:20:52.135] RX[COM9]  fb 00 0c 9a d3 00 00 00 00 00 00 0a
[23:20:52.137] PACKET[COM9] ground_station_status: rssi=-5, uptime=826067, reserved=[0, 0, 0, 0, 0, 0]
[23:20:53.142] RX[COM9]  f0
[23:20:53.144] RX[COM9]  fb 00 0c 9e bb 00 00 00 00 00 00 0a
[23:20:53.145] PACKET[COM9] ground_station_status: rssi=-5, uptime=827067, reserved=[0, 0, 0, 0, 0, 0]
[23:20:54.134] RX[COM9]  f0
[23:20:54.135] RX[COM9]  fb 00 0c a2 a3 00 00 00 00 00 00 0a
[23:20:54.137] PACKET[COM9] ground_station_status: rssi=-5, uptime=828067, reserved=[0, 0, 0, 0, 0, 0]
[23:20:55.147] RX[COM9]  f0
[23:20:55.148] RX[COM9]  fb 00 0c a6 8b 00 00 00 00 00 00 0a
[23:20:55.150] PACKET[COM9] ground_station_status: rssi=-5, uptime=829067, reserved=[0, 0, 0, 0, 0, 0]
[23:20:56.145] RX[COM9]  f0
[23:20:56.148] RX[COM9]  fb 00 0c aa 73 00 00 00 00 00 00 0a
[23:20:56.151] PACKET[COM9] ground_station_status: rssi=-5, uptime=830067, reserved=[0, 0, 0, 0, 0, 0]
[23:20:57.134] RX[COM9]  f0
[23:20:57.138] RX[COM9]  fb 00 0c ae 5b 00 00 00 00 00 00 0a
[23:20:57.141] PACKET[COM9] ground_station_status: rssi=-5, uptime=831067, reserved=[0, 0, 0, 0, 0, 0]
[23:20:58.145] RX[COM9]  f0
[23:20:58.146] RX[COM9]  fb 00 0c b2 43 00 00 00 00 00 00 0a
[23:20:58.150] PACKET[COM9] ground_station_status: rssi=-5, uptime=832067, reserved=[0, 0, 0, 0, 0, 0]
[23:20:59.105] RX[COM9]  f0
[23:20:59.107] RX[COM9]  fb 00 0c b6 2b 00 00 00 00 00 00 0a
[23:20:59.110] PACKET[COM9] ground_station_status: rssi=-5, uptime=833067, reserved=[0, 0, 0, 0, 0, 0]
[23:21:00.118] RX[COM9]  f0
[23:21:00.123] RX[COM9]  fb 00 0c ba 13 00 00 00 00 00 00 0a
[23:21:00.125] PACKET[COM9] ground_station_status: rssi=-5, uptime=834067, reserved=[0, 0, 0, 0, 0, 0]
[23:21:01.129] RX[COM9]  f0
[23:21:01.134] RX[COM9]  fb 00 0c bd fb 00 00 00 00 00 00 0a
[23:21:01.137] PACKET[COM9] ground_station_status: rssi=-5, uptime=835067, reserved=[0, 0, 0, 0, 0, 0]
[23:21:02.131] RX[COM9]  f0
[23:21:02.136] RX[COM9]  fb 00 0c c1 e3 00 00 00 00 00 00 0a
[23:21:02.138] PACKET[COM9] ground_station_status: rssi=-5, uptime=836067, reserved=[0, 0, 0, 0, 0, 0]
[23:21:03.155] RX[COM9]  f0
[23:21:03.158] RX[COM9]  fb 00 0c c5 cb 00 00 00 00 00 00 0a
[23:21:03.159] PACKET[COM9] ground_station_status: rssi=-5, uptime=837067, reserved=[0, 0, 0, 0, 0, 0]
[23:21:04.111] RX[COM9]  f0
[23:21:04.112] RX[COM9]  fb 00 0c c9 b3 00 00 00 00 00 00 0a
[23:21:04.114] PACKET[COM9] ground_station_status: rssi=-5, uptime=838067, reserved=[0, 0, 0, 0, 0, 0]
[23:21:05.123] RX[COM9]  f0
[23:21:05.124] RX[COM9]  fb 00 0c cd 9b 00 00 00 00 00 00 0a
[23:21:05.126] PACKET[COM9] ground_station_status: rssi=-5, uptime=839067, reserved=[0, 0, 0, 0, 0, 0]
[23:21:06.132] RX[COM9]  f0
[23:21:06.134] RX[COM9]  fb 00 0c d1 83 00 00 00 00 00 00 0a
[23:21:06.137] PACKET[COM9] ground_station_status: rssi=-5, uptime=840067, reserved=[0, 0, 0, 0, 0, 0]
[23:21:07.138] RX[COM9]  f0
[23:21:07.140] RX[COM9]  fb 00 0c d5 6b 00 00 00 00 00 00 0a
[23:21:07.142] PACKET[COM9] ground_station_status: rssi=-5, uptime=841067, reserved=[0, 0, 0, 0, 0, 0]
[23:21:08.145] RX[COM9]  f0
[23:21:08.146] RX[COM9]  fb 00 0c d9 53 00 00 00 00 00 00 0a
[23:21:08.151] PACKET[COM9] ground_station_status: rssi=-5, uptime=842067, reserved=[0, 0, 0, 0, 0, 0]
[23:21:09.104] RX[COM9]  f0
[23:21:09.106] RX[COM9]  fb 00 0c dd 3b 00 00 00 00 00 00 0a
[23:21:09.108] PACKET[COM9] ground_station_status: rssi=-5, uptime=843067, reserved=[0, 0, 0, 0, 0, 0]
[23:21:10.122] RX[COM9]  f0
[23:21:10.126] RX[COM9]  fb 00 0c e1 23 00 00 00 00 00 00 0a
[23:21:10.128] PACKET[COM9] ground_station_status: rssi=-5, uptime=844067, reserved=[0, 0, 0, 0, 0, 0]
[23:21:11.134] RX[COM9]  f0
[23:21:11.136] RX[COM9]  fb 00 0c e5 0b 00 00 00 00 00 00 0a
[23:21:11.138] PACKET[COM9] ground_station_status: rssi=-5, uptime=845067, reserved=[0, 0, 0, 0, 0, 0]
[23:21:12.147] RX[COM9]  f0
[23:21:12.149] RX[COM9]  fb 00 0c e8 f3 00 00 00 00 00 00 0a
[23:21:12.150] PACKET[COM9] ground_station_status: rssi=-5, uptime=846067, reserved=[0, 0, 0, 0, 0, 0]
[23:21:13.105] RX[COM9]  f0
[23:21:13.106] RX[COM9]  fb 00 0c ec db 00 00 00 00 00 00 0a
[23:21:13.107] PACKET[COM9] ground_station_status: rssi=-5, uptime=847067, reserved=[0, 0, 0, 0, 0, 0]
[23:21:14.118] RX[COM9]  f0
[23:21:14.119] RX[COM9]  fb 00 0c f0 c3 00 00 00 00 00 00 0a
[23:21:14.122] PACKET[COM9] ground_station_status: rssi=-5, uptime=848067, reserved=[0, 0, 0, 0, 0, 0]
[23:21:15.131] RX[COM9]  f0
[23:21:15.133] RX[COM9]  fb 00 0c f4 ab 00 00 00 00 00 00 0a
[23:21:15.134] PACKET[COM9] ground_station_status: rssi=-5, uptime=849067, reserved=[0, 0, 0, 0, 0, 0]
[23:21:16.141] RX[COM9]  f0
[23:21:16.142] RX[COM9]  fb 00 0c f8 93 00 00 00 00 00 00 0a
[23:21:16.144] PACKET[COM9] ground_station_status: rssi=-5, uptime=850067, reserved=[0, 0, 0, 0, 0, 0]
[23:21:17.138] RX[COM9]  f0
[23:21:17.143] RX[COM9]  fb 00 0c fc 7b 00 00 00 00 00 00 0a
[23:21:17.146] PACKET[COM9] ground_station_status: rssi=-5, uptime=851067, reserved=[0, 0, 0, 0, 0, 0]
[23:21:18.155] RX[COM9]  f0
[23:21:18.156] RX[COM9]  fb 00 0d 00 63 00 00 00 00 00 00 0a
[23:21:18.157] PACKET[COM9] ground_station_status: rssi=-5, uptime=852067, reserved=[0, 0, 0, 0, 0, 0]
[23:21:19.118] RX[COM9]  f0
[23:21:19.120] RX[COM9]  fb 00 0d 04 4b 00 00 00 00 00 00 0a
[23:21:19.122] PACKET[COM9] ground_station_status: rssi=-5, uptime=853067, reserved=[0, 0, 0, 0, 0, 0]
[23:21:20.133] RX[COM9]  f0
[23:21:20.135] RX[COM9]  fb 00 0d 08 33 00 00 00 00 00 00 0a
[23:21:20.137] PACKET[COM9] ground_station_status: rssi=-5, uptime=854067, reserved=[0, 0, 0, 0, 0, 0]
[23:21:21.144] RX[COM9]  f0
[23:21:21.145] RX[COM9]  fb 00 0d 0c 1b 00 00 00 00 00 00 0a
[23:21:21.147] PACKET[COM9] ground_station_status: rssi=-5, uptime=855067, reserved=[0, 0, 0, 0, 0, 0]
[23:21:22.158] RX[COM9]  f0
[23:21:22.160] RX[COM9]  fb 00 0d 10 03 00 00 00 00 00 00 0a
[23:21:22.162] PACKET[COM9] ground_station_status: rssi=-5, uptime=856067, reserved=[0, 0, 0, 0, 0, 0]
[23:21:23.109] RX[COM9]  f0
[23:21:23.110] RX[COM9]  fb 00 0d 13 eb 00 00 00 00 00 00 0a
[23:21:23.112] PACKET[COM9] ground_station_status: rssi=-5, uptime=857067, reserved=[0, 0, 0, 0, 0, 0]
[23:21:24.126] RX[COM9]  f0
[23:21:24.127] RX[COM9]  fb 00 0d 17 d3 00 00 00 00 00 00 0a
[23:21:24.129] PACKET[COM9] ground_station_status: rssi=-5, uptime=858067, reserved=[0, 0, 0, 0, 0, 0]
[23:21:25.142] RX[COM9]  f0
[23:21:25.143] RX[COM9]  fb 00 0d 1b bb 00 00 00 00 00 00 0a
[23:21:25.145] PACKET[COM9] ground_station_status: rssi=-5, uptime=859067, reserved=[0, 0, 0, 0, 0, 0]
[23:21:26.139] RX[COM9]  f0
[23:21:26.140] RX[COM9]  fb 00 0d 1f a3 00 00 00 00 00 00 0a
[23:21:26.142] PACKET[COM9] ground_station_status: rssi=-5, uptime=860067, reserved=[0, 0, 0, 0, 0, 0]
[23:21:27.149] RX[COM9]  f0
[23:21:27.150] RX[COM9]  fb 00 0d 23 8b 00 00 00 00 00 00 0a
[23:21:27.152] PACKET[COM9] ground_station_status: rssi=-5, uptime=861067, reserved=[0, 0, 0, 0, 0, 0]
[23:21:28.162] RX[COM9]  f0
[23:21:28.164] RX[COM9]  fb 00 0d 27 73 00 00 00 00 00 00 0a
[23:21:28.165] PACKET[COM9] ground_station_status: rssi=-5, uptime=862067, reserved=[0, 0, 0, 0, 0, 0]
[23:21:29.122] RX[COM9]  f0
[23:21:29.125] RX[COM9]  fb 00 0d 2b 5b 00 00 00 00 00 00 0a
[23:21:29.127] PACKET[COM9] ground_station_status: rssi=-5, uptime=863067, reserved=[0, 0, 0, 0, 0, 0]
[23:21:30.134] RX[COM9]  f0
[23:21:30.138] RX[COM9]  fb 00 0d 2f 43 00 00 00 00 00 00 0a
[23:21:30.140] PACKET[COM9] ground_station_status: rssi=-5, uptime=864067, reserved=[0, 0, 0, 0, 0, 0]
[23:21:31.149] RX[COM9]  f0
[23:21:31.155] RX[COM9]  fb 00 0d 33 2b 00 00 00 00 00 00 0a
[23:21:31.156] PACKET[COM9] ground_station_status: rssi=-5, uptime=865067, reserved=[0, 0, 0, 0, 0, 0]
[23:21:32.161] RX[COM9]  f0
[23:21:32.164] RX[COM9]  fb 00 0d 37 13 00 00 00 00 00 00 0a
[23:21:32.166] PACKET[COM9] ground_station_status: rssi=-5, uptime=866067, reserved=[0, 0, 0, 0, 0, 0]
[23:21:33.118] RX[COM9]  f0
[23:21:33.119] RX[COM9]  fb 00 0d 3a fb 00 00 00 00 00 00 0a
[23:21:33.121] PACKET[COM9] ground_station_status: rssi=-5, uptime=867067, reserved=[0, 0, 0, 0, 0, 0]
[23:21:34.125] RX[COM9]  f0
[23:21:34.126] RX[COM9]  fb 00 0d 3e e3 00 00 00 00 00 00 0a
[23:21:34.127] PACKET[COM9] ground_station_status: rssi=-5, uptime=868067, reserved=[0, 0, 0, 0, 0, 0]
[23:21:35.109] RX[COM9]  f0
[23:21:35.111] RX[COM9]  fb 00 0d 42 cb 00 00 00 00 00 00 0a
[23:21:35.113] PACKET[COM9] ground_station_status: rssi=-5, uptime=869067, reserved=[0, 0, 0, 0, 0, 0]
[23:21:36.119] RX[COM9]  f0
[23:21:36.122] RX[COM9]  fb 00 0d 46 b3 00 00 00 00 00 00 0a
[23:21:36.124] PACKET[COM9] ground_station_status: rssi=-5, uptime=870067, reserved=[0, 0, 0, 0, 0, 0]
[23:21:37.121] RX[COM9]  f0
[23:21:37.123] RX[COM9]  fb 00 0d 4a 9b 00 00 00 00 00 00 0a
[23:21:37.125] PACKET[COM9] ground_station_status: rssi=-5, uptime=871067, reserved=[0, 0, 0, 0, 0, 0]
[23:21:38.134] RX[COM9]  f0
[23:21:38.135] RX[COM9]  fb 00 0d 4e 83 00 00 00 00 00 00 0a
[23:21:38.137] PACKET[COM9] ground_station_status: rssi=-5, uptime=872067, reserved=[0, 0, 0, 0, 0, 0]
[23:21:39.145] RX[COM9]  f0
[23:21:39.146] RX[COM9]  fb 00 0d 52 6b 00 00 00 00 00 00 0a
[23:21:39.147] PACKET[COM9] ground_station_status: rssi=-5, uptime=873067, reserved=[0, 0, 0, 0, 0, 0]
[23:21:40.110] RX[COM9]  f0
[23:21:40.112] RX[COM9]  fb 00 0d 56 53 00 00 00 00 00 00 0a
[23:21:40.115] PACKET[COM9] ground_station_status: rssi=-5, uptime=874067, reserved=[0, 0, 0, 0, 0, 0]
[23:21:41.121] RX[COM9]  f0
[23:21:41.123] RX[COM9]  fb 00 0d 5a 3b 00 00 00 00 00 00 0a
[23:21:41.125] PACKET[COM9] ground_station_status: rssi=-5, uptime=875067, reserved=[0, 0, 0, 0, 0, 0]
[23:21:42.114] RX[COM9]  f0
[23:21:42.116] RX[COM9]  fb 00 0d 5e 23 00 00 00 00 00 00 0a
[23:21:42.118] PACKET[COM9] ground_station_status: rssi=-5, uptime=876067, reserved=[0, 0, 0, 0, 0, 0]
[23:21:43.129] RX[COM9]  f0
[23:21:43.131] RX[COM9]  fb 00 0d 62 0b 00 00 00 00 00 00 0a
[23:21:43.133] PACKET[COM9] ground_station_status: rssi=-5, uptime=877067, reserved=[0, 0, 0, 0, 0, 0]
[23:21:44.144] RX[COM9]  f0
[23:21:44.147] RX[COM9]  fb 00 0d 65 f3 00 00 00 00 00 00 0a
[23:21:44.149] PACKET[COM9] ground_station_status: rssi=-5, uptime=878067, reserved=[0, 0, 0, 0, 0, 0]
[23:21:45.161] RX[COM9]  f0
[23:21:45.163] RX[COM9]  fb 00 0d 69 db 00 00 00 00 00 00 0a
[23:21:45.164] PACKET[COM9] ground_station_status: rssi=-5, uptime=879067, reserved=[0, 0, 0, 0, 0, 0]
[23:21:46.115] RX[COM9]  f0
[23:21:46.116] RX[COM9]  fb 00 0d 6d c3 00 00 00 00 00 00 0a
[23:21:46.118] PACKET[COM9] ground_station_status: rssi=-5, uptime=880067, reserved=[0, 0, 0, 0, 0, 0]
[23:21:47.123] RX[COM9]  f0
[23:21:47.132] RX[COM9]  fb 00 0d 71 ab 00 00 00 00 00 00 0a
[23:21:47.134] PACKET[COM9] ground_station_status: rssi=-5, uptime=881067, reserved=[0, 0, 0, 0, 0, 0]
[23:21:48.138] RX[COM9]  f0
[23:21:48.139] RX[COM9]  fb 00 0d 75 93 00 00 00 00 00 00 0a
[23:21:48.141] PACKET[COM9] ground_station_status: rssi=-5, uptime=882067, reserved=[0, 0, 0, 0, 0, 0]
[23:21:49.151] RX[COM9]  f0
[23:21:49.152] RX[COM9]  fb 00 0d 79 7b 00 00 00 00 00 00 0a
[23:21:49.154] PACKET[COM9] ground_station_status: rssi=-5, uptime=883067, reserved=[0, 0, 0, 0, 0, 0]
[23:21:50.115] RX[COM9]  f0
[23:21:50.117] RX[COM9]  fb 00 0d 7d 63 00 00 00 00 00 00 0a
[23:21:50.119] PACKET[COM9] ground_station_status: rssi=-5, uptime=884067, reserved=[0, 0, 0, 0, 0, 0]
[23:21:51.124] RX[COM9]  f0
[23:21:51.127] RX[COM9]  fb 00 0d 81 4b 00 00 00 00 00 00 0a
[23:21:51.130] PACKET[COM9] ground_station_status: rssi=-5, uptime=885067, reserved=[0, 0, 0, 0, 0, 0]
[23:21:52.138] RX[COM9]  f0
[23:21:52.141] RX[COM9]  fb 00 0d 85 33 00 00 00 00 00 00 0a
[23:21:52.143] PACKET[COM9] ground_station_status: rssi=-5, uptime=886067, reserved=[0, 0, 0, 0, 0, 0]
[23:21:53.142] RX[COM9]  f0
[23:21:53.144] RX[COM9]  fb 00 0d 89 1b 00 00 00 00 00 00 0a
[23:21:53.146] PACKET[COM9] ground_station_status: rssi=-5, uptime=887067, reserved=[0, 0, 0, 0, 0, 0]
[23:21:54.150] RX[COM9]  f0
[23:21:54.152] RX[COM9]  fb 00 0d 8d 03 00 00 00 00 00 00 0a
[23:21:54.155] PACKET[COM9] ground_station_status: rssi=-5, uptime=888067, reserved=[0, 0, 0, 0, 0, 0]
[23:21:55.153] RX[COM9]  f0
[23:21:55.156] RX[COM9]  fb 00 0d 90 eb 00 00 00 00 00 00 0a
[23:21:55.158] PACKET[COM9] ground_station_status: rssi=-5, uptime=889067, reserved=[0, 0, 0, 0, 0, 0]
[23:21:56.154] RX[COM9]  f0
[23:21:56.156] RX[COM9]  fb 00 0d 94 d3 00 00 00 00 00 00 0a
[23:21:56.158] PACKET[COM9] ground_station_status: rssi=-5, uptime=890067, reserved=[0, 0, 0, 0, 0, 0]
[23:21:57.165] RX[COM9]  f0
[23:21:57.169] RX[COM9]  fb 00 0d 98 bb 00 00 00 00 00 00 0a
[23:21:57.171] PACKET[COM9] ground_station_status: rssi=-5, uptime=891067, reserved=[0, 0, 0, 0, 0, 0]
[23:21:58.117] RX[COM9]  f0
[23:21:58.120] RX[COM9]  fb 00 0d 9c a3 00 00 00 00 00 00 0a
[23:21:58.122] PACKET[COM9] ground_station_status: rssi=-5, uptime=892067, reserved=[0, 0, 0, 0, 0, 0]
[23:21:59.125] RX[COM9]  f0
[23:21:59.126] RX[COM9]  fb 00 0d a0 8b 00 00 00 00 00 00 0a
[23:21:59.128] PACKET[COM9] ground_station_status: rssi=-5, uptime=893067, reserved=[0, 0, 0, 0, 0, 0]
[23:22:00.141] RX[COM9]  f0
[23:22:00.142] RX[COM9]  fb 00 0d a4 73 00 00 00 00 00 00 0a
[23:22:00.144] PACKET[COM9] ground_station_status: rssi=-5, uptime=894067, reserved=[0, 0, 0, 0, 0, 0]
[23:22:01.150] RX[COM9]  f0
[23:22:01.151] RX[COM9]  fb 00 0d a8 5b 00 00 00 00 00 00 0a
[23:22:01.153] PACKET[COM9] ground_station_status: rssi=-5, uptime=895067, reserved=[0, 0, 0, 0, 0, 0]
[23:22:02.111] RX[COM9]  f0
[23:22:02.123] RX[COM9]  fb 00 0d ac 43 00 00 00 00 00 00 0a
[23:22:02.126] PACKET[COM9] ground_station_status: rssi=-5, uptime=896067, reserved=[0, 0, 0, 0, 0, 0]
[23:22:03.118] RX[COM9]  f0
[23:22:03.123] RX[COM9]  fb 00 0d b0 2b 00 00 00 00 00 00 0a
[23:22:03.124] PACKET[COM9] ground_station_status: rssi=-5, uptime=897067, reserved=[0, 0, 0, 0, 0, 0]
[23:22:04.126] RX[COM9]  f0
[23:22:04.127] RX[COM9]  fb 00 0d b4 13 00 00 00 00 00 00 0a
[23:22:04.130] PACKET[COM9] ground_station_status: rssi=-5, uptime=898067, reserved=[0, 0, 0, 0, 0, 0]
[23:22:05.117] RX[COM9]  f0
[23:22:05.119] RX[COM9]  fb 00 0d b7 fb 00 00 00 00 00 00 0a
[23:22:05.122] PACKET[COM9] ground_station_status: rssi=-5, uptime=899067, reserved=[0, 0, 0, 0, 0, 0]
[23:22:06.128] RX[COM9]  f0
[23:22:06.132] RX[COM9]  fb 00 0d bb e3 00 00 00 00 00 00 0a
[23:22:06.134] PACKET[COM9] ground_station_status: rssi=-5, uptime=900067, reserved=[0, 0, 0, 0, 0, 0]
[23:22:07.134] RX[COM9]  f0
[23:22:07.136] RX[COM9]  fb 00 0d bf cb 00 00 00 00 00 00 0a
[23:22:07.138] PACKET[COM9] ground_station_status: rssi=-5, uptime=901067, reserved=[0, 0, 0, 0, 0, 0]
[23:22:08.136] RX[COM9]  f0
[23:22:08.139] RX[COM9]  fb 00 0d c3 b3 00 00 00 00 00 00 0a
[23:22:08.142] PACKET[COM9] ground_station_status: rssi=-5, uptime=902067, reserved=[0, 0, 0, 0, 0, 0]
[23:22:09.136] RX[COM9]  f0
[23:22:09.138] RX[COM9]  fb 00 0d c7 9b 00 00 00 00 00 00 0a
[23:22:09.140] PACKET[COM9] ground_station_status: rssi=-5, uptime=903067, reserved=[0, 0, 0, 0, 0, 0]
[23:22:10.137] RX[COM9]  f0
[23:22:10.139] RX[COM9]  fb 00 0d cb 83 00 00 00 00 00 00 0a
[23:22:10.140] PACKET[COM9] ground_station_status: rssi=-5, uptime=904067, reserved=[0, 0, 0, 0, 0, 0]
[23:22:11.113] RX[COM9]  f0
[23:22:11.114] RX[COM9]  fb 00 0d cf 6b 00 00 00 00 00 00 0a
[23:22:11.115] PACKET[COM9] ground_station_status: rssi=-5, uptime=905067, reserved=[0, 0, 0, 0, 0, 0]
[23:22:12.146] RX[COM9]  f0
[23:22:12.149] RX[COM9]  fb 00 0d d3 53 00 00 00 00 00 00 0a
[23:22:12.150] PACKET[COM9] ground_station_status: rssi=-5, uptime=906067, reserved=[0, 0, 0, 0, 0, 0]
[23:22:13.155] RX[COM9]  f0
[23:22:13.157] RX[COM9]  fb 00 0d d7 3b 00 00 00 00 00 00 0a
[23:22:13.158] PACKET[COM9] ground_station_status: rssi=-5, uptime=907067, reserved=[0, 0, 0, 0, 0, 0]
[23:22:14.164] RX[COM9]  f0
[23:22:14.166] RX[COM9]  fb 00 0d db 23 00 00 00 00 00 00 0a
[23:22:14.166] PACKET[COM9] ground_station_status: rssi=-5, uptime=908067, reserved=[0, 0, 0, 0, 0, 0]
[23:22:15.111] RX[COM9]  f0
[23:22:15.112] RX[COM9]  fb 00 0d df 0b 00 00 00 00 00 00 0a
[23:22:15.112] PACKET[COM9] ground_station_status: rssi=-5, uptime=909067, reserved=[0, 0, 0, 0, 0, 0]
[23:22:16.119] RX[COM9]  f0
[23:22:16.120] RX[COM9]  fb 00 0d e2 f3 00 00 00 00 00 00 0a
[23:22:16.121] PACKET[COM9] ground_station_status: rssi=-5, uptime=910067, reserved=[0, 0, 0, 0, 0, 0]
[23:22:17.131] RX[COM9]  f0
[23:22:17.132] RX[COM9]  fb 00 0d e6 db 00 00 00 00 00 00 0a
[23:22:17.133] PACKET[COM9] ground_station_status: rssi=-5, uptime=911067, reserved=[0, 0, 0, 0, 0, 0]
[23:22:18.140] RX[COM9]  f0
[23:22:18.141] RX[COM9]  fb 00 0d ea c3 00 00 00 00 00 00 0a
[23:22:18.142] PACKET[COM9] ground_station_status: rssi=-5, uptime=912067, reserved=[0, 0, 0, 0, 0, 0]
[23:22:19.154] RX[COM9]  f0
[23:22:19.155] RX[COM9]  fb 00 0d ee ab 00 00 00 00 00 00 0a
[23:22:19.156] PACKET[COM9] ground_station_status: rssi=-5, uptime=913067, reserved=[0, 0, 0, 0, 0, 0]
[23:22:20.114] RX[COM9]  f0
[23:22:20.119] RX[COM9]  fb 00 0d f2 93 00 00 00 00 00 00 0a
[23:22:20.122] PACKET[COM9] ground_station_status: rssi=-5, uptime=914067, reserved=[0, 0, 0, 0, 0, 0]
[23:22:21.118] RX[COM9]  f0
[23:22:21.121] RX[COM9]  fb 00 0d f6 7b 00 00 00 00 00 00 0a
[23:22:21.123] PACKET[COM9] ground_station_status: rssi=-5, uptime=915067, reserved=[0, 0, 0, 0, 0, 0]
[23:22:22.131] RX[COM9]  f0
[23:22:22.132] RX[COM9]  fb 00 0d fa 63 00 00 00 00 00 00 0a
[23:22:22.134] PACKET[COM9] ground_station_status: rssi=-5, uptime=916067, reserved=[0, 0, 0, 0, 0, 0]
[23:22:23.145] RX[COM9]  f0
[23:22:23.148] RX[COM9]  fb 00 0d fe 4b 00 00 00 00 00 00 0a
[23:22:23.149] PACKET[COM9] ground_station_status: rssi=-5, uptime=917067, reserved=[0, 0, 0, 0, 0, 0]
[23:22:24.153] RX[COM9]  f0
[23:22:24.155] RX[COM9]  fb 00 0e 02 33 00 00 00 00 00 00 0a
[23:22:24.157] PACKET[COM9] ground_station_status: rssi=-5, uptime=918067, reserved=[0, 0, 0, 0, 0, 0]
[23:22:25.168] RX[COM9]  f0
[23:22:25.170] RX[COM9]  fb 00 0e 06 1b 00 00 00 00 00 00 0a
[23:22:25.173] PACKET[COM9] ground_station_status: rssi=-5, uptime=919067, reserved=[0, 0, 0, 0, 0, 0]
[23:22:26.118] RX[COM9]  f0
[23:22:26.119] RX[COM9]  fb 00 0e 0a 03 00 00 00 00 00 00 0a
[23:22:26.120] PACKET[COM9] ground_station_status: rssi=-5, uptime=920067, reserved=[0, 0, 0, 0, 0, 0]
[23:22:27.120] RX[COM9]  f0
[23:22:27.121] RX[COM9]  fb 00 0e 0d eb 00 00 00 00 00 00 0a
[23:22:27.123] PACKET[COM9] ground_station_status: rssi=-5, uptime=921067, reserved=[0, 0, 0, 0, 0, 0]
[23:22:28.131] RX[COM9]  f0
[23:22:28.132] RX[COM9]  fb 00 0e 11 d3 00 00 00 00 00 00 0a
[23:22:28.134] PACKET[COM9] ground_station_status: rssi=-5, uptime=922067, reserved=[0, 0, 0, 0, 0, 0]
[23:22:29.151] RX[COM9]  f0
[23:22:29.153] RX[COM9]  fb 00 0e 15 bb 00 00 00 00 00 00 0a
[23:22:29.157] PACKET[COM9] ground_station_status: rssi=-5, uptime=923067, reserved=[0, 0, 0, 0, 0, 0]
[23:22:30.141] RX[COM9]  f0
[23:22:30.142] RX[COM9]  fb 00 0e 19 a3 00 00 00 00 00 00 0a
[23:22:30.144] PACKET[COM9] ground_station_status: rssi=-5, uptime=924067, reserved=[0, 0, 0, 0, 0, 0]
[23:22:31.140] RX[COM9]  f0
[23:22:31.141] RX[COM9]  fb 00 0e 1d 8b 00 00 00 00 00 00 0a
[23:22:31.143] PACKET[COM9] ground_station_status: rssi=-5, uptime=925067, reserved=[0, 0, 0, 0, 0, 0]
[23:22:32.156] RX[COM9]  f0
[23:22:32.157] RX[COM9]  fb 00 0e 21 73 00 00 00 00 00 00 0a
[23:22:32.158] PACKET[COM9] ground_station_status: rssi=-5, uptime=926067, reserved=[0, 0, 0, 0, 0, 0]
[23:22:33.158] RX[COM9]  f0
[23:22:33.159] RX[COM9]  fb 00 0e 25 5b 00 00 00 00 00 00 0a
[23:22:33.160] PACKET[COM9] ground_station_status: rssi=-5, uptime=927067, reserved=[0, 0, 0, 0, 0, 0]
[23:22:34.125] RX[COM9]  f0
[23:22:34.127] RX[COM9]  fb 00 0e 29 43 00 00 00 00 00 00 0a
[23:22:34.129] PACKET[COM9] ground_station_status: rssi=-5, uptime=928067, reserved=[0, 0, 0, 0, 0, 0]
[23:22:35.136] RX[COM9]  f0
[23:22:35.138] RX[COM9]  fb 00 0e 2d 2b 00 00 00 00 00 00 0a
[23:22:35.140] PACKET[COM9] ground_station_status: rssi=-5, uptime=929067, reserved=[0, 0, 0, 0, 0, 0]
[23:22:36.162] RX[COM9]  f0
[23:22:36.164] RX[COM9]  fb 00 0e 31 13 00 00 00 00 00 00 0a
[23:22:36.166] PACKET[COM9] ground_station_status: rssi=-5, uptime=930067, reserved=[0, 0, 0, 0, 0, 0]
[23:22:37.125] RX[COM9]  f0
[23:22:37.127] RX[COM9]  fb 00 0e 34 fb 00 00 00 00 00 00 0a
[23:22:37.129] PACKET[COM9] ground_station_status: rssi=-5, uptime=931067, reserved=[0, 0, 0, 0, 0, 0]
[23:22:38.138] RX[COM9]  f0
[23:22:38.140] RX[COM9]  fb 00 0e 38 e3 00 00 00 00 00 00 0a
[23:22:38.142] PACKET[COM9] ground_station_status: rssi=-5, uptime=932067, reserved=[0, 0, 0, 0, 0, 0]
[23:22:39.149] RX[COM9]  f0
[23:22:39.153] RX[COM9]  fb 00 0e 3c cb 00 00 00 00 00 00 0a
[23:22:39.154] PACKET[COM9] ground_station_status: rssi=-5, uptime=933067, reserved=[0, 0, 0, 0, 0, 0]
[23:22:40.156] RX[COM9]  f0
[23:22:40.159] RX[COM9]  fb 00 0e 40 b3 00 00 00 00 00 00 0a
[23:22:40.161] PACKET[COM9] ground_station_status: rssi=-5, uptime=934067, reserved=[0, 0, 0, 0, 0, 0]
[23:22:41.110] RX[COM9]  f0
[23:22:41.111] RX[COM9]  fb 00 0e 44 9b 00 00 00 00 00 00 0a
[23:22:41.113] PACKET[COM9] ground_station_status: rssi=-5, uptime=935067, reserved=[0, 0, 0, 0, 0, 0]
[23:22:42.129] RX[COM9]  f0
[23:22:42.130] RX[COM9]  fb 00 0e 48 83 00 00 00 00 00 00 0a
[23:22:42.131] PACKET[COM9] ground_station_status: rssi=-5, uptime=936067, reserved=[0, 0, 0, 0, 0, 0]
[23:22:43.140] RX[COM9]  f0
[23:22:43.141] RX[COM9]  fb 00 0e 4c 6b 00 00 00 00 00 00 0a
[23:22:43.142] PACKET[COM9] ground_station_status: rssi=-5, uptime=937067, reserved=[0, 0, 0, 0, 0, 0]
[23:22:44.130] RX[COM9]  f0
[23:22:44.131] RX[COM9]  fb 00 0e 50 53 00 00 00 00 00 00 0a
[23:22:44.133] PACKET[COM9] ground_station_status: rssi=-5, uptime=938067, reserved=[0, 0, 0, 0, 0, 0]
[23:22:45.138] RX[COM9]  f0
[23:22:45.139] RX[COM9]  fb 00 0e 54 3b 00 00 00 00 00 00 0a
[23:22:45.142] PACKET[COM9] ground_station_status: rssi=-5, uptime=939067, reserved=[0, 0, 0, 0, 0, 0]
[23:22:46.153] RX[COM9]  f0
[23:22:46.154] RX[COM9]  fb 00 0e 58 23 00 00 00 00 00 00 0a
[23:22:46.156] PACKET[COM9] ground_station_status: rssi=-5, uptime=940067, reserved=[0, 0, 0, 0, 0, 0]
[23:22:47.117] RX[COM9]  f0
[23:22:47.119] RX[COM9]  fb 00 0e 5c 0b 00 00 00 00 00 00 0a
[23:22:47.121] PACKET[COM9] ground_station_status: rssi=-5, uptime=941067, reserved=[0, 0, 0, 0, 0, 0]
[23:22:48.133] RX[COM9]  f0
[23:22:48.135] RX[COM9]  fb 00 0e 5f f3 00 00 00 00 00 00 0a
[23:22:48.137] PACKET[COM9] ground_station_status: rssi=-5, uptime=942067, reserved=[0, 0, 0, 0, 0, 0]
[23:22:49.145] RX[COM9]  f0
[23:22:49.150] RX[COM9]  fb 00 0e 63 db 00 00 00 00 00 00 0a
[23:22:49.152] PACKET[COM9] ground_station_status: rssi=-5, uptime=943067, reserved=[0, 0, 0, 0, 0, 0]
[23:22:50.157] RX[COM9]  f0
[23:22:50.161] RX[COM9]  fb 00 0e 67 c3 00 00 00 00 00 00 0a
[23:22:50.164] PACKET[COM9] ground_station_status: rssi=-5, uptime=944067, reserved=[0, 0, 0, 0, 0, 0]
[23:22:51.108] RX[COM9]  f0
[23:22:51.109] RX[COM9]  fb 00 0e 6b ab 00 00 00 00 00 00 0a
[23:22:51.111] PACKET[COM9] ground_station_status: rssi=-5, uptime=945067, reserved=[0, 0, 0, 0, 0, 0]
[23:22:52.124] RX[COM9]  f0
[23:22:52.126] RX[COM9]  fb 00 0e 6f 93 00 00 00 00 00 00 0a
[23:22:52.128] PACKET[COM9] ground_station_status: rssi=-5, uptime=946067, reserved=[0, 0, 0, 0, 0, 0]
[23:22:53.127] RX[COM9]  f0
[23:22:53.128] RX[COM9]  fb 00 0e 73 7b 00 00 00 00 00 00 0a
[23:22:53.130] PACKET[COM9] ground_station_status: rssi=-5, uptime=947067, reserved=[0, 0, 0, 0, 0, 0]
[23:22:54.133] RX[COM9]  f0
[23:22:54.134] RX[COM9]  fb 00 0e 77 63 00 00 00 00 00 00 0a
[23:22:54.135] PACKET[COM9] ground_station_status: rssi=-5, uptime=948067, reserved=[0, 0, 0, 0, 0, 0]
[23:22:55.151] RX[COM9]  f0
[23:22:55.153] RX[COM9]  fb 00 0e 7b 4b 00 00 00 00 00 00 0a
[23:22:55.154] PACKET[COM9] ground_station_status: rssi=-5, uptime=949067, reserved=[0, 0, 0, 0, 0, 0]
[23:22:56.110] RX[COM9]  f0
[23:22:56.113] RX[COM9]  fb 00 0e 7f 33 00 00 00 00 00 00 0a
[23:22:56.115] PACKET[COM9] ground_station_status: rssi=-5, uptime=950067, reserved=[0, 0, 0, 0, 0, 0]
[23:22:57.164] RX[COM9]  f0
[23:22:57.171] RX[COM9]  fb 00 0e 83 1b 00 00 00 00 00 00 0a
[23:22:57.184] PACKET[COM9] ground_station_status: rssi=-5, uptime=951067, reserved=[0, 0, 0, 0, 0, 0]
[23:22:58.136] RX[COM9]  f0
[23:22:58.138] RX[COM9]  fb 00 0e 87 03 00 00 00 00 00 00 0a
[23:22:58.139] PACKET[COM9] ground_station_status: rssi=-5, uptime=952067, reserved=[0, 0, 0, 0, 0, 0]
[23:22:59.138] RX[COM9]  f0
[23:22:59.142] RX[COM9]  fb 00 0e 8a eb 00 00 00 00 00 00 0a
[23:22:59.143] PACKET[COM9] ground_station_status: rssi=-5, uptime=953067, reserved=[0, 0, 0, 0, 0, 0]
[23:23:00.145] RX[COM9]  f0
[23:23:00.147] RX[COM9]  fb 00 0e 8e d3 00 00 00 00 00 00 0a
[23:23:00.149] PACKET[COM9] ground_station_status: rssi=-5, uptime=954067, reserved=[0, 0, 0, 0, 0, 0]
[23:23:01.151] RX[COM9]  f0
[23:23:01.152] RX[COM9]  fb 00 0e 92 bb 00 00 00 00 00 00 0a
[23:23:01.153] PACKET[COM9] ground_station_status: rssi=-5, uptime=955067, reserved=[0, 0, 0, 0, 0, 0]
[23:23:02.160] RX[COM9]  f0
[23:23:02.162] RX[COM9]  fb 00 0e 96 a3 00 00 00 00 00 00 0a
[23:23:02.164] PACKET[COM9] ground_station_status: rssi=-5, uptime=956067, reserved=[0, 0, 0, 0, 0, 0]
[23:23:03.114] RX[COM9]  f0
[23:23:03.115] RX[COM9]  fb 00 0e 9a 8b 00 00 00 00 00 00 0a
[23:23:03.116] PACKET[COM9] ground_station_status: rssi=-5, uptime=957067, reserved=[0, 0, 0, 0, 0, 0]
[23:23:04.131] RX[COM9]  f0
[23:23:04.131] RX[COM9]  fb 00 0e 9e 73 00 00 00 00 00 00 0a
[23:23:04.132] PACKET[COM9] ground_station_status: rssi=-5, uptime=958067, reserved=[0, 0, 0, 0, 0, 0]
[23:23:05.146] RX[COM9]  f0
[23:23:05.146] RX[COM9]  fb 00 0e a2 5b 00 00 00 00 00 00 0a
[23:23:05.147] PACKET[COM9] ground_station_status: rssi=-5, uptime=959067, reserved=[0, 0, 0, 0, 0, 0]
[23:23:06.110] RX[COM9]  f0
[23:23:06.111] RX[COM9]  fb 00 0e a6 43 00 00 00 00 00 00 0a
[23:23:06.112] PACKET[COM9] ground_station_status: rssi=-5, uptime=960067, reserved=[0, 0, 0, 0, 0, 0]
[23:23:07.126] RX[COM9]  f0
[23:23:07.128] RX[COM9]  fb 00 0e aa 2b 00 00 00 00 00 00 0a
[23:23:07.129] PACKET[COM9] ground_station_status: rssi=-5, uptime=961067, reserved=[0, 0, 0, 0, 0, 0]
[23:23:08.140] RX[COM9]  f0
[23:23:08.141] RX[COM9]  fb 00 0e ae 13 00 00 00 00 00 00 0a
[23:23:08.142] PACKET[COM9] ground_station_status: rssi=-5, uptime=962067, reserved=[0, 0, 0, 0, 0, 0]
[23:23:09.151] RX[COM9]  f0
[23:23:09.153] RX[COM9]  fb 00 0e b1 fb 00 00 00 00 00 00 0a
[23:23:09.154] PACKET[COM9] ground_station_status: rssi=-5, uptime=963067, reserved=[0, 0, 0, 0, 0, 0]
[23:23:10.162] RX[COM9]  f0
[23:23:10.166] RX[COM9]  fb 00 0e b5 e3 00 00 00 00 00 00 0a
[23:23:10.167] PACKET[COM9] ground_station_status: rssi=-5, uptime=964067, reserved=[0, 0, 0, 0, 0, 0]
[23:23:11.157] RX[COM9]  f0
[23:23:11.161] RX[COM9]  fb 00 0e b9 cb 00 00 00 00 00 00 0a
[23:23:11.163] PACKET[COM9] ground_station_status: rssi=-5, uptime=965067, reserved=[0, 0, 0, 0, 0, 0]
[23:23:12.152] RX[COM9]  f0
[23:23:12.157] RX[COM9]  fb 00 0e bd b3 00 00 00 00 00 00 0a
[23:23:12.160] PACKET[COM9] ground_station_status: rssi=-5, uptime=966067, reserved=[0, 0, 0, 0, 0, 0]
[23:23:13.162] RX[COM9]  f0
[23:23:13.164] RX[COM9]  fb 00 0e c1 9b 00 00 00 00 00 00 0a
[23:23:13.166] PACKET[COM9] ground_station_status: rssi=-5, uptime=967067, reserved=[0, 0, 0, 0, 0, 0]
[23:23:14.112] RX[COM9]  f0
[23:23:14.117] RX[COM9]  fb 00 0e c5 83 00 00 00 00 00 00 0a
[23:23:14.119] PACKET[COM9] ground_station_status: rssi=-5, uptime=968067, reserved=[0, 0, 0, 0, 0, 0]
[23:23:15.124] RX[COM9]  f0
[23:23:15.126] RX[COM9]  fb 00 0e c9 6b 00 00 00 00 00 00 0a
[23:23:15.128] PACKET[COM9] ground_station_status: rssi=-5, uptime=969067, reserved=[0, 0, 0, 0, 0, 0]
[23:23:16.134] RX[COM9]  f0
[23:23:16.136] RX[COM9]  fb 00 0e cd 53 00 00 00 00 00 00 0a
[23:23:16.138] PACKET[COM9] ground_station_status: rssi=-5, uptime=970067, reserved=[0, 0, 0, 0, 0, 0]
[23:23:17.148] RX[COM9]  f0
[23:23:17.149] RX[COM9]  fb 00 0e d1 3b 00 00 00 00 00 00 0a
[23:23:17.150] PACKET[COM9] ground_station_status: rssi=-5, uptime=971067, reserved=[0, 0, 0, 0, 0, 0]
[23:23:18.157] RX[COM9]  f0
[23:23:18.158] RX[COM9]  fb 00 0e d5 23 00 00 00 00 00 00 0a
[23:23:18.160] PACKET[COM9] ground_station_status: rssi=-5, uptime=972067, reserved=[0, 0, 0, 0, 0, 0]
[23:23:19.121] RX[COM9]  f0
[23:23:19.123] RX[COM9]  fb 00 0e d9 0b 00 00 00 00 00 00 0a
[23:23:19.125] PACKET[COM9] ground_station_status: rssi=-5, uptime=973067, reserved=[0, 0, 0, 0, 0, 0]
[23:23:20.134] RX[COM9]  f0
[23:23:20.137] RX[COM9]  fb 00 0e dc f3 00 00 00 00 00 00 0a
[23:23:20.139] PACKET[COM9] ground_station_status: rssi=-5, uptime=974067, reserved=[0, 0, 0, 0, 0, 0]
[23:23:21.148] RX[COM9]  f0
[23:23:21.150] RX[COM9]  fb 00 0e e0 db 00 00 00 00 00 00 0a
[23:23:21.152] PACKET[COM9] ground_station_status: rssi=-5, uptime=975067, reserved=[0, 0, 0, 0, 0, 0]
[23:23:22.161] RX[COM9]  f0
[23:23:22.163] RX[COM9]  fb 00 0e e4 c3 00 00 00 00 00 00 0a
[23:23:22.165] PACKET[COM9] ground_station_status: rssi=-5, uptime=976067, reserved=[0, 0, 0, 0, 0, 0]
[23:23:23.115] RX[COM9]  f0
[23:23:23.116] RX[COM9]  fb 00 0e e8 ab 00 00 00 00 00 00 0a
[23:23:23.117] PACKET[COM9] ground_station_status: rssi=-5, uptime=977067, reserved=[0, 0, 0, 0, 0, 0]
[23:23:24.120] RX[COM9]  f0
[23:23:24.122] RX[COM9]  fb 00 0e ec 93 00 00 00 00 00 00 0a
[23:23:24.123] PACKET[COM9] ground_station_status: rssi=-5, uptime=978067, reserved=[0, 0, 0, 0, 0, 0]
[23:23:25.118] RX[COM9]  f0
[23:23:25.119] RX[COM9]  fb 00 0e f0 7b 00 00 00 00 00 00 0a
[23:23:25.121] PACKET[COM9] ground_station_status: rssi=-5, uptime=979067, reserved=[0, 0, 0, 0, 0, 0]
[23:23:26.130] RX[COM9]  f0
[23:23:26.132] RX[COM9]  fb 00 0e f4 63 00 00 00 00 00 00 0a
[23:23:26.133] PACKET[COM9] ground_station_status: rssi=-5, uptime=980067, reserved=[0, 0, 0, 0, 0, 0]
[23:23:27.143] RX[COM9]  f0
[23:23:27.145] RX[COM9]  fb 00 0e f8 4b 00 00 00 00 00 00 0a
[23:23:27.148] PACKET[COM9] ground_station_status: rssi=-5, uptime=981067, reserved=[0, 0, 0, 0, 0, 0]
[23:23:28.150] RX[COM9]  f0
[23:23:28.152] RX[COM9]  fb 00 0e fc 33 00 00 00 00 00 00 0a
[23:23:28.153] PACKET[COM9] ground_station_status: rssi=-5, uptime=982067, reserved=[0, 0, 0, 0, 0, 0]
[23:23:29.113] RX[COM9]  f0
[23:23:29.115] RX[COM9]  fb 00 0f 00 1b 00 00 00 00 00 00 0a
[23:23:29.117] PACKET[COM9] ground_station_status: rssi=-5, uptime=983067, reserved=[0, 0, 0, 0, 0, 0]
[23:23:30.118] RX[COM9]  f0
[23:23:30.120] RX[COM9]  fb 00 0f 04 03 00 00 00 00 00 00 0a
[23:23:30.122] PACKET[COM9] ground_station_status: rssi=-5, uptime=984067, reserved=[0, 0, 0, 0, 0, 0]
[23:23:31.131] RX[COM9]  f0
[23:23:31.133] RX[COM9]  fb 00 0f 07 eb 00 00 00 00 00 00 0a
[23:23:31.133] PACKET[COM9] ground_station_status: rssi=-5, uptime=985067, reserved=[0, 0, 0, 0, 0, 0]
[23:23:32.147] RX[COM9]  f0
[23:23:32.149] RX[COM9]  fb 00 0f 0b d3 00 00 00 00 00 00 0a
[23:23:32.150] PACKET[COM9] ground_station_status: rssi=-5, uptime=986067, reserved=[0, 0, 0, 0, 0, 0]
[23:23:33.158] RX[COM9]  f0
[23:23:33.161] RX[COM9]  fb 00 0f 0f bb 00 00 00 00 00 00 0a
[23:23:33.163] PACKET[COM9] ground_station_status: rssi=-5, uptime=987067, reserved=[0, 0, 0, 0, 0, 0]
[23:23:34.169] RX[COM9]  f0
[23:23:34.171] RX[COM9]  fb 00 0f 13 a3 00 00 00 00 00 00 0a
[23:23:34.173] PACKET[COM9] ground_station_status: rssi=-5, uptime=988067, reserved=[0, 0, 0, 0, 0, 0]
[23:23:35.120] RX[COM9]  f0
[23:23:35.121] RX[COM9]  fb 00 0f 17 8b 00 00 00 00 00 00 0a
[23:23:35.123] PACKET[COM9] ground_station_status: rssi=-5, uptime=989067, reserved=[0, 0, 0, 0, 0, 0]
[23:23:36.133] RX[COM9]  f0
[23:23:36.134] RX[COM9]  fb 00 0f 1b 73 00 00 00 00 00 00 0a
[23:23:36.136] PACKET[COM9] ground_station_status: rssi=-5, uptime=990067, reserved=[0, 0, 0, 0, 0, 0]
[23:23:37.140] RX[COM9]  f0
[23:23:37.142] RX[COM9]  fb 00 0f 1f 5b 00 00 00 00 00 00 0a
[23:23:37.143] PACKET[COM9] ground_station_status: rssi=-5, uptime=991067, reserved=[0, 0, 0, 0, 0, 0]
[23:23:38.162] RX[COM9]  f0
[23:23:38.163] RX[COM9]  fb 00 0f 23 43 00 00 00 00 00 00 0a
[23:23:38.164] PACKET[COM9] ground_station_status: rssi=-5, uptime=992067, reserved=[0, 0, 0, 0, 0, 0]
[23:23:39.155] RX[COM9]  f0
[23:23:39.158] RX[COM9]  fb 00 0f 27 2b 00 00 00 00 00 00 0a
[23:23:39.160] PACKET[COM9] ground_station_status: rssi=-5, uptime=993067, reserved=[0, 0, 0, 0, 0, 0]
[23:23:40.117] RX[COM9]  f0
[23:23:40.119] RX[COM9]  fb 00 0f 2b 13 00 00 00 00 00 00 0a
[23:23:40.121] PACKET[COM9] ground_station_status: rssi=-5, uptime=994067, reserved=[0, 0, 0, 0, 0, 0]
[23:23:41.113] RX[COM9]  f0
[23:23:41.114] RX[COM9]  fb 00 0f 2e fb 00 00 00 00 00 00 0a
[23:23:41.120] PACKET[COM9] ground_station_status: rssi=-5, uptime=995067, reserved=[0, 0, 0, 0, 0, 0]
[23:23:42.121] RX[COM9]  f0
[23:23:42.124] RX[COM9]  fb 00 0f 32 e3 00 00 00 00 00 00 0a
[23:23:42.126] PACKET[COM9] ground_station_status: rssi=-5, uptime=996067, reserved=[0, 0, 0, 0, 0, 0]
[23:23:43.136] RX[COM9]  f0
[23:23:43.138] RX[COM9]  fb 00 0f 36 cb 00 00 00 00 00 00 0a
[23:23:43.140] PACKET[COM9] ground_station_status: rssi=-5, uptime=997067, reserved=[0, 0, 0, 0, 0, 0]
[23:23:44.152] RX[COM9]  f0
[23:23:44.153] RX[COM9]  fb 00 0f 3a b3 00 00 00 00 00 00 0a
[23:23:44.155] PACKET[COM9] ground_station_status: rssi=-5, uptime=998067, reserved=[0, 0, 0, 0, 0, 0]
[23:23:45.163] RX[COM9]  f0
[23:23:45.166] RX[COM9]  fb 00 0f 3e 9b 00 00 00 00 00 00 0a
[23:23:45.168] PACKET[COM9] ground_station_status: rssi=-5, uptime=999067, reserved=[0, 0, 0, 0, 0, 0]
[23:23:46.113] RX[COM9]  f0
[23:23:46.114] RX[COM9]  fb 00 0f 42 83 00 00 00 00 00 00 0a
[23:23:46.116] PACKET[COM9] ground_station_status: rssi=-5, uptime=1000067, reserved=[0, 0, 0, 0, 0, 0]
[23:23:47.125] RX[COM9]  f0
[23:23:47.126] RX[COM9]  fb 00 0f 46 6b 00 00 00 00 00 00 0a
[23:23:47.128] PACKET[COM9] ground_station_status: rssi=-5, uptime=1001067, reserved=[0, 0, 0, 0, 0, 0]
[23:23:48.140] RX[COM9]  f0
[23:23:48.142] RX[COM9]  fb 00 0f 4a 53 00 00 00 00 00 00 0a
[23:23:48.143] PACKET[COM9] ground_station_status: rssi=-5, uptime=1002067, reserved=[0, 0, 0, 0, 0, 0]
[23:23:49.153] RX[COM9]  f0
[23:23:49.154] RX[COM9]  fb 00 0f 4e 3b 00 00 00 00 00 00 0a
[23:23:49.155] PACKET[COM9] ground_station_status: rssi=-5, uptime=1003067, reserved=[0, 0, 0, 0, 0, 0]
[23:23:50.160] RX[COM9]  f0
[23:23:50.161] RX[COM9]  fb 00 0f 52 23 00 00 00 00 00 00 0a
[23:23:50.163] PACKET[COM9] ground_station_status: rssi=-5, uptime=1004067, reserved=[0, 0, 0, 0, 0, 0]
[23:23:51.119] RX[COM9]  f0
[23:23:51.121] RX[COM9]  fb 00 0f 56 0b 00 00 00 00 00 00 0a
[23:23:51.123] PACKET[COM9] ground_station_status: rssi=-5, uptime=1005067, reserved=[0, 0, 0, 0, 0, 0]
[23:23:52.127] RX[COM9]  f0
[23:23:52.129] RX[COM9]  fb 00 0f 59 f3 00 00 00 00 00 00 0a
[23:23:52.132] PACKET[COM9] ground_station_status: rssi=-5, uptime=1006067, reserved=[0, 0, 0, 0, 0, 0]
[23:23:53.139] RX[COM9]  f0
[23:23:53.141] RX[COM9]  fb 00 0f 5d db 00 00 00 00 00 00 0a
[23:23:53.143] PACKET[COM9] ground_station_status: rssi=-5, uptime=1007067, reserved=[0, 0, 0, 0, 0, 0]
[23:23:54.151] RX[COM9]  f0
[23:23:54.154] RX[COM9]  fb 00 0f 61 c3 00 00 00 00 00 00 0a
[23:23:54.155] PACKET[COM9] ground_station_status: rssi=-5, uptime=1008067, reserved=[0, 0, 0, 0, 0, 0]
[23:23:55.159] RX[COM9]  f0
[23:23:55.162] RX[COM9]  fb 00 0f 65 ab 00 00 00 00 00 00 0a
[23:23:55.164] PACKET[COM9] ground_station_status: rssi=-5, uptime=1009067, reserved=[0, 0, 0, 0, 0, 0]
[23:23:56.111] RX[COM9]  f0
[23:23:56.114] RX[COM9]  fb 00 0f 69 93 00 00 00 00 00 00 0a
[23:23:56.116] PACKET[COM9] ground_station_status: rssi=-5, uptime=1010067, reserved=[0, 0, 0, 0, 0, 0]
[23:23:57.121] RX[COM9]  f0
[23:23:57.122] RX[COM9]  fb 00 0f 6d 7b 00 00 00 00 00 00 0a
[23:23:57.123] PACKET[COM9] ground_station_status: rssi=-5, uptime=1011067, reserved=[0, 0, 0, 0, 0, 0]
[23:23:58.134] RX[COM9]  f0
[23:23:58.135] RX[COM9]  fb 00 0f 71 63 00 00 00 00 00 00 0a
[23:23:58.136] PACKET[COM9] ground_station_status: rssi=-5, uptime=1012067, reserved=[0, 0, 0, 0, 0, 0]
[23:23:59.142] RX[COM9]  f0
[23:23:59.143] RX[COM9]  fb 00 0f 75 4b 00 00 00 00 00 00 0a
[23:23:59.144] PACKET[COM9] ground_station_status: rssi=-5, uptime=1013067, reserved=[0, 0, 0, 0, 0, 0]
[23:24:00.154] RX[COM9]  f0
[23:24:00.155] RX[COM9]  fb 00 0f 79 33 00 00 00 00 00 00 0a
[23:24:00.156] PACKET[COM9] ground_station_status: rssi=-5, uptime=1014067, reserved=[0, 0, 0, 0, 0, 0]
[23:24:01.114] RX[COM9]  f0
[23:24:01.116] RX[COM9]  fb 00 0f 7d 1b 00 00 00 00 00 00 0a
[23:24:01.119] PACKET[COM9] ground_station_status: rssi=-5, uptime=1015067, reserved=[0, 0, 0, 0, 0, 0]
[23:24:02.123] RX[COM9]  f0
[23:24:02.125] RX[COM9]  fb 00 0f 81 03 00 00 00 00 00 00 0a
[23:24:02.127] PACKET[COM9] ground_station_status: rssi=-5, uptime=1016067, reserved=[0, 0, 0, 0, 0, 0]
[23:24:03.141] RX[COM9]  f0
[23:24:03.144] RX[COM9]  fb 00 0f 84 eb 00 00 00 00 00 00 0a
[23:24:03.147] PACKET[COM9] ground_station_status: rssi=-5, uptime=1017067, reserved=[0, 0, 0, 0, 0, 0]
[23:24:04.155] RX[COM9]  f0
[23:24:04.158] RX[COM9]  fb 00 0f 88 d3 00 00 00 00 00 00 0a
[23:24:04.161] PACKET[COM9] ground_station_status: rssi=-5, uptime=1018067, reserved=[0, 0, 0, 0, 0, 0]
[23:24:05.164] RX[COM9]  f0
[23:24:05.166] RX[COM9]  fb 00 0f 8c bb 00 00 00 00 00 00 0a
[23:24:05.167] PACKET[COM9] ground_station_status: rssi=-5, uptime=1019067, reserved=[0, 0, 0, 0, 0, 0]
[23:24:06.170] RX[COM9]  f0
[23:24:06.172] RX[COM9]  fb 00 0f 90 a3 00 00 00 00 00 00 0a
[23:24:06.174] PACKET[COM9] ground_station_status: rssi=-5, uptime=1020067, reserved=[0, 0, 0, 0, 0, 0]
[23:24:07.120] RX[COM9]  f0
[23:24:07.122] RX[COM9]  fb 00 0f 94 8b 00 00 00 00 00 00 0a
[23:24:07.125] PACKET[COM9] ground_station_status: rssi=-5, uptime=1021067, reserved=[0, 0, 0, 0, 0, 0]
[23:24:08.128] RX[COM9]  f0
[23:24:08.130] RX[COM9]  fb 00 0f 98 73 00 00 00 00 00 00 0a
[23:24:08.131] PACKET[COM9] ground_station_status: rssi=-5, uptime=1022067, reserved=[0, 0, 0, 0, 0, 0]
[23:24:09.140] RX[COM9]  f0
[23:24:09.141] RX[COM9]  fb 00 0f 9c 5b 00 00 00 00 00 00 0a
[23:24:09.143] PACKET[COM9] ground_station_status: rssi=-5, uptime=1023067, reserved=[0, 0, 0, 0, 0, 0]
[23:24:10.153] RX[COM9]  f0
[23:24:10.154] RX[COM9]  fb 00 0f a0 43 00 00 00 00 00 00 0a
[23:24:10.156] PACKET[COM9] ground_station_status: rssi=-5, uptime=1024067, reserved=[0, 0, 0, 0, 0, 0]
[23:24:11.113] RX[COM9]  f0
[23:24:11.115] RX[COM9]  fb 00 0f a4 2b 00 00 00 00 00 00 0a
[23:24:11.117] PACKET[COM9] ground_station_status: rssi=-5, uptime=1025067, reserved=[0, 0, 0, 0, 0, 0]
[23:24:12.122] RX[COM9]  f0
[23:24:12.124] RX[COM9]  fb 00 0f a8 13 00 00 00 00 00 00 0a
[23:24:12.127] PACKET[COM9] ground_station_status: rssi=-5, uptime=1026067, reserved=[0, 0, 0, 0, 0, 0]
[23:24:13.134] RX[COM9]  f0
[23:24:13.136] RX[COM9]  fb 00 0f ab fb 00 00 00 00 00 00 0a
[23:24:13.138] PACKET[COM9] ground_station_status: rssi=-5, uptime=1027067, reserved=[0, 0, 0, 0, 0, 0]
[23:24:14.147] RX[COM9]  f0
[23:24:14.151] RX[COM9]  fb 00 0f af e3 00 00 00 00 00 00 0a
[23:24:14.152] PACKET[COM9] ground_station_status: rssi=-5, uptime=1028067, reserved=[0, 0, 0, 0, 0, 0]
[23:24:15.160] RX[COM9]  f0
[23:24:15.162] RX[COM9]  fb 00 0f b3 cb 00 00 00 00 00 00 0a
[23:24:15.164] PACKET[COM9] ground_station_status: rssi=-5, uptime=1029067, reserved=[0, 0, 0, 0, 0, 0]
[23:24:16.114] RX[COM9]  f0
[23:24:16.115] RX[COM9]  fb 00 0f b7 b3 00 00 00 00 00 00 0a
[23:24:16.117] PACKET[COM9] ground_station_status: rssi=-5, uptime=1030067, reserved=[0, 0, 0, 0, 0, 0]
[23:24:17.122] RX[COM9]  f0
[23:24:17.123] RX[COM9]  fb 00 0f bb 9b 00 00 00 00 00 00 0a
[23:24:17.125] PACKET[COM9] ground_station_status: rssi=-5, uptime=1031067, reserved=[0, 0, 0, 0, 0, 0]
[23:24:18.132] RX[COM9]  f0
[23:24:18.135] RX[COM9]  fb 00 0f bf 83 00 00 00 00 00 00 0a
[23:24:18.138] PACKET[COM9] ground_station_status: rssi=-5, uptime=1032067, reserved=[0, 0, 0, 0, 0, 0]
[23:24:19.139] RX[COM9]  f0
[23:24:19.141] RX[COM9]  fb 00 0f c3 6b 00 00 00 00 00 00 0a
[23:24:19.143] PACKET[COM9] ground_station_status: rssi=-5, uptime=1033067, reserved=[0, 0, 0, 0, 0, 0]
[23:24:20.154] RX[COM9]  f0
[23:24:20.155] RX[COM9]  fb 00 0f c7 53 00 00 00 00 00 00 0a
[23:24:20.157] PACKET[COM9] ground_station_status: rssi=-5, uptime=1034067, reserved=[0, 0, 0, 0, 0, 0]
[23:24:21.114] RX[COM9]  f0
[23:24:21.118] RX[COM9]  fb 00 0f cb 3b 00 00 00 00 00 00 0a
[23:24:21.120] PACKET[COM9] ground_station_status: rssi=-5, uptime=1035067, reserved=[0, 0, 0, 0, 0, 0]
[23:24:22.156] RX[COM9]  f0
[23:24:22.158] RX[COM9]  fb 00 0f cf 23 00 00 00 00 00 00 0a
[23:24:22.161] PACKET[COM9] ground_station_status: rssi=-5, uptime=1036067, reserved=[0, 0, 0, 0, 0, 0]
[23:24:23.157] RX[COM9]  f0
[23:24:23.158] RX[COM9]  fb 00 0f d3 0b 00 00 00 00 00 00 0a
[23:24:23.160] PACKET[COM9] ground_station_status: rssi=-5, uptime=1037067, reserved=[0, 0, 0, 0, 0, 0]
[23:24:24.109] RX[COM9]  f0
[23:24:24.114] RX[COM9]  fb 00 0f d6 f3 00 00 00 00 00 00 0a
[23:24:24.116] PACKET[COM9] ground_station_status: rssi=-5, uptime=1038067, reserved=[0, 0, 0, 0, 0, 0]
[23:24:25.121] RX[COM9]  f0
[23:24:25.123] RX[COM9]  fb 00 0f da db 00 00 00 00 00 00 0a
[23:24:25.125] PACKET[COM9] ground_station_status: rssi=-5, uptime=1039067, reserved=[0, 0, 0, 0, 0, 0]
[23:24:26.134] RX[COM9]  f0
[23:24:26.136] RX[COM9]  fb 00 0f de c3 00 00 00 00 00 00 0a
[23:24:26.139] PACKET[COM9] ground_station_status: rssi=-5, uptime=1040067, reserved=[0, 0, 0, 0, 0, 0]
[23:24:27.146] RX[COM9]  f0
[23:24:27.148] RX[COM9]  fb 00 0f e2 ab 00 00 00 00 00 00 0a
[23:24:27.149] PACKET[COM9] ground_station_status: rssi=-5, uptime=1041067, reserved=[0, 0, 0, 0, 0, 0]
[23:24:28.156] RX[COM9]  f0
[23:24:28.160] RX[COM9]  fb 00 0f e6 93 00 00 00 00 00 00 0a
[23:24:28.161] PACKET[COM9] ground_station_status: rssi=-5, uptime=1042067, reserved=[0, 0, 0, 0, 0, 0]
[23:24:29.109] RX[COM9]  f0
[23:24:29.111] RX[COM9]  fb 00 0f ea 7b 00 00 00 00 00 00 0a
[23:24:29.112] PACKET[COM9] ground_station_status: rssi=-5, uptime=1043067, reserved=[0, 0, 0, 0, 0, 0]
[23:24:30.115] RX[COM9]  f0
[23:24:30.117] RX[COM9]  fb 00 0f ee 63 00 00 00 00 00 00 0a
[23:24:30.119] PACKET[COM9] ground_station_status: rssi=-5, uptime=1044067, reserved=[0, 0, 0, 0, 0, 0]
[23:24:31.125] RX[COM9]  f0
[23:24:31.126] RX[COM9]  fb 00 0f f2 4b 00 00 00 00 00 00 0a
[23:24:31.128] PACKET[COM9] ground_station_status: rssi=-5, uptime=1045067, reserved=[0, 0, 0, 0, 0, 0]
[23:24:32.135] RX[COM9]  f0
[23:24:32.137] RX[COM9]  fb 00 0f f6 33 00 00 00 00 00 00 0a
[23:24:32.139] PACKET[COM9] ground_station_status: rssi=-5, uptime=1046067, reserved=[0, 0, 0, 0, 0, 0]
[23:24:33.146] RX[COM9]  f0
[23:24:33.148] RX[COM9]  fb 00 0f fa 1b 00 00 00 00 00 00 0a
[23:24:33.149] PACKET[COM9] ground_station_status: rssi=-5, uptime=1047067, reserved=[0, 0, 0, 0, 0, 0]
[23:24:34.158] RX[COM9]  f0
[23:24:34.162] RX[COM9]  fb 00 0f fe 03 00 00 00 00 00 00 0a
[23:24:34.163] PACKET[COM9] ground_station_status: rssi=-5, uptime=1048067, reserved=[0, 0, 0, 0, 0, 0]
[23:24:35.116] RX[COM9]  f0
[23:24:35.118] RX[COM9]  fb 00 10 01 eb 00 00 00 00 00 00 0a
[23:24:35.119] PACKET[COM9] ground_station_status: rssi=-5, uptime=1049067, reserved=[0, 0, 0, 0, 0, 0]
[23:24:36.128] RX[COM9]  f0
[23:24:36.131] RX[COM9]  fb 00 10 05 d3 00 00 00 00 00 00 0a
[23:24:36.133] PACKET[COM9] ground_station_status: rssi=-5, uptime=1050067, reserved=[0, 0, 0, 0, 0, 0]
[23:24:37.142] RX[COM9]  f0
[23:24:37.145] RX[COM9]  fb 00 10 09 bb 00 00 00 00 00 00 0a
[23:24:37.148] PACKET[COM9] ground_station_status: rssi=-5, uptime=1051067, reserved=[0, 0, 0, 0, 0, 0]
[23:24:38.153] RX[COM9]  f0
[23:24:38.156] RX[COM9]  fb 00 10 0d a3 00 00 00 00 00 00 0a
[23:24:38.158] PACKET[COM9] ground_station_status: rssi=-5, uptime=1052067, reserved=[0, 0, 0, 0, 0, 0]
[23:24:39.164] RX[COM9]  f0
[23:24:39.166] RX[COM9]  fb 00 10 11 8b 00 00 00 00 00 00 0a
[23:24:39.168] PACKET[COM9] ground_station_status: rssi=-5, uptime=1053067, reserved=[0, 0, 0, 0, 0, 0]
[23:24:40.125] RX[COM9]  f0
[23:24:40.126] RX[COM9]  fb 00 10 15 73 00 00 00 00 00 00 0a
[23:24:40.128] PACKET[COM9] ground_station_status: rssi=-5, uptime=1054067, reserved=[0, 0, 0, 0, 0, 0]
[23:24:41.131] RX[COM9]  f0
[23:24:41.132] RX[COM9]  fb 00 10 19 5b 00 00 00 00 00 00 0a
[23:24:41.134] PACKET[COM9] ground_station_status: rssi=-5, uptime=1055067, reserved=[0, 0, 0, 0, 0, 0]
[23:24:42.145] RX[COM9]  f0
[23:24:42.146] RX[COM9]  fb 00 10 1d 43 00 00 00 00 00 00 0a
[23:24:42.148] PACKET[COM9] ground_station_status: rssi=-5, uptime=1056067, reserved=[0, 0, 0, 0, 0, 0]
[23:24:43.106] RX[COM9]  f0
[23:24:43.109] RX[COM9]  fb 00 10 21 2b 00 00 00 00 00 00 0a
[23:24:43.111] PACKET[COM9] ground_station_status: rssi=-5, uptime=1057067, reserved=[0, 0, 0, 0, 0, 0]
[23:24:44.122] RX[COM9]  f0
[23:24:44.123] RX[COM9]  fb 00 10 25 13 00 00 00 00 00 00 0a
[23:24:44.125] PACKET[COM9] ground_station_status: rssi=-5, uptime=1058067, reserved=[0, 0, 0, 0, 0, 0]
[23:24:45.134] RX[COM9]  f0
[23:24:45.136] RX[COM9]  fb 00 10 28 fb 00 00 00 00 00 00 0a
[23:24:45.137] PACKET[COM9] ground_station_status: rssi=-5, uptime=1059067, reserved=[0, 0, 0, 0, 0, 0]
[23:24:46.146] RX[COM9]  f0
[23:24:46.148] RX[COM9]  fb 00 10 2c e3 00 00 00 00 00 00 0a
[23:24:46.150] PACKET[COM9] ground_station_status: rssi=-5, uptime=1060067, reserved=[0, 0, 0, 0, 0, 0]
[23:24:47.160] RX[COM9]  f0
[23:24:47.162] RX[COM9]  fb 00 10 30 cb 00 00 00 00 00 00 0a
[23:24:47.164] PACKET[COM9] ground_station_status: rssi=-5, uptime=1061067, reserved=[0, 0, 0, 0, 0, 0]
[23:24:48.114] RX[COM9]  f0
[23:24:48.116] RX[COM9]  fb 00 10 34 b3 00 00 00 00 00 00 0a
[23:24:48.118] PACKET[COM9] ground_station_status: rssi=-5, uptime=1062067, reserved=[0, 0, 0, 0, 0, 0]
[23:24:49.125] RX[COM9]  f0
[23:24:49.126] RX[COM9]  fb 00 10 38 9b 00 00 00 00 00 00 0a
[23:24:49.127] PACKET[COM9] ground_station_status: rssi=-5, uptime=1063067, reserved=[0, 0, 0, 0, 0, 0]
[23:24:50.125] RX[COM9]  f0
[23:24:50.127] RX[COM9]  fb 00 10 3c 83 00 00 00 00 00 00 0a
[23:24:50.129] PACKET[COM9] ground_station_status: rssi=-5, uptime=1064067, reserved=[0, 0, 0, 0, 0, 0]
[23:24:51.133] RX[COM9]  f0
[23:24:51.140] RX[COM9]  fb 00 10 40 6b 00 00 00 00 00 00 0a
[23:24:51.142] PACKET[COM9] ground_station_status: rssi=-5, uptime=1065067, reserved=[0, 0, 0, 0, 0, 0]
[23:24:52.146] RX[COM9]  f0
[23:24:52.147] RX[COM9]  fb 00 10 44 53 00 00 00 00 00 00 0a
[23:24:52.150] PACKET[COM9] ground_station_status: rssi=-5, uptime=1066067, reserved=[0, 0, 0, 0, 0, 0]
[23:24:53.103] RX[COM9]  f0
[23:24:53.106] RX[COM9]  fb 00 10 48 3b 00 00 00 00 00 00 0a
[23:24:53.108] PACKET[COM9] ground_station_status: rssi=-5, uptime=1067067, reserved=[0, 0, 0, 0, 0, 0]
[23:24:54.114] RX[COM9]  f0
[23:24:54.117] RX[COM9]  fb 00 10 4c 23 00 00 00 00 00 00 0a
[23:24:54.118] PACKET[COM9] ground_station_status: rssi=-5, uptime=1068067, reserved=[0, 0, 0, 0, 0, 0]
[23:24:55.127] RX[COM9]  f0
[23:24:55.129] RX[COM9]  fb 00 10 50 0b 00 00 00 00 00 00 0a
[23:24:55.130] PACKET[COM9] ground_station_status: rssi=-5, uptime=1069067, reserved=[0, 0, 0, 0, 0, 0]
[23:24:56.139] RX[COM9]  f0
[23:24:56.144] RX[COM9]  fb 00 10 53 f3 00 00 00 00 00 00 0a
[23:24:56.145] PACKET[COM9] ground_station_status: rssi=-5, uptime=1070067, reserved=[0, 0, 0, 0, 0, 0]
[23:24:57.153] RX[COM9]  f0
[23:24:57.155] RX[COM9]  fb 00 10 57 db 00 00 00 00 00 00 0a
[23:24:57.157] PACKET[COM9] ground_station_status: rssi=-5, uptime=1071067, reserved=[0, 0, 0, 0, 0, 0]
[23:24:58.157] RX[COM9]  f0
[23:24:58.159] RX[COM9]  fb 00 10 5b c3 00 00 00 00 00 00 0a
[23:24:58.161] PACKET[COM9] ground_station_status: rssi=-5, uptime=1072067, reserved=[0, 0, 0, 0, 0, 0]
[23:24:59.111] RX[COM9]  f0
[23:24:59.112] RX[COM9]  fb 00 10 5f ab 00 00 00 00 00 00 0a
[23:24:59.114] PACKET[COM9] ground_station_status: rssi=-5, uptime=1073067, reserved=[0, 0, 0, 0, 0, 0]
[23:25:00.122] RX[COM9]  f0
[23:25:00.123] RX[COM9]  fb 00 10 63 93 00 00 00 00 00 00 0a
[23:25:00.124] PACKET[COM9] ground_station_status: rssi=-5, uptime=1074067, reserved=[0, 0, 0, 0, 0, 0]
[23:25:01.132] RX[COM9]  f0
[23:25:01.133] RX[COM9]  fb 00 10 67 7b 00 00 00 00 00 00 0a
[23:25:01.135] PACKET[COM9] ground_station_status: rssi=-5, uptime=1075067, reserved=[0, 0, 0, 0, 0, 0]
[23:25:02.143] RX[COM9]  f0
[23:25:02.144] RX[COM9]  fb 00 10 6b 63 00 00 00 00 00 00 0a
[23:25:02.145] PACKET[COM9] ground_station_status: rssi=-5, uptime=1076067, reserved=[0, 0, 0, 0, 0, 0]
[23:25:03.102] RX[COM9]  f0
[23:25:03.104] RX[COM9]  fb 00 10 6f 4b 00 00 00 00 00 00 0a
[23:25:03.106] PACKET[COM9] ground_station_status: rssi=-5, uptime=1077067, reserved=[0, 0, 0, 0, 0, 0]
[23:25:04.116] RX[COM9]  f0
[23:25:04.117] RX[COM9]  fb 00 10 73 33 00 00 00 00 00 00 0a
[23:25:04.120] PACKET[COM9] ground_station_status: rssi=-5, uptime=1078067, reserved=[0, 0, 0, 0, 0, 0]
[23:25:05.128] RX[COM9]  f0
[23:25:05.130] RX[COM9]  fb 00 10 77 1b 00 00 00 00 00 00 0a
[23:25:05.133] PACKET[COM9] ground_station_status: rssi=-5, uptime=1079067, reserved=[0, 0, 0, 0, 0, 0]
[23:25:06.139] RX[COM9]  f0
[23:25:06.141] RX[COM9]  fb 00 10 7b 03 00 00 00 00 00 00 0a
[23:25:06.142] PACKET[COM9] ground_station_status: rssi=-5, uptime=1080067, reserved=[0, 0, 0, 0, 0, 0]
[23:25:07.153] RX[COM9]  f0
[23:25:07.155] RX[COM9]  fb 00 10 7e eb 00 00 00 00 00 00 0a
[23:25:07.157] PACKET[COM9] ground_station_status: rssi=-5, uptime=1081067, reserved=[0, 0, 0, 0, 0, 0]
[23:25:08.101] RX[COM9]  f0
[23:25:08.102] RX[COM9]  fb 00 10 82 d3 00 00 00 00 00 00 0a
[23:25:08.104] PACKET[COM9] ground_station_status: rssi=-5, uptime=1082067, reserved=[0, 0, 0, 0, 0, 0]
[23:25:09.110] RX[COM9]  f0
[23:25:09.111] RX[COM9]  fb 00 10 86 bb 00 00 00 00 00 00 0a
[23:25:09.112] PACKET[COM9] ground_station_status: rssi=-5, uptime=1083067, reserved=[0, 0, 0, 0, 0, 0]
[23:25:10.127] RX[COM9]  f0
[23:25:10.129] RX[COM9]  fb 00 10 8a a3 00 00 00 00 00 00 0a
[23:25:10.131] PACKET[COM9] ground_station_status: rssi=-5, uptime=1084067, reserved=[0, 0, 0, 0, 0, 0]
[23:25:11.144] RX[COM9]  f0
[23:25:11.145] RX[COM9]  fb 00 10 8e 8b 00 00 00 00 00 00 0a
[23:25:11.149] PACKET[COM9] ground_station_status: rssi=-5, uptime=1085067, reserved=[0, 0, 0, 0, 0, 0]
[23:25:12.116] RX[COM9]  f0
[23:25:12.118] RX[COM9]  fb 00 10 92 73 00 00 00 00 00 00 0a
[23:25:12.120] PACKET[COM9] ground_station_status: rssi=-5, uptime=1086067, reserved=[0, 0, 0, 0, 0, 0]
[23:25:13.137] RX[COM9]  f0
[23:25:13.138] RX[COM9]  fb 00 10 96 5b 00 00 00 00 00 00 0a
[23:25:13.140] PACKET[COM9] ground_station_status: rssi=-5, uptime=1087067, reserved=[0, 0, 0, 0, 0, 0]
[23:25:14.146] RX[COM9]  f0
[23:25:14.148] RX[COM9]  fb 00 10 9a 43 00 00 00 00 00 00 0a
[23:25:14.150] PACKET[COM9] ground_station_status: rssi=-5, uptime=1088067, reserved=[0, 0, 0, 0, 0, 0]
[23:25:15.104] RX[COM9]  f0
[23:25:15.107] RX[COM9]  fb 00 10 9e 2b 00 00 00 00 00 00 0a
[23:25:15.109] PACKET[COM9] ground_station_status: rssi=-5, uptime=1089067, reserved=[0, 0, 0, 0, 0, 0]
[23:25:16.121] RX[COM9]  f0
[23:25:16.123] RX[COM9]  fb 00 10 a2 13 00 00 00 00 00 00 0a
[23:25:16.125] PACKET[COM9] ground_station_status: rssi=-5, uptime=1090067, reserved=[0, 0, 0, 0, 0, 0]
[23:25:17.133] RX[COM9]  f0
[23:25:17.135] RX[COM9]  fb 00 10 a5 fb 00 00 00 00 00 00 0a
[23:25:17.137] PACKET[COM9] ground_station_status: rssi=-5, uptime=1091067, reserved=[0, 0, 0, 0, 0, 0]
[23:25:18.143] RX[COM9]  f0
[23:25:18.145] RX[COM9]  fb 00 10 a9 e3 00 00 00 00 00 00 0a
[23:25:18.147] PACKET[COM9] ground_station_status: rssi=-5, uptime=1092067, reserved=[0, 0, 0, 0, 0, 0]
[23:25:19.106] RX[COM9]  f0
[23:25:19.107] RX[COM9]  fb 00 10 ad cb 00 00 00 00 00 00 0a
[23:25:19.108] PACKET[COM9] ground_station_status: rssi=-5, uptime=1093067, reserved=[0, 0, 0, 0, 0, 0]
[23:25:20.112] RX[COM9]  f0
[23:25:20.113] RX[COM9]  fb 00 10 b1 b3 00 00 00 00 00 00 0a
[23:25:20.115] PACKET[COM9] ground_station_status: rssi=-5, uptime=1094067, reserved=[0, 0, 0, 0, 0, 0]
[23:25:21.124] RX[COM9]  f0
[23:25:21.133] RX[COM9]  fb 00 10 b5 9b 00 00 00 00 00 00 0a
[23:25:21.135] PACKET[COM9] ground_station_status: rssi=-5, uptime=1095067, reserved=[0, 0, 0, 0, 0, 0]
[23:25:22.142] RX[COM9]  f0
[23:25:22.144] RX[COM9]  fb 00 10 b9 83 00 00 00 00 00 00 0a
[23:25:22.146] PACKET[COM9] ground_station_status: rssi=-5, uptime=1096067, reserved=[0, 0, 0, 0, 0, 0]
[23:25:23.103] RX[COM9]  f0
[23:25:23.105] RX[COM9]  fb 00 10 bd 6b 00 00 00 00 00 00 0a
[23:25:23.107] PACKET[COM9] ground_station_status: rssi=-5, uptime=1097067, reserved=[0, 0, 0, 0, 0, 0]
[23:25:24.119] RX[COM9]  f0
[23:25:24.123] RX[COM9]  fb 00 10 c1 53 00 00 00 00 00 00 0a
[23:25:24.125] PACKET[COM9] ground_station_status: rssi=-5, uptime=1098067, reserved=[0, 0, 0, 0, 0, 0]
[23:25:25.134] RX[COM9]  f0
[23:25:25.135] RX[COM9]  fb 00 10 c5 3b 00 00 00 00 00 00 0a
[23:25:25.137] PACKET[COM9] ground_station_status: rssi=-5, uptime=1099067, reserved=[0, 0, 0, 0, 0, 0]
[23:25:26.141] RX[COM9]  f0
[23:25:26.143] RX[COM9]  fb 00 10 c9 23 00 00 00 00 00 00 0a
[23:25:26.145] PACKET[COM9] ground_station_status: rssi=-5, uptime=1100067, reserved=[0, 0, 0, 0, 0, 0]
[23:25:27.150] RX[COM9]  f0
[23:25:27.152] RX[COM9]  fb 00 10 cd 0b 00 00 00 00 00 00 0a
[23:25:27.154] PACKET[COM9] ground_station_status: rssi=-5, uptime=1101067, reserved=[0, 0, 0, 0, 0, 0]
[23:25:28.150] RX[COM9]  f0
[23:25:28.152] RX[COM9]  fb 00 10 d0 f3 00 00 00 00 00 00 0a
[23:25:28.153] PACKET[COM9] ground_station_status: rssi=-5, uptime=1102067, reserved=[0, 0, 0, 0, 0, 0]
[23:25:29.105] RX[COM9]  f0
[23:25:29.107] RX[COM9]  fb 00 10 d4 db 00 00 00 00 00 00 0a
[23:25:29.108] PACKET[COM9] ground_station_status: rssi=-5, uptime=1103067, reserved=[0, 0, 0, 0, 0, 0]
[23:25:30.118] RX[COM9]  f0
[23:25:30.119] RX[COM9]  fb 00 10 d8 c3 00 00 00 00 00 00 0a
[23:25:30.121] PACKET[COM9] ground_station_status: rssi=-5, uptime=1104067, reserved=[0, 0, 0, 0, 0, 0]
[23:25:31.129] RX[COM9]  f0
[23:25:31.131] RX[COM9]  fb 00 10 dc ab 00 00 00 00 00 00 0a
[23:25:31.134] PACKET[COM9] ground_station_status: rssi=-5, uptime=1105067, reserved=[0, 0, 0, 0, 0, 0]
[23:25:32.096] RX[COM9]  f0
[23:25:32.098] RX[COM9]  fb 00 10 e0 93 00 00 00 00 00 00 0a
[23:25:32.100] PACKET[COM9] ground_station_status: rssi=-5, uptime=1106067, reserved=[0, 0, 0, 0, 0, 0]
[23:25:33.106] RX[COM9]  f0
[23:25:33.108] RX[COM9]  fb 00 10 e4 7b 00 00 00 00 00 00 0a
[23:25:33.110] PACKET[COM9] ground_station_status: rssi=-5, uptime=1107067, reserved=[0, 0, 0, 0, 0, 0]
[23:25:34.121] RX[COM9]  f0
[23:25:34.125] RX[COM9]  fb 00 10 e8 63 00 00 00 00 00 00 0a
[23:25:34.129] PACKET[COM9] ground_station_status: rssi=-5, uptime=1108067, reserved=[0, 0, 0, 0, 0, 0]
[23:25:35.133] RX[COM9]  f0
[23:25:35.136] RX[COM9]  fb 00 10 ec 4b 00 00 00 00 00 00 0a
[23:25:35.138] PACKET[COM9] ground_station_status: rssi=-5, uptime=1109067, reserved=[0, 0, 0, 0, 0, 0]
[23:25:36.145] RX[COM9]  f0
[23:25:36.147] RX[COM9]  fb 00 10 f0 33 00 00 00 00 00 00 0a
[23:25:36.149] PACKET[COM9] ground_station_status: rssi=-5, uptime=1110067, reserved=[0, 0, 0, 0, 0, 0]
[23:25:37.154] RX[COM9]  f0
[23:25:37.155] RX[COM9]  fb 00 10 f4 1b 00 00 00 00 00 00 0a
[23:25:37.157] PACKET[COM9] ground_station_status: rssi=-5, uptime=1111067, reserved=[0, 0, 0, 0, 0, 0]
[23:25:38.151] RX[COM9]  f0
[23:25:38.153] RX[COM9]  fb 00 10 f8 03 00 00 00 00 00 00 0a
[23:25:38.154] PACKET[COM9] ground_station_status: rssi=-5, uptime=1112067, reserved=[0, 0, 0, 0, 0, 0]
[23:25:39.105] RX[COM9]  f0
[23:25:39.106] RX[COM9]  fb 00 10 fb eb 00 00 00 00 00 00 0a
[23:25:39.108] PACKET[COM9] ground_station_status: rssi=-5, uptime=1113067, reserved=[0, 0, 0, 0, 0, 0]
[23:25:40.118] RX[COM9]  f0
[23:25:40.119] RX[COM9]  fb 00 10 ff d3 00 00 00 00 00 00 0a
[23:25:40.120] PACKET[COM9] ground_station_status: rssi=-5, uptime=1114067, reserved=[0, 0, 0, 0, 0, 0]
[23:25:41.129] RX[COM9]  f0
[23:25:41.130] RX[COM9]  fb 00 11 03 bb 00 00 00 00 00 00 0a
[23:25:41.132] PACKET[COM9] ground_station_status: rssi=-5, uptime=1115067, reserved=[0, 0, 0, 0, 0, 0]
[23:25:42.136] RX[COM9]  f0
[23:25:42.137] RX[COM9]  fb 00 11 07 a3 00 00 00 00 00 00 0a
[23:25:42.140] PACKET[COM9] ground_station_status: rssi=-5, uptime=1116067, reserved=[0, 0, 0, 0, 0, 0]
[23:25:43.098] RX[COM9]  f0
[23:25:43.100] RX[COM9]  fb 00 11 0b 8b 00 00 00 00 00 00 0a
[23:25:43.102] PACKET[COM9] ground_station_status: rssi=-5, uptime=1117067, reserved=[0, 0, 0, 0, 0, 0]
[23:25:44.107] RX[COM9]  f0
[23:25:44.113] RX[COM9]  fb 00 11 0f 73 00 00 00 00 00 00 0a
[23:25:44.114] PACKET[COM9] ground_station_status: rssi=-5, uptime=1118067, reserved=[0, 0, 0, 0, 0, 0]
[23:25:45.117] RX[COM9]  f0
[23:25:45.119] RX[COM9]  fb 00 11 13 5b 00 00 00 00 00 00 0a
[23:25:45.121] PACKET[COM9] ground_station_status: rssi=-5, uptime=1119067, reserved=[0, 0, 0, 0, 0, 0]
[23:25:46.128] RX[COM9]  f0
[23:25:46.129] RX[COM9]  fb 00 11 17 43 00 00 00 00 00 00 0a
[23:25:46.130] PACKET[COM9] ground_station_status: rssi=-5, uptime=1120067, reserved=[0, 0, 0, 0, 0, 0]
[23:25:47.139] RX[COM9]  f0
[23:25:47.144] RX[COM9]  fb 00 11 1b 2b 00 00 00 00 00 00 0a
[23:25:47.146] PACKET[COM9] ground_station_status: rssi=-5, uptime=1121067, reserved=[0, 0, 0, 0, 0, 0]
[23:25:48.152] RX[COM9]  f0
[23:25:48.154] RX[COM9]  fb 00 11 1f 13 00 00 00 00 00 00 0a
[23:25:48.157] PACKET[COM9] ground_station_status: rssi=-5, uptime=1122067, reserved=[0, 0, 0, 0, 0, 0]
[23:25:49.103] RX[COM9]  f0
[23:25:49.104] RX[COM9]  fb 00 11 22 fb 00 00 00 00 00 00 0a
[23:25:49.105] PACKET[COM9] ground_station_status: rssi=-5, uptime=1123067, reserved=[0, 0, 0, 0, 0, 0]
[23:25:50.115] RX[COM9]  f0
[23:25:50.117] RX[COM9]  fb 00 11 26 e3 00 00 00 00 00 00 0a
[23:25:50.119] PACKET[COM9] ground_station_status: rssi=-5, uptime=1124067, reserved=[0, 0, 0, 0, 0, 0]
[23:25:51.119] RX[COM9]  f0
[23:25:51.122] RX[COM9]  fb 00 11 2a cb 00 00 00 00 00 00 0a
[23:25:51.127] PACKET[COM9] ground_station_status: rssi=-5, uptime=1125067, reserved=[0, 0, 0, 0, 0, 0]
[23:25:52.142] RX[COM9]  f0
[23:25:52.145] RX[COM9]  fb 00 11 2e b3 00 00 00 00 00 00 0a
[23:25:52.148] PACKET[COM9] ground_station_status: rssi=-5, uptime=1126067, reserved=[0, 0, 0, 0, 0, 0]
[23:25:53.131] RX[COM9]  f0
[23:25:53.132] RX[COM9]  fb 00 11 32 9b 00 00 00 00 00 00 0a
[23:25:53.133] PACKET[COM9] ground_station_status: rssi=-5, uptime=1127067, reserved=[0, 0, 0, 0, 0, 0]
[23:25:54.139] RX[COM9]  f0
[23:25:54.140] RX[COM9]  fb 00 11 36 83 00 00 00 00 00 00 0a
[23:25:54.143] PACKET[COM9] ground_station_status: rssi=-5, uptime=1128067, reserved=[0, 0, 0, 0, 0, 0]
[23:25:55.102] RX[COM9]  f0
[23:25:55.104] RX[COM9]  fb 00 11 3a 6b 00 00 00 00 00 00 0a
[23:25:55.107] PACKET[COM9] ground_station_status: rssi=-5, uptime=1129067, reserved=[0, 0, 0, 0, 0, 0]
[23:25:56.111] RX[COM9]  f0
[23:25:56.114] RX[COM9]  fb 00 11 3e 53 00 00 00 00 00 00 0a
[23:25:56.116] PACKET[COM9] ground_station_status: rssi=-5, uptime=1130067, reserved=[0, 0, 0, 0, 0, 0]
[23:25:57.123] RX[COM9]  f0
[23:25:57.125] RX[COM9]  fb 00 11 42 3b 00 00 00 00 00 00 0a
[23:25:57.127] PACKET[COM9] ground_station_status: rssi=-5, uptime=1131067, reserved=[0, 0, 0, 0, 0, 0]
[23:25:58.122] RX[COM9]  f0
[23:25:58.124] RX[COM9]  fb 00 11 46 23 00 00 00 00 00 00 0a
[23:25:58.125] PACKET[COM9] ground_station_status: rssi=-5, uptime=1132067, reserved=[0, 0, 0, 0, 0, 0]
[23:25:59.122] RX[COM9]  f0
[23:25:59.124] RX[COM9]  fb 00 11 4a 0b 00 00 00 00 00 00 0a
[23:25:59.127] PACKET[COM9] ground_station_status: rssi=-5, uptime=1133067, reserved=[0, 0, 0, 0, 0, 0]
[23:26:00.133] RX[COM9]  f0
[23:26:00.138] RX[COM9]  fb 00 11 4d f3 00 00 00 00 00 00 0a
[23:26:00.140] PACKET[COM9] ground_station_status: rssi=-5, uptime=1134067, reserved=[0, 0, 0, 0, 0, 0]
[23:26:01.139] RX[COM9]  f0
[23:26:01.140] RX[COM9]  fb 00 11 51 db 00 00 00 00 00 00 0a
[23:26:01.142] PACKET[COM9] ground_station_status: rssi=-5, uptime=1135067, reserved=[0, 0, 0, 0, 0, 0]
[23:26:02.093] RX[COM9]  f0
[23:26:02.094] RX[COM9]  fb 00 11 55 c3 00 00 00 00 00 00 0a
[23:26:02.097] PACKET[COM9] ground_station_status: rssi=-5, uptime=1136067, reserved=[0, 0, 0, 0, 0, 0]
[23:26:03.107] RX[COM9]  f0
[23:26:03.108] RX[COM9]  fb 00 11 59 ab 00 00 00 00 00 00 0a
[23:26:03.110] PACKET[COM9] ground_station_status: rssi=-5, uptime=1137067, reserved=[0, 0, 0, 0, 0, 0]
[23:26:04.122] RX[COM9]  f0
[23:26:04.123] RX[COM9]  fb 00 11 5d 93 00 00 00 00 00 00 0a
[23:26:04.125] PACKET[COM9] ground_station_status: rssi=-5, uptime=1138067, reserved=[0, 0, 0, 0, 0, 0]
[23:26:05.130] RX[COM9]  f0
[23:26:05.131] RX[COM9]  fb 00 11 61 7b 00 00 00 00 00 00 0a
[23:26:05.133] PACKET[COM9] ground_station_status: rssi=-5, uptime=1139067, reserved=[0, 0, 0, 0, 0, 0]
[23:26:06.093] RX[COM9]  f0
[23:26:06.103] RX[COM9]  fb 00 11 65 63 00 00 00 00 00 00 0a
[23:26:06.106] PACKET[COM9] ground_station_status: rssi=-5, uptime=1140067, reserved=[0, 0, 0, 0, 0, 0]
[23:26:07.104] RX[COM9]  f0
[23:26:07.106] RX[COM9]  fb 00 11 69 4b 00 00 00 00 00 00 0a
[23:26:07.107] PACKET[COM9] ground_station_status: rssi=-5, uptime=1141067, reserved=[0, 0, 0, 0, 0, 0]
[23:26:08.110] RX[COM9]  f0
[23:26:08.112] RX[COM9]  fb 00 11 6d 33 00 00 00 00 00 00 0a
[23:26:08.114] PACKET[COM9] ground_station_status: rssi=-5, uptime=1142067, reserved=[0, 0, 0, 0, 0, 0]
[23:26:09.116] RX[COM9]  f0
[23:26:09.118] RX[COM9]  fb 00 11 71 1b 00 00 00 00 00 00 0a
[23:26:09.120] PACKET[COM9] ground_station_status: rssi=-5, uptime=1143067, reserved=[0, 0, 0, 0, 0, 0]
[23:26:10.127] RX[COM9]  f0
[23:26:10.129] RX[COM9]  fb 00 11 75 03 00 00 00 00 00 00 0a
[23:26:10.130] PACKET[COM9] ground_station_status: rssi=-5, uptime=1144067, reserved=[0, 0, 0, 0, 0, 0]
[23:26:11.141] RX[COM9]  f0
[23:26:11.145] RX[COM9]  fb 00 11 78 eb 00 00 00 00 00 00 0a
[23:26:11.148] PACKET[COM9] ground_station_status: rssi=-5, uptime=1145067, reserved=[0, 0, 0, 0, 0, 0]
[23:26:12.094] RX[COM9]  f0
[23:26:12.095] RX[COM9]  fb 00 11 7c d3 00 00 00 00 00 00 0a
[23:26:12.096] PACKET[COM9] ground_station_status: rssi=-5, uptime=1146067, reserved=[0, 0, 0, 0, 0, 0]
[23:26:13.103] RX[COM9]  f0
[23:26:13.104] RX[COM9]  fb 00 11 80 bb 00 00 00 00 00 00 0a
[23:26:13.109] PACKET[COM9] ground_station_status: rssi=-5, uptime=1147067, reserved=[0, 0, 0, 0, 0, 0]
[23:26:14.116] RX[COM9]  f0
[23:26:14.117] RX[COM9]  fb 00 11 84 a3 00 00 00 00 00 00 0a
[23:26:14.119] PACKET[COM9] ground_station_status: rssi=-5, uptime=1148067, reserved=[0, 0, 0, 0, 0, 0]
[23:26:15.113] RX[COM9]  f0
[23:26:15.114] RX[COM9]  fb 00 11 88 8b 00 00 00 00 00 00 0a
[23:26:15.115] PACKET[COM9] ground_station_status: rssi=-5, uptime=1149067, reserved=[0, 0, 0, 0, 0, 0]
[23:26:16.125] RX[COM9]  f0
[23:26:16.126] RX[COM9]  fb 00 11 8c 73 00 00 00 00 00 00 0a
[23:26:16.128] PACKET[COM9] ground_station_status: rssi=-5, uptime=1150067, reserved=[0, 0, 0, 0, 0, 0]
[23:26:17.139] RX[COM9]  f0
[23:26:17.140] RX[COM9]  fb 00 11 90 5b 00 00 00 00 00 00 0a
[23:26:17.142] PACKET[COM9] ground_station_status: rssi=-5, uptime=1151067, reserved=[0, 0, 0, 0, 0, 0]
[23:26:18.094] RX[COM9]  f0
[23:26:18.096] RX[COM9]  fb 00 11 94 43 00 00 00 00 00 00 0a
[23:26:18.097] PACKET[COM9] ground_station_status: rssi=-5, uptime=1152067, reserved=[0, 0, 0, 0, 0, 0]
[23:26:19.103] RX[COM9]  f0
[23:26:19.105] RX[COM9]  fb 00 11 98 2b 00 00 00 00 00 00 0a
[23:26:19.107] PACKET[COM9] ground_station_status: rssi=-5, uptime=1153067, reserved=[0, 0, 0, 0, 0, 0]
[23:26:20.115] RX[COM9]  f0
[23:26:20.118] RX[COM9]  fb 00 11 9c 13 00 00 00 00 00 00 0a
[23:26:20.120] PACKET[COM9] ground_station_status: rssi=-5, uptime=1154067, reserved=[0, 0, 0, 0, 0, 0]
[23:26:21.123] RX[COM9]  f0
[23:26:21.125] RX[COM9]  fb 00 11 9f fb 00 00 00 00 00 00 0a
[23:26:21.127] PACKET[COM9] ground_station_status: rssi=-5, uptime=1155067, reserved=[0, 0, 0, 0, 0, 0]
[23:26:22.133] RX[COM9]  f0
[23:26:22.135] RX[COM9]  fb 00 11 a3 e3 00 00 00 00 00 00 0a
[23:26:22.138] PACKET[COM9] ground_station_status: rssi=-5, uptime=1156067, reserved=[0, 0, 0, 0, 0, 0]
[23:26:23.088] RX[COM9]  f0
[23:26:23.090] RX[COM9]  fb 00 11 a7 cb 00 00 00 00 00 00 0a
[23:26:23.091] PACKET[COM9] ground_station_status: rssi=-5, uptime=1157067, reserved=[0, 0, 0, 0, 0, 0]
[23:26:24.101] RX[COM9]  f0
[23:26:24.103] RX[COM9]  fb 00 11 ab b3 00 00 00 00 00 00 0a
[23:26:24.105] PACKET[COM9] ground_station_status: rssi=-5, uptime=1158067, reserved=[0, 0, 0, 0, 0, 0]
[23:26:25.111] RX[COM9]  f0
[23:26:25.112] RX[COM9]  fb 00 11 af 9b 00 00 00 00 00 00 0a
[23:26:25.114] PACKET[COM9] ground_station_status: rssi=-5, uptime=1159067, reserved=[0, 0, 0, 0, 0, 0]
[23:26:26.120] RX[COM9]  f0
[23:26:26.122] RX[COM9]  fb 00 11 b3 83 00 00 00 00 00 00 0a
[23:26:26.127] PACKET[COM9] ground_station_status: rssi=-5, uptime=1160067, reserved=[0, 0, 0, 0, 0, 0]
[23:26:27.127] RX[COM9]  f0
[23:26:27.128] RX[COM9]  fb 00 11 b7 6b 00 00 00 00 00 00 0a
[23:26:27.129] PACKET[COM9] ground_station_status: rssi=-5, uptime=1161067, reserved=[0, 0, 0, 0, 0, 0]
[23:26:28.120] RX[COM9]  f0
[23:26:28.121] RX[COM9]  fb 00 11 bb 53 00 00 00 00 00 00 0a
[23:26:28.123] PACKET[COM9] ground_station_status: rssi=-5, uptime=1162067, reserved=[0, 0, 0, 0, 0, 0]
[23:26:29.123] RX[COM9]  f0
[23:26:29.124] RX[COM9]  fb 00 11 bf 3b 00 00 00 00 00 00 0a
[23:26:29.126] PACKET[COM9] ground_station_status: rssi=-5, uptime=1163067, reserved=[0, 0, 0, 0, 0, 0]
[23:26:30.089] RX[COM9]  f0
[23:26:30.091] RX[COM9]  fb 00 11 c3 23 00 00 00 00 00 00 0a
[23:26:30.092] PACKET[COM9] ground_station_status: rssi=-5, uptime=1164067, reserved=[0, 0, 0, 0, 0, 0]
[23:26:31.103] RX[COM9]  f0
[23:26:31.106] RX[COM9]  fb 00 11 c7 0b 00 00 00 00 00 00 0a
[23:26:31.108] PACKET[COM9] ground_station_status: rssi=-5, uptime=1165067, reserved=[0, 0, 0, 0, 0, 0]
[23:26:32.113] RX[COM9]  f0
[23:26:32.114] RX[COM9]  fb 00 11 ca f3 00 00 00 00 00 00 0a
[23:26:32.116] PACKET[COM9] ground_station_status: rssi=-5, uptime=1166067, reserved=[0, 0, 0, 0, 0, 0]
[23:26:33.125] RX[COM9]  f0
[23:26:33.127] RX[COM9]  fb 00 11 ce db 00 00 00 00 00 00 0a
[23:26:33.130] PACKET[COM9] ground_station_status: rssi=-5, uptime=1167067, reserved=[0, 0, 0, 0, 0, 0]
[23:26:34.133] RX[COM9]  f0
[23:26:34.135] RX[COM9]  fb 00 11 d2 c3 00 00 00 00 00 00 0a
[23:26:34.136] PACKET[COM9] ground_station_status: rssi=-5, uptime=1168067, reserved=[0, 0, 0, 0, 0, 0]
[23:26:35.144] RX[COM9]  f0
[23:26:35.146] RX[COM9]  fb 00 11 d6 ab 00 00 00 00 00 00 0a
[23:26:35.148] PACKET[COM9] ground_station_status: rssi=-5, uptime=1169067, reserved=[0, 0, 0, 0, 0, 0]
[23:26:36.096] RX[COM9]  f0
[23:26:36.098] RX[COM9]  fb 00 11 da 93 00 00 00 00 00 00 0a
[23:26:36.100] PACKET[COM9] ground_station_status: rssi=-5, uptime=1170067, reserved=[0, 0, 0, 0, 0, 0]
[23:26:37.106] RX[COM9]  f0
[23:26:37.107] RX[COM9]  fb 00 11 de 7b 00 00 00 00 00 00 0a
[23:26:37.108] PACKET[COM9] ground_station_status: rssi=-5, uptime=1171067, reserved=[0, 0, 0, 0, 0, 0]
[23:26:38.117] RX[COM9]  f0
[23:26:38.119] RX[COM9]  fb 00 11 e2 63 00 00 00 00 00 00 0a
[23:26:38.120] PACKET[COM9] ground_station_status: rssi=-5, uptime=1172067, reserved=[0, 0, 0, 0, 0, 0]
[23:26:39.129] RX[COM9]  f0
[23:26:39.131] RX[COM9]  fb 00 11 e6 4b 00 00 00 00 00 00 0a
[23:26:39.133] PACKET[COM9] ground_station_status: rssi=-5, uptime=1173067, reserved=[0, 0, 0, 0, 0, 0]
[23:26:40.093] RX[COM9]  f0
[23:26:40.096] RX[COM9]  fb 00 11 ea 33 00 00 00 00 00 00 0a
[23:26:40.098] PACKET[COM9] ground_station_status: rssi=-5, uptime=1174067, reserved=[0, 0, 0, 0, 0, 0]
[23:26:41.105] RX[COM9]  f0
[23:26:41.107] RX[COM9]  fb 00 11 ee 1b 00 00 00 00 00 00 0a
[23:26:41.109] PACKET[COM9] ground_station_status: rssi=-5, uptime=1175067, reserved=[0, 0, 0, 0, 0, 0]
[23:26:42.120] RX[COM9]  f0
[23:26:42.125] RX[COM9]  fb 00 11 f2 03 00 00 00 00 00 00 0a
[23:26:42.127] PACKET[COM9] ground_station_status: rssi=-5, uptime=1176067, reserved=[0, 0, 0, 0, 0, 0]
[23:26:43.131] RX[COM9]  f0
[23:26:43.133] RX[COM9]  fb 00 11 f5 eb 00 00 00 00 00 00 0a
[23:26:43.136] PACKET[COM9] ground_station_status: rssi=-5, uptime=1177067, reserved=[0, 0, 0, 0, 0, 0]
[23:26:44.084] RX[COM9]  f0
[23:26:44.085] RX[COM9]  fb 00 11 f9 d3 00 00 00 00 00 00 0a
[23:26:44.087] PACKET[COM9] ground_station_status: rssi=-5, uptime=1178067, reserved=[0, 0, 0, 0, 0, 0]
[23:26:45.097] RX[COM9]  f0
[23:26:45.098] RX[COM9]  fb 00 11 fd bb 00 00 00 00 00 00 0a
[23:26:45.099] PACKET[COM9] ground_station_status: rssi=-5, uptime=1179067, reserved=[0, 0, 0, 0, 0, 0]
[23:26:46.106] RX[COM9]  f0
[23:26:46.107] RX[COM9]  fb 00 12 01 a3 00 00 00 00 00 00 0a
[23:26:46.109] PACKET[COM9] ground_station_status: rssi=-5, uptime=1180067, reserved=[0, 0, 0, 0, 0, 0]
[23:26:47.117] RX[COM9]  f0
[23:26:47.118] RX[COM9]  fb 00 12 05 8b 00 00 00 00 00 00 0a
[23:26:47.119] PACKET[COM9] ground_station_status: rssi=-5, uptime=1181067, reserved=[0, 0, 0, 0, 0, 0]
[23:26:48.131] RX[COM9]  f0
[23:26:48.133] RX[COM9]  fb 00 12 09 73 00 00 00 00 00 00 0a
[23:26:48.135] PACKET[COM9] ground_station_status: rssi=-5, uptime=1182067, reserved=[0, 0, 0, 0, 0, 0]
[23:26:49.089] RX[COM9]  f0
[23:26:49.091] RX[COM9]  fb 00 12 0d 5b 00 00 00 00 00 00 0a
[23:26:49.093] PACKET[COM9] ground_station_status: rssi=-5, uptime=1183067, reserved=[0, 0, 0, 0, 0, 0]
[23:26:50.101] RX[COM9]  f0
[23:26:50.103] RX[COM9]  fb 00 12 11 43 00 00 00 00 00 00 0a
[23:26:50.104] PACKET[COM9] ground_station_status: rssi=-5, uptime=1184067, reserved=[0, 0, 0, 0, 0, 0]
[23:26:51.100] RX[COM9]  f0
[23:26:51.103] RX[COM9]  fb 00 12 15 2b 00 00 00 00 00 00 0a
[23:26:51.105] PACKET[COM9] ground_station_status: rssi=-5, uptime=1185067, reserved=[0, 0, 0, 0, 0, 0]
[23:26:52.100] RX[COM9]  f0
[23:26:52.101] RX[COM9]  fb 00 12 19 13 00 00 00 00 00 00 0a
[23:26:52.103] PACKET[COM9] ground_station_status: rssi=-5, uptime=1186067, reserved=[0, 0, 0, 0, 0, 0]
[23:26:53.104] RX[COM9]  f0
[23:26:53.106] RX[COM9]  fb 00 12 1c fb 00 00 00 00 00 00 0a
[23:26:53.107] PACKET[COM9] ground_station_status: rssi=-5, uptime=1187067, reserved=[0, 0, 0, 0, 0, 0]
[23:26:54.114] RX[COM9]  f0
[23:26:54.116] RX[COM9]  fb 00 12 20 e3 00 00 00 00 00 00 0a
[23:26:54.118] PACKET[COM9] ground_station_status: rssi=-5, uptime=1188067, reserved=[0, 0, 0, 0, 0, 0]
[23:26:55.119] RX[COM9]  f0
[23:26:55.123] RX[COM9]  fb 00 12 24 cb 00 00 00 00 00 00 0a
[23:26:55.125] PACKET[COM9] ground_station_status: rssi=-5, uptime=1189067, reserved=[0, 0, 0, 0, 0, 0]
[23:26:56.128] RX[COM9]  f0
[23:26:56.129] RX[COM9]  fb 00 12 28 b3 00 00 00 00 00 00 0a
[23:26:56.131] PACKET[COM9] ground_station_status: rssi=-5, uptime=1190067, reserved=[0, 0, 0, 0, 0, 0]
[23:26:57.134] RX[COM9]  f0
[23:26:57.138] RX[COM9]  fb 00 12 2c 9b 00 00 00 00 00 00 0a
[23:26:57.140] PACKET[COM9] ground_station_status: rssi=-5, uptime=1191067, reserved=[0, 0, 0, 0, 0, 0]
[23:26:58.083] RX[COM9]  f0
[23:26:58.085] RX[COM9]  fb 00 12 30 83 00 00 00 00 00 00 0a
[23:26:58.087] PACKET[COM9] ground_station_status: rssi=-5, uptime=1192067, reserved=[0, 0, 0, 0, 0, 0]
[23:26:59.096] RX[COM9]  f0
[23:26:59.097] RX[COM9]  fb 00 12 34 6b 00 00 00 00 00 00 0a
[23:26:59.098] PACKET[COM9] ground_station_status: rssi=-5, uptime=1193067, reserved=[0, 0, 0, 0, 0, 0]
[23:27:00.099] RX[COM9]  f0
[23:27:00.100] RX[COM9]  fb 00 12 38 53 00 00 00 00 00 00 0a
[23:27:00.103] PACKET[COM9] ground_station_status: rssi=-5, uptime=1194067, reserved=[0, 0, 0, 0, 0, 0]
[23:27:01.124] RX[COM9]  f0
[23:27:01.126] RX[COM9]  fb 00 12 3c 3b 00 00 00 00 00 00 0a
[23:27:01.129] PACKET[COM9] ground_station_status: rssi=-5, uptime=1195067, reserved=[0, 0, 0, 0, 0, 0]
[23:27:02.099] RX[COM9]  f0
[23:27:02.101] RX[COM9]  fb 00 12 40 23 00 00 00 00 00 00 0a
[23:27:02.103] PACKET[COM9] ground_station_status: rssi=-5, uptime=1196067, reserved=[0, 0, 0, 0, 0, 0]
[23:27:03.105] RX[COM9]  f0
[23:27:03.107] RX[COM9]  fb 00 12 44 0b 00 00 00 00 00 00 0a
[23:27:03.109] PACKET[COM9] ground_station_status: rssi=-5, uptime=1197067, reserved=[0, 0, 0, 0, 0, 0]
[23:27:04.107] RX[COM9]  f0
[23:27:04.107] RX[COM9]  fb 00 12 47 f3 00 00 00 00 00 00 0a
[23:27:04.109] PACKET[COM9] ground_station_status: rssi=-5, uptime=1198067, reserved=[0, 0, 0, 0, 0, 0]
[23:27:05.118] RX[COM9]  f0
[23:27:05.120] RX[COM9]  fb 00 12 4b db 00 00 00 00 00 00 0a
[23:27:05.121] PACKET[COM9] ground_station_status: rssi=-5, uptime=1199067, reserved=[0, 0, 0, 0, 0, 0]
[23:27:06.129] RX[COM9]  f0
[23:27:06.131] RX[COM9]  fb 00 12 4f c3 00 00 00 00 00 00 0a
[23:27:06.132] PACKET[COM9] ground_station_status: rssi=-5, uptime=1200067, reserved=[0, 0, 0, 0, 0, 0]
[23:27:07.086] RX[COM9]  f0
[23:27:07.088] RX[COM9]  fb 00 12 53 ab 00 00 00 00 00 00 0a
[23:27:07.090] PACKET[COM9] ground_station_status: rssi=-5, uptime=1201067, reserved=[0, 0, 0, 0, 0, 0]
[23:27:08.093] RX[COM9]  f0
[23:27:08.095] RX[COM9]  fb 00 12 57 93 00 00 00 00 00 00 0a
[23:27:08.097] PACKET[COM9] ground_station_status: rssi=-5, uptime=1202067, reserved=[0, 0, 0, 0, 0, 0]
[23:27:09.100] RX[COM9]  f0
[23:27:09.102] RX[COM9]  fb 00 12 5b 7b 00 00 00 00 00 00 0a
[23:27:09.103] PACKET[COM9] ground_station_status: rssi=-5, uptime=1203067, reserved=[0, 0, 0, 0, 0, 0]
[23:27:10.121] RX[COM9]  f0
[23:27:10.123] RX[COM9]  fb 00 12 5f 63 00 00 00 00 00 00 0a
[23:27:10.125] PACKET[COM9] ground_station_status: rssi=-5, uptime=1204067, reserved=[0, 0, 0, 0, 0, 0]
[23:27:11.131] RX[COM9]  f0
[23:27:11.132] RX[COM9]  fb 00 12 63 4b 00 00 00 00 00 00 0a
[23:27:11.133] PACKET[COM9] ground_station_status: rssi=-5, uptime=1205067, reserved=[0, 0, 0, 0, 0, 0]
[23:27:12.085] RX[COM9]  f0
[23:27:12.086] RX[COM9]  fb 00 12 67 33 00 00 00 00 00 00 0a
[23:27:12.087] PACKET[COM9] ground_station_status: rssi=-5, uptime=1206067, reserved=[0, 0, 0, 0, 0, 0]
[23:27:13.095] RX[COM9]  f0
[23:27:13.096] RX[COM9]  fb 00 12 6b 1b 00 00 00 00 00 00 0a
[23:27:13.097] PACKET[COM9] ground_station_status: rssi=-5, uptime=1207067, reserved=[0, 0, 0, 0, 0, 0]
[23:27:14.112] RX[COM9]  f0
[23:27:14.113] RX[COM9]  fb 00 12 6f 03 00 00 00 00 00 00 0a
[23:27:14.113] PACKET[COM9] ground_station_status: rssi=-5, uptime=1208067, reserved=[0, 0, 0, 0, 0, 0]
[23:27:15.124] RX[COM9]  f0
[23:27:15.125] RX[COM9]  fb 00 12 72 eb 00 00 00 00 00 00 0a
[23:27:15.125] PACKET[COM9] ground_station_status: rssi=-5, uptime=1209067, reserved=[0, 0, 0, 0, 0, 0]
[23:27:16.080] RX[COM9]  f0
[23:27:16.081] RX[COM9]  fb 00 12 76 d3 00 00 00 00 00 00 0a
[23:27:16.083] PACKET[COM9] ground_station_status: rssi=-5, uptime=1210067, reserved=[0, 0, 0, 0, 0, 0]
[23:27:17.092] RX[COM9]  f0
[23:27:17.094] RX[COM9]  fb 00 12 7a bb 00 00 00 00 00 00 0a
[23:27:17.095] PACKET[COM9] ground_station_status: rssi=-5, uptime=1211067, reserved=[0, 0, 0, 0, 0, 0]
[23:27:18.101] RX[COM9]  f0
[23:27:18.103] RX[COM9]  fb 00 12 7e a3 00 00 00 00 00 00 0a
[23:27:18.104] PACKET[COM9] ground_station_status: rssi=-5, uptime=1212067, reserved=[0, 0, 0, 0, 0, 0]
[23:27:19.107] RX[COM9]  f0
[23:27:19.108] RX[COM9]  fb 00 12 82 8b 00 00 00 00 00 00 0a
[23:27:19.110] PACKET[COM9] ground_station_status: rssi=-5, uptime=1213067, reserved=[0, 0, 0, 0, 0, 0]
[23:27:20.112] RX[COM9]  f0
[23:27:20.113] RX[COM9]  fb 00 12 86 73 00 00 00 00 00 00 0a
[23:27:20.114] PACKET[COM9] ground_station_status: rssi=-5, uptime=1214067, reserved=[0, 0, 0, 0, 0, 0]
[23:27:21.097] RX[COM9]  f0
[23:27:21.100] RX[COM9]  fb 00 12 8a 5b 00 00 00 00 00 00 0a
[23:27:21.102] PACKET[COM9] ground_station_status: rssi=-5, uptime=1215067, reserved=[0, 0, 0, 0, 0, 0]
[23:27:22.089] RX[COM9]  f0
[23:27:22.091] RX[COM9]  fb 00 12 8e 43 00 00 00 00 00 00 0a
[23:27:22.093] PACKET[COM9] ground_station_status: rssi=-5, uptime=1216067, reserved=[0, 0, 0, 0, 0, 0]
[23:27:23.117] RX[COM9]  f0
[23:27:23.119] RX[COM9]  fb 00 12 92 2b 00 00 00 00 00 00 0a
[23:27:23.120] PACKET[COM9] ground_station_status: rssi=-5, uptime=1217067, reserved=[0, 0, 0, 0, 0, 0]
[23:27:24.131] RX[COM9]  f0
[23:27:24.133] RX[COM9]  fb 00 12 96 13 00 00 00 00 00 00 0a
[23:27:24.134] PACKET[COM9] ground_station_status: rssi=-5, uptime=1218067, reserved=[0, 0, 0, 0, 0, 0]
[23:27:25.081] RX[COM9]  f0
[23:27:25.082] RX[COM9]  fb 00 12 99 fb 00 00 00 00 00 00 0a
[23:27:25.084] PACKET[COM9] ground_station_status: rssi=-5, uptime=1219067, reserved=[0, 0, 0, 0, 0, 0]
[23:27:26.090] RX[COM9]  f0
[23:27:26.091] RX[COM9]  fb 00 12 9d e3 00 00 00 00 00 00 0a
[23:27:26.093] PACKET[COM9] ground_station_status: rssi=-5, uptime=1220067, reserved=[0, 0, 0, 0, 0, 0]
[23:27:27.103] RX[COM9]  f0
[23:27:27.105] RX[COM9]  fb 00 12 a1 cb 00 00 00 00 00 00 0a
[23:27:27.106] PACKET[COM9] ground_station_status: rssi=-5, uptime=1221067, reserved=[0, 0, 0, 0, 0, 0]
[23:27:28.110] RX[COM9]  f0
[23:27:28.111] RX[COM9]  fb 00 12 a5 b3 00 00 00 00 00 00 0a
[23:27:28.112] PACKET[COM9] ground_station_status: rssi=-5, uptime=1222067, reserved=[0, 0, 0, 0, 0, 0]
[23:27:29.122] RX[COM9]  f0
[23:27:29.123] RX[COM9]  fb 00 12 a9 9b 00 00 00 00 00 00 0a
[23:27:29.125] PACKET[COM9] ground_station_status: rssi=-5, uptime=1223067, reserved=[0, 0, 0, 0, 0, 0]
[23:27:30.076] RX[COM9]  f0
[23:27:30.078] RX[COM9]  fb 00 12 ad 83 00 00 00 00 00 00 0a
[23:27:30.080] PACKET[COM9] ground_station_status: rssi=-5, uptime=1224067, reserved=[0, 0, 0, 0, 0, 0]
[23:27:31.083] RX[COM9]  f0
[23:27:31.089] RX[COM9]  fb 00 12 b1 6b 00 00 00 00 00 00 0a
[23:27:31.091] PACKET[COM9] ground_station_status: rssi=-5, uptime=1225067, reserved=[0, 0, 0, 0, 0, 0]
[23:27:32.092] RX[COM9]  f0
[23:27:32.097] RX[COM9]  fb 00 12 b5 53 00 00 00 00 00 00 0a
[23:27:32.098] PACKET[COM9] ground_station_status: rssi=-5, uptime=1226067, reserved=[0, 0, 0, 0, 0, 0]
[23:27:33.089] RX[COM9]  f0
[23:27:33.091] RX[COM9]  fb 00 12 b9 3b 00 00 00 00 00 00 0a
[23:27:33.093] PACKET[COM9] ground_station_status: rssi=-5, uptime=1227067, reserved=[0, 0, 0, 0, 0, 0]
[23:27:34.099] RX[COM9]  f0
[23:27:34.101] RX[COM9]  fb 00 12 bd 23 00 00 00 00 00 00 0a
[23:27:34.103] PACKET[COM9] ground_station_status: rssi=-5, uptime=1228067, reserved=[0, 0, 0, 0, 0, 0]
[23:27:35.107] RX[COM9]  f0
[23:27:35.109] RX[COM9]  fb 00 12 c1 0b 00 00 00 00 00 00 0a
[23:27:35.110] PACKET[COM9] ground_station_status: rssi=-5, uptime=1229067, reserved=[0, 0, 0, 0, 0, 0]
[23:27:36.115] RX[COM9]  f0
[23:27:36.118] RX[COM9]  fb 00 12 c4 f3 00 00 00 00 00 00 0a
[23:27:36.120] PACKET[COM9] ground_station_status: rssi=-5, uptime=1230067, reserved=[0, 0, 0, 0, 0, 0]
[23:27:37.128] RX[COM9]  f0
[23:27:37.130] RX[COM9]  fb 00 12 c8 db 00 00 00 00 00 00 0a
[23:27:37.132] PACKET[COM9] ground_station_status: rssi=-5, uptime=1231067, reserved=[0, 0, 0, 0, 0, 0]
[23:27:38.079] RX[COM9]  f0
[23:27:38.081] RX[COM9]  fb 00 12 cc c3 00 00 00 00 00 00 0a
[23:27:38.083] PACKET[COM9] ground_station_status: rssi=-5, uptime=1232067, reserved=[0, 0, 0, 0, 0, 0]
[23:27:39.092] RX[COM9]  f0
[23:27:39.093] RX[COM9]  fb 00 12 d0 ab 00 00 00 00 00 00 0a
[23:27:39.094] PACKET[COM9] ground_station_status: rssi=-5, uptime=1233067, reserved=[0, 0, 0, 0, 0, 0]
[23:27:40.105] RX[COM9]  f0
[23:27:40.106] RX[COM9]  fb 00 12 d4 93 00 00 00 00 00 00 0a
[23:27:40.107] PACKET[COM9] ground_station_status: rssi=-5, uptime=1234067, reserved=[0, 0, 0, 0, 0, 0]
[23:27:41.116] RX[COM9]  f0
[23:27:41.118] RX[COM9]  fb 00 12 d8 7b 00 00 00 00 00 00 0a
[23:27:41.120] PACKET[COM9] ground_station_status: rssi=-5, uptime=1235067, reserved=[0, 0, 0, 0, 0, 0]
[23:27:42.074] RX[COM9]  f0
[23:27:42.079] RX[COM9]  fb 00 12 dc 63 00 00 00 00 00 00 0a
[23:27:42.081] PACKET[COM9] ground_station_status: rssi=-5, uptime=1236067, reserved=[0, 0, 0, 0, 0, 0]
[23:27:43.081] RX[COM9]  f0
[23:27:43.085] RX[COM9]  fb 00 12 e0 4b 00 00 00 00 00 00 0a
[23:27:43.087] PACKET[COM9] ground_station_status: rssi=-5, uptime=1237067, reserved=[0, 0, 0, 0, 0, 0]
[23:27:44.098] RX[COM9]  f0
[23:27:44.102] RX[COM9]  fb 00 12 e4 33 00 00 00 00 00 00 0a
[23:27:44.104] PACKET[COM9] ground_station_status: rssi=-5, uptime=1238067, reserved=[0, 0, 0, 0, 0, 0]
[23:27:45.110] RX[COM9]  f0
[23:27:45.112] RX[COM9]  fb 00 12 e8 1b 00 00 00 00 00 00 0a
[23:27:45.115] PACKET[COM9] ground_station_status: rssi=-5, uptime=1239067, reserved=[0, 0, 0, 0, 0, 0]
[23:27:46.127] RX[COM9]  f0
[23:27:46.129] RX[COM9]  fb 00 12 ec 03 00 00 00 00 00 00 0a
[23:27:46.131] PACKET[COM9] ground_station_status: rssi=-5, uptime=1240067, reserved=[0, 0, 0, 0, 0, 0]
[23:27:47.077] RX[COM9]  f0
[23:27:47.079] RX[COM9]  fb 00 12 ef eb 00 00 00 00 00 00 0a
[23:27:47.081] PACKET[COM9] ground_station_status: rssi=-5, uptime=1241067, reserved=[0, 0, 0, 0, 0, 0]
[23:27:48.090] RX[COM9]  f0
[23:27:48.092] RX[COM9]  fb 00 12 f3 d3 00 00 00 00 00 00 0a
[23:27:48.093] PACKET[COM9] ground_station_status: rssi=-5, uptime=1242067, reserved=[0, 0, 0, 0, 0, 0]
[23:27:49.110] RX[COM9]  f0
[23:27:49.111] RX[COM9]  fb 00 12 f7 bb 00 00 00 00 00 00 0a
[23:27:49.114] PACKET[COM9] ground_station_status: rssi=-5, uptime=1243067, reserved=[0, 0, 0, 0, 0, 0]
[23:27:50.119] RX[COM9]  f0
[23:27:50.120] RX[COM9]  fb 00 12 fb a3 00 00 00 00 00 00 0a
[23:27:50.121] PACKET[COM9] ground_station_status: rssi=-5, uptime=1244067, reserved=[0, 0, 0, 0, 0, 0]
[23:27:51.081] RX[COM9]  f0
[23:27:51.086] RX[COM9]  fb 00 12 ff 8b 00 00 00 00 00 00 0a
[23:27:51.088] PACKET[COM9] ground_station_status: rssi=-5, uptime=1245067, reserved=[0, 0, 0, 0, 0, 0]
[23:27:52.090] RX[COM9]  f0
[23:27:52.091] RX[COM9]  fb 00 13 03 73 00 00 00 00 00 00 0a
[23:27:52.093] PACKET[COM9] ground_station_status: rssi=-5, uptime=1246067, reserved=[0, 0, 0, 0, 0, 0]
[23:27:53.104] RX[COM9]  f0
[23:27:53.106] RX[COM9]  fb 00 13 07 5b 00 00 00 00 00 00 0a
[23:27:53.108] PACKET[COM9] ground_station_status: rssi=-5, uptime=1247067, reserved=[0, 0, 0, 0, 0, 0]
[23:27:54.111] RX[COM9]  f0
[23:27:54.113] RX[COM9]  fb 00 13 0b 43 00 00 00 00 00 00 0a
[23:27:54.116] PACKET[COM9] ground_station_status: rssi=-5, uptime=1248067, reserved=[0, 0, 0, 0, 0, 0]
[23:27:55.119] RX[COM9]  f0
[23:27:55.129] RX[COM9]  fb 00 13 0f 2b 00 00 00 00 00 00 0a
[23:27:55.131] PACKET[COM9] ground_station_status: rssi=-5, uptime=1249067, reserved=[0, 0, 0, 0, 0, 0]
[23:27:56.070] RX[COM9]  f0
[23:27:56.072] RX[COM9]  fb 00 13 13 13 00 00 00 00 00 00 0a
[23:27:56.073] PACKET[COM9] ground_station_status: rssi=-5, uptime=1250067, reserved=[0, 0, 0, 0, 0, 0]
[23:27:57.086] RX[COM9]  f0
[23:27:57.088] RX[COM9]  fb 00 13 16 fb 00 00 00 00 00 00 0a
[23:27:57.089] PACKET[COM9] ground_station_status: rssi=-5, uptime=1251067, reserved=[0, 0, 0, 0, 0, 0]
[23:27:58.085] RX[COM9]  f0
[23:27:58.087] RX[COM9]  fb 00 13 1a e3 00 00 00 00 00 00 0a
[23:27:58.088] PACKET[COM9] ground_station_status: rssi=-5, uptime=1252067, reserved=[0, 0, 0, 0, 0, 0]
[23:27:59.086] RX[COM9]  f0
[23:27:59.087] RX[COM9]  fb 00 13 1e cb 00 00 00 00 00 00 0a
[23:27:59.089] PACKET[COM9] ground_station_status: rssi=-5, uptime=1253067, reserved=[0, 0, 0, 0, 0, 0]
[23:28:00.090] RX[COM9]  f0
[23:28:00.090] RX[COM9]  fb 00 13 22 b3 00 00 00 00 00 00 0a
[23:28:00.091] PACKET[COM9] ground_station_status: rssi=-5, uptime=1254067, reserved=[0, 0, 0, 0, 0, 0]
[23:28:01.102] RX[COM9]  f0
[23:28:01.103] RX[COM9]  fb 00 13 26 9b 00 00 00 00 00 00 0a
[23:28:01.104] PACKET[COM9] ground_station_status: rssi=-5, uptime=1255067, reserved=[0, 0, 0, 0, 0, 0]
[23:28:02.111] RX[COM9]  f0
[23:28:02.112] RX[COM9]  fb 00 13 2a 83 00 00 00 00 00 00 0a
[23:28:02.113] PACKET[COM9] ground_station_status: rssi=-5, uptime=1256067, reserved=[0, 0, 0, 0, 0, 0]
[23:28:03.075] RX[COM9]  f0
[23:28:03.078] RX[COM9]  fb 00 13 2e 6b 00 00 00 00 00 00 0a
[23:28:03.079] PACKET[COM9] ground_station_status: rssi=-5, uptime=1257067, reserved=[0, 0, 0, 0, 0, 0]
[23:28:04.083] RX[COM9]  f0
[23:28:04.087] RX[COM9]  fb 00 13 32 53 00 00 00 00 00 00 0a
[23:28:04.088] PACKET[COM9] ground_station_status: rssi=-5, uptime=1258067, reserved=[0, 0, 0, 0, 0, 0]
[23:28:05.081] RX[COM9]  f0
[23:28:05.082] RX[COM9]  fb 00 13 36 3b 00 00 00 00 00 00 0a
[23:28:05.084] PACKET[COM9] ground_station_status: rssi=-5, uptime=1259067, reserved=[0, 0, 0, 0, 0, 0]
[23:28:06.094] RX[COM9]  f0
[23:28:06.096] RX[COM9]  fb 00 13 3a 23 00 00 00 00 00 00 0a
[23:28:06.097] PACKET[COM9] ground_station_status: rssi=-5, uptime=1260067, reserved=[0, 0, 0, 0, 0, 0]
[23:28:07.103] RX[COM9]  f0
[23:28:07.105] RX[COM9]  fb 00 13 3e 0b 00 00 00 00 00 00 0a
[23:28:07.106] PACKET[COM9] ground_station_status: rssi=-5, uptime=1261067, reserved=[0, 0, 0, 0, 0, 0]
[23:28:08.105] RX[COM9]  f0
[23:28:08.106] RX[COM9]  fb 00 13 41 f3 00 00 00 00 00 00 0a
[23:28:08.107] PACKET[COM9] ground_station_status: rssi=-5, uptime=1262067, reserved=[0, 0, 0, 0, 0, 0]
[23:28:09.115] RX[COM9]  f0
[23:28:09.117] RX[COM9]  fb 00 13 45 db 00 00 00 00 00 00 0a
[23:28:09.118] PACKET[COM9] ground_station_status: rssi=-5, uptime=1263067, reserved=[0, 0, 0, 0, 0, 0]
[23:28:10.121] RX[COM9]  f0
[23:28:10.123] RX[COM9]  fb 00 13 49 c3 00 00 00 00 00 00 0a
[23:28:10.124] PACKET[COM9] ground_station_status: rssi=-5, uptime=1264067, reserved=[0, 0, 0, 0, 0, 0]
[23:28:11.077] RX[COM9]  f0
[23:28:11.078] RX[COM9]  fb 00 13 4d ab 00 00 00 00 00 00 0a
[23:28:11.080] PACKET[COM9] ground_station_status: rssi=-5, uptime=1265067, reserved=[0, 0, 0, 0, 0, 0]
[23:28:12.086] RX[COM9]  f0
[23:28:12.087] RX[COM9]  fb 00 13 51 93 00 00 00 00 00 00 0a
[23:28:12.088] PACKET[COM9] ground_station_status: rssi=-5, uptime=1266067, reserved=[0, 0, 0, 0, 0, 0]
[23:28:13.099] RX[COM9]  f0
[23:28:13.100] RX[COM9]  fb 00 13 55 7b 00 00 00 00 00 00 0a
[23:28:13.102] PACKET[COM9] ground_station_status: rssi=-5, uptime=1267067, reserved=[0, 0, 0, 0, 0, 0]
[23:28:14.105] RX[COM9]  f0
[23:28:14.106] RX[COM9]  fb 00 13 59 63 00 00 00 00 00 00 0a
[23:28:14.109] PACKET[COM9] ground_station_status: rssi=-5, uptime=1268067, reserved=[0, 0, 0, 0, 0, 0]
[23:28:15.114] RX[COM9]  f0
[23:28:15.115] RX[COM9]  fb 00 13 5d 4b 00 00 00 00 00 00 0a
[23:28:15.117] PACKET[COM9] ground_station_status: rssi=-5, uptime=1269067, reserved=[0, 0, 0, 0, 0, 0]
[23:28:16.072] RX[COM9]  f0
[23:28:16.074] RX[COM9]  fb 00 13 61 33 00 00 00 00 00 00 0a
[23:28:16.077] PACKET[COM9] ground_station_status: rssi=-5, uptime=1270067, reserved=[0, 0, 0, 0, 0, 0]
[23:28:17.082] RX[COM9]  f0
[23:28:17.084] RX[COM9]  fb 00 13 65 1b 00 00 00 00 00 00 0a
[23:28:17.087] PACKET[COM9] ground_station_status: rssi=-5, uptime=1271067, reserved=[0, 0, 0, 0, 0, 0]
[23:28:18.081] RX[COM9]  f0
[23:28:18.083] RX[COM9]  fb 00 13 69 03 00 00 00 00 00 00 0a
[23:28:18.085] PACKET[COM9] ground_station_status: rssi=-5, uptime=1272067, reserved=[0, 0, 0, 0, 0, 0]
[23:28:19.077] RX[COM9]  f0
[23:28:19.082] RX[COM9]  fb 00 13 6c eb 00 00 00 00 00 00 0a
[23:28:19.083] PACKET[COM9] ground_station_status: rssi=-5, uptime=1273067, reserved=[0, 0, 0, 0, 0, 0]
[23:28:20.089] RX[COM9]  f0
[23:28:20.091] RX[COM9]  fb 00 13 70 d3 00 00 00 00 00 00 0a
[23:28:20.093] PACKET[COM9] ground_station_status: rssi=-5, uptime=1274067, reserved=[0, 0, 0, 0, 0, 0]
[23:28:21.098] RX[COM9]  f0
[23:28:21.100] RX[COM9]  fb 00 13 74 bb 00 00 00 00 00 00 0a
[23:28:21.102] PACKET[COM9] ground_station_status: rssi=-5, uptime=1275067, reserved=[0, 0, 0, 0, 0, 0]
[23:28:22.106] RX[COM9]  f0
[23:28:22.108] RX[COM9]  fb 00 13 78 a3 00 00 00 00 00 00 0a
[23:28:22.109] PACKET[COM9] ground_station_status: rssi=-5, uptime=1276067, reserved=[0, 0, 0, 0, 0, 0]
[23:28:23.113] RX[COM9]  f0
[23:28:23.115] RX[COM9]  fb 00 13 7c 8b 00 00 00 00 00 00 0a
[23:28:23.117] PACKET[COM9] ground_station_status: rssi=-5, uptime=1277067, reserved=[0, 0, 0, 0, 0, 0]
[23:28:24.107] RX[COM9]  f0
[23:28:24.111] RX[COM9]  fb 00 13 80 73 00 00 00 00 00 00 0a
[23:28:24.113] PACKET[COM9] ground_station_status: rssi=-5, uptime=1278067, reserved=[0, 0, 0, 0, 0, 0]
[23:28:25.122] RX[COM9]  f0
[23:28:25.125] RX[COM9]  fb 00 13 84 5b 00 00 00 00 00 00 0a
[23:28:25.128] PACKET[COM9] ground_station_status: rssi=-5, uptime=1279067, reserved=[0, 0, 0, 0, 0, 0]
[23:28:26.069] RX[COM9]  f0
[23:28:26.071] RX[COM9]  fb 00 13 88 43 00 00 00 00 00 00 0a
[23:28:26.076] PACKET[COM9] ground_station_status: rssi=-5, uptime=1280067, reserved=[0, 0, 0, 0, 0, 0]
[23:28:27.085] RX[COM9]  f0
[23:28:27.086] RX[COM9]  fb 00 13 8c 2b 00 00 00 00 00 00 0a
[23:28:27.087] PACKET[COM9] ground_station_status: rssi=-5, uptime=1281067, reserved=[0, 0, 0, 0, 0, 0]
[23:28:28.095] RX[COM9]  f0
[23:28:28.097] RX[COM9]  fb 00 13 90 13 00 00 00 00 00 00 0a
[23:28:28.099] PACKET[COM9] ground_station_status: rssi=-5, uptime=1282067, reserved=[0, 0, 0, 0, 0, 0]
[23:28:29.098] RX[COM9]  f0
[23:28:29.099] RX[COM9]  fb 00 13 93 fb 00 00 00 00 00 00 0a
[23:28:29.101] PACKET[COM9] ground_station_status: rssi=-5, uptime=1283067, reserved=[0, 0, 0, 0, 0, 0]
[23:28:30.112] RX[COM9]  f0
[23:28:30.113] RX[COM9]  fb 00 13 97 e3 00 00 00 00 00 00 0a
[23:28:30.115] PACKET[COM9] ground_station_status: rssi=-5, uptime=1284067, reserved=[0, 0, 0, 0, 0, 0]
[23:28:31.070] RX[COM9]  f0
[23:28:31.072] RX[COM9]  fb 00 13 9b cb 00 00 00 00 00 00 0a
[23:28:31.074] PACKET[COM9] ground_station_status: rssi=-5, uptime=1285067, reserved=[0, 0, 0, 0, 0, 0]
[23:28:32.083] RX[COM9]  f0
[23:28:32.085] RX[COM9]  fb 00 13 9f b3 00 00 00 00 00 00 0a
[23:28:32.087] PACKET[COM9] ground_station_status: rssi=-5, uptime=1286067, reserved=[0, 0, 0, 0, 0, 0]
[23:28:33.080] RX[COM9]  f0
[23:28:33.082] RX[COM9]  fb 00 13 a3 9b 00 00 00 00 00 00 0a
[23:28:33.084] PACKET[COM9] ground_station_status: rssi=-5, uptime=1287067, reserved=[0, 0, 0, 0, 0, 0]
[23:28:34.104] RX[COM9]  f0
[23:28:34.107] RX[COM9]  fb 00 13 a7 83 00 00 00 00 00 00 0a
[23:28:34.109] PACKET[COM9] ground_station_status: rssi=-5, uptime=1288067, reserved=[0, 0, 0, 0, 0, 0]
[23:28:35.115] RX[COM9]  f0
[23:28:35.117] RX[COM9]  fb 00 13 ab 6b 00 00 00 00 00 00 0a
[23:28:35.119] PACKET[COM9] ground_station_status: rssi=-5, uptime=1289067, reserved=[0, 0, 0, 0, 0, 0]
[23:28:36.109] RX[COM9]  f0
[23:28:36.111] RX[COM9]  fb 00 13 af 53 00 00 00 00 00 00 0a
[23:28:36.113] PACKET[COM9] ground_station_status: rssi=-5, uptime=1290067, reserved=[0, 0, 0, 0, 0, 0]
[23:28:37.102] RX[COM9]  f0
[23:28:37.104] RX[COM9]  fb 00 13 b3 3b 00 00 00 00 00 00 0a
[23:28:37.105] PACKET[COM9] ground_station_status: rssi=-5, uptime=1291067, reserved=[0, 0, 0, 0, 0, 0]
[23:28:38.062] RX[COM9]  f0
[23:28:38.063] RX[COM9]  fb 00 13 b7 23 00 00 00 00 00 00 0a
[23:28:38.065] PACKET[COM9] ground_station_status: rssi=-5, uptime=1292067, reserved=[0, 0, 0, 0, 0, 0]
[23:28:39.069] RX[COM9]  f0
[23:28:39.070] RX[COM9]  fb 00 13 bb 0b 00 00 00 00 00 00 0a
[23:28:39.072] PACKET[COM9] ground_station_status: rssi=-5, uptime=1293067, reserved=[0, 0, 0, 0, 0, 0]
[23:28:40.081] RX[COM9]  f0
[23:28:40.082] RX[COM9]  fb 00 13 be f3 00 00 00 00 00 00 0a
[23:28:40.083] PACKET[COM9] ground_station_status: rssi=-5, uptime=1294067, reserved=[0, 0, 0, 0, 0, 0]
[23:28:41.085] RX[COM9]  f0
[23:28:41.086] RX[COM9]  fb 00 13 c2 db 00 00 00 00 00 00 0a
[23:28:41.088] PACKET[COM9] ground_station_status: rssi=-5, uptime=1295067, reserved=[0, 0, 0, 0, 0, 0]
[23:28:42.107] RX[COM9]  f0
[23:28:42.108] RX[COM9]  fb 00 13 c6 c3 00 00 00 00 00 00 0a
[23:28:42.110] PACKET[COM9] ground_station_status: rssi=-5, uptime=1296067, reserved=[0, 0, 0, 0, 0, 0]
[23:28:43.066] RX[COM9]  f0
[23:28:43.070] RX[COM9]  fb 00 13 ca ab 00 00 00 00 00 00 0a
[23:28:43.072] PACKET[COM9] ground_station_status: rssi=-5, uptime=1297067, reserved=[0, 0, 0, 0, 0, 0]
[23:28:44.078] RX[COM9]  f0
[23:28:44.080] RX[COM9]  fb 00 13 ce 93 00 00 00 00 00 00 0a
[23:28:44.082] PACKET[COM9] ground_station_status: rssi=-5, uptime=1298067, reserved=[0, 0, 0, 0, 0, 0]
[23:28:45.091] RX[COM9]  f0
[23:28:45.094] RX[COM9]  fb 00 13 d2 7b 00 00 00 00 00 00 0a
[23:28:45.096] PACKET[COM9] ground_station_status: rssi=-5, uptime=1299067, reserved=[0, 0, 0, 0, 0, 0]
[23:28:46.104] RX[COM9]  f0
[23:28:46.108] RX[COM9]  fb 00 13 d6 63 00 00 00 00 00 00 0a
[23:28:46.109] PACKET[COM9] ground_station_status: rssi=-5, uptime=1300067, reserved=[0, 0, 0, 0, 0, 0]
[23:28:47.117] RX[COM9]  f0
[23:28:47.122] RX[COM9]  fb 00 13 da 4b 00 00 00 00 00 00 0a
[23:28:47.124] PACKET[COM9] ground_station_status: rssi=-5, uptime=1301067, reserved=[0, 0, 0, 0, 0, 0]
[23:28:48.066] RX[COM9]  f0
[23:28:48.067] RX[COM9]  fb 00 13 de 33 00 00 00 00 00 00 0a
[23:28:48.069] PACKET[COM9] ground_station_status: rssi=-5, uptime=1302067, reserved=[0, 0, 0, 0, 0, 0]
[23:28:49.079] RX[COM9]  f0
[23:28:49.080] RX[COM9]  fb 00 13 e2 1b 00 00 00 00 00 00 0a
[23:28:49.085] PACKET[COM9] ground_station_status: rssi=-5, uptime=1303067, reserved=[0, 0, 0, 0, 0, 0]
[23:28:50.090] RX[COM9]  f0
[23:28:50.091] RX[COM9]  fb 00 13 e6 03 00 00 00 00 00 00 0a
[23:28:50.093] PACKET[COM9] ground_station_status: rssi=-5, uptime=1304067, reserved=[0, 0, 0, 0, 0, 0]
[23:28:51.103] RX[COM9]  f0
[23:28:51.105] RX[COM9]  fb 00 13 e9 eb 00 00 00 00 00 00 0a
[23:28:51.106] PACKET[COM9] ground_station_status: rssi=-5, uptime=1305067, reserved=[0, 0, 0, 0, 0, 0]
[23:28:52.060] RX[COM9]  f0
[23:28:52.062] RX[COM9]  fb 00 13 ed d3 00 00 00 00 00 00 0a
[23:28:52.063] PACKET[COM9] ground_station_status: rssi=-5, uptime=1306067, reserved=[0, 0, 0, 0, 0, 0]
[23:28:53.069] RX[COM9]  f0
[23:28:53.071] RX[COM9]  fb 00 13 f1 bb 00 00 00 00 00 00 0a
[23:28:53.073] PACKET[COM9] ground_station_status: rssi=-5, uptime=1307067, reserved=[0, 0, 0, 0, 0, 0]
[23:28:54.081] RX[COM9]  f0
[23:28:54.084] RX[COM9]  fb 00 13 f5 a3 00 00 00 00 00 00 0a
[23:28:54.086] PACKET[COM9] ground_station_status: rssi=-5, uptime=1308067, reserved=[0, 0, 0, 0, 0, 0]
[23:28:55.095] RX[COM9]  f0
[23:28:55.098] RX[COM9]  fb 00 13 f9 8b 00 00 00 00 00 00 0a
[23:28:55.100] PACKET[COM9] ground_station_status: rssi=-5, uptime=1309067, reserved=[0, 0, 0, 0, 0, 0]
[23:28:56.090] RX[COM9]  f0
[23:28:56.091] RX[COM9]  fb 00 13 fd 73 00 00 00 00 00 00 0a
[23:28:56.093] PACKET[COM9] ground_station_status: rssi=-5, uptime=1310067, reserved=[0, 0, 0, 0, 0, 0]
[23:28:57.101] RX[COM9]  f0
[23:28:57.103] RX[COM9]  fb 00 14 01 5b 00 00 00 00 00 00 0a
[23:28:57.105] PACKET[COM9] ground_station_status: rssi=-5, uptime=1311067, reserved=[0, 0, 0, 0, 0, 0]
[23:28:58.112] RX[COM9]  f0
[23:28:58.114] RX[COM9]  fb
[23:28:58.115] RX[COM9]  00 14 05 43 00 00 00 00 00 00 0a
[23:28:58.117] PACKET[COM9] ground_station_status: rssi=-5, uptime=1312067, reserved=[0, 0, 0, 0, 0, 0]
[23:28:59.058] RX[COM9]  f0
[23:28:59.059] RX[COM9]  fb 00 14 09 2b 00 00 00 00 00 00 0a
[23:28:59.061] PACKET[COM9] ground_station_status: rssi=-5, uptime=1313067, reserved=[0, 0, 0, 0, 0, 0]
[23:29:00.072] RX[COM9]  f0
[23:29:00.073] RX[COM9]  fb 00 14 0d 13 00 00 00 00 00 00 0a
[23:29:00.075] PACKET[COM9] ground_station_status: rssi=-5, uptime=1314067, reserved=[0, 0, 0, 0, 0, 0]
[23:29:01.066] RX[COM9]  f0
[23:29:01.069] RX[COM9]  fb 00 14 10 fb 00 00 00 00 00 00 0a
[23:29:01.071] PACKET[COM9] ground_station_status: rssi=-5, uptime=1315067, reserved=[0, 0, 0, 0, 0, 0]
[23:29:02.083] RX[COM9]  f0
[23:29:02.085] RX[COM9]  fb 00 14 14 e3 00 00 00 00 00 00 0a
[23:29:02.087] PACKET[COM9] ground_station_status: rssi=-5, uptime=1316067, reserved=[0, 0, 0, 0, 0, 0]
[23:29:03.091] RX[COM9]  f0
[23:29:03.092] RX[COM9]  fb 00 14 18 cb 00 00 00 00 00 00 0a
[23:29:03.094] PACKET[COM9] ground_station_status: rssi=-5, uptime=1317067, reserved=[0, 0, 0, 0, 0, 0]
[23:29:04.106] RX[COM9]  f0
[23:29:04.107] RX[COM9]  fb 00 14 1c b3 00 00 00 00 00 00 0a
[23:29:04.108] PACKET[COM9] ground_station_status: rssi=-5, uptime=1318067, reserved=[0, 0, 0, 0, 0, 0]
[23:29:05.063] RX[COM9]  f0
[23:29:05.074] RX[COM9]  fb 00 14 20 9b 00 00 00 00 00 00 0a
[23:29:05.076] PACKET[COM9] ground_station_status: rssi=-5, uptime=1319067, reserved=[0, 0, 0, 0, 0, 0]
[23:29:06.073] RX[COM9]  f0
[23:29:06.076] RX[COM9]  fb 00 14 24 83 00 00 00 00 00 00 0a
[23:29:06.081] PACKET[COM9] ground_station_status: rssi=-5, uptime=1320067, reserved=[0, 0, 0, 0, 0, 0]
[23:29:07.080] RX[COM9]  f0
[23:29:07.083] RX[COM9]  fb 00 14 28 6b 00 00 00 00 00 00 0a
[23:29:07.085] PACKET[COM9] ground_station_status: rssi=-5, uptime=1321067, reserved=[0, 0, 0, 0, 0, 0]
[23:29:08.088] RX[COM9]  f0
[23:29:08.090] RX[COM9]  fb 00 14 2c 53 00 00 00 00 00 00 0a
[23:29:08.091] PACKET[COM9] ground_station_status: rssi=-5, uptime=1322067, reserved=[0, 0, 0, 0, 0, 0]
[23:29:09.081] RX[COM9]  f0
[23:29:09.083] RX[COM9]  fb 00 14 30 3b 00 00 00 00 00 00 0a
[23:29:09.086] PACKET[COM9] ground_station_status: rssi=-5, uptime=1323067, reserved=[0, 0, 0, 0, 0, 0]
[23:29:10.079] RX[COM9]  f0
[23:29:10.081] RX[COM9]  fb 00 14 34 23 00 00 00 00 00 00 0a
[23:29:10.083] PACKET[COM9] ground_station_status: rssi=-5, uptime=1324067, reserved=[0, 0, 0, 0, 0, 0]
[23:29:11.105] RX[COM9]  f0
[23:29:11.107] RX[COM9]  fb 00 14 38 0b 00 00 00 00 00 00 0a
[23:29:11.110] PACKET[COM9] ground_station_status: rssi=-5, uptime=1325067, reserved=[0, 0, 0, 0, 0, 0]
[23:29:12.114] RX[COM9]  f0
[23:29:12.119] RX[COM9]  fb 00 14 3b f3 00 00 00 00 00 00 0a
[23:29:12.121] PACKET[COM9] ground_station_status: rssi=-5, uptime=1326067, reserved=[0, 0, 0, 0, 0, 0]
[23:29:13.063] RX[COM9]  f0
[23:29:13.065] RX[COM9]  fb 00 14 3f db 00 00 00 00 00 00 0a
[23:29:13.067] PACKET[COM9] ground_station_status: rssi=-5, uptime=1327067, reserved=[0, 0, 0, 0, 0, 0]
[23:29:14.078] RX[COM9]  f0
[23:29:14.079] RX[COM9]  fb 00 14 43 c3 00 00 00 00 00 00 0a
[23:29:14.081] PACKET[COM9] ground_station_status: rssi=-5, uptime=1328067, reserved=[0, 0, 0, 0, 0, 0]
[23:29:15.083] RX[COM9]  f0
[23:29:15.084] RX[COM9]  fb 00 14 47 ab 00 00 00 00 00 00 0a
[23:29:15.085] PACKET[COM9] ground_station_status: rssi=-5, uptime=1329067, reserved=[0, 0, 0, 0, 0, 0]
[23:29:16.099] RX[COM9]  f0
[23:29:16.100] RX[COM9]  fb 00 14 4b 93 00 00 00 00 00 00 0a
[23:29:16.102] PACKET[COM9] ground_station_status: rssi=-5, uptime=1330067, reserved=[0, 0, 0, 0, 0, 0]
[23:29:17.058] RX[COM9]  f0
[23:29:17.060] RX[COM9]  fb 00 14 4f 7b 00 00 00 00 00 00 0a
[23:29:17.062] PACKET[COM9] ground_station_status: rssi=-5, uptime=1331067, reserved=[0, 0, 0, 0, 0, 0]
[23:29:18.072] RX[COM9]  f0
[23:29:18.074] RX[COM9]  fb 00 14 53 63 00 00 00 00 00 00 0a
[23:29:18.076] PACKET[COM9] ground_station_status: rssi=-5, uptime=1332067, reserved=[0, 0, 0, 0, 0, 0]
[23:29:19.084] RX[COM9]  f0
[23:29:19.086] RX[COM9]  fb 00 14 57 4b 00 00 00 00 00 00 0a
[23:29:19.087] PACKET[COM9] ground_station_status: rssi=-5, uptime=1333067, reserved=[0, 0, 0, 0, 0, 0]
[23:29:20.078] RX[COM9]  f0
[23:29:20.080] RX[COM9]  fb 00 14 5b 33 00 00 00 00 00 00 0a
[23:29:20.083] PACKET[COM9] ground_station_status: rssi=-5, uptime=1334067, reserved=[0, 0, 0, 0, 0, 0]
[23:29:21.091] RX[COM9]  f0
[23:29:21.093] RX[COM9]  fb 00 14 5f 1b 00 00 00 00 00 00 0a
[23:29:21.094] PACKET[COM9] ground_station_status: rssi=-5, uptime=1335067, reserved=[0, 0, 0, 0, 0, 0]
[23:29:22.097] RX[COM9]  f0
[23:29:22.102] RX[COM9]  fb 00 14 63 03 00 00 00 00 00 00 0a
[23:29:22.104] PACKET[COM9] ground_station_status: rssi=-5, uptime=1336067, reserved=[0, 0, 0, 0, 0, 0]
[23:29:23.095] RX[COM9]  f0
[23:29:23.099] RX[COM9]  fb 00 14 66 eb 00 00 00 00 00 00 0a
[23:29:23.101] PACKET[COM9] ground_station_status: rssi=-5, uptime=1337067, reserved=[0, 0, 0, 0, 0, 0]
[23:29:24.105] RX[COM9]  f0
[23:29:24.107] RX[COM9]  fb 00 14 6a d3 00 00 00 00 00 00 0a
[23:29:24.109] PACKET[COM9] ground_station_status: rssi=-5, uptime=1338067, reserved=[0, 0, 0, 0, 0, 0]
[23:29:25.058] RX[COM9]  f0
[23:29:25.066] RX[COM9]  fb 00 14 6e bb 00 00 00 00 00 00 0a
[23:29:25.068] PACKET[COM9] ground_station_status: rssi=-5, uptime=1339067, reserved=[0, 0, 0, 0, 0, 0]
[23:29:26.073] RX[COM9]  f0
[23:29:26.074] RX[COM9]  fb 00 14 72 a3 00 00 00 00 00 00 0a
[23:29:26.076] PACKET[COM9] ground_station_status: rssi=-5, uptime=1340067, reserved=[0, 0, 0, 0, 0, 0]
[23:29:27.078] RX[COM9]  f0
[23:29:27.080] RX[COM9]  fb 00 14 76 8b 00 00 00 00 00 00 0a
[23:29:27.081] PACKET[COM9] ground_station_status: rssi=-5, uptime=1341067, reserved=[0, 0, 0, 0, 0, 0]
[23:29:28.090] RX[COM9]  f0
[23:29:28.093] RX[COM9]  fb 00 14 7a 73 00 00 00 00 00 00 0a
[23:29:28.096] PACKET[COM9] ground_station_status: rssi=-5, uptime=1342067, reserved=[0, 0, 0, 0, 0, 0]
[23:29:29.098] RX[COM9]  f0
[23:29:29.099] RX[COM9]  fb 00 14 7e 5b 00 00 00 00 00 00 0a
[23:29:29.100] PACKET[COM9] ground_station_status: rssi=-5, uptime=1343067, reserved=[0, 0, 0, 0, 0, 0]
[23:29:30.102] RX[COM9]  f0
[23:29:30.103] RX[COM9]  fb 00 14 82 43 00 00 00 00 00 00 0a
[23:29:30.106] PACKET[COM9] ground_station_status: rssi=-5, uptime=1344067, reserved=[0, 0, 0, 0, 0, 0]
[23:29:31.061] RX[COM9]  f0
[23:29:31.064] RX[COM9]  fb 00 14 86 2b 00 00 00 00 00 00 0a
[23:29:31.065] PACKET[COM9] ground_station_status: rssi=-5, uptime=1345067, reserved=[0, 0, 0, 0, 0, 0]
[23:29:32.070] RX[COM9]  f0
[23:29:32.071] RX[COM9]  fb 00 14 8a 13 00 00 00 00 00 00 0a
[23:29:32.073] PACKET[COM9] ground_station_status: rssi=-5, uptime=1346067, reserved=[0, 0, 0, 0, 0, 0]
[23:29:33.079] RX[COM9]  f0
[23:29:33.081] RX[COM9]  fb 00 14 8d fb 00 00 00 00 00 00 0a
[23:29:33.083] PACKET[COM9] ground_station_status: rssi=-5, uptime=1347067, reserved=[0, 0, 0, 0, 0, 0]
[23:29:34.091] RX[COM9]  f0
[23:29:34.093] RX[COM9]  fb 00 14 91 e3 00 00 00 00 00 00 0a
[23:29:34.095] PACKET[COM9] ground_station_status: rssi=-5, uptime=1348067, reserved=[0, 0, 0, 0, 0, 0]
[23:29:35.103] RX[COM9]  f0
[23:29:35.105] RX[COM9]  fb 00 14 95 cb 00 00 00 00 00 00 0a
[23:29:35.107] PACKET[COM9] ground_station_status: rssi=-5, uptime=1349067, reserved=[0, 0, 0, 0, 0, 0]
[23:29:36.054] RX[COM9]  f0
[23:29:36.055] RX[COM9]  fb 00 14 99 b3 00 00 00 00 00 00 0a
[23:29:36.057] PACKET[COM9] ground_station_status: rssi=-5, uptime=1350067, reserved=[0, 0, 0, 0, 0, 0]
[23:29:37.065] RX[COM9]  f0
[23:29:37.066] RX[COM9]  fb 00 14 9d 9b 00 00 00 00 00 00 0a
[23:29:37.068] PACKET[COM9] ground_station_status: rssi=-5, uptime=1351067, reserved=[0, 0, 0, 0, 0, 0]
[23:29:38.067] RX[COM9]  f0
[23:29:38.068] RX[COM9]  fb 00 14 a1 83 00 00 00 00 00 00 0a
[23:29:38.069] PACKET[COM9] ground_station_status: rssi=-5, uptime=1352067, reserved=[0, 0, 0, 0, 0, 0]
[23:29:39.079] RX[COM9]  f0
[23:29:39.080] RX[COM9]  fb 00 14 a5 6b 00 00 00 00 00 00 0a
[23:29:39.082] PACKET[COM9] ground_station_status: rssi=-5, uptime=1353067, reserved=[0, 0, 0, 0, 0, 0]
[23:29:40.087] RX[COM9]  f0
[23:29:40.088] RX[COM9]  fb 00 14 a9 53 00 00 00 00 00 00 0a
[23:29:40.090] PACKET[COM9] ground_station_status: rssi=-5, uptime=1354067, reserved=[0, 0, 0, 0, 0, 0]
[23:29:41.050] RX[COM9]  f0
[23:29:41.052] RX[COM9]  fb 00 14 ad 3b 00 00 00 00 00 00 0a
[23:29:41.054] PACKET[COM9] ground_station_status: rssi=-5, uptime=1355067, reserved=[0, 0, 0, 0, 0, 0]
[23:29:42.059] RX[COM9]  f0
[23:29:42.061] RX[COM9]  fb 00 14 b1 23 00 00 00 00 00 00 0a
[23:29:42.063] PACKET[COM9] ground_station_status: rssi=-5, uptime=1356067, reserved=[0, 0, 0, 0, 0, 0]
[23:29:43.073] RX[COM9]  f0
[23:29:43.075] RX[COM9]  fb 00 14 b5 0b 00 00 00 00 00 00 0a
[23:29:43.076] PACKET[COM9] ground_station_status: rssi=-5, uptime=1357067, reserved=[0, 0, 0, 0, 0, 0]
[23:29:44.085] RX[COM9]  f0
[23:29:44.087] RX[COM9]  fb 00 14 b8 f3 00 00 00 00 00 00 0a
[23:29:44.088] PACKET[COM9] ground_station_status: rssi=-5, uptime=1358067, reserved=[0, 0, 0, 0, 0, 0]
[23:29:45.094] RX[COM9]  f0
[23:29:45.098] RX[COM9]  fb 00 14 bc db 00 00 00 00 00 00 0a
[23:29:45.099] PACKET[COM9] ground_station_status: rssi=-5, uptime=1359067, reserved=[0, 0, 0, 0, 0, 0]
[23:29:46.048] RX[COM9]  f0
[23:29:46.049] RX[COM9]  fb 00 14 c0 c3 00 00 00 00 00 00 0a
[23:29:46.051] PACKET[COM9] ground_station_status: rssi=-5, uptime=1360067, reserved=[0, 0, 0, 0, 0, 0]
[23:29:47.061] RX[COM9]  f0
[23:29:47.062] RX[COM9]  fb 00 14 c4 ab 00 00 00 00 00 00 0a
[23:29:47.064] PACKET[COM9] ground_station_status: rssi=-5, uptime=1361067, reserved=[0, 0, 0, 0, 0, 0]
[23:29:48.074] RX[COM9]  f0
[23:29:48.076] RX[COM9]  fb 00 14 c8 93 00 00 00 00 00 00 0a
[23:29:48.078] PACKET[COM9] ground_station_status: rssi=-5, uptime=1362067, reserved=[0, 0, 0, 0, 0, 0]
[23:29:49.087] RX[COM9]  f0
[23:29:49.089] RX[COM9]  fb 00 14 cc 7b 00 00 00 00 00 00 0a
[23:29:49.092] PACKET[COM9] ground_station_status: rssi=-5, uptime=1363067, reserved=[0, 0, 0, 0, 0, 0]
[23:29:50.095] RX[COM9]  f0
[23:29:50.096] RX[COM9]  fb 00 14 d0 63 00 00 00 00 00 00 0a
[23:29:50.098] PACKET[COM9] ground_station_status: rssi=-5, uptime=1364067, reserved=[0, 0, 0, 0, 0, 0]
[23:29:51.058] RX[COM9]  f0
[23:29:51.060] RX[COM9]  fb 00 14 d4 4b 00 00 00 00 00 00 0a
[23:29:51.062] PACKET[COM9] ground_station_status: rssi=-5, uptime=1365067, reserved=[0, 0, 0, 0, 0, 0]
[23:29:52.069] RX[COM9]  f0
[23:29:52.071] RX[COM9]  fb 00 14 d8 33 00 00 00 00 00 00 0a
[23:29:52.072] PACKET[COM9] ground_station_status: rssi=-5, uptime=1366067, reserved=[0, 0, 0, 0, 0, 0]
[23:29:53.080] RX[COM9]  f0
[23:29:53.082] RX[COM9]  fb 00 14 dc 1b 00 00 00 00 00 00 0a
[23:29:53.083] PACKET[COM9] ground_station_status: rssi=-5, uptime=1367067, reserved=[0, 0, 0, 0, 0, 0]
[23:29:54.096] RX[COM9]  f0
[23:29:54.100] RX[COM9]  fb 00 14 e0 03 00 00 00 00 00 00 0a
[23:29:54.102] PACKET[COM9] ground_station_status: rssi=-5, uptime=1368067, reserved=[0, 0, 0, 0, 0, 0]
[23:29:55.103] RX[COM9]  f0
[23:29:55.105] RX[COM9]  fb 00 14 e3 eb 00 00 00 00 00 00 0a
[23:29:55.107] PACKET[COM9] ground_station_status: rssi=-5, uptime=1369067, reserved=[0, 0, 0, 0, 0, 0]
[23:29:56.058] RX[COM9]  f0
[23:29:56.059] RX[COM9]  fb 00 14 e7 d3 00 00 00 00 00 00 0a
[23:29:56.061] PACKET[COM9] ground_station_status: rssi=-5, uptime=1370067, reserved=[0, 0, 0, 0, 0, 0]
[23:29:57.066] RX[COM9]  f0
[23:29:57.068] RX[COM9]  fb 00 14 eb bb 00 00 00 00 00 00 0a
[23:29:57.070] PACKET[COM9] ground_station_status: rssi=-5, uptime=1371067, reserved=[0, 0, 0, 0, 0, 0]
[23:29:58.086] RX[COM9]  f0
[23:29:58.088] RX[COM9]  fb 00 14 ef a3 00 00 00 00 00 00 0a
[23:29:58.090] PACKET[COM9] ground_station_status: rssi=-5, uptime=1372067, reserved=[0, 0, 0, 0, 0, 0]
[23:29:59.099] RX[COM9]  f0
[23:29:59.100] RX[COM9]  fb 00 14 f3 8b 00 00 00 00 00 00 0a
[23:29:59.101] PACKET[COM9] ground_station_status: rssi=-5, uptime=1373067, reserved=[0, 0, 0, 0, 0, 0]
[23:30:00.066] RX[COM9]  f0
[23:30:00.067] RX[COM9]  fb 00 14 f7 73 00 00 00 00 00 00 0a
[23:30:00.069] PACKET[COM9] ground_station_status: rssi=-5, uptime=1374067, reserved=[0, 0, 0, 0, 0, 0]
[23:30:01.077] RX[COM9]  f0
[23:30:01.080] RX[COM9]  fb 00 14 fb 5b 00 00 00 00 00 00 0a
[23:30:01.082] PACKET[COM9] ground_station_status: rssi=-5, uptime=1375067, reserved=[0, 0, 0, 0, 0, 0]
[23:30:02.090] RX[COM9]  f0
[23:30:02.093] RX[COM9]  fb 00 14 ff 43 00 00 00 00 00 00 0a
[23:30:02.095] PACKET[COM9] ground_station_status: rssi=-5, uptime=1376067, reserved=[0, 0, 0, 0, 0, 0]
[23:30:03.082] RX[COM9]  f0
[23:30:03.084] RX[COM9]  fb 00 15 03 2b 00 00 00 00 00 00 0a
[23:30:03.086] PACKET[COM9] ground_station_status: rssi=-5, uptime=1377067, reserved=[0, 0, 0, 0, 0, 0]
[23:30:04.098] RX[COM9]  f0
[23:30:04.100] RX[COM9]  fb 00 15 07 13 00 00 00 00 00 00 0a
[23:30:04.101] PACKET[COM9] ground_station_status: rssi=-5, uptime=1378067, reserved=[0, 0, 0, 0, 0, 0]
[23:30:05.046] RX[COM9]  f0
[23:30:05.047] RX[COM9]  fb 00 15 0a fb 00 00 00 00 00 00 0a
[23:30:05.049] PACKET[COM9] ground_station_status: rssi=-5, uptime=1379067, reserved=[0, 0, 0, 0, 0, 0]
[23:30:06.104] RX[COM9]  f0
[23:30:06.107] RX[COM9]  fb 00 15 0e e3 00 00 00 00 00 00 0a
[23:30:06.108] PACKET[COM9] ground_station_status: rssi=-5, uptime=1380067, reserved=[0, 0, 0, 0, 0, 0]
[23:30:07.058] RX[COM9]  f0
[23:30:07.059] RX[COM9]  fb 00 15 12 cb 00 00 00 00 00 00 0a
[23:30:07.061] PACKET[COM9] ground_station_status: rssi=-5, uptime=1381067, reserved=[0, 0, 0, 0, 0, 0]
[23:30:08.074] RX[COM9]  f0
[23:30:08.075] RX[COM9]  fb 00 15 16 b3 00 00 00 00 00 00 0a
[23:30:08.076] PACKET[COM9] ground_station_status: rssi=-5, uptime=1382067, reserved=[0, 0, 0, 0, 0, 0]
[23:30:09.081] RX[COM9]  f0
[23:30:09.083] RX[COM9]  fb 00 15 1a 9b 00 00 00 00 00 00 0a
[23:30:09.085] PACKET[COM9] ground_station_status: rssi=-5, uptime=1383067, reserved=[0, 0, 0, 0, 0, 0]
[23:30:10.087] RX[COM9]  f0
[23:30:10.089] RX[COM9]  fb 00 15 1e 83 00 00 00 00 00 00 0a
[23:30:10.090] PACKET[COM9] ground_station_status: rssi=-5, uptime=1384067, reserved=[0, 0, 0, 0, 0, 0]
[23:30:11.049] RX[COM9]  f0
[23:30:11.051] RX[COM9]  fb 00 15 22 6b 00 00 00 00 00 00 0a
[23:30:11.053] PACKET[COM9] ground_station_status: rssi=-5, uptime=1385067, reserved=[0, 0, 0, 0, 0, 0]
[23:30:12.061] RX[COM9]  f0
[23:30:12.063] RX[COM9]  fb 00 15 26 53 00 00 00 00 00 00 0a
[23:30:12.064] PACKET[COM9] ground_station_status: rssi=-5, uptime=1386067, reserved=[0, 0, 0, 0, 0, 0]
[23:30:13.075] RX[COM9]  f0
[23:30:13.078] RX[COM9]  fb 00 15 2a 3b 00 00 00 00 00 00 0a
[23:30:13.080] PACKET[COM9] ground_station_status: rssi=-5, uptime=1387067, reserved=[0, 0, 0, 0, 0, 0]
[23:30:14.085] RX[COM9]  f0
[23:30:14.089] RX[COM9]  fb 00 15 2e 23 00 00 00 00 00 00 0a
[23:30:14.091] PACKET[COM9] ground_station_status: rssi=-5, uptime=1388067, reserved=[0, 0, 0, 0, 0, 0]
[23:30:15.098] RX[COM9]  f0
[23:30:15.100] RX[COM9]  fb 00 15 32 0b 00 00 00 00 00 00 0a
[23:30:15.103] PACKET[COM9] ground_station_status: rssi=-5, uptime=1389067, reserved=[0, 0, 0, 0, 0, 0]
[23:30:16.051] RX[COM9]  f0
[23:30:16.052] RX[COM9]  fb 00 15 35 f3 00 00 00 00 00 00 0a
[23:30:16.054] PACKET[COM9] ground_station_status: rssi=-5, uptime=1390067, reserved=[0, 0, 0, 0, 0, 0]
[23:30:17.053] RX[COM9]  f0
[23:30:17.054] RX[COM9]  fb 00 15 39 db 00 00 00 00 00 00 0a
[23:30:17.055] PACKET[COM9] ground_station_status: rssi=-5, uptime=1391067, reserved=[0, 0, 0, 0, 0, 0]
[23:30:18.068] RX[COM9]  f0
[23:30:18.069] RX[COM9]  fb 00 15 3d c3 00 00 00 00 00 00 0a
[23:30:18.071] PACKET[COM9] ground_station_status: rssi=-5, uptime=1392067, reserved=[0, 0, 0, 0, 0, 0]
[23:30:19.078] RX[COM9]  f0
[23:30:19.080] RX[COM9]  fb 00 15 41 ab 00 00 00 00 00 00 0a
[23:30:19.081] PACKET[COM9] ground_station_status: rssi=-5, uptime=1393067, reserved=[0, 0, 0, 0, 0, 0]
[23:30:20.090] RX[COM9]  f0
[23:30:20.091] RX[COM9]  fb 00 15 45 93 00 00 00 00 00 00 0a
[23:30:20.093] PACKET[COM9] ground_station_status: rssi=-5, uptime=1394067, reserved=[0, 0, 0, 0, 0, 0]
[23:30:21.049] RX[COM9]  f0
[23:30:21.051] RX[COM9]  fb 00 15 49 7b 00 00 00 00 00 00 0a
[23:30:21.053] PACKET[COM9] ground_station_status: rssi=-5, uptime=1395067, reserved=[0, 0, 0, 0, 0, 0]
[23:30:22.077] RX[COM9]  f0
[23:30:22.082] RX[COM9]  fb 00 15 4d 63 00 00 00 00 00 00 0a
[23:30:22.084] PACKET[COM9] ground_station_status: rssi=-5, uptime=1396067, reserved=[0, 0, 0, 0, 0, 0]
[23:30:23.091] RX[COM9]  f0
[23:30:23.092] RX[COM9]  fb 00 15 51 4b 00 00 00 00 00 00 0a
[23:30:23.094] PACKET[COM9] ground_station_status: rssi=-5, uptime=1397067, reserved=[0, 0, 0, 0, 0, 0]
[23:30:24.055] RX[COM9]  f0
[23:30:24.060] RX[COM9]  fb 00 15 55 33 00 00 00 00 00 00 0a
[23:30:24.062] PACKET[COM9] ground_station_status: rssi=-5, uptime=1398067, reserved=[0, 0, 0, 0, 0, 0]
[23:30:25.065] RX[COM9]  f0
[23:30:25.068] RX[COM9]  fb 00 15 59 1b 00 00 00 00 00 00 0a
[23:30:25.069] PACKET[COM9] ground_station_status: rssi=-5, uptime=1399067, reserved=[0, 0, 0, 0, 0, 0]
[23:30:26.078] RX[COM9]  f0
[23:30:26.080] RX[COM9]  fb 00 15 5d 03 00 00 00 00 00 00 0a
[23:30:26.082] PACKET[COM9] ground_station_status: rssi=-5, uptime=1400067, reserved=[0, 0, 0, 0, 0, 0]
[23:30:27.092] RX[COM9]  f0
[23:30:27.095] RX[COM9]  fb 00 15 60 eb 00 00 00 00 00 00 0a
[23:30:27.098] PACKET[COM9] ground_station_status: rssi=-5, uptime=1401067, reserved=[0, 0, 0, 0, 0, 0]
[23:30:28.046] RX[COM9]  f0
[23:30:28.047] RX[COM9]  fb 00 15 64 d3 00 00 00 00 00 00 0a
[23:30:28.049] PACKET[COM9] ground_station_status: rssi=-5, uptime=1402067, reserved=[0, 0, 0, 0, 0, 0]
[23:30:29.056] RX[COM9]  f0
[23:30:29.057] RX[COM9]  fb 00 15 68 bb 00 00 00 00 00 00 0a
[23:30:29.059] PACKET[COM9] ground_station_status: rssi=-5, uptime=1403067, reserved=[0, 0, 0, 0, 0, 0]
[23:30:30.067] RX[COM9]  f0
[23:30:30.068] RX[COM9]  fb 00 15 6c a3 00 00 00 00 00 00 0a
[23:30:30.070] PACKET[COM9] ground_station_status: rssi=-5, uptime=1404067, reserved=[0, 0, 0, 0, 0, 0]
[23:30:31.075] RX[COM9]  f0
[23:30:31.076] RX[COM9]  fb 00 15 70 8b 00 00 00 00 00 00 0a
[23:30:31.078] PACKET[COM9] ground_station_status: rssi=-5, uptime=1405067, reserved=[0, 0, 0, 0, 0, 0]
[23:30:32.083] RX[COM9]  f0
[23:30:32.085] RX[COM9]  fb 00 15 74 73 00 00 00 00 00 00 0a
[23:30:32.086] PACKET[COM9] ground_station_status: rssi=-5, uptime=1406067, reserved=[0, 0, 0, 0, 0, 0]
[23:30:33.044] RX[COM9]  f0
[23:30:33.046] RX[COM9]  fb 00 15 78 5b 00 00 00 00 00 00 0a
[23:30:33.048] PACKET[COM9] ground_station_status: rssi=-5, uptime=1407067, reserved=[0, 0, 0, 0, 0, 0]
[23:30:34.056] RX[COM9]  f0
[23:30:34.058] RX[COM9]  fb 00 15 7c 43 00 00 00 00 00 00 0a
[23:30:34.059] PACKET[COM9] ground_station_status: rssi=-5, uptime=1408067, reserved=[0, 0, 0, 0, 0, 0]
[23:30:35.070] RX[COM9]  f0
[23:30:35.072] RX[COM9]  fb 00 15 80 2b 00 00 00 00 00 00 0a
[23:30:35.074] PACKET[COM9] ground_station_status: rssi=-5, uptime=1409067, reserved=[0, 0, 0, 0, 0, 0]
[23:30:36.081] RX[COM9]  f0
[23:30:36.082] RX[COM9]  fb 00 15 84 13 00 00 00 00 00 00 0a
[23:30:36.084] PACKET[COM9] ground_station_status: rssi=-5, uptime=1410067, reserved=[0, 0, 0, 0, 0, 0]
[23:30:37.092] RX[COM9]  f0
[23:30:37.097] RX[COM9]  fb 00 15 87 fb 00 00 00 00 00 00 0a
[23:30:37.101] PACKET[COM9] ground_station_status: rssi=-5, uptime=1411067, reserved=[0, 0, 0, 0, 0, 0]
[23:30:38.043] RX[COM9]  f0
[23:30:38.045] RX[COM9]  fb 00 15 8b e3 00 00 00 00 00 00 0a
[23:30:38.047] PACKET[COM9] ground_station_status: rssi=-5, uptime=1412067, reserved=[0, 0, 0, 0, 0, 0]
[23:30:39.057] RX[COM9]  f0
[23:30:39.058] RX[COM9]  fb 00 15 8f cb 00 00 00 00 00 00 0a
[23:30:39.059] PACKET[COM9] ground_station_status: rssi=-5, uptime=1413067, reserved=[0, 0, 0, 0, 0, 0]
[23:30:40.066] RX[COM9]  f0
[23:30:40.068] RX[COM9]  fb 00 15 93 b3 00 00 00 00 00 00 0a
[23:30:40.069] PACKET[COM9] ground_station_status: rssi=-5, uptime=1414067, reserved=[0, 0, 0, 0, 0, 0]
[23:30:41.075] RX[COM9]  f0
[23:30:41.077] RX[COM9]  fb 00 15 97 9b 00 00 00 00 00 00 0a
[23:30:41.078] PACKET[COM9] ground_station_status: rssi=-5, uptime=1415067, reserved=[0, 0, 0, 0, 0, 0]
[23:30:42.040] RX[COM9]  f0
[23:30:42.043] RX[COM9]  fb 00 15 9b 83 00 00 00 00 00 00 0a
[23:30:42.045] PACKET[COM9] ground_station_status: rssi=-5, uptime=1416067, reserved=[0, 0, 0, 0, 0, 0]
[23:30:43.054] RX[COM9]  f0
[23:30:43.055] RX[COM9]  fb 00 15 9f 6b 00 00 00 00 00 00 0a
[23:30:43.057] PACKET[COM9] ground_station_status: rssi=-5, uptime=1417067, reserved=[0, 0, 0, 0, 0, 0]
[23:30:44.064] RX[COM9]  f0
[23:30:44.066] RX[COM9]  fb 00 15 a3 53 00 00 00 00 00 00 0a
[23:30:44.067] PACKET[COM9] ground_station_status: rssi=-5, uptime=1418067, reserved=[0, 0, 0, 0, 0, 0]
[23:30:45.076] RX[COM9]  f0
[23:30:45.078] RX[COM9]  fb 00 15 a7 3b 00 00 00 00 00 00 0a
[23:30:45.080] PACKET[COM9] ground_station_status: rssi=-5, uptime=1419067, reserved=[0, 0, 0, 0, 0, 0]
[23:30:46.098] RX[COM9]  f0
[23:30:46.101] RX[COM9]  fb 00 15 ab 23 00 00 00 00 00 00 0a
[23:30:46.105] PACKET[COM9] ground_station_status: rssi=-5, uptime=1420067, reserved=[0, 0, 0, 0, 0, 0]
[23:30:47.052] RX[COM9]  f0
[23:30:47.053] RX[COM9]  fb 00 15 af 0b 00 00 00 00 00 00 0a
[23:30:47.055] PACKET[COM9] ground_station_status: rssi=-5, uptime=1421067, reserved=[0, 0, 0, 0, 0, 0]
[23:30:48.038] RX[COM9]  f0
[23:30:48.039] RX[COM9]  fb 00 15 b2 f3 00 00 00 00 00 00 0a
[23:30:48.040] PACKET[COM9] ground_station_status: rssi=-5, uptime=1422067, reserved=[0, 0, 0, 0, 0, 0]
[23:30:49.053] RX[COM9]  f0
[23:30:49.055] RX[COM9]  fb 00 15 b6 db 00 00 00 00 00 00 0a
[23:30:49.057] PACKET[COM9] ground_station_status: rssi=-5, uptime=1423067, reserved=[0, 0, 0, 0, 0, 0]
[23:30:50.066] RX[COM9]  f0
[23:30:50.067] RX[COM9]  fb 00 15 ba c3 00 00 00 00 00 00 0a
[23:30:50.069] PACKET[COM9] ground_station_status: rssi=-5, uptime=1424067, reserved=[0, 0, 0, 0, 0, 0]
[23:30:51.078] RX[COM9]  f0
[23:30:51.080] RX[COM9]  fb 00 15 be ab 00 00 00 00 00 00 0a
[23:30:51.082] PACKET[COM9] ground_station_status: rssi=-5, uptime=1425067, reserved=[0, 0, 0, 0, 0, 0]
[23:30:52.038] RX[COM9]  f0
[23:30:52.040] RX[COM9]  fb 00 15 c2 93 00 00 00 00 00 00 0a
[23:30:52.042] PACKET[COM9] ground_station_status: rssi=-5, uptime=1426067, reserved=[0, 0, 0, 0, 0, 0]
[23:30:53.044] RX[COM9]  f0
[23:30:53.046] RX[COM9]  fb 00 15 c6 7b 00 00 00 00 00 00 0a
[23:30:53.048] PACKET[COM9] ground_station_status: rssi=-5, uptime=1427067, reserved=[0, 0, 0, 0, 0, 0]
[23:30:54.059] RX[COM9]  f0
[23:30:54.065] RX[COM9]  fb 00 15 ca 63 00 00 00 00 00 00 0a
[23:30:54.067] PACKET[COM9] ground_station_status: rssi=-5, uptime=1428067, reserved=[0, 0, 0, 0, 0, 0]
[23:30:55.070] RX[COM9]  f0
[23:30:55.072] RX[COM9]  fb 00 15 ce 4b 00 00 00 00 00 00 0a
[23:30:55.074] PACKET[COM9] ground_station_status: rssi=-5, uptime=1429067, reserved=[0, 0, 0, 0, 0, 0]
[23:30:56.084] RX[COM9]  f0
[23:30:56.087] RX[COM9]  fb 00 15 d2 33 00 00 00 00 00 00 0a
[23:30:56.088] PACKET[COM9] ground_station_status: rssi=-5, uptime=1430067, reserved=[0, 0, 0, 0, 0, 0]
[23:30:57.096] RX[COM9]  f0
[23:30:57.098] RX[COM9]  fb 00 15 d6 1b 00 00 00 00 00 00 0a
[23:30:57.099] PACKET[COM9] ground_station_status: rssi=-5, uptime=1431067, reserved=[0, 0, 0, 0, 0, 0]
[23:30:58.048] RX[COM9]  f0
[23:30:58.050] RX[COM9]  fb 00 15 da 03 00 00 00 00 00 00 0a
[23:30:58.051] PACKET[COM9] ground_station_status: rssi=-5, uptime=1432067, reserved=[0, 0, 0, 0, 0, 0]
[23:30:59.059] RX[COM9]  f0
[23:30:59.061] RX[COM9]  fb 00 15 dd eb 00 00 00 00 00 00 0a
[23:30:59.062] PACKET[COM9] ground_station_status: rssi=-5, uptime=1433067, reserved=[0, 0, 0, 0, 0, 0]
[23:31:00.068] RX[COM9]  f0
[23:31:00.072] RX[COM9]  fb 00 15 e1 d3 00 00 00 00 00 00 0a
[23:31:00.073] PACKET[COM9] ground_station_status: rssi=-5, uptime=1434067, reserved=[0, 0, 0, 0, 0, 0]
[23:31:01.079] RX[COM9]  f0
[23:31:01.080] RX[COM9]  fb 00 15 e5 bb 00 00 00 00 00 00 0a
[23:31:01.081] PACKET[COM9] ground_station_status: rssi=-5, uptime=1435067, reserved=[0, 0, 0, 0, 0, 0]
[23:31:02.043] RX[COM9]  f0
[23:31:02.047] RX[COM9]  fb 00 15 e9 a3 00 00 00 00 00 00 0a
[23:31:02.049] PACKET[COM9] ground_station_status: rssi=-5, uptime=1436067, reserved=[0, 0, 0, 0, 0, 0]
[23:31:03.054] RX[COM9]  f0
[23:31:03.056] RX[COM9]  fb 00 15 ed 8b 00 00 00 00 00 00 0a
[23:31:03.059] PACKET[COM9] ground_station_status: rssi=-5, uptime=1437067, reserved=[0, 0, 0, 0, 0, 0]
[23:31:04.066] RX[COM9]  f0
[23:31:04.068] RX[COM9]  fb 00 15 f1 73 00 00 00 00 00 00 0a
[23:31:04.070] PACKET[COM9] ground_station_status: rssi=-5, uptime=1438067, reserved=[0, 0, 0, 0, 0, 0]
[23:31:05.084] RX[COM9]  f0
[23:31:05.087] RX[COM9]  fb 00 15 f5 5b 00 00 00 00 00 00 0a
[23:31:05.089] PACKET[COM9] ground_station_status: rssi=-5, uptime=1439067, reserved=[0, 0, 0, 0, 0, 0]
[23:31:06.037] RX[COM9]  f0
[23:31:06.038] RX[COM9]  fb 00 15 f9 43 00 00 00 00 00 00 0a
[23:31:06.041] PACKET[COM9] ground_station_status: rssi=-5, uptime=1440067, reserved=[0, 0, 0, 0, 0, 0]
[23:31:07.048] RX[COM9]  f0
[23:31:07.050] RX[COM9]  fb 00 15 fd 2b 00 00 00 00 00 00 0a
[23:31:07.051] PACKET[COM9] ground_station_status: rssi=-5, uptime=1441067, reserved=[0, 0, 0, 0, 0, 0]
[23:31:08.057] RX[COM9]  f0
[23:31:08.058] RX[COM9]  fb 00 16 01 13 00 00 00 00 00 00 0a
[23:31:08.060] PACKET[COM9] ground_station_status: rssi=-5, uptime=1442067, reserved=[0, 0, 0, 0, 0, 0]
[23:31:09.072] RX[COM9]  f0
[23:31:09.073] RX[COM9]  fb 00 16 04 fb 00 00 00 00 00 00 0a
[23:31:09.075] PACKET[COM9] ground_station_status: rssi=-5, uptime=1443067, reserved=[0, 0, 0, 0, 0, 0]
[23:31:10.084] RX[COM9]  f0
[23:31:10.085] RX[COM9]  fb 00 16 08 e3 00 00 00 00 00 00 0a
[23:31:10.087] PACKET[COM9] ground_station_status: rssi=-5, uptime=1444067, reserved=[0, 0, 0, 0, 0, 0]
[23:31:11.067] RX[COM9]  f0
[23:31:11.068] RX[COM9]  fb 00 16 0c cb 00 00 00 00 00 00 0a
[23:31:11.069] PACKET[COM9] ground_station_status: rssi=-5, uptime=1445067, reserved=[0, 0, 0, 0, 0, 0]
[23:31:12.075] RX[COM9]  f0
[23:31:12.077] RX[COM9]  fb 00 16 10 b3 00 00 00 00 00 00 0a
[23:31:12.078] PACKET[COM9] ground_station_status: rssi=-5, uptime=1446067, reserved=[0, 0, 0, 0, 0, 0]
[23:31:13.032] RX[COM9]  f0
[23:31:13.034] RX[COM9]  fb 00 16 14 9b 00 00 00 00 00 00 0a
[23:31:13.036] PACKET[COM9] ground_station_status: rssi=-5, uptime=1447067, reserved=[0, 0, 0, 0, 0, 0]
[23:31:14.044] RX[COM9]  f0
[23:31:14.046] RX[COM9]  fb 00 16 18 83 00 00 00 00 00 00 0a
[23:31:14.048] PACKET[COM9] ground_station_status: rssi=-5, uptime=1448067, reserved=[0, 0, 0, 0, 0, 0]
[23:31:15.056] RX[COM9]  f0
[23:31:15.058] RX[COM9]  fb 00 16 1c 6b 00 00 00 00 00 00 0a
[23:31:15.060] PACKET[COM9] ground_station_status: rssi=-5, uptime=1449067, reserved=[0, 0, 0, 0, 0, 0]
[23:31:16.071] RX[COM9]  f0
[23:31:16.073] RX[COM9]  fb 00 16 20 53 00 00 00 00 00 00 0a
[23:31:16.075] PACKET[COM9] ground_station_status: rssi=-5, uptime=1450067, reserved=[0, 0, 0, 0, 0, 0]
[23:31:17.084] RX[COM9]  f0
[23:31:17.086] RX[COM9]  fb 00 16 24 3b 00 00 00 00 00 00 0a
[23:31:17.087] PACKET[COM9] ground_station_status: rssi=-5, uptime=1451067, reserved=[0, 0, 0, 0, 0, 0]
[23:31:18.040] RX[COM9]  f0
[23:31:18.042] RX[COM9]  fb 00 16 28 23 00 00 00 00 00 00 0a
[23:31:18.043] PACKET[COM9] ground_station_status: rssi=-5, uptime=1452067, reserved=[0, 0, 0, 0, 0, 0]
[23:31:19.048] RX[COM9]  f0
[23:31:19.049] RX[COM9]  fb 00 16 2c 0b 00 00 00 00 00 00 0a
[23:31:19.050] PACKET[COM9] ground_station_status: rssi=-5, uptime=1453067, reserved=[0, 0, 0, 0, 0, 0]
[23:31:20.056] RX[COM9]  f0
[23:31:20.058] RX[COM9]  fb 00 16 2f f3 00 00 00 00 00 00 0a
[23:31:20.059] PACKET[COM9] ground_station_status: rssi=-5, uptime=1454067, reserved=[0, 0, 0, 0, 0, 0]
[23:31:21.073] RX[COM9]  f0
[23:31:21.074] RX[COM9]  fb 00 16 33 db 00 00 00 00 00 00 0a
[23:31:21.075] PACKET[COM9] ground_station_status: rssi=-5, uptime=1455067, reserved=[0, 0, 0, 0, 0, 0]
[23:31:22.081] RX[COM9]  f0
[23:31:22.085] RX[COM9]  fb 00 16 37 c3 00 00 00 00 00 00 0a
[23:31:22.089] PACKET[COM9] ground_station_status: rssi=-5, uptime=1456067, reserved=[0, 0, 0, 0, 0, 0]
[23:31:23.040] RX[COM9]  f0
[23:31:23.044] RX[COM9]  fb 00 16 3b ab 00 00 00 00 00 00 0a
[23:31:23.046] PACKET[COM9] ground_station_status: rssi=-5, uptime=1457067, reserved=[0, 0, 0, 0, 0, 0]
[23:31:24.053] RX[COM9]  f0
[23:31:24.055] RX[COM9]  fb 00 16 3f 93 00 00 00 00 00 00 0a
[23:31:24.057] PACKET[COM9] ground_station_status: rssi=-5, uptime=1458067, reserved=[0, 0, 0, 0, 0, 0]
[23:31:25.067] RX[COM9]  f0
[23:31:25.070] RX[COM9]  fb 00 16 43 7b 00 00 00 00 00 00 0a
[23:31:25.073] PACKET[COM9] ground_station_status: rssi=-5, uptime=1459067, reserved=[0, 0, 0, 0, 0, 0]
[23:31:26.079] RX[COM9]  f0
[23:31:26.081] RX[COM9]  fb 00 16 47 63 00 00 00 00 00 00 0a
[23:31:26.083] PACKET[COM9] ground_station_status: rssi=-5, uptime=1460067, reserved=[0, 0, 0, 0, 0, 0]
[23:31:27.033] RX[COM9]  f0
[23:31:27.034] RX[COM9]  fb 00 16 4b 4b 00 00 00 00 00 00 0a
[23:31:27.036] PACKET[COM9] ground_station_status: rssi=-5, uptime=1461067, reserved=[0, 0, 0, 0, 0, 0]
[23:31:28.038] RX[COM9]  f0
[23:31:28.039] RX[COM9]  fb 00 16 4f 33 00 00 00 00 00 00 0a
[23:31:28.041] PACKET[COM9] ground_station_status: rssi=-5, uptime=1462067, reserved=[0, 0, 0, 0, 0, 0]
[23:31:29.051] RX[COM9]  f0
[23:31:29.052] RX[COM9]  fb 00 16 53 1b 00 00 00 00 00 00 0a
[23:31:29.054] PACKET[COM9] ground_station_status: rssi=-5, uptime=1463067, reserved=[0, 0, 0, 0, 0, 0]
[23:31:30.065] RX[COM9]  f0
[23:31:30.066] RX[COM9]  fb 00 16 57 03 00 00 00 00 00 00 0a
[23:31:30.068] PACKET[COM9] ground_station_status: rssi=-5, uptime=1464067, reserved=[0, 0, 0, 0, 0, 0]
[23:31:31.029] RX[COM9]  f0
[23:31:31.032] RX[COM9]  fb 00 16 5a eb 00 00 00 00 00 00 0a
[23:31:31.036] PACKET[COM9] ground_station_status: rssi=-5, uptime=1465067, reserved=[0, 0, 0, 0, 0, 0]
[23:31:32.040] RX[COM9]  f0
[23:31:32.042] RX[COM9]  fb 00 16 5e d3 00 00 00 00 00 00 0a
[23:31:32.044] PACKET[COM9] ground_station_status: rssi=-5, uptime=1466067, reserved=[0, 0, 0, 0, 0, 0]
[23:31:33.054] RX[COM9]  f0
[23:31:33.056] RX[COM9]  fb 00 16 62 bb 00 00 00 00 00 00 0a
[23:31:33.058] PACKET[COM9] ground_station_status: rssi=-5, uptime=1467067, reserved=[0, 0, 0, 0, 0, 0]
[23:31:34.064] RX[COM9]  f0
[23:31:34.066] RX[COM9]  fb 00 16 66 a3 00 00 00 00 00 00 0a
[23:31:34.068] PACKET[COM9] ground_station_status: rssi=-5, uptime=1468067, reserved=[0, 0, 0, 0, 0, 0]
[23:31:35.078] RX[COM9]  f0
[23:31:35.079] RX[COM9]  fb 00 16 6a 8b 00 00 00 00 00 00 0a
[23:31:35.081] PACKET[COM9] ground_station_status: rssi=-5, uptime=1469067, reserved=[0, 0, 0, 0, 0, 0]
[23:31:36.033] RX[COM9]  f0
[23:31:36.034] RX[COM9]  fb 00 16 6e 73 00 00 00 00 00 00 0a
[23:31:36.036] PACKET[COM9] ground_station_status: rssi=-5, uptime=1470067, reserved=[0, 0, 0, 0, 0, 0]
[23:31:37.039] RX[COM9]  f0
[23:31:37.041] RX[COM9]  fb 00 16 72 5b 00 00 00 00 00 00 0a
[23:31:37.042] PACKET[COM9] ground_station_status: rssi=-5, uptime=1471067, reserved=[0, 0, 0, 0, 0, 0]
[23:31:38.038] RX[COM9]  f0
[23:31:38.039] RX[COM9]  fb 00 16 76 43 00 00 00 00 00 00 0a
[23:31:38.041] PACKET[COM9] ground_station_status: rssi=-5, uptime=1472067, reserved=[0, 0, 0, 0, 0, 0]
[23:31:39.049] RX[COM9]  f0
[23:31:39.050] RX[COM9]  fb 00 16 7a 2b 00 00 00 00 00 00 0a
[23:31:39.051] PACKET[COM9] ground_station_status: rssi=-5, uptime=1473067, reserved=[0, 0, 0, 0, 0, 0]
[23:31:40.061] RX[COM9]  f0
[23:31:40.062] RX[COM9]  fb 00 16 7e 13 00 00 00 00 00 00 0a
[23:31:40.064] PACKET[COM9] ground_station_status: rssi=-5, uptime=1474067, reserved=[0, 0, 0, 0, 0, 0]
[23:31:41.059] RX[COM9]  f0
[23:31:41.060] RX[COM9]  fb 00 16 81 fb 00 00 00 00 00 00 0a
[23:31:41.062] PACKET[COM9] ground_station_status: rssi=-5, uptime=1475067, reserved=[0, 0, 0, 0, 0, 0]
[23:31:42.070] RX[COM9]  f0
[23:31:42.072] RX[COM9]  fb 00 16 85 e3 00 00 00 00 00 00 0a
[23:31:42.073] PACKET[COM9] ground_station_status: rssi=-5, uptime=1476067, reserved=[0, 0, 0, 0, 0, 0]
[23:31:43.027] RX[COM9]  f0
[23:31:43.028] RX[COM9]  fb 00 16 89 cb 00 00 00 00 00 00 0a
[23:31:43.030] PACKET[COM9] ground_station_status: rssi=-5, uptime=1477067, reserved=[0, 0, 0, 0, 0, 0]
[23:31:44.037] RX[COM9]  f0
[23:31:44.039] RX[COM9]  fb 00 16 8d b3 00 00 00 00 00 00 0a
[23:31:44.040] PACKET[COM9] ground_station_status: rssi=-5, uptime=1478067, reserved=[0, 0, 0, 0, 0, 0]
[23:31:45.049] RX[COM9]  f0
[23:31:45.051] RX[COM9]  fb 00 16 91 9b 00 00 00 00 00 00 0a
[23:31:45.054] PACKET[COM9] ground_station_status: rssi=-5, uptime=1479067, reserved=[0, 0, 0, 0, 0, 0]
[23:31:46.061] RX[COM9]  f0
[23:31:46.064] RX[COM9]  fb 00 16 95 83 00 00 00 00 00 00 0a
[23:31:46.066] PACKET[COM9] ground_station_status: rssi=-5, uptime=1480067, reserved=[0, 0, 0, 0, 0, 0]
[23:31:47.076] RX[COM9]  f0
[23:31:47.078] RX[COM9]  fb 00 16 99 6b 00 00 00 00 00 00 0a
[23:31:47.079] PACKET[COM9] ground_station_status: rssi=-5, uptime=1481067, reserved=[0, 0, 0, 0, 0, 0]
[23:31:48.026] RX[COM9]  f0
[23:31:48.027] RX[COM9]  fb 00 16 9d 53 00 00 00 00 00 00 0a
[23:31:48.029] PACKET[COM9] ground_station_status: rssi=-5, uptime=1482067, reserved=[0, 0, 0, 0, 0, 0]
[23:31:49.066] RX[COM9]  f0
[23:31:49.068] RX[COM9]  fb 00 16 a1 3b 00 00 00 00 00 00 0a
[23:31:49.070] PACKET[COM9] ground_station_status: rssi=-5, uptime=1483067, reserved=[0, 0, 0, 0, 0, 0]
[23:31:50.029] RX[COM9]  f0
[23:31:50.030] RX[COM9]  fb 00 16 a5 23 00 00 00 00 00 00 0a
[23:31:50.031] PACKET[COM9] ground_station_status: rssi=-5, uptime=1484067, reserved=[0, 0, 0, 0, 0, 0]
[23:31:51.033] RX[COM9]  f0
[23:31:51.034] RX[COM9]  fb 00 16 a9 0b 00 00 00 00 00 00 0a
[23:31:51.036] PACKET[COM9] ground_station_status: rssi=-5, uptime=1485067, reserved=[0, 0, 0, 0, 0, 0]
[23:31:52.040] RX[COM9]  f0
[23:31:52.041] RX[COM9]  fb 00 16 ac f3 00 00 00 00 00 00 0a
[23:31:52.043] PACKET[COM9] ground_station_status: rssi=-5, uptime=1486067, reserved=[0, 0, 0, 0, 0, 0]
[23:31:53.052] RX[COM9]  f0
[23:31:53.054] RX[COM9]  fb 00 16 b0 db 00 00 00 00 00 00 0a
[23:31:53.056] PACKET[COM9] ground_station_status: rssi=-5, uptime=1487067, reserved=[0, 0, 0, 0, 0, 0]
[23:31:54.060] RX[COM9]  f0
[23:31:54.061] RX[COM9]  fb 00 16 b4 c3 00 00 00 00 00 00 0a
[23:31:54.062] PACKET[COM9] ground_station_status: rssi=-5, uptime=1488067, reserved=[0, 0, 0, 0, 0, 0]
[23:31:55.053] RX[COM9]  f0
[23:31:55.054] RX[COM9]  fb 00 16 b8 ab 00 00 00 00 00 00 0a
[23:31:55.056] PACKET[COM9] ground_station_status: rssi=-5, uptime=1489067, reserved=[0, 0, 0, 0, 0, 0]
[23:31:56.060] RX[COM9]  f0
[23:31:56.061] RX[COM9]  fb 00 16 bc 93 00 00 00 00 00 00 0a
[23:31:56.063] PACKET[COM9] ground_station_status: rssi=-5, uptime=1490067, reserved=[0, 0, 0, 0, 0, 0]
[23:31:57.068] RX[COM9]  f0
[23:31:57.069] RX[COM9]  fb 00 16 c0 7b 00 00 00 00 00 00 0a
[23:31:57.071] PACKET[COM9] ground_station_status: rssi=-5, uptime=1491067, reserved=[0, 0, 0, 0, 0, 0]
[23:31:58.026] RX[COM9]  f0
[23:31:58.028] RX[COM9]  fb 00 16 c4 63 00 00 00 00 00 00 0a
[23:31:58.029] PACKET[COM9] ground_station_status: rssi=-5, uptime=1492067, reserved=[0, 0, 0, 0, 0, 0]
[23:31:59.036] RX[COM9]  f0
[23:31:59.038] RX[COM9]  fb 00 16 c8 4b 00 00 00 00 00 00 0a
[23:31:59.042] PACKET[COM9] ground_station_status: rssi=-5, uptime=1493067, reserved=[0, 0, 0, 0, 0, 0]
[23:32:00.042] RX[COM9]  f0
[23:32:00.044] RX[COM9]  fb 00 16 cc 33 00 00 00 00 00 00 0a
[23:32:00.046] PACKET[COM9] ground_station_status: rssi=-5, uptime=1494067, reserved=[0, 0, 0, 0, 0, 0]
[23:32:01.054] RX[COM9]  f0
[23:32:01.058] RX[COM9]  fb 00 16 d0 1b 00 00 00 00 00 00 0a
[23:32:01.060] PACKET[COM9] ground_station_status: rssi=-5, uptime=1495067, reserved=[0, 0, 0, 0, 0, 0]
[23:32:02.057] RX[COM9]  f0
[23:32:02.059] RX[COM9]  fb 00 16 d4 03 00 00 00 00 00 00 0a
[23:32:02.061] PACKET[COM9] ground_station_status: rssi=-5, uptime=1496067, reserved=[0, 0, 0, 0, 0, 0]
[23:32:03.063] RX[COM9]  f0
[23:32:03.065] RX[COM9]  fb 00 16 d7 eb 00 00 00 00 00 00 0a
[23:32:03.066] PACKET[COM9] ground_station_status: rssi=-5, uptime=1497067, reserved=[0, 0, 0, 0, 0, 0]
[23:32:04.076] RX[COM9]  f0
[23:32:04.078] RX[COM9]  fb 00 16 db d3 00 00 00 00 00 00 0a
[23:32:04.081] PACKET[COM9] ground_station_status: rssi=-5, uptime=1498067, reserved=[0, 0, 0, 0, 0, 0]
[23:32:05.033] RX[COM9]  f0
[23:32:05.034] RX[COM9]  fb 00 16 df bb 00 00 00 00 00 00 0a
[23:32:05.036] PACKET[COM9] ground_station_status: rssi=-5, uptime=1499067, reserved=[0, 0, 0, 0, 0, 0]
[23:32:06.070] RX[COM9]  f0
[23:32:06.072] RX[COM9]  fb 00 16 e3 a3 00 00 00 00 00 00 0a
[23:32:06.074] PACKET[COM9] ground_station_status: rssi=-5, uptime=1500067, reserved=[0, 0, 0, 0, 0, 0]
[23:32:07.053] RX[COM9]  f0
[23:32:07.054] RX[COM9]  fb 00 16 e7 8b 00 00 00 00 00 00 0a
[23:32:07.056] PACKET[COM9] ground_station_status: rssi=-5, uptime=1501067, reserved=[0, 0, 0, 0, 0, 0]
[23:32:08.074] RX[COM9]  f0
[23:32:08.078] RX[COM9]  fb 00 16 eb 73 00 00 00 00 00 00 0a
[23:32:08.081] PACKET[COM9] ground_station_status: rssi=-5, uptime=1502067, reserved=[0, 0, 0, 0, 0, 0]
[23:32:09.070] RX[COM9]  f0
[23:32:09.071] RX[COM9]  fb 00 16 ef 5b 00 00 00 00 00 00 0a
[23:32:09.072] PACKET[COM9] ground_station_status: rssi=-5, uptime=1503067, reserved=[0, 0, 0, 0, 0, 0]
[23:32:10.052] RX[COM9]  f0
[23:32:10.054] RX[COM9]  fb 00 16 f3 43 00 00 00 00 00 00 0a
[23:32:10.054] PACKET[COM9] ground_station_status: rssi=-5, uptime=1504067, reserved=[0, 0, 0, 0, 0, 0]
[23:32:11.027] RX[COM9]  f0
[23:32:11.028] RX[COM9]  fb 00 16 f7 2b 00 00 00 00 00 00 0a
[23:32:11.029] PACKET[COM9] ground_station_status: rssi=-5, uptime=1505067, reserved=[0, 0, 0, 0, 0, 0]
[23:32:12.032] RX[COM9]  f0
[23:32:12.033] RX[COM9]  fb 00 16 fb 13 00 00 00 00 00 00 0a
[23:32:12.034] PACKET[COM9] ground_station_status: rssi=-5, uptime=1506067, reserved=[0, 0, 0, 0, 0, 0]
[23:32:13.046] RX[COM9]  f0
[23:32:13.046] RX[COM9]  fb 00 16 fe fb 00 00 00 00 00 00 0a
[23:32:13.047] PACKET[COM9] ground_station_status: rssi=-5, uptime=1507067, reserved=[0, 0, 0, 0, 0, 0]
[23:32:14.063] RX[COM9]  f0
[23:32:14.071] RX[COM9]  fb 00 17 02 e3 00 00 00 00 00 00 0a
[23:32:14.072] PACKET[COM9] ground_station_status: rssi=-5, uptime=1508067, reserved=[0, 0, 0, 0, 0, 0]
[23:32:15.057] RX[COM9]  f0
[23:32:15.058] RX[COM9]  fb 00 17 06 cb 00 00 00 00 00 00 0a
[23:32:15.059] PACKET[COM9] ground_station_status: rssi=-5, uptime=1509067, reserved=[0, 0, 0, 0, 0, 0]
[23:32:16.059] RX[COM9]  f0
[23:32:16.060] RX[COM9]  fb 00 17 0a b3 00 00 00 00 00 00 0a
[23:32:16.061] PACKET[COM9] ground_station_status: rssi=-5, uptime=1510067, reserved=[0, 0, 0, 0, 0, 0]
[23:32:17.071] RX[COM9]  f0
[23:32:17.072] RX[COM9]  fb 00 17 0e 9b 00 00 00 00 00 00 0a
[23:32:17.073] PACKET[COM9] ground_station_status: rssi=-5, uptime=1511067, reserved=[0, 0, 0, 0, 0, 0]
[23:32:18.034] RX[COM9]  f0
[23:32:18.036] RX[COM9]  fb 00 17 12 83 00 00 00 00 00 00 0a
[23:32:18.037] PACKET[COM9] ground_station_status: rssi=-5, uptime=1512067, reserved=[0, 0, 0, 0, 0, 0]
[23:32:19.033] RX[COM9]  f0
[23:32:19.034] RX[COM9]  fb 00 17 16 6b 00 00 00 00 00 00 0a
[23:32:19.037] PACKET[COM9] ground_station_status: rssi=-5, uptime=1513067, reserved=[0, 0, 0, 0, 0, 0]
[23:32:20.028] RX[COM9]  f0
[23:32:20.030] RX[COM9]  fb 00 17 1a 53 00 00 00 00 00 00 0a
[23:32:20.032] PACKET[COM9] ground_station_status: rssi=-5, uptime=1514067, reserved=[0, 0, 0, 0, 0, 0]
[23:32:21.023] RX[COM9]  f0
[23:32:21.025] RX[COM9]  fb 00 17 1e 3b 00 00 00 00 00 00 0a
[23:32:21.026] PACKET[COM9] ground_station_status: rssi=-5, uptime=1515067, reserved=[0, 0, 0, 0, 0, 0]
[23:32:22.038] RX[COM9]  f0
[23:32:22.039] RX[COM9]  fb 00 17 22 23 00 00 00 00 00 00 0a
[23:32:22.041] PACKET[COM9] ground_station_status: rssi=-5, uptime=1516067, reserved=[0, 0, 0, 0, 0, 0]
[23:32:23.048] RX[COM9]  f0
[23:32:23.053] RX[COM9]  fb 00 17 26 0b 00 00 00 00 00 00 0a
[23:32:23.055] PACKET[COM9] ground_station_status: rssi=-5, uptime=1517067, reserved=[0, 0, 0, 0, 0, 0]
[23:32:24.062] RX[COM9]  f0
[23:32:24.065] RX[COM9]  fb 00 17 29 f3 00 00 00 00 00 00 0a
[23:32:24.066] PACKET[COM9] ground_station_status: rssi=-5, uptime=1518067, reserved=[0, 0, 0, 0, 0, 0]
[23:32:25.068] RX[COM9]  f0
[23:32:25.070] RX[COM9]  fb 00 17 2d db 00 00 00 00 00 00 0a
[23:32:25.072] PACKET[COM9] ground_station_status: rssi=-5, uptime=1519067, reserved=[0, 0, 0, 0, 0, 0]
[23:32:26.023] RX[COM9]  f0
[23:32:26.024] RX[COM9]  fb 00 17 31 c3 00 00 00 00 00 00 0a
[23:32:26.026] PACKET[COM9] ground_station_status: rssi=-5, uptime=1520067, reserved=[0, 0, 0, 0, 0, 0]
[23:32:27.033] RX[COM9]  f0
[23:32:27.034] RX[COM9]  fb 00 17 35 ab 00 00 00 00 00 00 0a
[23:32:27.035] PACKET[COM9] ground_station_status: rssi=-5, uptime=1521067, reserved=[0, 0, 0, 0, 0, 0]
[23:32:28.045] RX[COM9]  f0
[23:32:28.046] RX[COM9]  fb 00 17 39 93 00 00 00 00 00 00 0a
[23:32:28.047] PACKET[COM9] ground_station_status: rssi=-5, uptime=1522067, reserved=[0, 0, 0, 0, 0, 0]
[23:32:29.056] RX[COM9]  f0
[23:32:29.057] RX[COM9]  fb 00 17 3d 7b 00 00 00 00 00 00 0a
[23:32:29.059] PACKET[COM9] ground_station_status: rssi=-5, uptime=1523067, reserved=[0, 0, 0, 0, 0, 0]
[23:32:30.066] RX[COM9]  f0
[23:32:30.067] RX[COM9]  fb 00 17 41 63 00 00 00 00 00 00 0a
[23:32:30.068] PACKET[COM9] ground_station_status: rssi=-5, uptime=1524067, reserved=[0, 0, 0, 0, 0, 0]
[23:32:31.021] RX[COM9]  f0
[23:32:31.023] RX[COM9]  fb 00 17 45 4b 00 00 00 00 00 00 0a
[23:32:31.024] PACKET[COM9] ground_station_status: rssi=-5, uptime=1525067, reserved=[0, 0, 0, 0, 0, 0]
[23:32:32.035] RX[COM9]  f0
[23:32:32.037] RX[COM9]  fb 00 17 49 33 00 00 00 00 00 00 0a
[23:32:32.039] PACKET[COM9] ground_station_status: rssi=-5, uptime=1526067, reserved=[0, 0, 0, 0, 0, 0]
[23:32:33.063] RX[COM9]  f0
[23:32:33.065] RX[COM9]  fb 00 17 4d 1b 00 00 00 00 00 00 0a
[23:32:33.067] PACKET[COM9] ground_station_status: rssi=-5, uptime=1527067, reserved=[0, 0, 0, 0, 0, 0]
[23:32:34.072] RX[COM9]  f0
[23:32:34.075] RX[COM9]  fb 00 17 51 03 00 00 00 00 00 00 0a
[23:32:34.077] PACKET[COM9] ground_station_status: rssi=-5, uptime=1528067, reserved=[0, 0, 0, 0, 0, 0]
[23:32:35.024] RX[COM9]  f0
[23:32:35.025] RX[COM9]  fb 00 17 54 eb 00 00 00 00 00 00 0a
[23:32:35.027] PACKET[COM9] ground_station_status: rssi=-5, uptime=1529067, reserved=[0, 0, 0, 0, 0, 0]
[23:32:36.033] RX[COM9]  f0
[23:32:36.034] RX[COM9]  fb 00 17 58 d3 00 00 00 00 00 00 0a
[23:32:36.035] PACKET[COM9] ground_station_status: rssi=-5, uptime=1530067, reserved=[0, 0, 0, 0, 0, 0]
[23:32:37.049] RX[COM9]  f0
[23:32:37.054] RX[COM9]  fb 00 17 5c bb 00 00 00 00 00 00 0a
[23:32:37.056] PACKET[COM9] ground_station_status: rssi=-5, uptime=1531067, reserved=[0, 0, 0, 0, 0, 0]
[23:32:38.045] RX[COM9]  f0
[23:32:38.046] RX[COM9]  fb 00 17 60 a3 00 00 00 00 00 00 0a
[23:32:38.047] PACKET[COM9] ground_station_status: rssi=-5, uptime=1532067, reserved=[0, 0, 0, 0, 0, 0]
[23:32:39.053] RX[COM9]  f0
[23:32:39.054] RX[COM9]  fb 00 17 64 8b 00 00 00 00 00 00 0a
[23:32:39.056] PACKET[COM9] ground_station_status: rssi=-5, uptime=1533067, reserved=[0, 0, 0, 0, 0, 0]
[23:32:40.065] RX[COM9]  f0
[23:32:40.066] RX[COM9]  fb 00 17 68 73 00 00 00 00 00 00 0a
[23:32:40.068] PACKET[COM9] ground_station_status: rssi=-5, uptime=1534067, reserved=[0, 0, 0, 0, 0, 0]
[23:32:41.027] RX[COM9]  f0
[23:32:41.028] RX[COM9]  fb 00 17 6c 5b 00 00 00 00 00 00 0a
[23:32:41.030] PACKET[COM9] ground_station_status: rssi=-5, uptime=1535067, reserved=[0, 0, 0, 0, 0, 0]
[23:32:42.038] RX[COM9]  f0
[23:32:42.040] RX[COM9]  fb 00 17 70 43 00 00 00 00 00 00 0a
[23:32:42.042] PACKET[COM9] ground_station_status: rssi=-5, uptime=1536067, reserved=[0, 0, 0, 0, 0, 0]
[23:32:43.052] RX[COM9]  f0
[23:32:43.055] RX[COM9]  fb 00 17 74 2b 00 00 00 00 00 00 0a
[23:32:43.057] PACKET[COM9] ground_station_status: rssi=-5, uptime=1537067, reserved=[0, 0, 0, 0, 0, 0]
[23:32:44.061] RX[COM9]  f0
[23:32:44.062] RX[COM9]  fb 00 17 78 13 00 00 00 00 00 00 0a
[23:32:44.064] PACKET[COM9] ground_station_status: rssi=-5, uptime=1538067, reserved=[0, 0, 0, 0, 0, 0]
[23:32:45.075] RX[COM9]  f0
[23:32:45.081] RX[COM9]  fb 00 17 7b fb 00 00 00 00 00 00 0a
[23:32:45.082] PACKET[COM9] ground_station_status: rssi=-5, uptime=1539067, reserved=[0, 0, 0, 0, 0, 0]
[23:32:46.022] RX[COM9]  f0
[23:32:46.024] RX[COM9]  fb 00 17 7f e3 00 00 00 00 00 00 0a
[23:32:46.026] PACKET[COM9] ground_station_status: rssi=-5, uptime=1540067, reserved=[0, 0, 0, 0, 0, 0]
[23:32:47.036] RX[COM9]  f0
[23:32:47.037] RX[COM9]  fb 00 17 83 cb 00 00 00 00 00 00 0a
[23:32:47.038] PACKET[COM9] ground_station_status: rssi=-5, uptime=1541067, reserved=[0, 0, 0, 0, 0, 0]
[23:32:48.048] RX[COM9]  f0
[23:32:48.049] RX[COM9]  fb 00 17 87 b3 00 00 00 00 00 00 0a
[23:32:48.050] PACKET[COM9] ground_station_status: rssi=-5, uptime=1542067, reserved=[0, 0, 0, 0, 0, 0]
[23:32:49.068] RX[COM9]  f0
[23:32:49.069] RX[COM9]  fb 00 17 8b 9b 00 00 00 00 00 00 0a
[23:32:49.071] PACKET[COM9] ground_station_status: rssi=-5, uptime=1543067, reserved=[0, 0, 0, 0, 0, 0]
[23:32:50.027] RX[COM9]  f0
[23:32:50.029] RX[COM9]  fb 00 17 8f 83 00 00 00 00 00 00 0a
[23:32:50.031] PACKET[COM9] ground_station_status: rssi=-5, uptime=1544067, reserved=[0, 0, 0, 0, 0, 0]
[23:32:51.039] RX[COM9]  f0
[23:32:51.042] RX[COM9]  fb 00 17 93 6b 00 00 00 00 00 00 0a
[23:32:51.044] PACKET[COM9] ground_station_status: rssi=-5, uptime=1545067, reserved=[0, 0, 0, 0, 0, 0]
[23:32:52.053] RX[COM9]  f0
[23:32:52.054] RX[COM9]  fb 00 17 97 53 00 00 00 00 00 00 0a
[23:32:52.056] PACKET[COM9] ground_station_status: rssi=-5, uptime=1546067, reserved=[0, 0, 0, 0, 0, 0]
[23:32:53.064] RX[COM9]  f0
[23:32:53.068] RX[COM9]  fb 00 17 9b 3b 00 00 00 00 00 00 0a
[23:32:53.070] PACKET[COM9] ground_station_status: rssi=-5, uptime=1547067, reserved=[0, 0, 0, 0, 0, 0]
[23:32:54.066] RX[COM9]  f0
[23:32:54.068] RX[COM9]  fb 00 17 9f 23 00 00 00 00 00 00 0a
[23:32:54.070] PACKET[COM9] ground_station_status: rssi=-5, uptime=1548067, reserved=[0, 0, 0, 0, 0, 0]
[23:32:55.014] RX[COM9]  f0
[23:32:55.015] RX[COM9]  fb 00 17 a3 0b 00 00 00 00 00 00 0a
[23:32:55.016] PACKET[COM9] ground_station_status: rssi=-5, uptime=1549067, reserved=[0, 0, 0, 0, 0, 0]
[23:32:56.025] RX[COM9]  f0
[23:32:56.026] RX[COM9]  fb 00 17 a6 f3 00 00 00 00 00 00 0a
[23:32:56.027] PACKET[COM9] ground_station_status: rssi=-5, uptime=1550067, reserved=[0, 0, 0, 0, 0, 0]
[23:32:57.059] RX[COM9]  f0
[23:32:57.067] RX[COM9]  fb 00 17 aa db 00 00 00 00 00 00 0a
[23:32:57.069] PACKET[COM9] ground_station_status: rssi=-5, uptime=1551067, reserved=[0, 0, 0, 0, 0, 0]
[23:32:58.071] RX[COM9]  f0
[23:32:58.074] RX[COM9]  fb 00 17 ae c3 00 00 00 00 00 00 0a
[23:32:58.075] PACKET[COM9] ground_station_status: rssi=-5, uptime=1552067, reserved=[0, 0, 0, 0, 0, 0]
[23:32:59.016] RX[COM9]  f0
[23:32:59.018] RX[COM9]  fb 00 17 b2 ab 00 00 00 00 00 00 0a
[23:32:59.020] PACKET[COM9] ground_station_status: rssi=-5, uptime=1553067, reserved=[0, 0, 0, 0, 0, 0]
[23:33:00.012] RX[COM9]  f0
[23:33:00.012] RX[COM9]  fb 00 17 b6 93 00 00 00 00 00 00 0a
[23:33:00.013] PACKET[COM9] ground_station_status: rssi=-5, uptime=1554067, reserved=[0, 0, 0, 0, 0, 0]
[23:33:01.013] RX[COM9]  f0
[23:33:01.014] RX[COM9]  fb 00 17 ba 7b 00 00 00 00 00 00 0a
[23:33:01.015] PACKET[COM9] ground_station_status: rssi=-5, uptime=1555067, reserved=[0, 0, 0, 0, 0, 0]
[23:33:02.021] RX[COM9]  f0
[23:33:02.022] RX[COM9]  fb 00 17 be 63 00 00 00 00 00 00 0a
[23:33:02.024] PACKET[COM9] ground_station_status: rssi=-5, uptime=1556067, reserved=[0, 0, 0, 0, 0, 0]
[23:33:03.019] RX[COM9]  f0
[23:33:03.019] RX[COM9]  fb 00 17 c2 4b 00 00 00 00 00 00 0a
[23:33:03.021] PACKET[COM9] ground_station_status: rssi=-5, uptime=1557067, reserved=[0, 0, 0, 0, 0, 0]
[23:33:04.031] RX[COM9]  f0
[23:33:04.032] RX[COM9]  fb 00 17 c6 33 00 00 00 00 00 00 0a
[23:33:04.033] PACKET[COM9] ground_station_status: rssi=-5, uptime=1558067, reserved=[0, 0, 0, 0, 0, 0]
[23:33:05.041] RX[COM9]  f0
[23:33:05.042] RX[COM9]  fb 00 17 ca 1b 00 00 00 00 00 00 0a
[23:33:05.044] PACKET[COM9] ground_station_status: rssi=-5, uptime=1559067, reserved=[0, 0, 0, 0, 0, 0]
[23:33:06.054] RX[COM9]  f0
[23:33:06.055] RX[COM9]  fb 00 17 ce 03 00 00 00 00 00 00 0a
[23:33:06.056] PACKET[COM9] ground_station_status: rssi=-5, uptime=1560067, reserved=[0, 0, 0, 0, 0, 0]
[23:33:07.059] RX[COM9]  f0
[23:33:07.060] RX[COM9]  fb 00 17 d1 eb 00 00 00 00 00 00 0a
[23:33:07.061] PACKET[COM9] ground_station_status: rssi=-5, uptime=1561067, reserved=[0, 0, 0, 0, 0, 0]
[23:33:08.018] RX[COM9]  f0
[23:33:08.021] RX[COM9]  fb 00 17 d5 d3 00 00 00 00 00 00 0a
[23:33:08.022] PACKET[COM9] ground_station_status: rssi=-5, uptime=1562067, reserved=[0, 0, 0, 0, 0, 0]
[23:33:09.034] RX[COM9]  f0
[23:33:09.039] RX[COM9]  fb 00 17 d9 bb 00 00 00 00 00 00 0a
[23:33:09.040] PACKET[COM9] ground_station_status: rssi=-5, uptime=1563067, reserved=[0, 0, 0, 0, 0, 0]
[23:33:10.048] RX[COM9]  f0
[23:33:10.050] RX[COM9]  fb 00 17 dd a3 00 00 00 00 00 00 0a
[23:33:10.051] PACKET[COM9] ground_station_status: rssi=-5, uptime=1564067, reserved=[0, 0, 0, 0, 0, 0]
[23:33:11.058] RX[COM9]  f0
[23:33:11.061] RX[COM9]  fb 00 17 e1 8b 00 00 00 00 00 00 0a
[23:33:11.062] PACKET[COM9] ground_station_status: rssi=-5, uptime=1565067, reserved=[0, 0, 0, 0, 0, 0]
[23:33:12.056] RX[COM9]  f0
[23:33:12.058] RX[COM9]  fb 00 17 e5 73 00 00 00 00 00 00 0a
[23:33:12.059] PACKET[COM9] ground_station_status: rssi=-5, uptime=1566067, reserved=[0, 0, 0, 0, 0, 0]
[23:33:13.014] RX[COM9]  f0
[23:33:13.016] RX[COM9]  fb 00 17 e9 5b 00 00 00 00 00 00 0a
[23:33:13.017] PACKET[COM9] ground_station_status: rssi=-5, uptime=1567067, reserved=[0, 0, 0, 0, 0, 0]
[23:33:14.029] RX[COM9]  f0
[23:33:14.032] RX[COM9]  fb 00 17 ed 43 00 00 00 00 00 00 0a
[23:33:14.034] PACKET[COM9] ground_station_status: rssi=-5, uptime=1568067, reserved=[0, 0, 0, 0, 0, 0]
[23:33:15.040] RX[COM9]  f0
[23:33:15.041] RX[COM9]  fb 00 17 f1 2b 00 00 00 00 00 00 0a
[23:33:15.042] PACKET[COM9] ground_station_status: rssi=-5, uptime=1569067, reserved=[0, 0, 0, 0, 0, 0]
[23:33:16.047] RX[COM9]  f0
[23:33:16.049] RX[COM9]  fb 00 17 f5 13 00 00 00 00 00 00 0a
[23:33:16.051] PACKET[COM9] ground_station_status: rssi=-5, uptime=1570067, reserved=[0, 0, 0, 0, 0, 0]
[23:33:17.041] RX[COM9]  f0
[23:33:17.042] RX[COM9]  fb 00 17 f8 fb 00 00 00 00 00 00 0a
[23:33:17.044] PACKET[COM9] ground_station_status: rssi=-5, uptime=1571067, reserved=[0, 0, 0, 0, 0, 0]
[23:33:18.051] RX[COM9]  f0
[23:33:18.052] RX[COM9]  fb 00 17 fc e3 00 00 00 00 00 00 0a
[23:33:18.054] PACKET[COM9] ground_station_status: rssi=-5, uptime=1572067, reserved=[0, 0, 0, 0, 0, 0]
[23:33:19.012] RX[COM9]  f0
[23:33:19.014] RX[COM9]  fb 00 18 00 cb 00 00 00 00 00 00 0a
[23:33:19.017] PACKET[COM9] ground_station_status: rssi=-5, uptime=1573067, reserved=[0, 0, 0, 0, 0, 0]
[23:33:20.023] RX[COM9]  f0
[23:33:20.025] RX[COM9]  fb 00 18 04 b3 00 00 00 00 00 00 0a
[23:33:20.027] PACKET[COM9] ground_station_status: rssi=-5, uptime=1574067, reserved=[0, 0, 0, 0, 0, 0]
[23:33:21.017] RX[COM9]  f0
[23:33:21.019] RX[COM9]  fb 00 18 08 9b 00 00 00 00 00 00 0a
[23:33:21.021] PACKET[COM9] ground_station_status: rssi=-5, uptime=1575067, reserved=[0, 0, 0, 0, 0, 0]
[23:33:22.026] RX[COM9]  f0
[23:33:22.030] RX[COM9]  fb 00 18 0c 83 00 00 00 00 00 00 0a
[23:33:22.032] PACKET[COM9] ground_station_status: rssi=-5, uptime=1576067, reserved=[0, 0, 0, 0, 0, 0]
[23:33:23.034] RX[COM9]  f0
[23:33:23.036] RX[COM9]  fb 00 18 10 6b 00 00 00 00 00 00 0a
[23:33:23.037] PACKET[COM9] ground_station_status: rssi=-5, uptime=1577067, reserved=[0, 0, 0, 0, 0, 0]
[23:33:24.044] RX[COM9]  f0
[23:33:24.046] RX[COM9]  fb 00 18 14 53 00 00 00 00 00 00 0a
[23:33:24.048] PACKET[COM9] ground_station_status: rssi=-5, uptime=1578067, reserved=[0, 0, 0, 0, 0, 0]
[23:33:25.054] RX[COM9]  f0
[23:33:25.056] RX[COM9]  fb 00 18 18 3b 00 00 00 00 00 00 0a
[23:33:25.057] PACKET[COM9] ground_station_status: rssi=-5, uptime=1579067, reserved=[0, 0, 0, 0, 0, 0]
[23:33:26.015] RX[COM9]  f0
[23:33:26.017] RX[COM9]  fb 00 18 1c 23 00 00 00 00 00 00 0a
[23:33:26.020] PACKET[COM9] ground_station_status: rssi=-5, uptime=1580067, reserved=[0, 0, 0, 0, 0, 0]
[23:33:27.057] RX[COM9]  f0
[23:33:27.060] RX[COM9]  fb 00 18 20 0b 00 00 00 00 00 00 0a
[23:33:27.061] PACKET[COM9] ground_station_status: rssi=-5, uptime=1581067, reserved=[0, 0, 0, 0, 0, 0]
[23:33:28.010] RX[COM9]  f0
[23:33:28.011] RX[COM9]  fb 00 18 23 f3 00 00 00 00 00 00 0a
[23:33:28.014] PACKET[COM9] ground_station_status: rssi=-5, uptime=1582067, reserved=[0, 0, 0, 0, 0, 0]
[23:33:29.024] RX[COM9]  f0
[23:33:29.025] RX[COM9]  fb 00 18 27 db 00 00 00 00 00 00 0a
[23:33:29.027] PACKET[COM9] ground_station_status: rssi=-5, uptime=1583067, reserved=[0, 0, 0, 0, 0, 0]
[23:33:30.034] RX[COM9]  f0
[23:33:30.039] RX[COM9]  fb 00 18 2b c3 00 00 00 00 00 00 0a
[23:33:30.040] PACKET[COM9] ground_station_status: rssi=-5, uptime=1584067, reserved=[0, 0, 0, 0, 0, 0]
[23:33:31.047] RX[COM9]  f0
[23:33:31.049] RX[COM9]  fb 00 18 2f ab 00 00 00 00 00 00 0a
[23:33:31.052] PACKET[COM9] ground_station_status: rssi=-5, uptime=1585067, reserved=[0, 0, 0, 0, 0, 0]
[23:33:32.043] RX[COM9]  f0
[23:33:32.044] RX[COM9]  fb 00 18 33 93 00 00 00 00 00 00 0a
[23:33:32.046] PACKET[COM9] ground_station_status: rssi=-5, uptime=1586067, reserved=[0, 0, 0, 0, 0, 0]
[23:33:33.053] RX[COM9]  f0
[23:33:33.054] RX[COM9]  fb 00 18 37 7b 00 00 00 00 00 00 0a
[23:33:33.056] PACKET[COM9] ground_station_status: rssi=-5, uptime=1587067, reserved=[0, 0, 0, 0, 0, 0]
[23:33:34.016] RX[COM9]  f0
[23:33:34.018] RX[COM9]  fb 00 18 3b 63 00 00 00 00 00 00 0a
[23:33:34.020] PACKET[COM9] ground_station_status: rssi=-5, uptime=1588067, reserved=[0, 0, 0, 0, 0, 0]
[23:33:35.024] RX[COM9]  f0
[23:33:35.026] RX[COM9]  fb 00 18 3f 4b 00 00 00 00 00 00 0a
[23:33:35.028] PACKET[COM9] ground_station_status: rssi=-5, uptime=1589067, reserved=[0, 0, 0, 0, 0, 0]
[23:33:36.037] RX[COM9]  f0
[23:33:36.039] RX[COM9]  fb 00 18 43 33 00 00 00 00 00 00 0a
[23:33:36.041] PACKET[COM9] ground_station_status: rssi=-5, uptime=1590067, reserved=[0, 0, 0, 0, 0, 0]
[23:33:37.052] RX[COM9]  f0
[23:33:37.054] RX[COM9]  fb 00 18 47 1b 00 00 00 00 00 00 0a
[23:33:37.056] PACKET[COM9] ground_station_status: rssi=-5, uptime=1591067, reserved=[0, 0, 0, 0, 0, 0]
[23:33:38.005] RX[COM9]  f0
[23:33:38.006] RX[COM9]  fb 00 18 4b 03 00 00 00 00 00 00 0a
[23:33:38.007] PACKET[COM9] ground_station_status: rssi=-5, uptime=1592067, reserved=[0, 0, 0, 0, 0, 0]
[23:33:39.016] RX[COM9]  f0
[23:33:39.017] RX[COM9]  fb 00 18 4e eb 00 00 00 00 00 00 0a
[23:33:39.019] PACKET[COM9] ground_station_status: rssi=-5, uptime=1593067, reserved=[0, 0, 0, 0, 0, 0]
[23:33:40.029] RX[COM9]  f0
[23:33:40.031] RX[COM9]  fb 00 18 52 d3 00 00 00 00 00 00 0a
[23:33:40.033] PACKET[COM9] ground_station_status: rssi=-5, uptime=1594067, reserved=[0, 0, 0, 0, 0, 0]
[23:33:41.041] RX[COM9]  f0
[23:33:41.042] RX[COM9]  fb 00 18 56 bb 00 00 00 00 00 00 0a
[23:33:41.044] PACKET[COM9] ground_station_status: rssi=-5, uptime=1595067, reserved=[0, 0, 0, 0, 0, 0]
[23:33:42.055] RX[COM9]  f0
[23:33:42.056] RX[COM9]  fb 00 18 5a a3 00 00 00 00 00 00 0a
[23:33:42.057] PACKET[COM9] ground_station_status: rssi=-5, uptime=1596067, reserved=[0, 0, 0, 0, 0, 0]
[23:33:43.014] RX[COM9]  f0
[23:33:43.016] RX[COM9]  fb 00 18 5e 8b 00 00 00 00 00 00 0a
[23:33:43.017] PACKET[COM9] ground_station_status: rssi=-5, uptime=1597067, reserved=[0, 0, 0, 0, 0, 0]
[23:33:44.020] RX[COM9]  f0
[23:33:44.023] RX[COM9]  fb 00 18 62 73 00 00 00 00 00 00 0a
[23:33:44.025] PACKET[COM9] ground_station_status: rssi=-5, uptime=1598067, reserved=[0, 0, 0, 0, 0, 0]
[23:33:45.015] RX[COM9]  f0
[23:33:45.017] RX[COM9]  fb 00 18 66 5b 00 00 00 00 00 00 0a
[23:33:45.018] PACKET[COM9] ground_station_status: rssi=-5, uptime=1599067, reserved=[0, 0, 0, 0, 0, 0]
[23:33:46.044] RX[COM9]  f0
[23:33:46.051] RX[COM9]  fb 00 18 6a 43 00 00 00 00 00 00 0a
[23:33:46.053] PACKET[COM9] ground_station_status: rssi=-5, uptime=1600067, reserved=[0, 0, 0, 0, 0, 0]
[23:33:47.057] RX[COM9]  f0
[23:33:47.059] RX[COM9]  fb 00 18 6e 2b 00 00 00 00 00 00 0a
[23:33:47.061] PACKET[COM9] ground_station_status: rssi=-5, uptime=1601067, reserved=[0, 0, 0, 0, 0, 0]
[23:33:48.009] RX[COM9]  f0
[23:33:48.011] RX[COM9]  fb 00 18 72 13 00 00 00 00 00 00 0a
[23:33:48.013] PACKET[COM9] ground_station_status: rssi=-5, uptime=1602067, reserved=[0, 0, 0, 0, 0, 0]
[23:33:49.019] RX[COM9]  f0
[23:33:49.020] RX[COM9]  fb 00 18 75 fb 00 00 00 00 00 00 0a
[23:33:49.021] PACKET[COM9] ground_station_status: rssi=-5, uptime=1603067, reserved=[0, 0, 0, 0, 0, 0]
[23:33:50.026] RX[COM9]  f0
[23:33:50.028] RX[COM9]  fb 00 18 79 e3 00 00 00 00 00 00 0a
[23:33:50.031] PACKET[COM9] ground_station_status: rssi=-5, uptime=1604067, reserved=[0, 0, 0, 0, 0, 0]
[23:33:51.038] RX[COM9]  f0
[23:33:51.039] RX[COM9]  fb 00 18 7d cb 00 00 00 00 00 00 0a
[23:33:51.041] PACKET[COM9] ground_station_status: rssi=-5, uptime=1605067, reserved=[0, 0, 0, 0, 0, 0]
[23:33:52.047] RX[COM9]  f0
[23:33:52.049] RX[COM9]  fb 00 18 81 b3 00 00 00 00 00 00 0a
[23:33:52.050] PACKET[COM9] ground_station_status: rssi=-5, uptime=1606067, reserved=[0, 0, 0, 0, 0, 0]
[23:33:53.001] RX[COM9]  f0
[23:33:53.004] RX[COM9]  fb 00 18 85 9b 00 00 00 00 00 00 0a
[23:33:53.005] PACKET[COM9] ground_station_status: rssi=-5, uptime=1607067, reserved=[0, 0, 0, 0, 0, 0]
[23:33:54.011] RX[COM9]  f0
[23:33:54.014] RX[COM9]  fb 00 18 89 83 00 00 00 00 00 00 0a
[23:33:54.015] PACKET[COM9] ground_station_status: rssi=-5, uptime=1608067, reserved=[0, 0, 0, 0, 0, 0]
[23:33:55.022] RX[COM9]  f0
[23:33:55.026] RX[COM9]  fb 00 18 8d 6b 00 00 00 00 00 00 0a
[23:33:55.027] PACKET[COM9] ground_station_status: rssi=-5, uptime=1609067, reserved=[0, 0, 0, 0, 0, 0]
[23:33:56.035] RX[COM9]  f0
[23:33:56.037] RX[COM9]  fb 00 18 91 53 00 00 00 00 00 00 0a
[23:33:56.039] PACKET[COM9] ground_station_status: rssi=-5, uptime=1610067, reserved=[0, 0, 0, 0, 0, 0]
[23:33:57.043] RX[COM9]  f0
[23:33:57.045] RX[COM9]  fb 00 18 95 3b 00 00 00 00 00 00 0a
[23:33:57.047] PACKET[COM9] ground_station_status: rssi=-5, uptime=1611067, reserved=[0, 0, 0, 0, 0, 0]
[23:33:58.058] RX[COM9]  f0
[23:33:58.062] RX[COM9]  fb 00 18 99 23 00 00 00 00 00 00 0a
[23:33:58.065] PACKET[COM9] ground_station_status: rssi=-5, uptime=1612067, reserved=[0, 0, 0, 0, 0, 0]
[23:33:59.003] RX[COM9]  f0
[23:33:59.011] RX[COM9]  fb 00 18 9d 0b 00 00 00 00 00 00 0a
[23:33:59.014] PACKET[COM9] ground_station_status: rssi=-5, uptime=1613067, reserved=[0, 0, 0, 0, 0, 0]
[23:34:00.011] RX[COM9]  f0
[23:34:00.012] RX[COM9]  fb 00 18 a0 f3 00 00 00 00 00 00 0a
[23:34:00.015] PACKET[COM9] ground_station_status: rssi=-5, uptime=1614067, reserved=[0, 0, 0, 0, 0, 0]
[23:34:01.022] RX[COM9]  f0
[23:34:01.023] RX[COM9]  fb 00 18 a4 db 00 00 00 00 00 00 0a
[23:34:01.025] PACKET[COM9] ground_station_status: rssi=-5, uptime=1615067, reserved=[0, 0, 0, 0, 0, 0]
[23:34:02.039] RX[COM9]  f0
[23:34:02.041] RX[COM9]  fb 00 18 a8 c3 00 00 00 00 00 00 0a
[23:34:02.043] PACKET[COM9] ground_station_status: rssi=-5, uptime=1616067, reserved=[0, 0, 0, 0, 0, 0]
[23:34:03.046] RX[COM9]  f0
[23:34:03.047] RX[COM9]  fb 00 18 ac ab 00 00 00 00 00 00 0a
[23:34:03.049] PACKET[COM9] ground_station_status: rssi=-5, uptime=1617067, reserved=[0, 0, 0, 0, 0, 0]
[23:34:04.006] RX[COM9]  f0
[23:34:04.011] RX[COM9]  fb 00 18 b0 93 00 00 00 00 00 00 0a
[23:34:04.013] PACKET[COM9] ground_station_status: rssi=-5, uptime=1618067, reserved=[0, 0, 0, 0, 0, 0]
[23:34:05.016] RX[COM9]  f0
[23:34:05.017] RX[COM9]  fb 00 18 b4 7b 00 00 00 00 00 00 0a
[23:34:05.019] PACKET[COM9] ground_station_status: rssi=-5, uptime=1619067, reserved=[0, 0, 0, 0, 0, 0]
[23:34:06.042] RX[COM9]  f0
[23:34:06.044] RX[COM9]  fb 00 18 b8 63 00 00 00 00 00 00 0a
[23:34:06.046] PACKET[COM9] ground_station_status: rssi=-5, uptime=1620067, reserved=[0, 0, 0, 0, 0, 0]
[23:34:07.032] RX[COM9]  f0
[23:34:07.034] RX[COM9]  fb 00 18 bc 4b 00 00 00 00 00 00 0a
[23:34:07.036] PACKET[COM9] ground_station_status: rssi=-5, uptime=1621067, reserved=[0, 0, 0, 0, 0, 0]
[23:34:08.035] RX[COM9]  f0
[23:34:08.037] RX[COM9]  fb 00 18 c0 33 00 00 00 00 00 00 0a
[23:34:08.039] PACKET[COM9] ground_station_status: rssi=-5, uptime=1622067, reserved=[0, 0, 0, 0, 0, 0]
[23:34:09.045] RX[COM9]  f0
[23:34:09.046] RX[COM9]  fb 00 18 c4 1b 00 00 00 00 00 00 0a
[23:34:09.048] PACKET[COM9] ground_station_status: rssi=-5, uptime=1623067, reserved=[0, 0, 0, 0, 0, 0]
[23:34:10.047] RX[COM9]  f0
[23:34:10.049] RX[COM9]  fb 00 18 c8 03 00 00 00 00 00 00 0a
[23:34:10.051] PACKET[COM9] ground_station_status: rssi=-5, uptime=1624067, reserved=[0, 0, 0, 0, 0, 0]
[23:34:11.056] RX[COM9]  f0
[23:34:11.058] RX[COM9]  fb 00 18 cb eb 00 00 00 00 00 00 0a
[23:34:11.060] PACKET[COM9] ground_station_status: rssi=-5, uptime=1625067, reserved=[0, 0, 0, 0, 0, 0]
[23:34:12.009] RX[COM9]  f0
[23:34:12.011] RX[COM9]  fb 00 18 cf d3 00 00 00 00 00 00 0a
[23:34:12.013] PACKET[COM9] ground_station_status: rssi=-5, uptime=1626067, reserved=[0, 0, 0, 0, 0, 0]
[23:34:13.018] RX[COM9]  f0
[23:34:13.019] RX[COM9]  fb 00 18 d3 bb 00 00 00 00 00 00 0a
[23:34:13.020] PACKET[COM9] ground_station_status: rssi=-5, uptime=1627067, reserved=[0, 0, 0, 0, 0, 0]
[23:34:14.025] RX[COM9]  f0
[23:34:14.027] RX[COM9]  fb 00 18 d7 a3 00 00 00 00 00 00 0a
[23:34:14.028] PACKET[COM9] ground_station_status: rssi=-5, uptime=1628067, reserved=[0, 0, 0, 0, 0, 0]
[23:34:15.037] RX[COM9]  f0
[23:34:15.040] RX[COM9]  fb 00 18 db 8b 00 00 00 00 00 00 0a
[23:34:15.042] PACKET[COM9] ground_station_status: rssi=-5, uptime=1629067, reserved=[0, 0, 0, 0, 0, 0]
[23:34:16.001] RX[COM9]  f0
[23:34:16.003] RX[COM9]  fb 00 18 df 73 00 00 00 00 00 00 0a
[23:34:16.006] PACKET[COM9] ground_station_status: rssi=-5, uptime=1630067, reserved=[0, 0, 0, 0, 0, 0]
[23:34:17.011] RX[COM9]  f0
[23:34:17.014] RX[COM9]  fb 00 18 e3 5b 00 00 00 00 00 00 0a
[23:34:17.016] PACKET[COM9] ground_station_status: rssi=-5, uptime=1631067, reserved=[0, 0, 0, 0, 0, 0]
[23:34:18.023] RX[COM9]  f0
[23:34:18.025] RX[COM9]  fb 00 18 e7 43 00 00 00 00 00 00 0a
[23:34:18.026] PACKET[COM9] ground_station_status: rssi=-5, uptime=1632067, reserved=[0, 0, 0, 0, 0, 0]
[23:34:19.034] RX[COM9]  f0
[23:34:19.036] RX[COM9]  fb 00 18 eb 2b 00 00 00 00 00 00 0a
[23:34:19.038] PACKET[COM9] ground_station_status: rssi=-5, uptime=1633067, reserved=[0, 0, 0, 0, 0, 0]
[23:34:20.047] RX[COM9]  f0
[23:34:20.048] RX[COM9]  fb 00 18 ef 13 00 00 00 00 00 00 0a
[23:34:20.050] PACKET[COM9] ground_station_status: rssi=-5, uptime=1634067, reserved=[0, 0, 0, 0, 0, 0]
[23:34:21.010] RX[COM9]  f0
[23:34:21.012] RX[COM9]  fb 00 18 f2 fb 00 00 00 00 00 00 0a
[23:34:21.014] PACKET[COM9] ground_station_status: rssi=-5, uptime=1635067, reserved=[0, 0, 0, 0, 0, 0]
[23:34:22.056] RX[COM9]  f0
[23:34:22.057] RX[COM9]  fb 00 18 f6 e3 00 00 00 00 00 00 0a
[23:34:22.059] PACKET[COM9] ground_station_status: rssi=-5, uptime=1636067, reserved=[0, 0, 0, 0, 0, 0]
[23:34:23.004] RX[COM9]  f0
[23:34:23.005] RX[COM9]  fb 00 18 fa cb 00 00 00 00 00 00 0a
[23:34:23.006] PACKET[COM9] ground_station_status: rssi=-5, uptime=1637067, reserved=[0, 0, 0, 0, 0, 0]
[23:34:24.019] RX[COM9]  f0
[23:34:24.021] RX[COM9]  fb 00 18 fe b3 00 00 00 00 00 00 0a
[23:34:24.027] PACKET[COM9] ground_station_status: rssi=-5, uptime=1638067, reserved=[0, 0, 0, 0, 0, 0]
[23:34:25.029] RX[COM9]  f0
[23:34:25.030] RX[COM9]  fb 00 19 02 9b 00 00 00 00 00 00 0a
[23:34:25.032] PACKET[COM9] ground_station_status: rssi=-5, uptime=1639067, reserved=[0, 0, 0, 0, 0, 0]
[23:34:26.033] RX[COM9]  f0
[23:34:26.034] RX[COM9]  fb 00 19 06 83 00 00 00 00 00 00 0a
[23:34:26.036] PACKET[COM9] ground_station_status: rssi=-5, uptime=1640067, reserved=[0, 0, 0, 0, 0, 0]
[23:34:27.038] RX[COM9]  f0
[23:34:27.040] RX[COM9]  fb 00 19 0a 6b 00 00 00 00 00 00 0a
[23:34:27.041] PACKET[COM9] ground_station_status: rssi=-5, uptime=1641067, reserved=[0, 0, 0, 0, 0, 0]
[23:34:28.049] RX[COM9]  f0
[23:34:28.052] RX[COM9]  fb 00 19 0e 53 00 00 00 00 00 00 0a
[23:34:28.055] PACKET[COM9] ground_station_status: rssi=-5, uptime=1642067, reserved=[0, 0, 0, 0, 0, 0]
[23:34:28.996] RX[COM9]  f0
[23:34:29.000] RX[COM9]  fb 00 19 12 3b 00 00 00 00 00 00 0a
[23:34:29.002] PACKET[COM9] ground_station_status: rssi=-5, uptime=1643067, reserved=[0, 0, 0, 0, 0, 0]
[23:34:30.001] RX[COM9]  f0
[23:34:30.003] RX[COM9]  fb 00 19 16 23 00 00 00 00 00 00 0a
[23:34:30.005] PACKET[COM9] ground_station_status: rssi=-5, uptime=1644067, reserved=[0, 0, 0, 0, 0, 0]
[23:34:31.013] RX[COM9]  f0
[23:34:31.016] RX[COM9]  fb 00 19 1a 0b 00 00 00 00 00 00 0a
[23:34:31.018] PACKET[COM9] ground_station_status: rssi=-5, uptime=1645067, reserved=[0, 0, 0, 0, 0, 0]
[23:34:32.032] RX[COM9]  f0
[23:34:32.034] RX[COM9]  fb 00 19 1d f3 00 00 00 00 00 00 0a
[23:34:32.037] PACKET[COM9] ground_station_status: rssi=-5, uptime=1646067, reserved=[0, 0, 0, 0, 0, 0]
[23:34:33.045] RX[COM9]  f0
[23:34:33.049] RX[COM9]  fb 00 19 21 db 00 00 00 00 00 00 0a
[23:34:33.051] PACKET[COM9] ground_station_status: rssi=-5, uptime=1647067, reserved=[0, 0, 0, 0, 0, 0]
[23:34:33.995] RX[COM9]  f0
[23:34:33.996] RX[COM9]  fb 00 19 25 c3 00 00 00 00 00 00 0a
[23:34:33.998] PACKET[COM9] ground_station_status: rssi=-5, uptime=1648067, reserved=[0, 0, 0, 0, 0, 0]
[23:34:35.016] RX[COM9]  f0
[23:34:35.018] RX[COM9]  fb 00 19 29 ab 00 00 00 00 00 00 0a
[23:34:35.024] PACKET[COM9] ground_station_status: rssi=-5, uptime=1649067, reserved=[0, 0, 0, 0, 0, 0]
[23:34:36.028] RX[COM9]  f0
[23:34:36.029] RX[COM9]  fb 00 19 2d 93 00 00 00 00 00 00 0a
[23:34:36.031] PACKET[COM9] ground_station_status: rssi=-5, uptime=1650067, reserved=[0, 0, 0, 0, 0, 0]
[23:34:37.036] RX[COM9]  f0
[23:34:37.037] RX[COM9]  fb 00 19 31 7b 00 00 00 00 00 00 0a
[23:34:37.038] PACKET[COM9] ground_station_status: rssi=-5, uptime=1651067, reserved=[0, 0, 0, 0, 0, 0]
[23:34:37.997] RX[COM9]  f0
[23:34:38.002] RX[COM9]  fb 00 19 35 63 00 00 00 00 00 00 0a
[23:34:38.004] PACKET[COM9] ground_station_status: rssi=-5, uptime=1652067, reserved=[0, 0, 0, 0, 0, 0]
[23:34:39.009] RX[COM9]  f0
[23:34:39.014] RX[COM9]  fb 00 19 39 4b 00 00 00 00 00 00 0a
[23:34:39.017] PACKET[COM9] ground_station_status: rssi=-5, uptime=1653067, reserved=[0, 0, 0, 0, 0, 0]
[23:34:40.024] RX[COM9]  f0
[23:34:40.026] RX[COM9]  fb 00 19 3d 33 00 00 00 00 00 00 0a
[23:34:40.027] PACKET[COM9] ground_station_status: rssi=-5, uptime=1654067, reserved=[0, 0, 0, 0, 0, 0]
[23:34:41.033] RX[COM9]  f0
[23:34:41.035] RX[COM9]  fb 00 19 41 1b 00 00 00 00 00 00 0a
[23:34:41.036] PACKET[COM9] ground_station_status: rssi=-5, uptime=1655067, reserved=[0, 0, 0, 0, 0, 0]
[23:34:42.045] RX[COM9]  f0
[23:34:42.046] RX[COM9]  fb 00 19 45 03 00 00 00 00 00 00 0a
[23:34:42.048] PACKET[COM9] ground_station_status: rssi=-5, uptime=1656067, reserved=[0, 0, 0, 0, 0, 0]
[23:34:43.001] RX[COM9]  f0
[23:34:43.002] RX[COM9]  fb 00 19 48 eb 00 00 00 00 00 00 0a
[23:34:43.004] PACKET[COM9] ground_station_status: rssi=-5, uptime=1657067, reserved=[0, 0, 0, 0, 0, 0]
[23:34:44.012] RX[COM9]  f0
[23:34:44.013] RX[COM9]  fb 00 19 4c d3 00 00 00 00 00 00 0a
[23:34:44.015] PACKET[COM9] ground_station_status: rssi=-5, uptime=1658067, reserved=[0, 0, 0, 0, 0, 0]
[23:34:45.026] RX[COM9]  f0
[23:34:45.027] RX[COM9]  fb 00 19 50 bb 00 00 00 00 00 00 0a
[23:34:45.028] PACKET[COM9] ground_station_status: rssi=-5, uptime=1659067, reserved=[0, 0, 0, 0, 0, 0]
[23:34:46.038] RX[COM9]  f0
[23:34:46.039] RX[COM9]  fb 00 19 54 a3 00 00 00 00 00 00 0a
[23:34:46.040] PACKET[COM9] ground_station_status: rssi=-5, uptime=1660067, reserved=[0, 0, 0, 0, 0, 0]
[23:34:47.002] RX[COM9]  f0
[23:34:47.006] RX[COM9]  fb 00 19 58 8b 00 00 00 00 00 00 0a
[23:34:47.008] PACKET[COM9] ground_station_status: rssi=-5, uptime=1661067, reserved=[0, 0, 0, 0, 0, 0]
[23:34:48.013] RX[COM9]  f0
[23:34:48.015] RX[COM9]  fb 00 19 5c 73 00 00 00 00 00 00 0a
[23:34:48.017] PACKET[COM9] ground_station_status: rssi=-5, uptime=1662067, reserved=[0, 0, 0, 0, 0, 0]
[23:34:49.029] RX[COM9]  f0
[23:34:49.031] RX[COM9]  fb 00 19 60 5b 00 00 00 00 00 00 0a
[23:34:49.033] PACKET[COM9] ground_station_status: rssi=-5, uptime=1663067, reserved=[0, 0, 0, 0, 0, 0]
[23:34:50.042] RX[COM9]  f0
[23:34:50.044] RX[COM9]  fb 00 19 64 43 00 00 00 00 00 00 0a
[23:34:50.046] PACKET[COM9] ground_station_status: rssi=-5, uptime=1664067, reserved=[0, 0, 0, 0, 0, 0]
[23:34:50.992] RX[COM9]  f0
[23:34:50.993] RX[COM9]  fb 00 19 68 2b 00 00 00 00 00 00 0a
[23:34:50.994] PACKET[COM9] ground_station_status: rssi=-5, uptime=1665067, reserved=[0, 0, 0, 0, 0, 0]
[23:34:51.997] RX[COM9]  f0
[23:34:51.998] RX[COM9]  fb 00 19 6c 13 00 00 00 00 00 00 0a
[23:34:52.000] PACKET[COM9] ground_station_status: rssi=-5, uptime=1666067, reserved=[0, 0, 0, 0, 0, 0]
[23:34:53.017] RX[COM9]  f0
[23:34:53.018] RX[COM9]  fb 00 19 6f fb 00 00 00 00 00 00 0a
[23:34:53.020] PACKET[COM9] ground_station_status: rssi=-5, uptime=1667067, reserved=[0, 0, 0, 0, 0, 0]
[23:34:54.029] RX[COM9]  f0
[23:34:54.030] RX[COM9]  fb 00 19 73 e3 00 00 00 00 00 00 0a
[23:34:54.032] PACKET[COM9] ground_station_status: rssi=-5, uptime=1668067, reserved=[0, 0, 0, 0, 0, 0]
[23:34:55.036] RX[COM9]  f0
[23:34:55.038] RX[COM9]  fb 00 19 77 cb 00 00 00 00 00 00 0a
[23:34:55.039] PACKET[COM9] ground_station_status: rssi=-5, uptime=1669067, reserved=[0, 0, 0, 0, 0, 0]
[23:34:55.996] RX[COM9]  f0
[23:34:56.003] RX[COM9]  fb 00 19 7b b3 00 00 00 00 00 00 0a
[23:34:56.004] PACKET[COM9] ground_station_status: rssi=-5, uptime=1670067, reserved=[0, 0, 0, 0, 0, 0]
[23:34:57.006] RX[COM9]  f0
[23:34:57.008] RX[COM9]  fb 00 19 7f 9b 00 00 00 00 00 00 0a
[23:34:57.011] PACKET[COM9] ground_station_status: rssi=-5, uptime=1671067, reserved=[0, 0, 0, 0, 0, 0]
[23:34:58.000] RX[COM9]  f0
[23:34:58.002] RX[COM9]  fb 00 19 83 83 00 00 00 00 00 00 0a
[23:34:58.004] PACKET[COM9] ground_station_status: rssi=-5, uptime=1672067, reserved=[0, 0, 0, 0, 0, 0]
[23:34:59.006] RX[COM9]  f0
[23:34:59.008] RX[COM9]  fb 00 19 87 6b 00 00 00 00 00 00 0a
[23:34:59.010] PACKET[COM9] ground_station_status: rssi=-5, uptime=1673067, reserved=[0, 0, 0, 0, 0, 0]
[23:35:00.014] RX[COM9]  f0
[23:35:00.017] RX[COM9]  fb 00 19 8b 53 00 00 00 00 00 00 0a
[23:35:00.019] PACKET[COM9] ground_station_status: rssi=-5, uptime=1674067, reserved=[0, 0, 0, 0, 0, 0]
[23:35:01.025] RX[COM9]  f0
[23:35:01.028] RX[COM9]  fb 00 19 8f 3b 00 00 00 00 00 00 0a
[23:35:01.035] PACKET[COM9] ground_station_status: rssi=-5, uptime=1675067, reserved=[0, 0, 0, 0, 0, 0]
[23:35:02.035] RX[COM9]  f0
[23:35:02.037] RX[COM9]  fb 00 19 93 23 00 00 00 00 00 00 0a
[23:35:02.039] PACKET[COM9] ground_station_status: rssi=-5, uptime=1676067, reserved=[0, 0, 0, 0, 0, 0]
[23:35:03.042] RX[COM9]  f0
[23:35:03.055] RX[COM9]  fb 00 19 97 0b 00 00 00 00 00 00 0a
[23:35:03.057] PACKET[COM9] ground_station_status: rssi=-5, uptime=1677067, reserved=[0, 0, 0, 0, 0, 0]
[23:35:03.992] RX[COM9]  f0
[23:35:03.993] RX[COM9]  fb 00 19 9a f3 00 00 00 00 00 00 0a
[23:35:03.995] PACKET[COM9] ground_station_status: rssi=-5, uptime=1678067, reserved=[0, 0, 0, 0, 0, 0]
[23:35:05.006] RX[COM9]  f0
[23:35:05.007] RX[COM9]  fb 00 19 9e db 00 00 00 00 00 00 0a
[23:35:05.008] PACKET[COM9] ground_station_status: rssi=-5, uptime=1679067, reserved=[0, 0, 0, 0, 0, 0]
[23:35:06.044] RX[COM9]  f0
[23:35:06.046] RX[COM9]  fb 00 19 a2 c3 00 00 00 00 00 00 0a
[23:35:06.048] PACKET[COM9] ground_station_status: rssi=-5, uptime=1680067, reserved=[0, 0, 0, 0, 0, 0]
[23:35:06.995] RX[COM9]  f0
[23:35:06.996] RX[COM9]  fb 00 19 a6 ab 00 00 00 00 00 00 0a
[23:35:06.998] PACKET[COM9] ground_station_status: rssi=-5, uptime=1681067, reserved=[0, 0, 0, 0, 0, 0]
[23:35:08.012] RX[COM9]  f0
[23:35:08.015] RX[COM9]  fb 00 19 aa 93 00 00 00 00 00 00 0a
[23:35:08.017] PACKET[COM9] ground_station_status: rssi=-5, uptime=1682067, reserved=[0, 0, 0, 0, 0, 0]
[23:35:09.014] RX[COM9]  f0
[23:35:09.015] RX[COM9]  fb 00 19 ae 7b 00 00 00 00 00 00 0a
[23:35:09.017] PACKET[COM9] ground_station_status: rssi=-5, uptime=1683067, reserved=[0, 0, 0, 0, 0, 0]
[23:35:10.022] RX[COM9]  f0
[23:35:10.023] RX[COM9]  fb 00 19 b2 63 00 00 00 00 00 00 0a
[23:35:10.025] PACKET[COM9] ground_station_status: rssi=-5, uptime=1684067, reserved=[0, 0, 0, 0, 0, 0]
[23:35:11.036] RX[COM9]  f0
[23:35:11.037] RX[COM9]  fb 00 19 b6 4b 00 00 00 00 00 00 0a
[23:35:11.038] PACKET[COM9] ground_station_status: rssi=-5, uptime=1685067, reserved=[0, 0, 0, 0, 0, 0]
[23:35:11.994] RX[COM9]  f0
[23:35:11.997] RX[COM9]  fb 00 19 ba 33 00 00 00 00 00 00 0a
[23:35:12.000] PACKET[COM9] ground_station_status: rssi=-5, uptime=1686067, reserved=[0, 0, 0, 0, 0, 0]
[23:35:13.007] RX[COM9]  f0
[23:35:13.012] RX[COM9]  fb 00 19 be 1b 00 00 00 00 00 00 0a
[23:35:13.014] PACKET[COM9] ground_station_status: rssi=-5, uptime=1687067, reserved=[0, 0, 0, 0, 0, 0]
[23:35:14.021] RX[COM9]  f0
[23:35:14.024] RX[COM9]  fb 00 19 c2 03 00 00 00 00 00 00 0a
[23:35:14.026] PACKET[COM9] ground_station_status: rssi=-5, uptime=1688067, reserved=[0, 0, 0, 0, 0, 0]
[23:35:15.029] RX[COM9]  f0
[23:35:15.031] RX[COM9]  fb 00 19 c5 eb 00 00 00 00 00 00 0a
[23:35:15.033] PACKET[COM9] ground_station_status: rssi=-5, uptime=1689067, reserved=[0, 0, 0, 0, 0, 0]
[23:35:16.041] RX[COM9]  f0
[23:35:16.044] RX[COM9]  fb 00 19 c9 d3 00 00 00 00 00 00 0a
[23:35:16.047] PACKET[COM9] ground_station_status: rssi=-5, uptime=1690067, reserved=[0, 0, 0, 0, 0, 0]
[23:35:16.987] RX[COM9]  f0
[23:35:16.988] RX[COM9]  fb 00 19 cd bb 00 00 00 00 00 00 0a
[23:35:16.989] PACKET[COM9] ground_station_status: rssi=-5, uptime=1691067, reserved=[0, 0, 0, 0, 0, 0]
[23:35:18.003] RX[COM9]  f0
[23:35:18.004] RX[COM9]  fb 00 19 d1 a3 00 00 00 00 00 00 0a
[23:35:18.005] PACKET[COM9] ground_station_status: rssi=-5, uptime=1692067, reserved=[0, 0, 0, 0, 0, 0]
[23:35:19.012] RX[COM9]  f0
[23:35:19.016] RX[COM9]  fb 00 19 d5 8b 00 00 00 00 00 00 0a
[23:35:19.018] PACKET[COM9] ground_station_status: rssi=-5, uptime=1693067, reserved=[0, 0, 0, 0, 0, 0]
[23:35:20.025] RX[COM9]  f0
[23:35:20.026] RX[COM9]  fb 00 19 d9 73 00 00 00 00 00 00 0a
[23:35:20.028] PACKET[COM9] ground_station_status: rssi=-5, uptime=1694067, reserved=[0, 0, 0, 0, 0, 0]
[23:35:21.030] RX[COM9]  f0
[23:35:21.031] RX[COM9]  fb 00 19 dd 5b 00 00 00 00 00 00 0a
[23:35:21.033] PACKET[COM9] ground_station_status: rssi=-5, uptime=1695067, reserved=[0, 0, 0, 0, 0, 0]
[23:35:21.991] RX[COM9]  f0
[23:35:21.996] RX[COM9]  fb 00 19 e1 43 00 00 00 00 00 00 0a
[23:35:21.998] PACKET[COM9] ground_station_status: rssi=-5, uptime=1696067, reserved=[0, 0, 0, 0, 0, 0]
[23:35:23.004] RX[COM9]  f0
[23:35:23.007] RX[COM9]  fb 00 19 e5 2b 00 00 00 00 00 00 0a
[23:35:23.009] PACKET[COM9] ground_station_status: rssi=-5, uptime=1697067, reserved=[0, 0, 0, 0, 0, 0]
[23:35:24.017] RX[COM9]  f0
[23:35:24.019] RX[COM9]  fb 00 19 e9 13 00 00 00 00 00 00 0a
[23:35:24.020] PACKET[COM9] ground_station_status: rssi=-5, uptime=1698067, reserved=[0, 0, 0, 0, 0, 0]
[23:35:25.030] RX[COM9]  f0
[23:35:25.032] RX[COM9]  fb 00 19 ec fb 00 00 00 00 00 00 0a
[23:35:25.034] PACKET[COM9] ground_station_status: rssi=-5, uptime=1699067, reserved=[0, 0, 0, 0, 0, 0]
[23:35:26.039] RX[COM9]  f0
[23:35:26.041] RX[COM9]  fb 00 19 f0 e3 00 00 00 00 00 00 0a
[23:35:26.043] PACKET[COM9] ground_station_status: rssi=-5, uptime=1700067, reserved=[0, 0, 0, 0, 0, 0]
[23:35:26.998] RX[COM9]  f0
[23:35:26.999] RX[COM9]  fb 00 19 f4 cb 00 00 00 00 00 00 0a
[23:35:27.001] PACKET[COM9] ground_station_status: rssi=-5, uptime=1701067, reserved=[0, 0, 0, 0, 0, 0]
[23:35:28.013] RX[COM9]  f0
[23:35:28.014] RX[COM9]  fb 00 19 f8 b3 00 00 00 00 00 00 0a
[23:35:28.016] PACKET[COM9] ground_station_status: rssi=-5, uptime=1702067, reserved=[0, 0, 0, 0, 0, 0]
[23:35:29.020] RX[COM9]  f0
[23:35:29.022] RX[COM9]  fb 00 19 fc 9b 00 00 00 00 00 00 0a
[23:35:29.023] PACKET[COM9] ground_station_status: rssi=-5, uptime=1703067, reserved=[0, 0, 0, 0, 0, 0]
[23:35:30.034] RX[COM9]  f0
[23:35:30.035] RX[COM9]  fb 00 1a 00 83 00 00 00 00 00 00 0a
[23:35:30.037] PACKET[COM9] ground_station_status: rssi=-5, uptime=1704067, reserved=[0, 0, 0, 0, 0, 0]
[23:35:31.012] RX[COM9]  f0
[23:35:31.017] RX[COM9]  fb 00 1a 04 6b 00 00 00 00 00 00 0a
[23:35:31.019] PACKET[COM9] ground_station_status: rssi=-5, uptime=1705067, reserved=[0, 0, 0, 0, 0, 0]
[23:35:32.033] RX[COM9]  f0
[23:35:32.034] RX[COM9]  fb 00 1a 08 53 00 00 00 00 00 00 0a
[23:35:32.035] PACKET[COM9] ground_station_status: rssi=-5, uptime=1706067, reserved=[0, 0, 0, 0, 0, 0]
[23:35:33.012] RX[COM9]  f0
[23:35:33.013] RX[COM9]  fb 00 1a 0c 3b 00 00 00 00 00 00 0a
[23:35:33.014] PACKET[COM9] ground_station_status: rssi=-5, uptime=1707067, reserved=[0, 0, 0, 0, 0, 0]
[23:35:34.023] RX[COM9]  f0
[23:35:34.025] RX[COM9]  fb 00 1a 10 23 00 00 00 00 00 00 0a
[23:35:34.027] PACKET[COM9] ground_station_status: rssi=-5, uptime=1708067, reserved=[0, 0, 0, 0, 0, 0]
[23:35:34.987] RX[COM9]  f0
[23:35:34.989] RX[COM9]  fb 00 1a 14 0b 00 00 00 00 00 00 0a
[23:35:34.991] PACKET[COM9] ground_station_status: rssi=-5, uptime=1709067, reserved=[0, 0, 0, 0, 0, 0]
[23:35:35.996] RX[COM9]  f0
[23:35:35.998] RX[COM9]  fb 00 1a 17 f3 00 00 00 00 00 00 0a
[23:35:36.000] PACKET[COM9] ground_station_status: rssi=-5, uptime=1710067, reserved=[0, 0, 0, 0, 0, 0]
[23:35:36.990] RX[COM9]  f0
[23:35:36.996] RX[COM9]  fb 00 1a 1b db 00 00 00 00 00 00 0a
[23:35:36.998] PACKET[COM9] ground_station_status: rssi=-5, uptime=1711067, reserved=[0, 0, 0, 0, 0, 0]
[23:35:38.004] RX[COM9]  f0
[23:35:38.006] RX[COM9]  fb 00 1a 1f c3 00 00 00 00 00 00 0a
[23:35:38.009] PACKET[COM9] ground_station_status: rssi=-5, uptime=1712067, reserved=[0, 0, 0, 0, 0, 0]
[23:35:39.013] RX[COM9]  f0
[23:35:39.017] RX[COM9]  fb 00 1a 23 ab 00 00 00 00 00 00 0a
[23:35:39.019] PACKET[COM9] ground_station_status: rssi=-5, uptime=1713067, reserved=[0, 0, 0, 0, 0, 0]
[23:35:40.030] RX[COM9]  f0
[23:35:40.032] RX[COM9]  fb 00 1a 27 93 00 00 00 00 00 00 0a
[23:35:40.033] PACKET[COM9] ground_station_status: rssi=-5, uptime=1714067, reserved=[0, 0, 0, 0, 0, 0]
[23:35:40.982] RX[COM9]  f0
[23:35:40.983] RX[COM9]  fb 00 1a 2b 7b 00 00 00 00 00 00 0a
[23:35:40.984] PACKET[COM9] ground_station_status: rssi=-5, uptime=1715067, reserved=[0, 0, 0, 0, 0, 0]
[23:35:41.990] RX[COM9]  f0
[23:35:41.992] RX[COM9]  fb 00 1a 2f 63 00 00 00 00 00 00 0a
[23:35:41.993] PACKET[COM9] ground_station_status: rssi=-5, uptime=1716067, reserved=[0, 0, 0, 0, 0, 0]
[23:35:43.001] RX[COM9]  f0
[23:35:43.002] RX[COM9]  fb 00 1a 33 4b 00 00 00 00 00 00 0a
[23:35:43.005] PACKET[COM9] ground_station_status: rssi=-5, uptime=1717067, reserved=[0, 0, 0, 0, 0, 0]
[23:35:44.013] RX[COM9]  f0
[23:35:44.014] RX[COM9]  fb 00 1a 37 33 00 00 00 00 00 00 0a
[23:35:44.015] PACKET[COM9] ground_station_status: rssi=-5, uptime=1718067, reserved=[0, 0, 0, 0, 0, 0]
[23:35:45.030] RX[COM9]  f0
[23:35:45.031] RX[COM9]  fb 00 1a 3b 1b 00 00 00 00 00 00 0a
[23:35:45.033] PACKET[COM9] ground_station_status: rssi=-5, uptime=1719067, reserved=[0, 0, 0, 0, 0, 0]
[23:35:45.990] RX[COM9]  f0
[23:35:45.993] RX[COM9]  fb 00 1a 3f 03 00 00 00 00 00 00 0a
[23:35:45.996] PACKET[COM9] ground_station_status: rssi=-5, uptime=1720067, reserved=[0, 0, 0, 0, 0, 0]
[23:35:47.003] RX[COM9]  f0
[23:35:47.005] RX[COM9]  fb 00 1a 42 eb 00 00 00 00 00 00 0a
[23:35:47.006] PACKET[COM9] ground_station_status: rssi=-5, uptime=1721067, reserved=[0, 0, 0, 0, 0, 0]
[23:35:48.016] RX[COM9]  f0
[23:35:48.029] RX[COM9]  fb 00 1a 46 d3 00 00 00 00 00 00 0a
[23:35:48.032] PACKET[COM9] ground_station_status: rssi=-5, uptime=1722067, reserved=[0, 0, 0, 0, 0, 0]
[23:35:49.027] RX[COM9]  f0
[23:35:49.031] RX[COM9]  fb 00 1a 4a bb 00 00 00 00 00 00 0a
[23:35:49.033] PACKET[COM9] ground_station_status: rssi=-5, uptime=1723067, reserved=[0, 0, 0, 0, 0, 0]
[23:35:50.036] RX[COM9]  f0
[23:35:50.038] RX[COM9]  fb 00 1a 4e a3 00 00 00 00 00 00 0a
[23:35:50.040] PACKET[COM9] ground_station_status: rssi=-5, uptime=1724067, reserved=[0, 0, 0, 0, 0, 0]
[23:35:50.991] RX[COM9]  f0
[23:35:50.992] RX[COM9]  fb 00 1a 52 8b 00 00 00 00 00 00 0a
[23:35:50.994] PACKET[COM9] ground_station_status: rssi=-5, uptime=1725067, reserved=[0, 0, 0, 0, 0, 0]
[23:35:52.001] RX[COM9]  f0
[23:35:52.003] RX[COM9]  fb 00 1a 56 73 00 00 00 00 00 00 0a
[23:35:52.005] PACKET[COM9] ground_station_status: rssi=-5, uptime=1726067, reserved=[0, 0, 0, 0, 0, 0]
[23:35:53.013] RX[COM9]  f0
[23:35:53.014] RX[COM9]  fb 00 1a 5a 5b 00 00 00 00 00 00 0a
[23:35:53.015] PACKET[COM9] ground_station_status: rssi=-5, uptime=1727067, reserved=[0, 0, 0, 0, 0, 0]
[23:35:54.018] RX[COM9]  f0
[23:35:54.019] RX[COM9]  fb 00 1a 5e 43 00 00 00 00 00 00 0a
[23:35:54.022] PACKET[COM9] ground_station_status: rssi=-5, uptime=1728067, reserved=[0, 0, 0, 0, 0, 0]
[23:35:54.982] RX[COM9]  f0
[23:35:54.985] RX[COM9]  fb 00 1a 62 2b 00 00 00 00 00 00 0a
[23:35:54.988] PACKET[COM9] ground_station_status: rssi=-5, uptime=1729067, reserved=[0, 0, 0, 0, 0, 0]
[23:35:55.995] RX[COM9]  f0
[23:35:55.997] RX[COM9]  fb 00 1a 66 13 00 00 00 00 00 00 0a
[23:35:56.000] PACKET[COM9] ground_station_status: rssi=-5, uptime=1730067, reserved=[0, 0, 0, 0, 0, 0]
[23:35:57.009] RX[COM9]  f0
[23:35:57.011] RX[COM9]  fb 00 1a 69 fb 00 00 00 00 00 00 0a
[23:35:57.013] PACKET[COM9] ground_station_status: rssi=-5, uptime=1731067, reserved=[0, 0, 0, 0, 0, 0]
[23:35:58.026] RX[COM9]  f0
[23:35:58.029] RX[COM9]  fb 00 1a 6d e3 00 00 00 00 00 00 0a
[23:35:58.030] PACKET[COM9] ground_station_status: rssi=-5, uptime=1732067, reserved=[0, 0, 0, 0, 0, 0]
[23:35:58.978] RX[COM9]  f0
[23:35:58.980] RX[COM9]  fb 00 1a 71 cb 00 00 00 00 00 00 0a
[23:35:58.982] PACKET[COM9] ground_station_status: rssi=-5, uptime=1733067, reserved=[0, 0, 0, 0, 0, 0]
[23:35:59.991] RX[COM9]  f0
[23:35:59.993] RX[COM9]  fb 00 1a 75 b3 00 00 00 00 00 00 0a
[23:35:59.995] PACKET[COM9] ground_station_status: rssi=-5, uptime=1734067, reserved=[0, 0, 0, 0, 0, 0]
[23:36:01.002] RX[COM9]  f0
[23:36:01.003] RX[COM9]  fb 00 1a 79 9b 00 00 00 00 00 00 0a
[23:36:01.005] PACKET[COM9] ground_station_status: rssi=-5, uptime=1735067, reserved=[0, 0, 0, 0, 0, 0]
[23:36:02.010] RX[COM9]  f0
[23:36:02.012] RX[COM9]  fb 00 1a 7d 83 00 00 00 00 00 00 0a
[23:36:02.013] PACKET[COM9] ground_station_status: rssi=-5, uptime=1736067, reserved=[0, 0, 0, 0, 0, 0]
[23:36:03.025] RX[COM9]  f0
[23:36:03.026] RX[COM9]  fb 00 1a 81 6b 00 00 00 00 00 00 0a
[23:36:03.028] PACKET[COM9] ground_station_status: rssi=-5, uptime=1737067, reserved=[0, 0, 0, 0, 0, 0]
[23:36:03.987] RX[COM9]  f0
[23:36:03.989] RX[COM9]  fb 00 1a 85 53 00 00 00 00 00 00 0a
[23:36:03.991] PACKET[COM9] ground_station_status: rssi=-5, uptime=1738067, reserved=[0, 0, 0, 0, 0, 0]
[23:36:04.983] RX[COM9]  f0
[23:36:04.985] RX[COM9]  fb 00 1a 89 3b 00 00 00 00 00 00 0a
[23:36:04.987] PACKET[COM9] ground_station_status: rssi=-5, uptime=1739067, reserved=[0, 0, 0, 0, 0, 0]
[23:36:05.983] RX[COM9]  f0
[23:36:05.985] RX[COM9]  fb 00 1a 8d 23 00 00 00 00 00 00 0a
[23:36:05.987] PACKET[COM9] ground_station_status: rssi=-5, uptime=1740067, reserved=[0, 0, 0, 0, 0, 0]
[23:36:07.028] RX[COM9]  f0
[23:36:07.031] RX[COM9]  fb 00 1a 91 0b 00 00 00 00 00 00 0a
[23:36:07.032] PACKET[COM9] ground_station_status: rssi=-5, uptime=1741067, reserved=[0, 0, 0, 0, 0, 0]
[23:36:07.991] RX[COM9]  f0
[23:36:07.995] RX[COM9]  fb 00 1a 94 f3 00 00 00 00 00 00 0a
[23:36:07.997] PACKET[COM9] ground_station_status: rssi=-5, uptime=1742067, reserved=[0, 0, 0, 0, 0, 0]
[23:36:09.004] RX[COM9]  f0
[23:36:09.006] RX[COM9]  fb 00 1a 98 db 00 00 00 00 00 00 0a
[23:36:09.008] PACKET[COM9] ground_station_status: rssi=-5, uptime=1743067, reserved=[0, 0, 0, 0, 0, 0]
[23:36:09.998] RX[COM9]  f0
[23:36:10.000] RX[COM9]  fb 00 1a 9c c3 00 00 00 00 00 00 0a
[23:36:10.002] PACKET[COM9] ground_station_status: rssi=-5, uptime=1744067, reserved=[0, 0, 0, 0, 0, 0]
[23:36:11.008] RX[COM9]  f0
[23:36:11.011] RX[COM9]  fb 00 1a a0 ab 00 00 00 00 00 00 0a
[23:36:11.013] PACKET[COM9] ground_station_status: rssi=-5, uptime=1745067, reserved=[0, 0, 0, 0, 0, 0]
[23:36:12.034] RX[COM9]  f0
[23:36:12.036] RX[COM9]  fb 00 1a a4 93 00 00 00 00 00 00 0a
[23:36:12.038] PACKET[COM9] ground_station_status: rssi=-5, uptime=1746067, reserved=[0, 0, 0, 0, 0, 0]
[23:36:12.989] RX[COM9]  f0
[23:36:12.990] RX[COM9]  fb 00 1a a8 7b 00 00 00 00 00 00 0a
[23:36:12.991] PACKET[COM9] ground_station_status: rssi=-5, uptime=1747067, reserved=[0, 0, 0, 0, 0, 0]
[23:36:13.998] RX[COM9]  f0
[23:36:13.999] RX[COM9]  fb 00 1a ac 63 00 00 00 00 00 00 0a
[23:36:14.001] PACKET[COM9] ground_station_status: rssi=-5, uptime=1748067, reserved=[0, 0, 0, 0, 0, 0]
[23:36:15.014] RX[COM9]  f0
[23:36:15.015] RX[COM9]  fb 00 1a b0 4b 00 00 00 00 00 00 0a
[23:36:15.017] PACKET[COM9] ground_station_status: rssi=-5, uptime=1749067, reserved=[0, 0, 0, 0, 0, 0]
[23:36:15.990] RX[COM9]  f0
[23:36:15.991] RX[COM9]  fb 00 1a b4 33 00 00 00 00 00 00 0a
[23:36:15.993] PACKET[COM9] ground_station_status: rssi=-5, uptime=1750067, reserved=[0, 0, 0, 0, 0, 0]
[23:36:17.001] RX[COM9]  f0
[23:36:17.002] RX[COM9]  fb 00 1a b8 1b 00 00 00 00 00 00 0a
[23:36:17.003] PACKET[COM9] ground_station_status: rssi=-5, uptime=1751067, reserved=[0, 0, 0, 0, 0, 0]
[23:36:18.015] RX[COM9]  f0
[23:36:18.018] RX[COM9]  fb 00 1a bc 03 00 00 00 00 00 00 0a
[23:36:18.019] PACKET[COM9] ground_station_status: rssi=-5, uptime=1752067, reserved=[0, 0, 0, 0, 0, 0]
[23:36:19.020] RX[COM9]  f0
[23:36:19.021] RX[COM9]  fb 00 1a bf eb 00 00 00 00 00 00 0a
[23:36:19.023] PACKET[COM9] ground_station_status: rssi=-5, uptime=1753067, reserved=[0, 0, 0, 0, 0, 0]
[23:36:19.984] RX[COM9]  f0
[23:36:19.986] RX[COM9]  fb 00 1a c3 d3 00 00 00 00 00 00 0a
[23:36:19.988] PACKET[COM9] ground_station_status: rssi=-5, uptime=1754067, reserved=[0, 0, 0, 0, 0, 0]
[23:36:20.993] RX[COM9]  f0
[23:36:20.995] RX[COM9]  fb 00 1a c7 bb 00 00 00 00 00 00 0a
[23:36:20.997] PACKET[COM9] ground_station_status: rssi=-5, uptime=1755067, reserved=[0, 0, 0, 0, 0, 0]
[23:36:22.003] RX[COM9]  f0
[23:36:22.006] RX[COM9]  fb 00 1a cb a3 00 00 00 00 00 00 0a
[23:36:22.007] PACKET[COM9] ground_station_status: rssi=-5, uptime=1756067, reserved=[0, 0, 0, 0, 0, 0]
[23:36:23.017] RX[COM9]  f0
[23:36:23.020] RX[COM9]  fb 00 1a cf 8b 00 00 00 00 00 00 0a
[23:36:23.022] PACKET[COM9] ground_station_status: rssi=-5, uptime=1757067, reserved=[0, 0, 0, 0, 0, 0]
[23:36:24.027] RX[COM9]  f0
[23:36:24.029] RX[COM9]  fb 00 1a d3 73 00 00 00 00 00 00 0a
[23:36:24.031] PACKET[COM9] ground_station_status: rssi=-5, uptime=1758067, reserved=[0, 0, 0, 0, 0, 0]
[23:36:24.978] RX[COM9]  f0
[23:36:24.981] RX[COM9]  fb 00 1a d7 5b 00 00 00 00 00 00 0a
[23:36:24.983] PACKET[COM9] ground_station_status: rssi=-5, uptime=1759067, reserved=[0, 0, 0, 0, 0, 0]
[23:36:25.998] RX[COM9]  f0
[23:36:25.999] RX[COM9]  fb 00 1a db 43 00 00 00 00 00 00 0a
[23:36:26.001] PACKET[COM9] ground_station_status: rssi=-5, uptime=1760067, reserved=[0, 0, 0, 0, 0, 0]
[23:36:27.004] RX[COM9]  f0
[23:36:27.005] RX[COM9]  fb 00 1a df 2b 00 00 00 00 00 00 0a
[23:36:27.007] PACKET[COM9] ground_station_status: rssi=-5, uptime=1761067, reserved=[0, 0, 0, 0, 0, 0]
[23:36:28.018] RX[COM9]  f0
[23:36:28.019] RX[COM9]  fb 00 1a e3 13 00 00 00 00 00 00 0a
[23:36:28.020] PACKET[COM9] ground_station_status: rssi=-5, uptime=1762067, reserved=[0, 0, 0, 0, 0, 0]
[23:36:28.979] RX[COM9]  f0
[23:36:28.981] RX[COM9]  fb 00 1a e6 fb 00 00 00 00 00 00 0a
[23:36:28.982] PACKET[COM9] ground_station_status: rssi=-5, uptime=1763067, reserved=[0, 0, 0, 0, 0, 0]
[23:36:29.991] RX[COM9]  f0
[23:36:29.994] RX[COM9]  fb 00 1a ea e3 00 00 00 00 00 00 0a
[23:36:29.999] PACKET[COM9] ground_station_status: rssi=-5, uptime=1764067, reserved=[0, 0, 0, 0, 0, 0]
[23:36:31.004] RX[COM9]  f0
[23:36:31.006] RX[COM9]  fb 00 1a ee cb 00 00 00 00 00 00 0a
[23:36:31.009] PACKET[COM9] ground_station_status: rssi=-5, uptime=1765067, reserved=[0, 0, 0, 0, 0, 0]
[23:36:32.018] RX[COM9]  f0
[23:36:32.020] RX[COM9]  fb 00 1a f2 b3 00 00 00 00 00 00 0a
[23:36:32.022] PACKET[COM9] ground_station_status: rssi=-5, uptime=1766067, reserved=[0, 0, 0, 0, 0, 0]
[23:36:33.030] RX[COM9]  f0
[23:36:33.033] RX[COM9]  fb 00 1a f6 9b 00 00 00 00 00 00 0a
[23:36:33.035] PACKET[COM9] ground_station_status: rssi=-5, uptime=1767067, reserved=[0, 0, 0, 0, 0, 0]
[23:36:34.033] RX[COM9]  f0
[23:36:34.035] RX[COM9]  fb 00 1a fa 83 00 00 00 00 00 00 0a
[23:36:34.037] PACKET[COM9] ground_station_status: rssi=-5, uptime=1768067, reserved=[0, 0, 0, 0, 0, 0]
[23:36:34.986] RX[COM9]  f0
[23:36:34.988] RX[COM9]  fb 00 1a fe 6b 00 00 00 00 00 00 0a
[23:36:34.989] PACKET[COM9] ground_station_status: rssi=-5, uptime=1769067, reserved=[0, 0, 0, 0, 0, 0]
[23:36:36.002] RX[COM9]  f0
[23:36:36.003] RX[COM9]  fb 00 1b 02 53 00 00 00 00 00 00 0a
[23:36:36.004] PACKET[COM9] ground_station_status: rssi=-5, uptime=1770067, reserved=[0, 0, 0, 0, 0, 0]
[23:36:37.022] RX[COM9]  f0
[23:36:37.024] RX[COM9]  fb 00 1b 06 3b 00 00 00 00 00 00 0a
[23:36:37.025] PACKET[COM9] ground_station_status: rssi=-5, uptime=1771067, reserved=[0, 0, 0, 0, 0, 0]
[23:36:38.006] RX[COM9]  f0
[23:36:38.007] RX[COM9]  fb 00 1b 0a 23 00 00 00 00 00 00 0a
[23:36:38.009] PACKET[COM9] ground_station_status: rssi=-5, uptime=1772067, reserved=[0, 0, 0, 0, 0, 0]
[23:36:39.018] RX[COM9]  f0
[23:36:39.019] RX[COM9]  fb 00 1b 0e 0b 00 00 00 00 00 00 0a
[23:36:39.021] PACKET[COM9] ground_station_status: rssi=-5, uptime=1773067, reserved=[0, 0, 0, 0, 0, 0]
[23:36:39.980] RX[COM9]  f0
[23:36:39.982] RX[COM9]  fb 00 1b 11 f3 00 00 00 00 00 00 0a
[23:36:39.984] PACKET[COM9] ground_station_status: rssi=-5, uptime=1774067, reserved=[0, 0, 0, 0, 0, 0]
[23:36:40.989] RX[COM9]  f0
[23:36:40.992] RX[COM9]  fb 00 1b 15 db 00 00 00 00 00 00 0a
[23:36:40.994] PACKET[COM9] ground_station_status: rssi=-5, uptime=1775067, reserved=[0, 0, 0, 0, 0, 0]
[23:36:42.003] RX[COM9]  f0
[23:36:42.004] RX[COM9]  fb 00 1b 19 c3 00 00 00 00 00 00 0a
[23:36:42.006] PACKET[COM9] ground_station_status: rssi=-5, uptime=1776067, reserved=[0, 0, 0, 0, 0, 0]
[23:36:43.017] RX[COM9]  f0
[23:36:43.019] RX[COM9]  fb 00 1b 1d ab 00 00 00 00 00 00 0a
[23:36:43.021] PACKET[COM9] ground_station_status: rssi=-5, uptime=1777067, reserved=[0, 0, 0, 0, 0, 0]
[23:36:44.011] RX[COM9]  f0
[23:36:44.013] RX[COM9]  fb 00 1b 21 93 00 00 00 00 00 00 0a
[23:36:44.015] PACKET[COM9] ground_station_status: rssi=-5, uptime=1778067, reserved=[0, 0, 0, 0, 0, 0]
[23:36:45.024] RX[COM9]  f0
[23:36:45.030] RX[COM9]  fb 00 1b 25 7b 00 00 00 00 00 00 0a
[23:36:45.033] PACKET[COM9] ground_station_status: rssi=-5, uptime=1779067, reserved=[0, 0, 0, 0, 0, 0]
[23:36:45.975] RX[COM9]  f0
[23:36:45.976] RX[COM9]  fb 00 1b 29 63 00 00 00 00 00 00 0a
[23:36:45.978] PACKET[COM9] ground_station_status: rssi=-5, uptime=1780067, reserved=[0, 0, 0, 0, 0, 0]
[23:36:46.993] RX[COM9]  f0
[23:36:46.994] RX[COM9]  fb 00 1b 2d 4b 00 00 00 00 00 00 0a
[23:36:46.996] PACKET[COM9] ground_station_status: rssi=-5, uptime=1781067, reserved=[0, 0, 0, 0, 0, 0]
[23:36:48.004] RX[COM9]  f0
[23:36:48.006] RX[COM9]  fb 00 1b 31 33 00 00 00 00 00 00 0a
[23:36:48.008] PACKET[COM9] ground_station_status: rssi=-5, uptime=1782067, reserved=[0, 0, 0, 0, 0, 0]
[23:36:49.018] RX[COM9]  f0
[23:36:49.019] RX[COM9]  fb 00 1b 35 1b 00 00 00 00 00 00 0a
[23:36:49.020] PACKET[COM9] ground_station_status: rssi=-5, uptime=1783067, reserved=[0, 0, 0, 0, 0, 0]
[23:36:49.973] RX[COM9]  f0
[23:36:49.976] RX[COM9]  fb 00 1b 39 03 00 00 00 00 00 00 0a
[23:36:49.977] PACKET[COM9] ground_station_status: rssi=-5, uptime=1784067, reserved=[0, 0, 0, 0, 0, 0]
[23:36:50.982] RX[COM9]  f0
[23:36:50.984] RX[COM9]  fb 00 1b 3c eb 00 00 00 00 00 00 0a
[23:36:50.985] PACKET[COM9] ground_station_status: rssi=-5, uptime=1785067, reserved=[0, 0, 0, 0, 0, 0]
[23:36:51.983] RX[COM9]  f0
[23:36:51.987] RX[COM9]  fb 00 1b 40 d3 00 00 00 00 00 00 0a
[23:36:51.990] PACKET[COM9] ground_station_status: rssi=-5, uptime=1786067, reserved=[0, 0, 0, 0, 0, 0]
[23:36:52.981] RX[COM9]  f0
[23:36:52.983] RX[COM9]  fb 00 1b 44 bb 00 00 00 00 00 00 0a
[23:36:52.985] PACKET[COM9] ground_station_status: rssi=-5, uptime=1787067, reserved=[0, 0, 0, 0, 0, 0]
[23:36:53.984] RX[COM9]  f0
[23:36:53.986] RX[COM9]  fb 00 1b 48 a3 00 00 00 00 00 00 0a
[23:36:53.988] PACKET[COM9] ground_station_status: rssi=-5, uptime=1788067, reserved=[0, 0, 0, 0, 0, 0]
[23:36:54.990] RX[COM9]  f0
[23:36:54.993] RX[COM9]  fb 00 1b 4c 8b 00 00 00 00 00 00 0a
[23:36:54.994] PACKET[COM9] ground_station_status: rssi=-5, uptime=1789067, reserved=[0, 0, 0, 0, 0, 0]
[23:36:55.992] RX[COM9]  f0
[23:36:55.997] RX[COM9]  fb 00 1b 50 73 00 00 00 00 00 00 0a
[23:36:55.998] PACKET[COM9] ground_station_status: rssi=-5, uptime=1790067, reserved=[0, 0, 0, 0, 0, 0]
[23:36:57.000] RX[COM9]  f0
[23:36:57.001] RX[COM9]  fb 00 1b 54 5b 00 00 00 00 00 00 0a
[23:36:57.003] PACKET[COM9] ground_station_status: rssi=-5, uptime=1791067, reserved=[0, 0, 0, 0, 0, 0]
[23:36:58.013] RX[COM9]  f0
[23:36:58.015] RX[COM9]  fb 00 1b 58 43 00 00 00 00 00 00 0a
[23:36:58.016] PACKET[COM9] ground_station_status: rssi=-5, uptime=1792067, reserved=[0, 0, 0, 0, 0, 0]
[23:36:59.019] RX[COM9]  f0
[23:36:59.022] RX[COM9]  fb 00 1b 5c 2b 00 00 00 00 00 00 0a
[23:36:59.025] PACKET[COM9] ground_station_status: rssi=-5, uptime=1793067, reserved=[0, 0, 0, 0, 0, 0]
[23:37:00.023] RX[COM9]  f0
[23:37:00.025] RX[COM9]  fb 00 1b 60 13 00 00 00 00 00 00 0a
[23:37:00.027] PACKET[COM9] ground_station_status: rssi=-5, uptime=1794067, reserved=[0, 0, 0, 0, 0, 0]
[23:37:00.969] RX[COM9]  f0
[23:37:00.970] RX[COM9]  fb 00 1b 63 fb 00 00 00 00 00 00 0a
[23:37:00.973] PACKET[COM9] ground_station_status: rssi=-5, uptime=1795067, reserved=[0, 0, 0, 0, 0, 0]
[23:37:01.975] RX[COM9]  f0
[23:37:01.977] RX[COM9]  fb 00 1b 67 e3 00 00 00 00 00 00 0a
[23:37:01.978] PACKET[COM9] ground_station_status: rssi=-5, uptime=1796067, reserved=[0, 0, 0, 0, 0, 0]
[23:37:02.985] RX[COM9]  f0
[23:37:02.990] RX[COM9]  fb 00 1b 6b cb 00 00 00 00 00 00 0a
[23:37:02.991] PACKET[COM9] ground_station_status: rssi=-5, uptime=1797067, reserved=[0, 0, 0, 0, 0, 0]
[23:37:03.994] RX[COM9]  f0
[23:37:03.995] RX[COM9]  fb 00 1b 6f b3 00 00 00 00 00 00 0a
[23:37:03.997] PACKET[COM9] ground_station_status: rssi=-5, uptime=1798067, reserved=[0, 0, 0, 0, 0, 0]
[23:37:05.012] RX[COM9]  f0
[23:37:05.013] RX[COM9]  fb 00 1b 73 9b 00 00 00 00 00 00 0a
[23:37:05.015] PACKET[COM9] ground_station_status: rssi=-5, uptime=1799067, reserved=[0, 0, 0, 0, 0, 0]
[23:37:05.966] RX[COM9]  f0
[23:37:05.968] RX[COM9]  fb 00 1b 77 83 00 00 00 00 00 00 0a
[23:37:05.973] PACKET[COM9] ground_station_status: rssi=-5, uptime=1800067, reserved=[0, 0, 0, 0, 0, 0]
[23:37:07.015] RX[COM9]  f0
[23:37:07.017] RX[COM9]  fb 00 1b 7b 6b 00 00 00 00 00 00 0a
[23:37:07.019] PACKET[COM9] ground_station_status: rssi=-5, uptime=1801067, reserved=[0, 0, 0, 0, 0, 0]
[23:37:07.978] RX[COM9]  f0
[23:37:07.980] RX[COM9]  fb 00 1b 7f 53 00 00 00 00 00 00 0a
[23:37:07.981] PACKET[COM9] ground_station_status: rssi=-5, uptime=1802067, reserved=[0, 0, 0, 0, 0, 0]
[23:37:08.977] RX[COM9]  f0
[23:37:08.978] RX[COM9]  fb 00 1b 83 3b 00 00 00 00 00 00 0a
[23:37:08.979] PACKET[COM9] ground_station_status: rssi=-5, uptime=1803067, reserved=[0, 0, 0, 0, 0, 0]
[23:37:09.983] RX[COM9]  f0
[23:37:09.985] RX[COM9]  fb 00 1b 87 23 00 00 00 00 00 00 0a
[23:37:09.985] PACKET[COM9] ground_station_status: rssi=-5, uptime=1804067, reserved=[0, 0, 0, 0, 0, 0]
[23:37:10.989] RX[COM9]  f0
[23:37:10.991] RX[COM9]  fb 00 1b 8b 0b 00 00 00 00 00 00 0a
[23:37:10.991] PACKET[COM9] ground_station_status: rssi=-5, uptime=1805067, reserved=[0, 0, 0, 0, 0, 0]
[23:37:11.999] RX[COM9]  f0
[23:37:12.000] RX[COM9]  fb 00 1b 8e f3 00 00 00 00 00 00 0a
[23:37:12.001] PACKET[COM9] ground_station_status: rssi=-5, uptime=1806067, reserved=[0, 0, 0, 0, 0, 0]
[23:37:13.013] RX[COM9]  f0
[23:37:13.014] RX[COM9]  fb 00 1b 92 db 00 00 00 00 00 00 0a
[23:37:13.016] PACKET[COM9] ground_station_status: rssi=-5, uptime=1807067, reserved=[0, 0, 0, 0, 0, 0]
[23:37:14.023] RX[COM9]  f0
[23:37:14.024] RX[COM9]  fb 00 1b 96 c3 00 00 00 00 00 00 0a
[23:37:14.025] PACKET[COM9] ground_station_status: rssi=-5, uptime=1808067, reserved=[0, 0, 0, 0, 0, 0]
[23:37:14.973] RX[COM9]  f0
[23:37:14.974] RX[COM9]  fb 00 1b 9a ab 00 00 00 00 00 00 0a
[23:37:14.975] PACKET[COM9] ground_station_status: rssi=-5, uptime=1809067, reserved=[0, 0, 0, 0, 0, 0]
[23:37:15.977] RX[COM9]  f0
[23:37:15.977] RX[COM9]  fb 00 1b 9e 93 00 00 00 00 00 00 0a
[23:37:15.978] PACKET[COM9] ground_station_status: rssi=-5, uptime=1810067, reserved=[0, 0, 0, 0, 0, 0]
[23:37:16.989] RX[COM9]  f0
[23:37:16.990] RX[COM9]  fb 00 1b a2 7b 00 00 00 00 00 00 0a
[23:37:16.991] PACKET[COM9] ground_station_status: rssi=-5, uptime=1811067, reserved=[0, 0, 0, 0, 0, 0]
[23:37:17.999] RX[COM9]  f0
[23:37:18.000] RX[COM9]  fb 00 1b a6 63 00 00 00 00 00 00 0a
[23:37:18.001] PACKET[COM9] ground_station_status: rssi=-5, uptime=1812067, reserved=[0, 0, 0, 0, 0, 0]
[23:37:18.965] RX[COM9]  f0
[23:37:18.967] RX[COM9]  fb 00 1b aa 4b 00 00 00 00 00 00 0a
[23:37:18.968] PACKET[COM9] ground_station_status: rssi=-5, uptime=1813067, reserved=[0, 0, 0, 0, 0, 0]
[23:37:19.979] RX[COM9]  f0
[23:37:19.983] RX[COM9]  fb 00 1b ae 33 00 00 00 00 00 00 0a
[23:37:19.985] PACKET[COM9] ground_station_status: rssi=-5, uptime=1814067, reserved=[0, 0, 0, 0, 0, 0]
[23:37:20.988] RX[COM9]  f0
[23:37:20.990] RX[COM9]  fb 00 1b b2 1b 00 00 00 00 00 00 0a
[23:37:20.992] PACKET[COM9] ground_station_status: rssi=-5, uptime=1815067, reserved=[0, 0, 0, 0, 0, 0]
[23:37:21.998] RX[COM9]  f0
[23:37:22.001] RX[COM9]  fb 00 1b b6 03 00 00 00 00 00 00 0a
[23:37:22.002] PACKET[COM9] ground_station_status: rssi=-5, uptime=1816067, reserved=[0, 0, 0, 0, 0, 0]
[23:37:23.011] RX[COM9]  f0
[23:37:23.013] RX[COM9]  fb 00 1b b9 eb 00 00 00 00 00 00 0a
[23:37:23.014] PACKET[COM9] ground_station_status: rssi=-5, uptime=1817067, reserved=[0, 0, 0, 0, 0, 0]
[23:37:23.962] RX[COM9]  f0
[23:37:23.963] RX[COM9]  fb 00 1b bd d3 00 00 00 00 00 00 0a
[23:37:23.964] PACKET[COM9] ground_station_status: rssi=-5, uptime=1818067, reserved=[0, 0, 0, 0, 0, 0]
[23:37:24.971] RX[COM9]  f0
[23:37:24.972] RX[COM9]  fb 00 1b c1 bb 00 00 00 00 00 00 0a
[23:37:24.974] PACKET[COM9] ground_station_status: rssi=-5, uptime=1819067, reserved=[0, 0, 0, 0, 0, 0]
[23:37:25.978] RX[COM9]  f0
[23:37:25.979] RX[COM9]  fb 00 1b c5 a3 00 00 00 00 00 00 0a
[23:37:25.980] PACKET[COM9] ground_station_status: rssi=-5, uptime=1820067, reserved=[0, 0, 0, 0, 0, 0]
[23:37:26.979] RX[COM9]  f0
[23:37:26.980] RX[COM9]  fb 00 1b c9 8b 00 00 00 00 00 00 0a
[23:37:26.982] PACKET[COM9] ground_station_status: rssi=-5, uptime=1821067, reserved=[0, 0, 0, 0, 0, 0]
[23:37:27.992] RX[COM9]  f0
[23:37:27.993] RX[COM9]  fb 00 1b cd 73 00 00 00 00 00 00 0a
[23:37:27.995] PACKET[COM9] ground_station_status: rssi=-5, uptime=1822067, reserved=[0, 0, 0, 0, 0, 0]
[23:37:29.006] RX[COM9]  f0
[23:37:29.007] RX[COM9]  fb 00 1b d1 5b 00 00 00 00 00 00 0a
[23:37:29.009] PACKET[COM9] ground_station_status: rssi=-5, uptime=1823067, reserved=[0, 0, 0, 0, 0, 0]
[23:37:29.993] RX[COM9]  f0
[23:37:29.999] RX[COM9]  fb 00 1b d5 43 00 00 00 00 00 00 0a
[23:37:30.001] PACKET[COM9] ground_station_status: rssi=-5, uptime=1824067, reserved=[0, 0, 0, 0, 0, 0]
[23:37:31.011] RX[COM9]  f0
[23:37:31.012] RX[COM9]  fb 00 1b d9 2b 00 00 00 00 00 00 0a
[23:37:31.014] PACKET[COM9] ground_station_status: rssi=-5, uptime=1825067, reserved=[0, 0, 0, 0, 0, 0]
[23:37:31.974] RX[COM9]  f0
[23:37:31.977] RX[COM9]  fb 00 1b dd 13 00 00 00 00 00 00 0a
[23:37:31.978] PACKET[COM9] ground_station_status: rssi=-5, uptime=1826067, reserved=[0, 0, 0, 0, 0, 0]
[23:37:32.987] RX[COM9]  f0
[23:37:32.990] RX[COM9]  fb 00 1b e0 fb 00 00 00 00 00 00 0a
[23:37:32.992] PACKET[COM9] ground_station_status: rssi=-5, uptime=1827067, reserved=[0, 0, 0, 0, 0, 0]
[23:37:34.000] RX[COM9]  f0
[23:37:34.002] RX[COM9]  fb 00 1b e4 e3 00 00 00 00 00 00 0a
[23:37:34.004] PACKET[COM9] ground_station_status: rssi=-5, uptime=1828067, reserved=[0, 0, 0, 0, 0, 0]
[23:37:35.007] RX[COM9]  f0
[23:37:35.008] RX[COM9]  fb 00 1b e8 cb 00 00 00 00 00 00 0a
[23:37:35.010] PACKET[COM9] ground_station_status: rssi=-5, uptime=1829067, reserved=[0, 0, 0, 0, 0, 0]
[23:37:36.014] RX[COM9]  f0
[23:37:36.016] RX[COM9]  fb 00 1b ec b3 00 00 00 00 00 00 0a
[23:37:36.018] PACKET[COM9] ground_station_status: rssi=-5, uptime=1830067, reserved=[0, 0, 0, 0, 0, 0]
[23:37:36.966] RX[COM9]  f0
[23:37:36.967] RX[COM9]  fb 00 1b f0 9b 00 00 00 00 00 00 0a
[23:37:36.969] PACKET[COM9] ground_station_status: rssi=-5, uptime=1831067, reserved=[0, 0, 0, 0, 0, 0]
[23:37:37.976] RX[COM9]  f0
[23:37:37.978] RX[COM9]  fb 00 1b f4 83 00 00 00 00 00 00 0a
[23:37:37.980] PACKET[COM9] ground_station_status: rssi=-5, uptime=1832067, reserved=[0, 0, 0, 0, 0, 0]
[23:37:38.988] RX[COM9]  f0
[23:37:38.989] RX[COM9]  fb 00 1b f8 6b 00 00 00 00 00 00 0a
[23:37:38.991] PACKET[COM9] ground_station_status: rssi=-5, uptime=1833067, reserved=[0, 0, 0, 0, 0, 0]
[23:37:39.994] RX[COM9]  f0
[23:37:39.995] RX[COM9]  fb 00 1b fc 53 00 00 00 00 00 00 0a
[23:37:39.997] PACKET[COM9] ground_station_status: rssi=-5, uptime=1834067, reserved=[0, 0, 0, 0, 0, 0]
[23:37:41.007] RX[COM9]  f0
[23:37:41.008] RX[COM9]  fb 00 1c 00 3b 00 00 00 00 00 00 0a
[23:37:41.010] PACKET[COM9] ground_station_status: rssi=-5, uptime=1835067, reserved=[0, 0, 0, 0, 0, 0]
[23:37:41.966] RX[COM9]  f0
[23:37:41.968] RX[COM9]  fb 00 1c 04 23 00 00 00 00 00 00 0a
[23:37:41.970] PACKET[COM9] ground_station_status: rssi=-5, uptime=1836067, reserved=[0, 0, 0, 0, 0, 0]
[23:37:42.974] RX[COM9]  f0
[23:37:42.976] RX[COM9]  fb 00 1c 08 0b 00 00 00 00 00 00 0a
[23:37:42.977] PACKET[COM9] ground_station_status: rssi=-5, uptime=1837067, reserved=[0, 0, 0, 0, 0, 0]
[23:37:43.985] RX[COM9]  f0
[23:37:43.987] RX[COM9]  fb 00 1c 0b f3 00 00 00 00 00 00 0a
[23:37:43.988] PACKET[COM9] ground_station_status: rssi=-5, uptime=1838067, reserved=[0, 0, 0, 0, 0, 0]
[23:37:44.990] RX[COM9]  f0
[23:37:44.995] RX[COM9]  fb 00 1c 0f db 00 00 00 00 00 00 0a
[23:37:44.997] PACKET[COM9] ground_station_status: rssi=-5, uptime=1839067, reserved=[0, 0, 0, 0, 0, 0]
[23:37:46.003] RX[COM9]  f0
[23:37:46.006] RX[COM9]  fb 00 1c 13 c3 00 00 00 00 00 00 0a
[23:37:46.008] PACKET[COM9] ground_station_status: rssi=-5, uptime=1840067, reserved=[0, 0, 0, 0, 0, 0]
[23:37:47.018] RX[COM9]  f0
[23:37:47.021] RX[COM9]  fb 00 1c 17 ab 00 00 00 00 00 00 0a
[23:37:47.022] PACKET[COM9] ground_station_status: rssi=-5, uptime=1841067, reserved=[0, 0, 0, 0, 0, 0]
[23:37:47.971] RX[COM9]  f0
[23:37:47.972] RX[COM9]  fb 00 1c 1b 93 00 00 00 00 00 00 0a
[23:37:47.974] PACKET[COM9] ground_station_status: rssi=-5, uptime=1842067, reserved=[0, 0, 0, 0, 0, 0]
[23:37:48.976] RX[COM9]  f0
[23:37:48.977] RX[COM9]  fb 00 1c 1f 7b 00 00 00 00 00 00 0a
[23:37:48.980] PACKET[COM9] ground_station_status: rssi=-5, uptime=1843067, reserved=[0, 0, 0, 0, 0, 0]
[23:37:49.988] RX[COM9]  f0
[23:37:49.989] RX[COM9]  fb 00 1c 23 63 00 00 00 00 00 00 0a
[23:37:49.991] PACKET[COM9] ground_station_status: rssi=-5, uptime=1844067, reserved=[0, 0, 0, 0, 0, 0]
[23:37:51.002] RX[COM9]  f0
[23:37:51.003] RX[COM9]  fb 00 1c 27 4b 00 00 00 00 00 00 0a
[23:37:51.005] PACKET[COM9] ground_station_status: rssi=-5, uptime=1845067, reserved=[0, 0, 0, 0, 0, 0]
[23:37:51.963] RX[COM9]  f0
[23:37:51.966] RX[COM9]  fb 00 1c 2b 33 00 00 00 00 00 00 0a
[23:37:51.969] PACKET[COM9] ground_station_status: rssi=-5, uptime=1846067, reserved=[0, 0, 0, 0, 0, 0]
[23:37:52.979] RX[COM9]  f0
[23:37:52.984] RX[COM9]  fb 00 1c 2f 1b 00 00 00 00 00 00 0a
[23:37:52.985] PACKET[COM9] ground_station_status: rssi=-5, uptime=1847067, reserved=[0, 0, 0, 0, 0, 0]
[23:37:53.992] RX[COM9]  f0
[23:37:53.993] RX[COM9]  fb 00 1c 33 03 00 00 00 00 00 00 0a
[23:37:53.996] PACKET[COM9] ground_station_status: rssi=-5, uptime=1848067, reserved=[0, 0, 0, 0, 0, 0]
[23:37:55.003] RX[COM9]  f0
[23:37:55.005] RX[COM9]  fb 00 1c 36 eb 00 00 00 00 00 00 0a
[23:37:55.007] PACKET[COM9] ground_station_status: rssi=-5, uptime=1849067, reserved=[0, 0, 0, 0, 0, 0]
[23:37:55.969] RX[COM9]  f0
[23:37:55.971] RX[COM9]  fb 00 1c 3a d3 00 00 00 00 00 00 0a
[23:37:55.972] PACKET[COM9] ground_station_status: rssi=-5, uptime=1850067, reserved=[0, 0, 0, 0, 0, 0]
[23:37:56.996] RX[COM9]  f0
[23:37:56.998] RX[COM9]  fb 00 1c 3e bb 00 00 00 00 00 00 0a
[23:37:57.000] PACKET[COM9] ground_station_status: rssi=-5, uptime=1851067, reserved=[0, 0, 0, 0, 0, 0]
[23:37:58.010] RX[COM9]  f0
[23:37:58.014] RX[COM9]  fb 00 1c 42 a3 00 00 00 00 00 00 0a
[23:37:58.015] PACKET[COM9] ground_station_status: rssi=-5, uptime=1852067, reserved=[0, 0, 0, 0, 0, 0]
[23:37:58.957] RX[COM9]  f0
[23:37:58.959] RX[COM9]  fb 00 1c 46 8b 00 00 00 00 00 00 0a
[23:37:58.961] PACKET[COM9] ground_station_status: rssi=-5, uptime=1853067, reserved=[0, 0, 0, 0, 0, 0]
[23:38:00.008] RX[COM9]  f0
[23:38:00.011] RX[COM9]  fb 00 1c 4a 73 00 00 00 00 00 00 0a
[23:38:00.013] PACKET[COM9] ground_station_status: rssi=-5, uptime=1854067, reserved=[0, 0, 0, 0, 0, 0]
[23:38:00.960] RX[COM9]  f0
[23:38:00.961] RX[COM9]  fb 00 1c 4e 5b 00 00 00 00 00 00 0a
[23:38:00.962] PACKET[COM9] ground_station_status: rssi=-5, uptime=1855067, reserved=[0, 0, 0, 0, 0, 0]
[23:38:01.967] RX[COM9]  f0
[23:38:01.968] RX[COM9]  fb 00 1c 52 43 00 00 00 00 00 00 0a
[23:38:01.969] PACKET[COM9] ground_station_status: rssi=-5, uptime=1856067, reserved=[0, 0, 0, 0, 0, 0]
[23:38:02.974] RX[COM9]  f0
[23:38:02.975] RX[COM9]  fb 00 1c 56 2b 00 00 00 00 00 00 0a
[23:38:02.977] PACKET[COM9] ground_station_status: rssi=-5, uptime=1857067, reserved=[0, 0, 0, 0, 0, 0]
[23:38:03.993] RX[COM9]  f0
[23:38:03.993] RX[COM9]  fb 00 1c 5a 13 00 00 00 00 00 00 0a
[23:38:03.994] PACKET[COM9] ground_station_status: rssi=-5, uptime=1858067, reserved=[0, 0, 0, 0, 0, 0]
[23:38:05.005] RX[COM9]  f0
[23:38:05.006] RX[COM9]  fb 00 1c 5d fb 00 00 00 00 00 00 0a
[23:38:05.007] PACKET[COM9] ground_station_status: rssi=-5, uptime=1859067, reserved=[0, 0, 0, 0, 0, 0]
[23:38:05.967] RX[COM9]  f0
[23:38:05.968] RX[COM9]  fb 00 1c 61 e3 00 00 00 00 00 00 0a
[23:38:05.969] PACKET[COM9] ground_station_status: rssi=-5, uptime=1860067, reserved=[0, 0, 0, 0, 0, 0]
[23:38:06.974] RX[COM9]  f0
[23:38:06.976] RX[COM9]  fb 00 1c 65 cb 00 00 00 00 00 00 0a
[23:38:06.977] PACKET[COM9] ground_station_status: rssi=-5, uptime=1861067, reserved=[0, 0, 0, 0, 0, 0]
[23:38:07.988] RX[COM9]  f0
[23:38:07.990] RX[COM9]  fb 00 1c 69 b3 00 00 00 00 00 00 0a
[23:38:07.992] PACKET[COM9] ground_station_status: rssi=-5, uptime=1862067, reserved=[0, 0, 0, 0, 0, 0]
[23:38:09.006] RX[COM9]  f0
[23:38:09.008] RX[COM9]  fb 00 1c 6d 9b 00 00 00 00 00 00 0a
[23:38:09.009] PACKET[COM9] ground_station_status: rssi=-5, uptime=1863067, reserved=[0, 0, 0, 0, 0, 0]
[23:38:09.957] RX[COM9]  f0
[23:38:09.958] RX[COM9]  fb 00 1c 71 83 00 00 00 00 00 00 0a
[23:38:09.959] PACKET[COM9] ground_station_status: rssi=-5, uptime=1864067, reserved=[0, 0, 0, 0, 0, 0]
[23:38:10.975] RX[COM9]  f0
[23:38:10.976] RX[COM9]  fb 00 1c 75 6b 00 00 00 00 00 00 0a
[23:38:10.976] PACKET[COM9] ground_station_status: rssi=-5, uptime=1865067, reserved=[0, 0, 0, 0, 0, 0]
[23:38:11.982] RX[COM9]  f0
[23:38:11.983] RX[COM9]  fb 00 1c 79 53 00 00 00 00 00 00 0a
[23:38:11.985] PACKET[COM9] ground_station_status: rssi=-5, uptime=1866067, reserved=[0, 0, 0, 0, 0, 0]
[23:38:12.996] RX[COM9]  f0
[23:38:12.998] RX[COM9]  fb 00 1c 7d 3b 00 00 00 00 00 00 0a
[23:38:12.999] PACKET[COM9] ground_station_status: rssi=-5, uptime=1867067, reserved=[0, 0, 0, 0, 0, 0]
[23:38:13.954] RX[COM9]  f0
[23:38:13.956] RX[COM9]  fb 00 1c 81 23 00 00 00 00 00 00 0a
[23:38:13.958] PACKET[COM9] ground_station_status: rssi=-5, uptime=1868067, reserved=[0, 0, 0, 0, 0, 0]
[23:38:14.964] RX[COM9]  f0
[23:38:14.966] RX[COM9]  fb 00 1c 85 0b 00 00 00 00 00 00 0a
[23:38:14.968] PACKET[COM9] ground_station_status: rssi=-5, uptime=1869067, reserved=[0, 0, 0, 0, 0, 0]
[23:38:15.979] RX[COM9]  f0
[23:38:15.981] RX[COM9]  fb 00 1c 88 f3 00 00 00 00 00 00 0a
[23:38:15.983] PACKET[COM9] ground_station_status: rssi=-5, uptime=1870067, reserved=[0, 0, 0, 0, 0, 0]
[23:38:16.991] RX[COM9]  f0
[23:38:16.997] RX[COM9]  fb 00 1c 8c db 00 00 00 00 00 00 0a
[23:38:16.999] PACKET[COM9] ground_station_status: rssi=-5, uptime=1871067, reserved=[0, 0, 0, 0, 0, 0]
[23:38:18.005] RX[COM9]  f0
[23:38:18.007] RX[COM9]  fb 00 1c 90 c3 00 00 00 00 00 00 0a
[23:38:18.009] PACKET[COM9] ground_station_status: rssi=-5, uptime=1872067, reserved=[0, 0, 0, 0, 0, 0]
[23:38:18.963] RX[COM9]  f0
[23:38:18.964] RX[COM9]  fb 00 1c 94 ab 00 00 00 00 00 00 0a
[23:38:18.965] PACKET[COM9] ground_station_status: rssi=-5, uptime=1873067, reserved=[0, 0, 0, 0, 0, 0]
[23:38:19.976] RX[COM9]  f0
[23:38:19.977] RX[COM9]  fb 00 1c 98 93 00 00 00 00 00 00 0a
[23:38:19.979] PACKET[COM9] ground_station_status: rssi=-5, uptime=1874067, reserved=[0, 0, 0, 0, 0, 0]
[23:38:20.989] RX[COM9]  f0
[23:38:20.991] RX[COM9]  fb 00 1c 9c 7b 00 00 00 00 00 00 0a
[23:38:20.992] PACKET[COM9] ground_station_status: rssi=-5, uptime=1875067, reserved=[0, 0, 0, 0, 0, 0]
[23:38:21.951] RX[COM9]  f0
[23:38:21.955] RX[COM9]  fb 00 1c a0 63 00 00 00 00 00 00 0a
[23:38:21.957] PACKET[COM9] ground_station_status: rssi=-5, uptime=1876067, reserved=[0, 0, 0, 0, 0, 0]
[23:38:22.962] RX[COM9]  f0
[23:38:22.964] RX[COM9]  fb 00 1c a4 4b 00 00 00 00 00 00 0a
[23:38:22.966] PACKET[COM9] ground_station_status: rssi=-5, uptime=1877067, reserved=[0, 0, 0, 0, 0, 0]
[23:38:23.968] RX[COM9]  f0
[23:38:23.970] RX[COM9]  fb 00 1c a8 33 00 00 00 00 00 00 0a
[23:38:23.972] PACKET[COM9] ground_station_status: rssi=-5, uptime=1878067, reserved=[0, 0, 0, 0, 0, 0]
[23:38:24.979] RX[COM9]  f0
[23:38:24.982] RX[COM9]  fb 00 1c ac 1b 00 00 00 00 00 00 0a
[23:38:24.984] PACKET[COM9] ground_station_status: rssi=-5, uptime=1879067, reserved=[0, 0, 0, 0, 0, 0]
[23:38:25.993] RX[COM9]  f0
[23:38:25.994] RX[COM9]  fb 00 1c b0 03 00 00 00 00 00 00 0a
[23:38:25.996] PACKET[COM9] ground_station_status: rssi=-5, uptime=1880067, reserved=[0, 0, 0, 0, 0, 0]
[23:38:27.003] RX[COM9]  f0
[23:38:27.005] RX[COM9]  fb 00 1c b3 eb 00 00 00 00 00 00 0a
[23:38:27.007] PACKET[COM9] ground_station_status: rssi=-5, uptime=1881067, reserved=[0, 0, 0, 0, 0, 0]
[23:38:27.958] RX[COM9]  f0
[23:38:27.959] RX[COM9]  fb 00 1c b7 d3 00 00 00 00 00 00 0a
[23:38:27.960] PACKET[COM9] ground_station_status: rssi=-5, uptime=1882067, reserved=[0, 0, 0, 0, 0, 0]
[23:38:28.971] RX[COM9]  f0
[23:38:28.973] RX[COM9]  fb 00 1c bb bb 00 00 00 00 00 00 0a
[23:38:28.976] PACKET[COM9] ground_station_status: rssi=-5, uptime=1883067, reserved=[0, 0, 0, 0, 0, 0]
[23:38:29.983] RX[COM9]  f0
[23:38:29.984] RX[COM9]  fb 00 1c bf a3 00 00 00 00 00 00 0a
[23:38:29.987] PACKET[COM9] ground_station_status: rssi=-5, uptime=1884067, reserved=[0, 0, 0, 0, 0, 0]
[23:38:30.987] RX[COM9]  f0
[23:38:30.988] RX[COM9]  fb 00 1c c3 8b 00 00 00 00 00 00 0a
[23:38:30.990] PACKET[COM9] ground_station_status: rssi=-5, uptime=1885067, reserved=[0, 0, 0, 0, 0, 0]
[23:38:31.949] RX[COM9]  f0
[23:38:31.951] RX[COM9]  fb 00 1c c7 73 00 00 00 00 00 00 0a
[23:38:31.952] PACKET[COM9] ground_station_status: rssi=-5, uptime=1886067, reserved=[0, 0, 0, 0, 0, 0]
[23:38:32.996] RX[COM9]  f0
[23:38:32.997] RX[COM9]  fb 00 1c cb 5b 00 00 00 00 00 00 0a
[23:38:32.998] PACKET[COM9] ground_station_status: rssi=-5, uptime=1887067, reserved=[0, 0, 0, 0, 0, 0]
[23:38:33.955] RX[COM9]  f0
[23:38:33.957] RX[COM9]  fb 00 1c cf 43 00 00 00 00 00 00 0a
[23:38:33.959] PACKET[COM9] ground_station_status: rssi=-5, uptime=1888067, reserved=[0, 0, 0, 0, 0, 0]
[23:38:34.982] RX[COM9]  f0
[23:38:34.985] RX[COM9]  fb 00 1c d3 2b 00 00 00 00 00 00 0a
[23:38:34.987] PACKET[COM9] ground_station_status: rssi=-5, uptime=1889067, reserved=[0, 0, 0, 0, 0, 0]
[23:38:35.995] RX[COM9]  f0
[23:38:35.998] RX[COM9]  fb 00 1c d7 13 00 00 00 00 00 00 0a
[23:38:35.999] PACKET[COM9] ground_station_status: rssi=-5, uptime=1890067, reserved=[0, 0, 0, 0, 0, 0]
[23:38:36.949] RX[COM9]  f0
[23:38:36.950] RX[COM9]  fb 00 1c da fb 00 00 00 00 00 00 0a
[23:38:36.952] PACKET[COM9] ground_station_status: rssi=-5, uptime=1891067, reserved=[0, 0, 0, 0, 0, 0]
[23:38:37.971] RX[COM9]  f0
[23:38:37.972] RX[COM9]  fb 00 1c de e3 00 00 00 00 00 00 0a
[23:38:37.973] PACKET[COM9] ground_station_status: rssi=-5, uptime=1892067, reserved=[0, 0, 0, 0, 0, 0]
[23:38:38.981] RX[COM9]  f0
[23:38:38.982] RX[COM9]  fb 00 1c e2 cb 00 00 00 00 00 00 0a
[23:38:38.984] PACKET[COM9] ground_station_status: rssi=-5, uptime=1893067, reserved=[0, 0, 0, 0, 0, 0]
[23:38:39.994] RX[COM9]  f0
[23:38:39.995] RX[COM9]  fb 00 1c e6 b3 00 00 00 00 00 00 0a
[23:38:39.997] PACKET[COM9] ground_station_status: rssi=-5, uptime=1894067, reserved=[0, 0, 0, 0, 0, 0]
[23:38:40.954] RX[COM9]  f0
[23:38:40.956] RX[COM9]  fb 00 1c ea 9b 00 00 00 00 00 00 0a
[23:38:40.957] PACKET[COM9] ground_station_status: rssi=-5, uptime=1895067, reserved=[0, 0, 0, 0, 0, 0]
[23:38:41.969] RX[COM9]  f0
[23:38:41.974] RX[COM9]  fb 00 1c ee 83 00 00 00 00 00 00 0a
[23:38:41.975] PACKET[COM9] ground_station_status: rssi=-5, uptime=1896067, reserved=[0, 0, 0, 0, 0, 0]
[23:38:42.971] RX[COM9]  f0
[23:38:42.973] RX[COM9]  fb 00 1c f2 6b 00 00 00 00 00 00 0a
[23:38:42.975] PACKET[COM9] ground_station_status: rssi=-5, uptime=1897067, reserved=[0, 0, 0, 0, 0, 0]
[23:38:43.982] RX[COM9]  f0
[23:38:43.984] RX[COM9]  fb 00 1c f6 53 00 00 00 00 00 00 0a
[23:38:43.986] PACKET[COM9] ground_station_status: rssi=-5, uptime=1898067, reserved=[0, 0, 0, 0, 0, 0]
[23:38:44.998] RX[COM9]  f0
[23:38:45.001] RX[COM9]  fb 00 1c fa 3b 00 00 00 00 00 00 0a
[23:38:45.003] PACKET[COM9] ground_station_status: rssi=-5, uptime=1899067, reserved=[0, 0, 0, 0, 0, 0]
[23:38:45.959] RX[COM9]  f0
[23:38:45.960] RX[COM9]  fb 00 1c fe 23 00 00 00 00 00 00 0a
[23:38:45.962] PACKET[COM9] ground_station_status: rssi=-5, uptime=1900067, reserved=[0, 0, 0, 0, 0, 0]
[23:38:46.972] RX[COM9]  f0
[23:38:46.974] RX[COM9]  fb 00 1d 02 0b 00 00 00 00 00 00 0a
[23:38:46.975] PACKET[COM9] ground_station_status: rssi=-5, uptime=1901067, reserved=[0, 0, 0, 0, 0, 0]
[23:38:47.979] RX[COM9]  f0
[23:38:47.980] RX[COM9]  fb 00 1d 05 f3 00 00 00 00 00 00 0a
[23:38:47.985] PACKET[COM9] ground_station_status: rssi=-5, uptime=1902067, reserved=[0, 0, 0, 0, 0, 0]
[23:38:48.981] RX[COM9]  f0
[23:38:48.983] RX[COM9]  fb 00 1d 09 db 00 00 00 00 00 00 0a
[23:38:48.985] PACKET[COM9] ground_station_status: rssi=-5, uptime=1903067, reserved=[0, 0, 0, 0, 0, 0]
[23:38:49.992] RX[COM9]  f0
[23:38:49.993] RX[COM9]  fb 00 1d 0d c3 00 00 00 00 00 00 0a
[23:38:49.995] PACKET[COM9] ground_station_status: rssi=-5, uptime=1904067, reserved=[0, 0, 0, 0, 0, 0]
[23:38:50.950] RX[COM9]  f0
[23:38:50.953] RX[COM9]  fb 00 1d 11 ab 00 00 00 00 00 00 0a
[23:38:50.956] PACKET[COM9] ground_station_status: rssi=-5, uptime=1905067, reserved=[0, 0, 0, 0, 0, 0]
[23:38:51.996] RX[COM9]  f0
[23:38:51.997] RX[COM9]  fb 00 1d 15 93 00 00 00 00 00 00 0a
[23:38:51.998] PACKET[COM9] ground_station_status: rssi=-5, uptime=1906067, reserved=[0, 0, 0, 0, 0, 0]
[23:38:52.953] RX[COM9]  f0
[23:38:52.955] RX[COM9]  fb 00 1d 19 7b 00 00 00 00 00 00 0a
[23:38:52.956] PACKET[COM9] ground_station_status: rssi=-5, uptime=1907067, reserved=[0, 0, 0, 0, 0, 0]
[23:38:53.963] RX[COM9]  f0
[23:38:53.966] RX[COM9]  fb 00 1d 1d 63 00 00 00 00 00 00 0a
[23:38:53.968] PACKET[COM9] ground_station_status: rssi=-5, uptime=1908067, reserved=[0, 0, 0, 0, 0, 0]
[23:38:54.977] RX[COM9]  f0
[23:38:54.979] RX[COM9]  fb 00 1d 21 4b 00 00 00 00 00 00 0a
[23:38:54.981] PACKET[COM9] ground_station_status: rssi=-5, uptime=1909067, reserved=[0, 0, 0, 0, 0, 0]
[23:38:55.991] RX[COM9]  f0
[23:38:55.992] RX[COM9]  fb 00 1d 25 33 00 00 00 00 00 00 0a
[23:38:55.994] PACKET[COM9] ground_station_status: rssi=-5, uptime=1910067, reserved=[0, 0, 0, 0, 0, 0]
[23:38:56.997] RX[COM9]  f0
[23:38:57.001] RX[COM9]  fb 00 1d 29 1b 00 00 00 00 00 00 0a
[23:38:57.004] PACKET[COM9] ground_station_status: rssi=-5, uptime=1911067, reserved=[0, 0, 0, 0, 0, 0]
[23:38:57.953] RX[COM9]  f0
[23:38:57.954] RX[COM9]  fb 00 1d 2d 03 00 00 00 00 00 00 0a
[23:38:57.956] PACKET[COM9] ground_station_status: rssi=-5, uptime=1912067, reserved=[0, 0, 0, 0, 0, 0]
[23:38:58.960] RX[COM9]  f0
[23:38:58.961] RX[COM9]  fb 00 1d 30 eb 00 00 00 00 00 00 0a
[23:38:58.964] PACKET[COM9] ground_station_status: rssi=-5, uptime=1913067, reserved=[0, 0, 0, 0, 0, 0]
[23:38:59.966] RX[COM9]  f0
[23:38:59.967] RX[COM9]  fb 00 1d 34 d3 00 00 00 00 00 00 0a
[23:38:59.969] PACKET[COM9] ground_station_status: rssi=-5, uptime=1914067, reserved=[0, 0, 0, 0, 0, 0]
[23:39:00.975] RX[COM9]  f0
[23:39:00.976] RX[COM9]  fb 00 1d 38 bb 00 00 00 00 00 00 0a
[23:39:00.978] PACKET[COM9] ground_station_status: rssi=-5, uptime=1915067, reserved=[0, 0, 0, 0, 0, 0]
[23:39:01.986] RX[COM9]  f0
[23:39:01.987] RX[COM9]  fb 00 1d 3c a3 00 00 00 00 00 00 0a
[23:39:01.989] PACKET[COM9] ground_station_status: rssi=-5, uptime=1916067, reserved=[0, 0, 0, 0, 0, 0]
[23:39:02.993] RX[COM9]  f0
[23:39:02.994] RX[COM9]  fb 00 1d 40 8b 00 00 00 00 00 00 0a
[23:39:02.996] PACKET[COM9] ground_station_status: rssi=-5, uptime=1917067, reserved=[0, 0, 0, 0, 0, 0]
[23:39:03.950] RX[COM9]  f0
[23:39:03.951] RX[COM9]  fb 00 1d 44 73 00 00 00 00 00 00 0a
[23:39:03.953] PACKET[COM9] ground_station_status: rssi=-5, uptime=1918067, reserved=[0, 0, 0, 0, 0, 0]
[23:39:04.961] RX[COM9]  f0
[23:39:04.964] RX[COM9]  fb 00 1d 48 5b 00 00 00 00 00 00 0a
[23:39:04.966] PACKET[COM9] ground_station_status: rssi=-5, uptime=1919067, reserved=[0, 0, 0, 0, 0, 0]
[23:39:05.957] RX[COM9]  f0
[23:39:05.960] RX[COM9]  fb 00 1d 4c 43 00 00 00 00 00 00 0a
[23:39:05.962] PACKET[COM9] ground_station_status: rssi=-5, uptime=1920067, reserved=[0, 0, 0, 0, 0, 0]
[23:39:06.968] RX[COM9]  f0
[23:39:06.970] RX[COM9]  fb 00 1d 50 2b 00 00 00 00 00 00 0a
[23:39:06.973] PACKET[COM9] ground_station_status: rssi=-5, uptime=1921067, reserved=[0, 0, 0, 0, 0, 0]
[23:39:07.973] RX[COM9]  f0
[23:39:07.975] RX[COM9]  fb 00 1d 54 13 00 00 00 00 00 00 0a
[23:39:07.977] PACKET[COM9] ground_station_status: rssi=-5, uptime=1922067, reserved=[0, 0, 0, 0, 0, 0]
[23:39:08.986] RX[COM9]  f0
[23:39:08.988] RX[COM9]  fb 00 1d 57 fb 00 00 00 00 00 00 0a
[23:39:08.990] PACKET[COM9] ground_station_status: rssi=-5, uptime=1923067, reserved=[0, 0, 0, 0, 0, 0]
[23:39:09.993] RX[COM9]  f0
[23:39:09.995] RX[COM9]  fb 00 1d 5b e3 00 00 00 00 00 00 0a
[23:39:09.997] PACKET[COM9] ground_station_status: rssi=-5, uptime=1924067, reserved=[0, 0, 0, 0, 0, 0]
[23:39:10.950] RX[COM9]  f0
[23:39:10.951] RX[COM9]  fb 00 1d 5f cb 00 00 00 00 00 00 0a
[23:39:10.953] PACKET[COM9] ground_station_status: rssi=-5, uptime=1925067, reserved=[0, 0, 0, 0, 0, 0]
[23:39:11.990] RX[COM9]  f0
[23:39:11.995] RX[COM9]  fb 00 1d 63 b3 00 00 00 00 00 00 0a
[23:39:11.997] PACKET[COM9] ground_station_status: rssi=-5, uptime=1926067, reserved=[0, 0, 0, 0, 0, 0]
[23:39:12.971] RX[COM9]  f0
[23:39:12.972] RX[COM9]  fb 00 1d 67 9b 00 00 00 00 00 00 0a
[23:39:12.973] PACKET[COM9] ground_station_status: rssi=-5, uptime=1927067, reserved=[0, 0, 0, 0, 0, 0]
[23:39:13.986] RX[COM9]  f0
[23:39:13.987] RX[COM9]  fb 00 1d 6b 83 00 00 00 00 00 00 0a
[23:39:13.990] PACKET[COM9] ground_station_status: rssi=-5, uptime=1928067, reserved=[0, 0, 0, 0, 0, 0]
[23:39:14.947] RX[COM9]  f0
[23:39:14.949] RX[COM9]  fb 00 1d 6f 6b 00 00 00 00 00 00 0a
[23:39:14.950] PACKET[COM9] ground_station_status: rssi=-5, uptime=1929067, reserved=[0, 0, 0, 0, 0, 0]
[23:39:15.960] RX[COM9]  f0
[23:39:15.964] RX[COM9]  fb 00 1d 73 53 00 00 00 00 00 00 0a
[23:39:15.965] PACKET[COM9] ground_station_status: rssi=-5, uptime=1930067, reserved=[0, 0, 0, 0, 0, 0]
[23:39:16.972] RX[COM9]  f0
[23:39:16.974] RX[COM9]  fb 00 1d 77 3b 00 00 00 00 00 00 0a
[23:39:16.976] PACKET[COM9] ground_station_status: rssi=-5, uptime=1931067, reserved=[0, 0, 0, 0, 0, 0]
[23:39:17.986] RX[COM9]  f0
[23:39:17.988] RX[COM9]  fb 00 1d 7b 23 00 00 00 00 00 00 0a
[23:39:17.989] PACKET[COM9] ground_station_status: rssi=-5, uptime=1932067, reserved=[0, 0, 0, 0, 0, 0]
[23:39:18.998] RX[COM9]  f0
[23:39:19.000] RX[COM9]  fb 00 1d 7f 0b 00 00 00 00 00 00 0a
[23:39:19.001] PACKET[COM9] ground_station_status: rssi=-5, uptime=1933067, reserved=[0, 0, 0, 0, 0, 0]
[23:39:19.947] RX[COM9]  f0
[23:39:19.948] RX[COM9]  fb 00 1d 82 f3 00 00 00 00 00 00 0a
[23:39:19.949] PACKET[COM9] ground_station_status: rssi=-5, uptime=1934067, reserved=[0, 0, 0, 0, 0, 0]
[23:39:20.962] RX[COM9]  f0
[23:39:20.963] RX[COM9]  fb 00 1d 86 db 00 00 00 00 00 00 0a
[23:39:20.965] PACKET[COM9] ground_station_status: rssi=-5, uptime=1935067, reserved=[0, 0, 0, 0, 0, 0]
[23:39:21.965] RX[COM9]  f0
[23:39:21.966] RX[COM9]  fb 00 1d 8a c3 00 00 00 00 00 00 0a
[23:39:21.968] PACKET[COM9] ground_station_status: rssi=-5, uptime=1936067, reserved=[0, 0, 0, 0, 0, 0]
[23:39:22.974] RX[COM9]  f0
[23:39:22.976] RX[COM9]  fb 00 1d 8e ab 00 00 00 00 00 00 0a
[23:39:22.978] PACKET[COM9] ground_station_status: rssi=-5, uptime=1937067, reserved=[0, 0, 0, 0, 0, 0]
[23:39:23.982] RX[COM9]  f0
[23:39:23.983] RX[COM9]  fb 00 1d 92 93 00 00 00 00 00 00 0a
[23:39:23.985] PACKET[COM9] ground_station_status: rssi=-5, uptime=1938067, reserved=[0, 0, 0, 0, 0, 0]
[23:39:24.941] RX[COM9]  f0
[23:39:24.943] RX[COM9]  fb 00 1d 96 7b 00 00 00 00 00 00 0a
[23:39:24.945] PACKET[COM9] ground_station_status: rssi=-5, uptime=1939067, reserved=[0, 0, 0, 0, 0, 0]
[23:39:25.956] RX[COM9]  f0
[23:39:25.960] RX[COM9]  fb 00 1d 9a 63 00 00 00 00 00 00 0a
[23:39:25.962] PACKET[COM9] ground_station_status: rssi=-5, uptime=1940067, reserved=[0, 0, 0, 0, 0, 0]
[23:39:26.965] RX[COM9]  f0
[23:39:26.967] RX[COM9]  fb 00 1d 9e 4b 00 00 00 00 00 00 0a
[23:39:26.968] PACKET[COM9] ground_station_status: rssi=-5, uptime=1941067, reserved=[0, 0, 0, 0, 0, 0]
[23:39:27.978] RX[COM9]  f0
[23:39:27.980] RX[COM9]  fb 00 1d a2 33 00 00 00 00 00 00 0a
[23:39:27.982] PACKET[COM9] ground_station_status: rssi=-5, uptime=1942067, reserved=[0, 0, 0, 0, 0, 0]
[23:39:28.993] RX[COM9]  f0
[23:39:28.995] RX[COM9]  fb 00 1d a6 1b 00 00 00 00 00 00 0a
[23:39:28.997] PACKET[COM9] ground_station_status: rssi=-5, uptime=1943067, reserved=[0, 0, 0, 0, 0, 0]
[23:39:29.972] RX[COM9]  f0
[23:39:29.974] RX[COM9]  fb 00 1d aa 03 00 00 00 00 00 00 0a
[23:39:29.976] PACKET[COM9] ground_station_status: rssi=-5, uptime=1944067, reserved=[0, 0, 0, 0, 0, 0]
[23:39:30.986] RX[COM9]  f0
[23:39:30.988] RX[COM9]  fb 00 1d ad eb 00 00 00 00 00 00 0a
[23:39:30.989] PACKET[COM9] ground_station_status: rssi=-5, uptime=1945067, reserved=[0, 0, 0, 0, 0, 0]
[23:39:31.942] RX[COM9]  f0
[23:39:31.943] RX[COM9]  fb 00 1d b1 d3 00 00 00 00 00 00 0a
[23:39:31.945] PACKET[COM9] ground_station_status: rssi=-5, uptime=1946067, reserved=[0, 0, 0, 0, 0, 0]
[23:39:32.954] RX[COM9]  f0
[23:39:32.955] RX[COM9]  fb 00 1d b5 bb 00 00 00 00 00 00 0a
[23:39:32.957] PACKET[COM9] ground_station_status: rssi=-5, uptime=1947067, reserved=[0, 0, 0, 0, 0, 0]
[23:39:33.964] RX[COM9]  f0
[23:39:33.965] RX[COM9]  fb 00 1d b9 a3 00 00 00 00 00 00 0a
[23:39:33.967] PACKET[COM9] ground_station_status: rssi=-5, uptime=1948067, reserved=[0, 0, 0, 0, 0, 0]
[23:39:34.980] RX[COM9]  f0
[23:39:34.981] RX[COM9]  fb 00 1d bd 8b 00 00 00 00 00 00 0a
[23:39:34.982] PACKET[COM9] ground_station_status: rssi=-5, uptime=1949067, reserved=[0, 0, 0, 0, 0, 0]
[23:39:35.939] RX[COM9]  f0
[23:39:35.942] RX[COM9]  fb 00 1d c1 73 00 00 00 00 00 00 0a
[23:39:35.944] PACKET[COM9] ground_station_status: rssi=-5, uptime=1950067, reserved=[0, 0, 0, 0, 0, 0]
[23:39:36.940] RX[COM9]  f0
[23:39:36.942] RX[COM9]  fb 00 1d c5 5b 00 00 00 00 00 00 0a
[23:39:36.944] PACKET[COM9] ground_station_status: rssi=-5, uptime=1951067, reserved=[0, 0, 0, 0, 0, 0]
[23:39:37.961] RX[COM9]  f0
[23:39:37.964] RX[COM9]  fb 00 1d c9 43 00 00 00 00 00 00 0a
[23:39:37.966] PACKET[COM9] ground_station_status: rssi=-5, uptime=1952067, reserved=[0, 0, 0, 0, 0, 0]
[23:39:38.976] RX[COM9]  f0
[23:39:38.978] RX[COM9]  fb 00 1d cd 2b 00 00 00 00 00 00 0a
[23:39:38.979] PACKET[COM9] ground_station_status: rssi=-5, uptime=1953067, reserved=[0, 0, 0, 0, 0, 0]
[23:39:39.988] RX[COM9]  f0
[23:39:39.990] RX[COM9]  fb 00 1d d1 13 00 00 00 00 00 00 0a
[23:39:39.992] PACKET[COM9] ground_station_status: rssi=-5, uptime=1954067, reserved=[0, 0, 0, 0, 0, 0]
[23:39:40.968] RX[COM9]  f0
[23:39:40.970] RX[COM9]  fb 00 1d d4 fb 00 00 00 00 00 00 0a
[23:39:40.971] PACKET[COM9] ground_station_status: rssi=-5, uptime=1955067, reserved=[0, 0, 0, 0, 0, 0]
[23:39:41.996] RX[COM9]  f0
[23:39:42.000] RX[COM9]  fb 00 1d d8 e3 00 00 00 00 00 00 0a
[23:39:42.001] PACKET[COM9] ground_station_status: rssi=-5, uptime=1956067, reserved=[0, 0, 0, 0, 0, 0]
[23:39:42.948] RX[COM9]  f0
[23:39:42.949] RX[COM9]  fb 00 1d dc cb 00 00 00 00 00 00 0a
[23:39:42.951] PACKET[COM9] ground_station_status: rssi=-5, uptime=1957067, reserved=[0, 0, 0, 0, 0, 0]
[23:39:43.967] RX[COM9]  f0
[23:39:43.969] RX[COM9]  fb 00 1d e0 b3 00 00 00 00 00 00 0a
[23:39:43.974] PACKET[COM9] ground_station_status: rssi=-5, uptime=1958067, reserved=[0, 0, 0, 0, 0, 0]
[23:39:44.975] RX[COM9]  f0
[23:39:44.976] RX[COM9]  fb 00 1d e4 9b 00 00 00 00 00 00 0a
[23:39:44.977] PACKET[COM9] ground_station_status: rssi=-5, uptime=1959067, reserved=[0, 0, 0, 0, 0, 0]
[23:39:45.983] RX[COM9]  f0
[23:39:45.984] RX[COM9]  fb 00 1d e8 83 00 00 00 00 00 00 0a
[23:39:45.986] PACKET[COM9] ground_station_status: rssi=-5, uptime=1960067, reserved=[0, 0, 0, 0, 0, 0]
[23:39:46.980] RX[COM9]  f0
[23:39:46.982] RX[COM9]  fb 00 1d ec 6b 00 00 00 00 00 00 0a
[23:39:46.983] PACKET[COM9] ground_station_status: rssi=-5, uptime=1961067, reserved=[0, 0, 0, 0, 0, 0]
[23:39:47.939] RX[COM9]  f0
[23:39:47.941] RX[COM9]  fb 00 1d f0 53 00 00 00 00 00 00 0a
[23:39:47.943] PACKET[COM9] ground_station_status: rssi=-5, uptime=1962067, reserved=[0, 0, 0, 0, 0, 0]
[23:39:48.956] RX[COM9]  f0
[23:39:48.958] RX[COM9]  fb 00 1d f4 3b 00 00 00 00 00 00 0a
[23:39:48.961] PACKET[COM9] ground_station_status: rssi=-5, uptime=1963067, reserved=[0, 0, 0, 0, 0, 0]
[23:39:49.970] RX[COM9]  f0
[23:39:49.972] RX[COM9]  fb 00 1d f8 23 00 00 00 00 00 00 0a
[23:39:49.974] PACKET[COM9] ground_station_status: rssi=-5, uptime=1964067, reserved=[0, 0, 0, 0, 0, 0]
[23:39:50.982] RX[COM9]  f0
[23:39:50.984] RX[COM9]  fb 00 1d fc 0b 00 00 00 00 00 00 0a
[23:39:50.986] PACKET[COM9] ground_station_status: rssi=-5, uptime=1965067, reserved=[0, 0, 0, 0, 0, 0]
[23:39:51.981] RX[COM9]  f0
[23:39:51.983] RX[COM9]  fb 00 1d ff f3 00 00 00 00 00 00 0a
[23:39:51.984] PACKET[COM9] ground_station_status: rssi=-5, uptime=1966067, reserved=[0, 0, 0, 0, 0, 0]
[23:39:52.960] RX[COM9]  f0
[23:39:52.963] RX[COM9]  fb 00 1e 03 db 00 00 00 00 00 00 0a
[23:39:52.965] PACKET[COM9] ground_station_status: rssi=-5, uptime=1967067, reserved=[0, 0, 0, 0, 0, 0]
[23:39:53.954] RX[COM9]  f0
[23:39:53.956] RX[COM9]  fb 00 1e 07 c3 00 00 00 00 00 00 0a
[23:39:53.957] PACKET[COM9] ground_station_status: rssi=-5, uptime=1968067, reserved=[0, 0, 0, 0, 0, 0]
[23:39:54.967] RX[COM9]  f0
[23:39:54.971] RX[COM9]  fb 00 1e 0b ab 00 00 00 00 00 00 0a
[23:39:54.973] PACKET[COM9] ground_station_status: rssi=-5, uptime=1969067, reserved=[0, 0, 0, 0, 0, 0]
[23:39:55.977] RX[COM9]  f0
[23:39:55.979] RX[COM9]  fb 00 1e 0f 93 00 00 00 00 00 00 0a
[23:39:55.980] PACKET[COM9] ground_station_status: rssi=-5, uptime=1970067, reserved=[0, 0, 0, 0, 0, 0]
[23:39:56.989] RX[COM9]  f0
[23:39:56.991] RX[COM9]  fb 00 1e 13 7b 00 00 00 00 00 00 0a
[23:39:56.993] PACKET[COM9] ground_station_status: rssi=-5, uptime=1971067, reserved=[0, 0, 0, 0, 0, 0]
[23:39:57.941] RX[COM9]  f0
[23:39:57.942] RX[COM9]  fb 00 1e 17 63 00 00 00 00 00 00 0a
[23:39:57.944] PACKET[COM9] ground_station_status: rssi=-5, uptime=1972067, reserved=[0, 0, 0, 0, 0, 0]
[23:39:58.953] RX[COM9]  f0
[23:39:58.954] RX[COM9]  fb 00 1e 1b 4b 00 00 00 00 00 00 0a
[23:39:58.955] PACKET[COM9] ground_station_status: rssi=-5, uptime=1973067, reserved=[0, 0, 0, 0, 0, 0]
[23:39:59.965] RX[COM9]  f0
[23:39:59.966] RX[COM9]  fb 00 1e 1f 33 00 00 00 00 00 00 0a
[23:39:59.968] PACKET[COM9] ground_station_status: rssi=-5, uptime=1974067, reserved=[0, 0, 0, 0, 0, 0]
[23:40:00.980] RX[COM9]  f0
[23:40:00.981] RX[COM9]  fb 00 1e 23 1b 00 00 00 00 00 00 0a
[23:40:00.983] PACKET[COM9] ground_station_status: rssi=-5, uptime=1975067, reserved=[0, 0, 0, 0, 0, 0]
[23:40:01.945] RX[COM9]  f0
[23:40:01.947] RX[COM9]  fb 00 1e 27 03 00 00 00 00 00 00 0a
[23:40:01.948] PACKET[COM9] ground_station_status: rssi=-5, uptime=1976067, reserved=[0, 0, 0, 0, 0, 0]
[23:40:02.956] RX[COM9]  f0
[23:40:02.958] RX[COM9]  fb 00 1e 2a eb 00 00 00 00 00 00 0a
[23:40:02.960] PACKET[COM9] ground_station_status: rssi=-5, uptime=1977067, reserved=[0, 0, 0, 0, 0, 0]
[23:40:03.963] RX[COM9]  f0
[23:40:03.968] RX[COM9]  fb 00 1e 2e d3 00 00 00 00 00 00 0a
[23:40:03.970] PACKET[COM9] ground_station_status: rssi=-5, uptime=1978067, reserved=[0, 0, 0, 0, 0, 0]
[23:40:04.975] RX[COM9]  f0
[23:40:04.977] RX[COM9]  fb 00 1e 32 bb 00 00 00 00 00 00 0a
[23:40:04.978] PACKET[COM9] ground_station_status: rssi=-5, uptime=1979067, reserved=[0, 0, 0, 0, 0, 0]
[23:40:05.987] RX[COM9]  f0
[23:40:05.989] RX[COM9]  fb 00 1e 36 a3 00 00 00 00 00 00 0a
[23:40:05.991] PACKET[COM9] ground_station_status: rssi=-5, uptime=1980067, reserved=[0, 0, 0, 0, 0, 0]
[23:40:06.936] RX[COM9]  f0
[23:40:06.937] RX[COM9]  fb 00 1e 3a 8b 00 00 00 00 00 00 0a
[23:40:06.939] PACKET[COM9] ground_station_status: rssi=-5, uptime=1981067, reserved=[0, 0, 0, 0, 0, 0]
[23:40:07.944] RX[COM9]  f0
[23:40:07.945] RX[COM9]  fb 00 1e 3e 73 00 00 00 00 00 00 0a
[23:40:07.946] PACKET[COM9] ground_station_status: rssi=-5, uptime=1982067, reserved=[0, 0, 0, 0, 0, 0]
[23:40:08.962] RX[COM9]  f0
[23:40:08.964] RX[COM9]  fb 00 1e 42 5b 00 00 00 00 00 00 0a
[23:40:08.965] PACKET[COM9] ground_station_status: rssi=-5, uptime=1983067, reserved=[0, 0, 0, 0, 0, 0]
[23:40:09.972] RX[COM9]  f0
[23:40:09.973] RX[COM9]  fb 00 1e 46 43 00 00 00 00 00 00 0a
[23:40:09.974] PACKET[COM9] ground_station_status: rssi=-5, uptime=1984067, reserved=[0, 0, 0, 0, 0, 0]
[23:40:10.980] RX[COM9]  f0
[23:40:10.981] RX[COM9]  fb 00 1e 4a 2b 00 00 00 00 00 00 0a
[23:40:10.982] PACKET[COM9] ground_station_status: rssi=-5, uptime=1985067, reserved=[0, 0, 0, 0, 0, 0]
[23:40:11.936] RX[COM9]  f0
[23:40:11.938] RX[COM9]  fb 00 1e 4e 13 00 00 00 00 00 00 0a
[23:40:11.939] PACKET[COM9] ground_station_status: rssi=-5, uptime=1986067, reserved=[0, 0, 0, 0, 0, 0]
[23:40:12.932] RX[COM9]  f0
[23:40:12.933] RX[COM9]  fb 00 1e 51 fb 00 00 00 00 00 00 0a
[23:40:12.935] PACKET[COM9] ground_station_status: rssi=-5, uptime=1987067, reserved=[0, 0, 0, 0, 0, 0]
[23:40:13.941] RX[COM9]  f0
[23:40:13.943] RX[COM9]  fb 00 1e 55 e3 00 00 00 00 00 00 0a
[23:40:13.944] PACKET[COM9] ground_station_status: rssi=-5, uptime=1988067, reserved=[0, 0, 0, 0, 0, 0]
[23:40:14.936] RX[COM9]  f0
[23:40:14.941] RX[COM9]  fb 00 1e 59 cb 00 00 00 00 00 00 0a
[23:40:14.943] PACKET[COM9] ground_station_status: rssi=-5, uptime=1989067, reserved=[0, 0, 0, 0, 0, 0]
[23:40:15.946] RX[COM9]  f0
[23:40:15.949] RX[COM9]  fb 00 1e 5d b3 00 00 00 00 00 00 0a
[23:40:15.951] PACKET[COM9] ground_station_status: rssi=-5, uptime=1990067, reserved=[0, 0, 0, 0, 0, 0]
[23:40:16.958] RX[COM9]  f0
[23:40:16.961] RX[COM9]  fb 00 1e 61 9b 00 00 00 00 00 00 0a
[23:40:16.963] PACKET[COM9] ground_station_status: rssi=-5, uptime=1991067, reserved=[0, 0, 0, 0, 0, 0]
[23:40:17.972] RX[COM9]  f0
[23:40:17.974] RX[COM9]  fb 00 1e 65 83 00 00 00 00 00 00 0a
[23:40:17.976] PACKET[COM9] ground_station_status: rssi=-5, uptime=1992067, reserved=[0, 0, 0, 0, 0, 0]
[23:40:18.965] RX[COM9]  f0
[23:40:18.967] RX[COM9]  fb 00 1e 69 6b 00 00 00 00 00 00 0a
[23:40:18.969] PACKET[COM9] ground_station_status: rssi=-5, uptime=1993067, reserved=[0, 0, 0, 0, 0, 0]
[23:40:19.981] RX[COM9]  f0
[23:40:19.987] RX[COM9]  fb 00 1e 6d 53 00 00 00 00 00 00 0a
[23:40:19.989] PACKET[COM9] ground_station_status: rssi=-5, uptime=1994067, reserved=[0, 0, 0, 0, 0, 0]
[23:40:20.936] RX[COM9]  f0
[23:40:20.938] RX[COM9]  fb 00 1e 71 3b 00 00 00 00 00 00 0a
[23:40:20.940] PACKET[COM9] ground_station_status: rssi=-5, uptime=1995067, reserved=[0, 0, 0, 0, 0, 0]
[23:40:21.948] RX[COM9]  f0
[23:40:21.949] RX[COM9]  fb 00 1e 75 23 00 00 00 00 00 00 0a
[23:40:21.950] PACKET[COM9] ground_station_status: rssi=-5, uptime=1996067, reserved=[0, 0, 0, 0, 0, 0]
[23:40:22.955] RX[COM9]  f0
[23:40:22.956] RX[COM9]  fb 00 1e 79 0b 00 00 00 00 00 00 0a
[23:40:22.958] PACKET[COM9] ground_station_status: rssi=-5, uptime=1997067, reserved=[0, 0, 0, 0, 0, 0]
[23:40:23.968] RX[COM9]  f0
[23:40:23.969] RX[COM9]  fb 00 1e 7c f3 00 00 00 00 00 00 0a
[23:40:23.971] PACKET[COM9] ground_station_status: rssi=-5, uptime=1998067, reserved=[0, 0, 0, 0, 0, 0]
[23:40:24.928] RX[COM9]  f0
[23:40:24.931] RX[COM9]  fb 00 1e 80 db 00 00 00 00 00 00 0a
[23:40:24.933] PACKET[COM9] ground_station_status: rssi=-5, uptime=1999067, reserved=[0, 0, 0, 0, 0, 0]
[23:40:25.942] RX[COM9]  f0
[23:40:25.944] RX[COM9]  fb 00 1e 84 c3 00 00 00 00 00 00 0a
[23:40:25.946] PACKET[COM9] ground_station_status: rssi=-5, uptime=2000067, reserved=[0, 0, 0, 0, 0, 0]
[23:40:26.957] RX[COM9]  f0
[23:40:26.959] RX[COM9]  fb 00 1e 88 ab 00 00 00 00 00 00 0a
[23:40:26.961] PACKET[COM9] ground_station_status: rssi=-5, uptime=2001067, reserved=[0, 0, 0, 0, 0, 0]
[23:40:27.953] RX[COM9]  f0
[23:40:27.955] RX[COM9]  fb 00 1e 8c 93 00 00 00 00 00 00 0a
[23:40:27.957] PACKET[COM9] ground_station_status: rssi=-5, uptime=2002067, reserved=[0, 0, 0, 0, 0, 0]
[23:40:28.949] RX[COM9]  f0
[23:40:28.951] RX[COM9]  fb 00 1e 90 7b 00 00 00 00 00 00 0a
[23:40:28.952] PACKET[COM9] ground_station_status: rssi=-5, uptime=2003067, reserved=[0, 0, 0, 0, 0, 0]
[23:40:29.963] RX[COM9]  f0
[23:40:29.967] RX[COM9]  fb 00 1e 94 63 00 00 00 00 00 00 0a
[23:40:29.969] PACKET[COM9] ground_station_status: rssi=-5, uptime=2004067, reserved=[0, 0, 0, 0, 0, 0]
[23:40:30.976] RX[COM9]  f0
[23:40:30.978] RX[COM9]  fb 00 1e 98 4b 00 00 00 00 00 00 0a
[23:40:30.981] PACKET[COM9] ground_station_status: rssi=-5, uptime=2005067, reserved=[0, 0, 0, 0, 0, 0]
[23:40:31.927] RX[COM9]  f0
[23:40:31.928] RX[COM9]  fb 00 1e 9c 33 00 00 00 00 00 00 0a
[23:40:31.930] PACKET[COM9] ground_station_status: rssi=-5, uptime=2006067, reserved=[0, 0, 0, 0, 0, 0]
[23:40:32.940] RX[COM9]  f0
[23:40:32.943] RX[COM9]  fb 00 1e a0 1b 00 00 00 00 00 00 0a
[23:40:32.944] PACKET[COM9] ground_station_status: rssi=-5, uptime=2007067, reserved=[0, 0, 0, 0, 0, 0]
[23:40:33.964] RX[COM9]  f0
[23:40:33.966] RX[COM9]  fb 00 1e a4 03 00 00 00 00 00 00 0a
[23:40:33.968] PACKET[COM9] ground_station_status: rssi=-5, uptime=2008067, reserved=[0, 0, 0, 0, 0, 0]
[23:40:34.970] RX[COM9]  f0
[23:40:34.971] RX[COM9]  fb 00 1e a7 eb 00 00 00 00 00 00 0a
[23:40:34.973] PACKET[COM9] ground_station_status: rssi=-5, uptime=2009067, reserved=[0, 0, 0, 0, 0, 0]
[23:40:35.977] RX[COM9]  f0
[23:40:35.978] RX[COM9]  fb 00 1e ab d3 00 00 00 00 00 00 0a
[23:40:35.980] PACKET[COM9] ground_station_status: rssi=-5, uptime=2010067, reserved=[0, 0, 0, 0, 0, 0]
[23:40:36.937] RX[COM9]  f0
[23:40:36.948] RX[COM9]  fb 00 1e af bb 00 00 00 00 00 00 0a
[23:40:36.949] PACKET[COM9] ground_station_status: rssi=-5, uptime=2011067, reserved=[0, 0, 0, 0, 0, 0]
[23:40:37.933] RX[COM9]  f0
[23:40:37.938] RX[COM9]  fb 00 1e b3 a3 00 00 00 00 00 00 0a
[23:40:37.940] PACKET[COM9] ground_station_status: rssi=-5, uptime=2012067, reserved=[0, 0, 0, 0, 0, 0]
[23:40:38.956] RX[COM9]  f0
[23:40:38.958] RX[COM9]  fb 00 1e b7 8b 00 00 00 00 00 00 0a
[23:40:38.959] PACKET[COM9] ground_station_status: rssi=-5, uptime=2013067, reserved=[0, 0, 0, 0, 0, 0]
[23:40:39.972] RX[COM9]  f0
[23:40:39.974] RX[COM9]  fb 00 1e bb 73 00 00 00 00 00 00 0a
[23:40:39.975] PACKET[COM9] ground_station_status: rssi=-5, uptime=2014067, reserved=[0, 0, 0, 0, 0, 0]
[23:40:40.928] RX[COM9]  f0
[23:40:40.929] RX[COM9]  fb 00 1e bf 5b 00 00 00 00 00 00 0a
[23:40:40.931] PACKET[COM9] ground_station_status: rssi=-5, uptime=2015067, reserved=[0, 0, 0, 0, 0, 0]
[23:40:41.937] RX[COM9]  f0
[23:40:41.938] RX[COM9]  fb 00 1e c3 43 00 00 00 00 00 00 0a
[23:40:41.939] PACKET[COM9] ground_station_status: rssi=-5, uptime=2016067, reserved=[0, 0, 0, 0, 0, 0]
[23:40:42.950] RX[COM9]  f0
[23:40:42.951] RX[COM9]  fb 00 1e c7 2b 00 00 00 00 00 00 0a
[23:40:42.953] PACKET[COM9] ground_station_status: rssi=-5, uptime=2017067, reserved=[0, 0, 0, 0, 0, 0]
[23:40:43.960] RX[COM9]  f0
[23:40:43.961] RX[COM9]  fb 00 1e cb 13 00 00 00 00 00 00 0a
[23:40:43.963] PACKET[COM9] ground_station_status: rssi=-5, uptime=2018067, reserved=[0, 0, 0, 0, 0, 0]
[23:40:44.973] RX[COM9]  f0
[23:40:44.974] RX[COM9]  fb 00 1e ce fb 00 00 00 00 00 00 0a
[23:40:44.976] PACKET[COM9] ground_station_status: rssi=-5, uptime=2019067, reserved=[0, 0, 0, 0, 0, 0]
[23:40:45.935] RX[COM9]  f0
[23:40:45.939] RX[COM9]  fb 00 1e d2 e3 00 00 00 00 00 00 0a
[23:40:45.942] PACKET[COM9] ground_station_status: rssi=-5, uptime=2020067, reserved=[0, 0, 0, 0, 0, 0]
[23:40:46.965] RX[COM9]  f0
[23:40:46.968] RX[COM9]  fb 00 1e d6 cb 00 00 00 00 00 00 0a
[23:40:46.973] PACKET[COM9] ground_station_status: rssi=-5, uptime=2021067, reserved=[0, 0, 0, 0, 0, 0]
[23:40:47.968] RX[COM9]  f0
[23:40:47.974] RX[COM9]  fb 00 1e da b3 00 00 00 00 00 00 0a
[23:40:47.976] PACKET[COM9] ground_station_status: rssi=-5, uptime=2022067, reserved=[0, 0, 0, 0, 0, 0]
[23:40:48.970] RX[COM9]  f0
[23:40:48.973] RX[COM9]  fb 00 1e de 9b 00 00 00 00 00 00 0a
[23:40:48.975] PACKET[COM9] ground_station_status: rssi=-5, uptime=2023067, reserved=[0, 0, 0, 0, 0, 0]
[23:40:49.971] RX[COM9]  f0
[23:40:49.974] RX[COM9]  fb 00 1e e2 83 00 00 00 00 00 00 0a
[23:40:49.976] PACKET[COM9] ground_station_status: rssi=-5, uptime=2024067, reserved=[0, 0, 0, 0, 0, 0]
[23:40:50.928] RX[COM9]  f0
[23:40:50.929] RX[COM9]  fb 00 1e e6 6b 00 00 00 00 00 00 0a
[23:40:50.930] PACKET[COM9] ground_station_status: rssi=-5, uptime=2025067, reserved=[0, 0, 0, 0, 0, 0]
[23:58:55.295] RX[COM9]  f0 fb 00 1e ea 53 00 00 00 00 00 00 0a f0 fb 00 1e ee 3b 00 00 00 00 00 00 0a f0 fb 00 1e f2 23 00 00 00 00 00 00 0a f0 fb 00 1e f6 0b 00 00 00 00 00 00 0a f0 fb 00 1e f9 f3 00 00 00 00 00 00 0a f0 fb 00 1e fd db 00 00 00 00 00 00 0a f0 fb 00 1f 01 c3 00 00 00 00 00 00 0a f0 fb 00 1f 05 ab 00 00 00 00 00 00 0a f0 fb 00 1f 09 93 00 00 00 00 00 00 0a f0 fb 00 1f 0d 7b 00 00 00 00 00 00 0a f0 fb 00 1f 11 63 00 00 00 00 00 00 0a f0 fb 00 1f 15 4b 00 00 00 00 00 00 0a f0 fb 00 1f 19 33 00 00 00 00 00 00 0a f0 fb 00 1f 1d 1b 00 00 00 00 00 00 0a f0 fb 00 1f 21 03 00 00 00 00 00 00 0a f0 fb 00 1f 24 eb 00 00 00 00 00 00 0a f0 fb 00 1f 28 d3 00 00 00 00 00 00 0a f0 fb 00 1f 2c bb 00 00 00 00 00 00 0a f0 fb 00 1f 30 a3 00 00 00 00 00 00 0a f0 fb 00 1f 34 8b 00 00 00 00 00 00 0a f0 fb 00 1f 38 73 00 00 00 00 00 00 0a f0 fb 00 1f 3c 5b 00 00 00 00 00 00 0a f0 fb 00 1f 40 43 00 00 00 00 00 00 0a f0 fb 00 1f 44 2b 00 00 00 00 00 00 0a f0 fb 00 1f 48 13 00 00 00 00 00 00 0a f0 fb 00 1f 4b fb 00 00 00 00 00 00 0a f0 fb 00 1f 4f e3 00 00 00 00 00 00 0a f0 fb 00 1f 53 cb 00 00 00 00 00 00 0a f0 fb 00 1f 57 b3 00 00 00 00 00 00 0a f0 fb 00 1f 5b 9b 00 00 00 00 00 00 0a f0 fb 00 1f 5f 83 00 00 00 00 00 00 0a f0 fb 00 1f 63 6b 00 00 00 00 00 00 0a f0 fb 00 1f 67 53 00 00 00 00 00 00 0a f0 fb 00 1f 6b 3b 00 00 00 00 00 00 0a f0 fb 00 1f 6f 23 00 00 00 00 00 00 0a f0 fb 00 1f 73 0b 00 00 00 00 00 00 0a f0 fb 00 1f 76 f3 00 00 00 00 00 00 0a f0 fb 00 1f 7a db 00 00 00 00 00 00 0a f0 fb 00 1f 7e c3 00 00 00 00 00 00 0a f0 fb 00 1f 82 ab 00 00 00 00 00 00 0a f0 fb 00 1f 86 93 00 00 00 00 00 00 0a f0 fb 00 1f 8a 7b 00 00 00 00 00 00 0a f0 fb 00 1f 8e 63 00 00 00 00 00 00 0a f0 fb 00 1f 92 4b 00 00 00 00 00 00 0a f0 fb 00 1f 96 33 00 00 00 00 00 00 0a f0 fb 00 1f 9a 1b 00 00 00 00 00 00 0a f0 fb 00 1f 9e 03 00 00 00 00 00 00 0a f0 fb 00 1f a1 eb 00 00 00 00 00 00 0a f0 fb 00 1f a5 d3 00 00 00 00 00 00 0a f0 fb 00 1f a9 bb 00 00 00 00 00 00 0a f0 fb 00 1f ad a3 00 00 00 00 00 00 0a f0 fb 00 1f b1 8b 00 00 00 00 00 00 0a f0 fb 00 1f b5 73 00 00 00 00 00 00 0a f0 fb 00 1f b9 5b 00 00 00 00 00 00 0a f0 fb 00 1f bd 43 00 00 00 00 00 00 0a f0 fb 00 1f c1 2b 00 00 00 00 00 00 0a f0 fb 00 1f c5 13 00 00 00 00 00 00 0a f0 fb 00 1f c8 fb 00 00 00 00 00 00 0a f0 fb 00 1f cc e3 00 00 00 00 00 00 0a f0 fb 00 1f d0 cb 00 00 00 00 00 00 0a f0 fb 00 1f d4 b3 00 00 00 00 00 00 0a f0 fb 00 1f d8 9b 00 00 00 00 00 00 0a f0 fb 00 1f dc 83 00 00 00 00 00 00 0a f0 fb 00 1f e0 6b 00 00 00 00 00 00 0a f0 fb 00 1f e4 53 00 00 00 00 00 00 0a f0 fb 00 1f e8 3b 00 00 00 00 00 00 0a f0 fb 00 1f ec 23 00 00 00 00 00 00 0a f0 fb 00 1f f0 0b 00 00 00 00 00 00 0a f0 fb 00 1f f3 f3 00 00 00 00 00 00 0a f0 fb 00 1f f7 db 00 00 00 00 00 00 0a f0 fb 00 1f fb c3 00 00 00 00 00 00 0a f0 fb 00 1f ff ab 00 00 00 00 00 00 0a f0 fb 00 20 03 93 00 00 00 00 00 00 0a f0 fb 00 20 07 7b 00 00 00 00 00 00 0a f0 fb 00 20 0b 63 00 00 00 00 00 00 0a f0 fb 00 20 0f 4b 00 00 00 00 00 00 0a f0 fb 00 20 13 33 00 00 00 00 00 00 0a f0 fb 00 20 17 1b 00 00 00 00 00 00 0a f0 fb 00 20 1b 03 00 00 00 00 00 00 0a f0 fb 00 20 1e eb 00 00 00 00 00 00 0a f0 fb 00 20 22 d3 00 00 00 00 00 00 0a f0 fb 00 20 26 bb 00 00 00 00 00 00 0a f0 fb 00 20 2a a3 00 00 00 00 00 00 0a f0 fb 00 20 2e 8b 00 00 00 00 00 00 0a f0 fb 00 20 32 73 00 00 00 00 00 00 0a f0 fb 00 20 36 5b 00 00 00 00 00 00 0a f0 fb 00 20 3a 43 00 00 00 00 00 00 0a f0 fb 00 20 3e 2b 00 00 00 00 00 00 0a f0 fb 00 20 42 13 00 00 00 00 00 00 0a f0 fb 00 20 45 fb 00 00 00 00 00 00 0a f0 fb 00 20 49 e3 00 00 00 00 00 00 0a f0 fb 00 20 4d cb 00 00 00 00 00 00 0a f0 fb 00 20 51 b3 00 00 00 00 00 00 0a f0 fb 00 20 55 9b 00 00 00 00 00 00 0a f0 fb 00 20 59 83 00 00 00 00 00 00 0a f0 fb 00 20 5d 6b 00 00 00 00 00 00 0a f0 fb 00 20 61 53 00 00 00 00 00 00 0a f0 fb 00 20 65 3b 00 00 00 00 00 00 0a f0 fb 00 20 69 23 00 00 00 00 00 00 0a f0 fb 00 20 6d 0b 00 00 00 00 00 00 0a f0 fb 00 20 70 f3 00 00 00 00 00 00 0a f0 fb 00 20 74 db 00 00 00 00 00 00 0a f0 fb 00 20 78 c3 00 00 00 00 00 00 0a f0 fb 00 20 7c ab 00 00 00 00 00 00 0a f0 fb 00 20 80 93 00 00 00 00 00 00 0a f0 fb 00 20 84 7b 00 00 00 00 00 00 0a f0 fb 00 20 88 63 00 00 00 00 00 00 0a f0 fb 00 20 8c 4b 00 00 00 00 00 00 0a f0 fb 00 20 90 33 00 00 00 00 00 00 0a f0 fb 00 20 94 1b 00 00 00 00 00 00 0a f0 fb 00 20 98 03 00 00 00 00 00 00 0a f0 fb 00 20 9b eb 00 00 00 00 00 00 0a f0 fb 00 20 9f d3 00 00 00 00 00 00 0a f0 fb 00 20 a3 bb 00 00 00 00 00 00 0a f0 fb 00 20 a7 a3 00 00 00 00 00 00 0a f0 fb 00 20 ab 8b 00 00 00 00 00 00 0a f0 fb 00 20 af 73 00 00 00 00 00 00 0a f0 fb 00 20 b3 5b 00 00 00 00 00 00 0a f0 fb 00 20 b7 43 00 00 00 00 00 00 0a f0 fb 00 20 bb 2b 00 00 00 00 00 00 0a f0 fb 00 20 bf 13 00 00 00 00 00 00 0a f0 fb 00 20 c2 fb 00 00 00 00 00 00 0a f0 fb 00 20 c6 e3 00 00 00 00 00 00 0a f0 fb 00 20 ca cb 00 00 00 00 00 00 0a f0 fb 00 20 ce b3 00 00 00 00 00 00 0a f0 fb 00 20 d2 9b 00 00 00 00 00 00 0a f0 fb 00 20 d6 83 00 00 00 00 00 00 0a f0 fb 00 20 da 6b 00 00 00 00 00 00 0a f0 fb 00 20 de 53 00 00 00 00 00 00 0a f0 fb 00 20 e2 3b 00 00 00 00 00 00 0a f0 fb 00 20 e6 23 00 00 00 00 00 00 0a f0 fb 00 20 ea 0b 00 00 00 00 00 00 0a f0 fb 00 20 ed f3 00 00 00 00 00 00 0a f0 fb 00 20 f1 db 00 00 00 00 00 00 0a f0 fb 00 20 f5 c3 00 00 00 00 00 00 0a f0 fb 00 20 f9 ab 00 00 00 00 00 00 0a f0 fb 00 20 fd 93 00 00 00 00 00 00 0a f0 fb 00 21 01 7b 00 00 00 00 00 00 0a f0 fb 00 21 05 63 00 00 00 00 00 00 0a f0 fb 00 21 09 4b 00 00 00 00 00 00 0a f0 fb 00 21 0d 33 00 00 00 00 00 00 0a f0 fb 00 21 11 1b 00 00 00 00 00 00 0a f0 fb 00 21 15 03 00 00 00 00 00 00 0a f0 fb 00 21 18 eb 00 00 00 00 00 00 0a f0 fb 00 21 1c d3 00 00 00 00 00 00 0a f0 fb 00 21 20 bb 00 00 00 00 00 00 0a f0 fb 00 21 24 a3 00 00 00 00 00 00 0a f0 fb 00 21 28 8b 00 00 00 00 00 00 0a f0 fb 00 21 2c 73 00 00 00 00 00 00 0a f0 fb 00 21 30 5b 00 00 00 00 00 00 0a f0 fb 00 21 34 43 00 00 00 00 00 00 0a f0 fb 00 21 38 2b 00 00 00 00 00 00 0a f0 fb 00 21 3c 13 00 00 00 00 00 00 0a f0 fb 00 21 3f fb 00 00 00 00 00 00 0a f0 fb 00 21 43 e3 00 00 00 00 00 00 0a f0 fb 00 21 47 cb 00 00 00 00 00 00 0a f0 fb 00 21 4b b3 00 00 00 00 00 00 0a f0 fb 00 21 4f 9b 00 00 00 00 00 00 0a f0 fb 00 21 53 83 00 00 00 00 00 00 0a f0 fb 00 21 57 6b 00 00 00 00 00 00 0a f0 fb 00 21 5b 53 00 00 00 00 00 00 0a f0 fb 00 21 5f 3b 00 00 00 00 00 00 0a f0 fb 00 21 63 23 00 00 00 00 00 00 0a f0 fb 00 21 67 0b 00 00 00 00 00 00 0a f0 fb 00 21 6a f3 00 00 00 00 00 00 0a f0 fb 00 21 6e db 00 00 00 00 00 00 0a f0 fb 00 21 72 c3 00 00 00 00 00 00 0a f0 fb 00 21 76 ab 00 00 00 00 00 00 0a f0 fb 00 21 7a 93 00 00 00 00 00 00 0a f0 fb 00 21 7e 7b 00 00 00 00 00 00 0a f0 fb 00 21 82 63 00 00 00 00 00 00 0a f0 fb 00 21 86 4b 00 00 00 00 00 00 0a f0 fb 00 21 8a 33 00 00 00 00 00 00 0a f0 fb 00 21 8e 1b 00 00 00 00 00 00 0a f0 fb 00 21 92 03 00 00 00 00 00 00 0a f0 fb 00 21 95 eb 00 00 00 00 00 00 0a f0 fb 00 21 99 d3 00 00 00 00 00 00 0a f0 fb 00 21 9d bb 00 00 00 00 00 00 0a f0 fb 00 21 a1 a3 00 00 00 00 00 00 0a f0 fb 00 21 a5 8b 00 00 00 00 00 00 0a f0 fb 00 21 a9 73 00 00 00 00 00 00 0a f0 fb 00 21 ad 5b 00 00 00 00 00 00 0a f0 fb 00 21 b1 43 00 00 00 00 00 00 0a f0 fb 00 21 b5 2b 00 00 00 00 00 00 0a f0 fb 00 21 b9 13 00 00 00 00 00 00 0a f0 fb 00 21 bc fb 00 00 00 00 00 00 0a f0 fb 00 21 c0 e3 00 00 00 00 00 00 0a f0 fb 00 21 c4 cb 00 00 00 00 00 00 0a f0 fb 00 21 c8 b3 00 00 00 00 00 00 0a f0 fb 00 21 cc 9b 00 00 00 00 00 00 0a f0 fb 00 21 d0 83 00 00 00 00 00 00 0a f0 fb 00 21 d4 6b 00 00 00 00 00 00 0a f0 fb 00 21 d8 53 00 00 00 00 00 00 0a f0 fb 00 21 dc 3b 00 00 00 00 00 00 0a f0 fb 00 21 e0 23 00 00 00 00 00 00 0a f0 fb 00 21 e4 0b 00 00 00 00 00 00 0a f0 fb 00 21 e7 f3 00 00 00 00 00 00 0a f0 fb 00 21 eb db 00 00 00 00 00 00 0a f0 fb 00 21 ef c3 00 00 00 00 00 00 0a f0 fb 00 21 f3 ab 00 00 00 00 00 00 0a f0 fb 00 21 f7 93 00 00 00 00 00 00 0a f0 fb 00 21 fb 7b 00 00 00 00 00 00 0a f0 fb 00 21 ff 63 00 00 00 00 00 00 0a f0 fb 00 22 03 4b 00 00 00 00 00 00 0a f0 fb 00 22 07 33 00 00 00 00 00 00 0a f0 fb 00 22 0b 1b 00 00 00 00 00 00 0a f0 fb 00 22 0f 03 00 00 00 00 00 00 0a f0 fb 00 22 12 eb 00 00 00 00 00 00 0a f0 fb 00 22 16 d3 00 00 00 00 00 00 0a f0 fb 00 22 1a bb 00 00 00 00 00 00 0a f0 fb 00 22 1e a3 00 00 00 00 00 00 0a f0 fb 00 22 22 8b 00 00 00 00 00 00 0a f0 fb 00 22 26 73 00 00 00 00 00 00 0a f0 fb 00 22 2a 5b 00 00 00 00 00 00 0a f0 fb 00 22 2e 43 00 00 00 00 00 00 0a f0 fb 00 22 32 2b 00 00 00 00 00 00 0a f0 fb 00 22 36 13 00 00 00 00 00 00 0a f0 fb 00 22 39 fb 00 00 00 00 00 00 0a f0 fb 00 22 3d e3 00 00 00 00 00 00 0a f0 fb 00 22 41 cb 00 00 00 00 00 00 0a f0 fb 00 22 45 b3 00 00 00 00 00 00 0a f0 fb 00 22 49 9b 00 00 00 00 00 00 0a f0 fb 00 22 4d 83 00 00 00 00 00 00 0a f0 fb 00 22 51 6b 00 00 00 00 00 00 0a f0 fb 00 22 55 53 00 00 00 00 00 00 0a f0 fb 00 22 59 3b 00 00 00 00 00 00 0a f0 fb 00 22 5d 23 00 00 00 00 00 00 0a f0 fb 00 22 61 0b 00 00 00 00 00 00 0a f0 fb 00 22 64 f3 00 00 00 00 00 00 0a f0 fb 00 22 68 db 00 00 00 00 00 00 0a f0 fb 00 22 6c c3 00 00 00 00 00 00 0a f0 fb 00 22 70 ab 00 00 00 00 00 00 0a f0 fb 00 22 74 93 00 00 00 00 00 00 0a f0 fb 00 22 78 7b 00 00 00 00 00 00 0a f0 fb 00 22 7c 63 00 00 00 00 00 00 0a f0 fb 00 22 80 4b 00 00 00 00 00 00 0a f0 fb 00 22 84 33 00 00 00 00 00 00 0a f0 fb 00 22 88 1b 00 00 00 00 00 00 0a f0 fb 00 22 8c 03 00 00 00 00 00 00 0a f0 fb 00 22 8f eb 00 00 00 00 00 00 0a f0 fb 00 22 93 d3 00 00 00 00 00 00 0a f0 fb 00 22 97 bb 00 00 00 00 00 00 0a f0 fb 00 22 9b a3 00 00 00 00 00 00 0a f0 fb 00 22 9f 8b 00 00 00 00 00 00 0a f0 fb 00 22 a3 73 00 00 00 00 00 00 0a f0 fb 00 22 a7 5b 00 00 00 00 00 00 0a f0 fb 00 22 ab 43 00 00 00 00 00 00 0a f0 fb 00 22 af 2b 00 00 00 00 00 00 0a f0 fb 00 22 b3 13 00 00 00 00 00 00 0a f0 fb 00 22 b6 fb 00 00 00 00 00 00 0a f0 fb 00 22 ba e3 00 00 00 00 00 00 0a f0 fb 00 22 be cb 00 00 00 00 00 00 0a f0 fb 00 22 c2 b3 00 00 00 00 00 00 0a f0 fb 00 22 c6 9b 00 00 00 00 00 00 0a f0 fb 00 22 ca 83 00 00 00 00 00 00 0a f0 fb 00 22 ce 6b 00 00 00 00 00 00 0a f0 fb 00 22 d2 53 00 00 00 00 00 00 0a f0 fb 00 22 d6 3b 00 00 00 00 00 00 0a f0 fb 00 22 da 23 00 00 00 00 00 00 0a f0 fb 00 22 de 0b 00 00 00 00 00 00 0a f0 fb 00 22 e1 f3 00 00 00 00 00 00 0a f0 fb 00 22 e5 db 00 00 00 00 00 00 0a f0 fb 00 22 e9 c3 00 00 00 00 00 00 0a f0 fb 00 22 ed ab 00 00 00 00 00 00 0a f0 fb 00 22 f1 93 00 00 00 00 00 00 0a f0 fb 00 22 f5 7b 00 00 00 00 00 00 0a f0 fb 00 22 f9 63 00 00 00 00 00 00 0a f0 fb 00 22 fd 4b 00 00 00 00 00 00 0a f0 fb 00 23 01 33 00 00 00 00 00 00 0a f0 fb 00 23 05 1b 00 00 00 00 00 00 0a f0 fb 00 23 09 03 00 00 00 00 00 00 0a f0 fb 00 23 0c eb 00 00 00 00 00 00 0a f0 fb 00 23 10 d3 00 00 00 00 00 00 0a f0 fb 00 23 14 bb 00 00 00 00 00 00 0a f0 fb 00 23 18 a3 00 00 00 00 00 00 0a f0 fb 00 23 1c 8b 00 00 00 00 00 00 0a f0 fb 00 23 20 73 00 00 00 00 00 00 0a f0 fb 00 23 24 5b 00 00 00 00 00 00 0a f0 fb 00 23 28 43 00 00 00 00 00 00 0a f0 fb 00 23 2c 2b 00 00 00 00 00 00 0a f0 fb 00 23 30 13 00 00 00 00 00 00 0a f0 fb 00 23 33 fb 00 00 00 00 00 00 0a f0 fb 00 23 37 e3 00 00 00 00 00 00 0a f0 fb 00 23 3b cb 00 00 00 00 00 00 0a f0 fb 00 23 3f b3 00 00 00 00 00 00 0a f0 fb 00 23 43 9b 00 00 00 00 00 00 0a f0 fb 00 23 47 83 00 00 00 00 00 00 0a f0 fb 00 23 4b 6b 00 00 00 00 00 00 0a f0 fb 00 23 4f 53 00 00 00 00 00 00 0a f0 fb 00 23 53 3b 00 00 00 00 00 00 0a f0 fb 00 23 57 23 00 00 00 00 00 00 0a f0 fb 00 23 5b 0b 00 00 00 00 00 00 0a f0 fb 00 23 5e f3 00 00 00 00 00 00 0a f0 fb 00 23 62 db 00 00 00 00 00 00 0a f0 fb 00 23 66 c3 00 00 00 00 00 00 0a f0 fb 00 23 6a ab 00 00 00 00 00 00 0a f0 fb 00 23 6e 93 00 00 00 00 00 00 0a f0 fb 00 23 72 7b 00 00 00 00 00 00 0a f0 fb 00 23 76 63 00 00 00 00 00 00 0a f0 fb 00 23 7a 4b 00 00 00 00 00 00 0a f0 fb 00 23 7e 33 00 00 00 00 00 00 0a f0 fb 00 23 82 1b 00 00 00 00 00 00 0a f0 fb 00 23 86 03 00 00 00 00 00 00 0a f0 fb 00 23 89 eb 00 00 00 00 00 00 0a f0 fb 00 23 8d d3 00 00 00 00 00 00 0a f0 fb 00 23 91 bb 00 00 00 00 00 00 0a f0 fb 00 23 95 a3 00 00 00 00 00 00 0a f0 fb 00 23 99 8b 00 00 00 00 00 00 0a f0 fb 00 23 9d 73 00 00 00 00 00 00 0a f0 fb 00 23 a1 5b 00 00 00 00 00 00 0a f0 fb 00 23 a5 43 00 00 00 00 00 00 0a f0 fb 00 23 a9 2b 00 00 00 00 00 00 0a f0 fb 00 23 ad 13 00 00 00 00 00 00 0a f0 fb 00 23 b0 fb 00 00 00 00 00 00 0a f0 fb 00 23 b4 e3 00 00 00 00 00 00 0a f0 fb 00 23 b8 cb 00 00 00 00 00 00 0a f0 fb 00 23 bc b3 00 00 00 00 00 00 0a f0 fb 00 23 c0 9b 00 00 00 00 00 00 0a f0 fb 00 23 c4 83 00 00 00 00 00 00 0a f0 fb 00 23 c8 6b 00 00 00 00 00 00 0a f0 fb 00 23 cc 53 00 00 00 00 00 00 0a f0 fb 00 23 d0 3b 00 00 00 00 00 00 0a f0 fb 00 23 d4 23 00 00 00 00 00 00 0a f0 fb 00 23 d8 0b 00 00 00 00 00 00 0a f0 fb 00 23 db f3 00 00 00 00 00 00 0a f0 fb 00 23 df db 00 00 00 00 00 00 0a f0 fb 00 23 e3 c3 00 00 00 00 00 00 0a f0 fb 00 23 e7 ab 00 00 00 00 00 00 0a f0 fb 00 23 eb 93 00 00 00 00 00 00 0a f0 fb 00 23 ef 7b 00 00 00 00 00 00 0a f0 fb 00 23 f3 63 00 00 00 00 00 00 0a f0 fb 00 23 f7 4b 00 00 00 00 00 00 0a f0 fb 00 23 fb 33 00 00 00 00 00 00 0a f0 fb 00 23 ff 1b 00 00 00 00 00 00 0a f0 fb 00 24 03 03 00 00 00 00 00 00 0a f0 fb 00 24 06 eb 00 00 00 00 00 00 0a f0 fb 00 24 0a d3 00 00 00 00 00 00 0a f0 fb 00 24 0e bb 00 00 00 00 00 00 0a f0 fb 00 24 12 a3 00 00 00 00 00 00 0a f0 fb 00 24 16 8b 00 00 00 00 00 00 0a f0 fb 00 24 1a 73 00 00 00 00 00 00 0a f0 fb 00 24 1e 5b 00 00 00 00 00 00 0a f0 fb 00 24 22 43 00 00 00 00 00 00 0a f0 fb 00 24 26 2b 00 00 00 00 00 00 0a f0 fb 00 24 2a 13 00 00 00 00 00 00 0a f0 fb 00 24 2d fb 00 00 00 00 00 00 0a f0 fb 00 24 31 e3 00 00 00 00 00 00 0a f0 fb 00 24 35 cb 00 00 00 00 00 00 0a f0 fb 00 24 39 b3 00 00 00 00 00 00 0a f0 fb 00 24 3d 9b 00 00 00 00 00 00 0a f0 fb 00 24 41 83 00 00 00 00 00 00 0a f0 fb 00 24 45 6b 00 00 00 00 00 00 0a f0 fb 00 24 49 53 00 00 00 00 00 00 0a f0 fb 00 24 4d 3b 00 00 00 00 00 00 0a f0 fb 00 24 51 23 00 00 00 00 00 00 0a f0 fb 00 24 55 0b 00 00 00 00 00 00 0a f0 fb 00 24 58 f3 00 00 00 00 00 00 0a f0 fb 00 24 5c db 00 00 00 00 00 00 0a f0 fb 00 24 60 c3 00 00 00 00 00 00 0a f0 fb 00 24 64 ab 00 00 00 00 00 00 0a f0 fb 00 24 68 93 00 00 00 00 00 00 0a f0 fb 00 24 6c 7b 00 00 00 00 00 00 0a f0 fb 00 24 70 63 00 00 00 00 00 00 0a f0 fb 00 24 74 4b 00 00 00 00 00 00 0a f0 fb 00 24 78 33 00 00 00 00 00 00 0a f0 fb 00 24 7c 1b 00 00 00 00 00 00 0a f0 fb 00 24 80 03 00 00 00 00 00 00 0a f0 fb 00 24 83 eb 00 00 00 00 00 00 0a f0 fb 00 24 87 d3 00 00 00 00 00 00 0a f0 fb 00 24 8b bb 00 00 00 00 00 00 0a f0 fb 00 24 8f a3 00 00 00 00 00 00 0a f0 fb 00 24 93 8b 00 00 00 00 00 00 0a f0 fb 00 24 97 73 00 00 00 00 00 00 0a f0 fb 00 24 9b 5b 00 00 00 00 00 00 0a f0 fb 00 24 9f 43 00 00 00 00 00 00 0a f0 fb 00 24 a3 2b 00 00 00 00 00 00 0a f0 fb 00 24 a7 13 00 00 00 00 00 00 0a f0 fb 00 24 aa fb 00 00 00 00 00 00 0a f0 fb 00 24 ae e3 00 00 00 00 00 00 0a f0 fb 00 24 b2 cb 00 00 00 00 00 00 0a f0 fb 00 24 b6 b3 00 00 00 00 00 00 0a f0 fb 00 24 ba 9b 00 00 00 00 00 00 0a f0 fb 00 24 be 83 00 00 00 00 00 00 0a f0 fb 00 24 c2 6b 00 00 00 00 00 00 0a f0 fb 00 24 c6 53 00 00 00 00 00 00 0a f0 fb 00 24 ca 3b 00 00 00 00 00 00 0a f0 fb 00 24 ce 23 00 00 00 00 00 00 0a f0 fb 00 24 d2 0b 00 00 00 00 00 00 0a f0 fb 00 24 d5 f3 00 00 00 00 00 00 0a f0 fb 00 24 d9 db 00 00 00 00 00 00 0a f0 fb 00 24 dd c3 00 00 00 00 00 00 0a f0 fb 00 24 e1 ab 00 00 00 00 00 00 0a f0 fb 00 24 e5 93 00 00 00 00 00 00 0a f0 fb 00 24 e9 7b 00 00 00 00 00 00 0a f0 fb 00 24 ed 63 00 00 00 00 00 00 0a f0 fb 00 24 f1 4b 00 00 00 00 00 00 0a f0 fb 00 24 f5 33 00 00 00 00 00 00 0a f0 fb 00 24 f9 1b 00 00 00 00 00 00 0a f0 fb 00 24 fd 03 00 00 00 00 00 00 0a f0 fb 00 25 00 eb 00 00 00 00 00 00 0a f0 fb 00 25 04 d3 00 00 00 00 00 00 0a f0 fb 00 25 08 bb 00 00 00 00 00 00 0a f0 fb 00 25 0c a3 00 00 00 00 00 00 0a f0 fb 00 25 10 8b 00 00 00 00 00 00 0a f0 fb 00 25 14 73 00 00 00 00 00 00 0a f0 fb 00 25 18 5b 00 00 00 00 00 00 0a f0 fb 00 25 1c 43 00 00 00 00 00 00 0a f0 fb 00 25 20 2b 00 00 00 00 00 00 0a f0 fb 00 25 24 13 00 00 00 00 00 00 0a f0 fb 00 25 27 fb 00 00 00 00 00 00 0a f0 fb 00 25 2b e3 00 00 00 00 00 00 0a f0 fb 00 25 2f cb 00 00 00 00 00 00 0a f0 fb 00 25 33 b3 00 00 00 00 00 00 0a f0 fb 00 25 37 9b 00 00 00 00 00 00 0a f0 fb 00 25 3b 83 00 00 00 00 00 00 0a f0 fb 00 25 3f 6b 00 00 00 00 00 00 0a f0 fb 00 25 43 53 00 00 00 00 00 00 0a f0 fb 00 25 47 3b 00 00 00 00 00 00 0a f0 fb 00 25 4b 23 00 00 00 00 00 00 0a f0 fb 00 25 4f 0b 00 00 00 00 00 00 0a f0 fb 00 25 52 f3 00 00 00 00 00 00 0a f0 fb 00 25 56 db 00 00 00 00 00 00 0a f0 fb 00 25 5a c3 00 00 00 00 00 00 0a f0 fb 00 25 5e ab 00 00 00 00 00 00 0a f0 fb 00 25 62 93 00 00 00 00 00 00 0a f0 fb 00 25 66 7b 00 00 00 00 00 00 0a f0 fb 00 25 6a 63 00 00 00 00 00 00 0a f0 fb 00 25 6e 4b 00 00 00 00 00 00 0a f0 fb 00 25 72 33 00 00 00 00 00 00 0a f0 fb 00 25 76 1b 00 00 00 00 00 00 0a f0 fb 00 25 7a 03 00 00 00 00 00 00 0a f0 fb 00 25 7d eb 00 00 00 00 00 00 0a f0 fb 00 25 81 d3 00 00 00 00 00 00 0a f0 fb 00 25 85 bb 00 00 00 00 00 00 0a f0 fb 00 25 89 a3 00 00 00 00 00 00 0a f0 fb 00 25 8d 8b 00 00 00 00 00 00 0a f0 fb 00 25 91 73 00 00 00 00 00 00 0a f0 fb 00 25 95 5b 00 00 00 00 00 00 0a f0 fb 00 25 99 43 00 00 00 00 00 00 0a f0 fb 00 25 9d 2b 00 00 00 00 00 00 0a f0 fb 00 25 a1 13 00 00 00 00 00 00 0a f0 fb 00 25 a4 fb 00 00 00 00 00 00 0a f0 fb 00 25 a8 e3 00 00 00 00 00 00 0a f0 fb 00 25 ac cb 00 00 00 00 00 00 0a f0 fb 00 25 b0 b3 00 00 00 00 00 00 0a f0 fb 00 25 b4 9b 00 00 00 00 00 00 0a f0 fb 00 25 b8 83 00 00 00 00 00 00 0a f0 fb 00 25 bc 6b 00 00 00 00 00 00 0a f0 fb 00 25 c0 53 00 00 00 00 00 00 0a f0 fb 00 25 c4 3b 00 00 00 00 00 00 0a f0 fb 00 25 c8 23 00 00 00 00 00 00 0a f0 fb 00 25 cc 0b 00 00 00 00 00 00 0a f0 fb 00 25 cf f3 00 00 00 00 00 00 0a f0 fb 00 25 d3 db 00 00 00 00 00 00 0a f0 fb 00 25 d7 c3 00 00 00 00 00 00 0a f0 fb 00 25 db ab 00 00 00 00 00 00 0a f0 fb 00 25 df 93 00 00 00 00 00 00 0a f0 fb 00 25 e3 7b 00 00 00 00 00 00 0a f0 fb 00 25 e7 63 00 00 00 00 00 00 0a f0 fb 00 25 eb 4b 00 00 00 00 00 00 0a f0 fb 00 25 ef 33 00 00 00 00 00 00 0a f0 fb 00 25 f3 1b 00 00 00 00 00 00 0a f0 fb 00 25 f7 03 00 00 00 00 00 00 0a f0 fb 00 25 fa eb 00 00 00 00 00 00 0a f0 fb 00 25 fe d3 00 00 00 00 00 00 0a f0 fb 00 26 02 bb 00 00 00 00 00 00 0a f0 fb 00 26 06 a3 00 00 00 00 00 00 0a f0 fb 00 26 0a 8b 00 00 00 00 00 00 0a f0 fb 00 26 0e 73 00 00 00 00 00 00 0a f0 fb 00 26 12 5b 00 00 00 00 00 00 0a f0 fb 00 26 16 43 00 00 00 00 00 00 0a f0 fb 00 26 1a 2b 00 00 00 00 00 00 0a f0 fb 00 26 1e 13 00 00 00 00 00 00 0a f0 fb 00 26 21 fb 00 00 00 00 00 00 0a f0 fb 00 26 25 e3 00 00 00 00 00 00 0a f0 fb 00 26 29 cb 00 00 00 00 00 00 0a f0 fb 00 26 2d b3 00 00 00 00 00 00 0a f0 fb 00 26 31 9b 00 00 00 00 00 00 0a f0 fb 00 26 35 83 00 00 00 00 00 00 0a f0 fb 00 26 39 6b 00 00 00 00 00 00 0a f0 fb 00 26 3d 53 00 00 00 00 00 00 0a f0 fb 00 26 41 3b 00 00 00 00 00 00 0a f0 fb 00 26 45 23 00 00 00 00 00 00 0a f0 fb 00 26 49 0b 00 00 00 00 00 00 0a f0 fb 00 26 4c f3 00 00 00 00 00 00 0a f0 fb 00 26 50 db 00 00 00 00 00 00 0a f0 fb 00 26 54 c3 00 00 00 00 00 00 0a f0 fb 00 26 58 ab 00 00 00 00 00 00 0a f0 fb 00 26 5c 93 00 00 00 00 00 00 0a f0 fb 00 26 60 7b 00 00 00 00 00 00 0a f0 fb 00 26 64 63 00 00 00 00 00 00 0a f0 fb 00 26 68 4b 00 00 00 00 00 00 0a f0 fb 00 26 6c 33 00 00 00 00 00 00 0a f0 fb 00 26 70 1b 00 00 00 00 00 00 0a f0 fb 00 26 74 03 00 00 00 00 00 00 0a f0 fb 00 26 77 eb 00 00 00 00 00 00 0a f0 fb 00 26 7b d3 00 00 00 00 00 00 0a f0 fb 00 26 7f bb 00 00 00 00 00 00 0a f0 fb 00 26 83 a3 00 00 00 00 00 00 0a f0 fb 00 26 87 8b 00 00 00 00 00 00 0a f0 fb 00 26 8b 73 00 00 00 00 00 00 0a f0 fb 00 26 8f 5b 00 00 00 00 00 00 0a f0 fb 00 26 93 43 00 00 00 00 00 00 0a f0 fb 00 26 97 2b 00 00 00 00 00 00 0a f0 fb 00 26 9b 13 00 00 00 00 00 00 0a f0 fb 00 26 9e fb 00 00 00 00 00 00 0a f0 fb 00 26 a2 e3 00 00 00 00 00 00 0a f0 fb 00 26 a6 cb 00 00 00 00 00 00 0a f0 fb 00 26 aa b3 00 00 00 00 00 00 0a f0 fb 00 26 ae 9b 00 00 00 00 00 00 0a f0 fb 00 26 b2 83 00 00 00 00 00 00 0a f0 fb 00 26 b6 6b 00 00 00 00 00 00 0a f0 fb 00 26 ba 53 00 00 00 00 00 00 0a f0 fb 00 26 be 3b 00 00 00 00 00 00 0a f0 fb 00 26 c2 23 00 00 00 00 00 00 0a f0 fb 00 26 c6 0b 00 00 00 00 00 00 0a f0 fb 00 26 c9 f3 00 00 00 00 00 00 0a f0 fb 00 26 cd db 00 00 00 00 00 00 0a f0 fb 00 26 d1 c3 00 00 00 00 00 00 0a f0 fb 00 26 d5 ab 00 00 00 00 00 00 0a f0 fb 00 26 d9 93 00 00 00 00 00 00 0a f0 fb 00 26 dd 7b 00 00 00 00 00 00 0a f0 fb 00 26 e1 63 00 00 00 00 00 00 0a f0 fb 00 26 e5 4b 00 00 00 00 00 00 0a f0 fb 00 26 e9 33 00 00 00 00 00 00 0a f0 fb 00 26 ed 1b 00 00 00 00 00 00 0a f0 fb 00 26 f1 03 00 00 00 00 00 00 0a f0 fb 00 26 f4 eb 00 00 00 00 00 00 0a f0 fb 00 26 f8 d3 00 00 00 00 00 00 0a f0 fb 00 26 fc bb 00 00 00 00 00 00 0a f0 fb 00 27 00 a3 00 00 00 00 00 00 0a f0 fb 00 27 04 8b 00 00 00 00 00 00 0a f0 fb 00 27 08 73 00 00 00 00 00 00 0a f0 fb 00 27 0c 5b 00 00 00 00 00 00 0a f0 fb 00 27 10 43 00 00 00 00 00 00 0a f0 fb 00 27 14 2b 00 00 00 00 00 00 0a f0 fb 00 27 18 13 00 00 00 00 00 00 0a f0 fb 00 27 1b fb 00 00 00 00 00 00 0a f0 fb 00 27 1f e3 00 00 00 00 00 00 0a f0 fb 00 27 23 cb 00 00 00 00 00 00 0a f0 fb 00 27 27 b3 00 00 00 00 00 00 0a f0 fb 00 27 2b 9b 00 00 00 00 00 00 0a f0 fb 00 27 2f 83 00 00 00 00 00 00 0a f0 fb 00 27 33 6b 00 00 00 00 00 00 0a f0 fb 00 27 37 53 00 00 00 00 00 00 0a f0 fb 00 27 3b 3b 00 00 00 00 00 00 0a f0 fb 00 27 3f 23 00 00 00 00 00 00 0a f0 fb 00 27 43 0b 00 00 00 00 00 00 0a f0 fb 00 27 46 f3 00 00 00 00 00 00 0a f0 fb 00 27 4a db 00 00 00 00 00 00 0a f0 fb 00 27 4e c3 00 00 00 00 00 00 0a f0 fb 00 27 52 ab 00 00 00 00 00 00 0a f0 fb 00 27 56 93 00 00 00 00 00 00 0a f0 fb 00 27 5a 7b 00 00 00 00 00 00 0a f0 fb 00 27 5e 63 00 00 00 00 00 00 0a f0 fb 00 27 62 4b 00 00 00 00 00 00 0a f0 fb 00 27 66 33 00 00 00 00 00 00 0a f0 fb 00 27 6a 1b 00 00 00 00 00 00 0a f0 fb 00 27 6e 03 00 00 00 00 00 00 0a f0 fb 00 27 71 eb 00 00 00 00 00 00 0a f0 fb 00 27 75 d3 00 00 00 00 00 00 0a f0 fb 00 27 79 bb 00 00 00 00 00 00 0a f0 fb 00 27 7d a3 00 00 00 00 00 00 0a f0 fb 00 27 81 8b 00 00 00 00 00 00 0a f0 fb 00 27 85 73 00 00 00 00 00 00 0a f0 fb 00 27 89 5b 00 00 00 00 00 00 0a f0 fb 00 27 8d 43 00 00 00 00 00 00 0a f0 fb 00 27 91 2b 00 00 00 00 00 00 0a f0 fb 00 27 95 13 00 00 00 00 00 00 0a f0 fb 00 27 98 fb 00 00 00 00 00 00 0a f0 fb 00 27 9c e3 00 00 00 00 00 00 0a f0 fb 00 27 a0 cb 00 00 00 00 00 00 0a f0 fb 00 27 a4 b3 00 00 00 00 00 00 0a f0 fb 00 27 a8 9b 00 00 00 00 00 00 0a f0 fb 00 27 ac 83 00 00 00 00 00 00 0a f0 fb 00 27 b0 6b 00 00 00 00 00 00 0a f0 fb 00 27 b4 53 00 00 00 00 00 00 0a f0 fb 00 27 b8 3b 00 00 00 00 00 00 0a f0 fb 00 27 bc 23 00 00 00 00 00 00 0a f0 fb 00 27 c0 0b 00 00 00 00 00 00 0a f0 fb 00 27 c3 f3 00 00 00 00 00 00 0a f0 fb 00 27 c7 db 00 00 00 00 00 00 0a f0 fb 00 27 cb c3 00 00 00 00 00 00 0a f0 fb 00 27 cf ab 00 00 00 00 00 00 0a f0 fb 00 27 d3 93 00 00 00 00 00 00 0a f0 fb 00 27 d7 7b 00 00 00 00 00 00 0a f0 fb 00 27 db 63 00 00 00 00 00 00 0a f0 fb 00 27 df 4b 00 00 00 00 00 00 0a f0 fb 00 27 e3 33 00 00 00 00 00 00 0a f0 fb 00 27 e7 1b 00 00 00 00 00 00 0a f0 fb 00 27 eb 03 00 00 00 00 00 00 0a f0 fb 00 27 ee eb 00 00 00 00 00 00 0a f0 fb 00 27 f2 d3 00 00 00 00 00 00 0a f0 fb 00 27 f6 bb 00 00 00 00 00 00 0a f0 fb 00 27 fa a3 00 00 00 00 00 00 0a f0 fb 00 27 fe 8b 00 00 00 00 00 00 0a f0 fb 00 28 02 73 00 00 00 00 00 00 0a f0 fb 00 28 06 5b 00 00 00 00 00 00 0a f0 fb 00 28 0a 43 00 00 00 00 00 00 0a f0 fb 00 28 0e 2b 00 00 00 00 00 00 0a f0 fb 00 28 12 13 00 00 00 00 00 00 0a f0 fb 00 28 15 fb 00 00 00 00 00 00 0a f0 fb 00 28 19 e3 00 00 00 00 00 00 0a f0 fb 00 28 1d cb 00 00 00 00 00 00 0a f0 fb 00 28 21 b3 00 00 00 00 00 00 0a f0 fb 00 28 25 9b 00 00 00 00 00 00 0a f0 fb 00 28 29 83 00 00 00 00 00 00 0a f0 fb 00 28 2d 6b 00 00 00 00 00 00 0a f0 fb 00 28 31 53 00 00 00 00 00 00 0a f0 fb 00 28 35 3b 00 00 00 00 00 00 0a f0 fb 00 28 39 23 00 00 00 00 00 00 0a f0 fb 00 28 3d 0b 00 00 00 00 00 00 0a f0 fb 00 28 40 f3 00 00 00 00 00 00 0a f0 fb 00 28 44 db 00 00 00 00 00 00 0a f0 fb 00 28 48 c3 00 00 00 00 00 00 0a f0 fb 00 28 4c ab 00 00 00 00 00 00 0a f0 fb 00 28 50 93 00 00 00 00 00 00 0a f0 fb 00 28 54 7b 00 00 00 00 00 00 0a f0 fb 00 28 58 63 00 00 00 00 00 00 0a f0 fb 00 28 5c 4b 00 00 00 00 00 00 0a f0 fb 00 28 60 33 00 00 00 00 00 00 0a f0 fb 00 28 64 1b 00 00 00 00 00 00 0a f0 fb 00 28 68 03 00 00 00 00 00 00 0a f0 fb 00 28 6b eb 00 00 00 00 00 00 0a f0 fb 00 28 6f d3 00 00 00 00 00 00 0a f0 fb 00 28 73 bb 00 00 00 00 00 00 0a f0 fb 00 28 77 a3 00 00 00 00 00 00 0a f0 fb 00 28 7b 8b 00 00 00 00 00 00 0a f0 fb 00 28 7f 73 00 00 00 00 00 00 0a f0 fb 00 28 83 5b 00 00 00 00 00 00 0a f0 fb 00 28 87 43 00 00 00 00 00 00 0a f0 fb 00 28 8b 2b 00 00 00 00 00 00 0a f0 fb 00 28 8f 13 00 00 00 00 00 00 0a f0 fb 00 28 92 fb 00 00 00 00 00 00 0a f0 fb 00 28 96 e3 00 00 00 00 00 00 0a f0 fb 00 28 9a cb 00 00 00 00 00 00 0a f0 fb 00 28 9e b3 00 00 00 00 00 00 0a f0 fb 00 28 a2 9b 00 00 00 00 00 00 0a f0 fb 00 28 a6 83 00 00 00 00 00 00 0a f0 fb 00 28 aa 6b 00 00 00 00 00 00 0a f0 fb 00 28 ae 53 00 00 00 00 00 00 0a f0 fb 00 28 b2 3b 00 00 00 00 00 00 0a f0 fb 00 28 b6 23 00 00 00 00 00 00 0a f0 fb 00 28 ba 0b 00 00 00 00 00 00 0a f0 fb 00 28 bd f3 00 00 00 00 00 00 0a f0 fb 00 28 c1 db 00 00 00 00 00 00 0a f0 fb 00 28 c5 c3 00 00 00 00 00 00 0a f0 fb 00 28 c9 ab 00 00 00 00 00 00 0a f0 fb 00 28 cd 93 00 00 00 00 00 00 0a f0 fb 00 28 d1 7b 00 00 00 00 00 00 0a f0 fb 00 28 d5 63 00 00 00 00 00 00 0a f0 fb 00 28 d9 4b 00 00 00 00 00 00 0a f0 fb 00 28 dd 33 00 00 00 00 00 00 0a f0 fb 00 28 e1 1b 00 00 00 00 00 00 0a f0 fb 00 28 e5 03 00 00 00 00 00 00 0a f0 fb 00 28 e8 eb 00 00 00 00 00 00 0a f0 fb 00 28 ec d3 00 00 00 00 00 00 0a f0 fb 00 28 f0 bb 00 00 00 00 00 00 0a f0 fb 00 28 f4 a3 00 00 00 00 00 00 0a f0 fb 00 28 f8 8b 00 00 00 00 00 00 0a f0 fb 00 28 fc 73 00 00 00 00 00 00 0a f0 fb 00 29 00 5b 00 00 00 00 00 00 0a f0 fb 00 29 04 43 00 00 00 00 00 00 0a f0 fb 00 29 08 2b 00 00 00 00 00 00 0a f0 fb 00 29 0c 13 00 00 00 00 00 00 0a f0 fb 00 29 0f fb 00 00 00 00 00 00 0a f0 fb 00 29 13 e3 00 00 00 00 00 00 0a f0 fb 00 29 17 cb 00 00 00 00 00 00 0a f0 fb 00 29 1b b3 00 00 00 00 00 00 0a f0 fb 00 29 1f 9b 00 00 00 00 00 00 0a f0 fb 00 29 23 83 00 00 00 00 00 00 0a f0 fb 00 29 27 6b 00 00 00 00 00 00 0a f0 fb 00 29 2b 53 00 00 00 00 00 00 0a f0 fb 00 29 2f 3b 00 00 00 00 00 00 0a f0 fb 00 29 33 23 00 00 00 00 00 00 0a f0 fb 00 29 37 0b 00 00 00 00 00 00 0a f0 fb 00 29 3a f3 00 00 00 00 00 00 0a f0 fb 00 29 3e db 00 00 00 00 00 00 0a f0 fb 00 29 42 c3 00 00 00 00 00 00 0a f0 fb 00 29 46 ab 00 00 00 00 00 00 0a f0 fb 00 29 4a 93 00 00 00 00 00 00 0a f0 fb 00 29 4e 7b 00 00 00 00 00 00 0a f0 fb 00 29 52 63 00 00 00 00 00 00 0a f0 fb 00 29 56 4b 00 00 00 00 00 00 0a f0 fb 00 29 5a 33 00 00 00 00 00 00 0a f0 fb 00 29 5e 1b 00 00 00 00 00 00 0a f0 fb 00 29 62 03 00 00 00 00 00 00 0a f0 fb 00 29 65 eb 00 00 00 00 00 00 0a f0 fb 00 29 69 d3 00 00 00 00 00 00 0a f0 fb 00 29 6d bb 00 00 00 00 00 00 0a f0 fb 00 29 71 a3 00 00 00 00 00 00 0a f0 fb 00 29 75 8b 00 00 00 00 00 00 0a f0 fb 00 29 79 73 00 00 00 00 00 00 0a f0 fb 00 29 7d 5b 00 00 00 00 00 00 0a f0 fb 00 29 81 43 00 00 00 00 00 00 0a f0 fb 00 29 85 2b 00 00 00 00 00 00 0a f0 fb 00 29 89 13 00 00 00 00 00 00 0a f0 fb 00 29 8c fb 00 00 00 00 00 00 0a f0 fb 00 29 90 e3 00 00 00 00 00 00 0a f0 fb 00 29 94 cb 00 00 00 00 00 00 0a f0 fb 00 29 98 b3 00 00 00 00 00 00 0a f0 fb 00 29 9c 9b 00 00 00 00 00 00 0a f0 fb 00 29 a0 83 00 00 00 00 00 00 0a f0 fb 00 29 a4 6b 00 00 00 00 00 00 0a f0 fb 00 29 a8 53 00 00 00 00 00 00 0a f0 fb 00 29 ac 3b 00 00 00 00 00 00 0a f0 fb 00 29 b0 23 00 00 00 00 00 00 0a f0 fb 00 29 b4 0b 00 00 00 00 00 00 0a f0 fb 00 29 b7 f3 00 00 00 00 00 00 0a f0 fb 00 29 bb db 00 00 00 00 00 00 0a f0 fb 00 29 bf c3 00 00 00 00 00 00 0a f0 fb 00 29 c3 ab 00 00 00 00 00 00 0a f0 fb 00 29 c7 93 00 00 00 00 00 00 0a f0 fb 00 29 cb 7b 00 00 00 00 00 00 0a f0 fb 00 29 cf 63 00 00 00 00 00 00 0a f0 fb 00 29 d3 4b 00 00 00 00 00 00 0a f0 fb 00 29 d7 33 00 00 00 00 00 00 0a f0 fb 00 29 db 1b 00 00 00 00 00 00 0a f0 fb 00 29 df 03 00 00 00 00 00 00 0a f0 fb 00 29 e2 eb 00 00 00 00 00 00 0a f0 fb 00 29 e6 d3 00 00 00 00 00 00 0a f0 fb 00 29 ea bb 00 00 00 00 00 00 0a f0 fb 00 29 ee a3 00 00 00 00 00 00 0a f0 fb 00 29 f2 8b 00 00 00 00 00 00 0a f0 fb 00 29 f6 73 00 00 00 00 00 00 0a f0 fb 00 29 fa 5b 00 00 00 00 00 00 0a f0 fb 00 29 fe 43 00 00 00 00 00 00 0a f0 fb 00 2a 02 2b 00 00 00 00 00 00 0a f0 fb 00 2a 06 13 00 00 00 00 00 00 0a f0 fb 00 2a 09 fb 00 00 00 00 00 00 0a f0 fb 00 2a 0d e3 00 00 00 00 00 00 0a f0 fb 00 2a 11 cb 00 00 00 00 00 00 0a f0 fb 00 2a 15 b3 00 00 00 00 00 00 0a f0 fb 00 2a 19 9b 00 00 00 00 00 00 0a f0 fb 00 2a 1d 83 00 00 00 00 00 00 0a f0 fb 00 2a 21 6b 00 00 00 00 00 00 0a f0 fb 00 2a 25 53 00 00 00 00 00 00 0a f0 fb 00 2a 29 3b 00 00 00 00 00 00 0a f0 fb 00 2a 2d 23 00 00 00 00 00 00 0a f0 fb 00 2a 31 0b 00 00 00 00 00 00 0a f0 fb 00 2a 34 f3 00 00 00 00 00 00 0a f0 fb 00 2a 38 db 00 00 00 00 00 00 0a f0 fb 00 2a 3c c3 00 00 00 00 00 00 0a f0 fb 00 2a 40 ab 00 00 00 00 00 00 0a f0 fb 00 2a 44 93 00 00 00 00 00 00 0a f0 fb 00 2a 48 7b 00 00 00 00 00 00 0a f0 fb 00 2a 4c 63 00 00 00 00 00 00 0a f0 fb 00 2a 50 4b 00 00 00 00 00 00 0a f0 fb 00 2a 54 33 00 00 00 00 00 00 0a f0 fb 00 2a 58 1b 00 00 00 00 00 00 0a f0 fb 00 2a 5c 03 00 00 00 00 00 00 0a f0 fb 00 2a 5f eb 00 00 00 00 00 00 0a f0 fb 00 2a 63 d3 00 00 00 00 00 00 0a f0 fb 00 2a 67 bb 00 00 00 00 00 00 0a f0 fb 00 2a 6b a3 00 00 00 00 00 00 0a f0 fb 00 2a 6f 8b 00 00 00 00 00 00 0a f0 fb 00 2a 73 73 00 00 00 00 00 00 0a f0 fb 00 2a 77 5b 00 00 00 00 00 00 0a f0 fb 00 2a 7b 43 00 00 00 00 00 00 0a f0 fb 00 2a 7f 2b 00 00 00 00 00 00 0a f0 fb 00 2a 83 13 00 00 00 00 00 00 0a f0 fb 00 2a 86 fb 00 00 00 00 00 00 0a f0 fb 00 2a 8a e3 00 00 00 00 00 00 0a f0 fb 00 2a 8e cb 00 00 00 00 00 00 0a f0 fb 00 2a 92 b3 00 00 00 00 00 00 0a f0 fb 00 2a 96 9b 00 00 00 00 00 00 0a f0 fb 00 2a 9a 83 00 00 00 00 00 00 0a f0 fb 00 2a 9e 6b 00 00 00 00 00 00 0a f0 fb 00 2a a2 53 00 00 00 00 00 00 0a f0 fb 00 2a a6 3b 00 00 00 00 00 00 0a f0 fb 00 2a aa 23 00 00 00 00 00 00 0a f0 fb 00 2a ae 0b 00 00 00 00 00 00 0a f0 fb 00 2a b1 f3 00 00 00 00 00 00 0a f0 fb 00 2a b5 db 00 00 00 00 00 00 0a f0 fb 00 2a b9 c3 00 00 00 00 00 00 0a f0 fb 00 2a bd ab 00 00 00 00 00 00 0a f0 fb 00 2a c1 93 00 00 00 00 00 00 0a f0 fb 00 2a c5 7b 00 00 00 00 00 00 0a f0 fb 00 2a c9 63 00 00 00 00 00 00 0a f0 fb 00 2a cd 4b 00 00 00 00 00 00 0a f0 fb 00 2a d1 33 00 00 00 00 00 00 0a f0 fb 00 2a d5 1b 00 00 00 00 00 00 0a f0 fb 00 2a d9 03 00 00 00 00 00 00 0a f0 fb 00 2a dc eb 00 00 00 00 00 00 0a f0 fb 00 2a e0 d3 00 00 00 00 00 00 0a f0 fb 00 2a e4 bb 00 00 00 00 00 00 0a f0 fb 00 2a e8 a3 00 00 00 00 00 00 0a f0 fb 00 2a ec 8b 00 00 00 00 00 00 0a f0 fb 00 2a f0 73 00 00 00 00 00 00 0a f0 fb 00 2a f4 5b 00 00 00 00 00 00 0a f0 fb 00 2a f8 43 00 00 00 00 00 00 0a f0 fb 00 2a fc 2b 00 00 00 00 00 00 0a f0 fb 00 2b 00 13 00 00 00 00 00 00 0a f0 fb 00 2b 03 fb 00 00 00 00 00 00 0a f0 fb 00 2b 07 e3 00 00 00 00 00 00 0a f0 fb 00 2b 0b cb 00 00 00 00 00 00 0a f0 fb 00 2b 0f b3 00 00 00 00 00 00 0a f0 fb 00 2b 13 9b 00 00 00 00 00 00 0a f0 fb 00 2b 17 83 00 00 00 00 00 00 0a f0 fb 00 2b 1b 6b 00 00 00 00 00 00 0a f0 fb 00 2b 1f 53 00 00 00 00 00 00 0a f0 fb 00 2b 23 3b 00 00 00 00 00 00 0a f0 fb 00 2b 27 23 00 00 00 00 00 00 0a f0 fb 00 2b 2b 0b 00 00 00 00 00 00 0a f0 fb 00 2b 2e f3 00 00 00 00 00 00 0a f0 fb 00 2b 32 db 00 00 00 00 00 00 0a f0 fb 00 2b 36 c3 00 00 00 00 00 00 0a f0 fb 00 2b 3a ab 00 00 00 00 00 00 0a f0 fb 00 2b 3e 93 00 00 00 00 00 00 0a f0 fb 00 2b 42 7b 00 00 00 00 00 00 0a f0 fb 00 2b 46 63 00 00 00 00 00 00 0a f0 fb 00 2b 4a 4b 00 00 00 00 00 00 0a f0 fb 00 2b 4e 33 00 00 00 00 00 00 0a f0 fb 00 2b 52 1b 00 00 00 00 00 00 0a f0 fb 00 2b 56 03 00 00 00 00 00 00 0a f0 fb 00 2b 59 eb 00 00 00 00 00 00 0a f0 fb 00 2b 5d d3 00 00 00 00 00 00 0a f0 fb 00 2b 61 bb 00 00 00 00 00 00 0a f0 fb 00 2b 65 a3 00 00 00 00 00 00 0a f0 fb 00 2b 69 8b 00 00 00 00 00 00 0a f0 fb 00 2b 6d 73 00 00 00 00 00 00 0a f0 fb 00 2b 71 5b 00 00 00 00 00 00 0a f0 fb 00 2b 75 43 00 00 00 00 00 00 0a f0 fb 00 2b 79 2b 00 00 00 00 00 00 0a f0 fb 00 2b 7d 13 00 00 00 00 00 00 0a f0 fb 00 2b 80 fb 00 00 00 00 00 00 0a f0 fb 00 2b 84 e3 00 00 00 00 00 00 0a f0 fb 00 2b 88 cb 00 00 00 00 00 00 0a f0 fb 00 2b 8c b3 00 00 00 00 00 00 0a f0 fb 00 2b 90 9b 00 00 00 00 00 00 0a f0 fb 00 2b 94 83 00 00 00 00 00 00 0a f0 fb 00 2b 98 6b 00 00 00 00 00 00 0a f0 fb 00 2b 9c 53 00 00 00 00 00 00 0a f0 fb 00 2b a0 3b 00 00 00 00 00 00 0a f0 fb 00 2b a4 23 00 00 00 00 00 00 0a f0 fb 00 2b a8 0b 00 00 00 00 00 00 0a f0 fb 00 2b ab f3 00 00 00 00 00 00 0a f0 fb 00 2b af db 00 00 00 00 00 00 0a f0 fb 00 2b b3 c3 00 00 00 00 00 00 0a f0 fb 00 2b b7 ab 00 00 00 00 00 00 0a f0 fb 00 2b bb 93 00 00 00 00 00 00 0a f0 fb 00 2b bf 7b 00 00 00 00 00 00 0a f0 fb 00 2b c3 63 00 00 00 00 00 00 0a f0 fb 00 2b c7 4b 00 00 00 00 00 00 0a f0 fb 00 2b cb 33 00 00 00 00 00 00 0a f0 fb 00 2b cf 1b 00 00 00 00 00 00 0a f0 fb 00 2b d3 03 00 00 00 00 00 00 0a f0 fb 00 2b d6 eb 00 00 00 00 00 00 0a f0 fb 00 2b da d3 00 00 00 00 00 00 0a f0 fb 00 2b de bb 00 00 00 00 00 00 0a f0 fb 00 2b e2 a3 00 00 00 00 00 00 0a f0 fb 00 2b e6 8b 00 00 00 00 00 00 0a f0 fb 00 2b ea 73 00 00 00 00 00 00 0a f0 fb 00 2b ee 5b 00 00 00 00 00 00 0a f0 fb 00 2b f2 43 00 00 00 00 00 00 0a f0 fb 00 2b f6 2b 00 00 00 00 00 00 0a f0 fb 00 2b fa 13 00 00 00 00 00 00 0a f0 fb 00 2b fd fb 00 00 00 00 00 00 0a f0 fb 00 2c 01 e3 00 00 00 00 00 00 0a f0 fb 00 2c 05 cb 00 00 00 00 00 00 0a f0 fb 00 2c 09 b3 00 00 00 00 00 00 0a f0 fb 00 2c 0d 9b 00 00 00 00 00 00 0a f0 fb 00 2c 11 83 00 00 00 00 00 00 0a f0 fb 00 2c 15 6b 00 00 00 00 00 00 0a f0 fb 00 2c 19 53 00 00 00 00 00 00 0a f0 fb 00 2c 1d 3b 00 00 00 00 00 00 0a f0 fb 00 2c 21 23 00 00 00 00 00 00 0a f0 fb 00 2c 25 0b 00 00 00 00 00 00 0a f0 fb 00 2c 28 f3 00 00 00 00 00 00 0a f0 fb 00 2c 2c db 00 00 00 00 00 00 0a f0 fb 00 2c 30 c3 00 00 00 00 00 00 0a f0 fb 00 2c 34 ab 00 00 00 00 00 00 0a f0 fb 00 2c 38 93 00 00 00 00 00 00 0a f0 fb 00 2c 3c 7b 00 00 00 00 00 00 0a f0 fb 00 2c 40 63 00 00 00 00 00 00 0a f0 fb 00 2c 44 4b 00 00 00 00 00 00 0a f0 fb 00 2c 48 33 00 00 00 00 00 00 0a f0 fb 00 2c 4c 1b 00 00 00 00 00 00 0a f0 fb 00 2c 50 03 00 00 00 00 00 00 0a f0 fb 00 2c 53 eb 00 00 00 00 00 00 0a f0 fb 00 2c 57 d3 00 00 00 00 00 00 0a f0 fb 00 2c 5b bb 00 00 00 00 00 00 0a f0 fb 00 2c 5f a3 00 00 00 00 00 00 0a f0 fb 00 2c 63 8b 00 00 00 00 00 00 0a f0 fb 00 2c 67 73 00 00 00 00 00 00 0a f0 fb 00 2c 6b 5b 00 00 00 00 00 00 0a f0 fb 00 2c 6f 43 00 00 00 00 00 00 0a f0 fb 00 2c 73 2b 00 00 00 00 00 00 0a f0 fb 00 2c 77 13 00 00 00 00 00 00 0a f0 fb 00 2c 7a fb 00 00 00 00 00 00 0a f0 fb 00 2c 7e e3 00 00 00 00 00 00 0a f0 fb 00 2c 82 cb 00 00 00 00 00 00 0a f0 fb 00 2c 86 b3 00 00 00 00 00 00 0a f0 fb 00 2c 8a 9b 00 00 00 00 00 00 0a f0 fb 00 2c 8e 83 00 00 00 00 00 00 0a f0 fb 00 2c 92 6b 00 00 00 00 00 00 0a f0 fb 00 2c 96 53 00 00 00 00 00 00 0a f0 fb 00 2c 9a 3b 00 00 00 00 00 00 0a f0 fb 00 2c 9e 23 00 00 00 00 00 00 0a f0 fb 00 2c a2 0b 00 00 00 00 00 00 0a f0 fb 00 2c a5 f3 00 00 00 00 00 00 0a f0 fb 00 2c a9 db 00 00 00 00 00 00 0a f0 fb 00 2c ad c3 00 00 00 00 00 00 0a f0 fb 00 2c b1 ab 00 00 00 00 00 00 0a f0 fb 00 2c b5 93 00 00 00 00 00 00 0a f0 fb 00 2c b9 7b 00 00 00 00 00 00 0a f0 fb 00 2c bd 63 00 00 00 00 00 00 0a f0 fb 00 2c c1 4b 00 00 00 00 00 00 0a f0 fb 00 2c c5 33 00 00 00 00 00 00 0a f0 fb 00 2c c9 1b 00 00 00 00 00 00 0a f0 fb 00 2c cd 03 00 00 00 00 00 00 0a f0 fb 00 2c d0 eb 00 00 00 00 00 00 0a f0 fb 00 2c d4 d3 00 00 00 00 00 00 0a f0 fb 00 2c d8 bb 00 00 00 00 00 00 0a f0 fb 00 2c dc a3 00 00 00 00 00 00 0a f0 fb 00 2c e0 8b 00 00 00 00 00 00 0a f0 fb 00 2c e4 73 00 00 00 00 00 00 0a f0 fb 00 2c e8 5b 00 00 00 00 00 00 0a f0 fb 00 2c ec 43 00 00 00 00 00 00 0a f0 fb 00 2c f0 2b 00 00 00 00 00 00 0a f0 fb 00 2c f4 13 00 00 00 00 00 00 0a f0 fb 00 2c f7 fb 00 00 00 00 00 00 0a f0 fb 00 2c fb e3 00 00 00 00 00 00 0a f0 fb 00 2c ff cb 00 00 00 00 00 00 0a f0 fb 00 2d 03 b3 00 00 00 00 00 00 0a f0 fb 00 2d 07 9b 00 00 00 00 00 00 0a f0 fb 00 2d 0b 83 00 00 00 00 00 00 0a f0 fb 00 2d 0f 6b 00 00 00 00 00 00 0a f0 fb 00 2d 13 53 00 00 00 00 00 00 0a f0 fb 00 2d 17 3b 00 00 00 00 00 00 0a f0 fb 00 2d 1b 23 00 00 00 00 00 00 0a f0 fb 00 2d 1f 0b 00 00 00 00 00 00 0a f0 fb 00 2d 22 f3 00 00 00 00 00 00 0a f0 fb 00 2d 26 db 00 00 00 00 00 00 0a f0 fb 00 2d 2a c3 00 00 00 00 00 00 0a f0 fb 00 2d 2e ab 00 00 00 00 00 00 0a f0 fb 00 2d 32 93 00 00 00 00 00 00 0a f0 fb 00 2d 36 7b 00 00 00 00 00 00 0a f0 fb 00 2d 3a 63 00 00 00 00 00 00 0a f0 fb 00 2d 3e 4b 00 00 00 00 00 00 0a f0 fb 00 2d 42 33 00 00 00 00 00 00 0a f0 fb 00 2d 46 1b 00 00 00 00 00 00 0a f0 fb 00 2d 4a 03 00 00 00 00 00 00 0a f0 fb 00 2d 4d eb 00 00 00 00 00 00 0a f0 fb 00 2d 51 d3 00 00 00 00 00 00 0a f0 fb 00 2d 55 bb 00 00 00 00 00 00 0a
[23:58:56.614] PACKET[COM9] ground_station_status: rssi=-5, uptime=2026067, reserved=[0, 0, 0, 0, 0, 0]
[23:58:57.355] PACKET[COM9] ground_station_status: rssi=-5, uptime=2027067, reserved=[0, 0, 0, 0, 0, 0]
[23:58:57.916] PACKET[COM9] ground_station_status: rssi=-5, uptime=2028067, reserved=[0, 0, 0, 0, 0, 0]
[23:58:58.638] PACKET[COM9] ground_station_status: rssi=-5, uptime=2029067, reserved=[0, 0, 0, 0, 0, 0]
[23:58:59.065] PACKET[COM9] ground_station_status: rssi=-5, uptime=2030067, reserved=[0, 0, 0, 0, 0, 0]
[23:58:59.425] PACKET[COM9] ground_station_status: rssi=-5, uptime=2031067, reserved=[0, 0, 0, 0, 0, 0]
[23:58:59.835] PACKET[COM9] ground_station_status: rssi=-5, uptime=2032067, reserved=[0, 0, 0, 0, 0, 0]
[23:59:00.292] PACKET[COM9] ground_station_status: rssi=-5, uptime=2033067, reserved=[0, 0, 0, 0, 0, 0]
[23:59:00.704] PACKET[COM9] ground_station_status: rssi=-5, uptime=2034067, reserved=[0, 0, 0, 0, 0, 0]
[23:59:00.984] PACKET[COM9] ground_station_status: rssi=-5, uptime=2035067, reserved=[0, 0, 0, 0, 0, 0]
[23:59:01.261] PACKET[COM9] ground_station_status: rssi=-5, uptime=2036067, reserved=[0, 0, 0, 0, 0, 0]
[23:59:01.582] PACKET[COM9] ground_station_status: rssi=-5, uptime=2037067, reserved=[0, 0, 0, 0, 0, 0]
[23:59:01.654] PACKET[COM9] ground_station_status: rssi=-5, uptime=2038067, reserved=[0, 0, 0, 0, 0, 0]
[23:59:01.658] PACKET[COM9] ground_station_status: rssi=-5, uptime=2039067, reserved=[0, 0, 0, 0, 0, 0]
[23:59:01.664] PACKET[COM9] ground_station_status: rssi=-5, uptime=2040067, reserved=[0, 0, 0, 0, 0, 0]
[23:59:01.670] PACKET[COM9] ground_station_status: rssi=-5, uptime=2041067, reserved=[0, 0, 0, 0, 0, 0]
[23:59:01.679] PACKET[COM9] ground_station_status: rssi=-5, uptime=2042067, reserved=[0, 0, 0, 0, 0, 0]
[23:59:01.685] PACKET[COM9] ground_station_status: rssi=-5, uptime=2043067, reserved=[0, 0, 0, 0, 0, 0]
[23:59:01.695] PACKET[COM9] ground_station_status: rssi=-5, uptime=2044067, reserved=[0, 0, 0, 0, 0, 0]
[23:59:01.701] PACKET[COM9] ground_station_status: rssi=-5, uptime=2045067, reserved=[0, 0, 0, 0, 0, 0]
[23:59:01.709] PACKET[COM9] ground_station_status: rssi=-5, uptime=2046067, reserved=[0, 0, 0, 0, 0, 0]
[23:59:01.713] PACKET[COM9] ground_station_status: rssi=-5, uptime=2047067, reserved=[0, 0, 0, 0, 0, 0]
[23:59:01.716] PACKET[COM9] ground_station_status: rssi=-5, uptime=2048067, reserved=[0, 0, 0, 0, 0, 0]
[23:59:01.718] PACKET[COM9] ground_station_status: rssi=-5, uptime=2049067, reserved=[0, 0, 0, 0, 0, 0]
[23:59:01.721] PACKET[COM9] ground_station_status: rssi=-5, uptime=2050067, reserved=[0, 0, 0, 0, 0, 0]
[23:59:01.727] PACKET[COM9] ground_station_status: rssi=-5, uptime=2051067, reserved=[0, 0, 0, 0, 0, 0]
[23:59:01.732] PACKET[COM9] ground_station_status: rssi=-5, uptime=2052067, reserved=[0, 0, 0, 0, 0, 0]
[23:59:01.736] PACKET[COM9] ground_station_status: rssi=-5, uptime=2053067, reserved=[0, 0, 0, 0, 0, 0]
[23:59:01.743] PACKET[COM9] ground_station_status: rssi=-5, uptime=2054067, reserved=[0, 0, 0, 0, 0, 0]
[23:59:01.748] PACKET[COM9] ground_station_status: rssi=-5, uptime=2055067, reserved=[0, 0, 0, 0, 0, 0]
[23:59:01.752] PACKET[COM9] ground_station_status: rssi=-5, uptime=2056067, reserved=[0, 0, 0, 0, 0, 0]
[23:59:01.757] PACKET[COM9] ground_station_status: rssi=-5, uptime=2057067, reserved=[0, 0, 0, 0, 0, 0]
[23:59:01.763] PACKET[COM9] ground_station_status: rssi=-5, uptime=2058067, reserved=[0, 0, 0, 0, 0, 0]
[23:59:01.767] PACKET[COM9] ground_station_status: rssi=-5, uptime=2059067, reserved=[0, 0, 0, 0, 0, 0]
[23:59:01.774] PACKET[COM9] ground_station_status: rssi=-5, uptime=2060067, reserved=[0, 0, 0, 0, 0, 0]
[23:59:01.778] PACKET[COM9] ground_station_status: rssi=-5, uptime=2061067, reserved=[0, 0, 0, 0, 0, 0]
[23:59:01.783] PACKET[COM9] ground_station_status: rssi=-5, uptime=2062067, reserved=[0, 0, 0, 0, 0, 0]
[23:59:01.789] PACKET[COM9] ground_station_status: rssi=-5, uptime=2063067, reserved=[0, 0, 0, 0, 0, 0]
[23:59:01.794] PACKET[COM9] ground_station_status: rssi=-5, uptime=2064067, reserved=[0, 0, 0, 0, 0, 0]
[23:59:01.799] PACKET[COM9] ground_station_status: rssi=-5, uptime=2065067, reserved=[0, 0, 0, 0, 0, 0]
[23:59:01.806] PACKET[COM9] ground_station_status: rssi=-5, uptime=2066067, reserved=[0, 0, 0, 0, 0, 0]
[23:59:01.811] PACKET[COM9] ground_station_status: rssi=-5, uptime=2067067, reserved=[0, 0, 0, 0, 0, 0]
[23:59:01.816] PACKET[COM9] ground_station_status: rssi=-5, uptime=2068067, reserved=[0, 0, 0, 0, 0, 0]
[23:59:01.823] PACKET[COM9] ground_station_status: rssi=-5, uptime=2069067, reserved=[0, 0, 0, 0, 0, 0]
[23:59:01.829] PACKET[COM9] ground_station_status: rssi=-5, uptime=2070067, reserved=[0, 0, 0, 0, 0, 0]
[23:59:01.834] PACKET[COM9] ground_station_status: rssi=-5, uptime=2071067, reserved=[0, 0, 0, 0, 0, 0]
[23:59:01.844] PACKET[COM9] ground_station_status: rssi=-5, uptime=2072067, reserved=[0, 0, 0, 0, 0, 0]
[23:59:01.851] PACKET[COM9] ground_station_status: rssi=-5, uptime=2073067, reserved=[0, 0, 0, 0, 0, 0]
[23:59:01.859] PACKET[COM9] ground_station_status: rssi=-5, uptime=2074067, reserved=[0, 0, 0, 0, 0, 0]
[23:59:01.866] PACKET[COM9] ground_station_status: rssi=-5, uptime=2075067, reserved=[0, 0, 0, 0, 0, 0]
[23:59:01.873] PACKET[COM9] ground_station_status: rssi=-5, uptime=2076067, reserved=[0, 0, 0, 0, 0, 0]
[23:59:01.878] PACKET[COM9] ground_station_status: rssi=-5, uptime=2077067, reserved=[0, 0, 0, 0, 0, 0]
[23:59:01.886] PACKET[COM9] ground_station_status: rssi=-5, uptime=2078067, reserved=[0, 0, 0, 0, 0, 0]
[23:59:01.893] PACKET[COM9] ground_station_status: rssi=-5, uptime=2079067, reserved=[0, 0, 0, 0, 0, 0]
[23:59:01.899] PACKET[COM9] ground_station_status: rssi=-5, uptime=2080067, reserved=[0, 0, 0, 0, 0, 0]
[23:59:01.906] PACKET[COM9] ground_station_status: rssi=-5, uptime=2081067, reserved=[0, 0, 0, 0, 0, 0]
[23:59:01.912] PACKET[COM9] ground_station_status: rssi=-5, uptime=2082067, reserved=[0, 0, 0, 0, 0, 0]
[23:59:01.919] PACKET[COM9] ground_station_status: rssi=-5, uptime=2083067, reserved=[0, 0, 0, 0, 0, 0]
[23:59:01.927] PACKET[COM9] ground_station_status: rssi=-5, uptime=2084067, reserved=[0, 0, 0, 0, 0, 0]
[23:59:01.933] PACKET[COM9] ground_station_status: rssi=-5, uptime=2085067, reserved=[0, 0, 0, 0, 0, 0]
[23:59:01.939] PACKET[COM9] ground_station_status: rssi=-5, uptime=2086067, reserved=[0, 0, 0, 0, 0, 0]
[23:59:01.945] PACKET[COM9] ground_station_status: rssi=-5, uptime=2087067, reserved=[0, 0, 0, 0, 0, 0]
[23:59:01.952] PACKET[COM9] ground_station_status: rssi=-5, uptime=2088067, reserved=[0, 0, 0, 0, 0, 0]
[23:59:01.959] PACKET[COM9] ground_station_status: rssi=-5, uptime=2089067, reserved=[0, 0, 0, 0, 0, 0]
[23:59:01.965] PACKET[COM9] ground_station_status: rssi=-5, uptime=2090067, reserved=[0, 0, 0, 0, 0, 0]
[23:59:01.971] PACKET[COM9] ground_station_status: rssi=-5, uptime=2091067, reserved=[0, 0, 0, 0, 0, 0]
[23:59:01.977] PACKET[COM9] ground_station_status: rssi=-5, uptime=2092067, reserved=[0, 0, 0, 0, 0, 0]
[23:59:01.984] PACKET[COM9] ground_station_status: rssi=-5, uptime=2093067, reserved=[0, 0, 0, 0, 0, 0]
[23:59:01.990] PACKET[COM9] ground_station_status: rssi=-5, uptime=2094067, reserved=[0, 0, 0, 0, 0, 0]
[23:59:01.996] PACKET[COM9] ground_station_status: rssi=-5, uptime=2095067, reserved=[0, 0, 0, 0, 0, 0]
[23:59:02.004] PACKET[COM9] ground_station_status: rssi=-5, uptime=2096067, reserved=[0, 0, 0, 0, 0, 0]
[23:59:02.010] PACKET[COM9] ground_station_status: rssi=-5, uptime=2097067, reserved=[0, 0, 0, 0, 0, 0]
[23:59:02.017] PACKET[COM9] ground_station_status: rssi=-5, uptime=2098067, reserved=[0, 0, 0, 0, 0, 0]
[23:59:02.022] PACKET[COM9] ground_station_status: rssi=-5, uptime=2099067, reserved=[0, 0, 0, 0, 0, 0]
[23:59:02.028] PACKET[COM9] ground_station_status: rssi=-5, uptime=2100067, reserved=[0, 0, 0, 0, 0, 0]
[23:59:02.036] PACKET[COM9] ground_station_status: rssi=-5, uptime=2101067, reserved=[0, 0, 0, 0, 0, 0]
[23:59:02.041] PACKET[COM9] ground_station_status: rssi=-5, uptime=2102067, reserved=[0, 0, 0, 0, 0, 0]
[23:59:02.048] PACKET[COM9] ground_station_status: rssi=-5, uptime=2103067, reserved=[0, 0, 0, 0, 0, 0]
[23:59:02.053] PACKET[COM9] ground_station_status: rssi=-5, uptime=2104067, reserved=[0, 0, 0, 0, 0, 0]
[23:59:02.058] PACKET[COM9] ground_station_status: rssi=-5, uptime=2105067, reserved=[0, 0, 0, 0, 0, 0]
[23:59:02.066] PACKET[COM9] ground_station_status: rssi=-5, uptime=2106067, reserved=[0, 0, 0, 0, 0, 0]
[23:59:02.075] PACKET[COM9] ground_station_status: rssi=-5, uptime=2107067, reserved=[0, 0, 0, 0, 0, 0]
[23:59:02.084] PACKET[COM9] ground_station_status: rssi=-5, uptime=2108067, reserved=[0, 0, 0, 0, 0, 0]
[23:59:02.096] PACKET[COM9] ground_station_status: rssi=-5, uptime=2109067, reserved=[0, 0, 0, 0, 0, 0]
[23:59:02.108] PACKET[COM9] ground_station_status: rssi=-5, uptime=2110067, reserved=[0, 0, 0, 0, 0, 0]
[23:59:02.117] PACKET[COM9] ground_station_status: rssi=-5, uptime=2111067, reserved=[0, 0, 0, 0, 0, 0]
[23:59:02.123] PACKET[COM9] ground_station_status: rssi=-5, uptime=2112067, reserved=[0, 0, 0, 0, 0, 0]
[23:59:02.129] PACKET[COM9] ground_station_status: rssi=-5, uptime=2113067, reserved=[0, 0, 0, 0, 0, 0]
[23:59:02.134] PACKET[COM9] ground_station_status: rssi=-5, uptime=2114067, reserved=[0, 0, 0, 0, 0, 0]
[23:59:02.140] PACKET[COM9] ground_station_status: rssi=-5, uptime=2115067, reserved=[0, 0, 0, 0, 0, 0]
[23:59:02.146] PACKET[COM9] ground_station_status: rssi=-5, uptime=2116067, reserved=[0, 0, 0, 0, 0, 0]
[23:59:02.151] PACKET[COM9] ground_station_status: rssi=-5, uptime=2117067, reserved=[0, 0, 0, 0, 0, 0]
[23:59:02.157] PACKET[COM9] ground_station_status: rssi=-5, uptime=2118067, reserved=[0, 0, 0, 0, 0, 0]
[23:59:02.166] PACKET[COM9] ground_station_status: rssi=-5, uptime=2119067, reserved=[0, 0, 0, 0, 0, 0]
[23:59:02.172] PACKET[COM9] ground_station_status: rssi=-5, uptime=2120067, reserved=[0, 0, 0, 0, 0, 0]
[23:59:02.178] PACKET[COM9] ground_station_status: rssi=-5, uptime=2121067, reserved=[0, 0, 0, 0, 0, 0]
[23:59:02.184] PACKET[COM9] ground_station_status: rssi=-5, uptime=2122067, reserved=[0, 0, 0, 0, 0, 0]
[23:59:02.191] PACKET[COM9] ground_station_status: rssi=-5, uptime=2123067, reserved=[0, 0, 0, 0, 0, 0]
[23:59:02.199] PACKET[COM9] ground_station_status: rssi=-5, uptime=2124067, reserved=[0, 0, 0, 0, 0, 0]
[23:59:02.206] PACKET[COM9] ground_station_status: rssi=-5, uptime=2125067, reserved=[0, 0, 0, 0, 0, 0]
[23:59:02.215] PACKET[COM9] ground_station_status: rssi=-5, uptime=2126067, reserved=[0, 0, 0, 0, 0, 0]
[23:59:02.220] PACKET[COM9] ground_station_status: rssi=-5, uptime=2127067, reserved=[0, 0, 0, 0, 0, 0]
[23:59:02.225] PACKET[COM9] ground_station_status: rssi=-5, uptime=2128067, reserved=[0, 0, 0, 0, 0, 0]
[23:59:02.232] PACKET[COM9] ground_station_status: rssi=-5, uptime=2129067, reserved=[0, 0, 0, 0, 0, 0]
[23:59:02.238] PACKET[COM9] ground_station_status: rssi=-5, uptime=2130067, reserved=[0, 0, 0, 0, 0, 0]
[23:59:02.246] PACKET[COM9] ground_station_status: rssi=-5, uptime=2131067, reserved=[0, 0, 0, 0, 0, 0]
[23:59:02.250] PACKET[COM9] ground_station_status: rssi=-5, uptime=2132067, reserved=[0, 0, 0, 0, 0, 0]
[23:59:02.256] PACKET[COM9] ground_station_status: rssi=-5, uptime=2133067, reserved=[0, 0, 0, 0, 0, 0]
[23:59:02.263] PACKET[COM9] ground_station_status: rssi=-5, uptime=2134067, reserved=[0, 0, 0, 0, 0, 0]
[23:59:02.268] PACKET[COM9] ground_station_status: rssi=-5, uptime=2135067, reserved=[0, 0, 0, 0, 0, 0]
[23:59:02.275] PACKET[COM9] ground_station_status: rssi=-5, uptime=2136067, reserved=[0, 0, 0, 0, 0, 0]
[23:59:02.280] PACKET[COM9] ground_station_status: rssi=-5, uptime=2137067, reserved=[0, 0, 0, 0, 0, 0]
[23:59:02.285] PACKET[COM9] ground_station_status: rssi=-5, uptime=2138067, reserved=[0, 0, 0, 0, 0, 0]
[23:59:02.291] PACKET[COM9] ground_station_status: rssi=-5, uptime=2139067, reserved=[0, 0, 0, 0, 0, 0]
[23:59:02.297] PACKET[COM9] ground_station_status: rssi=-5, uptime=2140067, reserved=[0, 0, 0, 0, 0, 0]
[23:59:02.302] PACKET[COM9] ground_station_status: rssi=-5, uptime=2141067, reserved=[0, 0, 0, 0, 0, 0]
[23:59:02.311] PACKET[COM9] ground_station_status: rssi=-5, uptime=2142067, reserved=[0, 0, 0, 0, 0, 0]
[23:59:02.317] PACKET[COM9] ground_station_status: rssi=-5, uptime=2143067, reserved=[0, 0, 0, 0, 0, 0]
[23:59:02.323] PACKET[COM9] ground_station_status: rssi=-5, uptime=2144067, reserved=[0, 0, 0, 0, 0, 0]
[23:59:02.329] PACKET[COM9] ground_station_status: rssi=-5, uptime=2145067, reserved=[0, 0, 0, 0, 0, 0]
[23:59:02.335] PACKET[COM9] ground_station_status: rssi=-5, uptime=2146067, reserved=[0, 0, 0, 0, 0, 0]
[23:59:02.342] PACKET[COM9] ground_station_status: rssi=-5, uptime=2147067, reserved=[0, 0, 0, 0, 0, 0]
[23:59:02.350] PACKET[COM9] ground_station_status: rssi=-5, uptime=2148067, reserved=[0, 0, 0, 0, 0, 0]
[23:59:02.360] PACKET[COM9] ground_station_status: rssi=-5, uptime=2149067, reserved=[0, 0, 0, 0, 0, 0]
[23:59:02.370] PACKET[COM9] ground_station_status: rssi=-5, uptime=2150067, reserved=[0, 0, 0, 0, 0, 0]
[23:59:02.378] PACKET[COM9] ground_station_status: rssi=-5, uptime=2151067, reserved=[0, 0, 0, 0, 0, 0]
[23:59:02.384] PACKET[COM9] ground_station_status: rssi=-5, uptime=2152067, reserved=[0, 0, 0, 0, 0, 0]
[23:59:02.392] PACKET[COM9] ground_station_status: rssi=-5, uptime=2153067, reserved=[0, 0, 0, 0, 0, 0]
[23:59:02.399] PACKET[COM9] ground_station_status: rssi=-5, uptime=2154067, reserved=[0, 0, 0, 0, 0, 0]
[23:59:02.406] PACKET[COM9] ground_station_status: rssi=-5, uptime=2155067, reserved=[0, 0, 0, 0, 0, 0]
[23:59:02.413] PACKET[COM9] ground_station_status: rssi=-5, uptime=2156067, reserved=[0, 0, 0, 0, 0, 0]
[23:59:02.419] PACKET[COM9] ground_station_status: rssi=-5, uptime=2157067, reserved=[0, 0, 0, 0, 0, 0]
[23:59:02.428] PACKET[COM9] ground_station_status: rssi=-5, uptime=2158067, reserved=[0, 0, 0, 0, 0, 0]
[23:59:02.437] PACKET[COM9] ground_station_status: rssi=-5, uptime=2159067, reserved=[0, 0, 0, 0, 0, 0]
[23:59:02.443] PACKET[COM9] ground_station_status: rssi=-5, uptime=2160067, reserved=[0, 0, 0, 0, 0, 0]
[23:59:02.450] PACKET[COM9] ground_station_status: rssi=-5, uptime=2161067, reserved=[0, 0, 0, 0, 0, 0]
[23:59:02.456] PACKET[COM9] ground_station_status: rssi=-5, uptime=2162067, reserved=[0, 0, 0, 0, 0, 0]
[23:59:02.461] PACKET[COM9] ground_station_status: rssi=-5, uptime=2163067, reserved=[0, 0, 0, 0, 0, 0]
[23:59:02.467] PACKET[COM9] ground_station_status: rssi=-5, uptime=2164067, reserved=[0, 0, 0, 0, 0, 0]
[23:59:02.473] PACKET[COM9] ground_station_status: rssi=-5, uptime=2165067, reserved=[0, 0, 0, 0, 0, 0]
[23:59:02.480] PACKET[COM9] ground_station_status: rssi=-5, uptime=2166067, reserved=[0, 0, 0, 0, 0, 0]
[23:59:02.485] PACKET[COM9] ground_station_status: rssi=-5, uptime=2167067, reserved=[0, 0, 0, 0, 0, 0]
[23:59:02.490] PACKET[COM9] ground_station_status: rssi=-5, uptime=2168067, reserved=[0, 0, 0, 0, 0, 0]
[23:59:02.496] PACKET[COM9] ground_station_status: rssi=-5, uptime=2169067, reserved=[0, 0, 0, 0, 0, 0]
[23:59:02.503] PACKET[COM9] ground_station_status: rssi=-5, uptime=2170067, reserved=[0, 0, 0, 0, 0, 0]
[23:59:02.507] PACKET[COM9] ground_station_status: rssi=-5, uptime=2171067, reserved=[0, 0, 0, 0, 0, 0]
[23:59:02.512] PACKET[COM9] ground_station_status: rssi=-5, uptime=2172067, reserved=[0, 0, 0, 0, 0, 0]
[23:59:02.519] PACKET[COM9] ground_station_status: rssi=-5, uptime=2173067, reserved=[0, 0, 0, 0, 0, 0]
[23:59:02.524] PACKET[COM9] ground_station_status: rssi=-5, uptime=2174067, reserved=[0, 0, 0, 0, 0, 0]
[23:59:02.530] PACKET[COM9] ground_station_status: rssi=-5, uptime=2175067, reserved=[0, 0, 0, 0, 0, 0]
[23:59:02.535] PACKET[COM9] ground_station_status: rssi=-5, uptime=2176067, reserved=[0, 0, 0, 0, 0, 0]
[23:59:02.541] PACKET[COM9] ground_station_status: rssi=-5, uptime=2177067, reserved=[0, 0, 0, 0, 0, 0]
[23:59:02.546] PACKET[COM9] ground_station_status: rssi=-5, uptime=2178067, reserved=[0, 0, 0, 0, 0, 0]
[23:59:02.552] PACKET[COM9] ground_station_status: rssi=-5, uptime=2179067, reserved=[0, 0, 0, 0, 0, 0]
[23:59:02.558] PACKET[COM9] ground_station_status: rssi=-5, uptime=2180067, reserved=[0, 0, 0, 0, 0, 0]
[23:59:02.563] PACKET[COM9] ground_station_status: rssi=-5, uptime=2181067, reserved=[0, 0, 0, 0, 0, 0]
[23:59:02.569] PACKET[COM9] ground_station_status: rssi=-5, uptime=2182067, reserved=[0, 0, 0, 0, 0, 0]
[23:59:02.574] PACKET[COM9] ground_station_status: rssi=-5, uptime=2183067, reserved=[0, 0, 0, 0, 0, 0]
[23:59:02.580] PACKET[COM9] ground_station_status: rssi=-5, uptime=2184067, reserved=[0, 0, 0, 0, 0, 0]
[23:59:02.586] PACKET[COM9] ground_station_status: rssi=-5, uptime=2185067, reserved=[0, 0, 0, 0, 0, 0]
[23:59:02.592] PACKET[COM9] ground_station_status: rssi=-5, uptime=2186067, reserved=[0, 0, 0, 0, 0, 0]
[23:59:02.599] PACKET[COM9] ground_station_status: rssi=-5, uptime=2187067, reserved=[0, 0, 0, 0, 0, 0]
[23:59:02.605] PACKET[COM9] ground_station_status: rssi=-5, uptime=2188067, reserved=[0, 0, 0, 0, 0, 0]
[23:59:02.610] PACKET[COM9] ground_station_status: rssi=-5, uptime=2189067, reserved=[0, 0, 0, 0, 0, 0]
[23:59:02.616] PACKET[COM9] ground_station_status: rssi=-5, uptime=2190067, reserved=[0, 0, 0, 0, 0, 0]
[23:59:02.621] PACKET[COM9] ground_station_status: rssi=-5, uptime=2191067, reserved=[0, 0, 0, 0, 0, 0]
[23:59:02.626] PACKET[COM9] ground_station_status: rssi=-5, uptime=2192067, reserved=[0, 0, 0, 0, 0, 0]
[23:59:02.634] PACKET[COM9] ground_station_status: rssi=-5, uptime=2193067, reserved=[0, 0, 0, 0, 0, 0]
[23:59:02.640] PACKET[COM9] ground_station_status: rssi=-5, uptime=2194067, reserved=[0, 0, 0, 0, 0, 0]
[23:59:02.647] PACKET[COM9] ground_station_status: rssi=-5, uptime=2195067, reserved=[0, 0, 0, 0, 0, 0]
[23:59:02.652] PACKET[COM9] ground_station_status: rssi=-5, uptime=2196067, reserved=[0, 0, 0, 0, 0, 0]
[23:59:02.658] PACKET[COM9] ground_station_status: rssi=-5, uptime=2197067, reserved=[0, 0, 0, 0, 0, 0]
[23:59:02.665] PACKET[COM9] ground_station_status: rssi=-5, uptime=2198067, reserved=[0, 0, 0, 0, 0, 0]
[23:59:02.670] PACKET[COM9] ground_station_status: rssi=-5, uptime=2199067, reserved=[0, 0, 0, 0, 0, 0]
[23:59:02.676] PACKET[COM9] ground_station_status: rssi=-5, uptime=2200067, reserved=[0, 0, 0, 0, 0, 0]
[23:59:02.686] PACKET[COM9] ground_station_status: rssi=-5, uptime=2201067, reserved=[0, 0, 0, 0, 0, 0]
[23:59:02.692] PACKET[COM9] ground_station_status: rssi=-5, uptime=2202067, reserved=[0, 0, 0, 0, 0, 0]
[23:59:02.699] PACKET[COM9] ground_station_status: rssi=-5, uptime=2203067, reserved=[0, 0, 0, 0, 0, 0]
[23:59:02.704] PACKET[COM9] ground_station_status: rssi=-5, uptime=2204067, reserved=[0, 0, 0, 0, 0, 0]
[23:59:02.709] PACKET[COM9] ground_station_status: rssi=-5, uptime=2205067, reserved=[0, 0, 0, 0, 0, 0]
[23:59:02.716] PACKET[COM9] ground_station_status: rssi=-5, uptime=2206067, reserved=[0, 0, 0, 0, 0, 0]
[23:59:02.723] PACKET[COM9] ground_station_status: rssi=-5, uptime=2207067, reserved=[0, 0, 0, 0, 0, 0]
[23:59:02.730] PACKET[COM9] ground_station_status: rssi=-5, uptime=2208067, reserved=[0, 0, 0, 0, 0, 0]
[23:59:02.742] PACKET[COM9] ground_station_status: rssi=-5, uptime=2209067, reserved=[0, 0, 0, 0, 0, 0]
[23:59:02.751] PACKET[COM9] ground_station_status: rssi=-5, uptime=2210067, reserved=[0, 0, 0, 0, 0, 0]
[23:59:02.759] PACKET[COM9] ground_station_status: rssi=-5, uptime=2211067, reserved=[0, 0, 0, 0, 0, 0]
[23:59:02.764] PACKET[COM9] ground_station_status: rssi=-5, uptime=2212067, reserved=[0, 0, 0, 0, 0, 0]
[23:59:02.769] PACKET[COM9] ground_station_status: rssi=-5, uptime=2213067, reserved=[0, 0, 0, 0, 0, 0]
[23:59:02.777] PACKET[COM9] ground_station_status: rssi=-5, uptime=2214067, reserved=[0, 0, 0, 0, 0, 0]
[23:59:02.782] PACKET[COM9] ground_station_status: rssi=-5, uptime=2215067, reserved=[0, 0, 0, 0, 0, 0]
[23:59:02.788] PACKET[COM9] ground_station_status: rssi=-5, uptime=2216067, reserved=[0, 0, 0, 0, 0, 0]
[23:59:02.794] PACKET[COM9] ground_station_status: rssi=-5, uptime=2217067, reserved=[0, 0, 0, 0, 0, 0]
[23:59:02.799] PACKET[COM9] ground_station_status: rssi=-5, uptime=2218067, reserved=[0, 0, 0, 0, 0, 0]
[23:59:02.805] PACKET[COM9] ground_station_status: rssi=-5, uptime=2219067, reserved=[0, 0, 0, 0, 0, 0]
[23:59:02.812] PACKET[COM9] ground_station_status: rssi=-5, uptime=2220067, reserved=[0, 0, 0, 0, 0, 0]
[23:59:02.817] PACKET[COM9] ground_station_status: rssi=-5, uptime=2221067, reserved=[0, 0, 0, 0, 0, 0]
[23:59:02.823] PACKET[COM9] ground_station_status: rssi=-5, uptime=2222067, reserved=[0, 0, 0, 0, 0, 0]
[23:59:02.830] PACKET[COM9] ground_station_status: rssi=-5, uptime=2223067, reserved=[0, 0, 0, 0, 0, 0]
[23:59:02.835] PACKET[COM9] ground_station_status: rssi=-5, uptime=2224067, reserved=[0, 0, 0, 0, 0, 0]
[23:59:02.842] PACKET[COM9] ground_station_status: rssi=-5, uptime=2225067, reserved=[0, 0, 0, 0, 0, 0]
[23:59:02.847] PACKET[COM9] ground_station_status: rssi=-5, uptime=2226067, reserved=[0, 0, 0, 0, 0, 0]
[23:59:02.853] PACKET[COM9] ground_station_status: rssi=-5, uptime=2227067, reserved=[0, 0, 0, 0, 0, 0]
[23:59:02.860] PACKET[COM9] ground_station_status: rssi=-5, uptime=2228067, reserved=[0, 0, 0, 0, 0, 0]
[23:59:02.866] PACKET[COM9] ground_station_status: rssi=-5, uptime=2229067, reserved=[0, 0, 0, 0, 0, 0]
[23:59:02.872] PACKET[COM9] ground_station_status: rssi=-5, uptime=2230067, reserved=[0, 0, 0, 0, 0, 0]
[23:59:02.879] PACKET[COM9] ground_station_status: rssi=-5, uptime=2231067, reserved=[0, 0, 0, 0, 0, 0]
[23:59:02.885] PACKET[COM9] ground_station_status: rssi=-5, uptime=2232067, reserved=[0, 0, 0, 0, 0, 0]
[23:59:02.893] PACKET[COM9] ground_station_status: rssi=-5, uptime=2233067, reserved=[0, 0, 0, 0, 0, 0]
[23:59:02.898] PACKET[COM9] ground_station_status: rssi=-5, uptime=2234067, reserved=[0, 0, 0, 0, 0, 0]
[23:59:02.903] PACKET[COM9] ground_station_status: rssi=-5, uptime=2235067, reserved=[0, 0, 0, 0, 0, 0]
[23:59:02.910] PACKET[COM9] ground_station_status: rssi=-5, uptime=2236067, reserved=[0, 0, 0, 0, 0, 0]
[23:59:02.915] PACKET[COM9] ground_station_status: rssi=-5, uptime=2237067, reserved=[0, 0, 0, 0, 0, 0]
[23:59:02.920] PACKET[COM9] ground_station_status: rssi=-5, uptime=2238067, reserved=[0, 0, 0, 0, 0, 0]
[23:59:02.927] PACKET[COM9] ground_station_status: rssi=-5, uptime=2239067, reserved=[0, 0, 0, 0, 0, 0]
[23:59:02.933] PACKET[COM9] ground_station_status: rssi=-5, uptime=2240067, reserved=[0, 0, 0, 0, 0, 0]
[23:59:02.939] PACKET[COM9] ground_station_status: rssi=-5, uptime=2241067, reserved=[0, 0, 0, 0, 0, 0]
[23:59:02.945] PACKET[COM9] ground_station_status: rssi=-5, uptime=2242067, reserved=[0, 0, 0, 0, 0, 0]
[23:59:02.950] PACKET[COM9] ground_station_status: rssi=-5, uptime=2243067, reserved=[0, 0, 0, 0, 0, 0]
[23:59:02.957] PACKET[COM9] ground_station_status: rssi=-5, uptime=2244067, reserved=[0, 0, 0, 0, 0, 0]
[23:59:02.963] PACKET[COM9] ground_station_status: rssi=-5, uptime=2245067, reserved=[0, 0, 0, 0, 0, 0]
[23:59:02.968] PACKET[COM9] ground_station_status: rssi=-5, uptime=2246067, reserved=[0, 0, 0, 0, 0, 0]
[23:59:02.975] PACKET[COM9] ground_station_status: rssi=-5, uptime=2247067, reserved=[0, 0, 0, 0, 0, 0]
[23:59:02.981] PACKET[COM9] ground_station_status: rssi=-5, uptime=2248067, reserved=[0, 0, 0, 0, 0, 0]
[23:59:02.987] PACKET[COM9] ground_station_status: rssi=-5, uptime=2249067, reserved=[0, 0, 0, 0, 0, 0]
[23:59:02.994] PACKET[COM9] ground_station_status: rssi=-5, uptime=2250067, reserved=[0, 0, 0, 0, 0, 0]
[23:59:03.000] PACKET[COM9] ground_station_status: rssi=-5, uptime=2251067, reserved=[0, 0, 0, 0, 0, 0]
[23:59:03.007] PACKET[COM9] ground_station_status: rssi=-5, uptime=2252067, reserved=[0, 0, 0, 0, 0, 0]
[23:59:03.013] PACKET[COM9] ground_station_status: rssi=-5, uptime=2253067, reserved=[0, 0, 0, 0, 0, 0]
[23:59:03.019] PACKET[COM9] ground_station_status: rssi=-5, uptime=2254067, reserved=[0, 0, 0, 0, 0, 0]
[23:59:03.026] PACKET[COM9] ground_station_status: rssi=-5, uptime=2255067, reserved=[0, 0, 0, 0, 0, 0]
[23:59:03.031] PACKET[COM9] ground_station_status: rssi=-5, uptime=2256067, reserved=[0, 0, 0, 0, 0, 0]
[23:59:03.038] PACKET[COM9] ground_station_status: rssi=-5, uptime=2257067, reserved=[0, 0, 0, 0, 0, 0]
[23:59:03.043] PACKET[COM9] ground_station_status: rssi=-5, uptime=2258067, reserved=[0, 0, 0, 0, 0, 0]
[23:59:03.049] PACKET[COM9] ground_station_status: rssi=-5, uptime=2259067, reserved=[0, 0, 0, 0, 0, 0]
[23:59:03.056] PACKET[COM9] ground_station_status: rssi=-5, uptime=2260067, reserved=[0, 0, 0, 0, 0, 0]
[23:59:03.063] PACKET[COM9] ground_station_status: rssi=-5, uptime=2261067, reserved=[0, 0, 0, 0, 0, 0]
[23:59:03.070] PACKET[COM9] ground_station_status: rssi=-5, uptime=2262067, reserved=[0, 0, 0, 0, 0, 0]
[23:59:03.080] PACKET[COM9] ground_station_status: rssi=-5, uptime=2263067, reserved=[0, 0, 0, 0, 0, 0]
[23:59:03.089] PACKET[COM9] ground_station_status: rssi=-5, uptime=2264067, reserved=[0, 0, 0, 0, 0, 0]
[23:59:03.095] PACKET[COM9] ground_station_status: rssi=-5, uptime=2265067, reserved=[0, 0, 0, 0, 0, 0]
[23:59:03.102] PACKET[COM9] ground_station_status: rssi=-5, uptime=2266067, reserved=[0, 0, 0, 0, 0, 0]
[23:59:03.108] PACKET[COM9] ground_station_status: rssi=-5, uptime=2267067, reserved=[0, 0, 0, 0, 0, 0]
[23:59:03.112] PACKET[COM9] ground_station_status: rssi=-5, uptime=2268067, reserved=[0, 0, 0, 0, 0, 0]
[23:59:03.118] PACKET[COM9] ground_station_status: rssi=-5, uptime=2269067, reserved=[0, 0, 0, 0, 0, 0]
[23:59:03.124] PACKET[COM9] ground_station_status: rssi=-5, uptime=2270067, reserved=[0, 0, 0, 0, 0, 0]
[23:59:03.131] PACKET[COM9] ground_station_status: rssi=-5, uptime=2271067, reserved=[0, 0, 0, 0, 0, 0]
[23:59:03.138] PACKET[COM9] ground_station_status: rssi=-5, uptime=2272067, reserved=[0, 0, 0, 0, 0, 0]
[23:59:03.142] PACKET[COM9] ground_station_status: rssi=-5, uptime=2273067, reserved=[0, 0, 0, 0, 0, 0]
[23:59:03.149] PACKET[COM9] ground_station_status: rssi=-5, uptime=2274067, reserved=[0, 0, 0, 0, 0, 0]
[23:59:03.156] PACKET[COM9] ground_station_status: rssi=-5, uptime=2275067, reserved=[0, 0, 0, 0, 0, 0]
[23:59:03.162] PACKET[COM9] ground_station_status: rssi=-5, uptime=2276067, reserved=[0, 0, 0, 0, 0, 0]
[23:59:03.171] PACKET[COM9] ground_station_status: rssi=-5, uptime=2277067, reserved=[0, 0, 0, 0, 0, 0]
[23:59:03.177] PACKET[COM9] ground_station_status: rssi=-5, uptime=2278067, reserved=[0, 0, 0, 0, 0, 0]
[23:59:03.184] PACKET[COM9] ground_station_status: rssi=-5, uptime=2279067, reserved=[0, 0, 0, 0, 0, 0]
[23:59:03.190] PACKET[COM9] ground_station_status: rssi=-5, uptime=2280067, reserved=[0, 0, 0, 0, 0, 0]
[23:59:03.196] PACKET[COM9] ground_station_status: rssi=-5, uptime=2281067, reserved=[0, 0, 0, 0, 0, 0]
[23:59:03.204] PACKET[COM9] ground_station_status: rssi=-5, uptime=2282067, reserved=[0, 0, 0, 0, 0, 0]
[23:59:03.210] PACKET[COM9] ground_station_status: rssi=-5, uptime=2283067, reserved=[0, 0, 0, 0, 0, 0]
[23:59:03.218] PACKET[COM9] ground_station_status: rssi=-5, uptime=2284067, reserved=[0, 0, 0, 0, 0, 0]
[23:59:03.223] PACKET[COM9] ground_station_status: rssi=-5, uptime=2285067, reserved=[0, 0, 0, 0, 0, 0]
[23:59:03.228] PACKET[COM9] ground_station_status: rssi=-5, uptime=2286067, reserved=[0, 0, 0, 0, 0, 0]
[23:59:03.235] PACKET[COM9] ground_station_status: rssi=-5, uptime=2287067, reserved=[0, 0, 0, 0, 0, 0]
[23:59:03.240] PACKET[COM9] ground_station_status: rssi=-5, uptime=2288067, reserved=[0, 0, 0, 0, 0, 0]
[23:59:03.247] PACKET[COM9] ground_station_status: rssi=-5, uptime=2289067, reserved=[0, 0, 0, 0, 0, 0]
[23:59:03.254] PACKET[COM9] ground_station_status: rssi=-5, uptime=2290067, reserved=[0, 0, 0, 0, 0, 0]
[23:59:03.259] PACKET[COM9] ground_station_status: rssi=-5, uptime=2291067, reserved=[0, 0, 0, 0, 0, 0]
[23:59:03.267] PACKET[COM9] ground_station_status: rssi=-5, uptime=2292067, reserved=[0, 0, 0, 0, 0, 0]
[23:59:03.271] PACKET[COM9] ground_station_status: rssi=-5, uptime=2293067, reserved=[0, 0, 0, 0, 0, 0]
[23:59:03.280] PACKET[COM9] ground_station_status: rssi=-5, uptime=2294067, reserved=[0, 0, 0, 0, 0, 0]
[23:59:03.287] PACKET[COM9] ground_station_status: rssi=-5, uptime=2295067, reserved=[0, 0, 0, 0, 0, 0]
[23:59:03.301] PACKET[COM9] ground_station_status: rssi=-5, uptime=2296067, reserved=[0, 0, 0, 0, 0, 0]
[23:59:03.314] PACKET[COM9] ground_station_status: rssi=-5, uptime=2297067, reserved=[0, 0, 0, 0, 0, 0]
[23:59:03.320] PACKET[COM9] ground_station_status: rssi=-5, uptime=2298067, reserved=[0, 0, 0, 0, 0, 0]
[23:59:03.326] PACKET[COM9] ground_station_status: rssi=-5, uptime=2299067, reserved=[0, 0, 0, 0, 0, 0]
[23:59:03.331] PACKET[COM9] ground_station_status: rssi=-5, uptime=2300067, reserved=[0, 0, 0, 0, 0, 0]
[23:59:03.336] PACKET[COM9] ground_station_status: rssi=-5, uptime=2301067, reserved=[0, 0, 0, 0, 0, 0]
[23:59:03.348] PACKET[COM9] ground_station_status: rssi=-5, uptime=2302067, reserved=[0, 0, 0, 0, 0, 0]
[23:59:03.353] PACKET[COM9] ground_station_status: rssi=-5, uptime=2303067, reserved=[0, 0, 0, 0, 0, 0]
[23:59:03.359] PACKET[COM9] ground_station_status: rssi=-5, uptime=2304067, reserved=[0, 0, 0, 0, 0, 0]
[23:59:03.365] PACKET[COM9] ground_station_status: rssi=-5, uptime=2305067, reserved=[0, 0, 0, 0, 0, 0]
[23:59:03.371] PACKET[COM9] ground_station_status: rssi=-5, uptime=2306067, reserved=[0, 0, 0, 0, 0, 0]
[23:59:03.377] PACKET[COM9] ground_station_status: rssi=-5, uptime=2307067, reserved=[0, 0, 0, 0, 0, 0]
[23:59:03.382] PACKET[COM9] ground_station_status: rssi=-5, uptime=2308067, reserved=[0, 0, 0, 0, 0, 0]
[23:59:03.388] PACKET[COM9] ground_station_status: rssi=-5, uptime=2309067, reserved=[0, 0, 0, 0, 0, 0]
[23:59:03.394] PACKET[COM9] ground_station_status: rssi=-5, uptime=2310067, reserved=[0, 0, 0, 0, 0, 0]
[23:59:03.399] PACKET[COM9] ground_station_status: rssi=-5, uptime=2311067, reserved=[0, 0, 0, 0, 0, 0]
[23:59:03.405] PACKET[COM9] ground_station_status: rssi=-5, uptime=2312067, reserved=[0, 0, 0, 0, 0, 0]
[23:59:03.411] PACKET[COM9] ground_station_status: rssi=-5, uptime=2313067, reserved=[0, 0, 0, 0, 0, 0]
[23:59:03.417] PACKET[COM9] ground_station_status: rssi=-5, uptime=2314067, reserved=[0, 0, 0, 0, 0, 0]
[23:59:03.423] PACKET[COM9] ground_station_status: rssi=-5, uptime=2315067, reserved=[0, 0, 0, 0, 0, 0]
[23:59:03.430] PACKET[COM9] ground_station_status: rssi=-5, uptime=2316067, reserved=[0, 0, 0, 0, 0, 0]
[23:59:03.435] PACKET[COM9] ground_station_status: rssi=-5, uptime=2317067, reserved=[0, 0, 0, 0, 0, 0]
[23:59:03.441] PACKET[COM9] ground_station_status: rssi=-5, uptime=2318067, reserved=[0, 0, 0, 0, 0, 0]
[23:59:03.447] PACKET[COM9] ground_station_status: rssi=-5, uptime=2319067, reserved=[0, 0, 0, 0, 0, 0]
[23:59:03.452] PACKET[COM9] ground_station_status: rssi=-5, uptime=2320067, reserved=[0, 0, 0, 0, 0, 0]
[23:59:03.459] PACKET[COM9] ground_station_status: rssi=-5, uptime=2321067, reserved=[0, 0, 0, 0, 0, 0]
[23:59:03.464] PACKET[COM9] ground_station_status: rssi=-5, uptime=2322067, reserved=[0, 0, 0, 0, 0, 0]
[23:59:03.470] PACKET[COM9] ground_station_status: rssi=-5, uptime=2323067, reserved=[0, 0, 0, 0, 0, 0]
[23:59:03.476] PACKET[COM9] ground_station_status: rssi=-5, uptime=2324067, reserved=[0, 0, 0, 0, 0, 0]
[23:59:03.482] PACKET[COM9] ground_station_status: rssi=-5, uptime=2325067, reserved=[0, 0, 0, 0, 0, 0]
[23:59:03.488] PACKET[COM9] ground_station_status: rssi=-5, uptime=2326067, reserved=[0, 0, 0, 0, 0, 0]
[23:59:03.494] PACKET[COM9] ground_station_status: rssi=-5, uptime=2327067, reserved=[0, 0, 0, 0, 0, 0]
[23:59:03.499] PACKET[COM9] ground_station_status: rssi=-5, uptime=2328067, reserved=[0, 0, 0, 0, 0, 0]
[23:59:03.506] PACKET[COM9] ground_station_status: rssi=-5, uptime=2329067, reserved=[0, 0, 0, 0, 0, 0]
[23:59:03.519] PACKET[COM9] ground_station_status: rssi=-5, uptime=2330067, reserved=[0, 0, 0, 0, 0, 0]
[23:59:03.525] PACKET[COM9] ground_station_status: rssi=-5, uptime=2331067, reserved=[0, 0, 0, 0, 0, 0]
[23:59:03.531] PACKET[COM9] ground_station_status: rssi=-5, uptime=2332067, reserved=[0, 0, 0, 0, 0, 0]
[23:59:03.536] PACKET[COM9] ground_station_status: rssi=-5, uptime=2333067, reserved=[0, 0, 0, 0, 0, 0]
[23:59:03.542] PACKET[COM9] ground_station_status: rssi=-5, uptime=2334067, reserved=[0, 0, 0, 0, 0, 0]
[23:59:03.547] PACKET[COM9] ground_station_status: rssi=-5, uptime=2335067, reserved=[0, 0, 0, 0, 0, 0]
[23:59:03.553] PACKET[COM9] ground_station_status: rssi=-5, uptime=2336067, reserved=[0, 0, 0, 0, 0, 0]
[23:59:03.560] PACKET[COM9] ground_station_status: rssi=-5, uptime=2337067, reserved=[0, 0, 0, 0, 0, 0]
[23:59:03.566] PACKET[COM9] ground_station_status: rssi=-5, uptime=2338067, reserved=[0, 0, 0, 0, 0, 0]
[23:59:03.573] PACKET[COM9] ground_station_status: rssi=-5, uptime=2339067, reserved=[0, 0, 0, 0, 0, 0]
[23:59:03.578] PACKET[COM9] ground_station_status: rssi=-5, uptime=2340067, reserved=[0, 0, 0, 0, 0, 0]
[23:59:03.584] PACKET[COM9] ground_station_status: rssi=-5, uptime=2341067, reserved=[0, 0, 0, 0, 0, 0]
[23:59:03.592] PACKET[COM9] ground_station_status: rssi=-5, uptime=2342067, reserved=[0, 0, 0, 0, 0, 0]
[23:59:03.598] PACKET[COM9] ground_station_status: rssi=-5, uptime=2343067, reserved=[0, 0, 0, 0, 0, 0]
[23:59:03.602] PACKET[COM9] ground_station_status: rssi=-5, uptime=2344067, reserved=[0, 0, 0, 0, 0, 0]
[23:59:03.609] PACKET[COM9] ground_station_status: rssi=-5, uptime=2345067, reserved=[0, 0, 0, 0, 0, 0]
[23:59:03.615] PACKET[COM9] ground_station_status: rssi=-5, uptime=2346067, reserved=[0, 0, 0, 0, 0, 0]
[23:59:03.622] PACKET[COM9] ground_station_status: rssi=-5, uptime=2347067, reserved=[0, 0, 0, 0, 0, 0]
[23:59:03.627] PACKET[COM9] ground_station_status: rssi=-5, uptime=2348067, reserved=[0, 0, 0, 0, 0, 0]
[23:59:03.632] PACKET[COM9] ground_station_status: rssi=-5, uptime=2349067, reserved=[0, 0, 0, 0, 0, 0]
[23:59:03.639] PACKET[COM9] ground_station_status: rssi=-5, uptime=2350067, reserved=[0, 0, 0, 0, 0, 0]
[23:59:03.647] PACKET[COM9] ground_station_status: rssi=-5, uptime=2351067, reserved=[0, 0, 0, 0, 0, 0]
[23:59:03.654] PACKET[COM9] ground_station_status: rssi=-5, uptime=2352067, reserved=[0, 0, 0, 0, 0, 0]
[23:59:03.660] PACKET[COM9] ground_station_status: rssi=-5, uptime=2353067, reserved=[0, 0, 0, 0, 0, 0]
[23:59:03.665] PACKET[COM9] ground_station_status: rssi=-5, uptime=2354067, reserved=[0, 0, 0, 0, 0, 0]
[23:59:03.672] PACKET[COM9] ground_station_status: rssi=-5, uptime=2355067, reserved=[0, 0, 0, 0, 0, 0]
[23:59:03.677] PACKET[COM9] ground_station_status: rssi=-5, uptime=2356067, reserved=[0, 0, 0, 0, 0, 0]
[23:59:03.683] PACKET[COM9] ground_station_status: rssi=-5, uptime=2357067, reserved=[0, 0, 0, 0, 0, 0]
[23:59:03.693] PACKET[COM9] ground_station_status: rssi=-5, uptime=2358067, reserved=[0, 0, 0, 0, 0, 0]
[23:59:03.702] PACKET[COM9] ground_station_status: rssi=-5, uptime=2359067, reserved=[0, 0, 0, 0, 0, 0]
[23:59:03.713] PACKET[COM9] ground_station_status: rssi=-5, uptime=2360067, reserved=[0, 0, 0, 0, 0, 0]
[23:59:03.721] PACKET[COM9] ground_station_status: rssi=-5, uptime=2361067, reserved=[0, 0, 0, 0, 0, 0]
[23:59:03.726] PACKET[COM9] ground_station_status: rssi=-5, uptime=2362067, reserved=[0, 0, 0, 0, 0, 0]
[23:59:03.732] PACKET[COM9] ground_station_status: rssi=-5, uptime=2363067, reserved=[0, 0, 0, 0, 0, 0]
[23:59:03.735] PACKET[COM9] ground_station_status: rssi=-5, uptime=2364067, reserved=[0, 0, 0, 0, 0, 0]
[23:59:03.745] PACKET[COM9] ground_station_status: rssi=-5, uptime=2365067, reserved=[0, 0, 0, 0, 0, 0]
[23:59:03.757] PACKET[COM9] ground_station_status: rssi=-5, uptime=2366067, reserved=[0, 0, 0, 0, 0, 0]
[23:59:03.768] PACKET[COM9] ground_station_status: rssi=-5, uptime=2367067, reserved=[0, 0, 0, 0, 0, 0]
[23:59:03.774] PACKET[COM9] ground_station_status: rssi=-5, uptime=2368067, reserved=[0, 0, 0, 0, 0, 0]
[23:59:03.780] PACKET[COM9] ground_station_status: rssi=-5, uptime=2369067, reserved=[0, 0, 0, 0, 0, 0]
[23:59:03.786] PACKET[COM9] ground_station_status: rssi=-5, uptime=2370067, reserved=[0, 0, 0, 0, 0, 0]
[23:59:03.791] PACKET[COM9] ground_station_status: rssi=-5, uptime=2371067, reserved=[0, 0, 0, 0, 0, 0]
[23:59:03.800] PACKET[COM9] ground_station_status: rssi=-5, uptime=2372067, reserved=[0, 0, 0, 0, 0, 0]
[23:59:03.806] PACKET[COM9] ground_station_status: rssi=-5, uptime=2373067, reserved=[0, 0, 0, 0, 0, 0]
[23:59:03.813] PACKET[COM9] ground_station_status: rssi=-5, uptime=2374067, reserved=[0, 0, 0, 0, 0, 0]
[23:59:03.820] PACKET[COM9] ground_station_status: rssi=-5, uptime=2375067, reserved=[0, 0, 0, 0, 0, 0]
[23:59:03.826] PACKET[COM9] ground_station_status: rssi=-5, uptime=2376067, reserved=[0, 0, 0, 0, 0, 0]
[23:59:03.831] PACKET[COM9] ground_station_status: rssi=-5, uptime=2377067, reserved=[0, 0, 0, 0, 0, 0]
[23:59:03.837] PACKET[COM9] ground_station_status: rssi=-5, uptime=2378067, reserved=[0, 0, 0, 0, 0, 0]
[23:59:03.842] PACKET[COM9] ground_station_status: rssi=-5, uptime=2379067, reserved=[0, 0, 0, 0, 0, 0]
[23:59:03.843] PACKET[COM9] ground_station_status: rssi=-5, uptime=2380067, reserved=[0, 0, 0, 0, 0, 0]
[23:59:03.846] PACKET[COM9] ground_station_status: rssi=-5, uptime=2381067, reserved=[0, 0, 0, 0, 0, 0]
[23:59:03.852] PACKET[COM9] ground_station_status: rssi=-5, uptime=2382067, reserved=[0, 0, 0, 0, 0, 0]
[23:59:03.857] PACKET[COM9] ground_station_status: rssi=-5, uptime=2383067, reserved=[0, 0, 0, 0, 0, 0]
[23:59:03.862] PACKET[COM9] ground_station_status: rssi=-5, uptime=2384067, reserved=[0, 0, 0, 0, 0, 0]
[23:59:03.868] PACKET[COM9] ground_station_status: rssi=-5, uptime=2385067, reserved=[0, 0, 0, 0, 0, 0]
[23:59:03.874] PACKET[COM9] ground_station_status: rssi=-5, uptime=2386067, reserved=[0, 0, 0, 0, 0, 0]
[23:59:03.880] PACKET[COM9] ground_station_status: rssi=-5, uptime=2387067, reserved=[0, 0, 0, 0, 0, 0]
[23:59:03.884] PACKET[COM9] ground_station_status: rssi=-5, uptime=2388067, reserved=[0, 0, 0, 0, 0, 0]
[23:59:03.890] PACKET[COM9] ground_station_status: rssi=-5, uptime=2389067, reserved=[0, 0, 0, 0, 0, 0]
[23:59:03.894] PACKET[COM9] ground_station_status: rssi=-5, uptime=2390067, reserved=[0, 0, 0, 0, 0, 0]
[23:59:03.900] PACKET[COM9] ground_station_status: rssi=-5, uptime=2391067, reserved=[0, 0, 0, 0, 0, 0]
[23:59:03.905] PACKET[COM9] ground_station_status: rssi=-5, uptime=2392067, reserved=[0, 0, 0, 0, 0, 0]
[23:59:03.909] PACKET[COM9] ground_station_status: rssi=-5, uptime=2393067, reserved=[0, 0, 0, 0, 0, 0]
[23:59:03.914] PACKET[COM9] ground_station_status: rssi=-5, uptime=2394067, reserved=[0, 0, 0, 0, 0, 0]
[23:59:03.919] PACKET[COM9] ground_station_status: rssi=-5, uptime=2395067, reserved=[0, 0, 0, 0, 0, 0]
[23:59:03.923] PACKET[COM9] ground_station_status: rssi=-5, uptime=2396067, reserved=[0, 0, 0, 0, 0, 0]
[23:59:03.924] PACKET[COM9] ground_station_status: rssi=-5, uptime=2397067, reserved=[0, 0, 0, 0, 0, 0]
[23:59:03.925] PACKET[COM9] ground_station_status: rssi=-5, uptime=2398067, reserved=[0, 0, 0, 0, 0, 0]
[23:59:03.926] PACKET[COM9] ground_station_status: rssi=-5, uptime=2399067, reserved=[0, 0, 0, 0, 0, 0]
[23:59:03.929] PACKET[COM9] ground_station_status: rssi=-5, uptime=2400067, reserved=[0, 0, 0, 0, 0, 0]
[23:59:03.934] PACKET[COM9] ground_station_status: rssi=-5, uptime=2401067, reserved=[0, 0, 0, 0, 0, 0]
[23:59:03.939] PACKET[COM9] ground_station_status: rssi=-5, uptime=2402067, reserved=[0, 0, 0, 0, 0, 0]
[23:59:03.942] PACKET[COM9] ground_station_status: rssi=-5, uptime=2403067, reserved=[0, 0, 0, 0, 0, 0]
[23:59:03.947] PACKET[COM9] ground_station_status: rssi=-5, uptime=2404067, reserved=[0, 0, 0, 0, 0, 0]
[23:59:03.951] PACKET[COM9] ground_station_status: rssi=-5, uptime=2405067, reserved=[0, 0, 0, 0, 0, 0]
[23:59:03.956] PACKET[COM9] ground_station_status: rssi=-5, uptime=2406067, reserved=[0, 0, 0, 0, 0, 0]
[23:59:03.961] PACKET[COM9] ground_station_status: rssi=-5, uptime=2407067, reserved=[0, 0, 0, 0, 0, 0]
[23:59:03.965] PACKET[COM9] ground_station_status: rssi=-5, uptime=2408067, reserved=[0, 0, 0, 0, 0, 0]
[23:59:03.971] PACKET[COM9] ground_station_status: rssi=-5, uptime=2409067, reserved=[0, 0, 0, 0, 0, 0]
[23:59:03.977] PACKET[COM9] ground_station_status: rssi=-5, uptime=2410067, reserved=[0, 0, 0, 0, 0, 0]
[23:59:03.982] PACKET[COM9] ground_station_status: rssi=-5, uptime=2411067, reserved=[0, 0, 0, 0, 0, 0]
[23:59:03.988] PACKET[COM9] ground_station_status: rssi=-5, uptime=2412067, reserved=[0, 0, 0, 0, 0, 0]
[23:59:03.993] PACKET[COM9] ground_station_status: rssi=-5, uptime=2413067, reserved=[0, 0, 0, 0, 0, 0]
[23:59:03.998] PACKET[COM9] ground_station_status: rssi=-5, uptime=2414067, reserved=[0, 0, 0, 0, 0, 0]
[23:59:04.003] PACKET[COM9] ground_station_status: rssi=-5, uptime=2415067, reserved=[0, 0, 0, 0, 0, 0]
[23:59:04.008] PACKET[COM9] ground_station_status: rssi=-5, uptime=2416067, reserved=[0, 0, 0, 0, 0, 0]
[23:59:04.013] PACKET[COM9] ground_station_status: rssi=-5, uptime=2417067, reserved=[0, 0, 0, 0, 0, 0]
[23:59:04.019] PACKET[COM9] ground_station_status: rssi=-5, uptime=2418067, reserved=[0, 0, 0, 0, 0, 0]
[23:59:04.021] PACKET[COM9] ground_station_status: rssi=-5, uptime=2419067, reserved=[0, 0, 0, 0, 0, 0]
[23:59:04.026] PACKET[COM9] ground_station_status: rssi=-5, uptime=2420067, reserved=[0, 0, 0, 0, 0, 0]
[23:59:04.031] PACKET[COM9] ground_station_status: rssi=-5, uptime=2421067, reserved=[0, 0, 0, 0, 0, 0]
[23:59:04.036] PACKET[COM9] ground_station_status: rssi=-5, uptime=2422067, reserved=[0, 0, 0, 0, 0, 0]
[23:59:04.040] PACKET[COM9] ground_station_status: rssi=-5, uptime=2423067, reserved=[0, 0, 0, 0, 0, 0]
[23:59:04.044] PACKET[COM9] ground_station_status: rssi=-5, uptime=2424067, reserved=[0, 0, 0, 0, 0, 0]
[23:59:04.049] PACKET[COM9] ground_station_status: rssi=-5, uptime=2425067, reserved=[0, 0, 0, 0, 0, 0]
[23:59:04.054] PACKET[COM9] ground_station_status: rssi=-5, uptime=2426067, reserved=[0, 0, 0, 0, 0, 0]
[23:59:04.059] PACKET[COM9] ground_station_status: rssi=-5, uptime=2427067, reserved=[0, 0, 0, 0, 0, 0]
[23:59:04.064] PACKET[COM9] ground_station_status: rssi=-5, uptime=2428067, reserved=[0, 0, 0, 0, 0, 0]
[23:59:04.071] PACKET[COM9] ground_station_status: rssi=-5, uptime=2429067, reserved=[0, 0, 0, 0, 0, 0]
[23:59:04.078] PACKET[COM9] ground_station_status: rssi=-5, uptime=2430067, reserved=[0, 0, 0, 0, 0, 0]
[23:59:04.084] PACKET[COM9] ground_station_status: rssi=-5, uptime=2431067, reserved=[0, 0, 0, 0, 0, 0]
[23:59:04.087] PACKET[COM9] ground_station_status: rssi=-5, uptime=2432067, reserved=[0, 0, 0, 0, 0, 0]
[23:59:04.094] PACKET[COM9] ground_station_status: rssi=-5, uptime=2433067, reserved=[0, 0, 0, 0, 0, 0]
[23:59:04.099] PACKET[COM9] ground_station_status: rssi=-5, uptime=2434067, reserved=[0, 0, 0, 0, 0, 0]
[23:59:04.106] PACKET[COM9] ground_station_status: rssi=-5, uptime=2435067, reserved=[0, 0, 0, 0, 0, 0]
[23:59:04.113] PACKET[COM9] ground_station_status: rssi=-5, uptime=2436067, reserved=[0, 0, 0, 0, 0, 0]
[23:59:04.119] PACKET[COM9] ground_station_status: rssi=-5, uptime=2437067, reserved=[0, 0, 0, 0, 0, 0]
[23:59:04.126] PACKET[COM9] ground_station_status: rssi=-5, uptime=2438067, reserved=[0, 0, 0, 0, 0, 0]
[23:59:04.131] PACKET[COM9] ground_station_status: rssi=-5, uptime=2439067, reserved=[0, 0, 0, 0, 0, 0]
[23:59:04.136] PACKET[COM9] ground_station_status: rssi=-5, uptime=2440067, reserved=[0, 0, 0, 0, 0, 0]
[23:59:04.140] PACKET[COM9] ground_station_status: rssi=-5, uptime=2441067, reserved=[0, 0, 0, 0, 0, 0]
[23:59:04.141] PACKET[COM9] ground_station_status: rssi=-5, uptime=2442067, reserved=[0, 0, 0, 0, 0, 0]
[23:59:04.143] PACKET[COM9] ground_station_status: rssi=-5, uptime=2443067, reserved=[0, 0, 0, 0, 0, 0]
[23:59:04.151] PACKET[COM9] ground_station_status: rssi=-5, uptime=2444067, reserved=[0, 0, 0, 0, 0, 0]
[23:59:04.158] PACKET[COM9] ground_station_status: rssi=-5, uptime=2445067, reserved=[0, 0, 0, 0, 0, 0]
[23:59:04.162] PACKET[COM9] ground_station_status: rssi=-5, uptime=2446067, reserved=[0, 0, 0, 0, 0, 0]
[23:59:04.168] PACKET[COM9] ground_station_status: rssi=-5, uptime=2447067, reserved=[0, 0, 0, 0, 0, 0]
[23:59:04.175] PACKET[COM9] ground_station_status: rssi=-5, uptime=2448067, reserved=[0, 0, 0, 0, 0, 0]
[23:59:04.180] PACKET[COM9] ground_station_status: rssi=-5, uptime=2449067, reserved=[0, 0, 0, 0, 0, 0]
[23:59:04.186] PACKET[COM9] ground_station_status: rssi=-5, uptime=2450067, reserved=[0, 0, 0, 0, 0, 0]
[23:59:04.192] PACKET[COM9] ground_station_status: rssi=-5, uptime=2451067, reserved=[0, 0, 0, 0, 0, 0]
[23:59:04.197] PACKET[COM9] ground_station_status: rssi=-5, uptime=2452067, reserved=[0, 0, 0, 0, 0, 0]
[23:59:04.205] PACKET[COM9] ground_station_status: rssi=-5, uptime=2453067, reserved=[0, 0, 0, 0, 0, 0]
[23:59:04.209] PACKET[COM9] ground_station_status: rssi=-5, uptime=2454067, reserved=[0, 0, 0, 0, 0, 0]
[23:59:04.214] PACKET[COM9] ground_station_status: rssi=-5, uptime=2455067, reserved=[0, 0, 0, 0, 0, 0]
[23:59:04.225] PACKET[COM9] ground_station_status: rssi=-5, uptime=2456067, reserved=[0, 0, 0, 0, 0, 0]
[23:59:04.230] PACKET[COM9] ground_station_status: rssi=-5, uptime=2457067, reserved=[0, 0, 0, 0, 0, 0]
[23:59:04.236] PACKET[COM9] ground_station_status: rssi=-5, uptime=2458067, reserved=[0, 0, 0, 0, 0, 0]
[23:59:04.241] PACKET[COM9] ground_station_status: rssi=-5, uptime=2459067, reserved=[0, 0, 0, 0, 0, 0]
[23:59:04.246] PACKET[COM9] ground_station_status: rssi=-5, uptime=2460067, reserved=[0, 0, 0, 0, 0, 0]
[23:59:04.251] PACKET[COM9] ground_station_status: rssi=-5, uptime=2461067, reserved=[0, 0, 0, 0, 0, 0]
[23:59:04.259] PACKET[COM9] ground_station_status: rssi=-5, uptime=2462067, reserved=[0, 0, 0, 0, 0, 0]
[23:59:04.261] PACKET[COM9] ground_station_status: rssi=-5, uptime=2463067, reserved=[0, 0, 0, 0, 0, 0]
[23:59:04.262] PACKET[COM9] ground_station_status: rssi=-5, uptime=2464067, reserved=[0, 0, 0, 0, 0, 0]
[23:59:04.263] PACKET[COM9] ground_station_status: rssi=-5, uptime=2465067, reserved=[0, 0, 0, 0, 0, 0]
[23:59:04.270] PACKET[COM9] ground_station_status: rssi=-5, uptime=2466067, reserved=[0, 0, 0, 0, 0, 0]
[23:59:04.275] PACKET[COM9] ground_station_status: rssi=-5, uptime=2467067, reserved=[0, 0, 0, 0, 0, 0]
[23:59:04.278] PACKET[COM9] ground_station_status: rssi=-5, uptime=2468067, reserved=[0, 0, 0, 0, 0, 0]
[23:59:04.284] PACKET[COM9] ground_station_status: rssi=-5, uptime=2469067, reserved=[0, 0, 0, 0, 0, 0]
[23:59:04.290] PACKET[COM9] ground_station_status: rssi=-5, uptime=2470067, reserved=[0, 0, 0, 0, 0, 0]
[23:59:04.294] PACKET[COM9] ground_station_status: rssi=-5, uptime=2471067, reserved=[0, 0, 0, 0, 0, 0]
[23:59:04.300] PACKET[COM9] ground_station_status: rssi=-5, uptime=2472067, reserved=[0, 0, 0, 0, 0, 0]
[23:59:04.307] PACKET[COM9] ground_station_status: rssi=-5, uptime=2473067, reserved=[0, 0, 0, 0, 0, 0]
[23:59:04.313] PACKET[COM9] ground_station_status: rssi=-5, uptime=2474067, reserved=[0, 0, 0, 0, 0, 0]
[23:59:04.319] PACKET[COM9] ground_station_status: rssi=-5, uptime=2475067, reserved=[0, 0, 0, 0, 0, 0]
[23:59:04.325] PACKET[COM9] ground_station_status: rssi=-5, uptime=2476067, reserved=[0, 0, 0, 0, 0, 0]
[23:59:04.331] PACKET[COM9] ground_station_status: rssi=-5, uptime=2477067, reserved=[0, 0, 0, 0, 0, 0]
[23:59:04.340] PACKET[COM9] ground_station_status: rssi=-5, uptime=2478067, reserved=[0, 0, 0, 0, 0, 0]
[23:59:04.348] PACKET[COM9] ground_station_status: rssi=-5, uptime=2479067, reserved=[0, 0, 0, 0, 0, 0]
[23:59:04.355] PACKET[COM9] ground_station_status: rssi=-5, uptime=2480067, reserved=[0, 0, 0, 0, 0, 0]
[23:59:04.363] PACKET[COM9] ground_station_status: rssi=-5, uptime=2481067, reserved=[0, 0, 0, 0, 0, 0]
[23:59:04.368] PACKET[COM9] ground_station_status: rssi=-5, uptime=2482067, reserved=[0, 0, 0, 0, 0, 0]
[23:59:04.373] PACKET[COM9] ground_station_status: rssi=-5, uptime=2483067, reserved=[0, 0, 0, 0, 0, 0]
[23:59:04.379] PACKET[COM9] ground_station_status: rssi=-5, uptime=2484067, reserved=[0, 0, 0, 0, 0, 0]
[23:59:04.386] PACKET[COM9] ground_station_status: rssi=-5, uptime=2485067, reserved=[0, 0, 0, 0, 0, 0]
[23:59:04.392] PACKET[COM9] ground_station_status: rssi=-5, uptime=2486067, reserved=[0, 0, 0, 0, 0, 0]
[23:59:04.399] PACKET[COM9] ground_station_status: rssi=-5, uptime=2487067, reserved=[0, 0, 0, 0, 0, 0]
[23:59:04.403] PACKET[COM9] ground_station_status: rssi=-5, uptime=2488067, reserved=[0, 0, 0, 0, 0, 0]
[23:59:04.408] PACKET[COM9] ground_station_status: rssi=-5, uptime=2489067, reserved=[0, 0, 0, 0, 0, 0]
[23:59:04.412] PACKET[COM9] ground_station_status: rssi=-5, uptime=2490067, reserved=[0, 0, 0, 0, 0, 0]
[23:59:04.418] PACKET[COM9] ground_station_status: rssi=-5, uptime=2491067, reserved=[0, 0, 0, 0, 0, 0]
[23:59:04.424] PACKET[COM9] ground_station_status: rssi=-5, uptime=2492067, reserved=[0, 0, 0, 0, 0, 0]
[23:59:04.429] PACKET[COM9] ground_station_status: rssi=-5, uptime=2493067, reserved=[0, 0, 0, 0, 0, 0]
[23:59:04.436] PACKET[COM9] ground_station_status: rssi=-5, uptime=2494067, reserved=[0, 0, 0, 0, 0, 0]
[23:59:04.442] PACKET[COM9] ground_station_status: rssi=-5, uptime=2495067, reserved=[0, 0, 0, 0, 0, 0]
[23:59:04.448] PACKET[COM9] ground_station_status: rssi=-5, uptime=2496067, reserved=[0, 0, 0, 0, 0, 0]
[23:59:04.454] PACKET[COM9] ground_station_status: rssi=-5, uptime=2497067, reserved=[0, 0, 0, 0, 0, 0]
[23:59:04.460] PACKET[COM9] ground_station_status: rssi=-5, uptime=2498067, reserved=[0, 0, 0, 0, 0, 0]
[23:59:04.465] PACKET[COM9] ground_station_status: rssi=-5, uptime=2499067, reserved=[0, 0, 0, 0, 0, 0]
[23:59:04.472] PACKET[COM9] ground_station_status: rssi=-5, uptime=2500067, reserved=[0, 0, 0, 0, 0, 0]
[23:59:04.477] PACKET[COM9] ground_station_status: rssi=-5, uptime=2501067, reserved=[0, 0, 0, 0, 0, 0]
[23:59:04.483] PACKET[COM9] ground_station_status: rssi=-5, uptime=2502067, reserved=[0, 0, 0, 0, 0, 0]
[23:59:04.489] PACKET[COM9] ground_station_status: rssi=-5, uptime=2503067, reserved=[0, 0, 0, 0, 0, 0]
[23:59:04.494] PACKET[COM9] ground_station_status: rssi=-5, uptime=2504067, reserved=[0, 0, 0, 0, 0, 0]
[23:59:04.500] PACKET[COM9] ground_station_status: rssi=-5, uptime=2505067, reserved=[0, 0, 0, 0, 0, 0]
[23:59:04.504] PACKET[COM9] ground_station_status: rssi=-5, uptime=2506067, reserved=[0, 0, 0, 0, 0, 0]
[23:59:04.509] PACKET[COM9] ground_station_status: rssi=-5, uptime=2507067, reserved=[0, 0, 0, 0, 0, 0]
[23:59:04.515] PACKET[COM9] ground_station_status: rssi=-5, uptime=2508067, reserved=[0, 0, 0, 0, 0, 0]
[23:59:04.520] PACKET[COM9] ground_station_status: rssi=-5, uptime=2509067, reserved=[0, 0, 0, 0, 0, 0]
[23:59:04.524] PACKET[COM9] ground_station_status: rssi=-5, uptime=2510067, reserved=[0, 0, 0, 0, 0, 0]
[23:59:04.531] PACKET[COM9] ground_station_status: rssi=-5, uptime=2511067, reserved=[0, 0, 0, 0, 0, 0]
[23:59:04.538] PACKET[COM9] ground_station_status: rssi=-5, uptime=2512067, reserved=[0, 0, 0, 0, 0, 0]
[23:59:04.543] PACKET[COM9] ground_station_status: rssi=-5, uptime=2513067, reserved=[0, 0, 0, 0, 0, 0]
[23:59:04.551] PACKET[COM9] ground_station_status: rssi=-5, uptime=2514067, reserved=[0, 0, 0, 0, 0, 0]
[23:59:04.556] PACKET[COM9] ground_station_status: rssi=-5, uptime=2515067, reserved=[0, 0, 0, 0, 0, 0]
[23:59:04.560] PACKET[COM9] ground_station_status: rssi=-5, uptime=2516067, reserved=[0, 0, 0, 0, 0, 0]
[23:59:04.567] PACKET[COM9] ground_station_status: rssi=-5, uptime=2517067, reserved=[0, 0, 0, 0, 0, 0]
[23:59:04.572] PACKET[COM9] ground_station_status: rssi=-5, uptime=2518067, reserved=[0, 0, 0, 0, 0, 0]
[23:59:04.577] PACKET[COM9] ground_station_status: rssi=-5, uptime=2519067, reserved=[0, 0, 0, 0, 0, 0]
[23:59:04.584] PACKET[COM9] ground_station_status: rssi=-5, uptime=2520067, reserved=[0, 0, 0, 0, 0, 0]
[23:59:04.589] PACKET[COM9] ground_station_status: rssi=-5, uptime=2521067, reserved=[0, 0, 0, 0, 0, 0]
[23:59:04.592] PACKET[COM9] ground_station_status: rssi=-5, uptime=2522067, reserved=[0, 0, 0, 0, 0, 0]
[23:59:04.596] PACKET[COM9] ground_station_status: rssi=-5, uptime=2523067, reserved=[0, 0, 0, 0, 0, 0]
[23:59:04.600] PACKET[COM9] ground_station_status: rssi=-5, uptime=2524067, reserved=[0, 0, 0, 0, 0, 0]
[23:59:04.604] PACKET[COM9] ground_station_status: rssi=-5, uptime=2525067, reserved=[0, 0, 0, 0, 0, 0]
[23:59:04.609] PACKET[COM9] ground_station_status: rssi=-5, uptime=2526067, reserved=[0, 0, 0, 0, 0, 0]
[23:59:04.615] PACKET[COM9] ground_station_status: rssi=-5, uptime=2527067, reserved=[0, 0, 0, 0, 0, 0]
[23:59:04.621] PACKET[COM9] ground_station_status: rssi=-5, uptime=2528067, reserved=[0, 0, 0, 0, 0, 0]
[23:59:04.626] PACKET[COM9] ground_station_status: rssi=-5, uptime=2529067, reserved=[0, 0, 0, 0, 0, 0]
[23:59:04.632] PACKET[COM9] ground_station_status: rssi=-5, uptime=2530067, reserved=[0, 0, 0, 0, 0, 0]
[23:59:04.637] PACKET[COM9] ground_station_status: rssi=-5, uptime=2531067, reserved=[0, 0, 0, 0, 0, 0]
[23:59:04.644] PACKET[COM9] ground_station_status: rssi=-5, uptime=2532067, reserved=[0, 0, 0, 0, 0, 0]
[23:59:04.654] PACKET[COM9] ground_station_status: rssi=-5, uptime=2533067, reserved=[0, 0, 0, 0, 0, 0]
[23:59:04.657] PACKET[COM9] ground_station_status: rssi=-5, uptime=2534067, reserved=[0, 0, 0, 0, 0, 0]
[23:59:04.658] PACKET[COM9] ground_station_status: rssi=-5, uptime=2535067, reserved=[0, 0, 0, 0, 0, 0]
[23:59:04.659] PACKET[COM9] ground_station_status: rssi=-5, uptime=2536067, reserved=[0, 0, 0, 0, 0, 0]
[23:59:04.662] PACKET[COM9] ground_station_status: rssi=-5, uptime=2537067, reserved=[0, 0, 0, 0, 0, 0]
[23:59:04.667] PACKET[COM9] ground_station_status: rssi=-5, uptime=2538067, reserved=[0, 0, 0, 0, 0, 0]
[23:59:04.672] PACKET[COM9] ground_station_status: rssi=-5, uptime=2539067, reserved=[0, 0, 0, 0, 0, 0]
[23:59:04.676] PACKET[COM9] ground_station_status: rssi=-5, uptime=2540067, reserved=[0, 0, 0, 0, 0, 0]
[23:59:04.683] PACKET[COM9] ground_station_status: rssi=-5, uptime=2541067, reserved=[0, 0, 0, 0, 0, 0]
[23:59:04.691] PACKET[COM9] ground_station_status: rssi=-5, uptime=2542067, reserved=[0, 0, 0, 0, 0, 0]
[23:59:04.699] PACKET[COM9] ground_station_status: rssi=-5, uptime=2543067, reserved=[0, 0, 0, 0, 0, 0]
[23:59:04.701] PACKET[COM9] ground_station_status: rssi=-5, uptime=2544067, reserved=[0, 0, 0, 0, 0, 0]
[23:59:04.713] PACKET[COM9] ground_station_status: rssi=-5, uptime=2545067, reserved=[0, 0, 0, 0, 0, 0]
[23:59:04.717] PACKET[COM9] ground_station_status: rssi=-5, uptime=2546067, reserved=[0, 0, 0, 0, 0, 0]
[23:59:04.723] PACKET[COM9] ground_station_status: rssi=-5, uptime=2547067, reserved=[0, 0, 0, 0, 0, 0]
[23:59:04.728] PACKET[COM9] ground_station_status: rssi=-5, uptime=2548067, reserved=[0, 0, 0, 0, 0, 0]
[23:59:04.732] PACKET[COM9] ground_station_status: rssi=-5, uptime=2549067, reserved=[0, 0, 0, 0, 0, 0]
[23:59:04.734] PACKET[COM9] ground_station_status: rssi=-5, uptime=2550067, reserved=[0, 0, 0, 0, 0, 0]
[23:59:04.735] PACKET[COM9] ground_station_status: rssi=-5, uptime=2551067, reserved=[0, 0, 0, 0, 0, 0]
[23:59:04.745] PACKET[COM9] ground_station_status: rssi=-5, uptime=2552067, reserved=[0, 0, 0, 0, 0, 0]
[23:59:04.752] PACKET[COM9] ground_station_status: rssi=-5, uptime=2553067, reserved=[0, 0, 0, 0, 0, 0]
[23:59:04.759] PACKET[COM9] ground_station_status: rssi=-5, uptime=2554067, reserved=[0, 0, 0, 0, 0, 0]
[23:59:04.764] PACKET[COM9] ground_station_status: rssi=-5, uptime=2555067, reserved=[0, 0, 0, 0, 0, 0]
[23:59:04.768] PACKET[COM9] ground_station_status: rssi=-5, uptime=2556067, reserved=[0, 0, 0, 0, 0, 0]
[23:59:04.774] PACKET[COM9] ground_station_status: rssi=-5, uptime=2557067, reserved=[0, 0, 0, 0, 0, 0]
[23:59:04.779] PACKET[COM9] ground_station_status: rssi=-5, uptime=2558067, reserved=[0, 0, 0, 0, 0, 0]
[23:59:04.783] PACKET[COM9] ground_station_status: rssi=-5, uptime=2559067, reserved=[0, 0, 0, 0, 0, 0]
[23:59:04.787] PACKET[COM9] ground_station_status: rssi=-5, uptime=2560067, reserved=[0, 0, 0, 0, 0, 0]
[23:59:04.794] PACKET[COM9] ground_station_status: rssi=-5, uptime=2561067, reserved=[0, 0, 0, 0, 0, 0]
[23:59:04.799] PACKET[COM9] ground_station_status: rssi=-5, uptime=2562067, reserved=[0, 0, 0, 0, 0, 0]
[23:59:04.802] PACKET[COM9] ground_station_status: rssi=-5, uptime=2563067, reserved=[0, 0, 0, 0, 0, 0]
[23:59:04.807] PACKET[COM9] ground_station_status: rssi=-5, uptime=2564067, reserved=[0, 0, 0, 0, 0, 0]
[23:59:04.812] PACKET[COM9] ground_station_status: rssi=-5, uptime=2565067, reserved=[0, 0, 0, 0, 0, 0]
[23:59:04.817] PACKET[COM9] ground_station_status: rssi=-5, uptime=2566067, reserved=[0, 0, 0, 0, 0, 0]
[23:59:04.818] PACKET[COM9] ground_station_status: rssi=-5, uptime=2567067, reserved=[0, 0, 0, 0, 0, 0]
[23:59:04.819] PACKET[COM9] ground_station_status: rssi=-5, uptime=2568067, reserved=[0, 0, 0, 0, 0, 0]
[23:59:04.825] PACKET[COM9] ground_station_status: rssi=-5, uptime=2569067, reserved=[0, 0, 0, 0, 0, 0]
[23:59:04.830] PACKET[COM9] ground_station_status: rssi=-5, uptime=2570067, reserved=[0, 0, 0, 0, 0, 0]
[23:59:04.835] PACKET[COM9] ground_station_status: rssi=-5, uptime=2571067, reserved=[0, 0, 0, 0, 0, 0]
[23:59:04.840] PACKET[COM9] ground_station_status: rssi=-5, uptime=2572067, reserved=[0, 0, 0, 0, 0, 0]
[23:59:04.845] PACKET[COM9] ground_station_status: rssi=-5, uptime=2573067, reserved=[0, 0, 0, 0, 0, 0]
[23:59:04.851] PACKET[COM9] ground_station_status: rssi=-5, uptime=2574067, reserved=[0, 0, 0, 0, 0, 0]
[23:59:04.857] PACKET[COM9] ground_station_status: rssi=-5, uptime=2575067, reserved=[0, 0, 0, 0, 0, 0]
[23:59:04.863] PACKET[COM9] ground_station_status: rssi=-5, uptime=2576067, reserved=[0, 0, 0, 0, 0, 0]
[23:59:04.867] PACKET[COM9] ground_station_status: rssi=-5, uptime=2577067, reserved=[0, 0, 0, 0, 0, 0]
[23:59:04.875] PACKET[COM9] ground_station_status: rssi=-5, uptime=2578067, reserved=[0, 0, 0, 0, 0, 0]
[23:59:04.881] PACKET[COM9] ground_station_status: rssi=-5, uptime=2579067, reserved=[0, 0, 0, 0, 0, 0]
[23:59:04.888] PACKET[COM9] ground_station_status: rssi=-5, uptime=2580067, reserved=[0, 0, 0, 0, 0, 0]
[23:59:04.892] PACKET[COM9] ground_station_status: rssi=-5, uptime=2581067, reserved=[0, 0, 0, 0, 0, 0]
[23:59:04.898] PACKET[COM9] ground_station_status: rssi=-5, uptime=2582067, reserved=[0, 0, 0, 0, 0, 0]
[23:59:04.905] PACKET[COM9] ground_station_status: rssi=-5, uptime=2583067, reserved=[0, 0, 0, 0, 0, 0]
[23:59:04.911] PACKET[COM9] ground_station_status: rssi=-5, uptime=2584067, reserved=[0, 0, 0, 0, 0, 0]
[23:59:04.916] PACKET[COM9] ground_station_status: rssi=-5, uptime=2585067, reserved=[0, 0, 0, 0, 0, 0]
[23:59:04.922] PACKET[COM9] ground_station_status: rssi=-5, uptime=2586067, reserved=[0, 0, 0, 0, 0, 0]
[23:59:04.923] PACKET[COM9] ground_station_status: rssi=-5, uptime=2587067, reserved=[0, 0, 0, 0, 0, 0]
[23:59:04.926] PACKET[COM9] ground_station_status: rssi=-5, uptime=2588067, reserved=[0, 0, 0, 0, 0, 0]
[23:59:04.931] PACKET[COM9] ground_station_status: rssi=-5, uptime=2589067, reserved=[0, 0, 0, 0, 0, 0]
[23:59:04.936] PACKET[COM9] ground_station_status: rssi=-5, uptime=2590067, reserved=[0, 0, 0, 0, 0, 0]
[23:59:04.941] PACKET[COM9] ground_station_status: rssi=-5, uptime=2591067, reserved=[0, 0, 0, 0, 0, 0]
[23:59:04.947] PACKET[COM9] ground_station_status: rssi=-5, uptime=2592067, reserved=[0, 0, 0, 0, 0, 0]
[23:59:04.950] PACKET[COM9] ground_station_status: rssi=-5, uptime=2593067, reserved=[0, 0, 0, 0, 0, 0]
[23:59:04.955] PACKET[COM9] ground_station_status: rssi=-5, uptime=2594067, reserved=[0, 0, 0, 0, 0, 0]
[23:59:04.960] PACKET[COM9] ground_station_status: rssi=-5, uptime=2595067, reserved=[0, 0, 0, 0, 0, 0]
[23:59:04.965] PACKET[COM9] ground_station_status: rssi=-5, uptime=2596067, reserved=[0, 0, 0, 0, 0, 0]
[23:59:04.972] PACKET[COM9] ground_station_status: rssi=-5, uptime=2597067, reserved=[0, 0, 0, 0, 0, 0]
[23:59:04.975] PACKET[COM9] ground_station_status: rssi=-5, uptime=2598067, reserved=[0, 0, 0, 0, 0, 0]
[23:59:04.980] PACKET[COM9] ground_station_status: rssi=-5, uptime=2599067, reserved=[0, 0, 0, 0, 0, 0]
[23:59:04.986] PACKET[COM9] ground_station_status: rssi=-5, uptime=2600067, reserved=[0, 0, 0, 0, 0, 0]
[23:59:04.989] PACKET[COM9] ground_station_status: rssi=-5, uptime=2601067, reserved=[0, 0, 0, 0, 0, 0]
[23:59:04.995] PACKET[COM9] ground_station_status: rssi=-5, uptime=2602067, reserved=[0, 0, 0, 0, 0, 0]
[23:59:05.002] PACKET[COM9] ground_station_status: rssi=-5, uptime=2603067, reserved=[0, 0, 0, 0, 0, 0]
[23:59:05.007] PACKET[COM9] ground_station_status: rssi=-5, uptime=2604067, reserved=[0, 0, 0, 0, 0, 0]
[23:59:05.011] PACKET[COM9] ground_station_status: rssi=-5, uptime=2605067, reserved=[0, 0, 0, 0, 0, 0]
[23:59:05.018] PACKET[COM9] ground_station_status: rssi=-5, uptime=2606067, reserved=[0, 0, 0, 0, 0, 0]
[23:59:05.022] PACKET[COM9] ground_station_status: rssi=-5, uptime=2607067, reserved=[0, 0, 0, 0, 0, 0]
[23:59:05.026] PACKET[COM9] ground_station_status: rssi=-5, uptime=2608067, reserved=[0, 0, 0, 0, 0, 0]
[23:59:05.030] PACKET[COM9] ground_station_status: rssi=-5, uptime=2609067, reserved=[0, 0, 0, 0, 0, 0]
[23:59:05.037] PACKET[COM9] ground_station_status: rssi=-5, uptime=2610067, reserved=[0, 0, 0, 0, 0, 0]
[23:59:05.041] PACKET[COM9] ground_station_status: rssi=-5, uptime=2611067, reserved=[0, 0, 0, 0, 0, 0]
[23:59:05.046] PACKET[COM9] ground_station_status: rssi=-5, uptime=2612067, reserved=[0, 0, 0, 0, 0, 0]
[23:59:05.052] PACKET[COM9] ground_station_status: rssi=-5, uptime=2613067, reserved=[0, 0, 0, 0, 0, 0]
[23:59:05.057] PACKET[COM9] ground_station_status: rssi=-5, uptime=2614067, reserved=[0, 0, 0, 0, 0, 0]
[23:59:05.062] PACKET[COM9] ground_station_status: rssi=-5, uptime=2615067, reserved=[0, 0, 0, 0, 0, 0]
[23:59:05.069] PACKET[COM9] ground_station_status: rssi=-5, uptime=2616067, reserved=[0, 0, 0, 0, 0, 0]
[23:59:05.074] PACKET[COM9] ground_station_status: rssi=-5, uptime=2617067, reserved=[0, 0, 0, 0, 0, 0]
[23:59:05.081] PACKET[COM9] ground_station_status: rssi=-5, uptime=2618067, reserved=[0, 0, 0, 0, 0, 0]
[23:59:05.091] PACKET[COM9] ground_station_status: rssi=-5, uptime=2619067, reserved=[0, 0, 0, 0, 0, 0]
[23:59:05.097] PACKET[COM9] ground_station_status: rssi=-5, uptime=2620067, reserved=[0, 0, 0, 0, 0, 0]
[00:10:04.227] PACKET[COM9] ground_station_status: rssi=-5, uptime=2621067, reserved=[0, 0, 0, 0, 0, 0]
[00:10:04.237] PACKET[COM9] ground_station_status: rssi=-5, uptime=2622067, reserved=[0, 0, 0, 0, 0, 0]
[00:10:04.249] PACKET[COM9] ground_station_status: rssi=-5, uptime=2623067, reserved=[0, 0, 0, 0, 0, 0]
[00:10:04.260] PACKET[COM9] ground_station_status: rssi=-5, uptime=2624067, reserved=[0, 0, 0, 0, 0, 0]
[00:10:04.268] PACKET[COM9] ground_station_status: rssi=-5, uptime=2625067, reserved=[0, 0, 0, 0, 0, 0]
[00:10:04.331] PACKET[COM9] ground_station_status: rssi=-5, uptime=2626067, reserved=[0, 0, 0, 0, 0, 0]
[00:10:04.359] PACKET[COM9] ground_station_status: rssi=-5, uptime=2627067, reserved=[0, 0, 0, 0, 0, 0]
[00:10:04.369] PACKET[COM9] ground_station_status: rssi=-5, uptime=2628067, reserved=[0, 0, 0, 0, 0, 0]
[00:10:04.378] PACKET[COM9] ground_station_status: rssi=-5, uptime=2629067, reserved=[0, 0, 0, 0, 0, 0]
[00:10:04.392] PACKET[COM9] ground_station_status: rssi=-5, uptime=2630067, reserved=[0, 0, 0, 0, 0, 0]
[00:10:04.409] PACKET[COM9] ground_station_status: rssi=-5, uptime=2631067, reserved=[0, 0, 0, 0, 0, 0]
[00:10:04.422] PACKET[COM9] ground_station_status: rssi=-5, uptime=2632067, reserved=[0, 0, 0, 0, 0, 0]
[00:10:04.438] PACKET[COM9] ground_station_status: rssi=-5, uptime=2633067, reserved=[0, 0, 0, 0, 0, 0]
[00:10:04.480] PACKET[COM9] ground_station_status: rssi=-5, uptime=2634067, reserved=[0, 0, 0, 0, 0, 0]
[00:10:04.491] PACKET[COM9] ground_station_status: rssi=-5, uptime=2635067, reserved=[0, 0, 0, 0, 0, 0]
[00:10:04.507] PACKET[COM9] ground_station_status: rssi=-5, uptime=2636067, reserved=[0, 0, 0, 0, 0, 0]
[00:10:04.522] PACKET[COM9] ground_station_status: rssi=-5, uptime=2637067, reserved=[0, 0, 0, 0, 0, 0]
[00:10:04.535] PACKET[COM9] ground_station_status: rssi=-5, uptime=2638067, reserved=[0, 0, 0, 0, 0, 0]
[00:10:04.715] PACKET[COM9] ground_station_status: rssi=-5, uptime=2639067, reserved=[0, 0, 0, 0, 0, 0]
[00:10:04.740] PACKET[COM9] ground_station_status: rssi=-5, uptime=2640067, reserved=[0, 0, 0, 0, 0, 0]
[00:10:04.759] PACKET[COM9] ground_station_status: rssi=-5, uptime=2641067, reserved=[0, 0, 0, 0, 0, 0]
[00:10:04.778] PACKET[COM9] ground_station_status: rssi=-5, uptime=2642067, reserved=[0, 0, 0, 0, 0, 0]
[00:10:04.791] PACKET[COM9] ground_station_status: rssi=-5, uptime=2643067, reserved=[0, 0, 0, 0, 0, 0]
[00:10:04.804] PACKET[COM9] ground_station_status: rssi=-5, uptime=2644067, reserved=[0, 0, 0, 0, 0, 0]
[00:10:04.820] PACKET[COM9] ground_station_status: rssi=-5, uptime=2645067, reserved=[0, 0, 0, 0, 0, 0]
[00:10:04.898] PACKET[COM9] ground_station_status: rssi=-5, uptime=2646067, reserved=[0, 0, 0, 0, 0, 0]
[00:10:04.923] PACKET[COM9] ground_station_status: rssi=-5, uptime=2647067, reserved=[0, 0, 0, 0, 0, 0]
[00:10:04.938] PACKET[COM9] ground_station_status: rssi=-5, uptime=2648067, reserved=[0, 0, 0, 0, 0, 0]
[00:10:04.958] PACKET[COM9] ground_station_status: rssi=-5, uptime=2649067, reserved=[0, 0, 0, 0, 0, 0]
[00:10:04.973] PACKET[COM9] ground_station_status: rssi=-5, uptime=2650067, reserved=[0, 0, 0, 0, 0, 0]
[00:10:04.983] PACKET[COM9] ground_station_status: rssi=-5, uptime=2651067, reserved=[0, 0, 0, 0, 0, 0]
[00:10:04.993] PACKET[COM9] ground_station_status: rssi=-5, uptime=2652067, reserved=[0, 0, 0, 0, 0, 0]
[00:10:05.002] PACKET[COM9] ground_station_status: rssi=-5, uptime=2653067, reserved=[0, 0, 0, 0, 0, 0]
[00:10:05.009] PACKET[COM9] ground_station_status: rssi=-5, uptime=2654067, reserved=[0, 0, 0, 0, 0, 0]
[00:10:05.018] PACKET[COM9] ground_station_status: rssi=-5, uptime=2655067, reserved=[0, 0, 0, 0, 0, 0]
[00:10:05.026] PACKET[COM9] ground_station_status: rssi=-5, uptime=2656067, reserved=[0, 0, 0, 0, 0, 0]
[00:10:05.040] PACKET[COM9] ground_station_status: rssi=-5, uptime=2657067, reserved=[0, 0, 0, 0, 0, 0]
[00:10:05.052] PACKET[COM9] ground_station_status: rssi=-5, uptime=2658067, reserved=[0, 0, 0, 0, 0, 0]
[00:10:05.060] PACKET[COM9] ground_station_status: rssi=-5, uptime=2659067, reserved=[0, 0, 0, 0, 0, 0]
[00:10:05.068] PACKET[COM9] ground_station_status: rssi=-5, uptime=2660067, reserved=[0, 0, 0, 0, 0, 0]
[00:10:05.075] PACKET[COM9] ground_station_status: rssi=-5, uptime=2661067, reserved=[0, 0, 0, 0, 0, 0]
[00:10:05.084] PACKET[COM9] ground_station_status: rssi=-5, uptime=2662067, reserved=[0, 0, 0, 0, 0, 0]
[00:10:05.093] PACKET[COM9] ground_station_status: rssi=-5, uptime=2663067, reserved=[0, 0, 0, 0, 0, 0]
[00:10:05.101] PACKET[COM9] ground_station_status: rssi=-5, uptime=2664067, reserved=[0, 0, 0, 0, 0, 0]
[00:10:05.111] PACKET[COM9] ground_station_status: rssi=-5, uptime=2665067, reserved=[0, 0, 0, 0, 0, 0]
[00:10:05.123] PACKET[COM9] ground_station_status: rssi=-5, uptime=2666067, reserved=[0, 0, 0, 0, 0, 0]
[00:10:05.136] PACKET[COM9] ground_station_status: rssi=-5, uptime=2667067, reserved=[0, 0, 0, 0, 0, 0]
[00:10:05.148] PACKET[COM9] ground_station_status: rssi=-5, uptime=2668067, reserved=[0, 0, 0, 0, 0, 0]
[00:10:05.161] PACKET[COM9] ground_station_status: rssi=-5, uptime=2669067, reserved=[0, 0, 0, 0, 0, 0]
[00:10:05.175] PACKET[COM9] ground_station_status: rssi=-5, uptime=2670067, reserved=[0, 0, 0, 0, 0, 0]
[00:10:05.184] PACKET[COM9] ground_station_status: rssi=-5, uptime=2671067, reserved=[0, 0, 0, 0, 0, 0]
[00:10:05.200] PACKET[COM9] ground_station_status: rssi=-5, uptime=2672067, reserved=[0, 0, 0, 0, 0, 0]
[00:10:05.211] PACKET[COM9] ground_station_status: rssi=-5, uptime=2673067, reserved=[0, 0, 0, 0, 0, 0]
[00:10:05.220] PACKET[COM9] ground_station_status: rssi=-5, uptime=2674067, reserved=[0, 0, 0, 0, 0, 0]
[00:10:05.229] PACKET[COM9] ground_station_status: rssi=-5, uptime=2675067, reserved=[0, 0, 0, 0, 0, 0]
[00:10:05.244] PACKET[COM9] ground_station_status: rssi=-5, uptime=2676067, reserved=[0, 0, 0, 0, 0, 0]
[00:10:05.257] PACKET[COM9] ground_station_status: rssi=-5, uptime=2677067, reserved=[0, 0, 0, 0, 0, 0]
[00:10:05.270] PACKET[COM9] ground_station_status: rssi=-5, uptime=2678067, reserved=[0, 0, 0, 0, 0, 0]
[00:10:05.282] PACKET[COM9] ground_station_status: rssi=-5, uptime=2679067, reserved=[0, 0, 0, 0, 0, 0]
[00:10:05.296] PACKET[COM9] ground_station_status: rssi=-5, uptime=2680067, reserved=[0, 0, 0, 0, 0, 0]
[00:10:05.308] PACKET[COM9] ground_station_status: rssi=-5, uptime=2681067, reserved=[0, 0, 0, 0, 0, 0]
[00:10:05.325] PACKET[COM9] ground_station_status: rssi=-5, uptime=2682067, reserved=[0, 0, 0, 0, 0, 0]
[00:10:05.336] PACKET[COM9] ground_station_status: rssi=-5, uptime=2683067, reserved=[0, 0, 0, 0, 0, 0]
[00:10:05.350] PACKET[COM9] ground_station_status: rssi=-5, uptime=2684067, reserved=[0, 0, 0, 0, 0, 0]
[00:10:05.359] PACKET[COM9] ground_station_status: rssi=-5, uptime=2685067, reserved=[0, 0, 0, 0, 0, 0]
[00:10:05.366] PACKET[COM9] ground_station_status: rssi=-5, uptime=2686067, reserved=[0, 0, 0, 0, 0, 0]
[00:10:05.373] PACKET[COM9] ground_station_status: rssi=-5, uptime=2687067, reserved=[0, 0, 0, 0, 0, 0]
[00:10:05.387] PACKET[COM9] ground_station_status: rssi=-5, uptime=2688067, reserved=[0, 0, 0, 0, 0, 0]
[00:10:05.401] PACKET[COM9] ground_station_status: rssi=-5, uptime=2689067, reserved=[0, 0, 0, 0, 0, 0]
[00:10:05.411] PACKET[COM9] ground_station_status: rssi=-5, uptime=2690067, reserved=[0, 0, 0, 0, 0, 0]
[00:10:05.429] PACKET[COM9] ground_station_status: rssi=-5, uptime=2691067, reserved=[0, 0, 0, 0, 0, 0]
[00:10:05.443] PACKET[COM9] ground_station_status: rssi=-5, uptime=2692067, reserved=[0, 0, 0, 0, 0, 0]
[00:10:05.458] PACKET[COM9] ground_station_status: rssi=-5, uptime=2693067, reserved=[0, 0, 0, 0, 0, 0]
[00:10:05.475] PACKET[COM9] ground_station_status: rssi=-5, uptime=2694067, reserved=[0, 0, 0, 0, 0, 0]
[00:10:05.489] PACKET[COM9] ground_station_status: rssi=-5, uptime=2695067, reserved=[0, 0, 0, 0, 0, 0]
[00:10:05.504] PACKET[COM9] ground_station_status: rssi=-5, uptime=2696067, reserved=[0, 0, 0, 0, 0, 0]
[00:10:05.520] PACKET[COM9] ground_station_status: rssi=-5, uptime=2697067, reserved=[0, 0, 0, 0, 0, 0]
[00:10:05.535] PACKET[COM9] ground_station_status: rssi=-5, uptime=2698067, reserved=[0, 0, 0, 0, 0, 0]
[00:10:05.549] PACKET[COM9] ground_station_status: rssi=-5, uptime=2699067, reserved=[0, 0, 0, 0, 0, 0]
[00:10:05.564] PACKET[COM9] ground_station_status: rssi=-5, uptime=2700067, reserved=[0, 0, 0, 0, 0, 0]
[00:10:05.579] PACKET[COM9] ground_station_status: rssi=-5, uptime=2701067, reserved=[0, 0, 0, 0, 0, 0]
[00:10:05.594] PACKET[COM9] ground_station_status: rssi=-5, uptime=2702067, reserved=[0, 0, 0, 0, 0, 0]
[00:10:05.606] PACKET[COM9] ground_station_status: rssi=-5, uptime=2703067, reserved=[0, 0, 0, 0, 0, 0]
[00:10:05.625] PACKET[COM9] ground_station_status: rssi=-5, uptime=2704067, reserved=[0, 0, 0, 0, 0, 0]
[00:10:05.639] PACKET[COM9] ground_station_status: rssi=-5, uptime=2705067, reserved=[0, 0, 0, 0, 0, 0]
[00:10:05.654] PACKET[COM9] ground_station_status: rssi=-5, uptime=2706067, reserved=[0, 0, 0, 0, 0, 0]
[00:10:05.665] PACKET[COM9] ground_station_status: rssi=-5, uptime=2707067, reserved=[0, 0, 0, 0, 0, 0]
[00:10:05.673] PACKET[COM9] ground_station_status: rssi=-5, uptime=2708067, reserved=[0, 0, 0, 0, 0, 0]
[00:10:05.684] PACKET[COM9] ground_station_status: rssi=-5, uptime=2709067, reserved=[0, 0, 0, 0, 0, 0]
[00:10:05.692] PACKET[COM9] ground_station_status: rssi=-5, uptime=2710067, reserved=[0, 0, 0, 0, 0, 0]
[00:10:05.700] PACKET[COM9] ground_station_status: rssi=-5, uptime=2711067, reserved=[0, 0, 0, 0, 0, 0]
[00:10:05.712] PACKET[COM9] ground_station_status: rssi=-5, uptime=2712067, reserved=[0, 0, 0, 0, 0, 0]
[00:10:05.725] PACKET[COM9] ground_station_status: rssi=-5, uptime=2713067, reserved=[0, 0, 0, 0, 0, 0]
[00:10:05.736] PACKET[COM9] ground_station_status: rssi=-5, uptime=2714067, reserved=[0, 0, 0, 0, 0, 0]
[00:10:05.745] PACKET[COM9] ground_station_status: rssi=-5, uptime=2715067, reserved=[0, 0, 0, 0, 0, 0]
[00:10:05.754] PACKET[COM9] ground_station_status: rssi=-5, uptime=2716067, reserved=[0, 0, 0, 0, 0, 0]
[00:10:05.770] PACKET[COM9] ground_station_status: rssi=-5, uptime=2717067, reserved=[0, 0, 0, 0, 0, 0]
[00:10:05.782] PACKET[COM9] ground_station_status: rssi=-5, uptime=2718067, reserved=[0, 0, 0, 0, 0, 0]
[00:10:05.793] PACKET[COM9] ground_station_status: rssi=-5, uptime=2719067, reserved=[0, 0, 0, 0, 0, 0]
[00:10:05.807] PACKET[COM9] ground_station_status: rssi=-5, uptime=2720067, reserved=[0, 0, 0, 0, 0, 0]
[00:10:05.822] PACKET[COM9] ground_station_status: rssi=-5, uptime=2721067, reserved=[0, 0, 0, 0, 0, 0]
[00:10:05.838] PACKET[COM9] ground_station_status: rssi=-5, uptime=2722067, reserved=[0, 0, 0, 0, 0, 0]
[00:10:05.857] PACKET[COM9] ground_station_status: rssi=-5, uptime=2723067, reserved=[0, 0, 0, 0, 0, 0]
[00:10:05.877] PACKET[COM9] ground_station_status: rssi=-5, uptime=2724067, reserved=[0, 0, 0, 0, 0, 0]
[00:10:05.891] PACKET[COM9] ground_station_status: rssi=-5, uptime=2725067, reserved=[0, 0, 0, 0, 0, 0]
[00:10:05.908] PACKET[COM9] ground_station_status: rssi=-5, uptime=2726067, reserved=[0, 0, 0, 0, 0, 0]
[00:10:05.918] PACKET[COM9] ground_station_status: rssi=-5, uptime=2727067, reserved=[0, 0, 0, 0, 0, 0]
[00:10:05.926] PACKET[COM9] ground_station_status: rssi=-5, uptime=2728067, reserved=[0, 0, 0, 0, 0, 0]
[00:10:05.931] PACKET[COM9] ground_station_status: rssi=-5, uptime=2729067, reserved=[0, 0, 0, 0, 0, 0]
[00:10:05.941] PACKET[COM9] ground_station_status: rssi=-5, uptime=2730067, reserved=[0, 0, 0, 0, 0, 0]
[00:10:05.948] PACKET[COM9] ground_station_status: rssi=-5, uptime=2731067, reserved=[0, 0, 0, 0, 0, 0]
[00:10:05.964] PACKET[COM9] ground_station_status: rssi=-5, uptime=2732067, reserved=[0, 0, 0, 0, 0, 0]
[00:10:05.979] PACKET[COM9] ground_station_status: rssi=-5, uptime=2733067, reserved=[0, 0, 0, 0, 0, 0]
[00:10:05.993] PACKET[COM9] ground_station_status: rssi=-5, uptime=2734067, reserved=[0, 0, 0, 0, 0, 0]
[00:10:06.005] PACKET[COM9] ground_station_status: rssi=-5, uptime=2735067, reserved=[0, 0, 0, 0, 0, 0]
[00:10:06.024] PACKET[COM9] ground_station_status: rssi=-5, uptime=2736067, reserved=[0, 0, 0, 0, 0, 0]
[00:10:06.037] PACKET[COM9] ground_station_status: rssi=-5, uptime=2737067, reserved=[0, 0, 0, 0, 0, 0]
[00:10:06.046] PACKET[COM9] ground_station_status: rssi=-5, uptime=2738067, reserved=[0, 0, 0, 0, 0, 0]
[00:10:06.051] PACKET[COM9] ground_station_status: rssi=-5, uptime=2739067, reserved=[0, 0, 0, 0, 0, 0]
[00:10:06.067] PACKET[COM9] ground_station_status: rssi=-5, uptime=2740067, reserved=[0, 0, 0, 0, 0, 0]
[00:10:06.080] PACKET[COM9] ground_station_status: rssi=-5, uptime=2741067, reserved=[0, 0, 0, 0, 0, 0]
[00:10:06.099] PACKET[COM9] ground_station_status: rssi=-5, uptime=2742067, reserved=[0, 0, 0, 0, 0, 0]
[00:10:06.108] PACKET[COM9] ground_station_status: rssi=-5, uptime=2743067, reserved=[0, 0, 0, 0, 0, 0]
[00:10:06.116] PACKET[COM9] ground_station_status: rssi=-5, uptime=2744067, reserved=[0, 0, 0, 0, 0, 0]
[00:10:06.126] PACKET[COM9] ground_station_status: rssi=-5, uptime=2745067, reserved=[0, 0, 0, 0, 0, 0]
[00:10:06.132] PACKET[COM9] ground_station_status: rssi=-5, uptime=2746067, reserved=[0, 0, 0, 0, 0, 0]
[00:10:06.137] PACKET[COM9] ground_station_status: rssi=-5, uptime=2747067, reserved=[0, 0, 0, 0, 0, 0]
[00:10:06.141] PACKET[COM9] ground_station_status: rssi=-5, uptime=2748067, reserved=[0, 0, 0, 0, 0, 0]
[00:10:06.150] PACKET[COM9] ground_station_status: rssi=-5, uptime=2749067, reserved=[0, 0, 0, 0, 0, 0]
[00:10:06.153] PACKET[COM9] ground_station_status: rssi=-5, uptime=2750067, reserved=[0, 0, 0, 0, 0, 0]
[00:10:06.156] PACKET[COM9] ground_station_status: rssi=-5, uptime=2751067, reserved=[0, 0, 0, 0, 0, 0]
[00:10:06.159] PACKET[COM9] ground_station_status: rssi=-5, uptime=2752067, reserved=[0, 0, 0, 0, 0, 0]
[00:10:06.165] PACKET[COM9] ground_station_status: rssi=-5, uptime=2753067, reserved=[0, 0, 0, 0, 0, 0]
[00:10:06.169] PACKET[COM9] ground_station_status: rssi=-5, uptime=2754067, reserved=[0, 0, 0, 0, 0, 0]
[00:10:06.173] PACKET[COM9] ground_station_status: rssi=-5, uptime=2755067, reserved=[0, 0, 0, 0, 0, 0]
[00:10:06.175] PACKET[COM9] ground_station_status: rssi=-5, uptime=2756067, reserved=[0, 0, 0, 0, 0, 0]
[00:10:06.179] PACKET[COM9] ground_station_status: rssi=-5, uptime=2757067, reserved=[0, 0, 0, 0, 0, 0]
[00:10:06.185] PACKET[COM9] ground_station_status: rssi=-5, uptime=2758067, reserved=[0, 0, 0, 0, 0, 0]
[00:10:06.190] PACKET[COM9] ground_station_status: rssi=-5, uptime=2759067, reserved=[0, 0, 0, 0, 0, 0]
[00:10:06.197] PACKET[COM9] ground_station_status: rssi=-5, uptime=2760067, reserved=[0, 0, 0, 0, 0, 0]
[00:10:06.203] PACKET[COM9] ground_station_status: rssi=-5, uptime=2761067, reserved=[0, 0, 0, 0, 0, 0]
[00:10:06.209] PACKET[COM9] ground_station_status: rssi=-5, uptime=2762067, reserved=[0, 0, 0, 0, 0, 0]
[00:10:06.214] PACKET[COM9] ground_station_status: rssi=-5, uptime=2763067, reserved=[0, 0, 0, 0, 0, 0]
[00:10:06.219] PACKET[COM9] ground_station_status: rssi=-5, uptime=2764067, reserved=[0, 0, 0, 0, 0, 0]
[00:10:06.223] PACKET[COM9] ground_station_status: rssi=-5, uptime=2765067, reserved=[0, 0, 0, 0, 0, 0]
[00:10:06.230] PACKET[COM9] ground_station_status: rssi=-5, uptime=2766067, reserved=[0, 0, 0, 0, 0, 0]
[00:10:06.233] PACKET[COM9] ground_station_status: rssi=-5, uptime=2767067, reserved=[0, 0, 0, 0, 0, 0]
[00:10:06.236] PACKET[COM9] ground_station_status: rssi=-5, uptime=2768067, reserved=[0, 0, 0, 0, 0, 0]
[00:10:06.241] PACKET[COM9] ground_station_status: rssi=-5, uptime=2769067, reserved=[0, 0, 0, 0, 0, 0]
[00:10:06.245] PACKET[COM9] ground_station_status: rssi=-5, uptime=2770067, reserved=[0, 0, 0, 0, 0, 0]
[00:10:06.250] PACKET[COM9] ground_station_status: rssi=-5, uptime=2771067, reserved=[0, 0, 0, 0, 0, 0]
[00:10:06.255] PACKET[COM9] ground_station_status: rssi=-5, uptime=2772067, reserved=[0, 0, 0, 0, 0, 0]
[00:10:06.265] PACKET[COM9] ground_station_status: rssi=-5, uptime=2773067, reserved=[0, 0, 0, 0, 0, 0]
[00:10:06.273] PACKET[COM9] ground_station_status: rssi=-5, uptime=2774067, reserved=[0, 0, 0, 0, 0, 0]
[00:10:06.282] PACKET[COM9] ground_station_status: rssi=-5, uptime=2775067, reserved=[0, 0, 0, 0, 0, 0]
[00:10:06.294] PACKET[COM9] ground_station_status: rssi=-5, uptime=2776067, reserved=[0, 0, 0, 0, 0, 0]
[00:10:06.302] PACKET[COM9] ground_station_status: rssi=-5, uptime=2777067, reserved=[0, 0, 0, 0, 0, 0]
[00:10:06.309] PACKET[COM9] ground_station_status: rssi=-5, uptime=2778067, reserved=[0, 0, 0, 0, 0, 0]
[00:10:06.317] PACKET[COM9] ground_station_status: rssi=-5, uptime=2779067, reserved=[0, 0, 0, 0, 0, 0]
[00:10:06.328] PACKET[COM9] ground_station_status: rssi=-5, uptime=2780067, reserved=[0, 0, 0, 0, 0, 0]
[00:10:06.343] PACKET[COM9] ground_station_status: rssi=-5, uptime=2781067, reserved=[0, 0, 0, 0, 0, 0]
[00:10:06.350] PACKET[COM9] ground_station_status: rssi=-5, uptime=2782067, reserved=[0, 0, 0, 0, 0, 0]
[00:10:06.359] PACKET[COM9] ground_station_status: rssi=-5, uptime=2783067, reserved=[0, 0, 0, 0, 0, 0]
[00:10:06.376] PACKET[COM9] ground_station_status: rssi=-5, uptime=2784067, reserved=[0, 0, 0, 0, 0, 0]
[00:10:06.390] PACKET[COM9] ground_station_status: rssi=-5, uptime=2785067, reserved=[0, 0, 0, 0, 0, 0]
[00:10:06.404] PACKET[COM9] ground_station_status: rssi=-5, uptime=2786067, reserved=[0, 0, 0, 0, 0, 0]
[00:10:06.416] PACKET[COM9] ground_station_status: rssi=-5, uptime=2787067, reserved=[0, 0, 0, 0, 0, 0]
[00:10:06.436] PACKET[COM9] ground_station_status: rssi=-5, uptime=2788067, reserved=[0, 0, 0, 0, 0, 0]
[00:10:06.454] PACKET[COM9] ground_station_status: rssi=-5, uptime=2789067, reserved=[0, 0, 0, 0, 0, 0]
[00:10:06.470] PACKET[COM9] ground_station_status: rssi=-5, uptime=2790067, reserved=[0, 0, 0, 0, 0, 0]
[00:10:06.488] PACKET[COM9] ground_station_status: rssi=-5, uptime=2791067, reserved=[0, 0, 0, 0, 0, 0]
[00:10:06.506] PACKET[COM9] ground_station_status: rssi=-5, uptime=2792067, reserved=[0, 0, 0, 0, 0, 0]
[00:10:06.521] PACKET[COM9] ground_station_status: rssi=-5, uptime=2793067, reserved=[0, 0, 0, 0, 0, 0]
[00:10:06.537] PACKET[COM9] ground_station_status: rssi=-5, uptime=2794067, reserved=[0, 0, 0, 0, 0, 0]
[00:10:06.556] PACKET[COM9] ground_station_status: rssi=-5, uptime=2795067, reserved=[0, 0, 0, 0, 0, 0]
[00:10:06.578] PACKET[COM9] ground_station_status: rssi=-5, uptime=2796067, reserved=[0, 0, 0, 0, 0, 0]
[00:10:06.595] PACKET[COM9] ground_station_status: rssi=-5, uptime=2797067, reserved=[0, 0, 0, 0, 0, 0]
[00:10:06.614] PACKET[COM9] ground_station_status: rssi=-5, uptime=2798067, reserved=[0, 0, 0, 0, 0, 0]
[00:10:06.636] PACKET[COM9] ground_station_status: rssi=-5, uptime=2799067, reserved=[0, 0, 0, 0, 0, 0]
[00:10:06.654] PACKET[COM9] ground_station_status: rssi=-5, uptime=2800067, reserved=[0, 0, 0, 0, 0, 0]
[00:10:06.671] PACKET[COM9] ground_station_status: rssi=-5, uptime=2801067, reserved=[0, 0, 0, 0, 0, 0]
[00:10:06.688] PACKET[COM9] ground_station_status: rssi=-5, uptime=2802067, reserved=[0, 0, 0, 0, 0, 0]
[00:10:06.707] PACKET[COM9] ground_station_status: rssi=-5, uptime=2803067, reserved=[0, 0, 0, 0, 0, 0]
[00:10:06.724] PACKET[COM9] ground_station_status: rssi=-5, uptime=2804067, reserved=[0, 0, 0, 0, 0, 0]
[00:10:06.740] PACKET[COM9] ground_station_status: rssi=-5, uptime=2805067, reserved=[0, 0, 0, 0, 0, 0]
[00:10:06.761] PACKET[COM9] ground_station_status: rssi=-5, uptime=2806067, reserved=[0, 0, 0, 0, 0, 0]
[00:10:06.780] PACKET[COM9] ground_station_status: rssi=-5, uptime=2807067, reserved=[0, 0, 0, 0, 0, 0]
[00:10:06.797] PACKET[COM9] ground_station_status: rssi=-5, uptime=2808067, reserved=[0, 0, 0, 0, 0, 0]
[00:10:06.816] PACKET[COM9] ground_station_status: rssi=-5, uptime=2809067, reserved=[0, 0, 0, 0, 0, 0]
[00:10:06.836] PACKET[COM9] ground_station_status: rssi=-5, uptime=2810067, reserved=[0, 0, 0, 0, 0, 0]
[00:10:06.851] PACKET[COM9] ground_station_status: rssi=-5, uptime=2811067, reserved=[0, 0, 0, 0, 0, 0]
[00:10:06.868] PACKET[COM9] ground_station_status: rssi=-5, uptime=2812067, reserved=[0, 0, 0, 0, 0, 0]
[00:10:06.891] PACKET[COM9] ground_station_status: rssi=-5, uptime=2813067, reserved=[0, 0, 0, 0, 0, 0]
[00:10:06.907] PACKET[COM9] ground_station_status: rssi=-5, uptime=2814067, reserved=[0, 0, 0, 0, 0, 0]
[00:10:06.923] PACKET[COM9] ground_station_status: rssi=-5, uptime=2815067, reserved=[0, 0, 0, 0, 0, 0]
[00:10:06.945] PACKET[COM9] ground_station_status: rssi=-5, uptime=2816067, reserved=[0, 0, 0, 0, 0, 0]
[00:10:06.968] PACKET[COM9] ground_station_status: rssi=-5, uptime=2817067, reserved=[0, 0, 0, 0, 0, 0]
[00:10:06.985] PACKET[COM9] ground_station_status: rssi=-5, uptime=2818067, reserved=[0, 0, 0, 0, 0, 0]
[00:10:07.003] PACKET[COM9] ground_station_status: rssi=-5, uptime=2819067, reserved=[0, 0, 0, 0, 0, 0]
[00:10:07.022] PACKET[COM9] ground_station_status: rssi=-5, uptime=2820067, reserved=[0, 0, 0, 0, 0, 0]
[00:10:07.044] PACKET[COM9] ground_station_status: rssi=-5, uptime=2821067, reserved=[0, 0, 0, 0, 0, 0]
[00:10:07.061] PACKET[COM9] ground_station_status: rssi=-5, uptime=2822067, reserved=[0, 0, 0, 0, 0, 0]
[00:10:07.075] PACKET[COM9] ground_station_status: rssi=-5, uptime=2823067, reserved=[0, 0, 0, 0, 0, 0]
[00:10:07.095] PACKET[COM9] ground_station_status: rssi=-5, uptime=2824067, reserved=[0, 0, 0, 0, 0, 0]
[00:10:07.118] PACKET[COM9] ground_station_status: rssi=-5, uptime=2825067, reserved=[0, 0, 0, 0, 0, 0]
[00:10:07.130] PACKET[COM9] ground_station_status: rssi=-5, uptime=2826067, reserved=[0, 0, 0, 0, 0, 0]
[00:10:07.152] PACKET[COM9] ground_station_status: rssi=-5, uptime=2827067, reserved=[0, 0, 0, 0, 0, 0]
[00:10:07.169] PACKET[COM9] ground_station_status: rssi=-5, uptime=2828067, reserved=[0, 0, 0, 0, 0, 0]
[00:10:07.189] PACKET[COM9] ground_station_status: rssi=-5, uptime=2829067, reserved=[0, 0, 0, 0, 0, 0]
[00:10:07.206] PACKET[COM9] ground_station_status: rssi=-5, uptime=2830067, reserved=[0, 0, 0, 0, 0, 0]
[00:10:07.226] PACKET[COM9] ground_station_status: rssi=-5, uptime=2831067, reserved=[0, 0, 0, 0, 0, 0]
[00:10:07.239] PACKET[COM9] ground_station_status: rssi=-5, uptime=2832067, reserved=[0, 0, 0, 0, 0, 0]
[00:10:07.251] PACKET[COM9] ground_station_status: rssi=-5, uptime=2833067, reserved=[0, 0, 0, 0, 0, 0]
[00:10:07.265] PACKET[COM9] ground_station_status: rssi=-5, uptime=2834067, reserved=[0, 0, 0, 0, 0, 0]
[00:10:07.284] PACKET[COM9] ground_station_status: rssi=-5, uptime=2835067, reserved=[0, 0, 0, 0, 0, 0]
[00:10:07.295] PACKET[COM9] ground_station_status: rssi=-5, uptime=2836067, reserved=[0, 0, 0, 0, 0, 0]
[00:10:07.305] PACKET[COM9] ground_station_status: rssi=-5, uptime=2837067, reserved=[0, 0, 0, 0, 0, 0]
[00:10:07.326] PACKET[COM9] ground_station_status: rssi=-5, uptime=2838067, reserved=[0, 0, 0, 0, 0, 0]
[00:10:07.346] PACKET[COM9] ground_station_status: rssi=-5, uptime=2839067, reserved=[0, 0, 0, 0, 0, 0]
[00:10:07.356] PACKET[COM9] ground_station_status: rssi=-5, uptime=2840067, reserved=[0, 0, 0, 0, 0, 0]
[00:10:07.376] PACKET[COM9] ground_station_status: rssi=-5, uptime=2841067, reserved=[0, 0, 0, 0, 0, 0]
[00:10:07.397] PACKET[COM9] ground_station_status: rssi=-5, uptime=2842067, reserved=[0, 0, 0, 0, 0, 0]
[00:10:07.411] PACKET[COM9] ground_station_status: rssi=-5, uptime=2843067, reserved=[0, 0, 0, 0, 0, 0]
[00:10:07.430] PACKET[COM9] ground_station_status: rssi=-5, uptime=2844067, reserved=[0, 0, 0, 0, 0, 0]
[00:10:07.445] PACKET[COM9] ground_station_status: rssi=-5, uptime=2845067, reserved=[0, 0, 0, 0, 0, 0]
[00:10:07.462] PACKET[COM9] ground_station_status: rssi=-5, uptime=2846067, reserved=[0, 0, 0, 0, 0, 0]
[00:10:07.475] PACKET[COM9] ground_station_status: rssi=-5, uptime=2847067, reserved=[0, 0, 0, 0, 0, 0]
[00:10:07.495] PACKET[COM9] ground_station_status: rssi=-5, uptime=2848067, reserved=[0, 0, 0, 0, 0, 0]
[00:10:07.508] PACKET[COM9] ground_station_status: rssi=-5, uptime=2849067, reserved=[0, 0, 0, 0, 0, 0]
[00:10:07.521] PACKET[COM9] ground_station_status: rssi=-5, uptime=2850067, reserved=[0, 0, 0, 0, 0, 0]
[00:10:07.530] PACKET[COM9] ground_station_status: rssi=-5, uptime=2851067, reserved=[0, 0, 0, 0, 0, 0]
[00:10:07.545] PACKET[COM9] ground_station_status: rssi=-5, uptime=2852067, reserved=[0, 0, 0, 0, 0, 0]
[00:10:07.558] PACKET[COM9] ground_station_status: rssi=-5, uptime=2853067, reserved=[0, 0, 0, 0, 0, 0]
[00:10:07.571] PACKET[COM9] ground_station_status: rssi=-5, uptime=2854067, reserved=[0, 0, 0, 0, 0, 0]
[00:10:07.586] PACKET[COM9] ground_station_status: rssi=-5, uptime=2855067, reserved=[0, 0, 0, 0, 0, 0]
[00:10:07.598] PACKET[COM9] ground_station_status: rssi=-5, uptime=2856067, reserved=[0, 0, 0, 0, 0, 0]
[00:10:07.611] PACKET[COM9] ground_station_status: rssi=-5, uptime=2857067, reserved=[0, 0, 0, 0, 0, 0]
[00:10:07.626] PACKET[COM9] ground_station_status: rssi=-5, uptime=2858067, reserved=[0, 0, 0, 0, 0, 0]
[00:10:07.638] PACKET[COM9] ground_station_status: rssi=-5, uptime=2859067, reserved=[0, 0, 0, 0, 0, 0]
[00:10:07.647] PACKET[COM9] ground_station_status: rssi=-5, uptime=2860067, reserved=[0, 0, 0, 0, 0, 0]
[00:10:07.659] PACKET[COM9] ground_station_status: rssi=-5, uptime=2861067, reserved=[0, 0, 0, 0, 0, 0]
[00:10:07.670] PACKET[COM9] ground_station_status: rssi=-5, uptime=2862067, reserved=[0, 0, 0, 0, 0, 0]
[00:10:07.683] PACKET[COM9] ground_station_status: rssi=-5, uptime=2863067, reserved=[0, 0, 0, 0, 0, 0]
[00:10:07.694] PACKET[COM9] ground_station_status: rssi=-5, uptime=2864067, reserved=[0, 0, 0, 0, 0, 0]
[00:10:07.705] PACKET[COM9] ground_station_status: rssi=-5, uptime=2865067, reserved=[0, 0, 0, 0, 0, 0]
[00:10:07.717] PACKET[COM9] ground_station_status: rssi=-5, uptime=2866067, reserved=[0, 0, 0, 0, 0, 0]
[00:10:07.734] PACKET[COM9] ground_station_status: rssi=-5, uptime=2867067, reserved=[0, 0, 0, 0, 0, 0]
[00:10:07.744] PACKET[COM9] ground_station_status: rssi=-5, uptime=2868067, reserved=[0, 0, 0, 0, 0, 0]
[00:10:07.761] PACKET[COM9] ground_station_status: rssi=-5, uptime=2869067, reserved=[0, 0, 0, 0, 0, 0]
[00:10:07.775] PACKET[COM9] ground_station_status: rssi=-5, uptime=2870067, reserved=[0, 0, 0, 0, 0, 0]
[00:10:07.793] PACKET[COM9] ground_station_status: rssi=-5, uptime=2871067, reserved=[0, 0, 0, 0, 0, 0]
[00:10:07.805] PACKET[COM9] ground_station_status: rssi=-5, uptime=2872067, reserved=[0, 0, 0, 0, 0, 0]
[00:10:07.819] PACKET[COM9] ground_station_status: rssi=-5, uptime=2873067, reserved=[0, 0, 0, 0, 0, 0]
[00:10:07.832] PACKET[COM9] ground_station_status: rssi=-5, uptime=2874067, reserved=[0, 0, 0, 0, 0, 0]
[00:10:07.843] PACKET[COM9] ground_station_status: rssi=-5, uptime=2875067, reserved=[0, 0, 0, 0, 0, 0]
[00:10:07.862] PACKET[COM9] ground_station_status: rssi=-5, uptime=2876067, reserved=[0, 0, 0, 0, 0, 0]
[00:10:07.878] PACKET[COM9] ground_station_status: rssi=-5, uptime=2877067, reserved=[0, 0, 0, 0, 0, 0]
[00:10:07.894] PACKET[COM9] ground_station_status: rssi=-5, uptime=2878067, reserved=[0, 0, 0, 0, 0, 0]
[00:10:07.912] PACKET[COM9] ground_station_status: rssi=-5, uptime=2879067, reserved=[0, 0, 0, 0, 0, 0]
[00:10:07.926] PACKET[COM9] ground_station_status: rssi=-5, uptime=2880067, reserved=[0, 0, 0, 0, 0, 0]
[00:10:07.939] PACKET[COM9] ground_station_status: rssi=-5, uptime=2881067, reserved=[0, 0, 0, 0, 0, 0]
[00:10:07.952] PACKET[COM9] ground_station_status: rssi=-5, uptime=2882067, reserved=[0, 0, 0, 0, 0, 0]
[00:10:07.966] PACKET[COM9] ground_station_status: rssi=-5, uptime=2883067, reserved=[0, 0, 0, 0, 0, 0]
[00:10:07.977] PACKET[COM9] ground_station_status: rssi=-5, uptime=2884067, reserved=[0, 0, 0, 0, 0, 0]
[00:10:07.992] PACKET[COM9] ground_station_status: rssi=-5, uptime=2885067, reserved=[0, 0, 0, 0, 0, 0]
[00:10:08.000] PACKET[COM9] ground_station_status: rssi=-5, uptime=2886067, reserved=[0, 0, 0, 0, 0, 0]
[00:10:08.011] PACKET[COM9] ground_station_status: rssi=-5, uptime=2887067, reserved=[0, 0, 0, 0, 0, 0]
[00:10:08.020] PACKET[COM9] ground_station_status: rssi=-5, uptime=2888067, reserved=[0, 0, 0, 0, 0, 0]
[00:10:08.051] PACKET[COM9] ground_station_status: rssi=-5, uptime=2889067, reserved=[0, 0, 0, 0, 0, 0]
[00:10:08.058] PACKET[COM9] ground_station_status: rssi=-5, uptime=2890067, reserved=[0, 0, 0, 0, 0, 0]
[00:10:08.066] PACKET[COM9] ground_station_status: rssi=-5, uptime=2891067, reserved=[0, 0, 0, 0, 0, 0]
[00:10:08.073] PACKET[COM9] ground_station_status: rssi=-5, uptime=2892067, reserved=[0, 0, 0, 0, 0, 0]
[00:10:08.080] PACKET[COM9] ground_station_status: rssi=-5, uptime=2893067, reserved=[0, 0, 0, 0, 0, 0]
[00:10:08.089] PACKET[COM9] ground_station_status: rssi=-5, uptime=2894067, reserved=[0, 0, 0, 0, 0, 0]
[00:10:08.107] PACKET[COM9] ground_station_status: rssi=-5, uptime=2895067, reserved=[0, 0, 0, 0, 0, 0]
[00:10:08.135] PACKET[COM9] ground_station_status: rssi=-5, uptime=2896067, reserved=[0, 0, 0, 0, 0, 0]
[00:10:08.149] PACKET[COM9] ground_station_status: rssi=-5, uptime=2897067, reserved=[0, 0, 0, 0, 0, 0]
[00:10:08.160] PACKET[COM9] ground_station_status: rssi=-5, uptime=2898067, reserved=[0, 0, 0, 0, 0, 0]
[00:10:08.173] PACKET[COM9] ground_station_status: rssi=-5, uptime=2899067, reserved=[0, 0, 0, 0, 0, 0]
[00:10:08.191] PACKET[COM9] ground_station_status: rssi=-5, uptime=2900067, reserved=[0, 0, 0, 0, 0, 0]
[00:10:08.206] PACKET[COM9] ground_station_status: rssi=-5, uptime=2901067, reserved=[0, 0, 0, 0, 0, 0]
[00:10:08.219] PACKET[COM9] ground_station_status: rssi=-5, uptime=2902067, reserved=[0, 0, 0, 0, 0, 0]
[00:10:08.234] PACKET[COM9] ground_station_status: rssi=-5, uptime=2903067, reserved=[0, 0, 0, 0, 0, 0]
[00:10:08.253] PACKET[COM9] ground_station_status: rssi=-5, uptime=2904067, reserved=[0, 0, 0, 0, 0, 0]
[00:10:08.271] PACKET[COM9] ground_station_status: rssi=-5, uptime=2905067, reserved=[0, 0, 0, 0, 0, 0]
[00:10:08.290] PACKET[COM9] ground_station_status: rssi=-5, uptime=2906067, reserved=[0, 0, 0, 0, 0, 0]
[00:10:08.305] PACKET[COM9] ground_station_status: rssi=-5, uptime=2907067, reserved=[0, 0, 0, 0, 0, 0]
[00:10:08.326] PACKET[COM9] ground_station_status: rssi=-5, uptime=2908067, reserved=[0, 0, 0, 0, 0, 0]
[00:10:08.336] PACKET[COM9] ground_station_status: rssi=-5, uptime=2909067, reserved=[0, 0, 0, 0, 0, 0]
[00:10:08.349] PACKET[COM9] ground_station_status: rssi=-5, uptime=2910067, reserved=[0, 0, 0, 0, 0, 0]
[00:10:08.361] PACKET[COM9] ground_station_status: rssi=-5, uptime=2911067, reserved=[0, 0, 0, 0, 0, 0]
[00:10:08.371] PACKET[COM9] ground_station_status: rssi=-5, uptime=2912067, reserved=[0, 0, 0, 0, 0, 0]
[00:10:08.382] PACKET[COM9] ground_station_status: rssi=-5, uptime=2913067, reserved=[0, 0, 0, 0, 0, 0]
[00:10:08.394] PACKET[COM9] ground_station_status: rssi=-5, uptime=2914067, reserved=[0, 0, 0, 0, 0, 0]
[00:10:08.406] PACKET[COM9] ground_station_status: rssi=-5, uptime=2915067, reserved=[0, 0, 0, 0, 0, 0]
[00:10:08.422] PACKET[COM9] ground_station_status: rssi=-5, uptime=2916067, reserved=[0, 0, 0, 0, 0, 0]
[00:10:08.437] PACKET[COM9] ground_station_status: rssi=-5, uptime=2917067, reserved=[0, 0, 0, 0, 0, 0]
[00:10:08.442] PACKET[COM9] ground_station_status: rssi=-5, uptime=2918067, reserved=[0, 0, 0, 0, 0, 0]
[00:10:08.452] PACKET[COM9] ground_station_status: rssi=-5, uptime=2919067, reserved=[0, 0, 0, 0, 0, 0]
[00:10:08.462] PACKET[COM9] ground_station_status: rssi=-5, uptime=2920067, reserved=[0, 0, 0, 0, 0, 0]
[00:10:08.477] PACKET[COM9] ground_station_status: rssi=-5, uptime=2921067, reserved=[0, 0, 0, 0, 0, 0]
[00:10:08.485] PACKET[COM9] ground_station_status: rssi=-5, uptime=2922067, reserved=[0, 0, 0, 0, 0, 0]
[00:10:08.492] PACKET[COM9] ground_station_status: rssi=-5, uptime=2923067, reserved=[0, 0, 0, 0, 0, 0]
[00:10:08.507] PACKET[COM9] ground_station_status: rssi=-5, uptime=2924067, reserved=[0, 0, 0, 0, 0, 0]
[00:10:08.518] PACKET[COM9] ground_station_status: rssi=-5, uptime=2925067, reserved=[0, 0, 0, 0, 0, 0]
[00:10:08.528] PACKET[COM9] ground_station_status: rssi=-5, uptime=2926067, reserved=[0, 0, 0, 0, 0, 0]
[00:10:08.539] PACKET[COM9] ground_station_status: rssi=-5, uptime=2927067, reserved=[0, 0, 0, 0, 0, 0]
[00:10:08.549] PACKET[COM9] ground_station_status: rssi=-5, uptime=2928067, reserved=[0, 0, 0, 0, 0, 0]
[00:10:08.556] PACKET[COM9] ground_station_status: rssi=-5, uptime=2929067, reserved=[0, 0, 0, 0, 0, 0]
[00:10:08.566] PACKET[COM9] ground_station_status: rssi=-5, uptime=2930067, reserved=[0, 0, 0, 0, 0, 0]
[00:10:08.580] PACKET[COM9] ground_station_status: rssi=-5, uptime=2931067, reserved=[0, 0, 0, 0, 0, 0]
[00:10:08.594] PACKET[COM9] ground_station_status: rssi=-5, uptime=2932067, reserved=[0, 0, 0, 0, 0, 0]
[00:10:08.605] PACKET[COM9] ground_station_status: rssi=-5, uptime=2933067, reserved=[0, 0, 0, 0, 0, 0]
[00:10:08.617] PACKET[COM9] ground_station_status: rssi=-5, uptime=2934067, reserved=[0, 0, 0, 0, 0, 0]
[00:10:08.626] PACKET[COM9] ground_station_status: rssi=-5, uptime=2935067, reserved=[0, 0, 0, 0, 0, 0]
[00:10:08.640] PACKET[COM9] ground_station_status: rssi=-5, uptime=2936067, reserved=[0, 0, 0, 0, 0, 0]
[00:10:08.655] PACKET[COM9] ground_station_status: rssi=-5, uptime=2937067, reserved=[0, 0, 0, 0, 0, 0]
[00:10:08.669] PACKET[COM9] ground_station_status: rssi=-5, uptime=2938067, reserved=[0, 0, 0, 0, 0, 0]
[00:10:08.684] PACKET[COM9] ground_station_status: rssi=-5, uptime=2939067, reserved=[0, 0, 0, 0, 0, 0]
[00:10:08.690] PACKET[COM9] ground_station_status: rssi=-5, uptime=2940067, reserved=[0, 0, 0, 0, 0, 0]
[00:10:08.701] PACKET[COM9] ground_station_status: rssi=-5, uptime=2941067, reserved=[0, 0, 0, 0, 0, 0]
[00:10:08.706] PACKET[COM9] ground_station_status: rssi=-5, uptime=2942067, reserved=[0, 0, 0, 0, 0, 0]
[00:10:08.713] PACKET[COM9] ground_station_status: rssi=-5, uptime=2943067, reserved=[0, 0, 0, 0, 0, 0]
[00:10:08.720] PACKET[COM9] ground_station_status: rssi=-5, uptime=2944067, reserved=[0, 0, 0, 0, 0, 0]
[00:10:08.730] PACKET[COM9] ground_station_status: rssi=-5, uptime=2945067, reserved=[0, 0, 0, 0, 0, 0]
[00:10:08.737] PACKET[COM9] ground_station_status: rssi=-5, uptime=2946067, reserved=[0, 0, 0, 0, 0, 0]
[00:10:08.750] PACKET[COM9] ground_station_status: rssi=-5, uptime=2947067, reserved=[0, 0, 0, 0, 0, 0]
[00:10:08.757] PACKET[COM9] ground_station_status: rssi=-5, uptime=2948067, reserved=[0, 0, 0, 0, 0, 0]
[00:10:08.767] PACKET[COM9] ground_station_status: rssi=-5, uptime=2949067, reserved=[0, 0, 0, 0, 0, 0]
[00:10:08.773] PACKET[COM9] ground_station_status: rssi=-5, uptime=2950067, reserved=[0, 0, 0, 0, 0, 0]
[00:10:08.780] PACKET[COM9] ground_station_status: rssi=-5, uptime=2951067, reserved=[0, 0, 0, 0, 0, 0]
[00:10:08.789] PACKET[COM9] ground_station_status: rssi=-5, uptime=2952067, reserved=[0, 0, 0, 0, 0, 0]
[00:10:08.799] PACKET[COM9] ground_station_status: rssi=-5, uptime=2953067, reserved=[0, 0, 0, 0, 0, 0]
[00:10:08.811] PACKET[COM9] ground_station_status: rssi=-5, uptime=2954067, reserved=[0, 0, 0, 0, 0, 0]
[00:10:08.821] PACKET[COM9] ground_station_status: rssi=-5, uptime=2955067, reserved=[0, 0, 0, 0, 0, 0]
[00:10:08.830] PACKET[COM9] ground_station_status: rssi=-5, uptime=2956067, reserved=[0, 0, 0, 0, 0, 0]
[00:10:08.839] PACKET[COM9] ground_station_status: rssi=-5, uptime=2957067, reserved=[0, 0, 0, 0, 0, 0]
[00:10:08.849] PACKET[COM9] ground_station_status: rssi=-5, uptime=2958067, reserved=[0, 0, 0, 0, 0, 0]
[00:10:08.859] PACKET[COM9] ground_station_status: rssi=-5, uptime=2959067, reserved=[0, 0, 0, 0, 0, 0]
[00:10:08.870] PACKET[COM9] ground_station_status: rssi=-5, uptime=2960067, reserved=[0, 0, 0, 0, 0, 0]
[00:10:08.882] PACKET[COM9] ground_station_status: rssi=-5, uptime=2961067, reserved=[0, 0, 0, 0, 0, 0]
[00:10:08.895] PACKET[COM9] ground_station_status: rssi=-5, uptime=2962067, reserved=[0, 0, 0, 0, 0, 0]
[00:10:08.906] PACKET[COM9] ground_station_status: rssi=-5, uptime=2963067, reserved=[0, 0, 0, 0, 0, 0]
[00:10:08.922] PACKET[COM9] ground_station_status: rssi=-5, uptime=2964067, reserved=[0, 0, 0, 0, 0, 0]
[00:10:08.935] PACKET[COM9] ground_station_status: rssi=-5, uptime=2965067, reserved=[0, 0, 0, 0, 0, 0]
[00:10:08.944] PACKET[COM9] ground_station_status: rssi=-5, uptime=2966067, reserved=[0, 0, 0, 0, 0, 0]
[00:10:08.957] PACKET[COM9] ground_station_status: rssi=-5, uptime=2967067, reserved=[0, 0, 0, 0, 0, 0]
[00:10:08.971] PACKET[COM9] ground_station_status: rssi=-5, uptime=2968067, reserved=[0, 0, 0, 0, 0, 0]
[00:10:08.979] PACKET[COM9] ground_station_status: rssi=-5, uptime=2969067, reserved=[0, 0, 0, 0, 0, 0]
[00:10:08.988] PACKET[COM9] ground_station_status: rssi=-5, uptime=2970067, reserved=[0, 0, 0, 0, 0, 0]
[00:10:08.998] PACKET[COM9] ground_station_status: rssi=-5, uptime=2971067, reserved=[0, 0, 0, 0, 0, 0]
[00:10:09.005] RX[COM9]  f0 fb 00 2d 59 a3 00 00 00 00 00 00 0a f0 fb 00 2d 5d 8b 00 00 00 00 00 00 0a f0 fb 00 2d 61 73 00 00 00 00 00 00 0a f0 fb 00 2d 65 5b 00 00 00 00 00 00 0a f0 fb 00 2d 69 43 00 00 00 00 00 00 0a f0 fb 00 2d 6d 2b 00 00 00 00 00 00 0a f0 fb 00 2d 71 13 00 00 00 00 00 00 0a f0 fb 00 2d 74 fb 00 00 00 00 00 00 0a f0 fb 00 2d 78 e3 00 00 00 00 00 00 0a f0 fb 00 2d 7c cb 00 00 00 00 00 00 0a f0 fb 00 2d 80 b3 00 00 00 00 00 00 0a f0 fb 00 2d 84 9b 00 00 00 00 00 00 0a f0 fb 00 2d 88 83 00 00 00 00 00 00 0a f0 fb 00 2d 8c 6b 00 00 00 00 00 00 0a f0 fb 00 2d 90 53 00 00 00 00 00 00 0a f0 fb 00 2d 94 3b 00 00 00 00 00 00 0a f0 fb 00 2d 98 23 00 00 00 00 00 00 0a f0 fb 00 2d 9c 0b 00 00 00 00 00 00 0a f0 fb 00 2d 9f f3 00 00 00 00 00 00 0a f0 fb 00 2d a3 db 00 00 00 00 00 00 0a f0 fb 00 2d a7 c3 00 00 00 00 00 00 0a f0 fb 00 2d ab ab 00 00 00 00 00 00 0a f0 fb 00 2d af 93 00 00 00 00 00 00 0a f0 fb 00 2d b3 7b 00 00 00 00 00 00 0a f0 fb 00 2d b7 63 00 00 00 00 00 00 0a f0 fb 00 2d bb 4b 00 00 00 00 00 00 0a f0 fb 00 2d bf 33 00 00 00 00 00 00 0a f0 fb 00 2d c3 1b 00 00 00 00 00 00 0a f0 fb 00 2d c7 03 00 00 00 00 00 00 0a f0 fb 00 2d ca eb 00 00 00 00 00 00 0a f0 fb 00 2d ce d3 00 00 00 00 00 00 0a f0 fb 00 2d d2 bb 00 00 00 00 00 00 0a f0 fb 00 2d d6 a3 00 00 00 00 00 00 0a f0 fb 00 2d da 8b 00 00 00 00 00 00 0a f0 fb 00 2d de 73 00 00 00 00 00 00 0a f0 fb 00 2d e2 5b 00 00 00 00 00 00 0a f0 fb 00 2d e6 43 00 00 00 00 00 00 0a f0 fb 00 2d ea 2b 00 00 00 00 00 00 0a f0 fb 00 2d ee 13 00 00 00 00 00 00 0a f0 fb 00 2d f1 fb 00 00 00 00 00 00 0a f0 fb 00 2f 70 cb 00 00 00 00 00 00 0a
[00:10:09.025] PACKET[COM9] ground_station_status: rssi=-5, uptime=2972067, reserved=[0, 0, 0, 0, 0, 0]
[00:10:09.044] PACKET[COM9] ground_station_status: rssi=-5, uptime=2973067, reserved=[0, 0, 0, 0, 0, 0]
[00:10:09.064] PACKET[COM9] ground_station_status: rssi=-5, uptime=2974067, reserved=[0, 0, 0, 0, 0, 0]
[00:10:09.080] PACKET[COM9] ground_station_status: rssi=-5, uptime=2975067, reserved=[0, 0, 0, 0, 0, 0]
[00:10:09.093] PACKET[COM9] ground_station_status: rssi=-5, uptime=2976067, reserved=[0, 0, 0, 0, 0, 0]
[00:10:09.110] PACKET[COM9] ground_station_status: rssi=-5, uptime=2977067, reserved=[0, 0, 0, 0, 0, 0]
[00:10:09.125] PACKET[COM9] ground_station_status: rssi=-5, uptime=2978067, reserved=[0, 0, 0, 0, 0, 0]
[00:10:09.139] PACKET[COM9] ground_station_status: rssi=-5, uptime=2979067, reserved=[0, 0, 0, 0, 0, 0]
[00:10:09.150] PACKET[COM9] ground_station_status: rssi=-5, uptime=2980067, reserved=[0, 0, 0, 0, 0, 0]
[00:10:09.171] PACKET[COM9] ground_station_status: rssi=-5, uptime=2981067, reserved=[0, 0, 0, 0, 0, 0]
[00:10:09.198] PACKET[COM9] ground_station_status: rssi=-5, uptime=2982067, reserved=[0, 0, 0, 0, 0, 0]
[00:10:09.215] PACKET[COM9] ground_station_status: rssi=-5, uptime=2983067, reserved=[0, 0, 0, 0, 0, 0]
[00:10:09.223] PACKET[COM9] ground_station_status: rssi=-5, uptime=2984067, reserved=[0, 0, 0, 0, 0, 0]
[00:10:09.235] PACKET[COM9] ground_station_status: rssi=-5, uptime=2985067, reserved=[0, 0, 0, 0, 0, 0]
[00:10:09.246] PACKET[COM9] ground_station_status: rssi=-5, uptime=2986067, reserved=[0, 0, 0, 0, 0, 0]
[00:10:09.255] PACKET[COM9] ground_station_status: rssi=-5, uptime=2987067, reserved=[0, 0, 0, 0, 0, 0]
[00:10:09.262] PACKET[COM9] ground_station_status: rssi=-5, uptime=2988067, reserved=[0, 0, 0, 0, 0, 0]
[00:10:09.272] PACKET[COM9] ground_station_status: rssi=-5, uptime=2989067, reserved=[0, 0, 0, 0, 0, 0]
[00:10:09.280] PACKET[COM9] ground_station_status: rssi=-5, uptime=2990067, reserved=[0, 0, 0, 0, 0, 0]
[00:10:09.291] PACKET[COM9] ground_station_status: rssi=-5, uptime=2991067, reserved=[0, 0, 0, 0, 0, 0]
[00:10:09.300] PACKET[COM9] ground_station_status: rssi=-5, uptime=2992067, reserved=[0, 0, 0, 0, 0, 0]
[00:10:09.306] PACKET[COM9] ground_station_status: rssi=-5, uptime=2993067, reserved=[0, 0, 0, 0, 0, 0]
[00:10:09.312] PACKET[COM9] ground_station_status: rssi=-5, uptime=2994067, reserved=[0, 0, 0, 0, 0, 0]
[00:10:09.320] PACKET[COM9] ground_station_status: rssi=-5, uptime=2995067, reserved=[0, 0, 0, 0, 0, 0]
[00:10:09.327] PACKET[COM9] ground_station_status: rssi=-5, uptime=2996067, reserved=[0, 0, 0, 0, 0, 0]
[00:10:09.341] PACKET[COM9] ground_station_status: rssi=-5, uptime=2997067, reserved=[0, 0, 0, 0, 0, 0]
[00:10:09.350] PACKET[COM9] ground_station_status: rssi=-5, uptime=2998067, reserved=[0, 0, 0, 0, 0, 0]
[00:10:09.358] PACKET[COM9] ground_station_status: rssi=-5, uptime=2999067, reserved=[0, 0, 0, 0, 0, 0]
[00:10:09.367] PACKET[COM9] ground_station_status: rssi=-5, uptime=3000067, reserved=[0, 0, 0, 0, 0, 0]
[00:10:09.373] PACKET[COM9] ground_station_status: rssi=-5, uptime=3001067, reserved=[0, 0, 0, 0, 0, 0]
[00:10:09.382] PACKET[COM9] ground_station_status: rssi=-5, uptime=3002067, reserved=[0, 0, 0, 0, 0, 0]
[00:10:09.388] PACKET[COM9] ground_station_status: rssi=-5, uptime=3003067, reserved=[0, 0, 0, 0, 0, 0]
[00:10:09.396] PACKET[COM9] ground_station_status: rssi=-5, uptime=3004067, reserved=[0, 0, 0, 0, 0, 0]
[00:10:09.403] PACKET[COM9] ground_station_status: rssi=-5, uptime=3005067, reserved=[0, 0, 0, 0, 0, 0]
[00:10:09.411] PACKET[COM9] ground_station_status: rssi=-5, uptime=3006067, reserved=[0, 0, 0, 0, 0, 0]
[00:10:09.419] PACKET[COM9] ground_station_status: rssi=-5, uptime=3007067, reserved=[0, 0, 0, 0, 0, 0]
[00:10:09.427] PACKET[COM9] ground_station_status: rssi=-5, uptime=3008067, reserved=[0, 0, 0, 0, 0, 0]
[00:10:09.433] PACKET[COM9] ground_station_status: rssi=-5, uptime=3009067, reserved=[0, 0, 0, 0, 0, 0]
[00:10:09.442] PACKET[COM9] ground_station_status: rssi=-5, uptime=3010067, reserved=[0, 0, 0, 0, 0, 0]
[00:10:09.451] PACKET[COM9] ground_station_status: rssi=-5, uptime=3011067, reserved=[0, 0, 0, 0, 0, 0]
[00:10:09.458] PACKET[COM9] ground_station_status: rssi=-5, uptime=3109067, reserved=[0, 0, 0, 0, 0, 0]
[00:10:09.467] RX[COM9]  f0
[00:10:09.472] RX[COM9]  fb 00 2f 74 b3 00 00 00 00 00 00 0a
[00:10:09.482] PACKET[COM9] ground_station_status: rssi=-5, uptime=3110067, reserved=[0, 0, 0, 0, 0, 0]
[00:10:09.486] RX[COM9]  f0
[00:10:09.491] RX[COM9]  fb 00 2f 78 9b 00 00 00 00 00 00 0a
[00:10:09.502] PACKET[COM9] ground_station_status: rssi=-5, uptime=3111067, reserved=[0, 0, 0, 0, 0, 0]
[00:10:09.508] RX[COM9]  f0
[00:10:09.516] RX[COM9]  fb 00 2f 7c 83 00 00 00 00 00 00 0a
[00:10:09.524] PACKET[COM9] ground_station_status: rssi=-5, uptime=3112067, reserved=[0, 0, 0, 0, 0, 0]
[00:10:09.529] RX[COM9]  f0
[00:10:09.535] RX[COM9]  fb 00 2f 80 6b 00 00 00 00 00 00 0a
[00:10:09.542] PACKET[COM9] ground_station_status: rssi=-5, uptime=3113067, reserved=[0, 0, 0, 0, 0, 0]
[00:10:09.547] RX[COM9]  f0
[00:10:09.555] RX[COM9]  fb 00 2f 84 53 00 00 00 00 00 00 0a
[00:10:09.564] PACKET[COM9] ground_station_status: rssi=-5, uptime=3114067, reserved=[0, 0, 0, 0, 0, 0]
[00:10:09.577] RX[COM9]  f0
[00:10:09.585] RX[COM9]  fb 00 2f 88 3b 00 00 00 00 00 00 0a
[00:10:09.594] PACKET[COM9] ground_station_status: rssi=-5, uptime=3115067, reserved=[0, 0, 0, 0, 0, 0]
[00:10:09.600] RX[COM9]  f0
[00:10:09.607] RX[COM9]  fb 00 2f 8c 23 00 00 00 00 00 00 0a
[00:10:09.618] PACKET[COM9] ground_station_status: rssi=-5, uptime=3116067, reserved=[0, 0, 0, 0, 0, 0]
[00:10:09.624] RX[COM9]  f0
[00:10:09.629] RX[COM9]  fb 00 2f 90 0b 00 00 00 00 00 00 0a
[00:10:09.639] PACKET[COM9] ground_station_status: rssi=-5, uptime=3117067, reserved=[0, 0, 0, 0, 0, 0]
[00:10:09.648] RX[COM9]  f0
[00:10:09.653] RX[COM9]  fb 00 2f 93 f3 00 00 00 00 00 00 0a
[00:10:09.661] PACKET[COM9] ground_station_status: rssi=-5, uptime=3118067, reserved=[0, 0, 0, 0, 0, 0]
[00:10:09.668] RX[COM9]  f0
[00:10:09.675] RX[COM9]  fb 00 2f 97 db 00 00 00 00 00 00 0a
[00:10:09.687] PACKET[COM9] ground_station_status: rssi=-5, uptime=3119067, reserved=[0, 0, 0, 0, 0, 0]
[00:10:09.698] RX[COM9]  f0 fb 00 2f 9b c3 00 00 00 00 00 00 0a f0 fb 00 2f 9f ab 00 00 00 00 00 00 0a f0 fb 00 2f a3 93 00 00 00 00 00 00 0a f0 fb 00 2f a7 7b 00 00 00 00 00 00 0a f0 fb 00 2f ab 63 00 00 00 00 00 00 0a f0 fb 00 2f af 4b 00 00 00 00 00 00 0a f0 fb 00 2f b3 33 00 00 00 00 00 00 0a f0 fb 00 2f b7 1b 00 00 00 00 00 00 0a f0 fb 00 2f bb 03 00 00 00 00 00 00 0a f0 fb 00 2f be eb 00 00 00 00 00 00 0a f0 fb 00 2f c2 d3 00 00 00 00 00 00 0a f0 fb 00 2f c6 bb 00 00 00 00 00 00 0a f0 fb 00 2f ca a3 00 00 00 00 00 00 0a f0 fb 00 2f ce 8b 00 00 00 00 00 00 0a f0 fb 00 2f d2 73 00 00 00 00 00 00 0a f0 fb 00 2f d6 5b 00 00 00 00 00 00 0a f0 fb 00 2f da 43 00 00 00 00 00 00 0a f0 fb 00 2f de 2b 00 00 00 00 00 00 0a f0 fb 00 2f e2 13 00 00 00 00 00 00 0a f0 fb 00 2f e5 fb 00 00 00 00 00 00 0a f0 fb 00 2f e9 e3 00 00 00 00 00 00 0a f0 fb 00 2f ed cb 00 00 00 00 00 00 0a f0 fb 00 2f f1 b3 00 00 00 00 00 00 0a f0 fb 00 2f f5 9b 00 00 00 00 00 00 0a f0 fb 00 2f f9 83 00 00 00 00 00 00 0a f0 fb 00 2f fd 6b 00 00 00 00 00 00 0a f0 fb 00 30 01 53 00 00 00 00 00 00 0a f0 fb 00 30 05 3b 00 00 00 00 00 00 0a f0 fb 00 30 09 23 00 00 00 00 00 00 0a f0 fb 00 30 0d 0b 00 00 00 00 00 00 0a f0 fb 00 30 10 f3 00 00 00 00 00 00 0a f0 fb 00 30 14 db 00 00 00 00 00 00 0a f0 fb 00 30 18 c3 00 00 00 00 00 00 0a f0 fb 00 30 1c ab 00 00 00 00 00 00 0a f0 fb 00 30 20 93 00 00 00 00 00 00 0a f0 fb 00 30 24 7b 00 00 00 00 00 00 0a f0 fb 00 30 28 63 00 00 00 00 00 00 0a f0 fb 00 30 2c 4b 00 00 00 00 00 00 0a f0 fb 00 30 30 33 00 00 00 00 00 00 0a f0 fb 00 30 34 1b 00 00 00 00 00 00 0a f0 fb 00 30 38 03 00 00 00 00 00 00 0a f0 fb 00 30 3b eb 00 00 00 00 00 00 0a f0 fb 00 30 3f d3 00 00 00 00 00 00 0a f0 fb 00 30 43 bb 00 00 00 00 00 00 0a f0 fb 00 30 47 a3 00 00 00 00 00 00 0a f0 fb 00 30 4b 8b 00 00 00 00 00 00 0a f0 fb 00 30 4f 73 00 00 00 00 00 00 0a f0 fb 00 30 53 5b 00 00 00 00 00 00 0a f0 fb 00 30 57 43 00 00 00 00 00 00 0a f0 fb 00 30 5b 2b 00 00 00 00 00 00 0a f0 fb 00 30 5f 13 00 00 00 00 00 00 0a f0 fb 00 30 62 fb 00 00 00 00 00 00 0a f0 fb 00 30 66 e3 00 00 00 00 00 00 0a f0 fb 00 30 6a cb 00 00 00 00 00 00 0a f0 fb 00 30 6e b3 00 00 00 00 00 00 0a f0 fb 00 30 72 9b 00 00 00 00 00 00 0a f0 fb 00 30 76 83 00 00 00 00 00 00 0a f0 fb 00 30 7a 6b 00 00 00 00 00 00 0a f0 fb 00 30 7e 53 00 00 00 00 00 00 0a f0 fb 00 30 82 3b 00 00 00 00 00 00 0a f0 fb 00 30 86 23 00 00 00 00 00 00 0a f0 fb 00 30 8a 0b 00 00 00 00 00 00 0a f0 fb 00 30 8d f3 00 00 00 00 00 00 0a f0 fb 00 30 91 db 00 00 00 00 00 00 0a f0 fb 00 30 95 c3 00 00 00 00 00 00 0a f0 fb 00 30 99 ab 00 00 00 00 00 00 0a f0 fb 00 30 9d 93 00 00 00 00 00 00 0a f0 fb 00 30 a1 7b 00 00 00 00 00 00 0a f0 fb 00 30 a5 63 00 00 00 00 00 00 0a f0 fb 00 30 a9 4b 00 00 00 00 00 00 0a f0 fb 00 30 ad 33 00 00 00 00 00 00 0a f0 fb 00 30 b1 1b 00 00 00 00 00 00 0a f0 fb 00 30 b5 03 00 00 00 00 00 00 0a f0 fb 00 30 b8 eb 00 00 00 00 00 00 0a f0 fb 00 30 bc d3 00 00 00 00 00 00 0a f0 fb 00 30 c0 bb 00 00 00 00 00 00 0a f0 fb 00 30 c4 a3 00 00 00 00 00 00 0a f0 fb 00 30 c8 8b 00 00 00 00 00 00 0a f0 fb 00 30 cc 73 00 00 00 00 00 00 0a f0 fb 00 30 d0 5b 00 00 00 00 00 00 0a f0 fb 00 30 d4 43 00 00 00 00 00 00 0a f0 fb 00 30 d8 2b 00 00 00 00 00 00 0a f0 fb 00 30 dc 13 00 00 00 00 00 00 0a f0 fb 00 30 df fb 00 00 00 00 00 00 0a f0 fb 00 30 e3 e3 00 00 00 00 00 00 0a f0 fb 00 30 e7 cb 00 00 00 00 00 00 0a f0 fb 00 30 eb b3 00 00 00 00 00 00 0a f0 fb 00 30 ef 9b 00 00 00 00 00 00 0a f0 fb 00 30 f3 83 00 00 00 00 00 00 0a f0 fb 00 30 f7 6b 00 00 00 00 00 00 0a f0 fb 00 30 fb 53 00 00 00 00 00 00 0a f0 fb 00 30 ff 3b 00 00 00 00 00 00 0a f0 fb 00 31 03 23 00 00 00 00 00 00 0a f0 fb 00 31 07 0b 00 00 00 00 00 00 0a f0 fb 00 31 0a f3 00 00 00 00 00 00 0a f0 fb 00 31 0e db 00 00 00 00 00 00 0a f0 fb 00 31 12 c3 00 00 00 00 00 00 0a f0 fb 00 31 16 ab 00 00 00 00 00 00 0a f0 fb 00 31 1a 93 00 00 00 00 00 00 0a f0 fb 00 31 1e 7b 00 00 00 00 00 00 0a f0 fb 00 31 22 63 00 00 00 00 00 00 0a f0 fb 00 31 26 4b 00 00 00 00 00 00 0a f0 fb 00 31 2a 33 00 00 00 00 00 00 0a f0 fb 00 31 2e 1b 00 00 00 00 00 00 0a f0 fb 00 31 32 03 00 00 00 00 00 00 0a f0 fb 00 31 35 eb 00 00 00 00 00 00 0a f0 fb 00 31 39 d3 00 00 00 00 00 00 0a f0 fb 00 31 3d bb 00 00 00 00 00 00 0a f0 fb 00 31 41 a3 00 00 00 00 00 00 0a f0 fb 00 31 45 8b 00 00 00 00 00 00 0a f0 fb 00 31 49 73 00 00 00 00 00 00 0a f0 fb 00 31 4d 5b 00 00 00 00 00 00 0a f0 fb 00 31 51 43 00 00 00 00 00 00 0a f0 fb 00 31 55 2b 00 00 00 00 00 00 0a f0 fb 00 31 59 13 00 00 00 00 00 00 0a f0 fb 00 31 5c fb 00 00 00 00 00 00 0a f0 fb 00 31 60 e3 00 00 00 00 00 00 0a f0 fb 00 31 64 cb 00 00 00 00 00 00 0a f0 fb 00 31 68 b3 00 00 00 00 00 00 0a f0 fb 00 31 6c 9b 00 00 00 00 00 00 0a f0 fb 00 31 70 83 00 00 00 00 00 00 0a f0 fb 00 31 74 6b 00 00 00 00 00 00 0a f0 fb 00 31 78 53 00 00 00 00 00 00 0a f0 fb 00 31 7c 3b 00 00 00 00 00 00 0a f0 fb 00 31 80 23 00 00 00 00 00 00 0a f0 fb 00 31 84 0b 00 00 00 00 00 00 0a f0 fb 00 31 87 f3 00 00 00 00 00 00 0a f0 fb 00 31 8b db 00 00 00 00 00 00 0a f0 fb 00 31 8f c3 00 00 00 00 00 00 0a f0 fb 00 31 93 ab 00 00 00 00 00 00 0a f0 fb 00 31 97 93 00 00 00 00 00 00 0a f0 fb 00 31 9b 7b 00 00 00 00 00 00 0a f0 fb 00 31 9f 63 00 00 00 00 00 00 0a f0 fb 00 31 a3 4b 00 00 00 00 00 00 0a f0 fb 00 31 a7 33 00 00 00 00 00 00 0a f0 fb 00 31 ab 1b 00 00 00 00 00 00 0a f0 fb 00 31 af 03 00 00 00 00 00 00 0a f0 fb 00 31 b2 eb 00 00 00 00 00 00 0a f0 fb 00 31 b6 d3 00 00 00 00 00 00 0a f0 fb 00 31 ba bb 00 00 00 00 00 00 0a f0 fb 00 31 be a3 00 00 00 00 00 00 0a f0 fb 00 31 c2 8b 00 00 00 00 00 00 0a f0 fb 00 31 c6 73 00 00 00 00 00 00 0a f0 fb 00 31 ca 5b 00 00 00 00 00 00 0a f0 fb 00 31 ce 43 00 00 00 00 00 00 0a f0 fb 00 31 d2 2b 00 00 00 00 00 00 0a f0 fb 00 31 d6 13 00 00 00 00 00 00 0a f0 fb 00 31 d9 fb 00 00 00 00 00 00 0a f0 fb 00 31 dd e3 00 00 00 00 00 00 0a f0 fb 00 31 e1 cb 00 00 00 00 00 00 0a f0 fb 00 31 e5 b3 00 00 00 00 00 00 0a f0 fb 00 31 e9 9b 00 00 00 00 00 00 0a f0 fb 00 31 ed 83 00 00 00 00 00 00 0a f0 fb 00 31 f1 6b 00 00 00 00 00 00 0a f0 fb 00 31 f5 53 00 00 00 00 00 00 0a f0 fb 00 31 f9 3b 00 00 00 00 00 00 0a f0 fb 00 31 fd 23 00 00 00 00 00 00 0a f0 fb 00 32 01 0b 00 00 00 00 00 00 0a f0 fb 00 32 04 f3 00 00 00 00 00 00 0a f0 fb 00 32 08 db 00 00 00 00 00 00 0a f0 fb 00 32 0c c3 00 00 00 00 00 00 0a f0 fb 00 32 10 ab 00 00 00 00 00 00 0a f0 fb 00 32 14 93 00 00 00 00 00 00 0a f0 fb 00 32 18 7b 00 00 00 00 00 00 0a f0 fb 00 32 1c 63 00 00 00 00 00 00 0a f0 fb 00 32 20 4b 00 00 00 00 00 00 0a f0 fb 00 32 24 33 00 00 00 00 00 00 0a f0 fb 00 32 28 1b 00 00 00 00 00 00 0a f0 fb 00 32 2c 03 00 00 00 00 00 00 0a f0 fb 00 32 2f eb 00 00 00 00 00 00 0a f0 fb 00 32 33 d3 00 00 00 00 00 00 0a f0 fb 00 32 37 bb 00 00 00 00 00 00 0a f0 fb 00 32 3b a3 00 00 00 00 00 00 0a f0 fb 00 32 3f 8b 00 00 00 00 00 00 0a f0 fb 00 32 43 73 00 00 00 00 00 00 0a f0 fb 00 32 47 5b 00 00 00 00 00 00 0a f0 fb 00 32 4b 43 00 00 00 00 00 00 0a f0 fb 00 32 4f 2b 00 00 00 00 00 00 0a f0 fb 00 32 53 13 00 00 00 00 00 00 0a f0 fb 00 32 56 fb 00 00 00 00 00 00 0a f0 fb 00 32 5a e3 00 00 00 00 00 00 0a f0 fb 00 32 5e cb 00 00 00 00 00 00 0a f0 fb 00 32 62 b3 00 00 00 00 00 00 0a f0 fb 00 32 66 9b 00 00 00 00 00 00 0a f0 fb 00 32 6a 83 00 00 00 00 00 00 0a f0 fb 00 32 6e 6b 00 00 00 00 00 00 0a f0 fb 00 32 72 53 00 00 00 00 00 00 0a f0 fb 00 32 76 3b 00 00 00 00 00 00 0a f0 fb 00 32 7a 23 00 00 00 00 00 00 0a f0 fb 00 32 7e 0b 00 00 00 00 00 00 0a f0 fb 00 32 81 f3 00 00 00 00 00 00 0a f0 fb 00 32 85 db 00 00 00 00 00 00 0a f0 fb 00 32 89 c3 00 00 00 00 00 00 0a f0 fb 00 32 8d ab 00 00 00 00 00 00 0a f0 fb 00 32 91 93 00 00 00 00 00 00 0a f0 fb 00 32 95 7b 00 00 00 00 00 00 0a f0 fb 00 32 99 63 00 00 00 00 00 00 0a f0 fb 00 32 9d 4b 00 00 00 00 00 00 0a f0 fb 00 32 a1 33 00 00 00 00 00 00 0a f0 fb 00 32 a5 1b 00 00 00 00 00 00 0a f0 fb 00 32 a9 03 00 00 00 00 00 00 0a f0 fb 00 32 ac eb 00 00 00 00 00 00 0a f0 fb 00 32 b0 d3 00 00 00 00 00 00 0a f0 fb 00 32 b4 bb 00 00 00 00 00 00 0a f0 fb 00 32 b8 a3 00 00 00 00 00 00 0a f0 fb 00 32 bc 8b 00 00 00 00 00 00 0a f0 fb 00 32 c0 73 00 00 00 00 00 00 0a f0 fb 00 32 c4 5b 00 00 00 00 00 00 0a f0 fb 00 32 c8 43 00 00 00 00 00 00 0a f0 fb 00 32 cc 2b 00 00 00 00 00 00 0a f0 fb 00 32 d0 13 00 00 00 00 00 00 0a f0 fb 00 32 d3 fb 00 00 00 00 00 00 0a f0 fb 00 32 d7 e3 00 00 00 00 00 00 0a f0 fb 00 32 db cb 00 00 00 00 00 00 0a f0 fb 00 32 df b3 00 00 00 00 00 00 0a f0 fb 00 32 e3 9b 00 00 00 00 00 00 0a f0 fb 00 32 e7 83 00 00 00 00 00 00 0a f0 fb 00 32 eb 6b 00 00 00 00 00 00 0a f0 fb 00 32 ef 53 00 00 00 00 00 00 0a f0 fb 00 32 f3 3b 00 00 00 00 00 00 0a f0 fb 00 32 f7 23 00 00 00 00 00 00 0a f0 fb 00 32 fb 0b 00 00 00 00 00 00 0a f0 fb 00 32 fe f3 00 00 00 00 00 00 0a f0 fb 00 33 02 db 00 00 00 00 00 00 0a f0 fb 00 33 06 c3 00 00 00 00 00 00 0a f0 fb 00 33 0a ab 00 00 00 00 00 00 0a f0 fb 00 33 0e 93 00 00 00 00 00 00 0a f0 fb 00 33 12 7b 00 00 00 00 00 00 0a f0 fb 00 33 16 63 00 00 00 00 00 00 0a f0 fb 00 33 1a 4b 00 00 00 00 00 00 0a f0 fb 00 33 1e 33 00 00 00 00 00 00 0a f0 fb 00 33 22 1b 00 00 00 00 00 00 0a f0 fb 00 33 26 03 00 00 00 00 00 00 0a f0 fb 00 33 29 eb 00 00 00 00 00 00 0a f0 fb 00 33 2d d3 00 00 00 00 00 00 0a f0 fb 00 33 31 bb 00 00 00 00 00 00 0a f0 fb 00 33 35 a3 00 00 00 00 00 00 0a f0 fb 00 33 39 8b 00 00 00 00 00 00 0a f0 fb 00 33 3d 73 00 00 00 00 00 00 0a f0 fb 00 33 41 5b 00 00 00 00 00 00 0a f0 fb 00 33 45 43 00 00 00 00 00 00 0a f0 fb 00 33 49 2b 00 00 00 00 00 00 0a f0 fb 00 33 4d 13 00 00 00 00 00 00 0a f0 fb 00 33 50 fb 00 00 00 00 00 00 0a f0 fb 00 33 54 e3 00 00 00 00 00 00 0a f0 fb 00 33 58 cb 00 00 00 00 00 00 0a f0 fb 00 33 5c b3 00 00 00 00 00 00 0a f0 fb 00 33 60 9b 00 00 00 00 00 00 0a f0 fb 00 33 64 83 00 00 00 00 00 00 0a f0 fb 00 33 68 6b 00 00 00 00 00 00 0a f0 fb 00 33 6c 53 00 00 00 00 00 00 0a f0 fb 00 33 70 3b 00 00 00 00 00 00 0a f0 fb 00 33 74 23 00 00 00 00 00 00 0a f0 fb 00 33 78 0b 00 00 00 00 00 00 0a f0 fb 00 33 7b f3 00 00 00 00 00 00 0a f0 fb 00 33 7f db 00 00 00 00 00 00 0a f0 fb 00 33 83 c3 00 00 00 00 00 00 0a f0 fb 00 33 87 ab 00 00 00 00 00 00 0a f0 fb 00 33 8b 93 00 00 00 00 00 00 0a f0 fb 00 33 8f 7b 00 00 00 00 00 00 0a f0 fb 00 33 93 63 00 00 00 00 00 00 0a f0 fb 00 33 97 4b 00 00 00 00 00 00 0a f0 fb 00 33 9b 33 00 00 00 00 00 00 0a f0 fb 00 33 9f 1b 00 00 00 00 00 00 0a f0 fb 00 33 a3 03 00 00 00 00 00 00 0a f0 fb 00 33 a6 eb 00 00 00 00 00 00 0a f0 fb 00 33 aa d3 00 00 00 00 00 00 0a f0 fb 00 33 ae bb 00 00 00 00 00 00 0a f0 fb 00 33 b2 a3 00 00 00 00 00 00 0a f0 fb 00 33 b6 8b 00 00 00 00 00 00 0a f0 fb 00 33 ba 73 00 00 00 00 00 00 0a f0 fb 00 33 be 5b 00 00 00 00 00 00 0a f0 fb 00 33 c2 43 00 00 00 00 00 00 0a f0 fb 00 33 c6 2b 00 00 00 00 00 00 0a f0 fb 00 33 ca 13 00 00 00 00 00 00 0a f0 fb 00 33 cd fb 00 00 00 00 00 00 0a f0 fb 00 33 d1 e3 00 00 00 00 00 00 0a f0 fb 00 33 d5 cb 00 00 00 00 00 00 0a f0 fb 00 33 d9 b3 00 00 00 00 00 00 0a f0 fb 00 33 dd 9b 00 00 00 00 00 00 0a f0 fb 00 33 e1 83 00 00 00 00 00 00 0a f0 fb 00 33 e5 6b 00 00 00 00 00 00 0a f0 fb 00 33 e9 53 00 00 00 00 00 00 0a f0 fb 00 33 ed 3b 00 00 00 00 00 00 0a f0 fb 00 33 f1 23 00 00 00 00 00 00 0a f0 fb 00 33 f5 0b 00 00 00 00 00 00 0a f0 fb 00 33 f8 f3 00 00 00 00 00 00 0a f0 fb 00 33 fc db 00 00 00 00 00 00 0a f0 fb 00 34 00 c3 00 00 00 00 00 00 0a f0 fb 00 34 04 ab 00 00 00 00 00 00 0a f0 fb 00 34 08 93 00 00 00 00 00 00 0a f0 fb 00 34 0c 7b 00 00 00 00 00 00 0a f0 fb 00 34 10 63 00 00 00 00 00 00 0a f0 fb 00 34 14 4b 00 00 00 00 00 00 0a f0 fb 00 34 18 33 00 00 00 00 00 00 0a f0 fb 00 34 1c 1b 00 00 00 00 00 00 0a f0 fb 00 34 20 03 00 00 00 00 00 00 0a f0 fb 00 34 23 eb 00 00 00 00 00 00 0a f0 fb 00 34 27 d3 00 00 00 00 00 00 0a f0 fb 00 34 2b bb 00 00 00 00 00 00 0a f0 fb 00 34 2f a3 00 00 00 00 00 00 0a f0 fb 00 34 33 8b 00 00 00 00 00 00 0a f0 fb 00 34 37 73 00 00 00 00 00 00 0a f0 fb 00 34 3b 5b 00 00 00 00 00 00 0a f0 fb 00 34 3f 43 00 00 00 00 00 00 0a f0 fb 00 34 43 2b 00 00 00 00 00 00 0a f0 fb 00 34 47 13 00 00 00 00 00 00 0a f0 fb 00 34 4a fb 00 00 00 00 00 00 0a f0 fb 00 34 4e e3 00 00 00 00 00 00 0a f0 fb 00 34 52 cb 00 00 00 00 00 00 0a f0 fb 00 34 56 b3 00 00 00 00 00 00 0a f0 fb 00 34 5a 9b 00 00 00 00 00 00 0a f0 fb 00 34 5e 83 00 00 00 00 00 00 0a f0 fb 00 34 62 6b 00 00 00 00 00 00 0a f0 fb 00 34 66 53 00 00 00 00 00 00 0a f0 fb 00 34 6a 3b 00 00 00 00 00 00 0a f0 fb 00 34 6e 23 00 00 00 00 00 00 0a f0 fb 00 34 72 0b 00 00 00 00 00 00 0a f0 fb 00 34 75 f3 00 00 00 00 00 00 0a f0 fb 00 34 79 db 00 00 00 00 00 00 0a f0 fb 00 34 7d c3 00 00 00 00 00 00 0a f0 fb 00 34 81 ab 00 00 00 00 00 00 0a f0 fb 00 34 85 93 00 00 00 00 00 00 0a f0 fb 00 34 89 7b 00 00 00 00 00 00 0a f0 fb 00 34 8d 63 00 00 00 00 00 00 0a f0 fb 00 34 91 4b 00 00 00 00 00 00 0a f0 fb 00 34 95 33 00 00 00 00 00 00 0a f0 fb 00 34 99 1b 00 00 00 00 00 00 0a f0 fb 00 34 9d 03 00 00 00 00 00 00 0a f0 fb 00 34 a0 eb 00 00 00 00 00 00 0a f0 fb 00 34 a4 d3 00 00 00 00 00 00 0a f0 fb 00 34 a8 bb 00 00 00 00 00 00 0a f0 fb 00 34 ac a3 00 00 00 00 00 00 0a f0 fb 00 34 b0 8b 00 00 00 00 00 00 0a f0 fb 00 34 b4 73 00 00 00 00 00 00 0a f0 fb 00 34 b8 5b 00 00 00 00 00 00 0a f0 fb 00 34 bc 43 00 00 00 00 00 00 0a f0 fb 00 34 c0 2b 00 00 00 00 00 00 0a f0 fb 00 34 c4 13 00 00 00 00 00 00 0a f0 fb 00 34 c7 fb 00 00 00 00 00 00 0a f0 fb 00 34 cb e3 00 00 00 00 00 00 0a f0 fb 00 34 cf cb 00 00 00 00 00 00 0a f0 fb 00 34 d3 b3 00 00 00 00 00 00 0a f0 fb 00 34 d7 9b 00 00 00 00 00 00 0a f0 fb 00 34 db 83 00 00 00 00 00 00 0a f0 fb 00 34 df 6b 00 00 00 00 00 00 0a f0 fb 00 34 e3 53 00 00 00 00 00 00 0a f0 fb 00 34 e7 3b 00 00 00 00 00 00 0a f0 fb 00 34 eb 23 00 00 00 00 00 00 0a f0 fb 00 34 ef 0b 00 00 00 00 00 00 0a f0 fb 00 34 f2 f3 00 00 00 00 00 00 0a f0 fb 00 34 f6 db 00 00 00 00 00 00 0a f0 fb 00 34 fa c3 00 00 00 00 00 00 0a f0 fb 00 34 fe ab 00 00 00 00 00 00 0a f0 fb 00 35 02 93 00 00 00 00 00 00 0a f0 fb 00 35 06 7b 00 00 00 00 00 00 0a f0 fb 00 35 0a 63 00 00 00 00 00 00 0a f0 fb 00 35 0e 4b 00 00 00 00 00 00 0a f0 fb 00 35 12 33 00 00 00 00 00 00 0a f0 fb 00 35 16 1b 00 00 00 00 00 00 0a f0 fb 00 35 1a 03 00 00 00 00 00 00 0a f0 fb 00 35 1d eb 00 00 00 00 00 00 0a f0 fb 00 35 21 d3 00 00 00 00 00 00 0a f0 fb 00 35 25 bb 00 00 00 00 00 00 0a f0 fb 00 35 29 a3 00 00 00 00 00 00 0a f0 fb 00 35 2d 8b 00 00 00 00 00 00 0a f0 fb 00 35 31 73 00 00 00 00 00 00 0a f0 fb 00 35 35 5b 00 00 00 00 00 00 0a f0 fb 00 35 39 43 00 00 00 00 00 00 0a f0 fb 00 35 3d 2b 00 00 00 00 00 00 0a f0 fb 00 35 41 13 00 00 00 00 00 00 0a f0 fb 00 35 44 fb 00 00 00 00 00 00 0a f0 fb 00 35 48 e3 00 00 00 00 00 00 0a f0 fb 00 35 4c cb 00 00 00 00 00 00 0a f0 fb 00 35 50 b3 00 00 00 00 00 00 0a f0 fb 00 35 54 9b 00 00 00 00 00 00 0a f0 fb 00 35 58 83 00 00 00 00 00 00 0a f0 fb 00 35 5c 6b 00 00 00 00 00 00 0a f0 fb 00 35 60 53 00 00 00 00 00 00 0a f0 fb 00 35 64 3b 00 00 00 00 00 00 0a f0 fb 00 35 68 23 00 00 00 00 00 00 0a f0 fb 00 35 6c 0b 00 00 00 00 00 00 0a f0 fb 00 35 6f f3 00 00 00 00 00 00 0a f0 fb 00 35 73 db 00 00 00 00 00 00 0a f0 fb 00 35 77 c3 00 00 00 00 00 00 0a f0 fb 00 35 7b ab 00 00 00 00 00 00 0a f0 fb 00 35 7f 93 00 00 00 00 00 00 0a f0 fb 00 35 83 7b 00 00 00 00 00 00 0a f0 fb 00 35 87 63 00 00 00 00 00 00 0a f0 fb 00 35 8b 4b 00 00 00 00 00 00 0a f0 fb 00 35 8f 33 00 00 00 00 00 00 0a f0 fb 00 35 93 1b 00 00 00 00 00 00 0a f0 fb 00 35 97 03 00 00 00 00 00 00 0a f0 fb 00 35 9a eb 00 00 00 00 00 00 0a f0 fb 00 35 9e d3 00 00 00 00 00 00 0a f0 fb 00 35 a2 bb 00 00 00 00 00 00 0a f0 fb 00 35 a6 a3 00 00 00 00 00 00 0a f0 fb 00 35 aa 8b 00 00 00 00 00 00 0a f0 fb 00 35 ae 73 00 00 00 00 00 00 0a f0 fb 00 35 b2 5b 00 00 00 00 00 00 0a f0 fb 00 35 b6 43 00 00 00 00 00 00 0a f0 fb 00 35 ba 2b 00 00 00 00 00 00 0a f0 fb 00 35 be 13 00 00 00 00 00 00 0a f0 fb 00 35 c1 fb 00 00 00 00 00 00 0a f0 fb 00 35 c5 e3 00 00 00 00 00 00 0a f0 fb 00 35 c9 cb 00 00 00 00 00 00 0a f0 fb 00 35 cd b3 00 00 00 00 00 00 0a f0 fb 00 35 d1 9b 00 00 00 00 00 00 0a f0 fb 00 35 d5 83 00 00 00 00 00 00 0a f0 fb 00 35 d9 6b 00 00 00 00 00 00 0a f0 fb 00 35 dd 53 00 00 00 00 00 00 0a f0 fb 00 35 e1 3b 00 00 00 00 00 00 0a f0 fb 00 35 e5 23 00 00 00 00 00 00 0a f0 fb 00 35 e9 0b 00 00 00 00 00 00 0a f0 fb 00 35 ec f3 00 00 00 00 00 00 0a f0 fb 00 35 f0 db 00 00 00 00 00 00 0a f0 fb 00 35 f4 c3 00 00 00 00 00 00 0a f0 fb 00 35 f8 ab 00 00 00 00 00 00 0a f0 fb 00 35 fc 93 00 00 00 00 00 00 0a f0 fb 00 36 00 7b 00 00 00 00 00 00 0a f0 fb 00 36 04 63 00 00 00 00 00 00 0a f0 fb 00 36 08 4b 00 00 00 00 00 00 0a f0 fb 00 36 0c 33 00 00 00 00 00 00 0a f0 fb 00 36 10 1b 00 00 00 00 00 00 0a f0 fb 00 36 14 03 00 00 00 00 00 00 0a f0 fb 00 36 17 eb 00 00 00 00 00 00 0a f0 fb 00 36 1b d3 00 00 00 00 00 00 0a f0 fb 00 36 1f bb 00 00 00 00 00 00 0a f0 fb 00 36 23 a3 00 00 00 00 00 00 0a f0 fb 00 36 27 8b 00 00 00 00 00 00 0a f0 fb 00 36 2b 73 00 00 00 00 00 00 0a f0 fb 00 36 2f 5b 00 00 00 00 00 00 0a f0 fb 00 36 33 43 00 00 00 00 00 00 0a f0 fb 00 36 37 2b 00 00 00 00 00 00 0a f0 fb 00 36 3b 13 00 00 00 00 00 00 0a f0 fb 00 36 3e fb 00 00 00 00 00 00 0a f0 fb 00 36 42 e3 00 00 00 00 00 00 0a f0 fb 00 36 46 cb 00 00 00 00 00 00 0a f0 fb 00 36 4a b3 00 00 00 00 00 00 0a f0 fb 00 36 4e 9b 00 00 00 00 00 00 0a f0 fb 00 36 52 83 00 00 00 00 00 00 0a f0 fb 00 36 56 6b 00 00 00 00 00 00 0a f0 fb 00 36 5a 53 00 00 00 00 00 00 0a f0 fb 00 36 5e 3b 00 00 00 00 00 00 0a f0 fb 00 36 62 23 00 00 00 00 00 00 0a f0 fb 00 36 66 0b 00 00 00 00 00 00 0a f0 fb 00 36 69 f3 00 00 00 00 00 00 0a f0 fb 00 36 6d db 00 00 00 00 00 00 0a f0 fb 00 36 71 c3 00 00 00 00 00 00 0a f0 fb 00 36 75 ab 00 00 00 00 00 00 0a f0 fb 00 36 79 93 00 00 00 00 00 00 0a f0 fb 00 36 7d 7b 00 00 00 00 00 00 0a f0 fb 00 36 81 63 00 00 00 00 00 00 0a f0 fb 00 36 85 4b 00 00 00 00 00 00 0a f0 fb 00 36 89 33 00 00 00 00 00 00 0a f0 fb 00 36 8d 1b 00 00 00 00 00 00 0a f0 fb 00 36 91 03 00 00 00 00 00 00 0a f0 fb 00 36 94 eb 00 00 00 00 00 00 0a f0 fb 00 36 98 d3 00 00 00 00 00 00 0a f0 fb 00 36 9c bb 00 00 00 00 00 00 0a f0 fb 00 36 a0 a3 00 00 00 00 00 00 0a f0 fb 00 36 a4 8b 00 00 00 00 00 00 0a f0 fb 00 36 a8 73 00 00 00 00 00 00 0a f0 fb 00 36 ac 5b 00 00 00 00 00 00 0a f0 fb 00 36 b0 43 00 00 00 00 00 00 0a f0 fb 00 36 b4 2b 00 00 00 00 00 00 0a f0 fb 00 36 b8 13 00 00 00 00 00 00 0a f0 fb 00 36 bb fb 00 00 00 00 00 00 0a f0 fb 00 36 bf e3 00 00 00 00 00 00 0a f0 fb 00 36 c3 cb 00 00 00 00 00 00 0a f0 fb 00 36 c7 b3 00 00 00 00 00 00 0a f0 fb 00 36 cb 9b 00 00 00 00 00 00 0a f0 fb 00 36 cf 83 00 00 00 00 00 00 0a f0 fb 00 36 d3 6b 00 00 00 00 00 00 0a f0 fb 00 36 d7 53 00 00 00 00 00 00 0a f0 fb 00 36 db 3b 00 00 00 00 00 00 0a f0 fb 00 36 df 23 00 00 00 00 00 00 0a f0 fb 00 36 e3 0b 00 00 00 00 00 00 0a f0 fb 00 36 e6 f3 00 00 00 00 00 00 0a f0 fb 00 36 ea db 00 00 00 00 00 00 0a f0 fb 00 36 ee c3 00 00 00 00 00 00 0a f0 fb 00 36 f2 ab 00 00 00 00 00 00 0a f0 fb 00 36 f6 93 00 00 00 00 00 00 0a f0 fb 00 36 fa 7b 00 00 00 00 00 00 0a f0 fb 00 36 fe 63 00 00 00 00 00 00 0a f0 fb 00 37 02 4b 00 00 00 00 00 00 0a f0 fb 00 37 06 33 00 00 00 00 00 00 0a f0 fb 00 37 0a 1b 00 00 00 00 00 00 0a f0 fb 00 37 0e 03 00 00 00 00 00 00 0a f0 fb 00 37 11 eb 00 00 00 00 00 00 0a f0 fb 00 37 15 d3 00 00 00 00 00 00 0a f0 fb 00 37 19 bb 00 00 00 00 00 00 0a f0 fb 00 37 1d a3 00 00 00 00 00 00 0a f0 fb 00 37 21 8b 00 00 00 00 00 00 0a f0 fb 00 37 25 73 00 00 00 00 00 00 0a f0 fb 00 37 29 5b 00 00 00 00 00 00 0a f0 fb 00 37 2d 43 00 00 00 00 00 00 0a f0 fb 00 37 31 2b 00 00 00 00 00 00 0a f0 fb 00 37 35 13 00 00 00 00 00 00 0a f0 fb 00 37 38 fb 00 00 00 00 00 00 0a f0 fb 00 37 3c e3 00 00 00 00 00 00 0a f0 fb 00 37 40 cb 00 00 00 00 00 00 0a f0 fb 00 37 44 b3 00 00 00 00 00 00 0a f0 fb 00 37 48 9b 00 00 00 00 00 00 0a f0 fb 00 37 4c 83 00 00 00 00 00 00 0a f0 fb 00 37 50 6b 00 00 00 00 00 00 0a f0 fb 00 37 54 53 00 00 00 00 00 00 0a f0 fb 00 37 58 3b 00 00 00 00 00 00 0a f0 fb 00 37 5c 23 00 00 00 00 00 00 0a f0 fb 00 37 60 0b 00 00 00 00 00 00 0a f0 fb 00 37 63 f3 00 00 00 00 00 00 0a f0 fb 00 37 67 db 00 00 00 00 00 00 0a f0 fb 00 37 6b c3 00 00 00 00 00 00 0a f0 fb 00 37 6f ab 00 00 00 00 00 00 0a f0 fb 00 37 73 93 00 00 00 00 00 00 0a f0 fb 00 37 77 7b 00 00 00 00 00 00 0a f0 fb 00 37 7b 63 00 00 00 00 00 00 0a f0 fb 00 37 7f 4b 00 00 00 00 00 00 0a f0 fb 00 37 83 33 00 00 00 00 00 00 0a f0 fb 00 37 87 1b 00 00 00 00 00 00 0a f0 fb 00 37 8b 03 00 00 00 00 00 00 0a f0 fb 00 37 8e eb 00 00 00 00 00 00 0a f0 fb 00 37 92 d3 00 00 00 00 00 00 0a f0 fb 00 37 96 bb 00 00 00 00 00 00 0a f0 fb 00 37 9a a3 00 00 00 00 00 00 0a f0 fb 00 37 9e 8b 00 00 00 00 00 00 0a f0 fb 00 37 a2 73 00 00 00 00 00 00 0a f0 fb 00 37 a6 5b 00 00 00 00 00 00 0a f0 fb 00 37 aa 43 00 00 00 00 00 00 0a f0 fb 00 37 ae 2b 00 00 00 00 00 00 0a f0 fb 00 37 b2 13 00 00 00 00 00 00 0a f0 fb 00 37 b5 fb 00 00 00 00 00 00 0a f0 fb 00 37 b9 e3 00 00 00 00 00 00 0a f0 fb 00 37 bd cb 00 00 00 00 00 00 0a f0 fb 00 37 c1 b3 00 00 00 00 00 00 0a f0 fb 00 37 c5 9b 00 00 00 00 00 00 0a f0 fb 00 37 c9 83 00 00 00 00 00 00 0a f0 fb 00 37 cd 6b 00 00 00 00 00 00 0a f0 fb 00 37 d1 53 00 00 00 00 00 00 0a f0 fb 00 37 d5 3b 00 00 00 00 00 00 0a f0 fb 00 37 d9 23 00 00 00 00 00 00 0a f0 fb 00 37 dd 0b 00 00 00 00 00 00 0a f0 fb 00 37 e0 f3 00 00 00 00 00 00 0a f0 fb 00 37 e4 db 00 00 00 00 00 00 0a f0 fb 00 37 e8 c3 00 00 00 00 00 00 0a f0 fb 00 37 ec ab 00 00 00 00 00 00 0a f0 fb 00 37 f0 93 00 00 00 00 00 00 0a f0 fb 00 37 f4 7b 00 00 00 00 00 00 0a f0 fb 00 37 f8 63 00 00 00 00 00 00 0a f0 fb 00 37 fc 4b 00 00 00 00 00 00 0a f0 fb 00 38 00 33 00 00 00 00 00 00 0a f0 fb 00 38 04 1b 00 00 00 00 00 00 0a f0 fb 00 38 08 03 00 00 00 00 00 00 0a f0 fb 00 38 0b eb 00 00 00 00 00 00 0a f0 fb 00 38 0f d3 00 00 00 00 00 00 0a f0 fb 00 38 13 bb 00 00 00 00 00 00 0a f0 fb 00 38 17 a3 00 00 00 00 00 00 0a f0 fb 00 38 1b 8b 00 00 00 00 00 00 0a f0 fb 00 38 1f 73 00 00 00 00 00 00 0a f0 fb 00 38 23 5b 00 00 00 00 00 00 0a f0 fb 00 38 27 43 00 00 00 00 00 00 0a f0 fb 00 38 2b 2b 00 00 00 00 00 00 0a f0 fb 00 38 2f 13 00 00 00 00 00 00 0a f0 fb 00 38 32 fb 00 00 00 00 00 00 0a f0 fb 00 38 36 e3 00 00 00 00 00 00 0a f0 fb 00 38 3a cb 00 00 00 00 00 00 0a f0 fb 00 38 3e b3 00 00 00 00 00 00 0a f0 fb 00 38 42 9b 00 00 00 00 00 00 0a f0 fb 00 38 46 83 00 00 00 00 00 00 0a f0 fb 00 38 4a 6b 00 00 00 00 00 00 0a f0 fb 00 38 4e 53 00 00 00 00 00 00 0a f0 fb 00 38 52 3b 00 00 00 00 00 00 0a f0 fb 00 38 56 23 00 00 00 00 00 00 0a f0 fb 00 38 5a 0b 00 00 00 00 00 00 0a f0 fb 00 38 5d f3 00 00 00 00 00 00 0a f0 fb 00 38 61 db 00 00 00 00 00 00 0a f0 fb 00 38 65 c3 00 00 00 00 00 00 0a f0 fb 00 38 69 ab 00 00 00 00 00 00 0a f0 fb 00 38 6d 93 00 00 00 00 00 00 0a f0 fb 00 38 71 7b 00 00 00 00 00 00 0a f0 fb 00 38 75 63 00 00 00 00 00 00 0a f0 fb 00 38 79 4b 00 00 00 00 00 00 0a f0 fb 00 38 7d 33 00 00 00 00 00 00 0a f0 fb 00 38 81 1b 00 00 00 00 00 00 0a f0 fb 00 38 85 03 00 00 00 00 00 00 0a f0 fb 00 38 88 eb 00 00 00 00 00 00 0a f0 fb 00 38 8c d3 00 00 00 00 00 00 0a f0 fb 00 38 90 bb 00 00 00 00 00 00 0a f0 fb 00 38 94 a3 00 00 00 00 00 00 0a f0 fb 00 38 98 8b 00 00 00 00 00 00 0a f0 fb 00 38 9c 73 00 00 00 00 00 00 0a f0 fb 00 38 a0 5b 00 00 00 00 00 00 0a f0 fb 00 38 a4 43 00 00 00 00 00 00 0a f0 fb 00 38 a8 2b 00 00 00 00 00 00 0a f0 fb 00 38 ac 13 00 00 00 00 00 00 0a f0 fb 00 38 af fb 00 00 00 00 00 00 0a f0 fb 00 38 b3 e3 00 00 00 00 00 00 0a f0 fb 00 38 b7 cb 00 00 00 00 00 00 0a f0 fb 00 38 bb b3 00 00 00 00 00 00 0a f0 fb 00 38 bf 9b 00 00 00 00 00 00 0a f0 fb 00 38 c3 83 00 00 00 00 00 00 0a f0 fb 00 38 c7 6b 00 00 00 00 00 00 0a f0 fb 00 38 cb 53 00 00 00 00 00 00 0a f0 fb 00 38 cf 3b 00 00 00 00 00 00 0a f0 fb 00 38 d3 23 00 00 00 00 00 00 0a f0 fb 00 38 d7 0b 00 00 00 00 00 00 0a f0 fb 00 38 da f3 00 00 00 00 00 00 0a f0 fb 00 38 de db 00 00 00 00 00 00 0a f0 fb 00 38 e2 c3 00 00 00 00 00 00 0a f0 fb 00 38 e6 ab 00 00 00 00 00 00 0a f0 fb 00 38 ea 93 00 00 00 00 00 00 0a f0 fb 00 38 ee 7b 00 00 00 00 00 00 0a f0 fb 00 38 f2 63 00 00 00 00 00 00 0a f0 fb 00 38 f6 4b 00 00 00 00 00 00 0a f0 fb 00 38 fa 33 00 00 00 00 00 00 0a f0 fb 00 38 fe 1b 00 00 00 00 00 00 0a f0 fb 00 39 02 03 00 00 00 00 00 00 0a f0 fb 00 39 05 eb 00 00 00 00 00 00 0a f0 fb 00 39 09 d3 00 00 00 00 00 00 0a f0 fb 00 39 0d bb 00 00 00 00 00 00 0a f0 fb 00 39 11 a3 00 00 00 00 00 00 0a f0 fb 00 39 15 8b 00 00 00 00 00 00 0a f0 fb 00 39 19 73 00 00 00 00 00 00 0a f0 fb 00 39 1d 5b 00 00 00 00 00 00 0a f0 fb 00 39 21 43 00 00 00 00 00 00 0a f0 fb 00 39 25 2b 00 00 00 00 00 00 0a f0 fb 00 39 29 13 00 00 00 00 00 00 0a f0 fb 00 39 2c fb 00 00 00 00 00 00 0a f0 fb 00 39 30 e3 00 00 00 00 00 00 0a f0 fb 00 39 34 cb 00 00 00 00 00 00 0a f0 fb 00 39 38 b3 00 00 00 00 00 00 0a f0 fb 00 39 3c 9b 00 00 00 00 00 00 0a f0 fb 00 39 40 83 00 00 00 00 00 00 0a f0 fb 00 39 44 6b 00 00 00 00 00 00 0a f0 fb 00 39 48 53 00 00 00 00 00 00 0a f0 fb 00 39 4c 3b 00 00 00 00 00 00 0a f0 fb 00 39 50 23 00 00 00 00 00 00 0a f0 fb 00 39 54 0b 00 00 00 00 00 00 0a f0 fb 00 39 57 f3 00 00 00 00 00 00 0a f0 fb 00 39 5b db 00 00 00 00 00 00 0a f0 fb 00 39 5f c3 00 00 00 00 00 00 0a f0 fb 00 39 63 ab 00 00 00 00 00 00 0a f0 fb 00 39 67 93 00 00 00 00 00 00 0a f0 fb 00 39 6b 7b 00 00 00 00 00 00 0a f0 fb 00 39 6f 63 00 00 00 00 00 00 0a f0 fb 00 39 73 4b 00 00 00 00 00 00 0a f0 fb 00 39 77 33 00 00 00 00 00 00 0a f0 fb 00 39 7b 1b 00 00 00 00 00 00 0a f0 fb 00 39 7f 03 00 00 00 00 00 00 0a f0 fb 00 39 82 eb 00 00 00 00 00 00 0a f0 fb 00 39 86 d3 00 00 00 00 00 00 0a f0 fb 00 39 8a bb 00 00 00 00 00 00 0a f0 fb 00 39 8e a3 00 00 00 00 00 00 0a f0 fb 00 39 92 8b 00 00 00 00 00 00 0a f0 fb 00 39 96 73 00 00 00 00 00 00 0a f0 fb 00 39 9a 5b 00 00 00 00 00 00 0a f0 fb 00 39 9e 43 00 00 00 00 00 00 0a f0 fb 00 39 a2 2b 00 00 00 00 00 00 0a f0 fb 00 39 a6 13 00 00 00 00 00 00 0a
[00:10:10.046] PACKET[COM9] ground_station_status: rssi=-5, uptime=3120067, reserved=[0, 0, 0, 0, 0, 0]
[00:10:10.333] PACKET[COM9] ground_station_status: rssi=-5, uptime=3121067, reserved=[0, 0, 0, 0, 0, 0]
[00:10:10.663] PACKET[COM9] ground_station_status: rssi=-5, uptime=3122067, reserved=[0, 0, 0, 0, 0, 0]
[00:10:11.026] PACKET[COM9] ground_station_status: rssi=-5, uptime=3123067, reserved=[0, 0, 0, 0, 0, 0]
[00:10:11.237] PACKET[COM9] ground_station_status: rssi=-5, uptime=3124067, reserved=[0, 0, 0, 0, 0, 0]
[00:10:11.497] PACKET[COM9] ground_station_status: rssi=-5, uptime=3125067, reserved=[0, 0, 0, 0, 0, 0]
[00:10:11.744] PACKET[COM9] ground_station_status: rssi=-5, uptime=3126067, reserved=[0, 0, 0, 0, 0, 0]
[00:10:11.933] PACKET[COM9] ground_station_status: rssi=-5, uptime=3127067, reserved=[0, 0, 0, 0, 0, 0]
[00:10:12.173] PACKET[COM9] ground_station_status: rssi=-5, uptime=3128067, reserved=[0, 0, 0, 0, 0, 0]
[00:10:12.416] PACKET[COM9] ground_station_status: rssi=-5, uptime=3129067, reserved=[0, 0, 0, 0, 0, 0]
[00:10:12.596] PACKET[COM9] ground_station_status: rssi=-5, uptime=3130067, reserved=[0, 0, 0, 0, 0, 0]
[00:10:12.766] PACKET[COM9] ground_station_status: rssi=-5, uptime=3131067, reserved=[0, 0, 0, 0, 0, 0]
[00:10:12.811] PACKET[COM9] ground_station_status: rssi=-5, uptime=3132067, reserved=[0, 0, 0, 0, 0, 0]
[00:10:12.819] PACKET[COM9] ground_station_status: rssi=-5, uptime=3133067, reserved=[0, 0, 0, 0, 0, 0]
[00:10:12.826] PACKET[COM9] ground_station_status: rssi=-5, uptime=3134067, reserved=[0, 0, 0, 0, 0, 0]
[00:10:12.832] PACKET[COM9] ground_station_status: rssi=-5, uptime=3135067, reserved=[0, 0, 0, 0, 0, 0]
[00:10:12.839] PACKET[COM9] ground_station_status: rssi=-5, uptime=3136067, reserved=[0, 0, 0, 0, 0, 0]
[00:10:12.844] PACKET[COM9] ground_station_status: rssi=-5, uptime=3137067, reserved=[0, 0, 0, 0, 0, 0]
[00:10:12.850] PACKET[COM9] ground_station_status: rssi=-5, uptime=3138067, reserved=[0, 0, 0, 0, 0, 0]
[00:10:12.857] PACKET[COM9] ground_station_status: rssi=-5, uptime=3139067, reserved=[0, 0, 0, 0, 0, 0]
[00:10:12.864] PACKET[COM9] ground_station_status: rssi=-5, uptime=3140067, reserved=[0, 0, 0, 0, 0, 0]
[00:10:12.869] PACKET[COM9] ground_station_status: rssi=-5, uptime=3141067, reserved=[0, 0, 0, 0, 0, 0]
[00:10:12.875] PACKET[COM9] ground_station_status: rssi=-5, uptime=3142067, reserved=[0, 0, 0, 0, 0, 0]
[00:10:12.883] PACKET[COM9] ground_station_status: rssi=-5, uptime=3143067, reserved=[0, 0, 0, 0, 0, 0]
[00:10:12.888] PACKET[COM9] ground_station_status: rssi=-5, uptime=3144067, reserved=[0, 0, 0, 0, 0, 0]
[00:10:12.893] PACKET[COM9] ground_station_status: rssi=-5, uptime=3145067, reserved=[0, 0, 0, 0, 0, 0]
[00:10:12.900] PACKET[COM9] ground_station_status: rssi=-5, uptime=3146067, reserved=[0, 0, 0, 0, 0, 0]
[00:10:12.905] PACKET[COM9] ground_station_status: rssi=-5, uptime=3147067, reserved=[0, 0, 0, 0, 0, 0]
[00:10:12.910] PACKET[COM9] ground_station_status: rssi=-5, uptime=3148067, reserved=[0, 0, 0, 0, 0, 0]
[00:10:12.919] PACKET[COM9] ground_station_status: rssi=-5, uptime=3149067, reserved=[0, 0, 0, 0, 0, 0]
[00:10:12.923] PACKET[COM9] ground_station_status: rssi=-5, uptime=3150067, reserved=[0, 0, 0, 0, 0, 0]
[00:10:12.930] PACKET[COM9] ground_station_status: rssi=-5, uptime=3151067, reserved=[0, 0, 0, 0, 0, 0]
[00:10:12.935] PACKET[COM9] ground_station_status: rssi=-5, uptime=3152067, reserved=[0, 0, 0, 0, 0, 0]
[00:10:12.941] PACKET[COM9] ground_station_status: rssi=-5, uptime=3153067, reserved=[0, 0, 0, 0, 0, 0]
[00:10:12.948] PACKET[COM9] ground_station_status: rssi=-5, uptime=3154067, reserved=[0, 0, 0, 0, 0, 0]
[00:10:12.952] PACKET[COM9] ground_station_status: rssi=-5, uptime=3155067, reserved=[0, 0, 0, 0, 0, 0]
[00:10:12.957] PACKET[COM9] ground_station_status: rssi=-5, uptime=3156067, reserved=[0, 0, 0, 0, 0, 0]
[00:10:12.964] PACKET[COM9] ground_station_status: rssi=-5, uptime=3157067, reserved=[0, 0, 0, 0, 0, 0]
[00:10:12.970] PACKET[COM9] ground_station_status: rssi=-5, uptime=3158067, reserved=[0, 0, 0, 0, 0, 0]
[00:10:12.975] PACKET[COM9] ground_station_status: rssi=-5, uptime=3159067, reserved=[0, 0, 0, 0, 0, 0]
[00:10:12.986] PACKET[COM9] ground_station_status: rssi=-5, uptime=3160067, reserved=[0, 0, 0, 0, 0, 0]
[00:10:12.993] PACKET[COM9] ground_station_status: rssi=-5, uptime=3161067, reserved=[0, 0, 0, 0, 0, 0]
[00:10:13.001] PACKET[COM9] ground_station_status: rssi=-5, uptime=3162067, reserved=[0, 0, 0, 0, 0, 0]
[00:10:13.006] PACKET[COM9] ground_station_status: rssi=-5, uptime=3163067, reserved=[0, 0, 0, 0, 0, 0]
[00:10:13.013] PACKET[COM9] ground_station_status: rssi=-5, uptime=3164067, reserved=[0, 0, 0, 0, 0, 0]
[00:10:13.027] PACKET[COM9] ground_station_status: rssi=-5, uptime=3165067, reserved=[0, 0, 0, 0, 0, 0]
[00:10:13.034] PACKET[COM9] ground_station_status: rssi=-5, uptime=3166067, reserved=[0, 0, 0, 0, 0, 0]
[00:10:13.041] PACKET[COM9] ground_station_status: rssi=-5, uptime=3167067, reserved=[0, 0, 0, 0, 0, 0]
[00:10:13.051] PACKET[COM9] ground_station_status: rssi=-5, uptime=3168067, reserved=[0, 0, 0, 0, 0, 0]
[00:10:13.057] PACKET[COM9] ground_station_status: rssi=-5, uptime=3169067, reserved=[0, 0, 0, 0, 0, 0]
[00:10:13.064] PACKET[COM9] ground_station_status: rssi=-5, uptime=3170067, reserved=[0, 0, 0, 0, 0, 0]
[00:10:13.070] PACKET[COM9] ground_station_status: rssi=-5, uptime=3171067, reserved=[0, 0, 0, 0, 0, 0]
[00:10:13.078] PACKET[COM9] ground_station_status: rssi=-5, uptime=3172067, reserved=[0, 0, 0, 0, 0, 0]
[00:10:13.085] PACKET[COM9] ground_station_status: rssi=-5, uptime=3173067, reserved=[0, 0, 0, 0, 0, 0]
[00:10:13.093] PACKET[COM9] ground_station_status: rssi=-5, uptime=3174067, reserved=[0, 0, 0, 0, 0, 0]
[00:10:13.101] PACKET[COM9] ground_station_status: rssi=-5, uptime=3175067, reserved=[0, 0, 0, 0, 0, 0]
[00:10:13.107] PACKET[COM9] ground_station_status: rssi=-5, uptime=3176067, reserved=[0, 0, 0, 0, 0, 0]
[00:10:13.113] PACKET[COM9] ground_station_status: rssi=-5, uptime=3177067, reserved=[0, 0, 0, 0, 0, 0]
[00:10:13.119] PACKET[COM9] ground_station_status: rssi=-5, uptime=3178067, reserved=[0, 0, 0, 0, 0, 0]
[00:10:13.126] PACKET[COM9] ground_station_status: rssi=-5, uptime=3179067, reserved=[0, 0, 0, 0, 0, 0]
[00:10:13.137] PACKET[COM9] ground_station_status: rssi=-5, uptime=3180067, reserved=[0, 0, 0, 0, 0, 0]
[00:10:13.145] PACKET[COM9] ground_station_status: rssi=-5, uptime=3181067, reserved=[0, 0, 0, 0, 0, 0]
[00:10:13.152] PACKET[COM9] ground_station_status: rssi=-5, uptime=3182067, reserved=[0, 0, 0, 0, 0, 0]
[00:10:13.162] PACKET[COM9] ground_station_status: rssi=-5, uptime=3183067, reserved=[0, 0, 0, 0, 0, 0]
[00:10:13.170] PACKET[COM9] ground_station_status: rssi=-5, uptime=3184067, reserved=[0, 0, 0, 0, 0, 0]
[00:10:13.182] PACKET[COM9] ground_station_status: rssi=-5, uptime=3185067, reserved=[0, 0, 0, 0, 0, 0]
[00:10:13.192] PACKET[COM9] ground_station_status: rssi=-5, uptime=3186067, reserved=[0, 0, 0, 0, 0, 0]
[00:10:13.202] PACKET[COM9] ground_station_status: rssi=-5, uptime=3187067, reserved=[0, 0, 0, 0, 0, 0]
[00:10:13.215] PACKET[COM9] ground_station_status: rssi=-5, uptime=3188067, reserved=[0, 0, 0, 0, 0, 0]
[00:10:13.236] PACKET[COM9] ground_station_status: rssi=-5, uptime=3189067, reserved=[0, 0, 0, 0, 0, 0]
[00:10:13.250] PACKET[COM9] ground_station_status: rssi=-5, uptime=3190067, reserved=[0, 0, 0, 0, 0, 0]
[00:10:13.255] PACKET[COM9] ground_station_status: rssi=-5, uptime=3191067, reserved=[0, 0, 0, 0, 0, 0]
[00:10:13.260] PACKET[COM9] ground_station_status: rssi=-5, uptime=3192067, reserved=[0, 0, 0, 0, 0, 0]
[00:10:13.269] PACKET[COM9] ground_station_status: rssi=-5, uptime=3193067, reserved=[0, 0, 0, 0, 0, 0]
[00:10:13.276] PACKET[COM9] ground_station_status: rssi=-5, uptime=3194067, reserved=[0, 0, 0, 0, 0, 0]
[00:10:13.285] PACKET[COM9] ground_station_status: rssi=-5, uptime=3195067, reserved=[0, 0, 0, 0, 0, 0]
[00:10:13.295] PACKET[COM9] ground_station_status: rssi=-5, uptime=3196067, reserved=[0, 0, 0, 0, 0, 0]
[00:10:13.303] PACKET[COM9] ground_station_status: rssi=-5, uptime=3197067, reserved=[0, 0, 0, 0, 0, 0]
[00:10:13.308] PACKET[COM9] ground_station_status: rssi=-5, uptime=3198067, reserved=[0, 0, 0, 0, 0, 0]
[00:10:13.315] PACKET[COM9] ground_station_status: rssi=-5, uptime=3199067, reserved=[0, 0, 0, 0, 0, 0]
[00:10:13.321] PACKET[COM9] ground_station_status: rssi=-5, uptime=3200067, reserved=[0, 0, 0, 0, 0, 0]
[00:10:13.329] PACKET[COM9] ground_station_status: rssi=-5, uptime=3201067, reserved=[0, 0, 0, 0, 0, 0]
[00:10:13.337] PACKET[COM9] ground_station_status: rssi=-5, uptime=3202067, reserved=[0, 0, 0, 0, 0, 0]
[00:10:13.347] PACKET[COM9] ground_station_status: rssi=-5, uptime=3203067, reserved=[0, 0, 0, 0, 0, 0]
[00:10:13.356] PACKET[COM9] ground_station_status: rssi=-5, uptime=3204067, reserved=[0, 0, 0, 0, 0, 0]
[00:10:13.363] PACKET[COM9] ground_station_status: rssi=-5, uptime=3205067, reserved=[0, 0, 0, 0, 0, 0]
[00:10:13.371] PACKET[COM9] ground_station_status: rssi=-5, uptime=3206067, reserved=[0, 0, 0, 0, 0, 0]
[00:10:13.381] PACKET[COM9] ground_station_status: rssi=-5, uptime=3207067, reserved=[0, 0, 0, 0, 0, 0]
[00:10:13.395] PACKET[COM9] ground_station_status: rssi=-5, uptime=3208067, reserved=[0, 0, 0, 0, 0, 0]
[00:10:13.408] PACKET[COM9] ground_station_status: rssi=-5, uptime=3209067, reserved=[0, 0, 0, 0, 0, 0]
[00:10:13.417] PACKET[COM9] ground_station_status: rssi=-5, uptime=3210067, reserved=[0, 0, 0, 0, 0, 0]
[00:10:13.425] PACKET[COM9] ground_station_status: rssi=-5, uptime=3211067, reserved=[0, 0, 0, 0, 0, 0]
[00:10:13.435] PACKET[COM9] ground_station_status: rssi=-5, uptime=3212067, reserved=[0, 0, 0, 0, 0, 0]
[00:10:13.443] PACKET[COM9] ground_station_status: rssi=-5, uptime=3213067, reserved=[0, 0, 0, 0, 0, 0]
[00:10:13.452] PACKET[COM9] ground_station_status: rssi=-5, uptime=3214067, reserved=[0, 0, 0, 0, 0, 0]
[00:10:13.462] PACKET[COM9] ground_station_status: rssi=-5, uptime=3215067, reserved=[0, 0, 0, 0, 0, 0]
[00:10:13.472] PACKET[COM9] ground_station_status: rssi=-5, uptime=3216067, reserved=[0, 0, 0, 0, 0, 0]
[00:10:13.484] PACKET[COM9] ground_station_status: rssi=-5, uptime=3217067, reserved=[0, 0, 0, 0, 0, 0]
[00:10:13.498] PACKET[COM9] ground_station_status: rssi=-5, uptime=3218067, reserved=[0, 0, 0, 0, 0, 0]
[00:10:13.504] PACKET[COM9] ground_station_status: rssi=-5, uptime=3219067, reserved=[0, 0, 0, 0, 0, 0]
[00:10:13.513] PACKET[COM9] ground_station_status: rssi=-5, uptime=3220067, reserved=[0, 0, 0, 0, 0, 0]
[00:10:13.520] PACKET[COM9] ground_station_status: rssi=-5, uptime=3221067, reserved=[0, 0, 0, 0, 0, 0]
[00:10:13.529] PACKET[COM9] ground_station_status: rssi=-5, uptime=3222067, reserved=[0, 0, 0, 0, 0, 0]
[00:10:13.540] PACKET[COM9] ground_station_status: rssi=-5, uptime=3223067, reserved=[0, 0, 0, 0, 0, 0]
[00:10:13.547] PACKET[COM9] ground_station_status: rssi=-5, uptime=3224067, reserved=[0, 0, 0, 0, 0, 0]
[00:10:13.558] PACKET[COM9] ground_station_status: rssi=-5, uptime=3225067, reserved=[0, 0, 0, 0, 0, 0]
[00:10:13.567] PACKET[COM9] ground_station_status: rssi=-5, uptime=3226067, reserved=[0, 0, 0, 0, 0, 0]
[00:10:13.576] PACKET[COM9] ground_station_status: rssi=-5, uptime=3227067, reserved=[0, 0, 0, 0, 0, 0]
[00:10:13.583] PACKET[COM9] ground_station_status: rssi=-5, uptime=3228067, reserved=[0, 0, 0, 0, 0, 0]
[00:10:13.589] PACKET[COM9] ground_station_status: rssi=-5, uptime=3229067, reserved=[0, 0, 0, 0, 0, 0]
[00:10:13.594] PACKET[COM9] ground_station_status: rssi=-5, uptime=3230067, reserved=[0, 0, 0, 0, 0, 0]
[00:10:13.603] PACKET[COM9] ground_station_status: rssi=-5, uptime=3231067, reserved=[0, 0, 0, 0, 0, 0]
[00:10:13.612] PACKET[COM9] ground_station_status: rssi=-5, uptime=3232067, reserved=[0, 0, 0, 0, 0, 0]
[00:10:13.620] PACKET[COM9] ground_station_status: rssi=-5, uptime=3233067, reserved=[0, 0, 0, 0, 0, 0]
[00:10:13.625] PACKET[COM9] ground_station_status: rssi=-5, uptime=3234067, reserved=[0, 0, 0, 0, 0, 0]
[00:10:13.633] PACKET[COM9] ground_station_status: rssi=-5, uptime=3235067, reserved=[0, 0, 0, 0, 0, 0]
[00:10:13.648] PACKET[COM9] ground_station_status: rssi=-5, uptime=3236067, reserved=[0, 0, 0, 0, 0, 0]
[00:10:13.656] PACKET[COM9] ground_station_status: rssi=-5, uptime=3237067, reserved=[0, 0, 0, 0, 0, 0]
[00:10:13.661] PACKET[COM9] ground_station_status: rssi=-5, uptime=3238067, reserved=[0, 0, 0, 0, 0, 0]
[00:10:13.668] PACKET[COM9] ground_station_status: rssi=-5, uptime=3239067, reserved=[0, 0, 0, 0, 0, 0]
[00:10:13.675] PACKET[COM9] ground_station_status: rssi=-5, uptime=3240067, reserved=[0, 0, 0, 0, 0, 0]
[00:10:13.681] PACKET[COM9] ground_station_status: rssi=-5, uptime=3241067, reserved=[0, 0, 0, 0, 0, 0]
[00:10:13.687] PACKET[COM9] ground_station_status: rssi=-5, uptime=3242067, reserved=[0, 0, 0, 0, 0, 0]
[00:10:13.694] PACKET[COM9] ground_station_status: rssi=-5, uptime=3243067, reserved=[0, 0, 0, 0, 0, 0]
[00:10:13.703] PACKET[COM9] ground_station_status: rssi=-5, uptime=3244067, reserved=[0, 0, 0, 0, 0, 0]
[00:10:13.708] PACKET[COM9] ground_station_status: rssi=-5, uptime=3245067, reserved=[0, 0, 0, 0, 0, 0]
[00:10:13.714] PACKET[COM9] ground_station_status: rssi=-5, uptime=3246067, reserved=[0, 0, 0, 0, 0, 0]
[00:10:13.719] PACKET[COM9] ground_station_status: rssi=-5, uptime=3247067, reserved=[0, 0, 0, 0, 0, 0]
[00:10:13.725] PACKET[COM9] ground_station_status: rssi=-5, uptime=3248067, reserved=[0, 0, 0, 0, 0, 0]
[00:10:13.734] PACKET[COM9] ground_station_status: rssi=-5, uptime=3249067, reserved=[0, 0, 0, 0, 0, 0]
[00:10:13.739] PACKET[COM9] ground_station_status: rssi=-5, uptime=3250067, reserved=[0, 0, 0, 0, 0, 0]
[00:10:13.748] PACKET[COM9] ground_station_status: rssi=-5, uptime=3251067, reserved=[0, 0, 0, 0, 0, 0]
[00:10:13.757] PACKET[COM9] ground_station_status: rssi=-5, uptime=3252067, reserved=[0, 0, 0, 0, 0, 0]
[00:10:13.768] PACKET[COM9] ground_station_status: rssi=-5, uptime=3253067, reserved=[0, 0, 0, 0, 0, 0]
[00:10:13.774] PACKET[COM9] ground_station_status: rssi=-5, uptime=3254067, reserved=[0, 0, 0, 0, 0, 0]
[00:10:13.784] PACKET[COM9] ground_station_status: rssi=-5, uptime=3255067, reserved=[0, 0, 0, 0, 0, 0]
[00:10:13.794] PACKET[COM9] ground_station_status: rssi=-5, uptime=3256067, reserved=[0, 0, 0, 0, 0, 0]
[00:10:13.804] PACKET[COM9] ground_station_status: rssi=-5, uptime=3257067, reserved=[0, 0, 0, 0, 0, 0]
[00:10:13.812] PACKET[COM9] ground_station_status: rssi=-5, uptime=3258067, reserved=[0, 0, 0, 0, 0, 0]
[00:10:13.818] PACKET[COM9] ground_station_status: rssi=-5, uptime=3259067, reserved=[0, 0, 0, 0, 0, 0]
[00:10:13.823] PACKET[COM9] ground_station_status: rssi=-5, uptime=3260067, reserved=[0, 0, 0, 0, 0, 0]
[00:10:13.831] PACKET[COM9] ground_station_status: rssi=-5, uptime=3261067, reserved=[0, 0, 0, 0, 0, 0]
[00:10:13.838] PACKET[COM9] ground_station_status: rssi=-5, uptime=3262067, reserved=[0, 0, 0, 0, 0, 0]
[00:10:13.848] PACKET[COM9] ground_station_status: rssi=-5, uptime=3263067, reserved=[0, 0, 0, 0, 0, 0]
[00:10:13.855] PACKET[COM9] ground_station_status: rssi=-5, uptime=3264067, reserved=[0, 0, 0, 0, 0, 0]
[00:10:13.860] PACKET[COM9] ground_station_status: rssi=-5, uptime=3265067, reserved=[0, 0, 0, 0, 0, 0]
[00:10:13.864] PACKET[COM9] ground_station_status: rssi=-5, uptime=3266067, reserved=[0, 0, 0, 0, 0, 0]
[00:10:13.872] PACKET[COM9] ground_station_status: rssi=-5, uptime=3267067, reserved=[0, 0, 0, 0, 0, 0]
[00:10:13.881] PACKET[COM9] ground_station_status: rssi=-5, uptime=3268067, reserved=[0, 0, 0, 0, 0, 0]
[00:10:13.889] PACKET[COM9] ground_station_status: rssi=-5, uptime=3269067, reserved=[0, 0, 0, 0, 0, 0]
[00:10:13.895] PACKET[COM9] ground_station_status: rssi=-5, uptime=3270067, reserved=[0, 0, 0, 0, 0, 0]
[00:10:13.900] PACKET[COM9] ground_station_status: rssi=-5, uptime=3271067, reserved=[0, 0, 0, 0, 0, 0]
[00:10:13.906] PACKET[COM9] ground_station_status: rssi=-5, uptime=3272067, reserved=[0, 0, 0, 0, 0, 0]
[00:10:13.912] PACKET[COM9] ground_station_status: rssi=-5, uptime=3273067, reserved=[0, 0, 0, 0, 0, 0]
[00:10:13.919] PACKET[COM9] ground_station_status: rssi=-5, uptime=3274067, reserved=[0, 0, 0, 0, 0, 0]
[00:10:13.926] PACKET[COM9] ground_station_status: rssi=-5, uptime=3275067, reserved=[0, 0, 0, 0, 0, 0]
[00:10:13.930] PACKET[COM9] ground_station_status: rssi=-5, uptime=3276067, reserved=[0, 0, 0, 0, 0, 0]
[00:10:13.935] PACKET[COM9] ground_station_status: rssi=-5, uptime=3277067, reserved=[0, 0, 0, 0, 0, 0]
[00:10:13.941] PACKET[COM9] ground_station_status: rssi=-5, uptime=3278067, reserved=[0, 0, 0, 0, 0, 0]
[00:10:13.947] PACKET[COM9] ground_station_status: rssi=-5, uptime=3279067, reserved=[0, 0, 0, 0, 0, 0]
[00:10:13.951] PACKET[COM9] ground_station_status: rssi=-5, uptime=3280067, reserved=[0, 0, 0, 0, 0, 0]
[00:10:13.957] PACKET[COM9] ground_station_status: rssi=-5, uptime=3281067, reserved=[0, 0, 0, 0, 0, 0]
[00:10:13.963] PACKET[COM9] ground_station_status: rssi=-5, uptime=3282067, reserved=[0, 0, 0, 0, 0, 0]
[00:10:13.969] PACKET[COM9] ground_station_status: rssi=-5, uptime=3283067, reserved=[0, 0, 0, 0, 0, 0]
[00:10:13.981] PACKET[COM9] ground_station_status: rssi=-5, uptime=3284067, reserved=[0, 0, 0, 0, 0, 0]
[00:10:13.987] PACKET[COM9] ground_station_status: rssi=-5, uptime=3285067, reserved=[0, 0, 0, 0, 0, 0]
[00:10:13.991] PACKET[COM9] ground_station_status: rssi=-5, uptime=3286067, reserved=[0, 0, 0, 0, 0, 0]
[00:10:13.998] PACKET[COM9] ground_station_status: rssi=-5, uptime=3287067, reserved=[0, 0, 0, 0, 0, 0]
[00:10:14.011] PACKET[COM9] ground_station_status: rssi=-5, uptime=3288067, reserved=[0, 0, 0, 0, 0, 0]
[00:10:14.025] PACKET[COM9] ground_station_status: rssi=-5, uptime=3289067, reserved=[0, 0, 0, 0, 0, 0]
[00:10:14.037] PACKET[COM9] ground_station_status: rssi=-5, uptime=3290067, reserved=[0, 0, 0, 0, 0, 0]
[00:10:14.053] PACKET[COM9] ground_station_status: rssi=-5, uptime=3291067, reserved=[0, 0, 0, 0, 0, 0]
[00:10:14.067] PACKET[COM9] ground_station_status: rssi=-5, uptime=3292067, reserved=[0, 0, 0, 0, 0, 0]
[00:10:14.076] PACKET[COM9] ground_station_status: rssi=-5, uptime=3293067, reserved=[0, 0, 0, 0, 0, 0]
[00:10:14.086] PACKET[COM9] ground_station_status: rssi=-5, uptime=3294067, reserved=[0, 0, 0, 0, 0, 0]
[00:10:14.093] PACKET[COM9] ground_station_status: rssi=-5, uptime=3295067, reserved=[0, 0, 0, 0, 0, 0]
[00:10:14.103] PACKET[COM9] ground_station_status: rssi=-5, uptime=3296067, reserved=[0, 0, 0, 0, 0, 0]
[00:10:14.118] PACKET[COM9] ground_station_status: rssi=-5, uptime=3297067, reserved=[0, 0, 0, 0, 0, 0]
[00:10:14.128] PACKET[COM9] ground_station_status: rssi=-5, uptime=3298067, reserved=[0, 0, 0, 0, 0, 0]
[00:10:14.141] PACKET[COM9] ground_station_status: rssi=-5, uptime=3299067, reserved=[0, 0, 0, 0, 0, 0]
[00:10:14.150] PACKET[COM9] ground_station_status: rssi=-5, uptime=3300067, reserved=[0, 0, 0, 0, 0, 0]
[00:10:14.159] PACKET[COM9] ground_station_status: rssi=-5, uptime=3301067, reserved=[0, 0, 0, 0, 0, 0]
[00:10:14.168] PACKET[COM9] ground_station_status: rssi=-5, uptime=3302067, reserved=[0, 0, 0, 0, 0, 0]
[00:10:14.175] PACKET[COM9] ground_station_status: rssi=-5, uptime=3303067, reserved=[0, 0, 0, 0, 0, 0]
[00:10:14.185] PACKET[COM9] ground_station_status: rssi=-5, uptime=3304067, reserved=[0, 0, 0, 0, 0, 0]
[00:10:14.190] PACKET[COM9] ground_station_status: rssi=-5, uptime=3305067, reserved=[0, 0, 0, 0, 0, 0]
[00:10:14.198] PACKET[COM9] ground_station_status: rssi=-5, uptime=3306067, reserved=[0, 0, 0, 0, 0, 0]
[00:10:14.205] PACKET[COM9] ground_station_status: rssi=-5, uptime=3307067, reserved=[0, 0, 0, 0, 0, 0]
[00:10:14.211] PACKET[COM9] ground_station_status: rssi=-5, uptime=3308067, reserved=[0, 0, 0, 0, 0, 0]
[00:10:14.220] PACKET[COM9] ground_station_status: rssi=-5, uptime=3309067, reserved=[0, 0, 0, 0, 0, 0]
[00:10:14.225] PACKET[COM9] ground_station_status: rssi=-5, uptime=3310067, reserved=[0, 0, 0, 0, 0, 0]
[00:10:14.232] PACKET[COM9] ground_station_status: rssi=-5, uptime=3311067, reserved=[0, 0, 0, 0, 0, 0]
[00:10:14.239] PACKET[COM9] ground_station_status: rssi=-5, uptime=3312067, reserved=[0, 0, 0, 0, 0, 0]
[00:10:14.246] PACKET[COM9] ground_station_status: rssi=-5, uptime=3313067, reserved=[0, 0, 0, 0, 0, 0]
[00:10:14.253] PACKET[COM9] ground_station_status: rssi=-5, uptime=3314067, reserved=[0, 0, 0, 0, 0, 0]
[00:10:14.262] PACKET[COM9] ground_station_status: rssi=-5, uptime=3315067, reserved=[0, 0, 0, 0, 0, 0]
[00:10:14.270] PACKET[COM9] ground_station_status: rssi=-5, uptime=3316067, reserved=[0, 0, 0, 0, 0, 0]
[00:10:14.278] PACKET[COM9] ground_station_status: rssi=-5, uptime=3317067, reserved=[0, 0, 0, 0, 0, 0]
[00:10:14.284] PACKET[COM9] ground_station_status: rssi=-5, uptime=3318067, reserved=[0, 0, 0, 0, 0, 0]
[00:10:14.290] PACKET[COM9] ground_station_status: rssi=-5, uptime=3319067, reserved=[0, 0, 0, 0, 0, 0]
[00:10:14.298] PACKET[COM9] ground_station_status: rssi=-5, uptime=3320067, reserved=[0, 0, 0, 0, 0, 0]
[00:10:14.306] PACKET[COM9] ground_station_status: rssi=-5, uptime=3321067, reserved=[0, 0, 0, 0, 0, 0]
[00:10:14.311] PACKET[COM9] ground_station_status: rssi=-5, uptime=3322067, reserved=[0, 0, 0, 0, 0, 0]
[00:10:14.321] PACKET[COM9] ground_station_status: rssi=-5, uptime=3323067, reserved=[0, 0, 0, 0, 0, 0]
[00:10:14.327] PACKET[COM9] ground_station_status: rssi=-5, uptime=3324067, reserved=[0, 0, 0, 0, 0, 0]
[00:10:14.333] PACKET[COM9] ground_station_status: rssi=-5, uptime=3325067, reserved=[0, 0, 0, 0, 0, 0]
[00:10:14.341] PACKET[COM9] ground_station_status: rssi=-5, uptime=3326067, reserved=[0, 0, 0, 0, 0, 0]
[00:10:14.347] PACKET[COM9] ground_station_status: rssi=-5, uptime=3327067, reserved=[0, 0, 0, 0, 0, 0]
[00:10:14.350] PACKET[COM9] ground_station_status: rssi=-5, uptime=3328067, reserved=[0, 0, 0, 0, 0, 0]
[00:10:14.358] PACKET[COM9] ground_station_status: rssi=-5, uptime=3329067, reserved=[0, 0, 0, 0, 0, 0]
[00:10:14.367] PACKET[COM9] ground_station_status: rssi=-5, uptime=3330067, reserved=[0, 0, 0, 0, 0, 0]
[00:10:14.374] PACKET[COM9] ground_station_status: rssi=-5, uptime=3331067, reserved=[0, 0, 0, 0, 0, 0]
[00:10:14.379] PACKET[COM9] ground_station_status: rssi=-5, uptime=3332067, reserved=[0, 0, 0, 0, 0, 0]
[00:10:14.387] PACKET[COM9] ground_station_status: rssi=-5, uptime=3333067, reserved=[0, 0, 0, 0, 0, 0]
[00:10:14.393] PACKET[COM9] ground_station_status: rssi=-5, uptime=3334067, reserved=[0, 0, 0, 0, 0, 0]
[00:10:14.404] PACKET[COM9] ground_station_status: rssi=-5, uptime=3335067, reserved=[0, 0, 0, 0, 0, 0]
[00:10:14.409] PACKET[COM9] ground_station_status: rssi=-5, uptime=3336067, reserved=[0, 0, 0, 0, 0, 0]
[00:10:14.418] PACKET[COM9] ground_station_status: rssi=-5, uptime=3337067, reserved=[0, 0, 0, 0, 0, 0]
[00:10:14.425] PACKET[COM9] ground_station_status: rssi=-5, uptime=3338067, reserved=[0, 0, 0, 0, 0, 0]
[00:10:14.438] PACKET[COM9] ground_station_status: rssi=-5, uptime=3339067, reserved=[0, 0, 0, 0, 0, 0]
[00:10:14.448] PACKET[COM9] ground_station_status: rssi=-5, uptime=3340067, reserved=[0, 0, 0, 0, 0, 0]
[00:10:14.454] PACKET[COM9] ground_station_status: rssi=-5, uptime=3341067, reserved=[0, 0, 0, 0, 0, 0]
[00:10:14.462] PACKET[COM9] ground_station_status: rssi=-5, uptime=3342067, reserved=[0, 0, 0, 0, 0, 0]
[00:10:14.475] PACKET[COM9] ground_station_status: rssi=-5, uptime=3343067, reserved=[0, 0, 0, 0, 0, 0]
[00:10:14.491] PACKET[COM9] ground_station_status: rssi=-5, uptime=3344067, reserved=[0, 0, 0, 0, 0, 0]
[00:10:14.499] PACKET[COM9] ground_station_status: rssi=-5, uptime=3345067, reserved=[0, 0, 0, 0, 0, 0]
[00:10:14.511] PACKET[COM9] ground_station_status: rssi=-5, uptime=3346067, reserved=[0, 0, 0, 0, 0, 0]
[00:10:14.521] PACKET[COM9] ground_station_status: rssi=-5, uptime=3347067, reserved=[0, 0, 0, 0, 0, 0]
[00:10:14.533] PACKET[COM9] ground_station_status: rssi=-5, uptime=3348067, reserved=[0, 0, 0, 0, 0, 0]
[00:10:14.542] PACKET[COM9] ground_station_status: rssi=-5, uptime=3349067, reserved=[0, 0, 0, 0, 0, 0]
[00:10:14.554] PACKET[COM9] ground_station_status: rssi=-5, uptime=3350067, reserved=[0, 0, 0, 0, 0, 0]
[00:10:14.569] PACKET[COM9] ground_station_status: rssi=-5, uptime=3351067, reserved=[0, 0, 0, 0, 0, 0]
[00:10:14.581] PACKET[COM9] ground_station_status: rssi=-5, uptime=3352067, reserved=[0, 0, 0, 0, 0, 0]
[00:10:14.597] PACKET[COM9] ground_station_status: rssi=-5, uptime=3353067, reserved=[0, 0, 0, 0, 0, 0]
[00:10:14.610] PACKET[COM9] ground_station_status: rssi=-5, uptime=3354067, reserved=[0, 0, 0, 0, 0, 0]
[00:10:14.622] PACKET[COM9] ground_station_status: rssi=-5, uptime=3355067, reserved=[0, 0, 0, 0, 0, 0]
[00:10:14.631] PACKET[COM9] ground_station_status: rssi=-5, uptime=3356067, reserved=[0, 0, 0, 0, 0, 0]
[00:10:14.646] PACKET[COM9] ground_station_status: rssi=-5, uptime=3357067, reserved=[0, 0, 0, 0, 0, 0]
[00:10:14.665] PACKET[COM9] ground_station_status: rssi=-5, uptime=3358067, reserved=[0, 0, 0, 0, 0, 0]
[00:10:14.678] PACKET[COM9] ground_station_status: rssi=-5, uptime=3359067, reserved=[0, 0, 0, 0, 0, 0]
[00:10:14.687] PACKET[COM9] ground_station_status: rssi=-5, uptime=3360067, reserved=[0, 0, 0, 0, 0, 0]
[00:10:14.697] PACKET[COM9] ground_station_status: rssi=-5, uptime=3361067, reserved=[0, 0, 0, 0, 0, 0]
[00:10:14.704] PACKET[COM9] ground_station_status: rssi=-5, uptime=3362067, reserved=[0, 0, 0, 0, 0, 0]
[00:10:14.709] PACKET[COM9] ground_station_status: rssi=-5, uptime=3363067, reserved=[0, 0, 0, 0, 0, 0]
[00:10:14.715] PACKET[COM9] ground_station_status: rssi=-5, uptime=3364067, reserved=[0, 0, 0, 0, 0, 0]
[00:10:14.725] PACKET[COM9] ground_station_status: rssi=-5, uptime=3365067, reserved=[0, 0, 0, 0, 0, 0]
[00:10:14.737] PACKET[COM9] ground_station_status: rssi=-5, uptime=3366067, reserved=[0, 0, 0, 0, 0, 0]
[00:10:14.747] PACKET[COM9] ground_station_status: rssi=-5, uptime=3367067, reserved=[0, 0, 0, 0, 0, 0]
[00:10:14.759] PACKET[COM9] ground_station_status: rssi=-5, uptime=3368067, reserved=[0, 0, 0, 0, 0, 0]
[00:10:14.770] PACKET[COM9] ground_station_status: rssi=-5, uptime=3369067, reserved=[0, 0, 0, 0, 0, 0]
[00:10:14.783] PACKET[COM9] ground_station_status: rssi=-5, uptime=3370067, reserved=[0, 0, 0, 0, 0, 0]
[00:10:14.796] PACKET[COM9] ground_station_status: rssi=-5, uptime=3371067, reserved=[0, 0, 0, 0, 0, 0]
[00:10:14.806] PACKET[COM9] ground_station_status: rssi=-5, uptime=3372067, reserved=[0, 0, 0, 0, 0, 0]
[00:10:14.812] PACKET[COM9] ground_station_status: rssi=-5, uptime=3373067, reserved=[0, 0, 0, 0, 0, 0]
[00:10:14.821] PACKET[COM9] ground_station_status: rssi=-5, uptime=3374067, reserved=[0, 0, 0, 0, 0, 0]
[00:10:14.834] PACKET[COM9] ground_station_status: rssi=-5, uptime=3375067, reserved=[0, 0, 0, 0, 0, 0]
[00:10:14.850] PACKET[COM9] ground_station_status: rssi=-5, uptime=3376067, reserved=[0, 0, 0, 0, 0, 0]
[00:10:14.865] PACKET[COM9] ground_station_status: rssi=-5, uptime=3377067, reserved=[0, 0, 0, 0, 0, 0]
[00:10:14.875] PACKET[COM9] ground_station_status: rssi=-5, uptime=3378067, reserved=[0, 0, 0, 0, 0, 0]
[00:10:14.888] PACKET[COM9] ground_station_status: rssi=-5, uptime=3379067, reserved=[0, 0, 0, 0, 0, 0]
[00:10:14.900] PACKET[COM9] ground_station_status: rssi=-5, uptime=3380067, reserved=[0, 0, 0, 0, 0, 0]
[00:10:14.908] PACKET[COM9] ground_station_status: rssi=-5, uptime=3381067, reserved=[0, 0, 0, 0, 0, 0]
[00:10:14.919] PACKET[COM9] ground_station_status: rssi=-5, uptime=3382067, reserved=[0, 0, 0, 0, 0, 0]
[00:10:14.927] PACKET[COM9] ground_station_status: rssi=-5, uptime=3383067, reserved=[0, 0, 0, 0, 0, 0]
[00:10:14.933] PACKET[COM9] ground_station_status: rssi=-5, uptime=3384067, reserved=[0, 0, 0, 0, 0, 0]
[00:10:14.944] PACKET[COM9] ground_station_status: rssi=-5, uptime=3385067, reserved=[0, 0, 0, 0, 0, 0]
[00:10:14.952] PACKET[COM9] ground_station_status: rssi=-5, uptime=3386067, reserved=[0, 0, 0, 0, 0, 0]
[00:10:14.959] PACKET[COM9] ground_station_status: rssi=-5, uptime=3387067, reserved=[0, 0, 0, 0, 0, 0]
[00:10:14.986] PACKET[COM9] ground_station_status: rssi=-5, uptime=3388067, reserved=[0, 0, 0, 0, 0, 0]
[00:10:14.994] PACKET[COM9] ground_station_status: rssi=-5, uptime=3389067, reserved=[0, 0, 0, 0, 0, 0]
[00:10:15.003] PACKET[COM9] ground_station_status: rssi=-5, uptime=3390067, reserved=[0, 0, 0, 0, 0, 0]
[00:10:15.009] PACKET[COM9] ground_station_status: rssi=-5, uptime=3391067, reserved=[0, 0, 0, 0, 0, 0]
[00:10:15.020] PACKET[COM9] ground_station_status: rssi=-5, uptime=3392067, reserved=[0, 0, 0, 0, 0, 0]
[00:10:15.026] PACKET[COM9] ground_station_status: rssi=-5, uptime=3393067, reserved=[0, 0, 0, 0, 0, 0]
[00:10:15.036] PACKET[COM9] ground_station_status: rssi=-5, uptime=3394067, reserved=[0, 0, 0, 0, 0, 0]
[00:10:15.041] PACKET[COM9] ground_station_status: rssi=-5, uptime=3395067, reserved=[0, 0, 0, 0, 0, 0]
[00:10:15.044] PACKET[COM9] ground_station_status: rssi=-5, uptime=3396067, reserved=[0, 0, 0, 0, 0, 0]
[00:10:15.052] PACKET[COM9] ground_station_status: rssi=-5, uptime=3397067, reserved=[0, 0, 0, 0, 0, 0]
[00:10:15.058] PACKET[COM9] ground_station_status: rssi=-5, uptime=3398067, reserved=[0, 0, 0, 0, 0, 0]
[00:10:15.062] PACKET[COM9] ground_station_status: rssi=-5, uptime=3399067, reserved=[0, 0, 0, 0, 0, 0]
[00:10:15.076] PACKET[COM9] ground_station_status: rssi=-5, uptime=3400067, reserved=[0, 0, 0, 0, 0, 0]
[00:10:15.086] PACKET[COM9] ground_station_status: rssi=-5, uptime=3401067, reserved=[0, 0, 0, 0, 0, 0]
[00:10:15.090] PACKET[COM9] ground_station_status: rssi=-5, uptime=3402067, reserved=[0, 0, 0, 0, 0, 0]
[00:10:15.097] PACKET[COM9] ground_station_status: rssi=-5, uptime=3403067, reserved=[0, 0, 0, 0, 0, 0]
[00:10:15.102] PACKET[COM9] ground_station_status: rssi=-5, uptime=3404067, reserved=[0, 0, 0, 0, 0, 0]
[00:10:15.109] PACKET[COM9] ground_station_status: rssi=-5, uptime=3405067, reserved=[0, 0, 0, 0, 0, 0]
[00:10:15.116] PACKET[COM9] ground_station_status: rssi=-5, uptime=3406067, reserved=[0, 0, 0, 0, 0, 0]
[00:10:15.123] PACKET[COM9] ground_station_status: rssi=-5, uptime=3407067, reserved=[0, 0, 0, 0, 0, 0]
[00:10:15.133] PACKET[COM9] ground_station_status: rssi=-5, uptime=3408067, reserved=[0, 0, 0, 0, 0, 0]
[00:10:15.139] PACKET[COM9] ground_station_status: rssi=-5, uptime=3409067, reserved=[0, 0, 0, 0, 0, 0]
[00:10:15.153] PACKET[COM9] ground_station_status: rssi=-5, uptime=3410067, reserved=[0, 0, 0, 0, 0, 0]
[00:10:15.158] PACKET[COM9] ground_station_status: rssi=-5, uptime=3411067, reserved=[0, 0, 0, 0, 0, 0]
[00:10:15.167] PACKET[COM9] ground_station_status: rssi=-5, uptime=3412067, reserved=[0, 0, 0, 0, 0, 0]
[00:10:15.176] PACKET[COM9] ground_station_status: rssi=-5, uptime=3413067, reserved=[0, 0, 0, 0, 0, 0]
[00:10:15.184] PACKET[COM9] ground_station_status: rssi=-5, uptime=3414067, reserved=[0, 0, 0, 0, 0, 0]
[00:10:15.192] PACKET[COM9] ground_station_status: rssi=-5, uptime=3415067, reserved=[0, 0, 0, 0, 0, 0]
[00:10:15.201] PACKET[COM9] ground_station_status: rssi=-5, uptime=3416067, reserved=[0, 0, 0, 0, 0, 0]
[00:10:15.206] PACKET[COM9] ground_station_status: rssi=-5, uptime=3417067, reserved=[0, 0, 0, 0, 0, 0]
[00:10:15.214] PACKET[COM9] ground_station_status: rssi=-5, uptime=3418067, reserved=[0, 0, 0, 0, 0, 0]
[00:10:15.220] PACKET[COM9] ground_station_status: rssi=-5, uptime=3419067, reserved=[0, 0, 0, 0, 0, 0]
[00:10:15.229] PACKET[COM9] ground_station_status: rssi=-5, uptime=3420067, reserved=[0, 0, 0, 0, 0, 0]
[00:10:15.237] PACKET[COM9] ground_station_status: rssi=-5, uptime=3421067, reserved=[0, 0, 0, 0, 0, 0]
[00:10:15.246] PACKET[COM9] ground_station_status: rssi=-5, uptime=3422067, reserved=[0, 0, 0, 0, 0, 0]
[00:10:15.259] PACKET[COM9] ground_station_status: rssi=-5, uptime=3423067, reserved=[0, 0, 0, 0, 0, 0]
[00:10:15.283] PACKET[COM9] ground_station_status: rssi=-5, uptime=3424067, reserved=[0, 0, 0, 0, 0, 0]
[00:10:15.293] PACKET[COM9] ground_station_status: rssi=-5, uptime=3425067, reserved=[0, 0, 0, 0, 0, 0]
[00:10:15.302] PACKET[COM9] ground_station_status: rssi=-5, uptime=3426067, reserved=[0, 0, 0, 0, 0, 0]
[00:10:15.312] PACKET[COM9] ground_station_status: rssi=-5, uptime=3427067, reserved=[0, 0, 0, 0, 0, 0]
[00:10:15.323] PACKET[COM9] ground_station_status: rssi=-5, uptime=3428067, reserved=[0, 0, 0, 0, 0, 0]
[00:10:15.333] PACKET[COM9] ground_station_status: rssi=-5, uptime=3429067, reserved=[0, 0, 0, 0, 0, 0]
[00:10:15.340] PACKET[COM9] ground_station_status: rssi=-5, uptime=3430067, reserved=[0, 0, 0, 0, 0, 0]
[00:10:15.349] PACKET[COM9] ground_station_status: rssi=-5, uptime=3431067, reserved=[0, 0, 0, 0, 0, 0]
[00:10:15.356] PACKET[COM9] ground_station_status: rssi=-5, uptime=3432067, reserved=[0, 0, 0, 0, 0, 0]
[00:10:15.362] PACKET[COM9] ground_station_status: rssi=-5, uptime=3433067, reserved=[0, 0, 0, 0, 0, 0]
[00:10:15.370] PACKET[COM9] ground_station_status: rssi=-5, uptime=3434067, reserved=[0, 0, 0, 0, 0, 0]
[00:10:15.376] PACKET[COM9] ground_station_status: rssi=-5, uptime=3435067, reserved=[0, 0, 0, 0, 0, 0]
[00:10:15.382] PACKET[COM9] ground_station_status: rssi=-5, uptime=3436067, reserved=[0, 0, 0, 0, 0, 0]
[00:10:15.391] PACKET[COM9] ground_station_status: rssi=-5, uptime=3437067, reserved=[0, 0, 0, 0, 0, 0]
[00:10:15.403] PACKET[COM9] ground_station_status: rssi=-5, uptime=3438067, reserved=[0, 0, 0, 0, 0, 0]
[00:10:15.413] PACKET[COM9] ground_station_status: rssi=-5, uptime=3439067, reserved=[0, 0, 0, 0, 0, 0]
[00:10:15.421] PACKET[COM9] ground_station_status: rssi=-5, uptime=3440067, reserved=[0, 0, 0, 0, 0, 0]
[00:10:15.429] PACKET[COM9] ground_station_status: rssi=-5, uptime=3441067, reserved=[0, 0, 0, 0, 0, 0]
[00:10:15.441] PACKET[COM9] ground_station_status: rssi=-5, uptime=3442067, reserved=[0, 0, 0, 0, 0, 0]
[00:10:15.450] PACKET[COM9] ground_station_status: rssi=-5, uptime=3443067, reserved=[0, 0, 0, 0, 0, 0]
[00:10:15.457] PACKET[COM9] ground_station_status: rssi=-5, uptime=3444067, reserved=[0, 0, 0, 0, 0, 0]
[00:10:15.463] PACKET[COM9] ground_station_status: rssi=-5, uptime=3445067, reserved=[0, 0, 0, 0, 0, 0]
[00:10:15.468] PACKET[COM9] ground_station_status: rssi=-5, uptime=3446067, reserved=[0, 0, 0, 0, 0, 0]
[00:10:15.477] PACKET[COM9] ground_station_status: rssi=-5, uptime=3447067, reserved=[0, 0, 0, 0, 0, 0]
[00:10:15.486] PACKET[COM9] ground_station_status: rssi=-5, uptime=3448067, reserved=[0, 0, 0, 0, 0, 0]
[00:10:15.491] PACKET[COM9] ground_station_status: rssi=-5, uptime=3449067, reserved=[0, 0, 0, 0, 0, 0]
[00:10:15.502] PACKET[COM9] ground_station_status: rssi=-5, uptime=3450067, reserved=[0, 0, 0, 0, 0, 0]
[00:10:15.513] PACKET[COM9] ground_station_status: rssi=-5, uptime=3451067, reserved=[0, 0, 0, 0, 0, 0]
[00:10:15.523] PACKET[COM9] ground_station_status: rssi=-5, uptime=3452067, reserved=[0, 0, 0, 0, 0, 0]
[00:10:15.532] PACKET[COM9] ground_station_status: rssi=-5, uptime=3453067, reserved=[0, 0, 0, 0, 0, 0]
[00:10:15.539] PACKET[COM9] ground_station_status: rssi=-5, uptime=3454067, reserved=[0, 0, 0, 0, 0, 0]
[00:10:15.548] PACKET[COM9] ground_station_status: rssi=-5, uptime=3455067, reserved=[0, 0, 0, 0, 0, 0]
[00:10:15.554] PACKET[COM9] ground_station_status: rssi=-5, uptime=3456067, reserved=[0, 0, 0, 0, 0, 0]
[00:10:15.561] PACKET[COM9] ground_station_status: rssi=-5, uptime=3457067, reserved=[0, 0, 0, 0, 0, 0]
[00:10:15.569] PACKET[COM9] ground_station_status: rssi=-5, uptime=3458067, reserved=[0, 0, 0, 0, 0, 0]
[00:10:15.575] PACKET[COM9] ground_station_status: rssi=-5, uptime=3459067, reserved=[0, 0, 0, 0, 0, 0]
[00:10:15.582] PACKET[COM9] ground_station_status: rssi=-5, uptime=3460067, reserved=[0, 0, 0, 0, 0, 0]
[00:10:15.588] PACKET[COM9] ground_station_status: rssi=-5, uptime=3461067, reserved=[0, 0, 0, 0, 0, 0]
[00:10:15.597] PACKET[COM9] ground_station_status: rssi=-5, uptime=3462067, reserved=[0, 0, 0, 0, 0, 0]
[00:10:15.610] PACKET[COM9] ground_station_status: rssi=-5, uptime=3463067, reserved=[0, 0, 0, 0, 0, 0]
[00:10:15.617] PACKET[COM9] ground_station_status: rssi=-5, uptime=3464067, reserved=[0, 0, 0, 0, 0, 0]
[00:10:15.626] PACKET[COM9] ground_station_status: rssi=-5, uptime=3465067, reserved=[0, 0, 0, 0, 0, 0]
[00:10:15.644] PACKET[COM9] ground_station_status: rssi=-5, uptime=3466067, reserved=[0, 0, 0, 0, 0, 0]
[00:10:15.652] PACKET[COM9] ground_station_status: rssi=-5, uptime=3467067, reserved=[0, 0, 0, 0, 0, 0]
[00:10:15.659] PACKET[COM9] ground_station_status: rssi=-5, uptime=3468067, reserved=[0, 0, 0, 0, 0, 0]
[00:10:15.672] PACKET[COM9] ground_station_status: rssi=-5, uptime=3469067, reserved=[0, 0, 0, 0, 0, 0]
[00:10:15.680] PACKET[COM9] ground_station_status: rssi=-5, uptime=3470067, reserved=[0, 0, 0, 0, 0, 0]
[00:10:15.687] PACKET[COM9] ground_station_status: rssi=-5, uptime=3471067, reserved=[0, 0, 0, 0, 0, 0]
[00:10:15.697] PACKET[COM9] ground_station_status: rssi=-5, uptime=3472067, reserved=[0, 0, 0, 0, 0, 0]
[00:10:15.706] PACKET[COM9] ground_station_status: rssi=-5, uptime=3473067, reserved=[0, 0, 0, 0, 0, 0]
[00:10:15.719] PACKET[COM9] ground_station_status: rssi=-5, uptime=3474067, reserved=[0, 0, 0, 0, 0, 0]
[00:10:15.731] PACKET[COM9] ground_station_status: rssi=-5, uptime=3475067, reserved=[0, 0, 0, 0, 0, 0]
[00:10:15.742] PACKET[COM9] ground_station_status: rssi=-5, uptime=3476067, reserved=[0, 0, 0, 0, 0, 0]
[00:10:15.752] PACKET[COM9] ground_station_status: rssi=-5, uptime=3477067, reserved=[0, 0, 0, 0, 0, 0]
[00:10:15.760] PACKET[COM9] ground_station_status: rssi=-5, uptime=3478067, reserved=[0, 0, 0, 0, 0, 0]
[00:10:15.773] PACKET[COM9] ground_station_status: rssi=-5, uptime=3479067, reserved=[0, 0, 0, 0, 0, 0]
[00:10:15.791] PACKET[COM9] ground_station_status: rssi=-5, uptime=3480067, reserved=[0, 0, 0, 0, 0, 0]
[00:10:15.801] PACKET[COM9] ground_station_status: rssi=-5, uptime=3481067, reserved=[0, 0, 0, 0, 0, 0]
[00:10:15.809] PACKET[COM9] ground_station_status: rssi=-5, uptime=3482067, reserved=[0, 0, 0, 0, 0, 0]
[00:10:15.817] PACKET[COM9] ground_station_status: rssi=-5, uptime=3483067, reserved=[0, 0, 0, 0, 0, 0]
[00:10:15.823] PACKET[COM9] ground_station_status: rssi=-5, uptime=3484067, reserved=[0, 0, 0, 0, 0, 0]
[00:10:15.833] PACKET[COM9] ground_station_status: rssi=-5, uptime=3485067, reserved=[0, 0, 0, 0, 0, 0]
[00:10:15.839] PACKET[COM9] ground_station_status: rssi=-5, uptime=3486067, reserved=[0, 0, 0, 0, 0, 0]
[00:10:15.847] PACKET[COM9] ground_station_status: rssi=-5, uptime=3487067, reserved=[0, 0, 0, 0, 0, 0]
[00:10:15.853] PACKET[COM9] ground_station_status: rssi=-5, uptime=3488067, reserved=[0, 0, 0, 0, 0, 0]
[00:10:15.855] PACKET[COM9] ground_station_status: rssi=-5, uptime=3489067, reserved=[0, 0, 0, 0, 0, 0]
[00:10:15.856] PACKET[COM9] ground_station_status: rssi=-5, uptime=3490067, reserved=[0, 0, 0, 0, 0, 0]
[00:10:15.856] PACKET[COM9] ground_station_status: rssi=-5, uptime=3491067, reserved=[0, 0, 0, 0, 0, 0]
[00:10:15.858] PACKET[COM9] ground_station_status: rssi=-5, uptime=3492067, reserved=[0, 0, 0, 0, 0, 0]
[00:10:15.868] PACKET[COM9] ground_station_status: rssi=-5, uptime=3493067, reserved=[0, 0, 0, 0, 0, 0]
[00:10:15.874] PACKET[COM9] ground_station_status: rssi=-5, uptime=3494067, reserved=[0, 0, 0, 0, 0, 0]
[00:10:15.882] PACKET[COM9] ground_station_status: rssi=-5, uptime=3495067, reserved=[0, 0, 0, 0, 0, 0]
[00:10:15.888] PACKET[COM9] ground_station_status: rssi=-5, uptime=3496067, reserved=[0, 0, 0, 0, 0, 0]
[00:10:15.897] PACKET[COM9] ground_station_status: rssi=-5, uptime=3497067, reserved=[0, 0, 0, 0, 0, 0]
[00:10:15.905] PACKET[COM9] ground_station_status: rssi=-5, uptime=3498067, reserved=[0, 0, 0, 0, 0, 0]
[00:10:15.914] PACKET[COM9] ground_station_status: rssi=-5, uptime=3499067, reserved=[0, 0, 0, 0, 0, 0]
[00:10:15.924] PACKET[COM9] ground_station_status: rssi=-5, uptime=3500067, reserved=[0, 0, 0, 0, 0, 0]
[00:10:15.934] PACKET[COM9] ground_station_status: rssi=-5, uptime=3501067, reserved=[0, 0, 0, 0, 0, 0]
[00:10:15.941] PACKET[COM9] ground_station_status: rssi=-5, uptime=3502067, reserved=[0, 0, 0, 0, 0, 0]
[00:10:15.949] PACKET[COM9] ground_station_status: rssi=-5, uptime=3503067, reserved=[0, 0, 0, 0, 0, 0]
[00:10:15.953] PACKET[COM9] ground_station_status: rssi=-5, uptime=3504067, reserved=[0, 0, 0, 0, 0, 0]
[00:10:15.960] PACKET[COM9] ground_station_status: rssi=-5, uptime=3505067, reserved=[0, 0, 0, 0, 0, 0]
[00:10:15.969] PACKET[COM9] ground_station_status: rssi=-5, uptime=3506067, reserved=[0, 0, 0, 0, 0, 0]
[00:10:15.975] PACKET[COM9] ground_station_status: rssi=-5, uptime=3507067, reserved=[0, 0, 0, 0, 0, 0]
[00:10:15.985] PACKET[COM9] ground_station_status: rssi=-5, uptime=3508067, reserved=[0, 0, 0, 0, 0, 0]
[00:10:15.996] PACKET[COM9] ground_station_status: rssi=-5, uptime=3509067, reserved=[0, 0, 0, 0, 0, 0]
[00:10:16.001] PACKET[COM9] ground_station_status: rssi=-5, uptime=3510067, reserved=[0, 0, 0, 0, 0, 0]
[00:10:16.012] PACKET[COM9] ground_station_status: rssi=-5, uptime=3511067, reserved=[0, 0, 0, 0, 0, 0]
[00:10:16.016] PACKET[COM9] ground_station_status: rssi=-5, uptime=3512067, reserved=[0, 0, 0, 0, 0, 0]
[00:10:16.016] PACKET[COM9] ground_station_status: rssi=-5, uptime=3513067, reserved=[0, 0, 0, 0, 0, 0]
[00:10:16.017] PACKET[COM9] ground_station_status: rssi=-5, uptime=3514067, reserved=[0, 0, 0, 0, 0, 0]
[00:10:16.017] PACKET[COM9] ground_station_status: rssi=-5, uptime=3515067, reserved=[0, 0, 0, 0, 0, 0]
[00:10:16.018] PACKET[COM9] ground_station_status: rssi=-5, uptime=3516067, reserved=[0, 0, 0, 0, 0, 0]
[00:10:16.018] PACKET[COM9] ground_station_status: rssi=-5, uptime=3517067, reserved=[0, 0, 0, 0, 0, 0]
[00:10:16.018] PACKET[COM9] ground_station_status: rssi=-5, uptime=3518067, reserved=[0, 0, 0, 0, 0, 0]
[00:10:16.019] PACKET[COM9] ground_station_status: rssi=-5, uptime=3519067, reserved=[0, 0, 0, 0, 0, 0]
[00:10:16.025] PACKET[COM9] ground_station_status: rssi=-5, uptime=3520067, reserved=[0, 0, 0, 0, 0, 0]
[00:10:16.031] PACKET[COM9] ground_station_status: rssi=-5, uptime=3521067, reserved=[0, 0, 0, 0, 0, 0]
[00:10:16.035] PACKET[COM9] ground_station_status: rssi=-5, uptime=3522067, reserved=[0, 0, 0, 0, 0, 0]
[00:10:16.041] PACKET[COM9] ground_station_status: rssi=-5, uptime=3523067, reserved=[0, 0, 0, 0, 0, 0]
[00:10:16.047] PACKET[COM9] ground_station_status: rssi=-5, uptime=3524067, reserved=[0, 0, 0, 0, 0, 0]
[00:10:16.054] PACKET[COM9] ground_station_status: rssi=-5, uptime=3525067, reserved=[0, 0, 0, 0, 0, 0]
[00:10:16.059] PACKET[COM9] ground_station_status: rssi=-5, uptime=3526067, reserved=[0, 0, 0, 0, 0, 0]
[00:10:16.066] PACKET[COM9] ground_station_status: rssi=-5, uptime=3527067, reserved=[0, 0, 0, 0, 0, 0]
[00:10:16.072] PACKET[COM9] ground_station_status: rssi=-5, uptime=3528067, reserved=[0, 0, 0, 0, 0, 0]
[00:10:16.080] PACKET[COM9] ground_station_status: rssi=-5, uptime=3529067, reserved=[0, 0, 0, 0, 0, 0]
[00:10:16.088] PACKET[COM9] ground_station_status: rssi=-5, uptime=3530067, reserved=[0, 0, 0, 0, 0, 0]
[00:10:16.099] PACKET[COM9] ground_station_status: rssi=-5, uptime=3531067, reserved=[0, 0, 0, 0, 0, 0]
[00:10:16.102] PACKET[COM9] ground_station_status: rssi=-5, uptime=3532067, reserved=[0, 0, 0, 0, 0, 0]
[00:10:16.108] PACKET[COM9] ground_station_status: rssi=-5, uptime=3533067, reserved=[0, 0, 0, 0, 0, 0]
[00:10:16.113] PACKET[COM9] ground_station_status: rssi=-5, uptime=3534067, reserved=[0, 0, 0, 0, 0, 0]
[00:10:16.118] PACKET[COM9] ground_station_status: rssi=-5, uptime=3535067, reserved=[0, 0, 0, 0, 0, 0]
[00:10:16.122] PACKET[COM9] ground_station_status: rssi=-5, uptime=3536067, reserved=[0, 0, 0, 0, 0, 0]
[00:10:16.126] PACKET[COM9] ground_station_status: rssi=-5, uptime=3537067, reserved=[0, 0, 0, 0, 0, 0]
[00:10:16.133] PACKET[COM9] ground_station_status: rssi=-5, uptime=3538067, reserved=[0, 0, 0, 0, 0, 0]
[00:10:16.137] PACKET[COM9] ground_station_status: rssi=-5, uptime=3539067, reserved=[0, 0, 0, 0, 0, 0]
[00:10:16.141] PACKET[COM9] ground_station_status: rssi=-5, uptime=3540067, reserved=[0, 0, 0, 0, 0, 0]
[00:10:16.148] PACKET[COM9] ground_station_status: rssi=-5, uptime=3541067, reserved=[0, 0, 0, 0, 0, 0]
[00:10:16.151] PACKET[COM9] ground_station_status: rssi=-5, uptime=3542067, reserved=[0, 0, 0, 0, 0, 0]
[00:10:16.152] PACKET[COM9] ground_station_status: rssi=-5, uptime=3543067, reserved=[0, 0, 0, 0, 0, 0]
[00:10:16.153] PACKET[COM9] ground_station_status: rssi=-5, uptime=3544067, reserved=[0, 0, 0, 0, 0, 0]
[00:10:16.153] PACKET[COM9] ground_station_status: rssi=-5, uptime=3545067, reserved=[0, 0, 0, 0, 0, 0]
[00:10:16.158] PACKET[COM9] ground_station_status: rssi=-5, uptime=3546067, reserved=[0, 0, 0, 0, 0, 0]
[00:10:16.163] PACKET[COM9] ground_station_status: rssi=-5, uptime=3547067, reserved=[0, 0, 0, 0, 0, 0]
[00:10:16.168] PACKET[COM9] ground_station_status: rssi=-5, uptime=3548067, reserved=[0, 0, 0, 0, 0, 0]
[00:10:16.174] PACKET[COM9] ground_station_status: rssi=-5, uptime=3549067, reserved=[0, 0, 0, 0, 0, 0]
[00:10:16.177] PACKET[COM9] ground_station_status: rssi=-5, uptime=3550067, reserved=[0, 0, 0, 0, 0, 0]
[00:10:16.184] PACKET[COM9] ground_station_status: rssi=-5, uptime=3551067, reserved=[0, 0, 0, 0, 0, 0]
[00:10:16.190] PACKET[COM9] ground_station_status: rssi=-5, uptime=3552067, reserved=[0, 0, 0, 0, 0, 0]
[00:10:16.194] PACKET[COM9] ground_station_status: rssi=-5, uptime=3553067, reserved=[0, 0, 0, 0, 0, 0]
[00:10:16.203] PACKET[COM9] ground_station_status: rssi=-5, uptime=3554067, reserved=[0, 0, 0, 0, 0, 0]
[00:10:16.207] PACKET[COM9] ground_station_status: rssi=-5, uptime=3555067, reserved=[0, 0, 0, 0, 0, 0]
[00:10:16.215] PACKET[COM9] ground_station_status: rssi=-5, uptime=3556067, reserved=[0, 0, 0, 0, 0, 0]
[00:10:16.220] PACKET[COM9] ground_station_status: rssi=-5, uptime=3557067, reserved=[0, 0, 0, 0, 0, 0]
[00:10:16.225] PACKET[COM9] ground_station_status: rssi=-5, uptime=3558067, reserved=[0, 0, 0, 0, 0, 0]
[00:10:16.233] PACKET[COM9] ground_station_status: rssi=-5, uptime=3559067, reserved=[0, 0, 0, 0, 0, 0]
[00:10:16.235] PACKET[COM9] ground_station_status: rssi=-5, uptime=3560067, reserved=[0, 0, 0, 0, 0, 0]
[00:10:16.239] PACKET[COM9] ground_station_status: rssi=-5, uptime=3561067, reserved=[0, 0, 0, 0, 0, 0]
[00:10:16.245] PACKET[COM9] ground_station_status: rssi=-5, uptime=3562067, reserved=[0, 0, 0, 0, 0, 0]
[00:10:16.252] PACKET[COM9] ground_station_status: rssi=-5, uptime=3563067, reserved=[0, 0, 0, 0, 0, 0]
[00:10:16.257] PACKET[COM9] ground_station_status: rssi=-5, uptime=3564067, reserved=[0, 0, 0, 0, 0, 0]
[00:10:16.265] PACKET[COM9] ground_station_status: rssi=-5, uptime=3565067, reserved=[0, 0, 0, 0, 0, 0]
[00:10:16.270] PACKET[COM9] ground_station_status: rssi=-5, uptime=3566067, reserved=[0, 0, 0, 0, 0, 0]
[00:10:16.273] PACKET[COM9] ground_station_status: rssi=-5, uptime=3567067, reserved=[0, 0, 0, 0, 0, 0]
[00:10:16.274] PACKET[COM9] ground_station_status: rssi=-5, uptime=3568067, reserved=[0, 0, 0, 0, 0, 0]
[00:10:16.275] PACKET[COM9] ground_station_status: rssi=-5, uptime=3569067, reserved=[0, 0, 0, 0, 0, 0]
[00:10:16.280] PACKET[COM9] ground_station_status: rssi=-5, uptime=3570067, reserved=[0, 0, 0, 0, 0, 0]
[00:10:16.298] PACKET[COM9] ground_station_status: rssi=-5, uptime=3571067, reserved=[0, 0, 0, 0, 0, 0]
[00:10:16.314] PACKET[COM9] ground_station_status: rssi=-5, uptime=3572067, reserved=[0, 0, 0, 0, 0, 0]
[00:10:16.329] PACKET[COM9] ground_station_status: rssi=-5, uptime=3573067, reserved=[0, 0, 0, 0, 0, 0]
[00:10:16.339] PACKET[COM9] ground_station_status: rssi=-5, uptime=3574067, reserved=[0, 0, 0, 0, 0, 0]
[00:10:16.346] PACKET[COM9] ground_station_status: rssi=-5, uptime=3575067, reserved=[0, 0, 0, 0, 0, 0]
[00:10:16.353] PACKET[COM9] ground_station_status: rssi=-5, uptime=3576067, reserved=[0, 0, 0, 0, 0, 0]
[00:10:16.361] PACKET[COM9] ground_station_status: rssi=-5, uptime=3577067, reserved=[0, 0, 0, 0, 0, 0]
[00:10:16.369] PACKET[COM9] ground_station_status: rssi=-5, uptime=3578067, reserved=[0, 0, 0, 0, 0, 0]
[00:10:16.376] PACKET[COM9] ground_station_status: rssi=-5, uptime=3579067, reserved=[0, 0, 0, 0, 0, 0]
[00:10:16.382] PACKET[COM9] ground_station_status: rssi=-5, uptime=3580067, reserved=[0, 0, 0, 0, 0, 0]
[00:10:16.389] PACKET[COM9] ground_station_status: rssi=-5, uptime=3581067, reserved=[0, 0, 0, 0, 0, 0]
[00:10:16.395] PACKET[COM9] ground_station_status: rssi=-5, uptime=3582067, reserved=[0, 0, 0, 0, 0, 0]
[00:10:16.404] PACKET[COM9] ground_station_status: rssi=-5, uptime=3583067, reserved=[0, 0, 0, 0, 0, 0]
[00:10:16.411] PACKET[COM9] ground_station_status: rssi=-5, uptime=3584067, reserved=[0, 0, 0, 0, 0, 0]
[00:10:16.417] PACKET[COM9] ground_station_status: rssi=-5, uptime=3585067, reserved=[0, 0, 0, 0, 0, 0]
[00:10:16.426] PACKET[COM9] ground_station_status: rssi=-5, uptime=3586067, reserved=[0, 0, 0, 0, 0, 0]
[00:10:16.432] PACKET[COM9] ground_station_status: rssi=-5, uptime=3587067, reserved=[0, 0, 0, 0, 0, 0]
[00:10:16.440] PACKET[COM9] ground_station_status: rssi=-5, uptime=3588067, reserved=[0, 0, 0, 0, 0, 0]
[00:10:16.442] PACKET[COM9] ground_station_status: rssi=-5, uptime=3589067, reserved=[0, 0, 0, 0, 0, 0]
[00:10:16.449] PACKET[COM9] ground_station_status: rssi=-5, uptime=3590067, reserved=[0, 0, 0, 0, 0, 0]
[00:10:16.457] PACKET[COM9] ground_station_status: rssi=-5, uptime=3591067, reserved=[0, 0, 0, 0, 0, 0]
[00:10:16.462] PACKET[COM9] ground_station_status: rssi=-5, uptime=3592067, reserved=[0, 0, 0, 0, 0, 0]
[00:10:16.470] PACKET[COM9] ground_station_status: rssi=-5, uptime=3593067, reserved=[0, 0, 0, 0, 0, 0]
[00:10:16.476] PACKET[COM9] ground_station_status: rssi=-5, uptime=3594067, reserved=[0, 0, 0, 0, 0, 0]
[00:10:16.477] PACKET[COM9] ground_station_status: rssi=-5, uptime=3595067, reserved=[0, 0, 0, 0, 0, 0]
[00:10:16.478] PACKET[COM9] ground_station_status: rssi=-5, uptime=3596067, reserved=[0, 0, 0, 0, 0, 0]
[00:10:16.478] PACKET[COM9] ground_station_status: rssi=-5, uptime=3597067, reserved=[0, 0, 0, 0, 0, 0]
[00:10:16.487] PACKET[COM9] ground_station_status: rssi=-5, uptime=3598067, reserved=[0, 0, 0, 0, 0, 0]
[00:10:16.494] PACKET[COM9] ground_station_status: rssi=-5, uptime=3599067, reserved=[0, 0, 0, 0, 0, 0]
[00:10:16.502] PACKET[COM9] ground_station_status: rssi=-5, uptime=3600067, reserved=[0, 0, 0, 0, 0, 0]
[00:10:16.507] PACKET[COM9] ground_station_status: rssi=-5, uptime=3601067, reserved=[0, 0, 0, 0, 0, 0]
[00:10:16.514] PACKET[COM9] ground_station_status: rssi=-5, uptime=3602067, reserved=[0, 0, 0, 0, 0, 0]
[00:10:16.517] PACKET[COM9] ground_station_status: rssi=-5, uptime=3603067, reserved=[0, 0, 0, 0, 0, 0]
[00:10:16.524] PACKET[COM9] ground_station_status: rssi=-5, uptime=3604067, reserved=[0, 0, 0, 0, 0, 0]
[00:10:16.532] PACKET[COM9] ground_station_status: rssi=-5, uptime=3605067, reserved=[0, 0, 0, 0, 0, 0]
[00:10:16.538] PACKET[COM9] ground_station_status: rssi=-5, uptime=3606067, reserved=[0, 0, 0, 0, 0, 0]
[00:10:16.543] PACKET[COM9] ground_station_status: rssi=-5, uptime=3607067, reserved=[0, 0, 0, 0, 0, 0]
[00:10:16.553] PACKET[COM9] ground_station_status: rssi=-5, uptime=3608067, reserved=[0, 0, 0, 0, 0, 0]
[00:10:16.558] PACKET[COM9] ground_station_status: rssi=-5, uptime=3609067, reserved=[0, 0, 0, 0, 0, 0]
[00:10:16.564] PACKET[COM9] ground_station_status: rssi=-5, uptime=3610067, reserved=[0, 0, 0, 0, 0, 0]
[00:10:16.574] PACKET[COM9] ground_station_status: rssi=-5, uptime=3611067, reserved=[0, 0, 0, 0, 0, 0]
[00:10:16.581] PACKET[COM9] ground_station_status: rssi=-5, uptime=3612067, reserved=[0, 0, 0, 0, 0, 0]
[00:10:16.588] PACKET[COM9] ground_station_status: rssi=-5, uptime=3613067, reserved=[0, 0, 0, 0, 0, 0]
[00:10:16.597] PACKET[COM9] ground_station_status: rssi=-5, uptime=3614067, reserved=[0, 0, 0, 0, 0, 0]
[00:10:16.605] PACKET[COM9] ground_station_status: rssi=-5, uptime=3615067, reserved=[0, 0, 0, 0, 0, 0]
[00:10:16.613] PACKET[COM9] ground_station_status: rssi=-5, uptime=3616067, reserved=[0, 0, 0, 0, 0, 0]
[00:10:16.620] PACKET[COM9] ground_station_status: rssi=-5, uptime=3617067, reserved=[0, 0, 0, 0, 0, 0]
[00:10:16.627] PACKET[COM9] ground_station_status: rssi=-5, uptime=3618067, reserved=[0, 0, 0, 0, 0, 0]
[00:10:16.634] PACKET[COM9] ground_station_status: rssi=-5, uptime=3619067, reserved=[0, 0, 0, 0, 0, 0]
[00:10:16.635] PACKET[COM9] ground_station_status: rssi=-5, uptime=3620067, reserved=[0, 0, 0, 0, 0, 0]
[00:10:16.643] PACKET[COM9] ground_station_status: rssi=-5, uptime=3621067, reserved=[0, 0, 0, 0, 0, 0]
[00:10:16.649] PACKET[COM9] ground_station_status: rssi=-5, uptime=3622067, reserved=[0, 0, 0, 0, 0, 0]
[00:10:16.653] PACKET[COM9] ground_station_status: rssi=-5, uptime=3623067, reserved=[0, 0, 0, 0, 0, 0]
[00:10:16.661] PACKET[COM9] ground_station_status: rssi=-5, uptime=3624067, reserved=[0, 0, 0, 0, 0, 0]
[00:10:16.666] PACKET[COM9] ground_station_status: rssi=-5, uptime=3625067, reserved=[0, 0, 0, 0, 0, 0]
[00:10:16.669] PACKET[COM9] ground_station_status: rssi=-5, uptime=3626067, reserved=[0, 0, 0, 0, 0, 0]
[00:10:16.674] PACKET[COM9] ground_station_status: rssi=-5, uptime=3627067, reserved=[0, 0, 0, 0, 0, 0]
[00:10:16.675] PACKET[COM9] ground_station_status: rssi=-5, uptime=3628067, reserved=[0, 0, 0, 0, 0, 0]
[00:10:16.676] PACKET[COM9] ground_station_status: rssi=-5, uptime=3629067, reserved=[0, 0, 0, 0, 0, 0]
[00:10:16.677] PACKET[COM9] ground_station_status: rssi=-5, uptime=3630067, reserved=[0, 0, 0, 0, 0, 0]
[00:10:16.677] PACKET[COM9] ground_station_status: rssi=-5, uptime=3631067, reserved=[0, 0, 0, 0, 0, 0]
[00:10:16.678] PACKET[COM9] ground_station_status: rssi=-5, uptime=3632067, reserved=[0, 0, 0, 0, 0, 0]
[00:10:16.680] PACKET[COM9] ground_station_status: rssi=-5, uptime=3633067, reserved=[0, 0, 0, 0, 0, 0]
[00:10:16.680] PACKET[COM9] ground_station_status: rssi=-5, uptime=3634067, reserved=[0, 0, 0, 0, 0, 0]
[00:10:16.681] PACKET[COM9] ground_station_status: rssi=-5, uptime=3635067, reserved=[0, 0, 0, 0, 0, 0]
[00:10:16.681] PACKET[COM9] ground_station_status: rssi=-5, uptime=3636067, reserved=[0, 0, 0, 0, 0, 0]
[00:10:16.682] PACKET[COM9] ground_station_status: rssi=-5, uptime=3637067, reserved=[0, 0, 0, 0, 0, 0]
[00:10:16.682] PACKET[COM9] ground_station_status: rssi=-5, uptime=3638067, reserved=[0, 0, 0, 0, 0, 0]
[00:10:16.683] PACKET[COM9] ground_station_status: rssi=-5, uptime=3639067, reserved=[0, 0, 0, 0, 0, 0]
[00:10:16.683] PACKET[COM9] ground_station_status: rssi=-5, uptime=3640067, reserved=[0, 0, 0, 0, 0, 0]
[00:10:16.683] PACKET[COM9] ground_station_status: rssi=-5, uptime=3641067, reserved=[0, 0, 0, 0, 0, 0]
[00:10:16.684] PACKET[COM9] ground_station_status: rssi=-5, uptime=3642067, reserved=[0, 0, 0, 0, 0, 0]
[00:10:16.685] PACKET[COM9] ground_station_status: rssi=-5, uptime=3643067, reserved=[0, 0, 0, 0, 0, 0]
[00:10:16.686] PACKET[COM9] ground_station_status: rssi=-5, uptime=3644067, reserved=[0, 0, 0, 0, 0, 0]
[00:10:16.687] PACKET[COM9] ground_station_status: rssi=-5, uptime=3645067, reserved=[0, 0, 0, 0, 0, 0]
[00:10:16.687] PACKET[COM9] ground_station_status: rssi=-5, uptime=3646067, reserved=[0, 0, 0, 0, 0, 0]
[00:10:16.697] PACKET[COM9] ground_station_status: rssi=-5, uptime=3647067, reserved=[0, 0, 0, 0, 0, 0]
[00:10:16.699] PACKET[COM9] ground_station_status: rssi=-5, uptime=3648067, reserved=[0, 0, 0, 0, 0, 0]
[00:10:16.701] PACKET[COM9] ground_station_status: rssi=-5, uptime=3649067, reserved=[0, 0, 0, 0, 0, 0]
[00:10:16.707] PACKET[COM9] ground_station_status: rssi=-5, uptime=3650067, reserved=[0, 0, 0, 0, 0, 0]
[00:10:16.709] PACKET[COM9] ground_station_status: rssi=-5, uptime=3651067, reserved=[0, 0, 0, 0, 0, 0]
[00:10:16.711] PACKET[COM9] ground_station_status: rssi=-5, uptime=3652067, reserved=[0, 0, 0, 0, 0, 0]
[00:10:16.711] PACKET[COM9] ground_station_status: rssi=-5, uptime=3653067, reserved=[0, 0, 0, 0, 0, 0]
[00:10:16.712] PACKET[COM9] ground_station_status: rssi=-5, uptime=3654067, reserved=[0, 0, 0, 0, 0, 0]
[00:10:16.713] PACKET[COM9] ground_station_status: rssi=-5, uptime=3655067, reserved=[0, 0, 0, 0, 0, 0]
[00:10:16.714] PACKET[COM9] ground_station_status: rssi=-5, uptime=3656067, reserved=[0, 0, 0, 0, 0, 0]
[00:10:16.715] PACKET[COM9] ground_station_status: rssi=-5, uptime=3657067, reserved=[0, 0, 0, 0, 0, 0]
[00:10:16.716] PACKET[COM9] ground_station_status: rssi=-5, uptime=3658067, reserved=[0, 0, 0, 0, 0, 0]
[00:10:16.717] PACKET[COM9] ground_station_status: rssi=-5, uptime=3659067, reserved=[0, 0, 0, 0, 0, 0]
[00:10:16.718] PACKET[COM9] ground_station_status: rssi=-5, uptime=3660067, reserved=[0, 0, 0, 0, 0, 0]
[00:10:16.719] PACKET[COM9] ground_station_status: rssi=-5, uptime=3661067, reserved=[0, 0, 0, 0, 0, 0]
[00:10:16.721] PACKET[COM9] ground_station_status: rssi=-5, uptime=3662067, reserved=[0, 0, 0, 0, 0, 0]
[00:10:16.722] PACKET[COM9] ground_station_status: rssi=-5, uptime=3663067, reserved=[0, 0, 0, 0, 0, 0]
[00:10:16.723] PACKET[COM9] ground_station_status: rssi=-5, uptime=3664067, reserved=[0, 0, 0, 0, 0, 0]
[00:10:16.723] PACKET[COM9] ground_station_status: rssi=-5, uptime=3665067, reserved=[0, 0, 0, 0, 0, 0]
[00:10:16.724] PACKET[COM9] ground_station_status: rssi=-5, uptime=3666067, reserved=[0, 0, 0, 0, 0, 0]
[00:10:16.724] PACKET[COM9] ground_station_status: rssi=-5, uptime=3667067, reserved=[0, 0, 0, 0, 0, 0]
[00:10:16.725] PACKET[COM9] ground_station_status: rssi=-5, uptime=3668067, reserved=[0, 0, 0, 0, 0, 0]
[00:10:16.726] PACKET[COM9] ground_station_status: rssi=-5, uptime=3669067, reserved=[0, 0, 0, 0, 0, 0]
[00:10:16.726] PACKET[COM9] ground_station_status: rssi=-5, uptime=3670067, reserved=[0, 0, 0, 0, 0, 0]
[00:10:16.727] PACKET[COM9] ground_station_status: rssi=-5, uptime=3671067, reserved=[0, 0, 0, 0, 0, 0]
[00:10:16.728] PACKET[COM9] ground_station_status: rssi=-5, uptime=3672067, reserved=[0, 0, 0, 0, 0, 0]
[00:10:16.729] PACKET[COM9] ground_station_status: rssi=-5, uptime=3673067, reserved=[0, 0, 0, 0, 0, 0]
[00:10:16.730] PACKET[COM9] ground_station_status: rssi=-5, uptime=3674067, reserved=[0, 0, 0, 0, 0, 0]
[00:10:16.730] PACKET[COM9] ground_station_status: rssi=-5, uptime=3675067, reserved=[0, 0, 0, 0, 0, 0]
[00:10:16.731] PACKET[COM9] ground_station_status: rssi=-5, uptime=3676067, reserved=[0, 0, 0, 0, 0, 0]
[00:10:16.732] PACKET[COM9] ground_station_status: rssi=-5, uptime=3677067, reserved=[0, 0, 0, 0, 0, 0]
[00:10:16.732] PACKET[COM9] ground_station_status: rssi=-5, uptime=3678067, reserved=[0, 0, 0, 0, 0, 0]
[00:10:16.732] PACKET[COM9] ground_station_status: rssi=-5, uptime=3679067, reserved=[0, 0, 0, 0, 0, 0]
[00:10:16.733] PACKET[COM9] ground_station_status: rssi=-5, uptime=3680067, reserved=[0, 0, 0, 0, 0, 0]
[00:10:16.734] PACKET[COM9] ground_station_status: rssi=-5, uptime=3681067, reserved=[0, 0, 0, 0, 0, 0]
[00:10:16.739] PACKET[COM9] ground_station_status: rssi=-5, uptime=3682067, reserved=[0, 0, 0, 0, 0, 0]
[00:10:16.742] PACKET[COM9] ground_station_status: rssi=-5, uptime=3683067, reserved=[0, 0, 0, 0, 0, 0]
[00:10:16.743] PACKET[COM9] ground_station_status: rssi=-5, uptime=3684067, reserved=[0, 0, 0, 0, 0, 0]
[00:10:16.747] PACKET[COM9] ground_station_status: rssi=-5, uptime=3685067, reserved=[0, 0, 0, 0, 0, 0]
[00:10:16.754] PACKET[COM9] ground_station_status: rssi=-5, uptime=3686067, reserved=[0, 0, 0, 0, 0, 0]
[00:10:16.758] PACKET[COM9] ground_station_status: rssi=-5, uptime=3687067, reserved=[0, 0, 0, 0, 0, 0]
[00:10:16.764] PACKET[COM9] ground_station_status: rssi=-5, uptime=3688067, reserved=[0, 0, 0, 0, 0, 0]
[00:10:16.766] PACKET[COM9] ground_station_status: rssi=-5, uptime=3689067, reserved=[0, 0, 0, 0, 0, 0]
[00:10:16.767] PACKET[COM9] ground_station_status: rssi=-5, uptime=3690067, reserved=[0, 0, 0, 0, 0, 0]
[00:10:16.767] PACKET[COM9] ground_station_status: rssi=-5, uptime=3691067, reserved=[0, 0, 0, 0, 0, 0]
[00:10:16.769] PACKET[COM9] ground_station_status: rssi=-5, uptime=3692067, reserved=[0, 0, 0, 0, 0, 0]
[00:10:16.769] PACKET[COM9] ground_station_status: rssi=-5, uptime=3693067, reserved=[0, 0, 0, 0, 0, 0]
[00:10:16.770] PACKET[COM9] ground_station_status: rssi=-5, uptime=3694067, reserved=[0, 0, 0, 0, 0, 0]
[00:10:16.771] PACKET[COM9] ground_station_status: rssi=-5, uptime=3695067, reserved=[0, 0, 0, 0, 0, 0]
[00:10:16.772] PACKET[COM9] ground_station_status: rssi=-5, uptime=3696067, reserved=[0, 0, 0, 0, 0, 0]
[00:10:16.773] PACKET[COM9] ground_station_status: rssi=-5, uptime=3697067, reserved=[0, 0, 0, 0, 0, 0]
[00:10:16.773] PACKET[COM9] ground_station_status: rssi=-5, uptime=3698067, reserved=[0, 0, 0, 0, 0, 0]
[00:10:16.774] PACKET[COM9] ground_station_status: rssi=-5, uptime=3699067, reserved=[0, 0, 0, 0, 0, 0]
[00:10:16.774] PACKET[COM9] ground_station_status: rssi=-5, uptime=3700067, reserved=[0, 0, 0, 0, 0, 0]
[00:10:16.775] PACKET[COM9] ground_station_status: rssi=-5, uptime=3701067, reserved=[0, 0, 0, 0, 0, 0]
[00:10:16.776] PACKET[COM9] ground_station_status: rssi=-5, uptime=3702067, reserved=[0, 0, 0, 0, 0, 0]
[00:10:16.776] PACKET[COM9] ground_station_status: rssi=-5, uptime=3703067, reserved=[0, 0, 0, 0, 0, 0]
[00:10:16.777] PACKET[COM9] ground_station_status: rssi=-5, uptime=3704067, reserved=[0, 0, 0, 0, 0, 0]
[00:10:16.778] PACKET[COM9] ground_station_status: rssi=-5, uptime=3705067, reserved=[0, 0, 0, 0, 0, 0]
[00:10:16.778] PACKET[COM9] ground_station_status: rssi=-5, uptime=3706067, reserved=[0, 0, 0, 0, 0, 0]
[00:10:16.779] PACKET[COM9] ground_station_status: rssi=-5, uptime=3707067, reserved=[0, 0, 0, 0, 0, 0]
[00:10:16.780] PACKET[COM9] ground_station_status: rssi=-5, uptime=3708067, reserved=[0, 0, 0, 0, 0, 0]
[00:10:16.780] PACKET[COM9] ground_station_status: rssi=-5, uptime=3709067, reserved=[0, 0, 0, 0, 0, 0]
[00:10:16.781] PACKET[COM9] ground_station_status: rssi=-5, uptime=3710067, reserved=[0, 0, 0, 0, 0, 0]
[00:10:16.781] PACKET[COM9] ground_station_status: rssi=-5, uptime=3711067, reserved=[0, 0, 0, 0, 0, 0]
[00:10:16.782] PACKET[COM9] ground_station_status: rssi=-5, uptime=3712067, reserved=[0, 0, 0, 0, 0, 0]
[00:10:16.782] PACKET[COM9] ground_station_status: rssi=-5, uptime=3713067, reserved=[0, 0, 0, 0, 0, 0]
[00:10:16.783] PACKET[COM9] ground_station_status: rssi=-5, uptime=3714067, reserved=[0, 0, 0, 0, 0, 0]
[00:10:16.783] PACKET[COM9] ground_station_status: rssi=-5, uptime=3715067, reserved=[0, 0, 0, 0, 0, 0]
[00:10:16.784] PACKET[COM9] ground_station_status: rssi=-5, uptime=3716067, reserved=[0, 0, 0, 0, 0, 0]
[00:10:16.788] PACKET[COM9] ground_station_status: rssi=-5, uptime=3717067, reserved=[0, 0, 0, 0, 0, 0]
[00:10:16.790] PACKET[COM9] ground_station_status: rssi=-5, uptime=3718067, reserved=[0, 0, 0, 0, 0, 0]
[00:10:16.791] PACKET[COM9] ground_station_status: rssi=-5, uptime=3719067, reserved=[0, 0, 0, 0, 0, 0]
[00:10:16.792] PACKET[COM9] ground_station_status: rssi=-5, uptime=3720067, reserved=[0, 0, 0, 0, 0, 0]
[00:10:16.793] PACKET[COM9] ground_station_status: rssi=-5, uptime=3721067, reserved=[0, 0, 0, 0, 0, 0]
[00:10:16.794] PACKET[COM9] ground_station_status: rssi=-5, uptime=3722067, reserved=[0, 0, 0, 0, 0, 0]
[00:10:16.795] PACKET[COM9] ground_station_status: rssi=-5, uptime=3723067, reserved=[0, 0, 0, 0, 0, 0]
[00:10:16.796] PACKET[COM9] ground_station_status: rssi=-5, uptime=3724067, reserved=[0, 0, 0, 0, 0, 0]
[00:10:16.796] PACKET[COM9] ground_station_status: rssi=-5, uptime=3725067, reserved=[0, 0, 0, 0, 0, 0]
[00:10:16.797] PACKET[COM9] ground_station_status: rssi=-5, uptime=3726067, reserved=[0, 0, 0, 0, 0, 0]
[00:10:16.797] PACKET[COM9] ground_station_status: rssi=-5, uptime=3727067, reserved=[0, 0, 0, 0, 0, 0]
[00:10:16.798] PACKET[COM9] ground_station_status: rssi=-5, uptime=3728067, reserved=[0, 0, 0, 0, 0, 0]
[00:10:16.798] PACKET[COM9] ground_station_status: rssi=-5, uptime=3729067, reserved=[0, 0, 0, 0, 0, 0]
[00:10:16.799] PACKET[COM9] ground_station_status: rssi=-5, uptime=3730067, reserved=[0, 0, 0, 0, 0, 0]
[00:10:16.799] PACKET[COM9] ground_station_status: rssi=-5, uptime=3731067, reserved=[0, 0, 0, 0, 0, 0]
[00:10:16.801] PACKET[COM9] ground_station_status: rssi=-5, uptime=3732067, reserved=[0, 0, 0, 0, 0, 0]
[00:10:16.801] PACKET[COM9] ground_station_status: rssi=-5, uptime=3733067, reserved=[0, 0, 0, 0, 0, 0]
[00:10:16.802] PACKET[COM9] ground_station_status: rssi=-5, uptime=3734067, reserved=[0, 0, 0, 0, 0, 0]
[00:10:16.803] PACKET[COM9] ground_station_status: rssi=-5, uptime=3735067, reserved=[0, 0, 0, 0, 0, 0]
[00:10:16.803] PACKET[COM9] ground_station_status: rssi=-5, uptime=3736067, reserved=[0, 0, 0, 0, 0, 0]
[00:10:16.804] PACKET[COM9] ground_station_status: rssi=-5, uptime=3737067, reserved=[0, 0, 0, 0, 0, 0]
[00:10:16.805] PACKET[COM9] ground_station_status: rssi=-5, uptime=3738067, reserved=[0, 0, 0, 0, 0, 0]
[00:10:16.806] PACKET[COM9] ground_station_status: rssi=-5, uptime=3739067, reserved=[0, 0, 0, 0, 0, 0]
[00:10:16.807] PACKET[COM9] ground_station_status: rssi=-5, uptime=3740067, reserved=[0, 0, 0, 0, 0, 0]
[00:10:16.808] PACKET[COM9] ground_station_status: rssi=-5, uptime=3741067, reserved=[0, 0, 0, 0, 0, 0]
[00:10:16.809] PACKET[COM9] ground_station_status: rssi=-5, uptime=3742067, reserved=[0, 0, 0, 0, 0, 0]
[00:10:16.810] PACKET[COM9] ground_station_status: rssi=-5, uptime=3743067, reserved=[0, 0, 0, 0, 0, 0]
[00:10:16.810] PACKET[COM9] ground_station_status: rssi=-5, uptime=3744067, reserved=[0, 0, 0, 0, 0, 0]
[00:10:16.811] PACKET[COM9] ground_station_status: rssi=-5, uptime=3745067, reserved=[0, 0, 0, 0, 0, 0]
[00:10:16.811] PACKET[COM9] ground_station_status: rssi=-5, uptime=3746067, reserved=[0, 0, 0, 0, 0, 0]
[00:10:16.812] PACKET[COM9] ground_station_status: rssi=-5, uptime=3747067, reserved=[0, 0, 0, 0, 0, 0]
[00:10:16.816] PACKET[COM9] ground_station_status: rssi=-5, uptime=3748067, reserved=[0, 0, 0, 0, 0, 0]
[00:10:16.817] PACKET[COM9] ground_station_status: rssi=-5, uptime=3749067, reserved=[0, 0, 0, 0, 0, 0]
[00:10:16.820] PACKET[COM9] ground_station_status: rssi=-5, uptime=3750067, reserved=[0, 0, 0, 0, 0, 0]
[00:10:16.824] PACKET[COM9] ground_station_status: rssi=-5, uptime=3751067, reserved=[0, 0, 0, 0, 0, 0]
[00:10:16.827] PACKET[COM9] ground_station_status: rssi=-5, uptime=3752067, reserved=[0, 0, 0, 0, 0, 0]
[00:10:16.828] PACKET[COM9] ground_station_status: rssi=-5, uptime=3753067, reserved=[0, 0, 0, 0, 0, 0]
[00:10:16.830] PACKET[COM9] ground_station_status: rssi=-5, uptime=3754067, reserved=[0, 0, 0, 0, 0, 0]
[00:10:16.831] PACKET[COM9] ground_station_status: rssi=-5, uptime=3755067, reserved=[0, 0, 0, 0, 0, 0]
[00:10:16.833] PACKET[COM9] ground_station_status: rssi=-5, uptime=3756067, reserved=[0, 0, 0, 0, 0, 0]
[00:10:16.833] PACKET[COM9] ground_station_status: rssi=-5, uptime=3757067, reserved=[0, 0, 0, 0, 0, 0]
[00:10:16.834] PACKET[COM9] ground_station_status: rssi=-5, uptime=3758067, reserved=[0, 0, 0, 0, 0, 0]
[00:10:16.835] PACKET[COM9] ground_station_status: rssi=-5, uptime=3759067, reserved=[0, 0, 0, 0, 0, 0]
[00:10:16.836] PACKET[COM9] ground_station_status: rssi=-5, uptime=3760067, reserved=[0, 0, 0, 0, 0, 0]
[00:10:16.836] PACKET[COM9] ground_station_status: rssi=-5, uptime=3761067, reserved=[0, 0, 0, 0, 0, 0]
[00:10:16.837] PACKET[COM9] ground_station_status: rssi=-5, uptime=3762067, reserved=[0, 0, 0, 0, 0, 0]
[00:10:16.838] PACKET[COM9] ground_station_status: rssi=-5, uptime=3763067, reserved=[0, 0, 0, 0, 0, 0]
[00:10:16.838] PACKET[COM9] ground_station_status: rssi=-5, uptime=3764067, reserved=[0, 0, 0, 0, 0, 0]
[00:10:16.838] PACKET[COM9] ground_station_status: rssi=-5, uptime=3765067, reserved=[0, 0, 0, 0, 0, 0]
[00:10:16.839] PACKET[COM9] ground_station_status: rssi=-5, uptime=3766067, reserved=[0, 0, 0, 0, 0, 0]
[00:10:16.839] PACKET[COM9] ground_station_status: rssi=-5, uptime=3767067, reserved=[0, 0, 0, 0, 0, 0]
[00:10:16.840] PACKET[COM9] ground_station_status: rssi=-5, uptime=3768067, reserved=[0, 0, 0, 0, 0, 0]
[00:10:16.840] PACKET[COM9] ground_station_status: rssi=-5, uptime=3769067, reserved=[0, 0, 0, 0, 0, 0]
[00:10:16.841] PACKET[COM9] ground_station_status: rssi=-5, uptime=3770067, reserved=[0, 0, 0, 0, 0, 0]
[00:10:16.841] PACKET[COM9] ground_station_status: rssi=-5, uptime=3771067, reserved=[0, 0, 0, 0, 0, 0]
[00:10:16.842] PACKET[COM9] ground_station_status: rssi=-5, uptime=3772067, reserved=[0, 0, 0, 0, 0, 0]
[00:10:16.842] PACKET[COM9] ground_station_status: rssi=-5, uptime=3773067, reserved=[0, 0, 0, 0, 0, 0]
[00:10:16.843] PACKET[COM9] ground_station_status: rssi=-5, uptime=3774067, reserved=[0, 0, 0, 0, 0, 0]
[00:10:16.843] PACKET[COM9] ground_station_status: rssi=-5, uptime=3775067, reserved=[0, 0, 0, 0, 0, 0]
[00:10:16.844] PACKET[COM9] ground_station_status: rssi=-5, uptime=3776067, reserved=[0, 0, 0, 0, 0, 0]
[00:10:16.844] PACKET[COM9] ground_station_status: rssi=-5, uptime=3777067, reserved=[0, 0, 0, 0, 0, 0]
[00:10:16.845] PACKET[COM9] ground_station_status: rssi=-5, uptime=3778067, reserved=[0, 0, 0, 0, 0, 0]
[00:10:16.845] RX[COM9]  f0
[00:10:16.846] RX[COM9]  fb 00 39 a9 fb 00 00 00 00 00 00 0a
[00:10:16.849] PACKET[COM9] ground_station_status: rssi=-5, uptime=3779067, reserved=[0, 0, 0, 0, 0, 0]
[00:10:16.853] RX[COM9]  f0
[00:10:16.856] RX[COM9]  fb 00 39 ad e3 00 00 00 00 00 00 0a
[00:10:16.856] PACKET[COM9] ground_station_status: rssi=-5, uptime=3780067, reserved=[0, 0, 0, 0, 0, 0]
[00:10:16.857] RX[COM9]  f0
[00:10:16.857] RX[COM9]  fb 00 39 b1 cb 00 00 00 00 00 00 0a
[00:10:16.858] PACKET[COM9] ground_station_status: rssi=-5, uptime=3781067, reserved=[0, 0, 0, 0, 0, 0]
[00:10:16.858] RX[COM9]  f0
[00:10:16.858] RX[COM9]  fb 00 39 b5 b3 00 00 00 00 00 00 0a
[00:10:16.859] PACKET[COM9] ground_station_status: rssi=-5, uptime=3782067, reserved=[0, 0, 0, 0, 0, 0]
[00:10:16.859] RX[COM9]  f0
[00:10:16.859] RX[COM9]  fb 00 39 b9 9b 00 00 00 00 00 00 0a
[00:10:16.860] PACKET[COM9] ground_station_status: rssi=-5, uptime=3783067, reserved=[0, 0, 0, 0, 0, 0]
[00:10:16.860] RX[COM9]  f0
[00:10:16.860] RX[COM9]  fb 00 39 bd 83 00 00 00 00 00 00 0a
[00:10:16.861] PACKET[COM9] ground_station_status: rssi=-5, uptime=3784067, reserved=[0, 0, 0, 0, 0, 0]
[00:10:16.861] RX[COM9]  f0
[00:10:16.861] RX[COM9]  fb 00 39 c1 6b 00 00 00 00 00 00 0a
[00:10:16.862] PACKET[COM9] ground_station_status: rssi=-5, uptime=3785067, reserved=[0, 0, 0, 0, 0, 0]
[00:10:16.862] RX[COM9]  f0
[00:10:16.864] RX[COM9]  fb 00 39 c5 53 00 00 00 00 00 00 0a
[00:10:16.864] PACKET[COM9] ground_station_status: rssi=-5, uptime=3786067, reserved=[0, 0, 0, 0, 0, 0]
[00:10:16.865] RX[COM9]  f0
[00:10:16.865] RX[COM9]  fb 00 39 c9 3b 00 00 00 00 00 00 0a
[00:10:16.866] PACKET[COM9] ground_station_status: rssi=-5, uptime=3787067, reserved=[0, 0, 0, 0, 0, 0]
[00:10:16.866] RX[COM9]  f0
[00:10:16.868] RX[COM9]  fb 00 39 cd 23 00 00 00 00 00 00 0a
[00:10:16.872] PACKET[COM9] ground_station_status: rssi=-5, uptime=3788067, reserved=[0, 0, 0, 0, 0, 0]
[00:10:16.872] RX[COM9]  f0
[00:10:16.873] RX[COM9]  fb 00 39 d1 0b 00 00 00 00 00 00 0a
[00:10:16.880] PACKET[COM9] ground_station_status: rssi=-5, uptime=3789067, reserved=[0, 0, 0, 0, 0, 0]
[00:10:16.884] RX[COM9]  f0
[00:10:16.888] RX[COM9]  fb 00 39 d4 f3 00 00 00 00 00 00 0a
[00:10:16.892] PACKET[COM9] ground_station_status: rssi=-5, uptime=3790067, reserved=[0, 0, 0, 0, 0, 0]
[00:10:17.052] RX[COM9]  f0
[00:10:17.055] RX[COM9]  fb 00 39 d8 db 00 00 00 00 00 00 0a
[00:10:17.059] PACKET[COM9] ground_station_status: rssi=-5, uptime=3791067, reserved=[0, 0, 0, 0, 0, 0]
[00:10:18.048] RX[COM9]  f0
[00:10:18.050] RX[COM9]  fb 00 39 dc c3 00 00 00 00 00 00 0a
[00:10:18.052] PACKET[COM9] ground_station_status: rssi=-5, uptime=3792067, reserved=[0, 0, 0, 0, 0, 0]
[00:10:19.039] RX[COM9]  f0
[00:10:19.040] RX[COM9]  fb 00 39 e0 ab 00 00 00 00 00 00 0a
[00:10:19.041] PACKET[COM9] ground_station_status: rssi=-5, uptime=3793067, reserved=[0, 0, 0, 0, 0, 0]
[00:10:20.033] RX[COM9]  f0
[00:10:20.034] RX[COM9]  fb 00 39 e4 93 00 00 00 00 00 00 0a
[00:10:20.035] PACKET[COM9] ground_station_status: rssi=-5, uptime=3794067, reserved=[0, 0, 0, 0, 0, 0]
[00:10:21.045] RX[COM9]  f0
[00:10:21.046] RX[COM9]  fb 00 39 e8 7b 00 00 00 00 00 00 0a
[00:10:21.047] PACKET[COM9] ground_station_status: rssi=-5, uptime=3795067, reserved=[0, 0, 0, 0, 0, 0]
[00:10:22.049] RX[COM9]  f0
[00:10:22.050] RX[COM9]  fb 00 39 ec 63 00 00 00 00 00 00 0a
[00:10:22.051] PACKET[COM9] ground_station_status: rssi=-5, uptime=3796067, reserved=[0, 0, 0, 0, 0, 0]
[00:10:23.072] RX[COM9]  f0
[00:10:23.073] RX[COM9]  fb 00 39 f0 4b 00 00 00 00 00 00 0a
[00:10:23.073] PACKET[COM9] ground_station_status: rssi=-5, uptime=3797067, reserved=[0, 0, 0, 0, 0, 0]
[00:10:24.028] RX[COM9]  f0
[00:10:24.029] RX[COM9]  fb 00 39 f4 33 00 00 00 00 00 00 0a
[00:10:24.030] PACKET[COM9] ground_station_status: rssi=-5, uptime=3798067, reserved=[0, 0, 0, 0, 0, 0]
[00:10:25.037] RX[COM9]  f0
[00:10:25.039] RX[COM9]  fb 00 39 f8 1b 00 00 00 00 00 00 0a
[00:10:25.040] PACKET[COM9] ground_station_status: rssi=-5, uptime=3799067, reserved=[0, 0, 0, 0, 0, 0]
[00:10:26.045] RX[COM9]  f0
[00:10:26.046] RX[COM9]  fb 00 39 fc 03 00 00 00 00 00 00 0a
[00:10:26.047] PACKET[COM9] ground_station_status: rssi=-5, uptime=3800067, reserved=[0, 0, 0, 0, 0, 0]
[00:10:27.050] RX[COM9]  f0
[00:10:27.051] RX[COM9]  fb 00 39 ff eb 00 00 00 00 00 00 0a
[00:10:27.053] PACKET[COM9] ground_station_status: rssi=-5, uptime=3801067, reserved=[0, 0, 0, 0, 0, 0]
[00:10:28.059] RX[COM9]  f0
[00:10:28.061] RX[COM9]  fb 00 3a 03 d3 00 00 00 00 00 00 0a
[00:10:28.063] PACKET[COM9] ground_station_status: rssi=-5, uptime=3802067, reserved=[0, 0, 0, 0, 0, 0]
