[14:01:21.776] RX[TCP_prs2026hitl_7100]  00 00 00 00 00 00 00 00 00 2b 07 ad 00 00 00 a4 0a
[14:01:21.777] BAD_PACKET[TCP_prs2026hitl_7100] unknown packet ID 0x00; discarded 1 byte(s)
[14:01:21.777] BAD_PACKET[TCP_prs2026hitl_7100] unknown packet ID 0x00; discarded 1 byte(s)
[14:01:21.777] BAD_PACKET[TCP_prs2026hitl_7100] unknown packet ID 0x00; discarded 1 byte(s)
[14:01:21.778] BAD_PACKET[TCP_prs2026hitl_7100] unknown packet ID 0x00; discarded 1 byte(s)
[14:01:21.778] BAD_PACKET[TCP_prs2026hitl_7100] unknown packet ID 0x00; discarded 1 byte(s)
[14:01:21.778] BAD_PACKET[TCP_prs2026hitl_7100] unknown packet ID 0x00; discarded 1 byte(s)
[14:01:21.779] BAD_PACKET[TCP_prs2026hitl_7100] unknown packet ID 0x00; discarded 1 byte(s)
[14:01:21.780] BAD_PACKET[TCP_prs2026hitl_7100] unknown packet ID 0x00; discarded 1 byte(s)
[14:01:21.780] BAD_PACKET[TCP_prs2026hitl_7100] unknown packet ID 0x00; discarded 1 byte(s)
[14:01:21.781] BAD_PACKET[TCP_prs2026hitl_7100] unknown packet ID 0x2b; discarded 1 byte(s)
[14:01:21.782] BAD_PACKET[TCP_prs2026hitl_7100] unknown packet ID 0x07; discarded 1 byte(s)
[14:01:21.783] BAD_PACKET[TCP_prs2026hitl_7100] unknown packet ID 0xad; discarded 1 byte(s)
[14:01:21.784] BAD_PACKET[TCP_prs2026hitl_7100] unknown packet ID 0x00; discarded 1 byte(s)
[14:01:21.786] BAD_PACKET[TCP_prs2026hitl_7100] unknown packet ID 0x00; discarded 1 byte(s)
[14:01:21.790] BAD_PACKET[TCP_prs2026hitl_7100] unknown packet ID 0x00; discarded 1 byte(s)
[14:01:21.792] BAD_PACKET[TCP_prs2026hitl_7100] unknown packet ID 0xa4; discarded 1 byte(s)
[14:01:21.792] BAD_PACKET[TCP_prs2026hitl_7100] unknown packet ID 0x0a; discarded 1 byte(s)
[14:01:21.793] RX[TCP_prs2026hitl_7101]  00 00 2a a1 5a 00 01 9f 00 4c c6 ff c3 f4 ff d7 00 14 00 25 0a 00 00 2a a1 be 00 01 9f 00 4c ae 00 22 0a 00 00 2a a2 22 00 01 9f 00 4c a2 ff c3 e8 ff d6 00 00 24 0a 00 00 2a a2 86 00 01 86 00
[14:01:21.794] BAD_PACKET[TCP_prs2026hitl_7101] unknown packet ID 0x00; discarded 1 byte(s)
[14:01:21.795] BAD_PACKET[TCP_prs2026hitl_7101] unknown packet ID 0x00; discarded 1 byte(s)
[14:01:21.797] BAD_PACKET[TCP_prs2026hitl_7101] unknown packet ID 0x2a; discarded 1 byte(s)
[14:01:21.798] BAD_PACKET[TCP_prs2026hitl_7101] unknown packet ID 0xa1; discarded 1 byte(s)
[14:01:21.799] BAD_PACKET[TCP_prs2026hitl_7101] unknown packet ID 0x5a; discarded 1 byte(s)
[14:01:21.802] BAD_PACKET[TCP_prs2026hitl_7101] unknown packet ID 0x00; discarded 1 byte(s)
[14:01:21.803] BAD_PACKET[TCP_prs2026hitl_7101] bad EOF for 0x01: expected 0x0a, got 0x4c; resync=discard 1 byte
[14:01:21.804] BAD_PACKET[TCP_prs2026hitl_7101] unknown packet ID 0x00; discarded 1 byte(s)
[14:01:21.807] BAD_PACKET[TCP_prs2026hitl_7101] unknown packet ID 0x22; discarded 1 byte(s)
[14:01:21.808] BAD_PACKET[TCP_prs2026hitl_7101] unknown packet ID 0x0a; discarded 1 byte(s)
[14:01:21.810] BAD_PACKET[TCP_prs2026hitl_7101] unknown packet ID 0x00; discarded 1 byte(s)
[14:01:21.812] BAD_PACKET[TCP_prs2026hitl_7101] unknown packet ID 0x00; discarded 1 byte(s)
[14:01:21.813] BAD_PACKET[TCP_prs2026hitl_7101] unknown packet ID 0x2a; discarded 1 byte(s)
[14:01:21.815] BAD_PACKET[TCP_prs2026hitl_7101] unknown packet ID 0xa2; discarded 1 byte(s)
[14:01:21.818] BAD_PACKET[TCP_prs2026hitl_7101] unknown packet ID 0x22; discarded 1 byte(s)
[14:01:21.821] BAD_PACKET[TCP_prs2026hitl_7101] unknown packet ID 0x00; discarded 1 byte(s)
[14:01:21.924] RX[TCP_prs2026hitl_7100]  5e 43 5e 40 5e 43 5e 43 5e 40 5e 40 5e 40 5e 40 5e 40 5e 40 5e 40
[14:01:21.926] BAD_PACKET[TCP_prs2026hitl_7100] unknown packet ID 0x5e; discarded 1 byte(s)
[14:01:21.927] BAD_PACKET[TCP_prs2026hitl_7100] unknown packet ID 0x43; discarded 1 byte(s)
[14:01:21.928] BAD_PACKET[TCP_prs2026hitl_7100] unknown packet ID 0x5e; discarded 1 byte(s)
[14:01:21.929] BAD_PACKET[TCP_prs2026hitl_7100] unknown packet ID 0x40; discarded 1 byte(s)
[14:01:21.930] BAD_PACKET[TCP_prs2026hitl_7100] unknown packet ID 0x5e; discarded 1 byte(s)
[14:01:21.930] BAD_PACKET[TCP_prs2026hitl_7100] unknown packet ID 0x43; discarded 1 byte(s)
[14:01:21.931] BAD_PACKET[TCP_prs2026hitl_7100] unknown packet ID 0x5e; discarded 1 byte(s)
[14:01:21.932] BAD_PACKET[TCP_prs2026hitl_7100] unknown packet ID 0x43; discarded 1 byte(s)
[14:01:21.933] BAD_PACKET[TCP_prs2026hitl_7100] unknown packet ID 0x5e; discarded 1 byte(s)
[14:01:21.935] BAD_PACKET[TCP_prs2026hitl_7100] unknown packet ID 0x40; discarded 1 byte(s)
[14:01:21.936] BAD_PACKET[TCP_prs2026hitl_7100] unknown packet ID 0x5e; discarded 1 byte(s)
[14:01:21.937] BAD_PACKET[TCP_prs2026hitl_7100] unknown packet ID 0x40; discarded 1 byte(s)
[14:01:21.938] BAD_PACKET[TCP_prs2026hitl_7100] unknown packet ID 0x5e; discarded 1 byte(s)
[14:01:21.939] BAD_PACKET[TCP_prs2026hitl_7100] unknown packet ID 0x40; discarded 1 byte(s)
[14:01:21.940] BAD_PACKET[TCP_prs2026hitl_7100] unknown packet ID 0x5e; discarded 1 byte(s)
[14:01:21.940] BAD_PACKET[TCP_prs2026hitl_7100] unknown packet ID 0x40; discarded 1 byte(s)
[14:01:21.941] BAD_PACKET[TCP_prs2026hitl_7100] unknown packet ID 0x5e; discarded 1 byte(s)
[14:01:21.942] BAD_PACKET[TCP_prs2026hitl_7100] unknown packet ID 0x40; discarded 1 byte(s)
[14:01:21.943] BAD_PACKET[TCP_prs2026hitl_7100] unknown packet ID 0x5e; discarded 1 byte(s)
[14:01:21.944] BAD_PACKET[TCP_prs2026hitl_7100] unknown packet ID 0x40; discarded 1 byte(s)
[14:01:21.945] BAD_PACKET[TCP_prs2026hitl_7100] unknown packet ID 0x5e; discarded 1 byte(s)
[14:01:21.946] BAD_PACKET[TCP_prs2026hitl_7100] unknown packet ID 0x40; discarded 1 byte(s)
[14:01:21.948] RX[TCP_prs2026hitl_7101]  4c a2 ff c3 cf ff d6 00 00 25 0a 00 00 2a a2 86 00 00 00 00 00 00 00 00 00 00 00 00 00 00 00 00 00 00 00 00 00 00 00 00 00 00 00 00 00 00 00 00 00 00 00 00 00 00 00 00 00 00 00 00 00 00 00 00 00 00 43 66 ff 87 54 0a ff 7e 00 00 2a a2 86 0a 01 76 00 00 2a a2 ea 00 01 93 00 4c 95 00 22 0a 01 76 00 00 2a a3 4e 00 01 93 00 4c ae ff c3 e8 ff d6 00 00 23 0a 01 76 00 00 2a a3 b2 00 01 93 00 4c ae ff c3 dc ff d6 00 14 00 25 0a 01 7e 00 00 2a a4 00 01 93 00 4c ae ff c3 cf ff d7 00 14 00 25 0a 01 7e 00 00 2a a4 7a 00 01 9f 00 4c a2 00 23 0a 00 24 0a 01 7e 00 00 2a a5 42 00 01 9f 00 4c ae ff c3 f4 ff d6 00 14 00 25 0a 01 76 00 00 2a a5 a6 00 01 9f 00 4c ae ff c3 dc ff d6 00 18 00 22 0a 01 76 00 00 2a a6 0a 00 01 93 00 4c ae ff c3 e8 ff d5 00 00 24 0a 00 24 0a 02 76 00 00 2a a6 6e 00 00 00 00 00 00 00 00 00 00 00 00 00 00 00 00 00 00 00 00 00 00 00 00 00 00 00 00 00 00 00 00 00 00 00 00 00 00 00 00 00 00 00 00 00 00 00 00 00 00 43 66 a8 45 50 0a ff 77 00 00 2a a6 6e 0a 00 00 2a a6 d2 00 01 b7 00 4c ae ff c3 f4 ff d7 00 14 00 26 0a 00 00 2a a7 36 00 01 9f 00 4c ae 00 22 0a 00 25 0a 00 25 0a 01 77 00 00 2a a8 62 00 01 93 00 4c ba ff c3 dc ff d6 00 18 00 22 0a 01 77 00 00 2a a8 c6 00 01 93 00 4c a2 ff c3 dc ff d6 00 00 24 0a 01 77 00 00 2a a9 2a 00 01 9f 00 4c a2 ff c3 e8 ff d6 00 14 00 25 0a 00 00 2a a9 8e 00 01 7a 00 4c a2 ff c3 cf ff d7 00 14 00 26 0a 00 00 2a a9 f2 00 01 9f 00 4c ae 00 22 0a 5e 41 08 20 08 08 20 08 5e 40 5e 40 2a a1 5a 5e 40 21 41 08 08 5e 40 ff d7 5e 40 08 5e 5e 40 5e 5e ff d6 5e 40 08 20 08 08 20 01 7f 00 00 2a aa 56 00 01 9f 00 4c ae ff c3 e8 ff d6 00 15 00 24 0a 02 7f 00 00 2a aa 56 00 00 00 00 00 00 00 00 00 00 00 00 00 00 00 00 00 00 00 00 00 00 00 00 00 00 00 00 00 00 00 00 00 00 00 00 00 00 00 00 00 00 00 00 00 00 00 00 00 00 43 66 ff 87 13 50 0a 08 08 20 ff 7e 00 00 2a aa 56 0a 08 08 01 7e 00 00 2a aa ba 00 01 93 00 4c ae ff c3 e8 ff d6 00 15 00 24 0a ff 01 76 00 00 2a ab 1e 00 01 86 00 4c ae ff c3 e8 ff d6 00 17 00 22 0a 20 f4 08 c3 01 76 00 00 2a ab 82 00 01 93 00 4c a2 ff c3 e8 ff d6 00 16 00 23 0a 22 0d 0a 57 20 28 33 32 32 34 38 31 31 29 20 73 65 72 69 61 6c 5f 63 6f 6d 6d 61 6e 64 3a 20 75 6e 6b 6e 6f 77 6e 20 63 6f 6d 6d 61 6e 64 3a 20 5e 5e d6 20 5e 20 d5 08 20 08 20 ff c3 e8 ff 20 23 40 7e a2 08 20 29 3e 20 08 20 08 08 20 08 20 08 e8 08 5e 57 31 29 20 52 49 4c 5f 43 4f 4d 4d 41 4e 44 3a 20 4e 4e 4f 3a 20 5e 41 56 5e 5e 41 08 20 08 08 20 08 5e 40 5e 40 2a a1 5a 5e 40 21 41 08 08 5e 40 ff d7 5e 40 01 76 00 00 2a ab e6 00 01 86 00 4c ae ff c4 0c ff d7 00 15 00 24 0a 08 01 7e 00 00 2a ac 4a 00 01 9f 00 4c a2 ff c3 e8 ff d7 00 15 00 25 0a 5e 01 7e 00 00 2a ac ae 00 01 86 00 4c ae ff c3 e8 ff d6 00 17 00 22 0a 5e 40 01 7e 00 00 2a ad 12 00 01 9f 00 4c ae ff c3 e8 ff d7 00 15 00 24 0a 5e 5e ff 01 7e 00 00 2a ad 76 00 01 93 00 4c a2 ff c3 e8 ff d7 00 15 00 24 0a d6 5e 40 08 20 08 08 20 08 08 20 08 08 ff 20 f4 08 c3 22 0d 0a 5e 5e 5e 08 5e 01 76 00 00 31 34 8e 00 01 ab 00 4c a2 ff c3 e8 ff d5 00 16 00 23 0a 01 76 00 00 31 34 f2 00 01 93 00 4c ae ff c3 f4 ff d6 00 17 00 22 0a
[14:01:21.964] BAD_PACKET[TCP_prs2026hitl_7101] bad EOF for 0x01: expected 0x0a, got 0xa2; resync=offset 70
[14:01:21.975] PACKET[TCP_prs2026hitl_7101] heartbeat: status=32256, uptime=2794118
[14:01:21.988] BAD_PACKET[TCP_prs2026hitl_7101] bad EOF for 0x01: expected 0x0a, got 0x01; resync=offset 13
[14:01:22.007] PACKET[TCP_prs2026hitl_7101] sensors: status=30208, uptime=2794418, filtered_accel=[0.01612, 0.7852, -0.61584], gyro=[-2.94, 1.4, 2.59]
[14:01:22.021] BAD_PACKET[TCP_prs2026hitl_7101] bad EOF for 0x01: expected 0x0a, got 0x00; resync=offset 16
[14:01:22.029] PACKET[TCP_prs2026hitl_7101] sensors: status=32256, uptime=2794818, filtered_accel=[0.0166, 0.7852, -0.61488], gyro=[-2.94, 1.4, 2.59]
[14:01:22.043] PACKET[TCP_prs2026hitl_7101] sensors: status=30208, uptime=2794918, filtered_accel=[0.0166, 0.7852, -0.61584], gyro=[-2.94, 1.68, 2.38]
[14:01:22.059] PACKET[TCP_prs2026hitl_7101] sensors: status=30208, uptime=2795018, filtered_accel=[0.01612, 0.7852, -0.61536], gyro=[-3.01, 0.0, 645.82], sensor_trailing_u16=36
[14:01:22.072] BAD_PACKET[TCP_prs2026hitl_7101] bad EOF for 0x02: expected 0x0a, got 0xff; resync=offset 48
[14:01:22.084] PACKET[TCP_prs2026hitl_7101] sensors: status=30464, uptime=2795618, filtered_accel=[0.01612, 0.78568, -0.61584], gyro=[-2.94, 1.68, 2.38]
[14:01:22.095] BAD_PACKET[TCP_prs2026hitl_7101] bad EOF for 0x01: expected 0x0a, got 0x00; resync=offset 97
[14:01:22.110] PACKET[TCP_prs2026hitl_7101] sensors: status=32512, uptime=2796118, filtered_accel=[0.0166, 0.7852, -0.61536], gyro=[-2.94, 1.47, 2.52]
[14:01:22.132] PACKET[TCP_prs2026hitl_7101] state: status=32512, uptime=2796118, orientation=[0.0, 0.0, 0.0, 0.0], position=[0.0, 0.0, 0.0], velocity=[0.0, 0.0, 0.0], latitude=0.0, longitude=0.0, gps_altitude=0.0, barometric_altitude=230.998154, witness_battery_voltage=4.944
[14:01:22.139] BAD_PACKET[TCP_prs2026hitl_7101] unknown packet ID 0x08; discarded 3 byte(s)
[14:01:22.143] PACKET[TCP_prs2026hitl_7101] heartbeat: status=32256, uptime=2796118
[14:01:22.146] BAD_PACKET[TCP_prs2026hitl_7101] unknown packet ID 0x08; discarded 2 byte(s)
[14:01:22.149] PACKET[TCP_prs2026hitl_7101] sensors: status=32256, uptime=2796218, filtered_accel=[0.01612, 0.7852, -0.61536], gyro=[-2.94, 1.47, 2.52]
[14:01:22.152] BAD_PACKET[TCP_prs2026hitl_7101] bad EOF for 0xff: expected 0x0a, got 0x1e; resync=offset 20
[14:01:22.155] PACKET[TCP_prs2026hitl_7101] sensors: status=30208, uptime=2796418, filtered_accel=[0.01612, 0.78472, -0.61536], gyro=[-2.94, 1.54, 2.45]
[14:01:22.157] BAD_PACKET[TCP_prs2026hitl_7101] unknown packet ID 0x22; discarded 137 byte(s)
[14:01:22.159] PACKET[TCP_prs2026hitl_7101] sensors: status=30208, uptime=2796518, filtered_accel=[0.0156, 0.7852, -0.61392], gyro=[-2.87, 1.47, 2.52]
[14:01:22.161] BAD_PACKET[TCP_prs2026hitl_7101] unknown packet ID 0x08; discarded 1 byte(s)
[14:01:22.163] PACKET[TCP_prs2026hitl_7101] sensors: status=32256, uptime=2796618, filtered_accel=[0.0166, 0.78472, -0.61536], gyro=[-2.87, 1.47, 2.59]
[14:01:22.166] BAD_PACKET[TCP_prs2026hitl_7101] unknown packet ID 0x5e; discarded 1 byte(s)
[14:01:22.169] PACKET[TCP_prs2026hitl_7101] sensors: status=32256, uptime=2796718, filtered_accel=[0.0156, 0.7852, -0.61536], gyro=[-2.94, 1.61, 2.38]
[14:01:22.171] BAD_PACKET[TCP_prs2026hitl_7101] unknown packet ID 0x5e; discarded 2 byte(s)
[14:01:22.173] PACKET[TCP_prs2026hitl_7101] sensors: status=32256, uptime=2796818, filtered_accel=[0.0166, 0.7852, -0.61536], gyro=[-2.87, 1.47, 2.52]
[14:01:22.175] BAD_PACKET[TCP_prs2026hitl_7101] unknown packet ID 0x5e; discarded 3 byte(s)
[14:01:22.177] PACKET[TCP_prs2026hitl_7101] sensors: status=32256, uptime=2796918, filtered_accel=[0.01612, 0.78472, -0.61536], gyro=[-2.87, 1.47, 2.52]
[14:01:22.178] BAD_PACKET[TCP_prs2026hitl_7101] unknown packet ID 0xd6; discarded 13 byte(s)
[14:01:22.181] PACKET[TCP_prs2026hitl_7101] heartbeat: status=8436, uptime=147005965
[14:01:22.182] BAD_PACKET[TCP_prs2026hitl_7101] unknown packet ID 0x5e; discarded 5 byte(s)
[14:01:22.186] PACKET[TCP_prs2026hitl_7101] sensors: status=30208, uptime=3224718, filtered_accel=[0.01708, 0.78472, -0.61536], gyro=[-3.01, 1.54, 2.45]
[14:01:22.188] PACKET[TCP_prs2026hitl_7101] sensors: status=30208, uptime=3224818, filtered_accel=[0.01612, 0.7852, -0.61488], gyro=[-2.94, 1.61, 2.38]
[14:01:22.189] RX[TCP_prs2026hitl_7101]  01 76 00 00 31 35 56 00 01 93 00 4c ae ff c3 dc ff d7 00 15 00 24 0a
[14:01:22.192] PACKET[TCP_prs2026hitl_7101] sensors: status=30208, uptime=3224918, filtered_accel=[0.01612, 0.7852, -0.61584], gyro=[-2.87, 1.47, 2.52]
[14:01:22.193] RX[TCP_prs2026hitl_7100]  03 00 00 00 00 00 00 00 00 00 31 35 b5 00 00 00 13 94 0a
[14:01:22.195] PACKET[TCP_prs2026hitl_7100] camera: fc_status=0, fc_uptime=0, status=0, uptime=3225013, current_sense=[0.0, 0.0, 0.0], iris_battery_voltage=5.012
[14:01:22.195] RX[TCP_prs2026hitl_7101]  01 7e 00 00 31 35 ba 00 01 c3 00 4c c6 ff c4 19 ff d6 00 15 00 24 0a
[14:01:22.197] PACKET[TCP_prs2026hitl_7101] sensors: status=32256, uptime=3225018, filtered_accel=[0.01804, 0.78616, -0.6134], gyro=[-2.94, 1.47, 2.52]
[14:01:22.199] RX[TCP_prs2026hitl_7101]  01 7e 00 00 31 36 1e 00 01 7a 00 4c ae ff c3 e8 ff d5 00 18 00 22 0a 02 7e 00 00 31 36 1e 00 00 00 00 00 00 00 00 00 00 00 00 00 00 00 00 00 00 00 00 00 00 00 00 00 00 00 00 00 00 00 00 00 00
[14:01:22.201] PACKET[TCP_prs2026hitl_7101] sensors: status=32256, uptime=3225118, filtered_accel=[0.01512, 0.7852, -0.61536], gyro=[-3.01, 1.68, 2.38]
[14:01:22.279] RX[TCP_prs2026hitl_7101]  00 00 00 00 00 00 00 00 00 00 00 00 00 00 00 00 43 69 35 b1 13 54 0a ff 7f 00 00 31 36 1e 0a
[14:01:22.285] PACKET[TCP_prs2026hitl_7101] state: status=32256, uptime=3225118, orientation=[0.0, 0.0, 0.0, 0.0], position=[0.0, 0.0, 0.0], velocity=[0.0, 0.0, 0.0], latitude=0.0, longitude=0.0, gps_altitude=0.0, barometric_altitude=233.209732, witness_battery_voltage=4.948
[14:01:22.289] PACKET[TCP_prs2026hitl_7101] heartbeat: status=32512, uptime=3225118
[14:01:22.345] RX[TCP_prs2026hitl_7101]  01 7f 00 00 31 36 82 00 01 93 00 4c a2 ff c3 e8 ff d6 00 15 00 24 0a
[14:01:22.348] PACKET[TCP_prs2026hitl_7101] sensors: status=32512, uptime=3225218, filtered_accel=[0.01612, 0.78472, -0.61536], gyro=[-2.94, 1.47, 2.52]
[14:01:22.400] RX[TCP_prs2026hitl_7101]  01 7f 00 00 31 36 e6 00 01 9f 00 4c a2 ff c3 f4 ff d6 00 15 00 24 0a
[14:01:22.404] PACKET[TCP_prs2026hitl_7101] sensors: status=32512, uptime=3225318, filtered_accel=[0.0166, 0.78472, -0.61488], gyro=[-2.94, 1.47, 2.52]
[14:01:22.556] RX[TCP_prs2026hitl_7101]  01 77 00 00 31 37 4a 00 01 93 00 4c a2 ff c3 f4 ff d6 00 15 00 24 0a
[14:01:22.559] PACKET[TCP_prs2026hitl_7101] sensors: status=30464, uptime=3225418, filtered_accel=[0.01612, 0.78472, -0.61488], gyro=[-2.94, 1.47, 2.52]
[14:01:22.610] RX[TCP_prs2026hitl_7101]  01 77 00 00 31 37 ae 00 01 86 00 4c ae ff c3 f4 ff d6 00 17 00 23 0a
[14:01:22.613] PACKET[TCP_prs2026hitl_7101] sensors: status=30464, uptime=3225518, filtered_accel=[0.0156, 0.7852, -0.61488], gyro=[-2.94, 1.61, 2.45]
[14:01:22.726] RX[TCP_prs2026hitl_7101]  01 77 00 00 31 38 12 00 01 93 00 4c a2 ff c3 f4 ff d6 00 15 00 25 0a
[14:01:22.729] PACKET[TCP_prs2026hitl_7101] sensors: status=30464, uptime=3225618, filtered_accel=[0.01612, 0.78472, -0.61488], gyro=[-2.94, 1.47, 2.59]
[14:01:22.846] RX[TCP_prs2026hitl_7101]  01 7f 00 00 31 38 76 00 01 93 00 4c ae ff c3 e8 ff d7 00 16 00 25 0a
[14:01:22.852] PACKET[TCP_prs2026hitl_7101] sensors: status=32512, uptime=3225718, filtered_accel=[0.01612, 0.7852, -0.61536], gyro=[-2.87, 1.54, 2.59]
[14:01:22.907] RX[TCP_prs2026hitl_7101]  01 7f 00 00 31 38 da 00 01 86 00 4c ba ff c3 f4 ff d6 00 17 00 22 0a
[14:01:22.913] PACKET[TCP_prs2026hitl_7101] sensors: status=32512, uptime=3225818, filtered_accel=[0.0156, 0.78568, -0.61488], gyro=[-2.94, 1.61, 2.38]
[14:01:23.014] RX[TCP_prs2026hitl_7101]  01 7f 00 00 31 39 3e 00 01 93 00 4c ae ff c3 f4 ff d7 00 16 00 23 0a
[14:01:23.015] PACKET[TCP_prs2026hitl_7101] sensors: status=32512, uptime=3225918, filtered_accel=[0.01612, 0.7852, -0.61488], gyro=[-2.87, 1.54, 2.45]
[14:01:23.117] RX[TCP_prs2026hitl_7101]  01 7f 00 00 31 39 a2 00 01 9f 00 4c ae ff c4 00 ff d7 00 15 00 24 0a
[14:01:23.118] PACKET[TCP_prs2026hitl_7101] sensors: status=32512, uptime=3226018, filtered_accel=[0.0166, 0.7852, -0.6144], gyro=[-2.87, 1.47, 2.52]
[14:01:23.118] RX[TCP_prs2026hitl_7100]  03 00 00 00 00 00 00 00 00 00 31 39 9d 00 00 00 13 98 0a
[14:01:23.119] PACKET[TCP_prs2026hitl_7100] camera: fc_status=0, fc_uptime=0, status=0, uptime=3226013, current_sense=[0.0, 0.0, 0.0], iris_battery_voltage=5.016
[14:01:23.220] RX[TCP_prs2026hitl_7101]  01 77 00 00 31 3a 06 00 01 86 00 4c ae ff c3 dc ff d6 00 16 00 24 0a 02 77 00 00 31 3a 06 00 00 00 00 00 00 00 00 00 00 00 00 00 00 00 00 00 00 00 00 00 00 00 00 00 00 00 00 00 00 00 00 00 00
[14:01:23.221] PACKET[TCP_prs2026hitl_7101] sensors: status=30464, uptime=3226118, filtered_accel=[0.0156, 0.7852, -0.61584], gyro=[-2.94, 1.54, 2.52]
[14:01:23.272] RX[TCP_prs2026hitl_7101]  00 00 00 00 00 00 00 00 00 00 00 00 00 00 00 00 43 69 61 a9 13 50 0a ff 76 00 00 31 3a 06 0a
[14:01:23.275] PACKET[TCP_prs2026hitl_7101] state: status=30464, uptime=3226118, orientation=[0.0, 0.0, 0.0, 0.0], position=[0.0, 0.0, 0.0], velocity=[0.0, 0.0, 0.0], latitude=0.0, longitude=0.0, gps_altitude=0.0, barometric_altitude=233.381485, witness_battery_voltage=4.944
[14:01:23.276] PACKET[TCP_prs2026hitl_7101] heartbeat: status=30208, uptime=3226118
[14:01:23.327] RX[TCP_prs2026hitl_7101]  01 76 00 00 31 3a 6a 00 01 86 00 4c ba ff c4 00 ff d5 00 17 00 23 0a
[14:01:23.329] PACKET[TCP_prs2026hitl_7101] sensors: status=30208, uptime=3226218, filtered_accel=[0.0156, 0.78568, -0.6144], gyro=[-3.01, 1.61, 2.45]
[14:01:23.431] RX[TCP_prs2026hitl_7101]  01 76 00 00 31 3a ce 00 01 9f 00 4c ae ff c4 00 ff d7 00 14 00 25 0a
[14:01:23.433] PACKET[TCP_prs2026hitl_7101] sensors: status=30208, uptime=3226318, filtered_accel=[0.0166, 0.7852, -0.6144], gyro=[-2.87, 1.4, 2.59]
[14:01:23.535] RX[TCP_prs2026hitl_7101]  01 7e 00 00 31 3b 32 00 01 9f 00 4c ae ff c3 e8 ff d7 00 15 00 25 0a
[14:01:23.537] PACKET[TCP_prs2026hitl_7101] sensors: status=32256, uptime=3226418, filtered_accel=[0.0166, 0.7852, -0.61536], gyro=[-2.87, 1.47, 2.59]
[14:01:23.638] RX[TCP_prs2026hitl_7101]  01 7e 00 00 31 3b 96 00 01 9f 00 4c ba ff c4 00 ff d6 00 17 00 22 0a
[14:01:23.640] PACKET[TCP_prs2026hitl_7101] sensors: status=32256, uptime=3226518, filtered_accel=[0.0166, 0.78568, -0.6144], gyro=[-2.94, 1.61, 2.38]
[14:01:23.741] RX[TCP_prs2026hitl_7101]  01 7e 00 00 31 3b fa 00 01 93 00 4c ae ff c3 dc ff d7 00 15 00 24 0a
[14:01:23.743] PACKET[TCP_prs2026hitl_7101] sensors: status=32256, uptime=3226618, filtered_accel=[0.01612, 0.7852, -0.61584], gyro=[-2.87, 1.47, 2.52]
[14:01:23.845] RX[TCP_prs2026hitl_7101]  01 7e 00 00 31 3c 5e 00 01 93 00 4c a2 ff c3 dc ff d6 00 15 00 25 0a
[14:01:23.847] PACKET[TCP_prs2026hitl_7101] sensors: status=32256, uptime=3226718, filtered_accel=[0.01612, 0.78472, -0.61584], gyro=[-2.94, 1.47, 2.59]
[14:01:23.898] RX[TCP_prs2026hitl_7101]  01 76 00 00 31 3c c2 00 01 93 00 4c a2 ff c3 e8 ff d6 00 16 00 24 0a
[14:01:23.899] PACKET[TCP_prs2026hitl_7101] sensors: status=30208, uptime=3226818, filtered_accel=[0.01612, 0.78472, -0.61536], gyro=[-2.94, 1.54, 2.52]
[14:01:24.050] RX[TCP_prs2026hitl_7101]  01 76 00 00 31 3d 26 00 01 ab 00 4c ba ff c3 f4 ff d7 00 17 00 22 0a
[14:01:24.078] PACKET[TCP_prs2026hitl_7101] sensors: status=30208, uptime=3226918, filtered_accel=[0.01708, 0.78568, -0.61488], gyro=[-2.87, 1.61, 2.38]
[14:01:24.080] RX[TCP_prs2026hitl_7100]  03 00 00 00 00 00 00 00 00 00 31 3d 85 00 00 00 13 94 0a
[14:01:24.083] PACKET[TCP_prs2026hitl_7100] camera: fc_status=0, fc_uptime=0, status=0, uptime=3227013, current_sense=[0.0, 0.0, 0.0], iris_battery_voltage=5.012
[14:01:24.136] RX[TCP_prs2026hitl_7101]  01 76 00 00 31 3d 8a 00 01 9f 00 4c ae ff c3 e8 ff d6 00 15 00 24 0a
[14:01:24.152] PACKET[TCP_prs2026hitl_7101] sensors: status=30208, uptime=3227018, filtered_accel=[0.0166, 0.7852, -0.61536], gyro=[-2.94, 1.47, 2.52]
[14:01:24.211] RX[TCP_prs2026hitl_7101]  01 7e 00 00 31 3d ee 00 01 9f 00 4c ae ff c3 f4 ff d7 00 15 00 24 0a 02 7e 00 00 31 3d ee 00 00 00 00 00 00 00 00 00 00 00 00 00 00 00 00 00 00 00 00 00 00 00 00 00 00 00 00 00 00 00 00 00 00
[14:01:24.237] PACKET[TCP_prs2026hitl_7101] sensors: status=32256, uptime=3227118, filtered_accel=[0.0166, 0.7852, -0.61488], gyro=[-2.87, 1.47, 2.52]
[14:01:24.378] RX[TCP_prs2026hitl_7101]  00 00 00 00 00 00 00 00 00 00 00 00 00 00 00 00 43 69 77 4e 13 50 0a ff 7f 00 00 31 3d ee 0a
[14:01:24.380] PACKET[TCP_prs2026hitl_7101] state: status=32256, uptime=3227118, orientation=[0.0, 0.0, 0.0, 0.0], position=[0.0, 0.0, 0.0], velocity=[0.0, 0.0, 0.0], latitude=0.0, longitude=0.0, gps_altitude=0.0, barometric_altitude=233.466034, witness_battery_voltage=4.944
[14:01:24.384] PACKET[TCP_prs2026hitl_7101] heartbeat: status=32512, uptime=3227118
[14:01:24.386] RX[TCP_prs2026hitl_7101]  01 7f 00 00 31 3e 52 00 01 ab 00 4c ae ff c3 e8 ff d5 00 18 00 21 0a
[14:01:24.388] PACKET[TCP_prs2026hitl_7101] sensors: status=32512, uptime=3227218, filtered_accel=[0.01708, 0.7852, -0.61536], gyro=[-3.01, 1.68, 2.31]
[14:01:24.472] RX[TCP_prs2026hitl_7101]  01 7f 00 00 31 3e b6 00 01 93 00 4c a2 ff c3 e8 ff d7 00 16 00 23 0a
[14:01:24.475] PACKET[TCP_prs2026hitl_7101] sensors: status=32512, uptime=3227318, filtered_accel=[0.01612, 0.78472, -0.61536], gyro=[-2.87, 1.54, 2.45]
[14:01:24.580] RX[TCP_prs2026hitl_7101]  01 7f 00 00 31 3f 1a 00 01 93 00 4c ba ff c3 e8 ff d7 00 15 00 25 0a
[14:01:24.581] PACKET[TCP_prs2026hitl_7101] sensors: status=32512, uptime=3227418, filtered_accel=[0.01612, 0.78568, -0.61536], gyro=[-2.87, 1.47, 2.59]
[14:01:24.632] RX[TCP_prs2026hitl_7101]  01 77 00 00 31 3f 7e 00 01 93 00 4c ae ff c3 f4 ff d6 00 16 00 23 0a
[14:01:24.640] PACKET[TCP_prs2026hitl_7101] sensors: status=30464, uptime=3227518, filtered_accel=[0.01612, 0.7852, -0.61488], gyro=[-2.94, 1.54, 2.45]
[14:01:24.745] RX[TCP_prs2026hitl_7101]  01 77 00 00 31 3f e2 00 01 93 00 4c ba ff c3 e8 ff d6 00 17 00 22 0a
[14:01:24.749] PACKET[TCP_prs2026hitl_7101] sensors: status=30464, uptime=3227618, filtered_accel=[0.01612, 0.78568, -0.61536], gyro=[-2.94, 1.61, 2.38]
[14:01:24.801] RX[TCP_prs2026hitl_7101]  01 77 00 00 31 40 46 00 01 9f 00 4c a2 ff c3 f4 ff d6 00 15 00 24 0a
[14:01:24.805] PACKET[TCP_prs2026hitl_7101] sensors: status=30464, uptime=3227718, filtered_accel=[0.0166, 0.78472, -0.61488], gyro=[-2.94, 1.47, 2.52]
[14:01:24.912] RX[TCP_prs2026hitl_7101]  01 7f 00 00 31 40 aa 00 01 9f 00 4c ae ff c3 dc ff d7 00 15 00 24 0a
[14:01:24.916] PACKET[TCP_prs2026hitl_7101] sensors: status=32512, uptime=3227818, filtered_accel=[0.0166, 0.7852, -0.61584], gyro=[-2.87, 1.47, 2.52]
[14:01:25.031] RX[TCP_prs2026hitl_7101]  01 7f 00 00 31 41 0e 00 01 93 00 4c ae ff c3 e8 ff d6 00 16 00 22 0a
[14:01:25.041] PACKET[TCP_prs2026hitl_7101] sensors: status=32512, uptime=3227918, filtered_accel=[0.01612, 0.7852, -0.61536], gyro=[-2.94, 1.54, 2.38]
[14:01:25.093] RX[TCP_prs2026hitl_7100]  03 00 00 00 00 00 00 00 00 00 31 41 6d 00 00 00 13 94 0a
[14:01:25.099] PACKET[TCP_prs2026hitl_7100] camera: fc_status=0, fc_uptime=0, status=0, uptime=3228013, current_sense=[0.0, 0.0, 0.0], iris_battery_voltage=5.012
[14:01:25.100] RX[TCP_prs2026hitl_7101]  01 7f 00 00 31 41 72 00 01 7a 00 4c ae ff c3 f4 ff d7 00 15 00 24 0a
[14:01:25.105] PACKET[TCP_prs2026hitl_7101] sensors: status=32512, uptime=3228018, filtered_accel=[0.01512, 0.7852, -0.61488], gyro=[-2.87, 1.47, 2.52]
[14:01:25.214] RX[TCP_prs2026hitl_7101]  01 7f 00 00 31 41 d6 00 01 93 00 4c ba ff c3 dc ff d6 00 15 00 25 0a 02 7f 00 00 31 41 d6 00 00 00 00 00 00 00 00 00 00 00 00 00 00 00 00 00 00 00 00 00 00 00 00 00 00 00 00 00 00 00 00 00 00
[14:01:25.220] PACKET[TCP_prs2026hitl_7101] sensors: status=32512, uptime=3228118, filtered_accel=[0.01612, 0.78568, -0.61584], gyro=[-2.94, 1.47, 2.59]
[14:01:25.279] RX[TCP_prs2026hitl_7101]  00 00 00 00 00 00 00 00 00 00 00 00 00 00 00 00 43 69 0a 67 13 48 0a ff 7e 00 00 31 41 d6 0a
[14:01:25.284] PACKET[TCP_prs2026hitl_7101] state: status=32512, uptime=3228118, orientation=[0.0, 0.0, 0.0, 0.0], position=[0.0, 0.0, 0.0], velocity=[0.0, 0.0, 0.0], latitude=0.0, longitude=0.0, gps_altitude=0.0, barometric_altitude=233.040634, witness_battery_voltage=4.936
[14:01:25.293] PACKET[TCP_prs2026hitl_7101] heartbeat: status=32256, uptime=3228118
[14:01:25.348] RX[TCP_prs2026hitl_7101]  01 76 00 00 31 42 3a 00 01 9f 00 4c ba ff c4 00 ff d6 00 16 00 23 0a
[14:01:25.355] PACKET[TCP_prs2026hitl_7101] sensors: status=30208, uptime=3228218, filtered_accel=[0.0166, 0.78568, -0.6144], gyro=[-2.94, 1.54, 2.45]
[14:01:25.422] RX[TCP_prs2026hitl_7101]  01 76 00 00 31 42 9e 00 01 93 00 4c 95 ff c3 e8 ff d5 00 16 00 23 0a
[14:01:25.435] PACKET[TCP_prs2026hitl_7101] sensors: status=30208, uptime=3228318, filtered_accel=[0.01612, 0.7842, -0.61536], gyro=[-3.01, 1.54, 2.45]
[14:01:25.601] RX[TCP_prs2026hitl_7101]  01 76 00 00 31 43 02 00 01 93 00 4c ae ff c3 e8 ff d7 00 15 00 24 0a
[14:01:25.636] PACKET[TCP_prs2026hitl_7101] sensors: status=30208, uptime=3228418, filtered_accel=[0.01612, 0.7852, -0.61536], gyro=[-2.87, 1.47, 2.52]
[14:01:25.651] RX[TCP_prs2026hitl_7101]  01 7e 00 00 31 43 66 00 01 93 00 4c ae ff c3 f4 ff d7 00 14 00 25 0a
[14:01:25.666] PACKET[TCP_prs2026hitl_7101] sensors: status=32256, uptime=3228518, filtered_accel=[0.01612, 0.7852, -0.61488], gyro=[-2.87, 1.4, 2.59]
[14:01:25.730] RX[TCP_prs2026hitl_7101]  01 7e 00 00 31 43 ca 00 01 93 00 4c ae ff c4 00 ff d5 00 17 00 21 0a
[14:01:25.735] PACKET[TCP_prs2026hitl_7101] sensors: status=32256, uptime=3228618, filtered_accel=[0.01612, 0.7852, -0.6144], gyro=[-3.01, 1.61, 2.31]
[14:01:25.839] RX[TCP_prs2026hitl_7101]  01 7e 00 00 31 44 2e 00 01 9f 00 4c ae ff c3 f4 ff d6 00 15 00 24 0a
[14:01:25.852] PACKET[TCP_prs2026hitl_7101] sensors: status=32256, uptime=3228718, filtered_accel=[0.0166, 0.7852, -0.61488], gyro=[-2.94, 1.47, 2.52]
[14:01:26.009] RX[TCP_prs2026hitl_7101]  01 7e 00 00 31 44 92 00 01 93 00 4c ba ff c3 e8 ff d6 00 14 00 25 0a
[14:01:26.013] PACKET[TCP_prs2026hitl_7101] sensors: status=32256, uptime=3228818, filtered_accel=[0.01612, 0.78568, -0.61536], gyro=[-2.94, 1.4, 2.59]
[14:01:26.074] RX[TCP_prs2026hitl_7101]  01 76 00 00 31 44 f6 00 01 93 00 4c a2 ff c3 e8 ff d6 00 16 00 24 0a
[14:01:26.079] PACKET[TCP_prs2026hitl_7101] sensors: status=30208, uptime=3228918, filtered_accel=[0.01612, 0.78472, -0.61536], gyro=[-2.94, 1.54, 2.52]
[14:01:26.080] RX[TCP_prs2026hitl_7100]  03 00 00 00 00 00 00 00 00 00 31 45 55 00 00 00 13 94 0a
[14:01:26.085] PACKET[TCP_prs2026hitl_7100] camera: fc_status=0, fc_uptime=0, status=0, uptime=3229013, current_sense=[0.0, 0.0, 0.0], iris_battery_voltage=5.012
[14:01:26.137] RX[TCP_prs2026hitl_7101]  01 76 00 00 31 45 5a 00 01 93 00 4c a2 ff c3 dc ff d6 00 17 00 23 0a
[14:01:26.143] PACKET[TCP_prs2026hitl_7101] sensors: status=30208, uptime=3229018, filtered_accel=[0.01612, 0.78472, -0.61584], gyro=[-2.94, 1.61, 2.45]
[14:01:26.195] RX[TCP_prs2026hitl_7101]  01 76 00 00 31 45 be 00 01 ab 00 4c ae ff c4 00 ff d7 00 15 00 24 0a 02 76 00 00 31 45 be 00 00 00 00 00 00 00 00 00 00 00 00 00 00 00 00 00 00 00 00 00 00 00 00 00 00 00 00 00 00 00 00 00 00
[14:01:26.203] PACKET[TCP_prs2026hitl_7101] sensors: status=30208, uptime=3229118, filtered_accel=[0.01708, 0.7852, -0.6144], gyro=[-2.87, 1.47, 2.52]
[14:01:26.275] RX[TCP_prs2026hitl_7101]  00 00 00 00 00 00 00 00 00 00 00 00 00 00 00 00 43 69 20 0c 13 50 0a ff 77 00 00 31 45 be 0a
[14:01:26.294] PACKET[TCP_prs2026hitl_7101] state: status=30208, uptime=3229118, orientation=[0.0, 0.0, 0.0, 0.0], position=[0.0, 0.0, 0.0], velocity=[0.0, 0.0, 0.0], latitude=0.0, longitude=0.0, gps_altitude=0.0, barometric_altitude=233.125183, witness_battery_voltage=4.944
[14:01:26.301] PACKET[TCP_prs2026hitl_7101] heartbeat: status=30464, uptime=3229118
[14:01:26.303] RX[TCP_prs2026hitl_7101]  01 7f 00 00 31 46 22 00 01 86 00 4c ba ff c3 dc ff d7 00 15 00 25 0a
[14:01:26.309] PACKET[TCP_prs2026hitl_7101] sensors: status=32512, uptime=3229218, filtered_accel=[0.0156, 0.78568, -0.61584], gyro=[-2.87, 1.47, 2.59]
[14:01:26.412] RX[TCP_prs2026hitl_7101]  01 7f 00 00 31 46 86 00 01 93 00 4c ba ff c3 f4 ff d5 00 18 00 21 0a
[14:01:26.422] PACKET[TCP_prs2026hitl_7101] sensors: status=32512, uptime=3229318, filtered_accel=[0.01612, 0.78568, -0.61488], gyro=[-3.01, 1.68, 2.31]
[14:01:26.641] RX[TCP_prs2026hitl_7101]  01 7f 00 00 31 46 ea 00 01 9f 00 4c ae ff c3 e8 ff d7 00 15 00 24 0a
[14:01:26.662] PACKET[TCP_prs2026hitl_7101] sensors: status=32512, uptime=3229418, filtered_accel=[0.0166, 0.7852, -0.61536], gyro=[-2.87, 1.47, 2.52]
[14:01:26.722] RX[TCP_prs2026hitl_7101]  01 7f 00 00 31 47 4e 00 01 93 00 4c a2 ff c3 e8 ff d7 00 15 00 24 0a
[14:01:26.748] PACKET[TCP_prs2026hitl_7101] sensors: status=32512, uptime=3229518, filtered_accel=[0.01612, 0.78472, -0.61536], gyro=[-2.87, 1.47, 2.52]
[14:01:26.749] RX[TCP_prs2026hitl_7101]  01 77 00 00 31 47 b2 00 01 93 00 4c a2 ff c3 e8 ff d6 00 15 00 23 0a
[14:01:26.760] PACKET[TCP_prs2026hitl_7101] sensors: status=30464, uptime=3229618, filtered_accel=[0.01612, 0.78472, -0.61536], gyro=[-2.94, 1.47, 2.45]
[14:01:26.822] RX[TCP_prs2026hitl_7101]  01 77 00 00 31 48 16 00 01 9f 00 4c ae ff c4 00 ff d7 00 17 00 22 0a
[14:01:26.833] PACKET[TCP_prs2026hitl_7101] sensors: status=30464, uptime=3229718, filtered_accel=[0.0166, 0.7852, -0.6144], gyro=[-2.87, 1.61, 2.38]
[14:01:26.903] RX[TCP_prs2026hitl_7101]  01 77 00 00 31 48 7a 00 01 ab 00 4c ae ff c3 f4 ff d6 00 15 00 24 0a
[14:01:26.905] PACKET[TCP_prs2026hitl_7101] sensors: status=30464, uptime=3229818, filtered_accel=[0.01708, 0.7852, -0.61488], gyro=[-2.94, 1.47, 2.52]
[14:01:27.017] RX[TCP_prs2026hitl_7101]  01 7f 00 00 31 48 de 00 01 ab 00 4c ba ff c3 f4 ff d7 00 14 00 24 0a
[14:01:27.020] PACKET[TCP_prs2026hitl_7101] sensors: status=32512, uptime=3229918, filtered_accel=[0.01708, 0.78568, -0.61488], gyro=[-2.87, 1.4, 2.52]
[14:01:27.072] RX[TCP_prs2026hitl_7100]  03 00 00 00 00 00 00 00 00 00 31 49 3d 00 00 00 13 94 0a
[14:01:27.076] PACKET[TCP_prs2026hitl_7100] camera: fc_status=0, fc_uptime=0, status=0, uptime=3230013, current_sense=[0.0, 0.0, 0.0], iris_battery_voltage=5.012
[14:01:27.128] RX[TCP_prs2026hitl_7101]  01 7f 00 00 31 49 42 00 01 93 00 4c ae ff c3 dc ff d6 00 17 00 22 0a
[14:01:27.132] PACKET[TCP_prs2026hitl_7101] sensors: status=32512, uptime=3230018, filtered_accel=[0.01612, 0.7852, -0.61584], gyro=[-2.94, 1.61, 2.38]
[14:01:27.235] RX[TCP_prs2026hitl_7101]  01 7f 00 00 31 49 a6 00 01 93 00 4c ae ff c3 dc ff d6 00 15 00 24 0a 02 7f 00 00 31 49 a6 00 00 00 00 00 00 00 00 00 00 00 00 00 00 00 00 00 00 00 00 00 00 00 00 00 00 00 00 00 00 00 00 00 00
[14:01:27.243] PACKET[TCP_prs2026hitl_7101] sensors: status=32512, uptime=3230118, filtered_accel=[0.01612, 0.7852, -0.61584], gyro=[-2.94, 1.47, 2.52]
[14:01:27.244] RX[TCP_prs2026hitl_7101]  00 00 00 00 00 00 00 00 00 00 00 00 00 00 00 00 43 69 35 b1 13 5c 0a ff 7e 00 00 31 49 a6 0a
[14:01:27.246] PACKET[TCP_prs2026hitl_7101] state: status=32512, uptime=3230118, orientation=[0.0, 0.0, 0.0, 0.0], position=[0.0, 0.0, 0.0], velocity=[0.0, 0.0, 0.0], latitude=0.0, longitude=0.0, gps_altitude=0.0, barometric_altitude=233.209732, witness_battery_voltage=4.956
[14:01:27.248] PACKET[TCP_prs2026hitl_7101] heartbeat: status=32256, uptime=3230118
[14:01:27.299] RX[TCP_prs2026hitl_7101]  01 7e 00 00 31 4a 0a 00 01 93 00 4c ae ff c3 e8 ff d6 00 15 00 24 0a
[14:01:27.301] PACKET[TCP_prs2026hitl_7101] sensors: status=32256, uptime=3230218, filtered_accel=[0.01612, 0.7852, -0.61536], gyro=[-2.94, 1.47, 2.52]
[14:01:27.405] RX[TCP_prs2026hitl_7101]  01 76 00 00 31 4a 6e 00 01 9f 00 4c ba ff c3 f4 ff d6 00 16 00 23 0a
[14:01:27.411] PACKET[TCP_prs2026hitl_7101] sensors: status=30208, uptime=3230318, filtered_accel=[0.0166, 0.78568, -0.61488], gyro=[-2.94, 1.54, 2.45]
[14:01:27.664] RX[TCP_prs2026hitl_7101]  01 76 00 00 31 4a d2 00 01 9f 00 4c ba ff c4 00 ff d7 00 16 00 23 0a
[14:01:27.666] PACKET[TCP_prs2026hitl_7101] sensors: status=30208, uptime=3230418, filtered_accel=[0.0166, 0.78568, -0.6144], gyro=[-2.87, 1.54, 2.45]
[14:01:27.719] RX[TCP_prs2026hitl_7101]  01 76 00 00 31 4b 36 00 01 9f 00 4c ba ff c4 00 ff d6 00 15 00 25 0a
[14:01:27.723] PACKET[TCP_prs2026hitl_7101] sensors: status=30208, uptime=3230518, filtered_accel=[0.0166, 0.78568, -0.6144], gyro=[-2.94, 1.47, 2.59]
[14:01:27.724] RX[TCP_prs2026hitl_7101]  01 7e 00 00 31 4b 9a 00 01 93 00 4c ba ff c4 00 ff d7 00 15 00 25 0a
[14:01:27.729] PACKET[TCP_prs2026hitl_7101] sensors: status=32256, uptime=3230618, filtered_accel=[0.01612, 0.78568, -0.6144], gyro=[-2.87, 1.47, 2.59]
[14:01:27.830] RX[TCP_prs2026hitl_7101]  01 7e 00 00 31 4b fe 00 01 93 00 4c ae ff c4 00 ff d6 00 16 00 22 0a
[14:01:27.836] PACKET[TCP_prs2026hitl_7101] sensors: status=32256, uptime=3230718, filtered_accel=[0.01612, 0.7852, -0.6144], gyro=[-2.94, 1.54, 2.38]
[14:01:27.943] RX[TCP_prs2026hitl_7101]  01 7e 00 00 31 4c 62 00 01 93 00 4c ba ff c3 e8 ff d6 00 16 00 24 0a
[14:01:27.966] PACKET[TCP_prs2026hitl_7101] sensors: status=32256, uptime=3230818, filtered_accel=[0.01612, 0.78568, -0.61536], gyro=[-2.94, 1.54, 2.52]
[14:01:28.060] RX[TCP_prs2026hitl_7101]  01 7e 00 00 31 4c c6 00 01 93 00 4c c6 ff c3 f4 ff d7 00 15 00 24 0a
[14:01:28.081] PACKET[TCP_prs2026hitl_7101] sensors: status=32256, uptime=3230918, filtered_accel=[0.01612, 0.78616, -0.61488], gyro=[-2.87, 1.47, 2.52]
[14:01:28.084] RX[TCP_prs2026hitl_7100]  03 00 00 00 00 00 00 00 00 00 31 4d 25 00 00 00 13 90 0a
[14:01:28.109] PACKET[TCP_prs2026hitl_7100] camera: fc_status=0, fc_uptime=0, status=0, uptime=3231013, current_sense=[0.0, 0.0, 0.0], iris_battery_voltage=5.008
[14:01:28.112] RX[TCP_prs2026hitl_7101]  01 76 00 00 31 4d 2a 00 01 93 00 4c a2 ff c3 f4 ff d6 00 17 00 23 0a
[14:01:28.116] PACKET[TCP_prs2026hitl_7101] sensors: status=30208, uptime=3231018, filtered_accel=[0.01612, 0.78472, -0.61488], gyro=[-2.94, 1.61, 2.45]
[14:01:28.205] RX[TCP_prs2026hitl_7101]  01 76 00 00 31 4d 8e 00 01 93 00 4c a2 ff c3 e8 ff d6 00 16 00 23 0a 02 76 00 00 31 4d 8e 00 00 00 00 00 00 00 00 00 00 00 00 00 00 00 00 00 00 00 00 00 00 00 00 00 00 00 00 00 00 00 00 00 00
[14:01:28.221] PACKET[TCP_prs2026hitl_7101] sensors: status=30208, uptime=3231118, filtered_accel=[0.01612, 0.78472, -0.61536], gyro=[-2.94, 1.54, 2.45]
[14:01:28.272] RX[TCP_prs2026hitl_7101]  00 00 00 00 00 00 00 00 00 00 00 00 00 00 00 00 43 69 61 a9 13 64 0a ff 77 00 00 31 4d 8e 0a
[14:01:28.275] PACKET[TCP_prs2026hitl_7101] state: status=30208, uptime=3231118, orientation=[0.0, 0.0, 0.0, 0.0], position=[0.0, 0.0, 0.0], velocity=[0.0, 0.0, 0.0], latitude=0.0, longitude=0.0, gps_altitude=0.0, barometric_altitude=233.381485, witness_battery_voltage=4.964
[14:01:28.278] PACKET[TCP_prs2026hitl_7101] heartbeat: status=30464, uptime=3231118
[14:01:28.335] RX[TCP_prs2026hitl_7101]  01 77 00 00 31 4d f2 00 01 93 00 4c ae ff c3 f4 ff d7 00 15 00 24 0a
[14:01:28.340] PACKET[TCP_prs2026hitl_7101] sensors: status=30464, uptime=3231218, filtered_accel=[0.01612, 0.7852, -0.61488], gyro=[-2.87, 1.47, 2.52]
[14:01:28.441] RX[TCP_prs2026hitl_7101]  01 7f 00 00 31 4e 56 00 01 93 00 4c ae ff c4 00 ff d7 00 15 00 24 0a
[14:01:28.447] PACKET[TCP_prs2026hitl_7101] sensors: status=32512, uptime=3231318, filtered_accel=[0.01612, 0.7852, -0.6144], gyro=[-2.87, 1.47, 2.52]
[14:01:28.502] RX[TCP_prs2026hitl_7101]  01 7f 00 00 31 4e ba 00 01 93 00 4c ae ff c4 00 ff d5 00 17 00 22 0a
[14:01:28.508] PACKET[TCP_prs2026hitl_7101] sensors: status=32512, uptime=3231418, filtered_accel=[0.01612, 0.7852, -0.6144], gyro=[-3.01, 1.61, 2.38]
[14:01:28.609] RX[TCP_prs2026hitl_7101]  01 7f 00 00 31 4f 1e 00 01 9f 00 4c c6 ff c4 00 ff d6 00 15 00 24 0a
[14:01:28.614] PACKET[TCP_prs2026hitl_7101] sensors: status=32512, uptime=3231518, filtered_accel=[0.0166, 0.78616, -0.6144], gyro=[-2.94, 1.47, 2.52]
[14:01:28.735] RX[TCP_prs2026hitl_7101]  01 7f 00 00 31 4f 82 00 01 86 00 4c ae ff c3 dc ff d7 00 14 00 25 0a
[14:01:28.761] PACKET[TCP_prs2026hitl_7101] sensors: status=32512, uptime=3231618, filtered_accel=[0.0156, 0.7852, -0.61584], gyro=[-2.87, 1.4, 2.59]
[14:01:28.813] RX[TCP_prs2026hitl_7101]  01 77 00 00 31 4f e6 00 01 93 00 4c ae ff c3 e8 ff d5 00 16 00 23 0a
[14:01:28.819] PACKET[TCP_prs2026hitl_7101] sensors: status=30464, uptime=3231718, filtered_accel=[0.01612, 0.7852, -0.61536], gyro=[-3.01, 1.54, 2.45]
[14:01:28.921] RX[TCP_prs2026hitl_7101]  01 77 00 00 31 50 4a 00 01 93 00 4c 95 ff c3 f4 ff d6 00 16 00 23 0a
[14:01:28.927] PACKET[TCP_prs2026hitl_7101] sensors: status=30464, uptime=3231818, filtered_accel=[0.01612, 0.7842, -0.61488], gyro=[-2.94, 1.54, 2.45]
[14:01:29.029] RX[TCP_prs2026hitl_7101]  01 77 00 00 31 50 ae 00 01 93 00 4c ae ff c3 e8 ff d7 00 15 00 25 0a
[14:01:29.033] PACKET[TCP_prs2026hitl_7101] sensors: status=30464, uptime=3231918, filtered_accel=[0.01612, 0.7852, -0.61536], gyro=[-2.87, 1.47, 2.59]
[14:01:29.084] RX[TCP_prs2026hitl_7100]  03 00 00 00 00 00 00 00 00 00 31 51 0d 00 00 00 13 90 0a
[14:01:29.105] PACKET[TCP_prs2026hitl_7100] camera: fc_status=0, fc_uptime=0, status=0, uptime=3232013, current_sense=[0.0, 0.0, 0.0], iris_battery_voltage=5.008
[14:01:29.112] RX[TCP_prs2026hitl_7101]  01 7f 00 00 31 51 12 00 01 93 00 4c ba ff c3 e8 ff d7 00 15 00 24 0a
[14:01:29.153] PACKET[TCP_prs2026hitl_7101] sensors: status=32512, uptime=3232018, filtered_accel=[0.01612, 0.78568, -0.61536], gyro=[-2.87, 1.47, 2.52]
[14:01:29.209] RX[TCP_prs2026hitl_7101]  01 7f 00 00 31 51 76 00 01 9f 00 4c ba ff c3 e8 ff d6 00 17 00 22 0a 02 7f 00 00 31 51 76 00 00 00 00 00 00 00 00 00 00 00 00 00 00 00 00 00 00 00 00 00 00 00 00 00 00 00 00 00 00 00 00 00 00
[14:01:29.226] PACKET[TCP_prs2026hitl_7101] sensors: status=32512, uptime=3232118, filtered_accel=[0.0166, 0.78568, -0.61536], gyro=[-2.94, 1.61, 2.38]
[14:01:29.282] RX[TCP_prs2026hitl_7101]  00 00 00 00 00 00 00 00 00 00 00 00 00 00 00 00 43 69 35 b1 13 5c 0a ff 7e 00 00 31 51 76 0a
[14:01:29.286] PACKET[TCP_prs2026hitl_7101] state: status=32512, uptime=3232118, orientation=[0.0, 0.0, 0.0, 0.0], position=[0.0, 0.0, 0.0], velocity=[0.0, 0.0, 0.0], latitude=0.0, longitude=0.0, gps_altitude=0.0, barometric_altitude=233.209732, witness_battery_voltage=4.956
[14:01:29.290] PACKET[TCP_prs2026hitl_7101] heartbeat: status=32256, uptime=3232118
[14:01:29.392] RX[TCP_prs2026hitl_7101]  01 7e 00 00 31 51 da 00 01 93 00 4c ba ff c3 f4 ff d6 00 16 00 24 0a
[14:01:29.405] PACKET[TCP_prs2026hitl_7101] sensors: status=32256, uptime=3232218, filtered_accel=[0.01612, 0.78568, -0.61488], gyro=[-2.94, 1.54, 2.52]
[14:01:29.458] RX[TCP_prs2026hitl_7101]  01 7e 00 00 31 52 3e 00 01 9f 00 4c ba ff c3 f4 ff d7 00 15 00 24 0a
[14:01:29.462] PACKET[TCP_prs2026hitl_7101] sensors: status=32256, uptime=3232318, filtered_accel=[0.0166, 0.78568, -0.61488], gyro=[-2.87, 1.47, 2.52]
[14:01:29.514] RX[TCP_prs2026hitl_7101]  01 76 00 00 31 52 a2 00 01 93 00 4c ae ff c3 e8 ff d6 00 15 00 23 0a
[14:01:29.524] PACKET[TCP_prs2026hitl_7101] sensors: status=30208, uptime=3232418, filtered_accel=[0.01612, 0.7852, -0.61536], gyro=[-2.94, 1.47, 2.45]
[14:01:29.626] RX[TCP_prs2026hitl_7101]  01 76 00 00 31 53 06 00 01 9f 00 4c ba ff c3 f4 ff d7 00 16 00 22 0a
[14:01:29.632] PACKET[TCP_prs2026hitl_7101] sensors: status=30208, uptime=3232518, filtered_accel=[0.0166, 0.78568, -0.61488], gyro=[-2.87, 1.54, 2.38]
[14:01:29.777] RX[TCP_prs2026hitl_7101]  01 76 00 00 31 53 6a 00 01 ab 00 4c ae ff c3 f4 ff d7 00 15 00 25 0a
[14:01:29.790] PACKET[TCP_prs2026hitl_7101] sensors: status=30208, uptime=3232618, filtered_accel=[0.01708, 0.7852, -0.61488], gyro=[-2.87, 1.47, 2.59]
[14:01:29.792] RX[TCP_prs2026hitl_7101]  01 7e 00 00 31 53 ce 00 01 ab 00 4c ae ff c3 f4 ff d7 00 15 00 25 0a
[14:01:29.802] PACKET[TCP_prs2026hitl_7101] sensors: status=32256, uptime=3232718, filtered_accel=[0.01708, 0.7852, -0.61488], gyro=[-2.87, 1.47, 2.59]
[14:01:29.904] RX[TCP_prs2026hitl_7101]  01 7e 00 00 31 54 32 00 01 7a 00 4c ae ff c3 dc ff d6 00 17 00 22 0a
[14:01:29.913] PACKET[TCP_prs2026hitl_7101] sensors: status=32256, uptime=3232818, filtered_accel=[0.01512, 0.7852, -0.61584], gyro=[-2.94, 1.61, 2.38]
[14:01:30.021] RX[TCP_prs2026hitl_7101]  01 7e 00 00 31 54 96 00 01 86 00 4c 95 ff c3 dc ff d7 00 15 00 24 0a
[14:01:30.025] PACKET[TCP_prs2026hitl_7101] sensors: status=32256, uptime=3232918, filtered_accel=[0.0156, 0.7842, -0.61584], gyro=[-2.87, 1.47, 2.52]
[14:01:30.081] RX[TCP_prs2026hitl_7100]  03 00 00 00 00 00 00 00 00 00 31 54 f5 00 00 00 13 94 0a
[14:01:30.086] PACKET[TCP_prs2026hitl_7100] camera: fc_status=0, fc_uptime=0, status=0, uptime=3233013, current_sense=[0.0, 0.0, 0.0], iris_battery_voltage=5.012
[14:01:30.137] RX[TCP_prs2026hitl_7101]  01 7e 00 00 31 54 fa 00 01 86 00 4c 95 ff c3 e8 ff d7 00 15 00 24 0a
[14:01:30.140] PACKET[TCP_prs2026hitl_7101] sensors: status=32256, uptime=3233018, filtered_accel=[0.0156, 0.7842, -0.61536], gyro=[-2.87, 1.47, 2.52]
[14:01:30.193] RX[TCP_prs2026hitl_7101]  01 76 00 00 31 55 5e 00 01 9f 00 4c ae ff c3 f4 ff d5 00 17 00 22 0a 02 76 00 00 31 55 5e 00 00 00 00 00 00 00 00 00 00 00 00 00 00 00 00 00 00 00 00 00 00 00 00 00 00 00 00 00 00 00 00 00 00
[14:01:30.202] PACKET[TCP_prs2026hitl_7101] sensors: status=30208, uptime=3233118, filtered_accel=[0.0166, 0.7852, -0.61488], gyro=[-3.01, 1.61, 2.38]
[14:01:30.252] RX[TCP_prs2026hitl_7101]  00 00 00 00 00 00 00 00 00 00 00 00 00 00 00 00 43 69 4c 04 13 5c 0a ff 77 00 00 31 55 5e 0a
[14:01:30.265] PACKET[TCP_prs2026hitl_7101] state: status=30208, uptime=3233118, orientation=[0.0, 0.0, 0.0, 0.0], position=[0.0, 0.0, 0.0], velocity=[0.0, 0.0, 0.0], latitude=0.0, longitude=0.0, gps_altitude=0.0, barometric_altitude=233.296936, witness_battery_voltage=4.956
[14:01:30.270] PACKET[TCP_prs2026hitl_7101] heartbeat: status=30464, uptime=3233118
[14:01:30.321] RX[TCP_prs2026hitl_7101]  01 77 00 00 31 55 c2 00 01 ab 00 4c ae ff c4 00 ff d6 00 16 00 23 0a
[14:01:30.326] PACKET[TCP_prs2026hitl_7101] sensors: status=30464, uptime=3233218, filtered_accel=[0.01708, 0.7852, -0.6144], gyro=[-2.94, 1.54, 2.45]
[14:01:30.427] RX[TCP_prs2026hitl_7101]  01 77 00 00 31 56 26 00 01 93 00 4c ae ff c3 f4 ff d6 00 15 00 25 0a
[14:01:30.432] PACKET[TCP_prs2026hitl_7101] sensors: status=30464, uptime=3233318, filtered_accel=[0.01612, 0.7852, -0.61488], gyro=[-2.94, 1.47, 2.59]
[14:01:30.541] RX[TCP_prs2026hitl_7101]  01 7f 00 00 31 56 8a 00 01 93 00 4c ae ff c3 f4 ff d6 00 15 00 25 0a
[14:01:30.554] PACKET[TCP_prs2026hitl_7101] sensors: status=32512, uptime=3233418, filtered_accel=[0.01612, 0.7852, -0.61488], gyro=[-2.94, 1.47, 2.59]
[14:01:30.607] RX[TCP_prs2026hitl_7101]  01 7f 00 00 31 56 ee 00 01 86 00 4c a2 ff c3 dc ff d6 00 18 00 22 0a
[14:01:30.611] PACKET[TCP_prs2026hitl_7101] sensors: status=32512, uptime=3233518, filtered_accel=[0.0156, 0.78472, -0.61584], gyro=[-2.94, 1.68, 2.38]
[14:01:30.763] RX[TCP_prs2026hitl_7101]  01 7f 00 00 31 57 52 00 01 9f 00 4c ae ff c3 f4 ff d7 00 15 00 24 0a
[14:01:30.767] PACKET[TCP_prs2026hitl_7101] sensors: status=32512, uptime=3233618, filtered_accel=[0.0166, 0.7852, -0.61488], gyro=[-2.87, 1.47, 2.52]
[14:01:30.817] RX[TCP_prs2026hitl_7101]  01 7f 00 00 31 57 b6 00 01 9f 00 4c ba ff c4 00 ff d7 00 15 00 24 0a
[14:01:30.820] PACKET[TCP_prs2026hitl_7101] sensors: status=32512, uptime=3233718, filtered_accel=[0.0166, 0.78568, -0.6144], gyro=[-2.87, 1.47, 2.52]
[14:01:30.931] RX[TCP_prs2026hitl_7101]  01 77 00 00 31 58 1a 00 01 93 00 4c ba ff c4 00 ff d6 00 17 00 23 0a
[14:01:30.944] PACKET[TCP_prs2026hitl_7101] sensors: status=30464, uptime=3233818, filtered_accel=[0.01612, 0.78568, -0.6144], gyro=[-2.94, 1.61, 2.45]
[14:01:31.003] RX[TCP_prs2026hitl_7101]  01 77 00 00 31 58 7e 00 01 93 00 4c ae ff c4 00 ff d6 00 17 00 23 0a
[14:01:31.005] PACKET[TCP_prs2026hitl_7101] sensors: status=30464, uptime=3233918, filtered_accel=[0.01612, 0.7852, -0.6144], gyro=[-2.94, 1.61, 2.45]
[14:01:31.106] RX[TCP_prs2026hitl_7100]  03 00 00 00 00 00 00 00 00 00 31 58 dd 00 00 00 13 9c 0a
[14:01:31.111] PACKET[TCP_prs2026hitl_7100] camera: fc_status=0, fc_uptime=0, status=0, uptime=3234013, current_sense=[0.0, 0.0, 0.0], iris_battery_voltage=5.02
[14:01:31.112] RX[TCP_prs2026hitl_7101]  01 77 00 00 31 58 e2 00 01 ab 00 4c a2 ff c3 f4 ff d6 00 15 00 24 0a
[14:01:31.119] PACKET[TCP_prs2026hitl_7101] sensors: status=30464, uptime=3234018, filtered_accel=[0.01708, 0.78472, -0.61488], gyro=[-2.94, 1.47, 2.52]
[14:01:31.220] RX[TCP_prs2026hitl_7101]  01 7f 00 00 31 59 46 00 01 9f 00 4c ba ff c3 e8 ff d7 00 15 00 24 0a 02 7f 00 00 31 59 46 00 00 00 00 00 00 00 00 00 00 00 00 00 00 00 00 00 00 00 00 00 00 00 00 00 00 00 00 00 00 00 00 00 00
[14:01:31.223] PACKET[TCP_prs2026hitl_7101] sensors: status=32512, uptime=3234118, filtered_accel=[0.0166, 0.78568, -0.61536], gyro=[-2.87, 1.47, 2.52]
[14:01:31.273] RX[TCP_prs2026hitl_7101]  00 00 00 00 00 00 00 00 00 00 00 00 00 00 00 00 43 69 77 4e 13 50 0a ff 7e 00 00 31 59 46 0a
[14:01:31.276] PACKET[TCP_prs2026hitl_7101] state: status=32512, uptime=3234118, orientation=[0.0, 0.0, 0.0, 0.0], position=[0.0, 0.0, 0.0], velocity=[0.0, 0.0, 0.0], latitude=0.0, longitude=0.0, gps_altitude=0.0, barometric_altitude=233.466034, witness_battery_voltage=4.944
[14:01:31.280] PACKET[TCP_prs2026hitl_7101] heartbeat: status=32256, uptime=3234118
[14:01:31.332] RX[TCP_prs2026hitl_7101]  01 7e 00 00 31 59 aa 00 01 93 00 4c ae ff c3 e8 ff d5 00 18 00 22 0a
[14:01:31.335] PACKET[TCP_prs2026hitl_7101] sensors: status=32256, uptime=3234218, filtered_accel=[0.01612, 0.7852, -0.61536], gyro=[-3.01, 1.68, 2.38]
[14:01:31.436] RX[TCP_prs2026hitl_7101]  01 7e 00 00 31 5a 0e 00 01 93 00 4c ba ff c4 00 ff d7 00 15 00 24 0a
[14:01:31.443] PACKET[TCP_prs2026hitl_7101] sensors: status=32256, uptime=3234318, filtered_accel=[0.01612, 0.78568, -0.6144], gyro=[-2.87, 1.47, 2.52]
[14:01:31.495] RX[TCP_prs2026hitl_7101]  01 7e 00 00 31 5a 72 00 01 86 00 4c ae ff c4 00 ff d6 00 15 00 25 0a
[14:01:31.515] PACKET[TCP_prs2026hitl_7101] sensors: status=32256, uptime=3234418, filtered_accel=[0.0156, 0.7852, -0.6144], gyro=[-2.94, 1.47, 2.59]
[14:01:31.734] RX[TCP_prs2026hitl_7101]  01 76 00 00 31 5a d6 00 01 93 00 4c ae ff c3 f4 ff d6 00 16 00 23 0a
[14:01:31.747] PACKET[TCP_prs2026hitl_7101] sensors: status=30208, uptime=3234518, filtered_accel=[0.01612, 0.7852, -0.61488], gyro=[-2.94, 1.54, 2.45]
[14:01:31.804] RX[TCP_prs2026hitl_7101]  01 76 00 00 31 5b 3a 00 01 9f 00 4c ae ff c3 e8 ff d6 00 17 00 24 0a
[14:01:31.809] PACKET[TCP_prs2026hitl_7101] sensors: status=30208, uptime=3234618, filtered_accel=[0.0166, 0.7852, -0.61536], gyro=[-2.94, 1.61, 2.52]
[14:01:31.866] RX[TCP_prs2026hitl_7101]  01 76 00 00 31 5b 9e 00 01 9f 00 4c ae ff c3 e8 ff d7 00 15 00 24 0a
[14:01:31.869] PACKET[TCP_prs2026hitl_7101] sensors: status=30208, uptime=3234718, filtered_accel=[0.0166, 0.7852, -0.61536], gyro=[-2.87, 1.47, 2.52]
[14:01:31.920] RX[TCP_prs2026hitl_7101]  01 7e 00 00 31 5c 02 00 01 86 00 4c ae ff c3 e8 ff d6 00 14 00 24 0a
[14:01:31.923] PACKET[TCP_prs2026hitl_7101] sensors: status=32256, uptime=3234818, filtered_accel=[0.0156, 0.7852, -0.61536], gyro=[-2.94, 1.4, 2.52]
[14:01:32.024] RX[TCP_prs2026hitl_7101]  01 7e 00 00 31 5c 66 00 01 93 00 4c ae ff c3 dc ff d6 00 17 00 22 0a
[14:01:32.027] PACKET[TCP_prs2026hitl_7101] sensors: status=32256, uptime=3234918, filtered_accel=[0.01612, 0.7852, -0.61584], gyro=[-2.94, 1.61, 2.38]
[14:01:32.077] RX[TCP_prs2026hitl_7100]  03 00 00 00 00 00 00 00 00 00 31 5c c5 00 00 00 13 94 0a
[14:01:32.080] PACKET[TCP_prs2026hitl_7100] camera: fc_status=0, fc_uptime=0, status=0, uptime=3235013, current_sense=[0.0, 0.0, 0.0], iris_battery_voltage=5.012
[14:01:32.131] RX[TCP_prs2026hitl_7101]  01 7e 00 00 31 5c ca 00 01 93 00 4c ae ff c3 e8 ff d7 00 15 00 24 0a
[14:01:32.135] PACKET[TCP_prs2026hitl_7101] sensors: status=32256, uptime=3235018, filtered_accel=[0.01612, 0.7852, -0.61536], gyro=[-2.87, 1.47, 2.52]
[14:01:32.236] RX[TCP_prs2026hitl_7101]  01 7e 00 00 31 5d 2e 00 01 93 00 4c ae ff c3 e8 ff d6 00 15 00 25 0a 02 7e 00 00 31 5d 2e 00 00 00 00 00 00 00 00 00 00 00 00 00 00 00 00 00 00 00 00 00 00 00 00 00 00 00 00 00 00 00 00 00 00
[14:01:32.242] PACKET[TCP_prs2026hitl_7101] sensors: status=32256, uptime=3235118, filtered_accel=[0.01612, 0.7852, -0.61536], gyro=[-2.94, 1.47, 2.59]
[14:01:32.292] RX[TCP_prs2026hitl_7101]  00 00 00 00 00 00 00 00 00 00 00 00 00 00 00 00 43 69 4c 04 13 48 0a ff 7f 00 00 31 5d 2e 0a
[14:01:32.304] PACKET[TCP_prs2026hitl_7101] state: status=32256, uptime=3235118, orientation=[0.0, 0.0, 0.0, 0.0], position=[0.0, 0.0, 0.0], velocity=[0.0, 0.0, 0.0], latitude=0.0, longitude=0.0, gps_altitude=0.0, barometric_altitude=233.296936, witness_battery_voltage=4.936
[14:01:32.307] PACKET[TCP_prs2026hitl_7101] heartbeat: status=32512, uptime=3235118
[14:01:32.307] RX[TCP_prs2026hitl_7101]  01 77 00 00 31 5d 92 00 01 93 00 4c ba ff c3 f4 ff d6 00 17 00 22 0a
[14:01:32.310] PACKET[TCP_prs2026hitl_7101] sensors: status=30464, uptime=3235218, filtered_accel=[0.01612, 0.78568, -0.61488], gyro=[-2.94, 1.61, 2.38]
[14:01:32.413] RX[TCP_prs2026hitl_7101]  01 77 00 00 31 5d f6 00 01 93 00 4c ba ff c3 dc ff d6 00 17 00 23 0a
[14:01:32.417] PACKET[TCP_prs2026hitl_7101] sensors: status=30464, uptime=3235318, filtered_accel=[0.01612, 0.78568, -0.61584], gyro=[-2.94, 1.61, 2.45]
[14:01:32.568] RX[TCP_prs2026hitl_7101]  01 77 00 00 31 5e 5a 00 01 86 00 4c ba ff c3 dc ff d6 00 16 00 24 0a
[14:01:32.572] PACKET[TCP_prs2026hitl_7101] sensors: status=30464, uptime=3235418, filtered_accel=[0.0156, 0.78568, -0.61584], gyro=[-2.94, 1.54, 2.52]
[14:01:32.622] RX[TCP_prs2026hitl_7101]  01 7f 00 00 31 5e be 00 01 93 00 4c ae ff c3 f4 ff d7 00 14 00 24 0a
[14:01:32.625] PACKET[TCP_prs2026hitl_7101] sensors: status=32512, uptime=3235518, filtered_accel=[0.01612, 0.7852, -0.61488], gyro=[-2.87, 1.4, 2.52]
[14:01:32.727] RX[TCP_prs2026hitl_7101]  01 7f 00 00 31 5f 22 00 01 93 00 4c ba ff c4 00 ff d5 00 17 00 22 0a
[14:01:32.732] PACKET[TCP_prs2026hitl_7101] sensors: status=32512, uptime=3235618, filtered_accel=[0.01612, 0.78568, -0.6144], gyro=[-3.01, 1.61, 2.38]
[14:01:32.833] RX[TCP_prs2026hitl_7101]  01 7f 00 00 31 5f 86 00 01 93 00 4c a2 ff c3 f4 ff d6 00 15 00 24 0a
[14:01:32.837] PACKET[TCP_prs2026hitl_7101] sensors: status=32512, uptime=3235718, filtered_accel=[0.01612, 0.78472, -0.61488], gyro=[-2.94, 1.47, 2.52]
[14:01:32.943] RX[TCP_prs2026hitl_7101]  01 7f 00 00 31 5f ea 00 01 93 00 4c a2 ff c3 f4 ff d7 00 15 00 25 0a
[14:01:32.946] PACKET[TCP_prs2026hitl_7101] sensors: status=32512, uptime=3235818, filtered_accel=[0.01612, 0.78472, -0.61488], gyro=[-2.87, 1.47, 2.59]
[14:01:32.997] RX[TCP_prs2026hitl_7101]  01 77 00 00 31 60 4e 00 01 9f 00 4c ae ff c3 dc ff d6 00 17 00 22 0a
[14:01:33.005] PACKET[TCP_prs2026hitl_7101] sensors: status=30464, uptime=3235918, filtered_accel=[0.0166, 0.7852, -0.61584], gyro=[-2.94, 1.61, 2.38]
[14:01:33.082] RX[TCP_prs2026hitl_7100]  03 00 00 00 00 00 00 00 00 00 31 60 ad 00 00 00 13 94 0a
[14:01:33.091] PACKET[TCP_prs2026hitl_7100] camera: fc_status=0, fc_uptime=0, status=0, uptime=3236013, current_sense=[0.0, 0.0, 0.0], iris_battery_voltage=5.012
[14:01:33.143] RX[TCP_prs2026hitl_7101]  01 77 00 00 31 60 b2 00 01 ab 00 4c ba ff c3 dc ff d6 00 17 00 23 0a
[14:01:33.149] PACKET[TCP_prs2026hitl_7101] sensors: status=30464, uptime=3236018, filtered_accel=[0.01708, 0.78568, -0.61584], gyro=[-2.94, 1.61, 2.45]
[14:01:33.199] RX[TCP_prs2026hitl_7101]  01 77 00 00 31 61 16 00 01 93 00 4c ae ff c3 f4 ff d6 00 15 00 24 0a 02 77 00 00 31 61 16 00 00 00 00 00 00 00 00 00 00 00 00 00 00 00 00 00 00 00 00 00 00 00 00 00 00 00 00 00 00 00 00 00 00
[14:01:33.203] PACKET[TCP_prs2026hitl_7101] sensors: status=30464, uptime=3236118, filtered_accel=[0.01612, 0.7852, -0.61488], gyro=[-2.94, 1.47, 2.52]
[14:01:33.253] RX[TCP_prs2026hitl_7101]  00 00 00 00 00 00 00 00 00 00 00 00 00 00 00 00 43 69 35 b1 13 48 0a ff 76 00 00 31 61 16 0a
[14:01:33.258] PACKET[TCP_prs2026hitl_7101] state: status=30464, uptime=3236118, orientation=[0.0, 0.0, 0.0, 0.0], position=[0.0, 0.0, 0.0], velocity=[0.0, 0.0, 0.0], latitude=0.0, longitude=0.0, gps_altitude=0.0, barometric_altitude=233.209732, witness_battery_voltage=4.936
[14:01:33.263] PACKET[TCP_prs2026hitl_7101] heartbeat: status=30208, uptime=3236118
[14:01:33.316] RX[TCP_prs2026hitl_7101]  01 7e 00 00 31 61 7a 00 01 9f 00 4c ae ff c3 e8 ff d7 00 15 00 24 0a
[14:01:33.321] PACKET[TCP_prs2026hitl_7101] sensors: status=32256, uptime=3236218, filtered_accel=[0.0166, 0.7852, -0.61536], gyro=[-2.87, 1.47, 2.52]
[14:01:33.422] RX[TCP_prs2026hitl_7101]  01 7e 00 00 31 61 de 00 01 93 00 4c ae ff c3 f4 ff d6 00 18 00 22 0a
[14:01:33.425] PACKET[TCP_prs2026hitl_7101] sensors: status=32256, uptime=3236318, filtered_accel=[0.01612, 0.7852, -0.61488], gyro=[-2.94, 1.68, 2.38]
[14:01:33.526] RX[TCP_prs2026hitl_7101]  01 7e 00 00 31 62 42 00 01 86 00 4c ae ff c4 0c ff d7 00 15 00 23 0a
[14:01:33.531] PACKET[TCP_prs2026hitl_7101] sensors: status=32256, uptime=3236418, filtered_accel=[0.0156, 0.7852, -0.61392], gyro=[-2.87, 1.47, 2.45]
[14:01:33.632] RX[TCP_prs2026hitl_7101]  01 7e 00 00 31 62 a6 00 01 86 00 4c a2 ff c3 e8 ff d6 00 14 00 25 0a
[14:01:33.644] PACKET[TCP_prs2026hitl_7101] sensors: status=32256, uptime=3236518, filtered_accel=[0.0156, 0.78472, -0.61536], gyro=[-2.94, 1.4, 2.59]
[14:01:33.719] RX[TCP_prs2026hitl_7101]  01 76 00 00 31 63 0a 00 01 9f 00 4c ae ff c3 e8 ff d5 00 17 00 22 0a
[14:01:33.723] PACKET[TCP_prs2026hitl_7101] sensors: status=30208, uptime=3236618, filtered_accel=[0.0166, 0.7852, -0.61536], gyro=[-3.01, 1.61, 2.38]
[14:01:33.826] RX[TCP_prs2026hitl_7101]  01 76 00 00 31 63 6e 00 01 9f 00 4c ba ff c4 00 ff d7 00 16 00 23 0a
[14:01:33.834] PACKET[TCP_prs2026hitl_7101] sensors: status=30208, uptime=3236718, filtered_accel=[0.0166, 0.78568, -0.6144], gyro=[-2.87, 1.54, 2.45]
[14:01:33.896] RX[TCP_prs2026hitl_7101]  01 76 00 00 31 63 d2 00 01 93 00 4c ae ff c3 f4 ff d7 00 16 00 24 0a
[14:01:33.911] PACKET[TCP_prs2026hitl_7101] sensors: status=30208, uptime=3236818, filtered_accel=[0.01612, 0.7852, -0.61488], gyro=[-2.87, 1.54, 2.52]
[14:01:34.027] RX[TCP_prs2026hitl_7101]  01 7e 00 00 31 64 36 00 01 86 00 4c 95 ff c3 e8 ff d6 00 15 00 25 0a
[14:01:34.062] PACKET[TCP_prs2026hitl_7101] sensors: status=32256, uptime=3236918, filtered_accel=[0.0156, 0.7842, -0.61536], gyro=[-2.94, 1.47, 2.59]
[14:01:34.074] RX[TCP_prs2026hitl_7100]  03 00 00 00 00 00 00 00 00 00 31 64 95 00 00 00 13 94 0a
[14:01:34.087] PACKET[TCP_prs2026hitl_7100] camera: fc_status=0, fc_uptime=0, status=0, uptime=3237013, current_sense=[0.0, 0.0, 0.0], iris_battery_voltage=5.012
[14:01:34.095] RX[TCP_prs2026hitl_7101]  01 7e 00 00 31 64 9a 00 01 93 00 4c ba ff c4 00 ff d6 00 17 00 22 0a
[14:01:34.113] PACKET[TCP_prs2026hitl_7101] sensors: status=32256, uptime=3237018, filtered_accel=[0.01612, 0.78568, -0.6144], gyro=[-2.94, 1.61, 2.38]
[14:01:34.235] RX[TCP_prs2026hitl_7101]  01 7e 00 00 31 64 fe 00 01 ab 00 4c ba ff c3 e8 ff d7 00 15 00 24 0a 02 7e 00 00 31 64 fe 00 00 00 00 00 00 00 00 00 00 00 00 00 00 00 00 00 00 00 00 00 00 00 00 00 00 00 00 00 00 00 00 00 00
[14:01:34.239] PACKET[TCP_prs2026hitl_7101] sensors: status=32256, uptime=3237118, filtered_accel=[0.01708, 0.78568, -0.61536], gyro=[-2.87, 1.47, 2.52]
[14:01:34.289] RX[TCP_prs2026hitl_7101]  00 00 00 00 00 00 00 00 00 00 00 00 00 00 00 00 43 69 4c 04 13 54 0a ff 7f 00 00 31 64 fe 0a
[14:01:34.293] PACKET[TCP_prs2026hitl_7101] state: status=32256, uptime=3237118, orientation=[0.0, 0.0, 0.0, 0.0], position=[0.0, 0.0, 0.0], velocity=[0.0, 0.0, 0.0], latitude=0.0, longitude=0.0, gps_altitude=0.0, barometric_altitude=233.296936, witness_battery_voltage=4.948
[14:01:34.297] PACKET[TCP_prs2026hitl_7101] heartbeat: status=32512, uptime=3237118
[14:01:34.298] RX[TCP_prs2026hitl_7101]  01 7f 00 00 31 65 62 00 01 9f 00 4c ae ff c3 f4 ff d7 00 15 00 24 0a
[14:01:34.306] PACKET[TCP_prs2026hitl_7101] sensors: status=32512, uptime=3237218, filtered_accel=[0.0166, 0.7852, -0.61488], gyro=[-2.87, 1.47, 2.52]
[14:01:34.413] RX[TCP_prs2026hitl_7101]  01 77 00 00 31 65 c6 00 01 93 00 4c a2 ff c4 00 ff d6 00 17 00 22 0a
[14:01:34.418] PACKET[TCP_prs2026hitl_7101] sensors: status=30464, uptime=3237318, filtered_accel=[0.01612, 0.78472, -0.6144], gyro=[-2.94, 1.61, 2.38]
[14:01:34.520] RX[TCP_prs2026hitl_7101]  01 77 00 00 31 66 2a 00 01 9f 00 4c a2 ff c4 00 ff d7 00 16 00 23 0a
[14:01:34.525] PACKET[TCP_prs2026hitl_7101] sensors: status=30464, uptime=3237418, filtered_accel=[0.0166, 0.78472, -0.6144], gyro=[-2.87, 1.54, 2.45]
[14:01:34.731] RX[TCP_prs2026hitl_7101]  01 77 00 00 31 66 8e 00 01 93 00 4c a2 ff c3 f4 ff d6 00 15 00 24 0a
[14:01:34.743] PACKET[TCP_prs2026hitl_7101] sensors: status=30464, uptime=3237518, filtered_accel=[0.01612, 0.78472, -0.61488], gyro=[-2.94, 1.47, 2.52]
[14:01:34.744] RX[TCP_prs2026hitl_7101]  01 7f 00 00 31 66 f2 00 01 93 00 4c ae ff c3 e8 ff d7 00 15 00 25 0a
[14:01:34.754] PACKET[TCP_prs2026hitl_7101] sensors: status=32512, uptime=3237618, filtered_accel=[0.01612, 0.7852, -0.61536], gyro=[-2.87, 1.47, 2.59]
[14:01:34.809] RX[TCP_prs2026hitl_7101]  01 7f 00 00 31 67 56 00 01 9f 00 4c ba ff c3 e8 ff d6 00 17 00 22 0a
[14:01:34.819] PACKET[TCP_prs2026hitl_7101] sensors: status=32512, uptime=3237718, filtered_accel=[0.0166, 0.78568, -0.61536], gyro=[-2.94, 1.61, 2.38]
[14:01:34.922] RX[TCP_prs2026hitl_7101]  01 7f 00 00 31 67 ba 00 01 9f 00 4c ae ff c3 e8 ff d6 00 15 00 24 0a
[14:01:34.929] PACKET[TCP_prs2026hitl_7101] sensors: status=32512, uptime=3237818, filtered_accel=[0.0166, 0.7852, -0.61536], gyro=[-2.94, 1.47, 2.52]
[14:01:35.036] RX[TCP_prs2026hitl_7101]  01 7f 00 00 31 68 1e 00 01 86 00 4c ba ff c3 f4 ff d6 00 15 00 24 0a
[14:01:35.051] PACKET[TCP_prs2026hitl_7101] sensors: status=32512, uptime=3237918, filtered_accel=[0.0156, 0.78568, -0.61488], gyro=[-2.94, 1.47, 2.52]
[14:01:35.124] RX[TCP_prs2026hitl_7100]  03 00 00 00 00 00 00 00 00 00 31 68 7d 00 00 00 13 94 0a
[14:01:35.157] PACKET[TCP_prs2026hitl_7100] camera: fc_status=0, fc_uptime=0, status=0, uptime=3238013, current_sense=[0.0, 0.0, 0.0], iris_battery_voltage=5.012
[14:01:35.167] RX[TCP_prs2026hitl_7101]  01 77 00 00 31 68 82 00 01 93 00 4c ae ff c3 f4 ff d6 00 17 00 22 0a
[14:01:35.221] PACKET[TCP_prs2026hitl_7101] sensors: status=30464, uptime=3238018, filtered_accel=[0.01612, 0.7852, -0.61488], gyro=[-2.94, 1.61, 2.38]
[14:01:35.228] RX[TCP_prs2026hitl_7101]  01 77 00 00 31 68 e6 00 01 86 00 4c ae ff c3 f4 ff d6 00 16 00 23 0a 02 77 00 00 31 68 e6 00 00 00 00 00 00 00 00 00 00 00 00 00 00 00 00 00 00 00 00 00 00 00 00 00 00 00 00 00 00 00 00 00 00
[14:01:35.252] PACKET[TCP_prs2026hitl_7101] sensors: status=30464, uptime=3238118, filtered_accel=[0.0156, 0.7852, -0.61488], gyro=[-2.94, 1.54, 2.45]
[14:01:35.262] RX[TCP_prs2026hitl_7101]  00 00 00 00 00 00 00 00 00 00 00 00 00 00 00 00 43 69 20 0c 13 64 0a ff 76 00 00 31 68 e6 0a
[14:01:35.296] PACKET[TCP_prs2026hitl_7101] state: status=30464, uptime=3238118, orientation=[0.0, 0.0, 0.0, 0.0], position=[0.0, 0.0, 0.0], velocity=[0.0, 0.0, 0.0], latitude=0.0, longitude=0.0, gps_altitude=0.0, barometric_altitude=233.125183, witness_battery_voltage=4.964
[14:01:35.334] PACKET[TCP_prs2026hitl_7101] heartbeat: status=30208, uptime=3238118
[14:01:35.347] RX[TCP_prs2026hitl_7101]  01 76 00 00 31 69 4a 00 01 9f 00 4c ae ff c3 f4 ff d7 00 15 00 25 0a
[14:01:35.390] PACKET[TCP_prs2026hitl_7101] sensors: status=30208, uptime=3238218, filtered_accel=[0.0166, 0.7852, -0.61488], gyro=[-2.87, 1.47, 2.59]
[14:01:35.402] RX[TCP_prs2026hitl_7101]  01 7e 00 00 31 69 ae 00 01 93 00 4c ae ff c3 f4 ff d6 00 15 00 25 0a
[14:01:35.436] PACKET[TCP_prs2026hitl_7101] sensors: status=32256, uptime=3238318, filtered_accel=[0.01612, 0.7852, -0.61488], gyro=[-2.94, 1.47, 2.59]
[14:01:35.500] RX[TCP_prs2026hitl_7101]  01 7e 00 00 31 6a 12 00 01 93 00 4c ae ff c3 f4 ff d6 00 18 00 22 0a
[14:01:35.531] PACKET[TCP_prs2026hitl_7101] sensors: status=32256, uptime=3238418, filtered_accel=[0.01612, 0.7852, -0.61488], gyro=[-2.94, 1.68, 2.38]
[14:01:35.671] RX[TCP_prs2026hitl_7101]  01 7e 00 00 31 6a 76 00 01 93 00 4c a2 ff c3 f4 ff d7 00 15 00 24 0a
[14:01:35.685] PACKET[TCP_prs2026hitl_7101] sensors: status=32256, uptime=3238518, filtered_accel=[0.01612, 0.78472, -0.61488], gyro=[-2.87, 1.47, 2.52]
[14:01:35.742] RX[TCP_prs2026hitl_7101]  01 7e 00 00 31 6a da 00 01 93 00 4c ae ff c4 00 ff d7 00 15 00 24 0a
[14:01:35.756] PACKET[TCP_prs2026hitl_7101] sensors: status=32256, uptime=3238618, filtered_accel=[0.01612, 0.7852, -0.6144], gyro=[-2.87, 1.47, 2.52]
[14:01:35.809] RX[TCP_prs2026hitl_7101]  01 76 00 00 31 6b 3e 00 01 9f 00 4c ae ff c3 f4 ff d6 00 17 00 22 0a
[14:01:35.817] PACKET[TCP_prs2026hitl_7101] sensors: status=30208, uptime=3238718, filtered_accel=[0.0166, 0.7852, -0.61488], gyro=[-2.94, 1.61, 2.38]
[14:01:35.920] RX[TCP_prs2026hitl_7101]  01 76 00 00 31 6b a2 00 01 9f 00 4c ae ff c3 dc ff d6 00 16 00 23 0a
[14:01:35.924] PACKET[TCP_prs2026hitl_7101] sensors: status=30208, uptime=3238818, filtered_accel=[0.0166, 0.7852, -0.61584], gyro=[-2.94, 1.54, 2.45]
[14:01:36.030] RX[TCP_prs2026hitl_7101]  01 76 00 00 31 6c 06 00 01 ab 00 4c ae ff c3 f4 ff d7 00 15 00 24 0a
[14:01:36.045] PACKET[TCP_prs2026hitl_7101] sensors: status=30208, uptime=3238918, filtered_accel=[0.01708, 0.7852, -0.61488], gyro=[-2.87, 1.47, 2.52]
[14:01:36.103] RX[TCP_prs2026hitl_7100]  03 00 00 00 00 00 00 00 00 00 31 6c 65 00 00 00 13 94 0a
[14:01:36.109] PACKET[TCP_prs2026hitl_7100] camera: fc_status=0, fc_uptime=0, status=0, uptime=3239013, current_sense=[0.0, 0.0, 0.0], iris_battery_voltage=5.012
[14:01:36.109] RX[TCP_prs2026hitl_7101]  01 7e 00 00 31 6c 6a 00 01 86 00 4c 95 ff c3 e8 ff d7 00 14 00 26 0a
[14:01:36.139] PACKET[TCP_prs2026hitl_7101] sensors: status=32256, uptime=3239018, filtered_accel=[0.0156, 0.7842, -0.61536], gyro=[-2.87, 1.4, 2.66]
[14:01:36.232] RX[TCP_prs2026hitl_7101]  01 7e 00 00 31 6c ce 00 01 86 00 4c ae ff c3 f4 ff d6 00 17 00 23 0a 02 7e 00 00 31 6c ce 00 00 00 00 00 00 00 00 00 00 00 00 00 00 00 00 00 00 00 00 00 00 00 00 00 00 00 00 00 00 00 00 00 00
[14:01:36.250] PACKET[TCP_prs2026hitl_7101] sensors: status=32256, uptime=3239118, filtered_accel=[0.0156, 0.7852, -0.61488], gyro=[-2.94, 1.61, 2.45]
[14:01:36.251] RX[TCP_prs2026hitl_7101]  00 00 00 00 00 00 00 00 00 00 00 00 00 00 00 00 43 69 20 0c 13 50 0a ff 7f 00 00 31 6c ce 0a
[14:01:36.257] PACKET[TCP_prs2026hitl_7101] state: status=32256, uptime=3239118, orientation=[0.0, 0.0, 0.0, 0.0], position=[0.0, 0.0, 0.0], velocity=[0.0, 0.0, 0.0], latitude=0.0, longitude=0.0, gps_altitude=0.0, barometric_altitude=233.125183, witness_battery_voltage=4.944
[14:01:36.261] PACKET[TCP_prs2026hitl_7101] heartbeat: status=32512, uptime=3239118
[14:01:36.313] RX[TCP_prs2026hitl_7101]  01 7f 00 00 31 6d 32 00 01 9f 00 4c a2 ff c4 00 ff d6 00 15 00 24 0a
[14:01:36.334] PACKET[TCP_prs2026hitl_7101] sensors: status=32512, uptime=3239218, filtered_accel=[0.0166, 0.78472, -0.6144], gyro=[-2.94, 1.47, 2.52]
[14:01:36.433] RX[TCP_prs2026hitl_7101]  01 7f 00 00 31 6d 96 00 01 b7 00 4c ae ff c3 f4 ff d6 00 16 00 25 0a
[14:01:36.451] PACKET[TCP_prs2026hitl_7101] sensors: status=32512, uptime=3239318, filtered_accel=[0.01756, 0.7852, -0.61488], gyro=[-2.94, 1.54, 2.59]
[14:01:36.545] RX[TCP_prs2026hitl_7101]  01 77 00 00 31 6d fa 00 01 86 00 4c ba ff c3 e8 ff d6 00 18 00 23 0a
[14:01:36.553] PACKET[TCP_prs2026hitl_7101] sensors: status=30464, uptime=3239418, filtered_accel=[0.0156, 0.78568, -0.61536], gyro=[-2.94, 1.68, 2.45]
[14:01:36.634] RX[TCP_prs2026hitl_7101]  01 77 00 00 31 6e 5e 00 01 93 00 4c a2 ff c3 f4 ff d6 00 16 00 23 0a
[14:01:36.642] PACKET[TCP_prs2026hitl_7101] sensors: status=30464, uptime=3239518, filtered_accel=[0.01612, 0.78472, -0.61488], gyro=[-2.94, 1.54, 2.45]
[14:01:36.744] RX[TCP_prs2026hitl_7101]  01 77 00 00 31 6e c2 00 01 9f 00 4c ae ff c3 f4 ff d6 00 15 00 24 0a
[14:01:36.752] PACKET[TCP_prs2026hitl_7101] sensors: status=30464, uptime=3239618, filtered_accel=[0.0166, 0.7852, -0.61488], gyro=[-2.94, 1.47, 2.52]
[14:01:36.811] RX[TCP_prs2026hitl_7101]  01 7f 00 00 31 6f 26 00 01 9f 00 4c a2 ff c3 dc ff d6 00 14 00 24 0a
[14:01:36.830] PACKET[TCP_prs2026hitl_7101] sensors: status=32512, uptime=3239718, filtered_accel=[0.0166, 0.78472, -0.61584], gyro=[-2.94, 1.4, 2.52]
[14:01:36.931] RX[TCP_prs2026hitl_7101]  01 7f 00 00 31 6f 8a 00 01 9f 00 4c ae ff c3 e8 ff d6 00 17 00 22 0a
[14:01:36.934] PACKET[TCP_prs2026hitl_7101] sensors: status=32512, uptime=3239818, filtered_accel=[0.0166, 0.7852, -0.61536], gyro=[-2.94, 1.61, 2.38]
[14:01:37.038] RX[TCP_prs2026hitl_7101]  01 7f 00 00 31 6f ee 00 01 ab 00 4c ae ff c3 e8 ff d6 00 15 00 25 0a
[14:01:37.043] PACKET[TCP_prs2026hitl_7101] sensors: status=32512, uptime=3239918, filtered_accel=[0.01708, 0.7852, -0.61536], gyro=[-2.94, 1.47, 2.59]
[14:01:37.094] RX[TCP_prs2026hitl_7100]  03 00 00 00 00 00 00 00 00 00 31 70 4d 00 00 00 13 94 0a
[14:01:37.100] PACKET[TCP_prs2026hitl_7100] camera: fc_status=0, fc_uptime=0, status=0, uptime=3240013, current_sense=[0.0, 0.0, 0.0], iris_battery_voltage=5.012
[14:01:37.101] RX[TCP_prs2026hitl_7101]  01 7f 00 00 31 70 52 00 01 93 00 4c ae ff c3 e8 ff d7 00 14 00 25 0a
[14:01:37.103] PACKET[TCP_prs2026hitl_7101] sensors: status=32512, uptime=3240018, filtered_accel=[0.01612, 0.7852, -0.61536], gyro=[-2.87, 1.4, 2.59]
[14:01:37.204] RX[TCP_prs2026hitl_7101]  01 77 00 00 31 70 b6 00 01 93 00 4c ae ff c3 f4 ff d6 00 17 00 22 0a 02 77 00 00 31 70 b6 00 00 00 00 00 00 00 00 00 00 00 00 00 00 00 00 00 00 00 00 00 00 00 00 00 00 00 00 00 00 00 00 00 00
[14:01:37.215] PACKET[TCP_prs2026hitl_7101] sensors: status=30464, uptime=3240118, filtered_accel=[0.01612, 0.7852, -0.61488], gyro=[-2.94, 1.61, 2.38]
[14:01:37.266] RX[TCP_prs2026hitl_7101]  00 00 00 00 00 00 00 00 00 00 00 00 00 00 00 00 43 69 0a 67 13 54 0a ff 76 00 00 31 70 b6 0a
[14:01:37.271] PACKET[TCP_prs2026hitl_7101] state: status=30464, uptime=3240118, orientation=[0.0, 0.0, 0.0, 0.0], position=[0.0, 0.0, 0.0], velocity=[0.0, 0.0, 0.0], latitude=0.0, longitude=0.0, gps_altitude=0.0, barometric_altitude=233.040634, witness_battery_voltage=4.948
[14:01:37.275] PACKET[TCP_prs2026hitl_7101] heartbeat: status=30208, uptime=3240118
[14:01:37.329] RX[TCP_prs2026hitl_7101]  01 76 00 00 31 71 1a 00 01 93 00 4c ae ff c3 e8 ff d6 00 16 00 23 0a
[14:01:37.357] PACKET[TCP_prs2026hitl_7101] sensors: status=30208, uptime=3240218, filtered_accel=[0.01612, 0.7852, -0.61536], gyro=[-2.94, 1.54, 2.45]
[14:01:37.418] RX[TCP_prs2026hitl_7101]  01 76 00 00 31 71 7e 00 01 93 00 4c c6 ff c3 f4 ff d6 00 15 00 25 0a
[14:01:37.427] PACKET[TCP_prs2026hitl_7101] sensors: status=30208, uptime=3240318, filtered_accel=[0.01612, 0.78616, -0.61488], gyro=[-2.94, 1.47, 2.59]
[14:01:37.528] RX[TCP_prs2026hitl_7101]  01 7e 00 00 31 71 e2 00 01 9f 00 4c ba ff c4 0c ff d6 00 14 00 25 0a
[14:01:37.548] PACKET[TCP_prs2026hitl_7101] sensors: status=32256, uptime=3240418, filtered_accel=[0.0166, 0.78568, -0.61392], gyro=[-2.94, 1.4, 2.59]
[14:01:37.599] RX[TCP_prs2026hitl_7101]  01 7e 00 00 31 72 46 00 01 93 00 4c a2 ff c3 dc ff d6 00 18 00 22 0a
[14:01:37.622] PACKET[TCP_prs2026hitl_7101] sensors: status=32256, uptime=3240518, filtered_accel=[0.01612, 0.78472, -0.61584], gyro=[-2.94, 1.68, 2.38]
[14:01:37.724] RX[TCP_prs2026hitl_7101]  01 7e 00 00 31 72 aa 00 01 93 00 4c ae ff c3 f4 ff d6 00 16 00 24 0a
[14:01:37.728] PACKET[TCP_prs2026hitl_7101] sensors: status=32256, uptime=3240618, filtered_accel=[0.01612, 0.7852, -0.61488], gyro=[-2.94, 1.54, 2.52]
[14:01:37.838] RX[TCP_prs2026hitl_7101]  01 7e 00 00 31 73 0e 00 01 9f 00 4c ae ff c3 e8 ff d6 00 15 00 25 0a
[14:01:37.849] PACKET[TCP_prs2026hitl_7101] sensors: status=32256, uptime=3240718, filtered_accel=[0.0166, 0.7852, -0.61536], gyro=[-2.94, 1.47, 2.59]
[14:01:37.928] RX[TCP_prs2026hitl_7101]  01 76 00 00 31 73 72 00 01 93 00 4c ae ff c3 f4 ff d6 00 18 00 22 0a
[14:01:37.933] PACKET[TCP_prs2026hitl_7101] sensors: status=30208, uptime=3240818, filtered_accel=[0.01612, 0.7852, -0.61488], gyro=[-2.94, 1.68, 2.38]
[14:01:38.041] RX[TCP_prs2026hitl_7101]  01 76 00 00 31 73 d6 00 01 ab 00 4c ae ff c3 f4 ff d6 00 16 00 24 0a
[14:01:38.052] PACKET[TCP_prs2026hitl_7101] sensors: status=30208, uptime=3240918, filtered_accel=[0.01708, 0.7852, -0.61488], gyro=[-2.94, 1.54, 2.52]
[14:01:38.103] RX[TCP_prs2026hitl_7100]  03 00 00 00 00 00 00 00 00 00 31 74 35 00 00 00 13 94 0a
[14:01:38.114] PACKET[TCP_prs2026hitl_7100] camera: fc_status=0, fc_uptime=0, status=0, uptime=3241013, current_sense=[0.0, 0.0, 0.0], iris_battery_voltage=5.012
[14:01:38.116] RX[TCP_prs2026hitl_7101]  01 76 00 00 31 74 3a 00 01 93 00 4c ba ff c4 0c ff d6 00 14 00 25 0a
[14:01:38.124] PACKET[TCP_prs2026hitl_7101] sensors: status=30208, uptime=3241018, filtered_accel=[0.01612, 0.78568, -0.61392], gyro=[-2.94, 1.4, 2.59]
[14:01:38.226] RX[TCP_prs2026hitl_7101]  01 7e 00 00 31 74 9e 00 01 9f 00 4c ba ff c3 e8 ff d8 00 14 00 25 0a 02 7e 00 00 31 74 9e 00 00 00 00 00 00 00 00 00 00 00 00 00 00 00 00 00 00 00 00 00 00 00 00 00 00 00 00 00 00 00 00 00 00
[14:01:38.233] PACKET[TCP_prs2026hitl_7101] sensors: status=32256, uptime=3241118, filtered_accel=[0.0166, 0.78568, -0.61536], gyro=[-2.8, 1.4, 2.59]
[14:01:38.284] RX[TCP_prs2026hitl_7101]  00 00 00 00 00 00 00 00 00 00 00 00 00 00 00 00 43 69 61 a9 13 54 0a ff 7f 00 00 31 74 9e 0a
[14:01:38.289] PACKET[TCP_prs2026hitl_7101] state: status=32256, uptime=3241118, orientation=[0.0, 0.0, 0.0, 0.0], position=[0.0, 0.0, 0.0], velocity=[0.0, 0.0, 0.0], latitude=0.0, longitude=0.0, gps_altitude=0.0, barometric_altitude=233.381485, witness_battery_voltage=4.948
[14:01:38.296] PACKET[TCP_prs2026hitl_7101] heartbeat: status=32512, uptime=3241118
[14:01:38.297] RX[TCP_prs2026hitl_7101]  01 7f 00 00 31 75 02 00 01 86 00 4c ba ff c3 e8 ff d6 00 17 00 23 0a
[14:01:38.302] PACKET[TCP_prs2026hitl_7101] sensors: status=32512, uptime=3241218, filtered_accel=[0.0156, 0.78568, -0.61536], gyro=[-2.94, 1.61, 2.45]
[14:01:38.404] RX[TCP_prs2026hitl_7101]  01 7f 00 00 31 75 66 00 01 93 00 4c ae ff c3 e8 ff d6 00 15 00 24 0a
[14:01:38.439] PACKET[TCP_prs2026hitl_7101] sensors: status=32512, uptime=3241318, filtered_accel=[0.01612, 0.7852, -0.61536], gyro=[-2.94, 1.47, 2.52]
[14:01:38.511] RX[TCP_prs2026hitl_7101]  01 7f 00 00 31 75 ca 00 01 9f 00 4c a2 ff c3 f4 ff d7 00 14 00 25 0a
[14:01:38.519] PACKET[TCP_prs2026hitl_7101] sensors: status=32512, uptime=3241418, filtered_accel=[0.0166, 0.78472, -0.61488], gyro=[-2.87, 1.4, 2.59]
[14:01:38.620] RX[TCP_prs2026hitl_7101]  01 77 00 00 31 76 2e 00 01 93 00 4c 95 ff c3 e8 ff d6 00 17 00 22 0a
[14:01:38.632] PACKET[TCP_prs2026hitl_7101] sensors: status=30464, uptime=3241518, filtered_accel=[0.01612, 0.7842, -0.61536], gyro=[-2.94, 1.61, 2.38]
[14:01:38.785] RX[TCP_prs2026hitl_7101]  01 77 00 00 31 76 92 00 01 86 00 4c ae ff c3 f4 ff d6 00 16 00 23 0a
[14:01:38.791] PACKET[TCP_prs2026hitl_7101] sensors: status=30464, uptime=3241618, filtered_accel=[0.0156, 0.7852, -0.61488], gyro=[-2.94, 1.54, 2.45]
[14:01:38.844] RX[TCP_prs2026hitl_7101]  01 77 00 00 31 76 f6 00 01 7a 00 4c a2 ff c3 f4 ff d6 00 15 00 25 0a
[14:01:38.868] PACKET[TCP_prs2026hitl_7101] sensors: status=30464, uptime=3241718, filtered_accel=[0.01512, 0.78472, -0.61488], gyro=[-2.94, 1.47, 2.59]
[14:01:38.924] RX[TCP_prs2026hitl_7101]  01 7f 00 00 31 77 5a 00 01 b7 00 4c ae ff c4 00 ff d7 00 16 00 25 0a
[14:01:38.933] PACKET[TCP_prs2026hitl_7101] sensors: status=32512, uptime=3241818, filtered_accel=[0.01756, 0.7852, -0.6144], gyro=[-2.87, 1.54, 2.59]
[14:01:39.033] RX[TCP_prs2026hitl_7101]  01 7f 00 00 31 77 be 00 01 93 00 4c ae ff c4 00 ff d6 00 17 00 22 0a
[14:01:39.038] PACKET[TCP_prs2026hitl_7101] sensors: status=32512, uptime=3241918, filtered_accel=[0.01612, 0.7852, -0.6144], gyro=[-2.94, 1.61, 2.38]
[14:01:39.089] RX[TCP_prs2026hitl_7100]  03 00 00 00 00 00 00 00 00 00 31 78 1d 00 00 00 13 94 0a
[14:01:39.094] PACKET[TCP_prs2026hitl_7100] camera: fc_status=0, fc_uptime=0, status=0, uptime=3242013, current_sense=[0.0, 0.0, 0.0], iris_battery_voltage=5.012
[14:01:39.095] RX[TCP_prs2026hitl_7101]  01 7f 00 00 31 78 22 00 01 93 00 4c ae ff c3 f4 ff d6 00 15 00 24 0a
[14:01:39.099] PACKET[TCP_prs2026hitl_7101] sensors: status=32512, uptime=3242018, filtered_accel=[0.01612, 0.7852, -0.61488], gyro=[-2.94, 1.47, 2.52]
[14:01:39.200] RX[TCP_prs2026hitl_7101]  01 7f 00 00 31 78 86 00 01 9f 00 4c a2 ff c3 dc ff d7 00 15 00 24 0a 02 7f 00 00 31 78 86 00 00 00 00 00 00 00 00 00 00 00 00 00 00 00 00 00 00 00 00 00 00 00 00 00 00 00 00 00 00 00 00 00 00
[14:01:39.205] PACKET[TCP_prs2026hitl_7101] sensors: status=32512, uptime=3242118, filtered_accel=[0.0166, 0.78472, -0.61584], gyro=[-2.87, 1.47, 2.52]
[14:01:39.255] RX[TCP_prs2026hitl_7101]  00 00 00 00 00 00 00 00 00 00 00 00 00 00 00 00 43 69 61 a9 13 50 0a ff 7e 00 00 31 78 86 0a
[14:01:39.262] PACKET[TCP_prs2026hitl_7101] state: status=32512, uptime=3242118, orientation=[0.0, 0.0, 0.0, 0.0], position=[0.0, 0.0, 0.0], velocity=[0.0, 0.0, 0.0], latitude=0.0, longitude=0.0, gps_altitude=0.0, barometric_altitude=233.381485, witness_battery_voltage=4.944
[14:01:39.269] PACKET[TCP_prs2026hitl_7101] heartbeat: status=32256, uptime=3242118
[14:01:39.346] RX[TCP_prs2026hitl_7101]  01 76 00 00 31 78 ea 00 01 9f 00 4c ae ff c3 e8 ff d5 00 18 00 22 0a
[14:01:39.368] PACKET[TCP_prs2026hitl_7101] sensors: status=30208, uptime=3242218, filtered_accel=[0.0166, 0.7852, -0.61536], gyro=[-3.01, 1.68, 2.38]
[14:01:39.422] RX[TCP_prs2026hitl_7101]  01 76 00 00 31 79 4e 00 01 93 00 4c ba ff c3 f4 ff d7 00 15 00 23 0a
[14:01:39.428] PACKET[TCP_prs2026hitl_7101] sensors: status=30208, uptime=3242318, filtered_accel=[0.01612, 0.78568, -0.61488], gyro=[-2.87, 1.47, 2.45]
[14:01:39.633] RX[TCP_prs2026hitl_7101]  01 76 00 00 31 79 b2 00 01 ab 00 4c ba ff c3 f4 ff d7 00 16 00 24 0a
[14:01:39.637] PACKET[TCP_prs2026hitl_7101] sensors: status=30208, uptime=3242418, filtered_accel=[0.01708, 0.78568, -0.61488], gyro=[-2.87, 1.54, 2.52]
[14:01:39.688] RX[TCP_prs2026hitl_7101]  01 7e 00 00 31 7a 16 00 01 93 00 4c a2 ff c3 f4 ff d6 00 16 00 25 0a
[14:01:39.693] PACKET[TCP_prs2026hitl_7101] sensors: status=32256, uptime=3242518, filtered_accel=[0.01612, 0.78472, -0.61488], gyro=[-2.94, 1.54, 2.59]
[14:01:39.744] RX[TCP_prs2026hitl_7101]  01 7e 00 00 31 7a 7a 00 01 93 00 4c a2 ff c3 f4 ff d6 00 17 00 22 0a
[14:01:39.747] PACKET[TCP_prs2026hitl_7101] sensors: status=32256, uptime=3242618, filtered_accel=[0.01612, 0.78472, -0.61488], gyro=[-2.94, 1.61, 2.38]
[14:01:39.797] RX[TCP_prs2026hitl_7101]  01 7e 00 00 31 7a de 00 01 93 00 4c ae ff c4 00 ff d7 00 16 00 23 0a
[14:01:39.801] PACKET[TCP_prs2026hitl_7101] sensors: status=32256, uptime=3242718, filtered_accel=[0.01612, 0.7852, -0.6144], gyro=[-2.87, 1.54, 2.45]
[14:01:39.909] RX[TCP_prs2026hitl_7101]  01 7e 00 00 31 7b 42 00 01 86 00 4c a2 ff c3 f4 ff d7 00 15 00 25 0a
[14:01:39.913] PACKET[TCP_prs2026hitl_7101] sensors: status=32256, uptime=3242818, filtered_accel=[0.0156, 0.78472, -0.61488], gyro=[-2.87, 1.47, 2.59]
[14:01:40.115] RX[TCP_prs2026hitl_7101]  01 76 00 00 31 7b a6 00 01 93 00 4c ba ff c3 f4 ff d6 00 18 00 22 0a
[14:01:40.118] PACKET[TCP_prs2026hitl_7101] sensors: status=30208, uptime=3242918, filtered_accel=[0.01612, 0.78568, -0.61488], gyro=[-2.94, 1.68, 2.38]
[14:01:40.119] RX[TCP_prs2026hitl_7100]  03 00 00 00 00 00 00 00 00 00 31 7c 05 00 00 00 13 94 0a
[14:01:40.121] PACKET[TCP_prs2026hitl_7100] camera: fc_status=0, fc_uptime=0, status=0, uptime=3243013, current_sense=[0.0, 0.0, 0.0], iris_battery_voltage=5.012
[14:01:40.173] RX[TCP_prs2026hitl_7101]  01 76 00 00 31 7c 0a 00 01 9f 00 4c ae ff c3 f4 ff d6 00 17 00 23 0a
[14:01:40.179] PACKET[TCP_prs2026hitl_7101] sensors: status=30208, uptime=3243018, filtered_accel=[0.0166, 0.7852, -0.61488], gyro=[-2.94, 1.61, 2.45]
[14:01:40.236] RX[TCP_prs2026hitl_7101]  01 76 00 00 31 7c 6e 00 01 9f 00 4c ae ff c3 f4 ff d7 00 14 00 25 0a 02 76 00 00 31 7c 6e 00 00 00 00 00 00 00 00 00 00 00 00 00 00 00 00 00 00 00 00 00 00 00 00 00 00 00 00 00 00 00 00 00 00 00 00 00 00 00 00 00 00 00 00 00 00 00 00 00 00 43 69 4c 04 13 54 0a ff 77 00 00 31 7c 6e 0a
[14:01:40.262] PACKET[TCP_prs2026hitl_7101] sensors: status=30208, uptime=3243118, filtered_accel=[0.0166, 0.7852, -0.61488], gyro=[-2.87, 1.4, 2.59]
[14:01:40.278] PACKET[TCP_prs2026hitl_7101] state: status=30208, uptime=3243118, orientation=[0.0, 0.0, 0.0, 0.0], position=[0.0, 0.0, 0.0], velocity=[0.0, 0.0, 0.0], latitude=0.0, longitude=0.0, gps_altitude=0.0, barometric_altitude=233.296936, witness_battery_voltage=4.948
[14:01:40.282] PACKET[TCP_prs2026hitl_7101] heartbeat: status=30464, uptime=3243118
[14:01:40.334] RX[TCP_prs2026hitl_7101]  01 7f 00 00 31 7c d2 00 01 93 00 4c a2 ff c3 f4 ff d5 00 15 00 25 0a
[14:01:40.338] PACKET[TCP_prs2026hitl_7101] sensors: status=32512, uptime=3243218, filtered_accel=[0.01612, 0.78472, -0.61488], gyro=[-3.01, 1.47, 2.59]
[14:01:40.399] RX[TCP_prs2026hitl_7101]  01 7f 00 00 31 7d 36 00 01 93 00 4c ae ff c4 0c ff d6 00 17 00 22 0a
[14:01:40.402] PACKET[TCP_prs2026hitl_7101] sensors: status=32512, uptime=3243318, filtered_accel=[0.01612, 0.7852, -0.61392], gyro=[-2.94, 1.61, 2.38]
[14:01:40.553] RX[TCP_prs2026hitl_7101]  01 7f 00 00 31 7d 9a 00 01 ab 00 4c a2 ff c3 f4 ff d6 00 15 00 24 0a
[14:01:40.563] PACKET[TCP_prs2026hitl_7101] sensors: status=32512, uptime=3243418, filtered_accel=[0.01708, 0.78472, -0.61488], gyro=[-2.94, 1.47, 2.52]
[14:01:40.616] RX[TCP_prs2026hitl_7101]  01 7f 00 00 31 7d fe 00 01 9f 00 4c ba ff c3 f4 ff d6 00 15 00 25 0a
[14:01:40.623] PACKET[TCP_prs2026hitl_7101] sensors: status=32512, uptime=3243518, filtered_accel=[0.0166, 0.78568, -0.61488], gyro=[-2.94, 1.47, 2.59]
[14:01:40.726] RX[TCP_prs2026hitl_7101]  01 77 00 00 31 7e 62 00 01 93 00 4c a2 ff c3 e8 ff d5 00 18 00 22 0a
[14:01:40.736] PACKET[TCP_prs2026hitl_7101] sensors: status=30464, uptime=3243618, filtered_accel=[0.01612, 0.78472, -0.61536], gyro=[-3.01, 1.68, 2.38]
[14:01:40.840] RX[TCP_prs2026hitl_7101]  01 77 00 00 31 7e c6 00 01 9f 00 4c a2 ff c3 dc ff d7 00 16 00 23 0a
[14:01:40.850] PACKET[TCP_prs2026hitl_7101] sensors: status=30464, uptime=3243718, filtered_accel=[0.0166, 0.78472, -0.61584], gyro=[-2.87, 1.54, 2.45]
[14:01:40.912] RX[TCP_prs2026hitl_7101]  01 77 00 00 31 7f 2a 00 01 86 00 4c ae ff c3 f4 ff d6 00 14 00 25 0a
[14:01:40.920] PACKET[TCP_prs2026hitl_7101] sensors: status=30464, uptime=3243818, filtered_accel=[0.0156, 0.7852, -0.61488], gyro=[-2.94, 1.4, 2.59]
[14:01:41.078] RX[TCP_prs2026hitl_7101]  01 7f 00 00 31 7f 8e 00 01 93 00 4c ae ff c3 e8 ff d7 00 16 00 25 0a
[14:01:41.088] PACKET[TCP_prs2026hitl_7101] sensors: status=32512, uptime=3243918, filtered_accel=[0.01612, 0.7852, -0.61536], gyro=[-2.87, 1.54, 2.59]
[14:01:41.090] RX[TCP_prs2026hitl_7100]  03 00 00 00 00 00 00 00 00 00 31 7f ed 00 00 00 13 94 0a
[14:01:41.100] PACKET[TCP_prs2026hitl_7100] camera: fc_status=0, fc_uptime=0, status=0, uptime=3244013, current_sense=[0.0, 0.0, 0.0], iris_battery_voltage=5.012
[14:01:41.109] RX[TCP_prs2026hitl_7101]  01 7f 00 00 31 7f f2 00 01 93 00 4c ae ff c3 e8 ff d6 00 17 00 21 0a
[14:01:41.117] PACKET[TCP_prs2026hitl_7101] sensors: status=32512, uptime=3244018, filtered_accel=[0.01612, 0.7852, -0.61536], gyro=[-2.94, 1.61, 2.31]
[14:01:41.221] RX[TCP_prs2026hitl_7101]  01 7f 00 00 31 80 56 00 01 93 00 4c a2 ff c4 00 ff d7 00 15 00 24 0a 02 7f 00 00 31 80 56 00 00 00 00 00 00 00 00 00 00 00 00 00 00 00 00 00 00 00 00 00 00 00 00 00 00 00 00 00 00 00 00 00 00
[14:01:41.228] PACKET[TCP_prs2026hitl_7101] sensors: status=32512, uptime=3244118, filtered_accel=[0.01612, 0.78472, -0.6144], gyro=[-2.87, 1.47, 2.52]
[14:01:41.282] RX[TCP_prs2026hitl_7101]  00 00 00 00 00 00 00 00 00 00 00 00 00 00 00 00 43 69 20 0c 13 54 0a ff 7e 00 00 31 80 56 0a
[14:01:41.297] PACKET[TCP_prs2026hitl_7101] state: status=32512, uptime=3244118, orientation=[0.0, 0.0, 0.0, 0.0], position=[0.0, 0.0, 0.0], velocity=[0.0, 0.0, 0.0], latitude=0.0, longitude=0.0, gps_altitude=0.0, barometric_altitude=233.125183, witness_battery_voltage=4.948
[14:01:41.309] PACKET[TCP_prs2026hitl_7101] heartbeat: status=32256, uptime=3244118
[14:01:41.310] RX[TCP_prs2026hitl_7101]  01 7e 00 00 31 80 ba 00 01 93 00 4c ae ff c3 e8 ff d6 00 15 00 25 0a
[14:01:41.323] PACKET[TCP_prs2026hitl_7101] sensors: status=32256, uptime=3244218, filtered_accel=[0.01612, 0.7852, -0.61536], gyro=[-2.94, 1.47, 2.59]
[14:01:41.432] RX[TCP_prs2026hitl_7101]  01 76 00 00 31 81 1e 00 01 b7 00 4c ae ff c4 00 ff d6 00 17 00 22 0a
[14:01:41.437] PACKET[TCP_prs2026hitl_7101] sensors: status=30208, uptime=3244318, filtered_accel=[0.01756, 0.7852, -0.6144], gyro=[-2.94, 1.61, 2.38]
[14:01:41.601] RX[TCP_prs2026hitl_7101]  01 76 00 00 31 81 82 00 01 7a 00 4c ba ff c3 dc ff d6 00 16 00 24 0a
[14:01:41.606] PACKET[TCP_prs2026hitl_7101] sensors: status=30208, uptime=3244418, filtered_accel=[0.01512, 0.78568, -0.61584], gyro=[-2.94, 1.54, 2.52]
[14:01:41.657] RX[TCP_prs2026hitl_7101]  01 76 00 00 31 81 e6 00 01 9f 00 4c ae ff c3 e8 ff d7 00 15 00 25 0a
[14:01:41.665] PACKET[TCP_prs2026hitl_7101] sensors: status=30208, uptime=3244518, filtered_accel=[0.0166, 0.7852, -0.61536], gyro=[-2.87, 1.47, 2.59]
[14:01:41.716] RX[TCP_prs2026hitl_7101]  01 7e 00 00 31 82 4a 00 01 9f 00 4c ba ff c3 f4 ff d6 00 16 00 24 0a
[14:01:41.720] PACKET[TCP_prs2026hitl_7101] sensors: status=32256, uptime=3244618, filtered_accel=[0.0166, 0.78568, -0.61488], gyro=[-2.94, 1.54, 2.52]
[14:01:41.821] RX[TCP_prs2026hitl_7101]  01 7e 00 00 31 82 ae 00 01 93 00 4c a2 ff c3 f4 ff d5 00 16 00 22 0a
[14:01:41.827] PACKET[TCP_prs2026hitl_7101] sensors: status=32256, uptime=3244718, filtered_accel=[0.01612, 0.78472, -0.61488], gyro=[-3.01, 1.54, 2.38]
[14:01:41.930] RX[TCP_prs2026hitl_7101]  01 7e 00 00 31 83 12 00 01 93 00 4c a2 ff c3 f4 ff d6 00 15 00 25 0a
[14:01:41.939] PACKET[TCP_prs2026hitl_7101] sensors: status=32256, uptime=3244818, filtered_accel=[0.01612, 0.78472, -0.61488], gyro=[-2.94, 1.47, 2.59]
[14:01:42.046] RX[TCP_prs2026hitl_7101]  01 7e 00 00 31 83 76 00 01 9f 00 4c ae ff c4 0c ff d7 00 16 00 24 0a
[14:01:42.050] PACKET[TCP_prs2026hitl_7101] sensors: status=32256, uptime=3244918, filtered_accel=[0.0166, 0.7852, -0.61392], gyro=[-2.87, 1.54, 2.52]
[14:01:42.101] RX[TCP_prs2026hitl_7100]  03 00 00 00 00 00 00 00 00 00 31 83 d5 00 00 00 13 94 0a
[14:01:42.105] PACKET[TCP_prs2026hitl_7100] camera: fc_status=0, fc_uptime=0, status=0, uptime=3245013, current_sense=[0.0, 0.0, 0.0], iris_battery_voltage=5.012
[14:01:42.106] RX[TCP_prs2026hitl_7101]  01 76 00 00 31 83 da 00 01 93 00 4c ba ff c3 f4 ff d6 00 16 00 23 0a
[14:01:42.108] PACKET[TCP_prs2026hitl_7101] sensors: status=30208, uptime=3245018, filtered_accel=[0.01612, 0.78568, -0.61488], gyro=[-2.94, 1.54, 2.45]
[14:01:42.209] RX[TCP_prs2026hitl_7101]  01 76 00 00 31 84 3e 00 01 ab 00 4c ba ff c3 f4 ff d6 00 16 00 23 0a 02 76 00 00 31 84 3e 00 00 00 00 00 00 00 00 00 00 00 00 00 00 00 00 00 00 00 00 00 00 00 00 00 00 00 00 00 00 00 00 00 00
[14:01:42.213] PACKET[TCP_prs2026hitl_7101] sensors: status=30208, uptime=3245118, filtered_accel=[0.01708, 0.78568, -0.61488], gyro=[-2.94, 1.54, 2.45]
[14:01:42.264] RX[TCP_prs2026hitl_7101]  00 00 00 00 00 00 00 00 00 00 00 00 00 00 00 00 43 69 8c f3 13 54 0a ff 77 00 00 31 84 3e 0a
[14:01:42.270] PACKET[TCP_prs2026hitl_7101] state: status=30208, uptime=3245118, orientation=[0.0, 0.0, 0.0, 0.0], position=[0.0, 0.0, 0.0], velocity=[0.0, 0.0, 0.0], latitude=0.0, longitude=0.0, gps_altitude=0.0, barometric_altitude=233.550583, witness_battery_voltage=4.948
[14:01:42.274] PACKET[TCP_prs2026hitl_7101] heartbeat: status=30464, uptime=3245118
[14:01:42.325] RX[TCP_prs2026hitl_7101]  01 77 00 00 31 84 a2 00 01 9f 00 4c a2 ff c4 00 ff d7 00 15 00 25 0a
[14:01:42.330] PACKET[TCP_prs2026hitl_7101] sensors: status=30464, uptime=3245218, filtered_accel=[0.0166, 0.78472, -0.6144], gyro=[-2.87, 1.47, 2.59]
[14:01:42.432] RX[TCP_prs2026hitl_7101]  01 7f 00 00 31 85 06 00 01 9f 00 4c ba ff c4 00 ff d7 00 16 00 24 0a
[14:01:42.451] PACKET[TCP_prs2026hitl_7101] sensors: status=32512, uptime=3245318, filtered_accel=[0.0166, 0.78568, -0.6144], gyro=[-2.87, 1.54, 2.52]
[14:01:42.538] RX[TCP_prs2026hitl_7101]  01 7f 00 00 31 85 6a 00 01 93 00 4c ae ff c4 00 ff d6 00 17 00 22 0a
[14:01:42.558] PACKET[TCP_prs2026hitl_7101] sensors: status=32512, uptime=3245418, filtered_accel=[0.01612, 0.7852, -0.6144], gyro=[-2.94, 1.61, 2.38]
[14:01:42.731] RX[TCP_prs2026hitl_7101]  01 7f 00 00 31 85 ce 00 01 9f 00 4c ba ff c3 f4 ff d6 00 16 00 24 0a
[14:01:42.736] PACKET[TCP_prs2026hitl_7101] sensors: status=32512, uptime=3245518, filtered_accel=[0.0166, 0.78568, -0.61488], gyro=[-2.94, 1.54, 2.52]
[14:01:42.737] RX[TCP_prs2026hitl_7101]  01 7f 00 00 31 86 32 00 01 9f 00 4c ba ff c4 00 ff d7 00 15 00 24 0a
[14:01:42.764] PACKET[TCP_prs2026hitl_7101] sensors: status=32512, uptime=3245618, filtered_accel=[0.0166, 0.78568, -0.6144], gyro=[-2.87, 1.47, 2.52]
[14:01:42.819] RX[TCP_prs2026hitl_7101]  01 77 00 00 31 86 96 00 01 86 00 4c ae ff c3 f4 ff d6 00 18 00 21 0a
[14:01:42.826] PACKET[TCP_prs2026hitl_7101] sensors: status=30464, uptime=3245718, filtered_accel=[0.0156, 0.7852, -0.61488], gyro=[-2.94, 1.68, 2.31]
[14:01:43.030] RX[TCP_prs2026hitl_7101]  01 77 00 00 31 86 fa 00 01 9f 00 4c 95 ff c3 dc ff d6 00 16 00 23 0a
[14:01:43.042] PACKET[TCP_prs2026hitl_7101] sensors: status=30464, uptime=3245818, filtered_accel=[0.0166, 0.7842, -0.61584], gyro=[-2.94, 1.54, 2.45]
[14:01:43.043] RX[TCP_prs2026hitl_7101]  01 77 00 00 31 87 5e 00 01 93 00 4c 95 ff c3 e8 ff d7 00 15 00 24 0a
[14:01:43.047] PACKET[TCP_prs2026hitl_7101] sensors: status=30464, uptime=3245918, filtered_accel=[0.01612, 0.7842, -0.61536], gyro=[-2.87, 1.47, 2.52]
[14:01:43.098] RX[TCP_prs2026hitl_7100]  03 00 00 00 00 00 00 00 00 00 31 87 bd 00 00 00 13 94 0a
[14:01:43.102] PACKET[TCP_prs2026hitl_7100] camera: fc_status=0, fc_uptime=0, status=0, uptime=3246013, current_sense=[0.0, 0.0, 0.0], iris_battery_voltage=5.012
[14:01:43.103] RX[TCP_prs2026hitl_7101]  01 7f 00 00 31 87 c2 00 01 9f 00 4c ba ff c3 f4 ff d6 00 15 00 24 0a
[14:01:43.107] PACKET[TCP_prs2026hitl_7101] sensors: status=32512, uptime=3246018, filtered_accel=[0.0166, 0.78568, -0.61488], gyro=[-2.94, 1.47, 2.52]
[14:01:43.208] RX[TCP_prs2026hitl_7101]  01 7f 00 00 31 88 26 00 01 9f 00 4c a2 ff c4 19 ff d6 00 16 00 22 0a 02 7f 00 00 31 88 26 00 00 00 00 00 00 00 00 00 00 00 00 00 00 00 00 00 00 00 00 00 00 00 00 00 00 00 00 00 00 00 00 00 00
[14:01:43.213] PACKET[TCP_prs2026hitl_7101] sensors: status=32512, uptime=3246118, filtered_accel=[0.0166, 0.78472, -0.6134], gyro=[-2.94, 1.54, 2.38]
[14:01:43.264] RX[TCP_prs2026hitl_7101]  00 00 00 00 00 00 00 00 00 00 00 00 00 00 00 00 43 69 61 a9 13 50 0a ff 7e 00 00 31 88 26 0a
[14:01:43.272] PACKET[TCP_prs2026hitl_7101] state: status=32512, uptime=3246118, orientation=[0.0, 0.0, 0.0, 0.0], position=[0.0, 0.0, 0.0], velocity=[0.0, 0.0, 0.0], latitude=0.0, longitude=0.0, gps_altitude=0.0, barometric_altitude=233.381485, witness_battery_voltage=4.944
[14:01:43.276] PACKET[TCP_prs2026hitl_7101] heartbeat: status=32256, uptime=3246118
[14:01:43.329] RX[TCP_prs2026hitl_7101]  01 7e 00 00 31 88 8a 00 01 9f 00 4c ba ff c3 e8 ff d5 00 15 00 25 0a
[14:01:43.363] PACKET[TCP_prs2026hitl_7101] sensors: status=32256, uptime=3246218, filtered_accel=[0.0166, 0.78568, -0.61536], gyro=[-3.01, 1.47, 2.59]
[14:01:43.421] RX[TCP_prs2026hitl_7101]  01 7e 00 00 31 88 ee 00 01 86 00 4c ae ff c4 00 ff d6 00 15 00 25 0a
[14:01:43.425] PACKET[TCP_prs2026hitl_7101] sensors: status=32256, uptime=3246318, filtered_accel=[0.0156, 0.7852, -0.6144], gyro=[-2.94, 1.47, 2.59]
[14:01:43.636] RX[TCP_prs2026hitl_7101]  01 76 00 00 31 89 52 00 01 93 00 4c ae ff c3 dc ff d7 00 17 00 22 0a
[14:01:43.657] PACKET[TCP_prs2026hitl_7101] sensors: status=30208, uptime=3246418, filtered_accel=[0.01612, 0.7852, -0.61584], gyro=[-2.87, 1.61, 2.38]
[14:01:43.664] RX[TCP_prs2026hitl_7101]  01 76 00 00 31 89 b6 00 01 86 00 4c ae ff c3 dc ff d6 00 16 00 23 0a
[14:01:43.697] PACKET[TCP_prs2026hitl_7101] sensors: status=30208, uptime=3246518, filtered_accel=[0.0156, 0.7852, -0.61584], gyro=[-2.94, 1.54, 2.45]
[14:01:43.702] RX[TCP_prs2026hitl_7101]  01 76 00 00 31 8a 1a 00 01 86 00 4c ba ff c3 dc ff d7 00 15 00 24 0a
[14:01:43.723] PACKET[TCP_prs2026hitl_7101] sensors: status=30208, uptime=3246618, filtered_accel=[0.0156, 0.78568, -0.61584], gyro=[-2.87, 1.47, 2.52]
[14:01:43.838] RX[TCP_prs2026hitl_7101]  01 7e 00 00 31 8a 7e 00 01 ab 00 4c ae ff c3 e8 ff d6 00 16 00 25 0a
[14:01:43.876] PACKET[TCP_prs2026hitl_7101] sensors: status=32256, uptime=3246718, filtered_accel=[0.01708, 0.7852, -0.61536], gyro=[-2.94, 1.54, 2.59]
[14:01:43.941] RX[TCP_prs2026hitl_7101]  01 7e 00 00 31 8a e2 00 01 9f 00 4c ba ff c3 f4 ff d6 00 17 00 22 0a
[14:01:43.959] PACKET[TCP_prs2026hitl_7101] sensors: status=32256, uptime=3246818, filtered_accel=[0.0166, 0.78568, -0.61488], gyro=[-2.94, 1.61, 2.38]
[14:01:44.011] RX[TCP_prs2026hitl_7101]  01 7e 00 00 31 8b 46 00 01 93 00 4c a2 ff c4 00 ff d6 00 15 00 25 0a
[14:01:44.017] PACKET[TCP_prs2026hitl_7101] sensors: status=32256, uptime=3246918, filtered_accel=[0.01612, 0.78472, -0.6144], gyro=[-2.94, 1.47, 2.59]
[14:01:44.118] RX[TCP_prs2026hitl_7100]  03 00 00 00 00 00 00 00 00 00 31 8b a5 00 00 00 13 94 0a
[14:01:44.126] PACKET[TCP_prs2026hitl_7100] camera: fc_status=0, fc_uptime=0, status=0, uptime=3247013, current_sense=[0.0, 0.0, 0.0], iris_battery_voltage=5.012
[14:01:44.130] RX[TCP_prs2026hitl_7101]  01 7e 00 00 31 8b aa 00 01 93 00 4c ae ff c3 f4 ff d6 00 15 00 25 0a
[14:01:44.136] PACKET[TCP_prs2026hitl_7101] sensors: status=32256, uptime=3247018, filtered_accel=[0.01612, 0.7852, -0.61488], gyro=[-2.94, 1.47, 2.59]
[14:01:44.237] RX[TCP_prs2026hitl_7101]  01 76 00 00 31 8c 0e 00 01 93 00 4c ae ff c3 f4 ff d6 00 17 00 22 0a 02 76 00 00 31 8c 0e 00 00 00 00 00 00 00 00 00 00 00 00 00 00 00 00 00 00 00 00 00 00 00 00 00 00 00 00 00 00 00 00 00 00
[14:01:44.257] PACKET[TCP_prs2026hitl_7101] sensors: status=30208, uptime=3247118, filtered_accel=[0.01612, 0.7852, -0.61488], gyro=[-2.94, 1.61, 2.38]
[14:01:44.259] RX[TCP_prs2026hitl_7101]  00 00 00 00 00 00 00 00 00 00 00 00 00 00 00 00 43 69 4c 04 13 54 0a ff 77 00 00 31 8c 0e 0a
[14:01:44.288] PACKET[TCP_prs2026hitl_7101] state: status=30208, uptime=3247118, orientation=[0.0, 0.0, 0.0, 0.0], position=[0.0, 0.0, 0.0], velocity=[0.0, 0.0, 0.0], latitude=0.0, longitude=0.0, gps_altitude=0.0, barometric_altitude=233.296936, witness_battery_voltage=4.948
[14:01:44.294] PACKET[TCP_prs2026hitl_7101] heartbeat: status=30464, uptime=3247118
[14:01:44.298] RX[TCP_prs2026hitl_7101]  01 77 00 00 31 8c 72 00 01 ab 00 4c ae ff c4 00 ff d6 00 16 00 24 0a
[14:01:44.313] PACKET[TCP_prs2026hitl_7101] sensors: status=30464, uptime=3247218, filtered_accel=[0.01708, 0.7852, -0.6144], gyro=[-2.94, 1.54, 2.52]
[14:01:44.420] RX[TCP_prs2026hitl_7101]  01 77 00 00 31 8c d6 00 01 93 00 4c a2 ff c3 e8 ff d6 00 15 00 25 0a
[14:01:44.429] PACKET[TCP_prs2026hitl_7101] sensors: status=30464, uptime=3247318, filtered_accel=[0.01612, 0.78472, -0.61536], gyro=[-2.94, 1.47, 2.59]
[14:01:44.635] RX[TCP_prs2026hitl_7101]  01 7f 00 00 31 8d 3a 00 01 93 00 4c a2 ff c3 f4 ff d6 00 16 00 24 0a
[14:01:44.649] PACKET[TCP_prs2026hitl_7101] sensors: status=32512, uptime=3247418, filtered_accel=[0.01612, 0.78472, -0.61488], gyro=[-2.94, 1.54, 2.52]
[14:01:44.701] RX[TCP_prs2026hitl_7101]  01 7f 00 00 31 8d 9e 00 01 93 00 4c ae ff c3 f4 ff d6 00 16 00 22 0a
[14:01:44.708] PACKET[TCP_prs2026hitl_7101] sensors: status=32512, uptime=3247518, filtered_accel=[0.01612, 0.7852, -0.61488], gyro=[-2.94, 1.54, 2.38]
[14:01:44.760] RX[TCP_prs2026hitl_7101]  01 7f 00 00 31 8e 02 00 01 7a 00 4c ae ff c3 f4 ff d6 00 15 00 24 0a
[14:01:44.767] PACKET[TCP_prs2026hitl_7101] sensors: status=32512, uptime=3247618, filtered_accel=[0.01512, 0.7852, -0.61488], gyro=[-2.94, 1.47, 2.52]
[14:01:44.819] RX[TCP_prs2026hitl_7101]  01 7f 00 00 31 8e 66 00 01 9f 00 4c ae ff c3 f4 ff d7 00 14 00 24 0a
[14:01:44.828] PACKET[TCP_prs2026hitl_7101] sensors: status=32512, uptime=3247718, filtered_accel=[0.0166, 0.7852, -0.61488], gyro=[-2.87, 1.4, 2.52]
[14:01:44.930] RX[TCP_prs2026hitl_7101]  01 77 00 00 31 8e ca 00 01 9f 00 4c a2 ff c3 f4 ff d5 00 18 00 22 0a
[14:01:44.936] PACKET[TCP_prs2026hitl_7101] sensors: status=30464, uptime=3247818, filtered_accel=[0.0166, 0.78472, -0.61488], gyro=[-3.01, 1.68, 2.38]
[14:01:45.037] RX[TCP_prs2026hitl_7101]  01 77 00 00 31 8f 2e 00 01 9f 00 4c a2 ff c3 e8 ff d6 00 16 00 24 0a
[14:01:45.046] PACKET[TCP_prs2026hitl_7101] sensors: status=30464, uptime=3247918, filtered_accel=[0.0166, 0.78472, -0.61536], gyro=[-2.94, 1.54, 2.52]
[14:01:45.147] RX[TCP_prs2026hitl_7101]  01 77 00 00 31 8f 92 00 01 93 00 4c ae ff c3 e8 ff d6 00 15 00 24 0a
[14:01:45.155] PACKET[TCP_prs2026hitl_7101] sensors: status=30464, uptime=3248018, filtered_accel=[0.01612, 0.7852, -0.61536], gyro=[-2.94, 1.47, 2.52]
[14:01:45.157] RX[TCP_prs2026hitl_7100]  03 00 00 00 00 00 00 00 00 00 31 8f 8d 00 00 00 13 98 0a
[14:01:45.162] PACKET[TCP_prs2026hitl_7100] camera: fc_status=0, fc_uptime=0, status=0, uptime=3248013, current_sense=[0.0, 0.0, 0.0], iris_battery_voltage=5.016
[14:01:45.213] RX[TCP_prs2026hitl_7101]  01 7f 00 00 31 8f f6 00 01 93 00 4c ba ff c4 00 ff d6 00 16 00 24 0a 02 7f 00 00 31 8f f6 00 00 00 00 00 00 00 00 00 00 00 00 00 00 00 00 00 00 00 00 00 00 00 00 00 00 00 00 00 00 00 00 00 00
[14:01:45.220] PACKET[TCP_prs2026hitl_7101] sensors: status=32512, uptime=3248118, filtered_accel=[0.01612, 0.78568, -0.6144], gyro=[-2.94, 1.54, 2.52]
[14:01:45.270] RX[TCP_prs2026hitl_7101]  00 00 00 00 00 00 00 00 00 00 00 00 00 00 00 00 43 69 20 0c 13 54 0a ff 7e 00 00 31 8f f6 0a
[14:01:45.274] PACKET[TCP_prs2026hitl_7101] state: status=32512, uptime=3248118, orientation=[0.0, 0.0, 0.0, 0.0], position=[0.0, 0.0, 0.0], velocity=[0.0, 0.0, 0.0], latitude=0.0, longitude=0.0, gps_altitude=0.0, barometric_altitude=233.125183, witness_battery_voltage=4.948
[14:01:45.277] PACKET[TCP_prs2026hitl_7101] heartbeat: status=32256, uptime=3248118
[14:01:45.328] RX[TCP_prs2026hitl_7101]  01 7e 00 00 31 90 5a 00 01 9f 00 4c ae ff c3 e8 ff d5 00 17 00 22 0a
[14:01:45.333] PACKET[TCP_prs2026hitl_7101] sensors: status=32256, uptime=3248218, filtered_accel=[0.0166, 0.7852, -0.61536], gyro=[-3.01, 1.61, 2.38]
[14:01:45.434] RX[TCP_prs2026hitl_7101]  01 7e 00 00 31 90 be 00 01 93 00 4c ba ff c3 e8 ff d6 00 15 00 24 0a
[14:01:45.465] PACKET[TCP_prs2026hitl_7101] sensors: status=32256, uptime=3248318, filtered_accel=[0.01612, 0.78568, -0.61536], gyro=[-2.94, 1.47, 2.52]
[14:01:45.575] RX[TCP_prs2026hitl_7101]  01 7e 00 00 31 91 22 00 01 93 00 4c ae ff c3 dc ff d7 00 15 00 24 0a
[14:01:45.598] PACKET[TCP_prs2026hitl_7101] sensors: status=32256, uptime=3248418, filtered_accel=[0.01612, 0.7852, -0.61584], gyro=[-2.87, 1.47, 2.52]
[14:01:45.601] RX[TCP_prs2026hitl_7101]  01 76 00 00 31 91 86 00 01 86 00 4c a2 ff c3 e8 ff d6 00 17 00 22 0a
[14:01:45.612] PACKET[TCP_prs2026hitl_7101] sensors: status=30208, uptime=3248518, filtered_accel=[0.0156, 0.78472, -0.61536], gyro=[-2.94, 1.61, 2.38]
[14:01:45.715] RX[TCP_prs2026hitl_7101]  01 76 00 00 31 91 ea 00 01 93 00 4c ae ff c3 e8 ff d6 00 15 00 24 0a
[14:01:45.732] PACKET[TCP_prs2026hitl_7101] sensors: status=30208, uptime=3248618, filtered_accel=[0.01612, 0.7852, -0.61536], gyro=[-2.94, 1.47, 2.52]
[14:01:45.837] RX[TCP_prs2026hitl_7101]  01 76 00 00 31 92 4e 00 01 93 00 4c a2 ff c3 f4 ff d6 00 15 00 24 0a
[14:01:45.853] PACKET[TCP_prs2026hitl_7101] sensors: status=30208, uptime=3248718, filtered_accel=[0.01612, 0.78472, -0.61488], gyro=[-2.94, 1.47, 2.52]
[14:01:45.906] RX[TCP_prs2026hitl_7101]  01 7e 00 00 31 92 b2 00 01 9f 00 4c ae ff c4 00 ff d6 00 16 00 24 0a
[14:01:45.914] PACKET[TCP_prs2026hitl_7101] sensors: status=32256, uptime=3248818, filtered_accel=[0.0166, 0.7852, -0.6144], gyro=[-2.94, 1.54, 2.52]
[14:01:46.015] RX[TCP_prs2026hitl_7101]  01 7e 00 00 31 93 16 00 01 9f 00 4c a2 ff c3 f4 ff d6 00 16 00 23 0a
[14:01:46.022] PACKET[TCP_prs2026hitl_7101] sensors: status=32256, uptime=3248918, filtered_accel=[0.0166, 0.78472, -0.61488], gyro=[-2.94, 1.54, 2.45]
[14:01:46.073] RX[TCP_prs2026hitl_7100]  03 00 00 00 00 00 00 00 00 00 31 93 75 00 00 00 13 94 0a
[14:01:46.078] PACKET[TCP_prs2026hitl_7100] camera: fc_status=0, fc_uptime=0, status=0, uptime=3249013, current_sense=[0.0, 0.0, 0.0], iris_battery_voltage=5.012
[14:01:46.130] RX[TCP_prs2026hitl_7101]  01 7e 00 00 31 93 7a 00 01 9f 00 4c ae ff c3 f4 ff d6 00 15 00 24 0a
[14:01:46.137] PACKET[TCP_prs2026hitl_7101] sensors: status=32256, uptime=3249018, filtered_accel=[0.0166, 0.7852, -0.61488], gyro=[-2.94, 1.47, 2.52]
[14:01:46.238] RX[TCP_prs2026hitl_7101]  01 7e 00 00 31 93 de 00 01 93 00 4c ba ff c4 0c ff d7 00 15 00 24 0a 02 7e 00 00 31 93 de 00 00 00 00 00 00 00 00 00 00 00 00 00 00 00 00 00 00 00 00 00 00 00 00 00 00 00 00 00 00 00 00 00 00
[14:01:46.242] PACKET[TCP_prs2026hitl_7101] sensors: status=32256, uptime=3249118, filtered_accel=[0.01612, 0.78568, -0.61392], gyro=[-2.87, 1.47, 2.52]
[14:01:46.294] RX[TCP_prs2026hitl_7101]  00 00 00 00 00 00 00 00 00 00 00 00 00 00 00 00 43 69 4c 04 13 54 0a ff 7f 00 00 31 93 de 0a
[14:01:46.303] PACKET[TCP_prs2026hitl_7101] state: status=32256, uptime=3249118, orientation=[0.0, 0.0, 0.0, 0.0], position=[0.0, 0.0, 0.0], velocity=[0.0, 0.0, 0.0], latitude=0.0, longitude=0.0, gps_altitude=0.0, barometric_altitude=233.296936, witness_battery_voltage=4.948
[14:01:46.309] PACKET[TCP_prs2026hitl_7101] heartbeat: status=32512, uptime=3249118
[14:01:46.362] RX[TCP_prs2026hitl_7101]  01 77 00 00 31 94 42 00 01 9f 00 4c ae ff c3 e8 ff d6 00 17 00 22 0a
[14:01:46.379] PACKET[TCP_prs2026hitl_7101] sensors: status=30464, uptime=3249218, filtered_accel=[0.0166, 0.7852, -0.61536], gyro=[-2.94, 1.61, 2.38]
[14:01:46.492] RX[TCP_prs2026hitl_7101]  01 77 00 00 31 94 a6 00 01 93 00 4c ba ff c4 00 ff d6 00 16 00 23 0a
[14:01:46.498] PACKET[TCP_prs2026hitl_7101] sensors: status=30464, uptime=3249318, filtered_accel=[0.01612, 0.78568, -0.6144], gyro=[-2.94, 1.54, 2.45]
[14:01:46.549] RX[TCP_prs2026hitl_7101]  01 77 00 00 31 95 0a 00 01 ab 00 4c ae ff c3 f4 ff d6 00 15 00 25 0a
[14:01:46.559] PACKET[TCP_prs2026hitl_7101] sensors: status=30464, uptime=3249418, filtered_accel=[0.01708, 0.7852, -0.61488], gyro=[-2.94, 1.47, 2.59]
[14:01:46.610] RX[TCP_prs2026hitl_7101]  01 7f 00 00 31 95 6e 00 01 93 00 4c ae ff c4 00 ff d6 00 16 00 24 0a
[14:01:46.629] PACKET[TCP_prs2026hitl_7101] sensors: status=32512, uptime=3249518, filtered_accel=[0.01612, 0.7852, -0.6144], gyro=[-2.94, 1.54, 2.52]
[14:01:46.741] RX[TCP_prs2026hitl_7101]  01 7f 00 00 31 95 d2 00 01 9f 00 4c ae ff c3 e8 ff d6 00 17 00 22 0a
[14:01:46.753] PACKET[TCP_prs2026hitl_7101] sensors: status=32512, uptime=3249618, filtered_accel=[0.0166, 0.7852, -0.61536], gyro=[-2.94, 1.61, 2.38]
[14:01:46.805] RX[TCP_prs2026hitl_7101]  01 7f 00 00 31 96 36 00 01 9f 00 4c ba ff c4 00 ff d7 00 15 00 24 0a
[14:01:46.821] PACKET[TCP_prs2026hitl_7101] sensors: status=32512, uptime=3249718, filtered_accel=[0.0166, 0.78568, -0.6144], gyro=[-2.87, 1.47, 2.52]
[14:01:46.926] RX[TCP_prs2026hitl_7101]  01 7f 00 00 31 96 9a 00 01 93 00 4c a2 ff c3 f4 ff d7 00 15 00 24 0a
[14:01:46.937] PACKET[TCP_prs2026hitl_7101] sensors: status=32512, uptime=3249818, filtered_accel=[0.01612, 0.78472, -0.61488], gyro=[-2.87, 1.47, 2.52]
[14:01:47.010] RX[TCP_prs2026hitl_7101]  01 77 00 00 31 96 fe 00 01 93 00 4c a2 ff c4 00 ff d6 00 17 00 22 0a
[14:01:47.061] PACKET[TCP_prs2026hitl_7101] sensors: status=30464, uptime=3249918, filtered_accel=[0.01612, 0.78472, -0.6144], gyro=[-2.94, 1.61, 2.38]
[14:01:47.080] RX[TCP_prs2026hitl_7100]  03 00 00 00 00 00 00 00 00 00 31 97 5d 00 00 00 13 94 0a
[14:01:47.165] PACKET[TCP_prs2026hitl_7100] camera: fc_status=0, fc_uptime=0, status=0, uptime=3250013, current_sense=[0.0, 0.0, 0.0], iris_battery_voltage=5.012
[14:01:47.182] RX[TCP_prs2026hitl_7101]  01 77 00 00 31 97 62 00 01 ab 00 4c ae ff c4 00 ff d6 00 16 00 24 0a
[14:01:47.214] PACKET[TCP_prs2026hitl_7101] sensors: status=30464, uptime=3250018, filtered_accel=[0.01708, 0.7852, -0.6144], gyro=[-2.94, 1.54, 2.52]
[14:01:47.221] RX[TCP_prs2026hitl_7101]  01 77 00 00 31 97 c6 00 01 ab 00 4c ae ff c3 e8 ff d6 00 15 00 25 0a 02 77 00 00 31 97 c6 00 00 00 00 00 00 00 00 00 00 00 00 00 00 00 00 00 00 00 00 00 00 00 00 00 00 00 00 00 00 00 00 00 00
[14:01:47.294] PACKET[TCP_prs2026hitl_7101] sensors: status=30464, uptime=3250118, filtered_accel=[0.01708, 0.7852, -0.61536], gyro=[-2.94, 1.47, 2.59]
[14:01:47.302] RX[TCP_prs2026hitl_7101]  00 00 00 00 00 00 00 00 00 00 00 00 00 00 00 00 43 69 35 b1 13 50 0a ff 76 00 00 31 97 c6 0a
[14:01:47.320] PACKET[TCP_prs2026hitl_7101] state: status=30464, uptime=3250118, orientation=[0.0, 0.0, 0.0, 0.0], position=[0.0, 0.0, 0.0], velocity=[0.0, 0.0, 0.0], latitude=0.0, longitude=0.0, gps_altitude=0.0, barometric_altitude=233.209732, witness_battery_voltage=4.944
[14:01:47.337] PACKET[TCP_prs2026hitl_7101] heartbeat: status=30208, uptime=3250118
[14:01:47.342] RX[TCP_prs2026hitl_7101]  01 7e 00 00 31 98 2a 00 01 9f 00 4c ae ff c4 00 ff d6 00 16 00 25 0a
[14:01:47.365] PACKET[TCP_prs2026hitl_7101] sensors: status=32256, uptime=3250218, filtered_accel=[0.0166, 0.7852, -0.6144], gyro=[-2.94, 1.54, 2.59]
[14:01:47.444] RX[TCP_prs2026hitl_7101]  01 7e 00 00 31 98 8e 00 01 9f 00 4c ae ff c3 dc ff d6 00 17 00 22 0a
[14:01:47.459] PACKET[TCP_prs2026hitl_7101] sensors: status=32256, uptime=3250318, filtered_accel=[0.0166, 0.7852, -0.61584], gyro=[-2.94, 1.61, 2.38]
[14:01:47.532] RX[TCP_prs2026hitl_7101]  01 7e 00 00 31 98 f2 00 01 93 00 4c ae ff c3 f4 ff d6 00 15 00 24 0a
[14:01:47.543] PACKET[TCP_prs2026hitl_7101] sensors: status=32256, uptime=3250418, filtered_accel=[0.01612, 0.7852, -0.61488], gyro=[-2.94, 1.47, 2.52]
[14:01:47.610] RX[TCP_prs2026hitl_7101]  01 7e 00 00 31 99 56 00 01 9f 00 4c ae ff c3 f4 ff d6 00 15 00 24 0a
[14:01:47.678] PACKET[TCP_prs2026hitl_7101] sensors: status=32256, uptime=3250518, filtered_accel=[0.0166, 0.7852, -0.61488], gyro=[-2.94, 1.47, 2.52]
[14:01:47.699] RX[TCP_prs2026hitl_7101]  01 76 00 00 31 99 ba 00 01 93 00 4c ae ff c3 e8 ff d5 00 18 00 22 0a
[14:01:47.766] PACKET[TCP_prs2026hitl_7101] sensors: status=30208, uptime=3250618, filtered_accel=[0.01612, 0.7852, -0.61536], gyro=[-3.01, 1.68, 2.38]
[14:01:47.837] RX[TCP_prs2026hitl_7101]  01 76 00 00 31 9a 1e 00 01 9f 00 4c ba ff c3 f4 ff d6 00 16 00 23 0a
[14:01:47.884] PACKET[TCP_prs2026hitl_7101] sensors: status=30208, uptime=3250718, filtered_accel=[0.0166, 0.78568, -0.61488], gyro=[-2.94, 1.54, 2.45]
[14:01:47.896] RX[TCP_prs2026hitl_7101]  01 76 00 00 31 9a 82 00 01 86 00 4c ae ff c3 f4 ff d6 00 15 00 25 0a
[14:01:47.930] PACKET[TCP_prs2026hitl_7101] sensors: status=30208, uptime=3250818, filtered_accel=[0.0156, 0.7852, -0.61488], gyro=[-2.94, 1.47, 2.59]
[14:01:48.097] RX[TCP_prs2026hitl_7101]  01 7e 00 00 31 9a e6 00 01 86 00 4c ae ff c3 e8 ff d6 00 16 00 23 0a
[14:01:48.119] PACKET[TCP_prs2026hitl_7101] sensors: status=32256, uptime=3250918, filtered_accel=[0.0156, 0.7852, -0.61536], gyro=[-2.94, 1.54, 2.45]
[14:01:48.126] RX[TCP_prs2026hitl_7100]  03 00 00 00 00 00 00 00 00 00 31 9b 45 00 00 00 13 98 0a
[14:01:48.151] PACKET[TCP_prs2026hitl_7100] camera: fc_status=0, fc_uptime=0, status=0, uptime=3251013, current_sense=[0.0, 0.0, 0.0], iris_battery_voltage=5.016
[14:01:48.152] RX[TCP_prs2026hitl_7101]  01 7e 00 00 31 9b 4a 00 01 9f 00 4c ba ff c4 00 ff d6 00 17 00 22 0a
[14:01:48.158] PACKET[TCP_prs2026hitl_7101] sensors: status=32256, uptime=3251018, filtered_accel=[0.0166, 0.78568, -0.6144], gyro=[-2.94, 1.61, 2.38]
[14:01:48.210] RX[TCP_prs2026hitl_7101]  01 7e 00 00 31 9b ae 00 01 9f 00 4c ae ff c3 f4 ff d7 00 15 00 25 0a 02 7e 00 00 31 9b ae 00 00 00 00 00 00 00 00 00 00 00 00 00 00 00 00 00 00 00 00 00 00 00 00 00 00 00 00 00 00 00 00 00 00
[14:01:48.217] PACKET[TCP_prs2026hitl_7101] sensors: status=32256, uptime=3251118, filtered_accel=[0.0166, 0.7852, -0.61488], gyro=[-2.87, 1.47, 2.59]
[14:01:48.269] RX[TCP_prs2026hitl_7101]  00 00 00 00 00 00 00 00 00 00 00 00 00 00 00 00 43 69 61 a9 13 54 0a ff 7f 00 00 31 9b ae 0a
[14:01:48.274] PACKET[TCP_prs2026hitl_7101] state: status=32256, uptime=3251118, orientation=[0.0, 0.0, 0.0, 0.0], position=[0.0, 0.0, 0.0], velocity=[0.0, 0.0, 0.0], latitude=0.0, longitude=0.0, gps_altitude=0.0, barometric_altitude=233.381485, witness_battery_voltage=4.948
[14:01:48.278] PACKET[TCP_prs2026hitl_7101] heartbeat: status=32512, uptime=3251118
[14:01:48.356] RX[TCP_prs2026hitl_7101]  01 7f 00 00 31 9c 12 00 01 93 00 4c ba ff c3 e8 ff d5 00 14 00 25 0a
[14:01:48.363] PACKET[TCP_prs2026hitl_7101] sensors: status=32512, uptime=3251218, filtered_accel=[0.01612, 0.78568, -0.61536], gyro=[-3.01, 1.4, 2.59]
[14:01:48.416] RX[TCP_prs2026hitl_7101]  01 77 00 00 31 9c 76 00 01 9f 00 4c ae ff c4 00 ff d5 00 17 00 22 0a
[14:01:48.433] PACKET[TCP_prs2026hitl_7101] sensors: status=30464, uptime=3251318, filtered_accel=[0.0166, 0.7852, -0.6144], gyro=[-3.01, 1.61, 2.38]
[14:01:48.660] RX[TCP_prs2026hitl_7101]  01 77 00 00 31 9c da 00 01 9f 00 4c ae ff c3 f4 ff d7 00 15 00 24 0a
[14:01:48.696] PACKET[TCP_prs2026hitl_7101] sensors: status=30464, uptime=3251418, filtered_accel=[0.0166, 0.7852, -0.61488], gyro=[-2.87, 1.47, 2.52]
[14:01:48.703] RX[TCP_prs2026hitl_7101]  01 77 00 00 31 9d 3e 00 01 93 00 4c ba ff c4 00 ff d7 00 14 00 24 0a
[14:01:48.736] PACKET[TCP_prs2026hitl_7101] sensors: status=30464, uptime=3251518, filtered_accel=[0.01612, 0.78568, -0.6144], gyro=[-2.87, 1.4, 2.52]
[14:01:48.747] RX[TCP_prs2026hitl_7101]  01 7f 00 00 31 9d a2 00 01 93 00 4c ae ff c4 00 ff d6 00 16 00 23 0a
[14:01:48.787] PACKET[TCP_prs2026hitl_7101] sensors: status=32512, uptime=3251618, filtered_accel=[0.01612, 0.7852, -0.6144], gyro=[-2.94, 1.54, 2.45]
[14:01:49.148] RX[TCP_prs2026hitl_7101]  01 7f 00 00 31 9e 06 00 01 86 00 4c ae ff c3 f4 ff d6 00 17 00 22 0a
[14:01:49.177] PACKET[TCP_prs2026hitl_7101] sensors: status=32512, uptime=3251718, filtered_accel=[0.0156, 0.7852, -0.61488], gyro=[-2.94, 1.61, 2.38]
[14:01:49.186] RX[TCP_prs2026hitl_7101]  01 7f 00 00 31 9e 6a 00 01 93 00 4c ae ff c4 0c ff d7 00 15 00 24 0a
[14:01:49.206] PACKET[TCP_prs2026hitl_7101] sensors: status=32512, uptime=3251818, filtered_accel=[0.01612, 0.7852, -0.61392], gyro=[-2.87, 1.47, 2.52]
[14:01:49.210] RX[TCP_prs2026hitl_7100]  03 00 00 00 00 00 00 00 00 00 31 9f 2d 00 00 00 13 90 0a
[14:01:49.224] PACKET[TCP_prs2026hitl_7100] camera: fc_status=0, fc_uptime=0, status=0, uptime=3252013, current_sense=[0.0, 0.0, 0.0], iris_battery_voltage=5.008
[14:01:49.229] RX[TCP_prs2026hitl_7101]  01 7f 00 00 31 9e ce 00 01 93 00 4c a2 ff c3 e8 ff d6 00 15 00 25 0a
[14:01:49.241] PACKET[TCP_prs2026hitl_7101] sensors: status=32512, uptime=3251918, filtered_accel=[0.01612, 0.78472, -0.61536], gyro=[-2.94, 1.47, 2.59]
[14:01:49.243] RX[TCP_prs2026hitl_7101]  01 77 00 00 31 9f 32 00 01 9f 00 4c ba ff c4 00 ff d5 00 17 00 22 0a
[14:01:49.257] PACKET[TCP_prs2026hitl_7101] sensors: status=30464, uptime=3252018, filtered_accel=[0.0166, 0.78568, -0.6144], gyro=[-3.01, 1.61, 2.38]
[14:01:49.263] RX[TCP_prs2026hitl_7101]  01 77 00 00 31 9f 96 00 01 9f 00 4c c6 ff c4 00 ff d6 00 16 00 24 0a 02 77 00 00 31 9f 96 00 00 00 00 00 00 00 00 00 00 00 00 00 00 00 00 00 00 00 00 00 00 00 00 00 00 00 00 00 00 00 00 00 00
[14:01:49.279] PACKET[TCP_prs2026hitl_7101] sensors: status=30464, uptime=3252118, filtered_accel=[0.0166, 0.78616, -0.6144], gyro=[-2.94, 1.54, 2.52]
[14:01:49.284] RX[TCP_prs2026hitl_7101]  00 00 00 00 00 00 00 00 00 00 00 00 00 00 00 00 43 69 20 0c 13 50 0a ff 76 00 00 31 9f 96 0a
[14:01:49.300] PACKET[TCP_prs2026hitl_7101] state: status=30464, uptime=3252118, orientation=[0.0, 0.0, 0.0, 0.0], position=[0.0, 0.0, 0.0], velocity=[0.0, 0.0, 0.0], latitude=0.0, longitude=0.0, gps_altitude=0.0, barometric_altitude=233.125183, witness_battery_voltage=4.944
[14:01:49.315] PACKET[TCP_prs2026hitl_7101] heartbeat: status=30208, uptime=3252118
[14:01:49.317] RX[TCP_prs2026hitl_7101]  01 76 00 00 31 9f fa 00 01 ab 00 4c c6 ff c3 e8 ff d6 00 15 00 25 0a
[14:01:49.321] PACKET[TCP_prs2026hitl_7101] sensors: status=30208, uptime=3252218, filtered_accel=[0.01708, 0.78616, -0.61536], gyro=[-2.94, 1.47, 2.59]
[14:01:49.422] RX[TCP_prs2026hitl_7101]  01 7e 00 00 31 a0 5e 00 01 86 00 4c a2 ff c3 f4 ff d6 00 16 00 23 0a
[14:01:49.428] PACKET[TCP_prs2026hitl_7101] sensors: status=32256, uptime=3252318, filtered_accel=[0.0156, 0.78472, -0.61488], gyro=[-2.94, 1.54, 2.45]
[14:01:49.530] RX[TCP_prs2026hitl_7101]  01 7e 00 00 31 a0 c2 00 01 93 00 4c ae ff c3 e8 ff d6 00 16 00 22 0a
[14:01:49.541] PACKET[TCP_prs2026hitl_7101] sensors: status=32256, uptime=3252418, filtered_accel=[0.01612, 0.7852, -0.61536], gyro=[-2.94, 1.54, 2.38]
[14:01:49.605] RX[TCP_prs2026hitl_7101]  01 7e 00 00 31 a1 26 00 01 93 00 4c ba ff c3 e8 ff d7 00 15 00 24 0a
[14:01:49.632] PACKET[TCP_prs2026hitl_7101] sensors: status=32256, uptime=3252518, filtered_accel=[0.01612, 0.78568, -0.61536], gyro=[-2.87, 1.47, 2.52]
[14:01:49.739] RX[TCP_prs2026hitl_7101]  01 7e 00 00 31 a1 8a 00 01 9f 00 4c ba ff c3 e8 ff d6 00 15 00 25 0a
[14:01:49.751] PACKET[TCP_prs2026hitl_7101] sensors: status=32256, uptime=3252618, filtered_accel=[0.0166, 0.78568, -0.61536], gyro=[-2.94, 1.47, 2.59]
[14:01:49.807] RX[TCP_prs2026hitl_7101]  01 76 00 00 31 a1 ee 00 01 ab 00 4c ba ff c4 00 ff d5 00 18 00 22 0a
[14:01:49.823] PACKET[TCP_prs2026hitl_7101] sensors: status=30208, uptime=3252718, filtered_accel=[0.01708, 0.78568, -0.6144], gyro=[-3.01, 1.68, 2.38]
[14:01:49.950] RX[TCP_prs2026hitl_7101]  01 76 00 00 31 a2 52 00 01 86 00 4c ae ff c3 f4 ff d7 00 16 00 24 0a
[14:01:49.977] PACKET[TCP_prs2026hitl_7101] sensors: status=30208, uptime=3252818, filtered_accel=[0.0156, 0.7852, -0.61488], gyro=[-2.87, 1.54, 2.52]
[14:01:50.113] RX[TCP_prs2026hitl_7101]  01 76 00 00 31 a2 b6 00 01 93 00 4c ba ff c4 00 ff d7 00 15 00 24 0a
[14:01:50.120] PACKET[TCP_prs2026hitl_7101] sensors: status=30208, uptime=3252918, filtered_accel=[0.01612, 0.78568, -0.6144], gyro=[-2.87, 1.47, 2.52]
[14:01:50.122] RX[TCP_prs2026hitl_7100]  03 00 00 00 00 00 00 00 00 00 31 a3 15 00 00 00 13 90 0a
[14:01:50.129] PACKET[TCP_prs2026hitl_7100] camera: fc_status=0, fc_uptime=0, status=0, uptime=3253013, current_sense=[0.0, 0.0, 0.0], iris_battery_voltage=5.008
[14:01:50.131] RX[TCP_prs2026hitl_7101]  01 7e 00 00 31 a3 1a 00 01 9f 00 4c ae ff c4 00 ff d6 00 16 00 23 0a
[14:01:50.145] PACKET[TCP_prs2026hitl_7101] sensors: status=32256, uptime=3253018, filtered_accel=[0.0166, 0.7852, -0.6144], gyro=[-2.94, 1.54, 2.45]
[14:01:50.211] RX[TCP_prs2026hitl_7101]  01 7e 00 00 31 a3 7e 00 01 9f 00 4c a2 ff c3 e8 ff d6 00 16 00 24 0a 02 7e 00 00 31 a3 7e 00 00 00 00 00 00 00 00 00 00 00 00 00 00 00 00 00 00 00 00 00 00 00 00 00 00 00 00 00 00 00 00 00 00
[14:01:50.233] PACKET[TCP_prs2026hitl_7101] sensors: status=32256, uptime=3253118, filtered_accel=[0.0166, 0.78472, -0.61536], gyro=[-2.94, 1.54, 2.52]
[14:01:50.287] RX[TCP_prs2026hitl_7101]  00 00 00 00 00 00 00 00 00 00 00 00 00 00 00 00 43 69 77 4e 13 54 0a ff 7f 00 00 31 a3 7e 0a
[14:01:50.310] PACKET[TCP_prs2026hitl_7101] state: status=32256, uptime=3253118, orientation=[0.0, 0.0, 0.0, 0.0], position=[0.0, 0.0, 0.0], velocity=[0.0, 0.0, 0.0], latitude=0.0, longitude=0.0, gps_altitude=0.0, barometric_altitude=233.466034, witness_battery_voltage=4.948
[14:01:50.314] PACKET[TCP_prs2026hitl_7101] heartbeat: status=32512, uptime=3253118
[14:01:50.318] RX[TCP_prs2026hitl_7101]  01 7f 00 00 31 a3 e2 00 01 9f 00 4c c6 ff c3 f4 ff d6 00 16 00 24 0a
[14:01:50.335] PACKET[TCP_prs2026hitl_7101] sensors: status=32512, uptime=3253218, filtered_accel=[0.0166, 0.78616, -0.61488], gyro=[-2.94, 1.54, 2.52]
[14:01:50.440] RX[TCP_prs2026hitl_7101]  01 7f 00 00 31 a4 46 00 01 9f 00 4c a2 ff c3 f4 ff d7 00 15 00 24 0a
[14:01:50.453] PACKET[TCP_prs2026hitl_7101] sensors: status=32512, uptime=3253318, filtered_accel=[0.0166, 0.78472, -0.61488], gyro=[-2.87, 1.47, 2.52]
[14:01:50.504] RX[TCP_prs2026hitl_7101]  01 77 00 00 31 a4 aa 00 01 93 00 4c ae ff c4 00 ff d5 00 17 00 21 0a
[14:01:50.511] PACKET[TCP_prs2026hitl_7101] sensors: status=30464, uptime=3253418, filtered_accel=[0.01612, 0.7852, -0.6144], gyro=[-3.01, 1.61, 2.31]
[14:01:50.612] RX[TCP_prs2026hitl_7101]  01 77 00 00 31 a5 0e 00 01 7a 00 4c ae ff c4 00 ff d6 00 15 00 24 0a
[14:01:50.622] PACKET[TCP_prs2026hitl_7101] sensors: status=30464, uptime=3253518, filtered_accel=[0.01512, 0.7852, -0.6144], gyro=[-2.94, 1.47, 2.52]
[14:01:50.726] RX[TCP_prs2026hitl_7101]  01 77 00 00 31 a5 72 00 01 86 00 4c ae ff c4 0c ff d7 00 15 00 25 0a
[14:01:50.744] PACKET[TCP_prs2026hitl_7101] sensors: status=30464, uptime=3253618, filtered_accel=[0.0156, 0.7852, -0.61392], gyro=[-2.87, 1.47, 2.59]
[14:01:50.808] RX[TCP_prs2026hitl_7101]  01 7f 00 00 31 a5 d6 00 01 86 00 4c ae ff c3 f4 ff d6 00 16 00 24 0a
[14:01:50.827] PACKET[TCP_prs2026hitl_7101] sensors: status=32512, uptime=3253718, filtered_accel=[0.0156, 0.7852, -0.61488], gyro=[-2.94, 1.54, 2.52]
[14:01:50.981] RX[TCP_prs2026hitl_7101]  01 7f 00 00 31 a6 3a 00 01 9f 00 4c ba ff c3 f4 ff d6 00 16 00 23 0a
[14:01:50.995] PACKET[TCP_prs2026hitl_7101] sensors: status=32512, uptime=3253818, filtered_accel=[0.0166, 0.78568, -0.61488], gyro=[-2.94, 1.54, 2.45]
[14:01:51.046] RX[TCP_prs2026hitl_7101]  01 7f 00 00 31 a6 9e 00 01 9f 00 4c ae ff c4 00 ff d7 00 14 00 24 0a
[14:01:51.063] PACKET[TCP_prs2026hitl_7101] sensors: status=32512, uptime=3253918, filtered_accel=[0.0166, 0.7852, -0.6144], gyro=[-2.87, 1.4, 2.52]
[14:01:51.115] RX[TCP_prs2026hitl_7100]  03 00 00 00 00 00 00 00 00 00 31 a6 fd 00 00 00 13 94 0a
[14:01:51.148] PACKET[TCP_prs2026hitl_7100] camera: fc_status=0, fc_uptime=0, status=0, uptime=3254013, current_sense=[0.0, 0.0, 0.0], iris_battery_voltage=5.012
[14:01:51.151] RX[TCP_prs2026hitl_7101]  01 7f 00 00 31 a7 02 00 01 86 00 4c 89 ff c3 dc ff d7 00 15 00 24 0a
[14:01:51.164] PACKET[TCP_prs2026hitl_7101] sensors: status=32512, uptime=3254018, filtered_accel=[0.0156, 0.78372, -0.61584], gyro=[-2.87, 1.47, 2.52]
[14:01:51.257] RX[TCP_prs2026hitl_7101]  01 77 00 00 31 a7 66 00 01 ab 00 4c ba ff c4 0c ff d6 00 18 00 22 0a 02 77 00 00 31 a7 66 00 00 00 00 00 00 00 00 00 00 00 00 00 00 00 00 00 00 00 00 00 00 00 00 00 00 00 00 00 00 00 00 00 00
[14:01:51.262] PACKET[TCP_prs2026hitl_7101] sensors: status=30464, uptime=3254118, filtered_accel=[0.01708, 0.78568, -0.61392], gyro=[-2.94, 1.68, 2.38]
[14:01:51.263] RX[TCP_prs2026hitl_7101]  00 00 00 00 00 00 00 00 00 00 00 00 00 00 00 00 43 69 61 a9 13 54 0a ff 76 00 00 31 a7 66 0a
[14:01:51.276] PACKET[TCP_prs2026hitl_7101] state: status=30464, uptime=3254118, orientation=[0.0, 0.0, 0.0, 0.0], position=[0.0, 0.0, 0.0], velocity=[0.0, 0.0, 0.0], latitude=0.0, longitude=0.0, gps_altitude=0.0, barometric_altitude=233.381485, witness_battery_voltage=4.948
[14:01:51.290] PACKET[TCP_prs2026hitl_7101] heartbeat: status=30208, uptime=3254118
[14:01:51.344] RX[TCP_prs2026hitl_7101]  01 76 00 00 31 a7 ca 00 01 9f 00 4c ba ff c3 f4 ff d6 00 15 00 24 0a
[14:01:51.416] PACKET[TCP_prs2026hitl_7101] sensors: status=30208, uptime=3254218, filtered_accel=[0.0166, 0.78568, -0.61488], gyro=[-2.94, 1.47, 2.52]
[14:01:51.439] RX[TCP_prs2026hitl_7101]  01 76 00 00 31 a8 2e 00 01 9f 00 4c ae ff c3 f4 ff d6 00 15 00 24 0a
[14:01:51.496] PACKET[TCP_prs2026hitl_7101] sensors: status=30208, uptime=3254318, filtered_accel=[0.0166, 0.7852, -0.61488], gyro=[-2.94, 1.47, 2.52]
[14:01:51.507] RX[TCP_prs2026hitl_7101]  01 7e 00 00 31 a8 92 00 01 86 00 4c ae ff c3 e8 ff d6 00 16 00 23 0a
[14:01:51.548] PACKET[TCP_prs2026hitl_7101] sensors: status=32256, uptime=3254418, filtered_accel=[0.0156, 0.7852, -0.61536], gyro=[-2.94, 1.54, 2.45]
[14:01:51.666] RX[TCP_prs2026hitl_7101]  01 7e 00 00 31 a8 f6 00 01 9f 00 4c ba ff c3 f4 ff d5 00 16 00 22 0a
[14:01:51.675] PACKET[TCP_prs2026hitl_7101] sensors: status=32256, uptime=3254518, filtered_accel=[0.0166, 0.78568, -0.61488], gyro=[-3.01, 1.54, 2.38]
[14:01:51.727] RX[TCP_prs2026hitl_7101]  01 7e 00 00 31 a9 5a 00 01 ab 00 4c ae ff c3 e8 ff d7 00 15 00 23 0a
[14:01:51.738] PACKET[TCP_prs2026hitl_7101] sensors: status=32256, uptime=3254618, filtered_accel=[0.01708, 0.7852, -0.61536], gyro=[-2.87, 1.47, 2.45]
[14:01:51.841] RX[TCP_prs2026hitl_7101]  01 7e 00 00 31 a9 be 00 01 ab 00 4c ae ff c4 00 ff d6 00 15 00 24 0a
[14:01:51.856] PACKET[TCP_prs2026hitl_7101] sensors: status=32256, uptime=3254718, filtered_accel=[0.01708, 0.7852, -0.6144], gyro=[-2.94, 1.47, 2.52]
[14:01:51.913] RX[TCP_prs2026hitl_7101]  01 76 00 00 31 aa 22 00 01 93 00 4c ba ff c3 e8 ff d6 00 18 00 22 0a
[14:01:51.932] PACKET[TCP_prs2026hitl_7101] sensors: status=30208, uptime=3254818, filtered_accel=[0.01612, 0.78568, -0.61536], gyro=[-2.94, 1.68, 2.38]
[14:01:52.042] RX[TCP_prs2026hitl_7101]  01 76 00 00 31 aa 86 00 01 9f 00 4c ba ff c4 00 ff d5 00 16 00 24 0a
[14:01:52.059] PACKET[TCP_prs2026hitl_7101] sensors: status=30208, uptime=3254918, filtered_accel=[0.0166, 0.78568, -0.6144], gyro=[-3.01, 1.54, 2.52]
[14:01:52.081] RX[TCP_prs2026hitl_7100]  03 00 00 00 00 00 00 00 00 00 31 aa e5 00 00 00 13 94 0a
[14:01:52.130] PACKET[TCP_prs2026hitl_7100] camera: fc_status=0, fc_uptime=0, status=0, uptime=3255013, current_sense=[0.0, 0.0, 0.0], iris_battery_voltage=5.012
[14:01:52.158] RX[TCP_prs2026hitl_7101]  01 76 00 00 31 aa ea 00 01 9f 00 4c ba ff c4 00 ff d7 00 15 00 25 0a
[14:01:52.206] PACKET[TCP_prs2026hitl_7101] sensors: status=30208, uptime=3255018, filtered_accel=[0.0166, 0.78568, -0.6144], gyro=[-2.87, 1.47, 2.59]
[14:01:52.229] RX[TCP_prs2026hitl_7101]  01 7e 00 00 31 ab 4e 00 01 86 00 4c ba ff c3 f4 ff d6 00 16 00 23 0a 02 7e 00 00 31 ab 4e 00 00 00 00 00 00 00 00 00 00 00 00 00 00 00 00 00 00 00 00 00 00 00 00 00 00 00 00 00 00 00 00 00 00
[14:01:52.263] PACKET[TCP_prs2026hitl_7101] sensors: status=32256, uptime=3255118, filtered_accel=[0.0156, 0.78568, -0.61488], gyro=[-2.94, 1.54, 2.45]
[14:01:52.264] RX[TCP_prs2026hitl_7101]  00 00 00 00 00 00 00 00 00 00 00 00 00 00 00 00 43 69 61 a9 13 54 0a ff 7f 00 00 31 ab 4e 0a
[14:01:52.271] PACKET[TCP_prs2026hitl_7101] state: status=32256, uptime=3255118, orientation=[0.0, 0.0, 0.0, 0.0], position=[0.0, 0.0, 0.0], velocity=[0.0, 0.0, 0.0], latitude=0.0, longitude=0.0, gps_altitude=0.0, barometric_altitude=233.381485, witness_battery_voltage=4.948
[14:01:52.278] PACKET[TCP_prs2026hitl_7101] heartbeat: status=32512, uptime=3255118
[14:01:52.329] RX[TCP_prs2026hitl_7101]  01 7f 00 00 31 ab b2 00 01 9f 00 4c ba ff c3 e8 ff d6 00 17 00 23 0a
[14:01:52.341] PACKET[TCP_prs2026hitl_7101] sensors: status=32512, uptime=3255218, filtered_accel=[0.0166, 0.78568, -0.61536], gyro=[-2.94, 1.61, 2.45]
[14:01:52.395] RX[TCP_prs2026hitl_7101]  01 7f 00 00 31 ac 16 00 01 93 00 4c a2 ff c4 0c ff d7 00 15 00 24 0a
[14:01:52.418] PACKET[TCP_prs2026hitl_7101] sensors: status=32512, uptime=3255318, filtered_accel=[0.01612, 0.78472, -0.61392], gyro=[-2.87, 1.47, 2.52]
[14:01:52.522] RX[TCP_prs2026hitl_7101]  01 7f 00 00 31 ac 7a 00 01 9f 00 4c ba ff c4 31 ff d6 00 15 00 24 0a
[14:01:52.544] PACKET[TCP_prs2026hitl_7101] sensors: status=32512, uptime=3255418, filtered_accel=[0.0166, 0.78568, -0.61244], gyro=[-2.94, 1.47, 2.52]
[14:01:52.601] RX[TCP_prs2026hitl_7101]  01 77 00 00 31 ac de 00 01 93 00 4c ba ff c3 e8 ff d6 00 17 00 22 0a
[14:01:52.624] PACKET[TCP_prs2026hitl_7101] sensors: status=30464, uptime=3255518, filtered_accel=[0.01612, 0.78568, -0.61536], gyro=[-2.94, 1.61, 2.38]
[14:01:52.831] RX[TCP_prs2026hitl_7101]  01 77 00 00 31 ad 42 00 01 86 00 4c 95 ff c4 0c ff d6 00 16 00 24 0a
[14:01:52.887] PACKET[TCP_prs2026hitl_7101] sensors: status=30464, uptime=3255618, filtered_accel=[0.0156, 0.7842, -0.61392], gyro=[-2.94, 1.54, 2.52]
[14:01:52.912] RX[TCP_prs2026hitl_7101]  01 77 00 00 31 ad a6 00 01 9f 00 4c ba ff c4 00 ff d7 00 15 00 24 0a
[14:01:52.967] PACKET[TCP_prs2026hitl_7101] sensors: status=30464, uptime=3255718, filtered_accel=[0.0166, 0.78568, -0.6144], gyro=[-2.87, 1.47, 2.52]
[14:01:52.971] RX[TCP_prs2026hitl_7101]  01 7f 00 00 31 ae 0a 00 01 93 00 4c ae ff c4 00 ff d6 00 16 00 24 0a
[14:01:52.977] PACKET[TCP_prs2026hitl_7101] sensors: status=32512, uptime=3255818, filtered_accel=[0.01612, 0.7852, -0.6144], gyro=[-2.94, 1.54, 2.52]
[14:01:53.083] RX[TCP_prs2026hitl_7101]  01 7f 00 00 31 ae 6e 00 01 9f 00 4c ae ff c3 e8 ff d6 00 17 00 23 0a
[14:01:53.089] PACKET[TCP_prs2026hitl_7101] sensors: status=32512, uptime=3255918, filtered_accel=[0.0166, 0.7852, -0.61536], gyro=[-2.94, 1.61, 2.45]
[14:01:53.089] RX[TCP_prs2026hitl_7100]  03 00 00 00 00 00 00 00 00 00 31 ae cd 00 00 00 13 94 0a
[14:01:53.096] PACKET[TCP_prs2026hitl_7100] camera: fc_status=0, fc_uptime=0, status=0, uptime=3256013, current_sense=[0.0, 0.0, 0.0], iris_battery_voltage=5.012
[14:01:53.098] RX[TCP_prs2026hitl_7101]  01 7f 00 00 31 ae d2 00 01 9f 00 4c a2 ff c4 00 ff d7 00 15 00 24 0a
[14:01:53.107] PACKET[TCP_prs2026hitl_7101] sensors: status=32512, uptime=3256018, filtered_accel=[0.0166, 0.78472, -0.6144], gyro=[-2.87, 1.47, 2.52]
[14:01:53.216] RX[TCP_prs2026hitl_7101]  01 7f 00 00 31 af 36 00 01 86 00 4c ae ff c3 f4 ff d6 00 15 00 25 0a 02 7f 00 00 31 af 36 00 00 00 00 00 00 00 00 00 00 00 00 00 00 00 00 00 00 00 00 00 00 00 00 00 00 00 00 00 00 00 00 00 00
[14:01:53.224] PACKET[TCP_prs2026hitl_7101] sensors: status=32512, uptime=3256118, filtered_accel=[0.0156, 0.7852, -0.61488], gyro=[-2.94, 1.47, 2.59]
[14:01:53.278] RX[TCP_prs2026hitl_7101]  00 00 00 00 00 00 00 00 00 00 00 00 00 00 00 00 43 69 35 b1 13 50 0a ff 7e 00 00 31 af 36 0a
[14:01:53.292] PACKET[TCP_prs2026hitl_7101] state: status=32512, uptime=3256118, orientation=[0.0, 0.0, 0.0, 0.0], position=[0.0, 0.0, 0.0], velocity=[0.0, 0.0, 0.0], latitude=0.0, longitude=0.0, gps_altitude=0.0, barometric_altitude=233.209732, witness_battery_voltage=4.944
[14:01:53.298] PACKET[TCP_prs2026hitl_7101] heartbeat: status=32256, uptime=3256118
[14:01:53.299] RX[TCP_prs2026hitl_7101]  01 76 00 00 31 af 9a 00 01 93 00 4c a2 ff c3 dc ff d6 00 18 00 21 0a
[14:01:53.304] PACKET[TCP_prs2026hitl_7101] sensors: status=30208, uptime=3256218, filtered_accel=[0.01612, 0.78472, -0.61584], gyro=[-2.94, 1.68, 2.31]
[14:01:53.413] RX[TCP_prs2026hitl_7101]  01 76 00 00 31 af fe 00 01 9f 00 4c ba ff c3 f4 ff d7 00 15 00 23 0a
[14:01:53.424] PACKET[TCP_prs2026hitl_7101] sensors: status=30208, uptime=3256318, filtered_accel=[0.0166, 0.78568, -0.61488], gyro=[-2.87, 1.47, 2.45]
[14:01:53.528] RX[TCP_prs2026hitl_7101]  01 76 00 00 31 b0 62 00 01 9f 00 4c c6 ff c3 f4 ff d6 00 15 00 24 0a
[14:01:53.535] PACKET[TCP_prs2026hitl_7101] sensors: status=30208, uptime=3256418, filtered_accel=[0.0166, 0.78616, -0.61488], gyro=[-2.94, 1.47, 2.52]
[14:01:53.637] RX[TCP_prs2026hitl_7101]  01 7e 00 00 31 b0 c6 00 01 9f 00 4c 95 ff c4 00 ff d5 00 17 00 23 0a
[14:01:53.646] PACKET[TCP_prs2026hitl_7101] sensors: status=32256, uptime=3256518, filtered_accel=[0.0166, 0.7842, -0.6144], gyro=[-3.01, 1.61, 2.45]
[14:01:53.700] RX[TCP_prs2026hitl_7101]  01 7e 00 00 31 b1 2a 00 01 9f 00 4c a2 ff c4 00 ff d6 00 17 00 22 0a
[14:01:53.723] PACKET[TCP_prs2026hitl_7101] sensors: status=32256, uptime=3256618, filtered_accel=[0.0166, 0.78472, -0.6144], gyro=[-2.94, 1.61, 2.38]
[14:01:53.827] RX[TCP_prs2026hitl_7101]  01 7e 00 00 31 b1 8e 00 01 9f 00 4c a2 ff c3 dc ff d6 00 15 00 25 0a
[14:01:53.841] PACKET[TCP_prs2026hitl_7101] sensors: status=32256, uptime=3256718, filtered_accel=[0.0166, 0.78472, -0.61584], gyro=[-2.94, 1.47, 2.59]
[14:01:53.904] RX[TCP_prs2026hitl_7101]  01 7e 00 00 31 b1 f2 00 01 93 00 4c ba ff c4 00 ff d7 00 14 00 25 0a
[14:01:53.934] PACKET[TCP_prs2026hitl_7101] sensors: status=32256, uptime=3256818, filtered_accel=[0.01612, 0.78568, -0.6144], gyro=[-2.87, 1.4, 2.59]
[14:01:53.993] RX[TCP_prs2026hitl_7101]  01 76 00 00 31 b2 56 00 01 9f 00 4c ae ff c4 00 ff d6 00 17 00 22 0a
[14:01:54.004] PACKET[TCP_prs2026hitl_7101] sensors: status=30208, uptime=3256918, filtered_accel=[0.0166, 0.7852, -0.6144], gyro=[-2.94, 1.61, 2.38]
[14:01:54.129] RX[TCP_prs2026hitl_7100]  03 00 00 00 00 00 00 00 00 00 31 b2 b5 00 00 00 13 90 0a
[14:01:54.148] PACKET[TCP_prs2026hitl_7100] camera: fc_status=0, fc_uptime=0, status=0, uptime=3257013, current_sense=[0.0, 0.0, 0.0], iris_battery_voltage=5.008
[14:01:54.149] RX[TCP_prs2026hitl_7101]  01 76 00 00 31 b2 ba 00 01 9f 00 4c ae ff c4 00 ff d6 00 16 00 24 0a
[14:01:54.160] PACKET[TCP_prs2026hitl_7101] sensors: status=30208, uptime=3257018, filtered_accel=[0.0166, 0.7852, -0.6144], gyro=[-2.94, 1.54, 2.52]
[14:01:54.214] RX[TCP_prs2026hitl_7101]  01 76 00 00 31 b3 1e 00 01 93 00 4c 95 ff c3 dc ff d6 00 14 00 25 0a 02 76 00 00 31 b3 1e 00 00 00 00 00 00 00 00 00 00 00 00 00 00 00 00 00 00 00 00 00 00 00 00 00 00 00 00 00 00 00 00 00 00
[14:01:54.233] PACKET[TCP_prs2026hitl_7101] sensors: status=30208, uptime=3257118, filtered_accel=[0.01612, 0.7842, -0.61584], gyro=[-2.94, 1.4, 2.59]
[14:01:54.286] RX[TCP_prs2026hitl_7101]  00 00 00 00 00 00 00 00 00 00 00 00 00 00 00 00 43 69 61 a9 13 50 0a ff 77 00 00 31 b3 1e 0a
[14:01:54.296] PACKET[TCP_prs2026hitl_7101] state: status=30208, uptime=3257118, orientation=[0.0, 0.0, 0.0, 0.0], position=[0.0, 0.0, 0.0], velocity=[0.0, 0.0, 0.0], latitude=0.0, longitude=0.0, gps_altitude=0.0, barometric_altitude=233.381485, witness_battery_voltage=4.944
[14:01:54.300] PACKET[TCP_prs2026hitl_7101] heartbeat: status=30464, uptime=3257118
[14:01:54.301] RX[TCP_prs2026hitl_7101]  01 7f 00 00 31 b3 82 00 01 9f 00 4c ba ff c4 00 ff d6 00 17 00 23 0a
[14:01:54.310] PACKET[TCP_prs2026hitl_7101] sensors: status=32512, uptime=3257218, filtered_accel=[0.0166, 0.78568, -0.6144], gyro=[-2.94, 1.61, 2.45]
[14:01:54.414] RX[TCP_prs2026hitl_7101]  01 7f 00 00 31 b3 e6 00 01 93 00 4c ae ff c4 19 ff d6 00 16 00 23 0a
[14:01:54.419] PACKET[TCP_prs2026hitl_7101] sensors: status=32512, uptime=3257318, filtered_accel=[0.01612, 0.7852, -0.6134], gyro=[-2.94, 1.54, 2.45]
[14:01:54.571] RX[TCP_prs2026hitl_7101]  01 7f 00 00 31 b4 4a 00 01 86 00 4c ae ff c4 0c ff d6 00 15 00 24 0a
[14:01:54.579] PACKET[TCP_prs2026hitl_7101] sensors: status=32512, uptime=3257418, filtered_accel=[0.0156, 0.7852, -0.61392], gyro=[-2.94, 1.47, 2.52]
[14:01:54.631] RX[TCP_prs2026hitl_7101]  01 7f 00 00 31 b4 ae 00 01 9f 00 4c ba ff c4 00 ff d6 00 15 00 25 0a
[14:01:54.637] PACKET[TCP_prs2026hitl_7101] sensors: status=32512, uptime=3257518, filtered_accel=[0.0166, 0.78568, -0.6144], gyro=[-2.94, 1.47, 2.59]
[14:01:54.738] RX[TCP_prs2026hitl_7101]  01 77 00 00 31 b5 12 00 01 86 00 4c ae ff c3 e8 ff d6 00 16 00 22 0a
[14:01:54.748] PACKET[TCP_prs2026hitl_7101] sensors: status=30464, uptime=3257618, filtered_accel=[0.0156, 0.7852, -0.61536], gyro=[-2.94, 1.54, 2.38]
[14:01:54.800] RX[TCP_prs2026hitl_7101]  01 77 00 00 31 b5 76 00 01 93 00 4c a2 ff c3 dc ff d7 00 16 00 24 0a
[14:01:54.808] PACKET[TCP_prs2026hitl_7101] sensors: status=30464, uptime=3257718, filtered_accel=[0.01612, 0.78472, -0.61584], gyro=[-2.87, 1.54, 2.52]
[14:01:54.913] RX[TCP_prs2026hitl_7101]  01 77 00 00 31 b5 da 00 01 9f 00 4c ae ff c4 0c ff d7 00 15 00 25 0a
[14:01:54.929] PACKET[TCP_prs2026hitl_7101] sensors: status=30464, uptime=3257818, filtered_accel=[0.0166, 0.7852, -0.61392], gyro=[-2.87, 1.47, 2.59]
[14:01:55.003] RX[TCP_prs2026hitl_7101]  01 7f 00 00 31 b6 3e 00 01 ab 00 4c d2 ff c4 0c ff d5 00 17 00 22 0a
[14:01:55.023] PACKET[TCP_prs2026hitl_7101] sensors: status=32512, uptime=3257918, filtered_accel=[0.01708, 0.78664, -0.61392], gyro=[-3.01, 1.61, 2.38]
[14:01:55.091] RX[TCP_prs2026hitl_7100]  03 00 00 00 00 00 00 00 00 00 31 b6 9d 00 00 00 13 90 0a
[14:01:55.110] PACKET[TCP_prs2026hitl_7100] camera: fc_status=0, fc_uptime=0, status=0, uptime=3258013, current_sense=[0.0, 0.0, 0.0], iris_battery_voltage=5.008
[14:01:55.111] RX[TCP_prs2026hitl_7101]  01 7f 00 00 31 b6 a2 00 01 9f 00 4c a2 ff c3 f4 ff d6 00 17 00 23 0a
[14:01:55.120] PACKET[TCP_prs2026hitl_7101] sensors: status=32512, uptime=3258018, filtered_accel=[0.0166, 0.78472, -0.61488], gyro=[-2.94, 1.61, 2.45]
[14:01:55.234] RX[TCP_prs2026hitl_7101]  01 7f 00 00 31 b7 06 00 01 93 00 4c ba ff c3 f4 ff d6 00 15 00 25 0a 02 7f 00 00 31 b7 06 00 00 00 00 00 00 00 00 00 00 00 00 00 00 00 00 00 00 00 00 00 00 00 00 00 00 00 00 00 00 00 00 00 00
[14:01:55.243] PACKET[TCP_prs2026hitl_7101] sensors: status=32512, uptime=3258118, filtered_accel=[0.01612, 0.78568, -0.61488], gyro=[-2.94, 1.47, 2.59]
[14:01:55.340] RX[TCP_prs2026hitl_7101]  00 00 00 00 00 00 00 00 00 00 00 00 00 00 00 00 43 69 4c 04 13 50 0a ff 7e 00 00 31 b7 06 0a
[14:01:55.355] PACKET[TCP_prs2026hitl_7101] state: status=32512, uptime=3258118, orientation=[0.0, 0.0, 0.0, 0.0], position=[0.0, 0.0, 0.0], velocity=[0.0, 0.0, 0.0], latitude=0.0, longitude=0.0, gps_altitude=0.0, barometric_altitude=233.296936, witness_battery_voltage=4.944
[14:01:55.390] PACKET[TCP_prs2026hitl_7101] heartbeat: status=32256, uptime=3258118
[14:01:55.410] RX[TCP_prs2026hitl_7101]  01 7e 00 00 31 b7 6a 00 01 93 00 4c ba ff c3 e8 ff d6 00 15 00 25 0a
[14:01:55.432] PACKET[TCP_prs2026hitl_7101] sensors: status=32256, uptime=3258218, filtered_accel=[0.01612, 0.78568, -0.61536], gyro=[-2.94, 1.47, 2.59]
[14:01:55.451] RX[TCP_prs2026hitl_7101]  01 76 00 00 31 b7 ce 00 01 93 00 4c a2 ff c3 e8 ff d7 00 16 00 22 0a
[14:01:55.466] PACKET[TCP_prs2026hitl_7101] sensors: status=30208, uptime=3258318, filtered_accel=[0.01612, 0.78472, -0.61536], gyro=[-2.87, 1.54, 2.38]
[14:01:55.623] RX[TCP_prs2026hitl_7101]  01 76 00 00 31 b8 32 00 01 ab 00 4c ba ff c4 00 ff d6 00 15 00 24 0a
[14:01:55.630] PACKET[TCP_prs2026hitl_7101] sensors: status=30208, uptime=3258418, filtered_accel=[0.01708, 0.78568, -0.6144], gyro=[-2.94, 1.47, 2.52]
[14:01:55.632] RX[TCP_prs2026hitl_7101]  01 76 00 00 31 b8 96 00 01 9f 00 4c ae ff c3 f4 ff d6 00 15 00 24 0a
[14:01:55.639] PACKET[TCP_prs2026hitl_7101] sensors: status=30208, uptime=3258518, filtered_accel=[0.0166, 0.7852, -0.61488], gyro=[-2.94, 1.47, 2.52]
[14:01:55.696] RX[TCP_prs2026hitl_7101]  01 7e 00 00 31 b8 fa 00 01 93 00 4c ae ff c3 dc ff d5 00 17 00 22 0a
[14:01:55.716] PACKET[TCP_prs2026hitl_7101] sensors: status=32256, uptime=3258618, filtered_accel=[0.01612, 0.7852, -0.61584], gyro=[-3.01, 1.61, 2.38]
[14:01:55.834] RX[TCP_prs2026hitl_7101]  01 7e 00 00 31 b9 5e 00 01 93 00 4c a2 ff c4 00 ff d6 00 17 00 23 0a
[14:01:55.850] PACKET[TCP_prs2026hitl_7101] sensors: status=32256, uptime=3258718, filtered_accel=[0.01612, 0.78472, -0.6144], gyro=[-2.94, 1.61, 2.45]
[14:01:55.912] RX[TCP_prs2026hitl_7101]  01 7e 00 00 31 b9 c2 00 01 93 00 4c a2 ff c3 dc ff d7 00 14 00 25 0a
[14:01:55.933] PACKET[TCP_prs2026hitl_7101] sensors: status=32256, uptime=3258818, filtered_accel=[0.01612, 0.78472, -0.61584], gyro=[-2.87, 1.4, 2.59]
[14:01:56.091] RX[TCP_prs2026hitl_7101]  01 7e 00 00 31 ba 26 00 01 9f 00 4c ae ff c4 0c ff d7 00 14 00 24 0a
[14:01:56.162] PACKET[TCP_prs2026hitl_7101] sensors: status=32256, uptime=3258918, filtered_accel=[0.0166, 0.7852, -0.61392], gyro=[-2.87, 1.4, 2.52]
[14:01:56.180] RX[TCP_prs2026hitl_7100]  03 00 00 00 00 00 00 00 00 00 31 ba 85 00 00 00 13 94 0a
[14:01:56.212] PACKET[TCP_prs2026hitl_7100] camera: fc_status=0, fc_uptime=0, status=0, uptime=3259013, current_sense=[0.0, 0.0, 0.0], iris_battery_voltage=5.012
[14:01:56.227] RX[TCP_prs2026hitl_7101]  01 76 00 00 31 ba 8a 00 01 9f 00 4c ba ff c4 00 ff d5 00 17 00 22 0a
[14:01:56.271] PACKET[TCP_prs2026hitl_7101] sensors: status=30208, uptime=3259018, filtered_accel=[0.0166, 0.78568, -0.6144], gyro=[-3.01, 1.61, 2.38]
[14:01:56.273] RX[TCP_prs2026hitl_7101]  01 76 00 00 31 ba ee 00 01 9f 00 4c ae ff c4 00 ff d6 00 15 00 24 0a 02 76 00 00 31 ba ee 00 00 00 00 00 00 00 00 00 00 00 00 00 00 00 00 00 00 00 00 00 00 00 00 00 00 00 00 00 00 00 00 00 00
[14:01:56.283] PACKET[TCP_prs2026hitl_7101] sensors: status=30208, uptime=3259118, filtered_accel=[0.0166, 0.7852, -0.6144], gyro=[-2.94, 1.47, 2.52]
[14:01:56.285] RX[TCP_prs2026hitl_7101]  00 00 00 00 00 00 00 00 00 00 00 00 00 00 00 00 43 69 35 b1 13 44 0a ff 77 00 00 31 ba ee 0a
[14:01:56.294] PACKET[TCP_prs2026hitl_7101] state: status=30208, uptime=3259118, orientation=[0.0, 0.0, 0.0, 0.0], position=[0.0, 0.0, 0.0], velocity=[0.0, 0.0, 0.0], latitude=0.0, longitude=0.0, gps_altitude=0.0, barometric_altitude=233.209732, witness_battery_voltage=4.932
[14:01:56.304] PACKET[TCP_prs2026hitl_7101] heartbeat: status=30464, uptime=3259118
[14:01:56.306] RX[TCP_prs2026hitl_7101]  01 77 00 00 31 bb 52 00 01 93 00 4c ae ff c3 e8 ff d6 00 15 00 25 0a
[14:01:56.316] PACKET[TCP_prs2026hitl_7101] sensors: status=30464, uptime=3259218, filtered_accel=[0.01612, 0.7852, -0.61536], gyro=[-2.94, 1.47, 2.59]
[14:01:56.428] RX[TCP_prs2026hitl_7101]  01 7f 00 00 31 bb b6 00 01 9f 00 4c a2 ff c3 f4 ff d6 00 16 00 22 0a
[14:01:56.488] PACKET[TCP_prs2026hitl_7101] sensors: status=32512, uptime=3259318, filtered_accel=[0.0166, 0.78472, -0.61488], gyro=[-2.94, 1.54, 2.38]
[14:01:56.509] RX[TCP_prs2026hitl_7101]  01 7f 00 00 31 bc 1a 00 01 ab 00 4c ba ff c3 e8 ff d6 00 16 00 23 0a
[14:01:56.567] PACKET[TCP_prs2026hitl_7101] sensors: status=32512, uptime=3259418, filtered_accel=[0.01708, 0.78568, -0.61536], gyro=[-2.94, 1.54, 2.45]
[14:01:56.742] RX[TCP_prs2026hitl_7101]  01 7f 00 00 31 bc 7e 00 01 9f 00 4c ae ff c4 00 ff d6 00 15 00 24 0a
[14:01:56.801] PACKET[TCP_prs2026hitl_7101] sensors: status=32512, uptime=3259518, filtered_accel=[0.0166, 0.7852, -0.6144], gyro=[-2.94, 1.47, 2.52]
[14:01:56.814] RX[TCP_prs2026hitl_7101]  01 7f 00 00 31 bc e2 00 01 9f 00 4c ba ff c3 f4 ff d6 00 15 00 24 0a
[14:01:56.843] PACKET[TCP_prs2026hitl_7101] sensors: status=32512, uptime=3259618, filtered_accel=[0.0166, 0.78568, -0.61488], gyro=[-2.94, 1.47, 2.52]
[14:01:56.848] RX[TCP_prs2026hitl_7101]  01 77 00 00 31 bd 46 00 01 9f 00 4c a2 ff c4 00 ff d6 00 17 00 22 0a
[14:01:56.871] PACKET[TCP_prs2026hitl_7101] sensors: status=30464, uptime=3259718, filtered_accel=[0.0166, 0.78472, -0.6144], gyro=[-2.94, 1.61, 2.38]
[14:01:56.945] RX[TCP_prs2026hitl_7101]  01 77 00 00 31 bd aa 00 01 93 00 4c a2 ff c3 f4 ff d6 00 15 00 24 0a
[14:01:56.956] PACKET[TCP_prs2026hitl_7101] sensors: status=30464, uptime=3259818, filtered_accel=[0.01612, 0.78472, -0.61488], gyro=[-2.94, 1.47, 2.52]
[14:01:57.007] RX[TCP_prs2026hitl_7101]  01 77 00 00 31 be 0e 00 01 9f 00 4c ae ff c3 e8 ff d6 00 15 00 25 0a
[14:01:57.017] PACKET[TCP_prs2026hitl_7101] sensors: status=30464, uptime=3259918, filtered_accel=[0.0166, 0.7852, -0.61536], gyro=[-2.94, 1.47, 2.59]
[14:01:57.122] RX[TCP_prs2026hitl_7101]  01 7f 00 00 31 be 72 00 01 93 00 4c ba ff c3 f4 ff d6 00 17 00 23 0a
[14:01:57.166] PACKET[TCP_prs2026hitl_7101] sensors: status=32512, uptime=3260018, filtered_accel=[0.01612, 0.78568, -0.61488], gyro=[-2.94, 1.61, 2.45]
[14:01:57.180] RX[TCP_prs2026hitl_7100]  03 00 00 00 00 00 00 00 00 00 31 be 6d 00 00 00 13 98 0a
[14:01:57.225] PACKET[TCP_prs2026hitl_7100] camera: fc_status=0, fc_uptime=0, status=0, uptime=3260013, current_sense=[0.0, 0.0, 0.0], iris_battery_voltage=5.016
[14:01:57.238] RX[TCP_prs2026hitl_7101]  01 7f 00 00 31 be d6 00 01 9f 00 4c ba ff c3 f4 ff d6 00 16 00 23 0a 02 7f 00 00 31 be d6 00 00 00 00 00 00 00 00 00 00 00 00 00 00 00 00 00 00 00 00 00 00 00 00 00 00 00 00 00 00 00 00 00 00
[14:01:57.269] PACKET[TCP_prs2026hitl_7101] sensors: status=32512, uptime=3260118, filtered_accel=[0.0166, 0.78568, -0.61488], gyro=[-2.94, 1.54, 2.45]
[14:01:57.342] RX[TCP_prs2026hitl_7101]  00 00 00 00 00 00 00 00 00 00 00 00 00 00 00 00 43 69 4c 04 13 50 0a ff 7e 00 00 31 be d6 0a 01 7e 00 00 31 bf 3a 00 01 93 00 4c ae ff c4 00 ff d6 00 16 00 24 0a
[14:01:57.358] PACKET[TCP_prs2026hitl_7101] state: status=32512, uptime=3260118, orientation=[0.0, 0.0, 0.0, 0.0], position=[0.0, 0.0, 0.0], velocity=[0.0, 0.0, 0.0], latitude=0.0, longitude=0.0, gps_altitude=0.0, barometric_altitude=233.296936, witness_battery_voltage=4.944
[14:01:57.366] PACKET[TCP_prs2026hitl_7101] heartbeat: status=32256, uptime=3260118
[14:01:57.373] PACKET[TCP_prs2026hitl_7101] sensors: status=32256, uptime=3260218, filtered_accel=[0.01612, 0.7852, -0.6144], gyro=[-2.94, 1.54, 2.52]
[14:01:57.583] RX[TCP_prs2026hitl_7101]  01 7e 00 00 31 bf 9e 00 01 86 00 4c ae ff c3 dc ff d7 00 15 00 25 0a
[14:01:57.590] PACKET[TCP_prs2026hitl_7101] sensors: status=32256, uptime=3260318, filtered_accel=[0.0156, 0.7852, -0.61584], gyro=[-2.87, 1.47, 2.59]
[14:01:57.592] RX[TCP_prs2026hitl_7101]  01 76 00 00 31 c0 02 00 01 ab 00 4c ae ff c4 00 ff d5 00 17 00 22 0a
[14:01:57.595] PACKET[TCP_prs2026hitl_7101] sensors: status=30208, uptime=3260418, filtered_accel=[0.01708, 0.7852, -0.6144], gyro=[-3.01, 1.61, 2.38]
[14:01:57.647] RX[TCP_prs2026hitl_7101]  01 76 00 00 31 c0 66 00 01 9f 00 4c ae ff c3 f4 ff d6 00 16 00 24 0a
[14:01:57.675] PACKET[TCP_prs2026hitl_7101] sensors: status=30208, uptime=3260518, filtered_accel=[0.0166, 0.7852, -0.61488], gyro=[-2.94, 1.54, 2.52]
[14:01:57.770] RX[TCP_prs2026hitl_7101]  01 7e 00 00 31 c0 ca 00 01 93 00 4c a2 ff c3 e8 ff d6 00 16 00 24 0a
[14:01:57.784] PACKET[TCP_prs2026hitl_7101] sensors: status=32256, uptime=3260618, filtered_accel=[0.01612, 0.78472, -0.61536], gyro=[-2.94, 1.54, 2.52]
[14:01:57.791] RX[TCP_prs2026hitl_7101]  01 7e 00 00 31 c1 2e 00 01 ab 00 4c 95 ff c3 f4 ff d5 00 17 00 22 0a
[14:01:57.808] PACKET[TCP_prs2026hitl_7101] sensors: status=32256, uptime=3260718, filtered_accel=[0.01708, 0.7842, -0.61488], gyro=[-3.01, 1.61, 2.38]
[14:01:57.912] RX[TCP_prs2026hitl_7101]  01 7e 00 00 31 c1 92 00 01 9f 00 4c a2 ff c3 f4 ff d6 00 16 00 23 0a
[14:01:57.920] PACKET[TCP_prs2026hitl_7101] sensors: status=32256, uptime=3260818, filtered_accel=[0.0166, 0.78472, -0.61488], gyro=[-2.94, 1.54, 2.45]
[14:01:58.072] RX[TCP_prs2026hitl_7101]  01 7e 00 00 31 c1 f6 00 01 93 00 4c a2 ff c3 f4 ff d6 00 15 00 25 0a
[14:01:58.076] PACKET[TCP_prs2026hitl_7101] sensors: status=32256, uptime=3260918, filtered_accel=[0.01612, 0.78472, -0.61488], gyro=[-2.94, 1.47, 2.59]
[14:01:58.077] RX[TCP_prs2026hitl_7100]  03 00 00 00 00 00 00 00 00 00 31 c2 55 00 00 00 13 90 0a
[14:01:58.081] PACKET[TCP_prs2026hitl_7100] camera: fc_status=0, fc_uptime=0, status=0, uptime=3261013, current_sense=[0.0, 0.0, 0.0], iris_battery_voltage=5.008
[14:01:58.132] RX[TCP_prs2026hitl_7101]  01 7e 00 00 31 c2 5a 00 01 93 00 4c ae ff c3 f4 ff d7 00 14 00 25 0a
[14:01:58.138] PACKET[TCP_prs2026hitl_7101] sensors: status=32256, uptime=3261018, filtered_accel=[0.01612, 0.7852, -0.61488], gyro=[-2.87, 1.4, 2.59]
[14:01:58.239] RX[TCP_prs2026hitl_7101]  01 76 00 00 31 c2 be 00 01 9f 00 4c ae ff c4 00 ff d6 00 17 00 22 0a 02 76 00 00 31 c2 be 00 00 00 00 00 00 00 00 00 00 00 00 00 00 00 00 00 00 00 00 00 00 00 00 00 00 00 00 00 00 00 00 00 00
[14:01:58.248] PACKET[TCP_prs2026hitl_7101] sensors: status=30208, uptime=3261118, filtered_accel=[0.0166, 0.7852, -0.6144], gyro=[-2.94, 1.61, 2.38]
[14:01:58.250] RX[TCP_prs2026hitl_7101]  00 00 00 00 00 00 00 00 00 00 00 00 00 00 00 00 43 69 35 b1 13 48 0a ff 77 00 00 31 c2 be 0a
[14:01:58.256] PACKET[TCP_prs2026hitl_7101] state: status=30208, uptime=3261118, orientation=[0.0, 0.0, 0.0, 0.0], position=[0.0, 0.0, 0.0], velocity=[0.0, 0.0, 0.0], latitude=0.0, longitude=0.0, gps_altitude=0.0, barometric_altitude=233.209732, witness_battery_voltage=4.936
[14:01:58.261] PACKET[TCP_prs2026hitl_7101] heartbeat: status=30464, uptime=3261118
[14:01:58.313] RX[TCP_prs2026hitl_7101]  01 77 00 00 31 c3 22 00 01 86 00 4c ba ff c4 0c ff d6 00 15 00 25 0a
[14:01:58.333] PACKET[TCP_prs2026hitl_7101] sensors: status=30464, uptime=3261218, filtered_accel=[0.0156, 0.78568, -0.61392], gyro=[-2.94, 1.47, 2.59]
[14:01:58.435] RX[TCP_prs2026hitl_7101]  01 7f 00 00 31 c3 86 00 01 9f 00 4c ae ff c4 00 ff d7 00 14 00 24 0a
[14:01:58.440] PACKET[TCP_prs2026hitl_7101] sensors: status=32512, uptime=3261318, filtered_accel=[0.0166, 0.7852, -0.6144], gyro=[-2.87, 1.4, 2.52]
[14:01:58.492] RX[TCP_prs2026hitl_7101]  01 7f 00 00 31 c3 ea 00 01 93 00 4c ae ff c3 f4 ff d6 00 17 00 21 0a
[14:01:58.516] PACKET[TCP_prs2026hitl_7101] sensors: status=32512, uptime=3261418, filtered_accel=[0.01612, 0.7852, -0.61488], gyro=[-2.94, 1.61, 2.31]
[14:01:58.668] RX[TCP_prs2026hitl_7101]  01 7f 00 00 31 c4 4e 00 01 93 00 4c a2 ff c3 f4 ff d7 00 16 00 24 0a
[14:01:58.691] PACKET[TCP_prs2026hitl_7101] sensors: status=32512, uptime=3261518, filtered_accel=[0.01612, 0.78472, -0.61488], gyro=[-2.87, 1.54, 2.52]
[14:01:58.743] RX[TCP_prs2026hitl_7101]  01 7f 00 00 31 c4 b2 00 01 9f 00 4c ba ff c3 f4 ff d7 00 15 00 25 0a
[14:01:58.756] PACKET[TCP_prs2026hitl_7101] sensors: status=32512, uptime=3261618, filtered_accel=[0.0166, 0.78568, -0.61488], gyro=[-2.87, 1.47, 2.59]
[14:01:58.808] RX[TCP_prs2026hitl_7101]  01 7f 00 00 31 c5 16 00 01 9f 00 4c ae ff c4 19 ff d7 00 15 00 24 0a
[14:01:58.826] PACKET[TCP_prs2026hitl_7101] sensors: status=32512, uptime=3261718, filtered_accel=[0.0166, 0.7852, -0.6134], gyro=[-2.87, 1.47, 2.52]
[14:01:58.981] RX[TCP_prs2026hitl_7101]  01 77 00 00 31 c5 7a 00 01 93 00 4c a2 ff c3 f4 ff d6 00 17 00 22 0a
[14:01:59.020] PACKET[TCP_prs2026hitl_7101] sensors: status=30464, uptime=3261818, filtered_accel=[0.01612, 0.78472, -0.61488], gyro=[-2.94, 1.61, 2.38]
[14:01:59.029] RX[TCP_prs2026hitl_7101]  01 77 00 00 31 c5 de 00 01 86 00 4c a2 ff c3 f4 ff d6 00 15 00 24 0a
[14:01:59.054] PACKET[TCP_prs2026hitl_7101] sensors: status=30464, uptime=3261918, filtered_accel=[0.0156, 0.78472, -0.61488], gyro=[-2.94, 1.47, 2.52]
[14:01:59.185] RX[TCP_prs2026hitl_7100]  03 00 00 00 00 00 00 00 00 00 31 c6 3d 00 00 00 13 94 0a
[14:01:59.219] PACKET[TCP_prs2026hitl_7100] camera: fc_status=0, fc_uptime=0, status=0, uptime=3262013, current_sense=[0.0, 0.0, 0.0], iris_battery_voltage=5.012
[14:01:59.220] RX[TCP_prs2026hitl_7101]  01 7f 00 00 31 c6 42 00 01 9f 00 4c a2 ff c4 00 ff d6 00 15 00 25 0a
[14:01:59.273] PACKET[TCP_prs2026hitl_7101] sensors: status=32512, uptime=3262018, filtered_accel=[0.0166, 0.78472, -0.6144], gyro=[-2.94, 1.47, 2.59]
[14:01:59.277] RX[TCP_prs2026hitl_7101]  01 7f 00 00 31 c6 a6 00 01 93 00 4c a2 ff c4 00 ff d5 00 18 00 23 0a 02 7f 00 00 31 c6 a6 00 00 00 00 00 00 00 00 00 00 00 00 00 00 00 00 00 00 00 00 00 00 00 00 00 00 00 00 00 00 00 00 00 00
[14:01:59.310] PACKET[TCP_prs2026hitl_7101] sensors: status=32512, uptime=3262118, filtered_accel=[0.01612, 0.78472, -0.6144], gyro=[-3.01, 1.68, 2.45]
[14:01:59.324] RX[TCP_prs2026hitl_7101]  00 00 00 00 00 00 00 00 00 00 00 00 00 00 00 00 43 69 ce 90 13 50 0a ff 7e 00 00 31 c6 a6 0a
[14:01:59.346] PACKET[TCP_prs2026hitl_7101] state: status=32512, uptime=3262118, orientation=[0.0, 0.0, 0.0, 0.0], position=[0.0, 0.0, 0.0], velocity=[0.0, 0.0, 0.0], latitude=0.0, longitude=0.0, gps_altitude=0.0, barometric_altitude=233.806885, witness_battery_voltage=4.944
[14:01:59.367] PACKET[TCP_prs2026hitl_7101] heartbeat: status=32256, uptime=3262118
[14:01:59.370] RX[TCP_prs2026hitl_7101]  01 7e 00 00 31 c7 0a 00 01 9f 00 4c ba ff c4 00 ff d5 00 16 00 24 0a
[14:01:59.386] PACKET[TCP_prs2026hitl_7101] sensors: status=32256, uptime=3262218, filtered_accel=[0.0166, 0.78568, -0.6144], gyro=[-3.01, 1.54, 2.52]
[14:01:59.487] RX[TCP_prs2026hitl_7101]  01 7e 00 00 31 c7 6e 00 01 86 00 4c ae ff c3 f4 ff d6 00 15 00 25 0a
[14:01:59.499] PACKET[TCP_prs2026hitl_7101] sensors: status=32256, uptime=3262318, filtered_accel=[0.0156, 0.7852, -0.61488], gyro=[-2.94, 1.47, 2.59]
[14:01:59.601] RX[TCP_prs2026hitl_7101]  01 7e 00 00 31 c7 d2 00 01 93 00 4c ae ff c3 f4 ff d7 00 15 00 25 0a
[14:01:59.610] PACKET[TCP_prs2026hitl_7101] sensors: status=32256, uptime=3262418, filtered_accel=[0.01612, 0.7852, -0.61488], gyro=[-2.87, 1.47, 2.59]
[14:01:59.662] RX[TCP_prs2026hitl_7101]  01 76 00 00 31 c8 36 00 01 9f 00 4c a2 ff c4 00 ff d5 00 18 00 23 0a
[14:01:59.683] PACKET[TCP_prs2026hitl_7101] sensors: status=30208, uptime=3262518, filtered_accel=[0.0166, 0.78472, -0.6144], gyro=[-3.01, 1.68, 2.45]
[14:01:59.738] RX[TCP_prs2026hitl_7101]  01 76 00 00 31 c8 9a 00 01 9f 00 4c ba ff c3 e8 ff d6 00 15 00 24 0a
[14:01:59.750] PACKET[TCP_prs2026hitl_7101] sensors: status=30208, uptime=3262618, filtered_accel=[0.0166, 0.78568, -0.61536], gyro=[-2.94, 1.47, 2.52]
[14:01:59.803] RX[TCP_prs2026hitl_7101]  01 7e 00 00 31 c8 fe 00 01 9f 00 4c a2 ff c4 00 ff d6 00 15 00 24 0a
[14:01:59.815] PACKET[TCP_prs2026hitl_7101] sensors: status=32256, uptime=3262718, filtered_accel=[0.0166, 0.78472, -0.6144], gyro=[-2.94, 1.47, 2.52]
[14:01:59.919] RX[TCP_prs2026hitl_7101]  01 7e 00 00 31 c9 62 00 01 ab 00 4c a2 ff c3 f4 ff d6 00 17 00 22 0a
[14:01:59.931] PACKET[TCP_prs2026hitl_7101] sensors: status=32256, uptime=3262818, filtered_accel=[0.01708, 0.78472, -0.61488], gyro=[-2.94, 1.61, 2.38]
[14:02:00.035] RX[TCP_prs2026hitl_7101]  01 7e 00 00 31 c9 c6 00 01 93 00 4c ae ff c3 f4 ff d6 00 15 00 23 0a
[14:02:00.044] PACKET[TCP_prs2026hitl_7101] sensors: status=32256, uptime=3262918, filtered_accel=[0.01612, 0.7852, -0.61488], gyro=[-2.94, 1.47, 2.45]
[14:02:00.098] RX[TCP_prs2026hitl_7100]  03 00 00 00 00 00 00 00 00 00 31 ca 25 00 00 00 13 94 0a
[14:02:00.110] PACKET[TCP_prs2026hitl_7100] camera: fc_status=0, fc_uptime=0, status=0, uptime=3263013, current_sense=[0.0, 0.0, 0.0], iris_battery_voltage=5.012
[14:02:00.111] RX[TCP_prs2026hitl_7101]  01 7e 00 00 31 ca 2a 00 01 93 00 4c a2 ff c3 f4 ff d7 00 15 00 25 0a
[14:02:00.122] PACKET[TCP_prs2026hitl_7101] sensors: status=32256, uptime=3263018, filtered_accel=[0.01612, 0.78472, -0.61488], gyro=[-2.87, 1.47, 2.59]
[14:02:00.224] RX[TCP_prs2026hitl_7101]  01 7e 00 00 31 ca 8e 00 01 86 00 4c ba ff c3 f4 ff d7 00 13 00 25 0a 02 7e 00 00 31 ca 8e 00 00 00 00 00 00 00 00 00 00 00 00 00 00 00 00 00 00 00 00 00 00 00 00 00 00 00 00 00 00 00 00 00 00
[14:02:00.249] PACKET[TCP_prs2026hitl_7101] sensors: status=32256, uptime=3263118, filtered_accel=[0.0156, 0.78568, -0.61488], gyro=[-2.87, 1.33, 2.59]
[14:02:00.251] RX[TCP_prs2026hitl_7101]  00 00 00 00 00 00 00 00 00 00 00 00 00 00 00 00 43 69 4c 04 13 50 0a ff 7f 00 00 31 ca 8e 0a
[14:02:00.271] PACKET[TCP_prs2026hitl_7101] state: status=32256, uptime=3263118, orientation=[0.0, 0.0, 0.0, 0.0], position=[0.0, 0.0, 0.0], velocity=[0.0, 0.0, 0.0], latitude=0.0, longitude=0.0, gps_altitude=0.0, barometric_altitude=233.296936, witness_battery_voltage=4.944
[14:02:00.295] PACKET[TCP_prs2026hitl_7101] heartbeat: status=32512, uptime=3263118
[14:02:00.298] RX[TCP_prs2026hitl_7101]  01 77 00 00 31 ca f2 00 01 9f 00 4c ae ff c3 e8 ff d5 00 18 00 22 0a
[14:02:00.310] PACKET[TCP_prs2026hitl_7101] sensors: status=30464, uptime=3263218, filtered_accel=[0.0166, 0.7852, -0.61536], gyro=[-3.01, 1.68, 2.38]
[14:02:00.415] RX[TCP_prs2026hitl_7101]  01 77 00 00 31 cb 56 00 01 9f 00 4c ae ff c3 f4 ff d6 00 15 00 24 0a
[14:02:00.446] PACKET[TCP_prs2026hitl_7101] sensors: status=30464, uptime=3263318, filtered_accel=[0.0166, 0.7852, -0.61488], gyro=[-2.94, 1.47, 2.52]
[14:02:00.516] RX[TCP_prs2026hitl_7101]  01 7f 00 00 31 cb ba 00 01 9f 00 4c a2 ff c3 f4 ff d6 00 14 00 24 0a
[14:02:00.608] PACKET[TCP_prs2026hitl_7101] sensors: status=32512, uptime=3263418, filtered_accel=[0.0166, 0.78472, -0.61488], gyro=[-2.94, 1.4, 2.52]
[14:02:00.626] RX[TCP_prs2026hitl_7101]  01 7f 00 00 31 cc 1e 00 01 93 00 4c ba ff c4 0c ff d6 00 17 00 22 0a
[14:02:00.693] PACKET[TCP_prs2026hitl_7101] sensors: status=32512, uptime=3263518, filtered_accel=[0.01612, 0.78568, -0.61392], gyro=[-2.94, 1.61, 2.38]
[14:02:00.783] RX[TCP_prs2026hitl_7101]  01 7f 00 00 31 cc 82 00 01 93 00 4c ae ff c3 f4 ff d6 00 16 00 23 0a
[14:02:00.818] PACKET[TCP_prs2026hitl_7101] sensors: status=32512, uptime=3263618, filtered_accel=[0.01612, 0.7852, -0.61488], gyro=[-2.94, 1.54, 2.45]
[14:02:00.826] RX[TCP_prs2026hitl_7101]  01 7f 00 00 31 cc e6 00 01 9f 00 4c ae ff c3 e8 ff d6 00 15 00 24 0a
[14:02:00.835] PACKET[TCP_prs2026hitl_7101] sensors: status=32512, uptime=3263718, filtered_accel=[0.0166, 0.7852, -0.61536], gyro=[-2.94, 1.47, 2.52]
[14:02:00.898] RX[TCP_prs2026hitl_7101]  01 7f 00 00 31 cd 4a 00 01 93 00 4c a2 ff c3 f4 ff d6 00 15 00 25 0a
[14:02:00.904] PACKET[TCP_prs2026hitl_7101] sensors: status=32512, uptime=3263818, filtered_accel=[0.01612, 0.78472, -0.61488], gyro=[-2.94, 1.47, 2.59]
[14:02:01.006] RX[TCP_prs2026hitl_7101]  01 77 00 00 31 cd ae 00 01 93 00 4c ae ff c3 f4 ff d6 00 16 00 22 0a
[14:02:01.012] PACKET[TCP_prs2026hitl_7101] sensors: status=30464, uptime=3263918, filtered_accel=[0.01612, 0.7852, -0.61488], gyro=[-2.94, 1.54, 2.38]
[14:02:01.114] RX[TCP_prs2026hitl_7100]  03 00 00 00 00 00 00 00 00 00 31 ce 0d 00 00 00 13 94 0a
[14:02:01.118] PACKET[TCP_prs2026hitl_7100] camera: fc_status=0, fc_uptime=0, status=0, uptime=3264013, current_sense=[0.0, 0.0, 0.0], iris_battery_voltage=5.012
[14:02:01.119] RX[TCP_prs2026hitl_7101]  01 77 00 00 31 ce 12 00 01 93 00 4c ae ff c4 00 ff d6 00 15 00 24 0a
[14:02:01.133] PACKET[TCP_prs2026hitl_7101] sensors: status=30464, uptime=3264018, filtered_accel=[0.01612, 0.7852, -0.6144], gyro=[-2.94, 1.47, 2.52]
[14:02:01.198] RX[TCP_prs2026hitl_7101]  01 7f 00 00 31 ce 76 00 01 86 00 4c ba ff c3 dc ff d7 00 15 00 25 0a 02 7f 00 00 31 ce 76 00 00 00 00 00 00 00 00 00 00 00 00 00 00 00 00 00 00 00 00 00 00 00 00 00 00 00 00 00 00 00 00 00 00
[14:02:01.227] PACKET[TCP_prs2026hitl_7101] sensors: status=32512, uptime=3264118, filtered_accel=[0.0156, 0.78568, -0.61584], gyro=[-2.87, 1.47, 2.59]
[14:02:01.286] RX[TCP_prs2026hitl_7101]  00 00 00 00 00 00 00 00 00 00 00 00 00 00 00 00 43 69 35 b1 13 50 0a ff 7e 00 00 31 ce 76 0a
[14:02:01.293] PACKET[TCP_prs2026hitl_7101] state: status=32512, uptime=3264118, orientation=[0.0, 0.0, 0.0, 0.0], position=[0.0, 0.0, 0.0], velocity=[0.0, 0.0, 0.0], latitude=0.0, longitude=0.0, gps_altitude=0.0, barometric_altitude=233.209732, witness_battery_voltage=4.944
[14:02:01.298] PACKET[TCP_prs2026hitl_7101] heartbeat: status=32256, uptime=3264118
[14:02:01.299] RX[TCP_prs2026hitl_7101]  01 7e 00 00 31 ce da 00 01 9f 00 4c ba ff c3 f4 ff d6 00 17 00 23 0a
[14:02:01.304] PACKET[TCP_prs2026hitl_7101] sensors: status=32256, uptime=3264218, filtered_accel=[0.0166, 0.78568, -0.61488], gyro=[-2.94, 1.61, 2.45]
[14:02:01.406] RX[TCP_prs2026hitl_7101]  01 7e 00 00 31 cf 3e 00 01 9f 00 4c a2 ff c3 f4 ff d6 00 15 00 24 0a
[14:02:01.414] PACKET[TCP_prs2026hitl_7101] sensors: status=32256, uptime=3264318, filtered_accel=[0.0166, 0.78472, -0.61488], gyro=[-2.94, 1.47, 2.52]
[14:02:01.651] RX[TCP_prs2026hitl_7101]  01 7e 00 00 31 cf a2 00 01 86 00 4c a2 ff c3 e8 ff d6 00 14 00 25 0a
[14:02:01.671] PACKET[TCP_prs2026hitl_7101] sensors: status=32256, uptime=3264418, filtered_accel=[0.0156, 0.78472, -0.61536], gyro=[-2.94, 1.4, 2.59]
[14:02:01.680] RX[TCP_prs2026hitl_7101]  01 76 00 00 31 d0 06 00 01 93 00 4c ae ff c3 f4 ff d7 00 15 00 25 0a
[14:02:01.696] PACKET[TCP_prs2026hitl_7101] sensors: status=30208, uptime=3264518, filtered_accel=[0.01612, 0.7852, -0.61488], gyro=[-2.87, 1.47, 2.59]
[14:02:01.895] RX[TCP_prs2026hitl_7101]  01 76 00 00 31 d0 6a 00 01 9f 00 4c ae ff c4 00 ff d6 00 18 00 22 0a
[14:02:01.935] PACKET[TCP_prs2026hitl_7101] sensors: status=30208, uptime=3264618, filtered_accel=[0.0166, 0.7852, -0.6144], gyro=[-2.94, 1.68, 2.38]
[14:02:01.951] RX[TCP_prs2026hitl_7101]  01 76 00 00 31 d0 ce 00 01 9f 00 4c ae ff c3 f4 ff d6 00 15 00 24 0a
[14:02:01.987] PACKET[TCP_prs2026hitl_7101] sensors: status=30208, uptime=3264718, filtered_accel=[0.0166, 0.7852, -0.61488], gyro=[-2.94, 1.47, 2.52]
[14:02:02.006] RX[TCP_prs2026hitl_7101]  01 7e 00 00 31 d1 32 00 01 9f 00 4c ae ff c3 f4 ff d7 00 14 00 25 0a
[14:02:02.027] PACKET[TCP_prs2026hitl_7101] sensors: status=32256, uptime=3264818, filtered_accel=[0.0166, 0.7852, -0.61488], gyro=[-2.87, 1.4, 2.59]
[14:02:02.031] RX[TCP_prs2026hitl_7101]  01 7e 00 00 31 d1 96 00 01 9f 00 4c ae ff c3 e8 ff d5 00 18 00 22 0a
[14:02:02.043] PACKET[TCP_prs2026hitl_7101] sensors: status=32256, uptime=3264918, filtered_accel=[0.0166, 0.7852, -0.61536], gyro=[-3.01, 1.68, 2.38]
[14:02:02.094] RX[TCP_prs2026hitl_7100]  03 00 00 00 00 00 00 00 00 00 31 d1 f5 00 00 00 13 94 0a
[14:02:02.099] PACKET[TCP_prs2026hitl_7100] camera: fc_status=0, fc_uptime=0, status=0, uptime=3265013, current_sense=[0.0, 0.0, 0.0], iris_battery_voltage=5.012
[14:02:02.099] RX[TCP_prs2026hitl_7101]  01 7e 00 00 31 d1 fa 00 01 93 00 4c a2 ff c3 f4 ff d6 00 16 00 23 0a
[14:02:02.102] PACKET[TCP_prs2026hitl_7101] sensors: status=32256, uptime=3265018, filtered_accel=[0.01612, 0.78472, -0.61488], gyro=[-2.94, 1.54, 2.45]
[14:02:02.204] RX[TCP_prs2026hitl_7101]  01 7e 00 00 31 d2 5e 00 01 ab 00 4c ae ff c4 00 ff d7 00 14 00 24 0a 02 7e 00 00 31 d2 5e 00 00 00 00 00 00 00 00 00 00 00 00 00 00 00 00 00 00 00 00 00 00 00 00 00 00 00 00 00 00 00 00 00 00
[14:02:02.211] PACKET[TCP_prs2026hitl_7101] sensors: status=32256, uptime=3265118, filtered_accel=[0.01708, 0.7852, -0.6144], gyro=[-2.87, 1.4, 2.52]
[14:02:02.269] RX[TCP_prs2026hitl_7101]  00 00 00 00 00 00 00 00 00 00 00 00 00 00 00 00 43 69 a3 46 13 54 0a ff 7f 00 00 31 d2 5e 0a
[14:02:02.288] PACKET[TCP_prs2026hitl_7101] state: status=32256, uptime=3265118, orientation=[0.0, 0.0, 0.0, 0.0], position=[0.0, 0.0, 0.0], velocity=[0.0, 0.0, 0.0], latitude=0.0, longitude=0.0, gps_altitude=0.0, barometric_altitude=233.637787, witness_battery_voltage=4.948
[14:02:02.298] PACKET[TCP_prs2026hitl_7101] heartbeat: status=32512, uptime=3265118
[14:02:02.299] RX[TCP_prs2026hitl_7101]  01 77 00 00 31 d2 c2 00 01 9f 00 4c a2 ff c4 00 ff d6 00 16 00 24 0a
[14:02:02.303] PACKET[TCP_prs2026hitl_7101] sensors: status=30464, uptime=3265218, filtered_accel=[0.0166, 0.78472, -0.6144], gyro=[-2.94, 1.54, 2.52]
[14:02:02.407] RX[TCP_prs2026hitl_7101]  01 77 00 00 31 d3 26 00 01 93 00 4c a2 ff c4 00 ff d6 00 17 00 22 0a
[14:02:02.413] PACKET[TCP_prs2026hitl_7101] sensors: status=30464, uptime=3265318, filtered_accel=[0.01612, 0.78472, -0.6144], gyro=[-2.94, 1.61, 2.38]
[14:02:02.515] RX[TCP_prs2026hitl_7101]  01 77 00 00 31 d3 8a 00 01 93 00 4c ae ff c3 f4 ff d7 00 15 00 24 0a
[14:02:02.525] PACKET[TCP_prs2026hitl_7101] sensors: status=30464, uptime=3265418, filtered_accel=[0.01612, 0.7852, -0.61488], gyro=[-2.87, 1.47, 2.52]
[14:02:02.630] RX[TCP_prs2026hitl_7101]  01 7f 00 00 31 d3 ee 00 01 93 00 4c ae ff c3 f4 ff d6 00 16 00 23 0a
[14:02:02.636] PACKET[TCP_prs2026hitl_7101] sensors: status=32512, uptime=3265518, filtered_accel=[0.01612, 0.7852, -0.61488], gyro=[-2.94, 1.54, 2.45]
[14:02:02.745] RX[TCP_prs2026hitl_7101]  01 7f 00 00 31 d4 52 00 01 9f 00 4c ae ff c4 00 ff d6 00 18 00 22 0a
[14:02:02.750] PACKET[TCP_prs2026hitl_7101] sensors: status=32512, uptime=3265618, filtered_accel=[0.0166, 0.7852, -0.6144], gyro=[-2.94, 1.68, 2.38]
[14:02:02.801] RX[TCP_prs2026hitl_7101]  01 7f 00 00 31 d4 b6 00 01 93 00 4c ae ff c3 f4 ff d6 00 16 00 23 0a
[14:02:02.813] PACKET[TCP_prs2026hitl_7101] sensors: status=32512, uptime=3265718, filtered_accel=[0.01612, 0.7852, -0.61488], gyro=[-2.94, 1.54, 2.45]
[14:02:02.915] RX[TCP_prs2026hitl_7101]  01 7f 00 00 31 d5 1a 00 01 ab 00 4c ba ff c3 e8 ff d7 00 15 00 24 0a
[14:02:02.919] PACKET[TCP_prs2026hitl_7101] sensors: status=32512, uptime=3265818, filtered_accel=[0.01708, 0.78568, -0.61536], gyro=[-2.87, 1.47, 2.52]
[14:02:03.020] RX[TCP_prs2026hitl_7101]  01 77 00 00 31 d5 7e 00 01 9f 00 4c ba ff c4 00 ff d7 00 15 00 25 0a
[14:02:03.043] PACKET[TCP_prs2026hitl_7101] sensors: status=30464, uptime=3265918, filtered_accel=[0.0166, 0.78568, -0.6144], gyro=[-2.87, 1.47, 2.59]
[14:02:03.105] RX[TCP_prs2026hitl_7100]  03 00 00 00 00 00 00 00 00 00 31 d5 dd 00 00 00 13 9c 0a
[14:02:03.137] PACKET[TCP_prs2026hitl_7100] camera: fc_status=0, fc_uptime=0, status=0, uptime=3266013, current_sense=[0.0, 0.0, 0.0], iris_battery_voltage=5.02
[14:02:03.149] RX[TCP_prs2026hitl_7101]  01 77 00 00 31 d5 e2 00 01 86 00 4c ae ff c3 f4 ff d6 00 17 00 22 0a
[14:02:03.194] PACKET[TCP_prs2026hitl_7101] sensors: status=30464, uptime=3266018, filtered_accel=[0.0156, 0.7852, -0.61488], gyro=[-2.94, 1.61, 2.38]
[14:02:03.195] RX[TCP_prs2026hitl_7101]  01 77 00 00 31 d6 46 00 01 9f 00 4c 95 ff c3 f4 ff d7 00 15 00 24 0a 02 77 00 00 31 d6 46 00 00 00 00 00 00 00 00 00 00 00 00 00 00 00 00 00 00 00 00 00 00 00 00 00 00 00 00 00 00 00 00 00 00
[14:02:03.216] PACKET[TCP_prs2026hitl_7101] sensors: status=30464, uptime=3266118, filtered_accel=[0.0166, 0.7842, -0.61488], gyro=[-2.87, 1.47, 2.52]
[14:02:03.328] RX[TCP_prs2026hitl_7101]  00 00 00 00 00 00 00 00 00 00 00 00 00 00 00 00 43 69 77 4e 13 50 0a ff 76 00 00 31 d6 46 0a
[14:02:03.351] PACKET[TCP_prs2026hitl_7101] state: status=30464, uptime=3266118, orientation=[0.0, 0.0, 0.0, 0.0], position=[0.0, 0.0, 0.0], velocity=[0.0, 0.0, 0.0], latitude=0.0, longitude=0.0, gps_altitude=0.0, barometric_altitude=233.466034, witness_battery_voltage=4.944
[14:02:03.368] PACKET[TCP_prs2026hitl_7101] heartbeat: status=30208, uptime=3266118
[14:02:03.380] RX[TCP_prs2026hitl_7101]  01 7e 00 00 31 d6 aa 00 01 93 00 4c a2 ff c3 cf ff d6 00 14 00 25 0a
[14:02:03.420] PACKET[TCP_prs2026hitl_7101] sensors: status=32256, uptime=3266218, filtered_accel=[0.01612, 0.78472, -0.61636], gyro=[-2.94, 1.4, 2.59]
[14:02:03.430] RX[TCP_prs2026hitl_7101]  01 7e 00 00 31 d7 0e 00 01 9f 00 4c c6 ff c3 e8 ff d6 00 17 00 22 0a
[14:02:03.465] PACKET[TCP_prs2026hitl_7101] sensors: status=32256, uptime=3266318, filtered_accel=[0.0166, 0.78616, -0.61536], gyro=[-2.94, 1.61, 2.38]
[14:02:03.588] RX[TCP_prs2026hitl_7101]  01 7e 00 00 31 d7 72 00 01 86 00 4c a2 ff c4 00 ff d5 00 16 00 23 0a
[14:02:03.595] PACKET[TCP_prs2026hitl_7101] sensors: status=32256, uptime=3266418, filtered_accel=[0.0156, 0.78472, -0.6144], gyro=[-3.01, 1.54, 2.45]
[14:02:03.596] RX[TCP_prs2026hitl_7101]  01 7e 00 00 31 d7 d6 00 01 ab 00 4c a2 ff c3 e8 ff d7 00 15 00 24 0a
[14:02:03.600] PACKET[TCP_prs2026hitl_7101] sensors: status=32256, uptime=3266518, filtered_accel=[0.01708, 0.78472, -0.61536], gyro=[-2.87, 1.47, 2.52]
[14:02:03.707] RX[TCP_prs2026hitl_7101]  01 76 00 00 31 d8 3a 00 01 9f 00 4c ae ff c3 f4 ff d6 00 15 00 24 0a
[14:02:03.719] PACKET[TCP_prs2026hitl_7101] sensors: status=30208, uptime=3266618, filtered_accel=[0.0166, 0.7852, -0.61488], gyro=[-2.94, 1.47, 2.52]
[14:02:03.821] RX[TCP_prs2026hitl_7101]  01 76 00 00 31 d8 9e 00 01 9f 00 4c ba ff c4 00 ff d5 00 17 00 22 0a
[14:02:03.834] PACKET[TCP_prs2026hitl_7101] sensors: status=30208, uptime=3266718, filtered_accel=[0.0166, 0.78568, -0.6144], gyro=[-3.01, 1.61, 2.38]
[14:02:03.935] RX[TCP_prs2026hitl_7101]  01 76 00 00 31 d9 02 00 01 9f 00 4c a2 ff c3 f4 ff d6 00 15 00 24 0a
[14:02:03.943] PACKET[TCP_prs2026hitl_7101] sensors: status=30208, uptime=3266818, filtered_accel=[0.0166, 0.78472, -0.61488], gyro=[-2.94, 1.47, 2.52]
[14:02:03.997] RX[TCP_prs2026hitl_7101]  01 7e 00 00 31 d9 66 00 01 9f 00 4c ae ff c3 f4 ff d6 00 15 00 25 0a
[14:02:04.010] PACKET[TCP_prs2026hitl_7101] sensors: status=32256, uptime=3266918, filtered_accel=[0.0166, 0.7852, -0.61488], gyro=[-2.94, 1.47, 2.59]
[14:02:04.111] RX[TCP_prs2026hitl_7100]  03 00 00 00 00 00 00 00 00 00 31 d9 c5 00 00 00 13 94 0a
[14:02:04.116] PACKET[TCP_prs2026hitl_7100] camera: fc_status=0, fc_uptime=0, status=0, uptime=3267013, current_sense=[0.0, 0.0, 0.0], iris_battery_voltage=5.012
[14:02:04.116] RX[TCP_prs2026hitl_7101]  01 7e 00 00 31 d9 ca 00 01 86 00 4c ae ff c3 e8 ff d6 00 18 00 22 0a
[14:02:04.120] PACKET[TCP_prs2026hitl_7101] sensors: status=32256, uptime=3267018, filtered_accel=[0.0156, 0.7852, -0.61536], gyro=[-2.94, 1.68, 2.38]
[14:02:04.227] RX[TCP_prs2026hitl_7101]  01 7e 00 00 31 da 2e 00 01 9f 00 4c c6 ff c3 dc ff d6 00 16 00 23 0a 02 7e 00 00 31 da 2e 00 00 00 00 00 00 00 00 00 00 00 00 00 00 00 00 00 00 00 00 00 00 00 00 00 00 00 00 00 00 00 00 00 00
[14:02:04.241] PACKET[TCP_prs2026hitl_7101] sensors: status=32256, uptime=3267118, filtered_accel=[0.0166, 0.78616, -0.61584], gyro=[-2.94, 1.54, 2.45]
[14:02:04.253] RX[TCP_prs2026hitl_7101]  00 00 00 00 00 00 00 00 00 00 00 00 00 00 00 00 43 69 77 4e 13 50 0a ff 7f 00 00 31 da 2e 0a
[14:02:04.287] PACKET[TCP_prs2026hitl_7101] state: status=32256, uptime=3267118, orientation=[0.0, 0.0, 0.0, 0.0], position=[0.0, 0.0, 0.0], velocity=[0.0, 0.0, 0.0], latitude=0.0, longitude=0.0, gps_altitude=0.0, barometric_altitude=233.466034, witness_battery_voltage=4.944
[14:02:04.324] PACKET[TCP_prs2026hitl_7101] heartbeat: status=32512, uptime=3267118
[14:02:04.332] RX[TCP_prs2026hitl_7101]  01 7f 00 00 31 da 92 00 01 93 00 4c ae ff c3 e8 ff d6 00 15 00 25 0a
[14:02:04.342] PACKET[TCP_prs2026hitl_7101] sensors: status=32512, uptime=3267218, filtered_accel=[0.01612, 0.7852, -0.61536], gyro=[-2.94, 1.47, 2.59]
[14:02:04.410] RX[TCP_prs2026hitl_7101]  01 77 00 00 31 da f6 00 01 9f 00 4c ae ff c3 e8 ff d6 00 15 00 25 0a
[14:02:04.430] PACKET[TCP_prs2026hitl_7101] sensors: status=30464, uptime=3267318, filtered_accel=[0.0166, 0.7852, -0.61536], gyro=[-2.94, 1.47, 2.59]
[14:02:04.536] RX[TCP_prs2026hitl_7101]  01 77 00 00 31 db 5a 00 01 9f 00 4c ae ff c3 dc ff d6 00 18 00 22 0a
[14:02:04.547] PACKET[TCP_prs2026hitl_7101] sensors: status=30464, uptime=3267418, filtered_accel=[0.0166, 0.7852, -0.61584], gyro=[-2.94, 1.68, 2.38]
[14:02:04.599] RX[TCP_prs2026hitl_7101]  01 77 00 00 31 db be 00 01 86 00 4c ae ff c3 e8 ff d7 00 15 00 24 0a
[14:02:04.606] PACKET[TCP_prs2026hitl_7101] sensors: status=30464, uptime=3267518, filtered_accel=[0.0156, 0.7852, -0.61536], gyro=[-2.87, 1.47, 2.52]
[14:02:04.707] RX[TCP_prs2026hitl_7101]  01 7f 00 00 31 dc 22 00 01 86 00 4c ae ff c3 f4 ff d7 00 15 00 25 0a
[14:02:04.715] PACKET[TCP_prs2026hitl_7101] sensors: status=32512, uptime=3267618, filtered_accel=[0.0156, 0.7852, -0.61488], gyro=[-2.87, 1.47, 2.59]
[14:02:04.816] RX[TCP_prs2026hitl_7101]  01 7f 00 00 31 dc 86 00 01 93 00 4c ae ff c3 dc ff d5 00 17 00 22 0a
[14:02:04.824] PACKET[TCP_prs2026hitl_7101] sensors: status=32512, uptime=3267718, filtered_accel=[0.01612, 0.7852, -0.61584], gyro=[-3.01, 1.61, 2.38]
[14:02:05.026] RX[TCP_prs2026hitl_7101]  01 7f 00 00 31 dc ea 00 01 b7 00 4c c6 ff c4 0c ff d6 00 16 00 23 0a
[14:02:05.039] PACKET[TCP_prs2026hitl_7101] sensors: status=32512, uptime=3267818, filtered_accel=[0.01756, 0.78616, -0.61392], gyro=[-2.94, 1.54, 2.45]
[14:02:05.090] RX[TCP_prs2026hitl_7101]  01 7f 00 00 31 dd 4e 00 01 9f 00 4c ae ff c4 00 ff d7 00 15 00 24 0a
[14:02:05.112] PACKET[TCP_prs2026hitl_7101] sensors: status=32512, uptime=3267918, filtered_accel=[0.0166, 0.7852, -0.6144], gyro=[-2.87, 1.47, 2.52]
[14:02:05.113] RX[TCP_prs2026hitl_7100]  03 00 00 00 00 00 00 00 00 00 31 dd ad 00 00 00 13 90 0a
[14:02:05.124] PACKET[TCP_prs2026hitl_7100] camera: fc_status=0, fc_uptime=0, status=0, uptime=3268013, current_sense=[0.0, 0.0, 0.0], iris_battery_voltage=5.008
[14:02:05.126] RX[TCP_prs2026hitl_7101]  01 77 00 00 31 dd b2 00 01 9f 00 4c ba ff c4 00 ff d6 00 15 00 25 0a
[14:02:05.138] PACKET[TCP_prs2026hitl_7101] sensors: status=30464, uptime=3268018, filtered_accel=[0.0166, 0.78568, -0.6144], gyro=[-2.94, 1.47, 2.59]
[14:02:05.190] RX[TCP_prs2026hitl_7101]  01 77 00 00 31 de 16 00 01 93 00 4c a2 ff c3 dc ff d6 00 16 00 23 0a 02 77 00 00 31 de 16 00 00 00 00 00 00 00 00 00 00 00 00 00 00 00 00 00 00 00 00 00 00 00 00 00 00 00 00 00 00 00 00 00 00
[14:02:05.212] PACKET[TCP_prs2026hitl_7101] sensors: status=30464, uptime=3268118, filtered_accel=[0.01612, 0.78472, -0.61584], gyro=[-2.94, 1.54, 2.45]
[14:02:05.264] RX[TCP_prs2026hitl_7101]  00 00 00 00 00 00 00 00 00 00 00 00 00 00 00 00 43 69 77 4e 13 50 0a ff 76 00 00 31 de 16 0a
[14:02:05.282] PACKET[TCP_prs2026hitl_7101] state: status=30464, uptime=3268118, orientation=[0.0, 0.0, 0.0, 0.0], position=[0.0, 0.0, 0.0], velocity=[0.0, 0.0, 0.0], latitude=0.0, longitude=0.0, gps_altitude=0.0, barometric_altitude=233.466034, witness_battery_voltage=4.944
[14:02:05.304] PACKET[TCP_prs2026hitl_7101] heartbeat: status=30208, uptime=3268118
[14:02:05.307] RX[TCP_prs2026hitl_7101]  01 76 00 00 31 de 7a 00 01 9f 00 4c a2 ff c3 f4 ff d6 00 15 00 24 0a
[14:02:05.322] PACKET[TCP_prs2026hitl_7101] sensors: status=30208, uptime=3268218, filtered_accel=[0.0166, 0.78472, -0.61488], gyro=[-2.94, 1.47, 2.52]
[14:02:05.424] RX[TCP_prs2026hitl_7101]  01 7e 00 00 31 de de 00 01 ab 00 4c a2 ff c4 00 ff d6 00 15 00 24 0a
[14:02:05.481] PACKET[TCP_prs2026hitl_7101] sensors: status=32256, uptime=3268318, filtered_accel=[0.01708, 0.78472, -0.6144], gyro=[-2.94, 1.47, 2.52]
[14:02:05.541] RX[TCP_prs2026hitl_7101]  01 7e 00 00 31 df 42 00 01 9f 00 4c 95 ff c3 f4 ff d6 00 18 00 21 0a
[14:02:05.580] PACKET[TCP_prs2026hitl_7101] sensors: status=32256, uptime=3268418, filtered_accel=[0.0166, 0.7842, -0.61488], gyro=[-2.94, 1.68, 2.31]
[14:02:05.633] RX[TCP_prs2026hitl_7101]  01 7e 00 00 31 df a6 00 01 93 00 4c ae ff c3 f4 ff d6 00 16 00 24 0a
[14:02:05.640] PACKET[TCP_prs2026hitl_7101] sensors: status=32256, uptime=3268518, filtered_accel=[0.01612, 0.7852, -0.61488], gyro=[-2.94, 1.54, 2.52]
[14:02:05.692] RX[TCP_prs2026hitl_7101]  01 7e 00 00 31 e0 0a 00 01 93 00 4c ae ff c3 f4 ff d7 00 14 00 25 0a
[14:02:05.704] PACKET[TCP_prs2026hitl_7101] sensors: status=32256, uptime=3268618, filtered_accel=[0.01612, 0.7852, -0.61488], gyro=[-2.87, 1.4, 2.59]
[14:02:05.806] RX[TCP_prs2026hitl_7101]  01 76 00 00 31 e0 6e 00 01 9f 00 4c a2 ff c3 f4 ff d6 00 16 00 25 0a
[14:02:05.817] PACKET[TCP_prs2026hitl_7101] sensors: status=30208, uptime=3268718, filtered_accel=[0.0166, 0.78472, -0.61488], gyro=[-2.94, 1.54, 2.59]
[14:02:05.921] RX[TCP_prs2026hitl_7101]  01 76 00 00 31 e0 d2 00 01 93 00 4c ae ff c3 f4 ff d6 00 17 00 22 0a
[14:02:05.930] PACKET[TCP_prs2026hitl_7101] sensors: status=30208, uptime=3268818, filtered_accel=[0.01612, 0.7852, -0.61488], gyro=[-2.94, 1.61, 2.38]
[14:02:06.031] RX[TCP_prs2026hitl_7101]  01 76 00 00 31 e1 36 00 01 ab 00 4c a2 ff c3 e8 ff d6 00 16 00 25 0a
[14:02:06.042] PACKET[TCP_prs2026hitl_7101] sensors: status=30208, uptime=3268918, filtered_accel=[0.01708, 0.78472, -0.61536], gyro=[-2.94, 1.54, 2.59]
[14:02:06.095] RX[TCP_prs2026hitl_7100]  03 00 00 00 00 00 00 00 00 00 31 e1 95 00 00 00 13 94 0a
[14:02:06.105] PACKET[TCP_prs2026hitl_7100] camera: fc_status=0, fc_uptime=0, status=0, uptime=3269013, current_sense=[0.0, 0.0, 0.0], iris_battery_voltage=5.012
[14:02:06.107] RX[TCP_prs2026hitl_7101]  01 7e 00 00 31 e1 9a 00 01 9f 00 4c ae ff c3 dc ff d6 00 15 00 24 0a
[14:02:06.113] PACKET[TCP_prs2026hitl_7101] sensors: status=32256, uptime=3269018, filtered_accel=[0.0166, 0.7852, -0.61584], gyro=[-2.94, 1.47, 2.52]
[14:02:06.214] RX[TCP_prs2026hitl_7101]  01 7e 00 00 31 e1 fe 00 01 93 00 4c ba ff c3 e8 ff d5 00 17 00 22 0a 02 7e 00 00 31 e1 fe 00 00 00 00 00 00 00 00 00 00 00 00 00 00 00 00 00 00 00 00 00 00 00 00 00 00 00 00 00 00 00 00 00 00
[14:02:06.231] PACKET[TCP_prs2026hitl_7101] sensors: status=32256, uptime=3269118, filtered_accel=[0.01612, 0.78568, -0.61536], gyro=[-3.01, 1.61, 2.38]
[14:02:06.283] RX[TCP_prs2026hitl_7101]  00 00 00 00 00 00 00 00 00 00 00 00 00 00 00 00 43 69 77 4e 13 54 0a ff 7f 00 00 31 e1 fe 0a
[14:02:06.296] PACKET[TCP_prs2026hitl_7101] state: status=32256, uptime=3269118, orientation=[0.0, 0.0, 0.0, 0.0], position=[0.0, 0.0, 0.0], velocity=[0.0, 0.0, 0.0], latitude=0.0, longitude=0.0, gps_altitude=0.0, barometric_altitude=233.466034, witness_battery_voltage=4.948
[14:02:06.304] PACKET[TCP_prs2026hitl_7101] heartbeat: status=32512, uptime=3269118
[14:02:06.306] RX[TCP_prs2026hitl_7101]  01 7f 00 00 31 e2 62 00 01 ab 00 4c a2 ff c3 e8 ff d6 00 16 00 25 0a
[14:02:06.315] PACKET[TCP_prs2026hitl_7101] sensors: status=32512, uptime=3269218, filtered_accel=[0.01708, 0.78472, -0.61536], gyro=[-2.94, 1.54, 2.59]
[14:02:06.418] RX[TCP_prs2026hitl_7101]  01 7f 00 00 31 e2 c6 00 01 ab 00 4c ae ff c3 f4 ff d6 00 15 00 24 0a
[14:02:06.436] PACKET[TCP_prs2026hitl_7101] sensors: status=32512, uptime=3269318, filtered_accel=[0.01708, 0.7852, -0.61488], gyro=[-2.94, 1.47, 2.52]
[14:02:06.539] RX[TCP_prs2026hitl_7101]  01 77 00 00 31 e3 2a 00 01 9f 00 4c ae ff c3 e8 ff d7 00 16 00 24 0a
[14:02:06.549] PACKET[TCP_prs2026hitl_7101] sensors: status=30464, uptime=3269418, filtered_accel=[0.0166, 0.7852, -0.61536], gyro=[-2.87, 1.54, 2.52]
[14:02:06.601] RX[TCP_prs2026hitl_7101]  01 77 00 00 31 e3 8e 00 01 9f 00 4c a2 ff c3 dc ff d6 00 16 00 23 0a
[14:02:06.614] PACKET[TCP_prs2026hitl_7101] sensors: status=30464, uptime=3269518, filtered_accel=[0.0166, 0.78472, -0.61584], gyro=[-2.94, 1.54, 2.45]
[14:02:06.743] RX[TCP_prs2026hitl_7101]  01 77 00 00 31 e3 f2 00 01 86 00 4c ae ff c3 f4 ff d6 00 16 00 24 0a
[14:02:06.790] PACKET[TCP_prs2026hitl_7101] sensors: status=30464, uptime=3269618, filtered_accel=[0.0156, 0.7852, -0.61488], gyro=[-2.94, 1.54, 2.52]
[14:02:06.798] RX[TCP_prs2026hitl_7101]  01 7f 00 00 31 e4 56 00 01 93 00 4c ba ff c3 e8 ff d6 00 15 00 25 0a
[14:02:06.802] PACKET[TCP_prs2026hitl_7101] sensors: status=32512, uptime=3269718, filtered_accel=[0.01612, 0.78568, -0.61536], gyro=[-2.94, 1.47, 2.59]
[14:02:06.907] RX[TCP_prs2026hitl_7101]  01 7f 00 00 31 e4 ba 00 01 93 00 4c ae ff c3 e8 ff d6 00 17 00 22 0a
[14:02:06.914] PACKET[TCP_prs2026hitl_7101] sensors: status=32512, uptime=3269818, filtered_accel=[0.01612, 0.7852, -0.61536], gyro=[-2.94, 1.61, 2.38]
[14:02:07.018] RX[TCP_prs2026hitl_7101]  01 7f 00 00 31 e5 1e 00 01 93 00 4c ae ff c3 e8 ff d6 00 16 00 24 0a
[14:02:07.022] PACKET[TCP_prs2026hitl_7101] sensors: status=32512, uptime=3269918, filtered_accel=[0.01612, 0.7852, -0.61536], gyro=[-2.94, 1.54, 2.52]
[14:02:07.073] RX[TCP_prs2026hitl_7100]  03 00 00 00 00 00 00 00 00 00 31 e5 7d 00 00 00 13 98 0a
[14:02:07.079] PACKET[TCP_prs2026hitl_7100] camera: fc_status=0, fc_uptime=0, status=0, uptime=3270013, current_sense=[0.0, 0.0, 0.0], iris_battery_voltage=5.016
[14:02:07.130] RX[TCP_prs2026hitl_7101]  01 7f 00 00 31 e5 82 00 01 9f 00 4c ba ff c3 dc ff d7 00 14 00 25 0a
[14:02:07.134] PACKET[TCP_prs2026hitl_7101] sensors: status=32512, uptime=3270018, filtered_accel=[0.0166, 0.78568, -0.61584], gyro=[-2.87, 1.4, 2.59]
[14:02:07.235] RX[TCP_prs2026hitl_7101]  01 77 00 00 31 e5 e6 00 01 93 00 4c ba ff c3 e8 ff d6 00 16 00 24 0a 02 77 00 00 31 e5 e6 00 00 00 00 00 00 00 00 00 00 00 00 00 00 00 00 00 00 00 00 00 00 00 00 00 00 00 00 00 00 00 00 00 00
[14:02:07.239] PACKET[TCP_prs2026hitl_7101] sensors: status=30464, uptime=3270118, filtered_accel=[0.01612, 0.78568, -0.61536], gyro=[-2.94, 1.54, 2.52]
[14:02:07.240] RX[TCP_prs2026hitl_7101]  00 00 00 00 00 00 00 00 00 00 00 00 00 00 00 00 43 69 77 4e 13 50 0a ff 76 00 00 31 e5 e6 0a
[14:02:07.243] PACKET[TCP_prs2026hitl_7101] state: status=30464, uptime=3270118, orientation=[0.0, 0.0, 0.0, 0.0], position=[0.0, 0.0, 0.0], velocity=[0.0, 0.0, 0.0], latitude=0.0, longitude=0.0, gps_altitude=0.0, barometric_altitude=233.466034, witness_battery_voltage=4.944
[14:02:07.247] PACKET[TCP_prs2026hitl_7101] heartbeat: status=30208, uptime=3270118
[14:02:07.298] RX[TCP_prs2026hitl_7101]  01 76 00 00 31 e6 4a 00 01 86 00 4c ba ff c3 e8 ff d6 00 16 00 22 0a
[14:02:07.305] PACKET[TCP_prs2026hitl_7101] sensors: status=30208, uptime=3270218, filtered_accel=[0.0156, 0.78568, -0.61536], gyro=[-2.94, 1.54, 2.38]
[14:02:07.406] RX[TCP_prs2026hitl_7101]  01 76 00 00 31 e6 ae 00 01 86 00 4c a2 ff c3 e8 ff d7 00 16 00 24 0a
[14:02:07.412] PACKET[TCP_prs2026hitl_7101] sensors: status=30208, uptime=3270318, filtered_accel=[0.0156, 0.78472, -0.61536], gyro=[-2.87, 1.54, 2.52]
[14:02:07.513] RX[TCP_prs2026hitl_7101]  01 7e 00 00 31 e7 12 00 01 86 00 4c ae ff c3 f4 ff d6 00 15 00 24 0a
[14:02:07.517] PACKET[TCP_prs2026hitl_7101] sensors: status=32256, uptime=3270418, filtered_accel=[0.0156, 0.7852, -0.61488], gyro=[-2.94, 1.47, 2.52]
