[00:51:16.097] RX[TCP_prs2026hitl_7100]  46 14 14 0a
[00:51:16.097] BAD_PACKET[TCP_prs2026hitl_7100] unknown packet ID 0x46; discarded 1 byte(s)
[00:51:16.097] BAD_PACKET[TCP_prs2026hitl_7100] unknown packet ID 0x14; discarded 1 byte(s)
[00:51:16.098] BAD_PACKET[TCP_prs2026hitl_7100] unknown packet ID 0x14; discarded 1 byte(s)
[00:51:16.098] BAD_PACKET[TCP_prs2026hitl_7100] unknown packet ID 0x0a; discarded 1 byte(s)
[00:51:16.099] RX[TCP_prs2026hitl_7101]  44 65 76 69 63 65 20 6f 70 65 6e 20 66 61 69 6c 75 72 65 3a 20 56 61 6c 75 65 20 6f 72 20 66 69 6c 65 20 6e 6f 74 20 66 6f 75 6e 64 0d 0a
[00:51:16.100] BAD_PACKET[TCP_prs2026hitl_7101] unknown packet ID 0x44; discarded 1 byte(s)
[00:51:16.100] BAD_PACKET[TCP_prs2026hitl_7101] unknown packet ID 0x65; discarded 1 byte(s)
[00:51:16.100] BAD_PACKET[TCP_prs2026hitl_7101] unknown packet ID 0x76; discarded 1 byte(s)
[00:51:16.101] BAD_PACKET[TCP_prs2026hitl_7101] unknown packet ID 0x69; discarded 1 byte(s)
[00:51:16.101] BAD_PACKET[TCP_prs2026hitl_7101] unknown packet ID 0x63; discarded 1 byte(s)
[00:51:16.101] BAD_PACKET[TCP_prs2026hitl_7101] unknown packet ID 0x65; discarded 1 byte(s)
[00:51:16.102] BAD_PACKET[TCP_prs2026hitl_7101] unknown packet ID 0x20; discarded 1 byte(s)
[00:51:16.102] BAD_PACKET[TCP_prs2026hitl_7101] unknown packet ID 0x6f; discarded 1 byte(s)
[00:51:16.102] BAD_PACKET[TCP_prs2026hitl_7101] unknown packet ID 0x70; discarded 1 byte(s)
[00:51:16.103] BAD_PACKET[TCP_prs2026hitl_7101] unknown packet ID 0x65; discarded 1 byte(s)
[00:51:16.103] BAD_PACKET[TCP_prs2026hitl_7101] unknown packet ID 0x6e; discarded 1 byte(s)
[00:51:16.103] BAD_PACKET[TCP_prs2026hitl_7101] unknown packet ID 0x20; discarded 1 byte(s)
[00:51:16.104] BAD_PACKET[TCP_prs2026hitl_7101] unknown packet ID 0x66; discarded 1 byte(s)
[00:51:16.104] BAD_PACKET[TCP_prs2026hitl_7101] unknown packet ID 0x61; discarded 1 byte(s)
[00:51:16.104] BAD_PACKET[TCP_prs2026hitl_7101] unknown packet ID 0x69; discarded 1 byte(s)
[00:51:16.105] BAD_PACKET[TCP_prs2026hitl_7101] unknown packet ID 0x6c; discarded 1 byte(s)
[00:51:16.105] BAD_PACKET[TCP_prs2026hitl_7101] unknown packet ID 0x75; discarded 1 byte(s)
[00:51:16.105] BAD_PACKET[TCP_prs2026hitl_7101] unknown packet ID 0x72; discarded 1 byte(s)
[00:51:16.106] BAD_PACKET[TCP_prs2026hitl_7101] unknown packet ID 0x65; discarded 1 byte(s)
[00:51:16.106] BAD_PACKET[TCP_prs2026hitl_7101] unknown packet ID 0x3a; discarded 1 byte(s)
[00:51:16.106] BAD_PACKET[TCP_prs2026hitl_7101] unknown packet ID 0x20; discarded 1 byte(s)
[00:51:16.106] BAD_PACKET[TCP_prs2026hitl_7101] unknown packet ID 0x56; discarded 1 byte(s)
[00:51:16.107] BAD_PACKET[TCP_prs2026hitl_7101] unknown packet ID 0x61; discarded 1 byte(s)
[00:51:16.107] BAD_PACKET[TCP_prs2026hitl_7101] unknown packet ID 0x6c; discarded 1 byte(s)
[00:51:16.107] BAD_PACKET[TCP_prs2026hitl_7101] unknown packet ID 0x75; discarded 1 byte(s)
[00:51:16.108] BAD_PACKET[TCP_prs2026hitl_7101] unknown packet ID 0x65; discarded 1 byte(s)
[00:51:16.110] BAD_PACKET[TCP_prs2026hitl_7101] unknown packet ID 0x20; discarded 1 byte(s)
[00:51:16.111] BAD_PACKET[TCP_prs2026hitl_7101] unknown packet ID 0x6f; discarded 1 byte(s)
[00:51:16.111] BAD_PACKET[TCP_prs2026hitl_7101] unknown packet ID 0x72; discarded 1 byte(s)
[00:51:16.111] BAD_PACKET[TCP_prs2026hitl_7101] unknown packet ID 0x20; discarded 1 byte(s)
[00:51:16.112] BAD_PACKET[TCP_prs2026hitl_7101] unknown packet ID 0x66; discarded 1 byte(s)
[00:51:16.112] BAD_PACKET[TCP_prs2026hitl_7101] unknown packet ID 0x69; discarded 1 byte(s)
[00:51:16.112] BAD_PACKET[TCP_prs2026hitl_7101] unknown packet ID 0x6c; discarded 1 byte(s)
[00:51:16.112] BAD_PACKET[TCP_prs2026hitl_7101] unknown packet ID 0x65; discarded 1 byte(s)
[00:51:16.113] BAD_PACKET[TCP_prs2026hitl_7101] unknown packet ID 0x20; discarded 1 byte(s)
[00:51:16.113] BAD_PACKET[TCP_prs2026hitl_7101] unknown packet ID 0x6e; discarded 1 byte(s)
[00:51:16.113] BAD_PACKET[TCP_prs2026hitl_7101] unknown packet ID 0x6f; discarded 1 byte(s)
[00:51:16.114] BAD_PACKET[TCP_prs2026hitl_7101] unknown packet ID 0x74; discarded 1 byte(s)
[00:51:16.114] BAD_PACKET[TCP_prs2026hitl_7101] unknown packet ID 0x20; discarded 1 byte(s)
[00:51:16.114] BAD_PACKET[TCP_prs2026hitl_7101] unknown packet ID 0x66; discarded 1 byte(s)
[00:51:16.115] BAD_PACKET[TCP_prs2026hitl_7101] unknown packet ID 0x6f; discarded 1 byte(s)
[00:51:16.115] BAD_PACKET[TCP_prs2026hitl_7101] unknown packet ID 0x75; discarded 1 byte(s)
[00:51:16.115] BAD_PACKET[TCP_prs2026hitl_7101] unknown packet ID 0x6e; discarded 1 byte(s)
[00:51:16.116] BAD_PACKET[TCP_prs2026hitl_7101] unknown packet ID 0x64; discarded 1 byte(s)
[00:51:16.116] BAD_PACKET[TCP_prs2026hitl_7101] unknown packet ID 0x0d; discarded 1 byte(s)
[00:51:16.116] BAD_PACKET[TCP_prs2026hitl_7101] unknown packet ID 0x0a; discarded 1 byte(s)
[00:51:16.116] ERROR[TCP_prs2026hitl_7101] TCP server closed the connection
[00:51:16.117] RX[TCP_prs2026hitl_7100]  49 20 28 32 32 35 34 33 34 36 29 20 61 70 65 72 74 75 72 65 3a 20 48 65 61 72 74 62 65 61 74 20 73 65 6e 74 0d 0a
[00:51:16.117] BAD_PACKET[TCP_prs2026hitl_7100] unknown packet ID 0x49; discarded 1 byte(s)
[00:51:16.118] BAD_PACKET[TCP_prs2026hitl_7100] unknown packet ID 0x20; discarded 1 byte(s)
[00:51:16.118] BAD_PACKET[TCP_prs2026hitl_7100] unknown packet ID 0x28; discarded 1 byte(s)
[00:51:16.118] BAD_PACKET[TCP_prs2026hitl_7100] unknown packet ID 0x32; discarded 1 byte(s)
[00:51:16.119] BAD_PACKET[TCP_prs2026hitl_7100] unknown packet ID 0x32; discarded 1 byte(s)
[00:51:16.119] BAD_PACKET[TCP_prs2026hitl_7100] unknown packet ID 0x35; discarded 1 byte(s)
[00:51:16.119] BAD_PACKET[TCP_prs2026hitl_7100] unknown packet ID 0x34; discarded 1 byte(s)
[00:51:16.120] BAD_PACKET[TCP_prs2026hitl_7100] unknown packet ID 0x33; discarded 1 byte(s)
[00:51:16.120] BAD_PACKET[TCP_prs2026hitl_7100] unknown packet ID 0x34; discarded 1 byte(s)
[00:51:16.120] BAD_PACKET[TCP_prs2026hitl_7100] unknown packet ID 0x36; discarded 1 byte(s)
[00:51:16.120] BAD_PACKET[TCP_prs2026hitl_7100] unknown packet ID 0x29; discarded 1 byte(s)
[00:51:16.121] BAD_PACKET[TCP_prs2026hitl_7100] unknown packet ID 0x20; discarded 1 byte(s)
[00:51:16.121] BAD_PACKET[TCP_prs2026hitl_7100] unknown packet ID 0x61; discarded 1 byte(s)
[00:51:16.121] BAD_PACKET[TCP_prs2026hitl_7100] unknown packet ID 0x70; discarded 1 byte(s)
[00:51:16.122] BAD_PACKET[TCP_prs2026hitl_7100] unknown packet ID 0x65; discarded 1 byte(s)
[00:51:16.122] BAD_PACKET[TCP_prs2026hitl_7100] unknown packet ID 0x72; discarded 1 byte(s)
[00:51:16.122] BAD_PACKET[TCP_prs2026hitl_7100] unknown packet ID 0x74; discarded 1 byte(s)
[00:51:16.123] BAD_PACKET[TCP_prs2026hitl_7100] unknown packet ID 0x75; discarded 1 byte(s)
[00:51:16.123] BAD_PACKET[TCP_prs2026hitl_7100] unknown packet ID 0x72; discarded 1 byte(s)
[00:51:16.123] BAD_PACKET[TCP_prs2026hitl_7100] unknown packet ID 0x65; discarded 1 byte(s)
[00:51:16.124] BAD_PACKET[TCP_prs2026hitl_7100] unknown packet ID 0x3a; discarded 1 byte(s)
[00:51:16.125] BAD_PACKET[TCP_prs2026hitl_7100] unknown packet ID 0x20; discarded 1 byte(s)
[00:51:16.125] BAD_PACKET[TCP_prs2026hitl_7100] unknown packet ID 0x48; discarded 1 byte(s)
[00:51:16.126] BAD_PACKET[TCP_prs2026hitl_7100] unknown packet ID 0x65; discarded 1 byte(s)
[00:51:16.126] BAD_PACKET[TCP_prs2026hitl_7100] unknown packet ID 0x61; discarded 1 byte(s)
[00:51:16.126] BAD_PACKET[TCP_prs2026hitl_7100] unknown packet ID 0x72; discarded 1 byte(s)
[00:51:16.127] BAD_PACKET[TCP_prs2026hitl_7100] unknown packet ID 0x74; discarded 1 byte(s)
[00:51:16.127] BAD_PACKET[TCP_prs2026hitl_7100] unknown packet ID 0x62; discarded 1 byte(s)
[00:51:16.127] BAD_PACKET[TCP_prs2026hitl_7100] unknown packet ID 0x65; discarded 1 byte(s)
[00:51:16.128] BAD_PACKET[TCP_prs2026hitl_7100] unknown packet ID 0x61; discarded 1 byte(s)
[00:51:16.128] BAD_PACKET[TCP_prs2026hitl_7100] unknown packet ID 0x74; discarded 1 byte(s)
[00:51:16.128] BAD_PACKET[TCP_prs2026hitl_7100] unknown packet ID 0x20; discarded 1 byte(s)
[00:51:16.129] BAD_PACKET[TCP_prs2026hitl_7100] unknown packet ID 0x73; discarded 1 byte(s)
[00:51:16.129] BAD_PACKET[TCP_prs2026hitl_7100] unknown packet ID 0x65; discarded 1 byte(s)
[00:51:16.129] BAD_PACKET[TCP_prs2026hitl_7100] unknown packet ID 0x6e; discarded 1 byte(s)
[00:51:16.130] BAD_PACKET[TCP_prs2026hitl_7100] unknown packet ID 0x74; discarded 1 byte(s)
[00:51:16.130] BAD_PACKET[TCP_prs2026hitl_7100] unknown packet ID 0x0d; discarded 1 byte(s)
[00:51:16.130] BAD_PACKET[TCP_prs2026hitl_7100] unknown packet ID 0x0a; discarded 1 byte(s)
[00:51:16.985] RX[COM21]  03
[00:51:16.985] RX[COM21]  00 00 00 00 00 00 00 00 00 00 3e bf 00 00 00 14 40 0a
[00:51:16.986] PACKET[COM21] camera: fc_status=0, fc_uptime=0, status=0, uptime=16063, current_sense=[0.0, 0.0, 0.0], iris_battery_voltage=5.184
[00:51:17.094] RX[TCP_prs2026hitl_7100]  49 20 28 32 32 35 35 33 30 36 29 20 61 70 65 72 74 75 72 65 3a 20 53 65 6e 64 69 6e 67 20 68 65 61 72 74 62 65 61 74 20 28 38 20 62 79 74 65 73 29 0d 0a
[00:51:17.098] BAD_PACKET[TCP_prs2026hitl_7100] unknown packet ID 0x49; discarded 1 byte(s)
[00:51:17.099] BAD_PACKET[TCP_prs2026hitl_7100] unknown packet ID 0x20; discarded 1 byte(s)
[00:51:17.105] BAD_PACKET[TCP_prs2026hitl_7100] unknown packet ID 0x28; discarded 1 byte(s)
[00:51:17.105] BAD_PACKET[TCP_prs2026hitl_7100] unknown packet ID 0x32; discarded 1 byte(s)
[00:51:17.106] BAD_PACKET[TCP_prs2026hitl_7100] unknown packet ID 0x32; discarded 1 byte(s)
[00:51:17.107] BAD_PACKET[TCP_prs2026hitl_7100] unknown packet ID 0x35; discarded 1 byte(s)
[00:51:17.108] BAD_PACKET[TCP_prs2026hitl_7100] unknown packet ID 0x35; discarded 1 byte(s)
[00:51:17.108] BAD_PACKET[TCP_prs2026hitl_7100] unknown packet ID 0x33; discarded 1 byte(s)
[00:51:17.108] BAD_PACKET[TCP_prs2026hitl_7100] unknown packet ID 0x30; discarded 1 byte(s)
[00:51:17.109] BAD_PACKET[TCP_prs2026hitl_7100] unknown packet ID 0x36; discarded 1 byte(s)
[00:51:17.109] BAD_PACKET[TCP_prs2026hitl_7100] unknown packet ID 0x29; discarded 1 byte(s)
[00:51:17.110] BAD_PACKET[TCP_prs2026hitl_7100] unknown packet ID 0x20; discarded 1 byte(s)
[00:51:17.110] BAD_PACKET[TCP_prs2026hitl_7100] unknown packet ID 0x61; discarded 1 byte(s)
[00:51:17.110] BAD_PACKET[TCP_prs2026hitl_7100] unknown packet ID 0x70; discarded 1 byte(s)
[00:51:17.111] BAD_PACKET[TCP_prs2026hitl_7100] unknown packet ID 0x65; discarded 1 byte(s)
[00:51:17.113] BAD_PACKET[TCP_prs2026hitl_7100] unknown packet ID 0x72; discarded 1 byte(s)
[00:51:17.113] BAD_PACKET[TCP_prs2026hitl_7100] unknown packet ID 0x74; discarded 1 byte(s)
[00:51:17.114] BAD_PACKET[TCP_prs2026hitl_7100] unknown packet ID 0x75; discarded 1 byte(s)
[00:51:17.115] BAD_PACKET[TCP_prs2026hitl_7100] unknown packet ID 0x72; discarded 1 byte(s)
[00:51:17.116] BAD_PACKET[TCP_prs2026hitl_7100] unknown packet ID 0x65; discarded 1 byte(s)
[00:51:17.118] BAD_PACKET[TCP_prs2026hitl_7100] unknown packet ID 0x3a; discarded 1 byte(s)
[00:51:17.120] BAD_PACKET[TCP_prs2026hitl_7100] unknown packet ID 0x20; discarded 1 byte(s)
[00:51:17.121] BAD_PACKET[TCP_prs2026hitl_7100] unknown packet ID 0x53; discarded 1 byte(s)
[00:51:17.121] BAD_PACKET[TCP_prs2026hitl_7100] unknown packet ID 0x65; discarded 1 byte(s)
[00:51:17.121] BAD_PACKET[TCP_prs2026hitl_7100] unknown packet ID 0x6e; discarded 1 byte(s)
[00:51:17.122] BAD_PACKET[TCP_prs2026hitl_7100] unknown packet ID 0x64; discarded 1 byte(s)
[00:51:17.122] BAD_PACKET[TCP_prs2026hitl_7100] unknown packet ID 0x69; discarded 1 byte(s)
[00:51:17.122] BAD_PACKET[TCP_prs2026hitl_7100] unknown packet ID 0x6e; discarded 1 byte(s)
[00:51:17.122] BAD_PACKET[TCP_prs2026hitl_7100] unknown packet ID 0x67; discarded 1 byte(s)
[00:51:17.123] BAD_PACKET[TCP_prs2026hitl_7100] unknown packet ID 0x20; discarded 1 byte(s)
[00:51:17.123] BAD_PACKET[TCP_prs2026hitl_7100] unknown packet ID 0x68; discarded 1 byte(s)
[00:51:17.123] BAD_PACKET[TCP_prs2026hitl_7100] unknown packet ID 0x65; discarded 1 byte(s)
[00:51:17.124] BAD_PACKET[TCP_prs2026hitl_7100] unknown packet ID 0x61; discarded 1 byte(s)
[00:51:17.124] BAD_PACKET[TCP_prs2026hitl_7100] unknown packet ID 0x72; discarded 1 byte(s)
[00:51:17.124] BAD_PACKET[TCP_prs2026hitl_7100] unknown packet ID 0x74; discarded 1 byte(s)
[00:51:17.126] BAD_PACKET[TCP_prs2026hitl_7100] unknown packet ID 0x62; discarded 1 byte(s)
[00:51:17.127] BAD_PACKET[TCP_prs2026hitl_7100] unknown packet ID 0x65; discarded 1 byte(s)
[00:51:17.127] BAD_PACKET[TCP_prs2026hitl_7100] unknown packet ID 0x61; discarded 1 byte(s)
[00:51:17.127] BAD_PACKET[TCP_prs2026hitl_7100] unknown packet ID 0x74; discarded 1 byte(s)
[00:51:17.128] BAD_PACKET[TCP_prs2026hitl_7100] unknown packet ID 0x20; discarded 1 byte(s)
[00:51:17.128] BAD_PACKET[TCP_prs2026hitl_7100] unknown packet ID 0x28; discarded 1 byte(s)
[00:51:17.131] BAD_PACKET[TCP_prs2026hitl_7100] unknown packet ID 0x38; discarded 1 byte(s)
[00:51:17.134] BAD_PACKET[TCP_prs2026hitl_7100] unknown packet ID 0x20; discarded 1 byte(s)
[00:51:17.135] BAD_PACKET[TCP_prs2026hitl_7100] unknown packet ID 0x62; discarded 1 byte(s)
[00:51:17.137] BAD_PACKET[TCP_prs2026hitl_7100] unknown packet ID 0x79; discarded 1 byte(s)
[00:51:17.138] BAD_PACKET[TCP_prs2026hitl_7100] unknown packet ID 0x74; discarded 1 byte(s)
[00:51:17.139] BAD_PACKET[TCP_prs2026hitl_7100] unknown packet ID 0x65; discarded 1 byte(s)
[00:51:17.140] BAD_PACKET[TCP_prs2026hitl_7100] unknown packet ID 0x73; discarded 1 byte(s)
[00:51:17.140] BAD_PACKET[TCP_prs2026hitl_7100] unknown packet ID 0x29; discarded 1 byte(s)
[00:51:17.140] BAD_PACKET[TCP_prs2026hitl_7100] unknown packet ID 0x0d; discarded 1 byte(s)
[00:51:17.141] BAD_PACKET[TCP_prs2026hitl_7100] unknown packet ID 0x0a; discarded 1 byte(s)
[00:51:17.141] RX[TCP_prs2026hitl_7100]  49 20 28 32 32 35 35 33 34 36 29 20 61 70 65 72 74 75 72 65 3a 20 48 65 61 72 74 62 65 61 74 20 73 65 6e 74 0d 0a
[00:51:17.141] BAD_PACKET[TCP_prs2026hitl_7100] unknown packet ID 0x49; discarded 1 byte(s)
[00:51:17.142] BAD_PACKET[TCP_prs2026hitl_7100] unknown packet ID 0x20; discarded 1 byte(s)
[00:51:17.143] BAD_PACKET[TCP_prs2026hitl_7100] unknown packet ID 0x28; discarded 1 byte(s)
[00:51:17.143] BAD_PACKET[TCP_prs2026hitl_7100] unknown packet ID 0x32; discarded 1 byte(s)
[00:51:17.143] BAD_PACKET[TCP_prs2026hitl_7100] unknown packet ID 0x32; discarded 1 byte(s)
[00:51:17.144] BAD_PACKET[TCP_prs2026hitl_7100] unknown packet ID 0x35; discarded 1 byte(s)
[00:51:17.144] BAD_PACKET[TCP_prs2026hitl_7100] unknown packet ID 0x35; discarded 1 byte(s)
[00:51:17.144] BAD_PACKET[TCP_prs2026hitl_7100] unknown packet ID 0x33; discarded 1 byte(s)
[00:51:17.145] BAD_PACKET[TCP_prs2026hitl_7100] unknown packet ID 0x34; discarded 1 byte(s)
[00:51:17.145] BAD_PACKET[TCP_prs2026hitl_7100] unknown packet ID 0x36; discarded 1 byte(s)
[00:51:17.145] BAD_PACKET[TCP_prs2026hitl_7100] unknown packet ID 0x29; discarded 1 byte(s)
[00:51:17.145] BAD_PACKET[TCP_prs2026hitl_7100] unknown packet ID 0x20; discarded 1 byte(s)
[00:51:17.147] BAD_PACKET[TCP_prs2026hitl_7100] unknown packet ID 0x61; discarded 1 byte(s)
[00:51:17.147] BAD_PACKET[TCP_prs2026hitl_7100] unknown packet ID 0x70; discarded 1 byte(s)
[00:51:17.148] BAD_PACKET[TCP_prs2026hitl_7100] unknown packet ID 0x65; discarded 1 byte(s)
[00:51:17.148] BAD_PACKET[TCP_prs2026hitl_7100] unknown packet ID 0x72; discarded 1 byte(s)
[00:51:17.148] BAD_PACKET[TCP_prs2026hitl_7100] unknown packet ID 0x74; discarded 1 byte(s)
[00:51:17.149] BAD_PACKET[TCP_prs2026hitl_7100] unknown packet ID 0x75; discarded 1 byte(s)
[00:51:17.149] BAD_PACKET[TCP_prs2026hitl_7100] unknown packet ID 0x72; discarded 1 byte(s)
[00:51:17.149] BAD_PACKET[TCP_prs2026hitl_7100] unknown packet ID 0x65; discarded 1 byte(s)
[00:51:17.150] BAD_PACKET[TCP_prs2026hitl_7100] unknown packet ID 0x3a; discarded 1 byte(s)
[00:51:17.150] BAD_PACKET[TCP_prs2026hitl_7100] unknown packet ID 0x20; discarded 1 byte(s)
[00:51:17.151] BAD_PACKET[TCP_prs2026hitl_7100] unknown packet ID 0x48; discarded 1 byte(s)
[00:51:17.152] BAD_PACKET[TCP_prs2026hitl_7100] unknown packet ID 0x65; discarded 1 byte(s)
[00:51:17.152] BAD_PACKET[TCP_prs2026hitl_7100] unknown packet ID 0x61; discarded 1 byte(s)
[00:51:17.154] BAD_PACKET[TCP_prs2026hitl_7100] unknown packet ID 0x72; discarded 1 byte(s)
[00:51:17.157] BAD_PACKET[TCP_prs2026hitl_7100] unknown packet ID 0x74; discarded 1 byte(s)
[00:51:17.157] BAD_PACKET[TCP_prs2026hitl_7100] unknown packet ID 0x62; discarded 1 byte(s)
[00:51:17.157] BAD_PACKET[TCP_prs2026hitl_7100] unknown packet ID 0x65; discarded 1 byte(s)
[00:51:17.159] BAD_PACKET[TCP_prs2026hitl_7100] unknown packet ID 0x61; discarded 1 byte(s)
[00:51:17.160] BAD_PACKET[TCP_prs2026hitl_7100] unknown packet ID 0x74; discarded 1 byte(s)
[00:51:17.162] BAD_PACKET[TCP_prs2026hitl_7100] unknown packet ID 0x20; discarded 1 byte(s)
[00:51:17.162] BAD_PACKET[TCP_prs2026hitl_7100] unknown packet ID 0x73; discarded 1 byte(s)
[00:51:17.163] BAD_PACKET[TCP_prs2026hitl_7100] unknown packet ID 0x65; discarded 1 byte(s)
[00:51:17.163] BAD_PACKET[TCP_prs2026hitl_7100] unknown packet ID 0x6e; discarded 1 byte(s)
[00:51:17.164] BAD_PACKET[TCP_prs2026hitl_7100] unknown packet ID 0x74; discarded 1 byte(s)
[00:51:17.165] BAD_PACKET[TCP_prs2026hitl_7100] unknown packet ID 0x0d; discarded 1 byte(s)
[00:51:17.165] BAD_PACKET[TCP_prs2026hitl_7100] unknown packet ID 0x0a; discarded 1 byte(s)
[00:51:18.009] RX[COM21]  03
[00:51:18.010] RX[COM21]  00 00 00 00 00 00 00 00 00 00 42 a7 00 00 00 14 40 0a
[00:51:18.010] PACKET[COM21] camera: fc_status=0, fc_uptime=0, status=0, uptime=17063, current_sense=[0.0, 0.0, 0.0], iris_battery_voltage=5.184
[00:51:18.067] RX[TCP_prs2026hitl_7100]  49 20 28 32 32 35 36 33 30 36 29 20 61 70 65 72 74 75 72 65 3a 20 53 65 6e 64 69 6e 67 20 68 65 61 72 74 62 65 61 74 20 28 38 20 62 79 74 65 73 29 0d 0a
[00:51:18.071] BAD_PACKET[TCP_prs2026hitl_7100] unknown packet ID 0x49; discarded 1 byte(s)
[00:51:18.072] BAD_PACKET[TCP_prs2026hitl_7100] unknown packet ID 0x20; discarded 1 byte(s)
[00:51:18.072] BAD_PACKET[TCP_prs2026hitl_7100] unknown packet ID 0x28; discarded 1 byte(s)
[00:51:18.072] BAD_PACKET[TCP_prs2026hitl_7100] unknown packet ID 0x32; discarded 1 byte(s)
[00:51:18.073] BAD_PACKET[TCP_prs2026hitl_7100] unknown packet ID 0x32; discarded 1 byte(s)
[00:51:18.073] BAD_PACKET[TCP_prs2026hitl_7100] unknown packet ID 0x35; discarded 1 byte(s)
[00:51:18.073] BAD_PACKET[TCP_prs2026hitl_7100] unknown packet ID 0x36; discarded 1 byte(s)
[00:51:18.074] BAD_PACKET[TCP_prs2026hitl_7100] unknown packet ID 0x33; discarded 1 byte(s)
[00:51:18.074] BAD_PACKET[TCP_prs2026hitl_7100] unknown packet ID 0x30; discarded 1 byte(s)
[00:51:18.074] BAD_PACKET[TCP_prs2026hitl_7100] unknown packet ID 0x36; discarded 1 byte(s)
[00:51:18.074] BAD_PACKET[TCP_prs2026hitl_7100] unknown packet ID 0x29; discarded 1 byte(s)
[00:51:18.075] BAD_PACKET[TCP_prs2026hitl_7100] unknown packet ID 0x20; discarded 1 byte(s)
[00:51:18.075] BAD_PACKET[TCP_prs2026hitl_7100] unknown packet ID 0x61; discarded 1 byte(s)
[00:51:18.076] BAD_PACKET[TCP_prs2026hitl_7100] unknown packet ID 0x70; discarded 1 byte(s)
[00:51:18.076] BAD_PACKET[TCP_prs2026hitl_7100] unknown packet ID 0x65; discarded 1 byte(s)
[00:51:18.076] BAD_PACKET[TCP_prs2026hitl_7100] unknown packet ID 0x72; discarded 1 byte(s)
[00:51:18.077] BAD_PACKET[TCP_prs2026hitl_7100] unknown packet ID 0x74; discarded 1 byte(s)
[00:51:18.077] BAD_PACKET[TCP_prs2026hitl_7100] unknown packet ID 0x75; discarded 1 byte(s)
[00:51:18.077] BAD_PACKET[TCP_prs2026hitl_7100] unknown packet ID 0x72; discarded 1 byte(s)
[00:51:18.077] BAD_PACKET[TCP_prs2026hitl_7100] unknown packet ID 0x65; discarded 1 byte(s)
[00:51:18.078] BAD_PACKET[TCP_prs2026hitl_7100] unknown packet ID 0x3a; discarded 1 byte(s)
[00:51:18.078] BAD_PACKET[TCP_prs2026hitl_7100] unknown packet ID 0x20; discarded 1 byte(s)
[00:51:18.078] BAD_PACKET[TCP_prs2026hitl_7100] unknown packet ID 0x53; discarded 1 byte(s)
[00:51:18.079] BAD_PACKET[TCP_prs2026hitl_7100] unknown packet ID 0x65; discarded 1 byte(s)
[00:51:18.079] BAD_PACKET[TCP_prs2026hitl_7100] unknown packet ID 0x6e; discarded 1 byte(s)
[00:51:18.079] BAD_PACKET[TCP_prs2026hitl_7100] unknown packet ID 0x64; discarded 1 byte(s)
[00:51:18.080] BAD_PACKET[TCP_prs2026hitl_7100] unknown packet ID 0x69; discarded 1 byte(s)
[00:51:18.080] BAD_PACKET[TCP_prs2026hitl_7100] unknown packet ID 0x6e; discarded 1 byte(s)
[00:51:18.080] BAD_PACKET[TCP_prs2026hitl_7100] unknown packet ID 0x67; discarded 1 byte(s)
[00:51:18.080] BAD_PACKET[TCP_prs2026hitl_7100] unknown packet ID 0x20; discarded 1 byte(s)
[00:51:18.081] BAD_PACKET[TCP_prs2026hitl_7100] unknown packet ID 0x68; discarded 1 byte(s)
[00:51:18.081] BAD_PACKET[TCP_prs2026hitl_7100] unknown packet ID 0x65; discarded 1 byte(s)
[00:51:18.081] BAD_PACKET[TCP_prs2026hitl_7100] unknown packet ID 0x61; discarded 1 byte(s)
[00:51:18.082] BAD_PACKET[TCP_prs2026hitl_7100] unknown packet ID 0x72; discarded 1 byte(s)
[00:51:18.082] BAD_PACKET[TCP_prs2026hitl_7100] unknown packet ID 0x74; discarded 1 byte(s)
[00:51:18.082] BAD_PACKET[TCP_prs2026hitl_7100] unknown packet ID 0x62; discarded 1 byte(s)
[00:51:18.083] BAD_PACKET[TCP_prs2026hitl_7100] unknown packet ID 0x65; discarded 1 byte(s)
[00:51:18.083] BAD_PACKET[TCP_prs2026hitl_7100] unknown packet ID 0x61; discarded 1 byte(s)
[00:51:18.083] BAD_PACKET[TCP_prs2026hitl_7100] unknown packet ID 0x74; discarded 1 byte(s)
[00:51:18.084] BAD_PACKET[TCP_prs2026hitl_7100] unknown packet ID 0x20; discarded 1 byte(s)
[00:51:18.084] BAD_PACKET[TCP_prs2026hitl_7100] unknown packet ID 0x28; discarded 1 byte(s)
[00:51:18.084] BAD_PACKET[TCP_prs2026hitl_7100] unknown packet ID 0x38; discarded 1 byte(s)
[00:51:18.085] BAD_PACKET[TCP_prs2026hitl_7100] unknown packet ID 0x20; discarded 1 byte(s)
[00:51:18.085] BAD_PACKET[TCP_prs2026hitl_7100] unknown packet ID 0x62; discarded 1 byte(s)
[00:51:18.085] BAD_PACKET[TCP_prs2026hitl_7100] unknown packet ID 0x79; discarded 1 byte(s)
[00:51:18.086] BAD_PACKET[TCP_prs2026hitl_7100] unknown packet ID 0x74; discarded 1 byte(s)
[00:51:18.086] BAD_PACKET[TCP_prs2026hitl_7100] unknown packet ID 0x65; discarded 1 byte(s)
[00:51:18.086] BAD_PACKET[TCP_prs2026hitl_7100] unknown packet ID 0x73; discarded 1 byte(s)
[00:51:18.087] BAD_PACKET[TCP_prs2026hitl_7100] unknown packet ID 0x29; discarded 1 byte(s)
[00:51:18.087] BAD_PACKET[TCP_prs2026hitl_7100] unknown packet ID 0x0d; discarded 1 byte(s)
[00:51:18.087] BAD_PACKET[TCP_prs2026hitl_7100] unknown packet ID 0x0a; discarded 1 byte(s)
[00:51:18.142] RX[TCP_prs2026hitl_7100]  49 20 28 32 32 35 36 33 34 36 29 20 61 70 65 72 74 75 72 65 3a 20 48 65 61 72 74 62 65 61 74 20 73 65 6e 74 0d 0a
[00:51:18.143] BAD_PACKET[TCP_prs2026hitl_7100] unknown packet ID 0x49; discarded 1 byte(s)
[00:51:18.144] BAD_PACKET[TCP_prs2026hitl_7100] unknown packet ID 0x20; discarded 1 byte(s)
[00:51:18.144] BAD_PACKET[TCP_prs2026hitl_7100] unknown packet ID 0x28; discarded 1 byte(s)
[00:51:18.144] BAD_PACKET[TCP_prs2026hitl_7100] unknown packet ID 0x32; discarded 1 byte(s)
[00:51:18.145] BAD_PACKET[TCP_prs2026hitl_7100] unknown packet ID 0x32; discarded 1 byte(s)
[00:51:18.145] BAD_PACKET[TCP_prs2026hitl_7100] unknown packet ID 0x35; discarded 1 byte(s)
[00:51:18.145] BAD_PACKET[TCP_prs2026hitl_7100] unknown packet ID 0x36; discarded 1 byte(s)
[00:51:18.146] BAD_PACKET[TCP_prs2026hitl_7100] unknown packet ID 0x33; discarded 1 byte(s)
[00:51:18.146] BAD_PACKET[TCP_prs2026hitl_7100] unknown packet ID 0x34; discarded 1 byte(s)
[00:51:18.146] BAD_PACKET[TCP_prs2026hitl_7100] unknown packet ID 0x36; discarded 1 byte(s)
[00:51:18.147] BAD_PACKET[TCP_prs2026hitl_7100] unknown packet ID 0x29; discarded 1 byte(s)
[00:51:18.147] BAD_PACKET[TCP_prs2026hitl_7100] unknown packet ID 0x20; discarded 1 byte(s)
[00:51:18.147] BAD_PACKET[TCP_prs2026hitl_7100] unknown packet ID 0x61; discarded 1 byte(s)
[00:51:18.147] BAD_PACKET[TCP_prs2026hitl_7100] unknown packet ID 0x70; discarded 1 byte(s)
[00:51:18.148] BAD_PACKET[TCP_prs2026hitl_7100] unknown packet ID 0x65; discarded 1 byte(s)
[00:51:18.148] BAD_PACKET[TCP_prs2026hitl_7100] unknown packet ID 0x72; discarded 1 byte(s)
[00:51:18.148] BAD_PACKET[TCP_prs2026hitl_7100] unknown packet ID 0x74; discarded 1 byte(s)
[00:51:18.149] BAD_PACKET[TCP_prs2026hitl_7100] unknown packet ID 0x75; discarded 1 byte(s)
[00:51:18.149] BAD_PACKET[TCP_prs2026hitl_7100] unknown packet ID 0x72; discarded 1 byte(s)
[00:51:18.149] BAD_PACKET[TCP_prs2026hitl_7100] unknown packet ID 0x65; discarded 1 byte(s)
[00:51:18.150] BAD_PACKET[TCP_prs2026hitl_7100] unknown packet ID 0x3a; discarded 1 byte(s)
[00:51:18.150] BAD_PACKET[TCP_prs2026hitl_7100] unknown packet ID 0x20; discarded 1 byte(s)
[00:51:18.150] BAD_PACKET[TCP_prs2026hitl_7100] unknown packet ID 0x48; discarded 1 byte(s)
[00:51:18.151] BAD_PACKET[TCP_prs2026hitl_7100] unknown packet ID 0x65; discarded 1 byte(s)
[00:51:18.151] BAD_PACKET[TCP_prs2026hitl_7100] unknown packet ID 0x61; discarded 1 byte(s)
[00:51:18.151] BAD_PACKET[TCP_prs2026hitl_7100] unknown packet ID 0x72; discarded 1 byte(s)
[00:51:18.152] BAD_PACKET[TCP_prs2026hitl_7100] unknown packet ID 0x74; discarded 1 byte(s)
[00:51:18.152] BAD_PACKET[TCP_prs2026hitl_7100] unknown packet ID 0x62; discarded 1 byte(s)
[00:51:18.152] BAD_PACKET[TCP_prs2026hitl_7100] unknown packet ID 0x65; discarded 1 byte(s)
[00:51:18.153] BAD_PACKET[TCP_prs2026hitl_7100] unknown packet ID 0x61; discarded 1 byte(s)
[00:51:18.153] BAD_PACKET[TCP_prs2026hitl_7100] unknown packet ID 0x74; discarded 1 byte(s)
[00:51:18.153] BAD_PACKET[TCP_prs2026hitl_7100] unknown packet ID 0x20; discarded 1 byte(s)
[00:51:18.154] BAD_PACKET[TCP_prs2026hitl_7100] unknown packet ID 0x73; discarded 1 byte(s)
[00:51:18.154] BAD_PACKET[TCP_prs2026hitl_7100] unknown packet ID 0x65; discarded 1 byte(s)
[00:51:18.154] BAD_PACKET[TCP_prs2026hitl_7100] unknown packet ID 0x6e; discarded 1 byte(s)
[00:51:18.154] BAD_PACKET[TCP_prs2026hitl_7100] unknown packet ID 0x74; discarded 1 byte(s)
[00:51:18.155] BAD_PACKET[TCP_prs2026hitl_7100] unknown packet ID 0x0d; discarded 1 byte(s)
[00:51:18.155] BAD_PACKET[TCP_prs2026hitl_7100] unknown packet ID 0x0a; discarded 1 byte(s)
[00:51:18.975] RX[COM21]  03
[00:51:18.976] RX[COM21]  00 00 00 00 00 00 00 00 00 00 46 8f 00 00 00 14 40 0a
[00:51:18.977] PACKET[COM21] camera: fc_status=0, fc_uptime=0, status=0, uptime=18063, current_sense=[0.0, 0.0, 0.0], iris_battery_voltage=5.184
[00:51:19.041] RX[TCP_prs2026hitl_7100]  49 20 28 32 32 35 37 33 30 36 29 20 61 70 65 72 74 75 72 65 3a 20 53 65 6e 64 69 6e 67 20 68 65 61 72 74 62 65 61 74 20 28 38 20 62 79 74 65 73 29 0d 0a
[00:51:19.042] BAD_PACKET[TCP_prs2026hitl_7100] unknown packet ID 0x49; discarded 1 byte(s)
[00:51:19.042] BAD_PACKET[TCP_prs2026hitl_7100] unknown packet ID 0x20; discarded 1 byte(s)
[00:51:19.043] BAD_PACKET[TCP_prs2026hitl_7100] unknown packet ID 0x28; discarded 1 byte(s)
[00:51:19.043] BAD_PACKET[TCP_prs2026hitl_7100] unknown packet ID 0x32; discarded 1 byte(s)
[00:51:19.043] BAD_PACKET[TCP_prs2026hitl_7100] unknown packet ID 0x32; discarded 1 byte(s)
[00:51:19.044] BAD_PACKET[TCP_prs2026hitl_7100] unknown packet ID 0x35; discarded 1 byte(s)
[00:51:19.044] BAD_PACKET[TCP_prs2026hitl_7100] unknown packet ID 0x37; discarded 1 byte(s)
[00:51:19.044] BAD_PACKET[TCP_prs2026hitl_7100] unknown packet ID 0x33; discarded 1 byte(s)
[00:51:19.044] BAD_PACKET[TCP_prs2026hitl_7100] unknown packet ID 0x30; discarded 1 byte(s)
[00:51:19.045] BAD_PACKET[TCP_prs2026hitl_7100] unknown packet ID 0x36; discarded 1 byte(s)
[00:51:19.045] BAD_PACKET[TCP_prs2026hitl_7100] unknown packet ID 0x29; discarded 1 byte(s)
[00:51:19.045] BAD_PACKET[TCP_prs2026hitl_7100] unknown packet ID 0x20; discarded 1 byte(s)
[00:51:19.046] BAD_PACKET[TCP_prs2026hitl_7100] unknown packet ID 0x61; discarded 1 byte(s)
[00:51:19.046] BAD_PACKET[TCP_prs2026hitl_7100] unknown packet ID 0x70; discarded 1 byte(s)
[00:51:19.046] BAD_PACKET[TCP_prs2026hitl_7100] unknown packet ID 0x65; discarded 1 byte(s)
[00:51:19.047] BAD_PACKET[TCP_prs2026hitl_7100] unknown packet ID 0x72; discarded 1 byte(s)
[00:51:19.047] BAD_PACKET[TCP_prs2026hitl_7100] unknown packet ID 0x74; discarded 1 byte(s)
[00:51:19.047] BAD_PACKET[TCP_prs2026hitl_7100] unknown packet ID 0x75; discarded 1 byte(s)
[00:51:19.048] BAD_PACKET[TCP_prs2026hitl_7100] unknown packet ID 0x72; discarded 1 byte(s)
[00:51:19.048] BAD_PACKET[TCP_prs2026hitl_7100] unknown packet ID 0x65; discarded 1 byte(s)
[00:51:19.048] BAD_PACKET[TCP_prs2026hitl_7100] unknown packet ID 0x3a; discarded 1 byte(s)
[00:51:19.048] BAD_PACKET[TCP_prs2026hitl_7100] unknown packet ID 0x20; discarded 1 byte(s)
[00:51:19.049] BAD_PACKET[TCP_prs2026hitl_7100] unknown packet ID 0x53; discarded 1 byte(s)
[00:51:19.049] BAD_PACKET[TCP_prs2026hitl_7100] unknown packet ID 0x65; discarded 1 byte(s)
[00:51:19.049] BAD_PACKET[TCP_prs2026hitl_7100] unknown packet ID 0x6e; discarded 1 byte(s)
[00:51:19.050] BAD_PACKET[TCP_prs2026hitl_7100] unknown packet ID 0x64; discarded 1 byte(s)
[00:51:19.050] BAD_PACKET[TCP_prs2026hitl_7100] unknown packet ID 0x69; discarded 1 byte(s)
[00:51:19.050] BAD_PACKET[TCP_prs2026hitl_7100] unknown packet ID 0x6e; discarded 1 byte(s)
[00:51:19.051] BAD_PACKET[TCP_prs2026hitl_7100] unknown packet ID 0x67; discarded 1 byte(s)
[00:51:19.051] BAD_PACKET[TCP_prs2026hitl_7100] unknown packet ID 0x20; discarded 1 byte(s)
[00:51:19.051] BAD_PACKET[TCP_prs2026hitl_7100] unknown packet ID 0x68; discarded 1 byte(s)
[00:51:19.052] BAD_PACKET[TCP_prs2026hitl_7100] unknown packet ID 0x65; discarded 1 byte(s)
[00:51:19.052] BAD_PACKET[TCP_prs2026hitl_7100] unknown packet ID 0x61; discarded 1 byte(s)
[00:51:19.052] BAD_PACKET[TCP_prs2026hitl_7100] unknown packet ID 0x72; discarded 1 byte(s)
[00:51:19.053] BAD_PACKET[TCP_prs2026hitl_7100] unknown packet ID 0x74; discarded 1 byte(s)
[00:51:19.053] BAD_PACKET[TCP_prs2026hitl_7100] unknown packet ID 0x62; discarded 1 byte(s)
[00:51:19.053] BAD_PACKET[TCP_prs2026hitl_7100] unknown packet ID 0x65; discarded 1 byte(s)
[00:51:19.054] BAD_PACKET[TCP_prs2026hitl_7100] unknown packet ID 0x61; discarded 1 byte(s)
[00:51:19.054] BAD_PACKET[TCP_prs2026hitl_7100] unknown packet ID 0x74; discarded 1 byte(s)
[00:51:19.054] BAD_PACKET[TCP_prs2026hitl_7100] unknown packet ID 0x20; discarded 1 byte(s)
[00:51:19.054] BAD_PACKET[TCP_prs2026hitl_7100] unknown packet ID 0x28; discarded 1 byte(s)
[00:51:19.055] BAD_PACKET[TCP_prs2026hitl_7100] unknown packet ID 0x38; discarded 1 byte(s)
[00:51:19.055] BAD_PACKET[TCP_prs2026hitl_7100] unknown packet ID 0x20; discarded 1 byte(s)
[00:51:19.055] BAD_PACKET[TCP_prs2026hitl_7100] unknown packet ID 0x62; discarded 1 byte(s)
[00:51:19.056] BAD_PACKET[TCP_prs2026hitl_7100] unknown packet ID 0x79; discarded 1 byte(s)
[00:51:19.056] BAD_PACKET[TCP_prs2026hitl_7100] unknown packet ID 0x74; discarded 1 byte(s)
[00:51:19.056] BAD_PACKET[TCP_prs2026hitl_7100] unknown packet ID 0x65; discarded 1 byte(s)
[00:51:19.057] BAD_PACKET[TCP_prs2026hitl_7100] unknown packet ID 0x73; discarded 1 byte(s)
[00:51:19.057] BAD_PACKET[TCP_prs2026hitl_7100] unknown packet ID 0x29; discarded 1 byte(s)
[00:51:19.059] BAD_PACKET[TCP_prs2026hitl_7100] unknown packet ID 0x0d; discarded 1 byte(s)
[00:51:19.060] BAD_PACKET[TCP_prs2026hitl_7100] unknown packet ID 0x0a; discarded 1 byte(s)
[00:51:19.117] RX[TCP_prs2026hitl_7100]  49 20 28 32 32 35 37 33 34 36 29 20 61 70 65 72 74 75 72 65 3a 20 48 65 61 72 74 62 65 61 74 20 73 65 6e 74 0d 0a
[00:51:19.118] BAD_PACKET[TCP_prs2026hitl_7100] unknown packet ID 0x49; discarded 1 byte(s)
[00:51:19.119] BAD_PACKET[TCP_prs2026hitl_7100] unknown packet ID 0x20; discarded 1 byte(s)
[00:51:19.119] BAD_PACKET[TCP_prs2026hitl_7100] unknown packet ID 0x28; discarded 1 byte(s)
[00:51:19.119] BAD_PACKET[TCP_prs2026hitl_7100] unknown packet ID 0x32; discarded 1 byte(s)
[00:51:19.120] BAD_PACKET[TCP_prs2026hitl_7100] unknown packet ID 0x32; discarded 1 byte(s)
[00:51:19.120] BAD_PACKET[TCP_prs2026hitl_7100] unknown packet ID 0x35; discarded 1 byte(s)
[00:51:19.120] BAD_PACKET[TCP_prs2026hitl_7100] unknown packet ID 0x37; discarded 1 byte(s)
[00:51:19.121] BAD_PACKET[TCP_prs2026hitl_7100] unknown packet ID 0x33; discarded 1 byte(s)
[00:51:19.121] BAD_PACKET[TCP_prs2026hitl_7100] unknown packet ID 0x34; discarded 1 byte(s)
[00:51:19.121] BAD_PACKET[TCP_prs2026hitl_7100] unknown packet ID 0x36; discarded 1 byte(s)
[00:51:19.121] BAD_PACKET[TCP_prs2026hitl_7100] unknown packet ID 0x29; discarded 1 byte(s)
[00:51:19.122] BAD_PACKET[TCP_prs2026hitl_7100] unknown packet ID 0x20; discarded 1 byte(s)
[00:51:19.122] BAD_PACKET[TCP_prs2026hitl_7100] unknown packet ID 0x61; discarded 1 byte(s)
[00:51:19.123] BAD_PACKET[TCP_prs2026hitl_7100] unknown packet ID 0x70; discarded 1 byte(s)
[00:51:19.123] BAD_PACKET[TCP_prs2026hitl_7100] unknown packet ID 0x65; discarded 1 byte(s)
[00:51:19.123] BAD_PACKET[TCP_prs2026hitl_7100] unknown packet ID 0x72; discarded 1 byte(s)
[00:51:19.124] BAD_PACKET[TCP_prs2026hitl_7100] unknown packet ID 0x74; discarded 1 byte(s)
[00:51:19.124] BAD_PACKET[TCP_prs2026hitl_7100] unknown packet ID 0x75; discarded 1 byte(s)
[00:51:19.124] BAD_PACKET[TCP_prs2026hitl_7100] unknown packet ID 0x72; discarded 1 byte(s)
[00:51:19.125] BAD_PACKET[TCP_prs2026hitl_7100] unknown packet ID 0x65; discarded 1 byte(s)
[00:51:19.125] BAD_PACKET[TCP_prs2026hitl_7100] unknown packet ID 0x3a; discarded 1 byte(s)
[00:51:19.126] BAD_PACKET[TCP_prs2026hitl_7100] unknown packet ID 0x20; discarded 1 byte(s)
[00:51:19.126] BAD_PACKET[TCP_prs2026hitl_7100] unknown packet ID 0x48; discarded 1 byte(s)
[00:51:19.127] BAD_PACKET[TCP_prs2026hitl_7100] unknown packet ID 0x65; discarded 1 byte(s)
[00:51:19.127] BAD_PACKET[TCP_prs2026hitl_7100] unknown packet ID 0x61; discarded 1 byte(s)
[00:51:19.127] BAD_PACKET[TCP_prs2026hitl_7100] unknown packet ID 0x72; discarded 1 byte(s)
[00:51:19.128] BAD_PACKET[TCP_prs2026hitl_7100] unknown packet ID 0x74; discarded 1 byte(s)
[00:51:19.128] BAD_PACKET[TCP_prs2026hitl_7100] unknown packet ID 0x62; discarded 1 byte(s)
[00:51:19.128] BAD_PACKET[TCP_prs2026hitl_7100] unknown packet ID 0x65; discarded 1 byte(s)
[00:51:19.129] BAD_PACKET[TCP_prs2026hitl_7100] unknown packet ID 0x61; discarded 1 byte(s)
[00:51:19.129] BAD_PACKET[TCP_prs2026hitl_7100] unknown packet ID 0x74; discarded 1 byte(s)
[00:51:19.129] BAD_PACKET[TCP_prs2026hitl_7100] unknown packet ID 0x20; discarded 1 byte(s)
[00:51:19.130] BAD_PACKET[TCP_prs2026hitl_7100] unknown packet ID 0x73; discarded 1 byte(s)
[00:51:19.130] BAD_PACKET[TCP_prs2026hitl_7100] unknown packet ID 0x65; discarded 1 byte(s)
[00:51:19.130] BAD_PACKET[TCP_prs2026hitl_7100] unknown packet ID 0x6e; discarded 1 byte(s)
[00:51:19.131] BAD_PACKET[TCP_prs2026hitl_7100] unknown packet ID 0x74; discarded 1 byte(s)
[00:51:19.131] BAD_PACKET[TCP_prs2026hitl_7100] unknown packet ID 0x0d; discarded 1 byte(s)
[00:51:19.131] BAD_PACKET[TCP_prs2026hitl_7100] unknown packet ID 0x0a; discarded 1 byte(s)
[00:51:19.990] RX[COM21]  03
[00:51:19.991] RX[COM21]  00 00 00 00 00 00 00 00 00 00 4a 77 00 00 00 14 40 0a
[00:51:19.992] PACKET[COM21] camera: fc_status=0, fc_uptime=0, status=0, uptime=19063, current_sense=[0.0, 0.0, 0.0], iris_battery_voltage=5.184
[00:51:20.045] RX[TCP_prs2026hitl_7100]  49 20 28 32 32 35 38 33 30 36 29 20 61 70 65 72 74 75 72 65 3a 20 53 65 6e 64 69 6e 67 20 68 65 61 72 74 62 65 61 74 20 28 38 20 62 79 74 65 73 29 0d 0a
[00:51:20.046] BAD_PACKET[TCP_prs2026hitl_7100] unknown packet ID 0x49; discarded 1 byte(s)
[00:51:20.046] BAD_PACKET[TCP_prs2026hitl_7100] unknown packet ID 0x20; discarded 1 byte(s)
[00:51:20.046] BAD_PACKET[TCP_prs2026hitl_7100] unknown packet ID 0x28; discarded 1 byte(s)
[00:51:20.047] BAD_PACKET[TCP_prs2026hitl_7100] unknown packet ID 0x32; discarded 1 byte(s)
[00:51:20.047] BAD_PACKET[TCP_prs2026hitl_7100] unknown packet ID 0x32; discarded 1 byte(s)
[00:51:20.047] BAD_PACKET[TCP_prs2026hitl_7100] unknown packet ID 0x35; discarded 1 byte(s)
[00:51:20.048] BAD_PACKET[TCP_prs2026hitl_7100] unknown packet ID 0x38; discarded 1 byte(s)
[00:51:20.048] BAD_PACKET[TCP_prs2026hitl_7100] unknown packet ID 0x33; discarded 1 byte(s)
[00:51:20.048] BAD_PACKET[TCP_prs2026hitl_7100] unknown packet ID 0x30; discarded 1 byte(s)
[00:51:20.049] BAD_PACKET[TCP_prs2026hitl_7100] unknown packet ID 0x36; discarded 1 byte(s)
[00:51:20.049] BAD_PACKET[TCP_prs2026hitl_7100] unknown packet ID 0x29; discarded 1 byte(s)
[00:51:20.049] BAD_PACKET[TCP_prs2026hitl_7100] unknown packet ID 0x20; discarded 1 byte(s)
[00:51:20.050] BAD_PACKET[TCP_prs2026hitl_7100] unknown packet ID 0x61; discarded 1 byte(s)
[00:51:20.050] BAD_PACKET[TCP_prs2026hitl_7100] unknown packet ID 0x70; discarded 1 byte(s)
[00:51:20.050] BAD_PACKET[TCP_prs2026hitl_7100] unknown packet ID 0x65; discarded 1 byte(s)
[00:51:20.051] BAD_PACKET[TCP_prs2026hitl_7100] unknown packet ID 0x72; discarded 1 byte(s)
[00:51:20.051] BAD_PACKET[TCP_prs2026hitl_7100] unknown packet ID 0x74; discarded 1 byte(s)
[00:51:20.051] BAD_PACKET[TCP_prs2026hitl_7100] unknown packet ID 0x75; discarded 1 byte(s)
[00:51:20.052] BAD_PACKET[TCP_prs2026hitl_7100] unknown packet ID 0x72; discarded 1 byte(s)
[00:51:20.052] BAD_PACKET[TCP_prs2026hitl_7100] unknown packet ID 0x65; discarded 1 byte(s)
[00:51:20.053] BAD_PACKET[TCP_prs2026hitl_7100] unknown packet ID 0x3a; discarded 1 byte(s)
[00:51:20.053] BAD_PACKET[TCP_prs2026hitl_7100] unknown packet ID 0x20; discarded 1 byte(s)
[00:51:20.053] BAD_PACKET[TCP_prs2026hitl_7100] unknown packet ID 0x53; discarded 1 byte(s)
[00:51:20.054] BAD_PACKET[TCP_prs2026hitl_7100] unknown packet ID 0x65; discarded 1 byte(s)
[00:51:20.054] BAD_PACKET[TCP_prs2026hitl_7100] unknown packet ID 0x6e; discarded 1 byte(s)
[00:51:20.054] BAD_PACKET[TCP_prs2026hitl_7100] unknown packet ID 0x64; discarded 1 byte(s)
[00:51:20.055] BAD_PACKET[TCP_prs2026hitl_7100] unknown packet ID 0x69; discarded 1 byte(s)
[00:51:20.055] BAD_PACKET[TCP_prs2026hitl_7100] unknown packet ID 0x6e; discarded 1 byte(s)
[00:51:20.055] BAD_PACKET[TCP_prs2026hitl_7100] unknown packet ID 0x67; discarded 1 byte(s)
[00:51:20.056] BAD_PACKET[TCP_prs2026hitl_7100] unknown packet ID 0x20; discarded 1 byte(s)
[00:51:20.056] BAD_PACKET[TCP_prs2026hitl_7100] unknown packet ID 0x68; discarded 1 byte(s)
[00:51:20.056] BAD_PACKET[TCP_prs2026hitl_7100] unknown packet ID 0x65; discarded 1 byte(s)
[00:51:20.056] BAD_PACKET[TCP_prs2026hitl_7100] unknown packet ID 0x61; discarded 1 byte(s)
[00:51:20.057] BAD_PACKET[TCP_prs2026hitl_7100] unknown packet ID 0x72; discarded 1 byte(s)
[00:51:20.057] BAD_PACKET[TCP_prs2026hitl_7100] unknown packet ID 0x74; discarded 1 byte(s)
[00:51:20.057] BAD_PACKET[TCP_prs2026hitl_7100] unknown packet ID 0x62; discarded 1 byte(s)
[00:51:20.058] BAD_PACKET[TCP_prs2026hitl_7100] unknown packet ID 0x65; discarded 1 byte(s)
[00:51:20.058] BAD_PACKET[TCP_prs2026hitl_7100] unknown packet ID 0x61; discarded 1 byte(s)
[00:51:20.059] BAD_PACKET[TCP_prs2026hitl_7100] unknown packet ID 0x74; discarded 1 byte(s)
[00:51:20.059] BAD_PACKET[TCP_prs2026hitl_7100] unknown packet ID 0x20; discarded 1 byte(s)
[00:51:20.060] BAD_PACKET[TCP_prs2026hitl_7100] unknown packet ID 0x28; discarded 1 byte(s)
[00:51:20.060] BAD_PACKET[TCP_prs2026hitl_7100] unknown packet ID 0x38; discarded 1 byte(s)
[00:51:20.060] BAD_PACKET[TCP_prs2026hitl_7100] unknown packet ID 0x20; discarded 1 byte(s)
[00:51:20.061] BAD_PACKET[TCP_prs2026hitl_7100] unknown packet ID 0x62; discarded 1 byte(s)
[00:51:20.061] BAD_PACKET[TCP_prs2026hitl_7100] unknown packet ID 0x79; discarded 1 byte(s)
[00:51:20.061] BAD_PACKET[TCP_prs2026hitl_7100] unknown packet ID 0x74; discarded 1 byte(s)
[00:51:20.062] BAD_PACKET[TCP_prs2026hitl_7100] unknown packet ID 0x65; discarded 1 byte(s)
[00:51:20.062] BAD_PACKET[TCP_prs2026hitl_7100] unknown packet ID 0x73; discarded 1 byte(s)
[00:51:20.062] BAD_PACKET[TCP_prs2026hitl_7100] unknown packet ID 0x29; discarded 1 byte(s)
[00:51:20.062] BAD_PACKET[TCP_prs2026hitl_7100] unknown packet ID 0x0d; discarded 1 byte(s)
[00:51:20.063] BAD_PACKET[TCP_prs2026hitl_7100] unknown packet ID 0x0a; discarded 1 byte(s)
[00:51:20.117] RX[TCP_prs2026hitl_7100]  49 20 28 32 32 35 38 33 34 36 29 20 61 70 65 72 74 75 72 65 3a 20 48 65 61 72 74 62 65 61 74 20 73 65 6e 74 0d 0a
[00:51:20.118] BAD_PACKET[TCP_prs2026hitl_7100] unknown packet ID 0x49; discarded 1 byte(s)
[00:51:20.118] BAD_PACKET[TCP_prs2026hitl_7100] unknown packet ID 0x20; discarded 1 byte(s)
[00:51:20.118] BAD_PACKET[TCP_prs2026hitl_7100] unknown packet ID 0x28; discarded 1 byte(s)
[00:51:20.118] BAD_PACKET[TCP_prs2026hitl_7100] unknown packet ID 0x32; discarded 1 byte(s)
[00:51:20.119] BAD_PACKET[TCP_prs2026hitl_7100] unknown packet ID 0x32; discarded 1 byte(s)
[00:51:20.119] BAD_PACKET[TCP_prs2026hitl_7100] unknown packet ID 0x35; discarded 1 byte(s)
[00:51:20.119] BAD_PACKET[TCP_prs2026hitl_7100] unknown packet ID 0x38; discarded 1 byte(s)
[00:51:20.120] BAD_PACKET[TCP_prs2026hitl_7100] unknown packet ID 0x33; discarded 1 byte(s)
[00:51:20.120] BAD_PACKET[TCP_prs2026hitl_7100] unknown packet ID 0x34; discarded 1 byte(s)
[00:51:20.120] BAD_PACKET[TCP_prs2026hitl_7100] unknown packet ID 0x36; discarded 1 byte(s)
[00:51:20.121] BAD_PACKET[TCP_prs2026hitl_7100] unknown packet ID 0x29; discarded 1 byte(s)
[00:51:20.121] BAD_PACKET[TCP_prs2026hitl_7100] unknown packet ID 0x20; discarded 1 byte(s)
[00:51:20.121] BAD_PACKET[TCP_prs2026hitl_7100] unknown packet ID 0x61; discarded 1 byte(s)
[00:51:20.122] BAD_PACKET[TCP_prs2026hitl_7100] unknown packet ID 0x70; discarded 1 byte(s)
[00:51:20.122] BAD_PACKET[TCP_prs2026hitl_7100] unknown packet ID 0x65; discarded 1 byte(s)
[00:51:20.122] BAD_PACKET[TCP_prs2026hitl_7100] unknown packet ID 0x72; discarded 1 byte(s)
[00:51:20.123] BAD_PACKET[TCP_prs2026hitl_7100] unknown packet ID 0x74; discarded 1 byte(s)
[00:51:20.123] BAD_PACKET[TCP_prs2026hitl_7100] unknown packet ID 0x75; discarded 1 byte(s)
[00:51:20.124] BAD_PACKET[TCP_prs2026hitl_7100] unknown packet ID 0x72; discarded 1 byte(s)
[00:51:20.124] BAD_PACKET[TCP_prs2026hitl_7100] unknown packet ID 0x65; discarded 1 byte(s)
[00:51:20.125] BAD_PACKET[TCP_prs2026hitl_7100] unknown packet ID 0x3a; discarded 1 byte(s)
[00:51:20.125] BAD_PACKET[TCP_prs2026hitl_7100] unknown packet ID 0x20; discarded 1 byte(s)
[00:51:20.125] BAD_PACKET[TCP_prs2026hitl_7100] unknown packet ID 0x48; discarded 1 byte(s)
[00:51:20.126] BAD_PACKET[TCP_prs2026hitl_7100] unknown packet ID 0x65; discarded 1 byte(s)
[00:51:20.126] BAD_PACKET[TCP_prs2026hitl_7100] unknown packet ID 0x61; discarded 1 byte(s)
[00:51:20.126] BAD_PACKET[TCP_prs2026hitl_7100] unknown packet ID 0x72; discarded 1 byte(s)
[00:51:20.127] BAD_PACKET[TCP_prs2026hitl_7100] unknown packet ID 0x74; discarded 1 byte(s)
[00:51:20.127] BAD_PACKET[TCP_prs2026hitl_7100] unknown packet ID 0x62; discarded 1 byte(s)
[00:51:20.127] BAD_PACKET[TCP_prs2026hitl_7100] unknown packet ID 0x65; discarded 1 byte(s)
[00:51:20.128] BAD_PACKET[TCP_prs2026hitl_7100] unknown packet ID 0x61; discarded 1 byte(s)
[00:51:20.128] BAD_PACKET[TCP_prs2026hitl_7100] unknown packet ID 0x74; discarded 1 byte(s)
[00:51:20.128] BAD_PACKET[TCP_prs2026hitl_7100] unknown packet ID 0x20; discarded 1 byte(s)
[00:51:20.129] BAD_PACKET[TCP_prs2026hitl_7100] unknown packet ID 0x73; discarded 1 byte(s)
[00:51:20.129] BAD_PACKET[TCP_prs2026hitl_7100] unknown packet ID 0x65; discarded 1 byte(s)
[00:51:20.129] BAD_PACKET[TCP_prs2026hitl_7100] unknown packet ID 0x6e; discarded 1 byte(s)
[00:51:20.130] BAD_PACKET[TCP_prs2026hitl_7100] unknown packet ID 0x74; discarded 1 byte(s)
[00:51:20.130] BAD_PACKET[TCP_prs2026hitl_7100] unknown packet ID 0x0d; discarded 1 byte(s)
[00:51:20.130] BAD_PACKET[TCP_prs2026hitl_7100] unknown packet ID 0x0a; discarded 1 byte(s)
[00:51:20.976] RX[COM21]  03
[00:51:20.977] RX[COM21]  00 00 00 00 00 00 00 00 00 00 4e 5f 00 00 00 14 40 0a
[00:51:20.977] PACKET[COM21] camera: fc_status=0, fc_uptime=0, status=0, uptime=20063, current_sense=[0.0, 0.0, 0.0], iris_battery_voltage=5.184
[00:51:21.039] RX[TCP_prs2026hitl_7100]  49 20 28 32 32 35 39 33 30 36 29 20 61 70 65 72 74 75 72 65 3a 20 53 65 6e 64 69 6e 67 20 68 65 61 72 74 62 65 61 74 20 28 38 20 62 79 74 65 73 29 0d 0a
[00:51:21.040] BAD_PACKET[TCP_prs2026hitl_7100] unknown packet ID 0x49; discarded 1 byte(s)
[00:51:21.041] BAD_PACKET[TCP_prs2026hitl_7100] unknown packet ID 0x20; discarded 1 byte(s)
[00:51:21.041] BAD_PACKET[TCP_prs2026hitl_7100] unknown packet ID 0x28; discarded 1 byte(s)
[00:51:21.041] BAD_PACKET[TCP_prs2026hitl_7100] unknown packet ID 0x32; discarded 1 byte(s)
[00:51:21.042] BAD_PACKET[TCP_prs2026hitl_7100] unknown packet ID 0x32; discarded 1 byte(s)
[00:51:21.042] BAD_PACKET[TCP_prs2026hitl_7100] unknown packet ID 0x35; discarded 1 byte(s)
[00:51:21.043] BAD_PACKET[TCP_prs2026hitl_7100] unknown packet ID 0x39; discarded 1 byte(s)
[00:51:21.043] BAD_PACKET[TCP_prs2026hitl_7100] unknown packet ID 0x33; discarded 1 byte(s)
[00:51:21.043] BAD_PACKET[TCP_prs2026hitl_7100] unknown packet ID 0x30; discarded 1 byte(s)
[00:51:21.044] BAD_PACKET[TCP_prs2026hitl_7100] unknown packet ID 0x36; discarded 1 byte(s)
[00:51:21.044] BAD_PACKET[TCP_prs2026hitl_7100] unknown packet ID 0x29; discarded 1 byte(s)
[00:51:21.044] BAD_PACKET[TCP_prs2026hitl_7100] unknown packet ID 0x20; discarded 1 byte(s)
[00:51:21.045] BAD_PACKET[TCP_prs2026hitl_7100] unknown packet ID 0x61; discarded 1 byte(s)
[00:51:21.045] BAD_PACKET[TCP_prs2026hitl_7100] unknown packet ID 0x70; discarded 1 byte(s)
[00:51:21.045] BAD_PACKET[TCP_prs2026hitl_7100] unknown packet ID 0x65; discarded 1 byte(s)
[00:51:21.046] BAD_PACKET[TCP_prs2026hitl_7100] unknown packet ID 0x72; discarded 1 byte(s)
[00:51:21.046] BAD_PACKET[TCP_prs2026hitl_7100] unknown packet ID 0x74; discarded 1 byte(s)
[00:51:21.046] BAD_PACKET[TCP_prs2026hitl_7100] unknown packet ID 0x75; discarded 1 byte(s)
[00:51:21.046] BAD_PACKET[TCP_prs2026hitl_7100] unknown packet ID 0x72; discarded 1 byte(s)
[00:51:21.047] BAD_PACKET[TCP_prs2026hitl_7100] unknown packet ID 0x65; discarded 1 byte(s)
[00:51:21.047] BAD_PACKET[TCP_prs2026hitl_7100] unknown packet ID 0x3a; discarded 1 byte(s)
[00:51:21.047] BAD_PACKET[TCP_prs2026hitl_7100] unknown packet ID 0x20; discarded 1 byte(s)
[00:51:21.048] BAD_PACKET[TCP_prs2026hitl_7100] unknown packet ID 0x53; discarded 1 byte(s)
[00:51:21.048] BAD_PACKET[TCP_prs2026hitl_7100] unknown packet ID 0x65; discarded 1 byte(s)
[00:51:21.048] BAD_PACKET[TCP_prs2026hitl_7100] unknown packet ID 0x6e; discarded 1 byte(s)
[00:51:21.050] BAD_PACKET[TCP_prs2026hitl_7100] unknown packet ID 0x64; discarded 1 byte(s)
[00:51:21.051] BAD_PACKET[TCP_prs2026hitl_7100] unknown packet ID 0x69; discarded 1 byte(s)
[00:51:21.051] BAD_PACKET[TCP_prs2026hitl_7100] unknown packet ID 0x6e; discarded 1 byte(s)
[00:51:21.051] BAD_PACKET[TCP_prs2026hitl_7100] unknown packet ID 0x67; discarded 1 byte(s)
[00:51:21.052] BAD_PACKET[TCP_prs2026hitl_7100] unknown packet ID 0x20; discarded 1 byte(s)
[00:51:21.052] BAD_PACKET[TCP_prs2026hitl_7100] unknown packet ID 0x68; discarded 1 byte(s)
[00:51:21.052] BAD_PACKET[TCP_prs2026hitl_7100] unknown packet ID 0x65; discarded 1 byte(s)
[00:51:21.053] BAD_PACKET[TCP_prs2026hitl_7100] unknown packet ID 0x61; discarded 1 byte(s)
[00:51:21.053] BAD_PACKET[TCP_prs2026hitl_7100] unknown packet ID 0x72; discarded 1 byte(s)
[00:51:21.053] BAD_PACKET[TCP_prs2026hitl_7100] unknown packet ID 0x74; discarded 1 byte(s)
[00:51:21.054] BAD_PACKET[TCP_prs2026hitl_7100] unknown packet ID 0x62; discarded 1 byte(s)
[00:51:21.054] BAD_PACKET[TCP_prs2026hitl_7100] unknown packet ID 0x65; discarded 1 byte(s)
[00:51:21.054] BAD_PACKET[TCP_prs2026hitl_7100] unknown packet ID 0x61; discarded 1 byte(s)
[00:51:21.055] BAD_PACKET[TCP_prs2026hitl_7100] unknown packet ID 0x74; discarded 1 byte(s)
[00:51:21.055] BAD_PACKET[TCP_prs2026hitl_7100] unknown packet ID 0x20; discarded 1 byte(s)
[00:51:21.055] BAD_PACKET[TCP_prs2026hitl_7100] unknown packet ID 0x28; discarded 1 byte(s)
[00:51:21.055] BAD_PACKET[TCP_prs2026hitl_7100] unknown packet ID 0x38; discarded 1 byte(s)
[00:51:21.056] BAD_PACKET[TCP_prs2026hitl_7100] unknown packet ID 0x20; discarded 1 byte(s)
[00:51:21.057] BAD_PACKET[TCP_prs2026hitl_7100] unknown packet ID 0x62; discarded 1 byte(s)
[00:51:21.057] BAD_PACKET[TCP_prs2026hitl_7100] unknown packet ID 0x79; discarded 1 byte(s)
[00:51:21.057] BAD_PACKET[TCP_prs2026hitl_7100] unknown packet ID 0x74; discarded 1 byte(s)
[00:51:21.058] BAD_PACKET[TCP_prs2026hitl_7100] unknown packet ID 0x65; discarded 1 byte(s)
[00:51:21.058] BAD_PACKET[TCP_prs2026hitl_7100] unknown packet ID 0x73; discarded 1 byte(s)
[00:51:21.058] BAD_PACKET[TCP_prs2026hitl_7100] unknown packet ID 0x29; discarded 1 byte(s)
[00:51:21.059] BAD_PACKET[TCP_prs2026hitl_7100] unknown packet ID 0x0d; discarded 1 byte(s)
[00:51:21.059] BAD_PACKET[TCP_prs2026hitl_7100] unknown packet ID 0x0a; discarded 1 byte(s)
[00:51:21.113] RX[TCP_prs2026hitl_7100]  49 20 28 32 32 35 39 33 34 36 29 20 61 70 65 72 74 75 72 65 3a 20 48 65 61 72 74 62 65 61 74 20 73 65 6e 74 0d 0a
[00:51:21.114] BAD_PACKET[TCP_prs2026hitl_7100] unknown packet ID 0x49; discarded 1 byte(s)
[00:51:21.114] BAD_PACKET[TCP_prs2026hitl_7100] unknown packet ID 0x20; discarded 1 byte(s)
[00:51:21.114] BAD_PACKET[TCP_prs2026hitl_7100] unknown packet ID 0x28; discarded 1 byte(s)
[00:51:21.115] BAD_PACKET[TCP_prs2026hitl_7100] unknown packet ID 0x32; discarded 1 byte(s)
[00:51:21.115] BAD_PACKET[TCP_prs2026hitl_7100] unknown packet ID 0x32; discarded 1 byte(s)
[00:51:21.115] BAD_PACKET[TCP_prs2026hitl_7100] unknown packet ID 0x35; discarded 1 byte(s)
[00:51:21.116] BAD_PACKET[TCP_prs2026hitl_7100] unknown packet ID 0x39; discarded 1 byte(s)
[00:51:21.116] BAD_PACKET[TCP_prs2026hitl_7100] unknown packet ID 0x33; discarded 1 byte(s)
[00:51:21.116] BAD_PACKET[TCP_prs2026hitl_7100] unknown packet ID 0x34; discarded 1 byte(s)
[00:51:21.117] BAD_PACKET[TCP_prs2026hitl_7100] unknown packet ID 0x36; discarded 1 byte(s)
[00:51:21.117] BAD_PACKET[TCP_prs2026hitl_7100] unknown packet ID 0x29; discarded 1 byte(s)
[00:51:21.117] BAD_PACKET[TCP_prs2026hitl_7100] unknown packet ID 0x20; discarded 1 byte(s)
[00:51:21.118] BAD_PACKET[TCP_prs2026hitl_7100] unknown packet ID 0x61; discarded 1 byte(s)
[00:51:21.118] BAD_PACKET[TCP_prs2026hitl_7100] unknown packet ID 0x70; discarded 1 byte(s)
[00:51:21.118] BAD_PACKET[TCP_prs2026hitl_7100] unknown packet ID 0x65; discarded 1 byte(s)
[00:51:21.119] BAD_PACKET[TCP_prs2026hitl_7100] unknown packet ID 0x72; discarded 1 byte(s)
[00:51:21.119] BAD_PACKET[TCP_prs2026hitl_7100] unknown packet ID 0x74; discarded 1 byte(s)
[00:51:21.119] BAD_PACKET[TCP_prs2026hitl_7100] unknown packet ID 0x75; discarded 1 byte(s)
[00:51:21.120] BAD_PACKET[TCP_prs2026hitl_7100] unknown packet ID 0x72; discarded 1 byte(s)
[00:51:21.120] BAD_PACKET[TCP_prs2026hitl_7100] unknown packet ID 0x65; discarded 1 byte(s)
[00:51:21.121] BAD_PACKET[TCP_prs2026hitl_7100] unknown packet ID 0x3a; discarded 1 byte(s)
[00:51:21.121] BAD_PACKET[TCP_prs2026hitl_7100] unknown packet ID 0x20; discarded 1 byte(s)
[00:51:21.121] BAD_PACKET[TCP_prs2026hitl_7100] unknown packet ID 0x48; discarded 1 byte(s)
[00:51:21.121] BAD_PACKET[TCP_prs2026hitl_7100] unknown packet ID 0x65; discarded 1 byte(s)
[00:51:21.122] BAD_PACKET[TCP_prs2026hitl_7100] unknown packet ID 0x61; discarded 1 byte(s)
[00:51:21.122] BAD_PACKET[TCP_prs2026hitl_7100] unknown packet ID 0x72; discarded 1 byte(s)
[00:51:21.122] BAD_PACKET[TCP_prs2026hitl_7100] unknown packet ID 0x74; discarded 1 byte(s)
[00:51:21.123] BAD_PACKET[TCP_prs2026hitl_7100] unknown packet ID 0x62; discarded 1 byte(s)
[00:51:21.123] BAD_PACKET[TCP_prs2026hitl_7100] unknown packet ID 0x65; discarded 1 byte(s)
[00:51:21.123] BAD_PACKET[TCP_prs2026hitl_7100] unknown packet ID 0x61; discarded 1 byte(s)
[00:51:21.124] BAD_PACKET[TCP_prs2026hitl_7100] unknown packet ID 0x74; discarded 1 byte(s)
[00:51:21.124] BAD_PACKET[TCP_prs2026hitl_7100] unknown packet ID 0x20; discarded 1 byte(s)
[00:51:21.124] BAD_PACKET[TCP_prs2026hitl_7100] unknown packet ID 0x73; discarded 1 byte(s)
[00:51:21.124] BAD_PACKET[TCP_prs2026hitl_7100] unknown packet ID 0x65; discarded 1 byte(s)
[00:51:21.125] BAD_PACKET[TCP_prs2026hitl_7100] unknown packet ID 0x6e; discarded 1 byte(s)
[00:51:21.125] BAD_PACKET[TCP_prs2026hitl_7100] unknown packet ID 0x74; discarded 1 byte(s)
[00:51:21.126] BAD_PACKET[TCP_prs2026hitl_7100] unknown packet ID 0x0d; discarded 1 byte(s)
[00:51:21.126] BAD_PACKET[TCP_prs2026hitl_7100] unknown packet ID 0x0a; discarded 1 byte(s)
[00:51:21.975] RX[COM21]  03
[00:51:21.976] RX[COM21]  00 00 00 00 00 00 00 00 00 00 52 47 00 00 00 14 40 0a
[00:51:21.977] PACKET[COM21] camera: fc_status=0, fc_uptime=0, status=0, uptime=21063, current_sense=[0.0, 0.0, 0.0], iris_battery_voltage=5.184
[00:51:22.083] RX[TCP_prs2026hitl_7100]  49 20 28 32 32 36 30 33 30 36 29 20 61 70 65 72 74 75 72 65 3a 20 53 65 6e 64 69 6e 67 20 68 65 61 72 74 62 65 61 74 20 28 38 20 62 79 74 65 73 29 0d 0a
[00:51:22.085] BAD_PACKET[TCP_prs2026hitl_7100] unknown packet ID 0x49; discarded 1 byte(s)
[00:51:22.086] BAD_PACKET[TCP_prs2026hitl_7100] unknown packet ID 0x20; discarded 1 byte(s)
[00:51:22.086] BAD_PACKET[TCP_prs2026hitl_7100] unknown packet ID 0x28; discarded 1 byte(s)
[00:51:22.087] BAD_PACKET[TCP_prs2026hitl_7100] unknown packet ID 0x32; discarded 1 byte(s)
[00:51:22.087] BAD_PACKET[TCP_prs2026hitl_7100] unknown packet ID 0x32; discarded 1 byte(s)
[00:51:22.087] BAD_PACKET[TCP_prs2026hitl_7100] unknown packet ID 0x36; discarded 1 byte(s)
[00:51:22.088] BAD_PACKET[TCP_prs2026hitl_7100] unknown packet ID 0x30; discarded 1 byte(s)
[00:51:22.088] BAD_PACKET[TCP_prs2026hitl_7100] unknown packet ID 0x33; discarded 1 byte(s)
[00:51:22.089] BAD_PACKET[TCP_prs2026hitl_7100] unknown packet ID 0x30; discarded 1 byte(s)
[00:51:22.089] BAD_PACKET[TCP_prs2026hitl_7100] unknown packet ID 0x36; discarded 1 byte(s)
[00:51:22.089] BAD_PACKET[TCP_prs2026hitl_7100] unknown packet ID 0x29; discarded 1 byte(s)
[00:51:22.089] BAD_PACKET[TCP_prs2026hitl_7100] unknown packet ID 0x20; discarded 1 byte(s)
[00:51:22.090] BAD_PACKET[TCP_prs2026hitl_7100] unknown packet ID 0x61; discarded 1 byte(s)
[00:51:22.090] BAD_PACKET[TCP_prs2026hitl_7100] unknown packet ID 0x70; discarded 1 byte(s)
[00:51:22.090] BAD_PACKET[TCP_prs2026hitl_7100] unknown packet ID 0x65; discarded 1 byte(s)
[00:51:22.091] BAD_PACKET[TCP_prs2026hitl_7100] unknown packet ID 0x72; discarded 1 byte(s)
[00:51:22.091] BAD_PACKET[TCP_prs2026hitl_7100] unknown packet ID 0x74; discarded 1 byte(s)
[00:51:22.091] BAD_PACKET[TCP_prs2026hitl_7100] unknown packet ID 0x75; discarded 1 byte(s)
[00:51:22.092] BAD_PACKET[TCP_prs2026hitl_7100] unknown packet ID 0x72; discarded 1 byte(s)
[00:51:22.092] BAD_PACKET[TCP_prs2026hitl_7100] unknown packet ID 0x65; discarded 1 byte(s)
[00:51:22.093] BAD_PACKET[TCP_prs2026hitl_7100] unknown packet ID 0x3a; discarded 1 byte(s)
[00:51:22.093] BAD_PACKET[TCP_prs2026hitl_7100] unknown packet ID 0x20; discarded 1 byte(s)
[00:51:22.094] BAD_PACKET[TCP_prs2026hitl_7100] unknown packet ID 0x53; discarded 1 byte(s)
[00:51:22.094] BAD_PACKET[TCP_prs2026hitl_7100] unknown packet ID 0x65; discarded 1 byte(s)
[00:51:22.095] BAD_PACKET[TCP_prs2026hitl_7100] unknown packet ID 0x6e; discarded 1 byte(s)
[00:51:22.095] BAD_PACKET[TCP_prs2026hitl_7100] unknown packet ID 0x64; discarded 1 byte(s)
[00:51:22.095] BAD_PACKET[TCP_prs2026hitl_7100] unknown packet ID 0x69; discarded 1 byte(s)
[00:51:22.096] BAD_PACKET[TCP_prs2026hitl_7100] unknown packet ID 0x6e; discarded 1 byte(s)
[00:51:22.096] BAD_PACKET[TCP_prs2026hitl_7100] unknown packet ID 0x67; discarded 1 byte(s)
[00:51:22.097] BAD_PACKET[TCP_prs2026hitl_7100] unknown packet ID 0x20; discarded 1 byte(s)
[00:51:22.097] BAD_PACKET[TCP_prs2026hitl_7100] unknown packet ID 0x68; discarded 1 byte(s)
[00:51:22.097] BAD_PACKET[TCP_prs2026hitl_7100] unknown packet ID 0x65; discarded 1 byte(s)
[00:51:22.097] BAD_PACKET[TCP_prs2026hitl_7100] unknown packet ID 0x61; discarded 1 byte(s)
[00:51:22.098] BAD_PACKET[TCP_prs2026hitl_7100] unknown packet ID 0x72; discarded 1 byte(s)
[00:51:22.098] BAD_PACKET[TCP_prs2026hitl_7100] unknown packet ID 0x74; discarded 1 byte(s)
[00:51:22.098] BAD_PACKET[TCP_prs2026hitl_7100] unknown packet ID 0x62; discarded 1 byte(s)
[00:51:22.099] BAD_PACKET[TCP_prs2026hitl_7100] unknown packet ID 0x65; discarded 1 byte(s)
[00:51:22.099] BAD_PACKET[TCP_prs2026hitl_7100] unknown packet ID 0x61; discarded 1 byte(s)
[00:51:22.099] BAD_PACKET[TCP_prs2026hitl_7100] unknown packet ID 0x74; discarded 1 byte(s)
[00:51:22.100] BAD_PACKET[TCP_prs2026hitl_7100] unknown packet ID 0x20; discarded 1 byte(s)
[00:51:22.101] BAD_PACKET[TCP_prs2026hitl_7100] unknown packet ID 0x28; discarded 1 byte(s)
[00:51:22.101] BAD_PACKET[TCP_prs2026hitl_7100] unknown packet ID 0x38; discarded 1 byte(s)
[00:51:22.101] BAD_PACKET[TCP_prs2026hitl_7100] unknown packet ID 0x20; discarded 1 byte(s)
[00:51:22.102] BAD_PACKET[TCP_prs2026hitl_7100] unknown packet ID 0x62; discarded 1 byte(s)
[00:51:22.103] BAD_PACKET[TCP_prs2026hitl_7100] unknown packet ID 0x79; discarded 1 byte(s)
[00:51:22.103] BAD_PACKET[TCP_prs2026hitl_7100] unknown packet ID 0x74; discarded 1 byte(s)
[00:51:22.103] BAD_PACKET[TCP_prs2026hitl_7100] unknown packet ID 0x65; discarded 1 byte(s)
[00:51:22.104] BAD_PACKET[TCP_prs2026hitl_7100] unknown packet ID 0x73; discarded 1 byte(s)
[00:51:22.104] BAD_PACKET[TCP_prs2026hitl_7100] unknown packet ID 0x29; discarded 1 byte(s)
[00:51:22.104] BAD_PACKET[TCP_prs2026hitl_7100] unknown packet ID 0x0d; discarded 1 byte(s)
[00:51:22.104] BAD_PACKET[TCP_prs2026hitl_7100] unknown packet ID 0x0a; discarded 1 byte(s)
[00:51:22.105] RX[TCP_prs2026hitl_7100]  49 20 28 32 32 36 30 33 34 36 29 20 61 70 65 72 74 75 72 65 3a 20 48 65 61 72 74 62 65 61 74 20 73 65 6e 74 0d 0a
[00:51:22.105] BAD_PACKET[TCP_prs2026hitl_7100] unknown packet ID 0x49; discarded 1 byte(s)
[00:51:22.105] BAD_PACKET[TCP_prs2026hitl_7100] unknown packet ID 0x20; discarded 1 byte(s)
[00:51:22.106] BAD_PACKET[TCP_prs2026hitl_7100] unknown packet ID 0x28; discarded 1 byte(s)
[00:51:22.106] BAD_PACKET[TCP_prs2026hitl_7100] unknown packet ID 0x32; discarded 1 byte(s)
[00:51:22.106] BAD_PACKET[TCP_prs2026hitl_7100] unknown packet ID 0x32; discarded 1 byte(s)
[00:51:22.107] BAD_PACKET[TCP_prs2026hitl_7100] unknown packet ID 0x36; discarded 1 byte(s)
[00:51:22.107] BAD_PACKET[TCP_prs2026hitl_7100] unknown packet ID 0x30; discarded 1 byte(s)
[00:51:22.107] BAD_PACKET[TCP_prs2026hitl_7100] unknown packet ID 0x33; discarded 1 byte(s)
[00:51:22.107] BAD_PACKET[TCP_prs2026hitl_7100] unknown packet ID 0x34; discarded 1 byte(s)
[00:51:22.108] BAD_PACKET[TCP_prs2026hitl_7100] unknown packet ID 0x36; discarded 1 byte(s)
[00:51:22.109] BAD_PACKET[TCP_prs2026hitl_7100] unknown packet ID 0x29; discarded 1 byte(s)
[00:51:22.110] BAD_PACKET[TCP_prs2026hitl_7100] unknown packet ID 0x20; discarded 1 byte(s)
[00:51:22.110] BAD_PACKET[TCP_prs2026hitl_7100] unknown packet ID 0x61; discarded 1 byte(s)
[00:51:22.111] BAD_PACKET[TCP_prs2026hitl_7100] unknown packet ID 0x70; discarded 1 byte(s)
[00:51:22.111] BAD_PACKET[TCP_prs2026hitl_7100] unknown packet ID 0x65; discarded 1 byte(s)
[00:51:22.111] BAD_PACKET[TCP_prs2026hitl_7100] unknown packet ID 0x72; discarded 1 byte(s)
[00:51:22.112] BAD_PACKET[TCP_prs2026hitl_7100] unknown packet ID 0x74; discarded 1 byte(s)
[00:51:22.112] BAD_PACKET[TCP_prs2026hitl_7100] unknown packet ID 0x75; discarded 1 byte(s)
[00:51:22.112] BAD_PACKET[TCP_prs2026hitl_7100] unknown packet ID 0x72; discarded 1 byte(s)
[00:51:22.113] BAD_PACKET[TCP_prs2026hitl_7100] unknown packet ID 0x65; discarded 1 byte(s)
[00:51:22.113] BAD_PACKET[TCP_prs2026hitl_7100] unknown packet ID 0x3a; discarded 1 byte(s)
[00:51:22.113] BAD_PACKET[TCP_prs2026hitl_7100] unknown packet ID 0x20; discarded 1 byte(s)
[00:51:22.113] BAD_PACKET[TCP_prs2026hitl_7100] unknown packet ID 0x48; discarded 1 byte(s)
[00:51:22.114] BAD_PACKET[TCP_prs2026hitl_7100] unknown packet ID 0x65; discarded 1 byte(s)
[00:51:22.114] BAD_PACKET[TCP_prs2026hitl_7100] unknown packet ID 0x61; discarded 1 byte(s)
[00:51:22.114] BAD_PACKET[TCP_prs2026hitl_7100] unknown packet ID 0x72; discarded 1 byte(s)
[00:51:22.115] BAD_PACKET[TCP_prs2026hitl_7100] unknown packet ID 0x74; discarded 1 byte(s)
[00:51:22.115] BAD_PACKET[TCP_prs2026hitl_7100] unknown packet ID 0x62; discarded 1 byte(s)
[00:51:22.115] BAD_PACKET[TCP_prs2026hitl_7100] unknown packet ID 0x65; discarded 1 byte(s)
[00:51:22.116] BAD_PACKET[TCP_prs2026hitl_7100] unknown packet ID 0x61; discarded 1 byte(s)
[00:51:22.116] BAD_PACKET[TCP_prs2026hitl_7100] unknown packet ID 0x74; discarded 1 byte(s)
[00:51:22.116] BAD_PACKET[TCP_prs2026hitl_7100] unknown packet ID 0x20; discarded 1 byte(s)
[00:51:22.118] BAD_PACKET[TCP_prs2026hitl_7100] unknown packet ID 0x73; discarded 1 byte(s)
[00:51:22.118] BAD_PACKET[TCP_prs2026hitl_7100] unknown packet ID 0x65; discarded 1 byte(s)
[00:51:22.119] BAD_PACKET[TCP_prs2026hitl_7100] unknown packet ID 0x6e; discarded 1 byte(s)
[00:51:22.119] BAD_PACKET[TCP_prs2026hitl_7100] unknown packet ID 0x74; discarded 1 byte(s)
[00:51:22.119] BAD_PACKET[TCP_prs2026hitl_7100] unknown packet ID 0x0d; discarded 1 byte(s)
[00:51:22.120] BAD_PACKET[TCP_prs2026hitl_7100] unknown packet ID 0x0a; discarded 1 byte(s)
[00:51:23.003] RX[COM21]  03
[00:51:23.004] RX[COM21]  00 00 00 00 00 00 00 00 00 00 56 2f 00 00 00 14 40 0a
[00:51:23.005] PACKET[COM21] camera: fc_status=0, fc_uptime=0, status=0, uptime=22063, current_sense=[0.0, 0.0, 0.0], iris_battery_voltage=5.184
[00:51:23.063] RX[TCP_prs2026hitl_7100]  49 20 28 32 32 36 31 33 30 36 29 20 61 70 65 72 74 75 72 65 3a 20 53 65 6e 64 69 6e 67 20 68 65 61 72 74 62 65 61 74 20 28 38 20 62 79 74 65 73 29 0d 0a
[00:51:23.065] BAD_PACKET[TCP_prs2026hitl_7100] unknown packet ID 0x49; discarded 1 byte(s)
[00:51:23.066] BAD_PACKET[TCP_prs2026hitl_7100] unknown packet ID 0x20; discarded 1 byte(s)
[00:51:23.066] BAD_PACKET[TCP_prs2026hitl_7100] unknown packet ID 0x28; discarded 1 byte(s)
[00:51:23.067] BAD_PACKET[TCP_prs2026hitl_7100] unknown packet ID 0x32; discarded 1 byte(s)
[00:51:23.068] BAD_PACKET[TCP_prs2026hitl_7100] unknown packet ID 0x32; discarded 1 byte(s)
[00:51:23.068] BAD_PACKET[TCP_prs2026hitl_7100] unknown packet ID 0x36; discarded 1 byte(s)
[00:51:23.068] BAD_PACKET[TCP_prs2026hitl_7100] unknown packet ID 0x31; discarded 1 byte(s)
[00:51:23.069] BAD_PACKET[TCP_prs2026hitl_7100] unknown packet ID 0x33; discarded 1 byte(s)
[00:51:23.069] BAD_PACKET[TCP_prs2026hitl_7100] unknown packet ID 0x30; discarded 1 byte(s)
[00:51:23.069] BAD_PACKET[TCP_prs2026hitl_7100] unknown packet ID 0x36; discarded 1 byte(s)
[00:51:23.070] BAD_PACKET[TCP_prs2026hitl_7100] unknown packet ID 0x29; discarded 1 byte(s)
[00:51:23.070] BAD_PACKET[TCP_prs2026hitl_7100] unknown packet ID 0x20; discarded 1 byte(s)
[00:51:23.070] BAD_PACKET[TCP_prs2026hitl_7100] unknown packet ID 0x61; discarded 1 byte(s)
[00:51:23.071] BAD_PACKET[TCP_prs2026hitl_7100] unknown packet ID 0x70; discarded 1 byte(s)
[00:51:23.073] BAD_PACKET[TCP_prs2026hitl_7100] unknown packet ID 0x65; discarded 1 byte(s)
[00:51:23.073] BAD_PACKET[TCP_prs2026hitl_7100] unknown packet ID 0x72; discarded 1 byte(s)
[00:51:23.073] BAD_PACKET[TCP_prs2026hitl_7100] unknown packet ID 0x74; discarded 1 byte(s)
[00:51:23.074] BAD_PACKET[TCP_prs2026hitl_7100] unknown packet ID 0x75; discarded 1 byte(s)
[00:51:23.074] BAD_PACKET[TCP_prs2026hitl_7100] unknown packet ID 0x72; discarded 1 byte(s)
[00:51:23.074] BAD_PACKET[TCP_prs2026hitl_7100] unknown packet ID 0x65; discarded 1 byte(s)
[00:51:23.075] BAD_PACKET[TCP_prs2026hitl_7100] unknown packet ID 0x3a; discarded 1 byte(s)
[00:51:23.075] BAD_PACKET[TCP_prs2026hitl_7100] unknown packet ID 0x20; discarded 1 byte(s)
[00:51:23.076] BAD_PACKET[TCP_prs2026hitl_7100] unknown packet ID 0x53; discarded 1 byte(s)
[00:51:23.076] BAD_PACKET[TCP_prs2026hitl_7100] unknown packet ID 0x65; discarded 1 byte(s)
[00:51:23.077] BAD_PACKET[TCP_prs2026hitl_7100] unknown packet ID 0x6e; discarded 1 byte(s)
[00:51:23.077] BAD_PACKET[TCP_prs2026hitl_7100] unknown packet ID 0x64; discarded 1 byte(s)
[00:51:23.077] BAD_PACKET[TCP_prs2026hitl_7100] unknown packet ID 0x69; discarded 1 byte(s)
[00:51:23.077] BAD_PACKET[TCP_prs2026hitl_7100] unknown packet ID 0x6e; discarded 1 byte(s)
[00:51:23.080] BAD_PACKET[TCP_prs2026hitl_7100] unknown packet ID 0x67; discarded 1 byte(s)
[00:51:23.080] BAD_PACKET[TCP_prs2026hitl_7100] unknown packet ID 0x20; discarded 1 byte(s)
[00:51:23.080] BAD_PACKET[TCP_prs2026hitl_7100] unknown packet ID 0x68; discarded 1 byte(s)
[00:51:23.081] BAD_PACKET[TCP_prs2026hitl_7100] unknown packet ID 0x65; discarded 1 byte(s)
[00:51:23.081] BAD_PACKET[TCP_prs2026hitl_7100] unknown packet ID 0x61; discarded 1 byte(s)
[00:51:23.081] BAD_PACKET[TCP_prs2026hitl_7100] unknown packet ID 0x72; discarded 1 byte(s)
[00:51:23.082] BAD_PACKET[TCP_prs2026hitl_7100] unknown packet ID 0x74; discarded 1 byte(s)
[00:51:23.082] BAD_PACKET[TCP_prs2026hitl_7100] unknown packet ID 0x62; discarded 1 byte(s)
[00:51:23.082] BAD_PACKET[TCP_prs2026hitl_7100] unknown packet ID 0x65; discarded 1 byte(s)
[00:51:23.082] BAD_PACKET[TCP_prs2026hitl_7100] unknown packet ID 0x61; discarded 1 byte(s)
[00:51:23.083] BAD_PACKET[TCP_prs2026hitl_7100] unknown packet ID 0x74; discarded 1 byte(s)
[00:51:23.083] BAD_PACKET[TCP_prs2026hitl_7100] unknown packet ID 0x20; discarded 1 byte(s)
[00:51:23.084] BAD_PACKET[TCP_prs2026hitl_7100] unknown packet ID 0x28; discarded 1 byte(s)
[00:51:23.084] BAD_PACKET[TCP_prs2026hitl_7100] unknown packet ID 0x38; discarded 1 byte(s)
[00:51:23.085] BAD_PACKET[TCP_prs2026hitl_7100] unknown packet ID 0x20; discarded 1 byte(s)
[00:51:23.086] BAD_PACKET[TCP_prs2026hitl_7100] unknown packet ID 0x62; discarded 1 byte(s)
[00:51:23.087] BAD_PACKET[TCP_prs2026hitl_7100] unknown packet ID 0x79; discarded 1 byte(s)
[00:51:23.087] BAD_PACKET[TCP_prs2026hitl_7100] unknown packet ID 0x74; discarded 1 byte(s)
[00:51:23.087] BAD_PACKET[TCP_prs2026hitl_7100] unknown packet ID 0x65; discarded 1 byte(s)
[00:51:23.088] BAD_PACKET[TCP_prs2026hitl_7100] unknown packet ID 0x73; discarded 1 byte(s)
[00:51:23.088] BAD_PACKET[TCP_prs2026hitl_7100] unknown packet ID 0x29; discarded 1 byte(s)
[00:51:23.088] BAD_PACKET[TCP_prs2026hitl_7100] unknown packet ID 0x0d; discarded 1 byte(s)
[00:51:23.088] BAD_PACKET[TCP_prs2026hitl_7100] unknown packet ID 0x0a; discarded 1 byte(s)
[00:51:23.089] RX[TCP_prs2026hitl_7100]  49 20 28 32 32 36 31 33 34 36 29 20 61 70 65 72 74 75 72 65 3a 20 48 65 61 72 74 62 65 61 74 20 73 65 6e 74 0d 0a
[00:51:23.089] BAD_PACKET[TCP_prs2026hitl_7100] unknown packet ID 0x49; discarded 1 byte(s)
[00:51:23.089] BAD_PACKET[TCP_prs2026hitl_7100] unknown packet ID 0x20; discarded 1 byte(s)
[00:51:23.090] BAD_PACKET[TCP_prs2026hitl_7100] unknown packet ID 0x28; discarded 1 byte(s)
[00:51:23.090] BAD_PACKET[TCP_prs2026hitl_7100] unknown packet ID 0x32; discarded 1 byte(s)
[00:51:23.090] BAD_PACKET[TCP_prs2026hitl_7100] unknown packet ID 0x32; discarded 1 byte(s)
[00:51:23.091] BAD_PACKET[TCP_prs2026hitl_7100] unknown packet ID 0x36; discarded 1 byte(s)
[00:51:23.091] BAD_PACKET[TCP_prs2026hitl_7100] unknown packet ID 0x31; discarded 1 byte(s)
[00:51:23.091] BAD_PACKET[TCP_prs2026hitl_7100] unknown packet ID 0x33; discarded 1 byte(s)
[00:51:23.092] BAD_PACKET[TCP_prs2026hitl_7100] unknown packet ID 0x34; discarded 1 byte(s)
[00:51:23.093] BAD_PACKET[TCP_prs2026hitl_7100] unknown packet ID 0x36; discarded 1 byte(s)
[00:51:23.093] BAD_PACKET[TCP_prs2026hitl_7100] unknown packet ID 0x29; discarded 1 byte(s)
[00:51:23.094] BAD_PACKET[TCP_prs2026hitl_7100] unknown packet ID 0x20; discarded 1 byte(s)
[00:51:23.094] BAD_PACKET[TCP_prs2026hitl_7100] unknown packet ID 0x61; discarded 1 byte(s)
[00:51:23.094] BAD_PACKET[TCP_prs2026hitl_7100] unknown packet ID 0x70; discarded 1 byte(s)
[00:51:23.094] BAD_PACKET[TCP_prs2026hitl_7100] unknown packet ID 0x65; discarded 1 byte(s)
[00:51:23.095] BAD_PACKET[TCP_prs2026hitl_7100] unknown packet ID 0x72; discarded 1 byte(s)
[00:51:23.095] BAD_PACKET[TCP_prs2026hitl_7100] unknown packet ID 0x74; discarded 1 byte(s)
[00:51:23.095] BAD_PACKET[TCP_prs2026hitl_7100] unknown packet ID 0x75; discarded 1 byte(s)
[00:51:23.096] BAD_PACKET[TCP_prs2026hitl_7100] unknown packet ID 0x72; discarded 1 byte(s)
[00:51:23.096] BAD_PACKET[TCP_prs2026hitl_7100] unknown packet ID 0x65; discarded 1 byte(s)
[00:51:23.096] BAD_PACKET[TCP_prs2026hitl_7100] unknown packet ID 0x3a; discarded 1 byte(s)
[00:51:23.097] BAD_PACKET[TCP_prs2026hitl_7100] unknown packet ID 0x20; discarded 1 byte(s)
[00:51:23.097] BAD_PACKET[TCP_prs2026hitl_7100] unknown packet ID 0x48; discarded 1 byte(s)
[00:51:23.097] BAD_PACKET[TCP_prs2026hitl_7100] unknown packet ID 0x65; discarded 1 byte(s)
[00:51:23.097] BAD_PACKET[TCP_prs2026hitl_7100] unknown packet ID 0x61; discarded 1 byte(s)
[00:51:23.098] BAD_PACKET[TCP_prs2026hitl_7100] unknown packet ID 0x72; discarded 1 byte(s)
[00:51:23.098] BAD_PACKET[TCP_prs2026hitl_7100] unknown packet ID 0x74; discarded 1 byte(s)
[00:51:23.098] BAD_PACKET[TCP_prs2026hitl_7100] unknown packet ID 0x62; discarded 1 byte(s)
[00:51:23.099] BAD_PACKET[TCP_prs2026hitl_7100] unknown packet ID 0x65; discarded 1 byte(s)
[00:51:23.101] BAD_PACKET[TCP_prs2026hitl_7100] unknown packet ID 0x61; discarded 1 byte(s)
[00:51:23.102] BAD_PACKET[TCP_prs2026hitl_7100] unknown packet ID 0x74; discarded 1 byte(s)
[00:51:23.102] BAD_PACKET[TCP_prs2026hitl_7100] unknown packet ID 0x20; discarded 1 byte(s)
[00:51:23.103] BAD_PACKET[TCP_prs2026hitl_7100] unknown packet ID 0x73; discarded 1 byte(s)
[00:51:23.103] BAD_PACKET[TCP_prs2026hitl_7100] unknown packet ID 0x65; discarded 1 byte(s)
[00:51:23.103] BAD_PACKET[TCP_prs2026hitl_7100] unknown packet ID 0x6e; discarded 1 byte(s)
[00:51:23.104] BAD_PACKET[TCP_prs2026hitl_7100] unknown packet ID 0x74; discarded 1 byte(s)
[00:51:23.104] BAD_PACKET[TCP_prs2026hitl_7100] unknown packet ID 0x0d; discarded 1 byte(s)
[00:51:23.104] BAD_PACKET[TCP_prs2026hitl_7100] unknown packet ID 0x0a; discarded 1 byte(s)
[00:51:23.967] RX[COM21]  03
[00:51:23.968] RX[COM21]  00 00 00 00 00 00 00 00 00 00 5a 17 00 00 00 14 3c 0a
[00:51:23.969] PACKET[COM21] camera: fc_status=0, fc_uptime=0, status=0, uptime=23063, current_sense=[0.0, 0.0, 0.0], iris_battery_voltage=5.18
[00:51:24.077] RX[TCP_prs2026hitl_7100]  49 20 28 32 32 36 32 33 30 36 29 20 61 70 65 72 74 75 72 65 3a 20 53 65 6e 64 69 6e 67 20 68 65 61 72 74 62 65 61 74 20 28 38 20 62 79 74 65 73 29 0d 0a
[00:51:24.077] BAD_PACKET[TCP_prs2026hitl_7100] unknown packet ID 0x49; discarded 1 byte(s)
[00:51:24.078] BAD_PACKET[TCP_prs2026hitl_7100] unknown packet ID 0x20; discarded 1 byte(s)
[00:51:24.078] BAD_PACKET[TCP_prs2026hitl_7100] unknown packet ID 0x28; discarded 1 byte(s)
[00:51:24.078] BAD_PACKET[TCP_prs2026hitl_7100] unknown packet ID 0x32; discarded 1 byte(s)
[00:51:24.079] BAD_PACKET[TCP_prs2026hitl_7100] unknown packet ID 0x32; discarded 1 byte(s)
[00:51:24.079] BAD_PACKET[TCP_prs2026hitl_7100] unknown packet ID 0x36; discarded 1 byte(s)
[00:51:24.079] BAD_PACKET[TCP_prs2026hitl_7100] unknown packet ID 0x32; discarded 1 byte(s)
[00:51:24.080] BAD_PACKET[TCP_prs2026hitl_7100] unknown packet ID 0x33; discarded 1 byte(s)
[00:51:24.080] BAD_PACKET[TCP_prs2026hitl_7100] unknown packet ID 0x30; discarded 1 byte(s)
[00:51:24.080] BAD_PACKET[TCP_prs2026hitl_7100] unknown packet ID 0x36; discarded 1 byte(s)
[00:51:24.080] BAD_PACKET[TCP_prs2026hitl_7100] unknown packet ID 0x29; discarded 1 byte(s)
[00:51:24.081] BAD_PACKET[TCP_prs2026hitl_7100] unknown packet ID 0x20; discarded 1 byte(s)
[00:51:24.081] BAD_PACKET[TCP_prs2026hitl_7100] unknown packet ID 0x61; discarded 1 byte(s)
[00:51:24.081] BAD_PACKET[TCP_prs2026hitl_7100] unknown packet ID 0x70; discarded 1 byte(s)
[00:51:24.082] BAD_PACKET[TCP_prs2026hitl_7100] unknown packet ID 0x65; discarded 1 byte(s)
[00:51:24.083] BAD_PACKET[TCP_prs2026hitl_7100] unknown packet ID 0x72; discarded 1 byte(s)
[00:51:24.083] BAD_PACKET[TCP_prs2026hitl_7100] unknown packet ID 0x74; discarded 1 byte(s)
[00:51:24.084] BAD_PACKET[TCP_prs2026hitl_7100] unknown packet ID 0x75; discarded 1 byte(s)
[00:51:24.084] BAD_PACKET[TCP_prs2026hitl_7100] unknown packet ID 0x72; discarded 1 byte(s)
[00:51:24.084] BAD_PACKET[TCP_prs2026hitl_7100] unknown packet ID 0x65; discarded 1 byte(s)
[00:51:24.085] BAD_PACKET[TCP_prs2026hitl_7100] unknown packet ID 0x3a; discarded 1 byte(s)
[00:51:24.085] BAD_PACKET[TCP_prs2026hitl_7100] unknown packet ID 0x20; discarded 1 byte(s)
[00:51:24.085] BAD_PACKET[TCP_prs2026hitl_7100] unknown packet ID 0x53; discarded 1 byte(s)
[00:51:24.086] BAD_PACKET[TCP_prs2026hitl_7100] unknown packet ID 0x65; discarded 1 byte(s)
[00:51:24.086] BAD_PACKET[TCP_prs2026hitl_7100] unknown packet ID 0x6e; discarded 1 byte(s)
[00:51:24.086] BAD_PACKET[TCP_prs2026hitl_7100] unknown packet ID 0x64; discarded 1 byte(s)
[00:51:24.087] BAD_PACKET[TCP_prs2026hitl_7100] unknown packet ID 0x69; discarded 1 byte(s)
[00:51:24.087] BAD_PACKET[TCP_prs2026hitl_7100] unknown packet ID 0x6e; discarded 1 byte(s)
[00:51:24.087] BAD_PACKET[TCP_prs2026hitl_7100] unknown packet ID 0x67; discarded 1 byte(s)
[00:51:24.087] BAD_PACKET[TCP_prs2026hitl_7100] unknown packet ID 0x20; discarded 1 byte(s)
[00:51:24.088] BAD_PACKET[TCP_prs2026hitl_7100] unknown packet ID 0x68; discarded 1 byte(s)
[00:51:24.088] BAD_PACKET[TCP_prs2026hitl_7100] unknown packet ID 0x65; discarded 1 byte(s)
[00:51:24.088] BAD_PACKET[TCP_prs2026hitl_7100] unknown packet ID 0x61; discarded 1 byte(s)
[00:51:24.089] BAD_PACKET[TCP_prs2026hitl_7100] unknown packet ID 0x72; discarded 1 byte(s)
[00:51:24.089] BAD_PACKET[TCP_prs2026hitl_7100] unknown packet ID 0x74; discarded 1 byte(s)
[00:51:24.090] BAD_PACKET[TCP_prs2026hitl_7100] unknown packet ID 0x62; discarded 1 byte(s)
[00:51:24.090] BAD_PACKET[TCP_prs2026hitl_7100] unknown packet ID 0x65; discarded 1 byte(s)
[00:51:24.090] BAD_PACKET[TCP_prs2026hitl_7100] unknown packet ID 0x61; discarded 1 byte(s)
[00:51:24.091] BAD_PACKET[TCP_prs2026hitl_7100] unknown packet ID 0x74; discarded 1 byte(s)
[00:51:24.091] BAD_PACKET[TCP_prs2026hitl_7100] unknown packet ID 0x20; discarded 1 byte(s)
[00:51:24.091] BAD_PACKET[TCP_prs2026hitl_7100] unknown packet ID 0x28; discarded 1 byte(s)
[00:51:24.092] BAD_PACKET[TCP_prs2026hitl_7100] unknown packet ID 0x38; discarded 1 byte(s)
[00:51:24.092] BAD_PACKET[TCP_prs2026hitl_7100] unknown packet ID 0x20; discarded 1 byte(s)
[00:51:24.093] BAD_PACKET[TCP_prs2026hitl_7100] unknown packet ID 0x62; discarded 1 byte(s)
[00:51:24.093] BAD_PACKET[TCP_prs2026hitl_7100] unknown packet ID 0x79; discarded 1 byte(s)
[00:51:24.093] BAD_PACKET[TCP_prs2026hitl_7100] unknown packet ID 0x74; discarded 1 byte(s)
[00:51:24.093] BAD_PACKET[TCP_prs2026hitl_7100] unknown packet ID 0x65; discarded 1 byte(s)
[00:51:24.094] BAD_PACKET[TCP_prs2026hitl_7100] unknown packet ID 0x73; discarded 1 byte(s)
[00:51:24.094] BAD_PACKET[TCP_prs2026hitl_7100] unknown packet ID 0x29; discarded 1 byte(s)
[00:51:24.094] BAD_PACKET[TCP_prs2026hitl_7100] unknown packet ID 0x0d; discarded 1 byte(s)
[00:51:24.095] BAD_PACKET[TCP_prs2026hitl_7100] unknown packet ID 0x0a; discarded 1 byte(s)
[00:51:24.095] RX[TCP_prs2026hitl_7100]  49 20 28 32 32 36 32 33 34 36 29 20 61 70 65 72 74 75 72 65 3a 20 48 65 61 72 74 62 65 61 74 20 73 65 6e 74 0d 0a
[00:51:24.095] BAD_PACKET[TCP_prs2026hitl_7100] unknown packet ID 0x49; discarded 1 byte(s)
[00:51:24.096] BAD_PACKET[TCP_prs2026hitl_7100] unknown packet ID 0x20; discarded 1 byte(s)
[00:51:24.096] BAD_PACKET[TCP_prs2026hitl_7100] unknown packet ID 0x28; discarded 1 byte(s)
[00:51:24.097] BAD_PACKET[TCP_prs2026hitl_7100] unknown packet ID 0x32; discarded 1 byte(s)
[00:51:24.099] BAD_PACKET[TCP_prs2026hitl_7100] unknown packet ID 0x32; discarded 1 byte(s)
[00:51:24.099] BAD_PACKET[TCP_prs2026hitl_7100] unknown packet ID 0x36; discarded 1 byte(s)
[00:51:24.100] BAD_PACKET[TCP_prs2026hitl_7100] unknown packet ID 0x32; discarded 1 byte(s)
[00:51:24.100] BAD_PACKET[TCP_prs2026hitl_7100] unknown packet ID 0x33; discarded 1 byte(s)
[00:51:24.101] BAD_PACKET[TCP_prs2026hitl_7100] unknown packet ID 0x34; discarded 1 byte(s)
[00:51:24.101] BAD_PACKET[TCP_prs2026hitl_7100] unknown packet ID 0x36; discarded 1 byte(s)
[00:51:24.101] BAD_PACKET[TCP_prs2026hitl_7100] unknown packet ID 0x29; discarded 1 byte(s)
[00:51:24.102] BAD_PACKET[TCP_prs2026hitl_7100] unknown packet ID 0x20; discarded 1 byte(s)
[00:51:24.102] BAD_PACKET[TCP_prs2026hitl_7100] unknown packet ID 0x61; discarded 1 byte(s)
[00:51:24.102] BAD_PACKET[TCP_prs2026hitl_7100] unknown packet ID 0x70; discarded 1 byte(s)
[00:51:24.103] BAD_PACKET[TCP_prs2026hitl_7100] unknown packet ID 0x65; discarded 1 byte(s)
[00:51:24.103] BAD_PACKET[TCP_prs2026hitl_7100] unknown packet ID 0x72; discarded 1 byte(s)
[00:51:24.104] BAD_PACKET[TCP_prs2026hitl_7100] unknown packet ID 0x74; discarded 1 byte(s)
[00:51:24.104] BAD_PACKET[TCP_prs2026hitl_7100] unknown packet ID 0x75; discarded 1 byte(s)
[00:51:24.104] BAD_PACKET[TCP_prs2026hitl_7100] unknown packet ID 0x72; discarded 1 byte(s)
[00:51:24.105] BAD_PACKET[TCP_prs2026hitl_7100] unknown packet ID 0x65; discarded 1 byte(s)
[00:51:24.105] BAD_PACKET[TCP_prs2026hitl_7100] unknown packet ID 0x3a; discarded 1 byte(s)
[00:51:24.105] BAD_PACKET[TCP_prs2026hitl_7100] unknown packet ID 0x20; discarded 1 byte(s)
[00:51:24.105] BAD_PACKET[TCP_prs2026hitl_7100] unknown packet ID 0x48; discarded 1 byte(s)
[00:51:24.106] BAD_PACKET[TCP_prs2026hitl_7100] unknown packet ID 0x65; discarded 1 byte(s)
[00:51:24.106] BAD_PACKET[TCP_prs2026hitl_7100] unknown packet ID 0x61; discarded 1 byte(s)
[00:51:24.106] BAD_PACKET[TCP_prs2026hitl_7100] unknown packet ID 0x72; discarded 1 byte(s)
[00:51:24.107] BAD_PACKET[TCP_prs2026hitl_7100] unknown packet ID 0x74; discarded 1 byte(s)
[00:51:24.107] BAD_PACKET[TCP_prs2026hitl_7100] unknown packet ID 0x62; discarded 1 byte(s)
[00:51:24.107] BAD_PACKET[TCP_prs2026hitl_7100] unknown packet ID 0x65; discarded 1 byte(s)
[00:51:24.108] BAD_PACKET[TCP_prs2026hitl_7100] unknown packet ID 0x61; discarded 1 byte(s)
[00:51:24.108] BAD_PACKET[TCP_prs2026hitl_7100] unknown packet ID 0x74; discarded 1 byte(s)
[00:51:24.108] BAD_PACKET[TCP_prs2026hitl_7100] unknown packet ID 0x20; discarded 1 byte(s)
[00:51:24.109] BAD_PACKET[TCP_prs2026hitl_7100] unknown packet ID 0x73; discarded 1 byte(s)
[00:51:24.110] BAD_PACKET[TCP_prs2026hitl_7100] unknown packet ID 0x65; discarded 1 byte(s)
[00:51:24.110] BAD_PACKET[TCP_prs2026hitl_7100] unknown packet ID 0x6e; discarded 1 byte(s)
[00:51:24.110] BAD_PACKET[TCP_prs2026hitl_7100] unknown packet ID 0x74; discarded 1 byte(s)
[00:51:24.110] BAD_PACKET[TCP_prs2026hitl_7100] unknown packet ID 0x0d; discarded 1 byte(s)
[00:51:24.111] BAD_PACKET[TCP_prs2026hitl_7100] unknown packet ID 0x0a; discarded 1 byte(s)
[00:51:24.966] RX[COM21]  03
[00:51:24.967] RX[COM21]  00 00 00 00 00 00 00 00 00 00 5d ff 00 00 00 14 40 0a
[00:51:24.968] PACKET[COM21] camera: fc_status=0, fc_uptime=0, status=0, uptime=24063, current_sense=[0.0, 0.0, 0.0], iris_battery_voltage=5.184
[00:51:25.081] RX[TCP_prs2026hitl_7100]  49 20 28 32 32 36 33 33 30 36 29 20 61 70 65 72 74 75 72 65 3a 20 53 65 6e 64 69 6e 67 20 68 65 61 72 74 62 65 61 74 20 28 38 20 62 79 74 65 73 29 0d 0a
[00:51:25.083] BAD_PACKET[TCP_prs2026hitl_7100] unknown packet ID 0x49; discarded 1 byte(s)
[00:51:25.084] BAD_PACKET[TCP_prs2026hitl_7100] unknown packet ID 0x20; discarded 1 byte(s)
[00:51:25.084] BAD_PACKET[TCP_prs2026hitl_7100] unknown packet ID 0x28; discarded 1 byte(s)
[00:51:25.084] BAD_PACKET[TCP_prs2026hitl_7100] unknown packet ID 0x32; discarded 1 byte(s)
[00:51:25.085] BAD_PACKET[TCP_prs2026hitl_7100] unknown packet ID 0x32; discarded 1 byte(s)
[00:51:25.085] BAD_PACKET[TCP_prs2026hitl_7100] unknown packet ID 0x36; discarded 1 byte(s)
[00:51:25.085] BAD_PACKET[TCP_prs2026hitl_7100] unknown packet ID 0x33; discarded 1 byte(s)
[00:51:25.086] BAD_PACKET[TCP_prs2026hitl_7100] unknown packet ID 0x33; discarded 1 byte(s)
[00:51:25.086] BAD_PACKET[TCP_prs2026hitl_7100] unknown packet ID 0x30; discarded 1 byte(s)
[00:51:25.086] BAD_PACKET[TCP_prs2026hitl_7100] unknown packet ID 0x36; discarded 1 byte(s)
[00:51:25.087] BAD_PACKET[TCP_prs2026hitl_7100] unknown packet ID 0x29; discarded 1 byte(s)
[00:51:25.087] BAD_PACKET[TCP_prs2026hitl_7100] unknown packet ID 0x20; discarded 1 byte(s)
[00:51:25.087] BAD_PACKET[TCP_prs2026hitl_7100] unknown packet ID 0x61; discarded 1 byte(s)
[00:51:25.088] BAD_PACKET[TCP_prs2026hitl_7100] unknown packet ID 0x70; discarded 1 byte(s)
[00:51:25.088] BAD_PACKET[TCP_prs2026hitl_7100] unknown packet ID 0x65; discarded 1 byte(s)
[00:51:25.088] BAD_PACKET[TCP_prs2026hitl_7100] unknown packet ID 0x72; discarded 1 byte(s)
[00:51:25.088] BAD_PACKET[TCP_prs2026hitl_7100] unknown packet ID 0x74; discarded 1 byte(s)
[00:51:25.089] BAD_PACKET[TCP_prs2026hitl_7100] unknown packet ID 0x75; discarded 1 byte(s)
[00:51:25.089] BAD_PACKET[TCP_prs2026hitl_7100] unknown packet ID 0x72; discarded 1 byte(s)
[00:51:25.089] BAD_PACKET[TCP_prs2026hitl_7100] unknown packet ID 0x65; discarded 1 byte(s)
[00:51:25.090] BAD_PACKET[TCP_prs2026hitl_7100] unknown packet ID 0x3a; discarded 1 byte(s)
[00:51:25.090] BAD_PACKET[TCP_prs2026hitl_7100] unknown packet ID 0x20; discarded 1 byte(s)
[00:51:25.090] BAD_PACKET[TCP_prs2026hitl_7100] unknown packet ID 0x53; discarded 1 byte(s)
[00:51:25.091] BAD_PACKET[TCP_prs2026hitl_7100] unknown packet ID 0x65; discarded 1 byte(s)
[00:51:25.091] BAD_PACKET[TCP_prs2026hitl_7100] unknown packet ID 0x6e; discarded 1 byte(s)
[00:51:25.091] BAD_PACKET[TCP_prs2026hitl_7100] unknown packet ID 0x64; discarded 1 byte(s)
[00:51:25.092] BAD_PACKET[TCP_prs2026hitl_7100] unknown packet ID 0x69; discarded 1 byte(s)
[00:51:25.092] BAD_PACKET[TCP_prs2026hitl_7100] unknown packet ID 0x6e; discarded 1 byte(s)
[00:51:25.092] BAD_PACKET[TCP_prs2026hitl_7100] unknown packet ID 0x67; discarded 1 byte(s)
[00:51:25.093] BAD_PACKET[TCP_prs2026hitl_7100] unknown packet ID 0x20; discarded 1 byte(s)
[00:51:25.093] BAD_PACKET[TCP_prs2026hitl_7100] unknown packet ID 0x68; discarded 1 byte(s)
[00:51:25.094] BAD_PACKET[TCP_prs2026hitl_7100] unknown packet ID 0x65; discarded 1 byte(s)
[00:51:25.094] BAD_PACKET[TCP_prs2026hitl_7100] unknown packet ID 0x61; discarded 1 byte(s)
[00:51:25.094] BAD_PACKET[TCP_prs2026hitl_7100] unknown packet ID 0x72; discarded 1 byte(s)
[00:51:25.094] BAD_PACKET[TCP_prs2026hitl_7100] unknown packet ID 0x74; discarded 1 byte(s)
[00:51:25.095] BAD_PACKET[TCP_prs2026hitl_7100] unknown packet ID 0x62; discarded 1 byte(s)
[00:51:25.095] BAD_PACKET[TCP_prs2026hitl_7100] unknown packet ID 0x65; discarded 1 byte(s)
[00:51:25.095] BAD_PACKET[TCP_prs2026hitl_7100] unknown packet ID 0x61; discarded 1 byte(s)
[00:51:25.096] BAD_PACKET[TCP_prs2026hitl_7100] unknown packet ID 0x74; discarded 1 byte(s)
[00:51:25.097] BAD_PACKET[TCP_prs2026hitl_7100] unknown packet ID 0x20; discarded 1 byte(s)
[00:51:25.097] BAD_PACKET[TCP_prs2026hitl_7100] unknown packet ID 0x28; discarded 1 byte(s)
[00:51:25.097] BAD_PACKET[TCP_prs2026hitl_7100] unknown packet ID 0x38; discarded 1 byte(s)
[00:51:25.098] BAD_PACKET[TCP_prs2026hitl_7100] unknown packet ID 0x20; discarded 1 byte(s)
[00:51:25.098] BAD_PACKET[TCP_prs2026hitl_7100] unknown packet ID 0x62; discarded 1 byte(s)
[00:51:25.098] BAD_PACKET[TCP_prs2026hitl_7100] unknown packet ID 0x79; discarded 1 byte(s)
[00:51:25.099] BAD_PACKET[TCP_prs2026hitl_7100] unknown packet ID 0x74; discarded 1 byte(s)
[00:51:25.099] BAD_PACKET[TCP_prs2026hitl_7100] unknown packet ID 0x65; discarded 1 byte(s)
[00:51:25.099] BAD_PACKET[TCP_prs2026hitl_7100] unknown packet ID 0x73; discarded 1 byte(s)
[00:51:25.100] BAD_PACKET[TCP_prs2026hitl_7100] unknown packet ID 0x29; discarded 1 byte(s)
[00:51:25.100] BAD_PACKET[TCP_prs2026hitl_7100] unknown packet ID 0x0d; discarded 1 byte(s)
[00:51:25.101] BAD_PACKET[TCP_prs2026hitl_7100] unknown packet ID 0x0a; discarded 1 byte(s)
[00:51:25.101] RX[TCP_prs2026hitl_7100]  49 20 28 32 32 36 33 33 34 36 29 20 61 70 65 72 74 75 72 65 3a 20 48 65 61 72 74 62 65 61 74 20 73 65 6e 74 0d 0a
[00:51:25.101] BAD_PACKET[TCP_prs2026hitl_7100] unknown packet ID 0x49; discarded 1 byte(s)
[00:51:25.102] BAD_PACKET[TCP_prs2026hitl_7100] unknown packet ID 0x20; discarded 1 byte(s)
[00:51:25.102] BAD_PACKET[TCP_prs2026hitl_7100] unknown packet ID 0x28; discarded 1 byte(s)
[00:51:25.102] BAD_PACKET[TCP_prs2026hitl_7100] unknown packet ID 0x32; discarded 1 byte(s)
[00:51:25.103] BAD_PACKET[TCP_prs2026hitl_7100] unknown packet ID 0x32; discarded 1 byte(s)
[00:51:25.103] BAD_PACKET[TCP_prs2026hitl_7100] unknown packet ID 0x36; discarded 1 byte(s)
[00:51:25.103] BAD_PACKET[TCP_prs2026hitl_7100] unknown packet ID 0x33; discarded 1 byte(s)
[00:51:25.104] BAD_PACKET[TCP_prs2026hitl_7100] unknown packet ID 0x33; discarded 1 byte(s)
[00:51:25.104] BAD_PACKET[TCP_prs2026hitl_7100] unknown packet ID 0x34; discarded 1 byte(s)
[00:51:25.104] BAD_PACKET[TCP_prs2026hitl_7100] unknown packet ID 0x36; discarded 1 byte(s)
[00:51:25.105] BAD_PACKET[TCP_prs2026hitl_7100] unknown packet ID 0x29; discarded 1 byte(s)
[00:51:25.105] BAD_PACKET[TCP_prs2026hitl_7100] unknown packet ID 0x20; discarded 1 byte(s)
[00:51:25.105] BAD_PACKET[TCP_prs2026hitl_7100] unknown packet ID 0x61; discarded 1 byte(s)
[00:51:25.105] BAD_PACKET[TCP_prs2026hitl_7100] unknown packet ID 0x70; discarded 1 byte(s)
[00:51:25.106] BAD_PACKET[TCP_prs2026hitl_7100] unknown packet ID 0x65; discarded 1 byte(s)
[00:51:25.106] BAD_PACKET[TCP_prs2026hitl_7100] unknown packet ID 0x72; discarded 1 byte(s)
[00:51:25.106] BAD_PACKET[TCP_prs2026hitl_7100] unknown packet ID 0x74; discarded 1 byte(s)
[00:51:25.107] BAD_PACKET[TCP_prs2026hitl_7100] unknown packet ID 0x75; discarded 1 byte(s)
[00:51:25.107] BAD_PACKET[TCP_prs2026hitl_7100] unknown packet ID 0x72; discarded 1 byte(s)
[00:51:25.107] BAD_PACKET[TCP_prs2026hitl_7100] unknown packet ID 0x65; discarded 1 byte(s)
[00:51:25.108] BAD_PACKET[TCP_prs2026hitl_7100] unknown packet ID 0x3a; discarded 1 byte(s)
[00:51:25.108] BAD_PACKET[TCP_prs2026hitl_7100] unknown packet ID 0x20; discarded 1 byte(s)
[00:51:25.109] BAD_PACKET[TCP_prs2026hitl_7100] unknown packet ID 0x48; discarded 1 byte(s)
[00:51:25.109] BAD_PACKET[TCP_prs2026hitl_7100] unknown packet ID 0x65; discarded 1 byte(s)
[00:51:25.109] BAD_PACKET[TCP_prs2026hitl_7100] unknown packet ID 0x61; discarded 1 byte(s)
[00:51:25.110] BAD_PACKET[TCP_prs2026hitl_7100] unknown packet ID 0x72; discarded 1 byte(s)
[00:51:25.110] BAD_PACKET[TCP_prs2026hitl_7100] unknown packet ID 0x74; discarded 1 byte(s)
[00:51:25.110] BAD_PACKET[TCP_prs2026hitl_7100] unknown packet ID 0x62; discarded 1 byte(s)
[00:51:25.110] BAD_PACKET[TCP_prs2026hitl_7100] unknown packet ID 0x65; discarded 1 byte(s)
[00:51:25.111] BAD_PACKET[TCP_prs2026hitl_7100] unknown packet ID 0x61; discarded 1 byte(s)
[00:51:25.111] BAD_PACKET[TCP_prs2026hitl_7100] unknown packet ID 0x74; discarded 1 byte(s)
[00:51:25.111] BAD_PACKET[TCP_prs2026hitl_7100] unknown packet ID 0x20; discarded 1 byte(s)
[00:51:25.112] BAD_PACKET[TCP_prs2026hitl_7100] unknown packet ID 0x73; discarded 1 byte(s)
[00:51:25.112] BAD_PACKET[TCP_prs2026hitl_7100] unknown packet ID 0x65; discarded 1 byte(s)
[00:51:25.112] BAD_PACKET[TCP_prs2026hitl_7100] unknown packet ID 0x6e; discarded 1 byte(s)
[00:51:25.113] BAD_PACKET[TCP_prs2026hitl_7100] unknown packet ID 0x74; discarded 1 byte(s)
[00:51:25.113] BAD_PACKET[TCP_prs2026hitl_7100] unknown packet ID 0x0d; discarded 1 byte(s)
[00:51:25.113] BAD_PACKET[TCP_prs2026hitl_7100] unknown packet ID 0x0a; discarded 1 byte(s)
[00:51:25.965] RX[COM21]  03
[00:51:25.967] RX[COM21]  00 00 00 00 00 00 00 00 00 00 61 e7 00 00 00 14 3c 0a
[00:51:25.969] PACKET[COM21] camera: fc_status=0, fc_uptime=0, status=0, uptime=25063, current_sense=[0.0, 0.0, 0.0], iris_battery_voltage=5.18
[00:51:26.082] RX[TCP_prs2026hitl_7100]  49 20 28 32 32 36 34 33 30 36 29 20 61 70 65 72 74 75 72 65 3a 20 53 65 6e 64 69 6e 67 20 68 65 61 72 74 62 65 61 74 20 28 38 20 62 79 74 65 73 29 0d 0a
[00:51:26.083] BAD_PACKET[TCP_prs2026hitl_7100] unknown packet ID 0x49; discarded 1 byte(s)
[00:51:26.083] BAD_PACKET[TCP_prs2026hitl_7100] unknown packet ID 0x20; discarded 1 byte(s)
[00:51:26.084] BAD_PACKET[TCP_prs2026hitl_7100] unknown packet ID 0x28; discarded 1 byte(s)
[00:51:26.084] BAD_PACKET[TCP_prs2026hitl_7100] unknown packet ID 0x32; discarded 1 byte(s)
[00:51:26.084] BAD_PACKET[TCP_prs2026hitl_7100] unknown packet ID 0x32; discarded 1 byte(s)
[00:51:26.085] BAD_PACKET[TCP_prs2026hitl_7100] unknown packet ID 0x36; discarded 1 byte(s)
[00:51:26.085] BAD_PACKET[TCP_prs2026hitl_7100] unknown packet ID 0x34; discarded 1 byte(s)
[00:51:26.085] BAD_PACKET[TCP_prs2026hitl_7100] unknown packet ID 0x33; discarded 1 byte(s)
[00:51:26.086] BAD_PACKET[TCP_prs2026hitl_7100] unknown packet ID 0x30; discarded 1 byte(s)
[00:51:26.086] BAD_PACKET[TCP_prs2026hitl_7100] unknown packet ID 0x36; discarded 1 byte(s)
[00:51:26.086] BAD_PACKET[TCP_prs2026hitl_7100] unknown packet ID 0x29; discarded 1 byte(s)
[00:51:26.086] BAD_PACKET[TCP_prs2026hitl_7100] unknown packet ID 0x20; discarded 1 byte(s)
[00:51:26.087] BAD_PACKET[TCP_prs2026hitl_7100] unknown packet ID 0x61; discarded 1 byte(s)
[00:51:26.087] BAD_PACKET[TCP_prs2026hitl_7100] unknown packet ID 0x70; discarded 1 byte(s)
[00:51:26.087] BAD_PACKET[TCP_prs2026hitl_7100] unknown packet ID 0x65; discarded 1 byte(s)
[00:51:26.088] BAD_PACKET[TCP_prs2026hitl_7100] unknown packet ID 0x72; discarded 1 byte(s)
[00:51:26.088] BAD_PACKET[TCP_prs2026hitl_7100] unknown packet ID 0x74; discarded 1 byte(s)
[00:51:26.088] BAD_PACKET[TCP_prs2026hitl_7100] unknown packet ID 0x75; discarded 1 byte(s)
[00:51:26.089] BAD_PACKET[TCP_prs2026hitl_7100] unknown packet ID 0x72; discarded 1 byte(s)
[00:51:26.089] BAD_PACKET[TCP_prs2026hitl_7100] unknown packet ID 0x65; discarded 1 byte(s)
[00:51:26.089] BAD_PACKET[TCP_prs2026hitl_7100] unknown packet ID 0x3a; discarded 1 byte(s)
[00:51:26.090] BAD_PACKET[TCP_prs2026hitl_7100] unknown packet ID 0x20; discarded 1 byte(s)
[00:51:26.090] BAD_PACKET[TCP_prs2026hitl_7100] unknown packet ID 0x53; discarded 1 byte(s)
[00:51:26.090] BAD_PACKET[TCP_prs2026hitl_7100] unknown packet ID 0x65; discarded 1 byte(s)
[00:51:26.090] BAD_PACKET[TCP_prs2026hitl_7100] unknown packet ID 0x6e; discarded 1 byte(s)
[00:51:26.091] BAD_PACKET[TCP_prs2026hitl_7100] unknown packet ID 0x64; discarded 1 byte(s)
[00:51:26.091] BAD_PACKET[TCP_prs2026hitl_7100] unknown packet ID 0x69; discarded 1 byte(s)
[00:51:26.091] BAD_PACKET[TCP_prs2026hitl_7100] unknown packet ID 0x6e; discarded 1 byte(s)
[00:51:26.092] BAD_PACKET[TCP_prs2026hitl_7100] unknown packet ID 0x67; discarded 1 byte(s)
[00:51:26.092] BAD_PACKET[TCP_prs2026hitl_7100] unknown packet ID 0x20; discarded 1 byte(s)
[00:51:26.093] BAD_PACKET[TCP_prs2026hitl_7100] unknown packet ID 0x68; discarded 1 byte(s)
[00:51:26.093] BAD_PACKET[TCP_prs2026hitl_7100] unknown packet ID 0x65; discarded 1 byte(s)
[00:51:26.093] BAD_PACKET[TCP_prs2026hitl_7100] unknown packet ID 0x61; discarded 1 byte(s)
[00:51:26.094] BAD_PACKET[TCP_prs2026hitl_7100] unknown packet ID 0x72; discarded 1 byte(s)
[00:51:26.094] BAD_PACKET[TCP_prs2026hitl_7100] unknown packet ID 0x74; discarded 1 byte(s)
[00:51:26.094] BAD_PACKET[TCP_prs2026hitl_7100] unknown packet ID 0x62; discarded 1 byte(s)
[00:51:26.094] BAD_PACKET[TCP_prs2026hitl_7100] unknown packet ID 0x65; discarded 1 byte(s)
[00:51:26.095] BAD_PACKET[TCP_prs2026hitl_7100] unknown packet ID 0x61; discarded 1 byte(s)
[00:51:26.095] BAD_PACKET[TCP_prs2026hitl_7100] unknown packet ID 0x74; discarded 1 byte(s)
[00:51:26.096] BAD_PACKET[TCP_prs2026hitl_7100] unknown packet ID 0x20; discarded 1 byte(s)
[00:51:26.096] BAD_PACKET[TCP_prs2026hitl_7100] unknown packet ID 0x28; discarded 1 byte(s)
[00:51:26.096] BAD_PACKET[TCP_prs2026hitl_7100] unknown packet ID 0x38; discarded 1 byte(s)
[00:51:26.096] BAD_PACKET[TCP_prs2026hitl_7100] unknown packet ID 0x20; discarded 1 byte(s)
[00:51:26.097] BAD_PACKET[TCP_prs2026hitl_7100] unknown packet ID 0x62; discarded 1 byte(s)
[00:51:26.097] BAD_PACKET[TCP_prs2026hitl_7100] unknown packet ID 0x79; discarded 1 byte(s)
[00:51:26.097] BAD_PACKET[TCP_prs2026hitl_7100] unknown packet ID 0x74; discarded 1 byte(s)
[00:51:26.098] BAD_PACKET[TCP_prs2026hitl_7100] unknown packet ID 0x65; discarded 1 byte(s)
[00:51:26.099] BAD_PACKET[TCP_prs2026hitl_7100] unknown packet ID 0x73; discarded 1 byte(s)
[00:51:26.099] BAD_PACKET[TCP_prs2026hitl_7100] unknown packet ID 0x29; discarded 1 byte(s)
[00:51:26.099] BAD_PACKET[TCP_prs2026hitl_7100] unknown packet ID 0x0d; discarded 1 byte(s)
[00:51:26.100] BAD_PACKET[TCP_prs2026hitl_7100] unknown packet ID 0x0a; discarded 1 byte(s)
[00:51:26.100] RX[TCP_prs2026hitl_7100]  49 20 28 32 32 36 34 33 34 36 29 20 61 70 65 72 74 75 72 65 3a 20 48 65 61 72 74 62 65 61 74 20 73 65 6e 74 0d 0a
[00:51:26.100] BAD_PACKET[TCP_prs2026hitl_7100] unknown packet ID 0x49; discarded 1 byte(s)
[00:51:26.101] BAD_PACKET[TCP_prs2026hitl_7100] unknown packet ID 0x20; discarded 1 byte(s)
[00:51:26.101] BAD_PACKET[TCP_prs2026hitl_7100] unknown packet ID 0x28; discarded 1 byte(s)
[00:51:26.101] BAD_PACKET[TCP_prs2026hitl_7100] unknown packet ID 0x32; discarded 1 byte(s)
[00:51:26.102] BAD_PACKET[TCP_prs2026hitl_7100] unknown packet ID 0x32; discarded 1 byte(s)
[00:51:26.102] BAD_PACKET[TCP_prs2026hitl_7100] unknown packet ID 0x36; discarded 1 byte(s)
[00:51:26.102] BAD_PACKET[TCP_prs2026hitl_7100] unknown packet ID 0x34; discarded 1 byte(s)
[00:51:26.103] BAD_PACKET[TCP_prs2026hitl_7100] unknown packet ID 0x33; discarded 1 byte(s)
[00:51:26.103] BAD_PACKET[TCP_prs2026hitl_7100] unknown packet ID 0x34; discarded 1 byte(s)
[00:51:26.103] BAD_PACKET[TCP_prs2026hitl_7100] unknown packet ID 0x36; discarded 1 byte(s)
[00:51:26.103] BAD_PACKET[TCP_prs2026hitl_7100] unknown packet ID 0x29; discarded 1 byte(s)
[00:51:26.104] BAD_PACKET[TCP_prs2026hitl_7100] unknown packet ID 0x20; discarded 1 byte(s)
[00:51:26.104] BAD_PACKET[TCP_prs2026hitl_7100] unknown packet ID 0x61; discarded 1 byte(s)
[00:51:26.104] BAD_PACKET[TCP_prs2026hitl_7100] unknown packet ID 0x70; discarded 1 byte(s)
[00:51:26.105] BAD_PACKET[TCP_prs2026hitl_7100] unknown packet ID 0x65; discarded 1 byte(s)
[00:51:26.105] BAD_PACKET[TCP_prs2026hitl_7100] unknown packet ID 0x72; discarded 1 byte(s)
[00:51:26.105] BAD_PACKET[TCP_prs2026hitl_7100] unknown packet ID 0x74; discarded 1 byte(s)
[00:51:26.106] BAD_PACKET[TCP_prs2026hitl_7100] unknown packet ID 0x75; discarded 1 byte(s)
[00:51:26.106] BAD_PACKET[TCP_prs2026hitl_7100] unknown packet ID 0x72; discarded 1 byte(s)
[00:51:26.106] BAD_PACKET[TCP_prs2026hitl_7100] unknown packet ID 0x65; discarded 1 byte(s)
[00:51:26.107] BAD_PACKET[TCP_prs2026hitl_7100] unknown packet ID 0x3a; discarded 1 byte(s)
[00:51:26.107] BAD_PACKET[TCP_prs2026hitl_7100] unknown packet ID 0x20; discarded 1 byte(s)
[00:51:26.107] BAD_PACKET[TCP_prs2026hitl_7100] unknown packet ID 0x48; discarded 1 byte(s)
[00:51:26.107] BAD_PACKET[TCP_prs2026hitl_7100] unknown packet ID 0x65; discarded 1 byte(s)
[00:51:26.108] BAD_PACKET[TCP_prs2026hitl_7100] unknown packet ID 0x61; discarded 1 byte(s)
[00:51:26.108] BAD_PACKET[TCP_prs2026hitl_7100] unknown packet ID 0x72; discarded 1 byte(s)
[00:51:26.109] BAD_PACKET[TCP_prs2026hitl_7100] unknown packet ID 0x74; discarded 1 byte(s)
[00:51:26.109] BAD_PACKET[TCP_prs2026hitl_7100] unknown packet ID 0x62; discarded 1 byte(s)
[00:51:26.110] BAD_PACKET[TCP_prs2026hitl_7100] unknown packet ID 0x65; discarded 1 byte(s)
[00:51:26.110] BAD_PACKET[TCP_prs2026hitl_7100] unknown packet ID 0x61; discarded 1 byte(s)
[00:51:26.110] BAD_PACKET[TCP_prs2026hitl_7100] unknown packet ID 0x74; discarded 1 byte(s)
[00:51:26.111] BAD_PACKET[TCP_prs2026hitl_7100] unknown packet ID 0x20; discarded 1 byte(s)
[00:51:26.111] BAD_PACKET[TCP_prs2026hitl_7100] unknown packet ID 0x73; discarded 1 byte(s)
[00:51:26.111] BAD_PACKET[TCP_prs2026hitl_7100] unknown packet ID 0x65; discarded 1 byte(s)
[00:51:26.111] BAD_PACKET[TCP_prs2026hitl_7100] unknown packet ID 0x6e; discarded 1 byte(s)
[00:51:26.112] BAD_PACKET[TCP_prs2026hitl_7100] unknown packet ID 0x74; discarded 1 byte(s)
[00:51:26.112] BAD_PACKET[TCP_prs2026hitl_7100] unknown packet ID 0x0d; discarded 1 byte(s)
[00:51:26.112] BAD_PACKET[TCP_prs2026hitl_7100] unknown packet ID 0x0a; discarded 1 byte(s)
[00:51:27.001] RX[COM21]  03
[00:51:27.002] RX[COM21]  00 00 00 00 00 00 00 00 00 00 65 cf 00 00 00 14 38 0a
[00:51:27.003] PACKET[COM21] camera: fc_status=0, fc_uptime=0, status=0, uptime=26063, current_sense=[0.0, 0.0, 0.0], iris_battery_voltage=5.176
[00:51:27.065] RX[TCP_prs2026hitl_7100]  49 20 28 32 32 36 35 33 30 36 29 20 61 70 65 72 74 75 72 65 3a 20 53 65 6e 64 69 6e 67 20 68 65 61 72 74 62 65 61 74 20 28 38 20 62 79 74 65 73 29 0d 0a
[00:51:27.066] BAD_PACKET[TCP_prs2026hitl_7100] unknown packet ID 0x49; discarded 1 byte(s)
[00:51:27.066] BAD_PACKET[TCP_prs2026hitl_7100] unknown packet ID 0x20; discarded 1 byte(s)
[00:51:27.067] BAD_PACKET[TCP_prs2026hitl_7100] unknown packet ID 0x28; discarded 1 byte(s)
[00:51:27.067] BAD_PACKET[TCP_prs2026hitl_7100] unknown packet ID 0x32; discarded 1 byte(s)
[00:51:27.067] BAD_PACKET[TCP_prs2026hitl_7100] unknown packet ID 0x32; discarded 1 byte(s)
[00:51:27.068] BAD_PACKET[TCP_prs2026hitl_7100] unknown packet ID 0x36; discarded 1 byte(s)
[00:51:27.068] BAD_PACKET[TCP_prs2026hitl_7100] unknown packet ID 0x35; discarded 1 byte(s)
[00:51:27.068] BAD_PACKET[TCP_prs2026hitl_7100] unknown packet ID 0x33; discarded 1 byte(s)
[00:51:27.069] BAD_PACKET[TCP_prs2026hitl_7100] unknown packet ID 0x30; discarded 1 byte(s)
[00:51:27.069] BAD_PACKET[TCP_prs2026hitl_7100] unknown packet ID 0x36; discarded 1 byte(s)
[00:51:27.069] BAD_PACKET[TCP_prs2026hitl_7100] unknown packet ID 0x29; discarded 1 byte(s)
[00:51:27.070] BAD_PACKET[TCP_prs2026hitl_7100] unknown packet ID 0x20; discarded 1 byte(s)
[00:51:27.070] BAD_PACKET[TCP_prs2026hitl_7100] unknown packet ID 0x61; discarded 1 byte(s)
[00:51:27.070] BAD_PACKET[TCP_prs2026hitl_7100] unknown packet ID 0x70; discarded 1 byte(s)
[00:51:27.071] BAD_PACKET[TCP_prs2026hitl_7100] unknown packet ID 0x65; discarded 1 byte(s)
[00:51:27.071] BAD_PACKET[TCP_prs2026hitl_7100] unknown packet ID 0x72; discarded 1 byte(s)
[00:51:27.071] BAD_PACKET[TCP_prs2026hitl_7100] unknown packet ID 0x74; discarded 1 byte(s)
[00:51:27.072] BAD_PACKET[TCP_prs2026hitl_7100] unknown packet ID 0x75; discarded 1 byte(s)
[00:51:27.072] BAD_PACKET[TCP_prs2026hitl_7100] unknown packet ID 0x72; discarded 1 byte(s)
[00:51:27.072] BAD_PACKET[TCP_prs2026hitl_7100] unknown packet ID 0x65; discarded 1 byte(s)
[00:51:27.072] BAD_PACKET[TCP_prs2026hitl_7100] unknown packet ID 0x3a; discarded 1 byte(s)
[00:51:27.073] BAD_PACKET[TCP_prs2026hitl_7100] unknown packet ID 0x20; discarded 1 byte(s)
[00:51:27.073] BAD_PACKET[TCP_prs2026hitl_7100] unknown packet ID 0x53; discarded 1 byte(s)
[00:51:27.073] BAD_PACKET[TCP_prs2026hitl_7100] unknown packet ID 0x65; discarded 1 byte(s)
[00:51:27.074] BAD_PACKET[TCP_prs2026hitl_7100] unknown packet ID 0x6e; discarded 1 byte(s)
[00:51:27.074] BAD_PACKET[TCP_prs2026hitl_7100] unknown packet ID 0x64; discarded 1 byte(s)
[00:51:27.074] BAD_PACKET[TCP_prs2026hitl_7100] unknown packet ID 0x69; discarded 1 byte(s)
[00:51:27.075] BAD_PACKET[TCP_prs2026hitl_7100] unknown packet ID 0x6e; discarded 1 byte(s)
[00:51:27.075] BAD_PACKET[TCP_prs2026hitl_7100] unknown packet ID 0x67; discarded 1 byte(s)
[00:51:27.075] BAD_PACKET[TCP_prs2026hitl_7100] unknown packet ID 0x20; discarded 1 byte(s)
[00:51:27.076] BAD_PACKET[TCP_prs2026hitl_7100] unknown packet ID 0x68; discarded 1 byte(s)
[00:51:27.077] BAD_PACKET[TCP_prs2026hitl_7100] unknown packet ID 0x65; discarded 1 byte(s)
[00:51:27.077] BAD_PACKET[TCP_prs2026hitl_7100] unknown packet ID 0x61; discarded 1 byte(s)
[00:51:27.077] BAD_PACKET[TCP_prs2026hitl_7100] unknown packet ID 0x72; discarded 1 byte(s)
[00:51:27.077] BAD_PACKET[TCP_prs2026hitl_7100] unknown packet ID 0x74; discarded 1 byte(s)
[00:51:27.078] BAD_PACKET[TCP_prs2026hitl_7100] unknown packet ID 0x62; discarded 1 byte(s)
[00:51:27.078] BAD_PACKET[TCP_prs2026hitl_7100] unknown packet ID 0x65; discarded 1 byte(s)
[00:51:27.078] BAD_PACKET[TCP_prs2026hitl_7100] unknown packet ID 0x61; discarded 1 byte(s)
[00:51:27.079] BAD_PACKET[TCP_prs2026hitl_7100] unknown packet ID 0x74; discarded 1 byte(s)
[00:51:27.079] BAD_PACKET[TCP_prs2026hitl_7100] unknown packet ID 0x20; discarded 1 byte(s)
[00:51:27.079] BAD_PACKET[TCP_prs2026hitl_7100] unknown packet ID 0x28; discarded 1 byte(s)
[00:51:27.080] BAD_PACKET[TCP_prs2026hitl_7100] unknown packet ID 0x38; discarded 1 byte(s)
[00:51:27.080] BAD_PACKET[TCP_prs2026hitl_7100] unknown packet ID 0x20; discarded 1 byte(s)
[00:51:27.080] BAD_PACKET[TCP_prs2026hitl_7100] unknown packet ID 0x62; discarded 1 byte(s)
[00:51:27.081] BAD_PACKET[TCP_prs2026hitl_7100] unknown packet ID 0x79; discarded 1 byte(s)
[00:51:27.081] BAD_PACKET[TCP_prs2026hitl_7100] unknown packet ID 0x74; discarded 1 byte(s)
[00:51:27.081] BAD_PACKET[TCP_prs2026hitl_7100] unknown packet ID 0x65; discarded 1 byte(s)
[00:51:27.081] BAD_PACKET[TCP_prs2026hitl_7100] unknown packet ID 0x73; discarded 1 byte(s)
[00:51:27.082] BAD_PACKET[TCP_prs2026hitl_7100] unknown packet ID 0x29; discarded 1 byte(s)
[00:51:27.082] BAD_PACKET[TCP_prs2026hitl_7100] unknown packet ID 0x0d; discarded 1 byte(s)
[00:51:27.082] BAD_PACKET[TCP_prs2026hitl_7100] unknown packet ID 0x0a; discarded 1 byte(s)
[00:51:27.133] RX[TCP_prs2026hitl_7100]  49 20 28 32 32 36 35 33 34 36 29 20 61 70 65 72 74 75 72 65 3a 20 48 65 61 72 74 62 65 61 74 20 73 65 6e 74 0d 0a
[00:51:27.134] BAD_PACKET[TCP_prs2026hitl_7100] unknown packet ID 0x49; discarded 1 byte(s)
[00:51:27.134] BAD_PACKET[TCP_prs2026hitl_7100] unknown packet ID 0x20; discarded 1 byte(s)
[00:51:27.135] BAD_PACKET[TCP_prs2026hitl_7100] unknown packet ID 0x28; discarded 1 byte(s)
[00:51:27.135] BAD_PACKET[TCP_prs2026hitl_7100] unknown packet ID 0x32; discarded 1 byte(s)
[00:51:27.135] BAD_PACKET[TCP_prs2026hitl_7100] unknown packet ID 0x32; discarded 1 byte(s)
[00:51:27.136] BAD_PACKET[TCP_prs2026hitl_7100] unknown packet ID 0x36; discarded 1 byte(s)
[00:51:27.136] BAD_PACKET[TCP_prs2026hitl_7100] unknown packet ID 0x35; discarded 1 byte(s)
[00:51:27.136] BAD_PACKET[TCP_prs2026hitl_7100] unknown packet ID 0x33; discarded 1 byte(s)
[00:51:27.137] BAD_PACKET[TCP_prs2026hitl_7100] unknown packet ID 0x34; discarded 1 byte(s)
[00:51:27.137] BAD_PACKET[TCP_prs2026hitl_7100] unknown packet ID 0x36; discarded 1 byte(s)
[00:51:27.137] BAD_PACKET[TCP_prs2026hitl_7100] unknown packet ID 0x29; discarded 1 byte(s)
[00:51:27.137] BAD_PACKET[TCP_prs2026hitl_7100] unknown packet ID 0x20; discarded 1 byte(s)
[00:51:27.138] BAD_PACKET[TCP_prs2026hitl_7100] unknown packet ID 0x61; discarded 1 byte(s)
[00:51:27.138] BAD_PACKET[TCP_prs2026hitl_7100] unknown packet ID 0x70; discarded 1 byte(s)
[00:51:27.138] BAD_PACKET[TCP_prs2026hitl_7100] unknown packet ID 0x65; discarded 1 byte(s)
[00:51:27.139] BAD_PACKET[TCP_prs2026hitl_7100] unknown packet ID 0x72; discarded 1 byte(s)
[00:51:27.139] BAD_PACKET[TCP_prs2026hitl_7100] unknown packet ID 0x74; discarded 1 byte(s)
[00:51:27.139] BAD_PACKET[TCP_prs2026hitl_7100] unknown packet ID 0x75; discarded 1 byte(s)
[00:51:27.140] BAD_PACKET[TCP_prs2026hitl_7100] unknown packet ID 0x72; discarded 1 byte(s)
[00:51:27.140] BAD_PACKET[TCP_prs2026hitl_7100] unknown packet ID 0x65; discarded 1 byte(s)
[00:51:27.140] BAD_PACKET[TCP_prs2026hitl_7100] unknown packet ID 0x3a; discarded 1 byte(s)
[00:51:27.140] BAD_PACKET[TCP_prs2026hitl_7100] unknown packet ID 0x20; discarded 1 byte(s)
[00:51:27.141] BAD_PACKET[TCP_prs2026hitl_7100] unknown packet ID 0x48; discarded 1 byte(s)
[00:51:27.141] BAD_PACKET[TCP_prs2026hitl_7100] unknown packet ID 0x65; discarded 1 byte(s)
[00:51:27.141] BAD_PACKET[TCP_prs2026hitl_7100] unknown packet ID 0x61; discarded 1 byte(s)
[00:51:27.142] BAD_PACKET[TCP_prs2026hitl_7100] unknown packet ID 0x72; discarded 1 byte(s)
[00:51:27.142] BAD_PACKET[TCP_prs2026hitl_7100] unknown packet ID 0x74; discarded 1 byte(s)
[00:51:27.143] BAD_PACKET[TCP_prs2026hitl_7100] unknown packet ID 0x62; discarded 1 byte(s)
[00:51:27.143] BAD_PACKET[TCP_prs2026hitl_7100] unknown packet ID 0x65; discarded 1 byte(s)
[00:51:27.143] BAD_PACKET[TCP_prs2026hitl_7100] unknown packet ID 0x61; discarded 1 byte(s)
[00:51:27.143] BAD_PACKET[TCP_prs2026hitl_7100] unknown packet ID 0x74; discarded 1 byte(s)
[00:51:27.144] BAD_PACKET[TCP_prs2026hitl_7100] unknown packet ID 0x20; discarded 1 byte(s)
[00:51:27.144] BAD_PACKET[TCP_prs2026hitl_7100] unknown packet ID 0x73; discarded 1 byte(s)
[00:51:27.144] BAD_PACKET[TCP_prs2026hitl_7100] unknown packet ID 0x65; discarded 1 byte(s)
[00:51:27.145] BAD_PACKET[TCP_prs2026hitl_7100] unknown packet ID 0x6e; discarded 1 byte(s)
[00:51:27.145] BAD_PACKET[TCP_prs2026hitl_7100] unknown packet ID 0x74; discarded 1 byte(s)
[00:51:27.145] BAD_PACKET[TCP_prs2026hitl_7100] unknown packet ID 0x0d; discarded 1 byte(s)
[00:51:27.146] BAD_PACKET[TCP_prs2026hitl_7100] unknown packet ID 0x0a; discarded 1 byte(s)
[00:51:27.983] RX[COM21]  03
[00:51:27.985] RX[COM21]  00 00 00 00 00 00 00 00 00 00 69 b7 00 00 00 14 40 0a
[00:51:27.986] PACKET[COM21] camera: fc_status=0, fc_uptime=0, status=0, uptime=27063, current_sense=[0.0, 0.0, 0.0], iris_battery_voltage=5.184
[00:51:28.039] RX[TCP_prs2026hitl_7100]  49 20 28 32 32 36 36 33 30 36 29 20 61 70 65 72 74 75 72 65 3a 20 53 65 6e 64 69 6e 67 20 68 65 61 72 74 62 65 61 74 20 28 38 20 62 79 74 65 73 29 0d 0a
[00:51:28.041] BAD_PACKET[TCP_prs2026hitl_7100] unknown packet ID 0x49; discarded 1 byte(s)
[00:51:28.042] BAD_PACKET[TCP_prs2026hitl_7100] unknown packet ID 0x20; discarded 1 byte(s)
[00:51:28.042] BAD_PACKET[TCP_prs2026hitl_7100] unknown packet ID 0x28; discarded 1 byte(s)
[00:51:28.043] BAD_PACKET[TCP_prs2026hitl_7100] unknown packet ID 0x32; discarded 1 byte(s)
[00:51:28.043] BAD_PACKET[TCP_prs2026hitl_7100] unknown packet ID 0x32; discarded 1 byte(s)
[00:51:28.043] BAD_PACKET[TCP_prs2026hitl_7100] unknown packet ID 0x36; discarded 1 byte(s)
[00:51:28.044] BAD_PACKET[TCP_prs2026hitl_7100] unknown packet ID 0x36; discarded 1 byte(s)
[00:51:28.044] BAD_PACKET[TCP_prs2026hitl_7100] unknown packet ID 0x33; discarded 1 byte(s)
[00:51:28.044] BAD_PACKET[TCP_prs2026hitl_7100] unknown packet ID 0x30; discarded 1 byte(s)
[00:51:28.045] BAD_PACKET[TCP_prs2026hitl_7100] unknown packet ID 0x36; discarded 1 byte(s)
[00:51:28.045] BAD_PACKET[TCP_prs2026hitl_7100] unknown packet ID 0x29; discarded 1 byte(s)
[00:51:28.045] BAD_PACKET[TCP_prs2026hitl_7100] unknown packet ID 0x20; discarded 1 byte(s)
[00:51:28.045] BAD_PACKET[TCP_prs2026hitl_7100] unknown packet ID 0x61; discarded 1 byte(s)
[00:51:28.046] BAD_PACKET[TCP_prs2026hitl_7100] unknown packet ID 0x70; discarded 1 byte(s)
[00:51:28.046] BAD_PACKET[TCP_prs2026hitl_7100] unknown packet ID 0x65; discarded 1 byte(s)
[00:51:28.046] BAD_PACKET[TCP_prs2026hitl_7100] unknown packet ID 0x72; discarded 1 byte(s)
[00:51:28.047] BAD_PACKET[TCP_prs2026hitl_7100] unknown packet ID 0x74; discarded 1 byte(s)
[00:51:28.047] BAD_PACKET[TCP_prs2026hitl_7100] unknown packet ID 0x75; discarded 1 byte(s)
[00:51:28.047] BAD_PACKET[TCP_prs2026hitl_7100] unknown packet ID 0x72; discarded 1 byte(s)
[00:51:28.048] BAD_PACKET[TCP_prs2026hitl_7100] unknown packet ID 0x65; discarded 1 byte(s)
[00:51:28.048] BAD_PACKET[TCP_prs2026hitl_7100] unknown packet ID 0x3a; discarded 1 byte(s)
[00:51:28.048] BAD_PACKET[TCP_prs2026hitl_7100] unknown packet ID 0x20; discarded 1 byte(s)
[00:51:28.048] BAD_PACKET[TCP_prs2026hitl_7100] unknown packet ID 0x53; discarded 1 byte(s)
[00:51:28.049] BAD_PACKET[TCP_prs2026hitl_7100] unknown packet ID 0x65; discarded 1 byte(s)
[00:51:28.049] BAD_PACKET[TCP_prs2026hitl_7100] unknown packet ID 0x6e; discarded 1 byte(s)
[00:51:28.049] BAD_PACKET[TCP_prs2026hitl_7100] unknown packet ID 0x64; discarded 1 byte(s)
[00:51:28.050] BAD_PACKET[TCP_prs2026hitl_7100] unknown packet ID 0x69; discarded 1 byte(s)
[00:51:28.051] BAD_PACKET[TCP_prs2026hitl_7100] unknown packet ID 0x6e; discarded 1 byte(s)
[00:51:28.051] BAD_PACKET[TCP_prs2026hitl_7100] unknown packet ID 0x67; discarded 1 byte(s)
[00:51:28.051] BAD_PACKET[TCP_prs2026hitl_7100] unknown packet ID 0x20; discarded 1 byte(s)
[00:51:28.051] BAD_PACKET[TCP_prs2026hitl_7100] unknown packet ID 0x68; discarded 1 byte(s)
[00:51:28.052] BAD_PACKET[TCP_prs2026hitl_7100] unknown packet ID 0x65; discarded 1 byte(s)
[00:51:28.052] BAD_PACKET[TCP_prs2026hitl_7100] unknown packet ID 0x61; discarded 1 byte(s)
[00:51:28.052] BAD_PACKET[TCP_prs2026hitl_7100] unknown packet ID 0x72; discarded 1 byte(s)
[00:51:28.053] BAD_PACKET[TCP_prs2026hitl_7100] unknown packet ID 0x74; discarded 1 byte(s)
[00:51:28.053] BAD_PACKET[TCP_prs2026hitl_7100] unknown packet ID 0x62; discarded 1 byte(s)
[00:51:28.053] BAD_PACKET[TCP_prs2026hitl_7100] unknown packet ID 0x65; discarded 1 byte(s)
[00:51:28.054] BAD_PACKET[TCP_prs2026hitl_7100] unknown packet ID 0x61; discarded 1 byte(s)
[00:51:28.054] BAD_PACKET[TCP_prs2026hitl_7100] unknown packet ID 0x74; discarded 1 byte(s)
[00:51:28.054] BAD_PACKET[TCP_prs2026hitl_7100] unknown packet ID 0x20; discarded 1 byte(s)
[00:51:28.055] BAD_PACKET[TCP_prs2026hitl_7100] unknown packet ID 0x28; discarded 1 byte(s)
[00:51:28.055] BAD_PACKET[TCP_prs2026hitl_7100] unknown packet ID 0x38; discarded 1 byte(s)
[00:51:28.055] BAD_PACKET[TCP_prs2026hitl_7100] unknown packet ID 0x20; discarded 1 byte(s)
[00:51:28.055] BAD_PACKET[TCP_prs2026hitl_7100] unknown packet ID 0x62; discarded 1 byte(s)
[00:51:28.056] BAD_PACKET[TCP_prs2026hitl_7100] unknown packet ID 0x79; discarded 1 byte(s)
[00:51:28.056] BAD_PACKET[TCP_prs2026hitl_7100] unknown packet ID 0x74; discarded 1 byte(s)
[00:51:28.056] BAD_PACKET[TCP_prs2026hitl_7100] unknown packet ID 0x65; discarded 1 byte(s)
[00:51:28.057] BAD_PACKET[TCP_prs2026hitl_7100] unknown packet ID 0x73; discarded 1 byte(s)
[00:51:28.057] BAD_PACKET[TCP_prs2026hitl_7100] unknown packet ID 0x29; discarded 1 byte(s)
[00:51:28.057] BAD_PACKET[TCP_prs2026hitl_7100] unknown packet ID 0x0d; discarded 1 byte(s)
[00:51:28.058] BAD_PACKET[TCP_prs2026hitl_7100] unknown packet ID 0x0a; discarded 1 byte(s)
[00:51:28.109] RX[TCP_prs2026hitl_7100]  49 20 28 32 32 36 36 33 34 36 29 20 61 70 65 72 74 75 72 65 3a 20 48 65 61 72 74 62 65 61 74 20 73 65 6e 74 0d 0a
[00:51:28.110] BAD_PACKET[TCP_prs2026hitl_7100] unknown packet ID 0x49; discarded 1 byte(s)
[00:51:28.110] BAD_PACKET[TCP_prs2026hitl_7100] unknown packet ID 0x20; discarded 1 byte(s)
[00:51:28.111] BAD_PACKET[TCP_prs2026hitl_7100] unknown packet ID 0x28; discarded 1 byte(s)
[00:51:28.111] BAD_PACKET[TCP_prs2026hitl_7100] unknown packet ID 0x32; discarded 1 byte(s)
[00:51:28.111] BAD_PACKET[TCP_prs2026hitl_7100] unknown packet ID 0x32; discarded 1 byte(s)
[00:51:28.112] BAD_PACKET[TCP_prs2026hitl_7100] unknown packet ID 0x36; discarded 1 byte(s)
[00:51:28.112] BAD_PACKET[TCP_prs2026hitl_7100] unknown packet ID 0x36; discarded 1 byte(s)
[00:51:28.112] BAD_PACKET[TCP_prs2026hitl_7100] unknown packet ID 0x33; discarded 1 byte(s)
[00:51:28.113] BAD_PACKET[TCP_prs2026hitl_7100] unknown packet ID 0x34; discarded 1 byte(s)
[00:51:28.113] BAD_PACKET[TCP_prs2026hitl_7100] unknown packet ID 0x36; discarded 1 byte(s)
[00:51:28.113] BAD_PACKET[TCP_prs2026hitl_7100] unknown packet ID 0x29; discarded 1 byte(s)
[00:51:28.113] BAD_PACKET[TCP_prs2026hitl_7100] unknown packet ID 0x20; discarded 1 byte(s)
[00:51:28.114] BAD_PACKET[TCP_prs2026hitl_7100] unknown packet ID 0x61; discarded 1 byte(s)
[00:51:28.114] BAD_PACKET[TCP_prs2026hitl_7100] unknown packet ID 0x70; discarded 1 byte(s)
[00:51:28.114] BAD_PACKET[TCP_prs2026hitl_7100] unknown packet ID 0x65; discarded 1 byte(s)
[00:51:28.116] BAD_PACKET[TCP_prs2026hitl_7100] unknown packet ID 0x72; discarded 1 byte(s)
[00:51:28.117] BAD_PACKET[TCP_prs2026hitl_7100] unknown packet ID 0x74; discarded 1 byte(s)
[00:51:28.117] BAD_PACKET[TCP_prs2026hitl_7100] unknown packet ID 0x75; discarded 1 byte(s)
[00:51:28.117] BAD_PACKET[TCP_prs2026hitl_7100] unknown packet ID 0x72; discarded 1 byte(s)
[00:51:28.117] BAD_PACKET[TCP_prs2026hitl_7100] unknown packet ID 0x65; discarded 1 byte(s)
[00:51:28.118] BAD_PACKET[TCP_prs2026hitl_7100] unknown packet ID 0x3a; discarded 1 byte(s)
[00:51:28.118] BAD_PACKET[TCP_prs2026hitl_7100] unknown packet ID 0x20; discarded 1 byte(s)
[00:51:28.119] BAD_PACKET[TCP_prs2026hitl_7100] unknown packet ID 0x48; discarded 1 byte(s)
[00:51:28.119] BAD_PACKET[TCP_prs2026hitl_7100] unknown packet ID 0x65; discarded 1 byte(s)
[00:51:28.119] BAD_PACKET[TCP_prs2026hitl_7100] unknown packet ID 0x61; discarded 1 byte(s)
[00:51:28.120] BAD_PACKET[TCP_prs2026hitl_7100] unknown packet ID 0x72; discarded 1 byte(s)
[00:51:28.120] BAD_PACKET[TCP_prs2026hitl_7100] unknown packet ID 0x74; discarded 1 byte(s)
[00:51:28.120] BAD_PACKET[TCP_prs2026hitl_7100] unknown packet ID 0x62; discarded 1 byte(s)
[00:51:28.121] BAD_PACKET[TCP_prs2026hitl_7100] unknown packet ID 0x65; discarded 1 byte(s)
[00:51:28.121] BAD_PACKET[TCP_prs2026hitl_7100] unknown packet ID 0x61; discarded 1 byte(s)
[00:51:28.121] BAD_PACKET[TCP_prs2026hitl_7100] unknown packet ID 0x74; discarded 1 byte(s)
[00:51:28.121] BAD_PACKET[TCP_prs2026hitl_7100] unknown packet ID 0x20; discarded 1 byte(s)
[00:51:28.122] BAD_PACKET[TCP_prs2026hitl_7100] unknown packet ID 0x73; discarded 1 byte(s)
[00:51:28.122] BAD_PACKET[TCP_prs2026hitl_7100] unknown packet ID 0x65; discarded 1 byte(s)
[00:51:28.122] BAD_PACKET[TCP_prs2026hitl_7100] unknown packet ID 0x6e; discarded 1 byte(s)
[00:51:28.123] BAD_PACKET[TCP_prs2026hitl_7100] unknown packet ID 0x74; discarded 1 byte(s)
[00:51:28.123] BAD_PACKET[TCP_prs2026hitl_7100] unknown packet ID 0x0d; discarded 1 byte(s)
[00:51:28.123] BAD_PACKET[TCP_prs2026hitl_7100] unknown packet ID 0x0a; discarded 1 byte(s)
[00:51:28.994] RX[COM21]  03
[00:51:28.995] RX[COM21]  00 00 00 00 00 00 00 00 00 00 6d 9f 00 00 00 14 40 0a
[00:51:28.996] PACKET[COM21] camera: fc_status=0, fc_uptime=0, status=0, uptime=28063, current_sense=[0.0, 0.0, 0.0], iris_battery_voltage=5.184
[00:51:29.053] RX[TCP_prs2026hitl_7100]  49 20 28 32 32 36 37 33 30 36 29 20 61 70 65 72 74 75 72 65 3a 20 53 65 6e 64 69 6e 67 20 68 65 61 72 74 62 65 61 74 20 28 38 20 62 79 74 65 73 29 0d 0a
[00:51:29.053] BAD_PACKET[TCP_prs2026hitl_7100] unknown packet ID 0x49; discarded 1 byte(s)
[00:51:29.054] BAD_PACKET[TCP_prs2026hitl_7100] unknown packet ID 0x20; discarded 1 byte(s)
[00:51:29.054] BAD_PACKET[TCP_prs2026hitl_7100] unknown packet ID 0x28; discarded 1 byte(s)
[00:51:29.054] BAD_PACKET[TCP_prs2026hitl_7100] unknown packet ID 0x32; discarded 1 byte(s)
[00:51:29.055] BAD_PACKET[TCP_prs2026hitl_7100] unknown packet ID 0x32; discarded 1 byte(s)
[00:51:29.055] BAD_PACKET[TCP_prs2026hitl_7100] unknown packet ID 0x36; discarded 1 byte(s)
[00:51:29.055] BAD_PACKET[TCP_prs2026hitl_7100] unknown packet ID 0x37; discarded 1 byte(s)
[00:51:29.056] BAD_PACKET[TCP_prs2026hitl_7100] unknown packet ID 0x33; discarded 1 byte(s)
[00:51:29.056] BAD_PACKET[TCP_prs2026hitl_7100] unknown packet ID 0x30; discarded 1 byte(s)
[00:51:29.056] BAD_PACKET[TCP_prs2026hitl_7100] unknown packet ID 0x36; discarded 1 byte(s)
[00:51:29.056] BAD_PACKET[TCP_prs2026hitl_7100] unknown packet ID 0x29; discarded 1 byte(s)
[00:51:29.057] BAD_PACKET[TCP_prs2026hitl_7100] unknown packet ID 0x20; discarded 1 byte(s)
[00:51:29.057] BAD_PACKET[TCP_prs2026hitl_7100] unknown packet ID 0x61; discarded 1 byte(s)
[00:51:29.057] BAD_PACKET[TCP_prs2026hitl_7100] unknown packet ID 0x70; discarded 1 byte(s)
[00:51:29.058] BAD_PACKET[TCP_prs2026hitl_7100] unknown packet ID 0x65; discarded 1 byte(s)
[00:51:29.058] BAD_PACKET[TCP_prs2026hitl_7100] unknown packet ID 0x72; discarded 1 byte(s)
[00:51:29.059] BAD_PACKET[TCP_prs2026hitl_7100] unknown packet ID 0x74; discarded 1 byte(s)
[00:51:29.059] BAD_PACKET[TCP_prs2026hitl_7100] unknown packet ID 0x75; discarded 1 byte(s)
[00:51:29.059] BAD_PACKET[TCP_prs2026hitl_7100] unknown packet ID 0x72; discarded 1 byte(s)
[00:51:29.060] BAD_PACKET[TCP_prs2026hitl_7100] unknown packet ID 0x65; discarded 1 byte(s)
[00:51:29.060] BAD_PACKET[TCP_prs2026hitl_7100] unknown packet ID 0x3a; discarded 1 byte(s)
[00:51:29.060] BAD_PACKET[TCP_prs2026hitl_7100] unknown packet ID 0x20; discarded 1 byte(s)
[00:51:29.061] BAD_PACKET[TCP_prs2026hitl_7100] unknown packet ID 0x53; discarded 1 byte(s)
[00:51:29.061] BAD_PACKET[TCP_prs2026hitl_7100] unknown packet ID 0x65; discarded 1 byte(s)
[00:51:29.061] BAD_PACKET[TCP_prs2026hitl_7100] unknown packet ID 0x6e; discarded 1 byte(s)
[00:51:29.062] BAD_PACKET[TCP_prs2026hitl_7100] unknown packet ID 0x64; discarded 1 byte(s)
[00:51:29.062] BAD_PACKET[TCP_prs2026hitl_7100] unknown packet ID 0x69; discarded 1 byte(s)
[00:51:29.062] BAD_PACKET[TCP_prs2026hitl_7100] unknown packet ID 0x6e; discarded 1 byte(s)
[00:51:29.062] BAD_PACKET[TCP_prs2026hitl_7100] unknown packet ID 0x67; discarded 1 byte(s)
[00:51:29.063] BAD_PACKET[TCP_prs2026hitl_7100] unknown packet ID 0x20; discarded 1 byte(s)
[00:51:29.063] BAD_PACKET[TCP_prs2026hitl_7100] unknown packet ID 0x68; discarded 1 byte(s)
[00:51:29.063] BAD_PACKET[TCP_prs2026hitl_7100] unknown packet ID 0x65; discarded 1 byte(s)
[00:51:29.064] BAD_PACKET[TCP_prs2026hitl_7100] unknown packet ID 0x61; discarded 1 byte(s)
[00:51:29.064] BAD_PACKET[TCP_prs2026hitl_7100] unknown packet ID 0x72; discarded 1 byte(s)
[00:51:29.064] BAD_PACKET[TCP_prs2026hitl_7100] unknown packet ID 0x74; discarded 1 byte(s)
[00:51:29.065] BAD_PACKET[TCP_prs2026hitl_7100] unknown packet ID 0x62; discarded 1 byte(s)
[00:51:29.065] BAD_PACKET[TCP_prs2026hitl_7100] unknown packet ID 0x65; discarded 1 byte(s)
[00:51:29.065] BAD_PACKET[TCP_prs2026hitl_7100] unknown packet ID 0x61; discarded 1 byte(s)
[00:51:29.066] BAD_PACKET[TCP_prs2026hitl_7100] unknown packet ID 0x74; discarded 1 byte(s)
[00:51:29.066] BAD_PACKET[TCP_prs2026hitl_7100] unknown packet ID 0x20; discarded 1 byte(s)
[00:51:29.066] BAD_PACKET[TCP_prs2026hitl_7100] unknown packet ID 0x28; discarded 1 byte(s)
[00:51:29.067] BAD_PACKET[TCP_prs2026hitl_7100] unknown packet ID 0x38; discarded 1 byte(s)
[00:51:29.067] BAD_PACKET[TCP_prs2026hitl_7100] unknown packet ID 0x20; discarded 1 byte(s)
[00:51:29.068] BAD_PACKET[TCP_prs2026hitl_7100] unknown packet ID 0x62; discarded 1 byte(s)
[00:51:29.068] BAD_PACKET[TCP_prs2026hitl_7100] unknown packet ID 0x79; discarded 1 byte(s)
[00:51:29.068] BAD_PACKET[TCP_prs2026hitl_7100] unknown packet ID 0x74; discarded 1 byte(s)
[00:51:29.069] BAD_PACKET[TCP_prs2026hitl_7100] unknown packet ID 0x65; discarded 1 byte(s)
[00:51:29.069] BAD_PACKET[TCP_prs2026hitl_7100] unknown packet ID 0x73; discarded 1 byte(s)
[00:51:29.069] BAD_PACKET[TCP_prs2026hitl_7100] unknown packet ID 0x29; discarded 1 byte(s)
[00:51:29.069] BAD_PACKET[TCP_prs2026hitl_7100] unknown packet ID 0x0d; discarded 1 byte(s)
[00:51:29.070] BAD_PACKET[TCP_prs2026hitl_7100] unknown packet ID 0x0a; discarded 1 byte(s)
[00:51:29.123] RX[TCP_prs2026hitl_7100]  49 20 28 32 32 36 37 33 34 36 29 20 61 70 65 72 74 75 72 65 3a 20 48 65 61 72 74 62 65 61 74 20 73 65 6e 74 0d 0a
[00:51:29.123] BAD_PACKET[TCP_prs2026hitl_7100] unknown packet ID 0x49; discarded 1 byte(s)
[00:51:29.123] BAD_PACKET[TCP_prs2026hitl_7100] unknown packet ID 0x20; discarded 1 byte(s)
[00:51:29.124] BAD_PACKET[TCP_prs2026hitl_7100] unknown packet ID 0x28; discarded 1 byte(s)
[00:51:29.124] BAD_PACKET[TCP_prs2026hitl_7100] unknown packet ID 0x32; discarded 1 byte(s)
[00:51:29.124] BAD_PACKET[TCP_prs2026hitl_7100] unknown packet ID 0x32; discarded 1 byte(s)
[00:51:29.125] BAD_PACKET[TCP_prs2026hitl_7100] unknown packet ID 0x36; discarded 1 byte(s)
[00:51:29.125] BAD_PACKET[TCP_prs2026hitl_7100] unknown packet ID 0x37; discarded 1 byte(s)
[00:51:29.126] BAD_PACKET[TCP_prs2026hitl_7100] unknown packet ID 0x33; discarded 1 byte(s)
[00:51:29.126] BAD_PACKET[TCP_prs2026hitl_7100] unknown packet ID 0x34; discarded 1 byte(s)
[00:51:29.126] BAD_PACKET[TCP_prs2026hitl_7100] unknown packet ID 0x36; discarded 1 byte(s)
[00:51:29.127] BAD_PACKET[TCP_prs2026hitl_7100] unknown packet ID 0x29; discarded 1 byte(s)
[00:51:29.127] BAD_PACKET[TCP_prs2026hitl_7100] unknown packet ID 0x20; discarded 1 byte(s)
[00:51:29.127] BAD_PACKET[TCP_prs2026hitl_7100] unknown packet ID 0x61; discarded 1 byte(s)
[00:51:29.128] BAD_PACKET[TCP_prs2026hitl_7100] unknown packet ID 0x70; discarded 1 byte(s)
[00:51:29.128] BAD_PACKET[TCP_prs2026hitl_7100] unknown packet ID 0x65; discarded 1 byte(s)
[00:51:29.128] BAD_PACKET[TCP_prs2026hitl_7100] unknown packet ID 0x72; discarded 1 byte(s)
[00:51:29.128] BAD_PACKET[TCP_prs2026hitl_7100] unknown packet ID 0x74; discarded 1 byte(s)
[00:51:29.129] BAD_PACKET[TCP_prs2026hitl_7100] unknown packet ID 0x75; discarded 1 byte(s)
[00:51:29.129] BAD_PACKET[TCP_prs2026hitl_7100] unknown packet ID 0x72; discarded 1 byte(s)
[00:51:29.129] BAD_PACKET[TCP_prs2026hitl_7100] unknown packet ID 0x65; discarded 1 byte(s)
[00:51:29.130] BAD_PACKET[TCP_prs2026hitl_7100] unknown packet ID 0x3a; discarded 1 byte(s)
[00:51:29.130] BAD_PACKET[TCP_prs2026hitl_7100] unknown packet ID 0x20; discarded 1 byte(s)
[00:51:29.130] BAD_PACKET[TCP_prs2026hitl_7100] unknown packet ID 0x48; discarded 1 byte(s)
[00:51:29.131] BAD_PACKET[TCP_prs2026hitl_7100] unknown packet ID 0x65; discarded 1 byte(s)
[00:51:29.131] BAD_PACKET[TCP_prs2026hitl_7100] unknown packet ID 0x61; discarded 1 byte(s)
[00:51:29.132] BAD_PACKET[TCP_prs2026hitl_7100] unknown packet ID 0x72; discarded 1 byte(s)
[00:51:29.132] BAD_PACKET[TCP_prs2026hitl_7100] unknown packet ID 0x74; discarded 1 byte(s)
[00:51:29.133] BAD_PACKET[TCP_prs2026hitl_7100] unknown packet ID 0x62; discarded 1 byte(s)
[00:51:29.133] BAD_PACKET[TCP_prs2026hitl_7100] unknown packet ID 0x65; discarded 1 byte(s)
[00:51:29.134] BAD_PACKET[TCP_prs2026hitl_7100] unknown packet ID 0x61; discarded 1 byte(s)
[00:51:29.134] BAD_PACKET[TCP_prs2026hitl_7100] unknown packet ID 0x74; discarded 1 byte(s)
[00:51:29.134] BAD_PACKET[TCP_prs2026hitl_7100] unknown packet ID 0x20; discarded 1 byte(s)
[00:51:29.134] BAD_PACKET[TCP_prs2026hitl_7100] unknown packet ID 0x73; discarded 1 byte(s)
[00:51:29.135] BAD_PACKET[TCP_prs2026hitl_7100] unknown packet ID 0x65; discarded 1 byte(s)
[00:51:29.135] BAD_PACKET[TCP_prs2026hitl_7100] unknown packet ID 0x6e; discarded 1 byte(s)
[00:51:29.135] BAD_PACKET[TCP_prs2026hitl_7100] unknown packet ID 0x74; discarded 1 byte(s)
[00:51:29.136] BAD_PACKET[TCP_prs2026hitl_7100] unknown packet ID 0x0d; discarded 1 byte(s)
[00:51:29.136] BAD_PACKET[TCP_prs2026hitl_7100] unknown packet ID 0x0a; discarded 1 byte(s)
[00:51:30.009] RX[COM21]  03
[00:51:30.012] RX[COM21]  00 00 00 00 00 00 00 00 00 00 71 87 00 00 00 14 40 0a
[00:51:30.013] PACKET[COM21] camera: fc_status=0, fc_uptime=0, status=0, uptime=29063, current_sense=[0.0, 0.0, 0.0], iris_battery_voltage=5.184
[00:51:30.070] RX[TCP_prs2026hitl_7100]  49 20 28 32 32 36 38 33 30 36 29 20 61 70 65 72 74 75 72 65 3a 20 53 65 6e 64 69 6e 67 20 68 65 61 72 74 62 65 61 74 20 28 38 20 62 79 74 65 73 29 0d 0a
[00:51:30.072] BAD_PACKET[TCP_prs2026hitl_7100] unknown packet ID 0x49; discarded 1 byte(s)
[00:51:30.072] BAD_PACKET[TCP_prs2026hitl_7100] unknown packet ID 0x20; discarded 1 byte(s)
[00:51:30.072] BAD_PACKET[TCP_prs2026hitl_7100] unknown packet ID 0x28; discarded 1 byte(s)
[00:51:30.072] BAD_PACKET[TCP_prs2026hitl_7100] unknown packet ID 0x32; discarded 1 byte(s)
[00:51:30.073] BAD_PACKET[TCP_prs2026hitl_7100] unknown packet ID 0x32; discarded 1 byte(s)
[00:51:30.073] BAD_PACKET[TCP_prs2026hitl_7100] unknown packet ID 0x36; discarded 1 byte(s)
[00:51:30.073] BAD_PACKET[TCP_prs2026hitl_7100] unknown packet ID 0x38; discarded 1 byte(s)
[00:51:30.074] BAD_PACKET[TCP_prs2026hitl_7100] unknown packet ID 0x33; discarded 1 byte(s)
[00:51:30.074] BAD_PACKET[TCP_prs2026hitl_7100] unknown packet ID 0x30; discarded 1 byte(s)
[00:51:30.074] BAD_PACKET[TCP_prs2026hitl_7100] unknown packet ID 0x36; discarded 1 byte(s)
[00:51:30.075] BAD_PACKET[TCP_prs2026hitl_7100] unknown packet ID 0x29; discarded 1 byte(s)
[00:51:30.075] BAD_PACKET[TCP_prs2026hitl_7100] unknown packet ID 0x20; discarded 1 byte(s)
[00:51:30.075] BAD_PACKET[TCP_prs2026hitl_7100] unknown packet ID 0x61; discarded 1 byte(s)
[00:51:30.076] BAD_PACKET[TCP_prs2026hitl_7100] unknown packet ID 0x70; discarded 1 byte(s)
[00:51:30.076] BAD_PACKET[TCP_prs2026hitl_7100] unknown packet ID 0x65; discarded 1 byte(s)
[00:51:30.076] BAD_PACKET[TCP_prs2026hitl_7100] unknown packet ID 0x72; discarded 1 byte(s)
[00:51:30.077] BAD_PACKET[TCP_prs2026hitl_7100] unknown packet ID 0x74; discarded 1 byte(s)
[00:51:30.077] BAD_PACKET[TCP_prs2026hitl_7100] unknown packet ID 0x75; discarded 1 byte(s)
[00:51:30.078] BAD_PACKET[TCP_prs2026hitl_7100] unknown packet ID 0x72; discarded 1 byte(s)
[00:51:30.078] BAD_PACKET[TCP_prs2026hitl_7100] unknown packet ID 0x65; discarded 1 byte(s)
[00:51:30.078] BAD_PACKET[TCP_prs2026hitl_7100] unknown packet ID 0x3a; discarded 1 byte(s)
[00:51:30.079] BAD_PACKET[TCP_prs2026hitl_7100] unknown packet ID 0x20; discarded 1 byte(s)
[00:51:30.079] BAD_PACKET[TCP_prs2026hitl_7100] unknown packet ID 0x53; discarded 1 byte(s)
[00:51:30.079] BAD_PACKET[TCP_prs2026hitl_7100] unknown packet ID 0x65; discarded 1 byte(s)
[00:51:30.079] BAD_PACKET[TCP_prs2026hitl_7100] unknown packet ID 0x6e; discarded 1 byte(s)
[00:51:30.080] BAD_PACKET[TCP_prs2026hitl_7100] unknown packet ID 0x64; discarded 1 byte(s)
[00:51:30.080] BAD_PACKET[TCP_prs2026hitl_7100] unknown packet ID 0x69; discarded 1 byte(s)
[00:51:30.080] BAD_PACKET[TCP_prs2026hitl_7100] unknown packet ID 0x6e; discarded 1 byte(s)
[00:51:30.081] BAD_PACKET[TCP_prs2026hitl_7100] unknown packet ID 0x67; discarded 1 byte(s)
[00:51:30.081] BAD_PACKET[TCP_prs2026hitl_7100] unknown packet ID 0x20; discarded 1 byte(s)
[00:51:30.082] BAD_PACKET[TCP_prs2026hitl_7100] unknown packet ID 0x68; discarded 1 byte(s)
[00:51:30.082] BAD_PACKET[TCP_prs2026hitl_7100] unknown packet ID 0x65; discarded 1 byte(s)
[00:51:30.083] BAD_PACKET[TCP_prs2026hitl_7100] unknown packet ID 0x61; discarded 1 byte(s)
[00:51:30.083] BAD_PACKET[TCP_prs2026hitl_7100] unknown packet ID 0x72; discarded 1 byte(s)
[00:51:30.084] BAD_PACKET[TCP_prs2026hitl_7100] unknown packet ID 0x74; discarded 1 byte(s)
[00:51:30.084] BAD_PACKET[TCP_prs2026hitl_7100] unknown packet ID 0x62; discarded 1 byte(s)
[00:51:30.084] BAD_PACKET[TCP_prs2026hitl_7100] unknown packet ID 0x65; discarded 1 byte(s)
[00:51:30.085] BAD_PACKET[TCP_prs2026hitl_7100] unknown packet ID 0x61; discarded 1 byte(s)
[00:51:30.085] BAD_PACKET[TCP_prs2026hitl_7100] unknown packet ID 0x74; discarded 1 byte(s)
[00:51:30.086] BAD_PACKET[TCP_prs2026hitl_7100] unknown packet ID 0x20; discarded 1 byte(s)
[00:51:30.087] BAD_PACKET[TCP_prs2026hitl_7100] unknown packet ID 0x28; discarded 1 byte(s)
[00:51:30.087] BAD_PACKET[TCP_prs2026hitl_7100] unknown packet ID 0x38; discarded 1 byte(s)
[00:51:30.087] BAD_PACKET[TCP_prs2026hitl_7100] unknown packet ID 0x20; discarded 1 byte(s)
[00:51:30.088] BAD_PACKET[TCP_prs2026hitl_7100] unknown packet ID 0x62; discarded 1 byte(s)
[00:51:30.088] BAD_PACKET[TCP_prs2026hitl_7100] unknown packet ID 0x79; discarded 1 byte(s)
[00:51:30.088] BAD_PACKET[TCP_prs2026hitl_7100] unknown packet ID 0x74; discarded 1 byte(s)
[00:51:30.089] BAD_PACKET[TCP_prs2026hitl_7100] unknown packet ID 0x65; discarded 1 byte(s)
[00:51:30.089] BAD_PACKET[TCP_prs2026hitl_7100] unknown packet ID 0x73; discarded 1 byte(s)
[00:51:30.089] BAD_PACKET[TCP_prs2026hitl_7100] unknown packet ID 0x29; discarded 1 byte(s)
[00:51:30.090] BAD_PACKET[TCP_prs2026hitl_7100] unknown packet ID 0x0d; discarded 1 byte(s)
[00:51:30.090] BAD_PACKET[TCP_prs2026hitl_7100] unknown packet ID 0x0a; discarded 1 byte(s)
[00:51:30.148] RX[TCP_prs2026hitl_7100]  49 20 28 32 32 36 38 33 34 36 29 20 61 70 65 72 74 75 72 65 3a 20 48 65 61 72 74 62 65 61 74 20 73 65 6e 74 0d 0a
[00:51:30.149] BAD_PACKET[TCP_prs2026hitl_7100] unknown packet ID 0x49; discarded 1 byte(s)
[00:51:30.149] BAD_PACKET[TCP_prs2026hitl_7100] unknown packet ID 0x20; discarded 1 byte(s)
[00:51:30.150] BAD_PACKET[TCP_prs2026hitl_7100] unknown packet ID 0x28; discarded 1 byte(s)
[00:51:30.150] BAD_PACKET[TCP_prs2026hitl_7100] unknown packet ID 0x32; discarded 1 byte(s)
[00:51:30.151] BAD_PACKET[TCP_prs2026hitl_7100] unknown packet ID 0x32; discarded 1 byte(s)
[00:51:30.151] BAD_PACKET[TCP_prs2026hitl_7100] unknown packet ID 0x36; discarded 1 byte(s)
[00:51:30.151] BAD_PACKET[TCP_prs2026hitl_7100] unknown packet ID 0x38; discarded 1 byte(s)
[00:51:30.152] BAD_PACKET[TCP_prs2026hitl_7100] unknown packet ID 0x33; discarded 1 byte(s)
[00:51:30.153] BAD_PACKET[TCP_prs2026hitl_7100] unknown packet ID 0x34; discarded 1 byte(s)
[00:51:30.153] BAD_PACKET[TCP_prs2026hitl_7100] unknown packet ID 0x36; discarded 1 byte(s)
[00:51:30.153] BAD_PACKET[TCP_prs2026hitl_7100] unknown packet ID 0x29; discarded 1 byte(s)
[00:51:30.154] BAD_PACKET[TCP_prs2026hitl_7100] unknown packet ID 0x20; discarded 1 byte(s)
[00:51:30.154] BAD_PACKET[TCP_prs2026hitl_7100] unknown packet ID 0x61; discarded 1 byte(s)
[00:51:30.154] BAD_PACKET[TCP_prs2026hitl_7100] unknown packet ID 0x70; discarded 1 byte(s)
[00:51:30.154] BAD_PACKET[TCP_prs2026hitl_7100] unknown packet ID 0x65; discarded 1 byte(s)
[00:51:30.155] BAD_PACKET[TCP_prs2026hitl_7100] unknown packet ID 0x72; discarded 1 byte(s)
[00:51:30.155] BAD_PACKET[TCP_prs2026hitl_7100] unknown packet ID 0x74; discarded 1 byte(s)
[00:51:30.155] BAD_PACKET[TCP_prs2026hitl_7100] unknown packet ID 0x75; discarded 1 byte(s)
[00:51:30.156] BAD_PACKET[TCP_prs2026hitl_7100] unknown packet ID 0x72; discarded 1 byte(s)
[00:51:30.156] BAD_PACKET[TCP_prs2026hitl_7100] unknown packet ID 0x65; discarded 1 byte(s)
[00:51:30.156] BAD_PACKET[TCP_prs2026hitl_7100] unknown packet ID 0x3a; discarded 1 byte(s)
[00:51:30.157] BAD_PACKET[TCP_prs2026hitl_7100] unknown packet ID 0x20; discarded 1 byte(s)
[00:51:30.157] BAD_PACKET[TCP_prs2026hitl_7100] unknown packet ID 0x48; discarded 1 byte(s)
[00:51:30.157] BAD_PACKET[TCP_prs2026hitl_7100] unknown packet ID 0x65; discarded 1 byte(s)
[00:51:30.158] BAD_PACKET[TCP_prs2026hitl_7100] unknown packet ID 0x61; discarded 1 byte(s)
[00:51:30.158] BAD_PACKET[TCP_prs2026hitl_7100] unknown packet ID 0x72; discarded 1 byte(s)
[00:51:30.159] BAD_PACKET[TCP_prs2026hitl_7100] unknown packet ID 0x74; discarded 1 byte(s)
[00:51:30.159] BAD_PACKET[TCP_prs2026hitl_7100] unknown packet ID 0x62; discarded 1 byte(s)
[00:51:30.159] BAD_PACKET[TCP_prs2026hitl_7100] unknown packet ID 0x65; discarded 1 byte(s)
[00:51:30.160] BAD_PACKET[TCP_prs2026hitl_7100] unknown packet ID 0x61; discarded 1 byte(s)
[00:51:30.160] BAD_PACKET[TCP_prs2026hitl_7100] unknown packet ID 0x74; discarded 1 byte(s)
[00:51:30.160] BAD_PACKET[TCP_prs2026hitl_7100] unknown packet ID 0x20; discarded 1 byte(s)
[00:51:30.161] BAD_PACKET[TCP_prs2026hitl_7100] unknown packet ID 0x73; discarded 1 byte(s)
[00:51:30.161] BAD_PACKET[TCP_prs2026hitl_7100] unknown packet ID 0x65; discarded 1 byte(s)
[00:51:30.161] BAD_PACKET[TCP_prs2026hitl_7100] unknown packet ID 0x6e; discarded 1 byte(s)
[00:51:30.161] BAD_PACKET[TCP_prs2026hitl_7100] unknown packet ID 0x74; discarded 1 byte(s)
[00:51:30.162] BAD_PACKET[TCP_prs2026hitl_7100] unknown packet ID 0x0d; discarded 1 byte(s)
[00:51:30.162] BAD_PACKET[TCP_prs2026hitl_7100] unknown packet ID 0x0a; discarded 1 byte(s)
[00:51:30.967] RX[COM21]  03
[00:51:30.968] RX[COM21]  00 00 00 00 00 00 00 00 00 00 75 6f 00 00 00 14 40 0a
[00:51:30.969] PACKET[COM21] camera: fc_status=0, fc_uptime=0, status=0, uptime=30063, current_sense=[0.0, 0.0, 0.0], iris_battery_voltage=5.184
[00:51:31.078] RX[TCP_prs2026hitl_7100]  49 20 28 32 32 36 39 33 30 36 29 20 61 70 65 72 74 75 72 65 3a 20 53 65 6e 64 69 6e 67 20 68 65 61 72 74 62 65 61 74 20 28 38 20 62 79 74 65 73 29 0d 0a
[00:51:31.079] BAD_PACKET[TCP_prs2026hitl_7100] unknown packet ID 0x49; discarded 1 byte(s)
[00:51:31.079] BAD_PACKET[TCP_prs2026hitl_7100] unknown packet ID 0x20; discarded 1 byte(s)
[00:51:31.079] BAD_PACKET[TCP_prs2026hitl_7100] unknown packet ID 0x28; discarded 1 byte(s)
[00:51:31.080] BAD_PACKET[TCP_prs2026hitl_7100] unknown packet ID 0x32; discarded 1 byte(s)
[00:51:31.080] BAD_PACKET[TCP_prs2026hitl_7100] unknown packet ID 0x32; discarded 1 byte(s)
[00:51:31.080] BAD_PACKET[TCP_prs2026hitl_7100] unknown packet ID 0x36; discarded 1 byte(s)
[00:51:31.081] BAD_PACKET[TCP_prs2026hitl_7100] unknown packet ID 0x39; discarded 1 byte(s)
[00:51:31.081] BAD_PACKET[TCP_prs2026hitl_7100] unknown packet ID 0x33; discarded 1 byte(s)
[00:51:31.081] BAD_PACKET[TCP_prs2026hitl_7100] unknown packet ID 0x30; discarded 1 byte(s)
[00:51:31.081] BAD_PACKET[TCP_prs2026hitl_7100] unknown packet ID 0x36; discarded 1 byte(s)
[00:51:31.082] BAD_PACKET[TCP_prs2026hitl_7100] unknown packet ID 0x29; discarded 1 byte(s)
[00:51:31.082] BAD_PACKET[TCP_prs2026hitl_7100] unknown packet ID 0x20; discarded 1 byte(s)
[00:51:31.082] BAD_PACKET[TCP_prs2026hitl_7100] unknown packet ID 0x61; discarded 1 byte(s)
[00:51:31.083] BAD_PACKET[TCP_prs2026hitl_7100] unknown packet ID 0x70; discarded 1 byte(s)
[00:51:31.083] BAD_PACKET[TCP_prs2026hitl_7100] unknown packet ID 0x65; discarded 1 byte(s)
[00:51:31.083] BAD_PACKET[TCP_prs2026hitl_7100] unknown packet ID 0x72; discarded 1 byte(s)
[00:51:31.084] BAD_PACKET[TCP_prs2026hitl_7100] unknown packet ID 0x74; discarded 1 byte(s)
[00:51:31.084] BAD_PACKET[TCP_prs2026hitl_7100] unknown packet ID 0x75; discarded 1 byte(s)
[00:51:31.085] BAD_PACKET[TCP_prs2026hitl_7100] unknown packet ID 0x72; discarded 1 byte(s)
[00:51:31.085] BAD_PACKET[TCP_prs2026hitl_7100] unknown packet ID 0x65; discarded 1 byte(s)
[00:51:31.085] BAD_PACKET[TCP_prs2026hitl_7100] unknown packet ID 0x3a; discarded 1 byte(s)
[00:51:31.086] BAD_PACKET[TCP_prs2026hitl_7100] unknown packet ID 0x20; discarded 1 byte(s)
[00:51:31.086] BAD_PACKET[TCP_prs2026hitl_7100] unknown packet ID 0x53; discarded 1 byte(s)
[00:51:31.086] BAD_PACKET[TCP_prs2026hitl_7100] unknown packet ID 0x65; discarded 1 byte(s)
[00:51:31.087] BAD_PACKET[TCP_prs2026hitl_7100] unknown packet ID 0x6e; discarded 1 byte(s)
[00:51:31.087] BAD_PACKET[TCP_prs2026hitl_7100] unknown packet ID 0x64; discarded 1 byte(s)
[00:51:31.087] BAD_PACKET[TCP_prs2026hitl_7100] unknown packet ID 0x69; discarded 1 byte(s)
[00:51:31.088] BAD_PACKET[TCP_prs2026hitl_7100] unknown packet ID 0x6e; discarded 1 byte(s)
[00:51:31.088] BAD_PACKET[TCP_prs2026hitl_7100] unknown packet ID 0x67; discarded 1 byte(s)
[00:51:31.088] BAD_PACKET[TCP_prs2026hitl_7100] unknown packet ID 0x20; discarded 1 byte(s)
[00:51:31.089] BAD_PACKET[TCP_prs2026hitl_7100] unknown packet ID 0x68; discarded 1 byte(s)
[00:51:31.089] BAD_PACKET[TCP_prs2026hitl_7100] unknown packet ID 0x65; discarded 1 byte(s)
[00:51:31.089] BAD_PACKET[TCP_prs2026hitl_7100] unknown packet ID 0x61; discarded 1 byte(s)
[00:51:31.090] BAD_PACKET[TCP_prs2026hitl_7100] unknown packet ID 0x72; discarded 1 byte(s)
[00:51:31.090] BAD_PACKET[TCP_prs2026hitl_7100] unknown packet ID 0x74; discarded 1 byte(s)
[00:51:31.090] BAD_PACKET[TCP_prs2026hitl_7100] unknown packet ID 0x62; discarded 1 byte(s)
[00:51:31.092] BAD_PACKET[TCP_prs2026hitl_7100] unknown packet ID 0x65; discarded 1 byte(s)
[00:51:31.093] BAD_PACKET[TCP_prs2026hitl_7100] unknown packet ID 0x61; discarded 1 byte(s)
[00:51:31.093] BAD_PACKET[TCP_prs2026hitl_7100] unknown packet ID 0x74; discarded 1 byte(s)
[00:51:31.093] BAD_PACKET[TCP_prs2026hitl_7100] unknown packet ID 0x20; discarded 1 byte(s)
[00:51:31.094] BAD_PACKET[TCP_prs2026hitl_7100] unknown packet ID 0x28; discarded 1 byte(s)
[00:51:31.094] BAD_PACKET[TCP_prs2026hitl_7100] unknown packet ID 0x38; discarded 1 byte(s)
[00:51:31.094] BAD_PACKET[TCP_prs2026hitl_7100] unknown packet ID 0x20; discarded 1 byte(s)
[00:51:31.095] BAD_PACKET[TCP_prs2026hitl_7100] unknown packet ID 0x62; discarded 1 byte(s)
[00:51:31.095] BAD_PACKET[TCP_prs2026hitl_7100] unknown packet ID 0x79; discarded 1 byte(s)
[00:51:31.095] BAD_PACKET[TCP_prs2026hitl_7100] unknown packet ID 0x74; discarded 1 byte(s)
[00:51:31.095] BAD_PACKET[TCP_prs2026hitl_7100] unknown packet ID 0x65; discarded 1 byte(s)
[00:51:31.096] BAD_PACKET[TCP_prs2026hitl_7100] unknown packet ID 0x73; discarded 1 byte(s)
[00:51:31.096] BAD_PACKET[TCP_prs2026hitl_7100] unknown packet ID 0x29; discarded 1 byte(s)
[00:51:31.096] BAD_PACKET[TCP_prs2026hitl_7100] unknown packet ID 0x0d; discarded 1 byte(s)
[00:51:31.097] BAD_PACKET[TCP_prs2026hitl_7100] unknown packet ID 0x0a; discarded 1 byte(s)
[00:51:31.154] RX[TCP_prs2026hitl_7100]  49 20 28 32 32 36 39 33 34 36 29 20 61 70 65 72 74 75 72 65 3a 20 48 65 61 72 74 62 65 61 74 20 73 65 6e 74 0d 0a
[00:51:31.156] BAD_PACKET[TCP_prs2026hitl_7100] unknown packet ID 0x49; discarded 1 byte(s)
[00:51:31.156] BAD_PACKET[TCP_prs2026hitl_7100] unknown packet ID 0x20; discarded 1 byte(s)
[00:51:31.156] BAD_PACKET[TCP_prs2026hitl_7100] unknown packet ID 0x28; discarded 1 byte(s)
[00:51:31.157] BAD_PACKET[TCP_prs2026hitl_7100] unknown packet ID 0x32; discarded 1 byte(s)
[00:51:31.157] BAD_PACKET[TCP_prs2026hitl_7100] unknown packet ID 0x32; discarded 1 byte(s)
[00:51:31.157] BAD_PACKET[TCP_prs2026hitl_7100] unknown packet ID 0x36; discarded 1 byte(s)
[00:51:31.157] BAD_PACKET[TCP_prs2026hitl_7100] unknown packet ID 0x39; discarded 1 byte(s)
[00:51:31.158] BAD_PACKET[TCP_prs2026hitl_7100] unknown packet ID 0x33; discarded 1 byte(s)
[00:51:31.158] BAD_PACKET[TCP_prs2026hitl_7100] unknown packet ID 0x34; discarded 1 byte(s)
[00:51:31.158] BAD_PACKET[TCP_prs2026hitl_7100] unknown packet ID 0x36; discarded 1 byte(s)
[00:51:31.159] BAD_PACKET[TCP_prs2026hitl_7100] unknown packet ID 0x29; discarded 1 byte(s)
[00:51:31.160] BAD_PACKET[TCP_prs2026hitl_7100] unknown packet ID 0x20; discarded 1 byte(s)
[00:51:31.161] BAD_PACKET[TCP_prs2026hitl_7100] unknown packet ID 0x61; discarded 1 byte(s)
[00:51:31.161] BAD_PACKET[TCP_prs2026hitl_7100] unknown packet ID 0x70; discarded 1 byte(s)
[00:51:31.162] BAD_PACKET[TCP_prs2026hitl_7100] unknown packet ID 0x65; discarded 1 byte(s)
[00:51:31.162] BAD_PACKET[TCP_prs2026hitl_7100] unknown packet ID 0x72; discarded 1 byte(s)
[00:51:31.163] BAD_PACKET[TCP_prs2026hitl_7100] unknown packet ID 0x74; discarded 1 byte(s)
[00:51:31.163] BAD_PACKET[TCP_prs2026hitl_7100] unknown packet ID 0x75; discarded 1 byte(s)
[00:51:31.163] BAD_PACKET[TCP_prs2026hitl_7100] unknown packet ID 0x72; discarded 1 byte(s)
[00:51:31.164] BAD_PACKET[TCP_prs2026hitl_7100] unknown packet ID 0x65; discarded 1 byte(s)
[00:51:31.164] BAD_PACKET[TCP_prs2026hitl_7100] unknown packet ID 0x3a; discarded 1 byte(s)
[00:51:31.164] BAD_PACKET[TCP_prs2026hitl_7100] unknown packet ID 0x20; discarded 1 byte(s)
[00:51:31.164] BAD_PACKET[TCP_prs2026hitl_7100] unknown packet ID 0x48; discarded 1 byte(s)
[00:51:31.165] BAD_PACKET[TCP_prs2026hitl_7100] unknown packet ID 0x65; discarded 1 byte(s)
[00:51:31.165] BAD_PACKET[TCP_prs2026hitl_7100] unknown packet ID 0x61; discarded 1 byte(s)
[00:51:31.165] BAD_PACKET[TCP_prs2026hitl_7100] unknown packet ID 0x72; discarded 1 byte(s)
[00:51:31.166] BAD_PACKET[TCP_prs2026hitl_7100] unknown packet ID 0x74; discarded 1 byte(s)
[00:51:31.166] BAD_PACKET[TCP_prs2026hitl_7100] unknown packet ID 0x62; discarded 1 byte(s)
[00:51:31.166] BAD_PACKET[TCP_prs2026hitl_7100] unknown packet ID 0x65; discarded 1 byte(s)
[00:51:31.167] BAD_PACKET[TCP_prs2026hitl_7100] unknown packet ID 0x61; discarded 1 byte(s)
[00:51:31.167] BAD_PACKET[TCP_prs2026hitl_7100] unknown packet ID 0x74; discarded 1 byte(s)
[00:51:31.167] BAD_PACKET[TCP_prs2026hitl_7100] unknown packet ID 0x20; discarded 1 byte(s)
[00:51:31.168] BAD_PACKET[TCP_prs2026hitl_7100] unknown packet ID 0x73; discarded 1 byte(s)
[00:51:31.168] BAD_PACKET[TCP_prs2026hitl_7100] unknown packet ID 0x65; discarded 1 byte(s)
[00:51:31.168] BAD_PACKET[TCP_prs2026hitl_7100] unknown packet ID 0x6e; discarded 1 byte(s)
[00:51:31.169] BAD_PACKET[TCP_prs2026hitl_7100] unknown packet ID 0x74; discarded 1 byte(s)
[00:51:31.169] BAD_PACKET[TCP_prs2026hitl_7100] unknown packet ID 0x0d; discarded 1 byte(s)
[00:51:31.169] BAD_PACKET[TCP_prs2026hitl_7100] unknown packet ID 0x0a; discarded 1 byte(s)
[00:51:32.019] RX[COM21]  03
[00:51:32.020] RX[COM21]  00 00 00 00 00 00 00 00 00 00 79 57 00 00 00 14 44 0a
[00:51:32.022] PACKET[COM21] camera: fc_status=0, fc_uptime=0, status=0, uptime=31063, current_sense=[0.0, 0.0, 0.0], iris_battery_voltage=5.188
[00:51:32.081] RX[TCP_prs2026hitl_7100]  49 20 28 32 32 37 30 33 30 36 29 20 61 70 65 72 74 75 72 65 3a 20 53 65 6e 64 69 6e 67 20 68 65 61 72 74 62 65 61 74 20 28 38 20 62 79 74 65 73 29 0d 0a
[00:51:32.084] BAD_PACKET[TCP_prs2026hitl_7100] unknown packet ID 0x49; discarded 1 byte(s)
[00:51:32.084] BAD_PACKET[TCP_prs2026hitl_7100] unknown packet ID 0x20; discarded 1 byte(s)
[00:51:32.085] BAD_PACKET[TCP_prs2026hitl_7100] unknown packet ID 0x28; discarded 1 byte(s)
[00:51:32.085] BAD_PACKET[TCP_prs2026hitl_7100] unknown packet ID 0x32; discarded 1 byte(s)
[00:51:32.085] BAD_PACKET[TCP_prs2026hitl_7100] unknown packet ID 0x32; discarded 1 byte(s)
[00:51:32.086] BAD_PACKET[TCP_prs2026hitl_7100] unknown packet ID 0x37; discarded 1 byte(s)
[00:51:32.086] BAD_PACKET[TCP_prs2026hitl_7100] unknown packet ID 0x30; discarded 1 byte(s)
[00:51:32.086] BAD_PACKET[TCP_prs2026hitl_7100] unknown packet ID 0x33; discarded 1 byte(s)
[00:51:32.087] BAD_PACKET[TCP_prs2026hitl_7100] unknown packet ID 0x30; discarded 1 byte(s)
[00:51:32.087] BAD_PACKET[TCP_prs2026hitl_7100] unknown packet ID 0x36; discarded 1 byte(s)
[00:51:32.087] BAD_PACKET[TCP_prs2026hitl_7100] unknown packet ID 0x29; discarded 1 byte(s)
[00:51:32.087] BAD_PACKET[TCP_prs2026hitl_7100] unknown packet ID 0x20; discarded 1 byte(s)
[00:51:32.088] BAD_PACKET[TCP_prs2026hitl_7100] unknown packet ID 0x61; discarded 1 byte(s)
[00:51:32.088] BAD_PACKET[TCP_prs2026hitl_7100] unknown packet ID 0x70; discarded 1 byte(s)
[00:51:32.088] BAD_PACKET[TCP_prs2026hitl_7100] unknown packet ID 0x65; discarded 1 byte(s)
[00:51:32.089] BAD_PACKET[TCP_prs2026hitl_7100] unknown packet ID 0x72; discarded 1 byte(s)
[00:51:32.089] BAD_PACKET[TCP_prs2026hitl_7100] unknown packet ID 0x74; discarded 1 byte(s)
[00:51:32.089] BAD_PACKET[TCP_prs2026hitl_7100] unknown packet ID 0x75; discarded 1 byte(s)
[00:51:32.090] BAD_PACKET[TCP_prs2026hitl_7100] unknown packet ID 0x72; discarded 1 byte(s)
[00:51:32.090] BAD_PACKET[TCP_prs2026hitl_7100] unknown packet ID 0x65; discarded 1 byte(s)
[00:51:32.090] BAD_PACKET[TCP_prs2026hitl_7100] unknown packet ID 0x3a; discarded 1 byte(s)
[00:51:32.091] BAD_PACKET[TCP_prs2026hitl_7100] unknown packet ID 0x20; discarded 1 byte(s)
[00:51:32.091] BAD_PACKET[TCP_prs2026hitl_7100] unknown packet ID 0x53; discarded 1 byte(s)
[00:51:32.091] BAD_PACKET[TCP_prs2026hitl_7100] unknown packet ID 0x65; discarded 1 byte(s)
[00:51:32.092] BAD_PACKET[TCP_prs2026hitl_7100] unknown packet ID 0x6e; discarded 1 byte(s)
[00:51:32.092] BAD_PACKET[TCP_prs2026hitl_7100] unknown packet ID 0x64; discarded 1 byte(s)
[00:51:32.092] BAD_PACKET[TCP_prs2026hitl_7100] unknown packet ID 0x69; discarded 1 byte(s)
[00:51:32.093] BAD_PACKET[TCP_prs2026hitl_7100] unknown packet ID 0x6e; discarded 1 byte(s)
[00:51:32.093] BAD_PACKET[TCP_prs2026hitl_7100] unknown packet ID 0x67; discarded 1 byte(s)
[00:51:32.093] BAD_PACKET[TCP_prs2026hitl_7100] unknown packet ID 0x20; discarded 1 byte(s)
[00:51:32.094] BAD_PACKET[TCP_prs2026hitl_7100] unknown packet ID 0x68; discarded 1 byte(s)
[00:51:32.094] BAD_PACKET[TCP_prs2026hitl_7100] unknown packet ID 0x65; discarded 1 byte(s)
[00:51:32.094] BAD_PACKET[TCP_prs2026hitl_7100] unknown packet ID 0x61; discarded 1 byte(s)
[00:51:32.095] BAD_PACKET[TCP_prs2026hitl_7100] unknown packet ID 0x72; discarded 1 byte(s)
[00:51:32.095] BAD_PACKET[TCP_prs2026hitl_7100] unknown packet ID 0x74; discarded 1 byte(s)
[00:51:32.095] BAD_PACKET[TCP_prs2026hitl_7100] unknown packet ID 0x62; discarded 1 byte(s)
[00:51:32.095] BAD_PACKET[TCP_prs2026hitl_7100] unknown packet ID 0x65; discarded 1 byte(s)
[00:51:32.096] BAD_PACKET[TCP_prs2026hitl_7100] unknown packet ID 0x61; discarded 1 byte(s)
[00:51:32.096] BAD_PACKET[TCP_prs2026hitl_7100] unknown packet ID 0x74; discarded 1 byte(s)
[00:51:32.097] BAD_PACKET[TCP_prs2026hitl_7100] unknown packet ID 0x20; discarded 1 byte(s)
[00:51:32.098] BAD_PACKET[TCP_prs2026hitl_7100] unknown packet ID 0x28; discarded 1 byte(s)
[00:51:32.098] BAD_PACKET[TCP_prs2026hitl_7100] unknown packet ID 0x38; discarded 1 byte(s)
[00:51:32.098] BAD_PACKET[TCP_prs2026hitl_7100] unknown packet ID 0x20; discarded 1 byte(s)
[00:51:32.099] BAD_PACKET[TCP_prs2026hitl_7100] unknown packet ID 0x62; discarded 1 byte(s)
[00:51:32.099] BAD_PACKET[TCP_prs2026hitl_7100] unknown packet ID 0x79; discarded 1 byte(s)
[00:51:32.099] BAD_PACKET[TCP_prs2026hitl_7100] unknown packet ID 0x74; discarded 1 byte(s)
[00:51:32.100] BAD_PACKET[TCP_prs2026hitl_7100] unknown packet ID 0x65; discarded 1 byte(s)
[00:51:32.100] BAD_PACKET[TCP_prs2026hitl_7100] unknown packet ID 0x73; discarded 1 byte(s)
[00:51:32.100] BAD_PACKET[TCP_prs2026hitl_7100] unknown packet ID 0x29; discarded 1 byte(s)
[00:51:32.101] BAD_PACKET[TCP_prs2026hitl_7100] unknown packet ID 0x0d; discarded 1 byte(s)
[00:51:32.101] BAD_PACKET[TCP_prs2026hitl_7100] unknown packet ID 0x0a; discarded 1 byte(s)
[00:51:32.101] RX[TCP_prs2026hitl_7100]  49 20 28 32 32 37 30 33 34 36 29 20 61 70 65 72 74 75 72 65 3a 20 48 65 61 72 74 62 65 61 74 20 73 65 6e 74 0d 0a
[00:51:32.102] BAD_PACKET[TCP_prs2026hitl_7100] unknown packet ID 0x49; discarded 1 byte(s)
[00:51:32.102] BAD_PACKET[TCP_prs2026hitl_7100] unknown packet ID 0x20; discarded 1 byte(s)
[00:51:32.102] BAD_PACKET[TCP_prs2026hitl_7100] unknown packet ID 0x28; discarded 1 byte(s)
[00:51:32.103] BAD_PACKET[TCP_prs2026hitl_7100] unknown packet ID 0x32; discarded 1 byte(s)
[00:51:32.103] BAD_PACKET[TCP_prs2026hitl_7100] unknown packet ID 0x32; discarded 1 byte(s)
[00:51:32.103] BAD_PACKET[TCP_prs2026hitl_7100] unknown packet ID 0x37; discarded 1 byte(s)
[00:51:32.103] BAD_PACKET[TCP_prs2026hitl_7100] unknown packet ID 0x30; discarded 1 byte(s)
[00:51:32.104] BAD_PACKET[TCP_prs2026hitl_7100] unknown packet ID 0x33; discarded 1 byte(s)
[00:51:32.104] BAD_PACKET[TCP_prs2026hitl_7100] unknown packet ID 0x34; discarded 1 byte(s)
[00:51:32.104] BAD_PACKET[TCP_prs2026hitl_7100] unknown packet ID 0x36; discarded 1 byte(s)
[00:51:32.105] BAD_PACKET[TCP_prs2026hitl_7100] unknown packet ID 0x29; discarded 1 byte(s)
[00:51:32.105] BAD_PACKET[TCP_prs2026hitl_7100] unknown packet ID 0x20; discarded 1 byte(s)
[00:51:32.105] BAD_PACKET[TCP_prs2026hitl_7100] unknown packet ID 0x61; discarded 1 byte(s)
[00:51:32.106] BAD_PACKET[TCP_prs2026hitl_7100] unknown packet ID 0x70; discarded 1 byte(s)
[00:51:32.106] BAD_PACKET[TCP_prs2026hitl_7100] unknown packet ID 0x65; discarded 1 byte(s)
[00:51:32.106] BAD_PACKET[TCP_prs2026hitl_7100] unknown packet ID 0x72; discarded 1 byte(s)
[00:51:32.106] BAD_PACKET[TCP_prs2026hitl_7100] unknown packet ID 0x74; discarded 1 byte(s)
[00:51:32.107] BAD_PACKET[TCP_prs2026hitl_7100] unknown packet ID 0x75; discarded 1 byte(s)
[00:51:32.107] BAD_PACKET[TCP_prs2026hitl_7100] unknown packet ID 0x72; discarded 1 byte(s)
[00:51:32.107] BAD_PACKET[TCP_prs2026hitl_7100] unknown packet ID 0x65; discarded 1 byte(s)
[00:51:32.108] BAD_PACKET[TCP_prs2026hitl_7100] unknown packet ID 0x3a; discarded 1 byte(s)
[00:51:32.108] BAD_PACKET[TCP_prs2026hitl_7100] unknown packet ID 0x20; discarded 1 byte(s)
[00:51:32.109] BAD_PACKET[TCP_prs2026hitl_7100] unknown packet ID 0x48; discarded 1 byte(s)
[00:51:32.109] BAD_PACKET[TCP_prs2026hitl_7100] unknown packet ID 0x65; discarded 1 byte(s)
[00:51:32.109] BAD_PACKET[TCP_prs2026hitl_7100] unknown packet ID 0x61; discarded 1 byte(s)
[00:51:32.109] BAD_PACKET[TCP_prs2026hitl_7100] unknown packet ID 0x72; discarded 1 byte(s)
[00:51:32.110] BAD_PACKET[TCP_prs2026hitl_7100] unknown packet ID 0x74; discarded 1 byte(s)
[00:51:32.110] BAD_PACKET[TCP_prs2026hitl_7100] unknown packet ID 0x62; discarded 1 byte(s)
[00:51:32.110] BAD_PACKET[TCP_prs2026hitl_7100] unknown packet ID 0x65; discarded 1 byte(s)
[00:51:32.111] BAD_PACKET[TCP_prs2026hitl_7100] unknown packet ID 0x61; discarded 1 byte(s)
[00:51:32.111] BAD_PACKET[TCP_prs2026hitl_7100] unknown packet ID 0x74; discarded 1 byte(s)
[00:51:32.111] BAD_PACKET[TCP_prs2026hitl_7100] unknown packet ID 0x20; discarded 1 byte(s)
[00:51:32.112] BAD_PACKET[TCP_prs2026hitl_7100] unknown packet ID 0x73; discarded 1 byte(s)
[00:51:32.112] BAD_PACKET[TCP_prs2026hitl_7100] unknown packet ID 0x65; discarded 1 byte(s)
[00:51:32.112] BAD_PACKET[TCP_prs2026hitl_7100] unknown packet ID 0x6e; discarded 1 byte(s)
[00:51:32.114] BAD_PACKET[TCP_prs2026hitl_7100] unknown packet ID 0x74; discarded 1 byte(s)
[00:51:32.114] BAD_PACKET[TCP_prs2026hitl_7100] unknown packet ID 0x0d; discarded 1 byte(s)
[00:51:32.114] BAD_PACKET[TCP_prs2026hitl_7100] unknown packet ID 0x0a; discarded 1 byte(s)
[00:51:32.965] RX[COM21]  03
[00:51:32.969] RX[COM21]  00 00 00 00 00 00 00 00 00 00 7d 3f 00 00 00 14 40 0a
[00:51:32.970] PACKET[COM21] camera: fc_status=0, fc_uptime=0, status=0, uptime=32063, current_sense=[0.0, 0.0, 0.0], iris_battery_voltage=5.184
[00:51:33.089] RX[TCP_prs2026hitl_7100]  49 20 28 32 32 37 31 33 30 36 29 20 61 70 65 72 74 75 72 65 3a 20 53 65 6e 64 69 6e 67 20 68 65 61 72 74 62 65 61 74 20 28 38 20 62 79 74 65 73 29 0d 0a
[00:51:33.092] BAD_PACKET[TCP_prs2026hitl_7100] unknown packet ID 0x49; discarded 1 byte(s)
[00:51:33.092] BAD_PACKET[TCP_prs2026hitl_7100] unknown packet ID 0x20; discarded 1 byte(s)
[00:51:33.092] BAD_PACKET[TCP_prs2026hitl_7100] unknown packet ID 0x28; discarded 1 byte(s)
[00:51:33.093] BAD_PACKET[TCP_prs2026hitl_7100] unknown packet ID 0x32; discarded 1 byte(s)
[00:51:33.093] BAD_PACKET[TCP_prs2026hitl_7100] unknown packet ID 0x32; discarded 1 byte(s)
[00:51:33.093] BAD_PACKET[TCP_prs2026hitl_7100] unknown packet ID 0x37; discarded 1 byte(s)
[00:51:33.094] BAD_PACKET[TCP_prs2026hitl_7100] unknown packet ID 0x31; discarded 1 byte(s)
[00:51:33.094] BAD_PACKET[TCP_prs2026hitl_7100] unknown packet ID 0x33; discarded 1 byte(s)
[00:51:33.094] BAD_PACKET[TCP_prs2026hitl_7100] unknown packet ID 0x30; discarded 1 byte(s)
[00:51:33.094] BAD_PACKET[TCP_prs2026hitl_7100] unknown packet ID 0x36; discarded 1 byte(s)
[00:51:33.095] BAD_PACKET[TCP_prs2026hitl_7100] unknown packet ID 0x29; discarded 1 byte(s)
[00:51:33.095] BAD_PACKET[TCP_prs2026hitl_7100] unknown packet ID 0x20; discarded 1 byte(s)
[00:51:33.095] BAD_PACKET[TCP_prs2026hitl_7100] unknown packet ID 0x61; discarded 1 byte(s)
[00:51:33.096] BAD_PACKET[TCP_prs2026hitl_7100] unknown packet ID 0x70; discarded 1 byte(s)
[00:51:33.096] BAD_PACKET[TCP_prs2026hitl_7100] unknown packet ID 0x65; discarded 1 byte(s)
[00:51:33.096] BAD_PACKET[TCP_prs2026hitl_7100] unknown packet ID 0x72; discarded 1 byte(s)
[00:51:33.097] BAD_PACKET[TCP_prs2026hitl_7100] unknown packet ID 0x74; discarded 1 byte(s)
[00:51:33.097] BAD_PACKET[TCP_prs2026hitl_7100] unknown packet ID 0x75; discarded 1 byte(s)
[00:51:33.097] BAD_PACKET[TCP_prs2026hitl_7100] unknown packet ID 0x72; discarded 1 byte(s)
[00:51:33.098] BAD_PACKET[TCP_prs2026hitl_7100] unknown packet ID 0x65; discarded 1 byte(s)
[00:51:33.098] BAD_PACKET[TCP_prs2026hitl_7100] unknown packet ID 0x3a; discarded 1 byte(s)
[00:51:33.098] BAD_PACKET[TCP_prs2026hitl_7100] unknown packet ID 0x20; discarded 1 byte(s)
[00:51:33.099] BAD_PACKET[TCP_prs2026hitl_7100] unknown packet ID 0x53; discarded 1 byte(s)
[00:51:33.099] BAD_PACKET[TCP_prs2026hitl_7100] unknown packet ID 0x65; discarded 1 byte(s)
[00:51:33.100] BAD_PACKET[TCP_prs2026hitl_7100] unknown packet ID 0x6e; discarded 1 byte(s)
[00:51:33.100] BAD_PACKET[TCP_prs2026hitl_7100] unknown packet ID 0x64; discarded 1 byte(s)
[00:51:33.101] BAD_PACKET[TCP_prs2026hitl_7100] unknown packet ID 0x69; discarded 1 byte(s)
[00:51:33.101] BAD_PACKET[TCP_prs2026hitl_7100] unknown packet ID 0x6e; discarded 1 byte(s)
[00:51:33.101] BAD_PACKET[TCP_prs2026hitl_7100] unknown packet ID 0x67; discarded 1 byte(s)
[00:51:33.102] BAD_PACKET[TCP_prs2026hitl_7100] unknown packet ID 0x20; discarded 1 byte(s)
[00:51:33.103] BAD_PACKET[TCP_prs2026hitl_7100] unknown packet ID 0x68; discarded 1 byte(s)
[00:51:33.103] BAD_PACKET[TCP_prs2026hitl_7100] unknown packet ID 0x65; discarded 1 byte(s)
[00:51:33.103] BAD_PACKET[TCP_prs2026hitl_7100] unknown packet ID 0x61; discarded 1 byte(s)
[00:51:33.104] BAD_PACKET[TCP_prs2026hitl_7100] unknown packet ID 0x72; discarded 1 byte(s)
[00:51:33.104] BAD_PACKET[TCP_prs2026hitl_7100] unknown packet ID 0x74; discarded 1 byte(s)
[00:51:33.104] BAD_PACKET[TCP_prs2026hitl_7100] unknown packet ID 0x62; discarded 1 byte(s)
[00:51:33.104] BAD_PACKET[TCP_prs2026hitl_7100] unknown packet ID 0x65; discarded 1 byte(s)
[00:51:33.105] BAD_PACKET[TCP_prs2026hitl_7100] unknown packet ID 0x61; discarded 1 byte(s)
[00:51:33.106] BAD_PACKET[TCP_prs2026hitl_7100] unknown packet ID 0x74; discarded 1 byte(s)
[00:51:33.106] BAD_PACKET[TCP_prs2026hitl_7100] unknown packet ID 0x20; discarded 1 byte(s)
[00:51:33.106] BAD_PACKET[TCP_prs2026hitl_7100] unknown packet ID 0x28; discarded 1 byte(s)
[00:51:33.107] BAD_PACKET[TCP_prs2026hitl_7100] unknown packet ID 0x38; discarded 1 byte(s)
[00:51:33.107] BAD_PACKET[TCP_prs2026hitl_7100] unknown packet ID 0x20; discarded 1 byte(s)
[00:51:33.107] BAD_PACKET[TCP_prs2026hitl_7100] unknown packet ID 0x62; discarded 1 byte(s)
[00:51:33.108] BAD_PACKET[TCP_prs2026hitl_7100] unknown packet ID 0x79; discarded 1 byte(s)
[00:51:33.108] BAD_PACKET[TCP_prs2026hitl_7100] unknown packet ID 0x74; discarded 1 byte(s)
[00:51:33.109] BAD_PACKET[TCP_prs2026hitl_7100] unknown packet ID 0x65; discarded 1 byte(s)
[00:51:33.109] BAD_PACKET[TCP_prs2026hitl_7100] unknown packet ID 0x73; discarded 1 byte(s)
[00:51:33.109] BAD_PACKET[TCP_prs2026hitl_7100] unknown packet ID 0x29; discarded 1 byte(s)
[00:51:33.110] BAD_PACKET[TCP_prs2026hitl_7100] unknown packet ID 0x0d; discarded 1 byte(s)
[00:51:33.110] BAD_PACKET[TCP_prs2026hitl_7100] unknown packet ID 0x0a; discarded 1 byte(s)
[00:51:33.110] RX[TCP_prs2026hitl_7100]  49 20 28 32 32 37 31 33 34 36 29 20 61 70 65 72 74 75 72 65 3a 20 48 65 61 72 74 62 65 61 74 20 73 65 6e 74 0d 0a
[00:51:33.110] BAD_PACKET[TCP_prs2026hitl_7100] unknown packet ID 0x49; discarded 1 byte(s)
[00:51:33.111] BAD_PACKET[TCP_prs2026hitl_7100] unknown packet ID 0x20; discarded 1 byte(s)
[00:51:33.111] BAD_PACKET[TCP_prs2026hitl_7100] unknown packet ID 0x28; discarded 1 byte(s)
[00:51:33.111] BAD_PACKET[TCP_prs2026hitl_7100] unknown packet ID 0x32; discarded 1 byte(s)
[00:51:33.112] BAD_PACKET[TCP_prs2026hitl_7100] unknown packet ID 0x32; discarded 1 byte(s)
[00:51:33.112] BAD_PACKET[TCP_prs2026hitl_7100] unknown packet ID 0x37; discarded 1 byte(s)
[00:51:33.112] BAD_PACKET[TCP_prs2026hitl_7100] unknown packet ID 0x31; discarded 1 byte(s)
[00:51:33.113] BAD_PACKET[TCP_prs2026hitl_7100] unknown packet ID 0x33; discarded 1 byte(s)
[00:51:33.113] BAD_PACKET[TCP_prs2026hitl_7100] unknown packet ID 0x34; discarded 1 byte(s)
[00:51:33.113] BAD_PACKET[TCP_prs2026hitl_7100] unknown packet ID 0x36; discarded 1 byte(s)
[00:51:33.114] BAD_PACKET[TCP_prs2026hitl_7100] unknown packet ID 0x29; discarded 1 byte(s)
[00:51:33.114] BAD_PACKET[TCP_prs2026hitl_7100] unknown packet ID 0x20; discarded 1 byte(s)
[00:51:33.114] BAD_PACKET[TCP_prs2026hitl_7100] unknown packet ID 0x61; discarded 1 byte(s)
[00:51:33.115] BAD_PACKET[TCP_prs2026hitl_7100] unknown packet ID 0x70; discarded 1 byte(s)
[00:51:33.115] BAD_PACKET[TCP_prs2026hitl_7100] unknown packet ID 0x65; discarded 1 byte(s)
[00:51:33.115] BAD_PACKET[TCP_prs2026hitl_7100] unknown packet ID 0x72; discarded 1 byte(s)
[00:51:33.115] BAD_PACKET[TCP_prs2026hitl_7100] unknown packet ID 0x74; discarded 1 byte(s)
[00:51:33.116] BAD_PACKET[TCP_prs2026hitl_7100] unknown packet ID 0x75; discarded 1 byte(s)
[00:51:33.116] BAD_PACKET[TCP_prs2026hitl_7100] unknown packet ID 0x72; discarded 1 byte(s)
[00:51:33.116] BAD_PACKET[TCP_prs2026hitl_7100] unknown packet ID 0x65; discarded 1 byte(s)
[00:51:33.117] BAD_PACKET[TCP_prs2026hitl_7100] unknown packet ID 0x3a; discarded 1 byte(s)
[00:51:33.118] BAD_PACKET[TCP_prs2026hitl_7100] unknown packet ID 0x20; discarded 1 byte(s)
[00:51:33.118] BAD_PACKET[TCP_prs2026hitl_7100] unknown packet ID 0x48; discarded 1 byte(s)
[00:51:33.119] BAD_PACKET[TCP_prs2026hitl_7100] unknown packet ID 0x65; discarded 1 byte(s)
[00:51:33.119] BAD_PACKET[TCP_prs2026hitl_7100] unknown packet ID 0x61; discarded 1 byte(s)
[00:51:33.119] BAD_PACKET[TCP_prs2026hitl_7100] unknown packet ID 0x72; discarded 1 byte(s)
[00:51:33.119] BAD_PACKET[TCP_prs2026hitl_7100] unknown packet ID 0x74; discarded 1 byte(s)
[00:51:33.120] BAD_PACKET[TCP_prs2026hitl_7100] unknown packet ID 0x62; discarded 1 byte(s)
[00:51:33.120] BAD_PACKET[TCP_prs2026hitl_7100] unknown packet ID 0x65; discarded 1 byte(s)
[00:51:33.120] BAD_PACKET[TCP_prs2026hitl_7100] unknown packet ID 0x61; discarded 1 byte(s)
[00:51:33.121] BAD_PACKET[TCP_prs2026hitl_7100] unknown packet ID 0x74; discarded 1 byte(s)
[00:51:33.121] BAD_PACKET[TCP_prs2026hitl_7100] unknown packet ID 0x20; discarded 1 byte(s)
[00:51:33.121] BAD_PACKET[TCP_prs2026hitl_7100] unknown packet ID 0x73; discarded 1 byte(s)
[00:51:33.122] BAD_PACKET[TCP_prs2026hitl_7100] unknown packet ID 0x65; discarded 1 byte(s)
[00:51:33.122] BAD_PACKET[TCP_prs2026hitl_7100] unknown packet ID 0x6e; discarded 1 byte(s)
[00:51:33.122] BAD_PACKET[TCP_prs2026hitl_7100] unknown packet ID 0x74; discarded 1 byte(s)
[00:51:33.123] BAD_PACKET[TCP_prs2026hitl_7100] unknown packet ID 0x0d; discarded 1 byte(s)
[00:51:33.123] BAD_PACKET[TCP_prs2026hitl_7100] unknown packet ID 0x0a; discarded 1 byte(s)
[00:51:34.000] RX[COM21]  03
[00:51:34.001] RX[COM21]  00 00 00 00 00 00 00 00 00 00 81 27 00 00 00 14 40 0a
[00:51:34.001] PACKET[COM21] camera: fc_status=0, fc_uptime=0, status=0, uptime=33063, current_sense=[0.0, 0.0, 0.0], iris_battery_voltage=5.184
[00:51:34.062] RX[TCP_prs2026hitl_7100]  49 20 28 32 32 37 32 33 30 36 29 20 61 70 65 72 74 75 72 65 3a 20 53 65 6e 64 69 6e 67 20 68 65 61 72 74 62 65 61 74 20 28 38 20 62 79 74 65 73 29 0d 0a
[00:51:34.063] BAD_PACKET[TCP_prs2026hitl_7100] unknown packet ID 0x49; discarded 1 byte(s)
[00:51:34.064] BAD_PACKET[TCP_prs2026hitl_7100] unknown packet ID 0x20; discarded 1 byte(s)
[00:51:34.064] BAD_PACKET[TCP_prs2026hitl_7100] unknown packet ID 0x28; discarded 1 byte(s)
[00:51:34.064] BAD_PACKET[TCP_prs2026hitl_7100] unknown packet ID 0x32; discarded 1 byte(s)
[00:51:34.065] BAD_PACKET[TCP_prs2026hitl_7100] unknown packet ID 0x32; discarded 1 byte(s)
[00:51:34.065] BAD_PACKET[TCP_prs2026hitl_7100] unknown packet ID 0x37; discarded 1 byte(s)
[00:51:34.065] BAD_PACKET[TCP_prs2026hitl_7100] unknown packet ID 0x32; discarded 1 byte(s)
[00:51:34.066] BAD_PACKET[TCP_prs2026hitl_7100] unknown packet ID 0x33; discarded 1 byte(s)
[00:51:34.066] BAD_PACKET[TCP_prs2026hitl_7100] unknown packet ID 0x30; discarded 1 byte(s)
[00:51:34.066] BAD_PACKET[TCP_prs2026hitl_7100] unknown packet ID 0x36; discarded 1 byte(s)
[00:51:34.067] BAD_PACKET[TCP_prs2026hitl_7100] unknown packet ID 0x29; discarded 1 byte(s)
[00:51:34.068] BAD_PACKET[TCP_prs2026hitl_7100] unknown packet ID 0x20; discarded 1 byte(s)
[00:51:34.068] BAD_PACKET[TCP_prs2026hitl_7100] unknown packet ID 0x61; discarded 1 byte(s)
[00:51:34.068] BAD_PACKET[TCP_prs2026hitl_7100] unknown packet ID 0x70; discarded 1 byte(s)
[00:51:34.069] BAD_PACKET[TCP_prs2026hitl_7100] unknown packet ID 0x65; discarded 1 byte(s)
[00:51:34.069] BAD_PACKET[TCP_prs2026hitl_7100] unknown packet ID 0x72; discarded 1 byte(s)
[00:51:34.069] BAD_PACKET[TCP_prs2026hitl_7100] unknown packet ID 0x74; discarded 1 byte(s)
[00:51:34.069] BAD_PACKET[TCP_prs2026hitl_7100] unknown packet ID 0x75; discarded 1 byte(s)
[00:51:34.070] BAD_PACKET[TCP_prs2026hitl_7100] unknown packet ID 0x72; discarded 1 byte(s)
[00:51:34.070] BAD_PACKET[TCP_prs2026hitl_7100] unknown packet ID 0x65; discarded 1 byte(s)
[00:51:34.070] BAD_PACKET[TCP_prs2026hitl_7100] unknown packet ID 0x3a; discarded 1 byte(s)
[00:51:34.071] BAD_PACKET[TCP_prs2026hitl_7100] unknown packet ID 0x20; discarded 1 byte(s)
[00:51:34.071] BAD_PACKET[TCP_prs2026hitl_7100] unknown packet ID 0x53; discarded 1 byte(s)
[00:51:34.071] BAD_PACKET[TCP_prs2026hitl_7100] unknown packet ID 0x65; discarded 1 byte(s)
[00:51:34.072] BAD_PACKET[TCP_prs2026hitl_7100] unknown packet ID 0x6e; discarded 1 byte(s)
[00:51:34.072] BAD_PACKET[TCP_prs2026hitl_7100] unknown packet ID 0x64; discarded 1 byte(s)
[00:51:34.072] BAD_PACKET[TCP_prs2026hitl_7100] unknown packet ID 0x69; discarded 1 byte(s)
[00:51:34.073] BAD_PACKET[TCP_prs2026hitl_7100] unknown packet ID 0x6e; discarded 1 byte(s)
[00:51:34.073] BAD_PACKET[TCP_prs2026hitl_7100] unknown packet ID 0x67; discarded 1 byte(s)
[00:51:34.073] BAD_PACKET[TCP_prs2026hitl_7100] unknown packet ID 0x20; discarded 1 byte(s)
[00:51:34.073] BAD_PACKET[TCP_prs2026hitl_7100] unknown packet ID 0x68; discarded 1 byte(s)
[00:51:34.074] BAD_PACKET[TCP_prs2026hitl_7100] unknown packet ID 0x65; discarded 1 byte(s)
[00:51:34.074] BAD_PACKET[TCP_prs2026hitl_7100] unknown packet ID 0x61; discarded 1 byte(s)
[00:51:34.074] BAD_PACKET[TCP_prs2026hitl_7100] unknown packet ID 0x72; discarded 1 byte(s)
[00:51:34.075] BAD_PACKET[TCP_prs2026hitl_7100] unknown packet ID 0x74; discarded 1 byte(s)
[00:51:34.075] BAD_PACKET[TCP_prs2026hitl_7100] unknown packet ID 0x62; discarded 1 byte(s)
[00:51:34.075] BAD_PACKET[TCP_prs2026hitl_7100] unknown packet ID 0x65; discarded 1 byte(s)
[00:51:34.076] BAD_PACKET[TCP_prs2026hitl_7100] unknown packet ID 0x61; discarded 1 byte(s)
[00:51:34.076] BAD_PACKET[TCP_prs2026hitl_7100] unknown packet ID 0x74; discarded 1 byte(s)
[00:51:34.077] BAD_PACKET[TCP_prs2026hitl_7100] unknown packet ID 0x20; discarded 1 byte(s)
[00:51:34.077] BAD_PACKET[TCP_prs2026hitl_7100] unknown packet ID 0x28; discarded 1 byte(s)
[00:51:34.078] BAD_PACKET[TCP_prs2026hitl_7100] unknown packet ID 0x38; discarded 1 byte(s)
[00:51:34.078] BAD_PACKET[TCP_prs2026hitl_7100] unknown packet ID 0x20; discarded 1 byte(s)
[00:51:34.078] BAD_PACKET[TCP_prs2026hitl_7100] unknown packet ID 0x62; discarded 1 byte(s)
[00:51:34.079] BAD_PACKET[TCP_prs2026hitl_7100] unknown packet ID 0x79; discarded 1 byte(s)
[00:51:34.079] BAD_PACKET[TCP_prs2026hitl_7100] unknown packet ID 0x74; discarded 1 byte(s)
[00:51:34.079] BAD_PACKET[TCP_prs2026hitl_7100] unknown packet ID 0x65; discarded 1 byte(s)
[00:51:34.080] BAD_PACKET[TCP_prs2026hitl_7100] unknown packet ID 0x73; discarded 1 byte(s)
[00:51:34.080] BAD_PACKET[TCP_prs2026hitl_7100] unknown packet ID 0x29; discarded 1 byte(s)
[00:51:34.080] BAD_PACKET[TCP_prs2026hitl_7100] unknown packet ID 0x0d; discarded 1 byte(s)
[00:51:34.081] BAD_PACKET[TCP_prs2026hitl_7100] unknown packet ID 0x0a; discarded 1 byte(s)
[00:51:34.139] RX[TCP_prs2026hitl_7100]  49 20 28 32 32 37 32 33 34 36 29 20 61 70 65 72 74 75 72 65 3a 20 48 65 61 72 74 62 65 61 74 20 73 65 6e 74 0d 0a
[00:51:34.140] BAD_PACKET[TCP_prs2026hitl_7100] unknown packet ID 0x49; discarded 1 byte(s)
[00:51:34.141] BAD_PACKET[TCP_prs2026hitl_7100] unknown packet ID 0x20; discarded 1 byte(s)
[00:51:34.141] BAD_PACKET[TCP_prs2026hitl_7100] unknown packet ID 0x28; discarded 1 byte(s)
[00:51:34.141] BAD_PACKET[TCP_prs2026hitl_7100] unknown packet ID 0x32; discarded 1 byte(s)
[00:51:34.142] BAD_PACKET[TCP_prs2026hitl_7100] unknown packet ID 0x32; discarded 1 byte(s)
[00:51:34.142] BAD_PACKET[TCP_prs2026hitl_7100] unknown packet ID 0x37; discarded 1 byte(s)
[00:51:34.143] BAD_PACKET[TCP_prs2026hitl_7100] unknown packet ID 0x32; discarded 1 byte(s)
[00:51:34.143] BAD_PACKET[TCP_prs2026hitl_7100] unknown packet ID 0x33; discarded 1 byte(s)
[00:51:34.143] BAD_PACKET[TCP_prs2026hitl_7100] unknown packet ID 0x34; discarded 1 byte(s)
[00:51:34.144] BAD_PACKET[TCP_prs2026hitl_7100] unknown packet ID 0x36; discarded 1 byte(s)
[00:51:34.144] BAD_PACKET[TCP_prs2026hitl_7100] unknown packet ID 0x29; discarded 1 byte(s)
[00:51:34.144] BAD_PACKET[TCP_prs2026hitl_7100] unknown packet ID 0x20; discarded 1 byte(s)
[00:51:34.145] BAD_PACKET[TCP_prs2026hitl_7100] unknown packet ID 0x61; discarded 1 byte(s)
[00:51:34.145] BAD_PACKET[TCP_prs2026hitl_7100] unknown packet ID 0x70; discarded 1 byte(s)
[00:51:34.145] BAD_PACKET[TCP_prs2026hitl_7100] unknown packet ID 0x65; discarded 1 byte(s)
[00:51:34.145] BAD_PACKET[TCP_prs2026hitl_7100] unknown packet ID 0x72; discarded 1 byte(s)
[00:51:34.146] BAD_PACKET[TCP_prs2026hitl_7100] unknown packet ID 0x74; discarded 1 byte(s)
[00:51:34.146] BAD_PACKET[TCP_prs2026hitl_7100] unknown packet ID 0x75; discarded 1 byte(s)
[00:51:34.146] BAD_PACKET[TCP_prs2026hitl_7100] unknown packet ID 0x72; discarded 1 byte(s)
[00:51:34.147] BAD_PACKET[TCP_prs2026hitl_7100] unknown packet ID 0x65; discarded 1 byte(s)
[00:51:34.147] BAD_PACKET[TCP_prs2026hitl_7100] unknown packet ID 0x3a; discarded 1 byte(s)
[00:51:34.147] BAD_PACKET[TCP_prs2026hitl_7100] unknown packet ID 0x20; discarded 1 byte(s)
[00:51:34.148] BAD_PACKET[TCP_prs2026hitl_7100] unknown packet ID 0x48; discarded 1 byte(s)
[00:51:34.148] BAD_PACKET[TCP_prs2026hitl_7100] unknown packet ID 0x65; discarded 1 byte(s)
[00:51:34.148] BAD_PACKET[TCP_prs2026hitl_7100] unknown packet ID 0x61; discarded 1 byte(s)
[00:51:34.148] BAD_PACKET[TCP_prs2026hitl_7100] unknown packet ID 0x72; discarded 1 byte(s)
[00:51:34.149] BAD_PACKET[TCP_prs2026hitl_7100] unknown packet ID 0x74; discarded 1 byte(s)
[00:51:34.149] BAD_PACKET[TCP_prs2026hitl_7100] unknown packet ID 0x62; discarded 1 byte(s)
[00:51:34.150] BAD_PACKET[TCP_prs2026hitl_7100] unknown packet ID 0x65; discarded 1 byte(s)
[00:51:34.151] BAD_PACKET[TCP_prs2026hitl_7100] unknown packet ID 0x61; discarded 1 byte(s)
[00:51:34.151] BAD_PACKET[TCP_prs2026hitl_7100] unknown packet ID 0x74; discarded 1 byte(s)
[00:51:34.151] BAD_PACKET[TCP_prs2026hitl_7100] unknown packet ID 0x20; discarded 1 byte(s)
[00:51:34.152] BAD_PACKET[TCP_prs2026hitl_7100] unknown packet ID 0x73; discarded 1 byte(s)
[00:51:34.152] BAD_PACKET[TCP_prs2026hitl_7100] unknown packet ID 0x65; discarded 1 byte(s)
[00:51:34.153] BAD_PACKET[TCP_prs2026hitl_7100] unknown packet ID 0x6e; discarded 1 byte(s)
[00:51:34.153] BAD_PACKET[TCP_prs2026hitl_7100] unknown packet ID 0x74; discarded 1 byte(s)
[00:51:34.153] BAD_PACKET[TCP_prs2026hitl_7100] unknown packet ID 0x0d; discarded 1 byte(s)
[00:51:34.154] BAD_PACKET[TCP_prs2026hitl_7100] unknown packet ID 0x0a; discarded 1 byte(s)
[00:51:34.989] RX[COM21]  03
[00:51:34.990] RX[COM21]  00 00 00 00 00 00 00 00 00 00 85 0f 00 00 00 14 44 0a
[00:51:34.991] PACKET[COM21] camera: fc_status=0, fc_uptime=0, status=0, uptime=34063, current_sense=[0.0, 0.0, 0.0], iris_battery_voltage=5.188
[00:51:35.048] RX[TCP_prs2026hitl_7100]  49 20 28 32 32 37 33 33 30 36 29 20 61 70 65 72 74 75 72 65 3a 20 53 65 6e 64 69 6e 67 20 68 65 61 72 74 62 65 61 74 20 28 38 20 62 79 74 65 73 29 0d 0a
[00:51:35.050] BAD_PACKET[TCP_prs2026hitl_7100] unknown packet ID 0x49; discarded 1 byte(s)
[00:51:35.051] BAD_PACKET[TCP_prs2026hitl_7100] unknown packet ID 0x20; discarded 1 byte(s)
[00:51:35.051] BAD_PACKET[TCP_prs2026hitl_7100] unknown packet ID 0x28; discarded 1 byte(s)
[00:51:35.052] BAD_PACKET[TCP_prs2026hitl_7100] unknown packet ID 0x32; discarded 1 byte(s)
[00:51:35.052] BAD_PACKET[TCP_prs2026hitl_7100] unknown packet ID 0x32; discarded 1 byte(s)
[00:51:35.052] BAD_PACKET[TCP_prs2026hitl_7100] unknown packet ID 0x37; discarded 1 byte(s)
[00:51:35.053] BAD_PACKET[TCP_prs2026hitl_7100] unknown packet ID 0x33; discarded 1 byte(s)
[00:51:35.053] BAD_PACKET[TCP_prs2026hitl_7100] unknown packet ID 0x33; discarded 1 byte(s)
[00:51:35.053] BAD_PACKET[TCP_prs2026hitl_7100] unknown packet ID 0x30; discarded 1 byte(s)
[00:51:35.053] BAD_PACKET[TCP_prs2026hitl_7100] unknown packet ID 0x36; discarded 1 byte(s)
[00:51:35.054] BAD_PACKET[TCP_prs2026hitl_7100] unknown packet ID 0x29; discarded 1 byte(s)
[00:51:35.054] BAD_PACKET[TCP_prs2026hitl_7100] unknown packet ID 0x20; discarded 1 byte(s)
[00:51:35.054] BAD_PACKET[TCP_prs2026hitl_7100] unknown packet ID 0x61; discarded 1 byte(s)
[00:51:35.055] BAD_PACKET[TCP_prs2026hitl_7100] unknown packet ID 0x70; discarded 1 byte(s)
[00:51:35.055] BAD_PACKET[TCP_prs2026hitl_7100] unknown packet ID 0x65; discarded 1 byte(s)
[00:51:35.055] BAD_PACKET[TCP_prs2026hitl_7100] unknown packet ID 0x72; discarded 1 byte(s)
[00:51:35.056] BAD_PACKET[TCP_prs2026hitl_7100] unknown packet ID 0x74; discarded 1 byte(s)
[00:51:35.056] BAD_PACKET[TCP_prs2026hitl_7100] unknown packet ID 0x75; discarded 1 byte(s)
[00:51:35.056] BAD_PACKET[TCP_prs2026hitl_7100] unknown packet ID 0x72; discarded 1 byte(s)
[00:51:35.057] BAD_PACKET[TCP_prs2026hitl_7100] unknown packet ID 0x65; discarded 1 byte(s)
[00:51:35.057] BAD_PACKET[TCP_prs2026hitl_7100] unknown packet ID 0x3a; discarded 1 byte(s)
[00:51:35.057] BAD_PACKET[TCP_prs2026hitl_7100] unknown packet ID 0x20; discarded 1 byte(s)
[00:51:35.057] BAD_PACKET[TCP_prs2026hitl_7100] unknown packet ID 0x53; discarded 1 byte(s)
[00:51:35.058] BAD_PACKET[TCP_prs2026hitl_7100] unknown packet ID 0x65; discarded 1 byte(s)
[00:51:35.058] BAD_PACKET[TCP_prs2026hitl_7100] unknown packet ID 0x6e; discarded 1 byte(s)
[00:51:35.059] BAD_PACKET[TCP_prs2026hitl_7100] unknown packet ID 0x64; discarded 1 byte(s)
[00:51:35.060] BAD_PACKET[TCP_prs2026hitl_7100] unknown packet ID 0x69; discarded 1 byte(s)
[00:51:35.060] BAD_PACKET[TCP_prs2026hitl_7100] unknown packet ID 0x6e; discarded 1 byte(s)
[00:51:35.060] BAD_PACKET[TCP_prs2026hitl_7100] unknown packet ID 0x67; discarded 1 byte(s)
[00:51:35.061] BAD_PACKET[TCP_prs2026hitl_7100] unknown packet ID 0x20; discarded 1 byte(s)
[00:51:35.061] BAD_PACKET[TCP_prs2026hitl_7100] unknown packet ID 0x68; discarded 1 byte(s)
[00:51:35.062] BAD_PACKET[TCP_prs2026hitl_7100] unknown packet ID 0x65; discarded 1 byte(s)
[00:51:35.062] BAD_PACKET[TCP_prs2026hitl_7100] unknown packet ID 0x61; discarded 1 byte(s)
[00:51:35.062] BAD_PACKET[TCP_prs2026hitl_7100] unknown packet ID 0x72; discarded 1 byte(s)
[00:51:35.063] BAD_PACKET[TCP_prs2026hitl_7100] unknown packet ID 0x74; discarded 1 byte(s)
[00:51:35.063] BAD_PACKET[TCP_prs2026hitl_7100] unknown packet ID 0x62; discarded 1 byte(s)
[00:51:35.063] BAD_PACKET[TCP_prs2026hitl_7100] unknown packet ID 0x65; discarded 1 byte(s)
[00:51:35.064] BAD_PACKET[TCP_prs2026hitl_7100] unknown packet ID 0x61; discarded 1 byte(s)
[00:51:35.065] BAD_PACKET[TCP_prs2026hitl_7100] unknown packet ID 0x74; discarded 1 byte(s)
[00:51:35.065] BAD_PACKET[TCP_prs2026hitl_7100] unknown packet ID 0x20; discarded 1 byte(s)
[00:51:35.065] BAD_PACKET[TCP_prs2026hitl_7100] unknown packet ID 0x28; discarded 1 byte(s)
[00:51:35.066] BAD_PACKET[TCP_prs2026hitl_7100] unknown packet ID 0x38; discarded 1 byte(s)
[00:51:35.066] BAD_PACKET[TCP_prs2026hitl_7100] unknown packet ID 0x20; discarded 1 byte(s)
[00:51:35.066] BAD_PACKET[TCP_prs2026hitl_7100] unknown packet ID 0x62; discarded 1 byte(s)
[00:51:35.067] BAD_PACKET[TCP_prs2026hitl_7100] unknown packet ID 0x79; discarded 1 byte(s)
[00:51:35.067] BAD_PACKET[TCP_prs2026hitl_7100] unknown packet ID 0x74; discarded 1 byte(s)
[00:51:35.067] BAD_PACKET[TCP_prs2026hitl_7100] unknown packet ID 0x65; discarded 1 byte(s)
[00:51:35.068] BAD_PACKET[TCP_prs2026hitl_7100] unknown packet ID 0x73; discarded 1 byte(s)
[00:51:35.068] BAD_PACKET[TCP_prs2026hitl_7100] unknown packet ID 0x29; discarded 1 byte(s)
[00:51:35.068] BAD_PACKET[TCP_prs2026hitl_7100] unknown packet ID 0x0d; discarded 1 byte(s)
[00:51:35.069] BAD_PACKET[TCP_prs2026hitl_7100] unknown packet ID 0x0a; discarded 1 byte(s)
[00:51:35.126] RX[TCP_prs2026hitl_7100]  49 20 28 32 32 37 33 33 34 36 29 20 61 70 65 72 74 75 72 65 3a 20 48 65 61 72 74 62 65 61 74 20 73 65 6e 74 0d 0a
[00:51:35.126] BAD_PACKET[TCP_prs2026hitl_7100] unknown packet ID 0x49; discarded 1 byte(s)
[00:51:35.127] BAD_PACKET[TCP_prs2026hitl_7100] unknown packet ID 0x20; discarded 1 byte(s)
[00:51:35.127] BAD_PACKET[TCP_prs2026hitl_7100] unknown packet ID 0x28; discarded 1 byte(s)
[00:51:35.127] BAD_PACKET[TCP_prs2026hitl_7100] unknown packet ID 0x32; discarded 1 byte(s)
[00:51:35.128] BAD_PACKET[TCP_prs2026hitl_7100] unknown packet ID 0x32; discarded 1 byte(s)
[00:51:35.128] BAD_PACKET[TCP_prs2026hitl_7100] unknown packet ID 0x37; discarded 1 byte(s)
[00:51:35.128] BAD_PACKET[TCP_prs2026hitl_7100] unknown packet ID 0x33; discarded 1 byte(s)
[00:51:35.128] BAD_PACKET[TCP_prs2026hitl_7100] unknown packet ID 0x33; discarded 1 byte(s)
[00:51:35.129] BAD_PACKET[TCP_prs2026hitl_7100] unknown packet ID 0x34; discarded 1 byte(s)
[00:51:35.129] BAD_PACKET[TCP_prs2026hitl_7100] unknown packet ID 0x36; discarded 1 byte(s)
[00:51:35.129] BAD_PACKET[TCP_prs2026hitl_7100] unknown packet ID 0x29; discarded 1 byte(s)
[00:51:35.130] BAD_PACKET[TCP_prs2026hitl_7100] unknown packet ID 0x20; discarded 1 byte(s)
[00:51:35.130] BAD_PACKET[TCP_prs2026hitl_7100] unknown packet ID 0x61; discarded 1 byte(s)
[00:51:35.130] BAD_PACKET[TCP_prs2026hitl_7100] unknown packet ID 0x70; discarded 1 byte(s)
[00:51:35.131] BAD_PACKET[TCP_prs2026hitl_7100] unknown packet ID 0x65; discarded 1 byte(s)
[00:51:35.131] BAD_PACKET[TCP_prs2026hitl_7100] unknown packet ID 0x72; discarded 1 byte(s)
[00:51:35.131] BAD_PACKET[TCP_prs2026hitl_7100] unknown packet ID 0x74; discarded 1 byte(s)
[00:51:35.132] BAD_PACKET[TCP_prs2026hitl_7100] unknown packet ID 0x75; discarded 1 byte(s)
[00:51:35.132] BAD_PACKET[TCP_prs2026hitl_7100] unknown packet ID 0x72; discarded 1 byte(s)
[00:51:35.132] BAD_PACKET[TCP_prs2026hitl_7100] unknown packet ID 0x65; discarded 1 byte(s)
[00:51:35.132] BAD_PACKET[TCP_prs2026hitl_7100] unknown packet ID 0x3a; discarded 1 byte(s)
[00:51:35.133] BAD_PACKET[TCP_prs2026hitl_7100] unknown packet ID 0x20; discarded 1 byte(s)
[00:51:35.133] BAD_PACKET[TCP_prs2026hitl_7100] unknown packet ID 0x48; discarded 1 byte(s)
[00:51:35.134] BAD_PACKET[TCP_prs2026hitl_7100] unknown packet ID 0x65; discarded 1 byte(s)
[00:51:35.135] BAD_PACKET[TCP_prs2026hitl_7100] unknown packet ID 0x61; discarded 1 byte(s)
[00:51:35.135] BAD_PACKET[TCP_prs2026hitl_7100] unknown packet ID 0x72; discarded 1 byte(s)
[00:51:35.135] BAD_PACKET[TCP_prs2026hitl_7100] unknown packet ID 0x74; discarded 1 byte(s)
[00:51:35.136] BAD_PACKET[TCP_prs2026hitl_7100] unknown packet ID 0x62; discarded 1 byte(s)
[00:51:35.136] BAD_PACKET[TCP_prs2026hitl_7100] unknown packet ID 0x65; discarded 1 byte(s)
[00:51:35.137] BAD_PACKET[TCP_prs2026hitl_7100] unknown packet ID 0x61; discarded 1 byte(s)
[00:51:35.137] BAD_PACKET[TCP_prs2026hitl_7100] unknown packet ID 0x74; discarded 1 byte(s)
[00:51:35.137] BAD_PACKET[TCP_prs2026hitl_7100] unknown packet ID 0x20; discarded 1 byte(s)
[00:51:35.138] BAD_PACKET[TCP_prs2026hitl_7100] unknown packet ID 0x73; discarded 1 byte(s)
[00:51:35.138] BAD_PACKET[TCP_prs2026hitl_7100] unknown packet ID 0x65; discarded 1 byte(s)
[00:51:35.138] BAD_PACKET[TCP_prs2026hitl_7100] unknown packet ID 0x6e; discarded 1 byte(s)
[00:51:35.139] BAD_PACKET[TCP_prs2026hitl_7100] unknown packet ID 0x74; discarded 1 byte(s)
[00:51:35.139] BAD_PACKET[TCP_prs2026hitl_7100] unknown packet ID 0x0d; discarded 1 byte(s)
[00:51:35.139] BAD_PACKET[TCP_prs2026hitl_7100] unknown packet ID 0x0a; discarded 1 byte(s)
[00:51:35.973] RX[COM21]  03
[00:51:35.974] RX[COM21]  00 00 00 00 00 00 00 00 00 00 88 f7 00 00 00 14 40 0a
[00:51:35.976] PACKET[COM21] camera: fc_status=0, fc_uptime=0, status=0, uptime=35063, current_sense=[0.0, 0.0, 0.0], iris_battery_voltage=5.184
[00:51:36.096] RX[TCP_prs2026hitl_7100]  49 20 28 32 32 37 34 33 30 36 29 20 61 70 65 72 74 75 72 65 3a 20 53 65 6e 64 69 6e 67 20 68 65 61 72 74 62 65 61 74 20 28 38 20 62 79 74 65 73 29 0d 0a
[00:51:36.097] BAD_PACKET[TCP_prs2026hitl_7100] unknown packet ID 0x49; discarded 1 byte(s)
[00:51:36.098] BAD_PACKET[TCP_prs2026hitl_7100] unknown packet ID 0x20; discarded 1 byte(s)
[00:51:36.098] BAD_PACKET[TCP_prs2026hitl_7100] unknown packet ID 0x28; discarded 1 byte(s)
[00:51:36.099] BAD_PACKET[TCP_prs2026hitl_7100] unknown packet ID 0x32; discarded 1 byte(s)
[00:51:36.099] BAD_PACKET[TCP_prs2026hitl_7100] unknown packet ID 0x32; discarded 1 byte(s)
[00:51:36.100] BAD_PACKET[TCP_prs2026hitl_7100] unknown packet ID 0x37; discarded 1 byte(s)
[00:51:36.100] BAD_PACKET[TCP_prs2026hitl_7100] unknown packet ID 0x34; discarded 1 byte(s)
[00:51:36.100] BAD_PACKET[TCP_prs2026hitl_7100] unknown packet ID 0x33; discarded 1 byte(s)
[00:51:36.101] BAD_PACKET[TCP_prs2026hitl_7100] unknown packet ID 0x30; discarded 1 byte(s)
[00:51:36.101] BAD_PACKET[TCP_prs2026hitl_7100] unknown packet ID 0x36; discarded 1 byte(s)
[00:51:36.101] BAD_PACKET[TCP_prs2026hitl_7100] unknown packet ID 0x29; discarded 1 byte(s)
[00:51:36.102] BAD_PACKET[TCP_prs2026hitl_7100] unknown packet ID 0x20; discarded 1 byte(s)
[00:51:36.102] BAD_PACKET[TCP_prs2026hitl_7100] unknown packet ID 0x61; discarded 1 byte(s)
[00:51:36.102] BAD_PACKET[TCP_prs2026hitl_7100] unknown packet ID 0x70; discarded 1 byte(s)
[00:51:36.103] BAD_PACKET[TCP_prs2026hitl_7100] unknown packet ID 0x65; discarded 1 byte(s)
[00:51:36.103] BAD_PACKET[TCP_prs2026hitl_7100] unknown packet ID 0x72; discarded 1 byte(s)
[00:51:36.103] BAD_PACKET[TCP_prs2026hitl_7100] unknown packet ID 0x74; discarded 1 byte(s)
[00:51:36.103] BAD_PACKET[TCP_prs2026hitl_7100] unknown packet ID 0x75; discarded 1 byte(s)
[00:51:36.104] BAD_PACKET[TCP_prs2026hitl_7100] unknown packet ID 0x72; discarded 1 byte(s)
[00:51:36.104] BAD_PACKET[TCP_prs2026hitl_7100] unknown packet ID 0x65; discarded 1 byte(s)
[00:51:36.104] BAD_PACKET[TCP_prs2026hitl_7100] unknown packet ID 0x3a; discarded 1 byte(s)
[00:51:36.105] BAD_PACKET[TCP_prs2026hitl_7100] unknown packet ID 0x20; discarded 1 byte(s)
[00:51:36.105] BAD_PACKET[TCP_prs2026hitl_7100] unknown packet ID 0x53; discarded 1 byte(s)
[00:51:36.105] BAD_PACKET[TCP_prs2026hitl_7100] unknown packet ID 0x65; discarded 1 byte(s)
[00:51:36.106] BAD_PACKET[TCP_prs2026hitl_7100] unknown packet ID 0x6e; discarded 1 byte(s)
[00:51:36.106] BAD_PACKET[TCP_prs2026hitl_7100] unknown packet ID 0x64; discarded 1 byte(s)
[00:51:36.106] BAD_PACKET[TCP_prs2026hitl_7100] unknown packet ID 0x69; discarded 1 byte(s)
[00:51:36.106] BAD_PACKET[TCP_prs2026hitl_7100] unknown packet ID 0x6e; discarded 1 byte(s)
[00:51:36.107] BAD_PACKET[TCP_prs2026hitl_7100] unknown packet ID 0x67; discarded 1 byte(s)
[00:51:36.107] BAD_PACKET[TCP_prs2026hitl_7100] unknown packet ID 0x20; discarded 1 byte(s)
[00:51:36.107] BAD_PACKET[TCP_prs2026hitl_7100] unknown packet ID 0x68; discarded 1 byte(s)
[00:51:36.108] BAD_PACKET[TCP_prs2026hitl_7100] unknown packet ID 0x65; discarded 1 byte(s)
[00:51:36.108] BAD_PACKET[TCP_prs2026hitl_7100] unknown packet ID 0x61; discarded 1 byte(s)
[00:51:36.109] BAD_PACKET[TCP_prs2026hitl_7100] unknown packet ID 0x72; discarded 1 byte(s)
[00:51:36.109] BAD_PACKET[TCP_prs2026hitl_7100] unknown packet ID 0x74; discarded 1 byte(s)
[00:51:36.109] BAD_PACKET[TCP_prs2026hitl_7100] unknown packet ID 0x62; discarded 1 byte(s)
[00:51:36.110] BAD_PACKET[TCP_prs2026hitl_7100] unknown packet ID 0x65; discarded 1 byte(s)
[00:51:36.110] BAD_PACKET[TCP_prs2026hitl_7100] unknown packet ID 0x61; discarded 1 byte(s)
[00:51:36.110] BAD_PACKET[TCP_prs2026hitl_7100] unknown packet ID 0x74; discarded 1 byte(s)
[00:51:36.110] BAD_PACKET[TCP_prs2026hitl_7100] unknown packet ID 0x20; discarded 1 byte(s)
[00:51:36.111] BAD_PACKET[TCP_prs2026hitl_7100] unknown packet ID 0x28; discarded 1 byte(s)
[00:51:36.111] BAD_PACKET[TCP_prs2026hitl_7100] unknown packet ID 0x38; discarded 1 byte(s)
[00:51:36.111] BAD_PACKET[TCP_prs2026hitl_7100] unknown packet ID 0x20; discarded 1 byte(s)
[00:51:36.112] BAD_PACKET[TCP_prs2026hitl_7100] unknown packet ID 0x62; discarded 1 byte(s)
[00:51:36.112] BAD_PACKET[TCP_prs2026hitl_7100] unknown packet ID 0x79; discarded 1 byte(s)
[00:51:36.112] BAD_PACKET[TCP_prs2026hitl_7100] unknown packet ID 0x74; discarded 1 byte(s)
[00:51:36.113] BAD_PACKET[TCP_prs2026hitl_7100] unknown packet ID 0x65; discarded 1 byte(s)
[00:51:36.113] BAD_PACKET[TCP_prs2026hitl_7100] unknown packet ID 0x73; discarded 1 byte(s)
[00:51:36.113] BAD_PACKET[TCP_prs2026hitl_7100] unknown packet ID 0x29; discarded 1 byte(s)
[00:51:36.114] BAD_PACKET[TCP_prs2026hitl_7100] unknown packet ID 0x0d; discarded 1 byte(s)
[00:51:36.114] BAD_PACKET[TCP_prs2026hitl_7100] unknown packet ID 0x0a; discarded 1 byte(s)
[00:51:36.114] RX[TCP_prs2026hitl_7100]  49 20 28 32 32 37 34 33 34 36 29 20 61 70 65 72 74 75 72 65 3a 20 48 65 61 72 74 62 65 61 74 20 73 65 6e 74 0d 0a
[00:51:36.114] BAD_PACKET[TCP_prs2026hitl_7100] unknown packet ID 0x49; discarded 1 byte(s)
[00:51:36.115] BAD_PACKET[TCP_prs2026hitl_7100] unknown packet ID 0x20; discarded 1 byte(s)
[00:51:36.115] BAD_PACKET[TCP_prs2026hitl_7100] unknown packet ID 0x28; discarded 1 byte(s)
[00:51:36.115] BAD_PACKET[TCP_prs2026hitl_7100] unknown packet ID 0x32; discarded 1 byte(s)
[00:51:36.116] BAD_PACKET[TCP_prs2026hitl_7100] unknown packet ID 0x32; discarded 1 byte(s)
[00:51:36.116] BAD_PACKET[TCP_prs2026hitl_7100] unknown packet ID 0x37; discarded 1 byte(s)
[00:51:36.117] BAD_PACKET[TCP_prs2026hitl_7100] unknown packet ID 0x34; discarded 1 byte(s)
[00:51:36.117] BAD_PACKET[TCP_prs2026hitl_7100] unknown packet ID 0x33; discarded 1 byte(s)
[00:51:36.117] BAD_PACKET[TCP_prs2026hitl_7100] unknown packet ID 0x34; discarded 1 byte(s)
[00:51:36.118] BAD_PACKET[TCP_prs2026hitl_7100] unknown packet ID 0x36; discarded 1 byte(s)
[00:51:36.118] BAD_PACKET[TCP_prs2026hitl_7100] unknown packet ID 0x29; discarded 1 byte(s)
[00:51:36.118] BAD_PACKET[TCP_prs2026hitl_7100] unknown packet ID 0x20; discarded 1 byte(s)
[00:51:36.119] BAD_PACKET[TCP_prs2026hitl_7100] unknown packet ID 0x61; discarded 1 byte(s)
[00:51:36.119] BAD_PACKET[TCP_prs2026hitl_7100] unknown packet ID 0x70; discarded 1 byte(s)
[00:51:36.119] BAD_PACKET[TCP_prs2026hitl_7100] unknown packet ID 0x65; discarded 1 byte(s)
[00:51:36.119] BAD_PACKET[TCP_prs2026hitl_7100] unknown packet ID 0x72; discarded 1 byte(s)
[00:51:36.120] BAD_PACKET[TCP_prs2026hitl_7100] unknown packet ID 0x74; discarded 1 byte(s)
[00:51:36.120] BAD_PACKET[TCP_prs2026hitl_7100] unknown packet ID 0x75; discarded 1 byte(s)
[00:51:36.120] BAD_PACKET[TCP_prs2026hitl_7100] unknown packet ID 0x72; discarded 1 byte(s)
[00:51:36.121] BAD_PACKET[TCP_prs2026hitl_7100] unknown packet ID 0x65; discarded 1 byte(s)
[00:51:36.121] BAD_PACKET[TCP_prs2026hitl_7100] unknown packet ID 0x3a; discarded 1 byte(s)
[00:51:36.121] BAD_PACKET[TCP_prs2026hitl_7100] unknown packet ID 0x20; discarded 1 byte(s)
[00:51:36.122] BAD_PACKET[TCP_prs2026hitl_7100] unknown packet ID 0x48; discarded 1 byte(s)
[00:51:36.122] BAD_PACKET[TCP_prs2026hitl_7100] unknown packet ID 0x65; discarded 1 byte(s)
[00:51:36.122] BAD_PACKET[TCP_prs2026hitl_7100] unknown packet ID 0x61; discarded 1 byte(s)
[00:51:36.122] BAD_PACKET[TCP_prs2026hitl_7100] unknown packet ID 0x72; discarded 1 byte(s)
[00:51:36.123] BAD_PACKET[TCP_prs2026hitl_7100] unknown packet ID 0x74; discarded 1 byte(s)
[00:51:36.123] BAD_PACKET[TCP_prs2026hitl_7100] unknown packet ID 0x62; discarded 1 byte(s)
[00:51:36.123] BAD_PACKET[TCP_prs2026hitl_7100] unknown packet ID 0x65; discarded 1 byte(s)
[00:51:36.124] BAD_PACKET[TCP_prs2026hitl_7100] unknown packet ID 0x61; discarded 1 byte(s)
[00:51:36.124] BAD_PACKET[TCP_prs2026hitl_7100] unknown packet ID 0x74; discarded 1 byte(s)
[00:51:36.125] BAD_PACKET[TCP_prs2026hitl_7100] unknown packet ID 0x20; discarded 1 byte(s)
[00:51:36.125] BAD_PACKET[TCP_prs2026hitl_7100] unknown packet ID 0x73; discarded 1 byte(s)
[00:51:36.126] BAD_PACKET[TCP_prs2026hitl_7100] unknown packet ID 0x65; discarded 1 byte(s)
[00:51:36.126] BAD_PACKET[TCP_prs2026hitl_7100] unknown packet ID 0x6e; discarded 1 byte(s)
[00:51:36.127] BAD_PACKET[TCP_prs2026hitl_7100] unknown packet ID 0x74; discarded 1 byte(s)
[00:51:36.127] BAD_PACKET[TCP_prs2026hitl_7100] unknown packet ID 0x0d; discarded 1 byte(s)
[00:51:36.128] BAD_PACKET[TCP_prs2026hitl_7100] unknown packet ID 0x0a; discarded 1 byte(s)
[00:51:37.003] RX[COM21]  03
[00:51:37.005] RX[COM21]  00 00 00 00 00 00 00 00 00 00 8c df 00 00 00 14 40 0a
[00:51:37.006] PACKET[COM21] camera: fc_status=0, fc_uptime=0, status=0, uptime=36063, current_sense=[0.0, 0.0, 0.0], iris_battery_voltage=5.184
[00:51:37.064] RX[TCP_prs2026hitl_7100]  49 20 28 32 32 37 35 33 30 36 29 20 61 70 65 72 74 75 72 65 3a 20 53 65 6e 64 69 6e 67 20 68 65 61 72 74 62 65 61 74 20 28 38 20 62 79 74 65 73 29 0d 0a
[00:51:37.065] BAD_PACKET[TCP_prs2026hitl_7100] unknown packet ID 0x49; discarded 1 byte(s)
[00:51:37.066] BAD_PACKET[TCP_prs2026hitl_7100] unknown packet ID 0x20; discarded 1 byte(s)
[00:51:37.066] BAD_PACKET[TCP_prs2026hitl_7100] unknown packet ID 0x28; discarded 1 byte(s)
[00:51:37.067] BAD_PACKET[TCP_prs2026hitl_7100] unknown packet ID 0x32; discarded 1 byte(s)
[00:51:37.067] BAD_PACKET[TCP_prs2026hitl_7100] unknown packet ID 0x32; discarded 1 byte(s)
[00:51:37.067] BAD_PACKET[TCP_prs2026hitl_7100] unknown packet ID 0x37; discarded 1 byte(s)
[00:51:37.068] BAD_PACKET[TCP_prs2026hitl_7100] unknown packet ID 0x35; discarded 1 byte(s)
[00:51:37.068] BAD_PACKET[TCP_prs2026hitl_7100] unknown packet ID 0x33; discarded 1 byte(s)
[00:51:37.068] BAD_PACKET[TCP_prs2026hitl_7100] unknown packet ID 0x30; discarded 1 byte(s)
[00:51:37.068] BAD_PACKET[TCP_prs2026hitl_7100] unknown packet ID 0x36; discarded 1 byte(s)
[00:51:37.069] BAD_PACKET[TCP_prs2026hitl_7100] unknown packet ID 0x29; discarded 1 byte(s)
[00:51:37.069] BAD_PACKET[TCP_prs2026hitl_7100] unknown packet ID 0x20; discarded 1 byte(s)
[00:51:37.070] BAD_PACKET[TCP_prs2026hitl_7100] unknown packet ID 0x61; discarded 1 byte(s)
[00:51:37.070] BAD_PACKET[TCP_prs2026hitl_7100] unknown packet ID 0x70; discarded 1 byte(s)
[00:51:37.070] BAD_PACKET[TCP_prs2026hitl_7100] unknown packet ID 0x65; discarded 1 byte(s)
[00:51:37.070] BAD_PACKET[TCP_prs2026hitl_7100] unknown packet ID 0x72; discarded 1 byte(s)
[00:51:37.071] BAD_PACKET[TCP_prs2026hitl_7100] unknown packet ID 0x74; discarded 1 byte(s)
[00:51:37.071] BAD_PACKET[TCP_prs2026hitl_7100] unknown packet ID 0x75; discarded 1 byte(s)
[00:51:37.071] BAD_PACKET[TCP_prs2026hitl_7100] unknown packet ID 0x72; discarded 1 byte(s)
[00:51:37.072] BAD_PACKET[TCP_prs2026hitl_7100] unknown packet ID 0x65; discarded 1 byte(s)
[00:51:37.072] BAD_PACKET[TCP_prs2026hitl_7100] unknown packet ID 0x3a; discarded 1 byte(s)
[00:51:37.072] BAD_PACKET[TCP_prs2026hitl_7100] unknown packet ID 0x20; discarded 1 byte(s)
[00:51:37.073] BAD_PACKET[TCP_prs2026hitl_7100] unknown packet ID 0x53; discarded 1 byte(s)
[00:51:37.073] BAD_PACKET[TCP_prs2026hitl_7100] unknown packet ID 0x65; discarded 1 byte(s)
[00:51:37.073] BAD_PACKET[TCP_prs2026hitl_7100] unknown packet ID 0x6e; discarded 1 byte(s)
[00:51:37.074] BAD_PACKET[TCP_prs2026hitl_7100] unknown packet ID 0x64; discarded 1 byte(s)
[00:51:37.074] BAD_PACKET[TCP_prs2026hitl_7100] unknown packet ID 0x69; discarded 1 byte(s)
[00:51:37.074] BAD_PACKET[TCP_prs2026hitl_7100] unknown packet ID 0x6e; discarded 1 byte(s)
[00:51:37.075] BAD_PACKET[TCP_prs2026hitl_7100] unknown packet ID 0x67; discarded 1 byte(s)
[00:51:37.076] BAD_PACKET[TCP_prs2026hitl_7100] unknown packet ID 0x20; discarded 1 byte(s)
[00:51:37.076] BAD_PACKET[TCP_prs2026hitl_7100] unknown packet ID 0x68; discarded 1 byte(s)
[00:51:37.077] BAD_PACKET[TCP_prs2026hitl_7100] unknown packet ID 0x65; discarded 1 byte(s)
[00:51:37.077] BAD_PACKET[TCP_prs2026hitl_7100] unknown packet ID 0x61; discarded 1 byte(s)
[00:51:37.078] BAD_PACKET[TCP_prs2026hitl_7100] unknown packet ID 0x72; discarded 1 byte(s)
[00:51:37.078] BAD_PACKET[TCP_prs2026hitl_7100] unknown packet ID 0x74; discarded 1 byte(s)
[00:51:37.078] BAD_PACKET[TCP_prs2026hitl_7100] unknown packet ID 0x62; discarded 1 byte(s)
[00:51:37.079] BAD_PACKET[TCP_prs2026hitl_7100] unknown packet ID 0x65; discarded 1 byte(s)
[00:51:37.079] BAD_PACKET[TCP_prs2026hitl_7100] unknown packet ID 0x61; discarded 1 byte(s)
[00:51:37.080] BAD_PACKET[TCP_prs2026hitl_7100] unknown packet ID 0x74; discarded 1 byte(s)
[00:51:37.080] BAD_PACKET[TCP_prs2026hitl_7100] unknown packet ID 0x20; discarded 1 byte(s)
[00:51:37.080] BAD_PACKET[TCP_prs2026hitl_7100] unknown packet ID 0x28; discarded 1 byte(s)
[00:51:37.081] BAD_PACKET[TCP_prs2026hitl_7100] unknown packet ID 0x38; discarded 1 byte(s)
[00:51:37.081] BAD_PACKET[TCP_prs2026hitl_7100] unknown packet ID 0x20; discarded 1 byte(s)
[00:51:37.081] BAD_PACKET[TCP_prs2026hitl_7100] unknown packet ID 0x62; discarded 1 byte(s)
[00:51:37.082] BAD_PACKET[TCP_prs2026hitl_7100] unknown packet ID 0x79; discarded 1 byte(s)
[00:51:37.082] BAD_PACKET[TCP_prs2026hitl_7100] unknown packet ID 0x74; discarded 1 byte(s)
[00:51:37.082] BAD_PACKET[TCP_prs2026hitl_7100] unknown packet ID 0x65; discarded 1 byte(s)
[00:51:37.083] BAD_PACKET[TCP_prs2026hitl_7100] unknown packet ID 0x73; discarded 1 byte(s)
[00:51:37.083] BAD_PACKET[TCP_prs2026hitl_7100] unknown packet ID 0x29; discarded 1 byte(s)
[00:51:37.084] BAD_PACKET[TCP_prs2026hitl_7100] unknown packet ID 0x0d; discarded 1 byte(s)
[00:51:37.084] BAD_PACKET[TCP_prs2026hitl_7100] unknown packet ID 0x0a; discarded 1 byte(s)
[00:51:37.140] RX[TCP_prs2026hitl_7100]  49 20 28 32 32 37 35 33 34 36 29 20 61 70 65 72 74 75 72 65 3a 20 48 65 61 72 74 62 65 61 74 20 73 65 6e 74 0d 0a
[00:51:37.141] BAD_PACKET[TCP_prs2026hitl_7100] unknown packet ID 0x49; discarded 1 byte(s)
[00:51:37.142] BAD_PACKET[TCP_prs2026hitl_7100] unknown packet ID 0x20; discarded 1 byte(s)
[00:51:37.142] BAD_PACKET[TCP_prs2026hitl_7100] unknown packet ID 0x28; discarded 1 byte(s)
[00:51:37.142] BAD_PACKET[TCP_prs2026hitl_7100] unknown packet ID 0x32; discarded 1 byte(s)
[00:51:37.142] BAD_PACKET[TCP_prs2026hitl_7100] unknown packet ID 0x32; discarded 1 byte(s)
[00:51:37.143] BAD_PACKET[TCP_prs2026hitl_7100] unknown packet ID 0x37; discarded 1 byte(s)
[00:51:37.143] BAD_PACKET[TCP_prs2026hitl_7100] unknown packet ID 0x35; discarded 1 byte(s)
[00:51:37.143] BAD_PACKET[TCP_prs2026hitl_7100] unknown packet ID 0x33; discarded 1 byte(s)
[00:51:37.144] BAD_PACKET[TCP_prs2026hitl_7100] unknown packet ID 0x34; discarded 1 byte(s)
[00:51:37.144] BAD_PACKET[TCP_prs2026hitl_7100] unknown packet ID 0x36; discarded 1 byte(s)
[00:51:37.144] BAD_PACKET[TCP_prs2026hitl_7100] unknown packet ID 0x29; discarded 1 byte(s)
[00:51:37.145] BAD_PACKET[TCP_prs2026hitl_7100] unknown packet ID 0x20; discarded 1 byte(s)
[00:51:37.145] BAD_PACKET[TCP_prs2026hitl_7100] unknown packet ID 0x61; discarded 1 byte(s)
[00:51:37.145] BAD_PACKET[TCP_prs2026hitl_7100] unknown packet ID 0x70; discarded 1 byte(s)
[00:51:37.146] BAD_PACKET[TCP_prs2026hitl_7100] unknown packet ID 0x65; discarded 1 byte(s)
[00:51:37.146] BAD_PACKET[TCP_prs2026hitl_7100] unknown packet ID 0x72; discarded 1 byte(s)
[00:51:37.146] BAD_PACKET[TCP_prs2026hitl_7100] unknown packet ID 0x74; discarded 1 byte(s)
[00:51:37.146] BAD_PACKET[TCP_prs2026hitl_7100] unknown packet ID 0x75; discarded 1 byte(s)
[00:51:37.147] BAD_PACKET[TCP_prs2026hitl_7100] unknown packet ID 0x72; discarded 1 byte(s)
[00:51:37.148] BAD_PACKET[TCP_prs2026hitl_7100] unknown packet ID 0x65; discarded 1 byte(s)
[00:51:37.148] BAD_PACKET[TCP_prs2026hitl_7100] unknown packet ID 0x3a; discarded 1 byte(s)
[00:51:37.148] BAD_PACKET[TCP_prs2026hitl_7100] unknown packet ID 0x20; discarded 1 byte(s)
[00:51:37.149] BAD_PACKET[TCP_prs2026hitl_7100] unknown packet ID 0x48; discarded 1 byte(s)
[00:51:37.150] BAD_PACKET[TCP_prs2026hitl_7100] unknown packet ID 0x65; discarded 1 byte(s)
[00:51:37.151] BAD_PACKET[TCP_prs2026hitl_7100] unknown packet ID 0x61; discarded 1 byte(s)
[00:51:37.151] BAD_PACKET[TCP_prs2026hitl_7100] unknown packet ID 0x72; discarded 1 byte(s)
[00:51:37.151] BAD_PACKET[TCP_prs2026hitl_7100] unknown packet ID 0x74; discarded 1 byte(s)
[00:51:37.152] BAD_PACKET[TCP_prs2026hitl_7100] unknown packet ID 0x62; discarded 1 byte(s)
[00:51:37.152] BAD_PACKET[TCP_prs2026hitl_7100] unknown packet ID 0x65; discarded 1 byte(s)
[00:51:37.152] BAD_PACKET[TCP_prs2026hitl_7100] unknown packet ID 0x61; discarded 1 byte(s)
[00:51:37.153] BAD_PACKET[TCP_prs2026hitl_7100] unknown packet ID 0x74; discarded 1 byte(s)
[00:51:37.153] BAD_PACKET[TCP_prs2026hitl_7100] unknown packet ID 0x20; discarded 1 byte(s)
[00:51:37.153] BAD_PACKET[TCP_prs2026hitl_7100] unknown packet ID 0x73; discarded 1 byte(s)
[00:51:37.153] BAD_PACKET[TCP_prs2026hitl_7100] unknown packet ID 0x65; discarded 1 byte(s)
[00:51:37.154] BAD_PACKET[TCP_prs2026hitl_7100] unknown packet ID 0x6e; discarded 1 byte(s)
[00:51:37.154] BAD_PACKET[TCP_prs2026hitl_7100] unknown packet ID 0x74; discarded 1 byte(s)
[00:51:37.155] BAD_PACKET[TCP_prs2026hitl_7100] unknown packet ID 0x0d; discarded 1 byte(s)
[00:51:37.155] BAD_PACKET[TCP_prs2026hitl_7100] unknown packet ID 0x0a; discarded 1 byte(s)
[00:51:37.963] RX[COM21]  03
[00:51:37.965] RX[COM21]  00 00 00 00 00 00 00 00 00 00 90 c7 00 00 00 14 40 0a
[00:51:37.965] PACKET[COM21] camera: fc_status=0, fc_uptime=0, status=0, uptime=37063, current_sense=[0.0, 0.0, 0.0], iris_battery_voltage=5.184
[00:51:38.081] RX[TCP_prs2026hitl_7100]  49 20 28 32 32 37 36 33 30 36 29 20 61 70 65 72 74 75 72 65 3a 20 53 65 6e 64 69 6e 67 20 68 65 61 72 74 62 65 61 74 20 28 38 20 62 79 74 65 73 29 0d 0a
[00:51:38.081] BAD_PACKET[TCP_prs2026hitl_7100] unknown packet ID 0x49; discarded 1 byte(s)
[00:51:38.082] BAD_PACKET[TCP_prs2026hitl_7100] unknown packet ID 0x20; discarded 1 byte(s)
[00:51:38.083] BAD_PACKET[TCP_prs2026hitl_7100] unknown packet ID 0x28; discarded 1 byte(s)
[00:51:38.084] BAD_PACKET[TCP_prs2026hitl_7100] unknown packet ID 0x32; discarded 1 byte(s)
[00:51:38.084] BAD_PACKET[TCP_prs2026hitl_7100] unknown packet ID 0x32; discarded 1 byte(s)
[00:51:38.084] BAD_PACKET[TCP_prs2026hitl_7100] unknown packet ID 0x37; discarded 1 byte(s)
[00:51:38.085] BAD_PACKET[TCP_prs2026hitl_7100] unknown packet ID 0x36; discarded 1 byte(s)
[00:51:38.085] BAD_PACKET[TCP_prs2026hitl_7100] unknown packet ID 0x33; discarded 1 byte(s)
[00:51:38.085] BAD_PACKET[TCP_prs2026hitl_7100] unknown packet ID 0x30; discarded 1 byte(s)
[00:51:38.086] BAD_PACKET[TCP_prs2026hitl_7100] unknown packet ID 0x36; discarded 1 byte(s)
[00:51:38.086] BAD_PACKET[TCP_prs2026hitl_7100] unknown packet ID 0x29; discarded 1 byte(s)
[00:51:38.086] BAD_PACKET[TCP_prs2026hitl_7100] unknown packet ID 0x20; discarded 1 byte(s)
[00:51:38.087] BAD_PACKET[TCP_prs2026hitl_7100] unknown packet ID 0x61; discarded 1 byte(s)
[00:51:38.087] BAD_PACKET[TCP_prs2026hitl_7100] unknown packet ID 0x70; discarded 1 byte(s)
[00:51:38.087] BAD_PACKET[TCP_prs2026hitl_7100] unknown packet ID 0x65; discarded 1 byte(s)
[00:51:38.088] BAD_PACKET[TCP_prs2026hitl_7100] unknown packet ID 0x72; discarded 1 byte(s)
[00:51:38.088] BAD_PACKET[TCP_prs2026hitl_7100] unknown packet ID 0x74; discarded 1 byte(s)
[00:51:38.088] BAD_PACKET[TCP_prs2026hitl_7100] unknown packet ID 0x75; discarded 1 byte(s)
[00:51:38.089] BAD_PACKET[TCP_prs2026hitl_7100] unknown packet ID 0x72; discarded 1 byte(s)
[00:51:38.089] BAD_PACKET[TCP_prs2026hitl_7100] unknown packet ID 0x65; discarded 1 byte(s)
[00:51:38.089] BAD_PACKET[TCP_prs2026hitl_7100] unknown packet ID 0x3a; discarded 1 byte(s)
[00:51:38.089] BAD_PACKET[TCP_prs2026hitl_7100] unknown packet ID 0x20; discarded 1 byte(s)
[00:51:38.090] BAD_PACKET[TCP_prs2026hitl_7100] unknown packet ID 0x53; discarded 1 byte(s)
[00:51:38.090] BAD_PACKET[TCP_prs2026hitl_7100] unknown packet ID 0x65; discarded 1 byte(s)
[00:51:38.090] BAD_PACKET[TCP_prs2026hitl_7100] unknown packet ID 0x6e; discarded 1 byte(s)
[00:51:38.091] BAD_PACKET[TCP_prs2026hitl_7100] unknown packet ID 0x64; discarded 1 byte(s)
[00:51:38.091] BAD_PACKET[TCP_prs2026hitl_7100] unknown packet ID 0x69; discarded 1 byte(s)
[00:51:38.091] BAD_PACKET[TCP_prs2026hitl_7100] unknown packet ID 0x6e; discarded 1 byte(s)
[00:51:38.092] BAD_PACKET[TCP_prs2026hitl_7100] unknown packet ID 0x67; discarded 1 byte(s)
[00:51:38.092] BAD_PACKET[TCP_prs2026hitl_7100] unknown packet ID 0x20; discarded 1 byte(s)
[00:51:38.092] BAD_PACKET[TCP_prs2026hitl_7100] unknown packet ID 0x68; discarded 1 byte(s)
[00:51:38.093] BAD_PACKET[TCP_prs2026hitl_7100] unknown packet ID 0x65; discarded 1 byte(s)
[00:51:38.093] BAD_PACKET[TCP_prs2026hitl_7100] unknown packet ID 0x61; discarded 1 byte(s)
[00:51:38.093] BAD_PACKET[TCP_prs2026hitl_7100] unknown packet ID 0x72; discarded 1 byte(s)
[00:51:38.094] BAD_PACKET[TCP_prs2026hitl_7100] unknown packet ID 0x74; discarded 1 byte(s)
[00:51:38.094] BAD_PACKET[TCP_prs2026hitl_7100] unknown packet ID 0x62; discarded 1 byte(s)
[00:51:38.095] BAD_PACKET[TCP_prs2026hitl_7100] unknown packet ID 0x65; discarded 1 byte(s)
[00:51:38.095] BAD_PACKET[TCP_prs2026hitl_7100] unknown packet ID 0x61; discarded 1 byte(s)
[00:51:38.095] BAD_PACKET[TCP_prs2026hitl_7100] unknown packet ID 0x74; discarded 1 byte(s)
[00:51:38.095] BAD_PACKET[TCP_prs2026hitl_7100] unknown packet ID 0x20; discarded 1 byte(s)
[00:51:38.096] BAD_PACKET[TCP_prs2026hitl_7100] unknown packet ID 0x28; discarded 1 byte(s)
[00:51:38.096] BAD_PACKET[TCP_prs2026hitl_7100] unknown packet ID 0x38; discarded 1 byte(s)
[00:51:38.096] BAD_PACKET[TCP_prs2026hitl_7100] unknown packet ID 0x20; discarded 1 byte(s)
[00:51:38.097] BAD_PACKET[TCP_prs2026hitl_7100] unknown packet ID 0x62; discarded 1 byte(s)
[00:51:38.097] BAD_PACKET[TCP_prs2026hitl_7100] unknown packet ID 0x79; discarded 1 byte(s)
[00:51:38.097] BAD_PACKET[TCP_prs2026hitl_7100] unknown packet ID 0x74; discarded 1 byte(s)
[00:51:38.098] BAD_PACKET[TCP_prs2026hitl_7100] unknown packet ID 0x65; discarded 1 byte(s)
[00:51:38.098] BAD_PACKET[TCP_prs2026hitl_7100] unknown packet ID 0x73; discarded 1 byte(s)
[00:51:38.098] BAD_PACKET[TCP_prs2026hitl_7100] unknown packet ID 0x29; discarded 1 byte(s)
[00:51:38.099] BAD_PACKET[TCP_prs2026hitl_7100] unknown packet ID 0x0d; discarded 1 byte(s)
[00:51:38.099] BAD_PACKET[TCP_prs2026hitl_7100] unknown packet ID 0x0a; discarded 1 byte(s)
[00:51:38.099] RX[TCP_prs2026hitl_7100]  49 20 28 32 32 37 36 33 34 36 29 20 61 70 65 72 74 75 72 65 3a 20 48 65 61 72 74 62 65 61 74 20 73 65 6e 74 0d 0a
[00:51:38.100] BAD_PACKET[TCP_prs2026hitl_7100] unknown packet ID 0x49; discarded 1 byte(s)
[00:51:38.100] BAD_PACKET[TCP_prs2026hitl_7100] unknown packet ID 0x20; discarded 1 byte(s)
[00:51:38.100] BAD_PACKET[TCP_prs2026hitl_7100] unknown packet ID 0x28; discarded 1 byte(s)
[00:51:38.101] BAD_PACKET[TCP_prs2026hitl_7100] unknown packet ID 0x32; discarded 1 byte(s)
[00:51:38.101] BAD_PACKET[TCP_prs2026hitl_7100] unknown packet ID 0x32; discarded 1 byte(s)
[00:51:38.101] BAD_PACKET[TCP_prs2026hitl_7100] unknown packet ID 0x37; discarded 1 byte(s)
[00:51:38.102] BAD_PACKET[TCP_prs2026hitl_7100] unknown packet ID 0x36; discarded 1 byte(s)
[00:51:38.102] BAD_PACKET[TCP_prs2026hitl_7100] unknown packet ID 0x33; discarded 1 byte(s)
[00:51:38.102] BAD_PACKET[TCP_prs2026hitl_7100] unknown packet ID 0x34; discarded 1 byte(s)
[00:51:38.103] BAD_PACKET[TCP_prs2026hitl_7100] unknown packet ID 0x36; discarded 1 byte(s)
[00:51:38.103] BAD_PACKET[TCP_prs2026hitl_7100] unknown packet ID 0x29; discarded 1 byte(s)
[00:51:38.103] BAD_PACKET[TCP_prs2026hitl_7100] unknown packet ID 0x20; discarded 1 byte(s)
[00:51:38.104] BAD_PACKET[TCP_prs2026hitl_7100] unknown packet ID 0x61; discarded 1 byte(s)
[00:51:38.104] BAD_PACKET[TCP_prs2026hitl_7100] unknown packet ID 0x70; discarded 1 byte(s)
[00:51:38.104] BAD_PACKET[TCP_prs2026hitl_7100] unknown packet ID 0x65; discarded 1 byte(s)
[00:51:38.104] BAD_PACKET[TCP_prs2026hitl_7100] unknown packet ID 0x72; discarded 1 byte(s)
[00:51:38.105] BAD_PACKET[TCP_prs2026hitl_7100] unknown packet ID 0x74; discarded 1 byte(s)
[00:51:38.105] BAD_PACKET[TCP_prs2026hitl_7100] unknown packet ID 0x75; discarded 1 byte(s)
[00:51:38.105] BAD_PACKET[TCP_prs2026hitl_7100] unknown packet ID 0x72; discarded 1 byte(s)
[00:51:38.106] BAD_PACKET[TCP_prs2026hitl_7100] unknown packet ID 0x65; discarded 1 byte(s)
[00:51:38.106] BAD_PACKET[TCP_prs2026hitl_7100] unknown packet ID 0x3a; discarded 1 byte(s)
[00:51:38.106] BAD_PACKET[TCP_prs2026hitl_7100] unknown packet ID 0x20; discarded 1 byte(s)
[00:51:38.107] BAD_PACKET[TCP_prs2026hitl_7100] unknown packet ID 0x48; discarded 1 byte(s)
[00:51:38.107] BAD_PACKET[TCP_prs2026hitl_7100] unknown packet ID 0x65; discarded 1 byte(s)
[00:51:38.107] BAD_PACKET[TCP_prs2026hitl_7100] unknown packet ID 0x61; discarded 1 byte(s)
[00:51:38.108] BAD_PACKET[TCP_prs2026hitl_7100] unknown packet ID 0x72; discarded 1 byte(s)
[00:51:38.108] BAD_PACKET[TCP_prs2026hitl_7100] unknown packet ID 0x74; discarded 1 byte(s)
[00:51:38.108] BAD_PACKET[TCP_prs2026hitl_7100] unknown packet ID 0x62; discarded 1 byte(s)
[00:51:38.109] BAD_PACKET[TCP_prs2026hitl_7100] unknown packet ID 0x65; discarded 1 byte(s)
[00:51:38.109] BAD_PACKET[TCP_prs2026hitl_7100] unknown packet ID 0x61; discarded 1 byte(s)
[00:51:38.109] BAD_PACKET[TCP_prs2026hitl_7100] unknown packet ID 0x74; discarded 1 byte(s)
[00:51:38.110] BAD_PACKET[TCP_prs2026hitl_7100] unknown packet ID 0x20; discarded 1 byte(s)
[00:51:38.110] BAD_PACKET[TCP_prs2026hitl_7100] unknown packet ID 0x73; discarded 1 byte(s)
[00:51:38.110] BAD_PACKET[TCP_prs2026hitl_7100] unknown packet ID 0x65; discarded 1 byte(s)
[00:51:38.111] BAD_PACKET[TCP_prs2026hitl_7100] unknown packet ID 0x6e; discarded 1 byte(s)
[00:51:38.112] BAD_PACKET[TCP_prs2026hitl_7100] unknown packet ID 0x74; discarded 1 byte(s)
[00:51:38.113] BAD_PACKET[TCP_prs2026hitl_7100] unknown packet ID 0x0d; discarded 1 byte(s)
[00:51:38.114] BAD_PACKET[TCP_prs2026hitl_7100] unknown packet ID 0x0a; discarded 1 byte(s)
[00:51:39.001] RX[COM21]  03
[00:51:39.004] RX[COM21]  00 00 00 00 00 00 00 00 00 00 94 af 00 00 00 14 40 0a
[00:51:39.005] PACKET[COM21] camera: fc_status=0, fc_uptime=0, status=0, uptime=38063, current_sense=[0.0, 0.0, 0.0], iris_battery_voltage=5.184
[00:51:39.063] RX[TCP_prs2026hitl_7100]  49 20 28 32 32 37 37 33 30 36 29 20 61 70 65 72 74 75 72 65 3a 20 53 65 6e 64 69 6e 67 20 68 65 61 72 74 62 65 61 74 20 28 38 20 62 79 74 65 73 29 0d 0a
[00:51:39.064] BAD_PACKET[TCP_prs2026hitl_7100] unknown packet ID 0x49; discarded 1 byte(s)
[00:51:39.065] BAD_PACKET[TCP_prs2026hitl_7100] unknown packet ID 0x20; discarded 1 byte(s)
[00:51:39.065] BAD_PACKET[TCP_prs2026hitl_7100] unknown packet ID 0x28; discarded 1 byte(s)
[00:51:39.065] BAD_PACKET[TCP_prs2026hitl_7100] unknown packet ID 0x32; discarded 1 byte(s)
[00:51:39.066] BAD_PACKET[TCP_prs2026hitl_7100] unknown packet ID 0x32; discarded 1 byte(s)
[00:51:39.066] BAD_PACKET[TCP_prs2026hitl_7100] unknown packet ID 0x37; discarded 1 byte(s)
[00:51:39.066] BAD_PACKET[TCP_prs2026hitl_7100] unknown packet ID 0x37; discarded 1 byte(s)
[00:51:39.067] BAD_PACKET[TCP_prs2026hitl_7100] unknown packet ID 0x33; discarded 1 byte(s)
[00:51:39.067] BAD_PACKET[TCP_prs2026hitl_7100] unknown packet ID 0x30; discarded 1 byte(s)
[00:51:39.068] BAD_PACKET[TCP_prs2026hitl_7100] unknown packet ID 0x36; discarded 1 byte(s)
[00:51:39.068] BAD_PACKET[TCP_prs2026hitl_7100] unknown packet ID 0x29; discarded 1 byte(s)
[00:51:39.068] BAD_PACKET[TCP_prs2026hitl_7100] unknown packet ID 0x20; discarded 1 byte(s)
[00:51:39.069] BAD_PACKET[TCP_prs2026hitl_7100] unknown packet ID 0x61; discarded 1 byte(s)
[00:51:39.070] BAD_PACKET[TCP_prs2026hitl_7100] unknown packet ID 0x70; discarded 1 byte(s)
[00:51:39.070] BAD_PACKET[TCP_prs2026hitl_7100] unknown packet ID 0x65; discarded 1 byte(s)
[00:51:39.070] BAD_PACKET[TCP_prs2026hitl_7100] unknown packet ID 0x72; discarded 1 byte(s)
[00:51:39.070] BAD_PACKET[TCP_prs2026hitl_7100] unknown packet ID 0x74; discarded 1 byte(s)
[00:51:39.071] BAD_PACKET[TCP_prs2026hitl_7100] unknown packet ID 0x75; discarded 1 byte(s)
[00:51:39.071] BAD_PACKET[TCP_prs2026hitl_7100] unknown packet ID 0x72; discarded 1 byte(s)
[00:51:39.071] BAD_PACKET[TCP_prs2026hitl_7100] unknown packet ID 0x65; discarded 1 byte(s)
[00:51:39.072] BAD_PACKET[TCP_prs2026hitl_7100] unknown packet ID 0x3a; discarded 1 byte(s)
[00:51:39.072] BAD_PACKET[TCP_prs2026hitl_7100] unknown packet ID 0x20; discarded 1 byte(s)
[00:51:39.072] BAD_PACKET[TCP_prs2026hitl_7100] unknown packet ID 0x53; discarded 1 byte(s)
[00:51:39.073] BAD_PACKET[TCP_prs2026hitl_7100] unknown packet ID 0x65; discarded 1 byte(s)
[00:51:39.073] BAD_PACKET[TCP_prs2026hitl_7100] unknown packet ID 0x6e; discarded 1 byte(s)
[00:51:39.073] BAD_PACKET[TCP_prs2026hitl_7100] unknown packet ID 0x64; discarded 1 byte(s)
[00:51:39.074] BAD_PACKET[TCP_prs2026hitl_7100] unknown packet ID 0x69; discarded 1 byte(s)
[00:51:39.074] BAD_PACKET[TCP_prs2026hitl_7100] unknown packet ID 0x6e; discarded 1 byte(s)
[00:51:39.075] BAD_PACKET[TCP_prs2026hitl_7100] unknown packet ID 0x67; discarded 1 byte(s)
[00:51:39.075] BAD_PACKET[TCP_prs2026hitl_7100] unknown packet ID 0x20; discarded 1 byte(s)
[00:51:39.076] BAD_PACKET[TCP_prs2026hitl_7100] unknown packet ID 0x68; discarded 1 byte(s)
[00:51:39.076] BAD_PACKET[TCP_prs2026hitl_7100] unknown packet ID 0x65; discarded 1 byte(s)
[00:51:39.076] BAD_PACKET[TCP_prs2026hitl_7100] unknown packet ID 0x61; discarded 1 byte(s)
[00:51:39.077] BAD_PACKET[TCP_prs2026hitl_7100] unknown packet ID 0x72; discarded 1 byte(s)
[00:51:39.077] BAD_PACKET[TCP_prs2026hitl_7100] unknown packet ID 0x74; discarded 1 byte(s)
[00:51:39.077] BAD_PACKET[TCP_prs2026hitl_7100] unknown packet ID 0x62; discarded 1 byte(s)
[00:51:39.078] BAD_PACKET[TCP_prs2026hitl_7100] unknown packet ID 0x65; discarded 1 byte(s)
[00:51:39.078] BAD_PACKET[TCP_prs2026hitl_7100] unknown packet ID 0x61; discarded 1 byte(s)
[00:51:39.078] BAD_PACKET[TCP_prs2026hitl_7100] unknown packet ID 0x74; discarded 1 byte(s)
[00:51:39.079] BAD_PACKET[TCP_prs2026hitl_7100] unknown packet ID 0x20; discarded 1 byte(s)
[00:51:39.079] BAD_PACKET[TCP_prs2026hitl_7100] unknown packet ID 0x28; discarded 1 byte(s)
[00:51:39.079] BAD_PACKET[TCP_prs2026hitl_7100] unknown packet ID 0x38; discarded 1 byte(s)
[00:51:39.079] BAD_PACKET[TCP_prs2026hitl_7100] unknown packet ID 0x20; discarded 1 byte(s)
[00:51:39.080] BAD_PACKET[TCP_prs2026hitl_7100] unknown packet ID 0x62; discarded 1 byte(s)
[00:51:39.080] BAD_PACKET[TCP_prs2026hitl_7100] unknown packet ID 0x79; discarded 1 byte(s)
[00:51:39.080] BAD_PACKET[TCP_prs2026hitl_7100] unknown packet ID 0x74; discarded 1 byte(s)
[00:51:39.081] BAD_PACKET[TCP_prs2026hitl_7100] unknown packet ID 0x65; discarded 1 byte(s)
[00:51:39.081] BAD_PACKET[TCP_prs2026hitl_7100] unknown packet ID 0x73; discarded 1 byte(s)
[00:51:39.081] BAD_PACKET[TCP_prs2026hitl_7100] unknown packet ID 0x29; discarded 1 byte(s)
[00:51:39.082] BAD_PACKET[TCP_prs2026hitl_7100] unknown packet ID 0x0d; discarded 1 byte(s)
[00:51:39.082] BAD_PACKET[TCP_prs2026hitl_7100] unknown packet ID 0x0a; discarded 1 byte(s)
[00:51:39.140] RX[TCP_prs2026hitl_7100]  49 20 28 32 32 37 37 33 34 36 29 20 61 70 65 72 74 75 72 65 3a 20 48 65 61 72 74 62 65 61 74 20 73 65 6e 74 0d 0a
[00:51:39.140] BAD_PACKET[TCP_prs2026hitl_7100] unknown packet ID 0x49; discarded 1 byte(s)
[00:51:39.141] BAD_PACKET[TCP_prs2026hitl_7100] unknown packet ID 0x20; discarded 1 byte(s)
[00:51:39.141] BAD_PACKET[TCP_prs2026hitl_7100] unknown packet ID 0x28; discarded 1 byte(s)
[00:51:39.142] BAD_PACKET[TCP_prs2026hitl_7100] unknown packet ID 0x32; discarded 1 byte(s)
[00:51:39.142] BAD_PACKET[TCP_prs2026hitl_7100] unknown packet ID 0x32; discarded 1 byte(s)
[00:51:39.142] BAD_PACKET[TCP_prs2026hitl_7100] unknown packet ID 0x37; discarded 1 byte(s)
[00:51:39.143] BAD_PACKET[TCP_prs2026hitl_7100] unknown packet ID 0x37; discarded 1 byte(s)
[00:51:39.143] BAD_PACKET[TCP_prs2026hitl_7100] unknown packet ID 0x33; discarded 1 byte(s)
[00:51:39.144] BAD_PACKET[TCP_prs2026hitl_7100] unknown packet ID 0x34; discarded 1 byte(s)
[00:51:39.144] BAD_PACKET[TCP_prs2026hitl_7100] unknown packet ID 0x36; discarded 1 byte(s)
[00:51:39.144] BAD_PACKET[TCP_prs2026hitl_7100] unknown packet ID 0x29; discarded 1 byte(s)
[00:51:39.145] BAD_PACKET[TCP_prs2026hitl_7100] unknown packet ID 0x20; discarded 1 byte(s)
[00:51:39.145] BAD_PACKET[TCP_prs2026hitl_7100] unknown packet ID 0x61; discarded 1 byte(s)
[00:51:39.145] BAD_PACKET[TCP_prs2026hitl_7100] unknown packet ID 0x70; discarded 1 byte(s)
[00:51:39.146] BAD_PACKET[TCP_prs2026hitl_7100] unknown packet ID 0x65; discarded 1 byte(s)
[00:51:39.146] BAD_PACKET[TCP_prs2026hitl_7100] unknown packet ID 0x72; discarded 1 byte(s)
[00:51:39.146] BAD_PACKET[TCP_prs2026hitl_7100] unknown packet ID 0x74; discarded 1 byte(s)
[00:51:39.146] BAD_PACKET[TCP_prs2026hitl_7100] unknown packet ID 0x75; discarded 1 byte(s)
[00:51:39.147] BAD_PACKET[TCP_prs2026hitl_7100] unknown packet ID 0x72; discarded 1 byte(s)
[00:51:39.147] BAD_PACKET[TCP_prs2026hitl_7100] unknown packet ID 0x65; discarded 1 byte(s)
[00:51:39.147] BAD_PACKET[TCP_prs2026hitl_7100] unknown packet ID 0x3a; discarded 1 byte(s)
[00:51:39.148] BAD_PACKET[TCP_prs2026hitl_7100] unknown packet ID 0x20; discarded 1 byte(s)
[00:51:39.148] BAD_PACKET[TCP_prs2026hitl_7100] unknown packet ID 0x48; discarded 1 byte(s)
[00:51:39.148] BAD_PACKET[TCP_prs2026hitl_7100] unknown packet ID 0x65; discarded 1 byte(s)
[00:51:39.149] BAD_PACKET[TCP_prs2026hitl_7100] unknown packet ID 0x61; discarded 1 byte(s)
[00:51:39.149] BAD_PACKET[TCP_prs2026hitl_7100] unknown packet ID 0x72; discarded 1 byte(s)
[00:51:39.150] BAD_PACKET[TCP_prs2026hitl_7100] unknown packet ID 0x74; discarded 1 byte(s)
[00:51:39.150] BAD_PACKET[TCP_prs2026hitl_7100] unknown packet ID 0x62; discarded 1 byte(s)
[00:51:39.150] BAD_PACKET[TCP_prs2026hitl_7100] unknown packet ID 0x65; discarded 1 byte(s)
[00:51:39.150] BAD_PACKET[TCP_prs2026hitl_7100] unknown packet ID 0x61; discarded 1 byte(s)
[00:51:39.151] BAD_PACKET[TCP_prs2026hitl_7100] unknown packet ID 0x74; discarded 1 byte(s)
[00:51:39.151] BAD_PACKET[TCP_prs2026hitl_7100] unknown packet ID 0x20; discarded 1 byte(s)
[00:51:39.151] BAD_PACKET[TCP_prs2026hitl_7100] unknown packet ID 0x73; discarded 1 byte(s)
[00:51:39.152] BAD_PACKET[TCP_prs2026hitl_7100] unknown packet ID 0x65; discarded 1 byte(s)
[00:51:39.152] BAD_PACKET[TCP_prs2026hitl_7100] unknown packet ID 0x6e; discarded 1 byte(s)
[00:51:39.152] BAD_PACKET[TCP_prs2026hitl_7100] unknown packet ID 0x74; discarded 1 byte(s)
[00:51:39.153] BAD_PACKET[TCP_prs2026hitl_7100] unknown packet ID 0x0d; discarded 1 byte(s)
[00:51:39.153] BAD_PACKET[TCP_prs2026hitl_7100] unknown packet ID 0x0a; discarded 1 byte(s)
[00:51:40.015] RX[COM21]  03
[00:51:40.016] RX[COM21]  00 00 00 00 00 00 00 00 00 00 98 97 00 00 00 14 40 0a
[00:51:40.017] PACKET[COM21] camera: fc_status=0, fc_uptime=0, status=0, uptime=39063, current_sense=[0.0, 0.0, 0.0], iris_battery_voltage=5.184
[00:51:40.078] RX[TCP_prs2026hitl_7100]  49 20 28 32 32 37 38 33 30 36 29 20 61 70 65 72 74 75 72 65 3a 20 53 65 6e 64 69 6e 67 20 68 65 61 72 74 62 65 61 74 20 28 38 20 62 79 74 65 73 29 0d 0a
[00:51:40.080] BAD_PACKET[TCP_prs2026hitl_7100] unknown packet ID 0x49; discarded 1 byte(s)
[00:51:40.080] BAD_PACKET[TCP_prs2026hitl_7100] unknown packet ID 0x20; discarded 1 byte(s)
[00:51:40.081] BAD_PACKET[TCP_prs2026hitl_7100] unknown packet ID 0x28; discarded 1 byte(s)
[00:51:40.081] BAD_PACKET[TCP_prs2026hitl_7100] unknown packet ID 0x32; discarded 1 byte(s)
[00:51:40.081] BAD_PACKET[TCP_prs2026hitl_7100] unknown packet ID 0x32; discarded 1 byte(s)
[00:51:40.082] BAD_PACKET[TCP_prs2026hitl_7100] unknown packet ID 0x37; discarded 1 byte(s)
[00:51:40.082] BAD_PACKET[TCP_prs2026hitl_7100] unknown packet ID 0x38; discarded 1 byte(s)
[00:51:40.082] BAD_PACKET[TCP_prs2026hitl_7100] unknown packet ID 0x33; discarded 1 byte(s)
[00:51:40.083] BAD_PACKET[TCP_prs2026hitl_7100] unknown packet ID 0x30; discarded 1 byte(s)
[00:51:40.083] BAD_PACKET[TCP_prs2026hitl_7100] unknown packet ID 0x36; discarded 1 byte(s)
[00:51:40.083] BAD_PACKET[TCP_prs2026hitl_7100] unknown packet ID 0x29; discarded 1 byte(s)
[00:51:40.084] BAD_PACKET[TCP_prs2026hitl_7100] unknown packet ID 0x20; discarded 1 byte(s)
[00:51:40.085] BAD_PACKET[TCP_prs2026hitl_7100] unknown packet ID 0x61; discarded 1 byte(s)
[00:51:40.085] BAD_PACKET[TCP_prs2026hitl_7100] unknown packet ID 0x70; discarded 1 byte(s)
[00:51:40.085] BAD_PACKET[TCP_prs2026hitl_7100] unknown packet ID 0x65; discarded 1 byte(s)
[00:51:40.086] BAD_PACKET[TCP_prs2026hitl_7100] unknown packet ID 0x72; discarded 1 byte(s)
[00:51:40.087] BAD_PACKET[TCP_prs2026hitl_7100] unknown packet ID 0x74; discarded 1 byte(s)
[00:51:40.087] BAD_PACKET[TCP_prs2026hitl_7100] unknown packet ID 0x75; discarded 1 byte(s)
[00:51:40.087] BAD_PACKET[TCP_prs2026hitl_7100] unknown packet ID 0x72; discarded 1 byte(s)
[00:51:40.088] BAD_PACKET[TCP_prs2026hitl_7100] unknown packet ID 0x65; discarded 1 byte(s)
[00:51:40.088] BAD_PACKET[TCP_prs2026hitl_7100] unknown packet ID 0x3a; discarded 1 byte(s)
[00:51:40.088] BAD_PACKET[TCP_prs2026hitl_7100] unknown packet ID 0x20; discarded 1 byte(s)
[00:51:40.088] BAD_PACKET[TCP_prs2026hitl_7100] unknown packet ID 0x53; discarded 1 byte(s)
[00:51:40.089] BAD_PACKET[TCP_prs2026hitl_7100] unknown packet ID 0x65; discarded 1 byte(s)
[00:51:40.089] BAD_PACKET[TCP_prs2026hitl_7100] unknown packet ID 0x6e; discarded 1 byte(s)
[00:51:40.089] BAD_PACKET[TCP_prs2026hitl_7100] unknown packet ID 0x64; discarded 1 byte(s)
[00:51:40.090] BAD_PACKET[TCP_prs2026hitl_7100] unknown packet ID 0x69; discarded 1 byte(s)
[00:51:40.090] BAD_PACKET[TCP_prs2026hitl_7100] unknown packet ID 0x6e; discarded 1 byte(s)
[00:51:40.090] BAD_PACKET[TCP_prs2026hitl_7100] unknown packet ID 0x67; discarded 1 byte(s)
[00:51:40.091] BAD_PACKET[TCP_prs2026hitl_7100] unknown packet ID 0x20; discarded 1 byte(s)
[00:51:40.091] BAD_PACKET[TCP_prs2026hitl_7100] unknown packet ID 0x68; discarded 1 byte(s)
[00:51:40.092] BAD_PACKET[TCP_prs2026hitl_7100] unknown packet ID 0x65; discarded 1 byte(s)
[00:51:40.092] BAD_PACKET[TCP_prs2026hitl_7100] unknown packet ID 0x61; discarded 1 byte(s)
[00:51:40.092] BAD_PACKET[TCP_prs2026hitl_7100] unknown packet ID 0x72; discarded 1 byte(s)
[00:51:40.093] BAD_PACKET[TCP_prs2026hitl_7100] unknown packet ID 0x74; discarded 1 byte(s)
[00:51:40.093] BAD_PACKET[TCP_prs2026hitl_7100] unknown packet ID 0x62; discarded 1 byte(s)
[00:51:40.093] BAD_PACKET[TCP_prs2026hitl_7100] unknown packet ID 0x65; discarded 1 byte(s)
[00:51:40.094] BAD_PACKET[TCP_prs2026hitl_7100] unknown packet ID 0x61; discarded 1 byte(s)
[00:51:40.094] BAD_PACKET[TCP_prs2026hitl_7100] unknown packet ID 0x74; discarded 1 byte(s)
[00:51:40.094] BAD_PACKET[TCP_prs2026hitl_7100] unknown packet ID 0x20; discarded 1 byte(s)
[00:51:40.094] BAD_PACKET[TCP_prs2026hitl_7100] unknown packet ID 0x28; discarded 1 byte(s)
[00:51:40.095] BAD_PACKET[TCP_prs2026hitl_7100] unknown packet ID 0x38; discarded 1 byte(s)
[00:51:40.095] BAD_PACKET[TCP_prs2026hitl_7100] unknown packet ID 0x20; discarded 1 byte(s)
[00:51:40.095] BAD_PACKET[TCP_prs2026hitl_7100] unknown packet ID 0x62; discarded 1 byte(s)
[00:51:40.096] BAD_PACKET[TCP_prs2026hitl_7100] unknown packet ID 0x79; discarded 1 byte(s)
[00:51:40.096] BAD_PACKET[TCP_prs2026hitl_7100] unknown packet ID 0x74; discarded 1 byte(s)
[00:51:40.096] BAD_PACKET[TCP_prs2026hitl_7100] unknown packet ID 0x65; discarded 1 byte(s)
[00:51:40.097] BAD_PACKET[TCP_prs2026hitl_7100] unknown packet ID 0x73; discarded 1 byte(s)
[00:51:40.097] BAD_PACKET[TCP_prs2026hitl_7100] unknown packet ID 0x29; discarded 1 byte(s)
[00:51:40.097] BAD_PACKET[TCP_prs2026hitl_7100] unknown packet ID 0x0d; discarded 1 byte(s)
[00:51:40.098] BAD_PACKET[TCP_prs2026hitl_7100] unknown packet ID 0x0a; discarded 1 byte(s)
[00:51:40.098] RX[TCP_prs2026hitl_7100]  49 20 28 32 32 37 38 33 34 36 29 20 61 70 65 72 74 75 72 65 3a 20 48 65 61 72 74 62 65 61 74 20 73 65 6e 74 0d 0a
[00:51:40.098] BAD_PACKET[TCP_prs2026hitl_7100] unknown packet ID 0x49; discarded 1 byte(s)
[00:51:40.098] BAD_PACKET[TCP_prs2026hitl_7100] unknown packet ID 0x20; discarded 1 byte(s)
[00:51:40.099] BAD_PACKET[TCP_prs2026hitl_7100] unknown packet ID 0x28; discarded 1 byte(s)
[00:51:40.099] BAD_PACKET[TCP_prs2026hitl_7100] unknown packet ID 0x32; discarded 1 byte(s)
[00:51:40.099] BAD_PACKET[TCP_prs2026hitl_7100] unknown packet ID 0x32; discarded 1 byte(s)
[00:51:40.100] BAD_PACKET[TCP_prs2026hitl_7100] unknown packet ID 0x37; discarded 1 byte(s)
[00:51:40.101] BAD_PACKET[TCP_prs2026hitl_7100] unknown packet ID 0x38; discarded 1 byte(s)
[00:51:40.102] BAD_PACKET[TCP_prs2026hitl_7100] unknown packet ID 0x33; discarded 1 byte(s)
[00:51:40.102] BAD_PACKET[TCP_prs2026hitl_7100] unknown packet ID 0x34; discarded 1 byte(s)
[00:51:40.102] BAD_PACKET[TCP_prs2026hitl_7100] unknown packet ID 0x36; discarded 1 byte(s)
[00:51:40.103] BAD_PACKET[TCP_prs2026hitl_7100] unknown packet ID 0x29; discarded 1 byte(s)
[00:51:40.103] BAD_PACKET[TCP_prs2026hitl_7100] unknown packet ID 0x20; discarded 1 byte(s)
[00:51:40.103] BAD_PACKET[TCP_prs2026hitl_7100] unknown packet ID 0x61; discarded 1 byte(s)
[00:51:40.104] BAD_PACKET[TCP_prs2026hitl_7100] unknown packet ID 0x70; discarded 1 byte(s)
[00:51:40.104] BAD_PACKET[TCP_prs2026hitl_7100] unknown packet ID 0x65; discarded 1 byte(s)
[00:51:40.104] BAD_PACKET[TCP_prs2026hitl_7100] unknown packet ID 0x72; discarded 1 byte(s)
[00:51:40.105] BAD_PACKET[TCP_prs2026hitl_7100] unknown packet ID 0x74; discarded 1 byte(s)
[00:51:40.105] BAD_PACKET[TCP_prs2026hitl_7100] unknown packet ID 0x75; discarded 1 byte(s)
[00:51:40.105] BAD_PACKET[TCP_prs2026hitl_7100] unknown packet ID 0x72; discarded 1 byte(s)
[00:51:40.105] BAD_PACKET[TCP_prs2026hitl_7100] unknown packet ID 0x65; discarded 1 byte(s)
[00:51:40.106] BAD_PACKET[TCP_prs2026hitl_7100] unknown packet ID 0x3a; discarded 1 byte(s)
[00:51:40.106] BAD_PACKET[TCP_prs2026hitl_7100] unknown packet ID 0x20; discarded 1 byte(s)
[00:51:40.108] BAD_PACKET[TCP_prs2026hitl_7100] unknown packet ID 0x48; discarded 1 byte(s)
[00:51:40.109] BAD_PACKET[TCP_prs2026hitl_7100] unknown packet ID 0x65; discarded 1 byte(s)
[00:51:40.109] BAD_PACKET[TCP_prs2026hitl_7100] unknown packet ID 0x61; discarded 1 byte(s)
[00:51:40.110] BAD_PACKET[TCP_prs2026hitl_7100] unknown packet ID 0x72; discarded 1 byte(s)
[00:51:40.110] BAD_PACKET[TCP_prs2026hitl_7100] unknown packet ID 0x74; discarded 1 byte(s)
[00:51:40.110] BAD_PACKET[TCP_prs2026hitl_7100] unknown packet ID 0x62; discarded 1 byte(s)
[00:51:40.111] BAD_PACKET[TCP_prs2026hitl_7100] unknown packet ID 0x65; discarded 1 byte(s)
[00:51:40.111] BAD_PACKET[TCP_prs2026hitl_7100] unknown packet ID 0x61; discarded 1 byte(s)
[00:51:40.111] BAD_PACKET[TCP_prs2026hitl_7100] unknown packet ID 0x74; discarded 1 byte(s)
[00:51:40.112] BAD_PACKET[TCP_prs2026hitl_7100] unknown packet ID 0x20; discarded 1 byte(s)
[00:51:40.112] BAD_PACKET[TCP_prs2026hitl_7100] unknown packet ID 0x73; discarded 1 byte(s)
[00:51:40.112] BAD_PACKET[TCP_prs2026hitl_7100] unknown packet ID 0x65; discarded 1 byte(s)
[00:51:40.113] BAD_PACKET[TCP_prs2026hitl_7100] unknown packet ID 0x6e; discarded 1 byte(s)
[00:51:40.113] BAD_PACKET[TCP_prs2026hitl_7100] unknown packet ID 0x74; discarded 1 byte(s)
[00:51:40.113] BAD_PACKET[TCP_prs2026hitl_7100] unknown packet ID 0x0d; discarded 1 byte(s)
[00:51:40.113] BAD_PACKET[TCP_prs2026hitl_7100] unknown packet ID 0x0a; discarded 1 byte(s)
[00:51:41.014] RX[COM21]  03
[00:51:41.016] RX[COM21]  00 00 00 00 00 00 00 00 00 00 9c 7f 00 00 00 14 40 0a
[00:51:41.016] PACKET[COM21] camera: fc_status=0, fc_uptime=0, status=0, uptime=40063, current_sense=[0.0, 0.0, 0.0], iris_battery_voltage=5.184
[00:51:41.076] RX[TCP_prs2026hitl_7100]  49 20 28 32 32 37 39 33 30 36 29 20 61 70 65 72 74 75 72 65 3a 20 53 65 6e 64 69 6e 67 20 68 65 61 72 74 62 65 61 74 20 28 38 20 62 79 74 65 73 29 0d 0a
[00:51:41.077] BAD_PACKET[TCP_prs2026hitl_7100] unknown packet ID 0x49; discarded 1 byte(s)
[00:51:41.077] BAD_PACKET[TCP_prs2026hitl_7100] unknown packet ID 0x20; discarded 1 byte(s)
[00:51:41.078] BAD_PACKET[TCP_prs2026hitl_7100] unknown packet ID 0x28; discarded 1 byte(s)
[00:51:41.078] BAD_PACKET[TCP_prs2026hitl_7100] unknown packet ID 0x32; discarded 1 byte(s)
[00:51:41.078] BAD_PACKET[TCP_prs2026hitl_7100] unknown packet ID 0x32; discarded 1 byte(s)
[00:51:41.078] BAD_PACKET[TCP_prs2026hitl_7100] unknown packet ID 0x37; discarded 1 byte(s)
[00:51:41.079] BAD_PACKET[TCP_prs2026hitl_7100] unknown packet ID 0x39; discarded 1 byte(s)
[00:51:41.079] BAD_PACKET[TCP_prs2026hitl_7100] unknown packet ID 0x33; discarded 1 byte(s)
[00:51:41.080] BAD_PACKET[TCP_prs2026hitl_7100] unknown packet ID 0x30; discarded 1 byte(s)
[00:51:41.080] BAD_PACKET[TCP_prs2026hitl_7100] unknown packet ID 0x36; discarded 1 byte(s)
[00:51:41.080] BAD_PACKET[TCP_prs2026hitl_7100] unknown packet ID 0x29; discarded 1 byte(s)
[00:51:41.081] BAD_PACKET[TCP_prs2026hitl_7100] unknown packet ID 0x20; discarded 1 byte(s)
[00:51:41.081] BAD_PACKET[TCP_prs2026hitl_7100] unknown packet ID 0x61; discarded 1 byte(s)
[00:51:41.081] BAD_PACKET[TCP_prs2026hitl_7100] unknown packet ID 0x70; discarded 1 byte(s)
[00:51:41.081] BAD_PACKET[TCP_prs2026hitl_7100] unknown packet ID 0x65; discarded 1 byte(s)
[00:51:41.082] BAD_PACKET[TCP_prs2026hitl_7100] unknown packet ID 0x72; discarded 1 byte(s)
[00:51:41.082] BAD_PACKET[TCP_prs2026hitl_7100] unknown packet ID 0x74; discarded 1 byte(s)
[00:51:41.082] BAD_PACKET[TCP_prs2026hitl_7100] unknown packet ID 0x75; discarded 1 byte(s)
[00:51:41.083] BAD_PACKET[TCP_prs2026hitl_7100] unknown packet ID 0x72; discarded 1 byte(s)
[00:51:41.083] BAD_PACKET[TCP_prs2026hitl_7100] unknown packet ID 0x65; discarded 1 byte(s)
[00:51:41.083] BAD_PACKET[TCP_prs2026hitl_7100] unknown packet ID 0x3a; discarded 1 byte(s)
[00:51:41.084] BAD_PACKET[TCP_prs2026hitl_7100] unknown packet ID 0x20; discarded 1 byte(s)
[00:51:41.084] BAD_PACKET[TCP_prs2026hitl_7100] unknown packet ID 0x53; discarded 1 byte(s)
[00:51:41.084] BAD_PACKET[TCP_prs2026hitl_7100] unknown packet ID 0x65; discarded 1 byte(s)
[00:51:41.085] BAD_PACKET[TCP_prs2026hitl_7100] unknown packet ID 0x6e; discarded 1 byte(s)
[00:51:41.085] BAD_PACKET[TCP_prs2026hitl_7100] unknown packet ID 0x64; discarded 1 byte(s)
[00:51:41.085] BAD_PACKET[TCP_prs2026hitl_7100] unknown packet ID 0x69; discarded 1 byte(s)
[00:51:41.086] BAD_PACKET[TCP_prs2026hitl_7100] unknown packet ID 0x6e; discarded 1 byte(s)
[00:51:41.086] BAD_PACKET[TCP_prs2026hitl_7100] unknown packet ID 0x67; discarded 1 byte(s)
[00:51:41.086] BAD_PACKET[TCP_prs2026hitl_7100] unknown packet ID 0x20; discarded 1 byte(s)
[00:51:41.087] BAD_PACKET[TCP_prs2026hitl_7100] unknown packet ID 0x68; discarded 1 byte(s)
[00:51:41.087] BAD_PACKET[TCP_prs2026hitl_7100] unknown packet ID 0x65; discarded 1 byte(s)
[00:51:41.087] BAD_PACKET[TCP_prs2026hitl_7100] unknown packet ID 0x61; discarded 1 byte(s)
[00:51:41.087] BAD_PACKET[TCP_prs2026hitl_7100] unknown packet ID 0x72; discarded 1 byte(s)
[00:51:41.088] BAD_PACKET[TCP_prs2026hitl_7100] unknown packet ID 0x74; discarded 1 byte(s)
[00:51:41.088] BAD_PACKET[TCP_prs2026hitl_7100] unknown packet ID 0x62; discarded 1 byte(s)
[00:51:41.088] BAD_PACKET[TCP_prs2026hitl_7100] unknown packet ID 0x65; discarded 1 byte(s)
[00:51:41.089] BAD_PACKET[TCP_prs2026hitl_7100] unknown packet ID 0x61; discarded 1 byte(s)
[00:51:41.089] BAD_PACKET[TCP_prs2026hitl_7100] unknown packet ID 0x74; discarded 1 byte(s)
[00:51:41.089] BAD_PACKET[TCP_prs2026hitl_7100] unknown packet ID 0x20; discarded 1 byte(s)
[00:51:41.090] BAD_PACKET[TCP_prs2026hitl_7100] unknown packet ID 0x28; discarded 1 byte(s)
[00:51:41.090] BAD_PACKET[TCP_prs2026hitl_7100] unknown packet ID 0x38; discarded 1 byte(s)
[00:51:41.090] BAD_PACKET[TCP_prs2026hitl_7100] unknown packet ID 0x20; discarded 1 byte(s)
[00:51:41.090] BAD_PACKET[TCP_prs2026hitl_7100] unknown packet ID 0x62; discarded 1 byte(s)
[00:51:41.091] BAD_PACKET[TCP_prs2026hitl_7100] unknown packet ID 0x79; discarded 1 byte(s)
[00:51:41.091] BAD_PACKET[TCP_prs2026hitl_7100] unknown packet ID 0x74; discarded 1 byte(s)
[00:51:41.092] BAD_PACKET[TCP_prs2026hitl_7100] unknown packet ID 0x65; discarded 1 byte(s)
[00:51:41.092] BAD_PACKET[TCP_prs2026hitl_7100] unknown packet ID 0x73; discarded 1 byte(s)
[00:51:41.092] BAD_PACKET[TCP_prs2026hitl_7100] unknown packet ID 0x29; discarded 1 byte(s)
[00:51:41.093] BAD_PACKET[TCP_prs2026hitl_7100] unknown packet ID 0x0d; discarded 1 byte(s)
[00:51:41.093] BAD_PACKET[TCP_prs2026hitl_7100] unknown packet ID 0x0a; discarded 1 byte(s)
[00:51:41.153] RX[TCP_prs2026hitl_7100]  49 20 28 32 32 37 39 33 34 36 29 20 61 70 65 72 74 75 72 65 3a 20 48 65 61 72 74 62 65 61 74 20 73 65 6e 74 0d 0a
[00:51:41.154] BAD_PACKET[TCP_prs2026hitl_7100] unknown packet ID 0x49; discarded 1 byte(s)
[00:51:41.154] BAD_PACKET[TCP_prs2026hitl_7100] unknown packet ID 0x20; discarded 1 byte(s)
[00:51:41.155] BAD_PACKET[TCP_prs2026hitl_7100] unknown packet ID 0x28; discarded 1 byte(s)
[00:51:41.155] BAD_PACKET[TCP_prs2026hitl_7100] unknown packet ID 0x32; discarded 1 byte(s)
[00:51:41.155] BAD_PACKET[TCP_prs2026hitl_7100] unknown packet ID 0x32; discarded 1 byte(s)
[00:51:41.156] BAD_PACKET[TCP_prs2026hitl_7100] unknown packet ID 0x37; discarded 1 byte(s)
[00:51:41.156] BAD_PACKET[TCP_prs2026hitl_7100] unknown packet ID 0x39; discarded 1 byte(s)
[00:51:41.156] BAD_PACKET[TCP_prs2026hitl_7100] unknown packet ID 0x33; discarded 1 byte(s)
[00:51:41.156] BAD_PACKET[TCP_prs2026hitl_7100] unknown packet ID 0x34; discarded 1 byte(s)
[00:51:41.157] BAD_PACKET[TCP_prs2026hitl_7100] unknown packet ID 0x36; discarded 1 byte(s)
[00:51:41.157] BAD_PACKET[TCP_prs2026hitl_7100] unknown packet ID 0x29; discarded 1 byte(s)
[00:51:41.158] BAD_PACKET[TCP_prs2026hitl_7100] unknown packet ID 0x20; discarded 1 byte(s)
[00:51:41.158] BAD_PACKET[TCP_prs2026hitl_7100] unknown packet ID 0x61; discarded 1 byte(s)
[00:51:41.158] BAD_PACKET[TCP_prs2026hitl_7100] unknown packet ID 0x70; discarded 1 byte(s)
[00:51:41.158] BAD_PACKET[TCP_prs2026hitl_7100] unknown packet ID 0x65; discarded 1 byte(s)
[00:51:41.159] BAD_PACKET[TCP_prs2026hitl_7100] unknown packet ID 0x72; discarded 1 byte(s)
[00:51:41.159] BAD_PACKET[TCP_prs2026hitl_7100] unknown packet ID 0x74; discarded 1 byte(s)
[00:51:41.159] BAD_PACKET[TCP_prs2026hitl_7100] unknown packet ID 0x75; discarded 1 byte(s)
[00:51:41.160] BAD_PACKET[TCP_prs2026hitl_7100] unknown packet ID 0x72; discarded 1 byte(s)
[00:51:41.160] BAD_PACKET[TCP_prs2026hitl_7100] unknown packet ID 0x65; discarded 1 byte(s)
[00:51:41.160] BAD_PACKET[TCP_prs2026hitl_7100] unknown packet ID 0x3a; discarded 1 byte(s)
[00:51:41.161] BAD_PACKET[TCP_prs2026hitl_7100] unknown packet ID 0x20; discarded 1 byte(s)
[00:51:41.161] BAD_PACKET[TCP_prs2026hitl_7100] unknown packet ID 0x48; discarded 1 byte(s)
[00:51:41.161] BAD_PACKET[TCP_prs2026hitl_7100] unknown packet ID 0x65; discarded 1 byte(s)
[00:51:41.162] BAD_PACKET[TCP_prs2026hitl_7100] unknown packet ID 0x61; discarded 1 byte(s)
[00:51:41.162] BAD_PACKET[TCP_prs2026hitl_7100] unknown packet ID 0x72; discarded 1 byte(s)
[00:51:41.162] BAD_PACKET[TCP_prs2026hitl_7100] unknown packet ID 0x74; discarded 1 byte(s)
[00:51:41.162] BAD_PACKET[TCP_prs2026hitl_7100] unknown packet ID 0x62; discarded 1 byte(s)
[00:51:41.163] BAD_PACKET[TCP_prs2026hitl_7100] unknown packet ID 0x65; discarded 1 byte(s)
[00:51:41.163] BAD_PACKET[TCP_prs2026hitl_7100] unknown packet ID 0x61; discarded 1 byte(s)
[00:51:41.163] BAD_PACKET[TCP_prs2026hitl_7100] unknown packet ID 0x74; discarded 1 byte(s)
[00:51:41.164] BAD_PACKET[TCP_prs2026hitl_7100] unknown packet ID 0x20; discarded 1 byte(s)
[00:51:41.164] BAD_PACKET[TCP_prs2026hitl_7100] unknown packet ID 0x73; discarded 1 byte(s)
[00:51:41.164] BAD_PACKET[TCP_prs2026hitl_7100] unknown packet ID 0x65; discarded 1 byte(s)
[00:51:41.165] BAD_PACKET[TCP_prs2026hitl_7100] unknown packet ID 0x6e; discarded 1 byte(s)
[00:51:41.165] BAD_PACKET[TCP_prs2026hitl_7100] unknown packet ID 0x74; discarded 1 byte(s)
[00:51:41.165] BAD_PACKET[TCP_prs2026hitl_7100] unknown packet ID 0x0d; discarded 1 byte(s)
[00:51:41.165] BAD_PACKET[TCP_prs2026hitl_7100] unknown packet ID 0x0a; discarded 1 byte(s)
[00:51:41.982] RX[COM21]  03
[00:51:41.984] RX[COM21]  00 00 00 00 00 00 00 00 00 00 a0 67 00 00 00 14 44 0a
[00:51:41.984] PACKET[COM21] camera: fc_status=0, fc_uptime=0, status=0, uptime=41063, current_sense=[0.0, 0.0, 0.0], iris_battery_voltage=5.188
[00:51:42.090] RX[TCP_prs2026hitl_7100]  49 20 28 32 32 38 30 33 30 36 29 20 61 70 65 72 74 75 72 65 3a 20 53 65 6e 64 69 6e 67 20 68 65 61 72 74 62 65 61 74 20 28 38 20 62 79 74 65 73 29 0d 0a
[00:51:42.092] BAD_PACKET[TCP_prs2026hitl_7100] unknown packet ID 0x49; discarded 1 byte(s)
[00:51:42.092] BAD_PACKET[TCP_prs2026hitl_7100] unknown packet ID 0x20; discarded 1 byte(s)
[00:51:42.093] BAD_PACKET[TCP_prs2026hitl_7100] unknown packet ID 0x28; discarded 1 byte(s)
[00:51:42.093] BAD_PACKET[TCP_prs2026hitl_7100] unknown packet ID 0x32; discarded 1 byte(s)
[00:51:42.093] BAD_PACKET[TCP_prs2026hitl_7100] unknown packet ID 0x32; discarded 1 byte(s)
[00:51:42.094] BAD_PACKET[TCP_prs2026hitl_7100] unknown packet ID 0x38; discarded 1 byte(s)
[00:51:42.094] BAD_PACKET[TCP_prs2026hitl_7100] unknown packet ID 0x30; discarded 1 byte(s)
[00:51:42.094] BAD_PACKET[TCP_prs2026hitl_7100] unknown packet ID 0x33; discarded 1 byte(s)
[00:51:42.095] BAD_PACKET[TCP_prs2026hitl_7100] unknown packet ID 0x30; discarded 1 byte(s)
[00:51:42.095] BAD_PACKET[TCP_prs2026hitl_7100] unknown packet ID 0x36; discarded 1 byte(s)
[00:51:42.095] BAD_PACKET[TCP_prs2026hitl_7100] unknown packet ID 0x29; discarded 1 byte(s)
[00:51:42.095] BAD_PACKET[TCP_prs2026hitl_7100] unknown packet ID 0x20; discarded 1 byte(s)
[00:51:42.096] BAD_PACKET[TCP_prs2026hitl_7100] unknown packet ID 0x61; discarded 1 byte(s)
[00:51:42.096] BAD_PACKET[TCP_prs2026hitl_7100] unknown packet ID 0x70; discarded 1 byte(s)
[00:51:42.096] BAD_PACKET[TCP_prs2026hitl_7100] unknown packet ID 0x65; discarded 1 byte(s)
[00:51:42.097] BAD_PACKET[TCP_prs2026hitl_7100] unknown packet ID 0x72; discarded 1 byte(s)
[00:51:42.097] BAD_PACKET[TCP_prs2026hitl_7100] unknown packet ID 0x74; discarded 1 byte(s)
[00:51:42.097] BAD_PACKET[TCP_prs2026hitl_7100] unknown packet ID 0x75; discarded 1 byte(s)
[00:51:42.098] BAD_PACKET[TCP_prs2026hitl_7100] unknown packet ID 0x72; discarded 1 byte(s)
[00:51:42.098] BAD_PACKET[TCP_prs2026hitl_7100] unknown packet ID 0x65; discarded 1 byte(s)
[00:51:42.098] BAD_PACKET[TCP_prs2026hitl_7100] unknown packet ID 0x3a; discarded 1 byte(s)
[00:51:42.099] BAD_PACKET[TCP_prs2026hitl_7100] unknown packet ID 0x20; discarded 1 byte(s)
[00:51:42.099] BAD_PACKET[TCP_prs2026hitl_7100] unknown packet ID 0x53; discarded 1 byte(s)
[00:51:42.100] BAD_PACKET[TCP_prs2026hitl_7100] unknown packet ID 0x65; discarded 1 byte(s)
[00:51:42.101] BAD_PACKET[TCP_prs2026hitl_7100] unknown packet ID 0x6e; discarded 1 byte(s)
[00:51:42.101] BAD_PACKET[TCP_prs2026hitl_7100] unknown packet ID 0x64; discarded 1 byte(s)
[00:51:42.101] BAD_PACKET[TCP_prs2026hitl_7100] unknown packet ID 0x69; discarded 1 byte(s)
[00:51:42.102] BAD_PACKET[TCP_prs2026hitl_7100] unknown packet ID 0x6e; discarded 1 byte(s)
[00:51:42.102] BAD_PACKET[TCP_prs2026hitl_7100] unknown packet ID 0x67; discarded 1 byte(s)
[00:51:42.102] BAD_PACKET[TCP_prs2026hitl_7100] unknown packet ID 0x20; discarded 1 byte(s)
[00:51:42.102] BAD_PACKET[TCP_prs2026hitl_7100] unknown packet ID 0x68; discarded 1 byte(s)
[00:51:42.103] BAD_PACKET[TCP_prs2026hitl_7100] unknown packet ID 0x65; discarded 1 byte(s)
[00:51:42.103] BAD_PACKET[TCP_prs2026hitl_7100] unknown packet ID 0x61; discarded 1 byte(s)
[00:51:42.103] BAD_PACKET[TCP_prs2026hitl_7100] unknown packet ID 0x72; discarded 1 byte(s)
[00:51:42.104] BAD_PACKET[TCP_prs2026hitl_7100] unknown packet ID 0x74; discarded 1 byte(s)
[00:51:42.104] BAD_PACKET[TCP_prs2026hitl_7100] unknown packet ID 0x62; discarded 1 byte(s)
[00:51:42.104] BAD_PACKET[TCP_prs2026hitl_7100] unknown packet ID 0x65; discarded 1 byte(s)
[00:51:42.105] BAD_PACKET[TCP_prs2026hitl_7100] unknown packet ID 0x61; discarded 1 byte(s)
[00:51:42.105] BAD_PACKET[TCP_prs2026hitl_7100] unknown packet ID 0x74; discarded 1 byte(s)
[00:51:42.105] BAD_PACKET[TCP_prs2026hitl_7100] unknown packet ID 0x20; discarded 1 byte(s)
[00:51:42.105] BAD_PACKET[TCP_prs2026hitl_7100] unknown packet ID 0x28; discarded 1 byte(s)
[00:51:42.106] BAD_PACKET[TCP_prs2026hitl_7100] unknown packet ID 0x38; discarded 1 byte(s)
[00:51:42.107] BAD_PACKET[TCP_prs2026hitl_7100] unknown packet ID 0x20; discarded 1 byte(s)
[00:51:42.108] BAD_PACKET[TCP_prs2026hitl_7100] unknown packet ID 0x62; discarded 1 byte(s)
[00:51:42.108] BAD_PACKET[TCP_prs2026hitl_7100] unknown packet ID 0x79; discarded 1 byte(s)
[00:51:42.108] BAD_PACKET[TCP_prs2026hitl_7100] unknown packet ID 0x74; discarded 1 byte(s)
[00:51:42.109] BAD_PACKET[TCP_prs2026hitl_7100] unknown packet ID 0x65; discarded 1 byte(s)
[00:51:42.109] BAD_PACKET[TCP_prs2026hitl_7100] unknown packet ID 0x73; discarded 1 byte(s)
[00:51:42.109] BAD_PACKET[TCP_prs2026hitl_7100] unknown packet ID 0x29; discarded 1 byte(s)
[00:51:42.110] BAD_PACKET[TCP_prs2026hitl_7100] unknown packet ID 0x0d; discarded 1 byte(s)
[00:51:42.110] BAD_PACKET[TCP_prs2026hitl_7100] unknown packet ID 0x0a; discarded 1 byte(s)
[00:51:42.110] RX[TCP_prs2026hitl_7100]  49 20 28 32 32 38 30 33 34 36 29 20 61 70 65 72 74 75 72 65 3a 20 48 65 61 72 74 62 65 61 74 20 73 65 6e 74 0d 0a
[00:51:42.110] BAD_PACKET[TCP_prs2026hitl_7100] unknown packet ID 0x49; discarded 1 byte(s)
[00:51:42.111] BAD_PACKET[TCP_prs2026hitl_7100] unknown packet ID 0x20; discarded 1 byte(s)
[00:51:42.111] BAD_PACKET[TCP_prs2026hitl_7100] unknown packet ID 0x28; discarded 1 byte(s)
[00:51:42.111] BAD_PACKET[TCP_prs2026hitl_7100] unknown packet ID 0x32; discarded 1 byte(s)
[00:51:42.112] BAD_PACKET[TCP_prs2026hitl_7100] unknown packet ID 0x32; discarded 1 byte(s)
[00:51:42.112] BAD_PACKET[TCP_prs2026hitl_7100] unknown packet ID 0x38; discarded 1 byte(s)
[00:51:42.112] BAD_PACKET[TCP_prs2026hitl_7100] unknown packet ID 0x30; discarded 1 byte(s)
[00:51:42.113] BAD_PACKET[TCP_prs2026hitl_7100] unknown packet ID 0x33; discarded 1 byte(s)
[00:51:42.113] BAD_PACKET[TCP_prs2026hitl_7100] unknown packet ID 0x34; discarded 1 byte(s)
[00:51:42.113] BAD_PACKET[TCP_prs2026hitl_7100] unknown packet ID 0x36; discarded 1 byte(s)
[00:51:42.113] BAD_PACKET[TCP_prs2026hitl_7100] unknown packet ID 0x29; discarded 1 byte(s)
[00:51:42.114] BAD_PACKET[TCP_prs2026hitl_7100] unknown packet ID 0x20; discarded 1 byte(s)
[00:51:42.114] BAD_PACKET[TCP_prs2026hitl_7100] unknown packet ID 0x61; discarded 1 byte(s)
[00:51:42.114] BAD_PACKET[TCP_prs2026hitl_7100] unknown packet ID 0x70; discarded 1 byte(s)
[00:51:42.115] BAD_PACKET[TCP_prs2026hitl_7100] unknown packet ID 0x65; discarded 1 byte(s)
[00:51:42.115] BAD_PACKET[TCP_prs2026hitl_7100] unknown packet ID 0x72; discarded 1 byte(s)
[00:51:42.115] BAD_PACKET[TCP_prs2026hitl_7100] unknown packet ID 0x74; discarded 1 byte(s)
[00:51:42.116] BAD_PACKET[TCP_prs2026hitl_7100] unknown packet ID 0x75; discarded 1 byte(s)
[00:51:42.117] BAD_PACKET[TCP_prs2026hitl_7100] unknown packet ID 0x72; discarded 1 byte(s)
[00:51:42.117] BAD_PACKET[TCP_prs2026hitl_7100] unknown packet ID 0x65; discarded 1 byte(s)
[00:51:42.117] BAD_PACKET[TCP_prs2026hitl_7100] unknown packet ID 0x3a; discarded 1 byte(s)
[00:51:42.117] BAD_PACKET[TCP_prs2026hitl_7100] unknown packet ID 0x20; discarded 1 byte(s)
[00:51:42.118] BAD_PACKET[TCP_prs2026hitl_7100] unknown packet ID 0x48; discarded 1 byte(s)
[00:51:42.118] BAD_PACKET[TCP_prs2026hitl_7100] unknown packet ID 0x65; discarded 1 byte(s)
[00:51:42.118] BAD_PACKET[TCP_prs2026hitl_7100] unknown packet ID 0x61; discarded 1 byte(s)
[00:51:42.119] BAD_PACKET[TCP_prs2026hitl_7100] unknown packet ID 0x72; discarded 1 byte(s)
[00:51:42.119] BAD_PACKET[TCP_prs2026hitl_7100] unknown packet ID 0x74; discarded 1 byte(s)
[00:51:42.119] BAD_PACKET[TCP_prs2026hitl_7100] unknown packet ID 0x62; discarded 1 byte(s)
[00:51:42.120] BAD_PACKET[TCP_prs2026hitl_7100] unknown packet ID 0x65; discarded 1 byte(s)
[00:51:42.120] BAD_PACKET[TCP_prs2026hitl_7100] unknown packet ID 0x61; discarded 1 byte(s)
[00:51:42.120] BAD_PACKET[TCP_prs2026hitl_7100] unknown packet ID 0x74; discarded 1 byte(s)
[00:51:42.120] BAD_PACKET[TCP_prs2026hitl_7100] unknown packet ID 0x20; discarded 1 byte(s)
[00:51:42.121] BAD_PACKET[TCP_prs2026hitl_7100] unknown packet ID 0x73; discarded 1 byte(s)
[00:51:42.121] BAD_PACKET[TCP_prs2026hitl_7100] unknown packet ID 0x65; discarded 1 byte(s)
[00:51:42.121] BAD_PACKET[TCP_prs2026hitl_7100] unknown packet ID 0x6e; discarded 1 byte(s)
[00:51:42.122] BAD_PACKET[TCP_prs2026hitl_7100] unknown packet ID 0x74; discarded 1 byte(s)
[00:51:42.122] BAD_PACKET[TCP_prs2026hitl_7100] unknown packet ID 0x0d; discarded 1 byte(s)
[00:51:42.123] BAD_PACKET[TCP_prs2026hitl_7100] unknown packet ID 0x0a; discarded 1 byte(s)
[00:51:42.988] RX[COM21]  03
[00:51:42.989] RX[COM21]  00 00 00 00 00 00 00 00 00 00 a4 4f 00 00 00 14 40 0a
[00:51:42.990] PACKET[COM21] camera: fc_status=0, fc_uptime=0, status=0, uptime=42063, current_sense=[0.0, 0.0, 0.0], iris_battery_voltage=5.184
[00:51:43.110] RX[TCP_prs2026hitl_7100]  49 20 28 32 32 38 31 33 30 36 29 20 61 70 65 72 74 75 72 65 3a 20 53 65 6e 64 69 6e 67 20 68 65 61 72 74 62 65 61 74 20 28 38 20 62 79 74 65 73 29 0d 0a
[00:51:43.110] BAD_PACKET[TCP_prs2026hitl_7100] unknown packet ID 0x49; discarded 1 byte(s)
[00:51:43.111] BAD_PACKET[TCP_prs2026hitl_7100] unknown packet ID 0x20; discarded 1 byte(s)
[00:51:43.111] BAD_PACKET[TCP_prs2026hitl_7100] unknown packet ID 0x28; discarded 1 byte(s)
[00:51:43.111] BAD_PACKET[TCP_prs2026hitl_7100] unknown packet ID 0x32; discarded 1 byte(s)
[00:51:43.112] BAD_PACKET[TCP_prs2026hitl_7100] unknown packet ID 0x32; discarded 1 byte(s)
[00:51:43.112] BAD_PACKET[TCP_prs2026hitl_7100] unknown packet ID 0x38; discarded 1 byte(s)
[00:51:43.112] BAD_PACKET[TCP_prs2026hitl_7100] unknown packet ID 0x31; discarded 1 byte(s)
[00:51:43.113] BAD_PACKET[TCP_prs2026hitl_7100] unknown packet ID 0x33; discarded 1 byte(s)
[00:51:43.113] BAD_PACKET[TCP_prs2026hitl_7100] unknown packet ID 0x30; discarded 1 byte(s)
[00:51:43.113] BAD_PACKET[TCP_prs2026hitl_7100] unknown packet ID 0x36; discarded 1 byte(s)
[00:51:43.114] BAD_PACKET[TCP_prs2026hitl_7100] unknown packet ID 0x29; discarded 1 byte(s)
[00:51:43.114] BAD_PACKET[TCP_prs2026hitl_7100] unknown packet ID 0x20; discarded 1 byte(s)
[00:51:43.114] BAD_PACKET[TCP_prs2026hitl_7100] unknown packet ID 0x61; discarded 1 byte(s)
[00:51:43.115] BAD_PACKET[TCP_prs2026hitl_7100] unknown packet ID 0x70; discarded 1 byte(s)
[00:51:43.115] BAD_PACKET[TCP_prs2026hitl_7100] unknown packet ID 0x65; discarded 1 byte(s)
[00:51:43.115] BAD_PACKET[TCP_prs2026hitl_7100] unknown packet ID 0x72; discarded 1 byte(s)
[00:51:43.115] BAD_PACKET[TCP_prs2026hitl_7100] unknown packet ID 0x74; discarded 1 byte(s)
[00:51:43.116] BAD_PACKET[TCP_prs2026hitl_7100] unknown packet ID 0x75; discarded 1 byte(s)
[00:51:43.117] BAD_PACKET[TCP_prs2026hitl_7100] unknown packet ID 0x72; discarded 1 byte(s)
[00:51:43.117] BAD_PACKET[TCP_prs2026hitl_7100] unknown packet ID 0x65; discarded 1 byte(s)
[00:51:43.117] BAD_PACKET[TCP_prs2026hitl_7100] unknown packet ID 0x3a; discarded 1 byte(s)
[00:51:43.118] BAD_PACKET[TCP_prs2026hitl_7100] unknown packet ID 0x20; discarded 1 byte(s)
[00:51:43.118] BAD_PACKET[TCP_prs2026hitl_7100] unknown packet ID 0x53; discarded 1 byte(s)
[00:51:43.118] BAD_PACKET[TCP_prs2026hitl_7100] unknown packet ID 0x65; discarded 1 byte(s)
[00:51:43.119] BAD_PACKET[TCP_prs2026hitl_7100] unknown packet ID 0x6e; discarded 1 byte(s)
[00:51:43.119] BAD_PACKET[TCP_prs2026hitl_7100] unknown packet ID 0x64; discarded 1 byte(s)
[00:51:43.119] BAD_PACKET[TCP_prs2026hitl_7100] unknown packet ID 0x69; discarded 1 byte(s)
[00:51:43.120] BAD_PACKET[TCP_prs2026hitl_7100] unknown packet ID 0x6e; discarded 1 byte(s)
[00:51:43.120] BAD_PACKET[TCP_prs2026hitl_7100] unknown packet ID 0x67; discarded 1 byte(s)
[00:51:43.120] BAD_PACKET[TCP_prs2026hitl_7100] unknown packet ID 0x20; discarded 1 byte(s)
[00:51:43.121] BAD_PACKET[TCP_prs2026hitl_7100] unknown packet ID 0x68; discarded 1 byte(s)
[00:51:43.121] BAD_PACKET[TCP_prs2026hitl_7100] unknown packet ID 0x65; discarded 1 byte(s)
[00:51:43.121] BAD_PACKET[TCP_prs2026hitl_7100] unknown packet ID 0x61; discarded 1 byte(s)
[00:51:43.122] BAD_PACKET[TCP_prs2026hitl_7100] unknown packet ID 0x72; discarded 1 byte(s)
[00:51:43.122] BAD_PACKET[TCP_prs2026hitl_7100] unknown packet ID 0x74; discarded 1 byte(s)
[00:51:43.122] BAD_PACKET[TCP_prs2026hitl_7100] unknown packet ID 0x62; discarded 1 byte(s)
[00:51:43.123] BAD_PACKET[TCP_prs2026hitl_7100] unknown packet ID 0x65; discarded 1 byte(s)
[00:51:43.123] BAD_PACKET[TCP_prs2026hitl_7100] unknown packet ID 0x61; discarded 1 byte(s)
[00:51:43.123] BAD_PACKET[TCP_prs2026hitl_7100] unknown packet ID 0x74; discarded 1 byte(s)
[00:51:43.123] BAD_PACKET[TCP_prs2026hitl_7100] unknown packet ID 0x20; discarded 1 byte(s)
[00:51:43.124] BAD_PACKET[TCP_prs2026hitl_7100] unknown packet ID 0x28; discarded 1 byte(s)
[00:51:43.124] BAD_PACKET[TCP_prs2026hitl_7100] unknown packet ID 0x38; discarded 1 byte(s)
[00:51:43.125] BAD_PACKET[TCP_prs2026hitl_7100] unknown packet ID 0x20; discarded 1 byte(s)
[00:51:43.126] BAD_PACKET[TCP_prs2026hitl_7100] unknown packet ID 0x62; discarded 1 byte(s)
[00:51:43.126] BAD_PACKET[TCP_prs2026hitl_7100] unknown packet ID 0x79; discarded 1 byte(s)
[00:51:43.126] BAD_PACKET[TCP_prs2026hitl_7100] unknown packet ID 0x74; discarded 1 byte(s)
[00:51:43.127] BAD_PACKET[TCP_prs2026hitl_7100] unknown packet ID 0x65; discarded 1 byte(s)
[00:51:43.127] BAD_PACKET[TCP_prs2026hitl_7100] unknown packet ID 0x73; discarded 1 byte(s)
[00:51:43.127] BAD_PACKET[TCP_prs2026hitl_7100] unknown packet ID 0x29; discarded 1 byte(s)
[00:51:43.128] BAD_PACKET[TCP_prs2026hitl_7100] unknown packet ID 0x0d; discarded 1 byte(s)
[00:51:43.128] BAD_PACKET[TCP_prs2026hitl_7100] unknown packet ID 0x0a; discarded 1 byte(s)
[00:51:43.178] RX[TCP_prs2026hitl_7100]  49 20 28 32 32 38 31 33 34 36 29 20 61 70 65 72 74 75 72 65 3a 20 48 65 61 72 74 62 65 61 74 20 73 65 6e 74 0d 0a
[00:51:43.179] BAD_PACKET[TCP_prs2026hitl_7100] unknown packet ID 0x49; discarded 1 byte(s)
[00:51:43.179] BAD_PACKET[TCP_prs2026hitl_7100] unknown packet ID 0x20; discarded 1 byte(s)
[00:51:43.179] BAD_PACKET[TCP_prs2026hitl_7100] unknown packet ID 0x28; discarded 1 byte(s)
[00:51:43.180] BAD_PACKET[TCP_prs2026hitl_7100] unknown packet ID 0x32; discarded 1 byte(s)
[00:51:43.180] BAD_PACKET[TCP_prs2026hitl_7100] unknown packet ID 0x32; discarded 1 byte(s)
[00:51:43.180] BAD_PACKET[TCP_prs2026hitl_7100] unknown packet ID 0x38; discarded 1 byte(s)
[00:51:43.181] BAD_PACKET[TCP_prs2026hitl_7100] unknown packet ID 0x31; discarded 1 byte(s)
[00:51:43.181] BAD_PACKET[TCP_prs2026hitl_7100] unknown packet ID 0x33; discarded 1 byte(s)
[00:51:43.181] BAD_PACKET[TCP_prs2026hitl_7100] unknown packet ID 0x34; discarded 1 byte(s)
[00:51:43.182] BAD_PACKET[TCP_prs2026hitl_7100] unknown packet ID 0x36; discarded 1 byte(s)
[00:51:43.182] BAD_PACKET[TCP_prs2026hitl_7100] unknown packet ID 0x29; discarded 1 byte(s)
[00:51:43.182] BAD_PACKET[TCP_prs2026hitl_7100] unknown packet ID 0x20; discarded 1 byte(s)
[00:51:43.183] BAD_PACKET[TCP_prs2026hitl_7100] unknown packet ID 0x61; discarded 1 byte(s)
[00:51:43.183] BAD_PACKET[TCP_prs2026hitl_7100] unknown packet ID 0x70; discarded 1 byte(s)
[00:51:43.184] BAD_PACKET[TCP_prs2026hitl_7100] unknown packet ID 0x65; discarded 1 byte(s)
[00:51:43.184] BAD_PACKET[TCP_prs2026hitl_7100] unknown packet ID 0x72; discarded 1 byte(s)
[00:51:43.184] BAD_PACKET[TCP_prs2026hitl_7100] unknown packet ID 0x74; discarded 1 byte(s)
[00:51:43.185] BAD_PACKET[TCP_prs2026hitl_7100] unknown packet ID 0x75; discarded 1 byte(s)
[00:51:43.185] BAD_PACKET[TCP_prs2026hitl_7100] unknown packet ID 0x72; discarded 1 byte(s)
[00:51:43.186] BAD_PACKET[TCP_prs2026hitl_7100] unknown packet ID 0x65; discarded 1 byte(s)
[00:51:43.188] BAD_PACKET[TCP_prs2026hitl_7100] unknown packet ID 0x3a; discarded 1 byte(s)
[00:51:43.188] BAD_PACKET[TCP_prs2026hitl_7100] unknown packet ID 0x20; discarded 1 byte(s)
[00:51:43.188] BAD_PACKET[TCP_prs2026hitl_7100] unknown packet ID 0x48; discarded 1 byte(s)
[00:51:43.189] BAD_PACKET[TCP_prs2026hitl_7100] unknown packet ID 0x65; discarded 1 byte(s)
[00:51:43.189] BAD_PACKET[TCP_prs2026hitl_7100] unknown packet ID 0x61; discarded 1 byte(s)
[00:51:43.189] BAD_PACKET[TCP_prs2026hitl_7100] unknown packet ID 0x72; discarded 1 byte(s)
[00:51:43.190] BAD_PACKET[TCP_prs2026hitl_7100] unknown packet ID 0x74; discarded 1 byte(s)
[00:51:43.190] BAD_PACKET[TCP_prs2026hitl_7100] unknown packet ID 0x62; discarded 1 byte(s)
[00:51:43.190] BAD_PACKET[TCP_prs2026hitl_7100] unknown packet ID 0x65; discarded 1 byte(s)
[00:51:43.191] BAD_PACKET[TCP_prs2026hitl_7100] unknown packet ID 0x61; discarded 1 byte(s)
[00:51:43.191] BAD_PACKET[TCP_prs2026hitl_7100] unknown packet ID 0x74; discarded 1 byte(s)
[00:51:43.191] BAD_PACKET[TCP_prs2026hitl_7100] unknown packet ID 0x20; discarded 1 byte(s)
[00:51:43.192] BAD_PACKET[TCP_prs2026hitl_7100] unknown packet ID 0x73; discarded 1 byte(s)
[00:51:43.192] BAD_PACKET[TCP_prs2026hitl_7100] unknown packet ID 0x65; discarded 1 byte(s)
[00:51:43.192] BAD_PACKET[TCP_prs2026hitl_7100] unknown packet ID 0x6e; discarded 1 byte(s)
[00:51:43.193] BAD_PACKET[TCP_prs2026hitl_7100] unknown packet ID 0x74; discarded 1 byte(s)
[00:51:43.193] BAD_PACKET[TCP_prs2026hitl_7100] unknown packet ID 0x0d; discarded 1 byte(s)
[00:51:43.193] BAD_PACKET[TCP_prs2026hitl_7100] unknown packet ID 0x0a; discarded 1 byte(s)
[00:51:44.013] RX[COM21]  03
[00:51:44.014] RX[COM21]  00 00 00 00 00 00 00 00 00 00 a8 37 00 00 00 14 44 0a
[00:51:44.015] PACKET[COM21] camera: fc_status=0, fc_uptime=0, status=0, uptime=43063, current_sense=[0.0, 0.0, 0.0], iris_battery_voltage=5.188
[00:51:44.075] RX[TCP_prs2026hitl_7100]  49 20 28 32 32 38 32 33 30 36 29 20 61 70 65 72 74 75 72 65 3a 20 53 65 6e 64 69 6e 67 20 68 65 61 72 74 62 65 61 74 20 28 38 20 62 79 74 65 73 29 0d 0a
[00:51:44.077] BAD_PACKET[TCP_prs2026hitl_7100] unknown packet ID 0x49; discarded 1 byte(s)
[00:51:44.077] BAD_PACKET[TCP_prs2026hitl_7100] unknown packet ID 0x20; discarded 1 byte(s)
[00:51:44.078] BAD_PACKET[TCP_prs2026hitl_7100] unknown packet ID 0x28; discarded 1 byte(s)
[00:51:44.078] BAD_PACKET[TCP_prs2026hitl_7100] unknown packet ID 0x32; discarded 1 byte(s)
[00:51:44.078] BAD_PACKET[TCP_prs2026hitl_7100] unknown packet ID 0x32; discarded 1 byte(s)
[00:51:44.079] BAD_PACKET[TCP_prs2026hitl_7100] unknown packet ID 0x38; discarded 1 byte(s)
[00:51:44.079] BAD_PACKET[TCP_prs2026hitl_7100] unknown packet ID 0x32; discarded 1 byte(s)
[00:51:44.079] BAD_PACKET[TCP_prs2026hitl_7100] unknown packet ID 0x33; discarded 1 byte(s)
[00:51:44.079] BAD_PACKET[TCP_prs2026hitl_7100] unknown packet ID 0x30; discarded 1 byte(s)
[00:51:44.080] BAD_PACKET[TCP_prs2026hitl_7100] unknown packet ID 0x36; discarded 1 byte(s)
[00:51:44.080] BAD_PACKET[TCP_prs2026hitl_7100] unknown packet ID 0x29; discarded 1 byte(s)
[00:51:44.080] BAD_PACKET[TCP_prs2026hitl_7100] unknown packet ID 0x20; discarded 1 byte(s)
[00:51:44.081] BAD_PACKET[TCP_prs2026hitl_7100] unknown packet ID 0x61; discarded 1 byte(s)
[00:51:44.081] BAD_PACKET[TCP_prs2026hitl_7100] unknown packet ID 0x70; discarded 1 byte(s)
[00:51:44.081] BAD_PACKET[TCP_prs2026hitl_7100] unknown packet ID 0x65; discarded 1 byte(s)
[00:51:44.082] BAD_PACKET[TCP_prs2026hitl_7100] unknown packet ID 0x72; discarded 1 byte(s)
[00:51:44.082] BAD_PACKET[TCP_prs2026hitl_7100] unknown packet ID 0x74; discarded 1 byte(s)
[00:51:44.083] BAD_PACKET[TCP_prs2026hitl_7100] unknown packet ID 0x75; discarded 1 byte(s)
[00:51:44.083] BAD_PACKET[TCP_prs2026hitl_7100] unknown packet ID 0x72; discarded 1 byte(s)
[00:51:44.083] BAD_PACKET[TCP_prs2026hitl_7100] unknown packet ID 0x65; discarded 1 byte(s)
[00:51:44.084] BAD_PACKET[TCP_prs2026hitl_7100] unknown packet ID 0x3a; discarded 1 byte(s)
[00:51:44.084] BAD_PACKET[TCP_prs2026hitl_7100] unknown packet ID 0x20; discarded 1 byte(s)
[00:51:44.084] BAD_PACKET[TCP_prs2026hitl_7100] unknown packet ID 0x53; discarded 1 byte(s)
[00:51:44.084] BAD_PACKET[TCP_prs2026hitl_7100] unknown packet ID 0x65; discarded 1 byte(s)
[00:51:44.085] BAD_PACKET[TCP_prs2026hitl_7100] unknown packet ID 0x6e; discarded 1 byte(s)
[00:51:44.085] BAD_PACKET[TCP_prs2026hitl_7100] unknown packet ID 0x64; discarded 1 byte(s)
[00:51:44.085] BAD_PACKET[TCP_prs2026hitl_7100] unknown packet ID 0x69; discarded 1 byte(s)
[00:51:44.086] BAD_PACKET[TCP_prs2026hitl_7100] unknown packet ID 0x6e; discarded 1 byte(s)
[00:51:44.086] BAD_PACKET[TCP_prs2026hitl_7100] unknown packet ID 0x67; discarded 1 byte(s)
[00:51:44.086] BAD_PACKET[TCP_prs2026hitl_7100] unknown packet ID 0x20; discarded 1 byte(s)
[00:51:44.087] BAD_PACKET[TCP_prs2026hitl_7100] unknown packet ID 0x68; discarded 1 byte(s)
[00:51:44.087] BAD_PACKET[TCP_prs2026hitl_7100] unknown packet ID 0x65; discarded 1 byte(s)
[00:51:44.087] BAD_PACKET[TCP_prs2026hitl_7100] unknown packet ID 0x61; discarded 1 byte(s)
[00:51:44.087] BAD_PACKET[TCP_prs2026hitl_7100] unknown packet ID 0x72; discarded 1 byte(s)
[00:51:44.088] BAD_PACKET[TCP_prs2026hitl_7100] unknown packet ID 0x74; discarded 1 byte(s)
[00:51:44.089] BAD_PACKET[TCP_prs2026hitl_7100] unknown packet ID 0x62; discarded 1 byte(s)
[00:51:44.089] BAD_PACKET[TCP_prs2026hitl_7100] unknown packet ID 0x65; discarded 1 byte(s)
[00:51:44.089] BAD_PACKET[TCP_prs2026hitl_7100] unknown packet ID 0x61; discarded 1 byte(s)
[00:51:44.090] BAD_PACKET[TCP_prs2026hitl_7100] unknown packet ID 0x74; discarded 1 byte(s)
[00:51:44.090] BAD_PACKET[TCP_prs2026hitl_7100] unknown packet ID 0x20; discarded 1 byte(s)
[00:51:44.090] BAD_PACKET[TCP_prs2026hitl_7100] unknown packet ID 0x28; discarded 1 byte(s)
[00:51:44.091] BAD_PACKET[TCP_prs2026hitl_7100] unknown packet ID 0x38; discarded 1 byte(s)
[00:51:44.092] BAD_PACKET[TCP_prs2026hitl_7100] unknown packet ID 0x20; discarded 1 byte(s)
[00:51:44.092] BAD_PACKET[TCP_prs2026hitl_7100] unknown packet ID 0x62; discarded 1 byte(s)
[00:51:44.092] BAD_PACKET[TCP_prs2026hitl_7100] unknown packet ID 0x79; discarded 1 byte(s)
[00:51:44.093] BAD_PACKET[TCP_prs2026hitl_7100] unknown packet ID 0x74; discarded 1 byte(s)
[00:51:44.093] BAD_PACKET[TCP_prs2026hitl_7100] unknown packet ID 0x65; discarded 1 byte(s)
[00:51:44.093] BAD_PACKET[TCP_prs2026hitl_7100] unknown packet ID 0x73; discarded 1 byte(s)
[00:51:44.093] BAD_PACKET[TCP_prs2026hitl_7100] unknown packet ID 0x29; discarded 1 byte(s)
[00:51:44.094] BAD_PACKET[TCP_prs2026hitl_7100] unknown packet ID 0x0d; discarded 1 byte(s)
[00:51:44.094] BAD_PACKET[TCP_prs2026hitl_7100] unknown packet ID 0x0a; discarded 1 byte(s)
[00:51:44.153] RX[TCP_prs2026hitl_7100]  49 20 28 32 32 38 32 33 34 36 29 20 61 70 65 72 74 75 72 65 3a 20 48 65 61 72 74 62 65 61 74 20 73 65 6e 74 0d 0a
[00:51:44.156] BAD_PACKET[TCP_prs2026hitl_7100] unknown packet ID 0x49; discarded 1 byte(s)
[00:51:44.156] BAD_PACKET[TCP_prs2026hitl_7100] unknown packet ID 0x20; discarded 1 byte(s)
[00:51:44.156] BAD_PACKET[TCP_prs2026hitl_7100] unknown packet ID 0x28; discarded 1 byte(s)
[00:51:44.157] BAD_PACKET[TCP_prs2026hitl_7100] unknown packet ID 0x32; discarded 1 byte(s)
[00:51:44.157] BAD_PACKET[TCP_prs2026hitl_7100] unknown packet ID 0x32; discarded 1 byte(s)
[00:51:44.158] BAD_PACKET[TCP_prs2026hitl_7100] unknown packet ID 0x38; discarded 1 byte(s)
[00:51:44.158] BAD_PACKET[TCP_prs2026hitl_7100] unknown packet ID 0x32; discarded 1 byte(s)
[00:51:44.158] BAD_PACKET[TCP_prs2026hitl_7100] unknown packet ID 0x33; discarded 1 byte(s)
[00:51:44.159] BAD_PACKET[TCP_prs2026hitl_7100] unknown packet ID 0x34; discarded 1 byte(s)
[00:51:44.159] BAD_PACKET[TCP_prs2026hitl_7100] unknown packet ID 0x36; discarded 1 byte(s)
[00:51:44.159] BAD_PACKET[TCP_prs2026hitl_7100] unknown packet ID 0x29; discarded 1 byte(s)
[00:51:44.160] BAD_PACKET[TCP_prs2026hitl_7100] unknown packet ID 0x20; discarded 1 byte(s)
[00:51:44.160] BAD_PACKET[TCP_prs2026hitl_7100] unknown packet ID 0x61; discarded 1 byte(s)
[00:51:44.160] BAD_PACKET[TCP_prs2026hitl_7100] unknown packet ID 0x70; discarded 1 byte(s)
[00:51:44.160] BAD_PACKET[TCP_prs2026hitl_7100] unknown packet ID 0x65; discarded 1 byte(s)
[00:51:44.161] BAD_PACKET[TCP_prs2026hitl_7100] unknown packet ID 0x72; discarded 1 byte(s)
[00:51:44.161] BAD_PACKET[TCP_prs2026hitl_7100] unknown packet ID 0x74; discarded 1 byte(s)
[00:51:44.161] BAD_PACKET[TCP_prs2026hitl_7100] unknown packet ID 0x75; discarded 1 byte(s)
[00:51:44.162] BAD_PACKET[TCP_prs2026hitl_7100] unknown packet ID 0x72; discarded 1 byte(s)
[00:51:44.162] BAD_PACKET[TCP_prs2026hitl_7100] unknown packet ID 0x65; discarded 1 byte(s)
[00:51:44.162] BAD_PACKET[TCP_prs2026hitl_7100] unknown packet ID 0x3a; discarded 1 byte(s)
[00:51:44.163] BAD_PACKET[TCP_prs2026hitl_7100] unknown packet ID 0x20; discarded 1 byte(s)
[00:51:44.163] BAD_PACKET[TCP_prs2026hitl_7100] unknown packet ID 0x48; discarded 1 byte(s)
[00:51:44.163] BAD_PACKET[TCP_prs2026hitl_7100] unknown packet ID 0x65; discarded 1 byte(s)
[00:51:44.163] BAD_PACKET[TCP_prs2026hitl_7100] unknown packet ID 0x61; discarded 1 byte(s)
[00:51:44.164] BAD_PACKET[TCP_prs2026hitl_7100] unknown packet ID 0x72; discarded 1 byte(s)
[00:51:44.164] BAD_PACKET[TCP_prs2026hitl_7100] unknown packet ID 0x74; discarded 1 byte(s)
[00:51:44.164] BAD_PACKET[TCP_prs2026hitl_7100] unknown packet ID 0x62; discarded 1 byte(s)
[00:51:44.165] BAD_PACKET[TCP_prs2026hitl_7100] unknown packet ID 0x65; discarded 1 byte(s)
[00:51:44.165] BAD_PACKET[TCP_prs2026hitl_7100] unknown packet ID 0x61; discarded 1 byte(s)
[00:51:44.165] BAD_PACKET[TCP_prs2026hitl_7100] unknown packet ID 0x74; discarded 1 byte(s)
[00:51:44.166] BAD_PACKET[TCP_prs2026hitl_7100] unknown packet ID 0x20; discarded 1 byte(s)
[00:51:44.167] BAD_PACKET[TCP_prs2026hitl_7100] unknown packet ID 0x73; discarded 1 byte(s)
[00:51:44.168] BAD_PACKET[TCP_prs2026hitl_7100] unknown packet ID 0x65; discarded 1 byte(s)
[00:51:44.168] BAD_PACKET[TCP_prs2026hitl_7100] unknown packet ID 0x6e; discarded 1 byte(s)
[00:51:44.169] BAD_PACKET[TCP_prs2026hitl_7100] unknown packet ID 0x74; discarded 1 byte(s)
[00:51:44.170] BAD_PACKET[TCP_prs2026hitl_7100] unknown packet ID 0x0d; discarded 1 byte(s)
[00:51:44.171] BAD_PACKET[TCP_prs2026hitl_7100] unknown packet ID 0x0a; discarded 1 byte(s)
[00:51:44.962] RX[COM21]  03
[00:51:44.962] RX[COM21]  00 00 00 00 00 00 00 00 00 00 ac 1f 00 00 00 14 40 0a
[00:51:44.963] PACKET[COM21] camera: fc_status=0, fc_uptime=0, status=0, uptime=44063, current_sense=[0.0, 0.0, 0.0], iris_battery_voltage=5.184
[00:51:45.069] RX[TCP_prs2026hitl_7100]  49 20 28 32 32 38 33 33 30 36 29 20 61 70 65 72 74 75 72 65 3a 20 53 65 6e 64 69 6e 67 20 68 65 61 72 74 62 65 61 74 20 28 38 20 62 79 74 65 73 29 0d 0a
[00:51:45.070] BAD_PACKET[TCP_prs2026hitl_7100] unknown packet ID 0x49; discarded 1 byte(s)
[00:51:45.070] BAD_PACKET[TCP_prs2026hitl_7100] unknown packet ID 0x20; discarded 1 byte(s)
[00:51:45.071] BAD_PACKET[TCP_prs2026hitl_7100] unknown packet ID 0x28; discarded 1 byte(s)
[00:51:45.071] BAD_PACKET[TCP_prs2026hitl_7100] unknown packet ID 0x32; discarded 1 byte(s)
[00:51:45.071] BAD_PACKET[TCP_prs2026hitl_7100] unknown packet ID 0x32; discarded 1 byte(s)
[00:51:45.072] BAD_PACKET[TCP_prs2026hitl_7100] unknown packet ID 0x38; discarded 1 byte(s)
[00:51:45.072] BAD_PACKET[TCP_prs2026hitl_7100] unknown packet ID 0x33; discarded 1 byte(s)
[00:51:45.072] BAD_PACKET[TCP_prs2026hitl_7100] unknown packet ID 0x33; discarded 1 byte(s)
[00:51:45.072] BAD_PACKET[TCP_prs2026hitl_7100] unknown packet ID 0x30; discarded 1 byte(s)
[00:51:45.073] BAD_PACKET[TCP_prs2026hitl_7100] unknown packet ID 0x36; discarded 1 byte(s)
[00:51:45.073] BAD_PACKET[TCP_prs2026hitl_7100] unknown packet ID 0x29; discarded 1 byte(s)
[00:51:45.073] BAD_PACKET[TCP_prs2026hitl_7100] unknown packet ID 0x20; discarded 1 byte(s)
[00:51:45.074] BAD_PACKET[TCP_prs2026hitl_7100] unknown packet ID 0x61; discarded 1 byte(s)
[00:51:45.074] BAD_PACKET[TCP_prs2026hitl_7100] unknown packet ID 0x70; discarded 1 byte(s)
[00:51:45.075] BAD_PACKET[TCP_prs2026hitl_7100] unknown packet ID 0x65; discarded 1 byte(s)
[00:51:45.075] BAD_PACKET[TCP_prs2026hitl_7100] unknown packet ID 0x72; discarded 1 byte(s)
[00:51:45.075] BAD_PACKET[TCP_prs2026hitl_7100] unknown packet ID 0x74; discarded 1 byte(s)
[00:51:45.076] BAD_PACKET[TCP_prs2026hitl_7100] unknown packet ID 0x75; discarded 1 byte(s)
[00:51:45.076] BAD_PACKET[TCP_prs2026hitl_7100] unknown packet ID 0x72; discarded 1 byte(s)
[00:51:45.076] BAD_PACKET[TCP_prs2026hitl_7100] unknown packet ID 0x65; discarded 1 byte(s)
[00:51:45.077] BAD_PACKET[TCP_prs2026hitl_7100] unknown packet ID 0x3a; discarded 1 byte(s)
[00:51:45.077] BAD_PACKET[TCP_prs2026hitl_7100] unknown packet ID 0x20; discarded 1 byte(s)
[00:51:45.077] BAD_PACKET[TCP_prs2026hitl_7100] unknown packet ID 0x53; discarded 1 byte(s)
[00:51:45.077] BAD_PACKET[TCP_prs2026hitl_7100] unknown packet ID 0x65; discarded 1 byte(s)
[00:51:45.078] BAD_PACKET[TCP_prs2026hitl_7100] unknown packet ID 0x6e; discarded 1 byte(s)
[00:51:45.078] BAD_PACKET[TCP_prs2026hitl_7100] unknown packet ID 0x64; discarded 1 byte(s)
[00:51:45.079] BAD_PACKET[TCP_prs2026hitl_7100] unknown packet ID 0x69; discarded 1 byte(s)
[00:51:45.079] BAD_PACKET[TCP_prs2026hitl_7100] unknown packet ID 0x6e; discarded 1 byte(s)
[00:51:45.079] BAD_PACKET[TCP_prs2026hitl_7100] unknown packet ID 0x67; discarded 1 byte(s)
[00:51:45.080] BAD_PACKET[TCP_prs2026hitl_7100] unknown packet ID 0x20; discarded 1 byte(s)
[00:51:45.080] BAD_PACKET[TCP_prs2026hitl_7100] unknown packet ID 0x68; discarded 1 byte(s)
[00:51:45.081] BAD_PACKET[TCP_prs2026hitl_7100] unknown packet ID 0x65; discarded 1 byte(s)
[00:51:45.081] BAD_PACKET[TCP_prs2026hitl_7100] unknown packet ID 0x61; discarded 1 byte(s)
[00:51:45.081] BAD_PACKET[TCP_prs2026hitl_7100] unknown packet ID 0x72; discarded 1 byte(s)
[00:51:45.082] BAD_PACKET[TCP_prs2026hitl_7100] unknown packet ID 0x74; discarded 1 byte(s)
[00:51:45.082] BAD_PACKET[TCP_prs2026hitl_7100] unknown packet ID 0x62; discarded 1 byte(s)
[00:51:45.082] BAD_PACKET[TCP_prs2026hitl_7100] unknown packet ID 0x65; discarded 1 byte(s)
[00:51:45.083] BAD_PACKET[TCP_prs2026hitl_7100] unknown packet ID 0x61; discarded 1 byte(s)
[00:51:45.083] BAD_PACKET[TCP_prs2026hitl_7100] unknown packet ID 0x74; discarded 1 byte(s)
[00:51:45.083] BAD_PACKET[TCP_prs2026hitl_7100] unknown packet ID 0x20; discarded 1 byte(s)
[00:51:45.084] BAD_PACKET[TCP_prs2026hitl_7100] unknown packet ID 0x28; discarded 1 byte(s)
[00:51:45.084] BAD_PACKET[TCP_prs2026hitl_7100] unknown packet ID 0x38; discarded 1 byte(s)
[00:51:45.084] BAD_PACKET[TCP_prs2026hitl_7100] unknown packet ID 0x20; discarded 1 byte(s)
[00:51:45.085] BAD_PACKET[TCP_prs2026hitl_7100] unknown packet ID 0x62; discarded 1 byte(s)
[00:51:45.085] BAD_PACKET[TCP_prs2026hitl_7100] unknown packet ID 0x79; discarded 1 byte(s)
[00:51:45.085] BAD_PACKET[TCP_prs2026hitl_7100] unknown packet ID 0x74; discarded 1 byte(s)
[00:51:45.086] BAD_PACKET[TCP_prs2026hitl_7100] unknown packet ID 0x65; discarded 1 byte(s)
[00:51:45.086] BAD_PACKET[TCP_prs2026hitl_7100] unknown packet ID 0x73; discarded 1 byte(s)
[00:51:45.086] BAD_PACKET[TCP_prs2026hitl_7100] unknown packet ID 0x29; discarded 1 byte(s)
[00:51:45.086] BAD_PACKET[TCP_prs2026hitl_7100] unknown packet ID 0x0d; discarded 1 byte(s)
[00:51:45.087] BAD_PACKET[TCP_prs2026hitl_7100] unknown packet ID 0x0a; discarded 1 byte(s)
[00:51:45.143] RX[TCP_prs2026hitl_7100]  49 20 28 32 32 38 33 33 34 36 29 20 61 70 65 72 74 75 72 65 3a 20 48 65 61 72 74 62 65 61 74 20 73 65 6e 74 0d 0a
[00:51:45.144] BAD_PACKET[TCP_prs2026hitl_7100] unknown packet ID 0x49; discarded 1 byte(s)
[00:51:45.144] BAD_PACKET[TCP_prs2026hitl_7100] unknown packet ID 0x20; discarded 1 byte(s)
[00:51:45.144] BAD_PACKET[TCP_prs2026hitl_7100] unknown packet ID 0x28; discarded 1 byte(s)
[00:51:45.145] BAD_PACKET[TCP_prs2026hitl_7100] unknown packet ID 0x32; discarded 1 byte(s)
[00:51:45.145] BAD_PACKET[TCP_prs2026hitl_7100] unknown packet ID 0x32; discarded 1 byte(s)
[00:51:45.145] BAD_PACKET[TCP_prs2026hitl_7100] unknown packet ID 0x38; discarded 1 byte(s)
[00:51:45.146] BAD_PACKET[TCP_prs2026hitl_7100] unknown packet ID 0x33; discarded 1 byte(s)
[00:51:45.146] BAD_PACKET[TCP_prs2026hitl_7100] unknown packet ID 0x33; discarded 1 byte(s)
[00:51:45.146] BAD_PACKET[TCP_prs2026hitl_7100] unknown packet ID 0x34; discarded 1 byte(s)
[00:51:45.146] BAD_PACKET[TCP_prs2026hitl_7100] unknown packet ID 0x36; discarded 1 byte(s)
[00:51:45.147] BAD_PACKET[TCP_prs2026hitl_7100] unknown packet ID 0x29; discarded 1 byte(s)
[00:51:45.147] BAD_PACKET[TCP_prs2026hitl_7100] unknown packet ID 0x20; discarded 1 byte(s)
[00:51:45.147] BAD_PACKET[TCP_prs2026hitl_7100] unknown packet ID 0x61; discarded 1 byte(s)
[00:51:45.148] BAD_PACKET[TCP_prs2026hitl_7100] unknown packet ID 0x70; discarded 1 byte(s)
[00:51:45.148] BAD_PACKET[TCP_prs2026hitl_7100] unknown packet ID 0x65; discarded 1 byte(s)
[00:51:45.148] BAD_PACKET[TCP_prs2026hitl_7100] unknown packet ID 0x72; discarded 1 byte(s)
[00:51:45.149] BAD_PACKET[TCP_prs2026hitl_7100] unknown packet ID 0x74; discarded 1 byte(s)
[00:51:45.149] BAD_PACKET[TCP_prs2026hitl_7100] unknown packet ID 0x75; discarded 1 byte(s)
[00:51:45.149] BAD_PACKET[TCP_prs2026hitl_7100] unknown packet ID 0x72; discarded 1 byte(s)
[00:51:45.149] BAD_PACKET[TCP_prs2026hitl_7100] unknown packet ID 0x65; discarded 1 byte(s)
[00:51:45.150] BAD_PACKET[TCP_prs2026hitl_7100] unknown packet ID 0x3a; discarded 1 byte(s)
[00:51:45.150] BAD_PACKET[TCP_prs2026hitl_7100] unknown packet ID 0x20; discarded 1 byte(s)
[00:51:45.150] BAD_PACKET[TCP_prs2026hitl_7100] unknown packet ID 0x48; discarded 1 byte(s)
[00:51:45.151] BAD_PACKET[TCP_prs2026hitl_7100] unknown packet ID 0x65; discarded 1 byte(s)
[00:51:45.151] BAD_PACKET[TCP_prs2026hitl_7100] unknown packet ID 0x61; discarded 1 byte(s)
[00:51:45.151] BAD_PACKET[TCP_prs2026hitl_7100] unknown packet ID 0x72; discarded 1 byte(s)
[00:51:45.152] BAD_PACKET[TCP_prs2026hitl_7100] unknown packet ID 0x74; discarded 1 byte(s)
[00:51:45.152] BAD_PACKET[TCP_prs2026hitl_7100] unknown packet ID 0x62; discarded 1 byte(s)
[00:51:45.153] BAD_PACKET[TCP_prs2026hitl_7100] unknown packet ID 0x65; discarded 1 byte(s)
[00:51:45.153] BAD_PACKET[TCP_prs2026hitl_7100] unknown packet ID 0x61; discarded 1 byte(s)
[00:51:45.154] BAD_PACKET[TCP_prs2026hitl_7100] unknown packet ID 0x74; discarded 1 byte(s)
[00:51:45.155] BAD_PACKET[TCP_prs2026hitl_7100] unknown packet ID 0x20; discarded 1 byte(s)
[00:51:45.155] BAD_PACKET[TCP_prs2026hitl_7100] unknown packet ID 0x73; discarded 1 byte(s)
[00:51:45.155] BAD_PACKET[TCP_prs2026hitl_7100] unknown packet ID 0x65; discarded 1 byte(s)
[00:51:45.155] BAD_PACKET[TCP_prs2026hitl_7100] unknown packet ID 0x6e; discarded 1 byte(s)
[00:51:45.156] BAD_PACKET[TCP_prs2026hitl_7100] unknown packet ID 0x74; discarded 1 byte(s)
[00:51:45.156] BAD_PACKET[TCP_prs2026hitl_7100] unknown packet ID 0x0d; discarded 1 byte(s)
[00:51:45.156] BAD_PACKET[TCP_prs2026hitl_7100] unknown packet ID 0x0a; discarded 1 byte(s)
[00:51:45.974] RX[COM21]  03
[00:51:45.976] RX[COM21]  00 00 00 00 00 00 00 00 00 00 b0 07 00 00 00 14 44 0a
[00:51:45.976] PACKET[COM21] camera: fc_status=0, fc_uptime=0, status=0, uptime=45063, current_sense=[0.0, 0.0, 0.0], iris_battery_voltage=5.188
[00:51:46.037] RX[TCP_prs2026hitl_7100]  49 20 28 32 32 38 34 33 30 36 29 20 61 70 65 72 74 75 72 65 3a 20 53 65 6e 64 69 6e 67 20 68 65 61 72 74 62 65 61 74 20 28 38 20 62 79 74 65 73 29 0d 0a
[00:51:46.038] BAD_PACKET[TCP_prs2026hitl_7100] unknown packet ID 0x49; discarded 1 byte(s)
[00:51:46.038] BAD_PACKET[TCP_prs2026hitl_7100] unknown packet ID 0x20; discarded 1 byte(s)
[00:51:46.038] BAD_PACKET[TCP_prs2026hitl_7100] unknown packet ID 0x28; discarded 1 byte(s)
[00:51:46.039] BAD_PACKET[TCP_prs2026hitl_7100] unknown packet ID 0x32; discarded 1 byte(s)
[00:51:46.039] BAD_PACKET[TCP_prs2026hitl_7100] unknown packet ID 0x32; discarded 1 byte(s)
[00:51:46.039] BAD_PACKET[TCP_prs2026hitl_7100] unknown packet ID 0x38; discarded 1 byte(s)
[00:51:46.040] BAD_PACKET[TCP_prs2026hitl_7100] unknown packet ID 0x34; discarded 1 byte(s)
[00:51:46.040] BAD_PACKET[TCP_prs2026hitl_7100] unknown packet ID 0x33; discarded 1 byte(s)
[00:51:46.040] BAD_PACKET[TCP_prs2026hitl_7100] unknown packet ID 0x30; discarded 1 byte(s)
[00:51:46.040] BAD_PACKET[TCP_prs2026hitl_7100] unknown packet ID 0x36; discarded 1 byte(s)
[00:51:46.041] BAD_PACKET[TCP_prs2026hitl_7100] unknown packet ID 0x29; discarded 1 byte(s)
[00:51:46.042] BAD_PACKET[TCP_prs2026hitl_7100] unknown packet ID 0x20; discarded 1 byte(s)
[00:51:46.042] BAD_PACKET[TCP_prs2026hitl_7100] unknown packet ID 0x61; discarded 1 byte(s)
[00:51:46.042] BAD_PACKET[TCP_prs2026hitl_7100] unknown packet ID 0x70; discarded 1 byte(s)
[00:51:46.043] BAD_PACKET[TCP_prs2026hitl_7100] unknown packet ID 0x65; discarded 1 byte(s)
[00:51:46.043] BAD_PACKET[TCP_prs2026hitl_7100] unknown packet ID 0x72; discarded 1 byte(s)
[00:51:46.043] BAD_PACKET[TCP_prs2026hitl_7100] unknown packet ID 0x74; discarded 1 byte(s)
[00:51:46.043] BAD_PACKET[TCP_prs2026hitl_7100] unknown packet ID 0x75; discarded 1 byte(s)
[00:51:46.044] BAD_PACKET[TCP_prs2026hitl_7100] unknown packet ID 0x72; discarded 1 byte(s)
[00:51:46.044] BAD_PACKET[TCP_prs2026hitl_7100] unknown packet ID 0x65; discarded 1 byte(s)
[00:51:46.045] BAD_PACKET[TCP_prs2026hitl_7100] unknown packet ID 0x3a; discarded 1 byte(s)
[00:51:46.045] BAD_PACKET[TCP_prs2026hitl_7100] unknown packet ID 0x20; discarded 1 byte(s)
[00:51:46.045] BAD_PACKET[TCP_prs2026hitl_7100] unknown packet ID 0x53; discarded 1 byte(s)
[00:51:46.046] BAD_PACKET[TCP_prs2026hitl_7100] unknown packet ID 0x65; discarded 1 byte(s)
[00:51:46.046] BAD_PACKET[TCP_prs2026hitl_7100] unknown packet ID 0x6e; discarded 1 byte(s)
[00:51:46.046] BAD_PACKET[TCP_prs2026hitl_7100] unknown packet ID 0x64; discarded 1 byte(s)
[00:51:46.046] BAD_PACKET[TCP_prs2026hitl_7100] unknown packet ID 0x69; discarded 1 byte(s)
[00:51:46.047] BAD_PACKET[TCP_prs2026hitl_7100] unknown packet ID 0x6e; discarded 1 byte(s)
[00:51:46.047] BAD_PACKET[TCP_prs2026hitl_7100] unknown packet ID 0x67; discarded 1 byte(s)
[00:51:46.047] BAD_PACKET[TCP_prs2026hitl_7100] unknown packet ID 0x20; discarded 1 byte(s)
[00:51:46.048] BAD_PACKET[TCP_prs2026hitl_7100] unknown packet ID 0x68; discarded 1 byte(s)
[00:51:46.048] BAD_PACKET[TCP_prs2026hitl_7100] unknown packet ID 0x65; discarded 1 byte(s)
[00:51:46.048] BAD_PACKET[TCP_prs2026hitl_7100] unknown packet ID 0x61; discarded 1 byte(s)
[00:51:46.049] BAD_PACKET[TCP_prs2026hitl_7100] unknown packet ID 0x72; discarded 1 byte(s)
[00:51:46.049] BAD_PACKET[TCP_prs2026hitl_7100] unknown packet ID 0x74; discarded 1 byte(s)
[00:51:46.049] BAD_PACKET[TCP_prs2026hitl_7100] unknown packet ID 0x62; discarded 1 byte(s)
[00:51:46.050] BAD_PACKET[TCP_prs2026hitl_7100] unknown packet ID 0x65; discarded 1 byte(s)
[00:51:46.050] BAD_PACKET[TCP_prs2026hitl_7100] unknown packet ID 0x61; discarded 1 byte(s)
[00:51:46.051] BAD_PACKET[TCP_prs2026hitl_7100] unknown packet ID 0x74; discarded 1 byte(s)
[00:51:46.051] BAD_PACKET[TCP_prs2026hitl_7100] unknown packet ID 0x20; discarded 1 byte(s)
[00:51:46.052] BAD_PACKET[TCP_prs2026hitl_7100] unknown packet ID 0x28; discarded 1 byte(s)
[00:51:46.053] BAD_PACKET[TCP_prs2026hitl_7100] unknown packet ID 0x38; discarded 1 byte(s)
[00:51:46.053] BAD_PACKET[TCP_prs2026hitl_7100] unknown packet ID 0x20; discarded 1 byte(s)
[00:51:46.054] BAD_PACKET[TCP_prs2026hitl_7100] unknown packet ID 0x62; discarded 1 byte(s)
[00:51:46.054] BAD_PACKET[TCP_prs2026hitl_7100] unknown packet ID 0x79; discarded 1 byte(s)
[00:51:46.054] BAD_PACKET[TCP_prs2026hitl_7100] unknown packet ID 0x74; discarded 1 byte(s)
[00:51:46.055] BAD_PACKET[TCP_prs2026hitl_7100] unknown packet ID 0x65; discarded 1 byte(s)
[00:51:46.055] BAD_PACKET[TCP_prs2026hitl_7100] unknown packet ID 0x73; discarded 1 byte(s)
[00:51:46.055] BAD_PACKET[TCP_prs2026hitl_7100] unknown packet ID 0x29; discarded 1 byte(s)
[00:51:46.055] BAD_PACKET[TCP_prs2026hitl_7100] unknown packet ID 0x0d; discarded 1 byte(s)
[00:51:46.056] BAD_PACKET[TCP_prs2026hitl_7100] unknown packet ID 0x0a; discarded 1 byte(s)
[00:51:46.116] RX[TCP_prs2026hitl_7100]  49 20 28 32 32 38 34 33 34 36 29 20 61 70 65 72 74 75 72 65 3a 20 48 65 61 72 74 62 65 61 74 20 73 65 6e 74 0d 0a
[00:51:46.117] BAD_PACKET[TCP_prs2026hitl_7100] unknown packet ID 0x49; discarded 1 byte(s)
[00:51:46.117] BAD_PACKET[TCP_prs2026hitl_7100] unknown packet ID 0x20; discarded 1 byte(s)
[00:51:46.118] BAD_PACKET[TCP_prs2026hitl_7100] unknown packet ID 0x28; discarded 1 byte(s)
[00:51:46.118] BAD_PACKET[TCP_prs2026hitl_7100] unknown packet ID 0x32; discarded 1 byte(s)
[00:51:46.118] BAD_PACKET[TCP_prs2026hitl_7100] unknown packet ID 0x32; discarded 1 byte(s)
[00:51:46.119] BAD_PACKET[TCP_prs2026hitl_7100] unknown packet ID 0x38; discarded 1 byte(s)
[00:51:46.119] BAD_PACKET[TCP_prs2026hitl_7100] unknown packet ID 0x34; discarded 1 byte(s)
[00:51:46.119] BAD_PACKET[TCP_prs2026hitl_7100] unknown packet ID 0x33; discarded 1 byte(s)
[00:51:46.120] BAD_PACKET[TCP_prs2026hitl_7100] unknown packet ID 0x34; discarded 1 byte(s)
[00:51:46.120] BAD_PACKET[TCP_prs2026hitl_7100] unknown packet ID 0x36; discarded 1 byte(s)
[00:51:46.120] BAD_PACKET[TCP_prs2026hitl_7100] unknown packet ID 0x29; discarded 1 byte(s)
[00:51:46.121] BAD_PACKET[TCP_prs2026hitl_7100] unknown packet ID 0x20; discarded 1 byte(s)
[00:51:46.121] BAD_PACKET[TCP_prs2026hitl_7100] unknown packet ID 0x61; discarded 1 byte(s)
[00:51:46.121] BAD_PACKET[TCP_prs2026hitl_7100] unknown packet ID 0x70; discarded 1 byte(s)
[00:51:46.121] BAD_PACKET[TCP_prs2026hitl_7100] unknown packet ID 0x65; discarded 1 byte(s)
[00:51:46.122] BAD_PACKET[TCP_prs2026hitl_7100] unknown packet ID 0x72; discarded 1 byte(s)
[00:51:46.122] BAD_PACKET[TCP_prs2026hitl_7100] unknown packet ID 0x74; discarded 1 byte(s)
[00:51:46.122] BAD_PACKET[TCP_prs2026hitl_7100] unknown packet ID 0x75; discarded 1 byte(s)
[00:51:46.123] BAD_PACKET[TCP_prs2026hitl_7100] unknown packet ID 0x72; discarded 1 byte(s)
[00:51:46.123] BAD_PACKET[TCP_prs2026hitl_7100] unknown packet ID 0x65; discarded 1 byte(s)
[00:51:46.123] BAD_PACKET[TCP_prs2026hitl_7100] unknown packet ID 0x3a; discarded 1 byte(s)
[00:51:46.124] BAD_PACKET[TCP_prs2026hitl_7100] unknown packet ID 0x20; discarded 1 byte(s)
[00:51:46.124] BAD_PACKET[TCP_prs2026hitl_7100] unknown packet ID 0x48; discarded 1 byte(s)
[00:51:46.124] BAD_PACKET[TCP_prs2026hitl_7100] unknown packet ID 0x65; discarded 1 byte(s)
[00:51:46.125] BAD_PACKET[TCP_prs2026hitl_7100] unknown packet ID 0x61; discarded 1 byte(s)
[00:51:46.125] BAD_PACKET[TCP_prs2026hitl_7100] unknown packet ID 0x72; discarded 1 byte(s)
[00:51:46.125] BAD_PACKET[TCP_prs2026hitl_7100] unknown packet ID 0x74; discarded 1 byte(s)
[00:51:46.126] BAD_PACKET[TCP_prs2026hitl_7100] unknown packet ID 0x62; discarded 1 byte(s)
[00:51:46.126] BAD_PACKET[TCP_prs2026hitl_7100] unknown packet ID 0x65; discarded 1 byte(s)
[00:51:46.126] BAD_PACKET[TCP_prs2026hitl_7100] unknown packet ID 0x61; discarded 1 byte(s)
[00:51:46.127] BAD_PACKET[TCP_prs2026hitl_7100] unknown packet ID 0x74; discarded 1 byte(s)
[00:51:46.127] BAD_PACKET[TCP_prs2026hitl_7100] unknown packet ID 0x20; discarded 1 byte(s)
[00:51:46.127] BAD_PACKET[TCP_prs2026hitl_7100] unknown packet ID 0x73; discarded 1 byte(s)
[00:51:46.128] BAD_PACKET[TCP_prs2026hitl_7100] unknown packet ID 0x65; discarded 1 byte(s)
[00:51:46.128] BAD_PACKET[TCP_prs2026hitl_7100] unknown packet ID 0x6e; discarded 1 byte(s)
[00:51:46.128] BAD_PACKET[TCP_prs2026hitl_7100] unknown packet ID 0x74; discarded 1 byte(s)
[00:51:46.128] BAD_PACKET[TCP_prs2026hitl_7100] unknown packet ID 0x0d; discarded 1 byte(s)
[00:51:46.129] BAD_PACKET[TCP_prs2026hitl_7100] unknown packet ID 0x0a; discarded 1 byte(s)
[00:51:47.019] RX[COM21]  03
[00:51:47.020] RX[COM21]  00 00 00 00 00 00 00 00 00 00 b3 ef 00 00 00 14 40 0a
[00:51:47.021] PACKET[COM21] camera: fc_status=0, fc_uptime=0, status=0, uptime=46063, current_sense=[0.0, 0.0, 0.0], iris_battery_voltage=5.184
[00:51:47.081] RX[TCP_prs2026hitl_7100]  49 20 28 32 32 38 35 33 30 36 29 20 61 70 65 72 74 75 72 65 3a 20 53 65 6e 64 69 6e 67 20 68 65 61 72 74 62 65 61 74 20 28 38 20 62 79 74 65 73 29 0d 0a
[00:51:47.084] BAD_PACKET[TCP_prs2026hitl_7100] unknown packet ID 0x49; discarded 1 byte(s)
[00:51:47.084] BAD_PACKET[TCP_prs2026hitl_7100] unknown packet ID 0x20; discarded 1 byte(s)
[00:51:47.085] BAD_PACKET[TCP_prs2026hitl_7100] unknown packet ID 0x28; discarded 1 byte(s)
[00:51:47.085] BAD_PACKET[TCP_prs2026hitl_7100] unknown packet ID 0x32; discarded 1 byte(s)
[00:51:47.085] BAD_PACKET[TCP_prs2026hitl_7100] unknown packet ID 0x32; discarded 1 byte(s)
[00:51:47.086] BAD_PACKET[TCP_prs2026hitl_7100] unknown packet ID 0x38; discarded 1 byte(s)
[00:51:47.086] BAD_PACKET[TCP_prs2026hitl_7100] unknown packet ID 0x35; discarded 1 byte(s)
[00:51:47.086] BAD_PACKET[TCP_prs2026hitl_7100] unknown packet ID 0x33; discarded 1 byte(s)
[00:51:47.087] BAD_PACKET[TCP_prs2026hitl_7100] unknown packet ID 0x30; discarded 1 byte(s)
[00:51:47.087] BAD_PACKET[TCP_prs2026hitl_7100] unknown packet ID 0x36; discarded 1 byte(s)
[00:51:47.087] BAD_PACKET[TCP_prs2026hitl_7100] unknown packet ID 0x29; discarded 1 byte(s)
[00:51:47.087] BAD_PACKET[TCP_prs2026hitl_7100] unknown packet ID 0x20; discarded 1 byte(s)
[00:51:47.088] BAD_PACKET[TCP_prs2026hitl_7100] unknown packet ID 0x61; discarded 1 byte(s)
[00:51:47.088] BAD_PACKET[TCP_prs2026hitl_7100] unknown packet ID 0x70; discarded 1 byte(s)
[00:51:47.088] BAD_PACKET[TCP_prs2026hitl_7100] unknown packet ID 0x65; discarded 1 byte(s)
[00:51:47.089] BAD_PACKET[TCP_prs2026hitl_7100] unknown packet ID 0x72; discarded 1 byte(s)
[00:51:47.089] BAD_PACKET[TCP_prs2026hitl_7100] unknown packet ID 0x74; discarded 1 byte(s)
[00:51:47.089] BAD_PACKET[TCP_prs2026hitl_7100] unknown packet ID 0x75; discarded 1 byte(s)
[00:51:47.090] BAD_PACKET[TCP_prs2026hitl_7100] unknown packet ID 0x72; discarded 1 byte(s)
[00:51:47.090] BAD_PACKET[TCP_prs2026hitl_7100] unknown packet ID 0x65; discarded 1 byte(s)
[00:51:47.090] BAD_PACKET[TCP_prs2026hitl_7100] unknown packet ID 0x3a; discarded 1 byte(s)
[00:51:47.091] BAD_PACKET[TCP_prs2026hitl_7100] unknown packet ID 0x20; discarded 1 byte(s)
[00:51:47.092] BAD_PACKET[TCP_prs2026hitl_7100] unknown packet ID 0x53; discarded 1 byte(s)
[00:51:47.092] BAD_PACKET[TCP_prs2026hitl_7100] unknown packet ID 0x65; discarded 1 byte(s)
[00:51:47.092] BAD_PACKET[TCP_prs2026hitl_7100] unknown packet ID 0x6e; discarded 1 byte(s)
[00:51:47.093] BAD_PACKET[TCP_prs2026hitl_7100] unknown packet ID 0x64; discarded 1 byte(s)
[00:51:47.093] BAD_PACKET[TCP_prs2026hitl_7100] unknown packet ID 0x69; discarded 1 byte(s)
[00:51:47.093] BAD_PACKET[TCP_prs2026hitl_7100] unknown packet ID 0x6e; discarded 1 byte(s)
[00:51:47.094] BAD_PACKET[TCP_prs2026hitl_7100] unknown packet ID 0x67; discarded 1 byte(s)
[00:51:47.094] BAD_PACKET[TCP_prs2026hitl_7100] unknown packet ID 0x20; discarded 1 byte(s)
[00:51:47.094] BAD_PACKET[TCP_prs2026hitl_7100] unknown packet ID 0x68; discarded 1 byte(s)
[00:51:47.094] BAD_PACKET[TCP_prs2026hitl_7100] unknown packet ID 0x65; discarded 1 byte(s)
[00:51:47.095] BAD_PACKET[TCP_prs2026hitl_7100] unknown packet ID 0x61; discarded 1 byte(s)
[00:51:47.095] BAD_PACKET[TCP_prs2026hitl_7100] unknown packet ID 0x72; discarded 1 byte(s)
[00:51:47.095] BAD_PACKET[TCP_prs2026hitl_7100] unknown packet ID 0x74; discarded 1 byte(s)
[00:51:47.096] BAD_PACKET[TCP_prs2026hitl_7100] unknown packet ID 0x62; discarded 1 byte(s)
[00:51:47.096] BAD_PACKET[TCP_prs2026hitl_7100] unknown packet ID 0x65; discarded 1 byte(s)
[00:51:47.096] BAD_PACKET[TCP_prs2026hitl_7100] unknown packet ID 0x61; discarded 1 byte(s)
[00:51:47.097] BAD_PACKET[TCP_prs2026hitl_7100] unknown packet ID 0x74; discarded 1 byte(s)
[00:51:47.098] BAD_PACKET[TCP_prs2026hitl_7100] unknown packet ID 0x20; discarded 1 byte(s)
[00:51:47.098] BAD_PACKET[TCP_prs2026hitl_7100] unknown packet ID 0x28; discarded 1 byte(s)
[00:51:47.098] BAD_PACKET[TCP_prs2026hitl_7100] unknown packet ID 0x38; discarded 1 byte(s)
[00:51:47.099] BAD_PACKET[TCP_prs2026hitl_7100] unknown packet ID 0x20; discarded 1 byte(s)
[00:51:47.099] BAD_PACKET[TCP_prs2026hitl_7100] unknown packet ID 0x62; discarded 1 byte(s)
[00:51:47.100] BAD_PACKET[TCP_prs2026hitl_7100] unknown packet ID 0x79; discarded 1 byte(s)
[00:51:47.100] BAD_PACKET[TCP_prs2026hitl_7100] unknown packet ID 0x74; discarded 1 byte(s)
[00:51:47.100] BAD_PACKET[TCP_prs2026hitl_7100] unknown packet ID 0x65; discarded 1 byte(s)
[00:51:47.100] BAD_PACKET[TCP_prs2026hitl_7100] unknown packet ID 0x73; discarded 1 byte(s)
[00:51:47.101] BAD_PACKET[TCP_prs2026hitl_7100] unknown packet ID 0x29; discarded 1 byte(s)
[00:51:47.101] BAD_PACKET[TCP_prs2026hitl_7100] unknown packet ID 0x0d; discarded 1 byte(s)
[00:51:47.101] BAD_PACKET[TCP_prs2026hitl_7100] unknown packet ID 0x0a; discarded 1 byte(s)
[00:51:47.160] RX[TCP_prs2026hitl_7100]  49 20 28 32 32 38 35 33 34 36 29 20 61 70 65 72 74 75 72 65 3a 20 48 65 61 72 74 62 65 61 74 20 73 65 6e 74 0d 0a
[00:51:47.162] BAD_PACKET[TCP_prs2026hitl_7100] unknown packet ID 0x49; discarded 1 byte(s)
[00:51:47.162] BAD_PACKET[TCP_prs2026hitl_7100] unknown packet ID 0x20; discarded 1 byte(s)
[00:51:47.162] BAD_PACKET[TCP_prs2026hitl_7100] unknown packet ID 0x28; discarded 1 byte(s)
[00:51:47.163] BAD_PACKET[TCP_prs2026hitl_7100] unknown packet ID 0x32; discarded 1 byte(s)
[00:51:47.163] BAD_PACKET[TCP_prs2026hitl_7100] unknown packet ID 0x32; discarded 1 byte(s)
[00:51:47.163] BAD_PACKET[TCP_prs2026hitl_7100] unknown packet ID 0x38; discarded 1 byte(s)
[00:51:47.164] BAD_PACKET[TCP_prs2026hitl_7100] unknown packet ID 0x35; discarded 1 byte(s)
[00:51:47.164] BAD_PACKET[TCP_prs2026hitl_7100] unknown packet ID 0x33; discarded 1 byte(s)
[00:51:47.164] BAD_PACKET[TCP_prs2026hitl_7100] unknown packet ID 0x34; discarded 1 byte(s)
[00:51:47.164] BAD_PACKET[TCP_prs2026hitl_7100] unknown packet ID 0x36; discarded 1 byte(s)
[00:51:47.165] BAD_PACKET[TCP_prs2026hitl_7100] unknown packet ID 0x29; discarded 1 byte(s)
[00:51:47.165] BAD_PACKET[TCP_prs2026hitl_7100] unknown packet ID 0x20; discarded 1 byte(s)
[00:51:47.165] BAD_PACKET[TCP_prs2026hitl_7100] unknown packet ID 0x61; discarded 1 byte(s)
[00:51:47.166] BAD_PACKET[TCP_prs2026hitl_7100] unknown packet ID 0x70; discarded 1 byte(s)
[00:51:47.166] BAD_PACKET[TCP_prs2026hitl_7100] unknown packet ID 0x65; discarded 1 byte(s)
[00:51:47.167] BAD_PACKET[TCP_prs2026hitl_7100] unknown packet ID 0x72; discarded 1 byte(s)
[00:51:47.167] BAD_PACKET[TCP_prs2026hitl_7100] unknown packet ID 0x74; discarded 1 byte(s)
[00:51:47.167] BAD_PACKET[TCP_prs2026hitl_7100] unknown packet ID 0x75; discarded 1 byte(s)
[00:51:47.168] BAD_PACKET[TCP_prs2026hitl_7100] unknown packet ID 0x72; discarded 1 byte(s)
[00:51:47.168] BAD_PACKET[TCP_prs2026hitl_7100] unknown packet ID 0x65; discarded 1 byte(s)
[00:51:47.168] BAD_PACKET[TCP_prs2026hitl_7100] unknown packet ID 0x3a; discarded 1 byte(s)
[00:51:47.169] BAD_PACKET[TCP_prs2026hitl_7100] unknown packet ID 0x20; discarded 1 byte(s)
[00:51:47.169] BAD_PACKET[TCP_prs2026hitl_7100] unknown packet ID 0x48; discarded 1 byte(s)
[00:51:47.169] BAD_PACKET[TCP_prs2026hitl_7100] unknown packet ID 0x65; discarded 1 byte(s)
[00:51:47.169] BAD_PACKET[TCP_prs2026hitl_7100] unknown packet ID 0x61; discarded 1 byte(s)
[00:51:47.170] BAD_PACKET[TCP_prs2026hitl_7100] unknown packet ID 0x72; discarded 1 byte(s)
[00:51:47.170] BAD_PACKET[TCP_prs2026hitl_7100] unknown packet ID 0x74; discarded 1 byte(s)
[00:51:47.170] BAD_PACKET[TCP_prs2026hitl_7100] unknown packet ID 0x62; discarded 1 byte(s)
[00:51:47.171] BAD_PACKET[TCP_prs2026hitl_7100] unknown packet ID 0x65; discarded 1 byte(s)
[00:51:47.171] BAD_PACKET[TCP_prs2026hitl_7100] unknown packet ID 0x61; discarded 1 byte(s)
[00:51:47.171] BAD_PACKET[TCP_prs2026hitl_7100] unknown packet ID 0x74; discarded 1 byte(s)
[00:51:47.172] BAD_PACKET[TCP_prs2026hitl_7100] unknown packet ID 0x20; discarded 1 byte(s)
[00:51:47.172] BAD_PACKET[TCP_prs2026hitl_7100] unknown packet ID 0x73; discarded 1 byte(s)
[00:51:47.172] BAD_PACKET[TCP_prs2026hitl_7100] unknown packet ID 0x65; discarded 1 byte(s)
[00:51:47.172] BAD_PACKET[TCP_prs2026hitl_7100] unknown packet ID 0x6e; discarded 1 byte(s)
[00:51:47.173] BAD_PACKET[TCP_prs2026hitl_7100] unknown packet ID 0x74; discarded 1 byte(s)
[00:51:47.173] BAD_PACKET[TCP_prs2026hitl_7100] unknown packet ID 0x0d; discarded 1 byte(s)
[00:51:47.173] BAD_PACKET[TCP_prs2026hitl_7100] unknown packet ID 0x0a; discarded 1 byte(s)
[00:51:47.274] TX[COM21]  05 ff ff ff ff ff 20 00 0a
[00:51:47.332] RX[COM21]  05
[00:51:47.334] RX[COM21]  ff ff ff ff ff 20 00 0a
[00:51:47.974] RX[COM21]  03
[00:51:47.975] BAD_PACKET[COM21] bad EOF for 0x05: expected 0x0a, got 0x03; resync=discard 1 byte
[00:51:47.975] RX[COM21]  00 00 00 00 00 00 00 00 00 00 b7 d7 00 00 00 14 44 0a
[00:51:47.976] BAD_PACKET[COM21] unknown packet ID 0x00; discarded 1 byte(s)
[00:51:47.976] BAD_PACKET[COM21] unknown packet ID 0x00; discarded 1 byte(s)
[00:51:47.976] BAD_PACKET[COM21] unknown packet ID 0x00; discarded 1 byte(s)
[00:51:47.977] BAD_PACKET[COM21] unknown packet ID 0x00; discarded 1 byte(s)
[00:51:47.977] BAD_PACKET[COM21] unknown packet ID 0x00; discarded 1 byte(s)
[00:51:47.977] BAD_PACKET[COM21] unknown packet ID 0x00; discarded 1 byte(s)
[00:51:47.977] BAD_PACKET[COM21] unknown packet ID 0x00; discarded 1 byte(s)
[00:51:47.978] BAD_PACKET[COM21] unknown packet ID 0x00; discarded 1 byte(s)
[00:51:47.978] BAD_PACKET[COM21] unknown packet ID 0x00; discarded 1 byte(s)
[00:51:47.978] BAD_PACKET[COM21] unknown packet ID 0x00; discarded 1 byte(s)
[00:51:47.979] BAD_PACKET[COM21] unknown packet ID 0xb7; discarded 1 byte(s)
[00:51:47.979] BAD_PACKET[COM21] unknown packet ID 0xd7; discarded 1 byte(s)
[00:51:47.979] BAD_PACKET[COM21] unknown packet ID 0x00; discarded 1 byte(s)
[00:51:47.980] BAD_PACKET[COM21] unknown packet ID 0x00; discarded 1 byte(s)
[00:51:47.980] BAD_PACKET[COM21] unknown packet ID 0x00; discarded 1 byte(s)
[00:51:47.980] BAD_PACKET[COM21] unknown packet ID 0x14; discarded 1 byte(s)
[00:51:47.980] BAD_PACKET[COM21] unknown packet ID 0x44; discarded 1 byte(s)
[00:51:47.981] BAD_PACKET[COM21] unknown packet ID 0x0a; discarded 1 byte(s)
[00:51:48.098] RX[TCP_prs2026hitl_7100]  49 20 28 32 32 38 36 33 30 36 29 20 61 70 65 72 74 75 72 65 3a 20 53 65 6e 64 69 6e 67 20 68 65 61 72 74 62 65 61 74 20 28 38 20 62 79 74 65 73 29 0d 0a
[00:51:48.100] BAD_PACKET[TCP_prs2026hitl_7100] unknown packet ID 0x49; discarded 1 byte(s)
[00:51:48.101] BAD_PACKET[TCP_prs2026hitl_7100] unknown packet ID 0x20; discarded 1 byte(s)
[00:51:48.101] BAD_PACKET[TCP_prs2026hitl_7100] unknown packet ID 0x28; discarded 1 byte(s)
[00:51:48.101] BAD_PACKET[TCP_prs2026hitl_7100] unknown packet ID 0x32; discarded 1 byte(s)
[00:51:48.102] BAD_PACKET[TCP_prs2026hitl_7100] unknown packet ID 0x32; discarded 1 byte(s)
[00:51:48.102] BAD_PACKET[TCP_prs2026hitl_7100] unknown packet ID 0x38; discarded 1 byte(s)
[00:51:48.102] BAD_PACKET[TCP_prs2026hitl_7100] unknown packet ID 0x36; discarded 1 byte(s)
[00:51:48.102] BAD_PACKET[TCP_prs2026hitl_7100] unknown packet ID 0x33; discarded 1 byte(s)
[00:51:48.103] BAD_PACKET[TCP_prs2026hitl_7100] unknown packet ID 0x30; discarded 1 byte(s)
[00:51:48.103] BAD_PACKET[TCP_prs2026hitl_7100] unknown packet ID 0x36; discarded 1 byte(s)
[00:51:48.103] BAD_PACKET[TCP_prs2026hitl_7100] unknown packet ID 0x29; discarded 1 byte(s)
[00:51:48.104] BAD_PACKET[TCP_prs2026hitl_7100] unknown packet ID 0x20; discarded 1 byte(s)
[00:51:48.104] BAD_PACKET[TCP_prs2026hitl_7100] unknown packet ID 0x61; discarded 1 byte(s)
[00:51:48.104] BAD_PACKET[TCP_prs2026hitl_7100] unknown packet ID 0x70; discarded 1 byte(s)
[00:51:48.105] BAD_PACKET[TCP_prs2026hitl_7100] unknown packet ID 0x65; discarded 1 byte(s)
[00:51:48.105] BAD_PACKET[TCP_prs2026hitl_7100] unknown packet ID 0x72; discarded 1 byte(s)
[00:51:48.105] BAD_PACKET[TCP_prs2026hitl_7100] unknown packet ID 0x74; discarded 1 byte(s)
[00:51:48.105] BAD_PACKET[TCP_prs2026hitl_7100] unknown packet ID 0x75; discarded 1 byte(s)
[00:51:48.106] BAD_PACKET[TCP_prs2026hitl_7100] unknown packet ID 0x72; discarded 1 byte(s)
[00:51:48.106] BAD_PACKET[TCP_prs2026hitl_7100] unknown packet ID 0x65; discarded 1 byte(s)
[00:51:48.106] BAD_PACKET[TCP_prs2026hitl_7100] unknown packet ID 0x3a; discarded 1 byte(s)
[00:51:48.107] BAD_PACKET[TCP_prs2026hitl_7100] unknown packet ID 0x20; discarded 1 byte(s)
[00:51:48.107] BAD_PACKET[TCP_prs2026hitl_7100] unknown packet ID 0x53; discarded 1 byte(s)
[00:51:48.107] BAD_PACKET[TCP_prs2026hitl_7100] unknown packet ID 0x65; discarded 1 byte(s)
[00:51:48.108] BAD_PACKET[TCP_prs2026hitl_7100] unknown packet ID 0x6e; discarded 1 byte(s)
[00:51:48.108] BAD_PACKET[TCP_prs2026hitl_7100] unknown packet ID 0x64; discarded 1 byte(s)
[00:51:48.109] BAD_PACKET[TCP_prs2026hitl_7100] unknown packet ID 0x69; discarded 1 byte(s)
[00:51:48.109] BAD_PACKET[TCP_prs2026hitl_7100] unknown packet ID 0x6e; discarded 1 byte(s)
[00:51:48.109] BAD_PACKET[TCP_prs2026hitl_7100] unknown packet ID 0x67; discarded 1 byte(s)
[00:51:48.109] BAD_PACKET[TCP_prs2026hitl_7100] unknown packet ID 0x20; discarded 1 byte(s)
[00:51:48.110] BAD_PACKET[TCP_prs2026hitl_7100] unknown packet ID 0x68; discarded 1 byte(s)
[00:51:48.110] BAD_PACKET[TCP_prs2026hitl_7100] unknown packet ID 0x65; discarded 1 byte(s)
[00:51:48.110] BAD_PACKET[TCP_prs2026hitl_7100] unknown packet ID 0x61; discarded 1 byte(s)
[00:51:48.111] BAD_PACKET[TCP_prs2026hitl_7100] unknown packet ID 0x72; discarded 1 byte(s)
[00:51:48.111] BAD_PACKET[TCP_prs2026hitl_7100] unknown packet ID 0x74; discarded 1 byte(s)
[00:51:48.111] BAD_PACKET[TCP_prs2026hitl_7100] unknown packet ID 0x62; discarded 1 byte(s)
[00:51:48.112] BAD_PACKET[TCP_prs2026hitl_7100] unknown packet ID 0x65; discarded 1 byte(s)
[00:51:48.112] BAD_PACKET[TCP_prs2026hitl_7100] unknown packet ID 0x61; discarded 1 byte(s)
[00:51:48.112] BAD_PACKET[TCP_prs2026hitl_7100] unknown packet ID 0x74; discarded 1 byte(s)
[00:51:48.113] BAD_PACKET[TCP_prs2026hitl_7100] unknown packet ID 0x20; discarded 1 byte(s)
[00:51:48.113] BAD_PACKET[TCP_prs2026hitl_7100] unknown packet ID 0x28; discarded 1 byte(s)
[00:51:48.113] BAD_PACKET[TCP_prs2026hitl_7100] unknown packet ID 0x38; discarded 1 byte(s)
[00:51:48.114] BAD_PACKET[TCP_prs2026hitl_7100] unknown packet ID 0x20; discarded 1 byte(s)
[00:51:48.114] BAD_PACKET[TCP_prs2026hitl_7100] unknown packet ID 0x62; discarded 1 byte(s)
[00:51:48.114] BAD_PACKET[TCP_prs2026hitl_7100] unknown packet ID 0x79; discarded 1 byte(s)
[00:51:48.115] BAD_PACKET[TCP_prs2026hitl_7100] unknown packet ID 0x74; discarded 1 byte(s)
[00:51:48.115] BAD_PACKET[TCP_prs2026hitl_7100] unknown packet ID 0x65; discarded 1 byte(s)
[00:51:48.115] BAD_PACKET[TCP_prs2026hitl_7100] unknown packet ID 0x73; discarded 1 byte(s)
[00:51:48.115] BAD_PACKET[TCP_prs2026hitl_7100] unknown packet ID 0x29; discarded 1 byte(s)
[00:51:48.116] BAD_PACKET[TCP_prs2026hitl_7100] unknown packet ID 0x0d; discarded 1 byte(s)
[00:51:48.116] BAD_PACKET[TCP_prs2026hitl_7100] unknown packet ID 0x0a; discarded 1 byte(s)
[00:51:48.116] RX[TCP_prs2026hitl_7100]  49 20 28 32 32 38 36 33 34 36 29 20 61 70 65 72 74 75 72 65 3a 20 48 65 61 72 74 62 65 61 74 20 73 65 6e 74 0d 0a
[00:51:48.117] BAD_PACKET[TCP_prs2026hitl_7100] unknown packet ID 0x49; discarded 1 byte(s)
[00:51:48.117] BAD_PACKET[TCP_prs2026hitl_7100] unknown packet ID 0x20; discarded 1 byte(s)
[00:51:48.118] BAD_PACKET[TCP_prs2026hitl_7100] unknown packet ID 0x28; discarded 1 byte(s)
[00:51:48.119] BAD_PACKET[TCP_prs2026hitl_7100] unknown packet ID 0x32; discarded 1 byte(s)
[00:51:48.119] BAD_PACKET[TCP_prs2026hitl_7100] unknown packet ID 0x32; discarded 1 byte(s)
[00:51:48.119] BAD_PACKET[TCP_prs2026hitl_7100] unknown packet ID 0x38; discarded 1 byte(s)
[00:51:48.120] BAD_PACKET[TCP_prs2026hitl_7100] unknown packet ID 0x36; discarded 1 byte(s)
[00:51:48.120] BAD_PACKET[TCP_prs2026hitl_7100] unknown packet ID 0x33; discarded 1 byte(s)
[00:51:48.120] BAD_PACKET[TCP_prs2026hitl_7100] unknown packet ID 0x34; discarded 1 byte(s)
[00:51:48.121] BAD_PACKET[TCP_prs2026hitl_7100] unknown packet ID 0x36; discarded 1 byte(s)
[00:51:48.121] BAD_PACKET[TCP_prs2026hitl_7100] unknown packet ID 0x29; discarded 1 byte(s)
[00:51:48.121] BAD_PACKET[TCP_prs2026hitl_7100] unknown packet ID 0x20; discarded 1 byte(s)
[00:51:48.121] BAD_PACKET[TCP_prs2026hitl_7100] unknown packet ID 0x61; discarded 1 byte(s)
[00:51:48.122] BAD_PACKET[TCP_prs2026hitl_7100] unknown packet ID 0x70; discarded 1 byte(s)
[00:51:48.122] BAD_PACKET[TCP_prs2026hitl_7100] unknown packet ID 0x65; discarded 1 byte(s)
[00:51:48.122] BAD_PACKET[TCP_prs2026hitl_7100] unknown packet ID 0x72; discarded 1 byte(s)
[00:51:48.123] BAD_PACKET[TCP_prs2026hitl_7100] unknown packet ID 0x74; discarded 1 byte(s)
[00:51:48.123] BAD_PACKET[TCP_prs2026hitl_7100] unknown packet ID 0x75; discarded 1 byte(s)
[00:51:48.123] BAD_PACKET[TCP_prs2026hitl_7100] unknown packet ID 0x72; discarded 1 byte(s)
[00:51:48.124] BAD_PACKET[TCP_prs2026hitl_7100] unknown packet ID 0x65; discarded 1 byte(s)
[00:51:48.124] BAD_PACKET[TCP_prs2026hitl_7100] unknown packet ID 0x3a; discarded 1 byte(s)
[00:51:48.124] BAD_PACKET[TCP_prs2026hitl_7100] unknown packet ID 0x20; discarded 1 byte(s)
[00:51:48.125] BAD_PACKET[TCP_prs2026hitl_7100] unknown packet ID 0x48; discarded 1 byte(s)
[00:51:48.125] BAD_PACKET[TCP_prs2026hitl_7100] unknown packet ID 0x65; discarded 1 byte(s)
[00:51:48.125] BAD_PACKET[TCP_prs2026hitl_7100] unknown packet ID 0x61; discarded 1 byte(s)
[00:51:48.126] BAD_PACKET[TCP_prs2026hitl_7100] unknown packet ID 0x72; discarded 1 byte(s)
[00:51:48.126] BAD_PACKET[TCP_prs2026hitl_7100] unknown packet ID 0x74; discarded 1 byte(s)
[00:51:48.126] BAD_PACKET[TCP_prs2026hitl_7100] unknown packet ID 0x62; discarded 1 byte(s)
[00:51:48.127] BAD_PACKET[TCP_prs2026hitl_7100] unknown packet ID 0x65; discarded 1 byte(s)
[00:51:48.127] BAD_PACKET[TCP_prs2026hitl_7100] unknown packet ID 0x61; discarded 1 byte(s)
[00:51:48.127] BAD_PACKET[TCP_prs2026hitl_7100] unknown packet ID 0x74; discarded 1 byte(s)
[00:51:48.128] BAD_PACKET[TCP_prs2026hitl_7100] unknown packet ID 0x20; discarded 1 byte(s)
[00:51:48.128] BAD_PACKET[TCP_prs2026hitl_7100] unknown packet ID 0x73; discarded 1 byte(s)
[00:51:48.128] BAD_PACKET[TCP_prs2026hitl_7100] unknown packet ID 0x65; discarded 1 byte(s)
[00:51:48.128] BAD_PACKET[TCP_prs2026hitl_7100] unknown packet ID 0x6e; discarded 1 byte(s)
[00:51:48.129] BAD_PACKET[TCP_prs2026hitl_7100] unknown packet ID 0x74; discarded 1 byte(s)
[00:51:48.129] BAD_PACKET[TCP_prs2026hitl_7100] unknown packet ID 0x0d; discarded 1 byte(s)
[00:51:48.130] BAD_PACKET[TCP_prs2026hitl_7100] unknown packet ID 0x0a; discarded 1 byte(s)
[00:51:49.003] RX[COM21]  03
[00:51:49.004] RX[COM21]  00 00 00 00 00 00 00 00 00 00 bb bf 00 00 00 14 44 0a
[00:51:49.005] PACKET[COM21] camera: fc_status=0, fc_uptime=0, status=0, uptime=48063, current_sense=[0.0, 0.0, 0.0], iris_battery_voltage=5.188
[00:51:49.066] RX[TCP_prs2026hitl_7100]  49 20 28 32 32 38 37 33 30 36 29 20 61 70 65 72 74 75 72 65 3a 20 53 65 6e 64 69 6e 67 20 68 65 61 72 74 62 65 61 74 20 28 38 20 62 79 74 65 73 29 0d 0a
[00:51:49.067] BAD_PACKET[TCP_prs2026hitl_7100] unknown packet ID 0x49; discarded 1 byte(s)
[00:51:49.068] BAD_PACKET[TCP_prs2026hitl_7100] unknown packet ID 0x20; discarded 1 byte(s)
[00:51:49.068] BAD_PACKET[TCP_prs2026hitl_7100] unknown packet ID 0x28; discarded 1 byte(s)
[00:51:49.068] BAD_PACKET[TCP_prs2026hitl_7100] unknown packet ID 0x32; discarded 1 byte(s)
[00:51:49.069] BAD_PACKET[TCP_prs2026hitl_7100] unknown packet ID 0x32; discarded 1 byte(s)
[00:51:49.069] BAD_PACKET[TCP_prs2026hitl_7100] unknown packet ID 0x38; discarded 1 byte(s)
[00:51:49.070] BAD_PACKET[TCP_prs2026hitl_7100] unknown packet ID 0x37; discarded 1 byte(s)
[00:51:49.070] BAD_PACKET[TCP_prs2026hitl_7100] unknown packet ID 0x33; discarded 1 byte(s)
[00:51:49.070] BAD_PACKET[TCP_prs2026hitl_7100] unknown packet ID 0x30; discarded 1 byte(s)
[00:51:49.071] BAD_PACKET[TCP_prs2026hitl_7100] unknown packet ID 0x36; discarded 1 byte(s)
[00:51:49.071] BAD_PACKET[TCP_prs2026hitl_7100] unknown packet ID 0x29; discarded 1 byte(s)
[00:51:49.071] BAD_PACKET[TCP_prs2026hitl_7100] unknown packet ID 0x20; discarded 1 byte(s)
[00:51:49.071] BAD_PACKET[TCP_prs2026hitl_7100] unknown packet ID 0x61; discarded 1 byte(s)
[00:51:49.072] BAD_PACKET[TCP_prs2026hitl_7100] unknown packet ID 0x70; discarded 1 byte(s)
[00:51:49.072] BAD_PACKET[TCP_prs2026hitl_7100] unknown packet ID 0x65; discarded 1 byte(s)
[00:51:49.073] BAD_PACKET[TCP_prs2026hitl_7100] unknown packet ID 0x72; discarded 1 byte(s)
[00:51:49.073] BAD_PACKET[TCP_prs2026hitl_7100] unknown packet ID 0x74; discarded 1 byte(s)
[00:51:49.073] BAD_PACKET[TCP_prs2026hitl_7100] unknown packet ID 0x75; discarded 1 byte(s)
[00:51:49.073] BAD_PACKET[TCP_prs2026hitl_7100] unknown packet ID 0x72; discarded 1 byte(s)
[00:51:49.074] BAD_PACKET[TCP_prs2026hitl_7100] unknown packet ID 0x65; discarded 1 byte(s)
[00:51:49.074] BAD_PACKET[TCP_prs2026hitl_7100] unknown packet ID 0x3a; discarded 1 byte(s)
[00:51:49.074] BAD_PACKET[TCP_prs2026hitl_7100] unknown packet ID 0x20; discarded 1 byte(s)
[00:51:49.075] BAD_PACKET[TCP_prs2026hitl_7100] unknown packet ID 0x53; discarded 1 byte(s)
[00:51:49.076] BAD_PACKET[TCP_prs2026hitl_7100] unknown packet ID 0x65; discarded 1 byte(s)
[00:51:49.076] BAD_PACKET[TCP_prs2026hitl_7100] unknown packet ID 0x6e; discarded 1 byte(s)
[00:51:49.076] BAD_PACKET[TCP_prs2026hitl_7100] unknown packet ID 0x64; discarded 1 byte(s)
[00:51:49.076] BAD_PACKET[TCP_prs2026hitl_7100] unknown packet ID 0x69; discarded 1 byte(s)
[00:51:49.077] BAD_PACKET[TCP_prs2026hitl_7100] unknown packet ID 0x6e; discarded 1 byte(s)
[00:51:49.077] BAD_PACKET[TCP_prs2026hitl_7100] unknown packet ID 0x67; discarded 1 byte(s)
[00:51:49.077] BAD_PACKET[TCP_prs2026hitl_7100] unknown packet ID 0x20; discarded 1 byte(s)
[00:51:49.078] BAD_PACKET[TCP_prs2026hitl_7100] unknown packet ID 0x68; discarded 1 byte(s)
[00:51:49.078] BAD_PACKET[TCP_prs2026hitl_7100] unknown packet ID 0x65; discarded 1 byte(s)
[00:51:49.078] BAD_PACKET[TCP_prs2026hitl_7100] unknown packet ID 0x61; discarded 1 byte(s)
[00:51:49.079] BAD_PACKET[TCP_prs2026hitl_7100] unknown packet ID 0x72; discarded 1 byte(s)
[00:51:49.079] BAD_PACKET[TCP_prs2026hitl_7100] unknown packet ID 0x74; discarded 1 byte(s)
[00:51:49.079] BAD_PACKET[TCP_prs2026hitl_7100] unknown packet ID 0x62; discarded 1 byte(s)
[00:51:49.079] BAD_PACKET[TCP_prs2026hitl_7100] unknown packet ID 0x65; discarded 1 byte(s)
[00:51:49.080] BAD_PACKET[TCP_prs2026hitl_7100] unknown packet ID 0x61; discarded 1 byte(s)
[00:51:49.080] BAD_PACKET[TCP_prs2026hitl_7100] unknown packet ID 0x74; discarded 1 byte(s)
[00:51:49.080] BAD_PACKET[TCP_prs2026hitl_7100] unknown packet ID 0x20; discarded 1 byte(s)
[00:51:49.081] BAD_PACKET[TCP_prs2026hitl_7100] unknown packet ID 0x28; discarded 1 byte(s)
[00:51:49.081] BAD_PACKET[TCP_prs2026hitl_7100] unknown packet ID 0x38; discarded 1 byte(s)
[00:51:49.081] BAD_PACKET[TCP_prs2026hitl_7100] unknown packet ID 0x20; discarded 1 byte(s)
[00:51:49.082] BAD_PACKET[TCP_prs2026hitl_7100] unknown packet ID 0x62; discarded 1 byte(s)
[00:51:49.082] BAD_PACKET[TCP_prs2026hitl_7100] unknown packet ID 0x79; discarded 1 byte(s)
[00:51:49.082] BAD_PACKET[TCP_prs2026hitl_7100] unknown packet ID 0x74; discarded 1 byte(s)
[00:51:49.082] BAD_PACKET[TCP_prs2026hitl_7100] unknown packet ID 0x65; discarded 1 byte(s)
[00:51:49.083] BAD_PACKET[TCP_prs2026hitl_7100] unknown packet ID 0x73; discarded 1 byte(s)
[00:51:49.083] BAD_PACKET[TCP_prs2026hitl_7100] unknown packet ID 0x29; discarded 1 byte(s)
[00:51:49.084] BAD_PACKET[TCP_prs2026hitl_7100] unknown packet ID 0x0d; discarded 1 byte(s)
[00:51:49.085] BAD_PACKET[TCP_prs2026hitl_7100] unknown packet ID 0x0a; discarded 1 byte(s)
[00:51:49.146] RX[TCP_prs2026hitl_7100]  49 20 28 32 32 38 37 33 34 36 29 20 61 70 65 72 74 75 72 65 3a 20 48 65 61 72 74 62 65 61 74 20 73 65 6e 74 0d 0a
[00:51:49.148] BAD_PACKET[TCP_prs2026hitl_7100] unknown packet ID 0x49; discarded 1 byte(s)
[00:51:49.148] BAD_PACKET[TCP_prs2026hitl_7100] unknown packet ID 0x20; discarded 1 byte(s)
[00:51:49.148] BAD_PACKET[TCP_prs2026hitl_7100] unknown packet ID 0x28; discarded 1 byte(s)
[00:51:49.149] BAD_PACKET[TCP_prs2026hitl_7100] unknown packet ID 0x32; discarded 1 byte(s)
[00:51:49.149] BAD_PACKET[TCP_prs2026hitl_7100] unknown packet ID 0x32; discarded 1 byte(s)
[00:51:49.149] BAD_PACKET[TCP_prs2026hitl_7100] unknown packet ID 0x38; discarded 1 byte(s)
[00:51:49.150] BAD_PACKET[TCP_prs2026hitl_7100] unknown packet ID 0x37; discarded 1 byte(s)
[00:51:49.150] BAD_PACKET[TCP_prs2026hitl_7100] unknown packet ID 0x33; discarded 1 byte(s)
[00:51:49.151] BAD_PACKET[TCP_prs2026hitl_7100] unknown packet ID 0x34; discarded 1 byte(s)
[00:51:49.152] BAD_PACKET[TCP_prs2026hitl_7100] unknown packet ID 0x36; discarded 1 byte(s)
[00:51:49.152] BAD_PACKET[TCP_prs2026hitl_7100] unknown packet ID 0x29; discarded 1 byte(s)
[00:51:49.152] BAD_PACKET[TCP_prs2026hitl_7100] unknown packet ID 0x20; discarded 1 byte(s)
[00:51:49.153] BAD_PACKET[TCP_prs2026hitl_7100] unknown packet ID 0x61; discarded 1 byte(s)
[00:51:49.154] BAD_PACKET[TCP_prs2026hitl_7100] unknown packet ID 0x70; discarded 1 byte(s)
[00:51:49.154] BAD_PACKET[TCP_prs2026hitl_7100] unknown packet ID 0x65; discarded 1 byte(s)
[00:51:49.154] BAD_PACKET[TCP_prs2026hitl_7100] unknown packet ID 0x72; discarded 1 byte(s)
[00:51:49.154] BAD_PACKET[TCP_prs2026hitl_7100] unknown packet ID 0x74; discarded 1 byte(s)
[00:51:49.155] BAD_PACKET[TCP_prs2026hitl_7100] unknown packet ID 0x75; discarded 1 byte(s)
[00:51:49.155] BAD_PACKET[TCP_prs2026hitl_7100] unknown packet ID 0x72; discarded 1 byte(s)
[00:51:49.155] BAD_PACKET[TCP_prs2026hitl_7100] unknown packet ID 0x65; discarded 1 byte(s)
[00:51:49.156] BAD_PACKET[TCP_prs2026hitl_7100] unknown packet ID 0x3a; discarded 1 byte(s)
[00:51:49.156] BAD_PACKET[TCP_prs2026hitl_7100] unknown packet ID 0x20; discarded 1 byte(s)
[00:51:49.156] BAD_PACKET[TCP_prs2026hitl_7100] unknown packet ID 0x48; discarded 1 byte(s)
[00:51:49.157] BAD_PACKET[TCP_prs2026hitl_7100] unknown packet ID 0x65; discarded 1 byte(s)
[00:51:49.157] BAD_PACKET[TCP_prs2026hitl_7100] unknown packet ID 0x61; discarded 1 byte(s)
[00:51:49.157] BAD_PACKET[TCP_prs2026hitl_7100] unknown packet ID 0x72; discarded 1 byte(s)
[00:51:49.158] BAD_PACKET[TCP_prs2026hitl_7100] unknown packet ID 0x74; discarded 1 byte(s)
[00:51:49.158] BAD_PACKET[TCP_prs2026hitl_7100] unknown packet ID 0x62; discarded 1 byte(s)
[00:51:49.159] BAD_PACKET[TCP_prs2026hitl_7100] unknown packet ID 0x65; discarded 1 byte(s)
[00:51:49.159] BAD_PACKET[TCP_prs2026hitl_7100] unknown packet ID 0x61; discarded 1 byte(s)
[00:51:49.159] BAD_PACKET[TCP_prs2026hitl_7100] unknown packet ID 0x74; discarded 1 byte(s)
[00:51:49.160] BAD_PACKET[TCP_prs2026hitl_7100] unknown packet ID 0x20; discarded 1 byte(s)
[00:51:49.161] BAD_PACKET[TCP_prs2026hitl_7100] unknown packet ID 0x73; discarded 1 byte(s)
[00:51:49.161] BAD_PACKET[TCP_prs2026hitl_7100] unknown packet ID 0x65; discarded 1 byte(s)
[00:51:49.161] BAD_PACKET[TCP_prs2026hitl_7100] unknown packet ID 0x6e; discarded 1 byte(s)
[00:51:49.164] BAD_PACKET[TCP_prs2026hitl_7100] unknown packet ID 0x74; discarded 1 byte(s)
[00:51:49.164] BAD_PACKET[TCP_prs2026hitl_7100] unknown packet ID 0x0d; discarded 1 byte(s)
[00:51:49.165] BAD_PACKET[TCP_prs2026hitl_7100] unknown packet ID 0x0a; discarded 1 byte(s)
[00:51:49.975] RX[COM21]  03
[00:51:49.976] RX[COM21]  00 00 00 00 00 00 00 00 00 00 bf a7 00 00 00 14 40 0a
[00:51:49.977] PACKET[COM21] camera: fc_status=0, fc_uptime=0, status=0, uptime=49063, current_sense=[0.0, 0.0, 0.0], iris_battery_voltage=5.184
[00:51:50.101] RX[TCP_prs2026hitl_7100]  49 20 28 32 32 38 38 33 30 36 29 20 61 70 65 72 74 75 72 65 3a 20 53 65 6e 64 69 6e 67 20 68 65 61 72 74 62 65 61 74 20 28 38 20 62 79 74 65 73 29 0d 0a
[00:51:50.102] BAD_PACKET[TCP_prs2026hitl_7100] unknown packet ID 0x49; discarded 1 byte(s)
[00:51:50.103] BAD_PACKET[TCP_prs2026hitl_7100] unknown packet ID 0x20; discarded 1 byte(s)
[00:51:50.103] BAD_PACKET[TCP_prs2026hitl_7100] unknown packet ID 0x28; discarded 1 byte(s)
[00:51:50.104] BAD_PACKET[TCP_prs2026hitl_7100] unknown packet ID 0x32; discarded 1 byte(s)
[00:51:50.104] BAD_PACKET[TCP_prs2026hitl_7100] unknown packet ID 0x32; discarded 1 byte(s)
[00:51:50.104] BAD_PACKET[TCP_prs2026hitl_7100] unknown packet ID 0x38; discarded 1 byte(s)
[00:51:50.105] BAD_PACKET[TCP_prs2026hitl_7100] unknown packet ID 0x38; discarded 1 byte(s)
[00:51:50.105] BAD_PACKET[TCP_prs2026hitl_7100] unknown packet ID 0x33; discarded 1 byte(s)
[00:51:50.105] BAD_PACKET[TCP_prs2026hitl_7100] unknown packet ID 0x30; discarded 1 byte(s)
[00:51:50.106] BAD_PACKET[TCP_prs2026hitl_7100] unknown packet ID 0x36; discarded 1 byte(s)
[00:51:50.106] BAD_PACKET[TCP_prs2026hitl_7100] unknown packet ID 0x29; discarded 1 byte(s)
[00:51:50.106] BAD_PACKET[TCP_prs2026hitl_7100] unknown packet ID 0x20; discarded 1 byte(s)
[00:51:50.107] BAD_PACKET[TCP_prs2026hitl_7100] unknown packet ID 0x61; discarded 1 byte(s)
[00:51:50.107] BAD_PACKET[TCP_prs2026hitl_7100] unknown packet ID 0x70; discarded 1 byte(s)
[00:51:50.108] BAD_PACKET[TCP_prs2026hitl_7100] unknown packet ID 0x65; discarded 1 byte(s)
[00:51:50.108] BAD_PACKET[TCP_prs2026hitl_7100] unknown packet ID 0x72; discarded 1 byte(s)
[00:51:50.108] BAD_PACKET[TCP_prs2026hitl_7100] unknown packet ID 0x74; discarded 1 byte(s)
[00:51:50.109] BAD_PACKET[TCP_prs2026hitl_7100] unknown packet ID 0x75; discarded 1 byte(s)
[00:51:50.109] BAD_PACKET[TCP_prs2026hitl_7100] unknown packet ID 0x72; discarded 1 byte(s)
[00:51:50.109] BAD_PACKET[TCP_prs2026hitl_7100] unknown packet ID 0x65; discarded 1 byte(s)
[00:51:50.110] BAD_PACKET[TCP_prs2026hitl_7100] unknown packet ID 0x3a; discarded 1 byte(s)
[00:51:50.110] BAD_PACKET[TCP_prs2026hitl_7100] unknown packet ID 0x20; discarded 1 byte(s)
[00:51:50.110] BAD_PACKET[TCP_prs2026hitl_7100] unknown packet ID 0x53; discarded 1 byte(s)
[00:51:50.110] BAD_PACKET[TCP_prs2026hitl_7100] unknown packet ID 0x65; discarded 1 byte(s)
[00:51:50.111] BAD_PACKET[TCP_prs2026hitl_7100] unknown packet ID 0x6e; discarded 1 byte(s)
[00:51:50.111] BAD_PACKET[TCP_prs2026hitl_7100] unknown packet ID 0x64; discarded 1 byte(s)
[00:51:50.111] BAD_PACKET[TCP_prs2026hitl_7100] unknown packet ID 0x69; discarded 1 byte(s)
[00:51:50.112] BAD_PACKET[TCP_prs2026hitl_7100] unknown packet ID 0x6e; discarded 1 byte(s)
[00:51:50.112] BAD_PACKET[TCP_prs2026hitl_7100] unknown packet ID 0x67; discarded 1 byte(s)
[00:51:50.112] BAD_PACKET[TCP_prs2026hitl_7100] unknown packet ID 0x20; discarded 1 byte(s)
[00:51:50.113] BAD_PACKET[TCP_prs2026hitl_7100] unknown packet ID 0x68; discarded 1 byte(s)
[00:51:50.113] BAD_PACKET[TCP_prs2026hitl_7100] unknown packet ID 0x65; discarded 1 byte(s)
[00:51:50.113] BAD_PACKET[TCP_prs2026hitl_7100] unknown packet ID 0x61; discarded 1 byte(s)
[00:51:50.113] BAD_PACKET[TCP_prs2026hitl_7100] unknown packet ID 0x72; discarded 1 byte(s)
[00:51:50.114] BAD_PACKET[TCP_prs2026hitl_7100] unknown packet ID 0x74; discarded 1 byte(s)
[00:51:50.114] BAD_PACKET[TCP_prs2026hitl_7100] unknown packet ID 0x62; discarded 1 byte(s)
[00:51:50.114] BAD_PACKET[TCP_prs2026hitl_7100] unknown packet ID 0x65; discarded 1 byte(s)
[00:51:50.115] BAD_PACKET[TCP_prs2026hitl_7100] unknown packet ID 0x61; discarded 1 byte(s)
[00:51:50.115] BAD_PACKET[TCP_prs2026hitl_7100] unknown packet ID 0x74; discarded 1 byte(s)
[00:51:50.115] BAD_PACKET[TCP_prs2026hitl_7100] unknown packet ID 0x20; discarded 1 byte(s)
[00:51:50.116] BAD_PACKET[TCP_prs2026hitl_7100] unknown packet ID 0x28; discarded 1 byte(s)
[00:51:50.117] BAD_PACKET[TCP_prs2026hitl_7100] unknown packet ID 0x38; discarded 1 byte(s)
[00:51:50.118] BAD_PACKET[TCP_prs2026hitl_7100] unknown packet ID 0x20; discarded 1 byte(s)
[00:51:50.118] BAD_PACKET[TCP_prs2026hitl_7100] unknown packet ID 0x62; discarded 1 byte(s)
[00:51:50.118] BAD_PACKET[TCP_prs2026hitl_7100] unknown packet ID 0x79; discarded 1 byte(s)
[00:51:50.119] BAD_PACKET[TCP_prs2026hitl_7100] unknown packet ID 0x74; discarded 1 byte(s)
[00:51:50.119] BAD_PACKET[TCP_prs2026hitl_7100] unknown packet ID 0x65; discarded 1 byte(s)
[00:51:50.119] BAD_PACKET[TCP_prs2026hitl_7100] unknown packet ID 0x73; discarded 1 byte(s)
[00:51:50.120] BAD_PACKET[TCP_prs2026hitl_7100] unknown packet ID 0x29; discarded 1 byte(s)
[00:51:50.120] BAD_PACKET[TCP_prs2026hitl_7100] unknown packet ID 0x0d; discarded 1 byte(s)
[00:51:50.120] BAD_PACKET[TCP_prs2026hitl_7100] unknown packet ID 0x0a; discarded 1 byte(s)
[00:51:50.120] RX[TCP_prs2026hitl_7100]  49 20 28 32 32 38 38 33 34 36 29 20 61 70 65 72 74 75 72 65 3a 20 48 65 61 72 74 62 65 61 74 20 73 65 6e 74 0d 0a
[00:51:50.121] BAD_PACKET[TCP_prs2026hitl_7100] unknown packet ID 0x49; discarded 1 byte(s)
[00:51:50.121] BAD_PACKET[TCP_prs2026hitl_7100] unknown packet ID 0x20; discarded 1 byte(s)
[00:51:50.121] BAD_PACKET[TCP_prs2026hitl_7100] unknown packet ID 0x28; discarded 1 byte(s)
[00:51:50.122] BAD_PACKET[TCP_prs2026hitl_7100] unknown packet ID 0x32; discarded 1 byte(s)
[00:51:50.122] BAD_PACKET[TCP_prs2026hitl_7100] unknown packet ID 0x32; discarded 1 byte(s)
[00:51:50.122] BAD_PACKET[TCP_prs2026hitl_7100] unknown packet ID 0x38; discarded 1 byte(s)
[00:51:50.123] BAD_PACKET[TCP_prs2026hitl_7100] unknown packet ID 0x38; discarded 1 byte(s)
[00:51:50.123] BAD_PACKET[TCP_prs2026hitl_7100] unknown packet ID 0x33; discarded 1 byte(s)
[00:51:50.123] BAD_PACKET[TCP_prs2026hitl_7100] unknown packet ID 0x34; discarded 1 byte(s)
[00:51:50.123] BAD_PACKET[TCP_prs2026hitl_7100] unknown packet ID 0x36; discarded 1 byte(s)
[00:51:50.124] BAD_PACKET[TCP_prs2026hitl_7100] unknown packet ID 0x29; discarded 1 byte(s)
[00:51:50.124] BAD_PACKET[TCP_prs2026hitl_7100] unknown packet ID 0x20; discarded 1 byte(s)
[00:51:50.125] BAD_PACKET[TCP_prs2026hitl_7100] unknown packet ID 0x61; discarded 1 byte(s)
[00:51:50.125] BAD_PACKET[TCP_prs2026hitl_7100] unknown packet ID 0x70; discarded 1 byte(s)
[00:51:50.125] BAD_PACKET[TCP_prs2026hitl_7100] unknown packet ID 0x65; discarded 1 byte(s)
[00:51:50.126] BAD_PACKET[TCP_prs2026hitl_7100] unknown packet ID 0x72; discarded 1 byte(s)
[00:51:50.126] BAD_PACKET[TCP_prs2026hitl_7100] unknown packet ID 0x74; discarded 1 byte(s)
[00:51:50.126] BAD_PACKET[TCP_prs2026hitl_7100] unknown packet ID 0x75; discarded 1 byte(s)
[00:51:50.127] BAD_PACKET[TCP_prs2026hitl_7100] unknown packet ID 0x72; discarded 1 byte(s)
[00:51:50.127] BAD_PACKET[TCP_prs2026hitl_7100] unknown packet ID 0x65; discarded 1 byte(s)
[00:51:50.127] BAD_PACKET[TCP_prs2026hitl_7100] unknown packet ID 0x3a; discarded 1 byte(s)
[00:51:50.127] BAD_PACKET[TCP_prs2026hitl_7100] unknown packet ID 0x20; discarded 1 byte(s)
[00:51:50.128] BAD_PACKET[TCP_prs2026hitl_7100] unknown packet ID 0x48; discarded 1 byte(s)
[00:51:50.128] BAD_PACKET[TCP_prs2026hitl_7100] unknown packet ID 0x65; discarded 1 byte(s)
[00:51:50.128] BAD_PACKET[TCP_prs2026hitl_7100] unknown packet ID 0x61; discarded 1 byte(s)
[00:51:50.129] BAD_PACKET[TCP_prs2026hitl_7100] unknown packet ID 0x72; discarded 1 byte(s)
[00:51:50.129] BAD_PACKET[TCP_prs2026hitl_7100] unknown packet ID 0x74; discarded 1 byte(s)
[00:51:50.129] BAD_PACKET[TCP_prs2026hitl_7100] unknown packet ID 0x62; discarded 1 byte(s)
[00:51:50.130] BAD_PACKET[TCP_prs2026hitl_7100] unknown packet ID 0x65; discarded 1 byte(s)
[00:51:50.130] BAD_PACKET[TCP_prs2026hitl_7100] unknown packet ID 0x61; discarded 1 byte(s)
[00:51:50.130] BAD_PACKET[TCP_prs2026hitl_7100] unknown packet ID 0x74; discarded 1 byte(s)
[00:51:50.130] BAD_PACKET[TCP_prs2026hitl_7100] unknown packet ID 0x20; discarded 1 byte(s)
[00:51:50.131] BAD_PACKET[TCP_prs2026hitl_7100] unknown packet ID 0x73; discarded 1 byte(s)
[00:51:50.131] BAD_PACKET[TCP_prs2026hitl_7100] unknown packet ID 0x65; discarded 1 byte(s)
[00:51:50.131] BAD_PACKET[TCP_prs2026hitl_7100] unknown packet ID 0x6e; discarded 1 byte(s)
[00:51:50.132] BAD_PACKET[TCP_prs2026hitl_7100] unknown packet ID 0x74; discarded 1 byte(s)
[00:51:50.132] BAD_PACKET[TCP_prs2026hitl_7100] unknown packet ID 0x0d; discarded 1 byte(s)
[00:51:50.133] BAD_PACKET[TCP_prs2026hitl_7100] unknown packet ID 0x0a; discarded 1 byte(s)
[00:51:50.962] RX[COM21]  03
[00:51:50.963] RX[COM21]  00 00 00 00 00 00 00 00 00 00 c3 8f 00 00 00 14 44 0a
[00:51:50.964] PACKET[COM21] camera: fc_status=0, fc_uptime=0, status=0, uptime=50063, current_sense=[0.0, 0.0, 0.0], iris_battery_voltage=5.188
[00:51:51.087] RX[TCP_prs2026hitl_7100]  49 20 28 32 32 38 39 33 30 36 29 20 61 70 65 72 74 75 72 65 3a 20 53 65 6e 64 69 6e 67 20 68 65 61 72 74 62 65 61 74 20 28 38 20 62 79 74 65 73 29 0d 0a
[00:51:51.088] BAD_PACKET[TCP_prs2026hitl_7100] unknown packet ID 0x49; discarded 1 byte(s)
[00:51:51.089] BAD_PACKET[TCP_prs2026hitl_7100] unknown packet ID 0x20; discarded 1 byte(s)
[00:51:51.089] BAD_PACKET[TCP_prs2026hitl_7100] unknown packet ID 0x28; discarded 1 byte(s)
[00:51:51.089] BAD_PACKET[TCP_prs2026hitl_7100] unknown packet ID 0x32; discarded 1 byte(s)
[00:51:51.090] BAD_PACKET[TCP_prs2026hitl_7100] unknown packet ID 0x32; discarded 1 byte(s)
[00:51:51.090] BAD_PACKET[TCP_prs2026hitl_7100] unknown packet ID 0x38; discarded 1 byte(s)
[00:51:51.090] BAD_PACKET[TCP_prs2026hitl_7100] unknown packet ID 0x39; discarded 1 byte(s)
[00:51:51.091] BAD_PACKET[TCP_prs2026hitl_7100] unknown packet ID 0x33; discarded 1 byte(s)
[00:51:51.091] BAD_PACKET[TCP_prs2026hitl_7100] unknown packet ID 0x30; discarded 1 byte(s)
[00:51:51.091] BAD_PACKET[TCP_prs2026hitl_7100] unknown packet ID 0x36; discarded 1 byte(s)
[00:51:51.092] BAD_PACKET[TCP_prs2026hitl_7100] unknown packet ID 0x29; discarded 1 byte(s)
[00:51:51.092] BAD_PACKET[TCP_prs2026hitl_7100] unknown packet ID 0x20; discarded 1 byte(s)
[00:51:51.093] BAD_PACKET[TCP_prs2026hitl_7100] unknown packet ID 0x61; discarded 1 byte(s)
[00:51:51.093] BAD_PACKET[TCP_prs2026hitl_7100] unknown packet ID 0x70; discarded 1 byte(s)
[00:51:51.094] BAD_PACKET[TCP_prs2026hitl_7100] unknown packet ID 0x65; discarded 1 byte(s)
[00:51:51.094] BAD_PACKET[TCP_prs2026hitl_7100] unknown packet ID 0x72; discarded 1 byte(s)
[00:51:51.095] BAD_PACKET[TCP_prs2026hitl_7100] unknown packet ID 0x74; discarded 1 byte(s)
[00:51:51.095] BAD_PACKET[TCP_prs2026hitl_7100] unknown packet ID 0x75; discarded 1 byte(s)
[00:51:51.096] BAD_PACKET[TCP_prs2026hitl_7100] unknown packet ID 0x72; discarded 1 byte(s)
[00:51:51.096] BAD_PACKET[TCP_prs2026hitl_7100] unknown packet ID 0x65; discarded 1 byte(s)
[00:51:51.096] BAD_PACKET[TCP_prs2026hitl_7100] unknown packet ID 0x3a; discarded 1 byte(s)
[00:51:51.097] BAD_PACKET[TCP_prs2026hitl_7100] unknown packet ID 0x20; discarded 1 byte(s)
[00:51:51.097] BAD_PACKET[TCP_prs2026hitl_7100] unknown packet ID 0x53; discarded 1 byte(s)
[00:51:51.097] BAD_PACKET[TCP_prs2026hitl_7100] unknown packet ID 0x65; discarded 1 byte(s)
[00:51:51.098] BAD_PACKET[TCP_prs2026hitl_7100] unknown packet ID 0x6e; discarded 1 byte(s)
[00:51:51.098] BAD_PACKET[TCP_prs2026hitl_7100] unknown packet ID 0x64; discarded 1 byte(s)
[00:51:51.098] BAD_PACKET[TCP_prs2026hitl_7100] unknown packet ID 0x69; discarded 1 byte(s)
[00:51:51.098] BAD_PACKET[TCP_prs2026hitl_7100] unknown packet ID 0x6e; discarded 1 byte(s)
[00:51:51.099] BAD_PACKET[TCP_prs2026hitl_7100] unknown packet ID 0x67; discarded 1 byte(s)
[00:51:51.099] BAD_PACKET[TCP_prs2026hitl_7100] unknown packet ID 0x20; discarded 1 byte(s)
[00:51:51.100] BAD_PACKET[TCP_prs2026hitl_7100] unknown packet ID 0x68; discarded 1 byte(s)
[00:51:51.101] BAD_PACKET[TCP_prs2026hitl_7100] unknown packet ID 0x65; discarded 1 byte(s)
[00:51:51.101] BAD_PACKET[TCP_prs2026hitl_7100] unknown packet ID 0x61; discarded 1 byte(s)
[00:51:51.101] BAD_PACKET[TCP_prs2026hitl_7100] unknown packet ID 0x72; discarded 1 byte(s)
[00:51:51.102] BAD_PACKET[TCP_prs2026hitl_7100] unknown packet ID 0x74; discarded 1 byte(s)
[00:51:51.102] BAD_PACKET[TCP_prs2026hitl_7100] unknown packet ID 0x62; discarded 1 byte(s)
[00:51:51.102] BAD_PACKET[TCP_prs2026hitl_7100] unknown packet ID 0x65; discarded 1 byte(s)
[00:51:51.103] BAD_PACKET[TCP_prs2026hitl_7100] unknown packet ID 0x61; discarded 1 byte(s)
[00:51:51.105] BAD_PACKET[TCP_prs2026hitl_7100] unknown packet ID 0x74; discarded 1 byte(s)
[00:51:51.105] BAD_PACKET[TCP_prs2026hitl_7100] unknown packet ID 0x20; discarded 1 byte(s)
[00:51:51.105] BAD_PACKET[TCP_prs2026hitl_7100] unknown packet ID 0x28; discarded 1 byte(s)
[00:51:51.106] BAD_PACKET[TCP_prs2026hitl_7100] unknown packet ID 0x38; discarded 1 byte(s)
[00:51:51.106] BAD_PACKET[TCP_prs2026hitl_7100] unknown packet ID 0x20; discarded 1 byte(s)
[00:51:51.106] BAD_PACKET[TCP_prs2026hitl_7100] unknown packet ID 0x62; discarded 1 byte(s)
[00:51:51.107] BAD_PACKET[TCP_prs2026hitl_7100] unknown packet ID 0x79; discarded 1 byte(s)
[00:51:51.107] BAD_PACKET[TCP_prs2026hitl_7100] unknown packet ID 0x74; discarded 1 byte(s)
[00:51:51.107] BAD_PACKET[TCP_prs2026hitl_7100] unknown packet ID 0x65; discarded 1 byte(s)
[00:51:51.108] BAD_PACKET[TCP_prs2026hitl_7100] unknown packet ID 0x73; discarded 1 byte(s)
[00:51:51.108] BAD_PACKET[TCP_prs2026hitl_7100] unknown packet ID 0x29; discarded 1 byte(s)
[00:51:51.108] BAD_PACKET[TCP_prs2026hitl_7100] unknown packet ID 0x0d; discarded 1 byte(s)
[00:51:51.109] BAD_PACKET[TCP_prs2026hitl_7100] unknown packet ID 0x0a; discarded 1 byte(s)
[00:51:51.165] RX[TCP_prs2026hitl_7100]  49 20 28 32 32 38 39 33 34 36 29 20 61 70 65 72 74 75 72 65 3a 20 48 65 61 72 74 62 65 61 74 20 73 65 6e 74 0d 0a
[00:51:51.166] BAD_PACKET[TCP_prs2026hitl_7100] unknown packet ID 0x49; discarded 1 byte(s)
[00:51:51.166] BAD_PACKET[TCP_prs2026hitl_7100] unknown packet ID 0x20; discarded 1 byte(s)
[00:51:51.167] BAD_PACKET[TCP_prs2026hitl_7100] unknown packet ID 0x28; discarded 1 byte(s)
[00:51:51.167] BAD_PACKET[TCP_prs2026hitl_7100] unknown packet ID 0x32; discarded 1 byte(s)
[00:51:51.167] BAD_PACKET[TCP_prs2026hitl_7100] unknown packet ID 0x32; discarded 1 byte(s)
[00:51:51.168] BAD_PACKET[TCP_prs2026hitl_7100] unknown packet ID 0x38; discarded 1 byte(s)
[00:51:51.168] BAD_PACKET[TCP_prs2026hitl_7100] unknown packet ID 0x39; discarded 1 byte(s)
[00:51:51.168] BAD_PACKET[TCP_prs2026hitl_7100] unknown packet ID 0x33; discarded 1 byte(s)
[00:51:51.169] BAD_PACKET[TCP_prs2026hitl_7100] unknown packet ID 0x34; discarded 1 byte(s)
[00:51:51.169] BAD_PACKET[TCP_prs2026hitl_7100] unknown packet ID 0x36; discarded 1 byte(s)
[00:51:51.169] BAD_PACKET[TCP_prs2026hitl_7100] unknown packet ID 0x29; discarded 1 byte(s)
[00:51:51.170] BAD_PACKET[TCP_prs2026hitl_7100] unknown packet ID 0x20; discarded 1 byte(s)
[00:51:51.170] BAD_PACKET[TCP_prs2026hitl_7100] unknown packet ID 0x61; discarded 1 byte(s)
[00:51:51.170] BAD_PACKET[TCP_prs2026hitl_7100] unknown packet ID 0x70; discarded 1 byte(s)
[00:51:51.170] BAD_PACKET[TCP_prs2026hitl_7100] unknown packet ID 0x65; discarded 1 byte(s)
[00:51:51.171] BAD_PACKET[TCP_prs2026hitl_7100] unknown packet ID 0x72; discarded 1 byte(s)
[00:51:51.171] BAD_PACKET[TCP_prs2026hitl_7100] unknown packet ID 0x74; discarded 1 byte(s)
[00:51:51.171] BAD_PACKET[TCP_prs2026hitl_7100] unknown packet ID 0x75; discarded 1 byte(s)
[00:51:51.172] BAD_PACKET[TCP_prs2026hitl_7100] unknown packet ID 0x72; discarded 1 byte(s)
[00:51:51.172] BAD_PACKET[TCP_prs2026hitl_7100] unknown packet ID 0x65; discarded 1 byte(s)
[00:51:51.172] BAD_PACKET[TCP_prs2026hitl_7100] unknown packet ID 0x3a; discarded 1 byte(s)
[00:51:51.173] BAD_PACKET[TCP_prs2026hitl_7100] unknown packet ID 0x20; discarded 1 byte(s)
[00:51:51.173] BAD_PACKET[TCP_prs2026hitl_7100] unknown packet ID 0x48; discarded 1 byte(s)
[00:51:51.173] BAD_PACKET[TCP_prs2026hitl_7100] unknown packet ID 0x65; discarded 1 byte(s)
[00:51:51.174] BAD_PACKET[TCP_prs2026hitl_7100] unknown packet ID 0x61; discarded 1 byte(s)
[00:51:51.174] BAD_PACKET[TCP_prs2026hitl_7100] unknown packet ID 0x72; discarded 1 byte(s)
[00:51:51.175] BAD_PACKET[TCP_prs2026hitl_7100] unknown packet ID 0x74; discarded 1 byte(s)
[00:51:51.175] BAD_PACKET[TCP_prs2026hitl_7100] unknown packet ID 0x62; discarded 1 byte(s)
[00:51:51.175] BAD_PACKET[TCP_prs2026hitl_7100] unknown packet ID 0x65; discarded 1 byte(s)
[00:51:51.176] BAD_PACKET[TCP_prs2026hitl_7100] unknown packet ID 0x61; discarded 1 byte(s)
[00:51:51.176] BAD_PACKET[TCP_prs2026hitl_7100] unknown packet ID 0x74; discarded 1 byte(s)
[00:51:51.176] BAD_PACKET[TCP_prs2026hitl_7100] unknown packet ID 0x20; discarded 1 byte(s)
[00:51:51.177] BAD_PACKET[TCP_prs2026hitl_7100] unknown packet ID 0x73; discarded 1 byte(s)
[00:51:51.177] BAD_PACKET[TCP_prs2026hitl_7100] unknown packet ID 0x65; discarded 1 byte(s)
[00:51:51.177] BAD_PACKET[TCP_prs2026hitl_7100] unknown packet ID 0x6e; discarded 1 byte(s)
[00:51:51.177] BAD_PACKET[TCP_prs2026hitl_7100] unknown packet ID 0x74; discarded 1 byte(s)
[00:51:51.178] BAD_PACKET[TCP_prs2026hitl_7100] unknown packet ID 0x0d; discarded 1 byte(s)
[00:51:51.178] BAD_PACKET[TCP_prs2026hitl_7100] unknown packet ID 0x0a; discarded 1 byte(s)
[00:51:51.977] RX[COM21]  03
[00:51:51.980] RX[COM21]  00 00 00 00 00 00 00 00 00 00 c7 77 00 00 00 14 40 0a
[00:51:51.981] PACKET[COM21] camera: fc_status=0, fc_uptime=0, status=0, uptime=51063, current_sense=[0.0, 0.0, 0.0], iris_battery_voltage=5.184
[00:51:52.040] RX[TCP_prs2026hitl_7100]  49 20 28 32 32 39 30 33 30 36 29 20 61 70 65 72 74 75 72 65 3a 20 53 65 6e 64 69 6e 67 20 68 65 61 72 74 62 65 61 74 20 28 38 20 62 79 74 65 73 29 0d 0a
[00:51:52.041] BAD_PACKET[TCP_prs2026hitl_7100] unknown packet ID 0x49; discarded 1 byte(s)
[00:51:52.041] BAD_PACKET[TCP_prs2026hitl_7100] unknown packet ID 0x20; discarded 1 byte(s)
[00:51:52.041] BAD_PACKET[TCP_prs2026hitl_7100] unknown packet ID 0x28; discarded 1 byte(s)
[00:51:52.042] BAD_PACKET[TCP_prs2026hitl_7100] unknown packet ID 0x32; discarded 1 byte(s)
[00:51:52.042] BAD_PACKET[TCP_prs2026hitl_7100] unknown packet ID 0x32; discarded 1 byte(s)
[00:51:52.043] BAD_PACKET[TCP_prs2026hitl_7100] unknown packet ID 0x39; discarded 1 byte(s)
[00:51:52.043] BAD_PACKET[TCP_prs2026hitl_7100] unknown packet ID 0x30; discarded 1 byte(s)
[00:51:52.043] BAD_PACKET[TCP_prs2026hitl_7100] unknown packet ID 0x33; discarded 1 byte(s)
[00:51:52.043] BAD_PACKET[TCP_prs2026hitl_7100] unknown packet ID 0x30; discarded 1 byte(s)
[00:51:52.044] BAD_PACKET[TCP_prs2026hitl_7100] unknown packet ID 0x36; discarded 1 byte(s)
[00:51:52.044] BAD_PACKET[TCP_prs2026hitl_7100] unknown packet ID 0x29; discarded 1 byte(s)
[00:51:52.044] BAD_PACKET[TCP_prs2026hitl_7100] unknown packet ID 0x20; discarded 1 byte(s)
[00:51:52.045] BAD_PACKET[TCP_prs2026hitl_7100] unknown packet ID 0x61; discarded 1 byte(s)
[00:51:52.045] BAD_PACKET[TCP_prs2026hitl_7100] unknown packet ID 0x70; discarded 1 byte(s)
[00:51:52.045] BAD_PACKET[TCP_prs2026hitl_7100] unknown packet ID 0x65; discarded 1 byte(s)
[00:51:52.046] BAD_PACKET[TCP_prs2026hitl_7100] unknown packet ID 0x72; discarded 1 byte(s)
[00:51:52.047] BAD_PACKET[TCP_prs2026hitl_7100] unknown packet ID 0x74; discarded 1 byte(s)
[00:51:52.047] BAD_PACKET[TCP_prs2026hitl_7100] unknown packet ID 0x75; discarded 1 byte(s)
[00:51:52.047] BAD_PACKET[TCP_prs2026hitl_7100] unknown packet ID 0x72; discarded 1 byte(s)
[00:51:52.047] BAD_PACKET[TCP_prs2026hitl_7100] unknown packet ID 0x65; discarded 1 byte(s)
[00:51:52.048] BAD_PACKET[TCP_prs2026hitl_7100] unknown packet ID 0x3a; discarded 1 byte(s)
[00:51:52.048] BAD_PACKET[TCP_prs2026hitl_7100] unknown packet ID 0x20; discarded 1 byte(s)
[00:51:52.048] BAD_PACKET[TCP_prs2026hitl_7100] unknown packet ID 0x53; discarded 1 byte(s)
[00:51:52.049] BAD_PACKET[TCP_prs2026hitl_7100] unknown packet ID 0x65; discarded 1 byte(s)
[00:51:52.049] BAD_PACKET[TCP_prs2026hitl_7100] unknown packet ID 0x6e; discarded 1 byte(s)
[00:51:52.050] BAD_PACKET[TCP_prs2026hitl_7100] unknown packet ID 0x64; discarded 1 byte(s)
[00:51:52.050] BAD_PACKET[TCP_prs2026hitl_7100] unknown packet ID 0x69; discarded 1 byte(s)
[00:51:52.050] BAD_PACKET[TCP_prs2026hitl_7100] unknown packet ID 0x6e; discarded 1 byte(s)
[00:51:52.051] BAD_PACKET[TCP_prs2026hitl_7100] unknown packet ID 0x67; discarded 1 byte(s)
[00:51:52.051] BAD_PACKET[TCP_prs2026hitl_7100] unknown packet ID 0x20; discarded 1 byte(s)
[00:51:52.051] BAD_PACKET[TCP_prs2026hitl_7100] unknown packet ID 0x68; discarded 1 byte(s)
[00:51:52.051] BAD_PACKET[TCP_prs2026hitl_7100] unknown packet ID 0x65; discarded 1 byte(s)
[00:51:52.052] BAD_PACKET[TCP_prs2026hitl_7100] unknown packet ID 0x61; discarded 1 byte(s)
[00:51:52.052] BAD_PACKET[TCP_prs2026hitl_7100] unknown packet ID 0x72; discarded 1 byte(s)
[00:51:52.052] BAD_PACKET[TCP_prs2026hitl_7100] unknown packet ID 0x74; discarded 1 byte(s)
[00:51:52.053] BAD_PACKET[TCP_prs2026hitl_7100] unknown packet ID 0x62; discarded 1 byte(s)
[00:51:52.053] BAD_PACKET[TCP_prs2026hitl_7100] unknown packet ID 0x65; discarded 1 byte(s)
[00:51:52.053] BAD_PACKET[TCP_prs2026hitl_7100] unknown packet ID 0x61; discarded 1 byte(s)
[00:51:52.054] BAD_PACKET[TCP_prs2026hitl_7100] unknown packet ID 0x74; discarded 1 byte(s)
[00:51:52.054] BAD_PACKET[TCP_prs2026hitl_7100] unknown packet ID 0x20; discarded 1 byte(s)
[00:51:52.054] BAD_PACKET[TCP_prs2026hitl_7100] unknown packet ID 0x28; discarded 1 byte(s)
[00:51:52.055] BAD_PACKET[TCP_prs2026hitl_7100] unknown packet ID 0x38; discarded 1 byte(s)
[00:51:52.055] BAD_PACKET[TCP_prs2026hitl_7100] unknown packet ID 0x20; discarded 1 byte(s)
[00:51:52.055] BAD_PACKET[TCP_prs2026hitl_7100] unknown packet ID 0x62; discarded 1 byte(s)
[00:51:52.056] BAD_PACKET[TCP_prs2026hitl_7100] unknown packet ID 0x79; discarded 1 byte(s)
[00:51:52.056] BAD_PACKET[TCP_prs2026hitl_7100] unknown packet ID 0x74; discarded 1 byte(s)
[00:51:52.056] BAD_PACKET[TCP_prs2026hitl_7100] unknown packet ID 0x65; discarded 1 byte(s)
[00:51:52.057] BAD_PACKET[TCP_prs2026hitl_7100] unknown packet ID 0x73; discarded 1 byte(s)
[00:51:52.057] BAD_PACKET[TCP_prs2026hitl_7100] unknown packet ID 0x29; discarded 1 byte(s)
[00:51:52.057] BAD_PACKET[TCP_prs2026hitl_7100] unknown packet ID 0x0d; discarded 1 byte(s)
[00:51:52.058] BAD_PACKET[TCP_prs2026hitl_7100] unknown packet ID 0x0a; discarded 1 byte(s)
[00:51:52.120] RX[TCP_prs2026hitl_7100]  49 20 28 32 32 39 30 33 34 36 29 20 61 70 65 72 74 75 72 65 3a 20 48 65 61 72 74 62 65 61 74 20 73 65 6e 74 0d 0a
[00:51:52.120] BAD_PACKET[TCP_prs2026hitl_7100] unknown packet ID 0x49; discarded 1 byte(s)
[00:51:52.121] BAD_PACKET[TCP_prs2026hitl_7100] unknown packet ID 0x20; discarded 1 byte(s)
[00:51:52.121] BAD_PACKET[TCP_prs2026hitl_7100] unknown packet ID 0x28; discarded 1 byte(s)
[00:51:52.121] BAD_PACKET[TCP_prs2026hitl_7100] unknown packet ID 0x32; discarded 1 byte(s)
[00:51:52.122] BAD_PACKET[TCP_prs2026hitl_7100] unknown packet ID 0x32; discarded 1 byte(s)
[00:51:52.122] BAD_PACKET[TCP_prs2026hitl_7100] unknown packet ID 0x39; discarded 1 byte(s)
[00:51:52.122] BAD_PACKET[TCP_prs2026hitl_7100] unknown packet ID 0x30; discarded 1 byte(s)
[00:51:52.123] BAD_PACKET[TCP_prs2026hitl_7100] unknown packet ID 0x33; discarded 1 byte(s)
[00:51:52.123] BAD_PACKET[TCP_prs2026hitl_7100] unknown packet ID 0x34; discarded 1 byte(s)
[00:51:52.123] BAD_PACKET[TCP_prs2026hitl_7100] unknown packet ID 0x36; discarded 1 byte(s)
[00:51:52.124] BAD_PACKET[TCP_prs2026hitl_7100] unknown packet ID 0x29; discarded 1 byte(s)
[00:51:52.125] BAD_PACKET[TCP_prs2026hitl_7100] unknown packet ID 0x20; discarded 1 byte(s)
[00:51:52.125] BAD_PACKET[TCP_prs2026hitl_7100] unknown packet ID 0x61; discarded 1 byte(s)
[00:51:52.125] BAD_PACKET[TCP_prs2026hitl_7100] unknown packet ID 0x70; discarded 1 byte(s)
[00:51:52.126] BAD_PACKET[TCP_prs2026hitl_7100] unknown packet ID 0x65; discarded 1 byte(s)
[00:51:52.126] BAD_PACKET[TCP_prs2026hitl_7100] unknown packet ID 0x72; discarded 1 byte(s)
[00:51:52.126] BAD_PACKET[TCP_prs2026hitl_7100] unknown packet ID 0x74; discarded 1 byte(s)
[00:51:52.126] BAD_PACKET[TCP_prs2026hitl_7100] unknown packet ID 0x75; discarded 1 byte(s)
[00:51:52.127] BAD_PACKET[TCP_prs2026hitl_7100] unknown packet ID 0x72; discarded 1 byte(s)
[00:51:52.127] BAD_PACKET[TCP_prs2026hitl_7100] unknown packet ID 0x65; discarded 1 byte(s)
[00:51:52.127] BAD_PACKET[TCP_prs2026hitl_7100] unknown packet ID 0x3a; discarded 1 byte(s)
[00:51:52.128] BAD_PACKET[TCP_prs2026hitl_7100] unknown packet ID 0x20; discarded 1 byte(s)
[00:51:52.128] BAD_PACKET[TCP_prs2026hitl_7100] unknown packet ID 0x48; discarded 1 byte(s)
[00:51:52.128] BAD_PACKET[TCP_prs2026hitl_7100] unknown packet ID 0x65; discarded 1 byte(s)
[00:51:52.129] BAD_PACKET[TCP_prs2026hitl_7100] unknown packet ID 0x61; discarded 1 byte(s)
[00:51:52.129] BAD_PACKET[TCP_prs2026hitl_7100] unknown packet ID 0x72; discarded 1 byte(s)
[00:51:52.129] BAD_PACKET[TCP_prs2026hitl_7100] unknown packet ID 0x74; discarded 1 byte(s)
[00:51:52.129] BAD_PACKET[TCP_prs2026hitl_7100] unknown packet ID 0x62; discarded 1 byte(s)
[00:51:52.130] BAD_PACKET[TCP_prs2026hitl_7100] unknown packet ID 0x65; discarded 1 byte(s)
[00:51:52.130] BAD_PACKET[TCP_prs2026hitl_7100] unknown packet ID 0x61; discarded 1 byte(s)
[00:51:52.130] BAD_PACKET[TCP_prs2026hitl_7100] unknown packet ID 0x74; discarded 1 byte(s)
[00:51:52.131] BAD_PACKET[TCP_prs2026hitl_7100] unknown packet ID 0x20; discarded 1 byte(s)
[00:51:52.132] BAD_PACKET[TCP_prs2026hitl_7100] unknown packet ID 0x73; discarded 1 byte(s)
[00:51:52.132] BAD_PACKET[TCP_prs2026hitl_7100] unknown packet ID 0x65; discarded 1 byte(s)
[00:51:52.133] BAD_PACKET[TCP_prs2026hitl_7100] unknown packet ID 0x6e; discarded 1 byte(s)
[00:51:52.133] BAD_PACKET[TCP_prs2026hitl_7100] unknown packet ID 0x74; discarded 1 byte(s)
[00:51:52.134] BAD_PACKET[TCP_prs2026hitl_7100] unknown packet ID 0x0d; discarded 1 byte(s)
[00:51:52.134] BAD_PACKET[TCP_prs2026hitl_7100] unknown packet ID 0x0a; discarded 1 byte(s)
[00:51:53.009] RX[COM21]  03
[00:51:53.010] RX[COM21]  00 00 00 00 00 00 00 00 00 00 cb 5f 00 00 00 14 44 0a
[00:51:53.011] PACKET[COM21] camera: fc_status=0, fc_uptime=0, status=0, uptime=52063, current_sense=[0.0, 0.0, 0.0], iris_battery_voltage=5.188
[00:51:53.072] RX[TCP_prs2026hitl_7100]  49 20 28 32 32 39 31 33 30 36 29 20 61 70 65 72 74 75 72 65 3a 20 53 65 6e 64 69 6e 67 20 68 65 61 72 74 62 65 61 74 20 28 38 20 62 79 74 65 73 29 0d 0a
[00:51:53.074] BAD_PACKET[TCP_prs2026hitl_7100] unknown packet ID 0x49; discarded 1 byte(s)
[00:51:53.074] BAD_PACKET[TCP_prs2026hitl_7100] unknown packet ID 0x20; discarded 1 byte(s)
[00:51:53.074] BAD_PACKET[TCP_prs2026hitl_7100] unknown packet ID 0x28; discarded 1 byte(s)
[00:51:53.075] BAD_PACKET[TCP_prs2026hitl_7100] unknown packet ID 0x32; discarded 1 byte(s)
[00:51:53.075] BAD_PACKET[TCP_prs2026hitl_7100] unknown packet ID 0x32; discarded 1 byte(s)
[00:51:53.075] BAD_PACKET[TCP_prs2026hitl_7100] unknown packet ID 0x39; discarded 1 byte(s)
[00:51:53.076] BAD_PACKET[TCP_prs2026hitl_7100] unknown packet ID 0x31; discarded 1 byte(s)
[00:51:53.076] BAD_PACKET[TCP_prs2026hitl_7100] unknown packet ID 0x33; discarded 1 byte(s)
[00:51:53.076] BAD_PACKET[TCP_prs2026hitl_7100] unknown packet ID 0x30; discarded 1 byte(s)
[00:51:53.077] BAD_PACKET[TCP_prs2026hitl_7100] unknown packet ID 0x36; discarded 1 byte(s)
[00:51:53.077] BAD_PACKET[TCP_prs2026hitl_7100] unknown packet ID 0x29; discarded 1 byte(s)
[00:51:53.077] BAD_PACKET[TCP_prs2026hitl_7100] unknown packet ID 0x20; discarded 1 byte(s)
[00:51:53.078] BAD_PACKET[TCP_prs2026hitl_7100] unknown packet ID 0x61; discarded 1 byte(s)
[00:51:53.078] BAD_PACKET[TCP_prs2026hitl_7100] unknown packet ID 0x70; discarded 1 byte(s)
[00:51:53.078] BAD_PACKET[TCP_prs2026hitl_7100] unknown packet ID 0x65; discarded 1 byte(s)
[00:51:53.079] BAD_PACKET[TCP_prs2026hitl_7100] unknown packet ID 0x72; discarded 1 byte(s)
[00:51:53.079] BAD_PACKET[TCP_prs2026hitl_7100] unknown packet ID 0x74; discarded 1 byte(s)
[00:51:53.079] BAD_PACKET[TCP_prs2026hitl_7100] unknown packet ID 0x75; discarded 1 byte(s)
[00:51:53.080] BAD_PACKET[TCP_prs2026hitl_7100] unknown packet ID 0x72; discarded 1 byte(s)
[00:51:53.080] BAD_PACKET[TCP_prs2026hitl_7100] unknown packet ID 0x65; discarded 1 byte(s)
[00:51:53.080] BAD_PACKET[TCP_prs2026hitl_7100] unknown packet ID 0x3a; discarded 1 byte(s)
[00:51:53.080] BAD_PACKET[TCP_prs2026hitl_7100] unknown packet ID 0x20; discarded 1 byte(s)
[00:51:53.081] BAD_PACKET[TCP_prs2026hitl_7100] unknown packet ID 0x53; discarded 1 byte(s)
[00:51:53.081] BAD_PACKET[TCP_prs2026hitl_7100] unknown packet ID 0x65; discarded 1 byte(s)
[00:51:53.081] BAD_PACKET[TCP_prs2026hitl_7100] unknown packet ID 0x6e; discarded 1 byte(s)
[00:51:53.082] BAD_PACKET[TCP_prs2026hitl_7100] unknown packet ID 0x64; discarded 1 byte(s)
[00:51:53.082] BAD_PACKET[TCP_prs2026hitl_7100] unknown packet ID 0x69; discarded 1 byte(s)
[00:51:53.082] BAD_PACKET[TCP_prs2026hitl_7100] unknown packet ID 0x6e; discarded 1 byte(s)
[00:51:53.083] BAD_PACKET[TCP_prs2026hitl_7100] unknown packet ID 0x67; discarded 1 byte(s)
[00:51:53.083] BAD_PACKET[TCP_prs2026hitl_7100] unknown packet ID 0x20; discarded 1 byte(s)
[00:51:53.083] BAD_PACKET[TCP_prs2026hitl_7100] unknown packet ID 0x68; discarded 1 byte(s)
[00:51:53.084] BAD_PACKET[TCP_prs2026hitl_7100] unknown packet ID 0x65; discarded 1 byte(s)
[00:51:53.084] BAD_PACKET[TCP_prs2026hitl_7100] unknown packet ID 0x61; discarded 1 byte(s)
[00:51:53.085] BAD_PACKET[TCP_prs2026hitl_7100] unknown packet ID 0x72; discarded 1 byte(s)
[00:51:53.085] BAD_PACKET[TCP_prs2026hitl_7100] unknown packet ID 0x74; discarded 1 byte(s)
[00:51:53.086] BAD_PACKET[TCP_prs2026hitl_7100] unknown packet ID 0x62; discarded 1 byte(s)
[00:51:53.086] BAD_PACKET[TCP_prs2026hitl_7100] unknown packet ID 0x65; discarded 1 byte(s)
[00:51:53.086] BAD_PACKET[TCP_prs2026hitl_7100] unknown packet ID 0x61; discarded 1 byte(s)
[00:51:53.087] BAD_PACKET[TCP_prs2026hitl_7100] unknown packet ID 0x74; discarded 1 byte(s)
[00:51:53.087] BAD_PACKET[TCP_prs2026hitl_7100] unknown packet ID 0x20; discarded 1 byte(s)
[00:51:53.087] BAD_PACKET[TCP_prs2026hitl_7100] unknown packet ID 0x28; discarded 1 byte(s)
[00:51:53.088] BAD_PACKET[TCP_prs2026hitl_7100] unknown packet ID 0x38; discarded 1 byte(s)
[00:51:53.088] BAD_PACKET[TCP_prs2026hitl_7100] unknown packet ID 0x20; discarded 1 byte(s)
[00:51:53.088] BAD_PACKET[TCP_prs2026hitl_7100] unknown packet ID 0x62; discarded 1 byte(s)
[00:51:53.088] BAD_PACKET[TCP_prs2026hitl_7100] unknown packet ID 0x79; discarded 1 byte(s)
[00:51:53.089] BAD_PACKET[TCP_prs2026hitl_7100] unknown packet ID 0x74; discarded 1 byte(s)
[00:51:53.089] BAD_PACKET[TCP_prs2026hitl_7100] unknown packet ID 0x65; discarded 1 byte(s)
[00:51:53.089] BAD_PACKET[TCP_prs2026hitl_7100] unknown packet ID 0x73; discarded 1 byte(s)
[00:51:53.090] BAD_PACKET[TCP_prs2026hitl_7100] unknown packet ID 0x29; discarded 1 byte(s)
[00:51:53.090] BAD_PACKET[TCP_prs2026hitl_7100] unknown packet ID 0x0d; discarded 1 byte(s)
[00:51:53.090] BAD_PACKET[TCP_prs2026hitl_7100] unknown packet ID 0x0a; discarded 1 byte(s)
[00:51:53.142] RX[TCP_prs2026hitl_7100]  49 20 28 32 32 39 31 33 34 36 29 20 61 70 65 72 74 75 72 65 3a 20 48 65 61 72 74 62 65 61 74 20 73 65 6e 74 0d 0a
[00:51:53.142] BAD_PACKET[TCP_prs2026hitl_7100] unknown packet ID 0x49; discarded 1 byte(s)
[00:51:53.143] BAD_PACKET[TCP_prs2026hitl_7100] unknown packet ID 0x20; discarded 1 byte(s)
[00:51:53.143] BAD_PACKET[TCP_prs2026hitl_7100] unknown packet ID 0x28; discarded 1 byte(s)
[00:51:53.143] BAD_PACKET[TCP_prs2026hitl_7100] unknown packet ID 0x32; discarded 1 byte(s)
[00:51:53.144] BAD_PACKET[TCP_prs2026hitl_7100] unknown packet ID 0x32; discarded 1 byte(s)
[00:51:53.144] BAD_PACKET[TCP_prs2026hitl_7100] unknown packet ID 0x39; discarded 1 byte(s)
[00:51:53.144] BAD_PACKET[TCP_prs2026hitl_7100] unknown packet ID 0x31; discarded 1 byte(s)
[00:51:53.144] BAD_PACKET[TCP_prs2026hitl_7100] unknown packet ID 0x33; discarded 1 byte(s)
[00:51:53.145] BAD_PACKET[TCP_prs2026hitl_7100] unknown packet ID 0x34; discarded 1 byte(s)
[00:51:53.145] BAD_PACKET[TCP_prs2026hitl_7100] unknown packet ID 0x36; discarded 1 byte(s)
[00:51:53.145] BAD_PACKET[TCP_prs2026hitl_7100] unknown packet ID 0x29; discarded 1 byte(s)
[00:51:53.146] BAD_PACKET[TCP_prs2026hitl_7100] unknown packet ID 0x20; discarded 1 byte(s)
[00:51:53.146] BAD_PACKET[TCP_prs2026hitl_7100] unknown packet ID 0x61; discarded 1 byte(s)
[00:51:53.146] BAD_PACKET[TCP_prs2026hitl_7100] unknown packet ID 0x70; discarded 1 byte(s)
[00:51:53.147] BAD_PACKET[TCP_prs2026hitl_7100] unknown packet ID 0x65; discarded 1 byte(s)
[00:51:53.147] BAD_PACKET[TCP_prs2026hitl_7100] unknown packet ID 0x72; discarded 1 byte(s)
[00:51:53.147] BAD_PACKET[TCP_prs2026hitl_7100] unknown packet ID 0x74; discarded 1 byte(s)
[00:51:53.148] BAD_PACKET[TCP_prs2026hitl_7100] unknown packet ID 0x75; discarded 1 byte(s)
[00:51:53.148] BAD_PACKET[TCP_prs2026hitl_7100] unknown packet ID 0x72; discarded 1 byte(s)
[00:51:53.148] BAD_PACKET[TCP_prs2026hitl_7100] unknown packet ID 0x65; discarded 1 byte(s)
[00:51:53.149] BAD_PACKET[TCP_prs2026hitl_7100] unknown packet ID 0x3a; discarded 1 byte(s)
[00:51:53.150] BAD_PACKET[TCP_prs2026hitl_7100] unknown packet ID 0x20; discarded 1 byte(s)
[00:51:53.151] BAD_PACKET[TCP_prs2026hitl_7100] unknown packet ID 0x48; discarded 1 byte(s)
[00:51:53.151] BAD_PACKET[TCP_prs2026hitl_7100] unknown packet ID 0x65; discarded 1 byte(s)
[00:51:53.151] BAD_PACKET[TCP_prs2026hitl_7100] unknown packet ID 0x61; discarded 1 byte(s)
[00:51:53.152] BAD_PACKET[TCP_prs2026hitl_7100] unknown packet ID 0x72; discarded 1 byte(s)
[00:51:53.152] BAD_PACKET[TCP_prs2026hitl_7100] unknown packet ID 0x74; discarded 1 byte(s)
[00:51:53.152] BAD_PACKET[TCP_prs2026hitl_7100] unknown packet ID 0x62; discarded 1 byte(s)
[00:51:53.153] BAD_PACKET[TCP_prs2026hitl_7100] unknown packet ID 0x65; discarded 1 byte(s)
[00:51:53.153] BAD_PACKET[TCP_prs2026hitl_7100] unknown packet ID 0x61; discarded 1 byte(s)
[00:51:53.153] BAD_PACKET[TCP_prs2026hitl_7100] unknown packet ID 0x74; discarded 1 byte(s)
[00:51:53.154] BAD_PACKET[TCP_prs2026hitl_7100] unknown packet ID 0x20; discarded 1 byte(s)
[00:51:53.154] BAD_PACKET[TCP_prs2026hitl_7100] unknown packet ID 0x73; discarded 1 byte(s)
[00:51:53.154] BAD_PACKET[TCP_prs2026hitl_7100] unknown packet ID 0x65; discarded 1 byte(s)
[00:51:53.155] BAD_PACKET[TCP_prs2026hitl_7100] unknown packet ID 0x6e; discarded 1 byte(s)
[00:51:53.155] BAD_PACKET[TCP_prs2026hitl_7100] unknown packet ID 0x74; discarded 1 byte(s)
[00:51:53.156] BAD_PACKET[TCP_prs2026hitl_7100] unknown packet ID 0x0d; discarded 1 byte(s)
[00:51:53.156] BAD_PACKET[TCP_prs2026hitl_7100] unknown packet ID 0x0a; discarded 1 byte(s)
[00:51:53.997] RX[COM21]  03
[00:51:53.997] RX[COM21]  00 00 00 00 00 00 00 00 00 00 cf 47 00 00 00 14 40 0a
[00:51:53.998] PACKET[COM21] camera: fc_status=0, fc_uptime=0, status=0, uptime=53063, current_sense=[0.0, 0.0, 0.0], iris_battery_voltage=5.184
[00:51:54.054] RX[TCP_prs2026hitl_7100]  49 20 28 32 32 39 32 33 30 36 29 20 61 70 65 72 74 75 72 65 3a 20 53 65 6e 64 69 6e 67 20 68 65 61 72 74 62 65 61 74 20 28 38 20 62 79 74 65 73 29 0d 0a
[00:51:54.055] BAD_PACKET[TCP_prs2026hitl_7100] unknown packet ID 0x49; discarded 1 byte(s)
[00:51:54.056] BAD_PACKET[TCP_prs2026hitl_7100] unknown packet ID 0x20; discarded 1 byte(s)
[00:51:54.056] BAD_PACKET[TCP_prs2026hitl_7100] unknown packet ID 0x28; discarded 1 byte(s)
[00:51:54.056] BAD_PACKET[TCP_prs2026hitl_7100] unknown packet ID 0x32; discarded 1 byte(s)
[00:51:54.057] BAD_PACKET[TCP_prs2026hitl_7100] unknown packet ID 0x32; discarded 1 byte(s)
[00:51:54.057] BAD_PACKET[TCP_prs2026hitl_7100] unknown packet ID 0x39; discarded 1 byte(s)
[00:51:54.057] BAD_PACKET[TCP_prs2026hitl_7100] unknown packet ID 0x32; discarded 1 byte(s)
[00:51:54.058] BAD_PACKET[TCP_prs2026hitl_7100] unknown packet ID 0x33; discarded 1 byte(s)
[00:51:54.059] BAD_PACKET[TCP_prs2026hitl_7100] unknown packet ID 0x30; discarded 1 byte(s)
[00:51:54.059] BAD_PACKET[TCP_prs2026hitl_7100] unknown packet ID 0x36; discarded 1 byte(s)
[00:51:54.059] BAD_PACKET[TCP_prs2026hitl_7100] unknown packet ID 0x29; discarded 1 byte(s)
[00:51:54.060] BAD_PACKET[TCP_prs2026hitl_7100] unknown packet ID 0x20; discarded 1 byte(s)
[00:51:54.060] BAD_PACKET[TCP_prs2026hitl_7100] unknown packet ID 0x61; discarded 1 byte(s)
[00:51:54.060] BAD_PACKET[TCP_prs2026hitl_7100] unknown packet ID 0x70; discarded 1 byte(s)
[00:51:54.061] BAD_PACKET[TCP_prs2026hitl_7100] unknown packet ID 0x65; discarded 1 byte(s)
[00:51:54.061] BAD_PACKET[TCP_prs2026hitl_7100] unknown packet ID 0x72; discarded 1 byte(s)
[00:51:54.061] BAD_PACKET[TCP_prs2026hitl_7100] unknown packet ID 0x74; discarded 1 byte(s)
[00:51:54.062] BAD_PACKET[TCP_prs2026hitl_7100] unknown packet ID 0x75; discarded 1 byte(s)
[00:51:54.062] BAD_PACKET[TCP_prs2026hitl_7100] unknown packet ID 0x72; discarded 1 byte(s)
[00:51:54.062] BAD_PACKET[TCP_prs2026hitl_7100] unknown packet ID 0x65; discarded 1 byte(s)
[00:51:54.063] BAD_PACKET[TCP_prs2026hitl_7100] unknown packet ID 0x3a; discarded 1 byte(s)
[00:51:54.063] BAD_PACKET[TCP_prs2026hitl_7100] unknown packet ID 0x20; discarded 1 byte(s)
[00:51:54.063] BAD_PACKET[TCP_prs2026hitl_7100] unknown packet ID 0x53; discarded 1 byte(s)
[00:51:54.063] BAD_PACKET[TCP_prs2026hitl_7100] unknown packet ID 0x65; discarded 1 byte(s)
[00:51:54.064] BAD_PACKET[TCP_prs2026hitl_7100] unknown packet ID 0x6e; discarded 1 byte(s)
[00:51:54.064] BAD_PACKET[TCP_prs2026hitl_7100] unknown packet ID 0x64; discarded 1 byte(s)
[00:51:54.064] BAD_PACKET[TCP_prs2026hitl_7100] unknown packet ID 0x69; discarded 1 byte(s)
[00:51:54.065] BAD_PACKET[TCP_prs2026hitl_7100] unknown packet ID 0x6e; discarded 1 byte(s)
[00:51:54.065] BAD_PACKET[TCP_prs2026hitl_7100] unknown packet ID 0x67; discarded 1 byte(s)
[00:51:54.065] BAD_PACKET[TCP_prs2026hitl_7100] unknown packet ID 0x20; discarded 1 byte(s)
[00:51:54.066] BAD_PACKET[TCP_prs2026hitl_7100] unknown packet ID 0x68; discarded 1 byte(s)
[00:51:54.066] BAD_PACKET[TCP_prs2026hitl_7100] unknown packet ID 0x65; discarded 1 byte(s)
[00:51:54.066] BAD_PACKET[TCP_prs2026hitl_7100] unknown packet ID 0x61; discarded 1 byte(s)
[00:51:54.067] BAD_PACKET[TCP_prs2026hitl_7100] unknown packet ID 0x72; discarded 1 byte(s)
[00:51:54.067] BAD_PACKET[TCP_prs2026hitl_7100] unknown packet ID 0x74; discarded 1 byte(s)
[00:51:54.067] BAD_PACKET[TCP_prs2026hitl_7100] unknown packet ID 0x62; discarded 1 byte(s)
[00:51:54.068] BAD_PACKET[TCP_prs2026hitl_7100] unknown packet ID 0x65; discarded 1 byte(s)
[00:51:54.068] BAD_PACKET[TCP_prs2026hitl_7100] unknown packet ID 0x61; discarded 1 byte(s)
[00:51:54.068] BAD_PACKET[TCP_prs2026hitl_7100] unknown packet ID 0x74; discarded 1 byte(s)
[00:51:54.069] BAD_PACKET[TCP_prs2026hitl_7100] unknown packet ID 0x20; discarded 1 byte(s)
[00:51:54.069] BAD_PACKET[TCP_prs2026hitl_7100] unknown packet ID 0x28; discarded 1 byte(s)
[00:51:54.069] BAD_PACKET[TCP_prs2026hitl_7100] unknown packet ID 0x38; discarded 1 byte(s)
[00:51:54.070] BAD_PACKET[TCP_prs2026hitl_7100] unknown packet ID 0x20; discarded 1 byte(s)
[00:51:54.070] BAD_PACKET[TCP_prs2026hitl_7100] unknown packet ID 0x62; discarded 1 byte(s)
[00:51:54.070] BAD_PACKET[TCP_prs2026hitl_7100] unknown packet ID 0x79; discarded 1 byte(s)
[00:51:54.071] BAD_PACKET[TCP_prs2026hitl_7100] unknown packet ID 0x74; discarded 1 byte(s)
[00:51:54.071] BAD_PACKET[TCP_prs2026hitl_7100] unknown packet ID 0x65; discarded 1 byte(s)
[00:51:54.071] BAD_PACKET[TCP_prs2026hitl_7100] unknown packet ID 0x73; discarded 1 byte(s)
[00:51:54.072] BAD_PACKET[TCP_prs2026hitl_7100] unknown packet ID 0x29; discarded 1 byte(s)
[00:51:54.072] BAD_PACKET[TCP_prs2026hitl_7100] unknown packet ID 0x0d; discarded 1 byte(s)
[00:51:54.072] BAD_PACKET[TCP_prs2026hitl_7100] unknown packet ID 0x0a; discarded 1 byte(s)
[00:51:54.124] RX[TCP_prs2026hitl_7100]  49 20 28 32 32 39 32 33 34 36 29 20 61 70 65 72 74 75 72 65 3a 20 48 65 61 72 74 62 65 61 74 20 73 65 6e 74 0d 0a
[00:51:54.125] BAD_PACKET[TCP_prs2026hitl_7100] unknown packet ID 0x49; discarded 1 byte(s)
[00:51:54.125] BAD_PACKET[TCP_prs2026hitl_7100] unknown packet ID 0x20; discarded 1 byte(s)
[00:51:54.125] BAD_PACKET[TCP_prs2026hitl_7100] unknown packet ID 0x28; discarded 1 byte(s)
[00:51:54.126] BAD_PACKET[TCP_prs2026hitl_7100] unknown packet ID 0x32; discarded 1 byte(s)
[00:51:54.126] BAD_PACKET[TCP_prs2026hitl_7100] unknown packet ID 0x32; discarded 1 byte(s)
[00:51:54.126] BAD_PACKET[TCP_prs2026hitl_7100] unknown packet ID 0x39; discarded 1 byte(s)
[00:51:54.127] BAD_PACKET[TCP_prs2026hitl_7100] unknown packet ID 0x32; discarded 1 byte(s)
[00:51:54.127] BAD_PACKET[TCP_prs2026hitl_7100] unknown packet ID 0x33; discarded 1 byte(s)
[00:51:54.127] BAD_PACKET[TCP_prs2026hitl_7100] unknown packet ID 0x34; discarded 1 byte(s)
[00:51:54.128] BAD_PACKET[TCP_prs2026hitl_7100] unknown packet ID 0x36; discarded 1 byte(s)
[00:51:54.128] BAD_PACKET[TCP_prs2026hitl_7100] unknown packet ID 0x29; discarded 1 byte(s)
[00:51:54.128] BAD_PACKET[TCP_prs2026hitl_7100] unknown packet ID 0x20; discarded 1 byte(s)
[00:51:54.129] BAD_PACKET[TCP_prs2026hitl_7100] unknown packet ID 0x61; discarded 1 byte(s)
[00:51:54.129] BAD_PACKET[TCP_prs2026hitl_7100] unknown packet ID 0x70; discarded 1 byte(s)
[00:51:54.129] BAD_PACKET[TCP_prs2026hitl_7100] unknown packet ID 0x65; discarded 1 byte(s)
[00:51:54.130] BAD_PACKET[TCP_prs2026hitl_7100] unknown packet ID 0x72; discarded 1 byte(s)
[00:51:54.130] BAD_PACKET[TCP_prs2026hitl_7100] unknown packet ID 0x74; discarded 1 byte(s)
[00:51:54.131] BAD_PACKET[TCP_prs2026hitl_7100] unknown packet ID 0x75; discarded 1 byte(s)
[00:51:54.132] BAD_PACKET[TCP_prs2026hitl_7100] unknown packet ID 0x72; discarded 1 byte(s)
[00:51:54.132] BAD_PACKET[TCP_prs2026hitl_7100] unknown packet ID 0x65; discarded 1 byte(s)
[00:51:54.133] BAD_PACKET[TCP_prs2026hitl_7100] unknown packet ID 0x3a; discarded 1 byte(s)
[00:51:54.133] BAD_PACKET[TCP_prs2026hitl_7100] unknown packet ID 0x20; discarded 1 byte(s)
[00:51:54.133] BAD_PACKET[TCP_prs2026hitl_7100] unknown packet ID 0x48; discarded 1 byte(s)
[00:51:54.134] BAD_PACKET[TCP_prs2026hitl_7100] unknown packet ID 0x65; discarded 1 byte(s)
[00:51:54.134] BAD_PACKET[TCP_prs2026hitl_7100] unknown packet ID 0x61; discarded 1 byte(s)
[00:51:54.134] BAD_PACKET[TCP_prs2026hitl_7100] unknown packet ID 0x72; discarded 1 byte(s)
[00:51:54.135] BAD_PACKET[TCP_prs2026hitl_7100] unknown packet ID 0x74; discarded 1 byte(s)
[00:51:54.135] BAD_PACKET[TCP_prs2026hitl_7100] unknown packet ID 0x62; discarded 1 byte(s)
[00:51:54.135] BAD_PACKET[TCP_prs2026hitl_7100] unknown packet ID 0x65; discarded 1 byte(s)
[00:51:54.135] BAD_PACKET[TCP_prs2026hitl_7100] unknown packet ID 0x61; discarded 1 byte(s)
[00:51:54.136] BAD_PACKET[TCP_prs2026hitl_7100] unknown packet ID 0x74; discarded 1 byte(s)
[00:51:54.136] BAD_PACKET[TCP_prs2026hitl_7100] unknown packet ID 0x20; discarded 1 byte(s)
[00:51:54.136] BAD_PACKET[TCP_prs2026hitl_7100] unknown packet ID 0x73; discarded 1 byte(s)
[00:51:54.137] BAD_PACKET[TCP_prs2026hitl_7100] unknown packet ID 0x65; discarded 1 byte(s)
[00:51:54.137] BAD_PACKET[TCP_prs2026hitl_7100] unknown packet ID 0x6e; discarded 1 byte(s)
[00:51:54.138] BAD_PACKET[TCP_prs2026hitl_7100] unknown packet ID 0x74; discarded 1 byte(s)
[00:51:54.138] BAD_PACKET[TCP_prs2026hitl_7100] unknown packet ID 0x0d; discarded 1 byte(s)
[00:51:54.138] BAD_PACKET[TCP_prs2026hitl_7100] unknown packet ID 0x0a; discarded 1 byte(s)
[00:51:54.975] RX[COM21]  03
[00:51:54.976] RX[COM21]  00 00 00 00 00 00 00 00 00 00 d3 2f 00 00 00 14 40 0a
[00:51:54.976] PACKET[COM21] camera: fc_status=0, fc_uptime=0, status=0, uptime=54063, current_sense=[0.0, 0.0, 0.0], iris_battery_voltage=5.184
[00:51:55.084] RX[TCP_prs2026hitl_7100]  49 20 28 32 32 39 33 33 30 36 29 20 61 70 65 72 74 75 72 65 3a 20 53 65 6e 64 69 6e 67 20 68 65 61 72 74 62 65 61 74 20 28 38 20 62 79 74 65 73 29 0d 0a
[00:51:55.085] BAD_PACKET[TCP_prs2026hitl_7100] unknown packet ID 0x49; discarded 1 byte(s)
[00:51:55.085] BAD_PACKET[TCP_prs2026hitl_7100] unknown packet ID 0x20; discarded 1 byte(s)
[00:51:55.085] BAD_PACKET[TCP_prs2026hitl_7100] unknown packet ID 0x28; discarded 1 byte(s)
[00:51:55.086] BAD_PACKET[TCP_prs2026hitl_7100] unknown packet ID 0x32; discarded 1 byte(s)
[00:51:55.086] BAD_PACKET[TCP_prs2026hitl_7100] unknown packet ID 0x32; discarded 1 byte(s)
[00:51:55.086] BAD_PACKET[TCP_prs2026hitl_7100] unknown packet ID 0x39; discarded 1 byte(s)
[00:51:55.086] BAD_PACKET[TCP_prs2026hitl_7100] unknown packet ID 0x33; discarded 1 byte(s)
[00:51:55.087] BAD_PACKET[TCP_prs2026hitl_7100] unknown packet ID 0x33; discarded 1 byte(s)
[00:51:55.087] BAD_PACKET[TCP_prs2026hitl_7100] unknown packet ID 0x30; discarded 1 byte(s)
[00:51:55.087] BAD_PACKET[TCP_prs2026hitl_7100] unknown packet ID 0x36; discarded 1 byte(s)
[00:51:55.088] BAD_PACKET[TCP_prs2026hitl_7100] unknown packet ID 0x29; discarded 1 byte(s)
[00:51:55.088] BAD_PACKET[TCP_prs2026hitl_7100] unknown packet ID 0x20; discarded 1 byte(s)
[00:51:55.088] BAD_PACKET[TCP_prs2026hitl_7100] unknown packet ID 0x61; discarded 1 byte(s)
[00:51:55.089] BAD_PACKET[TCP_prs2026hitl_7100] unknown packet ID 0x70; discarded 1 byte(s)
[00:51:55.089] BAD_PACKET[TCP_prs2026hitl_7100] unknown packet ID 0x65; discarded 1 byte(s)
[00:51:55.089] BAD_PACKET[TCP_prs2026hitl_7100] unknown packet ID 0x72; discarded 1 byte(s)
[00:51:55.090] BAD_PACKET[TCP_prs2026hitl_7100] unknown packet ID 0x74; discarded 1 byte(s)
[00:51:55.090] BAD_PACKET[TCP_prs2026hitl_7100] unknown packet ID 0x75; discarded 1 byte(s)
[00:51:55.090] BAD_PACKET[TCP_prs2026hitl_7100] unknown packet ID 0x72; discarded 1 byte(s)
[00:51:55.091] BAD_PACKET[TCP_prs2026hitl_7100] unknown packet ID 0x65; discarded 1 byte(s)
[00:51:55.091] BAD_PACKET[TCP_prs2026hitl_7100] unknown packet ID 0x3a; discarded 1 byte(s)
[00:51:55.092] BAD_PACKET[TCP_prs2026hitl_7100] unknown packet ID 0x20; discarded 1 byte(s)
[00:51:55.092] BAD_PACKET[TCP_prs2026hitl_7100] unknown packet ID 0x53; discarded 1 byte(s)
[00:51:55.092] BAD_PACKET[TCP_prs2026hitl_7100] unknown packet ID 0x65; discarded 1 byte(s)
[00:51:55.092] BAD_PACKET[TCP_prs2026hitl_7100] unknown packet ID 0x6e; discarded 1 byte(s)
[00:51:55.093] BAD_PACKET[TCP_prs2026hitl_7100] unknown packet ID 0x64; discarded 1 byte(s)
[00:51:55.093] BAD_PACKET[TCP_prs2026hitl_7100] unknown packet ID 0x69; discarded 1 byte(s)
[00:51:55.093] BAD_PACKET[TCP_prs2026hitl_7100] unknown packet ID 0x6e; discarded 1 byte(s)
[00:51:55.094] BAD_PACKET[TCP_prs2026hitl_7100] unknown packet ID 0x67; discarded 1 byte(s)
[00:51:55.094] BAD_PACKET[TCP_prs2026hitl_7100] unknown packet ID 0x20; discarded 1 byte(s)
[00:51:55.094] BAD_PACKET[TCP_prs2026hitl_7100] unknown packet ID 0x68; discarded 1 byte(s)
[00:51:55.095] BAD_PACKET[TCP_prs2026hitl_7100] unknown packet ID 0x65; discarded 1 byte(s)
[00:51:55.095] BAD_PACKET[TCP_prs2026hitl_7100] unknown packet ID 0x61; discarded 1 byte(s)
[00:51:55.095] BAD_PACKET[TCP_prs2026hitl_7100] unknown packet ID 0x72; discarded 1 byte(s)
[00:51:55.095] BAD_PACKET[TCP_prs2026hitl_7100] unknown packet ID 0x74; discarded 1 byte(s)
[00:51:55.096] BAD_PACKET[TCP_prs2026hitl_7100] unknown packet ID 0x62; discarded 1 byte(s)
[00:51:55.096] BAD_PACKET[TCP_prs2026hitl_7100] unknown packet ID 0x65; discarded 1 byte(s)
[00:51:55.096] BAD_PACKET[TCP_prs2026hitl_7100] unknown packet ID 0x61; discarded 1 byte(s)
[00:51:55.097] BAD_PACKET[TCP_prs2026hitl_7100] unknown packet ID 0x74; discarded 1 byte(s)
[00:51:55.097] BAD_PACKET[TCP_prs2026hitl_7100] unknown packet ID 0x20; discarded 1 byte(s)
[00:51:55.097] BAD_PACKET[TCP_prs2026hitl_7100] unknown packet ID 0x28; discarded 1 byte(s)
[00:51:55.098] BAD_PACKET[TCP_prs2026hitl_7100] unknown packet ID 0x38; discarded 1 byte(s)
[00:51:55.098] BAD_PACKET[TCP_prs2026hitl_7100] unknown packet ID 0x20; discarded 1 byte(s)
[00:51:55.098] BAD_PACKET[TCP_prs2026hitl_7100] unknown packet ID 0x62; discarded 1 byte(s)
[00:51:55.098] BAD_PACKET[TCP_prs2026hitl_7100] unknown packet ID 0x79; discarded 1 byte(s)
[00:51:55.099] BAD_PACKET[TCP_prs2026hitl_7100] unknown packet ID 0x74; discarded 1 byte(s)
[00:51:55.100] BAD_PACKET[TCP_prs2026hitl_7100] unknown packet ID 0x65; discarded 1 byte(s)
[00:51:55.100] BAD_PACKET[TCP_prs2026hitl_7100] unknown packet ID 0x73; discarded 1 byte(s)
[00:51:55.100] BAD_PACKET[TCP_prs2026hitl_7100] unknown packet ID 0x29; discarded 1 byte(s)
[00:51:55.101] BAD_PACKET[TCP_prs2026hitl_7100] unknown packet ID 0x0d; discarded 1 byte(s)
[00:51:55.101] BAD_PACKET[TCP_prs2026hitl_7100] unknown packet ID 0x0a; discarded 1 byte(s)
[00:51:55.101] RX[TCP_prs2026hitl_7100]  49 20 28 32 32 39 33 33 34 36 29 20 61 70 65 72 74 75 72 65 3a 20 48 65 61 72 74 62 65 61 74 20 73 65 6e 74 0d 0a
[00:51:55.102] BAD_PACKET[TCP_prs2026hitl_7100] unknown packet ID 0x49; discarded 1 byte(s)
[00:51:55.102] BAD_PACKET[TCP_prs2026hitl_7100] unknown packet ID 0x20; discarded 1 byte(s)
[00:51:55.102] BAD_PACKET[TCP_prs2026hitl_7100] unknown packet ID 0x28; discarded 1 byte(s)
[00:51:55.103] BAD_PACKET[TCP_prs2026hitl_7100] unknown packet ID 0x32; discarded 1 byte(s)
[00:51:55.103] BAD_PACKET[TCP_prs2026hitl_7100] unknown packet ID 0x32; discarded 1 byte(s)
[00:51:55.103] BAD_PACKET[TCP_prs2026hitl_7100] unknown packet ID 0x39; discarded 1 byte(s)
[00:51:55.104] BAD_PACKET[TCP_prs2026hitl_7100] unknown packet ID 0x33; discarded 1 byte(s)
[00:51:55.104] BAD_PACKET[TCP_prs2026hitl_7100] unknown packet ID 0x33; discarded 1 byte(s)
[00:51:55.104] BAD_PACKET[TCP_prs2026hitl_7100] unknown packet ID 0x34; discarded 1 byte(s)
[00:51:55.104] BAD_PACKET[TCP_prs2026hitl_7100] unknown packet ID 0x36; discarded 1 byte(s)
[00:51:55.105] BAD_PACKET[TCP_prs2026hitl_7100] unknown packet ID 0x29; discarded 1 byte(s)
[00:51:55.105] BAD_PACKET[TCP_prs2026hitl_7100] unknown packet ID 0x20; discarded 1 byte(s)
[00:51:55.105] BAD_PACKET[TCP_prs2026hitl_7100] unknown packet ID 0x61; discarded 1 byte(s)
[00:51:55.106] BAD_PACKET[TCP_prs2026hitl_7100] unknown packet ID 0x70; discarded 1 byte(s)
[00:51:55.106] BAD_PACKET[TCP_prs2026hitl_7100] unknown packet ID 0x65; discarded 1 byte(s)
[00:51:55.106] BAD_PACKET[TCP_prs2026hitl_7100] unknown packet ID 0x72; discarded 1 byte(s)
[00:51:55.106] BAD_PACKET[TCP_prs2026hitl_7100] unknown packet ID 0x74; discarded 1 byte(s)
[00:51:55.107] BAD_PACKET[TCP_prs2026hitl_7100] unknown packet ID 0x75; discarded 1 byte(s)
[00:51:55.108] BAD_PACKET[TCP_prs2026hitl_7100] unknown packet ID 0x72; discarded 1 byte(s)
[00:51:55.108] BAD_PACKET[TCP_prs2026hitl_7100] unknown packet ID 0x65; discarded 1 byte(s)
[00:51:55.108] BAD_PACKET[TCP_prs2026hitl_7100] unknown packet ID 0x3a; discarded 1 byte(s)
[00:51:55.108] BAD_PACKET[TCP_prs2026hitl_7100] unknown packet ID 0x20; discarded 1 byte(s)
[00:51:55.109] BAD_PACKET[TCP_prs2026hitl_7100] unknown packet ID 0x48; discarded 1 byte(s)
[00:51:55.109] BAD_PACKET[TCP_prs2026hitl_7100] unknown packet ID 0x65; discarded 1 byte(s)
[00:51:55.109] BAD_PACKET[TCP_prs2026hitl_7100] unknown packet ID 0x61; discarded 1 byte(s)
[00:51:55.110] BAD_PACKET[TCP_prs2026hitl_7100] unknown packet ID 0x72; discarded 1 byte(s)
[00:51:55.110] BAD_PACKET[TCP_prs2026hitl_7100] unknown packet ID 0x74; discarded 1 byte(s)
[00:51:55.110] BAD_PACKET[TCP_prs2026hitl_7100] unknown packet ID 0x62; discarded 1 byte(s)
[00:51:55.111] BAD_PACKET[TCP_prs2026hitl_7100] unknown packet ID 0x65; discarded 1 byte(s)
[00:51:55.111] BAD_PACKET[TCP_prs2026hitl_7100] unknown packet ID 0x61; discarded 1 byte(s)
[00:51:55.111] BAD_PACKET[TCP_prs2026hitl_7100] unknown packet ID 0x74; discarded 1 byte(s)
[00:51:55.111] BAD_PACKET[TCP_prs2026hitl_7100] unknown packet ID 0x20; discarded 1 byte(s)
[00:51:55.112] BAD_PACKET[TCP_prs2026hitl_7100] unknown packet ID 0x73; discarded 1 byte(s)
[00:51:55.113] BAD_PACKET[TCP_prs2026hitl_7100] unknown packet ID 0x65; discarded 1 byte(s)
[00:51:55.114] BAD_PACKET[TCP_prs2026hitl_7100] unknown packet ID 0x6e; discarded 1 byte(s)
[00:51:55.114] BAD_PACKET[TCP_prs2026hitl_7100] unknown packet ID 0x74; discarded 1 byte(s)
[00:51:55.114] BAD_PACKET[TCP_prs2026hitl_7100] unknown packet ID 0x0d; discarded 1 byte(s)
[00:51:55.115] BAD_PACKET[TCP_prs2026hitl_7100] unknown packet ID 0x0a; discarded 1 byte(s)
[00:51:55.958] RX[COM21]  03
[00:51:55.959] RX[COM21]  00 00 00 00 00 00 00 00 00 00 d7 17 00 00 00 14 40 0a
[00:51:55.959] PACKET[COM21] camera: fc_status=0, fc_uptime=0, status=0, uptime=55063, current_sense=[0.0, 0.0, 0.0], iris_battery_voltage=5.184
[00:51:56.080] RX[TCP_prs2026hitl_7100]  49 20 28 32 32 39 34 33 30 36 29 20 61 70 65 72 74 75 72 65 3a 20 53 65 6e 64 69 6e 67 20 68 65 61 72 74 62 65 61 74 20 28 38 20 62 79 74 65 73 29 0d 0a
[00:51:56.085] BAD_PACKET[TCP_prs2026hitl_7100] unknown packet ID 0x49; discarded 1 byte(s)
[00:51:56.086] BAD_PACKET[TCP_prs2026hitl_7100] unknown packet ID 0x20; discarded 1 byte(s)
[00:51:56.087] BAD_PACKET[TCP_prs2026hitl_7100] unknown packet ID 0x28; discarded 1 byte(s)
[00:51:56.087] BAD_PACKET[TCP_prs2026hitl_7100] unknown packet ID 0x32; discarded 1 byte(s)
[00:51:56.087] BAD_PACKET[TCP_prs2026hitl_7100] unknown packet ID 0x32; discarded 1 byte(s)
[00:51:56.088] BAD_PACKET[TCP_prs2026hitl_7100] unknown packet ID 0x39; discarded 1 byte(s)
[00:51:56.088] BAD_PACKET[TCP_prs2026hitl_7100] unknown packet ID 0x34; discarded 1 byte(s)
[00:51:56.088] BAD_PACKET[TCP_prs2026hitl_7100] unknown packet ID 0x33; discarded 1 byte(s)
[00:51:56.089] BAD_PACKET[TCP_prs2026hitl_7100] unknown packet ID 0x30; discarded 1 byte(s)
[00:51:56.089] BAD_PACKET[TCP_prs2026hitl_7100] unknown packet ID 0x36; discarded 1 byte(s)
[00:51:56.089] BAD_PACKET[TCP_prs2026hitl_7100] unknown packet ID 0x29; discarded 1 byte(s)
[00:51:56.090] BAD_PACKET[TCP_prs2026hitl_7100] unknown packet ID 0x20; discarded 1 byte(s)
[00:51:56.090] BAD_PACKET[TCP_prs2026hitl_7100] unknown packet ID 0x61; discarded 1 byte(s)
[00:51:56.090] BAD_PACKET[TCP_prs2026hitl_7100] unknown packet ID 0x70; discarded 1 byte(s)
[00:51:56.091] BAD_PACKET[TCP_prs2026hitl_7100] unknown packet ID 0x65; discarded 1 byte(s)
[00:51:56.091] BAD_PACKET[TCP_prs2026hitl_7100] unknown packet ID 0x72; discarded 1 byte(s)
[00:51:56.092] BAD_PACKET[TCP_prs2026hitl_7100] unknown packet ID 0x74; discarded 1 byte(s)
[00:51:56.092] BAD_PACKET[TCP_prs2026hitl_7100] unknown packet ID 0x75; discarded 1 byte(s)
[00:51:56.092] BAD_PACKET[TCP_prs2026hitl_7100] unknown packet ID 0x72; discarded 1 byte(s)
[00:51:56.092] BAD_PACKET[TCP_prs2026hitl_7100] unknown packet ID 0x65; discarded 1 byte(s)
[00:51:56.093] BAD_PACKET[TCP_prs2026hitl_7100] unknown packet ID 0x3a; discarded 1 byte(s)
[00:51:56.093] BAD_PACKET[TCP_prs2026hitl_7100] unknown packet ID 0x20; discarded 1 byte(s)
[00:51:56.093] BAD_PACKET[TCP_prs2026hitl_7100] unknown packet ID 0x53; discarded 1 byte(s)
[00:51:56.094] BAD_PACKET[TCP_prs2026hitl_7100] unknown packet ID 0x65; discarded 1 byte(s)
[00:51:56.094] BAD_PACKET[TCP_prs2026hitl_7100] unknown packet ID 0x6e; discarded 1 byte(s)
[00:51:56.094] BAD_PACKET[TCP_prs2026hitl_7100] unknown packet ID 0x64; discarded 1 byte(s)
[00:51:56.095] BAD_PACKET[TCP_prs2026hitl_7100] unknown packet ID 0x69; discarded 1 byte(s)
[00:51:56.095] BAD_PACKET[TCP_prs2026hitl_7100] unknown packet ID 0x6e; discarded 1 byte(s)
[00:51:56.095] BAD_PACKET[TCP_prs2026hitl_7100] unknown packet ID 0x67; discarded 1 byte(s)
[00:51:56.096] BAD_PACKET[TCP_prs2026hitl_7100] unknown packet ID 0x20; discarded 1 byte(s)
[00:51:56.096] BAD_PACKET[TCP_prs2026hitl_7100] unknown packet ID 0x68; discarded 1 byte(s)
[00:51:56.096] BAD_PACKET[TCP_prs2026hitl_7100] unknown packet ID 0x65; discarded 1 byte(s)
[00:51:56.097] BAD_PACKET[TCP_prs2026hitl_7100] unknown packet ID 0x61; discarded 1 byte(s)
[00:51:56.097] BAD_PACKET[TCP_prs2026hitl_7100] unknown packet ID 0x72; discarded 1 byte(s)
[00:51:56.097] BAD_PACKET[TCP_prs2026hitl_7100] unknown packet ID 0x74; discarded 1 byte(s)
[00:51:56.098] BAD_PACKET[TCP_prs2026hitl_7100] unknown packet ID 0x62; discarded 1 byte(s)
[00:51:56.098] BAD_PACKET[TCP_prs2026hitl_7100] unknown packet ID 0x65; discarded 1 byte(s)
[00:51:56.098] BAD_PACKET[TCP_prs2026hitl_7100] unknown packet ID 0x61; discarded 1 byte(s)
[00:51:56.099] BAD_PACKET[TCP_prs2026hitl_7100] unknown packet ID 0x74; discarded 1 byte(s)
[00:51:56.099] BAD_PACKET[TCP_prs2026hitl_7100] unknown packet ID 0x20; discarded 1 byte(s)
[00:51:56.100] BAD_PACKET[TCP_prs2026hitl_7100] unknown packet ID 0x28; discarded 1 byte(s)
[00:51:56.100] BAD_PACKET[TCP_prs2026hitl_7100] unknown packet ID 0x38; discarded 1 byte(s)
[00:51:56.100] BAD_PACKET[TCP_prs2026hitl_7100] unknown packet ID 0x20; discarded 1 byte(s)
[00:51:56.101] BAD_PACKET[TCP_prs2026hitl_7100] unknown packet ID 0x62; discarded 1 byte(s)
[00:51:56.101] BAD_PACKET[TCP_prs2026hitl_7100] unknown packet ID 0x79; discarded 1 byte(s)
[00:51:56.101] BAD_PACKET[TCP_prs2026hitl_7100] unknown packet ID 0x74; discarded 1 byte(s)
[00:51:56.101] BAD_PACKET[TCP_prs2026hitl_7100] unknown packet ID 0x65; discarded 1 byte(s)
[00:51:56.102] BAD_PACKET[TCP_prs2026hitl_7100] unknown packet ID 0x73; discarded 1 byte(s)
[00:51:56.102] BAD_PACKET[TCP_prs2026hitl_7100] unknown packet ID 0x29; discarded 1 byte(s)
[00:51:56.102] BAD_PACKET[TCP_prs2026hitl_7100] unknown packet ID 0x0d; discarded 1 byte(s)
[00:51:56.103] BAD_PACKET[TCP_prs2026hitl_7100] unknown packet ID 0x0a; discarded 1 byte(s)
[00:51:56.103] RX[TCP_prs2026hitl_7100]  49 20 28 32 32 39 34 33 34 36 29 20 61 70 65 72 74 75 72 65 3a 20 48 65 61 72 74 62 65 61 74 20 73 65 6e 74 0d 0a
[00:51:56.103] BAD_PACKET[TCP_prs2026hitl_7100] unknown packet ID 0x49; discarded 1 byte(s)
[00:51:56.104] BAD_PACKET[TCP_prs2026hitl_7100] unknown packet ID 0x20; discarded 1 byte(s)
[00:51:56.104] BAD_PACKET[TCP_prs2026hitl_7100] unknown packet ID 0x28; discarded 1 byte(s)
[00:51:56.104] BAD_PACKET[TCP_prs2026hitl_7100] unknown packet ID 0x32; discarded 1 byte(s)
[00:51:56.105] BAD_PACKET[TCP_prs2026hitl_7100] unknown packet ID 0x32; discarded 1 byte(s)
[00:51:56.105] BAD_PACKET[TCP_prs2026hitl_7100] unknown packet ID 0x39; discarded 1 byte(s)
[00:51:56.105] BAD_PACKET[TCP_prs2026hitl_7100] unknown packet ID 0x34; discarded 1 byte(s)
[00:51:56.106] BAD_PACKET[TCP_prs2026hitl_7100] unknown packet ID 0x33; discarded 1 byte(s)
[00:51:56.106] BAD_PACKET[TCP_prs2026hitl_7100] unknown packet ID 0x34; discarded 1 byte(s)
[00:51:56.106] BAD_PACKET[TCP_prs2026hitl_7100] unknown packet ID 0x36; discarded 1 byte(s)
[00:51:56.107] BAD_PACKET[TCP_prs2026hitl_7100] unknown packet ID 0x29; discarded 1 byte(s)
[00:51:56.107] BAD_PACKET[TCP_prs2026hitl_7100] unknown packet ID 0x20; discarded 1 byte(s)
[00:51:56.108] BAD_PACKET[TCP_prs2026hitl_7100] unknown packet ID 0x61; discarded 1 byte(s)
[00:51:56.109] BAD_PACKET[TCP_prs2026hitl_7100] unknown packet ID 0x70; discarded 1 byte(s)
[00:51:56.109] BAD_PACKET[TCP_prs2026hitl_7100] unknown packet ID 0x65; discarded 1 byte(s)
[00:51:56.109] BAD_PACKET[TCP_prs2026hitl_7100] unknown packet ID 0x72; discarded 1 byte(s)
[00:51:56.110] BAD_PACKET[TCP_prs2026hitl_7100] unknown packet ID 0x74; discarded 1 byte(s)
[00:51:56.110] BAD_PACKET[TCP_prs2026hitl_7100] unknown packet ID 0x75; discarded 1 byte(s)
[00:51:56.110] BAD_PACKET[TCP_prs2026hitl_7100] unknown packet ID 0x72; discarded 1 byte(s)
[00:51:56.111] BAD_PACKET[TCP_prs2026hitl_7100] unknown packet ID 0x65; discarded 1 byte(s)
[00:51:56.111] BAD_PACKET[TCP_prs2026hitl_7100] unknown packet ID 0x3a; discarded 1 byte(s)
[00:51:56.111] BAD_PACKET[TCP_prs2026hitl_7100] unknown packet ID 0x20; discarded 1 byte(s)
[00:51:56.112] BAD_PACKET[TCP_prs2026hitl_7100] unknown packet ID 0x48; discarded 1 byte(s)
[00:51:56.112] BAD_PACKET[TCP_prs2026hitl_7100] unknown packet ID 0x65; discarded 1 byte(s)
[00:51:56.112] BAD_PACKET[TCP_prs2026hitl_7100] unknown packet ID 0x61; discarded 1 byte(s)
[00:51:56.112] BAD_PACKET[TCP_prs2026hitl_7100] unknown packet ID 0x72; discarded 1 byte(s)
[00:51:56.113] BAD_PACKET[TCP_prs2026hitl_7100] unknown packet ID 0x74; discarded 1 byte(s)
[00:51:56.113] BAD_PACKET[TCP_prs2026hitl_7100] unknown packet ID 0x62; discarded 1 byte(s)
[00:51:56.113] BAD_PACKET[TCP_prs2026hitl_7100] unknown packet ID 0x65; discarded 1 byte(s)
[00:51:56.114] BAD_PACKET[TCP_prs2026hitl_7100] unknown packet ID 0x61; discarded 1 byte(s)
[00:51:56.114] BAD_PACKET[TCP_prs2026hitl_7100] unknown packet ID 0x74; discarded 1 byte(s)
[00:51:56.114] BAD_PACKET[TCP_prs2026hitl_7100] unknown packet ID 0x20; discarded 1 byte(s)
[00:51:56.115] BAD_PACKET[TCP_prs2026hitl_7100] unknown packet ID 0x73; discarded 1 byte(s)
[00:51:56.115] BAD_PACKET[TCP_prs2026hitl_7100] unknown packet ID 0x65; discarded 1 byte(s)
[00:51:56.115] BAD_PACKET[TCP_prs2026hitl_7100] unknown packet ID 0x6e; discarded 1 byte(s)
[00:51:56.116] BAD_PACKET[TCP_prs2026hitl_7100] unknown packet ID 0x74; discarded 1 byte(s)
[00:51:56.116] BAD_PACKET[TCP_prs2026hitl_7100] unknown packet ID 0x0d; discarded 1 byte(s)
[00:51:56.116] BAD_PACKET[TCP_prs2026hitl_7100] unknown packet ID 0x0a; discarded 1 byte(s)
[00:51:56.999] RX[COM21]  03
[00:51:57.003] RX[COM21]  00 00 00 00 00 00 00 00 00 00 da ff 00 00 00 14 40 0a
[00:51:57.005] PACKET[COM21] camera: fc_status=0, fc_uptime=0, status=0, uptime=56063, current_sense=[0.0, 0.0, 0.0], iris_battery_voltage=5.184
[00:51:57.062] RX[TCP_prs2026hitl_7100]  49 20 28 32 32 39 35 33 30 36 29 20 61 70 65 72 74 75 72 65 3a 20 53 65 6e 64 69 6e 67 20 68 65 61 72 74 62 65 61 74 20 28 38 20 62 79 74 65 73 29 0d 0a
[00:51:57.063] BAD_PACKET[TCP_prs2026hitl_7100] unknown packet ID 0x49; discarded 1 byte(s)
[00:51:57.063] BAD_PACKET[TCP_prs2026hitl_7100] unknown packet ID 0x20; discarded 1 byte(s)
[00:51:57.065] BAD_PACKET[TCP_prs2026hitl_7100] unknown packet ID 0x28; discarded 1 byte(s)
[00:51:57.066] BAD_PACKET[TCP_prs2026hitl_7100] unknown packet ID 0x32; discarded 1 byte(s)
[00:51:57.066] BAD_PACKET[TCP_prs2026hitl_7100] unknown packet ID 0x32; discarded 1 byte(s)
[00:51:57.066] BAD_PACKET[TCP_prs2026hitl_7100] unknown packet ID 0x39; discarded 1 byte(s)
[00:51:57.067] BAD_PACKET[TCP_prs2026hitl_7100] unknown packet ID 0x35; discarded 1 byte(s)
[00:51:57.067] BAD_PACKET[TCP_prs2026hitl_7100] unknown packet ID 0x33; discarded 1 byte(s)
[00:51:57.067] BAD_PACKET[TCP_prs2026hitl_7100] unknown packet ID 0x30; discarded 1 byte(s)
[00:51:57.068] BAD_PACKET[TCP_prs2026hitl_7100] unknown packet ID 0x36; discarded 1 byte(s)
[00:51:57.068] BAD_PACKET[TCP_prs2026hitl_7100] unknown packet ID 0x29; discarded 1 byte(s)
[00:51:57.068] BAD_PACKET[TCP_prs2026hitl_7100] unknown packet ID 0x20; discarded 1 byte(s)
[00:51:57.068] BAD_PACKET[TCP_prs2026hitl_7100] unknown packet ID 0x61; discarded 1 byte(s)
[00:51:57.069] BAD_PACKET[TCP_prs2026hitl_7100] unknown packet ID 0x70; discarded 1 byte(s)
[00:51:57.069] BAD_PACKET[TCP_prs2026hitl_7100] unknown packet ID 0x65; discarded 1 byte(s)
[00:51:57.069] BAD_PACKET[TCP_prs2026hitl_7100] unknown packet ID 0x72; discarded 1 byte(s)
[00:51:57.070] BAD_PACKET[TCP_prs2026hitl_7100] unknown packet ID 0x74; discarded 1 byte(s)
[00:51:57.070] BAD_PACKET[TCP_prs2026hitl_7100] unknown packet ID 0x75; discarded 1 byte(s)
[00:51:57.070] BAD_PACKET[TCP_prs2026hitl_7100] unknown packet ID 0x72; discarded 1 byte(s)
[00:51:57.072] BAD_PACKET[TCP_prs2026hitl_7100] unknown packet ID 0x65; discarded 1 byte(s)
[00:51:57.073] BAD_PACKET[TCP_prs2026hitl_7100] unknown packet ID 0x3a; discarded 1 byte(s)
[00:51:57.074] BAD_PACKET[TCP_prs2026hitl_7100] unknown packet ID 0x20; discarded 1 byte(s)
[00:51:57.074] BAD_PACKET[TCP_prs2026hitl_7100] unknown packet ID 0x53; discarded 1 byte(s)
[00:51:57.075] BAD_PACKET[TCP_prs2026hitl_7100] unknown packet ID 0x65; discarded 1 byte(s)
[00:51:57.075] BAD_PACKET[TCP_prs2026hitl_7100] unknown packet ID 0x6e; discarded 1 byte(s)
[00:51:57.075] BAD_PACKET[TCP_prs2026hitl_7100] unknown packet ID 0x64; discarded 1 byte(s)
[00:51:57.075] BAD_PACKET[TCP_prs2026hitl_7100] unknown packet ID 0x69; discarded 1 byte(s)
[00:51:57.076] BAD_PACKET[TCP_prs2026hitl_7100] unknown packet ID 0x6e; discarded 1 byte(s)
[00:51:57.076] BAD_PACKET[TCP_prs2026hitl_7100] unknown packet ID 0x67; discarded 1 byte(s)
[00:51:57.076] BAD_PACKET[TCP_prs2026hitl_7100] unknown packet ID 0x20; discarded 1 byte(s)
[00:51:57.077] BAD_PACKET[TCP_prs2026hitl_7100] unknown packet ID 0x68; discarded 1 byte(s)
[00:51:57.077] BAD_PACKET[TCP_prs2026hitl_7100] unknown packet ID 0x65; discarded 1 byte(s)
[00:51:57.078] BAD_PACKET[TCP_prs2026hitl_7100] unknown packet ID 0x61; discarded 1 byte(s)
[00:51:57.079] BAD_PACKET[TCP_prs2026hitl_7100] unknown packet ID 0x72; discarded 1 byte(s)
[00:51:57.080] BAD_PACKET[TCP_prs2026hitl_7100] unknown packet ID 0x74; discarded 1 byte(s)
[00:51:57.080] BAD_PACKET[TCP_prs2026hitl_7100] unknown packet ID 0x62; discarded 1 byte(s)
[00:51:57.081] BAD_PACKET[TCP_prs2026hitl_7100] unknown packet ID 0x65; discarded 1 byte(s)
[00:51:57.081] BAD_PACKET[TCP_prs2026hitl_7100] unknown packet ID 0x61; discarded 1 byte(s)
[00:51:57.081] BAD_PACKET[TCP_prs2026hitl_7100] unknown packet ID 0x74; discarded 1 byte(s)
[00:51:57.082] BAD_PACKET[TCP_prs2026hitl_7100] unknown packet ID 0x20; discarded 1 byte(s)
[00:51:57.082] BAD_PACKET[TCP_prs2026hitl_7100] unknown packet ID 0x28; discarded 1 byte(s)
[00:51:57.083] BAD_PACKET[TCP_prs2026hitl_7100] unknown packet ID 0x38; discarded 1 byte(s)
[00:51:57.083] BAD_PACKET[TCP_prs2026hitl_7100] unknown packet ID 0x20; discarded 1 byte(s)
[00:51:57.083] BAD_PACKET[TCP_prs2026hitl_7100] unknown packet ID 0x62; discarded 1 byte(s)
[00:51:57.083] BAD_PACKET[TCP_prs2026hitl_7100] unknown packet ID 0x79; discarded 1 byte(s)
[00:51:57.084] BAD_PACKET[TCP_prs2026hitl_7100] unknown packet ID 0x74; discarded 1 byte(s)
[00:51:57.084] BAD_PACKET[TCP_prs2026hitl_7100] unknown packet ID 0x65; discarded 1 byte(s)
[00:51:57.084] BAD_PACKET[TCP_prs2026hitl_7100] unknown packet ID 0x73; discarded 1 byte(s)
[00:51:57.086] BAD_PACKET[TCP_prs2026hitl_7100] unknown packet ID 0x29; discarded 1 byte(s)
[00:51:57.086] BAD_PACKET[TCP_prs2026hitl_7100] unknown packet ID 0x0d; discarded 1 byte(s)
[00:51:57.087] BAD_PACKET[TCP_prs2026hitl_7100] unknown packet ID 0x0a; discarded 1 byte(s)
[00:51:57.141] RX[TCP_prs2026hitl_7100]  49 20 28 32 32 39 35 33 34 36 29 20 61 70 65 72 74 75 72 65 3a 20 48 65 61 72 74 62 65 61 74 20 73 65 6e 74 0d 0a
[00:51:57.142] BAD_PACKET[TCP_prs2026hitl_7100] unknown packet ID 0x49; discarded 1 byte(s)
[00:51:57.142] BAD_PACKET[TCP_prs2026hitl_7100] unknown packet ID 0x20; discarded 1 byte(s)
[00:51:57.143] BAD_PACKET[TCP_prs2026hitl_7100] unknown packet ID 0x28; discarded 1 byte(s)
[00:51:57.143] BAD_PACKET[TCP_prs2026hitl_7100] unknown packet ID 0x32; discarded 1 byte(s)
[00:51:57.143] BAD_PACKET[TCP_prs2026hitl_7100] unknown packet ID 0x32; discarded 1 byte(s)
[00:51:57.144] BAD_PACKET[TCP_prs2026hitl_7100] unknown packet ID 0x39; discarded 1 byte(s)
[00:51:57.144] BAD_PACKET[TCP_prs2026hitl_7100] unknown packet ID 0x35; discarded 1 byte(s)
[00:51:57.144] BAD_PACKET[TCP_prs2026hitl_7100] unknown packet ID 0x33; discarded 1 byte(s)
[00:51:57.145] BAD_PACKET[TCP_prs2026hitl_7100] unknown packet ID 0x34; discarded 1 byte(s)
[00:51:57.145] BAD_PACKET[TCP_prs2026hitl_7100] unknown packet ID 0x36; discarded 1 byte(s)
[00:51:57.145] BAD_PACKET[TCP_prs2026hitl_7100] unknown packet ID 0x29; discarded 1 byte(s)
[00:51:57.145] BAD_PACKET[TCP_prs2026hitl_7100] unknown packet ID 0x20; discarded 1 byte(s)
[00:51:57.146] BAD_PACKET[TCP_prs2026hitl_7100] unknown packet ID 0x61; discarded 1 byte(s)
[00:51:57.146] BAD_PACKET[TCP_prs2026hitl_7100] unknown packet ID 0x70; discarded 1 byte(s)
[00:51:57.146] BAD_PACKET[TCP_prs2026hitl_7100] unknown packet ID 0x65; discarded 1 byte(s)
[00:51:57.147] BAD_PACKET[TCP_prs2026hitl_7100] unknown packet ID 0x72; discarded 1 byte(s)
[00:51:57.147] BAD_PACKET[TCP_prs2026hitl_7100] unknown packet ID 0x74; discarded 1 byte(s)
[00:51:57.147] BAD_PACKET[TCP_prs2026hitl_7100] unknown packet ID 0x75; discarded 1 byte(s)
[00:51:57.148] BAD_PACKET[TCP_prs2026hitl_7100] unknown packet ID 0x72; discarded 1 byte(s)
[00:51:57.148] BAD_PACKET[TCP_prs2026hitl_7100] unknown packet ID 0x65; discarded 1 byte(s)
[00:51:57.148] BAD_PACKET[TCP_prs2026hitl_7100] unknown packet ID 0x3a; discarded 1 byte(s)
[00:51:57.148] BAD_PACKET[TCP_prs2026hitl_7100] unknown packet ID 0x20; discarded 1 byte(s)
[00:51:57.149] BAD_PACKET[TCP_prs2026hitl_7100] unknown packet ID 0x48; discarded 1 byte(s)
[00:51:57.149] BAD_PACKET[TCP_prs2026hitl_7100] unknown packet ID 0x65; discarded 1 byte(s)
[00:51:57.150] BAD_PACKET[TCP_prs2026hitl_7100] unknown packet ID 0x61; discarded 1 byte(s)
[00:51:57.151] BAD_PACKET[TCP_prs2026hitl_7100] unknown packet ID 0x72; discarded 1 byte(s)
[00:51:57.151] BAD_PACKET[TCP_prs2026hitl_7100] unknown packet ID 0x74; discarded 1 byte(s)
[00:51:57.152] BAD_PACKET[TCP_prs2026hitl_7100] unknown packet ID 0x62; discarded 1 byte(s)
[00:51:57.152] BAD_PACKET[TCP_prs2026hitl_7100] unknown packet ID 0x65; discarded 1 byte(s)
[00:51:57.152] BAD_PACKET[TCP_prs2026hitl_7100] unknown packet ID 0x61; discarded 1 byte(s)
[00:51:57.152] BAD_PACKET[TCP_prs2026hitl_7100] unknown packet ID 0x74; discarded 1 byte(s)
[00:51:57.153] BAD_PACKET[TCP_prs2026hitl_7100] unknown packet ID 0x20; discarded 1 byte(s)
[00:51:57.153] BAD_PACKET[TCP_prs2026hitl_7100] unknown packet ID 0x73; discarded 1 byte(s)
[00:51:57.153] BAD_PACKET[TCP_prs2026hitl_7100] unknown packet ID 0x65; discarded 1 byte(s)
[00:51:57.154] BAD_PACKET[TCP_prs2026hitl_7100] unknown packet ID 0x6e; discarded 1 byte(s)
[00:51:57.154] BAD_PACKET[TCP_prs2026hitl_7100] unknown packet ID 0x74; discarded 1 byte(s)
[00:51:57.154] BAD_PACKET[TCP_prs2026hitl_7100] unknown packet ID 0x0d; discarded 1 byte(s)
[00:51:57.155] BAD_PACKET[TCP_prs2026hitl_7100] unknown packet ID 0x0a; discarded 1 byte(s)
[00:51:57.966] RX[COM21]  03
[00:51:57.967] RX[COM21]  00 00 00 00 00 00 00 00 00 00 de e7 00 00 00 14 44 0a
[00:51:57.968] PACKET[COM21] camera: fc_status=0, fc_uptime=0, status=0, uptime=57063, current_sense=[0.0, 0.0, 0.0], iris_battery_voltage=5.188
[00:51:58.069] RX[TCP_prs2026hitl_7100]  49 20 28 32 32 39 36 33 30 36 29 20 61 70 65 72 74 75 72 65 3a 20 53 65 6e 64 69 6e 67 20 68 65 61 72 74 62 65 61 74 20 28 38 20 62 79 74 65 73 29 0d 0a
[00:51:58.069] BAD_PACKET[TCP_prs2026hitl_7100] unknown packet ID 0x49; discarded 1 byte(s)
[00:51:58.069] BAD_PACKET[TCP_prs2026hitl_7100] unknown packet ID 0x20; discarded 1 byte(s)
[00:51:58.070] BAD_PACKET[TCP_prs2026hitl_7100] unknown packet ID 0x28; discarded 1 byte(s)
[00:51:58.070] BAD_PACKET[TCP_prs2026hitl_7100] unknown packet ID 0x32; discarded 1 byte(s)
[00:51:58.070] BAD_PACKET[TCP_prs2026hitl_7100] unknown packet ID 0x32; discarded 1 byte(s)
[00:51:58.071] BAD_PACKET[TCP_prs2026hitl_7100] unknown packet ID 0x39; discarded 1 byte(s)
[00:51:58.071] BAD_PACKET[TCP_prs2026hitl_7100] unknown packet ID 0x36; discarded 1 byte(s)
[00:51:58.071] BAD_PACKET[TCP_prs2026hitl_7100] unknown packet ID 0x33; discarded 1 byte(s)
[00:51:58.071] BAD_PACKET[TCP_prs2026hitl_7100] unknown packet ID 0x30; discarded 1 byte(s)
[00:51:58.072] BAD_PACKET[TCP_prs2026hitl_7100] unknown packet ID 0x36; discarded 1 byte(s)
[00:51:58.072] BAD_PACKET[TCP_prs2026hitl_7100] unknown packet ID 0x29; discarded 1 byte(s)
[00:51:58.072] BAD_PACKET[TCP_prs2026hitl_7100] unknown packet ID 0x20; discarded 1 byte(s)
[00:51:58.073] BAD_PACKET[TCP_prs2026hitl_7100] unknown packet ID 0x61; discarded 1 byte(s)
[00:51:58.073] BAD_PACKET[TCP_prs2026hitl_7100] unknown packet ID 0x70; discarded 1 byte(s)
[00:51:58.073] BAD_PACKET[TCP_prs2026hitl_7100] unknown packet ID 0x65; discarded 1 byte(s)
[00:51:58.074] BAD_PACKET[TCP_prs2026hitl_7100] unknown packet ID 0x72; discarded 1 byte(s)
[00:51:58.075] BAD_PACKET[TCP_prs2026hitl_7100] unknown packet ID 0x74; discarded 1 byte(s)
[00:51:58.075] BAD_PACKET[TCP_prs2026hitl_7100] unknown packet ID 0x75; discarded 1 byte(s)
[00:51:58.076] BAD_PACKET[TCP_prs2026hitl_7100] unknown packet ID 0x72; discarded 1 byte(s)
[00:51:58.076] BAD_PACKET[TCP_prs2026hitl_7100] unknown packet ID 0x65; discarded 1 byte(s)
[00:51:58.076] BAD_PACKET[TCP_prs2026hitl_7100] unknown packet ID 0x3a; discarded 1 byte(s)
[00:51:58.077] BAD_PACKET[TCP_prs2026hitl_7100] unknown packet ID 0x20; discarded 1 byte(s)
[00:51:58.077] BAD_PACKET[TCP_prs2026hitl_7100] unknown packet ID 0x53; discarded 1 byte(s)
[00:51:58.077] BAD_PACKET[TCP_prs2026hitl_7100] unknown packet ID 0x65; discarded 1 byte(s)
[00:51:58.078] BAD_PACKET[TCP_prs2026hitl_7100] unknown packet ID 0x6e; discarded 1 byte(s)
[00:51:58.078] BAD_PACKET[TCP_prs2026hitl_7100] unknown packet ID 0x64; discarded 1 byte(s)
[00:51:58.078] BAD_PACKET[TCP_prs2026hitl_7100] unknown packet ID 0x69; discarded 1 byte(s)
[00:51:58.078] BAD_PACKET[TCP_prs2026hitl_7100] unknown packet ID 0x6e; discarded 1 byte(s)
[00:51:58.079] BAD_PACKET[TCP_prs2026hitl_7100] unknown packet ID 0x67; discarded 1 byte(s)
[00:51:58.079] BAD_PACKET[TCP_prs2026hitl_7100] unknown packet ID 0x20; discarded 1 byte(s)
[00:51:58.079] BAD_PACKET[TCP_prs2026hitl_7100] unknown packet ID 0x68; discarded 1 byte(s)
[00:51:58.080] BAD_PACKET[TCP_prs2026hitl_7100] unknown packet ID 0x65; discarded 1 byte(s)
[00:51:58.080] BAD_PACKET[TCP_prs2026hitl_7100] unknown packet ID 0x61; discarded 1 byte(s)
[00:51:58.080] BAD_PACKET[TCP_prs2026hitl_7100] unknown packet ID 0x72; discarded 1 byte(s)
[00:51:58.081] BAD_PACKET[TCP_prs2026hitl_7100] unknown packet ID 0x74; discarded 1 byte(s)
[00:51:58.082] BAD_PACKET[TCP_prs2026hitl_7100] unknown packet ID 0x62; discarded 1 byte(s)
[00:51:58.082] BAD_PACKET[TCP_prs2026hitl_7100] unknown packet ID 0x65; discarded 1 byte(s)
[00:51:58.083] BAD_PACKET[TCP_prs2026hitl_7100] unknown packet ID 0x61; discarded 1 byte(s)
[00:51:58.083] BAD_PACKET[TCP_prs2026hitl_7100] unknown packet ID 0x74; discarded 1 byte(s)
[00:51:58.083] BAD_PACKET[TCP_prs2026hitl_7100] unknown packet ID 0x20; discarded 1 byte(s)
[00:51:58.084] BAD_PACKET[TCP_prs2026hitl_7100] unknown packet ID 0x28; discarded 1 byte(s)
[00:51:58.084] BAD_PACKET[TCP_prs2026hitl_7100] unknown packet ID 0x38; discarded 1 byte(s)
[00:51:58.085] BAD_PACKET[TCP_prs2026hitl_7100] unknown packet ID 0x20; discarded 1 byte(s)
[00:51:58.085] BAD_PACKET[TCP_prs2026hitl_7100] unknown packet ID 0x62; discarded 1 byte(s)
[00:51:58.085] BAD_PACKET[TCP_prs2026hitl_7100] unknown packet ID 0x79; discarded 1 byte(s)
[00:51:58.085] BAD_PACKET[TCP_prs2026hitl_7100] unknown packet ID 0x74; discarded 1 byte(s)
[00:51:58.086] BAD_PACKET[TCP_prs2026hitl_7100] unknown packet ID 0x65; discarded 1 byte(s)
[00:51:58.086] BAD_PACKET[TCP_prs2026hitl_7100] unknown packet ID 0x73; discarded 1 byte(s)
[00:51:58.086] BAD_PACKET[TCP_prs2026hitl_7100] unknown packet ID 0x29; discarded 1 byte(s)
[00:51:58.087] BAD_PACKET[TCP_prs2026hitl_7100] unknown packet ID 0x0d; discarded 1 byte(s)
[00:51:58.087] BAD_PACKET[TCP_prs2026hitl_7100] unknown packet ID 0x0a; discarded 1 byte(s)
[00:51:58.139] RX[TCP_prs2026hitl_7100]  49 20 28 32 32 39 36 33 34 36 29 20 61 70 65 72 74 75 72 65 3a 20 48 65 61 72 74 62 65 61 74 20 73 65 6e 74 0d 0a
[00:51:58.141] BAD_PACKET[TCP_prs2026hitl_7100] unknown packet ID 0x49; discarded 1 byte(s)
[00:51:58.142] BAD_PACKET[TCP_prs2026hitl_7100] unknown packet ID 0x20; discarded 1 byte(s)
[00:51:58.142] BAD_PACKET[TCP_prs2026hitl_7100] unknown packet ID 0x28; discarded 1 byte(s)
[00:51:58.142] BAD_PACKET[TCP_prs2026hitl_7100] unknown packet ID 0x32; discarded 1 byte(s)
[00:51:58.143] BAD_PACKET[TCP_prs2026hitl_7100] unknown packet ID 0x32; discarded 1 byte(s)
[00:51:58.143] BAD_PACKET[TCP_prs2026hitl_7100] unknown packet ID 0x39; discarded 1 byte(s)
[00:51:58.143] BAD_PACKET[TCP_prs2026hitl_7100] unknown packet ID 0x36; discarded 1 byte(s)
[00:51:58.144] BAD_PACKET[TCP_prs2026hitl_7100] unknown packet ID 0x33; discarded 1 byte(s)
[00:51:58.144] BAD_PACKET[TCP_prs2026hitl_7100] unknown packet ID 0x34; discarded 1 byte(s)
[00:51:58.144] BAD_PACKET[TCP_prs2026hitl_7100] unknown packet ID 0x36; discarded 1 byte(s)
[00:51:58.144] BAD_PACKET[TCP_prs2026hitl_7100] unknown packet ID 0x29; discarded 1 byte(s)
[00:51:58.145] BAD_PACKET[TCP_prs2026hitl_7100] unknown packet ID 0x20; discarded 1 byte(s)
[00:51:58.145] BAD_PACKET[TCP_prs2026hitl_7100] unknown packet ID 0x61; discarded 1 byte(s)
[00:51:58.145] BAD_PACKET[TCP_prs2026hitl_7100] unknown packet ID 0x70; discarded 1 byte(s)
[00:51:58.146] BAD_PACKET[TCP_prs2026hitl_7100] unknown packet ID 0x65; discarded 1 byte(s)
[00:51:58.146] BAD_PACKET[TCP_prs2026hitl_7100] unknown packet ID 0x72; discarded 1 byte(s)
[00:51:58.146] BAD_PACKET[TCP_prs2026hitl_7100] unknown packet ID 0x74; discarded 1 byte(s)
[00:51:58.147] BAD_PACKET[TCP_prs2026hitl_7100] unknown packet ID 0x75; discarded 1 byte(s)
[00:51:58.147] BAD_PACKET[TCP_prs2026hitl_7100] unknown packet ID 0x72; discarded 1 byte(s)
[00:51:58.147] BAD_PACKET[TCP_prs2026hitl_7100] unknown packet ID 0x65; discarded 1 byte(s)
[00:51:58.147] BAD_PACKET[TCP_prs2026hitl_7100] unknown packet ID 0x3a; discarded 1 byte(s)
[00:51:58.148] BAD_PACKET[TCP_prs2026hitl_7100] unknown packet ID 0x20; discarded 1 byte(s)
[00:51:58.148] BAD_PACKET[TCP_prs2026hitl_7100] unknown packet ID 0x48; discarded 1 byte(s)
[00:51:58.148] BAD_PACKET[TCP_prs2026hitl_7100] unknown packet ID 0x65; discarded 1 byte(s)
[00:51:58.149] BAD_PACKET[TCP_prs2026hitl_7100] unknown packet ID 0x61; discarded 1 byte(s)
[00:51:58.149] BAD_PACKET[TCP_prs2026hitl_7100] unknown packet ID 0x72; discarded 1 byte(s)
[00:51:58.150] BAD_PACKET[TCP_prs2026hitl_7100] unknown packet ID 0x74; discarded 1 byte(s)
[00:51:58.150] BAD_PACKET[TCP_prs2026hitl_7100] unknown packet ID 0x62; discarded 1 byte(s)
[00:51:58.150] BAD_PACKET[TCP_prs2026hitl_7100] unknown packet ID 0x65; discarded 1 byte(s)
[00:51:58.151] BAD_PACKET[TCP_prs2026hitl_7100] unknown packet ID 0x61; discarded 1 byte(s)
[00:51:58.151] BAD_PACKET[TCP_prs2026hitl_7100] unknown packet ID 0x74; discarded 1 byte(s)
[00:51:58.151] BAD_PACKET[TCP_prs2026hitl_7100] unknown packet ID 0x20; discarded 1 byte(s)
[00:51:58.151] BAD_PACKET[TCP_prs2026hitl_7100] unknown packet ID 0x73; discarded 1 byte(s)
[00:51:58.152] BAD_PACKET[TCP_prs2026hitl_7100] unknown packet ID 0x65; discarded 1 byte(s)
[00:51:58.152] BAD_PACKET[TCP_prs2026hitl_7100] unknown packet ID 0x6e; discarded 1 byte(s)
[00:51:58.152] BAD_PACKET[TCP_prs2026hitl_7100] unknown packet ID 0x74; discarded 1 byte(s)
[00:51:58.153] BAD_PACKET[TCP_prs2026hitl_7100] unknown packet ID 0x0d; discarded 1 byte(s)
[00:51:58.153] BAD_PACKET[TCP_prs2026hitl_7100] unknown packet ID 0x0a; discarded 1 byte(s)
[00:51:59.002] RX[COM21]  03
[00:51:59.003] RX[COM21]  00 00 00 00 00 00 00 00 00 00 e2 cf 00 00 00 14 40 0a
[00:51:59.003] PACKET[COM21] camera: fc_status=0, fc_uptime=0, status=0, uptime=58063, current_sense=[0.0, 0.0, 0.0], iris_battery_voltage=5.184
