[16:42:40.065] RX[TCP_prs2026hitl_7000]  ff fb 03 ff fd 03 ff fb 01 ff fe 01 ff fd 00 ff fb 00 ff fd 2c
[16:42:40.065] BAD_PACKET[TCP_prs2026hitl_7000] bad EOF for 0xff: expected 0x0a, got 0xfb; payload=fb 03 ff fd 03 ff
[16:42:44.118] RX[TCP_prs2026hitl_7000]  00 25 0a 01 0b 00 00 00 07 7e 00 00 18 00 58 d5 ff ff da 1d 00 24 0a 01 0b 00 00 00 07 e2 00 00 18 00 58 ed ff ff da ff ff d6 00 00 23 0a 00 25 0a 02 10 00 00 00 08 46 00 00 00 00 00 00 00 00 00 00 00
[16:42:44.119] BAD_PACKET[TCP_prs2026hitl_7000] bad EOF for 0x01: expected 0x0a, got 0x7e; payload=ff fe 01 ff fd 00 ff fb 00 ff fd 2c 00 25 0a 01 0b 00 00 00 07
[16:42:44.119] BAD_PACKET[TCP_prs2026hitl_7000] unknown packet ID 0x00; discarded 1 byte
[16:42:44.120] BAD_PACKET[TCP_prs2026hitl_7000] unknown packet ID 0x00; discarded 1 byte
[16:42:44.120] BAD_PACKET[TCP_prs2026hitl_7000] unknown packet ID 0x18; discarded 1 byte
[16:42:44.120] BAD_PACKET[TCP_prs2026hitl_7000] unknown packet ID 0x00; discarded 1 byte
[16:42:44.120] BAD_PACKET[TCP_prs2026hitl_7000] unknown packet ID 0x58; discarded 1 byte
[16:42:44.120] BAD_PACKET[TCP_prs2026hitl_7000] unknown packet ID 0xd5; discarded 1 byte
[16:42:44.120] BAD_PACKET[TCP_prs2026hitl_7000] bad EOF for 0xff: expected 0x0a, got 0x01; payload=ff da 1d 00 24 0a
[16:42:44.120] BAD_PACKET[TCP_prs2026hitl_7000] unknown packet ID 0x0b; discarded 1 byte
[16:42:44.120] BAD_PACKET[TCP_prs2026hitl_7000] unknown packet ID 0x00; discarded 1 byte
[16:42:44.120] BAD_PACKET[TCP_prs2026hitl_7000] unknown packet ID 0x00; discarded 1 byte
[16:42:44.120] BAD_PACKET[TCP_prs2026hitl_7000] unknown packet ID 0x00; discarded 1 byte
[16:42:44.121] BAD_PACKET[TCP_prs2026hitl_7000] unknown packet ID 0x07; discarded 1 byte
[16:42:44.121] BAD_PACKET[TCP_prs2026hitl_7000] unknown packet ID 0xe2; discarded 1 byte
[16:42:44.121] BAD_PACKET[TCP_prs2026hitl_7000] unknown packet ID 0x00; discarded 1 byte
[16:42:44.122] BAD_PACKET[TCP_prs2026hitl_7000] unknown packet ID 0x00; discarded 1 byte
[16:42:44.122] BAD_PACKET[TCP_prs2026hitl_7000] unknown packet ID 0x18; discarded 1 byte
[16:42:44.122] BAD_PACKET[TCP_prs2026hitl_7000] unknown packet ID 0x00; discarded 1 byte
[16:42:44.123] BAD_PACKET[TCP_prs2026hitl_7000] unknown packet ID 0x58; discarded 1 byte
[16:42:44.123] BAD_PACKET[TCP_prs2026hitl_7000] unknown packet ID 0xed; discarded 1 byte
[16:42:44.123] BAD_PACKET[TCP_prs2026hitl_7000] bad EOF for 0xff: expected 0x0a, got 0x00; payload=ff da ff ff d6 00
[16:42:44.123] BAD_PACKET[TCP_prs2026hitl_7000] unknown packet ID 0x23; discarded 1 byte
[16:42:44.124] BAD_PACKET[TCP_prs2026hitl_7000] unknown packet ID 0x0a; discarded 1 byte
[16:42:44.124] BAD_PACKET[TCP_prs2026hitl_7000] unknown packet ID 0x00; discarded 1 byte
[16:42:44.124] BAD_PACKET[TCP_prs2026hitl_7000] unknown packet ID 0x25; discarded 1 byte
[16:42:44.125] BAD_PACKET[TCP_prs2026hitl_7000] unknown packet ID 0x0a; discarded 1 byte
[16:42:44.125] RX[TCP_prs2026hitl_7000]  00 00 00 00 00 00 00 00 00 00 00 00 00 00 00 00 00 00 00 00 00 00 00 00 00 00 00 00 00 00 00 00 00 00 00 00 00 00 00 43 52 29 43 50 0a ff ff 00 00 00 00 08 46 0a 00 25 0a 01 0f 00 00 00 09 0e 00 00 00 00 58 f9 ff ff da 5a ff ff d4 00 18 00 22 0a 00 24 0a 01 0f 00 00 00 09 d6 00 00 0c 00 58 e1 ff ff da 66 ff ff d6 00 14 00 25 0a 01 0b 00 00 00 0a 3a 00 00 0c 00 59 1e 00 23 0a 28 32 01 0b 00 00 00 0a 9e 00 00 25 00 58 d5 ff ff da 29 00 23 0a 00 25 0a 00 24 0a 38 29 01 0f 00 00 00 0b ca 00 00 18 00 58 ed ff ff da 29 00 22 0a 00 25 0a 20 6d 43 fa 5e 40 5e 40 5e 58 5e 40 58 d5 ff ff d9 bb 20 5e 40 5e 40 5e ff ff d5 5e 40 08 20 08 08 20 08 08 20 08 08 20 08 08 20 08 08 20 08 5e 40 4c 5e 5e 08 08 20 08 20 08 20 08 08 08 08 20 08 08 08 20 08 08 20 08 08 20 08 5e 40 25 0a 0a 57 20 28 34 31 39 39 38 29 20 73 65 72 69 61 6c 5f 63 6f 6d 6d 61 6e 64 3a 20 75 6e 6b 6e 6f 77 6e 20 63 6f 6d 6d 61 6e 64 3a 20 28 32 31 38 29 20 4d 43 fa 5e 40 5e 40 5e 58 5e 40 58 d5 ff ff d9 bb 20 5e 40 5e 40 5e ff ff d5 5e 40 08 20 08 08 20 08 08 20 08 08 20 08 08 20 08 08 20 08 5e 40 4c 5e 5e 08 08 20 08 20 08 20 08 08 08 08 20 08 08 08 20 08 08 20 08 08 20 08 5e 40 25 0a 0a 5e 41 5e 4f 5e 40 08 20 08 08 20 08 08 20 08 08 20 08 08 20 08 08 20 08 08 20 08 08 20 08 08 20 08 08 20 08 08 20 08 08 20 08 08 20 08 08 20 08 08 20 08 08 20 08 08 20 08 08 20 08 08 20 08 08 20 08 5e 40 24 0a 0a 5e 41 5e 4f 5e 5e ff ff 58 5e 40 58 ed ff ff da ff ff d6 5e 40 5e 08 5e 40 23 0a 0a 58 08 20 50 46 5e 40 5e 40 5e 40 5e 40 5e 57 20 28 34 32 30 30 38 29 20 73 65 72 69 61 6c 5f 63 6f 6d 6d 61 6e 64 3a 20 75 6e 6b 6e 6f 77 6e 20 63 6f 6d 6d 61 6e 64 3a 20 5e 41 5e 4f 5e 40 08 20 08 08 20 08 08 20 08 08 20 08 08 20 08 08 20 08 08 20 08 08 20 08 08 20 08 08 20 08 08 20 08 08 20 08 08 20 08 08 20 08 08 20 08 08 20 08 08 20 08 08 20 08 08 20 08 08 20 08 5e 40 24 0a 0a 57 20 28 34 32 30 30 38 29 20 73 65 72 69 61 6c 5f 63 6f 6d 6d 61 6e 64 3a 20 75 6e 6b 6e 6f 77 6e 20 63 6f 6d 6d 61 6e 64 3a 20 5e 41 5e 4f 5e 5e ff ff 58 5e 40 58 ed ff ff da ff ff d6 5e 40 5e 08 5e 40 23 0a 0a 43 52 29 43 50 0a 0a ff ff 5e 40 5e 40 5e 40 5e 40 5e 48 46 0a 0a 5e 41 5e 4f 5e 40 5e 40 5e 40 ff ff da 35 ff ff d6 5e 40 08 20 08 08 20 08 08 20 08 08 20 08 08 20 08 08 20 08 08 20 08 08 20 08 08 20 08 08 20 08 08 20 08 20 08 08 20 08 08 20 08 08 20 08 08 20 08 08 08 20 08 08 20 08 08 08 20 08 08 20 08 20 08 08 20 08 08 08 23 0d 0a 5e 41 5e 20 08 20 08 08 20 08 08 20 08 08 20 08 08 20 08 08 20 08 08 20 08 08 20 08 08 20 08 08 57 20 28 34 32 30 30 38 29 20 73 65 72 69 61 6c 5f 63 6f 6d 6d 61 6e 64 3a 20 75 6e 6b 6e 6f 77 6e 20 63 6f 6d 6d 61 6e 64 3a 20 58 08 20 50 46 5e 40 5e 40 5e 40 5e 40 5e 43 52 29 43 50 0d 0a 57 20 28 34 32 30 30 38 29 20 73 65 72 69 61 6c 5f 63 6f 6d 6d 61 6e 64 3a 20 75 6e 6b 6e 6f 77 6e 20 63 6f 6d 6d 61 6e 64 3a 20 ff ff 5e 40 5e 40 5e 40 5e 40 5e 48 46 0d 0a 57 20 28 34 32 30 30 38 29 20 73 65 72 69 61 6c 5f 63 6f 6d 6d 61 6e 64 3a 20 75 6e 6b 6e 6f 77 6e 20 63 6f 6d 6d 61 6e 64 3a 20 5e 41 5e 4f 5e 40 5e 40 5e 40 ff ff da 35 ff ff d6 5e 40 08 20 08 08 20 08 08 20 08 08 01 0b 00 00 00 a3 be 00 00 00 00 59 12 ff ff da 72 ff ff d7 00 28 00 00 0a 20 08 08 20 08 08 20 08 08 20 08 08 20 08 08 20 08 08 20 08 08 20 08 20 08 08 20 08 08 20 08 08 20 08 08 20 08 08 08 20 08 08 20 08 08 08 20 08 08 20 08 20 08 08 20 08 08 08 23 0d 0a 20 08 08 20 08 08 20 08 08 20 08 08 20 08 08 20 08 08 20 08 08 20 08 08 20 08 08 20 08 08 20 08 08 20 08 08 20 08 08 20 08 08 20 08 5e 40 25 0d 0a 31 5e 41 5e 4f 5e 40 5e 40 5e 40 5e 4b 66 5e 40 5e 40 5e 4c 5e 40 58 e1 ff ff da 5e 45 ff ff d7 5e 40 08 20 08 08 20 08 08 20 08 08 20 08 08 20 08 08 20 08 08 20 08 08 20 08 08 20 08 08 20 08 08 20 08 08 20 08 08 20 08 08 20 08 08 20 08 08 20 08
[16:42:44.130] BAD_PACKET[TCP_prs2026hitl_7000] bad EOF for 0x02: expected 0x0a, got 0xff; payload=10 00 00 00 08 46 00 00 00 00 00 00 00 00 00 00 00 00 00 00 00 00 00 00 00 00 00 00 00 00 00 00 00 00 00 00 00 00 00 00 00 00 00 00 00 00 00 00 00 00 00 00 00 00 00 00 43 52 29 43 50 0a
[16:42:44.136] PACKET[TCP_prs2026hitl_7000] heartbeat: status=0, uptime=2118
[16:42:44.142] BAD_PACKET[TCP_prs2026hitl_7000] unknown packet ID 0x00; discarded 1 byte
[16:42:44.153] BAD_PACKET[TCP_prs2026hitl_7000] unknown packet ID 0x25; discarded 1 byte
[16:42:44.157] BAD_PACKET[TCP_prs2026hitl_7000] unknown packet ID 0x0a; discarded 1 byte
[16:42:44.161] BAD_PACKET[TCP_prs2026hitl_7000] bad EOF for 0x01: expected 0x0a, got 0x00; payload=0f 00 00 00 09 0e 00 00 00 00 58 f9 ff ff da 5a ff ff d4 00 18
[16:42:44.165] BAD_PACKET[TCP_prs2026hitl_7000] unknown packet ID 0x22; discarded 1 byte
[16:42:44.169] BAD_PACKET[TCP_prs2026hitl_7000] unknown packet ID 0x0a; discarded 1 byte
[16:42:44.174] BAD_PACKET[TCP_prs2026hitl_7000] unknown packet ID 0x00; discarded 1 byte
[16:42:44.178] BAD_PACKET[TCP_prs2026hitl_7000] unknown packet ID 0x24; discarded 1 byte
[16:42:44.183] BAD_PACKET[TCP_prs2026hitl_7000] unknown packet ID 0x0a; discarded 1 byte
[16:42:44.187] BAD_PACKET[TCP_prs2026hitl_7000] bad EOF for 0x01: expected 0x0a, got 0x00; payload=0f 00 00 00 09 d6 00 00 0c 00 58 e1 ff ff da 66 ff ff d6 00 14
[16:42:44.192] BAD_PACKET[TCP_prs2026hitl_7000] unknown packet ID 0x25; discarded 1 byte
[16:42:44.194] BAD_PACKET[TCP_prs2026hitl_7000] unknown packet ID 0x0a; discarded 1 byte
[16:42:44.194] BAD_PACKET[TCP_prs2026hitl_7000] bad EOF for 0x01: expected 0x0a, got 0x00; payload=0b 00 00 00 0a 3a 00 00 0c 00 59 1e 00 23 0a 28 32 01 0b 00 00
[16:42:44.194] BAD_PACKET[TCP_prs2026hitl_7000] unknown packet ID 0x0a; discarded 1 byte
[16:42:44.195] BAD_PACKET[TCP_prs2026hitl_7000] unknown packet ID 0x9e; discarded 1 byte
[16:42:44.195] BAD_PACKET[TCP_prs2026hitl_7000] unknown packet ID 0x00; discarded 1 byte
[16:42:44.195] BAD_PACKET[TCP_prs2026hitl_7000] unknown packet ID 0x00; discarded 1 byte
[16:42:44.196] BAD_PACKET[TCP_prs2026hitl_7000] unknown packet ID 0x25; discarded 1 byte
[16:42:44.196] BAD_PACKET[TCP_prs2026hitl_7000] unknown packet ID 0x00; discarded 1 byte
[16:42:44.196] BAD_PACKET[TCP_prs2026hitl_7000] unknown packet ID 0x58; discarded 1 byte
[16:42:44.197] BAD_PACKET[TCP_prs2026hitl_7000] unknown packet ID 0xd5; discarded 1 byte
[16:42:44.197] BAD_PACKET[TCP_prs2026hitl_7000] bad EOF for 0xff: expected 0x0a, got 0x00; payload=ff da 29 00 23 0a
[16:42:44.197] BAD_PACKET[TCP_prs2026hitl_7000] unknown packet ID 0x25; discarded 1 byte
[16:42:44.197] BAD_PACKET[TCP_prs2026hitl_7000] unknown packet ID 0x0a; discarded 1 byte
[16:42:44.198] BAD_PACKET[TCP_prs2026hitl_7000] unknown packet ID 0x00; discarded 1 byte
[16:42:44.198] BAD_PACKET[TCP_prs2026hitl_7000] unknown packet ID 0x24; discarded 1 byte
[16:42:44.198] BAD_PACKET[TCP_prs2026hitl_7000] unknown packet ID 0x0a; discarded 1 byte
[16:42:44.199] BAD_PACKET[TCP_prs2026hitl_7000] unknown packet ID 0x38; discarded 1 byte
[16:42:44.199] BAD_PACKET[TCP_prs2026hitl_7000] unknown packet ID 0x29; discarded 1 byte
[16:42:44.199] PACKET[TCP_prs2026hitl_7000] sensors: status=3840, uptime=3018, filtered_accel=[0.00096, 0.9106, -0.00152], gyro=[734.72, 609.98, 2.59]
[16:42:44.200] BAD_PACKET[TCP_prs2026hitl_7000] unknown packet ID 0x20; discarded 1 byte
[16:42:44.200] BAD_PACKET[TCP_prs2026hitl_7000] unknown packet ID 0x6d; discarded 1 byte
[16:42:44.200] BAD_PACKET[TCP_prs2026hitl_7000] unknown packet ID 0x43; discarded 1 byte
[16:42:44.201] BAD_PACKET[TCP_prs2026hitl_7000] unknown packet ID 0xfa; discarded 1 byte
[16:42:44.201] BAD_PACKET[TCP_prs2026hitl_7000] unknown packet ID 0x5e; discarded 1 byte
[16:42:44.201] BAD_PACKET[TCP_prs2026hitl_7000] unknown packet ID 0x40; discarded 1 byte
[16:42:44.202] BAD_PACKET[TCP_prs2026hitl_7000] unknown packet ID 0x5e; discarded 1 byte
[16:42:44.202] BAD_PACKET[TCP_prs2026hitl_7000] unknown packet ID 0x40; discarded 1 byte
[16:42:44.202] BAD_PACKET[TCP_prs2026hitl_7000] unknown packet ID 0x5e; discarded 1 byte
[16:42:44.202] BAD_PACKET[TCP_prs2026hitl_7000] unknown packet ID 0x58; discarded 1 byte
[16:42:44.203] BAD_PACKET[TCP_prs2026hitl_7000] unknown packet ID 0x5e; discarded 1 byte
[16:42:44.203] BAD_PACKET[TCP_prs2026hitl_7000] unknown packet ID 0x40; discarded 1 byte
[16:42:44.203] BAD_PACKET[TCP_prs2026hitl_7000] unknown packet ID 0x58; discarded 1 byte
[16:42:44.204] BAD_PACKET[TCP_prs2026hitl_7000] unknown packet ID 0xd5; discarded 1 byte
[16:42:44.204] BAD_PACKET[TCP_prs2026hitl_7000] bad EOF for 0xff: expected 0x0a, got 0x5e; payload=ff d9 bb 20 5e 40
[16:42:44.204] BAD_PACKET[TCP_prs2026hitl_7000] unknown packet ID 0x40; discarded 1 byte
[16:42:44.204] BAD_PACKET[TCP_prs2026hitl_7000] unknown packet ID 0x5e; discarded 1 byte
[16:42:44.205] BAD_PACKET[TCP_prs2026hitl_7000] bad EOF for 0xff: expected 0x0a, got 0x08; payload=ff d5 5e 40 08 20
[16:42:44.205] BAD_PACKET[TCP_prs2026hitl_7000] unknown packet ID 0x08; discarded 1 byte
[16:42:44.205] BAD_PACKET[TCP_prs2026hitl_7000] unknown packet ID 0x20; discarded 1 byte
[16:42:44.206] BAD_PACKET[TCP_prs2026hitl_7000] unknown packet ID 0x08; discarded 1 byte
[16:42:44.206] BAD_PACKET[TCP_prs2026hitl_7000] unknown packet ID 0x08; discarded 1 byte
[16:42:44.206] BAD_PACKET[TCP_prs2026hitl_7000] unknown packet ID 0x20; discarded 1 byte
[16:42:44.207] BAD_PACKET[TCP_prs2026hitl_7000] unknown packet ID 0x08; discarded 1 byte
[16:42:44.207] BAD_PACKET[TCP_prs2026hitl_7000] unknown packet ID 0x08; discarded 1 byte
[16:42:44.207] BAD_PACKET[TCP_prs2026hitl_7000] unknown packet ID 0x20; discarded 1 byte
[16:42:44.207] BAD_PACKET[TCP_prs2026hitl_7000] unknown packet ID 0x08; discarded 1 byte
[16:42:44.208] BAD_PACKET[TCP_prs2026hitl_7000] unknown packet ID 0x08; discarded 1 byte
[16:42:44.208] BAD_PACKET[TCP_prs2026hitl_7000] unknown packet ID 0x20; discarded 1 byte
[16:42:44.208] BAD_PACKET[TCP_prs2026hitl_7000] unknown packet ID 0x08; discarded 1 byte
[16:42:44.209] BAD_PACKET[TCP_prs2026hitl_7000] unknown packet ID 0x08; discarded 1 byte
[16:42:44.209] BAD_PACKET[TCP_prs2026hitl_7000] unknown packet ID 0x20; discarded 1 byte
[16:42:44.209] BAD_PACKET[TCP_prs2026hitl_7000] unknown packet ID 0x08; discarded 1 byte
[16:42:44.210] BAD_PACKET[TCP_prs2026hitl_7000] unknown packet ID 0x5e; discarded 1 byte
[16:42:44.210] BAD_PACKET[TCP_prs2026hitl_7000] unknown packet ID 0x40; discarded 1 byte
[16:42:44.210] BAD_PACKET[TCP_prs2026hitl_7000] unknown packet ID 0x4c; discarded 1 byte
[16:42:44.211] BAD_PACKET[TCP_prs2026hitl_7000] unknown packet ID 0x5e; discarded 1 byte
[16:42:44.211] BAD_PACKET[TCP_prs2026hitl_7000] unknown packet ID 0x5e; discarded 1 byte
[16:42:44.211] BAD_PACKET[TCP_prs2026hitl_7000] unknown packet ID 0x08; discarded 1 byte
[16:42:44.212] BAD_PACKET[TCP_prs2026hitl_7000] unknown packet ID 0x08; discarded 1 byte
[16:42:44.212] BAD_PACKET[TCP_prs2026hitl_7000] unknown packet ID 0x20; discarded 1 byte
[16:42:44.213] BAD_PACKET[TCP_prs2026hitl_7000] unknown packet ID 0x08; discarded 1 byte
[16:42:44.213] BAD_PACKET[TCP_prs2026hitl_7000] unknown packet ID 0x20; discarded 1 byte
[16:42:44.214] BAD_PACKET[TCP_prs2026hitl_7000] unknown packet ID 0x08; discarded 1 byte
[16:42:44.214] BAD_PACKET[TCP_prs2026hitl_7000] unknown packet ID 0x20; discarded 1 byte
[16:42:44.215] BAD_PACKET[TCP_prs2026hitl_7000] unknown packet ID 0x08; discarded 1 byte
[16:42:44.215] BAD_PACKET[TCP_prs2026hitl_7000] unknown packet ID 0x08; discarded 1 byte
[16:42:44.215] BAD_PACKET[TCP_prs2026hitl_7000] unknown packet ID 0x08; discarded 1 byte
[16:42:44.216] BAD_PACKET[TCP_prs2026hitl_7000] unknown packet ID 0x08; discarded 1 byte
[16:42:44.216] BAD_PACKET[TCP_prs2026hitl_7000] unknown packet ID 0x20; discarded 1 byte
[16:42:44.216] BAD_PACKET[TCP_prs2026hitl_7000] unknown packet ID 0x08; discarded 1 byte
[16:42:44.217] BAD_PACKET[TCP_prs2026hitl_7000] unknown packet ID 0x08; discarded 1 byte
[16:42:44.217] BAD_PACKET[TCP_prs2026hitl_7000] unknown packet ID 0x08; discarded 1 byte
[16:42:44.217] BAD_PACKET[TCP_prs2026hitl_7000] unknown packet ID 0x20; discarded 1 byte
[16:42:44.217] BAD_PACKET[TCP_prs2026hitl_7000] unknown packet ID 0x08; discarded 1 byte
[16:42:44.218] BAD_PACKET[TCP_prs2026hitl_7000] unknown packet ID 0x08; discarded 1 byte
[16:42:44.218] BAD_PACKET[TCP_prs2026hitl_7000] unknown packet ID 0x20; discarded 1 byte
[16:42:44.218] BAD_PACKET[TCP_prs2026hitl_7000] unknown packet ID 0x08; discarded 1 byte
[16:42:44.219] BAD_PACKET[TCP_prs2026hitl_7000] unknown packet ID 0x08; discarded 1 byte
[16:42:44.219] BAD_PACKET[TCP_prs2026hitl_7000] unknown packet ID 0x20; discarded 1 byte
[16:42:44.219] BAD_PACKET[TCP_prs2026hitl_7000] unknown packet ID 0x08; discarded 1 byte
[16:42:44.220] BAD_PACKET[TCP_prs2026hitl_7000] unknown packet ID 0x5e; discarded 1 byte
[16:42:44.220] BAD_PACKET[TCP_prs2026hitl_7000] unknown packet ID 0x40; discarded 1 byte
[16:42:44.220] BAD_PACKET[TCP_prs2026hitl_7000] unknown packet ID 0x25; discarded 1 byte
[16:42:44.220] BAD_PACKET[TCP_prs2026hitl_7000] unknown packet ID 0x0a; discarded 1 byte
[16:42:44.221] BAD_PACKET[TCP_prs2026hitl_7000] unknown packet ID 0x0a; discarded 1 byte
[16:42:44.221] BAD_PACKET[TCP_prs2026hitl_7000] unknown packet ID 0x57; discarded 1 byte
[16:42:44.221] BAD_PACKET[TCP_prs2026hitl_7000] unknown packet ID 0x20; discarded 1 byte
[16:42:44.222] BAD_PACKET[TCP_prs2026hitl_7000] unknown packet ID 0x28; discarded 1 byte
[16:42:44.222] BAD_PACKET[TCP_prs2026hitl_7000] unknown packet ID 0x34; discarded 1 byte
[16:42:44.222] BAD_PACKET[TCP_prs2026hitl_7000] unknown packet ID 0x31; discarded 1 byte
[16:42:44.223] BAD_PACKET[TCP_prs2026hitl_7000] unknown packet ID 0x39; discarded 1 byte
[16:42:44.223] BAD_PACKET[TCP_prs2026hitl_7000] unknown packet ID 0x39; discarded 1 byte
[16:42:44.223] BAD_PACKET[TCP_prs2026hitl_7000] unknown packet ID 0x38; discarded 1 byte
[16:42:44.224] BAD_PACKET[TCP_prs2026hitl_7000] unknown packet ID 0x29; discarded 1 byte
[16:42:44.224] BAD_PACKET[TCP_prs2026hitl_7000] unknown packet ID 0x20; discarded 1 byte
[16:42:44.224] BAD_PACKET[TCP_prs2026hitl_7000] unknown packet ID 0x73; discarded 1 byte
[16:42:44.224] BAD_PACKET[TCP_prs2026hitl_7000] unknown packet ID 0x65; discarded 1 byte
[16:42:44.225] BAD_PACKET[TCP_prs2026hitl_7000] unknown packet ID 0x72; discarded 1 byte
[16:42:44.225] BAD_PACKET[TCP_prs2026hitl_7000] unknown packet ID 0x69; discarded 1 byte
[16:42:44.225] BAD_PACKET[TCP_prs2026hitl_7000] unknown packet ID 0x61; discarded 1 byte
[16:42:44.226] BAD_PACKET[TCP_prs2026hitl_7000] unknown packet ID 0x6c; discarded 1 byte
[16:42:44.226] BAD_PACKET[TCP_prs2026hitl_7000] unknown packet ID 0x5f; discarded 1 byte
[16:42:44.226] BAD_PACKET[TCP_prs2026hitl_7000] unknown packet ID 0x63; discarded 1 byte
[16:42:44.227] BAD_PACKET[TCP_prs2026hitl_7000] unknown packet ID 0x6f; discarded 1 byte
[16:42:44.227] BAD_PACKET[TCP_prs2026hitl_7000] unknown packet ID 0x6d; discarded 1 byte
[16:42:44.227] BAD_PACKET[TCP_prs2026hitl_7000] unknown packet ID 0x6d; discarded 1 byte
[16:42:44.227] BAD_PACKET[TCP_prs2026hitl_7000] unknown packet ID 0x61; discarded 1 byte
[16:42:44.228] BAD_PACKET[TCP_prs2026hitl_7000] unknown packet ID 0x6e; discarded 1 byte
[16:42:44.228] BAD_PACKET[TCP_prs2026hitl_7000] unknown packet ID 0x64; discarded 1 byte
[16:42:44.228] BAD_PACKET[TCP_prs2026hitl_7000] unknown packet ID 0x3a; discarded 1 byte
[16:42:44.229] BAD_PACKET[TCP_prs2026hitl_7000] unknown packet ID 0x20; discarded 1 byte
[16:42:44.229] BAD_PACKET[TCP_prs2026hitl_7000] unknown packet ID 0x75; discarded 1 byte
[16:42:44.229] BAD_PACKET[TCP_prs2026hitl_7000] unknown packet ID 0x6e; discarded 1 byte
[16:42:44.229] BAD_PACKET[TCP_prs2026hitl_7000] unknown packet ID 0x6b; discarded 1 byte
[16:42:44.230] BAD_PACKET[TCP_prs2026hitl_7000] unknown packet ID 0x6e; discarded 1 byte
[16:42:44.230] BAD_PACKET[TCP_prs2026hitl_7000] unknown packet ID 0x6f; discarded 1 byte
[16:42:44.230] BAD_PACKET[TCP_prs2026hitl_7000] unknown packet ID 0x77; discarded 1 byte
[16:42:44.231] BAD_PACKET[TCP_prs2026hitl_7000] unknown packet ID 0x6e; discarded 1 byte
[16:42:44.231] BAD_PACKET[TCP_prs2026hitl_7000] unknown packet ID 0x20; discarded 1 byte
[16:42:44.231] BAD_PACKET[TCP_prs2026hitl_7000] unknown packet ID 0x63; discarded 1 byte
[16:42:44.232] BAD_PACKET[TCP_prs2026hitl_7000] unknown packet ID 0x6f; discarded 1 byte
[16:42:44.232] BAD_PACKET[TCP_prs2026hitl_7000] unknown packet ID 0x6d; discarded 1 byte
[16:42:44.232] BAD_PACKET[TCP_prs2026hitl_7000] unknown packet ID 0x6d; discarded 1 byte
[16:42:44.233] BAD_PACKET[TCP_prs2026hitl_7000] unknown packet ID 0x61; discarded 1 byte
[16:42:44.233] BAD_PACKET[TCP_prs2026hitl_7000] unknown packet ID 0x6e; discarded 1 byte
[16:42:44.233] BAD_PACKET[TCP_prs2026hitl_7000] unknown packet ID 0x64; discarded 1 byte
[16:42:44.233] BAD_PACKET[TCP_prs2026hitl_7000] unknown packet ID 0x3a; discarded 1 byte
[16:42:44.234] BAD_PACKET[TCP_prs2026hitl_7000] unknown packet ID 0x20; discarded 1 byte
[16:42:44.234] BAD_PACKET[TCP_prs2026hitl_7000] unknown packet ID 0x28; discarded 1 byte
[16:42:44.234] BAD_PACKET[TCP_prs2026hitl_7000] unknown packet ID 0x32; discarded 1 byte
[16:42:44.235] BAD_PACKET[TCP_prs2026hitl_7000] unknown packet ID 0x31; discarded 1 byte
[16:42:44.235] BAD_PACKET[TCP_prs2026hitl_7000] unknown packet ID 0x38; discarded 1 byte
[16:42:44.235] BAD_PACKET[TCP_prs2026hitl_7000] unknown packet ID 0x29; discarded 1 byte
[16:42:44.236] BAD_PACKET[TCP_prs2026hitl_7000] unknown packet ID 0x20; discarded 1 byte
[16:42:44.236] BAD_PACKET[TCP_prs2026hitl_7000] unknown packet ID 0x4d; discarded 1 byte
[16:42:44.236] BAD_PACKET[TCP_prs2026hitl_7000] unknown packet ID 0x43; discarded 1 byte
[16:42:44.237] BAD_PACKET[TCP_prs2026hitl_7000] unknown packet ID 0xfa; discarded 1 byte
[16:42:44.237] BAD_PACKET[TCP_prs2026hitl_7000] unknown packet ID 0x5e; discarded 1 byte
[16:42:44.239] BAD_PACKET[TCP_prs2026hitl_7000] unknown packet ID 0x40; discarded 1 byte
[16:42:44.239] BAD_PACKET[TCP_prs2026hitl_7000] unknown packet ID 0x5e; discarded 1 byte
[16:42:44.239] BAD_PACKET[TCP_prs2026hitl_7000] unknown packet ID 0x40; discarded 1 byte
[16:42:44.240] BAD_PACKET[TCP_prs2026hitl_7000] unknown packet ID 0x5e; discarded 1 byte
[16:42:44.240] BAD_PACKET[TCP_prs2026hitl_7000] unknown packet ID 0x58; discarded 1 byte
[16:42:44.240] BAD_PACKET[TCP_prs2026hitl_7000] unknown packet ID 0x5e; discarded 1 byte
[16:42:44.240] BAD_PACKET[TCP_prs2026hitl_7000] unknown packet ID 0x40; discarded 1 byte
[16:42:44.241] BAD_PACKET[TCP_prs2026hitl_7000] unknown packet ID 0x58; discarded 1 byte
[16:42:44.241] BAD_PACKET[TCP_prs2026hitl_7000] unknown packet ID 0xd5; discarded 1 byte
[16:42:44.241] BAD_PACKET[TCP_prs2026hitl_7000] bad EOF for 0xff: expected 0x0a, got 0x5e; payload=ff d9 bb 20 5e 40
[16:42:44.242] BAD_PACKET[TCP_prs2026hitl_7000] unknown packet ID 0x40; discarded 1 byte
[16:42:44.242] BAD_PACKET[TCP_prs2026hitl_7000] unknown packet ID 0x5e; discarded 1 byte
[16:42:44.242] BAD_PACKET[TCP_prs2026hitl_7000] bad EOF for 0xff: expected 0x0a, got 0x08; payload=ff d5 5e 40 08 20
[16:42:44.242] BAD_PACKET[TCP_prs2026hitl_7000] unknown packet ID 0x08; discarded 1 byte
[16:42:44.243] BAD_PACKET[TCP_prs2026hitl_7000] unknown packet ID 0x20; discarded 1 byte
[16:42:44.243] BAD_PACKET[TCP_prs2026hitl_7000] unknown packet ID 0x08; discarded 1 byte
[16:42:44.243] BAD_PACKET[TCP_prs2026hitl_7000] unknown packet ID 0x08; discarded 1 byte
[16:42:44.244] BAD_PACKET[TCP_prs2026hitl_7000] unknown packet ID 0x20; discarded 1 byte
[16:42:44.244] BAD_PACKET[TCP_prs2026hitl_7000] unknown packet ID 0x08; discarded 1 byte
[16:42:44.244] BAD_PACKET[TCP_prs2026hitl_7000] unknown packet ID 0x08; discarded 1 byte
[16:42:44.245] BAD_PACKET[TCP_prs2026hitl_7000] unknown packet ID 0x20; discarded 1 byte
[16:42:44.245] BAD_PACKET[TCP_prs2026hitl_7000] unknown packet ID 0x08; discarded 1 byte
[16:42:44.245] BAD_PACKET[TCP_prs2026hitl_7000] unknown packet ID 0x08; discarded 1 byte
[16:42:44.245] BAD_PACKET[TCP_prs2026hitl_7000] unknown packet ID 0x20; discarded 1 byte
[16:42:44.246] BAD_PACKET[TCP_prs2026hitl_7000] unknown packet ID 0x08; discarded 1 byte
[16:42:44.246] BAD_PACKET[TCP_prs2026hitl_7000] unknown packet ID 0x08; discarded 1 byte
[16:42:44.246] BAD_PACKET[TCP_prs2026hitl_7000] unknown packet ID 0x20; discarded 1 byte
[16:42:44.247] BAD_PACKET[TCP_prs2026hitl_7000] unknown packet ID 0x08; discarded 1 byte
[16:42:44.247] BAD_PACKET[TCP_prs2026hitl_7000] unknown packet ID 0x5e; discarded 1 byte
[16:42:44.247] BAD_PACKET[TCP_prs2026hitl_7000] unknown packet ID 0x40; discarded 1 byte
[16:42:44.248] BAD_PACKET[TCP_prs2026hitl_7000] unknown packet ID 0x4c; discarded 1 byte
[16:42:44.248] BAD_PACKET[TCP_prs2026hitl_7000] unknown packet ID 0x5e; discarded 1 byte
[16:42:44.248] BAD_PACKET[TCP_prs2026hitl_7000] unknown packet ID 0x5e; discarded 1 byte
[16:42:44.248] BAD_PACKET[TCP_prs2026hitl_7000] unknown packet ID 0x08; discarded 1 byte
[16:42:44.249] BAD_PACKET[TCP_prs2026hitl_7000] unknown packet ID 0x08; discarded 1 byte
[16:42:44.249] BAD_PACKET[TCP_prs2026hitl_7000] unknown packet ID 0x20; discarded 1 byte
[16:42:44.249] BAD_PACKET[TCP_prs2026hitl_7000] unknown packet ID 0x08; discarded 1 byte
[16:42:44.250] BAD_PACKET[TCP_prs2026hitl_7000] unknown packet ID 0x20; discarded 1 byte
[16:42:44.250] BAD_PACKET[TCP_prs2026hitl_7000] unknown packet ID 0x08; discarded 1 byte
[16:42:44.250] BAD_PACKET[TCP_prs2026hitl_7000] unknown packet ID 0x20; discarded 1 byte
[16:42:44.250] BAD_PACKET[TCP_prs2026hitl_7000] unknown packet ID 0x08; discarded 1 byte
[16:42:44.251] BAD_PACKET[TCP_prs2026hitl_7000] unknown packet ID 0x08; discarded 1 byte
[16:42:44.251] BAD_PACKET[TCP_prs2026hitl_7000] unknown packet ID 0x08; discarded 1 byte
[16:42:44.251] BAD_PACKET[TCP_prs2026hitl_7000] unknown packet ID 0x08; discarded 1 byte
[16:42:44.252] BAD_PACKET[TCP_prs2026hitl_7000] unknown packet ID 0x20; discarded 1 byte
[16:42:44.252] BAD_PACKET[TCP_prs2026hitl_7000] unknown packet ID 0x08; discarded 1 byte
[16:42:44.253] BAD_PACKET[TCP_prs2026hitl_7000] unknown packet ID 0x08; discarded 1 byte
[16:42:44.253] BAD_PACKET[TCP_prs2026hitl_7000] unknown packet ID 0x08; discarded 1 byte
[16:42:44.254] BAD_PACKET[TCP_prs2026hitl_7000] unknown packet ID 0x20; discarded 1 byte
[16:42:44.254] BAD_PACKET[TCP_prs2026hitl_7000] unknown packet ID 0x08; discarded 1 byte
[16:42:44.254] BAD_PACKET[TCP_prs2026hitl_7000] unknown packet ID 0x08; discarded 1 byte
[16:42:44.255] BAD_PACKET[TCP_prs2026hitl_7000] unknown packet ID 0x20; discarded 1 byte
[16:42:44.257] BAD_PACKET[TCP_prs2026hitl_7000] unknown packet ID 0x08; discarded 1 byte
[16:42:44.257] BAD_PACKET[TCP_prs2026hitl_7000] unknown packet ID 0x08; discarded 1 byte
[16:42:44.258] BAD_PACKET[TCP_prs2026hitl_7000] unknown packet ID 0x20; discarded 1 byte
[16:42:44.258] BAD_PACKET[TCP_prs2026hitl_7000] unknown packet ID 0x08; discarded 1 byte
[16:42:44.258] BAD_PACKET[TCP_prs2026hitl_7000] unknown packet ID 0x5e; discarded 1 byte
[16:42:44.259] BAD_PACKET[TCP_prs2026hitl_7000] unknown packet ID 0x40; discarded 1 byte
[16:42:44.259] BAD_PACKET[TCP_prs2026hitl_7000] unknown packet ID 0x25; discarded 1 byte
[16:42:44.259] BAD_PACKET[TCP_prs2026hitl_7000] unknown packet ID 0x0a; discarded 1 byte
[16:42:44.260] BAD_PACKET[TCP_prs2026hitl_7000] unknown packet ID 0x0a; discarded 1 byte
[16:42:44.262] BAD_PACKET[TCP_prs2026hitl_7000] unknown packet ID 0x5e; discarded 1 byte
[16:42:44.263] BAD_PACKET[TCP_prs2026hitl_7000] unknown packet ID 0x41; discarded 1 byte
[16:42:44.263] BAD_PACKET[TCP_prs2026hitl_7000] unknown packet ID 0x5e; discarded 1 byte
[16:42:44.264] BAD_PACKET[TCP_prs2026hitl_7000] unknown packet ID 0x4f; discarded 1 byte
[16:42:44.264] BAD_PACKET[TCP_prs2026hitl_7000] unknown packet ID 0x5e; discarded 1 byte
[16:42:44.265] BAD_PACKET[TCP_prs2026hitl_7000] unknown packet ID 0x40; discarded 1 byte
[16:42:44.265] BAD_PACKET[TCP_prs2026hitl_7000] unknown packet ID 0x08; discarded 1 byte
[16:42:44.265] BAD_PACKET[TCP_prs2026hitl_7000] unknown packet ID 0x20; discarded 1 byte
[16:42:44.266] BAD_PACKET[TCP_prs2026hitl_7000] unknown packet ID 0x08; discarded 1 byte
[16:42:44.266] BAD_PACKET[TCP_prs2026hitl_7000] unknown packet ID 0x08; discarded 1 byte
[16:42:44.266] BAD_PACKET[TCP_prs2026hitl_7000] unknown packet ID 0x20; discarded 1 byte
[16:42:44.266] BAD_PACKET[TCP_prs2026hitl_7000] unknown packet ID 0x08; discarded 1 byte
[16:42:44.267] BAD_PACKET[TCP_prs2026hitl_7000] unknown packet ID 0x08; discarded 1 byte
[16:42:44.267] BAD_PACKET[TCP_prs2026hitl_7000] unknown packet ID 0x20; discarded 1 byte
[16:42:44.267] BAD_PACKET[TCP_prs2026hitl_7000] unknown packet ID 0x08; discarded 1 byte
[16:42:44.268] BAD_PACKET[TCP_prs2026hitl_7000] unknown packet ID 0x08; discarded 1 byte
[16:42:44.268] BAD_PACKET[TCP_prs2026hitl_7000] unknown packet ID 0x20; discarded 1 byte
[16:42:44.268] BAD_PACKET[TCP_prs2026hitl_7000] unknown packet ID 0x08; discarded 1 byte
[16:42:44.269] BAD_PACKET[TCP_prs2026hitl_7000] unknown packet ID 0x08; discarded 1 byte
[16:42:44.269] BAD_PACKET[TCP_prs2026hitl_7000] unknown packet ID 0x20; discarded 1 byte
[16:42:44.269] BAD_PACKET[TCP_prs2026hitl_7000] unknown packet ID 0x08; discarded 1 byte
[16:42:44.270] BAD_PACKET[TCP_prs2026hitl_7000] unknown packet ID 0x08; discarded 1 byte
[16:42:44.270] BAD_PACKET[TCP_prs2026hitl_7000] unknown packet ID 0x20; discarded 1 byte
[16:42:44.270] BAD_PACKET[TCP_prs2026hitl_7000] unknown packet ID 0x08; discarded 1 byte
[16:42:44.271] BAD_PACKET[TCP_prs2026hitl_7000] unknown packet ID 0x08; discarded 1 byte
[16:42:44.271] BAD_PACKET[TCP_prs2026hitl_7000] unknown packet ID 0x20; discarded 1 byte
[16:42:44.271] BAD_PACKET[TCP_prs2026hitl_7000] unknown packet ID 0x08; discarded 1 byte
[16:42:44.272] BAD_PACKET[TCP_prs2026hitl_7000] unknown packet ID 0x08; discarded 1 byte
[16:42:44.272] BAD_PACKET[TCP_prs2026hitl_7000] unknown packet ID 0x20; discarded 1 byte
[16:42:44.272] BAD_PACKET[TCP_prs2026hitl_7000] unknown packet ID 0x08; discarded 1 byte
[16:42:44.273] BAD_PACKET[TCP_prs2026hitl_7000] unknown packet ID 0x08; discarded 1 byte
[16:42:44.273] BAD_PACKET[TCP_prs2026hitl_7000] unknown packet ID 0x20; discarded 1 byte
[16:42:44.273] BAD_PACKET[TCP_prs2026hitl_7000] unknown packet ID 0x08; discarded 1 byte
[16:42:44.274] BAD_PACKET[TCP_prs2026hitl_7000] unknown packet ID 0x08; discarded 1 byte
[16:42:44.274] BAD_PACKET[TCP_prs2026hitl_7000] unknown packet ID 0x20; discarded 1 byte
[16:42:44.274] BAD_PACKET[TCP_prs2026hitl_7000] unknown packet ID 0x08; discarded 1 byte
[16:42:44.275] BAD_PACKET[TCP_prs2026hitl_7000] unknown packet ID 0x08; discarded 1 byte
[16:42:44.275] BAD_PACKET[TCP_prs2026hitl_7000] unknown packet ID 0x20; discarded 1 byte
[16:42:44.275] BAD_PACKET[TCP_prs2026hitl_7000] unknown packet ID 0x08; discarded 1 byte
[16:42:44.275] BAD_PACKET[TCP_prs2026hitl_7000] unknown packet ID 0x08; discarded 1 byte
[16:42:44.276] BAD_PACKET[TCP_prs2026hitl_7000] unknown packet ID 0x20; discarded 1 byte
[16:42:44.276] BAD_PACKET[TCP_prs2026hitl_7000] unknown packet ID 0x08; discarded 1 byte
[16:42:44.276] BAD_PACKET[TCP_prs2026hitl_7000] unknown packet ID 0x08; discarded 1 byte
[16:42:44.277] BAD_PACKET[TCP_prs2026hitl_7000] unknown packet ID 0x20; discarded 1 byte
[16:42:44.277] BAD_PACKET[TCP_prs2026hitl_7000] unknown packet ID 0x08; discarded 1 byte
[16:42:44.277] BAD_PACKET[TCP_prs2026hitl_7000] unknown packet ID 0x08; discarded 1 byte
[16:42:44.278] BAD_PACKET[TCP_prs2026hitl_7000] unknown packet ID 0x20; discarded 1 byte
[16:42:44.278] BAD_PACKET[TCP_prs2026hitl_7000] unknown packet ID 0x08; discarded 1 byte
[16:42:44.278] BAD_PACKET[TCP_prs2026hitl_7000] unknown packet ID 0x08; discarded 1 byte
[16:42:44.278] BAD_PACKET[TCP_prs2026hitl_7000] unknown packet ID 0x20; discarded 1 byte
[16:42:44.279] BAD_PACKET[TCP_prs2026hitl_7000] unknown packet ID 0x08; discarded 1 byte
[16:42:44.279] BAD_PACKET[TCP_prs2026hitl_7000] unknown packet ID 0x08; discarded 1 byte
[16:42:44.279] BAD_PACKET[TCP_prs2026hitl_7000] unknown packet ID 0x20; discarded 1 byte
[16:42:44.280] BAD_PACKET[TCP_prs2026hitl_7000] unknown packet ID 0x08; discarded 1 byte
[16:42:44.280] BAD_PACKET[TCP_prs2026hitl_7000] unknown packet ID 0x08; discarded 1 byte
[16:42:44.280] BAD_PACKET[TCP_prs2026hitl_7000] unknown packet ID 0x20; discarded 1 byte
[16:42:44.281] BAD_PACKET[TCP_prs2026hitl_7000] unknown packet ID 0x08; discarded 1 byte
[16:42:44.281] BAD_PACKET[TCP_prs2026hitl_7000] unknown packet ID 0x08; discarded 1 byte
[16:42:44.281] BAD_PACKET[TCP_prs2026hitl_7000] unknown packet ID 0x20; discarded 1 byte
[16:42:44.281] BAD_PACKET[TCP_prs2026hitl_7000] unknown packet ID 0x08; discarded 1 byte
[16:42:44.282] BAD_PACKET[TCP_prs2026hitl_7000] unknown packet ID 0x08; discarded 1 byte
[16:42:44.282] BAD_PACKET[TCP_prs2026hitl_7000] unknown packet ID 0x20; discarded 1 byte
[16:42:44.282] BAD_PACKET[TCP_prs2026hitl_7000] unknown packet ID 0x08; discarded 1 byte
[16:42:44.283] BAD_PACKET[TCP_prs2026hitl_7000] unknown packet ID 0x08; discarded 1 byte
[16:42:44.283] BAD_PACKET[TCP_prs2026hitl_7000] unknown packet ID 0x20; discarded 1 byte
[16:42:44.284] BAD_PACKET[TCP_prs2026hitl_7000] unknown packet ID 0x08; discarded 1 byte
[16:42:44.284] BAD_PACKET[TCP_prs2026hitl_7000] unknown packet ID 0x5e; discarded 1 byte
[16:42:44.284] BAD_PACKET[TCP_prs2026hitl_7000] unknown packet ID 0x40; discarded 1 byte
[16:42:44.285] BAD_PACKET[TCP_prs2026hitl_7000] unknown packet ID 0x24; discarded 1 byte
[16:42:44.285] BAD_PACKET[TCP_prs2026hitl_7000] unknown packet ID 0x0a; discarded 1 byte
[16:42:44.286] BAD_PACKET[TCP_prs2026hitl_7000] unknown packet ID 0x0a; discarded 1 byte
[16:42:44.286] BAD_PACKET[TCP_prs2026hitl_7000] unknown packet ID 0x5e; discarded 1 byte
[16:42:44.286] BAD_PACKET[TCP_prs2026hitl_7000] unknown packet ID 0x41; discarded 1 byte
[16:42:44.287] BAD_PACKET[TCP_prs2026hitl_7000] unknown packet ID 0x5e; discarded 1 byte
[16:42:44.287] BAD_PACKET[TCP_prs2026hitl_7000] unknown packet ID 0x4f; discarded 1 byte
[16:42:44.287] BAD_PACKET[TCP_prs2026hitl_7000] unknown packet ID 0x5e; discarded 1 byte
[16:42:44.288] BAD_PACKET[TCP_prs2026hitl_7000] unknown packet ID 0x5e; discarded 1 byte
[16:42:44.288] BAD_PACKET[TCP_prs2026hitl_7000] bad EOF for 0xff: expected 0x0a, got 0xff; payload=ff 58 5e 40 58 ed
[16:42:44.288] BAD_PACKET[TCP_prs2026hitl_7000] bad EOF for 0xff: expected 0x0a, got 0x5e; payload=da ff ff d6 5e 40
[16:42:44.288] BAD_PACKET[TCP_prs2026hitl_7000] unknown packet ID 0x08; discarded 1 byte
[16:42:44.289] BAD_PACKET[TCP_prs2026hitl_7000] unknown packet ID 0x5e; discarded 1 byte
[16:42:44.289] BAD_PACKET[TCP_prs2026hitl_7000] unknown packet ID 0x40; discarded 1 byte
[16:42:44.289] BAD_PACKET[TCP_prs2026hitl_7000] unknown packet ID 0x23; discarded 1 byte
[16:42:44.290] BAD_PACKET[TCP_prs2026hitl_7000] unknown packet ID 0x0a; discarded 1 byte
[16:42:44.290] BAD_PACKET[TCP_prs2026hitl_7000] unknown packet ID 0x0a; discarded 1 byte
[16:42:44.290] BAD_PACKET[TCP_prs2026hitl_7000] unknown packet ID 0x58; discarded 1 byte
[16:42:44.290] BAD_PACKET[TCP_prs2026hitl_7000] unknown packet ID 0x08; discarded 1 byte
[16:42:44.291] BAD_PACKET[TCP_prs2026hitl_7000] unknown packet ID 0x20; discarded 1 byte
[16:42:44.291] BAD_PACKET[TCP_prs2026hitl_7000] unknown packet ID 0x50; discarded 1 byte
[16:42:44.291] BAD_PACKET[TCP_prs2026hitl_7000] unknown packet ID 0x46; discarded 1 byte
[16:42:44.292] BAD_PACKET[TCP_prs2026hitl_7000] unknown packet ID 0x5e; discarded 1 byte
[16:42:44.292] BAD_PACKET[TCP_prs2026hitl_7000] unknown packet ID 0x40; discarded 1 byte
[16:42:44.292] BAD_PACKET[TCP_prs2026hitl_7000] unknown packet ID 0x5e; discarded 1 byte
[16:42:44.293] BAD_PACKET[TCP_prs2026hitl_7000] unknown packet ID 0x40; discarded 1 byte
[16:42:44.294] BAD_PACKET[TCP_prs2026hitl_7000] unknown packet ID 0x5e; discarded 1 byte
[16:42:44.295] BAD_PACKET[TCP_prs2026hitl_7000] unknown packet ID 0x40; discarded 1 byte
[16:42:44.295] BAD_PACKET[TCP_prs2026hitl_7000] unknown packet ID 0x5e; discarded 1 byte
[16:42:44.295] BAD_PACKET[TCP_prs2026hitl_7000] unknown packet ID 0x40; discarded 1 byte
[16:42:44.296] BAD_PACKET[TCP_prs2026hitl_7000] unknown packet ID 0x5e; discarded 1 byte
[16:42:44.296] BAD_PACKET[TCP_prs2026hitl_7000] unknown packet ID 0x57; discarded 1 byte
[16:42:44.296] BAD_PACKET[TCP_prs2026hitl_7000] unknown packet ID 0x20; discarded 1 byte
[16:42:44.297] BAD_PACKET[TCP_prs2026hitl_7000] unknown packet ID 0x28; discarded 1 byte
[16:42:44.297] BAD_PACKET[TCP_prs2026hitl_7000] unknown packet ID 0x34; discarded 1 byte
[16:42:44.297] BAD_PACKET[TCP_prs2026hitl_7000] unknown packet ID 0x32; discarded 1 byte
[16:42:44.298] BAD_PACKET[TCP_prs2026hitl_7000] unknown packet ID 0x30; discarded 1 byte
[16:42:44.298] BAD_PACKET[TCP_prs2026hitl_7000] unknown packet ID 0x30; discarded 1 byte
[16:42:44.298] BAD_PACKET[TCP_prs2026hitl_7000] unknown packet ID 0x38; discarded 1 byte
[16:42:44.299] BAD_PACKET[TCP_prs2026hitl_7000] unknown packet ID 0x29; discarded 1 byte
[16:42:44.299] BAD_PACKET[TCP_prs2026hitl_7000] unknown packet ID 0x20; discarded 1 byte
[16:42:44.299] BAD_PACKET[TCP_prs2026hitl_7000] unknown packet ID 0x73; discarded 1 byte
[16:42:44.300] BAD_PACKET[TCP_prs2026hitl_7000] unknown packet ID 0x65; discarded 1 byte
[16:42:44.300] BAD_PACKET[TCP_prs2026hitl_7000] unknown packet ID 0x72; discarded 1 byte
[16:42:44.300] BAD_PACKET[TCP_prs2026hitl_7000] unknown packet ID 0x69; discarded 1 byte
[16:42:44.301] BAD_PACKET[TCP_prs2026hitl_7000] unknown packet ID 0x61; discarded 1 byte
[16:42:44.301] BAD_PACKET[TCP_prs2026hitl_7000] unknown packet ID 0x6c; discarded 1 byte
[16:42:44.301] BAD_PACKET[TCP_prs2026hitl_7000] unknown packet ID 0x5f; discarded 1 byte
[16:42:44.302] BAD_PACKET[TCP_prs2026hitl_7000] unknown packet ID 0x63; discarded 1 byte
[16:42:44.302] BAD_PACKET[TCP_prs2026hitl_7000] unknown packet ID 0x6f; discarded 1 byte
[16:42:44.302] BAD_PACKET[TCP_prs2026hitl_7000] unknown packet ID 0x6d; discarded 1 byte
[16:42:44.303] BAD_PACKET[TCP_prs2026hitl_7000] unknown packet ID 0x6d; discarded 1 byte
[16:42:44.303] BAD_PACKET[TCP_prs2026hitl_7000] unknown packet ID 0x61; discarded 1 byte
[16:42:44.303] BAD_PACKET[TCP_prs2026hitl_7000] unknown packet ID 0x6e; discarded 1 byte
[16:42:44.303] BAD_PACKET[TCP_prs2026hitl_7000] unknown packet ID 0x64; discarded 1 byte
[16:42:44.304] BAD_PACKET[TCP_prs2026hitl_7000] unknown packet ID 0x3a; discarded 1 byte
[16:42:44.304] BAD_PACKET[TCP_prs2026hitl_7000] unknown packet ID 0x20; discarded 1 byte
[16:42:44.304] BAD_PACKET[TCP_prs2026hitl_7000] unknown packet ID 0x75; discarded 1 byte
[16:42:44.305] BAD_PACKET[TCP_prs2026hitl_7000] unknown packet ID 0x6e; discarded 1 byte
[16:42:44.305] BAD_PACKET[TCP_prs2026hitl_7000] unknown packet ID 0x6b; discarded 1 byte
[16:42:44.305] BAD_PACKET[TCP_prs2026hitl_7000] unknown packet ID 0x6e; discarded 1 byte
[16:42:44.305] BAD_PACKET[TCP_prs2026hitl_7000] unknown packet ID 0x6f; discarded 1 byte
[16:42:44.306] BAD_PACKET[TCP_prs2026hitl_7000] unknown packet ID 0x77; discarded 1 byte
[16:42:44.306] BAD_PACKET[TCP_prs2026hitl_7000] unknown packet ID 0x6e; discarded 1 byte
[16:42:44.306] BAD_PACKET[TCP_prs2026hitl_7000] unknown packet ID 0x20; discarded 1 byte
[16:42:44.307] BAD_PACKET[TCP_prs2026hitl_7000] unknown packet ID 0x63; discarded 1 byte
[16:42:44.307] BAD_PACKET[TCP_prs2026hitl_7000] unknown packet ID 0x6f; discarded 1 byte
[16:42:44.308] BAD_PACKET[TCP_prs2026hitl_7000] unknown packet ID 0x6d; discarded 1 byte
[16:42:44.308] BAD_PACKET[TCP_prs2026hitl_7000] unknown packet ID 0x6d; discarded 1 byte
[16:42:44.308] BAD_PACKET[TCP_prs2026hitl_7000] unknown packet ID 0x61; discarded 1 byte
[16:42:44.309] BAD_PACKET[TCP_prs2026hitl_7000] unknown packet ID 0x6e; discarded 1 byte
[16:42:44.309] BAD_PACKET[TCP_prs2026hitl_7000] unknown packet ID 0x64; discarded 1 byte
[16:42:44.309] BAD_PACKET[TCP_prs2026hitl_7000] unknown packet ID 0x3a; discarded 1 byte
[16:42:44.310] BAD_PACKET[TCP_prs2026hitl_7000] unknown packet ID 0x20; discarded 1 byte
[16:42:44.310] BAD_PACKET[TCP_prs2026hitl_7000] unknown packet ID 0x5e; discarded 1 byte
[16:42:44.310] BAD_PACKET[TCP_prs2026hitl_7000] unknown packet ID 0x41; discarded 1 byte
[16:42:44.311] BAD_PACKET[TCP_prs2026hitl_7000] unknown packet ID 0x5e; discarded 1 byte
[16:42:44.311] BAD_PACKET[TCP_prs2026hitl_7000] unknown packet ID 0x4f; discarded 1 byte
[16:42:44.311] BAD_PACKET[TCP_prs2026hitl_7000] unknown packet ID 0x5e; discarded 1 byte
[16:42:44.312] BAD_PACKET[TCP_prs2026hitl_7000] unknown packet ID 0x40; discarded 1 byte
[16:42:44.312] BAD_PACKET[TCP_prs2026hitl_7000] unknown packet ID 0x08; discarded 1 byte
[16:42:44.312] BAD_PACKET[TCP_prs2026hitl_7000] unknown packet ID 0x20; discarded 1 byte
[16:42:44.312] BAD_PACKET[TCP_prs2026hitl_7000] unknown packet ID 0x08; discarded 1 byte
[16:42:44.313] BAD_PACKET[TCP_prs2026hitl_7000] unknown packet ID 0x08; discarded 1 byte
[16:42:44.313] BAD_PACKET[TCP_prs2026hitl_7000] unknown packet ID 0x20; discarded 1 byte
[16:42:44.314] BAD_PACKET[TCP_prs2026hitl_7000] unknown packet ID 0x08; discarded 1 byte
[16:42:44.314] BAD_PACKET[TCP_prs2026hitl_7000] unknown packet ID 0x08; discarded 1 byte
[16:42:44.314] BAD_PACKET[TCP_prs2026hitl_7000] unknown packet ID 0x20; discarded 1 byte
[16:42:44.316] BAD_PACKET[TCP_prs2026hitl_7000] unknown packet ID 0x08; discarded 1 byte
[16:42:44.316] BAD_PACKET[TCP_prs2026hitl_7000] unknown packet ID 0x08; discarded 1 byte
[16:42:44.317] BAD_PACKET[TCP_prs2026hitl_7000] unknown packet ID 0x20; discarded 1 byte
[16:42:44.317] BAD_PACKET[TCP_prs2026hitl_7000] unknown packet ID 0x08; discarded 1 byte
[16:42:44.317] BAD_PACKET[TCP_prs2026hitl_7000] unknown packet ID 0x08; discarded 1 byte
[16:42:44.317] BAD_PACKET[TCP_prs2026hitl_7000] unknown packet ID 0x20; discarded 1 byte
[16:42:44.318] BAD_PACKET[TCP_prs2026hitl_7000] unknown packet ID 0x08; discarded 1 byte
[16:42:44.318] BAD_PACKET[TCP_prs2026hitl_7000] unknown packet ID 0x08; discarded 1 byte
[16:42:44.318] BAD_PACKET[TCP_prs2026hitl_7000] unknown packet ID 0x20; discarded 1 byte
[16:42:44.319] BAD_PACKET[TCP_prs2026hitl_7000] unknown packet ID 0x08; discarded 1 byte
[16:42:44.319] BAD_PACKET[TCP_prs2026hitl_7000] unknown packet ID 0x08; discarded 1 byte
[16:42:44.320] BAD_PACKET[TCP_prs2026hitl_7000] unknown packet ID 0x20; discarded 1 byte
[16:42:44.320] BAD_PACKET[TCP_prs2026hitl_7000] unknown packet ID 0x08; discarded 1 byte
[16:42:44.320] BAD_PACKET[TCP_prs2026hitl_7000] unknown packet ID 0x08; discarded 1 byte
[16:42:44.321] BAD_PACKET[TCP_prs2026hitl_7000] unknown packet ID 0x20; discarded 1 byte
[16:42:44.321] BAD_PACKET[TCP_prs2026hitl_7000] unknown packet ID 0x08; discarded 1 byte
[16:42:44.322] BAD_PACKET[TCP_prs2026hitl_7000] unknown packet ID 0x08; discarded 1 byte
[16:42:44.322] BAD_PACKET[TCP_prs2026hitl_7000] unknown packet ID 0x20; discarded 1 byte
[16:42:44.324] BAD_PACKET[TCP_prs2026hitl_7000] unknown packet ID 0x08; discarded 1 byte
[16:42:44.324] BAD_PACKET[TCP_prs2026hitl_7000] unknown packet ID 0x08; discarded 1 byte
[16:42:44.324] BAD_PACKET[TCP_prs2026hitl_7000] unknown packet ID 0x20; discarded 1 byte
[16:42:44.325] BAD_PACKET[TCP_prs2026hitl_7000] unknown packet ID 0x08; discarded 1 byte
[16:42:44.325] BAD_PACKET[TCP_prs2026hitl_7000] unknown packet ID 0x08; discarded 1 byte
[16:42:44.325] BAD_PACKET[TCP_prs2026hitl_7000] unknown packet ID 0x20; discarded 1 byte
[16:42:44.325] BAD_PACKET[TCP_prs2026hitl_7000] unknown packet ID 0x08; discarded 1 byte
[16:42:44.326] BAD_PACKET[TCP_prs2026hitl_7000] unknown packet ID 0x08; discarded 1 byte
[16:42:44.326] BAD_PACKET[TCP_prs2026hitl_7000] unknown packet ID 0x20; discarded 1 byte
[16:42:44.326] BAD_PACKET[TCP_prs2026hitl_7000] unknown packet ID 0x08; discarded 1 byte
[16:42:44.327] BAD_PACKET[TCP_prs2026hitl_7000] unknown packet ID 0x08; discarded 1 byte
[16:42:44.327] BAD_PACKET[TCP_prs2026hitl_7000] unknown packet ID 0x20; discarded 1 byte
[16:42:44.327] BAD_PACKET[TCP_prs2026hitl_7000] unknown packet ID 0x08; discarded 1 byte
[16:42:44.328] BAD_PACKET[TCP_prs2026hitl_7000] unknown packet ID 0x08; discarded 1 byte
[16:42:44.328] BAD_PACKET[TCP_prs2026hitl_7000] unknown packet ID 0x20; discarded 1 byte
[16:42:44.328] BAD_PACKET[TCP_prs2026hitl_7000] unknown packet ID 0x08; discarded 1 byte
[16:42:44.330] BAD_PACKET[TCP_prs2026hitl_7000] unknown packet ID 0x08; discarded 1 byte
[16:42:44.330] BAD_PACKET[TCP_prs2026hitl_7000] unknown packet ID 0x20; discarded 1 byte
[16:42:44.330] BAD_PACKET[TCP_prs2026hitl_7000] unknown packet ID 0x08; discarded 1 byte
[16:42:44.331] BAD_PACKET[TCP_prs2026hitl_7000] unknown packet ID 0x08; discarded 1 byte
[16:42:44.331] BAD_PACKET[TCP_prs2026hitl_7000] unknown packet ID 0x20; discarded 1 byte
[16:42:44.331] BAD_PACKET[TCP_prs2026hitl_7000] unknown packet ID 0x08; discarded 1 byte
[16:42:44.331] BAD_PACKET[TCP_prs2026hitl_7000] unknown packet ID 0x08; discarded 1 byte
[16:42:44.332] BAD_PACKET[TCP_prs2026hitl_7000] unknown packet ID 0x20; discarded 1 byte
[16:42:44.332] BAD_PACKET[TCP_prs2026hitl_7000] unknown packet ID 0x08; discarded 1 byte
[16:42:44.333] BAD_PACKET[TCP_prs2026hitl_7000] unknown packet ID 0x08; discarded 1 byte
[16:42:44.333] BAD_PACKET[TCP_prs2026hitl_7000] unknown packet ID 0x20; discarded 1 byte
[16:42:44.333] BAD_PACKET[TCP_prs2026hitl_7000] unknown packet ID 0x08; discarded 1 byte
[16:42:44.334] BAD_PACKET[TCP_prs2026hitl_7000] unknown packet ID 0x08; discarded 1 byte
[16:42:44.334] BAD_PACKET[TCP_prs2026hitl_7000] unknown packet ID 0x20; discarded 1 byte
[16:42:44.334] BAD_PACKET[TCP_prs2026hitl_7000] unknown packet ID 0x08; discarded 1 byte
[16:42:44.334] BAD_PACKET[TCP_prs2026hitl_7000] unknown packet ID 0x08; discarded 1 byte
[16:42:44.335] BAD_PACKET[TCP_prs2026hitl_7000] unknown packet ID 0x20; discarded 1 byte
[16:42:44.335] BAD_PACKET[TCP_prs2026hitl_7000] unknown packet ID 0x08; discarded 1 byte
[16:42:44.336] BAD_PACKET[TCP_prs2026hitl_7000] unknown packet ID 0x5e; discarded 1 byte
[16:42:44.336] BAD_PACKET[TCP_prs2026hitl_7000] unknown packet ID 0x40; discarded 1 byte
[16:42:44.336] BAD_PACKET[TCP_prs2026hitl_7000] unknown packet ID 0x24; discarded 1 byte
[16:42:44.337] BAD_PACKET[TCP_prs2026hitl_7000] unknown packet ID 0x0a; discarded 1 byte
[16:42:44.338] BAD_PACKET[TCP_prs2026hitl_7000] unknown packet ID 0x0a; discarded 1 byte
[16:42:44.338] BAD_PACKET[TCP_prs2026hitl_7000] unknown packet ID 0x57; discarded 1 byte
[16:42:44.338] BAD_PACKET[TCP_prs2026hitl_7000] unknown packet ID 0x20; discarded 1 byte
[16:42:44.339] BAD_PACKET[TCP_prs2026hitl_7000] unknown packet ID 0x28; discarded 1 byte
[16:42:44.339] BAD_PACKET[TCP_prs2026hitl_7000] unknown packet ID 0x34; discarded 1 byte
[16:42:44.339] BAD_PACKET[TCP_prs2026hitl_7000] unknown packet ID 0x32; discarded 1 byte
[16:42:44.340] BAD_PACKET[TCP_prs2026hitl_7000] unknown packet ID 0x30; discarded 1 byte
[16:42:44.340] BAD_PACKET[TCP_prs2026hitl_7000] unknown packet ID 0x30; discarded 1 byte
[16:42:44.341] BAD_PACKET[TCP_prs2026hitl_7000] unknown packet ID 0x38; discarded 1 byte
[16:42:44.341] BAD_PACKET[TCP_prs2026hitl_7000] unknown packet ID 0x29; discarded 1 byte
[16:42:44.341] BAD_PACKET[TCP_prs2026hitl_7000] unknown packet ID 0x20; discarded 1 byte
[16:42:44.342] BAD_PACKET[TCP_prs2026hitl_7000] unknown packet ID 0x73; discarded 1 byte
[16:42:44.342] BAD_PACKET[TCP_prs2026hitl_7000] unknown packet ID 0x65; discarded 1 byte
[16:42:44.342] BAD_PACKET[TCP_prs2026hitl_7000] unknown packet ID 0x72; discarded 1 byte
[16:42:44.343] BAD_PACKET[TCP_prs2026hitl_7000] unknown packet ID 0x69; discarded 1 byte
[16:42:44.343] BAD_PACKET[TCP_prs2026hitl_7000] unknown packet ID 0x61; discarded 1 byte
[16:42:44.343] BAD_PACKET[TCP_prs2026hitl_7000] unknown packet ID 0x6c; discarded 1 byte
[16:42:44.343] BAD_PACKET[TCP_prs2026hitl_7000] unknown packet ID 0x5f; discarded 1 byte
[16:42:44.344] BAD_PACKET[TCP_prs2026hitl_7000] unknown packet ID 0x63; discarded 1 byte
[16:42:44.344] BAD_PACKET[TCP_prs2026hitl_7000] unknown packet ID 0x6f; discarded 1 byte
[16:42:44.344] BAD_PACKET[TCP_prs2026hitl_7000] unknown packet ID 0x6d; discarded 1 byte
[16:42:44.345] BAD_PACKET[TCP_prs2026hitl_7000] unknown packet ID 0x6d; discarded 1 byte
[16:42:44.345] BAD_PACKET[TCP_prs2026hitl_7000] unknown packet ID 0x61; discarded 1 byte
[16:42:44.345] BAD_PACKET[TCP_prs2026hitl_7000] unknown packet ID 0x6e; discarded 1 byte
[16:42:44.345] BAD_PACKET[TCP_prs2026hitl_7000] unknown packet ID 0x64; discarded 1 byte
[16:42:44.346] BAD_PACKET[TCP_prs2026hitl_7000] unknown packet ID 0x3a; discarded 1 byte
[16:42:44.346] BAD_PACKET[TCP_prs2026hitl_7000] unknown packet ID 0x20; discarded 1 byte
[16:42:44.346] BAD_PACKET[TCP_prs2026hitl_7000] unknown packet ID 0x75; discarded 1 byte
[16:42:44.347] BAD_PACKET[TCP_prs2026hitl_7000] unknown packet ID 0x6e; discarded 1 byte
[16:42:44.347] BAD_PACKET[TCP_prs2026hitl_7000] unknown packet ID 0x6b; discarded 1 byte
[16:42:44.347] BAD_PACKET[TCP_prs2026hitl_7000] unknown packet ID 0x6e; discarded 1 byte
[16:42:44.348] BAD_PACKET[TCP_prs2026hitl_7000] unknown packet ID 0x6f; discarded 1 byte
[16:42:44.348] BAD_PACKET[TCP_prs2026hitl_7000] unknown packet ID 0x77; discarded 1 byte
[16:42:44.348] BAD_PACKET[TCP_prs2026hitl_7000] unknown packet ID 0x6e; discarded 1 byte
[16:42:44.348] BAD_PACKET[TCP_prs2026hitl_7000] unknown packet ID 0x20; discarded 1 byte
[16:42:44.349] BAD_PACKET[TCP_prs2026hitl_7000] unknown packet ID 0x63; discarded 1 byte
[16:42:44.349] BAD_PACKET[TCP_prs2026hitl_7000] unknown packet ID 0x6f; discarded 1 byte
[16:42:44.349] BAD_PACKET[TCP_prs2026hitl_7000] unknown packet ID 0x6d; discarded 1 byte
[16:42:44.350] BAD_PACKET[TCP_prs2026hitl_7000] unknown packet ID 0x6d; discarded 1 byte
[16:42:44.353] BAD_PACKET[TCP_prs2026hitl_7000] unknown packet ID 0x61; discarded 1 byte
[16:42:44.354] BAD_PACKET[TCP_prs2026hitl_7000] unknown packet ID 0x6e; discarded 1 byte
[16:42:44.354] BAD_PACKET[TCP_prs2026hitl_7000] unknown packet ID 0x64; discarded 1 byte
[16:42:44.354] BAD_PACKET[TCP_prs2026hitl_7000] unknown packet ID 0x3a; discarded 1 byte
[16:42:44.355] BAD_PACKET[TCP_prs2026hitl_7000] unknown packet ID 0x20; discarded 1 byte
[16:42:44.355] BAD_PACKET[TCP_prs2026hitl_7000] unknown packet ID 0x5e; discarded 1 byte
[16:42:44.355] BAD_PACKET[TCP_prs2026hitl_7000] unknown packet ID 0x41; discarded 1 byte
[16:42:44.356] BAD_PACKET[TCP_prs2026hitl_7000] unknown packet ID 0x5e; discarded 1 byte
[16:42:44.356] BAD_PACKET[TCP_prs2026hitl_7000] unknown packet ID 0x4f; discarded 1 byte
[16:42:44.356] BAD_PACKET[TCP_prs2026hitl_7000] unknown packet ID 0x5e; discarded 1 byte
[16:42:44.358] BAD_PACKET[TCP_prs2026hitl_7000] unknown packet ID 0x5e; discarded 1 byte
[16:42:44.358] BAD_PACKET[TCP_prs2026hitl_7000] bad EOF for 0xff: expected 0x0a, got 0xff; payload=ff 58 5e 40 58 ed
[16:42:44.359] BAD_PACKET[TCP_prs2026hitl_7000] bad EOF for 0xff: expected 0x0a, got 0x5e; payload=da ff ff d6 5e 40
[16:42:44.359] BAD_PACKET[TCP_prs2026hitl_7000] unknown packet ID 0x08; discarded 1 byte
[16:42:44.359] BAD_PACKET[TCP_prs2026hitl_7000] unknown packet ID 0x5e; discarded 1 byte
[16:42:44.360] BAD_PACKET[TCP_prs2026hitl_7000] unknown packet ID 0x40; discarded 1 byte
[16:42:44.360] BAD_PACKET[TCP_prs2026hitl_7000] unknown packet ID 0x23; discarded 1 byte
[16:42:44.360] BAD_PACKET[TCP_prs2026hitl_7000] unknown packet ID 0x0a; discarded 1 byte
[16:42:44.361] BAD_PACKET[TCP_prs2026hitl_7000] unknown packet ID 0x0a; discarded 1 byte
[16:42:44.361] BAD_PACKET[TCP_prs2026hitl_7000] unknown packet ID 0x43; discarded 1 byte
[16:42:44.361] BAD_PACKET[TCP_prs2026hitl_7000] unknown packet ID 0x52; discarded 1 byte
[16:42:44.361] BAD_PACKET[TCP_prs2026hitl_7000] unknown packet ID 0x29; discarded 1 byte
[16:42:44.362] BAD_PACKET[TCP_prs2026hitl_7000] unknown packet ID 0x43; discarded 1 byte
[16:42:44.362] BAD_PACKET[TCP_prs2026hitl_7000] unknown packet ID 0x50; discarded 1 byte
[16:42:44.362] BAD_PACKET[TCP_prs2026hitl_7000] unknown packet ID 0x0a; discarded 1 byte
[16:42:44.363] BAD_PACKET[TCP_prs2026hitl_7000] unknown packet ID 0x0a; discarded 1 byte
[16:42:44.363] BAD_PACKET[TCP_prs2026hitl_7000] bad EOF for 0xff: expected 0x0a, got 0x40; payload=ff 5e 40 5e 40 5e
[16:42:44.363] BAD_PACKET[TCP_prs2026hitl_7000] unknown packet ID 0x5e; discarded 1 byte
[16:42:44.364] BAD_PACKET[TCP_prs2026hitl_7000] unknown packet ID 0x40; discarded 1 byte
[16:42:44.364] BAD_PACKET[TCP_prs2026hitl_7000] unknown packet ID 0x5e; discarded 1 byte
[16:42:44.364] BAD_PACKET[TCP_prs2026hitl_7000] unknown packet ID 0x48; discarded 1 byte
[16:42:44.366] BAD_PACKET[TCP_prs2026hitl_7000] unknown packet ID 0x46; discarded 1 byte
[16:42:44.367] BAD_PACKET[TCP_prs2026hitl_7000] unknown packet ID 0x0a; discarded 1 byte
[16:42:44.367] BAD_PACKET[TCP_prs2026hitl_7000] unknown packet ID 0x0a; discarded 1 byte
[16:42:44.367] BAD_PACKET[TCP_prs2026hitl_7000] unknown packet ID 0x5e; discarded 1 byte
[16:42:44.367] BAD_PACKET[TCP_prs2026hitl_7000] unknown packet ID 0x41; discarded 1 byte
[16:42:44.368] BAD_PACKET[TCP_prs2026hitl_7000] unknown packet ID 0x5e; discarded 1 byte
[16:42:44.368] BAD_PACKET[TCP_prs2026hitl_7000] unknown packet ID 0x4f; discarded 1 byte
[16:42:44.368] BAD_PACKET[TCP_prs2026hitl_7000] unknown packet ID 0x5e; discarded 1 byte
[16:42:44.369] BAD_PACKET[TCP_prs2026hitl_7000] unknown packet ID 0x40; discarded 1 byte
[16:42:44.369] BAD_PACKET[TCP_prs2026hitl_7000] unknown packet ID 0x5e; discarded 1 byte
[16:42:44.369] BAD_PACKET[TCP_prs2026hitl_7000] unknown packet ID 0x40; discarded 1 byte
[16:42:44.370] BAD_PACKET[TCP_prs2026hitl_7000] unknown packet ID 0x5e; discarded 1 byte
[16:42:44.370] BAD_PACKET[TCP_prs2026hitl_7000] unknown packet ID 0x40; discarded 1 byte
[16:42:44.370] BAD_PACKET[TCP_prs2026hitl_7000] bad EOF for 0xff: expected 0x0a, got 0x5e; payload=ff da 35 ff ff d6
[16:42:44.372] BAD_PACKET[TCP_prs2026hitl_7000] unknown packet ID 0x40; discarded 1 byte
[16:42:44.372] BAD_PACKET[TCP_prs2026hitl_7000] unknown packet ID 0x08; discarded 1 byte
[16:42:44.372] BAD_PACKET[TCP_prs2026hitl_7000] unknown packet ID 0x20; discarded 1 byte
[16:42:44.373] BAD_PACKET[TCP_prs2026hitl_7000] unknown packet ID 0x08; discarded 1 byte
[16:42:44.373] BAD_PACKET[TCP_prs2026hitl_7000] unknown packet ID 0x08; discarded 1 byte
[16:42:44.373] BAD_PACKET[TCP_prs2026hitl_7000] unknown packet ID 0x20; discarded 1 byte
[16:42:44.374] BAD_PACKET[TCP_prs2026hitl_7000] unknown packet ID 0x08; discarded 1 byte
[16:42:44.374] BAD_PACKET[TCP_prs2026hitl_7000] unknown packet ID 0x08; discarded 1 byte
[16:42:44.374] BAD_PACKET[TCP_prs2026hitl_7000] unknown packet ID 0x20; discarded 1 byte
[16:42:44.375] BAD_PACKET[TCP_prs2026hitl_7000] unknown packet ID 0x08; discarded 1 byte
[16:42:44.375] BAD_PACKET[TCP_prs2026hitl_7000] unknown packet ID 0x08; discarded 1 byte
[16:42:44.375] BAD_PACKET[TCP_prs2026hitl_7000] unknown packet ID 0x20; discarded 1 byte
[16:42:44.375] BAD_PACKET[TCP_prs2026hitl_7000] unknown packet ID 0x08; discarded 1 byte
[16:42:44.376] BAD_PACKET[TCP_prs2026hitl_7000] unknown packet ID 0x08; discarded 1 byte
[16:42:44.376] BAD_PACKET[TCP_prs2026hitl_7000] unknown packet ID 0x20; discarded 1 byte
[16:42:44.376] BAD_PACKET[TCP_prs2026hitl_7000] unknown packet ID 0x08; discarded 1 byte
[16:42:44.377] BAD_PACKET[TCP_prs2026hitl_7000] unknown packet ID 0x08; discarded 1 byte
[16:42:44.377] BAD_PACKET[TCP_prs2026hitl_7000] unknown packet ID 0x20; discarded 1 byte
[16:42:44.377] BAD_PACKET[TCP_prs2026hitl_7000] unknown packet ID 0x08; discarded 1 byte
[16:42:44.378] BAD_PACKET[TCP_prs2026hitl_7000] unknown packet ID 0x08; discarded 1 byte
[16:42:44.378] BAD_PACKET[TCP_prs2026hitl_7000] unknown packet ID 0x20; discarded 1 byte
[16:42:44.378] BAD_PACKET[TCP_prs2026hitl_7000] unknown packet ID 0x08; discarded 1 byte
[16:42:44.378] BAD_PACKET[TCP_prs2026hitl_7000] unknown packet ID 0x08; discarded 1 byte
[16:42:44.379] BAD_PACKET[TCP_prs2026hitl_7000] unknown packet ID 0x20; discarded 1 byte
[16:42:44.379] BAD_PACKET[TCP_prs2026hitl_7000] unknown packet ID 0x08; discarded 1 byte
[16:42:44.380] BAD_PACKET[TCP_prs2026hitl_7000] unknown packet ID 0x08; discarded 1 byte
[16:42:44.381] BAD_PACKET[TCP_prs2026hitl_7000] unknown packet ID 0x20; discarded 1 byte
[16:42:44.381] BAD_PACKET[TCP_prs2026hitl_7000] unknown packet ID 0x08; discarded 1 byte
[16:42:44.381] BAD_PACKET[TCP_prs2026hitl_7000] unknown packet ID 0x08; discarded 1 byte
[16:42:44.381] BAD_PACKET[TCP_prs2026hitl_7000] unknown packet ID 0x20; discarded 1 byte
[16:42:44.382] BAD_PACKET[TCP_prs2026hitl_7000] unknown packet ID 0x08; discarded 1 byte
[16:42:44.382] BAD_PACKET[TCP_prs2026hitl_7000] unknown packet ID 0x08; discarded 1 byte
[16:42:44.382] BAD_PACKET[TCP_prs2026hitl_7000] unknown packet ID 0x20; discarded 1 byte
[16:42:44.383] BAD_PACKET[TCP_prs2026hitl_7000] unknown packet ID 0x08; discarded 1 byte
[16:42:44.383] BAD_PACKET[TCP_prs2026hitl_7000] unknown packet ID 0x20; discarded 1 byte
[16:42:44.383] BAD_PACKET[TCP_prs2026hitl_7000] unknown packet ID 0x08; discarded 1 byte
[16:42:44.383] BAD_PACKET[TCP_prs2026hitl_7000] unknown packet ID 0x08; discarded 1 byte
[16:42:44.384] BAD_PACKET[TCP_prs2026hitl_7000] unknown packet ID 0x20; discarded 1 byte
[16:42:44.384] BAD_PACKET[TCP_prs2026hitl_7000] unknown packet ID 0x08; discarded 1 byte
[16:42:44.384] BAD_PACKET[TCP_prs2026hitl_7000] unknown packet ID 0x08; discarded 1 byte
[16:42:44.385] BAD_PACKET[TCP_prs2026hitl_7000] unknown packet ID 0x20; discarded 1 byte
[16:42:44.385] BAD_PACKET[TCP_prs2026hitl_7000] unknown packet ID 0x08; discarded 1 byte
[16:42:44.385] BAD_PACKET[TCP_prs2026hitl_7000] unknown packet ID 0x08; discarded 1 byte
[16:42:44.386] BAD_PACKET[TCP_prs2026hitl_7000] unknown packet ID 0x20; discarded 1 byte
[16:42:44.386] BAD_PACKET[TCP_prs2026hitl_7000] unknown packet ID 0x08; discarded 1 byte
[16:42:44.386] BAD_PACKET[TCP_prs2026hitl_7000] unknown packet ID 0x08; discarded 1 byte
[16:42:44.387] BAD_PACKET[TCP_prs2026hitl_7000] unknown packet ID 0x20; discarded 1 byte
[16:42:44.387] BAD_PACKET[TCP_prs2026hitl_7000] unknown packet ID 0x08; discarded 1 byte
[16:42:44.387] BAD_PACKET[TCP_prs2026hitl_7000] unknown packet ID 0x08; discarded 1 byte
[16:42:44.388] BAD_PACKET[TCP_prs2026hitl_7000] unknown packet ID 0x08; discarded 1 byte
[16:42:44.388] BAD_PACKET[TCP_prs2026hitl_7000] unknown packet ID 0x20; discarded 1 byte
[16:42:44.388] BAD_PACKET[TCP_prs2026hitl_7000] unknown packet ID 0x08; discarded 1 byte
[16:42:44.388] BAD_PACKET[TCP_prs2026hitl_7000] unknown packet ID 0x08; discarded 1 byte
[16:42:44.389] BAD_PACKET[TCP_prs2026hitl_7000] unknown packet ID 0x20; discarded 1 byte
[16:42:44.389] BAD_PACKET[TCP_prs2026hitl_7000] unknown packet ID 0x08; discarded 1 byte
[16:42:44.389] BAD_PACKET[TCP_prs2026hitl_7000] unknown packet ID 0x08; discarded 1 byte
[16:42:44.390] BAD_PACKET[TCP_prs2026hitl_7000] unknown packet ID 0x08; discarded 1 byte
[16:42:44.390] BAD_PACKET[TCP_prs2026hitl_7000] unknown packet ID 0x20; discarded 1 byte
[16:42:44.390] BAD_PACKET[TCP_prs2026hitl_7000] unknown packet ID 0x08; discarded 1 byte
[16:42:44.390] BAD_PACKET[TCP_prs2026hitl_7000] unknown packet ID 0x08; discarded 1 byte
[16:42:44.391] BAD_PACKET[TCP_prs2026hitl_7000] unknown packet ID 0x20; discarded 1 byte
[16:42:44.391] BAD_PACKET[TCP_prs2026hitl_7000] unknown packet ID 0x08; discarded 1 byte
[16:42:44.391] BAD_PACKET[TCP_prs2026hitl_7000] unknown packet ID 0x20; discarded 1 byte
[16:42:44.392] BAD_PACKET[TCP_prs2026hitl_7000] unknown packet ID 0x08; discarded 1 byte
[16:42:44.392] BAD_PACKET[TCP_prs2026hitl_7000] unknown packet ID 0x08; discarded 1 byte
[16:42:44.393] BAD_PACKET[TCP_prs2026hitl_7000] unknown packet ID 0x20; discarded 1 byte
[16:42:44.393] BAD_PACKET[TCP_prs2026hitl_7000] unknown packet ID 0x08; discarded 1 byte
[16:42:44.394] BAD_PACKET[TCP_prs2026hitl_7000] unknown packet ID 0x08; discarded 1 byte
[16:42:44.394] BAD_PACKET[TCP_prs2026hitl_7000] unknown packet ID 0x08; discarded 1 byte
[16:42:44.395] BAD_PACKET[TCP_prs2026hitl_7000] unknown packet ID 0x23; discarded 1 byte
[16:42:44.395] BAD_PACKET[TCP_prs2026hitl_7000] unknown packet ID 0x0d; discarded 1 byte
[16:42:44.395] BAD_PACKET[TCP_prs2026hitl_7000] unknown packet ID 0x0a; discarded 1 byte
[16:42:44.395] BAD_PACKET[TCP_prs2026hitl_7000] unknown packet ID 0x5e; discarded 1 byte
[16:42:44.396] BAD_PACKET[TCP_prs2026hitl_7000] unknown packet ID 0x41; discarded 1 byte
[16:42:44.396] BAD_PACKET[TCP_prs2026hitl_7000] unknown packet ID 0x5e; discarded 1 byte
[16:42:44.396] BAD_PACKET[TCP_prs2026hitl_7000] unknown packet ID 0x20; discarded 1 byte
[16:42:44.397] BAD_PACKET[TCP_prs2026hitl_7000] unknown packet ID 0x08; discarded 1 byte
[16:42:44.397] BAD_PACKET[TCP_prs2026hitl_7000] unknown packet ID 0x20; discarded 1 byte
[16:42:44.397] BAD_PACKET[TCP_prs2026hitl_7000] unknown packet ID 0x08; discarded 1 byte
[16:42:44.397] BAD_PACKET[TCP_prs2026hitl_7000] unknown packet ID 0x08; discarded 1 byte
[16:42:44.398] BAD_PACKET[TCP_prs2026hitl_7000] unknown packet ID 0x20; discarded 1 byte
[16:42:44.398] BAD_PACKET[TCP_prs2026hitl_7000] unknown packet ID 0x08; discarded 1 byte
[16:42:44.398] BAD_PACKET[TCP_prs2026hitl_7000] unknown packet ID 0x08; discarded 1 byte
[16:42:44.399] BAD_PACKET[TCP_prs2026hitl_7000] unknown packet ID 0x20; discarded 1 byte
[16:42:44.399] BAD_PACKET[TCP_prs2026hitl_7000] unknown packet ID 0x08; discarded 1 byte
[16:42:44.399] BAD_PACKET[TCP_prs2026hitl_7000] unknown packet ID 0x08; discarded 1 byte
[16:42:44.400] BAD_PACKET[TCP_prs2026hitl_7000] unknown packet ID 0x20; discarded 1 byte
[16:42:44.400] BAD_PACKET[TCP_prs2026hitl_7000] unknown packet ID 0x08; discarded 1 byte
[16:42:44.400] BAD_PACKET[TCP_prs2026hitl_7000] unknown packet ID 0x08; discarded 1 byte
[16:42:44.400] BAD_PACKET[TCP_prs2026hitl_7000] unknown packet ID 0x20; discarded 1 byte
[16:42:44.401] BAD_PACKET[TCP_prs2026hitl_7000] unknown packet ID 0x08; discarded 1 byte
[16:42:44.401] BAD_PACKET[TCP_prs2026hitl_7000] unknown packet ID 0x08; discarded 1 byte
[16:42:44.401] BAD_PACKET[TCP_prs2026hitl_7000] unknown packet ID 0x20; discarded 1 byte
[16:42:44.402] BAD_PACKET[TCP_prs2026hitl_7000] unknown packet ID 0x08; discarded 1 byte
[16:42:44.402] BAD_PACKET[TCP_prs2026hitl_7000] unknown packet ID 0x08; discarded 1 byte
[16:42:44.402] BAD_PACKET[TCP_prs2026hitl_7000] unknown packet ID 0x20; discarded 1 byte
[16:42:44.403] BAD_PACKET[TCP_prs2026hitl_7000] unknown packet ID 0x08; discarded 1 byte
[16:42:44.403] BAD_PACKET[TCP_prs2026hitl_7000] unknown packet ID 0x08; discarded 1 byte
[16:42:44.403] BAD_PACKET[TCP_prs2026hitl_7000] unknown packet ID 0x20; discarded 1 byte
[16:42:44.403] BAD_PACKET[TCP_prs2026hitl_7000] unknown packet ID 0x08; discarded 1 byte
[16:42:44.404] BAD_PACKET[TCP_prs2026hitl_7000] unknown packet ID 0x08; discarded 1 byte
[16:42:44.404] BAD_PACKET[TCP_prs2026hitl_7000] unknown packet ID 0x20; discarded 1 byte
[16:42:44.404] BAD_PACKET[TCP_prs2026hitl_7000] unknown packet ID 0x08; discarded 1 byte
[16:42:44.405] BAD_PACKET[TCP_prs2026hitl_7000] unknown packet ID 0x08; discarded 1 byte
[16:42:44.405] BAD_PACKET[TCP_prs2026hitl_7000] unknown packet ID 0x57; discarded 1 byte
[16:42:44.405] BAD_PACKET[TCP_prs2026hitl_7000] unknown packet ID 0x20; discarded 1 byte
[16:42:44.405] BAD_PACKET[TCP_prs2026hitl_7000] unknown packet ID 0x28; discarded 1 byte
[16:42:44.406] BAD_PACKET[TCP_prs2026hitl_7000] unknown packet ID 0x34; discarded 1 byte
[16:42:44.406] BAD_PACKET[TCP_prs2026hitl_7000] unknown packet ID 0x32; discarded 1 byte
[16:42:44.406] BAD_PACKET[TCP_prs2026hitl_7000] unknown packet ID 0x30; discarded 1 byte
[16:42:44.407] BAD_PACKET[TCP_prs2026hitl_7000] unknown packet ID 0x30; discarded 1 byte
[16:42:44.407] BAD_PACKET[TCP_prs2026hitl_7000] unknown packet ID 0x38; discarded 1 byte
[16:42:44.407] BAD_PACKET[TCP_prs2026hitl_7000] unknown packet ID 0x29; discarded 1 byte
[16:42:44.407] BAD_PACKET[TCP_prs2026hitl_7000] unknown packet ID 0x20; discarded 1 byte
[16:42:44.408] BAD_PACKET[TCP_prs2026hitl_7000] unknown packet ID 0x73; discarded 1 byte
[16:42:44.408] BAD_PACKET[TCP_prs2026hitl_7000] unknown packet ID 0x65; discarded 1 byte
[16:42:44.408] BAD_PACKET[TCP_prs2026hitl_7000] unknown packet ID 0x72; discarded 1 byte
[16:42:44.409] BAD_PACKET[TCP_prs2026hitl_7000] unknown packet ID 0x69; discarded 1 byte
[16:42:44.409] BAD_PACKET[TCP_prs2026hitl_7000] unknown packet ID 0x61; discarded 1 byte
[16:42:44.409] BAD_PACKET[TCP_prs2026hitl_7000] unknown packet ID 0x6c; discarded 1 byte
[16:42:44.410] BAD_PACKET[TCP_prs2026hitl_7000] unknown packet ID 0x5f; discarded 1 byte
[16:42:44.410] BAD_PACKET[TCP_prs2026hitl_7000] unknown packet ID 0x63; discarded 1 byte
[16:42:44.410] BAD_PACKET[TCP_prs2026hitl_7000] unknown packet ID 0x6f; discarded 1 byte
[16:42:44.410] BAD_PACKET[TCP_prs2026hitl_7000] unknown packet ID 0x6d; discarded 1 byte
[16:42:44.411] BAD_PACKET[TCP_prs2026hitl_7000] unknown packet ID 0x6d; discarded 1 byte
[16:42:44.411] BAD_PACKET[TCP_prs2026hitl_7000] unknown packet ID 0x61; discarded 1 byte
[16:42:44.411] BAD_PACKET[TCP_prs2026hitl_7000] unknown packet ID 0x6e; discarded 1 byte
[16:42:44.412] BAD_PACKET[TCP_prs2026hitl_7000] unknown packet ID 0x64; discarded 1 byte
[16:42:44.412] BAD_PACKET[TCP_prs2026hitl_7000] unknown packet ID 0x3a; discarded 1 byte
[16:42:44.412] BAD_PACKET[TCP_prs2026hitl_7000] unknown packet ID 0x20; discarded 1 byte
[16:42:44.413] BAD_PACKET[TCP_prs2026hitl_7000] unknown packet ID 0x75; discarded 1 byte
[16:42:44.414] BAD_PACKET[TCP_prs2026hitl_7000] unknown packet ID 0x6e; discarded 1 byte
[16:42:44.414] BAD_PACKET[TCP_prs2026hitl_7000] unknown packet ID 0x6b; discarded 1 byte
[16:42:44.415] BAD_PACKET[TCP_prs2026hitl_7000] unknown packet ID 0x6e; discarded 1 byte
[16:42:44.415] BAD_PACKET[TCP_prs2026hitl_7000] unknown packet ID 0x6f; discarded 1 byte
[16:42:44.415] BAD_PACKET[TCP_prs2026hitl_7000] unknown packet ID 0x77; discarded 1 byte
[16:42:44.415] BAD_PACKET[TCP_prs2026hitl_7000] unknown packet ID 0x6e; discarded 1 byte
[16:42:44.416] BAD_PACKET[TCP_prs2026hitl_7000] unknown packet ID 0x20; discarded 1 byte
[16:42:44.416] BAD_PACKET[TCP_prs2026hitl_7000] unknown packet ID 0x63; discarded 1 byte
[16:42:44.416] BAD_PACKET[TCP_prs2026hitl_7000] unknown packet ID 0x6f; discarded 1 byte
[16:42:44.417] BAD_PACKET[TCP_prs2026hitl_7000] unknown packet ID 0x6d; discarded 1 byte
[16:42:44.417] BAD_PACKET[TCP_prs2026hitl_7000] unknown packet ID 0x6d; discarded 1 byte
[16:42:44.417] BAD_PACKET[TCP_prs2026hitl_7000] unknown packet ID 0x61; discarded 1 byte
[16:42:44.418] BAD_PACKET[TCP_prs2026hitl_7000] unknown packet ID 0x6e; discarded 1 byte
[16:42:44.418] BAD_PACKET[TCP_prs2026hitl_7000] unknown packet ID 0x64; discarded 1 byte
[16:42:44.418] BAD_PACKET[TCP_prs2026hitl_7000] unknown packet ID 0x3a; discarded 1 byte
[16:42:44.418] BAD_PACKET[TCP_prs2026hitl_7000] unknown packet ID 0x20; discarded 1 byte
[16:42:44.419] BAD_PACKET[TCP_prs2026hitl_7000] unknown packet ID 0x58; discarded 1 byte
[16:42:44.419] BAD_PACKET[TCP_prs2026hitl_7000] unknown packet ID 0x08; discarded 1 byte
[16:42:44.419] BAD_PACKET[TCP_prs2026hitl_7000] unknown packet ID 0x20; discarded 1 byte
[16:42:44.420] BAD_PACKET[TCP_prs2026hitl_7000] unknown packet ID 0x50; discarded 1 byte
[16:42:44.420] BAD_PACKET[TCP_prs2026hitl_7000] unknown packet ID 0x46; discarded 1 byte
[16:42:44.421] BAD_PACKET[TCP_prs2026hitl_7000] unknown packet ID 0x5e; discarded 1 byte
[16:42:44.421] BAD_PACKET[TCP_prs2026hitl_7000] unknown packet ID 0x40; discarded 1 byte
[16:42:44.421] BAD_PACKET[TCP_prs2026hitl_7000] unknown packet ID 0x5e; discarded 1 byte
[16:42:44.422] BAD_PACKET[TCP_prs2026hitl_7000] unknown packet ID 0x40; discarded 1 byte
[16:42:44.422] BAD_PACKET[TCP_prs2026hitl_7000] unknown packet ID 0x5e; discarded 1 byte
[16:42:44.423] BAD_PACKET[TCP_prs2026hitl_7000] unknown packet ID 0x40; discarded 1 byte
[16:42:44.423] BAD_PACKET[TCP_prs2026hitl_7000] unknown packet ID 0x5e; discarded 1 byte
[16:42:44.423] BAD_PACKET[TCP_prs2026hitl_7000] unknown packet ID 0x40; discarded 1 byte
[16:42:44.424] BAD_PACKET[TCP_prs2026hitl_7000] unknown packet ID 0x5e; discarded 1 byte
[16:42:44.424] BAD_PACKET[TCP_prs2026hitl_7000] unknown packet ID 0x43; discarded 1 byte
[16:42:44.424] BAD_PACKET[TCP_prs2026hitl_7000] unknown packet ID 0x52; discarded 1 byte
[16:42:44.425] BAD_PACKET[TCP_prs2026hitl_7000] unknown packet ID 0x29; discarded 1 byte
[16:42:44.425] BAD_PACKET[TCP_prs2026hitl_7000] unknown packet ID 0x43; discarded 1 byte
[16:42:44.425] BAD_PACKET[TCP_prs2026hitl_7000] unknown packet ID 0x50; discarded 1 byte
[16:42:44.426] BAD_PACKET[TCP_prs2026hitl_7000] unknown packet ID 0x0d; discarded 1 byte
[16:42:44.426] BAD_PACKET[TCP_prs2026hitl_7000] unknown packet ID 0x0a; discarded 1 byte
[16:42:44.426] BAD_PACKET[TCP_prs2026hitl_7000] unknown packet ID 0x57; discarded 1 byte
[16:42:44.426] BAD_PACKET[TCP_prs2026hitl_7000] unknown packet ID 0x20; discarded 1 byte
[16:42:44.428] BAD_PACKET[TCP_prs2026hitl_7000] unknown packet ID 0x28; discarded 1 byte
[16:42:44.428] BAD_PACKET[TCP_prs2026hitl_7000] unknown packet ID 0x34; discarded 1 byte
[16:42:44.428] BAD_PACKET[TCP_prs2026hitl_7000] unknown packet ID 0x32; discarded 1 byte
[16:42:44.429] BAD_PACKET[TCP_prs2026hitl_7000] unknown packet ID 0x30; discarded 1 byte
[16:42:44.429] BAD_PACKET[TCP_prs2026hitl_7000] unknown packet ID 0x30; discarded 1 byte
[16:42:44.429] BAD_PACKET[TCP_prs2026hitl_7000] unknown packet ID 0x38; discarded 1 byte
[16:42:44.429] BAD_PACKET[TCP_prs2026hitl_7000] unknown packet ID 0x29; discarded 1 byte
[16:42:44.430] BAD_PACKET[TCP_prs2026hitl_7000] unknown packet ID 0x20; discarded 1 byte
[16:42:44.430] BAD_PACKET[TCP_prs2026hitl_7000] unknown packet ID 0x73; discarded 1 byte
[16:42:44.430] BAD_PACKET[TCP_prs2026hitl_7000] unknown packet ID 0x65; discarded 1 byte
[16:42:44.431] BAD_PACKET[TCP_prs2026hitl_7000] unknown packet ID 0x72; discarded 1 byte
[16:42:44.431] BAD_PACKET[TCP_prs2026hitl_7000] unknown packet ID 0x69; discarded 1 byte
[16:42:44.431] BAD_PACKET[TCP_prs2026hitl_7000] unknown packet ID 0x61; discarded 1 byte
[16:42:44.431] BAD_PACKET[TCP_prs2026hitl_7000] unknown packet ID 0x6c; discarded 1 byte
[16:42:44.432] BAD_PACKET[TCP_prs2026hitl_7000] unknown packet ID 0x5f; discarded 1 byte
[16:42:44.432] BAD_PACKET[TCP_prs2026hitl_7000] unknown packet ID 0x63; discarded 1 byte
[16:42:44.432] BAD_PACKET[TCP_prs2026hitl_7000] unknown packet ID 0x6f; discarded 1 byte
[16:42:44.433] BAD_PACKET[TCP_prs2026hitl_7000] unknown packet ID 0x6d; discarded 1 byte
[16:42:44.433] BAD_PACKET[TCP_prs2026hitl_7000] unknown packet ID 0x6d; discarded 1 byte
[16:42:44.433] BAD_PACKET[TCP_prs2026hitl_7000] unknown packet ID 0x61; discarded 1 byte
[16:42:44.433] BAD_PACKET[TCP_prs2026hitl_7000] unknown packet ID 0x6e; discarded 1 byte
[16:42:44.434] BAD_PACKET[TCP_prs2026hitl_7000] unknown packet ID 0x64; discarded 1 byte
[16:42:44.434] BAD_PACKET[TCP_prs2026hitl_7000] unknown packet ID 0x3a; discarded 1 byte
[16:42:44.435] BAD_PACKET[TCP_prs2026hitl_7000] unknown packet ID 0x20; discarded 1 byte
[16:42:44.435] BAD_PACKET[TCP_prs2026hitl_7000] unknown packet ID 0x75; discarded 1 byte
[16:42:44.435] BAD_PACKET[TCP_prs2026hitl_7000] unknown packet ID 0x6e; discarded 1 byte
[16:42:44.436] BAD_PACKET[TCP_prs2026hitl_7000] unknown packet ID 0x6b; discarded 1 byte
[16:42:44.436] BAD_PACKET[TCP_prs2026hitl_7000] unknown packet ID 0x6e; discarded 1 byte
[16:42:44.436] BAD_PACKET[TCP_prs2026hitl_7000] unknown packet ID 0x6f; discarded 1 byte
[16:42:44.436] BAD_PACKET[TCP_prs2026hitl_7000] unknown packet ID 0x77; discarded 1 byte
[16:42:44.437] BAD_PACKET[TCP_prs2026hitl_7000] unknown packet ID 0x6e; discarded 1 byte
[16:42:44.437] BAD_PACKET[TCP_prs2026hitl_7000] unknown packet ID 0x20; discarded 1 byte
[16:42:44.437] BAD_PACKET[TCP_prs2026hitl_7000] unknown packet ID 0x63; discarded 1 byte
[16:42:44.438] BAD_PACKET[TCP_prs2026hitl_7000] unknown packet ID 0x6f; discarded 1 byte
[16:42:44.438] BAD_PACKET[TCP_prs2026hitl_7000] unknown packet ID 0x6d; discarded 1 byte
[16:42:44.438] BAD_PACKET[TCP_prs2026hitl_7000] unknown packet ID 0x6d; discarded 1 byte
[16:42:44.438] BAD_PACKET[TCP_prs2026hitl_7000] unknown packet ID 0x61; discarded 1 byte
[16:42:44.439] BAD_PACKET[TCP_prs2026hitl_7000] unknown packet ID 0x6e; discarded 1 byte
[16:42:44.439] BAD_PACKET[TCP_prs2026hitl_7000] unknown packet ID 0x64; discarded 1 byte
[16:42:44.439] BAD_PACKET[TCP_prs2026hitl_7000] unknown packet ID 0x3a; discarded 1 byte
[16:42:44.440] BAD_PACKET[TCP_prs2026hitl_7000] unknown packet ID 0x20; discarded 1 byte
[16:42:44.440] BAD_PACKET[TCP_prs2026hitl_7000] bad EOF for 0xff: expected 0x0a, got 0x40; payload=ff 5e 40 5e 40 5e
[16:42:44.440] BAD_PACKET[TCP_prs2026hitl_7000] unknown packet ID 0x5e; discarded 1 byte
[16:42:44.440] BAD_PACKET[TCP_prs2026hitl_7000] unknown packet ID 0x40; discarded 1 byte
[16:42:44.441] BAD_PACKET[TCP_prs2026hitl_7000] unknown packet ID 0x5e; discarded 1 byte
[16:42:44.441] BAD_PACKET[TCP_prs2026hitl_7000] unknown packet ID 0x48; discarded 1 byte
[16:42:44.441] BAD_PACKET[TCP_prs2026hitl_7000] unknown packet ID 0x46; discarded 1 byte
[16:42:44.442] BAD_PACKET[TCP_prs2026hitl_7000] unknown packet ID 0x0d; discarded 1 byte
[16:42:44.442] BAD_PACKET[TCP_prs2026hitl_7000] unknown packet ID 0x0a; discarded 1 byte
[16:42:44.442] BAD_PACKET[TCP_prs2026hitl_7000] unknown packet ID 0x57; discarded 1 byte
[16:42:44.442] BAD_PACKET[TCP_prs2026hitl_7000] unknown packet ID 0x20; discarded 1 byte
[16:42:44.443] BAD_PACKET[TCP_prs2026hitl_7000] unknown packet ID 0x28; discarded 1 byte
[16:42:44.443] BAD_PACKET[TCP_prs2026hitl_7000] unknown packet ID 0x34; discarded 1 byte
[16:42:44.443] BAD_PACKET[TCP_prs2026hitl_7000] unknown packet ID 0x32; discarded 1 byte
[16:42:44.444] BAD_PACKET[TCP_prs2026hitl_7000] unknown packet ID 0x30; discarded 1 byte
[16:42:44.444] BAD_PACKET[TCP_prs2026hitl_7000] unknown packet ID 0x30; discarded 1 byte
[16:42:44.444] BAD_PACKET[TCP_prs2026hitl_7000] unknown packet ID 0x38; discarded 1 byte
[16:42:44.444] BAD_PACKET[TCP_prs2026hitl_7000] unknown packet ID 0x29; discarded 1 byte
[16:42:44.445] BAD_PACKET[TCP_prs2026hitl_7000] unknown packet ID 0x20; discarded 1 byte
[16:42:44.445] BAD_PACKET[TCP_prs2026hitl_7000] unknown packet ID 0x73; discarded 1 byte
[16:42:44.446] BAD_PACKET[TCP_prs2026hitl_7000] unknown packet ID 0x65; discarded 1 byte
[16:42:44.446] BAD_PACKET[TCP_prs2026hitl_7000] unknown packet ID 0x72; discarded 1 byte
[16:42:44.446] BAD_PACKET[TCP_prs2026hitl_7000] unknown packet ID 0x69; discarded 1 byte
[16:42:44.446] BAD_PACKET[TCP_prs2026hitl_7000] unknown packet ID 0x61; discarded 1 byte
[16:42:44.447] BAD_PACKET[TCP_prs2026hitl_7000] unknown packet ID 0x6c; discarded 1 byte
[16:42:44.447] BAD_PACKET[TCP_prs2026hitl_7000] unknown packet ID 0x5f; discarded 1 byte
[16:42:44.447] BAD_PACKET[TCP_prs2026hitl_7000] unknown packet ID 0x63; discarded 1 byte
[16:42:44.448] BAD_PACKET[TCP_prs2026hitl_7000] unknown packet ID 0x6f; discarded 1 byte
[16:42:44.448] BAD_PACKET[TCP_prs2026hitl_7000] unknown packet ID 0x6d; discarded 1 byte
[16:42:44.448] BAD_PACKET[TCP_prs2026hitl_7000] unknown packet ID 0x6d; discarded 1 byte
[16:42:44.448] BAD_PACKET[TCP_prs2026hitl_7000] unknown packet ID 0x61; discarded 1 byte
[16:42:44.449] BAD_PACKET[TCP_prs2026hitl_7000] unknown packet ID 0x6e; discarded 1 byte
[16:42:44.449] BAD_PACKET[TCP_prs2026hitl_7000] unknown packet ID 0x64; discarded 1 byte
[16:42:44.449] BAD_PACKET[TCP_prs2026hitl_7000] unknown packet ID 0x3a; discarded 1 byte
[16:42:44.449] BAD_PACKET[TCP_prs2026hitl_7000] unknown packet ID 0x20; discarded 1 byte
[16:42:44.450] BAD_PACKET[TCP_prs2026hitl_7000] unknown packet ID 0x75; discarded 1 byte
[16:42:44.450] BAD_PACKET[TCP_prs2026hitl_7000] unknown packet ID 0x6e; discarded 1 byte
[16:42:44.450] BAD_PACKET[TCP_prs2026hitl_7000] unknown packet ID 0x6b; discarded 1 byte
[16:42:44.451] BAD_PACKET[TCP_prs2026hitl_7000] unknown packet ID 0x6e; discarded 1 byte
[16:42:44.451] BAD_PACKET[TCP_prs2026hitl_7000] unknown packet ID 0x6f; discarded 1 byte
[16:42:44.451] BAD_PACKET[TCP_prs2026hitl_7000] unknown packet ID 0x77; discarded 1 byte
[16:42:44.452] BAD_PACKET[TCP_prs2026hitl_7000] unknown packet ID 0x6e; discarded 1 byte
[16:42:44.452] BAD_PACKET[TCP_prs2026hitl_7000] unknown packet ID 0x20; discarded 1 byte
[16:42:44.452] BAD_PACKET[TCP_prs2026hitl_7000] unknown packet ID 0x63; discarded 1 byte
[16:42:44.452] BAD_PACKET[TCP_prs2026hitl_7000] unknown packet ID 0x6f; discarded 1 byte
[16:42:44.453] BAD_PACKET[TCP_prs2026hitl_7000] unknown packet ID 0x6d; discarded 1 byte
[16:42:44.453] BAD_PACKET[TCP_prs2026hitl_7000] unknown packet ID 0x6d; discarded 1 byte
[16:42:44.453] BAD_PACKET[TCP_prs2026hitl_7000] unknown packet ID 0x61; discarded 1 byte
[16:42:44.453] BAD_PACKET[TCP_prs2026hitl_7000] unknown packet ID 0x6e; discarded 1 byte
[16:42:44.454] BAD_PACKET[TCP_prs2026hitl_7000] unknown packet ID 0x64; discarded 1 byte
[16:42:44.454] BAD_PACKET[TCP_prs2026hitl_7000] unknown packet ID 0x3a; discarded 1 byte
[16:42:44.454] BAD_PACKET[TCP_prs2026hitl_7000] unknown packet ID 0x20; discarded 1 byte
[16:42:44.455] BAD_PACKET[TCP_prs2026hitl_7000] unknown packet ID 0x5e; discarded 1 byte
[16:42:44.455] BAD_PACKET[TCP_prs2026hitl_7000] unknown packet ID 0x41; discarded 1 byte
[16:42:44.455] BAD_PACKET[TCP_prs2026hitl_7000] unknown packet ID 0x5e; discarded 1 byte
[16:42:44.456] BAD_PACKET[TCP_prs2026hitl_7000] unknown packet ID 0x4f; discarded 1 byte
[16:42:44.456] BAD_PACKET[TCP_prs2026hitl_7000] unknown packet ID 0x5e; discarded 1 byte
[16:42:44.456] BAD_PACKET[TCP_prs2026hitl_7000] unknown packet ID 0x40; discarded 1 byte
[16:42:44.456] BAD_PACKET[TCP_prs2026hitl_7000] unknown packet ID 0x5e; discarded 1 byte
[16:42:44.457] BAD_PACKET[TCP_prs2026hitl_7000] unknown packet ID 0x40; discarded 1 byte
[16:42:44.457] BAD_PACKET[TCP_prs2026hitl_7000] unknown packet ID 0x5e; discarded 1 byte
[16:42:44.457] BAD_PACKET[TCP_prs2026hitl_7000] unknown packet ID 0x40; discarded 1 byte
[16:42:44.458] BAD_PACKET[TCP_prs2026hitl_7000] bad EOF for 0xff: expected 0x0a, got 0x5e; payload=ff da 35 ff ff d6
[16:42:44.458] BAD_PACKET[TCP_prs2026hitl_7000] unknown packet ID 0x40; discarded 1 byte
[16:42:44.458] BAD_PACKET[TCP_prs2026hitl_7000] unknown packet ID 0x08; discarded 1 byte
[16:42:44.459] BAD_PACKET[TCP_prs2026hitl_7000] unknown packet ID 0x20; discarded 1 byte
[16:42:44.459] BAD_PACKET[TCP_prs2026hitl_7000] unknown packet ID 0x08; discarded 1 byte
[16:42:44.459] BAD_PACKET[TCP_prs2026hitl_7000] unknown packet ID 0x08; discarded 1 byte
[16:42:44.459] BAD_PACKET[TCP_prs2026hitl_7000] unknown packet ID 0x20; discarded 1 byte
[16:42:44.460] BAD_PACKET[TCP_prs2026hitl_7000] unknown packet ID 0x08; discarded 1 byte
[16:42:44.460] BAD_PACKET[TCP_prs2026hitl_7000] unknown packet ID 0x08; discarded 1 byte
[16:42:44.460] BAD_PACKET[TCP_prs2026hitl_7000] unknown packet ID 0x20; discarded 1 byte
[16:42:44.461] BAD_PACKET[TCP_prs2026hitl_7000] unknown packet ID 0x08; discarded 1 byte
[16:42:44.461] BAD_PACKET[TCP_prs2026hitl_7000] unknown packet ID 0x08; discarded 1 byte
[16:42:44.461] BAD_PACKET[TCP_prs2026hitl_7000] bad EOF for 0x01: expected 0x0a, got 0x00; payload=0b 00 00 00 a3 be 00 00 00 00 59 12 ff ff da 72 ff ff d7 00 28
[16:42:44.462] BAD_PACKET[TCP_prs2026hitl_7000] unknown packet ID 0x00; discarded 1 byte
[16:42:44.462] BAD_PACKET[TCP_prs2026hitl_7000] unknown packet ID 0x0a; discarded 1 byte
[16:42:44.462] BAD_PACKET[TCP_prs2026hitl_7000] unknown packet ID 0x20; discarded 1 byte
[16:42:44.463] BAD_PACKET[TCP_prs2026hitl_7000] unknown packet ID 0x08; discarded 1 byte
[16:42:44.464] BAD_PACKET[TCP_prs2026hitl_7000] unknown packet ID 0x08; discarded 1 byte
[16:42:44.464] BAD_PACKET[TCP_prs2026hitl_7000] unknown packet ID 0x20; discarded 1 byte
[16:42:44.464] BAD_PACKET[TCP_prs2026hitl_7000] unknown packet ID 0x08; discarded 1 byte
[16:42:44.465] BAD_PACKET[TCP_prs2026hitl_7000] unknown packet ID 0x08; discarded 1 byte
[16:42:44.465] BAD_PACKET[TCP_prs2026hitl_7000] unknown packet ID 0x20; discarded 1 byte
[16:42:44.465] BAD_PACKET[TCP_prs2026hitl_7000] unknown packet ID 0x08; discarded 1 byte
[16:42:44.466] BAD_PACKET[TCP_prs2026hitl_7000] unknown packet ID 0x08; discarded 1 byte
[16:42:44.466] BAD_PACKET[TCP_prs2026hitl_7000] unknown packet ID 0x20; discarded 1 byte
[16:42:44.466] BAD_PACKET[TCP_prs2026hitl_7000] unknown packet ID 0x08; discarded 1 byte
[16:42:44.466] BAD_PACKET[TCP_prs2026hitl_7000] unknown packet ID 0x08; discarded 1 byte
[16:42:44.467] BAD_PACKET[TCP_prs2026hitl_7000] unknown packet ID 0x20; discarded 1 byte
[16:42:44.467] BAD_PACKET[TCP_prs2026hitl_7000] unknown packet ID 0x08; discarded 1 byte
[16:42:44.467] BAD_PACKET[TCP_prs2026hitl_7000] unknown packet ID 0x08; discarded 1 byte
[16:42:44.467] BAD_PACKET[TCP_prs2026hitl_7000] unknown packet ID 0x20; discarded 1 byte
[16:42:44.468] BAD_PACKET[TCP_prs2026hitl_7000] unknown packet ID 0x08; discarded 1 byte
[16:42:44.468] BAD_PACKET[TCP_prs2026hitl_7000] unknown packet ID 0x08; discarded 1 byte
[16:42:44.468] BAD_PACKET[TCP_prs2026hitl_7000] unknown packet ID 0x20; discarded 1 byte
[16:42:44.468] BAD_PACKET[TCP_prs2026hitl_7000] unknown packet ID 0x08; discarded 1 byte
[16:42:44.469] BAD_PACKET[TCP_prs2026hitl_7000] unknown packet ID 0x08; discarded 1 byte
[16:42:44.469] BAD_PACKET[TCP_prs2026hitl_7000] unknown packet ID 0x20; discarded 1 byte
[16:42:44.469] BAD_PACKET[TCP_prs2026hitl_7000] unknown packet ID 0x08; discarded 1 byte
[16:42:44.470] BAD_PACKET[TCP_prs2026hitl_7000] unknown packet ID 0x20; discarded 1 byte
[16:42:44.470] BAD_PACKET[TCP_prs2026hitl_7000] unknown packet ID 0x08; discarded 1 byte
[16:42:44.470] BAD_PACKET[TCP_prs2026hitl_7000] unknown packet ID 0x08; discarded 1 byte
[16:42:44.471] BAD_PACKET[TCP_prs2026hitl_7000] unknown packet ID 0x20; discarded 1 byte
[16:42:44.471] BAD_PACKET[TCP_prs2026hitl_7000] unknown packet ID 0x08; discarded 1 byte
[16:42:44.472] BAD_PACKET[TCP_prs2026hitl_7000] unknown packet ID 0x08; discarded 1 byte
[16:42:44.472] BAD_PACKET[TCP_prs2026hitl_7000] unknown packet ID 0x20; discarded 1 byte
[16:42:44.472] BAD_PACKET[TCP_prs2026hitl_7000] unknown packet ID 0x08; discarded 1 byte
[16:42:44.472] BAD_PACKET[TCP_prs2026hitl_7000] unknown packet ID 0x08; discarded 1 byte
[16:42:44.476] BAD_PACKET[TCP_prs2026hitl_7000] unknown packet ID 0x20; discarded 1 byte
[16:42:44.476] BAD_PACKET[TCP_prs2026hitl_7000] unknown packet ID 0x08; discarded 1 byte
[16:42:44.477] BAD_PACKET[TCP_prs2026hitl_7000] unknown packet ID 0x08; discarded 1 byte
[16:42:44.477] BAD_PACKET[TCP_prs2026hitl_7000] unknown packet ID 0x20; discarded 1 byte
[16:42:44.477] BAD_PACKET[TCP_prs2026hitl_7000] unknown packet ID 0x08; discarded 1 byte
[16:42:44.478] BAD_PACKET[TCP_prs2026hitl_7000] unknown packet ID 0x08; discarded 1 byte
[16:42:44.478] BAD_PACKET[TCP_prs2026hitl_7000] unknown packet ID 0x08; discarded 1 byte
[16:42:44.478] BAD_PACKET[TCP_prs2026hitl_7000] unknown packet ID 0x20; discarded 1 byte
[16:42:44.478] BAD_PACKET[TCP_prs2026hitl_7000] unknown packet ID 0x08; discarded 1 byte
[16:42:44.479] BAD_PACKET[TCP_prs2026hitl_7000] unknown packet ID 0x08; discarded 1 byte
[16:42:44.479] BAD_PACKET[TCP_prs2026hitl_7000] unknown packet ID 0x20; discarded 1 byte
[16:42:44.479] BAD_PACKET[TCP_prs2026hitl_7000] unknown packet ID 0x08; discarded 1 byte
[16:42:44.479] BAD_PACKET[TCP_prs2026hitl_7000] unknown packet ID 0x08; discarded 1 byte
[16:42:44.480] BAD_PACKET[TCP_prs2026hitl_7000] unknown packet ID 0x08; discarded 1 byte
[16:42:44.480] BAD_PACKET[TCP_prs2026hitl_7000] unknown packet ID 0x20; discarded 1 byte
[16:42:44.480] BAD_PACKET[TCP_prs2026hitl_7000] unknown packet ID 0x08; discarded 1 byte
[16:42:44.481] BAD_PACKET[TCP_prs2026hitl_7000] unknown packet ID 0x08; discarded 1 byte
[16:42:44.481] BAD_PACKET[TCP_prs2026hitl_7000] unknown packet ID 0x20; discarded 1 byte
[16:42:44.481] BAD_PACKET[TCP_prs2026hitl_7000] unknown packet ID 0x08; discarded 1 byte
[16:42:44.481] BAD_PACKET[TCP_prs2026hitl_7000] unknown packet ID 0x20; discarded 1 byte
[16:42:44.482] BAD_PACKET[TCP_prs2026hitl_7000] unknown packet ID 0x08; discarded 1 byte
[16:42:44.482] BAD_PACKET[TCP_prs2026hitl_7000] unknown packet ID 0x08; discarded 1 byte
[16:42:44.482] BAD_PACKET[TCP_prs2026hitl_7000] unknown packet ID 0x20; discarded 1 byte
[16:42:44.482] BAD_PACKET[TCP_prs2026hitl_7000] unknown packet ID 0x08; discarded 1 byte
[16:42:44.483] BAD_PACKET[TCP_prs2026hitl_7000] unknown packet ID 0x08; discarded 1 byte
[16:42:44.483] BAD_PACKET[TCP_prs2026hitl_7000] unknown packet ID 0x08; discarded 1 byte
[16:42:44.483] BAD_PACKET[TCP_prs2026hitl_7000] unknown packet ID 0x23; discarded 1 byte
[16:42:44.484] BAD_PACKET[TCP_prs2026hitl_7000] unknown packet ID 0x0d; discarded 1 byte
[16:42:44.485] BAD_PACKET[TCP_prs2026hitl_7000] unknown packet ID 0x0a; discarded 1 byte
[16:42:44.485] BAD_PACKET[TCP_prs2026hitl_7000] unknown packet ID 0x20; discarded 1 byte
[16:42:44.486] BAD_PACKET[TCP_prs2026hitl_7000] unknown packet ID 0x08; discarded 1 byte
[16:42:44.486] BAD_PACKET[TCP_prs2026hitl_7000] unknown packet ID 0x08; discarded 1 byte
[16:42:44.486] BAD_PACKET[TCP_prs2026hitl_7000] unknown packet ID 0x20; discarded 1 byte
[16:42:44.486] BAD_PACKET[TCP_prs2026hitl_7000] unknown packet ID 0x08; discarded 1 byte
[16:42:44.487] BAD_PACKET[TCP_prs2026hitl_7000] unknown packet ID 0x08; discarded 1 byte
[16:42:44.487] BAD_PACKET[TCP_prs2026hitl_7000] unknown packet ID 0x20; discarded 1 byte
[16:42:44.487] BAD_PACKET[TCP_prs2026hitl_7000] unknown packet ID 0x08; discarded 1 byte
[16:42:44.488] BAD_PACKET[TCP_prs2026hitl_7000] unknown packet ID 0x08; discarded 1 byte
[16:42:44.488] BAD_PACKET[TCP_prs2026hitl_7000] unknown packet ID 0x20; discarded 1 byte
[16:42:44.488] BAD_PACKET[TCP_prs2026hitl_7000] unknown packet ID 0x08; discarded 1 byte
[16:42:44.488] BAD_PACKET[TCP_prs2026hitl_7000] unknown packet ID 0x08; discarded 1 byte
[16:42:44.489] BAD_PACKET[TCP_prs2026hitl_7000] unknown packet ID 0x20; discarded 1 byte
[16:42:44.489] BAD_PACKET[TCP_prs2026hitl_7000] unknown packet ID 0x08; discarded 1 byte
[16:42:44.489] BAD_PACKET[TCP_prs2026hitl_7000] unknown packet ID 0x08; discarded 1 byte
[16:42:44.489] BAD_PACKET[TCP_prs2026hitl_7000] unknown packet ID 0x20; discarded 1 byte
[16:42:44.490] BAD_PACKET[TCP_prs2026hitl_7000] unknown packet ID 0x08; discarded 1 byte
[16:42:44.490] BAD_PACKET[TCP_prs2026hitl_7000] unknown packet ID 0x08; discarded 1 byte
[16:42:44.490] BAD_PACKET[TCP_prs2026hitl_7000] unknown packet ID 0x20; discarded 1 byte
[16:42:44.491] BAD_PACKET[TCP_prs2026hitl_7000] unknown packet ID 0x08; discarded 1 byte
[16:42:44.491] BAD_PACKET[TCP_prs2026hitl_7000] unknown packet ID 0x08; discarded 1 byte
[16:42:44.492] BAD_PACKET[TCP_prs2026hitl_7000] unknown packet ID 0x20; discarded 1 byte
[16:42:44.492] BAD_PACKET[TCP_prs2026hitl_7000] unknown packet ID 0x08; discarded 1 byte
[16:42:44.493] BAD_PACKET[TCP_prs2026hitl_7000] unknown packet ID 0x08; discarded 1 byte
[16:42:44.493] BAD_PACKET[TCP_prs2026hitl_7000] unknown packet ID 0x20; discarded 1 byte
[16:42:44.493] BAD_PACKET[TCP_prs2026hitl_7000] unknown packet ID 0x08; discarded 1 byte
[16:42:44.494] BAD_PACKET[TCP_prs2026hitl_7000] unknown packet ID 0x08; discarded 1 byte
[16:42:44.494] BAD_PACKET[TCP_prs2026hitl_7000] unknown packet ID 0x20; discarded 1 byte
[16:42:44.494] BAD_PACKET[TCP_prs2026hitl_7000] unknown packet ID 0x08; discarded 1 byte
[16:42:44.494] BAD_PACKET[TCP_prs2026hitl_7000] unknown packet ID 0x08; discarded 1 byte
[16:42:44.495] BAD_PACKET[TCP_prs2026hitl_7000] unknown packet ID 0x20; discarded 1 byte
[16:42:44.495] BAD_PACKET[TCP_prs2026hitl_7000] unknown packet ID 0x08; discarded 1 byte
[16:42:44.495] BAD_PACKET[TCP_prs2026hitl_7000] unknown packet ID 0x08; discarded 1 byte
[16:42:44.495] BAD_PACKET[TCP_prs2026hitl_7000] unknown packet ID 0x20; discarded 1 byte
[16:42:44.496] BAD_PACKET[TCP_prs2026hitl_7000] unknown packet ID 0x08; discarded 1 byte
[16:42:44.496] BAD_PACKET[TCP_prs2026hitl_7000] unknown packet ID 0x08; discarded 1 byte
[16:42:44.496] BAD_PACKET[TCP_prs2026hitl_7000] unknown packet ID 0x20; discarded 1 byte
[16:42:44.497] BAD_PACKET[TCP_prs2026hitl_7000] unknown packet ID 0x08; discarded 1 byte
[16:42:44.497] BAD_PACKET[TCP_prs2026hitl_7000] unknown packet ID 0x08; discarded 1 byte
[16:42:44.498] BAD_PACKET[TCP_prs2026hitl_7000] unknown packet ID 0x20; discarded 1 byte
[16:42:44.499] BAD_PACKET[TCP_prs2026hitl_7000] unknown packet ID 0x08; discarded 1 byte
[16:42:44.500] BAD_PACKET[TCP_prs2026hitl_7000] unknown packet ID 0x08; discarded 1 byte
[16:42:44.501] BAD_PACKET[TCP_prs2026hitl_7000] unknown packet ID 0x20; discarded 1 byte
[16:42:44.501] BAD_PACKET[TCP_prs2026hitl_7000] unknown packet ID 0x08; discarded 1 byte
[16:42:44.501] BAD_PACKET[TCP_prs2026hitl_7000] unknown packet ID 0x5e; discarded 1 byte
[16:42:44.502] BAD_PACKET[TCP_prs2026hitl_7000] unknown packet ID 0x40; discarded 1 byte
[16:42:44.502] BAD_PACKET[TCP_prs2026hitl_7000] unknown packet ID 0x25; discarded 1 byte
[16:42:44.502] BAD_PACKET[TCP_prs2026hitl_7000] unknown packet ID 0x0d; discarded 1 byte
[16:42:44.502] BAD_PACKET[TCP_prs2026hitl_7000] unknown packet ID 0x0a; discarded 1 byte
[16:42:44.503] BAD_PACKET[TCP_prs2026hitl_7000] unknown packet ID 0x31; discarded 1 byte
[16:42:44.503] BAD_PACKET[TCP_prs2026hitl_7000] unknown packet ID 0x5e; discarded 1 byte
[16:42:44.503] BAD_PACKET[TCP_prs2026hitl_7000] unknown packet ID 0x41; discarded 1 byte
[16:42:44.504] BAD_PACKET[TCP_prs2026hitl_7000] unknown packet ID 0x5e; discarded 1 byte
[16:42:44.504] BAD_PACKET[TCP_prs2026hitl_7000] unknown packet ID 0x4f; discarded 1 byte
[16:42:44.504] BAD_PACKET[TCP_prs2026hitl_7000] unknown packet ID 0x5e; discarded 1 byte
[16:42:44.504] BAD_PACKET[TCP_prs2026hitl_7000] unknown packet ID 0x40; discarded 1 byte
[16:42:44.505] BAD_PACKET[TCP_prs2026hitl_7000] unknown packet ID 0x5e; discarded 1 byte
[16:42:44.505] BAD_PACKET[TCP_prs2026hitl_7000] unknown packet ID 0x40; discarded 1 byte
[16:42:44.506] BAD_PACKET[TCP_prs2026hitl_7000] unknown packet ID 0x5e; discarded 1 byte
[16:42:44.506] BAD_PACKET[TCP_prs2026hitl_7000] unknown packet ID 0x40; discarded 1 byte
[16:42:44.507] BAD_PACKET[TCP_prs2026hitl_7000] unknown packet ID 0x5e; discarded 1 byte
[16:42:44.507] BAD_PACKET[TCP_prs2026hitl_7000] unknown packet ID 0x4b; discarded 1 byte
[16:42:44.507] BAD_PACKET[TCP_prs2026hitl_7000] unknown packet ID 0x66; discarded 1 byte
[16:42:44.508] BAD_PACKET[TCP_prs2026hitl_7000] unknown packet ID 0x5e; discarded 1 byte
[16:42:44.508] BAD_PACKET[TCP_prs2026hitl_7000] unknown packet ID 0x40; discarded 1 byte
[16:42:44.509] BAD_PACKET[TCP_prs2026hitl_7000] unknown packet ID 0x5e; discarded 1 byte
[16:42:44.509] BAD_PACKET[TCP_prs2026hitl_7000] unknown packet ID 0x40; discarded 1 byte
[16:42:44.509] BAD_PACKET[TCP_prs2026hitl_7000] unknown packet ID 0x5e; discarded 1 byte
[16:42:44.510] BAD_PACKET[TCP_prs2026hitl_7000] unknown packet ID 0x4c; discarded 1 byte
[16:42:44.510] BAD_PACKET[TCP_prs2026hitl_7000] unknown packet ID 0x5e; discarded 1 byte
[16:42:44.510] BAD_PACKET[TCP_prs2026hitl_7000] unknown packet ID 0x40; discarded 1 byte
[16:42:44.510] BAD_PACKET[TCP_prs2026hitl_7000] unknown packet ID 0x58; discarded 1 byte
[16:42:44.511] BAD_PACKET[TCP_prs2026hitl_7000] bad EOF for 0xe1: expected 0x0a, got 0x08; payload=ff ff da 5e 45 ff ff d7 5e 40 08 20
[16:42:44.511] BAD_PACKET[TCP_prs2026hitl_7000] unknown packet ID 0x08; discarded 1 byte
[16:42:44.511] BAD_PACKET[TCP_prs2026hitl_7000] unknown packet ID 0x20; discarded 1 byte
[16:42:44.512] BAD_PACKET[TCP_prs2026hitl_7000] unknown packet ID 0x08; discarded 1 byte
[16:42:44.512] BAD_PACKET[TCP_prs2026hitl_7000] unknown packet ID 0x08; discarded 1 byte
[16:42:44.512] BAD_PACKET[TCP_prs2026hitl_7000] unknown packet ID 0x20; discarded 1 byte
[16:42:44.512] BAD_PACKET[TCP_prs2026hitl_7000] unknown packet ID 0x08; discarded 1 byte
[16:42:44.513] BAD_PACKET[TCP_prs2026hitl_7000] unknown packet ID 0x08; discarded 1 byte
[16:42:44.513] BAD_PACKET[TCP_prs2026hitl_7000] unknown packet ID 0x20; discarded 1 byte
[16:42:44.513] BAD_PACKET[TCP_prs2026hitl_7000] unknown packet ID 0x08; discarded 1 byte
[16:42:44.513] BAD_PACKET[TCP_prs2026hitl_7000] unknown packet ID 0x08; discarded 1 byte
[16:42:44.514] BAD_PACKET[TCP_prs2026hitl_7000] unknown packet ID 0x20; discarded 1 byte
[16:42:44.515] BAD_PACKET[TCP_prs2026hitl_7000] unknown packet ID 0x08; discarded 1 byte
[16:42:44.515] BAD_PACKET[TCP_prs2026hitl_7000] unknown packet ID 0x08; discarded 1 byte
[16:42:44.515] BAD_PACKET[TCP_prs2026hitl_7000] unknown packet ID 0x20; discarded 1 byte
[16:42:44.515] BAD_PACKET[TCP_prs2026hitl_7000] unknown packet ID 0x08; discarded 1 byte
[16:42:44.516] BAD_PACKET[TCP_prs2026hitl_7000] unknown packet ID 0x08; discarded 1 byte
[16:42:44.516] BAD_PACKET[TCP_prs2026hitl_7000] unknown packet ID 0x20; discarded 1 byte
[16:42:44.516] BAD_PACKET[TCP_prs2026hitl_7000] unknown packet ID 0x08; discarded 1 byte
[16:42:44.516] BAD_PACKET[TCP_prs2026hitl_7000] unknown packet ID 0x08; discarded 1 byte
[16:42:44.517] BAD_PACKET[TCP_prs2026hitl_7000] unknown packet ID 0x20; discarded 1 byte
[16:42:44.517] BAD_PACKET[TCP_prs2026hitl_7000] unknown packet ID 0x08; discarded 1 byte
[16:42:44.517] BAD_PACKET[TCP_prs2026hitl_7000] unknown packet ID 0x08; discarded 1 byte
[16:42:44.518] BAD_PACKET[TCP_prs2026hitl_7000] unknown packet ID 0x20; discarded 1 byte
[16:42:44.518] BAD_PACKET[TCP_prs2026hitl_7000] unknown packet ID 0x08; discarded 1 byte
[16:42:44.518] BAD_PACKET[TCP_prs2026hitl_7000] unknown packet ID 0x08; discarded 1 byte
[16:42:44.518] BAD_PACKET[TCP_prs2026hitl_7000] unknown packet ID 0x20; discarded 1 byte
[16:42:44.519] BAD_PACKET[TCP_prs2026hitl_7000] unknown packet ID 0x08; discarded 1 byte
[16:42:44.519] BAD_PACKET[TCP_prs2026hitl_7000] unknown packet ID 0x08; discarded 1 byte
[16:42:44.520] BAD_PACKET[TCP_prs2026hitl_7000] unknown packet ID 0x20; discarded 1 byte
[16:42:44.521] BAD_PACKET[TCP_prs2026hitl_7000] unknown packet ID 0x08; discarded 1 byte
[16:42:44.521] BAD_PACKET[TCP_prs2026hitl_7000] unknown packet ID 0x08; discarded 1 byte
[16:42:44.522] BAD_PACKET[TCP_prs2026hitl_7000] unknown packet ID 0x20; discarded 1 byte
[16:42:44.522] BAD_PACKET[TCP_prs2026hitl_7000] unknown packet ID 0x08; discarded 1 byte
[16:42:44.522] BAD_PACKET[TCP_prs2026hitl_7000] unknown packet ID 0x08; discarded 1 byte
[16:42:44.522] BAD_PACKET[TCP_prs2026hitl_7000] unknown packet ID 0x20; discarded 1 byte
[16:42:44.523] BAD_PACKET[TCP_prs2026hitl_7000] unknown packet ID 0x08; discarded 1 byte
[16:42:44.523] BAD_PACKET[TCP_prs2026hitl_7000] unknown packet ID 0x08; discarded 1 byte
[16:42:44.523] BAD_PACKET[TCP_prs2026hitl_7000] unknown packet ID 0x20; discarded 1 byte
[16:42:44.524] BAD_PACKET[TCP_prs2026hitl_7000] unknown packet ID 0x08; discarded 1 byte
[16:42:44.524] BAD_PACKET[TCP_prs2026hitl_7000] unknown packet ID 0x08; discarded 1 byte
[16:42:44.524] BAD_PACKET[TCP_prs2026hitl_7000] unknown packet ID 0x20; discarded 1 byte
[16:42:44.524] BAD_PACKET[TCP_prs2026hitl_7000] unknown packet ID 0x08; discarded 1 byte
[16:42:44.525] BAD_PACKET[TCP_prs2026hitl_7000] unknown packet ID 0x08; discarded 1 byte
[16:42:44.525] BAD_PACKET[TCP_prs2026hitl_7000] unknown packet ID 0x20; discarded 1 byte
[16:42:44.525] BAD_PACKET[TCP_prs2026hitl_7000] unknown packet ID 0x08; discarded 1 byte
[16:42:44.525] RX[TCP_prs2026hitl_7000]  08 20 08 08 20 08 08 20 08 08 20 08 08 20 08 08 20 08 08 20 08 08 20 08 08 20 08 08 20 08 08 20 08 08 20 08 08 20 08 08 20 08 08 20 08 08 20 08 57 20 28 34 32 30 31 38 29 20 73 65 72 69 61 6c 5f 63 6f 6d 6d 61 6e 64 3a 20 75 6e 6b 6e 6f 77 6e 20 63 6f 6d 6d 61 6e 64 3a 20 5e 41 5e 20 08 20 08 08 20 08 08 20 08 08 20 08 08 20 08 08 20 08 08 20 08 08 20 08 08 20 08 08 20 08 08 20 08 08 20 08 08 20 08 08 20 08 08 20 08 08 20 08 08 20 08 08 20 08 08 20 08 08 20 08 08 20 08 08 20 08 08 20 08 08 20 08 5e 40 25 0d 0a 5e 20 08 20 08 08 08 08 20 08 08 08 20 5e 40 25 0d 0a 20 40 5e 48 20 5e 48 20 5e 48 5e 40 25 0d 0a 0d 0a 57 20 40 5e 20 5e 48 5e 48 20 5e 48 5e 5e 48 5e 5e 48 5e 48 20 5e 48 5e 48 5e 48 5e 5f 6b 5e 5e 48 20 38 63 40 29 da 57 20 28 34 32 30 31 38 29 20 73 65 72 69 61 6c 5f 63 6f 6d 6d 61 6e 64 3a 20 75 6e 6b 6e 6f 77 6e 20 63 6f 6d 6d 61 6e 64 3a 20 31 5e 41 5e 4f 5e 40 5e 40 5e 40 5e 4b 46 5e 40 5e 40 5e 4c 5e 40 58 e1 ff ff da 5e 45 ff ff d7 5e 40 08 20 08 08 20 08 08 20 08 08 20 08 08 20 08 08 20 08 08 20 08 08 20 08 08 20 08 08 20 08 08 20 08 08 20 08 08 20 08 08 20 08 08 20 08 08 20 08 08 20 08 08 20 08 08 20 08 08 20 08 08 20 08 08 20 08 08 20 08 08 20 08 08 20 08 08 20 08 08 20 08 08 20 08 08 20 08 08 20 08 08 20 08 08 20 08 5e 20 08 20 08 08 08 08 20 08 08 08 20 5e 40 25 0d 0a 57 20 28 34 32 30 31 38 29 20 73 65 72 69 61 6c 5f 63 6f 6d 6d 61 6e 64 3a 20 75 6e 6b 6e 6f 77 6e 20 63 6f 6d 6d 61 6e 64 3a 20 40 5e 48 20 5e 48 20 5e 48 5e 40 25 0d 0a
[16:42:44.527] BAD_PACKET[TCP_prs2026hitl_7000] unknown packet ID 0x08; discarded 1 byte
[16:42:44.528] BAD_PACKET[TCP_prs2026hitl_7000] unknown packet ID 0x20; discarded 1 byte
[16:42:44.530] BAD_PACKET[TCP_prs2026hitl_7000] unknown packet ID 0x08; discarded 1 byte
[16:42:44.531] BAD_PACKET[TCP_prs2026hitl_7000] unknown packet ID 0x08; discarded 1 byte
[16:42:44.533] BAD_PACKET[TCP_prs2026hitl_7000] unknown packet ID 0x20; discarded 1 byte
[16:42:44.533] BAD_PACKET[TCP_prs2026hitl_7000] unknown packet ID 0x08; discarded 1 byte
[16:42:44.534] BAD_PACKET[TCP_prs2026hitl_7000] unknown packet ID 0x08; discarded 1 byte
[16:42:44.535] BAD_PACKET[TCP_prs2026hitl_7000] unknown packet ID 0x20; discarded 1 byte
[16:42:44.536] BAD_PACKET[TCP_prs2026hitl_7000] unknown packet ID 0x08; discarded 1 byte
[16:42:44.537] BAD_PACKET[TCP_prs2026hitl_7000] unknown packet ID 0x08; discarded 1 byte
[16:42:44.538] BAD_PACKET[TCP_prs2026hitl_7000] unknown packet ID 0x20; discarded 1 byte
[16:42:44.540] BAD_PACKET[TCP_prs2026hitl_7000] unknown packet ID 0x08; discarded 1 byte
[16:42:44.542] BAD_PACKET[TCP_prs2026hitl_7000] unknown packet ID 0x08; discarded 1 byte
[16:42:44.543] BAD_PACKET[TCP_prs2026hitl_7000] unknown packet ID 0x20; discarded 1 byte
[16:42:44.544] BAD_PACKET[TCP_prs2026hitl_7000] unknown packet ID 0x08; discarded 1 byte
[16:42:44.544] BAD_PACKET[TCP_prs2026hitl_7000] unknown packet ID 0x08; discarded 1 byte
[16:42:44.544] BAD_PACKET[TCP_prs2026hitl_7000] unknown packet ID 0x20; discarded 1 byte
[16:42:44.545] BAD_PACKET[TCP_prs2026hitl_7000] unknown packet ID 0x08; discarded 1 byte
[16:42:44.545] BAD_PACKET[TCP_prs2026hitl_7000] unknown packet ID 0x08; discarded 1 byte
[16:42:44.545] BAD_PACKET[TCP_prs2026hitl_7000] unknown packet ID 0x20; discarded 1 byte
[16:42:44.546] BAD_PACKET[TCP_prs2026hitl_7000] unknown packet ID 0x08; discarded 1 byte
[16:42:44.546] BAD_PACKET[TCP_prs2026hitl_7000] unknown packet ID 0x08; discarded 1 byte
[16:42:44.546] BAD_PACKET[TCP_prs2026hitl_7000] unknown packet ID 0x20; discarded 1 byte
[16:42:44.546] BAD_PACKET[TCP_prs2026hitl_7000] unknown packet ID 0x08; discarded 1 byte
[16:42:44.547] BAD_PACKET[TCP_prs2026hitl_7000] unknown packet ID 0x08; discarded 1 byte
[16:42:44.547] BAD_PACKET[TCP_prs2026hitl_7000] unknown packet ID 0x20; discarded 1 byte
[16:42:44.547] BAD_PACKET[TCP_prs2026hitl_7000] unknown packet ID 0x08; discarded 1 byte
[16:42:44.547] BAD_PACKET[TCP_prs2026hitl_7000] unknown packet ID 0x08; discarded 1 byte
[16:42:44.548] BAD_PACKET[TCP_prs2026hitl_7000] unknown packet ID 0x20; discarded 1 byte
[16:42:44.548] BAD_PACKET[TCP_prs2026hitl_7000] unknown packet ID 0x08; discarded 1 byte
[16:42:44.548] BAD_PACKET[TCP_prs2026hitl_7000] unknown packet ID 0x08; discarded 1 byte
[16:42:44.548] BAD_PACKET[TCP_prs2026hitl_7000] unknown packet ID 0x20; discarded 1 byte
[16:42:44.549] BAD_PACKET[TCP_prs2026hitl_7000] unknown packet ID 0x08; discarded 1 byte
[16:42:44.549] BAD_PACKET[TCP_prs2026hitl_7000] unknown packet ID 0x08; discarded 1 byte
[16:42:44.549] BAD_PACKET[TCP_prs2026hitl_7000] unknown packet ID 0x20; discarded 1 byte
[16:42:44.550] BAD_PACKET[TCP_prs2026hitl_7000] unknown packet ID 0x08; discarded 1 byte
[16:42:44.550] BAD_PACKET[TCP_prs2026hitl_7000] unknown packet ID 0x08; discarded 1 byte
[16:42:44.550] BAD_PACKET[TCP_prs2026hitl_7000] unknown packet ID 0x20; discarded 1 byte
[16:42:44.551] BAD_PACKET[TCP_prs2026hitl_7000] unknown packet ID 0x08; discarded 1 byte
[16:42:44.551] BAD_PACKET[TCP_prs2026hitl_7000] unknown packet ID 0x08; discarded 1 byte
[16:42:44.551] BAD_PACKET[TCP_prs2026hitl_7000] unknown packet ID 0x20; discarded 1 byte
[16:42:44.552] BAD_PACKET[TCP_prs2026hitl_7000] unknown packet ID 0x08; discarded 1 byte
[16:42:44.552] BAD_PACKET[TCP_prs2026hitl_7000] unknown packet ID 0x08; discarded 1 byte
[16:42:44.552] BAD_PACKET[TCP_prs2026hitl_7000] unknown packet ID 0x20; discarded 1 byte
[16:42:44.552] BAD_PACKET[TCP_prs2026hitl_7000] unknown packet ID 0x08; discarded 1 byte
[16:42:44.553] BAD_PACKET[TCP_prs2026hitl_7000] unknown packet ID 0x08; discarded 1 byte
[16:42:44.553] BAD_PACKET[TCP_prs2026hitl_7000] unknown packet ID 0x20; discarded 1 byte
[16:42:44.553] BAD_PACKET[TCP_prs2026hitl_7000] unknown packet ID 0x08; discarded 1 byte
[16:42:44.553] BAD_PACKET[TCP_prs2026hitl_7000] unknown packet ID 0x57; discarded 1 byte
[16:42:44.554] BAD_PACKET[TCP_prs2026hitl_7000] unknown packet ID 0x20; discarded 1 byte
[16:42:44.554] BAD_PACKET[TCP_prs2026hitl_7000] unknown packet ID 0x28; discarded 1 byte
[16:42:44.554] BAD_PACKET[TCP_prs2026hitl_7000] unknown packet ID 0x34; discarded 1 byte
[16:42:44.555] BAD_PACKET[TCP_prs2026hitl_7000] unknown packet ID 0x32; discarded 1 byte
[16:42:44.556] BAD_PACKET[TCP_prs2026hitl_7000] unknown packet ID 0x30; discarded 1 byte
[16:42:44.556] BAD_PACKET[TCP_prs2026hitl_7000] unknown packet ID 0x31; discarded 1 byte
[16:42:44.557] BAD_PACKET[TCP_prs2026hitl_7000] unknown packet ID 0x38; discarded 1 byte
[16:42:44.557] BAD_PACKET[TCP_prs2026hitl_7000] unknown packet ID 0x29; discarded 1 byte
[16:42:44.557] BAD_PACKET[TCP_prs2026hitl_7000] unknown packet ID 0x20; discarded 1 byte
[16:42:44.557] BAD_PACKET[TCP_prs2026hitl_7000] unknown packet ID 0x73; discarded 1 byte
[16:42:44.558] BAD_PACKET[TCP_prs2026hitl_7000] unknown packet ID 0x65; discarded 1 byte
[16:42:44.558] BAD_PACKET[TCP_prs2026hitl_7000] unknown packet ID 0x72; discarded 1 byte
[16:42:44.558] BAD_PACKET[TCP_prs2026hitl_7000] unknown packet ID 0x69; discarded 1 byte
[16:42:44.558] BAD_PACKET[TCP_prs2026hitl_7000] unknown packet ID 0x61; discarded 1 byte
[16:42:44.559] BAD_PACKET[TCP_prs2026hitl_7000] unknown packet ID 0x6c; discarded 1 byte
[16:42:44.559] BAD_PACKET[TCP_prs2026hitl_7000] unknown packet ID 0x5f; discarded 1 byte
[16:42:44.559] BAD_PACKET[TCP_prs2026hitl_7000] unknown packet ID 0x63; discarded 1 byte
[16:42:44.560] BAD_PACKET[TCP_prs2026hitl_7000] unknown packet ID 0x6f; discarded 1 byte
[16:42:44.560] BAD_PACKET[TCP_prs2026hitl_7000] unknown packet ID 0x6d; discarded 1 byte
[16:42:44.561] BAD_PACKET[TCP_prs2026hitl_7000] unknown packet ID 0x6d; discarded 1 byte
[16:42:44.561] BAD_PACKET[TCP_prs2026hitl_7000] unknown packet ID 0x61; discarded 1 byte
[16:42:44.561] BAD_PACKET[TCP_prs2026hitl_7000] unknown packet ID 0x6e; discarded 1 byte
[16:42:44.562] BAD_PACKET[TCP_prs2026hitl_7000] unknown packet ID 0x64; discarded 1 byte
[16:42:44.562] BAD_PACKET[TCP_prs2026hitl_7000] unknown packet ID 0x3a; discarded 1 byte
[16:42:44.562] BAD_PACKET[TCP_prs2026hitl_7000] unknown packet ID 0x20; discarded 1 byte
[16:42:44.563] BAD_PACKET[TCP_prs2026hitl_7000] unknown packet ID 0x75; discarded 1 byte
[16:42:44.563] BAD_PACKET[TCP_prs2026hitl_7000] unknown packet ID 0x6e; discarded 1 byte
[16:42:44.563] BAD_PACKET[TCP_prs2026hitl_7000] unknown packet ID 0x6b; discarded 1 byte
[16:42:44.563] BAD_PACKET[TCP_prs2026hitl_7000] unknown packet ID 0x6e; discarded 1 byte
[16:42:44.564] BAD_PACKET[TCP_prs2026hitl_7000] unknown packet ID 0x6f; discarded 1 byte
[16:42:44.564] BAD_PACKET[TCP_prs2026hitl_7000] unknown packet ID 0x77; discarded 1 byte
[16:42:44.564] BAD_PACKET[TCP_prs2026hitl_7000] unknown packet ID 0x6e; discarded 1 byte
[16:42:44.564] BAD_PACKET[TCP_prs2026hitl_7000] unknown packet ID 0x20; discarded 1 byte
[16:42:44.565] BAD_PACKET[TCP_prs2026hitl_7000] unknown packet ID 0x63; discarded 1 byte
[16:42:44.565] BAD_PACKET[TCP_prs2026hitl_7000] unknown packet ID 0x6f; discarded 1 byte
[16:42:44.565] BAD_PACKET[TCP_prs2026hitl_7000] unknown packet ID 0x6d; discarded 1 byte
[16:42:44.566] BAD_PACKET[TCP_prs2026hitl_7000] unknown packet ID 0x6d; discarded 1 byte
[16:42:44.566] BAD_PACKET[TCP_prs2026hitl_7000] unknown packet ID 0x61; discarded 1 byte
[16:42:44.566] BAD_PACKET[TCP_prs2026hitl_7000] unknown packet ID 0x6e; discarded 1 byte
[16:42:44.566] BAD_PACKET[TCP_prs2026hitl_7000] unknown packet ID 0x64; discarded 1 byte
[16:42:44.567] BAD_PACKET[TCP_prs2026hitl_7000] unknown packet ID 0x3a; discarded 1 byte
[16:42:44.567] BAD_PACKET[TCP_prs2026hitl_7000] unknown packet ID 0x20; discarded 1 byte
[16:42:44.568] BAD_PACKET[TCP_prs2026hitl_7000] unknown packet ID 0x5e; discarded 1 byte
[16:42:44.568] BAD_PACKET[TCP_prs2026hitl_7000] unknown packet ID 0x41; discarded 1 byte
[16:42:44.569] BAD_PACKET[TCP_prs2026hitl_7000] unknown packet ID 0x5e; discarded 1 byte
[16:42:44.569] BAD_PACKET[TCP_prs2026hitl_7000] unknown packet ID 0x20; discarded 1 byte
[16:42:44.569] BAD_PACKET[TCP_prs2026hitl_7000] unknown packet ID 0x08; discarded 1 byte
[16:42:44.569] BAD_PACKET[TCP_prs2026hitl_7000] unknown packet ID 0x20; discarded 1 byte
[16:42:44.570] BAD_PACKET[TCP_prs2026hitl_7000] unknown packet ID 0x08; discarded 1 byte
[16:42:44.570] BAD_PACKET[TCP_prs2026hitl_7000] unknown packet ID 0x08; discarded 1 byte
[16:42:44.570] BAD_PACKET[TCP_prs2026hitl_7000] unknown packet ID 0x20; discarded 1 byte
[16:42:44.571] BAD_PACKET[TCP_prs2026hitl_7000] unknown packet ID 0x08; discarded 1 byte
[16:42:44.571] BAD_PACKET[TCP_prs2026hitl_7000] unknown packet ID 0x08; discarded 1 byte
[16:42:44.571] BAD_PACKET[TCP_prs2026hitl_7000] unknown packet ID 0x20; discarded 1 byte
[16:42:44.571] BAD_PACKET[TCP_prs2026hitl_7000] unknown packet ID 0x08; discarded 1 byte
[16:42:44.572] BAD_PACKET[TCP_prs2026hitl_7000] unknown packet ID 0x08; discarded 1 byte
[16:42:44.572] BAD_PACKET[TCP_prs2026hitl_7000] unknown packet ID 0x20; discarded 1 byte
[16:42:44.572] BAD_PACKET[TCP_prs2026hitl_7000] unknown packet ID 0x08; discarded 1 byte
[16:42:44.572] BAD_PACKET[TCP_prs2026hitl_7000] unknown packet ID 0x08; discarded 1 byte
[16:42:44.573] BAD_PACKET[TCP_prs2026hitl_7000] unknown packet ID 0x20; discarded 1 byte
[16:42:44.573] BAD_PACKET[TCP_prs2026hitl_7000] unknown packet ID 0x08; discarded 1 byte
[16:42:44.573] BAD_PACKET[TCP_prs2026hitl_7000] unknown packet ID 0x08; discarded 1 byte
[16:42:44.573] BAD_PACKET[TCP_prs2026hitl_7000] unknown packet ID 0x20; discarded 1 byte
[16:42:44.574] BAD_PACKET[TCP_prs2026hitl_7000] unknown packet ID 0x08; discarded 1 byte
[16:42:44.574] BAD_PACKET[TCP_prs2026hitl_7000] unknown packet ID 0x08; discarded 1 byte
[16:42:44.574] BAD_PACKET[TCP_prs2026hitl_7000] unknown packet ID 0x20; discarded 1 byte
[16:42:44.575] BAD_PACKET[TCP_prs2026hitl_7000] unknown packet ID 0x08; discarded 1 byte
[16:42:44.575] BAD_PACKET[TCP_prs2026hitl_7000] unknown packet ID 0x08; discarded 1 byte
[16:42:44.575] BAD_PACKET[TCP_prs2026hitl_7000] unknown packet ID 0x20; discarded 1 byte
[16:42:44.575] BAD_PACKET[TCP_prs2026hitl_7000] unknown packet ID 0x08; discarded 1 byte
[16:42:44.576] BAD_PACKET[TCP_prs2026hitl_7000] unknown packet ID 0x08; discarded 1 byte
[16:42:44.576] BAD_PACKET[TCP_prs2026hitl_7000] unknown packet ID 0x20; discarded 1 byte
[16:42:44.576] BAD_PACKET[TCP_prs2026hitl_7000] unknown packet ID 0x08; discarded 1 byte
[16:42:44.577] BAD_PACKET[TCP_prs2026hitl_7000] unknown packet ID 0x08; discarded 1 byte
[16:42:44.577] BAD_PACKET[TCP_prs2026hitl_7000] unknown packet ID 0x20; discarded 1 byte
[16:42:44.578] BAD_PACKET[TCP_prs2026hitl_7000] unknown packet ID 0x08; discarded 1 byte
[16:42:44.578] BAD_PACKET[TCP_prs2026hitl_7000] unknown packet ID 0x08; discarded 1 byte
[16:42:44.578] BAD_PACKET[TCP_prs2026hitl_7000] unknown packet ID 0x20; discarded 1 byte
[16:42:44.578] BAD_PACKET[TCP_prs2026hitl_7000] unknown packet ID 0x08; discarded 1 byte
[16:42:44.579] BAD_PACKET[TCP_prs2026hitl_7000] unknown packet ID 0x08; discarded 1 byte
[16:42:44.579] BAD_PACKET[TCP_prs2026hitl_7000] unknown packet ID 0x20; discarded 1 byte
[16:42:44.579] BAD_PACKET[TCP_prs2026hitl_7000] unknown packet ID 0x08; discarded 1 byte
[16:42:44.579] BAD_PACKET[TCP_prs2026hitl_7000] unknown packet ID 0x08; discarded 1 byte
[16:42:44.580] BAD_PACKET[TCP_prs2026hitl_7000] unknown packet ID 0x20; discarded 1 byte
[16:42:44.580] BAD_PACKET[TCP_prs2026hitl_7000] unknown packet ID 0x08; discarded 1 byte
[16:42:44.580] BAD_PACKET[TCP_prs2026hitl_7000] unknown packet ID 0x08; discarded 1 byte
[16:42:44.580] BAD_PACKET[TCP_prs2026hitl_7000] unknown packet ID 0x20; discarded 1 byte
[16:42:44.581] BAD_PACKET[TCP_prs2026hitl_7000] unknown packet ID 0x08; discarded 1 byte
[16:42:44.581] BAD_PACKET[TCP_prs2026hitl_7000] unknown packet ID 0x08; discarded 1 byte
[16:42:44.581] BAD_PACKET[TCP_prs2026hitl_7000] unknown packet ID 0x20; discarded 1 byte
[16:42:44.582] BAD_PACKET[TCP_prs2026hitl_7000] unknown packet ID 0x08; discarded 1 byte
[16:42:44.582] BAD_PACKET[TCP_prs2026hitl_7000] unknown packet ID 0x08; discarded 1 byte
[16:42:44.582] BAD_PACKET[TCP_prs2026hitl_7000] unknown packet ID 0x20; discarded 1 byte
[16:42:44.582] BAD_PACKET[TCP_prs2026hitl_7000] unknown packet ID 0x08; discarded 1 byte
[16:42:44.583] BAD_PACKET[TCP_prs2026hitl_7000] unknown packet ID 0x08; discarded 1 byte
[16:42:44.585] BAD_PACKET[TCP_prs2026hitl_7000] unknown packet ID 0x20; discarded 1 byte
[16:42:44.585] BAD_PACKET[TCP_prs2026hitl_7000] unknown packet ID 0x08; discarded 1 byte
[16:42:44.586] BAD_PACKET[TCP_prs2026hitl_7000] unknown packet ID 0x08; discarded 1 byte
[16:42:44.586] BAD_PACKET[TCP_prs2026hitl_7000] unknown packet ID 0x20; discarded 1 byte
[16:42:44.586] BAD_PACKET[TCP_prs2026hitl_7000] unknown packet ID 0x08; discarded 1 byte
[16:42:44.586] BAD_PACKET[TCP_prs2026hitl_7000] unknown packet ID 0x08; discarded 1 byte
[16:42:44.587] BAD_PACKET[TCP_prs2026hitl_7000] unknown packet ID 0x20; discarded 1 byte
[16:42:44.587] BAD_PACKET[TCP_prs2026hitl_7000] unknown packet ID 0x08; discarded 1 byte
[16:42:44.587] BAD_PACKET[TCP_prs2026hitl_7000] unknown packet ID 0x08; discarded 1 byte
[16:42:44.588] BAD_PACKET[TCP_prs2026hitl_7000] unknown packet ID 0x20; discarded 1 byte
[16:42:44.588] BAD_PACKET[TCP_prs2026hitl_7000] unknown packet ID 0x08; discarded 1 byte
[16:42:44.588] BAD_PACKET[TCP_prs2026hitl_7000] unknown packet ID 0x08; discarded 1 byte
[16:42:44.589] BAD_PACKET[TCP_prs2026hitl_7000] unknown packet ID 0x20; discarded 1 byte
[16:42:44.590] BAD_PACKET[TCP_prs2026hitl_7000] unknown packet ID 0x08; discarded 1 byte
[16:42:44.591] BAD_PACKET[TCP_prs2026hitl_7000] unknown packet ID 0x08; discarded 1 byte
[16:42:44.591] BAD_PACKET[TCP_prs2026hitl_7000] unknown packet ID 0x20; discarded 1 byte
[16:42:44.591] BAD_PACKET[TCP_prs2026hitl_7000] unknown packet ID 0x08; discarded 1 byte
[16:42:44.591] BAD_PACKET[TCP_prs2026hitl_7000] unknown packet ID 0x08; discarded 1 byte
[16:42:44.592] BAD_PACKET[TCP_prs2026hitl_7000] unknown packet ID 0x20; discarded 1 byte
[16:42:44.592] BAD_PACKET[TCP_prs2026hitl_7000] unknown packet ID 0x08; discarded 1 byte
[16:42:44.592] BAD_PACKET[TCP_prs2026hitl_7000] unknown packet ID 0x08; discarded 1 byte
[16:42:44.592] BAD_PACKET[TCP_prs2026hitl_7000] unknown packet ID 0x20; discarded 1 byte
[16:42:44.593] BAD_PACKET[TCP_prs2026hitl_7000] unknown packet ID 0x08; discarded 1 byte
[16:42:44.593] BAD_PACKET[TCP_prs2026hitl_7000] unknown packet ID 0x5e; discarded 1 byte
[16:42:44.593] BAD_PACKET[TCP_prs2026hitl_7000] unknown packet ID 0x40; discarded 1 byte
[16:42:44.593] BAD_PACKET[TCP_prs2026hitl_7000] unknown packet ID 0x25; discarded 1 byte
[16:42:44.594] BAD_PACKET[TCP_prs2026hitl_7000] unknown packet ID 0x0d; discarded 1 byte
[16:42:44.594] BAD_PACKET[TCP_prs2026hitl_7000] unknown packet ID 0x0a; discarded 1 byte
[16:42:44.594] BAD_PACKET[TCP_prs2026hitl_7000] unknown packet ID 0x5e; discarded 1 byte
[16:42:44.595] BAD_PACKET[TCP_prs2026hitl_7000] unknown packet ID 0x20; discarded 1 byte
[16:42:44.595] BAD_PACKET[TCP_prs2026hitl_7000] unknown packet ID 0x08; discarded 1 byte
[16:42:44.595] BAD_PACKET[TCP_prs2026hitl_7000] unknown packet ID 0x20; discarded 1 byte
[16:42:44.595] BAD_PACKET[TCP_prs2026hitl_7000] unknown packet ID 0x08; discarded 1 byte
[16:42:44.596] BAD_PACKET[TCP_prs2026hitl_7000] unknown packet ID 0x08; discarded 1 byte
[16:42:44.596] BAD_PACKET[TCP_prs2026hitl_7000] unknown packet ID 0x08; discarded 1 byte
[16:42:44.596] BAD_PACKET[TCP_prs2026hitl_7000] unknown packet ID 0x08; discarded 1 byte
[16:42:44.596] BAD_PACKET[TCP_prs2026hitl_7000] unknown packet ID 0x20; discarded 1 byte
[16:42:44.597] BAD_PACKET[TCP_prs2026hitl_7000] unknown packet ID 0x08; discarded 1 byte
[16:42:44.597] BAD_PACKET[TCP_prs2026hitl_7000] unknown packet ID 0x08; discarded 1 byte
[16:42:44.597] BAD_PACKET[TCP_prs2026hitl_7000] unknown packet ID 0x08; discarded 1 byte
[16:42:44.598] BAD_PACKET[TCP_prs2026hitl_7000] unknown packet ID 0x20; discarded 1 byte
[16:42:44.598] BAD_PACKET[TCP_prs2026hitl_7000] unknown packet ID 0x5e; discarded 1 byte
[16:42:44.598] BAD_PACKET[TCP_prs2026hitl_7000] unknown packet ID 0x40; discarded 1 byte
[16:42:44.598] BAD_PACKET[TCP_prs2026hitl_7000] unknown packet ID 0x25; discarded 1 byte
[16:42:44.599] BAD_PACKET[TCP_prs2026hitl_7000] unknown packet ID 0x0d; discarded 1 byte
[16:42:44.599] BAD_PACKET[TCP_prs2026hitl_7000] unknown packet ID 0x0a; discarded 1 byte
[16:42:44.599] BAD_PACKET[TCP_prs2026hitl_7000] unknown packet ID 0x20; discarded 1 byte
[16:42:44.599] BAD_PACKET[TCP_prs2026hitl_7000] unknown packet ID 0x40; discarded 1 byte
[16:42:44.600] BAD_PACKET[TCP_prs2026hitl_7000] unknown packet ID 0x5e; discarded 1 byte
[16:42:44.600] BAD_PACKET[TCP_prs2026hitl_7000] unknown packet ID 0x48; discarded 1 byte
[16:42:44.600] BAD_PACKET[TCP_prs2026hitl_7000] unknown packet ID 0x20; discarded 1 byte
[16:42:44.601] BAD_PACKET[TCP_prs2026hitl_7000] unknown packet ID 0x5e; discarded 1 byte
[16:42:44.601] BAD_PACKET[TCP_prs2026hitl_7000] unknown packet ID 0x48; discarded 1 byte
[16:42:44.601] BAD_PACKET[TCP_prs2026hitl_7000] unknown packet ID 0x20; discarded 1 byte
[16:42:44.602] BAD_PACKET[TCP_prs2026hitl_7000] unknown packet ID 0x5e; discarded 1 byte
[16:42:44.602] BAD_PACKET[TCP_prs2026hitl_7000] unknown packet ID 0x48; discarded 1 byte
[16:42:44.602] BAD_PACKET[TCP_prs2026hitl_7000] unknown packet ID 0x5e; discarded 1 byte
[16:42:44.602] BAD_PACKET[TCP_prs2026hitl_7000] unknown packet ID 0x40; discarded 1 byte
[16:42:44.603] BAD_PACKET[TCP_prs2026hitl_7000] unknown packet ID 0x25; discarded 1 byte
[16:42:44.603] BAD_PACKET[TCP_prs2026hitl_7000] unknown packet ID 0x0d; discarded 1 byte
[16:42:44.603] BAD_PACKET[TCP_prs2026hitl_7000] unknown packet ID 0x0a; discarded 1 byte
[16:42:44.604] BAD_PACKET[TCP_prs2026hitl_7000] unknown packet ID 0x0d; discarded 1 byte
[16:42:44.604] BAD_PACKET[TCP_prs2026hitl_7000] unknown packet ID 0x0a; discarded 1 byte
[16:42:44.604] BAD_PACKET[TCP_prs2026hitl_7000] unknown packet ID 0x57; discarded 1 byte
[16:42:44.604] BAD_PACKET[TCP_prs2026hitl_7000] unknown packet ID 0x20; discarded 1 byte
[16:42:44.605] BAD_PACKET[TCP_prs2026hitl_7000] unknown packet ID 0x40; discarded 1 byte
[16:42:44.605] BAD_PACKET[TCP_prs2026hitl_7000] unknown packet ID 0x5e; discarded 1 byte
[16:42:44.605] BAD_PACKET[TCP_prs2026hitl_7000] unknown packet ID 0x20; discarded 1 byte
[16:42:44.606] BAD_PACKET[TCP_prs2026hitl_7000] unknown packet ID 0x5e; discarded 1 byte
[16:42:44.606] BAD_PACKET[TCP_prs2026hitl_7000] unknown packet ID 0x48; discarded 1 byte
[16:42:44.606] BAD_PACKET[TCP_prs2026hitl_7000] unknown packet ID 0x5e; discarded 1 byte
[16:42:44.607] BAD_PACKET[TCP_prs2026hitl_7000] unknown packet ID 0x48; discarded 1 byte
[16:42:44.607] BAD_PACKET[TCP_prs2026hitl_7000] unknown packet ID 0x20; discarded 1 byte
[16:42:44.608] BAD_PACKET[TCP_prs2026hitl_7000] unknown packet ID 0x5e; discarded 1 byte
[16:42:44.608] BAD_PACKET[TCP_prs2026hitl_7000] unknown packet ID 0x48; discarded 1 byte
[16:42:44.609] BAD_PACKET[TCP_prs2026hitl_7000] unknown packet ID 0x5e; discarded 1 byte
[16:42:44.609] BAD_PACKET[TCP_prs2026hitl_7000] unknown packet ID 0x5e; discarded 1 byte
[16:42:44.610] BAD_PACKET[TCP_prs2026hitl_7000] unknown packet ID 0x48; discarded 1 byte
[16:42:44.610] BAD_PACKET[TCP_prs2026hitl_7000] unknown packet ID 0x5e; discarded 1 byte
[16:42:44.611] BAD_PACKET[TCP_prs2026hitl_7000] unknown packet ID 0x5e; discarded 1 byte
[16:42:44.612] BAD_PACKET[TCP_prs2026hitl_7000] unknown packet ID 0x48; discarded 1 byte
[16:42:44.613] BAD_PACKET[TCP_prs2026hitl_7000] unknown packet ID 0x5e; discarded 1 byte
[16:42:44.613] BAD_PACKET[TCP_prs2026hitl_7000] unknown packet ID 0x48; discarded 1 byte
[16:42:44.613] BAD_PACKET[TCP_prs2026hitl_7000] unknown packet ID 0x20; discarded 1 byte
[16:42:44.613] BAD_PACKET[TCP_prs2026hitl_7000] unknown packet ID 0x5e; discarded 1 byte
[16:42:44.614] BAD_PACKET[TCP_prs2026hitl_7000] unknown packet ID 0x48; discarded 1 byte
[16:42:44.614] BAD_PACKET[TCP_prs2026hitl_7000] unknown packet ID 0x5e; discarded 1 byte
[16:42:44.614] BAD_PACKET[TCP_prs2026hitl_7000] unknown packet ID 0x48; discarded 1 byte
[16:42:44.615] BAD_PACKET[TCP_prs2026hitl_7000] unknown packet ID 0x5e; discarded 1 byte
[16:42:44.615] BAD_PACKET[TCP_prs2026hitl_7000] unknown packet ID 0x48; discarded 1 byte
[16:42:44.615] BAD_PACKET[TCP_prs2026hitl_7000] unknown packet ID 0x5e; discarded 1 byte
[16:42:44.615] BAD_PACKET[TCP_prs2026hitl_7000] unknown packet ID 0x5f; discarded 1 byte
[16:42:44.616] BAD_PACKET[TCP_prs2026hitl_7000] unknown packet ID 0x6b; discarded 1 byte
[16:42:44.616] BAD_PACKET[TCP_prs2026hitl_7000] unknown packet ID 0x5e; discarded 1 byte
[16:42:44.616] BAD_PACKET[TCP_prs2026hitl_7000] unknown packet ID 0x5e; discarded 1 byte
[16:42:44.617] BAD_PACKET[TCP_prs2026hitl_7000] unknown packet ID 0x48; discarded 1 byte
[16:42:44.617] BAD_PACKET[TCP_prs2026hitl_7000] unknown packet ID 0x20; discarded 1 byte
[16:42:44.617] BAD_PACKET[TCP_prs2026hitl_7000] unknown packet ID 0x38; discarded 1 byte
[16:42:44.617] BAD_PACKET[TCP_prs2026hitl_7000] unknown packet ID 0x63; discarded 1 byte
[16:42:44.618] BAD_PACKET[TCP_prs2026hitl_7000] unknown packet ID 0x40; discarded 1 byte
[16:42:44.618] BAD_PACKET[TCP_prs2026hitl_7000] unknown packet ID 0x29; discarded 1 byte
[16:42:44.618] BAD_PACKET[TCP_prs2026hitl_7000] unknown packet ID 0xda; discarded 1 byte
[16:42:44.618] BAD_PACKET[TCP_prs2026hitl_7000] unknown packet ID 0x57; discarded 1 byte
[16:42:44.619] BAD_PACKET[TCP_prs2026hitl_7000] unknown packet ID 0x20; discarded 1 byte
[16:42:44.619] BAD_PACKET[TCP_prs2026hitl_7000] unknown packet ID 0x28; discarded 1 byte
[16:42:44.619] BAD_PACKET[TCP_prs2026hitl_7000] unknown packet ID 0x34; discarded 1 byte
[16:42:44.619] BAD_PACKET[TCP_prs2026hitl_7000] unknown packet ID 0x32; discarded 1 byte
[16:42:44.620] BAD_PACKET[TCP_prs2026hitl_7000] unknown packet ID 0x30; discarded 1 byte
[16:42:44.620] BAD_PACKET[TCP_prs2026hitl_7000] unknown packet ID 0x31; discarded 1 byte
[16:42:44.620] BAD_PACKET[TCP_prs2026hitl_7000] unknown packet ID 0x38; discarded 1 byte
[16:42:44.621] BAD_PACKET[TCP_prs2026hitl_7000] unknown packet ID 0x29; discarded 1 byte
[16:42:44.621] BAD_PACKET[TCP_prs2026hitl_7000] unknown packet ID 0x20; discarded 1 byte
[16:42:44.621] BAD_PACKET[TCP_prs2026hitl_7000] unknown packet ID 0x73; discarded 1 byte
[16:42:44.621] BAD_PACKET[TCP_prs2026hitl_7000] unknown packet ID 0x65; discarded 1 byte
[16:42:44.622] BAD_PACKET[TCP_prs2026hitl_7000] unknown packet ID 0x72; discarded 1 byte
[16:42:44.622] BAD_PACKET[TCP_prs2026hitl_7000] unknown packet ID 0x69; discarded 1 byte
[16:42:44.622] BAD_PACKET[TCP_prs2026hitl_7000] unknown packet ID 0x61; discarded 1 byte
[16:42:44.622] BAD_PACKET[TCP_prs2026hitl_7000] unknown packet ID 0x6c; discarded 1 byte
[16:42:44.623] BAD_PACKET[TCP_prs2026hitl_7000] unknown packet ID 0x5f; discarded 1 byte
[16:42:44.623] BAD_PACKET[TCP_prs2026hitl_7000] unknown packet ID 0x63; discarded 1 byte
[16:42:44.623] BAD_PACKET[TCP_prs2026hitl_7000] unknown packet ID 0x6f; discarded 1 byte
[16:42:44.623] BAD_PACKET[TCP_prs2026hitl_7000] unknown packet ID 0x6d; discarded 1 byte
[16:42:44.624] BAD_PACKET[TCP_prs2026hitl_7000] unknown packet ID 0x6d; discarded 1 byte
[16:42:44.624] BAD_PACKET[TCP_prs2026hitl_7000] unknown packet ID 0x61; discarded 1 byte
[16:42:44.625] BAD_PACKET[TCP_prs2026hitl_7000] unknown packet ID 0x6e; discarded 1 byte
[16:42:44.625] BAD_PACKET[TCP_prs2026hitl_7000] unknown packet ID 0x64; discarded 1 byte
[16:42:44.625] BAD_PACKET[TCP_prs2026hitl_7000] unknown packet ID 0x3a; discarded 1 byte
[16:42:44.626] BAD_PACKET[TCP_prs2026hitl_7000] unknown packet ID 0x20; discarded 1 byte
[16:42:44.626] BAD_PACKET[TCP_prs2026hitl_7000] unknown packet ID 0x75; discarded 1 byte
[16:42:44.626] BAD_PACKET[TCP_prs2026hitl_7000] unknown packet ID 0x6e; discarded 1 byte
[16:42:44.626] BAD_PACKET[TCP_prs2026hitl_7000] unknown packet ID 0x6b; discarded 1 byte
[16:42:44.627] BAD_PACKET[TCP_prs2026hitl_7000] unknown packet ID 0x6e; discarded 1 byte
[16:42:44.627] BAD_PACKET[TCP_prs2026hitl_7000] unknown packet ID 0x6f; discarded 1 byte
[16:42:44.627] BAD_PACKET[TCP_prs2026hitl_7000] unknown packet ID 0x77; discarded 1 byte
[16:42:44.627] BAD_PACKET[TCP_prs2026hitl_7000] unknown packet ID 0x6e; discarded 1 byte
[16:42:44.628] BAD_PACKET[TCP_prs2026hitl_7000] unknown packet ID 0x20; discarded 1 byte
[16:42:44.628] BAD_PACKET[TCP_prs2026hitl_7000] unknown packet ID 0x63; discarded 1 byte
[16:42:44.628] BAD_PACKET[TCP_prs2026hitl_7000] unknown packet ID 0x6f; discarded 1 byte
[16:42:44.628] BAD_PACKET[TCP_prs2026hitl_7000] unknown packet ID 0x6d; discarded 1 byte
[16:42:44.629] BAD_PACKET[TCP_prs2026hitl_7000] unknown packet ID 0x6d; discarded 1 byte
[16:42:44.629] BAD_PACKET[TCP_prs2026hitl_7000] unknown packet ID 0x61; discarded 1 byte
[16:42:44.629] BAD_PACKET[TCP_prs2026hitl_7000] unknown packet ID 0x6e; discarded 1 byte
[16:42:44.630] BAD_PACKET[TCP_prs2026hitl_7000] unknown packet ID 0x64; discarded 1 byte
[16:42:44.630] BAD_PACKET[TCP_prs2026hitl_7000] unknown packet ID 0x3a; discarded 1 byte
[16:42:44.630] BAD_PACKET[TCP_prs2026hitl_7000] unknown packet ID 0x20; discarded 1 byte
[16:42:44.630] BAD_PACKET[TCP_prs2026hitl_7000] unknown packet ID 0x31; discarded 1 byte
[16:42:44.631] BAD_PACKET[TCP_prs2026hitl_7000] unknown packet ID 0x5e; discarded 1 byte
[16:42:44.631] BAD_PACKET[TCP_prs2026hitl_7000] unknown packet ID 0x41; discarded 1 byte
[16:42:44.631] BAD_PACKET[TCP_prs2026hitl_7000] unknown packet ID 0x5e; discarded 1 byte
[16:42:44.631] BAD_PACKET[TCP_prs2026hitl_7000] unknown packet ID 0x4f; discarded 1 byte
[16:42:44.632] BAD_PACKET[TCP_prs2026hitl_7000] unknown packet ID 0x5e; discarded 1 byte
[16:42:44.632] BAD_PACKET[TCP_prs2026hitl_7000] unknown packet ID 0x40; discarded 1 byte
[16:42:44.632] BAD_PACKET[TCP_prs2026hitl_7000] unknown packet ID 0x5e; discarded 1 byte
[16:42:44.633] BAD_PACKET[TCP_prs2026hitl_7000] unknown packet ID 0x40; discarded 1 byte
[16:42:44.633] BAD_PACKET[TCP_prs2026hitl_7000] unknown packet ID 0x5e; discarded 1 byte
[16:42:44.633] BAD_PACKET[TCP_prs2026hitl_7000] unknown packet ID 0x40; discarded 1 byte
[16:42:44.633] BAD_PACKET[TCP_prs2026hitl_7000] unknown packet ID 0x5e; discarded 1 byte
[16:42:44.634] BAD_PACKET[TCP_prs2026hitl_7000] unknown packet ID 0x4b; discarded 1 byte
[16:42:44.634] BAD_PACKET[TCP_prs2026hitl_7000] unknown packet ID 0x46; discarded 1 byte
[16:42:44.634] BAD_PACKET[TCP_prs2026hitl_7000] unknown packet ID 0x5e; discarded 1 byte
[16:42:44.635] BAD_PACKET[TCP_prs2026hitl_7000] unknown packet ID 0x40; discarded 1 byte
[16:42:44.635] BAD_PACKET[TCP_prs2026hitl_7000] unknown packet ID 0x5e; discarded 1 byte
[16:42:44.635] BAD_PACKET[TCP_prs2026hitl_7000] unknown packet ID 0x40; discarded 1 byte
[16:42:44.635] BAD_PACKET[TCP_prs2026hitl_7000] unknown packet ID 0x5e; discarded 1 byte
[16:42:44.636] BAD_PACKET[TCP_prs2026hitl_7000] unknown packet ID 0x4c; discarded 1 byte
[16:42:44.636] BAD_PACKET[TCP_prs2026hitl_7000] unknown packet ID 0x5e; discarded 1 byte
[16:42:44.636] BAD_PACKET[TCP_prs2026hitl_7000] unknown packet ID 0x40; discarded 1 byte
[16:42:44.636] BAD_PACKET[TCP_prs2026hitl_7000] unknown packet ID 0x58; discarded 1 byte
[16:42:44.637] BAD_PACKET[TCP_prs2026hitl_7000] bad EOF for 0xe1: expected 0x0a, got 0x08; payload=ff ff da 5e 45 ff ff d7 5e 40 08 20
[16:42:44.637] BAD_PACKET[TCP_prs2026hitl_7000] unknown packet ID 0x08; discarded 1 byte
[16:42:44.637] BAD_PACKET[TCP_prs2026hitl_7000] unknown packet ID 0x20; discarded 1 byte
[16:42:44.637] BAD_PACKET[TCP_prs2026hitl_7000] unknown packet ID 0x08; discarded 1 byte
[16:42:44.638] BAD_PACKET[TCP_prs2026hitl_7000] unknown packet ID 0x08; discarded 1 byte
[16:42:44.638] BAD_PACKET[TCP_prs2026hitl_7000] unknown packet ID 0x20; discarded 1 byte
[16:42:44.638] BAD_PACKET[TCP_prs2026hitl_7000] unknown packet ID 0x08; discarded 1 byte
[16:42:44.639] BAD_PACKET[TCP_prs2026hitl_7000] unknown packet ID 0x08; discarded 1 byte
[16:42:44.639] BAD_PACKET[TCP_prs2026hitl_7000] unknown packet ID 0x20; discarded 1 byte
[16:42:44.639] BAD_PACKET[TCP_prs2026hitl_7000] unknown packet ID 0x08; discarded 1 byte
[16:42:44.639] BAD_PACKET[TCP_prs2026hitl_7000] unknown packet ID 0x08; discarded 1 byte
[16:42:44.641] BAD_PACKET[TCP_prs2026hitl_7000] unknown packet ID 0x20; discarded 1 byte
[16:42:44.641] BAD_PACKET[TCP_prs2026hitl_7000] unknown packet ID 0x08; discarded 1 byte
[16:42:44.641] BAD_PACKET[TCP_prs2026hitl_7000] unknown packet ID 0x08; discarded 1 byte
[16:42:44.642] BAD_PACKET[TCP_prs2026hitl_7000] unknown packet ID 0x20; discarded 1 byte
[16:42:44.642] BAD_PACKET[TCP_prs2026hitl_7000] unknown packet ID 0x08; discarded 1 byte
[16:42:44.642] BAD_PACKET[TCP_prs2026hitl_7000] unknown packet ID 0x08; discarded 1 byte
[16:42:44.643] BAD_PACKET[TCP_prs2026hitl_7000] unknown packet ID 0x20; discarded 1 byte
[16:42:44.643] BAD_PACKET[TCP_prs2026hitl_7000] unknown packet ID 0x08; discarded 1 byte
[16:42:44.643] BAD_PACKET[TCP_prs2026hitl_7000] unknown packet ID 0x08; discarded 1 byte
[16:42:44.643] BAD_PACKET[TCP_prs2026hitl_7000] unknown packet ID 0x20; discarded 1 byte
[16:42:44.644] BAD_PACKET[TCP_prs2026hitl_7000] unknown packet ID 0x08; discarded 1 byte
[16:42:44.644] BAD_PACKET[TCP_prs2026hitl_7000] unknown packet ID 0x08; discarded 1 byte
[16:42:44.644] BAD_PACKET[TCP_prs2026hitl_7000] unknown packet ID 0x20; discarded 1 byte
[16:42:44.644] BAD_PACKET[TCP_prs2026hitl_7000] unknown packet ID 0x08; discarded 1 byte
[16:42:44.645] BAD_PACKET[TCP_prs2026hitl_7000] unknown packet ID 0x08; discarded 1 byte
[16:42:44.645] BAD_PACKET[TCP_prs2026hitl_7000] unknown packet ID 0x20; discarded 1 byte
[16:42:44.645] BAD_PACKET[TCP_prs2026hitl_7000] unknown packet ID 0x08; discarded 1 byte
[16:42:44.646] BAD_PACKET[TCP_prs2026hitl_7000] unknown packet ID 0x08; discarded 1 byte
[16:42:44.646] BAD_PACKET[TCP_prs2026hitl_7000] unknown packet ID 0x20; discarded 1 byte
[16:42:44.646] BAD_PACKET[TCP_prs2026hitl_7000] unknown packet ID 0x08; discarded 1 byte
[16:42:44.646] BAD_PACKET[TCP_prs2026hitl_7000] unknown packet ID 0x08; discarded 1 byte
[16:42:44.647] BAD_PACKET[TCP_prs2026hitl_7000] unknown packet ID 0x20; discarded 1 byte
[16:42:44.647] BAD_PACKET[TCP_prs2026hitl_7000] unknown packet ID 0x08; discarded 1 byte
[16:42:44.648] BAD_PACKET[TCP_prs2026hitl_7000] unknown packet ID 0x08; discarded 1 byte
[16:42:44.648] BAD_PACKET[TCP_prs2026hitl_7000] unknown packet ID 0x20; discarded 1 byte
[16:42:44.648] BAD_PACKET[TCP_prs2026hitl_7000] unknown packet ID 0x08; discarded 1 byte
[16:42:44.649] BAD_PACKET[TCP_prs2026hitl_7000] unknown packet ID 0x08; discarded 1 byte
[16:42:44.649] BAD_PACKET[TCP_prs2026hitl_7000] unknown packet ID 0x20; discarded 1 byte
[16:42:44.649] BAD_PACKET[TCP_prs2026hitl_7000] unknown packet ID 0x08; discarded 1 byte
[16:42:44.649] BAD_PACKET[TCP_prs2026hitl_7000] unknown packet ID 0x08; discarded 1 byte
[16:42:44.650] BAD_PACKET[TCP_prs2026hitl_7000] unknown packet ID 0x20; discarded 1 byte
[16:42:44.650] BAD_PACKET[TCP_prs2026hitl_7000] unknown packet ID 0x08; discarded 1 byte
[16:42:44.650] BAD_PACKET[TCP_prs2026hitl_7000] unknown packet ID 0x08; discarded 1 byte
[16:42:44.651] BAD_PACKET[TCP_prs2026hitl_7000] unknown packet ID 0x20; discarded 1 byte
[16:42:44.651] BAD_PACKET[TCP_prs2026hitl_7000] unknown packet ID 0x08; discarded 1 byte
[16:42:44.651] BAD_PACKET[TCP_prs2026hitl_7000] unknown packet ID 0x08; discarded 1 byte
[16:42:44.652] BAD_PACKET[TCP_prs2026hitl_7000] unknown packet ID 0x20; discarded 1 byte
[16:42:44.652] BAD_PACKET[TCP_prs2026hitl_7000] unknown packet ID 0x08; discarded 1 byte
[16:42:44.652] BAD_PACKET[TCP_prs2026hitl_7000] unknown packet ID 0x08; discarded 1 byte
[16:42:44.652] BAD_PACKET[TCP_prs2026hitl_7000] unknown packet ID 0x20; discarded 1 byte
[16:42:44.653] BAD_PACKET[TCP_prs2026hitl_7000] unknown packet ID 0x08; discarded 1 byte
[16:42:44.653] BAD_PACKET[TCP_prs2026hitl_7000] unknown packet ID 0x08; discarded 1 byte
[16:42:44.654] BAD_PACKET[TCP_prs2026hitl_7000] unknown packet ID 0x20; discarded 1 byte
[16:42:44.654] BAD_PACKET[TCP_prs2026hitl_7000] unknown packet ID 0x08; discarded 1 byte
[16:42:44.654] BAD_PACKET[TCP_prs2026hitl_7000] unknown packet ID 0x08; discarded 1 byte
[16:42:44.654] BAD_PACKET[TCP_prs2026hitl_7000] unknown packet ID 0x20; discarded 1 byte
[16:42:44.655] BAD_PACKET[TCP_prs2026hitl_7000] unknown packet ID 0x08; discarded 1 byte
[16:42:44.655] BAD_PACKET[TCP_prs2026hitl_7000] unknown packet ID 0x08; discarded 1 byte
[16:42:44.655] BAD_PACKET[TCP_prs2026hitl_7000] unknown packet ID 0x20; discarded 1 byte
[16:42:44.656] BAD_PACKET[TCP_prs2026hitl_7000] unknown packet ID 0x08; discarded 1 byte
[16:42:44.656] BAD_PACKET[TCP_prs2026hitl_7000] unknown packet ID 0x08; discarded 1 byte
[16:42:44.657] BAD_PACKET[TCP_prs2026hitl_7000] unknown packet ID 0x20; discarded 1 byte
[16:42:44.657] BAD_PACKET[TCP_prs2026hitl_7000] unknown packet ID 0x08; discarded 1 byte
[16:42:44.657] BAD_PACKET[TCP_prs2026hitl_7000] unknown packet ID 0x08; discarded 1 byte
[16:42:44.658] BAD_PACKET[TCP_prs2026hitl_7000] unknown packet ID 0x20; discarded 1 byte
[16:42:44.658] BAD_PACKET[TCP_prs2026hitl_7000] unknown packet ID 0x08; discarded 1 byte
[16:42:44.659] BAD_PACKET[TCP_prs2026hitl_7000] unknown packet ID 0x08; discarded 1 byte
[16:42:44.659] BAD_PACKET[TCP_prs2026hitl_7000] unknown packet ID 0x20; discarded 1 byte
[16:42:44.660] BAD_PACKET[TCP_prs2026hitl_7000] unknown packet ID 0x08; discarded 1 byte
[16:42:44.660] BAD_PACKET[TCP_prs2026hitl_7000] unknown packet ID 0x08; discarded 1 byte
[16:42:44.660] BAD_PACKET[TCP_prs2026hitl_7000] unknown packet ID 0x20; discarded 1 byte
[16:42:44.661] BAD_PACKET[TCP_prs2026hitl_7000] unknown packet ID 0x08; discarded 1 byte
[16:42:44.661] BAD_PACKET[TCP_prs2026hitl_7000] unknown packet ID 0x08; discarded 1 byte
[16:42:44.662] BAD_PACKET[TCP_prs2026hitl_7000] unknown packet ID 0x20; discarded 1 byte
[16:42:44.662] BAD_PACKET[TCP_prs2026hitl_7000] unknown packet ID 0x08; discarded 1 byte
[16:42:44.662] BAD_PACKET[TCP_prs2026hitl_7000] unknown packet ID 0x08; discarded 1 byte
[16:42:44.663] BAD_PACKET[TCP_prs2026hitl_7000] unknown packet ID 0x20; discarded 1 byte
[16:42:44.663] BAD_PACKET[TCP_prs2026hitl_7000] unknown packet ID 0x08; discarded 1 byte
[16:42:44.663] BAD_PACKET[TCP_prs2026hitl_7000] unknown packet ID 0x08; discarded 1 byte
[16:42:44.663] BAD_PACKET[TCP_prs2026hitl_7000] unknown packet ID 0x20; discarded 1 byte
[16:42:44.664] BAD_PACKET[TCP_prs2026hitl_7000] unknown packet ID 0x08; discarded 1 byte
[16:42:44.664] BAD_PACKET[TCP_prs2026hitl_7000] unknown packet ID 0x08; discarded 1 byte
[16:42:44.664] BAD_PACKET[TCP_prs2026hitl_7000] unknown packet ID 0x20; discarded 1 byte
[16:42:44.665] BAD_PACKET[TCP_prs2026hitl_7000] unknown packet ID 0x08; discarded 1 byte
[16:42:44.665] BAD_PACKET[TCP_prs2026hitl_7000] unknown packet ID 0x08; discarded 1 byte
[16:42:44.665] BAD_PACKET[TCP_prs2026hitl_7000] unknown packet ID 0x20; discarded 1 byte
[16:42:44.665] BAD_PACKET[TCP_prs2026hitl_7000] unknown packet ID 0x08; discarded 1 byte
[16:42:44.666] BAD_PACKET[TCP_prs2026hitl_7000] unknown packet ID 0x08; discarded 1 byte
[16:42:44.666] BAD_PACKET[TCP_prs2026hitl_7000] unknown packet ID 0x20; discarded 1 byte
[16:42:44.666] BAD_PACKET[TCP_prs2026hitl_7000] unknown packet ID 0x08; discarded 1 byte
[16:42:44.667] BAD_PACKET[TCP_prs2026hitl_7000] unknown packet ID 0x08; discarded 1 byte
[16:42:44.667] BAD_PACKET[TCP_prs2026hitl_7000] unknown packet ID 0x20; discarded 1 byte
[16:42:44.667] BAD_PACKET[TCP_prs2026hitl_7000] unknown packet ID 0x08; discarded 1 byte
[16:42:44.667] BAD_PACKET[TCP_prs2026hitl_7000] unknown packet ID 0x5e; discarded 1 byte
[16:42:44.668] BAD_PACKET[TCP_prs2026hitl_7000] unknown packet ID 0x20; discarded 1 byte
[16:42:44.669] BAD_PACKET[TCP_prs2026hitl_7000] unknown packet ID 0x08; discarded 1 byte
[16:42:44.669] BAD_PACKET[TCP_prs2026hitl_7000] unknown packet ID 0x20; discarded 1 byte
[16:42:44.669] BAD_PACKET[TCP_prs2026hitl_7000] unknown packet ID 0x08; discarded 1 byte
[16:42:44.669] BAD_PACKET[TCP_prs2026hitl_7000] unknown packet ID 0x08; discarded 1 byte
[16:42:44.670] BAD_PACKET[TCP_prs2026hitl_7000] unknown packet ID 0x08; discarded 1 byte
[16:42:44.670] BAD_PACKET[TCP_prs2026hitl_7000] unknown packet ID 0x08; discarded 1 byte
[16:42:44.670] BAD_PACKET[TCP_prs2026hitl_7000] unknown packet ID 0x20; discarded 1 byte
[16:42:44.670] BAD_PACKET[TCP_prs2026hitl_7000] unknown packet ID 0x08; discarded 1 byte
[16:42:44.671] BAD_PACKET[TCP_prs2026hitl_7000] unknown packet ID 0x08; discarded 1 byte
[16:42:44.671] BAD_PACKET[TCP_prs2026hitl_7000] unknown packet ID 0x08; discarded 1 byte
[16:42:44.671] BAD_PACKET[TCP_prs2026hitl_7000] unknown packet ID 0x20; discarded 1 byte
[16:42:44.672] BAD_PACKET[TCP_prs2026hitl_7000] unknown packet ID 0x5e; discarded 1 byte
[16:42:44.672] BAD_PACKET[TCP_prs2026hitl_7000] unknown packet ID 0x40; discarded 1 byte
[16:42:44.672] BAD_PACKET[TCP_prs2026hitl_7000] unknown packet ID 0x25; discarded 1 byte
[16:42:44.672] BAD_PACKET[TCP_prs2026hitl_7000] unknown packet ID 0x0d; discarded 1 byte
[16:42:44.673] BAD_PACKET[TCP_prs2026hitl_7000] unknown packet ID 0x0a; discarded 1 byte
[16:42:44.673] BAD_PACKET[TCP_prs2026hitl_7000] unknown packet ID 0x57; discarded 1 byte
[16:42:44.673] BAD_PACKET[TCP_prs2026hitl_7000] unknown packet ID 0x20; discarded 1 byte
[16:42:44.674] BAD_PACKET[TCP_prs2026hitl_7000] unknown packet ID 0x28; discarded 1 byte
[16:42:44.674] BAD_PACKET[TCP_prs2026hitl_7000] unknown packet ID 0x34; discarded 1 byte
[16:42:44.674] BAD_PACKET[TCP_prs2026hitl_7000] unknown packet ID 0x32; discarded 1 byte
[16:42:44.674] BAD_PACKET[TCP_prs2026hitl_7000] unknown packet ID 0x30; discarded 1 byte
[16:42:44.675] BAD_PACKET[TCP_prs2026hitl_7000] unknown packet ID 0x31; discarded 1 byte
[16:42:44.675] BAD_PACKET[TCP_prs2026hitl_7000] unknown packet ID 0x38; discarded 1 byte
[16:42:44.675] BAD_PACKET[TCP_prs2026hitl_7000] unknown packet ID 0x29; discarded 1 byte
[16:42:44.676] BAD_PACKET[TCP_prs2026hitl_7000] unknown packet ID 0x20; discarded 1 byte
[16:42:44.676] BAD_PACKET[TCP_prs2026hitl_7000] unknown packet ID 0x73; discarded 1 byte
[16:42:44.676] BAD_PACKET[TCP_prs2026hitl_7000] unknown packet ID 0x65; discarded 1 byte
[16:42:44.676] BAD_PACKET[TCP_prs2026hitl_7000] unknown packet ID 0x72; discarded 1 byte
[16:42:44.677] BAD_PACKET[TCP_prs2026hitl_7000] unknown packet ID 0x69; discarded 1 byte
[16:42:44.677] BAD_PACKET[TCP_prs2026hitl_7000] unknown packet ID 0x61; discarded 1 byte
[16:42:44.677] BAD_PACKET[TCP_prs2026hitl_7000] unknown packet ID 0x6c; discarded 1 byte
[16:42:44.677] BAD_PACKET[TCP_prs2026hitl_7000] unknown packet ID 0x5f; discarded 1 byte
[16:42:44.678] BAD_PACKET[TCP_prs2026hitl_7000] unknown packet ID 0x63; discarded 1 byte
[16:42:44.678] BAD_PACKET[TCP_prs2026hitl_7000] unknown packet ID 0x6f; discarded 1 byte
[16:42:44.678] BAD_PACKET[TCP_prs2026hitl_7000] unknown packet ID 0x6d; discarded 1 byte
[16:42:44.678] BAD_PACKET[TCP_prs2026hitl_7000] unknown packet ID 0x6d; discarded 1 byte
[16:42:44.679] BAD_PACKET[TCP_prs2026hitl_7000] unknown packet ID 0x61; discarded 1 byte
[16:42:44.679] BAD_PACKET[TCP_prs2026hitl_7000] unknown packet ID 0x6e; discarded 1 byte
[16:42:44.679] BAD_PACKET[TCP_prs2026hitl_7000] unknown packet ID 0x64; discarded 1 byte
[16:42:44.680] BAD_PACKET[TCP_prs2026hitl_7000] unknown packet ID 0x3a; discarded 1 byte
[16:42:44.680] BAD_PACKET[TCP_prs2026hitl_7000] unknown packet ID 0x20; discarded 1 byte
[16:42:44.680] BAD_PACKET[TCP_prs2026hitl_7000] unknown packet ID 0x75; discarded 1 byte
[16:42:44.680] BAD_PACKET[TCP_prs2026hitl_7000] unknown packet ID 0x6e; discarded 1 byte
[16:42:44.681] BAD_PACKET[TCP_prs2026hitl_7000] unknown packet ID 0x6b; discarded 1 byte
[16:42:44.682] BAD_PACKET[TCP_prs2026hitl_7000] unknown packet ID 0x6e; discarded 1 byte
[16:42:44.682] BAD_PACKET[TCP_prs2026hitl_7000] unknown packet ID 0x6f; discarded 1 byte
[16:42:44.682] BAD_PACKET[TCP_prs2026hitl_7000] unknown packet ID 0x77; discarded 1 byte
[16:42:44.682] BAD_PACKET[TCP_prs2026hitl_7000] unknown packet ID 0x6e; discarded 1 byte
[16:42:44.683] BAD_PACKET[TCP_prs2026hitl_7000] unknown packet ID 0x20; discarded 1 byte
[16:42:44.684] BAD_PACKET[TCP_prs2026hitl_7000] unknown packet ID 0x63; discarded 1 byte
[16:42:44.684] BAD_PACKET[TCP_prs2026hitl_7000] unknown packet ID 0x6f; discarded 1 byte
[16:42:44.684] BAD_PACKET[TCP_prs2026hitl_7000] unknown packet ID 0x6d; discarded 1 byte
[16:42:44.684] BAD_PACKET[TCP_prs2026hitl_7000] unknown packet ID 0x6d; discarded 1 byte
[16:42:44.685] BAD_PACKET[TCP_prs2026hitl_7000] unknown packet ID 0x61; discarded 1 byte
[16:42:44.685] BAD_PACKET[TCP_prs2026hitl_7000] unknown packet ID 0x6e; discarded 1 byte
[16:42:44.685] BAD_PACKET[TCP_prs2026hitl_7000] unknown packet ID 0x64; discarded 1 byte
[16:42:44.686] BAD_PACKET[TCP_prs2026hitl_7000] unknown packet ID 0x3a; discarded 1 byte
[16:42:44.686] BAD_PACKET[TCP_prs2026hitl_7000] unknown packet ID 0x20; discarded 1 byte
[16:42:44.686] BAD_PACKET[TCP_prs2026hitl_7000] unknown packet ID 0x40; discarded 1 byte
[16:42:44.686] BAD_PACKET[TCP_prs2026hitl_7000] unknown packet ID 0x5e; discarded 1 byte
[16:42:44.687] BAD_PACKET[TCP_prs2026hitl_7000] unknown packet ID 0x48; discarded 1 byte
[16:42:44.687] BAD_PACKET[TCP_prs2026hitl_7000] unknown packet ID 0x20; discarded 1 byte
[16:42:44.687] BAD_PACKET[TCP_prs2026hitl_7000] unknown packet ID 0x5e; discarded 1 byte
[16:42:44.687] BAD_PACKET[TCP_prs2026hitl_7000] unknown packet ID 0x48; discarded 1 byte
[16:42:44.688] BAD_PACKET[TCP_prs2026hitl_7000] unknown packet ID 0x20; discarded 1 byte
[16:42:44.688] BAD_PACKET[TCP_prs2026hitl_7000] unknown packet ID 0x5e; discarded 1 byte
[16:42:44.688] BAD_PACKET[TCP_prs2026hitl_7000] unknown packet ID 0x48; discarded 1 byte
[16:42:44.689] BAD_PACKET[TCP_prs2026hitl_7000] unknown packet ID 0x5e; discarded 1 byte
[16:42:44.689] BAD_PACKET[TCP_prs2026hitl_7000] unknown packet ID 0x40; discarded 1 byte
[16:42:44.689] BAD_PACKET[TCP_prs2026hitl_7000] unknown packet ID 0x25; discarded 1 byte
[16:42:44.689] BAD_PACKET[TCP_prs2026hitl_7000] unknown packet ID 0x0d; discarded 1 byte
[16:42:44.690] BAD_PACKET[TCP_prs2026hitl_7000] unknown packet ID 0x0a; discarded 1 byte
[16:42:44.690] RX[TCP_prs2026hitl_7000]  01 0f 00 00 00 a4 22 00 00 18 00 59 06 ff ff da 7f ff ff d7 00 15 00 25 0a
[16:42:44.690] BAD_PACKET[TCP_prs2026hitl_7000] bad EOF for 0x01: expected 0x0a, got 0x00; payload=0f 00 00 00 a4 22 00 00 18 00 59 06 ff ff da 7f ff ff d7 00 15
[16:42:44.691] BAD_PACKET[TCP_prs2026hitl_7000] unknown packet ID 0x25; discarded 1 byte
[16:42:44.691] BAD_PACKET[TCP_prs2026hitl_7000] unknown packet ID 0x0a; discarded 1 byte
[16:42:44.691] RX[TCP_prs2026hitl_7000]  01 0f 00 00 00 a4 86 00 00 0c 00 59 12 ff ff da 72 ff ff d5 00 18 00 23 0a 02 10 00 00 00 a4 86 00 00 00 00 00 00 00 00 00 00 00 00 00 00 00 00 00 00 00 00 00 00 00 00 00 00 00 00 00 00 00 00 00 00 00 00 00 00 00 00 00 00 00 00 00 00 00 00 00 00 43 52 96 2b 13 48 0a ff ff 00 00 00 00 a4 86 0a
[16:42:44.692] BAD_PACKET[TCP_prs2026hitl_7000] bad EOF for 0x01: expected 0x0a, got 0x00; payload=0f 00 00 00 a4 86 00 00 0c 00 59 12 ff ff da 72 ff ff d5 00 18
[16:42:44.692] BAD_PACKET[TCP_prs2026hitl_7000] unknown packet ID 0x23; discarded 1 byte
[16:42:44.692] BAD_PACKET[TCP_prs2026hitl_7000] unknown packet ID 0x0a; discarded 1 byte
[16:42:44.695] PACKET[TCP_prs2026hitl_7000] state: status=4096, uptime=42118, orientation=[0.0, 0.0, 0.0, 0.0], position=[0.0, 0.0, 0.0], velocity=[0.0, 0.0, 0.0], latitude=0.0, longitude=0.0, gps_altitude=0.0, barometric_altitude=210.586594, witness_battery_voltage=4.936
[16:42:44.695] BAD_PACKET[TCP_prs2026hitl_7000] bad EOF for 0xff: expected 0x0a, got 0x86; payload=ff 00 00 00 00 a4
[16:42:44.696] BAD_PACKET[TCP_prs2026hitl_7000] unknown packet ID 0x0a; discarded 1 byte
[16:42:44.696] RX[TCP_prs2026hitl_7000]  01 0f 00 00 00 a4 ea ff ff ff ff f4 00 59 06 ff ff da 72 ff ff d6 00 16 00 24 0a
[16:42:44.697] BAD_PACKET[TCP_prs2026hitl_7000] bad EOF for 0x01: expected 0x0a, got 0x00; payload=0f 00 00 00 a4 ea ff ff ff ff f4 00 59 06 ff ff da 72 ff ff d6
[16:42:44.698] BAD_PACKET[TCP_prs2026hitl_7000] unknown packet ID 0x16; discarded 1 byte
[16:42:44.698] BAD_PACKET[TCP_prs2026hitl_7000] unknown packet ID 0x00; discarded 1 byte
[16:42:44.699] BAD_PACKET[TCP_prs2026hitl_7000] unknown packet ID 0x24; discarded 1 byte
[16:42:44.699] BAD_PACKET[TCP_prs2026hitl_7000] unknown packet ID 0x0a; discarded 1 byte
[16:42:44.700] RX[TCP_prs2026hitl_7000]  01 0f 00 00 00 a5 4e 00 00 0c 00 59 06 ff ff da 5a ff ff d6 00 14 00 25 0a
[16:42:44.700] BAD_PACKET[TCP_prs2026hitl_7000] bad EOF for 0x01: expected 0x0a, got 0x00; payload=0f 00 00 00 a5 4e 00 00 0c 00 59 06 ff ff da 5a ff ff d6 00 14
[16:42:44.701] BAD_PACKET[TCP_prs2026hitl_7000] unknown packet ID 0x25; discarded 1 byte
[16:42:44.701] BAD_PACKET[TCP_prs2026hitl_7000] unknown packet ID 0x0a; discarded 1 byte
[16:42:44.702] RX[TCP_prs2026hitl_7000]  01 0b 00 00 00 a5 b2 00 00 18 00 59 1e ff ff da 72 ff ff d6 00 16 00 25 0a
[16:42:44.702] BAD_PACKET[TCP_prs2026hitl_7000] bad EOF for 0x01: expected 0x0a, got 0x00; payload=0b 00 00 00 a5 b2 00 00 18 00 59 1e ff ff da 72 ff ff d6 00 16
[16:42:44.702] BAD_PACKET[TCP_prs2026hitl_7000] unknown packet ID 0x25; discarded 1 byte
[16:42:44.703] BAD_PACKET[TCP_prs2026hitl_7000] unknown packet ID 0x0a; discarded 1 byte
[16:42:44.759] RX[TCP_prs2026hitl_7000]  01 0b 00 00 00 a6 16 00 00 18 00 59 06 ff ff da 66 ff ff d5 00 17 00 24 0a
[16:42:44.763] BAD_PACKET[TCP_prs2026hitl_7000] bad EOF for 0x01: expected 0x0a, got 0x00; payload=0b 00 00 00 a6 16 00 00 18 00 59 06 ff ff da 66 ff ff d5 00 17
[16:42:44.765] BAD_PACKET[TCP_prs2026hitl_7000] unknown packet ID 0x24; discarded 1 byte
[16:42:44.769] BAD_PACKET[TCP_prs2026hitl_7000] unknown packet ID 0x0a; discarded 1 byte
[16:42:44.872] RX[TCP_prs2026hitl_7000]  01 0b 00 00 00 a6 7a 00 00 00 00 59 12 ff ff da 66 ff ff d7 00 15 00 24 0a
[16:42:44.872] BAD_PACKET[TCP_prs2026hitl_7000] bad EOF for 0x01: expected 0x0a, got 0x00; payload=0b 00 00 00 a6 7a 00 00 00 00 59 12 ff ff da 66 ff ff d7 00 15
[16:42:44.872] BAD_PACKET[TCP_prs2026hitl_7000] unknown packet ID 0x24; discarded 1 byte
[16:42:44.873] BAD_PACKET[TCP_prs2026hitl_7000] unknown packet ID 0x0a; discarded 1 byte
[16:42:44.974] RX[TCP_prs2026hitl_7000]  01 0f 00 00 00 a6 de ff ff ff ff db 00 59 06 ff ff da 8b ff ff d7 00 15 00 24 0a
[16:42:44.975] BAD_PACKET[TCP_prs2026hitl_7000] bad EOF for 0x01: expected 0x0a, got 0x00; payload=0f 00 00 00 a6 de ff ff ff ff db 00 59 06 ff ff da 8b ff ff d7
[16:42:44.975] BAD_PACKET[TCP_prs2026hitl_7000] unknown packet ID 0x15; discarded 1 byte
[16:42:44.975] BAD_PACKET[TCP_prs2026hitl_7000] unknown packet ID 0x00; discarded 1 byte
[16:42:44.976] BAD_PACKET[TCP_prs2026hitl_7000] unknown packet ID 0x24; discarded 1 byte
[16:42:44.976] BAD_PACKET[TCP_prs2026hitl_7000] unknown packet ID 0x0a; discarded 1 byte
[16:42:45.027] RX[TCP_prs2026hitl_7000]  01 0f 00 00 00 a7 42 00 00 25 00 59 06 ff ff da 72 ff ff d6 00 18 00 22 0a
[16:42:45.027] BAD_PACKET[TCP_prs2026hitl_7000] bad EOF for 0x01: expected 0x0a, got 0x00; payload=0f 00 00 00 a7 42 00 00 25 00 59 06 ff ff da 72 ff ff d6 00 18
[16:42:45.028] BAD_PACKET[TCP_prs2026hitl_7000] unknown packet ID 0x22; discarded 1 byte
[16:42:45.028] BAD_PACKET[TCP_prs2026hitl_7000] unknown packet ID 0x0a; discarded 1 byte
[16:42:45.180] RX[TCP_prs2026hitl_7000]  01 0f 00 00 00 a7 a6 00 00 00 00 59 06 ff ff da 66 ff ff d6 00 16 00 25 0a
[16:42:45.181] BAD_PACKET[TCP_prs2026hitl_7000] bad EOF for 0x01: expected 0x0a, got 0x00; payload=0f 00 00 00 a7 a6 00 00 00 00 59 06 ff ff da 66 ff ff d6 00 16
[16:42:45.181] BAD_PACKET[TCP_prs2026hitl_7000] unknown packet ID 0x25; discarded 1 byte
[16:42:45.181] BAD_PACKET[TCP_prs2026hitl_7000] unknown packet ID 0x0a; discarded 1 byte
[16:42:45.282] RX[TCP_prs2026hitl_7000]  01 0f 00 00 00 a8 0a 00 00 18 00 59 06 ff ff da 72 ff ff d7 00 15 00 25 0a
[16:42:45.283] BAD_PACKET[TCP_prs2026hitl_7000] bad EOF for 0x01: expected 0x0a, got 0x00; payload=0f 00 00 00 a8 0a 00 00 18 00 59 06 ff ff da 72 ff ff d7 00 15
[16:42:45.283] BAD_PACKET[TCP_prs2026hitl_7000] unknown packet ID 0x25; discarded 1 byte
[16:42:45.284] BAD_PACKET[TCP_prs2026hitl_7000] unknown packet ID 0x0a; discarded 1 byte
[16:42:45.384] RX[TCP_prs2026hitl_7000]  01 0b 00 00 00 a8 6e ff ff ff ff f4 00 59 12 ff ff da 7f ff ff d6 00 15 00 25 0a 02 10 00 00 00 a8 6e 00 00 00 00 00 00 00 00 00 00 00 00 00 00 00 00 00 00 00 00 00 00 00 00 00 00 00 00 00 00 00 00 00 00 00 00 00 00 00 00 00 00 00 00 00 00 00 00 00 00 43 52 80 85 13 40 0a ff ff 01 00 00 00 a8 6e 0a
[16:42:45.385] BAD_PACKET[TCP_prs2026hitl_7000] bad EOF for 0x01: expected 0x0a, got 0x00; payload=0b 00 00 00 a8 6e ff ff ff ff f4 00 59 12 ff ff da 7f ff ff d6
[16:42:45.386] BAD_PACKET[TCP_prs2026hitl_7000] unknown packet ID 0x15; discarded 1 byte
[16:42:45.387] BAD_PACKET[TCP_prs2026hitl_7000] unknown packet ID 0x00; discarded 1 byte
[16:42:45.387] BAD_PACKET[TCP_prs2026hitl_7000] unknown packet ID 0x25; discarded 1 byte
[16:42:45.388] BAD_PACKET[TCP_prs2026hitl_7000] unknown packet ID 0x0a; discarded 1 byte
[16:42:45.389] PACKET[TCP_prs2026hitl_7000] state: status=4096, uptime=43118, orientation=[0.0, 0.0, 0.0, 0.0], position=[0.0, 0.0, 0.0], velocity=[0.0, 0.0, 0.0], latitude=0.0, longitude=0.0, gps_altitude=0.0, barometric_altitude=210.502029, witness_battery_voltage=4.928
[16:42:45.390] BAD_PACKET[TCP_prs2026hitl_7000] bad EOF for 0xff: expected 0x0a, got 0x6e; payload=ff 01 00 00 00 a8
[16:42:45.390] BAD_PACKET[TCP_prs2026hitl_7000] unknown packet ID 0x0a; discarded 1 byte
[16:42:45.494] RX[TCP_prs2026hitl_7000]  01 0b 00 00 00 a8 d2 00 00 0c 00 59 06 ff ff da 72 ff ff d5 00 18 00 24 0a
[16:42:45.496] BAD_PACKET[TCP_prs2026hitl_7000] bad EOF for 0x01: expected 0x0a, got 0x00; payload=0b 00 00 00 a8 d2 00 00 0c 00 59 06 ff ff da 72 ff ff d5 00 18
[16:42:45.497] BAD_PACKET[TCP_prs2026hitl_7000] unknown packet ID 0x24; discarded 1 byte
[16:42:45.498] BAD_PACKET[TCP_prs2026hitl_7000] unknown packet ID 0x0a; discarded 1 byte
[16:42:45.600] RX[TCP_prs2026hitl_7000]  01 0b 00 00 00 a9 36 00 00 0c 00 59 12 ff ff da 7f ff ff d6 00 14 00 25 0a
[16:42:45.602] BAD_PACKET[TCP_prs2026hitl_7000] bad EOF for 0x01: expected 0x0a, got 0x00; payload=0b 00 00 00 a9 36 00 00 0c 00 59 12 ff ff da 7f ff ff d6 00 14
[16:42:45.602] BAD_PACKET[TCP_prs2026hitl_7000] unknown packet ID 0x25; discarded 1 byte
[16:42:45.602] BAD_PACKET[TCP_prs2026hitl_7000] unknown packet ID 0x0a; discarded 1 byte
[16:42:45.653] RX[TCP_prs2026hitl_7000]  01 0f 00 00 00 a9 9a 00 00 00 00 59 06 ff ff da 66 ff ff d8 00 15 00 24 0a
[16:42:45.655] BAD_PACKET[TCP_prs2026hitl_7000] bad EOF for 0x01: expected 0x0a, got 0x00; payload=0f 00 00 00 a9 9a 00 00 00 00 59 06 ff ff da 66 ff ff d8 00 15
[16:42:45.655] BAD_PACKET[TCP_prs2026hitl_7000] unknown packet ID 0x24; discarded 1 byte
[16:42:45.656] BAD_PACKET[TCP_prs2026hitl_7000] unknown packet ID 0x0a; discarded 1 byte
[16:42:45.757] RX[TCP_prs2026hitl_7000]  01 0f 00 00 00 a9 fe 00 00 18 00 59 12 ff ff da 66 ff ff d5 00 17 00 22 0a
[16:42:45.760] BAD_PACKET[TCP_prs2026hitl_7000] bad EOF for 0x01: expected 0x0a, got 0x00; payload=0f 00 00 00 a9 fe 00 00 18 00 59 12 ff ff da 66 ff ff d5 00 17
[16:42:45.760] BAD_PACKET[TCP_prs2026hitl_7000] unknown packet ID 0x22; discarded 1 byte
[16:42:45.761] BAD_PACKET[TCP_prs2026hitl_7000] unknown packet ID 0x0a; discarded 1 byte
[16:42:45.865] RX[TCP_prs2026hitl_7000]  01 0f 00 00 00 aa 62 00 00 0c 00 59 06 ff ff da 66 ff ff d5 00 16 00 24 0a
[16:42:45.866] BAD_PACKET[TCP_prs2026hitl_7000] bad EOF for 0x01: expected 0x0a, got 0x00; payload=0f 00 00 00 aa 62 00 00 0c 00 59 06 ff ff da 66 ff ff d5 00 16
[16:42:45.867] BAD_PACKET[TCP_prs2026hitl_7000] unknown packet ID 0x24; discarded 1 byte
[16:42:45.867] BAD_PACKET[TCP_prs2026hitl_7000] unknown packet ID 0x0a; discarded 1 byte
[16:42:45.968] RX[TCP_prs2026hitl_7000]  01 0f 00 00 00 aa c6 00 00 18 00 58 f9 ff ff da 7f ff ff d6 00 16 00 24 0a
[16:42:45.968] BAD_PACKET[TCP_prs2026hitl_7000] bad EOF for 0x01: expected 0x0a, got 0x00; payload=0f 00 00 00 aa c6 00 00 18 00 58 f9 ff ff da 7f ff ff d6 00 16
[16:42:45.969] BAD_PACKET[TCP_prs2026hitl_7000] unknown packet ID 0x24; discarded 1 byte
[16:42:45.969] BAD_PACKET[TCP_prs2026hitl_7000] unknown packet ID 0x0a; discarded 1 byte
[16:42:46.070] RX[TCP_prs2026hitl_7000]  01 0b 00 00 00 ab 2a 00 00 18 00 59 06 ff ff da 66 ff ff d6 00 16 00 25 0a
[16:42:46.070] BAD_PACKET[TCP_prs2026hitl_7000] bad EOF for 0x01: expected 0x0a, got 0x00; payload=0b 00 00 00 ab 2a 00 00 18 00 59 06 ff ff da 66 ff ff d6 00 16
[16:42:46.071] BAD_PACKET[TCP_prs2026hitl_7000] unknown packet ID 0x25; discarded 1 byte
[16:42:46.071] BAD_PACKET[TCP_prs2026hitl_7000] unknown packet ID 0x0a; discarded 1 byte
[16:42:46.122] RX[TCP_prs2026hitl_7000]  01 0b 00 00 00 ab 8e 00 00 0c 00 58 f9 ff ff da 7f ff ff d7 00 17 00 23 0a
[16:42:46.122] BAD_PACKET[TCP_prs2026hitl_7000] bad EOF for 0x01: expected 0x0a, got 0x00; payload=0b 00 00 00 ab 8e 00 00 0c 00 58 f9 ff ff da 7f ff ff d7 00 17
[16:42:46.123] BAD_PACKET[TCP_prs2026hitl_7000] unknown packet ID 0x23; discarded 1 byte
[16:42:46.123] BAD_PACKET[TCP_prs2026hitl_7000] unknown packet ID 0x0a; discarded 1 byte
[16:42:46.224] RX[TCP_prs2026hitl_7000]  01 0b 00 00 00 ab f2 00 00 00 00 58 f9 ff ff da 7f ff ff d7 00 15 00 25 0a
[16:42:46.227] BAD_PACKET[TCP_prs2026hitl_7000] bad EOF for 0x01: expected 0x0a, got 0x00; payload=0b 00 00 00 ab f2 00 00 00 00 58 f9 ff ff da 7f ff ff d7 00 15
[16:42:46.228] BAD_PACKET[TCP_prs2026hitl_7000] unknown packet ID 0x25; discarded 1 byte
[16:42:46.229] BAD_PACKET[TCP_prs2026hitl_7000] unknown packet ID 0x0a; discarded 1 byte
[16:42:46.329] RX[TCP_prs2026hitl_7000]  01 0f 00 00 00 ac 56 00 00 00 00 59 06 ff ff da 72 ff ff d7 00 15 00 24 0a 02 10 00 00 00 ac 56 00 00 00 00 00 00 00 00 00 00 00 00 00 00 00 00 00 00 00 00 00 00 00 00 00 00 00 00 00 00 00 00 00 00 00 00 00 00 00 00 00 00 00 00 00 00 00 00 00 00 43 51 fd f9 13 44 0a ff ff 00 00 00 00 ac 56 0a
[16:42:46.330] BAD_PACKET[TCP_prs2026hitl_7000] bad EOF for 0x01: expected 0x0a, got 0x00; payload=0f 00 00 00 ac 56 00 00 00 00 59 06 ff ff da 72 ff ff d7 00 15
[16:42:46.331] BAD_PACKET[TCP_prs2026hitl_7000] unknown packet ID 0x24; discarded 1 byte
[16:42:46.331] BAD_PACKET[TCP_prs2026hitl_7000] unknown packet ID 0x0a; discarded 1 byte
[16:42:46.332] PACKET[TCP_prs2026hitl_7000] state: status=4096, uptime=44118, orientation=[0.0, 0.0, 0.0, 0.0], position=[0.0, 0.0, 0.0], velocity=[0.0, 0.0, 0.0], latitude=0.0, longitude=0.0, gps_altitude=0.0, barometric_altitude=209.992081, witness_battery_voltage=4.932
[16:42:46.333] BAD_PACKET[TCP_prs2026hitl_7000] bad EOF for 0xff: expected 0x0a, got 0x56; payload=ff 00 00 00 00 ac
[16:42:46.336] BAD_PACKET[TCP_prs2026hitl_7000] unknown packet ID 0x0a; discarded 1 byte
[16:42:46.438] RX[TCP_prs2026hitl_7000]  01 0f 00 00 00 ac ba 00 00 25 00 58 f9 ff ff da 5a ff ff d5 00 17 00 22 0a
[16:42:46.439] BAD_PACKET[TCP_prs2026hitl_7000] bad EOF for 0x01: expected 0x0a, got 0x00; payload=0f 00 00 00 ac ba 00 00 25 00 58 f9 ff ff da 5a ff ff d5 00 17
[16:42:46.439] BAD_PACKET[TCP_prs2026hitl_7000] unknown packet ID 0x22; discarded 1 byte
[16:42:46.440] BAD_PACKET[TCP_prs2026hitl_7000] unknown packet ID 0x0a; discarded 1 byte
[16:42:46.541] RX[TCP_prs2026hitl_7000]  01 0f 00 00 00 ad 1e 00 00 0c 00 59 06 ff ff da 7f ff ff d6 00 15 00 24 0a
[16:42:46.542] BAD_PACKET[TCP_prs2026hitl_7000] bad EOF for 0x01: expected 0x0a, got 0x00; payload=0f 00 00 00 ad 1e 00 00 0c 00 59 06 ff ff da 7f ff ff d6 00 15
[16:42:46.543] BAD_PACKET[TCP_prs2026hitl_7000] unknown packet ID 0x24; discarded 1 byte
[16:42:46.543] BAD_PACKET[TCP_prs2026hitl_7000] unknown packet ID 0x0a; discarded 1 byte
[16:42:46.644] RX[TCP_prs2026hitl_7000]  01 0f 00 00 00 ad 82 00 00 00 00 59 06 ff ff da 72 ff ff d7 00 16 00 26 0a
[16:42:46.645] BAD_PACKET[TCP_prs2026hitl_7000] bad EOF for 0x01: expected 0x0a, got 0x00; payload=0f 00 00 00 ad 82 00 00 00 00 59 06 ff ff da 72 ff ff d7 00 16
[16:42:46.646] BAD_PACKET[TCP_prs2026hitl_7000] unknown packet ID 0x26; discarded 1 byte
[16:42:46.647] BAD_PACKET[TCP_prs2026hitl_7000] unknown packet ID 0x0a; discarded 1 byte
[16:42:46.697] RX[TCP_prs2026hitl_7000]  01 0b 00 00 00 ad e6 00 00 18 00 59 12 ff ff da 66 ff ff d6 00 16 00 24 0a
[16:42:46.698] BAD_PACKET[TCP_prs2026hitl_7000] bad EOF for 0x01: expected 0x0a, got 0x00; payload=0b 00 00 00 ad e6 00 00 18 00 59 12 ff ff da 66 ff ff d6 00 16
[16:42:46.698] BAD_PACKET[TCP_prs2026hitl_7000] unknown packet ID 0x24; discarded 1 byte
[16:42:46.699] BAD_PACKET[TCP_prs2026hitl_7000] unknown packet ID 0x0a; discarded 1 byte
[16:42:46.799] RX[TCP_prs2026hitl_7000]  01 0b 00 00 00 ae 4a 00 00 31 00 58 f9 ff ff da 66 ff ff d6 00 18 00 23 0a
[16:42:46.800] BAD_PACKET[TCP_prs2026hitl_7000] bad EOF for 0x01: expected 0x0a, got 0x00; payload=0b 00 00 00 ae 4a 00 00 31 00 58 f9 ff ff da 66 ff ff d6 00 18
[16:42:46.800] BAD_PACKET[TCP_prs2026hitl_7000] unknown packet ID 0x23; discarded 1 byte
[16:42:46.801] BAD_PACKET[TCP_prs2026hitl_7000] unknown packet ID 0x0a; discarded 1 byte
[16:42:46.902] RX[TCP_prs2026hitl_7000]  01 0b 00 00 00 ae ae 00 00 31 00 59 06 ff ff da 5a ff ff d6 00 15 00 25 0a
[16:42:46.903] BAD_PACKET[TCP_prs2026hitl_7000] bad EOF for 0x01: expected 0x0a, got 0x00; payload=0b 00 00 00 ae ae 00 00 31 00 59 06 ff ff da 5a ff ff d6 00 15
[16:42:46.904] BAD_PACKET[TCP_prs2026hitl_7000] unknown packet ID 0x25; discarded 1 byte
[16:42:46.904] BAD_PACKET[TCP_prs2026hitl_7000] unknown packet ID 0x0a; discarded 1 byte
[16:42:47.106] RX[TCP_prs2026hitl_7000]  01 0f 00 00 00 af 12 00 00 0c 00 59 06 ff ff da 7f ff ff d7 00 15 00 25 0a
[16:42:47.106] BAD_PACKET[TCP_prs2026hitl_7000] bad EOF for 0x01: expected 0x0a, got 0x00; payload=0f 00 00 00 af 12 00 00 0c 00 59 06 ff ff da 7f ff ff d7 00 15
[16:42:47.107] BAD_PACKET[TCP_prs2026hitl_7000] unknown packet ID 0x25; discarded 1 byte
[16:42:47.107] BAD_PACKET[TCP_prs2026hitl_7000] unknown packet ID 0x0a; discarded 1 byte
[16:42:47.158] RX[TCP_prs2026hitl_7000]  01 0f 00 00 00 af 76 00 00 00 00 59 1e ff ff da 97 ff ff d5 00 18 00 23 0a
[16:42:47.159] BAD_PACKET[TCP_prs2026hitl_7000] bad EOF for 0x01: expected 0x0a, got 0x00; payload=0f 00 00 00 af 76 00 00 00 00 59 1e ff ff da 97 ff ff d5 00 18
[16:42:47.159] BAD_PACKET[TCP_prs2026hitl_7000] unknown packet ID 0x23; discarded 1 byte
[16:42:47.159] BAD_PACKET[TCP_prs2026hitl_7000] unknown packet ID 0x0a; discarded 1 byte
[16:42:47.260] RX[TCP_prs2026hitl_7000]  01 0f 00 00 00 af da 00 00 0c 00 58 f9 ff ff da 8b ff ff d7 00 16 00 24 0a
[16:42:47.261] BAD_PACKET[TCP_prs2026hitl_7000] bad EOF for 0x01: expected 0x0a, got 0x00; payload=0f 00 00 00 af da 00 00 0c 00 58 f9 ff ff da 8b ff ff d7 00 16
[16:42:47.261] BAD_PACKET[TCP_prs2026hitl_7000] unknown packet ID 0x24; discarded 1 byte
[16:42:47.261] BAD_PACKET[TCP_prs2026hitl_7000] unknown packet ID 0x0a; discarded 1 byte
[16:42:47.363] RX[TCP_prs2026hitl_7000]  01 0f 00 00 00 b0 3e 00 00 00 00 59 12 ff ff da 7f ff ff d7 00 16 00 25 0a 02 10 00 00 00 b0 3e 00 00 00 00 00 00 00 00 00 00 00 00 00 00 00 00 00 00 00 00 00 00 00 00 00 00 00 00 00 00 00 00 00 00 00 00 00 00 00 00 00 00 00 00 00 00 00 00 00 00 43 52 80 85 13 48 0a ff ff 01 00 00 00 b0 3e 0a
[16:42:47.365] BAD_PACKET[TCP_prs2026hitl_7000] bad EOF for 0x01: expected 0x0a, got 0x00; payload=0f 00 00 00 b0 3e 00 00 00 00 59 12 ff ff da 7f ff ff d7 00 16
[16:42:47.365] BAD_PACKET[TCP_prs2026hitl_7000] unknown packet ID 0x25; discarded 1 byte
[16:42:47.366] BAD_PACKET[TCP_prs2026hitl_7000] unknown packet ID 0x0a; discarded 1 byte
[16:42:47.367] PACKET[TCP_prs2026hitl_7000] state: status=4096, uptime=45118, orientation=[0.0, 0.0, 0.0, 0.0], position=[0.0, 0.0, 0.0], velocity=[0.0, 0.0, 0.0], latitude=0.0, longitude=0.0, gps_altitude=0.0, barometric_altitude=210.502029, witness_battery_voltage=4.936
[16:42:47.367] BAD_PACKET[TCP_prs2026hitl_7000] bad EOF for 0xff: expected 0x0a, got 0x3e; payload=ff 01 00 00 00 b0
[16:42:47.368] BAD_PACKET[TCP_prs2026hitl_7000] unknown packet ID 0x0a; discarded 1 byte
[16:42:47.470] RX[TCP_prs2026hitl_7000]  01 0b 00 00 00 b0 a2 00 00 00 00 58 f9 ff ff da 8b ff ff d5 00 16 00 25 0a
[16:42:47.473] BAD_PACKET[TCP_prs2026hitl_7000] bad EOF for 0x01: expected 0x0a, got 0x00; payload=0b 00 00 00 b0 a2 00 00 00 00 58 f9 ff ff da 8b ff ff d5 00 16
[16:42:47.474] BAD_PACKET[TCP_prs2026hitl_7000] unknown packet ID 0x25; discarded 1 byte
[16:42:47.475] BAD_PACKET[TCP_prs2026hitl_7000] unknown packet ID 0x0a; discarded 1 byte
[16:42:47.577] RX[TCP_prs2026hitl_7000]  01 0b 00 00 00 b1 06 00 00 0c 00 59 12 ff ff da 8b ff ff d6 00 17 00 23 0a
[16:42:47.578] BAD_PACKET[TCP_prs2026hitl_7000] bad EOF for 0x01: expected 0x0a, got 0x00; payload=0b 00 00 00 b1 06 00 00 0c 00 59 12 ff ff da 8b ff ff d6 00 17
[16:42:47.579] BAD_PACKET[TCP_prs2026hitl_7000] unknown packet ID 0x23; discarded 1 byte
[16:42:47.580] BAD_PACKET[TCP_prs2026hitl_7000] unknown packet ID 0x0a; discarded 1 byte
[16:42:47.630] RX[TCP_prs2026hitl_7000]  01 0b 00 00 00 b1 6a ff ff ff ff f4 00 59 12 ff ff da 97 ff ff d7 00 15 00 24 0a
[16:42:47.631] BAD_PACKET[TCP_prs2026hitl_7000] bad EOF for 0x01: expected 0x0a, got 0x00; payload=0b 00 00 00 b1 6a ff ff ff ff f4 00 59 12 ff ff da 97 ff ff d7
[16:42:47.631] BAD_PACKET[TCP_prs2026hitl_7000] unknown packet ID 0x15; discarded 1 byte
[16:42:47.632] BAD_PACKET[TCP_prs2026hitl_7000] unknown packet ID 0x00; discarded 1 byte
[16:42:47.632] BAD_PACKET[TCP_prs2026hitl_7000] unknown packet ID 0x24; discarded 1 byte
[16:42:47.632] BAD_PACKET[TCP_prs2026hitl_7000] unknown packet ID 0x0a; discarded 1 byte
[16:42:47.734] RX[TCP_prs2026hitl_7000]  01 0f 00 00 00 b1 ce 00 00 0c 00 59 06 ff ff da 8b ff ff d6 00 16 00 24 0a
[16:42:47.738] BAD_PACKET[TCP_prs2026hitl_7000] bad EOF for 0x01: expected 0x0a, got 0x00; payload=0f 00 00 00 b1 ce 00 00 0c 00 59 06 ff ff da 8b ff ff d6 00 16
[16:42:47.741] BAD_PACKET[TCP_prs2026hitl_7000] unknown packet ID 0x24; discarded 1 byte
[16:42:47.741] BAD_PACKET[TCP_prs2026hitl_7000] unknown packet ID 0x0a; discarded 1 byte
[16:42:47.842] RX[TCP_prs2026hitl_7000]  01 0f 00 00 00 b2 32 ff ff ff ff f4 00 59 06 ff ff da 97 ff ff d6 00 18 00 22 0a
[16:42:47.844] BAD_PACKET[TCP_prs2026hitl_7000] bad EOF for 0x01: expected 0x0a, got 0x00; payload=0f 00 00 00 b2 32 ff ff ff ff f4 00 59 06 ff ff da 97 ff ff d6
[16:42:47.845] BAD_PACKET[TCP_prs2026hitl_7000] unknown packet ID 0x18; discarded 1 byte
[16:42:47.846] BAD_PACKET[TCP_prs2026hitl_7000] unknown packet ID 0x00; discarded 1 byte
[16:42:47.848] BAD_PACKET[TCP_prs2026hitl_7000] unknown packet ID 0x22; discarded 1 byte
[16:42:47.849] BAD_PACKET[TCP_prs2026hitl_7000] unknown packet ID 0x0a; discarded 1 byte
[16:42:47.950] RX[TCP_prs2026hitl_7000]  01 0f 00 00 00 b2 96 00 00 0c 00 59 06 ff ff da 8b ff ff d6 00 15 00 24 0a
[16:42:47.951] BAD_PACKET[TCP_prs2026hitl_7000] bad EOF for 0x01: expected 0x0a, got 0x00; payload=0f 00 00 00 b2 96 00 00 0c 00 59 06 ff ff da 8b ff ff d6 00 15
[16:42:47.952] BAD_PACKET[TCP_prs2026hitl_7000] unknown packet ID 0x24; discarded 1 byte
[16:42:47.952] BAD_PACKET[TCP_prs2026hitl_7000] unknown packet ID 0x0a; discarded 1 byte
[16:42:48.052] RX[TCP_prs2026hitl_7000]  01 0f 00 00 00 b2 fa 00 00 0c 00 59 12 ff ff da 7f ff ff d7 00 14 00 25 0a
[16:42:48.054] BAD_PACKET[TCP_prs2026hitl_7000] bad EOF for 0x01: expected 0x0a, got 0x00; payload=0f 00 00 00 b2 fa 00 00 0c 00 59 12 ff ff da 7f ff ff d7 00 14
[16:42:48.055] BAD_PACKET[TCP_prs2026hitl_7000] unknown packet ID 0x25; discarded 1 byte
[16:42:48.055] BAD_PACKET[TCP_prs2026hitl_7000] unknown packet ID 0x0a; discarded 1 byte
[16:42:48.106] RX[TCP_prs2026hitl_7000]  01 0b 00 00 00 b3 5e 00 00 0c 00 58 f9 ff ff da 72 ff ff d6 00 16 00 24 0a
[16:42:48.107] BAD_PACKET[TCP_prs2026hitl_7000] bad EOF for 0x01: expected 0x0a, got 0x00; payload=0b 00 00 00 b3 5e 00 00 0c 00 58 f9 ff ff da 72 ff ff d6 00 16
[16:42:48.108] BAD_PACKET[TCP_prs2026hitl_7000] unknown packet ID 0x24; discarded 1 byte
[16:42:48.108] BAD_PACKET[TCP_prs2026hitl_7000] unknown packet ID 0x0a; discarded 1 byte
[16:42:48.208] RX[TCP_prs2026hitl_7000]  01 0b 00 00 00 b3 c2 00 00 00 00 59 06 ff ff da 7f ff ff d6 00 17 00 22 0a
[16:42:48.209] BAD_PACKET[TCP_prs2026hitl_7000] bad EOF for 0x01: expected 0x0a, got 0x00; payload=0b 00 00 00 b3 c2 00 00 00 00 59 06 ff ff da 7f ff ff d6 00 17
[16:42:48.210] BAD_PACKET[TCP_prs2026hitl_7000] unknown packet ID 0x22; discarded 1 byte
[16:42:48.211] BAD_PACKET[TCP_prs2026hitl_7000] unknown packet ID 0x0a; discarded 1 byte
[16:42:48.313] RX[TCP_prs2026hitl_7000]  01 0b 00 00 00 b4 26 00 00 0c 00 59 1e ff ff da 72 ff ff d7 00 15 00 24 0a 02 10 00 00 00 b4 26 00 00 00 00 00 00 00 00 00 00 00 00 00 00 00 00 00 00 00 00 00 00 00 00 00 00 00 00 00 00 00 00 00 00
[16:42:48.314] BAD_PACKET[TCP_prs2026hitl_7000] bad EOF for 0x01: expected 0x0a, got 0x00; payload=0b 00 00 00 b4 26 00 00 0c 00 59 1e ff ff da 72 ff ff d7 00 15
[16:42:48.315] BAD_PACKET[TCP_prs2026hitl_7000] unknown packet ID 0x24; discarded 1 byte
[16:42:48.315] BAD_PACKET[TCP_prs2026hitl_7000] unknown packet ID 0x0a; discarded 1 byte
[16:42:48.417] RX[TCP_prs2026hitl_7000]  00 00 00 00 00 00 00 00 00 00 00 00 00 00 00 00 43 52 3f 96 13 48 0a ff ff 00 00 00 00 b4 26 0a 01 0f 00 00 00 b4 8a 00 00 00 00 59 06 ff ff da 72 ff ff d6 00 15 00 25 0a
[16:42:48.418] PACKET[TCP_prs2026hitl_7000] state: status=4096, uptime=46118, orientation=[0.0, 0.0, 0.0, 0.0], position=[0.0, 0.0, 0.0], velocity=[0.0, 0.0, 0.0], latitude=0.0, longitude=0.0, gps_altitude=0.0, barometric_altitude=210.248383, witness_battery_voltage=4.936
[16:42:48.419] BAD_PACKET[TCP_prs2026hitl_7000] bad EOF for 0xff: expected 0x0a, got 0x26; payload=ff 00 00 00 00 b4
[16:42:48.419] BAD_PACKET[TCP_prs2026hitl_7000] unknown packet ID 0x0a; discarded 1 byte
[16:42:48.420] BAD_PACKET[TCP_prs2026hitl_7000] bad EOF for 0x01: expected 0x0a, got 0x00; payload=0f 00 00 00 b4 8a 00 00 00 00 59 06 ff ff da 72 ff ff d6 00 15
[16:42:48.420] BAD_PACKET[TCP_prs2026hitl_7000] unknown packet ID 0x25; discarded 1 byte
[16:42:48.421] BAD_PACKET[TCP_prs2026hitl_7000] unknown packet ID 0x0a; discarded 1 byte
[16:42:48.573] RX[TCP_prs2026hitl_7000]  01 0f 00 00 00 b4 ee 00 00 0c 00 59 06 ff ff da 7f ff ff d6 00 18 00 23 0a
[16:42:48.574] BAD_PACKET[TCP_prs2026hitl_7000] bad EOF for 0x01: expected 0x0a, got 0x00; payload=0f 00 00 00 b4 ee 00 00 0c 00 59 06 ff ff da 7f ff ff d6 00 18
[16:42:48.574] BAD_PACKET[TCP_prs2026hitl_7000] unknown packet ID 0x23; discarded 1 byte
[16:42:48.575] BAD_PACKET[TCP_prs2026hitl_7000] unknown packet ID 0x0a; discarded 1 byte
[16:42:48.675] RX[TCP_prs2026hitl_7000]  01 0f 00 00 00 b5 52 00 00 25 00 59 06 ff ff da 7f ff ff d7 00 16 00 23 0a
[16:42:48.677] BAD_PACKET[TCP_prs2026hitl_7000] bad EOF for 0x01: expected 0x0a, got 0x00; payload=0f 00 00 00 b5 52 00 00 25 00 59 06 ff ff da 7f ff ff d7 00 16
[16:42:48.678] BAD_PACKET[TCP_prs2026hitl_7000] unknown packet ID 0x23; discarded 1 byte
[16:42:48.678] BAD_PACKET[TCP_prs2026hitl_7000] unknown packet ID 0x0a; discarded 1 byte
[16:42:48.780] RX[TCP_prs2026hitl_7000]  01 0f 00 00 00 b5 b6 00 00 0c 00 59 06 ff ff da 7f ff ff d7 00 15 00 24 0a
[16:42:48.781] BAD_PACKET[TCP_prs2026hitl_7000] bad EOF for 0x01: expected 0x0a, got 0x00; payload=0f 00 00 00 b5 b6 00 00 0c 00 59 06 ff ff da 7f ff ff d7 00 15
[16:42:48.781] BAD_PACKET[TCP_prs2026hitl_7000] unknown packet ID 0x24; discarded 1 byte
[16:42:48.781] BAD_PACKET[TCP_prs2026hitl_7000] unknown packet ID 0x0a; discarded 1 byte
[16:42:48.882] RX[TCP_prs2026hitl_7000]  01 0b 00 00 00 b6 1a 00 00 00 00 59 06 ff ff da 7f ff ff d6 00 17 00 25 0a
[16:42:48.883] BAD_PACKET[TCP_prs2026hitl_7000] bad EOF for 0x01: expected 0x0a, got 0x00; payload=0b 00 00 00 b6 1a 00 00 00 00 59 06 ff ff da 7f ff ff d6 00 17
[16:42:48.884] BAD_PACKET[TCP_prs2026hitl_7000] unknown packet ID 0x25; discarded 1 byte
[16:42:48.884] BAD_PACKET[TCP_prs2026hitl_7000] unknown packet ID 0x0a; discarded 1 byte
[16:42:48.985] RX[TCP_prs2026hitl_7000]  01 0b 00 00 00 b6 7e 00 00 00 00 59 12 ff ff da 97 ff ff d6 00 17 00 22 0a
[16:42:48.986] BAD_PACKET[TCP_prs2026hitl_7000] bad EOF for 0x01: expected 0x0a, got 0x00; payload=0b 00 00 00 b6 7e 00 00 00 00 59 12 ff ff da 97 ff ff d6 00 17
[16:42:48.987] BAD_PACKET[TCP_prs2026hitl_7000] unknown packet ID 0x22; discarded 1 byte
[16:42:48.987] BAD_PACKET[TCP_prs2026hitl_7000] unknown packet ID 0x0a; discarded 1 byte
[16:42:49.038] RX[TCP_prs2026hitl_7000]  01 0b 00 00 00 b6 e2 00 00 00 00 59 06 ff ff da 7f ff ff d7 00 15 00 25 0a
[16:42:49.039] BAD_PACKET[TCP_prs2026hitl_7000] bad EOF for 0x01: expected 0x0a, got 0x00; payload=0b 00 00 00 b6 e2 00 00 00 00 59 06 ff ff da 7f ff ff d7 00 15
[16:42:49.039] BAD_PACKET[TCP_prs2026hitl_7000] unknown packet ID 0x25; discarded 1 byte
[16:42:49.039] BAD_PACKET[TCP_prs2026hitl_7000] unknown packet ID 0x0a; discarded 1 byte
[16:42:49.140] RX[TCP_prs2026hitl_7000]  01 0f 00 00 00 b7 46 00 00 0c 00 59 12 ff ff da 7f ff ff d6 00 15 00 25 0a
[16:42:49.141] BAD_PACKET[TCP_prs2026hitl_7000] bad EOF for 0x01: expected 0x0a, got 0x00; payload=0f 00 00 00 b7 46 00 00 0c 00 59 12 ff ff da 7f ff ff d6 00 15
[16:42:49.141] BAD_PACKET[TCP_prs2026hitl_7000] unknown packet ID 0x25; discarded 1 byte
[16:42:49.142] BAD_PACKET[TCP_prs2026hitl_7000] unknown packet ID 0x0a; discarded 1 byte
[16:42:49.242] RX[TCP_prs2026hitl_7000]  01 0f 00 00 00 b7 aa 00 00 00 00 59 12 ff ff da 72 ff ff d5 00 17 00 23 0a
[16:42:49.243] BAD_PACKET[TCP_prs2026hitl_7000] bad EOF for 0x01: expected 0x0a, got 0x00; payload=0f 00 00 00 b7 aa 00 00 00 00 59 12 ff ff da 72 ff ff d5 00 17
[16:42:49.243] BAD_PACKET[TCP_prs2026hitl_7000] unknown packet ID 0x23; discarded 1 byte
[16:42:49.243] BAD_PACKET[TCP_prs2026hitl_7000] unknown packet ID 0x0a; discarded 1 byte
[16:42:49.344] RX[TCP_prs2026hitl_7000]  01 0f 00 00 00 b8 0e 00 00 00 00 59 06 ff ff da 7f ff ff d6 00 16 00 24 0a 02 10 00 00 00 b8 0e 00 00 00 00 00 00 00 00 00 00 00 00 00 00 00 00 00 00 00 00 00 00 00 00 00 00 00 00 00 00 00 00 00 00 00 00 00 00 00 00 00 00 00 00 00 00 00 00 00 00 43 52 29 43 13 44 0a ff ff 01 00 00 00 b8 0e 0a
[16:42:49.345] BAD_PACKET[TCP_prs2026hitl_7000] bad EOF for 0x01: expected 0x0a, got 0x00; payload=0f 00 00 00 b8 0e 00 00 00 00 59 06 ff ff da 7f ff ff d6 00 16
[16:42:49.346] BAD_PACKET[TCP_prs2026hitl_7000] unknown packet ID 0x24; discarded 1 byte
[16:42:49.346] BAD_PACKET[TCP_prs2026hitl_7000] unknown packet ID 0x0a; discarded 1 byte
[16:42:49.347] PACKET[TCP_prs2026hitl_7000] state: status=4096, uptime=47118, orientation=[0.0, 0.0, 0.0, 0.0], position=[0.0, 0.0, 0.0], velocity=[0.0, 0.0, 0.0], latitude=0.0, longitude=0.0, gps_altitude=0.0, barometric_altitude=210.161179, witness_battery_voltage=4.932
[16:42:49.348] BAD_PACKET[TCP_prs2026hitl_7000] bad EOF for 0xff: expected 0x0a, got 0x0e; payload=ff 01 00 00 00 b8
[16:42:49.348] BAD_PACKET[TCP_prs2026hitl_7000] unknown packet ID 0x0a; discarded 1 byte
[16:42:49.449] RX[TCP_prs2026hitl_7000]  01 0f 00 00 00 b8 72 00 00 0c 00 59 1e ff ff da 7f ff ff d6 00 16 00 26 0a
[16:42:49.451] BAD_PACKET[TCP_prs2026hitl_7000] bad EOF for 0x01: expected 0x0a, got 0x00; payload=0f 00 00 00 b8 72 00 00 0c 00 59 1e ff ff da 7f ff ff d6 00 16
[16:42:49.451] BAD_PACKET[TCP_prs2026hitl_7000] unknown packet ID 0x26; discarded 1 byte
[16:42:49.452] BAD_PACKET[TCP_prs2026hitl_7000] unknown packet ID 0x0a; discarded 1 byte
[16:42:49.503] RX[TCP_prs2026hitl_7000]  01 0b 00 00 00 b8 d6 ff ff ff ff f4 00 58 f9 ff ff da 7f ff ff d5 00 16 00 25 0a
[16:42:49.506] BAD_PACKET[TCP_prs2026hitl_7000] bad EOF for 0x01: expected 0x0a, got 0x00; payload=0b 00 00 00 b8 d6 ff ff ff ff f4 00 58 f9 ff ff da 7f ff ff d5
[16:42:49.510] BAD_PACKET[TCP_prs2026hitl_7000] unknown packet ID 0x16; discarded 1 byte
[16:42:49.510] BAD_PACKET[TCP_prs2026hitl_7000] unknown packet ID 0x00; discarded 1 byte
[16:42:49.511] BAD_PACKET[TCP_prs2026hitl_7000] unknown packet ID 0x25; discarded 1 byte
[16:42:49.511] BAD_PACKET[TCP_prs2026hitl_7000] unknown packet ID 0x0a; discarded 1 byte
[16:42:49.613] RX[TCP_prs2026hitl_7000]  01 0b 00 00 00 b9 3a 00 00 31 00 58 f9 ff ff da 5a ff ff d5 00 17 00 23 0a
[16:42:49.617] BAD_PACKET[TCP_prs2026hitl_7000] bad EOF for 0x01: expected 0x0a, got 0x00; payload=0b 00 00 00 b9 3a 00 00 31 00 58 f9 ff ff da 5a ff ff d5 00 17
[16:42:49.618] BAD_PACKET[TCP_prs2026hitl_7000] unknown packet ID 0x23; discarded 1 byte
[16:42:49.618] BAD_PACKET[TCP_prs2026hitl_7000] unknown packet ID 0x0a; discarded 1 byte
[16:42:49.719] RX[TCP_prs2026hitl_7000]  01 0b 00 00 00 b9 9e 00 00 3d 00 58 f9 ff ff da 66 ff ff d7 00 15 00 24 0a
[16:42:49.719] BAD_PACKET[TCP_prs2026hitl_7000] bad EOF for 0x01: expected 0x0a, got 0x00; payload=0b 00 00 00 b9 9e 00 00 3d 00 58 f9 ff ff da 66 ff ff d7 00 15
[16:42:49.720] BAD_PACKET[TCP_prs2026hitl_7000] unknown packet ID 0x24; discarded 1 byte
[16:42:49.720] BAD_PACKET[TCP_prs2026hitl_7000] unknown packet ID 0x0a; discarded 1 byte
[16:42:49.821] RX[TCP_prs2026hitl_7000]  01 0f 00 00 00 ba 02 00 00 18 00 59 06 ff ff da 8b ff ff d7 00 15 00 24 0a
[16:42:49.822] BAD_PACKET[TCP_prs2026hitl_7000] bad EOF for 0x01: expected 0x0a, got 0x00; payload=0f 00 00 00 ba 02 00 00 18 00 59 06 ff ff da 8b ff ff d7 00 15
[16:42:49.823] BAD_PACKET[TCP_prs2026hitl_7000] unknown packet ID 0x24; discarded 1 byte
[16:42:49.824] BAD_PACKET[TCP_prs2026hitl_7000] unknown packet ID 0x0a; discarded 1 byte
[16:42:49.925] RX[TCP_prs2026hitl_7000]  01 0f 00 00 00 ba 66 00 00 0c 00 58 f9 ff ff da 5a ff ff d6 00 18 00 22 0a
[16:42:49.926] BAD_PACKET[TCP_prs2026hitl_7000] bad EOF for 0x01: expected 0x0a, got 0x00; payload=0f 00 00 00 ba 66 00 00 0c 00 58 f9 ff ff da 5a ff ff d6 00 18
[16:42:49.927] BAD_PACKET[TCP_prs2026hitl_7000] unknown packet ID 0x22; discarded 1 byte
[16:42:49.927] BAD_PACKET[TCP_prs2026hitl_7000] unknown packet ID 0x0a; discarded 1 byte
[16:42:50.028] RX[TCP_prs2026hitl_7000]  01 0f 00 00 00 ba ca 00 00 00 00 59 06 ff ff da 7f ff ff d6 00 16 00 24 0a
[16:42:50.029] BAD_PACKET[TCP_prs2026hitl_7000] bad EOF for 0x01: expected 0x0a, got 0x00; payload=0f 00 00 00 ba ca 00 00 00 00 59 06 ff ff da 7f ff ff d6 00 16
[16:42:50.029] BAD_PACKET[TCP_prs2026hitl_7000] unknown packet ID 0x24; discarded 1 byte
[16:42:50.030] BAD_PACKET[TCP_prs2026hitl_7000] unknown packet ID 0x0a; discarded 1 byte
[16:42:50.130] RX[TCP_prs2026hitl_7000]  01 0f 00 00 00 bb 2e 00 00 00 00 58 f9 ff ff da 72 ff ff d7 00 15 00 24 0a
[16:42:50.132] BAD_PACKET[TCP_prs2026hitl_7000] bad EOF for 0x01: expected 0x0a, got 0x00; payload=0f 00 00 00 bb 2e 00 00 00 00 58 f9 ff ff da 72 ff ff d7 00 15
[16:42:50.132] BAD_PACKET[TCP_prs2026hitl_7000] unknown packet ID 0x24; discarded 1 byte
[16:42:50.133] BAD_PACKET[TCP_prs2026hitl_7000] unknown packet ID 0x0a; discarded 1 byte
[16:42:50.233] RX[TCP_prs2026hitl_7000]  01 0b 00 00 00 bb 92 ff ff ff ff f4 00 59 06 ff ff da af ff ff d6 00 16 00 24 0a
[16:42:50.235] BAD_PACKET[TCP_prs2026hitl_7000] bad EOF for 0x01: expected 0x0a, got 0x00; payload=0b 00 00 00 bb 92 ff ff ff ff f4 00 59 06 ff ff da af ff ff d6
[16:42:50.235] BAD_PACKET[TCP_prs2026hitl_7000] unknown packet ID 0x16; discarded 1 byte
[16:42:50.235] BAD_PACKET[TCP_prs2026hitl_7000] unknown packet ID 0x00; discarded 1 byte
[16:42:50.236] BAD_PACKET[TCP_prs2026hitl_7000] unknown packet ID 0x24; discarded 1 byte
[16:42:50.236] BAD_PACKET[TCP_prs2026hitl_7000] unknown packet ID 0x0a; discarded 1 byte
[16:42:50.336] RX[TCP_prs2026hitl_7000]  01 0b 00 00 00 bb f6 ff ff ff ff e8 00 59 06 ff ff da 97 ff ff d6 00 18 00 23 0a 02 10 00 00 00 bb f6 00 00 00 00 00 00 00 00 00 00 00 00 00 00 00 00 00 00 00 00 00 00 00 00 00 00 00 00 00 00 00 00 00 00
[16:42:50.338] BAD_PACKET[TCP_prs2026hitl_7000] bad EOF for 0x01: expected 0x0a, got 0x00; payload=0b 00 00 00 bb f6 ff ff ff ff e8 00 59 06 ff ff da 97 ff ff d6
[16:42:50.338] BAD_PACKET[TCP_prs2026hitl_7000] unknown packet ID 0x18; discarded 1 byte
[16:42:50.338] BAD_PACKET[TCP_prs2026hitl_7000] unknown packet ID 0x00; discarded 1 byte
[16:42:50.339] BAD_PACKET[TCP_prs2026hitl_7000] unknown packet ID 0x23; discarded 1 byte
[16:42:50.339] BAD_PACKET[TCP_prs2026hitl_7000] unknown packet ID 0x0a; discarded 1 byte
[16:42:50.439] RX[TCP_prs2026hitl_7000]  00 00 00 00 00 00 00 00 00 00 00 00 00 00 00 00 43 52 13 9e 13 50 0a ff ff 00 00 00 00 bb f6 0a
[16:42:50.441] PACKET[TCP_prs2026hitl_7000] state: status=4096, uptime=48118, orientation=[0.0, 0.0, 0.0, 0.0], position=[0.0, 0.0, 0.0], velocity=[0.0, 0.0, 0.0], latitude=0.0, longitude=0.0, gps_altitude=0.0, barometric_altitude=210.07663, witness_battery_voltage=4.944
[16:42:50.441] BAD_PACKET[TCP_prs2026hitl_7000] bad EOF for 0xff: expected 0x0a, got 0xf6; payload=ff 00 00 00 00 bb
[16:42:50.442] BAD_PACKET[TCP_prs2026hitl_7000] unknown packet ID 0x0a; discarded 1 byte
[16:42:50.493] RX[TCP_prs2026hitl_7000]  01 0b 00 00 00 bc 5a ff ff ff ff e8 00 59 06 ff ff da 8b ff ff d6 00 16 00 24 0a
[16:42:50.497] BAD_PACKET[TCP_prs2026hitl_7000] bad EOF for 0x01: expected 0x0a, got 0x00; payload=0b 00 00 00 bc 5a ff ff ff ff e8 00 59 06 ff ff da 8b ff ff d6
[16:42:50.498] BAD_PACKET[TCP_prs2026hitl_7000] unknown packet ID 0x16; discarded 1 byte
[16:42:50.498] BAD_PACKET[TCP_prs2026hitl_7000] unknown packet ID 0x00; discarded 1 byte
[16:42:50.499] BAD_PACKET[TCP_prs2026hitl_7000] unknown packet ID 0x24; discarded 1 byte
[16:42:50.499] BAD_PACKET[TCP_prs2026hitl_7000] unknown packet ID 0x0a; discarded 1 byte
[16:42:50.600] RX[TCP_prs2026hitl_7000]  01 0f 00 00 00 bc be 00 00 0c 00 59 12 ff ff da 7f ff ff d6 00 16 00 25 0a
[16:42:50.602] BAD_PACKET[TCP_prs2026hitl_7000] bad EOF for 0x01: expected 0x0a, got 0x00; payload=0f 00 00 00 bc be 00 00 0c 00 59 12 ff ff da 7f ff ff d6 00 16
[16:42:50.603] BAD_PACKET[TCP_prs2026hitl_7000] unknown packet ID 0x25; discarded 1 byte
[16:42:50.603] BAD_PACKET[TCP_prs2026hitl_7000] unknown packet ID 0x0a; discarded 1 byte
[16:42:50.704] RX[TCP_prs2026hitl_7000]  01 0f 00 00 00 bd 22 00 00 00 00 59 06 ff ff da 8b ff ff d6 00 18 00 22 0a
[16:42:50.706] BAD_PACKET[TCP_prs2026hitl_7000] bad EOF for 0x01: expected 0x0a, got 0x00; payload=0f 00 00 00 bd 22 00 00 00 00 59 06 ff ff da 8b ff ff d6 00 18
[16:42:50.706] BAD_PACKET[TCP_prs2026hitl_7000] unknown packet ID 0x22; discarded 1 byte
[16:42:50.707] BAD_PACKET[TCP_prs2026hitl_7000] unknown packet ID 0x0a; discarded 1 byte
[16:42:50.757] RX[TCP_prs2026hitl_7000]  01 0f 00 00 00 bd 86 00 00 0c 00 59 06 ff ff da 7f ff ff d6 00 16 00 25 0a
[16:42:50.760] BAD_PACKET[TCP_prs2026hitl_7000] bad EOF for 0x01: expected 0x0a, got 0x00; payload=0f 00 00 00 bd 86 00 00 0c 00 59 06 ff ff da 7f ff ff d6 00 16
[16:42:50.763] BAD_PACKET[TCP_prs2026hitl_7000] unknown packet ID 0x25; discarded 1 byte
[16:42:50.765] BAD_PACKET[TCP_prs2026hitl_7000] unknown packet ID 0x0a; discarded 1 byte
[16:42:50.866] RX[TCP_prs2026hitl_7000]  01 0f 00 00 00 bd ea 00 00 0c 00 59 06 ff ff da 8b ff ff d7 00 15 00 25 0a
[16:42:50.867] BAD_PACKET[TCP_prs2026hitl_7000] bad EOF for 0x01: expected 0x0a, got 0x00; payload=0f 00 00 00 bd ea 00 00 0c 00 59 06 ff ff da 8b ff ff d7 00 15
[16:42:50.867] BAD_PACKET[TCP_prs2026hitl_7000] unknown packet ID 0x25; discarded 1 byte
[16:42:50.868] BAD_PACKET[TCP_prs2026hitl_7000] unknown packet ID 0x0a; discarded 1 byte
[16:42:50.968] RX[TCP_prs2026hitl_7000]  01 0b 00 00 00 be 4e 00 00 18 00 59 12 ff ff da 8b ff ff d5 00 17 00 25 0a
[16:42:50.969] BAD_PACKET[TCP_prs2026hitl_7000] bad EOF for 0x01: expected 0x0a, got 0x00; payload=0b 00 00 00 be 4e 00 00 18 00 59 12 ff ff da 8b ff ff d5 00 17
[16:42:50.970] BAD_PACKET[TCP_prs2026hitl_7000] unknown packet ID 0x25; discarded 1 byte
[16:42:50.970] BAD_PACKET[TCP_prs2026hitl_7000] unknown packet ID 0x0a; discarded 1 byte
[16:42:51.070] RX[TCP_prs2026hitl_7000]  01 0b 00 00 00 be b2 00 00 0c 00 59 06 ff ff da 7f ff ff d6 00 17 00 24 0a
[16:42:51.071] BAD_PACKET[TCP_prs2026hitl_7000] bad EOF for 0x01: expected 0x0a, got 0x00; payload=0b 00 00 00 be b2 00 00 0c 00 59 06 ff ff da 7f ff ff d6 00 17
[16:42:51.072] BAD_PACKET[TCP_prs2026hitl_7000] unknown packet ID 0x24; discarded 1 byte
[16:42:51.072] BAD_PACKET[TCP_prs2026hitl_7000] unknown packet ID 0x0a; discarded 1 byte
[16:42:51.173] RX[TCP_prs2026hitl_7000]  01 0b 00 00 00 bf 16 00 00 18 00 59 12 ff ff da 72 ff ff d6 00 15 00 25 0a
[16:42:51.173] BAD_PACKET[TCP_prs2026hitl_7000] bad EOF for 0x01: expected 0x0a, got 0x00; payload=0b 00 00 00 bf 16 00 00 18 00 59 12 ff ff da 72 ff ff d6 00 15
[16:42:51.174] BAD_PACKET[TCP_prs2026hitl_7000] unknown packet ID 0x25; discarded 1 byte
[16:42:51.174] BAD_PACKET[TCP_prs2026hitl_7000] unknown packet ID 0x0a; discarded 1 byte
[16:42:51.224] RX[TCP_prs2026hitl_7000]  01 0f 00 00 00 bf 7a 00 00 00 00 59 12 ff ff da 72 ff ff d7 00 15 00 24 0a
[16:42:51.225] BAD_PACKET[TCP_prs2026hitl_7000] bad EOF for 0x01: expected 0x0a, got 0x00; payload=0f 00 00 00 bf 7a 00 00 00 00 59 12 ff ff da 72 ff ff d7 00 15
[16:42:51.225] BAD_PACKET[TCP_prs2026hitl_7000] unknown packet ID 0x24; discarded 1 byte
[16:42:51.226] BAD_PACKET[TCP_prs2026hitl_7000] unknown packet ID 0x0a; discarded 1 byte
[16:42:51.326] RX[TCP_prs2026hitl_7000]  01 0f 00 00 00 bf de ff ff ff ff f4 00 59 12 ff ff da 72 ff ff d6 00 17 00 23 0a 02 10 00 00 00 bf de 00 00 00 00 00 00 00 00 00 00 00 00 00 00 00 00 00 00 00 00 00 00 00 00 00 00 00 00 00 00 00 00 00 00 00 00 00 00 00 00 00 00 00 00 00 00 00 00 00 00 43 52 3f 96 13 44 0a ff ff 01 00 00 00 bf de 0a
[16:42:51.328] BAD_PACKET[TCP_prs2026hitl_7000] bad EOF for 0x01: expected 0x0a, got 0x00; payload=0f 00 00 00 bf de ff ff ff ff f4 00 59 12 ff ff da 72 ff ff d6
[16:42:51.328] BAD_PACKET[TCP_prs2026hitl_7000] unknown packet ID 0x17; discarded 1 byte
[16:42:51.329] BAD_PACKET[TCP_prs2026hitl_7000] unknown packet ID 0x00; discarded 1 byte
[16:42:51.329] BAD_PACKET[TCP_prs2026hitl_7000] unknown packet ID 0x23; discarded 1 byte
[16:42:51.330] BAD_PACKET[TCP_prs2026hitl_7000] unknown packet ID 0x0a; discarded 1 byte
[16:42:51.331] PACKET[TCP_prs2026hitl_7000] state: status=4096, uptime=49118, orientation=[0.0, 0.0, 0.0, 0.0], position=[0.0, 0.0, 0.0], velocity=[0.0, 0.0, 0.0], latitude=0.0, longitude=0.0, gps_altitude=0.0, barometric_altitude=210.248383, witness_battery_voltage=4.932
[16:42:51.332] BAD_PACKET[TCP_prs2026hitl_7000] bad EOF for 0xff: expected 0x0a, got 0xde; payload=ff 01 00 00 00 bf
[16:42:51.332] BAD_PACKET[TCP_prs2026hitl_7000] unknown packet ID 0x0a; discarded 1 byte
[16:42:51.433] RX[TCP_prs2026hitl_7000]  01 0f 00 00 00 c0 42 00 00 00 00 59 06 ff ff da 7f ff ff d6 00 15 00 25 0a
[16:42:51.435] BAD_PACKET[TCP_prs2026hitl_7000] bad EOF for 0x01: expected 0x0a, got 0x00; payload=0f 00 00 00 c0 42 00 00 00 00 59 06 ff ff da 7f ff ff d6 00 15
[16:42:51.437] BAD_PACKET[TCP_prs2026hitl_7000] unknown packet ID 0x25; discarded 1 byte
[16:42:51.437] BAD_PACKET[TCP_prs2026hitl_7000] unknown packet ID 0x0a; discarded 1 byte
[16:42:51.538] RX[TCP_prs2026hitl_7000]  01 0f 00 00 00 c0 a6 00 00 25 00 59 06 ff ff da 72 ff ff d6 00 15 00 24 0a
[16:42:51.541] BAD_PACKET[TCP_prs2026hitl_7000] bad EOF for 0x01: expected 0x0a, got 0x00; payload=0f 00 00 00 c0 a6 00 00 25 00 59 06 ff ff da 72 ff ff d6 00 15
[16:42:51.542] BAD_PACKET[TCP_prs2026hitl_7000] unknown packet ID 0x24; discarded 1 byte
[16:42:51.543] BAD_PACKET[TCP_prs2026hitl_7000] unknown packet ID 0x0a; discarded 1 byte
[16:42:51.593] RX[TCP_prs2026hitl_7000]  01 0b 00 00 00 c1 0a 00 00 00 00 59 06 ff ff da 66 ff ff d6 00 16 00 24 0a
[16:42:51.594] BAD_PACKET[TCP_prs2026hitl_7000] bad EOF for 0x01: expected 0x0a, got 0x00; payload=0b 00 00 00 c1 0a 00 00 00 00 59 06 ff ff da 66 ff ff d6 00 16
[16:42:51.594] BAD_PACKET[TCP_prs2026hitl_7000] unknown packet ID 0x24; discarded 1 byte
[16:42:51.595] BAD_PACKET[TCP_prs2026hitl_7000] unknown packet ID 0x0a; discarded 1 byte
[16:42:51.696] RX[TCP_prs2026hitl_7000]  01 0b 00 00 00 c1 6e 00 00 00 00 59 06 ff ff da 72 ff ff d6 00 17 00 23 0a
[16:42:51.696] BAD_PACKET[TCP_prs2026hitl_7000] bad EOF for 0x01: expected 0x0a, got 0x00; payload=0b 00 00 00 c1 6e 00 00 00 00 59 06 ff ff da 72 ff ff d6 00 17
[16:42:51.697] BAD_PACKET[TCP_prs2026hitl_7000] unknown packet ID 0x23; discarded 1 byte
[16:42:51.697] BAD_PACKET[TCP_prs2026hitl_7000] unknown packet ID 0x0a; discarded 1 byte
[16:42:51.798] RX[TCP_prs2026hitl_7000]  01 0b 00 00 00 c1 d2 00 00 0c 00 59 12 ff ff da 7f ff ff d7 00 15 00 25 0a
[16:42:51.800] BAD_PACKET[TCP_prs2026hitl_7000] bad EOF for 0x01: expected 0x0a, got 0x00; payload=0b 00 00 00 c1 d2 00 00 0c 00 59 12 ff ff da 7f ff ff d7 00 15
[16:42:51.801] BAD_PACKET[TCP_prs2026hitl_7000] unknown packet ID 0x25; discarded 1 byte
[16:42:51.803] BAD_PACKET[TCP_prs2026hitl_7000] unknown packet ID 0x0a; discarded 1 byte
[16:42:51.904] RX[TCP_prs2026hitl_7000]  01 0f 00 00 00 c2 36 00 00 0c 00 59 12 ff ff da 72 ff ff d7 00 14 00 24 0a
[16:42:51.905] BAD_PACKET[TCP_prs2026hitl_7000] bad EOF for 0x01: expected 0x0a, got 0x00; payload=0f 00 00 00 c2 36 00 00 0c 00 59 12 ff ff da 72 ff ff d7 00 14
[16:42:51.905] BAD_PACKET[TCP_prs2026hitl_7000] unknown packet ID 0x24; discarded 1 byte
[16:42:51.906] BAD_PACKET[TCP_prs2026hitl_7000] unknown packet ID 0x0a; discarded 1 byte
[16:42:52.006] RX[TCP_prs2026hitl_7000]  01 0f 00 00 00 c2 9a 00 00 00 00 58 f9 ff ff da 66 ff ff d5 00 17 00 22 0a
[16:42:52.007] BAD_PACKET[TCP_prs2026hitl_7000] bad EOF for 0x01: expected 0x0a, got 0x00; payload=0f 00 00 00 c2 9a 00 00 00 00 58 f9 ff ff da 66 ff ff d5 00 17
[16:42:52.007] BAD_PACKET[TCP_prs2026hitl_7000] unknown packet ID 0x22; discarded 1 byte
[16:42:52.008] BAD_PACKET[TCP_prs2026hitl_7000] unknown packet ID 0x0a; discarded 1 byte
[16:42:52.108] RX[TCP_prs2026hitl_7000]  01 0f 00 00 00 c2 fe 00 00 18 00 58 f9 ff ff da 72 ff ff d6 00 16 00 24 0a
[16:42:52.109] BAD_PACKET[TCP_prs2026hitl_7000] bad EOF for 0x01: expected 0x0a, got 0x00; payload=0f 00 00 00 c2 fe 00 00 18 00 58 f9 ff ff da 72 ff ff d6 00 16
[16:42:52.109] BAD_PACKET[TCP_prs2026hitl_7000] unknown packet ID 0x24; discarded 1 byte
[16:42:52.110] BAD_PACKET[TCP_prs2026hitl_7000] unknown packet ID 0x0a; discarded 1 byte
[16:42:52.211] RX[TCP_prs2026hitl_7000]  01 0f 00 00 00 c3 62 00 00 00 00 59 06 ff ff da 7f ff ff d6 00 14 00 25 0a
[16:42:52.212] BAD_PACKET[TCP_prs2026hitl_7000] bad EOF for 0x01: expected 0x0a, got 0x00; payload=0f 00 00 00 c3 62 00 00 00 00 59 06 ff ff da 7f ff ff d6 00 14
[16:42:52.212] BAD_PACKET[TCP_prs2026hitl_7000] unknown packet ID 0x25; discarded 1 byte
[16:42:52.212] BAD_PACKET[TCP_prs2026hitl_7000] unknown packet ID 0x0a; discarded 1 byte
[16:42:52.364] RX[TCP_prs2026hitl_7000]  01 0b 00 00 00 c3 c6 00 00 00 00 58 f9 ff ff da 66 ff ff d5 00 16 00 23 0a 02 10 00 00 00 c3 c6 00 00 00 00 00 00 00 00 00 00 00 00 00 00 00 00 00 00 00 00 00 00 00 00 00 00 00 00 00 00 00 00 00 00 00 00 00 00 00 00 00 00 00 00 00 00 00 00 00 00 43 52 13 9e 13 50 0a ff ff 00 00 00 00 c3 c6 0a
[16:42:52.365] BAD_PACKET[TCP_prs2026hitl_7000] bad EOF for 0x01: expected 0x0a, got 0x00; payload=0b 00 00 00 c3 c6 00 00 00 00 58 f9 ff ff da 66 ff ff d5 00 16
[16:42:52.365] BAD_PACKET[TCP_prs2026hitl_7000] unknown packet ID 0x23; discarded 1 byte
[16:42:52.366] BAD_PACKET[TCP_prs2026hitl_7000] unknown packet ID 0x0a; discarded 1 byte
[16:42:52.367] PACKET[TCP_prs2026hitl_7000] state: status=4096, uptime=50118, orientation=[0.0, 0.0, 0.0, 0.0], position=[0.0, 0.0, 0.0], velocity=[0.0, 0.0, 0.0], latitude=0.0, longitude=0.0, gps_altitude=0.0, barometric_altitude=210.07663, witness_battery_voltage=4.944
[16:42:52.367] BAD_PACKET[TCP_prs2026hitl_7000] bad EOF for 0xff: expected 0x0a, got 0xc6; payload=ff 00 00 00 00 c3
[16:42:52.368] BAD_PACKET[TCP_prs2026hitl_7000] unknown packet ID 0x0a; discarded 1 byte
[16:42:52.469] RX[TCP_prs2026hitl_7000]  01 0b 00 00 00 c4 2a 00 00 18 00 59 12 ff ff da 72 ff ff d6 00 16 00 24 0a
[16:42:52.470] BAD_PACKET[TCP_prs2026hitl_7000] bad EOF for 0x01: expected 0x0a, got 0x00; payload=0b 00 00 00 c4 2a 00 00 18 00 59 12 ff ff da 72 ff ff d6 00 16
[16:42:52.471] BAD_PACKET[TCP_prs2026hitl_7000] unknown packet ID 0x24; discarded 1 byte
[16:42:52.472] BAD_PACKET[TCP_prs2026hitl_7000] unknown packet ID 0x0a; discarded 1 byte
[16:42:52.576] RX[TCP_prs2026hitl_7000]  01 0b 00 00 00 c4 8e ff ff ff ff e8 00 59 12 ff ff da a3 ff ff d7 00 15 00 24 0a
[16:42:52.577] BAD_PACKET[TCP_prs2026hitl_7000] bad EOF for 0x01: expected 0x0a, got 0x00; payload=0b 00 00 00 c4 8e ff ff ff ff e8 00 59 12 ff ff da a3 ff ff d7
[16:42:52.578] BAD_PACKET[TCP_prs2026hitl_7000] unknown packet ID 0x15; discarded 1 byte
[16:42:52.579] BAD_PACKET[TCP_prs2026hitl_7000] unknown packet ID 0x00; discarded 1 byte
[16:42:52.579] BAD_PACKET[TCP_prs2026hitl_7000] unknown packet ID 0x24; discarded 1 byte
[16:42:52.580] BAD_PACKET[TCP_prs2026hitl_7000] unknown packet ID 0x0a; discarded 1 byte
[16:42:52.630] RX[TCP_prs2026hitl_7000]  01 0f 00 00 00 c4 f2 00 00 00 00 59 12 ff ff da 7f ff ff d7 00 15 00 25 0a
[16:42:52.632] BAD_PACKET[TCP_prs2026hitl_7000] bad EOF for 0x01: expected 0x0a, got 0x00; payload=0f 00 00 00 c4 f2 00 00 00 00 59 12 ff ff da 7f ff ff d7 00 15
[16:42:52.632] BAD_PACKET[TCP_prs2026hitl_7000] unknown packet ID 0x25; discarded 1 byte
[16:42:52.632] BAD_PACKET[TCP_prs2026hitl_7000] unknown packet ID 0x0a; discarded 1 byte
[16:42:52.735] RX[TCP_prs2026hitl_7000]  01 0f 00 00 00 c5 56 00 00 0c 00 59 06 ff ff da 8b ff ff d6 00 18 00 22 0a
[16:42:52.739] BAD_PACKET[TCP_prs2026hitl_7000] bad EOF for 0x01: expected 0x0a, got 0x00; payload=0f 00 00 00 c5 56 00 00 0c 00 59 06 ff ff da 8b ff ff d6 00 18
[16:42:52.740] BAD_PACKET[TCP_prs2026hitl_7000] unknown packet ID 0x22; discarded 1 byte
[16:42:52.740] BAD_PACKET[TCP_prs2026hitl_7000] unknown packet ID 0x0a; discarded 1 byte
[16:42:52.841] RX[TCP_prs2026hitl_7000]  01 0f 00 00 00 c5 ba 00 00 00 00 59 06 ff ff da 72 ff ff d6 00 15 00 25 0a
[16:42:52.842] BAD_PACKET[TCP_prs2026hitl_7000] bad EOF for 0x01: expected 0x0a, got 0x00; payload=0f 00 00 00 c5 ba 00 00 00 00 59 06 ff ff da 72 ff ff d6 00 15
[16:42:52.843] BAD_PACKET[TCP_prs2026hitl_7000] unknown packet ID 0x25; discarded 1 byte
[16:42:52.843] BAD_PACKET[TCP_prs2026hitl_7000] unknown packet ID 0x0a; discarded 1 byte
[16:42:52.894] RX[TCP_prs2026hitl_7000]  01 0f 00 00 00 c6 1e 00 00 00 00 59 06 ff ff da 7f ff ff d6 00 15 00 25 0a
[16:42:52.894] BAD_PACKET[TCP_prs2026hitl_7000] bad EOF for 0x01: expected 0x0a, got 0x00; payload=0f 00 00 00 c6 1e 00 00 00 00 59 06 ff ff da 7f ff ff d6 00 15
[16:42:52.895] BAD_PACKET[TCP_prs2026hitl_7000] unknown packet ID 0x25; discarded 1 byte
[16:42:52.895] BAD_PACKET[TCP_prs2026hitl_7000] unknown packet ID 0x0a; discarded 1 byte
[16:42:52.996] RX[TCP_prs2026hitl_7000]  01 0b 00 00 00 c6 82 00 00 0c 00 59 06 ff ff da 72 ff ff d6 00 17 00 23 0a
[16:42:52.997] BAD_PACKET[TCP_prs2026hitl_7000] bad EOF for 0x01: expected 0x0a, got 0x00; payload=0b 00 00 00 c6 82 00 00 0c 00 59 06 ff ff da 72 ff ff d6 00 17
[16:42:52.998] BAD_PACKET[TCP_prs2026hitl_7000] unknown packet ID 0x23; discarded 1 byte
[16:42:52.998] BAD_PACKET[TCP_prs2026hitl_7000] unknown packet ID 0x0a; discarded 1 byte
[16:42:53.099] RX[TCP_prs2026hitl_7000]  01 0b 00 00 00 c6 e6 00 00 00 00 59 12 ff ff da 8b ff ff d5 00 16 00 23 0a
[16:42:53.100] BAD_PACKET[TCP_prs2026hitl_7000] bad EOF for 0x01: expected 0x0a, got 0x00; payload=0b 00 00 00 c6 e6 00 00 00 00 59 12 ff ff da 8b ff ff d5 00 16
[16:42:53.100] BAD_PACKET[TCP_prs2026hitl_7000] unknown packet ID 0x23; discarded 1 byte
[16:42:53.100] BAD_PACKET[TCP_prs2026hitl_7000] unknown packet ID 0x0a; discarded 1 byte
[16:42:53.201] RX[TCP_prs2026hitl_7000]  01 0b 00 00 00 c7 4a 00 00 18 00 59 06 ff ff da 72 ff ff d7 00 16 00 24 0a
[16:42:53.202] BAD_PACKET[TCP_prs2026hitl_7000] bad EOF for 0x01: expected 0x0a, got 0x00; payload=0b 00 00 00 c7 4a 00 00 18 00 59 06 ff ff da 72 ff ff d7 00 16
[16:42:53.202] BAD_PACKET[TCP_prs2026hitl_7000] unknown packet ID 0x24; discarded 1 byte
[16:42:53.203] BAD_PACKET[TCP_prs2026hitl_7000] unknown packet ID 0x0a; discarded 1 byte
[16:42:53.305] RX[TCP_prs2026hitl_7000]  01 0f 00 00 00 c7 ae 00 00 0c 00 58 f9 ff ff da 7f ff ff d6 00 15 00 25 0a 02 10 00 00 00 c7 ae 00 00 00 00 00 00 00 00 00 00 00 00 00 00 00 00 00 00 00 00 00 00 00 00 00 00 00 00 00 00 00 00 00 00 00 00 00 00 00 00 00 00 00 00 00 00 00 00 00 00 43 52 29 43 13 48 0a ff ff 01 00 00 00 c7 ae 0a
[16:42:53.307] BAD_PACKET[TCP_prs2026hitl_7000] bad EOF for 0x01: expected 0x0a, got 0x00; payload=0f 00 00 00 c7 ae 00 00 0c 00 58 f9 ff ff da 7f ff ff d6 00 15
[16:42:53.307] BAD_PACKET[TCP_prs2026hitl_7000] unknown packet ID 0x25; discarded 1 byte
[16:42:53.308] BAD_PACKET[TCP_prs2026hitl_7000] unknown packet ID 0x0a; discarded 1 byte
[16:42:53.309] PACKET[TCP_prs2026hitl_7000] state: status=4096, uptime=51118, orientation=[0.0, 0.0, 0.0, 0.0], position=[0.0, 0.0, 0.0], velocity=[0.0, 0.0, 0.0], latitude=0.0, longitude=0.0, gps_altitude=0.0, barometric_altitude=210.161179, witness_battery_voltage=4.936
[16:42:53.311] BAD_PACKET[TCP_prs2026hitl_7000] bad EOF for 0xff: expected 0x0a, got 0xae; payload=ff 01 00 00 00 c7
[16:42:53.313] BAD_PACKET[TCP_prs2026hitl_7000] unknown packet ID 0x0a; discarded 1 byte
[16:42:53.413] RX[TCP_prs2026hitl_7000]  01 0f 00 00 00 c8 12 00 00 00 00 59 12 ff ff da 8b ff ff d5 00 17 00 23 0a
[16:42:53.415] BAD_PACKET[TCP_prs2026hitl_7000] bad EOF for 0x01: expected 0x0a, got 0x00; payload=0f 00 00 00 c8 12 00 00 00 00 59 12 ff ff da 8b ff ff d5 00 17
[16:42:53.415] BAD_PACKET[TCP_prs2026hitl_7000] unknown packet ID 0x23; discarded 1 byte
[16:42:53.417] BAD_PACKET[TCP_prs2026hitl_7000] unknown packet ID 0x0a; discarded 1 byte
[16:42:53.518] RX[TCP_prs2026hitl_7000]  01 0f 00 00 00 c8 76 00 00 0c 00 59 06 ff ff da 97 ff ff d5 00 17 00 22 0a
[16:42:53.519] BAD_PACKET[TCP_prs2026hitl_7000] bad EOF for 0x01: expected 0x0a, got 0x00; payload=0f 00 00 00 c8 76 00 00 0c 00 59 06 ff ff da 97 ff ff d5 00 17
[16:42:53.521] BAD_PACKET[TCP_prs2026hitl_7000] unknown packet ID 0x22; discarded 1 byte
[16:42:53.522] BAD_PACKET[TCP_prs2026hitl_7000] unknown packet ID 0x0a; discarded 1 byte
[16:42:53.622] RX[TCP_prs2026hitl_7000]  01 0f 00 00 00 c8 da ff ff ff ff e8 00 58 f9 ff ff da 72 ff ff d7 00 15 00 25 0a
[16:42:53.623] BAD_PACKET[TCP_prs2026hitl_7000] bad EOF for 0x01: expected 0x0a, got 0x00; payload=0f 00 00 00 c8 da ff ff ff ff e8 00 58 f9 ff ff da 72 ff ff d7
[16:42:53.624] BAD_PACKET[TCP_prs2026hitl_7000] unknown packet ID 0x15; discarded 1 byte
[16:42:53.624] BAD_PACKET[TCP_prs2026hitl_7000] unknown packet ID 0x00; discarded 1 byte
[16:42:53.625] BAD_PACKET[TCP_prs2026hitl_7000] unknown packet ID 0x25; discarded 1 byte
[16:42:53.625] BAD_PACKET[TCP_prs2026hitl_7000] unknown packet ID 0x0a; discarded 1 byte
[16:42:53.726] RX[TCP_prs2026hitl_7000]  01 0b 00 00 00 c9 3e 00 00 0c 00 59 12 ff ff da 7f ff ff d6 00 16 00 24 0a
[16:42:53.731] BAD_PACKET[TCP_prs2026hitl_7000] bad EOF for 0x01: expected 0x0a, got 0x00; payload=0b 00 00 00 c9 3e 00 00 0c 00 59 12 ff ff da 7f ff ff d6 00 16
[16:42:53.732] BAD_PACKET[TCP_prs2026hitl_7000] unknown packet ID 0x24; discarded 1 byte
[16:42:53.735] BAD_PACKET[TCP_prs2026hitl_7000] unknown packet ID 0x0a; discarded 1 byte
[16:42:53.835] RX[TCP_prs2026hitl_7000]  01 0b 00 00 00 c9 a2 00 00 0c 00 59 12 ff ff da 66 ff ff d6 00 17 00 23 0a
[16:42:53.837] BAD_PACKET[TCP_prs2026hitl_7000] bad EOF for 0x01: expected 0x0a, got 0x00; payload=0b 00 00 00 c9 a2 00 00 0c 00 59 12 ff ff da 66 ff ff d6 00 17
[16:42:53.837] BAD_PACKET[TCP_prs2026hitl_7000] unknown packet ID 0x23; discarded 1 byte
[16:42:53.838] BAD_PACKET[TCP_prs2026hitl_7000] unknown packet ID 0x0a; discarded 1 byte
[16:42:53.942] RX[TCP_prs2026hitl_7000]  01 0b 00 00 00 ca 06 ff ff ff ff f4 00 59 06 ff ff da 7f ff ff d6 00 15 00 25 0a
[16:42:53.943] BAD_PACKET[TCP_prs2026hitl_7000] bad EOF for 0x01: expected 0x0a, got 0x00; payload=0b 00 00 00 ca 06 ff ff ff ff f4 00 59 06 ff ff da 7f ff ff d6
[16:42:53.944] BAD_PACKET[TCP_prs2026hitl_7000] unknown packet ID 0x15; discarded 1 byte
[16:42:53.944] BAD_PACKET[TCP_prs2026hitl_7000] unknown packet ID 0x00; discarded 1 byte
[16:42:53.944] BAD_PACKET[TCP_prs2026hitl_7000] unknown packet ID 0x25; discarded 1 byte
[16:42:53.945] BAD_PACKET[TCP_prs2026hitl_7000] unknown packet ID 0x0a; discarded 1 byte
[16:42:53.996] RX[TCP_prs2026hitl_7000]  01 0f 00 00 00 ca 6a 00 00 18 00 59 12 ff ff da 8b ff ff d8 00 14 00 25 0a
[16:42:53.997] BAD_PACKET[TCP_prs2026hitl_7000] bad EOF for 0x01: expected 0x0a, got 0x00; payload=0f 00 00 00 ca 6a 00 00 18 00 59 12 ff ff da 8b ff ff d8 00 14
[16:42:53.997] BAD_PACKET[TCP_prs2026hitl_7000] unknown packet ID 0x25; discarded 1 byte
[16:42:53.997] BAD_PACKET[TCP_prs2026hitl_7000] unknown packet ID 0x0a; discarded 1 byte
[16:42:54.098] RX[TCP_prs2026hitl_7000]  01 0f 00 00 00 ca ce ff ff ff ff f4 00 59 06 ff ff da 97 ff ff d6 00 18 00 22 0a
[16:42:54.103] BAD_PACKET[TCP_prs2026hitl_7000] bad EOF for 0x01: expected 0x0a, got 0x00; payload=0f 00 00 00 ca ce ff ff ff ff f4 00 59 06 ff ff da 97 ff ff d6
[16:42:54.104] BAD_PACKET[TCP_prs2026hitl_7000] unknown packet ID 0x18; discarded 1 byte
[16:42:54.104] BAD_PACKET[TCP_prs2026hitl_7000] unknown packet ID 0x00; discarded 1 byte
[16:42:54.105] BAD_PACKET[TCP_prs2026hitl_7000] unknown packet ID 0x22; discarded 1 byte
[16:42:54.105] BAD_PACKET[TCP_prs2026hitl_7000] unknown packet ID 0x0a; discarded 1 byte
[16:42:54.206] RX[TCP_prs2026hitl_7000]  01 0f 00 00 00 cb 32 00 00 0c 00 58 f9 ff ff da 8b ff ff d6 00 16 00 24 0a
[16:42:54.206] BAD_PACKET[TCP_prs2026hitl_7000] bad EOF for 0x01: expected 0x0a, got 0x00; payload=0f 00 00 00 cb 32 00 00 0c 00 58 f9 ff ff da 8b ff ff d6 00 16
[16:42:54.207] BAD_PACKET[TCP_prs2026hitl_7000] unknown packet ID 0x24; discarded 1 byte
[16:42:54.207] BAD_PACKET[TCP_prs2026hitl_7000] unknown packet ID 0x0a; discarded 1 byte
[16:42:54.308] RX[TCP_prs2026hitl_7000]  01 0f 00 00 00 cb 96 ff ff ff ff f4 00 58 ed ff ff da 72 ff ff d7 00 15 00 25 0a 02 10 00 00 00 cb 96 00 00 00 00 00 00 00 00 00 00 00 00 00 00 00 00 00 00 00 00 00 00 00 00 00 00 00 00 00 00 00 00 00 00
[16:42:54.309] BAD_PACKET[TCP_prs2026hitl_7000] bad EOF for 0x01: expected 0x0a, got 0x00; payload=0f 00 00 00 cb 96 ff ff ff ff f4 00 58 ed ff ff da 72 ff ff d7
[16:42:54.309] BAD_PACKET[TCP_prs2026hitl_7000] unknown packet ID 0x15; discarded 1 byte
[16:42:54.310] BAD_PACKET[TCP_prs2026hitl_7000] unknown packet ID 0x00; discarded 1 byte
[16:42:54.310] BAD_PACKET[TCP_prs2026hitl_7000] unknown packet ID 0x25; discarded 1 byte
[16:42:54.311] BAD_PACKET[TCP_prs2026hitl_7000] unknown packet ID 0x0a; discarded 1 byte
[16:42:54.412] RX[TCP_prs2026hitl_7000]  00 00 00 00 00 00 00 00 00 00 00 00 00 00 00 00 43 52 80 85 13 44 0a ff ff 00 00 00 00 cb 96 0a
[16:42:54.413] PACKET[TCP_prs2026hitl_7000] state: status=4096, uptime=52118, orientation=[0.0, 0.0, 0.0, 0.0], position=[0.0, 0.0, 0.0], velocity=[0.0, 0.0, 0.0], latitude=0.0, longitude=0.0, gps_altitude=0.0, barometric_altitude=210.502029, witness_battery_voltage=4.932
[16:42:54.415] BAD_PACKET[TCP_prs2026hitl_7000] bad EOF for 0xff: expected 0x0a, got 0x96; payload=ff 00 00 00 00 cb
[16:42:54.415] BAD_PACKET[TCP_prs2026hitl_7000] unknown packet ID 0x0a; discarded 1 byte
[16:42:54.516] RX[TCP_prs2026hitl_7000]  01 0b 00 00 00 cb fa 00 00 25 00 58 f9 ff ff da 66 ff ff d6 00 17 00 24 0a
[16:42:54.517] BAD_PACKET[TCP_prs2026hitl_7000] bad EOF for 0x01: expected 0x0a, got 0x00; payload=0b 00 00 00 cb fa 00 00 25 00 58 f9 ff ff da 66 ff ff d6 00 17
[16:42:54.518] BAD_PACKET[TCP_prs2026hitl_7000] unknown packet ID 0x24; discarded 1 byte
[16:42:54.518] BAD_PACKET[TCP_prs2026hitl_7000] unknown packet ID 0x0a; discarded 1 byte
[16:42:54.569] RX[TCP_prs2026hitl_7000]  01 0b 00 00 00 cc 5e 00 00 18 00 59 12 ff ff da 66 ff ff d6 00 16 00 23 0a
[16:42:54.571] BAD_PACKET[TCP_prs2026hitl_7000] bad EOF for 0x01: expected 0x0a, got 0x00; payload=0b 00 00 00 cc 5e 00 00 18 00 59 12 ff ff da 66 ff ff d6 00 16
[16:42:54.571] BAD_PACKET[TCP_prs2026hitl_7000] unknown packet ID 0x23; discarded 1 byte
[16:42:54.572] BAD_PACKET[TCP_prs2026hitl_7000] unknown packet ID 0x0a; discarded 1 byte
[16:42:54.673] RX[TCP_prs2026hitl_7000]  01 0b 00 00 00 cc c2 00 00 18 00 59 06 ff ff da 8b ff ff d6 00 16 00 25 0a
[16:42:54.673] BAD_PACKET[TCP_prs2026hitl_7000] bad EOF for 0x01: expected 0x0a, got 0x00; payload=0b 00 00 00 cc c2 00 00 18 00 59 06 ff ff da 8b ff ff d6 00 16
[16:42:54.674] BAD_PACKET[TCP_prs2026hitl_7000] unknown packet ID 0x25; discarded 1 byte
[16:42:54.674] BAD_PACKET[TCP_prs2026hitl_7000] unknown packet ID 0x0a; discarded 1 byte
[16:42:54.826] RX[TCP_prs2026hitl_7000]  01 0f 00 00 00 cd 26 00 00 0c 00 59 12 ff ff da 72 ff ff d6 00 16 00 25 0a
[16:42:54.828] BAD_PACKET[TCP_prs2026hitl_7000] bad EOF for 0x01: expected 0x0a, got 0x00; payload=0f 00 00 00 cd 26 00 00 0c 00 59 12 ff ff da 72 ff ff d6 00 16
[16:42:54.829] BAD_PACKET[TCP_prs2026hitl_7000] unknown packet ID 0x25; discarded 1 byte
[16:42:54.830] BAD_PACKET[TCP_prs2026hitl_7000] unknown packet ID 0x0a; discarded 1 byte
[16:42:54.931] RX[TCP_prs2026hitl_7000]  01 0f 00 00 00 cd 8a 00 00 0c 00 58 f9 ff ff da 8b ff ff d6 00 17 00 22 0a 01 0f 00 00 00 cd ee 00 00 18 00 59 12 ff ff da 66 ff ff d6 00 16 00 24 0a
[16:42:54.932] BAD_PACKET[TCP_prs2026hitl_7000] bad EOF for 0x01: expected 0x0a, got 0x00; payload=0f 00 00 00 cd 8a 00 00 0c 00 58 f9 ff ff da 8b ff ff d6 00 17
[16:42:54.932] BAD_PACKET[TCP_prs2026hitl_7000] unknown packet ID 0x22; discarded 1 byte
[16:42:54.933] BAD_PACKET[TCP_prs2026hitl_7000] unknown packet ID 0x0a; discarded 1 byte
[16:42:54.933] BAD_PACKET[TCP_prs2026hitl_7000] bad EOF for 0x01: expected 0x0a, got 0x00; payload=0f 00 00 00 cd ee 00 00 18 00 59 12 ff ff da 66 ff ff d6 00 16
[16:42:54.933] BAD_PACKET[TCP_prs2026hitl_7000] unknown packet ID 0x24; discarded 1 byte
[16:42:54.934] BAD_PACKET[TCP_prs2026hitl_7000] unknown packet ID 0x0a; discarded 1 byte
[16:42:55.035] RX[TCP_prs2026hitl_7000]  01 0f 00 00 00 ce 52 00 00 18 00 59 06 ff ff da 72 ff ff d7 00 14 00 25 0a
[16:42:55.036] BAD_PACKET[TCP_prs2026hitl_7000] bad EOF for 0x01: expected 0x0a, got 0x00; payload=0f 00 00 00 ce 52 00 00 18 00 59 06 ff ff da 72 ff ff d7 00 14
[16:42:55.037] BAD_PACKET[TCP_prs2026hitl_7000] unknown packet ID 0x25; discarded 1 byte
[16:42:55.037] BAD_PACKET[TCP_prs2026hitl_7000] unknown packet ID 0x0a; discarded 1 byte
[16:42:55.138] RX[TCP_prs2026hitl_7000]  01 0b 00 00 00 ce b6 00 00 18 00 59 06 ff ff da 7f ff ff d5 00 16 00 23 0a
[16:42:55.139] BAD_PACKET[TCP_prs2026hitl_7000] bad EOF for 0x01: expected 0x0a, got 0x00; payload=0b 00 00 00 ce b6 00 00 18 00 59 06 ff ff da 7f ff ff d5 00 16
[16:42:55.139] BAD_PACKET[TCP_prs2026hitl_7000] unknown packet ID 0x23; discarded 1 byte
[16:42:55.139] BAD_PACKET[TCP_prs2026hitl_7000] unknown packet ID 0x0a; discarded 1 byte
[16:42:55.240] RX[TCP_prs2026hitl_7000]  01 0b 00 00 00 cf 1a 00 00 0c 00 58 f9 ff ff da 72 ff ff d7 00 16 00 23 0a
[16:42:55.241] BAD_PACKET[TCP_prs2026hitl_7000] bad EOF for 0x01: expected 0x0a, got 0x00; payload=0b 00 00 00 cf 1a 00 00 0c 00 58 f9 ff ff da 72 ff ff d7 00 16
[16:42:55.241] BAD_PACKET[TCP_prs2026hitl_7000] unknown packet ID 0x23; discarded 1 byte
[16:42:55.241] BAD_PACKET[TCP_prs2026hitl_7000] unknown packet ID 0x0a; discarded 1 byte
[16:42:55.342] RX[TCP_prs2026hitl_7000]  01 0b 00 00 00 cf 7e ff ff ff ff f4 00 59 06 ff ff da 66 ff ff d7 00 15 00 25 0a 02 10 00 00 00 cf 7e 00 00 00 00 00 00 00 00 00 00 00 00 00 00 00 00 00 00 00 00 00 00 00 00 00 00 00 00 00 00 00 00 00 00
[16:42:55.343] BAD_PACKET[TCP_prs2026hitl_7000] bad EOF for 0x01: expected 0x0a, got 0x00; payload=0b 00 00 00 cf 7e ff ff ff ff f4 00 59 06 ff ff da 66 ff ff d7
[16:42:55.343] BAD_PACKET[TCP_prs2026hitl_7000] unknown packet ID 0x15; discarded 1 byte
[16:42:55.344] BAD_PACKET[TCP_prs2026hitl_7000] unknown packet ID 0x00; discarded 1 byte
[16:42:55.344] BAD_PACKET[TCP_prs2026hitl_7000] unknown packet ID 0x25; discarded 1 byte
[16:42:55.344] BAD_PACKET[TCP_prs2026hitl_7000] unknown packet ID 0x0a; discarded 1 byte
[16:42:55.395] RX[TCP_prs2026hitl_7000]  00 00 00 00 00 00 00 00 00 00 00 00 00 00 00 00 43 52 13 9e 13 50 0a ff ff 01 00 00 00 cf 7e 0a
[16:42:55.397] PACKET[TCP_prs2026hitl_7000] state: status=4096, uptime=53118, orientation=[0.0, 0.0, 0.0, 0.0], position=[0.0, 0.0, 0.0], velocity=[0.0, 0.0, 0.0], latitude=0.0, longitude=0.0, gps_altitude=0.0, barometric_altitude=210.07663, witness_battery_voltage=4.944
[16:42:55.397] BAD_PACKET[TCP_prs2026hitl_7000] bad EOF for 0xff: expected 0x0a, got 0x7e; payload=ff 01 00 00 00 cf
[16:42:55.398] BAD_PACKET[TCP_prs2026hitl_7000] unknown packet ID 0x0a; discarded 1 byte
[16:42:55.499] RX[TCP_prs2026hitl_7000]  01 0f 00 00 00 cf e2 00 00 0c 00 58 f9 ff ff da 72 ff ff d7 00 15 00 25 0a
[16:42:55.500] BAD_PACKET[TCP_prs2026hitl_7000] bad EOF for 0x01: expected 0x0a, got 0x00; payload=0f 00 00 00 cf e2 00 00 0c 00 58 f9 ff ff da 72 ff ff d7 00 15
[16:42:55.502] BAD_PACKET[TCP_prs2026hitl_7000] unknown packet ID 0x25; discarded 1 byte
[16:42:55.502] BAD_PACKET[TCP_prs2026hitl_7000] unknown packet ID 0x0a; discarded 1 byte
[16:42:55.605] RX[TCP_prs2026hitl_7000]  01 0f 00 00 00 d0 46 00 00 0c 00 59 06 ff ff da 8b ff ff d6 00 18 00 21 0a
[16:42:55.606] BAD_PACKET[TCP_prs2026hitl_7000] bad EOF for 0x01: expected 0x0a, got 0x00; payload=0f 00 00 00 d0 46 00 00 0c 00 59 06 ff ff da 8b ff ff d6 00 18
[16:42:55.606] BAD_PACKET[TCP_prs2026hitl_7000] unknown packet ID 0x21; discarded 1 byte
[16:42:55.607] BAD_PACKET[TCP_prs2026hitl_7000] unknown packet ID 0x0a; discarded 1 byte
[16:42:55.708] RX[TCP_prs2026hitl_7000]  01 0f 00 00 00 d0 aa 00 00 0c 00 59 06 ff ff da 7f ff ff d6 00 16 00 24 0a
[16:42:55.709] BAD_PACKET[TCP_prs2026hitl_7000] bad EOF for 0x01: expected 0x0a, got 0x00; payload=0f 00 00 00 d0 aa 00 00 0c 00 59 06 ff ff da 7f ff ff d6 00 16
[16:42:55.709] BAD_PACKET[TCP_prs2026hitl_7000] unknown packet ID 0x24; discarded 1 byte
[16:42:55.710] BAD_PACKET[TCP_prs2026hitl_7000] unknown packet ID 0x0a; discarded 1 byte
[16:42:55.811] RX[TCP_prs2026hitl_7000]  01 0f 00 00 00 d1 0e 00 00 00 00 59 06 ff ff da 7f ff ff d7 00 15 00 25 0a
[16:42:55.812] BAD_PACKET[TCP_prs2026hitl_7000] bad EOF for 0x01: expected 0x0a, got 0x00; payload=0f 00 00 00 d1 0e 00 00 00 00 59 06 ff ff da 7f ff ff d7 00 15
[16:42:55.813] BAD_PACKET[TCP_prs2026hitl_7000] unknown packet ID 0x25; discarded 1 byte
[16:42:55.814] BAD_PACKET[TCP_prs2026hitl_7000] unknown packet ID 0x0a; discarded 1 byte
[16:42:55.866] RX[TCP_prs2026hitl_7000]  01 0b 00 00 00 d1 72 00 00 0c 00 59 06 ff ff da 72 ff ff d6 00 16 00 23 0a
[16:42:55.867] BAD_PACKET[TCP_prs2026hitl_7000] bad EOF for 0x01: expected 0x0a, got 0x00; payload=0b 00 00 00 d1 72 00 00 0c 00 59 06 ff ff da 72 ff ff d6 00 16
[16:42:55.867] BAD_PACKET[TCP_prs2026hitl_7000] unknown packet ID 0x23; discarded 1 byte
[16:42:55.867] BAD_PACKET[TCP_prs2026hitl_7000] unknown packet ID 0x0a; discarded 1 byte
[16:42:56.169] RX[TCP_prs2026hitl_7000]  01 0b 00 00 00 d1 d6 00 00 00 00 59 12 ff ff da 66 ff ff d6 00 17 00 23 0a 01 0b 00 00 00 d2 3a 00 00 18 00 59 06 ff ff da 72 ff ff d7 00 15 00 25 0a 01 0f 00 00 00 d2 9e 00 00 00 00 58 f9 ff ff da 72 ff ff d6 00 14 00 25 0a
[16:42:56.171] BAD_PACKET[TCP_prs2026hitl_7000] bad EOF for 0x01: expected 0x0a, got 0x00; payload=0b 00 00 00 d1 d6 00 00 00 00 59 12 ff ff da 66 ff ff d6 00 17
[16:42:56.172] BAD_PACKET[TCP_prs2026hitl_7000] unknown packet ID 0x23; discarded 1 byte
[16:42:56.172] BAD_PACKET[TCP_prs2026hitl_7000] unknown packet ID 0x0a; discarded 1 byte
[16:42:56.173] BAD_PACKET[TCP_prs2026hitl_7000] bad EOF for 0x01: expected 0x0a, got 0x00; payload=0b 00 00 00 d2 3a 00 00 18 00 59 06 ff ff da 72 ff ff d7 00 15
[16:42:56.173] BAD_PACKET[TCP_prs2026hitl_7000] unknown packet ID 0x25; discarded 1 byte
[16:42:56.173] BAD_PACKET[TCP_prs2026hitl_7000] unknown packet ID 0x0a; discarded 1 byte
[16:42:56.173] BAD_PACKET[TCP_prs2026hitl_7000] bad EOF for 0x01: expected 0x0a, got 0x00; payload=0f 00 00 00 d2 9e 00 00 00 00 58 f9 ff ff da 72 ff ff d6 00 14
[16:42:56.174] BAD_PACKET[TCP_prs2026hitl_7000] unknown packet ID 0x25; discarded 1 byte
[16:42:56.174] BAD_PACKET[TCP_prs2026hitl_7000] unknown packet ID 0x0a; discarded 1 byte
[16:42:56.275] RX[TCP_prs2026hitl_7000]  01 0f 00 00 00 d3 02 00 00 0c 00 59 06 ff ff da 72 ff ff d5 00 19 00 22 0a
[16:42:56.276] BAD_PACKET[TCP_prs2026hitl_7000] bad EOF for 0x01: expected 0x0a, got 0x00; payload=0f 00 00 00 d3 02 00 00 0c 00 59 06 ff ff da 72 ff ff d5 00 19
[16:42:56.276] BAD_PACKET[TCP_prs2026hitl_7000] unknown packet ID 0x22; discarded 1 byte
[16:42:56.277] BAD_PACKET[TCP_prs2026hitl_7000] unknown packet ID 0x0a; discarded 1 byte
[16:42:56.327] RX[TCP_prs2026hitl_7000]  01 0f 00 00 00 d3 66 00 00 00 00 58 f9 ff ff da 72 ff ff d7 00 16 00 24 0a 02 10 00 00 00 d3 66 00 00 00 00 00 00 00 00 00 00 00 00 00 00 00 00 00 00 00 00 00 00 00 00 00 00 00 00 00 00 00 00 00 00 00 00 00 00 00 00 00 00 00 00 00 00 00 00 00 00 43 52 29 43 13 48 0a ff ff 00 00 00 00 d3 66 0a
[16:42:56.328] BAD_PACKET[TCP_prs2026hitl_7000] bad EOF for 0x01: expected 0x0a, got 0x00; payload=0f 00 00 00 d3 66 00 00 00 00 58 f9 ff ff da 72 ff ff d7 00 16
[16:42:56.329] BAD_PACKET[TCP_prs2026hitl_7000] unknown packet ID 0x24; discarded 1 byte
[16:42:56.330] BAD_PACKET[TCP_prs2026hitl_7000] unknown packet ID 0x0a; discarded 1 byte
[16:42:56.331] PACKET[TCP_prs2026hitl_7000] state: status=4096, uptime=54118, orientation=[0.0, 0.0, 0.0, 0.0], position=[0.0, 0.0, 0.0], velocity=[0.0, 0.0, 0.0], latitude=0.0, longitude=0.0, gps_altitude=0.0, barometric_altitude=210.161179, witness_battery_voltage=4.936
[16:42:56.332] BAD_PACKET[TCP_prs2026hitl_7000] bad EOF for 0xff: expected 0x0a, got 0x66; payload=ff 00 00 00 00 d3
[16:42:56.333] BAD_PACKET[TCP_prs2026hitl_7000] unknown packet ID 0x0a; discarded 1 byte
[16:42:56.435] RX[TCP_prs2026hitl_7000]  01 0f 00 00 00 d3 ca 00 00 0c 00 59 06 ff ff da 8b ff ff d6 00 15 00 25 0a
[16:42:56.436] BAD_PACKET[TCP_prs2026hitl_7000] bad EOF for 0x01: expected 0x0a, got 0x00; payload=0f 00 00 00 d3 ca 00 00 0c 00 59 06 ff ff da 8b ff ff d6 00 15
[16:42:56.436] BAD_PACKET[TCP_prs2026hitl_7000] unknown packet ID 0x25; discarded 1 byte
[16:42:56.437] BAD_PACKET[TCP_prs2026hitl_7000] unknown packet ID 0x0a; discarded 1 byte
[16:42:56.538] RX[TCP_prs2026hitl_7000]  01 0b 00 00 00 d4 2e 00 00 0c 00 59 06 ff ff da 66 ff ff d5 00 17 00 23 0a
[16:42:56.539] BAD_PACKET[TCP_prs2026hitl_7000] bad EOF for 0x01: expected 0x0a, got 0x00; payload=0b 00 00 00 d4 2e 00 00 0c 00 59 06 ff ff da 66 ff ff d5 00 17
[16:42:56.540] BAD_PACKET[TCP_prs2026hitl_7000] unknown packet ID 0x23; discarded 1 byte
[16:42:56.541] BAD_PACKET[TCP_prs2026hitl_7000] unknown packet ID 0x0a; discarded 1 byte
[16:42:56.642] RX[TCP_prs2026hitl_7000]  01 0b 00 00 00 d4 92 00 00 0c 00 59 06 ff ff da 72 ff ff d7 00 17 00 23 0a
[16:42:56.643] BAD_PACKET[TCP_prs2026hitl_7000] bad EOF for 0x01: expected 0x0a, got 0x00; payload=0b 00 00 00 d4 92 00 00 0c 00 59 06 ff ff da 72 ff ff d7 00 17
[16:42:56.643] BAD_PACKET[TCP_prs2026hitl_7000] unknown packet ID 0x23; discarded 1 byte
[16:42:56.644] BAD_PACKET[TCP_prs2026hitl_7000] unknown packet ID 0x0a; discarded 1 byte
[16:42:56.745] RX[TCP_prs2026hitl_7000]  01 0b 00 00 00 d4 f6 00 00 0c 00 59 06 ff ff da a3 ff ff d6 00 15 00 24 0a
[16:42:56.749] BAD_PACKET[TCP_prs2026hitl_7000] bad EOF for 0x01: expected 0x0a, got 0x00; payload=0b 00 00 00 d4 f6 00 00 0c 00 59 06 ff ff da a3 ff ff d6 00 15
[16:42:56.753] BAD_PACKET[TCP_prs2026hitl_7000] unknown packet ID 0x24; discarded 1 byte
[16:42:56.757] BAD_PACKET[TCP_prs2026hitl_7000] unknown packet ID 0x0a; discarded 1 byte
[16:42:56.808] RX[TCP_prs2026hitl_7000]  01 0f 00 00 00 d5 5a 00 00 00 00 59 06 ff ff da 8b ff ff d7 00 15 00 25 0a
[16:42:56.809] BAD_PACKET[TCP_prs2026hitl_7000] bad EOF for 0x01: expected 0x0a, got 0x00; payload=0f 00 00 00 d5 5a 00 00 00 00 59 06 ff ff da 8b ff ff d7 00 15
[16:42:56.809] BAD_PACKET[TCP_prs2026hitl_7000] unknown packet ID 0x25; discarded 1 byte
[16:42:56.809] BAD_PACKET[TCP_prs2026hitl_7000] unknown packet ID 0x0a; discarded 1 byte
[16:42:56.910] RX[TCP_prs2026hitl_7000]  01 0f 00 00 00 d5 be ff ff ff ff cf 00 58 f9 ff ff da a3 ff ff d6 00 17 00 23 0a
[16:42:56.910] BAD_PACKET[TCP_prs2026hitl_7000] bad EOF for 0x01: expected 0x0a, got 0x00; payload=0f 00 00 00 d5 be ff ff ff ff cf 00 58 f9 ff ff da a3 ff ff d6
[16:42:56.911] BAD_PACKET[TCP_prs2026hitl_7000] unknown packet ID 0x17; discarded 1 byte
[16:42:56.911] BAD_PACKET[TCP_prs2026hitl_7000] unknown packet ID 0x00; discarded 1 byte
[16:42:56.911] BAD_PACKET[TCP_prs2026hitl_7000] unknown packet ID 0x23; discarded 1 byte
[16:42:56.912] BAD_PACKET[TCP_prs2026hitl_7000] unknown packet ID 0x0a; discarded 1 byte
[16:42:57.164] RX[TCP_prs2026hitl_7000]  01 0f 00 00 00 d6 22 ff ff ff ff f4 00 59 1e ff ff da 7f ff ff d6 00 15 00 24 0a 01 0f 00 00 00 d6 86 ff ff ff ff f4 00 59 06 ff ff da 8b ff ff d6 00 15 00 25 0a
[16:42:57.166] BAD_PACKET[TCP_prs2026hitl_7000] bad EOF for 0x01: expected 0x0a, got 0x00; payload=0f 00 00 00 d6 22 ff ff ff ff f4 00 59 1e ff ff da 7f ff ff d6
[16:42:57.167] BAD_PACKET[TCP_prs2026hitl_7000] unknown packet ID 0x15; discarded 1 byte
[16:42:57.167] BAD_PACKET[TCP_prs2026hitl_7000] unknown packet ID 0x00; discarded 1 byte
[16:42:57.167] BAD_PACKET[TCP_prs2026hitl_7000] unknown packet ID 0x24; discarded 1 byte
[16:42:57.168] BAD_PACKET[TCP_prs2026hitl_7000] unknown packet ID 0x0a; discarded 1 byte
[16:42:57.168] BAD_PACKET[TCP_prs2026hitl_7000] bad EOF for 0x01: expected 0x0a, got 0x00; payload=0f 00 00 00 d6 86 ff ff ff ff f4 00 59 06 ff ff da 8b ff ff d6
[16:42:57.169] BAD_PACKET[TCP_prs2026hitl_7000] unknown packet ID 0x15; discarded 1 byte
[16:42:57.169] BAD_PACKET[TCP_prs2026hitl_7000] unknown packet ID 0x00; discarded 1 byte
[16:42:57.170] BAD_PACKET[TCP_prs2026hitl_7000] unknown packet ID 0x25; discarded 1 byte
[16:42:57.170] BAD_PACKET[TCP_prs2026hitl_7000] unknown packet ID 0x0a; discarded 1 byte
[16:42:57.270] RX[TCP_prs2026hitl_7000]  01 0b 00 00 00 d6 ea 00 00 0c 00 59 12 ff ff da 72 ff ff d5 00 18 00 23 0a
[16:42:57.273] BAD_PACKET[TCP_prs2026hitl_7000] bad EOF for 0x01: expected 0x0a, got 0x00; payload=0b 00 00 00 d6 ea 00 00 0c 00 59 12 ff ff da 72 ff ff d5 00 18
[16:42:57.274] BAD_PACKET[TCP_prs2026hitl_7000] unknown packet ID 0x23; discarded 1 byte
[16:42:57.274] BAD_PACKET[TCP_prs2026hitl_7000] unknown packet ID 0x0a; discarded 1 byte
[16:42:57.324] RX[TCP_prs2026hitl_7000]  01 0b 00 00 00 d7 4e 00 00 0c 00 59 06 ff ff da 66 ff ff d6 00 17 00 24 0a 02 10 00 00 00 d7 4e 00 00 00 00 00 00 00 00 00 00 00 00 00 00 00 00 00 00 00 00 00 00 00 00 00 00 00 00 00 00 00 00 00 00 00 00 00 00 00 00 00 00 00 00 00 00 00 00 00 00 43 52 55 3b 13 54 0a ff ff 01 00 00 00 d7 4e 0a
[16:42:57.325] BAD_PACKET[TCP_prs2026hitl_7000] bad EOF for 0x01: expected 0x0a, got 0x00; payload=0b 00 00 00 d7 4e 00 00 0c 00 59 06 ff ff da 66 ff ff d6 00 17
[16:42:57.326] BAD_PACKET[TCP_prs2026hitl_7000] unknown packet ID 0x24; discarded 1 byte
[16:42:57.326] BAD_PACKET[TCP_prs2026hitl_7000] unknown packet ID 0x0a; discarded 1 byte
[16:42:57.327] PACKET[TCP_prs2026hitl_7000] state: status=4096, uptime=55118, orientation=[0.0, 0.0, 0.0, 0.0], position=[0.0, 0.0, 0.0], velocity=[0.0, 0.0, 0.0], latitude=0.0, longitude=0.0, gps_altitude=0.0, barometric_altitude=210.332932, witness_battery_voltage=4.948
[16:42:57.328] BAD_PACKET[TCP_prs2026hitl_7000] bad EOF for 0xff: expected 0x0a, got 0x4e; payload=ff 01 00 00 00 d7
[16:42:57.329] BAD_PACKET[TCP_prs2026hitl_7000] unknown packet ID 0x0a; discarded 1 byte
[16:42:57.430] RX[TCP_prs2026hitl_7000]  01 0b 00 00 00 d7 b2 00 00 0c 00 58 ed ff ff da 8b ff ff d6 00 15 00 25 0a
[16:42:57.430] BAD_PACKET[TCP_prs2026hitl_7000] bad EOF for 0x01: expected 0x0a, got 0x00; payload=0b 00 00 00 d7 b2 00 00 0c 00 58 ed ff ff da 8b ff ff d6 00 15
[16:42:57.431] BAD_PACKET[TCP_prs2026hitl_7000] unknown packet ID 0x25; discarded 1 byte
[16:42:57.432] BAD_PACKET[TCP_prs2026hitl_7000] unknown packet ID 0x0a; discarded 1 byte
[16:42:57.533] RX[TCP_prs2026hitl_7000]  01 0f 00 00 00 d8 16 ff ff ff ff e8 00 59 06 ff ff da 8b ff ff d7 00 15 00 25 0a
[16:42:57.534] BAD_PACKET[TCP_prs2026hitl_7000] bad EOF for 0x01: expected 0x0a, got 0x00; payload=0f 00 00 00 d8 16 ff ff ff ff e8 00 59 06 ff ff da 8b ff ff d7
[16:42:57.534] BAD_PACKET[TCP_prs2026hitl_7000] unknown packet ID 0x15; discarded 1 byte
[16:42:57.535] BAD_PACKET[TCP_prs2026hitl_7000] unknown packet ID 0x00; discarded 1 byte
[16:42:57.535] BAD_PACKET[TCP_prs2026hitl_7000] unknown packet ID 0x25; discarded 1 byte
[16:42:57.536] BAD_PACKET[TCP_prs2026hitl_7000] unknown packet ID 0x0a; discarded 1 byte
[16:42:57.586] RX[TCP_prs2026hitl_7000]  01 0f 00 00 00 d8 7a 00 00 0c 00 59 2a ff ff da 5a ff ff d6 00 18 00 22 0a
[16:42:57.587] BAD_PACKET[TCP_prs2026hitl_7000] bad EOF for 0x01: expected 0x0a, got 0x00; payload=0f 00 00 00 d8 7a 00 00 0c 00 59 2a ff ff da 5a ff ff d6 00 18
[16:42:57.588] BAD_PACKET[TCP_prs2026hitl_7000] unknown packet ID 0x22; discarded 1 byte
[16:42:57.588] BAD_PACKET[TCP_prs2026hitl_7000] unknown packet ID 0x0a; discarded 1 byte
[16:42:57.739] RX[TCP_prs2026hitl_7000]  01 0f 00 00 00 d8 de 00 00 00 00 59 12 ff ff da 66 ff ff d6 00 16 00 24 0a
[16:42:57.740] BAD_PACKET[TCP_prs2026hitl_7000] bad EOF for 0x01: expected 0x0a, got 0x00; payload=0f 00 00 00 d8 de 00 00 00 00 59 12 ff ff da 66 ff ff d6 00 16
[16:42:57.740] BAD_PACKET[TCP_prs2026hitl_7000] unknown packet ID 0x24; discarded 1 byte
[16:42:57.741] BAD_PACKET[TCP_prs2026hitl_7000] unknown packet ID 0x0a; discarded 1 byte
[16:42:57.842] RX[TCP_prs2026hitl_7000]  01 0f 00 00 00 d9 42 00 00 00 00 59 06 ff ff da 8b ff ff d7 00 15 00 25 0a
[16:42:57.842] BAD_PACKET[TCP_prs2026hitl_7000] bad EOF for 0x01: expected 0x0a, got 0x00; payload=0f 00 00 00 d9 42 00 00 00 00 59 06 ff ff da 8b ff ff d7 00 15
[16:42:57.843] BAD_PACKET[TCP_prs2026hitl_7000] unknown packet ID 0x25; discarded 1 byte
[16:42:57.843] BAD_PACKET[TCP_prs2026hitl_7000] unknown packet ID 0x0a; discarded 1 byte
[16:42:57.894] RX[TCP_prs2026hitl_7000]  01 0b 00 00 00 d9 a6 00 00 00 00 59 06 ff ff da 8b ff ff d5 00 17 00 23 0a
[16:42:57.894] BAD_PACKET[TCP_prs2026hitl_7000] bad EOF for 0x01: expected 0x0a, got 0x00; payload=0b 00 00 00 d9 a6 00 00 00 00 59 06 ff ff da 8b ff ff d5 00 17
[16:42:57.895] BAD_PACKET[TCP_prs2026hitl_7000] unknown packet ID 0x23; discarded 1 byte
[16:42:57.895] BAD_PACKET[TCP_prs2026hitl_7000] unknown packet ID 0x0a; discarded 1 byte
[16:42:57.996] RX[TCP_prs2026hitl_7000]  01 0b 00 00 00 da 0a 00 00 18 00 59 1e ff ff da 72 ff ff d6 00 17 00 24 0a
[16:42:57.996] BAD_PACKET[TCP_prs2026hitl_7000] bad EOF for 0x01: expected 0x0a, got 0x00; payload=0b 00 00 00 da 0a 00 00 18 00 59 1e ff ff da 72 ff ff d6 00 17
[16:42:57.997] BAD_PACKET[TCP_prs2026hitl_7000] unknown packet ID 0x24; discarded 1 byte
[16:42:57.997] BAD_PACKET[TCP_prs2026hitl_7000] unknown packet ID 0x0a; discarded 1 byte
[16:42:58.098] RX[TCP_prs2026hitl_7000]  01 0b 00 00 00 da 6e 00 00 25 00 59 12 ff ff da 72 ff ff d6 00 16 00 25 0a
[16:42:58.099] BAD_PACKET[TCP_prs2026hitl_7000] bad EOF for 0x01: expected 0x0a, got 0x00; payload=0b 00 00 00 da 6e 00 00 25 00 59 12 ff ff da 72 ff ff d6 00 16
[16:42:58.099] BAD_PACKET[TCP_prs2026hitl_7000] unknown packet ID 0x25; discarded 1 byte
[16:42:58.100] BAD_PACKET[TCP_prs2026hitl_7000] unknown packet ID 0x0a; discarded 1 byte
