[17:26:40.692] RX[TCP_prs2026hitl_7100]  cd ff fc c2 00 00 25 0a 01 0f 00 00 0b 1d 31 ff fc 85 00 5a 2a ff de 05 ff d5 00 00 25 0a 01 0f 00 00 0b 1d 95 ff fc 85 00 5a 37 ff de 1e 00 22 0a 01 0f 00 00 0b 1d f9 ff fc 85 00 5a 43 ff de
[17:26:40.692] BAD_PACKET[TCP_prs2026hitl_7100] unknown packet ID 0xcd; discarded 1 byte(s)
[17:26:40.692] BAD_PACKET[TCP_prs2026hitl_7100] bad EOF for 0xff: expected 0x0a, got 0x01; resync=discard 1 byte
[17:26:40.692] BAD_PACKET[TCP_prs2026hitl_7100] unknown packet ID 0x00; discarded 1 byte(s)
[17:26:40.692] BAD_PACKET[TCP_prs2026hitl_7100] unknown packet ID 0x00; discarded 1 byte(s)
[17:26:40.697] BAD_PACKET[TCP_prs2026hitl_7100] unknown packet ID 0x0b; discarded 1 byte(s)
[17:26:40.697] BAD_PACKET[TCP_prs2026hitl_7100] unknown packet ID 0x1d; discarded 1 byte(s)
[17:26:40.697] BAD_PACKET[TCP_prs2026hitl_7100] unknown packet ID 0x31; discarded 1 byte(s)
[17:26:40.697] BAD_PACKET[TCP_prs2026hitl_7100] bad EOF for 0xff: expected 0x0a, got 0xde; resync=discard 1 byte
[17:26:40.697] BAD_PACKET[TCP_prs2026hitl_7100] bad EOF for 0xff: expected 0x0a, got 0x0f; resync=discard 1 byte
[17:26:40.697] BAD_PACKET[TCP_prs2026hitl_7100] unknown packet ID 0x00; discarded 1 byte(s)
[17:26:40.697] BAD_PACKET[TCP_prs2026hitl_7100] unknown packet ID 0x0b; discarded 1 byte(s)
[17:26:40.698] BAD_PACKET[TCP_prs2026hitl_7100] unknown packet ID 0x1d; discarded 1 byte(s)
[17:26:40.698] BAD_PACKET[TCP_prs2026hitl_7100] unknown packet ID 0x95; discarded 1 byte(s)
[17:26:40.698] BAD_PACKET[TCP_prs2026hitl_7100] bad EOF for 0xff: expected 0x0a, got 0xde; resync=discard 1 byte
[17:26:40.698] BAD_PACKET[TCP_prs2026hitl_7100] unknown packet ID 0x00; discarded 1 byte(s)
[17:26:40.699] BAD_PACKET[TCP_prs2026hitl_7100] unknown packet ID 0x22; discarded 1 byte(s)
[17:26:40.699] BAD_PACKET[TCP_prs2026hitl_7100] unknown packet ID 0x0a; discarded 1 byte(s)
[17:26:40.750] RX[TCP_prs2026hitl_7101]  00 00 00 00 00 00 00 00 00 00 b3 bd 00 00 00 94 0a
[17:26:40.750] BAD_PACKET[TCP_prs2026hitl_7101] unknown packet ID 0x00; discarded 1 byte(s)
[17:26:40.751] BAD_PACKET[TCP_prs2026hitl_7101] unknown packet ID 0x00; discarded 1 byte(s)
[17:26:40.751] BAD_PACKET[TCP_prs2026hitl_7101] unknown packet ID 0x00; discarded 1 byte(s)
[17:26:40.751] BAD_PACKET[TCP_prs2026hitl_7101] unknown packet ID 0x00; discarded 1 byte(s)
[17:26:40.752] BAD_PACKET[TCP_prs2026hitl_7101] unknown packet ID 0x00; discarded 1 byte(s)
[17:26:40.752] BAD_PACKET[TCP_prs2026hitl_7101] unknown packet ID 0x00; discarded 1 byte(s)
[17:26:40.752] BAD_PACKET[TCP_prs2026hitl_7101] unknown packet ID 0x00; discarded 1 byte(s)
[17:26:40.752] BAD_PACKET[TCP_prs2026hitl_7101] unknown packet ID 0x00; discarded 1 byte(s)
[17:26:40.753] BAD_PACKET[TCP_prs2026hitl_7101] unknown packet ID 0x00; discarded 1 byte(s)
[17:26:40.753] BAD_PACKET[TCP_prs2026hitl_7101] unknown packet ID 0x00; discarded 1 byte(s)
[17:26:40.753] BAD_PACKET[TCP_prs2026hitl_7101] unknown packet ID 0xb3; discarded 1 byte(s)
[17:26:40.754] BAD_PACKET[TCP_prs2026hitl_7101] unknown packet ID 0xbd; discarded 1 byte(s)
[17:26:40.754] BAD_PACKET[TCP_prs2026hitl_7101] unknown packet ID 0x00; discarded 1 byte(s)
[17:26:40.754] BAD_PACKET[TCP_prs2026hitl_7101] unknown packet ID 0x00; discarded 1 byte(s)
[17:26:40.755] BAD_PACKET[TCP_prs2026hitl_7101] unknown packet ID 0x00; discarded 1 byte(s)
[17:26:40.755] BAD_PACKET[TCP_prs2026hitl_7101] unknown packet ID 0x94; discarded 1 byte(s)
[17:26:40.756] BAD_PACKET[TCP_prs2026hitl_7101] unknown packet ID 0x0a; discarded 1 byte(s)
[17:26:40.807] RX[TCP_prs2026hitl_7100]  1e ff d6 00 00 24 0a 00 25 0a 5e 01 0f 00 00 0b 1e c1 ff fc 92 00 5a 37 ff de 36 ff d6 00 14 00 26 0a 01 0b 00 00 0b 1f 25 ff fc 9e 00 00 24 0a 00 25 0a 00 25 0a 5e 02 10 00 00 0b 1f ed 00 00 00 00 00 00 00 00 00 00 00 00 00 00 00 00 00 00 00 00 00 00 00 00 00 00 00 00 00 00 00 00 00 00 00 00 00 00 00 00 00 00 00 00 00 00 00 00 00 00 43 52 ed 6d 13 54 0a 4b ff 01 00 00 0b 1f ed 0a 01 0f 00 00 0b 20 51 ff fc 9e 00 5a 37 ff de 2a ff d4 00 17 00 23 0a 01 0f 00 00 0b 20 b5 ff fc 92 00 5a 37 ff de 2a ff d6 00 17 00 24 0a 5e 01 0f 00 00 0b 21 19 ff fc 92 00 5a 43 ff de 05 ff d6 00 15 00 25 0a 01 0f 00 00 0b 21 7d ff fc 92 00 5a 4f ff de 05 ff d7 00 14 00 26 0a 01 0b 00 00 0b 21 e1 ff fc 85 00 5a 43 ff dd e1 ff d6 00 18 00 23 0a 40 01 0b 00 00 0b 22 45 ff fc 79 00 5a 37 ff de 1e ff d6 00 16 00 25 0a 01 0f 00 00 0b 22 a9 ff fc 92 00 5a 37 ff de 4f ff d8 00 15 00 25 0a 01 0f 00 00 0b 23 0d ff fc 92 00 5a 43 ff de 05 ff d5 00 17 00 22 0a 5e 40 5e 4b 5e 5c 5e 5c cd ff fc c2 5e 40 5a 37 ff dd f9 ff da 5e ff 08 20 08 20 08 08 20 08 08 20 08 08 20 08 40 5e 26 08 20 5e 40 5e 92 5e 08 08 5f ed ff 2a ff 20 08 08 20 08 08 20 08 08 20 08 08 20 08 08 08
[17:26:40.809] PACKET[TCP_prs2026hitl_7100] sensors: status=3840, uptime=728569, filtered_accel=[-0.03564, 0.92428, -0.34696], gyro=[-2.94, 0.0, 645.82], sensor_trailing_u16=37
[17:26:40.810] BAD_PACKET[TCP_prs2026hitl_7100] unknown packet ID 0x5e; discarded 1 byte(s)
[17:26:40.811] PACKET[TCP_prs2026hitl_7100] sensors: status=3840, uptime=728769, filtered_accel=[-0.03512, 0.9238, -0.346], gyro=[-2.94, 1.4, 2.66]
[17:26:40.813] BAD_PACKET[TCP_prs2026hitl_7100] bad EOF for 0x01: expected 0x0a, got 0x00; resync=offset 61
[17:26:40.815] PACKET[TCP_prs2026hitl_7100] heartbeat: status=256, uptime=729069
[17:26:40.816] PACKET[TCP_prs2026hitl_7100] sensors: status=3840, uptime=729169, filtered_accel=[-0.03464, 0.9238, -0.34648], gyro=[-3.08, 1.61, 2.45]
[17:26:40.817] PACKET[TCP_prs2026hitl_7100] sensors: status=3840, uptime=729269, filtered_accel=[-0.03512, 0.9238, -0.34648], gyro=[-2.94, 1.61, 2.52]
[17:26:40.818] BAD_PACKET[TCP_prs2026hitl_7100] unknown packet ID 0x5e; discarded 1 byte(s)
[17:26:40.819] PACKET[TCP_prs2026hitl_7100] sensors: status=3840, uptime=729369, filtered_accel=[-0.03512, 0.92428, -0.34796], gyro=[-2.94, 1.47, 2.59]
[17:26:40.820] PACKET[TCP_prs2026hitl_7100] sensors: status=3840, uptime=729469, filtered_accel=[-0.03512, 0.92476, -0.34796], gyro=[-2.87, 1.4, 2.66]
[17:26:40.822] PACKET[TCP_prs2026hitl_7100] sensors: status=2816, uptime=729569, filtered_accel=[-0.03564, 0.92428, -0.3494], gyro=[-2.94, 1.68, 2.45]
[17:26:40.823] BAD_PACKET[TCP_prs2026hitl_7100] unknown packet ID 0x40; discarded 1 byte(s)
[17:26:40.824] PACKET[TCP_prs2026hitl_7100] sensors: status=2816, uptime=729669, filtered_accel=[-0.03612, 0.9238, -0.34696], gyro=[-2.94, 1.54, 2.59]
[17:26:40.826] PACKET[TCP_prs2026hitl_7100] sensors: status=3840, uptime=729769, filtered_accel=[-0.03512, 0.9238, -0.345], gyro=[-2.8, 1.47, 2.59]
[17:26:40.827] PACKET[TCP_prs2026hitl_7100] sensors: status=3840, uptime=729869, filtered_accel=[-0.03512, 0.92428, -0.34796], gyro=[-3.01, 1.61, 2.38]
[17:26:40.827] BAD_PACKET[TCP_prs2026hitl_7100] unknown packet ID 0x5e; discarded 1 byte(s)
[17:26:40.828] BAD_PACKET[TCP_prs2026hitl_7100] unknown packet ID 0x40; discarded 1 byte(s)
[17:26:40.828] BAD_PACKET[TCP_prs2026hitl_7100] unknown packet ID 0x5e; discarded 1 byte(s)
[17:26:40.828] BAD_PACKET[TCP_prs2026hitl_7100] unknown packet ID 0x4b; discarded 1 byte(s)
[17:26:40.829] BAD_PACKET[TCP_prs2026hitl_7100] unknown packet ID 0x5e; discarded 1 byte(s)
[17:26:40.829] BAD_PACKET[TCP_prs2026hitl_7100] unknown packet ID 0x5c; discarded 1 byte(s)
[17:26:40.829] BAD_PACKET[TCP_prs2026hitl_7100] unknown packet ID 0x5e; discarded 1 byte(s)
[17:26:40.830] BAD_PACKET[TCP_prs2026hitl_7100] unknown packet ID 0x5c; discarded 1 byte(s)
[17:26:40.830] BAD_PACKET[TCP_prs2026hitl_7100] unknown packet ID 0xcd; discarded 1 byte(s)
[17:26:40.830] BAD_PACKET[TCP_prs2026hitl_7100] bad EOF for 0xff: expected 0x0a, got 0xff; resync=discard 1 byte
[17:26:40.830] BAD_PACKET[TCP_prs2026hitl_7100] unknown packet ID 0xf9; discarded 1 byte(s)
[17:26:40.831] BAD_PACKET[TCP_prs2026hitl_7100] bad EOF for 0xff: expected 0x0a, got 0x20; resync=discard 1 byte
[17:26:40.831] BAD_PACKET[TCP_prs2026hitl_7100] unknown packet ID 0x08; discarded 1 byte(s)
[17:26:40.831] BAD_PACKET[TCP_prs2026hitl_7100] unknown packet ID 0x20; discarded 1 byte(s)
[17:26:40.832] BAD_PACKET[TCP_prs2026hitl_7100] unknown packet ID 0x08; discarded 1 byte(s)
[17:26:40.832] BAD_PACKET[TCP_prs2026hitl_7100] unknown packet ID 0x08; discarded 1 byte(s)
[17:26:40.832] BAD_PACKET[TCP_prs2026hitl_7100] unknown packet ID 0x20; discarded 1 byte(s)
[17:26:40.833] BAD_PACKET[TCP_prs2026hitl_7100] unknown packet ID 0x08; discarded 1 byte(s)
[17:26:40.833] BAD_PACKET[TCP_prs2026hitl_7100] unknown packet ID 0x08; discarded 1 byte(s)
[17:26:40.833] BAD_PACKET[TCP_prs2026hitl_7100] unknown packet ID 0x20; discarded 1 byte(s)
[17:26:40.834] BAD_PACKET[TCP_prs2026hitl_7100] unknown packet ID 0x08; discarded 1 byte(s)
[17:26:40.834] BAD_PACKET[TCP_prs2026hitl_7100] unknown packet ID 0x40; discarded 1 byte(s)
[17:26:40.834] BAD_PACKET[TCP_prs2026hitl_7100] unknown packet ID 0x5e; discarded 1 byte(s)
[17:26:40.834] BAD_PACKET[TCP_prs2026hitl_7100] unknown packet ID 0x26; discarded 1 byte(s)
[17:26:40.835] BAD_PACKET[TCP_prs2026hitl_7100] unknown packet ID 0x08; discarded 1 byte(s)
[17:26:40.835] BAD_PACKET[TCP_prs2026hitl_7100] unknown packet ID 0x20; discarded 1 byte(s)
[17:26:40.835] BAD_PACKET[TCP_prs2026hitl_7100] unknown packet ID 0x5e; discarded 1 byte(s)
[17:26:40.836] BAD_PACKET[TCP_prs2026hitl_7100] unknown packet ID 0x40; discarded 1 byte(s)
[17:26:40.836] BAD_PACKET[TCP_prs2026hitl_7100] unknown packet ID 0x5e; discarded 1 byte(s)
[17:26:40.836] BAD_PACKET[TCP_prs2026hitl_7100] unknown packet ID 0x92; discarded 1 byte(s)
[17:26:40.836] BAD_PACKET[TCP_prs2026hitl_7100] unknown packet ID 0x5e; discarded 1 byte(s)
[17:26:40.837] BAD_PACKET[TCP_prs2026hitl_7100] unknown packet ID 0x08; discarded 1 byte(s)
[17:26:40.837] BAD_PACKET[TCP_prs2026hitl_7100] unknown packet ID 0x08; discarded 1 byte(s)
[17:26:40.837] BAD_PACKET[TCP_prs2026hitl_7100] unknown packet ID 0x5f; discarded 1 byte(s)
[17:26:40.838] BAD_PACKET[TCP_prs2026hitl_7100] unknown packet ID 0xed; discarded 1 byte(s)
[17:26:40.838] BAD_PACKET[TCP_prs2026hitl_7100] bad EOF for 0xff: expected 0x0a, got 0x08; resync=discard 1 byte
[17:26:40.838] BAD_PACKET[TCP_prs2026hitl_7100] unknown packet ID 0x20; discarded 1 byte(s)
[17:26:40.838] BAD_PACKET[TCP_prs2026hitl_7100] unknown packet ID 0x08; discarded 1 byte(s)
[17:26:40.839] BAD_PACKET[TCP_prs2026hitl_7100] unknown packet ID 0x08; discarded 1 byte(s)
[17:26:40.839] BAD_PACKET[TCP_prs2026hitl_7100] unknown packet ID 0x20; discarded 1 byte(s)
[17:26:40.839] BAD_PACKET[TCP_prs2026hitl_7100] unknown packet ID 0x08; discarded 1 byte(s)
[17:26:40.840] BAD_PACKET[TCP_prs2026hitl_7100] unknown packet ID 0x08; discarded 1 byte(s)
[17:26:40.840] BAD_PACKET[TCP_prs2026hitl_7100] unknown packet ID 0x20; discarded 1 byte(s)
[17:26:40.840] BAD_PACKET[TCP_prs2026hitl_7100] unknown packet ID 0x08; discarded 1 byte(s)
[17:26:40.841] BAD_PACKET[TCP_prs2026hitl_7100] unknown packet ID 0x08; discarded 1 byte(s)
[17:26:40.841] BAD_PACKET[TCP_prs2026hitl_7100] unknown packet ID 0x08; discarded 1 byte(s)
[17:26:40.841] RX[TCP_prs2026hitl_7101]  5e 43 5e 40 43 5e 40 43 5e 40 5e 40
[17:26:40.841] BAD_PACKET[TCP_prs2026hitl_7101] unknown packet ID 0x5e; discarded 1 byte(s)
[17:26:40.842] BAD_PACKET[TCP_prs2026hitl_7101] unknown packet ID 0x43; discarded 1 byte(s)
[17:26:40.842] BAD_PACKET[TCP_prs2026hitl_7101] unknown packet ID 0x5e; discarded 1 byte(s)
[17:26:40.842] BAD_PACKET[TCP_prs2026hitl_7101] unknown packet ID 0x40; discarded 1 byte(s)
[17:26:40.843] BAD_PACKET[TCP_prs2026hitl_7101] unknown packet ID 0x43; discarded 1 byte(s)
[17:26:40.843] BAD_PACKET[TCP_prs2026hitl_7101] unknown packet ID 0x5e; discarded 1 byte(s)
[17:26:40.843] BAD_PACKET[TCP_prs2026hitl_7101] unknown packet ID 0x40; discarded 1 byte(s)
[17:26:40.843] BAD_PACKET[TCP_prs2026hitl_7101] unknown packet ID 0x43; discarded 1 byte(s)
[17:26:40.844] BAD_PACKET[TCP_prs2026hitl_7101] unknown packet ID 0x5e; discarded 1 byte(s)
[17:26:40.844] BAD_PACKET[TCP_prs2026hitl_7101] unknown packet ID 0x40; discarded 1 byte(s)
[17:26:40.844] BAD_PACKET[TCP_prs2026hitl_7101] unknown packet ID 0x5e; discarded 1 byte(s)
[17:26:40.845] BAD_PACKET[TCP_prs2026hitl_7101] unknown packet ID 0x40; discarded 1 byte(s)
[17:26:40.845] RX[TCP_prs2026hitl_7100]  01 0f 00 00 0b 29 4d ff fc 9e 00 5a 4f ff de 36 ff d6 00 15 00 25 0a
[17:26:40.845] PACKET[TCP_prs2026hitl_7100] sensors: status=3840, uptime=731469, filtered_accel=[-0.03464, 0.92476, -0.346], gyro=[-2.94, 1.47, 2.59]
[17:26:40.946] RX[TCP_prs2026hitl_7100]  01 0b 00 00 0b 29 b1 ff fc 9e 00 5a 37 ff de 1e ff d6 00 14 00 26 0a
[17:26:40.948] PACKET[TCP_prs2026hitl_7100] sensors: status=2816, uptime=731569, filtered_accel=[-0.03464, 0.9238, -0.34696], gyro=[-2.94, 1.4, 2.66]
[17:26:41.048] RX[TCP_prs2026hitl_7100]  01 0b 00 00 0b 2a 15 ff fc 9e 00 5a 43 ff de 2a ff d5 00 17 00 22 0a
[17:26:41.050] PACKET[TCP_prs2026hitl_7100] sensors: status=2816, uptime=731669, filtered_accel=[-0.03464, 0.92428, -0.34648], gyro=[-3.01, 1.61, 2.38]
[17:26:41.100] RX[TCP_prs2026hitl_7101]  03 00 00 00 00 00 00 00 00 00 0d 00 2d 00 00 00 13 90 0a
[17:26:41.101] PACKET[TCP_prs2026hitl_7101] camera: fc_status=0, fc_uptime=0, status=0, uptime=852013, current_sense=[0.0, 0.0, 0.0], iris_battery_voltage=5.008
[17:26:41.101] RX[TCP_prs2026hitl_7100]  01 0b 00 00 0b 2a 79 ff fc 79 00 5a 43 ff de 4f ff d7 00 15 00 24 0a
[17:26:41.102] PACKET[TCP_prs2026hitl_7100] sensors: status=2816, uptime=731769, filtered_accel=[-0.03612, 0.92428, -0.345], gyro=[-2.87, 1.47, 2.52]
[17:26:41.203] RX[TCP_prs2026hitl_7100]  01 0f 00 00 0b 2a dd ff fc 92 00 5a 4f ff de 2a ff d6 00 15 00 25 0a
[17:26:41.204] PACKET[TCP_prs2026hitl_7100] sensors: status=3840, uptime=731869, filtered_accel=[-0.03512, 0.92476, -0.34648], gyro=[-2.94, 1.47, 2.59]
[17:26:41.305] RX[TCP_prs2026hitl_7100]  01 0f 00 00 0b 2b 41 ff fc 92 00 5a 37 ff de 12 ff d5 00 18 00 22 0a
[17:26:41.308] PACKET[TCP_prs2026hitl_7100] sensors: status=3840, uptime=731969, filtered_accel=[-0.03512, 0.9238, -0.34744], gyro=[-3.01, 1.68, 2.38]
[17:26:41.410] RX[TCP_prs2026hitl_7100]  01 0f 00 00 0b 2b a5 ff fc 92 00 5a 43 ff de 05 ff d6 00 16 00 24 0a 02 10 00 00 0b 2b a5 00 00 00 00 00 00 00 00 00 00 00 00 00 00 00 00 00 00 00 00 00 00 00 00 00 00 00 00 00 00 00 00 00 00
[17:26:41.410] PACKET[TCP_prs2026hitl_7100] sensors: status=3840, uptime=732069, filtered_accel=[-0.03512, 0.92428, -0.34796], gyro=[-2.94, 1.54, 2.52]
[17:26:41.511] RX[TCP_prs2026hitl_7100]  00 00 00 00 00 00 00 00 00 00 00 00 00 00 00 00 43 52 c1 75 13 50 0a ff 00 00 00 0b 2b a5 0a
[17:26:41.513] PACKET[TCP_prs2026hitl_7100] state: status=4096, uptime=732069, orientation=[0.0, 0.0, 0.0, 0.0], position=[0.0, 0.0, 0.0], velocity=[0.0, 0.0, 0.0], latitude=0.0, longitude=0.0, gps_altitude=0.0, barometric_altitude=210.755692, witness_battery_voltage=4.944
[17:26:41.514] PACKET[TCP_prs2026hitl_7100] heartbeat: status=0, uptime=732069
[17:26:41.565] RX[TCP_prs2026hitl_7100]  01 0f 00 00 0b 2c 09 ff fc 92 00 5a 43 ff de 36 ff d6 00 15 00 24 0a
[17:26:41.566] PACKET[TCP_prs2026hitl_7100] sensors: status=3840, uptime=732169, filtered_accel=[-0.03512, 0.92428, -0.346], gyro=[-2.94, 1.47, 2.52]
[17:26:41.667] RX[TCP_prs2026hitl_7100]  01 0b 00 00 0b 2c 6d ff fc 9e 00 5a 43 ff dd f9 ff d6 00 16 00 24 0a
[17:26:41.670] PACKET[TCP_prs2026hitl_7100] sensors: status=2816, uptime=732269, filtered_accel=[-0.03464, 0.92428, -0.34844], gyro=[-2.94, 1.54, 2.52]
[17:26:41.773] RX[TCP_prs2026hitl_7100]  01 0b 00 00 0b 2c d1 ff ff 24 00 5d 1f ff e0 80 ff c9 00 0d 00 18 0a
[17:26:41.774] PACKET[TCP_prs2026hitl_7100] sensors: status=2816, uptime=732369, filtered_accel=[-0.0088, 0.95356, -0.32256], gyro=[-3.85, 0.91, 1.68]
[17:26:41.825] RX[TCP_prs2026hitl_7100]  01 0b 00 00 0b 2d 35 ff fc f3 00 5b 12 ff dd f9 ff d8 00 15 00 22 0a
[17:26:41.826] PACKET[TCP_prs2026hitl_7100] sensors: status=2816, uptime=732469, filtered_accel=[-0.03124, 0.93256, -0.34844], gyro=[-2.8, 1.47, 2.38]
[17:26:41.927] RX[TCP_prs2026hitl_7100]  01 0f 00 00 0b 2d 99 ff fb f3 00 59 b0 ff de ed ff d4 00 14 00 24 0a
[17:26:41.928] PACKET[TCP_prs2026hitl_7100] sensors: status=3840, uptime=732569, filtered_accel=[-0.04148, 0.9184, -0.33868], gyro=[-3.08, 1.4, 2.52]
[17:26:42.028] RX[TCP_prs2026hitl_7100]  01 0f 00 00 0b 2d fd ff fc 9e 00 5a 67 ff de 5b ff d2 00 15 00 21 0a
[17:26:42.029] PACKET[TCP_prs2026hitl_7100] sensors: status=3840, uptime=732669, filtered_accel=[-0.03464, 0.92572, -0.34452], gyro=[-3.22, 1.47, 2.31]
[17:26:42.080] RX[TCP_prs2026hitl_7100]  01 0f 00 00 0b 2e 61 ff fc 79 00 5a 06 ff de 12 ff d7 00 16 00 23 0a
[17:26:42.081] PACKET[TCP_prs2026hitl_7100] sensors: status=3840, uptime=732769, filtered_accel=[-0.03612, 0.92184, -0.34744], gyro=[-2.87, 1.54, 2.45]
[17:26:42.131] RX[TCP_prs2026hitl_7101]  03 00 00 00 00 00 00 00 00 00 0d 04 15 00 00 00 13 94 0a
[17:26:42.132] PACKET[TCP_prs2026hitl_7101] camera: fc_status=0, fc_uptime=0, status=0, uptime=853013, current_sense=[0.0, 0.0, 0.0], iris_battery_voltage=5.012
[17:26:42.183] RX[TCP_prs2026hitl_7100]  01 0f 00 00 0b 2e c5 ff fc 92 00 5a 37 ff dd d5 ff d7 00 16 00 24 0a
[17:26:42.184] PACKET[TCP_prs2026hitl_7100] sensors: status=3840, uptime=732869, filtered_accel=[-0.03512, 0.9238, -0.34988], gyro=[-2.87, 1.54, 2.52]
[17:26:42.285] RX[TCP_prs2026hitl_7100]  01 0b 00 00 0b 2f 29 ff fc 9e 00 5a 37 ff de 2a ff d6 00 16 00 24 0a
[17:26:42.286] PACKET[TCP_prs2026hitl_7100] sensors: status=2816, uptime=732969, filtered_accel=[-0.03464, 0.9238, -0.34648], gyro=[-2.94, 1.54, 2.52]
[17:26:42.387] RX[TCP_prs2026hitl_7100]  01 0b 00 00 0b 2f 8d ff fc 9e 00 5a 4f ff de 2a ff d7 00 17 00 22 0a 02 10 00 00 0b 2f 8d 00 00 00 00 00 00 00 00 00 00 00 00 00 00 00 00 00 00 00 00 00 00 00 00 00 00 00 00 00 00 00 00 00 00
[17:26:42.389] PACKET[TCP_prs2026hitl_7100] sensors: status=2816, uptime=733069, filtered_accel=[-0.03464, 0.92476, -0.34648], gyro=[-2.87, 1.61, 2.38]
[17:26:42.491] RX[TCP_prs2026hitl_7100]  00 00 00 00 00 00 00 00 00 00 00 00 00 00 00 00 43 53 03 12 13 48 0a ff 01 00 00 0b 2f 8d 0a
[17:26:42.492] PACKET[TCP_prs2026hitl_7100] state: status=4096, uptime=733069, orientation=[0.0, 0.0, 0.0, 0.0], position=[0.0, 0.0, 0.0], velocity=[0.0, 0.0, 0.0], latitude=0.0, longitude=0.0, gps_altitude=0.0, barometric_altitude=211.011993, witness_battery_voltage=4.936
[17:26:42.493] PACKET[TCP_prs2026hitl_7100] heartbeat: status=256, uptime=733069
[17:26:42.544] RX[TCP_prs2026hitl_7100]  01 0b 00 00 0b 2f f1 ff fc 9e 00 5a 43 ff de 1e ff d6 00 16 00 24 0a
[17:26:42.545] PACKET[TCP_prs2026hitl_7100] sensors: status=2816, uptime=733169, filtered_accel=[-0.03464, 0.92428, -0.34696], gyro=[-2.94, 1.54, 2.52]
[17:26:42.645] RX[TCP_prs2026hitl_7100]  01 0f 00 00 0b 30 55 ff fc 92 00 5a 37 ff de 42 ff d7 00 15 00 25 0a
[17:26:42.647] PACKET[TCP_prs2026hitl_7100] sensors: status=3840, uptime=733269, filtered_accel=[-0.03512, 0.9238, -0.34552], gyro=[-2.87, 1.47, 2.59]
[17:26:42.747] RX[TCP_prs2026hitl_7100]  01 0f 00 00 0b 30 b9 ff fc 9e 00 5a 37 ff de 12 ff d6 00 18 00 22 0a
[17:26:42.749] PACKET[TCP_prs2026hitl_7100] sensors: status=3840, uptime=733369, filtered_accel=[-0.03464, 0.9238, -0.34744], gyro=[-2.94, 1.68, 2.38]
[17:26:42.851] RX[TCP_prs2026hitl_7100]  01 0f 00 00 0b 31 1d ff fc 6d 00 5a 37 ff dd d5 ff d7 00 16 00 24 0a
[17:26:42.854] PACKET[TCP_prs2026hitl_7100] sensors: status=3840, uptime=733469, filtered_accel=[-0.0366, 0.9238, -0.34988], gyro=[-2.87, 1.54, 2.52]
[17:26:42.905] RX[TCP_prs2026hitl_7100]  01 0f 00 00 0b 31 81 ff fc 79 00 5a 06 ff de 67 ff d8 00 15 00 25 0a
[17:26:42.907] PACKET[TCP_prs2026hitl_7100] sensors: status=3840, uptime=733569, filtered_accel=[-0.03612, 0.92184, -0.34404], gyro=[-2.8, 1.47, 2.59]
[17:26:43.007] RX[TCP_prs2026hitl_7100]  01 0b 00 00 0b 31 e5 ff fc 79 00 5a 1e ff de 5b ff d6 00 15 00 24 0a
[17:26:43.008] PACKET[TCP_prs2026hitl_7100] sensors: status=2816, uptime=733669, filtered_accel=[-0.03612, 0.9228, -0.34452], gyro=[-2.94, 1.47, 2.52]
[17:26:43.059] RX[TCP_prs2026hitl_7100]  01 0b 00 00 0b 32 49 ff fd 3c 00 5a d5 ff dc ed ff ca 00 11 00 22 0a
[17:26:43.060] PACKET[TCP_prs2026hitl_7100] sensors: status=2816, uptime=733769, filtered_accel=[-0.02832, 0.93012, -0.35916], gyro=[-3.78, 1.19, 2.38]
[17:26:43.111] RX[TCP_prs2026hitl_7101]  03 00 00 00 00 00 00 00 00 00 0d 07 fd 00 00 00 13 94 0a
[17:26:43.112] PACKET[TCP_prs2026hitl_7101] camera: fc_status=0, fc_uptime=0, status=0, uptime=854013, current_sense=[0.0, 0.0, 0.0], iris_battery_voltage=5.012
[17:26:43.162] RX[TCP_prs2026hitl_7100]  01 0b 00 00 0b 32 ad ff fc f3 00 5b 06 ff df 06 ff cb 00 11 00 24 0a
[17:26:43.163] PACKET[TCP_prs2026hitl_7100] sensors: status=2816, uptime=733869, filtered_accel=[-0.03124, 0.93208, -0.33768], gyro=[-3.71, 1.19, 2.52]
[17:26:43.264] RX[TCP_prs2026hitl_7100]  01 0f 00 00 0b 33 11 ff fc c2 00 5a 74 ff df 4f ff d6 00 14 00 24 0a
[17:26:43.265] PACKET[TCP_prs2026hitl_7100] sensors: status=3840, uptime=733969, filtered_accel=[-0.0332, 0.92624, -0.33476], gyro=[-2.94, 1.4, 2.52]
[17:26:43.365] RX[TCP_prs2026hitl_7100]  01 0f 00 00 0b 33 75 ff fc cf 00 5a 37 ff de ed ff d2 00 16 00 22 0a 02 10 00 00 0b 33 75 00 00 00 00 00 00 00 00 00 00 00 00 00 00 00 00 00 00 00 00 00 00 00 00 00 00 00 00 00 00 00 00 00 00
[17:26:43.367] PACKET[TCP_prs2026hitl_7100] sensors: status=3840, uptime=734069, filtered_accel=[-0.03268, 0.9238, -0.33868], gyro=[-3.22, 1.54, 2.38]
[17:26:43.468] RX[TCP_prs2026hitl_7100]  00 00 00 00 00 00 00 00 00 00 00 00 00 00 00 00 43 53 03 12 13 50 0a ff 00 00 00 0b 33 75 0a
[17:26:43.468] PACKET[TCP_prs2026hitl_7100] state: status=4096, uptime=734069, orientation=[0.0, 0.0, 0.0, 0.0], position=[0.0, 0.0, 0.0], velocity=[0.0, 0.0, 0.0], latitude=0.0, longitude=0.0, gps_altitude=0.0, barometric_altitude=211.011993, witness_battery_voltage=4.944
[17:26:43.469] PACKET[TCP_prs2026hitl_7100] heartbeat: status=0, uptime=734069
[17:26:43.520] RX[TCP_prs2026hitl_7100]  01 0f 00 00 0b 33 d9 ff fc c2 00 5a 8c ff dd f9 ff d1 00 15 00 24 0a
[17:26:43.521] PACKET[TCP_prs2026hitl_7100] sensors: status=3840, uptime=734169, filtered_accel=[-0.0332, 0.9272, -0.34844], gyro=[-3.29, 1.47, 2.52]
[17:26:43.622] RX[TCP_prs2026hitl_7100]  01 0f 00 00 0b 34 3d ff fc 92 00 5a 4f ff dd e1 ff d5 00 16 00 25 0a
[17:26:43.624] PACKET[TCP_prs2026hitl_7100] sensors: status=3840, uptime=734269, filtered_accel=[-0.03512, 0.92476, -0.3494], gyro=[-3.01, 1.54, 2.59]
[17:26:43.725] RX[TCP_prs2026hitl_7100]  01 0b 00 00 0b 34 a1 ff fc 9e 00 5a 1e ff de 4f ff d6 00 16 00 25 0a
[17:26:43.726] PACKET[TCP_prs2026hitl_7100] sensors: status=2816, uptime=734369, filtered_accel=[-0.03464, 0.9228, -0.345], gyro=[-2.94, 1.54, 2.59]
[17:26:43.777] RX[TCP_prs2026hitl_7100]  01 0b 00 00 0b 35 05 ff fd 18 00 5a bd ff dc f9 ff d6 00 16 00 23 0a
[17:26:43.778] PACKET[TCP_prs2026hitl_7100] sensors: status=2816, uptime=734469, filtered_accel=[-0.02976, 0.92916, -0.35868], gyro=[-2.94, 1.54, 2.45]
[17:26:43.880] RX[TCP_prs2026hitl_7100]  01 0b 00 00 0b 35 69 ff fc 85 00 5a 43 ff de 7f ff d7 00 16 00 25 0a
[17:26:43.884] PACKET[TCP_prs2026hitl_7100] sensors: status=2816, uptime=734569, filtered_accel=[-0.03564, 0.92428, -0.34308], gyro=[-2.87, 1.54, 2.59]
[17:26:43.985] RX[TCP_prs2026hitl_7100]  01 0f 00 00 0b 35 cd ff fc 92 00 5a 43 ff de 05 ff d6 00 15 00 24 0a
[17:26:43.987] PACKET[TCP_prs2026hitl_7100] sensors: status=3840, uptime=734669, filtered_accel=[-0.03512, 0.92428, -0.34796], gyro=[-2.94, 1.47, 2.52]
[17:26:44.090] RX[TCP_prs2026hitl_7100]  01 0f 00 00 0b 36 31 ff fc 9e 00 5a 43 ff de 12 ff d5 00 18 00 22 0a
[17:26:44.091] PACKET[TCP_prs2026hitl_7100] sensors: status=3840, uptime=734769, filtered_accel=[-0.03464, 0.92428, -0.34744], gyro=[-3.01, 1.68, 2.38]
[17:26:44.141] RX[TCP_prs2026hitl_7101]  03 00 00 00 00 00 00 00 00 00 0d 0b e5 00 00 00 13 94 0a
[17:26:44.142] PACKET[TCP_prs2026hitl_7101] camera: fc_status=0, fc_uptime=0, status=0, uptime=855013, current_sense=[0.0, 0.0, 0.0], iris_battery_voltage=5.012
[17:26:44.192] RX[TCP_prs2026hitl_7100]  01 0f 00 00 0b 36 95 ff fc 85 00 5a 43 ff de 1e ff d7 00 15 00 25 0a
[17:26:44.193] PACKET[TCP_prs2026hitl_7100] sensors: status=3840, uptime=734869, filtered_accel=[-0.03564, 0.92428, -0.34696], gyro=[-2.87, 1.47, 2.59]
[17:26:44.294] RX[TCP_prs2026hitl_7100]  01 0f 00 00 0b 36 f9 ff fc db 00 5a 80 ff de 1e ff d5 00 15 00 25 0a
[17:26:44.296] PACKET[TCP_prs2026hitl_7100] sensors: status=3840, uptime=734969, filtered_accel=[-0.0322, 0.92672, -0.34696], gyro=[-3.01, 1.47, 2.59]
[17:26:44.397] RX[TCP_prs2026hitl_7100]  01 0b 00 00 0b 37 5d ff fc 85 00 5a 43 ff de 1e ff d6 00 15 00 25 0a 02 10 00 00 0b 37 5d 00 00 00 00 00 00 00 00 00 00 00 00 00 00 00 00 00 00 00 00 00 00 00 00 00 00 00 00 00 00 00 00 00 00
[17:26:44.400] PACKET[TCP_prs2026hitl_7100] sensors: status=2816, uptime=735069, filtered_accel=[-0.03564, 0.92428, -0.34696], gyro=[-2.94, 1.47, 2.59]
[17:26:44.453] RX[TCP_prs2026hitl_7100]  00 00 00 00 00 00 00 00 00 00 00 00 00 00 00 00 43 53 03 12 13 50 0a ff 01 00 00 0b 37 5d 0a
[17:26:44.455] PACKET[TCP_prs2026hitl_7100] state: status=4096, uptime=735069, orientation=[0.0, 0.0, 0.0, 0.0], position=[0.0, 0.0, 0.0], velocity=[0.0, 0.0, 0.0], latitude=0.0, longitude=0.0, gps_altitude=0.0, barometric_altitude=211.011993, witness_battery_voltage=4.944
[17:26:44.457] PACKET[TCP_prs2026hitl_7100] heartbeat: status=256, uptime=735069
[17:26:44.558] RX[TCP_prs2026hitl_7100]  01 0b 00 00 0b 37 c1 ff fc aa 00 5a 8c ff dd e1 ff d2 00 18 00 1e 0a
[17:26:44.560] PACKET[TCP_prs2026hitl_7100] sensors: status=2816, uptime=735169, filtered_accel=[-0.03416, 0.9272, -0.3494], gyro=[-3.22, 1.68, 2.1]
[17:26:44.616] RX[TCP_prs2026hitl_7100]  01 0b 00 00 0b 38 25 ff fc aa 00 5a 74 ff dd f9 ff d7 00 16 00 25 0a
[17:26:44.617] PACKET[TCP_prs2026hitl_7100] sensors: status=2816, uptime=735269, filtered_accel=[-0.03416, 0.92624, -0.34844], gyro=[-2.87, 1.54, 2.59]
[17:26:44.721] RX[TCP_prs2026hitl_7100]  01 0f 00 00 0b 38 89 ff fc 85 00 5a 43 ff de 36 ff d7 00 14 00 25 0a
[17:26:44.723] PACKET[TCP_prs2026hitl_7100] sensors: status=3840, uptime=735369, filtered_accel=[-0.03564, 0.92428, -0.346], gyro=[-2.87, 1.4, 2.59]
[17:26:44.824] RX[TCP_prs2026hitl_7100]  01 0f 00 00 0b 38 ed ff fc 9e 00 5a 43 ff de 1e ff d5 00 17 00 22 0a
[17:26:44.826] PACKET[TCP_prs2026hitl_7100] sensors: status=3840, uptime=735469, filtered_accel=[-0.03464, 0.92428, -0.34696], gyro=[-3.01, 1.61, 2.38]
[17:26:44.877] RX[TCP_prs2026hitl_7100]  01 0f 00 00 0b 39 51 ff fc 92 00 5a 37 ff de 05 ff d6 00 17 00 23 0a
[17:26:44.879] PACKET[TCP_prs2026hitl_7100] sensors: status=3840, uptime=735569, filtered_accel=[-0.03512, 0.9238, -0.34796], gyro=[-2.94, 1.61, 2.45]
[17:26:44.981] RX[TCP_prs2026hitl_7100]  01 0f 00 00 0b 39 b5 ff fc 92 00 5a 37 ff de 12 ff d6 00 16 00 25 0a
[17:26:44.983] PACKET[TCP_prs2026hitl_7100] sensors: status=3840, uptime=735669, filtered_accel=[-0.03512, 0.9238, -0.34744], gyro=[-2.94, 1.54, 2.59]
[17:26:45.084] RX[TCP_prs2026hitl_7100]  01 0b 00 00 0b 3a 19 ff fc 85 00 5a 37 ff de 12 ff d6 00 16 00 24 0a
[17:26:45.086] PACKET[TCP_prs2026hitl_7100] sensors: status=2816, uptime=735769, filtered_accel=[-0.03564, 0.9238, -0.34744], gyro=[-2.94, 1.54, 2.52]
[17:26:45.137] RX[TCP_prs2026hitl_7101]  03 00 00 00 00 00 00 00 00 00 0d 0f cd 00 00 00 13 94 0a
[17:26:45.139] PACKET[TCP_prs2026hitl_7101] camera: fc_status=0, fc_uptime=0, status=0, uptime=856013, current_sense=[0.0, 0.0, 0.0], iris_battery_voltage=5.012
[17:26:45.190] RX[TCP_prs2026hitl_7100]  01 0b 00 00 0b 3a 7d ff fc 9e 00 5a 43 ff de 12 ff d6 00 17 00 23 0a
[17:26:45.191] PACKET[TCP_prs2026hitl_7100] sensors: status=2816, uptime=735869, filtered_accel=[-0.03464, 0.92428, -0.34744], gyro=[-2.94, 1.61, 2.45]
[17:26:45.292] RX[TCP_prs2026hitl_7100]  01 0b 00 00 0b 3a e1 ff fc 92 00 5a 37 ff de 05 ff d6 00 15 00 25 0a
[17:26:45.294] PACKET[TCP_prs2026hitl_7100] sensors: status=2816, uptime=735969, filtered_accel=[-0.03512, 0.9238, -0.34796], gyro=[-2.94, 1.47, 2.59]
[17:26:45.395] RX[TCP_prs2026hitl_7100]  01 0f 00 00 0b 3b 45 ff fc 9e 00 5a 43 ff de 1e ff d6 00 15 00 25 0a 02 10 00 00 0b 3b 45 00 00 00 00 00 00 00 00 00 00 00 00 00 00 00 00 00 00 00 00 00 00 00 00 00 00 00 00 00 00 00 00 00 00
[17:26:45.398] PACKET[TCP_prs2026hitl_7100] sensors: status=3840, uptime=736069, filtered_accel=[-0.03464, 0.92428, -0.34696], gyro=[-2.94, 1.47, 2.59]
[17:26:45.450] RX[TCP_prs2026hitl_7100]  00 00 00 00 00 00 00 00 00 00 00 00 00 00 00 00 43 52 ab d0 13 48 0a ff 00 00 00 0b 3b 45 0a
[17:26:45.451] PACKET[TCP_prs2026hitl_7100] state: status=4096, uptime=736069, orientation=[0.0, 0.0, 0.0, 0.0], position=[0.0, 0.0, 0.0], velocity=[0.0, 0.0, 0.0], latitude=0.0, longitude=0.0, gps_altitude=0.0, barometric_altitude=210.671143, witness_battery_voltage=4.936
[17:26:45.452] PACKET[TCP_prs2026hitl_7100] heartbeat: status=0, uptime=736069
[17:26:45.553] RX[TCP_prs2026hitl_7100]  01 0f 00 00 0b 3b a9 ff fc 9e 00 5a 43 ff de 05 ff d5 00 18 00 22 0a
[17:26:45.555] PACKET[TCP_prs2026hitl_7100] sensors: status=3840, uptime=736169, filtered_accel=[-0.03464, 0.92428, -0.34796], gyro=[-3.01, 1.68, 2.38]
[17:26:45.656] RX[TCP_prs2026hitl_7100]  01 0f 00 00 0b 3c 0d ff fc aa 00 5a 67 ff de 4f ff d4 00 16 00 24 0a
[17:26:45.658] PACKET[TCP_prs2026hitl_7100] sensors: status=3840, uptime=736269, filtered_accel=[-0.03416, 0.92572, -0.345], gyro=[-3.08, 1.54, 2.52]
[17:26:45.709] RX[TCP_prs2026hitl_7100]  01 0f 00 00 0b 3c 71 ff fc 92 00 5a 37 ff de 1e ff d6 00 15 00 25 0a
[17:26:45.711] PACKET[TCP_prs2026hitl_7100] sensors: status=3840, uptime=736369, filtered_accel=[-0.03512, 0.9238, -0.34696], gyro=[-2.94, 1.47, 2.59]
[17:26:45.812] RX[TCP_prs2026hitl_7100]  01 0b 00 00 0b 3c d5 ff fc 92 00 5a 43 ff de 1e ff d6 00 16 00 24 0a
[17:26:45.814] PACKET[TCP_prs2026hitl_7100] sensors: status=2816, uptime=736469, filtered_accel=[-0.03512, 0.92428, -0.34696], gyro=[-2.94, 1.54, 2.52]
[17:26:45.865] RX[TCP_prs2026hitl_7100]  01 0b 00 00 0b 3d 39 ff fc b6 00 5a 4f ff de 4f ff d8 00 18 00 24 0a
[17:26:45.867] PACKET[TCP_prs2026hitl_7100] sensors: status=2816, uptime=736569, filtered_accel=[-0.03368, 0.92476, -0.345], gyro=[-2.8, 1.68, 2.52]
[17:26:45.968] RX[TCP_prs2026hitl_7100]  01 0b 00 00 0b 3d 9d ff fc 85 00 5a 2a ff de 36 ff d5 00 15 00 24 0a
[17:26:45.969] PACKET[TCP_prs2026hitl_7100] sensors: status=2816, uptime=736669, filtered_accel=[-0.03564, 0.92328, -0.346], gyro=[-3.01, 1.47, 2.52]
[17:26:46.071] RX[TCP_prs2026hitl_7100]  01 0f 00 00 0b 3e 01 ff fc 85 00 5a 37 ff de 2a ff d6 00 14 00 24 0a
[17:26:46.073] PACKET[TCP_prs2026hitl_7100] sensors: status=3840, uptime=736769, filtered_accel=[-0.03564, 0.9238, -0.34648], gyro=[-2.94, 1.4, 2.52]
[17:26:46.129] RX[TCP_prs2026hitl_7101]  03 00 00 00 00 00 00 00 00 00 0d 13 b5 00 00 00 13 94 0a
[17:26:46.132] PACKET[TCP_prs2026hitl_7101] camera: fc_status=0, fc_uptime=0, status=0, uptime=857013, current_sense=[0.0, 0.0, 0.0], iris_battery_voltage=5.012
[17:26:46.183] RX[TCP_prs2026hitl_7100]  01 0f 00 00 0b 3e 65 ff fc 61 00 5a 12 ff de 4f ff d6 00 18 00 22 0a
[17:26:46.185] PACKET[TCP_prs2026hitl_7100] sensors: status=3840, uptime=736869, filtered_accel=[-0.03708, 0.92232, -0.345], gyro=[-2.94, 1.68, 2.38]
[17:26:46.287] RX[TCP_prs2026hitl_7100]  01 0f 00 00 0b 3e c9 ff fc 92 00 5a 37 ff dd ed ff d6 00 15 00 24 0a
[17:26:46.289] PACKET[TCP_prs2026hitl_7100] sensors: status=3840, uptime=736969, filtered_accel=[-0.03512, 0.9238, -0.34892], gyro=[-2.94, 1.47, 2.52]
[17:26:46.398] RX[TCP_prs2026hitl_7100]  01 0f 00 00 0b 3f 2d ff fc 92 00 5a 37 ff de 42 ff d7 00 15 00 24 0a 02 10 00 00 0b 3f 2d 00 00 00 00 00 00 00 00 00 00 00 00 00 00 00 00 00 00 00 00 00 00 00 00 00 00 00 00 00 00 00 00 00 00
[17:26:46.399] PACKET[TCP_prs2026hitl_7100] sensors: status=3840, uptime=737069, filtered_accel=[-0.03512, 0.9238, -0.34552], gyro=[-2.87, 1.47, 2.52]
[17:26:46.450] RX[TCP_prs2026hitl_7100]  00 00 00 00 00 00 00 00 00 00 00 00 00 00 00 00 43 53 2e 5d 13 48 0a ff 01 00 00 0b 3f 2d 0a
[17:26:46.452] PACKET[TCP_prs2026hitl_7100] state: status=4096, uptime=737069, orientation=[0.0, 0.0, 0.0, 0.0], position=[0.0, 0.0, 0.0], velocity=[0.0, 0.0, 0.0], latitude=0.0, longitude=0.0, gps_altitude=0.0, barometric_altitude=211.181107, witness_battery_voltage=4.936
[17:26:46.452] PACKET[TCP_prs2026hitl_7100] heartbeat: status=256, uptime=737069
[17:26:46.553] RX[TCP_prs2026hitl_7100]  01 0b 00 00 0b 3f 91 ff fc 92 00 5a 37 ff de 36 ff d6 00 16 00 24 0a
[17:26:46.554] PACKET[TCP_prs2026hitl_7100] sensors: status=2816, uptime=737169, filtered_accel=[-0.03512, 0.9238, -0.346], gyro=[-2.94, 1.54, 2.52]
[17:26:46.605] RX[TCP_prs2026hitl_7100]  01 0b 00 00 0b 3f f5 ff fc 3c 00 59 ed ff dd 2a ff d7 00 17 00 22 0a
[17:26:46.608] PACKET[TCP_prs2026hitl_7100] sensors: status=2816, uptime=737269, filtered_accel=[-0.03856, 0.92084, -0.35672], gyro=[-2.87, 1.61, 2.38]
[17:26:46.709] RX[TCP_prs2026hitl_7100]  01 0b 00 00 0b 40 59 ff fc 6d 00 5a 37 ff de 2a ff d7 00 16 00 24 0a
[17:26:46.710] PACKET[TCP_prs2026hitl_7100] sensors: status=2816, uptime=737369, filtered_accel=[-0.0366, 0.9238, -0.34648], gyro=[-2.87, 1.54, 2.52]
[17:26:46.811] RX[TCP_prs2026hitl_7100]  01 0f 00 00 0b 40 bd ff fc 92 00 5a 4f ff de 7f ff d6 00 16 00 24 0a
[17:26:46.812] PACKET[TCP_prs2026hitl_7100] sensors: status=3840, uptime=737469, filtered_accel=[-0.03512, 0.92476, -0.34308], gyro=[-2.94, 1.54, 2.52]
[17:26:46.863] RX[TCP_prs2026hitl_7100]  01 0f 00 00 0b 41 21 ff fc 85 00 5a 37 ff de c9 ff d4 00 18 00 20 0a
[17:26:46.864] PACKET[TCP_prs2026hitl_7100] sensors: status=3840, uptime=737569, filtered_accel=[-0.03564, 0.9238, -0.34012], gyro=[-3.08, 1.68, 2.24]
[17:26:46.965] RX[TCP_prs2026hitl_7100]  01 0f 00 00 0b 41 85 ff fc 92 00 5a 2a ff de 5b ff d7 00 16 00 24 0a
[17:26:46.966] PACKET[TCP_prs2026hitl_7100] sensors: status=3840, uptime=737669, filtered_accel=[-0.03512, 0.92328, -0.34452], gyro=[-2.87, 1.54, 2.52]
[17:26:47.067] RX[TCP_prs2026hitl_7100]  01 0f 00 00 0b 41 e9 ff fc 92 00 5a 43 ff de 2a ff d7 00 15 00 24 0a
[17:26:47.068] PACKET[TCP_prs2026hitl_7100] sensors: status=3840, uptime=737769, filtered_accel=[-0.03512, 0.92428, -0.34648], gyro=[-2.87, 1.47, 2.52]
[17:26:47.118] RX[TCP_prs2026hitl_7101]  03 00 00 00 00 00 00 00 00 00 0d 17 9d 00 00 00 13 94 0a
[17:26:47.120] PACKET[TCP_prs2026hitl_7101] camera: fc_status=0, fc_uptime=0, status=0, uptime=858013, current_sense=[0.0, 0.0, 0.0], iris_battery_voltage=5.012
[17:26:47.170] RX[TCP_prs2026hitl_7100]  01 0b 00 00 0b 42 4d ff fc 6d 00 59 ed ff de 12 ff d7 00 17 00 23 0a
[17:26:47.171] PACKET[TCP_prs2026hitl_7100] sensors: status=2816, uptime=737869, filtered_accel=[-0.0366, 0.92084, -0.34744], gyro=[-2.87, 1.61, 2.45]
[17:26:47.273] RX[TCP_prs2026hitl_7100]  01 0b 00 00 0b 42 b1 ff fc aa 00 5a 67 ff de 05 ff d4 00 16 00 22 0a
[17:26:47.276] PACKET[TCP_prs2026hitl_7100] sensors: status=2816, uptime=737969, filtered_accel=[-0.03416, 0.92572, -0.34796], gyro=[-3.08, 1.54, 2.38]
[17:26:47.377] RX[TCP_prs2026hitl_7100]  01 0b 00 00 0b 43 15 ff fc 92 00 5a 2a ff dd d5 ff d7 00 15 00 25 0a 02 10 00 00 0b 43 15 00 00 00 00 00 00 00 00 00 00 00 00 00 00 00 00 00 00 00 00 00 00 00 00 00 00 00 00 00 00 00 00 00 00
[17:26:47.379] PACKET[TCP_prs2026hitl_7100] sensors: status=2816, uptime=738069, filtered_accel=[-0.03512, 0.92328, -0.34988], gyro=[-2.87, 1.47, 2.59]
[17:26:47.447] RX[TCP_prs2026hitl_7100]  00 00 00 00 00 00 00 00 00 00 00 00 00 00 00 00 43 52 d7 c8 13 50 0a ff 00 00 00 0b 43 15 0a
[17:26:47.450] PACKET[TCP_prs2026hitl_7100] state: status=4096, uptime=738069, orientation=[0.0, 0.0, 0.0, 0.0], position=[0.0, 0.0, 0.0], velocity=[0.0, 0.0, 0.0], latitude=0.0, longitude=0.0, gps_altitude=0.0, barometric_altitude=210.842896, witness_battery_voltage=4.944
[17:26:47.451] PACKET[TCP_prs2026hitl_7100] heartbeat: status=0, uptime=738069
[17:26:47.552] RX[TCP_prs2026hitl_7100]  01 0f 00 00 0b 43 79 ff fc aa 00 5a 4f ff de 2a ff d7 00 15 00 24 0a
[17:26:47.554] PACKET[TCP_prs2026hitl_7100] sensors: status=3840, uptime=738169, filtered_accel=[-0.03416, 0.92476, -0.34648], gyro=[-2.87, 1.47, 2.52]
[17:26:47.605] RX[TCP_prs2026hitl_7100]  01 0f 00 00 0b 43 dd ff fc aa 00 5a 43 ff de 4f ff d5 00 17 00 21 0a
[17:26:47.607] PACKET[TCP_prs2026hitl_7100] sensors: status=3840, uptime=738269, filtered_accel=[-0.03416, 0.92428, -0.345], gyro=[-3.01, 1.61, 2.31]
[17:26:47.707] RX[TCP_prs2026hitl_7100]  01 0f 00 00 0b 44 41 ff fc aa 00 5a 4f ff de b0 ff d5 00 14 00 24 0a
[17:26:47.709] PACKET[TCP_prs2026hitl_7100] sensors: status=3840, uptime=738369, filtered_accel=[-0.03416, 0.92476, -0.34112], gyro=[-3.01, 1.4, 2.52]
[17:26:47.810] RX[TCP_prs2026hitl_7100]  01 0f 00 00 0b 44 a5 ff fc 9e 00 5a 2a ff de 2a ff d7 00 15 00 24 0a
[17:26:47.812] PACKET[TCP_prs2026hitl_7100] sensors: status=3840, uptime=738469, filtered_accel=[-0.03464, 0.92328, -0.34648], gyro=[-2.87, 1.47, 2.52]
[17:26:47.863] RX[TCP_prs2026hitl_7100]  01 0b 00 00 0b 45 09 ff fc 92 00 5a 43 ff de 05 ff d5 00 17 00 24 0a
[17:26:47.864] PACKET[TCP_prs2026hitl_7100] sensors: status=2816, uptime=738569, filtered_accel=[-0.03512, 0.92428, -0.34796], gyro=[-3.01, 1.61, 2.52]
[17:26:47.964] RX[TCP_prs2026hitl_7100]  01 0b 00 00 0b 45 6d ff fc 9e 00 5a 2a ff de 12 ff d6 00 15 00 24 0a
[17:26:47.965] PACKET[TCP_prs2026hitl_7100] sensors: status=2816, uptime=738669, filtered_accel=[-0.03464, 0.92328, -0.34744], gyro=[-2.94, 1.47, 2.52]
[17:26:48.066] RX[TCP_prs2026hitl_7100]  01 0b 00 00 0b 45 d1 ff fc 61 00 5a 12 ff dd 98 ff d6 00 14 00 24 0a
[17:26:48.067] PACKET[TCP_prs2026hitl_7100] sensors: status=2816, uptime=738769, filtered_accel=[-0.03708, 0.92232, -0.35232], gyro=[-2.94, 1.4, 2.52]
[17:26:48.118] RX[TCP_prs2026hitl_7101]  03 00 00 00 00 00 00 00 00 00 0d 1b 85 00 00 00 13 90 0a
[17:26:48.120] PACKET[TCP_prs2026hitl_7101] camera: fc_status=0, fc_uptime=0, status=0, uptime=859013, current_sense=[0.0, 0.0, 0.0], iris_battery_voltage=5.008
[17:26:48.170] RX[TCP_prs2026hitl_7100]  01 0f 00 00 0b 46 35 ff fc cf 00 5a 8c ff dd e1 ff d6 00 15 00 25 0a
[17:26:48.171] PACKET[TCP_prs2026hitl_7100] sensors: status=3840, uptime=738869, filtered_accel=[-0.03268, 0.9272, -0.3494], gyro=[-2.94, 1.47, 2.59]
[17:26:48.272] RX[TCP_prs2026hitl_7100]  01 0f 00 00 0b 46 99 ff fc 9e 00 5a 8c ff dd ed ff d4 00 17 00 22 0a
[17:26:48.273] PACKET[TCP_prs2026hitl_7100] sensors: status=3840, uptime=738969, filtered_accel=[-0.03464, 0.9272, -0.34892], gyro=[-3.08, 1.61, 2.38]
[17:26:48.374] RX[TCP_prs2026hitl_7100]  01 0f 00 00 0b 46 fd ff fc b6 00 5a 2a ff dd f9 ff d7 00 16 00 24 0a 02 10 00 00 0b 46 fd 00 00 00 00 00 00 00 00 00 00 00 00 00 00 00 00 00 00 00 00 00 00 00 00 00 00 00 00 00 00 00 00 00 00
[17:26:48.375] PACKET[TCP_prs2026hitl_7100] sensors: status=3840, uptime=739069, filtered_accel=[-0.03368, 0.92328, -0.34844], gyro=[-2.87, 1.54, 2.52]
[17:26:48.476] RX[TCP_prs2026hitl_7100]  00 00 00 00 00 00 00 00 00 00 00 00 00 00 00 00 43 52 c1 75 13 50 0a ff 01 00 00 0b 46 fd 0a
[17:26:48.477] PACKET[TCP_prs2026hitl_7100] state: status=4096, uptime=739069, orientation=[0.0, 0.0, 0.0, 0.0], position=[0.0, 0.0, 0.0], velocity=[0.0, 0.0, 0.0], latitude=0.0, longitude=0.0, gps_altitude=0.0, barometric_altitude=210.755692, witness_battery_voltage=4.944
[17:26:48.477] PACKET[TCP_prs2026hitl_7100] heartbeat: status=256, uptime=739069
[17:26:48.528] RX[TCP_prs2026hitl_7100]  01 0f 00 00 0b 47 61 ff fc 85 00 5a 1e ff de 1e ff d7 00 15 00 24 0a
[17:26:48.529] PACKET[TCP_prs2026hitl_7100] sensors: status=3840, uptime=739169, filtered_accel=[-0.03564, 0.9228, -0.34696], gyro=[-2.87, 1.47, 2.52]
[17:26:48.631] RX[TCP_prs2026hitl_7100]  01 0b 00 00 0b 47 c5 ff fc 92 00 5a 43 ff dd d5 ff d6 00 16 00 24 0a
[17:26:48.635] PACKET[TCP_prs2026hitl_7100] sensors: status=2816, uptime=739269, filtered_accel=[-0.03512, 0.92428, -0.34988], gyro=[-2.94, 1.54, 2.52]
[17:26:48.685] RX[TCP_prs2026hitl_7100]  01 0b 00 00 0b 48 29 ff fc aa 00 5a 43 ff de 1e ff d6 00 16 00 23 0a
[17:26:48.687] PACKET[TCP_prs2026hitl_7100] sensors: status=2816, uptime=739369, filtered_accel=[-0.03416, 0.92428, -0.34696], gyro=[-2.94, 1.54, 2.45]
[17:26:48.789] RX[TCP_prs2026hitl_7100]  01 0b 00 00 0b 48 8d ff fc 6d 00 5a 2a ff de 98 ff d5 00 16 00 24 0a
[17:26:48.790] PACKET[TCP_prs2026hitl_7100] sensors: status=2816, uptime=739469, filtered_accel=[-0.0366, 0.92328, -0.34208], gyro=[-3.01, 1.54, 2.52]
[17:26:48.891] RX[TCP_prs2026hitl_7100]  01 0f 00 00 0b 48 f1 ff fc ff 00 5a 1e ff de c9 ff d2 00 13 00 26 0a
[17:26:48.892] PACKET[TCP_prs2026hitl_7100] sensors: status=3840, uptime=739569, filtered_accel=[-0.03076, 0.9228, -0.34012], gyro=[-3.22, 1.33, 2.66]
[17:26:48.993] RX[TCP_prs2026hitl_7100]  01 0f 00 00 0b 49 55 ff fc 9e 00 5a 37 ff dd ed ff d6 00 17 00 22 0a
[17:26:48.994] PACKET[TCP_prs2026hitl_7100] sensors: status=3840, uptime=739669, filtered_accel=[-0.03464, 0.9238, -0.34892], gyro=[-2.94, 1.61, 2.38]
[17:26:49.095] RX[TCP_prs2026hitl_7100]  01 0f 00 00 0b 49 b9 ff fc 92 00 5a 37 ff de 05 ff d6 00 16 00 24 0a
[17:26:49.095] PACKET[TCP_prs2026hitl_7100] sensors: status=3840, uptime=739769, filtered_accel=[-0.03512, 0.9238, -0.34796], gyro=[-2.94, 1.54, 2.52]
[17:26:49.146] RX[TCP_prs2026hitl_7101]  03 00 00 00 00 00 00 00 00 00 0d 1f 6d 00 00 00 13 94 0a
[17:26:49.147] PACKET[TCP_prs2026hitl_7101] camera: fc_status=0, fc_uptime=0, status=0, uptime=860013, current_sense=[0.0, 0.0, 0.0], iris_battery_voltage=5.012
[17:26:49.198] RX[TCP_prs2026hitl_7100]  01 0f 00 00 0b 4a 1d ff fc 85 00 5a 37 ff de 1e ff d6 00 14 00 25 0a
[17:26:49.199] PACKET[TCP_prs2026hitl_7100] sensors: status=3840, uptime=739869, filtered_accel=[-0.03564, 0.9238, -0.34696], gyro=[-2.94, 1.4, 2.59]
[17:26:49.300] RX[TCP_prs2026hitl_7100]  01 0b 00 00 0b 4a 81 ff fc 9e 00 5a 43 ff de 36 ff d6 00 16 00 24 0a
[17:26:49.301] PACKET[TCP_prs2026hitl_7100] sensors: status=2816, uptime=739969, filtered_accel=[-0.03464, 0.92428, -0.346], gyro=[-2.94, 1.54, 2.52]
[17:26:49.401] RX[TCP_prs2026hitl_7100]  01 0b 00 00 0b 4a e5 ff fc 85 00 5a 2a ff de 12 ff d6 00 17 00 23 0a 02 10 00 00 0b 4a e5 00 00 00 00 00 00 00 00 00 00 00 00 00 00 00 00 00 00 00 00 00 00 00 00 00 00 00 00 00 00 00 00 00 00
[17:26:49.403] PACKET[TCP_prs2026hitl_7100] sensors: status=2816, uptime=740069, filtered_accel=[-0.03564, 0.92328, -0.34744], gyro=[-2.94, 1.61, 2.45]
[17:26:49.454] RX[TCP_prs2026hitl_7100]  00 00 00 00 00 00 00 00 00 00 00 00 00 00 00 00 43 52 ed 6d 13 50 0a ff 00 00 00 0b 4a e5 0a
[17:26:49.456] PACKET[TCP_prs2026hitl_7100] state: status=4096, uptime=740069, orientation=[0.0, 0.0, 0.0, 0.0], position=[0.0, 0.0, 0.0], velocity=[0.0, 0.0, 0.0], latitude=0.0, longitude=0.0, gps_altitude=0.0, barometric_altitude=210.927444, witness_battery_voltage=4.944
[17:26:49.456] PACKET[TCP_prs2026hitl_7100] heartbeat: status=0, uptime=740069
[17:26:49.559] RX[TCP_prs2026hitl_7100]  01 0b 00 00 0b 4b 49 ff fc aa 00 5a 43 ff de 05 ff d5 00 15 00 25 0a
[17:26:49.561] PACKET[TCP_prs2026hitl_7100] sensors: status=2816, uptime=740169, filtered_accel=[-0.03416, 0.92428, -0.34796], gyro=[-3.01, 1.47, 2.59]
[17:26:49.612] RX[TCP_prs2026hitl_7100]  01 0f 00 00 0b 4b ad ff fc 92 00 5a 43 ff de 2a ff d6 00 15 00 25 0a
[17:26:49.613] PACKET[TCP_prs2026hitl_7100] sensors: status=3840, uptime=740269, filtered_accel=[-0.03512, 0.92428, -0.34648], gyro=[-2.94, 1.47, 2.59]
[17:26:49.714] RX[TCP_prs2026hitl_7100]  01 0f 00 00 0b 4c 11 ff fc 9e 00 5a 37 ff de 1e ff d6 00 18 00 22 0a
[17:26:49.714] PACKET[TCP_prs2026hitl_7100] sensors: status=3840, uptime=740369, filtered_accel=[-0.03464, 0.9238, -0.34696], gyro=[-2.94, 1.68, 2.38]
[17:26:49.816] RX[TCP_prs2026hitl_7100]  01 0f 00 00 0b 4c 75 ff fc 61 00 59 ed ff de 1e ff d7 00 16 00 24 0a
[17:26:49.817] PACKET[TCP_prs2026hitl_7100] sensors: status=3840, uptime=740469, filtered_accel=[-0.03708, 0.92084, -0.34696], gyro=[-2.87, 1.54, 2.52]
[17:26:49.918] RX[TCP_prs2026hitl_7100]  01 0f 00 00 0b 4c d9 ff fc 85 00 5a 4f ff dd f9 ff d6 00 15 00 24 0a
[17:26:49.919] PACKET[TCP_prs2026hitl_7100] sensors: status=3840, uptime=740569, filtered_accel=[-0.03564, 0.92476, -0.34844], gyro=[-2.94, 1.47, 2.52]
[17:26:49.970] RX[TCP_prs2026hitl_7100]  01 0b 00 00 0b 4d 3d ff fc 85 00 5a 4f ff de 05 ff d5 00 16 00 23 0a
[17:26:49.971] PACKET[TCP_prs2026hitl_7100] sensors: status=2816, uptime=740669, filtered_accel=[-0.03564, 0.92476, -0.34796], gyro=[-3.01, 1.54, 2.45]
[17:26:50.072] RX[TCP_prs2026hitl_7100]  01 0b 00 00 0b 4d a1 ff fc 9e 00 5a 4f ff dd ed ff d6 00 17 00 22 0a
[17:26:50.073] PACKET[TCP_prs2026hitl_7100] sensors: status=2816, uptime=740769, filtered_accel=[-0.03464, 0.92476, -0.34892], gyro=[-2.94, 1.61, 2.38]
[17:26:50.123] RX[TCP_prs2026hitl_7101]  03 00 00 00 00 00 00 00 00 00 0d 23 55 00 00 00 13 94 0a
[17:26:50.124] PACKET[TCP_prs2026hitl_7101] camera: fc_status=0, fc_uptime=0, status=0, uptime=861013, current_sense=[0.0, 0.0, 0.0], iris_battery_voltage=5.012
[17:26:50.275] RX[TCP_prs2026hitl_7100]  01 0b 00 00 0b 4e 05 ff fc 9e 00 5a 4f ff de 1e ff d6 00 15 00 25 0a
[17:26:50.277] PACKET[TCP_prs2026hitl_7100] sensors: status=2816, uptime=740869, filtered_accel=[-0.03464, 0.92476, -0.34696], gyro=[-2.94, 1.47, 2.59]
[17:26:50.378] RX[TCP_prs2026hitl_7100]  01 0f 00 00 0b 4e 69 ff fc 9e 00 5a 5b ff dd f9 ff d6 00 16 00 24 0a
[17:26:50.382] PACKET[TCP_prs2026hitl_7100] sensors: status=3840, uptime=740969, filtered_accel=[-0.03464, 0.92524, -0.34844], gyro=[-2.94, 1.54, 2.52]
[17:26:50.433] RX[TCP_prs2026hitl_7100]  01 0f 00 00 0b 4e cd ff fc 85 00 5a 43 ff de 1e ff d5 00 18 00 22 0a 02 10 00 00 0b 4e cd 00 00 00 00 00 00 00 00 00 00 00 00 00 00 00 00 00 00 00 00 00 00 00 00 00 00 00 00 00 00 00 00 00 00 00 00 00 00 00 00 00 00 00 00 00 00 00 00 00 00 43 52 ed 6d 13 50 0a ff 01 00 00 0b 4e cd 0a
[17:26:50.435] PACKET[TCP_prs2026hitl_7100] sensors: status=3840, uptime=741069, filtered_accel=[-0.03564, 0.92428, -0.34696], gyro=[-3.01, 1.68, 2.38]
[17:26:50.435] PACKET[TCP_prs2026hitl_7100] state: status=4096, uptime=741069, orientation=[0.0, 0.0, 0.0, 0.0], position=[0.0, 0.0, 0.0], velocity=[0.0, 0.0, 0.0], latitude=0.0, longitude=0.0, gps_altitude=0.0, barometric_altitude=210.927444, witness_battery_voltage=4.944
[17:26:50.436] PACKET[TCP_prs2026hitl_7100] heartbeat: status=256, uptime=741069
[17:26:50.538] RX[TCP_prs2026hitl_7100]  01 0f 00 00 0b 4f 31 ff fb f3 00 59 43 ff de ed ff da 00 18 00 24 0a
[17:26:50.541] PACKET[TCP_prs2026hitl_7100] sensors: status=3840, uptime=741169, filtered_accel=[-0.04148, 0.91404, -0.33868], gyro=[-2.66, 1.68, 2.52]
[17:26:50.592] RX[TCP_prs2026hitl_7100]  01 0f 00 00 0b 4f 95 ff fc 92 00 5a 5b ff dd d5 ff d5 00 14 00 25 0a
[17:26:50.594] PACKET[TCP_prs2026hitl_7100] sensors: status=3840, uptime=741269, filtered_accel=[-0.03512, 0.92524, -0.34988], gyro=[-3.01, 1.4, 2.59]
[17:26:50.696] RX[TCP_prs2026hitl_7100]  01 0b 00 00 0b 4f f9 ff fc 92 00 5a 37 ff de 12 ff d5 00 17 00 22 0a
[17:26:50.700] PACKET[TCP_prs2026hitl_7100] sensors: status=2816, uptime=741369, filtered_accel=[-0.03512, 0.9238, -0.34744], gyro=[-3.01, 1.61, 2.38]
[17:26:50.801] RX[TCP_prs2026hitl_7100]  01 0b 00 00 0b 50 5d ff fc 85 00 5a 43 ff dd f9 ff d7 00 16 00 23 0a
[17:26:50.803] PACKET[TCP_prs2026hitl_7100] sensors: status=2816, uptime=741469, filtered_accel=[-0.03564, 0.92428, -0.34844], gyro=[-2.87, 1.54, 2.45]
[17:26:50.903] RX[TCP_prs2026hitl_7100]  01 0b 00 00 0b 50 c1 ff fc 85 00 5a 37 ff dd f9 ff d5 00 14 00 25 0a
[17:26:50.906] PACKET[TCP_prs2026hitl_7100] sensors: status=2816, uptime=741569, filtered_accel=[-0.03564, 0.9238, -0.34844], gyro=[-3.01, 1.4, 2.59]
[17:26:51.006] RX[TCP_prs2026hitl_7100]  01 0f 00 00 0b 51 25 ff fc 92 00 5a 37 ff de 1e ff d7 00 15 00 25 0a
[17:26:51.009] PACKET[TCP_prs2026hitl_7100] sensors: status=3840, uptime=741669, filtered_accel=[-0.03512, 0.9238, -0.34696], gyro=[-2.87, 1.47, 2.59]
[17:26:51.110] RX[TCP_prs2026hitl_7100]  01 0f 00 00 0b 51 89 ff fc 92 00 5a 37 ff de 05 ff d6 00 17 00 23 0a
[17:26:51.112] PACKET[TCP_prs2026hitl_7100] sensors: status=3840, uptime=741769, filtered_accel=[-0.03512, 0.9238, -0.34796], gyro=[-2.94, 1.61, 2.45]
[17:26:51.112] RX[TCP_prs2026hitl_7101]  03 00 00 00 00 00 00 00 00 00 0d 27 3d 00 00 00 13 90 0a
[17:26:51.114] PACKET[TCP_prs2026hitl_7101] camera: fc_status=0, fc_uptime=0, status=0, uptime=862013, current_sense=[0.0, 0.0, 0.0], iris_battery_voltage=5.008
[17:26:51.164] RX[TCP_prs2026hitl_7100]  01 0f 00 00 0b 51 ed ff fc 92 00 5a 4f ff de 12 ff d6 00 15 00 25 0a
[17:26:51.166] PACKET[TCP_prs2026hitl_7100] sensors: status=3840, uptime=741869, filtered_accel=[-0.03512, 0.92476, -0.34744], gyro=[-2.94, 1.47, 2.59]
[17:26:51.267] RX[TCP_prs2026hitl_7100]  01 0f 00 00 0b 52 51 ff fc 92 00 5a 4f ff de 1e ff d6 00 15 00 25 0a
[17:26:51.269] PACKET[TCP_prs2026hitl_7100] sensors: status=3840, uptime=741969, filtered_accel=[-0.03512, 0.92476, -0.34696], gyro=[-2.94, 1.47, 2.59]
[17:26:51.370] RX[TCP_prs2026hitl_7100]  01 0b 00 00 0b 52 b5 ff fc 79 00 5a 2a ff de 36 ff d6 00 17 00 22 0a 02 10 00 00 0b 52 b5 00 00 00 00 00 00 00 00 00 00 00 00 00 00 00 00 00 00 00 00 00 00 00 00 00 00 00 00 00 00 00 00 00 00
[17:26:51.372] PACKET[TCP_prs2026hitl_7100] sensors: status=2816, uptime=742069, filtered_accel=[-0.03612, 0.92328, -0.346], gyro=[-2.94, 1.61, 2.38]
[17:26:51.472] RX[TCP_prs2026hitl_7100]  00 00 00 00 00 00 00 00 00 00 00 00 00 00 00 00 43 52 ed 6d 13 48 0a ff 00 00 00 0b 52 b5 0a
[17:26:51.475] PACKET[TCP_prs2026hitl_7100] state: status=4096, uptime=742069, orientation=[0.0, 0.0, 0.0, 0.0], position=[0.0, 0.0, 0.0], velocity=[0.0, 0.0, 0.0], latitude=0.0, longitude=0.0, gps_altitude=0.0, barometric_altitude=210.927444, witness_battery_voltage=4.936
[17:26:51.476] PACKET[TCP_prs2026hitl_7100] heartbeat: status=0, uptime=742069
[17:26:51.527] RX[TCP_prs2026hitl_7100]  01 0b 00 00 0b 53 19 ff fc 92 00 5a 4f ff de 1e ff d5 00 17 00 23 0a
[17:26:51.529] PACKET[TCP_prs2026hitl_7100] sensors: status=2816, uptime=742169, filtered_accel=[-0.03512, 0.92476, -0.34696], gyro=[-3.01, 1.61, 2.45]
[17:26:51.630] RX[TCP_prs2026hitl_7100]  01 0b 00 00 0b 53 7d ff fc 9e 00 5a 4f ff de 36 ff d6 00 16 00 25 0a
[17:26:51.633] PACKET[TCP_prs2026hitl_7100] sensors: status=2816, uptime=742269, filtered_accel=[-0.03464, 0.92476, -0.346], gyro=[-2.94, 1.54, 2.59]
[17:26:51.684] RX[TCP_prs2026hitl_7100]  01 0f 00 00 0b 53 e1 ff fc 92 00 5a 43 ff de 05 ff d6 00 15 00 24 0a
[17:26:51.686] PACKET[TCP_prs2026hitl_7100] sensors: status=3840, uptime=742369, filtered_accel=[-0.03512, 0.92428, -0.34796], gyro=[-2.94, 1.47, 2.52]
[17:26:51.787] RX[TCP_prs2026hitl_7100]  01 0f 00 00 0b 54 45 ff fc 92 00 5a 37 ff de 12 ff d5 00 18 00 21 0a
[17:26:51.790] PACKET[TCP_prs2026hitl_7100] sensors: status=3840, uptime=742469, filtered_accel=[-0.03512, 0.9238, -0.34744], gyro=[-3.01, 1.68, 2.31]
[17:26:51.891] RX[TCP_prs2026hitl_7100]  01 0f 00 00 0b 54 a9 ff fc 92 00 5a 37 ff de 05 ff d6 00 16 00 24 0a
[17:26:51.893] PACKET[TCP_prs2026hitl_7100] sensors: status=3840, uptime=742569, filtered_accel=[-0.03512, 0.9238, -0.34796], gyro=[-2.94, 1.54, 2.52]
[17:26:51.993] RX[TCP_prs2026hitl_7100]  01 0f 00 00 0b 55 0d ff fc 9e 00 5a 43 ff de 2a ff d6 00 15 00 25 0a
[17:26:51.996] PACKET[TCP_prs2026hitl_7100] sensors: status=3840, uptime=742669, filtered_accel=[-0.03464, 0.92428, -0.34648], gyro=[-2.94, 1.47, 2.59]
[17:26:52.097] RX[TCP_prs2026hitl_7100]  01 0b 00 00 0b 55 71 ff fc 85 00 5a 4f ff de 12 ff d6 00 17 00 24 0a
[17:26:52.099] PACKET[TCP_prs2026hitl_7100] sensors: status=2816, uptime=742769, filtered_accel=[-0.03564, 0.92476, -0.34744], gyro=[-2.94, 1.61, 2.52]
[17:26:52.099] RX[TCP_prs2026hitl_7101]  03 00 00 00 00 00 00 00 00 00 0d 2b 25 00 00 00 13 90 0a
[17:26:52.100] PACKET[TCP_prs2026hitl_7101] camera: fc_status=0, fc_uptime=0, status=0, uptime=863013, current_sense=[0.0, 0.0, 0.0], iris_battery_voltage=5.008
[17:26:52.201] RX[TCP_prs2026hitl_7100]  01 0b 00 00 0b 55 d5 ff fc 92 00 5a 43 ff de 1e ff d6 00 17 00 21 0a
[17:26:52.203] PACKET[TCP_prs2026hitl_7100] sensors: status=2816, uptime=742869, filtered_accel=[-0.03512, 0.92428, -0.34696], gyro=[-2.94, 1.61, 2.31]
[17:26:52.304] RX[TCP_prs2026hitl_7100]  01 0b 00 00 0b 56 39 ff fc 92 00 5a 43 ff de 12 ff d7 00 15 00 25 0a
[17:26:52.306] PACKET[TCP_prs2026hitl_7100] sensors: status=2816, uptime=742969, filtered_accel=[-0.03512, 0.92428, -0.34744], gyro=[-2.87, 1.47, 2.59]
[17:26:52.407] RX[TCP_prs2026hitl_7100]  01 0f 00 00 0b 56 9d ff fc 92 00 5a 43 ff de 1e ff d6 00 16 00 24 0a 02 10 00 00 0b 56 9d 00 00 00 00 00 00 00 00 00 00 00 00 00 00 00 00 00 00 00 00 00 00 00 00 00 00 00 00 00 00 00 00 00 00
[17:26:52.409] PACKET[TCP_prs2026hitl_7100] sensors: status=3840, uptime=743069, filtered_accel=[-0.03512, 0.92428, -0.34696], gyro=[-2.94, 1.54, 2.52]
[17:26:52.459] RX[TCP_prs2026hitl_7100]  00 00 00 00 00 00 00 00 00 00 00 00 00 00 00 00 43 53 03 12 13 44 0a ff 01 00 00 0b 56 9d 0a
[17:26:52.464] PACKET[TCP_prs2026hitl_7100] state: status=4096, uptime=743069, orientation=[0.0, 0.0, 0.0, 0.0], position=[0.0, 0.0, 0.0], velocity=[0.0, 0.0, 0.0], latitude=0.0, longitude=0.0, gps_altitude=0.0, barometric_altitude=211.011993, witness_battery_voltage=4.932
[17:26:52.466] PACKET[TCP_prs2026hitl_7100] heartbeat: status=256, uptime=743069
[17:26:52.567] RX[TCP_prs2026hitl_7100]  01 0f 00 00 0b 57 01 ff fc 9e 00 5a 4f ff de 2a ff d6 00 18 00 23 0a
[17:26:52.570] PACKET[TCP_prs2026hitl_7100] sensors: status=3840, uptime=743169, filtered_accel=[-0.03464, 0.92476, -0.34648], gyro=[-2.94, 1.68, 2.45]
[17:26:52.620] RX[TCP_prs2026hitl_7100]  01 0f 00 00 0b 57 65 ff fc 9e 00 5a 43 ff de 12 ff d7 00 15 00 24 0a
[17:26:52.623] PACKET[TCP_prs2026hitl_7100] sensors: status=3840, uptime=743269, filtered_accel=[-0.03464, 0.92428, -0.34744], gyro=[-2.87, 1.47, 2.52]
[17:26:52.724] RX[TCP_prs2026hitl_7100]  01 0f 00 00 0b 57 c9 ff fc aa 00 5a 43 ff de 36 ff d6 00 16 00 24 0a
[17:26:52.726] PACKET[TCP_prs2026hitl_7100] sensors: status=3840, uptime=743369, filtered_accel=[-0.03416, 0.92428, -0.346], gyro=[-2.94, 1.54, 2.52]
[17:26:52.827] RX[TCP_prs2026hitl_7100]  01 0b 00 00 0b 58 2d ff fc 92 00 5a 43 ff de 12 ff d7 00 17 00 23 0a
[17:26:52.829] PACKET[TCP_prs2026hitl_7100] sensors: status=2816, uptime=743469, filtered_accel=[-0.03512, 0.92428, -0.34744], gyro=[-2.87, 1.61, 2.45]
[17:26:52.931] RX[TCP_prs2026hitl_7100]  01 0b 00 00 0b 58 91 ff fc 9e 00 5a 2a ff de 2a ff d6 00 16 00 23 0a
[17:26:52.935] PACKET[TCP_prs2026hitl_7100] sensors: status=2816, uptime=743569, filtered_accel=[-0.03464, 0.92328, -0.34648], gyro=[-2.94, 1.54, 2.45]
[17:26:53.036] RX[TCP_prs2026hitl_7100]  01 0b 00 00 0b 58 f5 ff fc 92 00 5a 4f ff de 1e ff d6 00 15 00 25 0a
[17:26:53.039] PACKET[TCP_prs2026hitl_7100] sensors: status=2816, uptime=743669, filtered_accel=[-0.03512, 0.92476, -0.34696], gyro=[-2.94, 1.47, 2.59]
[17:26:53.139] RX[TCP_prs2026hitl_7100]  01 0f 00 00 0b 59 59 ff fc 92 00 5a 37 ff dd e1 ff d7 00 15 00 25 0a
[17:26:53.142] PACKET[TCP_prs2026hitl_7100] sensors: status=3840, uptime=743769, filtered_accel=[-0.03512, 0.9238, -0.3494], gyro=[-2.87, 1.47, 2.59]
[17:26:53.143] RX[TCP_prs2026hitl_7101]  03 00 00 00 00 00 00 00 00 00 0d 2f 0d 00 00 00 13 90 0a
[17:26:53.145] PACKET[TCP_prs2026hitl_7101] camera: fc_status=0, fc_uptime=0, status=0, uptime=864013, current_sense=[0.0, 0.0, 0.0], iris_battery_voltage=5.008
[17:26:53.246] RX[TCP_prs2026hitl_7100]  01 0f 00 00 0b 59 bd ff fc 92 00 5a 43 ff de 12 ff d5 00 18 00 22 0a
[17:26:53.248] PACKET[TCP_prs2026hitl_7100] sensors: status=3840, uptime=743869, filtered_accel=[-0.03512, 0.92428, -0.34744], gyro=[-3.01, 1.68, 2.38]
[17:26:53.298] RX[TCP_prs2026hitl_7100]  01 0f 00 00 0b 5a 21 ff fc 9e 00 5a 43 ff de 2a ff d6 00 15 00 25 0a
[17:26:53.300] PACKET[TCP_prs2026hitl_7100] sensors: status=3840, uptime=743969, filtered_accel=[-0.03464, 0.92428, -0.34648], gyro=[-2.94, 1.47, 2.59]
[17:26:53.401] RX[TCP_prs2026hitl_7100]  01 0f 00 00 0b 5a 85 ff fc 85 00 5a 43 ff de 2a ff d7 00 15 00 25 0a 02 10 00 00 0b 5a 85 00 00 00 00 00 00 00 00 00 00 00 00 00 00 00 00 00 00 00 00 00 00 00 00 00 00 00 00 00 00 00 00 00 00 00 00 00 00 00 00 00 00 00 00 00 00 00 00 00 00 43 52 d7 c8 13 50 0a ff 00 00 00 0b 5a 85 0a
[17:26:53.406] PACKET[TCP_prs2026hitl_7100] sensors: status=3840, uptime=744069, filtered_accel=[-0.03564, 0.92428, -0.34648], gyro=[-2.87, 1.47, 2.59]
[17:26:53.410] PACKET[TCP_prs2026hitl_7100] state: status=4096, uptime=744069, orientation=[0.0, 0.0, 0.0, 0.0], position=[0.0, 0.0, 0.0], velocity=[0.0, 0.0, 0.0], latitude=0.0, longitude=0.0, gps_altitude=0.0, barometric_altitude=210.842896, witness_battery_voltage=4.944
[17:26:53.414] PACKET[TCP_prs2026hitl_7100] heartbeat: status=0, uptime=744069
[17:26:53.466] RX[TCP_prs2026hitl_7100]  01 0b 00 00 0b 5a e9 ff fc 85 00 5a 4f ff de 12 ff d5 00 18 00 22 0a
[17:26:53.468] PACKET[TCP_prs2026hitl_7100] sensors: status=2816, uptime=744169, filtered_accel=[-0.03564, 0.92476, -0.34744], gyro=[-3.01, 1.68, 2.38]
[17:26:53.569] RX[TCP_prs2026hitl_7100]  01 0b 00 00 0b 5b 4d ff fc 9e 00 5a 4f ff de 1e ff d7 00 16 00 24 0a
[17:26:53.571] PACKET[TCP_prs2026hitl_7100] sensors: status=2816, uptime=744269, filtered_accel=[-0.03464, 0.92476, -0.34696], gyro=[-2.87, 1.54, 2.52]
[17:26:53.673] RX[TCP_prs2026hitl_7100]  01 0b 00 00 0b 5b b1 ff fc 92 00 5b 5b ff de 12 ff ce 00 11 00 23 0a
[17:26:53.675] PACKET[TCP_prs2026hitl_7100] sensors: status=2816, uptime=744369, filtered_accel=[-0.03512, 0.93548, -0.34744], gyro=[-3.5, 1.19, 2.45]
[17:26:53.778] RX[TCP_prs2026hitl_7100]  01 0f 00 00 0b 5c 15 ff fc 9e 00 5a 37 ff dd ed ff db 00 16 00 26 0a
[17:26:53.781] PACKET[TCP_prs2026hitl_7100] sensors: status=3840, uptime=744469, filtered_accel=[-0.03464, 0.9238, -0.34892], gyro=[-2.59, 1.54, 2.66]
[17:26:53.882] RX[TCP_prs2026hitl_7100]  01 0f 00 00 0b 5c 79 ff fc 9e 00 5a 37 ff dd ed ff d6 00 17 00 23 0a
[17:26:53.885] PACKET[TCP_prs2026hitl_7100] sensors: status=3840, uptime=744569, filtered_accel=[-0.03464, 0.9238, -0.34892], gyro=[-2.94, 1.61, 2.45]
[17:26:53.985] RX[TCP_prs2026hitl_7100]  01 0f 00 00 0b 5c dd ff fc 9e 00 5a 43 ff de 42 ff d6 00 15 00 25 0a
[17:26:53.987] PACKET[TCP_prs2026hitl_7100] sensors: status=3840, uptime=744669, filtered_accel=[-0.03464, 0.92428, -0.34552], gyro=[-2.94, 1.47, 2.59]
[17:26:54.088] RX[TCP_prs2026hitl_7100]  01 0f 00 00 0b 5d 41 ff fc 92 00 5a 2a ff de 12 ff d7 00 15 00 24 0a
[17:26:54.091] PACKET[TCP_prs2026hitl_7100] sensors: status=3840, uptime=744769, filtered_accel=[-0.03512, 0.92328, -0.34744], gyro=[-2.87, 1.47, 2.52]
[17:26:54.183] RX[TCP_prs2026hitl_7101]  03 00 00 00 00 00 00 00 00 00 0d 32 f5 00 00 00 13 90 0a
[17:26:54.187] PACKET[TCP_prs2026hitl_7101] camera: fc_status=0, fc_uptime=0, status=0, uptime=865013, current_sense=[0.0, 0.0, 0.0], iris_battery_voltage=5.008
[17:26:54.195] RX[TCP_prs2026hitl_7100]  01 0b 00 00 0b 5d a5 ff fc 9e 00 5a 43 ff de 2a ff d5 00 18 00 23 0a
[17:26:54.202] PACKET[TCP_prs2026hitl_7100] sensors: status=2816, uptime=744869, filtered_accel=[-0.03464, 0.92428, -0.34648], gyro=[-3.01, 1.68, 2.45]
[17:26:54.302] RX[TCP_prs2026hitl_7100]  01 0b 00 00 0b 5e 09 ff fc b6 00 5a 2a ff dd e1 ff d6 00 16 00 23 0a
[17:26:54.305] PACKET[TCP_prs2026hitl_7100] sensors: status=2816, uptime=744969, filtered_accel=[-0.03368, 0.92328, -0.3494], gyro=[-2.94, 1.54, 2.45]
[17:26:54.406] RX[TCP_prs2026hitl_7100]  01 0b 00 00 0b 5e 6d ff fc 85 00 5a 43 ff de 2a ff d6 00 15 00 25 0a 02 10 00 00 0b 5e 6d 00 00 00 00 00 00 00 00 00 00 00 00 00 00 00 00 00 00 00 00 00 00 00 00 00 00 00 00 00 00 00 00 00 00
[17:26:54.408] PACKET[TCP_prs2026hitl_7100] sensors: status=2816, uptime=745069, filtered_accel=[-0.03564, 0.92428, -0.34648], gyro=[-2.94, 1.47, 2.59]
[17:26:54.458] RX[TCP_prs2026hitl_7100]  00 00 00 00 00 00 00 00 00 00 00 00 00 00 00 00 43 52 ab d0 13 48 0a ff 01 00 00 0b 5e 6d 0a
[17:26:54.461] PACKET[TCP_prs2026hitl_7100] state: status=4096, uptime=745069, orientation=[0.0, 0.0, 0.0, 0.0], position=[0.0, 0.0, 0.0], velocity=[0.0, 0.0, 0.0], latitude=0.0, longitude=0.0, gps_altitude=0.0, barometric_altitude=210.671143, witness_battery_voltage=4.936
[17:26:54.464] PACKET[TCP_prs2026hitl_7100] heartbeat: status=256, uptime=745069
[17:26:54.566] RX[TCP_prs2026hitl_7100]  01 0f 00 00 0b 5e d1 ff fc 85 00 5a 5b ff de 1e ff d6 00 14 00 26 0a
[17:26:54.568] PACKET[TCP_prs2026hitl_7100] sensors: status=3840, uptime=745169, filtered_accel=[-0.03564, 0.92524, -0.34696], gyro=[-2.94, 1.4, 2.66]
[17:26:54.619] RX[TCP_prs2026hitl_7100]  01 0f 00 00 0b 5f 35 ff fc 92 00 5a 67 ff de 42 ff d4 00 16 00 22 0a
[17:26:54.622] PACKET[TCP_prs2026hitl_7100] sensors: status=3840, uptime=745269, filtered_accel=[-0.03512, 0.92572, -0.34552], gyro=[-3.08, 1.54, 2.38]
[17:26:54.723] RX[TCP_prs2026hitl_7100]  01 0f 00 00 0b 5f 99 ff fc 92 00 5a 37 ff dd d5 ff d8 00 16 00 23 0a
[17:26:54.725] PACKET[TCP_prs2026hitl_7100] sensors: status=3840, uptime=745369, filtered_accel=[-0.03512, 0.9238, -0.34988], gyro=[-2.8, 1.54, 2.45]
[17:26:54.776] RX[TCP_prs2026hitl_7100]  01 0f 00 00 0b 5f fd ff fc 92 00 5a 4f ff de 36 ff d6 00 15 00 25 0a
[17:26:54.779] PACKET[TCP_prs2026hitl_7100] sensors: status=3840, uptime=745469, filtered_accel=[-0.03512, 0.92476, -0.346], gyro=[-2.94, 1.47, 2.59]
[17:26:54.880] RX[TCP_prs2026hitl_7100]  01 0b 00 00 0b 60 61 ff fc 9e 00 5a 43 ff de 2a ff d6 00 17 00 24 0a
[17:26:54.883] PACKET[TCP_prs2026hitl_7100] sensors: status=2816, uptime=745569, filtered_accel=[-0.03464, 0.92428, -0.34648], gyro=[-2.94, 1.61, 2.52]
[17:26:54.984] RX[TCP_prs2026hitl_7100]  01 0b 00 00 0b 60 c5 ff fc 85 00 5a 2a ff de 2a ff d6 00 17 00 24 0a
[17:26:54.987] PACKET[TCP_prs2026hitl_7100] sensors: status=2816, uptime=745669, filtered_accel=[-0.03564, 0.92328, -0.34648], gyro=[-2.94, 1.61, 2.52]
[17:26:55.088] RX[TCP_prs2026hitl_7100]  01 0b 00 00 0b 61 29 ff fc 9e 00 5a 43 ff de 2a ff d6 00 15 00 25 0a
[17:26:55.090] PACKET[TCP_prs2026hitl_7100] sensors: status=2816, uptime=745769, filtered_accel=[-0.03464, 0.92428, -0.34648], gyro=[-2.94, 1.47, 2.59]
[17:26:55.140] RX[TCP_prs2026hitl_7101]  03 00 00 00 00 00 00 00 00 00 0d 36 dd 00 00 00 13 90 0a
[17:26:55.142] PACKET[TCP_prs2026hitl_7101] camera: fc_status=0, fc_uptime=0, status=0, uptime=866013, current_sense=[0.0, 0.0, 0.0], iris_battery_voltage=5.008
[17:26:55.193] RX[TCP_prs2026hitl_7100]  01 0f 00 00 0b 61 8d ff fc 9e 00 5a 2a ff de 12 ff d8 00 15 00 25 0a
[17:26:55.199] PACKET[TCP_prs2026hitl_7100] sensors: status=3840, uptime=745869, filtered_accel=[-0.03464, 0.92328, -0.34744], gyro=[-2.8, 1.47, 2.59]
[17:26:55.299] RX[TCP_prs2026hitl_7100]  01 0f 00 00 0b 61 f1 ff fc 92 00 5a 37 ff dd f9 ff d6 00 17 00 23 0a
[17:26:55.301] PACKET[TCP_prs2026hitl_7100] sensors: status=3840, uptime=745969, filtered_accel=[-0.03512, 0.9238, -0.34844], gyro=[-2.94, 1.61, 2.45]
[17:26:55.402] RX[TCP_prs2026hitl_7100]  01 0f 00 00 0b 62 55 ff fc 85 00 5a 4f ff de 12 ff d7 00 15 00 24 0a 02 10 00 00 0b 62 55 00 00 00 00 00 00 00 00 00 00 00 00 00 00 00 00 00 00 00 00 00 00 00 00 00 00 00 00 00 00 00 00 00 00
[17:26:55.404] PACKET[TCP_prs2026hitl_7100] sensors: status=3840, uptime=746069, filtered_accel=[-0.03564, 0.92476, -0.34744], gyro=[-2.87, 1.47, 2.52]
[17:26:55.455] RX[TCP_prs2026hitl_7100]  00 00 00 00 00 00 00 00 00 00 00 00 00 00 00 00 43 52 c1 75 13 44 0a ff 00 00 00 0b 62 55 0a
[17:26:55.459] PACKET[TCP_prs2026hitl_7100] state: status=4096, uptime=746069, orientation=[0.0, 0.0, 0.0, 0.0], position=[0.0, 0.0, 0.0], velocity=[0.0, 0.0, 0.0], latitude=0.0, longitude=0.0, gps_altitude=0.0, barometric_altitude=210.755692, witness_battery_voltage=4.932
[17:26:55.460] PACKET[TCP_prs2026hitl_7100] heartbeat: status=0, uptime=746069
[17:26:55.562] RX[TCP_prs2026hitl_7100]  01 0f 00 00 0b 62 b9 ff fc 85 00 5a 43 ff de 1e ff d7 00 15 00 25 0a
[17:26:55.564] PACKET[TCP_prs2026hitl_7100] sensors: status=3840, uptime=746169, filtered_accel=[-0.03564, 0.92428, -0.34696], gyro=[-2.87, 1.47, 2.59]
[17:26:55.615] RX[TCP_prs2026hitl_7100]  01 0b 00 00 0b 63 1d ff fc 92 00 5a 37 ff de 2a ff d6 00 17 00 23 0a
[17:26:55.617] PACKET[TCP_prs2026hitl_7100] sensors: status=2816, uptime=746269, filtered_accel=[-0.03512, 0.9238, -0.34648], gyro=[-2.94, 1.61, 2.45]
[17:26:55.718] RX[TCP_prs2026hitl_7100]  01 0b 00 00 0b 63 81 ff fc 92 00 5a 43 ff de 05 ff d6 00 16 00 23 0a
[17:26:55.721] PACKET[TCP_prs2026hitl_7100] sensors: status=2816, uptime=746369, filtered_accel=[-0.03512, 0.92428, -0.34796], gyro=[-2.94, 1.54, 2.45]
[17:26:55.772] RX[TCP_prs2026hitl_7100]  01 0b 00 00 0b 63 e5 ff fc 92 00 5a 43 ff de 12 ff d6 00 15 00 25 0a
[17:26:55.774] PACKET[TCP_prs2026hitl_7100] sensors: status=2816, uptime=746469, filtered_accel=[-0.03512, 0.92428, -0.34744], gyro=[-2.94, 1.47, 2.59]
[17:26:55.876] RX[TCP_prs2026hitl_7100]  01 0f 00 00 0b 64 49 ff fc 9e 00 5a 4f ff de 2a ff d6 00 16 00 23 0a
[17:26:55.878] PACKET[TCP_prs2026hitl_7100] sensors: status=3840, uptime=746569, filtered_accel=[-0.03464, 0.92476, -0.34648], gyro=[-2.94, 1.54, 2.45]
[17:26:55.979] RX[TCP_prs2026hitl_7100]  01 0f 00 00 0b 64 ad ff fc 92 00 5a 5b ff dd f9 ff d6 00 18 00 22 0a
[17:26:55.982] PACKET[TCP_prs2026hitl_7100] sensors: status=3840, uptime=746669, filtered_accel=[-0.03512, 0.92524, -0.34844], gyro=[-2.94, 1.68, 2.38]
[17:26:56.083] RX[TCP_prs2026hitl_7100]  01 0f 00 00 0b 65 11 ff fc 85 00 5a 2a ff de 12 ff d6 00 15 00 24 0a
[17:26:56.085] PACKET[TCP_prs2026hitl_7100] sensors: status=3840, uptime=746769, filtered_accel=[-0.03564, 0.92328, -0.34744], gyro=[-2.94, 1.47, 2.52]
[17:26:56.186] RX[TCP_prs2026hitl_7101]  03 00 00 00 00 00 00 00 00 00 0d 3a c5 00 00 00 13 94 0a
[17:26:56.188] PACKET[TCP_prs2026hitl_7101] camera: fc_status=0, fc_uptime=0, status=0, uptime=867013, current_sense=[0.0, 0.0, 0.0], iris_battery_voltage=5.012
[17:26:56.290] RX[TCP_prs2026hitl_7100]  01 0f 00 00 0b 65 75 ff fc 92 00 5a 4f ff dd f9 ff d7 00 16 00 24 0a
[17:26:56.293] PACKET[TCP_prs2026hitl_7100] sensors: status=3840, uptime=746869, filtered_accel=[-0.03512, 0.92476, -0.34844], gyro=[-2.87, 1.54, 2.52]
[17:26:56.344] RX[TCP_prs2026hitl_7100]  01 0b 00 00 0b 65 d9 ff fc 92 00 5a 43 ff de 12 ff d6 00 17 00 22 0a
[17:26:56.346] PACKET[TCP_prs2026hitl_7100] sensors: status=2816, uptime=746969, filtered_accel=[-0.03512, 0.92428, -0.34744], gyro=[-2.94, 1.61, 2.38]
[17:26:56.451] RX[TCP_prs2026hitl_7100]  01 0b 00 00 0b 66 3d ff fc 85 00 5a 4f ff dd ed ff d6 00 16 00 23 0a 02 10 00 00 0b 66 3d 00 00 00 00 00 00 00 00 00 00 00 00 00 00 00 00 00 00 00 00 00 00 00 00 00 00 00 00 00 00 00 00 00 00 00 00 00 00 00 00 00 00 00 00 00 00 00 00 00 00 43 52 d7 c8 13 50 0a ff 01 00 00 0b 66 3d 0a
[17:26:56.458] PACKET[TCP_prs2026hitl_7100] sensors: status=2816, uptime=747069, filtered_accel=[-0.03564, 0.92476, -0.34892], gyro=[-2.94, 1.54, 2.45]
[17:26:56.464] PACKET[TCP_prs2026hitl_7100] state: status=4096, uptime=747069, orientation=[0.0, 0.0, 0.0, 0.0], position=[0.0, 0.0, 0.0], velocity=[0.0, 0.0, 0.0], latitude=0.0, longitude=0.0, gps_altitude=0.0, barometric_altitude=210.842896, witness_battery_voltage=4.944
[17:26:56.466] PACKET[TCP_prs2026hitl_7100] heartbeat: status=256, uptime=747069
[17:26:56.568] RX[TCP_prs2026hitl_7100]  01 0b 00 00 0b 66 a1 ff fc 92 00 5a 43 ff de 2a ff d6 00 16 00 24 0a
[17:26:56.571] PACKET[TCP_prs2026hitl_7100] sensors: status=2816, uptime=747169, filtered_accel=[-0.03512, 0.92428, -0.34648], gyro=[-2.94, 1.54, 2.52]
[17:26:56.623] RX[TCP_prs2026hitl_7100]  01 0f 00 00 0b 67 05 ff fc 85 00 5a 4f ff de 1e ff d6 00 15 00 24 0a
[17:26:56.625] PACKET[TCP_prs2026hitl_7100] sensors: status=3840, uptime=747269, filtered_accel=[-0.03564, 0.92476, -0.34696], gyro=[-2.94, 1.47, 2.52]
[17:26:56.806] RX[TCP_prs2026hitl_7100]  01 0f 00 00 0b 67 69 ff fc 92 00 5a 37 ff de 2a ff d6 00 18 00 22 0a
[17:26:56.809] PACKET[TCP_prs2026hitl_7100] sensors: status=3840, uptime=747369, filtered_accel=[-0.03512, 0.9238, -0.34648], gyro=[-2.94, 1.68, 2.38]
[17:26:56.810] RX[TCP_prs2026hitl_7100]  01 0f 00 00 0b 67 cd ff fc 85 00 5a 06 ff de 42 ff d7 00 15 00 24 0a
[17:26:56.813] PACKET[TCP_prs2026hitl_7100] sensors: status=3840, uptime=747469, filtered_accel=[-0.03564, 0.92184, -0.34552], gyro=[-2.87, 1.47, 2.52]
[17:26:56.920] RX[TCP_prs2026hitl_7100]  01 0f 00 00 0b 68 31 ff fc 85 00 5a 37 ff de 05 ff d7 00 15 00 24 0a
[17:26:56.923] PACKET[TCP_prs2026hitl_7100] sensors: status=3840, uptime=747569, filtered_accel=[-0.03564, 0.9238, -0.34796], gyro=[-2.87, 1.47, 2.52]
[17:26:56.974] RX[TCP_prs2026hitl_7100]  01 0b 00 00 0b 68 95 ff fc 9e 00 5a 4f ff de 42 ff d5 00 17 00 23 0a
[17:26:56.977] PACKET[TCP_prs2026hitl_7100] sensors: status=2816, uptime=747669, filtered_accel=[-0.03464, 0.92476, -0.34552], gyro=[-3.01, 1.61, 2.45]
[17:26:57.082] RX[TCP_prs2026hitl_7100]  01 0b 00 00 0b 68 f9 ff fc 85 00 5a 37 ff de 42 ff d7 00 16 00 23 0a
[17:26:57.085] PACKET[TCP_prs2026hitl_7100] sensors: status=2816, uptime=747769, filtered_accel=[-0.03564, 0.9238, -0.34552], gyro=[-2.87, 1.54, 2.45]
[17:26:57.135] RX[TCP_prs2026hitl_7101]  03 00 00 00 00 00 00 00 00 00 0d 3e ad 00 00 00 13 90 0a
[17:26:57.138] PACKET[TCP_prs2026hitl_7101] camera: fc_status=0, fc_uptime=0, status=0, uptime=868013, current_sense=[0.0, 0.0, 0.0], iris_battery_voltage=5.008
[17:26:57.188] RX[TCP_prs2026hitl_7100]  01 0b 00 00 0b 69 5d ff fc 92 00 5a 43 ff de 36 ff d5 00 15 00 24 0a
[17:26:57.191] PACKET[TCP_prs2026hitl_7100] sensors: status=2816, uptime=747869, filtered_accel=[-0.03512, 0.92428, -0.346], gyro=[-3.01, 1.47, 2.52]
[17:26:57.291] RX[TCP_prs2026hitl_7100]  01 0f 00 00 0b 69 c1 ff fc 85 00 5a 2a ff dd ed ff d7 00 16 00 25 0a
[17:26:57.294] PACKET[TCP_prs2026hitl_7100] sensors: status=3840, uptime=747969, filtered_accel=[-0.03564, 0.92328, -0.34892], gyro=[-2.87, 1.54, 2.59]
[17:26:57.394] RX[TCP_prs2026hitl_7100]  01 0f 00 00 0b 6a 25 ff fc 9e 00 5a 43 ff de 1e ff d6 00 17 00 22 0a 02 10 00 00 0b 6a 25 00 00 00 00 00 00 00 00 00 00 00 00 00 00 00 00 00 00 00 00 00 00 00 00 00 00 00 00 00 00 00 00 00 00
[17:26:57.399] PACKET[TCP_prs2026hitl_7100] sensors: status=3840, uptime=748069, filtered_accel=[-0.03464, 0.92428, -0.34696], gyro=[-2.94, 1.61, 2.38]
[17:26:57.451] RX[TCP_prs2026hitl_7100]  00 00 00 00 00 00 00 00 00 00 00 00 00 00 00 00 43 52 c1 75 13 50 0a ff 00 00 00 0b 6a 25 0a
[17:26:57.454] PACKET[TCP_prs2026hitl_7100] state: status=4096, uptime=748069, orientation=[0.0, 0.0, 0.0, 0.0], position=[0.0, 0.0, 0.0], velocity=[0.0, 0.0, 0.0], latitude=0.0, longitude=0.0, gps_altitude=0.0, barometric_altitude=210.755692, witness_battery_voltage=4.944
[17:26:57.455] PACKET[TCP_prs2026hitl_7100] heartbeat: status=0, uptime=748069
[17:26:57.556] RX[TCP_prs2026hitl_7100]  01 0f 00 00 0b 6a 89 ff fc 92 00 5a 5b ff de 12 ff d7 00 16 00 25 0a
[17:26:57.559] PACKET[TCP_prs2026hitl_7100] sensors: status=3840, uptime=748169, filtered_accel=[-0.03512, 0.92524, -0.34744], gyro=[-2.87, 1.54, 2.59]
[17:26:57.610] RX[TCP_prs2026hitl_7100]  01 0f 00 00 0b 6a ed ff fc aa 00 5a 37 ff de 2a ff d6 00 15 00 25 0a
[17:26:57.613] PACKET[TCP_prs2026hitl_7100] sensors: status=3840, uptime=748269, filtered_accel=[-0.03416, 0.9238, -0.34648], gyro=[-2.94, 1.47, 2.59]
[17:26:57.713] RX[TCP_prs2026hitl_7100]  01 0b 00 00 0b 6b 51 ff fc 9e 00 5a 5b ff de 1e ff d5 00 18 00 23 0a
[17:26:57.715] PACKET[TCP_prs2026hitl_7100] sensors: status=2816, uptime=748369, filtered_accel=[-0.03464, 0.92524, -0.34696], gyro=[-3.01, 1.68, 2.45]
[17:26:57.816] RX[TCP_prs2026hitl_7100]  01 0b 00 00 0b 6b b5 ff fc 92 00 5a 43 ff de 1e ff d6 00 16 00 24 0a
[17:26:57.820] PACKET[TCP_prs2026hitl_7100] sensors: status=2816, uptime=748469, filtered_accel=[-0.03512, 0.92428, -0.34696], gyro=[-2.94, 1.54, 2.52]
[17:26:57.871] RX[TCP_prs2026hitl_7100]  01 0b 00 00 0b 6c 19 ff fc 85 00 5a 37 ff dd e1 ff d7 00 14 00 24 0a
[17:26:57.872] PACKET[TCP_prs2026hitl_7100] sensors: status=2816, uptime=748569, filtered_accel=[-0.03564, 0.9238, -0.3494], gyro=[-2.87, 1.4, 2.52]
[17:26:57.973] RX[TCP_prs2026hitl_7100]  01 0f 00 00 0b 6c 7d ff fc 92 00 5a 37 ff de 1e ff d6 00 15 00 25 0a
[17:26:57.976] PACKET[TCP_prs2026hitl_7100] sensors: status=3840, uptime=748669, filtered_accel=[-0.03512, 0.9238, -0.34696], gyro=[-2.94, 1.47, 2.59]
[17:26:58.077] RX[TCP_prs2026hitl_7100]  01 0f 00 00 0b 6c e1 ff fc 92 00 5a 2a ff de 1e ff d5 00 17 00 23 0a
[17:26:58.079] PACKET[TCP_prs2026hitl_7100] sensors: status=3840, uptime=748769, filtered_accel=[-0.03512, 0.92328, -0.34696], gyro=[-3.01, 1.61, 2.45]
[17:26:58.129] RX[TCP_prs2026hitl_7101]  03 00 00 00 00 00 00 00 00 00 0d 42 95 00 00 00 13 90 0a
[17:26:58.130] PACKET[TCP_prs2026hitl_7101] camera: fc_status=0, fc_uptime=0, status=0, uptime=869013, current_sense=[0.0, 0.0, 0.0], iris_battery_voltage=5.008
[17:26:58.181] RX[TCP_prs2026hitl_7100]  01 0f 00 00 0b 6d 45 ff fc 92 00 5a 43 ff de 05 ff d6 00 15 00 24 0a
[17:26:58.183] PACKET[TCP_prs2026hitl_7100] sensors: status=3840, uptime=748869, filtered_accel=[-0.03512, 0.92428, -0.34796], gyro=[-2.94, 1.47, 2.52]
[17:26:58.283] RX[TCP_prs2026hitl_7100]  01 0f 00 00 0b 6d a9 ff fc 85 00 5a 43 ff de 05 ff d6 00 15 00 24 0a
[17:26:58.286] PACKET[TCP_prs2026hitl_7100] sensors: status=3840, uptime=748969, filtered_accel=[-0.03564, 0.92428, -0.34796], gyro=[-2.94, 1.47, 2.52]
[17:26:58.387] RX[TCP_prs2026hitl_7100]  01 0b 00 00 0b 6e 0d ff fc 9e 00 5a 4f ff de 1e ff d5 00 18 00 23 0a 02 10 00 00 0b 6e 0d 00 00 00 00 00 00 00 00 00 00 00 00 00 00 00 00 00 00 00 00 00 00 00 00 00 00 00 00 00 00 00 00 00 00
[17:26:58.390] PACKET[TCP_prs2026hitl_7100] sensors: status=2816, uptime=749069, filtered_accel=[-0.03464, 0.92476, -0.34696], gyro=[-3.01, 1.68, 2.45]
[17:26:58.493] RX[TCP_prs2026hitl_7100]  00 00 00 00 00 00 00 00 00 00 00 00 00 00 00 00 43 53 2e 5d 13 44 0a ff 01 00 00 0b 6e 0d 0a
[17:26:58.495] PACKET[TCP_prs2026hitl_7100] state: status=4096, uptime=749069, orientation=[0.0, 0.0, 0.0, 0.0], position=[0.0, 0.0, 0.0], velocity=[0.0, 0.0, 0.0], latitude=0.0, longitude=0.0, gps_altitude=0.0, barometric_altitude=211.181107, witness_battery_voltage=4.932
[17:26:58.496] PACKET[TCP_prs2026hitl_7100] heartbeat: status=256, uptime=749069
[17:26:58.546] RX[TCP_prs2026hitl_7100]  01 0b 00 00 0b 6e 71 ff fc 92 00 5a 37 ff de 1e ff d6 00 16 00 23 0a
[17:26:58.548] PACKET[TCP_prs2026hitl_7100] sensors: status=2816, uptime=749169, filtered_accel=[-0.03512, 0.9238, -0.34696], gyro=[-2.94, 1.54, 2.45]
[17:26:58.649] RX[TCP_prs2026hitl_7100]  01 0b 00 00 0b 6e d5 ff fc 92 00 5a 1e ff dd f9 ff d7 00 14 00 26 0a
[17:26:58.651] PACKET[TCP_prs2026hitl_7100] sensors: status=2816, uptime=749269, filtered_accel=[-0.03512, 0.9228, -0.34844], gyro=[-2.87, 1.4, 2.66]
[17:26:58.752] RX[TCP_prs2026hitl_7100]  01 0f 00 00 0b 6f 39 ff fc 9e 00 5a 43 ff de 2a ff d7 00 16 00 24 0a
[17:26:58.753] PACKET[TCP_prs2026hitl_7100] sensors: status=3840, uptime=749369, filtered_accel=[-0.03464, 0.92428, -0.34648], gyro=[-2.87, 1.54, 2.52]
[17:26:58.804] RX[TCP_prs2026hitl_7100]  01 0f 00 00 0b 6f 9d ff fc 92 00 5a 43 ff de 05 ff d6 00 17 00 22 0a
[17:26:58.808] PACKET[TCP_prs2026hitl_7100] sensors: status=3840, uptime=749469, filtered_accel=[-0.03512, 0.92428, -0.34796], gyro=[-2.94, 1.61, 2.38]
[17:26:58.909] RX[TCP_prs2026hitl_7100]  01 0f 00 00 0b 70 01 ff fc 9e 00 5a 37 ff de 1e ff d7 00 15 00 24 0a
[17:26:58.910] PACKET[TCP_prs2026hitl_7100] sensors: status=3840, uptime=749569, filtered_accel=[-0.03464, 0.9238, -0.34696], gyro=[-2.87, 1.47, 2.52]
[17:26:58.961] RX[TCP_prs2026hitl_7100]  01 0f 00 00 0b 70 65 ff fc c2 00 5a 67 ff dd e1 ff d7 00 14 00 25 0a
[17:26:58.963] PACKET[TCP_prs2026hitl_7100] sensors: status=3840, uptime=749669, filtered_accel=[-0.0332, 0.92572, -0.3494], gyro=[-2.87, 1.4, 2.59]
[17:26:59.156] RX[TCP_prs2026hitl_7100]  01 0b 00 00 0b 70 c9 ff fc 92 00 5a 74 ff dd ed ff d5 00 17 00 21 0a
[17:26:59.158] PACKET[TCP_prs2026hitl_7100] sensors: status=2816, uptime=749769, filtered_accel=[-0.03512, 0.92624, -0.34892], gyro=[-3.01, 1.61, 2.31]
[17:26:59.158] RX[TCP_prs2026hitl_7101]  03 00 00 00 00 00 00 00 00 00 0d 46 7d 00 00 00 13 90 0a
[17:26:59.160] PACKET[TCP_prs2026hitl_7101] camera: fc_status=0, fc_uptime=0, status=0, uptime=870013, current_sense=[0.0, 0.0, 0.0], iris_battery_voltage=5.008
[17:26:59.211] RX[TCP_prs2026hitl_7100]  01 0b 00 00 0b 71 2d ff fc 85 00 5a 2a ff de 12 ff d7 00 16 00 23 0a
[17:26:59.213] PACKET[TCP_prs2026hitl_7100] sensors: status=2816, uptime=749869, filtered_accel=[-0.03564, 0.92328, -0.34744], gyro=[-2.87, 1.54, 2.45]
[17:26:59.263] RX[TCP_prs2026hitl_7100]  01 0b 00 00 0b 71 91 ff fc 92 00 5a 43 ff de 1e ff d6 00 15 00 24 0a
[17:26:59.265] PACKET[TCP_prs2026hitl_7100] sensors: status=2816, uptime=749969, filtered_accel=[-0.03512, 0.92428, -0.34696], gyro=[-2.94, 1.47, 2.52]
[17:26:59.365] RX[TCP_prs2026hitl_7100]  01 0f 00 00 0b 71 f5 ff fc 85 00 5a 43 ff de 1e ff d7 00 15 00 24 0a 02 10 00 00 0b 71 f5 00 00 00 00 00 00 00 00 00 00 00 00 00 00 00 00 00 00 00 00 00 00 00 00 00 00 00 00 00 00 00 00 00 00
[17:26:59.368] PACKET[TCP_prs2026hitl_7100] sensors: status=3840, uptime=750069, filtered_accel=[-0.03564, 0.92428, -0.34696], gyro=[-2.87, 1.47, 2.52]
[17:26:59.469] RX[TCP_prs2026hitl_7100]  00 00 00 00 00 00 00 00 00 00 00 00 00 00 00 00 43 52 c1 75 13 50 0a ff 00 00 00 0b 71 f5 0a
[17:26:59.471] PACKET[TCP_prs2026hitl_7100] state: status=4096, uptime=750069, orientation=[0.0, 0.0, 0.0, 0.0], position=[0.0, 0.0, 0.0], velocity=[0.0, 0.0, 0.0], latitude=0.0, longitude=0.0, gps_altitude=0.0, barometric_altitude=210.755692, witness_battery_voltage=4.944
[17:26:59.472] PACKET[TCP_prs2026hitl_7100] heartbeat: status=0, uptime=750069
[17:26:59.523] RX[TCP_prs2026hitl_7100]  01 0f 00 00 0b 72 59 ff fc 9e 00 5a 37 ff de 05 ff d5 00 18 00 23 0a
[17:26:59.524] PACKET[TCP_prs2026hitl_7100] sensors: status=3840, uptime=750169, filtered_accel=[-0.03464, 0.9238, -0.34796], gyro=[-3.01, 1.68, 2.45]
[17:26:59.625] RX[TCP_prs2026hitl_7100]  01 0f 00 00 0b 72 bd ff fc 92 00 5a 37 ff de 2a ff d6 00 15 00 24 0a
[17:26:59.627] PACKET[TCP_prs2026hitl_7100] sensors: status=3840, uptime=750269, filtered_accel=[-0.03512, 0.9238, -0.34648], gyro=[-2.94, 1.47, 2.52]
[17:26:59.728] RX[TCP_prs2026hitl_7100]  01 0f 00 00 0b 73 21 ff fc 79 00 5a 43 ff de 12 ff d6 00 15 00 24 0a
[17:26:59.731] PACKET[TCP_prs2026hitl_7100] sensors: status=3840, uptime=750369, filtered_accel=[-0.03612, 0.92428, -0.34744], gyro=[-2.94, 1.47, 2.52]
[17:26:59.834] RX[TCP_prs2026hitl_7100]  01 0b 00 00 0b 73 85 ff fc 9e 00 5a 43 ff de 05 ff d6 00 18 00 22 0a
[17:26:59.836] PACKET[TCP_prs2026hitl_7100] sensors: status=2816, uptime=750469, filtered_accel=[-0.03464, 0.92428, -0.34796], gyro=[-2.94, 1.68, 2.38]
[17:26:59.941] RX[TCP_prs2026hitl_7100]  01 0b 00 00 0b 73 e9 ff fc 79 00 5a 37 ff de 05 ff d6 00 16 00 23 0a
[17:26:59.942] PACKET[TCP_prs2026hitl_7100] sensors: status=2816, uptime=750569, filtered_accel=[-0.03612, 0.9238, -0.34796], gyro=[-2.94, 1.54, 2.45]
[17:27:00.043] RX[TCP_prs2026hitl_7100]  01 0b 00 00 0b 74 4d ff fc 79 00 5a 4f ff de 12 ff d6 00 15 00 24 0a
[17:27:00.045] PACKET[TCP_prs2026hitl_7100] sensors: status=2816, uptime=750669, filtered_accel=[-0.03612, 0.92476, -0.34744], gyro=[-2.94, 1.47, 2.52]
[17:27:00.096] RX[TCP_prs2026hitl_7100]  01 0f 00 00 0b 74 b1 ff fc 79 00 5a 06 ff de 2a ff d7 00 16 00 24 0a
[17:27:00.097] PACKET[TCP_prs2026hitl_7100] sensors: status=3840, uptime=750769, filtered_accel=[-0.03612, 0.92184, -0.34648], gyro=[-2.87, 1.54, 2.52]
[17:27:00.147] RX[TCP_prs2026hitl_7101]  03 00 00 00 00 00 00 00 00 00 0d 4a 65 00 00 00 13 8c 0a
[17:27:00.150] PACKET[TCP_prs2026hitl_7101] camera: fc_status=0, fc_uptime=0, status=0, uptime=871013, current_sense=[0.0, 0.0, 0.0], iris_battery_voltage=5.004
[17:27:00.200] RX[TCP_prs2026hitl_7100]  01 0f 00 00 0b 75 15 ff fc c2 00 5a 43 ff dd ed ff d6 00 16 00 23 0a
[17:27:00.202] PACKET[TCP_prs2026hitl_7100] sensors: status=3840, uptime=750869, filtered_accel=[-0.0332, 0.92428, -0.34892], gyro=[-2.94, 1.54, 2.45]
[17:27:00.303] RX[TCP_prs2026hitl_7100]  01 0f 00 00 0b 75 79 ff fc 79 00 5a 43 ff de 05 ff d6 00 15 00 25 0a
[17:27:00.305] PACKET[TCP_prs2026hitl_7100] sensors: status=3840, uptime=750969, filtered_accel=[-0.03612, 0.92428, -0.34796], gyro=[-2.94, 1.47, 2.59]
[17:27:00.406] RX[TCP_prs2026hitl_7100]  01 0f 00 00 0b 75 dd ff fc aa 00 5a 4f ff de 12 ff d7 00 15 00 24 0a 02 10 00 00 0b 75 dd 00 00 00 00 00 00 00 00 00 00 00 00 00 00 00 00 00 00 00 00 00 00 00 00 00 00 00 00 00 00 00 00 00 00
[17:27:00.408] PACKET[TCP_prs2026hitl_7100] sensors: status=3840, uptime=751069, filtered_accel=[-0.03416, 0.92476, -0.34744], gyro=[-2.87, 1.47, 2.52]
[17:27:00.509] RX[TCP_prs2026hitl_7100]  00 00 00 00 00 00 00 00 00 00 00 00 00 00 00 00 43 52 d7 c8 13 40 0a ff 01 00 00 0b 75 dd 0a
[17:27:00.510] PACKET[TCP_prs2026hitl_7100] state: status=4096, uptime=751069, orientation=[0.0, 0.0, 0.0, 0.0], position=[0.0, 0.0, 0.0], velocity=[0.0, 0.0, 0.0], latitude=0.0, longitude=0.0, gps_altitude=0.0, barometric_altitude=210.842896, witness_battery_voltage=4.928
[17:27:00.511] PACKET[TCP_prs2026hitl_7100] heartbeat: status=256, uptime=751069
[17:27:00.562] RX[TCP_prs2026hitl_7100]  01 0b 00 00 0b 76 41 ff fc 85 00 5a 43 ff dd f9 ff d6 00 18 00 21 0a
[17:27:00.564] PACKET[TCP_prs2026hitl_7100] sensors: status=2816, uptime=751169, filtered_accel=[-0.03564, 0.92428, -0.34844], gyro=[-2.94, 1.68, 2.31]
[17:27:00.665] RX[TCP_prs2026hitl_7100]  01 0b 00 00 0b 76 a5 ff fb 85 00 58 f9 ff e1 43 ff ed 00 1d 00 1e 0a
[17:27:00.667] PACKET[TCP_prs2026hitl_7100] sensors: status=2816, uptime=751269, filtered_accel=[-0.04588, 0.91108, -0.31476], gyro=[-1.33, 2.03, 2.1]
[17:27:00.768] RX[TCP_prs2026hitl_7100]  01 0b 00 00 0b 77 09 ff fc 18 00 59 e1 ff dd d5 ff da 00 16 00 24 0a
[17:27:00.770] PACKET[TCP_prs2026hitl_7100] sensors: status=2816, uptime=751369, filtered_accel=[-0.04, 0.92036, -0.34988], gyro=[-2.66, 1.54, 2.52]
[17:27:00.821] RX[TCP_prs2026hitl_7100]  01 0f 00 00 0b 77 6d ff fc c2 00 5a 5b ff dd f9 ff d8 00 16 00 25 0a
[17:27:00.822] PACKET[TCP_prs2026hitl_7100] sensors: status=3840, uptime=751469, filtered_accel=[-0.0332, 0.92524, -0.34844], gyro=[-2.8, 1.54, 2.59]
[17:27:00.923] RX[TCP_prs2026hitl_7100]  01 0f 00 00 0b 77 d1 ff fc 9e 00 5a 43 ff de 36 ff d6 00 17 00 22 0a
[17:27:00.925] PACKET[TCP_prs2026hitl_7100] sensors: status=3840, uptime=751569, filtered_accel=[-0.03464, 0.92428, -0.346], gyro=[-2.94, 1.61, 2.38]
[17:27:01.026] RX[TCP_prs2026hitl_7100]  01 0f 00 00 0b 78 35 ff fc 92 00 5a 37 ff de 36 ff d6 00 15 00 24 0a
[17:27:01.031] PACKET[TCP_prs2026hitl_7100] sensors: status=3840, uptime=751669, filtered_accel=[-0.03512, 0.9238, -0.346], gyro=[-2.94, 1.47, 2.52]
[17:27:01.082] RX[TCP_prs2026hitl_7100]  01 0f 00 00 0b 78 99 ff fc 92 00 5a 43 ff de 05 ff d6 00 15 00 25 0a
[17:27:01.085] PACKET[TCP_prs2026hitl_7100] sensors: status=3840, uptime=751769, filtered_accel=[-0.03512, 0.92428, -0.34796], gyro=[-2.94, 1.47, 2.59]
[17:27:01.135] RX[TCP_prs2026hitl_7101]  03 00 00 00 00 00 00 00 00 00 0d 4e 4d 00 00 00 13 94 0a
[17:27:01.138] PACKET[TCP_prs2026hitl_7101] camera: fc_status=0, fc_uptime=0, status=0, uptime=872013, current_sense=[0.0, 0.0, 0.0], iris_battery_voltage=5.012
[17:27:01.189] RX[TCP_prs2026hitl_7100]  01 0b 00 00 0b 78 fd ff fc 85 00 5a 43 ff de 12 ff d6 00 17 00 22 0a
[17:27:01.191] PACKET[TCP_prs2026hitl_7100] sensors: status=2816, uptime=751869, filtered_accel=[-0.03564, 0.92428, -0.34744], gyro=[-2.94, 1.61, 2.38]
[17:27:01.291] RX[TCP_prs2026hitl_7100]  01 0b 00 00 0b 79 61 ff fc 79 00 5a 37 ff de 12 ff d7 00 15 00 24 0a
[17:27:01.294] PACKET[TCP_prs2026hitl_7100] sensors: status=2816, uptime=751969, filtered_accel=[-0.03612, 0.9238, -0.34744], gyro=[-2.87, 1.47, 2.52]
[17:27:01.395] RX[TCP_prs2026hitl_7100]  01 0b 00 00 0b 79 c5 ff fc aa 00 5a 37 ff de 2a ff d4 00 15 00 24 0a 02 10 00 00 0b 79 c5 00 00 00 00 00 00 00 00 00 00 00 00 00 00 00 00 00 00 00 00 00 00 00 00 00 00 00 00 00 00 00 00 00 00
[17:27:01.397] PACKET[TCP_prs2026hitl_7100] sensors: status=2816, uptime=752069, filtered_accel=[-0.03416, 0.9238, -0.34648], gyro=[-3.08, 1.47, 2.52]
[17:27:01.447] RX[TCP_prs2026hitl_7100]  00 00 00 00 00 00 00 00 00 00 00 00 00 00 00 00 43 52 d7 c8 13 48 0a ff 00 00 00 0b 79 c5 0a
[17:27:01.449] PACKET[TCP_prs2026hitl_7100] state: status=4096, uptime=752069, orientation=[0.0, 0.0, 0.0, 0.0], position=[0.0, 0.0, 0.0], velocity=[0.0, 0.0, 0.0], latitude=0.0, longitude=0.0, gps_altitude=0.0, barometric_altitude=210.842896, witness_battery_voltage=4.936
[17:27:01.450] PACKET[TCP_prs2026hitl_7100] heartbeat: status=0, uptime=752069
[17:27:01.551] RX[TCP_prs2026hitl_7100]  01 0f 00 00 0b 7a 29 ff fc 30 00 5a 37 ff dd e1 ff d9 00 17 00 24 0a
[17:27:01.552] PACKET[TCP_prs2026hitl_7100] sensors: status=3840, uptime=752169, filtered_accel=[-0.03904, 0.9238, -0.3494], gyro=[-2.73, 1.61, 2.52]
[17:27:01.653] RX[TCP_prs2026hitl_7100]  01 0f 00 00 0b 7a 8d ff fc 85 00 5a 5b ff de 12 ff d8 00 16 00 23 0a
[17:27:01.656] PACKET[TCP_prs2026hitl_7100] sensors: status=3840, uptime=752269, filtered_accel=[-0.03564, 0.92524, -0.34744], gyro=[-2.8, 1.54, 2.45]
[17:27:01.757] RX[TCP_prs2026hitl_7100]  01 0f 00 00 0b 7a f1 ff fc 92 00 5a 4f ff dd f9 ff d7 00 15 00 25 0a
[17:27:01.761] PACKET[TCP_prs2026hitl_7100] sensors: status=3840, uptime=752369, filtered_accel=[-0.03512, 0.92476, -0.34844], gyro=[-2.87, 1.47, 2.59]
[17:27:01.812] RX[TCP_prs2026hitl_7100]  01 0f 00 00 0b 7b 55 ff fc 92 00 5a 43 ff de 1e ff d6 00 15 00 24 0a
[17:27:01.814] PACKET[TCP_prs2026hitl_7100] sensors: status=3840, uptime=752469, filtered_accel=[-0.03512, 0.92428, -0.34696], gyro=[-2.94, 1.47, 2.52]
[17:27:01.916] RX[TCP_prs2026hitl_7100]  01 0b 00 00 0b 7b b9 ff fc 79 00 5a 37 ff de 2a ff d5 00 18 00 21 0a
[17:27:01.918] PACKET[TCP_prs2026hitl_7100] sensors: status=2816, uptime=752569, filtered_accel=[-0.03612, 0.9238, -0.34648], gyro=[-3.01, 1.68, 2.31]
[17:27:01.969] RX[TCP_prs2026hitl_7100]  01 0b 00 00 0b 7c 1d ff fc 79 00 5a 43 ff de 1e ff d6 00 16 00 23 0a
[17:27:01.972] PACKET[TCP_prs2026hitl_7100] sensors: status=2816, uptime=752669, filtered_accel=[-0.03612, 0.92428, -0.34696], gyro=[-2.94, 1.54, 2.45]
[17:27:02.073] RX[TCP_prs2026hitl_7100]  01 0b 00 00 0b 7c 81 ff fc c2 00 5a 80 ff dd a4 ff d6 00 15 00 24 0a
[17:27:02.075] PACKET[TCP_prs2026hitl_7100] sensors: status=2816, uptime=752769, filtered_accel=[-0.0332, 0.92672, -0.35184], gyro=[-2.94, 1.47, 2.52]
[17:27:02.125] RX[TCP_prs2026hitl_7101]  03 00 00 00 00 00 00 00 00 00 0d 52 35 00 00 00 13 94 0a
[17:27:02.128] PACKET[TCP_prs2026hitl_7101] camera: fc_status=0, fc_uptime=0, status=0, uptime=873013, current_sense=[0.0, 0.0, 0.0], iris_battery_voltage=5.012
[17:27:02.179] RX[TCP_prs2026hitl_7100]  01 0f 00 00 0b 7c e5 ff fc 92 00 5a 4f ff dd ed ff d6 00 15 00 24 0a
[17:27:02.181] PACKET[TCP_prs2026hitl_7100] sensors: status=3840, uptime=752869, filtered_accel=[-0.03512, 0.92476, -0.34892], gyro=[-2.94, 1.47, 2.52]
[17:27:02.282] RX[TCP_prs2026hitl_7100]  01 0f 00 00 0b 7d 49 ff fc 85 00 5a 37 ff de 05 ff d6 00 17 00 22 0a
[17:27:02.284] PACKET[TCP_prs2026hitl_7100] sensors: status=3840, uptime=752969, filtered_accel=[-0.03564, 0.9238, -0.34796], gyro=[-2.94, 1.61, 2.38]
[17:27:02.385] RX[TCP_prs2026hitl_7100]  01 0f 00 00 0b 7d ad ff fc 79 00 5a 2a ff dd f9 ff d6 00 15 00 25 0a 02 10 00 00 0b 7d ad 00 00 00 00 00 00 00 00 00 00 00 00 00 00 00 00 00 00 00 00 00 00 00 00 00 00 00 00 00 00 00 00 00 00
[17:27:02.388] PACKET[TCP_prs2026hitl_7100] sensors: status=3840, uptime=753069, filtered_accel=[-0.03612, 0.92328, -0.34844], gyro=[-2.94, 1.47, 2.59]
[17:27:02.540] RX[TCP_prs2026hitl_7100]  00 00 00 00 00 00 00 00 00 00 00 00 00 00 00 00 43 52 ab d0 13 44 0a ff 01 00 00 0b 7d ad 0a 01 0f 00 00 0b 7e 11 ff fc 92 00 5a 2a ff de 05 ff d6 00 15 00 24 0a
[17:27:02.542] PACKET[TCP_prs2026hitl_7100] state: status=4096, uptime=753069, orientation=[0.0, 0.0, 0.0, 0.0], position=[0.0, 0.0, 0.0], velocity=[0.0, 0.0, 0.0], latitude=0.0, longitude=0.0, gps_altitude=0.0, barometric_altitude=210.671143, witness_battery_voltage=4.932
[17:27:02.544] PACKET[TCP_prs2026hitl_7100] heartbeat: status=256, uptime=753069
[17:27:02.546] PACKET[TCP_prs2026hitl_7100] sensors: status=3840, uptime=753169, filtered_accel=[-0.03512, 0.92328, -0.34796], gyro=[-2.94, 1.47, 2.52]
[17:27:02.647] RX[TCP_prs2026hitl_7100]  01 0b 00 00 0b 7e 75 ff fc aa 00 5a 2a ff de 1e ff d6 00 18 00 22 0a
[17:27:02.649] PACKET[TCP_prs2026hitl_7100] sensors: status=2816, uptime=753269, filtered_accel=[-0.03416, 0.92328, -0.34696], gyro=[-2.94, 1.68, 2.38]
[17:27:02.750] RX[TCP_prs2026hitl_7100]  01 0b 00 00 0b 7e d9 ff fc 92 00 5a 4f ff dd f9 ff d6 00 16 00 23 0a
[17:27:02.751] PACKET[TCP_prs2026hitl_7100] sensors: status=2816, uptime=753369, filtered_accel=[-0.03512, 0.92476, -0.34844], gyro=[-2.94, 1.54, 2.45]
[17:27:02.803] RX[TCP_prs2026hitl_7100]  01 0b 00 00 0b 7f 3d ff fc 92 00 5a 37 ff de 12 ff d6 00 16 00 24 0a
[17:27:02.805] PACKET[TCP_prs2026hitl_7100] sensors: status=2816, uptime=753469, filtered_accel=[-0.03512, 0.9238, -0.34744], gyro=[-2.94, 1.54, 2.52]
[17:27:02.906] RX[TCP_prs2026hitl_7100]  01 0f 00 00 0b 7f a1 ff fc 9e 00 5a 37 ff dd f9 ff d6 00 16 00 24 0a
[17:27:02.908] PACKET[TCP_prs2026hitl_7100] sensors: status=3840, uptime=753569, filtered_accel=[-0.03464, 0.9238, -0.34844], gyro=[-2.94, 1.54, 2.52]
[17:27:03.009] RX[TCP_prs2026hitl_7100]  01 0f 00 00 0b 80 05 ff fc 92 00 5a 43 ff dd f9 ff d6 00 16 00 22 0a
[17:27:03.011] PACKET[TCP_prs2026hitl_7100] sensors: status=3840, uptime=753669, filtered_accel=[-0.03512, 0.92428, -0.34844], gyro=[-2.94, 1.54, 2.38]
[17:27:03.112] RX[TCP_prs2026hitl_7100]  01 0f 00 00 0b 80 69 ff fc 85 00 5a 43 ff de 05 ff d7 00 15 00 25 0a
[17:27:03.114] PACKET[TCP_prs2026hitl_7100] sensors: status=3840, uptime=753769, filtered_accel=[-0.03564, 0.92428, -0.34796], gyro=[-2.87, 1.47, 2.59]
[17:27:03.114] RX[TCP_prs2026hitl_7101]  03 00 00 00 00 00 00 00 00 00 0d 56 1d 00 00 00 13 94 0a
[17:27:03.115] PACKET[TCP_prs2026hitl_7101] camera: fc_status=0, fc_uptime=0, status=0, uptime=874013, current_sense=[0.0, 0.0, 0.0], iris_battery_voltage=5.012
[17:27:03.166] RX[TCP_prs2026hitl_7100]  01 0f 00 00 0b 80 cd ff fc 92 00 5a 43 ff de 12 ff d6 00 15 00 25 0a
[17:27:03.168] PACKET[TCP_prs2026hitl_7100] sensors: status=3840, uptime=753869, filtered_accel=[-0.03512, 0.92428, -0.34744], gyro=[-2.94, 1.47, 2.59]
[17:27:03.270] RX[TCP_prs2026hitl_7100]  01 0b 00 00 0b 81 31 ff fc 92 00 5a 37 ff dd ed ff d6 00 18 00 22 0a
[17:27:03.273] PACKET[TCP_prs2026hitl_7100] sensors: status=2816, uptime=753969, filtered_accel=[-0.03512, 0.9238, -0.34892], gyro=[-2.94, 1.68, 2.38]
[17:27:03.374] RX[TCP_prs2026hitl_7100]  01 0b 00 00 0b 81 95 ff fc aa 00 5a 43 ff de 05 ff d7 00 16 00 24 0a 02 10 00 00 0b 81 95 00 00 00 00 00 00 00 00 00 00 00 00 00 00 00 00 00 00 00 00 00 00 00 00 00 00 00 00 00 00 00 00 00 00
[17:27:03.375] PACKET[TCP_prs2026hitl_7100] sensors: status=2816, uptime=754069, filtered_accel=[-0.03416, 0.92428, -0.34796], gyro=[-2.87, 1.54, 2.52]
[17:27:03.476] RX[TCP_prs2026hitl_7100]  00 00 00 00 00 00 00 00 00 00 00 00 00 00 00 00 43 52 ab d0 13 54 0a ff 00 00 00 0b 81 95 0a
[17:27:03.478] PACKET[TCP_prs2026hitl_7100] state: status=4096, uptime=754069, orientation=[0.0, 0.0, 0.0, 0.0], position=[0.0, 0.0, 0.0], velocity=[0.0, 0.0, 0.0], latitude=0.0, longitude=0.0, gps_altitude=0.0, barometric_altitude=210.671143, witness_battery_voltage=4.948
[17:27:03.480] PACKET[TCP_prs2026hitl_7100] heartbeat: status=0, uptime=754069
[17:27:03.580] RX[TCP_prs2026hitl_7100]  01 0b 00 00 0b 81 f9 ff fc 85 00 5a 4f ff dd ed ff d6 00 16 00 26 0a
[17:27:03.583] PACKET[TCP_prs2026hitl_7100] sensors: status=2816, uptime=754169, filtered_accel=[-0.03564, 0.92476, -0.34892], gyro=[-2.94, 1.54, 2.66]
[17:27:03.633] RX[TCP_prs2026hitl_7100]  01 0f 00 00 0b 82 5d ff fc 92 00 5a 37 ff dd f9 ff d6 00 16 00 23 0a
[17:27:03.635] PACKET[TCP_prs2026hitl_7100] sensors: status=3840, uptime=754269, filtered_accel=[-0.03512, 0.9238, -0.34844], gyro=[-2.94, 1.54, 2.45]
[17:27:03.724] RX[TCP_prs2026hitl_7100]  01 0f 00 00 0b 82 c1 ff fc 92 00 5a 43 ff de 05 ff d6 00 16 00 23 0a
[17:27:03.728] PACKET[TCP_prs2026hitl_7100] sensors: status=3840, uptime=754369, filtered_accel=[-0.03512, 0.92428, -0.34796], gyro=[-2.94, 1.54, 2.45]
[17:27:03.853] RX[TCP_prs2026hitl_7100]  01 0f 00 00 0b 83 25 ff fc 85 00 5a 37 ff de 12 ff d6 00 15 00 25 0a
[17:27:03.855] PACKET[TCP_prs2026hitl_7100] sensors: status=3840, uptime=754469, filtered_accel=[-0.03564, 0.9238, -0.34744], gyro=[-2.94, 1.47, 2.59]
[17:27:03.905] RX[TCP_prs2026hitl_7100]  01 0f 00 00 0b 83 89 ff fc aa 00 5a 67 ff de 5b ff d5 00 15 00 24 0a
[17:27:03.907] PACKET[TCP_prs2026hitl_7100] sensors: status=3840, uptime=754569, filtered_accel=[-0.03416, 0.92572, -0.34452], gyro=[-3.01, 1.47, 2.52]
[17:27:04.008] RX[TCP_prs2026hitl_7100]  01 0b 00 00 0b 83 ed ff fc 92 00 5a 1e ff dd e1 ff d5 00 18 00 22 0a
[17:27:04.012] PACKET[TCP_prs2026hitl_7100] sensors: status=2816, uptime=754669, filtered_accel=[-0.03512, 0.9228, -0.3494], gyro=[-3.01, 1.68, 2.38]
[17:27:04.063] RX[TCP_prs2026hitl_7100]  01 0b 00 00 0b 84 51 ff fc 85 00 59 fa ff de a4 ff d7 00 15 00 25 0a
[17:27:04.065] PACKET[TCP_prs2026hitl_7100] sensors: status=2816, uptime=754769, filtered_accel=[-0.03564, 0.92136, -0.3416], gyro=[-2.87, 1.47, 2.59]
[17:27:04.116] RX[TCP_prs2026hitl_7101]  03 00 00 00 00 00 00 00 00 00 0d 5a 05 00 00 00 13 90 0a
[17:27:04.118] PACKET[TCP_prs2026hitl_7101] camera: fc_status=0, fc_uptime=0, status=0, uptime=875013, current_sense=[0.0, 0.0, 0.0], iris_battery_voltage=5.008
[17:27:04.169] RX[TCP_prs2026hitl_7100]  01 0b 00 00 0b 84 b5 ff fc 9e 00 5a 43 ff dd e1 ff d7 00 16 00 25 0a
[17:27:04.170] PACKET[TCP_prs2026hitl_7100] sensors: status=2816, uptime=754869, filtered_accel=[-0.03464, 0.92428, -0.3494], gyro=[-2.87, 1.54, 2.59]
[17:27:04.271] RX[TCP_prs2026hitl_7100]  01 0f 00 00 0b 85 19 ff fc 92 00 5a 43 ff dd f9 ff d6 00 16 00 23 0a
[17:27:04.274] PACKET[TCP_prs2026hitl_7100] sensors: status=3840, uptime=754969, filtered_accel=[-0.03512, 0.92428, -0.34844], gyro=[-2.94, 1.54, 2.45]
[17:27:04.376] RX[TCP_prs2026hitl_7100]  01 0f 00 00 0b 85 7d ff fc 92 00 5a 43 ff dd f9 ff d5 00 17 00 23 0a 02 10 00 00 0b 85 7d 00 00 00 00 00 00 00 00 00 00 00 00 00 00 00 00 00 00 00 00 00 00 00 00 00 00 00 00 00 00 00 00 00 00
[17:27:04.378] PACKET[TCP_prs2026hitl_7100] sensors: status=3840, uptime=755069, filtered_accel=[-0.03512, 0.92428, -0.34844], gyro=[-3.01, 1.61, 2.45]
[17:27:04.480] RX[TCP_prs2026hitl_7100]  00 00 00 00 00 00 00 00 00 00 00 00 00 00 00 00 43 52 ab d0 13 50 0a ff 01 00 00 0b 85 7d 0a
[17:27:04.482] PACKET[TCP_prs2026hitl_7100] state: status=4096, uptime=755069, orientation=[0.0, 0.0, 0.0, 0.0], position=[0.0, 0.0, 0.0], velocity=[0.0, 0.0, 0.0], latitude=0.0, longitude=0.0, gps_altitude=0.0, barometric_altitude=210.671143, witness_battery_voltage=4.944
[17:27:04.483] PACKET[TCP_prs2026hitl_7100] heartbeat: status=256, uptime=755069
[17:27:04.584] RX[TCP_prs2026hitl_7100]  01 0f 00 00 0b 85 e1 ff fc 92 00 5a 43 ff de 1e ff d6 00 16 00 25 0a
[17:27:04.586] PACKET[TCP_prs2026hitl_7100] sensors: status=3840, uptime=755169, filtered_accel=[-0.03512, 0.92428, -0.34696], gyro=[-2.94, 1.54, 2.59]
[17:27:04.637] RX[TCP_prs2026hitl_7100]  01 0f 00 00 0b 86 45 ff fc 9e 00 5a 43 ff dd f9 ff d6 00 15 00 24 0a
[17:27:04.640] PACKET[TCP_prs2026hitl_7100] sensors: status=3840, uptime=755269, filtered_accel=[-0.03464, 0.92428, -0.34844], gyro=[-2.94, 1.47, 2.52]
[17:27:04.740] RX[TCP_prs2026hitl_7100]  01 0b 00 00 0b 86 a9 ff fc 79 00 5a 43 ff dd f9 ff d5 00 18 00 22 0a
[17:27:04.743] PACKET[TCP_prs2026hitl_7100] sensors: status=2816, uptime=755369, filtered_accel=[-0.03612, 0.92428, -0.34844], gyro=[-3.01, 1.68, 2.38]
[17:27:04.843] RX[TCP_prs2026hitl_7100]  01 0b 00 00 0b 87 0d ff fc 92 00 5a 43 ff dd 8b ff d5 00 16 00 24 0a
[17:27:04.845] PACKET[TCP_prs2026hitl_7100] sensors: status=2816, uptime=755469, filtered_accel=[-0.03512, 0.92428, -0.35284], gyro=[-3.01, 1.54, 2.52]
[17:27:04.896] RX[TCP_prs2026hitl_7100]  01 0b 00 00 0b 87 71 ff fc 85 00 5a 12 ff de 67 ff d2 00 13 00 25 0a
[17:27:04.898] PACKET[TCP_prs2026hitl_7100] sensors: status=2816, uptime=755569, filtered_accel=[-0.03564, 0.92232, -0.34404], gyro=[-3.22, 1.33, 2.59]
[17:27:04.998] RX[TCP_prs2026hitl_7100]  01 0f 00 00 0b 87 d5 ff fc aa 00 5a 67 ff dd ed ff d5 00 16 00 22 0a
[17:27:05.000] PACKET[TCP_prs2026hitl_7100] sensors: status=3840, uptime=755669, filtered_accel=[-0.03416, 0.92572, -0.34892], gyro=[-3.01, 1.54, 2.38]
[17:27:05.101] RX[TCP_prs2026hitl_7100]  01 0f 00 00 0b 88 39 ff fc aa 00 5a 43 ff de 42 ff d6 00 16 00 23 0a
[17:27:05.103] PACKET[TCP_prs2026hitl_7100] sensors: status=3840, uptime=755769, filtered_accel=[-0.03416, 0.92428, -0.34552], gyro=[-2.94, 1.54, 2.45]
[17:27:05.153] RX[TCP_prs2026hitl_7101]  03 00 00 00 00 00 00 00 00 00 0d 5d ed 00 00 00 13 90 0a
[17:27:05.155] PACKET[TCP_prs2026hitl_7101] camera: fc_status=0, fc_uptime=0, status=0, uptime=876013, current_sense=[0.0, 0.0, 0.0], iris_battery_voltage=5.008
[17:27:05.206] RX[TCP_prs2026hitl_7100]  01 0f 00 00 0b 88 9d ff fc 92 00 5a 43 ff de 12 ff d7 00 16 00 25 0a
[17:27:05.208] PACKET[TCP_prs2026hitl_7100] sensors: status=3840, uptime=755869, filtered_accel=[-0.03512, 0.92428, -0.34744], gyro=[-2.87, 1.54, 2.59]
[17:27:05.259] RX[TCP_prs2026hitl_7100]  01 0f 00 00 0b 89 01 ff fc 92 00 5a 37 ff de 05 ff d6 00 15 00 24 0a
[17:27:05.261] PACKET[TCP_prs2026hitl_7100] sensors: status=3840, uptime=755969, filtered_accel=[-0.03512, 0.9238, -0.34796], gyro=[-2.94, 1.47, 2.52]
[17:27:05.362] RX[TCP_prs2026hitl_7100]  01 0b 00 00 0b 89 65 ff fc 92 00 5a 37 ff dd ed ff d6 00 17 00 22 0a 02 10 00 00 0b 89 65 00 00 00 00 00 00 00 00 00 00 00 00 00 00 00 00 00 00 00 00 00 00 00 00 00 00 00 00 00 00 00 00 00 00
[17:27:05.364] PACKET[TCP_prs2026hitl_7100] sensors: status=2816, uptime=756069, filtered_accel=[-0.03512, 0.9238, -0.34892], gyro=[-2.94, 1.61, 2.38]
[17:27:05.465] RX[TCP_prs2026hitl_7100]  00 00 00 00 00 00 00 00 00 00 00 00 00 00 00 00 43 52 c1 75 13 44 0a ff 00 00 00 0b 89 65 0a
[17:27:05.468] PACKET[TCP_prs2026hitl_7100] state: status=4096, uptime=756069, orientation=[0.0, 0.0, 0.0, 0.0], position=[0.0, 0.0, 0.0], velocity=[0.0, 0.0, 0.0], latitude=0.0, longitude=0.0, gps_altitude=0.0, barometric_altitude=210.755692, witness_battery_voltage=4.932
[17:27:05.469] PACKET[TCP_prs2026hitl_7100] heartbeat: status=0, uptime=756069
[17:27:05.570] RX[TCP_prs2026hitl_7100]  01 0b 00 00 0b 89 c9 ff fc 92 00 5a 43 ff dd f9 ff d7 00 15 00 25 0a
[17:27:05.573] PACKET[TCP_prs2026hitl_7100] sensors: status=2816, uptime=756169, filtered_accel=[-0.03512, 0.92428, -0.34844], gyro=[-2.87, 1.47, 2.59]
[17:27:05.624] RX[TCP_prs2026hitl_7100]  01 0b 00 00 0b 8a 2d ff fc 92 00 5a 4f ff dd ed ff d6 00 15 00 25 0a
[17:27:05.626] PACKET[TCP_prs2026hitl_7100] sensors: status=2816, uptime=756269, filtered_accel=[-0.03512, 0.92476, -0.34892], gyro=[-2.94, 1.47, 2.59]
[17:27:05.727] RX[TCP_prs2026hitl_7100]  01 0f 00 00 0b 8a 91 ff fc 92 00 5a 43 ff de 12 ff d5 00 16 00 23 0a
[17:27:05.730] PACKET[TCP_prs2026hitl_7100] sensors: status=3840, uptime=756369, filtered_accel=[-0.03512, 0.92428, -0.34744], gyro=[-3.01, 1.54, 2.45]
[17:27:05.831] RX[TCP_prs2026hitl_7100]  01 0f 00 00 0b 8a f5 ff fc aa 00 5a 37 ff de 05 ff d5 00 16 00 22 0a
[17:27:05.833] PACKET[TCP_prs2026hitl_7100] sensors: status=3840, uptime=756469, filtered_accel=[-0.03416, 0.9238, -0.34796], gyro=[-3.01, 1.54, 2.38]
[17:27:05.884] RX[TCP_prs2026hitl_7100]  01 0f 00 00 0b 8b 59 ff fc 92 00 5a 37 ff de 12 ff d6 00 15 00 24 0a
[17:27:05.886] PACKET[TCP_prs2026hitl_7100] sensors: status=3840, uptime=756569, filtered_accel=[-0.03512, 0.9238, -0.34744], gyro=[-2.94, 1.47, 2.52]
[17:27:05.987] RX[TCP_prs2026hitl_7100]  01 0f 00 00 0b 8b bd ff fc 85 00 5a 37 ff de 05 ff d6 00 15 00 24 0a
[17:27:05.990] PACKET[TCP_prs2026hitl_7100] sensors: status=3840, uptime=756669, filtered_accel=[-0.03564, 0.9238, -0.34796], gyro=[-2.94, 1.47, 2.52]
[17:27:06.091] RX[TCP_prs2026hitl_7100]  01 0b 00 00 0b 8c 21 ff fc 85 00 5a 2a ff de 05 ff d6 00 17 00 22 0a
[17:27:06.093] PACKET[TCP_prs2026hitl_7100] sensors: status=2816, uptime=756769, filtered_accel=[-0.03564, 0.92328, -0.34796], gyro=[-2.94, 1.61, 2.38]
[17:27:06.143] RX[TCP_prs2026hitl_7101]  03 00 00 00 00 00 00 00 00 00 0d 61 d5 00 00 00 13 90 0a
[17:27:06.145] PACKET[TCP_prs2026hitl_7101] camera: fc_status=0, fc_uptime=0, status=0, uptime=877013, current_sense=[0.0, 0.0, 0.0], iris_battery_voltage=5.008
[17:27:06.196] RX[TCP_prs2026hitl_7100]  01 0b 00 00 0b 8c 85 ff fc 85 00 5a 37 ff dd ed ff d6 00 15 00 24 0a
[17:27:06.198] PACKET[TCP_prs2026hitl_7100] sensors: status=2816, uptime=756869, filtered_accel=[-0.03564, 0.9238, -0.34892], gyro=[-2.94, 1.47, 2.52]
[17:27:06.299] RX[TCP_prs2026hitl_7100]  01 0b 00 00 0b 8c e9 ff fc 85 00 5a 43 ff de 05 ff d6 00 15 00 24 0a
[17:27:06.301] PACKET[TCP_prs2026hitl_7100] sensors: status=2816, uptime=756969, filtered_accel=[-0.03564, 0.92428, -0.34796], gyro=[-2.94, 1.47, 2.52]
[17:27:06.402] RX[TCP_prs2026hitl_7100]  01 0f 00 00 0b 8d 4d ff fc 92 00 5a 37 ff dd ed ff d6 00 16 00 24 0a 02 10 00 00 0b 8d 4d 00 00 00 00 00 00 00 00 00 00 00 00 00 00 00 00 00 00 00 00 00 00 00 00 00 00 00 00 00 00 00 00 00 00
[17:27:06.403] PACKET[TCP_prs2026hitl_7100] sensors: status=3840, uptime=757069, filtered_accel=[-0.03512, 0.9238, -0.34892], gyro=[-2.94, 1.54, 2.52]
[17:27:06.454] RX[TCP_prs2026hitl_7100]  00 00 00 00 00 00 00 00 00 00 00 00 00 00 00 00 43 52 d7 c8 13 50 0a ff 01 00 00 0b 8d 4d 0a
[17:27:06.458] PACKET[TCP_prs2026hitl_7100] state: status=4096, uptime=757069, orientation=[0.0, 0.0, 0.0, 0.0], position=[0.0, 0.0, 0.0], velocity=[0.0, 0.0, 0.0], latitude=0.0, longitude=0.0, gps_altitude=0.0, barometric_altitude=210.842896, witness_battery_voltage=4.944
[17:27:06.459] PACKET[TCP_prs2026hitl_7100] heartbeat: status=256, uptime=757069
[17:27:06.560] RX[TCP_prs2026hitl_7100]  01 0f 00 00 0b 8d b1 ff fc 9e 00 5a 2a ff de 05 ff d6 00 17 00 23 0a
[17:27:06.563] PACKET[TCP_prs2026hitl_7100] sensors: status=3840, uptime=757169, filtered_accel=[-0.03464, 0.92328, -0.34796], gyro=[-2.94, 1.61, 2.45]
[17:27:06.613] RX[TCP_prs2026hitl_7100]  01 0f 00 00 0b 8e 15 ff fc 92 00 5a 37 ff de 1e ff d6 00 15 00 24 0a
[17:27:06.616] PACKET[TCP_prs2026hitl_7100] sensors: status=3840, uptime=757269, filtered_accel=[-0.03512, 0.9238, -0.34696], gyro=[-2.94, 1.47, 2.52]
[17:27:06.717] RX[TCP_prs2026hitl_7100]  01 0f 00 00 0b 8e 79 ff fc 92 00 5a 37 ff de 1e ff d6 00 14 00 24 0a
[17:27:06.719] PACKET[TCP_prs2026hitl_7100] sensors: status=3840, uptime=757369, filtered_accel=[-0.03512, 0.9238, -0.34696], gyro=[-2.94, 1.4, 2.52]
[17:27:06.770] RX[TCP_prs2026hitl_7100]  01 0b 00 00 0b 8e dd ff fc 92 00 5a 43 ff dd f9 ff d5 00 18 00 22 0a
[17:27:06.772] PACKET[TCP_prs2026hitl_7100] sensors: status=2816, uptime=757469, filtered_accel=[-0.03512, 0.92428, -0.34844], gyro=[-3.01, 1.68, 2.38]
[17:27:06.874] RX[TCP_prs2026hitl_7100]  01 0b 00 00 0b 8f 41 ff fc 85 00 5a 43 ff de 05 ff d7 00 15 00 24 0a
[17:27:06.878] PACKET[TCP_prs2026hitl_7100] sensors: status=2816, uptime=757569, filtered_accel=[-0.03564, 0.92428, -0.34796], gyro=[-2.87, 1.47, 2.52]
[17:27:06.980] RX[TCP_prs2026hitl_7100]  01 0b 00 00 0b 8f a5 ff fc 9e 00 5a 37 ff dd f9 ff d6 00 15 00 25 0a
[17:27:06.982] PACKET[TCP_prs2026hitl_7100] sensors: status=2816, uptime=757669, filtered_accel=[-0.03464, 0.9238, -0.34844], gyro=[-2.94, 1.47, 2.59]
[17:27:07.083] RX[TCP_prs2026hitl_7100]  01 0f 00 00 0b 90 09 ff fc 92 00 5a 43 ff de 1e ff d6 00 16 00 24 0a
[17:27:07.086] PACKET[TCP_prs2026hitl_7100] sensors: status=3840, uptime=757769, filtered_accel=[-0.03512, 0.92428, -0.34696], gyro=[-2.94, 1.54, 2.52]
[17:27:07.136] RX[TCP_prs2026hitl_7101]  03 00 00 00 00 00 00 00 00 00 0d 65 bd 00 00 00 13 90 0a
[17:27:07.139] PACKET[TCP_prs2026hitl_7101] camera: fc_status=0, fc_uptime=0, status=0, uptime=878013, current_sense=[0.0, 0.0, 0.0], iris_battery_voltage=5.008
[17:27:07.189] RX[TCP_prs2026hitl_7100]  01 0f 00 00 0b 90 6d ff fc 9e 00 5a 37 ff de 1e ff d6 00 16 00 23 0a
[17:27:07.191] PACKET[TCP_prs2026hitl_7100] sensors: status=3840, uptime=757869, filtered_accel=[-0.03464, 0.9238, -0.34696], gyro=[-2.94, 1.54, 2.45]
[17:27:07.293] RX[TCP_prs2026hitl_7100]  01 0f 00 00 0b 90 d1 ff fc aa 00 5a 43 ff dd f9 ff d6 00 15 00 25 0a
[17:27:07.295] PACKET[TCP_prs2026hitl_7100] sensors: status=3840, uptime=757969, filtered_accel=[-0.03416, 0.92428, -0.34844], gyro=[-2.94, 1.47, 2.59]
[17:27:07.398] RX[TCP_prs2026hitl_7100]  01 0f 00 00 0b 91 35 ff fc 92 00 5a 43 ff de 2a ff d7 00 15 00 25 0a 02 10 00 00 0b 91 35 00 00 00 00 00 00 00 00 00 00 00 00 00 00 00 00 00 00 00 00 00 00 00 00 00 00 00 00 00 00 00 00 00 00
[17:27:07.404] PACKET[TCP_prs2026hitl_7100] sensors: status=3840, uptime=758069, filtered_accel=[-0.03512, 0.92428, -0.34648], gyro=[-2.87, 1.47, 2.59]
[17:27:07.459] RX[TCP_prs2026hitl_7100]  00 00 00 00 00 00 00 00 00 00 00 00 00 00 00 00 43 52 c1 75 13 50 0a ff 00 00 00 0b 91 35 0a
[17:27:07.460] PACKET[TCP_prs2026hitl_7100] state: status=4096, uptime=758069, orientation=[0.0, 0.0, 0.0, 0.0], position=[0.0, 0.0, 0.0], velocity=[0.0, 0.0, 0.0], latitude=0.0, longitude=0.0, gps_altitude=0.0, barometric_altitude=210.755692, witness_battery_voltage=4.944
[17:27:07.463] PACKET[TCP_prs2026hitl_7100] heartbeat: status=0, uptime=758069
[17:27:07.564] RX[TCP_prs2026hitl_7100]  01 0b 00 00 0b 91 99 ff fc aa 00 5a 43 ff de 05 ff d6 00 18 00 22 0a
[17:27:07.566] PACKET[TCP_prs2026hitl_7100] sensors: status=2816, uptime=758169, filtered_accel=[-0.03416, 0.92428, -0.34796], gyro=[-2.94, 1.68, 2.38]
[17:27:07.668] RX[TCP_prs2026hitl_7100]  01 0b 00 00 0b 91 fd ff fc 92 00 5a 43 ff de 12 ff d6 00 15 00 25 0a
[17:27:07.670] PACKET[TCP_prs2026hitl_7100] sensors: status=2816, uptime=758269, filtered_accel=[-0.03512, 0.92428, -0.34744], gyro=[-2.94, 1.47, 2.59]
[17:27:07.721] RX[TCP_prs2026hitl_7100]  01 0b 00 00 0b 92 61 ff fc 85 00 5a 2a ff dd f9 ff d7 00 15 00 25 0a
[17:27:07.723] PACKET[TCP_prs2026hitl_7100] sensors: status=2816, uptime=758369, filtered_accel=[-0.03564, 0.92328, -0.34844], gyro=[-2.87, 1.47, 2.59]
[17:27:07.824] RX[TCP_prs2026hitl_7100]  01 0f 00 00 0b 92 c5 ff fc 9e 00 5a 43 ff de 05 ff d5 00 17 00 23 0a
[17:27:07.828] PACKET[TCP_prs2026hitl_7100] sensors: status=3840, uptime=758469, filtered_accel=[-0.03464, 0.92428, -0.34796], gyro=[-3.01, 1.61, 2.45]
[17:27:07.879] RX[TCP_prs2026hitl_7100]  01 0f 00 00 0b 93 29 ff fc 92 00 5a 37 ff de 12 ff d6 00 16 00 23 0a
[17:27:07.882] PACKET[TCP_prs2026hitl_7100] sensors: status=3840, uptime=758569, filtered_accel=[-0.03512, 0.9238, -0.34744], gyro=[-2.94, 1.54, 2.45]
[17:27:07.982] RX[TCP_prs2026hitl_7100]  01 0f 00 00 0b 93 8d ff fc 9e 00 5a 37 ff de 1e ff d7 00 15 00 24 0a
[17:27:07.985] PACKET[TCP_prs2026hitl_7100] sensors: status=3840, uptime=758669, filtered_accel=[-0.03464, 0.9238, -0.34696], gyro=[-2.87, 1.47, 2.52]
[17:27:08.086] RX[TCP_prs2026hitl_7100]  01 0f 00 00 0b 93 f1 ff fc 9e 00 5a 37 ff dd f9 ff d7 00 15 00 24 0a
[17:27:08.088] PACKET[TCP_prs2026hitl_7100] sensors: status=3840, uptime=758769, filtered_accel=[-0.03464, 0.9238, -0.34844], gyro=[-2.87, 1.47, 2.52]
[17:27:08.139] RX[TCP_prs2026hitl_7101]  03 00 00 00 00 00 00 00 00 00 0d 69 a5 00 00 00 13 90 0a
[17:27:08.141] PACKET[TCP_prs2026hitl_7101] camera: fc_status=0, fc_uptime=0, status=0, uptime=879013, current_sense=[0.0, 0.0, 0.0], iris_battery_voltage=5.008
[17:27:08.191] RX[TCP_prs2026hitl_7100]  01 0b 00 00 0b 94 55 ff fc 85 00 5a 37 ff de 12 ff d6 00 17 00 23 0a
[17:27:08.193] PACKET[TCP_prs2026hitl_7100] sensors: status=2816, uptime=758869, filtered_accel=[-0.03564, 0.9238, -0.34744], gyro=[-2.94, 1.61, 2.45]
[17:27:08.294] RX[TCP_prs2026hitl_7100]  01 0b 00 00 0b 94 b9 ff fc 92 00 5a 37 ff de 05 ff d8 00 15 00 24 0a
[17:27:08.296] PACKET[TCP_prs2026hitl_7100] sensors: status=2816, uptime=758969, filtered_accel=[-0.03512, 0.9238, -0.34796], gyro=[-2.8, 1.47, 2.52]
[17:27:08.398] RX[TCP_prs2026hitl_7100]  01 0b 00 00 0b 95 1d ff fc 9e 00 5a 43 ff de 05 ff d6 00 15 00 25 0a 02 10 00 00 0b 95 1d 00 00 00 00 00 00 00 00 00 00 00 00 00 00 00 00 00 00 00 00 00 00 00 00 00 00 00 00 00 00 00 00 00 00
[17:27:08.400] PACKET[TCP_prs2026hitl_7100] sensors: status=2816, uptime=759069, filtered_accel=[-0.03464, 0.92428, -0.34796], gyro=[-2.94, 1.47, 2.59]
[17:27:08.451] RX[TCP_prs2026hitl_7100]  00 00 00 00 00 00 00 00 00 00 00 00 00 00 00 00 43 52 c1 75 13 50 0a ff 01 00 00 0b 95 1d 0a
[17:27:08.453] PACKET[TCP_prs2026hitl_7100] state: status=4096, uptime=759069, orientation=[0.0, 0.0, 0.0, 0.0], position=[0.0, 0.0, 0.0], velocity=[0.0, 0.0, 0.0], latitude=0.0, longitude=0.0, gps_altitude=0.0, barometric_altitude=210.755692, witness_battery_voltage=4.944
[17:27:08.455] PACKET[TCP_prs2026hitl_7100] heartbeat: status=256, uptime=759069
[17:27:08.555] RX[TCP_prs2026hitl_7100]  01 0f 00 00 0b 95 81 ff fc 85 00 5a 37 ff de 12 ff d5 00 17 00 23 0a
[17:27:08.558] PACKET[TCP_prs2026hitl_7100] sensors: status=3840, uptime=759169, filtered_accel=[-0.03564, 0.9238, -0.34744], gyro=[-3.01, 1.61, 2.45]
[17:27:08.660] RX[TCP_prs2026hitl_7100]  01 0f 00 00 0b 95 e5 ff fc 92 00 5a 37 ff dd f9 ff d6 00 17 00 23 0a
[17:27:08.663] PACKET[TCP_prs2026hitl_7100] sensors: status=3840, uptime=759269, filtered_accel=[-0.03512, 0.9238, -0.34844], gyro=[-2.94, 1.61, 2.45]
[17:27:08.713] RX[TCP_prs2026hitl_7100]  01 0f 00 00 0b 96 49 ff fc 92 00 5a 43 ff de 05 ff d7 00 15 00 23 0a
[17:27:08.717] PACKET[TCP_prs2026hitl_7100] sensors: status=3840, uptime=759369, filtered_accel=[-0.03512, 0.92428, -0.34796], gyro=[-2.87, 1.47, 2.45]
[17:27:08.818] RX[TCP_prs2026hitl_7100]  01 0f 00 00 0b 96 ad ff fc 92 00 5a 37 ff de 12 ff d6 00 15 00 24 0a
[17:27:08.820] PACKET[TCP_prs2026hitl_7100] sensors: status=3840, uptime=759469, filtered_accel=[-0.03512, 0.9238, -0.34744], gyro=[-2.94, 1.47, 2.52]
[17:27:08.870] RX[TCP_prs2026hitl_7100]  01 0b 00 00 0b 97 11 ff fc 85 00 5a 37 ff dd f9 ff d6 00 18 00 22 0a
[17:27:08.872] PACKET[TCP_prs2026hitl_7100] sensors: status=2816, uptime=759569, filtered_accel=[-0.03564, 0.9238, -0.34844], gyro=[-2.94, 1.68, 2.38]
[17:27:08.973] RX[TCP_prs2026hitl_7100]  01 0b 00 00 0b 97 75 ff fc 79 00 5a 2a ff de 05 ff d7 00 16 00 24 0a
[17:27:08.977] PACKET[TCP_prs2026hitl_7100] sensors: status=2816, uptime=759669, filtered_accel=[-0.03612, 0.92328, -0.34796], gyro=[-2.87, 1.54, 2.52]
[17:27:09.078] RX[TCP_prs2026hitl_7100]  01 0b 00 00 0b 97 d9 ff fc 85 00 5a 37 ff de 36 ff d6 00 15 00 24 0a
[17:27:09.080] PACKET[TCP_prs2026hitl_7100] sensors: status=2816, uptime=759769, filtered_accel=[-0.03564, 0.9238, -0.346], gyro=[-2.94, 1.47, 2.52]
[17:27:09.131] RX[TCP_prs2026hitl_7101]  03 00 00 00 00 00 00 00 00 00 0d 6d 8d 00 00 00 13 94 0a
[17:27:09.133] PACKET[TCP_prs2026hitl_7101] camera: fc_status=0, fc_uptime=0, status=0, uptime=880013, current_sense=[0.0, 0.0, 0.0], iris_battery_voltage=5.012
[17:27:09.184] RX[TCP_prs2026hitl_7100]  01 0f 00 00 0b 98 3d ff fc 85 00 5a 37 ff de 36 ff d5 00 17 00 23 0a
[17:27:09.186] PACKET[TCP_prs2026hitl_7100] sensors: status=3840, uptime=759869, filtered_accel=[-0.03564, 0.9238, -0.346], gyro=[-3.01, 1.61, 2.45]
[17:27:09.287] RX[TCP_prs2026hitl_7100]  01 0f 00 00 0b 98 a1 ff fc 92 00 5a 43 ff dd ed ff d7 00 16 00 23 0a
[17:27:09.289] PACKET[TCP_prs2026hitl_7100] sensors: status=3840, uptime=759969, filtered_accel=[-0.03512, 0.92428, -0.34892], gyro=[-2.87, 1.54, 2.45]
[17:27:09.390] RX[TCP_prs2026hitl_7100]  01 0f 00 00 0b 99 05 ff fc 9e 00 5a 37 ff de 1e ff d7 00 15 00 25 0a 02 10 00 00 0b 99 05 00 00 00 00 00 00 00 00 00 00 00 00 00 00 00 00 00 00 00 00 00 00 00 00 00 00 00 00 00 00 00 00 00 00
[17:27:09.395] PACKET[TCP_prs2026hitl_7100] sensors: status=3840, uptime=760069, filtered_accel=[-0.03464, 0.9238, -0.34696], gyro=[-2.87, 1.47, 2.59]
[17:27:09.496] RX[TCP_prs2026hitl_7100]  00 00 00 00 00 00 00 00 00 00 00 00 00 00 00 00 43 52 d7 c8 13 44 0a ff 00 00 00 0b 99 05 0a
[17:27:09.500] PACKET[TCP_prs2026hitl_7100] state: status=4096, uptime=760069, orientation=[0.0, 0.0, 0.0, 0.0], position=[0.0, 0.0, 0.0], velocity=[0.0, 0.0, 0.0], latitude=0.0, longitude=0.0, gps_altitude=0.0, barometric_altitude=210.842896, witness_battery_voltage=4.932
[17:27:09.501] PACKET[TCP_prs2026hitl_7100] heartbeat: status=0, uptime=760069
[17:27:09.552] RX[TCP_prs2026hitl_7100]  01 0f 00 00 0b 99 69 ff fc 85 00 5a 43 ff de 12 ff d6 00 15 00 25 0a
[17:27:09.555] PACKET[TCP_prs2026hitl_7100] sensors: status=3840, uptime=760169, filtered_accel=[-0.03564, 0.92428, -0.34744], gyro=[-2.94, 1.47, 2.59]
[17:27:09.657] RX[TCP_prs2026hitl_7100]  01 0b 00 00 0b 99 cd ff fc 85 00 5a 4f ff de 05 ff d6 00 17 00 22 0a
[17:27:09.660] PACKET[TCP_prs2026hitl_7100] sensors: status=2816, uptime=760269, filtered_accel=[-0.03564, 0.92476, -0.34796], gyro=[-2.94, 1.61, 2.38]
[17:27:09.710] RX[TCP_prs2026hitl_7100]  01 0b 00 00 0b 9a 31 ff fc 85 00 5a 43 ff dd f9 ff d7 00 15 00 24 0a
[17:27:09.713] PACKET[TCP_prs2026hitl_7100] sensors: status=2816, uptime=760369, filtered_accel=[-0.03564, 0.92428, -0.34844], gyro=[-2.87, 1.47, 2.52]
[17:27:09.814] RX[TCP_prs2026hitl_7100]  01 0b 00 00 0b 9a 95 ff fc 85 00 5a 2a ff de 12 ff d7 00 16 00 25 0a
[17:27:09.817] PACKET[TCP_prs2026hitl_7100] sensors: status=2816, uptime=760469, filtered_accel=[-0.03564, 0.92328, -0.34744], gyro=[-2.87, 1.54, 2.59]
[17:27:09.918] RX[TCP_prs2026hitl_7100]  01 0f 00 00 0b 9a f9 ff fc 9e 00 5a 43 ff de 12 ff d6 00 16 00 23 0a
[17:27:09.921] PACKET[TCP_prs2026hitl_7100] sensors: status=3840, uptime=760569, filtered_accel=[-0.03464, 0.92428, -0.34744], gyro=[-2.94, 1.54, 2.45]
[17:27:09.972] RX[TCP_prs2026hitl_7100]  01 0f 00 00 0b 9b 5d ff fc 9e 00 5a 37 ff de 05 ff d5 00 17 00 23 0a
[17:27:09.974] PACKET[TCP_prs2026hitl_7100] sensors: status=3840, uptime=760669, filtered_accel=[-0.03464, 0.9238, -0.34796], gyro=[-3.01, 1.61, 2.45]
[17:27:10.075] RX[TCP_prs2026hitl_7100]  01 0f 00 00 0b 9b c1 ff fc 92 00 5a 43 ff de 12 ff d7 00 15 00 24 0a
[17:27:10.077] PACKET[TCP_prs2026hitl_7100] sensors: status=3840, uptime=760769, filtered_accel=[-0.03512, 0.92428, -0.34744], gyro=[-2.87, 1.47, 2.52]
[17:27:10.128] RX[TCP_prs2026hitl_7101]  03 00 00 00 00 00 00 00 00 00 0d 71 75 00 00 00 13 90 0a
[17:27:10.130] PACKET[TCP_prs2026hitl_7101] camera: fc_status=0, fc_uptime=0, status=0, uptime=881013, current_sense=[0.0, 0.0, 0.0], iris_battery_voltage=5.008
[17:27:10.181] RX[TCP_prs2026hitl_7100]  01 0f 00 00 0b 9c 25 ff fc 92 00 5a 37 ff de 1e ff d7 00 15 00 25 0a
[17:27:10.183] PACKET[TCP_prs2026hitl_7100] sensors: status=3840, uptime=760869, filtered_accel=[-0.03512, 0.9238, -0.34696], gyro=[-2.87, 1.47, 2.59]
[17:27:10.284] RX[TCP_prs2026hitl_7100]  01 0b 00 00 0b 9c 89 ff fc 79 00 5a 43 ff de 12 ff d5 00 18 00 22 0a
[17:27:10.287] PACKET[TCP_prs2026hitl_7100] sensors: status=2816, uptime=760969, filtered_accel=[-0.03612, 0.92428, -0.34744], gyro=[-3.01, 1.68, 2.38]
[17:27:10.387] RX[TCP_prs2026hitl_7100]  01 0b 00 00 0b 9c ed ff fc 9e 00 5a 37 ff de 1e ff d6 00 15 00 24 0a 02 10 00 00 0b 9c ed 00 00 00 00 00 00 00 00 00 00 00 00 00 00 00 00 00 00 00 00 00 00 00 00 00 00 00 00 00 00 00 00 00 00
[17:27:10.391] PACKET[TCP_prs2026hitl_7100] sensors: status=2816, uptime=761069, filtered_accel=[-0.03464, 0.9238, -0.34696], gyro=[-2.94, 1.47, 2.52]
[17:27:10.443] RX[TCP_prs2026hitl_7100]  00 00 00 00 00 00 00 00 00 00 00 00 00 00 00 00 43 52 ab d0 13 50 0a ff 01 00 00 0b 9c ed 0a
[17:27:10.446] PACKET[TCP_prs2026hitl_7100] state: status=4096, uptime=761069, orientation=[0.0, 0.0, 0.0, 0.0], position=[0.0, 0.0, 0.0], velocity=[0.0, 0.0, 0.0], latitude=0.0, longitude=0.0, gps_altitude=0.0, barometric_altitude=210.671143, witness_battery_voltage=4.944
[17:27:10.447] PACKET[TCP_prs2026hitl_7100] heartbeat: status=256, uptime=761069
[17:27:10.549] RX[TCP_prs2026hitl_7100]  01 0b 00 00 0b 9d 51 ff fc 92 00 5a 37 ff de 1e ff d7 00 16 00 25 0a
[17:27:10.552] PACKET[TCP_prs2026hitl_7100] sensors: status=2816, uptime=761169, filtered_accel=[-0.03512, 0.9238, -0.34696], gyro=[-2.87, 1.54, 2.59]
[17:27:10.653] RX[TCP_prs2026hitl_7100]  01 0f 00 00 0b 9d b5 ff fc 92 00 5a 37 ff de 1e ff d5 00 17 00 23 0a
[17:27:10.656] PACKET[TCP_prs2026hitl_7100] sensors: status=3840, uptime=761269, filtered_accel=[-0.03512, 0.9238, -0.34696], gyro=[-3.01, 1.61, 2.45]
[17:27:10.706] RX[TCP_prs2026hitl_7100]  01 0f 00 00 0b 9e 19 ff fc 92 00 5a 37 ff dd f9 ff d6 00 16 00 23 0a
[17:27:10.709] PACKET[TCP_prs2026hitl_7100] sensors: status=3840, uptime=761369, filtered_accel=[-0.03512, 0.9238, -0.34844], gyro=[-2.94, 1.54, 2.45]
[17:27:10.809] RX[TCP_prs2026hitl_7100]  01 0f 00 00 0b 9e 7d ff fc 92 00 5a 4f ff de 05 ff d6 00 15 00 24 0a
[17:27:10.812] PACKET[TCP_prs2026hitl_7100] sensors: status=3840, uptime=761469, filtered_accel=[-0.03512, 0.92476, -0.34796], gyro=[-2.94, 1.47, 2.52]
[17:27:10.913] RX[TCP_prs2026hitl_7100]  01 0f 00 00 0b 9e e1 ff fc 92 00 5a 43 ff de 1e ff d7 00 15 00 25 0a
[17:27:10.915] PACKET[TCP_prs2026hitl_7100] sensors: status=3840, uptime=761569, filtered_accel=[-0.03512, 0.92428, -0.34696], gyro=[-2.87, 1.47, 2.59]
[17:27:11.015] RX[TCP_prs2026hitl_7100]  01 0b 00 00 0b 9f 45 ff fc 92 00 5a 2a ff de 12 ff d6 00 18 00 22 0a
[17:27:11.019] PACKET[TCP_prs2026hitl_7100] sensors: status=2816, uptime=761669, filtered_accel=[-0.03512, 0.92328, -0.34744], gyro=[-2.94, 1.68, 2.38]
[17:27:11.070] RX[TCP_prs2026hitl_7100]  01 0b 00 00 0b 9f a9 ff fc 85 00 5a 1e ff de 12 ff d7 00 16 00 25 0a
[17:27:11.072] PACKET[TCP_prs2026hitl_7100] sensors: status=2816, uptime=761769, filtered_accel=[-0.03564, 0.9228, -0.34744], gyro=[-2.87, 1.54, 2.59]
[17:27:11.123] RX[TCP_prs2026hitl_7101]  03 00 00 00 00 00 00 00 00 00 0d 75 5d 00 00 00 13 90 0a
[17:27:11.125] PACKET[TCP_prs2026hitl_7101] camera: fc_status=0, fc_uptime=0, status=0, uptime=882013, current_sense=[0.0, 0.0, 0.0], iris_battery_voltage=5.008
[17:27:11.175] RX[TCP_prs2026hitl_7100]  01 0f 00 00 0b a0 0d ff fc 92 00 5a 4f ff de 12 ff d7 00 15 00 24 0a
[17:27:11.178] PACKET[TCP_prs2026hitl_7100] sensors: status=3840, uptime=761869, filtered_accel=[-0.03512, 0.92476, -0.34744], gyro=[-2.87, 1.47, 2.52]
[17:27:11.279] RX[TCP_prs2026hitl_7100]  01 0f 00 00 0b a0 71 ff fc aa 00 5a 4f ff de 73 ff d4 00 16 00 22 0a
[17:27:11.282] PACKET[TCP_prs2026hitl_7100] sensors: status=3840, uptime=761969, filtered_accel=[-0.03416, 0.92476, -0.34356], gyro=[-3.08, 1.54, 2.38]
[17:27:11.384] RX[TCP_prs2026hitl_7100]  01 0f 00 00 0b a0 d5 ff fc 9e 00 5a 43 ff de 12 ff d7 00 15 00 24 0a 02 10 00 00 0b a0 d5 00 00 00 00 00 00 00 00 00 00 00 00 00 00 00 00 00 00 00 00 00 00 00 00 00 00 00 00 00 00 00 00 00 00
[17:27:11.389] PACKET[TCP_prs2026hitl_7100] sensors: status=3840, uptime=762069, filtered_accel=[-0.03464, 0.92428, -0.34744], gyro=[-2.87, 1.47, 2.52]
[17:27:11.440] RX[TCP_prs2026hitl_7100]  00 00 00 00 00 00 00 00 00 00 00 00 00 00 00 00 43 53 03 12 13 48 0a ff 00 00 00 0b a0 d5 0a
[17:27:11.442] PACKET[TCP_prs2026hitl_7100] state: status=4096, uptime=762069, orientation=[0.0, 0.0, 0.0, 0.0], position=[0.0, 0.0, 0.0], velocity=[0.0, 0.0, 0.0], latitude=0.0, longitude=0.0, gps_altitude=0.0, barometric_altitude=211.011993, witness_battery_voltage=4.936
[17:27:11.444] PACKET[TCP_prs2026hitl_7100] heartbeat: status=0, uptime=762069
[17:27:11.546] RX[TCP_prs2026hitl_7100]  01 0f 00 00 0b a1 39 ff fc 92 00 5a 43 ff dd ed ff d6 00 15 00 24 0a
[17:27:11.548] PACKET[TCP_prs2026hitl_7100] sensors: status=3840, uptime=762169, filtered_accel=[-0.03512, 0.92428, -0.34892], gyro=[-2.94, 1.47, 2.52]
[17:27:11.649] RX[TCP_prs2026hitl_7100]  01 0f 00 00 0b a1 9d ff fc aa 00 5a 37 ff de 12 ff d6 00 15 00 24 0a
[17:27:11.652] PACKET[TCP_prs2026hitl_7100] sensors: status=3840, uptime=762269, filtered_accel=[-0.03416, 0.9238, -0.34744], gyro=[-2.94, 1.47, 2.52]
[17:27:11.702] RX[TCP_prs2026hitl_7100]  01 0b 00 00 0b a2 01 ff fc 9e 00 5a 37 ff de 05 ff d6 00 18 00 22 0a
[17:27:11.705] PACKET[TCP_prs2026hitl_7100] sensors: status=2816, uptime=762369, filtered_accel=[-0.03464, 0.9238, -0.34796], gyro=[-2.94, 1.68, 2.38]
[17:27:11.806] RX[TCP_prs2026hitl_7100]  01 0b 00 00 0b a2 65 ff fc 30 00 59 e1 ff de 4f ff d9 00 16 00 23 0a
[17:27:11.809] PACKET[TCP_prs2026hitl_7100] sensors: status=2816, uptime=762469, filtered_accel=[-0.03904, 0.92036, -0.345], gyro=[-2.73, 1.54, 2.45]
[17:27:11.910] RX[TCP_prs2026hitl_7100]  01 0f 00 00 0b a2 c9 ff fc 85 00 59 fa ff dd f9 ff d8 00 16 00 25 0a
[17:27:11.913] PACKET[TCP_prs2026hitl_7100] sensors: status=3840, uptime=762569, filtered_accel=[-0.03564, 0.92136, -0.34844], gyro=[-2.8, 1.54, 2.59]
[17:27:11.963] RX[TCP_prs2026hitl_7100]  01 0f 00 00 0b a3 2d ff fc aa 00 5a 4f ff dd c8 ff d4 00 16 00 23 0a
[17:27:11.965] PACKET[TCP_prs2026hitl_7100] sensors: status=3840, uptime=762669, filtered_accel=[-0.03416, 0.92476, -0.3504], gyro=[-3.08, 1.54, 2.45]
[17:27:12.066] RX[TCP_prs2026hitl_7100]  01 0f 00 00 0b a3 91 ff fc 9e 00 5a 43 ff de 2a ff d5 00 18 00 21 0a
[17:27:12.069] PACKET[TCP_prs2026hitl_7100] sensors: status=3840, uptime=762769, filtered_accel=[-0.03464, 0.92428, -0.34648], gyro=[-3.01, 1.68, 2.31]
[17:27:12.119] RX[TCP_prs2026hitl_7101]  03 00 00 00 00 00 00 00 00 00 0d 79 45 00 00 00 13 94 0a
[17:27:12.122] PACKET[TCP_prs2026hitl_7101] camera: fc_status=0, fc_uptime=0, status=0, uptime=883013, current_sense=[0.0, 0.0, 0.0], iris_battery_voltage=5.012
[17:27:12.172] RX[TCP_prs2026hitl_7100]  01 0f 00 00 0b a3 f5 ff fc b6 00 5a 4f ff de 12 ff d6 00 15 00 24 0a
[17:27:12.175] PACKET[TCP_prs2026hitl_7100] sensors: status=3840, uptime=762869, filtered_accel=[-0.03368, 0.92476, -0.34744], gyro=[-2.94, 1.47, 2.52]
[17:27:12.276] RX[TCP_prs2026hitl_7100]  01 0f 00 00 0b a4 59 ff fc cf 00 5a 43 ff dc ed ff db 00 17 00 25 0a
[17:27:12.278] PACKET[TCP_prs2026hitl_7100] sensors: status=3840, uptime=762969, filtered_accel=[-0.03268, 0.92428, -0.35916], gyro=[-2.59, 1.61, 2.59]
[17:27:12.380] RX[TCP_prs2026hitl_7100]  01 0b 00 00 0b a4 bd ff fb db 00 5a 4f ff dd d5 ff d4 00 17 00 22 0a 02 10 00 00 0b a4 bd 00 00 00 00 00 00 00 00 00 00 00 00 00 00 00 00 00 00 00 00 00 00 00 00 00 00 00 00 00 00 00 00 00 00
[17:27:12.382] PACKET[TCP_prs2026hitl_7100] sensors: status=2816, uptime=763069, filtered_accel=[-0.04244, 0.92476, -0.34988], gyro=[-3.08, 1.61, 2.38]
[17:27:12.483] RX[TCP_prs2026hitl_7100]  00 00 00 00 00 00 00 00 00 00 00 00 00 00 00 00 43 52 c1 75 13 48 0a ff 01 00 00 0b a4 bd 0a
[17:27:12.485] PACKET[TCP_prs2026hitl_7100] state: status=4096, uptime=763069, orientation=[0.0, 0.0, 0.0, 0.0], position=[0.0, 0.0, 0.0], velocity=[0.0, 0.0, 0.0], latitude=0.0, longitude=0.0, gps_altitude=0.0, barometric_altitude=210.755692, witness_battery_voltage=4.936
[17:27:12.487] PACKET[TCP_prs2026hitl_7100] heartbeat: status=256, uptime=763069
[17:27:12.588] RX[TCP_prs2026hitl_7100]  01 0b 00 00 0b a5 21 ff fc 92 00 59 ed ff dd d5 ff d8 00 16 00 25 0a
[17:27:12.591] PACKET[TCP_prs2026hitl_7100] sensors: status=2816, uptime=763169, filtered_accel=[-0.03512, 0.92084, -0.34988], gyro=[-2.8, 1.54, 2.59]
[17:27:12.642] RX[TCP_prs2026hitl_7100]  01 0f 00 00 0b a5 85 ff fc 85 00 5a 1e ff de 2a ff d8 00 15 00 24 0a
[17:27:12.644] PACKET[TCP_prs2026hitl_7100] sensors: status=3840, uptime=763269, filtered_accel=[-0.03564, 0.9228, -0.34648], gyro=[-2.8, 1.47, 2.52]
[17:27:12.745] RX[TCP_prs2026hitl_7100]  01 0f 00 00 0b a5 e9 ff fc aa 00 5a 4f ff de 42 ff d5 00 17 00 23 0a
[17:27:12.748] PACKET[TCP_prs2026hitl_7100] sensors: status=3840, uptime=763369, filtered_accel=[-0.03416, 0.92476, -0.34552], gyro=[-3.01, 1.61, 2.45]
[17:27:12.849] RX[TCP_prs2026hitl_7100]  01 0f 00 00 0b a6 4d ff fc 85 00 5a 1e ff de 05 ff d6 00 17 00 23 0a
[17:27:12.851] PACKET[TCP_prs2026hitl_7100] sensors: status=3840, uptime=763469, filtered_accel=[-0.03564, 0.9228, -0.34796], gyro=[-2.94, 1.61, 2.45]
[17:27:13.053] RX[TCP_prs2026hitl_7100]  01 0f 00 00 0b a6 b1 ff fc aa 00 5a 80 ff dd d5 ff d6 00 15 00 25 0a
[17:27:13.055] PACKET[TCP_prs2026hitl_7100] sensors: status=3840, uptime=763569, filtered_accel=[-0.03416, 0.92672, -0.34988], gyro=[-2.94, 1.47, 2.59]
[17:27:13.106] RX[TCP_prs2026hitl_7101]  03 00 00 00 00 00 00 00 00 00 0d 7d 2d 00 00 00 13 90 0a
[17:27:13.108] PACKET[TCP_prs2026hitl_7101] camera: fc_status=0, fc_uptime=0, status=0, uptime=884013, current_sense=[0.0, 0.0, 0.0], iris_battery_voltage=5.008
[17:27:13.109] RX[TCP_prs2026hitl_7100]  01 0f 00 00 0b a7 15 ff fc 9e 00 5a 43 ff de 12 ff d6 00 15 00 26 0a 01 0b 00 00 0b a7 79 ff fc 85 00 5a 37 ff de 05 ff d6 00 18 00 23 0a
[17:27:13.110] PACKET[TCP_prs2026hitl_7100] sensors: status=3840, uptime=763669, filtered_accel=[-0.03464, 0.92428, -0.34744], gyro=[-2.94, 1.47, 2.66]
[17:27:13.112] PACKET[TCP_prs2026hitl_7100] sensors: status=2816, uptime=763769, filtered_accel=[-0.03564, 0.9238, -0.34796], gyro=[-2.94, 1.68, 2.45]
[17:27:13.213] RX[TCP_prs2026hitl_7100]  01 0b 00 00 0b a7 dd ff fc 6d 00 5a 06 ff de 5b ff d7 00 16 00 26 0a
[17:27:13.216] PACKET[TCP_prs2026hitl_7100] sensors: status=2816, uptime=763869, filtered_accel=[-0.0366, 0.92184, -0.34452], gyro=[-2.87, 1.54, 2.66]
[17:27:13.267] RX[TCP_prs2026hitl_7100]  01 0f 00 00 0b a8 41 ff fc 92 00 5a 06 ff dd ed ff d5 00 15 00 26 0a
[17:27:13.270] PACKET[TCP_prs2026hitl_7100] sensors: status=3840, uptime=763969, filtered_accel=[-0.03512, 0.92184, -0.34892], gyro=[-3.01, 1.47, 2.66]
[17:27:13.370] RX[TCP_prs2026hitl_7100]  01 0f 00 00 0b a8 a5 ff fc 92 00 5a 12 ff de 1e ff d8 00 18 00 22 0a 02 10 00 00 0b a8 a5 00 00 00 00 00 00 00 00 00 00 00 00 00 00 00 00 00 00 00 00 00 00 00 00 00 00 00 00 00 00 00 00 00 00
[17:27:13.372] PACKET[TCP_prs2026hitl_7100] sensors: status=3840, uptime=764069, filtered_accel=[-0.03512, 0.92232, -0.34696], gyro=[-2.8, 1.68, 2.38]
[17:27:13.523] RX[TCP_prs2026hitl_7100]  00 00 00 00 00 00 00 00 00 00 00 00 00 00 00 00 43 52 ed 6d 13 48 0a ff 00 00 00 0b a8 a5 0a 01 0f 00 00 0b a9 09 ff fc 92 00 5a 4f ff de 05 ff d5 00 17 00 24 0a
[17:27:13.532] PACKET[TCP_prs2026hitl_7100] state: status=4096, uptime=764069, orientation=[0.0, 0.0, 0.0, 0.0], position=[0.0, 0.0, 0.0], velocity=[0.0, 0.0, 0.0], latitude=0.0, longitude=0.0, gps_altitude=0.0, barometric_altitude=210.927444, witness_battery_voltage=4.936
[17:27:13.538] PACKET[TCP_prs2026hitl_7100] heartbeat: status=0, uptime=764069
[17:27:13.540] PACKET[TCP_prs2026hitl_7100] sensors: status=3840, uptime=764169, filtered_accel=[-0.03512, 0.92476, -0.34796], gyro=[-3.01, 1.61, 2.52]
[17:27:13.641] RX[TCP_prs2026hitl_7100]  01 0f 00 00 0b a9 6d ff fc 85 00 5a 37 ff dd ed ff d5 00 16 00 24 0a
[17:27:13.646] PACKET[TCP_prs2026hitl_7100] sensors: status=3840, uptime=764269, filtered_accel=[-0.03564, 0.9238, -0.34892], gyro=[-3.01, 1.54, 2.52]
[17:27:13.746] RX[TCP_prs2026hitl_7100]  01 0f 00 00 0b a9 d1 ff fc 92 00 5a 43 ff de 05 ff d6 00 15 00 25 0a
[17:27:13.749] PACKET[TCP_prs2026hitl_7100] sensors: status=3840, uptime=764369, filtered_accel=[-0.03512, 0.92428, -0.34796], gyro=[-2.94, 1.47, 2.59]
[17:27:13.799] RX[TCP_prs2026hitl_7100]  01 0b 00 00 0b aa 35 ff fc 85 00 5a 2a ff de 1e ff d7 00 16 00 22 0a
[17:27:13.801] PACKET[TCP_prs2026hitl_7100] sensors: status=2816, uptime=764469, filtered_accel=[-0.03564, 0.92328, -0.34696], gyro=[-2.87, 1.54, 2.38]
[17:27:13.903] RX[TCP_prs2026hitl_7100]  01 0b 00 00 0b aa 99 ff fc 92 00 5a 43 ff de 05 ff d7 00 17 00 24 0a
[17:27:13.905] PACKET[TCP_prs2026hitl_7100] sensors: status=2816, uptime=764569, filtered_accel=[-0.03512, 0.92428, -0.34796], gyro=[-2.87, 1.61, 2.52]
[17:27:14.006] RX[TCP_prs2026hitl_7100]  01 0f 00 00 0b aa fd ff fc 92 00 5a 43 ff de 1e ff d7 00 15 00 24 0a
[17:27:14.010] PACKET[TCP_prs2026hitl_7100] sensors: status=3840, uptime=764669, filtered_accel=[-0.03512, 0.92428, -0.34696], gyro=[-2.87, 1.47, 2.52]
[17:27:14.112] RX[TCP_prs2026hitl_7100]  01 0f 00 00 0b ab 61 ff fc 85 00 5a 5b ff de 05 ff d6 00 18 00 22 0a
[17:27:14.118] PACKET[TCP_prs2026hitl_7100] sensors: status=3840, uptime=764769, filtered_accel=[-0.03564, 0.92524, -0.34796], gyro=[-2.94, 1.68, 2.38]
[17:27:14.118] RX[TCP_prs2026hitl_7101]  03 00 00 00 00 00 00 00 00 00 0d 81 15 00 00 00 13 90 0a
[17:27:14.120] PACKET[TCP_prs2026hitl_7101] camera: fc_status=0, fc_uptime=0, status=0, uptime=885013, current_sense=[0.0, 0.0, 0.0], iris_battery_voltage=5.008
[17:27:14.170] RX[TCP_prs2026hitl_7100]  01 0f 00 00 0b ab c5 ff fc 92 00 5a 4f ff de 12 ff d7 00 16 00 24 0a
[17:27:14.173] PACKET[TCP_prs2026hitl_7100] sensors: status=3840, uptime=764869, filtered_accel=[-0.03512, 0.92476, -0.34744], gyro=[-2.87, 1.54, 2.52]
[17:27:14.274] RX[TCP_prs2026hitl_7100]  01 0f 00 00 0b ac 29 ff fc 92 00 5a 43 ff de 05 ff d7 00 15 00 25 0a
[17:27:14.276] PACKET[TCP_prs2026hitl_7100] sensors: status=3840, uptime=764969, filtered_accel=[-0.03512, 0.92428, -0.34796], gyro=[-2.87, 1.47, 2.59]
[17:27:14.376] RX[TCP_prs2026hitl_7100]  01 0b 00 00 0b ac 8d ff fc 9e 00 5a 37 ff dd f9 ff d6 00 15 00 24 0a 02 10 00 00 0b ac 8d 00 00 00 00 00 00 00 00 00 00 00 00 00 00 00 00 00 00 00 00 00 00 00 00 00 00 00 00 00 00 00 00 00 00
[17:27:14.380] PACKET[TCP_prs2026hitl_7100] sensors: status=2816, uptime=765069, filtered_accel=[-0.03464, 0.9238, -0.34844], gyro=[-2.94, 1.47, 2.52]
[17:27:14.481] RX[TCP_prs2026hitl_7100]  00 00 00 00 00 00 00 00 00 00 00 00 00 00 00 00 43 53 03 12 13 50 0a ff 01 00 00 0b ac 8d 0a
[17:27:14.484] PACKET[TCP_prs2026hitl_7100] state: status=4096, uptime=765069, orientation=[0.0, 0.0, 0.0, 0.0], position=[0.0, 0.0, 0.0], velocity=[0.0, 0.0, 0.0], latitude=0.0, longitude=0.0, gps_altitude=0.0, barometric_altitude=211.011993, witness_battery_voltage=4.944
[17:27:14.487] PACKET[TCP_prs2026hitl_7100] heartbeat: status=256, uptime=765069
[17:27:14.587] RX[TCP_prs2026hitl_7100]  01 0b 00 00 0b ac f1 ff fc 92 00 5a 43 ff de 05 ff d6 00 16 00 24 0a
[17:27:14.591] PACKET[TCP_prs2026hitl_7100] sensors: status=2816, uptime=765169, filtered_accel=[-0.03512, 0.92428, -0.34796], gyro=[-2.94, 1.54, 2.52]
[17:27:14.642] RX[TCP_prs2026hitl_7100]  01 0b 00 00 0b ad 55 ff fc 85 00 5a 37 ff de 05 ff d7 00 15 00 24 0a
[17:27:14.646] PACKET[TCP_prs2026hitl_7100] sensors: status=2816, uptime=765269, filtered_accel=[-0.03564, 0.9238, -0.34796], gyro=[-2.87, 1.47, 2.52]
[17:27:14.747] RX[TCP_prs2026hitl_7100]  01 0f 00 00 0b ad b9 ff fc 85 00 5a 37 ff dd d5 ff d7 00 15 00 25 0a
[17:27:14.749] PACKET[TCP_prs2026hitl_7100] sensors: status=3840, uptime=765369, filtered_accel=[-0.03564, 0.9238, -0.34988], gyro=[-2.87, 1.47, 2.59]
[17:27:14.850] RX[TCP_prs2026hitl_7100]  01 0f 00 00 0b ae 1d ff fc aa 00 5a 5b ff dd ed ff d5 00 17 00 23 0a
[17:27:14.853] PACKET[TCP_prs2026hitl_7100] sensors: status=3840, uptime=765469, filtered_accel=[-0.03416, 0.92524, -0.34892], gyro=[-3.01, 1.61, 2.45]
[17:27:14.904] RX[TCP_prs2026hitl_7100]  01 0f 00 00 0b ae 81 ff fc 92 00 5a 37 ff de 2a ff d6 00 15 00 23 0a
[17:27:14.907] PACKET[TCP_prs2026hitl_7100] sensors: status=3840, uptime=765569, filtered_accel=[-0.03512, 0.9238, -0.34648], gyro=[-2.94, 1.47, 2.45]
[17:27:15.008] RX[TCP_prs2026hitl_7100]  01 0f 00 00 0b ae e5 ff fc aa 00 5a 67 ff dd a4 ff d5 00 15 00 26 0a
[17:27:15.010] PACKET[TCP_prs2026hitl_7100] sensors: status=3840, uptime=765669, filtered_accel=[-0.03416, 0.92572, -0.35184], gyro=[-3.01, 1.47, 2.66]
[17:27:15.111] RX[TCP_prs2026hitl_7100]  01 0b 00 00 0b af 49 ff fc 85 00 5a 37 ff dd 98 ff d8 00 16 00 25 0a
[17:27:15.114] PACKET[TCP_prs2026hitl_7100] sensors: status=2816, uptime=765769, filtered_accel=[-0.03564, 0.9238, -0.35232], gyro=[-2.8, 1.54, 2.59]
[17:27:15.114] RX[TCP_prs2026hitl_7101]  03 00 00 00 00 00 00 00 00 00 0d 84 fd 00 00 00 13 90 0a
[17:27:15.116] PACKET[TCP_prs2026hitl_7101] camera: fc_status=0, fc_uptime=0, status=0, uptime=886013, current_sense=[0.0, 0.0, 0.0], iris_battery_voltage=5.008
[17:27:15.166] RX[TCP_prs2026hitl_7100]  01 0b 00 00 0b af ad ff fc 85 00 5a 37 ff dd f9 ff d6 00 16 00 23 0a
[17:27:15.169] PACKET[TCP_prs2026hitl_7100] sensors: status=2816, uptime=765869, filtered_accel=[-0.03564, 0.9238, -0.34844], gyro=[-2.94, 1.54, 2.45]
[17:27:15.270] RX[TCP_prs2026hitl_7100]  01 0b 00 00 0b b0 11 ff fc 9e 00 5a 43 ff dd f9 ff d7 00 16 00 24 0a
[17:27:15.272] PACKET[TCP_prs2026hitl_7100] sensors: status=2816, uptime=765969, filtered_accel=[-0.03464, 0.92428, -0.34844], gyro=[-2.87, 1.54, 2.52]
[17:27:15.373] RX[TCP_prs2026hitl_7100]  01 0f 00 00 0b b0 75 ff fc 85 00 5a 43 ff dd f9 ff d7 00 16 00 24 0a 02 10 00 00 0b b0 75 00 00 00 00 00 00 00 00 00 00 00 00 00 00 00 00 00 00 00 00 00 00 00 00 00 00 00 00 00 00 00 00 00 00
[17:27:15.375] PACKET[TCP_prs2026hitl_7100] sensors: status=3840, uptime=766069, filtered_accel=[-0.03564, 0.92428, -0.34844], gyro=[-2.87, 1.54, 2.52]
[17:27:15.476] RX[TCP_prs2026hitl_7100]  00 00 00 00 00 00 00 00 00 00 00 00 00 00 00 00 43 52 c1 75 13 48 0a ff 00 00 00 0b b0 75 0a
[17:27:15.480] PACKET[TCP_prs2026hitl_7100] state: status=4096, uptime=766069, orientation=[0.0, 0.0, 0.0, 0.0], position=[0.0, 0.0, 0.0], velocity=[0.0, 0.0, 0.0], latitude=0.0, longitude=0.0, gps_altitude=0.0, barometric_altitude=210.755692, witness_battery_voltage=4.936
[17:27:15.482] PACKET[TCP_prs2026hitl_7100] heartbeat: status=0, uptime=766069
[17:27:15.582] RX[TCP_prs2026hitl_7100]  01 0f 00 00 0b b0 d9 ff fc 92 00 5a 4f ff de 05 ff d6 00 17 00 22 0a
[17:27:15.585] PACKET[TCP_prs2026hitl_7100] sensors: status=3840, uptime=766169, filtered_accel=[-0.03512, 0.92476, -0.34796], gyro=[-2.94, 1.61, 2.38]
[17:27:15.686] RX[TCP_prs2026hitl_7100]  01 0f 00 00 0b b1 3d ff fc 92 00 5a 43 ff de 1e ff d7 00 15 00 24 0a
[17:27:15.689] PACKET[TCP_prs2026hitl_7100] sensors: status=3840, uptime=766269, filtered_accel=[-0.03512, 0.92428, -0.34696], gyro=[-2.87, 1.47, 2.52]
[17:27:15.790] RX[TCP_prs2026hitl_7100]  01 0f 00 00 0b b1 a1 ff fc 92 00 5a 37 ff de 12 ff d7 00 15 00 24 0a
[17:27:15.795] PACKET[TCP_prs2026hitl_7100] sensors: status=3840, uptime=766369, filtered_accel=[-0.03512, 0.9238, -0.34744], gyro=[-2.87, 1.47, 2.52]
[17:27:15.846] RX[TCP_prs2026hitl_7100]  01 0b 00 00 0b b2 05 ff fc 92 00 5a 43 ff de 1e ff d6 00 15 00 25 0a
[17:27:15.848] PACKET[TCP_prs2026hitl_7100] sensors: status=2816, uptime=766469, filtered_accel=[-0.03512, 0.92428, -0.34696], gyro=[-2.94, 1.47, 2.59]
[17:27:15.951] RX[TCP_prs2026hitl_7100]  01 0b 00 00 0b b2 69 ff fc 92 00 5a 37 ff de 12 ff d5 00 17 00 23 0a
[17:27:15.954] PACKET[TCP_prs2026hitl_7100] sensors: status=2816, uptime=766569, filtered_accel=[-0.03512, 0.9238, -0.34744], gyro=[-3.01, 1.61, 2.45]
[17:27:16.106] RX[TCP_prs2026hitl_7100]  01 0b 00 00 0b b2 cd ff fc 85 00 5a 2a ff dd f9 ff d7 00 16 00 24 0a 01 0f 00 00 0b b3 31 ff fc 6d 00 59 fa ff de b0 ff d7 00 15 00 24 0a
[17:27:16.109] PACKET[TCP_prs2026hitl_7100] sensors: status=2816, uptime=766669, filtered_accel=[-0.03564, 0.92328, -0.34844], gyro=[-2.87, 1.54, 2.52]
[17:27:16.111] PACKET[TCP_prs2026hitl_7100] sensors: status=3840, uptime=766769, filtered_accel=[-0.0366, 0.92136, -0.34112], gyro=[-2.87, 1.47, 2.52]
[17:27:16.111] RX[TCP_prs2026hitl_7101]  03 00 00 00 00 00 00 00 00 00 0d 88 e5 00 00 00 13 94 0a
[17:27:16.113] PACKET[TCP_prs2026hitl_7101] camera: fc_status=0, fc_uptime=0, status=0, uptime=887013, current_sense=[0.0, 0.0, 0.0], iris_battery_voltage=5.012
[17:27:16.213] RX[TCP_prs2026hitl_7100]  01 0f 00 00 0b b3 95 ff fc 6d 00 5a 2a ff de 1e ff d6 00 18 00 22 0a
[17:27:16.215] PACKET[TCP_prs2026hitl_7100] sensors: status=3840, uptime=766869, filtered_accel=[-0.0366, 0.92328, -0.34696], gyro=[-2.94, 1.68, 2.38]
[17:27:16.317] RX[TCP_prs2026hitl_7100]  01 0f 00 00 0b b3 f9 ff fc aa 00 5a 4f ff de 1e ff d8 00 17 00 22 0a
[17:27:16.319] PACKET[TCP_prs2026hitl_7100] sensors: status=3840, uptime=766969, filtered_accel=[-0.03416, 0.92476, -0.34696], gyro=[-2.8, 1.61, 2.38]
[17:27:16.370] RX[TCP_prs2026hitl_7100]  01 0f 00 00 0b b4 5d ff fc 92 00 5a 37 ff de 36 ff d8 00 15 00 23 0a 02 10 00 00 0b b4 5d 00 00 00 00 00 00 00 00 00 00 00 00 00 00 00 00 00 00 00 00 00 00 00 00 00 00 00 00 00 00 00 00 00 00
[17:27:16.372] PACKET[TCP_prs2026hitl_7100] sensors: status=3840, uptime=767069, filtered_accel=[-0.03512, 0.9238, -0.346], gyro=[-2.8, 1.47, 2.45]
[17:27:16.473] RX[TCP_prs2026hitl_7100]  00 00 00 00 00 00 00 00 00 00 00 00 00 00 00 00 43 53 18 b7 13 48 0a ff 01 00 00 0b b4 5d 0a
[17:27:16.475] PACKET[TCP_prs2026hitl_7100] state: status=4096, uptime=767069, orientation=[0.0, 0.0, 0.0, 0.0], position=[0.0, 0.0, 0.0], velocity=[0.0, 0.0, 0.0], latitude=0.0, longitude=0.0, gps_altitude=0.0, barometric_altitude=211.096542, witness_battery_voltage=4.936
[17:27:16.477] PACKET[TCP_prs2026hitl_7100] heartbeat: status=256, uptime=767069
[17:27:16.528] RX[TCP_prs2026hitl_7100]  01 0b 00 00 0b b4 c1 ff fc 92 00 5a 43 ff de 1e ff d6 00 15 00 24 0a
[17:27:16.530] PACKET[TCP_prs2026hitl_7100] sensors: status=2816, uptime=767169, filtered_accel=[-0.03512, 0.92428, -0.34696], gyro=[-2.94, 1.47, 2.52]
[17:27:16.637] RX[TCP_prs2026hitl_7100]  01 0b 00 00 0b b5 25 ff fc 92 00 5a 43 ff dd f9 ff d6 00 17 00 23 0a
[17:27:16.640] PACKET[TCP_prs2026hitl_7100] sensors: status=2816, uptime=767269, filtered_accel=[-0.03512, 0.92428, -0.34844], gyro=[-2.94, 1.61, 2.45]
[17:27:16.691] RX[TCP_prs2026hitl_7100]  01 0b 00 00 0b b5 89 ff fc b6 00 5a 4f ff de 05 ff d5 00 15 00 25 0a
[17:27:16.693] PACKET[TCP_prs2026hitl_7100] sensors: status=2816, uptime=767369, filtered_accel=[-0.03368, 0.92476, -0.34796], gyro=[-3.01, 1.47, 2.59]
[17:27:16.794] RX[TCP_prs2026hitl_7100]  01 0f 00 00 0b b5 ed ff fc 85 00 5a 2a ff de 12 ff d6 00 15 00 24 0a
[17:27:16.796] PACKET[TCP_prs2026hitl_7100] sensors: status=3840, uptime=767469, filtered_accel=[-0.03564, 0.92328, -0.34744], gyro=[-2.94, 1.47, 2.52]
[17:27:16.897] RX[TCP_prs2026hitl_7100]  01 0f 00 00 0b b6 51 ff fc 92 00 5a 43 ff de 05 ff d5 00 18 00 22 0a
[17:27:16.900] PACKET[TCP_prs2026hitl_7100] sensors: status=3840, uptime=767569, filtered_accel=[-0.03512, 0.92428, -0.34796], gyro=[-3.01, 1.68, 2.38]
[17:27:17.001] RX[TCP_prs2026hitl_7100]  01 0f 00 00 0b b6 b5 ff fc 92 00 5a 43 ff de 12 ff d7 00 15 00 25 0a
[17:27:17.004] PACKET[TCP_prs2026hitl_7100] sensors: status=3840, uptime=767669, filtered_accel=[-0.03512, 0.92428, -0.34744], gyro=[-2.87, 1.47, 2.59]
[17:27:17.105] RX[TCP_prs2026hitl_7100]  01 0f 00 00 0b b7 19 ff fc 9e 00 5a 2a ff de 05 ff d6 00 16 00 25 0a
[17:27:17.108] PACKET[TCP_prs2026hitl_7100] sensors: status=3840, uptime=767769, filtered_accel=[-0.03464, 0.92328, -0.34796], gyro=[-2.94, 1.54, 2.59]
[17:27:17.108] RX[TCP_prs2026hitl_7101]  03 00 00 00 00 00 00 00 00 00 0d 8c cd 00 00 00 13 90 0a
[17:27:17.110] PACKET[TCP_prs2026hitl_7101] camera: fc_status=0, fc_uptime=0, status=0, uptime=888013, current_sense=[0.0, 0.0, 0.0], iris_battery_voltage=5.008
[17:27:17.211] RX[TCP_prs2026hitl_7100]  01 0b 00 00 0b b7 7d ff fc 92 00 5a 43 ff de 05 ff d6 00 15 00 25 0a
[17:27:17.213] PACKET[TCP_prs2026hitl_7100] sensors: status=2816, uptime=767869, filtered_accel=[-0.03512, 0.92428, -0.34796], gyro=[-2.94, 1.47, 2.59]
[17:27:17.264] RX[TCP_prs2026hitl_7100]  01 0b 00 00 0b b7 e1 ff fc 85 00 5a 2a ff de 05 ff d7 00 17 00 21 0a
[17:27:17.266] PACKET[TCP_prs2026hitl_7100] sensors: status=2816, uptime=767969, filtered_accel=[-0.03564, 0.92328, -0.34796], gyro=[-2.87, 1.61, 2.31]
[17:27:17.367] RX[TCP_prs2026hitl_7100]  01 0b 00 00 0b b8 45 ff fc 85 00 5a 37 ff de 1e ff d7 00 15 00 24 0a 02 10 00 00 0b b8 45 00 00 00 00 00 00 00 00 00 00 00 00 00 00 00 00 00 00 00 00 00 00 00 00 00 00 00 00 00 00 00 00 00 00
[17:27:17.369] PACKET[TCP_prs2026hitl_7100] sensors: status=2816, uptime=768069, filtered_accel=[-0.03564, 0.9238, -0.34696], gyro=[-2.87, 1.47, 2.52]
[17:27:17.470] RX[TCP_prs2026hitl_7100]  00 00 00 00 00 00 00 00 00 00 00 00 00 00 00 00 43 52 ed 6d 13 44 0a ff 00 00 00 0b b8 45 0a
[17:27:17.473] PACKET[TCP_prs2026hitl_7100] state: status=4096, uptime=768069, orientation=[0.0, 0.0, 0.0, 0.0], position=[0.0, 0.0, 0.0], velocity=[0.0, 0.0, 0.0], latitude=0.0, longitude=0.0, gps_altitude=0.0, barometric_altitude=210.927444, witness_battery_voltage=4.932
[17:27:17.474] PACKET[TCP_prs2026hitl_7100] heartbeat: status=0, uptime=768069
[17:27:17.525] RX[TCP_prs2026hitl_7100]  01 0f 00 00 0b b8 a9 ff fc 9e 00 5a 4f ff de 05 ff d7 00 15 00 25 0a
[17:27:17.529] PACKET[TCP_prs2026hitl_7100] sensors: status=3840, uptime=768169, filtered_accel=[-0.03464, 0.92476, -0.34796], gyro=[-2.87, 1.47, 2.59]
[17:27:17.630] RX[TCP_prs2026hitl_7100]  01 0f 00 00 0b b9 0d ff fc 9e 00 5a 43 ff de 12 ff d6 00 17 00 23 0a
[17:27:17.634] PACKET[TCP_prs2026hitl_7100] sensors: status=3840, uptime=768269, filtered_accel=[-0.03464, 0.92428, -0.34744], gyro=[-2.94, 1.61, 2.45]
[17:27:17.735] RX[TCP_prs2026hitl_7100]  01 0f 00 00 0b b9 71 ff fc 85 00 5a 37 ff de 1e ff d6 00 16 00 24 0a
[17:27:17.737] PACKET[TCP_prs2026hitl_7100] sensors: status=3840, uptime=768369, filtered_accel=[-0.03564, 0.9238, -0.34696], gyro=[-2.94, 1.54, 2.52]
[17:27:17.838] RX[TCP_prs2026hitl_7100]  01 0f 00 00 0b b9 d5 ff fc 92 00 5a 2a ff de 12 ff d7 00 15 00 25 0a
[17:27:17.841] PACKET[TCP_prs2026hitl_7100] sensors: status=3840, uptime=768469, filtered_accel=[-0.03512, 0.92328, -0.34744], gyro=[-2.87, 1.47, 2.59]
[17:27:17.892] RX[TCP_prs2026hitl_7100]  01 0b 00 00 0b ba 39 ff fc 92 00 5a 37 ff de 05 ff d6 00 16 00 25 0a
[17:27:17.895] PACKET[TCP_prs2026hitl_7100] sensors: status=2816, uptime=768569, filtered_accel=[-0.03512, 0.9238, -0.34796], gyro=[-2.94, 1.54, 2.59]
[17:27:17.995] RX[TCP_prs2026hitl_7100]  01 0b 00 00 0b ba 9d ff fc 85 00 5a 2a ff de 12 ff d5 00 17 00 22 0a
[17:27:17.998] PACKET[TCP_prs2026hitl_7100] sensors: status=2816, uptime=768669, filtered_accel=[-0.03564, 0.92328, -0.34744], gyro=[-3.01, 1.61, 2.38]
[17:27:18.099] RX[TCP_prs2026hitl_7100]  01 0b 00 00 0b bb 01 ff fc 85 00 5a 43 ff de 12 ff d6 00 15 00 24 0a
[17:27:18.108] PACKET[TCP_prs2026hitl_7100] sensors: status=2816, uptime=768769, filtered_accel=[-0.03564, 0.92428, -0.34744], gyro=[-2.94, 1.47, 2.52]
[17:27:18.109] RX[TCP_prs2026hitl_7101]  03 00 00 00 00 00 00 00 00 00 0d 90 b5 00 00 00 13 90 0a
[17:27:18.111] PACKET[TCP_prs2026hitl_7101] camera: fc_status=0, fc_uptime=0, status=0, uptime=889013, current_sense=[0.0, 0.0, 0.0], iris_battery_voltage=5.008
[17:27:18.262] RX[TCP_prs2026hitl_7100]  01 0f 00 00 0b bb 65 ff fc 9e 00 5a 2a ff de 12 ff d7 00 15 00 25 0a
[17:27:18.264] PACKET[TCP_prs2026hitl_7100] sensors: status=3840, uptime=768869, filtered_accel=[-0.03464, 0.92328, -0.34744], gyro=[-2.87, 1.47, 2.59]
[17:27:18.365] RX[TCP_prs2026hitl_7100]  01 0f 00 00 0b bb c9 ff fc 92 00 5a 37 ff de 12 ff d5 00 17 00 22 0a
[17:27:18.367] PACKET[TCP_prs2026hitl_7100] sensors: status=3840, uptime=768969, filtered_accel=[-0.03512, 0.9238, -0.34744], gyro=[-3.01, 1.61, 2.38]
[17:27:18.468] RX[TCP_prs2026hitl_7100]  01 0f 00 00 0b bc 2d ff fc 92 00 5a 37 ff de 1e ff d6 00 15 00 24 0a 02 10 00 00 0b bc 2d 00 00 00 00 00 00 00 00 00 00 00 00 00 00 00 00 00 00 00 00 00 00 00 00 00 00 00 00 00 00 00 00 00 00 00 00 00 00 00 00 00 00 00 00 00 00 00 00 00 00 43 52 ed 6d 13 48 0a ff 01 00 00 0b bc 2d 0a
[17:27:18.470] PACKET[TCP_prs2026hitl_7100] sensors: status=3840, uptime=769069, filtered_accel=[-0.03512, 0.9238, -0.34696], gyro=[-2.94, 1.47, 2.52]
[17:27:18.473] PACKET[TCP_prs2026hitl_7100] state: status=4096, uptime=769069, orientation=[0.0, 0.0, 0.0, 0.0], position=[0.0, 0.0, 0.0], velocity=[0.0, 0.0, 0.0], latitude=0.0, longitude=0.0, gps_altitude=0.0, barometric_altitude=210.927444, witness_battery_voltage=4.936
[17:27:18.475] PACKET[TCP_prs2026hitl_7100] heartbeat: status=256, uptime=769069
[17:27:18.526] RX[TCP_prs2026hitl_7100]  01 0f 00 00 0b bc 91 ff fc 9e 00 5a 37 ff de 12 ff d7 00 15 00 25 0a
[17:27:18.529] PACKET[TCP_prs2026hitl_7100] sensors: status=3840, uptime=769169, filtered_accel=[-0.03464, 0.9238, -0.34744], gyro=[-2.87, 1.47, 2.59]
[17:27:18.630] RX[TCP_prs2026hitl_7100]  01 0b 00 00 0b bc f5 ff fc 92 00 5a 37 ff de 1e ff d5 00 16 00 25 0a
[17:27:18.633] PACKET[TCP_prs2026hitl_7100] sensors: status=2816, uptime=769269, filtered_accel=[-0.03512, 0.9238, -0.34696], gyro=[-3.01, 1.54, 2.59]
[17:27:18.734] RX[TCP_prs2026hitl_7100]  01 0b 00 00 0b bd 59 ff fc 92 00 5a 4f ff de 05 ff d5 00 17 00 23 0a
[17:27:18.737] PACKET[TCP_prs2026hitl_7100] sensors: status=2816, uptime=769369, filtered_accel=[-0.03512, 0.92476, -0.34796], gyro=[-3.01, 1.61, 2.45]
[17:27:18.788] RX[TCP_prs2026hitl_7100]  01 0b 00 00 0b bd bd ff fc 92 00 5a 43 ff dd f9 ff d6 00 16 00 24 0a
[17:27:18.792] PACKET[TCP_prs2026hitl_7100] sensors: status=2816, uptime=769469, filtered_accel=[-0.03512, 0.92428, -0.34844], gyro=[-2.94, 1.54, 2.52]
[17:27:18.892] RX[TCP_prs2026hitl_7100]  01 0f 00 00 0b be 21 ff fc 9e 00 5a 37 ff de 1e ff d6 00 15 00 25 0a
[17:27:18.896] PACKET[TCP_prs2026hitl_7100] sensors: status=3840, uptime=769569, filtered_accel=[-0.03464, 0.9238, -0.34696], gyro=[-2.94, 1.47, 2.59]
[17:27:18.997] RX[TCP_prs2026hitl_7100]  01 0f 00 00 0b be 85 ff fc 9e 00 5a 43 ff de 12 ff d6 00 17 00 21 0a
[17:27:19.000] PACKET[TCP_prs2026hitl_7100] sensors: status=3840, uptime=769669, filtered_accel=[-0.03464, 0.92428, -0.34744], gyro=[-2.94, 1.61, 2.31]
[17:27:19.100] RX[TCP_prs2026hitl_7100]  01 0f 00 00 0b be e9 ff fc 92 00 5a 4f ff de 2a ff d6 00 16 00 23 0a
[17:27:19.103] PACKET[TCP_prs2026hitl_7100] sensors: status=3840, uptime=769769, filtered_accel=[-0.03512, 0.92476, -0.34648], gyro=[-2.94, 1.54, 2.45]
[17:27:19.103] RX[TCP_prs2026hitl_7101]  03 00 00 00 00 00 00 00 00 00 0d 94 9d 00 00 00 13 90 0a
[17:27:19.105] PACKET[TCP_prs2026hitl_7101] camera: fc_status=0, fc_uptime=0, status=0, uptime=890013, current_sense=[0.0, 0.0, 0.0], iris_battery_voltage=5.008
[17:27:19.207] RX[TCP_prs2026hitl_7100]  01 0f 00 00 0b bf 4d ff fc 92 00 5a 37 ff de 2a ff d7 00 15 00 24 0a
[17:27:19.209] PACKET[TCP_prs2026hitl_7100] sensors: status=3840, uptime=769869, filtered_accel=[-0.03512, 0.9238, -0.34648], gyro=[-2.87, 1.47, 2.52]
[17:27:19.310] RX[TCP_prs2026hitl_7100]  01 0b 00 00 0b bf b1 ff fc 85 00 5a 2a ff de 1e ff d6 00 16 00 25 0a
[17:27:19.313] PACKET[TCP_prs2026hitl_7100] sensors: status=2816, uptime=769969, filtered_accel=[-0.03564, 0.92328, -0.34696], gyro=[-2.94, 1.54, 2.59]
[17:27:19.365] RX[TCP_prs2026hitl_7100]  01 0b 00 00 0b c0 15 ff fc 92 00 5a 43 ff de 12 ff d5 00 17 00 21 0a 02 10 00 00 0b c0 15 00 00 00 00 00 00 00 00 00 00 00 00 00 00 00 00 00 00 00 00 00 00 00 00 00 00 00 00 00 00 00 00 00 00
[17:27:19.368] PACKET[TCP_prs2026hitl_7100] sensors: status=2816, uptime=770069, filtered_accel=[-0.03512, 0.92428, -0.34744], gyro=[-3.01, 1.61, 2.31]
[17:27:19.469] RX[TCP_prs2026hitl_7100]  00 00 00 00 00 00 00 00 00 00 00 00 00 00 00 00 43 52 ed 6d 13 44 0a ff 00 00 00 0b c0 15 0a
[17:27:19.472] PACKET[TCP_prs2026hitl_7100] state: status=4096, uptime=770069, orientation=[0.0, 0.0, 0.0, 0.0], position=[0.0, 0.0, 0.0], velocity=[0.0, 0.0, 0.0], latitude=0.0, longitude=0.0, gps_altitude=0.0, barometric_altitude=210.927444, witness_battery_voltage=4.932
[17:27:19.476] PACKET[TCP_prs2026hitl_7100] heartbeat: status=0, uptime=770069
[17:27:19.577] RX[TCP_prs2026hitl_7100]  01 0b 00 00 0b c0 79 ff fc 92 00 5a 37 ff de 05 ff d7 00 15 00 24 0a
[17:27:19.580] PACKET[TCP_prs2026hitl_7100] sensors: status=2816, uptime=770169, filtered_accel=[-0.03512, 0.9238, -0.34796], gyro=[-2.87, 1.47, 2.52]
[17:27:19.681] RX[TCP_prs2026hitl_7100]  01 0f 00 00 0b c0 dd ff fc 9e 00 5a 43 ff de 12 ff d6 00 15 00 25 0a
[17:27:19.683] PACKET[TCP_prs2026hitl_7100] sensors: status=3840, uptime=770269, filtered_accel=[-0.03464, 0.92428, -0.34744], gyro=[-2.94, 1.47, 2.59]
[17:27:19.734] RX[TCP_prs2026hitl_7100]  01 0f 00 00 0b c1 41 ff fc 92 00 5a 43 ff de 2a ff d5 00 17 00 22 0a
[17:27:19.737] PACKET[TCP_prs2026hitl_7100] sensors: status=3840, uptime=770369, filtered_accel=[-0.03512, 0.92428, -0.34648], gyro=[-3.01, 1.61, 2.38]
[17:27:19.837] RX[TCP_prs2026hitl_7100]  01 0f 00 00 0b c1 a5 ff fc 92 00 5a 37 ff de 1e ff d5 00 15 00 24 0a
[17:27:19.841] PACKET[TCP_prs2026hitl_7100] sensors: status=3840, uptime=770469, filtered_accel=[-0.03512, 0.9238, -0.34696], gyro=[-3.01, 1.47, 2.52]
[17:27:19.942] RX[TCP_prs2026hitl_7100]  01 0f 00 00 0b c2 09 ff fc 9e 00 5a 43 ff de 12 ff d6 00 15 00 24 0a
[17:27:19.944] PACKET[TCP_prs2026hitl_7100] sensors: status=3840, uptime=770569, filtered_accel=[-0.03464, 0.92428, -0.34744], gyro=[-2.94, 1.47, 2.52]
[17:27:20.026] RX[TCP_prs2026hitl_7100]  01 0b 00 00 0b c2 6d ff fc 92 00 5a 1e ff de 1e ff d6 00 16 00 24 0a
[17:27:20.028] PACKET[TCP_prs2026hitl_7100] sensors: status=2816, uptime=770669, filtered_accel=[-0.03512, 0.9228, -0.34696], gyro=[-2.94, 1.54, 2.52]
[17:27:20.150] RX[TCP_prs2026hitl_7100]  01 0b 00 00 0b c2 d1 ff fc 92 00 5a 4f ff de 1e ff d6 00 17 00 22 0a
[17:27:20.152] PACKET[TCP_prs2026hitl_7100] sensors: status=2816, uptime=770769, filtered_accel=[-0.03512, 0.92476, -0.34696], gyro=[-2.94, 1.61, 2.38]
[17:27:20.152] RX[TCP_prs2026hitl_7101]  03 00 00 00 00 00 00 00 00 00 0d 98 85 00 00 00 13 90 0a
[17:27:20.154] PACKET[TCP_prs2026hitl_7101] camera: fc_status=0, fc_uptime=0, status=0, uptime=891013, current_sense=[0.0, 0.0, 0.0], iris_battery_voltage=5.008
[17:27:20.205] RX[TCP_prs2026hitl_7100]  01 0b 00 00 0b c3 35 ff fc 9e 00 5a 2a ff de 2a ff d8 00 15 00 26 0a
[17:27:20.207] PACKET[TCP_prs2026hitl_7100] sensors: status=2816, uptime=770869, filtered_accel=[-0.03464, 0.92328, -0.34648], gyro=[-2.8, 1.47, 2.66]
[17:27:20.309] RX[TCP_prs2026hitl_7100]  01 0f 00 00 0b c3 99 ff fc 61 00 59 fa ff de 2a ff d8 00 15 00 23 0a
[17:27:20.311] PACKET[TCP_prs2026hitl_7100] sensors: status=3840, uptime=770969, filtered_accel=[-0.03708, 0.92136, -0.34648], gyro=[-2.8, 1.47, 2.45]
[17:27:20.414] RX[TCP_prs2026hitl_7100]  01 0f 00 00 0b c3 fd ff fc cf 00 5a 2a ff de 7f ff d6 00 19 00 22 0a 02 10 00 00 0b c3 fd 00 00 00 00 00 00 00 00 00 00 00 00 00 00 00 00 00 00 00 00 00 00 00 00 00 00 00 00 00 00 00 00 00 00
[17:27:20.444] PACKET[TCP_prs2026hitl_7100] sensors: status=3840, uptime=771069, filtered_accel=[-0.03268, 0.92328, -0.34308], gyro=[-2.94, 1.75, 2.38]
[17:27:20.499] RX[TCP_prs2026hitl_7100]  00 00 00 00 00 00 00 00 00 00 00 00 00 00 00 00 43 52 ab d0 13 50 0a ff 01 00 00 0b c3 fd 0a
[17:27:20.501] PACKET[TCP_prs2026hitl_7100] state: status=4096, uptime=771069, orientation=[0.0, 0.0, 0.0, 0.0], position=[0.0, 0.0, 0.0], velocity=[0.0, 0.0, 0.0], latitude=0.0, longitude=0.0, gps_altitude=0.0, barometric_altitude=210.671143, witness_battery_voltage=4.944
[17:27:20.506] PACKET[TCP_prs2026hitl_7100] heartbeat: status=256, uptime=771069
[17:27:20.556] RX[TCP_prs2026hitl_7100]  01 0f 00 00 0b c4 61 ff fc 92 00 5a 43 ff dd ed ff d7 00 17 00 24 0a
[17:27:20.560] PACKET[TCP_prs2026hitl_7100] sensors: status=3840, uptime=771169, filtered_accel=[-0.03512, 0.92428, -0.34892], gyro=[-2.87, 1.61, 2.52]
[17:27:20.660] RX[TCP_prs2026hitl_7100]  01 0f 00 00 0b c4 c5 ff fc 92 00 5a 4f ff de 12 ff d7 00 15 00 25 0a
[17:27:20.664] PACKET[TCP_prs2026hitl_7100] sensors: status=3840, uptime=771269, filtered_accel=[-0.03512, 0.92476, -0.34744], gyro=[-2.87, 1.47, 2.59]
[17:27:20.715] RX[TCP_prs2026hitl_7100]  01 0b 00 00 0b c5 29 ff fc aa 00 5a 43 ff de 12 ff d5 00 16 00 24 0a
[17:27:20.718] PACKET[TCP_prs2026hitl_7100] sensors: status=2816, uptime=771369, filtered_accel=[-0.03416, 0.92428, -0.34744], gyro=[-3.01, 1.54, 2.52]
[17:27:20.819] RX[TCP_prs2026hitl_7100]  01 0b 00 00 0b c5 8d ff fc 92 00 5a 37 ff de 4f ff d6 00 16 00 23 0a
[17:27:20.821] PACKET[TCP_prs2026hitl_7100] sensors: status=2816, uptime=771469, filtered_accel=[-0.03512, 0.9238, -0.345], gyro=[-2.94, 1.54, 2.45]
[17:27:20.922] RX[TCP_prs2026hitl_7100]  01 0b 00 00 0b c5 f1 ff fc 9e 00 5a 43 ff de 12 ff d7 00 15 00 25 0a
[17:27:20.925] PACKET[TCP_prs2026hitl_7100] sensors: status=2816, uptime=771569, filtered_accel=[-0.03464, 0.92428, -0.34744], gyro=[-2.87, 1.47, 2.59]
[17:27:20.975] RX[TCP_prs2026hitl_7100]  01 0f 00 00 0b c6 55 ff fc 85 00 5a 37 ff de 12 ff d7 00 15 00 25 0a
[17:27:20.978] PACKET[TCP_prs2026hitl_7100] sensors: status=3840, uptime=771669, filtered_accel=[-0.03564, 0.9238, -0.34744], gyro=[-2.87, 1.47, 2.59]
[17:27:21.080] RX[TCP_prs2026hitl_7100]  01 0f 00 00 0b c6 b9 ff fc 92 00 5a 37 ff de 1e ff d6 00 18 00 22 0a
[17:27:21.083] PACKET[TCP_prs2026hitl_7100] sensors: status=3840, uptime=771769, filtered_accel=[-0.03512, 0.9238, -0.34696], gyro=[-2.94, 1.68, 2.38]
[17:27:21.133] RX[TCP_prs2026hitl_7101]  03 00 00 00 00 00 00 00 00 00 0d 9c 6d 00 00 00 13 90 0a
[17:27:21.136] PACKET[TCP_prs2026hitl_7101] camera: fc_status=0, fc_uptime=0, status=0, uptime=892013, current_sense=[0.0, 0.0, 0.0], iris_battery_voltage=5.008
[17:27:21.186] RX[TCP_prs2026hitl_7100]  01 0f 00 00 0b c7 1d ff fc 9e 00 5a 43 ff de 12 ff d6 00 15 00 24 0a
[17:27:21.189] PACKET[TCP_prs2026hitl_7100] sensors: status=3840, uptime=771869, filtered_accel=[-0.03464, 0.92428, -0.34744], gyro=[-2.94, 1.47, 2.52]
[17:27:21.290] RX[TCP_prs2026hitl_7100]  01 0f 00 00 0b c7 81 ff fc 79 00 5a 43 ff de 12 ff d6 00 15 00 25 0a
[17:27:21.293] PACKET[TCP_prs2026hitl_7100] sensors: status=3840, uptime=771969, filtered_accel=[-0.03612, 0.92428, -0.34744], gyro=[-2.94, 1.47, 2.59]
[17:27:21.394] RX[TCP_prs2026hitl_7100]  01 0b 00 00 0b c7 e5 ff fc 9e 00 5a 43 ff de 05 ff d7 00 15 00 24 0a 02 10 00 00 0b c7 e5 00 00 00 00 00 00 00 00 00 00 00 00 00 00 00 00 00 00 00 00 00 00 00 00 00 00 00 00 00 00 00 00 00 00
[17:27:21.399] PACKET[TCP_prs2026hitl_7100] sensors: status=2816, uptime=772069, filtered_accel=[-0.03464, 0.92428, -0.34796], gyro=[-2.87, 1.47, 2.52]
[17:27:21.450] RX[TCP_prs2026hitl_7100]  00 00 00 00 00 00 00 00 00 00 00 00 00 00 00 00 43 52 d7 c8 13 48 0a ff 00 00 00 0b c7 e5 0a
[17:27:21.453] PACKET[TCP_prs2026hitl_7100] state: status=4096, uptime=772069, orientation=[0.0, 0.0, 0.0, 0.0], position=[0.0, 0.0, 0.0], velocity=[0.0, 0.0, 0.0], latitude=0.0, longitude=0.0, gps_altitude=0.0, barometric_altitude=210.842896, witness_battery_voltage=4.936
[17:27:21.454] PACKET[TCP_prs2026hitl_7100] heartbeat: status=0, uptime=772069
[17:27:21.558] RX[TCP_prs2026hitl_7100]  01 0b 00 00 0b c8 49 ff fc 85 00 5a 2a ff dd f9 ff d6 00 17 00 23 0a
[17:27:21.565] PACKET[TCP_prs2026hitl_7100] sensors: status=2816, uptime=772169, filtered_accel=[-0.03564, 0.92328, -0.34844], gyro=[-2.94, 1.61, 2.45]
[17:27:21.666] RX[TCP_prs2026hitl_7100]  01 0b 00 00 0b c8 ad ff fc 85 00 5a 43 ff de 05 ff d6 00 15 00 25 0a
[17:27:21.670] PACKET[TCP_prs2026hitl_7100] sensors: status=2816, uptime=772269, filtered_accel=[-0.03564, 0.92428, -0.34796], gyro=[-2.94, 1.47, 2.59]
[17:27:21.720] RX[TCP_prs2026hitl_7100]  01 0f 00 00 0b c9 11 ff fc 85 00 5a 37 ff de 12 ff d7 00 16 00 24 0a
[17:27:21.723] PACKET[TCP_prs2026hitl_7100] sensors: status=3840, uptime=772369, filtered_accel=[-0.03564, 0.9238, -0.34744], gyro=[-2.87, 1.54, 2.52]
[17:27:21.825] RX[TCP_prs2026hitl_7100]  01 0f 00 00 0b c9 75 ff fc 85 00 5a 43 ff de 12 ff d6 00 18 00 22 0a
[17:27:21.829] PACKET[TCP_prs2026hitl_7100] sensors: status=3840, uptime=772469, filtered_accel=[-0.03564, 0.92428, -0.34744], gyro=[-2.94, 1.68, 2.38]
[17:27:21.930] RX[TCP_prs2026hitl_7100]  01 0f 00 00 0b c9 d9 ff fc 85 00 5a 43 ff de 1e ff d6 00 16 00 24 0a
[17:27:21.932] PACKET[TCP_prs2026hitl_7100] sensors: status=3840, uptime=772569, filtered_accel=[-0.03564, 0.92428, -0.34696], gyro=[-2.94, 1.54, 2.52]
[17:27:21.983] RX[TCP_prs2026hitl_7100]  01 0f 00 00 0b ca 3d ff fc 92 00 5a 43 ff de 1e ff d6 00 15 00 25 0a
[17:27:21.986] PACKET[TCP_prs2026hitl_7100] sensors: status=3840, uptime=772669, filtered_accel=[-0.03512, 0.92428, -0.34696], gyro=[-2.94, 1.47, 2.59]
[17:27:22.088] RX[TCP_prs2026hitl_7100]  01 0b 00 00 0b ca a1 ff fc 85 00 5a 37 ff de 05 ff d5 00 16 00 24 0a
[17:27:22.091] PACKET[TCP_prs2026hitl_7100] sensors: status=2816, uptime=772769, filtered_accel=[-0.03564, 0.9238, -0.34796], gyro=[-3.01, 1.54, 2.52]
[17:27:22.141] RX[TCP_prs2026hitl_7101]  03 00 00 00 00 00 00 00 00 00 0d a0 55 00 00 00 13 90 0a
[17:27:22.144] PACKET[TCP_prs2026hitl_7101] camera: fc_status=0, fc_uptime=0, status=0, uptime=893013, current_sense=[0.0, 0.0, 0.0], iris_battery_voltage=5.008
[17:27:22.195] RX[TCP_prs2026hitl_7100]  01 0b 00 00 0b cb 05 ff fc 9e 00 5a 43 ff dd f9 ff d6 00 16 00 23 0a
[17:27:22.199] PACKET[TCP_prs2026hitl_7100] sensors: status=2816, uptime=772869, filtered_accel=[-0.03464, 0.92428, -0.34844], gyro=[-2.94, 1.54, 2.45]
[17:27:22.300] RX[TCP_prs2026hitl_7100]  01 0b 00 00 0b cb 69 ff fc 85 00 5a 37 ff de 12 ff d6 00 15 00 25 0a
[17:27:22.303] PACKET[TCP_prs2026hitl_7100] sensors: status=2816, uptime=772969, filtered_accel=[-0.03564, 0.9238, -0.34744], gyro=[-2.94, 1.47, 2.59]
[17:27:22.403] RX[TCP_prs2026hitl_7100]  01 0f 00 00 0b cb cd ff fc 9e 00 5a 37 ff de 12 ff d7 00 16 00 24 0a 02 10 00 00 0b cb cd 00 00 00 00 00 00 00 00 00 00 00 00 00 00 00 00 00 00 00 00 00 00 00 00 00 00 00 00 00 00 00 00 00 00
[17:27:22.406] PACKET[TCP_prs2026hitl_7100] sensors: status=3840, uptime=773069, filtered_accel=[-0.03464, 0.9238, -0.34744], gyro=[-2.87, 1.54, 2.52]
[17:27:22.507] RX[TCP_prs2026hitl_7100]  00 00 00 00 00 00 00 00 00 00 00 00 00 00 00 00 43 52 96 2b 13 40 0a ff 01 00 00 0b cb cd 0a
[17:27:22.510] PACKET[TCP_prs2026hitl_7100] state: status=4096, uptime=773069, orientation=[0.0, 0.0, 0.0, 0.0], position=[0.0, 0.0, 0.0], velocity=[0.0, 0.0, 0.0], latitude=0.0, longitude=0.0, gps_altitude=0.0, barometric_altitude=210.586594, witness_battery_voltage=4.928
[17:27:22.512] PACKET[TCP_prs2026hitl_7100] heartbeat: status=256, uptime=773069
[17:27:22.613] RX[TCP_prs2026hitl_7100]  01 0f 00 00 0b cc 31 ff fc 92 00 5a 43 ff de 05 ff d5 00 18 00 23 0a
[17:27:22.617] PACKET[TCP_prs2026hitl_7100] sensors: status=3840, uptime=773169, filtered_accel=[-0.03512, 0.92428, -0.34796], gyro=[-3.01, 1.68, 2.45]
[17:27:22.669] RX[TCP_prs2026hitl_7100]  01 0f 00 00 0b cc 95 ff fc 92 00 5a 37 ff dd bc ff d7 00 16 00 24 0a
[17:27:22.677] PACKET[TCP_prs2026hitl_7100] sensors: status=3840, uptime=773269, filtered_accel=[-0.03512, 0.9238, -0.35088], gyro=[-2.87, 1.54, 2.52]
[17:27:22.778] RX[TCP_prs2026hitl_7100]  01 0f 00 00 0b cc f9 ff fc 92 00 5a 37 ff de 05 ff d7 00 12 00 26 0a
[17:27:22.781] PACKET[TCP_prs2026hitl_7100] sensors: status=3840, uptime=773369, filtered_accel=[-0.03512, 0.9238, -0.34796], gyro=[-2.87, 1.26, 2.66]
[17:27:22.882] RX[TCP_prs2026hitl_7100]  01 0b 00 00 0b cd 5d ff fc 79 00 5a 37 ff de 12 ff d6 00 17 00 22 0a
[17:27:22.885] PACKET[TCP_prs2026hitl_7100] sensors: status=2816, uptime=773469, filtered_accel=[-0.03612, 0.9238, -0.34744], gyro=[-2.94, 1.61, 2.38]
[17:27:22.986] RX[TCP_prs2026hitl_7100]  01 0b 00 00 0b cd c1 ff fc 85 00 5a 43 ff de 12 ff d6 00 17 00 22 0a
[17:27:22.989] PACKET[TCP_prs2026hitl_7100] sensors: status=2816, uptime=773569, filtered_accel=[-0.03564, 0.92428, -0.34744], gyro=[-2.94, 1.61, 2.38]
[17:27:23.091] RX[TCP_prs2026hitl_7100]  01 0b 00 00 0b ce 25 ff fc 9e 00 5a 37 ff de 05 ff d7 00 15 00 24 0a
[17:27:23.094] PACKET[TCP_prs2026hitl_7100] sensors: status=2816, uptime=773669, filtered_accel=[-0.03464, 0.9238, -0.34796], gyro=[-2.87, 1.47, 2.52]
[17:27:23.095] RX[TCP_prs2026hitl_7101]  03 00 00 00 00 00 00 00 00 00 0d a4 3d 00 00 00 13 90 0a
[17:27:23.096] PACKET[TCP_prs2026hitl_7101] camera: fc_status=0, fc_uptime=0, status=0, uptime=894013, current_sense=[0.0, 0.0, 0.0], iris_battery_voltage=5.008
[17:27:23.148] RX[TCP_prs2026hitl_7100]  01 0f 00 00 0b ce 89 ff fc 85 00 5a 43 ff de 05 ff d6 00 14 00 24 0a
[17:27:23.151] PACKET[TCP_prs2026hitl_7100] sensors: status=3840, uptime=773769, filtered_accel=[-0.03564, 0.92428, -0.34796], gyro=[-2.94, 1.4, 2.52]
[17:27:23.202] RX[TCP_prs2026hitl_7100]  01 0f 00 00 0b ce ed ff fc aa 00 5a 37 ff de 12 ff d6 00 17 00 23 0a
[17:27:23.204] PACKET[TCP_prs2026hitl_7100] sensors: status=3840, uptime=773869, filtered_accel=[-0.03416, 0.9238, -0.34744], gyro=[-2.94, 1.61, 2.45]
[17:27:23.305] RX[TCP_prs2026hitl_7100]  01 0f 00 00 0b cf 51 ff fc 92 00 5a 4f ff de 12 ff d7 00 16 00 24 0a
[17:27:23.310] PACKET[TCP_prs2026hitl_7100] sensors: status=3840, uptime=773969, filtered_accel=[-0.03512, 0.92476, -0.34744], gyro=[-2.87, 1.54, 2.52]
[17:27:23.411] RX[TCP_prs2026hitl_7100]  01 0f 00 00 0b cf b5 ff fc 92 00 5a 2a ff de 12 ff d6 00 15 00 24 0a 02 10 00 00 0b cf b5 00 00 00 00 00 00 00 00 00 00 00 00 00 00 00 00 00 00 00 00 00 00 00 00 00 00 00 00 00 00 00 00 00 00 00 00 00 00 00 00 00 00 00 00 00 00 00 00 00 00 43 52 ab d0 13 44 0a ff 00 00 00 0b cf b5 0a
[17:27:23.415] PACKET[TCP_prs2026hitl_7100] sensors: status=3840, uptime=774069, filtered_accel=[-0.03512, 0.92328, -0.34744], gyro=[-2.94, 1.47, 2.52]
[17:27:23.417] PACKET[TCP_prs2026hitl_7100] state: status=4096, uptime=774069, orientation=[0.0, 0.0, 0.0, 0.0], position=[0.0, 0.0, 0.0], velocity=[0.0, 0.0, 0.0], latitude=0.0, longitude=0.0, gps_altitude=0.0, barometric_altitude=210.671143, witness_battery_voltage=4.932
[17:27:23.419] PACKET[TCP_prs2026hitl_7100] heartbeat: status=0, uptime=774069
[17:27:23.470] RX[TCP_prs2026hitl_7100]  01 0b 00 00 0b d0 19 ff fc 9e 00 5a 37 ff dd f9 ff d6 00 17 00 24 0a
[17:27:23.473] PACKET[TCP_prs2026hitl_7100] sensors: status=2816, uptime=774169, filtered_accel=[-0.03464, 0.9238, -0.34844], gyro=[-2.94, 1.61, 2.52]
[17:27:23.574] RX[TCP_prs2026hitl_7100]  01 0b 00 00 0b d0 7d ff fc 85 00 5a 43 ff de 12 ff d6 00 16 00 22 0a
[17:27:23.577] PACKET[TCP_prs2026hitl_7100] sensors: status=2816, uptime=774269, filtered_accel=[-0.03564, 0.92428, -0.34744], gyro=[-2.94, 1.54, 2.38]
[17:27:23.678] RX[TCP_prs2026hitl_7100]  01 0b 00 00 0b d0 e1 ff fc 92 00 5a 37 ff dd f9 ff d6 00 16 00 24 0a
[17:27:23.682] PACKET[TCP_prs2026hitl_7100] sensors: status=2816, uptime=774369, filtered_accel=[-0.03512, 0.9238, -0.34844], gyro=[-2.94, 1.54, 2.52]
[17:27:23.786] RX[TCP_prs2026hitl_7100]  01 0f 00 00 0b d1 45 ff fc aa 00 5a 37 ff de 1e ff d7 00 15 00 25 0a
[17:27:23.793] PACKET[TCP_prs2026hitl_7100] sensors: status=3840, uptime=774469, filtered_accel=[-0.03416, 0.9238, -0.34696], gyro=[-2.87, 1.47, 2.59]
[17:27:23.895] RX[TCP_prs2026hitl_7100]  01 0f 00 00 0b d1 a9 ff fc 92 00 5a 37 ff de 12 ff d6 00 17 00 22 0a
[17:27:23.898] PACKET[TCP_prs2026hitl_7100] sensors: status=3840, uptime=774569, filtered_accel=[-0.03512, 0.9238, -0.34744], gyro=[-2.94, 1.61, 2.38]
[17:27:23.999] RX[TCP_prs2026hitl_7100]  01 0f 00 00 0b d2 0d ff fc 92 00 5a 43 ff de 05 ff d7 00 14 00 25 0a
[17:27:24.002] PACKET[TCP_prs2026hitl_7100] sensors: status=3840, uptime=774669, filtered_accel=[-0.03512, 0.92428, -0.34796], gyro=[-2.87, 1.4, 2.59]
[17:27:24.103] RX[TCP_prs2026hitl_7100]  01 0f 00 00 0b d2 71 ff fc 85 00 5a 43 ff de 1e ff d7 00 15 00 25 0a
[17:27:24.105] PACKET[TCP_prs2026hitl_7100] sensors: status=3840, uptime=774769, filtered_accel=[-0.03564, 0.92428, -0.34696], gyro=[-2.87, 1.47, 2.59]
[17:27:24.156] RX[TCP_prs2026hitl_7101]  03 00 00 00 00 00 00 00 00 00 0d a8 25 00 00 00 13 90 0a
[17:27:24.158] PACKET[TCP_prs2026hitl_7101] camera: fc_status=0, fc_uptime=0, status=0, uptime=895013, current_sense=[0.0, 0.0, 0.0], iris_battery_voltage=5.008
[17:27:24.209] RX[TCP_prs2026hitl_7100]  01 0b 00 00 0b d2 d5 ff fc 85 00 5a 37 ff de 12 ff d5 00 18 00 21 0a
[17:27:24.212] PACKET[TCP_prs2026hitl_7100] sensors: status=2816, uptime=774869, filtered_accel=[-0.03564, 0.9238, -0.34744], gyro=[-3.01, 1.68, 2.31]
[17:27:24.263] RX[TCP_prs2026hitl_7100]  01 0b 00 00 0b d3 39 ff fc 92 00 5a 37 ff de 05 ff d6 00 16 00 24 0a
[17:27:24.267] PACKET[TCP_prs2026hitl_7100] sensors: status=2816, uptime=774969, filtered_accel=[-0.03512, 0.9238, -0.34796], gyro=[-2.94, 1.54, 2.52]
[17:27:24.367] RX[TCP_prs2026hitl_7100]  01 0b 00 00 0b d3 9d ff fc 85 00 5a 43 ff de 05 ff d6 00 15 00 24 0a 02 10 00 00 0b d3 9d 00 00 00 00 00 00 00 00 00 00 00 00 00 00 00 00 00 00 00 00 00 00 00 00 00 00 00 00 00 00 00 00 00 00
[17:27:24.370] PACKET[TCP_prs2026hitl_7100] sensors: status=2816, uptime=775069, filtered_accel=[-0.03564, 0.92428, -0.34796], gyro=[-2.94, 1.47, 2.52]
[17:27:24.470] RX[TCP_prs2026hitl_7100]  00 00 00 00 00 00 00 00 00 00 00 00 00 00 00 00 43 52 ed 6d 13 48 0a ff 01 00 00 0b d3 9d 0a
[17:27:24.474] PACKET[TCP_prs2026hitl_7100] state: status=4096, uptime=775069, orientation=[0.0, 0.0, 0.0, 0.0], position=[0.0, 0.0, 0.0], velocity=[0.0, 0.0, 0.0], latitude=0.0, longitude=0.0, gps_altitude=0.0, barometric_altitude=210.927444, witness_battery_voltage=4.936
[17:27:24.476] PACKET[TCP_prs2026hitl_7100] heartbeat: status=256, uptime=775069
[17:27:24.527] RX[TCP_prs2026hitl_7100]  01 0f 00 00 0b d4 01 ff fc 92 00 5a 43 ff de 05 ff d7 00 15 00 25 0a
[17:27:24.530] PACKET[TCP_prs2026hitl_7100] sensors: status=3840, uptime=775169, filtered_accel=[-0.03512, 0.92428, -0.34796], gyro=[-2.87, 1.47, 2.59]
[17:27:24.630] RX[TCP_prs2026hitl_7100]  01 0f 00 00 0b d4 65 ff fc 92 00 5a 43 ff de 05 ff d6 00 18 00 23 0a
[17:27:24.635] PACKET[TCP_prs2026hitl_7100] sensors: status=3840, uptime=775269, filtered_accel=[-0.03512, 0.92428, -0.34796], gyro=[-2.94, 1.68, 2.45]
[17:27:24.736] RX[TCP_prs2026hitl_7100]  01 0f 00 00 0b d4 c9 ff fc 92 00 5a 37 ff dd f9 ff d6 00 16 00 24 0a
[17:27:24.739] PACKET[TCP_prs2026hitl_7100] sensors: status=3840, uptime=775369, filtered_accel=[-0.03512, 0.9238, -0.34844], gyro=[-2.94, 1.54, 2.52]
[17:27:24.790] RX[TCP_prs2026hitl_7100]  01 0f 00 00 0b d5 2d ff fc 9e 00 5a 37 ff de 1e ff d6 00 14 00 25 0a
[17:27:24.793] PACKET[TCP_prs2026hitl_7100] sensors: status=3840, uptime=775469, filtered_accel=[-0.03464, 0.9238, -0.34696], gyro=[-2.94, 1.4, 2.59]
[17:27:24.894] RX[TCP_prs2026hitl_7100]  01 0b 00 00 0b d5 91 ff fc 92 00 5a 37 ff de 1e ff d6 00 17 00 23 0a
[17:27:24.897] PACKET[TCP_prs2026hitl_7100] sensors: status=2816, uptime=775569, filtered_accel=[-0.03512, 0.9238, -0.34696], gyro=[-2.94, 1.61, 2.45]
[17:27:24.999] RX[TCP_prs2026hitl_7100]  01 0b 00 00 0b d5 f5 ff fc 92 00 5a 2a ff de 12 ff d6 00 16 00 23 0a
[17:27:25.002] PACKET[TCP_prs2026hitl_7100] sensors: status=2816, uptime=775669, filtered_accel=[-0.03512, 0.92328, -0.34744], gyro=[-2.94, 1.54, 2.45]
[17:27:25.104] RX[TCP_prs2026hitl_7100]  01 0b 00 00 0b d6 59 ff fc 9e 00 5a 37 ff de 1e ff d6 00 16 00 24 0a
[17:27:25.107] PACKET[TCP_prs2026hitl_7100] sensors: status=2816, uptime=775769, filtered_accel=[-0.03464, 0.9238, -0.34696], gyro=[-2.94, 1.54, 2.52]
[17:27:25.107] RX[TCP_prs2026hitl_7101]  03 00 00 00 00 00 00 00 00 00 0d ac 0d 00 00 00 13 94 0a
[17:27:25.109] PACKET[TCP_prs2026hitl_7101] camera: fc_status=0, fc_uptime=0, status=0, uptime=896013, current_sense=[0.0, 0.0, 0.0], iris_battery_voltage=5.012
[17:27:25.210] RX[TCP_prs2026hitl_7100]  01 0f 00 00 0b d6 bd ff fc 85 00 5a 43 ff dd f9 ff d6 00 14 00 24 0a
[17:27:25.213] PACKET[TCP_prs2026hitl_7100] sensors: status=3840, uptime=775869, filtered_accel=[-0.03564, 0.92428, -0.34844], gyro=[-2.94, 1.4, 2.52]
[17:27:25.313] RX[TCP_prs2026hitl_7100]  01 0f 00 00 0b d7 21 ff fc 79 00 5a 43 ff de 12 ff d6 00 18 00 23 0a
[17:27:25.317] PACKET[TCP_prs2026hitl_7100] sensors: status=3840, uptime=775969, filtered_accel=[-0.03612, 0.92428, -0.34744], gyro=[-2.94, 1.68, 2.45]
[17:27:25.367] RX[TCP_prs2026hitl_7100]  01 0f 00 00 0b d7 85 ff fc 92 00 5a 37 ff dd f9 ff d6 00 15 00 24 0a 02 10 00 00 0b d7 85 00 00 00 00 00 00 00 00 00 00 00 00 00 00 00 00 00 00 00 00 00 00 00 00 00 00 00 00 00 00 00 00 00 00
[17:27:25.370] PACKET[TCP_prs2026hitl_7100] sensors: status=3840, uptime=776069, filtered_accel=[-0.03512, 0.9238, -0.34844], gyro=[-2.94, 1.47, 2.52]
[17:27:25.470] RX[TCP_prs2026hitl_7100]  00 00 00 00 00 00 00 00 00 00 00 00 00 00 00 00 43 52 96 2b 13 30 0a ff 00 00 00 0b d7 85 0a
[17:27:25.473] PACKET[TCP_prs2026hitl_7100] state: status=4096, uptime=776069, orientation=[0.0, 0.0, 0.0, 0.0], position=[0.0, 0.0, 0.0], velocity=[0.0, 0.0, 0.0], latitude=0.0, longitude=0.0, gps_altitude=0.0, barometric_altitude=210.586594, witness_battery_voltage=4.912
[17:27:25.475] PACKET[TCP_prs2026hitl_7100] heartbeat: status=0, uptime=776069
[17:27:25.526] RX[TCP_prs2026hitl_7100]  01 0f 00 00 0b d7 e9 ff fc 92 00 5a 37 ff de 05 ff d7 00 16 00 25 0a
[17:27:25.529] PACKET[TCP_prs2026hitl_7100] sensors: status=3840, uptime=776169, filtered_accel=[-0.03512, 0.9238, -0.34796], gyro=[-2.87, 1.54, 2.59]
[17:27:25.630] RX[TCP_prs2026hitl_7100]  01 0b 00 00 0b d8 4d ff fc 79 00 5a 37 ff de 12 ff d5 00 17 00 23 0a
[17:27:25.633] PACKET[TCP_prs2026hitl_7100] sensors: status=2816, uptime=776269, filtered_accel=[-0.03612, 0.9238, -0.34744], gyro=[-3.01, 1.61, 2.45]
[17:27:25.684] RX[TCP_prs2026hitl_7100]  01 0b 00 00 0b d8 b1 ff fc 9e 00 5a 37 ff dd f9 ff d6 00 16 00 23 0a
[17:27:25.686] PACKET[TCP_prs2026hitl_7100] sensors: status=2816, uptime=776369, filtered_accel=[-0.03464, 0.9238, -0.34844], gyro=[-2.94, 1.54, 2.45]
[17:27:25.788] RX[TCP_prs2026hitl_7100]  01 0b 00 00 0b d9 15 ff fc 85 00 5a 43 ff de 05 ff d6 00 16 00 24 0a
[17:27:25.792] PACKET[TCP_prs2026hitl_7100] sensors: status=2816, uptime=776469, filtered_accel=[-0.03564, 0.92428, -0.34796], gyro=[-2.94, 1.54, 2.52]
[17:27:25.893] RX[TCP_prs2026hitl_7100]  01 0f 00 00 0b d9 79 ff fc 92 00 5a 43 ff de 12 ff d6 00 14 00 25 0a
[17:27:25.897] PACKET[TCP_prs2026hitl_7100] sensors: status=3840, uptime=776569, filtered_accel=[-0.03512, 0.92428, -0.34744], gyro=[-2.94, 1.4, 2.59]
[17:27:25.997] RX[TCP_prs2026hitl_7100]  01 0f 00 00 0b d9 dd ff fc 9e 00 5a 37 ff de 12 ff d6 00 17 00 22 0a
[17:27:26.003] PACKET[TCP_prs2026hitl_7100] sensors: status=3840, uptime=776669, filtered_accel=[-0.03464, 0.9238, -0.34744], gyro=[-2.94, 1.61, 2.38]
[17:27:26.104] RX[TCP_prs2026hitl_7100]  01 0f 00 00 0b da 41 ff fc 79 00 5a 43 ff de 12 ff d7 00 14 00 25 0a
[17:27:26.108] PACKET[TCP_prs2026hitl_7100] sensors: status=3840, uptime=776769, filtered_accel=[-0.03612, 0.92428, -0.34744], gyro=[-2.87, 1.4, 2.59]
[17:27:26.108] RX[TCP_prs2026hitl_7101]  03 00 00 00 00 00 00 00 00 00 0d af f5 00 00 00 13 90 0a
[17:27:26.110] PACKET[TCP_prs2026hitl_7101] camera: fc_status=0, fc_uptime=0, status=0, uptime=897013, current_sense=[0.0, 0.0, 0.0], iris_battery_voltage=5.008
[17:27:26.211] RX[TCP_prs2026hitl_7100]  01 0f 00 00 0b da a5 ff fc 85 00 5a 1e ff de 12 ff d6 00 15 00 25 0a
[17:27:26.214] PACKET[TCP_prs2026hitl_7100] sensors: status=3840, uptime=776869, filtered_accel=[-0.03564, 0.9228, -0.34744], gyro=[-2.94, 1.47, 2.59]
[17:27:26.264] RX[TCP_prs2026hitl_7100]  01 0b 00 00 0b db 09 ff fc 92 00 5a 43 ff de 05 ff d6 00 16 00 23 0a
[17:27:26.267] PACKET[TCP_prs2026hitl_7100] sensors: status=2816, uptime=776969, filtered_accel=[-0.03512, 0.92428, -0.34796], gyro=[-2.94, 1.54, 2.45]
[17:27:26.368] RX[TCP_prs2026hitl_7100]  01 0b 00 00 0b db 6d ff fc 92 00 5a 43 ff de 05 ff d6 00 17 00 23 0a 02 10 00 00 0b db 6d 00 00 00 00 00 00 00 00 00 00 00 00 00 00 00 00 00 00 00 00 00 00 00 00 00 00 00 00 00 00 00 00 00 00
[17:27:26.370] PACKET[TCP_prs2026hitl_7100] sensors: status=2816, uptime=777069, filtered_accel=[-0.03512, 0.92428, -0.34796], gyro=[-2.94, 1.61, 2.45]
[17:27:26.471] RX[TCP_prs2026hitl_7100]  00 00 00 00 00 00 00 00 00 00 00 00 00 00 00 00 43 52 ab d0 13 50 0a ff 01 00 00 0b db 6d 0a
[17:27:26.475] PACKET[TCP_prs2026hitl_7100] state: status=4096, uptime=777069, orientation=[0.0, 0.0, 0.0, 0.0], position=[0.0, 0.0, 0.0], velocity=[0.0, 0.0, 0.0], latitude=0.0, longitude=0.0, gps_altitude=0.0, barometric_altitude=210.671143, witness_battery_voltage=4.944
[17:27:26.479] PACKET[TCP_prs2026hitl_7100] heartbeat: status=256, uptime=777069
[17:27:26.580] RX[TCP_prs2026hitl_7100]  01 0b 00 00 0b db d1 ff fc 92 00 5a 37 ff de 12 ff d6 00 16 00 25 0a
[17:27:26.584] PACKET[TCP_prs2026hitl_7100] sensors: status=2816, uptime=777169, filtered_accel=[-0.03512, 0.9238, -0.34744], gyro=[-2.94, 1.54, 2.59]
[17:27:26.687] RX[TCP_prs2026hitl_7100]  01 0f 00 00 0b dc 35 ff fc 92 00 5a 37 ff de 12 ff d7 00 15 00 24 0a
[17:27:26.691] PACKET[TCP_prs2026hitl_7100] sensors: status=3840, uptime=777269, filtered_accel=[-0.03512, 0.9238, -0.34744], gyro=[-2.87, 1.47, 2.52]
[17:27:26.741] RX[TCP_prs2026hitl_7100]  01 0f 00 00 0b dc 99 ff fc 92 00 5a 37 ff de 1e ff d4 00 17 00 22 0a
[17:27:26.744] PACKET[TCP_prs2026hitl_7100] sensors: status=3840, uptime=777369, filtered_accel=[-0.03512, 0.9238, -0.34696], gyro=[-3.08, 1.61, 2.38]
[17:27:26.846] RX[TCP_prs2026hitl_7100]  01 0f 00 00 0b dc fd ff fc 85 00 5a 37 ff de 1e ff d6 00 16 00 24 0a
[17:27:26.848] PACKET[TCP_prs2026hitl_7100] sensors: status=3840, uptime=777469, filtered_accel=[-0.03564, 0.9238, -0.34696], gyro=[-2.94, 1.54, 2.52]
[17:27:26.899] RX[TCP_prs2026hitl_7100]  01 0f 00 00 0b dd 61 ff fc 9e 00 5a 37 ff de 12 ff d7 00 15 00 24 0a
[17:27:26.903] PACKET[TCP_prs2026hitl_7100] sensors: status=3840, uptime=777569, filtered_accel=[-0.03464, 0.9238, -0.34744], gyro=[-2.87, 1.47, 2.52]
[17:27:27.004] RX[TCP_prs2026hitl_7100]  01 0b 00 00 0b dd c5 ff fc 85 00 5a 37 ff dd f9 ff d5 00 17 00 22 0a
[17:27:27.007] PACKET[TCP_prs2026hitl_7100] sensors: status=2816, uptime=777669, filtered_accel=[-0.03564, 0.9238, -0.34844], gyro=[-3.01, 1.61, 2.38]
[17:27:27.108] RX[TCP_prs2026hitl_7100]  01 0b 00 00 0b de 29 ff fc 9e 00 5a 37 ff de 12 ff d6 00 16 00 23 0a
[17:27:27.112] PACKET[TCP_prs2026hitl_7100] sensors: status=2816, uptime=777769, filtered_accel=[-0.03464, 0.9238, -0.34744], gyro=[-2.94, 1.54, 2.45]
[17:27:27.112] RX[TCP_prs2026hitl_7101]  03 00 00 00 00 00 00 00 00 00 0d b3 dd 00 00 00 13 90 0a
[17:27:27.114] PACKET[TCP_prs2026hitl_7101] camera: fc_status=0, fc_uptime=0, status=0, uptime=898013, current_sense=[0.0, 0.0, 0.0], iris_battery_voltage=5.008
[17:27:27.165] RX[TCP_prs2026hitl_7100]  01 0b 00 00 0b de 8d ff fc 85 00 5a 37 ff dd f9 ff d6 00 15 00 24 0a
[17:27:27.168] PACKET[TCP_prs2026hitl_7100] sensors: status=2816, uptime=777869, filtered_accel=[-0.03564, 0.9238, -0.34844], gyro=[-2.94, 1.47, 2.52]
[17:27:27.269] RX[TCP_prs2026hitl_7100]  01 0f 00 00 0b de f1 ff fc 92 00 5a 43 ff de 12 ff d7 00 15 00 25 0a
[17:27:27.275] PACKET[TCP_prs2026hitl_7100] sensors: status=3840, uptime=777969, filtered_accel=[-0.03512, 0.92428, -0.34744], gyro=[-2.87, 1.47, 2.59]
[17:27:27.376] RX[TCP_prs2026hitl_7100]  01 0f 00 00 0b df 55 ff fc 92 00 5a 43 ff de 05 ff d6 00 17 00 22 0a 02 10 00 00 0b df 55 00 00 00 00 00 00 00 00 00 00 00 00 00 00 00 00 00 00 00 00 00 00 00 00 00 00 00 00 00 00 00 00 00 00
[17:27:27.381] PACKET[TCP_prs2026hitl_7100] sensors: status=3840, uptime=778069, filtered_accel=[-0.03512, 0.92428, -0.34796], gyro=[-2.94, 1.61, 2.38]
[17:27:27.482] RX[TCP_prs2026hitl_7100]  00 00 00 00 00 00 00 00 00 00 00 00 00 00 00 00 43 52 d7 c8 13 44 0a ff 00 00 00 0b df 55 0a
[17:27:27.486] PACKET[TCP_prs2026hitl_7100] state: status=4096, uptime=778069, orientation=[0.0, 0.0, 0.0, 0.0], position=[0.0, 0.0, 0.0], velocity=[0.0, 0.0, 0.0], latitude=0.0, longitude=0.0, gps_altitude=0.0, barometric_altitude=210.842896, witness_battery_voltage=4.932
[17:27:27.488] PACKET[TCP_prs2026hitl_7100] heartbeat: status=0, uptime=778069
[17:27:27.589] RX[TCP_prs2026hitl_7100]  01 0f 00 00 0b df b9 ff fc 85 00 5a 37 ff de 12 ff d6 00 15 00 25 0a
[17:27:27.592] PACKET[TCP_prs2026hitl_7100] sensors: status=3840, uptime=778169, filtered_accel=[-0.03564, 0.9238, -0.34744], gyro=[-2.94, 1.47, 2.59]
[17:27:27.643] RX[TCP_prs2026hitl_7100]  01 0f 00 00 0b e0 1d ff fc 92 00 5a 37 ff dd f9 ff d7 00 15 00 24 0a
[17:27:27.647] PACKET[TCP_prs2026hitl_7100] sensors: status=3840, uptime=778269, filtered_accel=[-0.03512, 0.9238, -0.34844], gyro=[-2.87, 1.47, 2.52]
[17:27:27.797] RX[TCP_prs2026hitl_7100]  01 0b 00 00 0b e0 81 ff fc 9e 00 5a 43 ff de 05 ff d6 00 17 00 23 0a
[17:27:27.800] PACKET[TCP_prs2026hitl_7100] sensors: status=2816, uptime=778369, filtered_accel=[-0.03464, 0.92428, -0.34796], gyro=[-2.94, 1.61, 2.45]
[17:27:27.851] RX[TCP_prs2026hitl_7100]  01 0b 00 00 0b e0 e5 ff fc 9e 00 5a 37 ff dd f9 ff d7 00 16 00 24 0a
[17:27:27.854] PACKET[TCP_prs2026hitl_7100] sensors: status=2816, uptime=778469, filtered_accel=[-0.03464, 0.9238, -0.34844], gyro=[-2.87, 1.54, 2.52]
[17:27:27.955] RX[TCP_prs2026hitl_7100]  01 0b 00 00 0b e1 49 ff fc 92 00 5a 37 ff dd f9 ff d5 00 16 00 24 0a
[17:27:27.958] PACKET[TCP_prs2026hitl_7100] sensors: status=2816, uptime=778569, filtered_accel=[-0.03512, 0.9238, -0.34844], gyro=[-3.01, 1.54, 2.52]
[17:27:28.060] RX[TCP_prs2026hitl_7100]  01 0f 00 00 0b e1 ad ff fc 9e 00 5a 43 ff de 05 ff d7 00 14 00 24 0a
[17:27:28.064] PACKET[TCP_prs2026hitl_7100] sensors: status=3840, uptime=778669, filtered_accel=[-0.03464, 0.92428, -0.34796], gyro=[-2.87, 1.4, 2.52]
[17:27:28.115] RX[TCP_prs2026hitl_7101]  03 00 00 00 00 00 00 00 00 00 0d b7 c5 00 00 00 13 94 0a
[17:27:28.121] PACKET[TCP_prs2026hitl_7101] camera: fc_status=0, fc_uptime=0, status=0, uptime=899013, current_sense=[0.0, 0.0, 0.0], iris_battery_voltage=5.012
[17:27:28.121] RX[TCP_prs2026hitl_7100]  01 0f 00 00 0b e2 11 ff fc 92 00 5a 43 ff de 1e ff d5 00 18 00 23 0a
[17:27:28.123] PACKET[TCP_prs2026hitl_7100] sensors: status=3840, uptime=778769, filtered_accel=[-0.03512, 0.92428, -0.34696], gyro=[-3.01, 1.68, 2.45]
[17:27:28.224] RX[TCP_prs2026hitl_7100]  01 0f 00 00 0b e2 75 ff fc 85 00 5a 43 ff de 12 ff d6 00 16 00 25 0a
[17:27:28.229] PACKET[TCP_prs2026hitl_7100] sensors: status=3840, uptime=778869, filtered_accel=[-0.03564, 0.92428, -0.34744], gyro=[-2.94, 1.54, 2.59]
[17:27:28.330] RX[TCP_prs2026hitl_7100]  01 0f 00 00 0b e2 d9 ff fc 85 00 5a 37 ff de 12 ff d7 00 15 00 25 0a
[17:27:28.333] PACKET[TCP_prs2026hitl_7100] sensors: status=3840, uptime=778969, filtered_accel=[-0.03564, 0.9238, -0.34744], gyro=[-2.87, 1.47, 2.59]
[17:27:28.383] RX[TCP_prs2026hitl_7100]  01 0b 00 00 0b e3 3d ff fc 9e 00 5a 43 ff dd f9 ff d5 00 17 00 22 0a 02 10 00 00 0b e3 3d 00 00 00 00 00 00 00 00 00 00 00 00 00 00 00 00 00 00 00 00 00 00 00 00 00 00 00 00 00 00 00 00 00 00 00 00 00 00 00 00 00 00 00 00 00 00 00 00 00 00 43 52 ab d0 13 50 0a ff 01 00 00 0b e3 3d 0a
[17:27:28.388] PACKET[TCP_prs2026hitl_7100] sensors: status=2816, uptime=779069, filtered_accel=[-0.03464, 0.92428, -0.34844], gyro=[-3.01, 1.61, 2.38]
[17:27:28.411] PACKET[TCP_prs2026hitl_7100] state: status=4096, uptime=779069, orientation=[0.0, 0.0, 0.0, 0.0], position=[0.0, 0.0, 0.0], velocity=[0.0, 0.0, 0.0], latitude=0.0, longitude=0.0, gps_altitude=0.0, barometric_altitude=210.671143, witness_battery_voltage=4.944
[17:27:28.432] PACKET[TCP_prs2026hitl_7100] heartbeat: status=256, uptime=779069
[17:27:28.487] RX[TCP_prs2026hitl_7100]  01 0b 00 00 0b e3 a1 ff fc 92 00 5a 43 ff dd ed ff d6 00 17 00 23 0a
[17:27:28.491] PACKET[TCP_prs2026hitl_7100] sensors: status=2816, uptime=779169, filtered_accel=[-0.03512, 0.92428, -0.34892], gyro=[-2.94, 1.61, 2.45]
[17:27:28.592] RX[TCP_prs2026hitl_7100]  01 0b 00 00 0b e4 05 ff fc 9e 00 5a 2a ff dd f9 ff d7 00 14 00 25 0a
[17:27:28.595] PACKET[TCP_prs2026hitl_7100] sensors: status=2816, uptime=779269, filtered_accel=[-0.03464, 0.92328, -0.34844], gyro=[-2.87, 1.4, 2.59]
[17:27:28.746] RX[TCP_prs2026hitl_7100]  01 0f 00 00 0b e4 69 ff fc 85 00 5a 4f ff de 05 ff d6 00 14 00 24 0a
[17:27:28.750] PACKET[TCP_prs2026hitl_7100] sensors: status=3840, uptime=779369, filtered_accel=[-0.03564, 0.92476, -0.34796], gyro=[-2.94, 1.4, 2.52]
[17:27:28.850] RX[TCP_prs2026hitl_7100]  01 0f 00 00 0b e4 cd ff fc 92 00 5a 43 ff de 12 ff d5 00 17 00 22 0a
[17:27:28.853] PACKET[TCP_prs2026hitl_7100] sensors: status=3840, uptime=779469, filtered_accel=[-0.03512, 0.92428, -0.34744], gyro=[-3.01, 1.61, 2.38]
[17:27:28.955] RX[TCP_prs2026hitl_7100]  01 0f 00 00 0b e5 31 ff fc 92 00 5a 43 ff de 1e ff d7 00 16 00 25 0a
[17:27:28.959] PACKET[TCP_prs2026hitl_7100] sensors: status=3840, uptime=779569, filtered_accel=[-0.03512, 0.92428, -0.34696], gyro=[-2.87, 1.54, 2.59]
[17:27:29.061] RX[TCP_prs2026hitl_7100]  01 0f 00 00 0b e5 95 ff fc 9e 00 5a 2a ff de 05 ff d6 00 15 00 25 0a
[17:27:29.065] PACKET[TCP_prs2026hitl_7100] sensors: status=3840, uptime=779669, filtered_accel=[-0.03464, 0.92328, -0.34796], gyro=[-2.94, 1.47, 2.59]
[17:27:29.115] RX[TCP_prs2026hitl_7101]  03 00 00 00 00 00 00 00 00 00 0d bb ad 00 00 00 13 90 0a
[17:27:29.118] PACKET[TCP_prs2026hitl_7101] camera: fc_status=0, fc_uptime=0, status=0, uptime=900013, current_sense=[0.0, 0.0, 0.0], iris_battery_voltage=5.008
[17:27:29.119] RX[TCP_prs2026hitl_7100]  01 0b 00 00 0b e5 f9 ff fc 92 00 5a 43 ff dd f9 ff d6 00 17 00 23 0a
[17:27:29.121] PACKET[TCP_prs2026hitl_7100] sensors: status=2816, uptime=779769, filtered_accel=[-0.03512, 0.92428, -0.34844], gyro=[-2.94, 1.61, 2.45]
[17:27:29.221] RX[TCP_prs2026hitl_7100]  01 0b 00 00 0b e6 5d ff fc 85 00 5a 2a ff de 05 ff d6 00 17 00 23 0a
[17:27:29.224] PACKET[TCP_prs2026hitl_7100] sensors: status=2816, uptime=779869, filtered_accel=[-0.03564, 0.92328, -0.34796], gyro=[-2.94, 1.61, 2.45]
[17:27:29.325] RX[TCP_prs2026hitl_7100]  01 0b 00 00 0b e6 c1 ff fc 85 00 5a 37 ff de 05 ff d7 00 15 00 24 0a
[17:27:29.328] PACKET[TCP_prs2026hitl_7100] sensors: status=2816, uptime=779969, filtered_accel=[-0.03564, 0.9238, -0.34796], gyro=[-2.87, 1.47, 2.52]
[17:27:29.429] RX[TCP_prs2026hitl_7100]  01 0f 00 00 0b e7 25 ff fc 92 00 5a 43 ff de 05 ff d7 00 16 00 25 0a 02 10 00 00 0b e7 25 00 00 00 00 00 00 00 00 00 00 00 00 00 00 00 00 00 00 00 00 00 00 00 00 00 00 00 00 00 00 00 00 00 00 00 00 00 00 00 00 00 00 00 00 00 00 00 00 00 00 43 52 c1 75 13 48 0a ff 00 00 00 0b e7 25 0a
[17:27:29.435] PACKET[TCP_prs2026hitl_7100] sensors: status=3840, uptime=780069, filtered_accel=[-0.03512, 0.92428, -0.34796], gyro=[-2.87, 1.54, 2.59]
[17:27:29.437] PACKET[TCP_prs2026hitl_7100] state: status=4096, uptime=780069, orientation=[0.0, 0.0, 0.0, 0.0], position=[0.0, 0.0, 0.0], velocity=[0.0, 0.0, 0.0], latitude=0.0, longitude=0.0, gps_altitude=0.0, barometric_altitude=210.755692, witness_battery_voltage=4.936
[17:27:29.439] PACKET[TCP_prs2026hitl_7100] heartbeat: status=0, uptime=780069
[17:27:29.491] RX[TCP_prs2026hitl_7100]  01 0f 00 00 0b e7 89 ff fc 92 00 5a 37 ff dd f9 ff d5 00 18 00 22 0a
[17:27:29.499] PACKET[TCP_prs2026hitl_7100] sensors: status=3840, uptime=780169, filtered_accel=[-0.03512, 0.9238, -0.34844], gyro=[-3.01, 1.68, 2.38]
[17:27:29.601] RX[TCP_prs2026hitl_7100]  01 0f 00 00 0b e7 ed ff fc 92 00 5a 2a ff de 12 ff d7 00 16 00 24 0a
[17:27:29.604] PACKET[TCP_prs2026hitl_7100] sensors: status=3840, uptime=780269, filtered_accel=[-0.03512, 0.92328, -0.34744], gyro=[-2.87, 1.54, 2.52]
[17:27:29.705] RX[TCP_prs2026hitl_7100]  01 0f 00 00 0b e8 51 ff fc 92 00 5a 37 ff de 12 ff d7 00 16 00 23 0a
[17:27:29.709] PACKET[TCP_prs2026hitl_7100] sensors: status=3840, uptime=780369, filtered_accel=[-0.03512, 0.9238, -0.34744], gyro=[-2.87, 1.54, 2.45]
[17:27:29.811] RX[TCP_prs2026hitl_7100]  01 0b 00 00 0b e8 b5 ff fc 9e 00 5a 4f ff de 1e ff d5 00 17 00 23 0a
[17:27:29.814] PACKET[TCP_prs2026hitl_7100] sensors: status=2816, uptime=780469, filtered_accel=[-0.03464, 0.92476, -0.34696], gyro=[-3.01, 1.61, 2.45]
[17:27:29.916] RX[TCP_prs2026hitl_7100]  01 0b 00 00 0b e9 19 ff fc 85 00 5a 43 ff de 05 ff d6 00 16 00 24 0a
[17:27:29.921] PACKET[TCP_prs2026hitl_7100] sensors: status=2816, uptime=780569, filtered_accel=[-0.03564, 0.92428, -0.34796], gyro=[-2.94, 1.54, 2.52]
[17:27:29.972] RX[TCP_prs2026hitl_7100]  01 0b 00 00 0b e9 7d ff fc 92 00 5a 43 ff dd ed ff d7 00 15 00 25 0a
[17:27:29.974] PACKET[TCP_prs2026hitl_7100] sensors: status=2816, uptime=780669, filtered_accel=[-0.03512, 0.92428, -0.34892], gyro=[-2.87, 1.47, 2.59]
[17:27:30.075] RX[TCP_prs2026hitl_7100]  01 0f 00 00 0b e9 e1 ff fc 85 00 5a 43 ff de 05 ff d7 00 14 00 25 0a
[17:27:30.078] PACKET[TCP_prs2026hitl_7100] sensors: status=3840, uptime=780769, filtered_accel=[-0.03564, 0.92428, -0.34796], gyro=[-2.87, 1.4, 2.59]
[17:27:30.129] RX[TCP_prs2026hitl_7101]  03 00 00 00 00 00 00 00 00 00 0d bf 95 00 00 00 13 90 0a
[17:27:30.132] PACKET[TCP_prs2026hitl_7101] camera: fc_status=0, fc_uptime=0, status=0, uptime=901013, current_sense=[0.0, 0.0, 0.0], iris_battery_voltage=5.008
[17:27:30.233] RX[TCP_prs2026hitl_7100]  01 0f 00 00 0b ea 45 ff fc 9e 00 5a 43 ff de 12 ff d5 00 18 00 22 0a
[17:27:30.236] PACKET[TCP_prs2026hitl_7100] sensors: status=3840, uptime=780869, filtered_accel=[-0.03464, 0.92428, -0.34744], gyro=[-3.01, 1.68, 2.38]
[17:27:30.287] RX[TCP_prs2026hitl_7100]  01 0f 00 00 0b ea a9 ff fc 92 00 5a 37 ff de 05 ff d7 00 15 00 24 0a
[17:27:30.289] PACKET[TCP_prs2026hitl_7100] sensors: status=3840, uptime=780969, filtered_accel=[-0.03512, 0.9238, -0.34796], gyro=[-2.87, 1.47, 2.52]
[17:27:30.390] RX[TCP_prs2026hitl_7100]  01 0f 00 00 0b eb 0d ff fc 9e 00 5a 37 ff de 05 ff d6 00 15 00 24 0a 02 10 00 00 0b eb 0d 00 00 00 00 00 00 00 00 00 00 00 00 00 00 00 00 00 00 00 00 00 00 00 00 00 00 00 00 00 00 00 00 00 00 00 00 00 00 00 00 00 00 00 00 00 00 00 00 00 00 43 52 ab d0 13 48 0a ff 01 00 00 0b eb 0d 0a
[17:27:30.395] PACKET[TCP_prs2026hitl_7100] sensors: status=3840, uptime=781069, filtered_accel=[-0.03464, 0.9238, -0.34796], gyro=[-2.94, 1.47, 2.52]
[17:27:30.397] PACKET[TCP_prs2026hitl_7100] state: status=4096, uptime=781069, orientation=[0.0, 0.0, 0.0, 0.0], position=[0.0, 0.0, 0.0], velocity=[0.0, 0.0, 0.0], latitude=0.0, longitude=0.0, gps_altitude=0.0, barometric_altitude=210.671143, witness_battery_voltage=4.936
[17:27:30.400] PACKET[TCP_prs2026hitl_7100] heartbeat: status=256, uptime=781069
[17:27:30.501] RX[TCP_prs2026hitl_7100]  01 0b 00 00 0b eb 71 ff fc 85 00 5a 43 ff de 12 ff d5 00 17 00 23 0a
[17:27:30.504] PACKET[TCP_prs2026hitl_7100] sensors: status=2816, uptime=781169, filtered_accel=[-0.03564, 0.92428, -0.34744], gyro=[-3.01, 1.61, 2.45]
[17:27:30.605] RX[TCP_prs2026hitl_7100]  01 0b 00 00 0b eb d5 ff fc 92 00 5a 37 ff de 05 ff d6 00 17 00 23 0a
[17:27:30.609] PACKET[TCP_prs2026hitl_7100] sensors: status=2816, uptime=781269, filtered_accel=[-0.03512, 0.9238, -0.34796], gyro=[-2.94, 1.61, 2.45]
[17:27:30.710] RX[TCP_prs2026hitl_7100]  01 0b 00 00 0b ec 39 ff fc 85 00 5a 43 ff de 05 ff d6 00 15 00 25 0a
[17:27:30.714] PACKET[TCP_prs2026hitl_7100] sensors: status=2816, uptime=781369, filtered_accel=[-0.03564, 0.92428, -0.34796], gyro=[-2.94, 1.47, 2.59]
[17:27:30.765] RX[TCP_prs2026hitl_7100]  01 0f 00 00 0b ec 9d ff fc 92 00 5a 37 ff de 05 ff d6 00 14 00 25 0a
[17:27:30.768] PACKET[TCP_prs2026hitl_7100] sensors: status=3840, uptime=781469, filtered_accel=[-0.03512, 0.9238, -0.34796], gyro=[-2.94, 1.4, 2.59]
[17:27:30.919] RX[TCP_prs2026hitl_7100]  01 0f 00 00 0b ed 01 ff fc 9e 00 5a 43 ff de 05 ff d6 00 17 00 21 0a
[17:27:30.923] PACKET[TCP_prs2026hitl_7100] sensors: status=3840, uptime=781569, filtered_accel=[-0.03464, 0.92428, -0.34796], gyro=[-2.94, 1.61, 2.31]
[17:27:30.974] RX[TCP_prs2026hitl_7100]  01 0f 00 00 0b ed 65 ff fc 92 00 5a 43 ff de 05 ff d7 00 17 00 22 0a
[17:27:30.976] PACKET[TCP_prs2026hitl_7100] sensors: status=3840, uptime=781669, filtered_accel=[-0.03512, 0.92428, -0.34796], gyro=[-2.87, 1.61, 2.38]
[17:27:31.077] RX[TCP_prs2026hitl_7100]  01 0f 00 00 0b ed c9 ff fc 92 00 5a 37 ff dd ed ff d6 00 15 00 25 0a
[17:27:31.080] PACKET[TCP_prs2026hitl_7100] sensors: status=3840, uptime=781769, filtered_accel=[-0.03512, 0.9238, -0.34892], gyro=[-2.94, 1.47, 2.59]
[17:27:31.131] RX[TCP_prs2026hitl_7101]  03 00 00 00 00 00 00 00 00 00 0d c3 7d 00 00 00 13 90 0a
[17:27:31.133] PACKET[TCP_prs2026hitl_7101] camera: fc_status=0, fc_uptime=0, status=0, uptime=902013, current_sense=[0.0, 0.0, 0.0], iris_battery_voltage=5.008
[17:27:31.184] RX[TCP_prs2026hitl_7100]  01 0b 00 00 0b ee 2d ff fc 85 00 5a 37 ff de 12 ff d5 00 17 00 22 0a
[17:27:31.188] PACKET[TCP_prs2026hitl_7100] sensors: status=2816, uptime=781869, filtered_accel=[-0.03564, 0.9238, -0.34744], gyro=[-3.01, 1.61, 2.38]
[17:27:31.288] RX[TCP_prs2026hitl_7100]  01 0b 00 00 0b ee 91 ff fc 85 00 5a 2a ff de 12 ff d6 00 16 00 24 0a
[17:27:31.293] PACKET[TCP_prs2026hitl_7100] sensors: status=2816, uptime=781969, filtered_accel=[-0.03564, 0.92328, -0.34744], gyro=[-2.94, 1.54, 2.52]
[17:27:31.394] RX[TCP_prs2026hitl_7100]  01 0b 00 00 0b ee f5 ff fc 92 00 5a 43 ff de 12 ff d6 00 16 00 24 0a 02 10 00 00 0b ee f5 00 00 00 00 00 00 00 00 00 00 00 00 00 00 00 00 00 00 00 00 00 00 00 00 00 00 00 00 00 00 00 00 00 00
[17:27:31.401] PACKET[TCP_prs2026hitl_7100] sensors: status=2816, uptime=782069, filtered_accel=[-0.03512, 0.92428, -0.34744], gyro=[-2.94, 1.54, 2.52]
[17:27:31.452] RX[TCP_prs2026hitl_7100]  00 00 00 00 00 00 00 00 00 00 00 00 00 00 00 00 43 52 ed 6d 13 28 0a ff 00 00 00 0b ee f5 0a
[17:27:31.456] PACKET[TCP_prs2026hitl_7100] state: status=4096, uptime=782069, orientation=[0.0, 0.0, 0.0, 0.0], position=[0.0, 0.0, 0.0], velocity=[0.0, 0.0, 0.0], latitude=0.0, longitude=0.0, gps_altitude=0.0, barometric_altitude=210.927444, witness_battery_voltage=4.904
[17:27:31.459] PACKET[TCP_prs2026hitl_7100] heartbeat: status=0, uptime=782069
[17:27:31.559] RX[TCP_prs2026hitl_7100]  01 0f 00 00 0b ef 59 ff fc 9e 00 5a 37 ff dd f9 ff d5 00 16 00 26 0a
[17:27:31.562] PACKET[TCP_prs2026hitl_7100] sensors: status=3840, uptime=782169, filtered_accel=[-0.03464, 0.9238, -0.34844], gyro=[-3.01, 1.54, 2.66]
[17:27:31.663] RX[TCP_prs2026hitl_7100]  01 0f 00 00 0b ef bd ff fc 92 00 5a 2a ff de 12 ff d6 00 17 00 23 0a
[17:27:31.667] PACKET[TCP_prs2026hitl_7100] sensors: status=3840, uptime=782269, filtered_accel=[-0.03512, 0.92328, -0.34744], gyro=[-2.94, 1.61, 2.45]
[17:27:31.717] RX[TCP_prs2026hitl_7100]  01 0f 00 00 0b f0 21 ff fc 85 00 5a 37 ff dd f9 ff d7 00 15 00 24 0a
[17:27:31.720] PACKET[TCP_prs2026hitl_7100] sensors: status=3840, uptime=782369, filtered_accel=[-0.03564, 0.9238, -0.34844], gyro=[-2.87, 1.47, 2.52]
[17:27:31.822] RX[TCP_prs2026hitl_7100]  01 0f 00 00 0b f0 85 ff fc 92 00 5a 43 ff dd f9 ff d7 00 14 00 26 0a
[17:27:31.826] PACKET[TCP_prs2026hitl_7100] sensors: status=3840, uptime=782469, filtered_accel=[-0.03512, 0.92428, -0.34844], gyro=[-2.87, 1.4, 2.66]
[17:27:31.927] RX[TCP_prs2026hitl_7100]  01 0b 00 00 0b f0 e9 ff fc aa 00 5a 4f ff de 1e ff d6 00 17 00 22 0a
[17:27:31.931] PACKET[TCP_prs2026hitl_7100] sensors: status=2816, uptime=782569, filtered_accel=[-0.03416, 0.92476, -0.34696], gyro=[-2.94, 1.61, 2.38]
[17:27:32.032] RX[TCP_prs2026hitl_7100]  01 0b 00 00 0b f1 4d ff fc 85 00 5a 43 ff de 1e ff d6 00 16 00 23 0a
[17:27:32.037] PACKET[TCP_prs2026hitl_7100] sensors: status=2816, uptime=782669, filtered_accel=[-0.03564, 0.92428, -0.34696], gyro=[-2.94, 1.54, 2.45]
[17:27:32.138] RX[TCP_prs2026hitl_7101]  03 00 00 00 00 00 00 00 00 00 0d c7 65 00 00 00 13 90 0a
[17:27:32.142] PACKET[TCP_prs2026hitl_7101] camera: fc_status=0, fc_uptime=0, status=0, uptime=903013, current_sense=[0.0, 0.0, 0.0], iris_battery_voltage=5.008
[17:27:32.143] RX[TCP_prs2026hitl_7100]  01 0b 00 00 0b f1 b1 ff fc 92 00 5a 43 ff de 05 ff d7 00 15 00 25 0a
[17:27:32.145] PACKET[TCP_prs2026hitl_7100] sensors: status=2816, uptime=782769, filtered_accel=[-0.03512, 0.92428, -0.34796], gyro=[-2.87, 1.47, 2.59]
[17:27:32.196] RX[TCP_prs2026hitl_7100]  01 0f 00 00 0b f2 15 ff fc 92 00 5a 1e ff de 05 ff d6 00 16 00 25 0a
[17:27:32.200] PACKET[TCP_prs2026hitl_7100] sensors: status=3840, uptime=782869, filtered_accel=[-0.03512, 0.9228, -0.34796], gyro=[-2.94, 1.54, 2.59]
[17:27:32.301] RX[TCP_prs2026hitl_7100]  01 0f 00 00 0b f2 79 ff fc 85 00 5a 43 ff de 05 ff d5 00 18 00 22 0a
[17:27:32.303] PACKET[TCP_prs2026hitl_7100] sensors: status=3840, uptime=782969, filtered_accel=[-0.03564, 0.92428, -0.34796], gyro=[-3.01, 1.68, 2.38]
[17:27:32.404] RX[TCP_prs2026hitl_7100]  01 0f 00 00 0b f2 dd ff fc 9e 00 5a 2a ff dd f9 ff d6 00 15 00 24 0a 02 10 00 00 0b f2 dd 00 00 00 00 00 00 00 00 00 00 00 00 00 00 00 00 00 00 00 00 00 00 00 00 00 00 00 00 00 00 00 00 00 00 00 00 00 00 00 00 00 00 00 00 00 00 00 00 00 00 43 52 d7 c8 13 48 0a ff 01 00 00 0b f2 dd 0a
[17:27:32.410] PACKET[TCP_prs2026hitl_7100] sensors: status=3840, uptime=783069, filtered_accel=[-0.03464, 0.92328, -0.34844], gyro=[-2.94, 1.47, 2.52]
[17:27:32.415] PACKET[TCP_prs2026hitl_7100] state: status=4096, uptime=783069, orientation=[0.0, 0.0, 0.0, 0.0], position=[0.0, 0.0, 0.0], velocity=[0.0, 0.0, 0.0], latitude=0.0, longitude=0.0, gps_altitude=0.0, barometric_altitude=210.842896, witness_battery_voltage=4.936
[17:27:32.417] PACKET[TCP_prs2026hitl_7100] heartbeat: status=256, uptime=783069
[17:27:32.468] RX[TCP_prs2026hitl_7100]  01 0f 00 00 0b f3 41 ff fc 79 00 5a 1e ff de 12 ff d7 00 16 00 25 0a
[17:27:32.472] PACKET[TCP_prs2026hitl_7100] sensors: status=3840, uptime=783169, filtered_accel=[-0.03612, 0.9228, -0.34744], gyro=[-2.87, 1.54, 2.59]
[17:27:32.573] RX[TCP_prs2026hitl_7100]  01 0b 00 00 0b f3 a5 ff fc 92 00 5a 2a ff dd f9 ff d7 00 18 00 22 0a
[17:27:32.576] PACKET[TCP_prs2026hitl_7100] sensors: status=2816, uptime=783269, filtered_accel=[-0.03512, 0.92328, -0.34844], gyro=[-2.87, 1.68, 2.38]
[17:27:32.677] RX[TCP_prs2026hitl_7100]  01 0b 00 00 0b f4 09 ff fc 9e 00 5a 37 ff de 05 ff d9 00 16 00 24 0a
[17:27:32.680] PACKET[TCP_prs2026hitl_7100] sensors: status=2816, uptime=783369, filtered_accel=[-0.03464, 0.9238, -0.34796], gyro=[-2.73, 1.54, 2.52]
[17:27:32.781] RX[TCP_prs2026hitl_7100]  01 0b 00 00 0b f4 6d ff fc 92 00 5a 37 ff dd f9 ff d7 00 15 00 26 0a
[17:27:32.785] PACKET[TCP_prs2026hitl_7100] sensors: status=2816, uptime=783469, filtered_accel=[-0.03512, 0.9238, -0.34844], gyro=[-2.87, 1.47, 2.66]
[17:27:32.886] RX[TCP_prs2026hitl_7100]  01 0f 00 00 0b f4 d1 ff fc 92 00 5a 37 ff dd f9 ff d6 00 15 00 24 0a
[17:27:32.890] PACKET[TCP_prs2026hitl_7100] sensors: status=3840, uptime=783569, filtered_accel=[-0.03512, 0.9238, -0.34844], gyro=[-2.94, 1.47, 2.52]
[17:27:32.990] RX[TCP_prs2026hitl_7100]  01 0f 00 00 0b f5 35 ff fc 85 00 5a 37 ff de 12 ff d6 00 17 00 22 0a
[17:27:32.993] PACKET[TCP_prs2026hitl_7100] sensors: status=3840, uptime=783669, filtered_accel=[-0.03564, 0.9238, -0.34744], gyro=[-2.94, 1.61, 2.38]
[17:27:33.095] RX[TCP_prs2026hitl_7100]  01 0f 00 00 0b f5 99 ff fc 85 00 5a 43 ff de 12 ff d7 00 15 00 24 0a
[17:27:33.099] PACKET[TCP_prs2026hitl_7100] sensors: status=3840, uptime=783769, filtered_accel=[-0.03564, 0.92428, -0.34744], gyro=[-2.87, 1.47, 2.52]
[17:27:33.151] RX[TCP_prs2026hitl_7101]  03 00 00 00 00 00 00 00 00 00 0d cb 4d 00 00 00 13 94 0a
[17:27:33.154] PACKET[TCP_prs2026hitl_7101] camera: fc_status=0, fc_uptime=0, status=0, uptime=904013, current_sense=[0.0, 0.0, 0.0], iris_battery_voltage=5.012
[17:27:33.204] RX[TCP_prs2026hitl_7100]  01 0f 00 00 0b f5 fd ff fc 92 00 5a 43 ff dd f9 ff d6 00 14 00 25 0a
[17:27:33.208] PACKET[TCP_prs2026hitl_7100] sensors: status=3840, uptime=783869, filtered_accel=[-0.03512, 0.92428, -0.34844], gyro=[-2.94, 1.4, 2.59]
[17:27:33.310] RX[TCP_prs2026hitl_7100]  01 0b 00 00 0b f6 61 ff fc 92 00 5a 43 ff de 05 ff d6 00 17 00 22 0a
[17:27:33.313] PACKET[TCP_prs2026hitl_7100] sensors: status=2816, uptime=783969, filtered_accel=[-0.03512, 0.92428, -0.34796], gyro=[-2.94, 1.61, 2.38]
[17:27:33.363] RX[TCP_prs2026hitl_7100]  01 0b 00 00 0b f6 c5 ff fc cf 00 5a 4f ff de 05 ff d6 00 16 00 23 0a 02 10 00 00 0b f6 c5 00 00 00 00 00 00 00 00 00 00 00 00 00 00 00 00 00 00 00 00 00 00 00 00 00 00 00 00 00 00 00 00 00 00
[17:27:33.367] PACKET[TCP_prs2026hitl_7100] sensors: status=2816, uptime=784069, filtered_accel=[-0.03268, 0.92476, -0.34796], gyro=[-2.94, 1.54, 2.45]
[17:27:33.468] RX[TCP_prs2026hitl_7100]  00 00 00 00 00 00 00 00 00 00 00 00 00 00 00 00 43 52 c1 75 13 50 0a ff 00 00 00 0b f6 c5 0a
[17:27:33.472] PACKET[TCP_prs2026hitl_7100] state: status=4096, uptime=784069, orientation=[0.0, 0.0, 0.0, 0.0], position=[0.0, 0.0, 0.0], velocity=[0.0, 0.0, 0.0], latitude=0.0, longitude=0.0, gps_altitude=0.0, barometric_altitude=210.755692, witness_battery_voltage=4.944
[17:27:33.474] PACKET[TCP_prs2026hitl_7100] heartbeat: status=0, uptime=784069
[17:27:33.525] RX[TCP_prs2026hitl_7100]  01 0b 00 00 0b f7 29 ff fc 92 00 5a 37 ff de 36 ff d6 00 16 00 25 0a
[17:27:33.528] PACKET[TCP_prs2026hitl_7100] sensors: status=2816, uptime=784169, filtered_accel=[-0.03512, 0.9238, -0.346], gyro=[-2.94, 1.54, 2.59]
[17:27:33.629] RX[TCP_prs2026hitl_7100]  01 0f 00 00 0b f7 8d ff fc 9e 00 5a 37 ff de 2a ff d6 00 15 00 24 0a
[17:27:33.633] PACKET[TCP_prs2026hitl_7100] sensors: status=3840, uptime=784269, filtered_accel=[-0.03464, 0.9238, -0.34648], gyro=[-2.94, 1.47, 2.52]
[17:27:33.684] RX[TCP_prs2026hitl_7100]  01 0f 00 00 0b f7 f1 ff fc 85 00 5a 37 ff de 05 ff d6 00 17 00 22 0a
[17:27:33.687] PACKET[TCP_prs2026hitl_7100] sensors: status=3840, uptime=784369, filtered_accel=[-0.03564, 0.9238, -0.34796], gyro=[-2.94, 1.61, 2.38]
[17:27:33.788] RX[TCP_prs2026hitl_7100]  01 0f 00 00 0b f8 55 ff fc 85 00 5a 43 ff de 05 ff d6 00 16 00 24 0a
[17:27:33.793] PACKET[TCP_prs2026hitl_7100] sensors: status=3840, uptime=784469, filtered_accel=[-0.03564, 0.92428, -0.34796], gyro=[-2.94, 1.54, 2.52]
[17:27:33.894] RX[TCP_prs2026hitl_7100]  01 0f 00 00 0b f8 b9 ff fc 92 00 5a 37 ff de 12 ff d7 00 16 00 24 0a
[17:27:33.897] PACKET[TCP_prs2026hitl_7100] sensors: status=3840, uptime=784569, filtered_accel=[-0.03512, 0.9238, -0.34744], gyro=[-2.87, 1.54, 2.52]
[17:27:33.998] RX[TCP_prs2026hitl_7100]  01 0b 00 00 0b f9 1d ff fc 92 00 5a 37 ff de 12 ff d6 00 18 00 22 0a
[17:27:34.002] PACKET[TCP_prs2026hitl_7100] sensors: status=2816, uptime=784669, filtered_accel=[-0.03512, 0.9238, -0.34744], gyro=[-2.94, 1.68, 2.38]
[17:27:34.104] RX[TCP_prs2026hitl_7100]  01 0b 00 00 0b f9 81 ff fc 92 00 5a 37 ff de 1e ff d6 00 15 00 24 0a
[17:27:34.106] PACKET[TCP_prs2026hitl_7100] sensors: status=2816, uptime=784769, filtered_accel=[-0.03512, 0.9238, -0.34696], gyro=[-2.94, 1.47, 2.52]
[17:27:34.107] RX[TCP_prs2026hitl_7101]  03 00 00 00 00 00 00 00 00 00 0d cf 35 00 00 00 13 90 0a
[17:27:34.110] PACKET[TCP_prs2026hitl_7101] camera: fc_status=0, fc_uptime=0, status=0, uptime=905013, current_sense=[0.0, 0.0, 0.0], iris_battery_voltage=5.008
[17:27:34.210] RX[TCP_prs2026hitl_7100]  01 0b 00 00 0b f9 e5 ff fc 92 00 5a 2a ff de 1e ff d7 00 14 00 25 0a
[17:27:34.214] PACKET[TCP_prs2026hitl_7100] sensors: status=2816, uptime=784869, filtered_accel=[-0.03512, 0.92328, -0.34696], gyro=[-2.87, 1.4, 2.59]
[17:27:34.314] RX[TCP_prs2026hitl_7100]  01 0f 00 00 0b fa 49 ff fc 92 00 5a 43 ff de 05 ff d6 00 15 00 24 0a
[17:27:34.318] PACKET[TCP_prs2026hitl_7100] sensors: status=3840, uptime=784969, filtered_accel=[-0.03512, 0.92428, -0.34796], gyro=[-2.94, 1.47, 2.52]
[17:27:34.419] RX[TCP_prs2026hitl_7100]  01 0f 00 00 0b fa ad ff fc 85 00 5a 2a ff de 05 ff d6 00 17 00 23 0a 02 10 00 00 0b fa ad 00 00 00 00 00 00 00 00 00 00 00 00 00 00 00 00 00 00 00 00 00 00 00 00 00 00 00 00 00 00 00 00 00 00 00 00 00 00 00 00 00 00 00 00 00 00 00 00 00 00 43 52 80 85 13 48 0a ff 01 00 00 0b fa ad 0a
[17:27:34.422] PACKET[TCP_prs2026hitl_7100] sensors: status=3840, uptime=785069, filtered_accel=[-0.03564, 0.92328, -0.34796], gyro=[-2.94, 1.61, 2.45]
[17:27:34.424] PACKET[TCP_prs2026hitl_7100] state: status=4096, uptime=785069, orientation=[0.0, 0.0, 0.0, 0.0], position=[0.0, 0.0, 0.0], velocity=[0.0, 0.0, 0.0], latitude=0.0, longitude=0.0, gps_altitude=0.0, barometric_altitude=210.502029, witness_battery_voltage=4.936
[17:27:34.428] PACKET[TCP_prs2026hitl_7100] heartbeat: status=256, uptime=785069
[17:27:34.529] RX[TCP_prs2026hitl_7100]  01 0f 00 00 0b fb 11 ff fc 79 00 5a 37 ff de 1e ff d7 00 15 00 24 0a
[17:27:34.532] PACKET[TCP_prs2026hitl_7100] sensors: status=3840, uptime=785169, filtered_accel=[-0.03612, 0.9238, -0.34696], gyro=[-2.87, 1.47, 2.52]
[17:27:34.633] RX[TCP_prs2026hitl_7100]  01 0f 00 00 0b fb 75 ff fc 92 00 5a 37 ff de 05 ff d6 00 15 00 24 0a
[17:27:34.638] PACKET[TCP_prs2026hitl_7100] sensors: status=3840, uptime=785269, filtered_accel=[-0.03512, 0.9238, -0.34796], gyro=[-2.94, 1.47, 2.52]
[17:27:34.689] RX[TCP_prs2026hitl_7100]  01 0b 00 00 0b fb d9 ff fc aa 00 5a 37 ff de 12 ff d6 00 18 00 22 0a
[17:27:34.692] PACKET[TCP_prs2026hitl_7100] sensors: status=2816, uptime=785369, filtered_accel=[-0.03416, 0.9238, -0.34744], gyro=[-2.94, 1.68, 2.38]
[17:27:34.794] RX[TCP_prs2026hitl_7100]  01 0b 00 00 0b fc 3d ff fc f3 00 5a 67 ff dc e1 ff d8 00 17 00 24 0a
[17:27:34.798] PACKET[TCP_prs2026hitl_7100] sensors: status=2816, uptime=785469, filtered_accel=[-0.03124, 0.92572, -0.35964], gyro=[-2.8, 1.61, 2.52]
[17:27:34.899] RX[TCP_prs2026hitl_7100]  01 0b 00 00 0b fc a1 ff fc 79 00 5a 74 ff dd 67 ff d7 00 15 00 24 0a
[17:27:34.903] PACKET[TCP_prs2026hitl_7100] sensors: status=2816, uptime=785569, filtered_accel=[-0.03612, 0.92624, -0.35428], gyro=[-2.87, 1.47, 2.52]
[17:27:35.004] RX[TCP_prs2026hitl_7100]  01 0f 00 00 0b fd 05 ff fc 6d 00 5a 2a ff dd e1 ff d6 00 15 00 24 0a
[17:27:35.010] PACKET[TCP_prs2026hitl_7100] sensors: status=3840, uptime=785669, filtered_accel=[-0.0366, 0.92328, -0.3494], gyro=[-2.94, 1.47, 2.52]
[17:27:35.111] RX[TCP_prs2026hitl_7100]  01 0f 00 00 0b fd 69 ff fc 9e 00 5a 37 ff de 12 ff d5 00 18 00 22 0a
[17:27:35.115] PACKET[TCP_prs2026hitl_7100] sensors: status=3840, uptime=785769, filtered_accel=[-0.03464, 0.9238, -0.34744], gyro=[-3.01, 1.68, 2.38]
[17:27:35.115] RX[TCP_prs2026hitl_7101]  03 00 00 00 00 00 00 00 00 00 0d d3 1d 00 00 00 13 90 0a
[17:27:35.119] PACKET[TCP_prs2026hitl_7101] camera: fc_status=0, fc_uptime=0, status=0, uptime=906013, current_sense=[0.0, 0.0, 0.0], iris_battery_voltage=5.008
[17:27:35.169] RX[TCP_prs2026hitl_7100]  01 0f 00 00 0b fd cd ff fc 9e 00 5a 37 ff dd f9 ff d6 00 15 00 23 0a
[17:27:35.173] PACKET[TCP_prs2026hitl_7100] sensors: status=3840, uptime=785869, filtered_accel=[-0.03464, 0.9238, -0.34844], gyro=[-2.94, 1.47, 2.45]
[17:27:35.273] RX[TCP_prs2026hitl_7100]  01 0f 00 00 0b fe 31 ff fc 92 00 5a 43 ff dd f9 ff d7 00 15 00 25 0a
[17:27:35.278] PACKET[TCP_prs2026hitl_7100] sensors: status=3840, uptime=785969, filtered_accel=[-0.03512, 0.92428, -0.34844], gyro=[-2.87, 1.47, 2.59]
[17:27:35.378] RX[TCP_prs2026hitl_7100]  01 0b 00 00 0b fe 95 ff fc 9e 00 5a 37 ff de 12 ff d6 00 19 00 22 0a 02 10 00 00 0b fe 95 00 00 00 00 00 00 00 00 00 00 00 00 00 00 00 00 00 00 00 00 00 00 00 00 00 00 00 00 00 00 00 00 00 00
[17:27:35.384] PACKET[TCP_prs2026hitl_7100] sensors: status=2816, uptime=786069, filtered_accel=[-0.03464, 0.9238, -0.34744], gyro=[-2.94, 1.75, 2.38]
[17:27:35.485] RX[TCP_prs2026hitl_7100]  00 00 00 00 00 00 00 00 00 00 00 00 00 00 00 00 43 52 ab d0 13 48 0a ff 00 00 00 0b fe 95 0a
[17:27:35.488] PACKET[TCP_prs2026hitl_7100] state: status=4096, uptime=786069, orientation=[0.0, 0.0, 0.0, 0.0], position=[0.0, 0.0, 0.0], velocity=[0.0, 0.0, 0.0], latitude=0.0, longitude=0.0, gps_altitude=0.0, barometric_altitude=210.671143, witness_battery_voltage=4.936
[17:27:35.490] PACKET[TCP_prs2026hitl_7100] heartbeat: status=0, uptime=786069
[17:27:35.592] RX[TCP_prs2026hitl_7100]  01 0b 00 00 0b fe f9 ff fc 9e 00 5a 43 ff de 2a ff d7 00 16 00 24 0a 01 0b 00 00 0b ff 5d ff fc 9e 00 5a 37 ff de 12 ff d6 00 14 00 25 0a
[17:27:35.595] PACKET[TCP_prs2026hitl_7100] sensors: status=2816, uptime=786169, filtered_accel=[-0.03464, 0.92428, -0.34648], gyro=[-2.87, 1.54, 2.52]
[17:27:35.597] PACKET[TCP_prs2026hitl_7100] sensors: status=2816, uptime=786269, filtered_accel=[-0.03464, 0.9238, -0.34744], gyro=[-2.94, 1.4, 2.59]
[17:27:35.698] RX[TCP_prs2026hitl_7100]  01 0f 00 00 0b ff c1 ff fc 85 00 5a 37 ff de 05 ff d6 00 16 00 24 0a
[17:27:35.702] PACKET[TCP_prs2026hitl_7100] sensors: status=3840, uptime=786369, filtered_accel=[-0.03564, 0.9238, -0.34796], gyro=[-2.94, 1.54, 2.52]
[17:27:35.802] RX[TCP_prs2026hitl_7100]  01 0f 00 00 0c 00 25 ff fc 92 00 5a 43 ff de 05 ff d6 00 17 00 22 0a
[17:27:35.806] PACKET[TCP_prs2026hitl_7100] sensors: status=3840, uptime=786469, filtered_accel=[-0.03512, 0.92428, -0.34796], gyro=[-2.94, 1.61, 2.38]
[17:27:35.906] RX[TCP_prs2026hitl_7100]  01 0f 00 00 0c 00 89 ff fc 85 00 5a 06 ff dd ed ff d7 00 15 00 25 0a
[17:27:35.910] PACKET[TCP_prs2026hitl_7100] sensors: status=3840, uptime=786569, filtered_accel=[-0.03564, 0.92184, -0.34892], gyro=[-2.87, 1.47, 2.59]
[17:27:36.012] RX[TCP_prs2026hitl_7100]  01 0f 00 00 0c 00 ed ff fc 79 00 5a 4f ff de 12 ff d7 00 15 00 25 0a
[17:27:36.015] PACKET[TCP_prs2026hitl_7100] sensors: status=3840, uptime=786669, filtered_accel=[-0.03612, 0.92476, -0.34744], gyro=[-2.87, 1.47, 2.59]
[17:27:36.116] RX[TCP_prs2026hitl_7100]  01 0b 00 00 0c 01 51 ff fc 92 00 5a 4f ff dd bc ff d5 00 17 00 22 0a
[17:27:36.119] PACKET[TCP_prs2026hitl_7100] sensors: status=2816, uptime=786769, filtered_accel=[-0.03512, 0.92476, -0.35088], gyro=[-3.01, 1.61, 2.38]
[17:27:36.119] RX[TCP_prs2026hitl_7101]  03 00 00 00 00 00 00 00 00 00 0d d7 05 00 00 00 13 90 0a
[17:27:36.121] PACKET[TCP_prs2026hitl_7101] camera: fc_status=0, fc_uptime=0, status=0, uptime=907013, current_sense=[0.0, 0.0, 0.0], iris_battery_voltage=5.008
[17:27:36.172] RX[TCP_prs2026hitl_7100]  01 0b 00 00 0c 01 b5 ff fc 9e 00 5a 43 ff de 1e ff d5 00 15 00 24 0a
[17:27:36.175] PACKET[TCP_prs2026hitl_7100] sensors: status=2816, uptime=786869, filtered_accel=[-0.03464, 0.92428, -0.34696], gyro=[-3.01, 1.47, 2.52]
[17:27:36.277] RX[TCP_prs2026hitl_7100]  01 0b 00 00 0c 02 19 ff fc 92 00 5a 43 ff de 1e ff d7 00 15 00 25 0a
[17:27:36.280] PACKET[TCP_prs2026hitl_7100] sensors: status=2816, uptime=786969, filtered_accel=[-0.03512, 0.92428, -0.34696], gyro=[-2.87, 1.47, 2.59]
[17:27:36.381] RX[TCP_prs2026hitl_7100]  01 0f 00 00 0c 02 7d ff fc 92 00 5a 43 ff de 1e ff d6 00 16 00 24 0a 02 10 00 00 0c 02 7d 00 00 00 00 00 00 00 00 00 00 00 00 00 00 00 00 00 00 00 00 00 00 00 00 00 00 00 00 00 00 00 00 00 00
[17:27:36.390] PACKET[TCP_prs2026hitl_7100] sensors: status=3840, uptime=787069, filtered_accel=[-0.03512, 0.92428, -0.34696], gyro=[-2.94, 1.54, 2.52]
[17:27:36.490] RX[TCP_prs2026hitl_7100]  00 00 00 00 00 00 00 00 00 00 00 00 00 00 00 00 43 52 ab d0 13 44 0a ff 01 00 00 0c 02 7d 0a
[17:27:36.494] PACKET[TCP_prs2026hitl_7100] state: status=4096, uptime=787069, orientation=[0.0, 0.0, 0.0, 0.0], position=[0.0, 0.0, 0.0], velocity=[0.0, 0.0, 0.0], latitude=0.0, longitude=0.0, gps_altitude=0.0, barometric_altitude=210.671143, witness_battery_voltage=4.932
[17:27:36.496] PACKET[TCP_prs2026hitl_7100] heartbeat: status=256, uptime=787069
[17:27:36.547] RX[TCP_prs2026hitl_7100]  01 0f 00 00 0c 02 e1 ff fc 92 00 5a 37 ff de 12 ff d5 00 17 00 23 0a
[17:27:36.550] PACKET[TCP_prs2026hitl_7100] sensors: status=3840, uptime=787169, filtered_accel=[-0.03512, 0.9238, -0.34744], gyro=[-3.01, 1.61, 2.45]
[17:27:36.601] RX[TCP_prs2026hitl_7100]  01 0f 00 00 0c 03 45 ff fc 92 00 5a 37 ff de 1e ff d7 00 16 00 24 0a
[17:27:36.605] PACKET[TCP_prs2026hitl_7100] sensors: status=3840, uptime=787269, filtered_accel=[-0.03512, 0.9238, -0.34696], gyro=[-2.87, 1.54, 2.52]
[17:27:36.706] RX[TCP_prs2026hitl_7100]  01 0f 00 00 0c 03 a9 ff fc 92 00 5a 37 ff de 12 ff d6 00 15 00 25 0a
[17:27:36.709] PACKET[TCP_prs2026hitl_7100] sensors: status=3840, uptime=787369, filtered_accel=[-0.03512, 0.9238, -0.34744], gyro=[-2.94, 1.47, 2.59]
[17:27:36.811] RX[TCP_prs2026hitl_7100]  01 0b 00 00 0c 04 0d ff fc 92 00 5a 5b ff de 1e ff d6 00 18 00 22 0a
[17:27:36.815] PACKET[TCP_prs2026hitl_7100] sensors: status=2816, uptime=787469, filtered_accel=[-0.03512, 0.92524, -0.34696], gyro=[-2.94, 1.68, 2.38]
[17:27:36.866] RX[TCP_prs2026hitl_7100]  01 0b 00 00 0c 04 71 ff fc 9e 00 5a 43 ff dd ed ff d7 00 16 00 24 0a
[17:27:36.869] PACKET[TCP_prs2026hitl_7100] sensors: status=2816, uptime=787569, filtered_accel=[-0.03464, 0.92428, -0.34892], gyro=[-2.87, 1.54, 2.52]
[17:27:36.971] RX[TCP_prs2026hitl_7100]  01 0b 00 00 0c 04 d5 ff fc 92 00 5a 37 ff dd ed ff d7 00 14 00 25 0a
[17:27:36.975] PACKET[TCP_prs2026hitl_7100] sensors: status=2816, uptime=787669, filtered_accel=[-0.03512, 0.9238, -0.34892], gyro=[-2.87, 1.4, 2.59]
[17:27:37.076] RX[TCP_prs2026hitl_7100]  01 0f 00 00 0c 05 39 ff fc 9e 00 5a 37 ff de 05 ff d6 00 16 00 24 0a
[17:27:37.080] PACKET[TCP_prs2026hitl_7100] sensors: status=3840, uptime=787769, filtered_accel=[-0.03464, 0.9238, -0.34796], gyro=[-2.94, 1.54, 2.52]
[17:27:37.130] RX[TCP_prs2026hitl_7101]  03 00 00 00 00 00 00 00 00 00 0d da ed 00 00 00 13 90 0a
[17:27:37.134] PACKET[TCP_prs2026hitl_7101] camera: fc_status=0, fc_uptime=0, status=0, uptime=908013, current_sense=[0.0, 0.0, 0.0], iris_battery_voltage=5.008
[17:27:37.184] RX[TCP_prs2026hitl_7100]  01 0f 00 00 0c 05 9d ff fc 9e 00 5a 37 ff de 1e ff d5 00 17 00 22 0a
[17:27:37.188] PACKET[TCP_prs2026hitl_7100] sensors: status=3840, uptime=787869, filtered_accel=[-0.03464, 0.9238, -0.34696], gyro=[-3.01, 1.61, 2.38]
[17:27:37.289] RX[TCP_prs2026hitl_7100]  01 0f 00 00 0c 06 01 ff fc 9e 00 5a 37 ff de 1e ff d7 00 15 00 24 0a
[17:27:37.293] PACKET[TCP_prs2026hitl_7100] sensors: status=3840, uptime=787969, filtered_accel=[-0.03464, 0.9238, -0.34696], gyro=[-2.87, 1.47, 2.52]
[17:27:37.394] RX[TCP_prs2026hitl_7100]  01 0f 00 00 0c 06 65 ff fc 92 00 5a 37 ff de 36 ff d7 00 15 00 25 0a 02 10 00 00 0c 06 65 00 00 00 00 00 00 00 00 00 00 00 00 00 00 00 00 00 00 00 00 00 00 00 00 00 00 00 00 00 00 00 00 00 00
[17:27:37.398] PACKET[TCP_prs2026hitl_7100] sensors: status=3840, uptime=788069, filtered_accel=[-0.03512, 0.9238, -0.346], gyro=[-2.87, 1.47, 2.59]
[17:27:37.451] RX[TCP_prs2026hitl_7100]  00 00 00 00 00 00 00 00 00 00 00 00 00 00 00 00 43 53 03 12 13 50 0a ff 00 00 00 0c 06 65 0a
[17:27:37.454] PACKET[TCP_prs2026hitl_7100] state: status=4096, uptime=788069, orientation=[0.0, 0.0, 0.0, 0.0], position=[0.0, 0.0, 0.0], velocity=[0.0, 0.0, 0.0], latitude=0.0, longitude=0.0, gps_altitude=0.0, barometric_altitude=211.011993, witness_battery_voltage=4.944
[17:27:37.456] PACKET[TCP_prs2026hitl_7100] heartbeat: status=0, uptime=788069
[17:27:37.558] RX[TCP_prs2026hitl_7100]  01 0b 00 00 0c 06 c9 ff fc 61 00 59 d5 ff e1 a5 ff d4 00 16 00 20 0a
[17:27:37.562] PACKET[TCP_prs2026hitl_7100] sensors: status=2816, uptime=788169, filtered_accel=[-0.03708, 0.91988, -0.31084], gyro=[-3.08, 1.54, 2.24]
[17:27:37.612] RX[TCP_prs2026hitl_7100]  01 0b 00 00 0c 07 2d ff fc c2 00 5a 74 ff dd d5 ff d5 00 15 00 23 0a
[17:27:37.616] PACKET[TCP_prs2026hitl_7100] sensors: status=2816, uptime=788269, filtered_accel=[-0.0332, 0.92624, -0.34988], gyro=[-3.01, 1.47, 2.45]
[17:27:37.722] RX[TCP_prs2026hitl_7100]  01 0b 00 00 0c 07 91 ff fc 79 00 5a 12 ff de 2a ff d7 00 15 00 25 0a
[17:27:37.725] PACKET[TCP_prs2026hitl_7100] sensors: status=2816, uptime=788369, filtered_accel=[-0.03612, 0.92232, -0.34648], gyro=[-2.87, 1.47, 2.59]
[17:27:37.826] RX[TCP_prs2026hitl_7100]  01 0f 00 00 0c 07 f5 ff fc 92 00 5a 37 ff de 1e ff d6 00 16 00 24 0a
[17:27:37.829] PACKET[TCP_prs2026hitl_7100] sensors: status=3840, uptime=788469, filtered_accel=[-0.03512, 0.9238, -0.34696], gyro=[-2.94, 1.54, 2.52]
[17:27:37.930] RX[TCP_prs2026hitl_7100]  01 0f 00 00 0c 08 59 ff fc 79 00 5a 37 ff de 12 ff d6 00 16 00 22 0a
[17:27:37.934] PACKET[TCP_prs2026hitl_7100] sensors: status=3840, uptime=788569, filtered_accel=[-0.03612, 0.9238, -0.34744], gyro=[-2.94, 1.54, 2.38]
[17:27:38.035] RX[TCP_prs2026hitl_7100]  01 0f 00 00 0c 08 bd ff fc 85 00 5a 43 ff dd d5 ff d6 00 15 00 24 0a
[17:27:38.038] PACKET[TCP_prs2026hitl_7100] sensors: status=3840, uptime=788669, filtered_accel=[-0.03564, 0.92428, -0.34988], gyro=[-2.94, 1.47, 2.52]
[17:27:38.089] RX[TCP_prs2026hitl_7101]  03 00 00 00 00 00 00 00 00 00 0d de d5 00 00 00 13 94 0a
[17:27:38.092] PACKET[TCP_prs2026hitl_7101] camera: fc_status=0, fc_uptime=0, status=0, uptime=909013, current_sense=[0.0, 0.0, 0.0], iris_battery_voltage=5.012
[17:27:38.092] RX[TCP_prs2026hitl_7100]  01 0f 00 00 0c 09 21 ff fc 85 00 5a 12 ff dd ed ff d7 00 16 00 25 0a
[17:27:38.094] PACKET[TCP_prs2026hitl_7100] sensors: status=3840, uptime=788769, filtered_accel=[-0.03564, 0.92232, -0.34892], gyro=[-2.87, 1.54, 2.59]
[17:27:38.195] RX[TCP_prs2026hitl_7100]  01 0b 00 00 0c 09 85 ff fc 9e 00 5a 37 ff de 12 ff d7 00 19 00 22 0a
[17:27:38.198] PACKET[TCP_prs2026hitl_7100] sensors: status=2816, uptime=788869, filtered_accel=[-0.03464, 0.9238, -0.34744], gyro=[-2.87, 1.75, 2.38]
[17:27:38.298] RX[TCP_prs2026hitl_7100]  01 0b 00 00 0c 09 e9 ff fc 9e 00 5a 2a ff de 36 ff d6 00 16 00 24 0a
[17:27:38.301] PACKET[TCP_prs2026hitl_7100] sensors: status=2816, uptime=788969, filtered_accel=[-0.03464, 0.92328, -0.346], gyro=[-2.94, 1.54, 2.52]
[17:27:38.403] RX[TCP_prs2026hitl_7100]  01 0b 00 00 0c 0a 4d ff fc aa 00 5a 4f ff de 12 ff d6 00 15 00 25 0a 02 10 00 00 0c 0a 4d 00 00 00 00 00 00 00 00 00 00 00 00 00 00 00 00 00 00 00 00 00 00 00 00 00 00 00 00 00 00 00 00 00 00
[17:27:38.406] PACKET[TCP_prs2026hitl_7100] sensors: status=2816, uptime=789069, filtered_accel=[-0.03416, 0.92476, -0.34744], gyro=[-2.94, 1.47, 2.59]
[17:27:38.459] RX[TCP_prs2026hitl_7100]  00 00 00 00 00 00 00 00 00 00 00 00 00 00 00 00 43 52 c1 75 13 48 0a ff 01 00 00 0c 0a 4d 0a
[17:27:38.463] PACKET[TCP_prs2026hitl_7100] state: status=4096, uptime=789069, orientation=[0.0, 0.0, 0.0, 0.0], position=[0.0, 0.0, 0.0], velocity=[0.0, 0.0, 0.0], latitude=0.0, longitude=0.0, gps_altitude=0.0, barometric_altitude=210.755692, witness_battery_voltage=4.936
[17:27:38.465] PACKET[TCP_prs2026hitl_7100] heartbeat: status=256, uptime=789069
[17:27:38.566] RX[TCP_prs2026hitl_7100]  01 0f 00 00 0c 0a b1 ff fc 92 00 5a 43 ff de 05 ff d6 00 17 00 23 0a
[17:27:38.570] PACKET[TCP_prs2026hitl_7100] sensors: status=3840, uptime=789169, filtered_accel=[-0.03512, 0.92428, -0.34796], gyro=[-2.94, 1.61, 2.45]
[17:27:38.671] RX[TCP_prs2026hitl_7100]  01 0f 00 00 0c 0b 15 ff fc 79 00 5a 43 ff de 05 ff d7 00 17 00 23 0a
[17:27:38.681] PACKET[TCP_prs2026hitl_7100] sensors: status=3840, uptime=789269, filtered_accel=[-0.03612, 0.92428, -0.34796], gyro=[-2.87, 1.61, 2.45]
[17:27:38.735] RX[TCP_prs2026hitl_7100]  01 0f 00 00 0c 0b 79 ff fc 92 00 5a 4f ff de 05 ff d6 00 15 00 24 0a
[17:27:38.739] PACKET[TCP_prs2026hitl_7100] sensors: status=3840, uptime=789369, filtered_accel=[-0.03512, 0.92476, -0.34796], gyro=[-2.94, 1.47, 2.52]
[17:27:38.840] RX[TCP_prs2026hitl_7100]  01 0f 00 00 0c 0b dd ff fc 92 00 5a 37 ff de 12 ff d6 00 15 00 24 0a
[17:27:38.843] PACKET[TCP_prs2026hitl_7100] sensors: status=3840, uptime=789469, filtered_accel=[-0.03512, 0.9238, -0.34744], gyro=[-2.94, 1.47, 2.52]
[17:27:38.944] RX[TCP_prs2026hitl_7100]  01 0b 00 00 0c 0c 41 ff fc 9e 00 5a 1e ff de 12 ff d5 00 18 00 21 0a
[17:27:38.948] PACKET[TCP_prs2026hitl_7100] sensors: status=2816, uptime=789569, filtered_accel=[-0.03464, 0.9228, -0.34744], gyro=[-3.01, 1.68, 2.31]
[17:27:39.050] RX[TCP_prs2026hitl_7100]  01 0b 00 00 0c 0c a5 ff fc 79 00 5a 37 ff de 36 ff d6 00 15 00 24 0a
[17:27:39.057] PACKET[TCP_prs2026hitl_7100] sensors: status=2816, uptime=789669, filtered_accel=[-0.03612, 0.9238, -0.346], gyro=[-2.94, 1.47, 2.52]
[17:27:39.109] RX[TCP_prs2026hitl_7100]  01 0b 00 00 0c 0d 09 ff fc 92 00 5a 37 ff de 12 ff d7 00 15 00 25 0a
[17:27:39.113] PACKET[TCP_prs2026hitl_7100] sensors: status=2816, uptime=789769, filtered_accel=[-0.03512, 0.9238, -0.34744], gyro=[-2.87, 1.47, 2.59]
[17:27:39.113] RX[TCP_prs2026hitl_7101]  03 00 00 00 00 00 00 00 00 00 0d e2 bd 00 00 00 13 8c 0a
[17:27:39.117] PACKET[TCP_prs2026hitl_7101] camera: fc_status=0, fc_uptime=0, status=0, uptime=910013, current_sense=[0.0, 0.0, 0.0], iris_battery_voltage=5.004
[17:27:39.168] RX[TCP_prs2026hitl_7100]  01 0f 00 00 0c 0d 6d ff fc 9e 00 5a 4f ff de 2a ff d8 00 17 00 24 0a
[17:27:39.173] PACKET[TCP_prs2026hitl_7100] sensors: status=3840, uptime=789869, filtered_accel=[-0.03464, 0.92476, -0.34648], gyro=[-2.8, 1.61, 2.52]
[17:27:39.274] RX[TCP_prs2026hitl_7100]  01 0f 00 00 0c 0d d1 ff fc 9e 00 5a 43 ff de 4f ff d5 00 18 00 20 0a
[17:27:39.281] PACKET[TCP_prs2026hitl_7100] sensors: status=3840, uptime=789969, filtered_accel=[-0.03464, 0.92428, -0.345], gyro=[-3.01, 1.68, 2.24]
[17:27:39.383] RX[TCP_prs2026hitl_7100]  01 0f 00 00 0c 0e 35 ff fc 85 00 5a 43 ff de 1e ff d6 00 15 00 24 0a 02 10 00 00 0c 0e 35 00 00 00 00 00 00 00 00 00 00 00 00 00 00 00 00 00 00 00 00 00 00 00 00 00 00 00 00 00 00 00 00 00 00
[17:27:39.391] PACKET[TCP_prs2026hitl_7100] sensors: status=3840, uptime=790069, filtered_accel=[-0.03564, 0.92428, -0.34696], gyro=[-2.94, 1.47, 2.52]
[17:27:39.443] RX[TCP_prs2026hitl_7100]  00 00 00 00 00 00 00 00 00 00 00 00 00 00 00 00 43 52 ab d0 13 48 0a ff 00 00 00 0c 0e 35 0a
[17:27:39.447] PACKET[TCP_prs2026hitl_7100] state: status=4096, uptime=790069, orientation=[0.0, 0.0, 0.0, 0.0], position=[0.0, 0.0, 0.0], velocity=[0.0, 0.0, 0.0], latitude=0.0, longitude=0.0, gps_altitude=0.0, barometric_altitude=210.671143, witness_battery_voltage=4.936
[17:27:39.451] PACKET[TCP_prs2026hitl_7100] heartbeat: status=0, uptime=790069
[17:27:39.552] RX[TCP_prs2026hitl_7100]  01 0f 00 00 0c 0e 99 ff fc 85 00 5a 37 ff de 1e ff d5 00 15 00 25 0a
[17:27:39.558] PACKET[TCP_prs2026hitl_7100] sensors: status=3840, uptime=790169, filtered_accel=[-0.03564, 0.9238, -0.34696], gyro=[-3.01, 1.47, 2.59]
[17:27:39.659] RX[TCP_prs2026hitl_7100]  01 0b 00 00 0c 0e fd ff fc 9e 00 5a 43 ff dd ed ff d6 00 18 00 22 0a
[17:27:39.664] PACKET[TCP_prs2026hitl_7100] sensors: status=2816, uptime=790269, filtered_accel=[-0.03464, 0.92428, -0.34892], gyro=[-2.94, 1.68, 2.38]
[17:27:39.766] RX[TCP_prs2026hitl_7100]  01 0b 00 00 0c 0f 61 ff fc b6 00 5a 4f ff dd a4 ff d6 00 16 00 24 0a
[17:27:39.775] PACKET[TCP_prs2026hitl_7100] sensors: status=2816, uptime=790369, filtered_accel=[-0.03368, 0.92476, -0.35184], gyro=[-2.94, 1.54, 2.52]
[17:27:39.831] RX[TCP_prs2026hitl_7100]  01 0b 00 00 0c 0f c5 ff fc 92 00 5a 43 ff de 05 ff d7 00 15 00 24 0a
[17:27:39.840] PACKET[TCP_prs2026hitl_7100] sensors: status=2816, uptime=790469, filtered_accel=[-0.03512, 0.92428, -0.34796], gyro=[-2.87, 1.47, 2.52]
[17:27:39.892] RX[TCP_prs2026hitl_7100]  01 0f 00 00 0c 10 29 ff fc 92 00 5a 2a ff de 1e ff d6 00 16 00 23 0a
[17:27:39.898] PACKET[TCP_prs2026hitl_7100] sensors: status=3840, uptime=790569, filtered_accel=[-0.03512, 0.92328, -0.34696], gyro=[-2.94, 1.54, 2.45]
[17:27:39.999] RX[TCP_prs2026hitl_7100]  01 0f 00 00 0c 10 8d ff fc 92 00 5a 2a ff de 05 ff d6 00 17 00 22 0a
[17:27:40.003] PACKET[TCP_prs2026hitl_7100] sensors: status=3840, uptime=790669, filtered_accel=[-0.03512, 0.92328, -0.34796], gyro=[-2.94, 1.61, 2.38]
[17:27:40.106] RX[TCP_prs2026hitl_7100]  01 0f 00 00 0c 10 f1 ff fc 85 00 5a 43 ff de 05 ff d7 00 14 00 24 0a
[17:27:40.111] PACKET[TCP_prs2026hitl_7100] sensors: status=3840, uptime=790769, filtered_accel=[-0.03564, 0.92428, -0.34796], gyro=[-2.87, 1.4, 2.52]
[17:27:40.111] RX[TCP_prs2026hitl_7101]  03 00 00 00 00 00 00 00 00 00 0d e6 a5 00 00 00 13 90 0a
[17:27:40.115] PACKET[TCP_prs2026hitl_7101] camera: fc_status=0, fc_uptime=0, status=0, uptime=911013, current_sense=[0.0, 0.0, 0.0], iris_battery_voltage=5.008
[17:27:40.215] RX[TCP_prs2026hitl_7100]  01 0f 00 00 0c 11 55 ff fc 6d 00 5a 74 ff de e1 ff d7 00 15 00 24 0a
[17:27:40.221] PACKET[TCP_prs2026hitl_7100] sensors: status=3840, uptime=790869, filtered_accel=[-0.0366, 0.92624, -0.33916], gyro=[-2.87, 1.47, 2.52]
[17:27:40.273] RX[TCP_prs2026hitl_7100]  01 0b 00 00 0c 11 b9 ff fc 9e 00 5a 43 ff de 36 ff d5 00 17 00 21 0a
[17:27:40.277] PACKET[TCP_prs2026hitl_7100] sensors: status=2816, uptime=790969, filtered_accel=[-0.03464, 0.92428, -0.346], gyro=[-3.01, 1.61, 2.31]
[17:27:40.378] RX[TCP_prs2026hitl_7100]  01 0b 00 00 0c 12 1d ff fc 6d 00 5a 80 ff dd e1 ff d6 00 15 00 24 0a 02 10 00 00 0c 12 1d 00 00 00 00 00 00 00 00 00 00 00 00 00 00 00 00 00 00 00 00 00 00 00 00 00 00 00 00 00 00 00 00 00 00
[17:27:40.385] PACKET[TCP_prs2026hitl_7100] sensors: status=2816, uptime=791069, filtered_accel=[-0.0366, 0.92672, -0.3494], gyro=[-2.94, 1.47, 2.52]
[17:27:40.487] RX[TCP_prs2026hitl_7100]  00 00 00 00 00 00 00 00 00 00 00 00 00 00 00 00 43 52 c1 75 13 48 0a ff 01 00 00 0c 12 1d 0a
[17:27:40.492] PACKET[TCP_prs2026hitl_7100] state: status=4096, uptime=791069, orientation=[0.0, 0.0, 0.0, 0.0], position=[0.0, 0.0, 0.0], velocity=[0.0, 0.0, 0.0], latitude=0.0, longitude=0.0, gps_altitude=0.0, barometric_altitude=210.755692, witness_battery_voltage=4.936
[17:27:40.497] PACKET[TCP_prs2026hitl_7100] heartbeat: status=256, uptime=791069
[17:27:40.548] RX[TCP_prs2026hitl_7100]  01 0b 00 00 0c 12 81 ff fc 9e 00 5a 43 ff dd f9 ff d8 00 15 00 24 0a
[17:27:40.556] PACKET[TCP_prs2026hitl_7100] sensors: status=2816, uptime=791169, filtered_accel=[-0.03464, 0.92428, -0.34844], gyro=[-2.8, 1.47, 2.52]
[17:27:40.659] RX[TCP_prs2026hitl_7100]  01 0f 00 00 0c 12 e5 ff fa b6 00 57 4e ff e1 a5 ff e6 00 1d 00 29 0a
[17:27:40.665] PACKET[TCP_prs2026hitl_7100] sensors: status=3840, uptime=791269, filtered_accel=[-0.05416, 0.894, -0.31084], gyro=[-1.82, 2.03, 2.87]
[17:27:40.716] RX[TCP_prs2026hitl_7100]  01 0f 00 00 0c 13 49 ff fc 9e 00 5a 74 ff dd bc ff d8 00 18 00 25 0a
[17:27:40.720] PACKET[TCP_prs2026hitl_7100] sensors: status=3840, uptime=791369, filtered_accel=[-0.03464, 0.92624, -0.35088], gyro=[-2.8, 1.68, 2.59]
[17:27:40.822] RX[TCP_prs2026hitl_7100]  01 0f 00 00 0c 13 ad ff fd 18 00 5a a4 ff dd 67 ff d5 00 14 00 25 0a
[17:27:40.826] PACKET[TCP_prs2026hitl_7100] sensors: status=3840, uptime=791469, filtered_accel=[-0.02976, 0.92816, -0.35428], gyro=[-3.01, 1.4, 2.59]
[17:27:40.877] RX[TCP_prs2026hitl_7100]  01 0f 00 00 0c 14 11 ff fc 61 00 5a 12 ff dd bc ff d8 00 16 00 25 0a
[17:27:40.882] PACKET[TCP_prs2026hitl_7100] sensors: status=3840, uptime=791569, filtered_accel=[-0.03708, 0.92232, -0.35088], gyro=[-2.8, 1.54, 2.59]
[17:27:40.984] RX[TCP_prs2026hitl_7100]  01 0b 00 00 0c 14 75 ff fc 61 00 5a 06 ff dd bc ff d7 00 17 00 22 0a
[17:27:40.992] PACKET[TCP_prs2026hitl_7100] sensors: status=2816, uptime=791669, filtered_accel=[-0.03708, 0.92184, -0.35088], gyro=[-2.87, 1.61, 2.38]
[17:27:41.095] RX[TCP_prs2026hitl_7100]  01 0b 00 00 0c 14 d9 ff fc 85 00 5a 43 ff de 1e ff d7 00 14 00 22 0a
[17:27:41.100] PACKET[TCP_prs2026hitl_7100] sensors: status=2816, uptime=791769, filtered_accel=[-0.03564, 0.92428, -0.34696], gyro=[-2.87, 1.4, 2.38]
[17:27:41.150] RX[TCP_prs2026hitl_7101]  03 00 00 00 00 00 00 00 00 00 0d ea 8d 00 00 00 13 90 0a
[17:27:41.156] PACKET[TCP_prs2026hitl_7101] camera: fc_status=0, fc_uptime=0, status=0, uptime=912013, current_sense=[0.0, 0.0, 0.0], iris_battery_voltage=5.008
[17:27:41.157] RX[TCP_prs2026hitl_7100]  01 0b 00 00 0c 15 3d ff fc 92 00 5a 1e ff dd ed ff d8 00 15 00 24 0a
[17:27:41.161] PACKET[TCP_prs2026hitl_7100] sensors: status=2816, uptime=791869, filtered_accel=[-0.03512, 0.9228, -0.34892], gyro=[-2.8, 1.47, 2.52]
[17:27:41.262] RX[TCP_prs2026hitl_7100]  01 0f 00 00 0c 15 a1 ff fc aa 00 5a 67 ff dd e1 ff d6 00 16 00 24 0a
[17:27:41.269] PACKET[TCP_prs2026hitl_7100] sensors: status=3840, uptime=791969, filtered_accel=[-0.03416, 0.92572, -0.3494], gyro=[-2.94, 1.54, 2.52]
[17:27:41.369] RX[TCP_prs2026hitl_7100]  01 0f 00 00 0c 16 05 ff fc b6 00 5a a4 ff de 5b ff d5 00 16 00 24 0a 02 10 00 00 0c 16 05 00 00 00 00 00 00 00 00 00 00 00 00 00 00 00 00 00 00 00 00 00 00 00 00 00 00 00 00 00 00 00 00 00 00
[17:27:41.379] PACKET[TCP_prs2026hitl_7100] sensors: status=3840, uptime=792069, filtered_accel=[-0.03368, 0.92816, -0.34452], gyro=[-3.01, 1.54, 2.52]
[17:27:41.480] RX[TCP_prs2026hitl_7100]  00 00 00 00 00 00 00 00 00 00 00 00 00 00 00 00 43 52 ab d0 13 50 0a ff 00 00 00 0c 16 05 0a
[17:27:41.486] PACKET[TCP_prs2026hitl_7100] state: status=4096, uptime=792069, orientation=[0.0, 0.0, 0.0, 0.0], position=[0.0, 0.0, 0.0], velocity=[0.0, 0.0, 0.0], latitude=0.0, longitude=0.0, gps_altitude=0.0, barometric_altitude=210.671143, witness_battery_voltage=4.944
[17:27:41.491] PACKET[TCP_prs2026hitl_7100] heartbeat: status=0, uptime=792069
[17:27:41.542] RX[TCP_prs2026hitl_7100]  01 0f 00 00 0c 16 69 ff fc 79 00 5a 2a ff de 12 ff d5 00 14 00 26 0a
[17:27:41.547] PACKET[TCP_prs2026hitl_7100] sensors: status=3840, uptime=792169, filtered_accel=[-0.03612, 0.92328, -0.34744], gyro=[-3.01, 1.4, 2.66]
[17:27:41.649] RX[TCP_prs2026hitl_7100]  01 0f 00 00 0c 16 cd ff fc 85 00 5a 37 ff de 1e ff d6 00 15 00 24 0a
[17:27:41.654] PACKET[TCP_prs2026hitl_7100] sensors: status=3840, uptime=792269, filtered_accel=[-0.03564, 0.9238, -0.34696], gyro=[-2.94, 1.47, 2.52]
[17:27:41.705] RX[TCP_prs2026hitl_7100]  01 0b 00 00 0c 17 31 ff fc 92 00 5a 2a ff de 12 ff d6 00 17 00 22 0a
[17:27:41.709] PACKET[TCP_prs2026hitl_7100] sensors: status=2816, uptime=792369, filtered_accel=[-0.03512, 0.92328, -0.34744], gyro=[-2.94, 1.61, 2.38]
[17:27:41.810] RX[TCP_prs2026hitl_7100]  01 0b 00 00 0c 17 95 ff fc 9e 00 5a 4f ff de 12 ff d7 00 15 00 24 0a
[17:27:41.815] PACKET[TCP_prs2026hitl_7100] sensors: status=2816, uptime=792469, filtered_accel=[-0.03464, 0.92476, -0.34744], gyro=[-2.87, 1.47, 2.52]
[17:27:41.916] RX[TCP_prs2026hitl_7100]  01 0b 00 00 0c 17 f9 ff fc 92 00 5a 5b ff dd f9 ff d7 00 15 00 24 0a
[17:27:41.921] PACKET[TCP_prs2026hitl_7100] sensors: status=2816, uptime=792569, filtered_accel=[-0.03512, 0.92524, -0.34844], gyro=[-2.87, 1.47, 2.52]
[17:27:41.972] RX[TCP_prs2026hitl_7100]  01 0f 00 00 0c 18 5d ff fc 9e 00 5a 37 ff de 1e ff d7 00 16 00 24 0a
[17:27:41.977] PACKET[TCP_prs2026hitl_7100] sensors: status=3840, uptime=792669, filtered_accel=[-0.03464, 0.9238, -0.34696], gyro=[-2.87, 1.54, 2.52]
[17:27:42.079] RX[TCP_prs2026hitl_7100]  01 0f 00 00 0c 18 c1 ff fc 85 00 5a 37 ff de 05 ff d6 00 17 00 23 0a
[17:27:42.089] PACKET[TCP_prs2026hitl_7100] sensors: status=3840, uptime=792769, filtered_accel=[-0.03564, 0.9238, -0.34796], gyro=[-2.94, 1.61, 2.45]
[17:27:42.140] RX[TCP_prs2026hitl_7101]  03 00 00 00 00 00 00 00 00 00 0d ee 75 00 00 00 13 94 0a
[17:27:42.145] PACKET[TCP_prs2026hitl_7101] camera: fc_status=0, fc_uptime=0, status=0, uptime=913013, current_sense=[0.0, 0.0, 0.0], iris_battery_voltage=5.012
[17:27:42.197] RX[TCP_prs2026hitl_7100]  01 0f 00 00 0c 19 25 ff fc 9e 00 5a 4f ff de 05 ff d6 00 15 00 24 0a
[17:27:42.201] PACKET[TCP_prs2026hitl_7100] sensors: status=3840, uptime=792869, filtered_accel=[-0.03464, 0.92476, -0.34796], gyro=[-2.94, 1.47, 2.52]
[17:27:42.302] RX[TCP_prs2026hitl_7100]  01 0f 00 00 0c 19 89 ff fc 9e 00 5a 43 ff dd f9 ff d6 00 15 00 25 0a
[17:27:42.307] PACKET[TCP_prs2026hitl_7100] sensors: status=3840, uptime=792969, filtered_accel=[-0.03464, 0.92428, -0.34844], gyro=[-2.94, 1.47, 2.59]
[17:27:42.408] RX[TCP_prs2026hitl_7100]  01 0b 00 00 0c 19 ed ff fc 9e 00 5a 43 ff de 12 ff d6 00 18 00 22 0a 02 10 00 00 0c 19 ed 00 00 00 00 00 00 00 00 00 00 00 00 00 00 00 00 00 00 00 00 00 00 00 00 00 00 00 00 00 00 00 00 00 00
[17:27:42.418] PACKET[TCP_prs2026hitl_7100] sensors: status=2816, uptime=793069, filtered_accel=[-0.03464, 0.92428, -0.34744], gyro=[-2.94, 1.68, 2.38]
[17:27:42.470] RX[TCP_prs2026hitl_7100]  00 00 00 00 00 00 00 00 00 00 00 00 00 00 00 00 43 52 c1 75 13 48 0a ff 01 00 00 0c 19 ed 0a
[17:27:42.477] PACKET[TCP_prs2026hitl_7100] state: status=4096, uptime=793069, orientation=[0.0, 0.0, 0.0, 0.0], position=[0.0, 0.0, 0.0], velocity=[0.0, 0.0, 0.0], latitude=0.0, longitude=0.0, gps_altitude=0.0, barometric_altitude=210.755692, witness_battery_voltage=4.936
[17:27:42.485] PACKET[TCP_prs2026hitl_7100] heartbeat: status=256, uptime=793069
[17:27:42.537] RX[TCP_prs2026hitl_7100]  01 0b 00 00 0c 1a 51 ff fc 85 00 5a 37 ff dd f9 ff d6 00 16 00 25 0a
[17:27:42.545] PACKET[TCP_prs2026hitl_7100] sensors: status=2816, uptime=793169, filtered_accel=[-0.03564, 0.9238, -0.34844], gyro=[-2.94, 1.54, 2.59]
[17:27:42.647] RX[TCP_prs2026hitl_7100]  01 0b 00 00 0c 1a b5 ff fc 85 00 5a 2a ff dd e1 ff d6 00 15 00 25 0a
[17:27:42.652] PACKET[TCP_prs2026hitl_7100] sensors: status=2816, uptime=793269, filtered_accel=[-0.03564, 0.92328, -0.3494], gyro=[-2.94, 1.47, 2.59]
[17:27:42.704] RX[TCP_prs2026hitl_7100]  01 0f 00 00 0c 1b 19 ff fc 92 00 5a 37 ff dd e1 ff d6 00 16 00 22 0a
[17:27:42.710] PACKET[TCP_prs2026hitl_7100] sensors: status=3840, uptime=793369, filtered_accel=[-0.03512, 0.9238, -0.3494], gyro=[-2.94, 1.54, 2.38]
[17:27:42.761] RX[TCP_prs2026hitl_7100]  01 0f 00 00 0c 1b 7d ff fc 92 00 5a 4f ff dd f9 ff d6 00 17 00 24 0a
[17:27:42.766] PACKET[TCP_prs2026hitl_7100] sensors: status=3840, uptime=793469, filtered_accel=[-0.03512, 0.92476, -0.34844], gyro=[-2.94, 1.61, 2.52]
[17:27:42.869] RX[TCP_prs2026hitl_7100]  01 0f 00 00 0c 1b e1 ff fc 85 00 5a 5b ff de 12 ff d5 00 16 00 25 0a
[17:27:42.874] PACKET[TCP_prs2026hitl_7100] sensors: status=3840, uptime=793569, filtered_accel=[-0.03564, 0.92524, -0.34744], gyro=[-3.01, 1.54, 2.59]
[17:27:42.976] RX[TCP_prs2026hitl_7100]  01 0f 00 00 0c 1c 45 ff fc 85 00 5a 37 ff dd e1 ff d5 00 15 00 25 0a
[17:27:42.981] PACKET[TCP_prs2026hitl_7100] sensors: status=3840, uptime=793669, filtered_accel=[-0.03564, 0.9238, -0.3494], gyro=[-3.01, 1.47, 2.59]
[17:27:43.082] RX[TCP_prs2026hitl_7100]  01 0b 00 00 0c 1c a9 ff fc 85 00 5a 37 ff dd f9 ff d5 00 17 00 22 0a
[17:27:43.089] PACKET[TCP_prs2026hitl_7100] sensors: status=2816, uptime=793769, filtered_accel=[-0.03564, 0.9238, -0.34844], gyro=[-3.01, 1.61, 2.38]
[17:27:43.140] RX[TCP_prs2026hitl_7101]  03 00 00 00 00 00 00 00 00 00 0d f2 5d 00 00 00 13 94 0a
[17:27:43.144] PACKET[TCP_prs2026hitl_7101] camera: fc_status=0, fc_uptime=0, status=0, uptime=914013, current_sense=[0.0, 0.0, 0.0], iris_battery_voltage=5.012
[17:27:43.196] RX[TCP_prs2026hitl_7100]  01 0b 00 00 0c 1d 0d ff fc 85 00 5a 37 ff de 05 ff d6 00 15 00 24 0a
[17:27:43.205] PACKET[TCP_prs2026hitl_7100] sensors: status=2816, uptime=793869, filtered_accel=[-0.03564, 0.9238, -0.34796], gyro=[-2.94, 1.47, 2.52]
[17:27:43.306] RX[TCP_prs2026hitl_7100]  01 0b 00 00 0c 1d 71 ff fc 9e 00 5a 43 ff de 1e ff d7 00 15 00 25 0a
[17:27:43.311] PACKET[TCP_prs2026hitl_7100] sensors: status=2816, uptime=793969, filtered_accel=[-0.03464, 0.92428, -0.34696], gyro=[-2.87, 1.47, 2.59]
[17:27:43.462] RX[TCP_prs2026hitl_7100]  01 0f 00 00 0c 1d d5 ff fc 92 00 5a 43 ff dd e1 ff d7 00 17 00 23 0a 02 10 00 00 0c 1d d5 00 00 00 00 00 00 00 00 00 00 00 00 00 00 00 00 00 00 00 00 00 00 00 00 00 00 00 00 00 00 00 00 00 00
[17:27:43.469] PACKET[TCP_prs2026hitl_7100] sensors: status=3840, uptime=794069, filtered_accel=[-0.03512, 0.92428, -0.3494], gyro=[-2.87, 1.61, 2.45]
[17:27:43.620] RX[TCP_prs2026hitl_7100]  00 00 00 00 00 00 00 00 00 00 00 00 00 00 00 00 43 52 d7 c8 13 50 0a ff 00 00 00 0c 1d d5 0a 01 0f 00 00 0c 1e 39 ff fc 9e 00 5a 37 ff de 42 ff d4 00 17 00 23 0a 01 0f 00 00 0c 1e 9d ff fc 85 00 5a 2a ff de 36 ff d6 00 15 00 24 0a
[17:27:43.628] PACKET[TCP_prs2026hitl_7100] state: status=4096, uptime=794069, orientation=[0.0, 0.0, 0.0, 0.0], position=[0.0, 0.0, 0.0], velocity=[0.0, 0.0, 0.0], latitude=0.0, longitude=0.0, gps_altitude=0.0, barometric_altitude=210.842896, witness_battery_voltage=4.944
[17:27:43.634] PACKET[TCP_prs2026hitl_7100] heartbeat: status=0, uptime=794069
[17:27:43.639] PACKET[TCP_prs2026hitl_7100] sensors: status=3840, uptime=794169, filtered_accel=[-0.03464, 0.9238, -0.34552], gyro=[-3.08, 1.61, 2.45]
[17:27:43.643] PACKET[TCP_prs2026hitl_7100] sensors: status=3840, uptime=794269, filtered_accel=[-0.03564, 0.92328, -0.346], gyro=[-2.94, 1.47, 2.52]
[17:27:43.695] RX[TCP_prs2026hitl_7100]  01 0f 00 00 0c 1f 01 ff fc 92 00 5a 2a ff dd d5 ff d7 00 15 00 25 0a
[17:27:43.701] PACKET[TCP_prs2026hitl_7100] sensors: status=3840, uptime=794369, filtered_accel=[-0.03512, 0.92328, -0.34988], gyro=[-2.87, 1.47, 2.59]
[17:27:43.802] RX[TCP_prs2026hitl_7100]  01 0b 00 00 0c 1f 65 ff fc 9e 00 5a 43 ff de 42 ff d7 00 17 00 22 0a
[17:27:43.807] PACKET[TCP_prs2026hitl_7100] sensors: status=2816, uptime=794469, filtered_accel=[-0.03464, 0.92428, -0.34552], gyro=[-2.87, 1.61, 2.38]
[17:27:43.909] RX[TCP_prs2026hitl_7100]  01 0b 00 00 0c 1f c9 ff fc 92 00 5a 37 ff de 05 ff d6 00 14 00 24 0a
[17:27:43.919] PACKET[TCP_prs2026hitl_7100] sensors: status=2816, uptime=794569, filtered_accel=[-0.03512, 0.9238, -0.34796], gyro=[-2.94, 1.4, 2.52]
[17:27:43.970] RX[TCP_prs2026hitl_7100]  01 0b 00 00 0c 20 2d ff fc aa 00 5a 43 ff de 42 ff d6 00 15 00 25 0a
[17:27:43.979] PACKET[TCP_prs2026hitl_7100] sensors: status=2816, uptime=794669, filtered_accel=[-0.03416, 0.92428, -0.34552], gyro=[-2.94, 1.47, 2.59]
[17:27:44.082] RX[TCP_prs2026hitl_7100]  01 0f 00 00 0c 20 91 ff fc 85 00 5a 43 ff dd f9 ff d7 00 17 00 23 0a
[17:27:44.087] PACKET[TCP_prs2026hitl_7100] sensors: status=3840, uptime=794769, filtered_accel=[-0.03564, 0.92428, -0.34844], gyro=[-2.87, 1.61, 2.45]
[17:27:44.139] RX[TCP_prs2026hitl_7101]  03 00 00 00 00 00 00 00 00 00 0d f6 45 00 00 00 13 94 0a
[17:27:44.145] PACKET[TCP_prs2026hitl_7101] camera: fc_status=0, fc_uptime=0, status=0, uptime=915013, current_sense=[0.0, 0.0, 0.0], iris_battery_voltage=5.012
[17:27:44.197] RX[TCP_prs2026hitl_7100]  01 0f 00 00 0c 20 f5 ff fc 92 00 5a 4f ff de 1e ff d6 00 17 00 22 0a
[17:27:44.202] PACKET[TCP_prs2026hitl_7100] sensors: status=3840, uptime=794869, filtered_accel=[-0.03512, 0.92476, -0.34696], gyro=[-2.94, 1.61, 2.38]
[17:27:44.303] RX[TCP_prs2026hitl_7100]  01 0f 00 00 0c 21 59 ff fc 9e 00 5a 37 ff de 12 ff d6 00 16 00 24 0a
[17:27:44.310] PACKET[TCP_prs2026hitl_7100] sensors: status=3840, uptime=794969, filtered_accel=[-0.03464, 0.9238, -0.34744], gyro=[-2.94, 1.54, 2.52]
[17:27:44.412] RX[TCP_prs2026hitl_7100]  01 0f 00 00 0c 21 bd ff f8 17 00 52 ec ff dc 36 ff fe 00 28 00 31 0a 02 10 00 00 0c 21 bd 00 00 00 00 00 00 00 00 00 00 00 00 00 00 00 00 00 00 00 00 00 00 00 00 00 00 00 00 00 00 00 00 00 00
[17:27:44.450] PACKET[TCP_prs2026hitl_7100] sensors: status=3840, uptime=795069, filtered_accel=[-0.081, 0.84912, -0.36648], gyro=[-0.14, 2.8, 3.43]
[17:27:44.508] RX[TCP_prs2026hitl_7100]  00 00 00 00 00 00 00 00 00 00 00 00 00 00 00 00 43 52 ab d0 13 48 0a ff 01 00 00 0c 21 bd 0a
[17:27:44.518] PACKET[TCP_prs2026hitl_7100] state: status=4096, uptime=795069, orientation=[0.0, 0.0, 0.0, 0.0], position=[0.0, 0.0, 0.0], velocity=[0.0, 0.0, 0.0], latitude=0.0, longitude=0.0, gps_altitude=0.0, barometric_altitude=210.671143, witness_battery_voltage=4.936
[17:27:44.531] PACKET[TCP_prs2026hitl_7100] heartbeat: status=256, uptime=795069
[17:27:44.584] RX[TCP_prs2026hitl_7100]  01 0b 00 00 0c 22 21 ff fb e7 00 59 5b ff e0 37 ff de 00 1b 00 23 0a
[17:27:44.589] PACKET[TCP_prs2026hitl_7100] sensors: status=2816, uptime=795169, filtered_accel=[-0.04196, 0.915, -0.32548], gyro=[-2.38, 1.89, 2.45]
[17:27:44.690] RX[TCP_prs2026hitl_7100]  01 0b 00 00 0c 22 85 ff fc aa 00 5a 37 ff dd c8 ff d8 00 16 00 22 0a
[17:27:44.696] PACKET[TCP_prs2026hitl_7100] sensors: status=2816, uptime=795269, filtered_accel=[-0.03416, 0.9238, -0.3504], gyro=[-2.8, 1.54, 2.38]
[17:27:44.798] RX[TCP_prs2026hitl_7100]  01 0b 00 00 0c 22 e9 ff fc 9e 00 5a 37 ff dd e1 ff d7 00 16 00 24 0a
[17:27:44.805] PACKET[TCP_prs2026hitl_7100] sensors: status=2816, uptime=795369, filtered_accel=[-0.03464, 0.9238, -0.3494], gyro=[-2.87, 1.54, 2.52]
[17:27:44.857] RX[TCP_prs2026hitl_7100]  01 0f 00 00 0c 23 4d ff fc 48 00 5a 06 ff dd bc ff d6 00 18 00 21 0a
[17:27:44.863] PACKET[TCP_prs2026hitl_7100] sensors: status=3840, uptime=795469, filtered_accel=[-0.03808, 0.92184, -0.35088], gyro=[-2.94, 1.68, 2.31]
[17:27:44.965] RX[TCP_prs2026hitl_7100]  01 0f 00 00 0c 23 b1 ff fc 6d 00 5a 2a ff dd d5 ff d7 00 15 00 24 0a
[17:27:44.970] PACKET[TCP_prs2026hitl_7100] sensors: status=3840, uptime=795569, filtered_accel=[-0.0366, 0.92328, -0.34988], gyro=[-2.87, 1.47, 2.52]
[17:27:45.021] RX[TCP_prs2026hitl_7100]  01 0f 00 00 0c 24 15 ff fc 6d 00 5a 1e ff de 12 ff d7 00 15 00 25 0a
[17:27:45.030] PACKET[TCP_prs2026hitl_7100] sensors: status=3840, uptime=795669, filtered_accel=[-0.0366, 0.9228, -0.34744], gyro=[-2.87, 1.47, 2.59]
[17:27:45.134] RX[TCP_prs2026hitl_7100]  01 0f 00 00 0c 24 79 ff fc 55 00 59 e1 ff dd e1 ff d9 00 16 00 24 0a
[17:27:45.139] PACKET[TCP_prs2026hitl_7100] sensors: status=3840, uptime=795769, filtered_accel=[-0.03756, 0.92036, -0.3494], gyro=[-2.73, 1.54, 2.52]
[17:27:45.139] RX[TCP_prs2026hitl_7101]  03 00 00 00 00 00 00 00 00 00 0d fa 2d 00 00 00 13 90 0a
[17:27:45.142] PACKET[TCP_prs2026hitl_7101] camera: fc_status=0, fc_uptime=0, status=0, uptime=916013, current_sense=[0.0, 0.0, 0.0], iris_battery_voltage=5.008
[17:27:45.244] RX[TCP_prs2026hitl_7100]  01 0b 00 00 0c 24 dd ff fc 9e 00 5a 37 ff de 67 ff d6 00 18 00 22 0a
[17:27:45.249] PACKET[TCP_prs2026hitl_7100] sensors: status=2816, uptime=795869, filtered_accel=[-0.03464, 0.9238, -0.34404], gyro=[-2.94, 1.68, 2.38]
[17:27:45.350] RX[TCP_prs2026hitl_7100]  01 0b 00 00 0c 25 41 ff fc 9e 00 5a 37 ff de 1e ff d5 00 16 00 25 0a
[17:27:45.357] PACKET[TCP_prs2026hitl_7100] sensors: status=2816, uptime=795969, filtered_accel=[-0.03464, 0.9238, -0.34696], gyro=[-3.01, 1.54, 2.59]
[17:27:45.408] RX[TCP_prs2026hitl_7100]  01 0b 00 00 0c 25 a5 ff fd 30 00 5b 74 ff dd 42 ff d0 00 14 00 25 0a 02 10 00 00 0c 25 a5 00 00 00 00 00 00 00 00 00 00 00 00 00 00 00 00 00 00 00 00 00 00 00 00 00 00 00 00 00 00 00 00 00 00 00 00 00 00 00 00 00 00 00 00 00 00 00 00 00 00 43 52 d7 c8 13 54 0a ff 00 00 00 0c 25 a5 0a
[17:27:45.412] PACKET[TCP_prs2026hitl_7100] sensors: status=2816, uptime=796069, filtered_accel=[-0.0288, 0.93648, -0.35576], gyro=[-3.36, 1.4, 2.59]
[17:27:45.416] PACKET[TCP_prs2026hitl_7100] state: status=4096, uptime=796069, orientation=[0.0, 0.0, 0.0, 0.0], position=[0.0, 0.0, 0.0], velocity=[0.0, 0.0, 0.0], latitude=0.0, longitude=0.0, gps_altitude=0.0, barometric_altitude=210.842896, witness_battery_voltage=4.948
[17:27:45.419] PACKET[TCP_prs2026hitl_7100] heartbeat: status=0, uptime=796069
[17:27:45.471] RX[TCP_prs2026hitl_7100]  01 0f 00 00 0c 26 09 ff fc 85 00 5a 37 ff de 12 ff d5 00 18 00 23 0a
[17:27:45.483] PACKET[TCP_prs2026hitl_7100] sensors: status=3840, uptime=796169, filtered_accel=[-0.03564, 0.9238, -0.34744], gyro=[-3.01, 1.68, 2.45]
[17:27:45.585] RX[TCP_prs2026hitl_7100]  01 0f 00 00 0c 26 6d ff fc 61 00 59 c9 ff dd c8 ff da 00 19 00 21 0a
[17:27:45.590] PACKET[TCP_prs2026hitl_7100] sensors: status=3840, uptime=796269, filtered_accel=[-0.03708, 0.9194, -0.3504], gyro=[-2.66, 1.75, 2.31]
[17:27:45.693] RX[TCP_prs2026hitl_7100]  01 0f 00 00 0c 26 d1 ff fc 9e 00 5a 2a ff de 36 ff d8 00 15 00 25 0a
[17:27:45.697] PACKET[TCP_prs2026hitl_7100] sensors: status=3840, uptime=796369, filtered_accel=[-0.03464, 0.92328, -0.346], gyro=[-2.8, 1.47, 2.59]
[17:27:45.798] RX[TCP_prs2026hitl_7100]  01 0f 00 00 0c 27 35 ff fc b6 00 5a 5b ff dd d5 ff d7 00 14 00 25 0a
[17:27:45.803] PACKET[TCP_prs2026hitl_7100] sensors: status=3840, uptime=796469, filtered_accel=[-0.03368, 0.92524, -0.34988], gyro=[-2.87, 1.4, 2.59]
[17:27:45.904] RX[TCP_prs2026hitl_7100]  01 0b 00 00 0c 27 99 ff fc 6d 00 5a 1e ff dd a4 ff d7 00 17 00 22 0a
[17:27:45.909] PACKET[TCP_prs2026hitl_7100] sensors: status=2816, uptime=796569, filtered_accel=[-0.0366, 0.9228, -0.35184], gyro=[-2.87, 1.61, 2.38]
[17:27:46.010] RX[TCP_prs2026hitl_7100]  01 0b 00 00 0c 27 fd ff fc 18 00 59 4f ff dc e1 ff dc 00 17 00 23 0a
[17:27:46.018] PACKET[TCP_prs2026hitl_7100] sensors: status=2816, uptime=796669, filtered_accel=[-0.04, 0.91452, -0.35964], gyro=[-2.52, 1.61, 2.45]
[17:27:46.121] RX[TCP_prs2026hitl_7100]  01 0b 00 00 0c 28 61 ff fc 9e 00 5a 37 ff de 12 ff da 00 17 00 23 0a
[17:27:46.127] PACKET[TCP_prs2026hitl_7100] sensors: status=2816, uptime=796769, filtered_accel=[-0.03464, 0.9238, -0.34744], gyro=[-2.66, 1.61, 2.45]
[17:27:46.127] RX[TCP_prs2026hitl_7101]  03 00 00 00 00 00 00 00 00 00 0d fe 15 00 00 00 13 94 0a
[17:27:46.130] PACKET[TCP_prs2026hitl_7101] camera: fc_status=0, fc_uptime=0, status=0, uptime=917013, current_sense=[0.0, 0.0, 0.0], iris_battery_voltage=5.012
[17:27:46.181] RX[TCP_prs2026hitl_7100]  01 0f 00 00 0c 28 c5 ff fc 9e 00 5a 37 ff de 4f ff d5 00 17 00 21 0a
[17:27:46.185] PACKET[TCP_prs2026hitl_7100] sensors: status=3840, uptime=796869, filtered_accel=[-0.03464, 0.9238, -0.345], gyro=[-3.01, 1.61, 2.31]
[17:27:46.286] RX[TCP_prs2026hitl_7100]  01 0f 00 00 0c 29 29 ff fc 79 00 59 b0 ff de 4f ff d6 00 16 00 22 0a
[17:27:46.295] PACKET[TCP_prs2026hitl_7100] sensors: status=3840, uptime=796969, filtered_accel=[-0.03612, 0.9184, -0.345], gyro=[-2.94, 1.54, 2.38]
[17:27:46.397] RX[TCP_prs2026hitl_7100]  01 0f 00 00 0c 29 8d ff fc 55 00 5a 43 ff dd a4 ff d7 00 17 00 24 0a 02 10 00 00 0c 29 8d 00 00 00 00 00 00 00 00 00 00 00 00 00 00 00 00 00 00 00 00 00 00 00 00 00 00 00 00 00 00 00 00 00 00
[17:27:46.407] PACKET[TCP_prs2026hitl_7100] sensors: status=3840, uptime=797069, filtered_accel=[-0.03756, 0.92428, -0.35184], gyro=[-2.87, 1.61, 2.52]
[17:27:46.460] RX[TCP_prs2026hitl_7100]  00 00 00 00 00 00 00 00 00 00 00 00 00 00 00 00 43 52 d7 c8 13 44 0a ff 01 00 00 0c 29 8d 0a
[17:27:46.465] PACKET[TCP_prs2026hitl_7100] state: status=4096, uptime=797069, orientation=[0.0, 0.0, 0.0, 0.0], position=[0.0, 0.0, 0.0], velocity=[0.0, 0.0, 0.0], latitude=0.0, longitude=0.0, gps_altitude=0.0, barometric_altitude=210.842896, witness_battery_voltage=4.932
[17:27:46.468] PACKET[TCP_prs2026hitl_7100] heartbeat: status=256, uptime=797069
[17:27:46.524] RX[TCP_prs2026hitl_7100]  01 0f 00 00 0c 29 f1 ff fc b6 00 5a 12 ff de 67 ff d6 00 15 00 25 0a
[17:27:46.530] PACKET[TCP_prs2026hitl_7100] sensors: status=3840, uptime=797169, filtered_accel=[-0.03368, 0.92232, -0.34404], gyro=[-2.94, 1.47, 2.59]
[17:27:46.632] RX[TCP_prs2026hitl_7100]  01 0b 00 00 0c 2a 55 ff fc 9e 00 59 fa ff de 12 ff d5 00 17 00 22 0a
[17:27:46.638] PACKET[TCP_prs2026hitl_7100] sensors: status=2816, uptime=797269, filtered_accel=[-0.03464, 0.92136, -0.34744], gyro=[-3.01, 1.61, 2.38]
[17:27:46.741] RX[TCP_prs2026hitl_7100]  01 0b 00 00 0c 2a b9 ff fc 6d 00 5a 5b ff de 36 ff d5 00 16 00 25 0a
[17:27:46.751] PACKET[TCP_prs2026hitl_7100] sensors: status=2816, uptime=797369, filtered_accel=[-0.0366, 0.92524, -0.346], gyro=[-3.01, 1.54, 2.59]
[17:27:46.803] RX[TCP_prs2026hitl_7100]  01 0f 00 00 0c 2b 1d ff fc 9e 00 5a 4f ff de 05 ff d6 00 15 00 25 0a
[17:27:46.814] PACKET[TCP_prs2026hitl_7100] sensors: status=3840, uptime=797469, filtered_accel=[-0.03464, 0.92476, -0.34796], gyro=[-2.94, 1.47, 2.59]
[17:27:46.918] RX[TCP_prs2026hitl_7100]  01 0f 00 00 0c 2b 81 ff fc 9e 00 5a 37 ff dd 36 ff d6 00 17 00 23 0a
[17:27:46.924] PACKET[TCP_prs2026hitl_7100] sensors: status=3840, uptime=797569, filtered_accel=[-0.03464, 0.9238, -0.35624], gyro=[-2.94, 1.61, 2.45]
[17:27:46.976] RX[TCP_prs2026hitl_7100]  01 0f 00 00 0c 2b e5 ff fc 9e 00 5a 43 ff dd c8 ff d5 00 16 00 24 0a
[17:27:46.981] PACKET[TCP_prs2026hitl_7100] sensors: status=3840, uptime=797669, filtered_accel=[-0.03464, 0.92428, -0.3504], gyro=[-3.01, 1.54, 2.52]
[17:27:47.082] RX[TCP_prs2026hitl_7100]  01 0f 00 00 0c 2c 49 ff fc b6 00 5a 43 ff de 4f ff d5 00 14 00 25 0a
[17:27:47.087] PACKET[TCP_prs2026hitl_7100] sensors: status=3840, uptime=797769, filtered_accel=[-0.03368, 0.92428, -0.345], gyro=[-3.01, 1.4, 2.59]
[17:27:47.141] RX[TCP_prs2026hitl_7101]  03 00 00 00 00 00 00 00 00 00 0e 01 fd 00 00 00 13 94 0a
[17:27:47.150] PACKET[TCP_prs2026hitl_7101] camera: fc_status=0, fc_uptime=0, status=0, uptime=918013, current_sense=[0.0, 0.0, 0.0], iris_battery_voltage=5.012
[17:27:47.201] RX[TCP_prs2026hitl_7100]  01 0f 00 00 0c 2c ad ff fc 48 00 5a 5b ff dd f9 ff d8 00 16 00 24 0a
[17:27:47.205] PACKET[TCP_prs2026hitl_7100] sensors: status=3840, uptime=797869, filtered_accel=[-0.03808, 0.92524, -0.34844], gyro=[-2.8, 1.54, 2.52]
[17:27:47.306] RX[TCP_prs2026hitl_7100]  01 0b 00 00 0c 2d 11 ff fc 85 00 5a 37 ff de 05 ff d6 00 17 00 22 0a
[17:27:47.319] PACKET[TCP_prs2026hitl_7100] sensors: status=2816, uptime=797969, filtered_accel=[-0.03564, 0.9238, -0.34796], gyro=[-2.94, 1.61, 2.38]
[17:27:47.421] RX[TCP_prs2026hitl_7100]  01 0b 00 00 0c 2d 75 ff fc c2 00 5a 4f ff de 36 ff d7 00 15 00 24 0a 02 10 00 00 0c 2d 75 00 00 00 00 00 00 00 00 00 00 00 00 00 00 00 00 00 00 00 00 00 00 00 00 00 00 00 00 00 00 00 00 00 00 00 00 00 00 00 00 00 00 00 00 00 00 00 00 00 00 43 52 d7 c8 13 48 0a ff 00 00 00 0c 2d 75 0a
[17:27:47.431] PACKET[TCP_prs2026hitl_7100] sensors: status=2816, uptime=798069, filtered_accel=[-0.0332, 0.92476, -0.346], gyro=[-2.87, 1.47, 2.52]
[17:27:47.437] PACKET[TCP_prs2026hitl_7100] state: status=4096, uptime=798069, orientation=[0.0, 0.0, 0.0, 0.0], position=[0.0, 0.0, 0.0], velocity=[0.0, 0.0, 0.0], latitude=0.0, longitude=0.0, gps_altitude=0.0, barometric_altitude=210.842896, witness_battery_voltage=4.936
[17:27:47.443] PACKET[TCP_prs2026hitl_7100] heartbeat: status=0, uptime=798069
[17:27:47.494] RX[TCP_prs2026hitl_7100]  01 0f 00 00 0c 2d d9 ff fc c2 00 5a 2a ff de 36 ff d5 00 15 00 25 0a
[17:27:47.499] PACKET[TCP_prs2026hitl_7100] sensors: status=3840, uptime=798169, filtered_accel=[-0.0332, 0.92328, -0.346], gyro=[-3.01, 1.47, 2.59]
[17:27:47.600] RX[TCP_prs2026hitl_7100]  01 0f 00 00 0c 2e 3d ff fc 9e 00 5a 43 ff dd 98 ff d7 00 18 00 22 0a
[17:27:47.609] PACKET[TCP_prs2026hitl_7100] sensors: status=3840, uptime=798269, filtered_accel=[-0.03464, 0.92428, -0.35232], gyro=[-2.87, 1.68, 2.38]
[17:27:47.710] RX[TCP_prs2026hitl_7100]  01 0f 00 00 0c 2e a1 ff fc 92 00 5a 37 ff dd c8 ff d4 00 15 00 23 0a
[17:27:47.715] PACKET[TCP_prs2026hitl_7100] sensors: status=3840, uptime=798369, filtered_accel=[-0.03512, 0.9238, -0.3504], gyro=[-3.08, 1.47, 2.45]
[17:27:47.766] RX[TCP_prs2026hitl_7100]  01 0f 00 00 0c 2f 05 ff fc 9e 00 5a 2a ff dd f9 ff d6 00 16 00 24 0a
[17:27:47.774] PACKET[TCP_prs2026hitl_7100] sensors: status=3840, uptime=798469, filtered_accel=[-0.03464, 0.92328, -0.34844], gyro=[-2.94, 1.54, 2.52]
[17:27:47.880] RX[TCP_prs2026hitl_7100]  01 0f 00 00 0c 2f 69 ff fc c2 00 5a 67 ff de e1 ff d5 00 14 00 25 0a
[17:27:47.892] PACKET[TCP_prs2026hitl_7100] sensors: status=3840, uptime=798569, filtered_accel=[-0.0332, 0.92572, -0.33916], gyro=[-3.01, 1.4, 2.59]
[17:27:47.994] RX[TCP_prs2026hitl_7100]  01 0b 00 00 0c 2f cd ff fc 92 00 5a 4f ff de 42 ff d4 00 17 00 22 0a
[17:27:48.000] PACKET[TCP_prs2026hitl_7100] sensors: status=2816, uptime=798669, filtered_accel=[-0.03512, 0.92476, -0.34552], gyro=[-3.08, 1.61, 2.38]
[17:27:48.101] RX[TCP_prs2026hitl_7100]  01 0b 00 00 0c 30 31 ff fc aa 00 5a 4f ff dd ed ff d7 00 16 00 24 0a
[17:27:48.106] PACKET[TCP_prs2026hitl_7100] sensors: status=2816, uptime=798769, filtered_accel=[-0.03416, 0.92476, -0.34892], gyro=[-2.87, 1.54, 2.52]
[17:27:48.157] RX[TCP_prs2026hitl_7101]  03 00 00 00 00 00 00 00 00 00 0e 05 e5 00 00 00 13 94 0a
[17:27:48.162] PACKET[TCP_prs2026hitl_7101] camera: fc_status=0, fc_uptime=0, status=0, uptime=919013, current_sense=[0.0, 0.0, 0.0], iris_battery_voltage=5.012
[17:27:48.212] RX[TCP_prs2026hitl_7100]  01 0f 00 00 0c 30 95 ff fc 85 00 5a 4f ff de 05 ff d8 00 15 00 25 0a
[17:27:48.216] PACKET[TCP_prs2026hitl_7100] sensors: status=3840, uptime=798869, filtered_accel=[-0.03564, 0.92476, -0.34796], gyro=[-2.8, 1.47, 2.59]
[17:27:48.267] RX[TCP_prs2026hitl_7100]  01 0f 00 00 0c 30 f9 ff fc aa 00 5a 4f ff de c9 ff d4 00 16 00 21 0a
[17:27:48.271] PACKET[TCP_prs2026hitl_7100] sensors: status=3840, uptime=798969, filtered_accel=[-0.03416, 0.92476, -0.34012], gyro=[-3.08, 1.54, 2.31]
[17:27:48.372] RX[TCP_prs2026hitl_7100]  01 0f 00 00 0c 31 5d ff fc aa 00 5a 4f ff de 1e ff d6 00 16 00 24 0a 02 10 00 00 0c 31 5d 00 00 00 00 00 00 00 00 00 00 00 00 00 00 00 00 00 00 00 00 00 00 00 00 00 00 00 00 00 00 00 00 00 00
[17:27:48.376] PACKET[TCP_prs2026hitl_7100] sensors: status=3840, uptime=799069, filtered_accel=[-0.03416, 0.92476, -0.34696], gyro=[-2.94, 1.54, 2.52]
[17:27:48.477] RX[TCP_prs2026hitl_7100]  00 00 00 00 00 00 00 00 00 00 00 00 00 00 00 00 43 52 96 2b 13 50 0a ff 01 00 00 0c 31 5d 0a
[17:27:48.482] PACKET[TCP_prs2026hitl_7100] state: status=4096, uptime=799069, orientation=[0.0, 0.0, 0.0, 0.0], position=[0.0, 0.0, 0.0], velocity=[0.0, 0.0, 0.0], latitude=0.0, longitude=0.0, gps_altitude=0.0, barometric_altitude=210.586594, witness_battery_voltage=4.944
[17:27:48.488] PACKET[TCP_prs2026hitl_7100] heartbeat: status=256, uptime=799069
[17:27:48.543] RX[TCP_prs2026hitl_7100]  01 0f 00 00 0c 31 c1 ff fc 85 00 5a 4f ff dd e1 ff d6 00 16 00 25 0a
[17:27:48.548] PACKET[TCP_prs2026hitl_7100] sensors: status=3840, uptime=799169, filtered_accel=[-0.03564, 0.92476, -0.3494], gyro=[-2.94, 1.54, 2.59]
[17:27:48.650] RX[TCP_prs2026hitl_7100]  01 0f 00 00 0c 32 25 ff fc b6 00 5a 43 ff dd e1 ff d8 00 15 00 25 0a
[17:27:48.655] PACKET[TCP_prs2026hitl_7100] sensors: status=3840, uptime=799269, filtered_accel=[-0.03368, 0.92428, -0.3494], gyro=[-2.8, 1.47, 2.59]
[17:27:48.757] RX[TCP_prs2026hitl_7100]  01 0b 00 00 0c 32 89 ff fc 85 00 5a 5b ff de 4f ff d5 00 16 00 22 0a
[17:27:48.762] PACKET[TCP_prs2026hitl_7100] sensors: status=2816, uptime=799369, filtered_accel=[-0.03564, 0.92524, -0.345], gyro=[-3.01, 1.54, 2.38]
[17:27:48.813] RX[TCP_prs2026hitl_7100]  01 0b 00 00 0c 32 ed ff fc 9e 00 5a 37 ff de 2a ff d7 00 16 00 24 0a
[17:27:48.818] PACKET[TCP_prs2026hitl_7100] sensors: status=2816, uptime=799469, filtered_accel=[-0.03464, 0.9238, -0.34648], gyro=[-2.87, 1.54, 2.52]
[17:27:48.919] RX[TCP_prs2026hitl_7100]  01 0f 00 00 0c 33 51 ff fc 85 00 5a 37 ff dd f9 ff d7 00 16 00 24 0a
[17:27:48.926] PACKET[TCP_prs2026hitl_7100] sensors: status=3840, uptime=799569, filtered_accel=[-0.03564, 0.9238, -0.34844], gyro=[-2.87, 1.54, 2.52]
[17:27:48.977] RX[TCP_prs2026hitl_7100]  01 0f 00 00 0c 33 b5 ff fc 92 00 5a 2a ff de 1e ff d6 00 17 00 22 0a
[17:27:48.985] PACKET[TCP_prs2026hitl_7100] sensors: status=3840, uptime=799669, filtered_accel=[-0.03512, 0.92328, -0.34696], gyro=[-2.94, 1.61, 2.38]
[17:27:49.092] RX[TCP_prs2026hitl_7100]  01 0f 00 00 0c 34 19 ff fc 85 00 5a 37 ff de 05 ff d7 00 15 00 23 0a
[17:27:49.097] PACKET[TCP_prs2026hitl_7100] sensors: status=3840, uptime=799769, filtered_accel=[-0.03564, 0.9238, -0.34796], gyro=[-2.87, 1.47, 2.45]
[17:27:49.097] RX[TCP_prs2026hitl_7101]  03 00 00 00 00 00 00 00 00 00 0e 09 cd 00 00 00 13 94 0a
[17:27:49.101] PACKET[TCP_prs2026hitl_7101] camera: fc_status=0, fc_uptime=0, status=0, uptime=920013, current_sense=[0.0, 0.0, 0.0], iris_battery_voltage=5.012
[17:27:49.202] RX[TCP_prs2026hitl_7100]  01 0f 00 00 0c 34 7d ff fc 9e 00 5a 43 ff de 1e ff d7 00 14 00 25 0a
[17:27:49.207] PACKET[TCP_prs2026hitl_7100] sensors: status=3840, uptime=799869, filtered_accel=[-0.03464, 0.92428, -0.34696], gyro=[-2.87, 1.4, 2.59]
[17:27:49.308] RX[TCP_prs2026hitl_7100]  01 0f 00 00 0c 34 e1 ff fc 92 00 5a 37 ff de 12 ff d6 00 16 00 25 0a
[17:27:49.313] PACKET[TCP_prs2026hitl_7100] sensors: status=3840, uptime=799969, filtered_accel=[-0.03512, 0.9238, -0.34744], gyro=[-2.94, 1.54, 2.59]
[17:27:49.364] RX[TCP_prs2026hitl_7100]  01 0b 00 00 0c 35 45 ff fc 85 00 5a 43 ff de 05 ff d6 00 17 00 21 0a 02 10 00 00 0c 35 45 00 00 00 00 00 00 00 00 00 00 00 00 00 00 00 00 00 00 00 00 00 00 00 00 00 00 00 00 00 00 00 00 00 00
[17:27:49.368] PACKET[TCP_prs2026hitl_7100] sensors: status=2816, uptime=800069, filtered_accel=[-0.03564, 0.92428, -0.34796], gyro=[-2.94, 1.61, 2.31]
[17:27:49.470] RX[TCP_prs2026hitl_7100]  00 00 00 00 00 00 00 00 00 00 00 00 00 00 00 00 43 53 2e 5d 13 50 0a ff 00 00 00 0c 35 45 0a
[17:27:49.475] PACKET[TCP_prs2026hitl_7100] state: status=4096, uptime=800069, orientation=[0.0, 0.0, 0.0, 0.0], position=[0.0, 0.0, 0.0], velocity=[0.0, 0.0, 0.0], latitude=0.0, longitude=0.0, gps_altitude=0.0, barometric_altitude=211.181107, witness_battery_voltage=4.944
[17:27:49.479] PACKET[TCP_prs2026hitl_7100] heartbeat: status=0, uptime=800069
[17:27:49.530] RX[TCP_prs2026hitl_7100]  01 0b 00 00 0c 35 a9 ff fc 92 00 5a 1e ff de 36 ff d6 00 15 00 24 0a
[17:27:49.535] PACKET[TCP_prs2026hitl_7100] sensors: status=2816, uptime=800169, filtered_accel=[-0.03512, 0.9228, -0.346], gyro=[-2.94, 1.47, 2.52]
[17:27:49.644] RX[TCP_prs2026hitl_7100]  01 0f 00 00 0c 36 0d ff fc aa 00 5a 12 ff de 4f ff d7 00 15 00 24 0a
[17:27:49.653] PACKET[TCP_prs2026hitl_7100] sensors: status=3840, uptime=800269, filtered_accel=[-0.03416, 0.92232, -0.345], gyro=[-2.87, 1.47, 2.52]
[17:27:49.704] RX[TCP_prs2026hitl_7100]  01 0f 00 00 0c 36 71 ff fc 92 00 5a 12 ff de 36 ff d5 00 17 00 22 0a
[17:27:49.709] PACKET[TCP_prs2026hitl_7100] sensors: status=3840, uptime=800369, filtered_accel=[-0.03512, 0.92232, -0.346], gyro=[-3.01, 1.61, 2.38]
[17:27:49.811] RX[TCP_prs2026hitl_7100]  01 0f 00 00 0c 36 d5 ff fc 9e 00 5a 2a ff de 1e ff d6 00 16 00 24 0a
[17:27:49.816] PACKET[TCP_prs2026hitl_7100] sensors: status=3840, uptime=800469, filtered_accel=[-0.03464, 0.92328, -0.34696], gyro=[-2.94, 1.54, 2.52]
[17:27:49.867] RX[TCP_prs2026hitl_7100]  01 0f 00 00 0c 37 39 ff fc 9e 00 5a 37 ff dd c8 ff d7 00 15 00 25 0a
[17:27:49.872] PACKET[TCP_prs2026hitl_7100] sensors: status=3840, uptime=800569, filtered_accel=[-0.03464, 0.9238, -0.3504], gyro=[-2.87, 1.47, 2.59]
[17:27:49.973] RX[TCP_prs2026hitl_7100]  01 0b 00 00 0c 37 9d ff fc 85 00 5a 43 ff dd e1 ff d7 00 16 00 25 0a
[17:27:49.983] PACKET[TCP_prs2026hitl_7100] sensors: status=2816, uptime=800669, filtered_accel=[-0.03564, 0.92428, -0.3494], gyro=[-2.87, 1.54, 2.59]
[17:27:50.086] RX[TCP_prs2026hitl_7100]  01 0b 00 00 0c 38 01 ff fc 92 00 5a 37 ff dd a4 ff d6 00 17 00 23 0a
[17:27:50.096] PACKET[TCP_prs2026hitl_7100] sensors: status=2816, uptime=800769, filtered_accel=[-0.03512, 0.9238, -0.35184], gyro=[-2.94, 1.61, 2.45]
[17:27:50.149] RX[TCP_prs2026hitl_7101]  03 00 00 00 00 00 00 00 00 00 0e 0d b5 00 00 00 13 90 0a
[17:27:50.155] PACKET[TCP_prs2026hitl_7101] camera: fc_status=0, fc_uptime=0, status=0, uptime=921013, current_sense=[0.0, 0.0, 0.0], iris_battery_voltage=5.008
[17:27:50.206] RX[TCP_prs2026hitl_7100]  01 0b 00 00 0c 38 65 ff fc 9e 00 5a 5b ff dd bc ff d7 00 15 00 24 0a
[17:27:50.211] PACKET[TCP_prs2026hitl_7100] sensors: status=2816, uptime=800869, filtered_accel=[-0.03464, 0.92524, -0.35088], gyro=[-2.87, 1.47, 2.52]
[17:27:50.312] RX[TCP_prs2026hitl_7100]  01 0f 00 00 0c 38 c9 ff fc aa 00 5a 2a ff de 12 ff d5 00 15 00 24 0a
[17:27:50.319] PACKET[TCP_prs2026hitl_7100] sensors: status=3840, uptime=800969, filtered_accel=[-0.03416, 0.92328, -0.34744], gyro=[-3.01, 1.47, 2.52]
[17:27:50.369] RX[TCP_prs2026hitl_7100]  01 0f 00 00 0c 39 2d ff fc 92 00 5a 2a ff de 2a ff d6 00 16 00 22 0a 02 10 00 00 0c 39 2d 00 00 00 00 00 00 00 00 00 00 00 00 00 00 00 00 00 00 00 00 00 00 00 00 00 00 00 00 00 00 00 00 00 00
[17:27:50.375] PACKET[TCP_prs2026hitl_7100] sensors: status=3840, uptime=801069, filtered_accel=[-0.03512, 0.92328, -0.34648], gyro=[-2.94, 1.54, 2.38]
[17:27:50.476] RX[TCP_prs2026hitl_7100]  00 00 00 00 00 00 00 00 00 00 00 00 00 00 00 00 43 52 ed 6d 13 48 0a ff 01 00 00 0c 39 2d 0a
[17:27:50.480] PACKET[TCP_prs2026hitl_7100] state: status=4096, uptime=801069, orientation=[0.0, 0.0, 0.0, 0.0], position=[0.0, 0.0, 0.0], velocity=[0.0, 0.0, 0.0], latitude=0.0, longitude=0.0, gps_altitude=0.0, barometric_altitude=210.927444, witness_battery_voltage=4.936
[17:27:50.484] PACKET[TCP_prs2026hitl_7100] heartbeat: status=256, uptime=801069
[17:27:50.535] RX[TCP_prs2026hitl_7100]  01 0f 00 00 0c 39 91 ff fc 85 00 5a 37 ff de 12 ff d6 00 16 00 24 0a
[17:27:50.543] PACKET[TCP_prs2026hitl_7100] sensors: status=3840, uptime=801169, filtered_accel=[-0.03564, 0.9238, -0.34744], gyro=[-2.94, 1.54, 2.52]
[17:27:50.645] RX[TCP_prs2026hitl_7100]  01 0f 00 00 0c 39 f5 ff fc 92 00 5a 1e ff dd ed ff d7 00 15 00 24 0a
[17:27:50.654] PACKET[TCP_prs2026hitl_7100] sensors: status=3840, uptime=801269, filtered_accel=[-0.03512, 0.9228, -0.34892], gyro=[-2.87, 1.47, 2.52]
[17:27:50.705] RX[TCP_prs2026hitl_7100]  01 0b 00 00 0c 3a 59 ff fc aa 00 5a 37 ff dd f9 ff d7 00 15 00 25 0a
[17:27:50.709] PACKET[TCP_prs2026hitl_7100] sensors: status=2816, uptime=801369, filtered_accel=[-0.03416, 0.9238, -0.34844], gyro=[-2.87, 1.47, 2.59]
[17:27:50.760] RX[TCP_prs2026hitl_7100]  01 0b 00 00 0c 3a bd ff fc 85 00 5a 37 ff dd ed ff d6 00 17 00 22 0a
[17:27:50.765] PACKET[TCP_prs2026hitl_7100] sensors: status=2816, uptime=801469, filtered_accel=[-0.03564, 0.9238, -0.34892], gyro=[-2.94, 1.61, 2.38]
[17:27:50.869] RX[TCP_prs2026hitl_7100]  01 0b 00 00 0c 3b 21 ff fc 85 00 5a 37 ff dd e1 ff d7 00 15 00 25 0a
[17:27:50.874] PACKET[TCP_prs2026hitl_7100] sensors: status=2816, uptime=801569, filtered_accel=[-0.03564, 0.9238, -0.3494], gyro=[-2.87, 1.47, 2.59]
[17:27:50.976] RX[TCP_prs2026hitl_7100]  01 0f 00 00 0c 3b 85 ff fc 9e 00 5a 5b ff dd f9 ff d6 00 14 00 25 0a
[17:27:50.983] PACKET[TCP_prs2026hitl_7100] sensors: status=3840, uptime=801669, filtered_accel=[-0.03464, 0.92524, -0.34844], gyro=[-2.94, 1.4, 2.59]
[17:27:51.085] RX[TCP_prs2026hitl_7100]  01 0f 00 00 0c 3b e9 ff fc 85 00 5a 37 ff de 67 ff d6 00 18 00 22 0a
[17:27:51.092] PACKET[TCP_prs2026hitl_7100] sensors: status=3840, uptime=801769, filtered_accel=[-0.03564, 0.9238, -0.34404], gyro=[-2.94, 1.68, 2.38]
[17:27:51.143] RX[TCP_prs2026hitl_7101]  03 00 00 00 00 00 00 00 00 00 0e 11 9d 00 00 00 13 90 0a
[17:27:51.147] PACKET[TCP_prs2026hitl_7101] camera: fc_status=0, fc_uptime=0, status=0, uptime=922013, current_sense=[0.0, 0.0, 0.0], iris_battery_voltage=5.008
[17:27:51.199] RX[TCP_prs2026hitl_7100]  01 0f 00 00 0c 3c 4d ff fc aa 00 5a 4f ff de 1e ff d6 00 16 00 24 0a
[17:27:51.207] PACKET[TCP_prs2026hitl_7100] sensors: status=3840, uptime=801869, filtered_accel=[-0.03416, 0.92476, -0.34696], gyro=[-2.94, 1.54, 2.52]
[17:27:51.259] RX[TCP_prs2026hitl_7100]  01 0f 00 00 0c 3c b1 ff fc aa 00 5a 37 ff de 1e ff d6 00 15 00 24 0a
[17:27:51.268] PACKET[TCP_prs2026hitl_7100] sensors: status=3840, uptime=801969, filtered_accel=[-0.03416, 0.9238, -0.34696], gyro=[-2.94, 1.47, 2.52]
[17:27:51.370] RX[TCP_prs2026hitl_7100]  01 0b 00 00 0c 3d 15 ff fc 92 00 5a 43 ff de 1e ff d6 00 15 00 25 0a 02 10 00 00 0c 3d 15 00 00 00 00 00 00 00 00 00 00 00 00 00 00 00 00 00 00 00 00 00 00 00 00 00 00 00 00 00 00 00 00 00 00
[17:27:51.377] PACKET[TCP_prs2026hitl_7100] sensors: status=2816, uptime=802069, filtered_accel=[-0.03512, 0.92428, -0.34696], gyro=[-2.94, 1.47, 2.59]
[17:27:51.478] RX[TCP_prs2026hitl_7100]  00 00 00 00 00 00 00 00 00 00 00 00 00 00 00 00 43 52 d7 c8 13 48 0a ff 00 00 00 0c 3d 15 0a
[17:27:51.483] PACKET[TCP_prs2026hitl_7100] state: status=4096, uptime=802069, orientation=[0.0, 0.0, 0.0, 0.0], position=[0.0, 0.0, 0.0], velocity=[0.0, 0.0, 0.0], latitude=0.0, longitude=0.0, gps_altitude=0.0, barometric_altitude=210.842896, witness_battery_voltage=4.936
[17:27:51.487] PACKET[TCP_prs2026hitl_7100] heartbeat: status=0, uptime=802069
[17:27:51.588] RX[TCP_prs2026hitl_7100]  01 0b 00 00 0c 3d 79 ff fc 85 00 5a 43 ff de 12 ff d6 00 17 00 22 0a
[17:27:51.593] PACKET[TCP_prs2026hitl_7100] sensors: status=2816, uptime=802169, filtered_accel=[-0.03564, 0.92428, -0.34744], gyro=[-2.94, 1.61, 2.38]
[17:27:51.645] RX[TCP_prs2026hitl_7100]  01 0b 00 00 0c 3d dd ff fc 85 00 5a 37 ff de 1e ff d6 00 15 00 24 0a
[17:27:51.650] PACKET[TCP_prs2026hitl_7100] sensors: status=2816, uptime=802269, filtered_accel=[-0.03564, 0.9238, -0.34696], gyro=[-2.94, 1.47, 2.52]
[17:27:51.751] RX[TCP_prs2026hitl_7100]  01 0f 00 00 0c 3e 41 ff fc 92 00 5a 37 ff dd f9 ff d7 00 15 00 25 0a
[17:27:51.757] PACKET[TCP_prs2026hitl_7100] sensors: status=3840, uptime=802369, filtered_accel=[-0.03512, 0.9238, -0.34844], gyro=[-2.87, 1.47, 2.59]
[17:27:51.807] RX[TCP_prs2026hitl_7100]  01 0f 00 00 0c 3e a5 ff fc 85 00 5a 43 ff de 05 ff d6 00 17 00 22 0a
[17:27:51.812] PACKET[TCP_prs2026hitl_7100] sensors: status=3840, uptime=802469, filtered_accel=[-0.03564, 0.92428, -0.34796], gyro=[-2.94, 1.61, 2.38]
[17:27:51.964] RX[TCP_prs2026hitl_7100]  01 0f 00 00 0c 3f 09 ff fc 92 00 5a 37 ff dd f9 ff d6 00 16 00 24 0a
[17:27:51.969] PACKET[TCP_prs2026hitl_7100] sensors: status=3840, uptime=802569, filtered_accel=[-0.03512, 0.9238, -0.34844], gyro=[-2.94, 1.54, 2.52]
[17:27:52.021] RX[TCP_prs2026hitl_7100]  01 0f 00 00 0c 3f 6d ff fc 79 00 5a 2a ff dd f9 ff d6 00 15 00 25 0a
[17:27:52.025] PACKET[TCP_prs2026hitl_7100] sensors: status=3840, uptime=802669, filtered_accel=[-0.03612, 0.92328, -0.34844], gyro=[-2.94, 1.47, 2.59]
[17:27:52.127] RX[TCP_prs2026hitl_7100]  01 0b 00 00 0c 3f d1 ff fc 92 00 5a 43 ff de 12 ff d6 00 16 00 23 0a
[17:27:52.131] PACKET[TCP_prs2026hitl_7100] sensors: status=2816, uptime=802769, filtered_accel=[-0.03512, 0.92428, -0.34744], gyro=[-2.94, 1.54, 2.45]
[17:27:52.132] RX[TCP_prs2026hitl_7101]  03 00 00 00 00 00 00 00 00 00 0e 15 85 00 00 00 13 90 0a
[17:27:52.136] PACKET[TCP_prs2026hitl_7101] camera: fc_status=0, fc_uptime=0, status=0, uptime=923013, current_sense=[0.0, 0.0, 0.0], iris_battery_voltage=5.008
[17:27:52.187] RX[TCP_prs2026hitl_7100]  01 0b 00 00 0c 40 35 ff fc 92 00 5a 43 ff de 12 ff d6 00 17 00 22 0a
[17:27:52.192] PACKET[TCP_prs2026hitl_7100] sensors: status=2816, uptime=802869, filtered_accel=[-0.03512, 0.92428, -0.34744], gyro=[-2.94, 1.61, 2.38]
[17:27:52.293] RX[TCP_prs2026hitl_7100]  01 0b 00 00 0c 40 99 ff fc 9e 00 5a 37 ff de 12 ff d7 00 15 00 24 0a
[17:27:52.298] PACKET[TCP_prs2026hitl_7100] sensors: status=2816, uptime=802969, filtered_accel=[-0.03464, 0.9238, -0.34744], gyro=[-2.87, 1.47, 2.52]
[17:27:52.401] RX[TCP_prs2026hitl_7100]  01 0f 00 00 0c 40 fd ff fc 92 00 5a 37 ff de 1e ff d7 00 14 00 25 0a 02 10 00 00 0c 40 fd 00 00 00 00 00 00 00 00 00 00 00 00 00 00 00 00 00 00 00 00 00 00 00 00 00 00 00 00 00 00 00 00 00 00
[17:27:52.416] PACKET[TCP_prs2026hitl_7100] sensors: status=3840, uptime=803069, filtered_accel=[-0.03512, 0.9238, -0.34696], gyro=[-2.87, 1.4, 2.59]
[17:27:52.468] RX[TCP_prs2026hitl_7100]  00 00 00 00 00 00 00 00 00 00 00 00 00 00 00 00 43 53 18 b7 13 48 0a ff 01 00 00 0c 40 fd 0a
[17:27:52.474] PACKET[TCP_prs2026hitl_7100] state: status=4096, uptime=803069, orientation=[0.0, 0.0, 0.0, 0.0], position=[0.0, 0.0, 0.0], velocity=[0.0, 0.0, 0.0], latitude=0.0, longitude=0.0, gps_altitude=0.0, barometric_altitude=211.096542, witness_battery_voltage=4.936
[17:27:52.478] PACKET[TCP_prs2026hitl_7100] heartbeat: status=256, uptime=803069
[17:27:52.580] RX[TCP_prs2026hitl_7100]  01 0f 00 00 0c 41 61 ff fc 9e 00 5a 43 ff de 2a ff d5 00 18 00 21 0a
[17:27:52.586] PACKET[TCP_prs2026hitl_7100] sensors: status=3840, uptime=803169, filtered_accel=[-0.03464, 0.92428, -0.34648], gyro=[-3.01, 1.68, 2.31]
[17:27:52.688] RX[TCP_prs2026hitl_7100]  01 0f 00 00 0c 41 c5 ff fc 85 00 5a 37 ff de 05 ff d6 00 17 00 24 0a
[17:27:52.694] PACKET[TCP_prs2026hitl_7100] sensors: status=3840, uptime=803269, filtered_accel=[-0.03564, 0.9238, -0.34796], gyro=[-2.94, 1.61, 2.52]
[17:27:52.745] RX[TCP_prs2026hitl_7100]  01 0f 00 00 0c 42 29 ff fc aa 00 5a 43 ff de 12 ff d7 00 15 00 25 0a
[17:27:52.750] PACKET[TCP_prs2026hitl_7100] sensors: status=3840, uptime=803369, filtered_accel=[-0.03416, 0.92428, -0.34744], gyro=[-2.87, 1.47, 2.59]
[17:27:52.801] RX[TCP_prs2026hitl_7100]  01 0b 00 00 0c 42 8d ff fc 85 00 5a 37 ff dd f9 ff d7 00 16 00 24 0a
[17:27:52.805] PACKET[TCP_prs2026hitl_7100] sensors: status=2816, uptime=803469, filtered_accel=[-0.03564, 0.9238, -0.34844], gyro=[-2.87, 1.54, 2.52]
[17:27:52.907] RX[TCP_prs2026hitl_7100]  01 0b 00 00 0c 42 f1 ff fc 9e 00 5a 37 ff de 12 ff d6 00 17 00 23 0a
[17:27:52.912] PACKET[TCP_prs2026hitl_7100] sensors: status=2816, uptime=803569, filtered_accel=[-0.03464, 0.9238, -0.34744], gyro=[-2.94, 1.61, 2.45]
[17:27:52.963] RX[TCP_prs2026hitl_7100]  01 0b 00 00 0c 43 55 ff fc 85 00 5a 37 ff dd ed ff d5 00 14 00 24 0a
[17:27:52.967] PACKET[TCP_prs2026hitl_7100] sensors: status=2816, uptime=803669, filtered_accel=[-0.03564, 0.9238, -0.34892], gyro=[-3.01, 1.4, 2.52]
[17:27:53.069] RX[TCP_prs2026hitl_7100]  01 0f 00 00 0c 43 b9 ff fc 85 00 5a 37 ff dd f9 ff d6 00 15 00 25 0a
[17:27:53.076] PACKET[TCP_prs2026hitl_7100] sensors: status=3840, uptime=803769, filtered_accel=[-0.03564, 0.9238, -0.34844], gyro=[-2.94, 1.47, 2.59]
[17:27:53.127] RX[TCP_prs2026hitl_7101]  03 00 00 00 00 00 00 00 00 00 0e 19 6d 00 00 00 13 90 0a
[17:27:53.132] PACKET[TCP_prs2026hitl_7101] camera: fc_status=0, fc_uptime=0, status=0, uptime=924013, current_sense=[0.0, 0.0, 0.0], iris_battery_voltage=5.008
[17:27:53.182] RX[TCP_prs2026hitl_7100]  01 0f 00 00 0c 44 1d ff fc 85 00 5a 43 ff dd f9 ff d6 00 17 00 22 0a
[17:27:53.187] PACKET[TCP_prs2026hitl_7100] sensors: status=3840, uptime=803869, filtered_accel=[-0.03564, 0.92428, -0.34844], gyro=[-2.94, 1.61, 2.38]
[17:27:53.288] RX[TCP_prs2026hitl_7100]  01 0f 00 00 0c 44 81 ff fc 92 00 5a 43 ff de 05 ff d7 00 15 00 25 0a
[17:27:53.294] PACKET[TCP_prs2026hitl_7100] sensors: status=3840, uptime=803969, filtered_accel=[-0.03512, 0.92428, -0.34796], gyro=[-2.87, 1.47, 2.59]
[17:27:53.401] RX[TCP_prs2026hitl_7100]  01 0f 00 00 0c 44 e5 ff fc 92 00 5a 2a ff de 1e ff d7 00 15 00 25 0a 02 10 00 00 0c 44 e5 00 00 00 00 00 00 00 00 00 00 00 00 00 00 00 00 00 00 00 00 00 00 00 00 00 00 00 00 00 00 00 00 00 00
[17:27:53.410] PACKET[TCP_prs2026hitl_7100] sensors: status=3840, uptime=804069, filtered_accel=[-0.03512, 0.92328, -0.34696], gyro=[-2.87, 1.47, 2.59]
[17:27:53.460] RX[TCP_prs2026hitl_7100]  00 00 00 00 00 00 00 00 00 00 00 00 00 00 00 00 43 52 d7 c8 13 50 0a ff 00 00 00 0c 44 e5 0a
[17:27:53.465] PACKET[TCP_prs2026hitl_7100] state: status=4096, uptime=804069, orientation=[0.0, 0.0, 0.0, 0.0], position=[0.0, 0.0, 0.0], velocity=[0.0, 0.0, 0.0], latitude=0.0, longitude=0.0, gps_altitude=0.0, barometric_altitude=210.842896, witness_battery_voltage=4.944
[17:27:53.468] PACKET[TCP_prs2026hitl_7100] heartbeat: status=0, uptime=804069
[17:27:53.571] RX[TCP_prs2026hitl_7100]  01 0b 00 00 0c 45 49 ff fc 92 00 5a 37 ff dd f9 ff d6 00 15 00 25 0a
[17:27:53.578] PACKET[TCP_prs2026hitl_7100] sensors: status=2816, uptime=804169, filtered_accel=[-0.03512, 0.9238, -0.34844], gyro=[-2.94, 1.47, 2.59]
[17:27:53.630] RX[TCP_prs2026hitl_7100]  01 0b 00 00 0c 45 ad ff fc 9e 00 5a 37 ff de 05 ff d6 00 17 00 22 0a
[17:27:53.636] PACKET[TCP_prs2026hitl_7100] sensors: status=2816, uptime=804269, filtered_accel=[-0.03464, 0.9238, -0.34796], gyro=[-2.94, 1.61, 2.38]
[17:27:53.738] RX[TCP_prs2026hitl_7100]  01 0b 00 00 0c 46 11 ff fc 92 00 5a 43 ff de 12 ff d6 00 15 00 25 0a
[17:27:53.744] PACKET[TCP_prs2026hitl_7100] sensors: status=2816, uptime=804369, filtered_accel=[-0.03512, 0.92428, -0.34744], gyro=[-2.94, 1.47, 2.59]
[17:27:53.845] RX[TCP_prs2026hitl_7100]  01 0f 00 00 0c 46 75 ff fc 92 00 5a 37 ff de 12 ff d7 00 16 00 24 0a
[17:27:53.851] PACKET[TCP_prs2026hitl_7100] sensors: status=3840, uptime=804469, filtered_accel=[-0.03512, 0.9238, -0.34744], gyro=[-2.87, 1.54, 2.52]
[17:27:53.902] RX[TCP_prs2026hitl_7100]  01 0f 00 00 0c 46 d9 ff fc 9e 00 5a 37 ff de 05 ff d6 00 18 00 22 0a
[17:27:53.907] PACKET[TCP_prs2026hitl_7100] sensors: status=3840, uptime=804569, filtered_accel=[-0.03464, 0.9238, -0.34796], gyro=[-2.94, 1.68, 2.38]
[17:27:54.008] RX[TCP_prs2026hitl_7100]  01 0f 00 00 0c 47 3d ff fc 92 00 5a 37 ff de 05 ff d6 00 16 00 24 0a
[17:27:54.015] PACKET[TCP_prs2026hitl_7100] sensors: status=3840, uptime=804669, filtered_accel=[-0.03512, 0.9238, -0.34796], gyro=[-2.94, 1.54, 2.52]
[17:27:54.117] RX[TCP_prs2026hitl_7100]  01 0f 00 00 0c 47 a1 ff fc 9e 00 5a 37 ff dd f9 ff d6 00 15 00 24 0a
[17:27:54.122] PACKET[TCP_prs2026hitl_7100] sensors: status=3840, uptime=804769, filtered_accel=[-0.03464, 0.9238, -0.34844], gyro=[-2.94, 1.47, 2.52]
[17:27:54.122] RX[TCP_prs2026hitl_7101]  03 00 00 00 00 00 00 00 00 00 0e 1d 55 00 00 00 13 94 0a
[17:27:54.126] PACKET[TCP_prs2026hitl_7101] camera: fc_status=0, fc_uptime=0, status=0, uptime=925013, current_sense=[0.0, 0.0, 0.0], iris_battery_voltage=5.012
[17:27:54.177] RX[TCP_prs2026hitl_7100]  01 0b 00 00 0c 48 05 ff fc 92 00 5a 43 ff de 12 ff d6 00 16 00 25 0a
[17:27:54.182] PACKET[TCP_prs2026hitl_7100] sensors: status=2816, uptime=804869, filtered_accel=[-0.03512, 0.92428, -0.34744], gyro=[-2.94, 1.54, 2.59]
[17:27:54.283] RX[TCP_prs2026hitl_7100]  01 0b 00 00 0c 48 69 ff fc aa 00 5a 43 ff de 12 ff d6 00 17 00 22 0a
[17:27:54.287] PACKET[TCP_prs2026hitl_7100] sensors: status=2816, uptime=804969, filtered_accel=[-0.03416, 0.92428, -0.34744], gyro=[-2.94, 1.61, 2.38]
[17:27:54.388] RX[TCP_prs2026hitl_7100]  01 0b 00 00 0c 48 cd ff fc aa 00 5a 43 ff de 12 ff d7 00 16 00 23 0a 02 10 00 00 0c 48 cd 00 00 00 00 00 00 00 00 00 00 00 00 00 00 00 00 00 00 00 00 00 00 00 00 00 00 00 00 00 00 00 00 00 00
[17:27:54.397] PACKET[TCP_prs2026hitl_7100] sensors: status=2816, uptime=805069, filtered_accel=[-0.03416, 0.92428, -0.34744], gyro=[-2.87, 1.54, 2.45]
[17:27:54.449] RX[TCP_prs2026hitl_7100]  00 00 00 00 00 00 00 00 00 00 00 00 00 00 00 00 43 53 03 12 13 48 0a ff 01 00 00 0c 48 cd 0a
[17:27:54.454] PACKET[TCP_prs2026hitl_7100] state: status=4096, uptime=805069, orientation=[0.0, 0.0, 0.0, 0.0], position=[0.0, 0.0, 0.0], velocity=[0.0, 0.0, 0.0], latitude=0.0, longitude=0.0, gps_altitude=0.0, barometric_altitude=211.011993, witness_battery_voltage=4.936
[17:27:54.458] PACKET[TCP_prs2026hitl_7100] heartbeat: status=256, uptime=805069
[17:27:54.559] RX[TCP_prs2026hitl_7100]  01 0f 00 00 0c 49 31 ff fc 92 00 5a 43 ff de 05 ff d7 00 16 00 25 0a
[17:27:54.564] PACKET[TCP_prs2026hitl_7100] sensors: status=3840, uptime=805169, filtered_accel=[-0.03512, 0.92428, -0.34796], gyro=[-2.87, 1.54, 2.59]
[17:27:54.615] RX[TCP_prs2026hitl_7100]  01 0f 00 00 0c 49 95 ff fc 92 00 5a 37 ff de 05 ff d6 00 17 00 22 0a
[17:27:54.620] PACKET[TCP_prs2026hitl_7100] sensors: status=3840, uptime=805269, filtered_accel=[-0.03512, 0.9238, -0.34796], gyro=[-2.94, 1.61, 2.38]
[17:27:54.722] RX[TCP_prs2026hitl_7100]  01 0f 00 00 0c 49 f9 ff fc 79 00 5a 43 ff de 12 ff d6 00 15 00 24 0a
[17:27:54.731] PACKET[TCP_prs2026hitl_7100] sensors: status=3840, uptime=805369, filtered_accel=[-0.03612, 0.92428, -0.34744], gyro=[-2.94, 1.47, 2.52]
[17:27:54.833] RX[TCP_prs2026hitl_7100]  01 0f 00 00 0c 4a 5d ff fc 92 00 5a 37 ff de 12 ff d7 00 15 00 25 0a
[17:27:54.838] PACKET[TCP_prs2026hitl_7100] sensors: status=3840, uptime=805469, filtered_accel=[-0.03512, 0.9238, -0.34744], gyro=[-2.87, 1.47, 2.59]
[17:27:54.889] RX[TCP_prs2026hitl_7100]  01 0b 00 00 0c 4a c1 ff fc 92 00 5a 37 ff de 1e ff d6 00 16 00 25 0a
[17:27:54.894] PACKET[TCP_prs2026hitl_7100] sensors: status=2816, uptime=805569, filtered_accel=[-0.03512, 0.9238, -0.34696], gyro=[-2.94, 1.54, 2.59]
[17:27:54.996] RX[TCP_prs2026hitl_7100]  01 0b 00 00 0c 4b 25 ff fc 92 00 5a 43 ff de 1e ff d5 00 17 00 23 0a
[17:27:55.001] PACKET[TCP_prs2026hitl_7100] sensors: status=2816, uptime=805669, filtered_accel=[-0.03512, 0.92428, -0.34696], gyro=[-3.01, 1.61, 2.45]
[17:27:55.103] RX[TCP_prs2026hitl_7100]  01 0b 00 00 0c 4b 89 ff fc 92 00 5a 43 ff de 05 ff d6 00 15 00 24 0a
[17:27:55.108] PACKET[TCP_prs2026hitl_7100] sensors: status=2816, uptime=805769, filtered_accel=[-0.03512, 0.92428, -0.34796], gyro=[-2.94, 1.47, 2.52]
[17:27:55.109] RX[TCP_prs2026hitl_7101]  03 00 00 00 00 00 00 00 00 00 0e 21 3d 00 00 00 13 94 0a
[17:27:55.112] PACKET[TCP_prs2026hitl_7101] camera: fc_status=0, fc_uptime=0, status=0, uptime=926013, current_sense=[0.0, 0.0, 0.0], iris_battery_voltage=5.012
[17:27:55.213] RX[TCP_prs2026hitl_7100]  01 0f 00 00 0c 4b ed ff fc 92 00 5a 2a ff de 05 ff d6 00 16 00 24 0a
[17:27:55.217] PACKET[TCP_prs2026hitl_7100] sensors: status=3840, uptime=805869, filtered_accel=[-0.03512, 0.92328, -0.34796], gyro=[-2.94, 1.54, 2.52]
[17:27:55.268] RX[TCP_prs2026hitl_7100]  01 0f 00 00 0c 4c 51 ff fc 92 00 5a 37 ff de 05 ff d6 00 18 00 22 0a
[17:27:55.274] PACKET[TCP_prs2026hitl_7100] sensors: status=3840, uptime=805969, filtered_accel=[-0.03512, 0.9238, -0.34796], gyro=[-2.94, 1.68, 2.38]
[17:27:55.376] RX[TCP_prs2026hitl_7100]  01 0f 00 00 0c 4c b5 ff fc 85 00 5a 43 ff dd f9 ff d7 00 15 00 25 0a 02 10 00 00 0c 4c b5 00 00 00 00 00 00 00 00 00 00 00 00 00 00 00 00 00 00 00 00 00 00 00 00 00 00 00 00 00 00 00 00 00 00
[17:27:55.381] PACKET[TCP_prs2026hitl_7100] sensors: status=3840, uptime=806069, filtered_accel=[-0.03564, 0.92428, -0.34844], gyro=[-2.87, 1.47, 2.59]
[17:27:55.482] RX[TCP_prs2026hitl_7100]  00 00 00 00 00 00 00 00 00 00 00 00 00 00 00 00 43 52 ed 6d 13 48 0a ff 00 00 00 0c 4c b5 0a
[17:27:55.487] PACKET[TCP_prs2026hitl_7100] state: status=4096, uptime=806069, orientation=[0.0, 0.0, 0.0, 0.0], position=[0.0, 0.0, 0.0], velocity=[0.0, 0.0, 0.0], latitude=0.0, longitude=0.0, gps_altitude=0.0, barometric_altitude=210.927444, witness_battery_voltage=4.936
[17:27:55.491] PACKET[TCP_prs2026hitl_7100] heartbeat: status=0, uptime=806069
[17:27:55.542] RX[TCP_prs2026hitl_7100]  01 0f 00 00 0c 4d 19 ff fc 9e 00 5a 43 ff de 05 ff d6 00 15 00 25 0a
[17:27:55.548] PACKET[TCP_prs2026hitl_7100] sensors: status=3840, uptime=806169, filtered_accel=[-0.03464, 0.92428, -0.34796], gyro=[-2.94, 1.47, 2.59]
[17:27:55.649] RX[TCP_prs2026hitl_7100]  01 0b 00 00 0c 4d 7d ff fc 9e 00 5a 37 ff de 1e ff d6 00 17 00 24 0a
[17:27:55.655] PACKET[TCP_prs2026hitl_7100] sensors: status=2816, uptime=806269, filtered_accel=[-0.03464, 0.9238, -0.34696], gyro=[-2.94, 1.61, 2.52]
[17:27:55.756] RX[TCP_prs2026hitl_7100]  01 0b 00 00 0c 4d e1 ff fc 85 00 5a 43 ff de 05 ff d6 00 17 00 23 0a
[17:27:55.761] PACKET[TCP_prs2026hitl_7100] sensors: status=2816, uptime=806369, filtered_accel=[-0.03564, 0.92428, -0.34796], gyro=[-2.94, 1.61, 2.45]
[17:27:55.862] RX[TCP_prs2026hitl_7100]  01 0b 00 00 0c 4e 45 ff fc 92 00 5a 37 ff de 12 ff d6 00 16 00 24 0a
[17:27:55.867] PACKET[TCP_prs2026hitl_7100] sensors: status=2816, uptime=806469, filtered_accel=[-0.03512, 0.9238, -0.34744], gyro=[-2.94, 1.54, 2.52]
[17:27:55.969] RX[TCP_prs2026hitl_7100]  01 0f 00 00 0c 4e a9 ff fc 92 00 5a 37 ff de 12 ff d7 00 15 00 24 0a
[17:27:55.974] PACKET[TCP_prs2026hitl_7100] sensors: status=3840, uptime=806569, filtered_accel=[-0.03512, 0.9238, -0.34744], gyro=[-2.87, 1.47, 2.52]
[17:27:56.025] RX[TCP_prs2026hitl_7100]  01 0f 00 00 0c 4f 0d ff fc 92 00 5a 37 ff de 12 ff d4 00 18 00 22 0a
[17:27:56.030] PACKET[TCP_prs2026hitl_7100] sensors: status=3840, uptime=806669, filtered_accel=[-0.03512, 0.9238, -0.34744], gyro=[-3.08, 1.68, 2.38]
[17:27:56.131] RX[TCP_prs2026hitl_7101]  03 00 00 00 00 00 00 00 00 00 0e 25 25 00 00 00 13 94 0a
[17:27:56.137] PACKET[TCP_prs2026hitl_7101] camera: fc_status=0, fc_uptime=0, status=0, uptime=927013, current_sense=[0.0, 0.0, 0.0], iris_battery_voltage=5.012
[17:27:56.138] RX[TCP_prs2026hitl_7100]  01 0f 00 00 0c 4f 71 ff fc 9e 00 5a 43 ff de 05 ff d6 00 15 00 24 0a
[17:27:56.142] PACKET[TCP_prs2026hitl_7100] sensors: status=3840, uptime=806769, filtered_accel=[-0.03464, 0.92428, -0.34796], gyro=[-2.94, 1.47, 2.52]
[17:27:56.193] RX[TCP_prs2026hitl_7100]  01 0f 00 00 0c 4f d5 ff fc 92 00 5a 2a ff de 1e ff d7 00 15 00 24 0a
[17:27:56.198] PACKET[TCP_prs2026hitl_7100] sensors: status=3840, uptime=806869, filtered_accel=[-0.03512, 0.92328, -0.34696], gyro=[-2.87, 1.47, 2.52]
[17:27:56.299] RX[TCP_prs2026hitl_7100]  01 0b 00 00 0c 50 39 ff fc 92 00 5a 2a ff de 2a ff d6 00 16 00 24 0a
[17:27:56.305] PACKET[TCP_prs2026hitl_7100] sensors: status=2816, uptime=806969, filtered_accel=[-0.03512, 0.92328, -0.34648], gyro=[-2.94, 1.54, 2.52]
[17:27:56.356] RX[TCP_prs2026hitl_7100]  01 0b 00 00 0c 50 9d ff fc 92 00 5a 37 ff de 05 ff d5 00 17 00 22 0a 02 10 00 00 0c 50 9d 00 00 00 00 00 00 00 00 00 00 00 00 00 00 00 00 00 00 00 00 00 00 00 00 00 00 00 00 00 00 00 00 00 00
[17:27:56.360] PACKET[TCP_prs2026hitl_7100] sensors: status=2816, uptime=807069, filtered_accel=[-0.03512, 0.9238, -0.34796], gyro=[-3.01, 1.61, 2.38]
[17:27:56.461] RX[TCP_prs2026hitl_7100]  00 00 00 00 00 00 00 00 00 00 00 00 00 00 00 00 43 53 03 12 13 48 0a ff 01 00 00 0c 50 9d 0a
[17:27:56.466] PACKET[TCP_prs2026hitl_7100] state: status=4096, uptime=807069, orientation=[0.0, 0.0, 0.0, 0.0], position=[0.0, 0.0, 0.0], velocity=[0.0, 0.0, 0.0], latitude=0.0, longitude=0.0, gps_altitude=0.0, barometric_altitude=211.011993, witness_battery_voltage=4.936
[17:27:56.469] PACKET[TCP_prs2026hitl_7100] heartbeat: status=256, uptime=807069
[17:27:56.520] RX[TCP_prs2026hitl_7100]  01 0b 00 00 0c 51 01 ff fc 85 00 5a 43 ff dd f9 ff d6 00 16 00 24 0a
[17:27:56.528] PACKET[TCP_prs2026hitl_7100] sensors: status=2816, uptime=807169, filtered_accel=[-0.03564, 0.92428, -0.34844], gyro=[-2.94, 1.54, 2.52]
[17:27:56.632] RX[TCP_prs2026hitl_7100]  01 0f 00 00 0c 51 65 ff fc 92 00 5a 43 ff de 12 ff d6 00 15 00 25 0a
[17:27:56.640] PACKET[TCP_prs2026hitl_7100] sensors: status=3840, uptime=807269, filtered_accel=[-0.03512, 0.92428, -0.34744], gyro=[-2.94, 1.47, 2.59]
[17:27:56.742] RX[TCP_prs2026hitl_7100]  01 0f 00 00 0c 51 c9 ff fc 9e 00 5a 37 ff de 05 ff d6 00 18 00 22 0a
[17:27:56.746] PACKET[TCP_prs2026hitl_7100] sensors: status=3840, uptime=807369, filtered_accel=[-0.03464, 0.9238, -0.34796], gyro=[-2.94, 1.68, 2.38]
[17:27:56.797] RX[TCP_prs2026hitl_7100]  01 0f 00 00 0c 52 2d ff fc 92 00 5a 43 ff de 1e ff d7 00 16 00 23 0a
[17:27:56.803] PACKET[TCP_prs2026hitl_7100] sensors: status=3840, uptime=807469, filtered_accel=[-0.03512, 0.92428, -0.34696], gyro=[-2.87, 1.54, 2.45]
[17:27:56.904] RX[TCP_prs2026hitl_7100]  01 0f 00 00 0c 52 91 ff fc 92 00 5a 4f ff de 12 ff d6 00 15 00 25 0a
[17:27:56.909] PACKET[TCP_prs2026hitl_7100] sensors: status=3840, uptime=807569, filtered_accel=[-0.03512, 0.92476, -0.34744], gyro=[-2.94, 1.47, 2.59]
[17:27:57.010] RX[TCP_prs2026hitl_7100]  01 0b 00 00 0c 52 f5 ff fc 85 00 5a 4f ff de 12 ff d5 00 16 00 24 0a
[17:27:57.015] PACKET[TCP_prs2026hitl_7100] sensors: status=2816, uptime=807669, filtered_accel=[-0.03564, 0.92476, -0.34744], gyro=[-3.01, 1.54, 2.52]
[17:27:57.070] RX[TCP_prs2026hitl_7100]  01 0b 00 00 0c 53 59 ff fc 92 00 5a 37 ff dd f9 ff d7 00 17 00 22 0a
[17:27:57.075] PACKET[TCP_prs2026hitl_7100] sensors: status=2816, uptime=807769, filtered_accel=[-0.03512, 0.9238, -0.34844], gyro=[-2.87, 1.61, 2.38]
[17:27:57.126] RX[TCP_prs2026hitl_7101]  03 00 00 00 00 00 00 00 00 00 0e 29 0d 00 00 00 13 90 0a
[17:27:57.131] PACKET[TCP_prs2026hitl_7101] camera: fc_status=0, fc_uptime=0, status=0, uptime=928013, current_sense=[0.0, 0.0, 0.0], iris_battery_voltage=5.008
[17:27:57.181] RX[TCP_prs2026hitl_7100]  01 0b 00 00 0c 53 bd ff fc 85 00 5a 37 ff de 12 ff d7 00 16 00 24 0a
[17:27:57.187] PACKET[TCP_prs2026hitl_7100] sensors: status=2816, uptime=807869, filtered_accel=[-0.03564, 0.9238, -0.34744], gyro=[-2.87, 1.54, 2.52]
[17:27:57.288] RX[TCP_prs2026hitl_7100]  01 0f 00 00 0c 54 21 ff fc 92 00 5a 43 ff de 1e ff d7 00 15 00 25 0a
[17:27:57.294] PACKET[TCP_prs2026hitl_7100] sensors: status=3840, uptime=807969, filtered_accel=[-0.03512, 0.92428, -0.34696], gyro=[-2.87, 1.47, 2.59]
[17:27:57.395] RX[TCP_prs2026hitl_7100]  01 0f 00 00 0c 54 85 ff fc 9e 00 5a 37 ff de 05 ff d6 00 17 00 22 0a 02 10 00 00 0c 54 85 00 00 00 00 00 00 00 00 00 00 00 00 00 00 00 00 00 00 00 00 00 00 00 00 00 00 00 00 00 00 00 00 00 00
[17:27:57.404] PACKET[TCP_prs2026hitl_7100] sensors: status=3840, uptime=808069, filtered_accel=[-0.03464, 0.9238, -0.34796], gyro=[-2.94, 1.61, 2.38]
[17:27:57.506] RX[TCP_prs2026hitl_7100]  00 00 00 00 00 00 00 00 00 00 00 00 00 00 00 00 43 52 ed 6d 13 50 0a ff 00 00 00 0c 54 85 0a
[17:27:57.511] PACKET[TCP_prs2026hitl_7100] state: status=4096, uptime=808069, orientation=[0.0, 0.0, 0.0, 0.0], position=[0.0, 0.0, 0.0], velocity=[0.0, 0.0, 0.0], latitude=0.0, longitude=0.0, gps_altitude=0.0, barometric_altitude=210.927444, witness_battery_voltage=4.944
[17:27:57.514] PACKET[TCP_prs2026hitl_7100] heartbeat: status=0, uptime=808069
[17:27:57.565] RX[TCP_prs2026hitl_7100]  01 0f 00 00 0c 54 e9 ff fc 85 00 5a 43 ff dd f9 ff d6 00 15 00 24 0a
[17:27:57.570] PACKET[TCP_prs2026hitl_7100] sensors: status=3840, uptime=808169, filtered_accel=[-0.03564, 0.92428, -0.34844], gyro=[-2.94, 1.47, 2.52]
[17:27:57.672] RX[TCP_prs2026hitl_7100]  01 0f 00 00 0c 55 4d ff fc 9e 00 5a 37 ff de 12 ff d7 00 16 00 23 0a
[17:27:57.677] PACKET[TCP_prs2026hitl_7100] sensors: status=3840, uptime=808269, filtered_accel=[-0.03464, 0.9238, -0.34744], gyro=[-2.87, 1.54, 2.45]
[17:27:57.729] RX[TCP_prs2026hitl_7100]  01 0b 00 00 0c 55 b1 ff fc 9e 00 5a 43 ff de 05 ff d5 00 17 00 23 0a
[17:27:57.734] PACKET[TCP_prs2026hitl_7100] sensors: status=2816, uptime=808369, filtered_accel=[-0.03464, 0.92428, -0.34796], gyro=[-3.01, 1.61, 2.45]
[17:27:57.835] RX[TCP_prs2026hitl_7100]  01 0b 00 00 0c 56 15 ff fc 92 00 5a 43 ff de 05 ff d5 00 16 00 23 0a
[17:27:57.840] PACKET[TCP_prs2026hitl_7100] sensors: status=2816, uptime=808469, filtered_accel=[-0.03512, 0.92428, -0.34796], gyro=[-3.01, 1.54, 2.45]
[17:27:57.891] RX[TCP_prs2026hitl_7100]  01 0b 00 00 0c 56 79 ff fc 92 00 5a 37 ff dd ed ff d6 00 15 00 24 0a
[17:27:57.895] PACKET[TCP_prs2026hitl_7100] sensors: status=2816, uptime=808569, filtered_accel=[-0.03512, 0.9238, -0.34892], gyro=[-2.94, 1.47, 2.52]
[17:27:57.996] RX[TCP_prs2026hitl_7100]  01 0f 00 00 0c 56 dd ff fc 9e 00 5a 2a ff de 12 ff d7 00 16 00 24 0a
[17:27:58.001] PACKET[TCP_prs2026hitl_7100] sensors: status=3840, uptime=808669, filtered_accel=[-0.03464, 0.92328, -0.34744], gyro=[-2.87, 1.54, 2.52]
[17:27:58.102] RX[TCP_prs2026hitl_7100]  01 0f 00 00 0c 57 41 ff fc 92 00 5a 4f ff dd f9 ff d6 00 17 00 21 0a
[17:27:58.108] PACKET[TCP_prs2026hitl_7100] sensors: status=3840, uptime=808769, filtered_accel=[-0.03512, 0.92476, -0.34844], gyro=[-2.94, 1.61, 2.31]
[17:27:58.109] RX[TCP_prs2026hitl_7101]  03 00 00 00 00 00 00 00 00 00 0e 2c f5 00 00 00 13 94 0a
[17:27:58.112] PACKET[TCP_prs2026hitl_7101] camera: fc_status=0, fc_uptime=0, status=0, uptime=929013, current_sense=[0.0, 0.0, 0.0], iris_battery_voltage=5.012
[17:27:58.213] RX[TCP_prs2026hitl_7100]  01 0f 00 00 0c 57 a5 ff fc 85 00 5a 37 ff de 12 ff d6 00 16 00 24 0a
[17:27:58.217] PACKET[TCP_prs2026hitl_7100] sensors: status=3840, uptime=808869, filtered_accel=[-0.03564, 0.9238, -0.34744], gyro=[-2.94, 1.54, 2.52]
[17:27:58.268] RX[TCP_prs2026hitl_7100]  01 0f 00 00 0c 58 09 ff fc 92 00 5a 37 ff de 05 ff d6 00 15 00 25 0a
[17:27:58.273] PACKET[TCP_prs2026hitl_7100] sensors: status=3840, uptime=808969, filtered_accel=[-0.03512, 0.9238, -0.34796], gyro=[-2.94, 1.47, 2.59]
[17:27:58.373] RX[TCP_prs2026hitl_7100]  01 0b 00 00 0c 58 6d ff fc 92 00 5a 2a ff de 2a ff d6 00 16 00 24 0a 02 10 00 00 0c 58 6d 00 00 00 00 00 00 00 00 00 00 00 00 00 00 00 00 00 00 00 00 00 00 00 00 00 00 00 00 00 00 00 00 00 00
[17:27:58.378] PACKET[TCP_prs2026hitl_7100] sensors: status=2816, uptime=809069, filtered_accel=[-0.03512, 0.92328, -0.34648], gyro=[-2.94, 1.54, 2.52]
[17:27:58.479] RX[TCP_prs2026hitl_7100]  00 00 00 00 00 00 00 00 00 00 00 00 00 00 00 00 43 52 ed 6d 13 48 0a ff 01 00 00 0c 58 6d 0a
[17:27:58.486] PACKET[TCP_prs2026hitl_7100] state: status=4096, uptime=809069, orientation=[0.0, 0.0, 0.0, 0.0], position=[0.0, 0.0, 0.0], velocity=[0.0, 0.0, 0.0], latitude=0.0, longitude=0.0, gps_altitude=0.0, barometric_altitude=210.927444, witness_battery_voltage=4.936
[17:27:58.489] PACKET[TCP_prs2026hitl_7100] heartbeat: status=256, uptime=809069
[17:27:58.540] RX[TCP_prs2026hitl_7100]  01 0b 00 00 0c 58 d1 ff fc 85 00 5a 2a ff de 12 ff d7 00 17 00 23 0a
[17:27:58.544] PACKET[TCP_prs2026hitl_7100] sensors: status=2816, uptime=809169, filtered_accel=[-0.03564, 0.92328, -0.34744], gyro=[-2.87, 1.61, 2.45]
[17:27:58.646] RX[TCP_prs2026hitl_7100]  01 0b 00 00 0c 59 35 ff fc 9e 00 5a 2a ff de 12 ff d5 00 15 00 24 0a
[17:27:58.651] PACKET[TCP_prs2026hitl_7100] sensors: status=2816, uptime=809269, filtered_accel=[-0.03464, 0.92328, -0.34744], gyro=[-3.01, 1.47, 2.52]
[17:27:58.753] RX[TCP_prs2026hitl_7100]  01 0f 00 00 0c 59 99 ff fc 92 00 5a 37 ff de 1e ff d6 00 15 00 24 0a
[17:27:58.757] PACKET[TCP_prs2026hitl_7100] sensors: status=3840, uptime=809369, filtered_accel=[-0.03512, 0.9238, -0.34696], gyro=[-2.94, 1.47, 2.52]
[17:27:58.859] RX[TCP_prs2026hitl_7100]  01 0f 00 00 0c 59 fd ff fc 92 00 5a 43 ff de 12 ff d5 00 18 00 22 0a
[17:27:58.863] PACKET[TCP_prs2026hitl_7100] sensors: status=3840, uptime=809469, filtered_accel=[-0.03512, 0.92428, -0.34744], gyro=[-3.01, 1.68, 2.38]
[17:27:58.914] RX[TCP_prs2026hitl_7100]  01 0f 00 00 0c 5a 61 ff fc 85 00 5a 43 ff dd f9 ff d6 00 16 00 24 0a
[17:27:58.919] PACKET[TCP_prs2026hitl_7100] sensors: status=3840, uptime=809569, filtered_accel=[-0.03564, 0.92428, -0.34844], gyro=[-2.94, 1.54, 2.52]
[17:27:59.021] RX[TCP_prs2026hitl_7100]  01 0f 00 00 0c 5a c5 ff fc 9e 00 5a 37 ff de 1e ff d7 00 16 00 24 0a
[17:27:59.028] PACKET[TCP_prs2026hitl_7100] sensors: status=3840, uptime=809669, filtered_accel=[-0.03464, 0.9238, -0.34696], gyro=[-2.87, 1.54, 2.52]
[17:27:59.079] RX[TCP_prs2026hitl_7100]  01 0b 00 00 0c 5b 29 ff fc 92 00 5a 43 ff de 12 ff d6 00 17 00 23 0a
[17:27:59.085] PACKET[TCP_prs2026hitl_7100] sensors: status=2816, uptime=809769, filtered_accel=[-0.03512, 0.92428, -0.34744], gyro=[-2.94, 1.61, 2.45]
[17:27:59.136] RX[TCP_prs2026hitl_7101]  03 00 00 00 00 00 00 00 00 00 0e 30 dd 00 00 00 13 94 0a
[17:27:59.140] PACKET[TCP_prs2026hitl_7101] camera: fc_status=0, fc_uptime=0, status=0, uptime=930013, current_sense=[0.0, 0.0, 0.0], iris_battery_voltage=5.012
[17:27:59.192] RX[TCP_prs2026hitl_7100]  01 0b 00 00 0c 5b 8d ff fc 9e 00 5a 4f ff de 12 ff d6 00 16 00 23 0a
[17:27:59.196] PACKET[TCP_prs2026hitl_7100] sensors: status=2816, uptime=809869, filtered_accel=[-0.03464, 0.92476, -0.34744], gyro=[-2.94, 1.54, 2.45]
[17:27:59.348] RX[TCP_prs2026hitl_7100]  01 0b 00 00 0c 5b f1 ff fc 92 00 5a 43 ff de 05 ff d7 00 15 00 24 0a
[17:27:59.354] PACKET[TCP_prs2026hitl_7100] sensors: status=2816, uptime=809969, filtered_accel=[-0.03512, 0.92428, -0.34796], gyro=[-2.87, 1.47, 2.52]
[17:27:59.405] RX[TCP_prs2026hitl_7100]  01 0f 00 00 0c 5c 55 ff fc 92 00 5a 2a ff dd f9 ff d7 00 14 00 24 0a 02 10 00 00 0c 5c 55 00 00 00 00 00 00 00 00 00 00 00 00 00 00 00 00 00 00 00 00 00 00 00 00 00 00 00 00 00 00 00 00 00 00 00 00 00 00 00 00 00 00 00 00 00 00 00 00 00 00 43 52 c1 75 13 50 0a ff 00 00 00 0c 5c 55 0a
[17:27:59.409] PACKET[TCP_prs2026hitl_7100] sensors: status=3840, uptime=810069, filtered_accel=[-0.03512, 0.92328, -0.34844], gyro=[-2.87, 1.4, 2.52]
[17:27:59.413] PACKET[TCP_prs2026hitl_7100] state: status=4096, uptime=810069, orientation=[0.0, 0.0, 0.0, 0.0], position=[0.0, 0.0, 0.0], velocity=[0.0, 0.0, 0.0], latitude=0.0, longitude=0.0, gps_altitude=0.0, barometric_altitude=210.755692, witness_battery_voltage=4.944
[17:27:59.416] PACKET[TCP_prs2026hitl_7100] heartbeat: status=0, uptime=810069
[17:27:59.519] RX[TCP_prs2026hitl_7100]  01 0f 00 00 0c 5c b9 ff fc 92 00 5a 43 ff de 05 ff d5 00 17 00 22 0a
[17:27:59.525] PACKET[TCP_prs2026hitl_7100] sensors: status=3840, uptime=810169, filtered_accel=[-0.03512, 0.92428, -0.34796], gyro=[-3.01, 1.61, 2.38]
[17:27:59.576] RX[TCP_prs2026hitl_7100]  01 0f 00 00 0c 5d 1d ff fc 9e 00 5a 37 ff dd f9 ff d6 00 16 00 24 0a
[17:27:59.583] PACKET[TCP_prs2026hitl_7100] sensors: status=3840, uptime=810269, filtered_accel=[-0.03464, 0.9238, -0.34844], gyro=[-2.94, 1.54, 2.52]
[17:27:59.684] RX[TCP_prs2026hitl_7100]  01 0f 00 00 0c 5d 81 ff fc 92 00 5a 2a ff de 05 ff d6 00 15 00 25 0a
[17:27:59.688] PACKET[TCP_prs2026hitl_7100] sensors: status=3840, uptime=810369, filtered_accel=[-0.03512, 0.92328, -0.34796], gyro=[-2.94, 1.47, 2.59]
[17:27:59.790] RX[TCP_prs2026hitl_7100]  01 0b 00 00 0c 5d e5 ff fc 79 00 5a 43 ff dd f9 ff d6 00 17 00 24 0a
[17:27:59.794] PACKET[TCP_prs2026hitl_7100] sensors: status=2816, uptime=810469, filtered_accel=[-0.03612, 0.92428, -0.34844], gyro=[-2.94, 1.61, 2.52]
[17:27:59.895] RX[TCP_prs2026hitl_7100]  01 0b 00 00 0c 5e 49 ff fc 92 00 5a 37 ff de 12 ff d6 00 17 00 23 0a
[17:27:59.902] PACKET[TCP_prs2026hitl_7100] sensors: status=2816, uptime=810569, filtered_accel=[-0.03512, 0.9238, -0.34744], gyro=[-2.94, 1.61, 2.45]
[17:28:00.003] RX[TCP_prs2026hitl_7100]  01 0b 00 00 0c 5e ad ff fc 85 00 5a 37 ff de 05 ff d6 00 15 00 25 0a
[17:28:00.009] PACKET[TCP_prs2026hitl_7100] sensors: status=2816, uptime=810669, filtered_accel=[-0.03564, 0.9238, -0.34796], gyro=[-2.94, 1.47, 2.59]
[17:28:00.060] RX[TCP_prs2026hitl_7100]  01 0f 00 00 0c 5f 11 ff fc 85 00 5a 37 ff de 12 ff d7 00 15 00 24 0a
[17:28:00.065] PACKET[TCP_prs2026hitl_7100] sensors: status=3840, uptime=810769, filtered_accel=[-0.03564, 0.9238, -0.34744], gyro=[-2.87, 1.47, 2.52]
[17:28:00.116] RX[TCP_prs2026hitl_7101]  03 00 00 00 00 00 00 00 00 00 0e 34 c5 00 00 00 13 90 0a
[17:28:00.122] PACKET[TCP_prs2026hitl_7101] camera: fc_status=0, fc_uptime=0, status=0, uptime=931013, current_sense=[0.0, 0.0, 0.0], iris_battery_voltage=5.008
[17:28:00.173] RX[TCP_prs2026hitl_7100]  01 0f 00 00 0c 5f 75 ff fc 92 00 5a 37 ff de 05 ff d6 00 17 00 22 0a
[17:28:00.178] PACKET[TCP_prs2026hitl_7100] sensors: status=3840, uptime=810869, filtered_accel=[-0.03512, 0.9238, -0.34796], gyro=[-2.94, 1.61, 2.38]
[17:28:00.279] RX[TCP_prs2026hitl_7100]  01 0f 00 00 0c 5f d9 ff fc 9e 00 5a 2a ff de 05 ff d6 00 16 00 23 0a
[17:28:00.284] PACKET[TCP_prs2026hitl_7100] sensors: status=3840, uptime=810969, filtered_accel=[-0.03464, 0.92328, -0.34796], gyro=[-2.94, 1.54, 2.45]
[17:28:00.386] RX[TCP_prs2026hitl_7100]  01 0f 00 00 0c 60 3d ff fc 92 00 5a 37 ff de 12 ff d6 00 15 00 25 0a 02 10 00 00 0c 60 3d 00 00 00 00 00 00 00 00 00 00 00 00 00 00 00 00 00 00 00 00 00 00 00 00 00 00 00 00 00 00 00 00 00 00
[17:28:00.395] PACKET[TCP_prs2026hitl_7100] sensors: status=3840, uptime=811069, filtered_accel=[-0.03512, 0.9238, -0.34744], gyro=[-2.94, 1.47, 2.59]
[17:28:00.447] RX[TCP_prs2026hitl_7100]  00 00 00 00 00 00 00 00 00 00 00 00 00 00 00 00 43 52 d7 c8 13 48 0a ff 01 00 00 0c 60 3d 0a
[17:28:00.453] PACKET[TCP_prs2026hitl_7100] state: status=4096, uptime=811069, orientation=[0.0, 0.0, 0.0, 0.0], position=[0.0, 0.0, 0.0], velocity=[0.0, 0.0, 0.0], latitude=0.0, longitude=0.0, gps_altitude=0.0, barometric_altitude=210.842896, witness_battery_voltage=4.936
[17:28:00.457] PACKET[TCP_prs2026hitl_7100] heartbeat: status=256, uptime=811069
[17:28:00.558] RX[TCP_prs2026hitl_7100]  01 0b 00 00 0c 60 a1 ff fc 79 00 5a 43 ff de 12 ff d6 00 17 00 23 0a
[17:28:00.563] PACKET[TCP_prs2026hitl_7100] sensors: status=2816, uptime=811169, filtered_accel=[-0.03612, 0.92428, -0.34744], gyro=[-2.94, 1.61, 2.45]
[17:28:00.664] RX[TCP_prs2026hitl_7100]  01 0b 00 00 0c 61 05 ff fc 85 00 5a 2a ff de 05 ff d7 00 16 00 23 0a
[17:28:00.671] PACKET[TCP_prs2026hitl_7100] sensors: status=2816, uptime=811269, filtered_accel=[-0.03564, 0.92328, -0.34796], gyro=[-2.87, 1.54, 2.45]
[17:28:00.721] RX[TCP_prs2026hitl_7100]  01 0b 00 00 0c 61 69 ff fc 92 00 5a 43 ff de 05 ff d7 00 14 00 25 0a
[17:28:00.726] PACKET[TCP_prs2026hitl_7100] sensors: status=2816, uptime=811369, filtered_accel=[-0.03512, 0.92428, -0.34796], gyro=[-2.87, 1.4, 2.59]
[17:28:00.827] RX[TCP_prs2026hitl_7100]  01 0f 00 00 0c 61 cd ff fc 9e 00 5a 37 ff dd f9 ff d6 00 15 00 24 0a
[17:28:00.833] PACKET[TCP_prs2026hitl_7100] sensors: status=3840, uptime=811469, filtered_accel=[-0.03464, 0.9238, -0.34844], gyro=[-2.94, 1.47, 2.52]
[17:28:00.884] RX[TCP_prs2026hitl_7100]  01 0f 00 00 0c 62 31 ff fc 9e 00 5a 43 ff de 12 ff d6 00 17 00 22 0a
[17:28:00.891] PACKET[TCP_prs2026hitl_7100] sensors: status=3840, uptime=811569, filtered_accel=[-0.03464, 0.92428, -0.34744], gyro=[-2.94, 1.61, 2.38]
[17:28:00.992] RX[TCP_prs2026hitl_7100]  01 0f 00 00 0c 62 95 ff fc 79 00 5a 2a ff dd f9 ff d7 00 15 00 24 0a
[17:28:00.997] PACKET[TCP_prs2026hitl_7100] sensors: status=3840, uptime=811669, filtered_accel=[-0.03612, 0.92328, -0.34844], gyro=[-2.87, 1.47, 2.52]
[17:28:01.099] RX[TCP_prs2026hitl_7100]  01 0f 00 00 0c 62 f9 ff fc 9e 00 5a 37 ff de 05 ff d6 00 15 00 25 0a
[17:28:01.104] PACKET[TCP_prs2026hitl_7100] sensors: status=3840, uptime=811769, filtered_accel=[-0.03464, 0.9238, -0.34796], gyro=[-2.94, 1.47, 2.59]
[17:28:01.105] RX[TCP_prs2026hitl_7101]  03 00 00 00 00 00 00 00 00 00 0e 38 ad 00 00 00 13 90 0a
[17:28:01.110] PACKET[TCP_prs2026hitl_7101] camera: fc_status=0, fc_uptime=0, status=0, uptime=932013, current_sense=[0.0, 0.0, 0.0], iris_battery_voltage=5.008
[17:28:01.161] RX[TCP_prs2026hitl_7100]  01 0b 00 00 0c 63 5d ff fc 92 00 5a 37 ff de 05 ff d7 00 15 00 25 0a
[17:28:01.165] PACKET[TCP_prs2026hitl_7100] sensors: status=2816, uptime=811869, filtered_accel=[-0.03512, 0.9238, -0.34796], gyro=[-2.87, 1.47, 2.59]
[17:28:01.266] RX[TCP_prs2026hitl_7100]  01 0b 00 00 0c 63 c1 ff fc 9e 00 5a 43 ff dd f9 ff d5 00 16 00 23 0a
[17:28:01.271] PACKET[TCP_prs2026hitl_7100] sensors: status=2816, uptime=811969, filtered_accel=[-0.03464, 0.92428, -0.34844], gyro=[-3.01, 1.54, 2.45]
[17:28:01.372] RX[TCP_prs2026hitl_7100]  01 0b 00 00 0c 64 25 ff fc 92 00 5a 43 ff de 12 ff d7 00 15 00 25 0a 02 10 00 00 0c 64 25 00 00 00 00 00 00 00 00 00 00 00 00 00 00 00 00 00 00 00 00 00 00 00 00 00 00 00 00 00 00 00 00 00 00
[17:28:01.378] PACKET[TCP_prs2026hitl_7100] sensors: status=2816, uptime=812069, filtered_accel=[-0.03512, 0.92428, -0.34744], gyro=[-2.87, 1.47, 2.59]
[17:28:01.529] RX[TCP_prs2026hitl_7100]  00 00 00 00 00 00 00 00 00 00 00 00 00 00 00 00 43 53 18 b7 13 50 0a ff 00 00 00 0c 64 25 0a
[17:28:01.536] PACKET[TCP_prs2026hitl_7100] state: status=4096, uptime=812069, orientation=[0.0, 0.0, 0.0, 0.0], position=[0.0, 0.0, 0.0], velocity=[0.0, 0.0, 0.0], latitude=0.0, longitude=0.0, gps_altitude=0.0, barometric_altitude=211.096542, witness_battery_voltage=4.944
[17:28:01.542] PACKET[TCP_prs2026hitl_7100] heartbeat: status=0, uptime=812069
[17:28:01.644] RX[TCP_prs2026hitl_7100]  01 0f 00 00 0c 64 89 ff fc 92 00 5a 37 ff dd f9 ff d7 00 15 00 26 0a 01 0f 00 00 0c 64 ed ff fc 92 00 5a 37 ff de 05 ff d6 00 17 00 22 0a
[17:28:01.648] PACKET[TCP_prs2026hitl_7100] sensors: status=3840, uptime=812169, filtered_accel=[-0.03512, 0.9238, -0.34844], gyro=[-2.87, 1.47, 2.66]
[17:28:01.652] PACKET[TCP_prs2026hitl_7100] sensors: status=3840, uptime=812269, filtered_accel=[-0.03512, 0.9238, -0.34796], gyro=[-2.94, 1.61, 2.38]
[17:28:01.753] RX[TCP_prs2026hitl_7100]  01 0f 00 00 0c 65 51 ff fc 79 00 5a 43 ff dd f9 ff d6 00 16 00 24 0a
[17:28:01.759] PACKET[TCP_prs2026hitl_7100] sensors: status=3840, uptime=812369, filtered_accel=[-0.03612, 0.92428, -0.34844], gyro=[-2.94, 1.54, 2.52]
[17:28:01.810] RX[TCP_prs2026hitl_7100]  01 0f 00 00 0c 65 b5 ff fc 92 00 5a 37 ff de 12 ff d7 00 15 00 24 0a
[17:28:01.815] PACKET[TCP_prs2026hitl_7100] sensors: status=3840, uptime=812469, filtered_accel=[-0.03512, 0.9238, -0.34744], gyro=[-2.87, 1.47, 2.52]
[17:28:01.867] RX[TCP_prs2026hitl_7100]  01 0b 00 00 0c 66 19 ff fc 92 00 5a 43 ff de 12 ff d6 00 17 00 23 0a
[17:28:01.872] PACKET[TCP_prs2026hitl_7100] sensors: status=2816, uptime=812569, filtered_accel=[-0.03512, 0.92428, -0.34744], gyro=[-2.94, 1.61, 2.45]
[17:28:01.973] RX[TCP_prs2026hitl_7100]  01 0b 00 00 0c 66 7d ff fc 92 00 5a 37 ff de 12 ff d6 00 16 00 23 0a
[17:28:01.979] PACKET[TCP_prs2026hitl_7100] sensors: status=2816, uptime=812669, filtered_accel=[-0.03512, 0.9238, -0.34744], gyro=[-2.94, 1.54, 2.45]
[17:28:02.081] RX[TCP_prs2026hitl_7100]  01 0b 00 00 0c 66 e1 ff fc 85 00 5a 37 ff dd f9 ff d7 00 15 00 24 0a
[17:28:02.089] PACKET[TCP_prs2026hitl_7100] sensors: status=2816, uptime=812769, filtered_accel=[-0.03564, 0.9238, -0.34844], gyro=[-2.87, 1.47, 2.52]
[17:28:02.140] RX[TCP_prs2026hitl_7101]  03 00 00 00 00 00 00 00 00 00 0e 3c 95 00 00 00 13 90 0a
[17:28:02.148] PACKET[TCP_prs2026hitl_7101] camera: fc_status=0, fc_uptime=0, status=0, uptime=933013, current_sense=[0.0, 0.0, 0.0], iris_battery_voltage=5.008
[17:28:02.199] RX[TCP_prs2026hitl_7100]  01 0f 00 00 0c 67 45 ff fc 92 00 5a 43 ff de 12 ff d7 00 15 00 26 0a
[17:28:02.203] PACKET[TCP_prs2026hitl_7100] sensors: status=3840, uptime=812869, filtered_accel=[-0.03512, 0.92428, -0.34744], gyro=[-2.87, 1.47, 2.66]
[17:28:02.304] RX[TCP_prs2026hitl_7100]  01 0f 00 00 0c 67 a9 ff fc 92 00 5a 43 ff de 2a ff d5 00 17 00 22 0a
[17:28:02.310] PACKET[TCP_prs2026hitl_7100] sensors: status=3840, uptime=812969, filtered_accel=[-0.03512, 0.92428, -0.34648], gyro=[-3.01, 1.61, 2.38]
[17:28:02.411] RX[TCP_prs2026hitl_7100]  01 0f 00 00 0c 68 0d ff fc 85 00 5a 43 ff de 12 ff d6 00 16 00 24 0a 02 10 00 00 0c 68 0d 00 00 00 00 00 00 00 00 00 00 00 00 00 00 00 00 00 00 00 00 00 00 00 00 00 00 00 00 00 00 00 00 00 00
[17:28:02.419] PACKET[TCP_prs2026hitl_7100] sensors: status=3840, uptime=813069, filtered_accel=[-0.03564, 0.92428, -0.34744], gyro=[-2.94, 1.54, 2.52]
[17:28:02.471] RX[TCP_prs2026hitl_7100]  00 00 00 00 00 00 00 00 00 00 00 00 00 00 00 00 43 52 c1 75 13 40 0a ff 01 00 00 0c 68 0d 0a
[17:28:02.477] PACKET[TCP_prs2026hitl_7100] state: status=4096, uptime=813069, orientation=[0.0, 0.0, 0.0, 0.0], position=[0.0, 0.0, 0.0], velocity=[0.0, 0.0, 0.0], latitude=0.0, longitude=0.0, gps_altitude=0.0, barometric_altitude=210.755692, witness_battery_voltage=4.928
[17:28:02.481] PACKET[TCP_prs2026hitl_7100] heartbeat: status=256, uptime=813069
[17:28:02.533] RX[TCP_prs2026hitl_7100]  01 0f 00 00 0c 68 71 ff fc 92 00 5a 37 ff de 05 ff d7 00 14 00 26 0a
[17:28:02.538] PACKET[TCP_prs2026hitl_7100] sensors: status=3840, uptime=813169, filtered_accel=[-0.03512, 0.9238, -0.34796], gyro=[-2.87, 1.4, 2.66]
[17:28:02.639] RX[TCP_prs2026hitl_7100]  01 0b 00 00 0c 68 d5 ff fc 92 00 5a 4f ff dd f9 ff d5 00 17 00 23 0a
[17:28:02.646] PACKET[TCP_prs2026hitl_7100] sensors: status=2816, uptime=813269, filtered_accel=[-0.03512, 0.92476, -0.34844], gyro=[-3.01, 1.61, 2.45]
[17:28:02.698] RX[TCP_prs2026hitl_7100]  01 0b 00 00 0c 69 39 ff fc 85 00 5a 43 ff dd f9 ff d6 00 16 00 23 0a
[17:28:02.707] PACKET[TCP_prs2026hitl_7100] sensors: status=2816, uptime=813369, filtered_accel=[-0.03564, 0.92428, -0.34844], gyro=[-2.94, 1.54, 2.45]
[17:28:02.759] RX[TCP_prs2026hitl_7100]  01 0b 00 00 0c 69 9d ff fc 92 00 5a 37 ff de 05 ff d6 00 16 00 24 0a
[17:28:02.764] PACKET[TCP_prs2026hitl_7100] sensors: status=2816, uptime=813469, filtered_accel=[-0.03512, 0.9238, -0.34796], gyro=[-2.94, 1.54, 2.52]
[17:28:02.867] RX[TCP_prs2026hitl_7100]  01 0f 00 00 0c 6a 01 ff fc 79 00 5a 2a ff de 05 ff d7 00 15 00 25 0a
[17:28:02.871] PACKET[TCP_prs2026hitl_7100] sensors: status=3840, uptime=813569, filtered_accel=[-0.03612, 0.92328, -0.34796], gyro=[-2.87, 1.47, 2.59]
[17:28:02.972] RX[TCP_prs2026hitl_7100]  01 0f 00 00 0c 6a 65 ff fc 92 00 5a 43 ff de 12 ff d6 00 16 00 22 0a
[17:28:02.976] PACKET[TCP_prs2026hitl_7100] sensors: status=3840, uptime=813669, filtered_accel=[-0.03512, 0.92428, -0.34744], gyro=[-2.94, 1.54, 2.38]
[17:28:03.078] RX[TCP_prs2026hitl_7100]  01 0f 00 00 0c 6a c9 ff fc 92 00 5a 43 ff de 12 ff d6 00 15 00 25 0a
[17:28:03.086] PACKET[TCP_prs2026hitl_7100] sensors: status=3840, uptime=813769, filtered_accel=[-0.03512, 0.92428, -0.34744], gyro=[-2.94, 1.47, 2.59]
[17:28:03.136] RX[TCP_prs2026hitl_7101]  03 00 00 00 00 00 00 00 00 00 0e 40 7d 00 00 00 13 90 0a
[17:28:03.141] PACKET[TCP_prs2026hitl_7101] camera: fc_status=0, fc_uptime=0, status=0, uptime=934013, current_sense=[0.0, 0.0, 0.0], iris_battery_voltage=5.008
[17:28:03.192] RX[TCP_prs2026hitl_7100]  01 0f 00 00 0c 6b 2d ff fc 92 00 5a 43 ff dd f9 ff d6 00 16 00 25 0a
[17:28:03.197] PACKET[TCP_prs2026hitl_7100] sensors: status=3840, uptime=813869, filtered_accel=[-0.03512, 0.92428, -0.34844], gyro=[-2.94, 1.54, 2.59]
[17:28:03.298] RX[TCP_prs2026hitl_7100]  01 0b 00 00 0c 6b 91 ff fc 85 00 5a 43 ff de 1e ff d6 00 17 00 22 0a
[17:28:03.303] PACKET[TCP_prs2026hitl_7100] sensors: status=2816, uptime=813969, filtered_accel=[-0.03564, 0.92428, -0.34696], gyro=[-2.94, 1.61, 2.38]
[17:28:03.404] RX[TCP_prs2026hitl_7100]  01 0b 00 00 0c 6b f5 ff fc 92 00 5a 4f ff de 2a ff d5 00 17 00 23 0a 02 10 00 00 0c 6b f5 00 00 00 00 00 00 00 00 00 00 00 00 00 00 00 00 00 00 00 00 00 00 00 00 00 00 00 00 00 00 00 00 00 00
[17:28:03.409] PACKET[TCP_prs2026hitl_7100] sensors: status=2816, uptime=814069, filtered_accel=[-0.03512, 0.92476, -0.34648], gyro=[-3.01, 1.61, 2.45]
[17:28:03.460] RX[TCP_prs2026hitl_7100]  00 00 00 00 00 00 00 00 00 00 00 00 00 00 00 00 43 52 c1 75 13 54 0a ff 00 00 00 0c 6b f5 0a
[17:28:03.466] PACKET[TCP_prs2026hitl_7100] state: status=4096, uptime=814069, orientation=[0.0, 0.0, 0.0, 0.0], position=[0.0, 0.0, 0.0], velocity=[0.0, 0.0, 0.0], latitude=0.0, longitude=0.0, gps_altitude=0.0, barometric_altitude=210.755692, witness_battery_voltage=4.948
[17:28:03.471] PACKET[TCP_prs2026hitl_7100] heartbeat: status=0, uptime=814069
[17:28:03.573] RX[TCP_prs2026hitl_7100]  01 0b 00 00 0c 6c 59 ff fc 92 00 5a 43 ff de 12 ff d5 00 15 00 25 0a
[17:28:03.578] PACKET[TCP_prs2026hitl_7100] sensors: status=2816, uptime=814169, filtered_accel=[-0.03512, 0.92428, -0.34744], gyro=[-3.01, 1.47, 2.59]
[17:28:03.629] RX[TCP_prs2026hitl_7100]  01 0f 00 00 0c 6c bd ff fc 85 00 5a 4f ff de 1e ff d7 00 15 00 24 0a
[17:28:03.636] PACKET[TCP_prs2026hitl_7100] sensors: status=3840, uptime=814269, filtered_accel=[-0.03564, 0.92476, -0.34696], gyro=[-2.87, 1.47, 2.52]
[17:28:03.738] RX[TCP_prs2026hitl_7100]  01 0f 00 00 0c 6d 21 ff fc 9e 00 5a 37 ff de 05 ff d5 00 17 00 22 0a
[17:28:03.742] PACKET[TCP_prs2026hitl_7100] sensors: status=3840, uptime=814369, filtered_accel=[-0.03464, 0.9238, -0.34796], gyro=[-3.01, 1.61, 2.38]
[17:28:03.794] RX[TCP_prs2026hitl_7100]  01 0f 00 00 0c 6d 85 ff fc 92 00 5a 43 ff dd f9 ff d6 00 15 00 24 0a
[17:28:03.798] PACKET[TCP_prs2026hitl_7100] sensors: status=3840, uptime=814469, filtered_accel=[-0.03512, 0.92428, -0.34844], gyro=[-2.94, 1.47, 2.52]
[17:28:03.902] RX[TCP_prs2026hitl_7100]  01 0f 00 00 0c 6d e9 ff fc 9e 00 5a 37 ff dd f9 ff d6 00 15 00 24 0a
[17:28:03.910] PACKET[TCP_prs2026hitl_7100] sensors: status=3840, uptime=814569, filtered_accel=[-0.03464, 0.9238, -0.34844], gyro=[-2.94, 1.47, 2.52]
[17:28:03.962] RX[TCP_prs2026hitl_7100]  01 0b 00 00 0c 6e 4d ff fc 92 00 5a 43 ff de 05 ff d6 00 17 00 22 0a
[17:28:03.967] PACKET[TCP_prs2026hitl_7100] sensors: status=2816, uptime=814669, filtered_accel=[-0.03512, 0.92428, -0.34796], gyro=[-2.94, 1.61, 2.38]
[17:28:04.068] RX[TCP_prs2026hitl_7100]  01 0b 00 00 0c 6e b1 ff fc 92 00 5a 43 ff de 12 ff d6 00 16 00 24 0a
[17:28:04.073] PACKET[TCP_prs2026hitl_7100] sensors: status=2816, uptime=814769, filtered_accel=[-0.03512, 0.92428, -0.34744], gyro=[-2.94, 1.54, 2.52]
[17:28:04.124] RX[TCP_prs2026hitl_7101]  03 00 00 00 00 00 00 00 00 00 0e 44 65 00 00 00 13 94 0a
[17:28:04.129] PACKET[TCP_prs2026hitl_7101] camera: fc_status=0, fc_uptime=0, status=0, uptime=935013, current_sense=[0.0, 0.0, 0.0], iris_battery_voltage=5.012
[17:28:04.180] RX[TCP_prs2026hitl_7100]  01 0b 00 00 0c 6f 15 ff fc 85 00 5a 37 ff de 05 ff d7 00 16 00 25 0a
[17:28:04.186] PACKET[TCP_prs2026hitl_7100] sensors: status=2816, uptime=814869, filtered_accel=[-0.03564, 0.9238, -0.34796], gyro=[-2.87, 1.54, 2.59]
[17:28:04.288] RX[TCP_prs2026hitl_7100]  01 0f 00 00 0c 6f 79 ff fc 92 00 5a 37 ff de 05 ff d7 00 14 00 25 0a
[17:28:04.293] PACKET[TCP_prs2026hitl_7100] sensors: status=3840, uptime=814969, filtered_accel=[-0.03512, 0.9238, -0.34796], gyro=[-2.87, 1.4, 2.59]
[17:28:04.394] RX[TCP_prs2026hitl_7100]  01 0f 00 00 0c 6f dd ff fc 85 00 5a 4f ff de 05 ff d6 00 17 00 22 0a 02 10 00 00 0c 6f dd 00 00 00 00 00 00 00 00 00 00 00 00 00 00 00 00 00 00 00 00 00 00 00 00 00 00 00 00 00 00 00 00 00 00
[17:28:04.401] PACKET[TCP_prs2026hitl_7100] sensors: status=3840, uptime=815069, filtered_accel=[-0.03564, 0.92476, -0.34796], gyro=[-2.94, 1.61, 2.38]
[17:28:04.451] RX[TCP_prs2026hitl_7100]  00 00 00 00 00 00 00 00 00 00 00 00 00 00 00 00 43 52 c1 75 13 50 0a ff 01 00 00 0c 6f dd 0a
[17:28:04.456] PACKET[TCP_prs2026hitl_7100] state: status=4096, uptime=815069, orientation=[0.0, 0.0, 0.0, 0.0], position=[0.0, 0.0, 0.0], velocity=[0.0, 0.0, 0.0], latitude=0.0, longitude=0.0, gps_altitude=0.0, barometric_altitude=210.755692, witness_battery_voltage=4.944
[17:28:04.460] PACKET[TCP_prs2026hitl_7100] heartbeat: status=256, uptime=815069
[17:28:04.561] RX[TCP_prs2026hitl_7100]  01 0f 00 00 0c 70 41 ff fc 92 00 5a 43 ff de 05 ff d6 00 16 00 24 0a
[17:28:04.566] PACKET[TCP_prs2026hitl_7100] sensors: status=3840, uptime=815169, filtered_accel=[-0.03512, 0.92428, -0.34796], gyro=[-2.94, 1.54, 2.52]
[17:28:04.668] RX[TCP_prs2026hitl_7100]  01 0f 00 00 0c 70 a5 ff fc b6 00 5a 2a ff de 05 ff d6 00 15 00 25 0a
[17:28:04.684] PACKET[TCP_prs2026hitl_7100] sensors: status=3840, uptime=815269, filtered_accel=[-0.03368, 0.92328, -0.34796], gyro=[-2.94, 1.47, 2.59]
[17:28:04.737] RX[TCP_prs2026hitl_7100]  01 0b 00 00 0c 71 09 ff fc 85 00 5a 37 ff dd f9 ff d6 00 17 00 23 0a
[17:28:04.742] PACKET[TCP_prs2026hitl_7100] sensors: status=2816, uptime=815369, filtered_accel=[-0.03564, 0.9238, -0.34844], gyro=[-2.94, 1.61, 2.45]
[17:28:04.793] RX[TCP_prs2026hitl_7100]  01 0b 00 00 0c 71 6d ff fc 92 00 5a 1e ff dd f9 ff d6 00 16 00 23 0a
[17:28:04.799] PACKET[TCP_prs2026hitl_7100] sensors: status=2816, uptime=815469, filtered_accel=[-0.03512, 0.9228, -0.34844], gyro=[-2.94, 1.54, 2.45]
[17:28:04.900] RX[TCP_prs2026hitl_7100]  01 0b 00 00 0c 71 d1 ff fc 79 00 5a 43 ff de 12 ff d7 00 15 00 24 0a
[17:28:04.907] PACKET[TCP_prs2026hitl_7100] sensors: status=2816, uptime=815569, filtered_accel=[-0.03612, 0.92428, -0.34744], gyro=[-2.87, 1.47, 2.52]
[17:28:05.008] RX[TCP_prs2026hitl_7100]  01 0f 00 00 0c 72 35 ff fc 85 00 5a 4f ff de 5b ff d5 00 15 00 25 0a
[17:28:05.021] PACKET[TCP_prs2026hitl_7100] sensors: status=3840, uptime=815669, filtered_accel=[-0.03564, 0.92476, -0.34452], gyro=[-3.01, 1.47, 2.59]
[17:28:05.073] RX[TCP_prs2026hitl_7100]  01 0f 00 00 0c 72 99 ff fc aa 00 5a 2a ff dd f9 ff d6 00 16 00 22 0a
[17:28:05.082] PACKET[TCP_prs2026hitl_7100] sensors: status=3840, uptime=815769, filtered_accel=[-0.03416, 0.92328, -0.34844], gyro=[-2.94, 1.54, 2.38]
[17:28:05.135] RX[TCP_prs2026hitl_7101]  03 00 00 00 00 00 00 00 00 00 0e 48 4d 00 00 00 13 94 0a
[17:28:05.145] PACKET[TCP_prs2026hitl_7101] camera: fc_status=0, fc_uptime=0, status=0, uptime=936013, current_sense=[0.0, 0.0, 0.0], iris_battery_voltage=5.012
[17:28:05.196] RX[TCP_prs2026hitl_7100]  01 0f 00 00 0c 72 fd ff fc 6d 00 5a 4f ff de 5b ff d8 00 15 00 24 0a
[17:28:05.201] PACKET[TCP_prs2026hitl_7100] sensors: status=3840, uptime=815869, filtered_accel=[-0.0366, 0.92476, -0.34452], gyro=[-2.8, 1.47, 2.52]
[17:28:05.302] RX[TCP_prs2026hitl_7100]  01 0f 00 00 0c 73 61 ff fc 85 00 5a 74 ff de 05 ff d8 00 15 00 25 0a
[17:28:05.312] PACKET[TCP_prs2026hitl_7100] sensors: status=3840, uptime=815969, filtered_accel=[-0.03564, 0.92624, -0.34796], gyro=[-2.8, 1.47, 2.59]
[17:28:05.413] RX[TCP_prs2026hitl_7100]  01 0b 00 00 0c 73 c5 ff fc 92 00 5a 43 ff de 36 ff d7 00 18 00 23 0a 02 10 00 00 0c 73 c5 00 00 00 00 00 00 00 00 00 00 00 00 00 00 00 00 00 00 00 00 00 00 00 00 00 00 00 00 00 00 00 00 00 00
[17:28:05.422] PACKET[TCP_prs2026hitl_7100] sensors: status=2816, uptime=816069, filtered_accel=[-0.03512, 0.92428, -0.346], gyro=[-2.87, 1.68, 2.45]
[17:28:05.472] RX[TCP_prs2026hitl_7100]  00 00 00 00 00 00 00 00 00 00 00 00 00 00 00 00 43 52 c1 75 13 50 0a ff 00 00 00 0c 73 c5 0a
[17:28:05.477] PACKET[TCP_prs2026hitl_7100] state: status=4096, uptime=816069, orientation=[0.0, 0.0, 0.0, 0.0], position=[0.0, 0.0, 0.0], velocity=[0.0, 0.0, 0.0], latitude=0.0, longitude=0.0, gps_altitude=0.0, barometric_altitude=210.755692, witness_battery_voltage=4.944
[17:28:05.480] PACKET[TCP_prs2026hitl_7100] heartbeat: status=0, uptime=816069
[17:28:05.581] RX[TCP_prs2026hitl_7100]  01 0b 00 00 0c 74 29 ff fc 92 00 5a 43 ff dd ed ff d7 00 17 00 23 0a
[17:28:05.587] PACKET[TCP_prs2026hitl_7100] sensors: status=2816, uptime=816169, filtered_accel=[-0.03512, 0.92428, -0.34892], gyro=[-2.87, 1.61, 2.45]
[17:28:05.639] RX[TCP_prs2026hitl_7100]  01 0b 00 00 0c 74 8d ff fc b6 00 5a 37 ff de 73 ff d6 00 14 00 24 0a
[17:28:05.645] PACKET[TCP_prs2026hitl_7100] sensors: status=2816, uptime=816269, filtered_accel=[-0.03368, 0.9238, -0.34356], gyro=[-2.94, 1.4, 2.52]
[17:28:05.747] RX[TCP_prs2026hitl_7100]  01 0f 00 00 0c 74 f1 ff fc c2 00 5a 1e ff de 12 ff d6 00 14 00 25 0a
[17:28:05.758] PACKET[TCP_prs2026hitl_7100] sensors: status=3840, uptime=816369, filtered_accel=[-0.0332, 0.9228, -0.34744], gyro=[-2.94, 1.4, 2.59]
[17:28:05.811] RX[TCP_prs2026hitl_7100]  01 0f 00 00 0c 75 55 ff fc 85 00 5a 37 ff de 1e ff d6 00 17 00 22 0a
[17:28:05.817] PACKET[TCP_prs2026hitl_7100] sensors: status=3840, uptime=816469, filtered_accel=[-0.03564, 0.9238, -0.34696], gyro=[-2.94, 1.61, 2.38]
[17:28:05.920] RX[TCP_prs2026hitl_7100]  01 0f 00 00 0c 75 b9 ff fc 6d 00 5a 37 ff dd ed ff d5 00 16 00 24 0a
[17:28:05.929] PACKET[TCP_prs2026hitl_7100] sensors: status=3840, uptime=816569, filtered_accel=[-0.0366, 0.9238, -0.34892], gyro=[-3.01, 1.54, 2.52]
[17:28:05.981] RX[TCP_prs2026hitl_7100]  01 0f 00 00 0c 76 1d ff fc 79 00 5a 2a ff de 36 ff d6 00 16 00 23 0a
[17:28:05.992] PACKET[TCP_prs2026hitl_7100] sensors: status=3840, uptime=816669, filtered_accel=[-0.03612, 0.92328, -0.346], gyro=[-2.94, 1.54, 2.45]
[17:28:06.095] RX[TCP_prs2026hitl_7100]  01 0b 00 00 0c 76 81 ff fc 6d 00 5a 2a ff de 1e ff d6 00 17 00 23 0a
[17:28:06.108] PACKET[TCP_prs2026hitl_7100] sensors: status=2816, uptime=816769, filtered_accel=[-0.0366, 0.92328, -0.34696], gyro=[-2.94, 1.61, 2.45]
[17:28:06.109] RX[TCP_prs2026hitl_7101]  03 00 00 00 00 00 00 00 00 00 0e 4c 35 00 00 00 13 94 0a
[17:28:06.115] PACKET[TCP_prs2026hitl_7101] camera: fc_status=0, fc_uptime=0, status=0, uptime=937013, current_sense=[0.0, 0.0, 0.0], iris_battery_voltage=5.012
[17:28:06.168] RX[TCP_prs2026hitl_7100]  01 0b 00 00 0c 76 e5 ff fc 92 00 5a 12 ff de 42 ff d6 00 16 00 24 0a
[17:28:06.173] PACKET[TCP_prs2026hitl_7100] sensors: status=2816, uptime=816869, filtered_accel=[-0.03512, 0.92232, -0.34552], gyro=[-2.94, 1.54, 2.52]
[17:28:06.275] RX[TCP_prs2026hitl_7100]  01 0b 00 00 0c 77 49 ff fc 85 00 5a 4f ff de 2a ff d6 00 15 00 24 0a
[17:28:06.279] PACKET[TCP_prs2026hitl_7100] sensors: status=2816, uptime=816969, filtered_accel=[-0.03564, 0.92476, -0.34648], gyro=[-2.94, 1.47, 2.52]
[17:28:06.380] RX[TCP_prs2026hitl_7100]  01 0f 00 00 0c 77 ad ff fc 92 00 5a 37 ff de 1e ff d6 00 15 00 25 0a 02 10 00 00 0c 77 ad 00 00 00 00 00 00 00 00 00 00 00 00 00 00 00 00 00 00 00 00 00 00 00 00 00 00 00 00 00 00 00 00 00 00
[17:28:06.387] PACKET[TCP_prs2026hitl_7100] sensors: status=3840, uptime=817069, filtered_accel=[-0.03512, 0.9238, -0.34696], gyro=[-2.94, 1.47, 2.59]
[17:28:06.490] RX[TCP_prs2026hitl_7100]  00 00 00 00 00 00 00 00 00 00 00 00 00 00 00 00 43 52 96 2b 13 50 0a ff 01 00 00 0c 77 ad 0a
[17:28:06.495] PACKET[TCP_prs2026hitl_7100] state: status=4096, uptime=817069, orientation=[0.0, 0.0, 0.0, 0.0], position=[0.0, 0.0, 0.0], velocity=[0.0, 0.0, 0.0], latitude=0.0, longitude=0.0, gps_altitude=0.0, barometric_altitude=210.586594, witness_battery_voltage=4.944
[17:28:06.499] PACKET[TCP_prs2026hitl_7100] heartbeat: status=256, uptime=817069
[17:28:06.550] RX[TCP_prs2026hitl_7100]  01 0f 00 00 0c 78 11 ff fc aa 00 5a 4f ff dd e1 ff d5 00 17 00 23 0a
[17:28:06.554] PACKET[TCP_prs2026hitl_7100] sensors: status=3840, uptime=817169, filtered_accel=[-0.03416, 0.92476, -0.3494], gyro=[-3.01, 1.61, 2.45]
[17:28:06.655] RX[TCP_prs2026hitl_7100]  01 0f 00 00 0c 78 75 ff fc 9e 00 5a 37 ff de 1e ff d6 00 16 00 25 0a
[17:28:06.661] PACKET[TCP_prs2026hitl_7100] sensors: status=3840, uptime=817269, filtered_accel=[-0.03464, 0.9238, -0.34696], gyro=[-2.94, 1.54, 2.59]
[17:28:06.763] RX[TCP_prs2026hitl_7100]  01 0f 00 00 0c 78 d9 ff fc aa 00 5a 67 ff dd a4 ff d7 00 15 00 25 0a
[17:28:06.768] PACKET[TCP_prs2026hitl_7100] sensors: status=3840, uptime=817369, filtered_accel=[-0.03416, 0.92572, -0.35184], gyro=[-2.87, 1.47, 2.59]
[17:28:06.819] RX[TCP_prs2026hitl_7100]  01 0b 00 00 0c 79 3d ff fc b6 00 5a 37 ff de 12 ff d6 00 17 00 22 0a
[17:28:06.832] PACKET[TCP_prs2026hitl_7100] sensors: status=2816, uptime=817469, filtered_accel=[-0.03368, 0.9238, -0.34744], gyro=[-2.94, 1.61, 2.38]
[17:28:06.884] RX[TCP_prs2026hitl_7100]  01 0b 00 00 0c 79 a1 ff fc 79 00 5a 67 ff dd e1 ff d7 00 16 00 24 0a
[17:28:06.888] PACKET[TCP_prs2026hitl_7100] sensors: status=2816, uptime=817569, filtered_accel=[-0.03612, 0.92572, -0.3494], gyro=[-2.87, 1.54, 2.52]
[17:28:06.989] RX[TCP_prs2026hitl_7100]  01 0b 00 00 0c 7a 05 ff fc 92 00 5a 37 ff dd e1 ff d8 00 16 00 24 0a
[17:28:06.994] PACKET[TCP_prs2026hitl_7100] sensors: status=2816, uptime=817669, filtered_accel=[-0.03512, 0.9238, -0.3494], gyro=[-2.8, 1.54, 2.52]
[17:28:07.095] RX[TCP_prs2026hitl_7100]  01 0f 00 00 0c 7a 69 ff fc aa 00 5a 1e ff dd ed ff d6 00 15 00 25 0a
[17:28:07.100] PACKET[TCP_prs2026hitl_7100] sensors: status=3840, uptime=817769, filtered_accel=[-0.03416, 0.9228, -0.34892], gyro=[-2.94, 1.47, 2.59]
[17:28:07.150] RX[TCP_prs2026hitl_7101]  03 00 00 00 00 00 00 00 00 00 0e 50 1d 00 00 00 13 94 0a
[17:28:07.155] PACKET[TCP_prs2026hitl_7101] camera: fc_status=0, fc_uptime=0, status=0, uptime=938013, current_sense=[0.0, 0.0, 0.0], iris_battery_voltage=5.012
[17:28:07.206] RX[TCP_prs2026hitl_7100]  01 0f 00 00 0c 7a cd ff fc 85 00 5a 43 ff de 2a ff d6 00 17 00 22 0a
[17:28:07.217] PACKET[TCP_prs2026hitl_7100] sensors: status=3840, uptime=817869, filtered_accel=[-0.03564, 0.92428, -0.34648], gyro=[-2.94, 1.61, 2.38]
[17:28:07.269] RX[TCP_prs2026hitl_7100]  01 0f 00 00 0c 7b 31 ff fc 92 00 5a 37 ff de 42 ff d7 00 15 00 24 0a
[17:28:07.290] PACKET[TCP_prs2026hitl_7100] sensors: status=3840, uptime=817969, filtered_accel=[-0.03512, 0.9238, -0.34552], gyro=[-2.87, 1.47, 2.52]
[17:28:07.391] RX[TCP_prs2026hitl_7100]  01 0f 00 00 0c 7b 95 ff fc 92 00 5a 2a ff de 36 ff d6 00 15 00 24 0a 02 10 00 00 0c 7b 95 00 00 00 00 00 00 00 00 00 00 00 00 00 00 00 00 00 00 00 00 00 00 00 00 00 00 00 00 00 00 00 00 00 00
[17:28:07.400] PACKET[TCP_prs2026hitl_7100] sensors: status=3840, uptime=818069, filtered_accel=[-0.03512, 0.92328, -0.346], gyro=[-2.94, 1.47, 2.52]
[17:28:07.452] RX[TCP_prs2026hitl_7100]  00 00 00 00 00 00 00 00 00 00 00 00 00 00 00 00 43 52 d7 c8 13 50 0a ff 00 00 00 0c 7b 95 0a
[17:28:07.457] PACKET[TCP_prs2026hitl_7100] state: status=4096, uptime=818069, orientation=[0.0, 0.0, 0.0, 0.0], position=[0.0, 0.0, 0.0], velocity=[0.0, 0.0, 0.0], latitude=0.0, longitude=0.0, gps_altitude=0.0, barometric_altitude=210.842896, witness_battery_voltage=4.944
[17:28:07.461] PACKET[TCP_prs2026hitl_7100] heartbeat: status=0, uptime=818069
[17:28:07.562] RX[TCP_prs2026hitl_7100]  01 0b 00 00 0c 7b f9 ff fc 6d 00 5a 4f ff dd d5 ff d6 00 18 00 22 0a
[17:28:07.573] PACKET[TCP_prs2026hitl_7100] sensors: status=2816, uptime=818169, filtered_accel=[-0.0366, 0.92476, -0.34988], gyro=[-2.94, 1.68, 2.38]
[17:28:07.675] RX[TCP_prs2026hitl_7100]  01 0b 00 00 0c 7c 5d ff fc 9e 00 5a 5b ff de 05 ff d6 00 16 00 24 0a 01 0b 00 00 0c 7c c1 ff fc 92 00 5a 4f ff de 12 ff d6 00 15 00 24 0a
[17:28:07.688] PACKET[TCP_prs2026hitl_7100] sensors: status=2816, uptime=818269, filtered_accel=[-0.03464, 0.92524, -0.34796], gyro=[-2.94, 1.54, 2.52]
[17:28:07.693] PACKET[TCP_prs2026hitl_7100] sensors: status=2816, uptime=818369, filtered_accel=[-0.03512, 0.92476, -0.34744], gyro=[-2.94, 1.47, 2.52]
[17:28:07.795] RX[TCP_prs2026hitl_7100]  01 0f 00 00 0c 7d 25 ff fc 79 00 5a 5b ff de 2a ff d6 00 15 00 25 0a
[17:28:07.801] PACKET[TCP_prs2026hitl_7100] sensors: status=3840, uptime=818469, filtered_accel=[-0.03612, 0.92524, -0.34648], gyro=[-2.94, 1.47, 2.59]
[17:28:07.904] RX[TCP_prs2026hitl_7100]  01 0f 00 00 0c 7d 89 ff fc 9e 00 5a 1e ff de 2a ff d7 00 17 00 22 0a
[17:28:07.909] PACKET[TCP_prs2026hitl_7100] sensors: status=3840, uptime=818569, filtered_accel=[-0.03464, 0.9228, -0.34648], gyro=[-2.87, 1.61, 2.38]
[17:28:08.011] RX[TCP_prs2026hitl_7100]  01 0f 00 00 0c 7d ed ff fc 92 00 5a 37 ff dd bc ff d7 00 15 00 24 0a
[17:28:08.015] PACKET[TCP_prs2026hitl_7100] sensors: status=3840, uptime=818669, filtered_accel=[-0.03512, 0.9238, -0.35088], gyro=[-2.87, 1.47, 2.52]
[17:28:08.066] RX[TCP_prs2026hitl_7100]  01 0f 00 00 0c 7e 51 ff fc 9e 00 5a 37 ff de 36 ff d6 00 15 00 24 0a
[17:28:08.071] PACKET[TCP_prs2026hitl_7100] sensors: status=3840, uptime=818769, filtered_accel=[-0.03464, 0.9238, -0.346], gyro=[-2.94, 1.47, 2.52]
[17:28:08.123] RX[TCP_prs2026hitl_7101]  03 00 00 00 00 00 00 00 00 00 0e 54 05 00 00 00 13 94 0a
[17:28:08.128] PACKET[TCP_prs2026hitl_7101] camera: fc_status=0, fc_uptime=0, status=0, uptime=939013, current_sense=[0.0, 0.0, 0.0], iris_battery_voltage=5.012
[17:28:08.179] RX[TCP_prs2026hitl_7100]  01 0b 00 00 0c 7e b5 ff fc aa 00 5a 43 ff de 12 ff d4 00 19 00 21 0a
[17:28:08.184] PACKET[TCP_prs2026hitl_7100] sensors: status=2816, uptime=818869, filtered_accel=[-0.03416, 0.92428, -0.34744], gyro=[-3.08, 1.75, 2.31]
[17:28:08.285] RX[TCP_prs2026hitl_7100]  01 0b 00 00 0c 7f 19 ff fc 9e 00 5a 4f ff de 2a ff d6 00 16 00 23 0a
[17:28:08.290] PACKET[TCP_prs2026hitl_7100] sensors: status=2816, uptime=818969, filtered_accel=[-0.03464, 0.92476, -0.34648], gyro=[-2.94, 1.54, 2.45]
[17:28:08.391] RX[TCP_prs2026hitl_7100]  01 0b 00 00 0c 7f 7d ff fc 9e 00 5a 37 ff de 1e ff d7 00 15 00 25 0a 02 10 00 00 0c 7f 7d 00 00 00 00 00 00 00 00 00 00 00 00 00 00 00 00 00 00 00 00 00 00 00 00 00 00 00 00 00 00 00 00 00 00
[17:28:08.402] PACKET[TCP_prs2026hitl_7100] sensors: status=2816, uptime=819069, filtered_accel=[-0.03464, 0.9238, -0.34696], gyro=[-2.87, 1.47, 2.59]
[17:28:08.454] RX[TCP_prs2026hitl_7100]  00 00 00 00 00 00 00 00 00 00 00 00 00 00 00 00 43 52 d7 c8 13 50 0a ff 01 00 00 0c 7f 7d 0a
[17:28:08.459] PACKET[TCP_prs2026hitl_7100] state: status=4096, uptime=819069, orientation=[0.0, 0.0, 0.0, 0.0], position=[0.0, 0.0, 0.0], velocity=[0.0, 0.0, 0.0], latitude=0.0, longitude=0.0, gps_altitude=0.0, barometric_altitude=210.842896, witness_battery_voltage=4.944
[17:28:08.463] PACKET[TCP_prs2026hitl_7100] heartbeat: status=256, uptime=819069
[17:28:08.568] RX[TCP_prs2026hitl_7100]  01 0f 00 00 0c 7f e1 ff fc 9e 00 5a 67 ff de 1e ff d6 00 15 00 26 0a
[17:28:08.575] PACKET[TCP_prs2026hitl_7100] sensors: status=3840, uptime=819169, filtered_accel=[-0.03464, 0.92572, -0.34696], gyro=[-2.94, 1.47, 2.66]
[17:28:08.626] RX[TCP_prs2026hitl_7100]  01 0f 00 00 0c 80 45 ff fc 9e 00 5a 2a ff dd ed ff d6 00 16 00 22 0a
[17:28:08.630] PACKET[TCP_prs2026hitl_7100] sensors: status=3840, uptime=819269, filtered_accel=[-0.03464, 0.92328, -0.34892], gyro=[-2.94, 1.54, 2.38]
[17:28:08.683] RX[TCP_prs2026hitl_7100]  01 0f 00 00 0c 80 a9 ff fc b6 00 5a 4f ff dd ed ff d7 00 15 00 24 0a
[17:28:08.690] PACKET[TCP_prs2026hitl_7100] sensors: status=3840, uptime=819369, filtered_accel=[-0.03368, 0.92476, -0.34892], gyro=[-2.87, 1.47, 2.52]
[17:28:08.792] RX[TCP_prs2026hitl_7100]  01 0f 00 00 0c 81 0d ff fc 9e 00 5a 2a ff de 42 ff d3 00 14 00 24 0a
[17:28:08.798] PACKET[TCP_prs2026hitl_7100] sensors: status=3840, uptime=819469, filtered_accel=[-0.03464, 0.92328, -0.34552], gyro=[-3.15, 1.4, 2.52]
[17:28:08.899] RX[TCP_prs2026hitl_7100]  01 0b 00 00 0c 81 71 ff fc b6 00 5a 2a ff dd c8 ff d4 00 17 00 23 0a
[17:28:08.904] PACKET[TCP_prs2026hitl_7100] sensors: status=2816, uptime=819569, filtered_accel=[-0.03368, 0.92328, -0.3504], gyro=[-3.08, 1.61, 2.45]
[17:28:09.007] RX[TCP_prs2026hitl_7100]  01 0b 00 00 0c 81 d5 ff fc 9e 00 5a 43 ff dd f9 ff d6 00 15 00 24 0a
[17:28:09.010] PACKET[TCP_prs2026hitl_7100] sensors: status=2816, uptime=819669, filtered_accel=[-0.03464, 0.92428, -0.34844], gyro=[-2.94, 1.47, 2.52]
[17:28:09.111] RX[TCP_prs2026hitl_7100]  01 0b 00 00 0c 82 39 ff fc 6d 00 5a 98 ff de 1e ff d5 00 15 00 25 0a
[17:28:09.117] PACKET[TCP_prs2026hitl_7100] sensors: status=2816, uptime=819769, filtered_accel=[-0.0366, 0.92768, -0.34696], gyro=[-3.01, 1.47, 2.59]
[17:28:09.118] RX[TCP_prs2026hitl_7101]  03 00 00 00 00 00 00 00 00 00 0e 57 ed 00 00 00 13 90 0a
[17:28:09.123] PACKET[TCP_prs2026hitl_7101] camera: fc_status=0, fc_uptime=0, status=0, uptime=940013, current_sense=[0.0, 0.0, 0.0], iris_battery_voltage=5.008
[17:28:09.174] RX[TCP_prs2026hitl_7100]  01 0f 00 00 0c 82 9d ff fc 92 00 5a 43 ff de 42 ff d6 00 15 00 25 0a
[17:28:09.179] PACKET[TCP_prs2026hitl_7100] sensors: status=3840, uptime=819869, filtered_accel=[-0.03512, 0.92428, -0.34552], gyro=[-2.94, 1.47, 2.59]
[17:28:09.281] RX[TCP_prs2026hitl_7100]  01 0f 00 00 0c 83 01 ff fc 92 00 5a 5b ff de 4f ff d5 00 16 00 23 0a
[17:28:09.285] PACKET[TCP_prs2026hitl_7100] sensors: status=3840, uptime=819969, filtered_accel=[-0.03512, 0.92524, -0.345], gyro=[-3.01, 1.54, 2.45]
[17:28:09.387] RX[TCP_prs2026hitl_7100]  01 0f 00 00 0c 83 65 ff fc aa 00 5a 1e ff dd ed ff d7 00 16 00 24 0a 02 10 00 00 0c 83 65 00 00 00 00 00 00 00 00 00 00 00 00 00 00 00 00 00 00 00 00 00 00 00 00 00 00 00 00 00 00 00 00 00 00
[17:28:09.395] PACKET[TCP_prs2026hitl_7100] sensors: status=3840, uptime=820069, filtered_accel=[-0.03416, 0.9228, -0.34892], gyro=[-2.87, 1.54, 2.52]
[17:28:09.498] RX[TCP_prs2026hitl_7100]  00 00 00 00 00 00 00 00 00 00 00 00 00 00 00 00 43 52 d7 c8 13 50 0a ff 00 00 00 0c 83 65 0a
[17:28:09.503] PACKET[TCP_prs2026hitl_7100] state: status=4096, uptime=820069, orientation=[0.0, 0.0, 0.0, 0.0], position=[0.0, 0.0, 0.0], velocity=[0.0, 0.0, 0.0], latitude=0.0, longitude=0.0, gps_altitude=0.0, barometric_altitude=210.842896, witness_battery_voltage=4.944
[17:28:09.507] PACKET[TCP_prs2026hitl_7100] heartbeat: status=0, uptime=820069
[17:28:09.558] RX[TCP_prs2026hitl_7100]  01 0f 00 00 0c 83 c9 ff fc aa 00 5a 43 ff de 36 ff d6 00 15 00 25 0a
[17:28:09.568] PACKET[TCP_prs2026hitl_7100] sensors: status=3840, uptime=820169, filtered_accel=[-0.03416, 0.92428, -0.346], gyro=[-2.94, 1.47, 2.59]
[17:28:09.637] RX[TCP_prs2026hitl_7100]  01 0b 00 00 0c 84 2d ff fc aa 00 5a 67 ff dd d5 ff d5 00 17 00 22 0a
[17:28:09.645] PACKET[TCP_prs2026hitl_7100] sensors: status=2816, uptime=820269, filtered_accel=[-0.03416, 0.92572, -0.34988], gyro=[-3.01, 1.61, 2.38]
[17:28:09.752] RX[TCP_prs2026hitl_7100]  01 0b 00 00 0c 84 91 ff fc cf 00 5a 74 ff dd 5b ff d8 00 17 00 25 0a
[17:28:09.758] PACKET[TCP_prs2026hitl_7100] sensors: status=2816, uptime=820369, filtered_accel=[-0.03268, 0.92624, -0.35476], gyro=[-2.8, 1.61, 2.59]
[17:28:09.859] RX[TCP_prs2026hitl_7100]  01 0b 00 00 0c 84 f5 ff fc 9e 00 5a 43 ff de 12 ff d7 00 15 00 25 0a
[17:28:09.863] PACKET[TCP_prs2026hitl_7100] sensors: status=2816, uptime=820469, filtered_accel=[-0.03464, 0.92428, -0.34744], gyro=[-2.87, 1.47, 2.59]
[17:28:09.914] RX[TCP_prs2026hitl_7100]  01 0f 00 00 0c 85 59 ff fc 9e 00 5a 43 ff de 12 ff d6 00 16 00 24 0a
[17:28:09.920] PACKET[TCP_prs2026hitl_7100] sensors: status=3840, uptime=820569, filtered_accel=[-0.03464, 0.92428, -0.34744], gyro=[-2.94, 1.54, 2.52]
[17:28:10.022] RX[TCP_prs2026hitl_7100]  01 0f 00 00 0c 85 bd ff fc 79 00 5a 37 ff dd f9 ff d6 00 17 00 23 0a
[17:28:10.027] PACKET[TCP_prs2026hitl_7100] sensors: status=3840, uptime=820669, filtered_accel=[-0.03612, 0.9238, -0.34844], gyro=[-2.94, 1.61, 2.45]
[17:28:10.128] RX[TCP_prs2026hitl_7100]  01 0f 00 00 0c 86 21 ff fc 92 00 5a 37 ff de 12 ff d6 00 15 00 25 0a
[17:28:10.133] PACKET[TCP_prs2026hitl_7100] sensors: status=3840, uptime=820769, filtered_accel=[-0.03512, 0.9238, -0.34744], gyro=[-2.94, 1.47, 2.59]
[17:28:10.133] RX[TCP_prs2026hitl_7101]  03 00 00 00 00 00 00 00 00 00 0e 5b d5 00 00 00 13 94 0a
[17:28:10.137] PACKET[TCP_prs2026hitl_7101] camera: fc_status=0, fc_uptime=0, status=0, uptime=941013, current_sense=[0.0, 0.0, 0.0], iris_battery_voltage=5.012
[17:28:10.187] RX[TCP_prs2026hitl_7100]  01 0f 00 00 0c 86 85 ff fc 92 00 5a 43 ff de 2a ff d7 00 15 00 24 0a
[17:28:10.192] PACKET[TCP_prs2026hitl_7100] sensors: status=3840, uptime=820869, filtered_accel=[-0.03512, 0.92428, -0.34648], gyro=[-2.87, 1.47, 2.52]
[17:28:10.293] RX[TCP_prs2026hitl_7100]  01 0b 00 00 0c 86 e9 ff fc 92 00 5a 37 ff de 05 ff d6 00 18 00 22 0a
[17:28:10.298] PACKET[TCP_prs2026hitl_7100] sensors: status=2816, uptime=820969, filtered_accel=[-0.03512, 0.9238, -0.34796], gyro=[-2.94, 1.68, 2.38]
[17:28:10.400] RX[TCP_prs2026hitl_7100]  01 0b 00 00 0c 87 4d ff fc 85 00 5a 4f ff de 36 ff d5 00 16 00 23 0a 02 10 00 00 0c 87 4d 00 00 00 00 00 00 00 00 00 00 00 00 00 00 00 00 00 00 00 00 00 00 00 00 00 00 00 00 00 00 00 00 00 00
[17:28:10.404] PACKET[TCP_prs2026hitl_7100] sensors: status=2816, uptime=821069, filtered_accel=[-0.03564, 0.92476, -0.346], gyro=[-3.01, 1.54, 2.45]
[17:28:10.454] RX[TCP_prs2026hitl_7100]  00 00 00 00 00 00 00 00 00 00 00 00 00 00 00 00 43 52 c1 75 13 48 0a ff 01 00 00 0c 87 4d 0a
[17:28:10.459] PACKET[TCP_prs2026hitl_7100] state: status=4096, uptime=821069, orientation=[0.0, 0.0, 0.0, 0.0], position=[0.0, 0.0, 0.0], velocity=[0.0, 0.0, 0.0], latitude=0.0, longitude=0.0, gps_altitude=0.0, barometric_altitude=210.755692, witness_battery_voltage=4.936
[17:28:10.464] PACKET[TCP_prs2026hitl_7100] heartbeat: status=256, uptime=821069
[17:28:10.566] RX[TCP_prs2026hitl_7100]  01 0b 00 00 0c 87 b1 ff fc 85 00 5a 43 ff de 05 ff d6 00 14 00 26 0a
[17:28:10.570] PACKET[TCP_prs2026hitl_7100] sensors: status=2816, uptime=821169, filtered_accel=[-0.03564, 0.92428, -0.34796], gyro=[-2.94, 1.4, 2.66]
[17:28:10.622] RX[TCP_prs2026hitl_7100]  01 0f 00 00 0c 88 15 ff fc 92 00 5a 43 ff de 05 ff d6 00 15 00 25 0a
[17:28:10.627] PACKET[TCP_prs2026hitl_7100] sensors: status=3840, uptime=821269, filtered_accel=[-0.03512, 0.92428, -0.34796], gyro=[-2.94, 1.47, 2.59]
[17:28:10.678] RX[TCP_prs2026hitl_7100]  01 0f 00 00 0c 88 79 ff fc 9e 00 5a 37 ff de 1e ff d6 00 17 00 22 0a
[17:28:10.690] PACKET[TCP_prs2026hitl_7100] sensors: status=3840, uptime=821369, filtered_accel=[-0.03464, 0.9238, -0.34696], gyro=[-2.94, 1.61, 2.38]
[17:28:10.805] RX[TCP_prs2026hitl_7100]  01 0f 00 00 0c 88 dd ff fc 92 00 5a 37 ff dd f9 ff d7 00 16 00 24 0a
[17:28:10.813] PACKET[TCP_prs2026hitl_7100] sensors: status=3840, uptime=821469, filtered_accel=[-0.03512, 0.9238, -0.34844], gyro=[-2.87, 1.54, 2.52]
[17:28:10.915] RX[TCP_prs2026hitl_7100]  01 0f 00 00 0c 89 41 ff fc 92 00 5a 37 ff de 05 ff d6 00 15 00 24 0a
[17:28:10.921] PACKET[TCP_prs2026hitl_7100] sensors: status=3840, uptime=821569, filtered_accel=[-0.03512, 0.9238, -0.34796], gyro=[-2.94, 1.47, 2.52]
[17:28:11.022] RX[TCP_prs2026hitl_7100]  01 0b 00 00 0c 89 a5 ff fc 9e 00 5a 37 ff de 12 ff d5 00 18 00 22 0a
[17:28:11.030] PACKET[TCP_prs2026hitl_7100] sensors: status=2816, uptime=821669, filtered_accel=[-0.03464, 0.9238, -0.34744], gyro=[-3.01, 1.68, 2.38]
[17:28:11.081] RX[TCP_prs2026hitl_7100]  01 0b 00 00 0c 8a 09 ff fc 92 00 5a 37 ff dd ed ff d6 00 16 00 24 0a
[17:28:11.087] PACKET[TCP_prs2026hitl_7100] sensors: status=2816, uptime=821769, filtered_accel=[-0.03512, 0.9238, -0.34892], gyro=[-2.94, 1.54, 2.52]
[17:28:11.138] RX[TCP_prs2026hitl_7101]  03 00 00 00 00 00 00 00 00 00 0e 5f bd 00 00 00 13 94 0a
[17:28:11.146] PACKET[TCP_prs2026hitl_7101] camera: fc_status=0, fc_uptime=0, status=0, uptime=942013, current_sense=[0.0, 0.0, 0.0], iris_battery_voltage=5.012
[17:28:11.197] RX[TCP_prs2026hitl_7100]  01 0b 00 00 0c 8a 6d ff fc 85 00 5a 43 ff de 1e ff d6 00 14 00 25 0a
[17:28:11.203] PACKET[TCP_prs2026hitl_7100] sensors: status=2816, uptime=821869, filtered_accel=[-0.03564, 0.92428, -0.34696], gyro=[-2.94, 1.4, 2.59]
[17:28:11.304] RX[TCP_prs2026hitl_7100]  01 0f 00 00 0c 8a d1 ff fc 92 00 5a 43 ff de 05 ff d6 00 15 00 25 0a
[17:28:11.310] PACKET[TCP_prs2026hitl_7100] sensors: status=3840, uptime=821969, filtered_accel=[-0.03512, 0.92428, -0.34796], gyro=[-2.94, 1.47, 2.59]
[17:28:11.361] RX[TCP_prs2026hitl_7100]  01 0f 00 00 0c 8b 35 ff fc 9e 00 5a 4f ff de 05 ff d6 00 17 00 23 0a 02 10 00 00 0c 8b 35 00 00 00 00 00 00 00 00 00 00 00 00 00 00 00 00 00 00 00 00 00 00 00 00 00 00 00 00 00 00 00 00 00 00
[17:28:11.368] PACKET[TCP_prs2026hitl_7100] sensors: status=3840, uptime=822069, filtered_accel=[-0.03464, 0.92476, -0.34796], gyro=[-2.94, 1.61, 2.45]
[17:28:11.469] RX[TCP_prs2026hitl_7100]  00 00 00 00 00 00 00 00 00 00 00 00 00 00 00 00 43 52 ed 6d 13 50 0a ff 00 00 00 0c 8b 35 0a
[17:28:11.475] PACKET[TCP_prs2026hitl_7100] state: status=4096, uptime=822069, orientation=[0.0, 0.0, 0.0, 0.0], position=[0.0, 0.0, 0.0], velocity=[0.0, 0.0, 0.0], latitude=0.0, longitude=0.0, gps_altitude=0.0, barometric_altitude=210.927444, witness_battery_voltage=4.944
[17:28:11.480] PACKET[TCP_prs2026hitl_7100] heartbeat: status=0, uptime=822069
[17:28:11.532] RX[TCP_prs2026hitl_7100]  01 0f 00 00 0c 8b 99 ff fc 92 00 5a 37 ff de 12 ff d7 00 15 00 25 0a
[17:28:11.536] PACKET[TCP_prs2026hitl_7100] sensors: status=3840, uptime=822169, filtered_accel=[-0.03512, 0.9238, -0.34744], gyro=[-2.87, 1.47, 2.59]
[17:28:11.638] RX[TCP_prs2026hitl_7100]  01 0f 00 00 0c 8b fd ff fc 9e 00 5a 43 ff de 12 ff d6 00 15 00 25 0a
[17:28:11.645] PACKET[TCP_prs2026hitl_7100] sensors: status=3840, uptime=822269, filtered_accel=[-0.03464, 0.92428, -0.34744], gyro=[-2.94, 1.47, 2.59]
[17:28:11.698] RX[TCP_prs2026hitl_7100]  01 0b 00 00 0c 8c 61 ff fc aa 00 5a 43 ff de 05 ff d6 00 18 00 22 0a
[17:28:11.703] PACKET[TCP_prs2026hitl_7100] sensors: status=2816, uptime=822369, filtered_accel=[-0.03416, 0.92428, -0.34796], gyro=[-2.94, 1.68, 2.38]
[17:28:11.804] RX[TCP_prs2026hitl_7100]  01 0b 00 00 0c 8c c5 ff fc 92 00 5a 43 ff de 12 ff d7 00 16 00 23 0a
[17:28:11.812] PACKET[TCP_prs2026hitl_7100] sensors: status=2816, uptime=822469, filtered_accel=[-0.03512, 0.92428, -0.34744], gyro=[-2.87, 1.54, 2.45]
[17:28:11.863] RX[TCP_prs2026hitl_7100]  01 0b 00 00 0c 8d 29 ff fc 85 00 5a 43 ff de 12 ff d6 00 16 00 24 0a
[17:28:11.870] PACKET[TCP_prs2026hitl_7100] sensors: status=2816, uptime=822569, filtered_accel=[-0.03564, 0.92428, -0.34744], gyro=[-2.94, 1.54, 2.52]
[17:28:11.972] RX[TCP_prs2026hitl_7100]  01 0f 00 00 0c 8d 8d ff fc 9e 00 5a 43 ff de 12 ff d7 00 16 00 24 0a
[17:28:11.978] PACKET[TCP_prs2026hitl_7100] sensors: status=3840, uptime=822669, filtered_accel=[-0.03464, 0.92428, -0.34744], gyro=[-2.87, 1.54, 2.52]
[17:28:12.080] RX[TCP_prs2026hitl_7100]  01 0f 00 00 0c 8d f1 ff fc 9e 00 5a 37 ff de 1e ff d6 00 17 00 22 0a
[17:28:12.088] PACKET[TCP_prs2026hitl_7100] sensors: status=3840, uptime=822769, filtered_accel=[-0.03464, 0.9238, -0.34696], gyro=[-2.94, 1.61, 2.38]
[17:28:12.139] RX[TCP_prs2026hitl_7101]  03 00 00 00 00 00 00 00 00 00 0e 63 a5 00 00 00 13 94 0a
[17:28:12.147] PACKET[TCP_prs2026hitl_7101] camera: fc_status=0, fc_uptime=0, status=0, uptime=943013, current_sense=[0.0, 0.0, 0.0], iris_battery_voltage=5.012
[17:28:12.198] RX[TCP_prs2026hitl_7100]  01 0f 00 00 0c 8e 55 ff fc 92 00 5a 12 ff de 12 ff d6 00 15 00 24 0a
[17:28:12.202] PACKET[TCP_prs2026hitl_7100] sensors: status=3840, uptime=822869, filtered_accel=[-0.03512, 0.92232, -0.34744], gyro=[-2.94, 1.47, 2.52]
[17:28:12.307] RX[TCP_prs2026hitl_7100]  01 0f 00 00 0c 8e b9 ff fc aa 00 5a 4f ff de 1e ff d6 00 15 00 24 0a
[17:28:12.312] PACKET[TCP_prs2026hitl_7100] sensors: status=3840, uptime=822969, filtered_accel=[-0.03416, 0.92476, -0.34696], gyro=[-2.94, 1.47, 2.52]
[17:28:12.414] RX[TCP_prs2026hitl_7100]  01 0b 00 00 0c 8f 1d ff fc 92 00 5a 2a ff de 12 ff d5 00 17 00 22 0a 02 10 00 00 0c 8f 1d 00 00 00 00 00 00 00 00 00 00 00 00 00 00 00 00 00 00 00 00 00 00 00 00 00 00 00 00 00 00 00 00 00 00
[17:28:12.420] PACKET[TCP_prs2026hitl_7100] sensors: status=2816, uptime=823069, filtered_accel=[-0.03512, 0.92328, -0.34744], gyro=[-3.01, 1.61, 2.38]
[17:28:12.471] RX[TCP_prs2026hitl_7100]  00 00 00 00 00 00 00 00 00 00 00 00 00 00 00 00 43 52 ed 6d 13 40 0a ff 01 00 00 0c 8f 1d 0a
[17:28:12.475] PACKET[TCP_prs2026hitl_7100] state: status=4096, uptime=823069, orientation=[0.0, 0.0, 0.0, 0.0], position=[0.0, 0.0, 0.0], velocity=[0.0, 0.0, 0.0], latitude=0.0, longitude=0.0, gps_altitude=0.0, barometric_altitude=210.927444, witness_battery_voltage=4.928
[17:28:12.479] PACKET[TCP_prs2026hitl_7100] heartbeat: status=256, uptime=823069
[17:28:12.530] RX[TCP_prs2026hitl_7100]  01 0b 00 00 0c 8f 81 ff fc 85 00 5a 4f ff de 12 ff d6 00 16 00 24 0a
[17:28:12.535] PACKET[TCP_prs2026hitl_7100] sensors: status=2816, uptime=823169, filtered_accel=[-0.03564, 0.92476, -0.34744], gyro=[-2.94, 1.54, 2.52]
[17:28:12.636] RX[TCP_prs2026hitl_7100]  01 0b 00 00 0c 8f e5 ff fc 85 00 5a 37 ff dd f9 ff d7 00 15 00 23 0a
[17:28:12.641] PACKET[TCP_prs2026hitl_7100] sensors: status=2816, uptime=823269, filtered_accel=[-0.03564, 0.9238, -0.34844], gyro=[-2.87, 1.47, 2.45]
[17:28:12.693] RX[TCP_prs2026hitl_7100]  01 0f 00 00 0c 90 49 ff fc 61 00 5a 2a ff de 2a ff d6 00 16 00 24 0a
[17:28:12.698] PACKET[TCP_prs2026hitl_7100] sensors: status=3840, uptime=823369, filtered_accel=[-0.03708, 0.92328, -0.34648], gyro=[-2.94, 1.54, 2.52]
[17:28:12.800] RX[TCP_prs2026hitl_7100]  01 0f 00 00 0c 90 ad ff fc 85 00 5a 43 ff dd f9 ff d6 00 17 00 23 0a
[17:28:12.807] PACKET[TCP_prs2026hitl_7100] sensors: status=3840, uptime=823469, filtered_accel=[-0.03564, 0.92428, -0.34844], gyro=[-2.94, 1.61, 2.45]
[17:28:12.859] RX[TCP_prs2026hitl_7100]  01 0f 00 00 0c 91 11 ff fc 85 00 5a 43 ff dd ed ff d6 00 15 00 24 0a
[17:28:12.865] PACKET[TCP_prs2026hitl_7100] sensors: status=3840, uptime=823569, filtered_accel=[-0.03564, 0.92428, -0.34892], gyro=[-2.94, 1.47, 2.52]
[17:28:12.967] RX[TCP_prs2026hitl_7100]  01 0f 00 00 0c 91 75 ff fc 85 00 5a 4f ff de 05 ff d6 00 15 00 25 0a
[17:28:12.991] PACKET[TCP_prs2026hitl_7100] sensors: status=3840, uptime=823669, filtered_accel=[-0.03564, 0.92476, -0.34796], gyro=[-2.94, 1.47, 2.59]
[17:28:13.096] RX[TCP_prs2026hitl_7100]  01 0b 00 00 0c 91 d9 ff fc 85 00 5a 43 ff de 12 ff d5 00 17 00 22 0a
[17:28:13.104] PACKET[TCP_prs2026hitl_7100] sensors: status=2816, uptime=823769, filtered_accel=[-0.03564, 0.92428, -0.34744], gyro=[-3.01, 1.61, 2.38]
[17:28:13.154] RX[TCP_prs2026hitl_7101]  03 00 00 00 00 00 00 00 00 00 0e 67 8d 00 00 00 13 94 0a
[17:28:13.161] PACKET[TCP_prs2026hitl_7101] camera: fc_status=0, fc_uptime=0, status=0, uptime=944013, current_sense=[0.0, 0.0, 0.0], iris_battery_voltage=5.012
[17:28:13.212] RX[TCP_prs2026hitl_7100]  01 0b 00 00 0c 92 3d ff fc 92 00 5a 37 ff de 05 ff d6 00 15 00 24 0a
[17:28:13.217] PACKET[TCP_prs2026hitl_7100] sensors: status=2816, uptime=823869, filtered_accel=[-0.03512, 0.9238, -0.34796], gyro=[-2.94, 1.47, 2.52]
[17:28:13.267] RX[TCP_prs2026hitl_7100]  01 0b 00 00 0c 92 a1 ff fc 92 00 5a 37 ff de 05 ff d6 00 14 00 25 0a
[17:28:13.271] PACKET[TCP_prs2026hitl_7100] sensors: status=2816, uptime=823969, filtered_accel=[-0.03512, 0.9238, -0.34796], gyro=[-2.94, 1.4, 2.59]
[17:28:13.372] RX[TCP_prs2026hitl_7100]  01 0f 00 00 0c 93 05 ff fc 9e 00 5a 2a ff de 05 ff d6 00 16 00 23 0a 02 10 00 00 0c 93 05 00 00 00 00 00 00 00 00 00 00 00 00 00 00 00 00 00 00 00 00 00 00 00 00 00 00 00 00 00 00 00 00 00 00
[17:28:13.378] PACKET[TCP_prs2026hitl_7100] sensors: status=3840, uptime=824069, filtered_accel=[-0.03464, 0.92328, -0.34796], gyro=[-2.94, 1.54, 2.45]
[17:28:13.481] RX[TCP_prs2026hitl_7100]  00 00 00 00 00 00 00 00 00 00 00 00 00 00 00 00 43 53 03 12 13 50 0a ff 00 00 00 0c 93 05 0a
[17:28:13.487] PACKET[TCP_prs2026hitl_7100] state: status=4096, uptime=824069, orientation=[0.0, 0.0, 0.0, 0.0], position=[0.0, 0.0, 0.0], velocity=[0.0, 0.0, 0.0], latitude=0.0, longitude=0.0, gps_altitude=0.0, barometric_altitude=211.011993, witness_battery_voltage=4.944
[17:28:13.491] PACKET[TCP_prs2026hitl_7100] heartbeat: status=0, uptime=824069
[17:28:13.542] RX[TCP_prs2026hitl_7100]  01 0f 00 00 0c 93 69 ff fc 92 00 5a 43 ff de 05 ff d6 00 17 00 23 0a
[17:28:13.552] PACKET[TCP_prs2026hitl_7100] sensors: status=3840, uptime=824169, filtered_accel=[-0.03512, 0.92428, -0.34796], gyro=[-2.94, 1.61, 2.45]
[17:28:13.653] RX[TCP_prs2026hitl_7100]  01 0f 00 00 0c 93 cd ff fc 85 00 5a 2a ff dd d5 ff d8 00 16 00 25 0a
[17:28:13.662] PACKET[TCP_prs2026hitl_7100] sensors: status=3840, uptime=824269, filtered_accel=[-0.03564, 0.92328, -0.34988], gyro=[-2.8, 1.54, 2.59]
[17:28:13.764] RX[TCP_prs2026hitl_7100]  01 0f 00 00 0c 94 31 ff fc 85 00 5a 43 ff de 2a ff d6 00 15 00 24 0a
[17:28:13.769] PACKET[TCP_prs2026hitl_7100] sensors: status=3840, uptime=824369, filtered_accel=[-0.03564, 0.92428, -0.34648], gyro=[-2.94, 1.47, 2.52]
[17:28:13.920] RX[TCP_prs2026hitl_7100]  01 0b 00 00 0c 94 95 ff fc 9e 00 5a 37 ff de 1e ff d5 00 17 00 22 0a
[17:28:13.926] PACKET[TCP_prs2026hitl_7100] sensors: status=2816, uptime=824469, filtered_accel=[-0.03464, 0.9238, -0.34696], gyro=[-3.01, 1.61, 2.38]
[17:28:14.028] RX[TCP_prs2026hitl_7100]  01 0b 00 00 0c 94 f9 ff fc 92 00 5a 43 ff dd e1 ff d6 00 16 00 24 0a 01 0b 00 00 0c 95 5d ff fc 92 00 5a 2a ff dd ed ff d7 00 15 00 25 0a
[17:28:14.035] PACKET[TCP_prs2026hitl_7100] sensors: status=2816, uptime=824569, filtered_accel=[-0.03512, 0.92428, -0.3494], gyro=[-2.94, 1.54, 2.52]
[17:28:14.040] PACKET[TCP_prs2026hitl_7100] sensors: status=2816, uptime=824669, filtered_accel=[-0.03512, 0.92328, -0.34892], gyro=[-2.87, 1.47, 2.59]
[17:28:14.092] RX[TCP_prs2026hitl_7100]  01 0f 00 00 0c 95 c1 ff fc 92 00 5a 37 ff de 05 ff d9 00 17 00 24 0a
[17:28:14.099] PACKET[TCP_prs2026hitl_7100] sensors: status=3840, uptime=824769, filtered_accel=[-0.03512, 0.9238, -0.34796], gyro=[-2.73, 1.61, 2.52]
[17:28:14.100] RX[TCP_prs2026hitl_7101]  03 00 00 00 00 00 00 00 00 00 0e 6b 75 00 00 00 13 90 0a
[17:28:14.105] PACKET[TCP_prs2026hitl_7101] camera: fc_status=0, fc_uptime=0, status=0, uptime=945013, current_sense=[0.0, 0.0, 0.0], iris_battery_voltage=5.008
[17:28:14.212] RX[TCP_prs2026hitl_7100]  01 0f 00 00 0c 96 25 ff fc 9e 00 5a 2a ff de 12 ff d6 00 18 00 21 0a
[17:28:14.219] PACKET[TCP_prs2026hitl_7100] sensors: status=3840, uptime=824869, filtered_accel=[-0.03464, 0.92328, -0.34744], gyro=[-2.94, 1.68, 2.31]
[17:28:14.271] RX[TCP_prs2026hitl_7100]  01 0f 00 00 0c 96 89 ff fc 85 00 5a 37 ff dd f9 ff d6 00 14 00 25 0a
[17:28:14.278] PACKET[TCP_prs2026hitl_7100] sensors: status=3840, uptime=824969, filtered_accel=[-0.03564, 0.9238, -0.34844], gyro=[-2.94, 1.4, 2.59]
[17:28:14.381] RX[TCP_prs2026hitl_7100]  01 0f 00 00 0c 96 ed ff fc 9e 00 5a 37 ff de 1e ff d7 00 15 00 25 0a 02 10 00 00 0c 96 ed 00 00 00 00 00 00 00 00 00 00 00 00 00 00 00 00 00 00 00 00 00 00 00 00 00 00 00 00 00 00 00 00 00 00
[17:28:14.387] PACKET[TCP_prs2026hitl_7100] sensors: status=3840, uptime=825069, filtered_accel=[-0.03464, 0.9238, -0.34696], gyro=[-2.87, 1.47, 2.59]
[17:28:14.488] RX[TCP_prs2026hitl_7100]  00 00 00 00 00 00 00 00 00 00 00 00 00 00 00 00 43 52 c1 75 13 48 0a ff 01 00 00 0c 96 ed 0a
[17:28:14.494] PACKET[TCP_prs2026hitl_7100] state: status=4096, uptime=825069, orientation=[0.0, 0.0, 0.0, 0.0], position=[0.0, 0.0, 0.0], velocity=[0.0, 0.0, 0.0], latitude=0.0, longitude=0.0, gps_altitude=0.0, barometric_altitude=210.755692, witness_battery_voltage=4.936
[17:28:14.499] PACKET[TCP_prs2026hitl_7100] heartbeat: status=256, uptime=825069
[17:28:14.550] RX[TCP_prs2026hitl_7100]  01 0b 00 00 0c 97 51 ff fc 79 00 5a 43 ff dd e1 ff d6 00 18 00 22 0a
[17:28:14.555] PACKET[TCP_prs2026hitl_7100] sensors: status=2816, uptime=825169, filtered_accel=[-0.03612, 0.92428, -0.3494], gyro=[-2.94, 1.68, 2.38]
[17:28:14.657] RX[TCP_prs2026hitl_7100]  01 0b 00 00 0c 97 b5 ff fc 92 00 5a 37 ff dd f9 ff d6 00 16 00 23 0a
[17:28:14.664] PACKET[TCP_prs2026hitl_7100] sensors: status=2816, uptime=825269, filtered_accel=[-0.03512, 0.9238, -0.34844], gyro=[-2.94, 1.54, 2.45]
[17:28:14.715] RX[TCP_prs2026hitl_7100]  01 0b 00 00 0c 98 19 ff fc 9e 00 5a 2a ff de 1e ff d6 00 15 00 25 0a
[17:28:14.719] PACKET[TCP_prs2026hitl_7100] sensors: status=2816, uptime=825369, filtered_accel=[-0.03464, 0.92328, -0.34696], gyro=[-2.94, 1.47, 2.59]
[17:28:14.820] RX[TCP_prs2026hitl_7100]  01 0f 00 00 0c 98 7d ff fc 9e 00 5a 37 ff de 05 ff d6 00 15 00 24 0a
[17:28:14.826] PACKET[TCP_prs2026hitl_7100] sensors: status=3840, uptime=825469, filtered_accel=[-0.03464, 0.9238, -0.34796], gyro=[-2.94, 1.47, 2.52]
[17:28:14.877] RX[TCP_prs2026hitl_7100]  01 0f 00 00 0c 98 e1 ff fc 85 00 5a 37 ff de 12 ff d6 00 17 00 22 0a
[17:28:14.883] PACKET[TCP_prs2026hitl_7100] sensors: status=3840, uptime=825569, filtered_accel=[-0.03564, 0.9238, -0.34744], gyro=[-2.94, 1.61, 2.38]
[17:28:14.984] RX[TCP_prs2026hitl_7100]  01 0f 00 00 0c 99 45 ff fc 92 00 5a 37 ff de 05 ff d7 00 16 00 24 0a
[17:28:14.989] PACKET[TCP_prs2026hitl_7100] sensors: status=3840, uptime=825669, filtered_accel=[-0.03512, 0.9238, -0.34796], gyro=[-2.87, 1.54, 2.52]
[17:28:15.091] RX[TCP_prs2026hitl_7100]  01 0f 00 00 0c 99 a9 ff fb e7 00 59 80 ff dc a4 ff d9 00 18 00 2b 0a
[17:28:15.095] PACKET[TCP_prs2026hitl_7100] sensors: status=3840, uptime=825769, filtered_accel=[-0.04196, 0.91648, -0.36208], gyro=[-2.73, 1.68, 3.01]
[17:28:15.147] RX[TCP_prs2026hitl_7101]  03 00 00 00 00 00 00 00 00 00 0e 6f 5d 00 00 00 13 94 0a
[17:28:15.152] PACKET[TCP_prs2026hitl_7101] camera: fc_status=0, fc_uptime=0, status=0, uptime=946013, current_sense=[0.0, 0.0, 0.0], iris_battery_voltage=5.012
[17:28:15.203] RX[TCP_prs2026hitl_7100]  01 0b 00 00 0c 9a 0d ff fd cf 00 5b d5 ff d9 ec ff dc 00 1a 00 26 0a
[17:28:15.209] PACKET[TCP_prs2026hitl_7100] sensors: status=2816, uptime=825869, filtered_accel=[-0.02244, 0.94036, -0.38992], gyro=[-2.52, 1.82, 2.66]
[17:28:15.309] RX[TCP_prs2026hitl_7100]  01 0b 00 00 0c 9a 71 ff fc cf 00 5a 98 ff de 5b ff d4 00 15 00 24 0a
[17:28:15.315] PACKET[TCP_prs2026hitl_7100] sensors: status=2816, uptime=825969, filtered_accel=[-0.03268, 0.92768, -0.34452], gyro=[-3.08, 1.47, 2.52]
[17:28:15.366] RX[TCP_prs2026hitl_7100]  01 0b 00 00 0c 9a d5 ff fc b6 00 5a 2a ff de 1e ff d8 00 16 00 24 0a 02 10 00 00 0c 9a d5 00 00 00 00 00 00 00 00 00 00 00 00 00 00 00 00 00 00 00 00 00 00 00 00 00 00 00 00 00 00 00 00 00 00
[17:28:15.370] PACKET[TCP_prs2026hitl_7100] sensors: status=2816, uptime=826069, filtered_accel=[-0.03368, 0.92328, -0.34696], gyro=[-2.8, 1.54, 2.52]
[17:28:15.471] RX[TCP_prs2026hitl_7100]  00 00 00 00 00 00 00 00 00 00 00 00 00 00 00 00 43 52 d7 c8 13 48 0a ff 00 00 00 0c 9a d5 0a
[17:28:15.477] PACKET[TCP_prs2026hitl_7100] state: status=4096, uptime=826069, orientation=[0.0, 0.0, 0.0, 0.0], position=[0.0, 0.0, 0.0], velocity=[0.0, 0.0, 0.0], latitude=0.0, longitude=0.0, gps_altitude=0.0, barometric_altitude=210.842896, witness_battery_voltage=4.936
[17:28:15.482] PACKET[TCP_prs2026hitl_7100] heartbeat: status=0, uptime=826069
[17:28:15.583] RX[TCP_prs2026hitl_7100]  01 0f 00 00 0c 9b 39 ff fc 61 00 5a 37 ff de 42 ff d8 00 17 00 23 0a
[17:28:15.591] PACKET[TCP_prs2026hitl_7100] sensors: status=3840, uptime=826169, filtered_accel=[-0.03708, 0.9238, -0.34552], gyro=[-2.8, 1.61, 2.45]
[17:28:15.642] RX[TCP_prs2026hitl_7100]  01 0f 00 00 0c 9b 9d ff fc 85 00 5a 37 ff dd c8 ff d7 00 16 00 24 0a
[17:28:15.647] PACKET[TCP_prs2026hitl_7100] sensors: status=3840, uptime=826269, filtered_accel=[-0.03564, 0.9238, -0.3504], gyro=[-2.87, 1.54, 2.52]
[17:28:15.748] RX[TCP_prs2026hitl_7100]  01 0f 00 00 0c 9c 01 ff fc 92 00 5a 37 ff de 12 ff d6 00 15 00 24 0a
[17:28:15.754] PACKET[TCP_prs2026hitl_7100] sensors: status=3840, uptime=826369, filtered_accel=[-0.03512, 0.9238, -0.34744], gyro=[-2.94, 1.47, 2.52]
[17:28:15.805] RX[TCP_prs2026hitl_7100]  01 0f 00 00 0c 9c 65 ff fc 85 00 5a 37 ff de 1e ff d7 00 15 00 24 0a
[17:28:15.809] PACKET[TCP_prs2026hitl_7100] sensors: status=3840, uptime=826469, filtered_accel=[-0.03564, 0.9238, -0.34696], gyro=[-2.87, 1.47, 2.52]
[17:28:15.911] RX[TCP_prs2026hitl_7100]  01 0b 00 00 0c 9c c9 ff fc 85 00 5a 37 ff dd f9 ff d6 00 18 00 22 0a
[17:28:15.919] PACKET[TCP_prs2026hitl_7100] sensors: status=2816, uptime=826569, filtered_accel=[-0.03564, 0.9238, -0.34844], gyro=[-2.94, 1.68, 2.38]
[17:28:15.970] RX[TCP_prs2026hitl_7100]  01 0b 00 00 0c 9d 2d ff fc 85 00 5a 2a ff de 1e ff d7 00 14 00 25 0a
[17:28:15.975] PACKET[TCP_prs2026hitl_7100] sensors: status=2816, uptime=826669, filtered_accel=[-0.03564, 0.92328, -0.34696], gyro=[-2.87, 1.4, 2.59]
[17:28:16.076] RX[TCP_prs2026hitl_7100]  01 0b 00 00 0c 9d 91 ff fc 85 00 5a 43 ff de 1e ff d6 00 16 00 25 0a
[17:28:16.083] PACKET[TCP_prs2026hitl_7100] sensors: status=2816, uptime=826769, filtered_accel=[-0.03564, 0.92428, -0.34696], gyro=[-2.94, 1.54, 2.59]
[17:28:16.134] RX[TCP_prs2026hitl_7101]  03 00 00 00 00 00 00 00 00 00 0e 73 45 00 00 00 13 90 0a
[17:28:16.140] PACKET[TCP_prs2026hitl_7101] camera: fc_status=0, fc_uptime=0, status=0, uptime=947013, current_sense=[0.0, 0.0, 0.0], iris_battery_voltage=5.008
[17:28:16.191] RX[TCP_prs2026hitl_7100]  01 0f 00 00 0c 9d f5 ff fc 92 00 5a 43 ff de 05 ff d6 00 16 00 24 0a
[17:28:16.197] PACKET[TCP_prs2026hitl_7100] sensors: status=3840, uptime=826869, filtered_accel=[-0.03512, 0.92428, -0.34796], gyro=[-2.94, 1.54, 2.52]
[17:28:16.298] RX[TCP_prs2026hitl_7100]  01 0f 00 00 0c 9e 59 ff fc 85 00 5a 37 ff dd f9 ff d5 00 18 00 23 0a
[17:28:16.302] PACKET[TCP_prs2026hitl_7100] sensors: status=3840, uptime=826969, filtered_accel=[-0.03564, 0.9238, -0.34844], gyro=[-3.01, 1.68, 2.45]
[17:28:16.404] RX[TCP_prs2026hitl_7100]  01 0f 00 00 0c 9e bd ff fc 92 00 5a 43 ff de 12 ff d6 00 15 00 25 0a 02 10 00 00 0c 9e bd 00 00 00 00 00 00 00 00 00 00 00 00 00 00 00 00 00 00 00 00 00 00 00 00 00 00 00 00 00 00 00 00 00 00
[17:28:16.422] PACKET[TCP_prs2026hitl_7100] sensors: status=3840, uptime=827069, filtered_accel=[-0.03512, 0.92428, -0.34744], gyro=[-2.94, 1.47, 2.59]
[17:28:16.475] RX[TCP_prs2026hitl_7100]  00 00 00 00 00 00 00 00 00 00 00 00 00 00 00 00 43 53 03 12 13 48 0a ff 01 00 00 0c 9e bd 0a
[17:28:16.481] PACKET[TCP_prs2026hitl_7100] state: status=4096, uptime=827069, orientation=[0.0, 0.0, 0.0, 0.0], position=[0.0, 0.0, 0.0], velocity=[0.0, 0.0, 0.0], latitude=0.0, longitude=0.0, gps_altitude=0.0, barometric_altitude=211.011993, witness_battery_voltage=4.936
[17:28:16.487] PACKET[TCP_prs2026hitl_7100] heartbeat: status=256, uptime=827069
[17:28:16.539] RX[TCP_prs2026hitl_7100]  01 0f 00 00 0c 9f 21 ff fc 85 00 5a 37 ff de 05 ff d6 00 14 00 25 0a
[17:28:16.545] PACKET[TCP_prs2026hitl_7100] sensors: status=3840, uptime=827169, filtered_accel=[-0.03564, 0.9238, -0.34796], gyro=[-2.94, 1.4, 2.59]
[17:28:16.646] RX[TCP_prs2026hitl_7100]  01 0b 00 00 0c 9f 85 ff fc 85 00 5a 37 ff de 12 ff d6 00 18 00 22 0a
[17:28:16.651] PACKET[TCP_prs2026hitl_7100] sensors: status=2816, uptime=827269, filtered_accel=[-0.03564, 0.9238, -0.34744], gyro=[-2.94, 1.68, 2.38]
[17:28:16.703] RX[TCP_prs2026hitl_7100]  01 0b 00 00 0c 9f e9 ff fc 85 00 5a 43 ff de 1e ff d7 00 15 00 25 0a
[17:28:16.710] PACKET[TCP_prs2026hitl_7100] sensors: status=2816, uptime=827369, filtered_accel=[-0.03564, 0.92428, -0.34696], gyro=[-2.87, 1.47, 2.59]
[17:28:16.811] RX[TCP_prs2026hitl_7100]  01 0b 00 00 0c a0 4d ff fc 9e 00 5a 1e ff de 05 ff d6 00 15 00 25 0a
[17:28:16.818] PACKET[TCP_prs2026hitl_7100] sensors: status=2816, uptime=827469, filtered_accel=[-0.03464, 0.9228, -0.34796], gyro=[-2.94, 1.47, 2.59]
[17:28:16.869] RX[TCP_prs2026hitl_7100]  01 0f 00 00 0c a0 b1 ff fc 92 00 5a 2a ff dd f9 ff d5 00 17 00 23 0a
[17:28:16.878] PACKET[TCP_prs2026hitl_7100] sensors: status=3840, uptime=827569, filtered_accel=[-0.03512, 0.92328, -0.34844], gyro=[-3.01, 1.61, 2.45]
[17:28:16.979] RX[TCP_prs2026hitl_7100]  01 0f 00 00 0c a1 15 ff fc 9e 00 5a 4f ff de 05 ff d6 00 17 00 23 0a
[17:28:16.985] PACKET[TCP_prs2026hitl_7100] sensors: status=3840, uptime=827669, filtered_accel=[-0.03464, 0.92476, -0.34796], gyro=[-2.94, 1.61, 2.45]
[17:28:17.086] RX[TCP_prs2026hitl_7100]  01 0f 00 00 0c a1 79 ff fc 9e 00 5a 2a ff de 05 ff d7 00 14 00 25 0a
[17:28:17.091] PACKET[TCP_prs2026hitl_7100] sensors: status=3840, uptime=827769, filtered_accel=[-0.03464, 0.92328, -0.34796], gyro=[-2.87, 1.4, 2.59]
[17:28:17.142] RX[TCP_prs2026hitl_7101]  03 00 00 00 00 00 00 00 00 00 0e 77 2d 00 00 00 13 90 0a
[17:28:17.147] PACKET[TCP_prs2026hitl_7101] camera: fc_status=0, fc_uptime=0, status=0, uptime=948013, current_sense=[0.0, 0.0, 0.0], iris_battery_voltage=5.008
[17:28:17.198] RX[TCP_prs2026hitl_7100]  01 0f 00 00 0c a1 dd ff fc 85 00 5a 43 ff de 1e ff d7 00 15 00 24 0a
[17:28:17.202] PACKET[TCP_prs2026hitl_7100] sensors: status=3840, uptime=827869, filtered_accel=[-0.03564, 0.92428, -0.34696], gyro=[-2.87, 1.47, 2.52]
[17:28:17.303] RX[TCP_prs2026hitl_7100]  01 0b 00 00 0c a2 41 ff fc 9e 00 5a 43 ff de 05 ff d6 00 16 00 23 0a
[17:28:17.308] PACKET[TCP_prs2026hitl_7100] sensors: status=2816, uptime=827969, filtered_accel=[-0.03464, 0.92428, -0.34796], gyro=[-2.94, 1.54, 2.45]
[17:28:17.409] RX[TCP_prs2026hitl_7100]  01 0b 00 00 0c a2 a5 ff fc 85 00 5a 43 ff de 12 ff d5 00 15 00 24 0a 02 10 00 00 0c a2 a5 00 00 00 00 00 00 00 00 00 00 00 00 00 00 00 00 00 00 00 00 00 00 00 00 00 00 00 00 00 00 00 00 00 00
[17:28:17.416] PACKET[TCP_prs2026hitl_7100] sensors: status=2816, uptime=828069, filtered_accel=[-0.03564, 0.92428, -0.34744], gyro=[-3.01, 1.47, 2.52]
[17:28:17.467] RX[TCP_prs2026hitl_7100]  00 00 00 00 00 00 00 00 00 00 00 00 00 00 00 00 43 52 ed 6d 13 40 0a ff 00 00 00 0c a2 a5 0a
[17:28:17.471] PACKET[TCP_prs2026hitl_7100] state: status=4096, uptime=828069, orientation=[0.0, 0.0, 0.0, 0.0], position=[0.0, 0.0, 0.0], velocity=[0.0, 0.0, 0.0], latitude=0.0, longitude=0.0, gps_altitude=0.0, barometric_altitude=210.927444, witness_battery_voltage=4.928
[17:28:17.475] PACKET[TCP_prs2026hitl_7100] heartbeat: status=0, uptime=828069
[17:28:17.577] RX[TCP_prs2026hitl_7100]  01 0b 00 00 0c a3 09 ff fc 9e 00 5a 37 ff de 12 ff d6 00 15 00 25 0a
[17:28:17.585] PACKET[TCP_prs2026hitl_7100] sensors: status=2816, uptime=828169, filtered_accel=[-0.03464, 0.9238, -0.34744], gyro=[-2.94, 1.47, 2.59]
[17:28:17.688] RX[TCP_prs2026hitl_7100]  01 0f 00 00 0c a3 6d ff fc 9e 00 5a 37 ff dd f9 ff d6 00 18 00 22 0a
[17:28:17.695] PACKET[TCP_prs2026hitl_7100] sensors: status=3840, uptime=828269, filtered_accel=[-0.03464, 0.9238, -0.34844], gyro=[-2.94, 1.68, 2.38]
[17:28:17.746] RX[TCP_prs2026hitl_7100]  01 0f 00 00 0c a3 d1 ff fc 85 00 5a 37 ff de 2a ff d5 00 17 00 23 0a
[17:28:17.751] PACKET[TCP_prs2026hitl_7100] sensors: status=3840, uptime=828369, filtered_accel=[-0.03564, 0.9238, -0.34648], gyro=[-3.01, 1.61, 2.45]
[17:28:17.852] RX[TCP_prs2026hitl_7100]  01 0f 00 00 0c a4 35 ff fc 85 00 5a 37 ff de 1e ff d7 00 15 00 25 0a
[17:28:17.858] PACKET[TCP_prs2026hitl_7100] sensors: status=3840, uptime=828469, filtered_accel=[-0.03564, 0.9238, -0.34696], gyro=[-2.87, 1.47, 2.59]
[17:28:17.908] RX[TCP_prs2026hitl_7100]  01 0f 00 00 0c a4 99 ff fc 92 00 5a 43 ff de 12 ff d6 00 15 00 25 0a
[17:28:17.913] PACKET[TCP_prs2026hitl_7100] sensors: status=3840, uptime=828569, filtered_accel=[-0.03512, 0.92428, -0.34744], gyro=[-2.94, 1.47, 2.59]
[17:28:18.014] RX[TCP_prs2026hitl_7100]  01 0b 00 00 0c a4 fd ff fc 92 00 5a 2a ff dd f9 ff d5 00 17 00 22 0a
[17:28:18.019] PACKET[TCP_prs2026hitl_7100] sensors: status=2816, uptime=828669, filtered_accel=[-0.03512, 0.92328, -0.34844], gyro=[-3.01, 1.61, 2.38]
[17:28:18.120] RX[TCP_prs2026hitl_7100]  01 0b 00 00 0c a5 61 ff fc 92 00 5a 37 ff dd f9 ff d7 00 15 00 25 0a
[17:28:18.124] PACKET[TCP_prs2026hitl_7100] sensors: status=2816, uptime=828769, filtered_accel=[-0.03512, 0.9238, -0.34844], gyro=[-2.87, 1.47, 2.59]
[17:28:18.125] RX[TCP_prs2026hitl_7101]  03 00 00 00 00 00 00 00 00 00 0e 7b 15 00 00 00 13 94 0a
[17:28:18.129] PACKET[TCP_prs2026hitl_7101] camera: fc_status=0, fc_uptime=0, status=0, uptime=949013, current_sense=[0.0, 0.0, 0.0], iris_battery_voltage=5.012
[17:28:18.230] RX[TCP_prs2026hitl_7100]  01 0b 00 00 0c a5 c5 ff fc 92 00 5a 37 ff de 05 ff d7 00 15 00 24 0a
[17:28:18.235] PACKET[TCP_prs2026hitl_7100] sensors: status=2816, uptime=828869, filtered_accel=[-0.03512, 0.9238, -0.34796], gyro=[-2.87, 1.47, 2.52]
[17:28:18.336] RX[TCP_prs2026hitl_7100]  01 0f 00 00 0c a6 29 ff fc 85 00 5a 37 ff de 1e ff d6 00 16 00 24 0a
[17:28:18.341] PACKET[TCP_prs2026hitl_7100] sensors: status=3840, uptime=828969, filtered_accel=[-0.03564, 0.9238, -0.34696], gyro=[-2.94, 1.54, 2.52]
[17:28:18.444] RX[TCP_prs2026hitl_7100]  01 0f 00 00 0c a6 8d ff fc 85 00 5a 37 ff de 1e ff d6 00 16 00 23 0a 02 10 00 00 0c a6 8d 00 00 00 00 00 00 00 00 00 00 00 00 00 00 00 00 00 00 00 00 00 00 00 00 00 00 00 00 00 00 00 00 00 00 00 00 00 00 00 00 00 00 00 00 00 00 00 00 00 00 43 52 d7 c8 13 48 0a ff 01 00 00 0c a6 8d 0a
[17:28:18.449] PACKET[TCP_prs2026hitl_7100] sensors: status=3840, uptime=829069, filtered_accel=[-0.03564, 0.9238, -0.34696], gyro=[-2.94, 1.54, 2.45]
[17:28:18.452] PACKET[TCP_prs2026hitl_7100] state: status=4096, uptime=829069, orientation=[0.0, 0.0, 0.0, 0.0], position=[0.0, 0.0, 0.0], velocity=[0.0, 0.0, 0.0], latitude=0.0, longitude=0.0, gps_altitude=0.0, barometric_altitude=210.842896, witness_battery_voltage=4.936
[17:28:18.456] PACKET[TCP_prs2026hitl_7100] heartbeat: status=256, uptime=829069
[17:28:18.509] RX[TCP_prs2026hitl_7100]  01 0f 00 00 0c a6 f1 ff fc 85 00 5a 43 ff de 12 ff d6 00 16 00 24 0a
[17:28:18.513] PACKET[TCP_prs2026hitl_7100] sensors: status=3840, uptime=829169, filtered_accel=[-0.03564, 0.92428, -0.34744], gyro=[-2.94, 1.54, 2.52]
[17:28:18.614] RX[TCP_prs2026hitl_7100]  01 0f 00 00 0c a7 55 ff fc 92 00 5a 2a ff de 12 ff d7 00 15 00 25 0a
[17:28:18.621] PACKET[TCP_prs2026hitl_7100] sensors: status=3840, uptime=829269, filtered_accel=[-0.03512, 0.92328, -0.34744], gyro=[-2.87, 1.47, 2.59]
[17:28:18.723] RX[TCP_prs2026hitl_7100]  01 0b 00 00 0c a7 b9 ff fc 85 00 5a 43 ff de 12 ff d6 00 18 00 22 0a
[17:28:18.732] PACKET[TCP_prs2026hitl_7100] sensors: status=2816, uptime=829369, filtered_accel=[-0.03564, 0.92428, -0.34744], gyro=[-2.94, 1.68, 2.38]
[17:28:18.787] RX[TCP_prs2026hitl_7100]  01 0b 00 00 0c a8 1d ff fc 9e 00 5a 43 ff de 12 ff d5 00 15 00 25 0a
[17:28:18.791] PACKET[TCP_prs2026hitl_7100] sensors: status=2816, uptime=829469, filtered_accel=[-0.03464, 0.92428, -0.34744], gyro=[-3.01, 1.47, 2.59]
[17:28:18.893] RX[TCP_prs2026hitl_7100]  01 0b 00 00 0c a8 81 ff fc 92 00 5a 43 ff de 05 ff d7 00 15 00 25 0a
[17:28:18.899] PACKET[TCP_prs2026hitl_7100] sensors: status=2816, uptime=829569, filtered_accel=[-0.03512, 0.92428, -0.34796], gyro=[-2.87, 1.47, 2.59]
[17:28:19.002] RX[TCP_prs2026hitl_7100]  01 0f 00 00 0c a8 e5 ff fc 92 00 5a 37 ff de 2a ff d6 00 17 00 23 0a
[17:28:19.007] PACKET[TCP_prs2026hitl_7100] sensors: status=3840, uptime=829669, filtered_accel=[-0.03512, 0.9238, -0.34648], gyro=[-2.94, 1.61, 2.45]
[17:28:19.258] RX[TCP_prs2026hitl_7100]  01 0f 00 00 0c a9 49 ff fc 92 00 5a 5b ff dd ed ff d6 00 17 00 23 0a
[17:28:19.264] PACKET[TCP_prs2026hitl_7100] sensors: status=3840, uptime=829769, filtered_accel=[-0.03512, 0.92524, -0.34892], gyro=[-2.94, 1.61, 2.45]
[17:28:19.265] RX[TCP_prs2026hitl_7101]  03 00 00 00 00 00 00 00 00 00 0e 7e fd 00 00 00 13 90 0a
[17:28:19.269] PACKET[TCP_prs2026hitl_7101] camera: fc_status=0, fc_uptime=0, status=0, uptime=950013, current_sense=[0.0, 0.0, 0.0], iris_battery_voltage=5.008
[17:28:19.320] RX[TCP_prs2026hitl_7100]  01 0f 00 00 0c a9 ad ff fc 85 00 5a 43 ff de 05 ff d6 00 16 00 24 0a 01 0f 00 00 0c aa 11 ff fc 85 00 5a 37 ff de 12 ff d6 00 15 00 24 0a
[17:28:19.328] PACKET[TCP_prs2026hitl_7100] sensors: status=3840, uptime=829869, filtered_accel=[-0.03564, 0.92428, -0.34796], gyro=[-2.94, 1.54, 2.52]
[17:28:19.334] PACKET[TCP_prs2026hitl_7100] sensors: status=3840, uptime=829969, filtered_accel=[-0.03564, 0.9238, -0.34744], gyro=[-2.94, 1.47, 2.52]
[17:28:19.385] RX[TCP_prs2026hitl_7100]  01 0b 00 00 0c aa 75 ff fc 85 00 5a 43 ff de 12 ff d4 00 18 00 22 0a 02 10 00 00 0c aa 75 00 00 00 00 00 00 00 00 00 00 00 00 00 00 00 00 00 00 00 00 00 00 00 00 00 00 00 00 00 00 00 00 00 00 00 00 00 00 00 00 00 00 00 00 00 00 00 00 00 00 43 52 d7 c8 13 50 0a ff 00 00 00 0c aa 75 0a
[17:28:19.393] PACKET[TCP_prs2026hitl_7100] sensors: status=2816, uptime=830069, filtered_accel=[-0.03564, 0.92428, -0.34744], gyro=[-3.08, 1.68, 2.38]
[17:28:19.403] PACKET[TCP_prs2026hitl_7100] state: status=4096, uptime=830069, orientation=[0.0, 0.0, 0.0, 0.0], position=[0.0, 0.0, 0.0], velocity=[0.0, 0.0, 0.0], latitude=0.0, longitude=0.0, gps_altitude=0.0, barometric_altitude=210.842896, witness_battery_voltage=4.944
[17:28:19.414] PACKET[TCP_prs2026hitl_7100] heartbeat: status=0, uptime=830069
[17:28:19.518] RX[TCP_prs2026hitl_7100]  01 0b 00 00 0c aa d9 ff fc 9e 00 5a 37 ff dd f9 ff d6 00 15 00 24 0a
[17:28:19.525] PACKET[TCP_prs2026hitl_7100] sensors: status=2816, uptime=830169, filtered_accel=[-0.03464, 0.9238, -0.34844], gyro=[-2.94, 1.47, 2.52]
[17:28:19.577] RX[TCP_prs2026hitl_7100]  01 0b 00 00 0c ab 3d ff fc 9e 00 5a 2a ff de 05 ff d6 00 15 00 25 0a
[17:28:19.583] PACKET[TCP_prs2026hitl_7100] sensors: status=2816, uptime=830269, filtered_accel=[-0.03464, 0.92328, -0.34796], gyro=[-2.94, 1.47, 2.59]
[17:28:19.685] RX[TCP_prs2026hitl_7100]  01 0f 00 00 0c ab a1 ff fc 9e 00 5a 37 ff de 12 ff d6 00 16 00 23 0a
[17:28:19.689] PACKET[TCP_prs2026hitl_7100] sensors: status=3840, uptime=830369, filtered_accel=[-0.03464, 0.9238, -0.34744], gyro=[-2.94, 1.54, 2.45]
[17:28:19.790] RX[TCP_prs2026hitl_7100]  01 0f 00 00 0c ac 05 ff fc 92 00 5a 43 ff dd ed ff d7 00 16 00 22 0a
[17:28:19.794] PACKET[TCP_prs2026hitl_7100] sensors: status=3840, uptime=830469, filtered_accel=[-0.03512, 0.92428, -0.34892], gyro=[-2.87, 1.54, 2.38]
[17:28:19.896] RX[TCP_prs2026hitl_7100]  01 0f 00 00 0c ac 69 ff fc 85 00 5a 43 ff de 12 ff d7 00 15 00 24 0a
[17:28:19.904] PACKET[TCP_prs2026hitl_7100] sensors: status=3840, uptime=830569, filtered_accel=[-0.03564, 0.92428, -0.34744], gyro=[-2.87, 1.47, 2.52]
[17:28:20.005] RX[TCP_prs2026hitl_7100]  01 0f 00 00 0c ac cd ff fc 92 00 5a 37 ff de 2a ff d6 00 15 00 24 0a
[17:28:20.010] PACKET[TCP_prs2026hitl_7100] sensors: status=3840, uptime=830669, filtered_accel=[-0.03512, 0.9238, -0.34648], gyro=[-2.94, 1.47, 2.52]
[17:28:20.111] RX[TCP_prs2026hitl_7100]  01 0b 00 00 0c ad 31 ff fc 92 00 5a 43 ff dd f9 ff d5 00 17 00 21 0a
[17:28:20.116] PACKET[TCP_prs2026hitl_7100] sensors: status=2816, uptime=830769, filtered_accel=[-0.03512, 0.92428, -0.34844], gyro=[-3.01, 1.61, 2.31]
[17:28:20.116] RX[TCP_prs2026hitl_7101]  03 00 00 00 00 00 00 00 00 00 0e 82 e5 00 00 00 13 90 0a
[17:28:20.119] PACKET[TCP_prs2026hitl_7101] camera: fc_status=0, fc_uptime=0, status=0, uptime=951013, current_sense=[0.0, 0.0, 0.0], iris_battery_voltage=5.008
[17:28:20.170] RX[TCP_prs2026hitl_7100]  01 0b 00 00 0c ad 95 ff fc 92 00 5a 37 ff de 05 ff d6 00 16 00 24 0a
[17:28:20.175] PACKET[TCP_prs2026hitl_7100] sensors: status=2816, uptime=830869, filtered_accel=[-0.03512, 0.9238, -0.34796], gyro=[-2.94, 1.54, 2.52]
[17:28:20.277] RX[TCP_prs2026hitl_7100]  01 0b 00 00 0c ad f9 ff fc 92 00 5a 37 ff dd f9 ff d6 00 14 00 25 0a
[17:28:20.282] PACKET[TCP_prs2026hitl_7100] sensors: status=2816, uptime=830969, filtered_accel=[-0.03512, 0.9238, -0.34844], gyro=[-2.94, 1.4, 2.59]
[17:28:20.383] RX[TCP_prs2026hitl_7100]  01 0f 00 00 0c ae 5d ff fc 9e 00 5a 2a ff dd f9 ff d6 00 17 00 21 0a 02 10 00 00 0c ae 5d 00 00 00 00 00 00 00 00 00 00 00 00 00 00 00 00 00 00 00 00 00 00 00 00 00 00 00 00 00 00 00 00 00 00
[17:28:20.395] PACKET[TCP_prs2026hitl_7100] sensors: status=3840, uptime=831069, filtered_accel=[-0.03464, 0.92328, -0.34844], gyro=[-2.94, 1.61, 2.31]
[17:28:20.450] RX[TCP_prs2026hitl_7100]  00 00 00 00 00 00 00 00 00 00 00 00 00 00 00 00 43 53 03 12 13 50 0a ff 01 00 00 0c ae 5d 0a
[17:28:20.455] PACKET[TCP_prs2026hitl_7100] state: status=4096, uptime=831069, orientation=[0.0, 0.0, 0.0, 0.0], position=[0.0, 0.0, 0.0], velocity=[0.0, 0.0, 0.0], latitude=0.0, longitude=0.0, gps_altitude=0.0, barometric_altitude=211.011993, witness_battery_voltage=4.944
[17:28:20.458] PACKET[TCP_prs2026hitl_7100] heartbeat: status=256, uptime=831069
[17:28:20.560] RX[TCP_prs2026hitl_7100]  01 0f 00 00 0c ae c1 ff fc 9e 00 5a 37 ff dd ed ff d6 00 17 00 23 0a
[17:28:20.565] PACKET[TCP_prs2026hitl_7100] sensors: status=3840, uptime=831169, filtered_accel=[-0.03464, 0.9238, -0.34892], gyro=[-2.94, 1.61, 2.45]
[17:28:20.616] RX[TCP_prs2026hitl_7100]  01 0f 00 00 0c af 25 ff fc 92 00 5a 37 ff de 05 ff d7 00 15 00 25 0a
[17:28:20.625] PACKET[TCP_prs2026hitl_7100] sensors: status=3840, uptime=831269, filtered_accel=[-0.03512, 0.9238, -0.34796], gyro=[-2.87, 1.47, 2.59]
[17:28:20.727] RX[TCP_prs2026hitl_7100]  01 0f 00 00 0c af 89 ff fc 9e 00 5a 43 ff de 12 ff d6 00 15 00 24 0a
[17:28:20.732] PACKET[TCP_prs2026hitl_7100] sensors: status=3840, uptime=831369, filtered_accel=[-0.03464, 0.92428, -0.34744], gyro=[-2.94, 1.47, 2.52]
[17:28:20.833] RX[TCP_prs2026hitl_7100]  01 0b 00 00 0c af ed ff fc 85 00 5a 37 ff dd f9 ff d6 00 17 00 22 0a
[17:28:20.839] PACKET[TCP_prs2026hitl_7100] sensors: status=2816, uptime=831469, filtered_accel=[-0.03564, 0.9238, -0.34844], gyro=[-2.94, 1.61, 2.38]
[17:28:20.890] RX[TCP_prs2026hitl_7100]  01 0b 00 00 0c b0 51 ff fc 92 00 5a 43 ff de 05 ff d6 00 16 00 24 0a
[17:28:20.893] PACKET[TCP_prs2026hitl_7100] sensors: status=2816, uptime=831569, filtered_accel=[-0.03512, 0.92428, -0.34796], gyro=[-2.94, 1.54, 2.52]
[17:28:20.995] RX[TCP_prs2026hitl_7100]  01 0b 00 00 0c b0 b5 ff fc 9e 00 5a 43 ff de 12 ff d7 00 15 00 24 0a
[17:28:21.002] PACKET[TCP_prs2026hitl_7100] sensors: status=2816, uptime=831669, filtered_accel=[-0.03464, 0.92428, -0.34744], gyro=[-2.87, 1.47, 2.52]
[17:28:21.104] RX[TCP_prs2026hitl_7100]  01 0f 00 00 0c b1 19 ff fc 92 00 5a 43 ff dd ed ff d6 00 17 00 23 0a
[17:28:21.108] PACKET[TCP_prs2026hitl_7100] sensors: status=3840, uptime=831769, filtered_accel=[-0.03512, 0.92428, -0.34892], gyro=[-2.94, 1.61, 2.45]
[17:28:21.109] RX[TCP_prs2026hitl_7101]  03 00 00 00 00 00 00 00 00 00 0e 86 cd 00 00 00 13 94 0a
[17:28:21.112] PACKET[TCP_prs2026hitl_7101] camera: fc_status=0, fc_uptime=0, status=0, uptime=952013, current_sense=[0.0, 0.0, 0.0], iris_battery_voltage=5.012
[17:28:21.213] RX[TCP_prs2026hitl_7100]  01 0f 00 00 0c b1 7d ff fc 92 00 5a 37 ff de 12 ff d6 00 15 00 23 0a
[17:28:21.218] PACKET[TCP_prs2026hitl_7100] sensors: status=3840, uptime=831869, filtered_accel=[-0.03512, 0.9238, -0.34744], gyro=[-2.94, 1.47, 2.45]
[17:28:21.269] RX[TCP_prs2026hitl_7100]  01 0f 00 00 0c b1 e1 ff fc 92 00 5a 43 ff de 1e ff d7 00 15 00 25 0a
[17:28:21.277] PACKET[TCP_prs2026hitl_7100] sensors: status=3840, uptime=831969, filtered_accel=[-0.03512, 0.92428, -0.34696], gyro=[-2.87, 1.47, 2.59]
[17:28:21.378] RX[TCP_prs2026hitl_7100]  01 0f 00 00 0c b2 45 ff fc 9e 00 5a 43 ff de 1e ff d6 00 15 00 25 0a 02 10 00 00 0c b2 45 00 00 00 00 00 00 00 00 00 00 00 00 00 00 00 00 00 00 00 00 00 00 00 00 00 00 00 00 00 00 00 00 00 00
[17:28:21.388] PACKET[TCP_prs2026hitl_7100] sensors: status=3840, uptime=832069, filtered_accel=[-0.03464, 0.92428, -0.34696], gyro=[-2.94, 1.47, 2.59]
[17:28:21.490] RX[TCP_prs2026hitl_7100]  00 00 00 00 00 00 00 00 00 00 00 00 00 00 00 00 43 52 ab d0 13 44 0a ff 00 00 00 0c b2 45 0a
[17:28:21.498] PACKET[TCP_prs2026hitl_7100] state: status=4096, uptime=832069, orientation=[0.0, 0.0, 0.0, 0.0], position=[0.0, 0.0, 0.0], velocity=[0.0, 0.0, 0.0], latitude=0.0, longitude=0.0, gps_altitude=0.0, barometric_altitude=210.671143, witness_battery_voltage=4.932
[17:28:21.501] PACKET[TCP_prs2026hitl_7100] heartbeat: status=0, uptime=832069
[17:28:21.604] RX[TCP_prs2026hitl_7100]  01 0b 00 00 0c b2 a9 ff fc 92 00 5a 43 ff dd f9 ff d6 00 18 00 22 0a
[17:28:21.609] PACKET[TCP_prs2026hitl_7100] sensors: status=2816, uptime=832169, filtered_accel=[-0.03512, 0.92428, -0.34844], gyro=[-2.94, 1.68, 2.38]
[17:28:21.661] RX[TCP_prs2026hitl_7100]  01 0b 00 00 0c b3 0d ff fc 92 00 5a 43 ff de 05 ff d6 00 16 00 24 0a
[17:28:21.666] PACKET[TCP_prs2026hitl_7100] sensors: status=2816, uptime=832269, filtered_accel=[-0.03512, 0.92428, -0.34796], gyro=[-2.94, 1.54, 2.52]
[17:28:21.768] RX[TCP_prs2026hitl_7100]  01 0f 00 00 0c b3 71 ff fc 85 00 5a 37 ff dd f9 ff d6 00 14 00 25 0a
[17:28:21.774] PACKET[TCP_prs2026hitl_7100] sensors: status=3840, uptime=832369, filtered_accel=[-0.03564, 0.9238, -0.34844], gyro=[-2.94, 1.4, 2.59]
[17:28:21.825] RX[TCP_prs2026hitl_7100]  01 0f 00 00 0c b3 d5 ff fc 85 00 5a 37 ff de 1e ff d6 00 17 00 21 0a
[17:28:21.830] PACKET[TCP_prs2026hitl_7100] sensors: status=3840, uptime=832469, filtered_accel=[-0.03564, 0.9238, -0.34696], gyro=[-2.94, 1.61, 2.31]
[17:28:21.933] RX[TCP_prs2026hitl_7100]  01 0f 00 00 0c b4 39 ff fc 85 00 5a 43 ff de 05 ff d6 00 16 00 24 0a
[17:28:21.938] PACKET[TCP_prs2026hitl_7100] sensors: status=3840, uptime=832569, filtered_accel=[-0.03564, 0.92428, -0.34796], gyro=[-2.94, 1.54, 2.52]
[17:28:22.041] RX[TCP_prs2026hitl_7100]  01 0f 00 00 0c b4 9d ff fc 9e 00 5a 37 ff de 05 ff d6 00 15 00 24 0a
[17:28:22.047] PACKET[TCP_prs2026hitl_7100] sensors: status=3840, uptime=832669, filtered_accel=[-0.03464, 0.9238, -0.34796], gyro=[-2.94, 1.47, 2.52]
[17:28:22.098] RX[TCP_prs2026hitl_7100]  01 0f 00 00 0c b5 01 ff fc 92 00 5a 43 ff de 12 ff d6 00 15 00 25 0a
[17:28:22.106] PACKET[TCP_prs2026hitl_7100] sensors: status=3840, uptime=832769, filtered_accel=[-0.03512, 0.92428, -0.34744], gyro=[-2.94, 1.47, 2.59]
[17:28:22.107] RX[TCP_prs2026hitl_7101]  03 00 00 00 00 00 00 00 00 00 0e 8a b5 00 00 00 13 90 0a
[17:28:22.117] PACKET[TCP_prs2026hitl_7101] camera: fc_status=0, fc_uptime=0, status=0, uptime=953013, current_sense=[0.0, 0.0, 0.0], iris_battery_voltage=5.008
[17:28:22.218] RX[TCP_prs2026hitl_7100]  01 0b 00 00 0c b5 65 ff fc 92 00 5a 4f ff de 12 ff d7 00 17 00 22 0a
[17:28:22.223] PACKET[TCP_prs2026hitl_7100] sensors: status=2816, uptime=832869, filtered_accel=[-0.03512, 0.92476, -0.34744], gyro=[-2.87, 1.61, 2.38]
[17:28:22.274] RX[TCP_prs2026hitl_7100]  01 0b 00 00 0c b5 c9 ff fc 92 00 5a 43 ff dd f9 ff d5 00 15 00 24 0a
[17:28:22.279] PACKET[TCP_prs2026hitl_7100] sensors: status=2816, uptime=832969, filtered_accel=[-0.03512, 0.92428, -0.34844], gyro=[-3.01, 1.47, 2.52]
[17:28:22.381] RX[TCP_prs2026hitl_7100]  01 0f 00 00 0c b6 2d ff fc 9e 00 5a 37 ff de 12 ff d7 00 14 00 25 0a 02 10 00 00 0c b6 2d 00 00 00 00 00 00 00 00 00 00 00 00 00 00 00 00 00 00 00 00 00 00 00 00 00 00 00 00 00 00 00 00 00 00
[17:28:22.386] PACKET[TCP_prs2026hitl_7100] sensors: status=3840, uptime=833069, filtered_accel=[-0.03464, 0.9238, -0.34744], gyro=[-2.87, 1.4, 2.59]
[17:28:22.487] RX[TCP_prs2026hitl_7100]  00 00 00 00 00 00 00 00 00 00 00 00 00 00 00 00 43 52 ed 6d 13 50 0a ff 01 00 00 0c b6 2d 0a
[17:28:22.492] PACKET[TCP_prs2026hitl_7100] state: status=4096, uptime=833069, orientation=[0.0, 0.0, 0.0, 0.0], position=[0.0, 0.0, 0.0], velocity=[0.0, 0.0, 0.0], latitude=0.0, longitude=0.0, gps_altitude=0.0, barometric_altitude=210.927444, witness_battery_voltage=4.944
[17:28:22.495] PACKET[TCP_prs2026hitl_7100] heartbeat: status=256, uptime=833069
[17:28:22.598] RX[TCP_prs2026hitl_7100]  01 0f 00 00 0c b6 91 ff fc 9e 00 5a 2a ff dd f9 ff d5 00 18 00 23 0a
[17:28:22.603] PACKET[TCP_prs2026hitl_7100] sensors: status=3840, uptime=833169, filtered_accel=[-0.03464, 0.92328, -0.34844], gyro=[-3.01, 1.68, 2.45]
[17:28:22.655] RX[TCP_prs2026hitl_7100]  01 0f 00 00 0c b6 f5 ff fc 85 00 5a 43 ff de 12 ff d6 00 16 00 23 0a
[17:28:22.660] PACKET[TCP_prs2026hitl_7100] sensors: status=3840, uptime=833269, filtered_accel=[-0.03564, 0.92428, -0.34744], gyro=[-2.94, 1.54, 2.45]
[17:28:22.762] RX[TCP_prs2026hitl_7100]  01 0f 00 00 0c b7 59 ff fc 92 00 5a 37 ff de 12 ff d7 00 15 00 24 0a
[17:28:22.769] PACKET[TCP_prs2026hitl_7100] sensors: status=3840, uptime=833369, filtered_accel=[-0.03512, 0.9238, -0.34744], gyro=[-2.87, 1.47, 2.52]
[17:28:22.820] RX[TCP_prs2026hitl_7100]  01 0f 00 00 0c b7 bd ff fc 85 00 5a 43 ff dd f9 ff d7 00 15 00 25 0a
[17:28:22.824] PACKET[TCP_prs2026hitl_7100] sensors: status=3840, uptime=833469, filtered_accel=[-0.03564, 0.92428, -0.34844], gyro=[-2.87, 1.47, 2.59]
[17:28:22.925] RX[TCP_prs2026hitl_7100]  01 0b 00 00 0c b8 21 ff fc 92 00 5a 37 ff dd ed ff d6 00 17 00 23 0a
[17:28:22.931] PACKET[TCP_prs2026hitl_7100] sensors: status=2816, uptime=833569, filtered_accel=[-0.03512, 0.9238, -0.34892], gyro=[-2.94, 1.61, 2.45]
[17:28:23.032] RX[TCP_prs2026hitl_7100]  01 0b 00 00 0c b8 85 ff fc 92 00 5a 37 ff de 05 ff d7 00 15 00 24 0a
[17:28:23.038] PACKET[TCP_prs2026hitl_7100] sensors: status=2816, uptime=833669, filtered_accel=[-0.03512, 0.9238, -0.34796], gyro=[-2.87, 1.47, 2.52]
[17:28:23.089] RX[TCP_prs2026hitl_7100]  01 0f 00 00 0c b8 e9 ff fc 85 00 5a 2a ff de 05 ff d6 00 16 00 24 0a
[17:28:23.093] PACKET[TCP_prs2026hitl_7100] sensors: status=3840, uptime=833769, filtered_accel=[-0.03564, 0.92328, -0.34796], gyro=[-2.94, 1.54, 2.52]
[17:28:23.144] RX[TCP_prs2026hitl_7101]  03 00 00 00 00 00 00 00 00 00 0e 8e 9d 00 00 00 13 90 0a
[17:28:23.149] PACKET[TCP_prs2026hitl_7101] camera: fc_status=0, fc_uptime=0, status=0, uptime=954013, current_sense=[0.0, 0.0, 0.0], iris_battery_voltage=5.008
[17:28:23.200] RX[TCP_prs2026hitl_7100]  01 0f 00 00 0c b9 4d ff fc 92 00 5a 43 ff dd f9 ff d7 00 17 00 22 0a
[17:28:23.206] PACKET[TCP_prs2026hitl_7100] sensors: status=3840, uptime=833869, filtered_accel=[-0.03512, 0.92428, -0.34844], gyro=[-2.87, 1.61, 2.38]
[17:28:23.307] RX[TCP_prs2026hitl_7100]  01 0f 00 00 0c b9 b1 ff fc 92 00 5a 43 ff de 12 ff d6 00 16 00 22 0a
[17:28:23.312] PACKET[TCP_prs2026hitl_7100] sensors: status=3840, uptime=833969, filtered_accel=[-0.03512, 0.92428, -0.34744], gyro=[-2.94, 1.54, 2.38]
[17:28:23.414] RX[TCP_prs2026hitl_7100]  01 0f 00 00 0c ba 15 ff fc 92 00 5a 2a ff dd e1 ff d7 00 16 00 24 0a 02 10 00 00 0c ba 15 00 00 00 00 00 00 00 00 00 00 00 00 00 00 00 00 00 00 00 00 00 00 00 00 00 00 00 00 00 00 00 00 00 00
[17:28:23.431] PACKET[TCP_prs2026hitl_7100] sensors: status=3840, uptime=834069, filtered_accel=[-0.03512, 0.92328, -0.3494], gyro=[-2.87, 1.54, 2.52]
[17:28:23.482] RX[TCP_prs2026hitl_7100]  00 00 00 00 00 00 00 00 00 00 00 00 00 00 00 00 43 52 ed 6d 13 48 0a ff 00 00 00 0c ba 15 0a
[17:28:23.488] PACKET[TCP_prs2026hitl_7100] state: status=4096, uptime=834069, orientation=[0.0, 0.0, 0.0, 0.0], position=[0.0, 0.0, 0.0], velocity=[0.0, 0.0, 0.0], latitude=0.0, longitude=0.0, gps_altitude=0.0, barometric_altitude=210.927444, witness_battery_voltage=4.936
[17:28:23.491] PACKET[TCP_prs2026hitl_7100] heartbeat: status=0, uptime=834069
[17:28:23.593] RX[TCP_prs2026hitl_7100]  01 0f 00 00 0c ba 79 ff fc 85 00 5a 43 ff de 2a ff d7 00 15 00 25 0a
[17:28:23.598] PACKET[TCP_prs2026hitl_7100] sensors: status=3840, uptime=834169, filtered_accel=[-0.03564, 0.92428, -0.34648], gyro=[-2.87, 1.47, 2.59]
[17:28:23.699] RX[TCP_prs2026hitl_7100]  01 0b 00 00 0c ba dd ff fc 92 00 5a 4f ff de 12 ff d5 00 18 00 21 0a
[17:28:23.708] PACKET[TCP_prs2026hitl_7100] sensors: status=2816, uptime=834269, filtered_accel=[-0.03512, 0.92476, -0.34744], gyro=[-3.01, 1.68, 2.31]
[17:28:23.811] RX[TCP_prs2026hitl_7100]  01 0b 00 00 0c bb 41 ff fc 85 00 5a 37 ff de 12 ff d7 00 15 00 23 0a
[17:28:23.815] PACKET[TCP_prs2026hitl_7100] sensors: status=2816, uptime=834369, filtered_accel=[-0.03564, 0.9238, -0.34744], gyro=[-2.87, 1.47, 2.45]
[17:28:23.866] RX[TCP_prs2026hitl_7100]  01 0f 00 00 0c bb a5 ff fc 85 00 5a 37 ff dd ed ff d7 00 13 00 26 0a
[17:28:23.872] PACKET[TCP_prs2026hitl_7100] sensors: status=3840, uptime=834469, filtered_accel=[-0.03564, 0.9238, -0.34892], gyro=[-2.87, 1.33, 2.66]
[17:28:23.973] RX[TCP_prs2026hitl_7100]  01 0f 00 00 0c bc 09 ff fc 9e 00 5a 4f ff dd f9 ff d6 00 18 00 21 0a
[17:28:23.979] PACKET[TCP_prs2026hitl_7100] sensors: status=3840, uptime=834569, filtered_accel=[-0.03464, 0.92476, -0.34844], gyro=[-2.94, 1.68, 2.31]
[17:28:24.030] RX[TCP_prs2026hitl_7100]  01 0f 00 00 0c bc 6d ff fc 92 00 5a 37 ff dd f9 ff d7 00 16 00 23 0a
[17:28:24.034] PACKET[TCP_prs2026hitl_7100] sensors: status=3840, uptime=834669, filtered_accel=[-0.03512, 0.9238, -0.34844], gyro=[-2.87, 1.54, 2.45]
[17:28:24.136] RX[TCP_prs2026hitl_7101]  03 00 00 00 00 00 00 00 00 00 0e 92 85 00 00 00 13 90 0a
[17:28:24.141] PACKET[TCP_prs2026hitl_7101] camera: fc_status=0, fc_uptime=0, status=0, uptime=955013, current_sense=[0.0, 0.0, 0.0], iris_battery_voltage=5.008
[17:28:24.142] RX[TCP_prs2026hitl_7100]  01 0f 00 00 0c bc d1 ff fc 85 00 5a 2a ff de 05 ff d7 00 15 00 25 0a
[17:28:24.145] PACKET[TCP_prs2026hitl_7100] sensors: status=3840, uptime=834769, filtered_accel=[-0.03564, 0.92328, -0.34796], gyro=[-2.87, 1.47, 2.59]
[17:28:24.246] RX[TCP_prs2026hitl_7100]  01 0f 00 00 0c bd 35 ff fc 9e 00 5a 2a ff dd f9 ff d6 00 15 00 25 0a
[17:28:24.250] PACKET[TCP_prs2026hitl_7100] sensors: status=3840, uptime=834869, filtered_accel=[-0.03464, 0.92328, -0.34844], gyro=[-2.94, 1.47, 2.59]
[17:28:24.301] RX[TCP_prs2026hitl_7100]  01 0b 00 00 0c bd 99 ff fc 9e 00 5a 43 ff de 05 ff d6 00 17 00 22 0a
[17:28:24.306] PACKET[TCP_prs2026hitl_7100] sensors: status=2816, uptime=834969, filtered_accel=[-0.03464, 0.92428, -0.34796], gyro=[-2.94, 1.61, 2.38]
[17:28:24.406] RX[TCP_prs2026hitl_7100]  01 0b 00 00 0c bd fd ff fc 85 00 5a 37 ff dd ed ff d6 00 15 00 24 0a 02 10 00 00 0c bd fd 00 00 00 00 00 00 00 00 00 00 00 00 00 00 00 00 00 00 00 00 00 00 00 00 00 00 00 00 00 00 00 00 00 00 00 00 00 00 00 00 00 00 00 00 00 00 00 00 00 00 43 52 80 85 13 50 0a ff 01 00 00 0c bd fd 0a
[17:28:24.417] PACKET[TCP_prs2026hitl_7100] sensors: status=2816, uptime=835069, filtered_accel=[-0.03564, 0.9238, -0.34892], gyro=[-2.94, 1.47, 2.52]
[17:28:24.437] PACKET[TCP_prs2026hitl_7100] state: status=4096, uptime=835069, orientation=[0.0, 0.0, 0.0, 0.0], position=[0.0, 0.0, 0.0], velocity=[0.0, 0.0, 0.0], latitude=0.0, longitude=0.0, gps_altitude=0.0, barometric_altitude=210.502029, witness_battery_voltage=4.944
[17:28:24.445] PACKET[TCP_prs2026hitl_7100] heartbeat: status=256, uptime=835069
[17:28:24.498] RX[TCP_prs2026hitl_7100]  01 0f 00 00 0c be 61 ff fc 92 00 5a 2a ff de 05 ff d6 00 15 00 24 0a
[17:28:24.504] PACKET[TCP_prs2026hitl_7100] sensors: status=3840, uptime=835169, filtered_accel=[-0.03512, 0.92328, -0.34796], gyro=[-2.94, 1.47, 2.52]
[17:28:24.605] RX[TCP_prs2026hitl_7100]  01 0f 00 00 0c be c5 ff fc 9e 00 5a 43 ff de 1e ff d6 00 17 00 22 0a
[17:28:24.611] PACKET[TCP_prs2026hitl_7100] sensors: status=3840, uptime=835269, filtered_accel=[-0.03464, 0.92428, -0.34696], gyro=[-2.94, 1.61, 2.38]
[17:28:24.712] RX[TCP_prs2026hitl_7100]  01 0f 00 00 0c bf 29 ff fc 92 00 5a 43 ff de 12 ff d6 00 16 00 23 0a
[17:28:24.718] PACKET[TCP_prs2026hitl_7100] sensors: status=3840, uptime=835369, filtered_accel=[-0.03512, 0.92428, -0.34744], gyro=[-2.94, 1.54, 2.45]
[17:28:24.819] RX[TCP_prs2026hitl_7100]  01 0f 00 00 0c bf 8d ff fc 92 00 5a 2a ff dd e1 ff d6 00 16 00 24 0a
[17:28:24.824] PACKET[TCP_prs2026hitl_7100] sensors: status=3840, uptime=835469, filtered_accel=[-0.03512, 0.92328, -0.3494], gyro=[-2.94, 1.54, 2.52]
[17:28:24.875] RX[TCP_prs2026hitl_7100]  01 0b 00 00 0c bf f1 ff fc 92 00 5a 37 ff de 05 ff d6 00 15 00 26 0a
[17:28:24.884] PACKET[TCP_prs2026hitl_7100] sensors: status=2816, uptime=835569, filtered_accel=[-0.03512, 0.9238, -0.34796], gyro=[-2.94, 1.47, 2.66]
[17:28:25.037] RX[TCP_prs2026hitl_7100]  01 0b 00 00 0c c0 55 ff fc 9e 00 5a 2a ff dd f9 ff d6 00 17 00 22 0a
[17:28:25.042] PACKET[TCP_prs2026hitl_7100] sensors: status=2816, uptime=835669, filtered_accel=[-0.03464, 0.92328, -0.34844], gyro=[-2.94, 1.61, 2.38]
[17:28:25.094] RX[TCP_prs2026hitl_7100]  01 0b 00 00 0c c0 b9 ff fc 85 00 5a 43 ff de 05 ff d6 00 15 00 25 0a
[17:28:25.101] PACKET[TCP_prs2026hitl_7100] sensors: status=2816, uptime=835769, filtered_accel=[-0.03564, 0.92428, -0.34796], gyro=[-2.94, 1.47, 2.59]
[17:28:25.102] RX[TCP_prs2026hitl_7101]  03 00 00 00 00 00 00 00 00 00 0e 96 6d 00 00 00 13 90 0a
[17:28:25.108] PACKET[TCP_prs2026hitl_7101] camera: fc_status=0, fc_uptime=0, status=0, uptime=956013, current_sense=[0.0, 0.0, 0.0], iris_battery_voltage=5.008
[17:28:25.209] RX[TCP_prs2026hitl_7100]  01 0f 00 00 0c c1 1d ff fc 92 00 5a 37 ff dd f9 ff d6 00 15 00 24 0a
[17:28:25.216] PACKET[TCP_prs2026hitl_7100] sensors: status=3840, uptime=835869, filtered_accel=[-0.03512, 0.9238, -0.34844], gyro=[-2.94, 1.47, 2.52]
[17:28:25.368] RX[TCP_prs2026hitl_7100]  01 0f 00 00 0c c1 81 ff fc 85 00 5a 37 ff dd f9 ff d6 00 18 00 22 0a
[17:28:25.373] PACKET[TCP_prs2026hitl_7100] sensors: status=3840, uptime=835969, filtered_accel=[-0.03564, 0.9238, -0.34844], gyro=[-2.94, 1.68, 2.38]
[17:28:25.474] RX[TCP_prs2026hitl_7100]  01 0f 00 00 0c c1 e5 ff fc 92 00 5a 37 ff de 36 ff d5 00 17 00 23 0a 02 10 00 00 0c c1 e5 00 00 00 00 00 00 00 00 00 00 00 00 00 00 00 00 00 00 00 00 00 00 00 00 00 00 00 00 00 00 00 00 00 00 00 00 00 00 00 00 00 00 00 00 00 00 00 00 00 00 43 52 c1 75 13 50 0a ff 00 00 00 0c c1 e5 0a
[17:28:25.479] PACKET[TCP_prs2026hitl_7100] sensors: status=3840, uptime=836069, filtered_accel=[-0.03512, 0.9238, -0.346], gyro=[-3.01, 1.61, 2.45]
[17:28:25.486] PACKET[TCP_prs2026hitl_7100] state: status=4096, uptime=836069, orientation=[0.0, 0.0, 0.0, 0.0], position=[0.0, 0.0, 0.0], velocity=[0.0, 0.0, 0.0], latitude=0.0, longitude=0.0, gps_altitude=0.0, barometric_altitude=210.755692, witness_battery_voltage=4.944
[17:28:25.491] PACKET[TCP_prs2026hitl_7100] heartbeat: status=0, uptime=836069
[17:28:25.542] RX[TCP_prs2026hitl_7100]  01 0f 00 00 0c c2 49 ff fc 85 00 5a 37 ff de 12 ff d7 00 15 00 25 0a
[17:28:25.550] PACKET[TCP_prs2026hitl_7100] sensors: status=3840, uptime=836169, filtered_accel=[-0.03564, 0.9238, -0.34744], gyro=[-2.87, 1.47, 2.59]
[17:28:25.653] RX[TCP_prs2026hitl_7100]  01 0b 00 00 0c c2 ad ff fc 85 00 5a 37 ff de 05 ff d5 00 15 00 24 0a
[17:28:25.659] PACKET[TCP_prs2026hitl_7100] sensors: status=2816, uptime=836269, filtered_accel=[-0.03564, 0.9238, -0.34796], gyro=[-3.01, 1.47, 2.52]
[17:28:25.710] RX[TCP_prs2026hitl_7100]  01 0b 00 00 0c c3 11 ff fc 9e 00 5a 43 ff dd ed ff d5 00 16 00 22 0a
[17:28:25.716] PACKET[TCP_prs2026hitl_7100] sensors: status=2816, uptime=836369, filtered_accel=[-0.03464, 0.92428, -0.34892], gyro=[-3.01, 1.54, 2.38]
[17:28:25.768] RX[TCP_prs2026hitl_7100]  01 0b 00 00 0c c3 75 ff fc 92 00 5a 37 ff de 05 ff d5 00 14 00 24 0a
[17:28:25.773] PACKET[TCP_prs2026hitl_7100] sensors: status=2816, uptime=836469, filtered_accel=[-0.03512, 0.9238, -0.34796], gyro=[-3.01, 1.4, 2.52]
[17:28:25.875] RX[TCP_prs2026hitl_7100]  01 0f 00 00 0c c3 d9 ff fc 92 00 5a 43 ff dd ed ff d6 00 15 00 25 0a
[17:28:25.882] PACKET[TCP_prs2026hitl_7100] sensors: status=3840, uptime=836569, filtered_accel=[-0.03512, 0.92428, -0.34892], gyro=[-2.94, 1.47, 2.59]
[17:28:25.984] RX[TCP_prs2026hitl_7100]  01 0f 00 00 0c c4 3d ff fc 9e 00 5a 37 ff dd f9 ff d5 00 19 00 22 0a
[17:28:25.991] PACKET[TCP_prs2026hitl_7100] sensors: status=3840, uptime=836669, filtered_accel=[-0.03464, 0.9238, -0.34844], gyro=[-3.01, 1.75, 2.38]
[17:28:26.093] RX[TCP_prs2026hitl_7100]  01 0f 00 00 0c c4 a1 ff fc 85 00 5a 2a ff de 05 ff d7 00 15 00 24 0a
[17:28:26.097] PACKET[TCP_prs2026hitl_7100] sensors: status=3840, uptime=836769, filtered_accel=[-0.03564, 0.92328, -0.34796], gyro=[-2.87, 1.47, 2.52]
[17:28:26.149] RX[TCP_prs2026hitl_7101]  03 00 00 00 00 00 00 00 00 00 0e 9a 55 00 00 00 13 94 0a
[17:28:26.158] PACKET[TCP_prs2026hitl_7101] camera: fc_status=0, fc_uptime=0, status=0, uptime=957013, current_sense=[0.0, 0.0, 0.0], iris_battery_voltage=5.012
[17:28:26.209] RX[TCP_prs2026hitl_7100]  01 0f 00 00 0c c5 05 ff fc 9e 00 5a 37 ff de 05 ff d6 00 14 00 24 0a
[17:28:26.214] PACKET[TCP_prs2026hitl_7100] sensors: status=3840, uptime=836869, filtered_accel=[-0.03464, 0.9238, -0.34796], gyro=[-2.94, 1.4, 2.52]
[17:28:26.315] RX[TCP_prs2026hitl_7100]  01 0b 00 00 0c c5 69 ff fc 9e 00 5a 80 ff dd 8b ff d4 00 15 00 24 0a
[17:28:26.322] PACKET[TCP_prs2026hitl_7100] sensors: status=2816, uptime=836969, filtered_accel=[-0.03464, 0.92672, -0.35284], gyro=[-3.08, 1.47, 2.52]
[17:28:26.373] RX[TCP_prs2026hitl_7100]  01 0b 00 00 0c c5 cd ff fc cf 00 5a 74 ff dd ed ff d1 00 17 00 21 0a 02 10 00 00 0c c5 cd 00 00 00 00 00 00 00 00 00 00 00 00 00 00 00 00 00 00 00 00 00 00 00 00 00 00 00 00 00 00 00 00 00 00
[17:28:26.379] PACKET[TCP_prs2026hitl_7100] sensors: status=2816, uptime=837069, filtered_accel=[-0.03268, 0.92624, -0.34892], gyro=[-3.29, 1.61, 2.31]
[17:28:26.480] RX[TCP_prs2026hitl_7100]  00 00 00 00 00 00 00 00 00 00 00 00 00 00 00 00 43 52 d7 c8 13 50 0a ff 01 00 00 0c c5 cd 0a
[17:28:26.485] PACKET[TCP_prs2026hitl_7100] state: status=4096, uptime=837069, orientation=[0.0, 0.0, 0.0, 0.0], position=[0.0, 0.0, 0.0], velocity=[0.0, 0.0, 0.0], latitude=0.0, longitude=0.0, gps_altitude=0.0, barometric_altitude=210.842896, witness_battery_voltage=4.944
[17:28:26.489] PACKET[TCP_prs2026hitl_7100] heartbeat: status=256, uptime=837069
[17:28:26.590] RX[TCP_prs2026hitl_7100]  01 0b 00 00 0c c6 31 ff fc b6 00 5a 4f ff de 2a ff d4 00 15 00 25 0a
[17:28:26.595] PACKET[TCP_prs2026hitl_7100] sensors: status=2816, uptime=837169, filtered_accel=[-0.03368, 0.92476, -0.34648], gyro=[-3.08, 1.47, 2.59]
[17:28:26.646] RX[TCP_prs2026hitl_7100]  01 0f 00 00 0c c6 95 ff fc 85 00 5a 43 ff de 2a ff d6 00 14 00 25 0a
[17:28:26.653] PACKET[TCP_prs2026hitl_7100] sensors: status=3840, uptime=837269, filtered_accel=[-0.03564, 0.92428, -0.34648], gyro=[-2.94, 1.4, 2.59]
[17:28:26.705] RX[TCP_prs2026hitl_7100]  01 0f 00 00 0c c6 f9 ff fc 85 00 5a 43 ff dd f9 ff d6 00 18 00 22 0a
[17:28:26.715] PACKET[TCP_prs2026hitl_7100] sensors: status=3840, uptime=837369, filtered_accel=[-0.03564, 0.92428, -0.34844], gyro=[-2.94, 1.68, 2.38]
[17:28:26.816] RX[TCP_prs2026hitl_7100]  01 0f 00 00 0c c7 5d ff fc b6 00 5a 37 ff de 1e ff d6 00 16 00 24 0a
[17:28:26.822] PACKET[TCP_prs2026hitl_7100] sensors: status=3840, uptime=837469, filtered_accel=[-0.03368, 0.9238, -0.34696], gyro=[-2.94, 1.54, 2.52]
[17:28:26.924] RX[TCP_prs2026hitl_7100]  01 0f 00 00 0c c7 c1 ff fc 92 00 5a 37 ff de 2a ff d7 00 15 00 25 0a
[17:28:26.930] PACKET[TCP_prs2026hitl_7100] sensors: status=3840, uptime=837569, filtered_accel=[-0.03512, 0.9238, -0.34648], gyro=[-2.87, 1.47, 2.59]
[17:28:27.033] RX[TCP_prs2026hitl_7100]  01 0b 00 00 0c c8 25 ff fc 6d 00 5a 12 ff de 2a ff d6 00 16 00 25 0a
[17:28:27.038] PACKET[TCP_prs2026hitl_7100] sensors: status=2816, uptime=837669, filtered_accel=[-0.0366, 0.92232, -0.34648], gyro=[-2.94, 1.54, 2.59]
[17:28:27.089] RX[TCP_prs2026hitl_7100]  01 0b 00 00 0c c8 89 ff fc 85 00 5a 37 ff de 05 ff d6 00 18 00 23 0a
[17:28:27.094] PACKET[TCP_prs2026hitl_7100] sensors: status=2816, uptime=837769, filtered_accel=[-0.03564, 0.9238, -0.34796], gyro=[-2.94, 1.68, 2.45]
[17:28:27.145] RX[TCP_prs2026hitl_7101]  03 00 00 00 00 00 00 00 00 00 0e 9e 3d 00 00 00 13 90 0a
[17:28:27.155] PACKET[TCP_prs2026hitl_7101] camera: fc_status=0, fc_uptime=0, status=0, uptime=958013, current_sense=[0.0, 0.0, 0.0], iris_battery_voltage=5.008
[17:28:27.207] RX[TCP_prs2026hitl_7100]  01 0b 00 00 0c c8 ed ff fc 85 00 5a 74 ff de 12 ff d6 00 14 00 25 0a
[17:28:27.211] PACKET[TCP_prs2026hitl_7100] sensors: status=2816, uptime=837869, filtered_accel=[-0.03564, 0.92624, -0.34744], gyro=[-2.94, 1.4, 2.59]
[17:28:27.312] RX[TCP_prs2026hitl_7100]  01 0f 00 00 0c c9 51 ff fc 9e 00 5a 5b ff de 1e ff d6 00 15 00 25 0a
[17:28:27.316] PACKET[TCP_prs2026hitl_7100] sensors: status=3840, uptime=837969, filtered_accel=[-0.03464, 0.92524, -0.34696], gyro=[-2.94, 1.47, 2.59]
[17:28:27.366] RX[TCP_prs2026hitl_7100]  01 0f 00 00 0c c9 b5 ff fc aa 00 5a 74 ff dd bc ff d4 00 19 00 22 0a 02 10 00 00 0c c9 b5 00 00 00 00 00 00 00 00 00 00 00 00 00 00 00 00 00 00 00 00 00 00 00 00 00 00 00 00 00 00 00 00 00 00
[17:28:27.376] PACKET[TCP_prs2026hitl_7100] sensors: status=3840, uptime=838069, filtered_accel=[-0.03416, 0.92624, -0.35088], gyro=[-3.08, 1.75, 2.38]
[17:28:27.477] RX[TCP_prs2026hitl_7100]  00 00 00 00 00 00 00 00 00 00 00 00 00 00 00 00 43 52 96 2b 13 50 0a ff 00 00 00 0c c9 b5 0a
[17:28:27.482] PACKET[TCP_prs2026hitl_7100] state: status=4096, uptime=838069, orientation=[0.0, 0.0, 0.0, 0.0], position=[0.0, 0.0, 0.0], velocity=[0.0, 0.0, 0.0], latitude=0.0, longitude=0.0, gps_altitude=0.0, barometric_altitude=210.586594, witness_battery_voltage=4.944
[17:28:27.486] PACKET[TCP_prs2026hitl_7100] heartbeat: status=0, uptime=838069
[17:28:27.538] RX[TCP_prs2026hitl_7100]  01 0f 00 00 0c ca 19 ff fc 61 00 5a 37 ff de 1e ff d6 00 17 00 23 0a
[17:28:27.545] PACKET[TCP_prs2026hitl_7100] sensors: status=3840, uptime=838169, filtered_accel=[-0.03708, 0.9238, -0.34696], gyro=[-2.94, 1.61, 2.45]
[17:28:27.650] RX[TCP_prs2026hitl_7100]  01 0f 00 00 0c ca 7d ff fc 85 00 5a 43 ff de 2a ff d5 00 15 00 25 0a
[17:28:27.657] PACKET[TCP_prs2026hitl_7100] sensors: status=3840, uptime=838269, filtered_accel=[-0.03564, 0.92428, -0.34648], gyro=[-3.01, 1.47, 2.59]
[17:28:27.759] RX[TCP_prs2026hitl_7100]  01 0b 00 00 0c ca e1 ff fc 92 00 5a 2a ff de 1e ff d6 00 15 00 26 0a
[17:28:27.765] PACKET[TCP_prs2026hitl_7100] sensors: status=2816, uptime=838369, filtered_accel=[-0.03512, 0.92328, -0.34696], gyro=[-2.94, 1.47, 2.66]
[17:28:27.818] RX[TCP_prs2026hitl_7100]  01 0b 00 00 0c cb 45 ff fc aa 00 5a 67 ff dd f9 ff d7 00 18 00 22 0a
[17:28:27.826] PACKET[TCP_prs2026hitl_7100] sensors: status=2816, uptime=838469, filtered_accel=[-0.03416, 0.92572, -0.34844], gyro=[-2.87, 1.68, 2.38]
[17:28:27.930] RX[TCP_prs2026hitl_7100]  01 0b 00 00 0c cb a9 ff fc 92 00 5a 2a ff de 12 ff d4 00 15 00 24 0a
[17:28:27.939] PACKET[TCP_prs2026hitl_7100] sensors: status=2816, uptime=838569, filtered_accel=[-0.03512, 0.92328, -0.34744], gyro=[-3.08, 1.47, 2.52]
[17:28:27.991] RX[TCP_prs2026hitl_7100]  01 0f 00 00 0c cc 0d ff fc 9e 00 5a 37 ff dd ed ff d6 00 15 00 25 0a
[17:28:27.995] PACKET[TCP_prs2026hitl_7100] sensors: status=3840, uptime=838669, filtered_accel=[-0.03464, 0.9238, -0.34892], gyro=[-2.94, 1.47, 2.59]
[17:28:28.097] RX[TCP_prs2026hitl_7100]  01 0f 00 00 0c cc 71 ff fc 85 00 5a 37 ff dd c8 ff d6 00 18 00 21 0a
[17:28:28.102] PACKET[TCP_prs2026hitl_7100] sensors: status=3840, uptime=838769, filtered_accel=[-0.03564, 0.9238, -0.3504], gyro=[-2.94, 1.68, 2.31]
[17:28:28.103] RX[TCP_prs2026hitl_7101]  03 00 00 00 00 00 00 00 00 00 0e a2 25 00 00 00 13 94 0a
[17:28:28.107] PACKET[TCP_prs2026hitl_7101] camera: fc_status=0, fc_uptime=0, status=0, uptime=959013, current_sense=[0.0, 0.0, 0.0], iris_battery_voltage=5.012
[17:28:28.208] RX[TCP_prs2026hitl_7100]  01 0f 00 00 0c cc d5 ff fc 85 00 5a 37 ff dd ed ff d7 00 17 00 23 0a
[17:28:28.213] PACKET[TCP_prs2026hitl_7100] sensors: status=3840, uptime=838869, filtered_accel=[-0.03564, 0.9238, -0.34892], gyro=[-2.87, 1.61, 2.45]
[17:28:28.314] RX[TCP_prs2026hitl_7100]  01 0f 00 00 0c cd 39 ff fc 92 00 5a 2a ff dd ed ff d7 00 15 00 25 0a
[17:28:28.322] PACKET[TCP_prs2026hitl_7100] sensors: status=3840, uptime=838969, filtered_accel=[-0.03512, 0.92328, -0.34892], gyro=[-2.87, 1.47, 2.59]
[17:28:28.372] RX[TCP_prs2026hitl_7100]  01 0b 00 00 0c cd 9d ff fc 9e 00 5a 1e ff de 05 ff d7 00 16 00 25 0a 02 10 00 00 0c cd 9d 00 00 00 00 00 00 00 00 00 00 00 00 00 00 00 00 00 00 00 00 00 00 00 00 00 00 00 00 00 00 00 00 00 00
[17:28:28.379] PACKET[TCP_prs2026hitl_7100] sensors: status=2816, uptime=839069, filtered_accel=[-0.03464, 0.9228, -0.34796], gyro=[-2.87, 1.54, 2.59]
[17:28:28.480] RX[TCP_prs2026hitl_7100]  00 00 00 00 00 00 00 00 00 00 00 00 00 00 00 00 43 52 ab d0 13 50 0a ff 01 00 00 0c cd 9d 0a
[17:28:28.486] PACKET[TCP_prs2026hitl_7100] state: status=4096, uptime=839069, orientation=[0.0, 0.0, 0.0, 0.0], position=[0.0, 0.0, 0.0], velocity=[0.0, 0.0, 0.0], latitude=0.0, longitude=0.0, gps_altitude=0.0, barometric_altitude=210.671143, witness_battery_voltage=4.944
[17:28:28.490] PACKET[TCP_prs2026hitl_7100] heartbeat: status=256, uptime=839069
[17:28:28.593] RX[TCP_prs2026hitl_7100]  01 0b 00 00 0c ce 01 ff fc 92 00 5a 43 ff de 12 ff d4 00 17 00 23 0a
[17:28:28.600] PACKET[TCP_prs2026hitl_7100] sensors: status=2816, uptime=839169, filtered_accel=[-0.03512, 0.92428, -0.34744], gyro=[-3.08, 1.61, 2.45]
[17:28:28.701] RX[TCP_prs2026hitl_7100]  01 0b 00 00 0c ce 65 ff fc 85 00 5a 37 ff de 05 ff d6 00 16 00 23 0a
[17:28:28.710] PACKET[TCP_prs2026hitl_7100] sensors: status=2816, uptime=839269, filtered_accel=[-0.03564, 0.9238, -0.34796], gyro=[-2.94, 1.54, 2.45]
[17:28:28.811] RX[TCP_prs2026hitl_7100]  01 0f 00 00 0c ce c9 ff fc 92 00 5a 43 ff dd f9 ff d7 00 16 00 24 0a
[17:28:28.816] PACKET[TCP_prs2026hitl_7100] sensors: status=3840, uptime=839369, filtered_accel=[-0.03512, 0.92428, -0.34844], gyro=[-2.87, 1.54, 2.52]
[17:28:28.971] RX[TCP_prs2026hitl_7100]  01 0f 00 00 0c cf 2d ff fc 92 00 5a 43 ff de 2a ff d6 00 18 00 21 0a
[17:28:28.975] PACKET[TCP_prs2026hitl_7100] sensors: status=3840, uptime=839469, filtered_accel=[-0.03512, 0.92428, -0.34648], gyro=[-2.94, 1.68, 2.31]
[17:28:29.078] RX[TCP_prs2026hitl_7100]  01 0f 00 00 0c cf 91 ff fc 92 00 5a 5b ff de 42 ff d6 00 16 00 23 0a 01 0f 00 00 0c cf f5 ff fc 92 00 5a 37 ff dd ed ff d8 00 15 00 25 0a
[17:28:29.081] PACKET[TCP_prs2026hitl_7100] sensors: status=3840, uptime=839569, filtered_accel=[-0.03512, 0.92524, -0.34552], gyro=[-2.94, 1.54, 2.45]
[17:28:29.083] PACKET[TCP_prs2026hitl_7100] sensors: status=3840, uptime=839669, filtered_accel=[-0.03512, 0.9238, -0.34892], gyro=[-2.8, 1.47, 2.59]
[17:28:29.134] RX[TCP_prs2026hitl_7101]  03 00 00 00 00 00 00 00 00 00 0e a6 0d 00 00 00 13 94 0a
[17:28:29.138] PACKET[TCP_prs2026hitl_7101] camera: fc_status=0, fc_uptime=0, status=0, uptime=960013, current_sense=[0.0, 0.0, 0.0], iris_battery_voltage=5.012
[17:28:29.138] RX[TCP_prs2026hitl_7100]  01 0b 00 00 0c d0 59 ff fc 85 00 5a 06 ff de 12 ff d5 00 15 00 25 0a
[17:28:29.140] PACKET[TCP_prs2026hitl_7100] sensors: status=2816, uptime=839769, filtered_accel=[-0.03564, 0.92184, -0.34744], gyro=[-3.01, 1.47, 2.59]
[17:28:29.241] RX[TCP_prs2026hitl_7100]  01 0b 00 00 0c d0 bd ff fc 92 00 5a d5 ff dc 2a ff d3 00 18 00 2a 0a
[17:28:29.246] PACKET[TCP_prs2026hitl_7100] sensors: status=2816, uptime=839869, filtered_accel=[-0.03512, 0.93012, -0.36696], gyro=[-3.15, 1.68, 2.94]
[17:28:29.347] RX[TCP_prs2026hitl_7100]  01 0b 00 00 0c d1 21 ff fd 3c 00 5a ee ff dc 73 ff d3 00 13 00 24 0a
[17:28:29.350] PACKET[TCP_prs2026hitl_7100] sensors: status=2816, uptime=839969, filtered_accel=[-0.02832, 0.93112, -0.36404], gyro=[-3.15, 1.33, 2.52]
[17:28:29.401] RX[TCP_prs2026hitl_7100]  01 0f 00 00 0c d1 85 ff fc e7 00 5a b1 ff dd 5b ff d7 00 16 00 25 0a 02 10 00 00 0c d1 85 00 00 00 00 00 00 00 00 00 00 00 00 00 00 00 00 00 00 00 00 00 00 00 00 00 00 00 00 00 00 00 00 00 00 00 00 00 00 00 00 00 00 00 00 00 00 00 00 00 00 43 52 c1 75 13 50 0a ff 00 00 00 0c d1 85 0a
[17:28:29.404] PACKET[TCP_prs2026hitl_7100] sensors: status=3840, uptime=840069, filtered_accel=[-0.03172, 0.92868, -0.35476], gyro=[-2.87, 1.54, 2.59]
[17:28:29.406] PACKET[TCP_prs2026hitl_7100] state: status=4096, uptime=840069, orientation=[0.0, 0.0, 0.0, 0.0], position=[0.0, 0.0, 0.0], velocity=[0.0, 0.0, 0.0], latitude=0.0, longitude=0.0, gps_altitude=0.0, barometric_altitude=210.755692, witness_battery_voltage=4.944
[17:28:29.408] PACKET[TCP_prs2026hitl_7100] heartbeat: status=0, uptime=840069
[17:28:29.510] RX[TCP_prs2026hitl_7100]  01 0f 00 00 0c d1 e9 ff fc db 00 5a 98 ff de 7f ff d1 00 16 00 22 0a
[17:28:29.516] PACKET[TCP_prs2026hitl_7100] sensors: status=3840, uptime=840169, filtered_accel=[-0.0322, 0.92768, -0.34308], gyro=[-3.29, 1.54, 2.38]
[17:28:29.567] RX[TCP_prs2026hitl_7100]  01 0f 00 00 0c d2 4d ff fc aa 00 5a 37 ff dd f9 ff d6 00 16 00 24 0a
[17:28:29.570] PACKET[TCP_prs2026hitl_7100] sensors: status=3840, uptime=840269, filtered_accel=[-0.03416, 0.9238, -0.34844], gyro=[-2.94, 1.54, 2.52]
[17:28:29.722] RX[TCP_prs2026hitl_7100]  01 0f 00 00 0c d2 b1 ff fc 9e 00 5a 43 ff dd f9 ff d7 00 15 00 24 0a
[17:28:29.725] PACKET[TCP_prs2026hitl_7100] sensors: status=3840, uptime=840369, filtered_accel=[-0.03464, 0.92428, -0.34844], gyro=[-2.87, 1.47, 2.52]
[17:28:29.876] RX[TCP_prs2026hitl_7100]  01 0b 00 00 0c d3 15 ff fc 85 00 5a 37 ff de 98 ff d6 00 15 00 24 0a
[17:28:29.879] PACKET[TCP_prs2026hitl_7100] sensors: status=2816, uptime=840469, filtered_accel=[-0.03564, 0.9238, -0.34208], gyro=[-2.94, 1.47, 2.52]
[17:28:29.933] RX[TCP_prs2026hitl_7100]  01 0b 00 00 0c d3 79 ff fc aa 00 5a 4f ff dd ed ff d5 00 16 00 23 0a
[17:28:29.936] PACKET[TCP_prs2026hitl_7100] sensors: status=2816, uptime=840569, filtered_accel=[-0.03416, 0.92476, -0.34892], gyro=[-3.01, 1.54, 2.45]
[17:28:30.037] RX[TCP_prs2026hitl_7100]  01 0b 00 00 0c d3 dd ff fc b6 00 5a 43 ff de a4 ff d8 00 16 00 25 0a
[17:28:30.040] PACKET[TCP_prs2026hitl_7100] sensors: status=2816, uptime=840669, filtered_accel=[-0.03368, 0.92428, -0.3416], gyro=[-2.8, 1.54, 2.59]
[17:28:30.091] RX[TCP_prs2026hitl_7100]  01 0f 00 00 0c d4 41 ff fd 3c 00 5b 1e ff de 8c ff d4 00 15 00 25 0a
[17:28:30.094] PACKET[TCP_prs2026hitl_7100] sensors: status=3840, uptime=840769, filtered_accel=[-0.02832, 0.93304, -0.34256], gyro=[-3.08, 1.47, 2.59]
[17:28:30.145] RX[TCP_prs2026hitl_7101]  03 00 00 00 00 00 00 00 00 00 0e a9 f5 00 00 00 13 94 0a
[17:28:30.160] PACKET[TCP_prs2026hitl_7101] camera: fc_status=0, fc_uptime=0, status=0, uptime=961013, current_sense=[0.0, 0.0, 0.0], iris_battery_voltage=5.012
[17:28:30.160] RX[TCP_prs2026hitl_7100]  01 0f 00 00 0c d4 a5 ff fc 9e 00 5a 43 ff de 1e ff d5 00 17 00 22 0a
[17:28:30.163] PACKET[TCP_prs2026hitl_7100] sensors: status=3840, uptime=840869, filtered_accel=[-0.03464, 0.92428, -0.34696], gyro=[-3.01, 1.61, 2.38]
[17:28:30.265] RX[TCP_prs2026hitl_7100]  01 0f 00 00 0c d5 09 ff fc 85 00 5a 37 ff de 2a ff d6 00 16 00 24 0a
[17:28:30.269] PACKET[TCP_prs2026hitl_7100] sensors: status=3840, uptime=840969, filtered_accel=[-0.03564, 0.9238, -0.34648], gyro=[-2.94, 1.54, 2.52]
[17:28:30.370] RX[TCP_prs2026hitl_7100]  01 0f 00 00 0c d5 6d ff fc 30 00 59 d5 ff dd bc ff d9 00 14 00 23 0a 02 10 00 00 0c d5 6d 00 00 00 00 00 00 00 00 00 00 00 00 00 00 00 00 00 00 00 00 00 00 00 00 00 00 00 00 00 00 00 00 00 00
[17:28:30.373] PACKET[TCP_prs2026hitl_7100] sensors: status=3840, uptime=841069, filtered_accel=[-0.03904, 0.91988, -0.35088], gyro=[-2.73, 1.4, 2.45]
[17:28:30.474] RX[TCP_prs2026hitl_7100]  00 00 00 00 00 00 00 00 00 00 00 00 00 00 00 00 43 52 ed 6d 13 48 0a ff 01 00 00 0c d5 6d 0a
[17:28:30.477] PACKET[TCP_prs2026hitl_7100] state: status=4096, uptime=841069, orientation=[0.0, 0.0, 0.0, 0.0], position=[0.0, 0.0, 0.0], velocity=[0.0, 0.0, 0.0], latitude=0.0, longitude=0.0, gps_altitude=0.0, barometric_altitude=210.927444, witness_battery_voltage=4.936
[17:28:30.479] PACKET[TCP_prs2026hitl_7100] heartbeat: status=256, uptime=841069
[17:28:30.530] RX[TCP_prs2026hitl_7100]  01 0b 00 00 0c d5 d1 ff fc 6d 00 5a 37 ff de bc ff da 00 17 00 24 0a
[17:28:30.534] PACKET[TCP_prs2026hitl_7100] sensors: status=2816, uptime=841169, filtered_accel=[-0.0366, 0.9238, -0.34064], gyro=[-2.66, 1.61, 2.52]
[17:28:30.634] RX[TCP_prs2026hitl_7100]  01 0b 00 00 0c d6 35 ff fc 9e 00 5a 43 ff de 12 ff d4 00 17 00 22 0a
[17:28:30.639] PACKET[TCP_prs2026hitl_7100] sensors: status=2816, uptime=841269, filtered_accel=[-0.03464, 0.92428, -0.34744], gyro=[-3.08, 1.61, 2.38]
[17:28:30.690] RX[TCP_prs2026hitl_7100]  01 0b 00 00 0c d6 99 ff fc 85 00 59 ed ff de bc ff d5 00 15 00 25 0a
[17:28:30.693] PACKET[TCP_prs2026hitl_7100] sensors: status=2816, uptime=841369, filtered_accel=[-0.03564, 0.92084, -0.34064], gyro=[-3.01, 1.47, 2.59]
[17:28:30.795] RX[TCP_prs2026hitl_7100]  01 0f 00 00 0c d6 fd ff fc 6d 00 5a 2a ff de 36 ff d8 00 15 00 24 0a
[17:28:30.799] PACKET[TCP_prs2026hitl_7100] sensors: status=3840, uptime=841469, filtered_accel=[-0.0366, 0.92328, -0.346], gyro=[-2.8, 1.47, 2.52]
[17:28:30.901] RX[TCP_prs2026hitl_7100]  01 0f 00 00 0c d7 61 ff fc 85 00 5a 4f ff de 1e ff d4 00 17 00 22 0a
[17:28:30.919] PACKET[TCP_prs2026hitl_7100] sensors: status=3840, uptime=841569, filtered_accel=[-0.03564, 0.92476, -0.34696], gyro=[-3.08, 1.61, 2.38]
[17:28:30.990] RX[TCP_prs2026hitl_7100]  01 0f 00 00 0c d7 c5 ff fc c2 00 5a 12 ff dd 98 ff d5 00 16 00 24 0a
[17:28:31.014] PACKET[TCP_prs2026hitl_7100] sensors: status=3840, uptime=841669, filtered_accel=[-0.0332, 0.92232, -0.35232], gyro=[-3.01, 1.54, 2.52]
[17:28:31.066] RX[TCP_prs2026hitl_7100]  01 0f 00 00 0c d8 29 ff fc aa 00 5a ee ff de 8c ff cc 00 11 00 24 0a
[17:28:31.072] PACKET[TCP_prs2026hitl_7100] sensors: status=3840, uptime=841769, filtered_accel=[-0.03416, 0.93112, -0.34256], gyro=[-3.64, 1.19, 2.52]
[17:28:31.123] RX[TCP_prs2026hitl_7101]  03 00 00 00 00 00 00 00 00 00 0e ad dd 00 00 00 13 94 0a
[17:28:31.126] PACKET[TCP_prs2026hitl_7101] camera: fc_status=0, fc_uptime=0, status=0, uptime=962013, current_sense=[0.0, 0.0, 0.0], iris_battery_voltage=5.012
[17:28:31.177] RX[TCP_prs2026hitl_7100]  01 0b 00 00 0c d8 8d ff fc 6d 00 5a 37 ff de e1 ff d1 00 15 00 24 0a
[17:28:31.180] PACKET[TCP_prs2026hitl_7100] sensors: status=2816, uptime=841869, filtered_accel=[-0.0366, 0.9238, -0.33916], gyro=[-3.29, 1.47, 2.52]
[17:28:31.282] RX[TCP_prs2026hitl_7100]  01 0b 00 00 0c d8 f1 ff fc 30 00 59 d5 ff dd 98 ff da 00 18 00 23 0a
[17:28:31.295] PACKET[TCP_prs2026hitl_7100] sensors: status=2816, uptime=841969, filtered_accel=[-0.03904, 0.91988, -0.35232], gyro=[-2.66, 1.68, 2.45]
[17:28:31.430] RX[TCP_prs2026hitl_7100]  01 0b 00 00 0c d9 55 ff fc 79 00 5a 37 ff dd ed ff d4 00 15 00 25 0a 02 10 00 00 0c d9 55 00 00 00 00 00 00 00 00 00 00 00 00 00 00 00 00 00 00 00 00 00 00 00 00 00 00 00 00 00 00 00 00 00 00
[17:28:31.482] PACKET[TCP_prs2026hitl_7100] sensors: status=2816, uptime=842069, filtered_accel=[-0.03612, 0.9238, -0.34892], gyro=[-3.08, 1.47, 2.59]
[17:28:31.487] RX[TCP_prs2026hitl_7100]  00 00 00 00 00 00 00 00 00 00 00 00 00 00 00 00 43 52 ab d0 13 54 0a ff 00 00 00 0c d9 55 0a
[17:28:31.496] PACKET[TCP_prs2026hitl_7100] state: status=4096, uptime=842069, orientation=[0.0, 0.0, 0.0, 0.0], position=[0.0, 0.0, 0.0], velocity=[0.0, 0.0, 0.0], latitude=0.0, longitude=0.0, gps_altitude=0.0, barometric_altitude=210.671143, witness_battery_voltage=4.948
[17:28:31.507] PACKET[TCP_prs2026hitl_7100] heartbeat: status=0, uptime=842069
[17:28:31.561] RX[TCP_prs2026hitl_7100]  01 0f 00 00 0c d9 b9 ff fc 85 00 5a 37 ff de 42 ff d6 00 15 00 26 0a
[17:28:31.567] PACKET[TCP_prs2026hitl_7100] sensors: status=3840, uptime=842169, filtered_accel=[-0.03564, 0.9238, -0.34552], gyro=[-2.94, 1.47, 2.66]
[17:28:31.619] RX[TCP_prs2026hitl_7100]  01 0f 00 00 0c da 1d ff fc 85 00 5a 43 ff de 1e ff d5 00 18 00 22 0a
[17:28:31.657] PACKET[TCP_prs2026hitl_7100] sensors: status=3840, uptime=842269, filtered_accel=[-0.03564, 0.92428, -0.34696], gyro=[-3.01, 1.68, 2.38]
[17:28:31.741] RX[TCP_prs2026hitl_7100]  01 0f 00 00 0c da 81 ff fc 92 00 5a 37 ff de 05 ff d6 00 16 00 24 0a
[17:28:31.751] PACKET[TCP_prs2026hitl_7100] sensors: status=3840, uptime=842369, filtered_accel=[-0.03512, 0.9238, -0.34796], gyro=[-2.94, 1.54, 2.52]
[17:28:31.819] RX[TCP_prs2026hitl_7100]  01 0f 00 00 0c da e5 ff fc 85 00 5a 4f ff dd bc ff d7 00 15 00 24 0a
[17:28:31.829] PACKET[TCP_prs2026hitl_7100] sensors: status=3840, uptime=842469, filtered_accel=[-0.03564, 0.92476, -0.35088], gyro=[-2.87, 1.47, 2.52]
[17:28:31.883] RX[TCP_prs2026hitl_7100]  01 0b 00 00 0c db 49 ff fc 9e 00 5a 4f ff dd ed ff d6 00 17 00 23 0a
[17:28:31.886] PACKET[TCP_prs2026hitl_7100] sensors: status=2816, uptime=842569, filtered_accel=[-0.03464, 0.92476, -0.34892], gyro=[-2.94, 1.61, 2.45]
[17:28:31.986] RX[TCP_prs2026hitl_7100]  01 0b 00 00 0c db ad ff fc 9e 00 5a 43 ff de 12 ff d6 00 16 00 24 0a
[17:28:31.990] PACKET[TCP_prs2026hitl_7100] sensors: status=2816, uptime=842669, filtered_accel=[-0.03464, 0.92428, -0.34744], gyro=[-2.94, 1.54, 2.52]
[17:28:32.091] RX[TCP_prs2026hitl_7100]  01 0b 00 00 0c dc 11 ff fc ff 00 5a d5 ff de 12 ff d2 00 14 00 26 0a
[17:28:32.094] PACKET[TCP_prs2026hitl_7100] sensors: status=2816, uptime=842769, filtered_accel=[-0.03076, 0.93012, -0.34744], gyro=[-3.22, 1.4, 2.66]
[17:28:32.145] RX[TCP_prs2026hitl_7101]  03 00 00 00 00 00 00 00 00 00 0e b1 c5 00 00 00 13 90 0a
[17:28:32.156] PACKET[TCP_prs2026hitl_7101] camera: fc_status=0, fc_uptime=0, status=0, uptime=963013, current_sense=[0.0, 0.0, 0.0], iris_battery_voltage=5.008
[17:28:32.207] RX[TCP_prs2026hitl_7100]  01 0f 00 00 0c dc 75 ff fc cf 00 5a a4 ff de 05 ff d4 00 13 00 25 0a
[17:28:32.211] PACKET[TCP_prs2026hitl_7100] sensors: status=3840, uptime=842869, filtered_accel=[-0.03268, 0.92816, -0.34796], gyro=[-3.08, 1.33, 2.59]
[17:28:32.312] RX[TCP_prs2026hitl_7100]  01 0f 00 00 0c dc d9 ff fc 9e 00 5a 43 ff de 12 ff d6 00 17 00 23 0a
[17:28:32.315] PACKET[TCP_prs2026hitl_7100] sensors: status=3840, uptime=842969, filtered_accel=[-0.03464, 0.92428, -0.34744], gyro=[-2.94, 1.61, 2.45]
[17:28:32.365] RX[TCP_prs2026hitl_7100]  01 0f 00 00 0c dd 3d ff fc 92 00 5a 43 ff de 12 ff d6 00 16 00 23 0a 02 10 00 00 0c dd 3d 00 00 00 00 00 00 00 00 00 00 00 00 00 00 00 00 00 00 00 00 00 00 00 00 00 00 00 00 00 00 00 00 00 00
[17:28:32.371] PACKET[TCP_prs2026hitl_7100] sensors: status=3840, uptime=843069, filtered_accel=[-0.03512, 0.92428, -0.34744], gyro=[-2.94, 1.54, 2.45]
[17:28:32.472] RX[TCP_prs2026hitl_7100]  00 00 00 00 00 00 00 00 00 00 00 00 00 00 00 00 43 52 c1 75 13 48 0a ff 01 00 00 0c dd 3d 0a
[17:28:32.479] PACKET[TCP_prs2026hitl_7100] state: status=4096, uptime=843069, orientation=[0.0, 0.0, 0.0, 0.0], position=[0.0, 0.0, 0.0], velocity=[0.0, 0.0, 0.0], latitude=0.0, longitude=0.0, gps_altitude=0.0, barometric_altitude=210.755692, witness_battery_voltage=4.936
[17:28:32.483] PACKET[TCP_prs2026hitl_7100] heartbeat: status=256, uptime=843069
[17:28:32.541] RX[TCP_prs2026hitl_7100]  01 0f 00 00 0c dd a1 ff fc 3c 00 59 c9 ff dd b0 ff d6 00 15 00 24 0a
[17:28:32.551] PACKET[TCP_prs2026hitl_7100] sensors: status=3840, uptime=843169, filtered_accel=[-0.03856, 0.9194, -0.35136], gyro=[-2.94, 1.47, 2.52]
[17:28:32.654] RX[TCP_prs2026hitl_7100]  01 0b 00 00 0c de 05 ff fc 92 00 5a 43 ff de b0 ff d7 00 17 00 23 0a
[17:28:32.657] PACKET[TCP_prs2026hitl_7100] sensors: status=2816, uptime=843269, filtered_accel=[-0.03512, 0.92428, -0.34112], gyro=[-2.87, 1.61, 2.45]
[17:28:32.709] RX[TCP_prs2026hitl_7100]  01 0b 00 00 0c de 69 ff fc aa 00 5a 5b ff de 5b ff d5 00 16 00 24 0a
[17:28:32.712] PACKET[TCP_prs2026hitl_7100] sensors: status=2816, uptime=843369, filtered_accel=[-0.03416, 0.92524, -0.34452], gyro=[-3.01, 1.54, 2.52]
[17:28:32.813] RX[TCP_prs2026hitl_7100]  01 0b 00 00 0c de cd ff fc 9e 00 5a 4f ff dd d5 ff d5 00 15 00 24 0a
[17:28:32.816] PACKET[TCP_prs2026hitl_7100] sensors: status=2816, uptime=843469, filtered_accel=[-0.03464, 0.92476, -0.34988], gyro=[-3.01, 1.47, 2.52]
[17:28:32.919] RX[TCP_prs2026hitl_7100]  01 0f 00 00 0c df 31 ff fc 79 00 5a 37 ff de 05 ff d7 00 15 00 24 0a
[17:28:32.922] PACKET[TCP_prs2026hitl_7100] sensors: status=3840, uptime=843569, filtered_accel=[-0.03612, 0.9238, -0.34796], gyro=[-2.87, 1.47, 2.52]
[17:28:32.972] RX[TCP_prs2026hitl_7100]  01 0f 00 00 0c df 95 ff fc 79 00 5a 06 ff de 12 ff d6 00 18 00 22 0a
[17:28:32.978] PACKET[TCP_prs2026hitl_7100] sensors: status=3840, uptime=843669, filtered_accel=[-0.03612, 0.92184, -0.34744], gyro=[-2.94, 1.68, 2.38]
[17:28:33.079] RX[TCP_prs2026hitl_7100]  01 0f 00 00 0c df f9 ff fc b6 00 5a 43 ff dd f9 ff d6 00 15 00 23 0a
[17:28:33.084] PACKET[TCP_prs2026hitl_7100] sensors: status=3840, uptime=843769, filtered_accel=[-0.03368, 0.92428, -0.34844], gyro=[-2.94, 1.47, 2.45]
[17:28:33.136] RX[TCP_prs2026hitl_7101]  03 00 00 00 00 00 00 00 00 00 0e b5 ad 00 00 00 13 94 0a
[17:28:33.138] PACKET[TCP_prs2026hitl_7101] camera: fc_status=0, fc_uptime=0, status=0, uptime=964013, current_sense=[0.0, 0.0, 0.0], iris_battery_voltage=5.012
[17:28:33.189] RX[TCP_prs2026hitl_7100]  01 0f 00 00 0c e0 5d ff fc 92 00 5a 37 ff de 12 ff d6 00 14 00 25 0a
[17:28:33.192] PACKET[TCP_prs2026hitl_7100] sensors: status=3840, uptime=843869, filtered_accel=[-0.03512, 0.9238, -0.34744], gyro=[-2.94, 1.4, 2.59]
[17:28:33.306] RX[TCP_prs2026hitl_7100]  01 0b 00 00 0c e0 c1 ff fc 92 00 5a 5b ff de 12 ff d6 00 17 00 24 0a
[17:28:33.309] PACKET[TCP_prs2026hitl_7100] sensors: status=2816, uptime=843969, filtered_accel=[-0.03512, 0.92524, -0.34744], gyro=[-2.94, 1.61, 2.52]
