[13:44:30.328] RX[COM9]  ff
[13:44:30.329] RX[COM9]  6f 00 00 00 24 0c 0a
[13:44:30.337] PACKET[COM9] heartbeat: status=0b0110111100000000, uptime=9228
[13:44:30.390] RX[COM9]  01
[13:44:30.392] RX[COM9]  6f 00 00 00 24 e8 00 03 93 00 03 25 ff 9b bb ff fd 00 01 ff fb 0a
[13:44:30.400] PACKET[COM9] sensors: status=0b0110111100000000, uptime=9448, filtered_accel=[0.0366, 0.0322, -1.02676], gyro=[-0.21, 0.07, -0.35]
[13:44:30.643] RX[COM9]  01
[13:44:30.644] RX[COM9]  67 00 00 00 25 ce 00 03 7b 00 03 0d ff 9b af ff d4 00 16 00 28 0a
[13:44:30.650] PACKET[COM9] sensors: status=0b0110011100000000, uptime=9678, filtered_accel=[0.03564, 0.03124, -1.02724], gyro=[-3.08, 1.54, 2.8]
[13:44:30.902] RX[COM9]  01
[13:44:30.904] RX[COM9]  6f 00 00 00 26 c8 00 03 6e 00 03 19 ff 9b bb ff d4 00 15 00 28 0a
[13:44:30.909] PACKET[COM9] sensors: status=0b0110111100000000, uptime=9928, filtered_accel=[0.03512, 0.03172, -1.02676], gyro=[-3.08, 1.47, 2.8]
[13:44:31.128] RX[COM9]  01
[13:44:31.129] RX[COM9]  6f 00 00 00 27 c2 00 03 7b 00 03 25 ff 9b af ff d3 00 16 00 28 0a
[13:44:31.136] PACKET[COM9] sensors: status=0b0110111100000000, uptime=10178, filtered_accel=[0.03564, 0.0322, -1.02724], gyro=[-3.15, 1.54, 2.8]
[13:44:31.294] RX[COM9]  02
[13:44:31.295] RX[COM9]  6e 00 00 00 28 59 00 00 00 00 00 00 00 00 00 00 00 00 00 00 00 00 00 00 00 00 00 00 00 00 00 00 00 00 00 00 00 00 00 00 00 00 00 00 00 00 00 00 00 00 00 00 00 00 00 00 43 7b 9e 53 14 04 0a
[13:44:31.302] PACKET[COM9] state: status=0b0110111000000000, uptime=10329, orientation=[0.0, 0.0, 0.0, 0.0], position=[0.0, 0.0, 0.0], velocity=[0.0, 0.0, 0.0], latitude=0.0, longitude=0.0, gps_altitude=0.0, barometric_altitude=251.618454, witness_battery_voltage=5.124
[13:44:31.360] RX[COM9]  ff
[13:44:31.377] RX[COM9]  6e 00 00 00 27 f4 0a
[13:44:31.435] PACKET[COM9] heartbeat: status=0b0110111000000000, uptime=10228
[13:44:31.436] RX[COM9]  01
[13:44:31.437] RX[COM9]  6e 00 00 00 28 db 00 03 6e 00 03 0d ff 9b ec ff fd 00 01 ff fc 0a
[13:44:31.459] PACKET[COM9] sensors: status=0b0110111000000000, uptime=10459, filtered_accel=[0.03512, 0.03124, -1.0248], gyro=[-0.21, 0.07, -0.28]
[13:44:31.690] RX[COM9]  01
[13:44:31.693] RX[COM9]  66 00 00 00 29 c0 00 03 7b 00 03 19 ff 9b a3 ff d4 00 16 00 28 0a
[13:44:31.710] PACKET[COM9] sensors: status=0b0110011000000000, uptime=10688, filtered_accel=[0.03564, 0.03172, -1.02772], gyro=[-3.08, 1.54, 2.8]
[13:44:31.894] RX[COM9]  01
[13:44:31.897] RX[COM9]  66 00 00 00 2a ba 00 03 62 00 03 31 ff 9b a3 ff d3 00 15 00 28 0a
[13:44:31.908] PACKET[COM9] sensors: status=0b0110011000000000, uptime=10938, filtered_accel=[0.03464, 0.03268, -1.02772], gyro=[-3.15, 1.47, 2.8]
[13:44:32.162] RX[COM9]  01
[13:44:32.164] RX[COM9]  6e 00 00 00 2b b4 00 03 6e 00 03 19 ff 9b af ff d4 00 16 00 28 0a
[13:44:32.174] PACKET[COM9] sensors: status=0b0110111000000000, uptime=11188, filtered_accel=[0.03512, 0.03172, -1.02724], gyro=[-3.08, 1.54, 2.8]
[13:44:32.284] RX[COM9]  02
[13:44:32.285] RX[COM9]  6f 00 00 00 2c 4b 00 00 00 00 00 00 00 00 00 00 00 00 00 00 00 00 00 00 00 00 00 00 00 00 00 00 00 00 00 00 00 00 00 00 00 00 00 00 00 00 00 00 00 00 00 00 00 00 00 00 43 7b 47 11 14 04 0a
[13:44:32.293] PACKET[COM9] state: status=0b0110111100000000, uptime=11339, orientation=[0.0, 0.0, 0.0, 0.0], position=[0.0, 0.0, 0.0], velocity=[0.0, 0.0, 0.0], latitude=0.0, longitude=0.0, gps_altitude=0.0, barometric_altitude=251.277603, witness_battery_voltage=5.124
[13:44:32.345] RX[COM9]  ff
[13:44:32.348] RX[COM9]  67 00 00 00 2b dc 0a
[13:44:32.355] PACKET[COM9] heartbeat: status=0b0110011100000000, uptime=11228
[13:44:32.407] RX[COM9]  01
[13:44:32.409] RX[COM9]  6f 00 00 00 2c cc 00 03 6e 00 03 19 ff 9b af ff fe 00 01 ff fc 0a
[13:44:32.417] PACKET[COM9] sensors: status=0b0110111100000000, uptime=11468, filtered_accel=[0.03512, 0.03172, -1.02724], gyro=[-0.14, 0.07, -0.28]
[13:44:32.689] RX[COM9]  01
[13:44:32.691] RX[COM9]  6f 00 00 00 2d b2 00 03 87 00 03 25 ff 9b a3 ff d3 00 15 00 28 0a
[13:44:32.707] PACKET[COM9] sensors: status=0b0110111100000000, uptime=11698, filtered_accel=[0.03612, 0.0322, -1.02772], gyro=[-3.15, 1.47, 2.8]
[13:44:32.899] RX[COM9]  01
[13:44:32.916] RX[COM9]  67 00 00 00 2e ac 00 03 7b 00 03 0d ff 9b d4 ff d3 00 16 00 28 0a
[13:44:32.941] PACKET[COM9] sensors: status=0b0110011100000000, uptime=11948, filtered_accel=[0.03564, 0.03124, -1.02576], gyro=[-3.15, 1.54, 2.8]
[13:44:33.183] RX[COM9]  01
[13:44:33.184] RX[COM9]  6f 00 00 00 2f a6 00 03 6e 00 03 19 ff 9b af ff d4 00 15 00 28 0a
[13:44:33.190] PACKET[COM9] sensors: status=0b0110111100000000, uptime=12198, filtered_accel=[0.03512, 0.03172, -1.02724], gyro=[-3.08, 1.47, 2.8]
[13:44:33.297] RX[COM9]  02
[13:44:33.300] RX[COM9]  6e 00 00 00 30 3d 00 00 00 00 00 00 00 00 00 00 00 00 00 00 00 00 00 00 00 00 00 00 00 00 00 00 00 00 00 00 00 00 00 00 00 00 00 00 00 00 00 00 00 00 00 00 00 00 00 00 43 7b 88 ae 14 10 0a
[13:44:33.309] PACKET[COM9] state: status=0b0110111000000000, uptime=12349, orientation=[0.0, 0.0, 0.0, 0.0], position=[0.0, 0.0, 0.0], velocity=[0.0, 0.0, 0.0], latitude=0.0, longitude=0.0, gps_altitude=0.0, barometric_altitude=251.533905, witness_battery_voltage=5.136
[13:44:33.373] RX[COM9]  ff
[13:44:33.375] RX[COM9]  6e 00 00 00 2f c4 0a
[13:44:33.383] PACKET[COM9] heartbeat: status=0b0110111000000000, uptime=12228
[13:44:33.436] RX[COM9]  01
[13:44:33.437] RX[COM9]  6e 00 00 00 30 bf 00 03 62 00 03 25 ff 9b e0 ff fd 00 00 ff fc 0a
[13:44:33.443] PACKET[COM9] sensors: status=0b0110111000000000, uptime=12479, filtered_accel=[0.03464, 0.0322, -1.02528], gyro=[-0.21, 0.0, -0.28]
[13:44:33.717] RX[COM9]  01
[13:44:33.718] RX[COM9]  6e 00 00 00 31 a4 00 03 87 00 03 19 ff 9b a3 ff d3 00 16 00 28 0a
[13:44:33.724] PACKET[COM9] sensors: status=0b0110111000000000, uptime=12708, filtered_accel=[0.03612, 0.03172, -1.02772], gyro=[-3.15, 1.54, 2.8]
[13:44:33.966] RX[COM9]  01
[13:44:33.967] RX[COM9]  66 00 00 00 32 9e 00 03 6e 00 03 19 ff 9b a3 ff d3 00 15 00 28 0a
[13:44:33.972] PACKET[COM9] sensors: status=0b0110011000000000, uptime=12958, filtered_accel=[0.03512, 0.03172, -1.02772], gyro=[-3.15, 1.47, 2.8]
[13:44:34.213] RX[COM9]  01
[13:44:34.217] RX[COM9]  6e 00 00 00 33 98 00 03 7b 00 03 0d ff 9b bb ff d3 00 17 00 29 0a
[13:44:34.232] PACKET[COM9] sensors: status=0b0110111000000000, uptime=13208, filtered_accel=[0.03564, 0.03124, -1.02676], gyro=[-3.15, 1.61, 2.87]
[13:44:34.343] RX[COM9]  02
[13:44:34.344] RX[COM9]  6f 00 00 00 34 2f 00 00 00 00 00 00 00 00 00 00 00 00 00 00 00 00 00 00 00 00 00 00 00 00 00 00 00 00 00 00 00 00 00 00 00 00 00 00 00 00 00 00 00 00 00 00 00 00 00 00 43 7b 1b 1a 14 04 0a
[13:44:34.352] PACKET[COM9] state: status=0b0110111100000000, uptime=13359, orientation=[0.0, 0.0, 0.0, 0.0], position=[0.0, 0.0, 0.0], velocity=[0.0, 0.0, 0.0], latitude=0.0, longitude=0.0, gps_altitude=0.0, barometric_altitude=251.105865, witness_battery_voltage=5.124
[13:44:34.353] RX[COM9]  ff
[13:44:34.353] RX[COM9]  67 00 00 00 33 ac 0a
[13:44:34.360] PACKET[COM9] heartbeat: status=0b0110011100000000, uptime=13228
[13:44:34.453] TX[COM9] State: Boost:  05 00 00 00 00 00 00 73 01 0a
[13:44:34.479] RX[COM9]  01
[13:44:34.485] RX[COM9]  6f 00 00 00 34 b0 00 03 7b 00 03 0d ff 9b bb ff fe 00 02 ff fb 0a
[13:44:34.493] PACKET[COM9] sensors: status=0b0110111100000000, uptime=13488, filtered_accel=[0.03564, 0.03124, -1.02676], gyro=[-0.14, 0.14, -0.35]
[13:44:34.494] RX[COM9]  05
[13:44:34.496] RX[COM9]  00
[13:44:34.498] RX[COM9]  00 00 00 00 00 73 01 0a
[13:44:34.506] PACKET[COM9] command: status=0b0000000000000000, uptime=0, command_value=29441
[13:44:34.507] RX[COM9]  49
[13:44:34.507] BAD_PACKET[COM9] unknown packet ID 0x49; discarded 1 byte(s)
[13:44:34.508] RX[COM9]  20 28 31 39 38 36 32 39 29 20 61 70 65 72 74 75 72 65 3a 20 53 65 6e 64 69 6e 67 20 63 6f 6d 6d 61 6e 64 20 74 6f 20 57 69 74 6e 65 73 73 0d 0a
[13:44:34.508] BAD_PACKET[COM9] unknown packet ID 0x20; discarded 1 byte(s)
[13:44:34.509] BAD_PACKET[COM9] unknown packet ID 0x28; discarded 1 byte(s)
[13:44:34.509] BAD_PACKET[COM9] unknown packet ID 0x31; discarded 1 byte(s)
[13:44:34.509] BAD_PACKET[COM9] unknown packet ID 0x39; discarded 1 byte(s)
[13:44:34.510] BAD_PACKET[COM9] unknown packet ID 0x38; discarded 1 byte(s)
[13:44:34.510] BAD_PACKET[COM9] unknown packet ID 0x36; discarded 1 byte(s)
[13:44:34.511] BAD_PACKET[COM9] unknown packet ID 0x32; discarded 1 byte(s)
[13:44:34.511] BAD_PACKET[COM9] unknown packet ID 0x39; discarded 1 byte(s)
[13:44:34.512] BAD_PACKET[COM9] unknown packet ID 0x29; discarded 1 byte(s)
[13:44:34.512] BAD_PACKET[COM9] unknown packet ID 0x20; discarded 1 byte(s)
[13:44:34.513] BAD_PACKET[COM9] unknown packet ID 0x61; discarded 1 byte(s)
[13:44:34.513] BAD_PACKET[COM9] unknown packet ID 0x70; discarded 1 byte(s)
[13:44:34.514] BAD_PACKET[COM9] unknown packet ID 0x65; discarded 1 byte(s)
[13:44:34.515] BAD_PACKET[COM9] unknown packet ID 0x72; discarded 1 byte(s)
[13:44:34.516] BAD_PACKET[COM9] unknown packet ID 0x74; discarded 1 byte(s)
[13:44:34.516] BAD_PACKET[COM9] unknown packet ID 0x75; discarded 1 byte(s)
[13:44:34.517] BAD_PACKET[COM9] unknown packet ID 0x72; discarded 1 byte(s)
[13:44:34.518] BAD_PACKET[COM9] unknown packet ID 0x65; discarded 1 byte(s)
[13:44:34.518] BAD_PACKET[COM9] unknown packet ID 0x3a; discarded 1 byte(s)
[13:44:34.519] BAD_PACKET[COM9] unknown packet ID 0x20; discarded 1 byte(s)
[13:44:34.519] BAD_PACKET[COM9] unknown packet ID 0x53; discarded 1 byte(s)
[13:44:34.520] BAD_PACKET[COM9] unknown packet ID 0x65; discarded 1 byte(s)
[13:44:34.520] BAD_PACKET[COM9] unknown packet ID 0x6e; discarded 1 byte(s)
[13:44:34.521] BAD_PACKET[COM9] unknown packet ID 0x64; discarded 1 byte(s)
[13:44:34.522] BAD_PACKET[COM9] unknown packet ID 0x69; discarded 1 byte(s)
[13:44:34.523] BAD_PACKET[COM9] unknown packet ID 0x6e; discarded 1 byte(s)
[13:44:34.523] BAD_PACKET[COM9] unknown packet ID 0x67; discarded 1 byte(s)
[13:44:34.524] BAD_PACKET[COM9] unknown packet ID 0x20; discarded 1 byte(s)
[13:44:34.524] BAD_PACKET[COM9] unknown packet ID 0x63; discarded 1 byte(s)
[13:44:34.525] BAD_PACKET[COM9] unknown packet ID 0x6f; discarded 1 byte(s)
[13:44:34.526] BAD_PACKET[COM9] unknown packet ID 0x6d; discarded 1 byte(s)
[13:44:34.527] BAD_PACKET[COM9] unknown packet ID 0x6d; discarded 1 byte(s)
[13:44:34.528] BAD_PACKET[COM9] unknown packet ID 0x61; discarded 1 byte(s)
[13:44:34.528] BAD_PACKET[COM9] unknown packet ID 0x6e; discarded 1 byte(s)
[13:44:34.529] BAD_PACKET[COM9] unknown packet ID 0x64; discarded 1 byte(s)
[13:44:34.529] BAD_PACKET[COM9] unknown packet ID 0x20; discarded 1 byte(s)
[13:44:34.529] BAD_PACKET[COM9] unknown packet ID 0x74; discarded 1 byte(s)
[13:44:34.530] BAD_PACKET[COM9] unknown packet ID 0x6f; discarded 1 byte(s)
[13:44:34.531] BAD_PACKET[COM9] unknown packet ID 0x20; discarded 1 byte(s)
[13:44:34.531] BAD_PACKET[COM9] unknown packet ID 0x57; discarded 1 byte(s)
[13:44:34.532] BAD_PACKET[COM9] unknown packet ID 0x69; discarded 1 byte(s)
[13:44:34.532] BAD_PACKET[COM9] unknown packet ID 0x74; discarded 1 byte(s)
[13:44:34.533] BAD_PACKET[COM9] unknown packet ID 0x6e; discarded 1 byte(s)
[13:44:34.534] BAD_PACKET[COM9] unknown packet ID 0x65; discarded 1 byte(s)
[13:44:34.534] BAD_PACKET[COM9] unknown packet ID 0x73; discarded 1 byte(s)
[13:44:34.535] BAD_PACKET[COM9] unknown packet ID 0x73; discarded 1 byte(s)
[13:44:34.535] BAD_PACKET[COM9] unknown packet ID 0x0d; discarded 1 byte(s)
[13:44:34.536] BAD_PACKET[COM9] unknown packet ID 0x0a; discarded 1 byte(s)
[13:44:34.696] RX[COM9]  01
[13:44:34.699] RX[COM9]  6f 00 00 00 35 97 00 03 87 00 03 25 ff 9b a3 ff d5 00 14 00 2a 0a
[13:44:34.708] PACKET[COM9] sensors: status=0b0110111100000000, uptime=13719, filtered_accel=[0.03612, 0.0322, -1.02772], gyro=[-3.01, 1.4, 2.94]
[13:44:34.979] RX[COM9]  01
[13:44:34.980] RX[COM9]  67 01 00 00 36 90 00 03 62 00 03 31 ff 9b af ff d4 00 16 00 28 0a
[13:44:34.986] PACKET[COM9] sensors: status=0b0110011100000001, uptime=13968, filtered_accel=[0.03464, 0.03268, -1.02724], gyro=[-3.08, 1.54, 2.8]
[13:44:35.201] RX[COM9]  01
[13:44:35.202] RX[COM9]  67 01 00 00 37 8b 00 03 6e 00 03 0d ff 9b 97 ff d3 00 16 00 28 0a
[13:44:35.210] PACKET[COM9] sensors: status=0b0110011100000001, uptime=14219, filtered_accel=[0.03512, 0.03124, -1.0282], gyro=[-3.15, 1.54, 2.8]
[13:44:35.335] RX[COM9]  02
[13:44:35.341] RX[COM9]  6e 02 00 00 38 21 00 00 00 00 00 00 00 00 00 00 00 00 00 00 00 00 00 00 00 00 00 00 00 00 00 00 00 00 00 00 00 00 00 00 00 00 00 00 00 00 00 00 00 00 00 00 00 00 00 00 43 7b 05 74 14 0c 0a
[13:44:35.359] PACKET[COM9] state: status=0b0110111000000010, uptime=14369, orientation=[0.0, 0.0, 0.0, 0.0], position=[0.0, 0.0, 0.0], velocity=[0.0, 0.0, 0.0], latitude=0.0, longitude=0.0, gps_altitude=0.0, barometric_altitude=251.021301, witness_battery_voltage=5.132
[13:44:35.360] RX[COM9]  ff
[13:44:35.361] RX[COM9]  6e 01 00 00 37 95 0a
[13:44:35.386] PACKET[COM9] heartbeat: status=0b0110111000000001, uptime=14229
[13:44:35.464] RX[COM9]  01
[13:44:35.465] RX[COM9]  6e 02 00 00 38 a2 00 03 7b 00 03 25 ff 9b c7 ff fd 00 00 ff fb 0a
[13:44:35.473] PACKET[COM9] sensors: status=0b0110111000000010, uptime=14498, filtered_accel=[0.03564, 0.0322, -1.02628], gyro=[-0.21, 0.0, -0.35]
[13:44:35.688] RX[COM9]  01
[13:44:35.689] RX[COM9]  6e 02 00 00 39 88 00 03 7b 00 03 19 ff 9b 97 ff d4 00 15 00 29 0a
[13:44:35.692] PACKET[COM9] sensors: status=0b0110111000000010, uptime=14728, filtered_accel=[0.03564, 0.03172, -1.0282], gyro=[-3.08, 1.47, 2.87]
[13:44:35.964] RX[COM9]  01
[13:44:35.966] RX[COM9]  6e 02 00 00 3a 82 00 03 7b 00 03 0d ff 9b 97 ff d4 00 15 00 28 0a
[13:44:35.971] PACKET[COM9] sensors: status=0b0110111000000010, uptime=14978, filtered_accel=[0.03564, 0.03124, -1.0282], gyro=[-3.08, 1.47, 2.8]
[13:44:36.212] RX[COM9]  01
[13:44:36.214] RX[COM9]  66 02 00 00 3b 7c 00 03 6e 00 03 25 ff 9b af ff d3 00 16 00 28 0a
[13:44:36.224] PACKET[COM9] sensors: status=0b0110011000000010, uptime=15228, filtered_accel=[0.03512, 0.0322, -1.02724], gyro=[-3.15, 1.54, 2.8]
[13:44:36.337] RX[COM9]  02
[13:44:36.341] RX[COM9]  6f 02 00 00 3c 13 00 00 00 00 00 00 00 00 00 00 00 00 00 00 00 00 00 00 00 00 00 00 00 00 00 00 00 00 00 00 00 00 00 00 00 00 00 00 00 00 00 00 00 00 00 00 00 00 00 00 43 7b 47 11 14 0c 0a
[13:44:36.346] PACKET[COM9] state: status=0b0110111100000010, uptime=15379, orientation=[0.0, 0.0, 0.0, 0.0], position=[0.0, 0.0, 0.0], velocity=[0.0, 0.0, 0.0], latitude=0.0, longitude=0.0, gps_altitude=0.0, barometric_altitude=251.277603, witness_battery_voltage=5.132
[13:44:36.399] RX[COM9]  ff
[13:44:36.401] RX[COM9]  67 02 00 00 3b 7d 0a
[13:44:36.411] PACKET[COM9] heartbeat: status=0b0110011100000010, uptime=15229
[13:44:36.464] RX[COM9]  01
[13:44:36.465] RX[COM9]  6f 02 00 00 3c 96 00 03 6e 00 03 19 ff 9b c7 ff fd 00 00 ff fb 0a
[13:44:36.469] PACKET[COM9] sensors: status=0b0110111100000010, uptime=15510, filtered_accel=[0.03512, 0.03172, -1.02628], gyro=[-0.21, 0.0, -0.35]
[13:44:36.691] RX[COM9]  01
[13:44:36.697] RX[COM9]  6f 02 00 00 3d 7a 00 03 7b 00 03 19 ff 9b 97 ff d4 00 15 00 28 0a
[13:44:36.714] PACKET[COM9] sensors: status=0b0110111100000010, uptime=15738, filtered_accel=[0.03564, 0.03172, -1.0282], gyro=[-3.08, 1.47, 2.8]
[13:44:36.963] RX[COM9]  01
[13:44:36.965] RX[COM9]  6f 02 00 00 3e 74 00 03 7b 00 03 0d ff 9b a3 ff d3 00 16 00 28 0a
[13:44:36.972] PACKET[COM9] sensors: status=0b0110111100000010, uptime=15988, filtered_accel=[0.03564, 0.03124, -1.02772], gyro=[-3.15, 1.54, 2.8]
[13:44:37.198] RX[COM9]  01
[13:44:37.202] RX[COM9]  66 02 00 00 3f 6e 00 03 7b 00 03 25 ff 9b a3 ff d4 00 16 00 28 0a
[13:44:37.208] PACKET[COM9] sensors: status=0b0110011000000010, uptime=16238, filtered_accel=[0.03564, 0.0322, -1.02772], gyro=[-3.08, 1.54, 2.8]
[13:44:37.382] RX[COM9]  02
[13:44:37.384] RX[COM9]  6e 02 00 00 40 06 00 00 00 00 00 00 00 00 00 00 00 00 00 00 00 00 00 00 00 00 00 00 00 00 00 00 00 00 00 00 00 00 00 00 00 00 00 00 00 00 00 00 00 00 00 00 00 00 00 00 43 7b 05 74 14 0c 0a
[13:44:37.388] PACKET[COM9] state: status=0b0110111000000010, uptime=16390, orientation=[0.0, 0.0, 0.0, 0.0], position=[0.0, 0.0, 0.0], velocity=[0.0, 0.0, 0.0], latitude=0.0, longitude=0.0, gps_altitude=0.0, barometric_altitude=251.021301, witness_battery_voltage=5.132
[13:44:37.389] RX[COM9]  ff
[13:44:37.390] RX[COM9]  6e 02 00 00 3f 64 0a
[13:44:37.394] PACKET[COM9] heartbeat: status=0b0110111000000010, uptime=16228
[13:44:37.508] RX[COM9]  01
[13:44:37.511] RX[COM9]  6e 02 00 00 40 86 00 03 6e 00 03 0d ff 9b bb ff fe 00 01 ff fb 0a
[13:44:37.518] PACKET[COM9] sensors: status=0b0110111000000010, uptime=16518, filtered_accel=[0.03512, 0.03124, -1.02676], gyro=[-0.14, 0.07, -0.35]
[13:44:37.743] RX[COM9]  01
[13:44:37.744] RX[COM9]  66 02 00 00 41 6c 00 03 7b 00 03 0d ff 9b a3 ff d4 00 16 00 28 0a
[13:44:37.755] PACKET[COM9] sensors: status=0b0110011000000010, uptime=16748, filtered_accel=[0.03564, 0.03124, -1.02772], gyro=[-3.08, 1.54, 2.8]
[13:44:37.992] RX[COM9]  01
[13:44:37.993] RX[COM9]  6e 02 00 00 42 66 00 03 6e 00 03 25 ff 9b bb ff d4 00 17 00 28 0a
[13:44:37.999] PACKET[COM9] sensors: status=0b0110111000000010, uptime=16998, filtered_accel=[0.03512, 0.0322, -1.02676], gyro=[-3.08, 1.61, 2.8]
[13:44:38.240] RX[COM9]  01
[13:44:38.241] RX[COM9]  67 02 00 00 43 60 00 03 6e 00 03 25 ff 9b a3 ff d4 00 16 00 28 0a
[13:44:38.247] PACKET[COM9] sensors: status=0b0110011100000010, uptime=17248, filtered_accel=[0.03512, 0.0322, -1.02772], gyro=[-3.08, 1.54, 2.8]
[13:44:38.353] RX[COM9]  02
[13:44:38.354] RX[COM9]  6f 02 00 00 43 f7 00 00 00 00 00 00 00 00 00 00 00 00 00 00 00 00 00 00 00 00 00 00 00 00 00 00 00 00 00 00 00 00 00 00 00 00 00 00 00 00 00 00 00 00 00 00 00 00 00 00 43 7b 47 11 14 04 0a
[13:44:38.362] PACKET[COM9] state: status=0b0110111100000010, uptime=17399, orientation=[0.0, 0.0, 0.0, 0.0], position=[0.0, 0.0, 0.0], velocity=[0.0, 0.0, 0.0], latitude=0.0, longitude=0.0, gps_altitude=0.0, barometric_altitude=251.277603, witness_battery_voltage=5.124
[13:44:38.417] RX[COM9]  ff
[13:44:38.419] RX[COM9]  67 02 00 00 43 4c 0a
[13:44:38.429] PACKET[COM9] heartbeat: status=0b0110011100000010, uptime=17228
[13:44:38.489] RX[COM9]  01
[13:44:38.491] RX[COM9]  6f 02 00 00 44 79 00 03 7b 00 03 25 ff 9b d4 ff fe 00 01 ff fb 0a
[13:44:38.495] PACKET[COM9] sensors: status=0b0110111100000010, uptime=17529, filtered_accel=[0.03564, 0.0322, -1.02576], gyro=[-0.14, 0.07, -0.35]
[13:44:38.740] RX[COM9]  01
[13:44:38.745] RX[COM9]  67 02 00 00 45 5e 00 03 7b 00 03 25 ff 9b 97 ff d3 00 16 00 28 0a
[13:44:38.752] PACKET[COM9] sensors: status=0b0110011100000010, uptime=17758, filtered_accel=[0.03564, 0.0322, -1.0282], gyro=[-3.15, 1.54, 2.8]
[13:44:38.974] RX[COM9]  01
[13:44:38.976] RX[COM9]  6f 02 00 00 46 58 00 03 6e 00 03 25 ff 9b a3 ff d3 00 15 00 28 0a
[13:44:38.983] PACKET[COM9] sensors: status=0b0110111100000010, uptime=18008, filtered_accel=[0.03512, 0.0322, -1.02772], gyro=[-3.15, 1.47, 2.8]
[13:44:39.270] RX[COM9]  01
[13:44:39.271] RX[COM9]  6e 02 00 00 47 52 00 03 7b 00 03 25 ff 9b 97 ff d4 00 15 00 28 0a
[13:44:39.276] PACKET[COM9] sensors: status=0b0110111000000010, uptime=18258, filtered_accel=[0.03564, 0.0322, -1.0282], gyro=[-3.08, 1.47, 2.8]
[13:44:39.397] RX[COM9]  02
[13:44:39.403] RX[COM9]  6e 02 00 00 47 e9 00 00 00 00 00 00 00 00 00 00 00 00 00 00 00 00 00 00 00 00 00 00 00 00 00 00 00 00 00 00 00 00 00 00 00 00 00 00 00 00 00 00 00 00 00 00 00 00 00 00 43 7b 31 6c 14 18 0a
[13:44:39.410] PACKET[COM9] state: status=0b0110111000000010, uptime=18409, orientation=[0.0, 0.0, 0.0, 0.0], position=[0.0, 0.0, 0.0], velocity=[0.0, 0.0, 0.0], latitude=0.0, longitude=0.0, gps_altitude=0.0, barometric_altitude=251.193054, witness_battery_voltage=5.144
[13:44:39.411] RX[COM9]  ff
[13:44:39.411] RX[COM9]  6e 02 00 00 47 34 0a
[13:44:39.417] PACKET[COM9] heartbeat: status=0b0110111000000010, uptime=18228
[13:44:39.476] RX[COM9]  01
[13:44:39.477] RX[COM9]  6e 02 00 00 48 6a 00 03 7b 00 03 25 ff 9b c7 ff fd 00 01 ff fb 0a
[13:44:39.484] PACKET[COM9] sensors: status=0b0110111000000010, uptime=18538, filtered_accel=[0.03564, 0.0322, -1.02628], gyro=[-0.21, 0.07, -0.35]
[13:44:39.727] RX[COM9]  01
[13:44:39.732] RX[COM9]  66 02 00 00 49 50 00 03 7b 00 03 19 ff 9b a3 ff d3 00 16 00 28 0a
[13:44:39.741] PACKET[COM9] sensors: status=0b0110011000000010, uptime=18768, filtered_accel=[0.03564, 0.03172, -1.02772], gyro=[-3.15, 1.54, 2.8]
[13:44:39.977] RX[COM9]  01
[13:44:39.979] RX[COM9]  6e 02 00 00 4a 4b 00 03 7b 00 03 31 ff 9b a3 ff d3 00 16 00 29 0a
[13:44:39.987] PACKET[COM9] sensors: status=0b0110111000000010, uptime=19019, filtered_accel=[0.03564, 0.03268, -1.02772], gyro=[-3.15, 1.54, 2.87]
[13:44:40.225] RX[COM9]  01
[13:44:40.227] RX[COM9]  6f 02 00 00 4b 44 00 03 6e 00 03 25 ff 9b 97 ff d3 00 16 00 28 0a
[13:44:40.234] PACKET[COM9] sensors: status=0b0110111100000010, uptime=19268, filtered_accel=[0.03512, 0.0322, -1.0282], gyro=[-3.15, 1.54, 2.8]
[13:44:40.387] RX[COM9]  02
[13:44:40.390] RX[COM9]  6f 02 00 00 4b db 00 00 00 00 00 00 00 00 00 00 00 00 00 00 00 00 00 00 00 00 00 00 00 00 00 00 00 00 00 00 00 00 00 00 00 00 00 00 00 00 00 00 00 00 00 00 00 00 00 00 43 7b 9e 53 14 04 0a
[13:44:40.408] PACKET[COM9] state: status=0b0110111100000010, uptime=19419, orientation=[0.0, 0.0, 0.0, 0.0], position=[0.0, 0.0, 0.0], velocity=[0.0, 0.0, 0.0], latitude=0.0, longitude=0.0, gps_altitude=0.0, barometric_altitude=251.618454, witness_battery_voltage=5.124
[13:44:40.411] RX[COM9]  ff
[13:44:40.412] RX[COM9]  67 02 00 00 4b 1c 0a
[13:44:40.420] PACKET[COM9] heartbeat: status=0b0110011100000010, uptime=19228
[13:44:40.536] RX[COM9]  01
[13:44:40.538] RX[COM9]  6f 02 00 00 4c 5d 00 03 7b 00 03 25 ff 9b e0 ff fd 00 01 ff fc 0a
[13:44:40.543] PACKET[COM9] sensors: status=0b0110111100000010, uptime=19549, filtered_accel=[0.03564, 0.0322, -1.02528], gyro=[-0.21, 0.07, -0.28]
[13:44:40.767] RX[COM9]  01
[13:44:40.774] RX[COM9]  67 02 00 00 4d 42 00 03 93 00 03 0d ff 9b 97 ff d3 00 16 00 28 0a
[13:44:40.785] PACKET[COM9] sensors: status=0b0110011100000010, uptime=19778, filtered_accel=[0.0366, 0.03124, -1.0282], gyro=[-3.15, 1.54, 2.8]
[13:44:41.004] RX[COM9]  01
[13:44:41.007] RX[COM9]  67 02 00 00 4e 3c 00 03 6e 00 03 25 ff 9b 97 ff d4 00 16 00 29 0a
[13:44:41.019] PACKET[COM9] sensors: status=0b0110011100000010, uptime=20028, filtered_accel=[0.03512, 0.0322, -1.0282], gyro=[-3.08, 1.54, 2.87]
[13:44:41.253] RX[COM9]  01
[13:44:41.258] RX[COM9]  6e 02 00 00 4f 36 00 03 6e 00 03 25 ff 9b a3 ff d3 00 16 00 27 0a
[13:44:41.264] PACKET[COM9] sensors: status=0b0110111000000010, uptime=20278, filtered_accel=[0.03512, 0.0322, -1.02772], gyro=[-3.15, 1.54, 2.73]
[13:44:41.385] RX[COM9]  02
[13:44:41.391] RX[COM9]  6e 02 00 00 4f cd 00 00 00 00 00 00 00 00 00 00 00 00 00 00 00 00 00 00 00 00 00 00 00 00 00 00 00 00 00 00 00 00 00 00 00 00 00 00 00 00 00 00 00 00 00 00 00 00 00 00 43 7b 5c b6 14 04 0a
[13:44:41.412] PACKET[COM9] state: status=0b0110111000000010, uptime=20429, orientation=[0.0, 0.0, 0.0, 0.0], position=[0.0, 0.0, 0.0], velocity=[0.0, 0.0, 0.0], latitude=0.0, longitude=0.0, gps_altitude=0.0, barometric_altitude=251.362152, witness_battery_voltage=5.124
[13:44:41.546] RX[COM9]  ff
[13:44:41.548] RX[COM9]  6e 02 00 00 4f 04 0a
[13:44:41.563] PACKET[COM9] heartbeat: status=0b0110111000000010, uptime=20228
[13:44:41.567] RX[COM9]  01
[13:44:41.569] RX[COM9]  6e 02 00 00 50 4e 00 03 7b 00 03 25 ff 9b c7 ff fd 00 02 ff fb 0a
[13:44:41.576] PACKET[COM9] sensors: status=0b0110111000000010, uptime=20558, filtered_accel=[0.03564, 0.0322, -1.02628], gyro=[-0.21, 0.14, -0.35]
[13:44:41.741] RX[COM9]  01
[13:44:41.742] RX[COM9]  6e 02 00 00 51 34 00 03 7b 00 03 31 ff 9b 97 ff d4 00 16 00 28 0a
[13:44:41.749] PACKET[COM9] sensors: status=0b0110111000000010, uptime=20788, filtered_accel=[0.03564, 0.03268, -1.0282], gyro=[-3.08, 1.54, 2.8]
[13:44:41.920] TX[COM9] State: Descent:  05 00 00 00 00 00 00 73 03 0a
[13:44:41.974] RX[COM9]  05
[13:44:41.975] RX[COM9]  00 00 00 00 00 00 73 03 0a
[13:44:41.980] PACKET[COM9] command: status=0b0000000000000000, uptime=0, command_value=29443
[13:44:41.981] RX[COM9]  49
[13:44:41.982] BAD_PACKET[COM9] unknown packet ID 0x49; discarded 1 byte(s)
[13:44:41.982] RX[COM9]  20 28 32 30 36 30 39 39 29 20 61 70 65 72 74 75 72 65 3a 20 53 65 6e 64 69 6e 67 20 63 6f 6d 6d 61 6e 64 20 74 6f 20 57 69 74 6e 65 73 73 0d 0a
[13:44:41.983] BAD_PACKET[COM9] unknown packet ID 0x20; discarded 1 byte(s)
[13:44:41.983] BAD_PACKET[COM9] unknown packet ID 0x28; discarded 1 byte(s)
[13:44:41.983] BAD_PACKET[COM9] unknown packet ID 0x32; discarded 1 byte(s)
[13:44:41.984] BAD_PACKET[COM9] unknown packet ID 0x30; discarded 1 byte(s)
[13:44:41.984] BAD_PACKET[COM9] unknown packet ID 0x36; discarded 1 byte(s)
[13:44:41.984] BAD_PACKET[COM9] unknown packet ID 0x30; discarded 1 byte(s)
[13:44:41.985] BAD_PACKET[COM9] unknown packet ID 0x39; discarded 1 byte(s)
[13:44:41.985] BAD_PACKET[COM9] unknown packet ID 0x39; discarded 1 byte(s)
[13:44:41.986] BAD_PACKET[COM9] unknown packet ID 0x29; discarded 1 byte(s)
[13:44:41.986] BAD_PACKET[COM9] unknown packet ID 0x20; discarded 1 byte(s)
[13:44:41.987] BAD_PACKET[COM9] unknown packet ID 0x61; discarded 1 byte(s)
[13:44:41.988] BAD_PACKET[COM9] unknown packet ID 0x70; discarded 1 byte(s)
[13:44:41.988] BAD_PACKET[COM9] unknown packet ID 0x65; discarded 1 byte(s)
[13:44:41.989] BAD_PACKET[COM9] unknown packet ID 0x72; discarded 1 byte(s)
[13:44:41.990] BAD_PACKET[COM9] unknown packet ID 0x74; discarded 1 byte(s)
[13:44:41.990] BAD_PACKET[COM9] unknown packet ID 0x75; discarded 1 byte(s)
[13:44:41.991] BAD_PACKET[COM9] unknown packet ID 0x72; discarded 1 byte(s)
[13:44:41.991] BAD_PACKET[COM9] unknown packet ID 0x65; discarded 1 byte(s)
[13:44:41.991] BAD_PACKET[COM9] unknown packet ID 0x3a; discarded 1 byte(s)
[13:44:41.992] BAD_PACKET[COM9] unknown packet ID 0x20; discarded 1 byte(s)
[13:44:41.992] BAD_PACKET[COM9] unknown packet ID 0x53; discarded 1 byte(s)
[13:44:41.993] BAD_PACKET[COM9] unknown packet ID 0x65; discarded 1 byte(s)
[13:44:41.993] BAD_PACKET[COM9] unknown packet ID 0x6e; discarded 1 byte(s)
[13:44:41.993] BAD_PACKET[COM9] unknown packet ID 0x64; discarded 1 byte(s)
[13:44:41.994] BAD_PACKET[COM9] unknown packet ID 0x69; discarded 1 byte(s)
[13:44:41.994] BAD_PACKET[COM9] unknown packet ID 0x6e; discarded 1 byte(s)
[13:44:41.995] BAD_PACKET[COM9] unknown packet ID 0x67; discarded 1 byte(s)
[13:44:41.995] BAD_PACKET[COM9] unknown packet ID 0x20; discarded 1 byte(s)
[13:44:41.996] BAD_PACKET[COM9] unknown packet ID 0x63; discarded 1 byte(s)
[13:44:41.997] BAD_PACKET[COM9] unknown packet ID 0x6f; discarded 1 byte(s)
[13:44:41.998] BAD_PACKET[COM9] unknown packet ID 0x6d; discarded 1 byte(s)
[13:44:41.998] BAD_PACKET[COM9] unknown packet ID 0x6d; discarded 1 byte(s)
[13:44:41.998] BAD_PACKET[COM9] unknown packet ID 0x61; discarded 1 byte(s)
[13:44:41.999] BAD_PACKET[COM9] unknown packet ID 0x6e; discarded 1 byte(s)
[13:44:41.999] BAD_PACKET[COM9] unknown packet ID 0x64; discarded 1 byte(s)
[13:44:42.000] BAD_PACKET[COM9] unknown packet ID 0x20; discarded 1 byte(s)
[13:44:42.000] BAD_PACKET[COM9] unknown packet ID 0x74; discarded 1 byte(s)
[13:44:42.000] BAD_PACKET[COM9] unknown packet ID 0x6f; discarded 1 byte(s)
[13:44:42.001] BAD_PACKET[COM9] unknown packet ID 0x20; discarded 1 byte(s)
[13:44:42.001] BAD_PACKET[COM9] unknown packet ID 0x57; discarded 1 byte(s)
[13:44:42.001] BAD_PACKET[COM9] unknown packet ID 0x69; discarded 1 byte(s)
[13:44:42.002] BAD_PACKET[COM9] unknown packet ID 0x74; discarded 1 byte(s)
[13:44:42.003] BAD_PACKET[COM9] unknown packet ID 0x6e; discarded 1 byte(s)
[13:44:42.003] BAD_PACKET[COM9] unknown packet ID 0x65; discarded 1 byte(s)
[13:44:42.004] BAD_PACKET[COM9] unknown packet ID 0x73; discarded 1 byte(s)
[13:44:42.005] BAD_PACKET[COM9] unknown packet ID 0x73; discarded 1 byte(s)
[13:44:42.007] BAD_PACKET[COM9] unknown packet ID 0x0d; discarded 1 byte(s)
[13:44:42.007] BAD_PACKET[COM9] unknown packet ID 0x0a; discarded 1 byte(s)
[13:44:42.282] RX[COM9]  01
[13:44:42.282] RX[COM9]  6f 02 00 00 53 28 00 03 6e 00 03 0d ff 9b 97 ff d3 00 16 00 28 0a
[13:44:42.289] PACKET[COM9] sensors: status=0b0110111100000010, uptime=21288, filtered_accel=[0.03512, 0.03124, -1.0282], gyro=[-3.15, 1.54, 2.8]
[13:44:42.402] RX[COM9]  02
[13:44:42.404] RX[COM9]  6f 02 00 00 53 bf 00 00 00 00 00 00 00 00 00 00 00 00 00 00 00 00 00 00 00 00 00 00 00 00 00 00 00 00 00 00 00 00 00 00 00 00 00 00 00 00 00 00 00 00 00 00 00 00 00 00 43 7b df f0 14 04 0a
[13:44:42.415] PACKET[COM9] state: status=0b0110111100000010, uptime=21439, orientation=[0.0, 0.0, 0.0, 0.0], position=[0.0, 0.0, 0.0], velocity=[0.0, 0.0, 0.0], latitude=0.0, longitude=0.0, gps_altitude=0.0, barometric_altitude=251.874756, witness_battery_voltage=5.124
[13:44:42.466] RX[COM9]  ff
[13:44:42.468] RX[COM9]  67 02 00 00 52 ec 0a
[13:44:42.476] PACKET[COM9] heartbeat: status=0b0110011100000010, uptime=21228
[13:44:42.529] RX[COM9]  01
[13:44:42.530] RX[COM9]  6f 02 00 00 54 41 00 03 62 00 03 25 ff 9b d4 ff fe 00 01 ff fb 0a
[13:44:42.536] PACKET[COM9] sensors: status=0b0110111100000010, uptime=21569, filtered_accel=[0.03464, 0.0322, -1.02576], gyro=[-0.14, 0.07, -0.35]
[13:44:42.758] RX[COM9]  01
[13:44:42.760] RX[COM9]  6f 02 00 00 55 26 00 03 7b 00 03 19 ff 9b 8a ff d4 00 16 00 29 0a
[13:44:42.780] PACKET[COM9] sensors: status=0b0110111100000010, uptime=21798, filtered_accel=[0.03564, 0.03172, -1.02872], gyro=[-3.08, 1.54, 2.87]
[13:44:43.027] RX[COM9]  01
[13:44:43.029] RX[COM9]  67 02 00 00 56 20 00 03 7b 00 03 19 ff 9b 97 ff d3 00 16 00 28 0a
[13:44:43.035] PACKET[COM9] sensors: status=0b0110011100000010, uptime=22048, filtered_accel=[0.03564, 0.03172, -1.0282], gyro=[-3.15, 1.54, 2.8]
[13:44:43.284] RX[COM9]  01
[13:44:43.285] RX[COM9]  6e 02 00 00 57 1a 00 03 6e 00 03 19 ff 9b af ff d3 00 16 00 28 0a
[13:44:43.291] PACKET[COM9] sensors: status=0b0110111000000010, uptime=22298, filtered_accel=[0.03512, 0.03172, -1.02724], gyro=[-3.15, 1.54, 2.8]
[13:44:43.398] RX[COM9]  02
[13:44:43.399] RX[COM9]  6e 02 00 00 57 b1 00 00 00 00 00 00 00 00 00 00 00 00 00 00 00 00 00 00 00 00 00 00 00 00 00 00 00 00 00 00 00 00 00 00 00 00 00 00 00 00 00 00 00 00 00 00 00 00 00 00 43 7b 1b 1a 14 14 0a
[13:44:43.405] PACKET[COM9] state: status=0b0110111000000010, uptime=22449, orientation=[0.0, 0.0, 0.0, 0.0], position=[0.0, 0.0, 0.0], velocity=[0.0, 0.0, 0.0], latitude=0.0, longitude=0.0, gps_altitude=0.0, barometric_altitude=251.105865, witness_battery_voltage=5.14
[13:44:43.457] RX[COM9]  ff
[13:44:43.459] RX[COM9]  6e 02 00 00 56 d4 0a
[13:44:43.465] PACKET[COM9] heartbeat: status=0b0110111000000010, uptime=22228
[13:44:43.520] RX[COM9]  01
[13:44:43.523] RX[COM9]  6e 02 00 00 58 32 00 03 62 00 03 19 ff 9b af ff fd 00 01 ff fb 0a
[13:44:43.535] PACKET[COM9] sensors: status=0b0110111000000010, uptime=22578, filtered_accel=[0.03464, 0.03172, -1.02724], gyro=[-0.21, 0.07, -0.35]
[13:44:43.768] RX[COM9]  01
[13:44:43.774] RX[COM9]  6e 02 00 00 59 18 00 03 6e 00 03 19 ff 9b a3 ff d4 00 16 00 29 0a
[13:44:43.786] PACKET[COM9] sensors: status=0b0110111000000010, uptime=22808, filtered_accel=[0.03512, 0.03172, -1.02772], gyro=[-3.08, 1.54, 2.87]
[13:44:44.077] RX[COM9]  01
[13:44:44.094] RX[COM9]  66 02 00 00 5a 12 00 03 87 00 03 19 ff 9b a3 ff d3 00 16 00 29 0a
[13:44:44.137] PACKET[COM9] sensors: status=0b0110011000000010, uptime=23058, filtered_accel=[0.03612, 0.03172, -1.02772], gyro=[-3.15, 1.54, 2.87]
[13:44:44.264] RX[COM9]  01
[13:44:44.265] RX[COM9]  67 02 00 00 5b 0c 00 03 62 00 03 0d ff 9b a3 ff d2 00 16 00 28 0a
[13:44:44.269] PACKET[COM9] sensors: status=0b0110011100000010, uptime=23308, filtered_accel=[0.03464, 0.03124, -1.02772], gyro=[-3.22, 1.54, 2.8]
[13:44:44.445] RX[COM9]  02
[13:44:44.446] RX[COM9]  6f 02 00 00 5b a3 00 00 00 00 00 00 00 00 00 00 00 00 00 00 00 00 00 00 00 00 00 00 00 00 00 00 00 00 00 00 00 00 00 00 00 00 00 00 00 00 00 00 00 00 00 00 00 00 00 00 43 7b 1b 1a 14 08 0a
[13:44:44.455] PACKET[COM9] state: status=0b0110111100000010, uptime=23459, orientation=[0.0, 0.0, 0.0, 0.0], position=[0.0, 0.0, 0.0], velocity=[0.0, 0.0, 0.0], latitude=0.0, longitude=0.0, gps_altitude=0.0, barometric_altitude=251.105865, witness_battery_voltage=5.128
[13:44:44.457] RX[COM9]  ff
[13:44:44.458] RX[COM9]  67 02 00 00 5a bc 0a
[13:44:44.462] PACKET[COM9] heartbeat: status=0b0110011100000010, uptime=23228
[13:44:44.578] RX[COM9]  01
[13:44:44.579] RX[COM9]  6f 02 00 00 5c 25 00 03 7b 00 03 19 ff 9b bb ff fd 00 01 ff fb 0a
[13:44:44.585] PACKET[COM9] sensors: status=0b0110111100000010, uptime=23589, filtered_accel=[0.03564, 0.03172, -1.02676], gyro=[-0.21, 0.07, -0.35]
[13:44:44.795] RX[COM9]  01
[13:44:44.797] RX[COM9]  6f 02 00 00 5d 0b 00 03 7b 00 03 25 ff 9b af ff d3 00 16 00 29 0a
[13:44:44.804] PACKET[COM9] sensors: status=0b0110111100000010, uptime=23819, filtered_accel=[0.03564, 0.0322, -1.02724], gyro=[-3.15, 1.54, 2.87]
[13:44:44.901] TX[COM9] State: Descent:  05 00 00 00 00 00 00 73 03 0a
[13:44:44.912] RX[COM9]  05
[13:44:44.914] RX[COM9]  00 00 00 00 00 00 73 03 0a
[13:44:44.920] PACKET[COM9] command: status=0b0000000000000000, uptime=0, command_value=29443
[13:44:45.277] RX[COM9]  01
[13:44:45.278] RX[COM9]  66 02 00 00 5e ff 00 03 6e 00 03 19 ff 9b 97 ff d4 00 15 00 28 0a
[13:44:45.285] PACKET[COM9] sensors: status=0b0110011000000010, uptime=24319, filtered_accel=[0.03512, 0.03172, -1.0282], gyro=[-3.08, 1.47, 2.8]
[13:44:45.457] RX[COM9]  02
[13:44:45.457] RX[COM9]  6e 02 00 00 5f 95 00 00 00 00 00 00 00 00 00 00 00 00 00 00 00 00 00 00 00 00 00 00 00 00 00 00 00 00 00 00 00 00 00 00 00 00 00 00 00 00 00 00 00 00 00 00 00 00 00 00 43 7b 72 5c 14 14 0a
[13:44:45.464] PACKET[COM9] state: status=0b0110111000000010, uptime=24469, orientation=[0.0, 0.0, 0.0, 0.0], position=[0.0, 0.0, 0.0], velocity=[0.0, 0.0, 0.0], latitude=0.0, longitude=0.0, gps_altitude=0.0, barometric_altitude=251.446716, witness_battery_voltage=5.14
[13:44:45.465] RX[COM9]  ff
[13:44:45.466] RX[COM9]  6e 02 00 00 5e a4 0a
[13:44:45.484] PACKET[COM9] heartbeat: status=0b0110111000000010, uptime=24228
[13:44:45.546] RX[COM9]  01
[13:44:45.550] RX[COM9]  6e 02 00 00 60 16 00 03 7b 00 03 31 ff 9b bb ff fd 00 02 ff fb 0a
[13:44:45.560] PACKET[COM9] sensors: status=0b0110111000000010, uptime=24598, filtered_accel=[0.03564, 0.03268, -1.02676], gyro=[-0.21, 0.14, -0.35]
[13:44:45.787] RX[COM9]  01
[13:44:45.788] RX[COM9]  6e 02 00 00 60 fc 00 03 62 00 03 19 ff 9b 8a ff d2 00 15 00 29 0a
[13:44:45.793] PACKET[COM9] sensors: status=0b0110111000000010, uptime=24828, filtered_accel=[0.03464, 0.03172, -1.02872], gyro=[-3.22, 1.47, 2.87]
[13:44:46.067] RX[COM9]  01
[13:44:46.070] RX[COM9]  6e 02 00 00 61 f6 00 03 7b 00 03 19 ff 9b a3 ff d3 00 13 00 2e 0a
[13:44:46.076] PACKET[COM9] sensors: status=0b0110111000000010, uptime=25078, filtered_accel=[0.03564, 0.03172, -1.02772], gyro=[-3.15, 1.33, 3.22]
[13:44:46.306] RX[COM9]  01
[13:44:46.308] RX[COM9]  67 02 00 00 62 f0 00 03 87 00 03 19 ff 9b a3 ff d3 00 15 00 29 0a
[13:44:46.314] PACKET[COM9] sensors: status=0b0110011100000010, uptime=25328, filtered_accel=[0.03612, 0.03172, -1.02772], gyro=[-3.15, 1.47, 2.87]
[13:44:46.422] RX[COM9]  02
[13:44:46.428] RX[COM9]  6f 02 00 00 63 87 00 00 00 00 00 00 00 00 00 00 00 00 00 00 00 00 00 00 00 00 00 00 00 00 00 00 00 00 00 00 00 00 00 00 00 00 00 00 00 00 00 00 00 00 00 00 00 00 00 00 43 7b 72 5c 14 14 0a
[13:44:46.447] PACKET[COM9] state: status=0b0110111100000010, uptime=25479, orientation=[0.0, 0.0, 0.0, 0.0], position=[0.0, 0.0, 0.0], velocity=[0.0, 0.0, 0.0], latitude=0.0, longitude=0.0, gps_altitude=0.0, barometric_altitude=251.446716, witness_battery_voltage=5.14
[13:44:46.499] RX[COM9]  ff
[13:44:46.501] RX[COM9]  61 02 00 00 62 8f 0a
[13:44:46.508] PACKET[COM9] heartbeat: status=0b0110000100000010, uptime=25231
[13:44:46.565] RX[COM9]  01
[13:44:46.566] RX[COM9]  6f 02 00 00 64 0a 00 03 7b 00 03 19 ff 9b bb ff fe 00 01 ff fc 0a
[13:44:46.574] PACKET[COM9] sensors: status=0b0110111100000010, uptime=25610, filtered_accel=[0.03564, 0.03172, -1.02676], gyro=[-0.14, 0.07, -0.28]
[13:44:46.848] RX[COM9]  01
[13:44:46.852] RX[COM9]  67 02 00 00 64 ee 00 03 6e 00 03 0d ff 9b 8a ff d2 00 15 00 29 0a
[13:44:46.863] PACKET[COM9] sensors: status=0b0110011100000010, uptime=25838, filtered_accel=[0.03512, 0.03124, -1.02872], gyro=[-3.22, 1.47, 2.87]
[13:44:47.051] RX[COM9]  01
[13:44:47.053] RX[COM9]  6f 02 00 00 65 e8 00 03 87 00 03 19 ff 9b a3 ff d2 00 1a 00 25 0a
[13:44:47.061] PACKET[COM9] sensors: status=0b0110111100000010, uptime=26088, filtered_accel=[0.03612, 0.03172, -1.02772], gyro=[-3.22, 1.82, 2.59]
[13:44:47.341] RX[COM9]  01
[13:44:47.342] RX[COM9]  66 02 00 00 66 e2 00 03 6e 00 03 0d ff 9b 97 ff d3 00 16 00 28 0a
[13:44:47.349] PACKET[COM9] sensors: status=0b0110011000000010, uptime=26338, filtered_accel=[0.03512, 0.03124, -1.0282], gyro=[-3.15, 1.54, 2.8]
[13:44:47.466] RX[COM9]  02
[13:44:47.467] RX[COM9]  6e 02 00 00 67 7a 00 00 00 00 00 00 00 00 00 00 00 00 00 00 00 00 00 00 00 00 00 00 00 00 00 00 00 00 00 00 00 00 00 00 00 00 00 00 00 00 00 00 00 00 00 00 00 00 00 00 43 7b 47 11 14 14 0a
[13:44:47.472] PACKET[COM9] state: status=0b0110111000000010, uptime=26490, orientation=[0.0, 0.0, 0.0, 0.0], position=[0.0, 0.0, 0.0], velocity=[0.0, 0.0, 0.0], latitude=0.0, longitude=0.0, gps_altitude=0.0, barometric_altitude=251.277603, witness_battery_voltage=5.14
[13:44:47.529] RX[COM9]  ff
[13:44:47.530] RX[COM9]  6e 02 00 00 66 74 0a
[13:44:47.537] PACKET[COM9] heartbeat: status=0b0110111000000010, uptime=26228
[13:44:47.591] RX[COM9]  01
[13:44:47.593] RX[COM9]  6e 02 00 00 67 fa 00 03 7b 00 03 25 ff 9b bb ff fd 00 01 ff fc 0a
[13:44:47.604] PACKET[COM9] sensors: status=0b0110111000000010, uptime=26618, filtered_accel=[0.03564, 0.0322, -1.02676], gyro=[-0.21, 0.07, -0.28]
[13:44:47.839] RX[COM9]  01
[13:44:47.852] RX[COM9]  66 02 00 00 68 e0 00 03 7b 00 03 0d ff 9b a3 ff d3 00 16 00 28 0a
[13:44:47.902] PACKET[COM9] sensors: status=0b0110011000000010, uptime=26848, filtered_accel=[0.03564, 0.03124, -1.02772], gyro=[-3.15, 1.54, 2.8]
[13:44:48.054] RX[COM9]  01
[13:44:48.055] RX[COM9]  6e 02 00 00 69 da 00 03 7b 00 03 25 ff 9b 8a ff d3 00 16 00 29 0a
[13:44:48.063] PACKET[COM9] sensors: status=0b0110111000000010, uptime=27098, filtered_accel=[0.03564, 0.0322, -1.02872], gyro=[-3.15, 1.54, 2.87]
[13:44:48.337] RX[COM9]  01
[13:44:48.337] RX[COM9]  6f 02 00 00 6a d4 00 03 6e 00 03 19 ff 9b 7e ff d3 00 15 00 29 0a
[13:44:48.346] PACKET[COM9] sensors: status=0b0110111100000010, uptime=27348, filtered_accel=[0.03512, 0.03172, -1.0292], gyro=[-3.15, 1.47, 2.87]
[13:44:48.446] TX[COM9] State: Descent:  05 00 00 00 00 00 00 73 03 0a
[13:44:48.451] RX[COM9]  02
[13:44:48.452] RX[COM9]  6f 02 00 00 6b 6b 00 00 00 00 00 00 00 00 00 00 00 00 00 00 00 00 00 00 00 00 00 00 00 00 00 00 00 00 00 00 00 00 00 00 00 00 00 00 00 00 00 00 00 00 00 00 00 00 00 00 43 7b b3 f9 14 0c 0a
[13:44:48.460] PACKET[COM9] state: status=0b0110111100000010, uptime=27499, orientation=[0.0, 0.0, 0.0, 0.0], position=[0.0, 0.0, 0.0], velocity=[0.0, 0.0, 0.0], latitude=0.0, longitude=0.0, gps_altitude=0.0, barometric_altitude=251.703018, witness_battery_voltage=5.132
[13:44:48.461] RX[COM9]  05
[13:44:48.463] RX[COM9]  00 00 00 00 00 00 73 03 0a
[13:44:48.475] PACKET[COM9] command: status=0b0000000000000000, uptime=0, command_value=29443
[13:44:48.477] RX[COM9]  49
[13:44:48.477] BAD_PACKET[COM9] unknown packet ID 0x49; discarded 1 byte(s)
[13:44:48.478] RX[COM9]  20 28 32 31 32 36 31 39 29 20 61 70 65 72 74 75 72 65 3a 20 53 65 6e 64 69 6e 67 20 63 6f 6d 6d 61 6e 64 20 74 6f 20 57 69 74 6e 65 73 73 0d 0a
[13:44:48.479] BAD_PACKET[COM9] unknown packet ID 0x20; discarded 1 byte(s)
[13:44:48.480] BAD_PACKET[COM9] unknown packet ID 0x28; discarded 1 byte(s)
[13:44:48.480] BAD_PACKET[COM9] unknown packet ID 0x32; discarded 1 byte(s)
[13:44:48.481] BAD_PACKET[COM9] unknown packet ID 0x31; discarded 1 byte(s)
[13:44:48.482] BAD_PACKET[COM9] unknown packet ID 0x32; discarded 1 byte(s)
[13:44:48.483] BAD_PACKET[COM9] unknown packet ID 0x36; discarded 1 byte(s)
[13:44:48.483] BAD_PACKET[COM9] unknown packet ID 0x31; discarded 1 byte(s)
[13:44:48.484] BAD_PACKET[COM9] unknown packet ID 0x39; discarded 1 byte(s)
[13:44:48.484] BAD_PACKET[COM9] unknown packet ID 0x29; discarded 1 byte(s)
[13:44:48.484] BAD_PACKET[COM9] unknown packet ID 0x20; discarded 1 byte(s)
[13:44:48.487] BAD_PACKET[COM9] unknown packet ID 0x61; discarded 1 byte(s)
[13:44:48.487] BAD_PACKET[COM9] unknown packet ID 0x70; discarded 1 byte(s)
[13:44:48.488] BAD_PACKET[COM9] unknown packet ID 0x65; discarded 1 byte(s)
[13:44:48.488] BAD_PACKET[COM9] unknown packet ID 0x72; discarded 1 byte(s)
[13:44:48.489] BAD_PACKET[COM9] unknown packet ID 0x74; discarded 1 byte(s)
[13:44:48.489] BAD_PACKET[COM9] unknown packet ID 0x75; discarded 1 byte(s)
[13:44:48.490] BAD_PACKET[COM9] unknown packet ID 0x72; discarded 1 byte(s)
[13:44:48.490] BAD_PACKET[COM9] unknown packet ID 0x65; discarded 1 byte(s)
[13:44:48.490] BAD_PACKET[COM9] unknown packet ID 0x3a; discarded 1 byte(s)
[13:44:48.491] BAD_PACKET[COM9] unknown packet ID 0x20; discarded 1 byte(s)
[13:44:48.491] BAD_PACKET[COM9] unknown packet ID 0x53; discarded 1 byte(s)
[13:44:48.491] BAD_PACKET[COM9] unknown packet ID 0x65; discarded 1 byte(s)
[13:44:48.492] BAD_PACKET[COM9] unknown packet ID 0x6e; discarded 1 byte(s)
[13:44:48.492] BAD_PACKET[COM9] unknown packet ID 0x64; discarded 1 byte(s)
[13:44:48.492] BAD_PACKET[COM9] unknown packet ID 0x69; discarded 1 byte(s)
[13:44:48.493] BAD_PACKET[COM9] unknown packet ID 0x6e; discarded 1 byte(s)
[13:44:48.493] BAD_PACKET[COM9] unknown packet ID 0x67; discarded 1 byte(s)
[13:44:48.493] BAD_PACKET[COM9] unknown packet ID 0x20; discarded 1 byte(s)
[13:44:48.494] BAD_PACKET[COM9] unknown packet ID 0x63; discarded 1 byte(s)
[13:44:48.494] BAD_PACKET[COM9] unknown packet ID 0x6f; discarded 1 byte(s)
[13:44:48.494] BAD_PACKET[COM9] unknown packet ID 0x6d; discarded 1 byte(s)
[13:44:48.495] BAD_PACKET[COM9] unknown packet ID 0x6d; discarded 1 byte(s)
[13:44:48.495] BAD_PACKET[COM9] unknown packet ID 0x61; discarded 1 byte(s)
[13:44:48.496] BAD_PACKET[COM9] unknown packet ID 0x6e; discarded 1 byte(s)
[13:44:48.496] BAD_PACKET[COM9] unknown packet ID 0x64; discarded 1 byte(s)
[13:44:48.497] BAD_PACKET[COM9] unknown packet ID 0x20; discarded 1 byte(s)
[13:44:48.497] BAD_PACKET[COM9] unknown packet ID 0x74; discarded 1 byte(s)
[13:44:48.497] BAD_PACKET[COM9] unknown packet ID 0x6f; discarded 1 byte(s)
[13:44:48.498] BAD_PACKET[COM9] unknown packet ID 0x20; discarded 1 byte(s)
[13:44:48.498] BAD_PACKET[COM9] unknown packet ID 0x57; discarded 1 byte(s)
[13:44:48.498] BAD_PACKET[COM9] unknown packet ID 0x69; discarded 1 byte(s)
[13:44:48.499] BAD_PACKET[COM9] unknown packet ID 0x74; discarded 1 byte(s)
[13:44:48.499] BAD_PACKET[COM9] unknown packet ID 0x6e; discarded 1 byte(s)
[13:44:48.499] BAD_PACKET[COM9] unknown packet ID 0x65; discarded 1 byte(s)
[13:44:48.500] BAD_PACKET[COM9] unknown packet ID 0x73; discarded 1 byte(s)
[13:44:48.500] BAD_PACKET[COM9] unknown packet ID 0x73; discarded 1 byte(s)
[13:44:48.502] BAD_PACKET[COM9] unknown packet ID 0x0d; discarded 1 byte(s)
[13:44:48.502] BAD_PACKET[COM9] unknown packet ID 0x0a; discarded 1 byte(s)
[13:44:48.841] RX[COM9]  01
[13:44:48.843] RX[COM9]  67 02 00 00 6c d2 00 03 7b 00 03 19 ff 9b 8a ff d3 00 16 00 28 0a
[13:44:48.873] PACKET[COM9] sensors: status=0b0110011100000010, uptime=27858, filtered_accel=[0.03564, 0.03172, -1.02872], gyro=[-3.15, 1.54, 2.8]
[13:44:49.103] RX[COM9]  01
[13:44:49.104] RX[COM9]  6f 02 00 00 6d cc 00 03 7b 00 03 01 ff 9b 97 ff d3 00 16 00 29 0a
[13:44:49.113] PACKET[COM9] sensors: status=0b0110111100000010, uptime=28108, filtered_accel=[0.03564, 0.03076, -1.0282], gyro=[-3.15, 1.54, 2.87]
[13:44:49.356] RX[COM9]  01
[13:44:49.360] RX[COM9]  6e 02 00 00 6e c6 00 03 7b 00 03 19 ff 9b af ff d3 00 16 00 29 0a
[13:44:49.368] PACKET[COM9] sensors: status=0b0110111000000010, uptime=28358, filtered_accel=[0.03564, 0.03172, -1.02724], gyro=[-3.15, 1.54, 2.87]
[13:44:49.482] RX[COM9]  02
[13:44:49.483] RX[COM9]  6e 02 00 00 6f 5d 00 00 00 00 00 00 00 00 00 00 00 00 00 00 00 00 00 00 00 00 00 00 00 00 00 00 00 00 00 00 00 00 00 00 00 00 00 00 00 00 00 00 00 00 00 00 00 00 00 00 43 7b 72 5c 14 00 0a
[13:44:49.488] PACKET[COM9] state: status=0b0110111000000010, uptime=28509, orientation=[0.0, 0.0, 0.0, 0.0], position=[0.0, 0.0, 0.0], velocity=[0.0, 0.0, 0.0], latitude=0.0, longitude=0.0, gps_altitude=0.0, barometric_altitude=251.446716, witness_battery_voltage=5.12
[13:44:49.545] RX[COM9]  ff
[13:44:49.546] RX[COM9]  66 02 00 00 6e 44 0a
[13:44:49.554] PACKET[COM9] heartbeat: status=0b0110011000000010, uptime=28228
[13:44:49.609] RX[COM9]  01
[13:44:49.611] RX[COM9]  6e 02 00 00 6f de 00 03 7b 00 03 19 ff 9b bb ff fd 00 01 ff fb 0a
[13:44:49.620] PACKET[COM9] sensors: status=0b0110111000000010, uptime=28638, filtered_accel=[0.03564, 0.03172, -1.02676], gyro=[-0.21, 0.07, -0.35]
[13:44:49.858] RX[COM9]  01
[13:44:49.865] RX[COM9]  66 02 00 00 70 c4 00 03 7b 00 03 0d ff 9b a3 ff d2 00 16 00 28 0a
[13:44:49.877] PACKET[COM9] sensors: status=0b0110011000000010, uptime=28868, filtered_accel=[0.03564, 0.03124, -1.02772], gyro=[-3.22, 1.54, 2.8]
[13:44:50.130] RX[COM9]  01
[13:44:50.133] RX[COM9]  66 02 00 00 71 bf 00 03 6e 00 03 0d ff 9b 8a ff d2 00 16 00 28 0a
[13:44:50.139] PACKET[COM9] sensors: status=0b0110011000000010, uptime=29119, filtered_accel=[0.03512, 0.03124, -1.02872], gyro=[-3.22, 1.54, 2.8]
[13:44:50.359] RX[COM9]  01
[13:44:50.365] RX[COM9]  6f 02 00 00 72 b8 00 03 7b 00 03 19 ff 9b a3 ff d2 00 15 00 28 0a
[13:44:50.381] PACKET[COM9] sensors: status=0b0110111100000010, uptime=29368, filtered_accel=[0.03564, 0.03172, -1.02772], gyro=[-3.22, 1.47, 2.8]
[13:44:50.500] RX[COM9]  02
[13:44:50.501] RX[COM9]  6f 02 00 00 73 4f 00 00 00 00 00 00 00 00 00 00 00 00 00 00 00 00 00 00 00 00 00 00 00 00 00 00 00 00 00 00 00 00 00 00 00 00 00 00 00 00 00 00 00 00 00 00 00 00 00 00 43 7b b3 f9 14 0c 0a
[13:44:50.506] PACKET[COM9] state: status=0b0110111100000010, uptime=29519, orientation=[0.0, 0.0, 0.0, 0.0], position=[0.0, 0.0, 0.0], velocity=[0.0, 0.0, 0.0], latitude=0.0, longitude=0.0, gps_altitude=0.0, barometric_altitude=251.703018, witness_battery_voltage=5.132
[13:44:50.564] RX[COM9]  ff
[13:44:50.567] RX[COM9]  67 02 00 00 72 2c 0a
[13:44:50.571] PACKET[COM9] heartbeat: status=0b0110011100000010, uptime=29228
[13:44:50.627] RX[COM9]  01
[13:44:50.629] RX[COM9]  6f 02 00 00 73 d1 00 03 7b 00 03 0d ff 9b bb ff fd 00 01 ff fb 0a
[13:44:50.635] PACKET[COM9] sensors: status=0b0110111100000010, uptime=29649, filtered_accel=[0.03564, 0.03124, -1.02676], gyro=[-0.21, 0.07, -0.35]
[13:44:50.859] RX[COM9]  01
[13:44:50.870] RX[COM9]  6f 02 00 00 74 b6 00 03 6e 00 03 19 ff 9b 97 ff d3 00 16 00 29 0a
[13:44:50.905] PACKET[COM9] sensors: status=0b0110111100000010, uptime=29878, filtered_accel=[0.03512, 0.03172, -1.0282], gyro=[-3.15, 1.54, 2.87]
[13:44:51.085] RX[COM9]  01
[13:44:51.087] RX[COM9]  67 02 00 00 75 b0 00 03 7b 00 03 19 ff 9b 97 ff d3 00 16 00 29 0a
[13:44:51.092] PACKET[COM9] sensors: status=0b0110011100000010, uptime=30128, filtered_accel=[0.03564, 0.03172, -1.0282], gyro=[-3.15, 1.54, 2.87]
[13:44:51.386] RX[COM9]  01
[13:44:51.387] RX[COM9]  6e 02 00 00 76 aa 00 03 7b 00 03 25 ff 9b 8a ff d3 00 16 00 28 0a
[13:44:51.399] PACKET[COM9] sensors: status=0b0110111000000010, uptime=30378, filtered_accel=[0.03564, 0.0322, -1.02872], gyro=[-3.15, 1.54, 2.8]
[13:44:51.527] TX[COM9] State: Descent:  05 00 00 00 00 00 00 73 03 0a
[13:44:51.534] RX[COM9]  02
[13:44:51.545] RX[COM9]  6e 02 00 00 77 41 00 00 00 00 00 00 00 00 00 00 00 00 00 00 00 00 00 00 00 00 00 00 00 00 00 00 00 00 00 00 00 00 00 00 00 00 00 00 00 00 00 00 00 00 00 00 00 00 00 00 43 7b 47 11 14 0c 0a
[13:44:51.590] PACKET[COM9] state: status=0b0110111000000010, uptime=30529, orientation=[0.0, 0.0, 0.0, 0.0], position=[0.0, 0.0, 0.0], velocity=[0.0, 0.0, 0.0], latitude=0.0, longitude=0.0, gps_altitude=0.0, barometric_altitude=251.277603, witness_battery_voltage=5.132
[13:44:51.592] RX[COM9]  ff
[13:44:51.594] RX[COM9]  66 02 00 00 76 14 0a
[13:44:51.616] PACKET[COM9] heartbeat: status=0b0110011000000010, uptime=30228
[13:44:51.625] RX[COM9]  05
[13:44:51.626] RX[COM9]  00 00 00 00 00 00 73 03 0a
[13:44:51.643] PACKET[COM9] command: status=0b0000000000000000, uptime=0, command_value=29443
[13:44:51.644] RX[COM9]  49 20 28 32 31 35 36 39 39 29 20 61 70 65 72 74 75 72 65 3a 20 53 65 6e 64 69 6e 67 20 63 6f 6d 6d 61 6e 64 20 74 6f 20 57 69 74 6e 65 73 73 0d 0a
[13:44:51.645] BAD_PACKET[COM9] unknown packet ID 0x49; discarded 1 byte(s)
[13:44:51.646] BAD_PACKET[COM9] unknown packet ID 0x20; discarded 1 byte(s)
[13:44:51.647] BAD_PACKET[COM9] unknown packet ID 0x28; discarded 1 byte(s)
[13:44:51.648] BAD_PACKET[COM9] unknown packet ID 0x32; discarded 1 byte(s)
[13:44:51.649] BAD_PACKET[COM9] unknown packet ID 0x31; discarded 1 byte(s)
[13:44:51.651] BAD_PACKET[COM9] unknown packet ID 0x35; discarded 1 byte(s)
[13:44:51.661] BAD_PACKET[COM9] unknown packet ID 0x36; discarded 1 byte(s)
[13:44:51.666] BAD_PACKET[COM9] unknown packet ID 0x39; discarded 1 byte(s)
[13:44:51.672] BAD_PACKET[COM9] unknown packet ID 0x39; discarded 1 byte(s)
[13:44:51.677] BAD_PACKET[COM9] unknown packet ID 0x29; discarded 1 byte(s)
[13:44:51.679] BAD_PACKET[COM9] unknown packet ID 0x20; discarded 1 byte(s)
[13:44:51.684] BAD_PACKET[COM9] unknown packet ID 0x61; discarded 1 byte(s)
[13:44:51.685] BAD_PACKET[COM9] unknown packet ID 0x70; discarded 1 byte(s)
[13:44:51.685] BAD_PACKET[COM9] unknown packet ID 0x65; discarded 1 byte(s)
[13:44:51.686] BAD_PACKET[COM9] unknown packet ID 0x72; discarded 1 byte(s)
[13:44:51.693] BAD_PACKET[COM9] unknown packet ID 0x74; discarded 1 byte(s)
[13:44:51.695] BAD_PACKET[COM9] unknown packet ID 0x75; discarded 1 byte(s)
[13:44:51.695] BAD_PACKET[COM9] unknown packet ID 0x72; discarded 1 byte(s)
[13:44:51.696] BAD_PACKET[COM9] unknown packet ID 0x65; discarded 1 byte(s)
[13:44:51.697] BAD_PACKET[COM9] unknown packet ID 0x3a; discarded 1 byte(s)
[13:44:51.697] BAD_PACKET[COM9] unknown packet ID 0x20; discarded 1 byte(s)
[13:44:51.697] BAD_PACKET[COM9] unknown packet ID 0x53; discarded 1 byte(s)
[13:44:51.698] BAD_PACKET[COM9] unknown packet ID 0x65; discarded 1 byte(s)
[13:44:51.698] BAD_PACKET[COM9] unknown packet ID 0x6e; discarded 1 byte(s)
[13:44:51.699] BAD_PACKET[COM9] unknown packet ID 0x64; discarded 1 byte(s)
[13:44:51.700] BAD_PACKET[COM9] unknown packet ID 0x69; discarded 1 byte(s)
[13:44:51.700] BAD_PACKET[COM9] unknown packet ID 0x6e; discarded 1 byte(s)
[13:44:51.701] BAD_PACKET[COM9] unknown packet ID 0x67; discarded 1 byte(s)
[13:44:51.701] BAD_PACKET[COM9] unknown packet ID 0x20; discarded 1 byte(s)
[13:44:51.701] BAD_PACKET[COM9] unknown packet ID 0x63; discarded 1 byte(s)
[13:44:51.702] BAD_PACKET[COM9] unknown packet ID 0x6f; discarded 1 byte(s)
[13:44:51.702] BAD_PACKET[COM9] unknown packet ID 0x6d; discarded 1 byte(s)
[13:44:51.703] BAD_PACKET[COM9] unknown packet ID 0x6d; discarded 1 byte(s)
[13:44:51.703] BAD_PACKET[COM9] unknown packet ID 0x61; discarded 1 byte(s)
[13:44:51.703] BAD_PACKET[COM9] unknown packet ID 0x6e; discarded 1 byte(s)
[13:44:51.705] BAD_PACKET[COM9] unknown packet ID 0x64; discarded 1 byte(s)
[13:44:51.705] BAD_PACKET[COM9] unknown packet ID 0x20; discarded 1 byte(s)
[13:44:51.706] BAD_PACKET[COM9] unknown packet ID 0x74; discarded 1 byte(s)
[13:44:51.707] BAD_PACKET[COM9] unknown packet ID 0x6f; discarded 1 byte(s)
[13:44:51.707] BAD_PACKET[COM9] unknown packet ID 0x20; discarded 1 byte(s)
[13:44:51.708] BAD_PACKET[COM9] unknown packet ID 0x57; discarded 1 byte(s)
[13:44:51.708] BAD_PACKET[COM9] unknown packet ID 0x69; discarded 1 byte(s)
[13:44:51.709] BAD_PACKET[COM9] unknown packet ID 0x74; discarded 1 byte(s)
[13:44:51.709] BAD_PACKET[COM9] unknown packet ID 0x6e; discarded 1 byte(s)
[13:44:51.710] BAD_PACKET[COM9] unknown packet ID 0x65; discarded 1 byte(s)
[13:44:51.710] BAD_PACKET[COM9] unknown packet ID 0x73; discarded 1 byte(s)
[13:44:51.710] BAD_PACKET[COM9] unknown packet ID 0x73; discarded 1 byte(s)
[13:44:51.711] BAD_PACKET[COM9] unknown packet ID 0x0d; discarded 1 byte(s)
[13:44:51.712] BAD_PACKET[COM9] unknown packet ID 0x0a; discarded 1 byte(s)
[13:44:51.887] RX[COM9]  01
[13:44:51.890] RX[COM9]  6e 02 00 00 78 a8 00 03 7b 00 03 0d ff 9b 8a ff d3 00 15 00 29 0a
[13:44:51.894] PACKET[COM9] sensors: status=0b0110111000000010, uptime=30888, filtered_accel=[0.03564, 0.03124, -1.02872], gyro=[-3.15, 1.47, 2.87]
[13:44:52.135] RX[COM9]  01
[13:44:52.136] RX[COM9]  66 02 00 00 79 a2 00 03 7b 00 03 19 ff 9b 97 ff d3 00 16 00 28 0a
[13:44:52.142] PACKET[COM9] sensors: status=0b0110011000000010, uptime=31138, filtered_accel=[0.03564, 0.03172, -1.0282], gyro=[-3.15, 1.54, 2.8]
[13:44:52.370] RX[COM9]  01
[13:44:52.372] RX[COM9]  6f 02 00 00 7a 9c 00 03 7b 00 03 19 ff 9b a3 ff d3 00 16 00 28 0a
[13:44:52.379] PACKET[COM9] sensors: status=0b0110111100000010, uptime=31388, filtered_accel=[0.03564, 0.03172, -1.02772], gyro=[-3.15, 1.54, 2.8]
[13:44:52.483] RX[COM9]  02
[13:44:52.483] RX[COM9]  6f 02 00 00 7b 33 00 00 00 00 00 00 00 00 00 00 00 00 00 00 00 00 00 00 00 00 00 00 00 00 00 00 00 00 00 00 00 00 00 00 00 00 00 00 00 00 00 00 00 00 00 00 00 00 00 00 43 7b 72 5c 14 04 0a
[13:44:52.488] PACKET[COM9] state: status=0b0110111100000010, uptime=31539, orientation=[0.0, 0.0, 0.0, 0.0], position=[0.0, 0.0, 0.0], velocity=[0.0, 0.0, 0.0], latitude=0.0, longitude=0.0, gps_altitude=0.0, barometric_altitude=251.446716, witness_battery_voltage=5.124
[13:44:52.543] RX[COM9]  ff
[13:44:52.545] RX[COM9]  67 02 00 00 79 fc 0a
[13:44:52.551] PACKET[COM9] heartbeat: status=0b0110011100000010, uptime=31228
[13:44:52.606] RX[COM9]  01
[13:44:52.607] RX[COM9]  6f 02 00 00 7b b5 00 03 7b 00 03 0d ff 9b af ff fe 00 01 ff fb 0a
[13:44:52.613] PACKET[COM9] sensors: status=0b0110111100000010, uptime=31669, filtered_accel=[0.03564, 0.03124, -1.02724], gyro=[-0.14, 0.07, -0.35]
[13:44:52.665] TX[COM9] State: Descent:  05 00 00 00 00 00 00 73 03 0a
[13:44:52.730] RX[COM9]  05
[13:44:52.732] RX[COM9]  00 00 00 00 00 00 73 03 0a
[13:44:52.740] PACKET[COM9] command: status=0b0000000000000000, uptime=0, command_value=29443
[13:44:52.741] RX[COM9]  49
[13:44:52.742] BAD_PACKET[COM9] unknown packet ID 0x49; discarded 1 byte(s)
[13:44:52.743] RX[COM9]  20 28 32 31 36 38 33 39 29 20 61 70 65 72 74 75 72 65 3a 20 53 65 6e 64 69 6e 67 20 63 6f 6d 6d 61 6e 64 20 74 6f 20 57 69 74 6e 65 73 73 0d 0a
[13:44:52.744] BAD_PACKET[COM9] unknown packet ID 0x20; discarded 1 byte(s)
[13:44:52.744] BAD_PACKET[COM9] unknown packet ID 0x28; discarded 1 byte(s)
[13:44:52.745] BAD_PACKET[COM9] unknown packet ID 0x32; discarded 1 byte(s)
[13:44:52.749] BAD_PACKET[COM9] unknown packet ID 0x31; discarded 1 byte(s)
[13:44:52.750] BAD_PACKET[COM9] unknown packet ID 0x36; discarded 1 byte(s)
[13:44:52.750] BAD_PACKET[COM9] unknown packet ID 0x38; discarded 1 byte(s)
[13:44:52.751] BAD_PACKET[COM9] unknown packet ID 0x33; discarded 1 byte(s)
[13:44:52.751] BAD_PACKET[COM9] unknown packet ID 0x39; discarded 1 byte(s)
[13:44:52.752] BAD_PACKET[COM9] unknown packet ID 0x29; discarded 1 byte(s)
[13:44:52.752] BAD_PACKET[COM9] unknown packet ID 0x20; discarded 1 byte(s)
[13:44:52.753] BAD_PACKET[COM9] unknown packet ID 0x61; discarded 1 byte(s)
[13:44:52.753] BAD_PACKET[COM9] unknown packet ID 0x70; discarded 1 byte(s)
[13:44:52.755] BAD_PACKET[COM9] unknown packet ID 0x65; discarded 1 byte(s)
[13:44:52.755] BAD_PACKET[COM9] unknown packet ID 0x72; discarded 1 byte(s)
[13:44:52.759] BAD_PACKET[COM9] unknown packet ID 0x74; discarded 1 byte(s)
[13:44:52.760] BAD_PACKET[COM9] unknown packet ID 0x75; discarded 1 byte(s)
[13:44:52.760] BAD_PACKET[COM9] unknown packet ID 0x72; discarded 1 byte(s)
[13:44:52.760] BAD_PACKET[COM9] unknown packet ID 0x65; discarded 1 byte(s)
[13:44:52.761] BAD_PACKET[COM9] unknown packet ID 0x3a; discarded 1 byte(s)
[13:44:52.761] BAD_PACKET[COM9] unknown packet ID 0x20; discarded 1 byte(s)
[13:44:52.762] BAD_PACKET[COM9] unknown packet ID 0x53; discarded 1 byte(s)
[13:44:52.767] BAD_PACKET[COM9] unknown packet ID 0x65; discarded 1 byte(s)
[13:44:52.768] BAD_PACKET[COM9] unknown packet ID 0x6e; discarded 1 byte(s)
[13:44:52.769] BAD_PACKET[COM9] unknown packet ID 0x64; discarded 1 byte(s)
[13:44:52.773] BAD_PACKET[COM9] unknown packet ID 0x69; discarded 1 byte(s)
[13:44:52.778] BAD_PACKET[COM9] unknown packet ID 0x6e; discarded 1 byte(s)
[13:44:52.779] BAD_PACKET[COM9] unknown packet ID 0x67; discarded 1 byte(s)
[13:44:52.780] BAD_PACKET[COM9] unknown packet ID 0x20; discarded 1 byte(s)
[13:44:52.781] BAD_PACKET[COM9] unknown packet ID 0x63; discarded 1 byte(s)
[13:44:52.786] BAD_PACKET[COM9] unknown packet ID 0x6f; discarded 1 byte(s)
[13:44:52.787] BAD_PACKET[COM9] unknown packet ID 0x6d; discarded 1 byte(s)
[13:44:52.788] BAD_PACKET[COM9] unknown packet ID 0x6d; discarded 1 byte(s)
[13:44:52.789] BAD_PACKET[COM9] unknown packet ID 0x61; discarded 1 byte(s)
[13:44:52.799] BAD_PACKET[COM9] unknown packet ID 0x6e; discarded 1 byte(s)
[13:44:52.802] BAD_PACKET[COM9] unknown packet ID 0x64; discarded 1 byte(s)
[13:44:52.803] BAD_PACKET[COM9] unknown packet ID 0x20; discarded 1 byte(s)
[13:44:52.803] BAD_PACKET[COM9] unknown packet ID 0x74; discarded 1 byte(s)
[13:44:52.803] BAD_PACKET[COM9] unknown packet ID 0x6f; discarded 1 byte(s)
[13:44:52.804] BAD_PACKET[COM9] unknown packet ID 0x20; discarded 1 byte(s)
[13:44:52.810] BAD_PACKET[COM9] unknown packet ID 0x57; discarded 1 byte(s)
[13:44:52.812] BAD_PACKET[COM9] unknown packet ID 0x69; discarded 1 byte(s)
[13:44:52.813] BAD_PACKET[COM9] unknown packet ID 0x74; discarded 1 byte(s)
[13:44:52.813] BAD_PACKET[COM9] unknown packet ID 0x6e; discarded 1 byte(s)
[13:44:52.814] BAD_PACKET[COM9] unknown packet ID 0x65; discarded 1 byte(s)
[13:44:52.814] BAD_PACKET[COM9] unknown packet ID 0x73; discarded 1 byte(s)
[13:44:52.815] BAD_PACKET[COM9] unknown packet ID 0x73; discarded 1 byte(s)
[13:44:52.815] BAD_PACKET[COM9] unknown packet ID 0x0d; discarded 1 byte(s)
[13:44:52.820] BAD_PACKET[COM9] unknown packet ID 0x0a; discarded 1 byte(s)
[13:44:52.958] RX[COM9]  01
[13:44:52.959] RX[COM9]  6f 02 00 00 7c 9a 00 03 7b 00 03 25 ff 9b 8a ff d3 00 15 00 29 0a
[13:44:52.986] PACKET[COM9] sensors: status=0b0110111100000010, uptime=31898, filtered_accel=[0.03564, 0.0322, -1.02872], gyro=[-3.15, 1.47, 2.87]
[13:44:53.151] RX[COM9]  01
[13:44:53.152] RX[COM9]  67 03 00 00 7d 94 00 03 6e 00 03 0d ff 9b 97 ff d3 00 16 00 29 0a
[13:44:53.159] PACKET[COM9] sensors: status=0b0110011100000011, uptime=32148, filtered_accel=[0.03512, 0.03124, -1.0282], gyro=[-3.15, 1.54, 2.87]
[13:44:53.402] TX[COM9] State: Descent:  05 00 00 00 00 00 00 73 03 0a
[13:44:53.407] RX[COM9]  01
[13:44:53.408] RX[COM9]  6e 03 00 00 7e 8e 00 03 7b 00 03 01 ff 9b 8a ff d3 00 17 00 29 0a
[13:44:53.413] PACKET[COM9] sensors: status=0b0110111000000011, uptime=32398, filtered_accel=[0.03564, 0.03076, -1.02872], gyro=[-3.15, 1.61, 2.87]
[13:44:53.413] RX[COM9]  05
[13:44:53.414] RX[COM9]  00 00 00 00 00 00 73 03 0a
[13:44:53.422] PACKET[COM9] command: status=0b0000000000000000, uptime=0, command_value=29443
[13:44:53.423] RX[COM9]  72 65 3a 20 53 65 6e 64 69 6e 67 20 63 6f 6d 6d 61 6e 64 20 74 6f 20 57 69 74 6e 65 73 73 0d 0a
[13:44:53.424] BAD_PACKET[COM9] unknown packet ID 0x72; discarded 1 byte(s)
[13:44:53.424] BAD_PACKET[COM9] unknown packet ID 0x65; discarded 1 byte(s)
[13:44:53.425] BAD_PACKET[COM9] unknown packet ID 0x3a; discarded 1 byte(s)
[13:44:53.425] BAD_PACKET[COM9] unknown packet ID 0x20; discarded 1 byte(s)
[13:44:53.426] BAD_PACKET[COM9] unknown packet ID 0x53; discarded 1 byte(s)
[13:44:53.426] BAD_PACKET[COM9] unknown packet ID 0x65; discarded 1 byte(s)
[13:44:53.427] BAD_PACKET[COM9] unknown packet ID 0x6e; discarded 1 byte(s)
[13:44:53.428] BAD_PACKET[COM9] unknown packet ID 0x64; discarded 1 byte(s)
[13:44:53.429] BAD_PACKET[COM9] unknown packet ID 0x69; discarded 1 byte(s)
[13:44:53.429] BAD_PACKET[COM9] unknown packet ID 0x6e; discarded 1 byte(s)
[13:44:53.429] BAD_PACKET[COM9] unknown packet ID 0x67; discarded 1 byte(s)
[13:44:53.430] BAD_PACKET[COM9] unknown packet ID 0x20; discarded 1 byte(s)
[13:44:53.430] BAD_PACKET[COM9] unknown packet ID 0x63; discarded 1 byte(s)
[13:44:53.431] BAD_PACKET[COM9] unknown packet ID 0x6f; discarded 1 byte(s)
[13:44:53.431] BAD_PACKET[COM9] unknown packet ID 0x6d; discarded 1 byte(s)
[13:44:53.436] BAD_PACKET[COM9] unknown packet ID 0x6d; discarded 1 byte(s)
[13:44:53.440] BAD_PACKET[COM9] unknown packet ID 0x61; discarded 1 byte(s)
[13:44:53.441] BAD_PACKET[COM9] unknown packet ID 0x6e; discarded 1 byte(s)
[13:44:53.441] BAD_PACKET[COM9] unknown packet ID 0x64; discarded 1 byte(s)
[13:44:53.442] BAD_PACKET[COM9] unknown packet ID 0x20; discarded 1 byte(s)
[13:44:53.442] BAD_PACKET[COM9] unknown packet ID 0x74; discarded 1 byte(s)
[13:44:53.443] BAD_PACKET[COM9] unknown packet ID 0x6f; discarded 1 byte(s)
[13:44:53.443] BAD_PACKET[COM9] unknown packet ID 0x20; discarded 1 byte(s)
[13:44:53.443] BAD_PACKET[COM9] unknown packet ID 0x57; discarded 1 byte(s)
[13:44:53.444] BAD_PACKET[COM9] unknown packet ID 0x69; discarded 1 byte(s)
[13:44:53.444] BAD_PACKET[COM9] unknown packet ID 0x74; discarded 1 byte(s)
[13:44:53.444] BAD_PACKET[COM9] unknown packet ID 0x6e; discarded 1 byte(s)
[13:44:53.445] BAD_PACKET[COM9] unknown packet ID 0x65; discarded 1 byte(s)
[13:44:53.445] BAD_PACKET[COM9] unknown packet ID 0x73; discarded 1 byte(s)
[13:44:53.446] BAD_PACKET[COM9] unknown packet ID 0x73; discarded 1 byte(s)
[13:44:53.446] BAD_PACKET[COM9] unknown packet ID 0x0d; discarded 1 byte(s)
[13:44:53.447] BAD_PACKET[COM9] unknown packet ID 0x0a; discarded 1 byte(s)
[13:44:53.560] RX[COM9]  ff
[13:44:53.561] RX[COM9]  6e 03 00 00 7d e4 0a
[13:44:53.567] PACKET[COM9] heartbeat: status=0b0110111000000011, uptime=32228
[13:44:53.619] RX[COM9]  01
[13:44:53.620] RX[COM9]  6e 03 00 00 7f a7 00 03 7b 00 03 25 ff 9b 97 ff fe 00 01 ff fb 0a
[13:44:53.628] PACKET[COM9] sensors: status=0b0110111000000011, uptime=32679, filtered_accel=[0.03564, 0.0322, -1.0282], gyro=[-0.14, 0.07, -0.35]
[13:44:53.861] RX[COM9]  01
[13:44:53.862] RX[COM9]  6e 03 00 00 80 8c 00 03 7b 00 03 0d ff 9b 7e ff d3 00 16 00 28 0a
[13:44:53.870] PACKET[COM9] sensors: status=0b0110111000000011, uptime=32908, filtered_accel=[0.03564, 0.03124, -1.0292], gyro=[-3.15, 1.54, 2.8]
[13:44:54.166] RX[COM9]  01
[13:44:54.168] RX[COM9]  6e 03 00 00 81 86 00 03 7b 00 03 19 ff 9b 97 ff d3 00 16 00 29 0a
[13:44:54.178] PACKET[COM9] sensors: status=0b0110111000000011, uptime=33158, filtered_accel=[0.03564, 0.03172, -1.0282], gyro=[-3.15, 1.54, 2.87]
[13:44:54.419] RX[COM9]  01
[13:44:54.420] RX[COM9]  67 03 00 00 82 80 00 03 6e 00 03 19 ff 9b 97 ff d2 00 16 00 2a 0a
[13:44:54.426] PACKET[COM9] sensors: status=0b0110011100000011, uptime=33408, filtered_accel=[0.03512, 0.03172, -1.0282], gyro=[-3.22, 1.54, 2.94]
[13:44:54.541] RX[COM9]  02
[13:44:54.543] RX[COM9]  6f 03 00 00 83 17 00 00 00 00 00 00 00 00 00 00 00 00 00 00 00 00 00 00 00 00 00 00 00 00 00 00 00 00 00 00 00 00 00 00 00 00 00 00 00 00 00 00 00 00 00 00 00 00 00 00 43 7b 47 11 14 0c 0a
[13:44:54.549] PACKET[COM9] state: status=0b0110111100000011, uptime=33559, orientation=[0.0, 0.0, 0.0, 0.0], position=[0.0, 0.0, 0.0], velocity=[0.0, 0.0, 0.0], latitude=0.0, longitude=0.0, gps_altitude=0.0, barometric_altitude=251.277603, witness_battery_voltage=5.132
[13:44:54.549] RX[COM9]  ff
[13:44:54.550] RX[COM9]  6f 03 00 00 81 cd 0a
[13:44:54.554] PACKET[COM9] heartbeat: status=0b0110111100000011, uptime=33229
[13:44:54.619] RX[COM9]  01
[13:44:54.623] RX[COM9]  6f 03 00 00 83 98 00 03 87 00 03 19 ff 9b a3 ff fd 00 01 ff fb 0a
[13:44:54.628] PACKET[COM9] sensors: status=0b0110111100000011, uptime=33688, filtered_accel=[0.03612, 0.03172, -1.02772], gyro=[-0.21, 0.07, -0.35]
[13:44:54.903] RX[COM9]  01
[13:44:54.906] RX[COM9]  6f 03 00 00 84 7f 00 03 87 00 03 0d ff 9b 8a ff d3 00 16 00 29 0a
[13:44:54.916] PACKET[COM9] sensors: status=0b0110111100000011, uptime=33919, filtered_accel=[0.03612, 0.03124, -1.02872], gyro=[-3.15, 1.54, 2.87]
[13:44:55.153] RX[COM9]  01
[13:44:55.153] RX[COM9]  6f 03 00 00 85 78 00 03 7b 00 03 19 ff 9b 8a ff d3 00 16 00 29 0a
[13:44:55.161] PACKET[COM9] sensors: status=0b0110111100000011, uptime=34168, filtered_accel=[0.03564, 0.03172, -1.02872], gyro=[-3.15, 1.54, 2.87]
[13:44:55.408] RX[COM9]  01
[13:44:55.409] RX[COM9]  66 03 00 00 86 73 00 03 6e 00 03 19 ff 9b 8a ff d3 00 16 00 29 0a
[13:44:55.417] PACKET[COM9] sensors: status=0b0110011000000011, uptime=34419, filtered_accel=[0.03512, 0.03172, -1.02872], gyro=[-3.15, 1.54, 2.87]
[13:44:55.540] RX[COM9]  02
[13:44:55.542] RX[COM9]  6e 03 00 00 87 09 00 00 00 00 00 00 00 00 00 00 00 00 00 00 00 00 00 00 00 00 00 00 00 00 00 00 00 00 00 00 00 00 00 00 00 00 00 00 00 00 00 00 00 00 00 00 00 00 00 00 43 7b b3 f9 14 00 0a
[13:44:55.548] PACKET[COM9] state: status=0b0110111000000011, uptime=34569, orientation=[0.0, 0.0, 0.0, 0.0], position=[0.0, 0.0, 0.0], velocity=[0.0, 0.0, 0.0], latitude=0.0, longitude=0.0, gps_altitude=0.0, barometric_altitude=251.703018, witness_battery_voltage=5.12
[13:44:55.602] RX[COM9]  ff
[13:44:55.604] RX[COM9]  66 03 00 00 85 b4 0a
[13:44:55.616] PACKET[COM9] heartbeat: status=0b0110011000000011, uptime=34228
[13:44:55.676] RX[COM9]  01
[13:44:55.677] RX[COM9]  6e 03 00 00 87 8b 00 03 7b 00 03 0d ff 9b 7e ff fd 00 00 ff fb 0a
[13:44:55.688] PACKET[COM9] sensors: status=0b0110111000000011, uptime=34699, filtered_accel=[0.03564, 0.03124, -1.0292], gyro=[-0.21, 0.0, -0.35]
[13:44:55.903] RX[COM9]  01
[13:44:55.911] RX[COM9]  66 03 00 00 88 70 00 03 7b 00 03 25 ff 9b 7e ff d3 00 16 00 28 0a
[13:44:55.925] PACKET[COM9] sensors: status=0b0110011000000011, uptime=34928, filtered_accel=[0.03564, 0.0322, -1.0292], gyro=[-3.15, 1.54, 2.8]
[13:44:56.148] RX[COM9]  01
[13:44:56.150] RX[COM9]  6e 03 00 00 89 6a 00 03 7b 00 03 19 ff 9b 7e ff d3 00 16 00 29 0a
[13:44:56.159] PACKET[COM9] sensors: status=0b0110111000000011, uptime=35178, filtered_accel=[0.03564, 0.03172, -1.0292], gyro=[-3.15, 1.54, 2.87]
[13:44:56.384] RX[COM9]  01
[13:44:56.389] RX[COM9]  67 03 00 00 8a 64 00 03 6e 00 03 31 ff 9b 72 ff d2 00 16 00 29 0a
[13:44:56.398] PACKET[COM9] sensors: status=0b0110011100000011, uptime=35428, filtered_accel=[0.03512, 0.03268, -1.02968], gyro=[-3.22, 1.54, 2.87]
[13:44:56.546] RX[COM9]  02
[13:44:56.553] RX[COM9]  6f 03 00 00 8a fb 00 00 00 00 00 00 00 00 00 00 00 00 00 00 00 00 00 00 00 00 00 00 00 00 00 00 00 00 00 00 00 00 00 00 00 00 00 00 00 00 00 00 00 00 00 00 00 00 00 00 43 7b 5c b6 14 0c 0a
[13:44:56.572] PACKET[COM9] state: status=0b0110111100000011, uptime=35579, orientation=[0.0, 0.0, 0.0, 0.0], position=[0.0, 0.0, 0.0], velocity=[0.0, 0.0, 0.0], latitude=0.0, longitude=0.0, gps_altitude=0.0, barometric_altitude=251.362152, witness_battery_voltage=5.132
[13:44:56.584] RX[COM9]  ff
[13:44:56.585] RX[COM9]  6f 03 00 00 89 9c 0a
[13:44:56.608] PACKET[COM9] heartbeat: status=0b0110111100000011, uptime=35228
[13:44:56.676] RX[COM9]  01
[13:44:56.677] RX[COM9]  6f 03 00 00 8b 7d 00 03 6e 00 03 19 ff 9b 97 ff fd 00 02 ff fb 0a
[13:44:56.683] PACKET[COM9] sensors: status=0b0110111100000011, uptime=35709, filtered_accel=[0.03512, 0.03172, -1.0282], gyro=[-0.21, 0.14, -0.35]
[13:44:56.902] RX[COM9]  01
[13:44:56.903] RX[COM9]  67 03 00 00 8c 62 00 03 6e 00 03 19 ff 9b 97 ff d2 00 16 00 29 0a
[13:44:56.910] PACKET[COM9] sensors: status=0b0110011100000011, uptime=35938, filtered_accel=[0.03512, 0.03172, -1.0282], gyro=[-3.22, 1.54, 2.87]
[13:44:57.186] RX[COM9]  01
[13:44:57.188] RX[COM9]  6f 03 00 00 8d 5c 00 03 7b 00 03 0d ff 9b 7e ff d2 00 16 00 29 0a
[13:44:57.194] PACKET[COM9] sensors: status=0b0110111100000011, uptime=36188, filtered_accel=[0.03564, 0.03124, -1.0292], gyro=[-3.22, 1.54, 2.87]
[13:44:57.436] RX[COM9]  01
[13:44:57.438] RX[COM9]  6e 03 00 00 8e 56 00 03 7b 00 03 01 ff 9b 8a ff d3 00 16 00 28 0a
[13:44:57.445] PACKET[COM9] sensors: status=0b0110111000000011, uptime=36438, filtered_accel=[0.03564, 0.03076, -1.02872], gyro=[-3.15, 1.54, 2.8]
[13:44:57.552] RX[COM9]  02
[13:44:57.552] RX[COM9]  6e 03 00 00 8e ee 00 00 00 00 00 00 00 00 00 00 00 00 00 00 00 00 00 00 00 00 00 00 00 00 00 00 00 00 00 00 00 00 00 00 00 00 00 00 00 00 00 00 00 00 00 00 00 00 00 00 43 7b 9e 53 14 04 0a
[13:44:57.560] PACKET[COM9] state: status=0b0110111000000011, uptime=36590, orientation=[0.0, 0.0, 0.0, 0.0], position=[0.0, 0.0, 0.0], velocity=[0.0, 0.0, 0.0], latitude=0.0, longitude=0.0, gps_altitude=0.0, barometric_altitude=251.618454, witness_battery_voltage=5.124
[13:44:57.625] RX[COM9]  ff
[13:44:57.626] RX[COM9]  66 03 00 00 8d 84 0a
[13:44:57.631] PACKET[COM9] heartbeat: status=0b0110011000000011, uptime=36228
[13:44:57.686] RX[COM9]  01
[13:44:57.690] RX[COM9]  6e 03 00 00 8f 6f 00 03 7b 00 03 25 ff 9b af ff fe 00 01 ff fb 0a
[13:44:57.698] PACKET[COM9] sensors: status=0b0110111000000011, uptime=36719, filtered_accel=[0.03564, 0.0322, -1.02724], gyro=[-0.14, 0.07, -0.35]
[13:44:57.922] RX[COM9]  01
[13:44:57.924] RX[COM9]  66 03 00 00 90 54 00 03 6e 00 03 19 ff 9b 72 ff d3 00 15 00 28 0a
[13:44:57.930] PACKET[COM9] sensors: status=0b0110011000000011, uptime=36948, filtered_accel=[0.03512, 0.03172, -1.02968], gyro=[-3.15, 1.47, 2.8]
[13:44:58.157] RX[COM9]  01
[13:44:58.158] RX[COM9]  6e 03 00 00 91 4e 00 03 6e 00 03 19 ff 9b 7e ff d3 00 15 00 29 0a
[13:44:58.165] PACKET[COM9] sensors: status=0b0110111000000011, uptime=37198, filtered_accel=[0.03512, 0.03172, -1.0292], gyro=[-3.15, 1.47, 2.87]
[13:44:58.406] RX[COM9]  01
[13:44:58.409] RX[COM9]  6f 03 00 00 92 48 00 03 7b 00 03 0d ff 9b 97 ff d3 00 16 00 29 0a
[13:44:58.417] PACKET[COM9] sensors: status=0b0110111100000011, uptime=37448, filtered_accel=[0.03564, 0.03124, -1.0282], gyro=[-3.15, 1.54, 2.87]
[13:44:58.593] RX[COM9]  02
[13:44:58.595] RX[COM9]  6f 03 00 00 92 df 00 00 00 00 00 00 00 00 00 00 00 00 00 00 00 00 00 00 00 00 00 00 00 00 00 00 00 00 00 00 00 00 00 00 00 00 00 00 00 00 00 00 00 00 00 00 00 00 00 00 43 7b 5c b6 14 04 0a
[13:44:58.604] PACKET[COM9] state: status=0b0110111100000011, uptime=37599, orientation=[0.0, 0.0, 0.0, 0.0], position=[0.0, 0.0, 0.0], velocity=[0.0, 0.0, 0.0], latitude=0.0, longitude=0.0, gps_altitude=0.0, barometric_altitude=251.362152, witness_battery_voltage=5.124
[13:44:58.606] RX[COM9]  ff
[13:44:58.607] RX[COM9]  6f 03 00 00 91 6c 0a
[13:44:58.613] PACKET[COM9] heartbeat: status=0b0110111100000011, uptime=37228
[13:44:58.672] RX[COM9]  01
[13:44:58.675] RX[COM9]  6f 03 00 00 93 60 00 03 6e 00 03 19 ff 9b a3 ff fe 00 01 ff fb 0a
[13:44:58.682] PACKET[COM9] sensors: status=0b0110111100000011, uptime=37728, filtered_accel=[0.03512, 0.03172, -1.02772], gyro=[-0.14, 0.07, -0.35]
[13:44:58.955] RX[COM9]  01
[13:44:58.957] RX[COM9]  67 03 00 00 94 46 00 03 7b 00 03 19 ff 9b 97 ff d3 00 15 00 29 0a
[13:44:58.965] PACKET[COM9] sensors: status=0b0110011100000011, uptime=37958, filtered_accel=[0.03564, 0.03172, -1.0282], gyro=[-3.15, 1.47, 2.87]
[13:44:59.195] RX[COM9]  01
[13:44:59.196] RX[COM9]  67 03 00 00 95 40 00 03 6e 00 03 19 ff 9b 72 ff d2 00 16 00 29 0a
[13:44:59.209] PACKET[COM9] sensors: status=0b0110011100000011, uptime=38208, filtered_accel=[0.03512, 0.03172, -1.02968], gyro=[-3.22, 1.54, 2.87]
[13:44:59.452] RX[COM9]  01
[13:44:59.454] RX[COM9]  6e 03 00 00 96 3a 00 03 6e 00 03 01 ff 9b 7e ff d4 00 16 00 29 0a
[13:44:59.461] PACKET[COM9] sensors: status=0b0110111000000011, uptime=38458, filtered_accel=[0.03512, 0.03076, -1.0292], gyro=[-3.08, 1.54, 2.87]
[13:44:59.577] RX[COM9]  02
[13:44:59.579] RX[COM9]  6e 03 00 00 96 d1 00 00 00 00 00 00 00 00 00 00 00 00 00 00 00 00 00 00 00 00 00 00 00 00 00 00 00 00 00 00 00 00 00 00 00 00 00 00 00 00 00 00 00 00 00 00 00 00 00 00 43 7b df f0 14 04 0a
[13:44:59.587] PACKET[COM9] state: status=0b0110111000000011, uptime=38609, orientation=[0.0, 0.0, 0.0, 0.0], position=[0.0, 0.0, 0.0], velocity=[0.0, 0.0, 0.0], latitude=0.0, longitude=0.0, gps_altitude=0.0, barometric_altitude=251.874756, witness_battery_voltage=5.124
[13:44:59.640] RX[COM9]  ff
[13:44:59.642] RX[COM9]  66 03 00 00 95 54 0a
[13:44:59.648] PACKET[COM9] heartbeat: status=0b0110011000000011, uptime=38228
[13:44:59.702] RX[COM9]  01
[13:44:59.703] RX[COM9]  6e 03 00 00 97 53 00 03 6e 00 03 0d ff 9b a3 ff fd 00 01 ff fb 0a
[13:44:59.711] PACKET[COM9] sensors: status=0b0110111000000011, uptime=38739, filtered_accel=[0.03512, 0.03124, -1.02772], gyro=[-0.21, 0.07, -0.35]
[13:44:59.951] RX[COM9]  01
[13:44:59.954] RX[COM9]  6e 03 00 00 98 38 00 03 7b 00 03 19 ff 9b 8a ff d3 00 16 00 29 0a
[13:44:59.961] PACKET[COM9] sensors: status=0b0110111000000011, uptime=38968, filtered_accel=[0.03564, 0.03172, -1.02872], gyro=[-3.15, 1.54, 2.87]
[13:45:00.194] RX[COM9]  01
[13:45:00.196] RX[COM9]  66 03 00 00 99 33 00 03 6e 00 03 19 ff 9b 8a ff d3 00 17 00 29 0a
[13:45:00.210] PACKET[COM9] sensors: status=0b0110011000000011, uptime=39219, filtered_accel=[0.03512, 0.03172, -1.02872], gyro=[-3.15, 1.61, 2.87]
[13:45:00.438] RX[COM9]  01
[13:45:00.442] RX[COM9]  6f 03 00 00 9a 2c 00 03 7b 00 03 19 ff 9b 7e ff d3 00 16 00 29 0a
[13:45:00.450] PACKET[COM9] sensors: status=0b0110111100000011, uptime=39468, filtered_accel=[0.03564, 0.03172, -1.0292], gyro=[-3.15, 1.54, 2.87]
[13:45:00.578] RX[COM9]  02
[13:45:00.581] RX[COM9]  6f 03 00 00 9a c3 00 00 00 00 00 00 00 00 00 00 00 00 00 00 00 00 00 00 00 00 00 00 00 00 00 00 00 00 00 00 00 00 00 00 00 00 00 00 00 00 00 00 00 00 00 00 00 00 00 00 43 7b 47 11 14 10 0a
[13:45:00.588] PACKET[COM9] state: status=0b0110111100000011, uptime=39619, orientation=[0.0, 0.0, 0.0, 0.0], position=[0.0, 0.0, 0.0], velocity=[0.0, 0.0, 0.0], latitude=0.0, longitude=0.0, gps_altitude=0.0, barometric_altitude=251.277603, witness_battery_voltage=5.136
[13:45:00.650] RX[COM9]  ff
[13:45:00.654] RX[COM9]  6f 03 00 00 99 3d 0a
[13:45:00.661] PACKET[COM9] heartbeat: status=0b0110111100000011, uptime=39229
[13:45:00.713] RX[COM9]  01
[13:45:00.714] RX[COM9]  6f 03 00 00 9b 44 00 03 6e 00 03 0d ff 9b bb ff fd 00 01 ff fc 0a
[13:45:00.720] PACKET[COM9] sensors: status=0b0110111100000011, uptime=39748, filtered_accel=[0.03512, 0.03124, -1.02676], gyro=[-0.21, 0.07, -0.28]
[13:45:00.951] RX[COM9]  01
[13:45:00.952] RX[COM9]  6f 03 00 00 9c 2a 00 03 7b 00 03 19 ff 9b 8a ff d2 00 15 00 29 0a
[13:45:00.962] PACKET[COM9] sensors: status=0b0110111100000011, uptime=39978, filtered_accel=[0.03564, 0.03172, -1.02872], gyro=[-3.22, 1.47, 2.87]
[13:45:01.199] RX[COM9]  01
[13:45:01.201] RX[COM9]  67 03 00 00 9d 24 00 03 87 00 03 25 ff 9b 7e ff d3 00 16 00 29 0a
[13:45:01.211] PACKET[COM9] sensors: status=0b0110011100000011, uptime=40228, filtered_accel=[0.03612, 0.0322, -1.0292], gyro=[-3.15, 1.54, 2.87]
[13:45:01.446] RX[COM9]  01
[13:45:01.449] RX[COM9]  6e 03 00 00 9e 1e 00 03 56 00 03 0d ff 9b 7e ff d3 00 16 00 28 0a
[13:45:01.459] PACKET[COM9] sensors: status=0b0110111000000011, uptime=40478, filtered_accel=[0.03416, 0.03124, -1.0292], gyro=[-3.15, 1.54, 2.8]
[13:45:01.585] RX[COM9]  02
[13:45:01.587] RX[COM9]  6e 03 00 00 9e b5 00 00 00 00 00 00 00 00 00 00 00 00 00 00 00 00 00 00 00 00 00 00 00 00 00 00 00 00 00 00 00 00 00 00 00 00 00 00 00 00 00 00 00 00 00 00 00 00 00 00 43 7b c9 9e 14 04 0a
[13:45:01.594] PACKET[COM9] state: status=0b0110111000000011, uptime=40629, orientation=[0.0, 0.0, 0.0, 0.0], position=[0.0, 0.0, 0.0], velocity=[0.0, 0.0, 0.0], latitude=0.0, longitude=0.0, gps_altitude=0.0, barometric_altitude=251.787567, witness_battery_voltage=5.124
[13:45:01.647] RX[COM9]  ff
[13:45:01.650] RX[COM9]  66 03 00 00 9d 25 0a
[13:45:01.655] PACKET[COM9] heartbeat: status=0b0110011000000011, uptime=40229
[13:45:01.711] RX[COM9]  01
[13:45:01.711] RX[COM9]  6e 03 00 00 9f 37 00 03 87 00 03 19 ff 9b a3 ff fe 00 01 ff fb 0a
[13:45:01.724] PACKET[COM9] sensors: status=0b0110111000000011, uptime=40759, filtered_accel=[0.03612, 0.03172, -1.02772], gyro=[-0.14, 0.07, -0.35]
[13:45:01.943] RX[COM9]  01
[13:45:01.944] RX[COM9]  6e 03 00 00 a0 1c 00 03 87 00 03 0d ff 9b 97 ff d2 00 16 00 28 0a
[13:45:01.950] PACKET[COM9] sensors: status=0b0110111000000011, uptime=40988, filtered_accel=[0.03612, 0.03124, -1.0282], gyro=[-3.22, 1.54, 2.8]
[13:45:02.194] RX[COM9]  01
[13:45:02.195] RX[COM9]  67 03 00 00 a1 16 00 03 7b 00 03 0d ff 9b 8a ff d3 00 16 00 28 0a
[13:45:02.204] PACKET[COM9] sensors: status=0b0110011100000011, uptime=41238, filtered_accel=[0.03564, 0.03124, -1.02872], gyro=[-3.15, 1.54, 2.8]
[13:45:02.483] RX[COM9]  01
[13:45:02.484] RX[COM9]  6f 03 00 00 a2 10 00 03 7b 00 03 19 ff 9b 7e ff d3 00 15 00 29 0a
[13:45:02.490] PACKET[COM9] sensors: status=0b0110111100000011, uptime=41488, filtered_accel=[0.03564, 0.03172, -1.0292], gyro=[-3.15, 1.47, 2.87]
[13:45:02.594] RX[COM9]  02
[13:45:02.595] RX[COM9]  6f 03 00 00 a2 a7 00 00 00 00 00 00 00 00 00 00 00 00 00 00 00 00 00 00 00 00 00 00 00 00 00 00 00 00 00 00 00 00 00 00 00 00 00 00 00 00 00 00 00 00 00 00 00 00 00 00 43 7b 1b 1a 14 04 0a
[13:45:02.617] PACKET[COM9] state: status=0b0110111100000011, uptime=41639, orientation=[0.0, 0.0, 0.0, 0.0], position=[0.0, 0.0, 0.0], velocity=[0.0, 0.0, 0.0], latitude=0.0, longitude=0.0, gps_altitude=0.0, barometric_altitude=251.105865, witness_battery_voltage=5.124
[13:45:02.681] RX[COM9]  ff
[13:45:02.683] RX[COM9]  6f 03 00 00 a1 0c 0a
[13:45:02.689] PACKET[COM9] heartbeat: status=0b0110111100000011, uptime=41228
[13:45:02.743] RX[COM9]  01
[13:45:02.745] RX[COM9]  6f 03 00 00 a3 28 00 03 7b 00 03 0d ff 9b af ff fd 00 01 ff fb 0a
[13:45:02.750] PACKET[COM9] sensors: status=0b0110111100000011, uptime=41768, filtered_accel=[0.03564, 0.03124, -1.02724], gyro=[-0.21, 0.07, -0.35]
[13:45:02.978] RX[COM9]  01
[13:45:02.979] RX[COM9]  6f 03 00 00 a4 0e 00 03 7b 00 03 0d ff 9b 72 ff d3 00 15 00 29 0a
[13:45:03.001] PACKET[COM9] sensors: status=0b0110111100000011, uptime=41998, filtered_accel=[0.03564, 0.03124, -1.02968], gyro=[-3.15, 1.47, 2.87]
[13:45:03.230] RX[COM9]  01
[13:45:03.232] RX[COM9]  6e 03 00 00 a5 08 00 03 6e 00 03 19 ff 9b 8a ff d3 00 16 00 28 0a
[13:45:03.238] PACKET[COM9] sensors: status=0b0110111000000011, uptime=42248, filtered_accel=[0.03512, 0.03172, -1.02872], gyro=[-3.15, 1.54, 2.8]
[13:45:03.490] RX[COM9]  01
[13:45:03.493] RX[COM9]  66 03 00 00 a6 02 00 03 7b 00 03 0d ff 9b 66 ff d3 00 16 00 29 0a
[13:45:03.498] PACKET[COM9] sensors: status=0b0110011000000011, uptime=42498, filtered_accel=[0.03564, 0.03124, -1.03016], gyro=[-3.15, 1.54, 2.87]
[13:45:03.614] RX[COM9]  02
[13:45:03.615] RX[COM9]  6e 03 00 00 a6 99 00 00 00 00 00 00 00 00 00 00 00 00 00 00 00 00 00 00 00 00 00 00 00 00 00 00 00 00 00 00 00 00 00 00 00 00 00 00 00 00 00 00 00 00 00 00 00 00 00 00 43 7b df f0 14 08 0a
[13:45:03.619] PACKET[COM9] state: status=0b0110111000000011, uptime=42649, orientation=[0.0, 0.0, 0.0, 0.0], position=[0.0, 0.0, 0.0], velocity=[0.0, 0.0, 0.0], latitude=0.0, longitude=0.0, gps_altitude=0.0, barometric_altitude=251.874756, witness_battery_voltage=5.128
[13:45:03.677] RX[COM9]  ff
[13:45:03.678] RX[COM9]  66 03 00 00 a4 f4 0a
[13:45:03.683] PACKET[COM9] heartbeat: status=0b0110011000000011, uptime=42228
[13:45:03.741] RX[COM9]  01
[13:45:03.743] RX[COM9]  6e 03 00 00 a7 1b 00 03 7b 00 03 25 ff 9b 97 ff fd 00 01 ff fb 0a
[13:45:03.751] PACKET[COM9] sensors: status=0b0110111000000011, uptime=42779, filtered_accel=[0.03564, 0.0322, -1.0282], gyro=[-0.21, 0.07, -0.35]
[13:45:03.980] RX[COM9]  01
[13:45:03.982] RX[COM9]  6e 03 00 00 a8 00 00 03 7b 00 03 0d ff 9b 8a ff d3 00 16 00 28 0a
[13:45:03.985] PACKET[COM9] sensors: status=0b0110111000000011, uptime=43008, filtered_accel=[0.03564, 0.03124, -1.02872], gyro=[-3.15, 1.54, 2.8]
[13:45:04.259] RX[COM9]  01
[13:45:04.262] RX[COM9]  6f 03 00 00 a8 fa 00 03 7b 00 03 19 ff 9b 8a ff d3 00 15 00 28 0a
[13:45:04.267] PACKET[COM9] sensors: status=0b0110111100000011, uptime=43258, filtered_accel=[0.03564, 0.03172, -1.02872], gyro=[-3.15, 1.47, 2.8]
[13:45:04.510] RX[COM9]  01
[13:45:04.511] RX[COM9]  67 03 00 00 a9 f4 00 03 6e 00 03 25 ff 9b 72 ff d3 00 16 00 28 0a
[13:45:04.517] PACKET[COM9] sensors: status=0b0110011100000011, uptime=43508, filtered_accel=[0.03512, 0.0322, -1.02968], gyro=[-3.15, 1.54, 2.8]
[13:45:04.622] RX[COM9]  02
[13:45:04.623] RX[COM9]  6f 03 00 00 aa 8b 00 00 00 00 00 00 00 00 00 00 00 00 00 00 00 00 00 00 00 00 00 00 00 00 00 00 00 00 00 00 00 00 00 00 00 00 00 00 00 00 00 00 00 00 00 00 00 00 00 00 43 7b 31 6c 14 04 0a
[13:45:04.630] PACKET[COM9] state: status=0b0110111100000011, uptime=43659, orientation=[0.0, 0.0, 0.0, 0.0], position=[0.0, 0.0, 0.0], velocity=[0.0, 0.0, 0.0], latitude=0.0, longitude=0.0, gps_altitude=0.0, barometric_altitude=251.193054, witness_battery_voltage=5.124
[13:45:04.682] RX[COM9]  ff
[13:45:04.687] RX[COM9]  6f 03 00 00 a8 dc 0a
[13:45:04.695] PACKET[COM9] heartbeat: status=0b0110111100000011, uptime=43228
[13:45:04.759] RX[COM9]  01
[13:45:04.761] RX[COM9]  6f 03 00 00 ab 0c 00 03 87 00 03 19 ff 9b af ff fd 00 01 ff fb 0a
[13:45:04.769] PACKET[COM9] sensors: status=0b0110111100000011, uptime=43788, filtered_accel=[0.03612, 0.03172, -1.02724], gyro=[-0.21, 0.07, -0.35]
[13:45:05.012] RX[COM9]  01
[13:45:05.016] RX[COM9]  67 03 00 00 ab f3 00 03 7b 00 03 0d ff 9b 7e ff d3 00 16 00 28 0a
[13:45:05.022] PACKET[COM9] sensors: status=0b0110011100000011, uptime=44019, filtered_accel=[0.03564, 0.03124, -1.0292], gyro=[-3.15, 1.54, 2.8]
[13:45:05.264] RX[COM9]  01
[13:45:05.265] RX[COM9]  6e 03 00 00 ac ec 00 03 6e 00 03 01 ff 9b 66 ff d3 00 16 00 28 0a
[13:45:05.277] PACKET[COM9] sensors: status=0b0110111000000011, uptime=44268, filtered_accel=[0.03512, 0.03076, -1.03016], gyro=[-3.15, 1.54, 2.8]
[13:45:05.515] RX[COM9]  01
[13:45:05.517] RX[COM9]  66 03 00 00 ad e7 00 03 87 00 03 0d ff 9b 7e ff d3 00 16 00 28 0a
[13:45:05.523] PACKET[COM9] sensors: status=0b0110011000000011, uptime=44519, filtered_accel=[0.03612, 0.03124, -1.0292], gyro=[-3.15, 1.54, 2.8]
[13:45:05.640] RX[COM9]  02
[13:45:05.642] RX[COM9]  6e 03 00 00 ae 7d 00 00 00 00 00 00 00 00 00 00 00 00 00 00 00 00 00 00 00 00 00 00 00 00 00 00 00 00 00 00 00 00 00 00 00 00 00 00 00 00 00 00 00 00 00 00 00 00 00 00 43 7b 88 ae 14 04 0a
[13:45:05.647] PACKET[COM9] state: status=0b0110111000000011, uptime=44669, orientation=[0.0, 0.0, 0.0, 0.0], position=[0.0, 0.0, 0.0], velocity=[0.0, 0.0, 0.0], latitude=0.0, longitude=0.0, gps_altitude=0.0, barometric_altitude=251.533905, witness_battery_voltage=5.124
[13:45:05.702] RX[COM9]  ff
[13:45:05.703] RX[COM9]  66 03 00 00 ac c4 0a
[13:45:05.709] PACKET[COM9] heartbeat: status=0b0110011000000011, uptime=44228
[13:45:05.764] RX[COM9]  01
[13:45:05.765] RX[COM9]  6e 03 00 00 ae ff 00 03 7b 00 03 19 ff 9b af ff fe 00 02 ff fb 0a
[13:45:05.770] PACKET[COM9] sensors: status=0b0110111000000011, uptime=44799, filtered_accel=[0.03564, 0.03172, -1.02724], gyro=[-0.14, 0.14, -0.35]
[13:45:06.011] RX[COM9]  01
[13:45:06.012] RX[COM9]  66 03 00 00 af e4 00 03 93 00 03 0d ff 9b 72 ff d2 00 16 00 29 0a
[13:45:06.017] PACKET[COM9] sensors: status=0b0110011000000011, uptime=45028, filtered_accel=[0.0366, 0.03124, -1.02968], gyro=[-3.22, 1.54, 2.87]
[13:45:06.250] RX[COM9]  01
[13:45:06.251] RX[COM9]  6f 03 00 00 b0 de 00 03 87 00 03 25 ff 9b 66 ff d3 00 16 00 29 0a
[13:45:06.261] PACKET[COM9] sensors: status=0b0110111100000011, uptime=45278, filtered_accel=[0.03612, 0.0322, -1.03016], gyro=[-3.15, 1.54, 2.87]
[13:45:06.499] RX[COM9]  01
[13:45:06.502] RX[COM9]  67 03 00 00 b1 d8 00 03 6e 00 03 19 ff 9b 72 ff d3 00 16 00 29 0a
[13:45:06.510] PACKET[COM9] sensors: status=0b0110011100000011, uptime=45528, filtered_accel=[0.03512, 0.03172, -1.02968], gyro=[-3.15, 1.54, 2.87]
[13:45:06.620] RX[COM9]  02
[13:45:06.621] RX[COM9]  6f 03 00 00 b2 6f 00 00 00 00 00 00 00 00 00 00 00 00 00 00 00 00 00 00 00 00 00 00 00 00 00 00 00 00 00 00 00 00 00 00 00 00 00 00 00 00 00 00 00 00 00 00 00 00 00 00 43 7b 72 5c 14 0c 0a
[13:45:06.627] PACKET[COM9] state: status=0b0110111100000011, uptime=45679, orientation=[0.0, 0.0, 0.0, 0.0], position=[0.0, 0.0, 0.0], velocity=[0.0, 0.0, 0.0], latitude=0.0, longitude=0.0, gps_altitude=0.0, barometric_altitude=251.446716, witness_battery_voltage=5.132
[13:45:06.686] RX[COM9]  ff
[13:45:06.688] RX[COM9]  6f 03 00 00 b0 ac 0a
[13:45:06.698] PACKET[COM9] heartbeat: status=0b0110111100000011, uptime=45228
[13:45:06.760] RX[COM9]  01
[13:45:06.762] RX[COM9]  6f 03 00 00 b2 f1 00 03 6e 00 03 19 ff 9b 97 ff fd 00 01 ff fb 0a
[13:45:06.773] PACKET[COM9] sensors: status=0b0110111100000011, uptime=45809, filtered_accel=[0.03512, 0.03172, -1.0282], gyro=[-0.21, 0.07, -0.35]
[13:45:07.014] RX[COM9]  01
[13:45:07.016] RX[COM9]  67 03 00 00 b3 d6 00 03 6e 00 03 0d ff 9b 66 ff d3 00 17 00 28 0a
[13:45:07.023] PACKET[COM9] sensors: status=0b0110011100000011, uptime=46038, filtered_accel=[0.03512, 0.03124, -1.03016], gyro=[-3.15, 1.61, 2.8]
[13:45:07.272] RX[COM9]  01
[13:45:07.274] RX[COM9]  6e 03 00 00 b4 d0 00 03 6e 00 03 19 ff 9b 66 ff d3 00 16 00 29 0a
[13:45:07.280] PACKET[COM9] sensors: status=0b0110111000000011, uptime=46288, filtered_accel=[0.03512, 0.03172, -1.03016], gyro=[-3.15, 1.54, 2.87]
[13:45:07.508] RX[COM9]  01
[13:45:07.509] RX[COM9]  6e 03 00 00 b5 ca 00 03 7b 00 03 0d ff 9b 7e ff d3 00 16 00 28 0a
[13:45:07.516] PACKET[COM9] sensors: status=0b0110111000000011, uptime=46538, filtered_accel=[0.03564, 0.03124, -1.0292], gyro=[-3.15, 1.54, 2.8]
[13:45:07.634] RX[COM9]  02
[13:45:07.636] RX[COM9]  6e 03 00 00 b6 62 00 00 00 00 00 00 00 00 00 00 00 00 00 00 00 00 00 00 00 00 00 00 00 00 00 00 00 00 00 00 00 00 00 00 00 00 00 00 00 00 00 00 00 00 00 00 00 00 00 00 43 7b f5 96 14 04 0a
[13:45:07.644] PACKET[COM9] state: status=0b0110111000000011, uptime=46690, orientation=[0.0, 0.0, 0.0, 0.0], position=[0.0, 0.0, 0.0], velocity=[0.0, 0.0, 0.0], latitude=0.0, longitude=0.0, gps_altitude=0.0, barometric_altitude=251.95932, witness_battery_voltage=5.124
[13:45:07.697] RX[COM9]  ff
[13:45:07.699] RX[COM9]  66 03 00 00 b4 94 0a
[13:45:07.704] PACKET[COM9] heartbeat: status=0b0110011000000011, uptime=46228
[13:45:07.761] RX[COM9]  01
[13:45:07.768] RX[COM9]  6e 03 00 00 b6 e3 00 03 6e 00 03 19 ff 9b 8a ff fd 00 01 ff fb 0a
[13:45:07.785] PACKET[COM9] sensors: status=0b0110111000000011, uptime=46819, filtered_accel=[0.03512, 0.03172, -1.02872], gyro=[-0.21, 0.07, -0.35]
[13:45:08.000] RX[COM9]  01
[13:45:08.001] RX[COM9]  66 03 00 00 b7 c8 00 03 62 00 03 0d ff 9b 5a ff d3 00 15 00 29 0a
[13:45:08.006] PACKET[COM9] sensors: status=0b0110011000000011, uptime=47048, filtered_accel=[0.03464, 0.03124, -1.03064], gyro=[-3.15, 1.47, 2.87]
[13:45:08.278] RX[COM9]  01
[13:45:08.280] RX[COM9]  6f 03 00 00 b8 c2 00 03 87 00 03 25 ff 9b 7e ff d3 00 16 00 29 0a
[13:45:08.286] PACKET[COM9] sensors: status=0b0110111100000011, uptime=47298, filtered_accel=[0.03612, 0.0322, -1.0292], gyro=[-3.15, 1.54, 2.87]
[13:45:08.546] RX[COM9]  01
[13:45:08.547] RX[COM9]  6f 03 00 00 b9 bc 00 03 87 00 03 19 ff 9b 66 ff d2 00 17 00 28 0a
[13:45:08.552] PACKET[COM9] sensors: status=0b0110111100000011, uptime=47548, filtered_accel=[0.03612, 0.03172, -1.03016], gyro=[-3.22, 1.61, 2.8]
[13:45:08.658] RX[COM9]  02
[13:45:08.659] RX[COM9]  6f 03 00 00 ba 53 00 00 00 00 00 00 00 00 00 00 00 00 00 00 00 00 00 00 00 00 00 00 00 00 00 00 00 00 00 00 00 00 00 00 00 00 00 00 00 00 00 00 00 00 00 00 00 00 00 00 43 7b 47 11 14 10 0a
[13:45:08.665] PACKET[COM9] state: status=0b0110111100000011, uptime=47699, orientation=[0.0, 0.0, 0.0, 0.0], position=[0.0, 0.0, 0.0], velocity=[0.0, 0.0, 0.0], latitude=0.0, longitude=0.0, gps_altitude=0.0, barometric_altitude=251.277603, witness_battery_voltage=5.136
[13:45:08.730] RX[COM9]  ff
[13:45:08.733] RX[COM9]  6f 03 00 00 b8 7c 0a
[13:45:08.745] PACKET[COM9] heartbeat: status=0b0110111100000011, uptime=47228
[13:45:08.809] RX[COM9]  01
[13:45:08.813] RX[COM9]  6f 03 00 00 ba d4 00 03 93 00 03 25 ff 9b a3 ff fd 00 01 ff fb 0a
[13:45:08.820] PACKET[COM9] sensors: status=0b0110111100000011, uptime=47828, filtered_accel=[0.0366, 0.0322, -1.02772], gyro=[-0.21, 0.07, -0.35]
[13:45:09.058] RX[COM9]  01
[13:45:09.059] RX[COM9]  6f 03 00 00 bb ba 00 03 7b 00 03 0d ff 9b 8a ff d3 00 16 00 28 0a
[13:45:09.066] PACKET[COM9] sensors: status=0b0110111100000011, uptime=48058, filtered_accel=[0.03564, 0.03124, -1.02872], gyro=[-3.15, 1.54, 2.8]
[13:45:09.262] RX[COM9]  01
[13:45:09.264] RX[COM9]  66 03 00 00 bc b4 00 03 7b 00 03 0d ff 9b 72 ff d3 00 16 00 28 0a
[13:45:09.270] PACKET[COM9] sensors: status=0b0110011000000011, uptime=48308, filtered_accel=[0.03564, 0.03124, -1.02968], gyro=[-3.15, 1.54, 2.8]
[13:45:09.552] RX[COM9]  01
[13:45:09.552] RX[COM9]  6e 03 00 00 bd ae 00 03 87 00 03 0d ff 9b 7e ff d3 00 16 00 28 0a
[13:45:09.559] PACKET[COM9] sensors: status=0b0110111000000011, uptime=48558, filtered_accel=[0.03612, 0.03124, -1.0292], gyro=[-3.15, 1.54, 2.8]
[13:45:09.661] RX[COM9]  02
[13:45:09.661] RX[COM9]  6e 03 00 00 be 45 00 00 00 00 00 00 00 00 00 00 00 00 00 00 00 00 00 00 00 00 00 00 00 00 00 00 00 00 00 00 00 00 00 00 00 00 00 00 00 00 00 00 00 00 00 00 00 00 00 00 43 7b c9 9e 14 04 0a
[13:45:09.667] PACKET[COM9] state: status=0b0110111000000011, uptime=48709, orientation=[0.0, 0.0, 0.0, 0.0], position=[0.0, 0.0, 0.0], velocity=[0.0, 0.0, 0.0], latitude=0.0, longitude=0.0, gps_altitude=0.0, barometric_altitude=251.787567, witness_battery_voltage=5.124
[13:45:09.723] RX[COM9]  ff
[13:45:09.725] RX[COM9]  66 03 00 00 bc 64 0a
[13:45:09.729] PACKET[COM9] heartbeat: status=0b0110011000000011, uptime=48228
[13:45:09.784] RX[COM9]  01
[13:45:09.785] RX[COM9]  6e 03 00 00 be c7 00 03 87 00 03 0d ff 9b a3 ff fe 00 01 ff fb 0a
[13:45:09.791] PACKET[COM9] sensors: status=0b0110111000000011, uptime=48839, filtered_accel=[0.03612, 0.03124, -1.02772], gyro=[-0.14, 0.07, -0.35]
[13:45:10.080] RX[COM9]  01
[13:45:10.085] RX[COM9]  6e 03 00 00 bf ac 00 03 87 00 03 19 ff 9b 72 ff d2 00 17 00 28 0a
[13:45:10.094] PACKET[COM9] sensors: status=0b0110111000000011, uptime=49068, filtered_accel=[0.03612, 0.03172, -1.02968], gyro=[-3.22, 1.61, 2.8]
[13:45:10.319] RX[COM9]  01
[13:45:10.321] RX[COM9]  67 03 00 00 c0 a7 00 03 6e 00 03 01 ff 9b 66 ff d3 00 16 00 29 0a
[13:45:10.361] PACKET[COM9] sensors: status=0b0110011100000011, uptime=49319, filtered_accel=[0.03512, 0.03076, -1.03016], gyro=[-3.15, 1.54, 2.87]
[13:45:10.581] RX[COM9]  01
[13:45:10.583] RX[COM9]  6f 03 00 00 c1 a0 00 03 87 00 03 0d ff 9b 8a ff d3 00 15 00 29 0a
[13:45:10.598] PACKET[COM9] sensors: status=0b0110111100000011, uptime=49568, filtered_accel=[0.03612, 0.03124, -1.02872], gyro=[-3.15, 1.47, 2.87]
[13:45:10.704] RX[COM9]  02
[13:45:10.704] RX[COM9]  6f 03 00 00 c2 37 00 00 00 00 00 00 00 00 00 00 00 00 00 00 00 00 00 00 00 00 00 00 00 00 00 00 00 00 00 00 00 00 00 00 00 00 00 00 00 00 00 00 00 00 00 00 00 00 00 00 43 7b 72 5c 14 00 0a
[13:45:10.731] PACKET[COM9] state: status=0b0110111100000011, uptime=49719, orientation=[0.0, 0.0, 0.0, 0.0], position=[0.0, 0.0, 0.0], velocity=[0.0, 0.0, 0.0], latitude=0.0, longitude=0.0, gps_altitude=0.0, barometric_altitude=251.446716, witness_battery_voltage=5.12
[13:45:10.732] RX[COM9]  ff
[13:45:10.732] RX[COM9]  67 03 00 00 c0 4c 0a
[13:45:10.745] PACKET[COM9] heartbeat: status=0b0110011100000011, uptime=49228
[13:45:10.810] RX[COM9]  01
[13:45:10.813] RX[COM9]  6f 03 00 00 c2 b8 00 03 7b 00 03 0d ff 9b a3 ff fd 00 01 ff fb 0a
[13:45:10.821] PACKET[COM9] sensors: status=0b0110111100000011, uptime=49848, filtered_accel=[0.03564, 0.03124, -1.02772], gyro=[-0.21, 0.07, -0.35]
[13:45:11.033] RX[COM9]  01
[13:45:11.040] RX[COM9]  6f 03 00 00 c3 9e 00 03 6e 00 03 19 ff 9b 7e ff d3 00 13 00 2d 0a
[13:45:11.057] PACKET[COM9] sensors: status=0b0110111100000011, uptime=50078, filtered_accel=[0.03512, 0.03172, -1.0292], gyro=[-3.15, 1.33, 3.15]
[13:45:11.295] RX[COM9]  01
[13:45:11.297] RX[COM9]  66 03 00 00 c4 98 00 03 7b 00 03 01 ff 9b 72 ff d3 00 15 00 2a 0a
[13:45:11.305] PACKET[COM9] sensors: status=0b0110011000000011, uptime=50328, filtered_accel=[0.03564, 0.03076, -1.02968], gyro=[-3.15, 1.47, 2.94]
[13:45:11.581] RX[COM9]  01
[13:45:11.583] RX[COM9]  6e 03 00 00 c5 92 00 03 7b 00 03 0d ff 9b 66 ff d3 00 15 00 29 0a
[13:45:11.588] PACKET[COM9] sensors: status=0b0110111000000011, uptime=50578, filtered_accel=[0.03564, 0.03124, -1.03016], gyro=[-3.15, 1.47, 2.87]
[13:45:11.704] RX[COM9]  02
[13:45:11.707] RX[COM9]  6e 03 00 00 c6 29 00 00 00 00 00 00 00 00 00 00 00 00 00 00 00 00 00 00 00 00 00 00 00 00 00 00 00 00 00 00 00 00 00 00 00 00 00 00 00 00 00 00 00 00 00 00 00 00 00 00 43 7b df f0 14 0c 0a
[13:45:11.713] PACKET[COM9] state: status=0b0110111000000011, uptime=50729, orientation=[0.0, 0.0, 0.0, 0.0], position=[0.0, 0.0, 0.0], velocity=[0.0, 0.0, 0.0], latitude=0.0, longitude=0.0, gps_altitude=0.0, barometric_altitude=251.874756, witness_battery_voltage=5.132
[13:45:11.767] RX[COM9]  ff
[13:45:11.768] RX[COM9]  60 03 00 00 c4 37 0a
[13:45:11.772] PACKET[COM9] heartbeat: status=0b0110000000000011, uptime=50231
[13:45:11.828] RX[COM9]  01
[13:45:11.831] RX[COM9]  6e 03 00 00 c6 ab 00 03 87 00 03 19 ff 9b 8a ff fd 00 01 ff fb 0a
[13:45:11.852] PACKET[COM9] sensors: status=0b0110111000000011, uptime=50859, filtered_accel=[0.03612, 0.03172, -1.02872], gyro=[-0.21, 0.07, -0.35]
[13:45:12.081] RX[COM9]  01
[13:45:12.083] RX[COM9]  6e 03 00 00 c7 90 00 03 87 00 03 0d ff 9b 97 ff d1 00 1b 00 26 0a
[13:45:12.088] PACKET[COM9] sensors: status=0b0110111000000011, uptime=51088, filtered_accel=[0.03612, 0.03124, -1.0282], gyro=[-3.29, 1.89, 2.66]
[13:45:12.325] RX[COM9]  01
[13:45:12.326] RX[COM9]  67 03 00 00 c8 8a 00 03 6e 00 03 0d ff 9b 7e ff d3 00 17 00 27 0a
[13:45:12.332] PACKET[COM9] sensors: status=0b0110011100000011, uptime=51338, filtered_accel=[0.03512, 0.03124, -1.0292], gyro=[-3.15, 1.61, 2.73]
[13:45:12.577] RX[COM9]  01
[13:45:12.578] RX[COM9]  67 03 00 00 c9 84 00 03 7b 00 03 0d ff 9b 7e ff d2 00 16 00 29 0a
[13:45:12.586] PACKET[COM9] sensors: status=0b0110011100000011, uptime=51588, filtered_accel=[0.03564, 0.03124, -1.0292], gyro=[-3.22, 1.54, 2.87]
[13:45:12.700] RX[COM9]  02
[13:45:12.707] RX[COM9]  6f 03 00 00 ca 1b 00 00 00 00 00 00 00 00 00 00 00 00 00 00 00 00 00 00 00 00 00 00 00 00 00 00 00 00 00 00 00 00 00 00 00 00 00 00 00 00 00 00 00 00 00 00 00 00 00 00 43 7b 72 5c 14 14 0a
[13:45:12.716] PACKET[COM9] state: status=0b0110111100000011, uptime=51739, orientation=[0.0, 0.0, 0.0, 0.0], position=[0.0, 0.0, 0.0], velocity=[0.0, 0.0, 0.0], latitude=0.0, longitude=0.0, gps_altitude=0.0, barometric_altitude=251.446716, witness_battery_voltage=5.14
[13:45:12.777] RX[COM9]  ff
[13:45:12.779] RX[COM9]  6f 03 00 00 c8 1c 0a
[13:45:12.784] PACKET[COM9] heartbeat: status=0b0110111100000011, uptime=51228
[13:45:12.840] RX[COM9]  01
[13:45:12.842] RX[COM9]  6f 03 00 00 ca 9c 00 03 6e 00 03 0d ff 9b 97 ff fe 00 01 ff fb 0a
[13:45:12.864] PACKET[COM9] sensors: status=0b0110111100000011, uptime=51868, filtered_accel=[0.03512, 0.03124, -1.0282], gyro=[-0.14, 0.07, -0.35]
[13:45:13.083] RX[COM9]  01
[13:45:13.085] RX[COM9]  6f 03 00 00 cb 82 00 03 87 00 03 19 ff 9b 7e ff d3 00 15 00 29 0a
[13:45:13.097] PACKET[COM9] sensors: status=0b0110111100000011, uptime=52098, filtered_accel=[0.03612, 0.03172, -1.0292], gyro=[-3.15, 1.47, 2.87]
[13:45:13.341] RX[COM9]  01
[13:45:13.343] RX[COM9]  6e 03 00 00 cc 7c 00 03 87 00 03 19 ff 9b 72 ff d2 00 16 00 29 0a
[13:45:13.349] PACKET[COM9] sensors: status=0b0110111000000011, uptime=52348, filtered_accel=[0.03612, 0.03172, -1.02968], gyro=[-3.22, 1.54, 2.87]
[13:45:13.575] RX[COM9]  01
[13:45:13.579] RX[COM9]  66 03 00 00 cd 76 00 03 7b 00 03 25 ff 9b 72 ff d3 00 16 00 29 0a
[13:45:13.587] PACKET[COM9] sensors: status=0b0110011000000011, uptime=52598, filtered_accel=[0.03564, 0.0322, -1.02968], gyro=[-3.15, 1.54, 2.87]
[13:45:13.717] RX[COM9]  02
[13:45:13.718] RX[COM9]  6e 03 00 00 ce 0d 00 00 00 00 00 00 00 00 00 00 00 00 00 00 00 00 00 00 00 00 00 00 00 00 00 00 00 00 00 00 00 00 00 00 00 00 00 00 00 00 00 00 00 00 00 00 00 00 00 00 43 7b 88 ae 14 08 0a
[13:45:13.726] PACKET[COM9] state: status=0b0110111000000011, uptime=52749, orientation=[0.0, 0.0, 0.0, 0.0], position=[0.0, 0.0, 0.0], velocity=[0.0, 0.0, 0.0], latitude=0.0, longitude=0.0, gps_altitude=0.0, barometric_altitude=251.533905, witness_battery_voltage=5.128
[13:45:13.779] RX[COM9]  ff
[13:45:13.780] RX[COM9]  6e 03 00 00 cc 04 0a
[13:45:13.786] PACKET[COM9] heartbeat: status=0b0110111000000011, uptime=52228
[13:45:13.843] RX[COM9]  01
[13:45:13.846] RX[COM9]  6e 03 00 00 ce 8f 00 03 6e 00 03 25 ff 9b af ff fd 00 01 ff fb 0a
[13:45:13.892] PACKET[COM9] sensors: status=0b0110111000000011, uptime=52879, filtered_accel=[0.03512, 0.0322, -1.02724], gyro=[-0.21, 0.07, -0.35]
[13:45:14.118] RX[COM9]  01
[13:45:14.119] RX[COM9]  6e 03 00 00 cf 74 00 03 7b 00 03 19 ff 9b 72 ff d3 00 16 00 29 0a
[13:45:14.126] PACKET[COM9] sensors: status=0b0110111000000011, uptime=53108, filtered_accel=[0.03564, 0.03172, -1.02968], gyro=[-3.15, 1.54, 2.87]
[13:45:14.367] RX[COM9]  01
[13:45:14.370] RX[COM9]  6f 03 00 00 d0 6e 00 03 7b 00 03 19 ff 9b 5a ff d3 00 16 00 28 0a
[13:45:14.377] PACKET[COM9] sensors: status=0b0110111100000011, uptime=53358, filtered_accel=[0.03564, 0.03172, -1.03064], gyro=[-3.15, 1.54, 2.8]
[13:45:14.606] RX[COM9]  01
[13:45:14.608] RX[COM9]  67 03 00 00 d1 68 00 03 6e 00 03 19 ff 9b 72 ff d3 00 16 00 29 0a
[13:45:14.613] PACKET[COM9] sensors: status=0b0110011100000011, uptime=53608, filtered_accel=[0.03512, 0.03172, -1.02968], gyro=[-3.15, 1.54, 2.87]
[13:45:14.716] RX[COM9]  02
[13:45:14.717] RX[COM9]  6f 03 00 00 d1 ff 00 00 00 00 00 00 00 00 00 00 00 00 00 00 00 00 00 00 00 00 00 00 00 00 00 00 00 00 00 00 00 00 00 00 00 00 00 00 00 00 00 00 00 00 00 00 00 00 00 00 43 7b 47 11 14 18 0a
[13:45:14.726] PACKET[COM9] state: status=0b0110111100000011, uptime=53759, orientation=[0.0, 0.0, 0.0, 0.0], position=[0.0, 0.0, 0.0], velocity=[0.0, 0.0, 0.0], latitude=0.0, longitude=0.0, gps_altitude=0.0, barometric_altitude=251.277603, witness_battery_voltage=5.144
[13:45:14.791] RX[COM9]  ff
[13:45:14.799] RX[COM9]  67 03 00 00 cf ec 0a
[13:45:14.820] PACKET[COM9] heartbeat: status=0b0110011100000011, uptime=53228
[13:45:14.821] RX[COM9]  01
[13:45:14.822] RX[COM9]  6f 03 00 00 d2 80 00 03 6e 00 03 0d ff 9b a3 ff fe 00 02 ff fc 0a
[13:45:14.842] PACKET[COM9] sensors: status=0b0110111100000011, uptime=53888, filtered_accel=[0.03512, 0.03124, -1.02772], gyro=[-0.14, 0.14, -0.28]
[13:45:15.118] RX[COM9]  01
[13:45:15.121] RX[COM9]  67 03 00 00 d3 67 00 03 6e 00 03 0d ff 9b 7e ff d3 00 16 00 29 0a
[13:45:15.136] PACKET[COM9] sensors: status=0b0110011100000011, uptime=54119, filtered_accel=[0.03512, 0.03124, -1.0292], gyro=[-3.15, 1.54, 2.87]
[13:45:15.372] RX[COM9]  01
[13:45:15.373] RX[COM9]  6e 03 00 00 d4 60 00 03 7b 00 03 0d ff 9b 72 ff d2 00 16 00 29 0a
[13:45:15.383] PACKET[COM9] sensors: status=0b0110111000000011, uptime=54368, filtered_accel=[0.03564, 0.03124, -1.02968], gyro=[-3.22, 1.54, 2.87]
[13:45:15.570] RX[COM9]  01
[13:45:15.571] RX[COM9]  66 03 00 00 d5 5b 00 03 6e 00 03 19 ff 9b 66 ff d3 00 16 00 29 0a
[13:45:15.583] PACKET[COM9] sensors: status=0b0110011000000011, uptime=54619, filtered_accel=[0.03512, 0.03172, -1.03016], gyro=[-3.15, 1.54, 2.87]
[13:45:15.756] RX[COM9]  02
[13:45:15.760] RX[COM9]  6e 03 00 00 d5 f1 00 00 00 00 00 00 00 00 00 00 00 00 00 00 00 00 00 00 00 00 00 00 00 00 00 00 00 00 00 00 00 00 00 00 00 00 00 00 00 00 00 00 00 00 00 00 00 00 00 00 43 7b 72 5c 14 04 0a
[13:45:15.766] PACKET[COM9] state: status=0b0110111000000011, uptime=54769, orientation=[0.0, 0.0, 0.0, 0.0], position=[0.0, 0.0, 0.0], velocity=[0.0, 0.0, 0.0], latitude=0.0, longitude=0.0, gps_altitude=0.0, barometric_altitude=251.446716, witness_battery_voltage=5.124
[13:45:15.767] RX[COM9]  ff
[13:45:15.768] RX[COM9]  66 03 00 00 d3 d4 0a
[13:45:15.772] PACKET[COM9] heartbeat: status=0b0110011000000011, uptime=54228
[13:45:15.834] RX[COM9]  01
[13:45:15.835] RX[COM9]  6e 03 00 00 d6 73 00 03 87 00 03 0d ff 9b 7e ff fd 00 02 ff fb 0a
[13:45:15.854] PACKET[COM9] sensors: status=0b0110111000000011, uptime=54899, filtered_accel=[0.03612, 0.03124, -1.0292], gyro=[-0.21, 0.14, -0.35]
[13:45:16.094] RX[COM9]  01
[13:45:16.096] RX[COM9]  66 03 00 00 d7 58 00 03 7b 00 03 25 ff 9b 66 ff d3 00 16 00 29 0a
[13:45:16.121] PACKET[COM9] sensors: status=0b0110011000000011, uptime=55128, filtered_accel=[0.03564, 0.0322, -1.03016], gyro=[-3.15, 1.54, 2.87]
[13:45:16.367] RX[COM9]  01
[13:45:16.368] RX[COM9]  6f 03 00 00 d8 52 00 03 6e 00 03 0d ff 9b 72 ff d3 00 16 00 29 0a
[13:45:16.385] PACKET[COM9] sensors: status=0b0110111100000011, uptime=55378, filtered_accel=[0.03512, 0.03124, -1.02968], gyro=[-3.15, 1.54, 2.87]
[13:45:16.621] RX[COM9]  01
[13:45:16.624] RX[COM9]  6f 03 00 00 d9 4c 00 03 6e 00 03 19 ff 9b 7e ff d2 00 16 00 29 0a
[13:45:16.629] PACKET[COM9] sensors: status=0b0110111100000011, uptime=55628, filtered_accel=[0.03512, 0.03172, -1.0292], gyro=[-3.22, 1.54, 2.87]
[13:45:16.746] RX[COM9]  02
[13:45:16.748] RX[COM9]  6f 03 00 00 d9 e3 00 00 00 00 00 00 00 00 00 00 00 00 00 00 00 00 00 00 00 00 00 00 00 00 00 00 00 00 00 00 00 00 00 00 00 00 00 00 00 00 00 00 00 00 00 00 00 00 00 00 43 7b 47 11 14 08 0a
[13:45:16.755] PACKET[COM9] state: status=0b0110111100000011, uptime=55779, orientation=[0.0, 0.0, 0.0, 0.0], position=[0.0, 0.0, 0.0], velocity=[0.0, 0.0, 0.0], latitude=0.0, longitude=0.0, gps_altitude=0.0, barometric_altitude=251.277603, witness_battery_voltage=5.128
[13:45:16.808] RX[COM9]  ff
[13:45:16.809] RX[COM9]  67 03 00 00 d7 bc 0a
[13:45:16.815] PACKET[COM9] heartbeat: status=0b0110011100000011, uptime=55228
[13:45:16.870] RX[COM9]  01
[13:45:16.872] RX[COM9]  6f 03 00 00 da 66 00 03 7b 00 03 25 ff 9b 8a ff fd 00 01 ff fa 0a
[13:45:16.879] PACKET[COM9] sensors: status=0b0110111100000011, uptime=55910, filtered_accel=[0.03564, 0.0322, -1.02872], gyro=[-0.21, 0.07, -0.42]
[13:45:17.108] RX[COM9]  01
[13:45:17.110] RX[COM9]  67 03 00 00 db 4a 00 03 7b 00 02 f4 ff 9b 7e ff d3 00 16 00 29 0a
[13:45:17.120] PACKET[COM9] sensors: status=0b0110011100000011, uptime=56138, filtered_accel=[0.03564, 0.03024, -1.0292], gyro=[-3.15, 1.54, 2.87]
[13:45:17.343] RX[COM9]  01
[13:45:17.345] RX[COM9]  6e 03 00 00 dc 44 00 03 7b 00 03 19 ff 9b 72 ff d2 00 16 00 29 0a
[13:45:17.352] PACKET[COM9] sensors: status=0b0110111000000011, uptime=56388, filtered_accel=[0.03564, 0.03172, -1.02968], gyro=[-3.22, 1.54, 2.87]
[13:45:17.592] RX[COM9]  01
[13:45:17.599] RX[COM9]  6e 03 00 00 dd 3e 00 03 62 00 03 25 ff 9b 4d ff d2 00 17 00 28 0a
[13:45:17.611] PACKET[COM9] sensors: status=0b0110111000000011, uptime=56638, filtered_accel=[0.03464, 0.0322, -1.03116], gyro=[-3.22, 1.61, 2.8]
[13:45:17.735] RX[COM9]  02
[13:45:17.736] RX[COM9]  6e 03 00 00 dd d6 00 00 00 00 00 00 00 00 00 00 00 00 00 00 00 00 00 00 00 00 00 00 00 00 00 00 00 00 00 00 00 00 00 00 00 00 00 00 00 00 00 00 00 00 00 00 00 00 00 00 43 7b 72 5c 14 04 0a
[13:45:17.742] PACKET[COM9] state: status=0b0110111000000011, uptime=56790, orientation=[0.0, 0.0, 0.0, 0.0], position=[0.0, 0.0, 0.0], velocity=[0.0, 0.0, 0.0], latitude=0.0, longitude=0.0, gps_altitude=0.0, barometric_altitude=251.446716, witness_battery_voltage=5.124
[13:45:17.794] RX[COM9]  ff
[13:45:17.796] RX[COM9]  66 03 00 00 db a4 0a
[13:45:17.805] PACKET[COM9] heartbeat: status=0b0110011000000011, uptime=56228
[13:45:17.870] RX[COM9]  01
[13:45:17.874] RX[COM9]  6e 03 00 00 de 57 00 03 87 00 03 25 ff 9b 8a ff fe 00 01 ff fb 0a
[13:45:17.891] PACKET[COM9] sensors: status=0b0110111000000011, uptime=56919, filtered_accel=[0.03612, 0.0322, -1.02872], gyro=[-0.14, 0.07, -0.35]
[13:45:18.124] RX[COM9]  01
[13:45:18.126] RX[COM9]  66 03 00 00 df 3c 00 03 6e 00 03 19 ff 9b 5a ff d3 00 16 00 29 0a
[13:45:18.133] PACKET[COM9] sensors: status=0b0110011000000011, uptime=57148, filtered_accel=[0.03512, 0.03172, -1.03064], gyro=[-3.15, 1.54, 2.87]
[13:45:18.372] RX[COM9]  01
[13:45:18.375] RX[COM9]  67 03 00 00 e0 36 00 03 7b 00 03 0d ff 9b 7e ff d3 00 16 00 29 0a
[13:45:18.381] PACKET[COM9] sensors: status=0b0110011100000011, uptime=57398, filtered_accel=[0.03564, 0.03124, -1.0292], gyro=[-3.15, 1.54, 2.87]
[13:45:18.613] RX[COM9]  01
[13:45:18.614] RX[COM9]  6f 03 00 00 e1 30 00 03 87 00 03 19 ff 9b 7e ff d3 00 16 00 2a 0a
[13:45:18.622] PACKET[COM9] sensors: status=0b0110111100000011, uptime=57648, filtered_accel=[0.03612, 0.03172, -1.0292], gyro=[-3.15, 1.54, 2.94]
[13:45:18.748] RX[COM9]  02
[13:45:18.755] RX[COM9]  6f 03 00 00 e1 c7 00 00 00 00 00 00 00 00 00 00 00 00 00 00 00 00 00 00 00 00 00 00 00 00 00 00 00 00 00 00 00 00 00 00 00 00 00 00 00 00 00 00 00 00 00 00 00 00 00 00 43 7b 5c b6 14 14 0a
[13:45:18.772] PACKET[COM9] state: status=0b0110111100000011, uptime=57799, orientation=[0.0, 0.0, 0.0, 0.0], position=[0.0, 0.0, 0.0], velocity=[0.0, 0.0, 0.0], latitude=0.0, longitude=0.0, gps_altitude=0.0, barometric_altitude=251.362152, witness_battery_voltage=5.14
[13:45:18.831] RX[COM9]  ff
[13:45:18.841] RX[COM9]  6f 03 00 00 df 8c 0a
[13:45:18.873] PACKET[COM9] heartbeat: status=0b0110111100000011, uptime=57228
[13:45:18.886] RX[COM9]  01
[13:45:18.897] RX[COM9]  6f 03 00 00 e2 48 00 03 7b 00 03 25 ff 9b 7e ff fd 00 01 ff fa 0a
[13:45:18.924] PACKET[COM9] sensors: status=0b0110111100000011, uptime=57928, filtered_accel=[0.03564, 0.0322, -1.0292], gyro=[-0.21, 0.07, -0.42]
[13:45:19.143] RX[COM9]  01
[13:45:19.144] RX[COM9]  6f 03 00 00 e3 2e 00 03 7b 00 03 19 ff 9b 72 ff d3 00 16 00 29 0a
[13:45:19.150] PACKET[COM9] sensors: status=0b0110111100000011, uptime=58158, filtered_accel=[0.03564, 0.03172, -1.02968], gyro=[-3.15, 1.54, 2.87]
[13:45:19.361] RX[COM9]  01
[13:45:19.362] RX[COM9]  66 03 00 00 e4 28 00 03 7b 00 03 0d ff 9b 72 ff d2 00 16 00 29 0a
[13:45:19.370] PACKET[COM9] sensors: status=0b0110011000000011, uptime=58408, filtered_accel=[0.03564, 0.03124, -1.02968], gyro=[-3.22, 1.54, 2.87]
[13:45:19.612] RX[COM9]  01
[13:45:19.624] RX[COM9]  6e 03 00 00 e5 22 00 03 7b 00 03 25 ff 9b 7e ff d2 00 16 00 29 0a
[13:45:19.631] PACKET[COM9] sensors: status=0b0110111000000011, uptime=58658, filtered_accel=[0.03564, 0.0322, -1.0292], gyro=[-3.22, 1.54, 2.87]
[13:45:19.799] RX[COM9]  02
[13:45:19.800] RX[COM9]  6e 03 00 00 e5 b9 00 00 00 00 00 00 00 00 00 00 00 00 00 00 00 00 00 00 00 00 00 00 00 00 00 00 00 00 00 00 00 00 00 00 00 00 00 00 00 00 00 00 00 00 00 00 00 00 00 00 43 7c 37 32 14 04 0a
[13:45:19.805] PACKET[COM9] state: status=0b0110111000000011, uptime=58809, orientation=[0.0, 0.0, 0.0, 0.0], position=[0.0, 0.0, 0.0], velocity=[0.0, 0.0, 0.0], latitude=0.0, longitude=0.0, gps_altitude=0.0, barometric_altitude=252.215607, witness_battery_voltage=5.124
[13:45:19.807] RX[COM9]  ff
[13:45:19.808] RX[COM9]  6e 03 00 00 e3 75 0a
[13:45:19.812] PACKET[COM9] heartbeat: status=0b0110111000000011, uptime=58229
[13:45:19.870] RX[COM9]  01
[13:45:19.871] RX[COM9]  6e 03 00 00 e6 3b 00 03 7b 00 03 19 ff 9b af ff fe 00 01 ff fb 0a
[13:45:19.882] PACKET[COM9] sensors: status=0b0110111000000011, uptime=58939, filtered_accel=[0.03564, 0.03172, -1.02724], gyro=[-0.14, 0.07, -0.35]
[13:45:20.144] RX[COM9]  01
[13:45:20.147] RX[COM9]  6e 03 00 00 e7 20 00 03 87 00 03 19 ff 9b 7e ff d3 00 16 00 2a 0a
[13:45:20.157] PACKET[COM9] sensors: status=0b0110111000000011, uptime=59168, filtered_accel=[0.03612, 0.03172, -1.0292], gyro=[-3.15, 1.54, 2.94]
[13:45:20.396] RX[COM9]  01
[13:45:20.400] RX[COM9]  67 03 00 00 e8 1b 00 03 93 00 03 0d ff 9b 72 ff d2 00 16 00 29
[13:45:20.401] RX[COM9]  0a
[13:45:20.410] PACKET[COM9] sensors: status=0b0110011100000011, uptime=59419, filtered_accel=[0.0366, 0.03124, -1.02968], gyro=[-3.22, 1.54, 2.87]
[13:45:20.660] RX[COM9]  01
[13:45:20.661] RX[COM9]  6f 03 00 00 e9 14 00 03 7b 00 03 0d ff 9b 72 ff d2 00 16 00 2a 0a
[13:45:20.667] PACKET[COM9] sensors: status=0b0110111100000011, uptime=59668, filtered_accel=[0.03564, 0.03124, -1.02968], gyro=[-3.22, 1.54, 2.94]
[13:45:20.784] RX[COM9]  02
[13:45:20.785] RX[COM9]  6f 03 00 00 e9 ab 00 00 00 00 00 00 00 00 00 00 00 00 00 00 00 00 00 00 00 00 00 00 00 00 00 00 00 00 00 00 00 00 00 00 00 00 00 00 00 00 00 00 00 00 00 00 00 00 00 00 43 7b 72 5c 13 f8 0a
[13:45:20.791] PACKET[COM9] state: status=0b0110111100000011, uptime=59819, orientation=[0.0, 0.0, 0.0, 0.0], position=[0.0, 0.0, 0.0], velocity=[0.0, 0.0, 0.0], latitude=0.0, longitude=0.0, gps_altitude=0.0, barometric_altitude=251.446716, witness_battery_voltage=5.112
[13:45:20.850] RX[COM9]  ff
[13:45:20.855] RX[COM9]  67 03 00 00 e7 5c 0a
[13:45:20.877] PACKET[COM9] heartbeat: status=0b0110011100000011, uptime=59228
[13:45:20.941] RX[COM9]  01
[13:45:20.944] RX[COM9]  6f 03 00 00 ea 2c 00 03 6e 00 03 0d ff 9b 8a ff fd 00 01 ff fa 0a
[13:45:20.952] PACKET[COM9] sensors: status=0b0110111100000011, uptime=59948, filtered_accel=[0.03512, 0.03124, -1.02872], gyro=[-0.21, 0.07, -0.42]
[13:45:21.177] RX[COM9]  01
[13:45:21.181] RX[COM9]  6f 03 00 00 eb 12 00 03 87 00 03 01 ff 9b 5a ff d3 00 16 00 28 0a
[13:45:21.199] PACKET[COM9] sensors: status=0b0110111100000011, uptime=60178, filtered_accel=[0.03612, 0.03076, -1.03064], gyro=[-3.15, 1.54, 2.8]
[13:45:21.422] RX[COM9]  01
[13:45:21.424] RX[COM9]  66 03 00 00 ec 0c 00 03 87 00 03 19 ff 9b 5a ff d3 00 15 00 2a 0a
[13:45:21.428] PACKET[COM9] sensors: status=0b0110011000000011, uptime=60428, filtered_accel=[0.03612, 0.03172, -1.03064], gyro=[-3.15, 1.47, 2.94]
[13:45:21.665] RX[COM9]  01
[13:45:21.667] RX[COM9]  6e 03 00 00 ed 06 00 03 6e 00 03 19 ff 9b 66 ff d2 00 16 00 29 0a
[13:45:21.672] PACKET[COM9] sensors: status=0b0110111000000011, uptime=60678, filtered_accel=[0.03512, 0.03172, -1.03016], gyro=[-3.22, 1.54, 2.87]
[13:45:21.782] RX[COM9]  02
[13:45:21.784] RX[COM9]  6e 03 00 00 ed 9d 00 00 00 00 00 00 00 00 00 00 00 00 00 00 00 00 00 00 00 00 00 00 00 00 00 00 00 00 00 00 00 00 00 00 00 00 00 00 00 00 00 00 00 00 00 00 00 00 00 00 43 7b df f0 14 14 0a
[13:45:21.791] PACKET[COM9] state: status=0b0110111000000011, uptime=60829, orientation=[0.0, 0.0, 0.0, 0.0], position=[0.0, 0.0, 0.0], velocity=[0.0, 0.0, 0.0], latitude=0.0, longitude=0.0, gps_altitude=0.0, barometric_altitude=251.874756, witness_battery_voltage=5.14
[13:45:21.846] RX[COM9]  ff
[13:45:21.850] RX[COM9]  6e 03 00 00 eb 45 0a
[13:45:21.856] PACKET[COM9] heartbeat: status=0b0110111000000011, uptime=60229
[13:45:21.917] RX[COM9]  01
[13:45:21.919] RX[COM9]  6e 03 00 00 ee 1f 00 03 87 00 03 0d ff 9b 97 ff fe 00 01 ff fb 0a
[13:45:21.925] PACKET[COM9] sensors: status=0b0110111000000011, uptime=60959, filtered_accel=[0.03612, 0.03124, -1.0282], gyro=[-0.14, 0.07, -0.35]
[13:45:22.142] RX[COM9]  01
[13:45:22.143] RX[COM9]  6e 03 00 00 ef 04 00 03 7b 00 03 0d ff 9b 7e ff d3 00 17 00 29 0a
[13:45:22.150] PACKET[COM9] sensors: status=0b0110111000000011, uptime=61188, filtered_accel=[0.03564, 0.03124, -1.0292], gyro=[-3.15, 1.61, 2.87]
[13:45:22.419] RX[COM9]  01
[13:45:22.423] RX[COM9]  6f 03 00 00 ef fe 00 03 7b 00 03 0d ff 9b 72 ff d2 00 16 00 29 0a
[13:45:22.434] PACKET[COM9] sensors: status=0b0110111100000011, uptime=61438, filtered_accel=[0.03564, 0.03124, -1.02968], gyro=[-3.22, 1.54, 2.87]
[13:45:22.653] RX[COM9]  01
[13:45:22.655] RX[COM9]  67 03 00 00 f0 f8 00 03 7b 00 03 0d ff 9b 72 ff d2 00 16 00 29 0a
[13:45:22.661] PACKET[COM9] sensors: status=0b0110011100000011, uptime=61688, filtered_accel=[0.03564, 0.03124, -1.02968], gyro=[-3.22, 1.54, 2.87]
[13:45:22.817] RX[COM9]  02
[13:45:22.818] RX[COM9]  6f 03 00 00 f1 8f 00 00 00 00 00 00 00 00 00 00 00 00 00 00 00 00 00 00 00 00 00 00 00 00 00 00 00 00 00 00 00 00 00 00 00 00 00 00 00 00 00 00 00 00 00 00 00 00 00 00 43 7b 47 11 14 04 0a
[13:45:22.823] PACKET[COM9] state: status=0b0110111100000011, uptime=61839, orientation=[0.0, 0.0, 0.0, 0.0], position=[0.0, 0.0, 0.0], velocity=[0.0, 0.0, 0.0], latitude=0.0, longitude=0.0, gps_altitude=0.0, barometric_altitude=251.277603, witness_battery_voltage=5.124
[13:45:22.824] RX[COM9]  ff
[13:45:22.825] RX[COM9]  67 03 00 00 ef 2c 0a
[13:45:22.832] PACKET[COM9] heartbeat: status=0b0110011100000011, uptime=61228
[13:45:22.937] RX[COM9]  01
[13:45:22.939] RX[COM9]  6f 04 00 00 f2 12 00 03 87 00 03 0d ff 9b 97 ff fd 00 01 ff fb 0a
[13:45:22.945] PACKET[COM9] sensors: status=0b0110111100000100, uptime=61970, filtered_accel=[0.03612, 0.03124, -1.0282], gyro=[-0.21, 0.07, -0.35]
[13:45:23.152] RX[COM9]  01
[13:45:23.153] RX[COM9]  6f 04 00 00 f2 f6 00 03 6e 00 03 19 ff 9b 7e ff d3 00 16 00 29 0a
[13:45:23.162] PACKET[COM9] sensors: status=0b0110111100000100, uptime=62198, filtered_accel=[0.03512, 0.03172, -1.0292], gyro=[-3.15, 1.54, 2.87]
[13:45:23.439] RX[COM9]  01
[13:45:23.440] RX[COM9]  6e 04 00 00 f3 f0 00 03 6e 00 03 0d ff 9b 66 ff d1 00 16 00 29 0a
[13:45:23.448] PACKET[COM9] sensors: status=0b0110111000000100, uptime=62448, filtered_accel=[0.03512, 0.03124, -1.03016], gyro=[-3.29, 1.54, 2.87]
[13:45:23.669] RX[COM9]  01
[13:45:23.675] RX[COM9]  66 04 00 00 f4 ea 00 03 6e 00 03 25 ff 9b 72 ff d1 00 17 00 28 0a
[13:45:23.696] PACKET[COM9] sensors: status=0b0110011000000100, uptime=62698, filtered_accel=[0.03512, 0.0322, -1.02968], gyro=[-3.29, 1.61, 2.8]
[13:45:23.809] RX[COM9]  02
[13:45:23.810] RX[COM9]  6e 04 00 00 f5 81 00 00 00 00 00 00 00 00 00 00 00 00 00 00 00 00 00 00 00 00 00 00 00 00 00 00 00 00 00 00 00 00 00 00 00 00 00 00 00 00 00 00 00 00 00 00 00 00 00 00 43 7b 88 ae 14 04 0a
[13:45:23.815] PACKET[COM9] state: status=0b0110111000000100, uptime=62849, orientation=[0.0, 0.0, 0.0, 0.0], position=[0.0, 0.0, 0.0], velocity=[0.0, 0.0, 0.0], latitude=0.0, longitude=0.0, gps_altitude=0.0, barometric_altitude=251.533905, witness_battery_voltage=5.124
[13:45:23.869] RX[COM9]  ff
[13:45:23.873] RX[COM9]  6e 04 00 00 f3 14 0a
[13:45:23.883] PACKET[COM9] heartbeat: status=0b0110111000000100, uptime=62228
[13:45:23.937] RX[COM9]  01
[13:45:23.939] RX[COM9]  6e 04 00 00 f6 03 00 03 93 00 03 25 ff 9b 97 ff fd 00 01 ff fb 0a
[13:45:23.946] PACKET[COM9] sensors: status=0b0110111000000100, uptime=62979, filtered_accel=[0.0366, 0.0322, -1.0282], gyro=[-0.21, 0.07, -0.35]
[13:45:24.170] RX[COM9]  01
[13:45:24.171] RX[COM9]  66 04 00 00 f6 e8 00 03 6e 00 03 19 ff 9b 66 ff d2 00 17 00 29 0a
[13:45:24.178] PACKET[COM9] sensors: status=0b0110011000000100, uptime=63208, filtered_accel=[0.03512, 0.03172, -1.03016], gyro=[-3.22, 1.61, 2.87]
[13:45:24.445] RX[COM9]  01
[13:45:24.451] RX[COM9]  6f 04 00 00 f7 e2 00 03 7b 00 03 0d ff 9b 66 ff d3 00 16 00 29 0a
[13:45:24.460] PACKET[COM9] sensors: status=0b0110111100000100, uptime=63458, filtered_accel=[0.03564, 0.03124, -1.03016], gyro=[-3.15, 1.54, 2.87]
[13:45:24.685] RX[COM9]  01
[13:45:24.687] RX[COM9]  67 04 00 00 f8 dc 00 03 7b 00 03 0d ff 9b 72 ff d2 00 16 00 29 0a
[13:45:24.692] PACKET[COM9] sensors: status=0b0110011100000100, uptime=63708, filtered_accel=[0.03564, 0.03124, -1.02968], gyro=[-3.22, 1.54, 2.87]
[13:45:24.885] RX[COM9]  02
[13:45:24.896] RX[COM9]  6f 04 00 00 f9 73 00 00 00 00 00 00 00 00 00 00 00 00 00 00 00 00 00 00 00 00 00 00 00 00 00 00 00 00 00 00 00 00 00 00 00 00 00 00 00 00 00 00 00 00 00 00 00 00 00 00 43 7b 72 5c 14 14 0a
[13:45:24.967] PACKET[COM9] state: status=0b0110111100000100, uptime=63859, orientation=[0.0, 0.0, 0.0, 0.0], position=[0.0, 0.0, 0.0], velocity=[0.0, 0.0, 0.0], latitude=0.0, longitude=0.0, gps_altitude=0.0, barometric_altitude=251.446716, witness_battery_voltage=5.14
[13:45:24.974] RX[COM9]  ff
[13:45:24.978] RX[COM9]  67 04 00 00 f6 fc 0a
[13:45:24.989] PACKET[COM9] heartbeat: status=0b0110011100000100, uptime=63228
[13:45:24.991] RX[COM9]  01
[13:45:24.993] RX[COM9]  6f 04 00 00 f9 f4 00 03 7b 00 03 25 ff 9b 8a ff fd 00 02 ff fb 0a
[13:45:25.024] PACKET[COM9] sensors: status=0b0110111100000100, uptime=63988, filtered_accel=[0.03564, 0.0322, -1.02872], gyro=[-0.21, 0.14, -0.35]
[13:45:25.216] RX[COM9]  01
[13:45:25.219] RX[COM9]  67 04 00 00 fa db 00 03 6e 00 03 0d ff 9b 5a ff d2 00 15 00 29 0a
[13:45:25.225] PACKET[COM9] sensors: status=0b0110011100000100, uptime=64219, filtered_accel=[0.03512, 0.03124, -1.03064], gyro=[-3.22, 1.47, 2.87]
[13:45:25.441] RX[COM9]  01
[13:45:25.443] RX[COM9]  6e 04 00 00 fb d4 00 03 7b 00 03 0d ff 9b 66 ff d2 00 17 00 28 0a
[13:45:25.448] PACKET[COM9] sensors: status=0b0110111000000100, uptime=64468, filtered_accel=[0.03564, 0.03124, -1.03016], gyro=[-3.22, 1.61, 2.8]
[13:45:25.719] RX[COM9]  01
[13:45:25.720] RX[COM9]  6e 04 00 00 fc cf 00 03 87 00 03 0d ff 9b 66 ff d3 00 17 00 29 0a
[13:45:25.730] PACKET[COM9] sensors: status=0b0110111000000100, uptime=64719, filtered_accel=[0.03612, 0.03124, -1.03016], gyro=[-3.15, 1.61, 2.87]
[13:45:25.840] RX[COM9]  02
[13:45:25.844] RX[COM9]  6e 04 00 00 fd 65 00 00 00 00 00 00 00 00 00 00 00 00 00 00 00 00 00 00 00 00 00 00 00 00 00 00 00 00 00 00 00 00 00 00 00 00 00 00 00 00 00 00 00 00 00 00 00 00 00 00 43 7b df f0 14 04 0a
[13:45:25.860] PACKET[COM9] state: status=0b0110111000000100, uptime=64869, orientation=[0.0, 0.0, 0.0, 0.0], position=[0.0, 0.0, 0.0], velocity=[0.0, 0.0, 0.0], latitude=0.0, longitude=0.0, gps_altitude=0.0, barometric_altitude=251.874756, witness_battery_voltage=5.124
[13:45:25.866] RX[COM9]  ff
[13:45:25.867] RX[COM9]  6e 04 00 00 fa e5 0a
[13:45:25.874] PACKET[COM9] heartbeat: status=0b0110111000000100, uptime=64229
[13:45:25.937] RX[COM9]  01
[13:45:25.939] RX[COM9]  6e 04 00 00 fd e7 00 03 7b 00 03 19 ff 9b 72 ff fe 00 01 ff fb 0a
[13:45:25.946] PACKET[COM9] sensors: status=0b0110111000000100, uptime=64999, filtered_accel=[0.03564, 0.03172, -1.02968], gyro=[-0.14, 0.07, -0.35]
[13:45:26.212] RX[COM9]  01
[13:45:26.213] RX[COM9]  66 04 00 00 fe cc 00 03 6e 00 03 19 ff 9b 5a ff d2 00 16 00 2a 0a
[13:45:26.226] PACKET[COM9] sensors: status=0b0110011000000100, uptime=65228, filtered_accel=[0.03512, 0.03172, -1.03064], gyro=[-3.22, 1.54, 2.94]
[13:45:26.443] RX[COM9]  01
[13:45:26.445] RX[COM9]  6f 04 00 00 ff c6 00 03 7b 00 03 01 ff 9b 72 ff d2 00 16 00 29 0a
[13:45:26.453] PACKET[COM9] sensors: status=0b0110111100000100, uptime=65478, filtered_accel=[0.03564, 0.03076, -1.02968], gyro=[-3.22, 1.54, 2.87]
[13:45:26.718] RX[COM9]  01
[13:45:26.720] RX[COM9]  6f 04 00 01 00 c0 00 03 7b 00 03 25 ff 9b 72 ff d2 00 16 00 2a 0a
[13:45:26.727] PACKET[COM9] sensors: status=0b0110111100000100, uptime=65728, filtered_accel=[0.03564, 0.0322, -1.02968], gyro=[-3.22, 1.54, 2.94]
[13:45:26.834] RX[COM9]  02
[13:45:26.853] RX[COM9]  6f 04 00 01 01 57 00 00 00 00 00 00 00 00 00 00 00 00 00 00 00 00 00 00 00 00 00 00 00 00 00 00 00 00 00 00 00 00 00 00 00 00 00 00 00 00 00 00 00 00 00 00 00 00 00 00 43 7b 9e 53 14 10 0a
[13:45:26.880] PACKET[COM9] state: status=0b0110111100000100, uptime=65879, orientation=[0.0, 0.0, 0.0, 0.0], position=[0.0, 0.0, 0.0], velocity=[0.0, 0.0, 0.0], latitude=0.0, longitude=0.0, gps_altitude=0.0, barometric_altitude=251.618454, witness_battery_voltage=5.136
[13:45:26.882] RX[COM9]  ff
[13:45:26.883] RX[COM9]  67 04 00 00 fe cd 0a
[13:45:26.892] PACKET[COM9] heartbeat: status=0b0110011100000100, uptime=65229
[13:45:26.945] RX[COM9]  01
[13:45:26.946] RX[COM9]  6f 04 00 01 01 d9 00 03 87 00 03 19 ff 9b 72 ff fe 00 01 ff fb 0a
[13:45:26.955] PACKET[COM9] sensors: status=0b0110111100000100, uptime=66009, filtered_accel=[0.03612, 0.03172, -1.02968], gyro=[-0.14, 0.07, -0.35]
[13:45:27.236] RX[COM9]  01
[13:45:27.237] RX[COM9]  66 04 00 01 02 be 00 03 7b 00 03 0d ff 9b 66 ff d3 00 16 00 28 0a
[13:45:27.247] PACKET[COM9] sensors: status=0b0110011000000100, uptime=66238, filtered_accel=[0.03564, 0.03124, -1.03016], gyro=[-3.15, 1.54, 2.8]
[13:45:27.464] RX[COM9]  01
[13:45:27.469] RX[COM9]  66 04 00 01 03 b8 00 03 6e 00 03 19 ff 9b 66 ff d2 00 17 00 29 0a
[13:45:27.480] PACKET[COM9] sensors: status=0b0110011000000100, uptime=66488, filtered_accel=[0.03512, 0.03172, -1.03016], gyro=[-3.22, 1.61, 2.87]
[13:45:27.693] RX[COM9]  01
[13:45:27.694] RX[COM9]  6e 04 00 01 04 b2 00 03 7b 00 03 0d ff 9b 66 ff d2 00 17 00 29 0a
[13:45:27.700] PACKET[COM9] sensors: status=0b0110111000000100, uptime=66738, filtered_accel=[0.03564, 0.03124, -1.03016], gyro=[-3.22, 1.61, 2.87]
[13:45:27.858] RX[COM9]  02
[13:45:27.864] RX[COM9]  6e 04 00 01 05 4a 00 00 00 00 00 00 00 00 00 00 00 00 00 00 00 00 00 00 00 00 00 00 00 00 00 00 00 00 00 00 00 00 00 00 00 00 00 00 00 00 00 00 00 00 00 00 00 00 00 00 43 7b b3 f9 14 14 0a
[13:45:27.878] PACKET[COM9] state: status=0b0110111000000100, uptime=66890, orientation=[0.0, 0.0, 0.0, 0.0], position=[0.0, 0.0, 0.0], velocity=[0.0, 0.0, 0.0], latitude=0.0, longitude=0.0, gps_altitude=0.0, barometric_altitude=251.703018, witness_battery_voltage=5.14
[13:45:27.879] RX[COM9]  ff
[13:45:27.879] RX[COM9]  6e 04 00 01 02 b4 0a
[13:45:27.884] PACKET[COM9] heartbeat: status=0b0110111000000100, uptime=66228
[13:45:27.993] RX[COM9]  01
[13:45:27.994] RX[COM9]  6e 04 00 01 05 cb 00 03 87 00 03 0d ff 9b af ff fd 00 01 ff fb 0a
[13:45:28.000] PACKET[COM9] sensors: status=0b0110111000000100, uptime=67019, filtered_accel=[0.03612, 0.03124, -1.02724], gyro=[-0.21, 0.07, -0.35]
[13:45:28.209] RX[COM9]  01
[13:45:28.209] RX[COM9]  6f 04 00 01 06 b0 00 03 62 00 03 0d ff 9b 4d ff d3 00 16 00 29 0a
[13:45:28.213] PACKET[COM9] sensors: status=0b0110111100000100, uptime=67248, filtered_accel=[0.03464, 0.03124, -1.03116], gyro=[-3.15, 1.54, 2.87]
[13:45:28.490] RX[COM9]  01
[13:45:28.492] RX[COM9]  67 04 00 01 07 aa 00 03 7b 00 03 01 ff 9b 1d ff d0 00 14 00 29 0a
[13:45:28.511] PACKET[COM9] sensors: status=0b0110011100000100, uptime=67498, filtered_accel=[0.03564, 0.03076, -1.03308], gyro=[-3.36, 1.4, 2.87]
[13:45:30.362] RX[COM9]  01
[13:45:30.363] RX[COM9]  26 00 00 00 00 e4 00 03 7b 00 03 01 ff 9b 8a ff d3 00 16 00 2a 0a
[13:45:30.372] PACKET[COM9] sensors: status=0b0010011000000000, uptime=228, filtered_accel=[0.03564, 0.03076, -1.02872], gyro=[-3.15, 1.54, 2.94]
[13:45:30.645] RX[COM9]  01
[13:45:30.646] RX[COM9]  2e 00 00 00 01 ac 00 03 7b 00 03 01 ff 9b 7e ff d2 00 16 00 2b 0a
[13:45:30.652] PACKET[COM9] sensors: status=0b0010111000000000, uptime=428, filtered_accel=[0.03564, 0.03076, -1.0292], gyro=[-3.22, 1.54, 3.01]
[13:45:30.863] RX[COM9]  01
[13:45:30.875] RX[COM9]  2e 00 00 00 02 a6 00 03 7b 00 03 25 ff 9b 8a ff d3 00 16 00 29 0a
[13:45:30.947] PACKET[COM9] sensors: status=0b0010111000000000, uptime=678, filtered_accel=[0.03564, 0.0322, -1.02872], gyro=[-3.15, 1.54, 2.87]
[13:45:31.484] RX[COM9]  01
[13:45:31.485] RX[COM9]  26 00 00 00 03 a0 00 03 87 00 03 0d ff 9b 97 ff d2 00 16 00 29 0a
[13:45:31.494] PACKET[COM9] sensors: status=0b0010011000000000, uptime=928, filtered_accel=[0.03612, 0.03124, -1.0282], gyro=[-3.22, 1.54, 2.87]
[13:45:31.495] RX[COM9]  02
[13:45:31.497] RX[COM9]  2f 00 00 00 04 74 00 00 00 00 00 00 00 00 00 00 00 00 00 00 00 00 00 00 00 00 00 00 00 00 00 00 00 00 00 00 00 00 00 00 00 00 00 00 00 00 00 00 00 00 00 00 00 00 00 00 00 00 00 00 14 08 0a
[13:45:31.508] PACKET[COM9] state: status=0b0010111100000000, uptime=1140, orientation=[0.0, 0.0, 0.0, 0.0], position=[0.0, 0.0, 0.0], velocity=[0.0, 0.0, 0.0], latitude=0.0, longitude=0.0, gps_altitude=0.0, barometric_altitude=0.0, witness_battery_voltage=5.128
[13:45:31.509] RX[COM9]  ff
[13:45:31.510] RX[COM9]  2f 00 00 00 04 69 0a
[13:45:31.517] PACKET[COM9] heartbeat: status=0b0010111100000000, uptime=1129
[13:45:31.518] RX[COM9]  01
[13:45:31.520] RX[COM9]  2f 00 00 00 04 f4 00 03 93 00 03 25 ff 9b 7e ff fe 00 01 ff fb 0a
[13:45:31.530] PACKET[COM9] sensors: status=0b0010111100000000, uptime=1268, filtered_accel=[0.0366, 0.0322, -1.0292], gyro=[-0.14, 0.07, -0.35]
[13:45:31.720] RX[COM9]  01
[13:45:31.726] RX[COM9]  6f 00 00 00 05 da 00 03 7b 00 03 31 ff 9b 8a ff d3 00 16 00 2a 0a
[13:45:31.754] PACKET[COM9] sensors: status=0b0110111100000000, uptime=1498, filtered_accel=[0.03564, 0.03268, -1.02872], gyro=[-3.15, 1.54, 2.94]
[13:45:31.946] RX[COM9]  01
[13:45:31.951] RX[COM9]  67 00 00 00 06 d4 00 03 6e 00 02 f4 ff 9b 72 ff d2 00 17 00 2a 0a
[13:45:31.959] PACKET[COM9] sensors: status=0b0110011100000000, uptime=1748, filtered_accel=[0.03512, 0.03024, -1.02968], gyro=[-3.22, 1.61, 2.94]
[13:45:32.211] RX[COM9]  01
[13:45:32.220] RX[COM9]  6f 00 00 00 07 ce 00 03 87 00 03 19 ff 9b 7e ff d2 00 17 00 2a 0a
[13:45:32.234] PACKET[COM9] sensors: status=0b0110111100000000, uptime=1998, filtered_accel=[0.03612, 0.03172, -1.0292], gyro=[-3.22, 1.61, 2.94]
[13:45:32.365] RX[COM9]  02
[13:45:32.371] RX[COM9]  6e 00 00 00 08 64 00 00 00 00 00 00 00 00 00 00 00 00 00 00 00 00 00 00 00 00 00 00 00 00 00 00 00 00 00 00 00 00 00 00 00 00 00 00 00 00 00 00 00 00 00 00 00 00 00 00 43 7b f5 96 14 04 0a
[13:45:32.378] PACKET[COM9] state: status=0b0110111000000000, uptime=2148, orientation=[0.0, 0.0, 0.0, 0.0], position=[0.0, 0.0, 0.0], velocity=[0.0, 0.0, 0.0], latitude=0.0, longitude=0.0, gps_altitude=0.0, barometric_altitude=251.95932, witness_battery_voltage=5.124
[13:45:32.379] RX[COM9]  ff
[13:45:32.380] RX[COM9]  6e 00 00 00 08 50 0a
[13:45:32.391] PACKET[COM9] heartbeat: status=0b0110111000000000, uptime=2128
[13:45:32.442] RX[COM9]  01
[13:45:32.443] RX[COM9]  6e 00 00 00 08 e7 00 03 3e 00 03 0d ff 9b 66 ff fd 00 00 ff fb 0a
[13:45:32.453] PACKET[COM9] sensors: status=0b0110111000000000, uptime=2279, filtered_accel=[0.0332, 0.03124, -1.03016], gyro=[-0.21, 0.0, -0.35]
[13:45:32.682] RX[COM9]  01
[13:45:32.683] RX[COM9]  6e 00 00 00 09 cc 00 03 7b 00 03 0d ff 9b 7e ff d3 00 16 00 29 0a
[13:45:32.691] PACKET[COM9] sensors: status=0b0110111000000000, uptime=2508, filtered_accel=[0.03564, 0.03124, -1.0292], gyro=[-3.15, 1.54, 2.87]
[13:45:32.940] RX[COM9]  01
[13:45:32.942] RX[COM9]  66 00 00 00 0a c6 00 03 6e 00 03 19 ff 9b 72 ff d2 00 16 00 2a 0a
[13:45:32.951] PACKET[COM9] sensors: status=0b0110011000000000, uptime=2758, filtered_accel=[0.03512, 0.03172, -1.02968], gyro=[-3.22, 1.54, 2.94]
[13:45:33.175] RX[COM9]  01
[13:45:33.184] RX[COM9]  6e 00 00 00 0b c0 00 03 93 00 03 25 ff 9b 7e ff d3 00 16 00 29 0a
[13:45:33.222] PACKET[COM9] sensors: status=0b0110111000000000, uptime=3008, filtered_accel=[0.0366, 0.0322, -1.0292], gyro=[-3.15, 1.54, 2.87]
[13:45:33.363] RX[COM9]  02
[13:45:33.377] RX[COM9]  6f 00 00 00 0c 57 00 00 00 00 00 00 00 00 00 00 00 00 00 00 00 00 00 00 00 00 00 00 00 00 00 00 00 00 00 00 00 00 00 00 00 00 00 00 00 00 00 00 00 00 00 00 00 00 00 00 43 7b 9e 53 14 00 0a
[13:45:33.406] PACKET[COM9] state: status=0b0110111100000000, uptime=3159, orientation=[0.0, 0.0, 0.0, 0.0], position=[0.0, 0.0, 0.0], velocity=[0.0, 0.0, 0.0], latitude=0.0, longitude=0.0, gps_altitude=0.0, barometric_altitude=251.618454, witness_battery_voltage=5.12
[13:45:33.416] RX[COM9]  ff
[13:45:33.424] RX[COM9]  6f 00 00 00 0c 38 0a
[13:45:33.457] PACKET[COM9] heartbeat: status=0b0110111100000000, uptime=3128
[13:45:33.462] RX[COM9]  01
[13:45:33.463] RX[COM9]  6f 00 00 00 0c d8 00 03 7b 00 03 01 ff 9b af ff fd 00 01 ff fb 0a
[13:45:33.482] PACKET[COM9] sensors: status=0b0110111100000000, uptime=3288, filtered_accel=[0.03564, 0.03076, -1.02724], gyro=[-0.21, 0.07, -0.35]
[13:45:33.734] RX[COM9]  01
[13:45:33.735] RX[COM9]  6f 00 00 00 0d bf 00 03 6e 00 03 25 ff 9b 72 ff d2 00 16 00 29 0a
[13:45:33.749] PACKET[COM9] sensors: status=0b0110111100000000, uptime=3519, filtered_accel=[0.03512, 0.0322, -1.02968], gyro=[-3.22, 1.54, 2.87]
[13:45:34.260] RX[COM9]  01
[13:45:34.266] RX[COM9]  67 00 00 00 0e b8 00 03 7b 00 03 19 ff 9b 66 ff d2 00 15 00 29 0a
[13:45:34.357] PACKET[COM9] sensors: status=0b0110011100000000, uptime=3768, filtered_accel=[0.03564, 0.03172, -1.03016], gyro=[-3.22, 1.47, 2.87]
[13:45:34.359] RX[COM9]  01
[13:45:34.361] RX[COM9]  6f 00 00 00 0f b3 00 03 7b 00 03 19 ff 9b 7e ff d2 00 16 00 2a 0a
[13:45:34.378] PACKET[COM9] sensors: status=0b0110111100000000, uptime=4019, filtered_accel=[0.03564, 0.03172, -1.0292], gyro=[-3.22, 1.54, 2.94]
[13:45:34.393] RX[COM9]  02
[13:45:34.404] RX[COM9]  6e 00 00 00 10 49 00 00 00 00 00 00 00 00 00 00 00 00 00 00 00 00 00 00 00 00 00 00 00 00 00 00 00 00 00 00 00 00 00 00 00 00 00 00 00 00 00 00 00 00 00 00 00 00 00 00 43 7b c9 9e 14 00 0a
[13:45:34.452] PACKET[COM9] state: status=0b0110111000000000, uptime=4169, orientation=[0.0, 0.0, 0.0, 0.0], position=[0.0, 0.0, 0.0], velocity=[0.0, 0.0, 0.0], latitude=0.0, longitude=0.0, gps_altitude=0.0, barometric_altitude=251.787567, witness_battery_voltage=5.12
[13:45:34.474] RX[COM9]  ff
[13:45:34.483] RX[COM9]  66 00 00 00 10 20 0a
[13:45:34.568] PACKET[COM9] heartbeat: status=0b0110011000000000, uptime=4128
[13:45:34.575] RX[COM9]  01
[13:45:34.577] RX[COM9]  6e 00 00 00 10 cb 00 03 87 00 03 19 ff 9b a3 ff fd 00 01 ff fb 0a
[13:45:34.620] PACKET[COM9] sensors: status=0b0110111000000000, uptime=4299, filtered_accel=[0.03612, 0.03172, -1.02772], gyro=[-0.21, 0.07, -0.35]
[13:45:34.775] RX[COM9]  01
[13:45:34.776] RX[COM9]  6e 00 00 00 11 b0 00 03 87 00 03 19 ff 9b 8a ff d3 00 16 00 2a 0a
[13:45:34.785] PACKET[COM9] sensors: status=0b0110111000000000, uptime=4528, filtered_accel=[0.03612, 0.03172, -1.02872], gyro=[-3.15, 1.54, 2.94]
[13:45:34.949] RX[COM9]  01
[13:45:34.951] RX[COM9]  6e 00 00 00 12 aa 00 03 6e 00 03 0d ff 9b 7e ff d2 00 16 00 2a 0a
[13:45:34.970] PACKET[COM9] sensors: status=0b0110111000000000, uptime=4778, filtered_accel=[0.03512, 0.03124, -1.0292], gyro=[-3.22, 1.54, 2.94]
[13:45:35.215] RX[COM9]  01
[13:45:35.216] RX[COM9]  66 00 00 00 13 a4 00 03 7b 00 03 0d ff 9b 66 ff d1 00 16 00 2b 0a
[13:45:35.230] PACKET[COM9] sensors: status=0b0110011000000000, uptime=5028, filtered_accel=[0.03564, 0.03124, -1.03016], gyro=[-3.29, 1.54, 3.01]
[13:45:35.355] RX[COM9]  02
[13:45:35.356] RX[COM9]  6f 00 00 00 14 3b 00 00 00 00 00 00 00 00 00 00 00 00 00 00 00 00 00 00 00 00 00 00 00 00 00 00 00 00 00 00 00 00 00 00 00 00 00 00 00 00 00 00 00 00 00 00 00 00 00 00 43 7b 47 11 14 04 0a
[13:45:35.388] PACKET[COM9] state: status=0b0110111100000000, uptime=5179, orientation=[0.0, 0.0, 0.0, 0.0], position=[0.0, 0.0, 0.0], velocity=[0.0, 0.0, 0.0], latitude=0.0, longitude=0.0, gps_altitude=0.0, barometric_altitude=251.277603, witness_battery_voltage=5.124
[13:45:35.401] RX[COM9]  ff
[13:45:35.414] RX[COM9]  67 00 00 00 14 08 0a
[13:45:35.465] PACKET[COM9] heartbeat: status=0b0110011100000000, uptime=5128
[13:45:35.467] RX[COM9]  01
[13:45:35.468] RX[COM9]  6f 00 00 00 14 be 00 03 7b 00 03 0d ff 9b a3 ff fd 00 01 ff fb 0a
[13:45:35.485] PACKET[COM9] sensors: status=0b0110111100000000, uptime=5310, filtered_accel=[0.03564, 0.03124, -1.02772], gyro=[-0.21, 0.07, -0.35]
[13:45:35.746] RX[COM9]  01
[13:45:35.748] RX[COM9]  6f 00 00 00 15 a2 00 03 7b 00 03 25 ff 9b 8a ff d2 00 18 00 29 0a
[13:45:35.754] PACKET[COM9] sensors: status=0b0110111100000000, uptime=5538, filtered_accel=[0.03564, 0.0322, -1.02872], gyro=[-3.22, 1.68, 2.87]
[13:45:35.966] RX[COM9]  01
[13:45:35.969] RX[COM9]  6f 00 00 00 16 9c 00 03 93 00 03 01 ff 9b 4d ff d2 00 17 00 29 0a
[13:45:35.984] PACKET[COM9] sensors: status=0b0110111100000000, uptime=5788, filtered_accel=[0.0366, 0.03076, -1.03116], gyro=[-3.22, 1.61, 2.87]
[13:45:36.214] RX[COM9]  01
[13:45:36.216] RX[COM9]  67 00 00 00 17 96 00 03 7b 00 03 0d ff 9b 66 ff d2 00 17 00 29 0a
[13:45:36.240] PACKET[COM9] sensors: status=0b0110011100000000, uptime=6038, filtered_accel=[0.03564, 0.03124, -1.03016], gyro=[-3.22, 1.61, 2.87]
[13:45:36.356] RX[COM9]  02
[13:45:36.368] RX[COM9]  6e 00 00 00 18 2d 00 00 00 00 00 00 00 00 00 00 00 00 00 00 00 00 00 00 00 00 00 00 00 00 00 00 00 00 00 00 00 00 00 00 00 00 00 00 00 00 00 00 00 00 00 00 00 00 00 00 43 7b f5 96 14 08 0a
[13:45:36.386] PACKET[COM9] state: status=0b0110111000000000, uptime=6189, orientation=[0.0, 0.0, 0.0, 0.0], position=[0.0, 0.0, 0.0], velocity=[0.0, 0.0, 0.0], latitude=0.0, longitude=0.0, gps_altitude=0.0, barometric_altitude=251.95932, witness_battery_voltage=5.128
[13:45:36.389] RX[COM9]  ff
[13:45:36.397] RX[COM9]  66 00 00 00 17 f0 0a
[13:45:36.412] PACKET[COM9] heartbeat: status=0b0110011000000000, uptime=6128
[13:45:36.468] RX[COM9]  01
[13:45:36.470] RX[COM9]  6e 00 00 00 18 af 00 03 6e 00 03 25 ff 9b 8a ff fd ff f5 00 07 0a
[13:45:36.483] PACKET[COM9] sensors: status=0b0110111000000000, uptime=6319, filtered_accel=[0.03512, 0.0322, -1.02872], gyro=[-0.21, -0.77, 0.49]
[13:45:36.752] RX[COM9]  01
[13:45:36.753] RX[COM9]  66 00 00 00 19 94 00 03 6e 00 03 19 ff 9b 5a ff d2 00 16 00 2a 0a
[13:45:36.761] PACKET[COM9] sensors: status=0b0110011000000000, uptime=6548, filtered_accel=[0.03512, 0.03172, -1.03064], gyro=[-3.22, 1.54, 2.94]
[13:45:37.010] RX[COM9]  01
[13:45:37.021] RX[COM9]  6e 00 00 00 1a 8e 00 03 87 00 03 0d ff 9b 66 ff d2 00 16 00 2a 0a
[13:45:37.037] PACKET[COM9] sensors: status=0b0110111000000000, uptime=6798, filtered_accel=[0.03612, 0.03124, -1.03016], gyro=[-3.22, 1.54, 2.94]
[13:45:37.226] RX[COM9]  01
[13:45:37.227] RX[COM9]  66 00 00 00 1b 88 00 03 87 00 03 25 ff 9b 8a ff d2 00 16 00 29 0a
[13:45:37.241] PACKET[COM9] sensors: status=0b0110011000000000, uptime=7048, filtered_accel=[0.03612, 0.0322, -1.02872], gyro=[-3.22, 1.54, 2.87]
[13:45:37.351] RX[COM9]  02
[13:45:37.355] RX[COM9]  6f 00 00 00 1c 1f 00 00 00 00 00 00 00 00 00 00 00 00 00 00 00 00 00 00 00 00 00 00 00 00 00 00 00 00 00 00 00 00 00 00 00 00 00 00 00 00 00 00 00 00 00 00 00 00 00 00 43 7b df f0 14 04 0a
[13:45:37.374] PACKET[COM9] state: status=0b0110111100000000, uptime=7199, orientation=[0.0, 0.0, 0.0, 0.0], position=[0.0, 0.0, 0.0], velocity=[0.0, 0.0, 0.0], latitude=0.0, longitude=0.0, gps_altitude=0.0, barometric_altitude=251.874756, witness_battery_voltage=5.124
[13:45:37.428] RX[COM9]  ff
[13:45:37.433] RX[COM9]  67 00 00 00 1b d8 0a
[13:45:37.447] PACKET[COM9] heartbeat: status=0b0110011100000000, uptime=7128
[13:45:37.506] RX[COM9]  01
[13:45:37.509] RX[COM9]  6f 00 00 00 1c a0 00 03 7b 00 03 19 ff 9b 8a ff fd 00 01 ff fb 0a
[13:45:37.522] PACKET[COM9] sensors: status=0b0110111100000000, uptime=7328, filtered_accel=[0.03564, 0.03172, -1.02872], gyro=[-0.21, 0.07, -0.35]
[13:45:37.748] RX[COM9]  01
[13:45:37.749] RX[COM9]  6f 00 00 00 1d 7c 00 03 93 00 03 19 ff 9b 72 ff d3 00 17 00 2a 0a
[13:45:37.756] PACKET[COM9] sensors: status=0b0110111100000000, uptime=7548, filtered_accel=[0.0366, 0.03172, -1.02968], gyro=[-3.15, 1.61, 2.94]
[13:45:37.878] RX[COM9]  05
[13:45:37.881] RX[COM9]  68 68
[13:45:37.997] RX[COM9]  01
[13:45:38.002] RX[COM9]  6f 00 00 00 1e 9e 00 03 6e 00 03 01 ff 9b 5a ff fa ff fe 00 02 0a
[13:45:38.002] BAD_PACKET[COM9] bad EOF for 0x05: expected 0x0a, got 0x9e; resync=discard 1 byte
[13:45:38.238] RX[COM9]  01
[13:45:38.239] RX[COM9]  6f 00 00 00 1f 70 00 03 7b 00 02 dc ff 9a f8 ff d0 00 17 00 2c 0a
[13:45:38.240] BAD_PACKET[COM9] bad EOF for 0x03: expected 0x0a, got 0x00; resync=discard 1 byte
[13:45:38.240] BAD_PACKET[COM9] unknown packet ID 0x1f; discarded 1 byte(s)
[13:45:38.241] BAD_PACKET[COM9] unknown packet ID 0x70; discarded 1 byte(s)
[13:45:38.241] BAD_PACKET[COM9] unknown packet ID 0x00; discarded 1 byte(s)
[13:45:38.363] RX[COM9]  02
[13:45:38.366] RX[COM9]  6e 00 00 00 20 07 00 00 00 00 00 00 00 00 00 00 00 00 00 00 00 00 00 00 00 00 00 00 00 00 00 00 00 00 00 00 00 00 00 00 00 00 00 00 00 00 00 00 00 00 00 00 00 00 00 00 43 7c fb 5c 13 e4 0a
[13:45:38.367] BAD_PACKET[COM9] bad EOF for 0x03: expected 0x0a, got 0x00; resync=discard 1 byte
[13:45:38.368] BAD_PACKET[COM9] unknown packet ID 0x20; discarded 1 byte(s)
[13:45:38.368] BAD_PACKET[COM9] unknown packet ID 0x07; discarded 1 byte(s)
[13:45:38.369] BAD_PACKET[COM9] unknown packet ID 0x00; discarded 1 byte(s)
[13:45:38.370] BAD_PACKET[COM9] unknown packet ID 0x00; discarded 1 byte(s)
[13:45:38.370] BAD_PACKET[COM9] unknown packet ID 0x00; discarded 1 byte(s)
[13:45:38.371] BAD_PACKET[COM9] unknown packet ID 0x00; discarded 1 byte(s)
[13:45:38.372] BAD_PACKET[COM9] unknown packet ID 0x00; discarded 1 byte(s)
[13:45:38.372] BAD_PACKET[COM9] unknown packet ID 0x00; discarded 1 byte(s)
[13:45:38.373] BAD_PACKET[COM9] unknown packet ID 0x00; discarded 1 byte(s)
[13:45:38.374] BAD_PACKET[COM9] unknown packet ID 0x00; discarded 1 byte(s)
[13:45:38.374] BAD_PACKET[COM9] unknown packet ID 0x00; discarded 1 byte(s)
[13:45:38.375] BAD_PACKET[COM9] unknown packet ID 0x00; discarded 1 byte(s)
[13:45:38.375] BAD_PACKET[COM9] unknown packet ID 0x00; discarded 1 byte(s)
[13:45:38.376] BAD_PACKET[COM9] unknown packet ID 0x00; discarded 1 byte(s)
[13:45:38.376] BAD_PACKET[COM9] unknown packet ID 0x00; discarded 1 byte(s)
[13:45:38.377] BAD_PACKET[COM9] unknown packet ID 0x00; discarded 1 byte(s)
[13:45:38.378] BAD_PACKET[COM9] unknown packet ID 0x00; discarded 1 byte(s)
[13:45:38.378] BAD_PACKET[COM9] unknown packet ID 0x00; discarded 1 byte(s)
[13:45:38.379] BAD_PACKET[COM9] unknown packet ID 0x00; discarded 1 byte(s)
[13:45:38.380] BAD_PACKET[COM9] unknown packet ID 0x00; discarded 1 byte(s)
[13:45:38.380] BAD_PACKET[COM9] unknown packet ID 0x00; discarded 1 byte(s)
[13:45:38.381] BAD_PACKET[COM9] unknown packet ID 0x00; discarded 1 byte(s)
[13:45:38.382] BAD_PACKET[COM9] unknown packet ID 0x00; discarded 1 byte(s)
[13:45:38.382] BAD_PACKET[COM9] unknown packet ID 0x00; discarded 1 byte(s)
[13:45:38.383] BAD_PACKET[COM9] unknown packet ID 0x00; discarded 1 byte(s)
[13:45:38.383] BAD_PACKET[COM9] unknown packet ID 0x00; discarded 1 byte(s)
[13:45:38.385] BAD_PACKET[COM9] unknown packet ID 0x00; discarded 1 byte(s)
[13:45:38.386] BAD_PACKET[COM9] unknown packet ID 0x00; discarded 1 byte(s)
[13:45:38.387] BAD_PACKET[COM9] unknown packet ID 0x00; discarded 1 byte(s)
[13:45:38.388] BAD_PACKET[COM9] unknown packet ID 0x00; discarded 1 byte(s)
[13:45:38.388] BAD_PACKET[COM9] unknown packet ID 0x00; discarded 1 byte(s)
[13:45:38.390] BAD_PACKET[COM9] unknown packet ID 0x00; discarded 1 byte(s)
[13:45:38.391] BAD_PACKET[COM9] unknown packet ID 0x00; discarded 1 byte(s)
[13:45:38.391] BAD_PACKET[COM9] unknown packet ID 0x00; discarded 1 byte(s)
[13:45:38.392] BAD_PACKET[COM9] unknown packet ID 0x00; discarded 1 byte(s)
[13:45:38.392] BAD_PACKET[COM9] unknown packet ID 0x00; discarded 1 byte(s)
[13:45:38.393] BAD_PACKET[COM9] unknown packet ID 0x00; discarded 1 byte(s)
[13:45:38.393] BAD_PACKET[COM9] unknown packet ID 0x00; discarded 1 byte(s)
[13:45:38.395] BAD_PACKET[COM9] unknown packet ID 0x00; discarded 1 byte(s)
[13:45:38.396] BAD_PACKET[COM9] unknown packet ID 0x00; discarded 1 byte(s)
[13:45:38.397] BAD_PACKET[COM9] unknown packet ID 0x00; discarded 1 byte(s)
[13:45:38.398] BAD_PACKET[COM9] unknown packet ID 0x00; discarded 1 byte(s)
[13:45:38.398] BAD_PACKET[COM9] unknown packet ID 0x00; discarded 1 byte(s)
[13:45:38.399] BAD_PACKET[COM9] unknown packet ID 0x00; discarded 1 byte(s)
[13:45:38.400] BAD_PACKET[COM9] unknown packet ID 0x00; discarded 1 byte(s)
[13:45:38.400] BAD_PACKET[COM9] unknown packet ID 0x00; discarded 1 byte(s)
[13:45:38.402] BAD_PACKET[COM9] unknown packet ID 0x00; discarded 1 byte(s)
[13:45:38.402] BAD_PACKET[COM9] unknown packet ID 0x00; discarded 1 byte(s)
[13:45:38.403] BAD_PACKET[COM9] unknown packet ID 0x00; discarded 1 byte(s)
[13:45:38.404] BAD_PACKET[COM9] unknown packet ID 0x00; discarded 1 byte(s)
[13:45:38.404] BAD_PACKET[COM9] unknown packet ID 0x00; discarded 1 byte(s)
[13:45:38.405] BAD_PACKET[COM9] unknown packet ID 0x00; discarded 1 byte(s)
[13:45:38.406] BAD_PACKET[COM9] unknown packet ID 0x43; discarded 1 byte(s)
[13:45:38.407] BAD_PACKET[COM9] unknown packet ID 0x7c; discarded 1 byte(s)
[13:45:38.408] BAD_PACKET[COM9] unknown packet ID 0xfb; discarded 1 byte(s)
[13:45:38.409] BAD_PACKET[COM9] unknown packet ID 0x5c; discarded 1 byte(s)
[13:45:38.411] BAD_PACKET[COM9] unknown packet ID 0x13; discarded 1 byte(s)
[13:45:38.415] BAD_PACKET[COM9] unknown packet ID 0xe4; discarded 1 byte(s)
[13:45:38.415] BAD_PACKET[COM9] unknown packet ID 0x0a; discarded 1 byte(s)
[13:45:38.416] RX[COM9]  ff
[13:45:38.417] RX[COM9]  6e 00 00 00 1f c0 0a
[13:45:38.434] PACKET[COM9] heartbeat: status=0b0110111000000000, uptime=8128
[13:45:38.502] RX[COM9]  01
[13:45:38.515] RX[COM9]  6e 00 00 00 20 89 00 03 56 00 03 25 ff 9b 8a ff fd 00 01 ff fb 0a
[13:45:38.542] PACKET[COM9] sensors: status=0b0110111000000000, uptime=8329, filtered_accel=[0.03416, 0.0322, -1.02872], gyro=[-0.21, 0.07, -0.35]
[13:45:38.768] RX[COM9]  01
[13:45:38.777] RX[COM9]  6e 00 00 00 21 6e 00 03 87 00 03 19 ff 9b 7e ff d2 00 17 00 2a 0a
[13:45:38.807] PACKET[COM9] sensors: status=0b0110111000000000, uptime=8558, filtered_accel=[0.03612, 0.03172, -1.0292], gyro=[-3.22, 1.61, 2.94]
[13:45:39.296] RX[COM9]  01
[13:45:39.311] RX[COM9]  66 00 00 00 22 68 00 03 62 00 03 25 ff 9b 72 ff d2 00 16 00 2a 0a
[13:45:39.355] PACKET[COM9] sensors: status=0b0110011000000000, uptime=8808, filtered_accel=[0.03464, 0.0322, -1.02968], gyro=[-3.22, 1.54, 2.94]
[13:45:39.356] RX[COM9]  01
[13:45:39.356] RX[COM9]  6e 00 00 00 23 62 00 03 56 00 03 0d ff 9b 66 ff d0 00 17 00 2b 0a
[13:45:39.382] PACKET[COM9] sensors: status=0b0110111000000000, uptime=9058, filtered_accel=[0.03416, 0.03124, -1.03016], gyro=[-3.36, 1.61, 3.01]
[13:45:39.389] RX[COM9]  02
[13:45:39.391] RX[COM9]  6f 00 00 00 23 f9 00 00 00 00 00 00 00 00 00 00 00 00 00 00 00 00 00 00 00 00 00 00 00 00 00 00 00 00 00 00 00 00 00 00 00 00 00 00 00 00 00 00 00 00 00 00 00 00 00 00 43 7c 8e 75 13 f0 0a
[13:45:39.404] PACKET[COM9] state: status=0b0110111100000000, uptime=9209, orientation=[0.0, 0.0, 0.0, 0.0], position=[0.0, 0.0, 0.0], velocity=[0.0, 0.0, 0.0], latitude=0.0, longitude=0.0, gps_altitude=0.0, barometric_altitude=252.556473, witness_battery_voltage=5.104
[13:45:39.405] RX[COM9]  ff
[13:45:39.406] RX[COM9]  6f 00 00 00 23 a8 0a
[13:45:39.413] PACKET[COM9] heartbeat: status=0b0110111100000000, uptime=9128
[13:45:39.520] RX[COM9]  01
[13:45:39.523] RX[COM9]  6f 00 00 00 24 7a 00 03 87 00 03 25 ff 9b 72 ff fd 00 01 ff fb 0a
[13:45:39.538] PACKET[COM9] sensors: status=0b0110111100000000, uptime=9338, filtered_accel=[0.03612, 0.0322, -1.02968], gyro=[-0.21, 0.07, -0.35]
[13:45:39.743] RX[COM9]  01
[13:45:39.753] RX[COM9]  6f 00 00 00 25 60 00 03 6e 00 03 01 ff 9b 5a ff d0 00 17 00 2c 0a
[13:45:39.778] PACKET[COM9] sensors: status=0b0110111100000000, uptime=9568, filtered_accel=[0.03512, 0.03076, -1.03064], gyro=[-3.36, 1.61, 3.08]
[13:45:40.036] RX[COM9]  01
[13:45:40.054] RX[COM9]  67 00 00 00 26 5b 00 03 7b 00 03 0d ff 9b 66 ff d0 00 17 00 2c 0a
[13:45:40.162] PACKET[COM9] sensors: status=0b0110011100000000, uptime=9819, filtered_accel=[0.03564, 0.03124, -1.03016], gyro=[-3.36, 1.61, 3.08]
[13:45:40.280] RX[COM9]  01
[13:45:40.292] RX[COM9]  6f 00 00 00 27 54 00 03 6e 00 03 0d ff 9b 8a ff d2 00 17 00 2a 0a
[13:45:40.340] PACKET[COM9] sensors: status=0b0110111100000000, uptime=10068, filtered_accel=[0.03512, 0.03124, -1.02872], gyro=[-3.22, 1.61, 2.94]
[13:45:40.430] RX[COM9]  02
[13:45:40.457] RX[COM9]  6e 00 00 00 27 ea 00 00 00 00 00 00 00 00 00 00 00 00 00 00 00 00 00 00 00 00 00 00 00 00 00 00 00 00 00 00 00 00 00 00 00 00 00 00 00 00 00 00 00 00 00 00 00 00 00 00 43 7b df f0 14 10 0a
[13:45:40.636] PACKET[COM9] state: status=0b0110111000000000, uptime=10218, orientation=[0.0, 0.0, 0.0, 0.0], position=[0.0, 0.0, 0.0], velocity=[0.0, 0.0, 0.0], latitude=0.0, longitude=0.0, gps_altitude=0.0, barometric_altitude=251.874756, witness_battery_voltage=5.136
[13:45:40.652] RX[COM9]  ff
[13:45:40.662] RX[COM9]  6e 00 00 00 27 90 0a
[13:45:40.753] PACKET[COM9] heartbeat: status=0b0110111000000000, uptime=10128
[13:45:40.766] RX[COM9]  01
[13:45:40.779] RX[COM9]  6e 00 00 00 28 6c 00 03 7b 00 03 0d ff 9b 8a ff fd 00 01 ff fb 0a
[13:45:40.833] PACKET[COM9] sensors: status=0b0110111000000000, uptime=10348, filtered_accel=[0.03564, 0.03124, -1.02872], gyro=[-0.21, 0.07, -0.35]
[13:45:40.840] RX[COM9]  01
[13:45:40.851] RX[COM9]  6e 00 00 00 29 52 00 03 93 00 03 19 ff 9b 72 ff d1 00 17 00 2c 0a
[13:45:40.891] PACKET[COM9] sensors: status=0b0110111000000000, uptime=10578, filtered_accel=[0.0366, 0.03172, -1.02968], gyro=[-3.29, 1.61, 3.08]
[13:45:41.011] RX[COM9]  01
[13:45:41.023] RX[COM9]  6e 00 00 00 2a 4c 00 03 7b 00 03 19 ff 9b 66 ff d2 00 16 00 2a 0a
[13:45:41.088] PACKET[COM9] sensors: status=0b0110111000000000, uptime=10828, filtered_accel=[0.03564, 0.03172, -1.03016], gyro=[-3.22, 1.54, 2.94]
[13:45:41.450] RX[COM9]  01
[13:45:41.452] RX[COM9]  66 00 00 00 2b 46 00 03 6e 00 03 19 ff 9b 66 ff d3 00 17 00 2a 0a
[13:45:41.470] PACKET[COM9] sensors: status=0b0110011000000000, uptime=11078, filtered_accel=[0.03512, 0.03172, -1.03016], gyro=[-3.15, 1.61, 2.94]
[13:45:41.474] RX[COM9]  02
[13:45:41.478] RX[COM9]  6f 00 00 00 2b dd 00 00 00 00 00 00 00 00 00 00 00 00 00 00 00 00 00 00 00 00 00 00 00 00 00 00 00 00 00 00 00 00 00 00 00 00 00 00 00 00 00 00 00 00 00 00 00 00 00 00 43 7c 21 8d 13 f8 0a
[13:45:41.517] PACKET[COM9] state: status=0b0110111100000000, uptime=11229, orientation=[0.0, 0.0, 0.0, 0.0], position=[0.0, 0.0, 0.0], velocity=[0.0, 0.0, 0.0], latitude=0.0, longitude=0.0, gps_altitude=0.0, barometric_altitude=252.131058, witness_battery_voltage=5.112
[13:45:41.520] RX[COM9]  ff
[13:45:41.521] RX[COM9]  67 00 00 00 2b 78 0a
[13:45:41.533] PACKET[COM9] heartbeat: status=0b0110011100000000, uptime=11128
[13:45:41.536] RX[COM9]  01
[13:45:41.542] RX[COM9]  6f 00 00 00 2c 5e 00 03 7b 00 03 0d ff 9b 72 ff fd 00 01 ff fb 0a
[13:45:41.574] PACKET[COM9] sensors: status=0b0110111100000000, uptime=11358, filtered_accel=[0.03564, 0.03124, -1.02968], gyro=[-0.21, 0.07, -0.35]
[13:45:41.867] RX[COM9]  01
[13:45:41.877] RX[COM9]  6f 00 00 00 2d 44 00 03 6e 00 03 19 ff 9b 5a ff d3 00 16 00 2a 0a
[13:45:41.906] PACKET[COM9] sensors: status=0b0110111100000000, uptime=11588, filtered_accel=[0.03512, 0.03172, -1.03064], gyro=[-3.15, 1.54, 2.94]
[13:45:42.018] RX[COM9]  01
[13:45:42.019] RX[COM9]  6f 00 00 00 2e 3e 00 03 7b 00 03 0d ff 9b 66 ff d3 00 17 00 29 0a
[13:45:42.027] PACKET[COM9] sensors: status=0b0110111100000000, uptime=11838, filtered_accel=[0.03564, 0.03124, -1.03016], gyro=[-3.15, 1.61, 2.87]
[13:45:42.299] RX[COM9]  01
[13:45:42.302] RX[COM9]  67 00 00 00 2f 38 00 03 87 00 03 0d ff 9b 72 ff d2 00 16 00 2a 0a
[13:45:42.317] PACKET[COM9] sensors: status=0b0110011100000000, uptime=12088, filtered_accel=[0.03612, 0.03124, -1.02968], gyro=[-3.22, 1.54, 2.94]
[13:45:42.426] RX[COM9]  02
[13:45:42.428] RX[COM9]  6e 00 00 00 2f ce 00 00 00 00 00 00 00 00 00 00 00 00 00 00 00 00 00 00 00 00 00 00 00 00 00 00 00 00 00 00 00 00 00 00 00 00 00 00 00 00 00 00 00 00 00 00 00 00 00 00 43 7b b3 f9 14 0c 0a
[13:45:42.442] PACKET[COM9] state: status=0b0110111000000000, uptime=12238, orientation=[0.0, 0.0, 0.0, 0.0], position=[0.0, 0.0, 0.0], velocity=[0.0, 0.0, 0.0], latitude=0.0, longitude=0.0, gps_altitude=0.0, barometric_altitude=251.703018, witness_battery_voltage=5.132
[13:45:42.444] RX[COM9]  ff
[13:45:42.445] RX[COM9]  6e 00 00 00 2f 60 0a
[13:45:42.464] PACKET[COM9] heartbeat: status=0b0110111000000000, uptime=12128
[13:45:42.601] RX[COM9]  01
[13:45:42.608] RX[COM9]  6e 00 00 00 30 50 00 03 87 00 03 0d ff 9b a3 ff fe 00 02 ff fb 0a
[13:45:42.632] PACKET[COM9] sensors: status=0b0110111000000000, uptime=12368, filtered_accel=[0.03612, 0.03124, -1.02772], gyro=[-0.14, 0.14, -0.35]
[13:45:42.767] RX[COM9]  01
[13:45:42.770] RX[COM9]  66 00 00 00 31 36 00 03 6e 00 03 01 ff 9b 72 ff d2 00 16 00 29 0a
[13:45:42.777] PACKET[COM9] sensors: status=0b0110011000000000, uptime=12598, filtered_accel=[0.03512, 0.03076, -1.02968], gyro=[-3.22, 1.54, 2.87]
[13:45:43.012] RX[COM9]  01
[13:45:43.014] RX[COM9]  6e 00 00 00 32 30 00 03 87 00 03 0d ff 9b 72 ff d1 00 17 00 2a 0a
[13:45:43.033] PACKET[COM9] sensors: status=0b0110111000000000, uptime=12848, filtered_accel=[0.03612, 0.03124, -1.02968], gyro=[-3.29, 1.61, 2.94]
[13:45:43.282] RX[COM9]  01
[13:45:43.286] RX[COM9]  66 00 00 00 33 2a 00 03 87 00 03 01 ff 9b 72 ff d2 00 16 00 29 0a
[13:45:43.308] PACKET[COM9] sensors: status=0b0110011000000000, uptime=13098, filtered_accel=[0.03612, 0.03076, -1.02968], gyro=[-3.22, 1.54, 2.87]
[13:45:43.438] RX[COM9]  02
[13:45:43.440] RX[COM9]  6f 00 00 00 33 c0 00 00 00 00 00 00 00 00 00 00 00 00 00 00 00 00 00 00 00 00 00 00 00 00 00 00 00 00 00 00 00 00 00 00 00 00 00 00 00 00 00 00 00 00 00 00 00 00 00 00 43 7b 5c b6 14 14 0a
[13:45:43.448] PACKET[COM9] state: status=0b0110111100000000, uptime=13248, orientation=[0.0, 0.0, 0.0, 0.0], position=[0.0, 0.0, 0.0], velocity=[0.0, 0.0, 0.0], latitude=0.0, longitude=0.0, gps_altitude=0.0, barometric_altitude=251.362152, witness_battery_voltage=5.14
[13:45:43.450] RX[COM9]  ff
[13:45:43.450] RX[COM9]  67 00 00 00 33 48 0a
[13:45:43.456] PACKET[COM9] heartbeat: status=0b0110011100000000, uptime=13128
[13:45:43.580] RX[COM9]  01
[13:45:43.584] RX[COM9]  6f 00 00 00 34 42 00 03 87 00 03 0d ff 9b 8a ff fd 00 01 ff fc 0a
[13:45:43.590] PACKET[COM9] sensors: status=0b0110111100000000, uptime=13378, filtered_accel=[0.03612, 0.03124, -1.02872], gyro=[-0.21, 0.07, -0.28]
[13:45:43.813] RX[COM9]  01
[13:45:43.817] RX[COM9]  67 00 00 00 35 28 00 03 7b 00 03 0d ff 9b 35 ff d2 00 16 00 29 0a
[13:45:43.825] PACKET[COM9] sensors: status=0b0110011100000000, uptime=13608, filtered_accel=[0.03564, 0.03124, -1.03212], gyro=[-3.22, 1.54, 2.87]
[13:45:44.046] RX[COM9]  01
[13:45:44.049] RX[COM9]  6f 00 00 00 36 22 00 03 62 00 03 0d ff 9b 66 ff d2 00 16 00 2a 0a
[13:45:44.063] PACKET[COM9] sensors: status=0b0110111100000000, uptime=13858, filtered_accel=[0.03464, 0.03124, -1.03016], gyro=[-3.22, 1.54, 2.94]
[13:45:44.311] RX[COM9]  01
[13:45:44.313] RX[COM9]  67 00 00 00 37 1c 00 03 7b 00 03 0d ff 9b 72 ff d2 00 17 00 2a 0a
[13:45:44.322] PACKET[COM9] sensors: status=0b0110011100000000, uptime=14108, filtered_accel=[0.03564, 0.03124, -1.02968], gyro=[-3.22, 1.61, 2.94]
[13:45:44.453] RX[COM9]  02
[13:45:44.456] RX[COM9]  6e 00 00 00 37 b2 00 00 00 00 00 00 00 00 00 00 00 00 00 00 00 00 00 00 00 00 00 00 00 00 00 00 00 00 00 00 00 00 00 00 00 00 00 00 00 00 00 00 00 00 00 00 00 00 00 00 43 7b df f0 14 10 0a
[13:45:44.467] PACKET[COM9] state: status=0b0110111000000000, uptime=14258, orientation=[0.0, 0.0, 0.0, 0.0], position=[0.0, 0.0, 0.0], velocity=[0.0, 0.0, 0.0], latitude=0.0, longitude=0.0, gps_altitude=0.0, barometric_altitude=251.874756, witness_battery_voltage=5.136
[13:45:44.469] RX[COM9]  ff
[13:45:44.471] RX[COM9]  6e 00 00 00 37 30 0a
[13:45:44.489] PACKET[COM9] heartbeat: status=0b0110111000000000, uptime=14128
[13:45:44.544] RX[COM9]  01
[13:45:44.546] RX[COM9]  6e 00 00 00 38 34 00 03 7b 00 03 25 ff 9b 97 ff fd 00 01 ff fb 0a
[13:45:44.551] PACKET[COM9] sensors: status=0b0110111000000000, uptime=14388, filtered_accel=[0.03564, 0.0322, -1.0282], gyro=[-0.21, 0.07, -0.35]
[13:45:44.813] RX[COM9]  01
[13:45:44.821] RX[COM9]  66 00 00 00 39 1b 00 03 7b 00 03 01 ff 9b 66 ff d1 00 16 00 29 0a
[13:45:44.838] PACKET[COM9] sensors: status=0b0110011000000000, uptime=14619, filtered_accel=[0.03564, 0.03076, -1.03016], gyro=[-3.29, 1.54, 2.87]
[13:45:45.034] RX[COM9]  01
[13:45:45.035] RX[COM9]  6e 00 00 00 3a 14 00 03 6e 00 03 19 ff 9b 72 ff d1 00 16 00 29 0a
[13:45:45.043] PACKET[COM9] sensors: status=0b0110111000000000, uptime=14868, filtered_accel=[0.03512, 0.03172, -1.02968], gyro=[-3.29, 1.54, 2.87]
[13:45:45.285] RX[COM9]  01
[13:45:45.286] RX[COM9]  6e 00 00 00 3b 0f 00 03 87 00 03 19 ff 9b 66 ff d1 00 16 00 2a 0a
[13:45:45.293] PACKET[COM9] sensors: status=0b0110111000000000, uptime=15119, filtered_accel=[0.03612, 0.03172, -1.03016], gyro=[-3.29, 1.54, 2.94]
[13:45:45.446] RX[COM9]  02
[13:45:45.447] RX[COM9]  6f 00 00 00 3b a4 00 00 00 00 00 00 00 00 00 00 00 00 00 00 00 00 00 00 00 00 00 00 00 00 00 00 00 00 00 00 00 00 00 00 00 00 00 00 00 00 00 00 00 00 00 00 00 00 00 00 43 7b 5c b6 14 14 0a
[13:45:45.456] PACKET[COM9] state: status=0b0110111100000000, uptime=15268, orientation=[0.0, 0.0, 0.0, 0.0], position=[0.0, 0.0, 0.0], velocity=[0.0, 0.0, 0.0], latitude=0.0, longitude=0.0, gps_altitude=0.0, barometric_altitude=251.362152, witness_battery_voltage=5.14
[13:45:45.519] RX[COM9]  ff
[13:45:45.521] RX[COM9]  67 00 00 00 3b 18 0a
[13:45:45.541] PACKET[COM9] heartbeat: status=0b0110011100000000, uptime=15128
[13:45:45.542] RX[COM9]  01
[13:45:45.543] RX[COM9]  6f 00 00 00 3c 26 00 03 7b 00 03 19 ff 9b 97 ff fd 00 00 ff fb 0a
[13:45:45.551] PACKET[COM9] sensors: status=0b0110111100000000, uptime=15398, filtered_accel=[0.03564, 0.03172, -1.0282], gyro=[-0.21, 0.0, -0.35]
[13:45:45.832] RX[COM9]  01
[13:45:45.836] RX[COM9]  67 00 00 00 3d 0c 00 03 7b 00 03 25 ff 9b 7e ff d2 00 16 00 2b 0a
[13:45:45.854] PACKET[COM9] sensors: status=0b0110011100000000, uptime=15628, filtered_accel=[0.03564, 0.0322, -1.0292], gyro=[-3.22, 1.54, 3.01]
[13:45:46.092] RX[COM9]  01
[13:45:46.095] RX[COM9]  6f 00 00 00 3e 06 00 03 6e 00 03 01 ff 9b 72 ff d2 00 16 00 29 0a
[13:45:46.102] PACKET[COM9] sensors: status=0b0110111100000000, uptime=15878, filtered_accel=[0.03512, 0.03076, -1.02968], gyro=[-3.22, 1.54, 2.87]
[13:45:46.295] RX[COM9]  01
[13:45:46.300] RX[COM9]  6f 00 00 00 3f 00 00 03 6e 00 03 01 ff 9b 72 ff d2 00 17 00 2a 0a
[13:45:46.342] PACKET[COM9] sensors: status=0b0110111100000000, uptime=16128, filtered_accel=[0.03512, 0.03076, -1.02968], gyro=[-3.22, 1.61, 2.94]
[13:45:46.708] RX[COM9]  02
[13:45:46.713] RX[COM9]  6e 00 00 00 3f 96 00 00 00 00 00 00 00 00 00 00 00 00 00 00 00 00 00 00 00 00 00 00 00 00 00 00 00 00 00 00 00 00 00 00 00 00 00 00 00 00 00 00 00 00 00 00 00 00 00 00 43 7b df f0 14 14 0a
[13:45:46.734] PACKET[COM9] state: status=0b0110111000000000, uptime=16278, orientation=[0.0, 0.0, 0.0, 0.0], position=[0.0, 0.0, 0.0], velocity=[0.0, 0.0, 0.0], latitude=0.0, longitude=0.0, gps_altitude=0.0, barometric_altitude=251.874756, witness_battery_voltage=5.14
[13:45:46.735] RX[COM9]  ff
[13:45:46.737] RX[COM9]  6e 00 00 00 3f 00 0a
[13:45:46.751] PACKET[COM9] heartbeat: status=0b0110111000000000, uptime=16128
[13:45:46.762] RX[COM9]  01
[13:45:46.777] RX[COM9]  6e 00 00 00 40 19 00 03 7b 00 03 0d ff 9b 97 ff fd 00 02 ff fb 0a
[13:45:46.850] PACKET[COM9] sensors: status=0b0110111000000000, uptime=16409, filtered_accel=[0.03564, 0.03124, -1.0282], gyro=[-0.21, 0.14, -0.35]
[13:45:46.863] RX[COM9]  01
[13:45:46.876] RX[COM9]  6e 00 00 00 40 fe 00 03 6e 00 03 19 ff 9b 5a ff d2 00 16 00 2a 0a
[13:45:46.940] PACKET[COM9] sensors: status=0b0110111000000000, uptime=16638, filtered_accel=[0.03512, 0.03172, -1.03064], gyro=[-3.22, 1.54, 2.94]
[13:45:47.053] RX[COM9]  01
[13:45:47.061] RX[COM9]  66 00 00 00 41 f8 00 03 7b 00 03 0d ff 9b 5a ff d3 00 16 00 2a 0a
[13:45:47.103] PACKET[COM9] sensors: status=0b0110011000000000, uptime=16888, filtered_accel=[0.03564, 0.03124, -1.03064], gyro=[-3.15, 1.54, 2.94]
[13:45:47.464] RX[COM9]  01
[13:45:47.465] RX[COM9]  6f 00 00 00 42 f2 00 03 7b 00 03 0d ff 9b 66 ff d2 00 17 00 29 0a
[13:45:47.472] PACKET[COM9] sensors: status=0b0110111100000000, uptime=17138, filtered_accel=[0.03564, 0.03124, -1.03016], gyro=[-3.22, 1.61, 2.87]
[13:45:47.477] RX[COM9]  02
[13:45:47.481] RX[COM9]  6f 00 00 00 43 89 00 00 00 00 00 00 00 00 00 00 00 00 00 00 00 00 00 00 00 00 00 00 00 00 00 00 00 00 00 00 00 00 00 00 00 00 00 00 00 00 00 00 00 00 00 00 00 00 00 00 43 7b 72 5c 14 14 0a
[13:45:47.519] PACKET[COM9] state: status=0b0110111100000000, uptime=17289, orientation=[0.0, 0.0, 0.0, 0.0], position=[0.0, 0.0, 0.0], velocity=[0.0, 0.0, 0.0], latitude=0.0, longitude=0.0, gps_altitude=0.0, barometric_altitude=251.446716, witness_battery_voltage=5.14
[13:45:47.520] RX[COM9]  ff
[13:45:47.522] RX[COM9]  67 00 00 00 42 e8 0a
[13:45:47.540] PACKET[COM9] heartbeat: status=0b0110011100000000, uptime=17128
[13:45:47.735] RX[COM9]  01
[13:45:47.737] RX[COM9]  6f 00 00 00 44 0a 00 03 7b 00 03 19 ff 9b 97 ff fe 00 01 ff fb 0a
[13:45:47.744] PACKET[COM9] sensors: status=0b0110111100000000, uptime=17418, filtered_accel=[0.03564, 0.03172, -1.0282], gyro=[-0.14, 0.07, -0.35]
[13:45:47.856] RX[COM9]  01
[13:45:47.858] RX[COM9]  6f 00 00 00 44 f0 00 03 7b 00 03 0d ff 9b 5a ff d2 00 16 00 29 0a
[13:45:47.881] PACKET[COM9] sensors: status=0b0110111100000000, uptime=17648, filtered_accel=[0.03564, 0.03124, -1.03064], gyro=[-3.22, 1.54, 2.87]
[13:45:48.136] RX[COM9]  01
[13:45:48.139] RX[COM9]  67 00 00 00 45 ea 00 03 93 00 03 0d ff 9b 5a ff d2 00 16 00 29 0a
[13:45:48.151] PACKET[COM9] sensors: status=0b0110011100000000, uptime=17898, filtered_accel=[0.0366, 0.03124, -1.03064], gyro=[-3.22, 1.54, 2.87]
[13:45:48.344] RX[COM9]  01
[13:45:48.347] RX[COM9]  6e 00 00 00 46 e4 00 03 7b 00 03 19 ff 9b 5a ff d2 00 16 00 2a 0a
[13:45:48.358] PACKET[COM9] sensors: status=0b0110111000000000, uptime=18148, filtered_accel=[0.03564, 0.03172, -1.03064], gyro=[-3.22, 1.54, 2.94]
[13:45:48.484] RX[COM9]  02
[13:45:48.488] RX[COM9]  6e 00 00 00 47 7a 00 00 00 00 00 00 00 00 00 00 00 00 00 00 00 00 00 00 00 00 00 00 00 00 00 00 00 00 00 00 00 00 00 00 00 00 00 00 00 00 00 00 00 00 00 00 00 00 00 00 43 7b b3 f9 14 0c 0a
[13:45:48.503] PACKET[COM9] state: status=0b0110111000000000, uptime=18298, orientation=[0.0, 0.0, 0.0, 0.0], position=[0.0, 0.0, 0.0], velocity=[0.0, 0.0, 0.0], latitude=0.0, longitude=0.0, gps_altitude=0.0, barometric_altitude=251.703018, witness_battery_voltage=5.132
[13:45:48.507] RX[COM9]  ff
[13:45:48.510] RX[COM9]  6e 00 00 00 46 d0 0a
[13:45:48.530] PACKET[COM9] heartbeat: status=0b0110111000000000, uptime=18128
[13:45:48.595] RX[COM9]  01
[13:45:48.597] RX[COM9]  6e 00 00 00 47 fc 00 03 6e 00 03 0d ff 9b 8a ff fd 00 01 ff fb 0a
[13:45:48.620] PACKET[COM9] sensors: status=0b0110111000000000, uptime=18428, filtered_accel=[0.03512, 0.03124, -1.02872], gyro=[-0.21, 0.07, -0.35]
[13:45:48.854] RX[COM9]  01
[13:45:48.857] RX[COM9]  6e 00 00 00 48 e2 00 03 7b 00 03 0d ff 9b 5a ff d3 00 16 00 2a 0a
[13:45:48.887] PACKET[COM9] sensors: status=0b0110111000000000, uptime=18658, filtered_accel=[0.03564, 0.03124, -1.03064], gyro=[-3.15, 1.54, 2.94]
[13:45:49.122] RX[COM9]  01
[13:45:49.125] RX[COM9]  66 00 00 00 49 dc 00 03 7b 00 03 19 ff 9b 72 ff d1 00 17 00 2a 0a
[13:45:49.133] PACKET[COM9] sensors: status=0b0110011000000000, uptime=18908, filtered_accel=[0.03564, 0.03172, -1.02968], gyro=[-3.29, 1.61, 2.94]
[13:45:49.372] RX[COM9]  01
[13:45:49.376] RX[COM9]  6f 00 00 00 4a d6 00 03 7b 00 03 0d ff 9b af ff d2 00 17 00 29 0a
[13:45:49.383] PACKET[COM9] sensors: status=0b0110111100000000, uptime=19158, filtered_accel=[0.03564, 0.03124, -1.02724], gyro=[-3.22, 1.61, 2.87]
[13:45:49.499] RX[COM9]  02
[13:45:49.508] RX[COM9]  6f 00 00 00 4b 6c 00 00 00 00 00 00 00 00 00 00 00 00 00 00 00 00 00 00 00 00 00 00 00 00 00 00 00 00 00 00 00 00 00 00 00 00 00 00 00 00 00 00 00 00 00 00 00 00 00 00 43 7b 47 11 14 14 0a
[13:45:49.551] PACKET[COM9] state: status=0b0110111100000000, uptime=19308, orientation=[0.0, 0.0, 0.0, 0.0], position=[0.0, 0.0, 0.0], velocity=[0.0, 0.0, 0.0], latitude=0.0, longitude=0.0, gps_altitude=0.0, barometric_altitude=251.277603, witness_battery_voltage=5.14
[13:45:49.554] RX[COM9]  ff
[13:45:49.560] RX[COM9]  67 00 00 00 4a b8 0a
[13:45:49.595] PACKET[COM9] heartbeat: status=0b0110011100000000, uptime=19128
[13:45:49.603] RX[COM9]  01
[13:45:49.605] RX[COM9]  6f 00 00 00 4b ee 00 03 87 00 03 3e ff 9c 35 ff fe 00 05 ff fb 0a
[13:45:49.642] PACKET[COM9] sensors: status=0b0110111100000000, uptime=19438, filtered_accel=[0.03612, 0.0332, -1.02188], gyro=[-0.14, 0.35, -0.35]
[13:45:49.876] RX[COM9]  01
[13:45:49.877] RX[COM9]  6f 00 00 00 4c d4 00 03 6e 00 03 0d ff 9b 66 ff d2 00 17 00 29 0a
[13:45:49.884] PACKET[COM9] sensors: status=0b0110111100000000, uptime=19668, filtered_accel=[0.03512, 0.03124, -1.03016], gyro=[-3.22, 1.61, 2.87]
[13:45:50.102] RX[COM9]  01
[13:45:50.102] RX[COM9]  6f 00 00 00 4d cf 00 03 6e 00 03 0d ff 9b 72 ff d1 00 17 00 29 0a
[13:45:50.115] PACKET[COM9] sensors: status=0b0110111100000000, uptime=19919, filtered_accel=[0.03512, 0.03124, -1.02968], gyro=[-3.29, 1.61, 2.87]
[13:45:50.345] RX[COM9]  01
[13:45:50.347] RX[COM9]  66 00 00 00 4e c8 00 03 7b 00 03 0d ff 9b 66 ff d2 00 16 00 29 0a
[13:45:50.354] PACKET[COM9] sensors: status=0b0110011000000000, uptime=20168, filtered_accel=[0.03564, 0.03124, -1.03016], gyro=[-3.22, 1.54, 2.87]
[13:45:50.532] RX[COM9]  02
[13:45:50.533] RX[COM9]  6e 00 00 00 4f 5e 00 00 00 00 00 00 00 00 00 00 00 00 00 00 00 00 00 00 00 00 00 00 00 00 00 00 00 00 00 00 00 00 00 00 00 00 00 00 00 00 00 00 00 00 00 00 00 00 00 00 43 7b df f0 14 18 0a
[13:45:50.539] PACKET[COM9] state: status=0b0110111000000000, uptime=20318, orientation=[0.0, 0.0, 0.0, 0.0], position=[0.0, 0.0, 0.0], velocity=[0.0, 0.0, 0.0], latitude=0.0, longitude=0.0, gps_altitude=0.0, barometric_altitude=251.874756, witness_battery_voltage=5.144
[13:45:50.540] RX[COM9]  ff
[13:45:50.542] RX[COM9]  6e 00 00 00 4e a0 0a
[13:45:50.549] PACKET[COM9] heartbeat: status=0b0110111000000000, uptime=20128
[13:45:50.610] RX[COM9]  01
[13:45:50.611] RX[COM9]  6e 00 00 00 4f e0 00 03 62 00 03 0d ff 9b 7e ff fd 00 00 ff fb 0a
[13:45:50.619] PACKET[COM9] sensors: status=0b0110111000000000, uptime=20448, filtered_accel=[0.03464, 0.03124, -1.0292], gyro=[-0.21, 0.0, -0.35]
[13:45:50.859] RX[COM9]  01
[13:45:50.865] RX[COM9]  6e 00 00 00 50 c6 00 03 7b 00 03 01 ff 9b 5a ff d2 00 16 00 2a 0a
[13:45:50.876] PACKET[COM9] sensors: status=0b0110111000000000, uptime=20678, filtered_accel=[0.03564, 0.03076, -1.03064], gyro=[-3.22, 1.54, 2.94]
[13:45:51.117] RX[COM9]  01
[13:45:51.120] RX[COM9]  6e 00 00 00 51 c0 00 03 7b 00 03 01 ff 9b 5a ff d1 00 16 00 2a 0a
[13:45:51.141] PACKET[COM9] sensors: status=0b0110111000000000, uptime=20928, filtered_accel=[0.03564, 0.03076, -1.03064], gyro=[-3.29, 1.54, 2.94]
[13:45:51.375] RX[COM9]  01
[13:45:51.383] RX[COM9]  67 00 00 00 52 ba 00 03 7b 00 03 01 ff 9b 5a ff d2 00 16 00 29 0a
[13:45:51.414] PACKET[COM9] sensors: status=0b0110011100000000, uptime=21178, filtered_accel=[0.03564, 0.03076, -1.03064], gyro=[-3.22, 1.54, 2.87]
[13:45:51.485] RX[COM9]  02
[13:45:51.488] RX[COM9]  6f 00 00 00 53 50 00 00 00 00 00 00 00 00 00 00 00 00 00 00 00 00 00 00 00 00 00 00 00 00 00 00 00 00 00 00 00 00 00 00 00 00 00 00 00 00 00 00 00 00 00 00 00 00 00 00 43 7b 72 5c 14 0c 0a
[13:45:51.497] PACKET[COM9] state: status=0b0110111100000000, uptime=21328, orientation=[0.0, 0.0, 0.0, 0.0], position=[0.0, 0.0, 0.0], velocity=[0.0, 0.0, 0.0], latitude=0.0, longitude=0.0, gps_altitude=0.0, barometric_altitude=251.446716, witness_battery_voltage=5.132
[13:45:51.548] RX[COM9]  ff
[13:45:51.551] RX[COM9]  67 00 00 00 52 88 0a
[13:45:51.558] PACKET[COM9] heartbeat: status=0b0110011100000000, uptime=21128
[13:45:51.624] RX[COM9]  01
[13:45:51.626] RX[COM9]  6f 00 00 00 53 d3 00 03 87 00 03 01 ff 9b 8a ff fc 00 01 ff fb 0a
[13:45:51.646] PACKET[COM9] sensors: status=0b0110111100000000, uptime=21459, filtered_accel=[0.03612, 0.03076, -1.02872], gyro=[-0.28, 0.07, -0.35]
[13:45:51.890] RX[COM9]  01
[13:45:51.893] RX[COM9]  6f 00 00 00 54 b8 00 03 7b 00 03 0d ff 9b 66 ff d0 00 17 00 2d 0a
[13:45:51.901] PACKET[COM9] sensors: status=0b0110111100000000, uptime=21688, filtered_accel=[0.03564, 0.03124, -1.03016], gyro=[-3.36, 1.61, 3.15]
[13:45:52.508] RX[COM9]  01
[13:45:52.514] RX[COM9]  6f 00 00 00 55 b2 00 03 93 00 03 0d ff 9b 72 ff d2 00 16 00 2a 0a
[13:45:52.564] PACKET[COM9] sensors: status=0b0110111100000000, uptime=21938, filtered_accel=[0.0366, 0.03124, -1.02968], gyro=[-3.22, 1.54, 2.94]
[13:45:52.570] RX[COM9]  01
[13:45:52.580] RX[COM9]  66 00 00 00 56 ac 00 03 87 00 03 19 ff 9b 72 ff d2 00 17 00 29 0a
[13:45:52.620] PACKET[COM9] sensors: status=0b0110011000000000, uptime=22188, filtered_accel=[0.03612, 0.03172, -1.02968], gyro=[-3.22, 1.61, 2.87]
[13:45:52.626] RX[COM9]  02
[13:45:52.634] RX[COM9]  6e 00 00 00 57 42 00 00 00 00 00 00 00 00 00 00 00 00 00 00 00 00 00 00 00 00 00 00 00 00 00 00 00 00 00 00 00 00 00 00 00 00 00 00 00 00 00 00 00 00 00 00 00 00 00 00 43 7b c9 9e 14 04 0a
[13:45:52.711] PACKET[COM9] state: status=0b0110111000000000, uptime=22338, orientation=[0.0, 0.0, 0.0, 0.0], position=[0.0, 0.0, 0.0], velocity=[0.0, 0.0, 0.0], latitude=0.0, longitude=0.0, gps_altitude=0.0, barometric_altitude=251.787567, witness_battery_voltage=5.124
[13:45:52.725] RX[COM9]  ff
[13:45:52.739] RX[COM9]  6e 00 00 00 56 70 0a
[13:45:52.809] PACKET[COM9] heartbeat: status=0b0110111000000000, uptime=22128
[13:45:52.822] RX[COM9]  01
[13:45:52.834] RX[COM9]  6e 00 00 00 57 c4 00 03 6e 00 03 0d ff 9b 97 ff fd 00 01 ff fb 0a
[13:45:52.883] PACKET[COM9] sensors: status=0b0110111000000000, uptime=22468, filtered_accel=[0.03512, 0.03124, -1.0282], gyro=[-0.21, 0.07, -0.35]
[13:45:52.893] RX[COM9]  01
[13:45:52.902] RX[COM9]  66 00 00 00 58 aa 00 03 87 00 03 0d ff 9b 7e ff d2 00 17 00 29 0a
[13:45:52.941] PACKET[COM9] sensors: status=0b0110011000000000, uptime=22698, filtered_accel=[0.03612, 0.03124, -1.0292], gyro=[-3.22, 1.61, 2.87]
[13:45:53.588] RX[COM9]  01
[13:45:53.590] RX[COM9]  6e 00 00 00 59 a4 00 03 6e 00 03 25 ff 9b 72 ff d2 00 16 00 29 0a
[13:45:53.609] PACKET[COM9] sensors: status=0b0110111000000000, uptime=22948, filtered_accel=[0.03512, 0.0322, -1.02968], gyro=[-3.22, 1.54, 2.87]
[13:45:53.612] RX[COM9]  01
[13:45:53.612] RX[COM9]  67 00 00 00 5a 9e 00 03 7b 00 03 0d ff 9b 72 ff d2 00 16 00 29 0a
[13:45:53.623] PACKET[COM9] sensors: status=0b0110011100000000, uptime=23198, filtered_accel=[0.03564, 0.03124, -1.02968], gyro=[-3.22, 1.54, 2.87]
[13:45:53.624] RX[COM9]  02
[13:45:53.625] RX[COM9]  6f 00 00 00 5b 34 00 00 00 00 00 00 00 00 00 00 00 00 00 00 00 00 00 00 00 00 00 00 00 00 00 00 00 00 00 00 00 00 00 00 00 00 00 00 00 00 00 00 00 00 00 00 00 00 00 00 43 7b b3 f9 14 10 0a
[13:45:53.637] PACKET[COM9] state: status=0b0110111100000000, uptime=23348, orientation=[0.0, 0.0, 0.0, 0.0], position=[0.0, 0.0, 0.0], velocity=[0.0, 0.0, 0.0], latitude=0.0, longitude=0.0, gps_altitude=0.0, barometric_altitude=251.703018, witness_battery_voltage=5.136
[13:45:53.638] RX[COM9]  ff
[13:45:53.646] RX[COM9]  67 00 00 00 5a 58 0a
[13:45:53.665] PACKET[COM9] heartbeat: status=0b0110011100000000, uptime=23128
[13:45:53.667] RX[COM9]  01
[13:45:53.672] RX[COM9]  6f 00 00 00 5b b6 00 03 62 00 03 0d ff 9b 7e ff fe 00 01 ff fb 0a
[13:45:53.693] PACKET[COM9] sensors: status=0b0110111100000000, uptime=23478, filtered_accel=[0.03464, 0.03124, -1.0292], gyro=[-0.14, 0.07, -0.35]
[13:45:53.991] RX[COM9]  01
[13:45:53.994] RX[COM9]  67 00 00 00 5c 9c 00 03 7b 00 03 0d ff 9b 4d ff d1 00 17 00 29 0a
[13:45:54.010] PACKET[COM9] sensors: status=0b0110011100000000, uptime=23708, filtered_accel=[0.03564, 0.03124, -1.03116], gyro=[-3.29, 1.61, 2.87]
[13:45:54.130] RX[COM9]  01
[13:45:54.132] RX[COM9]  6f 00 00 00 5d 96 00 03 7b 00 03 0d ff 9b 5a ff d2 00 16 00 2a 0a
[13:45:54.145] PACKET[COM9] sensors: status=0b0110111100000000, uptime=23958, filtered_accel=[0.03564, 0.03124, -1.03064], gyro=[-3.22, 1.54, 2.94]
[13:45:54.394] RX[COM9]  01
[13:45:54.396] RX[COM9]  6e 00 00 00 5e 90 00 03 7b 00 03 19 ff 9b 66 ff d3 00 16 00 29 0a
[13:45:54.415] PACKET[COM9] sensors: status=0b0110111000000000, uptime=24208, filtered_accel=[0.03564, 0.03172, -1.03016], gyro=[-3.15, 1.54, 2.87]
[13:45:54.550] RX[COM9]  02
[13:45:54.555] RX[COM9]  6e 00 00 00 5f 26 00 00 00 00 00 00 00 00 00 00 00 00 00 00 00 00 00 00 00 00 00 00 00 00 00 00 00 00 00 00 00 00 00 00 00 00 00 00 00 00 00 00 00 00 00 00 00 00 00 00 43 7b df f0 14 18 0a
[13:45:54.567] PACKET[COM9] state: status=0b0110111000000000, uptime=24358, orientation=[0.0, 0.0, 0.0, 0.0], position=[0.0, 0.0, 0.0], velocity=[0.0, 0.0, 0.0], latitude=0.0, longitude=0.0, gps_altitude=0.0, barometric_altitude=251.874756, witness_battery_voltage=5.144
[13:45:54.580] RX[COM9]  ff
[13:45:54.581] RX[COM9]  6e 00 00 00 5e 40 0a
[13:45:54.591] PACKET[COM9] heartbeat: status=0b0110111000000000, uptime=24128
[13:45:54.677] RX[COM9]  01
[13:45:54.679] RX[COM9]  6e 00 00 00 5f a8 00 03 7b 00 03 0d ff 9b 97 ff fd 00 01 ff fb 0a
[13:45:54.711] PACKET[COM9] sensors: status=0b0110111000000000, uptime=24488, filtered_accel=[0.03564, 0.03124, -1.0282], gyro=[-0.21, 0.07, -0.35]
[13:45:54.928] RX[COM9]  01
[13:45:54.930] RX[COM9]  66 00 00 00 60 8f 00 03 7b 00 03 0d ff 9b 5a ff d2 00 17 00 29 0a
[13:45:54.936] PACKET[COM9] sensors: status=0b0110011000000000, uptime=24719, filtered_accel=[0.03564, 0.03124, -1.03064], gyro=[-3.22, 1.61, 2.87]
[13:45:55.149] RX[COM9]  01
[13:45:55.151] RX[COM9]  6e 00 00 00 61 88 00 03 87 00 03 0d ff 9b 5a ff d2 00 16 00 2a 0a
[13:45:55.160] PACKET[COM9] sensors: status=0b0110111000000000, uptime=24968, filtered_accel=[0.03612, 0.03124, -1.03064], gyro=[-3.22, 1.54, 2.94]
[13:45:55.381] RX[COM9]  01
[13:45:55.384] RX[COM9]  6f 00 00 00 62 83 00 03 7b 00 03 01 ff 9b 72 ff d2 00 17 00 29 0a
[13:45:55.397] PACKET[COM9] sensors: status=0b0110111100000000, uptime=25219, filtered_accel=[0.03564, 0.03076, -1.02968], gyro=[-3.22, 1.61, 2.87]
[13:45:55.581] RX[COM9]  02
[13:45:55.588] RX[COM9]  6f 00 00 00 63 18 00 00 00 00 00 00 00 00 00 00 00 00 00 00 00 00 00 00 00 00 00 00 00 00 00 00 00 00 00 00 00 00 00 00 00 00 00 00 00 00 00 00 00 00 00 00 00 00 00 00 43 7b 47 11 14 14 0a
[13:45:55.621] PACKET[COM9] state: status=0b0110111100000000, uptime=25368, orientation=[0.0, 0.0, 0.0, 0.0], position=[0.0, 0.0, 0.0], velocity=[0.0, 0.0, 0.0], latitude=0.0, longitude=0.0, gps_altitude=0.0, barometric_altitude=251.277603, witness_battery_voltage=5.14
[13:45:55.630] RX[COM9]  ff
[13:45:55.639] RX[COM9]  67 00 00 00 62 28 0a
[13:45:55.688] PACKET[COM9] heartbeat: status=0b0110011100000000, uptime=25128
[13:45:55.694] RX[COM9]  01
[13:45:55.698] RX[COM9]  6f 00 00 00 63 9a 00 03 7b 00 03 19 ff 9b 7e ff fd 00 01 ff fb 0a
[13:45:55.777] PACKET[COM9] sensors: status=0b0110111100000000, uptime=25498, filtered_accel=[0.03564, 0.03172, -1.0292], gyro=[-0.21, 0.07, -0.35]
[13:45:57.437] RX[COM9]  01
[13:45:57.443] RX[COM9]  67 00 00 00 64 80 00 03 7b 00 03 01 ff 9b 66 ff d2 00 16 00 2a 0a
[13:45:57.478] PACKET[COM9] sensors: status=0b0110011100000000, uptime=25728, filtered_accel=[0.03564, 0.03076, -1.03016], gyro=[-3.22, 1.54, 2.94]
[13:45:57.482] RX[COM9]  01
[13:45:57.489] RX[COM9]  67 00 00 00 65 7a 00 03 7b 00 03 19 ff 9b 72 ff d2 00 17 00 29 0a
[13:45:57.523] PACKET[COM9] sensors: status=0b0110011100000000, uptime=25978, filtered_accel=[0.03564, 0.03172, -1.02968], gyro=[-3.22, 1.61, 2.87]
[13:45:57.530] RX[COM9]  01
[13:45:57.534] RX[COM9]  6e 00 00 00 66 74 00 03 7b 00 03 19 ff 9b 66 ff d2 00 16 00 29 0a
[13:45:57.564] PACKET[COM9] sensors: status=0b0110111000000000, uptime=26228, filtered_accel=[0.03564, 0.03172, -1.03016], gyro=[-3.22, 1.54, 2.87]
[13:45:57.568] RX[COM9]  02
[13:45:57.573] RX[COM9]  6e 00 00 00 67 0a 00 00 00 00 00 00 00 00 00 00 00 00 00 00 00 00 00 00 00 00 00 00 00 00 00 00 00 00 00 00 00 00 00 00 00 00 00 00 00 00 00 00 00 00 00 00 00 00 00 00 43 7b c9 9e 14 14 0a
[13:45:57.616] PACKET[COM9] state: status=0b0110111000000000, uptime=26378, orientation=[0.0, 0.0, 0.0, 0.0], position=[0.0, 0.0, 0.0], velocity=[0.0, 0.0, 0.0], latitude=0.0, longitude=0.0, gps_altitude=0.0, barometric_altitude=251.787567, witness_battery_voltage=5.14
[13:45:57.621] RX[COM9]  ff
[13:45:57.625] RX[COM9]  6e 00 00 00 66 11 0a
[13:45:57.663] PACKET[COM9] heartbeat: status=0b0110111000000000, uptime=26129
[13:45:57.666] RX[COM9]  01
[13:45:57.668] RX[COM9]  6e 00 00 00 67 8d 00 03 7b 00 03 0d ff 9b 8a ff ff 00 01 ff fb 0a
[13:45:57.678] PACKET[COM9] sensors: status=0b0110111000000000, uptime=26509, filtered_accel=[0.03564, 0.03124, -1.02872], gyro=[-0.07, 0.07, -0.35]
[13:45:57.679] RX[COM9]  01
[13:45:57.680] RX[COM9]  6e 00 00 00 68 72 00 03 7b 00 03 0d ff 9b 1d ff d2 00 15 00 2a 0a
[13:45:57.688] PACKET[COM9] sensors: status=0b0110111000000000, uptime=26738, filtered_accel=[0.03564, 0.03124, -1.03308], gyro=[-3.22, 1.47, 2.94]
[13:45:57.692] RX[COM9]  01
[13:45:57.693] RX[COM9]  66 00 00 00 69 6c 00 03 87 00 03 19 ff 9b 66 ff d2 00 16 00 2a 0a
[13:45:57.705] PACKET[COM9] sensors: status=0b0110011000000000, uptime=26988, filtered_accel=[0.03612, 0.03172, -1.03016], gyro=[-3.22, 1.54, 2.94]
[13:45:57.706] RX[COM9]  01
[13:45:57.714] RX[COM9]  6f 00 00 00 6a 66 00 03 87 00 03 01 ff 9b 72 ff d2 00 16 00 2a 0a
[13:45:57.756] PACKET[COM9] sensors: status=0b0110111100000000, uptime=27238, filtered_accel=[0.03612, 0.03076, -1.02968], gyro=[-3.22, 1.54, 2.94]
[13:45:57.767] RX[COM9]  02
[13:45:57.774] RX[COM9]  6f 00 00 00 6a fd 00 00 00 00 00 00 00 00 00 00 00 00 00 00 00 00 00 00 00 00 00 00 00 00 00 00 00 00 00 00 00 00 00 00 00 00 00 00 00 00 00 00 00 00 00 00 00 00 00 00 43 7b c9 9e 14 0c 0a
[13:45:57.821] PACKET[COM9] state: status=0b0110111100000000, uptime=27389, orientation=[0.0, 0.0, 0.0, 0.0], position=[0.0, 0.0, 0.0], velocity=[0.0, 0.0, 0.0], latitude=0.0, longitude=0.0, gps_altitude=0.0, barometric_altitude=251.787567, witness_battery_voltage=5.132
[13:45:57.829] RX[COM9]  ff
[13:45:57.836] RX[COM9]  67 00 00 00 69 f8 0a
[13:45:57.870] PACKET[COM9] heartbeat: status=0b0110011100000000, uptime=27128
[13:45:57.879] RX[COM9]  01
[13:45:57.888] RX[COM9]  6f 00 00 00 6b 7e 00 03 7b 00 03 0d ff 9b 7e ff ff 00 01 ff fa 0a
[13:45:57.923] PACKET[COM9] sensors: status=0b0110111100000000, uptime=27518, filtered_accel=[0.03564, 0.03124, -1.0292], gyro=[-0.07, 0.07, -0.42]
[13:45:57.931] RX[COM9]  01
[13:45:57.940] RX[COM9]  6f 00 00 00 6c 64 00 03 87 00 03 19 ff 9b 5a ff d2 00 17 00 29 0a
[13:45:57.961] PACKET[COM9] sensors: status=0b0110111100000000, uptime=27748, filtered_accel=[0.03612, 0.03172, -1.03064], gyro=[-3.22, 1.61, 2.87]
[13:45:58.164] RX[COM9]  01
[13:45:58.168] RX[COM9]  67 00 00 00 6d 5e 00 03 7b 00 03 19 ff 9b 41 ff d3 00 15 00 2a 0a
[13:45:58.189] PACKET[COM9] sensors: status=0b0110011100000000, uptime=27998, filtered_accel=[0.03564, 0.03172, -1.03164], gyro=[-3.15, 1.47, 2.94]
[13:45:58.422] RX[COM9]  01
[13:45:58.433] RX[COM9]  6e 00 00 00 6e 58 00 03 7b 00 03 19 ff 9b 66 ff d3 00 16 00 2a 0a
[13:45:58.458] PACKET[COM9] sensors: status=0b0110111000000000, uptime=28248, filtered_accel=[0.03564, 0.03172, -1.03016], gyro=[-3.15, 1.54, 2.94]
[13:45:58.571] RX[COM9]  02
[13:45:58.573] RX[COM9]  6e 00 00 00 6e ee 00 00 00 00 00 00 00 00 00 00 00 00 00 00 00 00 00 00 00 00 00 00 00 00 00 00 00 00 00 00 00 00 00 00 00 00 00 00 00 00 00 00 00 00 00 00 00 00 00 00 43 7c 21 8d 14 08 0a
[13:45:58.583] PACKET[COM9] state: status=0b0110111000000000, uptime=28398, orientation=[0.0, 0.0, 0.0, 0.0], position=[0.0, 0.0, 0.0], velocity=[0.0, 0.0, 0.0], latitude=0.0, longitude=0.0, gps_altitude=0.0, barometric_altitude=252.131058, witness_battery_voltage=5.128
[13:45:58.635] RX[COM9]  ff
[13:45:58.637] RX[COM9]  66 00 00 00 6d e0 0a
[13:45:58.644] PACKET[COM9] heartbeat: status=0b0110011000000000, uptime=28128
[13:45:58.709] RX[COM9]  01
[13:45:58.710] RX[COM9]  6e 00 00 00 6f 70 00 03 6e 00 03 19 ff 9b 7e ff fe 00 01 ff fb 0a
[13:45:58.716] PACKET[COM9] sensors: status=0b0110111000000000, uptime=28528, filtered_accel=[0.03512, 0.03172, -1.0292], gyro=[-0.14, 0.07, -0.35]
[13:45:58.960] RX[COM9]  01
[13:45:58.961] RX[COM9]  6e 00 00 00 70 56 00 03 93 00 03 31 ff 9b 5a ff d2 00 16 00 29 0a
[13:45:58.980] PACKET[COM9] sensors: status=0b0110111000000000, uptime=28758, filtered_accel=[0.0366, 0.03268, -1.03064], gyro=[-3.22, 1.54, 2.87]
[13:45:59.207] RX[COM9]  01
[13:45:59.211] RX[COM9]  66 00 00 00 71 50 00 03 7b 00 03 0d ff 9b 66 ff d1 00 16 00 2a 0a
[13:45:59.238] PACKET[COM9] sensors: status=0b0110011000000000, uptime=29008, filtered_accel=[0.03564, 0.03124, -1.03016], gyro=[-3.29, 1.54, 2.94]
[13:45:59.475] RX[COM9]  01
[13:45:59.477] RX[COM9]  6f 00 00 00 72 4a 00 03 7b 00 03 19 ff 9b 5a ff d2 00 15 00 29 0a
[13:45:59.487] PACKET[COM9] sensors: status=0b0110111100000000, uptime=29258, filtered_accel=[0.03564, 0.03172, -1.03064], gyro=[-3.22, 1.47, 2.87]
[13:45:59.601] RX[COM9]  02
[13:45:59.602] RX[COM9]  6f 00 00 00 72 e0 00 00 00 00 00 00 00 00 00 00 00 00 00 00 00 00 00 00 00 00 00 00 00 00 00 00 00 00 00 00 00 00 00 00 00 00 00 00 00 00 00 00 00 00 00 00 00 00 00 00 43 7b 9e 53 14 14 0a
[13:45:59.610] PACKET[COM9] state: status=0b0110111100000000, uptime=29408, orientation=[0.0, 0.0, 0.0, 0.0], position=[0.0, 0.0, 0.0], velocity=[0.0, 0.0, 0.0], latitude=0.0, longitude=0.0, gps_altitude=0.0, barometric_altitude=251.618454, witness_battery_voltage=5.14
[13:45:59.611] RX[COM9]  ff
[13:45:59.612] RX[COM9]  6f 00 00 00 71 c8 0a
[13:45:59.626] PACKET[COM9] heartbeat: status=0b0110111100000000, uptime=29128
[13:45:59.730] RX[COM9]  01
[13:45:59.731] RX[COM9]  6f 00 00 00 73 62 00 03 7b 00 03 19 ff 9b 7e ff fd 00 00 ff fb 0a
[13:45:59.735] PACKET[COM9] sensors: status=0b0110111100000000, uptime=29538, filtered_accel=[0.03564, 0.03172, -1.0292], gyro=[-0.21, 0.0, -0.35]
[13:45:59.978] RX[COM9]  01
[13:45:59.982] RX[COM9]  6f 00 00 00 74 48 00 03 87 00 03 25 ff 9b 5a ff d1 00 16 00 2a 0a
[13:45:59.989] PACKET[COM9] sensors: status=0b0110111100000000, uptime=29768, filtered_accel=[0.03612, 0.0322, -1.03064], gyro=[-3.29, 1.54, 2.94]
[13:46:00.205] RX[COM9]  01
[13:46:00.211] RX[COM9]  6f 00 00 00 75 43 00 03 6e 00 02 dc ff 9b 5a ff d2 00 16 00 2a 0a
[13:46:00.228] PACKET[COM9] sensors: status=0b0110111100000000, uptime=30019, filtered_accel=[0.03512, 0.02928, -1.03064], gyro=[-3.22, 1.54, 2.94]
[13:46:00.435] RX[COM9]  01
[13:46:00.436] RX[COM9]  66 00 00 00 76 3c 00 03 93 00 03 01 ff 9b 5a ff d2 00 17 00 29 0a
[13:46:00.455] PACKET[COM9] sensors: status=0b0110011000000000, uptime=30268, filtered_accel=[0.0366, 0.03076, -1.03064], gyro=[-3.22, 1.61, 2.87]
[13:46:00.639] RX[COM9]  02
[13:46:00.641] RX[COM9]  6e 00 00 00 76 d2 00 00 00 00 00 00 00 00 00 00 00 00 00 00 00 00 00 00 00 00 00 00 00 00 00 00 00 00 00 00 00 00 00 00 00 00 00 00 00 00 00 00 00 00 00 00 00 00 00 00 43 7b df f0 14 1c 0a
[13:46:00.652] PACKET[COM9] state: status=0b0110111000000000, uptime=30418, orientation=[0.0, 0.0, 0.0, 0.0], position=[0.0, 0.0, 0.0], velocity=[0.0, 0.0, 0.0], latitude=0.0, longitude=0.0, gps_altitude=0.0, barometric_altitude=251.874756, witness_battery_voltage=5.148
[13:46:00.654] RX[COM9]  ff
[13:46:00.654] RX[COM9]  6e 00 00 00 75 b0 0a
[13:46:00.673] PACKET[COM9] heartbeat: status=0b0110111000000000, uptime=30128
[13:46:00.784] RX[COM9]  01
[13:46:00.789] RX[COM9]  6e 00 00 00 77 54 00 03 7b 00 03 01 ff 9b 72 ff fd 00 01 ff fb 0a
[13:46:00.808] PACKET[COM9] sensors: status=0b0110111000000000, uptime=30548, filtered_accel=[0.03564, 0.03076, -1.02968], gyro=[-0.21, 0.07, -0.35]
[13:46:00.991] RX[COM9]  01
[13:46:01.005] RX[COM9]  6e 00 00 00 78 3a 00 03 87 00 03 0d ff 9b 66 ff d1 00 16 00 2a 0a
[13:46:01.023] PACKET[COM9] sensors: status=0b0110111000000000, uptime=30778, filtered_accel=[0.03612, 0.03124, -1.03016], gyro=[-3.29, 1.54, 2.94]
[13:46:01.243] RX[COM9]  01
[13:46:01.245] RX[COM9]  6e 00 00 00 79 34 00 03 87 00 03 19 ff 9b 4d ff d2 00 17 00 2a 0a
[13:46:01.272] PACKET[COM9] sensors: status=0b0110111000000000, uptime=31028, filtered_accel=[0.03612, 0.03172, -1.03116], gyro=[-3.22, 1.61, 2.94]
[13:46:01.488] RX[COM9]  01
[13:46:01.492] RX[COM9]  67 00 00 00 7a 2e 00 03 6e 00 03 0d ff 9b 5a ff d2 00 17 00 2a 0a
[13:46:01.513] PACKET[COM9] sensors: status=0b0110011100000000, uptime=31278, filtered_accel=[0.03512, 0.03124, -1.03064], gyro=[-3.22, 1.61, 2.94]
[13:46:01.605] RX[COM9]  02
[13:46:01.606] RX[COM9]  6f 00 00 00 7a c4 00 00 00 00 00 00 00 00 00 00 00 00 00 00 00 00 00 00 00 00 00 00 00 00 00 00 00 00 00 00 00 00 00 00 00 00 00 00 00 00 00 00 00 00 00 00 00 00 00 00 43 7b b3 f9 14 10 0a
[13:46:01.622] PACKET[COM9] state: status=0b0110111100000000, uptime=31428, orientation=[0.0, 0.0, 0.0, 0.0], position=[0.0, 0.0, 0.0], velocity=[0.0, 0.0, 0.0], latitude=0.0, longitude=0.0, gps_altitude=0.0, barometric_altitude=251.703018, witness_battery_voltage=5.136
[13:46:01.634] RX[COM9]  ff
[13:46:01.635] RX[COM9]  6f 00 00 00 79 98 0a
[13:46:01.664] PACKET[COM9] heartbeat: status=0b0110111100000000, uptime=31128
[13:46:01.852] RX[COM9]  01
[13:46:01.855] RX[COM9]  6f 00 00 00 7b 46 00 03 7b 00 03 0d ff 9b 8a ff fd 00 01 ff fb 0a
[13:46:01.878] PACKET[COM9] sensors: status=0b0110111100000000, uptime=31558, filtered_accel=[0.03564, 0.03124, -1.02872], gyro=[-0.21, 0.07, -0.35]
[13:46:01.992] RX[COM9]  01
[13:46:01.994] RX[COM9]  67 00 00 00 7c 2c 00 03 87 00 03 19 ff 9b 72 ff d2 00 17 00 29 0a
[13:46:02.001] PACKET[COM9] sensors: status=0b0110011100000000, uptime=31788, filtered_accel=[0.03612, 0.03172, -1.02968], gyro=[-3.22, 1.61, 2.87]
[13:46:02.234] RX[COM9]  01
[13:46:02.235] RX[COM9]  6f 00 00 00 7d 26 00 03 62 00 03 01 ff 9b 5a ff d2 00 17 00 2a 0a
[13:46:02.249] PACKET[COM9] sensors: status=0b0110111100000000, uptime=32038, filtered_accel=[0.03464, 0.03076, -1.03064], gyro=[-3.22, 1.61, 2.94]
[13:46:02.480] RX[COM9]  01
[13:46:02.482] RX[COM9]  66 00 00 00 7e 20 00 03 6e 00 03 0d ff 9b 5a ff d2 00 16 00 2a 0a
[13:46:02.495] PACKET[COM9] sensors: status=0b0110011000000000, uptime=32288, filtered_accel=[0.03512, 0.03124, -1.03064], gyro=[-3.22, 1.54, 2.94]
[13:46:02.653] RX[COM9]  02
[13:46:02.656] RX[COM9]  6e 00 00 00 7e b6 00 00 00 00 00 00 00 00 00 00 00 00 00 00 00 00 00 00 00 00 00 00 00 00 00 00 00 00 00 00 00 00 00 00 00 00 00 00 00 00 00 00 00 00 00 00 00 00 00 00 43 7b c9 9e 14 08 0a
[13:46:02.665] PACKET[COM9] state: status=0b0110111000000000, uptime=32438, orientation=[0.0, 0.0, 0.0, 0.0], position=[0.0, 0.0, 0.0], velocity=[0.0, 0.0, 0.0], latitude=0.0, longitude=0.0, gps_altitude=0.0, barometric_altitude=251.787567, witness_battery_voltage=5.128
[13:46:02.666] RX[COM9]  ff
[13:46:02.667] RX[COM9]  6e 00 00 00 7d 80 0a
[13:46:02.675] PACKET[COM9] heartbeat: status=0b0110111000000000, uptime=32128
[13:46:02.729] RX[COM9]  01
[13:46:02.730] RX[COM9]  6e 00 00 00 7f 38 00 03 7b 00 03 0d ff 9b 72 ff fd 00 01 ff fb 0a
[13:46:02.739] PACKET[COM9] sensors: status=0b0110111000000000, uptime=32568, filtered_accel=[0.03564, 0.03124, -1.02968], gyro=[-0.21, 0.07, -0.35]
[13:46:03.018] RX[COM9]  01
[13:46:03.023] RX[COM9]  66 00 00 00 80 1e 00 03 6e 00 03 0d ff 9b 66 ff d2 00 16 00 2a 0a
[13:46:03.034] PACKET[COM9] sensors: status=0b0110011000000000, uptime=32798, filtered_accel=[0.03512, 0.03124, -1.03016], gyro=[-3.22, 1.54, 2.94]
[13:46:03.272] RX[COM9]  01
[13:46:03.282] RX[COM9]  6e 00 00 00 81 18 00 03 62 00 03 0d ff 9b 5a ff d2 00 16 00 29 0a
[13:46:03.318] PACKET[COM9] sensors: status=0b0110111000000000, uptime=33048, filtered_accel=[0.03464, 0.03124, -1.03064], gyro=[-3.22, 1.54, 2.87]
[13:46:03.496] RX[COM9]  01
[13:46:03.497] RX[COM9]  67 00 00 00 82 12 00 03 7b 00 03 0d ff 9b 66 ff d2 00 18 00 2a 0a
[13:46:03.507] PACKET[COM9] sensors: status=0b0110011100000000, uptime=33298, filtered_accel=[0.03564, 0.03124, -1.03016], gyro=[-3.22, 1.68, 2.94]
[13:46:03.614] RX[COM9]  02
[13:46:03.622] RX[COM9]  6f 00 00 00 82 a8 00 00 00 00 00 00 00 00 00 00 00 00 00 00 00 00 00 00 00 00 00 00 00 00 00 00 00 00 00 00 00 00 00 00 00 00 00 00 00 00 00 00 00 00 00 00 00 00 00 00 43 7b 9e 53 14 0c 0a
[13:46:03.686] PACKET[COM9] state: status=0b0110111100000000, uptime=33448, orientation=[0.0, 0.0, 0.0, 0.0], position=[0.0, 0.0, 0.0], velocity=[0.0, 0.0, 0.0], latitude=0.0, longitude=0.0, gps_altitude=0.0, barometric_altitude=251.618454, witness_battery_voltage=5.132
[13:46:03.690] RX[COM9]  ff
[13:46:03.691] RX[COM9]  6f 00 00 00 81 68 0a
[13:46:03.728] PACKET[COM9] heartbeat: status=0b0110111100000000, uptime=33128
[13:46:03.737] RX[COM9]  01
[13:46:03.748] RX[COM9]  6f 00 00 00 83 2a 00 03 7b 00 03 0d ff 9b 7e ff fe 00 01 ff fb 0a
[13:46:03.794] PACKET[COM9] sensors: status=0b0110111100000000, uptime=33578, filtered_accel=[0.03564, 0.03124, -1.0292], gyro=[-0.14, 0.07, -0.35]
[13:46:04.272] RX[COM9]  01
[13:46:04.282] RX[COM9]  67 00 00 00 84 10 00 03 7b 00 03 19 ff 9b 5a ff d2 00 16 00 2a 0a
[13:46:04.304] PACKET[COM9] sensors: status=0b0110011100000000, uptime=33808, filtered_accel=[0.03564, 0.03172, -1.03064], gyro=[-3.22, 1.54, 2.94]
[13:46:04.307] RX[COM9]  01
[13:46:04.309] RX[COM9]  6f 00 00 00 85 0a 00 03 7b 00 03 19 ff 9b 66 ff d1 00 16 00 29 0a
[13:46:04.343] PACKET[COM9] sensors: status=0b0110111100000000, uptime=34058, filtered_accel=[0.03564, 0.03172, -1.03016], gyro=[-3.29, 1.54, 2.87]
[13:46:04.504] RX[COM9]  01
[13:46:04.505] RX[COM9]  6e 00 00 00 86 04 00 03 87 00 03 0d ff 9b 5a ff d1 00 17 00 29 0a
[13:46:04.511] PACKET[COM9] sensors: status=0b0110111000000000, uptime=34308, filtered_accel=[0.03612, 0.03124, -1.03064], gyro=[-3.29, 1.61, 2.87]
[13:46:04.614] RX[COM9]  02
[13:46:04.615] RX[COM9]  6e 00 00 00 86 9a 00 00 00 00 00 00 00 00 00 00 00 00 00 00 00 00 00 00 00 00 00 00 00 00 00 00 00 00 00 00 00 00 00 00 00 00 00 00 00 00 00 00 00 00 00 00 00 00 00 00 43 7b df f0 14 14 0a
[13:46:04.623] PACKET[COM9] state: status=0b0110111000000000, uptime=34458, orientation=[0.0, 0.0, 0.0, 0.0], position=[0.0, 0.0, 0.0], velocity=[0.0, 0.0, 0.0], latitude=0.0, longitude=0.0, gps_altitude=0.0, barometric_altitude=251.874756, witness_battery_voltage=5.14
[13:46:04.698] RX[COM9]  ff
[13:46:04.708] RX[COM9]  6e 00 00 00 85 50 0a
[13:46:04.741] PACKET[COM9] heartbeat: status=0b0110111000000000, uptime=34128
[13:46:04.755] RX[COM9]  01
[13:46:04.756] RX[COM9]  6e 00 00 00 87 1c 00 03 93 00 03 01 ff 9b a3 ff fe 00 02 ff fb 0a
[13:46:04.795] PACKET[COM9] sensors: status=0b0110111000000000, uptime=34588, filtered_accel=[0.0366, 0.03076, -1.02772], gyro=[-0.14, 0.14, -0.35]
[13:46:05.087] RX[COM9]  01
[13:46:05.089] RX[COM9]  66 00 00 00 88 03 00 03 87 00 03 25 ff 9b 4d ff d2 00 17 00 2a 0a
[13:46:05.107] PACKET[COM9] sensors: status=0b0110011000000000, uptime=34819, filtered_accel=[0.03612, 0.0322, -1.03116], gyro=[-3.22, 1.61, 2.94]
[13:46:05.256] RX[COM9]  01
[13:46:05.259] RX[COM9]  6e 00 00 00 88 fc 00 03 6e 00 03 0d ff 9b 72 ff d2 00 16 00 2a 0a
[13:46:05.293] PACKET[COM9] sensors: status=0b0110111000000000, uptime=35068, filtered_accel=[0.03512, 0.03124, -1.02968], gyro=[-3.22, 1.54, 2.94]
[13:46:05.505] RX[COM9]  01
[13:46:05.507] RX[COM9]  6f 00 00 00 89 f7 00 03 6e 00 03 01 ff 9b 4d ff d1 00 17 00 2a 0a
[13:46:05.517] PACKET[COM9] sensors: status=0b0110111100000000, uptime=35319, filtered_accel=[0.03512, 0.03076, -1.03116], gyro=[-3.29, 1.61, 2.94]
[13:46:05.631] RX[COM9]  02
[13:46:05.634] RX[COM9]  6f 00 00 00 8a 8c 00 00 00 00 00 00 00 00 00 00 00 00 00 00 00 00 00 00 00 00 00 00 00 00 00 00 00 00 00 00 00 00 00 00 00 00 00 00 00 00 00 00 00 00 00 00 00 00 00 00 43 7b 72 5c 13 fc 0a
[13:46:05.645] PACKET[COM9] state: status=0b0110111100000000, uptime=35468, orientation=[0.0, 0.0, 0.0, 0.0], position=[0.0, 0.0, 0.0], velocity=[0.0, 0.0, 0.0], latitude=0.0, longitude=0.0, gps_altitude=0.0, barometric_altitude=251.446716, witness_battery_voltage=5.116
[13:46:05.697] RX[COM9]  ff
[13:46:05.698] RX[COM9]  6f 00 00 00 89 38 0a
[13:46:05.706] PACKET[COM9] heartbeat: status=0b0110111100000000, uptime=35128
[13:46:05.762] RX[COM9]  01
[13:46:05.764] RX[COM9]  6f 00 00 00 8b 0e 00 03 7b 00 03 0d ff 9b 97 ff fe 00 01 ff fb 0a
[13:46:05.785] PACKET[COM9] sensors: status=0b0110111100000000, uptime=35598, filtered_accel=[0.03564, 0.03124, -1.0282], gyro=[-0.14, 0.07, -0.35]
[13:46:06.019] RX[COM9]  01
[13:46:06.020] RX[COM9]  6f 00 00 00 8b f4 00 03 6e 00 03 0d ff 9b 5a ff d2 00 16 00 2a 0a
[13:46:06.028] PACKET[COM9] sensors: status=0b0110111100000000, uptime=35828, filtered_accel=[0.03512, 0.03124, -1.03064], gyro=[-3.22, 1.54, 2.94]
[13:46:06.280] RX[COM9]  01
[13:46:06.283] RX[COM9]  67 00 00 00 8c ee 00 03 87 00 03 0d ff 9b 7e ff d2 00 17 00 29 0a
[13:46:06.301] PACKET[COM9] sensors: status=0b0110011100000000, uptime=36078, filtered_accel=[0.03612, 0.03124, -1.0292], gyro=[-3.22, 1.61, 2.87]
[13:46:06.517] RX[COM9]  01
[13:46:06.518] RX[COM9]  6e 00 00 00 8d e8 00 03 56 00 03 0d ff 9a bb ff d1 00 14 00 2a 0a
[13:46:06.543] PACKET[COM9] sensors: status=0b0110111000000000, uptime=36328, filtered_accel=[0.03416, 0.03124, -1.037], gyro=[-3.29, 1.4, 2.94]
[13:46:06.634] RX[COM9]  02
[13:46:06.636] RX[COM9]  6e 00 00 00 8e 7e 00 00 00 00 00 00 00 00 00 00 00 00 00 00 00 00 00 00 00 00 00 00 00 00 00 00 00 00 00 00 00 00 00 00 00 00 00 00 00 00 00 00 00 00 00 00 00 00 00 00 43 7b f5 96 14 14 0a
[13:46:06.668] PACKET[COM9] state: status=0b0110111000000000, uptime=36478, orientation=[0.0, 0.0, 0.0, 0.0], position=[0.0, 0.0, 0.0], velocity=[0.0, 0.0, 0.0], latitude=0.0, longitude=0.0, gps_altitude=0.0, barometric_altitude=251.95932, witness_battery_voltage=5.14
[13:46:06.726] RX[COM9]  ff
[13:46:06.728] RX[COM9]  66 00 00 00 8d 20 0a
[13:46:06.735] PACKET[COM9] heartbeat: status=0b0110011000000000, uptime=36128
[13:46:06.791] RX[COM9]  01
[13:46:06.792] RX[COM9]  6e 00 00 00 8f 01 00 03 6e 00 03 19 ff 9b 8a ff fe 00 02 ff fb 0a
[13:46:06.800] PACKET[COM9] sensors: status=0b0110111000000000, uptime=36609, filtered_accel=[0.03512, 0.03172, -1.02872], gyro=[-0.14, 0.14, -0.35]
[13:46:07.009] RX[COM9]  01
[13:46:07.011] RX[COM9]  6e 00 00 00 8f e6 00 03 62 00 02 f4 ff 9b 97 ff d3 00 16 00 29 0a
[13:46:07.020] PACKET[COM9] sensors: status=0b0110111000000000, uptime=36838, filtered_accel=[0.03464, 0.03024, -1.0282], gyro=[-3.15, 1.54, 2.87]
[13:46:07.286] RX[COM9]  01
[13:46:07.287] RX[COM9]  66 00 00 00 90 e0 00 03 87 00 03 25 ff 9b 5a ff d1 00 17 00 29 0a
[13:46:07.295] PACKET[COM9] sensors: status=0b0110011000000000, uptime=37088, filtered_accel=[0.03612, 0.0322, -1.03064], gyro=[-3.29, 1.61, 2.87]
[13:46:07.538] RX[COM9]  01
[13:46:07.554] RX[COM9]  6f 00 00 00 91 da 00 03 87 00 03 19 ff 9b 7e ff d2 00 17 00 2a 0a
[13:46:07.577] PACKET[COM9] sensors: status=0b0110111100000000, uptime=37338, filtered_accel=[0.03612, 0.03172, -1.0292], gyro=[-3.22, 1.61, 2.94]
[13:46:07.687] RX[COM9]  02
[13:46:07.688] RX[COM9]  6f 00 00 00 92 71 00 00 00 00 00 00 00 00 00 00 00 00 00 00 00 00 00 00 00 00 00 00 00 00 00 00 00 00 00 00 00 00 00 00 00 00 00 00 00 00 00 00 00 00 00 00 00 00 00 00 43 7b 31 6c 14 10 0a
[13:46:07.695] PACKET[COM9] state: status=0b0110111100000000, uptime=37489, orientation=[0.0, 0.0, 0.0, 0.0], position=[0.0, 0.0, 0.0], velocity=[0.0, 0.0, 0.0], latitude=0.0, longitude=0.0, gps_altitude=0.0, barometric_altitude=251.193054, witness_battery_voltage=5.136
[13:46:07.695] RX[COM9]  ff
[13:46:07.696] RX[COM9]  6f 00 00 00 91 08 0a
[13:46:07.705] PACKET[COM9] heartbeat: status=0b0110111100000000, uptime=37128
[13:46:07.816] RX[COM9]  01
[13:46:07.822] RX[COM9]  6f 00 00 00 92 f2 00 03 6e 00 03 0d ff 9b 72 ff fd 00 01 ff fa 0a
[13:46:07.852] PACKET[COM9] sensors: status=0b0110111100000000, uptime=37618, filtered_accel=[0.03512, 0.03124, -1.02968], gyro=[-0.21, 0.07, -0.42]
[13:46:08.044] RX[COM9]  01
[13:46:08.045] RX[COM9]  6f 00 00 00 93 d8 00 03 7b 00 03 0d ff 9b 4d ff d2 00 16 00 2a 0a
[13:46:08.053] PACKET[COM9] sensors: status=0b0110111100000000, uptime=37848, filtered_accel=[0.03564, 0.03124, -1.03116], gyro=[-3.22, 1.54, 2.94]
[13:46:08.265] RX[COM9]  01
[13:46:08.274] RX[COM9]  67 00 00 00 94 d2 00 03 7b 00 03 19 ff 9b 5a ff d1 00 17 00 2a 0a
[13:46:08.289] PACKET[COM9] sensors: status=0b0110011100000000, uptime=38098, filtered_accel=[0.03564, 0.03172, -1.03064], gyro=[-3.29, 1.61, 2.94]
[13:46:08.562] RX[COM9]  01
[13:46:08.563] RX[COM9]  6e 00 00 00 95 cc 00 03 87 00 03 01 ff 9b 66 ff d2 00 17 00 2a 0a
[13:46:08.570] PACKET[COM9] sensors: status=0b0110111000000000, uptime=38348, filtered_accel=[0.03612, 0.03076, -1.03016], gyro=[-3.22, 1.61, 2.94]
[13:46:08.686] RX[COM9]  02
[13:46:08.693] RX[COM9]  6e 00 00 00 96 62 00 00 00 00 00 00 00 00 00 00 00 00 00 00 00 00 00 00 00 00 00 00 00 00 00 00 00 00 00 00 00 00 00 00 00 00 00 00 00 00 00 00 00 00 00 00 00 00 00 00 43 7b b3 f9 14 0c 0a
[13:46:08.708] PACKET[COM9] state: status=0b0110111000000000, uptime=38498, orientation=[0.0, 0.0, 0.0, 0.0], position=[0.0, 0.0, 0.0], velocity=[0.0, 0.0, 0.0], latitude=0.0, longitude=0.0, gps_altitude=0.0, barometric_altitude=251.703018, witness_battery_voltage=5.132
[13:46:08.713] RX[COM9]  ff
[13:46:08.718] RX[COM9]  66 00 00 00 94 f0 0a
[13:46:08.746] PACKET[COM9] heartbeat: status=0b0110011000000000, uptime=38128
[13:46:08.799] RX[COM9]  01
[13:46:08.800] RX[COM9]  6e 00 00 00 96 e4 00 03 62 00 02 f4 ff 9b 66 ff fd 00 02 ff fb 0a
[13:46:08.831] PACKET[COM9] sensors: status=0b0110111000000000, uptime=38628, filtered_accel=[0.03464, 0.03024, -1.03016], gyro=[-0.21, 0.14, -0.35]
[13:46:09.144] RX[COM9]  01
[13:46:09.148] RX[COM9]  6e 00 00 00 97 ca 00 03 6e 00 03 0d ff 9b 5a ff d2 00 16 00 2a 0a
[13:46:09.180] PACKET[COM9] sensors: status=0b0110111000000000, uptime=38858, filtered_accel=[0.03512, 0.03124, -1.03064], gyro=[-3.22, 1.54, 2.94]
[13:46:09.341] RX[COM9]  01
[13:46:09.345] RX[COM9]  66 00 00 00 98 c4 00 03 7b 00 03 19 ff 9b 66 ff d1 00 16 00 2a 0a
[13:46:09.364] PACKET[COM9] sensors: status=0b0110011000000000, uptime=39108, filtered_accel=[0.03564, 0.03172, -1.03016], gyro=[-3.29, 1.54, 2.94]
[13:46:09.537] RX[COM9]  01
[13:46:09.547] RX[COM9]  67 00 00 00 99 be 00 03 93 00 03 0d ff 9b 66 ff d1 00 17 00 2a 0a
[13:46:09.558] PACKET[COM9] sensors: status=0b0110011100000000, uptime=39358, filtered_accel=[0.0366, 0.03124, -1.03016], gyro=[-3.29, 1.61, 2.94]
[13:46:09.665] RX[COM9]  02
[13:46:09.676] RX[COM9]  6f 00 00 00 9a 54 00 00 00 00 00 00 00 00 00 00 00 00 00 00 00 00 00 00 00 00 00 00 00 00 00 00 00 00 00 00 00 00 00 00 00 00 00 00 00 00 00 00 00 00 00 00 00 00 00 00 43 7b 9e 53 14 14 0a
[13:46:09.696] PACKET[COM9] state: status=0b0110111100000000, uptime=39508, orientation=[0.0, 0.0, 0.0, 0.0], position=[0.0, 0.0, 0.0], velocity=[0.0, 0.0, 0.0], latitude=0.0, longitude=0.0, gps_altitude=0.0, barometric_altitude=251.618454, witness_battery_voltage=5.14
[13:46:09.754] RX[COM9]  ff
[13:46:09.756] RX[COM9]  6f 00 00 00 98 d8 0a
[13:46:09.762] PACKET[COM9] heartbeat: status=0b0110111100000000, uptime=39128
[13:46:09.818] RX[COM9]  01
[13:46:09.821] RX[COM9]  6f 00 00 00 9a d6 00 03 7b 00 03 19 ff 9b 72 ff fd 00 01 ff fb 0a
[13:46:09.835] PACKET[COM9] sensors: status=0b0110111100000000, uptime=39638, filtered_accel=[0.03564, 0.03172, -1.02968], gyro=[-0.21, 0.07, -0.35]
[13:46:10.053] RX[COM9]  01
[13:46:10.055] RX[COM9]  6f 00 00 00 9b bc 00 03 7b 00 03 19 ff 9b 10 ff d1 00 14 00 2a 0a
[13:46:10.068] PACKET[COM9] sensors: status=0b0110111100000000, uptime=39868, filtered_accel=[0.03564, 0.03172, -1.0336], gyro=[-3.29, 1.4, 2.94]
[13:46:10.328] RX[COM9]  01
[13:46:10.330] RX[COM9]  6f 00 00 00 9c b7 00 03 7b 00 03 01 ff 9b 4d ff d1 00 16 00 29 0a
[13:46:10.339] PACKET[COM9] sensors: status=0b0110111100000000, uptime=40119, filtered_accel=[0.03564, 0.03076, -1.03116], gyro=[-3.29, 1.54, 2.87]
[13:46:10.555] RX[COM9]  01
[13:46:10.557] RX[COM9]  66 00 00 00 9d b0 00 03 7b 00 03 19 ff 9b 66 ff d1 00 17 00 2a 0a
[13:46:10.578] PACKET[COM9] sensors: status=0b0110011000000000, uptime=40368, filtered_accel=[0.03564, 0.03172, -1.03016], gyro=[-3.29, 1.61, 2.94]
[13:46:10.848] RX[COM9]  02
[13:46:10.856] RX[COM9]  6e 00 00 00 9e 46 00 00 00 00 00 00 00 00 00 00 00 00 00 00 00 00 00 00 00 00 00 00 00 00 00 00 00 00 00 00 00 00 00 00 00 00 00 00 00 00 00 00 00 00 00 00 00 00 00 00 43 7c 21 8d 14 00 0a
[13:46:10.928] PACKET[COM9] state: status=0b0110111000000000, uptime=40518, orientation=[0.0, 0.0, 0.0, 0.0], position=[0.0, 0.0, 0.0], velocity=[0.0, 0.0, 0.0], latitude=0.0, longitude=0.0, gps_altitude=0.0, barometric_altitude=252.131058, witness_battery_voltage=5.12
[13:46:10.941] RX[COM9]  ff
[13:46:10.955] RX[COM9]  66 00 00 00 9c c0 0a
[13:46:10.990] PACKET[COM9] heartbeat: status=0b0110011000000000, uptime=40128
[13:46:11.001] RX[COM9]  01
[13:46:11.012] RX[COM9]  6e 00 00 00 9e c8 00 03 7b 00 03 0d ff 9b 8a ff fd 00 01 ff fb 0a
[13:46:11.065] PACKET[COM9] sensors: status=0b0110111000000000, uptime=40648, filtered_accel=[0.03564, 0.03124, -1.02872], gyro=[-0.21, 0.07, -0.35]
[13:46:11.072] RX[COM9]  01
[13:46:11.085] RX[COM9]  6e 00 00 00 9f ae 00 03 87 00 03 01 ff 9b 5a ff d2 00 16 00 29 0a
[13:46:11.133] PACKET[COM9] sensors: status=0b0110111000000000, uptime=40878, filtered_accel=[0.03612, 0.03076, -1.03064], gyro=[-3.22, 1.54, 2.87]
[13:46:11.312] RX[COM9]  01
[13:46:11.321] RX[COM9]  6e 00 00 00 a0 a8 00 03 6e 00 03 19 ff 9b 7e ff d1 00 17 00 2a 0a
[13:46:11.350] PACKET[COM9] sensors: status=0b0110111000000000, uptime=41128, filtered_accel=[0.03512, 0.03172, -1.0292], gyro=[-3.29, 1.61, 2.94]
[13:46:11.728] RX[COM9]  01
[13:46:11.743] RX[COM9]  67 00 00 00 a1 a2 00 03 62 00 03 0d ff 9b 5a ff d2 00 17 00 2a 0a
[13:46:11.794] PACKET[COM9] sensors: status=0b0110011100000000, uptime=41378, filtered_accel=[0.03464, 0.03124, -1.03064], gyro=[-3.22, 1.61, 2.94]
[13:46:11.794] RX[COM9]  02
[13:46:11.799] RX[COM9]  6f 00 00 00 a2 38 00 00 00 00 00 00 00 00 00 00 00 00 00 00 00 00 00 00 00 00 00 00 00 00 00 00 00 00 00 00 00 00 00 00 00 00 00 00 00 00 00 00 00 00 00 00 00 00 00 00 43 7b 72 5c 14 18 0a
[13:46:11.812] PACKET[COM9] state: status=0b0110111100000000, uptime=41528, orientation=[0.0, 0.0, 0.0, 0.0], position=[0.0, 0.0, 0.0], velocity=[0.0, 0.0, 0.0], latitude=0.0, longitude=0.0, gps_altitude=0.0, barometric_altitude=251.446716, witness_battery_voltage=5.144
[13:46:11.814] RX[COM9]  ff
[13:46:11.819] RX[COM9]  6f 00 00 00 a0 a8 0a
[13:46:11.830] PACKET[COM9] heartbeat: status=0b0110111100000000, uptime=41128
[13:46:11.836] RX[COM9]  01
[13:46:11.843] RX[COM9]  6f 00 00 00 a2 ba 00 03 6e 00 03 0d ff 9b 66 ff fe 00 01 ff fb 0a
[13:46:11.866] PACKET[COM9] sensors: status=0b0110111100000000, uptime=41658, filtered_accel=[0.03512, 0.03124, -1.03016], gyro=[-0.14, 0.07, -0.35]
[13:46:12.076] RX[COM9]  01
[13:46:12.080] RX[COM9]  67 00 00 00 a3 a0 00 03 7b 00 03 0d ff 9b 5a ff d2 00 16 00 2a 0a
[13:46:12.102] PACKET[COM9] sensors: status=0b0110011100000000, uptime=41888, filtered_accel=[0.03564, 0.03124, -1.03064], gyro=[-3.22, 1.54, 2.94]
[13:46:12.347] RX[COM9]  01
[13:46:12.353] RX[COM9]  6e 00 00 00 a4 9a 00 03 87 00 03 0d ff 9b 5a ff d1 00 17 00 29 0a
[13:46:12.362] PACKET[COM9] sensors: status=0b0110111000000000, uptime=42138, filtered_accel=[0.03612, 0.03124, -1.03064], gyro=[-3.29, 1.61, 2.87]
[13:46:12.589] RX[COM9]  01
[13:46:12.593] RX[COM9]  66 00 00 00 a5 94 00 03 7b 00 03 0d ff 9b 5a ff d1 00 16 00 2a 0a
[13:46:12.602] PACKET[COM9] sensors: status=0b0110011000000000, uptime=42388, filtered_accel=[0.03564, 0.03124, -1.03064], gyro=[-3.29, 1.54, 2.94]
[13:46:12.710] RX[COM9]  02
[13:46:12.710] RX[COM9]  6e 00 00 00 a6 2a 00 00 00 00 00 00 00 00 00 00 00 00 00 00 00 00 00 00 00 00 00 00 00 00 00 00 00 00 00 00 00 00 00 00 00 00 00 00 00 00 00 00 00 00 00 00 00 00 00 00 43 7c 21 8d 14 04 0a
[13:46:12.717] PACKET[COM9] state: status=0b0110111000000000, uptime=42538, orientation=[0.0, 0.0, 0.0, 0.0], position=[0.0, 0.0, 0.0], velocity=[0.0, 0.0, 0.0], latitude=0.0, longitude=0.0, gps_altitude=0.0, barometric_altitude=252.131058, witness_battery_voltage=5.124
[13:46:12.780] RX[COM9]  ff
[13:46:12.789] RX[COM9]  66 00 00 00 a4 90 0a
[13:46:12.798] PACKET[COM9] heartbeat: status=0b0110011000000000, uptime=42128
[13:46:12.854] RX[COM9]  01
[13:46:12.864] RX[COM9]  6e 00 00 00 a6 ac 00 03 87 00 03 0d ff 9b 8a ff fe 00 01 ff fb 0a
[13:46:12.874] PACKET[COM9] sensors: status=0b0110111000000000, uptime=42668, filtered_accel=[0.03612, 0.03124, -1.02872], gyro=[-0.14, 0.07, -0.35]
[13:46:13.103] RX[COM9]  01
[13:46:13.106] RX[COM9]  66 00 00 00 a7 92 00 03 87 00 03 0d ff 9b 5a ff d2 00 16 00 2a 0a
[13:46:13.115] PACKET[COM9] sensors: status=0b0110011000000000, uptime=42898, filtered_accel=[0.03612, 0.03124, -1.03064], gyro=[-3.22, 1.54, 2.94]
[13:46:13.344] RX[COM9]  01
[13:46:13.344] RX[COM9]  6f 00 00 00 a8 8c 00 03 6e 00 03 0d ff 9b 4d ff d3 00 16 00 2a 0a
[13:46:13.352] PACKET[COM9] sensors: status=0b0110111100000000, uptime=43148, filtered_accel=[0.03512, 0.03124, -1.03116], gyro=[-3.15, 1.54, 2.94]
[13:46:13.565] RX[COM9]  01
[13:46:13.566] RX[COM9]  6f 00 00 00 a9 86 00 03 87 00 03 0d ff 9b 5a ff d1 00 17 00 2a 0a
[13:46:13.575] PACKET[COM9] sensors: status=0b0110111100000000, uptime=43398, filtered_accel=[0.03612, 0.03124, -1.03064], gyro=[-3.29, 1.61, 2.94]
[13:46:13.750] RX[COM9]  02
[13:46:13.760] RX[COM9]  6f 00 00 00 aa 1c 00 00 00 00 00 00 00 00 00 00 00 00 00 00 00 00 00 00 00 00 00 00 00 00 00 00 00 00 00 00 00 00 00 00 00 00 00 00 00 00 00 00 00 00 00 00 00 00 00 00 43 7b 5c b6 14 0c 0a
[13:46:13.799] PACKET[COM9] state: status=0b0110111100000000, uptime=43548, orientation=[0.0, 0.0, 0.0, 0.0], position=[0.0, 0.0, 0.0], velocity=[0.0, 0.0, 0.0], latitude=0.0, longitude=0.0, gps_altitude=0.0, barometric_altitude=251.362152, witness_battery_voltage=5.132
[13:46:13.802] RX[COM9]  ff
[13:46:13.804] RX[COM9]  6f 00 00 00 a8 78 0a
[13:46:13.825] PACKET[COM9] heartbeat: status=0b0110111100000000, uptime=43128
[13:46:13.838] RX[COM9]  01
[13:46:13.846] RX[COM9]  6f 00 00 00 aa 9e 00 03 6e 00 03 0d ff 9b a3 ff fd 00 01 ff fb 0a
[13:46:13.887] PACKET[COM9] sensors: status=0b0110111100000000, uptime=43678, filtered_accel=[0.03512, 0.03124, -1.02772], gyro=[-0.21, 0.07, -0.35]
[13:46:14.274] RX[COM9]  01
[13:46:14.274] RX[COM9]  67 00 00 00 ab 84 00 03 87 00 03 19 ff 9b 4d ff d2 00 17 00 2a 0a
[13:46:14.287] PACKET[COM9] sensors: status=0b0110011100000000, uptime=43908, filtered_accel=[0.03612, 0.03172, -1.03116], gyro=[-3.22, 1.61, 2.94]
[13:46:14.340] RX[COM9]  01
[13:46:14.342] RX[COM9]  6e 00 00 00 ac 7e 00 03 87 00 03 19 ff 9b 4d ff d2 00 17 00 29 0a
[13:46:14.352] PACKET[COM9] sensors: status=0b0110111000000000, uptime=44158, filtered_accel=[0.03612, 0.03172, -1.03116], gyro=[-3.22, 1.61, 2.87]
[13:46:14.629] RX[COM9]  01
[13:46:14.631] RX[COM9]  6e 00 00 00 ad 78 00 03 7b 00 03 0d ff 9b 41 ff d1 00 17 00 29 0a
[13:46:14.649] PACKET[COM9] sensors: status=0b0110111000000000, uptime=44408, filtered_accel=[0.03564, 0.03124, -1.03164], gyro=[-3.29, 1.61, 2.87]
[13:46:14.715] RX[COM9]  02
[13:46:14.720] RX[COM9]  6e 00 00 00 ae 0e 00 00 00 00 00 00 00 00 00 00 00 00 00 00 00 00 00 00 00 00 00 00 00 00 00 00 00 00 00 00 00 00 00 00 00 00 00 00 00 00 00 00 00 00 00 00 00 00 00 00 43 7c 21 8d 14 0c 0a
[13:46:14.728] PACKET[COM9] state: status=0b0110111000000000, uptime=44558, orientation=[0.0, 0.0, 0.0, 0.0], position=[0.0, 0.0, 0.0], velocity=[0.0, 0.0, 0.0], latitude=0.0, longitude=0.0, gps_altitude=0.0, barometric_altitude=252.131058, witness_battery_voltage=5.132
[13:46:14.790] RX[COM9]  ff
[13:46:14.791] RX[COM9]  66 00 00 00 ac 61 0a
[13:46:14.803] PACKET[COM9] heartbeat: status=0b0110011000000000, uptime=44129
[13:46:14.855] RX[COM9]  01
[13:46:14.864] RX[COM9]  6e 00 00 00 ae 90 00 03 87 00 03 0d ff 9b 8a ff fe 00 02 ff fb 0a
[13:46:14.882] PACKET[COM9] sensors: status=0b0110111000000000, uptime=44688, filtered_accel=[0.03612, 0.03124, -1.02872], gyro=[-0.14, 0.14, -0.35]
[13:46:15.134] RX[COM9]  01
[13:46:15.136] RX[COM9]  66 00 00 00 af 77 00 03 87 00 03 25 ff 9b 72 ff d2 00 17 00 29 0a
[13:46:15.149] PACKET[COM9] sensors: status=0b0110011000000000, uptime=44919, filtered_accel=[0.03612, 0.0322, -1.02968], gyro=[-3.22, 1.61, 2.87]
[13:46:15.363] RX[COM9]  01
[13:46:15.373] RX[COM9]  67 00 00 00 b0 70 00 03 7b 00 03 25 ff 9b 4d ff d2 00 16 00 2a 0a
[13:46:15.427] PACKET[COM9] sensors: status=0b0110011100000000, uptime=45168, filtered_accel=[0.03564, 0.0322, -1.03116], gyro=[-3.22, 1.54, 2.94]
[13:46:16.050] RX[COM9]  01
[13:46:16.059] RX[COM9]  6f 00 00 00 b1 6b 00 03 7b 00 03 0d ff 9b 41 ff d2 00 16 00 2a 0a
[13:46:16.114] PACKET[COM9] sensors: status=0b0110111100000000, uptime=45419, filtered_accel=[0.03564, 0.03124, -1.03164], gyro=[-3.22, 1.54, 2.94]
[13:46:16.120] RX[COM9]  02
[13:46:16.128] RX[COM9]  6f 00 00 00 b2 00 00 00 00 00 00 00 00 00 00 00 00 00 00 00 00 00 00 00 00 00 00 00 00 00 00 00 00 00 00 00 00 00 00 00 00 00 00 00 00 00 00 00 00 00 00 00 00 00 00 00 43 7b 9e 53 14 04 0a
[13:46:16.233] PACKET[COM9] state: status=0b0110111100000000, uptime=45568, orientation=[0.0, 0.0, 0.0, 0.0], position=[0.0, 0.0, 0.0], velocity=[0.0, 0.0, 0.0], latitude=0.0, longitude=0.0, gps_altitude=0.0, barometric_altitude=251.618454, witness_battery_voltage=5.124
[13:46:16.246] RX[COM9]  ff
[13:46:16.259] RX[COM9]  6f 00 00 00 b0 48 0a
[13:46:16.350] PACKET[COM9] heartbeat: status=0b0110111100000000, uptime=45128
[13:46:16.360] RX[COM9]  01
[13:46:16.370] RX[COM9]  6f 00 00 00 b2 82 00 03 87 00 03 19 ff 9b 72 ff fd 00 01 ff fb 0a
[13:46:16.450] PACKET[COM9] sensors: status=0b0110111100000000, uptime=45698, filtered_accel=[0.03612, 0.03172, -1.02968], gyro=[-0.21, 0.07, -0.35]
[13:46:16.460] RX[COM9]  01
[13:46:16.470] RX[COM9]  6f 00 00 00 b3 68 00 03 7b 00 03 0d ff 9b 4d ff d2 00 17 00 2a 0a
[13:46:16.535] PACKET[COM9] sensors: status=0b0110111100000000, uptime=45928, filtered_accel=[0.03564, 0.03124, -1.03116], gyro=[-3.22, 1.61, 2.94]
[13:46:16.551] RX[COM9]  01
[13:46:16.568] RX[COM9]  66 00 00 00 b4 62 00 03 9f 00 03 0d ff 9b 4d ff d2 00 16 00 29 0a
[13:46:16.626] PACKET[COM9] sensors: status=0b0110011000000000, uptime=46178, filtered_accel=[0.03708, 0.03124, -1.03116], gyro=[-3.22, 1.54, 2.87]
[13:46:16.633] RX[COM9]  01
[13:46:16.645] RX[COM9]  6e 00 00 00 b5 5c 00 03 87 00 03 19 ff 9b 4d ff d1 00 16 00 2b 0a
[13:46:16.693] PACKET[COM9] sensors: status=0b0110111000000000, uptime=46428, filtered_accel=[0.03612, 0.03172, -1.03116], gyro=[-3.29, 1.54, 3.01]
[13:46:17.192] RX[COM9]  02
[13:46:17.194] RX[COM9]  6e 00 00 00 b5 f2 00 00 00 00 00 00 00 00 00 00 00 00 00 00 00 00 00 00 00 00 00 00 00 00 00 00 00 00 00 00 00 00 00 00 00 00 00 00 00 00 00 00 00 00 00 00 00 00 00 00 43 7c 37 32 13 fc 0a
[13:46:17.215] PACKET[COM9] state: status=0b0110111000000000, uptime=46578, orientation=[0.0, 0.0, 0.0, 0.0], position=[0.0, 0.0, 0.0], velocity=[0.0, 0.0, 0.0], latitude=0.0, longitude=0.0, gps_altitude=0.0, barometric_altitude=252.215607, witness_battery_voltage=5.116
[13:46:17.226] RX[COM9]  ff
[13:46:17.238] RX[COM9]  66 00 00 00 b4 30 0a
[13:46:17.295] PACKET[COM9] heartbeat: status=0b0110011000000000, uptime=46128
[13:46:17.312] RX[COM9]  01
[13:46:17.332] RX[COM9]  6e 00 00 00 b6 75 00 03 62 00 03 19 ff 9b a3 ff fe 00 01 ff fb 0a
[13:46:17.365] PACKET[COM9] sensors: status=0b0110111000000000, uptime=46709, filtered_accel=[0.03464, 0.03172, -1.02772], gyro=[-0.14, 0.07, -0.35]
[13:46:17.368] RX[COM9]  01
[13:46:17.369] RX[COM9]  6e 00 00 00 b7 5a 00 03 93 00 03 0d ff 9b 72 ff d2 00 17 00 2a 0a
[13:46:17.387] PACKET[COM9] sensors: status=0b0110111000000000, uptime=46938, filtered_accel=[0.0366, 0.03124, -1.02968], gyro=[-3.22, 1.61, 2.94]
[13:46:17.389] RX[COM9]  01
[13:46:17.393] RX[COM9]  67 00 00 00 b8 54 00 03 7b 00 03 19 ff 9b 4d ff d2 00 16 00 29 0a
[13:46:17.412] PACKET[COM9] sensors: status=0b0110011100000000, uptime=47188, filtered_accel=[0.03564, 0.03172, -1.03116], gyro=[-3.22, 1.54, 2.87]
[13:46:17.805] RX[COM9]  01
[13:46:17.806] RX[COM9]  6f 00 00 00 b9 4e 00 03 62 00 03 19 ff 9b 8a ff d2 00 18 00 2a 0a
[13:46:17.820] PACKET[COM9] sensors: status=0b0110111100000000, uptime=47438, filtered_accel=[0.03464, 0.03172, -1.02872], gyro=[-3.22, 1.68, 2.94]
[13:46:17.822] RX[COM9]  02
[13:46:17.824] RX[COM9]  6f 00 00 00 b9 e5 00 00 00 00 00 00 00 00 00 00 00 00 00 00 00 00 00 00 00 00 00 00 00 00 00 00 00 00 00 00 00 00 00 00 00 00 00 00 00 00 00 00 00 00 00 00 00 00 00 00 43 7b df f0 14 18 0a
[13:46:17.845] PACKET[COM9] state: status=0b0110111100000000, uptime=47589, orientation=[0.0, 0.0, 0.0, 0.0], position=[0.0, 0.0, 0.0], velocity=[0.0, 0.0, 0.0], latitude=0.0, longitude=0.0, gps_altitude=0.0, barometric_altitude=251.874756, witness_battery_voltage=5.144
[13:46:17.853] RX[COM9]  ff
[13:46:17.861] RX[COM9]  6f 00 00 00 b8 18 0a
[13:46:17.877] PACKET[COM9] heartbeat: status=0b0110111100000000, uptime=47128
[13:46:17.892] RX[COM9]  01
[13:46:17.909] RX[COM9]  6f 00 00 00 ba 66 00 03 7b 00 03 01 ff 9b 66 ff fd 00 01 ff fb 0a
[13:46:17.952] PACKET[COM9] sensors: status=0b0110111100000000, uptime=47718, filtered_accel=[0.03564, 0.03076, -1.03016], gyro=[-0.21, 0.07, -0.35]
[13:46:18.179] RX[COM9]  01
[13:46:18.181] RX[COM9]  6f 00 00 00 bb 4c 00 03 87 00 02 f4 ff 9b 4d ff d2 00 16 00 29 0a
[13:46:18.197] PACKET[COM9] sensors: status=0b0110111100000000, uptime=47948, filtered_accel=[0.03612, 0.03024, -1.03116], gyro=[-3.22, 1.54, 2.87]
[13:46:18.373] RX[COM9]  01
[13:46:18.379] RX[COM9]  66 00 00 00 bc 46 00 03 87 00 03 0d ff 9b 35 ff d2 00 17 00 2a 0a
[13:46:18.421] PACKET[COM9] sensors: status=0b0110011000000000, uptime=48198, filtered_accel=[0.03612, 0.03124, -1.03212], gyro=[-3.22, 1.61, 2.94]
[13:46:18.660] RX[COM9]  01
[13:46:18.670] RX[COM9]  6e 00 00 00 bd 40 00 03 6e 00 03 01 ff 9b 5a ff d2 00 16 00 2a 0a
[13:46:18.723] PACKET[COM9] sensors: status=0b0110111000000000, uptime=48448, filtered_accel=[0.03512, 0.03076, -1.03064], gyro=[-3.22, 1.54, 2.94]
[13:46:18.840] RX[COM9]  02
[13:46:18.843] RX[COM9]  6e 00 00 00 bd d6 00 00 00 00 00 00 00 00 00 00 00 00 00 00 00 00 00 00 00 00 00 00 00 00 00 00 00 00 00 00 00 00 00 00 00 00 00 00 00 00 00 00 00 00 00 00 00 00 00 00 43 7c 0b 3b 14 04 0a
[13:46:18.892] PACKET[COM9] state: status=0b0110111000000000, uptime=48598, orientation=[0.0, 0.0, 0.0, 0.0], position=[0.0, 0.0, 0.0], velocity=[0.0, 0.0, 0.0], latitude=0.0, longitude=0.0, gps_altitude=0.0, barometric_altitude=252.043869, witness_battery_voltage=5.124
[13:46:18.898] RX[COM9]  ff
[13:46:18.907] RX[COM9]  66 00 00 00 bc 00 0a
[13:46:18.937] PACKET[COM9] heartbeat: status=0b0110011000000000, uptime=48128
[13:46:18.949] RX[COM9]  01
[13:46:18.960] RX[COM9]  6e 00 00 00 be 58 00 03 7b 00 03 0d ff 9b 7e ff fe 00 01 ff fb 0a
[13:46:19.013] PACKET[COM9] sensors: status=0b0110111000000000, uptime=48728, filtered_accel=[0.03564, 0.03124, -1.0292], gyro=[-0.14, 0.07, -0.35]
[13:46:19.155] RX[COM9]  01
[13:46:19.161] RX[COM9]  6e 00 00 00 bf 3e 00 03 62 00 03 0d ff 9b 5a ff d1 00 17 00 2a 0a
[13:46:19.173] PACKET[COM9] sensors: status=0b0110111000000000, uptime=48958, filtered_accel=[0.03464, 0.03124, -1.03064], gyro=[-3.29, 1.61, 2.94]
[13:46:19.393] RX[COM9]  01
[13:46:19.395] RX[COM9]  6f 00 00 00 c0 38 00 03 7b 00 03 19 ff 9b 66 ff d2 00 16 00 2a 0a
[13:46:19.404] PACKET[COM9] sensors: status=0b0110111100000000, uptime=49208, filtered_accel=[0.03564, 0.03172, -1.03016], gyro=[-3.22, 1.54, 2.94]
[13:46:19.636] RX[COM9]  01
[13:46:19.637] RX[COM9]  67 00 00 00 c1 32 00 03 7b 00 03 19 ff 9b 66 ff d1 00 16 00 2a 0a
[13:46:19.645] PACKET[COM9] sensors: status=0b0110011100000000, uptime=49458, filtered_accel=[0.03564, 0.03172, -1.03016], gyro=[-3.29, 1.54, 2.94]
[13:46:19.766] RX[COM9]  02
[13:46:19.768] RX[COM9]  6f 00 00 00 c1 c8 00 00 00 00 00 00 00 00 00 00 00 00 00 00 00 00 00 00 00 00 00 00 00 00 00 00 00 00 00 00 00 00 00 00 00 00 00 00 00 00 00 00 00 00 00 00 00 00 00 00 43 7b 88 ae 14 0c 0a
[13:46:19.773] PACKET[COM9] state: status=0b0110111100000000, uptime=49608, orientation=[0.0, 0.0, 0.0, 0.0], position=[0.0, 0.0, 0.0], velocity=[0.0, 0.0, 0.0], latitude=0.0, longitude=0.0, gps_altitude=0.0, barometric_altitude=251.533905, witness_battery_voltage=5.132
[13:46:19.836] RX[COM9]  ff
[13:46:19.839] RX[COM9]  6f 00 00 00 bf e8 0a
[13:46:19.870] PACKET[COM9] heartbeat: status=0b0110111100000000, uptime=49128
[13:46:19.926] RX[COM9]  01
[13:46:19.928] RX[COM9]  6f 00 00 00 c2 4a 00 03 7b 00 03 0d ff 9b 5a ff fe 00 01 ff fb 0a
[13:46:19.940] PACKET[COM9] sensors: status=0b0110111100000000, uptime=49738, filtered_accel=[0.03564, 0.03124, -1.03064], gyro=[-0.14, 0.07, -0.35]
[13:46:20.167] RX[COM9]  01
[13:46:20.169] RX[COM9]  6f 00 00 00 c3 30 00 03 7b 00 03 19 ff 9b 4d ff d2 00 17 00 2a 0a
[13:46:20.175] PACKET[COM9] sensors: status=0b0110111100000000, uptime=49968, filtered_accel=[0.03564, 0.03172, -1.03116], gyro=[-3.22, 1.61, 2.94]
[13:46:20.403] RX[COM9]  01
[13:46:20.416] RX[COM9]  6e 00 00 00 c4 2b 00 03 7b 00 03 19 ff 9b 4d ff d2 00 16 00 29 0a
[13:46:20.431] PACKET[COM9] sensors: status=0b0110111000000000, uptime=50219, filtered_accel=[0.03564, 0.03172, -1.03116], gyro=[-3.22, 1.54, 2.87]
[13:46:20.682] RX[COM9]  01
[13:46:20.694] RX[COM9]  66 00 00 00 c5 24 00 03 6e 00 03 19 ff 9b 5a ff d2 00 16 00 2a 0a
[13:46:20.723] PACKET[COM9] sensors: status=0b0110011000000000, uptime=50468, filtered_accel=[0.03512, 0.03172, -1.03064], gyro=[-3.22, 1.54, 2.94]
[13:46:20.775] RX[COM9]  02
[13:46:20.780] RX[COM9]  6e 00 00 00 c5 ba 00 00 00 00 00 00 00 00 00 00 00 00 00 00 00 00 00 00 00 00 00 00 00 00 00 00 00 00 00 00 00 00 00 00 00 00 00 00 00 00 00 00 00 00 00 00 00 00 00 00 43 7b f5 96 14 0c 0a
[13:46:20.788] PACKET[COM9] state: status=0b0110111000000000, uptime=50618, orientation=[0.0, 0.0, 0.0, 0.0], position=[0.0, 0.0, 0.0], velocity=[0.0, 0.0, 0.0], latitude=0.0, longitude=0.0, gps_altitude=0.0, barometric_altitude=251.95932, witness_battery_voltage=5.132
[13:46:20.855] RX[COM9]  ff
[13:46:20.857] RX[COM9]  66 00 00 00 c3 d0 0a
[13:46:20.877] PACKET[COM9] heartbeat: status=0b0110011000000000, uptime=50128
[13:46:20.933] RX[COM9]  01
[13:46:20.937] RX[COM9]  6e 00 00 00 c6 3c 00 03 7b 00 03 0d ff 9b 8a ff fd 00 01 ff fa 0a
[13:46:20.963] PACKET[COM9] sensors: status=0b0110111000000000, uptime=50748, filtered_accel=[0.03564, 0.03124, -1.02872], gyro=[-0.21, 0.07, -0.42]
[13:46:21.152] RX[COM9]  01
[13:46:21.154] RX[COM9]  66 00 00 00 c7 22 00 03 6e 00 03 01 ff 9b 4d ff d2 00 16 00 2a 0a
[13:46:21.169] PACKET[COM9] sensors: status=0b0110011000000000, uptime=50978, filtered_accel=[0.03512, 0.03076, -1.03116], gyro=[-3.22, 1.54, 2.94]
[13:46:21.412] RX[COM9]  01
[13:46:21.423] RX[COM9]  6f 00 00 00 c8 1c 00 03 93 00 03 19 ff 9b 66 ff d2 00 17 00 2a 0a
[13:46:21.464] PACKET[COM9] sensors: status=0b0110111100000000, uptime=51228, filtered_accel=[0.0366, 0.03172, -1.03016], gyro=[-3.22, 1.61, 2.94]
[13:46:21.653] RX[COM9]  01
[13:46:21.660] RX[COM9]  67 00 00 00 c9 16 00 03 7b 00 03 19 ff 9b 5a ff d2 00 16 00 29 0a
[13:46:21.689] PACKET[COM9] sensors: status=0b0110011100000000, uptime=51478, filtered_accel=[0.03564, 0.03172, -1.03064], gyro=[-3.22, 1.54, 2.87]
[13:46:21.835] RX[COM9]  02
[13:46:21.837] RX[COM9]  6f 00 00 00 c9 ac 00 00 00 00 00 00 00 00 00 00 00 00 00 00 00 00 00 00 00 00 00 00 00 00 00 00 00 00 00 00 00 00 00 00 00 00 00 00 00 00 00 00 00 00 00 00 00 00 00 00 43 7b 72 5c 14 1c 0a
[13:46:21.852] PACKET[COM9] state: status=0b0110111100000000, uptime=51628, orientation=[0.0, 0.0, 0.0, 0.0], position=[0.0, 0.0, 0.0], velocity=[0.0, 0.0, 0.0], latitude=0.0, longitude=0.0, gps_altitude=0.0, barometric_altitude=251.446716, witness_battery_voltage=5.148
[13:46:21.858] RX[COM9]  ff
[13:46:21.869] RX[COM9]  6f 00 00 00 c7 b9 0a
[13:46:21.903] PACKET[COM9] heartbeat: status=0b0110111100000000, uptime=51129
[13:46:21.905] RX[COM9]  01
[13:46:21.906] RX[COM9]  6f 00 00 00 ca 2e 00 03 6e 00 03 0d ff 9b 97 ff fd 00 01 ff fa 0a
[13:46:21.915] PACKET[COM9] sensors: status=0b0110111100000000, uptime=51758, filtered_accel=[0.03512, 0.03124, -1.0282], gyro=[-0.21, 0.07, -0.42]
[13:46:22.190] RX[COM9]  01
[13:46:22.192] RX[COM9]  67 00 00 00 cb 14 00 03 7b 00 03 0d ff 9b 41 ff d2 00 17 00 2a 0a
[13:46:22.200] PACKET[COM9] sensors: status=0b0110011100000000, uptime=51988, filtered_accel=[0.03564, 0.03124, -1.03164], gyro=[-3.22, 1.61, 2.94]
[13:46:22.421] RX[COM9]  01
[13:46:22.432] RX[COM9]  6e 00 00 00 cc 0e 00 03 62 00 03 0d ff 9b 5a ff d2 00 15 00 2a 0a
[13:46:22.471] PACKET[COM9] sensors: status=0b0110111000000000, uptime=52238, filtered_accel=[0.03464, 0.03124, -1.03064], gyro=[-3.22, 1.47, 2.94]
[13:46:22.973] RX[COM9]  01
[13:46:22.974] RX[COM9]  66 00 00 00 cd 08 00 03 87 00 03 0d ff 9b 72 ff d1 00 17 00 2a 0a
[13:46:22.998] PACKET[COM9] sensors: status=0b0110011000000000, uptime=52488, filtered_accel=[0.03612, 0.03124, -1.02968], gyro=[-3.29, 1.61, 2.94]
[13:46:23.001] RX[COM9]  02
[13:46:23.002] RX[COM9]  6e 00 00 00 cd 9e 00 00 00 00 00 00 00 00 00 00 00 00 00 00 00 00 00 00 00 00 00 00 00 00 00 00 00 00 00 00 00 00 00 00 00 00 00 00 00 00 00 00 00 00 00 00 00 00 00 00 43 7c 21 8d 14 0c 0a
[13:46:23.033] PACKET[COM9] state: status=0b0110111000000000, uptime=52638, orientation=[0.0, 0.0, 0.0, 0.0], position=[0.0, 0.0, 0.0], velocity=[0.0, 0.0, 0.0], latitude=0.0, longitude=0.0, gps_altitude=0.0, barometric_altitude=252.131058, witness_battery_voltage=5.132
[13:46:23.038] RX[COM9]  ff
[13:46:23.048] RX[COM9]  66 00 00 00 cb a0 0a
[13:46:23.073] PACKET[COM9] heartbeat: status=0b0110011000000000, uptime=52128
[13:46:23.083] RX[COM9]  01
[13:46:23.089] RX[COM9]  6e 00 00 00 ce 20 00 03 6e 00 03 19 ff 9b 35 ff fc ff ff ff fa 0a
[13:46:23.112] PACKET[COM9] sensors: status=0b0110111000000000, uptime=52768, filtered_accel=[0.03512, 0.03172, -1.03212], gyro=[-0.28, -0.07, -0.42]
[13:46:23.390] RX[COM9]  01
[13:46:23.392] RX[COM9]  66 00 00 00 cf 06 00 03 7b 00 03 01 ff 9b 5a ff d2 00 17 00 2a 0a
[13:46:23.398] PACKET[COM9] sensors: status=0b0110011000000000, uptime=52998, filtered_accel=[0.03564, 0.03076, -1.03064], gyro=[-3.22, 1.61, 2.94]
[13:46:23.456] RX[COM9]  01
[13:46:23.458] RX[COM9]  6f 00 00 00 d0 00 00 03 93 00 03 0d ff 9b 5a ff d1 00 16 00 2a 0a
[13:46:23.465] PACKET[COM9] sensors: status=0b0110111100000000, uptime=53248, filtered_accel=[0.0366, 0.03124, -1.03064], gyro=[-3.29, 1.54, 2.94]
[13:46:23.691] RX[COM9]  01
[13:46:23.692] RX[COM9]  6f 00 00 00 d0 fa 00 03 62 00 03 01 ff 9b 66 ff cf 00 13 00 29 0a
[13:46:23.700] PACKET[COM9] sensors: status=0b0110111100000000, uptime=53498, filtered_accel=[0.03464, 0.03076, -1.03016], gyro=[-3.43, 1.33, 2.87]
[13:46:24.068] RX[COM9]  45
[13:46:24.085] BAD_PACKET[COM9] unknown packet ID 0x45; discarded 1 byte(s)
[13:46:24.098] RX[COM9]  20 28 33 30 37 39 36 39 29 20 61 70 65 72 74 75 72 65 3a 20 52 65 63 65 69 76 65 20 66 61 69 6c 65 64 3a 20 45 53 50 5f 45 52 52 5f 49 4e 56 41 4c 49 44 5f 43 52 43 20 28 30 78 31 30 39 29 0d 0a
[13:46:24.111] BAD_PACKET[COM9] unknown packet ID 0x20; discarded 1 byte(s)
[13:46:24.123] BAD_PACKET[COM9] unknown packet ID 0x28; discarded 1 byte(s)
[13:46:24.138] BAD_PACKET[COM9] unknown packet ID 0x33; discarded 1 byte(s)
[13:46:24.146] BAD_PACKET[COM9] unknown packet ID 0x30; discarded 1 byte(s)
[13:46:24.153] BAD_PACKET[COM9] unknown packet ID 0x37; discarded 1 byte(s)
[13:46:24.162] BAD_PACKET[COM9] unknown packet ID 0x39; discarded 1 byte(s)
[13:46:24.168] BAD_PACKET[COM9] unknown packet ID 0x36; discarded 1 byte(s)
[13:46:24.171] BAD_PACKET[COM9] unknown packet ID 0x39; discarded 1 byte(s)
[13:46:24.173] BAD_PACKET[COM9] unknown packet ID 0x29; discarded 1 byte(s)
[13:46:24.175] BAD_PACKET[COM9] unknown packet ID 0x20; discarded 1 byte(s)
[13:46:24.176] BAD_PACKET[COM9] unknown packet ID 0x61; discarded 1 byte(s)
[13:46:24.177] BAD_PACKET[COM9] unknown packet ID 0x70; discarded 1 byte(s)
[13:46:24.177] BAD_PACKET[COM9] unknown packet ID 0x65; discarded 1 byte(s)
[13:46:24.178] BAD_PACKET[COM9] unknown packet ID 0x72; discarded 1 byte(s)
[13:46:24.178] BAD_PACKET[COM9] unknown packet ID 0x74; discarded 1 byte(s)
[13:46:24.179] BAD_PACKET[COM9] unknown packet ID 0x75; discarded 1 byte(s)
[13:46:24.180] BAD_PACKET[COM9] unknown packet ID 0x72; discarded 1 byte(s)
[13:46:24.181] BAD_PACKET[COM9] unknown packet ID 0x65; discarded 1 byte(s)
[13:46:24.181] BAD_PACKET[COM9] unknown packet ID 0x3a; discarded 1 byte(s)
[13:46:24.182] BAD_PACKET[COM9] unknown packet ID 0x20; discarded 1 byte(s)
[13:46:24.183] BAD_PACKET[COM9] unknown packet ID 0x52; discarded 1 byte(s)
[13:46:24.183] BAD_PACKET[COM9] unknown packet ID 0x65; discarded 1 byte(s)
[13:46:24.185] BAD_PACKET[COM9] unknown packet ID 0x63; discarded 1 byte(s)
[13:46:24.187] BAD_PACKET[COM9] unknown packet ID 0x65; discarded 1 byte(s)
[13:46:24.187] BAD_PACKET[COM9] unknown packet ID 0x69; discarded 1 byte(s)
[13:46:24.189] BAD_PACKET[COM9] unknown packet ID 0x76; discarded 1 byte(s)
[13:46:24.191] BAD_PACKET[COM9] unknown packet ID 0x65; discarded 1 byte(s)
[13:46:24.192] BAD_PACKET[COM9] unknown packet ID 0x20; discarded 1 byte(s)
[13:46:24.193] BAD_PACKET[COM9] unknown packet ID 0x66; discarded 1 byte(s)
[13:46:24.194] BAD_PACKET[COM9] unknown packet ID 0x61; discarded 1 byte(s)
[13:46:24.195] BAD_PACKET[COM9] unknown packet ID 0x69; discarded 1 byte(s)
[13:46:24.195] BAD_PACKET[COM9] unknown packet ID 0x6c; discarded 1 byte(s)
[13:46:24.196] BAD_PACKET[COM9] unknown packet ID 0x65; discarded 1 byte(s)
[13:46:24.196] BAD_PACKET[COM9] unknown packet ID 0x64; discarded 1 byte(s)
[13:46:24.197] BAD_PACKET[COM9] unknown packet ID 0x3a; discarded 1 byte(s)
[13:46:24.198] BAD_PACKET[COM9] unknown packet ID 0x20; discarded 1 byte(s)
[13:46:24.201] BAD_PACKET[COM9] unknown packet ID 0x45; discarded 1 byte(s)
[13:46:24.201] BAD_PACKET[COM9] unknown packet ID 0x53; discarded 1 byte(s)
[13:46:24.203] BAD_PACKET[COM9] unknown packet ID 0x50; discarded 1 byte(s)
[13:46:24.203] BAD_PACKET[COM9] unknown packet ID 0x5f; discarded 1 byte(s)
[13:46:24.204] BAD_PACKET[COM9] unknown packet ID 0x45; discarded 1 byte(s)
[13:46:24.204] BAD_PACKET[COM9] unknown packet ID 0x52; discarded 1 byte(s)
[13:46:24.204] BAD_PACKET[COM9] unknown packet ID 0x52; discarded 1 byte(s)
[13:46:24.205] BAD_PACKET[COM9] unknown packet ID 0x5f; discarded 1 byte(s)
[13:46:24.206] BAD_PACKET[COM9] unknown packet ID 0x49; discarded 1 byte(s)
[13:46:24.207] BAD_PACKET[COM9] unknown packet ID 0x4e; discarded 1 byte(s)
[13:46:24.207] BAD_PACKET[COM9] unknown packet ID 0x56; discarded 1 byte(s)
[13:46:24.208] BAD_PACKET[COM9] unknown packet ID 0x41; discarded 1 byte(s)
[13:46:24.208] BAD_PACKET[COM9] unknown packet ID 0x4c; discarded 1 byte(s)
[13:46:24.209] BAD_PACKET[COM9] unknown packet ID 0x49; discarded 1 byte(s)
[13:46:24.211] BAD_PACKET[COM9] unknown packet ID 0x44; discarded 1 byte(s)
[13:46:24.211] BAD_PACKET[COM9] unknown packet ID 0x5f; discarded 1 byte(s)
[13:46:24.212] BAD_PACKET[COM9] unknown packet ID 0x43; discarded 1 byte(s)
[13:46:24.212] BAD_PACKET[COM9] unknown packet ID 0x52; discarded 1 byte(s)
[13:46:24.213] BAD_PACKET[COM9] unknown packet ID 0x43; discarded 1 byte(s)
[13:46:24.214] BAD_PACKET[COM9] unknown packet ID 0x20; discarded 1 byte(s)
[13:46:24.215] BAD_PACKET[COM9] unknown packet ID 0x28; discarded 1 byte(s)
[13:46:24.218] BAD_PACKET[COM9] unknown packet ID 0x30; discarded 1 byte(s)
[13:46:24.219] BAD_PACKET[COM9] unknown packet ID 0x78; discarded 1 byte(s)
[13:46:24.219] BAD_PACKET[COM9] unknown packet ID 0x31; discarded 1 byte(s)
[13:46:24.220] BAD_PACKET[COM9] unknown packet ID 0x30; discarded 1 byte(s)
[13:46:24.220] BAD_PACKET[COM9] unknown packet ID 0x39; discarded 1 byte(s)
[13:46:24.221] BAD_PACKET[COM9] unknown packet ID 0x29; discarded 1 byte(s)
[13:46:24.221] BAD_PACKET[COM9] unknown packet ID 0x0d; discarded 1 byte(s)
[13:46:24.222] BAD_PACKET[COM9] unknown packet ID 0x0a; discarded 1 byte(s)
