[00:43:01.414] RX[TCP_prs2026hitl_7100]  3c 00 00 00 00 00 00 00 00 00 00 00 00 00 00 00 00 00 00 00 00 00 00 00 00 00 00 00 00 00 00 00 00 00 00 00 00 00 00 00 00 00 00 00 00 00 00 00 00 00 00 43 68 00 a0 14 00 0a 02 6f 00 00 00 20
[00:43:01.415] BAD_PACKET[TCP_prs2026hitl_7100] unknown packet ID 0x3c; discarded 1 byte(s)
[00:43:01.415] BAD_PACKET[TCP_prs2026hitl_7100] unknown packet ID 0x00; discarded 1 byte(s)
[00:43:01.416] BAD_PACKET[TCP_prs2026hitl_7100] unknown packet ID 0x00; discarded 1 byte(s)
[00:43:01.416] BAD_PACKET[TCP_prs2026hitl_7100] unknown packet ID 0x00; discarded 1 byte(s)
[00:43:01.416] BAD_PACKET[TCP_prs2026hitl_7100] unknown packet ID 0x00; discarded 1 byte(s)
[00:43:01.417] BAD_PACKET[TCP_prs2026hitl_7100] unknown packet ID 0x00; discarded 1 byte(s)
[00:43:01.417] BAD_PACKET[TCP_prs2026hitl_7100] unknown packet ID 0x00; discarded 1 byte(s)
[00:43:01.417] BAD_PACKET[TCP_prs2026hitl_7100] unknown packet ID 0x00; discarded 1 byte(s)
[00:43:01.418] BAD_PACKET[TCP_prs2026hitl_7100] unknown packet ID 0x00; discarded 1 byte(s)
[00:43:01.418] BAD_PACKET[TCP_prs2026hitl_7100] unknown packet ID 0x00; discarded 1 byte(s)
[00:43:01.418] BAD_PACKET[TCP_prs2026hitl_7100] unknown packet ID 0x00; discarded 1 byte(s)
[00:43:01.418] BAD_PACKET[TCP_prs2026hitl_7100] unknown packet ID 0x00; discarded 1 byte(s)
[00:43:01.419] BAD_PACKET[TCP_prs2026hitl_7100] unknown packet ID 0x00; discarded 1 byte(s)
[00:43:01.419] BAD_PACKET[TCP_prs2026hitl_7100] unknown packet ID 0x00; discarded 1 byte(s)
[00:43:01.419] BAD_PACKET[TCP_prs2026hitl_7100] unknown packet ID 0x00; discarded 1 byte(s)
[00:43:01.420] BAD_PACKET[TCP_prs2026hitl_7100] unknown packet ID 0x00; discarded 1 byte(s)
[00:43:01.420] BAD_PACKET[TCP_prs2026hitl_7100] unknown packet ID 0x00; discarded 1 byte(s)
[00:43:01.422] BAD_PACKET[TCP_prs2026hitl_7100] unknown packet ID 0x00; discarded 1 byte(s)
[00:43:01.422] BAD_PACKET[TCP_prs2026hitl_7100] unknown packet ID 0x00; discarded 1 byte(s)
[00:43:01.422] BAD_PACKET[TCP_prs2026hitl_7100] unknown packet ID 0x00; discarded 1 byte(s)
[00:43:01.423] BAD_PACKET[TCP_prs2026hitl_7100] unknown packet ID 0x00; discarded 1 byte(s)
[00:43:01.423] BAD_PACKET[TCP_prs2026hitl_7100] unknown packet ID 0x00; discarded 1 byte(s)
[00:43:01.423] BAD_PACKET[TCP_prs2026hitl_7100] unknown packet ID 0x00; discarded 1 byte(s)
[00:43:01.424] BAD_PACKET[TCP_prs2026hitl_7100] unknown packet ID 0x00; discarded 1 byte(s)
[00:43:01.424] BAD_PACKET[TCP_prs2026hitl_7100] unknown packet ID 0x00; discarded 1 byte(s)
[00:43:01.424] BAD_PACKET[TCP_prs2026hitl_7100] unknown packet ID 0x00; discarded 1 byte(s)
[00:43:01.425] BAD_PACKET[TCP_prs2026hitl_7100] unknown packet ID 0x00; discarded 1 byte(s)
[00:43:01.425] BAD_PACKET[TCP_prs2026hitl_7100] unknown packet ID 0x00; discarded 1 byte(s)
[00:43:01.425] BAD_PACKET[TCP_prs2026hitl_7100] unknown packet ID 0x00; discarded 1 byte(s)
[00:43:01.425] BAD_PACKET[TCP_prs2026hitl_7100] unknown packet ID 0x00; discarded 1 byte(s)
[00:43:01.426] BAD_PACKET[TCP_prs2026hitl_7100] unknown packet ID 0x00; discarded 1 byte(s)
[00:43:01.426] BAD_PACKET[TCP_prs2026hitl_7100] unknown packet ID 0x00; discarded 1 byte(s)
[00:43:01.426] BAD_PACKET[TCP_prs2026hitl_7100] unknown packet ID 0x00; discarded 1 byte(s)
[00:43:01.427] BAD_PACKET[TCP_prs2026hitl_7100] unknown packet ID 0x00; discarded 1 byte(s)
[00:43:01.427] BAD_PACKET[TCP_prs2026hitl_7100] unknown packet ID 0x00; discarded 1 byte(s)
[00:43:01.427] BAD_PACKET[TCP_prs2026hitl_7100] unknown packet ID 0x00; discarded 1 byte(s)
[00:43:01.428] BAD_PACKET[TCP_prs2026hitl_7100] unknown packet ID 0x00; discarded 1 byte(s)
[00:43:01.428] BAD_PACKET[TCP_prs2026hitl_7100] unknown packet ID 0x00; discarded 1 byte(s)
[00:43:01.428] BAD_PACKET[TCP_prs2026hitl_7100] unknown packet ID 0x00; discarded 1 byte(s)
[00:43:01.429] BAD_PACKET[TCP_prs2026hitl_7100] unknown packet ID 0x00; discarded 1 byte(s)
[00:43:01.429] BAD_PACKET[TCP_prs2026hitl_7100] unknown packet ID 0x00; discarded 1 byte(s)
[00:43:01.430] BAD_PACKET[TCP_prs2026hitl_7100] unknown packet ID 0x00; discarded 1 byte(s)
[00:43:01.430] BAD_PACKET[TCP_prs2026hitl_7100] unknown packet ID 0x00; discarded 1 byte(s)
[00:43:01.430] BAD_PACKET[TCP_prs2026hitl_7100] unknown packet ID 0x00; discarded 1 byte(s)
[00:43:01.431] BAD_PACKET[TCP_prs2026hitl_7100] unknown packet ID 0x00; discarded 1 byte(s)
[00:43:01.431] BAD_PACKET[TCP_prs2026hitl_7100] unknown packet ID 0x00; discarded 1 byte(s)
[00:43:01.431] BAD_PACKET[TCP_prs2026hitl_7100] unknown packet ID 0x00; discarded 1 byte(s)
[00:43:01.432] BAD_PACKET[TCP_prs2026hitl_7100] unknown packet ID 0x00; discarded 1 byte(s)
[00:43:01.432] BAD_PACKET[TCP_prs2026hitl_7100] unknown packet ID 0x00; discarded 1 byte(s)
[00:43:01.432] BAD_PACKET[TCP_prs2026hitl_7100] unknown packet ID 0x00; discarded 1 byte(s)
[00:43:01.433] BAD_PACKET[TCP_prs2026hitl_7100] unknown packet ID 0x00; discarded 1 byte(s)
[00:43:01.433] BAD_PACKET[TCP_prs2026hitl_7100] unknown packet ID 0x43; discarded 1 byte(s)
[00:43:01.433] BAD_PACKET[TCP_prs2026hitl_7100] unknown packet ID 0x68; discarded 1 byte(s)
[00:43:01.434] BAD_PACKET[TCP_prs2026hitl_7100] unknown packet ID 0x00; discarded 1 byte(s)
[00:43:01.434] BAD_PACKET[TCP_prs2026hitl_7100] unknown packet ID 0xa0; discarded 1 byte(s)
[00:43:01.434] BAD_PACKET[TCP_prs2026hitl_7100] unknown packet ID 0x14; discarded 1 byte(s)
[00:43:01.434] BAD_PACKET[TCP_prs2026hitl_7100] unknown packet ID 0x00; discarded 1 byte(s)
[00:43:01.435] BAD_PACKET[TCP_prs2026hitl_7100] unknown packet ID 0x0a; discarded 1 byte(s)
[00:43:01.435] RX[TCP_prs2026hitl_7101]  44 65 76 69 63 65 20 6f 70 65 6e 20 66 61 69 6c 75 72 65 3a 20 56 61 6c 75 65 20 6f 72 20 66 69 6c 65 20 6e 6f 74 20 66 6f 75 6e 64 0d 0a
[00:43:01.435] BAD_PACKET[TCP_prs2026hitl_7101] unknown packet ID 0x44; discarded 1 byte(s)
[00:43:01.436] BAD_PACKET[TCP_prs2026hitl_7101] unknown packet ID 0x65; discarded 1 byte(s)
[00:43:01.436] BAD_PACKET[TCP_prs2026hitl_7101] unknown packet ID 0x76; discarded 1 byte(s)
[00:43:01.436] BAD_PACKET[TCP_prs2026hitl_7101] unknown packet ID 0x69; discarded 1 byte(s)
[00:43:01.437] BAD_PACKET[TCP_prs2026hitl_7101] unknown packet ID 0x63; discarded 1 byte(s)
[00:43:01.437] BAD_PACKET[TCP_prs2026hitl_7101] unknown packet ID 0x65; discarded 1 byte(s)
[00:43:01.437] BAD_PACKET[TCP_prs2026hitl_7101] unknown packet ID 0x20; discarded 1 byte(s)
[00:43:01.438] BAD_PACKET[TCP_prs2026hitl_7101] unknown packet ID 0x6f; discarded 1 byte(s)
[00:43:01.438] BAD_PACKET[TCP_prs2026hitl_7101] unknown packet ID 0x70; discarded 1 byte(s)
[00:43:01.439] BAD_PACKET[TCP_prs2026hitl_7101] unknown packet ID 0x65; discarded 1 byte(s)
[00:43:01.439] BAD_PACKET[TCP_prs2026hitl_7101] unknown packet ID 0x6e; discarded 1 byte(s)
[00:43:01.439] BAD_PACKET[TCP_prs2026hitl_7101] unknown packet ID 0x20; discarded 1 byte(s)
[00:43:01.440] BAD_PACKET[TCP_prs2026hitl_7101] unknown packet ID 0x66; discarded 1 byte(s)
[00:43:01.440] BAD_PACKET[TCP_prs2026hitl_7101] unknown packet ID 0x61; discarded 1 byte(s)
[00:43:01.440] BAD_PACKET[TCP_prs2026hitl_7101] unknown packet ID 0x69; discarded 1 byte(s)
[00:43:01.440] BAD_PACKET[TCP_prs2026hitl_7101] unknown packet ID 0x6c; discarded 1 byte(s)
[00:43:01.441] BAD_PACKET[TCP_prs2026hitl_7101] unknown packet ID 0x75; discarded 1 byte(s)
[00:43:01.441] BAD_PACKET[TCP_prs2026hitl_7101] unknown packet ID 0x72; discarded 1 byte(s)
[00:43:01.441] BAD_PACKET[TCP_prs2026hitl_7101] unknown packet ID 0x65; discarded 1 byte(s)
[00:43:01.442] BAD_PACKET[TCP_prs2026hitl_7101] unknown packet ID 0x3a; discarded 1 byte(s)
[00:43:01.442] BAD_PACKET[TCP_prs2026hitl_7101] unknown packet ID 0x20; discarded 1 byte(s)
[00:43:01.442] BAD_PACKET[TCP_prs2026hitl_7101] unknown packet ID 0x56; discarded 1 byte(s)
[00:43:01.443] BAD_PACKET[TCP_prs2026hitl_7101] unknown packet ID 0x61; discarded 1 byte(s)
[00:43:01.443] BAD_PACKET[TCP_prs2026hitl_7101] unknown packet ID 0x6c; discarded 1 byte(s)
[00:43:01.443] BAD_PACKET[TCP_prs2026hitl_7101] unknown packet ID 0x75; discarded 1 byte(s)
[00:43:01.443] BAD_PACKET[TCP_prs2026hitl_7101] unknown packet ID 0x65; discarded 1 byte(s)
[00:43:01.444] BAD_PACKET[TCP_prs2026hitl_7101] unknown packet ID 0x20; discarded 1 byte(s)
[00:43:01.444] BAD_PACKET[TCP_prs2026hitl_7101] unknown packet ID 0x6f; discarded 1 byte(s)
[00:43:01.444] BAD_PACKET[TCP_prs2026hitl_7101] unknown packet ID 0x72; discarded 1 byte(s)
[00:43:01.445] BAD_PACKET[TCP_prs2026hitl_7101] unknown packet ID 0x20; discarded 1 byte(s)
[00:43:01.445] BAD_PACKET[TCP_prs2026hitl_7101] unknown packet ID 0x66; discarded 1 byte(s)
[00:43:01.446] BAD_PACKET[TCP_prs2026hitl_7101] unknown packet ID 0x69; discarded 1 byte(s)
[00:43:01.446] BAD_PACKET[TCP_prs2026hitl_7101] unknown packet ID 0x6c; discarded 1 byte(s)
[00:43:01.447] BAD_PACKET[TCP_prs2026hitl_7101] unknown packet ID 0x65; discarded 1 byte(s)
[00:43:01.447] BAD_PACKET[TCP_prs2026hitl_7101] unknown packet ID 0x20; discarded 1 byte(s)
[00:43:01.447] BAD_PACKET[TCP_prs2026hitl_7101] unknown packet ID 0x6e; discarded 1 byte(s)
[00:43:01.448] BAD_PACKET[TCP_prs2026hitl_7101] unknown packet ID 0x6f; discarded 1 byte(s)
[00:43:01.448] BAD_PACKET[TCP_prs2026hitl_7101] unknown packet ID 0x74; discarded 1 byte(s)
[00:43:01.448] BAD_PACKET[TCP_prs2026hitl_7101] unknown packet ID 0x20; discarded 1 byte(s)
[00:43:01.448] BAD_PACKET[TCP_prs2026hitl_7101] unknown packet ID 0x66; discarded 1 byte(s)
[00:43:01.449] BAD_PACKET[TCP_prs2026hitl_7101] unknown packet ID 0x6f; discarded 1 byte(s)
[00:43:01.449] BAD_PACKET[TCP_prs2026hitl_7101] unknown packet ID 0x75; discarded 1 byte(s)
[00:43:01.449] BAD_PACKET[TCP_prs2026hitl_7101] unknown packet ID 0x6e; discarded 1 byte(s)
[00:43:01.450] BAD_PACKET[TCP_prs2026hitl_7101] unknown packet ID 0x64; discarded 1 byte(s)
[00:43:01.450] BAD_PACKET[TCP_prs2026hitl_7101] unknown packet ID 0x0d; discarded 1 byte(s)
[00:43:01.450] BAD_PACKET[TCP_prs2026hitl_7101] unknown packet ID 0x0a; discarded 1 byte(s)
[00:43:01.451] ERROR[TCP_prs2026hitl_7101] TCP server closed the connection
[00:43:01.451] RX[TCP_prs2026hitl_7100]  24 00 00 00 00 00 00 00 00 00 00 00 00 00 00 00 00 00 00 00 00 00 00 00 00 00 00 00 00 00 00 00 00 00 00 00 00 00 00 00 00 00 00 00 00 00 00 00 00 00 00 43 68 30 98 f0 0a
[00:43:01.451] RX[COM10]  01
[00:43:01.452] RX[COM10]  67 00 00 00 3e 56 00 01 6e 00 03 7b ff 9c 04 ff d4 00 16 00 28 0a
[00:43:01.452] PACKET[COM10] sensors: status=26368, uptime=15958, filtered_accel=[0.01464, 0.03564, -1.02384], gyro=[-3.08, 1.54, 2.8]
[00:43:01.561] RX[COM10]  01
[00:43:01.563] RX[COM10]  6f 00 00 00 3e ba 00 01 49 00 03 93 ff 9b f8 ff d4 00 15 00 28 0a
[00:43:01.564] PACKET[COM10] sensors: status=28416, uptime=16058, filtered_accel=[0.01316, 0.0366, -1.02432], gyro=[-3.08, 1.47, 2.8]
[00:43:01.627] RX[COM10]  01
[00:43:01.629] RX[COM10]  6f 00 00 00 3f 1e 00 01 56 00 03 9f ff 9b e0 ff d4 00 15 00 28 0a 03 00 00 00 00 00 00 00 00 00 18 d7 95 00 00 00 14 40 0a
[00:43:01.630] PACKET[COM10] sensors: status=28416, uptime=16158, filtered_accel=[0.01368, 0.03708, -1.02528], gyro=[-3.08, 1.47, 2.8]
[00:43:01.631] PACKET[COM10] camera: fc_status=0, fc_uptime=0, status=0, uptime=1628053, current_sense=[0.0, 0.0, 0.0], iris_battery_voltage=5.184
[00:43:01.746] RX[COM10]  02
[00:43:01.747] RX[COM10]  6f 00 00 00 3f 64 00 00 00 00 00 00 00 00 00 00 00 00 00 00 00 00 00 00 00 00 00 00 00 00 00 00 00 00 00 00 00 00 00 00 00 00 00 00 00 00 00 00 00 00 00 00 00 00 00 00 43 68 71 88 13 e0 0a ff 6e 00 00 00 3f 64 0a
[00:43:01.747] PACKET[COM10] state: status=28416, uptime=16228, orientation=[0.0, 0.0, 0.0, 0.0], position=[0.0, 0.0, 0.0], velocity=[0.0, 0.0, 0.0], latitude=0.0, longitude=0.0, gps_altitude=0.0, barometric_altitude=232.443481, witness_battery_voltage=5.088
[00:43:01.748] PACKET[COM10] heartbeat: status=28160, uptime=16228
[00:43:01.859] RX[COM10]  01
[00:43:01.860] RX[COM10]  6e 00 00 00 3f e6 00 01 62 00 03 ab ff 9c 11 ff fc 00 01 ff fc 0a
[00:43:01.861] PACKET[COM10] sensors: status=28160, uptime=16358, filtered_accel=[0.01416, 0.03756, -1.02332], gyro=[-0.28, 0.07, -0.28]
[00:43:01.861] RX[TCP_prs2026hitl_7100]  02 6f 00 00 00 3f 64 00 00 00 00 00 00 00 00 00 00 00 00 00 00 00 00 00 00 00 00 00 00 00 00 00 00 00 00 00 00 00 00 00 00 00 00 00 00 00 00 00 00 00 00 00 00 00 00 00 00 43 68 71 88 13 e0 0a
[00:43:01.861] BAD_PACKET[TCP_prs2026hitl_7100] bad EOF for 0x02: expected 0x0a, got 0x02; resync=discard 1 byte
[00:43:01.862] BAD_PACKET[TCP_prs2026hitl_7100] unknown packet ID 0x00; discarded 1 byte(s)
[00:43:01.862] BAD_PACKET[TCP_prs2026hitl_7100] unknown packet ID 0x00; discarded 1 byte(s)
[00:43:01.862] BAD_PACKET[TCP_prs2026hitl_7100] unknown packet ID 0x00; discarded 1 byte(s)
[00:43:01.864] BAD_PACKET[TCP_prs2026hitl_7100] unknown packet ID 0x3f; discarded 1 byte(s)
[00:43:01.865] BAD_PACKET[TCP_prs2026hitl_7100] unknown packet ID 0x64; discarded 1 byte(s)
[00:43:01.865] BAD_PACKET[TCP_prs2026hitl_7100] unknown packet ID 0x00; discarded 1 byte(s)
[00:43:01.865] BAD_PACKET[TCP_prs2026hitl_7100] unknown packet ID 0x00; discarded 1 byte(s)
[00:43:01.865] BAD_PACKET[TCP_prs2026hitl_7100] unknown packet ID 0x00; discarded 1 byte(s)
[00:43:01.866] BAD_PACKET[TCP_prs2026hitl_7100] unknown packet ID 0x00; discarded 1 byte(s)
[00:43:01.866] BAD_PACKET[TCP_prs2026hitl_7100] unknown packet ID 0x00; discarded 1 byte(s)
[00:43:01.866] BAD_PACKET[TCP_prs2026hitl_7100] unknown packet ID 0x00; discarded 1 byte(s)
[00:43:01.867] BAD_PACKET[TCP_prs2026hitl_7100] unknown packet ID 0x00; discarded 1 byte(s)
[00:43:01.867] BAD_PACKET[TCP_prs2026hitl_7100] unknown packet ID 0x00; discarded 1 byte(s)
[00:43:01.867] BAD_PACKET[TCP_prs2026hitl_7100] unknown packet ID 0x00; discarded 1 byte(s)
[00:43:01.868] BAD_PACKET[TCP_prs2026hitl_7100] unknown packet ID 0x00; discarded 1 byte(s)
[00:43:01.868] BAD_PACKET[TCP_prs2026hitl_7100] unknown packet ID 0x00; discarded 1 byte(s)
[00:43:01.868] BAD_PACKET[TCP_prs2026hitl_7100] unknown packet ID 0x00; discarded 1 byte(s)
[00:43:01.869] BAD_PACKET[TCP_prs2026hitl_7100] unknown packet ID 0x00; discarded 1 byte(s)
[00:43:01.869] BAD_PACKET[TCP_prs2026hitl_7100] unknown packet ID 0x00; discarded 1 byte(s)
[00:43:01.869] BAD_PACKET[TCP_prs2026hitl_7100] unknown packet ID 0x00; discarded 1 byte(s)
[00:43:01.870] BAD_PACKET[TCP_prs2026hitl_7100] unknown packet ID 0x00; discarded 1 byte(s)
[00:43:01.870] BAD_PACKET[TCP_prs2026hitl_7100] unknown packet ID 0x00; discarded 1 byte(s)
[00:43:01.870] BAD_PACKET[TCP_prs2026hitl_7100] unknown packet ID 0x00; discarded 1 byte(s)
[00:43:01.871] BAD_PACKET[TCP_prs2026hitl_7100] unknown packet ID 0x00; discarded 1 byte(s)
[00:43:01.871] BAD_PACKET[TCP_prs2026hitl_7100] unknown packet ID 0x00; discarded 1 byte(s)
[00:43:01.871] BAD_PACKET[TCP_prs2026hitl_7100] unknown packet ID 0x00; discarded 1 byte(s)
[00:43:01.872] BAD_PACKET[TCP_prs2026hitl_7100] unknown packet ID 0x00; discarded 1 byte(s)
[00:43:01.872] BAD_PACKET[TCP_prs2026hitl_7100] unknown packet ID 0x00; discarded 1 byte(s)
[00:43:01.872] BAD_PACKET[TCP_prs2026hitl_7100] unknown packet ID 0x00; discarded 1 byte(s)
[00:43:01.873] BAD_PACKET[TCP_prs2026hitl_7100] unknown packet ID 0x00; discarded 1 byte(s)
[00:43:01.873] BAD_PACKET[TCP_prs2026hitl_7100] unknown packet ID 0x00; discarded 1 byte(s)
[00:43:01.873] BAD_PACKET[TCP_prs2026hitl_7100] unknown packet ID 0x00; discarded 1 byte(s)
[00:43:01.874] BAD_PACKET[TCP_prs2026hitl_7100] unknown packet ID 0x00; discarded 1 byte(s)
[00:43:01.874] BAD_PACKET[TCP_prs2026hitl_7100] unknown packet ID 0x00; discarded 1 byte(s)
[00:43:01.874] BAD_PACKET[TCP_prs2026hitl_7100] unknown packet ID 0x00; discarded 1 byte(s)
[00:43:01.875] BAD_PACKET[TCP_prs2026hitl_7100] unknown packet ID 0x00; discarded 1 byte(s)
[00:43:01.875] BAD_PACKET[TCP_prs2026hitl_7100] unknown packet ID 0x00; discarded 1 byte(s)
[00:43:01.875] BAD_PACKET[TCP_prs2026hitl_7100] unknown packet ID 0x00; discarded 1 byte(s)
[00:43:01.875] BAD_PACKET[TCP_prs2026hitl_7100] unknown packet ID 0x00; discarded 1 byte(s)
[00:43:01.876] BAD_PACKET[TCP_prs2026hitl_7100] unknown packet ID 0x00; discarded 1 byte(s)
[00:43:01.876] BAD_PACKET[TCP_prs2026hitl_7100] unknown packet ID 0x00; discarded 1 byte(s)
[00:43:01.876] BAD_PACKET[TCP_prs2026hitl_7100] unknown packet ID 0x00; discarded 1 byte(s)
[00:43:01.878] BAD_PACKET[TCP_prs2026hitl_7100] unknown packet ID 0x00; discarded 1 byte(s)
[00:43:01.878] BAD_PACKET[TCP_prs2026hitl_7100] unknown packet ID 0x00; discarded 1 byte(s)
[00:43:01.879] BAD_PACKET[TCP_prs2026hitl_7100] unknown packet ID 0x00; discarded 1 byte(s)
[00:43:01.879] BAD_PACKET[TCP_prs2026hitl_7100] unknown packet ID 0x00; discarded 1 byte(s)
[00:43:01.879] BAD_PACKET[TCP_prs2026hitl_7100] unknown packet ID 0x00; discarded 1 byte(s)
[00:43:01.880] BAD_PACKET[TCP_prs2026hitl_7100] unknown packet ID 0x00; discarded 1 byte(s)
[00:43:01.880] BAD_PACKET[TCP_prs2026hitl_7100] unknown packet ID 0x00; discarded 1 byte(s)
[00:43:01.880] BAD_PACKET[TCP_prs2026hitl_7100] unknown packet ID 0x00; discarded 1 byte(s)
[00:43:01.880] BAD_PACKET[TCP_prs2026hitl_7100] unknown packet ID 0x00; discarded 1 byte(s)
[00:43:01.881] BAD_PACKET[TCP_prs2026hitl_7100] unknown packet ID 0x00; discarded 1 byte(s)
[00:43:01.881] BAD_PACKET[TCP_prs2026hitl_7100] unknown packet ID 0x00; discarded 1 byte(s)
[00:43:01.881] BAD_PACKET[TCP_prs2026hitl_7100] unknown packet ID 0x00; discarded 1 byte(s)
[00:43:01.882] BAD_PACKET[TCP_prs2026hitl_7100] unknown packet ID 0x00; discarded 1 byte(s)
[00:43:01.882] BAD_PACKET[TCP_prs2026hitl_7100] unknown packet ID 0x43; discarded 1 byte(s)
[00:43:01.882] BAD_PACKET[TCP_prs2026hitl_7100] unknown packet ID 0x68; discarded 1 byte(s)
[00:43:01.883] BAD_PACKET[TCP_prs2026hitl_7100] unknown packet ID 0x71; discarded 1 byte(s)
[00:43:01.883] BAD_PACKET[TCP_prs2026hitl_7100] unknown packet ID 0x88; discarded 1 byte(s)
[00:43:01.883] BAD_PACKET[TCP_prs2026hitl_7100] unknown packet ID 0x13; discarded 1 byte(s)
[00:43:01.944] RX[COM10]  01
[00:43:01.946] RX[COM10]  66 00 00 00 40 4a 00 01 56 00 03 93 ff 9b ec ff d4 00 15 00 27 0a
[00:43:01.947] PACKET[COM10] sensors: status=26112, uptime=16458, filtered_accel=[0.01368, 0.0366, -1.0248], gyro=[-3.08, 1.47, 2.73]
[00:43:02.060] RX[COM10]  01
[00:43:02.064] RX[COM10]  66 00 00 00 40 ae 00 01 62 00 03 9f ff 9b ec ff d5 00 16 00 27 0a
[00:43:02.066] PACKET[COM10] sensors: status=26112, uptime=16558, filtered_accel=[0.01416, 0.03708, -1.0248], gyro=[-3.01, 1.54, 2.73]
[00:43:02.067] RX[TCP_prs2026hitl_7100]  49 20 28 31 37 36 30 33 30 36 29 20 61 70 65 72 74 75 72 65 3a 20 53 65 6e 64 69 6e 67 20 68 65 61 72 74 62 65 61 74 20 28 38 20 62 79 74 65 73 29 0d 0a
[00:43:02.127] RX[COM10]  01
[00:43:02.129] RX[COM10]  66 00 00 00 41 12 00 01 56 00 03 93 ff 9b ec ff d4 00 15 00 27 0a
[00:43:02.130] PACKET[COM10] sensors: status=26112, uptime=16658, filtered_accel=[0.01368, 0.0366, -1.0248], gyro=[-3.08, 1.47, 2.73]
[00:43:02.130] RX[TCP_prs2026hitl_7100]  49 20 28 31 37 36 30 33 34 36 29 20 61 70 65 72 74 75 72 65 3a 20 48 65 61 72 74 62 65 61 74 20 73 65 6e 74 0d 0a
[00:43:02.236] RX[COM10]  01
[00:43:02.238] RX[COM10]  6e 00 00 00 41 76 00 01 3d 00 03 87 ff 9b e0 ff d4 00 16 00 27 0a
[00:43:02.239] PACKET[COM10] sensors: status=28160, uptime=16758, filtered_accel=[0.01268, 0.03612, -1.02528], gyro=[-3.08, 1.54, 2.73]
[00:43:02.344] RX[COM10]  01
[00:43:02.346] RX[COM10]  6e 00 00 00 41 da 00 01 62 00 03 87 ff 9b e0 ff d5 00 15 00 28 0a
[00:43:02.346] PACKET[COM10] sensors: status=28160, uptime=16858, filtered_accel=[0.01416, 0.03612, -1.02528], gyro=[-3.01, 1.47, 2.8]
[00:43:02.462] RX[COM10]  01
[00:43:02.464] RX[COM10]  6e 00 00 00 42 3e 00 01 7a 00 03 93 ff 9b ec ff d4 00 16 00 28 0a
[00:43:02.464] PACKET[COM10] sensors: status=28160, uptime=16958, filtered_accel=[0.01512, 0.0366, -1.0248], gyro=[-3.08, 1.54, 2.8]
[00:43:02.527] RX[COM10]  01
[00:43:02.530] RX[COM10]  6e 00 00 00 42 a2 00 01 6e 00 03 87 ff 9b ec ff d4 00 15 00 28 0a
[00:43:02.531] PACKET[COM10] sensors: status=28160, uptime=17058, filtered_accel=[0.01464, 0.03612, -1.0248], gyro=[-3.08, 1.47, 2.8]
[00:43:02.644] RX[COM10]  01
[00:43:02.645] RX[COM10]  66 00 00 00 43 06 00 01 62 00 03 93 ff 9b f8 ff d5 00 15 00 28 0a 03 00 00 00 00 00 00 00 00 00 18 db 7d 00 00 00 14 44 0a
[00:43:02.646] PACKET[COM10] sensors: status=26112, uptime=17158, filtered_accel=[0.01416, 0.0366, -1.02432], gyro=[-3.01, 1.47, 2.8]
[00:43:02.647] PACKET[COM10] camera: fc_status=0, fc_uptime=0, status=0, uptime=1629053, current_sense=[0.0, 0.0, 0.0], iris_battery_voltage=5.188
[00:43:02.703] RX[COM10]  02
[00:43:02.703] RX[COM10]  6e 00 00 00 43 4c 00 00 00 00 00 00 00 00 00 00 00 00 00 00 00 00 00 00 00 00 00 00 00 00 00 00 00 00 00 00 00 00 00 00 00 00 00 00 00 00 00 00 00 00 00 00 00 00 00 00 43 68 46 3d 13 f0 0a ff 6f 00 00 00 43 4c 0a
[00:43:02.704] PACKET[COM10] state: status=28160, uptime=17228, orientation=[0.0, 0.0, 0.0, 0.0], position=[0.0, 0.0, 0.0], velocity=[0.0, 0.0, 0.0], latitude=0.0, longitude=0.0, gps_altitude=0.0, barometric_altitude=232.274368, witness_battery_voltage=5.104
[00:43:02.705] PACKET[COM10] heartbeat: status=28416, uptime=17228
[00:43:02.870] RX[COM10]  01
[00:43:02.871] RX[COM10]  6f 00 00 00 43 ce 00 01 56 00 03 87 ff 9c 11 ff fd 00 02 ff fd 0a
[00:43:02.871] PACKET[COM10] sensors: status=28416, uptime=17358, filtered_accel=[0.01368, 0.03612, -1.02332], gyro=[-0.21, 0.14, -0.21]
[00:43:02.872] RX[TCP_prs2026hitl_7100]  02 6e 00 00 00 43 4c 00 00 00 00 00 00 00 00 00 00 00 00 00 00 00 00 00 00 00 00 00 00 00 00 00 00 00 00 00 00 00 00 00 00 00 00 00 00 00 00 00 00 00 00 00 00 00 00 00 00 43 68 46 3d 13 f0 0a
[00:43:02.872] BAD_PACKET[TCP_prs2026hitl_7100] bad EOF for 0xe0: expected 0x0a, got 0x00; resync=discard 1 byte
[00:43:02.872] BAD_PACKET[TCP_prs2026hitl_7100] unknown packet ID 0x00; discarded 1 byte(s)
[00:43:02.873] BAD_PACKET[TCP_prs2026hitl_7100] unknown packet ID 0x00; discarded 1 byte(s)
[00:43:02.873] BAD_PACKET[TCP_prs2026hitl_7100] unknown packet ID 0x00; discarded 1 byte(s)
[00:43:02.873] BAD_PACKET[TCP_prs2026hitl_7100] unknown packet ID 0x00; discarded 1 byte(s)
[00:43:02.874] BAD_PACKET[TCP_prs2026hitl_7100] unknown packet ID 0x00; discarded 1 byte(s)
[00:43:02.874] BAD_PACKET[TCP_prs2026hitl_7100] unknown packet ID 0x00; discarded 1 byte(s)
[00:43:02.874] BAD_PACKET[TCP_prs2026hitl_7100] unknown packet ID 0x00; discarded 1 byte(s)
[00:43:02.875] BAD_PACKET[TCP_prs2026hitl_7100] unknown packet ID 0x00; discarded 1 byte(s)
[00:43:02.875] BAD_PACKET[TCP_prs2026hitl_7100] unknown packet ID 0x00; discarded 1 byte(s)
[00:43:02.875] BAD_PACKET[TCP_prs2026hitl_7100] unknown packet ID 0x00; discarded 1 byte(s)
[00:43:02.876] BAD_PACKET[TCP_prs2026hitl_7100] unknown packet ID 0x00; discarded 1 byte(s)
[00:43:02.876] BAD_PACKET[TCP_prs2026hitl_7100] unknown packet ID 0x00; discarded 1 byte(s)
[00:43:02.876] BAD_PACKET[TCP_prs2026hitl_7100] unknown packet ID 0x00; discarded 1 byte(s)
[00:43:02.877] BAD_PACKET[TCP_prs2026hitl_7100] unknown packet ID 0x00; discarded 1 byte(s)
[00:43:02.877] BAD_PACKET[TCP_prs2026hitl_7100] unknown packet ID 0x00; discarded 1 byte(s)
[00:43:02.877] BAD_PACKET[TCP_prs2026hitl_7100] unknown packet ID 0x00; discarded 1 byte(s)
[00:43:02.877] BAD_PACKET[TCP_prs2026hitl_7100] unknown packet ID 0x00; discarded 1 byte(s)
[00:43:02.878] BAD_PACKET[TCP_prs2026hitl_7100] unknown packet ID 0x00; discarded 1 byte(s)
[00:43:02.879] BAD_PACKET[TCP_prs2026hitl_7100] unknown packet ID 0x00; discarded 1 byte(s)
[00:43:02.879] BAD_PACKET[TCP_prs2026hitl_7100] unknown packet ID 0x00; discarded 1 byte(s)
[00:43:02.880] BAD_PACKET[TCP_prs2026hitl_7100] unknown packet ID 0x00; discarded 1 byte(s)
[00:43:02.880] BAD_PACKET[TCP_prs2026hitl_7100] unknown packet ID 0x00; discarded 1 byte(s)
[00:43:02.881] BAD_PACKET[TCP_prs2026hitl_7100] unknown packet ID 0x00; discarded 1 byte(s)
[00:43:02.881] BAD_PACKET[TCP_prs2026hitl_7100] unknown packet ID 0x00; discarded 1 byte(s)
[00:43:02.881] BAD_PACKET[TCP_prs2026hitl_7100] unknown packet ID 0x00; discarded 1 byte(s)
[00:43:02.881] BAD_PACKET[TCP_prs2026hitl_7100] unknown packet ID 0x00; discarded 1 byte(s)
[00:43:02.882] BAD_PACKET[TCP_prs2026hitl_7100] unknown packet ID 0x00; discarded 1 byte(s)
[00:43:02.882] BAD_PACKET[TCP_prs2026hitl_7100] unknown packet ID 0x00; discarded 1 byte(s)
[00:43:02.882] BAD_PACKET[TCP_prs2026hitl_7100] unknown packet ID 0x00; discarded 1 byte(s)
[00:43:02.883] BAD_PACKET[TCP_prs2026hitl_7100] unknown packet ID 0x00; discarded 1 byte(s)
[00:43:02.883] BAD_PACKET[TCP_prs2026hitl_7100] unknown packet ID 0x00; discarded 1 byte(s)
[00:43:02.883] BAD_PACKET[TCP_prs2026hitl_7100] unknown packet ID 0x00; discarded 1 byte(s)
[00:43:02.884] BAD_PACKET[TCP_prs2026hitl_7100] unknown packet ID 0x00; discarded 1 byte(s)
[00:43:02.884] BAD_PACKET[TCP_prs2026hitl_7100] unknown packet ID 0x00; discarded 1 byte(s)
[00:43:02.884] BAD_PACKET[TCP_prs2026hitl_7100] unknown packet ID 0x00; discarded 1 byte(s)
[00:43:02.884] BAD_PACKET[TCP_prs2026hitl_7100] unknown packet ID 0x00; discarded 1 byte(s)
[00:43:02.885] BAD_PACKET[TCP_prs2026hitl_7100] unknown packet ID 0x00; discarded 1 byte(s)
[00:43:02.885] BAD_PACKET[TCP_prs2026hitl_7100] unknown packet ID 0x00; discarded 1 byte(s)
[00:43:02.885] BAD_PACKET[TCP_prs2026hitl_7100] unknown packet ID 0x00; discarded 1 byte(s)
[00:43:02.886] BAD_PACKET[TCP_prs2026hitl_7100] unknown packet ID 0x00; discarded 1 byte(s)
[00:43:02.886] BAD_PACKET[TCP_prs2026hitl_7100] unknown packet ID 0x00; discarded 1 byte(s)
[00:43:02.886] BAD_PACKET[TCP_prs2026hitl_7100] unknown packet ID 0x00; discarded 1 byte(s)
[00:43:02.887] BAD_PACKET[TCP_prs2026hitl_7100] unknown packet ID 0x00; discarded 1 byte(s)
[00:43:02.888] BAD_PACKET[TCP_prs2026hitl_7100] unknown packet ID 0x00; discarded 1 byte(s)
[00:43:02.888] BAD_PACKET[TCP_prs2026hitl_7100] unknown packet ID 0x43; discarded 1 byte(s)
[00:43:02.888] BAD_PACKET[TCP_prs2026hitl_7100] unknown packet ID 0x68; discarded 1 byte(s)
[00:43:02.889] BAD_PACKET[TCP_prs2026hitl_7100] unknown packet ID 0x46; discarded 1 byte(s)
[00:43:02.889] BAD_PACKET[TCP_prs2026hitl_7100] unknown packet ID 0x3d; discarded 1 byte(s)
[00:43:02.889] BAD_PACKET[TCP_prs2026hitl_7100] unknown packet ID 0x13; discarded 1 byte(s)
[00:43:02.889] BAD_PACKET[TCP_prs2026hitl_7100] unknown packet ID 0xf0; discarded 1 byte(s)
[00:43:02.890] BAD_PACKET[TCP_prs2026hitl_7100] unknown packet ID 0x0a; discarded 1 byte(s)
[00:43:02.940] RX[COM10]  01
[00:43:02.941] RX[COM10]  6f 00 00 00 44 32 00 01 62 00 03 93 ff 9b e0 ff d5 00 15 00 27 0a
[00:43:02.941] PACKET[COM10] sensors: status=28416, uptime=17458, filtered_accel=[0.01416, 0.0366, -1.02528], gyro=[-3.01, 1.47, 2.73]
[00:43:03.045] RX[COM10]  01
[00:43:03.047] RX[COM10]  6f 00 00 00 44 96 00 01 62 00 03 93 ff 9b ec ff d4 00 15 00 27 0a
[00:43:03.047] PACKET[COM10] sensors: status=28416, uptime=17558, filtered_accel=[0.01416, 0.0366, -1.0248], gyro=[-3.08, 1.47, 2.73]
[00:43:03.100] RX[TCP_prs2026hitl_7100]  49 20 28 31 37 36 31 33 30 36 29 20 61 70 65 72 74 75 72 65 3a 20 53 65 6e 64 69 6e 67 20 68 65 61 72 74 62 65 61 74 20 28 38 20 62 79 74 65 73 29 0d 0a
[00:43:03.100] BAD_PACKET[TCP_prs2026hitl_7100] unknown packet ID 0x49; discarded 1 byte(s)
[00:43:03.101] BAD_PACKET[TCP_prs2026hitl_7100] unknown packet ID 0x20; discarded 1 byte(s)
[00:43:03.101] BAD_PACKET[TCP_prs2026hitl_7100] unknown packet ID 0x28; discarded 1 byte(s)
[00:43:03.101] BAD_PACKET[TCP_prs2026hitl_7100] unknown packet ID 0x31; discarded 1 byte(s)
[00:43:03.102] BAD_PACKET[TCP_prs2026hitl_7100] unknown packet ID 0x37; discarded 1 byte(s)
[00:43:03.102] BAD_PACKET[TCP_prs2026hitl_7100] unknown packet ID 0x36; discarded 1 byte(s)
[00:43:03.102] BAD_PACKET[TCP_prs2026hitl_7100] unknown packet ID 0x31; discarded 1 byte(s)
[00:43:03.102] BAD_PACKET[TCP_prs2026hitl_7100] unknown packet ID 0x33; discarded 1 byte(s)
[00:43:03.103] BAD_PACKET[TCP_prs2026hitl_7100] unknown packet ID 0x30; discarded 1 byte(s)
[00:43:03.103] BAD_PACKET[TCP_prs2026hitl_7100] unknown packet ID 0x36; discarded 1 byte(s)
[00:43:03.103] BAD_PACKET[TCP_prs2026hitl_7100] unknown packet ID 0x29; discarded 1 byte(s)
[00:43:03.104] BAD_PACKET[TCP_prs2026hitl_7100] unknown packet ID 0x20; discarded 1 byte(s)
[00:43:03.104] BAD_PACKET[TCP_prs2026hitl_7100] unknown packet ID 0x61; discarded 1 byte(s)
[00:43:03.105] BAD_PACKET[TCP_prs2026hitl_7100] unknown packet ID 0x70; discarded 1 byte(s)
[00:43:03.105] BAD_PACKET[TCP_prs2026hitl_7100] unknown packet ID 0x65; discarded 1 byte(s)
[00:43:03.105] BAD_PACKET[TCP_prs2026hitl_7100] unknown packet ID 0x72; discarded 1 byte(s)
[00:43:03.106] BAD_PACKET[TCP_prs2026hitl_7100] unknown packet ID 0x74; discarded 1 byte(s)
[00:43:03.106] BAD_PACKET[TCP_prs2026hitl_7100] unknown packet ID 0x75; discarded 1 byte(s)
[00:43:03.106] BAD_PACKET[TCP_prs2026hitl_7100] unknown packet ID 0x72; discarded 1 byte(s)
[00:43:03.107] BAD_PACKET[TCP_prs2026hitl_7100] unknown packet ID 0x65; discarded 1 byte(s)
[00:43:03.107] BAD_PACKET[TCP_prs2026hitl_7100] unknown packet ID 0x3a; discarded 1 byte(s)
[00:43:03.107] BAD_PACKET[TCP_prs2026hitl_7100] unknown packet ID 0x20; discarded 1 byte(s)
[00:43:03.108] BAD_PACKET[TCP_prs2026hitl_7100] unknown packet ID 0x53; discarded 1 byte(s)
[00:43:03.108] BAD_PACKET[TCP_prs2026hitl_7100] unknown packet ID 0x65; discarded 1 byte(s)
[00:43:03.108] BAD_PACKET[TCP_prs2026hitl_7100] unknown packet ID 0x6e; discarded 1 byte(s)
[00:43:03.109] BAD_PACKET[TCP_prs2026hitl_7100] unknown packet ID 0x64; discarded 1 byte(s)
[00:43:03.109] BAD_PACKET[TCP_prs2026hitl_7100] unknown packet ID 0x69; discarded 1 byte(s)
[00:43:03.109] BAD_PACKET[TCP_prs2026hitl_7100] unknown packet ID 0x6e; discarded 1 byte(s)
[00:43:03.109] BAD_PACKET[TCP_prs2026hitl_7100] unknown packet ID 0x67; discarded 1 byte(s)
[00:43:03.110] BAD_PACKET[TCP_prs2026hitl_7100] unknown packet ID 0x20; discarded 1 byte(s)
[00:43:03.110] BAD_PACKET[TCP_prs2026hitl_7100] unknown packet ID 0x68; discarded 1 byte(s)
[00:43:03.110] BAD_PACKET[TCP_prs2026hitl_7100] unknown packet ID 0x65; discarded 1 byte(s)
[00:43:03.111] BAD_PACKET[TCP_prs2026hitl_7100] unknown packet ID 0x61; discarded 1 byte(s)
[00:43:03.111] BAD_PACKET[TCP_prs2026hitl_7100] unknown packet ID 0x72; discarded 1 byte(s)
[00:43:03.111] BAD_PACKET[TCP_prs2026hitl_7100] unknown packet ID 0x74; discarded 1 byte(s)
[00:43:03.113] BAD_PACKET[TCP_prs2026hitl_7100] unknown packet ID 0x62; discarded 1 byte(s)
[00:43:03.113] BAD_PACKET[TCP_prs2026hitl_7100] unknown packet ID 0x65; discarded 1 byte(s)
[00:43:03.113] BAD_PACKET[TCP_prs2026hitl_7100] unknown packet ID 0x61; discarded 1 byte(s)
[00:43:03.114] BAD_PACKET[TCP_prs2026hitl_7100] unknown packet ID 0x74; discarded 1 byte(s)
[00:43:03.114] BAD_PACKET[TCP_prs2026hitl_7100] unknown packet ID 0x20; discarded 1 byte(s)
[00:43:03.114] BAD_PACKET[TCP_prs2026hitl_7100] unknown packet ID 0x28; discarded 1 byte(s)
[00:43:03.115] BAD_PACKET[TCP_prs2026hitl_7100] unknown packet ID 0x38; discarded 1 byte(s)
[00:43:03.115] BAD_PACKET[TCP_prs2026hitl_7100] unknown packet ID 0x20; discarded 1 byte(s)
[00:43:03.115] BAD_PACKET[TCP_prs2026hitl_7100] unknown packet ID 0x62; discarded 1 byte(s)
[00:43:03.116] BAD_PACKET[TCP_prs2026hitl_7100] unknown packet ID 0x79; discarded 1 byte(s)
[00:43:03.116] BAD_PACKET[TCP_prs2026hitl_7100] unknown packet ID 0x74; discarded 1 byte(s)
[00:43:03.116] BAD_PACKET[TCP_prs2026hitl_7100] unknown packet ID 0x65; discarded 1 byte(s)
[00:43:03.116] BAD_PACKET[TCP_prs2026hitl_7100] unknown packet ID 0x73; discarded 1 byte(s)
[00:43:03.117] BAD_PACKET[TCP_prs2026hitl_7100] unknown packet ID 0x29; discarded 1 byte(s)
[00:43:03.117] BAD_PACKET[TCP_prs2026hitl_7100] unknown packet ID 0x0d; discarded 1 byte(s)
[00:43:03.117] BAD_PACKET[TCP_prs2026hitl_7100] unknown packet ID 0x0a; discarded 1 byte(s)
[00:43:03.170] RX[TCP_prs2026hitl_7100]  49 20 28 31 37 36 31 33 34 36 29 20 61 70 65 72 74 75 72 65 3a 20 48 65 61 72 74 62 65 61 74 20 73 65 6e 74 0d 0a
[00:43:03.171] BAD_PACKET[TCP_prs2026hitl_7100] unknown packet ID 0x49; discarded 1 byte(s)
[00:43:03.171] BAD_PACKET[TCP_prs2026hitl_7100] unknown packet ID 0x20; discarded 1 byte(s)
[00:43:03.171] BAD_PACKET[TCP_prs2026hitl_7100] unknown packet ID 0x28; discarded 1 byte(s)
[00:43:03.172] BAD_PACKET[TCP_prs2026hitl_7100] unknown packet ID 0x31; discarded 1 byte(s)
[00:43:03.172] BAD_PACKET[TCP_prs2026hitl_7100] unknown packet ID 0x37; discarded 1 byte(s)
[00:43:03.172] BAD_PACKET[TCP_prs2026hitl_7100] unknown packet ID 0x36; discarded 1 byte(s)
[00:43:03.173] BAD_PACKET[TCP_prs2026hitl_7100] unknown packet ID 0x31; discarded 1 byte(s)
[00:43:03.173] BAD_PACKET[TCP_prs2026hitl_7100] unknown packet ID 0x33; discarded 1 byte(s)
[00:43:03.173] BAD_PACKET[TCP_prs2026hitl_7100] unknown packet ID 0x34; discarded 1 byte(s)
[00:43:03.174] BAD_PACKET[TCP_prs2026hitl_7100] unknown packet ID 0x36; discarded 1 byte(s)
[00:43:03.174] BAD_PACKET[TCP_prs2026hitl_7100] unknown packet ID 0x29; discarded 1 byte(s)
[00:43:03.174] BAD_PACKET[TCP_prs2026hitl_7100] unknown packet ID 0x20; discarded 1 byte(s)
[00:43:03.175] BAD_PACKET[TCP_prs2026hitl_7100] unknown packet ID 0x61; discarded 1 byte(s)
[00:43:03.175] BAD_PACKET[TCP_prs2026hitl_7100] unknown packet ID 0x70; discarded 1 byte(s)
[00:43:03.175] BAD_PACKET[TCP_prs2026hitl_7100] unknown packet ID 0x65; discarded 1 byte(s)
[00:43:03.175] BAD_PACKET[TCP_prs2026hitl_7100] unknown packet ID 0x72; discarded 1 byte(s)
[00:43:03.176] BAD_PACKET[TCP_prs2026hitl_7100] unknown packet ID 0x74; discarded 1 byte(s)
[00:43:03.176] BAD_PACKET[TCP_prs2026hitl_7100] unknown packet ID 0x75; discarded 1 byte(s)
[00:43:03.177] BAD_PACKET[TCP_prs2026hitl_7100] unknown packet ID 0x72; discarded 1 byte(s)
[00:43:03.177] BAD_PACKET[TCP_prs2026hitl_7100] unknown packet ID 0x65; discarded 1 byte(s)
[00:43:03.177] BAD_PACKET[TCP_prs2026hitl_7100] unknown packet ID 0x3a; discarded 1 byte(s)
[00:43:03.178] BAD_PACKET[TCP_prs2026hitl_7100] unknown packet ID 0x20; discarded 1 byte(s)
[00:43:03.178] BAD_PACKET[TCP_prs2026hitl_7100] unknown packet ID 0x48; discarded 1 byte(s)
[00:43:03.178] BAD_PACKET[TCP_prs2026hitl_7100] unknown packet ID 0x65; discarded 1 byte(s)
[00:43:03.179] BAD_PACKET[TCP_prs2026hitl_7100] unknown packet ID 0x61; discarded 1 byte(s)
[00:43:03.179] BAD_PACKET[TCP_prs2026hitl_7100] unknown packet ID 0x72; discarded 1 byte(s)
[00:43:03.179] BAD_PACKET[TCP_prs2026hitl_7100] unknown packet ID 0x74; discarded 1 byte(s)
[00:43:03.180] BAD_PACKET[TCP_prs2026hitl_7100] unknown packet ID 0x62; discarded 1 byte(s)
[00:43:03.180] BAD_PACKET[TCP_prs2026hitl_7100] unknown packet ID 0x65; discarded 1 byte(s)
[00:43:03.180] BAD_PACKET[TCP_prs2026hitl_7100] unknown packet ID 0x61; discarded 1 byte(s)
[00:43:03.181] BAD_PACKET[TCP_prs2026hitl_7100] unknown packet ID 0x74; discarded 1 byte(s)
[00:43:03.181] BAD_PACKET[TCP_prs2026hitl_7100] unknown packet ID 0x20; discarded 1 byte(s)
[00:43:03.181] BAD_PACKET[TCP_prs2026hitl_7100] unknown packet ID 0x73; discarded 1 byte(s)
[00:43:03.182] BAD_PACKET[TCP_prs2026hitl_7100] unknown packet ID 0x65; discarded 1 byte(s)
[00:43:03.182] BAD_PACKET[TCP_prs2026hitl_7100] unknown packet ID 0x6e; discarded 1 byte(s)
[00:43:03.182] BAD_PACKET[TCP_prs2026hitl_7100] unknown packet ID 0x74; discarded 1 byte(s)
[00:43:03.183] BAD_PACKET[TCP_prs2026hitl_7100] unknown packet ID 0x0d; discarded 1 byte(s)
[00:43:03.183] BAD_PACKET[TCP_prs2026hitl_7100] unknown packet ID 0x0a; discarded 1 byte(s)
[00:43:03.183] RX[COM10]  01
[00:43:03.184] RX[COM10]  6f 00 00 00 44 fa 00 01 56 00 03 93 ff 9b ec ff d4 00 15 00 27 0a
[00:43:03.185] PACKET[COM10] sensors: status=28416, uptime=17658, filtered_accel=[0.01368, 0.0366, -1.0248], gyro=[-3.08, 1.47, 2.73]
[00:43:03.235] RX[COM10]  01
[00:43:03.236] RX[COM10]  6f 00 00 00 45 5e 00 01 6e 00 03 93 ff 9b f8 ff d5 00 15 00 28 0a
[00:43:03.237] PACKET[COM10] sensors: status=28416, uptime=17758, filtered_accel=[0.01464, 0.0366, -1.02432], gyro=[-3.01, 1.47, 2.8]
[00:43:03.344] RX[COM10]  01
[00:43:03.345] RX[COM10]  67 00 00 00 45 c2 00 01 6e 00 03 87 ff 9b e0 ff d5 00 15 00 27 0a
[00:43:03.346] PACKET[COM10] sensors: status=26368, uptime=17858, filtered_accel=[0.01464, 0.03612, -1.02528], gyro=[-3.01, 1.47, 2.73]
[00:43:03.460] RX[COM10]  01
[00:43:03.461] RX[COM10]  67 00 00 00 46 26 00 01 56 00 03 9f ff 9b e0 ff d4 00 15 00 28 0a
[00:43:03.461] PACKET[COM10] sensors: status=26368, uptime=17958, filtered_accel=[0.01368, 0.03708, -1.02528], gyro=[-3.08, 1.47, 2.8]
[00:43:03.568] RX[COM10]  01
[00:43:03.570] RX[COM10]  67 00 00 00 46 8a 00 01 49 00 03 9f ff 9c 04 ff d5 00 15 00 28 0a
[00:43:03.571] PACKET[COM10] sensors: status=26368, uptime=18058, filtered_accel=[0.01316, 0.03708, -1.02384], gyro=[-3.01, 1.47, 2.8]
[00:43:03.629] RX[COM10]  01
[00:43:03.630] RX[COM10]  6f 00 00 00 46 ee 00 01 62 00 03 9f ff 9b e0 ff d5 00 16 00 28 0a 03 00 00 00 00 00 00 00 00 00 18 df 65 00 00 00 14 40 0a
[00:43:03.631] PACKET[COM10] sensors: status=28416, uptime=18158, filtered_accel=[0.01416, 0.03708, -1.02528], gyro=[-3.01, 1.54, 2.8]
[00:43:03.631] PACKET[COM10] camera: fc_status=0, fc_uptime=0, status=0, uptime=1630053, current_sense=[0.0, 0.0, 0.0], iris_battery_voltage=5.184
[00:43:03.732] RX[COM10]  02
[00:43:03.732] RX[COM10]  6f 00 00 00 47 34 00 00 00 00 00 00 00 00 00 00 00 00 00 00 00 00 00 00 00 00 00 00 00 00 00 00 00 00 00 00 00 00 00 00 00 00 00 00 00 00 00 00 00 00 00 00 00 00 00 00 43 68 30 98 14 04 0a ff 6e 00 00 00 47 34 0a
[00:43:03.733] PACKET[COM10] state: status=28416, uptime=18228, orientation=[0.0, 0.0, 0.0, 0.0], position=[0.0, 0.0, 0.0], velocity=[0.0, 0.0, 0.0], latitude=0.0, longitude=0.0, gps_altitude=0.0, barometric_altitude=232.189819, witness_battery_voltage=5.124
[00:43:03.734] PACKET[COM10] heartbeat: status=28160, uptime=18228
[00:43:03.844] RX[COM10]  01
[00:43:03.845] RX[COM10]  6e 00 00 00 47 b6 00 01 62 00 03 9f ff 9c 11 ff fd 00 02 ff fd 0a
[00:43:03.846] PACKET[COM10] sensors: status=28160, uptime=18358, filtered_accel=[0.01416, 0.03708, -1.02332], gyro=[-0.21, 0.14, -0.21]
[00:43:03.847] RX[TCP_prs2026hitl_7100]  02 6f 00 00 00 47 34 00 00 00 00 00 00 00 00 00 00 00 00 00 00 00 00 00 00 00 00 00 00 00 00 00 00 00 00 00 00 00 00 00 00 00 00 00 00 00 00 00 00 00 00 00 00 00 00 00 00 43 68 30 98 14 04 0a
[00:43:03.847] PACKET[TCP_prs2026hitl_7100] state: status=28416, uptime=18228, orientation=[0.0, 0.0, 0.0, 0.0], position=[0.0, 0.0, 0.0], velocity=[0.0, 0.0, 0.0], latitude=0.0, longitude=0.0, gps_altitude=0.0, barometric_altitude=232.189819, witness_battery_voltage=5.124
[00:43:03.952] RX[COM10]  01
[00:43:03.953] RX[COM10]  6e 00 00 00 48 1a 00 01 56 00 03 87 ff 9c 04 ff d6 00 15 00 27 0a
[00:43:03.954] PACKET[COM10] sensors: status=28160, uptime=18458, filtered_accel=[0.01368, 0.03612, -1.02384], gyro=[-2.94, 1.47, 2.73]
[00:43:04.066] RX[COM10]  01
[00:43:04.068] RX[COM10]  66 00 00 00 48 7e 00 01 56 00 03 93 ff 9b f8 ff d4 00 14 00 28 0a
[00:43:04.073] PACKET[COM10] sensors: status=26112, uptime=18558, filtered_accel=[0.01368, 0.0366, -1.02432], gyro=[-3.08, 1.4, 2.8]
[00:43:04.075] RX[TCP_prs2026hitl_7100]  49 20 28 31 37 36 32 33 30 36 29 20 61 70 65 72 74 75 72 65 3a 20 53 65 6e 64 69 6e 67 20 68 65 61 72 74 62 65 61 74 20 28 38 20 62 79 74 65 73 29 0d 0a
[00:43:04.076] BAD_PACKET[TCP_prs2026hitl_7100] unknown packet ID 0x49; discarded 1 byte(s)
[00:43:04.076] BAD_PACKET[TCP_prs2026hitl_7100] unknown packet ID 0x20; discarded 1 byte(s)
[00:43:04.077] BAD_PACKET[TCP_prs2026hitl_7100] unknown packet ID 0x28; discarded 1 byte(s)
[00:43:04.077] BAD_PACKET[TCP_prs2026hitl_7100] unknown packet ID 0x31; discarded 1 byte(s)
[00:43:04.078] BAD_PACKET[TCP_prs2026hitl_7100] unknown packet ID 0x37; discarded 1 byte(s)
[00:43:04.078] BAD_PACKET[TCP_prs2026hitl_7100] unknown packet ID 0x36; discarded 1 byte(s)
[00:43:04.082] BAD_PACKET[TCP_prs2026hitl_7100] unknown packet ID 0x32; discarded 1 byte(s)
[00:43:04.083] BAD_PACKET[TCP_prs2026hitl_7100] unknown packet ID 0x33; discarded 1 byte(s)
[00:43:04.083] BAD_PACKET[TCP_prs2026hitl_7100] unknown packet ID 0x30; discarded 1 byte(s)
[00:43:04.084] BAD_PACKET[TCP_prs2026hitl_7100] unknown packet ID 0x36; discarded 1 byte(s)
[00:43:04.084] BAD_PACKET[TCP_prs2026hitl_7100] unknown packet ID 0x29; discarded 1 byte(s)
[00:43:04.084] BAD_PACKET[TCP_prs2026hitl_7100] unknown packet ID 0x20; discarded 1 byte(s)
[00:43:04.085] BAD_PACKET[TCP_prs2026hitl_7100] unknown packet ID 0x61; discarded 1 byte(s)
[00:43:04.085] BAD_PACKET[TCP_prs2026hitl_7100] unknown packet ID 0x70; discarded 1 byte(s)
[00:43:04.085] BAD_PACKET[TCP_prs2026hitl_7100] unknown packet ID 0x65; discarded 1 byte(s)
[00:43:04.086] BAD_PACKET[TCP_prs2026hitl_7100] unknown packet ID 0x72; discarded 1 byte(s)
[00:43:04.086] BAD_PACKET[TCP_prs2026hitl_7100] unknown packet ID 0x74; discarded 1 byte(s)
[00:43:04.086] BAD_PACKET[TCP_prs2026hitl_7100] unknown packet ID 0x75; discarded 1 byte(s)
[00:43:04.087] BAD_PACKET[TCP_prs2026hitl_7100] unknown packet ID 0x72; discarded 1 byte(s)
[00:43:04.087] BAD_PACKET[TCP_prs2026hitl_7100] unknown packet ID 0x65; discarded 1 byte(s)
[00:43:04.087] BAD_PACKET[TCP_prs2026hitl_7100] unknown packet ID 0x3a; discarded 1 byte(s)
[00:43:04.088] BAD_PACKET[TCP_prs2026hitl_7100] unknown packet ID 0x20; discarded 1 byte(s)
[00:43:04.088] BAD_PACKET[TCP_prs2026hitl_7100] unknown packet ID 0x53; discarded 1 byte(s)
[00:43:04.088] BAD_PACKET[TCP_prs2026hitl_7100] unknown packet ID 0x65; discarded 1 byte(s)
[00:43:04.089] BAD_PACKET[TCP_prs2026hitl_7100] unknown packet ID 0x6e; discarded 1 byte(s)
[00:43:04.089] BAD_PACKET[TCP_prs2026hitl_7100] unknown packet ID 0x64; discarded 1 byte(s)
[00:43:04.089] BAD_PACKET[TCP_prs2026hitl_7100] unknown packet ID 0x69; discarded 1 byte(s)
[00:43:04.090] BAD_PACKET[TCP_prs2026hitl_7100] unknown packet ID 0x6e; discarded 1 byte(s)
[00:43:04.090] BAD_PACKET[TCP_prs2026hitl_7100] unknown packet ID 0x67; discarded 1 byte(s)
[00:43:04.090] BAD_PACKET[TCP_prs2026hitl_7100] unknown packet ID 0x20; discarded 1 byte(s)
[00:43:04.090] BAD_PACKET[TCP_prs2026hitl_7100] unknown packet ID 0x68; discarded 1 byte(s)
[00:43:04.091] BAD_PACKET[TCP_prs2026hitl_7100] unknown packet ID 0x65; discarded 1 byte(s)
[00:43:04.091] BAD_PACKET[TCP_prs2026hitl_7100] unknown packet ID 0x61; discarded 1 byte(s)
[00:43:04.091] BAD_PACKET[TCP_prs2026hitl_7100] unknown packet ID 0x72; discarded 1 byte(s)
[00:43:04.092] BAD_PACKET[TCP_prs2026hitl_7100] unknown packet ID 0x74; discarded 1 byte(s)
[00:43:04.092] BAD_PACKET[TCP_prs2026hitl_7100] unknown packet ID 0x62; discarded 1 byte(s)
[00:43:04.092] BAD_PACKET[TCP_prs2026hitl_7100] unknown packet ID 0x65; discarded 1 byte(s)
[00:43:04.093] BAD_PACKET[TCP_prs2026hitl_7100] unknown packet ID 0x61; discarded 1 byte(s)
[00:43:04.093] BAD_PACKET[TCP_prs2026hitl_7100] unknown packet ID 0x74; discarded 1 byte(s)
[00:43:04.093] BAD_PACKET[TCP_prs2026hitl_7100] unknown packet ID 0x20; discarded 1 byte(s)
[00:43:04.094] BAD_PACKET[TCP_prs2026hitl_7100] unknown packet ID 0x28; discarded 1 byte(s)
[00:43:04.094] BAD_PACKET[TCP_prs2026hitl_7100] unknown packet ID 0x38; discarded 1 byte(s)
[00:43:04.095] BAD_PACKET[TCP_prs2026hitl_7100] unknown packet ID 0x20; discarded 1 byte(s)
[00:43:04.095] BAD_PACKET[TCP_prs2026hitl_7100] unknown packet ID 0x62; discarded 1 byte(s)
[00:43:04.096] BAD_PACKET[TCP_prs2026hitl_7100] unknown packet ID 0x79; discarded 1 byte(s)
[00:43:04.096] BAD_PACKET[TCP_prs2026hitl_7100] unknown packet ID 0x74; discarded 1 byte(s)
[00:43:04.096] BAD_PACKET[TCP_prs2026hitl_7100] unknown packet ID 0x65; discarded 1 byte(s)
[00:43:04.096] BAD_PACKET[TCP_prs2026hitl_7100] unknown packet ID 0x73; discarded 1 byte(s)
[00:43:04.097] BAD_PACKET[TCP_prs2026hitl_7100] unknown packet ID 0x29; discarded 1 byte(s)
[00:43:04.097] BAD_PACKET[TCP_prs2026hitl_7100] unknown packet ID 0x0d; discarded 1 byte(s)
[00:43:04.098] BAD_PACKET[TCP_prs2026hitl_7100] unknown packet ID 0x0a; discarded 1 byte(s)
[00:43:04.158] RX[TCP_prs2026hitl_7100]  49 20 28 31 37 36 32 33 34 36 29 20 61 70 65 72 74 75 72 65 3a 20 48 65 61 72 74 62 65 61 74 20 73 65 6e 74 0d 0a
[00:43:04.161] BAD_PACKET[TCP_prs2026hitl_7100] unknown packet ID 0x49; discarded 1 byte(s)
[00:43:04.161] BAD_PACKET[TCP_prs2026hitl_7100] unknown packet ID 0x20; discarded 1 byte(s)
[00:43:04.162] BAD_PACKET[TCP_prs2026hitl_7100] unknown packet ID 0x28; discarded 1 byte(s)
[00:43:04.163] BAD_PACKET[TCP_prs2026hitl_7100] unknown packet ID 0x31; discarded 1 byte(s)
[00:43:04.163] BAD_PACKET[TCP_prs2026hitl_7100] unknown packet ID 0x37; discarded 1 byte(s)
[00:43:04.163] BAD_PACKET[TCP_prs2026hitl_7100] unknown packet ID 0x36; discarded 1 byte(s)
[00:43:04.164] BAD_PACKET[TCP_prs2026hitl_7100] unknown packet ID 0x32; discarded 1 byte(s)
[00:43:04.164] BAD_PACKET[TCP_prs2026hitl_7100] unknown packet ID 0x33; discarded 1 byte(s)
[00:43:04.164] BAD_PACKET[TCP_prs2026hitl_7100] unknown packet ID 0x34; discarded 1 byte(s)
[00:43:04.165] BAD_PACKET[TCP_prs2026hitl_7100] unknown packet ID 0x36; discarded 1 byte(s)
[00:43:04.165] BAD_PACKET[TCP_prs2026hitl_7100] unknown packet ID 0x29; discarded 1 byte(s)
[00:43:04.165] BAD_PACKET[TCP_prs2026hitl_7100] unknown packet ID 0x20; discarded 1 byte(s)
[00:43:04.167] BAD_PACKET[TCP_prs2026hitl_7100] unknown packet ID 0x61; discarded 1 byte(s)
[00:43:04.168] BAD_PACKET[TCP_prs2026hitl_7100] unknown packet ID 0x70; discarded 1 byte(s)
[00:43:04.168] BAD_PACKET[TCP_prs2026hitl_7100] unknown packet ID 0x65; discarded 1 byte(s)
[00:43:04.168] BAD_PACKET[TCP_prs2026hitl_7100] unknown packet ID 0x72; discarded 1 byte(s)
[00:43:04.169] BAD_PACKET[TCP_prs2026hitl_7100] unknown packet ID 0x74; discarded 1 byte(s)
[00:43:04.169] BAD_PACKET[TCP_prs2026hitl_7100] unknown packet ID 0x75; discarded 1 byte(s)
[00:43:04.169] BAD_PACKET[TCP_prs2026hitl_7100] unknown packet ID 0x72; discarded 1 byte(s)
[00:43:04.170] BAD_PACKET[TCP_prs2026hitl_7100] unknown packet ID 0x65; discarded 1 byte(s)
[00:43:04.170] BAD_PACKET[TCP_prs2026hitl_7100] unknown packet ID 0x3a; discarded 1 byte(s)
[00:43:04.170] BAD_PACKET[TCP_prs2026hitl_7100] unknown packet ID 0x20; discarded 1 byte(s)
[00:43:04.171] BAD_PACKET[TCP_prs2026hitl_7100] unknown packet ID 0x48; discarded 1 byte(s)
[00:43:04.171] BAD_PACKET[TCP_prs2026hitl_7100] unknown packet ID 0x65; discarded 1 byte(s)
[00:43:04.171] BAD_PACKET[TCP_prs2026hitl_7100] unknown packet ID 0x61; discarded 1 byte(s)
[00:43:04.172] BAD_PACKET[TCP_prs2026hitl_7100] unknown packet ID 0x72; discarded 1 byte(s)
[00:43:04.172] BAD_PACKET[TCP_prs2026hitl_7100] unknown packet ID 0x74; discarded 1 byte(s)
[00:43:04.172] BAD_PACKET[TCP_prs2026hitl_7100] unknown packet ID 0x62; discarded 1 byte(s)
[00:43:04.174] BAD_PACKET[TCP_prs2026hitl_7100] unknown packet ID 0x65; discarded 1 byte(s)
[00:43:04.175] BAD_PACKET[TCP_prs2026hitl_7100] unknown packet ID 0x61; discarded 1 byte(s)
[00:43:04.175] BAD_PACKET[TCP_prs2026hitl_7100] unknown packet ID 0x74; discarded 1 byte(s)
[00:43:04.176] BAD_PACKET[TCP_prs2026hitl_7100] unknown packet ID 0x20; discarded 1 byte(s)
[00:43:04.176] BAD_PACKET[TCP_prs2026hitl_7100] unknown packet ID 0x73; discarded 1 byte(s)
[00:43:04.176] BAD_PACKET[TCP_prs2026hitl_7100] unknown packet ID 0x65; discarded 1 byte(s)
[00:43:04.177] BAD_PACKET[TCP_prs2026hitl_7100] unknown packet ID 0x6e; discarded 1 byte(s)
[00:43:04.177] BAD_PACKET[TCP_prs2026hitl_7100] unknown packet ID 0x74; discarded 1 byte(s)
[00:43:04.177] BAD_PACKET[TCP_prs2026hitl_7100] unknown packet ID 0x0d; discarded 1 byte(s)
[00:43:04.178] BAD_PACKET[TCP_prs2026hitl_7100] unknown packet ID 0x0a; discarded 1 byte(s)
[00:43:04.178] RX[COM10]  01
[00:43:04.179] RX[COM10]  66 00 00 00 48 e2 00 01 6e 00 03 87 ff 9b ec ff d6 00 16 00 28 0a
[00:43:04.179] PACKET[COM10] sensors: status=26112, uptime=18658, filtered_accel=[0.01464, 0.03612, -1.0248], gyro=[-2.94, 1.54, 2.8]
[00:43:04.236] RX[COM10]  01
[00:43:04.238] RX[COM10]  6e 00 00 00 49 46 00 01 56 00 03 93 ff 9b f8 ff d5 00 15 00 27 0a
[00:43:04.238] PACKET[COM10] sensors: status=28160, uptime=18758, filtered_accel=[0.01368, 0.0366, -1.02432], gyro=[-3.01, 1.47, 2.73]
[00:43:04.345] RX[COM10]  01
[00:43:04.346] RX[COM10]  6e 00 00 00 49 aa 00 01 56 00 03 7b ff 9c 04 ff d5 00 15 00 28 0a
[00:43:04.346] PACKET[COM10] sensors: status=28160, uptime=18858, filtered_accel=[0.01368, 0.03564, -1.02384], gyro=[-3.01, 1.47, 2.8]
[00:43:04.461] RX[COM10]  01
[00:43:04.464] RX[COM10]  6e 00 00 00 4a 0e 00 01 31 00 03 87 ff 9b f8 ff d5 00 16 00 28 0a
[00:43:04.465] PACKET[COM10] sensors: status=28160, uptime=18958, filtered_accel=[0.0122, 0.03612, -1.02432], gyro=[-3.01, 1.54, 2.8]
[00:43:04.527] RX[COM10]  01
[00:43:04.529] RX[COM10]  6e 00 00 00 4a 72 00 01 7a 00 03 87 ff 9b ec ff d5 00 16 00 28 0a
[00:43:04.530] PACKET[COM10] sensors: status=28160, uptime=19058, filtered_accel=[0.01512, 0.03612, -1.0248], gyro=[-3.01, 1.54, 2.8]
[00:43:04.644] RX[COM10]  01
[00:43:04.646] RX[COM10]  66 00 00 00 4a d6 00 01 6e 00 03 93 ff 9c 11 ff d4 00 16 00 27 0a 03 00 00 00 00 00 00 00 00 00 18 e3 4d 00 00 00 14 40 0a
[00:43:04.646] PACKET[COM10] sensors: status=26112, uptime=19158, filtered_accel=[0.01464, 0.0366, -1.02332], gyro=[-3.08, 1.54, 2.73]
[00:43:04.647] PACKET[COM10] camera: fc_status=0, fc_uptime=0, status=0, uptime=1631053, current_sense=[0.0, 0.0, 0.0], iris_battery_voltage=5.184
[00:43:04.704] RX[COM10]  02
[00:43:04.705] RX[COM10]  6e 00 00 00 4b 1c 00 00 00 00 00 00 00 00 00 00 00 00 00 00 00 00 00 00 00 00 00 00 00 00 00 00 00 00 00 00 00 00 00 00 00 00 00 00 00 00 00 00 00 00 00 00 00 00 00 00 43 68 30 98 13 f8 0a ff 6f 00 00 00 4b 1c 0a
[00:43:04.706] PACKET[COM10] state: status=28160, uptime=19228, orientation=[0.0, 0.0, 0.0, 0.0], position=[0.0, 0.0, 0.0], velocity=[0.0, 0.0, 0.0], latitude=0.0, longitude=0.0, gps_altitude=0.0, barometric_altitude=232.189819, witness_battery_voltage=5.112
[00:43:04.706] PACKET[COM10] heartbeat: status=28416, uptime=19228
[00:43:04.877] RX[COM10]  01
[00:43:04.878] RX[COM10]  6f 00 00 00 4b 9e 00 01 62 00 03 93 ff 9c 11 ff fe 00 03 ff fc 0a
[00:43:04.879] PACKET[COM10] sensors: status=28416, uptime=19358, filtered_accel=[0.01416, 0.0366, -1.02332], gyro=[-0.14, 0.21, -0.28]
[00:43:04.879] RX[TCP_prs2026hitl_7100]  02 6e 00 00 00 4b 1c 00 00 00 00 00 00 00 00 00 00 00 00 00 00 00 00 00 00 00 00 00 00 00 00 00 00 00 00 00 00 00 00 00 00 00 00 00 00 00 00 00 00 00 00 00 00 00 00 00 00 43 68 30 98 13 f8 0a
[00:43:04.880] PACKET[TCP_prs2026hitl_7100] state: status=28160, uptime=19228, orientation=[0.0, 0.0, 0.0, 0.0], position=[0.0, 0.0, 0.0], velocity=[0.0, 0.0, 0.0], latitude=0.0, longitude=0.0, gps_altitude=0.0, barometric_altitude=232.189819, witness_battery_voltage=5.112
[00:43:04.937] RX[COM10]  01
[00:43:04.938] RX[COM10]  6f 00 00 00 4c 02 00 01 6e 00 03 7b ff 9b f8 ff d5 00 15 00 28 0a
[00:43:04.939] PACKET[COM10] sensors: status=28416, uptime=19458, filtered_accel=[0.01464, 0.03564, -1.02432], gyro=[-3.01, 1.47, 2.8]
[00:43:05.052] RX[COM10]  01
[00:43:05.054] RX[COM10]  6f 00 00 00 4c 66 00 01 62 00 03 9f ff 9b ec ff d5 00 15 00 28 0a
[00:43:05.055] PACKET[COM10] sensors: status=28416, uptime=19558, filtered_accel=[0.01416, 0.03708, -1.0248], gyro=[-3.01, 1.47, 2.8]
[00:43:05.113] RX[TCP_prs2026hitl_7100]  49 20 28 31 37 36 33 33 30 36 29 20 61 70 65 72 74 75 72 65 3a 20 53 65 6e 64 69 6e 67 20 68 65 61 72 74 62 65 61 74 20 28 38 20 62 79 74 65 73 29 0d 0a
[00:43:05.114] BAD_PACKET[TCP_prs2026hitl_7100] unknown packet ID 0x49; discarded 1 byte(s)
[00:43:05.115] BAD_PACKET[TCP_prs2026hitl_7100] unknown packet ID 0x20; discarded 1 byte(s)
[00:43:05.115] BAD_PACKET[TCP_prs2026hitl_7100] unknown packet ID 0x28; discarded 1 byte(s)
[00:43:05.116] BAD_PACKET[TCP_prs2026hitl_7100] unknown packet ID 0x31; discarded 1 byte(s)
[00:43:05.116] BAD_PACKET[TCP_prs2026hitl_7100] unknown packet ID 0x37; discarded 1 byte(s)
[00:43:05.116] BAD_PACKET[TCP_prs2026hitl_7100] unknown packet ID 0x36; discarded 1 byte(s)
[00:43:05.117] BAD_PACKET[TCP_prs2026hitl_7100] unknown packet ID 0x33; discarded 1 byte(s)
[00:43:05.117] BAD_PACKET[TCP_prs2026hitl_7100] unknown packet ID 0x33; discarded 1 byte(s)
[00:43:05.118] BAD_PACKET[TCP_prs2026hitl_7100] unknown packet ID 0x30; discarded 1 byte(s)
[00:43:05.118] BAD_PACKET[TCP_prs2026hitl_7100] unknown packet ID 0x36; discarded 1 byte(s)
[00:43:05.118] BAD_PACKET[TCP_prs2026hitl_7100] unknown packet ID 0x29; discarded 1 byte(s)
[00:43:05.119] BAD_PACKET[TCP_prs2026hitl_7100] unknown packet ID 0x20; discarded 1 byte(s)
[00:43:05.119] BAD_PACKET[TCP_prs2026hitl_7100] unknown packet ID 0x61; discarded 1 byte(s)
[00:43:05.119] BAD_PACKET[TCP_prs2026hitl_7100] unknown packet ID 0x70; discarded 1 byte(s)
[00:43:05.120] BAD_PACKET[TCP_prs2026hitl_7100] unknown packet ID 0x65; discarded 1 byte(s)
[00:43:05.120] BAD_PACKET[TCP_prs2026hitl_7100] unknown packet ID 0x72; discarded 1 byte(s)
[00:43:05.121] BAD_PACKET[TCP_prs2026hitl_7100] unknown packet ID 0x74; discarded 1 byte(s)
[00:43:05.121] BAD_PACKET[TCP_prs2026hitl_7100] unknown packet ID 0x75; discarded 1 byte(s)
[00:43:05.121] BAD_PACKET[TCP_prs2026hitl_7100] unknown packet ID 0x72; discarded 1 byte(s)
[00:43:05.122] BAD_PACKET[TCP_prs2026hitl_7100] unknown packet ID 0x65; discarded 1 byte(s)
[00:43:05.122] BAD_PACKET[TCP_prs2026hitl_7100] unknown packet ID 0x3a; discarded 1 byte(s)
[00:43:05.122] BAD_PACKET[TCP_prs2026hitl_7100] unknown packet ID 0x20; discarded 1 byte(s)
[00:43:05.122] BAD_PACKET[TCP_prs2026hitl_7100] unknown packet ID 0x53; discarded 1 byte(s)
[00:43:05.123] BAD_PACKET[TCP_prs2026hitl_7100] unknown packet ID 0x65; discarded 1 byte(s)
[00:43:05.123] BAD_PACKET[TCP_prs2026hitl_7100] unknown packet ID 0x6e; discarded 1 byte(s)
[00:43:05.123] BAD_PACKET[TCP_prs2026hitl_7100] unknown packet ID 0x64; discarded 1 byte(s)
[00:43:05.124] BAD_PACKET[TCP_prs2026hitl_7100] unknown packet ID 0x69; discarded 1 byte(s)
[00:43:05.124] BAD_PACKET[TCP_prs2026hitl_7100] unknown packet ID 0x6e; discarded 1 byte(s)
[00:43:05.124] BAD_PACKET[TCP_prs2026hitl_7100] unknown packet ID 0x67; discarded 1 byte(s)
[00:43:05.125] BAD_PACKET[TCP_prs2026hitl_7100] unknown packet ID 0x20; discarded 1 byte(s)
[00:43:05.125] BAD_PACKET[TCP_prs2026hitl_7100] unknown packet ID 0x68; discarded 1 byte(s)
[00:43:05.125] BAD_PACKET[TCP_prs2026hitl_7100] unknown packet ID 0x65; discarded 1 byte(s)
[00:43:05.126] BAD_PACKET[TCP_prs2026hitl_7100] unknown packet ID 0x61; discarded 1 byte(s)
[00:43:05.126] BAD_PACKET[TCP_prs2026hitl_7100] unknown packet ID 0x72; discarded 1 byte(s)
[00:43:05.126] BAD_PACKET[TCP_prs2026hitl_7100] unknown packet ID 0x74; discarded 1 byte(s)
[00:43:05.127] BAD_PACKET[TCP_prs2026hitl_7100] unknown packet ID 0x62; discarded 1 byte(s)
[00:43:05.127] BAD_PACKET[TCP_prs2026hitl_7100] unknown packet ID 0x65; discarded 1 byte(s)
[00:43:05.127] BAD_PACKET[TCP_prs2026hitl_7100] unknown packet ID 0x61; discarded 1 byte(s)
[00:43:05.127] BAD_PACKET[TCP_prs2026hitl_7100] unknown packet ID 0x74; discarded 1 byte(s)
[00:43:05.128] BAD_PACKET[TCP_prs2026hitl_7100] unknown packet ID 0x20; discarded 1 byte(s)
[00:43:05.128] BAD_PACKET[TCP_prs2026hitl_7100] unknown packet ID 0x28; discarded 1 byte(s)
[00:43:05.129] BAD_PACKET[TCP_prs2026hitl_7100] unknown packet ID 0x38; discarded 1 byte(s)
[00:43:05.131] BAD_PACKET[TCP_prs2026hitl_7100] unknown packet ID 0x20; discarded 1 byte(s)
[00:43:05.131] BAD_PACKET[TCP_prs2026hitl_7100] unknown packet ID 0x62; discarded 1 byte(s)
[00:43:05.131] BAD_PACKET[TCP_prs2026hitl_7100] unknown packet ID 0x79; discarded 1 byte(s)
[00:43:05.132] BAD_PACKET[TCP_prs2026hitl_7100] unknown packet ID 0x74; discarded 1 byte(s)
[00:43:05.132] BAD_PACKET[TCP_prs2026hitl_7100] unknown packet ID 0x65; discarded 1 byte(s)
[00:43:05.132] BAD_PACKET[TCP_prs2026hitl_7100] unknown packet ID 0x73; discarded 1 byte(s)
[00:43:05.133] BAD_PACKET[TCP_prs2026hitl_7100] unknown packet ID 0x29; discarded 1 byte(s)
[00:43:05.133] BAD_PACKET[TCP_prs2026hitl_7100] unknown packet ID 0x0d; discarded 1 byte(s)
[00:43:05.133] BAD_PACKET[TCP_prs2026hitl_7100] unknown packet ID 0x0a; discarded 1 byte(s)
[00:43:05.134] RX[COM10]  01
[00:43:05.134] RX[COM10]  6f 00 00 00 4c ca 00 01 62 00 03 7b ff 9b d4 ff d4 00 15 00 27 0a
[00:43:05.135] PACKET[COM10] sensors: status=28416, uptime=19658, filtered_accel=[0.01416, 0.03564, -1.02576], gyro=[-3.08, 1.47, 2.73]
[00:43:05.135] RX[TCP_prs2026hitl_7100]  49 20 28 31 37 36 33 33 34 36 29 20 61 70 65 72 74 75 72 65 3a 20 48 65 61 72 74 62 65 61 74 20 73 65 6e 74 0d 0a
[00:43:05.135] BAD_PACKET[TCP_prs2026hitl_7100] unknown packet ID 0x49; discarded 1 byte(s)
[00:43:05.136] BAD_PACKET[TCP_prs2026hitl_7100] unknown packet ID 0x20; discarded 1 byte(s)
[00:43:05.136] BAD_PACKET[TCP_prs2026hitl_7100] unknown packet ID 0x28; discarded 1 byte(s)
[00:43:05.136] BAD_PACKET[TCP_prs2026hitl_7100] unknown packet ID 0x31; discarded 1 byte(s)
[00:43:05.137] BAD_PACKET[TCP_prs2026hitl_7100] unknown packet ID 0x37; discarded 1 byte(s)
[00:43:05.137] BAD_PACKET[TCP_prs2026hitl_7100] unknown packet ID 0x36; discarded 1 byte(s)
[00:43:05.137] BAD_PACKET[TCP_prs2026hitl_7100] unknown packet ID 0x33; discarded 1 byte(s)
[00:43:05.138] BAD_PACKET[TCP_prs2026hitl_7100] unknown packet ID 0x33; discarded 1 byte(s)
[00:43:05.138] BAD_PACKET[TCP_prs2026hitl_7100] unknown packet ID 0x34; discarded 1 byte(s)
[00:43:05.138] BAD_PACKET[TCP_prs2026hitl_7100] unknown packet ID 0x36; discarded 1 byte(s)
[00:43:05.139] BAD_PACKET[TCP_prs2026hitl_7100] unknown packet ID 0x29; discarded 1 byte(s)
[00:43:05.139] BAD_PACKET[TCP_prs2026hitl_7100] unknown packet ID 0x20; discarded 1 byte(s)
[00:43:05.139] BAD_PACKET[TCP_prs2026hitl_7100] unknown packet ID 0x61; discarded 1 byte(s)
[00:43:05.140] BAD_PACKET[TCP_prs2026hitl_7100] unknown packet ID 0x70; discarded 1 byte(s)
[00:43:05.140] BAD_PACKET[TCP_prs2026hitl_7100] unknown packet ID 0x65; discarded 1 byte(s)
[00:43:05.140] BAD_PACKET[TCP_prs2026hitl_7100] unknown packet ID 0x72; discarded 1 byte(s)
[00:43:05.141] BAD_PACKET[TCP_prs2026hitl_7100] unknown packet ID 0x74; discarded 1 byte(s)
[00:43:05.142] BAD_PACKET[TCP_prs2026hitl_7100] unknown packet ID 0x75; discarded 1 byte(s)
[00:43:05.142] BAD_PACKET[TCP_prs2026hitl_7100] unknown packet ID 0x72; discarded 1 byte(s)
[00:43:05.142] BAD_PACKET[TCP_prs2026hitl_7100] unknown packet ID 0x65; discarded 1 byte(s)
[00:43:05.143] BAD_PACKET[TCP_prs2026hitl_7100] unknown packet ID 0x3a; discarded 1 byte(s)
[00:43:05.143] BAD_PACKET[TCP_prs2026hitl_7100] unknown packet ID 0x20; discarded 1 byte(s)
[00:43:05.143] BAD_PACKET[TCP_prs2026hitl_7100] unknown packet ID 0x48; discarded 1 byte(s)
[00:43:05.144] BAD_PACKET[TCP_prs2026hitl_7100] unknown packet ID 0x65; discarded 1 byte(s)
[00:43:05.144] BAD_PACKET[TCP_prs2026hitl_7100] unknown packet ID 0x61; discarded 1 byte(s)
[00:43:05.145] BAD_PACKET[TCP_prs2026hitl_7100] unknown packet ID 0x72; discarded 1 byte(s)
[00:43:05.145] BAD_PACKET[TCP_prs2026hitl_7100] unknown packet ID 0x74; discarded 1 byte(s)
[00:43:05.146] BAD_PACKET[TCP_prs2026hitl_7100] unknown packet ID 0x62; discarded 1 byte(s)
[00:43:05.146] BAD_PACKET[TCP_prs2026hitl_7100] unknown packet ID 0x65; discarded 1 byte(s)
[00:43:05.146] BAD_PACKET[TCP_prs2026hitl_7100] unknown packet ID 0x61; discarded 1 byte(s)
[00:43:05.147] BAD_PACKET[TCP_prs2026hitl_7100] unknown packet ID 0x74; discarded 1 byte(s)
[00:43:05.147] BAD_PACKET[TCP_prs2026hitl_7100] unknown packet ID 0x20; discarded 1 byte(s)
[00:43:05.147] BAD_PACKET[TCP_prs2026hitl_7100] unknown packet ID 0x73; discarded 1 byte(s)
[00:43:05.148] BAD_PACKET[TCP_prs2026hitl_7100] unknown packet ID 0x65; discarded 1 byte(s)
[00:43:05.148] BAD_PACKET[TCP_prs2026hitl_7100] unknown packet ID 0x6e; discarded 1 byte(s)
[00:43:05.148] BAD_PACKET[TCP_prs2026hitl_7100] unknown packet ID 0x74; discarded 1 byte(s)
[00:43:05.149] BAD_PACKET[TCP_prs2026hitl_7100] unknown packet ID 0x0d; discarded 1 byte(s)
[00:43:05.149] BAD_PACKET[TCP_prs2026hitl_7100] unknown packet ID 0x0a; discarded 1 byte(s)
[00:43:05.253] RX[COM10]  01
[00:43:05.254] RX[COM10]  6f 00 00 00 4d 2e 00 01 93 00 03 93 ff 9b ec ff d6 00 18 00 28 0a
[00:43:05.255] PACKET[COM10] sensors: status=28416, uptime=19758, filtered_accel=[0.01612, 0.0366, -1.0248], gyro=[-2.94, 1.68, 2.8]
[00:43:05.361] RX[COM10]  01
[00:43:05.362] RX[COM10]  67 00 00 00 4d 92 00 01 62 00 03 87 ff 9c 04 ff d4 00 16 00 28 0a
[00:43:05.363] PACKET[COM10] sensors: status=26368, uptime=19858, filtered_accel=[0.01416, 0.03612, -1.02384], gyro=[-3.08, 1.54, 2.8]
[00:43:05.470] RX[COM10]  01
[00:43:05.471] RX[COM10]  67 00 00 00 4d f6 00 01 6e 00 03 87 ff 9b ec ff d5 00 15 00 27 0a
[00:43:05.472] PACKET[COM10] sensors: status=26368, uptime=19958, filtered_accel=[0.01464, 0.03612, -1.0248], gyro=[-3.01, 1.47, 2.73]
[00:43:05.527] RX[COM10]  01
[00:43:05.528] RX[COM10]  67 00 00 00 4e 5a 00 01 86 00 03 87 ff 9c 29 ff d4 00 15 00 28 0a
[00:43:05.529] PACKET[COM10] sensors: status=26368, uptime=20058, filtered_accel=[0.0156, 0.03612, -1.02236], gyro=[-3.08, 1.47, 2.8]
[00:43:05.644] RX[COM10]  01
[00:43:05.645] RX[COM10]  6f 00 00 00 4e be 00 01 49 00 03 7b ff 9b ec ff d4 00 15 00 28 0a 03 00 00 00 00 00 00 00 00 00 18 e7 35 00 00 00 14 40 0a
[00:43:05.646] PACKET[COM10] sensors: status=28416, uptime=20158, filtered_accel=[0.01316, 0.03564, -1.0248], gyro=[-3.08, 1.47, 2.8]
[00:43:05.647] PACKET[COM10] camera: fc_status=0, fc_uptime=0, status=0, uptime=1632053, current_sense=[0.0, 0.0, 0.0], iris_battery_voltage=5.184
[00:43:05.703] RX[COM10]  02
[00:43:05.704] RX[COM10]  67 00 00 00 4f 04 00 00 00 00 00 00 00 00 00 00 00 00 00 00 00 00 00 00 00 00 00 00 00 00 00 00 00 00 00 00 00 00 00 00 00 00 00 00 00 00 00 00 00 00 00 00 00 00 00 00 43 68 1a 46 13 e8 0a ff 66 00 00 00 4f 04 0a
[00:43:05.705] PACKET[COM10] state: status=26368, uptime=20228, orientation=[0.0, 0.0, 0.0, 0.0], position=[0.0, 0.0, 0.0], velocity=[0.0, 0.0, 0.0], latitude=0.0, longitude=0.0, gps_altitude=0.0, barometric_altitude=232.102631, witness_battery_voltage=5.096
[00:43:05.706] PACKET[COM10] heartbeat: status=26112, uptime=20228
[00:43:05.827] RX[COM10]  01
[00:43:05.829] RX[COM10]  6e 00 00 00 4f 86 00 01 56 00 03 93 ff 9c 11 ff fd 00 01 ff fc 0a
[00:43:05.830] PACKET[COM10] sensors: status=28160, uptime=20358, filtered_accel=[0.01368, 0.0366, -1.02332], gyro=[-0.21, 0.07, -0.28]
[00:43:05.893] RX[TCP_prs2026hitl_7100]  02 67 00 00 00 4f 04 00 00 00 00 00 00 00 00 00 00 00 00 00 00 00 00 00 00 00 00 00 00 00 00 00 00 00 00 00 00 00 00 00 00 00 00 00 00 00 00 00 00 00 00 00 00 00 00 00 00 43 68 1a 46 13 e8 0a
[00:43:05.896] PACKET[TCP_prs2026hitl_7100] state: status=26368, uptime=20228, orientation=[0.0, 0.0, 0.0, 0.0], position=[0.0, 0.0, 0.0], velocity=[0.0, 0.0, 0.0], latitude=0.0, longitude=0.0, gps_altitude=0.0, barometric_altitude=232.102631, witness_battery_voltage=5.096
[00:43:05.953] RX[COM10]  01
[00:43:05.955] RX[COM10]  6e 00 00 00 4f ea 00 01 6e 00 03 ab ff 9c 11 ff d4 00 15 00 28 0a
[00:43:05.956] PACKET[COM10] sensors: status=28160, uptime=20458, filtered_accel=[0.01464, 0.03756, -1.02332], gyro=[-3.08, 1.47, 2.8]
[00:43:06.061] RX[COM10]  01
[00:43:06.063] RX[COM10]  66 00 00 00 50 4e 00 01 62 00 03 9f ff 9b ec ff d4 00 16 00 27 0a
[00:43:06.065] PACKET[COM10] sensors: status=26112, uptime=20558, filtered_accel=[0.01416, 0.03708, -1.0248], gyro=[-3.08, 1.54, 2.73]
[00:43:06.065] RX[TCP_prs2026hitl_7100]  49 20 28 31 37 36 34 33 30 36 29 20 61 70 65 72 74 75 72 65 3a 20 53 65 6e 64 69 6e 67 20 68 65 61 72 74 62 65 61 74 20 28 38 20 62 79 74 65 73 29 0d 0a
[00:43:06.066] BAD_PACKET[TCP_prs2026hitl_7100] unknown packet ID 0x49; discarded 1 byte(s)
[00:43:06.066] BAD_PACKET[TCP_prs2026hitl_7100] unknown packet ID 0x20; discarded 1 byte(s)
[00:43:06.067] BAD_PACKET[TCP_prs2026hitl_7100] unknown packet ID 0x28; discarded 1 byte(s)
[00:43:06.067] BAD_PACKET[TCP_prs2026hitl_7100] unknown packet ID 0x31; discarded 1 byte(s)
[00:43:06.068] BAD_PACKET[TCP_prs2026hitl_7100] unknown packet ID 0x37; discarded 1 byte(s)
[00:43:06.068] BAD_PACKET[TCP_prs2026hitl_7100] unknown packet ID 0x36; discarded 1 byte(s)
[00:43:06.069] BAD_PACKET[TCP_prs2026hitl_7100] unknown packet ID 0x34; discarded 1 byte(s)
[00:43:06.069] BAD_PACKET[TCP_prs2026hitl_7100] unknown packet ID 0x33; discarded 1 byte(s)
[00:43:06.069] BAD_PACKET[TCP_prs2026hitl_7100] unknown packet ID 0x30; discarded 1 byte(s)
[00:43:06.070] BAD_PACKET[TCP_prs2026hitl_7100] unknown packet ID 0x36; discarded 1 byte(s)
[00:43:06.070] BAD_PACKET[TCP_prs2026hitl_7100] unknown packet ID 0x29; discarded 1 byte(s)
[00:43:06.071] BAD_PACKET[TCP_prs2026hitl_7100] unknown packet ID 0x20; discarded 1 byte(s)
[00:43:06.071] BAD_PACKET[TCP_prs2026hitl_7100] unknown packet ID 0x61; discarded 1 byte(s)
[00:43:06.071] BAD_PACKET[TCP_prs2026hitl_7100] unknown packet ID 0x70; discarded 1 byte(s)
[00:43:06.072] BAD_PACKET[TCP_prs2026hitl_7100] unknown packet ID 0x65; discarded 1 byte(s)
[00:43:06.072] BAD_PACKET[TCP_prs2026hitl_7100] unknown packet ID 0x72; discarded 1 byte(s)
[00:43:06.072] BAD_PACKET[TCP_prs2026hitl_7100] unknown packet ID 0x74; discarded 1 byte(s)
[00:43:06.073] BAD_PACKET[TCP_prs2026hitl_7100] unknown packet ID 0x75; discarded 1 byte(s)
[00:43:06.073] BAD_PACKET[TCP_prs2026hitl_7100] unknown packet ID 0x72; discarded 1 byte(s)
[00:43:06.073] BAD_PACKET[TCP_prs2026hitl_7100] unknown packet ID 0x65; discarded 1 byte(s)
[00:43:06.074] BAD_PACKET[TCP_prs2026hitl_7100] unknown packet ID 0x3a; discarded 1 byte(s)
[00:43:06.074] BAD_PACKET[TCP_prs2026hitl_7100] unknown packet ID 0x20; discarded 1 byte(s)
[00:43:06.074] BAD_PACKET[TCP_prs2026hitl_7100] unknown packet ID 0x53; discarded 1 byte(s)
[00:43:06.075] BAD_PACKET[TCP_prs2026hitl_7100] unknown packet ID 0x65; discarded 1 byte(s)
[00:43:06.075] BAD_PACKET[TCP_prs2026hitl_7100] unknown packet ID 0x6e; discarded 1 byte(s)
[00:43:06.075] BAD_PACKET[TCP_prs2026hitl_7100] unknown packet ID 0x64; discarded 1 byte(s)
[00:43:06.075] BAD_PACKET[TCP_prs2026hitl_7100] unknown packet ID 0x69; discarded 1 byte(s)
[00:43:06.076] BAD_PACKET[TCP_prs2026hitl_7100] unknown packet ID 0x6e; discarded 1 byte(s)
[00:43:06.079] BAD_PACKET[TCP_prs2026hitl_7100] unknown packet ID 0x67; discarded 1 byte(s)
[00:43:06.081] BAD_PACKET[TCP_prs2026hitl_7100] unknown packet ID 0x20; discarded 1 byte(s)
[00:43:06.081] BAD_PACKET[TCP_prs2026hitl_7100] unknown packet ID 0x68; discarded 1 byte(s)
[00:43:06.082] BAD_PACKET[TCP_prs2026hitl_7100] unknown packet ID 0x65; discarded 1 byte(s)
[00:43:06.082] BAD_PACKET[TCP_prs2026hitl_7100] unknown packet ID 0x61; discarded 1 byte(s)
[00:43:06.082] BAD_PACKET[TCP_prs2026hitl_7100] unknown packet ID 0x72; discarded 1 byte(s)
[00:43:06.082] BAD_PACKET[TCP_prs2026hitl_7100] unknown packet ID 0x74; discarded 1 byte(s)
[00:43:06.083] BAD_PACKET[TCP_prs2026hitl_7100] unknown packet ID 0x62; discarded 1 byte(s)
[00:43:06.083] BAD_PACKET[TCP_prs2026hitl_7100] unknown packet ID 0x65; discarded 1 byte(s)
[00:43:06.083] BAD_PACKET[TCP_prs2026hitl_7100] unknown packet ID 0x61; discarded 1 byte(s)
[00:43:06.084] BAD_PACKET[TCP_prs2026hitl_7100] unknown packet ID 0x74; discarded 1 byte(s)
[00:43:06.084] BAD_PACKET[TCP_prs2026hitl_7100] unknown packet ID 0x20; discarded 1 byte(s)
[00:43:06.084] BAD_PACKET[TCP_prs2026hitl_7100] unknown packet ID 0x28; discarded 1 byte(s)
[00:43:06.085] BAD_PACKET[TCP_prs2026hitl_7100] unknown packet ID 0x38; discarded 1 byte(s)
[00:43:06.085] BAD_PACKET[TCP_prs2026hitl_7100] unknown packet ID 0x20; discarded 1 byte(s)
[00:43:06.085] BAD_PACKET[TCP_prs2026hitl_7100] unknown packet ID 0x62; discarded 1 byte(s)
[00:43:06.086] BAD_PACKET[TCP_prs2026hitl_7100] unknown packet ID 0x79; discarded 1 byte(s)
[00:43:06.086] BAD_PACKET[TCP_prs2026hitl_7100] unknown packet ID 0x74; discarded 1 byte(s)
[00:43:06.086] BAD_PACKET[TCP_prs2026hitl_7100] unknown packet ID 0x65; discarded 1 byte(s)
[00:43:06.087] BAD_PACKET[TCP_prs2026hitl_7100] unknown packet ID 0x73; discarded 1 byte(s)
[00:43:06.087] BAD_PACKET[TCP_prs2026hitl_7100] unknown packet ID 0x29; discarded 1 byte(s)
[00:43:06.087] BAD_PACKET[TCP_prs2026hitl_7100] unknown packet ID 0x0d; discarded 1 byte(s)
[00:43:06.088] BAD_PACKET[TCP_prs2026hitl_7100] unknown packet ID 0x0a; discarded 1 byte(s)
[00:43:06.144] RX[TCP_prs2026hitl_7100]  49 20 28 31 37 36 34 33 34 36 29 20 61 70 65 72 74 75 72 65 3a 20 48 65 61 72 74 62 65 61 74 20 73 65 6e 74 0d 0a
[00:43:06.148] BAD_PACKET[TCP_prs2026hitl_7100] unknown packet ID 0x49; discarded 1 byte(s)
[00:43:06.148] BAD_PACKET[TCP_prs2026hitl_7100] unknown packet ID 0x20; discarded 1 byte(s)
[00:43:06.149] BAD_PACKET[TCP_prs2026hitl_7100] unknown packet ID 0x28; discarded 1 byte(s)
[00:43:06.150] BAD_PACKET[TCP_prs2026hitl_7100] unknown packet ID 0x31; discarded 1 byte(s)
[00:43:06.151] BAD_PACKET[TCP_prs2026hitl_7100] unknown packet ID 0x37; discarded 1 byte(s)
[00:43:06.152] BAD_PACKET[TCP_prs2026hitl_7100] unknown packet ID 0x36; discarded 1 byte(s)
[00:43:06.152] BAD_PACKET[TCP_prs2026hitl_7100] unknown packet ID 0x34; discarded 1 byte(s)
[00:43:06.154] BAD_PACKET[TCP_prs2026hitl_7100] unknown packet ID 0x33; discarded 1 byte(s)
[00:43:06.155] BAD_PACKET[TCP_prs2026hitl_7100] unknown packet ID 0x34; discarded 1 byte(s)
[00:43:06.156] BAD_PACKET[TCP_prs2026hitl_7100] unknown packet ID 0x36; discarded 1 byte(s)
[00:43:06.156] BAD_PACKET[TCP_prs2026hitl_7100] unknown packet ID 0x29; discarded 1 byte(s)
[00:43:06.157] BAD_PACKET[TCP_prs2026hitl_7100] unknown packet ID 0x20; discarded 1 byte(s)
[00:43:06.158] BAD_PACKET[TCP_prs2026hitl_7100] unknown packet ID 0x61; discarded 1 byte(s)
[00:43:06.158] BAD_PACKET[TCP_prs2026hitl_7100] unknown packet ID 0x70; discarded 1 byte(s)
[00:43:06.159] BAD_PACKET[TCP_prs2026hitl_7100] unknown packet ID 0x65; discarded 1 byte(s)
[00:43:06.159] BAD_PACKET[TCP_prs2026hitl_7100] unknown packet ID 0x72; discarded 1 byte(s)
[00:43:06.160] BAD_PACKET[TCP_prs2026hitl_7100] unknown packet ID 0x74; discarded 1 byte(s)
[00:43:06.160] BAD_PACKET[TCP_prs2026hitl_7100] unknown packet ID 0x75; discarded 1 byte(s)
[00:43:06.160] BAD_PACKET[TCP_prs2026hitl_7100] unknown packet ID 0x72; discarded 1 byte(s)
[00:43:06.160] BAD_PACKET[TCP_prs2026hitl_7100] unknown packet ID 0x65; discarded 1 byte(s)
[00:43:06.161] BAD_PACKET[TCP_prs2026hitl_7100] unknown packet ID 0x3a; discarded 1 byte(s)
[00:43:06.161] BAD_PACKET[TCP_prs2026hitl_7100] unknown packet ID 0x20; discarded 1 byte(s)
[00:43:06.162] BAD_PACKET[TCP_prs2026hitl_7100] unknown packet ID 0x48; discarded 1 byte(s)
[00:43:06.162] BAD_PACKET[TCP_prs2026hitl_7100] unknown packet ID 0x65; discarded 1 byte(s)
[00:43:06.163] BAD_PACKET[TCP_prs2026hitl_7100] unknown packet ID 0x61; discarded 1 byte(s)
[00:43:06.163] BAD_PACKET[TCP_prs2026hitl_7100] unknown packet ID 0x72; discarded 1 byte(s)
[00:43:06.163] BAD_PACKET[TCP_prs2026hitl_7100] unknown packet ID 0x74; discarded 1 byte(s)
[00:43:06.164] BAD_PACKET[TCP_prs2026hitl_7100] unknown packet ID 0x62; discarded 1 byte(s)
[00:43:06.164] BAD_PACKET[TCP_prs2026hitl_7100] unknown packet ID 0x65; discarded 1 byte(s)
[00:43:06.165] BAD_PACKET[TCP_prs2026hitl_7100] unknown packet ID 0x61; discarded 1 byte(s)
[00:43:06.165] BAD_PACKET[TCP_prs2026hitl_7100] unknown packet ID 0x74; discarded 1 byte(s)
[00:43:06.166] BAD_PACKET[TCP_prs2026hitl_7100] unknown packet ID 0x20; discarded 1 byte(s)
[00:43:06.172] BAD_PACKET[TCP_prs2026hitl_7100] unknown packet ID 0x73; discarded 1 byte(s)
[00:43:06.172] BAD_PACKET[TCP_prs2026hitl_7100] unknown packet ID 0x65; discarded 1 byte(s)
[00:43:06.174] BAD_PACKET[TCP_prs2026hitl_7100] unknown packet ID 0x6e; discarded 1 byte(s)
[00:43:06.175] BAD_PACKET[TCP_prs2026hitl_7100] unknown packet ID 0x74; discarded 1 byte(s)
[00:43:06.175] BAD_PACKET[TCP_prs2026hitl_7100] unknown packet ID 0x0d; discarded 1 byte(s)
[00:43:06.176] BAD_PACKET[TCP_prs2026hitl_7100] unknown packet ID 0x0a; discarded 1 byte(s)
[00:43:06.176] RX[COM10]  01
[00:43:06.177] RX[COM10]  66 00 00 00 50 b2 00 01 62 00 03 87 ff 9b f8 ff d4 00 16 00 28 0a
[00:43:06.177] PACKET[COM10] sensors: status=26112, uptime=20658, filtered_accel=[0.01416, 0.03612, -1.02432], gyro=[-3.08, 1.54, 2.8]
[00:43:06.230] RX[COM10]  01
[00:43:06.232] RX[COM10]  66 00 00 00 51 16 00 01 56 00 03 87 ff 9b d4 ff d5 00 15 00 28 0a
[00:43:06.232] PACKET[COM10] sensors: status=26112, uptime=20758, filtered_accel=[0.01368, 0.03612, -1.02576], gyro=[-3.01, 1.47, 2.8]
[00:43:06.346] RX[COM10]  01
[00:43:06.346] RX[COM10]  6e 00 00 00 51 7a 00 01 62 00 03 9f ff 9b e0 ff d4 00 15 00 27 0a
[00:43:06.347] PACKET[COM10] sensors: status=28160, uptime=20858, filtered_accel=[0.01416, 0.03708, -1.02528], gyro=[-3.08, 1.47, 2.73]
[00:43:06.460] RX[COM10]  01
[00:43:06.460] RX[COM10]  6e 00 00 00 51 de 00 01 62 00 03 93 ff 9b ec ff d5 00 15 00 27 0a
[00:43:06.461] PACKET[COM10] sensors: status=28160, uptime=20958, filtered_accel=[0.01416, 0.0366, -1.0248], gyro=[-3.01, 1.47, 2.73]
[00:43:06.576] RX[COM10]  01
[00:43:06.577] RX[COM10]  6e 00 00 00 52 42 00 01 56 00 03 93 ff 9b ec ff d5 00 15 00 28 0a
[00:43:06.578] PACKET[COM10] sensors: status=28160, uptime=21058, filtered_accel=[0.01368, 0.0366, -1.0248], gyro=[-3.01, 1.47, 2.8]
[00:43:06.636] RX[COM10]  01
[00:43:06.637] RX[COM10]  6e 00 00 00 52 a6 00 01 62 00 03 87 ff 9b f8 ff d4 00 15 00 27 0a 03 00 00 00 00 00 00 00 00 00 18 eb 1d 00 00 00 14 44 0a
[00:43:06.638] PACKET[COM10] sensors: status=28160, uptime=21158, filtered_accel=[0.01416, 0.03612, -1.02432], gyro=[-3.08, 1.47, 2.73]
[00:43:06.639] PACKET[COM10] camera: fc_status=0, fc_uptime=0, status=0, uptime=1633053, current_sense=[0.0, 0.0, 0.0], iris_battery_voltage=5.188
[00:43:06.701] RX[COM10]  02
[00:43:06.702] RX[COM10]  6e 00 00 00 52 ec 00 00 00 00 00 00 00 00 00 00 00 00 00 00 00 00 00 00 00 00 00 00 00 00 00 00 00 00 00 00 00 00 00 00 00 00 00 00 00 00 00 00 00 00 00 00 00 00 00 00 43 68 5b e2 13 f8 0a ff 6f 00 00 00 52 ec 0a
[00:43:06.703] PACKET[COM10] state: status=28160, uptime=21228, orientation=[0.0, 0.0, 0.0, 0.0], position=[0.0, 0.0, 0.0], velocity=[0.0, 0.0, 0.0], latitude=0.0, longitude=0.0, gps_altitude=0.0, barometric_altitude=232.358917, witness_battery_voltage=5.112
[00:43:06.704] PACKET[COM10] heartbeat: status=28416, uptime=21228
[00:43:06.868] RX[COM10]  01
[00:43:06.869] RX[COM10]  6f 00 00 00 53 6e 00 01 56 00 03 93 ff 9c 11 ff fd 00 02 ff fc 0a
[00:43:06.870] PACKET[COM10] sensors: status=28416, uptime=21358, filtered_accel=[0.01368, 0.0366, -1.02332], gyro=[-0.21, 0.14, -0.28]
[00:43:06.871] RX[TCP_prs2026hitl_7100]  02 6e 00 00 00 52 ec 00 00 00 00 00 00 00 00 00 00 00 00 00 00 00 00 00 00 00 00 00 00 00 00 00 00 00 00 00 00 00 00 00 00 00 00 00 00 00 00 00 00 00 00 00 00 00 00 00 00 43 68 5b e2 13 f8 0a
[00:43:06.871] PACKET[TCP_prs2026hitl_7100] state: status=28160, uptime=21228, orientation=[0.0, 0.0, 0.0, 0.0], position=[0.0, 0.0, 0.0], velocity=[0.0, 0.0, 0.0], latitude=0.0, longitude=0.0, gps_altitude=0.0, barometric_altitude=232.358917, witness_battery_voltage=5.112
[00:43:06.935] RX[COM10]  01
[00:43:06.937] RX[COM10]  67 00 00 00 53 d2 00 01 62 00 03 93 ff 9c 04 ff d5 00 15 00 27 0a
[00:43:06.938] PACKET[COM10] sensors: status=26368, uptime=21458, filtered_accel=[0.01416, 0.0366, -1.02384], gyro=[-3.01, 1.47, 2.73]
[00:43:07.051] RX[COM10]  01
[00:43:07.054] RX[COM10]  6f 00 00 00 54 36 00 01 56 00 03 87 ff 9b f8 ff d4 00 15 00 27 0a
[00:43:07.064] PACKET[COM10] sensors: status=28416, uptime=21558, filtered_accel=[0.01368, 0.03612, -1.02432], gyro=[-3.08, 1.47, 2.73]
[00:43:07.064] RX[TCP_prs2026hitl_7100]  49 20 28 31 37 36 35 33 30 36 29 20 61 70 65 72 74 75 72 65 3a 20 53 65 6e 64 69 6e 67 20 68 65 61 72 74 62 65 61 74 20 28 38 20 62 79 74 65 73 29 0d 0a
[00:43:07.065] BAD_PACKET[TCP_prs2026hitl_7100] unknown packet ID 0x49; discarded 1 byte(s)
[00:43:07.068] BAD_PACKET[TCP_prs2026hitl_7100] unknown packet ID 0x20; discarded 1 byte(s)
[00:43:07.071] BAD_PACKET[TCP_prs2026hitl_7100] unknown packet ID 0x28; discarded 1 byte(s)
[00:43:07.073] BAD_PACKET[TCP_prs2026hitl_7100] unknown packet ID 0x31; discarded 1 byte(s)
[00:43:07.076] BAD_PACKET[TCP_prs2026hitl_7100] unknown packet ID 0x37; discarded 1 byte(s)
[00:43:07.077] BAD_PACKET[TCP_prs2026hitl_7100] unknown packet ID 0x36; discarded 1 byte(s)
[00:43:07.078] BAD_PACKET[TCP_prs2026hitl_7100] unknown packet ID 0x35; discarded 1 byte(s)
[00:43:07.079] BAD_PACKET[TCP_prs2026hitl_7100] unknown packet ID 0x33; discarded 1 byte(s)
[00:43:07.080] BAD_PACKET[TCP_prs2026hitl_7100] unknown packet ID 0x30; discarded 1 byte(s)
[00:43:07.081] BAD_PACKET[TCP_prs2026hitl_7100] unknown packet ID 0x36; discarded 1 byte(s)
[00:43:07.083] BAD_PACKET[TCP_prs2026hitl_7100] unknown packet ID 0x29; discarded 1 byte(s)
[00:43:07.084] BAD_PACKET[TCP_prs2026hitl_7100] unknown packet ID 0x20; discarded 1 byte(s)
[00:43:07.088] BAD_PACKET[TCP_prs2026hitl_7100] unknown packet ID 0x61; discarded 1 byte(s)
[00:43:07.092] BAD_PACKET[TCP_prs2026hitl_7100] unknown packet ID 0x70; discarded 1 byte(s)
[00:43:07.093] BAD_PACKET[TCP_prs2026hitl_7100] unknown packet ID 0x65; discarded 1 byte(s)
[00:43:07.094] BAD_PACKET[TCP_prs2026hitl_7100] unknown packet ID 0x72; discarded 1 byte(s)
[00:43:07.094] BAD_PACKET[TCP_prs2026hitl_7100] unknown packet ID 0x74; discarded 1 byte(s)
[00:43:07.095] BAD_PACKET[TCP_prs2026hitl_7100] unknown packet ID 0x75; discarded 1 byte(s)
[00:43:07.096] BAD_PACKET[TCP_prs2026hitl_7100] unknown packet ID 0x72; discarded 1 byte(s)
[00:43:07.096] BAD_PACKET[TCP_prs2026hitl_7100] unknown packet ID 0x65; discarded 1 byte(s)
[00:43:07.096] BAD_PACKET[TCP_prs2026hitl_7100] unknown packet ID 0x3a; discarded 1 byte(s)
[00:43:07.097] BAD_PACKET[TCP_prs2026hitl_7100] unknown packet ID 0x20; discarded 1 byte(s)
[00:43:07.097] BAD_PACKET[TCP_prs2026hitl_7100] unknown packet ID 0x53; discarded 1 byte(s)
[00:43:07.097] BAD_PACKET[TCP_prs2026hitl_7100] unknown packet ID 0x65; discarded 1 byte(s)
[00:43:07.098] BAD_PACKET[TCP_prs2026hitl_7100] unknown packet ID 0x6e; discarded 1 byte(s)
[00:43:07.098] BAD_PACKET[TCP_prs2026hitl_7100] unknown packet ID 0x64; discarded 1 byte(s)
[00:43:07.098] BAD_PACKET[TCP_prs2026hitl_7100] unknown packet ID 0x69; discarded 1 byte(s)
[00:43:07.099] BAD_PACKET[TCP_prs2026hitl_7100] unknown packet ID 0x6e; discarded 1 byte(s)
[00:43:07.099] BAD_PACKET[TCP_prs2026hitl_7100] unknown packet ID 0x67; discarded 1 byte(s)
[00:43:07.099] BAD_PACKET[TCP_prs2026hitl_7100] unknown packet ID 0x20; discarded 1 byte(s)
[00:43:07.100] BAD_PACKET[TCP_prs2026hitl_7100] unknown packet ID 0x68; discarded 1 byte(s)
[00:43:07.100] BAD_PACKET[TCP_prs2026hitl_7100] unknown packet ID 0x65; discarded 1 byte(s)
[00:43:07.100] BAD_PACKET[TCP_prs2026hitl_7100] unknown packet ID 0x61; discarded 1 byte(s)
[00:43:07.106] BAD_PACKET[TCP_prs2026hitl_7100] unknown packet ID 0x72; discarded 1 byte(s)
[00:43:07.110] BAD_PACKET[TCP_prs2026hitl_7100] unknown packet ID 0x74; discarded 1 byte(s)
[00:43:07.110] BAD_PACKET[TCP_prs2026hitl_7100] unknown packet ID 0x62; discarded 1 byte(s)
[00:43:07.111] BAD_PACKET[TCP_prs2026hitl_7100] unknown packet ID 0x65; discarded 1 byte(s)
[00:43:07.111] BAD_PACKET[TCP_prs2026hitl_7100] unknown packet ID 0x61; discarded 1 byte(s)
[00:43:07.111] BAD_PACKET[TCP_prs2026hitl_7100] unknown packet ID 0x74; discarded 1 byte(s)
[00:43:07.112] BAD_PACKET[TCP_prs2026hitl_7100] unknown packet ID 0x20; discarded 1 byte(s)
[00:43:07.112] BAD_PACKET[TCP_prs2026hitl_7100] unknown packet ID 0x28; discarded 1 byte(s)
[00:43:07.113] BAD_PACKET[TCP_prs2026hitl_7100] unknown packet ID 0x38; discarded 1 byte(s)
[00:43:07.113] BAD_PACKET[TCP_prs2026hitl_7100] unknown packet ID 0x20; discarded 1 byte(s)
[00:43:07.113] BAD_PACKET[TCP_prs2026hitl_7100] unknown packet ID 0x62; discarded 1 byte(s)
[00:43:07.114] BAD_PACKET[TCP_prs2026hitl_7100] unknown packet ID 0x79; discarded 1 byte(s)
[00:43:07.114] BAD_PACKET[TCP_prs2026hitl_7100] unknown packet ID 0x74; discarded 1 byte(s)
[00:43:07.114] BAD_PACKET[TCP_prs2026hitl_7100] unknown packet ID 0x65; discarded 1 byte(s)
[00:43:07.115] BAD_PACKET[TCP_prs2026hitl_7100] unknown packet ID 0x73; discarded 1 byte(s)
[00:43:07.115] BAD_PACKET[TCP_prs2026hitl_7100] unknown packet ID 0x29; discarded 1 byte(s)
[00:43:07.115] BAD_PACKET[TCP_prs2026hitl_7100] unknown packet ID 0x0d; discarded 1 byte(s)
[00:43:07.116] BAD_PACKET[TCP_prs2026hitl_7100] unknown packet ID 0x0a; discarded 1 byte(s)
[00:43:07.168] RX[COM10]  01
[00:43:07.169] RX[COM10]  6f 00 00 00 54 9a 00 01 56 00 03 93 ff 9b ec ff d5 00 15 00 27 0a
[00:43:07.170] PACKET[COM10] sensors: status=28416, uptime=21658, filtered_accel=[0.01368, 0.0366, -1.0248], gyro=[-3.01, 1.47, 2.73]
[00:43:07.170] RX[TCP_prs2026hitl_7100]  49 20 28 31 37 36 35 33 34 36 29 20 61 70 65 72 74 75 72 65 3a 20 48 65 61 72 74 62 65 61 74 20 73 65 6e 74 0d 0a
[00:43:07.170] BAD_PACKET[TCP_prs2026hitl_7100] unknown packet ID 0x49; discarded 1 byte(s)
[00:43:07.171] BAD_PACKET[TCP_prs2026hitl_7100] unknown packet ID 0x20; discarded 1 byte(s)
[00:43:07.171] BAD_PACKET[TCP_prs2026hitl_7100] unknown packet ID 0x28; discarded 1 byte(s)
[00:43:07.171] BAD_PACKET[TCP_prs2026hitl_7100] unknown packet ID 0x31; discarded 1 byte(s)
[00:43:07.172] BAD_PACKET[TCP_prs2026hitl_7100] unknown packet ID 0x37; discarded 1 byte(s)
[00:43:07.172] BAD_PACKET[TCP_prs2026hitl_7100] unknown packet ID 0x36; discarded 1 byte(s)
[00:43:07.172] BAD_PACKET[TCP_prs2026hitl_7100] unknown packet ID 0x35; discarded 1 byte(s)
[00:43:07.173] BAD_PACKET[TCP_prs2026hitl_7100] unknown packet ID 0x33; discarded 1 byte(s)
[00:43:07.173] BAD_PACKET[TCP_prs2026hitl_7100] unknown packet ID 0x34; discarded 1 byte(s)
[00:43:07.173] BAD_PACKET[TCP_prs2026hitl_7100] unknown packet ID 0x36; discarded 1 byte(s)
[00:43:07.174] BAD_PACKET[TCP_prs2026hitl_7100] unknown packet ID 0x29; discarded 1 byte(s)
[00:43:07.174] BAD_PACKET[TCP_prs2026hitl_7100] unknown packet ID 0x20; discarded 1 byte(s)
[00:43:07.174] BAD_PACKET[TCP_prs2026hitl_7100] unknown packet ID 0x61; discarded 1 byte(s)
[00:43:07.174] BAD_PACKET[TCP_prs2026hitl_7100] unknown packet ID 0x70; discarded 1 byte(s)
[00:43:07.175] BAD_PACKET[TCP_prs2026hitl_7100] unknown packet ID 0x65; discarded 1 byte(s)
[00:43:07.175] BAD_PACKET[TCP_prs2026hitl_7100] unknown packet ID 0x72; discarded 1 byte(s)
[00:43:07.176] BAD_PACKET[TCP_prs2026hitl_7100] unknown packet ID 0x74; discarded 1 byte(s)
[00:43:07.176] BAD_PACKET[TCP_prs2026hitl_7100] unknown packet ID 0x75; discarded 1 byte(s)
[00:43:07.176] BAD_PACKET[TCP_prs2026hitl_7100] unknown packet ID 0x72; discarded 1 byte(s)
[00:43:07.177] BAD_PACKET[TCP_prs2026hitl_7100] unknown packet ID 0x65; discarded 1 byte(s)
[00:43:07.177] BAD_PACKET[TCP_prs2026hitl_7100] unknown packet ID 0x3a; discarded 1 byte(s)
[00:43:07.177] BAD_PACKET[TCP_prs2026hitl_7100] unknown packet ID 0x20; discarded 1 byte(s)
[00:43:07.178] BAD_PACKET[TCP_prs2026hitl_7100] unknown packet ID 0x48; discarded 1 byte(s)
[00:43:07.179] BAD_PACKET[TCP_prs2026hitl_7100] unknown packet ID 0x65; discarded 1 byte(s)
[00:43:07.179] BAD_PACKET[TCP_prs2026hitl_7100] unknown packet ID 0x61; discarded 1 byte(s)
[00:43:07.179] BAD_PACKET[TCP_prs2026hitl_7100] unknown packet ID 0x72; discarded 1 byte(s)
[00:43:07.180] BAD_PACKET[TCP_prs2026hitl_7100] unknown packet ID 0x74; discarded 1 byte(s)
[00:43:07.180] BAD_PACKET[TCP_prs2026hitl_7100] unknown packet ID 0x62; discarded 1 byte(s)
[00:43:07.180] BAD_PACKET[TCP_prs2026hitl_7100] unknown packet ID 0x65; discarded 1 byte(s)
[00:43:07.181] BAD_PACKET[TCP_prs2026hitl_7100] unknown packet ID 0x61; discarded 1 byte(s)
[00:43:07.181] BAD_PACKET[TCP_prs2026hitl_7100] unknown packet ID 0x74; discarded 1 byte(s)
[00:43:07.181] BAD_PACKET[TCP_prs2026hitl_7100] unknown packet ID 0x20; discarded 1 byte(s)
[00:43:07.182] BAD_PACKET[TCP_prs2026hitl_7100] unknown packet ID 0x73; discarded 1 byte(s)
[00:43:07.182] BAD_PACKET[TCP_prs2026hitl_7100] unknown packet ID 0x65; discarded 1 byte(s)
[00:43:07.182] BAD_PACKET[TCP_prs2026hitl_7100] unknown packet ID 0x6e; discarded 1 byte(s)
[00:43:07.183] BAD_PACKET[TCP_prs2026hitl_7100] unknown packet ID 0x74; discarded 1 byte(s)
[00:43:07.183] BAD_PACKET[TCP_prs2026hitl_7100] unknown packet ID 0x0d; discarded 1 byte(s)
[00:43:07.183] BAD_PACKET[TCP_prs2026hitl_7100] unknown packet ID 0x0a; discarded 1 byte(s)
[00:43:07.241] RX[COM10]  01
[00:43:07.242] RX[COM10]  6f 00 00 00 54 fe 00 01 62 00 03 93 ff 9b e0 ff d5 00 15 00 28 0a
[00:43:07.243] PACKET[COM10] sensors: status=28416, uptime=21758, filtered_accel=[0.01416, 0.0366, -1.02528], gyro=[-3.01, 1.47, 2.8]
[00:43:07.353] RX[COM10]  01
[00:43:07.354] RX[COM10]  6f 00 00 00 55 62 00 01 56 00 03 87 ff 9b d4 ff d5 00 15 00 28 0a
[00:43:07.355] PACKET[COM10] sensors: status=28416, uptime=21858, filtered_accel=[0.01368, 0.03612, -1.02576], gyro=[-3.01, 1.47, 2.8]
[00:43:07.461] RX[COM10]  01
[00:43:07.462] RX[COM10]  67 00 00 00 55 c6 00 01 62 00 03 9f ff 9b ec ff d5 00 15 00 27 0a
[00:43:07.463] PACKET[COM10] sensors: status=26368, uptime=21958, filtered_accel=[0.01416, 0.03708, -1.0248], gyro=[-3.01, 1.47, 2.73]
[00:43:07.570] RX[COM10]  01
[00:43:07.570] RX[COM10]  67 00 00 00 56 2a 00 01 6e 00 03 87 ff 9c 04 ff d5 00 15 00 27 0a
[00:43:07.572] PACKET[COM10] sensors: status=26368, uptime=22058, filtered_accel=[0.01464, 0.03612, -1.02384], gyro=[-3.01, 1.47, 2.73]
[00:43:07.627] RX[COM10]  01
[00:43:07.628] RX[COM10]  67 00 00 00 56 8e 00 01 62 00 03 87 ff 9b f8 ff d5 00 16 00 27 0a 03 00 00 00 00 00 00 00 00 00 18 ef 05 00 00 00 14 44 0a
[00:43:07.629] PACKET[COM10] sensors: status=26368, uptime=22158, filtered_accel=[0.01416, 0.03612, -1.02432], gyro=[-3.01, 1.54, 2.73]
[00:43:07.630] PACKET[COM10] camera: fc_status=0, fc_uptime=0, status=0, uptime=1634053, current_sense=[0.0, 0.0, 0.0], iris_battery_voltage=5.188
[00:43:07.744] RX[COM10]  02
[00:43:07.747] RX[COM10]  67 00 00 00 56 d4 00 00 00 00 00 00 00 00 00 00 00 00 00 00 00 00 00 00 00 00 00 00 00 00 00 00 00 00 00 00 00 00 00 00 00 00 00 00 00 00 00 00 00 00 00 00 00 00 00 00 43 68 30 98 13 f8 0a ff 66 00 00 00 56 d4 0a
[00:43:07.748] PACKET[COM10] state: status=26368, uptime=22228, orientation=[0.0, 0.0, 0.0, 0.0], position=[0.0, 0.0, 0.0], velocity=[0.0, 0.0, 0.0], latitude=0.0, longitude=0.0, gps_altitude=0.0, barometric_altitude=232.189819, witness_battery_voltage=5.112
[00:43:07.748] PACKET[COM10] heartbeat: status=26112, uptime=22228
[00:43:07.855] RX[COM10]  01
[00:43:07.855] RX[COM10]  6e 00 00 00 57 56 00 01 62 00 03 93 ff 9c 1d ff fd 00 02 ff fc 0a
[00:43:07.856] PACKET[COM10] sensors: status=28160, uptime=22358, filtered_accel=[0.01416, 0.0366, -1.02284], gyro=[-0.21, 0.14, -0.28]
[00:43:07.857] RX[TCP_prs2026hitl_7100]  02 67 00 00 00 56 d4 00 00 00 00 00 00 00 00 00 00 00 00 00 00 00 00 00 00 00 00 00 00 00 00 00 00 00 00 00 00 00 00 00 00 00 00 00 00 00 00 00 00 00 00 00 00 00 00 00 00 43 68 30 98 13 f8 0a
[00:43:07.858] PACKET[TCP_prs2026hitl_7100] state: status=26368, uptime=22228, orientation=[0.0, 0.0, 0.0, 0.0], position=[0.0, 0.0, 0.0], velocity=[0.0, 0.0, 0.0], latitude=0.0, longitude=0.0, gps_altitude=0.0, barometric_altitude=232.189819, witness_battery_voltage=5.112
[00:43:07.962] RX[COM10]  01
[00:43:07.962] RX[COM10]  6e 00 00 00 57 ba 00 01 7a 00 03 ab ff 9b e0 ff d5 00 15 00 27 0a
[00:43:07.963] PACKET[COM10] sensors: status=28160, uptime=22458, filtered_accel=[0.01512, 0.03756, -1.02528], gyro=[-3.01, 1.47, 2.73]
[00:43:08.026] RX[COM10]  01
[00:43:08.028] RX[COM10]  6e 00 00 00 58 1e 00 01 49 00 03 93 ff 9b ec ff d5 00 15 00 27 0a
[00:43:08.029] PACKET[COM10] sensors: status=28160, uptime=22558, filtered_accel=[0.01316, 0.0366, -1.0248], gyro=[-3.01, 1.47, 2.73]
[00:43:08.093] RX[TCP_prs2026hitl_7100]  49 20 28 31 37 36 36 33 30 36 29 20 61 70 65 72 74 75 72 65 3a 20 53 65 6e 64 69 6e 67 20 68 65 61 72 74 62 65 61 74 20 28 38 20 62 79 74 65 73 29 0d 0a
[00:43:08.095] BAD_PACKET[TCP_prs2026hitl_7100] unknown packet ID 0x49; discarded 1 byte(s)
[00:43:08.095] BAD_PACKET[TCP_prs2026hitl_7100] unknown packet ID 0x20; discarded 1 byte(s)
[00:43:08.096] BAD_PACKET[TCP_prs2026hitl_7100] unknown packet ID 0x28; discarded 1 byte(s)
[00:43:08.096] BAD_PACKET[TCP_prs2026hitl_7100] unknown packet ID 0x31; discarded 1 byte(s)
[00:43:08.097] BAD_PACKET[TCP_prs2026hitl_7100] unknown packet ID 0x37; discarded 1 byte(s)
[00:43:08.097] BAD_PACKET[TCP_prs2026hitl_7100] unknown packet ID 0x36; discarded 1 byte(s)
[00:43:08.098] BAD_PACKET[TCP_prs2026hitl_7100] unknown packet ID 0x36; discarded 1 byte(s)
[00:43:08.098] BAD_PACKET[TCP_prs2026hitl_7100] unknown packet ID 0x33; discarded 1 byte(s)
[00:43:08.099] BAD_PACKET[TCP_prs2026hitl_7100] unknown packet ID 0x30; discarded 1 byte(s)
[00:43:08.099] BAD_PACKET[TCP_prs2026hitl_7100] unknown packet ID 0x36; discarded 1 byte(s)
[00:43:08.099] BAD_PACKET[TCP_prs2026hitl_7100] unknown packet ID 0x29; discarded 1 byte(s)
[00:43:08.100] BAD_PACKET[TCP_prs2026hitl_7100] unknown packet ID 0x20; discarded 1 byte(s)
[00:43:08.100] BAD_PACKET[TCP_prs2026hitl_7100] unknown packet ID 0x61; discarded 1 byte(s)
[00:43:08.100] BAD_PACKET[TCP_prs2026hitl_7100] unknown packet ID 0x70; discarded 1 byte(s)
[00:43:08.100] BAD_PACKET[TCP_prs2026hitl_7100] unknown packet ID 0x65; discarded 1 byte(s)
[00:43:08.101] BAD_PACKET[TCP_prs2026hitl_7100] unknown packet ID 0x72; discarded 1 byte(s)
[00:43:08.101] BAD_PACKET[TCP_prs2026hitl_7100] unknown packet ID 0x74; discarded 1 byte(s)
[00:43:08.102] BAD_PACKET[TCP_prs2026hitl_7100] unknown packet ID 0x75; discarded 1 byte(s)
[00:43:08.102] BAD_PACKET[TCP_prs2026hitl_7100] unknown packet ID 0x72; discarded 1 byte(s)
[00:43:08.102] BAD_PACKET[TCP_prs2026hitl_7100] unknown packet ID 0x65; discarded 1 byte(s)
[00:43:08.103] BAD_PACKET[TCP_prs2026hitl_7100] unknown packet ID 0x3a; discarded 1 byte(s)
[00:43:08.103] BAD_PACKET[TCP_prs2026hitl_7100] unknown packet ID 0x20; discarded 1 byte(s)
[00:43:08.104] BAD_PACKET[TCP_prs2026hitl_7100] unknown packet ID 0x53; discarded 1 byte(s)
[00:43:08.104] BAD_PACKET[TCP_prs2026hitl_7100] unknown packet ID 0x65; discarded 1 byte(s)
[00:43:08.104] BAD_PACKET[TCP_prs2026hitl_7100] unknown packet ID 0x6e; discarded 1 byte(s)
[00:43:08.105] BAD_PACKET[TCP_prs2026hitl_7100] unknown packet ID 0x64; discarded 1 byte(s)
[00:43:08.105] BAD_PACKET[TCP_prs2026hitl_7100] unknown packet ID 0x69; discarded 1 byte(s)
[00:43:08.105] BAD_PACKET[TCP_prs2026hitl_7100] unknown packet ID 0x6e; discarded 1 byte(s)
[00:43:08.106] BAD_PACKET[TCP_prs2026hitl_7100] unknown packet ID 0x67; discarded 1 byte(s)
[00:43:08.106] BAD_PACKET[TCP_prs2026hitl_7100] unknown packet ID 0x20; discarded 1 byte(s)
[00:43:08.106] BAD_PACKET[TCP_prs2026hitl_7100] unknown packet ID 0x68; discarded 1 byte(s)
[00:43:08.106] BAD_PACKET[TCP_prs2026hitl_7100] unknown packet ID 0x65; discarded 1 byte(s)
[00:43:08.107] BAD_PACKET[TCP_prs2026hitl_7100] unknown packet ID 0x61; discarded 1 byte(s)
[00:43:08.107] BAD_PACKET[TCP_prs2026hitl_7100] unknown packet ID 0x72; discarded 1 byte(s)
[00:43:08.107] BAD_PACKET[TCP_prs2026hitl_7100] unknown packet ID 0x74; discarded 1 byte(s)
[00:43:08.108] BAD_PACKET[TCP_prs2026hitl_7100] unknown packet ID 0x62; discarded 1 byte(s)
[00:43:08.108] BAD_PACKET[TCP_prs2026hitl_7100] unknown packet ID 0x65; discarded 1 byte(s)
[00:43:08.109] BAD_PACKET[TCP_prs2026hitl_7100] unknown packet ID 0x61; discarded 1 byte(s)
[00:43:08.109] BAD_PACKET[TCP_prs2026hitl_7100] unknown packet ID 0x74; discarded 1 byte(s)
[00:43:08.109] BAD_PACKET[TCP_prs2026hitl_7100] unknown packet ID 0x20; discarded 1 byte(s)
[00:43:08.110] BAD_PACKET[TCP_prs2026hitl_7100] unknown packet ID 0x28; discarded 1 byte(s)
[00:43:08.110] BAD_PACKET[TCP_prs2026hitl_7100] unknown packet ID 0x38; discarded 1 byte(s)
[00:43:08.110] BAD_PACKET[TCP_prs2026hitl_7100] unknown packet ID 0x20; discarded 1 byte(s)
[00:43:08.111] BAD_PACKET[TCP_prs2026hitl_7100] unknown packet ID 0x62; discarded 1 byte(s)
[00:43:08.111] BAD_PACKET[TCP_prs2026hitl_7100] unknown packet ID 0x79; discarded 1 byte(s)
[00:43:08.112] BAD_PACKET[TCP_prs2026hitl_7100] unknown packet ID 0x74; discarded 1 byte(s)
[00:43:08.112] BAD_PACKET[TCP_prs2026hitl_7100] unknown packet ID 0x65; discarded 1 byte(s)
[00:43:08.112] BAD_PACKET[TCP_prs2026hitl_7100] unknown packet ID 0x73; discarded 1 byte(s)
[00:43:08.112] BAD_PACKET[TCP_prs2026hitl_7100] unknown packet ID 0x29; discarded 1 byte(s)
[00:43:08.113] BAD_PACKET[TCP_prs2026hitl_7100] unknown packet ID 0x0d; discarded 1 byte(s)
[00:43:08.113] BAD_PACKET[TCP_prs2026hitl_7100] unknown packet ID 0x0a; discarded 1 byte(s)
[00:43:08.113] RX[TCP_prs2026hitl_7100]  49 20 28 31 37 36 36 33 34 36 29 20 61 70 65 72 74 75 72 65 3a 20 48 65 61 72 74 62 65 61 74 20 73 65 6e 74 0d 0a
[00:43:08.114] BAD_PACKET[TCP_prs2026hitl_7100] unknown packet ID 0x49; discarded 1 byte(s)
[00:43:08.114] BAD_PACKET[TCP_prs2026hitl_7100] unknown packet ID 0x20; discarded 1 byte(s)
[00:43:08.114] BAD_PACKET[TCP_prs2026hitl_7100] unknown packet ID 0x28; discarded 1 byte(s)
[00:43:08.115] BAD_PACKET[TCP_prs2026hitl_7100] unknown packet ID 0x31; discarded 1 byte(s)
[00:43:08.115] BAD_PACKET[TCP_prs2026hitl_7100] unknown packet ID 0x37; discarded 1 byte(s)
[00:43:08.115] BAD_PACKET[TCP_prs2026hitl_7100] unknown packet ID 0x36; discarded 1 byte(s)
[00:43:08.116] BAD_PACKET[TCP_prs2026hitl_7100] unknown packet ID 0x36; discarded 1 byte(s)
[00:43:08.116] BAD_PACKET[TCP_prs2026hitl_7100] unknown packet ID 0x33; discarded 1 byte(s)
[00:43:08.116] BAD_PACKET[TCP_prs2026hitl_7100] unknown packet ID 0x34; discarded 1 byte(s)
[00:43:08.117] BAD_PACKET[TCP_prs2026hitl_7100] unknown packet ID 0x36; discarded 1 byte(s)
[00:43:08.117] BAD_PACKET[TCP_prs2026hitl_7100] unknown packet ID 0x29; discarded 1 byte(s)
[00:43:08.117] BAD_PACKET[TCP_prs2026hitl_7100] unknown packet ID 0x20; discarded 1 byte(s)
[00:43:08.118] BAD_PACKET[TCP_prs2026hitl_7100] unknown packet ID 0x61; discarded 1 byte(s)
[00:43:08.119] BAD_PACKET[TCP_prs2026hitl_7100] unknown packet ID 0x70; discarded 1 byte(s)
[00:43:08.119] BAD_PACKET[TCP_prs2026hitl_7100] unknown packet ID 0x65; discarded 1 byte(s)
[00:43:08.120] BAD_PACKET[TCP_prs2026hitl_7100] unknown packet ID 0x72; discarded 1 byte(s)
[00:43:08.120] BAD_PACKET[TCP_prs2026hitl_7100] unknown packet ID 0x74; discarded 1 byte(s)
[00:43:08.120] BAD_PACKET[TCP_prs2026hitl_7100] unknown packet ID 0x75; discarded 1 byte(s)
[00:43:08.120] BAD_PACKET[TCP_prs2026hitl_7100] unknown packet ID 0x72; discarded 1 byte(s)
[00:43:08.121] BAD_PACKET[TCP_prs2026hitl_7100] unknown packet ID 0x65; discarded 1 byte(s)
[00:43:08.121] BAD_PACKET[TCP_prs2026hitl_7100] unknown packet ID 0x3a; discarded 1 byte(s)
[00:43:08.121] BAD_PACKET[TCP_prs2026hitl_7100] unknown packet ID 0x20; discarded 1 byte(s)
[00:43:08.122] BAD_PACKET[TCP_prs2026hitl_7100] unknown packet ID 0x48; discarded 1 byte(s)
[00:43:08.122] BAD_PACKET[TCP_prs2026hitl_7100] unknown packet ID 0x65; discarded 1 byte(s)
[00:43:08.123] BAD_PACKET[TCP_prs2026hitl_7100] unknown packet ID 0x61; discarded 1 byte(s)
[00:43:08.124] BAD_PACKET[TCP_prs2026hitl_7100] unknown packet ID 0x72; discarded 1 byte(s)
[00:43:08.124] BAD_PACKET[TCP_prs2026hitl_7100] unknown packet ID 0x74; discarded 1 byte(s)
[00:43:08.124] BAD_PACKET[TCP_prs2026hitl_7100] unknown packet ID 0x62; discarded 1 byte(s)
[00:43:08.124] BAD_PACKET[TCP_prs2026hitl_7100] unknown packet ID 0x65; discarded 1 byte(s)
[00:43:08.125] BAD_PACKET[TCP_prs2026hitl_7100] unknown packet ID 0x61; discarded 1 byte(s)
[00:43:08.125] BAD_PACKET[TCP_prs2026hitl_7100] unknown packet ID 0x74; discarded 1 byte(s)
[00:43:08.125] BAD_PACKET[TCP_prs2026hitl_7100] unknown packet ID 0x20; discarded 1 byte(s)
[00:43:08.126] BAD_PACKET[TCP_prs2026hitl_7100] unknown packet ID 0x73; discarded 1 byte(s)
[00:43:08.126] BAD_PACKET[TCP_prs2026hitl_7100] unknown packet ID 0x65; discarded 1 byte(s)
[00:43:08.126] BAD_PACKET[TCP_prs2026hitl_7100] unknown packet ID 0x6e; discarded 1 byte(s)
[00:43:08.127] BAD_PACKET[TCP_prs2026hitl_7100] unknown packet ID 0x74; discarded 1 byte(s)
[00:43:08.127] BAD_PACKET[TCP_prs2026hitl_7100] unknown packet ID 0x0d; discarded 1 byte(s)
[00:43:08.127] BAD_PACKET[TCP_prs2026hitl_7100] unknown packet ID 0x0a; discarded 1 byte(s)
[00:43:08.128] RX[COM10]  01
[00:43:08.128] RX[COM10]  66 00 00 00 58 82 00 01 62 00 03 93 ff 9b f8 ff d4 00 15 00 28 0a
[00:43:08.129] PACKET[COM10] sensors: status=26112, uptime=22658, filtered_accel=[0.01416, 0.0366, -1.02432], gyro=[-3.08, 1.47, 2.8]
[00:43:08.244] RX[COM10]  01
[00:43:08.245] RX[COM10]  66 00 00 00 58 e6 00 01 56 00 03 93 ff 9c 04 ff d4 00 17 00 27 0a
[00:43:08.246] PACKET[COM10] sensors: status=26112, uptime=22758, filtered_accel=[0.01368, 0.0366, -1.02384], gyro=[-3.08, 1.61, 2.73]
[00:43:08.359] RX[COM10]  01
[00:43:08.361] RX[COM10]  66 00 00 00 59 4a 00 01 62 00 03 93 ff 9b ec ff d5 00 15 00 27 0a
[00:43:08.362] PACKET[COM10] sensors: status=26112, uptime=22858, filtered_accel=[0.01416, 0.0366, -1.0248], gyro=[-3.01, 1.47, 2.73]
[00:43:08.469] RX[COM10]  01
[00:43:08.471] RX[COM10]  6e 00 00 00 59 ae 00 01 62 00 03 87 ff 9c 04 ff d4 00 15 00 28 0a
[00:43:08.472] PACKET[COM10] sensors: status=28160, uptime=22958, filtered_accel=[0.01416, 0.03612, -1.02384], gyro=[-3.08, 1.47, 2.8]
[00:43:08.527] RX[COM10]  01
[00:43:08.528] RX[COM10]  6e 00 00 00 5a 12 00 01 49 00 03 9f ff 9b e0 ff d5 00 15 00 27 0a
[00:43:08.529] PACKET[COM10] sensors: status=28160, uptime=23058, filtered_accel=[0.01316, 0.03708, -1.02528], gyro=[-3.01, 1.47, 2.73]
[00:43:08.640] RX[COM10]  01
[00:43:08.641] RX[COM10]  6e 00 00 00 5a 76 00 01 62 00 03 93 ff 9b f8 ff d4 00 16 00 28 0a 03 00 00 00 00 00 00 00 00 00 18 f2 ed 00 00 00 14 40 0a
[00:43:08.642] PACKET[COM10] sensors: status=28160, uptime=23158, filtered_accel=[0.01416, 0.0366, -1.02432], gyro=[-3.08, 1.54, 2.8]
[00:43:08.643] PACKET[COM10] camera: fc_status=0, fc_uptime=0, status=0, uptime=1635053, current_sense=[0.0, 0.0, 0.0], iris_battery_voltage=5.184
[00:43:08.695] RX[COM10]  02
[00:43:08.697] RX[COM10]  6e 00 00 00 5a bc 00 00 00 00 00 00 00 00 00 00 00 00 00 00 00 00 00 00 00 00 00 00 00 00 00 00 00 00 00 00 00 00 00 00 00 00 00 00 00 00 00 00 00 00 00 00 00 00 00 00 43 68 30 98 13 f8 0a ff 6f 00 00 00 5a bc 0a
[00:43:08.698] PACKET[COM10] state: status=28160, uptime=23228, orientation=[0.0, 0.0, 0.0, 0.0], position=[0.0, 0.0, 0.0], velocity=[0.0, 0.0, 0.0], latitude=0.0, longitude=0.0, gps_altitude=0.0, barometric_altitude=232.189819, witness_battery_voltage=5.112
[00:43:08.699] PACKET[COM10] heartbeat: status=28416, uptime=23228
[00:43:08.868] RX[COM10]  01
[00:43:08.869] RX[COM10]  6f 00 00 00 5b 3e 00 01 56 00 03 93 ff 9b f8 ff fd 00 02 ff fc 0a
[00:43:08.870] PACKET[COM10] sensors: status=28416, uptime=23358, filtered_accel=[0.01368, 0.0366, -1.02432], gyro=[-0.21, 0.14, -0.28]
[00:43:08.871] RX[TCP_prs2026hitl_7100]  02 6e 00 00 00 5a bc 00 00 00 00 00 00 00 00 00 00 00 00 00 00 00 00 00 00 00 00 00 00 00 00 00 00 00 00 00 00 00 00 00 00 00 00 00 00 00 00 00 00 00 00 00 00 00 00 00 00 43 68 30 98 13 f8 0a
[00:43:08.871] PACKET[TCP_prs2026hitl_7100] state: status=28160, uptime=23228, orientation=[0.0, 0.0, 0.0, 0.0], position=[0.0, 0.0, 0.0], velocity=[0.0, 0.0, 0.0], latitude=0.0, longitude=0.0, gps_altitude=0.0, barometric_altitude=232.189819, witness_battery_voltage=5.112
[00:43:08.926] RX[COM10]  01
[00:43:08.927] RX[COM10]  67 00 00 00 5b a2 00 01 56 00 03 93 ff 9b ec ff d5 00 15 00 27 0a
[00:43:08.928] PACKET[COM10] sensors: status=26368, uptime=23458, filtered_accel=[0.01368, 0.0366, -1.0248], gyro=[-3.01, 1.47, 2.73]
[00:43:09.035] RX[COM10]  01
[00:43:09.035] RX[COM10]  6f 00 00 00 5c 06 00 01 56 00 03 93 ff 9b ec ff d5 00 14 00 27 0a
[00:43:09.037] PACKET[COM10] sensors: status=28416, uptime=23558, filtered_accel=[0.01368, 0.0366, -1.0248], gyro=[-3.01, 1.4, 2.73]
[00:43:09.094] RX[TCP_prs2026hitl_7100]  49 20 28 31 37 36 37 33 30 36 29 20 61 70 65 72 74 75 72 65 3a 20 53 65 6e 64 69 6e 67 20 68 65 61 72 74 62 65 61 74 20 28 38 20 62 79 74 65 73 29 0d 0a
[00:43:09.096] BAD_PACKET[TCP_prs2026hitl_7100] unknown packet ID 0x49; discarded 1 byte(s)
[00:43:09.096] BAD_PACKET[TCP_prs2026hitl_7100] unknown packet ID 0x20; discarded 1 byte(s)
[00:43:09.097] BAD_PACKET[TCP_prs2026hitl_7100] unknown packet ID 0x28; discarded 1 byte(s)
[00:43:09.097] BAD_PACKET[TCP_prs2026hitl_7100] unknown packet ID 0x31; discarded 1 byte(s)
[00:43:09.098] BAD_PACKET[TCP_prs2026hitl_7100] unknown packet ID 0x37; discarded 1 byte(s)
[00:43:09.098] BAD_PACKET[TCP_prs2026hitl_7100] unknown packet ID 0x36; discarded 1 byte(s)
[00:43:09.099] BAD_PACKET[TCP_prs2026hitl_7100] unknown packet ID 0x37; discarded 1 byte(s)
[00:43:09.099] BAD_PACKET[TCP_prs2026hitl_7100] unknown packet ID 0x33; discarded 1 byte(s)
[00:43:09.100] BAD_PACKET[TCP_prs2026hitl_7100] unknown packet ID 0x30; discarded 1 byte(s)
[00:43:09.100] BAD_PACKET[TCP_prs2026hitl_7100] unknown packet ID 0x36; discarded 1 byte(s)
[00:43:09.100] BAD_PACKET[TCP_prs2026hitl_7100] unknown packet ID 0x29; discarded 1 byte(s)
[00:43:09.101] BAD_PACKET[TCP_prs2026hitl_7100] unknown packet ID 0x20; discarded 1 byte(s)
[00:43:09.101] BAD_PACKET[TCP_prs2026hitl_7100] unknown packet ID 0x61; discarded 1 byte(s)
[00:43:09.101] BAD_PACKET[TCP_prs2026hitl_7100] unknown packet ID 0x70; discarded 1 byte(s)
[00:43:09.102] BAD_PACKET[TCP_prs2026hitl_7100] unknown packet ID 0x65; discarded 1 byte(s)
[00:43:09.102] BAD_PACKET[TCP_prs2026hitl_7100] unknown packet ID 0x72; discarded 1 byte(s)
[00:43:09.102] BAD_PACKET[TCP_prs2026hitl_7100] unknown packet ID 0x74; discarded 1 byte(s)
[00:43:09.103] BAD_PACKET[TCP_prs2026hitl_7100] unknown packet ID 0x75; discarded 1 byte(s)
[00:43:09.103] BAD_PACKET[TCP_prs2026hitl_7100] unknown packet ID 0x72; discarded 1 byte(s)
[00:43:09.104] BAD_PACKET[TCP_prs2026hitl_7100] unknown packet ID 0x65; discarded 1 byte(s)
[00:43:09.104] BAD_PACKET[TCP_prs2026hitl_7100] unknown packet ID 0x3a; discarded 1 byte(s)
[00:43:09.104] BAD_PACKET[TCP_prs2026hitl_7100] unknown packet ID 0x20; discarded 1 byte(s)
[00:43:09.104] BAD_PACKET[TCP_prs2026hitl_7100] unknown packet ID 0x53; discarded 1 byte(s)
[00:43:09.105] BAD_PACKET[TCP_prs2026hitl_7100] unknown packet ID 0x65; discarded 1 byte(s)
[00:43:09.105] BAD_PACKET[TCP_prs2026hitl_7100] unknown packet ID 0x6e; discarded 1 byte(s)
[00:43:09.105] BAD_PACKET[TCP_prs2026hitl_7100] unknown packet ID 0x64; discarded 1 byte(s)
[00:43:09.106] BAD_PACKET[TCP_prs2026hitl_7100] unknown packet ID 0x69; discarded 1 byte(s)
[00:43:09.106] BAD_PACKET[TCP_prs2026hitl_7100] unknown packet ID 0x6e; discarded 1 byte(s)
[00:43:09.107] BAD_PACKET[TCP_prs2026hitl_7100] unknown packet ID 0x67; discarded 1 byte(s)
[00:43:09.107] BAD_PACKET[TCP_prs2026hitl_7100] unknown packet ID 0x20; discarded 1 byte(s)
[00:43:09.107] BAD_PACKET[TCP_prs2026hitl_7100] unknown packet ID 0x68; discarded 1 byte(s)
[00:43:09.108] BAD_PACKET[TCP_prs2026hitl_7100] unknown packet ID 0x65; discarded 1 byte(s)
[00:43:09.108] BAD_PACKET[TCP_prs2026hitl_7100] unknown packet ID 0x61; discarded 1 byte(s)
[00:43:09.108] BAD_PACKET[TCP_prs2026hitl_7100] unknown packet ID 0x72; discarded 1 byte(s)
[00:43:09.109] BAD_PACKET[TCP_prs2026hitl_7100] unknown packet ID 0x74; discarded 1 byte(s)
[00:43:09.109] BAD_PACKET[TCP_prs2026hitl_7100] unknown packet ID 0x62; discarded 1 byte(s)
[00:43:09.109] BAD_PACKET[TCP_prs2026hitl_7100] unknown packet ID 0x65; discarded 1 byte(s)
[00:43:09.109] BAD_PACKET[TCP_prs2026hitl_7100] unknown packet ID 0x61; discarded 1 byte(s)
[00:43:09.110] BAD_PACKET[TCP_prs2026hitl_7100] unknown packet ID 0x74; discarded 1 byte(s)
[00:43:09.110] BAD_PACKET[TCP_prs2026hitl_7100] unknown packet ID 0x20; discarded 1 byte(s)
[00:43:09.110] BAD_PACKET[TCP_prs2026hitl_7100] unknown packet ID 0x28; discarded 1 byte(s)
[00:43:09.111] BAD_PACKET[TCP_prs2026hitl_7100] unknown packet ID 0x38; discarded 1 byte(s)
[00:43:09.111] BAD_PACKET[TCP_prs2026hitl_7100] unknown packet ID 0x20; discarded 1 byte(s)
[00:43:09.112] BAD_PACKET[TCP_prs2026hitl_7100] unknown packet ID 0x62; discarded 1 byte(s)
[00:43:09.112] BAD_PACKET[TCP_prs2026hitl_7100] unknown packet ID 0x79; discarded 1 byte(s)
[00:43:09.112] BAD_PACKET[TCP_prs2026hitl_7100] unknown packet ID 0x74; discarded 1 byte(s)
[00:43:09.113] BAD_PACKET[TCP_prs2026hitl_7100] unknown packet ID 0x65; discarded 1 byte(s)
[00:43:09.113] BAD_PACKET[TCP_prs2026hitl_7100] unknown packet ID 0x73; discarded 1 byte(s)
[00:43:09.113] BAD_PACKET[TCP_prs2026hitl_7100] unknown packet ID 0x29; discarded 1 byte(s)
[00:43:09.114] BAD_PACKET[TCP_prs2026hitl_7100] unknown packet ID 0x0d; discarded 1 byte(s)
[00:43:09.114] BAD_PACKET[TCP_prs2026hitl_7100] unknown packet ID 0x0a; discarded 1 byte(s)
[00:43:09.170] RX[TCP_prs2026hitl_7100]  49 20 28 31 37 36 37 33 34 36 29 20 61 70 65 72 74 75 72 65 3a 20 48 65 61 72 74 62 65 61 74 20 73 65 6e 74 0d 0a
[00:43:09.172] BAD_PACKET[TCP_prs2026hitl_7100] unknown packet ID 0x49; discarded 1 byte(s)
[00:43:09.172] BAD_PACKET[TCP_prs2026hitl_7100] unknown packet ID 0x20; discarded 1 byte(s)
[00:43:09.172] BAD_PACKET[TCP_prs2026hitl_7100] unknown packet ID 0x28; discarded 1 byte(s)
[00:43:09.173] BAD_PACKET[TCP_prs2026hitl_7100] unknown packet ID 0x31; discarded 1 byte(s)
[00:43:09.173] BAD_PACKET[TCP_prs2026hitl_7100] unknown packet ID 0x37; discarded 1 byte(s)
[00:43:09.173] BAD_PACKET[TCP_prs2026hitl_7100] unknown packet ID 0x36; discarded 1 byte(s)
[00:43:09.174] BAD_PACKET[TCP_prs2026hitl_7100] unknown packet ID 0x37; discarded 1 byte(s)
[00:43:09.174] BAD_PACKET[TCP_prs2026hitl_7100] unknown packet ID 0x33; discarded 1 byte(s)
[00:43:09.174] BAD_PACKET[TCP_prs2026hitl_7100] unknown packet ID 0x34; discarded 1 byte(s)
[00:43:09.175] BAD_PACKET[TCP_prs2026hitl_7100] unknown packet ID 0x36; discarded 1 byte(s)
[00:43:09.175] BAD_PACKET[TCP_prs2026hitl_7100] unknown packet ID 0x29; discarded 1 byte(s)
[00:43:09.175] BAD_PACKET[TCP_prs2026hitl_7100] unknown packet ID 0x20; discarded 1 byte(s)
[00:43:09.176] BAD_PACKET[TCP_prs2026hitl_7100] unknown packet ID 0x61; discarded 1 byte(s)
[00:43:09.176] BAD_PACKET[TCP_prs2026hitl_7100] unknown packet ID 0x70; discarded 1 byte(s)
[00:43:09.177] BAD_PACKET[TCP_prs2026hitl_7100] unknown packet ID 0x65; discarded 1 byte(s)
[00:43:09.177] BAD_PACKET[TCP_prs2026hitl_7100] unknown packet ID 0x72; discarded 1 byte(s)
[00:43:09.177] BAD_PACKET[TCP_prs2026hitl_7100] unknown packet ID 0x74; discarded 1 byte(s)
[00:43:09.178] BAD_PACKET[TCP_prs2026hitl_7100] unknown packet ID 0x75; discarded 1 byte(s)
[00:43:09.178] BAD_PACKET[TCP_prs2026hitl_7100] unknown packet ID 0x72; discarded 1 byte(s)
[00:43:09.179] BAD_PACKET[TCP_prs2026hitl_7100] unknown packet ID 0x65; discarded 1 byte(s)
[00:43:09.179] BAD_PACKET[TCP_prs2026hitl_7100] unknown packet ID 0x3a; discarded 1 byte(s)
[00:43:09.179] BAD_PACKET[TCP_prs2026hitl_7100] unknown packet ID 0x20; discarded 1 byte(s)
[00:43:09.180] BAD_PACKET[TCP_prs2026hitl_7100] unknown packet ID 0x48; discarded 1 byte(s)
[00:43:09.180] BAD_PACKET[TCP_prs2026hitl_7100] unknown packet ID 0x65; discarded 1 byte(s)
[00:43:09.180] BAD_PACKET[TCP_prs2026hitl_7100] unknown packet ID 0x61; discarded 1 byte(s)
[00:43:09.181] BAD_PACKET[TCP_prs2026hitl_7100] unknown packet ID 0x72; discarded 1 byte(s)
[00:43:09.181] BAD_PACKET[TCP_prs2026hitl_7100] unknown packet ID 0x74; discarded 1 byte(s)
[00:43:09.181] BAD_PACKET[TCP_prs2026hitl_7100] unknown packet ID 0x62; discarded 1 byte(s)
[00:43:09.182] BAD_PACKET[TCP_prs2026hitl_7100] unknown packet ID 0x65; discarded 1 byte(s)
[00:43:09.182] BAD_PACKET[TCP_prs2026hitl_7100] unknown packet ID 0x61; discarded 1 byte(s)
[00:43:09.182] BAD_PACKET[TCP_prs2026hitl_7100] unknown packet ID 0x74; discarded 1 byte(s)
[00:43:09.182] BAD_PACKET[TCP_prs2026hitl_7100] unknown packet ID 0x20; discarded 1 byte(s)
[00:43:09.183] BAD_PACKET[TCP_prs2026hitl_7100] unknown packet ID 0x73; discarded 1 byte(s)
[00:43:09.184] BAD_PACKET[TCP_prs2026hitl_7100] unknown packet ID 0x65; discarded 1 byte(s)
[00:43:09.184] BAD_PACKET[TCP_prs2026hitl_7100] unknown packet ID 0x6e; discarded 1 byte(s)
[00:43:09.184] BAD_PACKET[TCP_prs2026hitl_7100] unknown packet ID 0x74; discarded 1 byte(s)
[00:43:09.185] BAD_PACKET[TCP_prs2026hitl_7100] unknown packet ID 0x0d; discarded 1 byte(s)
[00:43:09.185] BAD_PACKET[TCP_prs2026hitl_7100] unknown packet ID 0x0a; discarded 1 byte(s)
[00:43:09.185] RX[COM10]  01
[00:43:09.185] RX[COM10]  6f 00 00 00 5c 6a 00 01 56 00 03 93 ff 9b f8 ff d5 00 15 00 27 0a
[00:43:09.186] PACKET[COM10] sensors: status=28416, uptime=23658, filtered_accel=[0.01368, 0.0366, -1.02432], gyro=[-3.01, 1.47, 2.73]
[00:43:09.243] RX[COM10]  01
[00:43:09.245] RX[COM10]  6f 00 00 00 5c ce 00 01 62 00 03 93 ff 9b f8 ff d5 00 16 00 28 0a
[00:43:09.246] PACKET[COM10] sensors: status=28416, uptime=23758, filtered_accel=[0.01416, 0.0366, -1.02432], gyro=[-3.01, 1.54, 2.8]
[00:43:09.368] RX[COM10]  01
[00:43:09.371] RX[COM10]  6f 00 00 00 5d 32 00 01 56 00 03 87 ff 9b e0 ff d5 00 16 00 27 0a
[00:43:09.372] PACKET[COM10] sensors: status=28416, uptime=23858, filtered_accel=[0.01368, 0.03612, -1.02528], gyro=[-3.01, 1.54, 2.73]
[00:43:09.430] RX[COM10]  01
[00:43:09.433] RX[COM10]  67 00 00 00 5d 96 00 01 56 00 03 93 ff 9b ec ff d4 00 16 00 27 0a
[00:43:09.433] PACKET[COM10] sensors: status=26368, uptime=23958, filtered_accel=[0.01368, 0.0366, -1.0248], gyro=[-3.08, 1.54, 2.73]
[00:43:09.538] RX[COM10]  01
[00:43:09.539] RX[COM10]  67 00 00 00 5d fa 00 01 6e 00 03 9f ff 9b f8 ff d5 00 16 00 28 0a
[00:43:09.540] PACKET[COM10] sensors: status=26368, uptime=24058, filtered_accel=[0.01464, 0.03708, -1.02432], gyro=[-3.01, 1.54, 2.8]
[00:43:09.647] RX[COM10]  01
[00:43:09.648] RX[COM10]  67 00 00 00 5e 5e 00 01 56 00 03 87 ff 9b ec ff d4 00 15 00 28 0a 03 00 00 00 00 00 00 00 00 00 18 f6 d5 00 00 00 14 40 0a
[00:43:09.649] PACKET[COM10] sensors: status=26368, uptime=24158, filtered_accel=[0.01368, 0.03612, -1.0248], gyro=[-3.08, 1.47, 2.8]
[00:43:09.649] PACKET[COM10] camera: fc_status=0, fc_uptime=0, status=0, uptime=1636053, current_sense=[0.0, 0.0, 0.0], iris_battery_voltage=5.184
[00:43:09.703] RX[COM10]  02
[00:43:09.710] RX[COM10]  67 00 00 00 5e a4 00 00 00 00 00 00 00 00 00 00 00 00 00 00 00 00 00 00 00 00 00 00 00 00 00 00 00 00 00 00 00 00 00 00 00 00 00 00 00 00 00 00 00 00 00 00 00 00 00 00 43 68 87 da 13 f8 0a ff 66 00 00 00 5e a4 0a
[00:43:09.716] PACKET[COM10] state: status=26368, uptime=24228, orientation=[0.0, 0.0, 0.0, 0.0], position=[0.0, 0.0, 0.0], velocity=[0.0, 0.0, 0.0], latitude=0.0, longitude=0.0, gps_altitude=0.0, barometric_altitude=232.53067, witness_battery_voltage=5.112
[00:43:09.716] PACKET[COM10] heartbeat: status=26112, uptime=24228
[00:43:09.822] RX[COM10]  01
[00:43:09.831] RX[COM10]  6e 00 00 00 5f 26 00 01 62 00 03 93 ff 9c 29 ff fe 00 01 ff fd 0a
[00:43:09.840] PACKET[COM10] sensors: status=28160, uptime=24358, filtered_accel=[0.01416, 0.0366, -1.02236], gyro=[-0.14, 0.07, -0.21]
[00:43:09.843] RX[TCP_prs2026hitl_7100]  02 67 00 00 00 5e a4 00 00 00 00 00 00 00 00 00 00 00 00 00 00 00 00 00 00 00 00 00 00 00 00 00 00 00 00 00 00 00 00 00 00 00 00 00 00 00 00 00 00 00 00 00 00 00 00 00 00 43 68 87 da 13 f8 0a
[00:43:09.844] PACKET[TCP_prs2026hitl_7100] state: status=26368, uptime=24228, orientation=[0.0, 0.0, 0.0, 0.0], position=[0.0, 0.0, 0.0], velocity=[0.0, 0.0, 0.0], latitude=0.0, longitude=0.0, gps_altitude=0.0, barometric_altitude=232.53067, witness_battery_voltage=5.112
[00:43:09.953] RX[COM10]  01
[00:43:09.954] RX[COM10]  6e 00 00 00 5f 8a 00 01 62 00 03 93 ff 9b f8 ff d6 00 15 00 27 0a
[00:43:09.955] PACKET[COM10] sensors: status=28160, uptime=24458, filtered_accel=[0.01416, 0.0366, -1.02432], gyro=[-2.94, 1.47, 2.73]
[00:43:10.066] RX[COM10]  01
[00:43:10.069] RX[COM10]  6e 00 00 00 5f ee 00 01 6e 00 03 93 ff 9b ec ff d5 00 15 00 27 0a
[00:43:10.071] PACKET[COM10] sensors: status=28160, uptime=24558, filtered_accel=[0.01464, 0.0366, -1.0248], gyro=[-3.01, 1.47, 2.73]
[00:43:10.076] RX[TCP_prs2026hitl_7100]  49 20 28 31 37 36 38 33 30 36 29 20 61 70 65 72 74 75 72 65 3a 20 53 65 6e 64 69 6e 67 20 68 65 61 72 74 62 65 61 74 20 28 38 20 62 79 74 65 73 29 0d 0a
[00:43:10.077] BAD_PACKET[TCP_prs2026hitl_7100] unknown packet ID 0x49; discarded 1 byte(s)
[00:43:10.082] BAD_PACKET[TCP_prs2026hitl_7100] unknown packet ID 0x20; discarded 1 byte(s)
[00:43:10.084] BAD_PACKET[TCP_prs2026hitl_7100] unknown packet ID 0x28; discarded 1 byte(s)
[00:43:10.085] BAD_PACKET[TCP_prs2026hitl_7100] unknown packet ID 0x31; discarded 1 byte(s)
[00:43:10.085] BAD_PACKET[TCP_prs2026hitl_7100] unknown packet ID 0x37; discarded 1 byte(s)
[00:43:10.086] BAD_PACKET[TCP_prs2026hitl_7100] unknown packet ID 0x36; discarded 1 byte(s)
[00:43:10.087] BAD_PACKET[TCP_prs2026hitl_7100] unknown packet ID 0x38; discarded 1 byte(s)
[00:43:10.087] BAD_PACKET[TCP_prs2026hitl_7100] unknown packet ID 0x33; discarded 1 byte(s)
[00:43:10.088] BAD_PACKET[TCP_prs2026hitl_7100] unknown packet ID 0x30; discarded 1 byte(s)
[00:43:10.089] BAD_PACKET[TCP_prs2026hitl_7100] unknown packet ID 0x36; discarded 1 byte(s)
[00:43:10.089] BAD_PACKET[TCP_prs2026hitl_7100] unknown packet ID 0x29; discarded 1 byte(s)
[00:43:10.090] BAD_PACKET[TCP_prs2026hitl_7100] unknown packet ID 0x20; discarded 1 byte(s)
[00:43:10.090] BAD_PACKET[TCP_prs2026hitl_7100] unknown packet ID 0x61; discarded 1 byte(s)
[00:43:10.090] BAD_PACKET[TCP_prs2026hitl_7100] unknown packet ID 0x70; discarded 1 byte(s)
[00:43:10.091] BAD_PACKET[TCP_prs2026hitl_7100] unknown packet ID 0x65; discarded 1 byte(s)
[00:43:10.091] BAD_PACKET[TCP_prs2026hitl_7100] unknown packet ID 0x72; discarded 1 byte(s)
[00:43:10.091] BAD_PACKET[TCP_prs2026hitl_7100] unknown packet ID 0x74; discarded 1 byte(s)
[00:43:10.092] BAD_PACKET[TCP_prs2026hitl_7100] unknown packet ID 0x75; discarded 1 byte(s)
[00:43:10.092] BAD_PACKET[TCP_prs2026hitl_7100] unknown packet ID 0x72; discarded 1 byte(s)
[00:43:10.092] BAD_PACKET[TCP_prs2026hitl_7100] unknown packet ID 0x65; discarded 1 byte(s)
[00:43:10.092] BAD_PACKET[TCP_prs2026hitl_7100] unknown packet ID 0x3a; discarded 1 byte(s)
[00:43:10.093] BAD_PACKET[TCP_prs2026hitl_7100] unknown packet ID 0x20; discarded 1 byte(s)
[00:43:10.093] BAD_PACKET[TCP_prs2026hitl_7100] unknown packet ID 0x53; discarded 1 byte(s)
[00:43:10.093] BAD_PACKET[TCP_prs2026hitl_7100] unknown packet ID 0x65; discarded 1 byte(s)
[00:43:10.094] BAD_PACKET[TCP_prs2026hitl_7100] unknown packet ID 0x6e; discarded 1 byte(s)
[00:43:10.095] BAD_PACKET[TCP_prs2026hitl_7100] unknown packet ID 0x64; discarded 1 byte(s)
[00:43:10.096] BAD_PACKET[TCP_prs2026hitl_7100] unknown packet ID 0x69; discarded 1 byte(s)
[00:43:10.096] BAD_PACKET[TCP_prs2026hitl_7100] unknown packet ID 0x6e; discarded 1 byte(s)
[00:43:10.097] BAD_PACKET[TCP_prs2026hitl_7100] unknown packet ID 0x67; discarded 1 byte(s)
[00:43:10.097] BAD_PACKET[TCP_prs2026hitl_7100] unknown packet ID 0x20; discarded 1 byte(s)
[00:43:10.097] BAD_PACKET[TCP_prs2026hitl_7100] unknown packet ID 0x68; discarded 1 byte(s)
[00:43:10.097] BAD_PACKET[TCP_prs2026hitl_7100] unknown packet ID 0x65; discarded 1 byte(s)
[00:43:10.098] BAD_PACKET[TCP_prs2026hitl_7100] unknown packet ID 0x61; discarded 1 byte(s)
[00:43:10.098] BAD_PACKET[TCP_prs2026hitl_7100] unknown packet ID 0x72; discarded 1 byte(s)
[00:43:10.098] BAD_PACKET[TCP_prs2026hitl_7100] unknown packet ID 0x74; discarded 1 byte(s)
[00:43:10.099] BAD_PACKET[TCP_prs2026hitl_7100] unknown packet ID 0x62; discarded 1 byte(s)
[00:43:10.099] BAD_PACKET[TCP_prs2026hitl_7100] unknown packet ID 0x65; discarded 1 byte(s)
[00:43:10.099] BAD_PACKET[TCP_prs2026hitl_7100] unknown packet ID 0x61; discarded 1 byte(s)
[00:43:10.100] BAD_PACKET[TCP_prs2026hitl_7100] unknown packet ID 0x74; discarded 1 byte(s)
[00:43:10.100] BAD_PACKET[TCP_prs2026hitl_7100] unknown packet ID 0x20; discarded 1 byte(s)
[00:43:10.100] BAD_PACKET[TCP_prs2026hitl_7100] unknown packet ID 0x28; discarded 1 byte(s)
[00:43:10.100] BAD_PACKET[TCP_prs2026hitl_7100] unknown packet ID 0x38; discarded 1 byte(s)
[00:43:10.101] BAD_PACKET[TCP_prs2026hitl_7100] unknown packet ID 0x20; discarded 1 byte(s)
[00:43:10.101] BAD_PACKET[TCP_prs2026hitl_7100] unknown packet ID 0x62; discarded 1 byte(s)
[00:43:10.101] BAD_PACKET[TCP_prs2026hitl_7100] unknown packet ID 0x79; discarded 1 byte(s)
[00:43:10.102] BAD_PACKET[TCP_prs2026hitl_7100] unknown packet ID 0x74; discarded 1 byte(s)
[00:43:10.104] BAD_PACKET[TCP_prs2026hitl_7100] unknown packet ID 0x65; discarded 1 byte(s)
[00:43:10.104] BAD_PACKET[TCP_prs2026hitl_7100] unknown packet ID 0x73; discarded 1 byte(s)
[00:43:10.104] BAD_PACKET[TCP_prs2026hitl_7100] unknown packet ID 0x29; discarded 1 byte(s)
[00:43:10.105] BAD_PACKET[TCP_prs2026hitl_7100] unknown packet ID 0x0d; discarded 1 byte(s)
[00:43:10.105] BAD_PACKET[TCP_prs2026hitl_7100] unknown packet ID 0x0a; discarded 1 byte(s)
[00:43:10.161] RX[TCP_prs2026hitl_7100]  49 20 28 31 37 36 38 33 34 36 29 20 61 70 65 72 74 75 72 65 3a 20 48 65 61 72 74 62 65 61 74 20 73 65 6e 74 0d 0a
[00:43:10.162] BAD_PACKET[TCP_prs2026hitl_7100] unknown packet ID 0x49; discarded 1 byte(s)
[00:43:10.162] BAD_PACKET[TCP_prs2026hitl_7100] unknown packet ID 0x20; discarded 1 byte(s)
[00:43:10.163] BAD_PACKET[TCP_prs2026hitl_7100] unknown packet ID 0x28; discarded 1 byte(s)
[00:43:10.163] BAD_PACKET[TCP_prs2026hitl_7100] unknown packet ID 0x31; discarded 1 byte(s)
[00:43:10.163] BAD_PACKET[TCP_prs2026hitl_7100] unknown packet ID 0x37; discarded 1 byte(s)
[00:43:10.164] BAD_PACKET[TCP_prs2026hitl_7100] unknown packet ID 0x36; discarded 1 byte(s)
[00:43:10.164] BAD_PACKET[TCP_prs2026hitl_7100] unknown packet ID 0x38; discarded 1 byte(s)
[00:43:10.164] BAD_PACKET[TCP_prs2026hitl_7100] unknown packet ID 0x33; discarded 1 byte(s)
[00:43:10.165] BAD_PACKET[TCP_prs2026hitl_7100] unknown packet ID 0x34; discarded 1 byte(s)
[00:43:10.165] BAD_PACKET[TCP_prs2026hitl_7100] unknown packet ID 0x36; discarded 1 byte(s)
[00:43:10.165] BAD_PACKET[TCP_prs2026hitl_7100] unknown packet ID 0x29; discarded 1 byte(s)
[00:43:10.166] BAD_PACKET[TCP_prs2026hitl_7100] unknown packet ID 0x20; discarded 1 byte(s)
[00:43:10.167] BAD_PACKET[TCP_prs2026hitl_7100] unknown packet ID 0x61; discarded 1 byte(s)
[00:43:10.167] BAD_PACKET[TCP_prs2026hitl_7100] unknown packet ID 0x70; discarded 1 byte(s)
[00:43:10.167] BAD_PACKET[TCP_prs2026hitl_7100] unknown packet ID 0x65; discarded 1 byte(s)
[00:43:10.168] BAD_PACKET[TCP_prs2026hitl_7100] unknown packet ID 0x72; discarded 1 byte(s)
[00:43:10.168] BAD_PACKET[TCP_prs2026hitl_7100] unknown packet ID 0x74; discarded 1 byte(s)
[00:43:10.168] BAD_PACKET[TCP_prs2026hitl_7100] unknown packet ID 0x75; discarded 1 byte(s)
[00:43:10.169] BAD_PACKET[TCP_prs2026hitl_7100] unknown packet ID 0x72; discarded 1 byte(s)
[00:43:10.169] BAD_PACKET[TCP_prs2026hitl_7100] unknown packet ID 0x65; discarded 1 byte(s)
[00:43:10.169] BAD_PACKET[TCP_prs2026hitl_7100] unknown packet ID 0x3a; discarded 1 byte(s)
[00:43:10.170] BAD_PACKET[TCP_prs2026hitl_7100] unknown packet ID 0x20; discarded 1 byte(s)
[00:43:10.170] BAD_PACKET[TCP_prs2026hitl_7100] unknown packet ID 0x48; discarded 1 byte(s)
[00:43:10.170] BAD_PACKET[TCP_prs2026hitl_7100] unknown packet ID 0x65; discarded 1 byte(s)
[00:43:10.171] BAD_PACKET[TCP_prs2026hitl_7100] unknown packet ID 0x61; discarded 1 byte(s)
[00:43:10.172] BAD_PACKET[TCP_prs2026hitl_7100] unknown packet ID 0x72; discarded 1 byte(s)
[00:43:10.172] BAD_PACKET[TCP_prs2026hitl_7100] unknown packet ID 0x74; discarded 1 byte(s)
[00:43:10.173] BAD_PACKET[TCP_prs2026hitl_7100] unknown packet ID 0x62; discarded 1 byte(s)
[00:43:10.173] BAD_PACKET[TCP_prs2026hitl_7100] unknown packet ID 0x65; discarded 1 byte(s)
[00:43:10.174] BAD_PACKET[TCP_prs2026hitl_7100] unknown packet ID 0x61; discarded 1 byte(s)
[00:43:10.174] BAD_PACKET[TCP_prs2026hitl_7100] unknown packet ID 0x74; discarded 1 byte(s)
[00:43:10.174] BAD_PACKET[TCP_prs2026hitl_7100] unknown packet ID 0x20; discarded 1 byte(s)
[00:43:10.174] BAD_PACKET[TCP_prs2026hitl_7100] unknown packet ID 0x73; discarded 1 byte(s)
[00:43:10.175] BAD_PACKET[TCP_prs2026hitl_7100] unknown packet ID 0x65; discarded 1 byte(s)
[00:43:10.175] BAD_PACKET[TCP_prs2026hitl_7100] unknown packet ID 0x6e; discarded 1 byte(s)
[00:43:10.175] BAD_PACKET[TCP_prs2026hitl_7100] unknown packet ID 0x74; discarded 1 byte(s)
[00:43:10.176] BAD_PACKET[TCP_prs2026hitl_7100] unknown packet ID 0x0d; discarded 1 byte(s)
[00:43:10.176] BAD_PACKET[TCP_prs2026hitl_7100] unknown packet ID 0x0a; discarded 1 byte(s)
[00:43:10.176] RX[COM10]  01
[00:43:10.177] RX[COM10]  66 00 00 00 60 52 00 01 56 00 03 87 ff 9b e0 ff d5 00 15 00 27 0a
[00:43:10.177] PACKET[COM10] sensors: status=26112, uptime=24658, filtered_accel=[0.01368, 0.03612, -1.02528], gyro=[-3.01, 1.47, 2.73]
[00:43:10.236] RX[COM10]  01
[00:43:10.237] RX[COM10]  66 00 00 00 60 b6 00 01 62 00 03 7b ff 9b e0 ff d5 00 14 00 28 0a
[00:43:10.237] PACKET[COM10] sensors: status=26112, uptime=24758, filtered_accel=[0.01416, 0.03564, -1.02528], gyro=[-3.01, 1.4, 2.8]
[00:43:10.358] RX[COM10]  01
[00:43:10.359] RX[COM10]  66 00 00 00 61 1a 00 01 6e 00 03 9f ff 9b ec ff d4 00 15 00 28 0a
[00:43:10.359] PACKET[COM10] sensors: status=26112, uptime=24858, filtered_accel=[0.01464, 0.03708, -1.0248], gyro=[-3.08, 1.47, 2.8]
[00:43:10.460] RX[COM10]  01
[00:43:10.460] RX[COM10]  6e 00 00 00 61 7e 00 01 62 00 03 93 ff 9b d4 ff d5 00 15 00 28 0a
[00:43:10.461] PACKET[COM10] sensors: status=28160, uptime=24958, filtered_accel=[0.01416, 0.0366, -1.02576], gyro=[-3.01, 1.47, 2.8]
[00:43:10.569] RX[COM10]  01
[00:43:10.570] RX[COM10]  6e 00 00 00 61 e2 00 01 62 00 03 93 ff 9b ec ff d5 00 16 00 28 0a
[00:43:10.571] PACKET[COM10] sensors: status=28160, uptime=25058, filtered_accel=[0.01416, 0.0366, -1.0248], gyro=[-3.01, 1.54, 2.8]
[00:43:10.621] RX[COM10]  01
[00:43:10.622] RX[COM10]  6e 00 00 00 62 46 00 01 62 00 03 9f ff 9c 04 ff d5 00 16 00 27 0a
[00:43:10.622] PACKET[COM10] sensors: status=28160, uptime=25158, filtered_accel=[0.01416, 0.03708, -1.02384], gyro=[-3.01, 1.54, 2.73]
[00:43:10.623] RX[COM10]  03 00 00 00 00 00 00 00 00 00 18 fa bd 00 00 00 14 40 0a
[00:43:10.623] PACKET[COM10] camera: fc_status=0, fc_uptime=0, status=0, uptime=1637053, current_sense=[0.0, 0.0, 0.0], iris_battery_voltage=5.184
[00:43:10.734] RX[COM10]  02
[00:43:10.735] RX[COM10]  6e 00 00 00 62 8c 00 00 00 00 00 00 00 00 00 00 00 00 00 00 00 00 00 00 00 00 00 00 00 00 00 00 00 00 00 00 00 00 00 00 00 00 00 00 00 00 00 00 00 00 00 00 00 00 00 00 43 68 46 3d 14 00 0a ff 6f 00 00 00 62 8c 0a
[00:43:10.736] PACKET[COM10] state: status=28160, uptime=25228, orientation=[0.0, 0.0, 0.0, 0.0], position=[0.0, 0.0, 0.0], velocity=[0.0, 0.0, 0.0], latitude=0.0, longitude=0.0, gps_altitude=0.0, barometric_altitude=232.274368, witness_battery_voltage=5.12
[00:43:10.737] PACKET[COM10] heartbeat: status=28416, uptime=25228
[00:43:10.850] RX[COM10]  01
[00:43:10.851] RX[COM10]  6f 00 00 00 63 0e 00 01 56 00 03 93 ff 9c 11 ff fc 00 01 ff fd 0a
[00:43:10.853] PACKET[COM10] sensors: status=28416, uptime=25358, filtered_accel=[0.01368, 0.0366, -1.02332], gyro=[-0.28, 0.07, -0.21]
[00:43:10.854] RX[TCP_prs2026hitl_7100]  02 6e 00 00 00 62 8c 00 00 00 00 00 00 00 00 00 00 00 00 00 00 00 00 00 00 00 00 00 00 00 00 00 00 00 00 00 00 00 00 00 00 00 00 00 00 00 00 00 00 00 00 00 00 00 00 00 00 43 68 46 3d 14 00 0a
[00:43:10.854] PACKET[TCP_prs2026hitl_7100] state: status=28160, uptime=25228, orientation=[0.0, 0.0, 0.0, 0.0], position=[0.0, 0.0, 0.0], velocity=[0.0, 0.0, 0.0], latitude=0.0, longitude=0.0, gps_altitude=0.0, barometric_altitude=232.274368, witness_battery_voltage=5.12
[00:43:10.961] RX[COM10]  01
[00:43:10.963] RX[COM10]  67 00 00 00 63 72 00 01 62 00 03 7b ff 9b e0 ff d5 00 15 00 27 0a
[00:43:10.964] PACKET[COM10] sensors: status=26368, uptime=25458, filtered_accel=[0.01416, 0.03564, -1.02528], gyro=[-3.01, 1.47, 2.73]
[00:43:11.026] RX[COM10]  01
[00:43:11.028] RX[COM10]  67 00 00 00 63 d6 00 01 56 00 03 93 ff 9b d4 ff d5 00 15 00 27 0a
[00:43:11.030] PACKET[COM10] sensors: status=26368, uptime=25558, filtered_accel=[0.01368, 0.0366, -1.02576], gyro=[-3.01, 1.47, 2.73]
[00:43:11.081] RX[TCP_prs2026hitl_7100]  49 20 28 31 37 36 39 33 30 36 29 20 61 70 65 72 74 75 72 65 3a 20 53 65 6e 64 69 6e 67 20 68 65 61 72 74 62 65 61 74 20 28 38 20 62 79 74 65 73 29 0d 0a
[00:43:11.083] BAD_PACKET[TCP_prs2026hitl_7100] unknown packet ID 0x49; discarded 1 byte(s)
[00:43:11.083] BAD_PACKET[TCP_prs2026hitl_7100] unknown packet ID 0x20; discarded 1 byte(s)
[00:43:11.083] BAD_PACKET[TCP_prs2026hitl_7100] unknown packet ID 0x28; discarded 1 byte(s)
[00:43:11.084] BAD_PACKET[TCP_prs2026hitl_7100] unknown packet ID 0x31; discarded 1 byte(s)
[00:43:11.085] BAD_PACKET[TCP_prs2026hitl_7100] unknown packet ID 0x37; discarded 1 byte(s)
[00:43:11.085] BAD_PACKET[TCP_prs2026hitl_7100] unknown packet ID 0x36; discarded 1 byte(s)
[00:43:11.089] BAD_PACKET[TCP_prs2026hitl_7100] unknown packet ID 0x39; discarded 1 byte(s)
[00:43:11.092] BAD_PACKET[TCP_prs2026hitl_7100] unknown packet ID 0x33; discarded 1 byte(s)
[00:43:11.095] BAD_PACKET[TCP_prs2026hitl_7100] unknown packet ID 0x30; discarded 1 byte(s)
[00:43:11.098] BAD_PACKET[TCP_prs2026hitl_7100] unknown packet ID 0x36; discarded 1 byte(s)
[00:43:11.098] BAD_PACKET[TCP_prs2026hitl_7100] unknown packet ID 0x29; discarded 1 byte(s)
[00:43:11.099] BAD_PACKET[TCP_prs2026hitl_7100] unknown packet ID 0x20; discarded 1 byte(s)
[00:43:11.099] BAD_PACKET[TCP_prs2026hitl_7100] unknown packet ID 0x61; discarded 1 byte(s)
[00:43:11.100] BAD_PACKET[TCP_prs2026hitl_7100] unknown packet ID 0x70; discarded 1 byte(s)
[00:43:11.100] BAD_PACKET[TCP_prs2026hitl_7100] unknown packet ID 0x65; discarded 1 byte(s)
[00:43:11.100] BAD_PACKET[TCP_prs2026hitl_7100] unknown packet ID 0x72; discarded 1 byte(s)
[00:43:11.101] BAD_PACKET[TCP_prs2026hitl_7100] unknown packet ID 0x74; discarded 1 byte(s)
[00:43:11.101] BAD_PACKET[TCP_prs2026hitl_7100] unknown packet ID 0x75; discarded 1 byte(s)
[00:43:11.101] BAD_PACKET[TCP_prs2026hitl_7100] unknown packet ID 0x72; discarded 1 byte(s)
[00:43:11.102] BAD_PACKET[TCP_prs2026hitl_7100] unknown packet ID 0x65; discarded 1 byte(s)
[00:43:11.102] BAD_PACKET[TCP_prs2026hitl_7100] unknown packet ID 0x3a; discarded 1 byte(s)
[00:43:11.102] BAD_PACKET[TCP_prs2026hitl_7100] unknown packet ID 0x20; discarded 1 byte(s)
[00:43:11.102] BAD_PACKET[TCP_prs2026hitl_7100] unknown packet ID 0x53; discarded 1 byte(s)
[00:43:11.103] BAD_PACKET[TCP_prs2026hitl_7100] unknown packet ID 0x65; discarded 1 byte(s)
[00:43:11.103] BAD_PACKET[TCP_prs2026hitl_7100] unknown packet ID 0x6e; discarded 1 byte(s)
[00:43:11.103] BAD_PACKET[TCP_prs2026hitl_7100] unknown packet ID 0x64; discarded 1 byte(s)
[00:43:11.104] BAD_PACKET[TCP_prs2026hitl_7100] unknown packet ID 0x69; discarded 1 byte(s)
[00:43:11.104] BAD_PACKET[TCP_prs2026hitl_7100] unknown packet ID 0x6e; discarded 1 byte(s)
[00:43:11.104] BAD_PACKET[TCP_prs2026hitl_7100] unknown packet ID 0x67; discarded 1 byte(s)
[00:43:11.105] BAD_PACKET[TCP_prs2026hitl_7100] unknown packet ID 0x20; discarded 1 byte(s)
[00:43:11.105] BAD_PACKET[TCP_prs2026hitl_7100] unknown packet ID 0x68; discarded 1 byte(s)
[00:43:11.106] BAD_PACKET[TCP_prs2026hitl_7100] unknown packet ID 0x65; discarded 1 byte(s)
[00:43:11.106] BAD_PACKET[TCP_prs2026hitl_7100] unknown packet ID 0x61; discarded 1 byte(s)
[00:43:11.107] BAD_PACKET[TCP_prs2026hitl_7100] unknown packet ID 0x72; discarded 1 byte(s)
[00:43:11.107] BAD_PACKET[TCP_prs2026hitl_7100] unknown packet ID 0x74; discarded 1 byte(s)
[00:43:11.107] BAD_PACKET[TCP_prs2026hitl_7100] unknown packet ID 0x62; discarded 1 byte(s)
[00:43:11.108] BAD_PACKET[TCP_prs2026hitl_7100] unknown packet ID 0x65; discarded 1 byte(s)
[00:43:11.108] BAD_PACKET[TCP_prs2026hitl_7100] unknown packet ID 0x61; discarded 1 byte(s)
[00:43:11.108] BAD_PACKET[TCP_prs2026hitl_7100] unknown packet ID 0x74; discarded 1 byte(s)
[00:43:11.108] BAD_PACKET[TCP_prs2026hitl_7100] unknown packet ID 0x20; discarded 1 byte(s)
[00:43:11.109] BAD_PACKET[TCP_prs2026hitl_7100] unknown packet ID 0x28; discarded 1 byte(s)
[00:43:11.109] BAD_PACKET[TCP_prs2026hitl_7100] unknown packet ID 0x38; discarded 1 byte(s)
[00:43:11.109] BAD_PACKET[TCP_prs2026hitl_7100] unknown packet ID 0x20; discarded 1 byte(s)
[00:43:11.110] BAD_PACKET[TCP_prs2026hitl_7100] unknown packet ID 0x62; discarded 1 byte(s)
[00:43:11.110] BAD_PACKET[TCP_prs2026hitl_7100] unknown packet ID 0x79; discarded 1 byte(s)
[00:43:11.110] BAD_PACKET[TCP_prs2026hitl_7100] unknown packet ID 0x74; discarded 1 byte(s)
[00:43:11.111] BAD_PACKET[TCP_prs2026hitl_7100] unknown packet ID 0x65; discarded 1 byte(s)
[00:43:11.111] BAD_PACKET[TCP_prs2026hitl_7100] unknown packet ID 0x73; discarded 1 byte(s)
[00:43:11.112] BAD_PACKET[TCP_prs2026hitl_7100] unknown packet ID 0x29; discarded 1 byte(s)
[00:43:11.112] BAD_PACKET[TCP_prs2026hitl_7100] unknown packet ID 0x0d; discarded 1 byte(s)
[00:43:11.112] BAD_PACKET[TCP_prs2026hitl_7100] unknown packet ID 0x0a; discarded 1 byte(s)
[00:43:11.163] RX[COM10]  01
[00:43:11.164] RX[COM10]  6f 00 00 00 64 3a 00 01 56 00 03 87 ff 9b e0 ff d5 00 15 00 28 0a
[00:43:11.164] PACKET[COM10] sensors: status=28416, uptime=25658, filtered_accel=[0.01368, 0.03612, -1.02528], gyro=[-3.01, 1.47, 2.8]
[00:43:11.165] RX[TCP_prs2026hitl_7100]  49 20 28 31 37 36 39 33 34 36 29 20 61 70 65 72 74 75 72 65 3a 20 48 65 61 72 74 62 65 61 74 20 73 65 6e 74 0d 0a
[00:43:11.165] BAD_PACKET[TCP_prs2026hitl_7100] unknown packet ID 0x49; discarded 1 byte(s)
[00:43:11.165] BAD_PACKET[TCP_prs2026hitl_7100] unknown packet ID 0x20; discarded 1 byte(s)
[00:43:11.166] BAD_PACKET[TCP_prs2026hitl_7100] unknown packet ID 0x28; discarded 1 byte(s)
[00:43:11.166] BAD_PACKET[TCP_prs2026hitl_7100] unknown packet ID 0x31; discarded 1 byte(s)
[00:43:11.166] BAD_PACKET[TCP_prs2026hitl_7100] unknown packet ID 0x37; discarded 1 byte(s)
[00:43:11.167] BAD_PACKET[TCP_prs2026hitl_7100] unknown packet ID 0x36; discarded 1 byte(s)
[00:43:11.167] BAD_PACKET[TCP_prs2026hitl_7100] unknown packet ID 0x39; discarded 1 byte(s)
[00:43:11.167] BAD_PACKET[TCP_prs2026hitl_7100] unknown packet ID 0x33; discarded 1 byte(s)
[00:43:11.167] BAD_PACKET[TCP_prs2026hitl_7100] unknown packet ID 0x34; discarded 1 byte(s)
[00:43:11.168] BAD_PACKET[TCP_prs2026hitl_7100] unknown packet ID 0x36; discarded 1 byte(s)
[00:43:11.168] BAD_PACKET[TCP_prs2026hitl_7100] unknown packet ID 0x29; discarded 1 byte(s)
[00:43:11.168] BAD_PACKET[TCP_prs2026hitl_7100] unknown packet ID 0x20; discarded 1 byte(s)
[00:43:11.169] BAD_PACKET[TCP_prs2026hitl_7100] unknown packet ID 0x61; discarded 1 byte(s)
[00:43:11.170] BAD_PACKET[TCP_prs2026hitl_7100] unknown packet ID 0x70; discarded 1 byte(s)
[00:43:11.170] BAD_PACKET[TCP_prs2026hitl_7100] unknown packet ID 0x65; discarded 1 byte(s)
[00:43:11.170] BAD_PACKET[TCP_prs2026hitl_7100] unknown packet ID 0x72; discarded 1 byte(s)
[00:43:11.171] BAD_PACKET[TCP_prs2026hitl_7100] unknown packet ID 0x74; discarded 1 byte(s)
[00:43:11.171] BAD_PACKET[TCP_prs2026hitl_7100] unknown packet ID 0x75; discarded 1 byte(s)
[00:43:11.171] BAD_PACKET[TCP_prs2026hitl_7100] unknown packet ID 0x72; discarded 1 byte(s)
[00:43:11.172] BAD_PACKET[TCP_prs2026hitl_7100] unknown packet ID 0x65; discarded 1 byte(s)
[00:43:11.172] BAD_PACKET[TCP_prs2026hitl_7100] unknown packet ID 0x3a; discarded 1 byte(s)
[00:43:11.172] BAD_PACKET[TCP_prs2026hitl_7100] unknown packet ID 0x20; discarded 1 byte(s)
[00:43:11.173] BAD_PACKET[TCP_prs2026hitl_7100] unknown packet ID 0x48; discarded 1 byte(s)
[00:43:11.173] BAD_PACKET[TCP_prs2026hitl_7100] unknown packet ID 0x65; discarded 1 byte(s)
[00:43:11.173] BAD_PACKET[TCP_prs2026hitl_7100] unknown packet ID 0x61; discarded 1 byte(s)
[00:43:11.173] BAD_PACKET[TCP_prs2026hitl_7100] unknown packet ID 0x72; discarded 1 byte(s)
[00:43:11.174] BAD_PACKET[TCP_prs2026hitl_7100] unknown packet ID 0x74; discarded 1 byte(s)
[00:43:11.174] BAD_PACKET[TCP_prs2026hitl_7100] unknown packet ID 0x62; discarded 1 byte(s)
[00:43:11.174] BAD_PACKET[TCP_prs2026hitl_7100] unknown packet ID 0x65; discarded 1 byte(s)
[00:43:11.175] BAD_PACKET[TCP_prs2026hitl_7100] unknown packet ID 0x61; discarded 1 byte(s)
[00:43:11.175] BAD_PACKET[TCP_prs2026hitl_7100] unknown packet ID 0x74; discarded 1 byte(s)
[00:43:11.175] BAD_PACKET[TCP_prs2026hitl_7100] unknown packet ID 0x20; discarded 1 byte(s)
[00:43:11.176] BAD_PACKET[TCP_prs2026hitl_7100] unknown packet ID 0x73; discarded 1 byte(s)
[00:43:11.176] BAD_PACKET[TCP_prs2026hitl_7100] unknown packet ID 0x65; discarded 1 byte(s)
[00:43:11.177] BAD_PACKET[TCP_prs2026hitl_7100] unknown packet ID 0x6e; discarded 1 byte(s)
[00:43:11.177] BAD_PACKET[TCP_prs2026hitl_7100] unknown packet ID 0x74; discarded 1 byte(s)
[00:43:11.177] BAD_PACKET[TCP_prs2026hitl_7100] unknown packet ID 0x0d; discarded 1 byte(s)
[00:43:11.178] BAD_PACKET[TCP_prs2026hitl_7100] unknown packet ID 0x0a; discarded 1 byte(s)
[00:43:11.236] RX[COM10]  01
[00:43:11.237] RX[COM10]  6f 00 00 00 64 9e 00 01 56 00 03 93 ff 9b d4 ff d5 00 15 00 27 0a
[00:43:11.237] PACKET[COM10] sensors: status=28416, uptime=25758, filtered_accel=[0.01368, 0.0366, -1.02576], gyro=[-3.01, 1.47, 2.73]
[00:43:11.344] RX[COM10]  01
[00:43:11.345] RX[COM10]  6f 00 00 00 65 02 00 01 6e 00 03 87 ff 9b f8 ff d5 00 16 00 28 0a
[00:43:11.346] PACKET[COM10] sensors: status=28416, uptime=25858, filtered_accel=[0.01464, 0.03612, -1.02432], gyro=[-3.01, 1.54, 2.8]
[00:43:11.452] RX[COM10]  01
[00:43:11.453] RX[COM10]  6f 00 00 00 65 66 00 01 62 00 03 87 ff 9b ec ff d4 00 14 00 27 0a
[00:43:11.454] PACKET[COM10] sensors: status=28416, uptime=25958, filtered_accel=[0.01416, 0.03612, -1.0248], gyro=[-3.08, 1.4, 2.73]
[00:43:11.559] RX[COM10]  01
[00:43:11.560] RX[COM10]  67 00 00 00 65 ca 00 01 62 00 03 9f ff 9b ec ff d4 00 15 00 28 0a
[00:43:11.560] PACKET[COM10] sensors: status=26368, uptime=26058, filtered_accel=[0.01416, 0.03708, -1.0248], gyro=[-3.08, 1.47, 2.8]
[00:43:11.668] RX[COM10]  01
[00:43:11.669] RX[COM10]  67 00 00 00 66 2e 00 01 62 00 03 87 ff 9b ec ff d4 00 16 00 28 0a 03 00 00 00 00 00 00 00 00 00 18 fe a5 00 00 00 14 44 0a
[00:43:11.670] PACKET[COM10] sensors: status=26368, uptime=26158, filtered_accel=[0.01416, 0.03612, -1.0248], gyro=[-3.08, 1.54, 2.8]
[00:43:11.670] PACKET[COM10] camera: fc_status=0, fc_uptime=0, status=0, uptime=1638053, current_sense=[0.0, 0.0, 0.0], iris_battery_voltage=5.188
[00:43:11.728] RX[COM10]  02
[00:43:11.728] RX[COM10]  67 00 00 00 66 74 00 00 00 00 00 00 00 00 00 00 00 00 00 00 00 00 00 00 00 00 00 00 00 00 00 00 00 00 00 00 00 00 00 00 00 00 00 00 00 00 00 00 00 00 00 00 00 00 00 00 43 67 c3 b1 13 f8 0a ff 66 00 00 00 66 74 0a
[00:43:11.729] PACKET[COM10] state: status=26368, uptime=26228, orientation=[0.0, 0.0, 0.0, 0.0], position=[0.0, 0.0, 0.0], velocity=[0.0, 0.0, 0.0], latitude=0.0, longitude=0.0, gps_altitude=0.0, barometric_altitude=231.76442, witness_battery_voltage=5.112
[00:43:11.730] PACKET[COM10] heartbeat: status=26112, uptime=26228
[00:43:11.835] RX[COM10]  01
[00:43:11.835] RX[COM10]  6e 00 00 00 66 f6 00 01 56 00 03 93 ff 9c 04 ff fd 00 01 ff fd 0a
[00:43:11.836] PACKET[COM10] sensors: status=28160, uptime=26358, filtered_accel=[0.01368, 0.0366, -1.02384], gyro=[-0.21, 0.07, -0.21]
[00:43:11.837] RX[TCP_prs2026hitl_7100]  02 67 00 00 00 66 74 00 00 00 00 00 00 00 00 00 00 00 00 00 00 00 00 00 00 00 00 00 00 00 00 00 00 00 00 00 00 00 00 00 00 00 00 00 00 00 00 00 00 00 00 00 00 00 00 00 00 43 67 c3 b1 13 f8 0a
[00:43:11.837] PACKET[TCP_prs2026hitl_7100] state: status=26368, uptime=26228, orientation=[0.0, 0.0, 0.0, 0.0], position=[0.0, 0.0, 0.0], velocity=[0.0, 0.0, 0.0], latitude=0.0, longitude=0.0, gps_altitude=0.0, barometric_altitude=231.76442, witness_battery_voltage=5.112
[00:43:11.950] RX[COM10]  01
[00:43:11.951] RX[COM10]  6e 00 00 00 67 5a 00 01 62 00 03 93 ff 9c 04 ff d5 00 15 00 27 0a
[00:43:11.952] PACKET[COM10] sensors: status=28160, uptime=26458, filtered_accel=[0.01416, 0.0366, -1.02384], gyro=[-3.01, 1.47, 2.73]
[00:43:12.069] RX[COM10]  01
[00:43:12.073] RX[COM10]  6e 00 00 00 67 be 00 01 56 00 03 93 ff 9b e0 ff d6 00 16 00 27 0a
[00:43:12.074] PACKET[COM10] sensors: status=28160, uptime=26558, filtered_accel=[0.01368, 0.0366, -1.02528], gyro=[-2.94, 1.54, 2.73]
[00:43:12.075] RX[TCP_prs2026hitl_7100]  49 20 28 31 37 37 30 33 30 36 29 20 61 70 65 72 74 75 72 65 3a 20 53 65 6e 64 69 6e 67 20 68 65 61 72 74 62 65 61 74 20 28 38 20 62 79 74 65 73 29 0d 0a
[00:43:12.075] BAD_PACKET[TCP_prs2026hitl_7100] unknown packet ID 0x49; discarded 1 byte(s)
[00:43:12.076] BAD_PACKET[TCP_prs2026hitl_7100] unknown packet ID 0x20; discarded 1 byte(s)
[00:43:12.076] BAD_PACKET[TCP_prs2026hitl_7100] unknown packet ID 0x28; discarded 1 byte(s)
[00:43:12.077] BAD_PACKET[TCP_prs2026hitl_7100] unknown packet ID 0x31; discarded 1 byte(s)
[00:43:12.077] BAD_PACKET[TCP_prs2026hitl_7100] unknown packet ID 0x37; discarded 1 byte(s)
[00:43:12.078] BAD_PACKET[TCP_prs2026hitl_7100] unknown packet ID 0x37; discarded 1 byte(s)
[00:43:12.078] BAD_PACKET[TCP_prs2026hitl_7100] unknown packet ID 0x30; discarded 1 byte(s)
[00:43:12.079] BAD_PACKET[TCP_prs2026hitl_7100] unknown packet ID 0x33; discarded 1 byte(s)
[00:43:12.079] BAD_PACKET[TCP_prs2026hitl_7100] unknown packet ID 0x30; discarded 1 byte(s)
[00:43:12.079] BAD_PACKET[TCP_prs2026hitl_7100] unknown packet ID 0x36; discarded 1 byte(s)
[00:43:12.080] BAD_PACKET[TCP_prs2026hitl_7100] unknown packet ID 0x29; discarded 1 byte(s)
[00:43:12.080] BAD_PACKET[TCP_prs2026hitl_7100] unknown packet ID 0x20; discarded 1 byte(s)
[00:43:12.080] BAD_PACKET[TCP_prs2026hitl_7100] unknown packet ID 0x61; discarded 1 byte(s)
[00:43:12.081] BAD_PACKET[TCP_prs2026hitl_7100] unknown packet ID 0x70; discarded 1 byte(s)
[00:43:12.081] BAD_PACKET[TCP_prs2026hitl_7100] unknown packet ID 0x65; discarded 1 byte(s)
[00:43:12.081] BAD_PACKET[TCP_prs2026hitl_7100] unknown packet ID 0x72; discarded 1 byte(s)
[00:43:12.082] BAD_PACKET[TCP_prs2026hitl_7100] unknown packet ID 0x74; discarded 1 byte(s)
[00:43:12.082] BAD_PACKET[TCP_prs2026hitl_7100] unknown packet ID 0x75; discarded 1 byte(s)
[00:43:12.082] BAD_PACKET[TCP_prs2026hitl_7100] unknown packet ID 0x72; discarded 1 byte(s)
[00:43:12.083] BAD_PACKET[TCP_prs2026hitl_7100] unknown packet ID 0x65; discarded 1 byte(s)
[00:43:12.083] BAD_PACKET[TCP_prs2026hitl_7100] unknown packet ID 0x3a; discarded 1 byte(s)
[00:43:12.083] BAD_PACKET[TCP_prs2026hitl_7100] unknown packet ID 0x20; discarded 1 byte(s)
[00:43:12.084] BAD_PACKET[TCP_prs2026hitl_7100] unknown packet ID 0x53; discarded 1 byte(s)
[00:43:12.084] BAD_PACKET[TCP_prs2026hitl_7100] unknown packet ID 0x65; discarded 1 byte(s)
[00:43:12.084] BAD_PACKET[TCP_prs2026hitl_7100] unknown packet ID 0x6e; discarded 1 byte(s)
[00:43:12.084] BAD_PACKET[TCP_prs2026hitl_7100] unknown packet ID 0x64; discarded 1 byte(s)
[00:43:12.085] BAD_PACKET[TCP_prs2026hitl_7100] unknown packet ID 0x69; discarded 1 byte(s)
[00:43:12.085] BAD_PACKET[TCP_prs2026hitl_7100] unknown packet ID 0x6e; discarded 1 byte(s)
[00:43:12.086] BAD_PACKET[TCP_prs2026hitl_7100] unknown packet ID 0x67; discarded 1 byte(s)
[00:43:12.087] BAD_PACKET[TCP_prs2026hitl_7100] unknown packet ID 0x20; discarded 1 byte(s)
[00:43:12.087] BAD_PACKET[TCP_prs2026hitl_7100] unknown packet ID 0x68; discarded 1 byte(s)
[00:43:12.087] BAD_PACKET[TCP_prs2026hitl_7100] unknown packet ID 0x65; discarded 1 byte(s)
[00:43:12.088] BAD_PACKET[TCP_prs2026hitl_7100] unknown packet ID 0x61; discarded 1 byte(s)
[00:43:12.088] BAD_PACKET[TCP_prs2026hitl_7100] unknown packet ID 0x72; discarded 1 byte(s)
[00:43:12.088] BAD_PACKET[TCP_prs2026hitl_7100] unknown packet ID 0x74; discarded 1 byte(s)
[00:43:12.089] BAD_PACKET[TCP_prs2026hitl_7100] unknown packet ID 0x62; discarded 1 byte(s)
[00:43:12.089] BAD_PACKET[TCP_prs2026hitl_7100] unknown packet ID 0x65; discarded 1 byte(s)
[00:43:12.089] BAD_PACKET[TCP_prs2026hitl_7100] unknown packet ID 0x61; discarded 1 byte(s)
[00:43:12.090] BAD_PACKET[TCP_prs2026hitl_7100] unknown packet ID 0x74; discarded 1 byte(s)
[00:43:12.090] BAD_PACKET[TCP_prs2026hitl_7100] unknown packet ID 0x20; discarded 1 byte(s)
[00:43:12.090] BAD_PACKET[TCP_prs2026hitl_7100] unknown packet ID 0x28; discarded 1 byte(s)
[00:43:12.091] BAD_PACKET[TCP_prs2026hitl_7100] unknown packet ID 0x38; discarded 1 byte(s)
[00:43:12.091] BAD_PACKET[TCP_prs2026hitl_7100] unknown packet ID 0x20; discarded 1 byte(s)
[00:43:12.091] BAD_PACKET[TCP_prs2026hitl_7100] unknown packet ID 0x62; discarded 1 byte(s)
[00:43:12.091] BAD_PACKET[TCP_prs2026hitl_7100] unknown packet ID 0x79; discarded 1 byte(s)
[00:43:12.092] BAD_PACKET[TCP_prs2026hitl_7100] unknown packet ID 0x74; discarded 1 byte(s)
[00:43:12.092] BAD_PACKET[TCP_prs2026hitl_7100] unknown packet ID 0x65; discarded 1 byte(s)
[00:43:12.092] BAD_PACKET[TCP_prs2026hitl_7100] unknown packet ID 0x73; discarded 1 byte(s)
[00:43:12.093] BAD_PACKET[TCP_prs2026hitl_7100] unknown packet ID 0x29; discarded 1 byte(s)
[00:43:12.093] BAD_PACKET[TCP_prs2026hitl_7100] unknown packet ID 0x0d; discarded 1 byte(s)
[00:43:12.093] BAD_PACKET[TCP_prs2026hitl_7100] unknown packet ID 0x0a; discarded 1 byte(s)
[00:43:12.148] RX[TCP_prs2026hitl_7100]  49 20 28 31 37 37 30 33 34 36 29 20 61 70 65 72 74 75 72 65 3a 20 48 65 61 72 74 62 65 61 74 20 73 65 6e 74 0d 0a
[00:43:12.150] BAD_PACKET[TCP_prs2026hitl_7100] unknown packet ID 0x49; discarded 1 byte(s)
[00:43:12.155] BAD_PACKET[TCP_prs2026hitl_7100] unknown packet ID 0x20; discarded 1 byte(s)
[00:43:12.158] BAD_PACKET[TCP_prs2026hitl_7100] unknown packet ID 0x28; discarded 1 byte(s)
[00:43:12.158] BAD_PACKET[TCP_prs2026hitl_7100] unknown packet ID 0x31; discarded 1 byte(s)
[00:43:12.159] BAD_PACKET[TCP_prs2026hitl_7100] unknown packet ID 0x37; discarded 1 byte(s)
[00:43:12.159] BAD_PACKET[TCP_prs2026hitl_7100] unknown packet ID 0x37; discarded 1 byte(s)
[00:43:12.159] BAD_PACKET[TCP_prs2026hitl_7100] unknown packet ID 0x30; discarded 1 byte(s)
[00:43:12.160] BAD_PACKET[TCP_prs2026hitl_7100] unknown packet ID 0x33; discarded 1 byte(s)
[00:43:12.160] BAD_PACKET[TCP_prs2026hitl_7100] unknown packet ID 0x34; discarded 1 byte(s)
[00:43:12.160] BAD_PACKET[TCP_prs2026hitl_7100] unknown packet ID 0x36; discarded 1 byte(s)
[00:43:12.161] BAD_PACKET[TCP_prs2026hitl_7100] unknown packet ID 0x29; discarded 1 byte(s)
[00:43:12.161] BAD_PACKET[TCP_prs2026hitl_7100] unknown packet ID 0x20; discarded 1 byte(s)
[00:43:12.162] BAD_PACKET[TCP_prs2026hitl_7100] unknown packet ID 0x61; discarded 1 byte(s)
[00:43:12.163] BAD_PACKET[TCP_prs2026hitl_7100] unknown packet ID 0x70; discarded 1 byte(s)
[00:43:12.163] BAD_PACKET[TCP_prs2026hitl_7100] unknown packet ID 0x65; discarded 1 byte(s)
[00:43:12.163] BAD_PACKET[TCP_prs2026hitl_7100] unknown packet ID 0x72; discarded 1 byte(s)
[00:43:12.164] BAD_PACKET[TCP_prs2026hitl_7100] unknown packet ID 0x74; discarded 1 byte(s)
[00:43:12.164] BAD_PACKET[TCP_prs2026hitl_7100] unknown packet ID 0x75; discarded 1 byte(s)
[00:43:12.164] BAD_PACKET[TCP_prs2026hitl_7100] unknown packet ID 0x72; discarded 1 byte(s)
[00:43:12.165] BAD_PACKET[TCP_prs2026hitl_7100] unknown packet ID 0x65; discarded 1 byte(s)
[00:43:12.165] BAD_PACKET[TCP_prs2026hitl_7100] unknown packet ID 0x3a; discarded 1 byte(s)
[00:43:12.167] BAD_PACKET[TCP_prs2026hitl_7100] unknown packet ID 0x20; discarded 1 byte(s)
[00:43:12.168] BAD_PACKET[TCP_prs2026hitl_7100] unknown packet ID 0x48; discarded 1 byte(s)
[00:43:12.168] BAD_PACKET[TCP_prs2026hitl_7100] unknown packet ID 0x65; discarded 1 byte(s)
[00:43:12.168] BAD_PACKET[TCP_prs2026hitl_7100] unknown packet ID 0x61; discarded 1 byte(s)
[00:43:12.169] BAD_PACKET[TCP_prs2026hitl_7100] unknown packet ID 0x72; discarded 1 byte(s)
[00:43:12.169] BAD_PACKET[TCP_prs2026hitl_7100] unknown packet ID 0x74; discarded 1 byte(s)
[00:43:12.170] BAD_PACKET[TCP_prs2026hitl_7100] unknown packet ID 0x62; discarded 1 byte(s)
[00:43:12.174] BAD_PACKET[TCP_prs2026hitl_7100] unknown packet ID 0x65; discarded 1 byte(s)
[00:43:12.178] BAD_PACKET[TCP_prs2026hitl_7100] unknown packet ID 0x61; discarded 1 byte(s)
[00:43:12.179] BAD_PACKET[TCP_prs2026hitl_7100] unknown packet ID 0x74; discarded 1 byte(s)
[00:43:12.181] BAD_PACKET[TCP_prs2026hitl_7100] unknown packet ID 0x20; discarded 1 byte(s)
[00:43:12.181] BAD_PACKET[TCP_prs2026hitl_7100] unknown packet ID 0x73; discarded 1 byte(s)
[00:43:12.182] BAD_PACKET[TCP_prs2026hitl_7100] unknown packet ID 0x65; discarded 1 byte(s)
[00:43:12.183] BAD_PACKET[TCP_prs2026hitl_7100] unknown packet ID 0x6e; discarded 1 byte(s)
[00:43:12.184] BAD_PACKET[TCP_prs2026hitl_7100] unknown packet ID 0x74; discarded 1 byte(s)
[00:43:12.184] BAD_PACKET[TCP_prs2026hitl_7100] unknown packet ID 0x0d; discarded 1 byte(s)
[00:43:12.184] BAD_PACKET[TCP_prs2026hitl_7100] unknown packet ID 0x0a; discarded 1 byte(s)
[00:43:12.185] RX[COM10]  01
[00:43:12.185] RX[COM10]  6e 00 00 00 68 22 00 01 49 00 03 93 ff 9b ec ff d4 00 15 00 27 0a
[00:43:12.186] PACKET[COM10] sensors: status=28160, uptime=26658, filtered_accel=[0.01316, 0.0366, -1.0248], gyro=[-3.08, 1.47, 2.73]
[00:43:12.243] RX[COM10]  01
[00:43:12.247] RX[COM10]  66 00 00 00 68 86 00 01 56 00 03 87 ff 9c 29 ff d4 00 16 00 28 0a
[00:43:12.248] PACKET[COM10] sensors: status=26112, uptime=26758, filtered_accel=[0.01368, 0.03612, -1.02236], gyro=[-3.08, 1.54, 2.8]
[00:43:12.352] RX[COM10]  01
[00:43:12.353] RX[COM10]  66 00 00 00 68 ea 00 01 62 00 03 93 ff 9c 04 ff d5 00 15 00 27 0a
[00:43:12.354] PACKET[COM10] sensors: status=26112, uptime=26858, filtered_accel=[0.01416, 0.0366, -1.02384], gyro=[-3.01, 1.47, 2.73]
[00:43:12.467] RX[COM10]  01
[00:43:12.469] RX[COM10]  66 00 00 00 69 4e 00 01 49 00 03 93 ff 9b f8 ff d5 00 16 00 28 0a
[00:43:12.470] PACKET[COM10] sensors: status=26112, uptime=26958, filtered_accel=[0.01316, 0.0366, -1.02432], gyro=[-3.01, 1.54, 2.8]
[00:43:12.526] RX[COM10]  01
[00:43:12.527] RX[COM10]  6e 00 00 00 69 b2 00 01 56 00 03 9f ff 9c 04 ff d5 00 15 00 28 0a
[00:43:12.528] PACKET[COM10] sensors: status=28160, uptime=27058, filtered_accel=[0.01368, 0.03708, -1.02384], gyro=[-3.01, 1.47, 2.8]
[00:43:12.637] RX[COM10]  01
[00:43:12.637] RX[COM10]  6e 00 00 00 6a 16 00 01 49 00 03 62 ff 9c 04 ff d4 00 15 00 28 0a 03 00 00 00 00 00 00 00 00 00 19 02 8d 00 00 00 14 40 0a
[00:43:12.638] PACKET[COM10] sensors: status=28160, uptime=27158, filtered_accel=[0.01316, 0.03464, -1.02384], gyro=[-3.08, 1.47, 2.8]
[00:43:12.638] PACKET[COM10] camera: fc_status=0, fc_uptime=0, status=0, uptime=1639053, current_sense=[0.0, 0.0, 0.0], iris_battery_voltage=5.184
[00:43:12.694] RX[COM10]  02
[00:43:12.694] RX[COM10]  6e 00 00 00 6a 5c 00 00 00 00 00 00 00 00 00 00 00 00 00 00 00 00 00 00 00 00 00 00 00 00 00 00 00 00 00 00 00 00 00 00 00 00 00 00 00 00 00 00 00 00 00 00 00 00 00 00 43 68 46 3d 14 00 0a ff 6f 00 00 00 6a 5c 0a
[00:43:12.695] PACKET[COM10] state: status=28160, uptime=27228, orientation=[0.0, 0.0, 0.0, 0.0], position=[0.0, 0.0, 0.0], velocity=[0.0, 0.0, 0.0], latitude=0.0, longitude=0.0, gps_altitude=0.0, barometric_altitude=232.274368, witness_battery_voltage=5.12
[00:43:12.696] PACKET[COM10] heartbeat: status=28416, uptime=27228
[00:43:12.867] RX[COM10]  01
[00:43:12.869] RX[COM10]  6f 00 00 00 6a de 00 01 49 00 03 93 ff 9b ec ff fc ff ff ff fd 0a
[00:43:12.870] PACKET[COM10] sensors: status=28416, uptime=27358, filtered_accel=[0.01316, 0.0366, -1.0248], gyro=[-0.28, -0.07, -0.21]
[00:43:12.870] RX[TCP_prs2026hitl_7100]  02 6e 00 00 00 6a 5c 00 00 00 00 00 00 00 00 00 00 00 00 00 00 00 00 00 00 00 00 00 00 00 00 00 00 00 00 00 00 00 00 00 00 00 00 00 00 00 00 00 00 00 00 00 00 00 00 00 00 43 68 46 3d 14 00 0a
[00:43:12.871] PACKET[TCP_prs2026hitl_7100] state: status=28160, uptime=27228, orientation=[0.0, 0.0, 0.0, 0.0], position=[0.0, 0.0, 0.0], velocity=[0.0, 0.0, 0.0], latitude=0.0, longitude=0.0, gps_altitude=0.0, barometric_altitude=232.274368, witness_battery_voltage=5.12
[00:43:12.935] RX[COM10]  01
[00:43:12.935] RX[COM10]  67 00 00 00 6b 42 00 01 7a 00 03 ab ff 9c 04 ff d5 00 15 00 27 0a
[00:43:12.937] PACKET[COM10] sensors: status=26368, uptime=27458, filtered_accel=[0.01512, 0.03756, -1.02384], gyro=[-3.01, 1.47, 2.73]
[00:43:13.044] RX[COM10]  01
[00:43:13.045] RX[COM10]  67 00 00 00 6b a6 00 01 6e 00 03 56 ff 9c 35 ff d5 00 14 00 27 0a
[00:43:13.046] PACKET[COM10] sensors: status=26368, uptime=27558, filtered_accel=[0.01464, 0.03416, -1.02188], gyro=[-3.01, 1.4, 2.73]
[00:43:13.101] RX[TCP_prs2026hitl_7100]  49 20 28 31 37 37 31 33 30 36 29 20 61 70 65 72 74 75 72 65 3a 20 53 65 6e 64 69 6e 67 20 68 65 61 72 74 62 65 61 74 20 28 38 20 62 79 74 65 73 29 0d 0a
[00:43:13.102] BAD_PACKET[TCP_prs2026hitl_7100] unknown packet ID 0x49; discarded 1 byte(s)
[00:43:13.102] BAD_PACKET[TCP_prs2026hitl_7100] unknown packet ID 0x20; discarded 1 byte(s)
[00:43:13.103] BAD_PACKET[TCP_prs2026hitl_7100] unknown packet ID 0x28; discarded 1 byte(s)
[00:43:13.104] BAD_PACKET[TCP_prs2026hitl_7100] unknown packet ID 0x31; discarded 1 byte(s)
[00:43:13.104] BAD_PACKET[TCP_prs2026hitl_7100] unknown packet ID 0x37; discarded 1 byte(s)
[00:43:13.105] BAD_PACKET[TCP_prs2026hitl_7100] unknown packet ID 0x37; discarded 1 byte(s)
[00:43:13.105] BAD_PACKET[TCP_prs2026hitl_7100] unknown packet ID 0x31; discarded 1 byte(s)
[00:43:13.106] BAD_PACKET[TCP_prs2026hitl_7100] unknown packet ID 0x33; discarded 1 byte(s)
[00:43:13.106] BAD_PACKET[TCP_prs2026hitl_7100] unknown packet ID 0x30; discarded 1 byte(s)
[00:43:13.106] BAD_PACKET[TCP_prs2026hitl_7100] unknown packet ID 0x36; discarded 1 byte(s)
[00:43:13.107] BAD_PACKET[TCP_prs2026hitl_7100] unknown packet ID 0x29; discarded 1 byte(s)
[00:43:13.107] BAD_PACKET[TCP_prs2026hitl_7100] unknown packet ID 0x20; discarded 1 byte(s)
[00:43:13.107] BAD_PACKET[TCP_prs2026hitl_7100] unknown packet ID 0x61; discarded 1 byte(s)
[00:43:13.108] BAD_PACKET[TCP_prs2026hitl_7100] unknown packet ID 0x70; discarded 1 byte(s)
[00:43:13.108] BAD_PACKET[TCP_prs2026hitl_7100] unknown packet ID 0x65; discarded 1 byte(s)
[00:43:13.108] BAD_PACKET[TCP_prs2026hitl_7100] unknown packet ID 0x72; discarded 1 byte(s)
[00:43:13.109] BAD_PACKET[TCP_prs2026hitl_7100] unknown packet ID 0x74; discarded 1 byte(s)
[00:43:13.109] BAD_PACKET[TCP_prs2026hitl_7100] unknown packet ID 0x75; discarded 1 byte(s)
[00:43:13.109] BAD_PACKET[TCP_prs2026hitl_7100] unknown packet ID 0x72; discarded 1 byte(s)
[00:43:13.109] BAD_PACKET[TCP_prs2026hitl_7100] unknown packet ID 0x65; discarded 1 byte(s)
[00:43:13.110] BAD_PACKET[TCP_prs2026hitl_7100] unknown packet ID 0x3a; discarded 1 byte(s)
[00:43:13.110] BAD_PACKET[TCP_prs2026hitl_7100] unknown packet ID 0x20; discarded 1 byte(s)
[00:43:13.110] BAD_PACKET[TCP_prs2026hitl_7100] unknown packet ID 0x53; discarded 1 byte(s)
[00:43:13.113] BAD_PACKET[TCP_prs2026hitl_7100] unknown packet ID 0x65; discarded 1 byte(s)
[00:43:13.113] BAD_PACKET[TCP_prs2026hitl_7100] unknown packet ID 0x6e; discarded 1 byte(s)
[00:43:13.114] BAD_PACKET[TCP_prs2026hitl_7100] unknown packet ID 0x64; discarded 1 byte(s)
[00:43:13.114] BAD_PACKET[TCP_prs2026hitl_7100] unknown packet ID 0x69; discarded 1 byte(s)
[00:43:13.114] BAD_PACKET[TCP_prs2026hitl_7100] unknown packet ID 0x6e; discarded 1 byte(s)
[00:43:13.115] BAD_PACKET[TCP_prs2026hitl_7100] unknown packet ID 0x67; discarded 1 byte(s)
[00:43:13.115] BAD_PACKET[TCP_prs2026hitl_7100] unknown packet ID 0x20; discarded 1 byte(s)
[00:43:13.115] BAD_PACKET[TCP_prs2026hitl_7100] unknown packet ID 0x68; discarded 1 byte(s)
[00:43:13.115] BAD_PACKET[TCP_prs2026hitl_7100] unknown packet ID 0x65; discarded 1 byte(s)
[00:43:13.116] BAD_PACKET[TCP_prs2026hitl_7100] unknown packet ID 0x61; discarded 1 byte(s)
[00:43:13.116] BAD_PACKET[TCP_prs2026hitl_7100] unknown packet ID 0x72; discarded 1 byte(s)
[00:43:13.116] BAD_PACKET[TCP_prs2026hitl_7100] unknown packet ID 0x74; discarded 1 byte(s)
[00:43:13.117] BAD_PACKET[TCP_prs2026hitl_7100] unknown packet ID 0x62; discarded 1 byte(s)
[00:43:13.117] BAD_PACKET[TCP_prs2026hitl_7100] unknown packet ID 0x65; discarded 1 byte(s)
[00:43:13.117] BAD_PACKET[TCP_prs2026hitl_7100] unknown packet ID 0x61; discarded 1 byte(s)
[00:43:13.118] BAD_PACKET[TCP_prs2026hitl_7100] unknown packet ID 0x74; discarded 1 byte(s)
[00:43:13.118] BAD_PACKET[TCP_prs2026hitl_7100] unknown packet ID 0x20; discarded 1 byte(s)
[00:43:13.118] BAD_PACKET[TCP_prs2026hitl_7100] unknown packet ID 0x28; discarded 1 byte(s)
[00:43:13.119] BAD_PACKET[TCP_prs2026hitl_7100] unknown packet ID 0x38; discarded 1 byte(s)
[00:43:13.119] BAD_PACKET[TCP_prs2026hitl_7100] unknown packet ID 0x20; discarded 1 byte(s)
[00:43:13.120] BAD_PACKET[TCP_prs2026hitl_7100] unknown packet ID 0x62; discarded 1 byte(s)
[00:43:13.120] BAD_PACKET[TCP_prs2026hitl_7100] unknown packet ID 0x79; discarded 1 byte(s)
[00:43:13.120] BAD_PACKET[TCP_prs2026hitl_7100] unknown packet ID 0x74; discarded 1 byte(s)
[00:43:13.121] BAD_PACKET[TCP_prs2026hitl_7100] unknown packet ID 0x65; discarded 1 byte(s)
[00:43:13.121] BAD_PACKET[TCP_prs2026hitl_7100] unknown packet ID 0x73; discarded 1 byte(s)
[00:43:13.121] BAD_PACKET[TCP_prs2026hitl_7100] unknown packet ID 0x29; discarded 1 byte(s)
[00:43:13.122] BAD_PACKET[TCP_prs2026hitl_7100] unknown packet ID 0x0d; discarded 1 byte(s)
[00:43:13.122] BAD_PACKET[TCP_prs2026hitl_7100] unknown packet ID 0x0a; discarded 1 byte(s)
[00:43:13.122] RX[TCP_prs2026hitl_7100]  49 20 28 31 37 37 31 33 34 36 29 20 61 70 65 72 74 75 72 65 3a 20 48 65 61 72 74 62 65 61 74 20 73 65 6e 74 0d 0a
[00:43:13.123] BAD_PACKET[TCP_prs2026hitl_7100] unknown packet ID 0x49; discarded 1 byte(s)
[00:43:13.123] BAD_PACKET[TCP_prs2026hitl_7100] unknown packet ID 0x20; discarded 1 byte(s)
[00:43:13.123] BAD_PACKET[TCP_prs2026hitl_7100] unknown packet ID 0x28; discarded 1 byte(s)
[00:43:13.123] BAD_PACKET[TCP_prs2026hitl_7100] unknown packet ID 0x31; discarded 1 byte(s)
[00:43:13.124] BAD_PACKET[TCP_prs2026hitl_7100] unknown packet ID 0x37; discarded 1 byte(s)
[00:43:13.124] BAD_PACKET[TCP_prs2026hitl_7100] unknown packet ID 0x37; discarded 1 byte(s)
[00:43:13.124] BAD_PACKET[TCP_prs2026hitl_7100] unknown packet ID 0x31; discarded 1 byte(s)
[00:43:13.125] BAD_PACKET[TCP_prs2026hitl_7100] unknown packet ID 0x33; discarded 1 byte(s)
[00:43:13.125] BAD_PACKET[TCP_prs2026hitl_7100] unknown packet ID 0x34; discarded 1 byte(s)
[00:43:13.125] BAD_PACKET[TCP_prs2026hitl_7100] unknown packet ID 0x36; discarded 1 byte(s)
[00:43:13.126] BAD_PACKET[TCP_prs2026hitl_7100] unknown packet ID 0x29; discarded 1 byte(s)
[00:43:13.127] BAD_PACKET[TCP_prs2026hitl_7100] unknown packet ID 0x20; discarded 1 byte(s)
[00:43:13.128] BAD_PACKET[TCP_prs2026hitl_7100] unknown packet ID 0x61; discarded 1 byte(s)
[00:43:13.128] BAD_PACKET[TCP_prs2026hitl_7100] unknown packet ID 0x70; discarded 1 byte(s)
[00:43:13.128] BAD_PACKET[TCP_prs2026hitl_7100] unknown packet ID 0x65; discarded 1 byte(s)
[00:43:13.129] BAD_PACKET[TCP_prs2026hitl_7100] unknown packet ID 0x72; discarded 1 byte(s)
[00:43:13.129] BAD_PACKET[TCP_prs2026hitl_7100] unknown packet ID 0x74; discarded 1 byte(s)
[00:43:13.129] BAD_PACKET[TCP_prs2026hitl_7100] unknown packet ID 0x75; discarded 1 byte(s)
[00:43:13.130] BAD_PACKET[TCP_prs2026hitl_7100] unknown packet ID 0x72; discarded 1 byte(s)
[00:43:13.130] BAD_PACKET[TCP_prs2026hitl_7100] unknown packet ID 0x65; discarded 1 byte(s)
[00:43:13.130] BAD_PACKET[TCP_prs2026hitl_7100] unknown packet ID 0x3a; discarded 1 byte(s)
[00:43:13.131] BAD_PACKET[TCP_prs2026hitl_7100] unknown packet ID 0x20; discarded 1 byte(s)
[00:43:13.131] BAD_PACKET[TCP_prs2026hitl_7100] unknown packet ID 0x48; discarded 1 byte(s)
[00:43:13.131] BAD_PACKET[TCP_prs2026hitl_7100] unknown packet ID 0x65; discarded 1 byte(s)
[00:43:13.132] BAD_PACKET[TCP_prs2026hitl_7100] unknown packet ID 0x61; discarded 1 byte(s)
[00:43:13.132] BAD_PACKET[TCP_prs2026hitl_7100] unknown packet ID 0x72; discarded 1 byte(s)
[00:43:13.132] BAD_PACKET[TCP_prs2026hitl_7100] unknown packet ID 0x74; discarded 1 byte(s)
[00:43:13.132] BAD_PACKET[TCP_prs2026hitl_7100] unknown packet ID 0x62; discarded 1 byte(s)
[00:43:13.133] BAD_PACKET[TCP_prs2026hitl_7100] unknown packet ID 0x65; discarded 1 byte(s)
[00:43:13.133] BAD_PACKET[TCP_prs2026hitl_7100] unknown packet ID 0x61; discarded 1 byte(s)
[00:43:13.133] BAD_PACKET[TCP_prs2026hitl_7100] unknown packet ID 0x74; discarded 1 byte(s)
[00:43:13.134] BAD_PACKET[TCP_prs2026hitl_7100] unknown packet ID 0x20; discarded 1 byte(s)
[00:43:13.134] BAD_PACKET[TCP_prs2026hitl_7100] unknown packet ID 0x73; discarded 1 byte(s)
[00:43:13.134] BAD_PACKET[TCP_prs2026hitl_7100] unknown packet ID 0x65; discarded 1 byte(s)
[00:43:13.135] BAD_PACKET[TCP_prs2026hitl_7100] unknown packet ID 0x6e; discarded 1 byte(s)
[00:43:13.135] BAD_PACKET[TCP_prs2026hitl_7100] unknown packet ID 0x74; discarded 1 byte(s)
[00:43:13.135] BAD_PACKET[TCP_prs2026hitl_7100] unknown packet ID 0x0d; discarded 1 byte(s)
[00:43:13.135] BAD_PACKET[TCP_prs2026hitl_7100] unknown packet ID 0x0a; discarded 1 byte(s)
[00:43:13.136] RX[COM10]  01
[00:43:13.136] RX[COM10]  67 00 00 00 6c 0a 00 01 56 00 03 7b ff 9b d4 ff d4 00 15 00 28 0a
[00:43:13.137] PACKET[COM10] sensors: status=26368, uptime=27658, filtered_accel=[0.01368, 0.03564, -1.02576], gyro=[-3.08, 1.47, 2.8]
[00:43:13.244] RX[COM10]  01
[00:43:13.245] RX[COM10]  6f 00 00 00 6c 6e 00 01 62 00 03 93 ff 9b f8 ff d6 00 14 00 28 0a
[00:43:13.246] PACKET[COM10] sensors: status=28416, uptime=27758, filtered_accel=[0.01416, 0.0366, -1.02432], gyro=[-2.94, 1.4, 2.8]
[00:43:13.353] RX[COM10]  01
[00:43:13.354] RX[COM10]  6f 00 00 00 6c d2 00 01 6e 00 03 93 ff 9b f8 ff d5 00 15 00 28 0a
[00:43:13.354] PACKET[COM10] sensors: status=28416, uptime=27858, filtered_accel=[0.01464, 0.0366, -1.02432], gyro=[-3.01, 1.47, 2.8]
[00:43:13.468] RX[COM10]  01
[00:43:13.470] RX[COM10]  6f 00 00 00 6d 36 00 01 49 00 03 7b ff 9b f8 ff d5 00 15 00 28 0a
[00:43:13.471] PACKET[COM10] sensors: status=28416, uptime=27958, filtered_accel=[0.01316, 0.03564, -1.02432], gyro=[-3.01, 1.47, 2.8]
[00:43:13.535] RX[COM10]  01
[00:43:13.536] RX[COM10]  6f 00 00 00 6d 9a 00 01 62 00 03 87 ff 9c 04 ff d4 00 16 00 28 0a
[00:43:13.537] PACKET[COM10] sensors: status=28416, uptime=28058, filtered_accel=[0.01416, 0.03612, -1.02384], gyro=[-3.08, 1.54, 2.8]
[00:43:13.653] RX[COM10]  01
[00:43:13.654] RX[COM10]  67 00 00 00 6d fe 00 01 62 00 03 ab ff 9b e0 ff d5 00 15 00 29 0a
[00:43:13.654] PACKET[COM10] sensors: status=26368, uptime=28158, filtered_accel=[0.01416, 0.03756, -1.02528], gyro=[-3.01, 1.47, 2.87]
[00:43:13.655] RX[COM10]  03 00 00 00 00 00 00 00 00 00 19 06 75 00 00 00 14 40 0a
[00:43:13.655] PACKET[COM10] camera: fc_status=0, fc_uptime=0, status=0, uptime=1640053, current_sense=[0.0, 0.0, 0.0], iris_battery_voltage=5.184
[00:43:13.708] RX[COM10]  02
[00:43:13.709] RX[COM10]  67 00 00 00 6e 44 00 00 00 00 00 00 00 00 00 00 00 00 00 00 00 00 00 00 00 00 00 00 00 00 00 00 00 00 00 00 00 00 00 00 00 00 00 00 00 00 00 00 00 00 00 00 00 00 00 00 43 68 30 98 13 f8 0a ff 66 00 00 00 6e 44 0a
[00:43:13.710] PACKET[COM10] state: status=26368, uptime=28228, orientation=[0.0, 0.0, 0.0, 0.0], position=[0.0, 0.0, 0.0], velocity=[0.0, 0.0, 0.0], latitude=0.0, longitude=0.0, gps_altitude=0.0, barometric_altitude=232.189819, witness_battery_voltage=5.112
[00:43:13.710] PACKET[COM10] heartbeat: status=26112, uptime=28228
[00:43:13.826] RX[COM10]  01
[00:43:13.827] RX[COM10]  6e 00 00 00 6e c6 00 01 56 00 03 93 ff 9c 11 ff fc 00 02 ff fd 0a
[00:43:13.828] PACKET[COM10] sensors: status=28160, uptime=28358, filtered_accel=[0.01368, 0.0366, -1.02332], gyro=[-0.28, 0.14, -0.21]
[00:43:13.886] RX[TCP_prs2026hitl_7100]  02 67 00 00 00 6e 44 00 00 00 00 00 00 00 00 00 00 00 00 00 00 00 00 00 00 00 00 00 00 00 00 00 00 00 00 00 00 00 00 00 00 00 00 00 00 00 00 00 00 00 00 00 00 00 00 00 00 43 68 30 98 13 f8 0a
[00:43:13.888] PACKET[TCP_prs2026hitl_7100] state: status=26368, uptime=28228, orientation=[0.0, 0.0, 0.0, 0.0], position=[0.0, 0.0, 0.0], velocity=[0.0, 0.0, 0.0], latitude=0.0, longitude=0.0, gps_altitude=0.0, barometric_altitude=232.189819, witness_battery_voltage=5.112
[00:43:13.951] RX[COM10]  01
[00:43:13.953] RX[COM10]  6e 00 00 00 6f 2a 00 01 62 00 03 93 ff 9b ec ff d6 00 16 00 27 0a
[00:43:13.954] PACKET[COM10] sensors: status=28160, uptime=28458, filtered_accel=[0.01416, 0.0366, -1.0248], gyro=[-2.94, 1.54, 2.73]
[00:43:14.061] RX[COM10]  01
[00:43:14.062] RX[COM10]  6e 00 00 00 6f 8e 00 01 6e 00 03 87 ff 9b f8 ff d5 00 16 00 27 0a
[00:43:14.063] PACKET[COM10] sensors: status=28160, uptime=28558, filtered_accel=[0.01464, 0.03612, -1.02432], gyro=[-3.01, 1.54, 2.73]
[00:43:14.067] RX[TCP_prs2026hitl_7100]  49 20 28 31 37 37 32 33 30 36 29 20 61 70 65 72 74 75 72 65 3a 20 53 65 6e 64 69 6e 67 20 68 65 61 72 74 62 65 61 74 20 28 38 20 62 79 74 65 73 29 0d 0a
[00:43:14.069] BAD_PACKET[TCP_prs2026hitl_7100] unknown packet ID 0x49; discarded 1 byte(s)
[00:43:14.071] BAD_PACKET[TCP_prs2026hitl_7100] unknown packet ID 0x20; discarded 1 byte(s)
[00:43:14.073] BAD_PACKET[TCP_prs2026hitl_7100] unknown packet ID 0x28; discarded 1 byte(s)
[00:43:14.074] BAD_PACKET[TCP_prs2026hitl_7100] unknown packet ID 0x31; discarded 1 byte(s)
[00:43:14.075] BAD_PACKET[TCP_prs2026hitl_7100] unknown packet ID 0x37; discarded 1 byte(s)
[00:43:14.076] BAD_PACKET[TCP_prs2026hitl_7100] unknown packet ID 0x37; discarded 1 byte(s)
[00:43:14.077] BAD_PACKET[TCP_prs2026hitl_7100] unknown packet ID 0x32; discarded 1 byte(s)
[00:43:14.077] BAD_PACKET[TCP_prs2026hitl_7100] unknown packet ID 0x33; discarded 1 byte(s)
[00:43:14.077] BAD_PACKET[TCP_prs2026hitl_7100] unknown packet ID 0x30; discarded 1 byte(s)
[00:43:14.078] BAD_PACKET[TCP_prs2026hitl_7100] unknown packet ID 0x36; discarded 1 byte(s)
[00:43:14.078] BAD_PACKET[TCP_prs2026hitl_7100] unknown packet ID 0x29; discarded 1 byte(s)
[00:43:14.079] BAD_PACKET[TCP_prs2026hitl_7100] unknown packet ID 0x20; discarded 1 byte(s)
[00:43:14.079] BAD_PACKET[TCP_prs2026hitl_7100] unknown packet ID 0x61; discarded 1 byte(s)
[00:43:14.079] BAD_PACKET[TCP_prs2026hitl_7100] unknown packet ID 0x70; discarded 1 byte(s)
[00:43:14.080] BAD_PACKET[TCP_prs2026hitl_7100] unknown packet ID 0x65; discarded 1 byte(s)
[00:43:14.080] BAD_PACKET[TCP_prs2026hitl_7100] unknown packet ID 0x72; discarded 1 byte(s)
[00:43:14.080] BAD_PACKET[TCP_prs2026hitl_7100] unknown packet ID 0x74; discarded 1 byte(s)
[00:43:14.080] BAD_PACKET[TCP_prs2026hitl_7100] unknown packet ID 0x75; discarded 1 byte(s)
[00:43:14.082] BAD_PACKET[TCP_prs2026hitl_7100] unknown packet ID 0x72; discarded 1 byte(s)
[00:43:14.088] BAD_PACKET[TCP_prs2026hitl_7100] unknown packet ID 0x65; discarded 1 byte(s)
[00:43:14.091] BAD_PACKET[TCP_prs2026hitl_7100] unknown packet ID 0x3a; discarded 1 byte(s)
[00:43:14.091] BAD_PACKET[TCP_prs2026hitl_7100] unknown packet ID 0x20; discarded 1 byte(s)
[00:43:14.092] BAD_PACKET[TCP_prs2026hitl_7100] unknown packet ID 0x53; discarded 1 byte(s)
[00:43:14.092] BAD_PACKET[TCP_prs2026hitl_7100] unknown packet ID 0x65; discarded 1 byte(s)
[00:43:14.092] BAD_PACKET[TCP_prs2026hitl_7100] unknown packet ID 0x6e; discarded 1 byte(s)
[00:43:14.093] BAD_PACKET[TCP_prs2026hitl_7100] unknown packet ID 0x64; discarded 1 byte(s)
[00:43:14.093] BAD_PACKET[TCP_prs2026hitl_7100] unknown packet ID 0x69; discarded 1 byte(s)
[00:43:14.093] BAD_PACKET[TCP_prs2026hitl_7100] unknown packet ID 0x6e; discarded 1 byte(s)
[00:43:14.094] BAD_PACKET[TCP_prs2026hitl_7100] unknown packet ID 0x67; discarded 1 byte(s)
[00:43:14.097] BAD_PACKET[TCP_prs2026hitl_7100] unknown packet ID 0x20; discarded 1 byte(s)
[00:43:14.097] BAD_PACKET[TCP_prs2026hitl_7100] unknown packet ID 0x68; discarded 1 byte(s)
[00:43:14.097] BAD_PACKET[TCP_prs2026hitl_7100] unknown packet ID 0x65; discarded 1 byte(s)
[00:43:14.097] BAD_PACKET[TCP_prs2026hitl_7100] unknown packet ID 0x61; discarded 1 byte(s)
[00:43:14.098] BAD_PACKET[TCP_prs2026hitl_7100] unknown packet ID 0x72; discarded 1 byte(s)
[00:43:14.098] BAD_PACKET[TCP_prs2026hitl_7100] unknown packet ID 0x74; discarded 1 byte(s)
[00:43:14.098] BAD_PACKET[TCP_prs2026hitl_7100] unknown packet ID 0x62; discarded 1 byte(s)
[00:43:14.099] BAD_PACKET[TCP_prs2026hitl_7100] unknown packet ID 0x65; discarded 1 byte(s)
[00:43:14.099] BAD_PACKET[TCP_prs2026hitl_7100] unknown packet ID 0x61; discarded 1 byte(s)
[00:43:14.099] BAD_PACKET[TCP_prs2026hitl_7100] unknown packet ID 0x74; discarded 1 byte(s)
[00:43:14.100] BAD_PACKET[TCP_prs2026hitl_7100] unknown packet ID 0x20; discarded 1 byte(s)
[00:43:14.100] BAD_PACKET[TCP_prs2026hitl_7100] unknown packet ID 0x28; discarded 1 byte(s)
[00:43:14.100] BAD_PACKET[TCP_prs2026hitl_7100] unknown packet ID 0x38; discarded 1 byte(s)
[00:43:14.101] BAD_PACKET[TCP_prs2026hitl_7100] unknown packet ID 0x20; discarded 1 byte(s)
[00:43:14.101] BAD_PACKET[TCP_prs2026hitl_7100] unknown packet ID 0x62; discarded 1 byte(s)
[00:43:14.101] BAD_PACKET[TCP_prs2026hitl_7100] unknown packet ID 0x79; discarded 1 byte(s)
[00:43:14.102] BAD_PACKET[TCP_prs2026hitl_7100] unknown packet ID 0x74; discarded 1 byte(s)
[00:43:14.102] BAD_PACKET[TCP_prs2026hitl_7100] unknown packet ID 0x65; discarded 1 byte(s)
[00:43:14.102] BAD_PACKET[TCP_prs2026hitl_7100] unknown packet ID 0x73; discarded 1 byte(s)
[00:43:14.103] BAD_PACKET[TCP_prs2026hitl_7100] unknown packet ID 0x29; discarded 1 byte(s)
[00:43:14.104] BAD_PACKET[TCP_prs2026hitl_7100] unknown packet ID 0x0d; discarded 1 byte(s)
[00:43:14.104] BAD_PACKET[TCP_prs2026hitl_7100] unknown packet ID 0x0a; discarded 1 byte(s)
[00:43:14.160] RX[COM10]  01
[00:43:14.161] RX[COM10]  6e 00 00 00 6f f2 00 01 49 00 03 7b ff 9b ec ff d5 00 15 00 27 0a
[00:43:14.162] PACKET[COM10] sensors: status=28160, uptime=28658, filtered_accel=[0.01316, 0.03564, -1.0248], gyro=[-3.01, 1.47, 2.73]
[00:43:14.163] RX[TCP_prs2026hitl_7100]  49 20 28 31 37 37 32 33 34 36 29 20 61 70 65 72 74 75 72 65 3a 20 48 65 61 72 74 62 65 61 74 20 73 65 6e 74 0d 0a
[00:43:14.163] BAD_PACKET[TCP_prs2026hitl_7100] unknown packet ID 0x49; discarded 1 byte(s)
[00:43:14.163] BAD_PACKET[TCP_prs2026hitl_7100] unknown packet ID 0x20; discarded 1 byte(s)
[00:43:14.164] BAD_PACKET[TCP_prs2026hitl_7100] unknown packet ID 0x28; discarded 1 byte(s)
[00:43:14.164] BAD_PACKET[TCP_prs2026hitl_7100] unknown packet ID 0x31; discarded 1 byte(s)
[00:43:14.164] BAD_PACKET[TCP_prs2026hitl_7100] unknown packet ID 0x37; discarded 1 byte(s)
[00:43:14.165] BAD_PACKET[TCP_prs2026hitl_7100] unknown packet ID 0x37; discarded 1 byte(s)
[00:43:14.165] BAD_PACKET[TCP_prs2026hitl_7100] unknown packet ID 0x32; discarded 1 byte(s)
[00:43:14.165] BAD_PACKET[TCP_prs2026hitl_7100] unknown packet ID 0x33; discarded 1 byte(s)
[00:43:14.165] BAD_PACKET[TCP_prs2026hitl_7100] unknown packet ID 0x34; discarded 1 byte(s)
[00:43:14.166] BAD_PACKET[TCP_prs2026hitl_7100] unknown packet ID 0x36; discarded 1 byte(s)
[00:43:14.166] BAD_PACKET[TCP_prs2026hitl_7100] unknown packet ID 0x29; discarded 1 byte(s)
[00:43:14.166] BAD_PACKET[TCP_prs2026hitl_7100] unknown packet ID 0x20; discarded 1 byte(s)
[00:43:14.167] BAD_PACKET[TCP_prs2026hitl_7100] unknown packet ID 0x61; discarded 1 byte(s)
[00:43:14.167] BAD_PACKET[TCP_prs2026hitl_7100] unknown packet ID 0x70; discarded 1 byte(s)
[00:43:14.167] BAD_PACKET[TCP_prs2026hitl_7100] unknown packet ID 0x65; discarded 1 byte(s)
[00:43:14.168] BAD_PACKET[TCP_prs2026hitl_7100] unknown packet ID 0x72; discarded 1 byte(s)
[00:43:14.168] BAD_PACKET[TCP_prs2026hitl_7100] unknown packet ID 0x74; discarded 1 byte(s)
[00:43:14.169] BAD_PACKET[TCP_prs2026hitl_7100] unknown packet ID 0x75; discarded 1 byte(s)
[00:43:14.169] BAD_PACKET[TCP_prs2026hitl_7100] unknown packet ID 0x72; discarded 1 byte(s)
[00:43:14.170] BAD_PACKET[TCP_prs2026hitl_7100] unknown packet ID 0x65; discarded 1 byte(s)
[00:43:14.170] BAD_PACKET[TCP_prs2026hitl_7100] unknown packet ID 0x3a; discarded 1 byte(s)
[00:43:14.170] BAD_PACKET[TCP_prs2026hitl_7100] unknown packet ID 0x20; discarded 1 byte(s)
[00:43:14.171] BAD_PACKET[TCP_prs2026hitl_7100] unknown packet ID 0x48; discarded 1 byte(s)
[00:43:14.171] BAD_PACKET[TCP_prs2026hitl_7100] unknown packet ID 0x65; discarded 1 byte(s)
[00:43:14.171] BAD_PACKET[TCP_prs2026hitl_7100] unknown packet ID 0x61; discarded 1 byte(s)
[00:43:14.172] BAD_PACKET[TCP_prs2026hitl_7100] unknown packet ID 0x72; discarded 1 byte(s)
[00:43:14.172] BAD_PACKET[TCP_prs2026hitl_7100] unknown packet ID 0x74; discarded 1 byte(s)
[00:43:14.172] BAD_PACKET[TCP_prs2026hitl_7100] unknown packet ID 0x62; discarded 1 byte(s)
[00:43:14.173] BAD_PACKET[TCP_prs2026hitl_7100] unknown packet ID 0x65; discarded 1 byte(s)
[00:43:14.173] BAD_PACKET[TCP_prs2026hitl_7100] unknown packet ID 0x61; discarded 1 byte(s)
[00:43:14.173] BAD_PACKET[TCP_prs2026hitl_7100] unknown packet ID 0x74; discarded 1 byte(s)
[00:43:14.174] BAD_PACKET[TCP_prs2026hitl_7100] unknown packet ID 0x20; discarded 1 byte(s)
[00:43:14.174] BAD_PACKET[TCP_prs2026hitl_7100] unknown packet ID 0x73; discarded 1 byte(s)
[00:43:14.174] BAD_PACKET[TCP_prs2026hitl_7100] unknown packet ID 0x65; discarded 1 byte(s)
[00:43:14.174] BAD_PACKET[TCP_prs2026hitl_7100] unknown packet ID 0x6e; discarded 1 byte(s)
[00:43:14.175] BAD_PACKET[TCP_prs2026hitl_7100] unknown packet ID 0x74; discarded 1 byte(s)
[00:43:14.175] BAD_PACKET[TCP_prs2026hitl_7100] unknown packet ID 0x0d; discarded 1 byte(s)
[00:43:14.175] BAD_PACKET[TCP_prs2026hitl_7100] unknown packet ID 0x0a; discarded 1 byte(s)
[00:43:14.232] RX[COM10]  01
[00:43:14.232] RX[COM10]  66 00 00 00 70 56 00 01 62 00 03 6e ff 9b c7 ff d4 00 16 00 28 0a
[00:43:14.233] PACKET[COM10] sensors: status=26112, uptime=28758, filtered_accel=[0.01416, 0.03512, -1.02628], gyro=[-3.08, 1.54, 2.8]
[00:43:14.341] RX[COM10]  01
[00:43:14.343] RX[COM10]  66 00 00 00 70 ba 00 01 62 00 03 9f ff 9b bb ff d6 00 17 00 28 0a
[00:43:14.343] PACKET[COM10] sensors: status=26112, uptime=28858, filtered_accel=[0.01416, 0.03708, -1.02676], gyro=[-2.94, 1.61, 2.8]
[00:43:14.452] RX[COM10]  01
[00:43:14.453] RX[COM10]  66 00 00 00 71 1e 00 01 62 00 03 9f ff 9c 1d ff d3 00 14 00 28 0a
[00:43:14.454] PACKET[COM10] sensors: status=26112, uptime=28958, filtered_accel=[0.01416, 0.03708, -1.02284], gyro=[-3.15, 1.4, 2.8]
[00:43:14.568] RX[COM10]  01
[00:43:14.569] RX[COM10]  6e 00 00 00 71 82 00 01 56 00 03 93 ff 9b c7 ff d5 00 15 00 28 0a
[00:43:14.570] PACKET[COM10] sensors: status=28160, uptime=29058, filtered_accel=[0.01368, 0.0366, -1.02628], gyro=[-3.01, 1.47, 2.8]
[00:43:14.628] RX[COM10]  01
[00:43:14.629] RX[COM10]  6e 00 00 00 71 e6 00 01 6e 00 03 93 ff 9b f8 ff d4 00 14 00 28 0a 03 00 00 00 00 00 00 00 00 00 19 0a 5d 00 00 00 14 40 0a
[00:43:14.630] PACKET[COM10] sensors: status=28160, uptime=29158, filtered_accel=[0.01464, 0.0366, -1.02432], gyro=[-3.08, 1.4, 2.8]
[00:43:14.630] PACKET[COM10] camera: fc_status=0, fc_uptime=0, status=0, uptime=1641053, current_sense=[0.0, 0.0, 0.0], iris_battery_voltage=5.184
[00:43:14.693] RX[COM10]  02
[00:43:14.694] RX[COM10]  6e 00 00 00 72 2c 00 00 00 00 00 00 00 00 00 00 00 00 00 00 00 00 00 00 00 00 00 00 00 00 00 00 00 00 00 00 00 00 00 00 00 00 00 00 00 00 00 00 00 00 00 00 00 00 00 00 43 68 1a 46 14 04 0a ff 6f 00 00 00 72 2c 0a
[00:43:14.695] PACKET[COM10] state: status=28160, uptime=29228, orientation=[0.0, 0.0, 0.0, 0.0], position=[0.0, 0.0, 0.0], velocity=[0.0, 0.0, 0.0], latitude=0.0, longitude=0.0, gps_altitude=0.0, barometric_altitude=232.102631, witness_battery_voltage=5.124
[00:43:14.695] PACKET[COM10] heartbeat: status=28416, uptime=29228
[00:43:14.859] RX[COM10]  01
[00:43:14.862] RX[COM10]  6f 00 00 00 72 ae 00 01 56 00 03 87 ff 9c 1d ff fd 00 02 ff fd 0a
[00:43:14.862] PACKET[COM10] sensors: status=28416, uptime=29358, filtered_accel=[0.01368, 0.03612, -1.02284], gyro=[-0.21, 0.14, -0.21]
[00:43:14.863] RX[TCP_prs2026hitl_7100]  02 6e 00 00 00 72 2c 00 00 00 00 00 00 00 00 00 00 00 00 00 00 00 00 00 00 00 00 00 00 00 00 00 00 00 00 00 00 00 00 00 00 00 00 00 00 00 00 00 00 00 00 00 00 00 00 00 00 43 68 1a 46 14 04 0a
[00:43:14.863] PACKET[TCP_prs2026hitl_7100] state: status=28160, uptime=29228, orientation=[0.0, 0.0, 0.0, 0.0], position=[0.0, 0.0, 0.0], velocity=[0.0, 0.0, 0.0], latitude=0.0, longitude=0.0, gps_altitude=0.0, barometric_altitude=232.102631, witness_battery_voltage=5.124
[00:43:14.970] RX[COM10]  01
[00:43:14.972] RX[COM10]  67 00 00 00 73 12 00 01 56 00 03 93 ff 9b ec ff d5 00 15 00 27 0a
[00:43:14.973] PACKET[COM10] sensors: status=26368, uptime=29458, filtered_accel=[0.01368, 0.0366, -1.0248], gyro=[-3.01, 1.47, 2.73]
[00:43:15.026] RX[COM10]  01
[00:43:15.028] RX[COM10]  67 00 00 00 73 76 00 01 6e 00 03 7b ff 9c 1d ff d4 00 15 00 27 0a
[00:43:15.029] PACKET[COM10] sensors: status=26368, uptime=29558, filtered_accel=[0.01464, 0.03564, -1.02284], gyro=[-3.08, 1.47, 2.73]
[00:43:15.084] RX[TCP_prs2026hitl_7100]  49 20 28 31 37 37 33 33 30 36 29 20 61 70 65 72 74 75 72 65 3a 20 53 65 6e 64 69 6e 67 20 68 65 61 72 74 62 65 61 74 20 28 38 20 62 79 74 65 73 29 0d 0a
[00:43:15.086] BAD_PACKET[TCP_prs2026hitl_7100] unknown packet ID 0x49; discarded 1 byte(s)
[00:43:15.087] BAD_PACKET[TCP_prs2026hitl_7100] unknown packet ID 0x20; discarded 1 byte(s)
[00:43:15.088] BAD_PACKET[TCP_prs2026hitl_7100] unknown packet ID 0x28; discarded 1 byte(s)
[00:43:15.088] BAD_PACKET[TCP_prs2026hitl_7100] unknown packet ID 0x31; discarded 1 byte(s)
[00:43:15.088] BAD_PACKET[TCP_prs2026hitl_7100] unknown packet ID 0x37; discarded 1 byte(s)
[00:43:15.089] BAD_PACKET[TCP_prs2026hitl_7100] unknown packet ID 0x37; discarded 1 byte(s)
[00:43:15.090] BAD_PACKET[TCP_prs2026hitl_7100] unknown packet ID 0x33; discarded 1 byte(s)
[00:43:15.091] BAD_PACKET[TCP_prs2026hitl_7100] unknown packet ID 0x33; discarded 1 byte(s)
[00:43:15.091] BAD_PACKET[TCP_prs2026hitl_7100] unknown packet ID 0x30; discarded 1 byte(s)
[00:43:15.091] BAD_PACKET[TCP_prs2026hitl_7100] unknown packet ID 0x36; discarded 1 byte(s)
[00:43:15.092] BAD_PACKET[TCP_prs2026hitl_7100] unknown packet ID 0x29; discarded 1 byte(s)
[00:43:15.092] BAD_PACKET[TCP_prs2026hitl_7100] unknown packet ID 0x20; discarded 1 byte(s)
[00:43:15.092] BAD_PACKET[TCP_prs2026hitl_7100] unknown packet ID 0x61; discarded 1 byte(s)
[00:43:15.093] BAD_PACKET[TCP_prs2026hitl_7100] unknown packet ID 0x70; discarded 1 byte(s)
[00:43:15.093] BAD_PACKET[TCP_prs2026hitl_7100] unknown packet ID 0x65; discarded 1 byte(s)
[00:43:15.093] BAD_PACKET[TCP_prs2026hitl_7100] unknown packet ID 0x72; discarded 1 byte(s)
[00:43:15.095] BAD_PACKET[TCP_prs2026hitl_7100] unknown packet ID 0x74; discarded 1 byte(s)
[00:43:15.098] BAD_PACKET[TCP_prs2026hitl_7100] unknown packet ID 0x75; discarded 1 byte(s)
[00:43:15.100] BAD_PACKET[TCP_prs2026hitl_7100] unknown packet ID 0x72; discarded 1 byte(s)
[00:43:15.105] BAD_PACKET[TCP_prs2026hitl_7100] unknown packet ID 0x65; discarded 1 byte(s)
[00:43:15.105] BAD_PACKET[TCP_prs2026hitl_7100] unknown packet ID 0x3a; discarded 1 byte(s)
[00:43:15.106] BAD_PACKET[TCP_prs2026hitl_7100] unknown packet ID 0x20; discarded 1 byte(s)
[00:43:15.107] BAD_PACKET[TCP_prs2026hitl_7100] unknown packet ID 0x53; discarded 1 byte(s)
[00:43:15.107] BAD_PACKET[TCP_prs2026hitl_7100] unknown packet ID 0x65; discarded 1 byte(s)
[00:43:15.108] BAD_PACKET[TCP_prs2026hitl_7100] unknown packet ID 0x6e; discarded 1 byte(s)
[00:43:15.108] BAD_PACKET[TCP_prs2026hitl_7100] unknown packet ID 0x64; discarded 1 byte(s)
[00:43:15.108] BAD_PACKET[TCP_prs2026hitl_7100] unknown packet ID 0x69; discarded 1 byte(s)
[00:43:15.109] BAD_PACKET[TCP_prs2026hitl_7100] unknown packet ID 0x6e; discarded 1 byte(s)
[00:43:15.109] BAD_PACKET[TCP_prs2026hitl_7100] unknown packet ID 0x67; discarded 1 byte(s)
[00:43:15.109] BAD_PACKET[TCP_prs2026hitl_7100] unknown packet ID 0x20; discarded 1 byte(s)
[00:43:15.110] BAD_PACKET[TCP_prs2026hitl_7100] unknown packet ID 0x68; discarded 1 byte(s)
[00:43:15.110] BAD_PACKET[TCP_prs2026hitl_7100] unknown packet ID 0x65; discarded 1 byte(s)
[00:43:15.110] BAD_PACKET[TCP_prs2026hitl_7100] unknown packet ID 0x61; discarded 1 byte(s)
[00:43:15.110] BAD_PACKET[TCP_prs2026hitl_7100] unknown packet ID 0x72; discarded 1 byte(s)
[00:43:15.111] BAD_PACKET[TCP_prs2026hitl_7100] unknown packet ID 0x74; discarded 1 byte(s)
[00:43:15.111] BAD_PACKET[TCP_prs2026hitl_7100] unknown packet ID 0x62; discarded 1 byte(s)
[00:43:15.112] BAD_PACKET[TCP_prs2026hitl_7100] unknown packet ID 0x65; discarded 1 byte(s)
[00:43:15.112] BAD_PACKET[TCP_prs2026hitl_7100] unknown packet ID 0x61; discarded 1 byte(s)
[00:43:15.112] BAD_PACKET[TCP_prs2026hitl_7100] unknown packet ID 0x74; discarded 1 byte(s)
[00:43:15.113] BAD_PACKET[TCP_prs2026hitl_7100] unknown packet ID 0x20; discarded 1 byte(s)
[00:43:15.113] BAD_PACKET[TCP_prs2026hitl_7100] unknown packet ID 0x28; discarded 1 byte(s)
[00:43:15.114] BAD_PACKET[TCP_prs2026hitl_7100] unknown packet ID 0x38; discarded 1 byte(s)
[00:43:15.114] BAD_PACKET[TCP_prs2026hitl_7100] unknown packet ID 0x20; discarded 1 byte(s)
[00:43:15.114] BAD_PACKET[TCP_prs2026hitl_7100] unknown packet ID 0x62; discarded 1 byte(s)
[00:43:15.115] BAD_PACKET[TCP_prs2026hitl_7100] unknown packet ID 0x79; discarded 1 byte(s)
[00:43:15.115] BAD_PACKET[TCP_prs2026hitl_7100] unknown packet ID 0x74; discarded 1 byte(s)
[00:43:15.115] BAD_PACKET[TCP_prs2026hitl_7100] unknown packet ID 0x65; discarded 1 byte(s)
[00:43:15.115] BAD_PACKET[TCP_prs2026hitl_7100] unknown packet ID 0x73; discarded 1 byte(s)
[00:43:15.116] BAD_PACKET[TCP_prs2026hitl_7100] unknown packet ID 0x29; discarded 1 byte(s)
[00:43:15.116] BAD_PACKET[TCP_prs2026hitl_7100] unknown packet ID 0x0d; discarded 1 byte(s)
[00:43:15.116] BAD_PACKET[TCP_prs2026hitl_7100] unknown packet ID 0x0a; discarded 1 byte(s)
[00:43:15.176] RX[COM10]  01
[00:43:15.177] RX[COM10]  67 00 00 00 73 da 00 01 56 00 03 87 ff 9b e0 ff d4 00 15 00 27 0a
[00:43:15.178] PACKET[COM10] sensors: status=26368, uptime=29658, filtered_accel=[0.01368, 0.03612, -1.02528], gyro=[-3.08, 1.47, 2.73]
[00:43:15.178] RX[TCP_prs2026hitl_7100]  49 20 28 31 37 37 33 33 34 36 29 20 61 70 65 72 74 75 72 65 3a 20 48 65 61 72 74 62 65 61 74 20 73 65 6e 74 0d 0a
[00:43:15.179] BAD_PACKET[TCP_prs2026hitl_7100] unknown packet ID 0x49; discarded 1 byte(s)
[00:43:15.179] BAD_PACKET[TCP_prs2026hitl_7100] unknown packet ID 0x20; discarded 1 byte(s)
[00:43:15.179] BAD_PACKET[TCP_prs2026hitl_7100] unknown packet ID 0x28; discarded 1 byte(s)
[00:43:15.180] BAD_PACKET[TCP_prs2026hitl_7100] unknown packet ID 0x31; discarded 1 byte(s)
[00:43:15.180] BAD_PACKET[TCP_prs2026hitl_7100] unknown packet ID 0x37; discarded 1 byte(s)
[00:43:15.180] BAD_PACKET[TCP_prs2026hitl_7100] unknown packet ID 0x37; discarded 1 byte(s)
[00:43:15.181] BAD_PACKET[TCP_prs2026hitl_7100] unknown packet ID 0x33; discarded 1 byte(s)
[00:43:15.181] BAD_PACKET[TCP_prs2026hitl_7100] unknown packet ID 0x33; discarded 1 byte(s)
[00:43:15.181] BAD_PACKET[TCP_prs2026hitl_7100] unknown packet ID 0x34; discarded 1 byte(s)
[00:43:15.182] BAD_PACKET[TCP_prs2026hitl_7100] unknown packet ID 0x36; discarded 1 byte(s)
[00:43:15.182] BAD_PACKET[TCP_prs2026hitl_7100] unknown packet ID 0x29; discarded 1 byte(s)
[00:43:15.182] BAD_PACKET[TCP_prs2026hitl_7100] unknown packet ID 0x20; discarded 1 byte(s)
[00:43:15.182] BAD_PACKET[TCP_prs2026hitl_7100] unknown packet ID 0x61; discarded 1 byte(s)
[00:43:15.183] BAD_PACKET[TCP_prs2026hitl_7100] unknown packet ID 0x70; discarded 1 byte(s)
[00:43:15.183] BAD_PACKET[TCP_prs2026hitl_7100] unknown packet ID 0x65; discarded 1 byte(s)
[00:43:15.183] BAD_PACKET[TCP_prs2026hitl_7100] unknown packet ID 0x72; discarded 1 byte(s)
[00:43:15.184] BAD_PACKET[TCP_prs2026hitl_7100] unknown packet ID 0x74; discarded 1 byte(s)
[00:43:15.184] BAD_PACKET[TCP_prs2026hitl_7100] unknown packet ID 0x75; discarded 1 byte(s)
[00:43:15.184] BAD_PACKET[TCP_prs2026hitl_7100] unknown packet ID 0x72; discarded 1 byte(s)
[00:43:15.185] BAD_PACKET[TCP_prs2026hitl_7100] unknown packet ID 0x65; discarded 1 byte(s)
[00:43:15.185] BAD_PACKET[TCP_prs2026hitl_7100] unknown packet ID 0x3a; discarded 1 byte(s)
[00:43:15.185] BAD_PACKET[TCP_prs2026hitl_7100] unknown packet ID 0x20; discarded 1 byte(s)
[00:43:15.186] BAD_PACKET[TCP_prs2026hitl_7100] unknown packet ID 0x48; discarded 1 byte(s)
[00:43:15.187] BAD_PACKET[TCP_prs2026hitl_7100] unknown packet ID 0x65; discarded 1 byte(s)
[00:43:15.187] BAD_PACKET[TCP_prs2026hitl_7100] unknown packet ID 0x61; discarded 1 byte(s)
[00:43:15.187] BAD_PACKET[TCP_prs2026hitl_7100] unknown packet ID 0x72; discarded 1 byte(s)
[00:43:15.188] BAD_PACKET[TCP_prs2026hitl_7100] unknown packet ID 0x74; discarded 1 byte(s)
[00:43:15.188] BAD_PACKET[TCP_prs2026hitl_7100] unknown packet ID 0x62; discarded 1 byte(s)
[00:43:15.188] BAD_PACKET[TCP_prs2026hitl_7100] unknown packet ID 0x65; discarded 1 byte(s)
[00:43:15.188] BAD_PACKET[TCP_prs2026hitl_7100] unknown packet ID 0x61; discarded 1 byte(s)
[00:43:15.189] BAD_PACKET[TCP_prs2026hitl_7100] unknown packet ID 0x74; discarded 1 byte(s)
[00:43:15.189] BAD_PACKET[TCP_prs2026hitl_7100] unknown packet ID 0x20; discarded 1 byte(s)
[00:43:15.189] BAD_PACKET[TCP_prs2026hitl_7100] unknown packet ID 0x73; discarded 1 byte(s)
[00:43:15.190] BAD_PACKET[TCP_prs2026hitl_7100] unknown packet ID 0x65; discarded 1 byte(s)
[00:43:15.190] BAD_PACKET[TCP_prs2026hitl_7100] unknown packet ID 0x6e; discarded 1 byte(s)
[00:43:15.191] BAD_PACKET[TCP_prs2026hitl_7100] unknown packet ID 0x74; discarded 1 byte(s)
[00:43:15.191] BAD_PACKET[TCP_prs2026hitl_7100] unknown packet ID 0x0d; discarded 1 byte(s)
[00:43:15.191] BAD_PACKET[TCP_prs2026hitl_7100] unknown packet ID 0x0a; discarded 1 byte(s)
[00:43:15.252] RX[COM10]  01
[00:43:15.253] RX[COM10]  6f 00 00 00 74 3e 00 01 62 00 03 87 ff 9b e0 ff d5 00 16 00 28 0a
[00:43:15.253] PACKET[COM10] sensors: status=28416, uptime=29758, filtered_accel=[0.01416, 0.03612, -1.02528], gyro=[-3.01, 1.54, 2.8]
[00:43:15.369] RX[COM10]  01
[00:43:15.370] RX[COM10]  6f 00 00 00 74 a2 00 01 56
[00:43:15.370] RX[COM10]  00
[00:43:15.370] RX[COM10]  03 93 ff 9b ec ff d4 00 15 00 27 0a
[00:43:15.371] PACKET[COM10] sensors: status=28416, uptime=29858, filtered_accel=[0.01368, 0.0366, -1.0248], gyro=[-3.08, 1.47, 2.73]
[00:43:15.432] RX[COM10]  01
[00:43:15.433] RX[COM10]  6f 00 00 00 75 06 00 01 3d 00 03 7b ff 9b ec ff d4 00 16 00 27 0a
[00:43:15.433] PACKET[COM10] sensors: status=28416, uptime=29958, filtered_accel=[0.01268, 0.03564, -1.0248], gyro=[-3.08, 1.54, 2.73]
[00:43:15.538] RX[COM10]  01
[00:43:15.539] RX[COM10]  6f 00 00 00 75 6a 00 01 56 00 03 87 ff 9b ec ff d5 00 14 00 28 0a
[00:43:15.539] PACKET[COM10] sensors: status=28416, uptime=30058, filtered_accel=[0.01368, 0.03612, -1.0248], gyro=[-3.01, 1.4, 2.8]
[00:43:15.646] RX[COM10]  01
[00:43:15.646] RX[COM10]  67 00 00 00 75 ce 00 01 62 00 03 87 ff 9c 04 ff d4 00 16 00 28 0a 03 00 00 00 00 00 00 00 00 00 19 0e 45 00 00 00 14 40 0a
[00:43:15.647] PACKET[COM10] sensors: status=26368, uptime=30158, filtered_accel=[0.01416, 0.03612, -1.02384], gyro=[-3.08, 1.54, 2.8]
[00:43:15.647] PACKET[COM10] camera: fc_status=0, fc_uptime=0, status=0, uptime=1642053, current_sense=[0.0, 0.0, 0.0], iris_battery_voltage=5.184
[00:43:15.709] RX[COM10]  02
[00:43:15.710] RX[COM10]  6f 00 00 00 76 14 00 00 00 00 00 00 00 00 00 00 00 00 00 00 00 00 00 00 00 00 00 00 00 00 00 00 00 00 00 00 00 00 00 00 00 00 00 00 00 00 00 00 00 00 00 00 00 00 00 00 43 68 30 98 14 00 0a ff 6e 00 00 00 76 14 0a
[00:43:15.711] PACKET[COM10] state: status=28416, uptime=30228, orientation=[0.0, 0.0, 0.0, 0.0], position=[0.0, 0.0, 0.0], velocity=[0.0, 0.0, 0.0], latitude=0.0, longitude=0.0, gps_altitude=0.0, barometric_altitude=232.189819, witness_battery_voltage=5.12
[00:43:15.712] PACKET[COM10] heartbeat: status=28160, uptime=30228
[00:43:15.870] RX[COM10]  01
[00:43:15.871] RX[COM10]  6e 00 00 00 76 96 00 01 62 00 03 93 ff 9c 35 ff fc 00 01 ff fc 0a
[00:43:15.871] PACKET[COM10] sensors: status=28160, uptime=30358, filtered_accel=[0.01416, 0.0366, -1.02188], gyro=[-0.28, 0.07, -0.28]
[00:43:15.872] RX[TCP_prs2026hitl_7100]  02 6f 00 00 00 76 14 00 00 00 00 00 00 00 00 00 00 00 00 00 00 00 00 00 00 00 00 00 00 00 00 00 00 00 00 00 00 00 00 00 00 00 00 00 00 00 00 00 00 00 00 00 00 00 00 00 00 43 68 30 98 14 00 0a
[00:43:15.872] PACKET[TCP_prs2026hitl_7100] state: status=28416, uptime=30228, orientation=[0.0, 0.0, 0.0, 0.0], position=[0.0, 0.0, 0.0], velocity=[0.0, 0.0, 0.0], latitude=0.0, longitude=0.0, gps_altitude=0.0, barometric_altitude=232.189819, witness_battery_voltage=5.12
[00:43:15.926] RX[COM10]  01
[00:43:15.927] RX[COM10]  6e 00 00 00 76 fa 00 01 6e 00 03 9f ff 9b f8 ff d4 00 15 00 27 0a
[00:43:15.928] PACKET[COM10] sensors: status=28160, uptime=30458, filtered_accel=[0.01464, 0.03708, -1.02432], gyro=[-3.08, 1.47, 2.73]
[00:43:16.036] RX[COM10]  01
[00:43:16.037] RX[COM10]  6e 00 00 00 77 5e 00 01 62 00 03 93 ff 9c 04 ff d4 00 15 00 28 0a
[00:43:16.038] PACKET[COM10] sensors: status=28160, uptime=30558, filtered_accel=[0.01416, 0.0366, -1.02384], gyro=[-3.08, 1.47, 2.8]
[00:43:16.099] RX[TCP_prs2026hitl_7100]  49 20 28 31 37 37 34 33 30 36 29 20 61 70 65 72 74 75 72 65 3a 20 53 65 6e 64 69 6e 67 20 68 65 61 72 74 62 65 61 74 20 28 38 20 62 79 74 65 73 29 0d 0a
[00:43:16.100] BAD_PACKET[TCP_prs2026hitl_7100] unknown packet ID 0x49; discarded 1 byte(s)
[00:43:16.100] BAD_PACKET[TCP_prs2026hitl_7100] unknown packet ID 0x20; discarded 1 byte(s)
[00:43:16.101] BAD_PACKET[TCP_prs2026hitl_7100] unknown packet ID 0x28; discarded 1 byte(s)
[00:43:16.101] BAD_PACKET[TCP_prs2026hitl_7100] unknown packet ID 0x31; discarded 1 byte(s)
[00:43:16.102] BAD_PACKET[TCP_prs2026hitl_7100] unknown packet ID 0x37; discarded 1 byte(s)
[00:43:16.102] BAD_PACKET[TCP_prs2026hitl_7100] unknown packet ID 0x37; discarded 1 byte(s)
[00:43:16.103] BAD_PACKET[TCP_prs2026hitl_7100] unknown packet ID 0x34; discarded 1 byte(s)
[00:43:16.103] BAD_PACKET[TCP_prs2026hitl_7100] unknown packet ID 0x33; discarded 1 byte(s)
[00:43:16.104] BAD_PACKET[TCP_prs2026hitl_7100] unknown packet ID 0x30; discarded 1 byte(s)
[00:43:16.105] BAD_PACKET[TCP_prs2026hitl_7100] unknown packet ID 0x36; discarded 1 byte(s)
[00:43:16.105] BAD_PACKET[TCP_prs2026hitl_7100] unknown packet ID 0x29; discarded 1 byte(s)
[00:43:16.107] BAD_PACKET[TCP_prs2026hitl_7100] unknown packet ID 0x20; discarded 1 byte(s)
[00:43:16.108] BAD_PACKET[TCP_prs2026hitl_7100] unknown packet ID 0x61; discarded 1 byte(s)
[00:43:16.108] BAD_PACKET[TCP_prs2026hitl_7100] unknown packet ID 0x70; discarded 1 byte(s)
[00:43:16.108] BAD_PACKET[TCP_prs2026hitl_7100] unknown packet ID 0x65; discarded 1 byte(s)
[00:43:16.108] BAD_PACKET[TCP_prs2026hitl_7100] unknown packet ID 0x72; discarded 1 byte(s)
[00:43:16.109] BAD_PACKET[TCP_prs2026hitl_7100] unknown packet ID 0x74; discarded 1 byte(s)
[00:43:16.109] BAD_PACKET[TCP_prs2026hitl_7100] unknown packet ID 0x75; discarded 1 byte(s)
[00:43:16.109] BAD_PACKET[TCP_prs2026hitl_7100] unknown packet ID 0x72; discarded 1 byte(s)
[00:43:16.110] BAD_PACKET[TCP_prs2026hitl_7100] unknown packet ID 0x65; discarded 1 byte(s)
[00:43:16.110] BAD_PACKET[TCP_prs2026hitl_7100] unknown packet ID 0x3a; discarded 1 byte(s)
[00:43:16.111] BAD_PACKET[TCP_prs2026hitl_7100] unknown packet ID 0x20; discarded 1 byte(s)
[00:43:16.111] BAD_PACKET[TCP_prs2026hitl_7100] unknown packet ID 0x53; discarded 1 byte(s)
[00:43:16.111] BAD_PACKET[TCP_prs2026hitl_7100] unknown packet ID 0x65; discarded 1 byte(s)
[00:43:16.112] BAD_PACKET[TCP_prs2026hitl_7100] unknown packet ID 0x6e; discarded 1 byte(s)
[00:43:16.112] BAD_PACKET[TCP_prs2026hitl_7100] unknown packet ID 0x64; discarded 1 byte(s)
[00:43:16.112] BAD_PACKET[TCP_prs2026hitl_7100] unknown packet ID 0x69; discarded 1 byte(s)
[00:43:16.113] BAD_PACKET[TCP_prs2026hitl_7100] unknown packet ID 0x6e; discarded 1 byte(s)
[00:43:16.113] BAD_PACKET[TCP_prs2026hitl_7100] unknown packet ID 0x67; discarded 1 byte(s)
[00:43:16.113] BAD_PACKET[TCP_prs2026hitl_7100] unknown packet ID 0x20; discarded 1 byte(s)
[00:43:16.114] BAD_PACKET[TCP_prs2026hitl_7100] unknown packet ID 0x68; discarded 1 byte(s)
[00:43:16.114] BAD_PACKET[TCP_prs2026hitl_7100] unknown packet ID 0x65; discarded 1 byte(s)
[00:43:16.114] BAD_PACKET[TCP_prs2026hitl_7100] unknown packet ID 0x61; discarded 1 byte(s)
[00:43:16.114] BAD_PACKET[TCP_prs2026hitl_7100] unknown packet ID 0x72; discarded 1 byte(s)
[00:43:16.115] BAD_PACKET[TCP_prs2026hitl_7100] unknown packet ID 0x74; discarded 1 byte(s)
[00:43:16.115] BAD_PACKET[TCP_prs2026hitl_7100] unknown packet ID 0x62; discarded 1 byte(s)
[00:43:16.115] BAD_PACKET[TCP_prs2026hitl_7100] unknown packet ID 0x65; discarded 1 byte(s)
[00:43:16.116] BAD_PACKET[TCP_prs2026hitl_7100] unknown packet ID 0x61; discarded 1 byte(s)
[00:43:16.116] BAD_PACKET[TCP_prs2026hitl_7100] unknown packet ID 0x74; discarded 1 byte(s)
[00:43:16.116] BAD_PACKET[TCP_prs2026hitl_7100] unknown packet ID 0x20; discarded 1 byte(s)
[00:43:16.117] BAD_PACKET[TCP_prs2026hitl_7100] unknown packet ID 0x28; discarded 1 byte(s)
[00:43:16.117] BAD_PACKET[TCP_prs2026hitl_7100] unknown packet ID 0x38; discarded 1 byte(s)
[00:43:16.118] BAD_PACKET[TCP_prs2026hitl_7100] unknown packet ID 0x20; discarded 1 byte(s)
[00:43:16.118] BAD_PACKET[TCP_prs2026hitl_7100] unknown packet ID 0x62; discarded 1 byte(s)
[00:43:16.118] BAD_PACKET[TCP_prs2026hitl_7100] unknown packet ID 0x79; discarded 1 byte(s)
[00:43:16.119] BAD_PACKET[TCP_prs2026hitl_7100] unknown packet ID 0x74; discarded 1 byte(s)
[00:43:16.119] BAD_PACKET[TCP_prs2026hitl_7100] unknown packet ID 0x65; discarded 1 byte(s)
[00:43:16.120] BAD_PACKET[TCP_prs2026hitl_7100] unknown packet ID 0x73; discarded 1 byte(s)
[00:43:16.120] BAD_PACKET[TCP_prs2026hitl_7100] unknown packet ID 0x29; discarded 1 byte(s)
[00:43:16.120] BAD_PACKET[TCP_prs2026hitl_7100] unknown packet ID 0x0d; discarded 1 byte(s)
[00:43:16.121] BAD_PACKET[TCP_prs2026hitl_7100] unknown packet ID 0x0a; discarded 1 byte(s)
[00:43:16.121] RX[TCP_prs2026hitl_7100]  49 20 28 31 37 37 34 33 34 36 29 20 61 70 65 72 74 75 72 65 3a 20 48 65 61 72 74 62 65 61 74 20 73 65 6e 74 0d 0a
[00:43:16.121] BAD_PACKET[TCP_prs2026hitl_7100] unknown packet ID 0x49; discarded 1 byte(s)
[00:43:16.121] BAD_PACKET[TCP_prs2026hitl_7100] unknown packet ID 0x20; discarded 1 byte(s)
[00:43:16.122] BAD_PACKET[TCP_prs2026hitl_7100] unknown packet ID 0x28; discarded 1 byte(s)
[00:43:16.122] BAD_PACKET[TCP_prs2026hitl_7100] unknown packet ID 0x31; discarded 1 byte(s)
[00:43:16.122] BAD_PACKET[TCP_prs2026hitl_7100] unknown packet ID 0x37; discarded 1 byte(s)
[00:43:16.123] BAD_PACKET[TCP_prs2026hitl_7100] unknown packet ID 0x37; discarded 1 byte(s)
[00:43:16.123] BAD_PACKET[TCP_prs2026hitl_7100] unknown packet ID 0x34; discarded 1 byte(s)
[00:43:16.123] BAD_PACKET[TCP_prs2026hitl_7100] unknown packet ID 0x33; discarded 1 byte(s)
[00:43:16.123] BAD_PACKET[TCP_prs2026hitl_7100] unknown packet ID 0x34; discarded 1 byte(s)
[00:43:16.124] BAD_PACKET[TCP_prs2026hitl_7100] unknown packet ID 0x36; discarded 1 byte(s)
[00:43:16.124] BAD_PACKET[TCP_prs2026hitl_7100] unknown packet ID 0x29; discarded 1 byte(s)
[00:43:16.124] BAD_PACKET[TCP_prs2026hitl_7100] unknown packet ID 0x20; discarded 1 byte(s)
[00:43:16.125] BAD_PACKET[TCP_prs2026hitl_7100] unknown packet ID 0x61; discarded 1 byte(s)
[00:43:16.125] BAD_PACKET[TCP_prs2026hitl_7100] unknown packet ID 0x70; discarded 1 byte(s)
[00:43:16.125] BAD_PACKET[TCP_prs2026hitl_7100] unknown packet ID 0x65; discarded 1 byte(s)
[00:43:16.126] BAD_PACKET[TCP_prs2026hitl_7100] unknown packet ID 0x72; discarded 1 byte(s)
[00:43:16.126] BAD_PACKET[TCP_prs2026hitl_7100] unknown packet ID 0x74; discarded 1 byte(s)
[00:43:16.126] BAD_PACKET[TCP_prs2026hitl_7100] unknown packet ID 0x75; discarded 1 byte(s)
[00:43:16.126] BAD_PACKET[TCP_prs2026hitl_7100] unknown packet ID 0x72; discarded 1 byte(s)
[00:43:16.127] BAD_PACKET[TCP_prs2026hitl_7100] unknown packet ID 0x65; discarded 1 byte(s)
[00:43:16.127] BAD_PACKET[TCP_prs2026hitl_7100] unknown packet ID 0x3a; discarded 1 byte(s)
[00:43:16.127] BAD_PACKET[TCP_prs2026hitl_7100] unknown packet ID 0x20; discarded 1 byte(s)
[00:43:16.128] BAD_PACKET[TCP_prs2026hitl_7100] unknown packet ID 0x48; discarded 1 byte(s)
[00:43:16.128] BAD_PACKET[TCP_prs2026hitl_7100] unknown packet ID 0x65; discarded 1 byte(s)
[00:43:16.128] BAD_PACKET[TCP_prs2026hitl_7100] unknown packet ID 0x61; discarded 1 byte(s)
[00:43:16.129] BAD_PACKET[TCP_prs2026hitl_7100] unknown packet ID 0x72; discarded 1 byte(s)
[00:43:16.129] BAD_PACKET[TCP_prs2026hitl_7100] unknown packet ID 0x74; discarded 1 byte(s)
[00:43:16.129] BAD_PACKET[TCP_prs2026hitl_7100] unknown packet ID 0x62; discarded 1 byte(s)
[00:43:16.129] BAD_PACKET[TCP_prs2026hitl_7100] unknown packet ID 0x65; discarded 1 byte(s)
[00:43:16.130] BAD_PACKET[TCP_prs2026hitl_7100] unknown packet ID 0x61; discarded 1 byte(s)
[00:43:16.130] BAD_PACKET[TCP_prs2026hitl_7100] unknown packet ID 0x74; discarded 1 byte(s)
[00:43:16.130] BAD_PACKET[TCP_prs2026hitl_7100] unknown packet ID 0x20; discarded 1 byte(s)
[00:43:16.131] BAD_PACKET[TCP_prs2026hitl_7100] unknown packet ID 0x73; discarded 1 byte(s)
[00:43:16.131] BAD_PACKET[TCP_prs2026hitl_7100] unknown packet ID 0x65; discarded 1 byte(s)
[00:43:16.131] BAD_PACKET[TCP_prs2026hitl_7100] unknown packet ID 0x6e; discarded 1 byte(s)
[00:43:16.132] BAD_PACKET[TCP_prs2026hitl_7100] unknown packet ID 0x74; discarded 1 byte(s)
[00:43:16.132] BAD_PACKET[TCP_prs2026hitl_7100] unknown packet ID 0x0d; discarded 1 byte(s)
[00:43:16.132] BAD_PACKET[TCP_prs2026hitl_7100] unknown packet ID 0x0a; discarded 1 byte(s)
[00:43:16.132] RX[COM10]  01
[00:43:16.133] RX[COM10]  6e 00 00 00 77 c2 00 01 6e 00 03 87 ff 9b ec ff d5 00 15 00 28 0a
[00:43:16.133] PACKET[COM10] sensors: status=28160, uptime=30658, filtered_accel=[0.01464, 0.03612, -1.0248], gyro=[-3.01, 1.47, 2.8]
[00:43:16.243] RX[COM10]  01
[00:43:16.243] RX[COM10]  6e 00 00 00 78 26 00 01 56 00 03 87 ff 9b ec ff d4 00 15 00 28 0a
[00:43:16.245] PACKET[COM10] sensors: status=28160, uptime=30758, filtered_accel=[0.01368, 0.03612, -1.0248], gyro=[-3.08, 1.47, 2.8]
[00:43:16.351] RX[COM10]  01
[00:43:16.352] RX[COM10]  66 00 00 00 78 8a 00 01 56 00 03 9f ff 9b ec ff d4 00 15 00 29 0a
[00:43:16.353] PACKET[COM10] sensors: status=26112, uptime=30858, filtered_accel=[0.01368, 0.03708, -1.0248], gyro=[-3.08, 1.47, 2.87]
[00:43:16.468] RX[COM10]  01
[00:43:16.470] RX[COM10]  66 00 00 00 78 ee 00 01 62 00 03 93 ff 9b f8 ff d4 00 15 00 28 0a
[00:43:16.470] PACKET[COM10] sensors: status=26112, uptime=30958, filtered_accel=[0.01416, 0.0366, -1.02432], gyro=[-3.08, 1.47, 2.8]
[00:43:16.521] RX[COM10]  01
[00:43:16.521] RX[COM10]  66 00 00 00 79 52 00 01 62 00 03 87 ff 9b ec ff d5 00 15 00 28 0a
[00:43:16.522] PACKET[COM10] sensors: status=26112, uptime=31058, filtered_accel=[0.01416, 0.03612, -1.0248], gyro=[-3.01, 1.47, 2.8]
[00:43:16.627] RX[COM10]  01
[00:43:16.628] RX[COM10]  6e 00 00 00 79 b6 00 01 6e 00 03 87 ff 9c 11 ff d5 00 15 00 28 0a 03 00 00 00 00 00 00 00 00 00 19 12 2d 00 00 00 14 40 0a
[00:43:16.628] PACKET[COM10] sensors: status=28160, uptime=31158, filtered_accel=[0.01464, 0.03612, -1.02332], gyro=[-3.01, 1.47, 2.8]
[00:43:16.629] PACKET[COM10] camera: fc_status=0, fc_uptime=0, status=0, uptime=1643053, current_sense=[0.0, 0.0, 0.0], iris_battery_voltage=5.184
[00:43:16.699] TX[COM10]  05 20
[00:43:16.736] RX[COM10]  02
[00:43:16.737] RX[COM10]  66 00 00 00 79 fc 00 00 00 00 00 00 00 00 00 00 00 00 00 00 00 00 00 00 00 00 00 00 00 00 00 00 00 00 00 00 00 00 00 00 00 00 00 00 00 00 00 00 00 00 00 00 00 00 00 00 43 68 46 3d 14 08 0a ff 67 00 00 00 79 fc 0a
[00:43:16.738] PACKET[COM10] state: status=26112, uptime=31228, orientation=[0.0, 0.0, 0.0, 0.0], position=[0.0, 0.0, 0.0], velocity=[0.0, 0.0, 0.0], latitude=0.0, longitude=0.0, gps_altitude=0.0, barometric_altitude=232.274368, witness_battery_voltage=5.128
[00:43:16.738] PACKET[COM10] heartbeat: status=26368, uptime=31228
[00:43:16.738] RX[COM10]  05
[00:43:16.739] RX[COM10]  20
[00:43:16.852] RX[COM10]  01
[00:43:16.854] RX[COM10]  6f 00 00 00 7a 7f 00 01 56 00 03 ab ff 9c 1d ff fd 00 01 ff fc 0a
[00:43:16.854] BAD_PACKET[COM10] bad EOF for 0x05: expected 0x0a, got 0x00; resync=discard 1 byte
[00:43:16.854] BAD_PACKET[COM10] unknown packet ID 0x56; discarded 1 byte(s)
[00:43:16.854] BAD_PACKET[COM10] unknown packet ID 0x00; discarded 1 byte(s)
[00:43:16.855] RX[TCP_prs2026hitl_7100]  02 66 00 00 00 79 fc 00 00 00 00 00 00 00 00 00 00 00 00 00 00 00 00 00 00 00 00 00 00 00 00 00 00 00 00 00 00 00 00 00 00 00 00 00 00 00 00 00 00 00 00 00 00 00 00 00 00 43 68 46 3d 14 08 0a
[00:43:16.855] PACKET[TCP_prs2026hitl_7100] state: status=26112, uptime=31228, orientation=[0.0, 0.0, 0.0, 0.0], position=[0.0, 0.0, 0.0], velocity=[0.0, 0.0, 0.0], latitude=0.0, longitude=0.0, gps_altitude=0.0, barometric_altitude=232.274368, witness_battery_voltage=5.128
[00:43:16.968] RX[COM10]  01
[00:43:16.970] RX[COM10]  6f 00 00 00 7a e2 00 01 56 00 03 9f ff 9b ec ff d5 00 14 00 27 0a
[00:43:16.971] BAD_PACKET[COM10] bad EOF for 0x03: expected 0x0a, got 0xe2; resync=discard 1 byte
[00:43:17.024] RX[COM10]  01
[00:43:17.024] RX[COM10]  67 00 00 00 7b 46 00 01 62 00 03 93 ff 9b ec ff d5 00 15 00 28 0a
[00:43:17.025] BAD_PACKET[COM10] bad EOF for 0x01: expected 0x0a, got 0x62; resync=discard 1 byte
[00:43:17.079] RX[TCP_prs2026hitl_7100]  49 20 28 31 37 37 35 33 30 36 29 20 61 70 65 72 74 75 72 65 3a 20 53 65 6e 64 69 6e 67 20 68 65 61 72 74 62 65 61 74 20 28 38 20 62 79 74 65 73 29 0d 0a
[00:43:17.081] BAD_PACKET[TCP_prs2026hitl_7100] unknown packet ID 0x49; discarded 1 byte(s)
[00:43:17.083] BAD_PACKET[TCP_prs2026hitl_7100] unknown packet ID 0x20; discarded 1 byte(s)
[00:43:17.084] BAD_PACKET[TCP_prs2026hitl_7100] unknown packet ID 0x28; discarded 1 byte(s)
[00:43:17.085] BAD_PACKET[TCP_prs2026hitl_7100] unknown packet ID 0x31; discarded 1 byte(s)
[00:43:17.087] BAD_PACKET[TCP_prs2026hitl_7100] unknown packet ID 0x37; discarded 1 byte(s)
[00:43:17.087] BAD_PACKET[TCP_prs2026hitl_7100] unknown packet ID 0x37; discarded 1 byte(s)
[00:43:17.088] BAD_PACKET[TCP_prs2026hitl_7100] unknown packet ID 0x35; discarded 1 byte(s)
[00:43:17.089] BAD_PACKET[TCP_prs2026hitl_7100] unknown packet ID 0x33; discarded 1 byte(s)
[00:43:17.089] BAD_PACKET[TCP_prs2026hitl_7100] unknown packet ID 0x30; discarded 1 byte(s)
[00:43:17.089] BAD_PACKET[TCP_prs2026hitl_7100] unknown packet ID 0x36; discarded 1 byte(s)
[00:43:17.089] BAD_PACKET[TCP_prs2026hitl_7100] unknown packet ID 0x29; discarded 1 byte(s)
[00:43:17.090] BAD_PACKET[TCP_prs2026hitl_7100] unknown packet ID 0x20; discarded 1 byte(s)
[00:43:17.090] BAD_PACKET[TCP_prs2026hitl_7100] unknown packet ID 0x61; discarded 1 byte(s)
[00:43:17.090] BAD_PACKET[TCP_prs2026hitl_7100] unknown packet ID 0x70; discarded 1 byte(s)
[00:43:17.091] BAD_PACKET[TCP_prs2026hitl_7100] unknown packet ID 0x65; discarded 1 byte(s)
[00:43:17.091] BAD_PACKET[TCP_prs2026hitl_7100] unknown packet ID 0x72; discarded 1 byte(s)
[00:43:17.091] BAD_PACKET[TCP_prs2026hitl_7100] unknown packet ID 0x74; discarded 1 byte(s)
[00:43:17.092] BAD_PACKET[TCP_prs2026hitl_7100] unknown packet ID 0x75; discarded 1 byte(s)
[00:43:17.098] BAD_PACKET[TCP_prs2026hitl_7100] unknown packet ID 0x72; discarded 1 byte(s)
[00:43:17.100] BAD_PACKET[TCP_prs2026hitl_7100] unknown packet ID 0x65; discarded 1 byte(s)
[00:43:17.100] BAD_PACKET[TCP_prs2026hitl_7100] unknown packet ID 0x3a; discarded 1 byte(s)
[00:43:17.100] BAD_PACKET[TCP_prs2026hitl_7100] unknown packet ID 0x20; discarded 1 byte(s)
[00:43:17.101] BAD_PACKET[TCP_prs2026hitl_7100] unknown packet ID 0x53; discarded 1 byte(s)
[00:43:17.101] BAD_PACKET[TCP_prs2026hitl_7100] unknown packet ID 0x65; discarded 1 byte(s)
[00:43:17.101] BAD_PACKET[TCP_prs2026hitl_7100] unknown packet ID 0x6e; discarded 1 byte(s)
[00:43:17.101] BAD_PACKET[TCP_prs2026hitl_7100] unknown packet ID 0x64; discarded 1 byte(s)
[00:43:17.102] BAD_PACKET[TCP_prs2026hitl_7100] unknown packet ID 0x69; discarded 1 byte(s)
[00:43:17.102] BAD_PACKET[TCP_prs2026hitl_7100] unknown packet ID 0x6e; discarded 1 byte(s)
[00:43:17.103] BAD_PACKET[TCP_prs2026hitl_7100] unknown packet ID 0x67; discarded 1 byte(s)
[00:43:17.104] BAD_PACKET[TCP_prs2026hitl_7100] unknown packet ID 0x20; discarded 1 byte(s)
[00:43:17.104] BAD_PACKET[TCP_prs2026hitl_7100] unknown packet ID 0x68; discarded 1 byte(s)
[00:43:17.104] BAD_PACKET[TCP_prs2026hitl_7100] unknown packet ID 0x65; discarded 1 byte(s)
[00:43:17.104] BAD_PACKET[TCP_prs2026hitl_7100] unknown packet ID 0x61; discarded 1 byte(s)
[00:43:17.105] BAD_PACKET[TCP_prs2026hitl_7100] unknown packet ID 0x72; discarded 1 byte(s)
[00:43:17.105] BAD_PACKET[TCP_prs2026hitl_7100] unknown packet ID 0x74; discarded 1 byte(s)
[00:43:17.105] BAD_PACKET[TCP_prs2026hitl_7100] unknown packet ID 0x62; discarded 1 byte(s)
[00:43:17.106] BAD_PACKET[TCP_prs2026hitl_7100] unknown packet ID 0x65; discarded 1 byte(s)
[00:43:17.106] BAD_PACKET[TCP_prs2026hitl_7100] unknown packet ID 0x61; discarded 1 byte(s)
[00:43:17.106] BAD_PACKET[TCP_prs2026hitl_7100] unknown packet ID 0x74; discarded 1 byte(s)
[00:43:17.107] BAD_PACKET[TCP_prs2026hitl_7100] unknown packet ID 0x20; discarded 1 byte(s)
[00:43:17.107] BAD_PACKET[TCP_prs2026hitl_7100] unknown packet ID 0x28; discarded 1 byte(s)
[00:43:17.107] BAD_PACKET[TCP_prs2026hitl_7100] unknown packet ID 0x38; discarded 1 byte(s)
[00:43:17.107] BAD_PACKET[TCP_prs2026hitl_7100] unknown packet ID 0x20; discarded 1 byte(s)
[00:43:17.108] BAD_PACKET[TCP_prs2026hitl_7100] unknown packet ID 0x62; discarded 1 byte(s)
[00:43:17.108] BAD_PACKET[TCP_prs2026hitl_7100] unknown packet ID 0x79; discarded 1 byte(s)
[00:43:17.108] BAD_PACKET[TCP_prs2026hitl_7100] unknown packet ID 0x74; discarded 1 byte(s)
[00:43:17.109] BAD_PACKET[TCP_prs2026hitl_7100] unknown packet ID 0x65; discarded 1 byte(s)
[00:43:17.109] BAD_PACKET[TCP_prs2026hitl_7100] unknown packet ID 0x73; discarded 1 byte(s)
[00:43:17.109] BAD_PACKET[TCP_prs2026hitl_7100] unknown packet ID 0x29; discarded 1 byte(s)
[00:43:17.109] BAD_PACKET[TCP_prs2026hitl_7100] unknown packet ID 0x0d; discarded 1 byte(s)
[00:43:17.110] BAD_PACKET[TCP_prs2026hitl_7100] unknown packet ID 0x0a; discarded 1 byte(s)
[00:43:17.110] RX[TCP_prs2026hitl_7100]  49 20 28 31 37 37 35 33 34 36 29 20 61 70 65 72 74 75 72 65 3a 20 48 65 61 72 74 62 65 61 74 20 73 65 6e 74 0d 0a
[00:43:17.111] BAD_PACKET[TCP_prs2026hitl_7100] unknown packet ID 0x49; discarded 1 byte(s)
[00:43:17.111] BAD_PACKET[TCP_prs2026hitl_7100] unknown packet ID 0x20; discarded 1 byte(s)
[00:43:17.111] BAD_PACKET[TCP_prs2026hitl_7100] unknown packet ID 0x28; discarded 1 byte(s)
[00:43:17.112] BAD_PACKET[TCP_prs2026hitl_7100] unknown packet ID 0x31; discarded 1 byte(s)
[00:43:17.112] BAD_PACKET[TCP_prs2026hitl_7100] unknown packet ID 0x37; discarded 1 byte(s)
[00:43:17.113] BAD_PACKET[TCP_prs2026hitl_7100] unknown packet ID 0x37; discarded 1 byte(s)
[00:43:17.113] BAD_PACKET[TCP_prs2026hitl_7100] unknown packet ID 0x35; discarded 1 byte(s)
[00:43:17.114] BAD_PACKET[TCP_prs2026hitl_7100] unknown packet ID 0x33; discarded 1 byte(s)
[00:43:17.114] BAD_PACKET[TCP_prs2026hitl_7100] unknown packet ID 0x34; discarded 1 byte(s)
[00:43:17.114] BAD_PACKET[TCP_prs2026hitl_7100] unknown packet ID 0x36; discarded 1 byte(s)
[00:43:17.115] BAD_PACKET[TCP_prs2026hitl_7100] unknown packet ID 0x29; discarded 1 byte(s)
[00:43:17.115] BAD_PACKET[TCP_prs2026hitl_7100] unknown packet ID 0x20; discarded 1 byte(s)
[00:43:17.115] BAD_PACKET[TCP_prs2026hitl_7100] unknown packet ID 0x61; discarded 1 byte(s)
[00:43:17.116] BAD_PACKET[TCP_prs2026hitl_7100] unknown packet ID 0x70; discarded 1 byte(s)
[00:43:17.116] BAD_PACKET[TCP_prs2026hitl_7100] unknown packet ID 0x65; discarded 1 byte(s)
[00:43:17.116] BAD_PACKET[TCP_prs2026hitl_7100] unknown packet ID 0x72; discarded 1 byte(s)
[00:43:17.116] BAD_PACKET[TCP_prs2026hitl_7100] unknown packet ID 0x74; discarded 1 byte(s)
[00:43:17.117] BAD_PACKET[TCP_prs2026hitl_7100] unknown packet ID 0x75; discarded 1 byte(s)
[00:43:17.117] BAD_PACKET[TCP_prs2026hitl_7100] unknown packet ID 0x72; discarded 1 byte(s)
[00:43:17.117] BAD_PACKET[TCP_prs2026hitl_7100] unknown packet ID 0x65; discarded 1 byte(s)
[00:43:17.118] BAD_PACKET[TCP_prs2026hitl_7100] unknown packet ID 0x3a; discarded 1 byte(s)
[00:43:17.118] BAD_PACKET[TCP_prs2026hitl_7100] unknown packet ID 0x20; discarded 1 byte(s)
[00:43:17.118] BAD_PACKET[TCP_prs2026hitl_7100] unknown packet ID 0x48; discarded 1 byte(s)
[00:43:17.119] BAD_PACKET[TCP_prs2026hitl_7100] unknown packet ID 0x65; discarded 1 byte(s)
[00:43:17.119] BAD_PACKET[TCP_prs2026hitl_7100] unknown packet ID 0x61; discarded 1 byte(s)
[00:43:17.119] BAD_PACKET[TCP_prs2026hitl_7100] unknown packet ID 0x72; discarded 1 byte(s)
[00:43:17.120] BAD_PACKET[TCP_prs2026hitl_7100] unknown packet ID 0x74; discarded 1 byte(s)
[00:43:17.120] BAD_PACKET[TCP_prs2026hitl_7100] unknown packet ID 0x62; discarded 1 byte(s)
[00:43:17.120] BAD_PACKET[TCP_prs2026hitl_7100] unknown packet ID 0x65; discarded 1 byte(s)
[00:43:17.120] BAD_PACKET[TCP_prs2026hitl_7100] unknown packet ID 0x61; discarded 1 byte(s)
[00:43:17.121] BAD_PACKET[TCP_prs2026hitl_7100] unknown packet ID 0x74; discarded 1 byte(s)
[00:43:17.121] BAD_PACKET[TCP_prs2026hitl_7100] unknown packet ID 0x20; discarded 1 byte(s)
[00:43:17.121] BAD_PACKET[TCP_prs2026hitl_7100] unknown packet ID 0x73; discarded 1 byte(s)
[00:43:17.122] BAD_PACKET[TCP_prs2026hitl_7100] unknown packet ID 0x65; discarded 1 byte(s)
[00:43:17.122] BAD_PACKET[TCP_prs2026hitl_7100] unknown packet ID 0x6e; discarded 1 byte(s)
[00:43:17.122] BAD_PACKET[TCP_prs2026hitl_7100] unknown packet ID 0x74; discarded 1 byte(s)
[00:43:17.122] BAD_PACKET[TCP_prs2026hitl_7100] unknown packet ID 0x0d; discarded 1 byte(s)
[00:43:17.123] BAD_PACKET[TCP_prs2026hitl_7100] unknown packet ID 0x0a; discarded 1 byte(s)
[00:43:17.123] RX[COM10]  01
[00:43:17.123] RX[COM10]  67 00 00 00 7b aa 00 01 49 00 03 93 ff 9b ec ff d5 00 15 00 27 0a
[00:43:17.124] BAD_PACKET[COM10] bad EOF for 0x03: expected 0x0a, got 0xaa; resync=discard 1 byte
[00:43:17.227] RX[COM10]  01
[00:43:17.229] RX[COM10]  67 00 00 00 7c 0e 00 01 62 00 03 87 ff 9b e0 ff d4 00 16 00 27 0a
[00:43:17.229] BAD_PACKET[COM10] bad EOF for 0x01: expected 0x0a, got 0x62; resync=discard 1 byte
[00:43:17.336] RX[COM10]  01
[00:43:17.336] RX[COM10]  6f 00 00 00 7c 72 00 01 6e 00 03 93 ff 9b d4 ff d5 00 15 00 28 0a
[00:43:17.337] BAD_PACKET[COM10] bad EOF for 0x03: expected 0x0a, got 0x72; resync=discard 1 byte
[00:43:17.443] RX[COM10]  01
[00:43:17.445] RX[COM10]  6f 00 00 00 7c d6 00 01 6e 00 03 87 ff 9b ec ff d4 00 16 00 28 0a
[00:43:17.445] BAD_PACKET[COM10] bad EOF for 0x01: expected 0x0a, got 0x6e; resync=discard 1 byte
[00:43:17.553] RX[COM10]  01
[00:43:17.553] RX[COM10]  6f 00 00 00 7d 3a 00 01 56 00 03 93 ff 9b e0 ff d4 00 15 00 28 0a
[00:43:17.554] BAD_PACKET[COM10] bad EOF for 0x03: expected 0x0a, got 0x3a; resync=discard 1 byte
[00:43:17.668] RX[COM10]  01
[00:43:17.670] RX[COM10]  6f 00 00 00 7d 9e 00 01 56 00 03 9f ff 9b f8 ff d5 00 14 00 29 0a 03 00 00 00 00 00 00 00 00 00 19 16 15 00 00 00 14 40 0a
[00:43:17.670] BAD_PACKET[COM10] bad EOF for 0x01: expected 0x0a, got 0x56; resync=offset 13
[00:43:17.671] PACKET[COM10] camera: fc_status=0, fc_uptime=0, status=0, uptime=1644053, current_sense=[0.0, 0.0, 0.0], iris_battery_voltage=5.184
[00:43:17.723] RX[COM10]  02
[00:43:17.724] RX[COM10]  6f 00 00 00 7d e4 00 00 00 00 00 00 00 00 00 00 00 00 00 00 00 00 00 00 00 00 00 00 00 00 00 00 00 00 00 00 00 00 00 00 00 00 00 00 00 00 00 00 00 00 00 00 00 00 00 00 43 68 04 a0 13 f0 0a ff 6e 00 00 00 7d e4 0a
[00:43:17.724] PACKET[COM10] state: status=28416, uptime=32228, orientation=[0.0, 0.0, 0.0, 0.0], position=[0.0, 0.0, 0.0], velocity=[0.0, 0.0, 0.0], latitude=0.0, longitude=0.0, gps_altitude=0.0, barometric_altitude=232.018066, witness_battery_voltage=5.104
[00:43:17.725] PACKET[COM10] heartbeat: status=28160, uptime=32228
[00:43:17.827] RX[COM10]  01
[00:43:17.829] RX[COM10]  6e 00 00 00 7e 66 00 01 56 00 03 87 ff 9c 11 ff fe 00 01 ff fd 0a
[00:43:17.830] PACKET[COM10] sensors: status=28160, uptime=32358, filtered_accel=[0.01368, 0.03612, -1.02332], gyro=[-0.14, 0.07, -0.21]
[00:43:17.830] RX[TCP_prs2026hitl_7100]  02 6f 00 00 00 7d e4 00 00 00 00 00 00 00 00 00 00 00 00 00 00 00 00 00 00 00 00 00 00 00 00 00 00 00 00 00 00 00 00 00 00 00 00 00 00 00 00 00 00 00 00 00 00 00 00 00 00 43 68 04 a0 13 f0 0a
[00:43:17.831] PACKET[TCP_prs2026hitl_7100] state: status=28416, uptime=32228, orientation=[0.0, 0.0, 0.0, 0.0], position=[0.0, 0.0, 0.0], velocity=[0.0, 0.0, 0.0], latitude=0.0, longitude=0.0, gps_altitude=0.0, barometric_altitude=232.018066, witness_battery_voltage=5.104
[00:43:17.934] RX[COM10]  01
[00:43:17.936] RX[COM10]  66 00 00 00 7e ca 00 01 56 00 03 7b ff 9b ec ff d5 00 14 00 27 0a
[00:43:17.937] PACKET[COM10] sensors: status=26112, uptime=32458, filtered_accel=[0.01368, 0.03564, -1.0248], gyro=[-3.01, 1.4, 2.73]
[00:43:18.044] RX[COM10]  01
[00:43:18.045] RX[COM10]  6e 00 00 00 7f 2e 00 01 56 00 03 87 ff 9b e0 ff d5 00 14 00 28 0a
[00:43:18.046] PACKET[COM10] sensors: status=28160, uptime=32558, filtered_accel=[0.01368, 0.03612, -1.02528], gyro=[-3.01, 1.4, 2.8]
[00:43:18.099] RX[TCP_prs2026hitl_7100]  49 20 28 31 37 37 36 33 30 36 29 20 61 70 65 72 74 75 72 65 3a 20 53 65 6e 64 69 6e 67 20 68 65 61 72 74 62 65 61 74 20 28 38 20 62 79 74 65 73 29 0d 0a
[00:43:18.099] BAD_PACKET[TCP_prs2026hitl_7100] unknown packet ID 0x49; discarded 1 byte(s)
[00:43:18.100] BAD_PACKET[TCP_prs2026hitl_7100] unknown packet ID 0x20; discarded 1 byte(s)
[00:43:18.100] BAD_PACKET[TCP_prs2026hitl_7100] unknown packet ID 0x28; discarded 1 byte(s)
[00:43:18.101] BAD_PACKET[TCP_prs2026hitl_7100] unknown packet ID 0x31; discarded 1 byte(s)
[00:43:18.101] BAD_PACKET[TCP_prs2026hitl_7100] unknown packet ID 0x37; discarded 1 byte(s)
[00:43:18.102] BAD_PACKET[TCP_prs2026hitl_7100] unknown packet ID 0x37; discarded 1 byte(s)
[00:43:18.102] BAD_PACKET[TCP_prs2026hitl_7100] unknown packet ID 0x36; discarded 1 byte(s)
[00:43:18.103] BAD_PACKET[TCP_prs2026hitl_7100] unknown packet ID 0x33; discarded 1 byte(s)
[00:43:18.103] BAD_PACKET[TCP_prs2026hitl_7100] unknown packet ID 0x30; discarded 1 byte(s)
[00:43:18.103] BAD_PACKET[TCP_prs2026hitl_7100] unknown packet ID 0x36; discarded 1 byte(s)
[00:43:18.104] BAD_PACKET[TCP_prs2026hitl_7100] unknown packet ID 0x29; discarded 1 byte(s)
[00:43:18.104] BAD_PACKET[TCP_prs2026hitl_7100] unknown packet ID 0x20; discarded 1 byte(s)
[00:43:18.105] BAD_PACKET[TCP_prs2026hitl_7100] unknown packet ID 0x61; discarded 1 byte(s)
[00:43:18.105] BAD_PACKET[TCP_prs2026hitl_7100] unknown packet ID 0x70; discarded 1 byte(s)
[00:43:18.105] BAD_PACKET[TCP_prs2026hitl_7100] unknown packet ID 0x65; discarded 1 byte(s)
[00:43:18.105] BAD_PACKET[TCP_prs2026hitl_7100] unknown packet ID 0x72; discarded 1 byte(s)
[00:43:18.106] BAD_PACKET[TCP_prs2026hitl_7100] unknown packet ID 0x74; discarded 1 byte(s)
[00:43:18.106] BAD_PACKET[TCP_prs2026hitl_7100] unknown packet ID 0x75; discarded 1 byte(s)
[00:43:18.106] BAD_PACKET[TCP_prs2026hitl_7100] unknown packet ID 0x72; discarded 1 byte(s)
[00:43:18.107] BAD_PACKET[TCP_prs2026hitl_7100] unknown packet ID 0x65; discarded 1 byte(s)
[00:43:18.107] BAD_PACKET[TCP_prs2026hitl_7100] unknown packet ID 0x3a; discarded 1 byte(s)
[00:43:18.107] BAD_PACKET[TCP_prs2026hitl_7100] unknown packet ID 0x20; discarded 1 byte(s)
[00:43:18.108] BAD_PACKET[TCP_prs2026hitl_7100] unknown packet ID 0x53; discarded 1 byte(s)
[00:43:18.108] BAD_PACKET[TCP_prs2026hitl_7100] unknown packet ID 0x65; discarded 1 byte(s)
[00:43:18.108] BAD_PACKET[TCP_prs2026hitl_7100] unknown packet ID 0x6e; discarded 1 byte(s)
[00:43:18.109] BAD_PACKET[TCP_prs2026hitl_7100] unknown packet ID 0x64; discarded 1 byte(s)
[00:43:18.109] BAD_PACKET[TCP_prs2026hitl_7100] unknown packet ID 0x69; discarded 1 byte(s)
[00:43:18.109] BAD_PACKET[TCP_prs2026hitl_7100] unknown packet ID 0x6e; discarded 1 byte(s)
[00:43:18.110] BAD_PACKET[TCP_prs2026hitl_7100] unknown packet ID 0x67; discarded 1 byte(s)
[00:43:18.110] BAD_PACKET[TCP_prs2026hitl_7100] unknown packet ID 0x20; discarded 1 byte(s)
[00:43:18.110] BAD_PACKET[TCP_prs2026hitl_7100] unknown packet ID 0x68; discarded 1 byte(s)
[00:43:18.111] BAD_PACKET[TCP_prs2026hitl_7100] unknown packet ID 0x65; discarded 1 byte(s)
[00:43:18.112] BAD_PACKET[TCP_prs2026hitl_7100] unknown packet ID 0x61; discarded 1 byte(s)
[00:43:18.112] BAD_PACKET[TCP_prs2026hitl_7100] unknown packet ID 0x72; discarded 1 byte(s)
[00:43:18.112] BAD_PACKET[TCP_prs2026hitl_7100] unknown packet ID 0x74; discarded 1 byte(s)
[00:43:18.113] BAD_PACKET[TCP_prs2026hitl_7100] unknown packet ID 0x62; discarded 1 byte(s)
[00:43:18.113] BAD_PACKET[TCP_prs2026hitl_7100] unknown packet ID 0x65; discarded 1 byte(s)
[00:43:18.113] BAD_PACKET[TCP_prs2026hitl_7100] unknown packet ID 0x61; discarded 1 byte(s)
[00:43:18.113] BAD_PACKET[TCP_prs2026hitl_7100] unknown packet ID 0x74; discarded 1 byte(s)
[00:43:18.114] BAD_PACKET[TCP_prs2026hitl_7100] unknown packet ID 0x20; discarded 1 byte(s)
[00:43:18.114] BAD_PACKET[TCP_prs2026hitl_7100] unknown packet ID 0x28; discarded 1 byte(s)
[00:43:18.114] BAD_PACKET[TCP_prs2026hitl_7100] unknown packet ID 0x38; discarded 1 byte(s)
[00:43:18.115] BAD_PACKET[TCP_prs2026hitl_7100] unknown packet ID 0x20; discarded 1 byte(s)
[00:43:18.115] BAD_PACKET[TCP_prs2026hitl_7100] unknown packet ID 0x62; discarded 1 byte(s)
[00:43:18.115] BAD_PACKET[TCP_prs2026hitl_7100] unknown packet ID 0x79; discarded 1 byte(s)
[00:43:18.116] BAD_PACKET[TCP_prs2026hitl_7100] unknown packet ID 0x74; discarded 1 byte(s)
[00:43:18.116] BAD_PACKET[TCP_prs2026hitl_7100] unknown packet ID 0x65; discarded 1 byte(s)
[00:43:18.116] BAD_PACKET[TCP_prs2026hitl_7100] unknown packet ID 0x73; discarded 1 byte(s)
[00:43:18.116] BAD_PACKET[TCP_prs2026hitl_7100] unknown packet ID 0x29; discarded 1 byte(s)
[00:43:18.117] BAD_PACKET[TCP_prs2026hitl_7100] unknown packet ID 0x0d; discarded 1 byte(s)
[00:43:18.117] BAD_PACKET[TCP_prs2026hitl_7100] unknown packet ID 0x0a; discarded 1 byte(s)
[00:43:18.117] RX[TCP_prs2026hitl_7100]  49 20 28 31 37 37 36 33 34 36 29 20 61 70 65 72 74 75 72 65 3a 20 48 65 61 72 74 62 65 61 74 20 73 65 6e 74 0d 0a
[00:43:18.118] BAD_PACKET[TCP_prs2026hitl_7100] unknown packet ID 0x49; discarded 1 byte(s)
[00:43:18.118] BAD_PACKET[TCP_prs2026hitl_7100] unknown packet ID 0x20; discarded 1 byte(s)
[00:43:18.118] BAD_PACKET[TCP_prs2026hitl_7100] unknown packet ID 0x28; discarded 1 byte(s)
[00:43:18.119] BAD_PACKET[TCP_prs2026hitl_7100] unknown packet ID 0x31; discarded 1 byte(s)
[00:43:18.119] BAD_PACKET[TCP_prs2026hitl_7100] unknown packet ID 0x37; discarded 1 byte(s)
[00:43:18.119] BAD_PACKET[TCP_prs2026hitl_7100] unknown packet ID 0x37; discarded 1 byte(s)
[00:43:18.120] BAD_PACKET[TCP_prs2026hitl_7100] unknown packet ID 0x36; discarded 1 byte(s)
[00:43:18.120] BAD_PACKET[TCP_prs2026hitl_7100] unknown packet ID 0x33; discarded 1 byte(s)
[00:43:18.121] BAD_PACKET[TCP_prs2026hitl_7100] unknown packet ID 0x34; discarded 1 byte(s)
[00:43:18.121] BAD_PACKET[TCP_prs2026hitl_7100] unknown packet ID 0x36; discarded 1 byte(s)
[00:43:18.121] BAD_PACKET[TCP_prs2026hitl_7100] unknown packet ID 0x29; discarded 1 byte(s)
[00:43:18.122] BAD_PACKET[TCP_prs2026hitl_7100] unknown packet ID 0x20; discarded 1 byte(s)
[00:43:18.122] BAD_PACKET[TCP_prs2026hitl_7100] unknown packet ID 0x61; discarded 1 byte(s)
[00:43:18.122] BAD_PACKET[TCP_prs2026hitl_7100] unknown packet ID 0x70; discarded 1 byte(s)
[00:43:18.123] BAD_PACKET[TCP_prs2026hitl_7100] unknown packet ID 0x65; discarded 1 byte(s)
[00:43:18.123] BAD_PACKET[TCP_prs2026hitl_7100] unknown packet ID 0x72; discarded 1 byte(s)
[00:43:18.123] BAD_PACKET[TCP_prs2026hitl_7100] unknown packet ID 0x74; discarded 1 byte(s)
[00:43:18.123] BAD_PACKET[TCP_prs2026hitl_7100] unknown packet ID 0x75; discarded 1 byte(s)
[00:43:18.124] BAD_PACKET[TCP_prs2026hitl_7100] unknown packet ID 0x72; discarded 1 byte(s)
[00:43:18.124] BAD_PACKET[TCP_prs2026hitl_7100] unknown packet ID 0x65; discarded 1 byte(s)
[00:43:18.124] BAD_PACKET[TCP_prs2026hitl_7100] unknown packet ID 0x3a; discarded 1 byte(s)
[00:43:18.125] BAD_PACKET[TCP_prs2026hitl_7100] unknown packet ID 0x20; discarded 1 byte(s)
[00:43:18.125] BAD_PACKET[TCP_prs2026hitl_7100] unknown packet ID 0x48; discarded 1 byte(s)
[00:43:18.125] BAD_PACKET[TCP_prs2026hitl_7100] unknown packet ID 0x65; discarded 1 byte(s)
[00:43:18.126] BAD_PACKET[TCP_prs2026hitl_7100] unknown packet ID 0x61; discarded 1 byte(s)
[00:43:18.126] BAD_PACKET[TCP_prs2026hitl_7100] unknown packet ID 0x72; discarded 1 byte(s)
[00:43:18.126] BAD_PACKET[TCP_prs2026hitl_7100] unknown packet ID 0x74; discarded 1 byte(s)
[00:43:18.127] BAD_PACKET[TCP_prs2026hitl_7100] unknown packet ID 0x62; discarded 1 byte(s)
[00:43:18.128] BAD_PACKET[TCP_prs2026hitl_7100] unknown packet ID 0x65; discarded 1 byte(s)
[00:43:18.128] BAD_PACKET[TCP_prs2026hitl_7100] unknown packet ID 0x61; discarded 1 byte(s)
[00:43:18.128] BAD_PACKET[TCP_prs2026hitl_7100] unknown packet ID 0x74; discarded 1 byte(s)
[00:43:18.128] BAD_PACKET[TCP_prs2026hitl_7100] unknown packet ID 0x20; discarded 1 byte(s)
[00:43:18.129] BAD_PACKET[TCP_prs2026hitl_7100] unknown packet ID 0x73; discarded 1 byte(s)
[00:43:18.129] BAD_PACKET[TCP_prs2026hitl_7100] unknown packet ID 0x65; discarded 1 byte(s)
[00:43:18.130] BAD_PACKET[TCP_prs2026hitl_7100] unknown packet ID 0x6e; discarded 1 byte(s)
[00:43:18.130] BAD_PACKET[TCP_prs2026hitl_7100] unknown packet ID 0x74; discarded 1 byte(s)
[00:43:18.130] BAD_PACKET[TCP_prs2026hitl_7100] unknown packet ID 0x0d; discarded 1 byte(s)
[00:43:18.131] BAD_PACKET[TCP_prs2026hitl_7100] unknown packet ID 0x0a; discarded 1 byte(s)
[00:43:18.131] RX[COM10]  01
[00:43:18.131] RX[COM10]  6e 00 00 00 7f 92 00 01 6e 00 03 93 ff 9b c7 ff d4 00 16 00 27 0a
[00:43:18.132] PACKET[COM10] sensors: status=28160, uptime=32658, filtered_accel=[0.01464, 0.0366, -1.02628], gyro=[-3.08, 1.54, 2.73]
[00:43:18.244] RX[COM10]  01
[00:43:18.250] RX[COM10]  6e 00 00 00 7f f6 00 01 56 00 03 9f ff 9b ec ff d4 00 15 00 28 0a
[00:43:18.251] PACKET[COM10] sensors: status=28160, uptime=32758, filtered_accel=[0.01368, 0.03708, -1.0248], gyro=[-3.08, 1.47, 2.8]
[00:43:18.359] RX[COM10]  01
[00:43:18.362] RX[COM10]  6e 00 00 00 80 5a 00 01 62 00 03 9f ff 9b f8 ff d5 00 15 00 28 0a
[00:43:18.363] PACKET[COM10] sensors: status=28160, uptime=32858, filtered_accel=[0.01416, 0.03708, -1.02432], gyro=[-3.01, 1.47, 2.8]
[00:43:18.467] RX[COM10]  01
[00:43:18.468] RX[COM10]  66 00 00 00 80 be 00 01 56 00 03 87 ff 9b ec ff d5 00 17 00 28 0a
[00:43:18.469] PACKET[COM10] sensors: status=26112, uptime=32958, filtered_accel=[0.01368, 0.03612, -1.0248], gyro=[-3.01, 1.61, 2.8]
[00:43:18.523] RX[COM10]  01
[00:43:18.525] RX[COM10]  66 00 00 00 81 22 00 01 6e 00 03 9f ff 9b ec ff d4 00 15 00 27 0a
[00:43:18.526] PACKET[COM10] sensors: status=26112, uptime=33058, filtered_accel=[0.01464, 0.03708, -1.0248], gyro=[-3.08, 1.47, 2.73]
[00:43:18.640] RX[COM10]  01
[00:43:18.641] RX[COM10]  6e 00 00 00 81 86 00 01 56 00 03 87 ff 9b ec ff d5 00 16 00 29 0a 03 00 00 00 00 00 00 00 00 00 19 19 fd 00 00 00 14 40 0a
[00:43:18.642] PACKET[COM10] sensors: status=28160, uptime=33158, filtered_accel=[0.01368, 0.03612, -1.0248], gyro=[-3.01, 1.54, 2.87]
[00:43:18.642] PACKET[COM10] camera: fc_status=0, fc_uptime=0, status=0, uptime=1645053, current_sense=[0.0, 0.0, 0.0], iris_battery_voltage=5.184
[00:43:18.702] RX[COM10]  02
[00:43:18.703] RX[COM10]  66 00 00 00 81 cc 00 00 00 00 00 00 00 00 00 00 00 00 00 00 00 00 00 00 00 00 00 00 00 00 00 00 00 00 00 00 00 00 00 00 00 00 00 00 00 00 00 00 00 00 00 00 00 00 00 00 43 68 04 a0 13 f0 0a ff 67 00 00 00 81 cc 0a
[00:43:18.704] PACKET[COM10] state: status=26112, uptime=33228, orientation=[0.0, 0.0, 0.0, 0.0], position=[0.0, 0.0, 0.0], velocity=[0.0, 0.0, 0.0], latitude=0.0, longitude=0.0, gps_altitude=0.0, barometric_altitude=232.018066, witness_battery_voltage=5.104
[00:43:18.704] PACKET[COM10] heartbeat: status=26368, uptime=33228
[00:43:18.877] RX[COM10]  01
[00:43:18.878] RX[COM10]  6f 00 00 00 82 4e 00 01 62 00 03 93 ff 9c 11 ff fd 00 02 ff fc 0a
[00:43:18.878] PACKET[COM10] sensors: status=28416, uptime=33358, filtered_accel=[0.01416, 0.0366, -1.02332], gyro=[-0.21, 0.14, -0.28]
[00:43:18.879] RX[TCP_prs2026hitl_7100]  02 66 00 00 00 81 cc 00 00 00 00 00 00 00 00 00 00 00 00 00 00 00 00 00 00 00 00 00 00 00 00 00 00 00 00 00 00 00 00 00 00 00 00 00 00 00 00 00 00 00 00 00 00 00 00 00 00 43 68 04 a0 13 f0 0a
[00:43:18.879] PACKET[TCP_prs2026hitl_7100] state: status=26112, uptime=33228, orientation=[0.0, 0.0, 0.0, 0.0], position=[0.0, 0.0, 0.0], velocity=[0.0, 0.0, 0.0], latitude=0.0, longitude=0.0, gps_altitude=0.0, barometric_altitude=232.018066, witness_battery_voltage=5.104
[00:43:18.936] RX[COM10]  01
[00:43:18.937] RX[COM10]  6f 00 00 00 82 b2 00 01 49 00 03 93 ff 9b e0 ff d5 00 14 00 27 0a
[00:43:18.938] PACKET[COM10] sensors: status=28416, uptime=33458, filtered_accel=[0.01316, 0.0366, -1.02528], gyro=[-3.01, 1.4, 2.73]
[00:43:19.043] RX[COM10]  01
[00:43:19.053] RX[COM10]  67 00 00 00 83 16 00 01 56 00 03 93 ff 9b e0 ff d4 00 15 00 27 0a
[00:43:19.063] PACKET[COM10] sensors: status=26368, uptime=33558, filtered_accel=[0.01368, 0.0366, -1.02528], gyro=[-3.08, 1.47, 2.73]
[00:43:19.072] RX[TCP_prs2026hitl_7100]  49 20 28 31 37 37 37 33 30 36 29 20 61 70 65 72 74 75 72 65 3a 20 53 65 6e 64 69 6e 67 20 68 65 61 72 74 62 65 61 74 20 28 38 20 62 79 74 65 73 29 0d 0a
[00:43:19.085] BAD_PACKET[TCP_prs2026hitl_7100] unknown packet ID 0x49; discarded 1 byte(s)
[00:43:19.086] BAD_PACKET[TCP_prs2026hitl_7100] unknown packet ID 0x20; discarded 1 byte(s)
[00:43:19.097] BAD_PACKET[TCP_prs2026hitl_7100] unknown packet ID 0x28; discarded 1 byte(s)
[00:43:19.099] BAD_PACKET[TCP_prs2026hitl_7100] unknown packet ID 0x31; discarded 1 byte(s)
[00:43:19.105] BAD_PACKET[TCP_prs2026hitl_7100] unknown packet ID 0x37; discarded 1 byte(s)
[00:43:19.108] BAD_PACKET[TCP_prs2026hitl_7100] unknown packet ID 0x37; discarded 1 byte(s)
[00:43:19.111] BAD_PACKET[TCP_prs2026hitl_7100] unknown packet ID 0x37; discarded 1 byte(s)
[00:43:19.117] BAD_PACKET[TCP_prs2026hitl_7100] unknown packet ID 0x33; discarded 1 byte(s)
[00:43:19.120] BAD_PACKET[TCP_prs2026hitl_7100] unknown packet ID 0x30; discarded 1 byte(s)
[00:43:19.121] BAD_PACKET[TCP_prs2026hitl_7100] unknown packet ID 0x36; discarded 1 byte(s)
[00:43:19.130] BAD_PACKET[TCP_prs2026hitl_7100] unknown packet ID 0x29; discarded 1 byte(s)
[00:43:19.134] BAD_PACKET[TCP_prs2026hitl_7100] unknown packet ID 0x20; discarded 1 byte(s)
[00:43:19.139] BAD_PACKET[TCP_prs2026hitl_7100] unknown packet ID 0x61; discarded 1 byte(s)
[00:43:19.140] BAD_PACKET[TCP_prs2026hitl_7100] unknown packet ID 0x70; discarded 1 byte(s)
[00:43:19.141] BAD_PACKET[TCP_prs2026hitl_7100] unknown packet ID 0x65; discarded 1 byte(s)
[00:43:19.142] BAD_PACKET[TCP_prs2026hitl_7100] unknown packet ID 0x72; discarded 1 byte(s)
[00:43:19.142] BAD_PACKET[TCP_prs2026hitl_7100] unknown packet ID 0x74; discarded 1 byte(s)
[00:43:19.143] BAD_PACKET[TCP_prs2026hitl_7100] unknown packet ID 0x75; discarded 1 byte(s)
[00:43:19.146] BAD_PACKET[TCP_prs2026hitl_7100] unknown packet ID 0x72; discarded 1 byte(s)
[00:43:19.147] BAD_PACKET[TCP_prs2026hitl_7100] unknown packet ID 0x65; discarded 1 byte(s)
[00:43:19.147] BAD_PACKET[TCP_prs2026hitl_7100] unknown packet ID 0x3a; discarded 1 byte(s)
[00:43:19.148] BAD_PACKET[TCP_prs2026hitl_7100] unknown packet ID 0x20; discarded 1 byte(s)
[00:43:19.149] BAD_PACKET[TCP_prs2026hitl_7100] unknown packet ID 0x53; discarded 1 byte(s)
[00:43:19.150] BAD_PACKET[TCP_prs2026hitl_7100] unknown packet ID 0x65; discarded 1 byte(s)
[00:43:19.151] BAD_PACKET[TCP_prs2026hitl_7100] unknown packet ID 0x6e; discarded 1 byte(s)
[00:43:19.153] BAD_PACKET[TCP_prs2026hitl_7100] unknown packet ID 0x64; discarded 1 byte(s)
[00:43:19.154] BAD_PACKET[TCP_prs2026hitl_7100] unknown packet ID 0x69; discarded 1 byte(s)
[00:43:19.155] BAD_PACKET[TCP_prs2026hitl_7100] unknown packet ID 0x6e; discarded 1 byte(s)
[00:43:19.155] BAD_PACKET[TCP_prs2026hitl_7100] unknown packet ID 0x67; discarded 1 byte(s)
[00:43:19.155] BAD_PACKET[TCP_prs2026hitl_7100] unknown packet ID 0x20; discarded 1 byte(s)
[00:43:19.156] BAD_PACKET[TCP_prs2026hitl_7100] unknown packet ID 0x68; discarded 1 byte(s)
[00:43:19.156] BAD_PACKET[TCP_prs2026hitl_7100] unknown packet ID 0x65; discarded 1 byte(s)
[00:43:19.157] BAD_PACKET[TCP_prs2026hitl_7100] unknown packet ID 0x61; discarded 1 byte(s)
[00:43:19.157] BAD_PACKET[TCP_prs2026hitl_7100] unknown packet ID 0x72; discarded 1 byte(s)
[00:43:19.157] BAD_PACKET[TCP_prs2026hitl_7100] unknown packet ID 0x74; discarded 1 byte(s)
[00:43:19.158] BAD_PACKET[TCP_prs2026hitl_7100] unknown packet ID 0x62; discarded 1 byte(s)
[00:43:19.158] BAD_PACKET[TCP_prs2026hitl_7100] unknown packet ID 0x65; discarded 1 byte(s)
[00:43:19.158] BAD_PACKET[TCP_prs2026hitl_7100] unknown packet ID 0x61; discarded 1 byte(s)
[00:43:19.158] BAD_PACKET[TCP_prs2026hitl_7100] unknown packet ID 0x74; discarded 1 byte(s)
[00:43:19.159] BAD_PACKET[TCP_prs2026hitl_7100] unknown packet ID 0x20; discarded 1 byte(s)
[00:43:19.160] BAD_PACKET[TCP_prs2026hitl_7100] unknown packet ID 0x28; discarded 1 byte(s)
[00:43:19.161] BAD_PACKET[TCP_prs2026hitl_7100] unknown packet ID 0x38; discarded 1 byte(s)
[00:43:19.161] BAD_PACKET[TCP_prs2026hitl_7100] unknown packet ID 0x20; discarded 1 byte(s)
[00:43:19.162] BAD_PACKET[TCP_prs2026hitl_7100] unknown packet ID 0x62; discarded 1 byte(s)
[00:43:19.163] BAD_PACKET[TCP_prs2026hitl_7100] unknown packet ID 0x79; discarded 1 byte(s)
[00:43:19.164] BAD_PACKET[TCP_prs2026hitl_7100] unknown packet ID 0x74; discarded 1 byte(s)
[00:43:19.165] BAD_PACKET[TCP_prs2026hitl_7100] unknown packet ID 0x65; discarded 1 byte(s)
[00:43:19.165] BAD_PACKET[TCP_prs2026hitl_7100] unknown packet ID 0x73; discarded 1 byte(s)
[00:43:19.166] BAD_PACKET[TCP_prs2026hitl_7100] unknown packet ID 0x29; discarded 1 byte(s)
[00:43:19.167] BAD_PACKET[TCP_prs2026hitl_7100] unknown packet ID 0x0d; discarded 1 byte(s)
[00:43:19.167] BAD_PACKET[TCP_prs2026hitl_7100] unknown packet ID 0x0a; discarded 1 byte(s)
[00:43:19.169] RX[TCP_prs2026hitl_7100]  49 20 28 31 37 37 37 33 34 36 29 20 61 70 65 72 74 75 72 65 3a 20 48 65 61 72 74 62 65 61 74 20 73 65 6e 74 0d 0a
[00:43:19.170] BAD_PACKET[TCP_prs2026hitl_7100] unknown packet ID 0x49; discarded 1 byte(s)
[00:43:19.172] BAD_PACKET[TCP_prs2026hitl_7100] unknown packet ID 0x20; discarded 1 byte(s)
[00:43:19.173] BAD_PACKET[TCP_prs2026hitl_7100] unknown packet ID 0x28; discarded 1 byte(s)
[00:43:19.175] BAD_PACKET[TCP_prs2026hitl_7100] unknown packet ID 0x31; discarded 1 byte(s)
[00:43:19.176] BAD_PACKET[TCP_prs2026hitl_7100] unknown packet ID 0x37; discarded 1 byte(s)
[00:43:19.177] BAD_PACKET[TCP_prs2026hitl_7100] unknown packet ID 0x37; discarded 1 byte(s)
[00:43:19.178] BAD_PACKET[TCP_prs2026hitl_7100] unknown packet ID 0x37; discarded 1 byte(s)
[00:43:19.179] BAD_PACKET[TCP_prs2026hitl_7100] unknown packet ID 0x33; discarded 1 byte(s)
[00:43:19.179] BAD_PACKET[TCP_prs2026hitl_7100] unknown packet ID 0x34; discarded 1 byte(s)
[00:43:19.180] BAD_PACKET[TCP_prs2026hitl_7100] unknown packet ID 0x36; discarded 1 byte(s)
[00:43:19.181] BAD_PACKET[TCP_prs2026hitl_7100] unknown packet ID 0x29; discarded 1 byte(s)
[00:43:19.182] BAD_PACKET[TCP_prs2026hitl_7100] unknown packet ID 0x20; discarded 1 byte(s)
[00:43:19.182] BAD_PACKET[TCP_prs2026hitl_7100] unknown packet ID 0x61; discarded 1 byte(s)
[00:43:19.183] BAD_PACKET[TCP_prs2026hitl_7100] unknown packet ID 0x70; discarded 1 byte(s)
[00:43:19.183] BAD_PACKET[TCP_prs2026hitl_7100] unknown packet ID 0x65; discarded 1 byte(s)
[00:43:19.184] BAD_PACKET[TCP_prs2026hitl_7100] unknown packet ID 0x72; discarded 1 byte(s)
[00:43:19.184] BAD_PACKET[TCP_prs2026hitl_7100] unknown packet ID 0x74; discarded 1 byte(s)
[00:43:19.184] BAD_PACKET[TCP_prs2026hitl_7100] unknown packet ID 0x75; discarded 1 byte(s)
[00:43:19.184] BAD_PACKET[TCP_prs2026hitl_7100] unknown packet ID 0x72; discarded 1 byte(s)
[00:43:19.185] BAD_PACKET[TCP_prs2026hitl_7100] unknown packet ID 0x65; discarded 1 byte(s)
[00:43:19.185] BAD_PACKET[TCP_prs2026hitl_7100] unknown packet ID 0x3a; discarded 1 byte(s)
[00:43:19.186] BAD_PACKET[TCP_prs2026hitl_7100] unknown packet ID 0x20; discarded 1 byte(s)
[00:43:19.187] BAD_PACKET[TCP_prs2026hitl_7100] unknown packet ID 0x48; discarded 1 byte(s)
[00:43:19.188] BAD_PACKET[TCP_prs2026hitl_7100] unknown packet ID 0x65; discarded 1 byte(s)
[00:43:19.188] BAD_PACKET[TCP_prs2026hitl_7100] unknown packet ID 0x61; discarded 1 byte(s)
[00:43:19.189] BAD_PACKET[TCP_prs2026hitl_7100] unknown packet ID 0x72; discarded 1 byte(s)
[00:43:19.189] BAD_PACKET[TCP_prs2026hitl_7100] unknown packet ID 0x74; discarded 1 byte(s)
[00:43:19.190] BAD_PACKET[TCP_prs2026hitl_7100] unknown packet ID 0x62; discarded 1 byte(s)
[00:43:19.190] BAD_PACKET[TCP_prs2026hitl_7100] unknown packet ID 0x65; discarded 1 byte(s)
[00:43:19.190] BAD_PACKET[TCP_prs2026hitl_7100] unknown packet ID 0x61; discarded 1 byte(s)
[00:43:19.193] BAD_PACKET[TCP_prs2026hitl_7100] unknown packet ID 0x74; discarded 1 byte(s)
[00:43:19.194] BAD_PACKET[TCP_prs2026hitl_7100] unknown packet ID 0x20; discarded 1 byte(s)
[00:43:19.196] BAD_PACKET[TCP_prs2026hitl_7100] unknown packet ID 0x73; discarded 1 byte(s)
[00:43:19.196] BAD_PACKET[TCP_prs2026hitl_7100] unknown packet ID 0x65; discarded 1 byte(s)
[00:43:19.197] BAD_PACKET[TCP_prs2026hitl_7100] unknown packet ID 0x6e; discarded 1 byte(s)
[00:43:19.197] BAD_PACKET[TCP_prs2026hitl_7100] unknown packet ID 0x74; discarded 1 byte(s)
[00:43:19.197] BAD_PACKET[TCP_prs2026hitl_7100] unknown packet ID 0x0d; discarded 1 byte(s)
[00:43:19.198] BAD_PACKET[TCP_prs2026hitl_7100] unknown packet ID 0x0a; discarded 1 byte(s)
[00:43:19.198] RX[COM10]  01
[00:43:19.199] RX[COM10]  67 00 00 00 83 7a 00 01 62 00 03 ab ff 9b f8 ff d4 00 15 00 27 0a
[00:43:19.201] PACKET[COM10] sensors: status=26368, uptime=33658, filtered_accel=[0.01416, 0.03756, -1.02432], gyro=[-3.08, 1.47, 2.73]
[00:43:19.259] RX[COM10]  01
[00:43:19.261] RX[COM10]  67 00 00 00 83 de 00 01 56 00 03 87 ff 9b f8 ff d4 00 15 00 28 0a
[00:43:19.263] PACKET[COM10] sensors: status=26368, uptime=33758, filtered_accel=[0.01368, 0.03612, -1.02432], gyro=[-3.08, 1.47, 2.8]
[00:43:19.368] RX[COM10]  01
[00:43:19.369] RX[COM10]  6f 00 00 00 84 42 00 01 62 00 03 93 ff 9c 04 ff d5 00 16 00 28 0a
[00:43:19.372] PACKET[COM10] sensors: status=28416, uptime=33858, filtered_accel=[0.01416, 0.0366, -1.02384], gyro=[-3.01, 1.54, 2.8]
[00:43:19.429] RX[COM10]  01
[00:43:19.431] RX[COM10]  6f 00 00 00 84 a6 00 01 6e 00 03 87 ff 9b f8 ff d4 00 16 00 28 0a
[00:43:19.437] PACKET[COM10] sensors: status=28416, uptime=33958, filtered_accel=[0.01464, 0.03612, -1.02432], gyro=[-3.08, 1.54, 2.8]
[00:43:19.552] RX[COM10]  01
[00:43:19.553] RX[COM10]  6f 00 00 00 85 0a 00 01 6e 00 03 9f ff 9b e0 ff d5 00 15 00 28 0a
[00:43:19.553] PACKET[COM10] sensors: status=28416, uptime=34058, filtered_accel=[0.01464, 0.03708, -1.02528], gyro=[-3.01, 1.47, 2.8]
[00:43:19.675] RX[COM10]  01
[00:43:19.679] RX[COM10]  6f 00 00 00 85 6e 00 01 62 00 03 93 ff 9b e0 ff d5 00 16 00 28 0a 03 00 00 00 00 00 00 00 00 00 19 1d e5 00 00 00 14 40 0a
[00:43:19.680] PACKET[COM10] sensors: status=28416, uptime=34158, filtered_accel=[0.01416, 0.0366, -1.02528], gyro=[-3.01, 1.54, 2.8]
[00:43:19.680] PACKET[COM10] camera: fc_status=0, fc_uptime=0, status=0, uptime=1646053, current_sense=[0.0, 0.0, 0.0], iris_battery_voltage=5.184
[00:43:19.735] RX[COM10]  02
[00:43:19.736] RX[COM10]  6f 00 00 00 85 b4 00 00 00 00 00 00 00 00 00 00 00 00 00 00 00 00 00 00 00 00 00 00 00 00 00 00 00 00 00 00 00 00 00 00 00 00 00 00 00 00 00 00 00 00 00 00 00 00 00 00 43 68 30 98 13 f0 0a ff 6e 00 00 00 85 b4 0a
[00:43:19.738] PACKET[COM10] state: status=28416, uptime=34228, orientation=[0.0, 0.0, 0.0, 0.0], position=[0.0, 0.0, 0.0], velocity=[0.0, 0.0, 0.0], latitude=0.0, longitude=0.0, gps_altitude=0.0, barometric_altitude=232.189819, witness_battery_voltage=5.104
[00:43:19.738] PACKET[COM10] heartbeat: status=28160, uptime=34228
[00:43:19.852] RX[COM10]  01
[00:43:19.853] RX[COM10]  6e 00 00 00 86 36 00 01 62 00 03 ab ff 9c 1d ff fd 00 01 ff fc 0a
[00:43:19.854] PACKET[COM10] sensors: status=28160, uptime=34358, filtered_accel=[0.01416, 0.03756, -1.02284], gyro=[-0.21, 0.07, -0.28]
[00:43:19.854] RX[TCP_prs2026hitl_7100]  02 6f 00 00 00 85 b4 00 00 00 00 00 00 00 00 00 00 00 00 00 00 00 00 00 00 00 00 00 00 00 00 00 00 00 00 00 00 00 00 00 00 00 00 00 00 00 00 00 00 00 00 00 00 00 00 00 00 43 68 30 98 13 f0 0a
[00:43:19.855] PACKET[TCP_prs2026hitl_7100] state: status=28416, uptime=34228, orientation=[0.0, 0.0, 0.0, 0.0], position=[0.0, 0.0, 0.0], velocity=[0.0, 0.0, 0.0], latitude=0.0, longitude=0.0, gps_altitude=0.0, barometric_altitude=232.189819, witness_battery_voltage=5.104
[00:43:19.967] RX[COM10]  01
[00:43:19.970] RX[COM10]  66 00 00 00 86 9a 00 01 56 00 03 87 ff 9b ec ff d5 00 15 00 26 0a
[00:43:19.972] PACKET[COM10] sensors: status=26112, uptime=34458, filtered_accel=[0.01368, 0.03612, -1.0248], gyro=[-3.01, 1.47, 2.66]
[00:43:20.025] RX[COM10]  01
[00:43:20.028] RX[COM10]  6e 00 00 00 86 fe 00 01 6e 00 03 93 ff 9b f8 ff d5 00 15 00 27 0a
[00:43:20.030] PACKET[COM10] sensors: status=28160, uptime=34558, filtered_accel=[0.01464, 0.0366, -1.02432], gyro=[-3.01, 1.47, 2.73]
[00:43:20.091] RX[TCP_prs2026hitl_7100]  49 20 28 31 37 37 38 33 30 36 29 20 61 70 65 72 74 75 72 65 3a 20 53 65 6e 64 69 6e 67 20 68 65 61 72 74 62 65 61 74 20 28 38 20 62 79 74 65 73 29 0d 0a
[00:43:20.096] BAD_PACKET[TCP_prs2026hitl_7100] unknown packet ID 0x49; discarded 1 byte(s)
[00:43:20.096] BAD_PACKET[TCP_prs2026hitl_7100] unknown packet ID 0x20; discarded 1 byte(s)
[00:43:20.097] BAD_PACKET[TCP_prs2026hitl_7100] unknown packet ID 0x28; discarded 1 byte(s)
[00:43:20.098] BAD_PACKET[TCP_prs2026hitl_7100] unknown packet ID 0x31; discarded 1 byte(s)
[00:43:20.098] BAD_PACKET[TCP_prs2026hitl_7100] unknown packet ID 0x37; discarded 1 byte(s)
[00:43:20.098] BAD_PACKET[TCP_prs2026hitl_7100] unknown packet ID 0x37; discarded 1 byte(s)
[00:43:20.099] BAD_PACKET[TCP_prs2026hitl_7100] unknown packet ID 0x38; discarded 1 byte(s)
[00:43:20.099] BAD_PACKET[TCP_prs2026hitl_7100] unknown packet ID 0x33; discarded 1 byte(s)
[00:43:20.100] BAD_PACKET[TCP_prs2026hitl_7100] unknown packet ID 0x30; discarded 1 byte(s)
[00:43:20.100] BAD_PACKET[TCP_prs2026hitl_7100] unknown packet ID 0x36; discarded 1 byte(s)
[00:43:20.100] BAD_PACKET[TCP_prs2026hitl_7100] unknown packet ID 0x29; discarded 1 byte(s)
[00:43:20.101] BAD_PACKET[TCP_prs2026hitl_7100] unknown packet ID 0x20; discarded 1 byte(s)
[00:43:20.101] BAD_PACKET[TCP_prs2026hitl_7100] unknown packet ID 0x61; discarded 1 byte(s)
[00:43:20.101] BAD_PACKET[TCP_prs2026hitl_7100] unknown packet ID 0x70; discarded 1 byte(s)
[00:43:20.103] BAD_PACKET[TCP_prs2026hitl_7100] unknown packet ID 0x65; discarded 1 byte(s)
[00:43:20.103] BAD_PACKET[TCP_prs2026hitl_7100] unknown packet ID 0x72; discarded 1 byte(s)
[00:43:20.104] BAD_PACKET[TCP_prs2026hitl_7100] unknown packet ID 0x74; discarded 1 byte(s)
[00:43:20.105] BAD_PACKET[TCP_prs2026hitl_7100] unknown packet ID 0x75; discarded 1 byte(s)
[00:43:20.105] BAD_PACKET[TCP_prs2026hitl_7100] unknown packet ID 0x72; discarded 1 byte(s)
[00:43:20.106] BAD_PACKET[TCP_prs2026hitl_7100] unknown packet ID 0x65; discarded 1 byte(s)
[00:43:20.107] BAD_PACKET[TCP_prs2026hitl_7100] unknown packet ID 0x3a; discarded 1 byte(s)
[00:43:20.107] BAD_PACKET[TCP_prs2026hitl_7100] unknown packet ID 0x20; discarded 1 byte(s)
[00:43:20.108] BAD_PACKET[TCP_prs2026hitl_7100] unknown packet ID 0x53; discarded 1 byte(s)
[00:43:20.108] BAD_PACKET[TCP_prs2026hitl_7100] unknown packet ID 0x65; discarded 1 byte(s)
[00:43:20.109] BAD_PACKET[TCP_prs2026hitl_7100] unknown packet ID 0x6e; discarded 1 byte(s)
[00:43:20.110] BAD_PACKET[TCP_prs2026hitl_7100] unknown packet ID 0x64; discarded 1 byte(s)
[00:43:20.113] BAD_PACKET[TCP_prs2026hitl_7100] unknown packet ID 0x69; discarded 1 byte(s)
[00:43:20.114] BAD_PACKET[TCP_prs2026hitl_7100] unknown packet ID 0x6e; discarded 1 byte(s)
[00:43:20.115] BAD_PACKET[TCP_prs2026hitl_7100] unknown packet ID 0x67; discarded 1 byte(s)
[00:43:20.115] BAD_PACKET[TCP_prs2026hitl_7100] unknown packet ID 0x20; discarded 1 byte(s)
[00:43:20.116] BAD_PACKET[TCP_prs2026hitl_7100] unknown packet ID 0x68; discarded 1 byte(s)
[00:43:20.117] BAD_PACKET[TCP_prs2026hitl_7100] unknown packet ID 0x65; discarded 1 byte(s)
[00:43:20.117] BAD_PACKET[TCP_prs2026hitl_7100] unknown packet ID 0x61; discarded 1 byte(s)
[00:43:20.117] BAD_PACKET[TCP_prs2026hitl_7100] unknown packet ID 0x72; discarded 1 byte(s)
[00:43:20.118] BAD_PACKET[TCP_prs2026hitl_7100] unknown packet ID 0x74; discarded 1 byte(s)
[00:43:20.118] BAD_PACKET[TCP_prs2026hitl_7100] unknown packet ID 0x62; discarded 1 byte(s)
[00:43:20.119] BAD_PACKET[TCP_prs2026hitl_7100] unknown packet ID 0x65; discarded 1 byte(s)
[00:43:20.119] BAD_PACKET[TCP_prs2026hitl_7100] unknown packet ID 0x61; discarded 1 byte(s)
[00:43:20.120] BAD_PACKET[TCP_prs2026hitl_7100] unknown packet ID 0x74; discarded 1 byte(s)
[00:43:20.121] BAD_PACKET[TCP_prs2026hitl_7100] unknown packet ID 0x20; discarded 1 byte(s)
[00:43:20.121] BAD_PACKET[TCP_prs2026hitl_7100] unknown packet ID 0x28; discarded 1 byte(s)
[00:43:20.122] BAD_PACKET[TCP_prs2026hitl_7100] unknown packet ID 0x38; discarded 1 byte(s)
[00:43:20.123] BAD_PACKET[TCP_prs2026hitl_7100] unknown packet ID 0x20; discarded 1 byte(s)
[00:43:20.123] BAD_PACKET[TCP_prs2026hitl_7100] unknown packet ID 0x62; discarded 1 byte(s)
[00:43:20.124] BAD_PACKET[TCP_prs2026hitl_7100] unknown packet ID 0x79; discarded 1 byte(s)
[00:43:20.124] BAD_PACKET[TCP_prs2026hitl_7100] unknown packet ID 0x74; discarded 1 byte(s)
[00:43:20.125] BAD_PACKET[TCP_prs2026hitl_7100] unknown packet ID 0x65; discarded 1 byte(s)
[00:43:20.126] BAD_PACKET[TCP_prs2026hitl_7100] unknown packet ID 0x73; discarded 1 byte(s)
[00:43:20.127] BAD_PACKET[TCP_prs2026hitl_7100] unknown packet ID 0x29; discarded 1 byte(s)
[00:43:20.127] BAD_PACKET[TCP_prs2026hitl_7100] unknown packet ID 0x0d; discarded 1 byte(s)
[00:43:20.127] BAD_PACKET[TCP_prs2026hitl_7100] unknown packet ID 0x0a; discarded 1 byte(s)
[00:43:20.128] RX[TCP_prs2026hitl_7100]  49 20 28 31 37 37 38 33 34 36 29 20 61 70 65 72 74 75 72 65 3a 20 48 65 61 72 74 62 65 61 74 20 73 65 6e 74 0d 0a
[00:43:20.128] BAD_PACKET[TCP_prs2026hitl_7100] unknown packet ID 0x49; discarded 1 byte(s)
[00:43:20.128] BAD_PACKET[TCP_prs2026hitl_7100] unknown packet ID 0x20; discarded 1 byte(s)
[00:43:20.129] BAD_PACKET[TCP_prs2026hitl_7100] unknown packet ID 0x28; discarded 1 byte(s)
[00:43:20.129] BAD_PACKET[TCP_prs2026hitl_7100] unknown packet ID 0x31; discarded 1 byte(s)
[00:43:20.129] BAD_PACKET[TCP_prs2026hitl_7100] unknown packet ID 0x37; discarded 1 byte(s)
[00:43:20.130] BAD_PACKET[TCP_prs2026hitl_7100] unknown packet ID 0x37; discarded 1 byte(s)
[00:43:20.130] BAD_PACKET[TCP_prs2026hitl_7100] unknown packet ID 0x38; discarded 1 byte(s)
[00:43:20.130] BAD_PACKET[TCP_prs2026hitl_7100] unknown packet ID 0x33; discarded 1 byte(s)
[00:43:20.131] BAD_PACKET[TCP_prs2026hitl_7100] unknown packet ID 0x34; discarded 1 byte(s)
[00:43:20.131] BAD_PACKET[TCP_prs2026hitl_7100] unknown packet ID 0x36; discarded 1 byte(s)
[00:43:20.131] BAD_PACKET[TCP_prs2026hitl_7100] unknown packet ID 0x29; discarded 1 byte(s)
[00:43:20.131] BAD_PACKET[TCP_prs2026hitl_7100] unknown packet ID 0x20; discarded 1 byte(s)
[00:43:20.132] BAD_PACKET[TCP_prs2026hitl_7100] unknown packet ID 0x61; discarded 1 byte(s)
[00:43:20.132] BAD_PACKET[TCP_prs2026hitl_7100] unknown packet ID 0x70; discarded 1 byte(s)
[00:43:20.132] BAD_PACKET[TCP_prs2026hitl_7100] unknown packet ID 0x65; discarded 1 byte(s)
[00:43:20.133] BAD_PACKET[TCP_prs2026hitl_7100] unknown packet ID 0x72; discarded 1 byte(s)
[00:43:20.133] BAD_PACKET[TCP_prs2026hitl_7100] unknown packet ID 0x74; discarded 1 byte(s)
[00:43:20.133] BAD_PACKET[TCP_prs2026hitl_7100] unknown packet ID 0x75; discarded 1 byte(s)
[00:43:20.134] BAD_PACKET[TCP_prs2026hitl_7100] unknown packet ID 0x72; discarded 1 byte(s)
[00:43:20.134] BAD_PACKET[TCP_prs2026hitl_7100] unknown packet ID 0x65; discarded 1 byte(s)
[00:43:20.134] BAD_PACKET[TCP_prs2026hitl_7100] unknown packet ID 0x3a; discarded 1 byte(s)
[00:43:20.134] BAD_PACKET[TCP_prs2026hitl_7100] unknown packet ID 0x20; discarded 1 byte(s)
[00:43:20.135] BAD_PACKET[TCP_prs2026hitl_7100] unknown packet ID 0x48; discarded 1 byte(s)
[00:43:20.137] BAD_PACKET[TCP_prs2026hitl_7100] unknown packet ID 0x65; discarded 1 byte(s)
[00:43:20.137] BAD_PACKET[TCP_prs2026hitl_7100] unknown packet ID 0x61; discarded 1 byte(s)
[00:43:20.138] BAD_PACKET[TCP_prs2026hitl_7100] unknown packet ID 0x72; discarded 1 byte(s)
[00:43:20.138] BAD_PACKET[TCP_prs2026hitl_7100] unknown packet ID 0x74; discarded 1 byte(s)
[00:43:20.139] BAD_PACKET[TCP_prs2026hitl_7100] unknown packet ID 0x62; discarded 1 byte(s)
[00:43:20.140] BAD_PACKET[TCP_prs2026hitl_7100] unknown packet ID 0x65; discarded 1 byte(s)
[00:43:20.140] BAD_PACKET[TCP_prs2026hitl_7100] unknown packet ID 0x61; discarded 1 byte(s)
[00:43:20.141] BAD_PACKET[TCP_prs2026hitl_7100] unknown packet ID 0x74; discarded 1 byte(s)
[00:43:20.142] BAD_PACKET[TCP_prs2026hitl_7100] unknown packet ID 0x20; discarded 1 byte(s)
[00:43:20.142] BAD_PACKET[TCP_prs2026hitl_7100] unknown packet ID 0x73; discarded 1 byte(s)
[00:43:20.143] BAD_PACKET[TCP_prs2026hitl_7100] unknown packet ID 0x65; discarded 1 byte(s)
[00:43:20.144] BAD_PACKET[TCP_prs2026hitl_7100] unknown packet ID 0x6e; discarded 1 byte(s)
[00:43:20.144] BAD_PACKET[TCP_prs2026hitl_7100] unknown packet ID 0x74; discarded 1 byte(s)
[00:43:20.145] BAD_PACKET[TCP_prs2026hitl_7100] unknown packet ID 0x0d; discarded 1 byte(s)
[00:43:20.146] BAD_PACKET[TCP_prs2026hitl_7100] unknown packet ID 0x0a; discarded 1 byte(s)
[00:43:20.146] RX[COM10]  01
[00:43:20.146] RX[COM10]  6e 00 00 00 87 62 00 01 56 00 03 87 ff 9b ec ff d5 00 16 00 28 0a
[00:43:20.147] PACKET[COM10] sensors: status=28160, uptime=34658, filtered_accel=[0.01368, 0.03612, -1.0248], gyro=[-3.01, 1.54, 2.8]
[00:43:20.266] RX[COM10]  01
[00:43:20.267] RX[COM10]  6e 00 00 00 87 c6 00 01 7a 00 03 6e ff 9b f8 ff d5 00 15 00 28 0a
[00:43:20.268] PACKET[COM10] sensors: status=28160, uptime=34758, filtered_accel=[0.01512, 0.03512, -1.02432], gyro=[-3.01, 1.47, 2.8]
[00:43:20.374] RX[COM10]  01
[00:43:20.375] RX[COM10]  6e 00 00 00 88 2a 00 01 56 00 03 87 ff 9b e0 ff d5 00 16 00 28 0a
[00:43:20.376] PACKET[COM10] sensors: status=28160, uptime=34858, filtered_accel=[0.01368, 0.03612, -1.02528], gyro=[-3.01, 1.54, 2.8]
[00:43:20.434] RX[COM10]  01
[00:43:20.437] RX[COM10]  66 00 00 00 88 8e 00 01 62 00 03 9f ff 9b ec ff d5 00 16 00 28 0a
[00:43:20.438] PACKET[COM10] sensors: status=26112, uptime=34958, filtered_accel=[0.01416, 0.03708, -1.0248], gyro=[-3.01, 1.54, 2.8]
[00:43:20.552] RX[COM10]  01
[00:43:20.553] RX[COM10]  66 00 00 00 88 f2 00 01 62 00 03 9f ff 9b e0 ff d5 00 16 00 28 0a
[00:43:20.554] PACKET[COM10] sensors: status=26112, uptime=35058, filtered_accel=[0.01416, 0.03708, -1.02528], gyro=[-3.01, 1.54, 2.8]
[00:43:20.660] RX[COM10]  01
[00:43:20.662] RX[COM10]  66 00 00 00 89 56 00 01 62 00 03 93 ff 9b ec ff d4 00 15 00 28 0a 03 00 00 00 00 00 00 00 00 00 19 21 cd 00 00 00 14 40 0a
[00:43:20.667] PACKET[COM10] sensors: status=26112, uptime=35158, filtered_accel=[0.01416, 0.0366, -1.0248], gyro=[-3.08, 1.47, 2.8]
[00:43:20.668] PACKET[COM10] camera: fc_status=0, fc_uptime=0, status=0, uptime=1647053, current_sense=[0.0, 0.0, 0.0], iris_battery_voltage=5.184
[00:43:20.726] RX[COM10]  02
[00:43:20.727] RX[COM10]  66 00 00 00 89 9c 00 00 00 00 00 00 00 00 00 00 00 00 00 00 00 00 00 00 00 00 00 00 00 00 00 00 00 00 00 00 00 00 00 00 00 00 00 00 00 00 00 00 00 00 00 00 00 00 00 00 43 68 30 98 13 f0 0a ff 67 00 00 00 89 9c 0a
[00:43:20.729] PACKET[COM10] state: status=26112, uptime=35228, orientation=[0.0, 0.0, 0.0, 0.0], position=[0.0, 0.0, 0.0], velocity=[0.0, 0.0, 0.0], latitude=0.0, longitude=0.0, gps_altitude=0.0, barometric_altitude=232.189819, witness_battery_voltage=5.104
[00:43:20.730] PACKET[COM10] heartbeat: status=26368, uptime=35228
[00:43:20.849] RX[COM10]  01
[00:43:20.850] RX[COM10]  6f 00 00 00 8a 1e 00 01 62 00 03 9f ff 9c 1d ff fd 00 01 ff fd 0a
[00:43:20.851] PACKET[COM10] sensors: status=28416, uptime=35358, filtered_accel=[0.01416, 0.03708, -1.02284], gyro=[-0.21, 0.07, -0.21]
[00:43:20.851] RX[TCP_prs2026hitl_7100]  02 66 00 00 00 89 9c 00 00 00 00 00 00 00 00 00 00 00 00 00 00 00 00 00 00 00 00 00 00 00 00 00 00 00 00 00 00 00 00 00 00 00 00 00 00 00 00 00 00 00 00 00 00 00 00 00 00 43 68 30 98 13 f0 0a
[00:43:20.852] PACKET[TCP_prs2026hitl_7100] state: status=26112, uptime=35228, orientation=[0.0, 0.0, 0.0, 0.0], position=[0.0, 0.0, 0.0], velocity=[0.0, 0.0, 0.0], latitude=0.0, longitude=0.0, gps_altitude=0.0, barometric_altitude=232.189819, witness_battery_voltage=5.104
[00:43:20.960] RX[COM10]  01
[00:43:20.962] RX[COM10]  6f 00 00 00 8a 82 00 01 62 00 03 7b ff 9b e0 ff d5 00 15 00 27 0a
[00:43:20.962] PACKET[COM10] sensors: status=28416, uptime=35458, filtered_accel=[0.01416, 0.03564, -1.02528], gyro=[-3.01, 1.47, 2.73]
[00:43:21.068] RX[COM10]  01
[00:43:21.069] RX[COM10]  6f 00 00 00 8a e6 00 01 6e 00 03 93 ff 9b f8 ff d5 00 15 00 27 0a
[00:43:21.070] PACKET[COM10] sensors: status=28416, uptime=35558, filtered_accel=[0.01464, 0.0366, -1.02432], gyro=[-3.01, 1.47, 2.73]
[00:43:21.074] RX[TCP_prs2026hitl_7100]  49 20 28 31 37 37 39 33 30 36 29 20 61 70 65 72 74 75 72 65 3a 20 53 65 6e 64 69 6e 67 20 68 65 61 72 74 62 65 61 74 20 28 38 20 62 79 74 65 73 29 0d 0a
[00:43:21.078] BAD_PACKET[TCP_prs2026hitl_7100] unknown packet ID 0x49; discarded 1 byte(s)
[00:43:21.080] BAD_PACKET[TCP_prs2026hitl_7100] unknown packet ID 0x20; discarded 1 byte(s)
[00:43:21.082] BAD_PACKET[TCP_prs2026hitl_7100] unknown packet ID 0x28; discarded 1 byte(s)
[00:43:21.083] BAD_PACKET[TCP_prs2026hitl_7100] unknown packet ID 0x31; discarded 1 byte(s)
[00:43:21.084] BAD_PACKET[TCP_prs2026hitl_7100] unknown packet ID 0x37; discarded 1 byte(s)
[00:43:21.084] BAD_PACKET[TCP_prs2026hitl_7100] unknown packet ID 0x37; discarded 1 byte(s)
[00:43:21.086] BAD_PACKET[TCP_prs2026hitl_7100] unknown packet ID 0x39; discarded 1 byte(s)
[00:43:21.087] BAD_PACKET[TCP_prs2026hitl_7100] unknown packet ID 0x33; discarded 1 byte(s)
[00:43:21.088] BAD_PACKET[TCP_prs2026hitl_7100] unknown packet ID 0x30; discarded 1 byte(s)
[00:43:21.088] BAD_PACKET[TCP_prs2026hitl_7100] unknown packet ID 0x36; discarded 1 byte(s)
[00:43:21.091] BAD_PACKET[TCP_prs2026hitl_7100] unknown packet ID 0x29; discarded 1 byte(s)
[00:43:21.094] BAD_PACKET[TCP_prs2026hitl_7100] unknown packet ID 0x20; discarded 1 byte(s)
[00:43:21.099] BAD_PACKET[TCP_prs2026hitl_7100] unknown packet ID 0x61; discarded 1 byte(s)
[00:43:21.100] BAD_PACKET[TCP_prs2026hitl_7100] unknown packet ID 0x70; discarded 1 byte(s)
[00:43:21.101] BAD_PACKET[TCP_prs2026hitl_7100] unknown packet ID 0x65; discarded 1 byte(s)
[00:43:21.101] BAD_PACKET[TCP_prs2026hitl_7100] unknown packet ID 0x72; discarded 1 byte(s)
[00:43:21.102] BAD_PACKET[TCP_prs2026hitl_7100] unknown packet ID 0x74; discarded 1 byte(s)
[00:43:21.103] BAD_PACKET[TCP_prs2026hitl_7100] unknown packet ID 0x75; discarded 1 byte(s)
[00:43:21.103] BAD_PACKET[TCP_prs2026hitl_7100] unknown packet ID 0x72; discarded 1 byte(s)
[00:43:21.103] BAD_PACKET[TCP_prs2026hitl_7100] unknown packet ID 0x65; discarded 1 byte(s)
[00:43:21.104] BAD_PACKET[TCP_prs2026hitl_7100] unknown packet ID 0x3a; discarded 1 byte(s)
[00:43:21.104] BAD_PACKET[TCP_prs2026hitl_7100] unknown packet ID 0x20; discarded 1 byte(s)
[00:43:21.104] BAD_PACKET[TCP_prs2026hitl_7100] unknown packet ID 0x53; discarded 1 byte(s)
[00:43:21.104] BAD_PACKET[TCP_prs2026hitl_7100] unknown packet ID 0x65; discarded 1 byte(s)
[00:43:21.105] BAD_PACKET[TCP_prs2026hitl_7100] unknown packet ID 0x6e; discarded 1 byte(s)
[00:43:21.105] BAD_PACKET[TCP_prs2026hitl_7100] unknown packet ID 0x64; discarded 1 byte(s)
[00:43:21.105] BAD_PACKET[TCP_prs2026hitl_7100] unknown packet ID 0x69; discarded 1 byte(s)
[00:43:21.106] BAD_PACKET[TCP_prs2026hitl_7100] unknown packet ID 0x6e; discarded 1 byte(s)
[00:43:21.106] BAD_PACKET[TCP_prs2026hitl_7100] unknown packet ID 0x67; discarded 1 byte(s)
[00:43:21.106] BAD_PACKET[TCP_prs2026hitl_7100] unknown packet ID 0x20; discarded 1 byte(s)
[00:43:21.107] BAD_PACKET[TCP_prs2026hitl_7100] unknown packet ID 0x68; discarded 1 byte(s)
[00:43:21.107] BAD_PACKET[TCP_prs2026hitl_7100] unknown packet ID 0x65; discarded 1 byte(s)
[00:43:21.107] BAD_PACKET[TCP_prs2026hitl_7100] unknown packet ID 0x61; discarded 1 byte(s)
[00:43:21.107] BAD_PACKET[TCP_prs2026hitl_7100] unknown packet ID 0x72; discarded 1 byte(s)
[00:43:21.108] BAD_PACKET[TCP_prs2026hitl_7100] unknown packet ID 0x74; discarded 1 byte(s)
[00:43:21.108] BAD_PACKET[TCP_prs2026hitl_7100] unknown packet ID 0x62; discarded 1 byte(s)
[00:43:21.108] BAD_PACKET[TCP_prs2026hitl_7100] unknown packet ID 0x65; discarded 1 byte(s)
[00:43:21.109] BAD_PACKET[TCP_prs2026hitl_7100] unknown packet ID 0x61; discarded 1 byte(s)
[00:43:21.109] BAD_PACKET[TCP_prs2026hitl_7100] unknown packet ID 0x74; discarded 1 byte(s)
[00:43:21.109] BAD_PACKET[TCP_prs2026hitl_7100] unknown packet ID 0x20; discarded 1 byte(s)
[00:43:21.110] BAD_PACKET[TCP_prs2026hitl_7100] unknown packet ID 0x28; discarded 1 byte(s)
[00:43:21.111] BAD_PACKET[TCP_prs2026hitl_7100] unknown packet ID 0x38; discarded 1 byte(s)
[00:43:21.111] BAD_PACKET[TCP_prs2026hitl_7100] unknown packet ID 0x20; discarded 1 byte(s)
[00:43:21.112] BAD_PACKET[TCP_prs2026hitl_7100] unknown packet ID 0x62; discarded 1 byte(s)
[00:43:21.113] BAD_PACKET[TCP_prs2026hitl_7100] unknown packet ID 0x79; discarded 1 byte(s)
[00:43:21.113] BAD_PACKET[TCP_prs2026hitl_7100] unknown packet ID 0x74; discarded 1 byte(s)
[00:43:21.114] BAD_PACKET[TCP_prs2026hitl_7100] unknown packet ID 0x65; discarded 1 byte(s)
[00:43:21.115] BAD_PACKET[TCP_prs2026hitl_7100] unknown packet ID 0x73; discarded 1 byte(s)
[00:43:21.116] BAD_PACKET[TCP_prs2026hitl_7100] unknown packet ID 0x29; discarded 1 byte(s)
[00:43:21.116] BAD_PACKET[TCP_prs2026hitl_7100] unknown packet ID 0x0d; discarded 1 byte(s)
[00:43:21.117] BAD_PACKET[TCP_prs2026hitl_7100] unknown packet ID 0x0a; discarded 1 byte(s)
[00:43:21.175] RX[TCP_prs2026hitl_7100]  49 20 28 31 37 37 39 33 34 36 29 20 61 70 65 72 74 75 72 65 3a 20 48 65 61 72 74 62 65 61 74 20 73 65 6e 74 0d 0a
[00:43:21.176] BAD_PACKET[TCP_prs2026hitl_7100] unknown packet ID 0x49; discarded 1 byte(s)
[00:43:21.177] BAD_PACKET[TCP_prs2026hitl_7100] unknown packet ID 0x20; discarded 1 byte(s)
[00:43:21.177] BAD_PACKET[TCP_prs2026hitl_7100] unknown packet ID 0x28; discarded 1 byte(s)
[00:43:21.178] BAD_PACKET[TCP_prs2026hitl_7100] unknown packet ID 0x31; discarded 1 byte(s)
[00:43:21.178] BAD_PACKET[TCP_prs2026hitl_7100] unknown packet ID 0x37; discarded 1 byte(s)
[00:43:21.179] BAD_PACKET[TCP_prs2026hitl_7100] unknown packet ID 0x37; discarded 1 byte(s)
[00:43:21.179] BAD_PACKET[TCP_prs2026hitl_7100] unknown packet ID 0x39; discarded 1 byte(s)
[00:43:21.180] BAD_PACKET[TCP_prs2026hitl_7100] unknown packet ID 0x33; discarded 1 byte(s)
[00:43:21.180] BAD_PACKET[TCP_prs2026hitl_7100] unknown packet ID 0x34; discarded 1 byte(s)
[00:43:21.181] BAD_PACKET[TCP_prs2026hitl_7100] unknown packet ID 0x36; discarded 1 byte(s)
[00:43:21.181] BAD_PACKET[TCP_prs2026hitl_7100] unknown packet ID 0x29; discarded 1 byte(s)
[00:43:21.182] BAD_PACKET[TCP_prs2026hitl_7100] unknown packet ID 0x20; discarded 1 byte(s)
[00:43:21.182] BAD_PACKET[TCP_prs2026hitl_7100] unknown packet ID 0x61; discarded 1 byte(s)
[00:43:21.182] BAD_PACKET[TCP_prs2026hitl_7100] unknown packet ID 0x70; discarded 1 byte(s)
[00:43:21.183] BAD_PACKET[TCP_prs2026hitl_7100] unknown packet ID 0x65; discarded 1 byte(s)
[00:43:21.183] BAD_PACKET[TCP_prs2026hitl_7100] unknown packet ID 0x72; discarded 1 byte(s)
[00:43:21.183] BAD_PACKET[TCP_prs2026hitl_7100] unknown packet ID 0x74; discarded 1 byte(s)
[00:43:21.184] BAD_PACKET[TCP_prs2026hitl_7100] unknown packet ID 0x75; discarded 1 byte(s)
[00:43:21.184] BAD_PACKET[TCP_prs2026hitl_7100] unknown packet ID 0x72; discarded 1 byte(s)
[00:43:21.184] BAD_PACKET[TCP_prs2026hitl_7100] unknown packet ID 0x65; discarded 1 byte(s)
[00:43:21.184] BAD_PACKET[TCP_prs2026hitl_7100] unknown packet ID 0x3a; discarded 1 byte(s)
[00:43:21.185] BAD_PACKET[TCP_prs2026hitl_7100] unknown packet ID 0x20; discarded 1 byte(s)
[00:43:21.185] BAD_PACKET[TCP_prs2026hitl_7100] unknown packet ID 0x48; discarded 1 byte(s)
[00:43:21.186] BAD_PACKET[TCP_prs2026hitl_7100] unknown packet ID 0x65; discarded 1 byte(s)
[00:43:21.186] BAD_PACKET[TCP_prs2026hitl_7100] unknown packet ID 0x61; discarded 1 byte(s)
[00:43:21.186] BAD_PACKET[TCP_prs2026hitl_7100] unknown packet ID 0x72; discarded 1 byte(s)
[00:43:21.187] BAD_PACKET[TCP_prs2026hitl_7100] unknown packet ID 0x74; discarded 1 byte(s)
[00:43:21.187] BAD_PACKET[TCP_prs2026hitl_7100] unknown packet ID 0x62; discarded 1 byte(s)
[00:43:21.187] BAD_PACKET[TCP_prs2026hitl_7100] unknown packet ID 0x65; discarded 1 byte(s)
[00:43:21.188] BAD_PACKET[TCP_prs2026hitl_7100] unknown packet ID 0x61; discarded 1 byte(s)
[00:43:21.188] BAD_PACKET[TCP_prs2026hitl_7100] unknown packet ID 0x74; discarded 1 byte(s)
[00:43:21.188] BAD_PACKET[TCP_prs2026hitl_7100] unknown packet ID 0x20; discarded 1 byte(s)
[00:43:21.189] BAD_PACKET[TCP_prs2026hitl_7100] unknown packet ID 0x73; discarded 1 byte(s)
[00:43:21.189] BAD_PACKET[TCP_prs2026hitl_7100] unknown packet ID 0x65; discarded 1 byte(s)
[00:43:21.189] BAD_PACKET[TCP_prs2026hitl_7100] unknown packet ID 0x6e; discarded 1 byte(s)
[00:43:21.189] BAD_PACKET[TCP_prs2026hitl_7100] unknown packet ID 0x74; discarded 1 byte(s)
[00:43:21.190] BAD_PACKET[TCP_prs2026hitl_7100] unknown packet ID 0x0d; discarded 1 byte(s)
[00:43:21.190] BAD_PACKET[TCP_prs2026hitl_7100] unknown packet ID 0x0a; discarded 1 byte(s)
[00:43:21.190] RX[COM10]  01
[00:43:21.191] RX[COM10]  67 00 00 00 8b 4a 00 01 62 00 03 93 ff 9b ec ff d4 00 16 00 27 0a
[00:43:21.193] PACKET[COM10] sensors: status=26368, uptime=35658, filtered_accel=[0.01416, 0.0366, -1.0248], gyro=[-3.08, 1.54, 2.73]
[00:43:21.258] RX[COM10]  01
[00:43:21.259] RX[COM10]  67 00 00 00 8b ae 00 01 62 00 03 7b ff 9b e0 ff d5 00 15 00 27 0a
[00:43:21.259] PACKET[COM10] sensors: status=26368, uptime=35758, filtered_accel=[0.01416, 0.03564, -1.02528], gyro=[-3.01, 1.47, 2.73]
[00:43:21.368] RX[COM10]  01
[00:43:21.372] RX[COM10]  67 00 00 00 8c 12 00 01 49 00 03 87 ff 9b d4 ff d5 00 16 00 27 0a
[00:43:21.376] PACKET[COM10] sensors: status=26368, uptime=35858, filtered_accel=[0.01316, 0.03612, -1.02576], gyro=[-3.01, 1.54, 2.73]
[00:43:21.427] RX[COM10]  01
[00:43:21.429] RX[COM10]  6f 00 00 00 8c 76 00 01 62 00 03 93 ff 9b c7 ff d4 00 15 00 28 0a
[00:43:21.430] PACKET[COM10] sensors: status=28416, uptime=35958, filtered_accel=[0.01416, 0.0366, -1.02628], gyro=[-3.08, 1.47, 2.8]
[00:43:21.543] RX[COM10]  01
[00:43:21.544] RX[COM10]  6f 00 00 00 8c da 00 01 62 00 03 87 ff 9b e0 ff d3 00 15 00 27 0a
[00:43:21.545] PACKET[COM10] sensors: status=28416, uptime=36058, filtered_accel=[0.01416, 0.03612, -1.02528], gyro=[-3.15, 1.47, 2.73]
[00:43:21.657] RX[COM10]  01
[00:43:21.657] RX[COM10]  6f 00 00 00 8d 3e 00 01 62 00 03 7b ff 9b ec ff d5 00 15 00 28 0a 03 00 00 00 00 00 00 00 00 00 19 25 b5 00 00 00 14 40 0a
[00:43:21.658] PACKET[COM10] sensors: status=28416, uptime=36158, filtered_accel=[0.01416, 0.03564, -1.0248], gyro=[-3.01, 1.47, 2.8]
[00:43:21.659] PACKET[COM10] camera: fc_status=0, fc_uptime=0, status=0, uptime=1648053, current_sense=[0.0, 0.0, 0.0], iris_battery_voltage=5.184
[00:43:21.710] RX[COM10]  02
[00:43:21.711] RX[COM10]  6f 00 00 00 8d 84 00 00 00 00 00 00 00 00 00 00 00 00 00 00 00 00 00 00 00 00 00 00 00 00 00 00 00 00 00 00 00 00 00 00 00 00 00 00 00 00 00 00 00 00 00 00 00 00 00 00 43 68 46 3d 13 fc 0a ff 6e 00 00 00 8d 84 0a
[00:43:21.712] PACKET[COM10] state: status=28416, uptime=36228, orientation=[0.0, 0.0, 0.0, 0.0], position=[0.0, 0.0, 0.0], velocity=[0.0, 0.0, 0.0], latitude=0.0, longitude=0.0, gps_altitude=0.0, barometric_altitude=232.274368, witness_battery_voltage=5.116
[00:43:21.712] PACKET[COM10] heartbeat: status=28160, uptime=36228
[00:43:21.833] RX[COM10]  01
[00:43:21.834] RX[COM10]  6e 00 00 00 8e 06 00 01 49 00 03 93 ff 9b f8 ff fc 00 01 ff fd 0a
[00:43:21.836] PACKET[COM10] sensors: status=28160, uptime=36358, filtered_accel=[0.01316, 0.0366, -1.02432], gyro=[-0.28, 0.07, -0.21]
[00:43:21.837] RX[TCP_prs2026hitl_7100]  02 6f 00 00 00 8d 84 00 00 00 00 00 00 00 00 00 00 00 00 00 00 00 00 00 00 00 00 00 00 00 00 00 00 00 00 00 00 00 00 00 00 00 00 00 00 00 00 00 00 00 00 00 00 00 00 00 00 43 68 46 3d 13 fc 0a
[00:43:21.839] PACKET[TCP_prs2026hitl_7100] state: status=28416, uptime=36228, orientation=[0.0, 0.0, 0.0, 0.0], position=[0.0, 0.0, 0.0], velocity=[0.0, 0.0, 0.0], latitude=0.0, longitude=0.0, gps_altitude=0.0, barometric_altitude=232.274368, witness_battery_voltage=5.116
[00:43:21.952] RX[COM10]  01
[00:43:21.953] RX[COM10]  66 00 00 00 8e 6a 00 01 56 00 03 87 ff 9c 11 ff d5 00 15 00 27 0a
[00:43:21.954] PACKET[COM10] sensors: status=26112, uptime=36458, filtered_accel=[0.01368, 0.03612, -1.02332], gyro=[-3.01, 1.47, 2.73]
[00:43:22.060] RX[COM10]  01
[00:43:22.062] RX[COM10]  66 00 00 00 8e ce 00 01 56 00 03 87 ff 9b f8 ff d4 00 14 00 28 0a
[00:43:22.063] PACKET[COM10] sensors: status=26112, uptime=36558, filtered_accel=[0.01368, 0.03612, -1.02432], gyro=[-3.08, 1.4, 2.8]
[00:43:22.064] RX[TCP_prs2026hitl_7100]  49 20 28 31 37 38 30 33 30 36 29 20 61 70 65 72 74 75 72 65 3a 20 53 65 6e 64 69 6e 67 20 68 65 61 72 74 62 65 61 74 20 28 38 20 62 79 74 65 73 29 0d 0a
[00:43:22.067] BAD_PACKET[TCP_prs2026hitl_7100] unknown packet ID 0x49; discarded 1 byte(s)
[00:43:22.067] BAD_PACKET[TCP_prs2026hitl_7100] unknown packet ID 0x20; discarded 1 byte(s)
[00:43:22.068] BAD_PACKET[TCP_prs2026hitl_7100] unknown packet ID 0x28; discarded 1 byte(s)
[00:43:22.069] BAD_PACKET[TCP_prs2026hitl_7100] unknown packet ID 0x31; discarded 1 byte(s)
[00:43:22.071] BAD_PACKET[TCP_prs2026hitl_7100] unknown packet ID 0x37; discarded 1 byte(s)
[00:43:22.073] BAD_PACKET[TCP_prs2026hitl_7100] unknown packet ID 0x38; discarded 1 byte(s)
[00:43:22.078] BAD_PACKET[TCP_prs2026hitl_7100] unknown packet ID 0x30; discarded 1 byte(s)
[00:43:22.080] BAD_PACKET[TCP_prs2026hitl_7100] unknown packet ID 0x33; discarded 1 byte(s)
[00:43:22.082] BAD_PACKET[TCP_prs2026hitl_7100] unknown packet ID 0x30; discarded 1 byte(s)
[00:43:22.083] BAD_PACKET[TCP_prs2026hitl_7100] unknown packet ID 0x36; discarded 1 byte(s)
[00:43:22.084] BAD_PACKET[TCP_prs2026hitl_7100] unknown packet ID 0x29; discarded 1 byte(s)
[00:43:22.084] BAD_PACKET[TCP_prs2026hitl_7100] unknown packet ID 0x20; discarded 1 byte(s)
[00:43:22.085] BAD_PACKET[TCP_prs2026hitl_7100] unknown packet ID 0x61; discarded 1 byte(s)
[00:43:22.086] BAD_PACKET[TCP_prs2026hitl_7100] unknown packet ID 0x70; discarded 1 byte(s)
[00:43:22.088] BAD_PACKET[TCP_prs2026hitl_7100] unknown packet ID 0x65; discarded 1 byte(s)
[00:43:22.091] BAD_PACKET[TCP_prs2026hitl_7100] unknown packet ID 0x72; discarded 1 byte(s)
[00:43:22.097] BAD_PACKET[TCP_prs2026hitl_7100] unknown packet ID 0x74; discarded 1 byte(s)
[00:43:22.098] BAD_PACKET[TCP_prs2026hitl_7100] unknown packet ID 0x75; discarded 1 byte(s)
[00:43:22.100] BAD_PACKET[TCP_prs2026hitl_7100] unknown packet ID 0x72; discarded 1 byte(s)
[00:43:22.100] BAD_PACKET[TCP_prs2026hitl_7100] unknown packet ID 0x65; discarded 1 byte(s)
[00:43:22.101] BAD_PACKET[TCP_prs2026hitl_7100] unknown packet ID 0x3a; discarded 1 byte(s)
[00:43:22.101] BAD_PACKET[TCP_prs2026hitl_7100] unknown packet ID 0x20; discarded 1 byte(s)
[00:43:22.101] BAD_PACKET[TCP_prs2026hitl_7100] unknown packet ID 0x53; discarded 1 byte(s)
[00:43:22.102] BAD_PACKET[TCP_prs2026hitl_7100] unknown packet ID 0x65; discarded 1 byte(s)
[00:43:22.103] BAD_PACKET[TCP_prs2026hitl_7100] unknown packet ID 0x6e; discarded 1 byte(s)
[00:43:22.103] BAD_PACKET[TCP_prs2026hitl_7100] unknown packet ID 0x64; discarded 1 byte(s)
[00:43:22.103] BAD_PACKET[TCP_prs2026hitl_7100] unknown packet ID 0x69; discarded 1 byte(s)
[00:43:22.104] BAD_PACKET[TCP_prs2026hitl_7100] unknown packet ID 0x6e; discarded 1 byte(s)
[00:43:22.104] BAD_PACKET[TCP_prs2026hitl_7100] unknown packet ID 0x67; discarded 1 byte(s)
[00:43:22.104] BAD_PACKET[TCP_prs2026hitl_7100] unknown packet ID 0x20; discarded 1 byte(s)
[00:43:22.105] BAD_PACKET[TCP_prs2026hitl_7100] unknown packet ID 0x68; discarded 1 byte(s)
[00:43:22.105] BAD_PACKET[TCP_prs2026hitl_7100] unknown packet ID 0x65; discarded 1 byte(s)
[00:43:22.105] BAD_PACKET[TCP_prs2026hitl_7100] unknown packet ID 0x61; discarded 1 byte(s)
[00:43:22.106] BAD_PACKET[TCP_prs2026hitl_7100] unknown packet ID 0x72; discarded 1 byte(s)
[00:43:22.107] BAD_PACKET[TCP_prs2026hitl_7100] unknown packet ID 0x74; discarded 1 byte(s)
[00:43:22.107] BAD_PACKET[TCP_prs2026hitl_7100] unknown packet ID 0x62; discarded 1 byte(s)
[00:43:22.107] BAD_PACKET[TCP_prs2026hitl_7100] unknown packet ID 0x65; discarded 1 byte(s)
[00:43:22.108] BAD_PACKET[TCP_prs2026hitl_7100] unknown packet ID 0x61; discarded 1 byte(s)
[00:43:22.108] BAD_PACKET[TCP_prs2026hitl_7100] unknown packet ID 0x74; discarded 1 byte(s)
[00:43:22.109] BAD_PACKET[TCP_prs2026hitl_7100] unknown packet ID 0x20; discarded 1 byte(s)
[00:43:22.109] BAD_PACKET[TCP_prs2026hitl_7100] unknown packet ID 0x28; discarded 1 byte(s)
[00:43:22.110] BAD_PACKET[TCP_prs2026hitl_7100] unknown packet ID 0x38; discarded 1 byte(s)
[00:43:22.110] BAD_PACKET[TCP_prs2026hitl_7100] unknown packet ID 0x20; discarded 1 byte(s)
[00:43:22.110] BAD_PACKET[TCP_prs2026hitl_7100] unknown packet ID 0x62; discarded 1 byte(s)
[00:43:22.111] BAD_PACKET[TCP_prs2026hitl_7100] unknown packet ID 0x79; discarded 1 byte(s)
[00:43:22.111] BAD_PACKET[TCP_prs2026hitl_7100] unknown packet ID 0x74; discarded 1 byte(s)
[00:43:22.112] BAD_PACKET[TCP_prs2026hitl_7100] unknown packet ID 0x65; discarded 1 byte(s)
[00:43:22.112] BAD_PACKET[TCP_prs2026hitl_7100] unknown packet ID 0x73; discarded 1 byte(s)
[00:43:22.112] BAD_PACKET[TCP_prs2026hitl_7100] unknown packet ID 0x29; discarded 1 byte(s)
[00:43:22.112] BAD_PACKET[TCP_prs2026hitl_7100] unknown packet ID 0x0d; discarded 1 byte(s)
[00:43:22.114] BAD_PACKET[TCP_prs2026hitl_7100] unknown packet ID 0x0a; discarded 1 byte(s)
[00:43:22.164] RX[TCP_prs2026hitl_7100]  49 20 28 31 37 38 30 33 34 36 29 20 61 70 65 72 74 75 72 65 3a 20 48 65 61 72 74 62 65 61 74 20 73 65 6e 74 0d 0a
[00:43:22.165] BAD_PACKET[TCP_prs2026hitl_7100] unknown packet ID 0x49; discarded 1 byte(s)
[00:43:22.166] BAD_PACKET[TCP_prs2026hitl_7100] unknown packet ID 0x20; discarded 1 byte(s)
[00:43:22.167] BAD_PACKET[TCP_prs2026hitl_7100] unknown packet ID 0x28; discarded 1 byte(s)
[00:43:22.167] BAD_PACKET[TCP_prs2026hitl_7100] unknown packet ID 0x31; discarded 1 byte(s)
[00:43:22.168] BAD_PACKET[TCP_prs2026hitl_7100] unknown packet ID 0x37; discarded 1 byte(s)
[00:43:22.169] BAD_PACKET[TCP_prs2026hitl_7100] unknown packet ID 0x38; discarded 1 byte(s)
[00:43:22.170] BAD_PACKET[TCP_prs2026hitl_7100] unknown packet ID 0x30; discarded 1 byte(s)
[00:43:22.170] BAD_PACKET[TCP_prs2026hitl_7100] unknown packet ID 0x33; discarded 1 byte(s)
[00:43:22.170] BAD_PACKET[TCP_prs2026hitl_7100] unknown packet ID 0x34; discarded 1 byte(s)
[00:43:22.171] BAD_PACKET[TCP_prs2026hitl_7100] unknown packet ID 0x36; discarded 1 byte(s)
[00:43:22.171] BAD_PACKET[TCP_prs2026hitl_7100] unknown packet ID 0x29; discarded 1 byte(s)
[00:43:22.172] BAD_PACKET[TCP_prs2026hitl_7100] unknown packet ID 0x20; discarded 1 byte(s)
[00:43:22.172] BAD_PACKET[TCP_prs2026hitl_7100] unknown packet ID 0x61; discarded 1 byte(s)
[00:43:22.172] BAD_PACKET[TCP_prs2026hitl_7100] unknown packet ID 0x70; discarded 1 byte(s)
[00:43:22.173] BAD_PACKET[TCP_prs2026hitl_7100] unknown packet ID 0x65; discarded 1 byte(s)
[00:43:22.173] BAD_PACKET[TCP_prs2026hitl_7100] unknown packet ID 0x72; discarded 1 byte(s)
[00:43:22.173] BAD_PACKET[TCP_prs2026hitl_7100] unknown packet ID 0x74; discarded 1 byte(s)
[00:43:22.174] BAD_PACKET[TCP_prs2026hitl_7100] unknown packet ID 0x75; discarded 1 byte(s)
[00:43:22.174] BAD_PACKET[TCP_prs2026hitl_7100] unknown packet ID 0x72; discarded 1 byte(s)
[00:43:22.174] BAD_PACKET[TCP_prs2026hitl_7100] unknown packet ID 0x65; discarded 1 byte(s)
[00:43:22.174] BAD_PACKET[TCP_prs2026hitl_7100] unknown packet ID 0x3a; discarded 1 byte(s)
[00:43:22.175] BAD_PACKET[TCP_prs2026hitl_7100] unknown packet ID 0x20; discarded 1 byte(s)
[00:43:22.175] BAD_PACKET[TCP_prs2026hitl_7100] unknown packet ID 0x48; discarded 1 byte(s)
[00:43:22.175] BAD_PACKET[TCP_prs2026hitl_7100] unknown packet ID 0x65; discarded 1 byte(s)
[00:43:22.176] BAD_PACKET[TCP_prs2026hitl_7100] unknown packet ID 0x61; discarded 1 byte(s)
[00:43:22.176] BAD_PACKET[TCP_prs2026hitl_7100] unknown packet ID 0x72; discarded 1 byte(s)
[00:43:22.176] BAD_PACKET[TCP_prs2026hitl_7100] unknown packet ID 0x74; discarded 1 byte(s)
[00:43:22.177] BAD_PACKET[TCP_prs2026hitl_7100] unknown packet ID 0x62; discarded 1 byte(s)
[00:43:22.177] BAD_PACKET[TCP_prs2026hitl_7100] unknown packet ID 0x65; discarded 1 byte(s)
[00:43:22.177] BAD_PACKET[TCP_prs2026hitl_7100] unknown packet ID 0x61; discarded 1 byte(s)
[00:43:22.178] BAD_PACKET[TCP_prs2026hitl_7100] unknown packet ID 0x74; discarded 1 byte(s)
[00:43:22.178] BAD_PACKET[TCP_prs2026hitl_7100] unknown packet ID 0x20; discarded 1 byte(s)
[00:43:22.179] BAD_PACKET[TCP_prs2026hitl_7100] unknown packet ID 0x73; discarded 1 byte(s)
[00:43:22.179] BAD_PACKET[TCP_prs2026hitl_7100] unknown packet ID 0x65; discarded 1 byte(s)
[00:43:22.179] BAD_PACKET[TCP_prs2026hitl_7100] unknown packet ID 0x6e; discarded 1 byte(s)
[00:43:22.180] BAD_PACKET[TCP_prs2026hitl_7100] unknown packet ID 0x74; discarded 1 byte(s)
[00:43:22.180] BAD_PACKET[TCP_prs2026hitl_7100] unknown packet ID 0x0d; discarded 1 byte(s)
[00:43:22.181] BAD_PACKET[TCP_prs2026hitl_7100] unknown packet ID 0x0a; discarded 1 byte(s)
[00:43:22.181] RX[COM10]  01
[00:43:22.182] RX[COM10]  6e 00 00 00 8f 32 00 01 56 00 03 7b ff 9b e0 ff d5 00 15 00 27 0a
[00:43:22.183] PACKET[COM10] sensors: status=28160, uptime=36658, filtered_accel=[0.01368, 0.03564, -1.02528], gyro=[-3.01, 1.47, 2.73]
[00:43:22.242] RX[COM10]  01
[00:43:22.243] RX[COM10]  6e 00 00 00 8f 96 00 01 56 00 03 93 ff 9b ec ff d5 00 16 00 28 0a
[00:43:22.244] PACKET[COM10] sensors: status=28160, uptime=36758, filtered_accel=[0.01368, 0.0366, -1.0248], gyro=[-3.01, 1.54, 2.8]
[00:43:22.360] RX[COM10]  01
[00:43:22.363] RX[COM10]  6e 00 00 00 8f fa 00 01 6e 00 03 c4 ff 9c 29 ff d5 00 15 00 27 0a
[00:43:22.365] PACKET[COM10] sensors: status=28160, uptime=36858, filtered_accel=[0.01464, 0.03856, -1.02236], gyro=[-3.01, 1.47, 2.73]
[00:43:22.421] RX[COM10]  01
[00:43:22.422] RX[COM10]  6e 00 00 00 90 5e 00 01 56 00 03 7b ff 9b ec ff d6 00 17 00 28 0a
[00:43:22.423] PACKET[COM10] sensors: status=28160, uptime=36958, filtered_accel=[0.01368, 0.03564, -1.0248], gyro=[-2.94, 1.61, 2.8]
[00:43:22.527] RX[COM10]  01
[00:43:22.528] RX[COM10]  66 00 00 00 90 c2 00 01 62 00 03 93 ff 9b d4 ff d4 00 15 00 28 0a
[00:43:22.529] PACKET[COM10] sensors: status=26112, uptime=37058, filtered_accel=[0.01416, 0.0366, -1.02576], gyro=[-3.08, 1.47, 2.8]
[00:43:22.638] RX[COM10]  01
[00:43:22.639] RX[COM10]  66 00 00 00 91 26 00 01 49 00 03 c4 ff 9b 5a ff d4 00 16 00 28 0a 03 00 00 00 00 00 00 00 00 00 19 29 9d 00 00 00 14 40 0a
[00:43:22.640] PACKET[COM10] sensors: status=26112, uptime=37158, filtered_accel=[0.01316, 0.03856, -1.03064], gyro=[-3.08, 1.54, 2.8]
[00:43:22.640] PACKET[COM10] camera: fc_status=0, fc_uptime=0, status=0, uptime=1649053, current_sense=[0.0, 0.0, 0.0], iris_battery_voltage=5.184
[00:43:22.692] RX[COM10]  02
[00:43:22.695] RX[COM10]  66 00 00 00 91 6c 00 00 00 00 00 00 00 00 00 00 00 00 00 00 00 00 00 00 00 00 00 00 00 00 00 00 00 00 00 00 00 00 00 00 00 00 00 00 00 00 00 00 00 00 00 00 00 00 00 00 43 68 30 98 13 f0 0a ff 67 00 00 00 91 6c 0a
[00:43:22.696] PACKET[COM10] state: status=26112, uptime=37228, orientation=[0.0, 0.0, 0.0, 0.0], position=[0.0, 0.0, 0.0], velocity=[0.0, 0.0, 0.0], latitude=0.0, longitude=0.0, gps_altitude=0.0, barometric_altitude=232.189819, witness_battery_voltage=5.104
[00:43:22.696] PACKET[COM10] heartbeat: status=26368, uptime=37228
[00:43:22.867] RX[COM10]  01
[00:43:22.868] RX[COM10]  6f 00 00 00 91 ee 00 01 6e 00 03 93 ff 9c 1d ff fd 00 01 ff fd 0a
[00:43:22.869] PACKET[COM10] sensors: status=28416, uptime=37358, filtered_accel=[0.01464, 0.0366, -1.02284], gyro=[-0.21, 0.07, -0.21]
[00:43:22.870] RX[TCP_prs2026hitl_7100]  02 66 00 00 00 91 6c 00 00 00 00 00 00 00 00 00 00 00 00 00 00 00 00 00 00 00 00 00 00 00 00 00 00 00 00 00 00 00 00 00 00 00 00 00 00 00 00 00 00 00 00 00 00 00 00 00 00 43 68 30 98 13 f0 0a
[00:43:22.871] PACKET[TCP_prs2026hitl_7100] state: status=26112, uptime=37228, orientation=[0.0, 0.0, 0.0, 0.0], position=[0.0, 0.0, 0.0], velocity=[0.0, 0.0, 0.0], latitude=0.0, longitude=0.0, gps_altitude=0.0, barometric_altitude=232.189819, witness_battery_voltage=5.104
[00:43:22.933] RX[COM10]  01
[00:43:22.935] RX[COM10]  6f 00 00 00 92 52 00 01 56 00 03 9f ff 9b f8 ff d4 00 15 00 27 0a
[00:43:22.936] PACKET[COM10] sensors: status=28416, uptime=37458, filtered_accel=[0.01368, 0.03708, -1.02432], gyro=[-3.08, 1.47, 2.73]
[00:43:23.044] RX[COM10]  01
[00:43:23.050] RX[COM10]  6f 00 00 00 92 b6 00 01 62 00 03 9f ff 9b f8 ff d5 00 14 00 27 0a
[00:43:23.057] PACKET[COM10] sensors: status=28416, uptime=37558, filtered_accel=[0.01416, 0.03708, -1.02432], gyro=[-3.01, 1.4, 2.73]
[00:43:23.110] RX[TCP_prs2026hitl_7100]  49 20 28 31 37 38 31 33 30 36 29 20 61 70 65 72 74 75 72 65 3a 20 53 65 6e 64 69 6e 67 20 68 65 61 72 74 62 65 61 74 20 28 38 20 62 79 74 65 73 29 0d 0a
[00:43:23.111] BAD_PACKET[TCP_prs2026hitl_7100] unknown packet ID 0x49; discarded 1 byte(s)
[00:43:23.112] BAD_PACKET[TCP_prs2026hitl_7100] unknown packet ID 0x20; discarded 1 byte(s)
[00:43:23.112] BAD_PACKET[TCP_prs2026hitl_7100] unknown packet ID 0x28; discarded 1 byte(s)
[00:43:23.113] BAD_PACKET[TCP_prs2026hitl_7100] unknown packet ID 0x31; discarded 1 byte(s)
[00:43:23.113] BAD_PACKET[TCP_prs2026hitl_7100] unknown packet ID 0x37; discarded 1 byte(s)
[00:43:23.114] BAD_PACKET[TCP_prs2026hitl_7100] unknown packet ID 0x38; discarded 1 byte(s)
[00:43:23.114] BAD_PACKET[TCP_prs2026hitl_7100] unknown packet ID 0x31; discarded 1 byte(s)
[00:43:23.115] BAD_PACKET[TCP_prs2026hitl_7100] unknown packet ID 0x33; discarded 1 byte(s)
[00:43:23.115] BAD_PACKET[TCP_prs2026hitl_7100] unknown packet ID 0x30; discarded 1 byte(s)
[00:43:23.115] BAD_PACKET[TCP_prs2026hitl_7100] unknown packet ID 0x36; discarded 1 byte(s)
[00:43:23.116] BAD_PACKET[TCP_prs2026hitl_7100] unknown packet ID 0x29; discarded 1 byte(s)
[00:43:23.116] BAD_PACKET[TCP_prs2026hitl_7100] unknown packet ID 0x20; discarded 1 byte(s)
[00:43:23.116] BAD_PACKET[TCP_prs2026hitl_7100] unknown packet ID 0x61; discarded 1 byte(s)
[00:43:23.117] BAD_PACKET[TCP_prs2026hitl_7100] unknown packet ID 0x70; discarded 1 byte(s)
[00:43:23.118] BAD_PACKET[TCP_prs2026hitl_7100] unknown packet ID 0x65; discarded 1 byte(s)
[00:43:23.118] BAD_PACKET[TCP_prs2026hitl_7100] unknown packet ID 0x72; discarded 1 byte(s)
[00:43:23.119] BAD_PACKET[TCP_prs2026hitl_7100] unknown packet ID 0x74; discarded 1 byte(s)
[00:43:23.119] BAD_PACKET[TCP_prs2026hitl_7100] unknown packet ID 0x75; discarded 1 byte(s)
[00:43:23.120] BAD_PACKET[TCP_prs2026hitl_7100] unknown packet ID 0x72; discarded 1 byte(s)
[00:43:23.120] BAD_PACKET[TCP_prs2026hitl_7100] unknown packet ID 0x65; discarded 1 byte(s)
[00:43:23.120] BAD_PACKET[TCP_prs2026hitl_7100] unknown packet ID 0x3a; discarded 1 byte(s)
[00:43:23.121] BAD_PACKET[TCP_prs2026hitl_7100] unknown packet ID 0x20; discarded 1 byte(s)
[00:43:23.121] BAD_PACKET[TCP_prs2026hitl_7100] unknown packet ID 0x53; discarded 1 byte(s)
[00:43:23.122] BAD_PACKET[TCP_prs2026hitl_7100] unknown packet ID 0x65; discarded 1 byte(s)
[00:43:23.122] BAD_PACKET[TCP_prs2026hitl_7100] unknown packet ID 0x6e; discarded 1 byte(s)
[00:43:23.122] BAD_PACKET[TCP_prs2026hitl_7100] unknown packet ID 0x64; discarded 1 byte(s)
[00:43:23.123] BAD_PACKET[TCP_prs2026hitl_7100] unknown packet ID 0x69; discarded 1 byte(s)
[00:43:23.123] BAD_PACKET[TCP_prs2026hitl_7100] unknown packet ID 0x6e; discarded 1 byte(s)
[00:43:23.123] BAD_PACKET[TCP_prs2026hitl_7100] unknown packet ID 0x67; discarded 1 byte(s)
[00:43:23.123] BAD_PACKET[TCP_prs2026hitl_7100] unknown packet ID 0x20; discarded 1 byte(s)
[00:43:23.124] BAD_PACKET[TCP_prs2026hitl_7100] unknown packet ID 0x68; discarded 1 byte(s)
[00:43:23.125] BAD_PACKET[TCP_prs2026hitl_7100] unknown packet ID 0x65; discarded 1 byte(s)
[00:43:23.126] BAD_PACKET[TCP_prs2026hitl_7100] unknown packet ID 0x61; discarded 1 byte(s)
[00:43:23.127] BAD_PACKET[TCP_prs2026hitl_7100] unknown packet ID 0x72; discarded 1 byte(s)
[00:43:23.127] BAD_PACKET[TCP_prs2026hitl_7100] unknown packet ID 0x74; discarded 1 byte(s)
[00:43:23.128] BAD_PACKET[TCP_prs2026hitl_7100] unknown packet ID 0x62; discarded 1 byte(s)
[00:43:23.128] BAD_PACKET[TCP_prs2026hitl_7100] unknown packet ID 0x65; discarded 1 byte(s)
[00:43:23.129] BAD_PACKET[TCP_prs2026hitl_7100] unknown packet ID 0x61; discarded 1 byte(s)
[00:43:23.129] BAD_PACKET[TCP_prs2026hitl_7100] unknown packet ID 0x74; discarded 1 byte(s)
[00:43:23.129] BAD_PACKET[TCP_prs2026hitl_7100] unknown packet ID 0x20; discarded 1 byte(s)
[00:43:23.130] BAD_PACKET[TCP_prs2026hitl_7100] unknown packet ID 0x28; discarded 1 byte(s)
[00:43:23.130] BAD_PACKET[TCP_prs2026hitl_7100] unknown packet ID 0x38; discarded 1 byte(s)
[00:43:23.130] BAD_PACKET[TCP_prs2026hitl_7100] unknown packet ID 0x20; discarded 1 byte(s)
[00:43:23.131] BAD_PACKET[TCP_prs2026hitl_7100] unknown packet ID 0x62; discarded 1 byte(s)
[00:43:23.131] BAD_PACKET[TCP_prs2026hitl_7100] unknown packet ID 0x79; discarded 1 byte(s)
[00:43:23.132] BAD_PACKET[TCP_prs2026hitl_7100] unknown packet ID 0x74; discarded 1 byte(s)
[00:43:23.132] BAD_PACKET[TCP_prs2026hitl_7100] unknown packet ID 0x65; discarded 1 byte(s)
[00:43:23.132] BAD_PACKET[TCP_prs2026hitl_7100] unknown packet ID 0x73; discarded 1 byte(s)
[00:43:23.133] BAD_PACKET[TCP_prs2026hitl_7100] unknown packet ID 0x29; discarded 1 byte(s)
[00:43:23.133] BAD_PACKET[TCP_prs2026hitl_7100] unknown packet ID 0x0d; discarded 1 byte(s)
[00:43:23.134] BAD_PACKET[TCP_prs2026hitl_7100] unknown packet ID 0x0a; discarded 1 byte(s)
[00:43:23.134] RX[COM10]  01
[00:43:23.135] RX[COM10]  6f 00 00 00 93 1a 00 01 56 00 03 93 ff 9b e0 ff d4 00 15 00 28 0a
[00:43:23.136] PACKET[COM10] sensors: status=28416, uptime=37658, filtered_accel=[0.01368, 0.0366, -1.02528], gyro=[-3.08, 1.47, 2.8]
[00:43:23.137] RX[TCP_prs2026hitl_7100]  49 20 28 31 37 38 31 33 34 36 29 20 61 70 65 72 74 75 72 65 3a 20 48 65 61 72 74 62 65 61 74 20 73 65 6e 74 0d 0a
[00:43:23.137] BAD_PACKET[TCP_prs2026hitl_7100] unknown packet ID 0x49; discarded 1 byte(s)
[00:43:23.138] BAD_PACKET[TCP_prs2026hitl_7100] unknown packet ID 0x20; discarded 1 byte(s)
[00:43:23.138] BAD_PACKET[TCP_prs2026hitl_7100] unknown packet ID 0x28; discarded 1 byte(s)
[00:43:23.138] BAD_PACKET[TCP_prs2026hitl_7100] unknown packet ID 0x31; discarded 1 byte(s)
[00:43:23.139] BAD_PACKET[TCP_prs2026hitl_7100] unknown packet ID 0x37; discarded 1 byte(s)
[00:43:23.139] BAD_PACKET[TCP_prs2026hitl_7100] unknown packet ID 0x38; discarded 1 byte(s)
[00:43:23.139] BAD_PACKET[TCP_prs2026hitl_7100] unknown packet ID 0x31; discarded 1 byte(s)
[00:43:23.140] BAD_PACKET[TCP_prs2026hitl_7100] unknown packet ID 0x33; discarded 1 byte(s)
[00:43:23.140] BAD_PACKET[TCP_prs2026hitl_7100] unknown packet ID 0x34; discarded 1 byte(s)
[00:43:23.140] BAD_PACKET[TCP_prs2026hitl_7100] unknown packet ID 0x36; discarded 1 byte(s)
[00:43:23.141] BAD_PACKET[TCP_prs2026hitl_7100] unknown packet ID 0x29; discarded 1 byte(s)
[00:43:23.141] BAD_PACKET[TCP_prs2026hitl_7100] unknown packet ID 0x20; discarded 1 byte(s)
[00:43:23.141] BAD_PACKET[TCP_prs2026hitl_7100] unknown packet ID 0x61; discarded 1 byte(s)
[00:43:23.142] BAD_PACKET[TCP_prs2026hitl_7100] unknown packet ID 0x70; discarded 1 byte(s)
[00:43:23.142] BAD_PACKET[TCP_prs2026hitl_7100] unknown packet ID 0x65; discarded 1 byte(s)
[00:43:23.142] BAD_PACKET[TCP_prs2026hitl_7100] unknown packet ID 0x72; discarded 1 byte(s)
[00:43:23.143] BAD_PACKET[TCP_prs2026hitl_7100] unknown packet ID 0x74; discarded 1 byte(s)
[00:43:23.143] BAD_PACKET[TCP_prs2026hitl_7100] unknown packet ID 0x75; discarded 1 byte(s)
[00:43:23.144] BAD_PACKET[TCP_prs2026hitl_7100] unknown packet ID 0x72; discarded 1 byte(s)
[00:43:23.144] BAD_PACKET[TCP_prs2026hitl_7100] unknown packet ID 0x65; discarded 1 byte(s)
[00:43:23.144] BAD_PACKET[TCP_prs2026hitl_7100] unknown packet ID 0x3a; discarded 1 byte(s)
[00:43:23.145] BAD_PACKET[TCP_prs2026hitl_7100] unknown packet ID 0x20; discarded 1 byte(s)
[00:43:23.145] BAD_PACKET[TCP_prs2026hitl_7100] unknown packet ID 0x48; discarded 1 byte(s)
[00:43:23.145] BAD_PACKET[TCP_prs2026hitl_7100] unknown packet ID 0x65; discarded 1 byte(s)
[00:43:23.146] BAD_PACKET[TCP_prs2026hitl_7100] unknown packet ID 0x61; discarded 1 byte(s)
[00:43:23.146] BAD_PACKET[TCP_prs2026hitl_7100] unknown packet ID 0x72; discarded 1 byte(s)
[00:43:23.146] BAD_PACKET[TCP_prs2026hitl_7100] unknown packet ID 0x74; discarded 1 byte(s)
[00:43:23.147] BAD_PACKET[TCP_prs2026hitl_7100] unknown packet ID 0x62; discarded 1 byte(s)
[00:43:23.147] BAD_PACKET[TCP_prs2026hitl_7100] unknown packet ID 0x65; discarded 1 byte(s)
[00:43:23.147] BAD_PACKET[TCP_prs2026hitl_7100] unknown packet ID 0x61; discarded 1 byte(s)
[00:43:23.148] BAD_PACKET[TCP_prs2026hitl_7100] unknown packet ID 0x74; discarded 1 byte(s)
[00:43:23.148] BAD_PACKET[TCP_prs2026hitl_7100] unknown packet ID 0x20; discarded 1 byte(s)
[00:43:23.148] BAD_PACKET[TCP_prs2026hitl_7100] unknown packet ID 0x73; discarded 1 byte(s)
[00:43:23.149] BAD_PACKET[TCP_prs2026hitl_7100] unknown packet ID 0x65; discarded 1 byte(s)
[00:43:23.149] BAD_PACKET[TCP_prs2026hitl_7100] unknown packet ID 0x6e; discarded 1 byte(s)
[00:43:23.149] BAD_PACKET[TCP_prs2026hitl_7100] unknown packet ID 0x74; discarded 1 byte(s)
[00:43:23.149] BAD_PACKET[TCP_prs2026hitl_7100] unknown packet ID 0x0d; discarded 1 byte(s)
[00:43:23.150] BAD_PACKET[TCP_prs2026hitl_7100] unknown packet ID 0x0a; discarded 1 byte(s)
[00:43:23.257] RX[COM10]  01
[00:43:23.259] RX[COM10]  67 00 00 00 93 7e 00 01 56 00 03 93 ff 9b e0 ff d4 00 15 00 27 0a
[00:43:23.266] PACKET[COM10] sensors: status=26368, uptime=37758, filtered_accel=[0.01368, 0.0366, -1.02528], gyro=[-3.08, 1.47, 2.73]
