packet_index,byte_offset,packet_id,packet_type,frame_length,time_seconds,record_version,status_byte0,heartbeat_phase,low_g_valid,gyro_valid,imu_temperature_valid,flash_init_failed,high_g_valid,barometer_valid,logging_failed,sequence,uptime,low_accel_x,low_accel_y,low_accel_z,high_accel_x,high_accel_y,high_accel_z,gyro_x,gyro_y,gyro_z,lsm6_temperature,pressure,ms5607_temperature,barometric_altitude,witness_battery_voltage,raw_packet_hex
0,0,WL,flash_sample,48,13.748,1,111,1,1,1,1,0,1,1,0,0,13748,0.034648,0.031232,-1.028216,0.041668,-0.010417,-1.343793,-3.15,1.47,2.8,51.72265625,98330,51.64,252.384719849,5.124,57 4c 01 6f 00 00 00 00 00 00 35 b4 00 47 00 40 f7 c5 00 04 ff ff ff 7f ff d3 00 15 00 28 1a b9 00 01 80 1a 00 00 14 2c 43 7c 62 7d 00 00 14 04
1,48,WL,flash_sample,48,13.768,1,111,1,1,1,1,0,1,1,0,1,13768,0.035136,0.031232,-1.02724,0.072919,-0.020834,-1.364627,-3.15,1.54,2.8,51.75,98330,51.68,252.384719849,5.124,57 4c 01 6f 00 00 00 01 00 00 35 c8 00 48 00 40 f7 c7 00 07 ff fe ff 7d ff d3 00 16 00 28 1a c0 00 01 80 1a 00 00 14 30 43 7c 62 7d 00 00 14 04
2,96,WL,flash_sample,48,13.788,1,111,1,1,1,1,0,1,1,0,2,13788,0.035136,0.03172,-1.027728,0.052085,-0.010417,-1.364627,-3.15,1.54,2.8,51.734375,98330,51.73,252.384719849,5.124,57 4c 01 6f 00 00 00 02 00 00 35 dc 00 48 00 41 f7 c6 00 05 ff ff ff 7d ff d3 00 16 00 28 1a bc 00 01 80 1a 00 00 14 35 43 7c 62 7d 00 00 14 04
3,144,WL,flash_sample,48,13.808,1,111,1,1,1,1,0,1,1,0,3,13808,0.035136,0.03172,-1.027728,0.052085,-0.010417,-1.364627,-3.15,1.54,2.8,51.734375,98330,51.73,252.384719849,5.124,57 4c 01 6f 00 00 00 03 00 00 35 f0 00 48 00 41 f7 c6 00 05 ff ff ff 7d ff d3 00 16 00 28 1a bc 00 01 80 1a 00 00 14 35 43 7c 62 7d 00 00 14 04
4,192,WL,flash_sample,48,13.828,1,111,1,1,1,1,0,1,1,0,4,13828,0.035136,0.03172,-1.027728,0.052085,-0.010417,-1.364627,-3.15,1.54,2.8,51.734375,98330,51.73,252.384719849,5.124,57 4c 01 6f 00 00 00 04 00 00 36 04 00 48 00 41 f7 c6 00 05 ff ff ff 7d ff d3 00 16 00 28 1a bc 00 01 80 1a 00 00 14 35 43 7c 62 7d 00 00 14 04
5,240,WL,flash_sample,48,13.848,1,111,1,1,1,1,0,1,1,0,5,13848,0.035136,0.03172,-1.027728,0.052085,-0.010417,-1.364627,-3.15,1.54,2.8,51.734375,98330,51.73,252.384719849,5.124,57 4c 01 6f 00 00 00 05 00 00 36 18 00 48 00 41 f7 c6 00 05 ff ff ff 7d ff d3 00 16 00 28 1a bc 00 01 80 1a 00 00 14 35 43 7c 62 7d 00 00 14 04
6,288,WL,flash_sample,48,13.871,1,65,1,0,0,0,0,0,1,0,6,13871,0.035624,0.032696,-1.026264,0.020834,-0.010417,-1.343793,-0.21,-0.49,0.28,51.734375,98336,51.78,251.874755859,5.136,57 4c 01 41 00 00 00 06 00 00 36 2f 00 49 00 43 f7 c9 00 02 ff ff ff 7f ff fd ff f9 00 04 1a bc 00 01 80 20 00 00 14 3a 43 7b df f0 00 00 14 10
7,336,WL,flash_sample,48,13.888,1,111,1,1,1,1,0,1,1,0,7,13888,0.035624,0.03172,-1.026264,0.020834,0.0,-1.375044,-1.26,-0.56,2.03,51.69921875,98328,51.62,252.556472778,5.136,57 4c 01 6f 00 00 00 07 00 00 36 40 00 49 00 41 f7 c9 00 02 00 00 ff 7c ff ee ff f8 00 1d 1a b3 00 01 80 18 00 00 14 2a 43 7c 8e 75 00 00 14 10
8,384,WL,flash_sample,48,13.908,1,111,1,1,1,1,0,1,1,0,8,13908,0.035624,0.032208,-1.026752,0.010417,-0.031251,-1.343793,-2.24,0.14,3.01,51.734375,98332,51.68,252.215606689,5.136,57 4c 01 6f 00 00 00 08 00 00 36 54 00 49 00 42 f7 c8 00 01 ff fd ff 7f ff e0 00 02 00 2b 1a bc 00 01 80 1c 00 00 14 30 43 7c 37 32 00 00 14 10
9,432,WL,flash_sample,48,13.928,1,103,1,1,1,0,0,1,1,0,9,13928,0.03416,0.030744,-1.02968,0.052085,0.0,-1.343793,-3.15,1.47,2.8,51.7578125,98329,51.74,252.471908569,5.116,57 4c 01 67 00 00 00 09 00 00 36 68 00 46 00 3f f7 c2 00 05 00 00 ff 7f ff d3 00 15 00 28 1a c2 00 01 80 19 00 00 14 36 43 7c 78 cf 00 00 13 fc
10,480,WL,flash_sample,48,13.948,1,103,1,1,1,0,0,1,1,0,10,13948,0.034648,0.032696,-1.031632,0.072919,-0.020834,-1.35421,-3.15,1.47,2.8,51.71484375,98335,51.78,251.959320068,5.116,57 4c 01 67 00 00 00 0a 00 00 36 7c 00 47 00 43 f7 be 00 07 ff fe ff 7e ff d3 00 15 00 28 1a b7 00 01 80 1f 00 00 14 3a 43 7b f5 96 00 00 13 fc
11,528,WL,flash_sample,48,13.969,1,103,1,1,1,0,0,1,1,0,11,13969,0.034648,0.032696,-1.02724,0.083336,-0.020834,-1.343793,-3.08,1.54,2.8,51.734375,98334,51.83,252.043869019,5.116,57 4c 01 67 00 00 00 0b 00 00 36 91 00 47 00 43 f7 c7 00 08 ff fe ff 7f ff d4 00 16 00 28 1a bc 00 01 80 1e 00 00 14 3f 43 7c 0b 3b 00 00 13 fc
12,576,WL,flash_sample,48,13.988,1,111,1,1,1,1,0,1,1,0,12,13988,0.035624,0.031232,-1.028704,0.062502,0.031251,-1.364627,-3.15,1.54,2.8,51.7734375,98335,51.87,251.959320068,5.116,57 4c 01 6f 00 00 00 0c 00 00 36 a4 00 49 00 40 f7 c4 00 06 00 03 ff 7d ff d3 00 16 00 28 1a c6 00 01 80 1f 00 00 14 43 43 7b f5 96 00 00 13 fc
13,624,WL,flash_sample,48,14.008,1,111,1,1,1,1,0,1,1,0,13,14008,0.035624,0.032208,-1.02724,0.072919,0.010417,-1.35421,-3.08,1.54,2.8,51.7578125,98336,51.92,251.874755859,5.116,57 4c 01 6f 00 00 00 0d 00 00 36 b8 00 49 00 42 f7 c7 00 07 00 01 ff 7e ff d4 00 16 00 28 1a c2 00 01 80 20 00 00 14 48 43 7b df f0 00 00 13 fc
14,672,WL,flash_sample,48,14.028,1,111,1,1,1,1,0,1,1,0,14,14028,0.035136,0.03172,-1.027728,0.052085,0.010417,-1.35421,-3.15,1.54,2.8,51.80859375,98338,51.95,251.703018188,5.112,57 4c 01 6f 00 00 00 0e 00 00 36 cc 00 48 00 41 f7 c6 00 05 00 01 ff 7e ff d3 00 16 00 28 1a cf 00 01 80 22 00 00 14 4b 43 7b b3 f9 00 00 13 f8
15,720,WL,flash_sample,48,14.048,1,111,1,1,1,1,0,1,1,0,15,14048,0.035136,0.031232,-1.02724,0.052085,-0.020834,-1.35421,-3.15,1.54,2.8,51.73828125,98338,51.95,251.703018188,5.112,57 4c 01 6f 00 00 00 0f 00 00 36 e0 00 48 00 40 f7 c7 00 05 ff fe ff 7e ff d3 00 16 00 28 1a bd 00 01 80 22 00 00 14 4b 43 7b b3 f9 00 00 13 f8
16,768,WL,flash_sample,48,14.068,1,111,1,1,1,1,0,1,1,0,16,14068,0.035136,0.031232,-1.02724,0.052085,-0.020834,-1.35421,-3.15,1.54,2.8,51.73828125,98338,51.95,251.703018188,5.112,57 4c 01 6f 00 00 00 10 00 00 36 f4 00 48 00 40 f7 c7 00 05 ff fe ff 7e ff d3 00 16 00 28 1a bd 00 01 80 22 00 00 14 4b 43 7b b3 f9 00 00 13 f8
17,816,WL,flash_sample,48,14.088,1,111,1,1,1,1,0,1,1,0,17,14088,0.035136,0.031232,-1.02724,0.052085,-0.020834,-1.35421,-3.15,1.54,2.8,51.73828125,98338,51.95,251.703018188,5.112,57 4c 01 6f 00 00 00 11 00 00 37 08 00 48 00 40 f7 c7 00 05 ff fe ff 7e ff d3 00 16 00 28 1a bd 00 01 80 22 00 00 14 4b 43 7b b3 f9 00 00 13 f8
18,864,WL,flash_sample,48,14.108,1,111,1,1,1,1,0,1,1,0,18,14108,0.035136,0.031232,-1.02724,0.052085,-0.020834,-1.35421,-3.15,1.54,2.8,51.73828125,98338,51.95,251.703018188,5.112,57 4c 01 6f 00 00 00 12 00 00 37 1c 00 48 00 40 f7 c7 00 05 ff fe ff 7e ff d3 00 16 00 28 1a bd 00 01 80 22 00 00 14 4b 43 7b b3 f9 00 00 13 f8
19,912,WL,flash_sample,48,14.128,1,111,1,1,1,1,0,1,1,0,19,14128,0.036112,0.031232,-1.026264,0.052085,-0.031251,-1.364627,-0.49,-0.98,1.19,51.78515625,98343,51.99,251.277603149,5.136,57 4c 01 6f 00 00 00 13 00 00 37 30 00 4a 00 40 f7 c9 00 05 ff fd ff 7d ff f9 ff f2 00 11 1a c9 00 01 80 27 00 00 14 4f 43 7b 47 11 00 00 14 10
20,960,WL,flash_sample,48,14.148,1,111,1,1,1,1,0,1,1,0,20,14148,0.035624,0.03172,-1.026752,0.052085,-0.020834,-1.364627,-1.61,-0.28,2.45,51.80078125,98333,51.78,252.131057739,5.136,57 4c 01 6f 00 00 00 14 00 00 37 44 00 49 00 41 f7 c8 00 05 ff fe ff 7d ff e9 ff fc 00 23 1a cd 00 01 80 1d 00 00 14 3a 43 7c 21 8d 00 00 14 10
21,1008,WL,flash_sample,48,14.168,1,103,1,1,1,0,0,1,1,0,21,14168,0.035624,0.031232,-1.02724,0.041668,-0.020834,-1.375044,-3.01,1.33,3.01,51.75390625,98334,51.83,252.043869019,5.136,57 4c 01 67 00 00 00 15 00 00 37 58 00 49 00 40 f7 c7 00 04 ff fe ff 7c ff d5 00 13 00 2b 1a c1 00 01 80 1e 00 00 14 3f 43 7c 0b 3b 00 00 14 10
22,1056,WL,flash_sample,48,14.188,1,103,1,1,1,0,0,1,1,0,22,14188,0.035624,0.03172,-1.02724,0.052085,-0.031251,-1.333376,-3.15,1.54,2.8,51.77734375,98333,51.87,252.131057739,5.136,57 4c 01 67 00 00 00 16 00 00 37 6c 00 49 00 41 f7 c7 00 05 ff fd ff 80 ff d3 00 16 00 28 1a c7 00 01 80 1d 00 00 14 43 43 7c 21 8d 00 00 14 10
23,1104,WL,flash_sample,48,14.208,1,111,1,1,1,1,0,1,1,0,23,14208,0.035624,0.03172,-1.028216,0.010417,-0.020834,-1.364627,-3.15,1.54,2.8,51.82421875,98335,51.91,251.959320068,5.136,57 4c 01 6f 00 00 00 17 00 00 37 80 00 49 00 41 f7 c5 00 01 ff fe ff 7d ff d3 00 16 00 28 1a d3 00 01 80 1f 00 00 14 47 43 7b f5 96 00 00 14 10
24,1152,WL,flash_sample,48,14.228,1,111,1,1,1,1,0,1,1,0,24,14228,0.035624,0.032208,-1.028216,0.062502,-0.031251,-1.343793,-3.15,1.54,2.8,51.80078125,98334,51.95,252.043869019,5.132,57 4c 01 6f 00 00 00 18 00 00 37 94 00 49 00 42 f7 c5 00 06 ff fd ff 7f ff d3 00 16 00 28 1a cd 00 01 80 1e 00 00 14 4b 43 7c 0b 3b 00 00 14 0c
25,1200,WL,flash_sample,48,14.249,1,110,0,1,1,1,0,1,1,0,25,14249,0.035624,0.032208,-1.027728,0.083336,0.0,-1.343793,-3.08,1.47,2.8,51.7890625,98335,51.99,251.959320068,5.132,57 4c 01 6e 00 00 00 19 00 00 37 a9 00 49 00 42 f7 c6 00 08 00 00 ff 7f ff d4 00 15 00 28 1a ca 00 01 80 1f 00 00 14 4f 43 7b f5 96 00 00 14 0c
26,1248,WL,flash_sample,48,14.268,1,110,0,1,1,1,0,1,1,0,26,14268,0.034648,0.03172,-1.02724,0.020834,0.020834,-1.375044,-3.15,1.47,2.8,51.7890625,98338,52.03,251.703018188,5.132,57 4c 01 6e 00 00 00 1a 00 00 37 bc 00 47 00 41 f7 c7 00 02 00 02 ff 7c ff d3 00 15 00 28 1a ca 00 01 80 22 00 00 14 53 43 7b b3 f9 00 00 14 0c
27,1296,WL,flash_sample,48,14.288,1,102,0,1,1,0,0,1,1,0,27,14288,0.036112,0.03172,-1.027728,0.031251,-0.020834,-1.322959,-3.08,1.54,2.8,51.78125,98341,52.06,251.446716309,5.132,57 4c 01 66 00 00 00 1b 00 00 37 d0 00 4a 00 41 f7 c6 00 03 ff fe ff 81 ff d4 00 16 00 28 1a c8 00 01 80 25 00 00 14 56 43 7b 72 5c 00 00 14 0c
28,1344,WL,flash_sample,48,14.308,1,102,0,1,1,0,0,1,1,0,28,14308,0.036112,0.03172,-1.027728,0.031251,-0.020834,-1.322959,-3.08,1.54,2.8,51.78125,98341,52.06,251.446716309,5.132,57 4c 01 66 00 00 00 1c 00 00 37 e4 00 4a 00 41 f7 c6 00 03 ff fe ff 81 ff d4 00 16 00 28 1a c8 00 01 80 25 00 00 14 56 43 7b 72 5c 00 00 14 0c
29,1392,WL,flash_sample,48,14.328,1,102,0,1,1,0,0,1,1,0,29,14328,0.036112,0.03172,-1.027728,0.031251,-0.020834,-1.322959,-3.08,1.54,2.8,51.78125,98341,52.06,251.446716309,5.132,57 4c 01 66 00 00 00 1d 00 00 37 f8 00 4a 00 41 f7 c6 00 03 ff fe ff 81 ff d4 00 16 00 28 1a c8 00 01 80 25 00 00 14 56 43 7b 72 5c 00 00 14 0c
30,1440,WL,flash_sample,48,14.348,1,102,0,1,1,0,0,1,1,0,30,14348,0.036112,0.03172,-1.027728,0.031251,-0.020834,-1.322959,-3.08,1.54,2.8,51.78125,98341,52.06,251.446716309,5.132,57 4c 01 66 00 00 00 1e 00 00 38 0c 00 4a 00 41 f7 c6 00 03 ff fe ff 81 ff d4 00 16 00 28 1a c8 00 01 80 25 00 00 14 56 43 7b 72 5c 00 00 14 0c
31,1488,WL,flash_sample,48,14.37,1,110,0,1,1,1,0,1,1,0,31,14370,0.035624,0.03172,-1.026752,0.041668,0.0,-1.302125,-0.21,0.07,-0.28,51.80859375,98346,52.09,251.02130127,5.132,57 4c 01 6e 00 00 00 1f 00 00 38 22 00 49 00 41 f7 c8 00 04 00 00 ff 83 ff fd 00 01 ff fc 1a cf 00 01 80 2a 00 00 14 59 43 7b 05 74 00 00 14 0c
32,1536,WL,flash_sample,48,14.388,1,110,0,1,1,1,0,1,1,0,32,14388,0.035624,0.03172,-1.026752,0.041668,0.0,-1.302125,-0.21,0.07,-0.28,51.80859375,98346,52.09,251.02130127,5.132,57 4c 01 6e 00 00 00 20 00 00 38 34 00 49 00 41 f7 c8 00 04 00 00 ff 83 ff fd 00 01 ff fc 1a cf 00 01 80 2a 00 00 14 59 43 7b 05 74 00 00 14 0c
33,1584,WL,flash_sample,48,14.408,1,110,0,1,1,1,0,1,1,0,33,14408,0.035624,0.03172,-1.026752,0.041668,0.0,-1.302125,-0.21,0.07,-0.28,51.80859375,98346,52.09,251.02130127,5.132,57 4c 01 6e 00 00 00 21 00 00 38 48 00 49 00 41 f7 c8 00 04 00 00 ff 83 ff fd 00 01 ff fc 1a cf 00 01 80 2a 00 00 14 59 43 7b 05 74 00 00 14 0c
34,1632,WL,flash_sample,48,14.428,1,110,0,1,1,1,0,1,1,0,34,14428,0.035624,0.03172,-1.026752,0.041668,0.0,-1.302125,-0.21,0.07,-0.28,51.80859375,98346,52.09,251.02130127,5.132,57 4c 01 6e 00 00 00 22 00 00 38 5c 00 49 00 41 f7 c8 00 04 00 00 ff 83 ff fd 00 01 ff fc 1a cf 00 01 80 2a 00 00 14 59 43 7b 05 74 00 00 14 0c
35,1680,WL,flash_sample,48,14.448,1,110,0,1,1,1,0,1,1,0,35,14448,0.035624,0.03172,-1.026752,0.041668,0.0,-1.302125,-0.21,0.07,-0.28,51.80859375,98346,52.09,251.02130127,5.132,57 4c 01 6e 00 00 00 23 00 00 38 70 00 49 00 41 f7 c8 00 04 00 00 ff 83 ff fd 00 01 ff fc 1a cf 00 01 80 2a 00 00 14 59 43 7b 05 74 00 00 14 0c
36,1728,WL,flash_sample,48,14.468,1,110,0,1,1,1,0,1,1,0,36,14468,0.035624,0.03172,-1.026752,0.041668,0.0,-1.302125,-0.21,0.07,-0.28,51.80859375,98346,52.09,251.02130127,5.132,57 4c 01 6e 00 00 00 24 00 00 38 84 00 49 00 41 f7 c8 00 04 00 00 ff 83 ff fd 00 01 ff fc 1a cf 00 01 80 2a 00 00 14 59 43 7b 05 74 00 00 14 0c
37,1776,WL,flash_sample,48,14.488,1,110,0,1,1,1,0,1,1,0,37,14488,0.035624,0.03172,-1.026752,0.041668,0.0,-1.302125,-0.21,0.07,-0.28,51.80859375,98346,52.09,251.02130127,5.132,57 4c 01 6e 00 00 00 25 00 00 38 98 00 49 00 41 f7 c8 00 04 00 00 ff 83 ff fd 00 01 ff fc 1a cf 00 01 80 2a 00 00 14 59 43 7b 05 74 00 00 14 0c
38,1824,WL,flash_sample,48,14.508,1,110,0,1,1,1,0,1,1,0,38,14508,0.035624,0.032208,-1.026264,0.052085,-0.020834,-1.333376,-0.21,0.0,-0.35,51.7890625,98346,52.09,251.02130127,5.132,57 4c 01 6e 00 00 00 26 00 00 38 ac 00 49 00 42 f7 c9 00 05 ff fe ff 80 ff fd 00 00 ff fb 1a ca 00 01 80 2a 00 00 14 59 43 7b 05 74 00 00 14 0c
39,1872,WL,flash_sample,48,14.528,1,110,0,1,1,1,0,1,1,0,39,14528,0.035624,0.032208,-1.026264,0.052085,-0.020834,-1.333376,-0.21,0.0,-0.35,51.7890625,98346,52.09,251.02130127,5.132,57 4c 01 6e 00 00 00 27 00 00 38 c0 00 49 00 42 f7 c9 00 05 ff fe ff 80 ff fd 00 00 ff fb 1a ca 00 01 80 2a 00 00 14 59 43 7b 05 74 00 00 14 0c
40,1920,WL,flash_sample,48,14.55,1,110,0,1,1,1,0,1,1,0,40,14550,0.035624,0.032208,-1.025776,0.041668,0.010417,-1.333376,-0.21,0.07,-0.35,51.83203125,98395,51.86,246.8412323,5.14,57 4c 01 6e 00 00 00 28 00 00 38 d6 00 49 00 42 f7 ca 00 04 00 01 ff 80 ff fd 00 01 ff fb 1a d5 00 01 80 5b 00 00 14 42 43 76 d7 5b 00 00 14 14
41,1968,WL,flash_sample,48,14.568,1,110,0,1,1,1,0,1,1,0,41,14568,0.035624,0.032208,-1.025776,0.041668,0.010417,-1.333376,-0.21,0.07,-0.35,51.83203125,98395,51.86,246.8412323,5.14,57 4c 01 6e 00 00 00 29 00 00 38 e8 00 49 00 42 f7 ca 00 04 00 01 ff 80 ff fd 00 01 ff fb 1a d5 00 01 80 5b 00 00 14 42 43 76 d7 5b 00 00 14 14
42,2016,WL,flash_sample,48,14.588,1,110,0,1,1,1,0,1,1,0,42,14588,0.035624,0.032208,-1.025776,0.041668,0.010417,-1.333376,-0.21,0.07,-0.35,51.83203125,98395,51.86,246.8412323,5.14,57 4c 01 6e 00 00 00 2a 00 00 38 fc 00 49 00 42 f7 ca 00 04 00 01 ff 80 ff fd 00 01 ff fb 1a d5 00 01 80 5b 00 00 14 42 43 76 d7 5b 00 00 14 14
43,2064,WL,flash_sample,48,14.608,1,110,0,1,1,1,0,1,1,0,43,14608,0.035624,0.032208,-1.025776,0.041668,0.010417,-1.333376,-0.21,0.07,-0.35,51.83203125,98395,51.86,246.8412323,5.14,57 4c 01 6e 00 00 00 2b 00 00 39 10 00 49 00 42 f7 ca 00 04 00 01 ff 80 ff fd 00 01 ff fb 1a d5 00 01 80 5b 00 00 14 42 43 76 d7 5b 00 00 14 14
44,2112,WL,flash_sample,48,14.633,1,64,0,0,0,0,0,0,1,0,44,14633,0.035136,0.03172,-1.026752,0.052085,-0.031251,-1.375044,-0.21,-0.56,0.28,51.75390625,98395,51.86,246.8412323,5.124,57 4c 01 40 00 00 00 2c 00 00 39 29 00 48 00 41 f7 c8 00 05 ff fd ff 7c ff fd ff f8 00 04 1a c1 00 01 80 5b 00 00 14 42 43 76 d7 5b 00 00 14 04
45,2160,WL,flash_sample,48,14.648,1,102,0,1,1,0,0,1,1,0,45,14648,0.035624,0.031232,-1.02724,0.062502,-0.020834,-1.333376,-1.19,-0.56,2.03,51.828125,98337,51.53,251.787567139,5.136,57 4c 01 66 00 00 00 2d 00 00 39 38 00 49 00 40 f7 c7 00 06 ff fe ff 80 ff ef ff f8 00 1d 1a d4 00 01 80 21 00 00 14 21 43 7b c9 9e 00 00 14 10
46,2208,WL,flash_sample,48,14.668,1,102,0,1,1,0,0,1,1,0,46,14668,0.036112,0.030744,-1.02724,0.072919,0.010417,-1.322959,-2.24,0.21,3.08,51.84765625,98322,51.49,253.069061279,5.136,57 4c 01 66 00 00 00 2e 00 00 39 4c 00 4a 00 3f f7 c7 00 07 00 01 ff 81 ff e0 00 03 00 2c 1a d9 00 01 80 12 00 00 14 1d 43 7d 11 ae 00 00 14 10
47,2256,WL,flash_sample,48,14.688,1,110,0,1,1,1,0,1,1,0,47,14688,0.035624,0.032208,-1.027728,0.010417,0.0,-1.35421,-3.08,1.47,2.87,51.83984375,98325,51.56,252.812774658,5.136,57 4c 01 6e 00 00 00 2f 00 00 39 60 00 49 00 42 f7 c6 00 01 00 00 ff 7e ff d4 00 15 00 29 1a d7 00 01 80 15 00 00 14 24 43 7c d0 12 00 00 14 10
48,2304,WL,flash_sample,48,14.708,1,110,0,1,1,1,0,1,1,0,48,14708,0.035624,0.032208,-1.028704,0.031251,-0.031251,-1.343793,-3.15,1.54,2.8,51.82421875,98325,51.63,252.812774658,5.136,57 4c 01 6e 00 00 00 30 00 00 39 74 00 49 00 42 f7 c4 00 03 ff fd ff 7f ff d3 00 16 00 28 1a d3 00 01 80 15 00 00 14 2b 43 7c d0 12 00 00 14 10
49,2352,WL,flash_sample,48,14.729,1,110,0,1,1,1,0,1,1,0,49,14729,0.035624,0.03172,-1.028216,0.052085,-0.031251,-1.343793,-3.08,1.47,2.87,51.83984375,98329,51.69,252.471908569,5.124,57 4c 01 6e 00 00 00 31 00 00 39 89 00 49 00 41 f7 c5 00 05 ff fd ff 7f ff d4 00 15 00 29 1a d7 00 01 80 19 00 00 14 31 43 7c 78 cf 00 00 14 04
50,2400,WL,flash_sample,48,14.748,1,102,0,1,1,0,0,1,1,0,50,14748,0.035136,0.031232,-1.027728,0.041668,-0.020834,-1.35421,-3.08,1.54,2.8,51.84765625,98327,51.75,252.641021729,5.124,57 4c 01 66 00 00 00 32 00 00 39 9c 00 48 00 40 f7 c6 00 04 ff fe ff 7e ff d4 00 16 00 28 1a d9 00 01 80 17 00 00 14 37 43 7c a4 1a 00 00 14 04
51,2448,WL,flash_sample,48,14.768,1,102,0,1,1,0,0,1,1,0,51,14768,0.035624,0.032208,-1.028704,0.020834,-0.031251,-1.364627,-3.08,1.54,2.73,51.82421875,98330,51.8,252.384719849,5.124,57 4c 01 66 00 00 00 33 00 00 39 b0 00 49 00 42 f7 c4 00 02 ff fd ff 7d ff d4 00 16 00 27 1a d3 00 01 80 1a 00 00 14 3c 43 7c 62 7d 00 00 14 04
52,2496,WL,flash_sample,48,14.788,1,102,0,1,1,0,0,1,1,0,52,14788,0.035136,0.032208,-1.02724,0.020834,-0.010417,-1.364627,-3.15,1.47,2.87,51.8671875,98330,51.85,252.384719849,5.124,57 4c 01 66 00 00 00 34 00 00 39 c4 00 48 00 42 f7 c7 00 02 ff ff ff 7d ff d3 00 15 00 29 1a de 00 01 80 1a 00 00 14 41 43 7c 62 7d 00 00 14 04
53,2544,WL,flash_sample,48,14.808,1,110,0,1,1,1,0,1,1,0,53,14808,0.035624,0.032208,-1.028704,0.041668,0.0,-1.35421,-3.15,1.61,2.8,51.85546875,98333,51.9,252.131057739,5.124,57 4c 01 6e 00 00 00 35 00 00 39 d8 00 49 00 42 f7 c4 00 04 00 00 ff 7e ff d3 00 17 00 28 1a db 00 01 80 1d 00 00 14 46 43 7c 21 8d 00 00 14 04
54,2592,WL,flash_sample,48,14.828,1,110,0,1,1,1,0,1,1,0,54,14828,0.035624,0.032208,-1.028704,0.041668,0.0,-1.35421,-3.15,1.61,2.8,51.85546875,98333,51.9,252.131057739,5.124,57 4c 01 6e 00 00 00 36 00 00 39 ec 00 49 00 42 f7 c4 00 04 00 00 ff 7e ff d3 00 17 00 28 1a db 00 01 80 1d 00 00 14 46 43 7c 21 8d 00 00 14 04
55,2640,WL,flash_sample,48,14.848,1,110,0,1,1,1,0,1,1,0,55,14848,0.035624,0.032208,-1.028704,0.041668,0.0,-1.35421,-3.15,1.61,2.8,51.85546875,98333,51.9,252.131057739,5.124,57 4c 01 6e 00 00 00 37 00 00 3a 00 00 49 00 42 f7 c4 00 04 00 00 ff 7e ff d3 00 17 00 28 1a db 00 01 80 1d 00 00 14 46 43 7c 21 8d 00 00 14 04
56,2688,WL,flash_sample,48,14.868,1,110,0,1,1,1,0,1,1,0,56,14868,0.035624,0.032208,-1.028704,0.041668,0.0,-1.35421,-3.15,1.61,2.8,51.85546875,98333,51.9,252.131057739,5.124,57 4c 01 6e 00 00 00 38 00 00 3a 14 00 49 00 42 f7 c4 00 04 00 00 ff 7e ff d3 00 17 00 28 1a db 00 01 80 1d 00 00 14 46 43 7c 21 8d 00 00 14 04
57,2736,WL,flash_sample,48,14.888,1,102,0,1,1,0,0,1,1,0,57,14888,0.035624,0.03172,-1.026752,0.052085,-0.031251,-1.35421,-0.49,-0.98,1.26,51.875,98369,51.95,249.060745239,5.112,57 4c 01 66 00 00 00 39 00 00 3a 28 00 49 00 41 f7 c8 00 05 ff fd ff 7e ff f9 ff f2 00 12 1a e0 00 01 80 41 00 00 14 4b 43 79 0f 8d 00 00 13 f8
58,2784,WL,flash_sample,48,14.908,1,102,0,1,1,0,0,1,1,0,58,14908,0.035624,0.03172,-1.02724,0.052085,-0.031251,-1.375044,-1.61,-0.28,2.45,51.8671875,98335,51.8,251.959320068,5.112,57 4c 01 66 00 00 00 3a 00 00 3a 3c 00 49 00 41 f7 c7 00 05 ff fd ff 7c ff e9 ff fc 00 23 1a de 00 01 80 1f 00 00 14 3c 43 7b f5 96 00 00 13 f8
59,2832,WL,flash_sample,48,14.928,1,110,0,1,1,1,0,1,1,0,59,14928,0.035136,0.03172,-1.02724,0.020834,0.010417,-1.333376,-3.08,1.33,3.01,51.88671875,98331,51.85,252.300170898,5.12,57 4c 01 6e 00 00 00 3b 00 00 3a 50 00 48 00 41 f7 c7 00 02 00 01 ff 80 ff d4 00 13 00 2b 1a e3 00 01 80 1b 00 00 14 41 43 7c 4c d8 00 00 14 00
60,2880,WL,flash_sample,48,14.948,1,110,0,1,1,1,0,1,1,0,60,14948,0.035136,0.03172,-1.027728,0.041668,-0.010417,-1.333376,-3.15,1.54,2.73,51.87890625,98335,51.9,251.959320068,5.12,57 4c 01 6e 00 00 00 3c 00 00 3a 64 00 48 00 41 f7 c6 00 04 ff ff ff 80 ff d3 00 16 00 27 1a e1 00 01 80 1f 00 00 14 46 43 7b f5 96 00 00 14 00
61,2928,WL,flash_sample,48,14.968,1,110,0,1,1,1,0,1,1,0,61,14968,0.035624,0.032208,-1.02724,0.072919,0.0,-1.364627,-3.08,1.54,2.8,51.8828125,98331,51.94,252.300170898,5.12,57 4c 01 6e 00 00 00 3d 00 00 3a 78 00 49 00 42 f7 c7 00 07 00 00 ff 7d ff d4 00 16 00 28 1a e2 00 01 80 1b 00 00 14 4a 43 7c 4c d8 00 00 14 00
62,2976,WL,flash_sample,48,14.988,1,102,0,1,1,0,0,1,1,0,62,14988,0.035624,0.03172,-1.027728,0.041668,-0.020834,-1.375044,-3.15,1.47,2.87,51.8828125,98332,51.98,252.215606689,5.12,57 4c 01 66 00 00 00 3e 00 00 3a 8c 00 49 00 41 f7 c6 00 04 ff fe ff 7c ff d3 00 15 00 29 1a e2 00 01 80 1c 00 00 14 4e 43 7c 37 32 00 00 14 00
63,3024,WL,flash_sample,48,15.008,1,102,0,1,1,0,0,1,1,0,63,15008,0.035624,0.03172,-1.027728,0.020834,0.010417,-1.364627,-3.15,1.54,2.87,51.8671875,98335,52.02,251.959320068,5.12,57 4c 01 66 00 00 00 3f 00 00 3a a0 00 49 00 41 f7 c6 00 02 00 01 ff 7d ff d3 00 16 00 29 1a de 00 01 80 1f 00 00 14 52 43 7b f5 96 00 00 14 00
64,3072,WL,flash_sample,48,15.028,1,110,0,1,1,1,0,1,1,0,64,15028,0.035624,0.032208,-1.028216,0.041668,0.0,-1.322959,-3.15,1.54,2.8,51.8828125,98335,52.06,251.959320068,5.124,57 4c 01 6e 00 00 00 40 00 00 3a b4 00 49 00 42 f7 c5 00 04 00 00 ff 81 ff d3 00 16 00 28 1a e2 00 01 80 1f 00 00 14 56 43 7b f5 96 00 00 14 04
65,3120,WL,flash_sample,48,15.048,1,110,0,1,1,1,0,1,1,0,65,15048,0.035624,0.03172,-1.02724,0.052085,-0.010417,-1.364627,-3.15,1.54,2.87,51.89453125,98336,52.09,251.874755859,5.124,57 4c 01 6e 00 00 00 41 00 00 3a c8 00 49 00 41 f7 c7 00 05 ff ff ff 7d ff d3 00 16 00 29 1a e5 00 01 80 20 00 00 14 59 43 7b df f0 00 00 14 04
66,3168,WL,flash_sample,48,15.068,1,110,0,1,1,1,0,1,1,0,66,15068,0.035624,0.03172,-1.02724,0.052085,-0.010417,-1.364627,-3.15,1.54,2.87,51.89453125,98336,52.09,251.874755859,5.124,57 4c 01 6e 00 00 00 42 00 00 3a dc 00 49 00 41 f7 c7 00 05 ff ff ff 7d ff d3 00 16 00 29 1a e5 00 01 80 20 00 00 14 59 43 7b df f0 00 00 14 04
67,3216,WL,flash_sample,48,15.088,1,110,0,1,1,1,0,1,1,0,67,15088,0.035624,0.03172,-1.02724,0.052085,-0.010417,-1.364627,-3.15,1.54,2.87,51.89453125,98336,52.09,251.874755859,5.124,57 4c 01 6e 00 00 00 43 00 00 3a f0 00 49 00 41 f7 c7 00 05 ff ff ff 7d ff d3 00 16 00 29 1a e5 00 01 80 20 00 00 14 59 43 7b df f0 00 00 14 04
68,3264,WL,flash_sample,48,15.108,1,110,0,1,1,1,0,1,1,0,68,15108,0.035624,0.03172,-1.02724,0.052085,-0.010417,-1.364627,-3.15,1.54,2.87,51.89453125,98336,52.09,251.874755859,5.124,57 4c 01 6e 00 00 00 44 00 00 3b 04 00 49 00 41 f7 c7 00 05 ff ff ff 7d ff d3 00 16 00 29 1a e5 00 01 80 20 00 00 14 59 43 7b df f0 00 00 14 04
69,3312,WL,flash_sample,48,15.131,1,110,0,1,1,1,0,1,1,0,69,15131,0.035136,0.032208,-1.026752,0.052085,-0.020834,-1.333376,-0.35,-1.05,0.98,51.91015625,98336,52.09,251.874755859,5.112,57 4c 01 6e 00 00 00 45 00 00 3b 1b 00 48 00 42 f7 c8 00 05 ff fe ff 80 ff fb ff f1 00 0e 1a e9 00 01 80 20 00 00 14 59 43 7b df f0 00 00 13 f8
70,3360,WL,flash_sample,48,15.148,1,110,0,1,1,1,0,1,1,0,70,15148,0.035624,0.03172,-1.026264,0.041668,-0.020834,-1.302125,-1.47,-0.35,2.31,51.86328125,98380,52.13,248.12272644,5.112,57 4c 01 6e 00 00 00 46 00 00 3b 2c 00 49 00 41 f7 c9 00 04 ff fe ff 83 ff eb ff fb 00 21 1a dd 00 01 80 4c 00 00 14 5d 43 78 1f 6b 00 00 13 f8
71,3408,WL,flash_sample,48,15.168,1,110,0,1,1,1,0,1,1,0,71,15168,0.035624,0.031232,-1.02724,0.0,0.0,-1.343793,-2.45,0.42,3.29,51.8828125,98339,51.94,251.618453979,5.112,57 4c 01 6e 00 00 00 47 00 00 3b 40 00 49 00 40 f7 c7 00 00 00 00 ff 7f ff dd 00 06 00 2f 1a e2 00 01 80 23 00 00 14 4a 43 7b 9e 53 00 00 13 f8
72,3456,WL,flash_sample,48,15.188,1,110,0,1,1,1,0,1,1,0,72,15188,0.035136,0.03172,-1.02724,0.041668,-0.031251,-1.322959,-3.15,1.47,2.8,51.9296875,98340,51.98,251.533905029,5.112,57 4c 01 6e 00 00 00 48 00 00 3b 54 00 48 00 41 f7 c7 00 04 ff fd ff 81 ff d3 00 15 00 28 1a ee 00 01 80 24 00 00 14 4e 43 7b 88 ae 00 00 13 f8
73,3504,WL,flash_sample,48,15.208,1,110,0,1,1,1,0,1,1,0,73,15208,0.034648,0.03172,-1.027728,0.031251,0.0,-1.385461,-3.08,1.54,2.8,51.90625,98337,52.02,251.787567139,5.112,57 4c 01 6e 00 00 00 49 00 00 3b 68 00 47 00 41 f7 c6 00 03 00 00 ff 7b ff d4 00 16 00 28 1a e8 00 01 80 21 00 00 14 52 43 7b c9 9e 00 00 13 f8
74,3552,WL,flash_sample,48,15.229,1,102,0,1,1,0,0,1,1,0,74,15229,0.035136,0.032208,-1.02724,0.062502,-0.041668,-1.312542,-3.15,1.54,2.8,51.88671875,98341,52.05,251.446716309,5.132,57 4c 01 66 00 00 00 4a 00 00 3b 7d 00 48 00 42 f7 c7 00 06 ff fc ff 82 ff d3 00 16 00 28 1a e3 00 01 80 25 00 00 14 55 43 7b 72 5c 00 00 14 0c
75,3600,WL,flash_sample,48,15.248,1,103,1,1,1,0,0,1,1,0,75,15248,0.035624,0.032208,-1.02724,0.072919,0.031251,-1.375044,-3.15,1.54,2.8,51.91796875,98339,52.09,251.618453979,5.132,57 4c 01 67 00 00 00 4b 00 00 3b 90 00 49 00 42 f7 c7 00 07 00 03 ff 7c ff d3 00 16 00 28 1a eb 00 01 80 23 00 00 14 59 43 7b 9e 53 00 00 14 0c
76,3648,WL,flash_sample,48,15.268,1,111,1,1,1,1,0,1,1,0,76,15268,0.036112,0.031232,-1.027728,0.041668,-0.031251,-1.375044,-3.15,1.54,2.8,51.9140625,98340,52.12,251.533905029,5.132,57 4c 01 6f 00 00 00 4c 00 00 3b a4 00 4a 00 40 f7 c6 00 04 ff fd ff 7c ff d3 00 16 00 28 1a ea 00 01 80 24 00 00 14 5c 43 7b 88 ae 00 00 14 0c
77,3696,WL,flash_sample,48,15.288,1,111,1,1,1,1,0,1,1,0,77,15288,0.036112,0.032208,-1.028216,0.041668,0.010417,-1.35421,-3.08,1.54,2.8,51.8984375,98344,52.16,251.193054199,5.132,57 4c 01 6f 00 00 00 4d 00 00 3b b8 00 4a 00 42 f7 c5 00 04 00 01 ff 7e ff d4 00 16 00 28 1a e6 00 01 80 28 00 00 14 60 43 7b 31 6c 00 00 14 0c
78,3744,WL,flash_sample,48,15.308,1,103,1,1,1,0,0,1,1,0,78,15308,0.035624,0.03172,-1.028216,0.010417,-0.031251,-1.343793,-3.08,1.54,2.8,51.8984375,98343,52.19,251.277603149,5.132,57 4c 01 67 00 00 00 4e 00 00 3b cc 00 49 00 41 f7 c5 00 01 ff fd ff 7f ff d4 00 16 00 28 1a e6 00 01 80 27 00 00 14 63 43 7b 47 11 00 00 14 0c
79,3792,WL,flash_sample,48,15.328,1,103,1,1,1,0,0,1,1,0,79,15328,0.035624,0.03172,-1.028216,0.010417,-0.031251,-1.343793,-3.08,1.54,2.8,51.8984375,98343,52.19,251.277603149,5.132,57 4c 01 67 00 00 00 4f 00 00 3b e0 00 49 00 41 f7 c5 00 01 ff fd ff 7f ff d4 00 16 00 28 1a e6 00 01 80 27 00 00 14 63 43 7b 47 11 00 00 14 0c
80,3840,WL,flash_sample,48,15.348,1,103,1,1,1,0,0,1,1,0,80,15348,0.035624,0.03172,-1.028216,0.010417,-0.031251,-1.343793,-3.08,1.54,2.8,51.8984375,98343,52.19,251.277603149,5.132,57 4c 01 67 00 00 00 50 00 00 3b f4 00 49 00 41 f7 c5 00 01 ff fd ff 7f ff d4 00 16 00 28 1a e6 00 01 80 27 00 00 14 63 43 7b 47 11 00 00 14 0c
81,3888,WL,flash_sample,48,15.368,1,103,1,1,1,0,0,1,1,0,81,15368,0.035624,0.03172,-1.028216,0.010417,-0.031251,-1.343793,-3.08,1.54,2.8,51.8984375,98343,52.19,251.277603149,5.132,57 4c 01 67 00 00 00 51 00 00 3c 08 00 49 00 41 f7 c5 00 01 ff fd ff 7f ff d4 00 16 00 28 1a e6 00 01 80 27 00 00 14 63 43 7b 47 11 00 00 14 0c
82,3936,WL,flash_sample,48,15.388,1,111,1,1,1,1,0,1,1,0,82,15388,0.035136,0.032208,-1.026264,0.020834,0.010417,-1.375044,-0.21,0.07,-0.35,51.875,98343,52.19,251.277603149,5.132,57 4c 01 6f 00 00 00 52 00 00 3c 1c 00 48 00 42 f7 c9 00 02 00 01 ff 7c ff fd 00 01 ff fb 1a e0 00 01 80 27 00 00 14 63 43 7b 47 11 00 00 14 0c
83,3984,WL,flash_sample,48,15.408,1,111,1,1,1,1,0,1,1,0,83,15408,0.035136,0.032208,-1.026264,0.020834,0.010417,-1.375044,-0.21,0.07,-0.35,51.875,98343,52.19,251.277603149,5.132,57 4c 01 6f 00 00 00 53 00 00 3c 30 00 48 00 42 f7 c9 00 02 00 01 ff 7c ff fd 00 01 ff fb 1a e0 00 01 80 27 00 00 14 63 43 7b 47 11 00 00 14 0c
84,4032,WL,flash_sample,48,15.428,1,111,1,1,1,1,0,1,1,0,84,15428,0.035136,0.032208,-1.026264,0.020834,0.010417,-1.375044,-0.21,0.07,-0.35,51.875,98343,52.19,251.277603149,5.132,57 4c 01 6f 00 00 00 54 00 00 3c 44 00 48 00 42 f7 c9 00 02 00 01 ff 7c ff fd 00 01 ff fb 1a e0 00 01 80 27 00 00 14 63 43 7b 47 11 00 00 14 0c
85,4080,WL,flash_sample,48,15.448,1,111,1,1,1,1,0,1,1,0,85,15448,0.035136,0.032208,-1.026264,0.020834,0.010417,-1.375044,-0.21,0.07,-0.35,51.875,98343,52.19,251.277603149,5.132,57 4c 01 6f 00 00 00 55 00 00 3c 58 00 48 00 42 f7 c9 00 02 00 01 ff 7c ff fd 00 01 ff fb 1a e0 00 01 80 27 00 00 14 63 43 7b 47 11 00 00 14 0c
86,4128,WL,flash_sample,48,15.468,1,111,1,1,1,1,0,1,1,0,86,15468,0.035136,0.032208,-1.026264,0.020834,0.010417,-1.375044,-0.21,0.07,-0.35,51.875,98343,52.19,251.277603149,5.132,57 4c 01 6f 00 00 00 56 00 00 3c 6c 00 48 00 42 f7 c9 00 02 00 01 ff 7c ff fd 00 01 ff fb 1a e0 00 01 80 27 00 00 14 63 43 7b 47 11 00 00 14 0c
87,4176,WL,flash_sample,48,15.488,1,111,1,1,1,1,0,1,1,0,87,15488,0.035136,0.032208,-1.026264,0.020834,0.010417,-1.375044,-0.21,0.07,-0.35,51.875,98343,52.19,251.277603149,5.132,57 4c 01 6f 00 00 00 57 00 00 3c 80 00 48 00 42 f7 c9 00 02 00 01 ff 7c ff fd 00 01 ff fb 1a e0 00 01 80 27 00 00 14 63 43 7b 47 11 00 00 14 0c
88,4224,WL,flash_sample,48,15.51,1,111,1,1,1,1,0,1,1,0,88,15510,0.035136,0.03172,-1.026264,0.0,-0.031251,-1.343793,-0.21,0.0,-0.35,51.90625,98391,52.22,247.1847229,5.156,57 4c 01 6f 00 00 00 58 00 00 3c 96 00 48 00 41 f7 c9 00 00 ff fd ff 7f ff fd 00 00 ff fb 1a e8 00 01 80 57 00 00 14 66 43 77 2f 4a 00 00 14 24
89,4272,WL,flash_sample,48,15.528,1,111,1,1,1,1,0,1,1,0,89,15528,0.035136,0.03172,-1.026264,0.0,-0.031251,-1.343793,-0.21,0.0,-0.35,51.90625,98391,52.22,247.1847229,5.156,57 4c 01 6f 00 00 00 59 00 00 3c a8 00 48 00 41 f7 c9 00 00 ff fd ff 7f ff fd 00 00 ff fb 1a e8 00 01 80 57 00 00 14 66 43 77 2f 4a 00 00 14 24
90,4320,WL,flash_sample,48,15.548,1,111,1,1,1,1,0,1,1,0,90,15548,0.035136,0.03172,-1.026264,0.0,-0.031251,-1.343793,-0.21,0.0,-0.35,51.90625,98391,52.22,247.1847229,5.156,57 4c 01 6f 00 00 00 5a 00 00 3c bc 00 48 00 41 f7 c9 00 00 ff fd ff 7f ff fd 00 00 ff fb 1a e8 00 01 80 57 00 00 14 66 43 77 2f 4a 00 00 14 24
91,4368,WL,flash_sample,48,15.568,1,111,1,1,1,1,0,1,1,0,91,15568,0.035136,0.03172,-1.02724,0.041668,0.010417,-1.322959,-0.21,-0.14,-0.14,51.9140625,98391,52.22,247.1847229,5.156,57 4c 01 6f 00 00 00 5b 00 00 3c d0 00 48 00 41 f7 c7 00 04 00 01 ff 81 ff fd ff fe ff fe 1a ea 00 01 80 57 00 00 14 66 43 77 2f 4a 00 00 14 24
92,4416,WL,flash_sample,48,15.588,1,111,1,1,1,1,0,1,1,0,92,15588,0.035136,0.03172,-1.02724,0.041668,0.010417,-1.322959,-0.21,-0.14,-0.14,51.9140625,98391,52.22,247.1847229,5.156,57 4c 01 6f 00 00 00 5c 00 00 3c e4 00 48 00 41 f7 c7 00 04 00 01 ff 81 ff fd ff fe ff fe 1a ea 00 01 80 57 00 00 14 66 43 77 2f 4a 00 00 14 24
93,4464,WL,flash_sample,48,15.608,1,111,1,1,1,1,0,1,1,0,93,15608,0.035136,0.03172,-1.02724,0.041668,0.010417,-1.322959,-0.21,-0.14,-0.14,51.9140625,98391,52.22,247.1847229,5.156,57 4c 01 6f 00 00 00 5d 00 00 3c f8 00 48 00 41 f7 c7 00 04 00 01 ff 81 ff fd ff fe ff fe 1a ea 00 01 80 57 00 00 14 66 43 77 2f 4a 00 00 14 24
94,4512,WL,flash_sample,48,15.628,1,111,1,1,1,1,0,1,1,0,94,15628,0.035136,0.03172,-1.02724,0.041668,0.010417,-1.322959,-0.21,-0.14,-0.14,51.9140625,98391,52.22,247.1847229,5.156,57 4c 01 6f 00 00 00 5e 00 00 3d 0c 00 48 00 41 f7 c7 00 04 00 01 ff 81 ff fd ff fe ff fe 1a ea 00 01 80 57 00 00 14 66 43 77 2f 4a 00 00 14 24
95,4560,WL,flash_sample,48,15.648,1,97,1,0,0,0,0,1,1,0,95,15648,0.035624,0.03172,-1.025776,0.083336,0.0,-1.333376,-0.56,-0.98,1.26,51.90625,98349,51.68,250.76499939,5.116,57 4c 01 61 00 00 00 5f 00 00 3d 20 00 49 00 41 f7 ca 00 08 00 00 ff 80 ff f8 ff f2 00 12 1a e8 00 01 80 2d 00 00 14 30 43 7a c3 d7 00 00 13 fc
96,4608,WL,flash_sample,48,15.668,1,111,1,1,1,1,0,1,1,0,96,15668,0.035624,0.03172,-1.02724,0.041668,0.0,-1.312542,-1.61,-0.21,2.45,51.9140625,98321,51.53,253.153625488,5.116,57 4c 01 6f 00 00 00 60 00 00 3d 34 00 49 00 41 f7 c7 00 04 00 00 ff 82 ff e9 ff fd 00 23 1a ea 00 01 80 11 00 00 14 21 43 7d 27 54 00 00 13 fc
97,4656,WL,flash_sample,48,15.688,1,103,1,1,1,0,0,1,1,0,97,15688,0.035624,0.032208,-1.027728,0.031251,0.010417,-1.375044,-3.08,1.4,2.94,51.9140625,98323,51.62,252.981872559,5.116,57 4c 01 67 00 00 00 61 00 00 3d 48 00 49 00 42 f7 c6 00 03 00 01 ff 7c ff d4 00 14 00 2a 1a ea 00 01 80 13 00 00 14 2a 43 7c fb 5c 00 00 13 fc
98,4704,WL,flash_sample,48,15.708,1,103,1,1,1,0,0,1,1,0,98,15708,0.035136,0.03172,-1.028216,0.062502,0.010417,-1.375044,-3.15,1.54,2.8,51.94921875,98328,51.69,252.556472778,5.116,57 4c 01 67 00 00 00 62 00 00 3d 5c 00 48 00 41 f7 c5 00 06 00 01 ff 7c ff d3 00 16 00 28 1a f3 00 01 80 18 00 00 14 31 43 7c 8e 75 00 00 13 fc
99,4752,WL,flash_sample,48,15.728,1,103,1,1,1,0,0,1,1,0,99,15728,0.034648,0.03172,-1.027728,0.031251,-0.031251,-1.322959,-3.08,1.47,2.87,51.95703125,98325,51.75,252.812774658,5.132,57 4c 01 67 00 00 00 63 00 00 3d 70 00 47 00 41 f7 c6 00 03 ff fd ff 81 ff d4 00 15 00 29 1a f5 00 01 80 15 00 00 14 37 43 7c d0 12 00 00 14 0c
100,4800,WL,flash_sample,48,15.748,1,111,1,1,1,1,0,1,1,0,100,15748,0.035624,0.03172,-1.02724,0.072919,0.0,-1.364627,-3.15,1.47,2.8,51.9140625,98327,51.81,252.641021729,5.132,57 4c 01 6f 00 00 00 64 00 00 3d 84 00 49 00 41 f7 c7 00 07 00 00 ff 7d ff d3 00 15 00 28 1a ea 00 01 80 17 00 00 14 3d 43 7c a4 1a 00 00 14 0c
101,4848,WL,flash_sample,48,15.768,1,111,1,1,1,1,0,1,1,0,101,15768,0.035624,0.032208,-1.028216,0.031251,-0.020834,-1.375044,-3.15,1.47,2.87,51.98046875,98328,51.87,252.556472778,5.132,57 4c 01 6f 00 00 00 65 00 00 3d 98 00 49 00 42 f7 c5 00 03 ff fe ff 7c ff d3 00 15 00 29 1a fb 00 01 80 18 00 00 14 43 43 7c 8e 75 00 00 14 0c
102,4896,WL,flash_sample,48,15.788,1,111,1,1,1,1,0,1,1,0,102,15788,0.035624,0.031232,-1.028216,0.041668,0.041668,-1.343793,-3.15,1.54,2.87,51.921875,98330,51.92,252.384719849,5.132,57 4c 01 6f 00 00 00 66 00 00 3d ac 00 49 00 40 f7 c5 00 04 00 04 ff 7f ff d3 00 16 00 29 1a ec 00 01 80 1a 00 00 14 48 43 7c 62 7d 00 00 14 0c
103,4944,WL,flash_sample,48,15.808,1,103,1,1,1,0,0,1,1,0,103,15808,0.035624,0.03172,-1.027728,0.020834,-0.010417,-1.35421,-3.15,1.54,2.8,51.94140625,98331,51.97,252.300170898,5.132,57 4c 01 67 00 00 00 67 00 00 3d c0 00 49 00 41 f7 c6 00 02 ff ff ff 7e ff d3 00 16 00 28 1a f1 00 01 80 1b 00 00 14 4d 43 7c 4c d8 00 00 14 0c
104,4992,WL,flash_sample,48,15.828,1,103,1,1,1,0,0,1,1,0,104,15828,0.035624,0.03172,-1.027728,0.020834,-0.010417,-1.35421,-3.15,1.54,2.8,51.94140625,98331,51.97,252.300170898,5.132,57 4c 01 67 00 00 00 68 00 00 3d d4 00 49 00 41 f7 c6 00 02 ff ff ff 7e ff d3 00 16 00 28 1a f1 00 01 80 1b 00 00 14 4d 43 7c 4c d8 00 00 14 0c
105,5040,WL,flash_sample,48,15.848,1,103,1,1,1,0,0,1,1,0,105,15848,0.035624,0.03172,-1.027728,0.020834,-0.010417,-1.35421,-3.15,1.54,2.8,51.94140625,98331,51.97,252.300170898,5.132,57 4c 01 67 00 00 00 69 00 00 3d e8 00 49 00 41 f7 c6 00 02 ff ff ff 7e ff d3 00 16 00 28 1a f1 00 01 80 1b 00 00 14 4d 43 7c 4c d8 00 00 14 0c
106,5088,WL,flash_sample,48,15.868,1,103,1,1,1,0,0,1,1,0,106,15868,0.035624,0.03172,-1.027728,0.020834,-0.010417,-1.35421,-3.15,1.54,2.8,51.94140625,98331,51.97,252.300170898,5.132,57 4c 01 67 00 00 00 6a 00 00 3d fc 00 49 00 41 f7 c6 00 02 ff ff ff 7e ff d3 00 16 00 28 1a f1 00 01 80 1b 00 00 14 4d 43 7c 4c d8 00 00 14 0c
107,5136,WL,flash_sample,48,15.891,1,65,1,0,0,0,0,0,1,0,107,15891,0.035136,0.032208,-1.026752,0.062502,0.0,-1.333376,-0.42,-1.05,1.12,51.94140625,98333,52.02,252.131057739,5.136,57 4c 01 41 00 00 00 6b 00 00 3e 13 00 48 00 42 f7 c8 00 06 00 00 ff 80 ff fa ff f1 00 10 1a f1 00 01 80 1d 00 00 14 52 43 7c 21 8d 00 00 14 10
108,5184,WL,flash_sample,48,15.908,1,111,1,1,1,1,0,1,1,0,108,15908,0.036112,0.03172,-1.027728,0.062502,-0.010417,-1.375044,-1.54,-0.35,2.38,51.97265625,98331,51.85,252.300170898,5.136,57 4c 01 6f 00 00 00 6c 00 00 3e 24 00 4a 00 41 f7 c6 00 06 ff ff ff 7c ff ea ff fb 00 22 1a f9 00 01 80 1b 00 00 14 41 43 7c 4c d8 00 00 14 10
109,5232,WL,flash_sample,48,15.928,1,103,1,1,1,0,0,1,1,0,109,15928,0.035624,0.031232,-1.027728,0.052085,-0.031251,-1.343793,-2.45,0.42,3.29,51.98046875,98331,51.91,252.300170898,5.12,57 4c 01 67 00 00 00 6d 00 00 3e 38 00 49 00 40 f7 c6 00 05 ff fd ff 7f ff dd 00 06 00 2f 1a fb 00 01 80 1b 00 00 14 47 43 7c 4c d8 00 00 14 00
110,5280,WL,flash_sample,48,15.948,1,103,1,1,1,0,0,1,1,0,110,15948,0.035624,0.032208,-1.027728,0.010417,0.0,-1.375044,-3.15,1.54,2.8,52.0,98333,51.96,252.131057739,5.12,57 4c 01 67 00 00 00 6e 00 00 3e 4c 00 49 00 42 f7 c6 00 01 00 00 ff 7c ff d3 00 16 00 28 1b 00 00 01 80 1d 00 00 14 4c 43 7c 21 8d 00 00 14 00
111,5328,WL,flash_sample,48,15.968,1,111,1,1,1,1,0,1,1,0,111,15968,0.035624,0.03172,-1.028216,0.072919,0.0,-1.312542,-3.08,1.47,2.87,51.95703125,98333,52.01,252.131057739,5.12,57 4c 01 6f 00 00 00 6f 00 00 3e 60 00 49 00 41 f7 c5 00 07 00 00 ff 82 ff d4 00 15 00 29 1a f5 00 01 80 1d 00 00 14 51 43 7c 21 8d 00 00 14 00
112,5376,WL,flash_sample,48,15.989,1,111,1,1,1,1,0,1,1,0,112,15989,0.035624,0.031232,-1.027728,0.052085,-0.031251,-1.343793,-3.15,1.54,2.8,51.95703125,98334,52.05,252.043869019,5.12,57 4c 01 6f 00 00 00 70 00 00 3e 75 00 49 00 40 f7 c6 00 05 ff fd ff 7f ff d3 00 16 00 28 1a f5 00 01 80 1e 00 00 14 55 43 7c 0b 3b 00 00 14 00
113,5424,WL,flash_sample,48,16.008,1,111,1,1,1,1,0,1,1,0,113,16008,0.034648,0.031232,-1.028216,0.020834,-0.010417,-1.375044,-3.08,1.47,2.8,51.97265625,98336,52.09,251.874755859,5.12,57 4c 01 6f 00 00 00 71 00 00 3e 88 00 47 00 40 f7 c5 00 02 ff ff ff 7c ff d4 00 15 00 28 1a f9 00 01 80 20 00 00 14 59 43 7b df f0 00 00 14 00
114,5472,WL,flash_sample,48,16.028,1,111,1,1,1,1,0,1,1,0,114,16028,0.0366,0.032208,-1.028216,0.020834,-0.020834,-1.343793,-3.15,1.54,2.8,51.95703125,98336,52.13,251.874755859,5.128,57 4c 01 6f 00 00 00 72 00 00 3e 9c 00 4b 00 42 f7 c5 00 02 ff fe ff 7f ff d3 00 16 00 28 1a f5 00 01 80 20 00 00 14 5d 43 7b df f0 00 00 14 08
115,5520,WL,flash_sample,48,16.048,1,103,1,1,1,0,0,1,1,0,115,16048,0.035136,0.032208,-1.02724,0.10417,0.010417,-1.333376,-3.22,1.54,2.8,51.97265625,98339,52.17,251.618453979,5.128,57 4c 01 67 00 00 00 73 00 00 3e b0 00 48 00 42 f7 c7 00 0a 00 01 ff 80 ff d2 00 16 00 28 1a f9 00 01 80 23 00 00 14 61 43 7b 9e 53 00 00 14 08
116,5568,WL,flash_sample,48,16.068,1,111,1,1,1,1,0,1,1,0,116,16068,0.036112,0.03172,-1.027728,0.031251,-0.052085,-1.343793,-3.15,1.54,2.8,51.94921875,98339,52.17,251.618453979,5.128,57 4c 01 6f 00 00 00 74 00 00 3e c4 00 4a 00 41 f7 c6 00 03 ff fb ff 7f ff d3 00 16 00 28 1a f3 00 01 80 23 00 00 14 61 43 7b 9e 53 00 00 14 08
117,5616,WL,flash_sample,48,16.088,1,111,1,1,1,1,0,1,1,0,117,16088,0.036112,0.03172,-1.027728,0.031251,-0.052085,-1.343793,-3.15,1.54,2.8,51.94921875,98339,52.17,251.618453979,5.128,57 4c 01 6f 00 00 00 75 00 00 3e d8 00 4a 00 41 f7 c6 00 03 ff fb ff 7f ff d3 00 16 00 28 1a f3 00 01 80 23 00 00 14 61 43 7b 9e 53 00 00 14 08
118,5664,WL,flash_sample,48,16.108,1,111,1,1,1,1,0,1,1,0,118,16108,0.036112,0.03172,-1.027728,0.031251,-0.052085,-1.343793,-3.15,1.54,2.8,51.94921875,98339,52.17,251.618453979,5.128,57 4c 01 6f 00 00 00 76 00 00 3e ec 00 4a 00 41 f7 c6 00 03 ff fb ff 7f ff d3 00 16 00 28 1a f3 00 01 80 23 00 00 14 61 43 7b 9e 53 00 00 14 08
119,5712,WL,flash_sample,48,16.128,1,111,1,1,1,1,0,1,1,0,119,16128,0.036112,0.03172,-1.027728,0.031251,-0.052085,-1.343793,-3.15,1.54,2.8,51.94921875,98339,52.17,251.618453979,5.128,57 4c 01 6f 00 00 00 77 00 00 3f 00 00 4a 00 41 f7 c6 00 03 ff fb ff 7f ff d3 00 16 00 28 1a f3 00 01 80 23 00 00 14 61 43 7b 9e 53 00 00 14 08
120,5760,WL,flash_sample,48,16.148,1,103,1,1,1,0,0,1,1,0,120,16148,0.034648,0.032208,-1.02724,0.031251,-0.031251,-1.343793,-0.84,-0.84,1.54,51.98046875,98346,52.2,251.02130127,5.144,57 4c 01 67 00 00 00 78 00 00 3f 14 00 47 00 42 f7 c7 00 03 ff fd ff 7f ff f4 ff f4 00 16 1a fb 00 01 80 2a 00 00 14 64 43 7b 05 74 00 00 14 18
121,5808,WL,flash_sample,48,16.168,1,103,1,1,1,0,0,1,1,0,121,16168,0.036112,0.03172,-1.028216,0.052085,-0.062502,-1.364627,-1.82,-0.07,2.66,51.96484375,98337,51.99,251.787567139,5.144,57 4c 01 67 00 00 00 79 00 00 3f 28 00 4a 00 41 f7 c5 00 05 ff fa ff 7d ff e6 ff ff 00 26 1a f7 00 01 80 21 00 00 14 4f 43 7b c9 9e 00 00 14 18
122,5856,WL,flash_sample,48,16.188,1,103,1,1,1,0,0,1,1,0,122,16188,0.035136,0.032696,-1.026264,0.010417,-0.031251,-1.35421,-2.87,0.84,3.29,52.0,98335,52.04,251.959320068,5.144,57 4c 01 67 00 00 00 7a 00 00 3f 3c 00 48 00 43 f7 c9 00 01 ff fd ff 7e ff d7 00 0c 00 2f 1b 00 00 01 80 1f 00 00 14 54 43 7b f5 96 00 00 14 18
123,5904,WL,flash_sample,48,16.208,1,111,1,1,1,1,0,1,1,0,123,16208,0.035624,0.03172,-1.028216,0.041668,0.0,-1.333376,-3.15,1.54,2.8,51.96484375,98335,52.08,251.959320068,5.144,57 4c 01 6f 00 00 00 7b 00 00 3f 50 00 49 00 41 f7 c5 00 04 00 00 ff 80 ff d3 00 16 00 28 1a f7 00 01 80 1f 00 00 14 58 43 7b f5 96 00 00 14 18
124,5952,WL,flash_sample,48,16.228,1,111,1,1,1,1,0,1,1,0,124,16228,0.035136,0.032208,-1.02724,0.041668,0.020834,-1.364627,-3.15,1.47,2.8,51.97265625,98337,52.12,251.787567139,5.132,57 4c 01 6f 00 00 00 7c 00 00 3f 64 00 48 00 42 f7 c7 00 04 00 02 ff 7d ff d3 00 15 00 28 1a f9 00 01 80 21 00 00 14 5c 43 7b c9 9e 00 00 14 0c
125,6000,WL,flash_sample,48,16.248,1,110,0,1,1,1,0,1,1,0,125,16248,0.035136,0.032208,-1.027728,0.062502,-0.031251,-1.312542,-3.08,1.47,2.8,51.98046875,98341,52.16,251.446716309,5.132,57 4c 01 6e 00 00 00 7d 00 00 3f 78 00 48 00 42 f7 c6 00 06 ff fd ff 82 ff d4 00 15 00 28 1a fb 00 01 80 25 00 00 14 60 43 7b 72 5c 00 00 14 0c
126,6048,WL,flash_sample,48,16.268,1,110,0,1,1,1,0,1,1,0,126,16268,0.035624,0.03172,-1.02724,0.020834,0.0,-1.35421,-3.08,1.47,2.8,52.0078125,98341,52.2,251.446716309,5.132,57 4c 01 6e 00 00 00 7e 00 00 3f 8c 00 49 00 41 f7 c7 00 02 00 00 ff 7e ff d4 00 15 00 28 1b 02 00 01 80 25 00 00 14 64 43 7b 72 5c 00 00 14 0c
127,6096,WL,flash_sample,48,16.288,1,102,0,1,1,0,0,1,1,0,127,16288,0.035624,0.032208,-1.027728,0.041668,0.0,-1.364627,-3.15,1.54,2.8,51.95703125,98338,52.23,251.703018188,5.132,57 4c 01 66 00 00 00 7f 00 00 3f a0 00 49 00 42 f7 c6 00 04 00 00 ff 7d ff d3 00 16 00 28 1a f5 00 01 80 22 00 00 14 67 43 7b b3 f9 00 00 14 0c
128,6144,WL,flash_sample,48,16.308,1,102,0,1,1,0,0,1,1,0,128,16308,0.035624,0.03172,-1.027728,0.041668,-0.031251,-1.35421,-3.08,1.47,2.87,52.03515625,98343,52.27,251.277603149,5.132,57 4c 01 66 00 00 00 80 00 00 3f b4 00 49 00 41 f7 c6 00 04 ff fd ff 7e ff d4 00 15 00 29 1b 09 00 01 80 27 00 00 14 6b 43 7b 47 11 00 00 14 0c
129,6192,WL,flash_sample,48,16.328,1,102,0,1,1,0,0,1,1,0,129,16328,0.035624,0.03172,-1.027728,0.041668,-0.031251,-1.35421,-3.08,1.47,2.87,52.03515625,98343,52.27,251.277603149,5.132,57 4c 01 66 00 00 00 81 00 00 3f c8 00 49 00 41 f7 c6 00 04 ff fd ff 7e ff d4 00 15 00 29 1b 09 00 01 80 27 00 00 14 6b 43 7b 47 11 00 00 14 0c
130,6240,WL,flash_sample,48,16.348,1,102,0,1,1,0,0,1,1,0,130,16348,0.035624,0.03172,-1.027728,0.041668,-0.031251,-1.35421,-3.08,1.47,2.87,52.03515625,98343,52.27,251.277603149,5.132,57 4c 01 66 00 00 00 82 00 00 3f dc 00 49 00 41 f7 c6 00 04 ff fd ff 7e ff d4 00 15 00 29 1b 09 00 01 80 27 00 00 14 6b 43 7b 47 11 00 00 14 0c
131,6288,WL,flash_sample,48,16.368,1,102,0,1,1,0,0,1,1,0,131,16368,0.035624,0.03172,-1.027728,0.041668,-0.031251,-1.35421,-3.08,1.47,2.87,52.03515625,98343,52.27,251.277603149,5.132,57 4c 01 66 00 00 00 83 00 00 3f f0 00 49 00 41 f7 c6 00 04 ff fd ff 7e ff d4 00 15 00 29 1b 09 00 01 80 27 00 00 14 6b 43 7b 47 11 00 00 14 0c
132,6336,WL,flash_sample,48,16.391,1,110,0,1,1,1,0,1,1,0,132,16391,0.035624,0.032208,-1.026752,0.010417,0.0,-1.343793,-0.21,-0.56,0.28,51.97265625,98346,52.3,251.02130127,5.132,57 4c 01 6e 00 00 00 84 00 00 40 07 00 49 00 42 f7 c8 00 01 00 00 ff 7f ff fd ff f8 00 04 1a f9 00 01 80 2a 00 00 14 6e 43 7b 05 74 00 00 14 0c
133,6384,WL,flash_sample,48,16.408,1,110,0,1,1,1,0,1,1,0,133,16408,0.035624,0.032208,-1.026752,0.010417,0.0,-1.343793,-0.21,-0.56,0.28,51.97265625,98346,52.3,251.02130127,5.132,57 4c 01 6e 00 00 00 85 00 00 40 18 00 49 00 42 f7 c8 00 01 00 00 ff 7f ff fd ff f8 00 04 1a f9 00 01 80 2a 00 00 14 6e 43 7b 05 74 00 00 14 0c
134,6432,WL,flash_sample,48,16.428,1,110,0,1,1,1,0,1,1,0,134,16428,0.035624,0.032208,-1.026752,0.010417,0.0,-1.343793,-0.21,-0.56,0.28,51.97265625,98346,52.3,251.02130127,5.132,57 4c 01 6e 00 00 00 86 00 00 40 2c 00 49 00 42 f7 c8 00 01 00 00 ff 7f ff fd ff f8 00 04 1a f9 00 01 80 2a 00 00 14 6e 43 7b 05 74 00 00 14 0c
135,6480,WL,flash_sample,48,16.448,1,110,0,1,1,1,0,1,1,0,135,16448,0.035624,0.032208,-1.026752,0.010417,0.0,-1.343793,-0.21,-0.56,0.28,51.97265625,98346,52.3,251.02130127,5.132,57 4c 01 6e 00 00 00 87 00 00 40 40 00 49 00 42 f7 c8 00 01 00 00 ff 7f ff fd ff f8 00 04 1a f9 00 01 80 2a 00 00 14 6e 43 7b 05 74 00 00 14 0c
136,6528,WL,flash_sample,48,16.468,1,110,0,1,1,1,0,1,1,0,136,16468,0.035624,0.032208,-1.026752,0.010417,0.0,-1.343793,-0.21,-0.56,0.28,51.97265625,98346,52.3,251.02130127,5.132,57 4c 01 6e 00 00 00 88 00 00 40 54 00 49 00 42 f7 c8 00 01 00 00 ff 7f ff fd ff f8 00 04 1a f9 00 01 80 2a 00 00 14 6e 43 7b 05 74 00 00 14 0c
137,6576,WL,flash_sample,48,16.488,1,110,0,1,1,1,0,1,1,0,137,16488,0.035624,0.032208,-1.026752,0.010417,0.0,-1.343793,-0.21,-0.56,0.28,51.97265625,98346,52.3,251.02130127,5.132,57 4c 01 6e 00 00 00 89 00 00 40 68 00 49 00 42 f7 c8 00 01 00 00 ff 7f ff fd ff f8 00 04 1a f9 00 01 80 2a 00 00 14 6e 43 7b 05 74 00 00 14 0c
138,6624,WL,flash_sample,48,16.508,1,110,0,1,1,1,0,1,1,0,138,16508,0.035624,0.032208,-1.026752,0.010417,0.0,-1.343793,-0.21,-0.56,0.28,51.97265625,98346,52.3,251.02130127,5.132,57 4c 01 6e 00 00 00 8a 00 00 40 7c 00 49 00 42 f7 c8 00 01 00 00 ff 7f ff fd ff f8 00 04 1a f9 00 01 80 2a 00 00 14 6e 43 7b 05 74 00 00 14 0c
139,6672,WL,flash_sample,48,16.528,1,110,0,1,1,1,0,1,1,0,139,16528,0.035136,0.031232,-1.026752,0.031251,-0.010417,-1.375044,-0.14,0.07,-0.35,51.98046875,98346,52.3,251.02130127,5.132,57 4c 01 6e 00 00 00 8b 00 00 40 90 00 48 00 40 f7 c8 00 03 ff ff ff 7c ff fe 00 01 ff fb 1a fb 00 01 80 2a 00 00 14 6e 43 7b 05 74 00 00 14 0c
140,6720,WL,flash_sample,48,16.548,1,110,0,1,1,1,0,1,1,0,140,16548,0.035136,0.031232,-1.026752,0.031251,-0.010417,-1.375044,-0.14,0.07,-0.35,51.98046875,98346,52.3,251.02130127,5.132,57 4c 01 6e 00 00 00 8c 00 00 40 a4 00 48 00 40 f7 c8 00 03 ff ff ff 7c ff fe 00 01 ff fb 1a fb 00 01 80 2a 00 00 14 6e 43 7b 05 74 00 00 14 0c
141,6768,WL,flash_sample,48,16.569,1,110,0,1,1,1,0,1,1,0,141,16569,0.035136,0.032208,-1.02724,0.041668,-0.020834,-1.375044,-0.21,0.07,-0.35,52.0625,98394,52.06,246.928421021,5.132,57 4c 01 6e 00 00 00 8d 00 00 40 b9 00 48 00 42 f7 c7 00 04 ff fe ff 7c ff fd 00 01 ff fb 1b 10 00 01 80 5a 00 00 14 56 43 76 ed ad 00 00 14 0c
142,6816,WL,flash_sample,48,16.588,1,110,0,1,1,1,0,1,1,0,142,16588,0.035136,0.032208,-1.02724,0.041668,-0.020834,-1.375044,-0.21,0.07,-0.35,52.0625,98394,52.06,246.928421021,5.132,57 4c 01 6e 00 00 00 8e 00 00 40 cc 00 48 00 42 f7 c7 00 04 ff fe ff 7c ff fd 00 01 ff fb 1b 10 00 01 80 5a 00 00 14 56 43 76 ed ad 00 00 14 0c
143,6864,WL,flash_sample,48,16.608,1,110,0,1,1,1,0,1,1,0,143,16608,0.035136,0.032208,-1.02724,0.041668,-0.020834,-1.375044,-0.21,0.07,-0.35,52.0625,98394,52.06,246.928421021,5.132,57 4c 01 6e 00 00 00 8f 00 00 40 e0 00 48 00 42 f7 c7 00 04 ff fe ff 7c ff fd 00 01 ff fb 1b 10 00 01 80 5a 00 00 14 56 43 76 ed ad 00 00 14 0c
144,6912,WL,flash_sample,48,16.628,1,110,0,1,1,1,0,1,1,0,144,16628,0.035136,0.032208,-1.02724,0.041668,-0.020834,-1.375044,-0.21,0.07,-0.35,52.0625,98394,52.06,246.928421021,5.132,57 4c 01 6e 00 00 00 90 00 00 40 f4 00 48 00 42 f7 c7 00 04 ff fe ff 7c ff fd 00 01 ff fb 1b 10 00 01 80 5a 00 00 14 56 43 76 ed ad 00 00 14 0c
145,6960,WL,flash_sample,48,16.653,1,64,0,0,0,0,0,0,1,0,145,16653,0.035624,0.03172,-1.026264,0.041668,-0.031251,-1.333376,-0.21,0.0,-0.21,52.0078125,98394,52.06,246.928421021,5.168,57 4c 01 40 00 00 00 91 00 00 41 0d 00 49 00 41 f7 c9 00 04 ff fd ff 80 ff fd 00 00 ff fd 1b 02 00 01 80 5a 00 00 14 56 43 76 ed ad 00 00 14 30
146,7008,WL,flash_sample,48,16.668,1,102,0,1,1,0,0,1,1,0,146,16668,0.035136,0.03172,-1.026264,0.041668,0.0,-1.322959,-0.98,-0.63,1.82,52.0078125,98346,51.74,251.02130127,5.14,57 4c 01 66 00 00 00 92 00 00 41 1c 00 48 00 41 f7 c9 00 04 00 00 ff 81 ff f2 ff f7 00 1a 1b 02 00 01 80 2a 00 00 14 36 43 7b 05 74 00 00 14 14
147,7056,WL,flash_sample,48,16.688,1,110,0,1,1,1,0,1,1,0,147,16688,0.035136,0.03172,-1.026752,0.072919,0.020834,-1.312542,-2.52,0.49,3.29,51.984375,98326,51.69,252.728210449,5.14,57 4c 01 6e 00 00 00 93 00 00 41 30 00 48 00 41 f7 c8 00 07 00 02 ff 82 ff dc 00 07 00 2f 1a fc 00 01 80 16 00 00 14 31 43 7c ba 6c 00 00 14 14
148,7104,WL,flash_sample,48,16.708,1,110,0,1,1,1,0,1,1,0,148,16708,0.035624,0.032208,-1.028216,0.072919,-0.020834,-1.375044,-3.08,1.47,2.73,51.98828125,98321,51.76,253.153625488,5.14,57 4c 01 6e 00 00 00 94 00 00 41 44 00 49 00 42 f7 c5 00 07 ff fe ff 7c ff d4 00 15 00 27 1a fd 00 01 80 11 00 00 14 38 43 7d 27 54 00 00 14 14
149,7152,WL,flash_sample,48,16.728,1,110,0,1,1,1,0,1,1,0,149,16728,0.035624,0.032208,-1.028216,0.052085,0.0,-1.375044,-3.15,1.54,2.8,52.03515625,98326,51.83,252.728210449,5.144,57 4c 01 6e 00 00 00 95 00 00 41 58 00 49 00 42 f7 c5 00 05 00 00 ff 7c ff d3 00 16 00 28 1b 09 00 01 80 16 00 00 14 3f 43 7c ba 6c 00 00 14 18
150,7200,WL,flash_sample,48,16.749,1,102,0,1,1,0,0,1,1,0,150,16749,0.035624,0.031232,-1.027728,0.041668,-0.020834,-1.35421,-3.08,1.54,2.8,52.0234375,98327,51.89,252.641021729,5.144,57 4c 01 66 00 00 00 96 00 00 41 6d 00 49 00 40 f7 c6 00 04 ff fe ff 7e ff d4 00 16 00 28 1b 06 00 01 80 17 00 00 14 45 43 7c a4 1a 00 00 14 18
151,7248,WL,flash_sample,48,16.768,1,102,0,1,1,0,0,1,1,0,151,16768,0.035624,0.032208,-1.027728,0.072919,0.010417,-1.343793,-3.22,1.47,2.8,52.03125,98328,51.95,252.556472778,5.144,57 4c 01 66 00 00 00 97 00 00 41 80 00 49 00 42 f7 c6 00 07 00 01 ff 7f ff d2 00 15 00 28 1b 08 00 01 80 18 00 00 14 4b 43 7c 8e 75 00 00 14 18
152,7296,WL,flash_sample,48,16.788,1,110,0,1,1,1,0,1,1,0,152,16788,0.035624,0.03172,-1.028704,0.0,-0.062502,-1.35421,-3.15,1.54,2.87,52.046875,98332,52.0,252.215606689,5.144,57 4c 01 6e 00 00 00 98 00 00 41 94 00 49 00 41 f7 c4 00 00 ff fa ff 7e ff d3 00 16 00 29 1b 0c 00 01 80 1c 00 00 14 50 43 7c 37 32 00 00 14 18
153,7344,WL,flash_sample,48,16.808,1,110,0,1,1,1,0,1,1,0,153,16808,0.035136,0.031232,-1.028704,0.062502,-0.031251,-1.35421,-3.15,1.47,2.87,52.06640625,98332,52.05,252.215606689,5.144,57 4c 01 6e 00 00 00 99 00 00 41 a8 00 48 00 40 f7 c4 00 06 ff fd ff 7e ff d3 00 15 00 29 1b 11 00 01 80 1c 00 00 14 55 43 7c 37 32 00 00 14 18
154,7392,WL,flash_sample,48,16.828,1,102,0,1,1,0,0,1,1,0,154,16828,0.035136,0.03172,-1.028704,0.041668,0.0,-1.343793,-3.08,1.54,2.8,52.06640625,98336,52.1,251.874755859,5.12,57 4c 01 66 00 00 00 9a 00 00 41 bc 00 48 00 41 f7 c4 00 04 00 00 ff 7f ff d4 00 16 00 28 1b 11 00 01 80 20 00 00 14 5a 43 7b df f0 00 00 14 00
155,7440,WL,flash_sample,48,16.848,1,102,0,1,1,0,0,1,1,0,155,16848,0.035136,0.03172,-1.028704,0.041668,0.0,-1.343793,-3.08,1.54,2.8,52.06640625,98336,52.1,251.874755859,5.12,57 4c 01 66 00 00 00 9b 00 00 41 d0 00 48 00 41 f7 c4 00 04 00 00 ff 7f ff d4 00 16 00 28 1b 11 00 01 80 20 00 00 14 5a 43 7b df f0 00 00 14 00
156,7488,WL,flash_sample,48,16.868,1,102,0,1,1,0,0,1,1,0,156,16868,0.035136,0.03172,-1.028704,0.041668,0.0,-1.343793,-3.08,1.54,2.8,52.06640625,98336,52.1,251.874755859,5.12,57 4c 01 66 00 00 00 9c 00 00 41 e4 00 48 00 41 f7 c4 00 04 00 00 ff 7f ff d4 00 16 00 28 1b 11 00 01 80 20 00 00 14 5a 43 7b df f0 00 00 14 00
157,7536,WL,flash_sample,48,16.888,1,102,0,1,1,0,0,1,1,0,157,16888,0.035136,0.03172,-1.028704,0.041668,0.0,-1.343793,-3.08,1.54,2.8,52.06640625,98336,52.1,251.874755859,5.12,57 4c 01 66 00 00 00 9d 00 00 41 f8 00 48 00 41 f7 c4 00 04 00 00 ff 7f ff d4 00 16 00 28 1b 11 00 01 80 20 00 00 14 5a 43 7b df f0 00 00 14 00
158,7584,WL,flash_sample,48,16.908,1,110,0,1,1,1,0,1,1,0,158,16908,0.035624,0.03172,-1.02724,0.020834,-0.031251,-1.343793,-0.84,-0.84,1.61,52.0390625,98377,52.15,248.37638855,5.12,57 4c 01 6e 00 00 00 9e 00 00 42 0c 00 49 00 41 f7 c7 00 02 ff fd ff 7f ff f4 ff f4 00 17 1b 0a 00 01 80 49 00 00 14 5f 43 78 60 5b 00 00 14 00
159,7632,WL,flash_sample,48,16.928,1,110,0,1,1,1,0,1,1,0,159,16928,0.035136,0.031232,-1.027728,0.083336,0.010417,-1.333376,-1.89,-0.07,2.73,52.08984375,98331,52.0,252.300170898,5.124,57 4c 01 6e 00 00 00 9f 00 00 42 20 00 48 00 40 f7 c6 00 08 00 01 ff 80 ff e5 ff ff 00 27 1b 17 00 01 80 1b 00 00 14 50 43 7c 4c d8 00 00 14 04
160,7680,WL,flash_sample,48,16.948,1,110,0,1,1,1,0,1,1,0,160,16948,0.035136,0.03172,-1.028216,0.041668,0.020834,-1.322959,-2.87,0.91,3.29,52.0390625,98332,52.05,252.215606689,5.124,57 4c 01 6e 00 00 00 a0 00 00 42 34 00 48 00 41 f7 c5 00 04 00 02 ff 81 ff d7 00 0d 00 2f 1b 0a 00 01 80 1c 00 00 14 55 43 7c 37 32 00 00 14 04
161,7728,WL,flash_sample,48,16.968,1,110,0,1,1,1,0,1,1,0,161,16968,0.035624,0.031232,-1.027728,0.031251,0.0,-1.35421,-3.15,1.54,2.8,52.0390625,98330,52.1,252.384719849,5.124,57 4c 01 6e 00 00 00 a1 00 00 42 48 00 49 00 40 f7 c6 00 03 00 00 ff 7e ff d3 00 16 00 28 1b 0a 00 01 80 1a 00 00 14 5a 43 7c 62 7d 00 00 14 04
162,7776,WL,flash_sample,48,16.988,1,102,0,1,1,0,0,1,1,0,162,16988,0.035624,0.03172,-1.026752,0.041668,-0.062502,-1.343793,-3.15,1.54,2.8,52.08203125,98330,52.14,252.384719849,5.124,57 4c 01 66 00 00 00 a2 00 00 42 5c 00 49 00 41 f7 c8 00 04 ff fa ff 7f ff d3 00 16 00 28 1b 15 00 01 80 1a 00 00 14 5e 43 7c 62 7d 00 00 14 04
163,7824,WL,flash_sample,48,17.008,1,102,0,1,1,0,0,1,1,0,163,17008,0.036112,0.032208,-1.028216,0.031251,0.0,-1.322959,-3.08,1.47,2.87,52.11328125,98334,52.18,252.043869019,5.124,57 4c 01 66 00 00 00 a3 00 00 42 70 00 4a 00 42 f7 c5 00 03 00 00 ff 81 ff d4 00 15 00 29 1b 1d 00 01 80 1e 00 00 14 62 43 7c 0b 3b 00 00 14 04
164,7872,WL,flash_sample,48,17.028,1,110,0,1,1,1,0,1,1,0,164,17028,0.035136,0.032208,-1.02724,0.041668,-0.010417,-1.343793,-3.15,1.54,2.8,52.09765625,98338,52.22,251.703018188,5.144,57 4c 01 6e 00 00 00 a4 00 00 42 84 00 48 00 42 f7 c7 00 04 ff ff ff 7f ff d3 00 16 00 28 1b 19 00 01 80 22 00 00 14 66 43 7b b3 f9 00 00 14 18
165,7920,WL,flash_sample,48,17.048,1,110,0,1,1,1,0,1,1,0,165,17048,0.035624,0.032208,-1.02724,0.062502,-0.020834,-1.343793,-3.15,1.54,2.8,52.08203125,98337,52.26,251.787567139,5.144,57 4c 01 6e 00 00 00 a5 00 00 42 98 00 49 00 42 f7 c7 00 06 ff fe ff 7f ff d3 00 16 00 28 1b 15 00 01 80 21 00 00 14 6a 43 7b c9 9e 00 00 14 18
166,7968,WL,flash_sample,48,17.068,1,110,0,1,1,1,0,1,1,0,166,17068,0.035136,0.03172,-1.027728,0.062502,-0.052085,-1.35421,-3.15,1.47,2.8,52.06640625,98339,52.29,251.618453979,5.144,57 4c 01 6e 00 00 00 a6 00 00 42 ac 00 48 00 41 f7 c6 00 06 ff fb ff 7e ff d3 00 15 00 28 1b 11 00 01 80 23 00 00 14 6d 43 7b 9e 53 00 00 14 18
167,8016,WL,flash_sample,48,17.088,1,110,0,1,1,1,0,1,1,0,167,17088,0.035136,0.03172,-1.027728,0.062502,-0.052085,-1.35421,-3.15,1.47,2.8,52.06640625,98339,52.29,251.618453979,5.144,57 4c 01 6e 00 00 00 a7 00 00 42 c0 00 48 00 41 f7 c6 00 06 ff fb ff 7e ff d3 00 15 00 28 1b 11 00 01 80 23 00 00 14 6d 43 7b 9e 53 00 00 14 18
168,8064,WL,flash_sample,48,17.108,1,110,0,1,1,1,0,1,1,0,168,17108,0.035136,0.03172,-1.027728,0.062502,-0.052085,-1.35421,-3.15,1.47,2.8,52.06640625,98339,52.29,251.618453979,5.144,57 4c 01 6e 00 00 00 a8 00 00 42 d4 00 48 00 41 f7 c6 00 06 ff fb ff 7e ff d3 00 15 00 28 1b 11 00 01 80 23 00 00 14 6d 43 7b 9e 53 00 00 14 18
169,8112,WL,flash_sample,48,17.128,1,110,0,1,1,1,0,1,1,0,169,17128,0.035136,0.03172,-1.027728,0.062502,-0.052085,-1.35421,-3.15,1.47,2.8,52.06640625,98339,52.29,251.618453979,5.144,57 4c 01 6e 00 00 00 a9 00 00 42 e8 00 48 00 41 f7 c6 00 06 ff fb ff 7e ff d3 00 15 00 28 1b 11 00 01 80 23 00 00 14 6d 43 7b 9e 53 00 00 14 18
170,8160,WL,flash_sample,48,17.151,1,96,0,0,0,0,0,1,1,0,170,17151,0.034648,0.031232,-1.026752,0.010417,0.031251,-1.385461,-0.28,-0.63,0.35,52.0546875,98339,52.29,251.618453979,5.144,57 4c 01 60 00 00 00 aa 00 00 42 ff 00 47 00 40 f7 c8 00 01 00 03 ff 7b ff fc ff f7 00 05 1b 0e 00 01 80 23 00 00 14 6d 43 7b 9e 53 00 00 14 18
171,8208,WL,flash_sample,48,17.168,1,110,0,1,1,1,0,1,1,0,171,17168,0.035136,0.031232,-1.02724,0.072919,0.020834,-1.343793,-1.26,-0.56,2.03,52.07421875,98382,52.32,247.95098877,5.144,57 4c 01 6e 00 00 00 ab 00 00 43 10 00 48 00 40 f7 c7 00 07 00 02 ff 7f ff ee ff f8 00 1d 1b 13 00 01 80 4e 00 00 14 70 43 77 f3 74 00 00 14 18
172,8256,WL,flash_sample,48,17.188,1,110,0,1,1,1,0,1,1,0,172,17188,0.035136,0.03172,-1.02724,0.062502,-0.041668,-1.35421,-2.24,0.28,3.08,52.09765625,98335,52.13,251.959320068,5.144,57 4c 01 6e 00 00 00 ac 00 00 43 24 00 48 00 41 f7 c7 00 06 ff fc ff 7e ff e0 00 04 00 2c 1b 19 00 01 80 1f 00 00 14 5d 43 7b f5 96 00 00 14 18
173,8304,WL,flash_sample,48,17.208,1,102,0,1,1,0,0,1,1,0,173,17208,0.03416,0.032208,-1.028704,0.072919,-0.031251,-1.375044,-3.22,1.47,2.8,52.0390625,98336,52.17,251.874755859,5.144,57 4c 01 66 00 00 00 ad 00 00 43 38 00 46 00 42 f7 c4 00 07 ff fd ff 7c ff d2 00 15 00 28 1b 0a 00 01 80 20 00 00 14 61 43 7b df f0 00 00 14 18
174,8352,WL,flash_sample,48,17.228,1,102,0,1,1,0,0,1,1,0,174,17228,0.035136,0.03172,-1.027728,0.062502,-0.020834,-1.35421,-3.15,1.54,2.87,52.08203125,98337,52.22,251.787567139,5.132,57 4c 01 66 00 00 00 ae 00 00 43 4c 00 48 00 41 f7 c6 00 06 ff fe ff 7e ff d3 00 16 00 29 1b 15 00 01 80 21 00 00 14 66 43 7b c9 9e 00 00 14 0c
175,8400,WL,flash_sample,48,17.249,1,103,1,1,1,0,0,1,1,0,175,17249,0.035136,0.032208,-1.027728,0.041668,-0.041668,-1.343793,-3.08,1.54,2.8,52.10546875,98337,52.25,251.787567139,5.132,57 4c 01 67 00 00 00 af 00 00 43 61 00 48 00 42 f7 c6 00 04 ff fc ff 7f ff d4 00 16 00 28 1b 1b 00 01 80 21 00 00 14 69 43 7b c9 9e 00 00 14 0c
176,8448,WL,flash_sample,48,17.268,1,111,1,1,1,1,0,1,1,0,176,17268,0.036112,0.03172,-1.027728,0.041668,-0.020834,-1.343793,-3.08,1.47,2.87,52.10546875,98339,52.29,251.618453979,5.132,57 4c 01 6f 00 00 00 b0 00 00 43 74 00 4a 00 41 f7 c6 00 04 ff fe ff 7f ff d4 00 15 00 29 1b 1b 00 01 80 23 00 00 14 6d 43 7b 9e 53 00 00 14 0c
177,8496,WL,flash_sample,48,17.288,1,111,1,1,1,1,0,1,1,0,177,17288,0.034648,0.032696,-1.027728,0.010417,0.031251,-1.343793,-3.15,1.54,2.8,52.12109375,98338,52.32,251.703018188,5.132,57 4c 01 6f 00 00 00 b1 00 00 43 88 00 47 00 43 f7 c6 00 01 00 03 ff 7f ff d3 00 16 00 28 1b 1f 00 01 80 22 00 00 14 70 43 7b b3 f9 00 00 14 0c
178,8544,WL,flash_sample,48,17.308,1,111,1,1,1,1,0,1,1,0,178,17308,0.035136,0.03172,-1.029192,0.041668,-0.020834,-1.343793,-3.15,1.47,2.8,52.08984375,98340,52.36,251.533905029,5.132,57 4c 01 6f 00 00 00 b2 00 00 43 9c 00 48 00 41 f7 c3 00 04 ff fe ff 7f ff d3 00 15 00 28 1b 17 00 01 80 24 00 00 14 74 43 7b 88 ae 00 00 14 0c
179,8592,WL,flash_sample,48,17.328,1,111,1,1,1,1,0,1,1,0,179,17328,0.035136,0.031232,-1.027728,0.072919,-0.010417,-1.375044,-3.15,1.54,2.8,52.08984375,98343,52.39,251.277603149,5.124,57 4c 01 6f 00 00 00 b3 00 00 43 b0 00 48 00 40 f7 c6 00 07 ff ff ff 7c ff d3 00 16 00 28 1b 17 00 01 80 27 00 00 14 77 43 7b 47 11 00 00 14 04
180,8640,WL,flash_sample,48,17.348,1,111,1,1,1,1,0,1,1,0,180,17348,0.035136,0.031232,-1.027728,0.072919,-0.010417,-1.375044,-3.15,1.54,2.8,52.08984375,98343,52.39,251.277603149,5.124,57 4c 01 6f 00 00 00 b4 00 00 43 c4 00 48 00 40 f7 c6 00 07 ff ff ff 7c ff d3 00 16 00 28 1b 17 00 01 80 27 00 00 14 77 43 7b 47 11 00 00 14 04
181,8688,WL,flash_sample,48,17.368,1,111,1,1,1,1,0,1,1,0,181,17368,0.035136,0.031232,-1.027728,0.072919,-0.010417,-1.375044,-3.15,1.54,2.8,52.08984375,98343,52.39,251.277603149,5.124,57 4c 01 6f 00 00 00 b5 00 00 43 d8 00 48 00 40 f7 c6 00 07 ff ff ff 7c ff d3 00 16 00 28 1b 17 00 01 80 27 00 00 14 77 43 7b 47 11 00 00 14 04
182,8736,WL,flash_sample,48,17.388,1,111,1,1,1,1,0,1,1,0,182,17388,0.035136,0.031232,-1.027728,0.072919,-0.010417,-1.375044,-3.15,1.54,2.8,52.08984375,98343,52.39,251.277603149,5.124,57 4c 01 6f 00 00 00 b6 00 00 43 ec 00 48 00 40 f7 c6 00 07 ff ff ff 7c ff d3 00 16 00 28 1b 17 00 01 80 27 00 00 14 77 43 7b 47 11 00 00 14 04
183,8784,WL,flash_sample,48,17.408,1,111,1,1,1,1,0,1,1,0,183,17408,0.034648,0.03172,-1.026752,0.041668,0.010417,-1.333376,-0.14,-0.28,0.0,52.10546875,98343,52.39,251.277603149,5.124,57 4c 01 6f 00 00 00 b7 00 00 44 00 00 47 00 41 f7 c8 00 04 00 01 ff 80 ff fe ff fc 00 00 1b 1b 00 01 80 27 00 00 14 77 43 7b 47 11 00 00 14 04
184,8832,WL,flash_sample,48,17.428,1,111,1,1,1,1,0,1,1,0,184,17428,0.034648,0.03172,-1.026752,0.041668,0.010417,-1.333376,-0.14,-0.28,0.0,52.10546875,98343,52.39,251.277603149,5.124,57 4c 01 6f 00 00 00 b8 00 00 44 14 00 47 00 41 f7 c8 00 04 00 01 ff 80 ff fe ff fc 00 00 1b 1b 00 01 80 27 00 00 14 77 43 7b 47 11 00 00 14 04
185,8880,WL,flash_sample,48,17.448,1,111,1,1,1,1,0,1,1,0,185,17448,0.034648,0.03172,-1.026752,0.041668,0.010417,-1.333376,-0.14,-0.28,0.0,52.10546875,98343,52.39,251.277603149,5.124,57 4c 01 6f 00 00 00 b9 00 00 44 28 00 47 00 41 f7 c8 00 04 00 01 ff 80 ff fe ff fc 00 00 1b 1b 00 01 80 27 00 00 14 77 43 7b 47 11 00 00 14 04
186,8928,WL,flash_sample,48,17.468,1,111,1,1,1,1,0,1,1,0,186,17468,0.034648,0.03172,-1.026752,0.041668,0.010417,-1.333376,-0.14,-0.28,0.0,52.10546875,98343,52.39,251.277603149,5.124,57 4c 01 6f 00 00 00 ba 00 00 44 3c 00 47 00 41 f7 c8 00 04 00 01 ff 80 ff fe ff fc 00 00 1b 1b 00 01 80 27 00 00 14 77 43 7b 47 11 00 00 14 04
187,8976,WL,flash_sample,48,17.488,1,111,1,1,1,1,0,1,1,0,187,17488,0.034648,0.03172,-1.026752,0.041668,0.010417,-1.333376,-0.14,-0.28,0.0,52.10546875,98343,52.39,251.277603149,5.124,57 4c 01 6f 00 00 00 bb 00 00 44 50 00 47 00 41 f7 c8 00 04 00 01 ff 80 ff fe ff fc 00 00 1b 1b 00 01 80 27 00 00 14 77 43 7b 47 11 00 00 14 04
188,9024,WL,flash_sample,48,17.508,1,111,1,1,1,1,0,1,1,0,188,17508,0.034648,0.03172,-1.026752,0.041668,0.010417,-1.333376,-0.14,-0.28,0.0,52.10546875,98343,52.39,251.277603149,5.124,57 4c 01 6f 00 00 00 bc 00 00 44 64 00 47 00 41 f7 c8 00 04 00 01 ff 80 ff fe ff fc 00 00 1b 1b 00 01 80 27 00 00 14 77 43 7b 47 11 00 00 14 04
189,9072,WL,flash_sample,48,17.529,1,111,1,1,1,1,0,1,1,0,189,17529,0.035624,0.032208,-1.025776,0.062502,-0.031251,-1.35421,-0.14,0.07,-0.35,52.09765625,98390,52.42,247.269271851,5.124,57 4c 01 6f 00 00 00 bd 00 00 44 79 00 49 00 42 f7 ca 00 06 ff fd ff 7e ff fe 00 01 ff fb 1b 19 00 01 80 56 00 00 14 7a 43 77 44 ef 00 00 14 04
190,9120,WL,flash_sample,48,17.548,1,111,1,1,1,1,0,1,1,0,190,17548,0.035624,0.032208,-1.025776,0.062502,-0.031251,-1.35421,-0.14,0.07,-0.35,52.09765625,98390,52.42,247.269271851,5.124,57 4c 01 6f 00 00 00 be 00 00 44 8c 00 49 00 42 f7 ca 00 06 ff fd ff 7e ff fe 00 01 ff fb 1b 19 00 01 80 56 00 00 14 7a 43 77 44 ef 00 00 14 04
191,9168,WL,flash_sample,48,17.568,1,111,1,1,1,1,0,1,1,0,191,17568,0.035624,0.032208,-1.025776,0.062502,-0.031251,-1.35421,-0.14,0.07,-0.35,52.09765625,98390,52.42,247.269271851,5.124,57 4c 01 6f 00 00 00 bf 00 00 44 a0 00 49 00 42 f7 ca 00 06 ff fd ff 7e ff fe 00 01 ff fb 1b 19 00 01 80 56 00 00 14 7a 43 77 44 ef 00 00 14 04
192,9216,WL,flash_sample,48,17.588,1,111,1,1,1,1,0,1,1,0,192,17588,0.034648,0.032208,-1.026264,0.041668,0.0,-1.35421,-0.21,0.07,-0.35,52.07421875,98390,52.42,247.269271851,5.124,57 4c 01 6f 00 00 00 c0 00 00 44 b4 00 47 00 42 f7 c9 00 04 00 00 ff 7e ff fd 00 01 ff fb 1b 13 00 01 80 56 00 00 14 7a 43 77 44 ef 00 00 14 04
193,9264,WL,flash_sample,48,17.608,1,111,1,1,1,1,0,1,1,0,193,17608,0.034648,0.032208,-1.026264,0.041668,0.0,-1.35421,-0.21,0.07,-0.35,52.07421875,98390,52.42,247.269271851,5.124,57 4c 01 6f 00 00 00 c1 00 00 44 c8 00 47 00 42 f7 c9 00 04 00 00 ff 7e ff fd 00 01 ff fb 1b 13 00 01 80 56 00 00 14 7a 43 77 44 ef 00 00 14 04
194,9312,WL,flash_sample,48,17.628,1,111,1,1,1,1,0,1,1,0,194,17628,0.034648,0.032208,-1.026264,0.041668,0.0,-1.35421,-0.21,0.07,-0.35,52.07421875,98390,52.42,247.269271851,5.124,57 4c 01 6f 00 00 00 c2 00 00 44 dc 00 47 00 42 f7 c9 00 04 00 00 ff 7e ff fd 00 01 ff fb 1b 13 00 01 80 56 00 00 14 7a 43 77 44 ef 00 00 14 04
195,9360,WL,flash_sample,48,17.648,1,111,1,1,1,1,0,1,1,0,195,17648,0.034648,0.032208,-1.026264,0.041668,0.0,-1.35421,-0.21,0.07,-0.35,52.07421875,98390,52.42,247.269271851,5.124,57 4c 01 6f 00 00 00 c3 00 00 44 f0 00 47 00 42 f7 c9 00 04 00 00 ff 7e ff fd 00 01 ff fb 1b 13 00 01 80 56 00 00 14 7a 43 77 44 ef 00 00 14 04
196,9408,WL,flash_sample,48,17.668,1,103,1,1,1,0,0,1,1,0,196,17668,0.035136,0.03172,-1.026264,0.062502,-0.010417,-1.364627,-0.84,-0.77,1.61,52.08203125,98349,51.88,250.76499939,5.128,57 4c 01 67 00 00 00 c4 00 00 45 04 00 48 00 41 f7 c9 00 06 ff ff ff 7d ff f4 ff f5 00 17 1b 15 00 01 80 2d 00 00 14 44 43 7a c3 d7 00 00 14 08
197,9456,WL,flash_sample,48,17.688,1,103,1,1,1,0,0,1,1,0,197,17688,0.036112,0.03172,-1.026752,0.052085,0.010417,-1.364627,-1.89,0.0,2.8,52.08203125,98320,51.73,253.238174438,5.128,57 4c 01 67 00 00 00 c5 00 00 45 18 00 4a 00 41 f7 c8 00 05 00 01 ff 7d ff e5 00 00 00 28 1b 15 00 01 80 10 00 00 14 35 43 7d 3c f9 00 00 14 08
198,9504,WL,flash_sample,48,17.708,1,103,1,1,1,0,0,1,1,0,198,17708,0.035624,0.03172,-1.026752,0.031251,0.0,-1.343793,-2.87,0.98,3.22,52.09765625,98323,51.81,252.981872559,5.128,57 4c 01 67 00 00 00 c6 00 00 45 2c 00 49 00 41 f7 c8 00 03 00 00 ff 7f ff d7 00 0e 00 2e 1b 19 00 01 80 13 00 00 14 3d 43 7c fb 5c 00 00 14 08
199,9552,WL,flash_sample,48,17.728,1,111,1,1,1,1,0,1,1,0,199,17728,0.035136,0.03172,-1.02724,0.041668,-0.020834,-1.364627,-3.15,1.47,2.8,52.12890625,98323,51.88,252.981872559,5.136,57 4c 01 6f 00 00 00 c7 00 00 45 40 00 48 00 41 f7 c7 00 04 ff fe ff 7d ff d3 00 15 00 28 1b 21 00 01 80 13 00 00 14 44 43 7c fb 5c 00 00 14 10
200,9600,WL,flash_sample,48,17.748,1,111,1,1,1,1,0,1,1,0,200,17748,0.036112,0.03172,-1.027728,0.072919,0.0,-1.333376,-3.15,1.54,2.8,52.11328125,98326,51.95,252.728210449,5.136,57 4c 01 6f 00 00 00 c8 00 00 45 54 00 4a 00 41 f7 c6 00 07 00 00 ff 80 ff d3 00 16 00 28 1b 1d 00 01 80 16 00 00 14 4b 43 7c ba 6c 00 00 14 10
201,9648,WL,flash_sample,48,17.768,1,111,1,1,1,1,0,1,1,0,201,17768,0.035136,0.032208,-1.027728,0.031251,0.010417,-1.333376,-3.15,1.47,2.87,52.14453125,98328,52.01,252.556472778,5.136,57 4c 01 6f 00 00 00 c9 00 00 45 68 00 48 00 42 f7 c6 00 03 00 01 ff 80 ff d3 00 15 00 29 1b 25 00 01 80 18 00 00 14 51 43 7c 8e 75 00 00 14 10
202,9696,WL,flash_sample,48,17.788,1,111,1,1,1,1,0,1,1,0,202,17788,0.035624,0.032208,-1.029192,0.083336,-0.031251,-1.364627,-3.08,1.54,2.8,52.1171875,98330,52.07,252.384719849,5.136,57 4c 01 6f 00 00 00 ca 00 00 45 7c 00 49 00 42 f7 c3 00 08 ff fd ff 7d ff d4 00 16 00 28 1b 1e 00 01 80 1a 00 00 14 57 43 7c 62 7d 00 00 14 10
203,9744,WL,flash_sample,48,17.808,1,103,1,1,1,0,0,1,1,0,203,17808,0.035624,0.03172,-1.028216,0.052085,-0.031251,-1.375044,-3.15,1.47,2.8,52.11328125,98329,52.12,252.471908569,5.136,57 4c 01 67 00 00 00 cb 00 00 45 90 00 49 00 41 f7 c5 00 05 ff fd ff 7c ff d3 00 15 00 28 1b 1d 00 01 80 19 00 00 14 5c 43 7c 78 cf 00 00 14 10
204,9792,WL,flash_sample,48,17.828,1,103,1,1,1,0,0,1,1,0,204,17828,0.035624,0.03172,-1.028216,0.010417,-0.020834,-1.312542,-3.08,1.47,2.87,52.08984375,98330,52.17,252.384719849,5.124,57 4c 01 67 00 00 00 cc 00 00 45 a4 00 49 00 41 f7 c5 00 01 ff fe ff 82 ff d4 00 15 00 29 1b 17 00 01 80 1a 00 00 14 61 43 7c 62 7d 00 00 14 04
205,9840,WL,flash_sample,48,17.848,1,103,1,1,1,0,0,1,1,0,205,17848,0.035624,0.03172,-1.028216,0.010417,-0.020834,-1.312542,-3.08,1.47,2.87,52.08984375,98330,52.17,252.384719849,5.124,57 4c 01 67 00 00 00 cd 00 00 45 b8 00 49 00 41 f7 c5 00 01 ff fe ff 82 ff d4 00 15 00 29 1b 17 00 01 80 1a 00 00 14 61 43 7c 62 7d 00 00 14 04
206,9888,WL,flash_sample,48,17.868,1,103,1,1,1,0,0,1,1,0,206,17868,0.035624,0.03172,-1.028216,0.010417,-0.020834,-1.312542,-3.08,1.47,2.87,52.08984375,98330,52.17,252.384719849,5.124,57 4c 01 67 00 00 00 ce 00 00 45 cc 00 49 00 41 f7 c5 00 01 ff fe ff 82 ff d4 00 15 00 29 1b 17 00 01 80 1a 00 00 14 61 43 7c 62 7d 00 00 14 04
207,9936,WL,flash_sample,48,17.888,1,103,1,1,1,0,0,1,1,0,207,17888,0.035624,0.03172,-1.028216,0.010417,-0.020834,-1.312542,-3.08,1.47,2.87,52.08984375,98330,52.17,252.384719849,5.124,57 4c 01 67 00 00 00 cf 00 00 45 e0 00 49 00 41 f7 c5 00 01 ff fe ff 82 ff d4 00 15 00 29 1b 17 00 01 80 1a 00 00 14 61 43 7c 62 7d 00 00 14 04
208,9984,WL,flash_sample,48,17.91,1,65,1,0,0,0,0,0,1,0,208,17910,0.034648,0.03172,-1.026752,0.052085,-0.010417,-1.35421,-0.21,-0.63,0.42,52.12109375,98338,52.22,251.703018188,5.124,57 4c 01 41 00 00 00 d0 00 00 45 f6 00 47 00 41 f7 c8 00 05 ff ff ff 7e ff fd ff f7 00 06 1b 1f 00 01 80 22 00 00 14 66 43 7b b3 f9 00 00 14 04
209,10032,WL,flash_sample,48,17.928,1,103,1,1,1,0,0,1,1,0,209,17928,0.035624,0.032208,-1.02724,0.083336,-0.031251,-1.333376,-1.26,-0.49,2.1,52.140625,98332,52.05,252.215606689,5.144,57 4c 01 67 00 00 00 d1 00 00 46 08 00 49 00 42 f7 c7 00 08 ff fd ff 80 ff ee ff f9 00 1e 1b 24 00 01 80 1c 00 00 14 55 43 7c 37 32 00 00 14 18
210,10080,WL,flash_sample,48,17.948,1,103,1,1,1,0,0,1,1,0,210,17948,0.035136,0.03172,-1.028216,0.041668,-0.020834,-1.333376,-2.31,0.28,3.08,52.1328125,98332,52.11,252.215606689,5.144,57 4c 01 67 00 00 00 d2 00 00 46 1c 00 48 00 41 f7 c5 00 04 ff fe ff 80 ff df 00 04 00 2c 1b 22 00 01 80 1c 00 00 14 5b 43 7c 37 32 00 00 14 18
211,10128,WL,flash_sample,48,17.968,1,111,1,1,1,1,0,1,1,0,211,17968,0.035624,0.031232,-1.027728,0.041668,-0.041668,-1.35421,-3.08,1.54,2.8,52.13671875,98331,52.16,252.300170898,5.144,57 4c 01 6f 00 00 00 d3 00 00 46 30 00 49 00 40 f7 c6 00 04 ff fc ff 7e ff d4 00 16 00 28 1b 23 00 01 80 1b 00 00 14 60 43 7c 4c d8 00 00 14 18
212,10176,WL,flash_sample,48,17.988,1,111,1,1,1,1,0,1,1,0,212,17988,0.036112,0.032208,-1.027728,0.010417,0.0,-1.333376,-3.15,1.47,2.8,52.10546875,98335,52.2,251.959320068,5.144,57 4c 01 6f 00 00 00 d4 00 00 46 44 00 4a 00 42 f7 c6 00 01 00 00 ff 80 ff d3 00 15 00 28 1b 1b 00 01 80 1f 00 00 14 64 43 7b f5 96 00 00 14 18
213,10224,WL,flash_sample,48,18.009,1,111,1,1,1,1,0,1,1,0,213,18009,0.035136,0.032208,-1.027728,0.052085,-0.020834,-1.343793,-3.15,1.47,2.8,52.140625,98334,52.25,252.043869019,5.144,57 4c 01 6f 00 00 00 d5 00 00 46 59 00 48 00 42 f7 c6 00 05 ff fe ff 7f ff d3 00 15 00 28 1b 24 00 01 80 1e 00 00 14 69 43 7c 0b 3b 00 00 14 18
214,10272,WL,flash_sample,48,18.028,1,111,1,1,1,1,0,1,1,0,214,18028,0.035624,0.03172,-1.028704,0.041668,-0.010417,-1.343793,-3.15,1.54,2.8,52.140625,98333,52.29,252.131057739,5.116,57 4c 01 6f 00 00 00 d6 00 00 46 6c 00 49 00 41 f7 c4 00 04 ff ff ff 7f ff d3 00 16 00 28 1b 24 00 01 80 1d 00 00 14 6d 43 7c 21 8d 00 00 13 fc
215,10320,WL,flash_sample,48,18.048,1,103,1,1,1,0,0,1,1,0,215,18048,0.035136,0.031232,-1.028216,0.052085,-0.020834,-1.333376,-3.15,1.54,2.87,52.11328125,98335,52.33,251.959320068,5.116,57 4c 01 67 00 00 00 d7 00 00 46 80 00 48 00 40 f7 c5 00 05 ff fe ff 80 ff d3 00 16 00 29 1b 1d 00 01 80 1f 00 00 14 71 43 7b f5 96 00 00 13 fc
216,10368,WL,flash_sample,48,18.068,1,103,1,1,1,0,0,1,1,0,216,18068,0.035136,0.032208,-1.027728,0.031251,0.031251,-1.364627,-3.15,1.54,2.87,52.16015625,98337,52.37,251.787567139,5.116,57 4c 01 67 00 00 00 d8 00 00 46 94 00 48 00 42 f7 c6 00 03 00 03 ff 7d ff d3 00 16 00 29 1b 29 00 01 80 21 00 00 14 75 43 7b c9 9e 00 00 13 fc
217,10416,WL,flash_sample,48,18.088,1,111,1,1,1,1,0,1,1,0,217,18088,0.035624,0.03172,-1.026752,0.031251,-0.020834,-1.333376,-3.22,1.54,3.01,52.171875,98337,52.37,251.787567139,5.116,57 4c 01 6f 00 00 00 d9 00 00 46 a8 00 49 00 41 f7 c8 00 03 ff fe ff 80 ff d2 00 16 00 2b 1b 2c 00 01 80 21 00 00 14 75 43 7b c9 9e 00 00 13 fc
218,10464,WL,flash_sample,48,18.108,1,111,1,1,1,1,0,1,1,0,218,18108,0.035624,0.03172,-1.026752,0.031251,-0.020834,-1.333376,-3.22,1.54,3.01,52.171875,98337,52.37,251.787567139,5.116,57 4c 01 6f 00 00 00 da 00 00 46 bc 00 49 00 41 f7 c8 00 03 ff fe ff 80 ff d2 00 16 00 2b 1b 2c 00 01 80 21 00 00 14 75 43 7b c9 9e 00 00 13 fc
219,10512,WL,flash_sample,48,18.128,1,111,1,1,1,1,0,1,1,0,219,18128,0.035624,0.03172,-1.026752,0.031251,-0.020834,-1.333376,-3.22,1.54,3.01,52.171875,98337,52.37,251.787567139,5.116,57 4c 01 6f 00 00 00 db 00 00 46 d0 00 49 00 41 f7 c8 00 03 ff fe ff 80 ff d2 00 16 00 2b 1b 2c 00 01 80 21 00 00 14 75 43 7b c9 9e 00 00 13 fc
220,10560,WL,flash_sample,48,18.148,1,111,1,1,1,1,0,1,1,0,220,18148,0.035624,0.03172,-1.026752,0.031251,-0.020834,-1.333376,-3.22,1.54,3.01,52.171875,98337,52.37,251.787567139,5.116,57 4c 01 6f 00 00 00 dc 00 00 46 e4 00 49 00 41 f7 c8 00 03 ff fe ff 80 ff d2 00 16 00 2b 1b 2c 00 01 80 21 00 00 14 75 43 7b c9 9e 00 00 13 fc
221,10608,WL,flash_sample,48,18.168,1,103,1,1,1,0,0,1,1,0,221,18168,0.035624,0.031232,-1.026752,0.062502,-0.020834,-1.343793,-0.56,-0.91,1.26,52.14453125,98339,52.39,251.618453979,5.148,57 4c 01 67 00 00 00 dd 00 00 46 f8 00 49 00 40 f7 c8 00 06 ff fe ff 7f ff f8 ff f3 00 12 1b 25 00 01 80 23 00 00 14 77 43 7b 9e 53 00 00 14 1c
222,10656,WL,flash_sample,48,18.188,1,103,1,1,1,0,0,1,1,0,222,18188,0.035136,0.032208,-1.026752,0.052085,-0.020834,-1.333376,-1.68,-0.21,2.52,52.15625,98332,52.18,252.215606689,5.148,57 4c 01 67 00 00 00 de 00 00 47 0c 00 48 00 42 f7 c8 00 05 ff fe ff 80 ff e8 ff fd 00 24 1b 28 00 01 80 1c 00 00 14 62 43 7c 37 32 00 00 14 1c
223,10704,WL,flash_sample,48,18.208,1,111,1,1,1,1,0,1,1,0,223,18208,0.035624,0.032208,-1.026752,0.062502,0.020834,-1.333376,-3.15,1.4,3.01,52.1875,98334,52.23,252.043869019,5.148,57 4c 01 6f 00 00 00 df 00 00 47 20 00 49 00 42 f7 c8 00 06 00 02 ff 80 ff d3 00 14 00 2b 1b 30 00 01 80 1e 00 00 14 67 43 7c 0b 3b 00 00 14 1c
224,10752,WL,flash_sample,48,18.228,1,111,1,1,1,1,0,1,1,0,224,18228,0.035136,0.032208,-1.027728,0.041668,-0.010417,-1.333376,-3.15,1.54,2.8,52.1484375,98336,52.28,251.874755859,5.112,57 4c 01 6f 00 00 00 e0 00 00 47 34 00 48 00 42 f7 c6 00 04 ff ff ff 80 ff d3 00 16 00 28 1b 26 00 01 80 20 00 00 14 6c 43 7b df f0 00 00 13 f8
225,10800,WL,flash_sample,48,18.248,1,110,0,1,1,1,0,1,1,0,225,18248,0.035624,0.032208,-1.027728,0.031251,-0.020834,-1.364627,-3.15,1.47,2.8,52.1796875,98335,52.32,251.959320068,5.112,57 4c 01 6e 00 00 00 e1 00 00 47 48 00 49 00 42 f7 c6 00 03 ff fe ff 7d ff d3 00 15 00 28 1b 2e 00 01 80 1f 00 00 14 70 43 7b f5 96 00 00 13 f8
226,10848,WL,flash_sample,48,18.268,1,102,0,1,1,0,0,1,1,0,226,18268,0.036112,0.03172,-1.027728,0.041668,0.010417,-1.343793,-3.15,1.54,2.8,52.1171875,98338,52.36,251.703018188,5.112,57 4c 01 66 00 00 00 e2 00 00 47 5c 00 4a 00 41 f7 c6 00 04 00 01 ff 7f ff d3 00 16 00 28 1b 1e 00 01 80 22 00 00 14 74 43 7b b3 f9 00 00 13 f8
227,10896,WL,flash_sample,48,18.288,1,102,0,1,1,0,0,1,1,0,227,18288,0.035624,0.032208,-1.027728,0.072919,0.020834,-1.322959,-3.22,1.54,2.8,52.16796875,98337,52.39,251.787567139,5.112,57 4c 01 66 00 00 00 e3 00 00 47 70 00 49 00 42 f7 c6 00 07 00 02 ff 81 ff d2 00 16 00 28 1b 2b 00 01 80 21 00 00 14 77 43 7b c9 9e 00 00 13 f8
228,10944,WL,flash_sample,48,18.308,1,102,0,1,1,0,0,1,1,0,228,18308,0.035624,0.03172,-1.027728,0.041668,-0.020834,-1.333376,-3.15,1.54,2.8,52.15625,98340,52.43,251.533905029,5.112,57 4c 01 66 00 00 00 e4 00 00 47 84 00 49 00 41 f7 c6 00 04 ff fe ff 80 ff d3 00 16 00 28 1b 28 00 01 80 24 00 00 14 7b 43 7b 88 ae 00 00 13 f8
229,10992,WL,flash_sample,48,18.328,1,110,0,1,1,1,0,1,1,0,229,18328,0.035624,0.031232,-1.028216,0.0,0.041668,-1.322959,-3.15,1.54,2.8,52.1640625,98341,52.46,251.446716309,5.144,57 4c 01 6e 00 00 00 e5 00 00 47 98 00 49 00 40 f7 c5 00 00 00 04 ff 81 ff d3 00 16 00 28 1b 2a 00 01 80 25 00 00 14 7e 43 7b 72 5c 00 00 14 18
230,11040,WL,flash_sample,48,18.348,1,110,0,1,1,1,0,1,1,0,230,18348,0.035624,0.031232,-1.028216,0.0,0.041668,-1.322959,-3.15,1.54,2.8,52.1640625,98341,52.46,251.446716309,5.144,57 4c 01 6e 00 00 00 e6 00 00 47 ac 00 49 00 40 f7 c5 00 00 00 04 ff 81 ff d3 00 16 00 28 1b 2a 00 01 80 25 00 00 14 7e 43 7b 72 5c 00 00 14 18
231,11088,WL,flash_sample,48,18.368,1,110,0,1,1,1,0,1,1,0,231,18368,0.035624,0.031232,-1.028216,0.0,0.041668,-1.322959,-3.15,1.54,2.8,52.1640625,98341,52.46,251.446716309,5.144,57 4c 01 6e 00 00 00 e7 00 00 47 c0 00 49 00 40 f7 c5 00 00 00 04 ff 81 ff d3 00 16 00 28 1b 2a 00 01 80 25 00 00 14 7e 43 7b 72 5c 00 00 14 18
232,11136,WL,flash_sample,48,18.388,1,110,0,1,1,1,0,1,1,0,232,18388,0.035624,0.031232,-1.028216,0.0,0.041668,-1.322959,-3.15,1.54,2.8,52.1640625,98341,52.46,251.446716309,5.144,57 4c 01 6e 00 00 00 e8 00 00 47 d4 00 49 00 40 f7 c5 00 00 00 04 ff 81 ff d3 00 16 00 28 1b 2a 00 01 80 25 00 00 14 7e 43 7b 72 5c 00 00 14 18
233,11184,WL,flash_sample,48,18.409,1,110,0,1,1,1,0,1,1,0,233,18409,0.034648,0.03172,-1.026752,0.020834,-0.020834,-1.35421,-0.21,-0.07,-0.21,52.1640625,98344,52.49,251.193054199,5.144,57 4c 01 6e 00 00 00 e9 00 00 47 e9 00 47 00 41 f7 c8 00 02 ff fe ff 7e ff fd ff ff ff fd 1b 2a 00 01 80 28 00 00 14 81 43 7b 31 6c 00 00 14 18
234,11232,WL,flash_sample,48,18.428,1,110,0,1,1,1,0,1,1,0,234,18428,0.034648,0.03172,-1.026752,0.020834,-0.020834,-1.35421,-0.21,-0.07,-0.21,52.1640625,98344,52.49,251.193054199,5.144,57 4c 01 6e 00 00 00 ea 00 00 47 fc 00 47 00 41 f7 c8 00 02 ff fe ff 7e ff fd ff ff ff fd 1b 2a 00 01 80 28 00 00 14 81 43 7b 31 6c 00 00 14 18
235,11280,WL,flash_sample,48,18.448,1,110,0,1,1,1,0,1,1,0,235,18448,0.034648,0.03172,-1.026752,0.020834,-0.020834,-1.35421,-0.21,-0.07,-0.21,52.1640625,98344,52.49,251.193054199,5.144,57 4c 01 6e 00 00 00 eb 00 00 48 10 00 47 00 41 f7 c8 00 02 ff fe ff 7e ff fd ff ff ff fd 1b 2a 00 01 80 28 00 00 14 81 43 7b 31 6c 00 00 14 18
236,11328,WL,flash_sample,48,18.468,1,110,0,1,1,1,0,1,1,0,236,18468,0.034648,0.03172,-1.026752,0.020834,-0.020834,-1.35421,-0.21,-0.07,-0.21,52.1640625,98344,52.49,251.193054199,5.144,57 4c 01 6e 00 00 00 ec 00 00 48 24 00 47 00 41 f7 c8 00 02 ff fe ff 7e ff fd ff ff ff fd 1b 2a 00 01 80 28 00 00 14 81 43 7b 31 6c 00 00 14 18
237,11376,WL,flash_sample,48,18.488,1,110,0,1,1,1,0,1,1,0,237,18488,0.034648,0.03172,-1.026752,0.020834,-0.020834,-1.35421,-0.21,-0.07,-0.21,52.1640625,98344,52.49,251.193054199,5.144,57 4c 01 6e 00 00 00 ed 00 00 48 38 00 47 00 41 f7 c8 00 02 ff fe ff 7e ff fd ff ff ff fd 1b 2a 00 01 80 28 00 00 14 81 43 7b 31 6c 00 00 14 18
238,11424,WL,flash_sample,48,18.508,1,110,0,1,1,1,0,1,1,0,238,18508,0.034648,0.03172,-1.026752,0.020834,-0.020834,-1.35421,-0.21,-0.07,-0.21,52.1640625,98344,52.49,251.193054199,5.144,57 4c 01 6e 00 00 00 ee 00 00 48 4c 00 47 00 41 f7 c8 00 02 ff fe ff 7e ff fd ff ff ff fd 1b 2a 00 01 80 28 00 00 14 81 43 7b 31 6c 00 00 14 18
239,11472,WL,flash_sample,48,18.528,1,110,0,1,1,1,0,1,1,0,239,18528,0.034648,0.03172,-1.026752,0.020834,-0.020834,-1.35421,-0.21,-0.07,-0.21,52.1640625,98344,52.49,251.193054199,5.144,57 4c 01 6e 00 00 00 ef 00 00 48 60 00 47 00 41 f7 c8 00 02 ff fe ff 7e ff fd ff ff ff fd 1b 2a 00 01 80 28 00 00 14 81 43 7b 31 6c 00 00 14 18
240,11520,WL,flash_sample,48,18.548,1,110,0,1,1,1,0,1,1,0,240,18548,0.035624,0.032208,-1.026264,0.062502,-0.010417,-1.343793,-0.21,0.07,-0.35,52.13671875,98344,52.49,251.193054199,5.144,57 4c 01 6e 00 00 00 f0 00 00 48 74 00 49 00 42 f7 c9 00 06 ff ff ff 7f ff fd 00 01 ff fb 1b 23 00 01 80 28 00 00 14 81 43 7b 31 6c 00 00 14 18
241,11568,WL,flash_sample,48,18.568,1,110,0,1,1,1,0,1,1,0,241,18568,0.035624,0.032208,-1.026264,0.062502,-0.010417,-1.343793,-0.21,0.07,-0.35,52.13671875,98344,52.49,251.193054199,5.144,57 4c 01 6e 00 00 00 f1 00 00 48 88 00 49 00 42 f7 c9 00 06 ff ff ff 7f ff fd 00 01 ff fb 1b 23 00 01 80 28 00 00 14 81 43 7b 31 6c 00 00 14 18
242,11616,WL,flash_sample,48,18.589,1,110,0,1,1,1,0,1,1,0,242,18589,0.035136,0.032208,-1.025776,0.041668,0.010417,-1.364627,-0.21,0.07,-0.35,52.171875,98394,52.26,246.928421021,5.144,57 4c 01 6e 00 00 00 f2 00 00 48 9d 00 48 00 42 f7 ca 00 04 00 01 ff 7d ff fd 00 01 ff fb 1b 2c 00 01 80 5a 00 00 14 6a 43 76 ed ad 00 00 14 18
243,11664,WL,flash_sample,48,18.608,1,110,0,1,1,1,0,1,1,0,243,18608,0.035136,0.032208,-1.025776,0.041668,0.010417,-1.364627,-0.21,0.07,-0.35,52.171875,98394,52.26,246.928421021,5.144,57 4c 01 6e 00 00 00 f3 00 00 48 b0 00 48 00 42 f7 ca 00 04 00 01 ff 7d ff fd 00 01 ff fb 1b 2c 00 01 80 5a 00 00 14 6a 43 76 ed ad 00 00 14 18
244,11712,WL,flash_sample,48,18.628,1,110,0,1,1,1,0,1,1,0,244,18628,0.035136,0.032208,-1.025776,0.041668,0.010417,-1.364627,-0.21,0.07,-0.35,52.171875,98394,52.26,246.928421021,5.144,57 4c 01 6e 00 00 00 f4 00 00 48 c4 00 48 00 42 f7 ca 00 04 00 01 ff 7d ff fd 00 01 ff fb 1b 2c 00 01 80 5a 00 00 14 6a 43 76 ed ad 00 00 14 18
245,11760,WL,flash_sample,48,18.648,1,110,0,1,1,1,0,1,1,0,245,18648,0.035136,0.032208,-1.025776,0.041668,0.010417,-1.364627,-0.21,0.07,-0.35,52.171875,98394,52.26,246.928421021,5.144,57 4c 01 6e 00 00 00 f5 00 00 48 d8 00 48 00 42 f7 ca 00 04 00 01 ff 7d ff fd 00 01 ff fb 1b 2c 00 01 80 5a 00 00 14 6a 43 76 ed ad 00 00 14 18
246,11808,WL,flash_sample,48,18.673,1,64,0,0,0,0,0,0,1,0,246,18673,0.036112,0.03172,-1.026752,0.010417,0.010417,-1.375044,-0.21,-0.7,0.49,52.1640625,98394,52.26,246.928421021,5.14,57 4c 01 40 00 00 00 f6 00 00 48 f1 00 4a 00 41 f7 c8 00 01 00 01 ff 7c ff fd ff f6 00 07 1b 2a 00 01 80 5a 00 00 14 6a 43 76 ed ad 00 00 14 14
247,11856,WL,flash_sample,48,18.688,1,110,0,1,1,1,0,1,1,0,247,18688,0.035624,0.03172,-1.02724,0.072919,0.0,-1.343793,-1.26,-0.49,2.1,52.1484375,98334,51.93,252.043869019,5.144,57 4c 01 6e 00 00 00 f7 00 00 49 00 00 49 00 41 f7 c7 00 07 00 00 ff 7f ff ee ff f9 00 1e 1b 26 00 01 80 1e 00 00 14 49 43 7c 0b 3b 00 00 14 18
248,11904,WL,flash_sample,48,18.708,1,110,0,1,1,1,0,1,1,0,248,18708,0.035624,0.03172,-1.026264,0.031251,-0.020834,-1.333376,-2.31,0.21,3.15,52.1796875,98326,51.88,252.728210449,5.144,57 4c 01 6e 00 00 00 f8 00 00 49 14 00 49 00 41 f7 c9 00 03 ff fe ff 80 ff df 00 03 00 2d 1b 2e 00 01 80 16 00 00 14 44 43 7c ba 6c 00 00 14 18
249,11952,WL,flash_sample,48,18.728,1,110,0,1,1,1,0,1,1,0,249,18728,0.035624,0.03172,-1.02724,0.041668,-0.010417,-1.385461,-3.08,1.47,2.8,52.19921875,98326,51.95,252.728210449,5.148,57 4c 01 6e 00 00 00 f9 00 00 49 28 00 49 00 41 f7 c7 00 04 ff ff ff 7b ff d4 00 15 00 28 1b 33 00 01 80 16 00 00 14 4b 43 7c ba 6c 00 00 14 1c
250,12000,WL,flash_sample,48,18.748,1,102,0,1,1,0,0,1,1,0,250,18748,0.035624,0.032208,-1.028216,0.052085,-0.052085,-1.35421,-3.15,1.54,2.8,52.1640625,98324,52.02,252.897323608,5.148,57 4c 01 66 00 00 00 fa 00 00 49 3c 00 49 00 42 f7 c5 00 05 ff fb ff 7e ff d3 00 16 00 28 1b 2a 00 01 80 14 00 00 14 52 43 7c e5 b7 00 00 14 1c
251,12048,WL,flash_sample,48,18.769,1,102,0,1,1,0,0,1,1,0,251,18769,0.035624,0.03172,-1.027728,0.010417,0.0,-1.312542,-3.15,1.54,2.8,52.171875,98327,52.08,252.641021729,5.148,57 4c 01 66 00 00 00 fb 00 00 49 51 00 49 00 41 f7 c6 00 01 00 00 ff 82 ff d3 00 16 00 28 1b 2c 00 01 80 17 00 00 14 58 43 7c a4 1a 00 00 14 1c
252,12096,WL,flash_sample,48,18.788,1,110,0,1,1,1,0,1,1,0,252,18788,0.035136,0.032208,-1.028704,0.041668,-0.031251,-1.333376,-3.15,1.47,2.8,52.19921875,98328,52.14,252.556472778,5.148,57 4c 01 6e 00 00 00 fc 00 00 49 64 00 48 00 42 f7 c4 00 04 ff fd ff 80 ff d3 00 15 00 28 1b 33 00 01 80 18 00 00 14 5e 43 7c 8e 75 00 00 14 1c
253,12144,WL,flash_sample,48,18.808,1,110,0,1,1,1,0,1,1,0,253,18808,0.035136,0.03172,-1.027728,0.031251,-0.020834,-1.35421,-3.15,1.54,2.8,52.1875,98333,52.19,252.131057739,5.148,57 4c 01 6e 00 00 00 fd 00 00 49 78 00 48 00 41 f7 c6 00 03 ff fe ff 7e ff d3 00 16 00 28 1b 30 00 01 80 1d 00 00 14 63 43 7c 21 8d 00 00 14 1c
254,12192,WL,flash_sample,48,18.828,1,110,0,1,1,1,0,1,1,0,254,18828,0.034648,0.031232,-1.028216,0.010417,-0.010417,-1.35421,-3.08,1.47,2.94,52.1875,98333,52.24,252.131057739,5.132,57 4c 01 6e 00 00 00 fe 00 00 49 8c 00 47 00 40 f7 c5 00 01 ff ff ff 7e ff d4 00 15 00 2a 1b 30 00 01 80 1d 00 00 14 68 43 7c 21 8d 00 00 14 0c
255,12240,WL,flash_sample,48,18.848,1,102,0,1,1,0,0,1,1,0,255,18848,0.034648,0.032208,-1.027728,0.031251,0.031251,-1.375044,-3.22,1.54,2.8,52.1875,98334,52.29,252.043869019,5.132,57 4c 01 66 00 00 00 ff 00 00 49 a0 00 47 00 42 f7 c6 00 03 00 03 ff 7c ff d2 00 16 00 28 1b 30 00 01 80 1e 00 00 14 6d 43 7c 0b 3b 00 00 14 0c
256,12288,WL,flash_sample,48,18.868,1,102,0,1,1,0,0,1,1,0,256,18868,0.034648,0.032208,-1.027728,0.031251,0.031251,-1.375044,-3.22,1.54,2.8,52.1875,98334,52.29,252.043869019,5.132,57 4c 01 66 00 00 01 00 00 00 49 b4 00 47 00 42 f7 c6 00 03 00 03 ff 7c ff d2 00 16 00 28 1b 30 00 01 80 1e 00 00 14 6d 43 7c 0b 3b 00 00 14 0c
257,12336,WL,flash_sample,48,18.888,1,102,0,1,1,0,0,1,1,0,257,18888,0.034648,0.032208,-1.027728,0.031251,0.031251,-1.375044,-3.22,1.54,2.8,52.1875,98334,52.29,252.043869019,5.132,57 4c 01 66 00 00 01 01 00 00 49 c8 00 47 00 42 f7 c6 00 03 00 03 ff 7c ff d2 00 16 00 28 1b 30 00 01 80 1e 00 00 14 6d 43 7c 0b 3b 00 00 14 0c
258,12384,WL,flash_sample,48,18.908,1,102,0,1,1,0,0,1,1,0,258,18908,0.034648,0.032208,-1.027728,0.031251,0.031251,-1.375044,-3.22,1.54,2.8,52.1875,98334,52.29,252.043869019,5.132,57 4c 01 66 00 00 01 02 00 00 49 dc 00 47 00 42 f7 c6 00 03 00 03 ff 7c ff d2 00 16 00 28 1b 30 00 01 80 1e 00 00 14 6d 43 7c 0b 3b 00 00 14 0c
259,12432,WL,flash_sample,48,18.929,1,110,0,1,1,1,0,1,1,0,259,18929,0.036112,0.03172,-1.026264,0.052085,-0.020834,-1.364627,-0.63,-0.98,1.33,52.171875,98369,52.34,249.060745239,5.168,57 4c 01 6e 00 00 01 03 00 00 49 f1 00 4a 00 41 f7 c9 00 05 ff fe ff 7d ff f7 ff f2 00 13 1b 2c 00 01 80 41 00 00 14 72 43 79 0f 8d 00 00 14 30
260,12480,WL,flash_sample,48,18.948,1,110,0,1,1,1,0,1,1,0,260,18948,0.035136,0.032208,-1.026752,0.052085,0.010417,-1.364627,-1.68,-0.14,2.45,52.21484375,98333,52.19,252.131057739,5.168,57 4c 01 6e 00 00 01 04 00 00 4a 04 00 48 00 42 f7 c8 00 05 00 01 ff 7d ff e8 ff fe 00 23 1b 37 00 01 80 1d 00 00 14 63 43 7c 21 8d 00 00 14 30
261,12528,WL,flash_sample,48,18.968,1,102,0,1,1,0,0,1,1,0,261,18968,0.035624,0.03172,-1.02724,0.052085,-0.010417,-1.35421,-3.08,1.4,2.94,52.19921875,98334,52.24,252.043869019,5.168,57 4c 01 66 00 00 01 05 00 00 4a 18 00 49 00 41 f7 c7 00 05 ff ff ff 7e ff d4 00 14 00 2a 1b 33 00 01 80 1e 00 00 14 68 43 7c 0b 3b 00 00 14 30
262,12576,WL,flash_sample,48,18.988,1,102,0,1,1,0,0,1,1,0,262,18988,0.035624,0.03172,-1.028216,0.041668,-0.031251,-1.333376,-3.15,1.54,2.8,52.21484375,98335,52.29,251.959320068,5.168,57 4c 01 66 00 00 01 06 00 00 4a 2c 00 49 00 41 f7 c5 00 04 ff fd ff 80 ff d3 00 16 00 28 1b 37 00 01 80 1f 00 00 14 6d 43 7b f5 96 00 00 14 30
263,12624,WL,flash_sample,48,19.008,1,102,0,1,1,0,0,1,1,0,263,19008,0.036112,0.03172,-1.027728,0.031251,0.010417,-1.375044,-3.15,1.47,2.8,52.21484375,98332,52.33,252.215606689,5.168,57 4c 01 66 00 00 01 07 00 00 4a 40 00 4a 00 41 f7 c6 00 03 00 01 ff 7c ff d3 00 15 00 28 1b 37 00 01 80 1c 00 00 14 71 43 7c 37 32 00 00 14 30
264,12672,WL,flash_sample,48,19.029,1,110,0,1,1,1,0,1,1,0,264,19029,0.035624,0.031232,-1.027728,0.062502,-0.020834,-1.343793,-3.15,1.54,2.8,52.21484375,98332,52.37,252.215606689,5.132,57 4c 01 6e 00 00 01 08 00 00 4a 55 00 49 00 40 f7 c6 00 06 ff fe ff 7f ff d3 00 16 00 28 1b 37 00 01 80 1c 00 00 14 75 43 7c 37 32 00 00 14 0c
265,12720,WL,flash_sample,48,19.048,1,110,0,1,1,1,0,1,1,0,265,19048,0.035136,0.031232,-1.027728,0.062502,-0.020834,-1.385461,-3.15,1.54,2.87,52.19921875,98335,52.41,251.959320068,5.132,57 4c 01 6e 00 00 01 09 00 00 4a 68 00 48 00 40 f7 c6 00 06 ff fe ff 7b ff d3 00 16 00 29 1b 33 00 01 80 1f 00 00 14 79 43 7b f5 96 00 00 14 0c
266,12768,WL,flash_sample,48,19.068,1,110,0,1,1,1,0,1,1,0,266,19068,0.034648,0.03172,-1.027728,0.031251,0.010417,-1.35421,-3.08,1.47,2.8,52.20703125,98339,52.45,251.618453979,5.132,57 4c 01 6e 00 00 01 0a 00 00 4a 7c 00 47 00 41 f7 c6 00 03 00 01 ff 7e ff d4 00 15 00 28 1b 35 00 01 80 23 00 00 14 7d 43 7b 9e 53 00 00 14 0c
267,12816,WL,flash_sample,48,19.088,1,102,0,1,1,0,0,1,1,0,267,19088,0.035624,0.03172,-1.027728,0.062502,0.010417,-1.385461,-3.22,1.68,2.73,52.21484375,98335,52.47,251.959320068,5.132,57 4c 01 66 00 00 01 0b 00 00 4a 90 00 49 00 41 f7 c6 00 06 00 01 ff 7b ff d2 00 18 00 27 1b 37 00 01 80 1f 00 00 14 7f 43 7b f5 96 00 00 14 0c
268,12864,WL,flash_sample,48,19.108,1,102,0,1,1,0,0,1,1,0,268,19108,0.035624,0.03172,-1.027728,0.062502,0.010417,-1.385461,-3.22,1.68,2.73,52.21484375,98335,52.47,251.959320068,5.132,57 4c 01 66 00 00 01 0c 00 00 4a a4 00 49 00 41 f7 c6 00 06 00 01 ff 7b ff d2 00 18 00 27 1b 37 00 01 80 1f 00 00 14 7f 43 7b f5 96 00 00 14 0c
269,12912,WL,flash_sample,48,19.128,1,102,0,1,1,0,0,1,1,0,269,19128,0.035624,0.03172,-1.027728,0.062502,0.010417,-1.385461,-3.22,1.68,2.73,52.21484375,98335,52.47,251.959320068,5.132,57 4c 01 66 00 00 01 0d 00 00 4a b8 00 49 00 41 f7 c6 00 06 00 01 ff 7b ff d2 00 18 00 27 1b 37 00 01 80 1f 00 00 14 7f 43 7b f5 96 00 00 14 0c
270,12960,WL,flash_sample,48,19.148,1,102,0,1,1,0,0,1,1,0,270,19148,0.035624,0.03172,-1.027728,0.062502,0.010417,-1.385461,-3.22,1.68,2.73,52.21484375,98335,52.47,251.959320068,5.132,57 4c 01 66 00 00 01 0e 00 00 4a cc 00 49 00 41 f7 c6 00 06 00 01 ff 7b ff d2 00 18 00 27 1b 37 00 01 80 1f 00 00 14 7f 43 7b f5 96 00 00 14 0c
271,13008,WL,flash_sample,48,19.171,1,64,0,0,0,0,0,0,1,0,271,19171,0.035136,0.03172,-1.02724,0.062502,0.0,-1.375044,-0.21,-0.07,-0.21,52.23828125,98335,52.47,251.959320068,5.144,57 4c 01 40 00 00 01 0f 00 00 4a e3 00 48 00 41 f7 c7 00 06 00 00 ff 7c ff fd ff ff ff fd 1b 3d 00 01 80 1f 00 00 14 7f 43 7b f5 96 00 00 14 18
272,13056,WL,flash_sample,48,19.188,1,110,0,1,1,1,0,1,1,0,272,19188,0.035136,0.03172,-1.027728,0.072919,-0.010417,-1.364627,-1.05,-0.63,1.82,52.21484375,98381,52.52,248.03553772,5.144,57 4c 01 6e 00 00 01 10 00 00 4a f4 00 48 00 41 f7 c6 00 07 ff ff ff 7d ff f1 ff f7 00 1a 1b 37 00 01 80 4d 00 00 14 84 43 78 09 19 00 00 14 18
273,13104,WL,flash_sample,48,19.208,1,102,0,1,1,0,0,1,1,0,273,19208,0.035624,0.03172,-1.02724,0.062502,-0.041668,-1.312542,-2.52,0.42,3.36,52.1875,98336,52.32,251.874755859,5.144,57 4c 01 66 00 00 01 11 00 00 4b 08 00 49 00 41 f7 c7 00 06 ff fc ff 82 ff dc 00 06 00 30 1b 30 00 01 80 20 00 00 14 70 43 7b df f0 00 00 14 18
274,13152,WL,flash_sample,48,19.228,1,102,0,1,1,0,0,1,1,0,274,19228,0.035136,0.032208,-1.027728,0.052085,-0.010417,-1.302125,-3.08,1.54,2.87,52.19921875,98336,52.36,251.874755859,5.132,57 4c 01 66 00 00 01 12 00 00 4b 1c 00 48 00 42 f7 c6 00 05 ff ff ff 83 ff d4 00 16 00 29 1b 33 00 01 80 20 00 00 14 74 43 7b df f0 00 00 14 0c
275,13200,WL,flash_sample,48,19.248,1,103,1,1,1,0,0,1,1,0,275,19248,0.035136,0.03172,-1.028216,0.052085,-0.052085,-1.333376,-3.15,1.54,2.8,52.23046875,98338,52.4,251.703018188,5.132,57 4c 01 67 00 00 01 13 00 00 4b 30 00 48 00 41 f7 c5 00 05 ff fb ff 80 ff d3 00 16 00 28 1b 3b 00 01 80 22 00 00 14 78 43 7b b3 f9 00 00 14 0c
276,13248,WL,flash_sample,48,19.269,1,111,1,1,1,1,0,1,1,0,276,19269,0.035136,0.032208,-1.028216,0.041668,-0.010417,-1.375044,-3.15,1.54,2.8,52.265625,98336,52.44,251.874755859,5.132,57 4c 01 6f 00 00 01 14 00 00 4b 45 00 48 00 42 f7 c5 00 04 ff ff ff 7c ff d3 00 16 00 28 1b 44 00 01 80 20 00 00 14 7c 43 7b df f0 00 00 14 0c
277,13296,WL,flash_sample,48,19.288,1,111,1,1,1,1,0,1,1,0,277,19288,0.035136,0.03172,-1.028216,0.052085,0.0,-1.343793,-3.08,1.54,2.87,52.23828125,98334,52.48,252.043869019,5.132,57 4c 01 6f 00 00 01 15 00 00 4b 58 00 48 00 41 f7 c5 00 05 00 00 ff 7f ff d4 00 16 00 29 1b 3d 00 01 80 1e 00 00 14 80 43 7c 0b 3b 00 00 14 0c
278,13344,WL,flash_sample,48,19.308,1,111,1,1,1,1,0,1,1,0,278,19308,0.036112,0.03172,-1.028704,0.031251,0.0,-1.333376,-3.15,1.54,2.8,52.2734375,98340,52.51,251.533905029,5.132,57 4c 01 6f 00 00 01 16 00 00 4b 6c 00 4a 00 41 f7 c4 00 03 00 00 ff 80 ff d3 00 16 00 28 1b 46 00 01 80 24 00 00 14 83 43 7b 88 ae 00 00 14 0c
279,13392,WL,flash_sample,48,19.328,1,103,1,1,1,0,0,1,1,0,279,19328,0.035136,0.03172,-1.026752,0.031251,0.0,-1.364627,-3.15,1.54,2.87,52.2734375,98340,52.54,251.533905029,5.124,57 4c 01 67 00 00 01 17 00 00 4b 80 00 48 00 41 f7 c8 00 03 00 00 ff 7d ff d3 00 16 00 29 1b 46 00 01 80 24 00 00 14 86 43 7b 88 ae 00 00 14 04
280,13440,WL,flash_sample,48,19.348,1,111,1,1,1,1,0,1,1,0,280,19348,0.035624,0.032208,-1.027728,0.052085,-0.010417,-1.35421,-3.15,1.54,2.87,52.25390625,98339,52.57,251.618453979,5.124,57 4c 01 6f 00 00 01 18 00 00 4b 94 00 49 00 42 f7 c6 00 05 ff ff ff 7e ff d3 00 16 00 29 1b 41 00 01 80 23 00 00 14 89 43 7b 9e 53 00 00 14 04
281,13488,WL,flash_sample,48,19.368,1,111,1,1,1,1,0,1,1,0,281,19368,0.035624,0.032208,-1.027728,0.052085,-0.010417,-1.35421,-3.15,1.54,2.87,52.25390625,98339,52.57,251.618453979,5.124,57 4c 01 6f 00 00 01 19 00 00 4b a8 00 49 00 42 f7 c6 00 05 ff ff ff 7e ff d3 00 16 00 29 1b 41 00 01 80 23 00 00 14 89 43 7b 9e 53 00 00 14 04
282,13536,WL,flash_sample,48,19.388,1,111,1,1,1,1,0,1,1,0,282,19388,0.035624,0.032208,-1.027728,0.052085,-0.010417,-1.35421,-3.15,1.54,2.87,52.25390625,98339,52.57,251.618453979,5.124,57 4c 01 6f 00 00 01 1a 00 00 4b bc 00 49 00 42 f7 c6 00 05 ff ff ff 7e ff d3 00 16 00 29 1b 41 00 01 80 23 00 00 14 89 43 7b 9e 53 00 00 14 04
283,13584,WL,flash_sample,48,19.408,1,111,1,1,1,1,0,1,1,0,283,19408,0.035624,0.032208,-1.027728,0.052085,-0.010417,-1.35421,-3.15,1.54,2.87,52.25390625,98339,52.57,251.618453979,5.124,57 4c 01 6f 00 00 01 1b 00 00 4b d0 00 49 00 42 f7 c6 00 05 ff ff ff 7e ff d3 00 16 00 29 1b 41 00 01 80 23 00 00 14 89 43 7b 9e 53 00 00 14 04
284,13632,WL,flash_sample,48,19.428,1,111,1,1,1,1,0,1,1,0,284,19428,0.035136,0.03172,-1.026752,0.062502,0.010417,-1.35421,-0.21,0.07,-0.35,52.23828125,98339,52.57,251.618453979,5.124,57 4c 01 6f 00 00 01 1c 00 00 4b e4 00 48 00 41 f7 c8 00 06 00 01 ff 7e ff fd 00 01 ff fb 1b 3d 00 01 80 23 00 00 14 89 43 7b 9e 53 00 00 14 04
285,13680,WL,flash_sample,48,19.448,1,111,1,1,1,1,0,1,1,0,285,19448,0.035136,0.03172,-1.026752,0.062502,0.010417,-1.35421,-0.21,0.07,-0.35,52.23828125,98339,52.57,251.618453979,5.124,57 4c 01 6f 00 00 01 1d 00 00 4b f8 00 48 00 41 f7 c8 00 06 00 01 ff 7e ff fd 00 01 ff fb 1b 3d 00 01 80 23 00 00 14 89 43 7b 9e 53 00 00 14 04
286,13728,WL,flash_sample,48,19.468,1,111,1,1,1,1,0,1,1,0,286,19468,0.035136,0.03172,-1.026752,0.062502,0.010417,-1.35421,-0.21,0.07,-0.35,52.23828125,98339,52.57,251.618453979,5.124,57 4c 01 6f 00 00 01 1e 00 00 4c 0c 00 48 00 41 f7 c8 00 06 00 01 ff 7e ff fd 00 01 ff fb 1b 3d 00 01 80 23 00 00 14 89 43 7b 9e 53 00 00 14 04
287,13776,WL,flash_sample,48,19.488,1,111,1,1,1,1,0,1,1,0,287,19488,0.035136,0.03172,-1.026752,0.062502,0.010417,-1.35421,-0.21,0.07,-0.35,52.23828125,98339,52.57,251.618453979,5.124,57 4c 01 6f 00 00 01 1f 00 00 4c 20 00 48 00 41 f7 c8 00 06 00 01 ff 7e ff fd 00 01 ff fb 1b 3d 00 01 80 23 00 00 14 89 43 7b 9e 53 00 00 14 04
288,13824,WL,flash_sample,48,19.508,1,111,1,1,1,1,0,1,1,0,288,19508,0.035136,0.03172,-1.026752,0.062502,0.010417,-1.35421,-0.21,0.07,-0.35,52.23828125,98339,52.57,251.618453979,5.124,57 4c 01 6f 00 00 01 20 00 00 4c 34 00 48 00 41 f7 c8 00 06 00 01 ff 7e ff fd 00 01 ff fb 1b 3d 00 01 80 23 00 00 14 89 43 7b 9e 53 00 00 14 04
289,13872,WL,flash_sample,48,19.528,1,111,1,1,1,1,0,1,1,0,289,19528,0.035136,0.03172,-1.026752,0.062502,0.010417,-1.35421,-0.21,0.07,-0.35,52.23828125,98339,52.57,251.618453979,5.124,57 4c 01 6f 00 00 01 21 00 00 4c 48 00 48 00 41 f7 c8 00 06 00 01 ff 7e ff fd 00 01 ff fb 1b 3d 00 01 80 23 00 00 14 89 43 7b 9e 53 00 00 14 04
290,13920,WL,flash_sample,48,19.549,1,111,1,1,1,1,0,1,1,0,290,19549,0.035624,0.032208,-1.025288,0.041668,-0.020834,-1.343793,-0.21,0.07,-0.28,52.24609375,98391,52.6,247.1847229,5.124,57 4c 01 6f 00 00 01 22 00 00 4c 5d 00 49 00 42 f7 cb 00 04 ff fe ff 7f ff fd 00 01 ff fc 1b 3f 00 01 80 57 00 00 14 8c 43 77 2f 4a 00 00 14 04
291,13968,WL,flash_sample,48,19.568,1,111,1,1,1,1,0,1,1,0,291,19568,0.035624,0.032208,-1.025288,0.041668,-0.020834,-1.343793,-0.21,0.07,-0.28,52.24609375,98391,52.6,247.1847229,5.124,57 4c 01 6f 00 00 01 23 00 00 4c 70 00 49 00 42 f7 cb 00 04 ff fe ff 7f ff fd 00 01 ff fc 1b 3f 00 01 80 57 00 00 14 8c 43 77 2f 4a 00 00 14 04
292,14016,WL,flash_sample,48,19.588,1,111,1,1,1,1,0,1,1,0,292,19588,0.035624,0.032208,-1.025288,0.041668,-0.020834,-1.343793,-0.21,0.07,-0.28,52.24609375,98391,52.6,247.1847229,5.124,57 4c 01 6f 00 00 01 24 00 00 4c 84 00 49 00 42 f7 cb 00 04 ff fe ff 7f ff fd 00 01 ff fc 1b 3f 00 01 80 57 00 00 14 8c 43 77 2f 4a 00 00 14 04
293,14064,WL,flash_sample,48,19.608,1,111,1,1,1,1,0,1,1,0,293,19608,0.03416,0.032696,-1.025776,0.010417,0.010417,-1.333376,-0.14,0.07,-0.35,52.265625,98391,52.6,247.1847229,5.124,57 4c 01 6f 00 00 01 25 00 00 4c 98 00 46 00 43 f7 ca 00 01 00 01 ff 80 ff fe 00 01 ff fb 1b 44 00 01 80 57 00 00 14 8c 43 77 2f 4a 00 00 14 04
294,14112,WL,flash_sample,48,19.628,1,111,1,1,1,1,0,1,1,0,294,19628,0.03416,0.032696,-1.025776,0.010417,0.010417,-1.333376,-0.14,0.07,-0.35,52.265625,98391,52.6,247.1847229,5.124,57 4c 01 6f 00 00 01 26 00 00 4c ac 00 46 00 43 f7 ca 00 01 00 01 ff 80 ff fe 00 01 ff fb 1b 44 00 01 80 57 00 00 14 8c 43 77 2f 4a 00 00 14 04
295,14160,WL,flash_sample,48,19.648,1,111,1,1,1,1,0,1,1,0,295,19648,0.03416,0.032696,-1.025776,0.010417,0.010417,-1.333376,-0.14,0.07,-0.35,52.265625,98391,52.6,247.1847229,5.124,57 4c 01 6f 00 00 01 27 00 00 4c c0 00 46 00 43 f7 ca 00 01 00 01 ff 80 ff fe 00 01 ff fb 1b 44 00 01 80 57 00 00 14 8c 43 77 2f 4a 00 00 14 04
296,14208,WL,flash_sample,48,19.668,1,111,1,1,1,1,0,1,1,0,296,19668,0.03416,0.032696,-1.025776,0.010417,0.010417,-1.333376,-0.14,0.07,-0.35,52.265625,98391,52.6,247.1847229,5.124,57 4c 01 6f 00 00 01 28 00 00 4c d4 00 46 00 43 f7 ca 00 01 00 01 ff 80 ff fe 00 01 ff fb 1b 44 00 01 80 57 00 00 14 8c 43 77 2f 4a 00 00 14 04
297,14256,WL,flash_sample,48,19.688,1,97,1,0,0,0,0,1,1,0,297,19688,0.035624,0.032208,-1.026264,0.031251,-0.020834,-1.343793,-0.63,-0.91,1.4,52.23046875,98345,52.06,251.105865479,5.156,57 4c 01 61 00 00 01 29 00 00 4c e8 00 49 00 42 f7 c9 00 03 ff fe ff 7f ff f7 ff f3 00 14 1b 3b 00 01 80 29 00 00 14 56 43 7b 1b 1a 00 00 14 24
298,14304,WL,flash_sample,48,19.708,1,103,1,1,1,0,0,1,1,0,298,19708,0.035624,0.03172,-1.02724,0.0,0.0,-1.343793,-1.75,-0.21,2.59,52.23828125,98322,51.91,253.069061279,5.156,57 4c 01 67 00 00 01 2a 00 00 4c fc 00 49 00 41 f7 c7 00 00 00 00 ff 7f ff e7 ff fd 00 25 1b 3d 00 01 80 12 00 00 14 47 43 7d 11 ae 00 00 14 24
299,14352,WL,flash_sample,48,19.728,1,111,1,1,1,1,0,1,1,0,299,19728,0.035624,0.032208,-1.026752,0.072919,-0.020834,-1.333376,-3.15,1.4,2.94,52.24609375,98326,52.0,252.728210449,5.136,57 4c 01 6f 00 00 01 2b 00 00 4d 10 00 49 00 42 f7 c8 00 07 ff fe ff 80 ff d3 00 14 00 2a 1b 3f 00 01 80 16 00 00 14 50 43 7c ba 6c 00 00 14 10
300,14400,WL,flash_sample,48,19.748,1,111,1,1,1,1,0,1,1,0,300,19748,0.035136,0.032208,-1.027728,0.093753,-0.010417,-1.322959,-3.08,1.54,2.8,52.24609375,98326,52.06,252.728210449,5.136,57 4c 01 6f 00 00 01 2c 00 00 4d 24 00 48 00 42 f7 c6 00 09 ff ff ff 81 ff d4 00 16 00 28 1b 3f 00 01 80 16 00 00 14 56 43 7c ba 6c 00 00 14 10
301,14448,WL,flash_sample,48,19.768,1,111,1,1,1,1,0,1,1,0,301,19768,0.036112,0.03172,-1.027728,0.020834,-0.020834,-1.333376,-3.15,1.54,2.87,52.23828125,98324,52.13,252.897323608,5.136,57 4c 01 6f 00 00 01 2d 00 00 4d 38 00 4a 00 41 f7 c6 00 02 ff fe ff 80 ff d3 00 16 00 29 1b 3d 00 01 80 14 00 00 14 5d 43 7c e5 b7 00 00 14 10
302,14496,WL,flash_sample,48,19.788,1,111,1,1,1,1,0,1,1,0,302,19788,0.034648,0.03172,-1.029192,0.020834,-0.020834,-1.322959,-3.15,1.54,2.87,52.21484375,98324,52.19,252.897323608,5.136,57 4c 01 6f 00 00 01 2e 00 00 4d 4c 00 47 00 41 f7 c3 00 02 ff fe ff 81 ff d3 00 16 00 29 1b 37 00 01 80 14 00 00 14 63 43 7c e5 b7 00 00 14 10
303,14544,WL,flash_sample,48,19.808,1,103,1,1,1,0,0,1,1,0,303,19808,0.035624,0.032208,-1.028704,0.052085,-0.020834,-1.333376,-3.15,1.54,2.8,52.27734375,98328,52.25,252.556472778,5.136,57 4c 01 67 00 00 01 2f 00 00 4d 60 00 49 00 42 f7 c4 00 05 ff fe ff 80 ff d3 00 16 00 28 1b 47 00 01 80 18 00 00 14 69 43 7c 8e 75 00 00 14 10
304,14592,WL,flash_sample,48,19.828,1,103,1,1,1,0,0,1,1,0,304,19828,0.035624,0.031232,-1.028216,0.031251,0.010417,-1.375044,-3.08,1.47,2.94,52.2734375,98331,52.3,252.300170898,5.112,57 4c 01 67 00 00 01 30 00 00 4d 74 00 49 00 40 f7 c5 00 03 00 01 ff 7c ff d4 00 15 00 2a 1b 46 00 01 80 1b 00 00 14 6e 43 7c 4c d8 00 00 13 f8
305,14640,WL,flash_sample,48,19.848,1,111,1,1,1,1,0,1,1,0,305,19848,0.035136,0.031232,-1.027728,0.062502,-0.020834,-1.333376,-3.15,1.54,2.8,52.26953125,98333,52.35,252.131057739,5.112,57 4c 01 6f 00 00 01 31 00 00 4d 88 00 48 00 40 f7 c6 00 06 ff fe ff 80 ff d3 00 16 00 28 1b 45 00 01 80 1d 00 00 14 73 43 7c 21 8d 00 00 13 f8
306,14688,WL,flash_sample,48,19.868,1,111,1,1,1,1,0,1,1,0,306,19868,0.035136,0.031232,-1.027728,0.062502,-0.020834,-1.333376,-3.15,1.54,2.8,52.26953125,98333,52.35,252.131057739,5.112,57 4c 01 6f 00 00 01 32 00 00 4d 9c 00 48 00 40 f7 c6 00 06 ff fe ff 80 ff d3 00 16 00 28 1b 45 00 01 80 1d 00 00 14 73 43 7c 21 8d 00 00 13 f8
307,14736,WL,flash_sample,48,19.888,1,111,1,1,1,1,0,1,1,0,307,19888,0.035136,0.031232,-1.027728,0.062502,-0.020834,-1.333376,-3.15,1.54,2.8,52.26953125,98333,52.35,252.131057739,5.112,57 4c 01 6f 00 00 01 33 00 00 4d b0 00 48 00 40 f7 c6 00 06 ff fe ff 80 ff d3 00 16 00 28 1b 45 00 01 80 1d 00 00 14 73 43 7c 21 8d 00 00 13 f8
308,14784,WL,flash_sample,48,19.908,1,111,1,1,1,1,0,1,1,0,308,19908,0.035136,0.031232,-1.027728,0.062502,-0.020834,-1.333376,-3.15,1.54,2.8,52.26953125,98333,52.35,252.131057739,5.112,57 4c 01 6f 00 00 01 34 00 00 4d c4 00 48 00 40 f7 c6 00 06 ff fe ff 80 ff d3 00 16 00 28 1b 45 00 01 80 1d 00 00 14 73 43 7c 21 8d 00 00 13 f8
309,14832,WL,flash_sample,48,19.931,1,97,1,0,0,0,0,1,1,0,309,19931,0.035136,0.03172,-1.026264,0.062502,-0.052085,-1.333376,-0.28,-0.14,-0.14,52.23046875,98338,52.4,251.703018188,5.124,57 4c 01 61 00 00 01 35 00 00 4d db 00 48 00 41 f7 c9 00 06 ff fb ff 80 ff fc ff fe ff fe 1b 3b 00 01 80 22 00 00 14 78 43 7b b3 f9 00 00 14 04
310,14880,WL,flash_sample,48,19.948,1,103,1,1,1,0,0,1,1,0,310,19948,0.036112,0.031232,-1.027728,0.031251,-0.010417,-1.35421,-1.05,-0.7,1.82,52.265625,98329,52.23,252.471908569,5.124,57 4c 01 67 00 00 01 36 00 00 4d ec 00 4a 00 40 f7 c6 00 03 ff ff ff 7e ff f1 ff f6 00 1a 1b 44 00 01 80 19 00 00 14 67 43 7c 78 cf 00 00 14 04
311,14928,WL,flash_sample,48,19.968,1,111,1,1,1,1,0,1,1,0,311,19968,0.036112,0.03172,-1.02724,0.010417,-0.020834,-1.35421,-2.52,0.49,3.36,52.26953125,98330,52.29,252.384719849,5.124,57 4c 01 6f 00 00 01 37 00 00 4e 00 00 4a 00 41 f7 c7 00 01 ff fe ff 7e ff dc 00 07 00 30 1b 45 00 01 80 1a 00 00 14 6d 43 7c 62 7d 00 00 14 04
312,14976,WL,flash_sample,48,19.988,1,111,1,1,1,1,0,1,1,0,312,19988,0.036112,0.032208,-1.028216,0.010417,0.020834,-1.35421,-3.08,1.54,2.8,52.25390625,98329,52.34,252.471908569,5.124,57 4c 01 6f 00 00 01 38 00 00 4e 14 00 4a 00 42 f7 c5 00 01 00 02 ff 7e ff d4 00 16 00 28 1b 41 00 01 80 19 00 00 14 72 43 7c 78 cf 00 00 14 04
313,15024,WL,flash_sample,48,20.008,1,111,1,1,1,1,0,1,1,0,313,20008,0.035136,0.032208,-1.029192,0.041668,-0.020834,-1.312542,-3.15,1.54,2.87,52.25390625,98332,52.39,252.215606689,5.124,57 4c 01 6f 00 00 01 39 00 00 4e 28 00 48 00 42 f7 c3 00 04 ff fe ff 82 ff d3 00 16 00 29 1b 41 00 01 80 1c 00 00 14 77 43 7c 37 32 00 00 14 04
314,15072,WL,flash_sample,48,20.029,1,103,1,1,1,0,0,1,1,0,314,20029,0.035136,0.032208,-1.028216,0.031251,-0.020834,-1.364627,-3.08,1.54,2.87,52.28515625,98333,52.43,252.131057739,5.124,57 4c 01 67 00 00 01 3a 00 00 4e 3d 00 48 00 42 f7 c5 00 03 ff fe ff 7d ff d4 00 16 00 29 1b 49 00 01 80 1d 00 00 14 7b 43 7c 21 8d 00 00 14 04
315,15120,WL,flash_sample,48,20.048,1,103,1,1,1,0,0,1,1,0,315,20048,0.036112,0.031232,-1.028216,0.010417,0.041668,-1.35421,-3.15,1.54,2.8,52.2421875,98331,52.47,252.300170898,5.124,57 4c 01 67 00 00 01 3b 00 00 4e 50 00 4a 00 40 f7 c5 00 01 00 04 ff 7e ff d3 00 16 00 28 1b 3e 00 01 80 1b 00 00 14 7f 43 7c 4c d8 00 00 14 04
316,15168,WL,flash_sample,48,20.068,1,103,1,1,1,0,0,1,1,0,316,20068,0.035136,0.032208,-1.029192,0.041668,0.010417,-1.375044,-3.15,1.47,2.87,52.29296875,98338,52.51,251.703018188,5.124,57 4c 01 67 00 00 01 3c 00 00 4e 64 00 48 00 42 f7 c3 00 04 00 01 ff 7c ff d3 00 15 00 29 1b 4b 00 01 80 22 00 00 14 83 43 7b b3 f9 00 00 14 04
317,15216,WL,flash_sample,48,20.088,1,111,1,1,1,1,0,1,1,0,317,20088,0.035624,0.032208,-1.027728,0.041668,-0.020834,-1.364627,-3.22,1.75,2.66,52.3046875,98336,52.54,251.874755859,5.124,57 4c 01 6f 00 00 01 3d 00 00 4e 78 00 49 00 42 f7 c6 00 04 ff fe ff 7d ff d2 00 19 00 26 1b 4e 00 01 80 20 00 00 14 86 43 7b df f0 00 00 14 04
318,15264,WL,flash_sample,48,20.108,1,103,1,1,1,0,0,1,1,0,318,20108,0.035136,0.03172,-1.028216,0.010417,-0.020834,-1.312542,-3.15,1.54,2.87,52.3046875,98336,52.54,251.874755859,5.124,57 4c 01 67 00 00 01 3e 00 00 4e 8c 00 48 00 41 f7 c5 00 01 ff fe ff 82 ff d3 00 16 00 29 1b 4e 00 01 80 20 00 00 14 86 43 7b df f0 00 00 14 04
319,15312,WL,flash_sample,48,20.128,1,103,1,1,1,0,0,1,1,0,319,20128,0.035136,0.03172,-1.028216,0.010417,-0.020834,-1.312542,-3.15,1.54,2.87,52.3046875,98336,52.54,251.874755859,5.124,57 4c 01 67 00 00 01 3f 00 00 4e a0 00 48 00 41 f7 c5 00 01 ff fe ff 82 ff d3 00 16 00 29 1b 4e 00 01 80 20 00 00 14 86 43 7b df f0 00 00 14 04
320,15360,WL,flash_sample,48,20.148,1,103,1,1,1,0,0,1,1,0,320,20148,0.035136,0.03172,-1.028216,0.010417,-0.020834,-1.312542,-3.15,1.54,2.87,52.3046875,98336,52.54,251.874755859,5.124,57 4c 01 67 00 00 01 40 00 00 4e b4 00 48 00 41 f7 c5 00 01 ff fe ff 82 ff d3 00 16 00 29 1b 4e 00 01 80 20 00 00 14 86 43 7b df f0 00 00 14 04
321,15408,WL,flash_sample,48,20.168,1,103,1,1,1,0,0,1,1,0,321,20168,0.035136,0.03172,-1.028216,0.010417,-0.020834,-1.312542,-3.15,1.54,2.87,52.3046875,98336,52.54,251.874755859,5.124,57 4c 01 67 00 00 01 41 00 00 4e c8 00 48 00 41 f7 c5 00 01 ff fe ff 82 ff d3 00 16 00 29 1b 4e 00 01 80 20 00 00 14 86 43 7b df f0 00 00 14 04
322,15456,WL,flash_sample,48,20.188,1,97,1,0,0,0,0,1,1,0,322,20188,0.035624,0.031232,-1.026752,0.062502,-0.041668,-1.322959,-0.28,-0.98,0.84,52.3203125,98339,52.58,251.618453979,5.112,57 4c 01 61 00 00 01 42 00 00 4e dc 00 49 00 40 f7 c8 00 06 ff fc ff 81 ff fc ff f2 00 0c 1b 52 00 01 80 23 00 00 14 8a 43 7b 9e 53 00 00 13 f8
323,15504,WL,flash_sample,48,20.208,1,111,1,1,1,1,0,1,1,0,323,20208,0.035624,0.03172,-1.027728,0.041668,0.010417,-1.35421,-1.89,0.0,2.8,52.25,98333,52.36,252.131057739,5.112,57 4c 01 6f 00 00 01 43 00 00 4e f0 00 49 00 41 f7 c6 00 04 00 01 ff 7e ff e5 00 00 00 28 1b 40 00 01 80 1d 00 00 14 74 43 7c 21 8d 00 00 13 f8
324,15552,WL,flash_sample,48,20.228,1,111,1,1,1,1,0,1,1,0,324,20228,0.035624,0.03172,-1.027728,0.052085,-0.052085,-1.333376,-2.87,0.98,3.29,52.34375,98335,52.41,251.959320068,5.116,57 4c 01 6f 00 00 01 44 00 00 4f 04 00 49 00 41 f7 c6 00 05 ff fb ff 80 ff d7 00 0e 00 2f 1b 58 00 01 80 1f 00 00 14 79 43 7b f5 96 00 00 13 fc
325,15600,WL,flash_sample,48,20.248,1,110,0,1,1,1,0,1,1,0,325,20248,0.035136,0.03172,-1.027728,0.052085,-0.010417,-1.385461,-3.08,1.54,2.73,52.3125,98336,52.46,251.874755859,5.116,57 4c 01 6e 00 00 01 45 00 00 4f 18 00 48 00 41 f7 c6 00 05 ff ff ff 7b ff d4 00 16 00 27 1b 50 00 01 80 20 00 00 14 7e 43 7b df f0 00 00 13 fc
326,15648,WL,flash_sample,48,20.268,1,102,0,1,1,0,0,1,1,0,326,20268,0.035136,0.031232,-1.028704,0.041668,0.010417,-1.385461,-3.15,1.47,2.8,52.33203125,98338,52.5,251.703018188,5.116,57 4c 01 66 00 00 01 46 00 00 4f 2c 00 48 00 40 f7 c4 00 04 00 01 ff 7b ff d3 00 15 00 28 1b 55 00 01 80 22 00 00 14 82 43 7b b3 f9 00 00 13 fc
327,15696,WL,flash_sample,48,20.288,1,102,0,1,1,0,0,1,1,0,327,20288,0.035624,0.032208,-1.028704,0.031251,0.0,-1.364627,-3.08,1.47,2.8,52.35546875,98337,52.54,251.787567139,5.116,57 4c 01 66 00 00 01 47 00 00 4f 40 00 49 00 42 f7 c4 00 03 00 00 ff 7d ff d4 00 15 00 28 1b 5b 00 01 80 21 00 00 14 86 43 7b c9 9e 00 00 13 fc
328,15744,WL,flash_sample,48,20.308,1,110,0,1,1,1,0,1,1,0,328,20308,0.034648,0.031232,-1.02724,0.041668,0.0,-1.343793,-3.15,1.54,2.8,52.33203125,98339,52.57,251.618453979,5.116,57 4c 01 6e 00 00 01 48 00 00 4f 54 00 47 00 40 f7 c7 00 04 00 00 ff 7f ff d3 00 16 00 28 1b 55 00 01 80 23 00 00 14 89 43 7b 9e 53 00 00 13 fc
329,15792,WL,flash_sample,48,20.328,1,110,0,1,1,1,0,1,1,0,329,20328,0.034648,0.03172,-1.028704,0.062502,0.020834,-1.364627,-3.15,1.54,2.8,52.3125,98338,52.61,251.703018188,5.124,57 4c 01 6e 00 00 01 49 00 00 4f 68 00 47 00 41 f7 c4 00 06 00 02 ff 7d ff d3 00 16 00 28 1b 50 00 01 80 22 00 00 14 8d 43 7b b3 f9 00 00 14 04
330,15840,WL,flash_sample,48,20.348,1,110,0,1,1,1,0,1,1,0,330,20348,0.035624,0.031232,-1.028216,0.052085,-0.020834,-1.364627,-3.15,1.54,2.8,52.3203125,98338,52.64,251.703018188,5.124,57 4c 01 6e 00 00 01 4a 00 00 4f 7c 00 49 00 40 f7 c5 00 05 ff fe ff 7d ff d3 00 16 00 28 1b 52 00 01 80 22 00 00 14 90 43 7b b3 f9 00 00 14 04
331,15888,WL,flash_sample,48,20.368,1,110,0,1,1,1,0,1,1,0,331,20368,0.035624,0.031232,-1.028216,0.052085,-0.020834,-1.364627,-3.15,1.54,2.8,52.3203125,98338,52.64,251.703018188,5.124,57 4c 01 6e 00 00 01 4b 00 00 4f 90 00 49 00 40 f7 c5 00 05 ff fe ff 7d ff d3 00 16 00 28 1b 52 00 01 80 22 00 00 14 90 43 7b b3 f9 00 00 14 04
332,15936,WL,flash_sample,48,20.388,1,110,0,1,1,1,0,1,1,0,332,20388,0.035624,0.031232,-1.028216,0.052085,-0.020834,-1.364627,-3.15,1.54,2.8,52.3203125,98338,52.64,251.703018188,5.124,57 4c 01 6e 00 00 01 4c 00 00 4f a4 00 49 00 40 f7 c5 00 05 ff fe ff 7d ff d3 00 16 00 28 1b 52 00 01 80 22 00 00 14 90 43 7b b3 f9 00 00 14 04
333,15984,WL,flash_sample,48,20.408,1,110,0,1,1,1,0,1,1,0,333,20408,0.035624,0.031232,-1.028216,0.052085,-0.020834,-1.364627,-3.15,1.54,2.8,52.3203125,98338,52.64,251.703018188,5.124,57 4c 01 6e 00 00 01 4d 00 00 4f b8 00 49 00 40 f7 c5 00 05 ff fe ff 7d ff d3 00 16 00 28 1b 52 00 01 80 22 00 00 14 90 43 7b b3 f9 00 00 14 04
334,16032,WL,flash_sample,48,20.429,1,110,0,1,1,1,0,1,1,0,334,20429,0.035624,0.031232,-1.026264,0.093753,-0.020834,-1.364627,-0.28,-0.7,0.49,52.3203125,98342,52.67,251.3621521,5.124,57 4c 01 6e 00 00 01 4e 00 00 4f cd 00 49 00 40 f7 c9 00 09 ff fe ff 7d ff fc ff f6 00 07 1b 52 00 01 80 26 00 00 14 93 43 7b 5c b6 00 00 14 04
335,16080,WL,flash_sample,48,20.448,1,110,0,1,1,1,0,1,1,0,335,20448,0.035624,0.031232,-1.026264,0.093753,-0.020834,-1.364627,-0.28,-0.7,0.49,52.3203125,98342,52.67,251.3621521,5.124,57 4c 01 6e 00 00 01 4f 00 00 4f e0 00 49 00 40 f7 c9 00 09 ff fe ff 7d ff fc ff f6 00 07 1b 52 00 01 80 26 00 00 14 93 43 7b 5c b6 00 00 14 04
336,16128,WL,flash_sample,48,20.468,1,110,0,1,1,1,0,1,1,0,336,20468,0.035624,0.031232,-1.026264,0.093753,-0.020834,-1.364627,-0.28,-0.7,0.49,52.3203125,98342,52.67,251.3621521,5.124,57 4c 01 6e 00 00 01 50 00 00 4f f4 00 49 00 40 f7 c9 00 09 ff fe ff 7d ff fc ff f6 00 07 1b 52 00 01 80 26 00 00 14 93 43 7b 5c b6 00 00 14 04
337,16176,WL,flash_sample,48,20.488,1,110,0,1,1,1,0,1,1,0,337,20488,0.035624,0.031232,-1.026264,0.093753,-0.020834,-1.364627,-0.28,-0.7,0.49,52.3203125,98342,52.67,251.3621521,5.124,57 4c 01 6e 00 00 01 51 00 00 50 08 00 49 00 40 f7 c9 00 09 ff fe ff 7d ff fc ff f6 00 07 1b 52 00 01 80 26 00 00 14 93 43 7b 5c b6 00 00 14 04
338,16224,WL,flash_sample,48,20.508,1,110,0,1,1,1,0,1,1,0,338,20508,0.035624,0.031232,-1.026264,0.093753,-0.020834,-1.364627,-0.28,-0.7,0.49,52.3203125,98342,52.67,251.3621521,5.124,57 4c 01 6e 00 00 01 52 00 00 50 1c 00 49 00 40 f7 c9 00 09 ff fe ff 7d ff fc ff f6 00 07 1b 52 00 01 80 26 00 00 14 93 43 7b 5c b6 00 00 14 04
339,16272,WL,flash_sample,48,20.528,1,110,0,1,1,1,0,1,1,0,339,20528,0.035624,0.031232,-1.026264,0.093753,-0.020834,-1.364627,-0.28,-0.7,0.49,52.3203125,98342,52.67,251.3621521,5.124,57 4c 01 6e 00 00 01 53 00 00 50 30 00 49 00 40 f7 c9 00 09 ff fe ff 7d ff fc ff f6 00 07 1b 52 00 01 80 26 00 00 14 93 43 7b 5c b6 00 00 14 04
340,16320,WL,flash_sample,48,20.548,1,110,0,1,1,1,0,1,1,0,340,20548,0.035624,0.031232,-1.026264,0.093753,-0.020834,-1.364627,-0.28,-0.7,0.49,52.3203125,98342,52.67,251.3621521,5.124,57 4c 01 6e 00 00 01 54 00 00 50 44 00 49 00 40 f7 c9 00 09 ff fe ff 7d ff fc ff f6 00 07 1b 52 00 01 80 26 00 00 14 93 43 7b 5c b6 00 00 14 04
341,16368,WL,flash_sample,48,20.568,1,110,0,1,1,1,0,1,1,0,341,20568,0.035624,0.032208,-1.026264,0.031251,-0.010417,-1.302125,-0.21,0.14,-0.35,52.3046875,98342,52.67,251.3621521,5.124,57 4c 01 6e 00 00 01 55 00 00 50 58 00 49 00 42 f7 c9 00 03 ff ff ff 83 ff fd 00 02 ff fb 1b 4e 00 01 80 26 00 00 14 93 43 7b 5c b6 00 00 14 04
342,16416,WL,flash_sample,48,20.588,1,110,0,1,1,1,0,1,1,0,342,20588,0.035624,0.032208,-1.026264,0.031251,-0.010417,-1.302125,-0.21,0.14,-0.35,52.3046875,98342,52.67,251.3621521,5.124,57 4c 01 6e 00 00 01 56 00 00 50 6c 00 49 00 42 f7 c9 00 03 ff ff ff 83 ff fd 00 02 ff fb 1b 4e 00 01 80 26 00 00 14 93 43 7b 5c b6 00 00 14 04
343,16464,WL,flash_sample,48,20.609,1,110,0,1,1,1,0,1,1,0,343,20609,0.035136,0.032208,-1.026752,0.062502,0.010417,-1.375044,-0.21,0.0,-0.28,52.296875,98396,52.44,246.756668091,5.124,57 4c 01 6e 00 00 01 57 00 00 50 81 00 48 00 42 f7 c8 00 06 00 01 ff 7c ff fd 00 00 ff fc 1b 4c 00 01 80 5c 00 00 14 7c 43 76 c1 b5 00 00 14 04
344,16512,WL,flash_sample,48,20.628,1,110,0,1,1,1,0,1,1,0,344,20628,0.035136,0.032208,-1.026752,0.062502,0.010417,-1.375044,-0.21,0.0,-0.28,52.296875,98396,52.44,246.756668091,5.124,57 4c 01 6e 00 00 01 58 00 00 50 94 00 48 00 42 f7 c8 00 06 00 01 ff 7c ff fd 00 00 ff fc 1b 4c 00 01 80 5c 00 00 14 7c 43 76 c1 b5 00 00 14 04
345,16560,WL,flash_sample,48,20.648,1,110,0,1,1,1,0,1,1,0,345,20648,0.035136,0.032208,-1.026752,0.062502,0.010417,-1.375044,-0.21,0.0,-0.28,52.296875,98396,52.44,246.756668091,5.124,57 4c 01 6e 00 00 01 59 00 00 50 a8 00 48 00 42 f7 c8 00 06 00 01 ff 7c ff fd 00 00 ff fc 1b 4c 00 01 80 5c 00 00 14 7c 43 76 c1 b5 00 00 14 04
346,16608,WL,flash_sample,48,20.668,1,110,0,1,1,1,0,1,1,0,346,20668,0.035136,0.032208,-1.026752,0.062502,0.010417,-1.375044,-0.21,0.0,-0.28,52.296875,98396,52.44,246.756668091,5.124,57 4c 01 6e 00 00 01 5a 00 00 50 bc 00 48 00 42 f7 c8 00 06 00 01 ff 7c ff fd 00 00 ff fc 1b 4c 00 01 80 5c 00 00 14 7c 43 76 c1 b5 00 00 14 04
347,16656,WL,flash_sample,48,20.693,1,64,0,0,0,0,0,0,1,0,347,20693,0.035624,0.032208,-1.026752,0.072919,-0.010417,-1.333376,-0.21,-0.14,-0.14,52.30859375,98396,52.44,246.756668091,5.124,57 4c 01 40 00 00 01 5b 00 00 50 d5 00 49 00 42 f7 c8 00 07 ff ff ff 80 ff fd ff fe ff fe 1b 4f 00 01 80 5c 00 00 14 7c 43 76 c1 b5 00 00 14 04
348,16704,WL,flash_sample,48,20.708,1,110,0,1,1,1,0,1,1,0,348,20708,0.035624,0.032208,-1.026752,0.020834,0.0,-1.322959,-1.05,-0.7,1.82,52.35546875,98350,52.11,250.680450439,5.128,57 4c 01 6e 00 00 01 5c 00 00 50 e4 00 49 00 42 f7 c8 00 02 00 00 ff 81 ff f1 ff f6 00 1a 1b 5b 00 01 80 2e 00 00 14 5b 43 7a ae 32 00 00 14 08
349,16752,WL,flash_sample,48,20.728,1,102,0,1,1,0,0,1,1,0,349,20728,0.035136,0.032208,-1.028216,0.020834,0.0,-1.343793,-2.59,0.49,3.43,52.3203125,98325,52.06,252.812774658,5.144,57 4c 01 66 00 00 01 5d 00 00 50 f8 00 48 00 42 f7 c5 00 02 00 00 ff 7f ff db 00 07 00 31 1b 52 00 01 80 15 00 00 14 56 43 7c d0 12 00 00 14 18
350,16800,WL,flash_sample,48,20.748,1,102,0,1,1,0,0,1,1,0,350,20748,0.035624,0.03172,-1.028216,0.031251,-0.041668,-1.343793,-3.15,1.47,2.8,52.35546875,98326,52.13,252.728210449,5.144,57 4c 01 66 00 00 01 5e 00 00 51 0c 00 49 00 41 f7 c5 00 03 ff fc ff 7f ff d3 00 15 00 28 1b 5b 00 01 80 16 00 00 14 5d 43 7c ba 6c 00 00 14 18
351,16848,WL,flash_sample,48,20.768,1,102,0,1,1,0,0,1,1,0,351,20768,0.035136,0.03172,-1.02724,0.031251,0.010417,-1.35421,-3.08,1.47,2.87,52.38671875,98328,52.2,252.556472778,5.144,57 4c 01 66 00 00 01 5f 00 00 51 20 00 48 00 41 f7 c7 00 03 00 01 ff 7e ff d4 00 15 00 29 1b 63 00 01 80 18 00 00 14 64 43 7c 8e 75 00 00 14 18
352,16896,WL,flash_sample,48,20.789,1,110,0,1,1,1,0,1,1,0,352,20789,0.035624,0.032696,-1.028216,0.0,-0.020834,-1.333376,-3.08,1.54,2.8,52.296875,98329,52.26,252.471908569,5.144,57 4c 01 6e 00 00 01 60 00 00 51 35 00 49 00 43 f7 c5 00 00 ff fe ff 80 ff d4 00 16 00 28 1b 4c 00 01 80 19 00 00 14 6a 43 7c 78 cf 00 00 14 18
353,16944,WL,flash_sample,48,20.808,1,110,0,1,1,1,0,1,1,0,353,20808,0.035624,0.03172,-1.028216,0.020834,-0.020834,-1.343793,-3.08,1.54,2.8,52.36328125,98330,52.32,252.384719849,5.144,57 4c 01 6e 00 00 01 61 00 00 51 48 00 49 00 41 f7 c5 00 02 ff fe ff 7f ff d4 00 16 00 28 1b 5d 00 01 80 1a 00 00 14 70 43 7c 62 7d 00 00 14 18
354,16992,WL,flash_sample,48,20.828,1,110,0,1,1,1,0,1,1,0,354,20828,0.035136,0.031232,-1.028216,0.020834,0.0,-1.333376,-3.08,1.47,2.94,52.33984375,98330,52.37,252.384719849,5.144,57 4c 01 6e 00 00 01 62 00 00 51 5c 00 48 00 40 f7 c5 00 02 00 00 ff 80 ff d4 00 15 00 2a 1b 57 00 01 80 1a 00 00 14 75 43 7c 62 7d 00 00 14 18
355,17040,WL,flash_sample,48,20.848,1,102,0,1,1,0,0,1,1,0,355,20848,0.036112,0.031232,-1.028216,0.062502,-0.041668,-1.333376,-3.15,1.54,2.8,52.3125,98330,52.42,252.384719849,5.144,57 4c 01 66 00 00 01 63 00 00 51 70 00 4a 00 40 f7 c5 00 06 ff fc ff 80 ff d3 00 16 00 28 1b 50 00 01 80 1a 00 00 14 7a 43 7c 62 7d 00 00 14 18
356,17088,WL,flash_sample,48,20.868,1,110,0,1,1,1,0,1,1,0,356,20868,0.035624,0.03172,-1.028216,0.041668,-0.031251,-1.322959,-3.15,1.54,2.8,52.36328125,98333,52.47,252.131057739,5.144,57 4c 01 6e 00 00 01 64 00 00 51 84 00 49 00 41 f7 c5 00 04 ff fd ff 81 ff d3 00 16 00 28 1b 5d 00 01 80 1d 00 00 14 7f 43 7c 21 8d 00 00 14 18
357,17136,WL,flash_sample,48,20.888,1,110,0,1,1,1,0,1,1,0,357,20888,0.035624,0.03172,-1.028216,0.041668,-0.031251,-1.322959,-3.15,1.54,2.8,52.36328125,98333,52.47,252.131057739,5.144,57 4c 01 6e 00 00 01 65 00 00 51 98 00 49 00 41 f7 c5 00 04 ff fd ff 81 ff d3 00 16 00 28 1b 5d 00 01 80 1d 00 00 14 7f 43 7c 21 8d 00 00 14 18
358,17184,WL,flash_sample,48,20.908,1,110,0,1,1,1,0,1,1,0,358,20908,0.035624,0.03172,-1.028216,0.041668,-0.031251,-1.322959,-3.15,1.54,2.8,52.36328125,98333,52.47,252.131057739,5.144,57 4c 01 6e 00 00 01 66 00 00 51 ac 00 49 00 41 f7 c5 00 04 ff fd ff 81 ff d3 00 16 00 28 1b 5d 00 01 80 1d 00 00 14 7f 43 7c 21 8d 00 00 14 18
359,17232,WL,flash_sample,48,20.928,1,110,0,1,1,1,0,1,1,0,359,20928,0.035624,0.03172,-1.028216,0.041668,-0.031251,-1.322959,-3.15,1.54,2.8,52.36328125,98333,52.47,252.131057739,5.144,57 4c 01 6e 00 00 01 67 00 00 51 c0 00 49 00 41 f7 c5 00 04 ff fd ff 81 ff d3 00 16 00 28 1b 5d 00 01 80 1d 00 00 14 7f 43 7c 21 8d 00 00 14 18
360,17280,WL,flash_sample,48,20.948,1,96,0,0,0,0,0,1,1,0,360,20948,0.035136,0.03172,-1.026264,0.041668,0.0,-1.333376,-0.35,-0.98,0.91,52.3203125,98364,52.52,249.48614502,5.144,57 4c 01 60 00 00 01 68 00 00 51 d4 00 48 00 41 f7 c9 00 04 00 00 ff 80 ff fb ff f2 00 0d 1b 52 00 01 80 3c 00 00 14 84 43 79 7c 74 00 00 14 18
361,17328,WL,flash_sample,48,20.968,1,102,0,1,1,0,0,1,1,0,361,20968,0.035624,0.03172,-1.027728,0.031251,0.0,-1.343793,-1.96,0.0,2.8,52.34765625,98332,52.37,252.215606689,5.144,57 4c 01 66 00 00 01 69 00 00 51 e8 00 49 00 41 f7 c6 00 03 00 00 ff 7f ff e4 00 00 00 28 1b 59 00 01 80 1c 00 00 14 75 43 7c 37 32 00 00 14 18
362,17376,WL,flash_sample,48,20.988,1,102,0,1,1,0,0,1,1,0,362,20988,0.035624,0.03172,-1.02724,0.020834,-0.020834,-1.333376,-2.94,1.05,3.22,52.37890625,98332,52.41,252.215606689,5.144,57 4c 01 66 00 00 01 6a 00 00 51 fc 00 49 00 41 f7 c7 00 02 ff fe ff 80 ff d6 00 0f 00 2e 1b 61 00 01 80 1c 00 00 14 79 43 7c 37 32 00 00 14 18
363,17424,WL,flash_sample,48,21.008,1,102,0,1,1,0,0,1,1,0,363,21008,0.035624,0.03172,-1.027728,0.062502,0.0,-1.395878,-3.22,1.54,2.8,52.36328125,98335,52.46,251.959320068,5.144,57 4c 01 66 00 00 01 6b 00 00 52 10 00 49 00 41 f7 c6 00 06 00 00 ff 7a ff d2 00 16 00 28 1b 5d 00 01 80 1f 00 00 14 7e 43 7b f5 96 00 00 14 18
364,17472,WL,flash_sample,48,21.028,1,110,0,1,1,1,0,1,1,0,364,21028,0.035624,0.03172,-1.028216,0.052085,-0.020834,-1.343793,-3.15,1.54,2.8,52.33984375,98335,52.51,251.959320068,5.128,57 4c 01 6e 00 00 01 6c 00 00 52 24 00 49 00 41 f7 c5 00 05 ff fe ff 7f ff d3 00 16 00 28 1b 57 00 01 80 1f 00 00 14 83 43 7b f5 96 00 00 14 08
365,17520,WL,flash_sample,48,21.048,1,110,0,1,1,1,0,1,1,0,365,21048,0.0366,0.031232,-1.026752,0.062502,-0.041668,-1.322959,-3.15,1.54,2.8,52.41015625,98334,52.55,252.043869019,5.128,57 4c 01 6e 00 00 01 6d 00 00 52 38 00 4b 00 40 f7 c8 00 06 ff fc ff 81 ff d3 00 16 00 28 1b 69 00 01 80 1e 00 00 14 87 43 7c 0b 3b 00 00 14 08
366,17568,WL,flash_sample,48,21.068,1,110,0,1,1,1,0,1,1,0,366,21068,0.0366,0.03172,-1.02724,0.020834,0.010417,-1.312542,-3.15,1.54,2.8,52.3359375,98336,52.59,251.874755859,5.128,57 4c 01 6e 00 00 01 6e 00 00 52 4c 00 4b 00 41 f7 c7 00 02 00 01 ff 82 ff d3 00 16 00 28 1b 56 00 01 80 20 00 00 14 8b 43 7b df f0 00 00 14 08
367,17616,WL,flash_sample,48,21.088,1,102,0,1,1,0,0,1,1,0,367,21088,0.035136,0.03172,-1.027728,0.062502,0.010417,-1.322959,-3.29,1.82,2.59,52.3984375,98334,52.61,252.043869019,5.128,57 4c 01 66 00 00 01 6f 00 00 52 60 00 48 00 41 f7 c6 00 06 00 01 ff 81 ff d1 00 1a 00 25 1b 66 00 01 80 1e 00 00 14 8d 43 7c 0b 3b 00 00 14 08
368,17664,WL,flash_sample,48,21.108,1,102,0,1,1,0,0,1,1,0,368,21108,0.035624,0.03172,-1.027728,0.062502,0.0,-1.322959,-3.15,1.54,2.8,52.37890625,98338,52.66,251.703018188,5.128,57 4c 01 66 00 00 01 70 00 00 52 74 00 49 00 41 f7 c6 00 06 00 00 ff 81 ff d3 00 16 00 28 1b 61 00 01 80 22 00 00 14 92 43 7b b3 f9 00 00 14 08
369,17712,WL,flash_sample,48,21.128,1,102,0,1,1,0,0,1,1,0,369,21128,0.035624,0.03172,-1.027728,0.062502,0.0,-1.322959,-3.15,1.54,2.8,52.37890625,98338,52.66,251.703018188,5.128,57 4c 01 66 00 00 01 71 00 00 52 88 00 49 00 41 f7 c6 00 06 00 00 ff 81 ff d3 00 16 00 28 1b 61 00 01 80 22 00 00 14 92 43 7b b3 f9 00 00 14 08
370,17760,WL,flash_sample,48,21.148,1,102,0,1,1,0,0,1,1,0,370,21148,0.035624,0.03172,-1.027728,0.062502,0.0,-1.322959,-3.15,1.54,2.8,52.37890625,98338,52.66,251.703018188,5.128,57 4c 01 66 00 00 01 72 00 00 52 9c 00 49 00 41 f7 c6 00 06 00 00 ff 81 ff d3 00 16 00 28 1b 61 00 01 80 22 00 00 14 92 43 7b b3 f9 00 00 14 08
371,17808,WL,flash_sample,48,21.168,1,102,0,1,1,0,0,1,1,0,371,21168,0.035624,0.03172,-1.027728,0.062502,0.0,-1.322959,-3.15,1.54,2.8,52.37890625,98338,52.66,251.703018188,5.128,57 4c 01 66 00 00 01 73 00 00 52 b0 00 49 00 41 f7 c6 00 06 00 00 ff 81 ff d3 00 16 00 28 1b 61 00 01 80 22 00 00 14 92 43 7b b3 f9 00 00 14 08
372,17856,WL,flash_sample,48,21.191,1,96,0,0,0,0,0,1,1,0,372,21191,0.036112,0.031232,-1.028216,0.031251,0.0,-1.312542,-0.21,-0.7,0.49,52.33203125,98338,52.66,251.703018188,5.156,57 4c 01 60 00 00 01 74 00 00 52 c7 00 4a 00 40 f7 c5 00 03 00 00 ff 82 ff fd ff f6 00 07 1b 55 00 01 80 22 00 00 14 92 43 7b b3 f9 00 00 14 24
373,17904,WL,flash_sample,48,21.208,1,102,0,1,1,0,0,1,1,0,373,21208,0.035624,0.032208,-1.026752,0.052085,-0.020834,-1.364627,-1.33,-0.49,2.1,52.36328125,98381,52.69,248.03553772,5.156,57 4c 01 66 00 00 01 75 00 00 52 d8 00 49 00 42 f7 c8 00 05 ff fe ff 7d ff ed ff f9 00 1e 1b 5d 00 01 80 4d 00 00 14 95 43 78 09 19 00 00 14 24
374,17952,WL,flash_sample,48,21.228,1,102,0,1,1,0,0,1,1,0,374,21228,0.035136,0.03172,-1.028216,0.041668,0.010417,-1.35421,-2.31,0.28,3.15,52.36328125,98337,52.5,251.787567139,5.128,57 4c 01 66 00 00 01 76 00 00 52 ec 00 48 00 41 f7 c5 00 04 00 01 ff 7e ff df 00 04 00 2d 1b 5d 00 01 80 21 00 00 14 82 43 7b c9 9e 00 00 14 08
375,18000,WL,flash_sample,48,21.248,1,111,1,1,1,1,0,1,1,0,375,21248,0.035136,0.032696,-1.027728,0.031251,-0.020834,-1.364627,-3.15,1.47,2.8,52.359375,98336,52.54,251.874755859,5.128,57 4c 01 6f 00 00 01 77 00 00 53 00 00 48 00 43 f7 c6 00 03 ff fe ff 7d ff d3 00 15 00 28 1b 5c 00 01 80 20 00 00 14 86 43 7b df f0 00 00 14 08
376,18048,WL,flash_sample,48,21.268,1,111,1,1,1,1,0,1,1,0,376,21268,0.035624,0.03172,-1.027728,0.010417,0.010417,-1.333376,-3.15,1.47,2.8,52.3984375,98334,52.58,252.043869019,5.128,57 4c 01 6f 00 00 01 78 00 00 53 14 00 49 00 41 f7 c6 00 01 00 01 ff 80 ff d3 00 15 00 28 1b 66 00 01 80 1e 00 00 14 8a 43 7c 0b 3b 00 00 14 08
377,18096,WL,flash_sample,48,21.289,1,111,1,1,1,1,0,1,1,0,377,21289,0.035136,0.031232,-1.028216,0.062502,0.020834,-1.375044,-3.15,1.54,2.8,52.38671875,98337,52.62,251.787567139,5.128,57 4c 01 6f 00 00 01 79 00 00 53 29 00 48 00 40 f7 c5 00 06 00 02 ff 7c ff d3 00 16 00 28 1b 63 00 01 80 21 00 00 14 8e 43 7b c9 9e 00 00 14 08
378,18144,WL,flash_sample,48,21.308,1,111,1,1,1,1,0,1,1,0,378,21308,0.034648,0.030744,-1.028216,0.062502,-0.020834,-1.364627,-3.15,1.47,2.8,52.37890625,98339,52.65,251.618453979,5.128,57 4c 01 6f 00 00 01 7a 00 00 53 3c 00 47 00 3f f7 c5 00 06 ff fe ff 7d ff d3 00 15 00 28 1b 61 00 01 80 23 00 00 14 91 43 7b 9e 53 00 00 14 08
379,18192,WL,flash_sample,48,21.328,1,103,1,1,1,0,0,1,1,0,379,21328,0.035624,0.031232,-1.027728,0.083336,0.020834,-1.35421,-3.15,1.54,2.8,52.41015625,98337,52.69,251.787567139,5.124,57 4c 01 67 00 00 01 7b 00 00 53 50 00 49 00 40 f7 c6 00 08 00 02 ff 7e ff d3 00 16 00 28 1b 69 00 01 80 21 00 00 14 95 43 7b c9 9e 00 00 14 04
380,18240,WL,flash_sample,48,21.348,1,103,1,1,1,0,0,1,1,0,380,21348,0.035624,0.03172,-1.028216,0.062502,-0.020834,-1.333376,-3.15,1.47,2.8,52.4296875,98339,52.72,251.618453979,5.124,57 4c 01 67 00 00 01 7c 00 00 53 64 00 49 00 41 f7 c5 00 06 ff fe ff 80 ff d3 00 15 00 28 1b 6e 00 01 80 23 00 00 14 98 43 7b 9e 53 00 00 14 04
381,18288,WL,flash_sample,48,21.368,1,111,1,1,1,1,0,1,1,0,381,21368,0.035624,0.031232,-1.027728,0.020834,-0.020834,-1.322959,-3.15,1.54,2.87,52.3828125,98336,52.75,251.874755859,5.124,57 4c 01 6f 00 00 01 7d 00 00 53 78 00 49 00 40 f7 c6 00 02 ff fe ff 81 ff d3 00 16 00 29 1b 62 00 01 80 20 00 00 14 9b 43 7b df f0 00 00 14 04
382,18336,WL,flash_sample,48,21.388,1,111,1,1,1,1,0,1,1,0,382,21388,0.035624,0.031232,-1.027728,0.020834,-0.020834,-1.322959,-3.15,1.54,2.87,52.3828125,98336,52.75,251.874755859,5.124,57 4c 01 6f 00 00 01 7e 00 00 53 8c 00 49 00 40 f7 c6 00 02 ff fe ff 81 ff d3 00 16 00 29 1b 62 00 01 80 20 00 00 14 9b 43 7b df f0 00 00 14 04
383,18384,WL,flash_sample,48,21.408,1,111,1,1,1,1,0,1,1,0,383,21408,0.035624,0.031232,-1.027728,0.020834,-0.020834,-1.322959,-3.15,1.54,2.87,52.3828125,98336,52.75,251.874755859,5.124,57 4c 01 6f 00 00 01 7f 00 00 53 a0 00 49 00 40 f7 c6 00 02 ff fe ff 81 ff d3 00 16 00 29 1b 62 00 01 80 20 00 00 14 9b 43 7b df f0 00 00 14 04
384,18432,WL,flash_sample,48,21.428,1,111,1,1,1,1,0,1,1,0,384,21428,0.035624,0.031232,-1.027728,0.020834,-0.020834,-1.322959,-3.15,1.54,2.87,52.3828125,98336,52.75,251.874755859,5.124,57 4c 01 6f 00 00 01 80 00 00 53 b4 00 49 00 40 f7 c6 00 02 ff fe ff 81 ff d3 00 16 00 29 1b 62 00 01 80 20 00 00 14 9b 43 7b df f0 00 00 14 04
385,18480,WL,flash_sample,48,21.448,1,111,1,1,1,1,0,1,1,0,385,21448,0.034648,0.03172,-1.025776,0.052085,0.0,-1.333376,-0.21,-0.49,0.14,52.40234375,98336,52.75,251.874755859,5.124,57 4c 01 6f 00 00 01 81 00 00 53 c8 00 47 00 41 f7 ca 00 05 00 00 ff 80 ff fd ff f9 00 02 1b 67 00 01 80 20 00 00 14 9b 43 7b df f0 00 00 14 04
386,18528,WL,flash_sample,48,21.468,1,111,1,1,1,1,0,1,1,0,386,21468,0.034648,0.03172,-1.025776,0.052085,0.0,-1.333376,-0.21,-0.49,0.14,52.40234375,98336,52.75,251.874755859,5.124,57 4c 01 6f 00 00 01 82 00 00 53 dc 00 47 00 41 f7 ca 00 05 00 00 ff 80 ff fd ff f9 00 02 1b 67 00 01 80 20 00 00 14 9b 43 7b df f0 00 00 14 04
387,18576,WL,flash_sample,48,21.488,1,111,1,1,1,1,0,1,1,0,387,21488,0.034648,0.03172,-1.025776,0.052085,0.0,-1.333376,-0.21,-0.49,0.14,52.40234375,98336,52.75,251.874755859,5.124,57 4c 01 6f 00 00 01 83 00 00 53 f0 00 47 00 41 f7 ca 00 05 00 00 ff 80 ff fd ff f9 00 02 1b 67 00 01 80 20 00 00 14 9b 43 7b df f0 00 00 14 04
388,18624,WL,flash_sample,48,21.508,1,111,1,1,1,1,0,1,1,0,388,21508,0.034648,0.03172,-1.025776,0.052085,0.0,-1.333376,-0.21,-0.49,0.14,52.40234375,98336,52.75,251.874755859,5.124,57 4c 01 6f 00 00 01 84 00 00 54 04 00 47 00 41 f7 ca 00 05 00 00 ff 80 ff fd ff f9 00 02 1b 67 00 01 80 20 00 00 14 9b 43 7b df f0 00 00 14 04
389,18672,WL,flash_sample,48,21.528,1,111,1,1,1,1,0,1,1,0,389,21528,0.034648,0.03172,-1.025776,0.052085,0.0,-1.333376,-0.21,-0.49,0.14,52.40234375,98336,52.75,251.874755859,5.124,57 4c 01 6f 00 00 01 85 00 00 54 18 00 47 00 41 f7 ca 00 05 00 00 ff 80 ff fd ff f9 00 02 1b 67 00 01 80 20 00 00 14 9b 43 7b df f0 00 00 14 04
390,18720,WL,flash_sample,48,21.548,1,111,1,1,1,1,0,1,1,0,390,21548,0.034648,0.03172,-1.025776,0.052085,0.0,-1.333376,-0.21,-0.49,0.14,52.40234375,98336,52.75,251.874755859,5.124,57 4c 01 6f 00 00 01 86 00 00 54 2c 00 47 00 41 f7 ca 00 05 00 00 ff 80 ff fd ff f9 00 02 1b 67 00 01 80 20 00 00 14 9b 43 7b df f0 00 00 14 04
391,18768,WL,flash_sample,48,21.569,1,111,1,1,1,1,0,1,1,0,391,21569,0.034648,0.032208,-1.025776,0.031251,0.010417,-1.343793,-0.14,0.07,-0.35,52.36328125,98391,52.78,247.1847229,5.124,57 4c 01 6f 00 00 01 87 00 00 54 41 00 47 00 42 f7 ca 00 03 00 01 ff 7f ff fe 00 01 ff fb 1b 5d 00 01 80 57 00 00 14 9e 43 77 2f 4a 00 00 14 04
392,18816,WL,flash_sample,48,21.588,1,111,1,1,1,1,0,1,1,0,392,21588,0.034648,0.032208,-1.025776,0.031251,0.010417,-1.343793,-0.14,0.07,-0.35,52.36328125,98391,52.78,247.1847229,5.124,57 4c 01 6f 00 00 01 88 00 00 54 54 00 47 00 42 f7 ca 00 03 00 01 ff 7f ff fe 00 01 ff fb 1b 5d 00 01 80 57 00 00 14 9e 43 77 2f 4a 00 00 14 04
393,18864,WL,flash_sample,48,21.608,1,111,1,1,1,1,0,1,1,0,393,21608,0.034648,0.032208,-1.025776,0.031251,0.010417,-1.343793,-0.14,0.07,-0.35,52.36328125,98391,52.78,247.1847229,5.124,57 4c 01 6f 00 00 01 89 00 00 54 68 00 47 00 42 f7 ca 00 03 00 01 ff 7f ff fe 00 01 ff fb 1b 5d 00 01 80 57 00 00 14 9e 43 77 2f 4a 00 00 14 04
394,18912,WL,flash_sample,48,21.628,1,111,1,1,1,1,0,1,1,0,394,21628,0.035136,0.03172,-1.026264,0.041668,0.0,-1.322959,-0.21,0.14,-0.35,52.41015625,98391,52.78,247.1847229,5.124,57 4c 01 6f 00 00 01 8a 00 00 54 7c 00 48 00 41 f7 c9 00 04 00 00 ff 81 ff fd 00 02 ff fb 1b 69 00 01 80 57 00 00 14 9e 43 77 2f 4a 00 00 14 04
395,18960,WL,flash_sample,48,21.648,1,111,1,1,1,1,0,1,1,0,395,21648,0.035136,0.03172,-1.026264,0.041668,0.0,-1.322959,-0.21,0.14,-0.35,52.41015625,98391,52.78,247.1847229,5.124,57 4c 01 6f 00 00 01 8b 00 00 54 90 00 48 00 41 f7 c9 00 04 00 00 ff 81 ff fd 00 02 ff fb 1b 69 00 01 80 57 00 00 14 9e 43 77 2f 4a 00 00 14 04
396,19008,WL,flash_sample,48,21.668,1,111,1,1,1,1,0,1,1,0,396,21668,0.035136,0.03172,-1.026264,0.041668,0.0,-1.322959,-0.21,0.14,-0.35,52.41015625,98391,52.78,247.1847229,5.124,57 4c 01 6f 00 00 01 8c 00 00 54 a4 00 48 00 41 f7 c9 00 04 00 00 ff 81 ff fd 00 02 ff fb 1b 69 00 01 80 57 00 00 14 9e 43 77 2f 4a 00 00 14 04
397,19056,WL,flash_sample,48,21.688,1,111,1,1,1,1,0,1,1,0,397,21688,0.035136,0.03172,-1.026264,0.041668,0.0,-1.322959,-0.21,0.14,-0.35,52.41015625,98391,52.78,247.1847229,5.124,57 4c 01 6f 00 00 01 8d 00 00 54 b8 00 48 00 41 f7 c9 00 04 00 00 ff 81 ff fd 00 02 ff fb 1b 69 00 01 80 57 00 00 14 9e 43 77 2f 4a 00 00 14 04
398,19104,WL,flash_sample,48,21.708,1,97,1,0,0,0,0,1,1,0,398,21708,0.035136,0.03172,-1.026264,0.031251,-0.010417,-1.322959,-0.35,-1.05,1.05,52.43359375,98348,52.24,250.849563599,5.14,57 4c 01 61 00 00 01 8e 00 00 54 cc 00 48 00 41 f7 c9 00 03 ff ff ff 81 ff fb ff f1 00 0f 1b 6f 00 01 80 2c 00 00 14 68 43 7a d9 7d 00 00 14 14
399,19152,WL,flash_sample,48,21.728,1,111,1,1,1,1,0,1,1,0,399,21728,0.036112,0.032208,-1.026752,0.052085,-0.020834,-1.333376,-1.96,0.07,2.8,52.40234375,98322,52.09,253.069061279,5.132,57 4c 01 6f 00 00 01 8f 00 00 54 e0 00 4a 00 42 f7 c8 00 05 ff fe ff 80 ff e4 00 01 00 28 1b 67 00 01 80 12 00 00 14 59 43 7d 11 ae 00 00 14 0c
400,19200,WL,flash_sample,48,21.748,1,111,1,1,1,1,0,1,1,0,400,21748,0.035624,0.03172,-1.028216,0.031251,-0.010417,-1.385461,-2.94,1.05,3.22,52.40234375,98324,52.17,252.897323608,5.132,57 4c 01 6f 00 00 01 90 00 00 54 f4 00 49 00 41 f7 c5 00 03 ff ff ff 7b ff d6 00 0f 00 2e 1b 67 00 01 80 14 00 00 14 61 43 7c e5 b7 00 00 14 0c
401,19248,WL,flash_sample,48,21.768,1,111,1,1,1,1,0,1,1,0,401,21768,0.035136,0.03172,-1.028216,0.020834,-0.031251,-1.302125,-3.15,1.47,2.87,52.41015625,98326,52.24,252.728210449,5.132,57 4c 01 6f 00 00 01 91 00 00 55 08 00 48 00 41 f7 c5 00 02 ff fd ff 83 ff d3 00 15 00 29 1b 69 00 01 80 16 00 00 14 68 43 7c ba 6c 00 00 14 0c
402,19296,WL,flash_sample,48,21.788,1,103,1,1,1,0,0,1,1,0,402,21788,0.035624,0.031232,-1.028704,0.062502,0.010417,-1.343793,-3.08,1.54,2.87,52.4140625,98326,52.31,252.728210449,5.132,57 4c 01 67 00 00 01 92 00 00 55 1c 00 49 00 40 f7 c4 00 06 00 01 ff 7f ff d4 00 16 00 29 1b 6a 00 01 80 16 00 00 14 6f 43 7c ba 6c 00 00 14 0c
403,19344,WL,flash_sample,48,21.808,1,103,1,1,1,0,0,1,1,0,403,21808,0.035624,0.03172,-1.028216,0.031251,-0.020834,-1.343793,-3.15,1.54,2.87,52.40234375,98328,52.37,252.556472778,5.132,57 4c 01 67 00 00 01 93 00 00 55 30 00 49 00 41 f7 c5 00 03 ff fe ff 7f ff d3 00 16 00 29 1b 67 00 01 80 18 00 00 14 75 43 7c 8e 75 00 00 14 0c
404,19392,WL,flash_sample,48,21.828,1,103,1,1,1,0,0,1,1,0,404,21828,0.035136,0.032208,-1.028704,0.052085,0.031251,-1.343793,-3.15,1.54,2.8,52.40234375,98326,52.42,252.728210449,5.124,57 4c 01 67 00 00 01 94 00 00 55 44 00 48 00 42 f7 c4 00 05 00 03 ff 7f ff d3 00 16 00 28 1b 67 00 01 80 16 00 00 14 7a 43 7c ba 6c 00 00 14 04
405,19440,WL,flash_sample,48,21.848,1,111,1,1,1,1,0,1,1,0,405,21848,0.036112,0.03172,-1.028216,0.031251,-0.020834,-1.364627,-3.15,1.54,2.87,52.41796875,98329,52.48,252.471908569,5.124,57 4c 01 6f 00 00 01 95 00 00 55 58 00 4a 00 41 f7 c5 00 03 ff fe ff 7d ff d3 00 16 00 29 1b 6b 00 01 80 19 00 00 14 80 43 7c 78 cf 00 00 14 04
406,19488,WL,flash_sample,48,21.868,1,111,1,1,1,1,0,1,1,0,406,21868,0.034648,0.03172,-1.028216,0.052085,0.0,-1.343793,-3.15,1.54,2.8,52.4296875,98329,52.53,252.471908569,5.124,57 4c 01 6f 00 00 01 96 00 00 55 6c 00 47 00 41 f7 c5 00 05 00 00 ff 7f ff d3 00 16 00 28 1b 6e 00 01 80 19 00 00 14 85 43 7c 78 cf 00 00 14 04
407,19536,WL,flash_sample,48,21.888,1,111,1,1,1,1,0,1,1,0,407,21888,0.034648,0.03172,-1.028216,0.052085,0.0,-1.343793,-3.15,1.54,2.8,52.4296875,98329,52.53,252.471908569,5.124,57 4c 01 6f 00 00 01 97 00 00 55 80 00 47 00 41 f7 c5 00 05 00 00 ff 7f ff d3 00 16 00 28 1b 6e 00 01 80 19 00 00 14 85 43 7c 78 cf 00 00 14 04
408,19584,WL,flash_sample,48,21.908,1,111,1,1,1,1,0,1,1,0,408,21908,0.034648,0.03172,-1.028216,0.052085,0.0,-1.343793,-3.15,1.54,2.8,52.4296875,98329,52.53,252.471908569,5.124,57 4c 01 6f 00 00 01 98 00 00 55 94 00 47 00 41 f7 c5 00 05 00 00 ff 7f ff d3 00 16 00 28 1b 6e 00 01 80 19 00 00 14 85 43 7c 78 cf 00 00 14 04
409,19632,WL,flash_sample,48,21.928,1,111,1,1,1,1,0,1,1,0,409,21928,0.034648,0.03172,-1.028216,0.052085,0.0,-1.343793,-3.15,1.54,2.8,52.4296875,98329,52.53,252.471908569,5.124,57 4c 01 6f 00 00 01 99 00 00 55 a8 00 47 00 41 f7 c5 00 05 00 00 ff 7f ff d3 00 16 00 28 1b 6e 00 01 80 19 00 00 14 85 43 7c 78 cf 00 00 14 04
410,19680,WL,flash_sample,48,21.951,1,65,1,0,0,0,0,0,1,0,410,21951,0.035624,0.03172,-1.026752,0.062502,0.0,-1.343793,-0.21,-0.77,0.56,52.37890625,98337,52.58,251.787567139,5.12,57 4c 01 41 00 00 01 9a 00 00 55 bf 00 49 00 41 f7 c8 00 06 00 00 ff 7f ff fd ff f5 00 08 1b 61 00 01 80 21 00 00 14 8a 43 7b c9 9e 00 00 14 00
411,19728,WL,flash_sample,48,21.968,1,111,1,1,1,1,0,1,1,0,411,21968,0.036112,0.032208,-1.027728,0.031251,0.0,-1.333376,-1.33,-0.49,2.17,52.41796875,98330,52.4,252.384719849,5.12,57 4c 01 6f 00 00 01 9b 00 00 55 d0 00 4a 00 42 f7 c6 00 03 00 00 ff 80 ff ed ff f9 00 1f 1b 6b 00 01 80 1a 00 00 14 78 43 7c 62 7d 00 00 14 00
412,19776,WL,flash_sample,48,21.988,1,111,1,1,1,1,0,1,1,0,412,21988,0.035624,0.03172,-1.02724,0.052085,-0.020834,-1.333376,-2.31,0.28,3.15,52.4296875,98333,52.46,252.131057739,5.12,57 4c 01 6f 00 00 01 9c 00 00 55 e4 00 49 00 41 f7 c7 00 05 ff fe ff 80 ff df 00 04 00 2d 1b 6e 00 01 80 1d 00 00 14 7e 43 7c 21 8d 00 00 14 00
413,19824,WL,flash_sample,48,22.008,1,111,1,1,1,1,0,1,1,0,413,22008,0.035624,0.031232,-1.028704,0.031251,-0.010417,-1.35421,-3.15,1.47,2.8,52.4375,98331,52.51,252.300170898,5.12,57 4c 01 6f 00 00 01 9d 00 00 55 f8 00 49 00 40 f7 c4 00 03 ff ff ff 7e ff d3 00 15 00 28 1b 70 00 01 80 1b 00 00 14 83 43 7c 4c d8 00 00 14 00
414,19872,WL,flash_sample,48,22.028,1,103,1,1,1,0,0,1,1,0,414,22028,0.036112,0.03172,-1.02724,0.031251,-0.020834,-1.35421,-3.15,1.54,2.8,52.421875,98332,52.56,252.215606689,5.144,57 4c 01 67 00 00 01 9e 00 00 56 0c 00 4a 00 41 f7 c7 00 03 ff fe ff 7e ff d3 00 16 00 28 1b 6c 00 01 80 1c 00 00 14 88 43 7c 37 32 00 00 14 18
415,19920,WL,flash_sample,48,22.049,1,103,1,1,1,0,0,1,1,0,415,22049,0.035624,0.03172,-1.028216,0.031251,-0.020834,-1.333376,-3.15,1.54,2.8,52.4453125,98333,52.61,252.131057739,5.144,57 4c 01 67 00 00 01 9f 00 00 56 21 00 49 00 41 f7 c5 00 03 ff fe ff 80 ff d3 00 16 00 28 1b 72 00 01 80 1d 00 00 14 8d 43 7c 21 8d 00 00 14 18
416,19968,WL,flash_sample,48,22.068,1,111,1,1,1,1,0,1,1,0,416,22068,0.036112,0.031232,-1.02724,0.020834,0.0,-1.364627,-3.15,1.47,2.87,52.4140625,98332,52.65,252.215606689,5.144,57 4c 01 6f 00 00 01 a0 00 00 56 34 00 4a 00 40 f7 c7 00 02 00 00 ff 7d ff d3 00 15 00 29 1b 6a 00 01 80 1c 00 00 14 91 43 7c 37 32 00 00 14 18
417,20016,WL,flash_sample,48,22.088,1,111,1,1,1,1,0,1,1,0,417,22088,0.035624,0.030744,-1.028704,0.031251,0.010417,-1.343793,-3.22,1.82,2.59,52.421875,98332,52.68,252.215606689,5.144,57 4c 01 6f 00 00 01 a1 00 00 56 48 00 49 00 3f f7 c4 00 03 00 01 ff 7f ff d2 00 1a 00 25 1b 6c 00 01 80 1c 00 00 14 94 43 7c 37 32 00 00 14 18
418,20064,WL,flash_sample,48,22.108,1,111,1,1,1,1,0,1,1,0,418,22108,0.035624,0.03172,-1.027728,0.031251,-0.041668,-1.322959,-3.15,1.54,2.87,52.4375,98338,52.72,251.703018188,5.144,57 4c 01 6f 00 00 01 a2 00 00 56 5c 00 49 00 41 f7 c6 00 03 ff fc ff 81 ff d3 00 16 00 29 1b 70 00 01 80 22 00 00 14 98 43 7b b3 f9 00 00 14 18
419,20112,WL,flash_sample,48,22.128,1,103,1,1,1,0,0,1,1,0,419,22128,0.034648,0.032208,-1.02724,0.031251,0.020834,-1.35421,-3.15,1.47,2.87,52.4375,98338,52.72,251.703018188,5.136,57 4c 01 67 00 00 01 a3 00 00 56 70 00 47 00 42 f7 c7 00 03 00 02 ff 7e ff d3 00 15 00 29 1b 70 00 01 80 22 00 00 14 98 43 7b b3 f9 00 00 14 10
420,20160,WL,flash_sample,48,22.148,1,103,1,1,1,0,0,1,1,0,420,22148,0.034648,0.032208,-1.02724,0.031251,0.020834,-1.35421,-3.15,1.47,2.87,52.4375,98338,52.72,251.703018188,5.136,57 4c 01 67 00 00 01 a4 00 00 56 84 00 47 00 42 f7 c7 00 03 00 02 ff 7e ff d3 00 15 00 29 1b 70 00 01 80 22 00 00 14 98 43 7b b3 f9 00 00 14 10
421,20208,WL,flash_sample,48,22.168,1,103,1,1,1,0,0,1,1,0,421,22168,0.034648,0.032208,-1.02724,0.031251,0.020834,-1.35421,-3.15,1.47,2.87,52.4375,98338,52.72,251.703018188,5.136,57 4c 01 67 00 00 01 a5 00 00 56 98 00 47 00 42 f7 c7 00 03 00 02 ff 7e ff d3 00 15 00 29 1b 70 00 01 80 22 00 00 14 98 43 7b b3 f9 00 00 14 10
422,20256,WL,flash_sample,48,22.188,1,103,1,1,1,0,0,1,1,0,422,22188,0.034648,0.032208,-1.02724,0.031251,0.020834,-1.35421,-3.15,1.47,2.87,52.4375,98338,52.72,251.703018188,5.136,57 4c 01 67 00 00 01 a6 00 00 56 ac 00 47 00 42 f7 c7 00 03 00 02 ff 7e ff d3 00 15 00 29 1b 70 00 01 80 22 00 00 14 98 43 7b b3 f9 00 00 14 10
423,20304,WL,flash_sample,48,22.208,1,111,1,1,1,1,0,1,1,0,423,22208,0.035624,0.031232,-1.02724,0.031251,0.031251,-1.343793,-0.56,-0.91,1.4,52.4140625,98341,52.76,251.446716309,5.136,57 4c 01 6f 00 00 01 a7 00 00 56 c0 00 49 00 40 f7 c7 00 03 00 03 ff 7f ff f8 ff f3 00 14 1b 6a 00 01 80 25 00 00 14 9c 43 7b 72 5c 00 00 14 10
424,20352,WL,flash_sample,48,22.228,1,111,1,1,1,1,0,1,1,0,424,22228,0.035136,0.032208,-1.02724,0.093753,0.010417,-1.322959,-1.75,-0.14,2.52,52.46484375,98333,52.54,252.131057739,5.144,57 4c 01 6f 00 00 01 a8 00 00 56 d4 00 48 00 42 f7 c7 00 09 00 01 ff 81 ff e7 ff fe 00 24 1b 77 00 01 80 1d 00 00 14 86 43 7c 21 8d 00 00 14 18
425,20400,WL,flash_sample,48,22.248,1,110,0,1,1,1,0,1,1,0,425,22248,0.036112,0.032208,-1.027728,0.062502,0.010417,-1.375044,-3.08,1.47,2.87,52.4453125,98337,52.59,251.787567139,5.144,57 4c 01 6e 00 00 01 a9 00 00 56 e8 00 4a 00 42 f7 c6 00 06 00 01 ff 7c ff d4 00 15 00 29 1b 72 00 01 80 21 00 00 14 8b 43 7b c9 9e 00 00 14 18
426,20448,WL,flash_sample,48,22.268,1,102,0,1,1,0,0,1,1,0,426,22268,0.035136,0.032208,-1.028704,0.031251,0.0,-1.343793,-3.08,1.54,2.8,52.4140625,98338,52.64,251.703018188,5.144,57 4c 01 66 00 00 01 aa 00 00 56 fc 00 48 00 42 f7 c4 00 03 00 00 ff 7f ff d4 00 16 00 28 1b 6a 00 01 80 22 00 00 14 90 43 7b b3 f9 00 00 14 18
427,20496,WL,flash_sample,48,22.288,1,102,0,1,1,0,0,1,1,0,427,22288,0.03416,0.031232,-1.028704,0.031251,-0.020834,-1.343793,-3.15,1.47,2.8,52.46484375,98339,52.68,251.618453979,5.144,57 4c 01 66 00 00 01 ab 00 00 57 10 00 46 00 40 f7 c4 00 03 ff fe ff 7f ff d3 00 15 00 28 1b 77 00 01 80 23 00 00 14 94 43 7b 9e 53 00 00 14 18
428,20544,WL,flash_sample,48,22.308,1,110,0,1,1,1,0,1,1,0,428,22308,0.035136,0.031232,-1.028216,0.062502,0.020834,-1.343793,-3.08,1.61,2.8,52.453125,98339,52.72,251.618453979,5.144,57 4c 01 6e 00 00 01 ac 00 00 57 24 00 48 00 40 f7 c5 00 06 00 02 ff 7f ff d4 00 17 00 28 1b 74 00 01 80 23 00 00 14 98 43 7b 9e 53 00 00 14 18
429,20592,WL,flash_sample,48,22.328,1,110,0,1,1,1,0,1,1,0,429,22328,0.035624,0.031232,-1.027728,0.083336,-0.020834,-1.343793,-3.15,1.54,2.8,52.48828125,98336,52.75,251.874755859,5.14,57 4c 01 6e 00 00 01 ad 00 00 57 38 00 49 00 40 f7 c6 00 08 ff fe ff 7f ff d3 00 16 00 28 1b 7d 00 01 80 20 00 00 14 9b 43 7b df f0 00 00 14 14
430,20640,WL,flash_sample,48,22.348,1,110,0,1,1,1,0,1,1,0,430,22348,0.036112,0.032208,-1.027728,0.031251,0.010417,-1.35421,-3.15,1.54,2.94,52.46484375,98339,52.78,251.618453979,5.14,57 4c 01 6e 00 00 01 ae 00 00 57 4c 00 4a 00 42 f7 c6 00 03 00 01 ff 7e ff d3 00 16 00 2a 1b 77 00 01 80 23 00 00 14 9e 43 7b 9e 53 00 00 14 14
431,20688,WL,flash_sample,48,22.368,1,110,0,1,1,1,0,1,1,0,431,22368,0.035624,0.030744,-1.027728,0.031251,-0.020834,-1.343793,-3.15,1.47,2.87,52.4140625,98339,52.81,251.618453979,5.14,57 4c 01 6e 00 00 01 af 00 00 57 60 00 49 00 3f f7 c6 00 03 ff fe ff 7f ff d3 00 15 00 29 1b 6a 00 01 80 23 00 00 14 a1 43 7b 9e 53 00 00 14 14
432,20736,WL,flash_sample,48,22.388,1,110,0,1,1,1,0,1,1,0,432,22388,0.035624,0.030744,-1.027728,0.031251,-0.020834,-1.343793,-3.15,1.47,2.87,52.4140625,98339,52.81,251.618453979,5.14,57 4c 01 6e 00 00 01 b0 00 00 57 74 00 49 00 3f f7 c6 00 03 ff fe ff 7f ff d3 00 15 00 29 1b 6a 00 01 80 23 00 00 14 a1 43 7b 9e 53 00 00 14 14
433,20784,WL,flash_sample,48,22.408,1,110,0,1,1,1,0,1,1,0,433,22408,0.035624,0.030744,-1.027728,0.031251,-0.020834,-1.343793,-3.15,1.47,2.87,52.4140625,98339,52.81,251.618453979,5.14,57 4c 01 6e 00 00 01 b1 00 00 57 88 00 49 00 3f f7 c6 00 03 ff fe ff 7f ff d3 00 15 00 29 1b 6a 00 01 80 23 00 00 14 a1 43 7b 9e 53 00 00 14 14
434,20832,WL,flash_sample,48,22.428,1,110,0,1,1,1,0,1,1,0,434,22428,0.035624,0.030744,-1.027728,0.031251,-0.020834,-1.343793,-3.15,1.47,2.87,52.4140625,98339,52.81,251.618453979,5.14,57 4c 01 6e 00 00 01 b2 00 00 57 9c 00 49 00 3f f7 c6 00 03 ff fe ff 7f ff d3 00 15 00 29 1b 6a 00 01 80 23 00 00 14 a1 43 7b 9e 53 00 00 14 14
435,20880,WL,flash_sample,48,22.449,1,110,0,1,1,1,0,1,1,0,435,22449,0.035136,0.03172,-1.02724,0.0,-0.052085,-1.343793,-0.21,-0.14,-0.14,52.453125,98345,52.84,251.105865479,5.14,57 4c 01 6e 00 00 01 b3 00 00 57 b1 00 48 00 41 f7 c7 00 00 ff fb ff 7f ff fd ff fe ff fe 1b 74 00 01 80 29 00 00 14 a4 43 7b 1b 1a 00 00 14 14
436,20928,WL,flash_sample,48,22.468,1,110,0,1,1,1,0,1,1,0,436,22468,0.035136,0.03172,-1.02724,0.0,-0.052085,-1.343793,-0.21,-0.14,-0.14,52.453125,98345,52.84,251.105865479,5.14,57 4c 01 6e 00 00 01 b4 00 00 57 c4 00 48 00 41 f7 c7 00 00 ff fb ff 7f ff fd ff fe ff fe 1b 74 00 01 80 29 00 00 14 a4 43 7b 1b 1a 00 00 14 14
437,20976,WL,flash_sample,48,22.488,1,110,0,1,1,1,0,1,1,0,437,22488,0.035136,0.03172,-1.02724,0.0,-0.052085,-1.343793,-0.21,-0.14,-0.14,52.453125,98345,52.84,251.105865479,5.14,57 4c 01 6e 00 00 01 b5 00 00 57 d8 00 48 00 41 f7 c7 00 00 ff fb ff 7f ff fd ff fe ff fe 1b 74 00 01 80 29 00 00 14 a4 43 7b 1b 1a 00 00 14 14
438,21024,WL,flash_sample,48,22.508,1,110,0,1,1,1,0,1,1,0,438,22508,0.035136,0.03172,-1.02724,0.0,-0.052085,-1.343793,-0.21,-0.14,-0.14,52.453125,98345,52.84,251.105865479,5.14,57 4c 01 6e 00 00 01 b6 00 00 57 ec 00 48 00 41 f7 c7 00 00 ff fb ff 7f ff fd ff fe ff fe 1b 74 00 01 80 29 00 00 14 a4 43 7b 1b 1a 00 00 14 14
439,21072,WL,flash_sample,48,22.528,1,110,0,1,1,1,0,1,1,0,439,22528,0.035136,0.03172,-1.02724,0.0,-0.052085,-1.343793,-0.21,-0.14,-0.14,52.453125,98345,52.84,251.105865479,5.14,57 4c 01 6e 00 00 01 b7 00 00 58 00 00 48 00 41 f7 c7 00 00 ff fb ff 7f ff fd ff fe ff fe 1b 74 00 01 80 29 00 00 14 a4 43 7b 1b 1a 00 00 14 14
440,21120,WL,flash_sample,48,22.548,1,110,0,1,1,1,0,1,1,0,440,22548,0.035136,0.03172,-1.02724,0.0,-0.052085,-1.343793,-0.21,-0.14,-0.14,52.453125,98345,52.84,251.105865479,5.14,57 4c 01 6e 00 00 01 b8 00 00 58 14 00 48 00 41 f7 c7 00 00 ff fb ff 7f ff fd ff fe ff fe 1b 74 00 01 80 29 00 00 14 a4 43 7b 1b 1a 00 00 14 14
441,21168,WL,flash_sample,48,22.568,1,110,0,1,1,1,0,1,1,0,441,22568,0.035136,0.03172,-1.02724,0.0,-0.052085,-1.343793,-0.21,-0.14,-0.14,52.453125,98345,52.84,251.105865479,5.14,57 4c 01 6e 00 00 01 b9 00 00 58 28 00 48 00 41 f7 c7 00 00 ff fb ff 7f ff fd ff fe ff fe 1b 74 00 01 80 29 00 00 14 a4 43 7b 1b 1a 00 00 14 14
442,21216,WL,flash_sample,48,22.588,1,110,0,1,1,1,0,1,1,0,442,22588,0.034648,0.03172,-1.02724,0.093753,-0.020834,-1.364627,-0.21,0.07,-0.35,52.46484375,98345,52.84,251.105865479,5.14,57 4c 01 6e 00 00 01 ba 00 00 58 3c 00 47 00 41 f7 c7 00 09 ff fe ff 7d ff fd 00 01 ff fb 1b 77 00 01 80 29 00 00 14 a4 43 7b 1b 1a 00 00 14 14
443,21264,WL,flash_sample,48,22.608,1,110,0,1,1,1,0,1,1,0,443,22608,0.034648,0.03172,-1.02724,0.093753,-0.020834,-1.364627,-0.21,0.07,-0.35,52.46484375,98345,52.84,251.105865479,5.14,57 4c 01 6e 00 00 01 bb 00 00 58 50 00 47 00 41 f7 c7 00 09 ff fe ff 7d ff fd 00 01 ff fb 1b 77 00 01 80 29 00 00 14 a4 43 7b 1b 1a 00 00 14 14
444,21312,WL,flash_sample,48,22.629,1,110,0,1,1,1,0,1,1,0,444,22629,0.034648,0.03172,-1.025776,0.020834,-0.041668,-1.364627,-0.14,0.21,-0.35,52.4375,98394,52.62,246.928421021,5.14,57 4c 01 6e 00 00 01 bc 00 00 58 65 00 47 00 41 f7 ca 00 02 ff fc ff 7d ff fe 00 03 ff fb 1b 70 00 01 80 5a 00 00 14 8e 43 76 ed ad 00 00 14 14
445,21360,WL,flash_sample,48,22.648,1,110,0,1,1,1,0,1,1,0,445,22648,0.034648,0.03172,-1.025776,0.020834,-0.041668,-1.364627,-0.14,0.21,-0.35,52.4375,98394,52.62,246.928421021,5.14,57 4c 01 6e 00 00 01 bd 00 00 58 78 00 47 00 41 f7 ca 00 02 ff fc ff 7d ff fe 00 03 ff fb 1b 70 00 01 80 5a 00 00 14 8e 43 76 ed ad 00 00 14 14
446,21408,WL,flash_sample,48,22.668,1,110,0,1,1,1,0,1,1,0,446,22668,0.034648,0.03172,-1.025776,0.020834,-0.041668,-1.364627,-0.14,0.21,-0.35,52.4375,98394,52.62,246.928421021,5.14,57 4c 01 6e 00 00 01 be 00 00 58 8c 00 47 00 41 f7 ca 00 02 ff fc ff 7d ff fe 00 03 ff fb 1b 70 00 01 80 5a 00 00 14 8e 43 76 ed ad 00 00 14 14
447,21456,WL,flash_sample,48,22.688,1,110,0,1,1,1,0,1,1,0,447,22688,0.034648,0.03172,-1.025776,0.020834,-0.041668,-1.364627,-0.14,0.21,-0.35,52.4375,98394,52.62,246.928421021,5.14,57 4c 01 6e 00 00 01 bf 00 00 58 a0 00 47 00 41 f7 ca 00 02 ff fc ff 7d ff fe 00 03 ff fb 1b 70 00 01 80 5a 00 00 14 8e 43 76 ed ad 00 00 14 14
448,21504,WL,flash_sample,48,22.713,1,96,0,0,0,0,0,1,1,0,448,22713,0.0366,0.032208,-1.026264,-0.020834,-0.031251,-1.322959,-0.28,-0.84,0.7,52.46484375,98394,52.62,246.928421021,5.124,57 4c 01 60 00 00 01 c0 00 00 58 b9 00 4b 00 42 f7 c9 ff fe ff fd ff 81 ff fc ff f4 00 0a 1b 77 00 01 80 5a 00 00 14 8e 43 76 ed ad 00 00 14 04
449,21552,WL,flash_sample,48,22.728,1,102,0,1,1,0,0,1,1,0,449,22728,0.036112,0.032208,-1.02724,0.010417,-0.020834,-1.343793,-1.4,-0.42,2.17,52.4140625,98342,52.28,251.3621521,5.124,57 4c 01 66 00 00 01 c1 00 00 58 c8 00 4a 00 42 f7 c7 00 01 ff fe ff 7f ff ec ff fa 00 1f 1b 6a 00 01 80 26 00 00 14 6c 43 7b 5c b6 00 00 14 04
450,21600,WL,flash_sample,48,22.748,1,102,0,1,1,0,0,1,1,0,450,22748,0.0366,0.032208,-1.02724,0.031251,0.020834,-1.35421,-2.31,0.28,3.15,52.4375,98321,52.24,253.153625488,5.124,57 4c 01 66 00 00 01 c2 00 00 58 dc 00 4b 00 42 f7 c7 00 03 00 02 ff 7e ff df 00 04 00 2d 1b 70 00 01 80 11 00 00 14 68 43 7d 27 54 00 00 14 04
451,21648,WL,flash_sample,48,22.768,1,102,0,1,1,0,0,1,1,0,451,22768,0.035624,0.032208,-1.027728,0.010417,0.010417,-1.35421,-3.08,1.47,2.87,52.4453125,98325,52.31,252.812774658,5.124,57 4c 01 66 00 00 01 c3 00 00 58 f0 00 49 00 42 f7 c6 00 01 00 01 ff 7e ff d4 00 15 00 29 1b 72 00 01 80 15 00 00 14 6f 43 7c d0 12 00 00 14 04
452,21696,WL,flash_sample,48,22.788,1,110,0,1,1,1,0,1,1,0,452,22788,0.035136,0.03172,-1.028704,0.010417,0.010417,-1.35421,-3.15,1.54,2.8,52.47265625,98326,52.37,252.728210449,5.124,57 4c 01 6e 00 00 01 c4 00 00 59 04 00 48 00 41 f7 c4 00 01 00 01 ff 7e ff d3 00 16 00 28 1b 79 00 01 80 16 00 00 14 75 43 7c ba 6c 00 00 14 04
453,21744,WL,flash_sample,48,22.809,1,110,0,1,1,1,0,1,1,0,453,22809,0.035136,0.03172,-1.027728,0.062502,-0.020834,-1.333376,-3.08,1.54,2.87,52.4375,98326,52.44,252.728210449,5.124,57 4c 01 6e 00 00 01 c5 00 00 59 19 00 48 00 41 f7 c6 00 06 ff fe ff 80 ff d4 00 16 00 29 1b 70 00 01 80 16 00 00 14 7c 43 7c ba 6c 00 00 14 04
454,21792,WL,flash_sample,48,22.828,1,110,0,1,1,1,0,1,1,0,454,22828,0.035624,0.031232,-1.028216,0.010417,0.0,-1.35421,-3.15,1.54,2.73,52.50390625,98329,52.49,252.471908569,5.132,57 4c 01 6e 00 00 01 c6 00 00 59 2c 00 49 00 40 f7 c5 00 01 00 00 ff 7e ff d3 00 16 00 27 1b 81 00 01 80 19 00 00 14 81 43 7c 78 cf 00 00 14 0c
455,21840,WL,flash_sample,48,22.848,1,102,0,1,1,0,0,1,1,0,455,22848,0.035136,0.03172,-1.02724,0.062502,-0.020834,-1.364627,-3.15,1.54,2.87,52.4453125,98328,52.55,252.556472778,5.132,57 4c 01 66 00 00 01 c7 00 00 59 40 00 48 00 41 f7 c7 00 06 ff fe ff 7d ff d3 00 16 00 29 1b 72 00 01 80 18 00 00 14 87 43 7c 8e 75 00 00 14 0c
456,21888,WL,flash_sample,48,22.868,1,102,0,1,1,0,0,1,1,0,456,22868,0.035136,0.03172,-1.028216,0.031251,0.010417,-1.322959,-3.15,1.54,2.8,52.453125,98332,52.6,252.215606689,5.132,57 4c 01 66 00 00 01 c8 00 00 59 54 00 48 00 41 f7 c5 00 03 00 01 ff 81 ff d3 00 16 00 28 1b 74 00 01 80 1c 00 00 14 8c 43 7c 37 32 00 00 14 0c
457,21936,WL,flash_sample,48,22.888,1,110,0,1,1,1,0,1,1,0,457,22888,0.034648,0.031232,-1.027728,0.072919,-0.010417,-1.322959,-3.22,1.47,2.87,52.49609375,98332,52.64,252.215606689,5.132,57 4c 01 6e 00 00 01 c9 00 00 59 68 00 47 00 40 f7 c6 00 07 ff ff ff 81 ff d2 00 15 00 29 1b 7f 00 01 80 1c 00 00 14 90 43 7c 37 32 00 00 14 0c
458,21984,WL,flash_sample,48,22.908,1,110,0,1,1,1,0,1,1,0,458,22908,0.034648,0.031232,-1.027728,0.072919,-0.010417,-1.322959,-3.22,1.47,2.87,52.49609375,98332,52.64,252.215606689,5.132,57 4c 01 6e 00 00 01 ca 00 00 59 7c 00 47 00 40 f7 c6 00 07 ff ff ff 81 ff d2 00 15 00 29 1b 7f 00 01 80 1c 00 00 14 90 43 7c 37 32 00 00 14 0c
459,22032,WL,flash_sample,48,22.928,1,110,0,1,1,1,0,1,1,0,459,22928,0.034648,0.031232,-1.027728,0.072919,-0.010417,-1.322959,-3.22,1.47,2.87,52.49609375,98332,52.64,252.215606689,5.132,57 4c 01 6e 00 00 01 cb 00 00 59 90 00 47 00 40 f7 c6 00 07 ff ff ff 81 ff d2 00 15 00 29 1b 7f 00 01 80 1c 00 00 14 90 43 7c 37 32 00 00 14 0c
460,22080,WL,flash_sample,48,22.948,1,110,0,1,1,1,0,1,1,0,460,22948,0.034648,0.031232,-1.027728,0.072919,-0.010417,-1.322959,-3.22,1.47,2.87,52.49609375,98332,52.64,252.215606689,5.132,57 4c 01 6e 00 00 01 cc 00 00 59 a4 00 47 00 40 f7 c6 00 07 ff ff ff 81 ff d2 00 15 00 29 1b 7f 00 01 80 1c 00 00 14 90 43 7c 37 32 00 00 14 0c
461,22128,WL,flash_sample,48,22.968,1,102,0,1,1,0,0,1,1,0,461,22968,0.035624,0.03172,-1.026752,0.062502,0.0,-1.364627,-0.63,-0.91,1.47,52.49609375,98373,52.7,248.71723938,5.136,57 4c 01 66 00 00 01 cd 00 00 59 b8 00 49 00 41 f7 c8 00 06 00 00 ff 7d ff f7 ff f3 00 15 1b 7f 00 01 80 45 00 00 14 96 43 78 b7 9d 00 00 14 10
462,22176,WL,flash_sample,48,22.988,1,102,0,1,1,0,0,1,1,0,462,22988,0.035624,0.032208,-1.02724,0.031251,0.0,-1.312542,-1.75,-0.14,2.59,52.48046875,98335,52.54,251.959320068,5.136,57 4c 01 66 00 00 01 ce 00 00 59 cc 00 49 00 42 f7 c7 00 03 00 00 ff 82 ff e7 ff fe 00 25 1b 7b 00 01 80 1f 00 00 14 86 43 7b f5 96 00 00 14 10
463,22224,WL,flash_sample,48,23.008,1,110,0,1,1,1,0,1,1,0,463,23008,0.035624,0.032208,-1.02724,0.062502,-0.031251,-1.343793,-3.08,1.47,2.94,52.51171875,98335,52.59,251.959320068,5.136,57 4c 01 6e 00 00 01 cf 00 00 59 e0 00 49 00 42 f7 c7 00 06 ff fd ff 7f ff d4 00 15 00 2a 1b 83 00 01 80 1f 00 00 14 8b 43 7b f5 96 00 00 14 10
464,22272,WL,flash_sample,48,23.028,1,110,0,1,1,1,0,1,1,0,464,23028,0.035624,0.03172,-1.027728,0.062502,0.010417,-1.343793,-3.15,1.54,2.8,52.47265625,98331,52.64,252.300170898,5.124,57 4c 01 6e 00 00 01 d0 00 00 59 f4 00 49 00 41 f7 c6 00 06 00 01 ff 7f ff d3 00 16 00 28 1b 79 00 01 80 1b 00 00 14 90 43 7c 4c d8 00 00 14 04
465,22320,WL,flash_sample,48,23.048,1,110,0,1,1,1,0,1,1,0,465,23048,0.036112,0.031232,-1.027728,0.062502,-0.010417,-1.322959,-3.15,1.61,2.87,52.49609375,98336,52.68,251.874755859,5.124,57 4c 01 6e 00 00 01 d1 00 00 5a 08 00 4a 00 40 f7 c6 00 06 ff ff ff 81 ff d3 00 17 00 29 1b 7f 00 01 80 20 00 00 14 94 43 7b df f0 00 00 14 04
466,22368,WL,flash_sample,48,23.068,1,110,0,1,1,1,0,1,1,0,466,23068,0.035136,0.032208,-1.028704,0.010417,-0.020834,-1.343793,-3.15,1.54,2.87,52.48828125,98336,52.72,251.874755859,5.124,57 4c 01 6e 00 00 01 d2 00 00 5a 1c 00 48 00 42 f7 c4 00 01 ff fe ff 7f ff d3 00 16 00 29 1b 7d 00 01 80 20 00 00 14 98 43 7b df f0 00 00 14 04
467,22416,WL,flash_sample,48,23.088,1,102,0,1,1,0,0,1,1,0,467,23088,0.035136,0.030744,-1.028216,0.052085,0.031251,-1.322959,-3.29,1.89,2.52,52.51171875,98337,52.75,251.787567139,5.124,57 4c 01 66 00 00 01 d3 00 00 5a 30 00 48 00 3f f7 c5 00 05 00 03 ff 81 ff d1 00 1b 00 24 1b 83 00 01 80 21 00 00 14 9b 43 7b c9 9e 00 00 14 04
468,22464,WL,flash_sample,48,23.108,1,102,0,1,1,0,0,1,1,0,468,23108,0.035136,0.031232,-1.028216,0.083336,-0.052085,-1.333376,-3.15,1.61,2.87,52.48046875,98337,52.8,251.787567139,5.124,57 4c 01 66 00 00 01 d4 00 00 5a 44 00 48 00 40 f7 c5 00 08 ff fb ff 80 ff d3 00 17 00 29 1b 7b 00 01 80 21 00 00 14 a0 43 7b c9 9e 00 00 14 04
469,22512,WL,flash_sample,48,23.129,1,110,0,1,1,1,0,1,1,0,469,23129,0.035136,0.031232,-1.027728,0.010417,-0.010417,-1.35421,-3.15,1.61,2.87,52.49609375,98336,52.83,251.874755859,5.12,57 4c 01 6e 00 00 01 d5 00 00 5a 59 00 48 00 40 f7 c6 00 01 ff ff ff 7e ff d3 00 17 00 29 1b 7f 00 01 80 20 00 00 14 a3 43 7b df f0 00 00 14 00
470,22560,WL,flash_sample,48,23.148,1,110,0,1,1,1,0,1,1,0,470,23148,0.035136,0.031232,-1.027728,0.010417,-0.010417,-1.35421,-3.15,1.61,2.87,52.49609375,98336,52.83,251.874755859,5.12,57 4c 01 6e 00 00 01 d6 00 00 5a 6c 00 48 00 40 f7 c6 00 01 ff ff ff 7e ff d3 00 17 00 29 1b 7f 00 01 80 20 00 00 14 a3 43 7b df f0 00 00 14 00
471,22608,WL,flash_sample,48,23.168,1,110,0,1,1,1,0,1,1,0,471,23168,0.035136,0.031232,-1.027728,0.010417,-0.010417,-1.35421,-3.15,1.61,2.87,52.49609375,98336,52.83,251.874755859,5.12,57 4c 01 6e 00 00 01 d7 00 00 5a 80 00 48 00 40 f7 c6 00 01 ff ff ff 7e ff d3 00 17 00 29 1b 7f 00 01 80 20 00 00 14 a3 43 7b df f0 00 00 14 00
472,22656,WL,flash_sample,48,23.188,1,110,0,1,1,1,0,1,1,0,472,23188,0.035136,0.031232,-1.027728,0.010417,-0.010417,-1.35421,-3.15,1.61,2.87,52.49609375,98336,52.83,251.874755859,5.12,57 4c 01 6e 00 00 01 d8 00 00 5a 94 00 48 00 40 f7 c6 00 01 ff ff ff 7e ff d3 00 17 00 29 1b 7f 00 01 80 20 00 00 14 a3 43 7b df f0 00 00 14 00
473,22704,WL,flash_sample,48,23.21,1,64,0,0,0,0,0,0,1,0,473,23210,0.035624,0.032208,-1.02724,0.041668,-0.041668,-1.333376,-0.14,-0.28,-0.07,52.48046875,98336,52.83,251.874755859,5.12,57 4c 01 40 00 00 01 d9 00 00 5a aa 00 49 00 42 f7 c7 00 04 ff fc ff 80 ff fe ff fc ff ff 1b 7b 00 01 80 20 00 00 14 a3 43 7b df f0 00 00 14 00
474,22752,WL,flash_sample,48,23.228,1,102,0,1,1,0,0,1,1,0,474,23228,0.036112,0.03172,-1.02724,0.072919,-0.010417,-1.333376,-1.05,-0.63,1.89,52.48046875,98383,52.87,247.866424561,5.124,57 4c 01 66 00 00 01 da 00 00 5a bc 00 4a 00 41 f7 c7 00 07 ff ff ff 80 ff f1 ff f7 00 1b 1b 7b 00 01 80 4f 00 00 14 a7 43 77 dd ce 00 00 14 04
475,22800,WL,flash_sample,48,23.248,1,111,1,1,1,1,0,1,1,0,475,23248,0.035624,0.032208,-1.028216,0.031251,-0.010417,-1.343793,-2.45,0.42,3.43,52.48046875,98337,52.67,251.787567139,5.124,57 4c 01 6f 00 00 01 db 00 00 5a d0 00 49 00 42 f7 c5 00 03 ff ff ff 7f ff dd 00 06 00 31 1b 7b 00 01 80 21 00 00 14 93 43 7b c9 9e 00 00 14 04
476,22848,WL,flash_sample,48,23.268,1,111,1,1,1,1,0,1,1,0,476,23268,0.035624,0.03172,-1.028704,0.041668,-0.072919,-1.322959,-3.08,1.54,2.8,52.50390625,98339,52.72,251.618453979,5.124,57 4c 01 6f 00 00 01 dc 00 00 5a e4 00 49 00 41 f7 c4 00 04 ff f9 ff 81 ff d4 00 16 00 28 1b 81 00 01 80 23 00 00 14 98 43 7b 9e 53 00 00 14 04
477,22896,WL,flash_sample,48,23.288,1,111,1,1,1,1,0,1,1,0,477,23288,0.035136,0.032208,-1.028704,0.031251,-0.041668,-1.343793,-3.15,1.54,2.8,52.53125,98342,52.76,251.3621521,5.124,57 4c 01 6f 00 00 01 dd 00 00 5a f8 00 48 00 42 f7 c4 00 03 ff fc ff 7f ff d3 00 16 00 28 1b 88 00 01 80 26 00 00 14 9c 43 7b 5c b6 00 00 14 04
478,22944,WL,flash_sample,48,23.309,1,103,1,1,1,0,0,1,1,0,478,23309,0.034648,0.031232,-1.027728,0.052085,0.010417,-1.322959,-3.22,1.54,2.8,52.53125,98338,52.79,251.703018188,5.124,57 4c 01 67 00 00 01 de 00 00 5b 0d 00 47 00 40 f7 c6 00 05 00 01 ff 81 ff d2 00 16 00 28 1b 88 00 01 80 22 00 00 14 9f 43 7b b3 f9 00 00 14 04
479,22992,WL,flash_sample,48,23.328,1,103,1,1,1,0,0,1,1,0,479,23328,0.035136,0.031232,-1.028704,0.041668,0.010417,-1.333376,-3.15,1.54,2.87,52.48828125,98337,52.83,251.787567139,5.128,57 4c 01 67 00 00 01 df 00 00 5b 20 00 48 00 40 f7 c4 00 04 00 01 ff 80 ff d3 00 16 00 29 1b 7d 00 01 80 21 00 00 14 a3 43 7b c9 9e 00 00 14 08
480,23040,WL,flash_sample,48,23.348,1,103,1,1,1,0,0,1,1,0,480,23348,0.036112,0.030744,-1.027728,0.020834,-0.010417,-1.322959,-3.15,1.54,2.87,52.51953125,98339,52.86,251.618453979,5.128,57 4c 01 67 00 00 01 e0 00 00 5b 34 00 4a 00 3f f7 c6 00 02 ff ff ff 81 ff d3 00 16 00 29 1b 85 00 01 80 23 00 00 14 a6 43 7b 9e 53 00 00 14 08
481,23088,WL,flash_sample,48,23.368,1,111,1,1,1,1,0,1,1,0,481,23368,0.035624,0.03172,-1.02724,0.041668,-0.010417,-1.343793,-3.22,1.54,2.87,52.51171875,98344,52.89,251.193054199,5.128,57 4c 01 6f 00 00 01 e1 00 00 5b 48 00 49 00 41 f7 c7 00 04 ff ff ff 7f ff d2 00 16 00 29 1b 83 00 01 80 28 00 00 14 a9 43 7b 31 6c 00 00 14 08
482,23136,WL,flash_sample,48,23.388,1,103,1,1,1,0,0,1,1,0,482,23388,0.035624,0.031232,-1.028216,0.041668,0.010417,-1.322959,-3.22,1.54,2.87,52.51171875,98345,52.92,251.105865479,5.128,57 4c 01 67 00 00 01 e2 00 00 5b 5c 00 49 00 40 f7 c5 00 04 00 01 ff 81 ff d2 00 16 00 29 1b 83 00 01 80 29 00 00 14 ac 43 7b 1b 1a 00 00 14 08
483,23184,WL,flash_sample,48,23.408,1,103,1,1,1,0,0,1,1,0,483,23408,0.035624,0.031232,-1.028216,0.041668,0.010417,-1.322959,-3.22,1.54,2.87,52.51171875,98345,52.92,251.105865479,5.128,57 4c 01 67 00 00 01 e3 00 00 5b 70 00 49 00 40 f7 c5 00 04 00 01 ff 81 ff d2 00 16 00 29 1b 83 00 01 80 29 00 00 14 ac 43 7b 1b 1a 00 00 14 08
484,23232,WL,flash_sample,48,23.428,1,103,1,1,1,0,0,1,1,0,484,23428,0.035624,0.031232,-1.028216,0.041668,0.010417,-1.322959,-3.22,1.54,2.87,52.51171875,98345,52.92,251.105865479,5.128,57 4c 01 67 00 00 01 e4 00 00 5b 84 00 49 00 40 f7 c5 00 04 00 01 ff 81 ff d2 00 16 00 29 1b 83 00 01 80 29 00 00 14 ac 43 7b 1b 1a 00 00 14 08
485,23280,WL,flash_sample,48,23.448,1,103,1,1,1,0,0,1,1,0,485,23448,0.035624,0.031232,-1.028216,0.041668,0.010417,-1.322959,-3.22,1.54,2.87,52.51171875,98345,52.92,251.105865479,5.128,57 4c 01 67 00 00 01 e5 00 00 5b 98 00 49 00 40 f7 c5 00 04 00 01 ff 81 ff d2 00 16 00 29 1b 83 00 01 80 29 00 00 14 ac 43 7b 1b 1a 00 00 14 08
486,23328,WL,flash_sample,48,23.468,1,111,1,1,1,1,0,1,1,0,486,23468,0.035624,0.030744,-1.026752,0.031251,-0.052085,-1.322959,-0.21,0.07,-0.28,52.51171875,98345,52.92,251.105865479,5.128,57 4c 01 6f 00 00 01 e6 00 00 5b ac 00 49 00 3f f7 c8 00 03 ff fb ff 81 ff fd 00 01 ff fc 1b 83 00 01 80 29 00 00 14 ac 43 7b 1b 1a 00 00 14 08
487,23376,WL,flash_sample,48,23.488,1,111,1,1,1,1,0,1,1,0,487,23488,0.035624,0.030744,-1.026752,0.031251,-0.052085,-1.322959,-0.21,0.07,-0.28,52.51171875,98345,52.92,251.105865479,5.128,57 4c 01 6f 00 00 01 e7 00 00 5b c0 00 49 00 3f f7 c8 00 03 ff fb ff 81 ff fd 00 01 ff fc 1b 83 00 01 80 29 00 00 14 ac 43 7b 1b 1a 00 00 14 08
488,23424,WL,flash_sample,48,23.508,1,111,1,1,1,1,0,1,1,0,488,23508,0.035624,0.030744,-1.026752,0.031251,-0.052085,-1.322959,-0.21,0.07,-0.28,52.51171875,98345,52.92,251.105865479,5.128,57 4c 01 6f 00 00 01 e8 00 00 5b d4 00 49 00 3f f7 c8 00 03 ff fb ff 81 ff fd 00 01 ff fc 1b 83 00 01 80 29 00 00 14 ac 43 7b 1b 1a 00 00 14 08
489,23472,WL,flash_sample,48,23.528,1,111,1,1,1,1,0,1,1,0,489,23528,0.035624,0.030744,-1.026752,0.031251,-0.052085,-1.322959,-0.21,0.07,-0.28,52.51171875,98345,52.92,251.105865479,5.128,57 4c 01 6f 00 00 01 e9 00 00 5b e8 00 49 00 3f f7 c8 00 03 ff fb ff 81 ff fd 00 01 ff fc 1b 83 00 01 80 29 00 00 14 ac 43 7b 1b 1a 00 00 14 08
490,23520,WL,flash_sample,48,23.548,1,111,1,1,1,1,0,1,1,0,490,23548,0.035624,0.030744,-1.026752,0.031251,-0.052085,-1.322959,-0.21,0.07,-0.28,52.51171875,98345,52.92,251.105865479,5.128,57 4c 01 6f 00 00 01 ea 00 00 5b fc 00 49 00 3f f7 c8 00 03 ff fb ff 81 ff fd 00 01 ff fc 1b 83 00 01 80 29 00 00 14 ac 43 7b 1b 1a 00 00 14 08
491,23568,WL,flash_sample,48,23.568,1,111,1,1,1,1,0,1,1,0,491,23568,0.035624,0.030744,-1.026752,0.031251,-0.052085,-1.322959,-0.21,0.07,-0.28,52.51171875,98345,52.92,251.105865479,5.128,57 4c 01 6f 00 00 01 eb 00 00 5c 10 00 49 00 3f f7 c8 00 03 ff fb ff 81 ff fd 00 01 ff fc 1b 83 00 01 80 29 00 00 14 ac 43 7b 1b 1a 00 00 14 08
492,23616,WL,flash_sample,48,23.589,1,111,1,1,1,1,0,1,1,0,492,23589,0.035624,0.03172,-1.026752,0.052085,0.0,-1.35421,-0.21,0.07,-0.35,52.53125,98392,52.96,247.09753418,5.128,57 4c 01 6f 00 00 01 ec 00 00 5c 25 00 49 00 41 f7 c8 00 05 00 00 ff 7e ff fd 00 01 ff fb 1b 88 00 01 80 58 00 00 14 b0 43 77 18 f8 00 00 14 08
493,23664,WL,flash_sample,48,23.608,1,111,1,1,1,1,0,1,1,0,493,23608,0.035624,0.03172,-1.026752,0.052085,0.0,-1.35421,-0.21,0.07,-0.35,52.53125,98392,52.96,247.09753418,5.128,57 4c 01 6f 00 00 01 ed 00 00 5c 38 00 49 00 41 f7 c8 00 05 00 00 ff 7e ff fd 00 01 ff fb 1b 88 00 01 80 58 00 00 14 b0 43 77 18 f8 00 00 14 08
494,23712,WL,flash_sample,48,23.628,1,111,1,1,1,1,0,1,1,0,494,23628,0.035624,0.03172,-1.026752,0.052085,0.0,-1.35421,-0.21,0.07,-0.35,52.53125,98392,52.96,247.09753418,5.128,57 4c 01 6f 00 00 01 ee 00 00 5c 4c 00 49 00 41 f7 c8 00 05 00 00 ff 7e ff fd 00 01 ff fb 1b 88 00 01 80 58 00 00 14 b0 43 77 18 f8 00 00 14 08
495,23760,WL,flash_sample,48,23.648,1,111,1,1,1,1,0,1,1,0,495,23648,0.035136,0.032208,-1.026264,0.072919,-0.020834,-1.35421,-0.21,0.07,-0.35,52.4921875,98392,52.96,247.09753418,5.128,57 4c 01 6f 00 00 01 ef 00 00 5c 60 00 48 00 42 f7 c9 00 07 ff fe ff 7e ff fd 00 01 ff fb 1b 7e 00 01 80 58 00 00 14 b0 43 77 18 f8 00 00 14 08
496,23808,WL,flash_sample,48,23.668,1,111,1,1,1,1,0,1,1,0,496,23668,0.035136,0.032208,-1.026264,0.072919,-0.020834,-1.35421,-0.21,0.07,-0.35,52.4921875,98392,52.96,247.09753418,5.128,57 4c 01 6f 00 00 01 f0 00 00 5c 74 00 48 00 42 f7 c9 00 07 ff fe ff 7e ff fd 00 01 ff fb 1b 7e 00 01 80 58 00 00 14 b0 43 77 18 f8 00 00 14 08
497,23856,WL,flash_sample,48,23.688,1,111,1,1,1,1,0,1,1,0,497,23688,0.035136,0.032208,-1.026264,0.072919,-0.020834,-1.35421,-0.21,0.07,-0.35,52.4921875,98392,52.96,247.09753418,5.128,57 4c 01 6f 00 00 01 f1 00 00 5c 88 00 48 00 42 f7 c9 00 07 ff fe ff 7e ff fd 00 01 ff fb 1b 7e 00 01 80 58 00 00 14 b0 43 77 18 f8 00 00 14 08
498,23904,WL,flash_sample,48,23.708,1,111,1,1,1,1,0,1,1,0,498,23708,0.035136,0.032208,-1.026264,0.072919,-0.020834,-1.35421,-0.21,0.07,-0.35,52.4921875,98392,52.96,247.09753418,5.128,57 4c 01 6f 00 00 01 f2 00 00 5c 9c 00 48 00 42 f7 c9 00 07 ff fe ff 7e ff fd 00 01 ff fb 1b 7e 00 01 80 58 00 00 14 b0 43 77 18 f8 00 00 14 08
499,23952,WL,flash_sample,48,23.728,1,97,1,0,0,0,0,1,1,0,499,23728,0.0366,0.032208,-1.02724,0.031251,-0.052085,-1.322959,-0.21,-0.63,0.35,52.50390625,98349,52.41,250.76499939,5.128,57 4c 01 61 00 00 01 f3 00 00 5c b0 00 4b 00 42 f7 c7 00 03 ff fb ff 81 ff fd ff f7 00 05 1b 81 00 01 80 2d 00 00 14 79 43 7a c3 d7 00 00 14 08
500,24000,WL,flash_sample,48,23.748,1,111,1,1,1,1,0,1,1,0,500,23748,0.035624,0.032208,-1.02724,0.031251,0.0,-1.322959,-1.75,-0.14,2.66,52.54296875,98321,52.26,253.153625488,5.128,57 4c 01 6f 00 00 01 f4 00 00 5c c4 00 49 00 42 f7 c7 00 03 00 00 ff 81 ff e7 ff fe 00 26 1b 8b 00 01 80 11 00 00 14 6a 43 7d 27 54 00 00 14 08
501,24048,WL,flash_sample,48,23.768,1,111,1,1,1,1,0,1,1,0,501,23768,0.035624,0.03172,-1.028216,0.020834,-0.020834,-1.343793,-3.08,1.47,2.87,52.484375,98327,52.35,252.641021729,5.128,57 4c 01 6f 00 00 01 f5 00 00 5c d8 00 49 00 41 f7 c5 00 02 ff fe ff 7f ff d4 00 15 00 29 1b 7c 00 01 80 17 00 00 14 73 43 7c a4 1a 00 00 14 08
502,24096,WL,flash_sample,48,23.788,1,103,1,1,1,0,0,1,1,0,502,23788,0.034648,0.031232,-1.027728,0.062502,0.0,-1.385461,-3.15,1.54,2.8,52.51953125,98322,52.42,253.069061279,5.128,57 4c 01 67 00 00 01 f6 00 00 5c ec 00 47 00 40 f7 c6 00 06 00 00 ff 7b ff d3 00 16 00 28 1b 85 00 01 80 12 00 00 14 7a 43 7d 11 ae 00 00 14 08
503,24144,WL,flash_sample,48,23.808,1,103,1,1,1,0,0,1,1,0,503,23808,0.035624,0.03172,-1.028216,0.031251,-0.031251,-1.322959,-3.15,1.47,2.87,52.53515625,98328,52.48,252.556472778,5.128,57 4c 01 67 00 00 01 f7 00 00 5d 00 00 49 00 41 f7 c5 00 03 ff fd ff 81 ff d3 00 15 00 29 1b 89 00 01 80 18 00 00 14 80 43 7c 8e 75 00 00 14 08
504,24192,WL,flash_sample,48,23.828,1,111,1,1,1,1,0,1,1,0,504,23828,0.035136,0.03172,-1.029192,0.062502,-0.031251,-1.35421,-3.15,1.54,2.87,52.55078125,98327,52.54,252.641021729,5.128,57 4c 01 6f 00 00 01 f8 00 00 5d 14 00 48 00 41 f7 c3 00 06 ff fd ff 7e ff d3 00 16 00 29 1b 8d 00 01 80 17 00 00 14 86 43 7c a4 1a 00 00 14 08
505,24240,WL,flash_sample,48,23.848,1,111,1,1,1,1,0,1,1,0,505,23848,0.03416,0.03172,-1.028704,0.062502,-0.020834,-1.333376,-3.22,1.54,2.8,52.515625,98328,52.6,252.556472778,5.128,57 4c 01 6f 00 00 01 f9 00 00 5d 28 00 46 00 41 f7 c4 00 06 ff fe ff 80 ff d2 00 16 00 28 1b 84 00 01 80 18 00 00 14 8c 43 7c 8e 75 00 00 14 08
506,24288,WL,flash_sample,48,23.868,1,111,1,1,1,1,0,1,1,0,506,23868,0.035136,0.031232,-1.028216,0.031251,-0.010417,-1.333376,-3.15,1.54,2.8,52.53125,98330,52.65,252.384719849,5.128,57 4c 01 6f 00 00 01 fa 00 00 5d 3c 00 48 00 40 f7 c5 00 03 ff ff ff 80 ff d3 00 16 00 28 1b 88 00 01 80 1a 00 00 14 91 43 7c 62 7d 00 00 14 08
507,24336,WL,flash_sample,48,23.888,1,111,1,1,1,1,0,1,1,0,507,23888,0.036112,0.031232,-1.028216,0.041668,0.0,-1.35421,-3.15,1.54,2.8,52.53515625,98335,52.71,251.959320068,5.128,57 4c 01 6f 00 00 01 fb 00 00 5d 50 00 4a 00 40 f7 c5 00 04 00 00 ff 7e ff d3 00 16 00 28 1b 89 00 01 80 1f 00 00 14 97 43 7b f5 96 00 00 14 08
508,24384,WL,flash_sample,48,23.908,1,111,1,1,1,1,0,1,1,0,508,23908,0.036112,0.031232,-1.028216,0.041668,0.0,-1.35421,-3.15,1.54,2.8,52.53515625,98335,52.71,251.959320068,5.128,57 4c 01 6f 00 00 01 fc 00 00 5d 64 00 4a 00 40 f7 c5 00 04 00 00 ff 7e ff d3 00 16 00 28 1b 89 00 01 80 1f 00 00 14 97 43 7b f5 96 00 00 14 08
509,24432,WL,flash_sample,48,23.928,1,111,1,1,1,1,0,1,1,0,509,23928,0.036112,0.031232,-1.028216,0.041668,0.0,-1.35421,-3.15,1.54,2.8,52.53515625,98335,52.71,251.959320068,5.128,57 4c 01 6f 00 00 01 fd 00 00 5d 78 00 4a 00 40 f7 c5 00 04 00 00 ff 7e ff d3 00 16 00 28 1b 89 00 01 80 1f 00 00 14 97 43 7b f5 96 00 00 14 08
510,24480,WL,flash_sample,48,23.948,1,111,1,1,1,1,0,1,1,0,510,23948,0.036112,0.031232,-1.028216,0.041668,0.0,-1.35421,-3.15,1.54,2.8,52.53515625,98335,52.71,251.959320068,5.128,57 4c 01 6f 00 00 01 fe 00 00 5d 8c 00 4a 00 40 f7 c5 00 04 00 00 ff 7e ff d3 00 16 00 28 1b 89 00 01 80 1f 00 00 14 97 43 7b f5 96 00 00 14 08
511,24528,WL,flash_sample,48,23.971,1,65,1,0,0,0,0,0,1,0,511,23971,0.03416,0.033672,-1.027728,0.031251,-0.020834,-1.333376,-0.28,-0.35,0.0,52.5390625,98341,52.75,251.446716309,5.132,57 4c 01 41 00 00 01 ff 00 00 5d a3 00 46 00 45 f7 c6 00 03 ff fe ff 80 ff fc ff fb 00 00 1b 8a 00 01 80 25 00 00 14 9b 43 7b 72 5c 00 00 14 0c
512,24576,WL,flash_sample,48,23.988,1,111,1,1,1,1,0,1,1,0,512,23988,0.036112,0.033184,-1.02724,0.083336,-0.031251,-1.312542,-1.12,-0.7,1.89,52.5390625,98334,52.58,252.043869019,5.132,57 4c 01 6f 00 00 02 00 00 00 5d b4 00 4a 00 44 f7 c7 00 08 ff fd ff 82 ff f0 ff f6 00 1b 1b 8a 00 01 80 1e 00 00 14 8a 43 7c 0b 3b 00 00 14 0c
513,24624,WL,flash_sample,48,24.008,1,111,1,1,1,1,0,1,1,0,513,24008,0.035136,0.03172,-1.026752,0.020834,0.020834,-1.364627,-2.59,0.49,3.43,52.5625,98331,52.64,252.300170898,5.132,57 4c 01 6f 00 00 02 01 00 00 5d c8 00 48 00 41 f7 c8 00 02 00 02 ff 7d ff db 00 07 00 31 1b 90 00 01 80 1b 00 00 14 90 43 7c 4c d8 00 00 14 0c
514,24672,WL,flash_sample,48,24.028,1,103,1,1,1,0,0,1,1,0,514,24028,0.034648,0.030744,-1.027728,0.020834,0.0,-1.35421,-3.22,1.54,2.87,52.546875,98333,52.69,252.131057739,5.14,57 4c 01 67 00 00 02 02 00 00 5d dc 00 47 00 3f f7 c6 00 02 00 00 ff 7e ff d2 00 16 00 29 1b 8c 00 01 80 1d 00 00 14 95 43 7c 21 8d 00 00 14 14
515,24720,WL,flash_sample,48,24.048,1,103,1,1,1,0,0,1,1,0,515,24048,0.035136,0.031232,-1.027728,0.031251,-0.020834,-1.35421,-3.22,1.54,2.8,52.5390625,98332,52.74,252.215606689,5.14,57 4c 01 67 00 00 02 03 00 00 5d f0 00 48 00 40 f7 c6 00 03 ff fe ff 7e ff d2 00 16 00 28 1b 8a 00 01 80 1c 00 00 14 9a 43 7c 37 32 00 00 14 14
516,24768,WL,flash_sample,48,24.069,1,111,1,1,1,1,0,1,1,0,516,24069,0.035624,0.032208,-1.029192,0.020834,-0.010417,-1.35421,-3.15,1.47,2.87,52.546875,98334,52.78,252.043869019,5.14,57 4c 01 6f 00 00 02 04 00 00 5e 05 00 49 00 42 f7 c3 00 02 ff ff ff 7e ff d3 00 15 00 29 1b 8c 00 01 80 1e 00 00 14 9e 43 7c 0b 3b 00 00 14 14
517,24816,WL,flash_sample,48,24.088,1,111,1,1,1,1,0,1,1,0,517,24088,0.035624,0.03172,-1.026264,0.010417,-0.010417,-1.333376,-3.36,1.82,2.59,52.578125,98332,52.81,252.215606689,5.14,57 4c 01 6f 00 00 02 05 00 00 5e 18 00 49 00 41 f7 c9 00 01 ff ff ff 80 ff d0 00 1a 00 25 1b 94 00 01 80 1c 00 00 14 a1 43 7c 37 32 00 00 14 14
518,24864,WL,flash_sample,48,24.108,1,111,1,1,1,1,0,1,1,0,518,24108,0.034648,0.03172,-1.030168,0.031251,0.010417,-1.35421,-3.15,1.61,2.8,52.59765625,98339,52.86,251.618453979,5.14,57 4c 01 6f 00 00 02 06 00 00 5e 2c 00 47 00 41 f7 c1 00 03 00 01 ff 7e ff d3 00 17 00 28 1b 99 00 01 80 23 00 00 14 a6 43 7b 9e 53 00 00 14 14
519,24912,WL,flash_sample,48,24.128,1,111,1,1,1,1,0,1,1,0,519,24128,0.035136,0.032208,-1.02968,0.041668,-0.020834,-1.333376,-3.22,1.47,2.87,52.5859375,98337,52.89,251.787567139,5.124,57 4c 01 6f 00 00 02 07 00 00 5e 40 00 48 00 42 f7 c2 00 04 ff fe ff 80 ff d2 00 15 00 29 1b 96 00 01 80 21 00 00 14 a9 43 7b c9 9e 00 00 14 04
520,24960,WL,flash_sample,48,24.148,1,111,1,1,1,1,0,1,1,0,520,24148,0.0366,0.032208,-1.028704,0.041668,0.0,-1.385461,-3.22,1.54,2.87,52.5625,98337,52.89,251.787567139,5.124,57 4c 01 6f 00 00 02 08 00 00 5e 54 00 4b 00 42 f7 c4 00 04 00 00 ff 7b ff d2 00 16 00 29 1b 90 00 01 80 21 00 00 14 a9 43 7b c9 9e 00 00 14 04
521,25008,WL,flash_sample,48,24.168,1,111,1,1,1,1,0,1,1,0,521,24168,0.0366,0.032208,-1.028704,0.041668,0.0,-1.385461,-3.22,1.54,2.87,52.5625,98337,52.89,251.787567139,5.124,57 4c 01 6f 00 00 02 09 00 00 5e 68 00 4b 00 42 f7 c4 00 04 00 00 ff 7b ff d2 00 16 00 29 1b 90 00 01 80 21 00 00 14 a9 43 7b c9 9e 00 00 14 04
522,25056,WL,flash_sample,48,24.188,1,111,1,1,1,1,0,1,1,0,522,24188,0.0366,0.032208,-1.028704,0.041668,0.0,-1.385461,-3.22,1.54,2.87,52.5625,98337,52.89,251.787567139,5.124,57 4c 01 6f 00 00 02 0a 00 00 5e 7c 00 4b 00 42 f7 c4 00 04 00 00 ff 7b ff d2 00 16 00 29 1b 90 00 01 80 21 00 00 14 a9 43 7b c9 9e 00 00 14 04
523,25104,WL,flash_sample,48,24.208,1,111,1,1,1,1,0,1,1,0,523,24208,0.0366,0.032208,-1.028704,0.041668,0.0,-1.385461,-3.22,1.54,2.87,52.5625,98337,52.89,251.787567139,5.124,57 4c 01 6f 00 00 02 0b 00 00 5e 90 00 4b 00 42 f7 c4 00 04 00 00 ff 7b ff d2 00 16 00 29 1b 90 00 01 80 21 00 00 14 a9 43 7b c9 9e 00 00 14 04
524,25152,WL,flash_sample,48,24.228,1,111,1,1,1,1,0,1,1,0,524,24228,0.0366,0.032696,-1.02724,0.062502,0.0,-1.375044,-0.35,-1.05,1.05,52.5625,98343,52.93,251.277603149,5.124,57 4c 01 6f 00 00 02 0c 00 00 5e a4 00 4b 00 43 f7 c7 00 06 00 00 ff 7c ff fb ff f1 00 0f 1b 90 00 01 80 27 00 00 14 ad 43 7b 47 11 00 00 14 04
525,25200,WL,flash_sample,48,24.248,1,102,0,1,1,0,0,1,1,0,525,24248,0.035624,0.032696,-1.028216,0.031251,0.020834,-1.385461,-2.03,0.07,2.87,52.578125,98336,52.71,251.874755859,5.124,57 4c 01 66 00 00 02 0d 00 00 5e b8 00 49 00 43 f7 c5 00 03 00 02 ff 7b ff e3 00 01 00 29 1b 94 00 01 80 20 00 00 14 97 43 7b df f0 00 00 14 04
526,25248,WL,flash_sample,48,24.268,1,102,0,1,1,0,0,1,1,0,526,24268,0.035136,0.03172,-1.02724,0.031251,-0.041668,-1.343793,-2.94,1.05,3.15,52.59765625,98336,52.77,251.874755859,5.124,57 4c 01 66 00 00 02 0e 00 00 5e cc 00 48 00 41 f7 c7 00 03 ff fc ff 7f ff d6 00 0f 00 2d 1b 99 00 01 80 20 00 00 14 9d 43 7b df f0 00 00 14 04
527,25296,WL,flash_sample,48,24.288,1,102,0,1,1,0,0,1,1,0,527,24288,0.035136,0.03172,-1.027728,0.031251,-0.020834,-1.343793,-3.15,1.47,2.8,52.5859375,98337,52.81,251.787567139,5.124,57 4c 01 66 00 00 02 0f 00 00 5e e0 00 48 00 41 f7 c6 00 03 ff fe ff 7f ff d3 00 15 00 28 1b 96 00 01 80 21 00 00 14 a1 43 7b c9 9e 00 00 14 04
528,25344,WL,flash_sample,48,24.308,1,110,0,1,1,1,0,1,1,0,528,24308,0.035624,0.030744,-1.029192,0.052085,0.010417,-1.35421,-3.08,1.54,2.8,52.546875,98338,52.85,251.703018188,5.124,57 4c 01 6e 00 00 02 10 00 00 5e f4 00 49 00 3f f7 c3 00 05 00 01 ff 7e ff d4 00 16 00 28 1b 8c 00 01 80 22 00 00 14 a5 43 7b b3 f9 00 00 14 04
529,25392,WL,flash_sample,48,24.328,1,110,0,1,1,1,0,1,1,0,529,24328,0.035136,0.03172,-1.028216,0.020834,0.020834,-1.35421,-3.15,1.54,2.87,52.578125,98340,52.89,251.533905029,5.14,57 4c 01 6e 00 00 02 11 00 00 5f 08 00 48 00 41 f7 c5 00 02 00 02 ff 7e ff d3 00 16 00 29 1b 94 00 01 80 24 00 00 14 a9 43 7b 88 ae 00 00 14 14
530,25440,WL,flash_sample,48,24.348,1,110,0,1,1,1,0,1,1,0,530,24348,0.035136,0.030744,-1.027728,0.052085,0.020834,-1.333376,-3.15,1.47,2.87,52.5390625,98339,52.92,251.618453979,5.14,57 4c 01 6e 00 00 02 12 00 00 5f 1c 00 48 00 3f f7 c6 00 05 00 02 ff 80 ff d3 00 15 00 29 1b 8a 00 01 80 23 00 00 14 ac 43 7b 9e 53 00 00 14 14
531,25488,WL,flash_sample,48,24.368,1,102,0,1,1,0,0,1,1,0,531,24368,0.035624,0.032208,-1.028216,0.010417,0.010417,-1.35421,-3.15,1.47,2.8,52.60546875,98338,52.95,251.703018188,5.14,57 4c 01 66 00 00 02 13 00 00 5f 30 00 49 00 42 f7 c5 00 01 00 01 ff 7e ff d3 00 15 00 28 1b 9b 00 01 80 22 00 00 14 af 43 7b b3 f9 00 00 14 14
532,25536,WL,flash_sample,48,24.388,1,102,0,1,1,0,0,1,1,0,532,24388,0.035136,0.030744,-1.028216,0.052085,0.010417,-1.35421,-3.15,1.54,2.8,52.5703125,98340,52.99,251.533905029,5.14,57 4c 01 66 00 00 02 14 00 00 5f 44 00 48 00 3f f7 c5 00 05 00 01 ff 7e ff d3 00 16 00 28 1b 92 00 01 80 24 00 00 14 b3 43 7b 88 ae 00 00 14 14
533,25584,WL,flash_sample,48,24.408,1,102,0,1,1,0,0,1,1,0,533,24408,0.035136,0.030744,-1.028216,0.052085,0.010417,-1.35421,-3.15,1.54,2.8,52.5703125,98340,52.99,251.533905029,5.14,57 4c 01 66 00 00 02 15 00 00 5f 58 00 48 00 3f f7 c5 00 05 00 01 ff 7e ff d3 00 16 00 28 1b 92 00 01 80 24 00 00 14 b3 43 7b 88 ae 00 00 14 14
534,25632,WL,flash_sample,48,24.428,1,102,0,1,1,0,0,1,1,0,534,24428,0.035136,0.030744,-1.028216,0.052085,0.010417,-1.35421,-3.15,1.54,2.8,52.5703125,98340,52.99,251.533905029,5.14,57 4c 01 66 00 00 02 16 00 00 5f 6c 00 48 00 3f f7 c5 00 05 00 01 ff 7e ff d3 00 16 00 28 1b 92 00 01 80 24 00 00 14 b3 43 7b 88 ae 00 00 14 14
535,25680,WL,flash_sample,48,24.448,1,102,0,1,1,0,0,1,1,0,535,24448,0.035136,0.030744,-1.028216,0.052085,0.010417,-1.35421,-3.15,1.54,2.8,52.5703125,98340,52.99,251.533905029,5.14,57 4c 01 66 00 00 02 17 00 00 5f 80 00 48 00 3f f7 c5 00 05 00 01 ff 7e ff d3 00 16 00 28 1b 92 00 01 80 24 00 00 14 b3 43 7b 88 ae 00 00 14 14
536,25728,WL,flash_sample,48,24.469,1,110,0,1,1,1,0,1,1,0,536,24469,0.035136,0.032208,-1.026752,0.031251,-0.020834,-1.322959,-0.21,0.07,-0.35,52.5703125,98341,53.02,251.446716309,5.14,57 4c 01 6e 00 00 02 18 00 00 5f 95 00 48 00 42 f7 c8 00 03 ff fe ff 81 ff fd 00 01 ff fb 1b 92 00 01 80 25 00 00 14 b6 43 7b 72 5c 00 00 14 14
537,25776,WL,flash_sample,48,24.488,1,110,0,1,1,1,0,1,1,0,537,24488,0.035136,0.032208,-1.026752,0.031251,-0.020834,-1.322959,-0.21,0.07,-0.35,52.5703125,98341,53.02,251.446716309,5.14,57 4c 01 6e 00 00 02 19 00 00 5f a8 00 48 00 42 f7 c8 00 03 ff fe ff 81 ff fd 00 01 ff fb 1b 92 00 01 80 25 00 00 14 b6 43 7b 72 5c 00 00 14 14
538,25824,WL,flash_sample,48,24.508,1,110,0,1,1,1,0,1,1,0,538,24508,0.035136,0.032208,-1.026752,0.031251,-0.020834,-1.322959,-0.21,0.07,-0.35,52.5703125,98341,53.02,251.446716309,5.14,57 4c 01 6e 00 00 02 1a 00 00 5f bc 00 48 00 42 f7 c8 00 03 ff fe ff 81 ff fd 00 01 ff fb 1b 92 00 01 80 25 00 00 14 b6 43 7b 72 5c 00 00 14 14
539,25872,WL,flash_sample,48,24.528,1,110,0,1,1,1,0,1,1,0,539,24528,0.035136,0.032208,-1.026752,0.031251,-0.020834,-1.322959,-0.21,0.07,-0.35,52.5703125,98341,53.02,251.446716309,5.14,57 4c 01 6e 00 00 02 1b 00 00 5f d0 00 48 00 42 f7 c8 00 03 ff fe ff 81 ff fd 00 01 ff fb 1b 92 00 01 80 25 00 00 14 b6 43 7b 72 5c 00 00 14 14
540,25920,WL,flash_sample,48,24.548,1,110,0,1,1,1,0,1,1,0,540,24548,0.035136,0.032208,-1.026752,0.031251,-0.020834,-1.322959,-0.21,0.07,-0.35,52.5703125,98341,53.02,251.446716309,5.14,57 4c 01 6e 00 00 02 1c 00 00 5f e4 00 48 00 42 f7 c8 00 03 ff fe ff 81 ff fd 00 01 ff fb 1b 92 00 01 80 25 00 00 14 b6 43 7b 72 5c 00 00 14 14
541,25968,WL,flash_sample,48,24.568,1,110,0,1,1,1,0,1,1,0,541,24568,0.035136,0.032208,-1.026752,0.031251,-0.020834,-1.322959,-0.21,0.07,-0.35,52.5703125,98341,53.02,251.446716309,5.14,57 4c 01 6e 00 00 02 1d 00 00 5f f8 00 48 00 42 f7 c8 00 03 ff fe ff 81 ff fd 00 01 ff fb 1b 92 00 01 80 25 00 00 14 b6 43 7b 72 5c 00 00 14 14
542,26016,WL,flash_sample,48,24.588,1,110,0,1,1,1,0,1,1,0,542,24588,0.035136,0.032208,-1.026752,0.031251,-0.020834,-1.322959,-0.21,0.07,-0.35,52.5703125,98341,53.02,251.446716309,5.14,57 4c 01 6e 00 00 02 1e 00 00 60 0c 00 48 00 42 f7 c8 00 03 ff fe ff 81 ff fd 00 01 ff fb 1b 92 00 01 80 25 00 00 14 b6 43 7b 72 5c 00 00 14 14
543,26064,WL,flash_sample,48,24.608,1,110,0,1,1,1,0,1,1,0,543,24608,0.035624,0.032696,-1.026752,0.031251,-0.020834,-1.333376,-0.21,0.14,-0.35,52.546875,98341,53.02,251.446716309,5.14,57 4c 01 6e 00 00 02 1f 00 00 60 20 00 49 00 43 f7 c8 00 03 ff fe ff 80 ff fd 00 02 ff fb 1b 8c 00 01 80 25 00 00 14 b6 43 7b 72 5c 00 00 14 14
544,26112,WL,flash_sample,48,24.628,1,110,0,1,1,1,0,1,1,0,544,24628,0.035624,0.032696,-1.026752,0.031251,-0.020834,-1.333376,-0.21,0.14,-0.35,52.546875,98341,53.02,251.446716309,5.14,57 4c 01 6e 00 00 02 20 00 00 60 34 00 49 00 43 f7 c8 00 03 ff fe ff 80 ff fd 00 02 ff fb 1b 8c 00 01 80 25 00 00 14 b6 43 7b 72 5c 00 00 14 14
545,26160,WL,flash_sample,48,24.65,1,110,0,1,1,1,0,1,1,0,545,24650,0.035624,0.032208,-1.026264,0.031251,-0.010417,-1.322959,-0.14,-0.14,-0.21,52.578125,98397,52.79,246.672119141,5.144,57 4c 01 6e 00 00 02 21 00 00 60 4a 00 49 00 42 f7 c9 00 03 ff ff ff 81 ff fe ff fe ff fd 1b 94 00 01 80 5d 00 00 14 9f 43 76 ac 10 00 00 14 18
546,26208,WL,flash_sample,48,24.668,1,110,0,1,1,1,0,1,1,0,546,24668,0.035624,0.032208,-1.026264,0.031251,-0.010417,-1.322959,-0.14,-0.14,-0.21,52.578125,98397,52.79,246.672119141,5.144,57 4c 01 6e 00 00 02 22 00 00 60 5c 00 49 00 42 f7 c9 00 03 ff ff ff 81 ff fe ff fe ff fd 1b 94 00 01 80 5d 00 00 14 9f 43 76 ac 10 00 00 14 18
547,26256,WL,flash_sample,48,24.688,1,110,0,1,1,1,0,1,1,0,547,24688,0.035624,0.032208,-1.026264,0.031251,-0.010417,-1.322959,-0.14,-0.14,-0.21,52.578125,98397,52.79,246.672119141,5.144,57 4c 01 6e 00 00 02 23 00 00 60 70 00 49 00 42 f7 c9 00 03 ff ff ff 81 ff fe ff fe ff fd 1b 94 00 01 80 5d 00 00 14 9f 43 76 ac 10 00 00 14 18
548,26304,WL,flash_sample,48,24.708,1,110,0,1,1,1,0,1,1,0,548,24708,0.035624,0.032208,-1.026264,0.031251,-0.010417,-1.322959,-0.14,-0.14,-0.21,52.578125,98397,52.79,246.672119141,5.144,57 4c 01 6e 00 00 02 24 00 00 60 84 00 49 00 42 f7 c9 00 03 ff ff ff 81 ff fe ff fe ff fd 1b 94 00 01 80 5d 00 00 14 9f 43 76 ac 10 00 00 14 18
549,26352,WL,flash_sample,48,24.733,1,64,0,0,0,0,0,0,1,0,549,24733,0.036112,0.032208,-1.026264,0.062502,-0.031251,-1.35421,-0.14,-0.28,0.0,52.5625,98397,52.79,246.672119141,5.144,57 4c 01 40 00 00 02 25 00 00 60 9d 00 4a 00 42 f7 c9 00 06 ff fd ff 7e ff fe ff fc 00 00 1b 90 00 01 80 5d 00 00 14 9f 43 76 ac 10 00 00 14 18
550,26400,WL,flash_sample,48,24.748,1,102,0,1,1,0,0,1,1,0,550,24748,0.036112,0.032208,-1.02724,0.031251,-0.020834,-1.35421,-1.12,-0.63,1.89,52.5546875,98338,52.45,251.703018188,5.12,57 4c 01 66 00 00 02 26 00 00 60 ac 00 4a 00 42 f7 c7 00 03 ff fe ff 7e ff f0 ff f7 00 1b 1b 8e 00 01 80 22 00 00 14 7d 43 7b b3 f9 00 00 14 00
551,26448,WL,flash_sample,48,24.768,1,110,0,1,1,1,0,1,1,0,551,24768,0.035136,0.031232,-1.027728,0.052085,-0.020834,-1.35421,-2.59,0.49,3.43,52.5859375,98326,52.41,252.728210449,5.12,57 4c 01 6e 00 00 02 27 00 00 60 c0 00 48 00 40 f7 c6 00 05 ff fe ff 7e ff db 00 07 00 31 1b 96 00 01 80 16 00 00 14 79 43 7c ba 6c 00 00 14 00
552,26496,WL,flash_sample,48,24.788,1,110,0,1,1,1,0,1,1,0,552,24788,0.034648,0.03172,-1.027728,0.041668,-0.020834,-1.343793,-3.15,1.54,2.8,52.60546875,98327,52.48,252.641021729,5.12,57 4c 01 6e 00 00 02 28 00 00 60 d4 00 47 00 41 f7 c6 00 04 ff fe ff 7f ff d3 00 16 00 28 1b 9b 00 01 80 17 00 00 14 80 43 7c a4 1a 00 00 14 00
553,26544,WL,flash_sample,48,24.808,1,110,0,1,1,1,0,1,1,0,553,24808,0.035624,0.03172,-1.027728,0.062502,-0.020834,-1.343793,-3.08,1.54,2.8,52.60546875,98328,52.54,252.556472778,5.12,57 4c 01 6e 00 00 02 29 00 00 60 e8 00 49 00 41 f7 c6 00 06 ff fe ff 7f ff d4 00 16 00 28 1b 9b 00 01 80 18 00 00 14 86 43 7c 8e 75 00 00 14 00
554,26592,WL,flash_sample,48,24.829,1,110,0,1,1,1,0,1,1,0,554,24829,0.034648,0.03172,-1.028704,0.031251,-0.020834,-1.333376,-3.22,1.47,2.87,52.61328125,98329,52.61,252.471908569,5.136,57 4c 01 6e 00 00 02 2a 00 00 60 fd 00 47 00 41 f7 c4 00 03 ff fe ff 80 ff d2 00 15 00 29 1b 9d 00 01 80 19 00 00 14 8d 43 7c 78 cf 00 00 14 10
555,26640,WL,flash_sample,48,24.848,1,102,0,1,1,0,0,1,1,0,555,24848,0.035136,0.031232,-1.028216,0.020834,0.0,-1.35421,-3.15,1.47,2.8,52.63671875,98327,52.66,252.641021729,5.136,57 4c 01 66 00 00 02 2b 00 00 61 10 00 48 00 40 f7 c5 00 02 00 00 ff 7e ff d3 00 15 00 28 1b a3 00 01 80 17 00 00 14 92 43 7c a4 1a 00 00 14 10
556,26688,WL,flash_sample,48,24.868,1,102,0,1,1,0,0,1,1,0,556,24868,0.035624,0.031232,-1.02724,0.062502,-0.041668,-1.322959,-3.15,1.54,2.8,52.66015625,98329,52.72,252.471908569,5.136,57 4c 01 66 00 00 02 2c 00 00 61 24 00 49 00 40 f7 c7 00 06 ff fc ff 81 ff d3 00 16 00 28 1b a9 00 01 80 19 00 00 14 98 43 7c 78 cf 00 00 14 10
557,26736,WL,flash_sample,48,24.888,1,110,0,1,1,1,0,1,1,0,557,24888,0.035624,0.032696,-1.028704,0.052085,0.0,-1.333376,-3.15,1.54,2.87,52.63671875,98332,52.77,252.215606689,5.136,57 4c 01 6e 00 00 02 2d 00 00 61 38 00 49 00 43 f7 c4 00 05 00 00 ff 80 ff d3 00 16 00 29 1b a3 00 01 80 1c 00 00 14 9d 43 7c 37 32 00 00 14 10
558,26784,WL,flash_sample,48,24.908,1,102,0,1,1,0,0,1,1,0,558,24908,0.035136,0.031232,-1.028216,0.031251,0.020834,-1.375044,-3.15,1.54,2.8,52.63671875,98328,52.82,252.556472778,5.136,57 4c 01 66 00 00 02 2e 00 00 61 4c 00 48 00 40 f7 c5 00 03 00 02 ff 7c ff d3 00 16 00 28 1b a3 00 01 80 18 00 00 14 a2 43 7c 8e 75 00 00 14 10
559,26832,WL,flash_sample,48,24.928,1,102,0,1,1,0,0,1,1,0,559,24928,0.035136,0.031232,-1.028216,0.031251,0.020834,-1.375044,-3.15,1.54,2.8,52.63671875,98328,52.82,252.556472778,5.136,57 4c 01 66 00 00 02 2f 00 00 61 60 00 48 00 40 f7 c5 00 03 00 02 ff 7c ff d3 00 16 00 28 1b a3 00 01 80 18 00 00 14 a2 43 7c 8e 75 00 00 14 10
560,26880,WL,flash_sample,48,24.948,1,102,0,1,1,0,0,1,1,0,560,24948,0.035136,0.031232,-1.028216,0.031251,0.020834,-1.375044,-3.15,1.54,2.8,52.63671875,98328,52.82,252.556472778,5.136,57 4c 01 66 00 00 02 30 00 00 61 74 00 48 00 40 f7 c5 00 03 00 02 ff 7c ff d3 00 16 00 28 1b a3 00 01 80 18 00 00 14 a2 43 7c 8e 75 00 00 14 10
561,26928,WL,flash_sample,48,24.968,1,102,0,1,1,0,0,1,1,0,561,24968,0.035136,0.031232,-1.028216,0.031251,0.020834,-1.375044,-3.15,1.54,2.8,52.63671875,98328,52.82,252.556472778,5.136,57 4c 01 66 00 00 02 31 00 00 61 88 00 48 00 40 f7 c5 00 03 00 02 ff 7c ff d3 00 16 00 28 1b a3 00 01 80 18 00 00 14 a2 43 7c 8e 75 00 00 14 10
562,26976,WL,flash_sample,48,24.988,1,102,0,1,1,0,0,1,1,0,562,24988,0.035136,0.032696,-1.02724,0.010417,-0.020834,-1.343793,-0.42,-1.05,1.12,52.62109375,98373,52.86,248.71723938,5.128,57 4c 01 66 00 00 02 32 00 00 61 9c 00 48 00 43 f7 c7 00 01 ff fe ff 7f ff fa ff f1 00 10 1b 9f 00 01 80 45 00 00 14 a6 43 78 b7 9d 00 00 14 08
563,27024,WL,flash_sample,48,25.008,1,110,0,1,1,1,0,1,1,0,563,25008,0.035136,0.031232,-1.027728,0.062502,-0.020834,-1.35421,-2.03,0.0,2.87,52.62109375,98334,52.71,252.043869019,5.128,57 4c 01 6e 00 00 02 33 00 00 61 b0 00 48 00 40 f7 c6 00 06 ff fe ff 7e ff e3 00 00 00 29 1b 9f 00 01 80 1e 00 00 14 97 43 7c 0b 3b 00 00 14 08
564,27072,WL,flash_sample,48,25.028,1,110,0,1,1,1,0,1,1,0,564,25028,0.036112,0.032208,-1.027728,0.062502,-0.020834,-1.385461,-3.01,1.12,3.22,52.62109375,98332,52.76,252.215606689,5.124,57 4c 01 6e 00 00 02 34 00 00 61 c4 00 4a 00 42 f7 c6 00 06 ff fe ff 7b ff d5 00 10 00 2e 1b 9f 00 01 80 1c 00 00 14 9c 43 7c 37 32 00 00 14 04
565,27120,WL,flash_sample,48,25.048,1,110,0,1,1,1,0,1,1,0,565,25048,0.035136,0.03172,-1.028216,0.052085,0.010417,-1.322959,-3.22,1.47,2.87,52.63671875,98334,52.81,252.043869019,5.124,57 4c 01 6e 00 00 02 35 00 00 61 d8 00 48 00 41 f7 c5 00 05 00 01 ff 81 ff d2 00 15 00 29 1b a3 00 01 80 1e 00 00 14 a1 43 7c 0b 3b 00 00 14 04
566,27168,WL,flash_sample,48,25.068,1,102,0,1,1,0,0,1,1,0,566,25068,0.035624,0.03172,-1.027728,0.020834,-0.031251,-1.364627,-3.15,1.54,2.8,52.64453125,98336,52.85,251.874755859,5.124,57 4c 01 66 00 00 02 36 00 00 61 ec 00 49 00 41 f7 c6 00 02 ff fd ff 7d ff d3 00 16 00 28 1b a5 00 01 80 20 00 00 14 a5 43 7b df f0 00 00 14 04
567,27216,WL,flash_sample,48,25.089,1,102,0,1,1,0,0,1,1,0,567,25089,0.035136,0.031232,-1.028704,0.052085,-0.041668,-1.35421,-3.36,1.82,2.59,52.63671875,98330,52.88,252.384719849,5.124,57 4c 01 66 00 00 02 37 00 00 62 01 00 48 00 40 f7 c4 00 05 ff fc ff 7e ff d0 00 1a 00 25 1b a3 00 01 80 1a 00 00 14 a8 43 7c 62 7d 00 00 14 04
568,27264,WL,flash_sample,48,25.108,1,102,0,1,1,0,0,1,1,0,568,25108,0.035136,0.031232,-1.028216,0.020834,-0.010417,-1.322959,-3.15,1.47,2.87,52.66015625,98339,52.93,251.618453979,5.124,57 4c 01 66 00 00 02 38 00 00 62 14 00 48 00 40 f7 c5 00 02 ff ff ff 81 ff d3 00 15 00 29 1b a9 00 01 80 23 00 00 14 ad 43 7b 9e 53 00 00 14 04
569,27312,WL,flash_sample,48,25.128,1,110,0,1,1,1,0,1,1,0,569,25128,0.035136,0.03172,-1.028704,0.052085,-0.010417,-1.35421,-3.15,1.54,2.87,52.63671875,98337,52.97,251.787567139,5.124,57 4c 01 6e 00 00 02 39 00 00 62 28 00 48 00 41 f7 c4 00 05 ff ff ff 7e ff d3 00 16 00 29 1b a3 00 01 80 21 00 00 14 b1 43 7b c9 9e 00 00 14 04
570,27360,WL,flash_sample,48,25.148,1,110,0,1,1,1,0,1,1,0,570,25148,0.035136,0.03172,-1.028216,0.020834,0.010417,-1.333376,-3.15,1.47,2.8,52.61328125,98337,53.0,251.787567139,5.124,57 4c 01 6e 00 00 02 3a 00 00 62 3c 00 48 00 41 f7 c5 00 02 00 01 ff 80 ff d3 00 15 00 28 1b 9d 00 01 80 21 00 00 14 b4 43 7b c9 9e 00 00 14 04
571,27408,WL,flash_sample,48,25.168,1,110,0,1,1,1,0,1,1,0,571,25168,0.035136,0.03172,-1.028216,0.020834,0.010417,-1.333376,-3.15,1.47,2.8,52.61328125,98337,53.0,251.787567139,5.124,57 4c 01 6e 00 00 02 3b 00 00 62 50 00 48 00 41 f7 c5 00 02 00 01 ff 80 ff d3 00 15 00 28 1b 9d 00 01 80 21 00 00 14 b4 43 7b c9 9e 00 00 14 04
572,27456,WL,flash_sample,48,25.188,1,110,0,1,1,1,0,1,1,0,572,25188,0.035136,0.03172,-1.028216,0.020834,0.010417,-1.333376,-3.15,1.47,2.8,52.61328125,98337,53.0,251.787567139,5.124,57 4c 01 6e 00 00 02 3c 00 00 62 64 00 48 00 41 f7 c5 00 02 00 01 ff 80 ff d3 00 15 00 28 1b 9d 00 01 80 21 00 00 14 b4 43 7b c9 9e 00 00 14 04
573,27504,WL,flash_sample,48,25.208,1,110,0,1,1,1,0,1,1,0,573,25208,0.035136,0.03172,-1.028216,0.020834,0.010417,-1.333376,-3.15,1.47,2.8,52.61328125,98337,53.0,251.787567139,5.124,57 4c 01 6e 00 00 02 3d 00 00 62 78 00 48 00 41 f7 c5 00 02 00 01 ff 80 ff d3 00 15 00 28 1b 9d 00 01 80 21 00 00 14 b4 43 7b c9 9e 00 00 14 04
574,27552,WL,flash_sample,48,25.231,1,96,0,0,0,0,0,1,1,0,574,25231,0.035624,0.03172,-1.02724,0.041668,0.020834,-1.35421,-0.21,-0.91,0.7,52.66015625,98337,53.0,251.787567139,5.132,57 4c 01 60 00 00 02 3e 00 00 62 8f 00 49 00 41 f7 c7 00 04 00 02 ff 7e ff fd ff f3 00 0a 1b a9 00 01 80 21 00 00 14 b4 43 7b c9 9e 00 00 14 0c
575,27600,WL,flash_sample,48,25.248,1,111,1,1,1,1,0,1,1,0,575,25248,0.035136,0.032208,-1.02724,0.062502,0.010417,-1.35421,-1.4,-0.42,2.24,52.58203125,98384,53.04,247.77923584,5.132,57 4c 01 6f 00 00 02 3f 00 00 62 a0 00 48 00 42 f7 c7 00 06 00 01 ff 7e ff ec ff fa 00 20 1b 95 00 01 80 50 00 00 14 b8 43 77 c7 7c 00 00 14 0c
576,27648,WL,flash_sample,48,25.268,1,111,1,1,1,1,0,1,1,0,576,25268,0.035136,0.031232,-1.02724,0.031251,0.010417,-1.35421,-2.38,0.35,3.15,52.60546875,98336,52.84,251.874755859,5.132,57 4c 01 6f 00 00 02 40 00 00 62 b4 00 48 00 40 f7 c7 00 03 00 01 ff 7e ff de 00 05 00 2d 1b 9b 00 01 80 20 00 00 14 a4 43 7b df f0 00 00 14 0c
577,27696,WL,flash_sample,48,25.288,1,111,1,1,1,1,0,1,1,0,577,25288,0.035136,0.032208,-1.028216,-0.020834,0.0,-1.35421,-3.15,1.47,2.8,52.66796875,98333,52.88,252.131057739,5.132,57 4c 01 6f 00 00 02 41 00 00 62 c8 00 48 00 42 f7 c5 ff fe 00 00 ff 7e ff d3 00 15 00 28 1b ab 00 01 80 1d 00 00 14 a8 43 7c 21 8d 00 00 14 0c
578,27744,WL,flash_sample,48,25.308,1,103,1,1,1,0,0,1,1,0,578,25308,0.035136,0.031232,-1.028216,0.052085,-0.031251,-1.291708,-3.15,1.61,2.8,52.6484375,98338,52.92,251.703018188,5.132,57 4c 01 67 00 00 02 42 00 00 62 dc 00 48 00 40 f7 c5 00 05 ff fd ff 84 ff d3 00 17 00 28 1b a6 00 01 80 22 00 00 14 ac 43 7b b3 f9 00 00 14 0c
579,27792,WL,flash_sample,48,25.329,1,103,1,1,1,0,0,1,1,0,579,25329,0.036112,0.03172,-1.027728,-0.010417,-0.020834,-1.364627,-3.15,1.47,2.87,52.62890625,98340,52.96,251.533905029,5.14,57 4c 01 67 00 00 02 43 00 00 62 f1 00 4a 00 41 f7 c6 ff ff ff fe ff 7d ff d3 00 15 00 29 1b a1 00 01 80 24 00 00 14 b0 43 7b 88 ae 00 00 14 14
580,27840,WL,flash_sample,48,25.348,1,103,1,1,1,0,0,1,1,0,580,25348,0.035136,0.032208,-1.027728,0.031251,-0.010417,-1.364627,-3.15,1.61,2.8,52.66015625,98335,53.0,251.959320068,5.14,57 4c 01 67 00 00 02 44 00 00 63 04 00 48 00 42 f7 c6 00 03 ff ff ff 7d ff d3 00 17 00 28 1b a9 00 01 80 1f 00 00 14 b4 43 7b f5 96 00 00 14 14
581,27888,WL,flash_sample,48,25.368,1,111,1,1,1,1,0,1,1,0,581,25368,0.036112,0.031232,-1.028216,0.041668,-0.041668,-1.35421,-3.22,1.54,2.8,52.6328125,98339,53.03,251.618453979,5.14,57 4c 01 6f 00 00 02 45 00 00 63 18 00 4a 00 40 f7 c5 00 04 ff fc ff 7e ff d2 00 16 00 28 1b a2 00 01 80 23 00 00 14 b7 43 7b 9e 53 00 00 14 14
582,27936,WL,flash_sample,48,25.388,1,111,1,1,1,1,0,1,1,0,582,25388,0.035136,0.03172,-1.027728,0.062502,-0.031251,-1.343793,-3.15,1.47,2.8,52.63671875,98339,53.06,251.618453979,5.14,57 4c 01 6f 00 00 02 46 00 00 63 2c 00 48 00 41 f7 c6 00 06 ff fd ff 7f ff d3 00 15 00 28 1b a3 00 01 80 23 00 00 14 ba 43 7b 9e 53 00 00 14 14
583,27984,WL,flash_sample,48,25.408,1,103,1,1,1,0,0,1,1,0,583,25408,0.035624,0.031232,-1.029192,0.052085,-0.010417,-1.343793,-3.08,1.54,2.87,52.63671875,98341,53.09,251.446716309,5.14,57 4c 01 67 00 00 02 47 00 00 63 40 00 49 00 40 f7 c3 00 05 ff ff ff 7f ff d4 00 16 00 29 1b a3 00 01 80 25 00 00 14 bd 43 7b 72 5c 00 00 14 14
584,28032,WL,flash_sample,48,25.428,1,103,1,1,1,0,0,1,1,0,584,25428,0.035624,0.031232,-1.029192,0.052085,-0.010417,-1.343793,-3.08,1.54,2.87,52.63671875,98341,53.09,251.446716309,5.14,57 4c 01 67 00 00 02 48 00 00 63 54 00 49 00 40 f7 c3 00 05 ff ff ff 7f ff d4 00 16 00 29 1b a3 00 01 80 25 00 00 14 bd 43 7b 72 5c 00 00 14 14
585,28080,WL,flash_sample,48,25.448,1,103,1,1,1,0,0,1,1,0,585,25448,0.035624,0.031232,-1.029192,0.052085,-0.010417,-1.343793,-3.08,1.54,2.87,52.63671875,98341,53.09,251.446716309,5.14,57 4c 01 67 00 00 02 49 00 00 63 68 00 49 00 40 f7 c3 00 05 ff ff ff 7f ff d4 00 16 00 29 1b a3 00 01 80 25 00 00 14 bd 43 7b 72 5c 00 00 14 14
586,28128,WL,flash_sample,48,25.468,1,103,1,1,1,0,0,1,1,0,586,25468,0.035624,0.031232,-1.029192,0.052085,-0.010417,-1.343793,-3.08,1.54,2.87,52.63671875,98341,53.09,251.446716309,5.14,57 4c 01 67 00 00 02 4a 00 00 63 7c 00 49 00 40 f7 c3 00 05 ff ff ff 7f ff d4 00 16 00 29 1b a3 00 01 80 25 00 00 14 bd 43 7b 72 5c 00 00 14 14
587,28176,WL,flash_sample,48,25.488,1,111,1,1,1,1,0,1,1,0,587,25488,0.034648,0.031232,-1.02724,0.072919,-0.010417,-1.343793,-0.21,-0.56,0.35,52.64453125,98341,53.09,251.446716309,5.14,57 4c 01 6f 00 00 02 4b 00 00 63 90 00 47 00 40 f7 c7 00 07 ff ff ff 7f ff fd ff f8 00 05 1b a5 00 01 80 25 00 00 14 bd 43 7b 72 5c 00 00 14 14
588,28224,WL,flash_sample,48,25.508,1,111,1,1,1,1,0,1,1,0,588,25508,0.034648,0.031232,-1.02724,0.072919,-0.010417,-1.343793,-0.21,-0.56,0.35,52.64453125,98341,53.09,251.446716309,5.14,57 4c 01 6f 00 00 02 4c 00 00 63 a4 00 47 00 40 f7 c7 00 07 ff ff ff 7f ff fd ff f8 00 05 1b a5 00 01 80 25 00 00 14 bd 43 7b 72 5c 00 00 14 14
589,28272,WL,flash_sample,48,25.528,1,111,1,1,1,1,0,1,1,0,589,25528,0.034648,0.031232,-1.02724,0.072919,-0.010417,-1.343793,-0.21,-0.56,0.35,52.64453125,98341,53.09,251.446716309,5.14,57 4c 01 6f 00 00 02 4d 00 00 63 b8 00 47 00 40 f7 c7 00 07 ff ff ff 7f ff fd ff f8 00 05 1b a5 00 01 80 25 00 00 14 bd 43 7b 72 5c 00 00 14 14
590,28320,WL,flash_sample,48,25.548,1,111,1,1,1,1,0,1,1,0,590,25548,0.034648,0.031232,-1.02724,0.072919,-0.010417,-1.343793,-0.21,-0.56,0.35,52.64453125,98341,53.09,251.446716309,5.14,57 4c 01 6f 00 00 02 4e 00 00 63 cc 00 47 00 40 f7 c7 00 07 ff ff ff 7f ff fd ff f8 00 05 1b a5 00 01 80 25 00 00 14 bd 43 7b 72 5c 00 00 14 14
591,28368,WL,flash_sample,48,25.568,1,111,1,1,1,1,0,1,1,0,591,25568,0.034648,0.031232,-1.02724,0.072919,-0.010417,-1.343793,-0.21,-0.56,0.35,52.64453125,98341,53.09,251.446716309,5.14,57 4c 01 6f 00 00 02 4f 00 00 63 e0 00 47 00 40 f7 c7 00 07 ff ff ff 7f ff fd ff f8 00 05 1b a5 00 01 80 25 00 00 14 bd 43 7b 72 5c 00 00 14 14
592,28416,WL,flash_sample,48,25.588,1,111,1,1,1,1,0,1,1,0,592,25588,0.034648,0.031232,-1.02724,0.072919,-0.010417,-1.343793,-0.21,-0.56,0.35,52.64453125,98341,53.09,251.446716309,5.14,57 4c 01 6f 00 00 02 50 00 00 63 f4 00 47 00 40 f7 c7 00 07 ff ff ff 7f ff fd ff f8 00 05 1b a5 00 01 80 25 00 00 14 bd 43 7b 72 5c 00 00 14 14
593,28464,WL,flash_sample,48,25.61,1,111,1,1,1,1,0,1,1,0,593,25610,0.035624,0.03172,-1.026752,0.031251,-0.031251,-1.322959,-0.14,0.07,-0.28,52.6328125,98391,53.12,247.1847229,5.144,57 4c 01 6f 00 00 02 51 00 00 64 0a 00 49 00 41 f7 c8 00 03 ff fd ff 81 ff fe 00 01 ff fc 1b a2 00 01 80 57 00 00 14 c0 43 77 2f 4a 00 00 14 18
594,28512,WL,flash_sample,48,25.628,1,111,1,1,1,1,0,1,1,0,594,25628,0.035624,0.03172,-1.026752,0.031251,-0.031251,-1.322959,-0.14,0.07,-0.28,52.6328125,98391,53.12,247.1847229,5.144,57 4c 01 6f 00 00 02 52 00 00 64 1c 00 49 00 41 f7 c8 00 03 ff fd ff 81 ff fe 00 01 ff fc 1b a2 00 01 80 57 00 00 14 c0 43 77 2f 4a 00 00 14 18
595,28560,WL,flash_sample,48,25.648,1,111,1,1,1,1,0,1,1,0,595,25648,0.035624,0.03172,-1.026752,0.031251,-0.031251,-1.322959,-0.14,0.07,-0.28,52.6328125,98391,53.12,247.1847229,5.144,57 4c 01 6f 00 00 02 53 00 00 64 30 00 49 00 41 f7 c8 00 03 ff fd ff 81 ff fe 00 01 ff fc 1b a2 00 01 80 57 00 00 14 c0 43 77 2f 4a 00 00 14 18
596,28608,WL,flash_sample,48,25.668,1,111,1,1,1,1,0,1,1,0,596,25668,0.034648,0.03172,-1.026752,0.020834,-0.020834,-1.364627,-0.21,0.07,-0.35,52.6953125,98391,53.12,247.1847229,5.144,57 4c 01 6f 00 00 02 54 00 00 64 44 00 47 00 41 f7 c8 00 02 ff fe ff 7d ff fd 00 01 ff fb 1b b2 00 01 80 57 00 00 14 c0 43 77 2f 4a 00 00 14 18
597,28656,WL,flash_sample,48,25.688,1,111,1,1,1,1,0,1,1,0,597,25688,0.034648,0.03172,-1.026752,0.020834,-0.020834,-1.364627,-0.21,0.07,-0.35,52.6953125,98391,53.12,247.1847229,5.144,57 4c 01 6f 00 00 02 55 00 00 64 58 00 47 00 41 f7 c8 00 02 ff fe ff 7d ff fd 00 01 ff fb 1b b2 00 01 80 57 00 00 14 c0 43 77 2f 4a 00 00 14 18
598,28704,WL,flash_sample,48,25.708,1,111,1,1,1,1,0,1,1,0,598,25708,0.034648,0.03172,-1.026752,0.020834,-0.020834,-1.364627,-0.21,0.07,-0.35,52.6953125,98391,53.12,247.1847229,5.144,57 4c 01 6f 00 00 02 56 00 00 64 6c 00 47 00 41 f7 c8 00 02 ff fe ff 7d ff fd 00 01 ff fb 1b b2 00 01 80 57 00 00 14 c0 43 77 2f 4a 00 00 14 18
599,28752,WL,flash_sample,48,25.728,1,111,1,1,1,1,0,1,1,0,599,25728,0.034648,0.03172,-1.026752,0.020834,-0.020834,-1.364627,-0.21,0.07,-0.35,52.6953125,98391,53.12,247.1847229,5.144,57 4c 01 6f 00 00 02 57 00 00 64 80 00 47 00 41 f7 c8 00 02 ff fe ff 7d ff fd 00 01 ff fb 1b b2 00 01 80 57 00 00 14 c0 43 77 2f 4a 00 00 14 18
600,28800,WL,flash_sample,48,25.748,1,97,1,0,0,0,0,1,1,0,600,25748,0.036112,0.03172,-1.026752,0.0,-0.041668,-1.364627,-0.42,-1.05,1.12,52.61328125,98345,52.58,251.105865479,5.124,57 4c 01 61 00 00 02 58 00 00 64 94 00 4a 00 41 f7 c8 00 00 ff fc ff 7d ff fa ff f1 00 10 1b 9d 00 01 80 29 00 00 14 8a 43 7b 1b 1a 00 00 14 04
601,28848,WL,flash_sample,48,25.768,1,111,1,1,1,1,0,1,1,0,601,25768,0.035624,0.031232,-1.02724,0.031251,-0.052085,-1.322959,-2.03,0.07,2.87,52.66015625,98321,52.43,253.153625488,5.124,57 4c 01 6f 00 00 02 59 00 00 64 a8 00 49 00 40 f7 c7 00 03 ff fb ff 81 ff e3 00 01 00 29 1b a9 00 01 80 11 00 00 14 7b 43 7d 27 54 00 00 14 04
602,28896,WL,flash_sample,48,25.788,1,103,1,1,1,0,0,1,1,0,602,25788,0.035136,0.03172,-1.027728,0.020834,0.020834,-1.35421,-3.01,1.19,3.08,52.66015625,98325,52.51,252.812774658,5.124,57 4c 01 67 00 00 02 5a 00 00 64 bc 00 48 00 41 f7 c6 00 02 00 02 ff 7e ff d5 00 11 00 2c 1b a9 00 01 80 15 00 00 14 83 43 7c d0 12 00 00 14 04
603,28944,WL,flash_sample,48,25.808,1,103,1,1,1,0,0,1,1,0,603,25808,0.035136,0.032208,-1.02724,0.041668,0.0,-1.375044,-3.15,1.54,2.87,52.68359375,98324,52.58,252.897323608,5.124,57 4c 01 67 00 00 02 5b 00 00 64 d0 00 48 00 42 f7 c7 00 04 00 00 ff 7c ff d3 00 16 00 29 1b af 00 01 80 14 00 00 14 8a 43 7c e5 b7 00 00 14 04
604,28992,WL,flash_sample,48,25.828,1,111,1,1,1,1,0,1,1,0,604,25828,0.035624,0.03172,-1.028216,0.083336,-0.031251,-1.364627,-3.15,1.54,2.8,52.6640625,98324,52.65,252.897323608,5.148,57 4c 01 6f 00 00 02 5c 00 00 64 e4 00 49 00 41 f7 c5 00 08 ff fd ff 7d ff d3 00 16 00 28 1b aa 00 01 80 14 00 00 14 91 43 7c e5 b7 00 00 14 1c
605,29040,WL,flash_sample,48,25.848,1,111,1,1,1,1,0,1,1,0,605,25848,0.035624,0.03172,-1.027728,0.052085,-0.020834,-1.333376,-3.15,1.61,2.87,52.6953125,98329,52.71,252.471908569,5.148,57 4c 01 6f 00 00 02 5d 00 00 64 f8 00 49 00 41 f7 c6 00 05 ff fe ff 80 ff d3 00 17 00 29 1b b2 00 01 80 19 00 00 14 97 43 7c 78 cf 00 00 14 1c
606,29088,WL,flash_sample,48,25.868,1,111,1,1,1,1,0,1,1,0,606,25868,0.035136,0.031232,-1.028704,0.062502,0.020834,-1.302125,-3.15,1.54,2.87,52.6875,98330,52.77,252.384719849,5.148,57 4c 01 6f 00 00 02 5e 00 00 65 0c 00 48 00 40 f7 c4 00 06 00 02 ff 83 ff d3 00 16 00 29 1b b0 00 01 80 1a 00 00 14 9d 43 7c 62 7d 00 00 14 1c
607,29136,WL,flash_sample,48,25.888,1,111,1,1,1,1,0,1,1,0,607,25888,0.035136,0.03172,-1.029192,0.052085,-0.020834,-1.333376,-3.15,1.54,2.8,52.671875,98330,52.82,252.384719849,5.148,57 4c 01 6f 00 00 02 5f 00 00 65 20 00 48 00 41 f7 c3 00 05 ff fe ff 80 ff d3 00 16 00 28 1b ac 00 01 80 1a 00 00 14 a2 43 7c 62 7d 00 00 14 1c
608,29184,WL,flash_sample,48,25.908,1,103,1,1,1,0,0,1,1,0,608,25908,0.035136,0.03172,-1.029192,0.052085,0.031251,-1.364627,-3.15,1.54,2.8,52.703125,98334,52.87,252.043869019,5.148,57 4c 01 67 00 00 02 60 00 00 65 34 00 48 00 41 f7 c3 00 05 00 03 ff 7d ff d3 00 16 00 28 1b b4 00 01 80 1e 00 00 14 a7 43 7c 0b 3b 00 00 14 1c
609,29232,WL,flash_sample,48,25.928,1,103,1,1,1,0,0,1,1,0,609,25928,0.035136,0.03172,-1.029192,0.052085,0.031251,-1.364627,-3.15,1.54,2.8,52.703125,98334,52.87,252.043869019,5.148,57 4c 01 67 00 00 02 61 00 00 65 48 00 48 00 41 f7 c3 00 05 00 03 ff 7d ff d3 00 16 00 28 1b b4 00 01 80 1e 00 00 14 a7 43 7c 0b 3b 00 00 14 1c
610,29280,WL,flash_sample,48,25.948,1,103,1,1,1,0,0,1,1,0,610,25948,0.035136,0.03172,-1.029192,0.052085,0.031251,-1.364627,-3.15,1.54,2.8,52.703125,98334,52.87,252.043869019,5.148,57 4c 01 67 00 00 02 62 00 00 65 5c 00 48 00 41 f7 c3 00 05 00 03 ff 7d ff d3 00 16 00 28 1b b4 00 01 80 1e 00 00 14 a7 43 7c 0b 3b 00 00 14 1c
611,29328,WL,flash_sample,48,25.968,1,103,1,1,1,0,0,1,1,0,611,25968,0.035136,0.03172,-1.029192,0.052085,0.031251,-1.364627,-3.15,1.54,2.8,52.703125,98334,52.87,252.043869019,5.148,57 4c 01 67 00 00 02 63 00 00 65 70 00 48 00 41 f7 c3 00 05 00 03 ff 7d ff d3 00 16 00 28 1b b4 00 01 80 1e 00 00 14 a7 43 7c 0b 3b 00 00 14 1c
612,29376,WL,flash_sample,48,25.991,1,65,1,0,0,0,0,0,1,0,612,25991,0.035136,0.031232,-1.026752,0.041668,-0.031251,-1.343793,-0.28,-0.91,0.77,52.6796875,98340,52.92,251.533905029,5.168,57 4c 01 41 00 00 02 64 00 00 65 87 00 48 00 40 f7 c8 00 04 ff fd ff 7f ff fc ff f3 00 0b 1b ae 00 01 80 24 00 00 14 ac 43 7b 88 ae 00 00 14 30
613,29424,WL,flash_sample,48,26.008,1,103,1,1,1,0,0,1,1,0,613,26008,0.036112,0.032208,-1.028216,-0.010417,-0.010417,-1.333376,-1.47,-0.42,2.24,52.6796875,98329,52.75,252.471908569,5.168,57 4c 01 67 00 00 02 65 00 00 65 98 00 4a 00 42 f7 c5 ff ff ff ff ff 80 ff eb ff fa 00 20 1b ae 00 01 80 19 00 00 14 9b 43 7c 78 cf 00 00 14 30
614,29472,WL,flash_sample,48,26.028,1,103,1,1,1,0,0,1,1,0,614,26028,0.035624,0.03172,-1.027728,0.062502,-0.020834,-1.35421,-2.38,0.28,3.22,52.6640625,98333,52.81,252.131057739,5.156,57 4c 01 67 00 00 02 66 00 00 65 ac 00 49 00 41 f7 c6 00 06 ff fe ff 7e ff de 00 04 00 2e 1b aa 00 01 80 1d 00 00 14 a1 43 7c 21 8d 00 00 14 24
615,29520,WL,flash_sample,48,26.048,1,103,1,1,1,0,0,1,1,0,615,26048,0.035136,0.031232,-1.028216,0.031251,0.0,-1.35421,-3.08,1.47,2.8,52.6484375,98334,52.86,252.043869019,5.156,57 4c 01 67 00 00 02 67 00 00 65 c0 00 48 00 40 f7 c5 00 03 00 00 ff 7e ff d4 00 15 00 28 1b a6 00 01 80 1e 00 00 14 a6 43 7c 0b 3b 00 00 14 24
616,29568,WL,flash_sample,48,26.068,1,111,1,1,1,1,0,1,1,0,616,26068,0.035624,0.030744,-1.02724,0.062502,-0.010417,-1.322959,-3.15,1.54,2.87,52.6875,98334,52.9,252.043869019,5.156,57 4c 01 6f 00 00 02 68 00 00 65 d4 00 49 00 3f f7 c7 00 06 ff ff ff 81 ff d3 00 16 00 29 1b b0 00 01 80 1e 00 00 14 aa 43 7c 0b 3b 00 00 14 24
617,29616,WL,flash_sample,48,26.089,1,111,1,1,1,1,0,1,1,0,617,26089,0.036112,0.03172,-1.027728,0.041668,0.020834,-1.343793,-3.22,1.82,2.59,52.7109375,98332,52.94,252.215606689,5.156,57 4c 01 6f 00 00 02 69 00 00 65 e9 00 4a 00 41 f7 c6 00 04 00 02 ff 7f ff d2 00 1a 00 25 1b b6 00 01 80 1c 00 00 14 ae 43 7c 37 32 00 00 14 24
618,29664,WL,flash_sample,48,26.108,1,111,1,1,1,1,0,1,1,0,618,26108,0.035624,0.032208,-1.028704,0.041668,-0.010417,-1.35421,-3.15,1.47,2.8,52.6953125,98333,52.99,252.131057739,5.156,57 4c 01 6f 00 00 02 6a 00 00 65 fc 00 49 00 42 f7 c4 00 04 ff ff ff 7e ff d3 00 15 00 28 1b b2 00 01 80 1d 00 00 14 b3 43 7c 21 8d 00 00 14 24
619,29712,WL,flash_sample,48,26.128,1,103,1,1,1,0,0,1,1,0,619,26128,0.035136,0.03172,-1.028216,0.041668,-0.010417,-1.343793,-3.15,1.54,2.87,52.703125,98335,53.03,251.959320068,5.128,57 4c 01 67 00 00 02 6b 00 00 66 10 00 48 00 41 f7 c5 00 04 ff ff ff 7f ff d3 00 16 00 29 1b b4 00 01 80 1f 00 00 14 b7 43 7b f5 96 00 00 14 08
620,29760,WL,flash_sample,48,26.148,1,103,1,1,1,0,0,1,1,0,620,26148,0.035624,0.030744,-1.029192,0.083336,0.0,-1.322959,-3.15,1.54,2.87,52.6953125,98336,53.06,251.874755859,5.128,57 4c 01 67 00 00 02 6c 00 00 66 24 00 49 00 3f f7 c3 00 08 00 00 ff 81 ff d3 00 16 00 29 1b b2 00 01 80 20 00 00 14 ba 43 7b df f0 00 00 14 08
621,29808,WL,flash_sample,48,26.168,1,111,1,1,1,1,0,1,1,0,621,26168,0.035624,0.03172,-1.028216,0.020834,-0.010417,-1.343793,-3.15,1.54,2.8,52.703125,98336,53.06,251.874755859,5.128,57 4c 01 6f 00 00 02 6d 00 00 66 38 00 49 00 41 f7 c5 00 02 ff ff ff 7f ff d3 00 16 00 28 1b b4 00 01 80 20 00 00 14 ba 43 7b df f0 00 00 14 08
622,29856,WL,flash_sample,48,26.188,1,111,1,1,1,1,0,1,1,0,622,26188,0.035624,0.03172,-1.028216,0.020834,-0.010417,-1.343793,-3.15,1.54,2.8,52.703125,98336,53.06,251.874755859,5.128,57 4c 01 6f 00 00 02 6e 00 00 66 4c 00 49 00 41 f7 c5 00 02 ff ff ff 7f ff d3 00 16 00 28 1b b4 00 01 80 20 00 00 14 ba 43 7b df f0 00 00 14 08
623,29904,WL,flash_sample,48,26.208,1,111,1,1,1,1,0,1,1,0,623,26208,0.035624,0.03172,-1.028216,0.020834,-0.010417,-1.343793,-3.15,1.54,2.8,52.703125,98336,53.06,251.874755859,5.128,57 4c 01 6f 00 00 02 6f 00 00 66 60 00 49 00 41 f7 c5 00 02 ff ff ff 7f ff d3 00 16 00 28 1b b4 00 01 80 20 00 00 14 ba 43 7b df f0 00 00 14 08
624,29952,WL,flash_sample,48,26.228,1,111,1,1,1,1,0,1,1,0,624,26228,0.035624,0.03172,-1.028216,0.020834,-0.010417,-1.343793,-3.15,1.54,2.8,52.703125,98336,53.06,251.874755859,5.128,57 4c 01 6f 00 00 02 70 00 00 66 74 00 49 00 41 f7 c5 00 02 ff ff ff 7f ff d3 00 16 00 28 1b b4 00 01 80 20 00 00 14 ba 43 7b df f0 00 00 14 08
625,30000,WL,flash_sample,48,26.248,1,102,0,1,1,0,0,1,1,0,625,26248,0.035624,0.032208,-1.027728,0.083336,-0.010417,-1.375044,-0.7,-0.91,1.47,52.6875,98344,53.1,251.193054199,5.128,57 4c 01 66 00 00 02 71 00 00 66 88 00 49 00 42 f7 c6 00 08 ff ff ff 7c ff f6 ff f3 00 15 1b b0 00 01 80 28 00 00 14 be 43 7b 31 6c 00 00 14 08
626,30048,WL,flash_sample,48,26.268,1,102,0,1,1,0,0,1,1,0,626,26268,0.035136,0.032208,-1.027728,0.052085,-0.010417,-1.322959,-1.82,-0.14,2.66,52.7109375,98339,52.88,251.618453979,5.128,57 4c 01 66 00 00 02 72 00 00 66 9c 00 48 00 42 f7 c6 00 05 ff ff ff 81 ff e6 ff fe 00 26 1b b6 00 01 80 23 00 00 14 a8 43 7b 9e 53 00 00 14 08
627,30096,WL,flash_sample,48,26.288,1,102,0,1,1,0,0,1,1,0,627,26288,0.036112,0.03172,-1.027728,0.052085,0.010417,-1.343793,-2.73,0.63,3.43,52.6953125,98339,52.93,251.618453979,5.128,57 4c 01 66 00 00 02 73 00 00 66 b0 00 4a 00 41 f7 c6 00 05 00 01 ff 7f ff d9 00 09 00 31 1b b2 00 01 80 23 00 00 14 ad 43 7b 9e 53 00 00 14 08
628,30144,WL,flash_sample,48,26.308,1,110,0,1,1,1,0,1,1,0,628,26308,0.035624,0.031232,-1.02724,0.020834,0.0,-1.35421,-3.15,1.54,2.8,52.703125,98336,52.98,251.874755859,5.128,57 4c 01 6e 00 00 02 74 00 00 66 c4 00 49 00 40 f7 c7 00 02 00 00 ff 7e ff d3 00 16 00 28 1b b4 00 01 80 20 00 00 14 b2 43 7b df f0 00 00 14 08
629,30192,WL,flash_sample,48,26.328,1,110,0,1,1,1,0,1,1,0,629,26328,0.035624,0.031232,-1.027728,0.062502,-0.010417,-1.322959,-3.15,1.47,2.87,52.6796875,98340,53.02,251.533905029,5.14,57 4c 01 6e 00 00 02 75 00 00 66 d8 00 49 00 40 f7 c6 00 06 ff ff ff 81 ff d3 00 15 00 29 1b ae 00 01 80 24 00 00 14 b6 43 7b 88 ae 00 00 14 14
630,30240,WL,flash_sample,48,26.348,1,110,0,1,1,1,0,1,1,0,630,26348,0.035136,0.03172,-1.028216,0.052085,0.0,-1.333376,-3.22,1.54,2.8,52.703125,98340,53.05,251.533905029,5.14,57 4c 01 6e 00 00 02 76 00 00 66 ec 00 48 00 41 f7 c5 00 05 00 00 ff 80 ff d2 00 16 00 28 1b b4 00 01 80 24 00 00 14 b9 43 7b 88 ae 00 00 14 14
631,30288,WL,flash_sample,48,26.368,1,102,0,1,1,0,0,1,1,0,631,26368,0.0366,0.032208,-1.027728,0.041668,0.010417,-1.375044,-3.22,1.54,2.87,52.703125,98340,53.09,251.533905029,5.14,57 4c 01 66 00 00 02 77 00 00 67 00 00 4b 00 42 f7 c6 00 04 00 01 ff 7c ff d2 00 16 00 29 1b b4 00 01 80 24 00 00 14 bd 43 7b 88 ae 00 00 14 14
632,30336,WL,flash_sample,48,26.388,1,102,0,1,1,0,0,1,1,0,632,26388,0.036112,0.031232,-1.027728,0.072919,0.020834,-1.291708,-3.15,1.54,2.87,52.6953125,98337,53.12,251.787567139,5.14,57 4c 01 66 00 00 02 78 00 00 67 14 00 4a 00 40 f7 c6 00 07 00 02 ff 84 ff d3 00 16 00 29 1b b2 00 01 80 21 00 00 14 c0 43 7b c9 9e 00 00 14 14
633,30384,WL,flash_sample,48,26.408,1,110,0,1,1,1,0,1,1,0,633,26408,0.035624,0.032208,-1.028216,0.062502,-0.052085,-1.375044,-3.15,1.54,2.8,52.703125,98337,53.15,251.787567139,5.14,57 4c 01 6e 00 00 02 79 00 00 67 28 00 49 00 42 f7 c5 00 06 ff fb ff 7c ff d3 00 16 00 28 1b b4 00 01 80 21 00 00 14 c3 43 7b c9 9e 00 00 14 14
634,30432,WL,flash_sample,48,26.428,1,110,0,1,1,1,0,1,1,0,634,26428,0.035624,0.032208,-1.028216,0.062502,-0.052085,-1.375044,-3.15,1.54,2.8,52.703125,98337,53.15,251.787567139,5.14,57 4c 01 6e 00 00 02 7a 00 00 67 3c 00 49 00 42 f7 c5 00 06 ff fb ff 7c ff d3 00 16 00 28 1b b4 00 01 80 21 00 00 14 c3 43 7b c9 9e 00 00 14 14
635,30480,WL,flash_sample,48,26.448,1,110,0,1,1,1,0,1,1,0,635,26448,0.035624,0.032208,-1.028216,0.062502,-0.052085,-1.375044,-3.15,1.54,2.8,52.703125,98337,53.15,251.787567139,5.14,57 4c 01 6e 00 00 02 7b 00 00 67 50 00 49 00 42 f7 c5 00 06 ff fb ff 7c ff d3 00 16 00 28 1b b4 00 01 80 21 00 00 14 c3 43 7b c9 9e 00 00 14 14
636,30528,WL,flash_sample,48,26.468,1,110,0,1,1,1,0,1,1,0,636,26468,0.035624,0.032208,-1.028216,0.062502,-0.052085,-1.375044,-3.15,1.54,2.8,52.703125,98337,53.15,251.787567139,5.14,57 4c 01 6e 00 00 02 7c 00 00 67 64 00 49 00 42 f7 c5 00 06 ff fb ff 7c ff d3 00 16 00 28 1b b4 00 01 80 21 00 00 14 c3 43 7b c9 9e 00 00 14 14
637,30576,WL,flash_sample,48,26.49,1,110,0,1,1,1,0,1,1,0,637,26490,0.035624,0.031232,-1.026752,0.041668,-0.010417,-1.35421,-0.21,-0.28,0.07,52.7109375,98343,53.18,251.277603149,5.14,57 4c 01 6e 00 00 02 7d 00 00 67 7a 00 49 00 40 f7 c8 00 04 ff ff ff 7e ff fd ff fc 00 01 1b b6 00 01 80 27 00 00 14 c6 43 7b 47 11 00 00 14 14
638,30624,WL,flash_sample,48,26.508,1,110,0,1,1,1,0,1,1,0,638,26508,0.035624,0.031232,-1.026752,0.041668,-0.010417,-1.35421,-0.21,-0.28,0.07,52.7109375,98343,53.18,251.277603149,5.14,57 4c 01 6e 00 00 02 7e 00 00 67 8c 00 49 00 40 f7 c8 00 04 ff ff ff 7e ff fd ff fc 00 01 1b b6 00 01 80 27 00 00 14 c6 43 7b 47 11 00 00 14 14
639,30672,WL,flash_sample,48,26.528,1,110,0,1,1,1,0,1,1,0,639,26528,0.035624,0.031232,-1.026752,0.041668,-0.010417,-1.35421,-0.21,-0.28,0.07,52.7109375,98343,53.18,251.277603149,5.14,57 4c 01 6e 00 00 02 7f 00 00 67 a0 00 49 00 40 f7 c8 00 04 ff ff ff 7e ff fd ff fc 00 01 1b b6 00 01 80 27 00 00 14 c6 43 7b 47 11 00 00 14 14
640,30720,WL,flash_sample,48,26.548,1,110,0,1,1,1,0,1,1,0,640,26548,0.035624,0.031232,-1.026752,0.041668,-0.010417,-1.35421,-0.21,-0.28,0.07,52.7109375,98343,53.18,251.277603149,5.14,57 4c 01 6e 00 00 02 80 00 00 67 b4 00 49 00 40 f7 c8 00 04 ff ff ff 7e ff fd ff fc 00 01 1b b6 00 01 80 27 00 00 14 c6 43 7b 47 11 00 00 14 14
641,30768,WL,flash_sample,48,26.568,1,110,0,1,1,1,0,1,1,0,641,26568,0.035624,0.031232,-1.026752,0.041668,-0.010417,-1.35421,-0.21,-0.28,0.07,52.7109375,98343,53.18,251.277603149,5.14,57 4c 01 6e 00 00 02 81 00 00 67 c8 00 49 00 40 f7 c8 00 04 ff ff ff 7e ff fd ff fc 00 01 1b b6 00 01 80 27 00 00 14 c6 43 7b 47 11 00 00 14 14
642,30816,WL,flash_sample,48,26.588,1,110,0,1,1,1,0,1,1,0,642,26588,0.035624,0.031232,-1.026752,0.041668,-0.010417,-1.35421,-0.21,-0.28,0.07,52.7109375,98343,53.18,251.277603149,5.14,57 4c 01 6e 00 00 02 82 00 00 67 dc 00 49 00 40 f7 c8 00 04 ff ff ff 7e ff fd ff fc 00 01 1b b6 00 01 80 27 00 00 14 c6 43 7b 47 11 00 00 14 14
643,30864,WL,flash_sample,48,26.608,1,110,0,1,1,1,0,1,1,0,643,26608,0.035624,0.031232,-1.026752,0.041668,-0.010417,-1.35421,-0.21,-0.28,0.07,52.7109375,98343,53.18,251.277603149,5.14,57 4c 01 6e 00 00 02 83 00 00 67 f0 00 49 00 40 f7 c8 00 04 ff ff ff 7e ff fd ff fc 00 01 1b b6 00 01 80 27 00 00 14 c6 43 7b 47 11 00 00 14 14
644,30912,WL,flash_sample,48,26.628,1,110,0,1,1,1,0,1,1,0,644,26628,0.035624,0.032208,-1.026752,0.020834,-0.020834,-1.333376,-0.21,0.07,-0.28,52.703125,98343,53.18,251.277603149,5.14,57 4c 01 6e 00 00 02 84 00 00 68 04 00 49 00 42 f7 c8 00 02 ff fe ff 80 ff fd 00 01 ff fc 1b b4 00 01 80 27 00 00 14 c6 43 7b 47 11 00 00 14 14
645,30960,WL,flash_sample,48,26.648,1,110,0,1,1,1,0,1,1,0,645,26648,0.035624,0.032208,-1.026752,0.020834,-0.020834,-1.333376,-0.21,0.07,-0.28,52.703125,98343,53.18,251.277603149,5.14,57 4c 01 6e 00 00 02 85 00 00 68 18 00 49 00 42 f7 c8 00 02 ff fe ff 80 ff fd 00 01 ff fc 1b b4 00 01 80 27 00 00 14 c6 43 7b 47 11 00 00 14 14
646,31008,WL,flash_sample,48,26.669,1,110,0,1,1,1,0,1,1,0,646,26669,0.035624,0.032208,-1.02724,0.062502,0.020834,-1.385461,-0.14,0.07,-0.35,52.6875,98394,52.95,246.928421021,5.14,57 4c 01 6e 00 00 02 86 00 00 68 2d 00 49 00 42 f7 c7 00 06 00 02 ff 7b ff fe 00 01 ff fb 1b b0 00 01 80 5a 00 00 14 af 43 76 ed ad 00 00 14 14
647,31056,WL,flash_sample,48,26.688,1,110,0,1,1,1,0,1,1,0,647,26688,0.035624,0.032208,-1.02724,0.062502,0.020834,-1.385461,-0.14,0.07,-0.35,52.6875,98394,52.95,246.928421021,5.14,57 4c 01 6e 00 00 02 87 00 00 68 40 00 49 00 42 f7 c7 00 06 00 02 ff 7b ff fe 00 01 ff fb 1b b0 00 01 80 5a 00 00 14 af 43 76 ed ad 00 00 14 14
648,31104,WL,flash_sample,48,26.708,1,110,0,1,1,1,0,1,1,0,648,26708,0.035624,0.032208,-1.02724,0.062502,0.020834,-1.385461,-0.14,0.07,-0.35,52.6875,98394,52.95,246.928421021,5.14,57 4c 01 6e 00 00 02 88 00 00 68 54 00 49 00 42 f7 c7 00 06 00 02 ff 7b ff fe 00 01 ff fb 1b b0 00 01 80 5a 00 00 14 af 43 76 ed ad 00 00 14 14
649,31152,WL,flash_sample,48,26.728,1,110,0,1,1,1,0,1,1,0,649,26728,0.035624,0.032208,-1.02724,0.062502,0.020834,-1.385461,-0.14,0.07,-0.35,52.6875,98394,52.95,246.928421021,5.14,57 4c 01 6e 00 00 02 89 00 00 68 68 00 49 00 42 f7 c7 00 06 00 02 ff 7b ff fe 00 01 ff fb 1b b0 00 01 80 5a 00 00 14 af 43 76 ed ad 00 00 14 14
650,31200,WL,flash_sample,48,26.753,1,64,0,0,0,0,0,0,1,0,650,26753,0.035136,0.030744,-1.026752,0.052085,-0.041668,-1.333376,-0.21,0.0,-0.35,52.6796875,98394,52.95,246.928421021,5.132,57 4c 01 40 00 00 02 8a 00 00 68 81 00 48 00 3f f7 c8 00 05 ff fc ff 80 ff fd 00 00 ff fb 1b ae 00 01 80 5a 00 00 14 af 43 76 ed ad 00 00 14 0c
651,31248,WL,flash_sample,48,26.768,1,110,0,1,1,1,0,1,1,0,651,26768,0.035624,0.03172,-1.02724,0.052085,-0.041668,-1.364627,-1.47,-0.35,2.24,52.71875,98343,52.62,251.277603149,5.144,57 4c 01 6e 00 00 02 8b 00 00 68 90 00 49 00 41 f7 c7 00 05 ff fc ff 7d ff eb ff fb 00 20 1b b8 00 01 80 27 00 00 14 8e 43 7b 47 11 00 00 14 18
652,31296,WL,flash_sample,48,26.788,1,110,0,1,1,1,0,1,1,0,652,26788,0.035624,0.032208,-1.027728,0.031251,0.020834,-1.35421,-2.45,0.35,3.22,52.71875,98326,52.57,252.728210449,5.144,57 4c 01 6e 00 00 02 8c 00 00 68 a4 00 49 00 42 f7 c6 00 03 00 02 ff 7e ff dd 00 05 00 2e 1b b8 00 01 80 16 00 00 14 89 43 7c ba 6c 00 00 14 18
653,31344,WL,flash_sample,48,26.808,1,110,0,1,1,1,0,1,1,0,653,26808,0.035136,0.031232,-1.027728,0.052085,0.020834,-1.333376,-3.08,1.47,2.8,52.7109375,98325,52.64,252.812774658,5.144,57 4c 01 6e 00 00 02 8d 00 00 68 b8 00 48 00 40 f7 c6 00 05 00 02 ff 80 ff d4 00 15 00 28 1b b6 00 01 80 15 00 00 14 90 43 7c d0 12 00 00 14 18
654,31392,WL,flash_sample,48,26.828,1,102,0,1,1,0,0,1,1,0,654,26828,0.035624,0.03172,-1.029192,0.020834,0.020834,-1.322959,-3.15,1.54,2.87,52.703125,98325,52.71,252.812774658,5.136,57 4c 01 66 00 00 02 8e 00 00 68 cc 00 49 00 41 f7 c3 00 02 00 02 ff 81 ff d3 00 16 00 29 1b b4 00 01 80 15 00 00 14 97 43 7c d0 12 00 00 14 10
655,31440,WL,flash_sample,48,26.849,1,102,0,1,1,0,0,1,1,0,655,26849,0.035624,0.031232,-1.027728,0.052085,-0.010417,-1.35421,-3.15,1.54,2.8,52.6875,98329,52.77,252.471908569,5.136,57 4c 01 66 00 00 02 8f 00 00 68 e1 00 49 00 40 f7 c6 00 05 ff ff ff 7e ff d3 00 16 00 28 1b b0 00 01 80 19 00 00 14 9d 43 7c 78 cf 00 00 14 10
656,31488,WL,flash_sample,48,26.868,1,102,0,1,1,0,0,1,1,0,656,26868,0.035624,0.03172,-1.028216,0.072919,0.010417,-1.35421,-3.08,1.54,2.87,52.703125,98326,52.83,252.728210449,5.136,57 4c 01 66 00 00 02 90 00 00 68 f4 00 49 00 41 f7 c5 00 07 00 01 ff 7e ff d4 00 16 00 29 1b b4 00 01 80 16 00 00 14 a3 43 7c ba 6c 00 00 14 10
657,31536,WL,flash_sample,48,26.888,1,110,0,1,1,1,0,1,1,0,657,26888,0.035136,0.032208,-1.027728,0.052085,-0.031251,-1.35421,-3.15,1.54,2.8,52.71875,98331,52.88,252.300170898,5.136,57 4c 01 6e 00 00 02 91 00 00 69 08 00 48 00 42 f7 c6 00 05 ff fd ff 7e ff d3 00 16 00 28 1b b8 00 01 80 1b 00 00 14 a8 43 7c 4c d8 00 00 14 10
658,31584,WL,flash_sample,48,26.908,1,110,0,1,1,1,0,1,1,0,658,26908,0.035624,0.03172,-1.02968,0.031251,-0.010417,-1.322959,-3.15,1.47,2.8,52.703125,98329,52.93,252.471908569,5.136,57 4c 01 6e 00 00 02 92 00 00 69 1c 00 49 00 41 f7 c2 00 03 ff ff ff 81 ff d3 00 15 00 28 1b b4 00 01 80 19 00 00 14 ad 43 7c 78 cf 00 00 14 10
659,31632,WL,flash_sample,48,26.928,1,102,0,1,1,0,0,1,1,0,659,26928,0.035136,0.032208,-1.027728,0.052085,0.0,-1.35421,-3.15,1.54,2.87,52.703125,98332,52.98,252.215606689,5.124,57 4c 01 66 00 00 02 93 00 00 69 30 00 48 00 42 f7 c6 00 05 00 00 ff 7e ff d3 00 16 00 29 1b b4 00 01 80 1c 00 00 14 b2 43 7c 37 32 00 00 14 04
660,31680,WL,flash_sample,48,26.948,1,102,0,1,1,0,0,1,1,0,660,26948,0.035136,0.032208,-1.027728,0.052085,0.0,-1.35421,-3.15,1.54,2.87,52.703125,98332,52.98,252.215606689,5.124,57 4c 01 66 00 00 02 94 00 00 69 44 00 48 00 42 f7 c6 00 05 00 00 ff 7e ff d3 00 16 00 29 1b b4 00 01 80 1c 00 00 14 b2 43 7c 37 32 00 00 14 04
661,31728,WL,flash_sample,48,26.968,1,102,0,1,1,0,0,1,1,0,661,26968,0.035136,0.032208,-1.027728,0.052085,0.0,-1.35421,-3.15,1.54,2.87,52.703125,98332,52.98,252.215606689,5.124,57 4c 01 66 00 00 02 95 00 00 69 58 00 48 00 42 f7 c6 00 05 00 00 ff 7e ff d3 00 16 00 29 1b b4 00 01 80 1c 00 00 14 b2 43 7c 37 32 00 00 14 04
662,31776,WL,flash_sample,48,26.988,1,102,0,1,1,0,0,1,1,0,662,26988,0.035136,0.032208,-1.027728,0.052085,0.0,-1.35421,-3.15,1.54,2.87,52.703125,98332,52.98,252.215606689,5.124,57 4c 01 66 00 00 02 96 00 00 69 6c 00 48 00 42 f7 c6 00 05 00 00 ff 7e ff d3 00 16 00 29 1b b4 00 01 80 1c 00 00 14 b2 43 7c 37 32 00 00 14 04
663,31824,WL,flash_sample,48,27.008,1,110,0,1,1,1,0,1,1,0,663,27008,0.034648,0.03172,-1.02724,0.031251,0.020834,-1.333376,-0.77,-0.91,1.54,52.6953125,98373,53.02,248.71723938,5.124,57 4c 01 6e 00 00 02 97 00 00 69 80 00 47 00 41 f7 c7 00 03 00 02 ff 80 ff f5 ff f3 00 16 1b b2 00 01 80 45 00 00 14 b6 43 78 b7 9d 00 00 14 04
664,31872,WL,flash_sample,48,27.028,1,110,0,1,1,1,0,1,1,0,664,27028,0.034648,0.031232,-1.027728,0.031251,-0.010417,-1.364627,-1.82,-0.07,2.66,52.7109375,98330,52.88,252.384719849,5.132,57 4c 01 6e 00 00 02 98 00 00 69 94 00 47 00 40 f7 c6 00 03 ff ff ff 7d ff e6 ff ff 00 26 1b b6 00 01 80 1a 00 00 14 a8 43 7c 62 7d 00 00 14 0c
665,31920,WL,flash_sample,48,27.048,1,110,0,1,1,1,0,1,1,0,665,27048,0.035136,0.032208,-1.028216,0.052085,0.020834,-1.35421,-2.73,0.7,3.43,52.74609375,98334,52.92,252.043869019,5.132,57 4c 01 6e 00 00 02 99 00 00 69 a8 00 48 00 42 f7 c5 00 05 00 02 ff 7e ff d9 00 0a 00 31 1b bf 00 01 80 1e 00 00 14 ac 43 7c 0b 3b 00 00 14 0c
666,31968,WL,flash_sample,48,27.068,1,102,0,1,1,0,0,1,1,0,666,27068,0.035624,0.031232,-1.028216,0.052085,-0.010417,-1.35421,-3.15,1.54,2.87,52.703125,98331,52.97,252.300170898,5.132,57 4c 01 66 00 00 02 9a 00 00 69 bc 00 49 00 40 f7 c5 00 05 ff ff ff 7e ff d3 00 16 00 29 1b b4 00 01 80 1b 00 00 14 b1 43 7c 4c d8 00 00 14 0c
667,32016,WL,flash_sample,48,27.088,1,102,0,1,1,0,0,1,1,0,667,27088,0.035136,0.032208,-1.028704,0.041668,-0.041668,-1.364627,-3.29,1.75,2.59,52.703125,98334,53.01,252.043869019,5.132,57 4c 01 66 00 00 02 9b 00 00 69 d0 00 48 00 42 f7 c4 00 04 ff fc ff 7d ff d1 00 19 00 25 1b b4 00 01 80 1e 00 00 14 b5 43 7c 0b 3b 00 00 14 0c
668,32064,WL,flash_sample,48,27.109,1,102,0,1,1,0,0,1,1,0,668,27109,0.035624,0.031232,-1.027728,0.093753,0.0,-1.35421,-3.08,1.47,2.87,52.671875,98335,53.05,251.959320068,5.132,57 4c 01 66 00 00 02 9c 00 00 69 e5 00 49 00 40 f7 c6 00 09 00 00 ff 7e ff d4 00 15 00 29 1b ac 00 01 80 1f 00 00 14 b9 43 7b f5 96 00 00 14 0c
669,32112,WL,flash_sample,48,27.128,1,110,0,1,1,1,0,1,1,0,669,27128,0.035624,0.031232,-1.029192,0.031251,-0.010417,-1.35421,-3.15,1.54,2.87,52.73828125,98335,53.09,251.959320068,5.124,57 4c 01 6e 00 00 02 9d 00 00 69 f8 00 49 00 40 f7 c3 00 03 ff ff ff 7e ff d3 00 16 00 29 1b bd 00 01 80 1f 00 00 14 bd 43 7b f5 96 00 00 14 04
670,32160,WL,flash_sample,48,27.148,1,110,0,1,1,1,0,1,1,0,670,27148,0.036112,0.030744,-1.028216,0.072919,0.0,-1.364627,-3.15,1.47,2.8,52.73046875,98337,53.13,251.787567139,5.124,57 4c 01 6e 00 00 02 9e 00 00 6a 0c 00 4a 00 3f f7 c5 00 07 00 00 ff 7d ff d3 00 15 00 28 1b bb 00 01 80 21 00 00 14 c1 43 7b c9 9e 00 00 14 04
671,32208,WL,flash_sample,48,27.168,1,110,0,1,1,1,0,1,1,0,671,27168,0.036112,0.031232,-1.028704,0.041668,0.010417,-1.333376,-3.22,1.54,2.8,52.71875,98337,53.17,251.787567139,5.124,57 4c 01 6e 00 00 02 9f 00 00 6a 20 00 4a 00 40 f7 c4 00 04 00 01 ff 80 ff d2 00 16 00 28 1b b8 00 01 80 21 00 00 14 c5 43 7b c9 9e 00 00 14 04
672,32256,WL,flash_sample,48,27.188,1,110,0,1,1,1,0,1,1,0,672,27188,0.036112,0.031232,-1.028704,0.041668,0.010417,-1.333376,-3.22,1.54,2.8,52.71875,98337,53.17,251.787567139,5.124,57 4c 01 6e 00 00 02 a0 00 00 6a 34 00 4a 00 40 f7 c4 00 04 00 01 ff 80 ff d2 00 16 00 28 1b b8 00 01 80 21 00 00 14 c5 43 7b c9 9e 00 00 14 04
673,32304,WL,flash_sample,48,27.208,1,110,0,1,1,1,0,1,1,0,673,27208,0.036112,0.031232,-1.028704,0.041668,0.010417,-1.333376,-3.22,1.54,2.8,52.71875,98337,53.17,251.787567139,5.124,57 4c 01 6e 00 00 02 a1 00 00 6a 48 00 4a 00 40 f7 c4 00 04 00 01 ff 80 ff d2 00 16 00 28 1b b8 00 01 80 21 00 00 14 c5 43 7b c9 9e 00 00 14 04
674,32352,WL,flash_sample,48,27.228,1,110,0,1,1,1,0,1,1,0,674,27228,0.036112,0.031232,-1.028704,0.041668,0.010417,-1.333376,-3.22,1.54,2.8,52.71875,98337,53.17,251.787567139,5.124,57 4c 01 6e 00 00 02 a2 00 00 6a 5c 00 4a 00 40 f7 c4 00 04 00 01 ff 80 ff d2 00 16 00 28 1b b8 00 01 80 21 00 00 14 c5 43 7b c9 9e 00 00 14 04
675,32400,WL,flash_sample,48,27.251,1,65,1,0,0,0,0,0,1,0,675,27251,0.034648,0.032208,-1.028216,0.031251,-0.010417,-1.35421,-0.14,-0.35,0.07,52.73828125,98337,53.17,251.787567139,5.128,57 4c 01 41 00 00 02 a3 00 00 6a 73 00 47 00 42 f7 c5 00 03 ff ff ff 7e ff fe ff fb 00 01 1b bd 00 01 80 21 00 00 14 c5 43 7b c9 9e 00 00 14 08
676,32448,WL,flash_sample,48,27.268,1,111,1,1,1,1,0,1,1,0,676,27268,0.034648,0.03172,-1.027728,0.020834,-0.020834,-1.35421,-1.12,-0.56,1.96,52.73828125,98390,53.2,247.269271851,5.128,57 4c 01 6f 00 00 02 a4 00 00 6a 84 00 47 00 41 f7 c6 00 02 ff fe ff 7e ff f0 ff f8 00 1c 1b bd 00 01 80 56 00 00 14 c8 43 77 44 ef 00 00 14 08
677,32496,WL,flash_sample,48,27.288,1,111,1,1,1,1,0,1,1,0,677,27288,0.034648,0.031232,-1.028704,0.041668,0.031251,-1.322959,-2.66,0.49,3.43,52.74609375,98337,53.01,251.787567139,5.128,57 4c 01 6f 00 00 02 a5 00 00 6a 98 00 47 00 40 f7 c4 00 04 00 03 ff 81 ff da 00 07 00 31 1b bf 00 01 80 21 00 00 14 b5 43 7b c9 9e 00 00 14 08
678,32544,WL,flash_sample,48,27.308,1,103,1,1,1,0,0,1,1,0,678,27308,0.035136,0.03172,-1.028704,0.031251,-0.020834,-1.375044,-3.15,1.54,2.87,52.74609375,98336,53.05,251.874755859,5.128,57 4c 01 67 00 00 02 a6 00 00 6a ac 00 48 00 41 f7 c4 00 03 ff fe ff 7c ff d3 00 16 00 29 1b bf 00 01 80 20 00 00 14 b9 43 7b df f0 00 00 14 08
679,32592,WL,flash_sample,48,27.328,1,103,1,1,1,0,0,1,1,0,679,27328,0.035136,0.032208,-1.027728,0.083336,-0.020834,-1.343793,-3.15,1.47,2.87,52.76171875,98339,53.09,251.618453979,5.132,57 4c 01 67 00 00 02 a7 00 00 6a c0 00 48 00 42 f7 c6 00 08 ff fe ff 7f ff d3 00 15 00 29 1b c3 00 01 80 23 00 00 14 bd 43 7b 9e 53 00 00 14 0c
680,32640,WL,flash_sample,48,27.349,1,111,1,1,1,1,0,1,1,0,680,27349,0.035136,0.03172,-1.029192,0.062502,-0.052085,-1.343793,-3.15,1.47,2.87,52.75390625,98337,53.12,251.787567139,5.132,57 4c 01 6f 00 00 02 a8 00 00 6a d5 00 48 00 41 f7 c3 00 06 ff fb ff 7f ff d3 00 15 00 29 1b c1 00 01 80 21 00 00 14 c0 43 7b c9 9e 00 00 14 0c
681,32688,WL,flash_sample,48,27.368,1,111,1,1,1,1,0,1,1,0,681,27368,0.036112,0.032208,-1.027728,0.062502,-0.010417,-1.333376,-3.15,1.54,2.8,52.74609375,98337,53.16,251.787567139,5.132,57 4c 01 6f 00 00 02 a9 00 00 6a e8 00 4a 00 42 f7 c6 00 06 ff ff ff 80 ff d3 00 16 00 28 1b bf 00 01 80 21 00 00 14 c4 43 7b c9 9e 00 00 14 0c
682,32736,WL,flash_sample,48,27.388,1,111,1,1,1,1,0,1,1,0,682,27388,0.036112,0.03172,-1.028216,0.052085,0.020834,-1.35421,-3.15,1.61,2.8,52.71875,98339,53.19,251.618453979,5.132,57 4c 01 6f 00 00 02 aa 00 00 6a fc 00 4a 00 41 f7 c5 00 05 00 02 ff 7e ff d3 00 17 00 28 1b b8 00 01 80 23 00 00 14 c7 43 7b 9e 53 00 00 14 0c
683,32784,WL,flash_sample,48,27.408,1,111,1,1,1,1,0,1,1,0,683,27408,0.035624,0.03172,-1.028704,0.041668,0.020834,-1.333376,-3.22,1.54,2.8,52.73828125,98337,53.22,251.787567139,5.132,57 4c 01 6f 00 00 02 ab 00 00 6b 10 00 49 00 41 f7 c4 00 04 00 02 ff 80 ff d2 00 16 00 28 1b bd 00 01 80 21 00 00 14 ca 43 7b c9 9e 00 00 14 0c
684,32832,WL,flash_sample,48,27.428,1,111,1,1,1,1,0,1,1,0,684,27428,0.036112,0.031232,-1.028704,0.052085,0.010417,-1.35421,-3.22,1.54,2.87,52.76953125,98338,53.25,251.703018188,5.132,57 4c 01 6f 00 00 02 ac 00 00 6b 24 00 4a 00 40 f7 c4 00 05 00 01 ff 7e ff d2 00 16 00 29 1b c5 00 01 80 22 00 00 14 cd 43 7b b3 f9 00 00 14 0c
685,32880,WL,flash_sample,48,27.448,1,111,1,1,1,1,0,1,1,0,685,27448,0.036112,0.031232,-1.028704,0.052085,0.010417,-1.35421,-3.22,1.54,2.87,52.76953125,98338,53.25,251.703018188,5.132,57 4c 01 6f 00 00 02 ad 00 00 6b 38 00 4a 00 40 f7 c4 00 05 00 01 ff 7e ff d2 00 16 00 29 1b c5 00 01 80 22 00 00 14 cd 43 7b b3 f9 00 00 14 0c
686,32928,WL,flash_sample,48,27.468,1,111,1,1,1,1,0,1,1,0,686,27468,0.036112,0.031232,-1.028704,0.052085,0.010417,-1.35421,-3.22,1.54,2.87,52.76953125,98338,53.25,251.703018188,5.132,57 4c 01 6f 00 00 02 ae 00 00 6b 4c 00 4a 00 40 f7 c4 00 05 00 01 ff 7e ff d2 00 16 00 29 1b c5 00 01 80 22 00 00 14 cd 43 7b b3 f9 00 00 14 0c
687,32976,WL,flash_sample,48,27.488,1,111,1,1,1,1,0,1,1,0,687,27488,0.036112,0.031232,-1.028704,0.052085,0.010417,-1.35421,-3.22,1.54,2.87,52.76953125,98338,53.25,251.703018188,5.132,57 4c 01 6f 00 00 02 af 00 00 6b 60 00 4a 00 40 f7 c4 00 05 00 01 ff 7e ff d2 00 16 00 29 1b c5 00 01 80 22 00 00 14 cd 43 7b b3 f9 00 00 14 0c
688,33024,WL,flash_sample,48,27.508,1,111,1,1,1,1,0,1,1,0,688,27508,0.036112,0.03172,-1.028216,0.052085,-0.031251,-1.322959,-0.21,-0.07,-0.21,52.7109375,98338,53.25,251.703018188,5.132,57 4c 01 6f 00 00 02 b0 00 00 6b 74 00 4a 00 41 f7 c5 00 05 ff fd ff 81 ff fd ff ff ff fd 1b b6 00 01 80 22 00 00 14 cd 43 7b b3 f9 00 00 14 0c
689,33072,WL,flash_sample,48,27.528,1,111,1,1,1,1,0,1,1,0,689,27528,0.036112,0.03172,-1.028216,0.052085,-0.031251,-1.322959,-0.21,-0.07,-0.21,52.7109375,98338,53.25,251.703018188,5.132,57 4c 01 6f 00 00 02 b1 00 00 6b 88 00 4a 00 41 f7 c5 00 05 ff fd ff 81 ff fd ff ff ff fd 1b b6 00 01 80 22 00 00 14 cd 43 7b b3 f9 00 00 14 0c
690,33120,WL,flash_sample,48,27.548,1,111,1,1,1,1,0,1,1,0,690,27548,0.036112,0.03172,-1.028216,0.052085,-0.031251,-1.322959,-0.21,-0.07,-0.21,52.7109375,98338,53.25,251.703018188,5.132,57 4c 01 6f 00 00 02 b2 00 00 6b 9c 00 4a 00 41 f7 c5 00 05 ff fd ff 81 ff fd ff ff ff fd 1b b6 00 01 80 22 00 00 14 cd 43 7b b3 f9 00 00 14 0c
691,33168,WL,flash_sample,48,27.568,1,111,1,1,1,1,0,1,1,0,691,27568,0.036112,0.03172,-1.028216,0.052085,-0.031251,-1.322959,-0.21,-0.07,-0.21,52.7109375,98338,53.25,251.703018188,5.132,57 4c 01 6f 00 00 02 b3 00 00 6b b0 00 4a 00 41 f7 c5 00 05 ff fd ff 81 ff fd ff ff ff fd 1b b6 00 01 80 22 00 00 14 cd 43 7b b3 f9 00 00 14 0c
692,33216,WL,flash_sample,48,27.588,1,111,1,1,1,1,0,1,1,0,692,27588,0.036112,0.03172,-1.028216,0.052085,-0.031251,-1.322959,-0.21,-0.07,-0.21,52.7109375,98338,53.25,251.703018188,5.132,57 4c 01 6f 00 00 02 b4 00 00 6b c4 00 4a 00 41 f7 c5 00 05 ff fd ff 81 ff fd ff ff ff fd 1b b6 00 01 80 22 00 00 14 cd 43 7b b3 f9 00 00 14 0c
693,33264,WL,flash_sample,48,27.608,1,111,1,1,1,1,0,1,1,0,693,27608,0.036112,0.03172,-1.028216,0.052085,-0.031251,-1.322959,-0.21,-0.07,-0.21,52.7109375,98338,53.25,251.703018188,5.132,57 4c 01 6f 00 00 02 b5 00 00 6b d8 00 4a 00 41 f7 c5 00 05 ff fd ff 81 ff fd ff ff ff fd 1b b6 00 01 80 22 00 00 14 cd 43 7b b3 f9 00 00 14 0c
694,33312,WL,flash_sample,48,27.629,1,111,1,1,1,1,0,1,1,0,694,27629,0.0366,0.032696,-1.027728,0.072919,0.0,-1.385461,-0.21,0.07,-0.35,52.71875,98393,53.28,247.012969971,5.132,57 4c 01 6f 00 00 02 b6 00 00 6b ed 00 4b 00 43 f7 c6 00 07 00 00 ff 7b ff fd 00 01 ff fb 1b b8 00 01 80 59 00 00 14 d0 43 77 03 52 00 00 14 0c
695,33360,WL,flash_sample,48,27.648,1,111,1,1,1,1,0,1,1,0,695,27648,0.0366,0.032696,-1.027728,0.072919,0.0,-1.385461,-0.21,0.07,-0.35,52.71875,98393,53.28,247.012969971,5.132,57 4c 01 6f 00 00 02 b7 00 00 6c 00 00 4b 00 43 f7 c6 00 07 00 00 ff 7b ff fd 00 01 ff fb 1b b8 00 01 80 59 00 00 14 d0 43 77 03 52 00 00 14 0c
696,33408,WL,flash_sample,48,27.668,1,111,1,1,1,1,0,1,1,0,696,27668,0.0366,0.032696,-1.027728,0.072919,0.0,-1.385461,-0.21,0.07,-0.35,52.71875,98393,53.28,247.012969971,5.132,57 4c 01 6f 00 00 02 b8 00 00 6c 14 00 4b 00 43 f7 c6 00 07 00 00 ff 7b ff fd 00 01 ff fb 1b b8 00 01 80 59 00 00 14 d0 43 77 03 52 00 00 14 0c
697,33456,WL,flash_sample,48,27.688,1,111,1,1,1,1,0,1,1,0,697,27688,0.035136,0.03172,-1.026752,0.052085,0.0,-1.385461,-0.21,0.07,-0.28,52.6875,98393,53.28,247.012969971,5.132,57 4c 01 6f 00 00 02 b9 00 00 6c 28 00 48 00 41 f7 c8 00 05 00 00 ff 7b ff fd 00 01 ff fc 1b b0 00 01 80 59 00 00 14 d0 43 77 03 52 00 00 14 0c
698,33504,WL,flash_sample,48,27.708,1,111,1,1,1,1,0,1,1,0,698,27708,0.035136,0.03172,-1.026752,0.052085,0.0,-1.385461,-0.21,0.07,-0.28,52.6875,98393,53.28,247.012969971,5.132,57 4c 01 6f 00 00 02 ba 00 00 6c 3c 00 48 00 41 f7 c8 00 05 00 00 ff 7b ff fd 00 01 ff fc 1b b0 00 01 80 59 00 00 14 d0 43 77 03 52 00 00 14 0c
699,33552,WL,flash_sample,48,27.728,1,111,1,1,1,1,0,1,1,0,699,27728,0.035136,0.03172,-1.026752,0.052085,0.0,-1.385461,-0.21,0.07,-0.28,52.6875,98393,53.28,247.012969971,5.132,57 4c 01 6f 00 00 02 bb 00 00 6c 50 00 48 00 41 f7 c8 00 05 00 00 ff 7b ff fd 00 01 ff fc 1b b0 00 01 80 59 00 00 14 d0 43 77 03 52 00 00 14 0c
700,33600,WL,flash_sample,48,27.748,1,111,1,1,1,1,0,1,1,0,700,27748,0.035136,0.03172,-1.026752,0.052085,0.0,-1.385461,-0.21,0.07,-0.28,52.6875,98393,53.28,247.012969971,5.132,57 4c 01 6f 00 00 02 bc 00 00 6c 64 00 48 00 41 f7 c8 00 05 00 00 ff 7b ff fd 00 01 ff fc 1b b0 00 01 80 59 00 00 14 d0 43 77 03 52 00 00 14 0c
701,33648,WL,flash_sample,48,27.768,1,103,1,1,1,0,0,1,1,0,701,27768,0.035624,0.031232,-1.02724,0.010417,-0.052085,-1.322959,-0.7,-0.84,1.54,52.73828125,98345,52.74,251.105865479,5.14,57 4c 01 67 00 00 02 bd 00 00 6c 78 00 49 00 40 f7 c7 00 01 ff fb ff 81 ff f6 ff f4 00 16 1b bd 00 01 80 29 00 00 14 9a 43 7b 1b 1a 00 00 14 14
702,33696,WL,flash_sample,48,27.788,1,103,1,1,1,0,0,1,1,0,702,27788,0.035136,0.031232,-1.02724,0.031251,-0.031251,-1.35421,-1.82,-0.07,2.66,52.73046875,98319,52.59,253.325363159,5.14,57 4c 01 67 00 00 02 be 00 00 6c 8c 00 48 00 40 f7 c7 00 03 ff fd ff 7e ff e6 ff ff 00 26 1b bb 00 01 80 0f 00 00 14 8b 43 7d 53 4b 00 00 14 14
703,33744,WL,flash_sample,48,27.808,1,103,1,1,1,0,0,1,1,0,703,27808,0.035136,0.031232,-1.028216,0.020834,-0.020834,-1.322959,-2.8,0.77,3.43,52.77734375,98325,52.68,252.812774658,5.14,57 4c 01 67 00 00 02 bf 00 00 6c a0 00 48 00 40 f7 c5 00 02 ff fe ff 81 ff d8 00 0b 00 31 1b c7 00 01 80 15 00 00 14 94 43 7c d0 12 00 00 14 14
704,33792,WL,flash_sample,48,27.828,1,111,1,1,1,1,0,1,1,0,704,27828,0.035136,0.03172,-1.028216,0.041668,-0.010417,-1.322959,-3.15,1.54,2.8,52.78515625,98326,52.75,252.728210449,5.14,57 4c 01 6f 00 00 02 c0 00 00 6c b4 00 48 00 41 f7 c5 00 04 ff ff ff 81 ff d3 00 16 00 28 1b c9 00 01 80 16 00 00 14 9b 43 7c ba 6c 00 00 14 14
705,33840,WL,flash_sample,48,27.848,1,111,1,1,1,1,0,1,1,0,705,27848,0.035624,0.032208,-1.028704,0.010417,-0.010417,-1.364627,-3.15,1.54,2.87,52.796875,98324,52.81,252.897323608,5.14,57 4c 01 6f 00 00 02 c1 00 00 6c c8 00 49 00 42 f7 c4 00 01 ff ff ff 7d ff d3 00 16 00 29 1b cc 00 01 80 14 00 00 14 a1 43 7c e5 b7 00 00 14 14
706,33888,WL,flash_sample,48,27.868,1,111,1,1,1,1,0,1,1,0,706,27868,0.035624,0.03172,-1.028216,0.031251,-0.010417,-1.333376,-3.08,1.47,2.87,52.78515625,98327,52.87,252.641021729,5.14,57 4c 01 6f 00 00 02 c2 00 00 6c dc 00 49 00 41 f7 c5 00 03 ff ff ff 80 ff d4 00 15 00 29 1b c9 00 01 80 17 00 00 14 a7 43 7c a4 1a 00 00 14 14
707,33936,WL,flash_sample,48,27.888,1,103,1,1,1,0,0,1,1,0,707,27888,0.035136,0.03172,-1.028216,0.062502,-0.010417,-1.35421,-3.15,1.54,2.8,52.7734375,98329,52.93,252.471908569,5.14,57 4c 01 67 00 00 02 c3 00 00 6c f0 00 48 00 41 f7 c5 00 06 ff ff ff 7e ff d3 00 16 00 28 1b c6 00 01 80 19 00 00 14 ad 43 7c 78 cf 00 00 14 14
708,33984,WL,flash_sample,48,27.908,1,103,1,1,1,0,0,1,1,0,708,27908,0.035624,0.03172,-1.028216,0.020834,0.031251,-1.343793,-3.15,1.61,2.8,52.77734375,98329,52.98,252.471908569,5.14,57 4c 01 67 00 00 02 c4 00 00 6d 04 00 49 00 41 f7 c5 00 02 00 03 ff 7f ff d3 00 17 00 28 1b c7 00 01 80 19 00 00 14 b2 43 7c 78 cf 00 00 14 14
709,34032,WL,flash_sample,48,27.928,1,103,1,1,1,0,0,1,1,0,709,27928,0.035136,0.032208,-1.028704,0.020834,-0.020834,-1.322959,-3.15,1.54,2.87,52.73828125,98332,53.03,252.215606689,5.124,57 4c 01 67 00 00 02 c5 00 00 6d 18 00 48 00 42 f7 c4 00 02 ff fe ff 81 ff d3 00 16 00 29 1b bd 00 01 80 1c 00 00 14 b7 43 7c 37 32 00 00 14 04
710,34080,WL,flash_sample,48,27.948,1,103,1,1,1,0,0,1,1,0,710,27948,0.035136,0.032208,-1.028704,0.020834,-0.020834,-1.322959,-3.15,1.54,2.87,52.73828125,98332,53.03,252.215606689,5.124,57 4c 01 67 00 00 02 c6 00 00 6d 2c 00 48 00 42 f7 c4 00 02 ff fe ff 81 ff d3 00 16 00 29 1b bd 00 01 80 1c 00 00 14 b7 43 7c 37 32 00 00 14 04
711,34128,WL,flash_sample,48,27.968,1,103,1,1,1,0,0,1,1,0,711,27968,0.035136,0.032208,-1.028704,0.020834,-0.020834,-1.322959,-3.15,1.54,2.87,52.73828125,98332,53.03,252.215606689,5.124,57 4c 01 67 00 00 02 c7 00 00 6d 40 00 48 00 42 f7 c4 00 02 ff fe ff 81 ff d3 00 16 00 29 1b bd 00 01 80 1c 00 00 14 b7 43 7c 37 32 00 00 14 04
712,34176,WL,flash_sample,48,27.988,1,103,1,1,1,0,0,1,1,0,712,27988,0.035136,0.032208,-1.028704,0.020834,-0.020834,-1.322959,-3.15,1.54,2.87,52.73828125,98332,53.03,252.215606689,5.124,57 4c 01 67 00 00 02 c8 00 00 6d 54 00 48 00 42 f7 c4 00 02 ff fe ff 81 ff d3 00 16 00 29 1b bd 00 01 80 1c 00 00 14 b7 43 7c 37 32 00 00 14 04
713,34224,WL,flash_sample,48,28.01,1,65,1,0,0,0,0,0,1,0,713,28010,0.034648,0.031232,-1.027728,0.062502,-0.010417,-1.35421,-0.21,-0.42,0.14,52.73828125,98337,53.08,251.787567139,5.124,57 4c 01 41 00 00 02 c9 00 00 6d 6a 00 47 00 40 f7 c6 00 06 ff ff ff 7e ff fd ff fa 00 02 1b bd 00 01 80 21 00 00 14 bc 43 7b c9 9e 00 00 14 04
714,34272,WL,flash_sample,48,28.028,1,103,1,1,1,0,0,1,1,0,714,28028,0.035624,0.03172,-1.028216,0.083336,-0.020834,-1.35421,-1.19,-0.49,1.96,52.73828125,98330,52.91,252.384719849,5.124,57 4c 01 67 00 00 02 ca 00 00 6d 7c 00 49 00 41 f7 c5 00 08 ff fe ff 7e ff ef ff f9 00 1c 1b bd 00 01 80 1a 00 00 14 ab 43 7c 62 7d 00 00 14 04
715,34320,WL,flash_sample,48,28.048,1,103,1,1,1,0,0,1,1,0,715,28048,0.035624,0.031232,-1.028216,0.031251,-0.010417,-1.333376,-2.24,0.21,3.01,52.77734375,98334,52.97,252.043869019,5.124,57 4c 01 67 00 00 02 cb 00 00 6d 90 00 49 00 40 f7 c5 00 03 ff ff ff 80 ff e0 00 03 00 2b 1b c7 00 01 80 1e 00 00 14 b1 43 7c 0b 3b 00 00 14 04
716,34368,WL,flash_sample,48,28.068,1,111,1,1,1,1,0,1,1,0,716,28068,0.034648,0.031232,-1.028216,0.041668,0.0,-1.343793,-3.08,1.61,2.8,52.7734375,98334,53.02,252.043869019,5.124,57 4c 01 6f 00 00 02 cc 00 00 6d a4 00 47 00 40 f7 c5 00 04 00 00 ff 7f ff d4 00 17 00 28 1b c6 00 01 80 1e 00 00 14 b6 43 7c 0b 3b 00 00 14 04
717,34416,WL,flash_sample,48,28.088,1,111,1,1,1,1,0,1,1,0,717,28088,0.036112,0.031232,-1.028704,0.052085,-0.052085,-1.35421,-3.29,1.82,2.59,52.76171875,98331,53.05,252.300170898,5.124,57 4c 01 6f 00 00 02 cd 00 00 6d b8 00 4a 00 40 f7 c4 00 05 ff fb ff 7e ff d1 00 1a 00 25 1b c3 00 01 80 1b 00 00 14 b9 43 7c 4c d8 00 00 14 04
718,34464,WL,flash_sample,48,28.109,1,111,1,1,1,1,0,1,1,0,718,28109,0.035624,0.030744,-1.028216,0.041668,0.010417,-1.35421,-3.15,1.54,2.87,52.78515625,98332,53.11,252.215606689,5.124,57 4c 01 6f 00 00 02 ce 00 00 6d cd 00 49 00 3f f7 c5 00 04 00 01 ff 7e ff d3 00 16 00 29 1b c9 00 01 80 1c 00 00 14 bf 43 7c 37 32 00 00 14 04
719,34512,WL,flash_sample,48,28.128,1,103,1,1,1,0,0,1,1,0,719,28128,0.036112,0.031232,-1.028704,0.041668,0.010417,-1.385461,-3.15,1.54,2.8,52.80078125,98334,53.15,252.043869019,5.14,57 4c 01 67 00 00 02 cf 00 00 6d e0 00 4a 00 40 f7 c4 00 04 00 01 ff 7b ff d3 00 16 00 28 1b cd 00 01 80 1e 00 00 14 c3 43 7c 0b 3b 00 00 14 14
720,34560,WL,flash_sample,48,28.148,1,103,1,1,1,0,0,1,1,0,720,28148,0.035136,0.03172,-1.028216,0.052085,0.010417,-1.322959,-3.15,1.54,2.87,52.8046875,98331,53.19,252.300170898,5.14,57 4c 01 67 00 00 02 d0 00 00 6d f4 00 48 00 41 f7 c5 00 05 00 01 ff 81 ff d3 00 16 00 29 1b ce 00 01 80 1b 00 00 14 c7 43 7c 4c d8 00 00 14 14
721,34608,WL,flash_sample,48,28.168,1,111,1,1,1,1,0,1,1,0,721,28168,0.035624,0.032208,-1.029192,0.031251,-0.010417,-1.333376,-3.15,1.54,2.87,52.8359375,98335,53.22,251.959320068,5.14,57 4c 01 6f 00 00 02 d1 00 00 6e 08 00 49 00 42 f7 c3 00 03 ff ff ff 80 ff d3 00 16 00 29 1b d6 00 01 80 1f 00 00 14 ca 43 7b f5 96 00 00 14 14
722,34656,WL,flash_sample,48,28.188,1,103,1,1,1,0,0,1,1,0,722,28188,0.035136,0.032208,-1.02968,0.041668,0.020834,-1.343793,-3.15,1.54,2.87,52.8359375,98335,53.22,251.959320068,5.14,57 4c 01 67 00 00 02 d2 00 00 6e 1c 00 48 00 42 f7 c2 00 04 00 02 ff 7f ff d3 00 16 00 29 1b d6 00 01 80 1f 00 00 14 ca 43 7b f5 96 00 00 14 14
723,34704,WL,flash_sample,48,28.208,1,103,1,1,1,0,0,1,1,0,723,28208,0.035136,0.032208,-1.02968,0.041668,0.020834,-1.343793,-3.15,1.54,2.87,52.8359375,98335,53.22,251.959320068,5.14,57 4c 01 67 00 00 02 d3 00 00 6e 30 00 48 00 42 f7 c2 00 04 00 02 ff 7f ff d3 00 16 00 29 1b d6 00 01 80 1f 00 00 14 ca 43 7b f5 96 00 00 14 14
724,34752,WL,flash_sample,48,28.228,1,103,1,1,1,0,0,1,1,0,724,28228,0.035136,0.032208,-1.02968,0.041668,0.020834,-1.343793,-3.15,1.54,2.87,52.8359375,98335,53.22,251.959320068,5.14,57 4c 01 67 00 00 02 d4 00 00 6e 44 00 48 00 42 f7 c2 00 04 00 02 ff 7f ff d3 00 16 00 29 1b d6 00 01 80 1f 00 00 14 ca 43 7b f5 96 00 00 14 14
725,34800,WL,flash_sample,48,28.248,1,102,0,1,1,0,0,1,1,0,725,28248,0.035136,0.032208,-1.02968,0.041668,0.020834,-1.343793,-3.15,1.54,2.87,52.8359375,98335,53.22,251.959320068,5.14,57 4c 01 66 00 00 02 d5 00 00 6e 58 00 48 00 42 f7 c2 00 04 00 02 ff 7f ff d3 00 16 00 29 1b d6 00 01 80 1f 00 00 14 ca 43 7b f5 96 00 00 14 14
726,34848,WL,flash_sample,48,28.268,1,102,0,1,1,0,0,1,1,0,726,28268,0.035136,0.031232,-1.02724,0.052085,-0.031251,-1.35421,-0.42,-1.05,1.19,52.83203125,98341,53.26,251.446716309,5.12,57 4c 01 66 00 00 02 d6 00 00 6e 6c 00 48 00 40 f7 c7 00 05 ff fd ff 7e ff fa ff f1 00 11 1b d5 00 01 80 25 00 00 14 ce 43 7b 72 5c 00 00 14 00
727,34896,WL,flash_sample,48,28.288,1,110,0,1,1,1,0,1,1,0,727,28288,0.035136,0.030744,-1.026752,0.010417,-0.010417,-1.343793,-2.1,0.07,2.94,52.8046875,98336,53.04,251.874755859,5.12,57 4c 01 6e 00 00 02 d7 00 00 6e 80 00 48 00 3f f7 c8 00 01 ff ff ff 7f ff e2 00 01 00 2a 1b ce 00 01 80 20 00 00 14 b8 43 7b df f0 00 00 14 00
728,34944,WL,flash_sample,48,28.308,1,110,0,1,1,1,0,1,1,0,728,28308,0.035624,0.030744,-1.029192,0.020834,0.010417,-1.35421,-3.08,1.19,3.08,52.86328125,98337,53.09,251.787567139,5.12,57 4c 01 6e 00 00 02 d8 00 00 6e 94 00 49 00 3f f7 c3 00 02 00 01 ff 7e ff d4 00 11 00 2c 1b dd 00 01 80 21 00 00 14 bd 43 7b c9 9e 00 00 14 00
729,34992,WL,flash_sample,48,28.328,1,110,0,1,1,1,0,1,1,0,729,28328,0.035136,0.031232,-1.028704,0.041668,-0.010417,-1.343793,-3.15,1.47,2.8,52.84375,98336,53.14,251.874755859,5.128,57 4c 01 6e 00 00 02 d9 00 00 6e a8 00 48 00 40 f7 c4 00 04 ff ff ff 7f ff d3 00 15 00 28 1b d8 00 01 80 20 00 00 14 c2 43 7b df f0 00 00 14 08
730,35040,WL,flash_sample,48,28.348,1,110,0,1,1,1,0,1,1,0,730,28348,0.035136,0.032208,-1.028704,0.041668,-0.031251,-1.312542,-3.22,1.47,2.8,52.8125,98335,53.18,251.959320068,5.128,57 4c 01 6e 00 00 02 da 00 00 6e bc 00 48 00 42 f7 c4 00 04 ff fd ff 82 ff d2 00 15 00 28 1b d0 00 01 80 1f 00 00 14 c6 43 7b f5 96 00 00 14 08
731,35088,WL,flash_sample,48,28.368,1,102,0,1,1,0,0,1,1,0,731,28368,0.035624,0.03172,-1.028216,0.10417,0.010417,-1.322959,-3.15,1.54,2.87,52.8203125,98337,53.21,251.787567139,5.128,57 4c 01 66 00 00 02 db 00 00 6e d0 00 49 00 41 f7 c5 00 0a 00 01 ff 81 ff d3 00 16 00 29 1b d2 00 01 80 21 00 00 14 c9 43 7b c9 9e 00 00 14 08
732,35136,WL,flash_sample,48,28.388,1,102,0,1,1,0,0,1,1,0,732,28388,0.036112,0.032208,-1.028216,0.052085,0.0,-1.322959,-3.15,1.54,2.87,52.8359375,98336,53.25,251.874755859,5.128,57 4c 01 66 00 00 02 dc 00 00 6e e4 00 4a 00 42 f7 c5 00 05 00 00 ff 81 ff d3 00 16 00 29 1b d6 00 01 80 20 00 00 14 cd 43 7b df f0 00 00 14 08
733,35184,WL,flash_sample,48,28.408,1,110,0,1,1,1,0,1,1,0,733,28408,0.035624,0.032208,-1.027728,0.041668,0.0,-1.333376,-3.22,1.54,2.87,52.80078125,98337,53.28,251.787567139,5.128,57 4c 01 6e 00 00 02 dd 00 00 6e f8 00 49 00 42 f7 c6 00 04 00 00 ff 80 ff d2 00 16 00 29 1b cd 00 01 80 21 00 00 14 d0 43 7b c9 9e 00 00 14 08
734,35232,WL,flash_sample,48,28.428,1,110,0,1,1,1,0,1,1,0,734,28428,0.035624,0.031232,-1.028704,0.072919,-0.041668,-1.35421,-3.22,1.54,2.87,52.78125,98338,53.31,251.703018188,5.12,57 4c 01 6e 00 00 02 de 00 00 6f 0c 00 49 00 40 f7 c4 00 07 ff fc ff 7e ff d2 00 16 00 29 1b c8 00 01 80 22 00 00 14 d3 43 7b b3 f9 00 00 14 00
735,35280,WL,flash_sample,48,28.448,1,110,0,1,1,1,0,1,1,0,735,28448,0.035624,0.031232,-1.028704,0.072919,-0.041668,-1.35421,-3.22,1.54,2.87,52.78125,98338,53.31,251.703018188,5.12,57 4c 01 6e 00 00 02 df 00 00 6f 20 00 49 00 40 f7 c4 00 07 ff fc ff 7e ff d2 00 16 00 29 1b c8 00 01 80 22 00 00 14 d3 43 7b b3 f9 00 00 14 00
736,35328,WL,flash_sample,48,28.468,1,110,0,1,1,1,0,1,1,0,736,28468,0.035624,0.031232,-1.028704,0.072919,-0.041668,-1.35421,-3.22,1.54,2.87,52.78125,98338,53.31,251.703018188,5.12,57 4c 01 6e 00 00 02 e0 00 00 6f 34 00 49 00 40 f7 c4 00 07 ff fc ff 7e ff d2 00 16 00 29 1b c8 00 01 80 22 00 00 14 d3 43 7b b3 f9 00 00 14 00
737,35376,WL,flash_sample,48,28.488,1,110,0,1,1,1,0,1,1,0,737,28488,0.035624,0.031232,-1.028704,0.072919,-0.041668,-1.35421,-3.22,1.54,2.87,52.78125,98338,53.31,251.703018188,5.12,57 4c 01 6e 00 00 02 e1 00 00 6f 48 00 49 00 40 f7 c4 00 07 ff fc ff 7e ff d2 00 16 00 29 1b c8 00 01 80 22 00 00 14 d3 43 7b b3 f9 00 00 14 00
738,35424,WL,flash_sample,48,28.509,1,110,0,1,1,1,0,1,1,0,738,28509,0.034648,0.031232,-1.026752,0.0,-0.010417,-1.343793,-0.14,0.07,-0.35,52.8203125,98341,53.34,251.446716309,5.12,57 4c 01 6e 00 00 02 e2 00 00 6f 5d 00 47 00 40 f7 c8 00 00 ff ff ff 7f ff fe 00 01 ff fb 1b d2 00 01 80 25 00 00 14 d6 43 7b 72 5c 00 00 14 00
739,35472,WL,flash_sample,48,28.528,1,110,0,1,1,1,0,1,1,0,739,28528,0.034648,0.031232,-1.026752,0.0,-0.010417,-1.343793,-0.14,0.07,-0.35,52.8203125,98341,53.34,251.446716309,5.12,57 4c 01 6e 00 00 02 e3 00 00 6f 70 00 47 00 40 f7 c8 00 00 ff ff ff 7f ff fe 00 01 ff fb 1b d2 00 01 80 25 00 00 14 d6 43 7b 72 5c 00 00 14 00
740,35520,WL,flash_sample,48,28.548,1,110,0,1,1,1,0,1,1,0,740,28548,0.034648,0.031232,-1.026752,0.0,-0.010417,-1.343793,-0.14,0.07,-0.35,52.8203125,98341,53.34,251.446716309,5.12,57 4c 01 6e 00 00 02 e4 00 00 6f 84 00 47 00 40 f7 c8 00 00 ff ff ff 7f ff fe 00 01 ff fb 1b d2 00 01 80 25 00 00 14 d6 43 7b 72 5c 00 00 14 00
741,35568,WL,flash_sample,48,28.568,1,110,0,1,1,1,0,1,1,0,741,28568,0.034648,0.031232,-1.026752,0.0,-0.010417,-1.343793,-0.14,0.07,-0.35,52.8203125,98341,53.34,251.446716309,5.12,57 4c 01 6e 00 00 02 e5 00 00 6f 98 00 47 00 40 f7 c8 00 00 ff ff ff 7f ff fe 00 01 ff fb 1b d2 00 01 80 25 00 00 14 d6 43 7b 72 5c 00 00 14 00
742,35616,WL,flash_sample,48,28.588,1,110,0,1,1,1,0,1,1,0,742,28588,0.034648,0.031232,-1.026752,0.0,-0.010417,-1.343793,-0.14,0.07,-0.35,52.8203125,98341,53.34,251.446716309,5.12,57 4c 01 6e 00 00 02 e6 00 00 6f ac 00 47 00 40 f7 c8 00 00 ff ff ff 7f ff fe 00 01 ff fb 1b d2 00 01 80 25 00 00 14 d6 43 7b 72 5c 00 00 14 00
743,35664,WL,flash_sample,48,28.608,1,110,0,1,1,1,0,1,1,0,743,28608,0.034648,0.031232,-1.026752,0.0,-0.010417,-1.343793,-0.14,0.07,-0.35,52.8203125,98341,53.34,251.446716309,5.12,57 4c 01 6e 00 00 02 e7 00 00 6f c0 00 47 00 40 f7 c8 00 00 ff ff ff 7f ff fe 00 01 ff fb 1b d2 00 01 80 25 00 00 14 d6 43 7b 72 5c 00 00 14 00
744,35712,WL,flash_sample,48,28.628,1,110,0,1,1,1,0,1,1,0,744,28628,0.034648,0.031232,-1.026752,0.0,-0.010417,-1.343793,-0.14,0.07,-0.35,52.8203125,98341,53.34,251.446716309,5.12,57 4c 01 6e 00 00 02 e8 00 00 6f d4 00 47 00 40 f7 c8 00 00 ff ff ff 7f ff fe 00 01 ff fb 1b d2 00 01 80 25 00 00 14 d6 43 7b 72 5c 00 00 14 00
745,35760,WL,flash_sample,48,28.648,1,110,0,1,1,1,0,1,1,0,745,28648,0.035624,0.03172,-1.026752,0.083336,0.020834,-1.343793,-0.21,0.07,-0.35,52.8203125,98341,53.34,251.446716309,5.12,57 4c 01 6e 00 00 02 e9 00 00 6f e8 00 49 00 41 f7 c8 00 08 00 02 ff 7f ff fd 00 01 ff fb 1b d2 00 01 80 25 00 00 14 d6 43 7b 72 5c 00 00 14 00
746,35808,WL,flash_sample,48,28.668,1,110,0,1,1,1,0,1,1,0,746,28668,0.035624,0.03172,-1.026752,0.083336,0.020834,-1.343793,-0.21,0.07,-0.35,52.8203125,98341,53.34,251.446716309,5.12,57 4c 01 6e 00 00 02 ea 00 00 6f fc 00 49 00 41 f7 c8 00 08 00 02 ff 7f ff fd 00 01 ff fb 1b d2 00 01 80 25 00 00 14 d6 43 7b 72 5c 00 00 14 00
747,35856,WL,flash_sample,48,28.689,1,110,0,1,1,1,0,1,1,0,747,28689,0.035624,0.032208,-1.026752,0.010417,0.010417,-1.35421,-0.14,0.07,-0.35,52.796875,98393,53.11,247.012969971,5.12,57 4c 01 6e 00 00 02 eb 00 00 70 11 00 49 00 42 f7 c8 00 01 00 01 ff 7e ff fe 00 01 ff fb 1b cc 00 01 80 59 00 00 14 bf 43 77 03 52 00 00 14 00
748,35904,WL,flash_sample,48,28.708,1,110,0,1,1,1,0,1,1,0,748,28708,0.035624,0.032208,-1.026752,0.010417,0.010417,-1.35421,-0.14,0.07,-0.35,52.796875,98393,53.11,247.012969971,5.12,57 4c 01 6e 00 00 02 ec 00 00 70 24 00 49 00 42 f7 c8 00 01 00 01 ff 7e ff fe 00 01 ff fb 1b cc 00 01 80 59 00 00 14 bf 43 77 03 52 00 00 14 00
749,35952,WL,flash_sample,48,28.728,1,110,0,1,1,1,0,1,1,0,749,28728,0.035624,0.032208,-1.026752,0.010417,0.010417,-1.35421,-0.14,0.07,-0.35,52.796875,98393,53.11,247.012969971,5.12,57 4c 01 6e 00 00 02 ed 00 00 70 38 00 49 00 42 f7 c8 00 01 00 01 ff 7e ff fe 00 01 ff fb 1b cc 00 01 80 59 00 00 14 bf 43 77 03 52 00 00 14 00
750,36000,WL,flash_sample,48,28.748,1,110,0,1,1,1,0,1,1,0,750,28748,0.035624,0.032208,-1.026752,0.010417,0.010417,-1.35421,-0.14,0.07,-0.35,52.796875,98393,53.11,247.012969971,5.12,57 4c 01 6e 00 00 02 ee 00 00 70 4c 00 49 00 42 f7 c8 00 01 00 01 ff 7e ff fe 00 01 ff fb 1b cc 00 01 80 59 00 00 14 bf 43 77 03 52 00 00 14 00
751,36048,WL,flash_sample,48,28.773,1,64,0,0,0,0,0,0,1,0,751,28773,0.035624,0.03172,-1.026264,0.041668,-0.010417,-1.343793,-0.21,-0.49,0.21,52.83203125,98393,53.11,247.012969971,5.136,57 4c 01 40 00 00 02 ef 00 00 70 65 00 49 00 41 f7 c9 00 04 ff ff ff 7f ff fd ff f9 00 03 1b d5 00 01 80 59 00 00 14 bf 43 77 03 52 00 00 14 10
752,36096,WL,flash_sample,48,28.788,1,110,0,1,1,1,0,1,1,0,752,28788,0.035624,0.031232,-1.02724,0.020834,-0.010417,-1.35421,-1.19,-0.56,2.03,52.8359375,98339,52.78,251.618453979,5.124,57 4c 01 6e 00 00 02 f0 00 00 70 74 00 49 00 40 f7 c7 00 02 ff ff ff 7e ff ef ff f8 00 1d 1b d6 00 01 80 23 00 00 14 9e 43 7b 9e 53 00 00 14 04
753,36144,WL,flash_sample,48,28.808,1,110,0,1,1,1,0,1,1,0,753,28808,0.035624,0.030744,-1.026752,0.052085,-0.010417,-1.333376,-2.17,0.14,3.01,52.7734375,98325,52.74,252.812774658,5.124,57 4c 01 6e 00 00 02 f1 00 00 70 88 00 49 00 3f f7 c8 00 05 ff ff ff 80 ff e1 00 02 00 2b 1b c6 00 01 80 15 00 00 14 9a 43 7c d0 12 00 00 14 04
754,36192,WL,flash_sample,48,28.828,1,102,0,1,1,0,0,1,1,0,754,28828,0.036112,0.031232,-1.027728,0.041668,0.010417,-1.322959,-3.15,1.47,2.8,52.80859375,98329,52.8,252.471908569,5.136,57 4c 01 66 00 00 02 f2 00 00 70 9c 00 4a 00 40 f7 c6 00 04 00 01 ff 81 ff d3 00 15 00 28 1b cf 00 01 80 19 00 00 14 a0 43 7c 78 cf 00 00 14 10
755,36240,WL,flash_sample,48,28.848,1,102,0,1,1,0,0,1,1,0,755,28848,0.035136,0.032208,-1.027728,0.052085,-0.010417,-1.333376,-3.15,1.54,2.8,52.8203125,98326,52.87,252.728210449,5.136,57 4c 01 66 00 00 02 f3 00 00 70 b0 00 48 00 42 f7 c6 00 05 ff ff ff 80 ff d3 00 16 00 28 1b d2 00 01 80 16 00 00 14 a7 43 7c ba 6c 00 00 14 10
756,36288,WL,flash_sample,48,28.869,1,102,0,1,1,0,0,1,1,0,756,28869,0.035624,0.031232,-1.027728,0.010417,-0.010417,-1.343793,-3.22,1.54,2.8,52.8515625,98330,52.93,252.384719849,5.136,57 4c 01 66 00 00 02 f4 00 00 70 c5 00 49 00 40 f7 c6 00 01 ff ff ff 7f ff d2 00 16 00 28 1b da 00 01 80 1a 00 00 14 ad 43 7c 62 7d 00 00 14 10
757,36336,WL,flash_sample,48,28.888,1,110,0,1,1,1,0,1,1,0,757,28888,0.035624,0.031232,-1.028216,0.041668,-0.031251,-1.333376,-3.15,1.54,2.8,52.8046875,98329,52.99,252.471908569,5.136,57 4c 01 6e 00 00 02 f5 00 00 70 d8 00 49 00 40 f7 c5 00 04 ff fd ff 80 ff d3 00 16 00 28 1b ce 00 01 80 19 00 00 14 b3 43 7c 78 cf 00 00 14 10
758,36384,WL,flash_sample,48,28.908,1,110,0,1,1,1,0,1,1,0,758,28908,0.035624,0.03172,-1.028704,0.052085,-0.031251,-1.333376,-3.15,1.54,2.8,52.87109375,98330,53.04,252.384719849,5.136,57 4c 01 6e 00 00 02 f6 00 00 70 ec 00 49 00 41 f7 c4 00 05 ff fd ff 80 ff d3 00 16 00 28 1b df 00 01 80 1a 00 00 14 b8 43 7c 62 7d 00 00 14 10
759,36432,WL,flash_sample,48,28.928,1,110,0,1,1,1,0,1,1,0,759,28928,0.035136,0.032208,-1.030168,0.0,-0.031251,-1.364627,-3.15,1.54,2.8,52.796875,98333,53.09,252.131057739,5.124,57 4c 01 6e 00 00 02 f7 00 00 71 00 00 48 00 42 f7 c1 00 00 ff fd ff 7d ff d3 00 16 00 28 1b cc 00 01 80 1d 00 00 14 bd 43 7c 21 8d 00 00 14 04
760,36480,WL,flash_sample,48,28.948,1,110,0,1,1,1,0,1,1,0,760,28948,0.036112,0.03172,-1.028216,0.020834,0.010417,-1.343793,-3.15,1.54,2.87,52.87890625,98336,53.14,251.874755859,5.124,57 4c 01 6e 00 00 02 f8 00 00 71 14 00 4a 00 41 f7 c5 00 02 00 01 ff 7f ff d3 00 16 00 29 1b e1 00 01 80 20 00 00 14 c2 43 7b df f0 00 00 14 04
761,36528,WL,flash_sample,48,28.968,1,110,0,1,1,1,0,1,1,0,761,28968,0.036112,0.03172,-1.028216,0.020834,0.010417,-1.343793,-3.15,1.54,2.87,52.87890625,98336,53.14,251.874755859,5.124,57 4c 01 6e 00 00 02 f9 00 00 71 28 00 4a 00 41 f7 c5 00 02 00 01 ff 7f ff d3 00 16 00 29 1b e1 00 01 80 20 00 00 14 c2 43 7b df f0 00 00 14 04
762,36576,WL,flash_sample,48,28.988,1,110,0,1,1,1,0,1,1,0,762,28988,0.036112,0.03172,-1.028216,0.020834,0.010417,-1.343793,-3.15,1.54,2.87,52.87890625,98336,53.14,251.874755859,5.124,57 4c 01 6e 00 00 02 fa 00 00 71 3c 00 4a 00 41 f7 c5 00 02 00 01 ff 7f ff d3 00 16 00 29 1b e1 00 01 80 20 00 00 14 c2 43 7b df f0 00 00 14 04
763,36624,WL,flash_sample,48,29.008,1,110,0,1,1,1,0,1,1,0,763,29008,0.036112,0.03172,-1.028216,0.020834,0.010417,-1.343793,-3.15,1.54,2.87,52.87890625,98336,53.14,251.874755859,5.124,57 4c 01 6e 00 00 02 fb 00 00 71 50 00 4a 00 41 f7 c5 00 02 00 01 ff 7f ff d3 00 16 00 29 1b e1 00 01 80 20 00 00 14 c2 43 7b df f0 00 00 14 04
764,36672,WL,flash_sample,48,29.029,1,110,0,1,1,1,0,1,1,0,764,29029,0.035624,0.030744,-1.026752,0.031251,-0.020834,-1.35421,-0.49,-1.05,1.19,52.8125,98372,53.19,248.804443359,5.124,57 4c 01 6e 00 00 02 fc 00 00 71 65 00 49 00 3f f7 c8 00 03 ff fe ff 7e ff f9 ff f1 00 11 1b d0 00 01 80 44 00 00 14 c7 43 78 cd f0 00 00 14 04
765,36720,WL,flash_sample,48,29.048,1,110,0,1,1,1,0,1,1,0,765,29048,0.035136,0.03172,-1.027728,0.052085,-0.041668,-1.35421,-2.03,0.07,2.94,52.87890625,98337,53.04,251.787567139,5.124,57 4c 01 6e 00 00 02 fd 00 00 71 78 00 48 00 41 f7 c6 00 05 ff fc ff 7e ff e3 00 01 00 2a 1b e1 00 01 80 21 00 00 14 b8 43 7b c9 9e 00 00 14 04
766,36768,WL,flash_sample,48,29.068,1,102,0,1,1,0,0,1,1,0,766,29068,0.035136,0.031232,-1.029192,0.041668,0.0,-1.364627,-3.01,1.19,3.15,52.828125,98333,53.09,252.131057739,5.124,57 4c 01 66 00 00 02 fe 00 00 71 8c 00 48 00 40 f7 c3 00 04 00 00 ff 7d ff d5 00 11 00 2d 1b d4 00 01 80 1d 00 00 14 bd 43 7c 21 8d 00 00 14 04
767,36816,WL,flash_sample,48,29.088,1,102,0,1,1,0,0,1,1,0,767,29088,0.034648,0.03172,-1.028216,0.020834,-0.020834,-1.322959,-3.29,1.82,2.59,52.84375,98332,53.12,252.215606689,5.124,57 4c 01 66 00 00 02 ff 00 00 71 a0 00 47 00 41 f7 c5 00 02 ff fe ff 81 ff d1 00 1a 00 25 1b d8 00 01 80 1c 00 00 14 c0 43 7c 37 32 00 00 14 04
768,36864,WL,flash_sample,48,29.108,1,110,0,1,1,1,0,1,1,0,768,29108,0.035624,0.03172,-1.028704,0.041668,-0.031251,-1.322959,-3.15,1.54,2.87,52.8515625,98332,53.18,252.215606689,5.124,57 4c 01 6e 00 00 03 00 00 00 71 b4 00 49 00 41 f7 c4 00 04 ff fd ff 81 ff d3 00 16 00 29 1b da 00 01 80 1c 00 00 14 c6 43 7c 37 32 00 00 14 04
769,36912,WL,flash_sample,48,29.129,1,110,0,1,1,1,0,1,1,0,769,29129,0.035624,0.03172,-1.028704,0.020834,0.020834,-1.343793,-3.15,1.54,2.87,52.88671875,98331,53.22,252.300170898,5.124,57 4c 01 6e 00 00 03 01 00 00 71 c9 00 49 00 41 f7 c4 00 02 00 02 ff 7f ff d3 00 16 00 29 1b e3 00 01 80 1b 00 00 14 ca 43 7c 4c d8 00 00 14 04
770,36960,WL,flash_sample,48,29.148,1,110,0,1,1,1,0,1,1,0,770,29148,0.035624,0.031232,-1.028704,0.020834,-0.010417,-1.375044,-3.15,1.54,2.8,52.8515625,98337,53.26,251.787567139,5.124,57 4c 01 6e 00 00 03 02 00 00 71 dc 00 49 00 40 f7 c4 00 02 ff ff ff 7c ff d3 00 16 00 28 1b da 00 01 80 21 00 00 14 ce 43 7b c9 9e 00 00 14 04
771,37008,WL,flash_sample,48,29.168,1,110,0,1,1,1,0,1,1,0,771,29168,0.036112,0.032208,-1.028704,0.020834,0.0,-1.333376,-3.15,1.54,2.87,52.828125,98339,53.29,251.618453979,5.124,57 4c 01 6e 00 00 03 03 00 00 71 f0 00 4a 00 42 f7 c4 00 02 00 00 ff 80 ff d3 00 16 00 29 1b d4 00 01 80 23 00 00 14 d1 43 7b 9e 53 00 00 14 04
772,37056,WL,flash_sample,48,29.188,1,102,0,1,1,0,0,1,1,0,772,29188,0.035624,0.03172,-1.028216,0.062502,-0.010417,-1.364627,-3.15,1.54,2.87,52.90234375,98340,53.33,251.533905029,5.124,57 4c 01 66 00 00 03 04 00 00 72 04 00 49 00 41 f7 c5 00 06 ff ff ff 7d ff d3 00 16 00 29 1b e7 00 01 80 24 00 00 14 d5 43 7b 88 ae 00 00 14 04
773,37104,WL,flash_sample,48,29.208,1,102,0,1,1,0,0,1,1,0,773,29208,0.035624,0.03172,-1.028216,0.062502,-0.010417,-1.364627,-3.15,1.54,2.87,52.90234375,98340,53.33,251.533905029,5.124,57 4c 01 66 00 00 03 05 00 00 72 18 00 49 00 41 f7 c5 00 06 ff ff ff 7d ff d3 00 16 00 29 1b e7 00 01 80 24 00 00 14 d5 43 7b 88 ae 00 00 14 04
774,37152,WL,flash_sample,48,29.228,1,102,0,1,1,0,0,1,1,0,774,29228,0.035624,0.03172,-1.028216,0.062502,-0.010417,-1.364627,-3.15,1.54,2.87,52.90234375,98340,53.33,251.533905029,5.124,57 4c 01 66 00 00 03 06 00 00 72 2c 00 49 00 41 f7 c5 00 06 ff ff ff 7d ff d3 00 16 00 29 1b e7 00 01 80 24 00 00 14 d5 43 7b 88 ae 00 00 14 04
775,37200,WL,flash_sample,48,29.248,1,103,1,1,1,0,0,1,1,0,775,29248,0.035624,0.03172,-1.028216,0.062502,-0.010417,-1.364627,-3.15,1.54,2.87,52.90234375,98340,53.33,251.533905029,5.124,57 4c 01 67 00 00 03 07 00 00 72 40 00 49 00 41 f7 c5 00 06 ff ff ff 7d ff d3 00 16 00 29 1b e7 00 01 80 24 00 00 14 d5 43 7b 88 ae 00 00 14 04
776,37248,WL,flash_sample,48,29.271,1,65,1,0,0,0,0,0,1,0,776,29271,0.035136,0.03172,-1.027728,0.020834,-0.010417,-1.343793,-0.35,-1.05,0.91,52.89453125,98340,53.33,251.533905029,5.156,57 4c 01 41 00 00 03 08 00 00 72 57 00 48 00 41 f7 c6 00 02 ff ff ff 7f ff fb ff f1 00 0d 1b e5 00 01 80 24 00 00 14 d5 43 7b 88 ae 00 00 14 24
777,37296,WL,flash_sample,48,29.288,1,111,1,1,1,1,0,1,1,0,777,29288,0.034648,0.031232,-1.026752,0.052085,-0.010417,-1.343793,-1.47,-0.42,2.24,52.8515625,98386,53.36,247.610122681,5.156,57 4c 01 6f 00 00 03 09 00 00 72 68 00 47 00 40 f7 c8 00 05 ff ff ff 7f ff eb ff fa 00 20 1b da 00 01 80 52 00 00 14 d8 43 77 9c 31 00 00 14 24
778,37344,WL,flash_sample,48,29.308,1,103,1,1,1,0,0,1,1,0,778,29308,0.035136,0.03172,-1.028704,0.052085,-0.052085,-1.343793,-2.38,0.35,3.22,52.84375,98337,53.17,251.787567139,5.156,57 4c 01 67 00 00 03 0a 00 00 72 7c 00 48 00 41 f7 c4 00 05 ff fb ff 7f ff de 00 05 00 2e 1b d8 00 01 80 21 00 00 14 c5 43 7b c9 9e 00 00 14 24
779,37392,WL,flash_sample,48,29.328,1,103,1,1,1,0,0,1,1,0,779,29328,0.035136,0.031232,-1.028704,0.083336,-0.052085,-1.333376,-3.15,1.47,2.87,52.87890625,98334,53.21,252.043869019,5.132,57 4c 01 67 00 00 03 0b 00 00 72 90 00 48 00 40 f7 c4 00 08 ff fb ff 80 ff d3 00 15 00 29 1b e1 00 01 80 1e 00 00 14 c9 43 7c 0b 3b 00 00 14 0c
780,37440,WL,flash_sample,48,29.348,1,111,1,1,1,1,0,1,1,0,780,29348,0.035624,0.031232,-1.028704,0.010417,0.010417,-1.343793,-3.15,1.54,2.87,52.86328125,98335,53.25,251.959320068,5.132,57 4c 01 6f 00 00 03 0c 00 00 72 a4 00 49 00 40 f7 c4 00 01 00 01 ff 7f ff d3 00 16 00 29 1b dd 00 01 80 1f 00 00 14 cd 43 7b f5 96 00 00 14 0c
781,37488,WL,flash_sample,48,29.369,1,111,1,1,1,1,0,1,1,0,781,29369,0.035624,0.03172,-1.027728,0.041668,-0.010417,-1.375044,-3.22,1.47,2.8,52.87109375,98334,53.29,252.043869019,5.132,57 4c 01 6f 00 00 03 0d 00 00 72 b9 00 49 00 41 f7 c6 00 04 ff ff ff 7c ff d2 00 15 00 28 1b df 00 01 80 1e 00 00 14 d1 43 7c 0b 3b 00 00 14 0c
782,37536,WL,flash_sample,48,29.388,1,111,1,1,1,1,0,1,1,0,782,29388,0.034648,0.03172,-1.028216,0.062502,-0.020834,-1.302125,-3.22,1.54,2.8,52.91015625,98338,53.32,251.703018188,5.132,57 4c 01 6f 00 00 03 0e 00 00 72 cc 00 47 00 41 f7 c5 00 06 ff fe ff 83 ff d2 00 16 00 28 1b e9 00 01 80 22 00 00 14 d4 43 7b b3 f9 00 00 14 0c
783,37584,WL,flash_sample,48,29.408,1,103,1,1,1,0,0,1,1,0,783,29408,0.035624,0.031232,-1.029192,0.072919,-0.020834,-1.343793,-3.15,1.54,2.87,52.91015625,98339,53.35,251.618453979,5.132,57 4c 01 67 00 00 03 0f 00 00 72 e0 00 49 00 40 f7 c3 00 07 ff fe ff 7f ff d3 00 16 00 29 1b e9 00 01 80 23 00 00 14 d7 43 7b 9e 53 00 00 14 0c
784,37632,WL,flash_sample,48,29.428,1,103,1,1,1,0,0,1,1,0,784,29428,0.035136,0.03172,-1.029192,0.041668,0.0,-1.322959,-3.15,1.54,2.87,52.8515625,98337,53.38,251.787567139,5.132,57 4c 01 67 00 00 03 10 00 00 72 f4 00 48 00 41 f7 c3 00 04 00 00 ff 81 ff d3 00 16 00 29 1b da 00 01 80 21 00 00 14 da 43 7b c9 9e 00 00 14 0c
785,37680,WL,flash_sample,48,29.448,1,111,1,1,1,1,0,1,1,0,785,29448,0.035624,0.032208,-1.028216,0.041668,-0.020834,-1.343793,-3.22,1.54,2.87,52.89453125,98338,53.41,251.703018188,5.132,57 4c 01 6f 00 00 03 11 00 00 73 08 00 49 00 42 f7 c5 00 04 ff fe ff 7f ff d2 00 16 00 29 1b e5 00 01 80 22 00 00 14 dd 43 7b b3 f9 00 00 14 0c
786,37728,WL,flash_sample,48,29.468,1,111,1,1,1,1,0,1,1,0,786,29468,0.035624,0.032208,-1.028216,0.041668,-0.020834,-1.343793,-3.22,1.54,2.87,52.89453125,98338,53.41,251.703018188,5.132,57 4c 01 6f 00 00 03 12 00 00 73 1c 00 49 00 42 f7 c5 00 04 ff fe ff 7f ff d2 00 16 00 29 1b e5 00 01 80 22 00 00 14 dd 43 7b b3 f9 00 00 14 0c
787,37776,WL,flash_sample,48,29.488,1,111,1,1,1,1,0,1,1,0,787,29488,0.035624,0.032208,-1.028216,0.041668,-0.020834,-1.343793,-3.22,1.54,2.87,52.89453125,98338,53.41,251.703018188,5.132,57 4c 01 6f 00 00 03 13 00 00 73 30 00 49 00 42 f7 c5 00 04 ff fe ff 7f ff d2 00 16 00 29 1b e5 00 01 80 22 00 00 14 dd 43 7b b3 f9 00 00 14 0c
788,37824,WL,flash_sample,48,29.508,1,111,1,1,1,1,0,1,1,0,788,29508,0.035624,0.032208,-1.028216,0.041668,-0.020834,-1.343793,-3.22,1.54,2.87,52.89453125,98338,53.41,251.703018188,5.132,57 4c 01 6f 00 00 03 14 00 00 73 44 00 49 00 42 f7 c5 00 04 ff fe ff 7f ff d2 00 16 00 29 1b e5 00 01 80 22 00 00 14 dd 43 7b b3 f9 00 00 14 0c
789,37872,WL,flash_sample,48,29.528,1,111,1,1,1,1,0,1,1,0,789,29528,0.035136,0.030744,-1.027728,0.031251,-0.010417,-1.333376,-0.28,-0.7,0.56,52.86328125,98338,53.41,251.703018188,5.132,57 4c 01 6f 00 00 03 15 00 00 73 58 00 48 00 3f f7 c6 00 03 ff ff ff 80 ff fc ff f6 00 08 1b dd 00 01 80 22 00 00 14 dd 43 7b b3 f9 00 00 14 0c
790,37920,WL,flash_sample,48,29.548,1,111,1,1,1,1,0,1,1,0,790,29548,0.035136,0.030744,-1.027728,0.031251,-0.010417,-1.333376,-0.28,-0.7,0.56,52.86328125,98338,53.41,251.703018188,5.132,57 4c 01 6f 00 00 03 16 00 00 73 6c 00 48 00 3f f7 c6 00 03 ff ff ff 80 ff fc ff f6 00 08 1b dd 00 01 80 22 00 00 14 dd 43 7b b3 f9 00 00 14 0c
791,37968,WL,flash_sample,48,29.568,1,111,1,1,1,1,0,1,1,0,791,29568,0.035136,0.030744,-1.027728,0.031251,-0.010417,-1.333376,-0.28,-0.7,0.56,52.86328125,98338,53.41,251.703018188,5.132,57 4c 01 6f 00 00 03 17 00 00 73 80 00 48 00 3f f7 c6 00 03 ff ff ff 80 ff fc ff f6 00 08 1b dd 00 01 80 22 00 00 14 dd 43 7b b3 f9 00 00 14 0c
792,38016,WL,flash_sample,48,29.588,1,111,1,1,1,1,0,1,1,0,792,29588,0.035136,0.030744,-1.027728,0.031251,-0.010417,-1.333376,-0.28,-0.7,0.56,52.86328125,98338,53.41,251.703018188,5.132,57 4c 01 6f 00 00 03 18 00 00 73 94 00 48 00 3f f7 c6 00 03 ff ff ff 80 ff fc ff f6 00 08 1b dd 00 01 80 22 00 00 14 dd 43 7b b3 f9 00 00 14 0c
793,38064,WL,flash_sample,48,29.608,1,111,1,1,1,1,0,1,1,0,793,29608,0.035136,0.030744,-1.027728,0.031251,-0.010417,-1.333376,-0.28,-0.7,0.56,52.86328125,98338,53.41,251.703018188,5.132,57 4c 01 6f 00 00 03 19 00 00 73 a8 00 48 00 3f f7 c6 00 03 ff ff ff 80 ff fc ff f6 00 08 1b dd 00 01 80 22 00 00 14 dd 43 7b b3 f9 00 00 14 0c
794,38112,WL,flash_sample,48,29.628,1,111,1,1,1,1,0,1,1,0,794,29628,0.035136,0.030744,-1.027728,0.031251,-0.010417,-1.333376,-0.28,-0.7,0.56,52.86328125,98338,53.41,251.703018188,5.132,57 4c 01 6f 00 00 03 1a 00 00 73 bc 00 48 00 3f f7 c6 00 03 ff ff ff 80 ff fc ff f6 00 08 1b dd 00 01 80 22 00 00 14 dd 43 7b b3 f9 00 00 14 0c
795,38160,WL,flash_sample,48,29.649,1,111,1,1,1,1,0,1,1,0,795,29649,0.035624,0.031232,-1.026752,0.020834,-0.010417,-1.322959,-0.21,0.07,-0.35,52.8515625,98388,53.45,247.43838501,5.132,57 4c 01 6f 00 00 03 1b 00 00 73 d1 00 49 00 40 f7 c8 00 02 ff ff ff 81 ff fd 00 01 ff fb 1b da 00 01 80 54 00 00 14 e1 43 77 70 3a 00 00 14 0c
796,38208,WL,flash_sample,48,29.668,1,111,1,1,1,1,0,1,1,0,796,29668,0.035624,0.031232,-1.026752,0.020834,-0.010417,-1.322959,-0.21,0.07,-0.35,52.8515625,98388,53.45,247.43838501,5.132,57 4c 01 6f 00 00 03 1c 00 00 73 e4 00 49 00 40 f7 c8 00 02 ff ff ff 81 ff fd 00 01 ff fb 1b da 00 01 80 54 00 00 14 e1 43 77 70 3a 00 00 14 0c
797,38256,WL,flash_sample,48,29.688,1,111,1,1,1,1,0,1,1,0,797,29688,0.035624,0.031232,-1.026752,0.020834,-0.010417,-1.322959,-0.21,0.07,-0.35,52.8515625,98388,53.45,247.43838501,5.132,57 4c 01 6f 00 00 03 1d 00 00 73 f8 00 49 00 40 f7 c8 00 02 ff ff ff 81 ff fd 00 01 ff fb 1b da 00 01 80 54 00 00 14 e1 43 77 70 3a 00 00 14 0c
798,38304,WL,flash_sample,48,29.708,1,111,1,1,1,1,0,1,1,0,798,29708,0.034648,0.031232,-1.02724,0.041668,0.010417,-1.35421,-0.21,-0.07,-0.21,52.89453125,98388,53.45,247.43838501,5.132,57 4c 01 6f 00 00 03 1e 00 00 74 0c 00 47 00 40 f7 c7 00 04 00 01 ff 7e ff fd ff ff ff fd 1b e5 00 01 80 54 00 00 14 e1 43 77 70 3a 00 00 14 0c
799,38352,WL,flash_sample,48,29.728,1,111,1,1,1,1,0,1,1,0,799,29728,0.034648,0.031232,-1.02724,0.041668,0.010417,-1.35421,-0.21,-0.07,-0.21,52.89453125,98388,53.45,247.43838501,5.132,57 4c 01 6f 00 00 03 1f 00 00 74 20 00 47 00 40 f7 c7 00 04 00 01 ff 7e ff fd ff ff ff fd 1b e5 00 01 80 54 00 00 14 e1 43 77 70 3a 00 00 14 0c
800,38400,WL,flash_sample,48,29.748,1,111,1,1,1,1,0,1,1,0,800,29748,0.034648,0.031232,-1.02724,0.041668,0.010417,-1.35421,-0.21,-0.07,-0.21,52.89453125,98388,53.45,247.43838501,5.132,57 4c 01 6f 00 00 03 20 00 00 74 34 00 47 00 40 f7 c7 00 04 00 01 ff 7e ff fd ff ff ff fd 1b e5 00 01 80 54 00 00 14 e1 43 77 70 3a 00 00 14 0c
801,38448,WL,flash_sample,48,29.768,1,111,1,1,1,1,0,1,1,0,801,29768,0.034648,0.031232,-1.02724,0.041668,0.010417,-1.35421,-0.21,-0.07,-0.21,52.89453125,98388,53.45,247.43838501,5.132,57 4c 01 6f 00 00 03 21 00 00 74 48 00 47 00 40 f7 c7 00 04 00 01 ff 7e ff fd ff ff ff fd 1b e5 00 01 80 54 00 00 14 e1 43 77 70 3a 00 00 14 0c
802,38496,WL,flash_sample,48,29.788,1,97,1,0,0,0,0,1,1,0,802,29788,0.035624,0.031232,-1.02724,0.062502,-0.031251,-1.322959,-0.42,-0.98,1.19,52.91015625,98348,52.9,250.849563599,5.124,57 4c 01 61 00 00 03 22 00 00 74 5c 00 49 00 40 f7 c7 00 06 ff fd ff 81 ff fa ff f2 00 11 1b e9 00 01 80 2c 00 00 14 aa 43 7a d9 7d 00 00 14 04
803,38544,WL,flash_sample,48,29.808,1,103,1,1,1,0,0,1,1,0,803,29808,0.034648,0.03172,-1.027728,0.020834,-0.031251,-1.375044,-1.68,-0.28,2.38,52.90234375,98323,52.75,252.981872559,5.124,57 4c 01 67 00 00 03 23 00 00 74 70 00 47 00 41 f7 c6 00 02 ff fd ff 7c ff e8 ff fc 00 22 1b e7 00 01 80 13 00 00 14 9b 43 7c fb 5c 00 00 14 04
804,38592,WL,flash_sample,48,29.828,1,111,1,1,1,1,0,1,1,0,804,29828,0.035136,0.031232,-1.028216,0.041668,-0.010417,-1.35421,-3.08,1.26,3.08,52.90234375,98325,52.84,252.812774658,5.14,57 4c 01 6f 00 00 03 24 00 00 74 84 00 48 00 40 f7 c5 00 04 ff ff ff 7e ff d4 00 12 00 2c 1b e7 00 01 80 15 00 00 14 a4 43 7c d0 12 00 00 14 14
805,38640,WL,flash_sample,48,29.848,1,111,1,1,1,1,0,1,1,0,805,29848,0.035624,0.031232,-1.028704,0.020834,-0.041668,-1.312542,-3.15,1.54,2.8,52.90234375,98323,52.91,252.981872559,5.14,57 4c 01 6f 00 00 03 25 00 00 74 98 00 49 00 40 f7 c4 00 02 ff fc ff 82 ff d3 00 16 00 28 1b e7 00 01 80 13 00 00 14 ab 43 7c fb 5c 00 00 14 14
806,38688,WL,flash_sample,48,29.868,1,111,1,1,1,1,0,1,1,0,806,29868,0.034648,0.032696,-1.028216,0.031251,-0.010417,-1.333376,-3.15,1.54,2.8,52.87109375,98325,52.97,252.812774658,5.14,57 4c 01 6f 00 00 03 26 00 00 74 ac 00 47 00 43 f7 c5 00 03 ff ff ff 80 ff d3 00 16 00 28 1b df 00 01 80 15 00 00 14 b1 43 7c d0 12 00 00 14 14
807,38736,WL,flash_sample,48,29.888,1,103,1,1,1,0,0,1,1,0,807,29888,0.035624,0.032208,-1.028704,0.083336,-0.020834,-1.364627,-3.15,1.61,2.8,52.9140625,98328,53.03,252.556472778,5.14,57 4c 01 67 00 00 03 27 00 00 74 c0 00 49 00 42 f7 c4 00 08 ff fe ff 7d ff d3 00 17 00 28 1b ea 00 01 80 18 00 00 14 b7 43 7c 8e 75 00 00 14 14
808,38784,WL,flash_sample,48,29.908,1,103,1,1,1,0,0,1,1,0,808,29908,0.035136,0.032696,-1.028704,0.020834,-0.020834,-1.35421,-3.08,1.54,2.8,52.9140625,98327,53.09,252.641021729,5.14,57 4c 01 67 00 00 03 28 00 00 74 d4 00 48 00 43 f7 c4 00 02 ff fe ff 7e ff d4 00 16 00 28 1b ea 00 01 80 17 00 00 14 bd 43 7c a4 1a 00 00 14 14
809,38832,WL,flash_sample,48,29.928,1,111,1,1,1,1,0,1,1,0,809,29928,0.035136,0.032208,-1.028704,0.052085,-0.010417,-1.333376,-3.15,1.54,2.87,52.9140625,98332,53.14,252.215606689,5.136,57 4c 01 6f 00 00 03 29 00 00 74 e8 00 48 00 42 f7 c4 00 05 ff ff ff 80 ff d3 00 16 00 29 1b ea 00 01 80 1c 00 00 14 c2 43 7c 37 32 00 00 14 10
810,38880,WL,flash_sample,48,29.948,1,111,1,1,1,1,0,1,1,0,810,29948,0.035624,0.03172,-1.027728,0.041668,-0.020834,-1.333376,-3.22,1.54,2.8,52.9296875,98331,53.19,252.300170898,5.136,57 4c 01 6f 00 00 03 2a 00 00 74 fc 00 49 00 41 f7 c6 00 04 ff fe ff 80 ff d2 00 16 00 28 1b ee 00 01 80 1b 00 00 14 c7 43 7c 4c d8 00 00 14 10
811,38928,WL,flash_sample,48,29.968,1,111,1,1,1,1,0,1,1,0,811,29968,0.035624,0.03172,-1.027728,0.041668,-0.020834,-1.333376,-3.22,1.54,2.8,52.9296875,98331,53.19,252.300170898,5.136,57 4c 01 6f 00 00 03 2b 00 00 75 10 00 49 00 41 f7 c6 00 04 ff fe ff 80 ff d2 00 16 00 28 1b ee 00 01 80 1b 00 00 14 c7 43 7c 4c d8 00 00 14 10
812,38976,WL,flash_sample,48,29.988,1,111,1,1,1,1,0,1,1,0,812,29988,0.035624,0.03172,-1.027728,0.041668,-0.020834,-1.333376,-3.22,1.54,2.8,52.9296875,98331,53.19,252.300170898,5.136,57 4c 01 6f 00 00 03 2c 00 00 75 24 00 49 00 41 f7 c6 00 04 ff fe ff 80 ff d2 00 16 00 28 1b ee 00 01 80 1b 00 00 14 c7 43 7c 4c d8 00 00 14 10
813,39024,WL,flash_sample,48,30.008,1,111,1,1,1,1,0,1,1,0,813,30008,0.035624,0.03172,-1.027728,0.041668,-0.020834,-1.333376,-3.22,1.54,2.8,52.9296875,98331,53.19,252.300170898,5.136,57 4c 01 6f 00 00 03 2d 00 00 75 38 00 49 00 41 f7 c6 00 04 ff fe ff 80 ff d2 00 16 00 28 1b ee 00 01 80 1b 00 00 14 c7 43 7c 4c d8 00 00 14 10
814,39072,WL,flash_sample,48,30.031,1,111,1,1,1,1,0,1,1,0,814,30031,0.035136,0.030744,-1.026752,0.020834,-0.062502,-1.322959,-0.35,-0.98,0.98,52.91015625,98336,53.24,251.874755859,5.124,57 4c 01 6f 00 00 03 2e 00 00 75 4f 00 48 00 3f f7 c8 00 02 ff fa ff 81 ff fb ff f2 00 0e 1b e9 00 01 80 20 00 00 14 cc 43 7b df f0 00 00 14 04
815,39120,WL,flash_sample,48,30.048,1,111,1,1,1,1,0,1,1,0,815,30048,0.034648,0.031232,-1.027728,0.041668,-0.020834,-1.35421,-1.4,-0.42,2.31,52.91015625,98331,53.07,252.300170898,5.124,57 4c 01 6f 00 00 03 2f 00 00 75 60 00 47 00 40 f7 c6 00 04 ff fe ff 7e ff ec ff fa 00 21 1b e9 00 01 80 1b 00 00 14 bb 43 7c 4c d8 00 00 14 04
816,39168,WL,flash_sample,48,30.068,1,111,1,1,1,1,0,1,1,0,816,30068,0.036112,0.03172,-1.028704,0.083336,-0.020834,-1.343793,-2.52,0.35,3.22,52.94140625,98332,53.13,252.215606689,5.124,57 4c 01 6f 00 00 03 30 00 00 75 74 00 4a 00 41 f7 c4 00 08 ff fe ff 7f ff dc 00 05 00 2e 1b f1 00 01 80 1c 00 00 14 c1 43 7c 37 32 00 00 14 04
817,39216,WL,flash_sample,48,30.088,1,111,1,1,1,1,0,1,1,0,817,30088,0.035624,0.030744,-1.028704,0.031251,-0.031251,-1.343793,-3.29,1.75,2.66,52.91796875,98333,53.17,252.131057739,5.124,57 4c 01 6f 00 00 03 31 00 00 75 88 00 49 00 3f f7 c4 00 03 ff fd ff 7f ff d1 00 19 00 26 1b eb 00 01 80 1d 00 00 14 c5 43 7c 21 8d 00 00 14 04
818,39264,WL,flash_sample,48,30.108,1,111,1,1,1,1,0,1,1,0,818,30108,0.035624,0.031232,-1.028216,0.052085,-0.010417,-1.333376,-3.22,1.47,2.87,52.9375,98333,53.22,252.131057739,5.124,57 4c 01 6f 00 00 03 32 00 00 75 9c 00 49 00 40 f7 c5 00 05 ff ff ff 80 ff d2 00 15 00 29 1b f0 00 01 80 1d 00 00 14 ca 43 7c 21 8d 00 00 14 04
819,39312,WL,flash_sample,48,30.129,1,103,1,1,1,0,0,1,1,0,819,30129,0.035624,0.03172,-1.028216,0.052085,0.0,-1.322959,-3.15,1.54,2.87,52.9296875,98331,53.27,252.300170898,5.132,57 4c 01 67 00 00 03 33 00 00 75 b1 00 49 00 41 f7 c5 00 05 00 00 ff 81 ff d3 00 16 00 29 1b ee 00 01 80 1b 00 00 14 cf 43 7c 4c d8 00 00 14 0c
820,39360,WL,flash_sample,48,30.148,1,103,1,1,1,0,0,1,1,0,820,30148,0.036112,0.03172,-1.028704,0.020834,-0.010417,-1.343793,-3.08,1.54,2.87,52.953125,98338,53.31,251.703018188,5.132,57 4c 01 67 00 00 03 34 00 00 75 c4 00 4a 00 41 f7 c4 00 02 ff ff ff 7f ff d4 00 16 00 29 1b f4 00 01 80 22 00 00 14 d3 43 7b b3 f9 00 00 14 0c
821,39408,WL,flash_sample,48,30.168,1,111,1,1,1,1,0,1,1,0,821,30168,0.035136,0.032208,-1.029192,-0.010417,-0.031251,-1.343793,-3.15,1.54,2.8,52.9609375,98335,53.35,251.959320068,5.132,57 4c 01 6f 00 00 03 35 00 00 75 d8 00 48 00 42 f7 c3 ff ff ff fd ff 7f ff d3 00 16 00 28 1b f6 00 01 80 1f 00 00 14 d7 43 7b f5 96 00 00 14 0c
822,39456,WL,flash_sample,48,30.188,1,111,1,1,1,1,0,1,1,0,822,30188,0.035624,0.03172,-1.02968,0.020834,0.010417,-1.333376,-3.15,1.54,2.8,52.9375,98338,53.38,251.703018188,5.132,57 4c 01 6f 00 00 03 36 00 00 75 ec 00 49 00 41 f7 c2 00 02 00 01 ff 80 ff d3 00 16 00 28 1b f0 00 01 80 22 00 00 14 da 43 7b b3 f9 00 00 14 0c
823,39504,WL,flash_sample,48,30.208,1,103,1,1,1,0,0,1,1,0,823,30208,0.036112,0.03172,-1.028704,0.052085,0.0,-1.364627,-3.15,1.54,2.87,52.9375,98338,53.38,251.703018188,5.132,57 4c 01 67 00 00 03 37 00 00 76 00 00 4a 00 41 f7 c4 00 05 00 00 ff 7d ff d3 00 16 00 29 1b f0 00 01 80 22 00 00 14 da 43 7b b3 f9 00 00 14 0c
824,39552,WL,flash_sample,48,30.228,1,103,1,1,1,0,0,1,1,0,824,30228,0.036112,0.03172,-1.028704,0.052085,0.0,-1.364627,-3.15,1.54,2.87,52.9375,98338,53.38,251.703018188,5.132,57 4c 01 67 00 00 03 38 00 00 76 14 00 4a 00 41 f7 c4 00 05 00 00 ff 7d ff d3 00 16 00 29 1b f0 00 01 80 22 00 00 14 da 43 7b b3 f9 00 00 14 0c
825,39600,WL,flash_sample,48,30.248,1,102,0,1,1,0,0,1,1,0,825,30248,0.036112,0.03172,-1.028704,0.052085,0.0,-1.364627,-3.15,1.54,2.87,52.9375,98338,53.38,251.703018188,5.132,57 4c 01 66 00 00 03 39 00 00 76 28 00 4a 00 41 f7 c4 00 05 00 00 ff 7d ff d3 00 16 00 29 1b f0 00 01 80 22 00 00 14 da 43 7b b3 f9 00 00 14 0c
826,39648,WL,flash_sample,48,30.268,1,102,0,1,1,0,0,1,1,0,826,30268,0.036112,0.03172,-1.028704,0.052085,0.0,-1.364627,-3.15,1.54,2.87,52.9375,98338,53.38,251.703018188,5.132,57 4c 01 66 00 00 03 3a 00 00 76 3c 00 4a 00 41 f7 c4 00 05 00 00 ff 7d ff d3 00 16 00 29 1b f0 00 01 80 22 00 00 14 da 43 7b b3 f9 00 00 14 0c
827,39696,WL,flash_sample,48,30.288,1,110,0,1,1,1,0,1,1,0,827,30288,0.035136,0.031232,-1.027728,0.052085,-0.010417,-1.343793,-0.84,-0.84,1.54,52.9296875,98346,53.42,251.02130127,5.132,57 4c 01 6e 00 00 03 3b 00 00 76 50 00 48 00 40 f7 c6 00 05 ff ff ff 7f ff f4 ff f4 00 16 1b ee 00 01 80 2a 00 00 14 de 43 7b 05 74 00 00 14 0c
828,39744,WL,flash_sample,48,30.308,1,110,0,1,1,1,0,1,1,0,828,30308,0.035624,0.030744,-1.02968,0.020834,0.020834,-1.375044,-1.82,-0.07,2.66,52.91796875,98337,53.2,251.787567139,5.132,57 4c 01 6e 00 00 03 3c 00 00 76 64 00 49 00 3f f7 c2 00 02 00 02 ff 7c ff e6 ff ff 00 26 1b eb 00 01 80 21 00 00 14 c8 43 7b c9 9e 00 00 14 0c
829,39792,WL,flash_sample,48,30.328,1,110,0,1,1,1,0,1,1,0,829,30328,0.034648,0.032208,-1.028216,0.052085,0.010417,-1.343793,-2.8,0.7,3.43,52.96875,98338,53.26,251.703018188,5.144,57 4c 01 6e 00 00 03 3d 00 00 76 78 00 47 00 42 f7 c5 00 05 00 01 ff 7f ff d8 00 0a 00 31 1b f8 00 01 80 22 00 00 14 ce 43 7b b3 f9 00 00 14 18
830,39840,WL,flash_sample,48,30.348,1,102,0,1,1,0,0,1,1,0,830,30348,0.035136,0.032208,-1.028216,0.041668,-0.010417,-1.343793,-3.15,1.54,2.8,52.953125,98334,53.3,252.043869019,5.144,57 4c 01 66 00 00 03 3e 00 00 76 8c 00 48 00 42 f7 c5 00 04 ff ff ff 7f ff d3 00 16 00 28 1b f4 00 01 80 1e 00 00 14 d2 43 7c 0b 3b 00 00 14 18
831,39888,WL,flash_sample,48,30.368,1,102,0,1,1,0,0,1,1,0,831,30368,0.035136,0.032208,-1.028704,0.031251,0.0,-1.375044,-3.08,1.54,2.8,52.9296875,98337,53.34,251.787567139,5.144,57 4c 01 66 00 00 03 3f 00 00 76 a0 00 48 00 42 f7 c4 00 03 00 00 ff 7c ff d4 00 16 00 28 1b ee 00 01 80 21 00 00 14 d6 43 7b c9 9e 00 00 14 18
832,39936,WL,flash_sample,48,30.388,1,102,0,1,1,0,0,1,1,0,832,30388,0.035624,0.03172,-1.02968,0.052085,-0.010417,-1.364627,-3.15,1.54,2.87,52.9453125,98336,53.37,251.874755859,5.144,57 4c 01 66 00 00 03 40 00 00 76 b4 00 49 00 41 f7 c2 00 05 ff ff ff 7d ff d3 00 16 00 29 1b f2 00 01 80 20 00 00 14 d9 43 7b df f0 00 00 14 18
833,39984,WL,flash_sample,48,30.408,1,110,0,1,1,1,0,1,1,0,833,30408,0.0366,0.032208,-1.028704,0.062502,-0.020834,-1.333376,-3.22,1.54,2.8,52.9609375,98337,53.41,251.787567139,5.144,57 4c 01 6e 00 00 03 41 00 00 76 c8 00 4b 00 42 f7 c4 00 06 ff fe ff 80 ff d2 00 16 00 28 1b f6 00 01 80 21 00 00 14 dd 43 7b c9 9e 00 00 14 18
834,40032,WL,flash_sample,48,30.428,1,110,0,1,1,1,0,1,1,0,834,30428,0.035624,0.032208,-1.028704,0.052085,-0.031251,-1.35421,-3.22,1.54,2.87,52.9765625,98338,53.44,251.703018188,5.132,57 4c 01 6e 00 00 03 42 00 00 76 dc 00 49 00 42 f7 c4 00 05 ff fd ff 7e ff d2 00 16 00 29 1b fa 00 01 80 22 00 00 14 e0 43 7b b3 f9 00 00 14 0c
835,40080,WL,flash_sample,48,30.448,1,110,0,1,1,1,0,1,1,0,835,30448,0.035136,0.031232,-1.028216,0.031251,-0.031251,-1.312542,-3.22,1.54,2.87,52.9609375,98337,53.47,251.787567139,5.132,57 4c 01 6e 00 00 03 43 00 00 76 f0 00 48 00 40 f7 c5 00 03 ff fd ff 82 ff d2 00 16 00 29 1b f6 00 01 80 21 00 00 14 e3 43 7b c9 9e 00 00 14 0c
836,40128,WL,flash_sample,48,30.468,1,110,0,1,1,1,0,1,1,0,836,30468,0.035136,0.031232,-1.028216,0.031251,-0.031251,-1.312542,-3.22,1.54,2.87,52.9609375,98337,53.47,251.787567139,5.132,57 4c 01 6e 00 00 03 44 00 00 77 04 00 48 00 40 f7 c5 00 03 ff fd ff 82 ff d2 00 16 00 29 1b f6 00 01 80 21 00 00 14 e3 43 7b c9 9e 00 00 14 0c
837,40176,WL,flash_sample,48,30.488,1,110,0,1,1,1,0,1,1,0,837,30488,0.035136,0.031232,-1.028216,0.031251,-0.031251,-1.312542,-3.22,1.54,2.87,52.9609375,98337,53.47,251.787567139,5.132,57 4c 01 6e 00 00 03 45 00 00 77 18 00 48 00 40 f7 c5 00 03 ff fd ff 82 ff d2 00 16 00 29 1b f6 00 01 80 21 00 00 14 e3 43 7b c9 9e 00 00 14 0c
838,40224,WL,flash_sample,48,30.508,1,110,0,1,1,1,0,1,1,0,838,30508,0.035136,0.031232,-1.028216,0.031251,-0.031251,-1.312542,-3.22,1.54,2.87,52.9609375,98337,53.47,251.787567139,5.132,57 4c 01 6e 00 00 03 46 00 00 77 2c 00 48 00 40 f7 c5 00 03 ff fd ff 82 ff d2 00 16 00 29 1b f6 00 01 80 21 00 00 14 e3 43 7b c9 9e 00 00 14 0c
839,40272,WL,flash_sample,48,30.529,1,110,0,1,1,1,0,1,1,0,839,30529,0.035624,0.030744,-1.026264,0.010417,0.0,-1.35421,-0.21,-0.42,0.14,52.9296875,98343,53.5,251.277603149,5.132,57 4c 01 6e 00 00 03 47 00 00 77 41 00 49 00 3f f7 c9 00 01 00 00 ff 7e ff fd ff fa 00 02 1b ee 00 01 80 27 00 00 14 e6 43 7b 47 11 00 00 14 0c
840,40320,WL,flash_sample,48,30.548,1,110,0,1,1,1,0,1,1,0,840,30548,0.035624,0.030744,-1.026264,0.010417,0.0,-1.35421,-0.21,-0.42,0.14,52.9296875,98343,53.5,251.277603149,5.132,57 4c 01 6e 00 00 03 48 00 00 77 54 00 49 00 3f f7 c9 00 01 00 00 ff 7e ff fd ff fa 00 02 1b ee 00 01 80 27 00 00 14 e6 43 7b 47 11 00 00 14 0c
841,40368,WL,flash_sample,48,30.568,1,110,0,1,1,1,0,1,1,0,841,30568,0.035624,0.030744,-1.026264,0.010417,0.0,-1.35421,-0.21,-0.42,0.14,52.9296875,98343,53.5,251.277603149,5.132,57 4c 01 6e 00 00 03 49 00 00 77 68 00 49 00 3f f7 c9 00 01 00 00 ff 7e ff fd ff fa 00 02 1b ee 00 01 80 27 00 00 14 e6 43 7b 47 11 00 00 14 0c
842,40416,WL,flash_sample,48,30.588,1,110,0,1,1,1,0,1,1,0,842,30588,0.035624,0.030744,-1.026264,0.010417,0.0,-1.35421,-0.21,-0.42,0.14,52.9296875,98343,53.5,251.277603149,5.132,57 4c 01 6e 00 00 03 4a 00 00 77 7c 00 49 00 3f f7 c9 00 01 00 00 ff 7e ff fd ff fa 00 02 1b ee 00 01 80 27 00 00 14 e6 43 7b 47 11 00 00 14 0c
843,40464,WL,flash_sample,48,30.608,1,110,0,1,1,1,0,1,1,0,843,30608,0.035624,0.030744,-1.026264,0.010417,0.0,-1.35421,-0.21,-0.42,0.14,52.9296875,98343,53.5,251.277603149,5.132,57 4c 01 6e 00 00 03 4b 00 00 77 90 00 49 00 3f f7 c9 00 01 00 00 ff 7e ff fd ff fa 00 02 1b ee 00 01 80 27 00 00 14 e6 43 7b 47 11 00 00 14 0c
844,40512,WL,flash_sample,48,30.628,1,110,0,1,1,1,0,1,1,0,844,30628,0.035624,0.030744,-1.026264,0.010417,0.0,-1.35421,-0.21,-0.42,0.14,52.9296875,98343,53.5,251.277603149,5.132,57 4c 01 6e 00 00 03 4c 00 00 77 a4 00 49 00 3f f7 c9 00 01 00 00 ff 7e ff fd ff fa 00 02 1b ee 00 01 80 27 00 00 14 e6 43 7b 47 11 00 00 14 0c
845,40560,WL,flash_sample,48,30.648,1,110,0,1,1,1,0,1,1,0,845,30648,0.035624,0.030744,-1.026264,0.010417,0.0,-1.35421,-0.21,-0.42,0.14,52.9296875,98343,53.5,251.277603149,5.132,57 4c 01 6e 00 00 03 4d 00 00 77 b8 00 49 00 3f f7 c9 00 01 00 00 ff 7e ff fd ff fa 00 02 1b ee 00 01 80 27 00 00 14 e6 43 7b 47 11 00 00 14 0c
846,40608,WL,flash_sample,48,30.668,1,110,0,1,1,1,0,1,1,0,846,30668,0.035136,0.03172,-1.029192,0.083336,-0.010417,-1.312542,-0.21,0.0,-0.35,52.95703125,98343,53.5,251.277603149,5.132,57 4c 01 6e 00 00 03 4e 00 00 77 cc 00 48 00 41 f7 c3 00 08 ff ff ff 82 ff fd 00 00 ff fb 1b f5 00 01 80 27 00 00 14 e6 43 7b 47 11 00 00 14 0c
847,40656,WL,flash_sample,48,30.688,1,110,0,1,1,1,0,1,1,0,847,30688,0.035136,0.03172,-1.029192,0.083336,-0.010417,-1.312542,-0.21,0.0,-0.35,52.95703125,98343,53.5,251.277603149,5.132,57 4c 01 6e 00 00 03 4f 00 00 77 e0 00 48 00 41 f7 c3 00 08 ff ff ff 82 ff fd 00 00 ff fb 1b f5 00 01 80 27 00 00 14 e6 43 7b 47 11 00 00 14 0c
848,40704,WL,flash_sample,48,30.709,1,110,0,1,1,1,0,1,1,0,848,30709,0.035136,0.032208,-1.02968,0.041668,0.031251,-1.35421,-0.21,0.0,-0.35,52.9140625,98396,53.27,246.756668091,5.132,57 4c 01 6e 00 00 03 50 00 00 77 f5 00 48 00 42 f7 c2 00 04 00 03 ff 7e ff fd 00 00 ff fb 1b ea 00 01 80 5c 00 00 14 cf 43 76 c1 b5 00 00 14 0c
849,40752,WL,flash_sample,48,30.728,1,110,0,1,1,1,0,1,1,0,849,30728,0.035136,0.032208,-1.02968,0.041668,0.031251,-1.35421,-0.21,0.0,-0.35,52.9140625,98396,53.27,246.756668091,5.132,57 4c 01 6e 00 00 03 51 00 00 78 08 00 48 00 42 f7 c2 00 04 00 03 ff 7e ff fd 00 00 ff fb 1b ea 00 01 80 5c 00 00 14 cf 43 76 c1 b5 00 00 14 0c
850,40800,WL,flash_sample,48,30.748,1,110,0,1,1,1,0,1,1,0,850,30748,0.035136,0.032208,-1.02968,0.041668,0.031251,-1.35421,-0.21,0.0,-0.35,52.9140625,98396,53.27,246.756668091,5.132,57 4c 01 6e 00 00 03 52 00 00 78 1c 00 48 00 42 f7 c2 00 04 00 03 ff 7e ff fd 00 00 ff fb 1b ea 00 01 80 5c 00 00 14 cf 43 76 c1 b5 00 00 14 0c
851,40848,WL,flash_sample,48,30.768,1,110,0,1,1,1,0,1,1,0,851,30768,0.035136,0.032208,-1.02968,0.041668,0.031251,-1.35421,-0.21,0.0,-0.35,52.9140625,98396,53.27,246.756668091,5.132,57 4c 01 6e 00 00 03 53 00 00 78 30 00 48 00 42 f7 c2 00 04 00 03 ff 7e ff fd 00 00 ff fb 1b ea 00 01 80 5c 00 00 14 cf 43 76 c1 b5 00 00 14 0c
852,40896,WL,flash_sample,48,30.793,1,96,0,0,0,0,0,1,1,0,852,30793,0.035624,0.030744,-1.028216,0.052085,0.0,-1.312542,-0.35,-1.05,1.05,53.01171875,98396,53.27,246.756668091,5.156,57 4c 01 60 00 00 03 54 00 00 78 49 00 49 00 3f f7 c5 00 05 00 00 ff 82 ff fb ff f1 00 0f 1c 03 00 01 80 5c 00 00 14 cf 43 76 c1 b5 00 00 14 24
853,40944,WL,flash_sample,48,30.808,1,110,0,1,1,1,0,1,1,0,853,30808,0.036112,0.03172,-1.026752,0.041668,-0.041668,-1.375044,-1.47,-0.35,2.31,52.953125,98346,52.94,251.02130127,5.124,57 4c 01 6e 00 00 03 55 00 00 78 58 00 4a 00 41 f7 c8 00 04 ff fc ff 7c ff eb ff fb 00 21 1b f4 00 01 80 2a 00 00 14 ae 43 7b 05 74 00 00 14 04
854,40992,WL,flash_sample,48,30.828,1,102,0,1,1,0,0,1,1,0,854,30828,0.035624,0.032208,-1.027728,0.052085,-0.010417,-1.364627,-2.45,0.42,3.29,52.9296875,98324,52.9,252.897323608,5.132,57 4c 01 66 00 00 03 56 00 00 78 6c 00 49 00 42 f7 c6 00 05 ff ff ff 7d ff dd 00 06 00 2f 1b ee 00 01 80 14 00 00 14 aa 43 7c e5 b7 00 00 14 0c
855,41040,WL,flash_sample,48,30.848,1,102,0,1,1,0,0,1,1,0,855,30848,0.036112,0.031232,-1.028704,0.052085,-0.010417,-1.375044,-3.15,1.47,2.87,52.984375,98326,52.96,252.728210449,5.132,57 4c 01 66 00 00 03 57 00 00 78 80 00 4a 00 40 f7 c4 00 05 ff ff ff 7c ff d3 00 15 00 29 1b fc 00 01 80 16 00 00 14 b0 43 7c ba 6c 00 00 14 0c
856,41088,WL,flash_sample,48,30.868,1,110,0,1,1,1,0,1,1,0,856,30868,0.034648,0.031232,-1.028216,0.020834,-0.010417,-1.343793,-3.15,1.54,2.8,52.9296875,98327,53.03,252.641021729,5.132,57 4c 01 6e 00 00 03 58 00 00 78 94 00 47 00 40 f7 c5 00 02 ff ff ff 7f ff d3 00 16 00 28 1b ee 00 01 80 17 00 00 14 b7 43 7c a4 1a 00 00 14 0c
857,41136,WL,flash_sample,48,30.889,1,110,0,1,1,1,0,1,1,0,857,30889,0.035624,0.031232,-1.028704,0.083336,-0.031251,-1.333376,-3.15,1.47,2.87,52.99609375,98328,53.09,252.556472778,5.132,57 4c 01 6e 00 00 03 59 00 00 78 a9 00 49 00 40 f7 c4 00 08 ff fd ff 80 ff d3 00 15 00 29 1b ff 00 01 80 18 00 00 14 bd 43 7c 8e 75 00 00 14 0c
858,41184,WL,flash_sample,48,30.908,1,110,0,1,1,1,0,1,1,0,858,30908,0.036112,0.032696,-1.028704,0.052085,-0.041668,-1.35421,-3.22,1.54,2.8,52.9140625,98327,53.15,252.641021729,5.132,57 4c 01 6e 00 00 03 5a 00 00 78 bc 00 4a 00 43 f7 c4 00 05 ff fc ff 7e ff d2 00 16 00 28 1b ea 00 01 80 17 00 00 14 c3 43 7c a4 1a 00 00 14 0c
859,41232,WL,flash_sample,48,30.928,1,110,0,1,1,1,0,1,1,0,859,30928,0.035624,0.032696,-1.028704,0.010417,-0.010417,-1.364627,-3.22,1.54,2.8,52.94921875,98329,53.2,252.471908569,5.136,57 4c 01 6e 00 00 03 5b 00 00 78 d0 00 49 00 43 f7 c4 00 01 ff ff ff 7d ff d2 00 16 00 28 1b f3 00 01 80 19 00 00 14 c8 43 7c 78 cf 00 00 14 10
860,41280,WL,flash_sample,48,30.948,1,102,0,1,1,0,0,1,1,0,860,30948,0.035624,0.03172,-1.029192,0.020834,-0.031251,-1.322959,-3.22,1.54,2.87,52.96875,98329,53.25,252.471908569,5.136,57 4c 01 66 00 00 03 5c 00 00 78 e4 00 49 00 41 f7 c3 00 02 ff fd ff 81 ff d2 00 16 00 29 1b f8 00 01 80 19 00 00 14 cd 43 7c 78 cf 00 00 14 10
861,41328,WL,flash_sample,48,30.968,1,110,0,1,1,1,0,1,1,0,861,30968,0.035136,0.032696,-1.029192,0.041668,0.0,-1.302125,-3.08,1.54,2.87,52.99609375,98330,53.3,252.384719849,5.136,57 4c 01 6e 00 00 03 5d 00 00 78 f8 00 48 00 43 f7 c3 00 04 00 00 ff 83 ff d4 00 16 00 29 1b ff 00 01 80 1a 00 00 14 d2 43 7c 62 7d 00 00 14 10
862,41376,WL,flash_sample,48,30.988,1,110,0,1,1,1,0,1,1,0,862,30988,0.035136,0.032696,-1.029192,0.041668,0.0,-1.302125,-3.08,1.54,2.87,52.99609375,98330,53.3,252.384719849,5.136,57 4c 01 6e 00 00 03 5e 00 00 79 0c 00 48 00 43 f7 c3 00 04 00 00 ff 83 ff d4 00 16 00 29 1b ff 00 01 80 1a 00 00 14 d2 43 7c 62 7d 00 00 14 10
863,41424,WL,flash_sample,48,31.008,1,110,0,1,1,1,0,1,1,0,863,31008,0.035136,0.032696,-1.029192,0.041668,0.0,-1.302125,-3.08,1.54,2.87,52.99609375,98330,53.3,252.384719849,5.136,57 4c 01 6e 00 00 03 5f 00 00 79 20 00 48 00 43 f7 c3 00 04 00 00 ff 83 ff d4 00 16 00 29 1b ff 00 01 80 1a 00 00 14 d2 43 7c 62 7d 00 00 14 10
864,41472,WL,flash_sample,48,31.028,1,110,0,1,1,1,0,1,1,0,864,31028,0.035136,0.032696,-1.029192,0.041668,0.0,-1.302125,-3.08,1.54,2.87,52.99609375,98330,53.3,252.384719849,5.136,57 4c 01 6e 00 00 03 60 00 00 79 34 00 48 00 43 f7 c3 00 04 00 00 ff 83 ff d4 00 16 00 29 1b ff 00 01 80 1a 00 00 14 d2 43 7c 62 7d 00 00 14 10
865,41520,WL,flash_sample,48,31.048,1,102,0,1,1,0,0,1,1,0,865,31048,0.036112,0.03172,-1.027728,0.072919,-0.031251,-1.343793,-0.77,-0.84,1.54,52.9765625,98367,53.35,249.22984314,5.132,57 4c 01 66 00 00 03 61 00 00 79 48 00 4a 00 41 f7 c6 00 07 ff fd ff 7f ff f5 ff f4 00 16 1b fa 00 01 80 3f 00 00 14 d7 43 79 3a d7 00 00 14 0c
866,41568,WL,flash_sample,48,31.068,1,102,0,1,1,0,0,1,1,0,866,31068,0.034648,0.031232,-1.028216,0.052085,0.020834,-1.35421,-1.89,-0.07,2.66,52.99609375,98334,53.2,252.043869019,5.132,57 4c 01 66 00 00 03 62 00 00 79 5c 00 47 00 40 f7 c5 00 05 00 02 ff 7e ff e5 ff ff 00 26 1b ff 00 01 80 1e 00 00 14 c8 43 7c 0b 3b 00 00 14 0c
867,41616,WL,flash_sample,48,31.088,1,102,0,1,1,0,0,1,1,0,867,31088,0.036112,0.031232,-1.02724,0.041668,-0.010417,-1.322959,-2.8,0.77,3.36,52.99609375,98332,53.24,252.215606689,5.132,57 4c 01 66 00 00 03 63 00 00 79 70 00 4a 00 40 f7 c7 00 04 ff ff ff 81 ff d8 00 0b 00 30 1b ff 00 01 80 1c 00 00 14 cc 43 7c 37 32 00 00 14 0c
868,41664,WL,flash_sample,48,31.108,1,110,0,1,1,1,0,1,1,0,868,31108,0.035624,0.031232,-1.028216,0.031251,-0.010417,-1.35421,-3.15,1.47,2.8,53.01171875,98332,53.29,252.215606689,5.132,57 4c 01 6e 00 00 03 64 00 00 79 84 00 49 00 40 f7 c5 00 03 ff ff ff 7e ff d3 00 15 00 28 1c 03 00 01 80 1c 00 00 14 d1 43 7c 37 32 00 00 14 0c
869,41712,WL,flash_sample,48,31.128,1,110,0,1,1,1,0,1,1,0,869,31128,0.035624,0.03172,-1.029192,0.052085,-0.010417,-1.35421,-3.15,1.54,2.87,52.984375,98331,53.34,252.300170898,5.124,57 4c 01 6e 00 00 03 65 00 00 79 98 00 49 00 41 f7 c3 00 05 ff ff ff 7e ff d3 00 16 00 29 1b fc 00 01 80 1b 00 00 14 d6 43 7c 4c d8 00 00 14 04
870,41760,WL,flash_sample,48,31.149,1,110,0,1,1,1,0,1,1,0,870,31149,0.0366,0.032208,-1.028704,0.020834,-0.010417,-1.343793,-3.15,1.47,2.87,53.03515625,98332,53.38,252.215606689,5.124,57 4c 01 6e 00 00 03 66 00 00 79 ad 00 4b 00 42 f7 c4 00 02 ff ff ff 7f ff d3 00 15 00 29 1c 09 00 01 80 1c 00 00 14 da 43 7c 37 32 00 00 14 04
871,41808,WL,flash_sample,48,31.168,1,102,0,1,1,0,0,1,1,0,871,31168,0.035624,0.032208,-1.028216,0.020834,0.020834,-1.312542,-3.15,1.47,2.8,52.99609375,98335,53.42,251.959320068,5.124,57 4c 01 66 00 00 03 67 00 00 79 c0 00 49 00 42 f7 c5 00 02 00 02 ff 82 ff d3 00 15 00 28 1b ff 00 01 80 1f 00 00 14 de 43 7b f5 96 00 00 14 04
872,41856,WL,flash_sample,48,31.188,1,102,0,1,1,0,0,1,1,0,872,31188,0.035624,0.03172,-1.028216,0.010417,0.010417,-1.333376,-3.22,1.54,2.8,52.99609375,98338,53.45,251.703018188,5.124,57 4c 01 66 00 00 03 68 00 00 79 d4 00 49 00 41 f7 c5 00 01 00 01 ff 80 ff d2 00 16 00 28 1b ff 00 01 80 22 00 00 14 e1 43 7b b3 f9 00 00 14 04
873,41904,WL,flash_sample,48,31.208,1,102,0,1,1,0,0,1,1,0,873,31208,0.035136,0.030744,-1.028216,0.062502,-0.041668,-1.364627,-3.15,1.54,2.87,52.9609375,98339,53.49,251.618453979,5.124,57 4c 01 66 00 00 03 69 00 00 79 e8 00 48 00 3f f7 c5 00 06 ff fc ff 7d ff d3 00 16 00 29 1b f6 00 01 80 23 00 00 14 e5 43 7b 9e 53 00 00 14 04
874,41952,WL,flash_sample,48,31.228,1,102,0,1,1,0,0,1,1,0,874,31228,0.035136,0.030744,-1.028216,0.062502,-0.041668,-1.364627,-3.15,1.54,2.87,52.9609375,98339,53.49,251.618453979,5.124,57 4c 01 66 00 00 03 6a 00 00 79 fc 00 48 00 3f f7 c5 00 06 ff fc ff 7d ff d3 00 16 00 29 1b f6 00 01 80 23 00 00 14 e5 43 7b 9e 53 00 00 14 04
875,42000,WL,flash_sample,48,31.248,1,103,1,1,1,0,0,1,1,0,875,31248,0.035136,0.030744,-1.028216,0.062502,-0.041668,-1.364627,-3.15,1.54,2.87,52.9609375,98339,53.49,251.618453979,5.124,57 4c 01 67 00 00 03 6b 00 00 7a 10 00 48 00 3f f7 c5 00 06 ff fc ff 7d ff d3 00 16 00 29 1b f6 00 01 80 23 00 00 14 e5 43 7b 9e 53 00 00 14 04
876,42048,WL,flash_sample,48,31.268,1,103,1,1,1,0,0,1,1,0,876,31268,0.035136,0.030744,-1.028216,0.062502,-0.041668,-1.364627,-3.15,1.54,2.87,52.9609375,98339,53.49,251.618453979,5.124,57 4c 01 67 00 00 03 6c 00 00 7a 24 00 48 00 3f f7 c5 00 06 ff fc ff 7d ff d3 00 16 00 29 1b f6 00 01 80 23 00 00 14 e5 43 7b 9e 53 00 00 14 04
877,42096,WL,flash_sample,48,31.291,1,65,1,0,0,0,0,0,1,0,877,31291,0.035136,0.031232,-1.027728,0.031251,-0.062502,-1.343793,-0.21,-0.49,0.28,52.9765625,98339,53.49,251.618453979,5.144,57 4c 01 41 00 00 03 6d 00 00 7a 3b 00 48 00 40 f7 c6 00 03 ff fa ff 7f ff fd ff f9 00 04 1b fa 00 01 80 23 00 00 14 e5 43 7b 9e 53 00 00 14 18
878,42144,WL,flash_sample,48,31.308,1,103,1,1,1,0,0,1,1,0,878,31308,0.035624,0.031232,-1.027728,0.031251,-0.031251,-1.375044,-1.26,-0.56,2.03,52.9765625,98383,53.52,247.866424561,5.144,57 4c 01 67 00 00 03 6e 00 00 7a 4c 00 49 00 40 f7 c6 00 03 ff fd ff 7c ff ee ff f8 00 1d 1b fa 00 01 80 4f 00 00 14 e8 43 77 dd ce 00 00 14 18
879,42192,WL,flash_sample,48,31.328,1,103,1,1,1,0,0,1,1,0,879,31328,0.035624,0.031232,-1.028216,0.020834,0.010417,-1.343793,-2.24,0.21,3.08,53.00390625,98338,53.33,251.703018188,5.144,57 4c 01 67 00 00 03 6f 00 00 7a 60 00 49 00 40 f7 c5 00 02 00 01 ff 7f ff e0 00 03 00 2c 1c 01 00 01 80 22 00 00 14 d5 43 7b b3 f9 00 00 14 18
880,42240,WL,flash_sample,48,31.348,1,111,1,1,1,1,0,1,1,0,880,31348,0.035624,0.031232,-1.029192,0.010417,-0.031251,-1.343793,-3.08,1.54,2.8,52.99609375,98337,53.37,251.787567139,5.144,57 4c 01 6f 00 00 03 70 00 00 7a 74 00 49 00 40 f7 c3 00 01 ff fd ff 7f ff d4 00 16 00 28 1b ff 00 01 80 21 00 00 14 d9 43 7b c9 9e 00 00 14 18
881,42288,WL,flash_sample,48,31.368,1,111,1,1,1,1,0,1,1,0,881,31368,0.035624,0.03172,-1.028704,0.031251,-0.010417,-1.343793,-3.22,1.54,2.8,53.00390625,98336,53.41,251.874755859,5.144,57 4c 01 6f 00 00 03 71 00 00 7a 88 00 49 00 41 f7 c4 00 03 ff ff ff 7f ff d2 00 16 00 28 1c 01 00 01 80 20 00 00 14 dd 43 7b df f0 00 00 14 18
882,42336,WL,flash_sample,48,31.389,1,111,1,1,1,1,0,1,1,0,882,31389,0.035624,0.03172,-1.027728,0.020834,-0.010417,-1.343793,-3.15,1.54,2.8,52.984375,98336,53.45,251.874755859,5.144,57 4c 01 6f 00 00 03 72 00 00 7a 9d 00 49 00 41 f7 c6 00 02 ff ff ff 7f ff d3 00 16 00 28 1b fc 00 01 80 20 00 00 14 e1 43 7b df f0 00 00 14 18
883,42384,WL,flash_sample,48,31.408,1,103,1,1,1,0,0,1,1,0,883,31408,0.0366,0.031232,-1.027728,0.10417,-0.010417,-1.364627,-3.15,1.54,2.87,53.02734375,98338,53.48,251.703018188,5.144,57 4c 01 67 00 00 03 73 00 00 7a b0 00 4b 00 40 f7 c6 00 0a ff ff ff 7d ff d3 00 16 00 29 1c 07 00 01 80 22 00 00 14 e4 43 7b b3 f9 00 00 14 18
884,42432,WL,flash_sample,48,31.428,1,103,1,1,1,0,0,1,1,0,884,31428,0.035624,0.03172,-1.029192,0.052085,-0.031251,-1.343793,-3.15,1.54,2.87,53.05859375,98335,53.51,251.959320068,5.124,57 4c 01 67 00 00 03 74 00 00 7a c4 00 49 00 41 f7 c3 00 05 ff fd ff 7f ff d3 00 16 00 29 1c 0f 00 01 80 1f 00 00 14 e7 43 7b f5 96 00 00 14 04
885,42480,WL,flash_sample,48,31.448,1,103,1,1,1,0,0,1,1,0,885,31448,0.035136,0.03172,-1.029192,0.062502,-0.020834,-1.35421,-3.15,1.47,2.87,53.015625,98339,53.54,251.618453979,5.124,57 4c 01 67 00 00 03 75 00 00 7a d8 00 48 00 41 f7 c3 00 06 ff fe ff 7e ff d3 00 15 00 29 1c 04 00 01 80 23 00 00 14 ea 43 7b 9e 53 00 00 14 04
886,42528,WL,flash_sample,48,31.468,1,111,1,1,1,1,0,1,1,0,886,31468,0.035624,0.03172,-1.028704,0.052085,-0.020834,-1.364627,-3.22,1.47,2.87,53.01171875,98341,53.57,251.446716309,5.124,57 4c 01 6f 00 00 03 76 00 00 7a ec 00 49 00 41 f7 c4 00 05 ff fe ff 7d ff d2 00 15 00 29 1c 03 00 01 80 25 00 00 14 ed 43 7b 72 5c 00 00 14 04
887,42576,WL,flash_sample,48,31.488,1,111,1,1,1,1,0,1,1,0,887,31488,0.035624,0.03172,-1.028704,0.052085,-0.020834,-1.364627,-3.22,1.47,2.87,53.01171875,98341,53.57,251.446716309,5.124,57 4c 01 6f 00 00 03 77 00 00 7b 00 00 49 00 41 f7 c4 00 05 ff fe ff 7d ff d2 00 15 00 29 1c 03 00 01 80 25 00 00 14 ed 43 7b 72 5c 00 00 14 04
888,42624,WL,flash_sample,48,31.508,1,111,1,1,1,1,0,1,1,0,888,31508,0.035624,0.03172,-1.028704,0.052085,-0.020834,-1.364627,-3.22,1.47,2.87,53.01171875,98341,53.57,251.446716309,5.124,57 4c 01 6f 00 00 03 78 00 00 7b 14 00 49 00 41 f7 c4 00 05 ff fe ff 7d ff d2 00 15 00 29 1c 03 00 01 80 25 00 00 14 ed 43 7b 72 5c 00 00 14 04
889,42672,WL,flash_sample,48,31.528,1,111,1,1,1,1,0,1,1,0,889,31528,0.035624,0.03172,-1.028704,0.052085,-0.020834,-1.364627,-3.22,1.47,2.87,53.01171875,98341,53.57,251.446716309,5.124,57 4c 01 6f 00 00 03 79 00 00 7b 28 00 49 00 41 f7 c4 00 05 ff fe ff 7d ff d2 00 15 00 29 1c 03 00 01 80 25 00 00 14 ed 43 7b 72 5c 00 00 14 04
890,42720,WL,flash_sample,48,31.548,1,111,1,1,1,1,0,1,1,0,890,31548,0.034648,0.03172,-1.026264,0.083336,-0.010417,-1.35421,-0.21,-0.14,-0.07,53.02734375,98341,53.57,251.446716309,5.124,57 4c 01 6f 00 00 03 7a 00 00 7b 3c 00 47 00 41 f7 c9 00 08 ff ff ff 7e ff fd ff fe ff ff 1c 07 00 01 80 25 00 00 14 ed 43 7b 72 5c 00 00 14 04
891,42768,WL,flash_sample,48,31.568,1,111,1,1,1,1,0,1,1,0,891,31568,0.034648,0.03172,-1.026264,0.083336,-0.010417,-1.35421,-0.21,-0.14,-0.07,53.02734375,98341,53.57,251.446716309,5.124,57 4c 01 6f 00 00 03 7b 00 00 7b 50 00 47 00 41 f7 c9 00 08 ff ff ff 7e ff fd ff fe ff ff 1c 07 00 01 80 25 00 00 14 ed 43 7b 72 5c 00 00 14 04
892,42816,WL,flash_sample,48,31.588,1,111,1,1,1,1,0,1,1,0,892,31588,0.034648,0.03172,-1.026264,0.083336,-0.010417,-1.35421,-0.21,-0.14,-0.07,53.02734375,98341,53.57,251.446716309,5.124,57 4c 01 6f 00 00 03 7c 00 00 7b 64 00 47 00 41 f7 c9 00 08 ff ff ff 7e ff fd ff fe ff ff 1c 07 00 01 80 25 00 00 14 ed 43 7b 72 5c 00 00 14 04
893,42864,WL,flash_sample,48,31.608,1,111,1,1,1,1,0,1,1,0,893,31608,0.034648,0.03172,-1.026264,0.083336,-0.010417,-1.35421,-0.21,-0.14,-0.07,53.02734375,98341,53.57,251.446716309,5.124,57 4c 01 6f 00 00 03 7d 00 00 7b 78 00 47 00 41 f7 c9 00 08 ff ff ff 7e ff fd ff fe ff ff 1c 07 00 01 80 25 00 00 14 ed 43 7b 72 5c 00 00 14 04
894,42912,WL,flash_sample,48,31.628,1,111,1,1,1,1,0,1,1,0,894,31628,0.034648,0.03172,-1.026264,0.083336,-0.010417,-1.35421,-0.21,-0.14,-0.07,53.02734375,98341,53.57,251.446716309,5.124,57 4c 01 6f 00 00 03 7e 00 00 7b 8c 00 47 00 41 f7 c9 00 08 ff ff ff 7e ff fd ff fe ff ff 1c 07 00 01 80 25 00 00 14 ed 43 7b 72 5c 00 00 14 04
895,42960,WL,flash_sample,48,31.648,1,111,1,1,1,1,0,1,1,0,895,31648,0.034648,0.03172,-1.026264,0.083336,-0.010417,-1.35421,-0.21,-0.14,-0.07,53.02734375,98341,53.57,251.446716309,5.124,57 4c 01 6f 00 00 03 7f 00 00 7b a0 00 47 00 41 f7 c9 00 08 ff ff ff 7e ff fd ff fe ff ff 1c 07 00 01 80 25 00 00 14 ed 43 7b 72 5c 00 00 14 04
896,43008,WL,flash_sample,48,31.669,1,111,1,1,1,1,0,1,1,0,896,31669,0.035624,0.031232,-1.02724,0.010417,0.0,-1.333376,-0.14,0.07,-0.35,53.01953125,98387,53.61,247.52557373,5.124,57 4c 01 6f 00 00 03 80 00 00 7b b5 00 49 00 40 f7 c7 00 01 00 00 ff 80 ff fe 00 01 ff fb 1c 05 00 01 80 53 00 00 14 f1 43 77 86 8c 00 00 14 04
897,43056,WL,flash_sample,48,31.688,1,111,1,1,1,1,0,1,1,0,897,31688,0.035624,0.031232,-1.02724,0.010417,0.0,-1.333376,-0.14,0.07,-0.35,53.01953125,98387,53.61,247.52557373,5.124,57 4c 01 6f 00 00 03 81 00 00 7b c8 00 49 00 40 f7 c7 00 01 00 00 ff 80 ff fe 00 01 ff fb 1c 05 00 01 80 53 00 00 14 f1 43 77 86 8c 00 00 14 04
898,43104,WL,flash_sample,48,31.708,1,111,1,1,1,1,0,1,1,0,898,31708,0.035624,0.031232,-1.02724,0.010417,0.0,-1.333376,-0.14,0.07,-0.35,53.01953125,98387,53.61,247.52557373,5.124,57 4c 01 6f 00 00 03 82 00 00 7b dc 00 49 00 40 f7 c7 00 01 00 00 ff 80 ff fe 00 01 ff fb 1c 05 00 01 80 53 00 00 14 f1 43 77 86 8c 00 00 14 04
899,43152,WL,flash_sample,48,31.728,1,111,1,1,1,1,0,1,1,0,899,31728,0.035136,0.03172,-1.027728,0.031251,0.0,-1.322959,-0.21,0.07,-0.35,52.984375,98387,53.61,247.52557373,5.124,57 4c 01 6f 00 00 03 83 00 00 7b f0 00 48 00 41 f7 c6 00 03 00 00 ff 81 ff fd 00 01 ff fb 1b fc 00 01 80 53 00 00 14 f1 43 77 86 8c 00 00 14 04
900,43200,WL,flash_sample,48,31.748,1,111,1,1,1,1,0,1,1,0,900,31748,0.035136,0.03172,-1.027728,0.031251,0.0,-1.322959,-0.21,0.07,-0.35,52.984375,98387,53.61,247.52557373,5.124,57 4c 01 6f 00 00 03 84 00 00 7c 04 00 48 00 41 f7 c6 00 03 00 00 ff 81 ff fd 00 01 ff fb 1b fc 00 01 80 53 00 00 14 f1 43 77 86 8c 00 00 14 04
901,43248,WL,flash_sample,48,31.768,1,111,1,1,1,1,0,1,1,0,901,31768,0.035136,0.03172,-1.027728,0.031251,0.0,-1.322959,-0.21,0.07,-0.35,52.984375,98387,53.61,247.52557373,5.124,57 4c 01 6f 00 00 03 85 00 00 7c 18 00 48 00 41 f7 c6 00 03 00 00 ff 81 ff fd 00 01 ff fb 1b fc 00 01 80 53 00 00 14 f1 43 77 86 8c 00 00 14 04
902,43296,WL,flash_sample,48,31.788,1,111,1,1,1,1,0,1,1,0,902,31788,0.035136,0.03172,-1.027728,0.031251,0.0,-1.322959,-0.21,0.07,-0.35,52.984375,98387,53.61,247.52557373,5.124,57 4c 01 6f 00 00 03 86 00 00 7c 2c 00 48 00 41 f7 c6 00 03 00 00 ff 81 ff fd 00 01 ff fb 1b fc 00 01 80 53 00 00 14 f1 43 77 86 8c 00 00 14 04
903,43344,WL,flash_sample,48,31.808,1,111,1,1,1,1,0,1,1,0,903,31808,0.035136,0.031232,-1.026752,0.083336,-0.010417,-1.35421,-0.84,-0.84,1.61,53.03515625,98347,53.06,250.936752319,5.128,57 4c 01 6f 00 00 03 87 00 00 7c 40 00 48 00 40 f7 c8 00 08 ff ff ff 7e ff f4 ff f4 00 17 1c 09 00 01 80 2b 00 00 14 ba 43 7a ef cf 00 00 14 08
904,43392,WL,flash_sample,48,31.828,1,111,1,1,1,1,0,1,1,0,904,31828,0.034648,0.031232,-1.026752,0.052085,0.0,-1.375044,-1.96,-0.07,2.73,53.02734375,98320,52.92,253.238174438,5.124,57 4c 01 6f 00 00 03 88 00 00 7c 54 00 47 00 40 f7 c8 00 05 00 00 ff 7c ff e4 ff ff 00 27 1c 07 00 01 80 10 00 00 14 ac 43 7d 3c f9 00 00 14 04
905,43440,WL,flash_sample,48,31.848,1,111,1,1,1,1,0,1,1,0,905,31848,0.0366,0.032208,-1.028216,0.062502,0.010417,-1.35421,-2.8,0.84,3.36,53.00390625,98323,53.0,252.981872559,5.124,57 4c 01 6f 00 00 03 89 00 00 7c 68 00 4b 00 42 f7 c5 00 06 00 01 ff 7e ff d8 00 0c 00 30 1c 01 00 01 80 13 00 00 14 b4 43 7c fb 5c 00 00 14 04
906,43488,WL,flash_sample,48,31.868,1,111,1,1,1,1,0,1,1,0,906,31868,0.034648,0.031232,-1.027728,0.041668,0.010417,-1.343793,-3.08,1.47,2.87,53.00390625,98324,53.07,252.897323608,5.124,57 4c 01 6f 00 00 03 8a 00 00 7c 7c 00 47 00 40 f7 c6 00 04 00 01 ff 7f ff d4 00 15 00 29 1c 01 00 01 80 14 00 00 14 bb 43 7c e5 b7 00 00 14 04
907,43536,WL,flash_sample,48,31.888,1,103,1,1,1,0,0,1,1,0,907,31888,0.035136,0.031232,-1.029192,0.052085,0.020834,-1.375044,-3.22,1.54,2.8,53.02734375,98326,53.13,252.728210449,5.124,57 4c 01 67 00 00 03 8b 00 00 7c 90 00 48 00 40 f7 c3 00 05 00 02 ff 7c ff d2 00 16 00 28 1c 07 00 01 80 16 00 00 14 c1 43 7c ba 6c 00 00 14 04
908,43584,WL,flash_sample,48,31.908,1,103,1,1,1,0,0,1,1,0,908,31908,0.035624,0.032696,-1.028704,0.020834,0.0,-1.343793,-3.08,1.54,2.94,52.99609375,98327,53.19,252.641021729,5.124,57 4c 01 67 00 00 03 8c 00 00 7c a4 00 49 00 43 f7 c4 00 02 00 00 ff 7f ff d4 00 16 00 2a 1b ff 00 01 80 17 00 00 14 c7 43 7c a4 1a 00 00 14 04
909,43632,WL,flash_sample,48,31.928,1,111,1,1,1,1,0,1,1,0,909,31928,0.035136,0.031232,-1.028704,0.020834,-0.020834,-1.343793,-3.22,1.47,2.87,53.02734375,98328,53.25,252.556472778,5.14,57 4c 01 6f 00 00 03 8d 00 00 7c b8 00 48 00 40 f7 c4 00 02 ff fe ff 7f ff d2 00 15 00 29 1c 07 00 01 80 18 00 00 14 cd 43 7c 8e 75 00 00 14 14
910,43680,WL,flash_sample,48,31.948,1,111,1,1,1,1,0,1,1,0,910,31948,0.035624,0.031232,-1.028216,0.041668,0.031251,-1.333376,-3.15,1.47,2.87,53.03515625,98331,53.29,252.300170898,5.14,57 4c 01 6f 00 00 03 8e 00 00 7c cc 00 49 00 40 f7 c5 00 04 00 03 ff 80 ff d3 00 15 00 29 1c 09 00 01 80 1b 00 00 14 d1 43 7c 4c d8 00 00 14 14
911,43728,WL,flash_sample,48,31.968,1,111,1,1,1,1,0,1,1,0,911,31968,0.036112,0.032208,-1.028216,0.031251,-0.010417,-1.364627,-3.22,1.54,2.87,53.03515625,98334,53.33,252.043869019,5.14,57 4c 01 6f 00 00 03 8f 00 00 7c e0 00 4a 00 42 f7 c5 00 03 ff ff ff 7d ff d2 00 16 00 29 1c 09 00 01 80 1e 00 00 14 d5 43 7c 0b 3b 00 00 14 14
912,43776,WL,flash_sample,48,31.988,1,111,1,1,1,1,0,1,1,0,912,31988,0.036112,0.032208,-1.028216,0.031251,-0.010417,-1.364627,-3.22,1.54,2.87,53.03515625,98334,53.33,252.043869019,5.14,57 4c 01 6f 00 00 03 90 00 00 7c f4 00 4a 00 42 f7 c5 00 03 ff ff ff 7d ff d2 00 16 00 29 1c 09 00 01 80 1e 00 00 14 d5 43 7c 0b 3b 00 00 14 14
913,43824,WL,flash_sample,48,32.008,1,111,1,1,1,1,0,1,1,0,913,32008,0.036112,0.032208,-1.028216,0.031251,-0.010417,-1.364627,-3.22,1.54,2.87,53.03515625,98334,53.33,252.043869019,5.14,57 4c 01 6f 00 00 03 91 00 00 7d 08 00 4a 00 42 f7 c5 00 03 ff ff ff 7d ff d2 00 16 00 29 1c 09 00 01 80 1e 00 00 14 d5 43 7c 0b 3b 00 00 14 14
914,43872,WL,flash_sample,48,32.028,1,111,1,1,1,1,0,1,1,0,914,32028,0.036112,0.032208,-1.028216,0.031251,-0.010417,-1.364627,-3.22,1.54,2.87,53.03515625,98334,53.33,252.043869019,5.14,57 4c 01 6f 00 00 03 92 00 00 7d 1c 00 4a 00 42 f7 c5 00 03 ff ff ff 7d ff d2 00 16 00 29 1c 09 00 01 80 1e 00 00 14 d5 43 7c 0b 3b 00 00 14 14
915,43920,WL,flash_sample,48,32.051,1,65,1,0,0,0,0,0,1,0,915,32051,0.035624,0.03172,-1.026752,0.052085,-0.010417,-1.333376,-0.21,-0.56,0.35,53.01171875,98334,53.33,252.043869019,5.124,57 4c 01 41 00 00 03 93 00 00 7d 33 00 49 00 41 f7 c8 00 05 ff ff ff 80 ff fd ff f8 00 05 1c 03 00 01 80 1e 00 00 14 d5 43 7c 0b 3b 00 00 14 04
916,43968,WL,flash_sample,48,32.068,1,111,1,1,1,1,0,1,1,0,916,32068,0.035136,0.032208,-1.028216,0.010417,-0.020834,-1.364627,-1.19,-0.56,2.03,53.03515625,98368,53.38,249.145294189,5.124,57 4c 01 6f 00 00 03 94 00 00 7d 44 00 48 00 42 f7 c5 00 01 ff fe ff 7d ff ef ff f8 00 1d 1c 09 00 01 80 40 00 00 14 da 43 79 25 32 00 00 14 04
917,44016,WL,flash_sample,48,32.088,1,111,1,1,1,1,0,1,1,0,917,32088,0.035624,0.032208,-1.027728,0.052085,-0.041668,-1.375044,-2.24,0.21,3.08,53.01171875,98325,53.24,252.812774658,5.124,57 4c 01 6f 00 00 03 95 00 00 7d 58 00 49 00 42 f7 c6 00 05 ff fc ff 7c ff e0 00 03 00 2c 1c 03 00 01 80 15 00 00 14 cc 43 7c d0 12 00 00 14 04
918,44064,WL,flash_sample,48,32.108,1,103,1,1,1,0,0,1,1,0,918,32108,0.035136,0.03172,-1.028704,0.020834,-0.062502,-1.364627,-3.22,1.54,2.8,53.01953125,98332,53.29,252.215606689,5.124,57 4c 01 67 00 00 03 96 00 00 7d 6c 00 48 00 41 f7 c4 00 02 ff fa ff 7d ff d2 00 16 00 28 1c 05 00 01 80 1c 00 00 14 d1 43 7c 37 32 00 00 14 04
919,44112,WL,flash_sample,48,32.128,1,103,1,1,1,0,0,1,1,0,919,32128,0.035624,0.031232,-1.028216,0.052085,0.0,-1.385461,-3.22,1.61,2.87,53.04296875,98331,53.34,252.300170898,5.14,57 4c 01 67 00 00 03 97 00 00 7d 80 00 49 00 40 f7 c5 00 05 00 00 ff 7b ff d2 00 17 00 29 1c 0b 00 01 80 1b 00 00 14 d6 43 7c 4c d8 00 00 14 14
920,44160,WL,flash_sample,48,32.149,1,103,1,1,1,0,0,1,1,0,920,32149,0.035136,0.031232,-1.028216,0.041668,-0.052085,-1.364627,-3.15,1.54,2.87,53.05859375,98331,53.38,252.300170898,5.14,57 4c 01 67 00 00 03 98 00 00 7d 95 00 48 00 40 f7 c5 00 04 ff fb ff 7d ff d3 00 16 00 29 1c 0f 00 01 80 1b 00 00 14 da 43 7c 4c d8 00 00 14 14
921,44208,WL,flash_sample,48,32.168,1,111,1,1,1,1,0,1,1,0,921,32168,0.035136,0.031232,-1.02968,0.083336,-0.010417,-1.322959,-3.15,1.54,2.87,53.08203125,98334,53.43,252.043869019,5.14,57 4c 01 6f 00 00 03 99 00 00 7d a8 00 48 00 40 f7 c2 00 08 ff ff ff 81 ff d3 00 16 00 29 1c 15 00 01 80 1e 00 00 14 df 43 7c 0b 3b 00 00 14 14
922,44256,WL,flash_sample,48,32.188,1,111,1,1,1,1,0,1,1,0,922,32188,0.035624,0.03172,-1.029192,0.020834,-0.010417,-1.364627,-3.22,1.54,2.87,53.04296875,98335,53.47,251.959320068,5.14,57 4c 01 6f 00 00 03 9a 00 00 7d bc 00 49 00 41 f7 c3 00 02 ff ff ff 7d ff d2 00 16 00 29 1c 0b 00 01 80 1f 00 00 14 e3 43 7b f5 96 00 00 14 14
923,44304,WL,flash_sample,48,32.208,1,111,1,1,1,1,0,1,1,0,923,32208,0.035624,0.031232,-1.028704,0.052085,0.020834,-1.343793,-3.15,1.54,2.87,53.1015625,98334,53.51,252.043869019,5.14,57 4c 01 6f 00 00 03 9b 00 00 7d d0 00 49 00 40 f7 c4 00 05 00 02 ff 7f ff d3 00 16 00 29 1c 1a 00 01 80 1e 00 00 14 e7 43 7c 0b 3b 00 00 14 14
924,44352,WL,flash_sample,48,32.228,1,111,1,1,1,1,0,1,1,0,924,32228,0.035136,0.031232,-1.028216,0.020834,-0.020834,-1.343793,-3.15,1.54,2.87,53.0390625,98338,53.54,251.703018188,5.132,57 4c 01 6f 00 00 03 9c 00 00 7d e4 00 48 00 40 f7 c5 00 02 ff fe ff 7f ff d3 00 16 00 29 1c 0a 00 01 80 22 00 00 14 ea 43 7b b3 f9 00 00 14 0c
925,44400,WL,flash_sample,48,32.248,1,110,0,1,1,1,0,1,1,0,925,32248,0.035136,0.031232,-1.028216,0.020834,-0.020834,-1.343793,-3.15,1.54,2.87,53.0390625,98338,53.54,251.703018188,5.132,57 4c 01 6e 00 00 03 9d 00 00 7d f8 00 48 00 40 f7 c5 00 02 ff fe ff 7f ff d3 00 16 00 29 1c 0a 00 01 80 22 00 00 14 ea 43 7b b3 f9 00 00 14 0c
926,44448,WL,flash_sample,48,32.268,1,110,0,1,1,1,0,1,1,0,926,32268,0.035136,0.031232,-1.028216,0.020834,-0.020834,-1.343793,-3.15,1.54,2.87,53.0390625,98338,53.54,251.703018188,5.132,57 4c 01 6e 00 00 03 9e 00 00 7e 0c 00 48 00 40 f7 c5 00 02 ff fe ff 7f ff d3 00 16 00 29 1c 0a 00 01 80 22 00 00 14 ea 43 7b b3 f9 00 00 14 0c
927,44496,WL,flash_sample,48,32.288,1,110,0,1,1,1,0,1,1,0,927,32288,0.035136,0.031232,-1.028216,0.020834,-0.020834,-1.343793,-3.15,1.54,2.87,53.0390625,98338,53.54,251.703018188,5.132,57 4c 01 6e 00 00 03 9f 00 00 7e 20 00 48 00 40 f7 c5 00 02 ff fe ff 7f ff d3 00 16 00 29 1c 0a 00 01 80 22 00 00 14 ea 43 7b b3 f9 00 00 14 0c
928,44544,WL,flash_sample,48,32.308,1,110,0,1,1,1,0,1,1,0,928,32308,0.035624,0.031232,-1.027728,0.083336,-0.020834,-1.364627,-0.56,-1.05,1.26,53.04296875,98382,53.58,247.95098877,5.132,57 4c 01 6e 00 00 03 a0 00 00 7e 34 00 49 00 40 f7 c6 00 08 ff fe ff 7d ff f8 ff f1 00 12 1c 0b 00 01 80 4e 00 00 14 ee 43 77 f3 74 00 00 14 0c
929,44592,WL,flash_sample,48,32.328,1,110,0,1,1,1,0,1,1,0,929,32328,0.035136,0.03172,-1.027728,0.010417,-0.010417,-1.343793,-1.61,-0.21,2.45,53.05859375,98334,53.39,252.043869019,5.14,57 4c 01 6e 00 00 03 a1 00 00 7e 48 00 48 00 41 f7 c6 00 01 ff ff ff 7f ff e9 ff fd 00 23 1c 0f 00 01 80 1e 00 00 14 db 43 7c 0b 3b 00 00 14 14
930,44640,WL,flash_sample,48,32.348,1,102,0,1,1,0,0,1,1,0,930,32348,0.035624,0.03172,-1.029192,0.041668,0.0,-1.343793,-3.08,1.26,3.08,53.05078125,98335,53.43,251.959320068,5.14,57 4c 01 66 00 00 03 a2 00 00 7e 5c 00 49 00 41 f7 c3 00 04 00 00 ff 7f ff d4 00 12 00 2c 1c 0d 00 01 80 1f 00 00 14 df 43 7b f5 96 00 00 14 14
931,44688,WL,flash_sample,48,32.368,1,102,0,1,1,0,0,1,1,0,931,32368,0.035624,0.032696,-1.02968,0.041668,0.020834,-1.333376,-3.15,1.47,2.87,53.05078125,98336,53.47,251.874755859,5.14,57 4c 01 66 00 00 03 a3 00 00 7e 70 00 49 00 43 f7 c2 00 04 00 02 ff 80 ff d3 00 15 00 29 1c 0d 00 01 80 20 00 00 14 e3 43 7b df f0 00 00 14 14
932,44736,WL,flash_sample,48,32.388,1,102,0,1,1,0,0,1,1,0,932,32388,0.034648,0.031232,-1.028704,0.031251,0.0,-1.333376,-3.15,1.47,2.87,53.05078125,98337,53.51,251.787567139,5.14,57 4c 01 66 00 00 03 a4 00 00 7e 84 00 47 00 40 f7 c4 00 03 00 00 ff 80 ff d3 00 15 00 29 1c 0d 00 01 80 21 00 00 14 e7 43 7b c9 9e 00 00 14 14
933,44784,WL,flash_sample,48,32.408,1,110,0,1,1,1,0,1,1,0,933,32408,0.035136,0.03172,-1.030168,0.041668,0.010417,-1.343793,-3.22,1.47,2.87,53.0625,98336,53.55,251.874755859,5.14,57 4c 01 6e 00 00 03 a5 00 00 7e 98 00 48 00 41 f7 c1 00 04 00 01 ff 7f ff d2 00 15 00 29 1c 10 00 01 80 20 00 00 14 eb 43 7b df f0 00 00 14 14
934,44832,WL,flash_sample,48,32.428,1,110,0,1,1,1,0,1,1,0,934,32428,0.035624,0.032208,-1.028704,0.052085,-0.010417,-1.343793,-3.22,1.47,2.87,53.0859375,98336,53.58,251.874755859,5.12,57 4c 01 6e 00 00 03 a6 00 00 7e ac 00 49 00 42 f7 c4 00 05 ff ff ff 7f ff d2 00 15 00 29 1c 16 00 01 80 20 00 00 14 ee 43 7b df f0 00 00 14 00
935,44880,WL,flash_sample,48,32.448,1,110,0,1,1,1,0,1,1,0,935,32448,0.035624,0.031232,-1.02968,0.010417,0.0,-1.333376,-3.15,1.61,2.87,53.1015625,98338,53.61,251.703018188,5.12,57 4c 01 6e 00 00 03 a7 00 00 7e c0 00 49 00 40 f7 c2 00 01 00 00 ff 80 ff d3 00 17 00 29 1c 1a 00 01 80 22 00 00 14 f1 43 7b b3 f9 00 00 14 00
936,44928,WL,flash_sample,48,32.468,1,102,0,1,1,0,0,1,1,0,936,32468,0.036112,0.032696,-1.029192,0.031251,-0.020834,-1.343793,-3.22,1.54,2.87,53.078125,98340,53.64,251.533905029,5.12,57 4c 01 66 00 00 03 a8 00 00 7e d4 00 4a 00 43 f7 c3 00 03 ff fe ff 7f ff d2 00 16 00 29 1c 14 00 01 80 24 00 00 14 f4 43 7b 88 ae 00 00 14 00
937,44976,WL,flash_sample,48,32.488,1,102,0,1,1,0,0,1,1,0,937,32488,0.036112,0.032696,-1.029192,0.031251,-0.020834,-1.343793,-3.22,1.54,2.87,53.078125,98340,53.64,251.533905029,5.12,57 4c 01 66 00 00 03 a9 00 00 7e e8 00 4a 00 43 f7 c3 00 03 ff fe ff 7f ff d2 00 16 00 29 1c 14 00 01 80 24 00 00 14 f4 43 7b 88 ae 00 00 14 00
938,45024,WL,flash_sample,48,32.508,1,102,0,1,1,0,0,1,1,0,938,32508,0.036112,0.032696,-1.029192,0.031251,-0.020834,-1.343793,-3.22,1.54,2.87,53.078125,98340,53.64,251.533905029,5.12,57 4c 01 66 00 00 03 aa 00 00 7e fc 00 4a 00 43 f7 c3 00 03 ff fe ff 7f ff d2 00 16 00 29 1c 14 00 01 80 24 00 00 14 f4 43 7b 88 ae 00 00 14 00
939,45072,WL,flash_sample,48,32.528,1,102,0,1,1,0,0,1,1,0,939,32528,0.036112,0.032696,-1.029192,0.031251,-0.020834,-1.343793,-3.22,1.54,2.87,53.078125,98340,53.64,251.533905029,5.12,57 4c 01 66 00 00 03 ab 00 00 7f 10 00 4a 00 43 f7 c3 00 03 ff fe ff 7f ff d2 00 16 00 29 1c 14 00 01 80 24 00 00 14 f4 43 7b 88 ae 00 00 14 00
940,45120,WL,flash_sample,48,32.549,1,110,0,1,1,1,0,1,1,0,940,32549,0.034648,0.031232,-1.028216,0.031251,-0.072919,-1.333376,-0.14,0.07,-0.35,53.1171875,98340,53.64,251.533905029,5.12,57 4c 01 6e 00 00 03 ac 00 00 7f 25 00 47 00 40 f7 c5 00 03 ff f9 ff 80 ff fe 00 01 ff fb 1c 1e 00 01 80 24 00 00 14 f4 43 7b 88 ae 00 00 14 00
941,45168,WL,flash_sample,48,32.568,1,110,0,1,1,1,0,1,1,0,941,32568,0.034648,0.031232,-1.028216,0.031251,-0.072919,-1.333376,-0.14,0.07,-0.35,53.1171875,98340,53.64,251.533905029,5.12,57 4c 01 6e 00 00 03 ad 00 00 7f 38 00 47 00 40 f7 c5 00 03 ff f9 ff 80 ff fe 00 01 ff fb 1c 1e 00 01 80 24 00 00 14 f4 43 7b 88 ae 00 00 14 00
942,45216,WL,flash_sample,48,32.588,1,110,0,1,1,1,0,1,1,0,942,32588,0.034648,0.031232,-1.028216,0.031251,-0.072919,-1.333376,-0.14,0.07,-0.35,53.1171875,98340,53.64,251.533905029,5.12,57 4c 01 6e 00 00 03 ae 00 00 7f 4c 00 47 00 40 f7 c5 00 03 ff f9 ff 80 ff fe 00 01 ff fb 1c 1e 00 01 80 24 00 00 14 f4 43 7b 88 ae 00 00 14 00
943,45264,WL,flash_sample,48,32.608,1,110,0,1,1,1,0,1,1,0,943,32608,0.034648,0.031232,-1.028216,0.031251,-0.072919,-1.333376,-0.14,0.07,-0.35,53.1171875,98340,53.64,251.533905029,5.12,57 4c 01 6e 00 00 03 af 00 00 7f 60 00 47 00 40 f7 c5 00 03 ff f9 ff 80 ff fe 00 01 ff fb 1c 1e 00 01 80 24 00 00 14 f4 43 7b 88 ae 00 00 14 00
944,45312,WL,flash_sample,48,32.628,1,110,0,1,1,1,0,1,1,0,944,32628,0.034648,0.031232,-1.028216,0.031251,-0.072919,-1.333376,-0.14,0.07,-0.35,53.1171875,98340,53.64,251.533905029,5.12,57 4c 01 6e 00 00 03 b0 00 00 7f 74 00 47 00 40 f7 c5 00 03 ff f9 ff 80 ff fe 00 01 ff fb 1c 1e 00 01 80 24 00 00 14 f4 43 7b 88 ae 00 00 14 00
945,45360,WL,flash_sample,48,32.648,1,110,0,1,1,1,0,1,1,0,945,32648,0.034648,0.031232,-1.028216,0.031251,-0.072919,-1.333376,-0.14,0.07,-0.35,53.1171875,98340,53.64,251.533905029,5.12,57 4c 01 6e 00 00 03 b1 00 00 7f 88 00 47 00 40 f7 c5 00 03 ff f9 ff 80 ff fe 00 01 ff fb 1c 1e 00 01 80 24 00 00 14 f4 43 7b 88 ae 00 00 14 00
946,45408,WL,flash_sample,48,32.668,1,110,0,1,1,1,0,1,1,0,946,32668,0.034648,0.031232,-1.028216,0.031251,-0.072919,-1.333376,-0.14,0.07,-0.35,53.1171875,98340,53.64,251.533905029,5.12,57 4c 01 6e 00 00 03 b2 00 00 7f 9c 00 47 00 40 f7 c5 00 03 ff f9 ff 80 ff fe 00 01 ff fb 1c 1e 00 01 80 24 00 00 14 f4 43 7b 88 ae 00 00 14 00
947,45456,WL,flash_sample,48,32.688,1,110,0,1,1,1,0,1,1,0,947,32688,0.035624,0.032208,-1.028216,0.020834,0.020834,-1.312542,-0.14,0.07,-0.35,53.04296875,98391,53.67,247.1847229,5.12,57 4c 01 6e 00 00 03 b3 00 00 7f b0 00 49 00 42 f7 c5 00 02 00 02 ff 82 ff fe 00 01 ff fb 1c 0b 00 01 80 57 00 00 14 f7 43 77 2f 4a 00 00 14 00
948,45504,WL,flash_sample,48,32.708,1,110,0,1,1,1,0,1,1,0,948,32708,0.035624,0.032208,-1.028216,0.020834,0.020834,-1.312542,-0.14,0.07,-0.35,53.04296875,98391,53.67,247.1847229,5.12,57 4c 01 6e 00 00 03 b4 00 00 7f c4 00 49 00 42 f7 c5 00 02 00 02 ff 82 ff fe 00 01 ff fb 1c 0b 00 01 80 57 00 00 14 f7 43 77 2f 4a 00 00 14 00
949,45552,WL,flash_sample,48,32.729,1,110,0,1,1,1,0,1,1,0,949,32729,0.035624,0.032208,-1.026752,0.052085,-0.010417,-1.312542,-0.14,0.07,-0.35,53.046875,98391,53.67,247.1847229,5.12,57 4c 01 6e 00 00 03 b5 00 00 7f d9 00 49 00 42 f7 c8 00 05 ff ff ff 82 ff fe 00 01 ff fb 1c 0c 00 01 80 57 00 00 14 f7 43 77 2f 4a 00 00 14 00
950,45600,WL,flash_sample,48,32.748,1,110,0,1,1,1,0,1,1,0,950,32748,0.035624,0.032208,-1.026752,0.052085,-0.010417,-1.312542,-0.14,0.07,-0.35,53.046875,98391,53.67,247.1847229,5.12,57 4c 01 6e 00 00 03 b6 00 00 7f ec 00 49 00 42 f7 c8 00 05 ff ff ff 82 ff fe 00 01 ff fb 1c 0c 00 01 80 57 00 00 14 f7 43 77 2f 4a 00 00 14 00
951,45648,WL,flash_sample,48,32.768,1,110,0,1,1,1,0,1,1,0,951,32768,0.035624,0.032208,-1.026752,0.052085,-0.010417,-1.312542,-0.14,0.07,-0.35,53.046875,98391,53.67,247.1847229,5.12,57 4c 01 6e 00 00 03 b7 00 00 80 00 00 49 00 42 f7 c8 00 05 ff ff ff 82 ff fe 00 01 ff fb 1c 0c 00 01 80 57 00 00 14 f7 43 77 2f 4a 00 00 14 00
952,45696,WL,flash_sample,48,32.788,1,110,0,1,1,1,0,1,1,0,952,32788,0.035624,0.032208,-1.026752,0.052085,-0.010417,-1.312542,-0.14,0.07,-0.35,53.046875,98391,53.67,247.1847229,5.12,57 4c 01 6e 00 00 03 b8 00 00 80 14 00 49 00 42 f7 c8 00 05 ff ff ff 82 ff fe 00 01 ff fb 1c 0c 00 01 80 57 00 00 14 f7 43 77 2f 4a 00 00 14 00
953,45744,WL,flash_sample,48,32.813,1,64,0,0,0,0,0,0,1,0,953,32813,0.035136,0.031232,-1.02724,0.072919,-0.020834,-1.364627,-0.28,-0.63,0.35,53.0859375,98343,53.14,251.277603149,5.124,57 4c 01 40 00 00 03 b9 00 00 80 2d 00 48 00 40 f7 c7 00 07 ff fe ff 7d ff fc ff f7 00 05 1c 16 00 01 80 27 00 00 14 c2 43 7b 47 11 00 00 14 04
954,45792,WL,flash_sample,48,32.828,1,102,0,1,1,0,0,1,1,0,954,32828,0.035624,0.03172,-1.02724,0.052085,-0.041668,-1.343793,-1.33,-0.56,2.1,53.078125,98318,52.99,253.409927368,5.136,57 4c 01 66 00 00 03 ba 00 00 80 3c 00 49 00 41 f7 c7 00 05 ff fc ff 7f ff ed ff f8 00 1e 1c 14 00 01 80 0e 00 00 14 b3 43 7d 68 f1 00 00 14 10
955,45840,WL,flash_sample,48,32.848,1,102,0,1,1,0,0,1,1,0,955,32848,0.035136,0.03172,-1.02724,0.020834,0.0,-1.333376,-2.31,0.28,3.08,53.05078125,98322,53.07,253.069061279,5.136,57 4c 01 66 00 00 03 bb 00 00 80 50 00 48 00 41 f7 c7 00 02 00 00 ff 80 ff df 00 04 00 2c 1c 0d 00 01 80 12 00 00 14 bb 43 7d 11 ae 00 00 14 10
956,45888,WL,flash_sample,48,32.868,1,110,0,1,1,1,0,1,1,0,956,32868,0.035136,0.030744,-1.028216,0.083336,0.010417,-1.343793,-3.15,1.47,2.8,53.078125,98327,53.14,252.641021729,5.136,57 4c 01 6e 00 00 03 bc 00 00 80 64 00 48 00 3f f7 c5 00 08 00 01 ff 7f ff d3 00 15 00 28 1c 14 00 01 80 17 00 00 14 c2 43 7c a4 1a 00 00 14 10
957,45936,WL,flash_sample,48,32.888,1,110,0,1,1,1,0,1,1,0,957,32888,0.035136,0.03172,-1.028216,0.031251,-0.010417,-1.333376,-3.08,1.54,2.87,53.0625,98329,53.21,252.471908569,5.136,57 4c 01 6e 00 00 03 bd 00 00 80 78 00 48 00 41 f7 c5 00 03 ff ff ff 80 ff d4 00 16 00 29 1c 10 00 01 80 19 00 00 14 c9 43 7c 78 cf 00 00 14 10
958,45984,WL,flash_sample,48,32.909,1,110,0,1,1,1,0,1,1,0,958,32909,0.035624,0.031232,-1.029192,0.010417,0.0,-1.385461,-3.15,1.54,2.8,53.0859375,98327,53.27,252.641021729,5.136,57 4c 01 6e 00 00 03 be 00 00 80 8d 00 49 00 40 f7 c3 00 01 00 00 ff 7b ff d3 00 16 00 28 1c 16 00 01 80 17 00 00 14 cf 43 7c a4 1a 00 00 14 10
959,46032,WL,flash_sample,48,32.928,1,102,0,1,1,0,0,1,1,0,959,32928,0.036112,0.03172,-1.02968,0.041668,-0.010417,-1.343793,-3.22,1.47,2.87,53.109375,98327,53.32,252.641021729,5.14,57 4c 01 66 00 00 03 bf 00 00 80 a0 00 4a 00 41 f7 c2 00 04 ff ff ff 7f ff d2 00 15 00 29 1c 1c 00 01 80 17 00 00 14 d4 43 7c a4 1a 00 00 14 14
960,46080,WL,flash_sample,48,32.948,1,102,0,1,1,0,0,1,1,0,960,32948,0.035624,0.03172,-1.028704,0.041668,0.010417,-1.333376,-3.15,1.54,2.87,53.1015625,98328,53.38,252.556472778,5.14,57 4c 01 66 00 00 03 c0 00 00 80 b4 00 49 00 41 f7 c4 00 04 00 01 ff 80 ff d3 00 16 00 29 1c 1a 00 01 80 18 00 00 14 da 43 7c 8e 75 00 00 14 14
961,46128,WL,flash_sample,48,32.968,1,102,0,1,1,0,0,1,1,0,961,32968,0.036112,0.032208,-1.029192,0.020834,-0.010417,-1.35421,-3.15,1.54,2.8,53.09375,98330,53.43,252.384719849,5.14,57 4c 01 66 00 00 03 c1 00 00 80 c8 00 4a 00 42 f7 c3 00 02 ff ff ff 7e ff d3 00 16 00 28 1c 18 00 01 80 1a 00 00 14 df 43 7c 62 7d 00 00 14 14
962,46176,WL,flash_sample,48,32.988,1,110,0,1,1,1,0,1,1,0,962,32988,0.036112,0.03172,-1.029192,0.052085,-0.041668,-1.35421,-3.15,1.54,2.87,53.109375,98330,53.43,252.384719849,5.14,57 4c 01 6e 00 00 03 c2 00 00 80 dc 00 4a 00 41 f7 c3 00 05 ff fc ff 7e ff d3 00 16 00 29 1c 1c 00 01 80 1a 00 00 14 df 43 7c 62 7d 00 00 14 14
963,46224,WL,flash_sample,48,33.008,1,110,0,1,1,1,0,1,1,0,963,33008,0.036112,0.03172,-1.029192,0.052085,-0.041668,-1.35421,-3.15,1.54,2.87,53.109375,98330,53.43,252.384719849,5.14,57 4c 01 6e 00 00 03 c3 00 00 80 f0 00 4a 00 41 f7 c3 00 05 ff fc ff 7e ff d3 00 16 00 29 1c 1c 00 01 80 1a 00 00 14 df 43 7c 62 7d 00 00 14 14
964,46272,WL,flash_sample,48,33.028,1,110,0,1,1,1,0,1,1,0,964,33028,0.036112,0.03172,-1.029192,0.052085,-0.041668,-1.35421,-3.15,1.54,2.87,53.109375,98330,53.43,252.384719849,5.14,57 4c 01 6e 00 00 03 c4 00 00 81 04 00 4a 00 41 f7 c3 00 05 ff fc ff 7e ff d3 00 16 00 29 1c 1c 00 01 80 1a 00 00 14 df 43 7c 62 7d 00 00 14 14
965,46320,WL,flash_sample,48,33.048,1,110,0,1,1,1,0,1,1,0,965,33048,0.036112,0.03172,-1.029192,0.052085,-0.041668,-1.35421,-3.15,1.54,2.87,53.109375,98330,53.43,252.384719849,5.14,57 4c 01 6e 00 00 03 c5 00 00 81 18 00 4a 00 41 f7 c3 00 05 ff fc ff 7e ff d3 00 16 00 29 1c 1c 00 01 80 1a 00 00 14 df 43 7c 62 7d 00 00 14 14
966,46368,WL,flash_sample,48,33.068,1,102,0,1,1,0,0,1,1,0,966,33068,0.035136,0.03172,-1.026264,0.052085,-0.010417,-1.343793,-0.49,-0.98,1.26,53.109375,98340,53.47,251.533905029,5.132,57 4c 01 66 00 00 03 c6 00 00 81 2c 00 48 00 41 f7 c9 00 05 ff ff ff 7f ff f9 ff f2 00 12 1c 1c 00 01 80 24 00 00 14 e3 43 7b 88 ae 00 00 14 0c
967,46416,WL,flash_sample,48,33.088,1,102,0,1,1,0,0,1,1,0,967,33088,0.034648,0.030744,-1.02724,0.052085,-0.031251,-1.322959,-1.68,-0.21,2.45,53.1171875,98321,53.3,253.153625488,5.132,57 4c 01 66 00 00 03 c7 00 00 81 40 00 47 00 3f f7 c7 00 05 ff fd ff 81 ff e8 ff fd 00 23 1c 1e 00 01 80 11 00 00 14 d2 43 7d 27 54 00 00 14 0c
968,46464,WL,flash_sample,48,33.108,1,110,0,1,1,1,0,1,1,0,968,33108,0.034648,0.031232,-1.027728,0.072919,-0.010417,-1.312542,-3.01,1.26,3.01,53.0859375,98331,53.36,252.300170898,5.132,57 4c 01 6e 00 00 03 c8 00 00 81 54 00 47 00 40 f7 c6 00 07 ff ff ff 82 ff d5 00 12 00 2b 1c 16 00 01 80 1b 00 00 14 d8 43 7c 4c d8 00 00 14 0c
969,46512,WL,flash_sample,48,33.128,1,110,0,1,1,1,0,1,1,0,969,33128,0.035624,0.03172,-1.027728,0.062502,0.020834,-1.322959,-3.22,1.54,2.87,53.09375,98334,53.41,252.043869019,5.136,57 4c 01 6e 00 00 03 c9 00 00 81 68 00 49 00 41 f7 c6 00 06 00 02 ff 81 ff d2 00 16 00 29 1c 18 00 01 80 1e 00 00 14 dd 43 7c 0b 3b 00 00 14 10
970,46560,WL,flash_sample,48,33.148,1,110,0,1,1,1,0,1,1,0,970,33148,0.036112,0.03172,-1.028216,0.020834,0.010417,-1.375044,-3.22,1.54,2.87,53.13671875,98331,53.45,252.300170898,5.136,57 4c 01 6e 00 00 03 ca 00 00 81 7c 00 4a 00 41 f7 c5 00 02 00 01 ff 7c ff d2 00 16 00 29 1c 23 00 01 80 1b 00 00 14 e1 43 7c 4c d8 00 00 14 10
971,46608,WL,flash_sample,48,33.168,1,102,0,1,1,0,0,1,1,0,971,33168,0.034648,0.03172,-1.028216,0.052085,0.031251,-1.343793,-3.15,1.54,2.87,53.12890625,98336,53.5,251.874755859,5.136,57 4c 01 66 00 00 03 cb 00 00 81 90 00 47 00 41 f7 c5 00 05 00 03 ff 7f ff d3 00 16 00 29 1c 21 00 01 80 20 00 00 14 e6 43 7b df f0 00 00 14 10
972,46656,WL,flash_sample,48,33.188,1,102,0,1,1,0,0,1,1,0,972,33188,0.036112,0.03172,-1.028704,0.041668,-0.052085,-1.343793,-3.15,1.54,2.8,53.13671875,98335,53.54,251.959320068,5.136,57 4c 01 66 00 00 03 cc 00 00 81 a4 00 4a 00 41 f7 c4 00 04 ff fb ff 7f ff d3 00 16 00 28 1c 23 00 01 80 1f 00 00 14 ea 43 7b f5 96 00 00 14 10
973,46704,WL,flash_sample,48,33.208,1,102,0,1,1,0,0,1,1,0,973,33208,0.036112,0.03172,-1.028216,0.062502,-0.010417,-1.343793,-3.22,1.54,2.8,53.0859375,98336,53.58,251.874755859,5.136,57 4c 01 66 00 00 03 cd 00 00 81 b8 00 4a 00 41 f7 c5 00 06 ff ff ff 7f ff d2 00 16 00 28 1c 16 00 01 80 20 00 00 14 ee 43 7b df f0 00 00 14 10
974,46752,WL,flash_sample,48,33.228,1,110,0,1,1,1,0,1,1,0,974,33228,0.035136,0.03172,-1.028216,0.062502,0.0,-1.312542,-3.15,1.54,2.87,53.12890625,98336,53.62,251.874755859,5.12,57 4c 01 6e 00 00 03 ce 00 00 81 cc 00 48 00 41 f7 c5 00 06 00 00 ff 82 ff d3 00 16 00 29 1c 21 00 01 80 20 00 00 14 f2 43 7b df f0 00 00 14 00
975,46800,WL,flash_sample,48,33.248,1,111,1,1,1,1,0,1,1,0,975,33248,0.035136,0.03172,-1.028216,0.062502,0.0,-1.312542,-3.15,1.54,2.87,53.12890625,98336,53.62,251.874755859,5.12,57 4c 01 6f 00 00 03 cf 00 00 81 e0 00 48 00 41 f7 c5 00 06 00 00 ff 82 ff d3 00 16 00 29 1c 21 00 01 80 20 00 00 14 f2 43 7b df f0 00 00 14 00
976,46848,WL,flash_sample,48,33.268,1,111,1,1,1,1,0,1,1,0,976,33268,0.035136,0.03172,-1.028216,0.062502,0.0,-1.312542,-3.15,1.54,2.87,53.12890625,98336,53.62,251.874755859,5.12,57 4c 01 6f 00 00 03 d0 00 00 81 f4 00 48 00 41 f7 c5 00 06 00 00 ff 82 ff d3 00 16 00 29 1c 21 00 01 80 20 00 00 14 f2 43 7b df f0 00 00 14 00
977,46896,WL,flash_sample,48,33.288,1,111,1,1,1,1,0,1,1,0,977,33288,0.035136,0.03172,-1.028216,0.062502,0.0,-1.312542,-3.15,1.54,2.87,53.12890625,98336,53.62,251.874755859,5.12,57 4c 01 6f 00 00 03 d1 00 00 82 08 00 48 00 41 f7 c5 00 06 00 00 ff 82 ff d3 00 16 00 29 1c 21 00 01 80 20 00 00 14 f2 43 7b df f0 00 00 14 00
978,46944,WL,flash_sample,48,33.31,1,65,1,0,0,0,0,0,1,0,978,33310,0.035136,0.031232,-1.028216,0.052085,-0.010417,-1.375044,-0.21,0.0,-0.28,53.12890625,98343,53.65,251.277603149,5.12,57 4c 01 41 00 00 03 d2 00 00 82 1e 00 48 00 40 f7 c5 00 05 ff ff ff 7c ff fd 00 00 ff fc 1c 21 00 01 80 27 00 00 14 f5 43 7b 47 11 00 00 14 00
979,46992,WL,flash_sample,48,33.328,1,103,1,1,1,0,0,1,1,0,979,33328,0.035136,0.030744,-1.027728,0.072919,0.010417,-1.364627,-0.98,-0.77,1.75,53.13671875,98333,53.44,252.131057739,5.144,57 4c 01 67 00 00 03 d3 00 00 82 30 00 48 00 3f f7 c6 00 07 00 01 ff 7d ff f2 ff f5 00 19 1c 23 00 01 80 1d 00 00 14 e0 43 7c 21 8d 00 00 14 18
980,47040,WL,flash_sample,48,33.348,1,111,1,1,1,1,0,1,1,0,980,33348,0.036112,0.032208,-1.028704,0.010417,-0.020834,-1.35421,-2.52,0.49,3.29,53.16796875,98336,53.49,251.874755859,5.144,57 4c 01 6f 00 00 03 d4 00 00 82 44 00 4a 00 42 f7 c4 00 01 ff fe ff 7e ff dc 00 07 00 2f 1c 2b 00 01 80 20 00 00 14 e5 43 7b df f0 00 00 14 18
981,47088,WL,flash_sample,48,33.368,1,111,1,1,1,1,0,1,1,0,981,33368,0.035624,0.031232,-1.028216,0.052085,0.010417,-1.343793,-3.15,1.54,2.8,53.16015625,98334,53.53,252.043869019,5.144,57 4c 01 6f 00 00 03 d5 00 00 82 58 00 49 00 40 f7 c5 00 05 00 01 ff 7f ff d3 00 16 00 28 1c 29 00 01 80 1e 00 00 14 e9 43 7c 0b 3b 00 00 14 18
982,47136,WL,flash_sample,48,33.388,1,111,1,1,1,1,0,1,1,0,982,33388,0.036112,0.03172,-1.028216,0.031251,-0.020834,-1.35421,-3.22,1.54,2.8,53.12890625,98336,53.57,251.874755859,5.144,57 4c 01 6f 00 00 03 d6 00 00 82 6c 00 4a 00 41 f7 c5 00 03 ff fe ff 7e ff d2 00 16 00 28 1c 21 00 01 80 20 00 00 14 ed 43 7b df f0 00 00 14 18
983,47184,WL,flash_sample,48,33.409,1,103,1,1,1,0,0,1,1,0,983,33409,0.035136,0.03172,-1.028216,0.052085,-0.062502,-1.322959,-3.22,1.54,2.94,53.19921875,98336,53.61,251.874755859,5.144,57 4c 01 67 00 00 03 d7 00 00 82 81 00 48 00 41 f7 c5 00 05 ff fa ff 81 ff d2 00 16 00 2a 1c 33 00 01 80 20 00 00 14 f1 43 7b df f0 00 00 14 18
984,47232,WL,flash_sample,48,33.428,1,103,1,1,1,0,0,1,1,0,984,33428,0.035624,0.03172,-1.02968,0.052085,0.0,-1.375044,-3.22,1.47,2.94,53.1640625,98336,53.64,251.874755859,5.132,57 4c 01 67 00 00 03 d8 00 00 82 94 00 49 00 41 f7 c2 00 05 00 00 ff 7c ff d2 00 15 00 2a 1c 2a 00 01 80 20 00 00 14 f4 43 7b df f0 00 00 14 0c
985,47280,WL,flash_sample,48,33.448,1,111,1,1,1,1,0,1,1,0,985,33448,0.036112,0.032696,-1.028216,0.052085,-0.031251,-1.364627,-3.15,1.54,2.87,53.1796875,98340,53.67,251.533905029,5.132,57 4c 01 6f 00 00 03 d9 00 00 82 a8 00 4a 00 43 f7 c5 00 05 ff fd ff 7d ff d3 00 16 00 29 1c 2e 00 01 80 24 00 00 14 f7 43 7b 88 ae 00 00 14 0c
986,47328,WL,flash_sample,48,33.468,1,111,1,1,1,1,0,1,1,0,986,33468,0.036112,0.03172,-1.028704,0.062502,-0.020834,-1.343793,-3.22,1.54,2.87,53.1328125,98335,53.71,251.959320068,5.132,57 4c 01 6f 00 00 03 da 00 00 82 bc 00 4a 00 41 f7 c4 00 06 ff fe ff 7f ff d2 00 16 00 29 1c 22 00 01 80 1f 00 00 14 fb 43 7b f5 96 00 00 14 0c
987,47376,WL,flash_sample,48,33.488,1,103,1,1,1,0,0,1,1,0,987,33488,0.035624,0.031232,-1.028216,0.062502,-0.010417,-1.364627,-3.15,1.54,2.87,53.1328125,98335,53.71,251.959320068,5.132,57 4c 01 67 00 00 03 db 00 00 82 d0 00 49 00 40 f7 c5 00 06 ff ff ff 7d ff d3 00 16 00 29 1c 22 00 01 80 1f 00 00 14 fb 43 7b f5 96 00 00 14 0c
988,47424,WL,flash_sample,48,33.508,1,103,1,1,1,0,0,1,1,0,988,33508,0.035624,0.031232,-1.028216,0.062502,-0.010417,-1.364627,-3.15,1.54,2.87,53.1328125,98335,53.71,251.959320068,5.132,57 4c 01 67 00 00 03 dc 00 00 82 e4 00 49 00 40 f7 c5 00 06 ff ff ff 7d ff d3 00 16 00 29 1c 22 00 01 80 1f 00 00 14 fb 43 7b f5 96 00 00 14 0c
989,47472,WL,flash_sample,48,33.528,1,103,1,1,1,0,0,1,1,0,989,33528,0.035624,0.031232,-1.028216,0.062502,-0.010417,-1.364627,-3.15,1.54,2.87,53.1328125,98335,53.71,251.959320068,5.132,57 4c 01 67 00 00 03 dd 00 00 82 f8 00 49 00 40 f7 c5 00 06 ff ff ff 7d ff d3 00 16 00 29 1c 22 00 01 80 1f 00 00 14 fb 43 7b f5 96 00 00 14 0c
990,47520,WL,flash_sample,48,33.548,1,103,1,1,1,0,0,1,1,0,990,33548,0.035624,0.031232,-1.028216,0.062502,-0.010417,-1.364627,-3.15,1.54,2.87,53.1328125,98335,53.71,251.959320068,5.132,57 4c 01 67 00 00 03 de 00 00 83 0c 00 49 00 40 f7 c5 00 06 ff ff ff 7d ff d3 00 16 00 29 1c 22 00 01 80 1f 00 00 14 fb 43 7b f5 96 00 00 14 0c
991,47568,WL,flash_sample,48,33.568,1,111,1,1,1,1,0,1,1,0,991,33568,0.035624,0.031232,-1.026264,-0.010417,-0.010417,-1.343793,-0.21,0.14,-0.35,53.15234375,98343,53.73,251.277603149,5.132,57 4c 01 6f 00 00 03 df 00 00 83 20 00 49 00 40 f7 c9 ff ff ff ff ff 7f ff fd 00 02 ff fb 1c 27 00 01 80 27 00 00 14 fd 43 7b 47 11 00 00 14 0c
992,47616,WL,flash_sample,48,33.588,1,111,1,1,1,1,0,1,1,0,992,33588,0.035624,0.031232,-1.026264,-0.010417,-0.010417,-1.343793,-0.21,0.14,-0.35,53.15234375,98343,53.73,251.277603149,5.132,57 4c 01 6f 00 00 03 e0 00 00 83 34 00 49 00 40 f7 c9 ff ff ff ff ff 7f ff fd 00 02 ff fb 1c 27 00 01 80 27 00 00 14 fd 43 7b 47 11 00 00 14 0c
993,47664,WL,flash_sample,48,33.608,1,111,1,1,1,1,0,1,1,0,993,33608,0.035624,0.031232,-1.026264,-0.010417,-0.010417,-1.343793,-0.21,0.14,-0.35,53.15234375,98343,53.73,251.277603149,5.132,57 4c 01 6f 00 00 03 e1 00 00 83 48 00 49 00 40 f7 c9 ff ff ff ff ff 7f ff fd 00 02 ff fb 1c 27 00 01 80 27 00 00 14 fd 43 7b 47 11 00 00 14 0c
994,47712,WL,flash_sample,48,33.628,1,111,1,1,1,1,0,1,1,0,994,33628,0.035624,0.031232,-1.026264,-0.010417,-0.010417,-1.343793,-0.21,0.14,-0.35,53.15234375,98343,53.73,251.277603149,5.132,57 4c 01 6f 00 00 03 e2 00 00 83 5c 00 49 00 40 f7 c9 ff ff ff ff ff 7f ff fd 00 02 ff fb 1c 27 00 01 80 27 00 00 14 fd 43 7b 47 11 00 00 14 0c
995,47760,WL,flash_sample,48,33.648,1,111,1,1,1,1,0,1,1,0,995,33648,0.035624,0.031232,-1.026264,-0.010417,-0.010417,-1.343793,-0.21,0.14,-0.35,53.15234375,98343,53.73,251.277603149,5.132,57 4c 01 6f 00 00 03 e3 00 00 83 70 00 49 00 40 f7 c9 ff ff ff ff ff 7f ff fd 00 02 ff fb 1c 27 00 01 80 27 00 00 14 fd 43 7b 47 11 00 00 14 0c
996,47808,WL,flash_sample,48,33.668,1,111,1,1,1,1,0,1,1,0,996,33668,0.035624,0.031232,-1.026264,-0.010417,-0.010417,-1.343793,-0.21,0.14,-0.35,53.15234375,98343,53.73,251.277603149,5.132,57 4c 01 6f 00 00 03 e4 00 00 83 84 00 49 00 40 f7 c9 ff ff ff ff ff 7f ff fd 00 02 ff fb 1c 27 00 01 80 27 00 00 14 fd 43 7b 47 11 00 00 14 0c
997,47856,WL,flash_sample,48,33.689,1,111,1,1,1,1,0,1,1,0,997,33689,0.036112,0.03172,-1.027728,0.052085,0.0,-1.343793,-0.21,0.07,-0.35,53.09375,98343,53.73,251.277603149,5.132,57 4c 01 6f 00 00 03 e5 00 00 83 99 00 4a 00 41 f7 c6 00 05 00 00 ff 7f ff fd 00 01 ff fb 1c 18 00 01 80 27 00 00 14 fd 43 7b 47 11 00 00 14 0c
998,47904,WL,flash_sample,48,33.708,1,111,1,1,1,1,0,1,1,0,998,33708,0.036112,0.03172,-1.027728,0.052085,0.0,-1.343793,-0.21,0.07,-0.35,53.09375,98343,53.73,251.277603149,5.132,57 4c 01 6f 00 00 03 e6 00 00 83 ac 00 4a 00 41 f7 c6 00 05 00 00 ff 7f ff fd 00 01 ff fb 1c 18 00 01 80 27 00 00 14 fd 43 7b 47 11 00 00 14 0c
999,47952,WL,flash_sample,48,33.728,1,111,1,1,1,1,0,1,1,0,999,33728,0.036112,0.03172,-1.027728,0.052085,0.0,-1.343793,-0.21,0.07,-0.35,53.09375,98343,53.73,251.277603149,5.132,57 4c 01 6f 00 00 03 e7 00 00 83 c0 00 4a 00 41 f7 c6 00 05 00 00 ff 7f ff fd 00 01 ff fb 1c 18 00 01 80 27 00 00 14 fd 43 7b 47 11 00 00 14 0c
1000,48000,WL,flash_sample,48,33.748,1,111,1,1,1,1,0,1,1,0,1000,33748,0.035624,0.03172,-1.026752,0.010417,0.020834,-1.343793,-0.21,-0.21,-0.14,53.14453125,98393,53.51,247.012969971,5.132,57 4c 01 6f 00 00 03 e8 00 00 83 d4 00 49 00 41 f7 c8 00 01 00 02 ff 7f ff fd ff fd ff fe 1c 25 00 01 80 59 00 00 14 e7 43 77 03 52 00 00 14 0c
1001,48048,WL,flash_sample,48,33.768,1,111,1,1,1,1,0,1,1,0,1001,33768,0.035624,0.03172,-1.026752,0.010417,0.020834,-1.343793,-0.21,-0.21,-0.14,53.14453125,98393,53.51,247.012969971,5.132,57 4c 01 6f 00 00 03 e9 00 00 83 e8 00 49 00 41 f7 c8 00 01 00 02 ff 7f ff fd ff fd ff fe 1c 25 00 01 80 59 00 00 14 e7 43 77 03 52 00 00 14 0c
1002,48096,WL,flash_sample,48,33.788,1,111,1,1,1,1,0,1,1,0,1002,33788,0.035624,0.03172,-1.026752,0.010417,0.020834,-1.343793,-0.21,-0.21,-0.14,53.14453125,98393,53.51,247.012969971,5.132,57 4c 01 6f 00 00 03 ea 00 00 83 fc 00 49 00 41 f7 c8 00 01 00 02 ff 7f ff fd ff fd ff fe 1c 25 00 01 80 59 00 00 14 e7 43 77 03 52 00 00 14 0c
1003,48144,WL,flash_sample,48,33.808,1,111,1,1,1,1,0,1,1,0,1003,33808,0.035624,0.03172,-1.026752,0.010417,0.020834,-1.343793,-0.21,-0.21,-0.14,53.14453125,98393,53.51,247.012969971,5.132,57 4c 01 6f 00 00 03 eb 00 00 84 10 00 49 00 41 f7 c8 00 01 00 02 ff 7f ff fd ff fd ff fe 1c 25 00 01 80 59 00 00 14 e7 43 77 03 52 00 00 14 0c
1004,48192,WL,flash_sample,48,33.828,1,97,1,0,0,0,0,1,1,0,1004,33828,0.035136,0.03172,-1.028704,0.031251,-0.010417,-1.364627,-0.56,-1.05,1.33,53.1796875,98343,53.17,251.277603149,5.156,57 4c 01 61 00 00 03 ec 00 00 84 24 00 48 00 41 f7 c4 00 03 ff ff ff 7d ff f8 ff f1 00 13 1c 2e 00 01 80 27 00 00 14 c5 43 7b 47 11 00 00 14 24
1005,48240,WL,flash_sample,48,33.848,1,111,1,1,1,1,0,1,1,0,1005,33848,0.036112,0.03172,-1.027728,0.072919,0.010417,-1.312542,-1.68,-0.21,2.52,53.15625,98326,53.13,252.728210449,5.156,57 4c 01 6f 00 00 03 ed 00 00 84 38 00 4a 00 41 f7 c6 00 07 00 01 ff 82 ff e8 ff fd 00 24 1c 28 00 01 80 16 00 00 14 c1 43 7c ba 6c 00 00 14 24
1006,48288,WL,flash_sample,48,33.868,1,103,1,1,1,0,0,1,1,0,1006,33868,0.035624,0.031232,-1.028216,0.031251,-0.020834,-1.343793,-3.15,1.33,2.94,53.15234375,98324,53.2,252.897323608,5.156,57 4c 01 67 00 00 03 ee 00 00 84 4c 00 49 00 40 f7 c5 00 03 ff fe ff 7f ff d3 00 13 00 2a 1c 27 00 01 80 14 00 00 14 c8 43 7c e5 b7 00 00 14 24
1007,48336,WL,flash_sample,48,33.888,1,103,1,1,1,0,0,1,1,0,1007,33888,0.034648,0.03172,-1.027728,0.031251,-0.020834,-1.343793,-3.15,1.54,2.87,53.14453125,98325,53.26,252.812774658,5.156,57 4c 01 67 00 00 03 ef 00 00 84 60 00 47 00 41 f7 c6 00 03 ff fe ff 7f ff d3 00 16 00 29 1c 25 00 01 80 15 00 00 14 ce 43 7c d0 12 00 00 14 24
1008,48384,WL,flash_sample,48,33.908,1,103,1,1,1,0,0,1,1,0,1008,33908,0.035624,0.031232,-1.028704,0.052085,-0.010417,-1.312542,-3.15,1.54,2.8,53.15234375,98330,53.32,252.384719849,5.156,57 4c 01 67 00 00 03 f0 00 00 84 74 00 49 00 40 f7 c4 00 05 ff ff ff 82 ff d3 00 16 00 28 1c 27 00 01 80 1a 00 00 14 d4 43 7c 62 7d 00 00 14 24
1009,48432,WL,flash_sample,48,33.929,1,111,1,1,1,1,0,1,1,0,1009,33929,0.035624,0.03172,-1.028216,0.041668,-0.020834,-1.35421,-3.15,1.54,2.87,53.1640625,98324,53.38,252.897323608,5.128,57 4c 01 6f 00 00 03 f1 00 00 84 89 00 49 00 41 f7 c5 00 04 ff fe ff 7e ff d3 00 16 00 29 1c 2a 00 01 80 14 00 00 14 da 43 7c e5 b7 00 00 14 08
1010,48480,WL,flash_sample,48,33.948,1,111,1,1,1,1,0,1,1,0,1010,33948,0.035624,0.03172,-1.027728,0.010417,-0.031251,-1.35421,-3.15,1.54,2.8,53.19140625,98326,53.43,252.728210449,5.128,57 4c 01 6f 00 00 03 f2 00 00 84 9c 00 49 00 41 f7 c6 00 01 ff fd ff 7e ff d3 00 16 00 28 1c 31 00 01 80 16 00 00 14 df 43 7c ba 6c 00 00 14 08
1011,48528,WL,flash_sample,48,33.968,1,111,1,1,1,1,0,1,1,0,1011,33968,0.03416,0.032696,-1.029192,0.031251,0.031251,-1.343793,-3.22,1.54,2.87,53.15625,98330,53.49,252.384719849,5.128,57 4c 01 6f 00 00 03 f3 00 00 84 b0 00 46 00 43 f7 c3 00 03 00 03 ff 7f ff d2 00 16 00 29 1c 28 00 01 80 1a 00 00 14 e5 43 7c 62 7d 00 00 14 08
1012,48576,WL,flash_sample,48,33.988,1,103,1,1,1,0,0,1,1,0,1012,33988,0.035624,0.031232,-1.029192,0.031251,-0.010417,-1.343793,-3.15,1.54,2.8,53.16796875,98330,53.53,252.384719849,5.128,57 4c 01 67 00 00 03 f4 00 00 84 c4 00 49 00 40 f7 c3 00 03 ff ff ff 7f ff d3 00 16 00 28 1c 2b 00 01 80 1a 00 00 14 e9 43 7c 62 7d 00 00 14 08
1013,48624,WL,flash_sample,48,34.008,1,103,1,1,1,0,0,1,1,0,1013,34008,0.035624,0.031232,-1.029192,0.031251,-0.010417,-1.343793,-3.15,1.54,2.8,53.16796875,98330,53.53,252.384719849,5.128,57 4c 01 67 00 00 03 f5 00 00 84 d8 00 49 00 40 f7 c3 00 03 ff ff ff 7f ff d3 00 16 00 28 1c 2b 00 01 80 1a 00 00 14 e9 43 7c 62 7d 00 00 14 08
1014,48672,WL,flash_sample,48,34.028,1,103,1,1,1,0,0,1,1,0,1014,34028,0.035624,0.031232,-1.029192,0.031251,-0.010417,-1.343793,-3.15,1.54,2.8,53.16796875,98330,53.53,252.384719849,5.128,57 4c 01 67 00 00 03 f6 00 00 84 ec 00 49 00 40 f7 c3 00 03 ff ff ff 7f ff d3 00 16 00 28 1c 2b 00 01 80 1a 00 00 14 e9 43 7c 62 7d 00 00 14 08
1015,48720,WL,flash_sample,48,34.048,1,103,1,1,1,0,0,1,1,0,1015,34048,0.035624,0.031232,-1.029192,0.031251,-0.010417,-1.343793,-3.15,1.54,2.8,53.16796875,98330,53.53,252.384719849,5.128,57 4c 01 67 00 00 03 f7 00 00 85 00 00 49 00 40 f7 c3 00 03 ff ff ff 7f ff d3 00 16 00 28 1c 2b 00 01 80 1a 00 00 14 e9 43 7c 62 7d 00 00 14 08
1016,48768,WL,flash_sample,48,34.071,1,65,1,0,0,0,0,0,1,0,1016,34071,0.035136,0.03172,-1.02724,0.010417,-0.041668,-1.343793,-0.21,0.0,-0.28,53.17578125,98330,53.53,252.384719849,5.144,57 4c 01 41 00 00 03 f8 00 00 85 17 00 48 00 41 f7 c7 00 01 ff fc ff 7f ff fd 00 00 ff fc 1c 2d 00 01 80 1a 00 00 14 e9 43 7c 62 7d 00 00 14 18
1017,48816,WL,flash_sample,48,34.088,1,111,1,1,1,1,0,1,1,0,1017,34088,0.035624,0.032208,-1.027728,0.010417,-0.010417,-1.343793,-0.98,-0.7,1.82,53.171875,98370,53.58,248.97354126,5.144,57 4c 01 6f 00 00 03 f9 00 00 85 28 00 49 00 42 f7 c6 00 01 ff ff ff 7f ff f2 ff f6 00 1a 1c 2c 00 01 80 42 00 00 14 ee 43 78 f9 3a 00 00 14 18
1018,48864,WL,flash_sample,48,34.108,1,103,1,1,1,0,0,1,1,0,1018,34108,0.036112,0.030744,-1.028704,0.041668,-0.020834,-1.312542,-2.52,0.42,3.29,53.171875,98333,53.43,252.131057739,5.144,57 4c 01 67 00 00 03 fa 00 00 85 3c 00 4a 00 3f f7 c4 00 04 ff fe ff 82 ff dc 00 06 00 2f 1c 2c 00 01 80 1d 00 00 14 df 43 7c 21 8d 00 00 14 18
1019,48912,WL,flash_sample,48,34.128,1,103,1,1,1,0,0,1,1,0,1019,34128,0.035624,0.03172,-1.029192,0.041668,-0.020834,-1.343793,-3.15,1.54,2.87,53.1953125,98332,53.47,252.215606689,5.144,57 4c 01 67 00 00 03 fb 00 00 85 50 00 49 00 41 f7 c3 00 04 ff fe ff 7f ff d3 00 16 00 29 1c 32 00 01 80 1c 00 00 14 e3 43 7c 37 32 00 00 14 18
1020,48960,WL,flash_sample,48,34.148,1,103,1,1,1,0,0,1,1,0,1020,34148,0.035624,0.030744,-1.029192,0.052085,0.020834,-1.322959,-3.22,1.54,2.87,53.18359375,98330,53.52,252.384719849,5.144,57 4c 01 67 00 00 03 fc 00 00 85 64 00 49 00 3f f7 c3 00 05 00 02 ff 81 ff d2 00 16 00 29 1c 2f 00 01 80 1a 00 00 14 e8 43 7c 62 7d 00 00 14 18
1021,49008,WL,flash_sample,48,34.169,1,111,1,1,1,1,0,1,1,0,1021,34169,0.035624,0.03172,-1.028704,0.052085,-0.010417,-1.343793,-3.15,1.54,2.87,53.2421875,98334,53.56,252.043869019,5.144,57 4c 01 6f 00 00 03 fd 00 00 85 79 00 49 00 41 f7 c4 00 05 ff ff ff 7f ff d3 00 16 00 29 1c 3e 00 01 80 1e 00 00 14 ec 43 7c 0b 3b 00 00 14 18
1022,49056,WL,flash_sample,48,34.188,1,111,1,1,1,1,0,1,1,0,1022,34188,0.035136,0.03172,-1.028704,0.052085,0.0,-1.343793,-3.22,1.54,2.87,53.17578125,98335,53.6,251.959320068,5.144,57 4c 01 6f 00 00 03 fe 00 00 85 8c 00 48 00 41 f7 c4 00 05 00 00 ff 7f ff d2 00 16 00 29 1c 2d 00 01 80 1f 00 00 14 f0 43 7b f5 96 00 00 14 18
1023,49104,WL,flash_sample,48,34.208,1,111,1,1,1,1,0,1,1,0,1023,34208,0.035136,0.03172,-1.028704,0.020834,-0.031251,-1.322959,-3.15,1.54,2.8,53.2265625,98334,53.65,252.043869019,5.144,57 4c 01 6f 00 00 03 ff 00 00 85 a0 00 48 00 41 f7 c4 00 02 ff fd ff 81 ff d3 00 16 00 28 1c 3a 00 01 80 1e 00 00 14 f5 43 7c 0b 3b 00 00 14 18
1024,49152,WL,flash_sample,48,34.228,1,103,1,1,1,0,0,1,1,0,1024,34228,0.035624,0.03172,-1.028216,0.020834,-0.010417,-1.333376,-3.22,1.54,2.87,53.1640625,98340,53.68,251.533905029,5.124,57 4c 01 67 00 00 04 00 00 00 85 b4 00 49 00 41 f7 c5 00 02 ff ff ff 80 ff d2 00 16 00 29 1c 2a 00 01 80 24 00 00 14 f8 43 7b 88 ae 00 00 14 04
1025,49200,WL,flash_sample,48,34.248,1,110,0,1,1,1,0,1,1,0,1025,34248,0.036112,0.031232,-1.028704,0.020834,0.0,-1.312542,-3.15,1.61,2.8,53.19921875,98337,53.71,251.787567139,5.124,57 4c 01 6e 00 00 04 01 00 00 85 c8 00 4a 00 40 f7 c4 00 02 00 00 ff 82 ff d3 00 17 00 28 1c 33 00 01 80 21 00 00 14 fb 43 7b c9 9e 00 00 14 04
1026,49248,WL,flash_sample,48,34.268,1,110,0,1,1,1,0,1,1,0,1026,34268,0.036112,0.031232,-1.028704,0.020834,0.0,-1.312542,-3.15,1.61,2.8,53.19921875,98337,53.71,251.787567139,5.124,57 4c 01 6e 00 00 04 02 00 00 85 dc 00 4a 00 40 f7 c4 00 02 00 00 ff 82 ff d3 00 17 00 28 1c 33 00 01 80 21 00 00 14 fb 43 7b c9 9e 00 00 14 04
1027,49296,WL,flash_sample,48,34.288,1,110,0,1,1,1,0,1,1,0,1027,34288,0.036112,0.031232,-1.028704,0.020834,0.0,-1.312542,-3.15,1.61,2.8,53.19921875,98337,53.71,251.787567139,5.124,57 4c 01 6e 00 00 04 03 00 00 85 f0 00 4a 00 40 f7 c4 00 02 00 00 ff 82 ff d3 00 17 00 28 1c 33 00 01 80 21 00 00 14 fb 43 7b c9 9e 00 00 14 04
1028,49344,WL,flash_sample,48,34.308,1,110,0,1,1,1,0,1,1,0,1028,34308,0.036112,0.031232,-1.028704,0.020834,0.0,-1.312542,-3.15,1.61,2.8,53.19921875,98337,53.71,251.787567139,5.124,57 4c 01 6e 00 00 04 04 00 00 86 04 00 4a 00 40 f7 c4 00 02 00 00 ff 82 ff d3 00 17 00 28 1c 33 00 01 80 21 00 00 14 fb 43 7b c9 9e 00 00 14 04
1029,49392,WL,flash_sample,48,34.328,1,102,0,1,1,0,0,1,1,0,1029,34328,0.035136,0.031232,-1.02724,0.031251,0.0,-1.333376,-0.84,-0.77,1.68,53.1953125,98381,53.75,248.03553772,5.14,57 4c 01 66 00 00 04 05 00 00 86 18 00 48 00 40 f7 c7 00 03 00 00 ff 80 ff f4 ff f5 00 18 1c 32 00 01 80 4d 00 00 14 ff 43 78 09 19 00 00 14 14
1030,49440,WL,flash_sample,48,34.348,1,102,0,1,1,0,0,1,1,0,1030,34348,0.035136,0.031232,-1.027728,0.083336,-0.010417,-1.281291,-1.89,0.0,2.73,53.17578125,98334,53.55,252.043869019,5.14,57 4c 01 66 00 00 04 06 00 00 86 2c 00 48 00 40 f7 c6 00 08 ff ff ff 85 ff e5 00 00 00 27 1c 2d 00 01 80 1e 00 00 14 eb 43 7c 0b 3b 00 00 14 14
1031,49488,WL,flash_sample,48,34.368,1,102,0,1,1,0,0,1,1,0,1031,34368,0.035624,0.032208,-1.02968,0.041668,0.0,-1.302125,-2.8,0.84,3.36,53.18359375,98337,53.6,251.787567139,5.14,57 4c 01 66 00 00 04 07 00 00 86 40 00 49 00 42 f7 c2 00 04 00 00 ff 83 ff d8 00 0c 00 30 1c 2f 00 01 80 21 00 00 14 f0 43 7b c9 9e 00 00 14 14
1032,49536,WL,flash_sample,48,34.388,1,110,0,1,1,1,0,1,1,0,1032,34388,0.035624,0.032208,-1.028704,0.031251,-0.020834,-1.333376,-3.15,1.47,2.94,53.1953125,98334,53.64,252.043869019,5.14,57 4c 01 6e 00 00 04 08 00 00 86 54 00 49 00 42 f7 c4 00 03 ff fe ff 80 ff d3 00 15 00 2a 1c 32 00 01 80 1e 00 00 14 f4 43 7c 0b 3b 00 00 14 14
1033,49584,WL,flash_sample,48,34.408,1,110,0,1,1,1,0,1,1,0,1033,34408,0.035136,0.032208,-1.028704,0.041668,-0.052085,-1.333376,-3.15,1.54,2.87,53.17578125,98335,53.67,251.959320068,5.14,57 4c 01 6e 00 00 04 09 00 00 86 68 00 48 00 42 f7 c4 00 04 ff fb ff 80 ff d3 00 16 00 29 1c 2d 00 01 80 1f 00 00 14 f7 43 7b f5 96 00 00 14 14
1034,49632,WL,flash_sample,48,34.429,1,110,0,1,1,1,0,1,1,0,1034,34429,0.035136,0.031232,-1.028704,0.031251,-0.010417,-1.312542,-3.22,1.4,3.01,53.18359375,98335,53.71,251.959320068,5.12,57 4c 01 6e 00 00 04 0a 00 00 86 7d 00 48 00 40 f7 c4 00 03 ff ff ff 82 ff d2 00 14 00 2b 1c 2f 00 01 80 1f 00 00 14 fb 43 7b f5 96 00 00 14 00
1035,49680,WL,flash_sample,48,34.448,1,110,0,1,1,1,0,1,1,0,1035,34448,0.035624,0.031232,-1.028216,0.041668,-0.010417,-1.343793,-3.22,1.47,2.87,53.2265625,98338,53.74,251.703018188,5.12,57 4c 01 6e 00 00 04 0b 00 00 86 90 00 49 00 40 f7 c5 00 04 ff ff ff 7f ff d2 00 15 00 29 1c 3a 00 01 80 22 00 00 14 fe 43 7b b3 f9 00 00 14 00
1036,49728,WL,flash_sample,48,34.468,1,102,0,1,1,0,0,1,1,0,1036,34468,0.035136,0.032208,-1.029192,-0.010417,0.0,-1.343793,-3.15,1.54,2.87,53.2109375,98338,53.77,251.703018188,5.12,57 4c 01 66 00 00 04 0c 00 00 86 a4 00 48 00 42 f7 c3 ff ff 00 00 ff 7f ff d3 00 16 00 29 1c 36 00 01 80 22 00 00 15 01 43 7b b3 f9 00 00 14 00
1037,49776,WL,flash_sample,48,34.488,1,102,0,1,1,0,0,1,1,0,1037,34488,0.036112,0.031232,-1.029192,0.031251,0.031251,-1.375044,-3.15,1.54,2.87,53.18359375,98338,53.8,251.703018188,5.12,57 4c 01 66 00 00 04 0d 00 00 86 b8 00 4a 00 40 f7 c3 00 03 00 03 ff 7c ff d3 00 16 00 29 1c 2f 00 01 80 22 00 00 15 04 43 7b b3 f9 00 00 14 00
1038,49824,WL,flash_sample,48,34.508,1,102,0,1,1,0,0,1,1,0,1038,34508,0.036112,0.031232,-1.029192,0.031251,0.031251,-1.375044,-3.15,1.54,2.87,53.18359375,98338,53.8,251.703018188,5.12,57 4c 01 66 00 00 04 0e 00 00 86 cc 00 4a 00 40 f7 c3 00 03 00 03 ff 7c ff d3 00 16 00 29 1c 2f 00 01 80 22 00 00 15 04 43 7b b3 f9 00 00 14 00
1039,49872,WL,flash_sample,48,34.528,1,102,0,1,1,0,0,1,1,0,1039,34528,0.036112,0.031232,-1.029192,0.031251,0.031251,-1.375044,-3.15,1.54,2.87,53.18359375,98338,53.8,251.703018188,5.12,57 4c 01 66 00 00 04 0f 00 00 86 e0 00 4a 00 40 f7 c3 00 03 00 03 ff 7c ff d3 00 16 00 29 1c 2f 00 01 80 22 00 00 15 04 43 7b b3 f9 00 00 14 00
1040,49920,WL,flash_sample,48,34.548,1,102,0,1,1,0,0,1,1,0,1040,34548,0.036112,0.031232,-1.029192,0.031251,0.031251,-1.375044,-3.15,1.54,2.87,53.18359375,98338,53.8,251.703018188,5.12,57 4c 01 66 00 00 04 10 00 00 86 f4 00 4a 00 40 f7 c3 00 03 00 03 ff 7c ff d3 00 16 00 29 1c 2f 00 01 80 22 00 00 15 04 43 7b b3 f9 00 00 14 00
1041,49968,WL,flash_sample,48,34.569,1,110,0,1,1,1,0,1,1,0,1041,34569,0.035136,0.031232,-1.027728,0.041668,-0.010417,-1.343793,-0.21,-0.63,0.35,53.18359375,98338,53.8,251.703018188,5.12,57 4c 01 6e 00 00 04 11 00 00 87 09 00 48 00 40 f7 c6 00 04 ff ff ff 7f ff fd ff f7 00 05 1c 2f 00 01 80 22 00 00 15 04 43 7b b3 f9 00 00 14 00
1042,50016,WL,flash_sample,48,34.588,1,110,0,1,1,1,0,1,1,0,1042,34588,0.035136,0.031232,-1.027728,0.041668,-0.010417,-1.343793,-0.21,-0.63,0.35,53.18359375,98338,53.8,251.703018188,5.12,57 4c 01 6e 00 00 04 12 00 00 87 1c 00 48 00 40 f7 c6 00 04 ff ff ff 7f ff fd ff f7 00 05 1c 2f 00 01 80 22 00 00 15 04 43 7b b3 f9 00 00 14 00
1043,50064,WL,flash_sample,48,34.608,1,110,0,1,1,1,0,1,1,0,1043,34608,0.035136,0.031232,-1.027728,0.041668,-0.010417,-1.343793,-0.21,-0.63,0.35,53.18359375,98338,53.8,251.703018188,5.12,57 4c 01 6e 00 00 04 13 00 00 87 30 00 48 00 40 f7 c6 00 04 ff ff ff 7f ff fd ff f7 00 05 1c 2f 00 01 80 22 00 00 15 04 43 7b b3 f9 00 00 14 00
1044,50112,WL,flash_sample,48,34.628,1,110,0,1,1,1,0,1,1,0,1044,34628,0.035136,0.031232,-1.027728,0.041668,-0.010417,-1.343793,-0.21,-0.63,0.35,53.18359375,98338,53.8,251.703018188,5.12,57 4c 01 6e 00 00 04 14 00 00 87 44 00 48 00 40 f7 c6 00 04 ff ff ff 7f ff fd ff f7 00 05 1c 2f 00 01 80 22 00 00 15 04 43 7b b3 f9 00 00 14 00
1045,50160,WL,flash_sample,48,34.648,1,110,0,1,1,1,0,1,1,0,1045,34648,0.035136,0.031232,-1.027728,0.041668,-0.010417,-1.343793,-0.21,-0.63,0.35,53.18359375,98338,53.8,251.703018188,5.12,57 4c 01 6e 00 00 04 15 00 00 87 58 00 48 00 40 f7 c6 00 04 ff ff ff 7f ff fd ff f7 00 05 1c 2f 00 01 80 22 00 00 15 04 43 7b b3 f9 00 00 14 00
1046,50208,WL,flash_sample,48,34.668,1,110,0,1,1,1,0,1,1,0,1046,34668,0.035136,0.031232,-1.027728,0.041668,-0.010417,-1.343793,-0.21,-0.63,0.35,53.18359375,98338,53.8,251.703018188,5.12,57 4c 01 6e 00 00 04 16 00 00 87 6c 00 48 00 40 f7 c6 00 04 ff ff ff 7f ff fd ff f7 00 05 1c 2f 00 01 80 22 00 00 15 04 43 7b b3 f9 00 00 14 00
1047,50256,WL,flash_sample,48,34.688,1,110,0,1,1,1,0,1,1,0,1047,34688,0.035136,0.031232,-1.027728,0.041668,-0.010417,-1.343793,-0.21,-0.63,0.35,53.18359375,98338,53.8,251.703018188,5.12,57 4c 01 6e 00 00 04 17 00 00 87 80 00 48 00 40 f7 c6 00 04 ff ff ff 7f ff fd ff f7 00 05 1c 2f 00 01 80 22 00 00 15 04 43 7b b3 f9 00 00 14 00
1048,50304,WL,flash_sample,48,34.708,1,110,0,1,1,1,0,1,1,0,1048,34708,0.035624,0.031232,-1.029192,0.041668,-0.010417,-1.322959,-0.21,0.0,-0.35,53.171875,98390,53.83,247.269271851,5.12,57 4c 01 6e 00 00 04 18 00 00 87 94 00 49 00 40 f7 c3 00 04 ff ff ff 81 ff fd 00 00 ff fb 1c 2c 00 01 80 56 00 00 15 07 43 77 44 ef 00 00 14 00
1049,50352,WL,flash_sample,48,34.728,1,110,0,1,1,1,0,1,1,0,1049,34728,0.035624,0.031232,-1.029192,0.041668,-0.010417,-1.322959,-0.21,0.0,-0.35,53.171875,98390,53.83,247.269271851,5.12,57 4c 01 6e 00 00 04 19 00 00 87 a8 00 49 00 40 f7 c3 00 04 ff ff ff 81 ff fd 00 00 ff fb 1c 2c 00 01 80 56 00 00 15 07 43 77 44 ef 00 00 14 00
1050,50400,WL,flash_sample,48,34.75,1,110,0,1,1,1,0,1,1,0,1050,34750,0.035136,0.03172,-1.028216,0.041668,0.020834,-1.343793,-0.21,0.07,-0.35,53.2109375,98390,53.83,247.269271851,5.128,57 4c 01 6e 00 00 04 1a 00 00 87 be 00 48 00 41 f7 c5 00 04 00 02 ff 7f ff fd 00 01 ff fb 1c 36 00 01 80 56 00 00 15 07 43 77 44 ef 00 00 14 08
1051,50448,WL,flash_sample,48,34.768,1,110,0,1,1,1,0,1,1,0,1051,34768,0.035136,0.03172,-1.028216,0.041668,0.020834,-1.343793,-0.21,0.07,-0.35,53.2109375,98390,53.83,247.269271851,5.128,57 4c 01 6e 00 00 04 1b 00 00 87 d0 00 48 00 41 f7 c5 00 04 00 02 ff 7f ff fd 00 01 ff fb 1c 36 00 01 80 56 00 00 15 07 43 77 44 ef 00 00 14 08
1052,50496,WL,flash_sample,48,34.788,1,110,0,1,1,1,0,1,1,0,1052,34788,0.035136,0.03172,-1.028216,0.041668,0.020834,-1.343793,-0.21,0.07,-0.35,53.2109375,98390,53.83,247.269271851,5.128,57 4c 01 6e 00 00 04 1c 00 00 87 e4 00 48 00 41 f7 c5 00 04 00 02 ff 7f ff fd 00 01 ff fb 1c 36 00 01 80 56 00 00 15 07 43 77 44 ef 00 00 14 08
1053,50544,WL,flash_sample,48,34.808,1,110,0,1,1,1,0,1,1,0,1053,34808,0.035136,0.03172,-1.028216,0.041668,0.020834,-1.343793,-0.21,0.07,-0.35,53.2109375,98390,53.83,247.269271851,5.128,57 4c 01 6e 00 00 04 1d 00 00 87 f8 00 48 00 41 f7 c5 00 04 00 02 ff 7f ff fd 00 01 ff fb 1c 36 00 01 80 56 00 00 15 07 43 77 44 ef 00 00 14 08
1054,50592,WL,flash_sample,48,34.833,1,64,0,0,0,0,0,0,1,0,1054,34833,0.036112,0.032696,-1.02724,0.041668,-0.020834,-1.364627,-0.21,-0.14,-0.14,53.2421875,98348,53.29,250.849563599,5.132,57 4c 01 40 00 00 04 1e 00 00 88 11 00 4a 00 43 f7 c7 00 04 ff fe ff 7d ff fd ff fe ff fe 1c 3e 00 01 80 2c 00 00 14 d1 43 7a d9 7d 00 00 14 0c
1055,50640,WL,flash_sample,48,34.848,1,102,0,1,1,0,0,1,1,0,1055,34848,0.036112,0.031232,-1.027728,0.031251,-0.041668,-1.322959,-1.05,-0.7,1.82,53.2421875,98324,53.14,252.897323608,5.124,57 4c 01 66 00 00 04 1f 00 00 88 20 00 4a 00 40 f7 c6 00 03 ff fc ff 81 ff f1 ff f6 00 1a 1c 3e 00 01 80 14 00 00 14 c2 43 7c e5 b7 00 00 14 04
1056,50688,WL,flash_sample,48,34.868,1,110,0,1,1,1,0,1,1,0,1056,34868,0.035136,0.03172,-1.028704,0.052085,0.0,-1.343793,-2.52,0.42,3.36,53.1640625,98324,53.22,252.897323608,5.124,57 4c 01 6e 00 00 04 20 00 00 88 34 00 48 00 41 f7 c4 00 05 00 00 ff 7f ff dc 00 06 00 30 1c 2a 00 01 80 14 00 00 14 ca 43 7c e5 b7 00 00 14 04
1057,50736,WL,flash_sample,48,34.888,1,110,0,1,1,1,0,1,1,0,1057,34888,0.035624,0.03172,-1.028704,0.010417,-0.020834,-1.343793,-3.15,1.54,2.87,53.20703125,98323,53.29,252.981872559,5.124,57 4c 01 6e 00 00 04 21 00 00 88 48 00 49 00 41 f7 c4 00 01 ff fe ff 7f ff d3 00 16 00 29 1c 35 00 01 80 13 00 00 14 d1 43 7c fb 5c 00 00 14 04
1058,50784,WL,flash_sample,48,34.908,1,110,0,1,1,1,0,1,1,0,1058,34908,0.034648,0.031232,-1.028704,0.083336,-0.041668,-1.35421,-3.15,1.54,2.87,53.1953125,98325,53.36,252.812774658,5.124,57 4c 01 6e 00 00 04 22 00 00 88 5c 00 47 00 40 f7 c4 00 08 ff fc ff 7e ff d3 00 16 00 29 1c 32 00 01 80 15 00 00 14 d8 43 7c d0 12 00 00 14 04
1059,50832,WL,flash_sample,48,34.929,1,102,0,1,1,0,0,1,1,0,1059,34929,0.035624,0.032208,-1.029192,0.041668,-0.031251,-1.343793,-3.15,1.54,2.8,53.203125,98326,53.42,252.728210449,5.124,57 4c 01 66 00 00 04 23 00 00 88 71 00 49 00 42 f7 c3 00 04 ff fd ff 7f ff d3 00 16 00 28 1c 34 00 01 80 16 00 00 14 de 43 7c ba 6c 00 00 14 04
1060,50880,WL,flash_sample,48,34.948,1,102,0,1,1,0,0,1,1,0,1060,34948,0.036112,0.032208,-1.028704,0.010417,0.010417,-1.364627,-3.15,1.54,2.87,53.18359375,98329,53.47,252.471908569,5.124,57 4c 01 66 00 00 04 24 00 00 88 84 00 4a 00 42 f7 c4 00 01 00 01 ff 7d ff d3 00 16 00 29 1c 2f 00 01 80 19 00 00 14 e3 43 7c 78 cf 00 00 14 04
1061,50928,WL,flash_sample,48,34.968,1,102,0,1,1,0,0,1,1,0,1061,34968,0.035136,0.03172,-1.028704,0.062502,-0.020834,-1.343793,-3.15,1.54,2.87,53.1953125,98333,53.53,252.131057739,5.124,57 4c 01 66 00 00 04 25 00 00 88 98 00 48 00 41 f7 c4 00 06 ff fe ff 7f ff d3 00 16 00 29 1c 32 00 01 80 1d 00 00 14 e9 43 7c 21 8d 00 00 14 04
1062,50976,WL,flash_sample,48,34.988,1,110,0,1,1,1,0,1,1,0,1062,34988,0.035624,0.031232,-1.029192,0.052085,-0.010417,-1.343793,-3.15,1.54,2.87,53.203125,98330,53.58,252.384719849,5.124,57 4c 01 6e 00 00 04 26 00 00 88 ac 00 49 00 40 f7 c3 00 05 ff ff ff 7f ff d3 00 16 00 29 1c 34 00 01 80 1a 00 00 14 ee 43 7c 62 7d 00 00 14 04
1063,51024,WL,flash_sample,48,35.008,1,102,0,1,1,0,0,1,1,0,1063,35008,0.035136,0.031232,-1.029192,0.031251,-0.031251,-1.343793,-3.15,1.61,2.8,53.203125,98330,53.58,252.384719849,5.124,57 4c 01 66 00 00 04 27 00 00 88 c0 00 48 00 40 f7 c3 00 03 ff fd ff 7f ff d3 00 17 00 28 1c 34 00 01 80 1a 00 00 14 ee 43 7c 62 7d 00 00 14 04
1064,51072,WL,flash_sample,48,35.028,1,102,0,1,1,0,0,1,1,0,1064,35028,0.035136,0.031232,-1.029192,0.031251,-0.031251,-1.343793,-3.15,1.61,2.8,53.203125,98330,53.58,252.384719849,5.124,57 4c 01 66 00 00 04 28 00 00 88 d4 00 48 00 40 f7 c3 00 03 ff fd ff 7f ff d3 00 17 00 28 1c 34 00 01 80 1a 00 00 14 ee 43 7c 62 7d 00 00 14 04
1065,51120,WL,flash_sample,48,35.048,1,102,0,1,1,0,0,1,1,0,1065,35048,0.035136,0.031232,-1.029192,0.031251,-0.031251,-1.343793,-3.15,1.61,2.8,53.203125,98330,53.58,252.384719849,5.124,57 4c 01 66 00 00 04 29 00 00 88 e8 00 48 00 40 f7 c3 00 03 ff fd ff 7f ff d3 00 17 00 28 1c 34 00 01 80 1a 00 00 14 ee 43 7c 62 7d 00 00 14 04
1066,51168,WL,flash_sample,48,35.068,1,102,0,1,1,0,0,1,1,0,1066,35068,0.035136,0.031232,-1.029192,0.031251,-0.031251,-1.343793,-3.15,1.61,2.8,53.203125,98330,53.58,252.384719849,5.124,57 4c 01 66 00 00 04 2a 00 00 88 fc 00 48 00 40 f7 c3 00 03 ff fd ff 7f ff d3 00 17 00 28 1c 34 00 01 80 1a 00 00 14 ee 43 7c 62 7d 00 00 14 04
1067,51216,WL,flash_sample,48,35.088,1,96,0,0,0,0,0,1,1,0,1067,35088,0.035624,0.031232,-1.02724,0.031251,-0.031251,-1.333376,-0.28,-0.98,0.84,53.2265625,98339,53.62,251.618453979,5.12,57 4c 01 60 00 00 04 2b 00 00 89 10 00 49 00 40 f7 c7 00 03 ff fd ff 80 ff fc ff f2 00 0c 1c 3a 00 01 80 23 00 00 14 f2 43 7b 9e 53 00 00 14 00
1068,51264,WL,flash_sample,48,35.108,1,110,0,1,1,1,0,1,1,0,1068,35108,0.035136,0.03172,-1.028216,0.041668,-0.010417,-1.312542,-1.96,0.0,2.8,53.234375,98327,53.45,252.641021729,5.12,57 4c 01 6e 00 00 04 2c 00 00 89 24 00 48 00 41 f7 c5 00 04 ff ff ff 82 ff e4 00 00 00 28 1c 3c 00 01 80 17 00 00 14 e1 43 7c a4 1a 00 00 14 00
1069,51312,WL,flash_sample,48,35.128,1,110,0,1,1,1,0,1,1,0,1069,35128,0.035136,0.031232,-1.028704,0.010417,-0.010417,-1.375044,-2.87,0.84,3.43,53.26171875,98330,53.51,252.384719849,5.14,57 4c 01 6e 00 00 04 2d 00 00 89 38 00 48 00 40 f7 c4 00 01 ff ff ff 7c ff d7 00 0c 00 31 1c 43 00 01 80 1a 00 00 14 e7 43 7c 62 7d 00 00 14 14
1070,51360,WL,flash_sample,48,35.148,1,110,0,1,1,1,0,1,1,0,1070,35148,0.035136,0.032696,-1.028704,0.062502,-0.041668,-1.343793,-3.22,1.54,2.8,53.234375,98331,53.56,252.300170898,5.14,57 4c 01 6e 00 00 04 2e 00 00 89 4c 00 48 00 43 f7 c4 00 06 ff fc ff 7f ff d2 00 16 00 28 1c 3c 00 01 80 1b 00 00 14 ec 43 7c 4c d8 00 00 14 14
1071,51408,WL,flash_sample,48,35.168,1,102,0,1,1,0,0,1,1,0,1071,35168,0.036112,0.03172,-1.028704,0.0,0.020834,-1.364627,-3.22,1.61,2.87,53.2109375,98331,53.61,252.300170898,5.14,57 4c 01 66 00 00 04 2f 00 00 89 60 00 4a 00 41 f7 c4 00 00 00 02 ff 7d ff d2 00 17 00 29 1c 36 00 01 80 1b 00 00 14 f1 43 7c 4c d8 00 00 14 14
1072,51456,WL,flash_sample,48,35.188,1,102,0,1,1,0,0,1,1,0,1072,35188,0.035624,0.03172,-1.028704,0.020834,-0.010417,-1.333376,-3.22,1.54,2.87,53.26953125,98334,53.65,252.043869019,5.14,57 4c 01 66 00 00 04 30 00 00 89 74 00 49 00 41 f7 c4 00 02 ff ff ff 80 ff d2 00 16 00 29 1c 45 00 01 80 1e 00 00 14 f5 43 7c 0b 3b 00 00 14 14
1073,51504,WL,flash_sample,48,35.208,1,110,0,1,1,1,0,1,1,0,1073,35208,0.035136,0.031232,-1.029192,0.052085,-0.020834,-1.364627,-3.22,1.54,2.87,53.2265625,98334,53.69,252.043869019,5.14,57 4c 01 6e 00 00 04 31 00 00 89 88 00 48 00 40 f7 c3 00 05 ff fe ff 7d ff d2 00 16 00 29 1c 3a 00 01 80 1e 00 00 14 f9 43 7c 0b 3b 00 00 14 14
1074,51552,WL,flash_sample,48,35.228,1,110,0,1,1,1,0,1,1,0,1074,35228,0.035624,0.031232,-1.029192,0.020834,-0.010417,-1.322959,-3.22,1.54,2.87,53.2265625,98333,53.73,252.131057739,5.124,57 4c 01 6e 00 00 04 32 00 00 89 9c 00 49 00 40 f7 c3 00 02 ff ff ff 81 ff d2 00 16 00 29 1c 3a 00 01 80 1d 00 00 14 fd 43 7c 21 8d 00 00 14 04
1075,51600,WL,flash_sample,48,35.248,1,111,1,1,1,1,0,1,1,0,1075,35248,0.035136,0.03172,-1.028704,0.052085,0.0,-1.35421,-3.15,1.54,2.8,53.2265625,98340,53.76,251.533905029,5.124,57 4c 01 6f 00 00 04 33 00 00 89 b0 00 48 00 41 f7 c4 00 05 00 00 ff 7e ff d3 00 16 00 28 1c 3a 00 01 80 24 00 00 15 00 43 7b 88 ae 00 00 14 04
1076,51648,WL,flash_sample,48,35.268,1,111,1,1,1,1,0,1,1,0,1076,35268,0.035136,0.03172,-1.028704,0.052085,0.0,-1.35421,-3.15,1.54,2.8,53.2265625,98340,53.76,251.533905029,5.124,57 4c 01 6f 00 00 04 34 00 00 89 c4 00 48 00 41 f7 c4 00 05 00 00 ff 7e ff d3 00 16 00 28 1c 3a 00 01 80 24 00 00 15 00 43 7b 88 ae 00 00 14 04
1077,51696,WL,flash_sample,48,35.288,1,111,1,1,1,1,0,1,1,0,1077,35288,0.035136,0.03172,-1.028704,0.052085,0.0,-1.35421,-3.15,1.54,2.8,53.2265625,98340,53.76,251.533905029,5.124,57 4c 01 6f 00 00 04 35 00 00 89 d8 00 48 00 41 f7 c4 00 05 00 00 ff 7e ff d3 00 16 00 28 1c 3a 00 01 80 24 00 00 15 00 43 7b 88 ae 00 00 14 04
1078,51744,WL,flash_sample,48,35.308,1,111,1,1,1,1,0,1,1,0,1078,35308,0.035136,0.03172,-1.028704,0.052085,0.0,-1.35421,-3.15,1.54,2.8,53.2265625,98340,53.76,251.533905029,5.124,57 4c 01 6f 00 00 04 36 00 00 89 ec 00 48 00 41 f7 c4 00 05 00 00 ff 7e ff d3 00 16 00 28 1c 3a 00 01 80 24 00 00 15 00 43 7b 88 ae 00 00 14 04
1079,51792,WL,flash_sample,48,35.331,1,97,1,0,0,0,0,1,1,0,1079,35331,0.035624,0.03172,-1.028216,0.052085,-0.010417,-1.364627,-0.21,-0.7,0.42,53.26171875,98343,53.8,251.277603149,5.144,57 4c 01 61 00 00 04 37 00 00 8a 03 00 49 00 41 f7 c5 00 05 ff ff ff 7d ff fd ff f6 00 06 1c 43 00 01 80 27 00 00 15 04 43 7b 47 11 00 00 14 18
1080,51840,WL,flash_sample,48,35.348,1,111,1,1,1,1,0,1,1,0,1080,35348,0.035136,0.03172,-1.02724,0.031251,-0.010417,-1.364627,-1.26,-0.49,2.1,53.26171875,98335,53.58,251.959320068,5.144,57 4c 01 6f 00 00 04 38 00 00 8a 14 00 48 00 41 f7 c7 00 03 ff ff ff 7d ff ee ff f9 00 1e 1c 43 00 01 80 1f 00 00 14 ee 43 7b f5 96 00 00 14 18
1081,51888,WL,flash_sample,48,35.368,1,111,1,1,1,1,0,1,1,0,1081,35368,0.034648,0.03172,-1.028704,0.041668,0.010417,-1.35421,-2.31,0.21,3.15,53.234375,98337,53.63,251.787567139,5.144,57 4c 01 6f 00 00 04 39 00 00 8a 28 00 47 00 41 f7 c4 00 04 00 01 ff 7e ff df 00 03 00 2d 1c 3c 00 01 80 21 00 00 14 f3 43 7b c9 9e 00 00 14 18
1082,51936,WL,flash_sample,48,35.388,1,111,1,1,1,1,0,1,1,0,1082,35388,0.035624,0.031232,-1.027728,0.062502,0.0,-1.343793,-3.15,1.54,2.8,53.27734375,98334,53.68,252.043869019,5.144,57 4c 01 6f 00 00 04 3a 00 00 8a 3c 00 49 00 40 f7 c6 00 06 00 00 ff 7f ff d3 00 16 00 28 1c 47 00 01 80 1e 00 00 14 f8 43 7c 0b 3b 00 00 14 18
1083,51984,WL,flash_sample,48,35.408,1,103,1,1,1,0,0,1,1,0,1083,35408,0.035624,0.03172,-1.028704,0.052085,-0.031251,-1.343793,-3.22,1.54,2.8,53.2265625,98337,53.72,251.787567139,5.144,57 4c 01 67 00 00 04 3b 00 00 8a 50 00 49 00 41 f7 c4 00 05 ff fd ff 7f ff d2 00 16 00 28 1c 3a 00 01 80 21 00 00 14 fc 43 7b c9 9e 00 00 14 18
1084,52032,WL,flash_sample,48,35.429,1,103,1,1,1,0,0,1,1,0,1084,35429,0.035136,0.032696,-1.02968,0.041668,0.0,-1.343793,-3.22,1.54,2.87,53.2421875,98334,53.75,252.043869019,5.132,57 4c 01 67 00 00 04 3c 00 00 8a 65 00 48 00 43 f7 c2 00 04 00 00 ff 7f ff d2 00 16 00 29 1c 3e 00 01 80 1e 00 00 14 ff 43 7c 0b 3b 00 00 14 0c
1085,52080,WL,flash_sample,48,35.448,1,111,1,1,1,1,0,1,1,0,1085,35448,0.036112,0.03172,-1.028216,0.041668,-0.031251,-1.333376,-3.15,1.54,2.87,53.26953125,98333,53.79,252.131057739,5.132,57 4c 01 6f 00 00 04 3d 00 00 8a 78 00 4a 00 41 f7 c5 00 04 ff fd ff 80 ff d3 00 16 00 29 1c 45 00 01 80 1d 00 00 15 03 43 7c 21 8d 00 00 14 0c
1086,52128,WL,flash_sample,48,35.468,1,111,1,1,1,1,0,1,1,0,1086,35468,0.034648,0.03172,-1.029192,0.10417,-0.031251,-1.333376,-3.15,1.54,2.8,53.26171875,98339,53.82,251.618453979,5.132,57 4c 01 6f 00 00 04 3e 00 00 8a 8c 00 47 00 41 f7 c3 00 0a ff fd ff 80 ff d3 00 16 00 28 1c 43 00 01 80 23 00 00 15 06 43 7b 9e 53 00 00 14 0c
1087,52176,WL,flash_sample,48,35.488,1,111,1,1,1,1,0,1,1,0,1087,35488,0.035624,0.031232,-1.028704,0.041668,-0.020834,-1.35421,-3.15,1.54,2.94,53.26171875,98338,53.85,251.703018188,5.132,57 4c 01 6f 00 00 04 3f 00 00 8a a0 00 49 00 40 f7 c4 00 04 ff fe ff 7e ff d3 00 16 00 2a 1c 43 00 01 80 22 00 00 15 09 43 7b b3 f9 00 00 14 0c
1088,52224,WL,flash_sample,48,35.508,1,103,1,1,1,0,0,1,1,0,1088,35508,0.035136,0.031232,-1.027728,0.031251,-0.020834,-1.35421,-3.15,1.54,2.8,53.26171875,98338,53.85,251.703018188,5.132,57 4c 01 67 00 00 04 40 00 00 8a b4 00 48 00 40 f7 c6 00 03 ff fe ff 7e ff d3 00 16 00 28 1c 43 00 01 80 22 00 00 15 09 43 7b b3 f9 00 00 14 0c
1089,52272,WL,flash_sample,48,35.528,1,103,1,1,1,0,0,1,1,0,1089,35528,0.035136,0.031232,-1.027728,0.031251,-0.020834,-1.35421,-3.15,1.54,2.8,53.26171875,98338,53.85,251.703018188,5.132,57 4c 01 67 00 00 04 41 00 00 8a c8 00 48 00 40 f7 c6 00 03 ff fe ff 7e ff d3 00 16 00 28 1c 43 00 01 80 22 00 00 15 09 43 7b b3 f9 00 00 14 0c
1090,52320,WL,flash_sample,48,35.548,1,103,1,1,1,0,0,1,1,0,1090,35548,0.035136,0.031232,-1.027728,0.031251,-0.020834,-1.35421,-3.15,1.54,2.8,53.26171875,98338,53.85,251.703018188,5.132,57 4c 01 67 00 00 04 42 00 00 8a dc 00 48 00 40 f7 c6 00 03 ff fe ff 7e ff d3 00 16 00 28 1c 43 00 01 80 22 00 00 15 09 43 7b b3 f9 00 00 14 0c
1091,52368,WL,flash_sample,48,35.568,1,103,1,1,1,0,0,1,1,0,1091,35568,0.035136,0.031232,-1.027728,0.031251,-0.020834,-1.35421,-3.15,1.54,2.8,53.26171875,98338,53.85,251.703018188,5.132,57 4c 01 67 00 00 04 43 00 00 8a f0 00 48 00 40 f7 c6 00 03 ff fe ff 7e ff d3 00 16 00 28 1c 43 00 01 80 22 00 00 15 09 43 7b b3 f9 00 00 14 0c
1092,52416,WL,flash_sample,48,35.588,1,111,1,1,1,1,0,1,1,0,1092,35588,0.035136,0.03172,-1.028216,0.020834,-0.052085,-1.343793,-0.21,-0.35,0.07,53.25,98342,53.88,251.3621521,5.132,57 4c 01 6f 00 00 04 44 00 00 8b 04 00 48 00 41 f7 c5 00 02 ff fb ff 7f ff fd ff fb 00 01 1c 40 00 01 80 26 00 00 15 0c 43 7b 5c b6 00 00 14 0c
1093,52464,WL,flash_sample,48,35.608,1,111,1,1,1,1,0,1,1,0,1093,35608,0.035136,0.03172,-1.028216,0.020834,-0.052085,-1.343793,-0.21,-0.35,0.07,53.25,98342,53.88,251.3621521,5.132,57 4c 01 6f 00 00 04 45 00 00 8b 18 00 48 00 41 f7 c5 00 02 ff fb ff 7f ff fd ff fb 00 01 1c 40 00 01 80 26 00 00 15 0c 43 7b 5c b6 00 00 14 0c
1094,52512,WL,flash_sample,48,35.628,1,111,1,1,1,1,0,1,1,0,1094,35628,0.035136,0.03172,-1.028216,0.020834,-0.052085,-1.343793,-0.21,-0.35,0.07,53.25,98342,53.88,251.3621521,5.132,57 4c 01 6f 00 00 04 46 00 00 8b 2c 00 48 00 41 f7 c5 00 02 ff fb ff 7f ff fd ff fb 00 01 1c 40 00 01 80 26 00 00 15 0c 43 7b 5c b6 00 00 14 0c
1095,52560,WL,flash_sample,48,35.648,1,111,1,1,1,1,0,1,1,0,1095,35648,0.035136,0.03172,-1.028216,0.020834,-0.052085,-1.343793,-0.21,-0.35,0.07,53.25,98342,53.88,251.3621521,5.132,57 4c 01 6f 00 00 04 47 00 00 8b 40 00 48 00 41 f7 c5 00 02 ff fb ff 7f ff fd ff fb 00 01 1c 40 00 01 80 26 00 00 15 0c 43 7b 5c b6 00 00 14 0c
1096,52608,WL,flash_sample,48,35.668,1,111,1,1,1,1,0,1,1,0,1096,35668,0.035136,0.03172,-1.028216,0.020834,-0.052085,-1.343793,-0.21,-0.35,0.07,53.25,98342,53.88,251.3621521,5.132,57 4c 01 6f 00 00 04 48 00 00 8b 54 00 48 00 41 f7 c5 00 02 ff fb ff 7f ff fd ff fb 00 01 1c 40 00 01 80 26 00 00 15 0c 43 7b 5c b6 00 00 14 0c
1097,52656,WL,flash_sample,48,35.688,1,111,1,1,1,1,0,1,1,0,1097,35688,0.035136,0.03172,-1.028216,0.020834,-0.052085,-1.343793,-0.21,-0.35,0.07,53.25,98342,53.88,251.3621521,5.132,57 4c 01 6f 00 00 04 49 00 00 8b 68 00 48 00 41 f7 c5 00 02 ff fb ff 7f ff fd ff fb 00 01 1c 40 00 01 80 26 00 00 15 0c 43 7b 5c b6 00 00 14 0c
1098,52704,WL,flash_sample,48,35.71,1,111,1,1,1,1,0,1,1,0,1098,35710,0.035136,0.03172,-1.028216,0.062502,-0.020834,-1.343793,-0.21,0.14,-0.35,53.2265625,98342,53.88,251.3621521,5.128,57 4c 01 6f 00 00 04 4a 00 00 8b 7e 00 48 00 41 f7 c5 00 06 ff fe ff 7f ff fd 00 02 ff fb 1c 3a 00 01 80 26 00 00 15 0c 43 7b 5c b6 00 00 14 08
1099,52752,WL,flash_sample,48,35.728,1,111,1,1,1,1,0,1,1,0,1099,35728,0.035136,0.03172,-1.028216,0.062502,-0.020834,-1.343793,-0.21,0.14,-0.35,53.2265625,98342,53.88,251.3621521,5.128,57 4c 01 6f 00 00 04 4b 00 00 8b 90 00 48 00 41 f7 c5 00 06 ff fe ff 7f ff fd 00 02 ff fb 1c 3a 00 01 80 26 00 00 15 0c 43 7b 5c b6 00 00 14 08
1100,52800,WL,flash_sample,48,35.748,1,111,1,1,1,1,0,1,1,0,1100,35748,0.035136,0.03172,-1.028216,0.062502,-0.020834,-1.343793,-0.21,0.14,-0.35,53.2265625,98342,53.88,251.3621521,5.128,57 4c 01 6f 00 00 04 4c 00 00 8b a4 00 48 00 41 f7 c5 00 06 ff fe ff 7f ff fd 00 02 ff fb 1c 3a 00 01 80 26 00 00 15 0c 43 7b 5c b6 00 00 14 08
1101,52848,WL,flash_sample,48,35.768,1,111,1,1,1,1,0,1,1,0,1101,35768,0.035136,0.032208,-1.028216,-0.010417,-0.041668,-1.333376,-0.21,0.07,-0.35,53.2421875,98390,53.65,247.269271851,5.128,57 4c 01 6f 00 00 04 4d 00 00 8b b8 00 48 00 42 f7 c5 ff ff ff fc ff 80 ff fd 00 01 ff fb 1c 3e 00 01 80 56 00 00 14 f5 43 77 44 ef 00 00 14 08
1102,52896,WL,flash_sample,48,35.788,1,111,1,1,1,1,0,1,1,0,1102,35788,0.035136,0.032208,-1.028216,-0.010417,-0.041668,-1.333376,-0.21,0.07,-0.35,53.2421875,98390,53.65,247.269271851,5.128,57 4c 01 6f 00 00 04 4e 00 00 8b cc 00 48 00 42 f7 c5 ff ff ff fc ff 80 ff fd 00 01 ff fb 1c 3e 00 01 80 56 00 00 14 f5 43 77 44 ef 00 00 14 08
1103,52944,WL,flash_sample,48,35.808,1,111,1,1,1,1,0,1,1,0,1103,35808,0.035136,0.032208,-1.028216,-0.010417,-0.041668,-1.333376,-0.21,0.07,-0.35,53.2421875,98390,53.65,247.269271851,5.128,57 4c 01 6f 00 00 04 4f 00 00 8b e0 00 48 00 42 f7 c5 ff ff ff fc ff 80 ff fd 00 01 ff fb 1c 3e 00 01 80 56 00 00 14 f5 43 77 44 ef 00 00 14 08
1104,52992,WL,flash_sample,48,35.828,1,111,1,1,1,1,0,1,1,0,1104,35828,0.035136,0.032208,-1.028216,-0.010417,-0.041668,-1.333376,-0.21,0.07,-0.35,53.2421875,98390,53.65,247.269271851,5.128,57 4c 01 6f 00 00 04 50 00 00 8b f4 00 48 00 42 f7 c5 ff ff ff fc ff 80 ff fd 00 01 ff fb 1c 3e 00 01 80 56 00 00 14 f5 43 77 44 ef 00 00 14 08
1105,53040,WL,flash_sample,48,35.848,1,97,1,0,0,0,0,1,1,0,1105,35848,0.035136,0.03172,-1.028216,0.031251,-0.031251,-1.333376,-0.28,-0.98,0.91,53.26171875,98351,53.32,250.595901489,5.128,57 4c 01 61 00 00 04 51 00 00 8c 08 00 48 00 41 f7 c5 00 03 ff fd ff 80 ff fc ff f2 00 0d 1c 43 00 01 80 2f 00 00 14 d4 43 7a 98 8d 00 00 14 08
1106,53088,WL,flash_sample,48,35.868,1,103,1,1,1,0,0,1,1,0,1106,35868,0.034648,0.03172,-1.027728,0.072919,-0.020834,-1.322959,-1.96,0.0,2.8,53.2421875,98326,53.27,252.728210449,5.128,57 4c 01 67 00 00 04 52 00 00 8c 1c 00 47 00 41 f7 c6 00 07 ff fe ff 81 ff e4 00 00 00 28 1c 3e 00 01 80 16 00 00 14 cf 43 7c ba 6c 00 00 14 08
1107,53136,WL,flash_sample,48,35.888,1,103,1,1,1,0,0,1,1,0,1107,35888,0.035624,0.031232,-1.027728,0.062502,-0.020834,-1.343793,-2.94,0.91,3.29,53.234375,98325,53.34,252.812774658,5.128,57 4c 01 67 00 00 04 53 00 00 8c 30 00 49 00 40 f7 c6 00 06 ff fe ff 7f ff d6 00 0d 00 2f 1c 3c 00 01 80 15 00 00 14 d6 43 7c d0 12 00 00 14 08
1108,53184,WL,flash_sample,48,35.908,1,103,1,1,1,0,0,1,1,0,1108,35908,0.035624,0.03172,-1.028704,0.041668,-0.020834,-1.322959,-3.15,1.54,2.8,53.234375,98323,53.41,252.981872559,5.128,57 4c 01 67 00 00 04 54 00 00 8c 44 00 49 00 41 f7 c4 00 04 ff fe ff 81 ff d3 00 16 00 28 1c 3c 00 01 80 13 00 00 14 dd 43 7c fb 5c 00 00 14 08
1109,53232,WL,flash_sample,48,35.928,1,111,1,1,1,1,0,1,1,0,1109,35928,0.035136,0.032696,-1.029192,0.0,0.010417,-1.375044,-3.22,1.54,2.87,53.2421875,98324,53.47,252.897323608,5.136,57 4c 01 6f 00 00 04 55 00 00 8c 58 00 48 00 43 f7 c3 00 00 00 01 ff 7c ff d2 00 16 00 29 1c 3e 00 01 80 14 00 00 14 e3 43 7c e5 b7 00 00 14 10
1110,53280,WL,flash_sample,48,35.948,1,111,1,1,1,1,0,1,1,0,1110,35948,0.036112,0.032208,-1.029192,0.031251,-0.010417,-1.333376,-3.15,1.47,2.87,53.25,98327,53.52,252.641021729,5.136,57 4c 01 6f 00 00 04 56 00 00 8c 6c 00 4a 00 42 f7 c3 00 03 ff ff ff 80 ff d3 00 15 00 29 1c 40 00 01 80 17 00 00 14 e8 43 7c a4 1a 00 00 14 10
1111,53328,WL,flash_sample,48,35.968,1,111,1,1,1,1,0,1,1,0,1111,35968,0.035624,0.032208,-1.029192,0.020834,-0.010417,-1.333376,-3.15,1.54,2.87,53.26171875,98329,53.58,252.471908569,5.136,57 4c 01 6f 00 00 04 57 00 00 8c 80 00 49 00 42 f7 c3 00 02 ff ff ff 80 ff d3 00 16 00 29 1c 43 00 01 80 19 00 00 14 ee 43 7c 78 cf 00 00 14 10
1112,53376,WL,flash_sample,48,35.988,1,103,1,1,1,0,0,1,1,0,1112,35988,0.034648,0.03172,-1.028704,0.041668,-0.010417,-1.364627,-3.22,1.54,2.87,53.2265625,98327,53.63,252.641021729,5.136,57 4c 01 67 00 00 04 58 00 00 8c 94 00 47 00 41 f7 c4 00 04 ff ff ff 7d ff d2 00 16 00 29 1c 3a 00 01 80 17 00 00 14 f3 43 7c a4 1a 00 00 14 10
1113,53424,WL,flash_sample,48,36.008,1,103,1,1,1,0,0,1,1,0,1113,36008,0.036112,0.032208,-1.028704,0.020834,-0.041668,-1.333376,-3.22,1.61,2.87,53.29296875,98333,53.68,252.131057739,5.136,57 4c 01 67 00 00 04 59 00 00 8c a8 00 4a 00 42 f7 c4 00 02 ff fc ff 80 ff d2 00 17 00 29 1c 4b 00 01 80 1d 00 00 14 f8 43 7c 21 8d 00 00 14 10
1114,53472,WL,flash_sample,48,36.028,1,103,1,1,1,0,0,1,1,0,1114,36028,0.036112,0.032208,-1.028704,0.020834,-0.041668,-1.333376,-3.22,1.61,2.87,53.29296875,98333,53.68,252.131057739,5.136,57 4c 01 67 00 00 04 5a 00 00 8c bc 00 4a 00 42 f7 c4 00 02 ff fc ff 80 ff d2 00 17 00 29 1c 4b 00 01 80 1d 00 00 14 f8 43 7c 21 8d 00 00 14 10
1115,53520,WL,flash_sample,48,36.048,1,103,1,1,1,0,0,1,1,0,1115,36048,0.036112,0.032208,-1.028704,0.020834,-0.041668,-1.333376,-3.22,1.61,2.87,53.29296875,98333,53.68,252.131057739,5.136,57 4c 01 67 00 00 04 5b 00 00 8c d0 00 4a 00 42 f7 c4 00 02 ff fc ff 80 ff d2 00 17 00 29 1c 4b 00 01 80 1d 00 00 14 f8 43 7c 21 8d 00 00 14 10
1116,53568,WL,flash_sample,48,36.068,1,103,1,1,1,0,0,1,1,0,1116,36068,0.036112,0.032208,-1.028704,0.020834,-0.041668,-1.333376,-3.22,1.61,2.87,53.29296875,98333,53.68,252.131057739,5.136,57 4c 01 67 00 00 04 5c 00 00 8c e4 00 4a 00 42 f7 c4 00 02 ff fc ff 80 ff d2 00 17 00 29 1c 4b 00 01 80 1d 00 00 14 f8 43 7c 21 8d 00 00 14 10
1117,53616,WL,flash_sample,48,36.091,1,65,1,0,0,0,0,0,1,0,1117,36091,0.035136,0.03172,-1.02724,0.062502,-0.041668,-1.333376,-0.28,-0.7,0.49,53.2421875,98333,53.68,252.131057739,5.136,57 4c 01 41 00 00 04 5d 00 00 8c fb 00 48 00 41 f7 c7 00 06 ff fc ff 80 ff fc ff f6 00 07 1c 3e 00 01 80 1d 00 00 14 f8 43 7c 21 8d 00 00 14 10
1118,53664,WL,flash_sample,48,36.108,1,103,1,1,1,0,0,1,1,0,1118,36108,0.036112,0.03172,-1.02724,0.041668,0.0,-1.343793,-1.33,-0.49,2.1,53.26171875,98372,53.73,248.804443359,5.136,57 4c 01 67 00 00 04 5e 00 00 8d 0c 00 4a 00 41 f7 c7 00 04 00 00 ff 7f ff ed ff f9 00 1e 1c 43 00 01 80 44 00 00 14 fd 43 78 cd f0 00 00 14 10
1119,53712,WL,flash_sample,48,36.128,1,103,1,1,1,0,0,1,1,0,1119,36128,0.035136,0.03172,-1.028216,0.052085,0.0,-1.333376,-2.31,0.21,3.15,53.2421875,98331,53.57,252.300170898,5.12,57 4c 01 67 00 00 04 5f 00 00 8d 20 00 48 00 41 f7 c5 00 05 00 00 ff 80 ff df 00 03 00 2d 1c 3e 00 01 80 1b 00 00 14 ed 43 7c 4c d8 00 00 14 00
1120,53760,WL,flash_sample,48,36.148,1,111,1,1,1,1,0,1,1,0,1120,36148,0.0366,0.031232,-1.029192,0.052085,-0.041668,-1.343793,-3.15,1.54,2.87,53.28515625,98331,53.62,252.300170898,5.12,57 4c 01 6f 00 00 04 60 00 00 8d 34 00 4b 00 40 f7 c3 00 05 ff fc ff 7f ff d3 00 16 00 29 1c 49 00 01 80 1b 00 00 14 f2 43 7c 4c d8 00 00 14 00
1121,53808,WL,flash_sample,48,36.168,1,111,1,1,1,1,0,1,1,0,1121,36168,0.035624,0.032696,-1.028216,0.020834,-0.041668,-1.333376,-3.15,1.61,2.87,53.29296875,98331,53.67,252.300170898,5.12,57 4c 01 6f 00 00 04 61 00 00 8d 48 00 49 00 43 f7 c5 00 02 ff fc ff 80 ff d3 00 17 00 29 1c 4b 00 01 80 1b 00 00 14 f7 43 7c 4c d8 00 00 14 00
1122,53856,WL,flash_sample,48,36.189,1,111,1,1,1,1,0,1,1,0,1122,36189,0.035624,0.031232,-1.029192,0.010417,-0.010417,-1.333376,-3.22,1.54,2.87,53.3046875,98333,53.71,252.131057739,5.12,57 4c 01 6f 00 00 04 62 00 00 8d 5d 00 49 00 40 f7 c3 00 01 ff ff ff 80 ff d2 00 16 00 29 1c 4e 00 01 80 1d 00 00 14 fb 43 7c 21 8d 00 00 14 00
1123,53904,WL,flash_sample,48,36.208,1,111,1,1,1,1,0,1,1,0,1123,36208,0.034648,0.031232,-1.028216,0.062502,-0.031251,-1.364627,-3.15,1.47,2.87,53.296875,98332,53.75,252.215606689,5.12,57 4c 01 6f 00 00 04 63 00 00 8d 70 00 47 00 40 f7 c5 00 06 ff fd ff 7d ff d3 00 15 00 29 1c 4c 00 01 80 1c 00 00 14 ff 43 7c 37 32 00 00 14 00
1124,53952,WL,flash_sample,48,36.228,1,103,1,1,1,0,0,1,1,0,1124,36228,0.035624,0.030744,-1.02968,0.031251,0.0,-1.312542,-3.15,1.54,2.87,53.26171875,98335,53.79,251.959320068,5.132,57 4c 01 67 00 00 04 64 00 00 8d 84 00 49 00 3f f7 c2 00 03 00 00 ff 82 ff d3 00 16 00 29 1c 43 00 01 80 1f 00 00 15 03 43 7b f5 96 00 00 14 0c
1125,54000,WL,flash_sample,48,36.248,1,102,0,1,1,0,0,1,1,0,1125,36248,0.034648,0.03172,-1.029192,0.041668,-0.010417,-1.333376,-3.22,1.54,2.8,53.29296875,98339,53.82,251.618453979,5.132,57 4c 01 66 00 00 04 65 00 00 8d 98 00 47 00 41 f7 c3 00 04 ff ff ff 80 ff d2 00 16 00 28 1c 4b 00 01 80 23 00 00 15 06 43 7b 9e 53 00 00 14 0c
1126,54048,WL,flash_sample,48,36.268,1,110,0,1,1,1,0,1,1,0,1126,36268,0.035624,0.03172,-1.029192,0.020834,0.010417,-1.343793,-3.15,1.54,2.8,53.28515625,98339,53.86,251.618453979,5.132,57 4c 01 6e 00 00 04 66 00 00 8d ac 00 49 00 41 f7 c3 00 02 00 01 ff 7f ff d3 00 16 00 28 1c 49 00 01 80 23 00 00 15 0a 43 7b 9e 53 00 00 14 0c
1127,54096,WL,flash_sample,48,36.288,1,110,0,1,1,1,0,1,1,0,1127,36288,0.035624,0.03172,-1.029192,0.020834,0.010417,-1.343793,-3.15,1.54,2.8,53.28515625,98339,53.86,251.618453979,5.132,57 4c 01 6e 00 00 04 67 00 00 8d c0 00 49 00 41 f7 c3 00 02 00 01 ff 7f ff d3 00 16 00 28 1c 49 00 01 80 23 00 00 15 0a 43 7b 9e 53 00 00 14 0c
1128,54144,WL,flash_sample,48,36.308,1,110,0,1,1,1,0,1,1,0,1128,36308,0.035624,0.03172,-1.029192,0.020834,0.010417,-1.343793,-3.15,1.54,2.8,53.28515625,98339,53.86,251.618453979,5.132,57 4c 01 6e 00 00 04 68 00 00 8d d4 00 49 00 41 f7 c3 00 02 00 01 ff 7f ff d3 00 16 00 28 1c 49 00 01 80 23 00 00 15 0a 43 7b 9e 53 00 00 14 0c
1129,54192,WL,flash_sample,48,36.328,1,110,0,1,1,1,0,1,1,0,1129,36328,0.035624,0.03172,-1.029192,0.020834,0.010417,-1.343793,-3.15,1.54,2.8,53.28515625,98339,53.86,251.618453979,5.132,57 4c 01 6e 00 00 04 69 00 00 8d e8 00 49 00 41 f7 c3 00 02 00 01 ff 7f ff d3 00 16 00 28 1c 49 00 01 80 23 00 00 15 0a 43 7b 9e 53 00 00 14 0c
1130,54240,WL,flash_sample,48,36.348,1,102,0,1,1,0,0,1,1,0,1130,36348,0.035624,0.031232,-1.02724,0.052085,-0.041668,-1.35421,-0.56,-0.98,1.4,53.27734375,98374,53.9,248.63269043,5.124,57 4c 01 66 00 00 04 6a 00 00 8d fc 00 49 00 40 f7 c7 00 05 ff fc ff 7e ff f8 ff f2 00 14 1c 47 00 01 80 46 00 00 15 0e 43 78 a1 f8 00 00 14 04
1131,54288,WL,flash_sample,48,36.368,1,102,0,1,1,0,0,1,1,0,1131,36368,0.035136,0.03172,-1.027728,0.020834,-0.031251,-1.333376,-1.68,-0.21,2.52,53.25,98336,53.7,251.874755859,5.124,57 4c 01 66 00 00 04 6b 00 00 8e 10 00 48 00 41 f7 c6 00 02 ff fd ff 80 ff e8 ff fd 00 24 1c 40 00 01 80 20 00 00 14 fa 43 7b df f0 00 00 14 04
1132,54336,WL,flash_sample,48,36.388,1,110,0,1,1,1,0,1,1,0,1132,36388,0.0366,0.032696,-1.028704,0.031251,0.010417,-1.35421,-3.08,1.47,3.01,53.3046875,98336,53.74,251.874755859,5.124,57 4c 01 6e 00 00 04 6c 00 00 8e 24 00 4b 00 43 f7 c4 00 03 00 01 ff 7e ff d4 00 15 00 2b 1c 4e 00 01 80 20 00 00 14 fe 43 7b df f0 00 00 14 04
1133,54384,WL,flash_sample,48,36.408,1,110,0,1,1,1,0,1,1,0,1133,36408,0.039528,0.034648,-1.029192,0.041668,-0.010417,-1.364627,-3.15,1.61,2.87,53.30859375,98337,53.78,251.787567139,5.124,57 4c 01 6e 00 00 04 6d 00 00 8e 38 00 51 00 47 f7 c3 00 04 ff ff ff 7d ff d3 00 17 00 29 1c 4f 00 01 80 21 00 00 15 02 43 7b c9 9e 00 00 14 04
1134,54432,WL,flash_sample,48,36.428,1,110,0,1,1,1,0,1,1,0,1134,36428,0.032696,0.030744,-1.029192,0.0,0.0,-1.364627,-3.15,1.4,2.94,53.296875,98332,53.82,252.215606689,5.132,57 4c 01 6e 00 00 04 6e 00 00 8e 4c 00 43 00 3f f7 c3 00 00 00 00 ff 7d ff d3 00 14 00 2a 1c 4c 00 01 80 1c 00 00 15 06 43 7c 37 32 00 00 14 0c
1135,54480,WL,flash_sample,48,36.448,1,102,0,1,1,0,0,1,1,0,1135,36448,0.036112,0.032208,-1.02968,0.020834,-0.010417,-1.35421,-3.22,1.47,2.87,53.26953125,98334,53.85,252.043869019,5.132,57 4c 01 66 00 00 04 6f 00 00 8e 60 00 4a 00 42 f7 c2 00 02 ff ff ff 7e ff d2 00 15 00 29 1c 45 00 01 80 1e 00 00 15 09 43 7c 0b 3b 00 00 14 0c
1136,54528,WL,flash_sample,48,36.468,1,102,0,1,1,0,0,1,1,0,1136,36468,0.03416,0.030744,-1.028704,0.072919,-0.010417,-1.333376,-3.15,1.54,2.87,53.26953125,98337,53.88,251.787567139,5.132,57 4c 01 66 00 00 04 70 00 00 8e 74 00 46 00 3f f7 c4 00 07 ff ff ff 80 ff d3 00 16 00 29 1c 45 00 01 80 21 00 00 15 0c 43 7b c9 9e 00 00 14 0c
1137,54576,WL,flash_sample,48,36.488,1,102,0,1,1,0,0,1,1,0,1137,36488,0.035136,0.031232,-1.029192,0.041668,0.020834,-1.35421,-3.22,1.61,2.8,53.32421875,98338,53.92,251.703018188,5.132,57 4c 01 66 00 00 04 71 00 00 8e 88 00 48 00 40 f7 c3 00 04 00 02 ff 7e ff d2 00 17 00 28 1c 53 00 01 80 22 00 00 15 10 43 7b b3 f9 00 00 14 0c
1138,54624,WL,flash_sample,48,36.508,1,110,0,1,1,1,0,1,1,0,1138,36508,0.0366,0.032696,-1.028704,0.020834,0.031251,-1.35421,-3.22,1.54,2.87,53.33203125,98339,53.95,251.618453979,5.132,57 4c 01 6e 00 00 04 72 00 00 8e 9c 00 4b 00 43 f7 c4 00 02 00 03 ff 7e ff d2 00 16 00 29 1c 55 00 01 80 23 00 00 15 13 43 7b 9e 53 00 00 14 0c
1139,54672,WL,flash_sample,48,36.528,1,110,0,1,1,1,0,1,1,0,1139,36528,0.0366,0.032696,-1.028704,0.020834,0.031251,-1.35421,-3.22,1.54,2.87,53.33203125,98339,53.95,251.618453979,5.132,57 4c 01 6e 00 00 04 73 00 00 8e b0 00 4b 00 43 f7 c4 00 02 00 03 ff 7e ff d2 00 16 00 29 1c 55 00 01 80 23 00 00 15 13 43 7b 9e 53 00 00 14 0c
1140,54720,WL,flash_sample,48,36.548,1,110,0,1,1,1,0,1,1,0,1140,36548,0.0366,0.032696,-1.028704,0.020834,0.031251,-1.35421,-3.22,1.54,2.87,53.33203125,98339,53.95,251.618453979,5.132,57 4c 01 6e 00 00 04 74 00 00 8e c4 00 4b 00 43 f7 c4 00 02 00 03 ff 7e ff d2 00 16 00 29 1c 55 00 01 80 23 00 00 15 13 43 7b 9e 53 00 00 14 0c
1141,54768,WL,flash_sample,48,36.568,1,110,0,1,1,1,0,1,1,0,1141,36568,0.0366,0.032696,-1.028704,0.020834,0.031251,-1.35421,-3.22,1.54,2.87,53.33203125,98339,53.95,251.618453979,5.132,57 4c 01 6e 00 00 04 75 00 00 8e d8 00 4b 00 43 f7 c4 00 02 00 03 ff 7e ff d2 00 16 00 29 1c 55 00 01 80 23 00 00 15 13 43 7b 9e 53 00 00 14 0c
1142,54816,WL,flash_sample,48,36.59,1,110,0,1,1,1,0,1,1,0,1142,36590,0.034648,0.030744,-1.027728,0.031251,-0.031251,-1.343793,-0.21,-0.21,-0.21,53.30078125,98339,53.95,251.618453979,5.124,57 4c 01 6e 00 00 04 76 00 00 8e ee 00 47 00 3f f7 c6 00 03 ff fd ff 7f ff fd ff fd ff fd 1c 4d 00 01 80 23 00 00 15 13 43 7b 9e 53 00 00 14 04
1143,54864,WL,flash_sample,48,36.608,1,110,0,1,1,1,0,1,1,0,1143,36608,0.034648,0.030744,-1.027728,0.031251,-0.031251,-1.343793,-0.21,-0.21,-0.21,53.30078125,98339,53.95,251.618453979,5.124,57 4c 01 6e 00 00 04 77 00 00 8f 00 00 47 00 3f f7 c6 00 03 ff fd ff 7f ff fd ff fd ff fd 1c 4d 00 01 80 23 00 00 15 13 43 7b 9e 53 00 00 14 04
1144,54912,WL,flash_sample,48,36.628,1,110,0,1,1,1,0,1,1,0,1144,36628,0.034648,0.030744,-1.027728,0.031251,-0.031251,-1.343793,-0.21,-0.21,-0.21,53.30078125,98339,53.95,251.618453979,5.124,57 4c 01 6e 00 00 04 78 00 00 8f 14 00 47 00 3f f7 c6 00 03 ff fd ff 7f ff fd ff fd ff fd 1c 4d 00 01 80 23 00 00 15 13 43 7b 9e 53 00 00 14 04
1145,54960,WL,flash_sample,48,36.648,1,110,0,1,1,1,0,1,1,0,1145,36648,0.034648,0.030744,-1.027728,0.031251,-0.031251,-1.343793,-0.21,-0.21,-0.21,53.30078125,98339,53.95,251.618453979,5.124,57 4c 01 6e 00 00 04 79 00 00 8f 28 00 47 00 3f f7 c6 00 03 ff fd ff 7f ff fd ff fd ff fd 1c 4d 00 01 80 23 00 00 15 13 43 7b 9e 53 00 00 14 04
1146,55008,WL,flash_sample,48,36.668,1,110,0,1,1,1,0,1,1,0,1146,36668,0.034648,0.030744,-1.027728,0.031251,-0.031251,-1.343793,-0.21,-0.21,-0.21,53.30078125,98339,53.95,251.618453979,5.124,57 4c 01 6e 00 00 04 7a 00 00 8f 3c 00 47 00 3f f7 c6 00 03 ff fd ff 7f ff fd ff fd ff fd 1c 4d 00 01 80 23 00 00 15 13 43 7b 9e 53 00 00 14 04
1147,55056,WL,flash_sample,48,36.688,1,110,0,1,1,1,0,1,1,0,1147,36688,0.034648,0.030744,-1.027728,0.031251,-0.031251,-1.343793,-0.21,-0.21,-0.21,53.30078125,98339,53.95,251.618453979,5.124,57 4c 01 6e 00 00 04 7b 00 00 8f 50 00 47 00 3f f7 c6 00 03 ff fd ff 7f ff fd ff fd ff fd 1c 4d 00 01 80 23 00 00 15 13 43 7b 9e 53 00 00 14 04
1148,55104,WL,flash_sample,48,36.708,1,110,0,1,1,1,0,1,1,0,1148,36708,0.034648,0.030744,-1.027728,0.031251,-0.031251,-1.343793,-0.21,-0.21,-0.21,53.30078125,98339,53.95,251.618453979,5.124,57 4c 01 6e 00 00 04 7c 00 00 8f 64 00 47 00 3f f7 c6 00 03 ff fd ff 7f ff fd ff fd ff fd 1c 4d 00 01 80 23 00 00 15 13 43 7b 9e 53 00 00 14 04
1149,55152,WL,flash_sample,48,36.728,1,110,0,1,1,1,0,1,1,0,1149,36728,0.035624,0.032208,-1.02724,0.052085,0.0,-1.364627,-0.14,0.07,-0.35,53.27734375,98390,53.98,247.269271851,5.124,57 4c 01 6e 00 00 04 7d 00 00 8f 78 00 49 00 42 f7 c7 00 05 00 00 ff 7d ff fe 00 01 ff fb 1c 47 00 01 80 56 00 00 15 16 43 77 44 ef 00 00 14 04
1150,55200,WL,flash_sample,48,36.748,1,110,0,1,1,1,0,1,1,0,1150,36748,0.035624,0.032208,-1.02724,0.052085,0.0,-1.364627,-0.14,0.07,-0.35,53.27734375,98390,53.98,247.269271851,5.124,57 4c 01 6e 00 00 04 7e 00 00 8f 8c 00 49 00 42 f7 c7 00 05 00 00 ff 7d ff fe 00 01 ff fb 1c 47 00 01 80 56 00 00 15 16 43 77 44 ef 00 00 14 04
1151,55248,WL,flash_sample,48,36.769,1,110,0,1,1,1,0,1,1,0,1151,36769,0.035624,0.032208,-1.028216,0.041668,0.0,-1.312542,-0.21,0.14,-0.35,53.26171875,98390,53.98,247.269271851,5.124,57 4c 01 6e 00 00 04 7f 00 00 8f a1 00 49 00 42 f7 c5 00 04 00 00 ff 82 ff fd 00 02 ff fb 1c 43 00 01 80 56 00 00 15 16 43 77 44 ef 00 00 14 04
1152,55296,WL,flash_sample,48,36.788,1,110,0,1,1,1,0,1,1,0,1152,36788,0.035624,0.032208,-1.028216,0.041668,0.0,-1.312542,-0.21,0.14,-0.35,53.26171875,98390,53.98,247.269271851,5.124,57 4c 01 6e 00 00 04 80 00 00 8f b4 00 49 00 42 f7 c5 00 04 00 00 ff 82 ff fd 00 02 ff fb 1c 43 00 01 80 56 00 00 15 16 43 77 44 ef 00 00 14 04
1153,55344,WL,flash_sample,48,36.808,1,110,0,1,1,1,0,1,1,0,1153,36808,0.035624,0.032208,-1.028216,0.041668,0.0,-1.312542,-0.21,0.14,-0.35,53.26171875,98390,53.98,247.269271851,5.124,57 4c 01 6e 00 00 04 81 00 00 8f c8 00 49 00 42 f7 c5 00 04 00 00 ff 82 ff fd 00 02 ff fb 1c 43 00 01 80 56 00 00 15 16 43 77 44 ef 00 00 14 04
1154,55392,WL,flash_sample,48,36.828,1,110,0,1,1,1,0,1,1,0,1154,36828,0.035624,0.032208,-1.028216,0.041668,0.0,-1.312542,-0.21,0.14,-0.35,53.26171875,98390,53.98,247.269271851,5.124,57 4c 01 6e 00 00 04 82 00 00 8f dc 00 49 00 42 f7 c5 00 04 00 00 ff 82 ff fd 00 02 ff fb 1c 43 00 01 80 56 00 00 15 16 43 77 44 ef 00 00 14 04
1155,55440,WL,flash_sample,48,36.853,1,64,0,0,0,0,0,0,1,0,1155,36853,0.036112,0.031232,-1.02724,0.010417,-0.031251,-1.35421,-0.21,-0.77,0.56,53.26171875,98345,53.43,251.105865479,5.156,57 4c 01 40 00 00 04 83 00 00 8f f5 00 4a 00 40 f7 c7 00 01 ff fd ff 7e ff fd ff f5 00 08 1c 43 00 01 80 29 00 00 14 df 43 7b 1b 1a 00 00 14 24
1156,55488,WL,flash_sample,48,36.868,1,110,0,1,1,1,0,1,1,0,1156,36868,0.035624,0.032696,-1.028216,0.062502,0.031251,-1.312542,-1.33,-0.42,2.1,53.29296875,98317,53.28,253.494476318,5.156,57 4c 01 6e 00 00 04 84 00 00 90 04 00 49 00 43 f7 c5 00 06 00 03 ff 82 ff ed ff fa 00 1e 1c 4b 00 01 80 0d 00 00 14 d0 43 7d 7e 96 00 00 14 24
1157,55536,WL,flash_sample,48,36.888,1,110,0,1,1,1,0,1,1,0,1157,36888,0.036112,0.030744,-1.028704,0.062502,0.010417,-1.35421,-2.31,0.28,3.15,53.26953125,98324,53.37,252.897323608,5.156,57 4c 01 6e 00 00 04 85 00 00 90 18 00 4a 00 3f f7 c4 00 06 00 01 ff 7e ff df 00 04 00 2d 1c 45 00 01 80 14 00 00 14 d9 43 7c e5 b7 00 00 14 24
1158,55584,WL,flash_sample,48,36.908,1,110,0,1,1,1,0,1,1,0,1158,36908,0.035624,0.032208,-1.029192,0.0,0.0,-1.333376,-3.15,1.47,2.87,53.26171875,98321,53.44,253.153625488,5.156,57 4c 01 6e 00 00 04 86 00 00 90 2c 00 49 00 42 f7 c3 00 00 00 00 ff 80 ff d3 00 15 00 29 1c 43 00 01 80 11 00 00 14 e0 43 7d 27 54 00 00 14 24
1159,55632,WL,flash_sample,48,36.928,1,102,0,1,1,0,0,1,1,0,1159,36928,0.036112,0.03172,-1.02968,-0.010417,0.0,-1.333376,-3.15,1.54,2.87,53.29296875,98323,53.5,252.981872559,5.124,57 4c 01 66 00 00 04 87 00 00 90 40 00 4a 00 41 f7 c2 ff ff 00 00 ff 80 ff d3 00 16 00 29 1c 4b 00 01 80 13 00 00 14 e6 43 7c fb 5c 00 00 14 04
1160,55680,WL,flash_sample,48,36.949,1,102,0,1,1,0,0,1,1,0,1160,36949,0.035136,0.03172,-1.02968,0.052085,-0.010417,-1.364627,-3.15,1.47,2.8,53.30078125,98327,53.56,252.641021729,5.124,57 4c 01 66 00 00 04 88 00 00 90 55 00 48 00 41 f7 c2 00 05 ff ff ff 7d ff d3 00 15 00 28 1c 4d 00 01 80 17 00 00 14 ec 43 7c a4 1a 00 00 14 04
1161,55728,WL,flash_sample,48,36.968,1,110,0,1,1,1,0,1,1,0,1161,36968,0.034648,0.030744,-1.029192,0.0,-0.010417,-1.364627,-3.22,1.54,2.87,53.34375,98329,53.62,252.471908569,5.124,57 4c 01 6e 00 00 04 89 00 00 90 68 00 47 00 3f f7 c3 00 00 ff ff ff 7d ff d2 00 16 00 29 1c 58 00 01 80 19 00 00 14 f2 43 7c 78 cf 00 00 14 04
1162,55776,WL,flash_sample,48,36.988,1,110,0,1,1,1,0,1,1,0,1162,36988,0.035136,0.031232,-1.029192,0.041668,-0.041668,-1.333376,-3.15,1.54,2.87,53.31640625,98330,53.67,252.384719849,5.124,57 4c 01 6e 00 00 04 8a 00 00 90 7c 00 48 00 40 f7 c3 00 04 ff fc ff 80 ff d3 00 16 00 29 1c 51 00 01 80 1a 00 00 14 f7 43 7c 62 7d 00 00 14 04
1163,55824,WL,flash_sample,48,37.008,1,110,0,1,1,1,0,1,1,0,1163,37008,0.035624,0.031232,-1.02968,0.031251,0.020834,-1.333376,-3.15,1.54,2.87,53.30078125,98329,53.72,252.471908569,5.124,57 4c 01 6e 00 00 04 8b 00 00 90 90 00 49 00 40 f7 c2 00 03 00 02 ff 80 ff d3 00 16 00 29 1c 4d 00 01 80 19 00 00 14 fc 43 7c 78 cf 00 00 14 04
1164,55872,WL,flash_sample,48,37.028,1,102,0,1,1,0,0,1,1,0,1164,37028,0.035624,0.032696,-1.028216,0.041668,-0.010417,-1.364627,-3.15,1.54,2.8,53.30078125,98329,53.72,252.471908569,5.124,57 4c 01 66 00 00 04 8c 00 00 90 a4 00 49 00 43 f7 c5 00 04 ff ff ff 7d ff d3 00 16 00 28 1c 4d 00 01 80 19 00 00 14 fc 43 7c 78 cf 00 00 14 04
1165,55920,WL,flash_sample,48,37.048,1,102,0,1,1,0,0,1,1,0,1165,37048,0.035624,0.032696,-1.028216,0.041668,-0.010417,-1.364627,-3.15,1.54,2.8,53.30078125,98329,53.72,252.471908569,5.124,57 4c 01 66 00 00 04 8d 00 00 90 b8 00 49 00 43 f7 c5 00 04 ff ff ff 7d ff d3 00 16 00 28 1c 4d 00 01 80 19 00 00 14 fc 43 7c 78 cf 00 00 14 04
1166,55968,WL,flash_sample,48,37.068,1,102,0,1,1,0,0,1,1,0,1166,37068,0.035624,0.032696,-1.028216,0.041668,-0.010417,-1.364627,-3.15,1.54,2.8,53.30078125,98329,53.72,252.471908569,5.124,57 4c 01 66 00 00 04 8e 00 00 90 cc 00 49 00 43 f7 c5 00 04 ff ff ff 7d ff d3 00 16 00 28 1c 4d 00 01 80 19 00 00 14 fc 43 7c 78 cf 00 00 14 04
1167,56016,WL,flash_sample,48,37.088,1,102,0,1,1,0,0,1,1,0,1167,37088,0.035624,0.032696,-1.028216,0.041668,-0.010417,-1.364627,-3.15,1.54,2.8,53.30078125,98329,53.72,252.471908569,5.124,57 4c 01 66 00 00 04 8f 00 00 90 e0 00 49 00 43 f7 c5 00 04 ff ff ff 7d ff d3 00 16 00 28 1c 4d 00 01 80 19 00 00 14 fc 43 7c 78 cf 00 00 14 04
1168,56064,WL,flash_sample,48,37.108,1,110,0,1,1,1,0,1,1,0,1168,37108,0.035136,0.03172,-1.028216,0.062502,-0.010417,-1.322959,-0.63,-0.98,1.4,53.33203125,98337,53.77,251.787567139,5.124,57 4c 01 6e 00 00 04 90 00 00 90 f4 00 48 00 41 f7 c5 00 06 ff ff ff 81 ff f7 ff f2 00 14 1c 55 00 01 80 21 00 00 15 01 43 7b c9 9e 00 00 14 04
1169,56112,WL,flash_sample,48,37.128,1,110,0,1,1,1,0,1,1,0,1169,37128,0.034648,0.031232,-1.02724,0.010417,-0.072919,-1.364627,-1.68,-0.21,2.59,53.3359375,98327,53.6,252.641021729,5.128,57 4c 01 6e 00 00 04 91 00 00 91 08 00 47 00 40 f7 c7 00 01 ff f9 ff 7d ff e8 ff fd 00 25 1c 56 00 01 80 17 00 00 14 f0 43 7c a4 1a 00 00 14 08
1170,56160,WL,flash_sample,48,37.148,1,110,0,1,1,1,0,1,1,0,1170,37148,0.035624,0.03172,-1.028704,0.041668,0.031251,-1.364627,-3.15,1.4,2.94,53.296875,98331,53.65,252.300170898,5.128,57 4c 01 6e 00 00 04 92 00 00 91 1c 00 49 00 41 f7 c4 00 04 00 03 ff 7d ff d3 00 14 00 2a 1c 4c 00 01 80 1b 00 00 14 f5 43 7c 4c d8 00 00 14 08
1171,56208,WL,flash_sample,48,37.168,1,102,0,1,1,0,0,1,1,0,1171,37168,0.036112,0.031232,-1.029192,0.052085,-0.010417,-1.343793,-3.22,1.54,2.87,53.33984375,98330,53.71,252.384719849,5.128,57 4c 01 66 00 00 04 93 00 00 91 30 00 4a 00 40 f7 c3 00 05 ff ff ff 7f ff d2 00 16 00 29 1c 57 00 01 80 1a 00 00 14 fb 43 7c 62 7d 00 00 14 08
1172,56256,WL,flash_sample,48,37.188,1,102,0,1,1,0,0,1,1,0,1172,37188,0.035136,0.03172,-1.029192,0.072919,-0.010417,-1.333376,-3.15,1.61,2.87,53.3359375,98331,53.75,252.300170898,5.128,57 4c 01 66 00 00 04 94 00 00 91 44 00 48 00 41 f7 c3 00 07 ff ff ff 80 ff d3 00 17 00 29 1c 56 00 01 80 1b 00 00 14 ff 43 7c 4c d8 00 00 14 08
1173,56304,WL,flash_sample,48,37.208,1,110,0,1,1,1,0,1,1,0,1173,37208,0.035624,0.03172,-1.028704,0.072919,-0.072919,-1.333376,-3.15,1.54,2.87,53.31640625,98335,53.79,251.959320068,5.128,57 4c 01 6e 00 00 04 95 00 00 91 58 00 49 00 41 f7 c4 00 07 ff f9 ff 80 ff d3 00 16 00 29 1c 51 00 01 80 1f 00 00 15 03 43 7b f5 96 00 00 14 08
1174,56352,WL,flash_sample,48,37.228,1,110,0,1,1,1,0,1,1,0,1174,37228,0.035136,0.03172,-1.028704,0.020834,-0.010417,-1.364627,-3.15,1.61,2.8,53.3359375,98336,53.83,251.874755859,5.124,57 4c 01 6e 00 00 04 96 00 00 91 6c 00 48 00 41 f7 c4 00 02 ff ff ff 7d ff d3 00 17 00 28 1c 56 00 01 80 20 00 00 15 07 43 7b df f0 00 00 14 04
1175,56400,WL,flash_sample,48,37.248,1,111,1,1,1,1,0,1,1,0,1175,37248,0.035624,0.031232,-1.029192,0.010417,0.010417,-1.364627,-3.15,1.54,2.87,53.34375,98335,53.87,251.959320068,5.124,57 4c 01 6f 00 00 04 97 00 00 91 80 00 49 00 40 f7 c3 00 01 00 01 ff 7d ff d3 00 16 00 29 1c 58 00 01 80 1f 00 00 15 0b 43 7b f5 96 00 00 14 04
1176,56448,WL,flash_sample,48,37.268,1,111,1,1,1,1,0,1,1,0,1176,37268,0.035624,0.03172,-1.029192,0.052085,-0.010417,-1.35421,-3.15,1.54,2.8,53.3671875,98339,53.91,251.618453979,5.124,57 4c 01 6f 00 00 04 98 00 00 91 94 00 49 00 41 f7 c3 00 05 ff ff ff 7e ff d3 00 16 00 28 1c 5e 00 01 80 23 00 00 15 0f 43 7b 9e 53 00 00 14 04
1177,56496,WL,flash_sample,48,37.288,1,111,1,1,1,1,0,1,1,0,1177,37288,0.035624,0.03172,-1.029192,0.052085,-0.010417,-1.35421,-3.15,1.54,2.8,53.3671875,98339,53.91,251.618453979,5.124,57 4c 01 6f 00 00 04 99 00 00 91 a8 00 49 00 41 f7 c3 00 05 ff ff ff 7e ff d3 00 16 00 28 1c 5e 00 01 80 23 00 00 15 0f 43 7b 9e 53 00 00 14 04
1178,56544,WL,flash_sample,48,37.308,1,111,1,1,1,1,0,1,1,0,1178,37308,0.035624,0.03172,-1.029192,0.052085,-0.010417,-1.35421,-3.15,1.54,2.8,53.3671875,98339,53.91,251.618453979,5.124,57 4c 01 6f 00 00 04 9a 00 00 91 bc 00 49 00 41 f7 c3 00 05 ff ff ff 7e ff d3 00 16 00 28 1c 5e 00 01 80 23 00 00 15 0f 43 7b 9e 53 00 00 14 04
1179,56592,WL,flash_sample,48,37.328,1,111,1,1,1,1,0,1,1,0,1179,37328,0.035624,0.03172,-1.029192,0.052085,-0.010417,-1.35421,-3.15,1.54,2.8,53.3671875,98339,53.91,251.618453979,5.124,57 4c 01 6f 00 00 04 9b 00 00 91 d0 00 49 00 41 f7 c3 00 05 ff ff ff 7e ff d3 00 16 00 28 1c 5e 00 01 80 23 00 00 15 0f 43 7b 9e 53 00 00 14 04
1180,56640,WL,flash_sample,48,37.351,1,65,1,0,0,0,0,0,1,0,1180,37351,0.035136,0.031232,-1.028704,0.041668,-0.041668,-1.333376,-0.14,-0.14,-0.14,53.39453125,98343,53.94,251.277603149,5.136,57 4c 01 41 00 00 04 9c 00 00 91 e7 00 48 00 40 f7 c4 00 04 ff fc ff 80 ff fe ff fe ff fe 1c 65 00 01 80 27 00 00 15 12 43 7b 47 11 00 00 14 10
1181,56688,WL,flash_sample,48,37.368,1,111,1,1,1,1,0,1,1,0,1181,37368,0.035136,0.03172,-1.028216,0.020834,0.010417,-1.333376,-1.05,-0.7,1.82,53.359375,98328,53.72,252.556472778,5.136,57 4c 01 6f 00 00 04 9d 00 00 91 f8 00 48 00 41 f7 c5 00 02 00 01 ff 80 ff f1 ff f6 00 1a 1c 5c 00 01 80 18 00 00 14 fc 43 7c 8e 75 00 00 14 10
1182,56736,WL,flash_sample,48,37.388,1,103,1,1,1,0,0,1,1,0,1182,37388,0.035624,0.031232,-1.02968,0.020834,-0.031251,-1.364627,-2.59,0.49,3.36,53.3671875,98334,53.78,252.043869019,5.136,57 4c 01 67 00 00 04 9e 00 00 92 0c 00 49 00 40 f7 c2 00 02 ff fd ff 7d ff db 00 07 00 30 1c 5e 00 01 80 1e 00 00 15 02 43 7c 0b 3b 00 00 14 10
1183,56784,WL,flash_sample,48,37.408,1,103,1,1,1,0,0,1,1,0,1183,37408,0.035136,0.031232,-1.028704,0.052085,-0.031251,-1.333376,-3.22,1.54,2.8,53.328125,98334,53.82,252.043869019,5.136,57 4c 01 67 00 00 04 9f 00 00 92 20 00 48 00 40 f7 c4 00 05 ff fd ff 80 ff d2 00 16 00 28 1c 54 00 01 80 1e 00 00 15 06 43 7c 0b 3b 00 00 14 10
1184,56832,WL,flash_sample,48,37.428,1,103,1,1,1,0,0,1,1,0,1184,37428,0.035136,0.032208,-1.029192,0.010417,-0.020834,-1.333376,-3.15,1.47,2.94,53.359375,98334,53.86,252.043869019,5.12,57 4c 01 67 00 00 04 a0 00 00 92 34 00 48 00 42 f7 c3 00 01 ff fe ff 80 ff d3 00 15 00 2a 1c 5c 00 01 80 1e 00 00 15 0a 43 7c 0b 3b 00 00 14 00
1185,56880,WL,flash_sample,48,37.449,1,111,1,1,1,1,0,1,1,0,1185,37449,0.035624,0.031232,-1.028216,0.020834,-0.010417,-1.364627,-3.15,1.54,2.87,53.39453125,98336,53.9,251.874755859,5.12,57 4c 01 6f 00 00 04 a1 00 00 92 49 00 49 00 40 f7 c5 00 02 ff ff ff 7d ff d3 00 16 00 29 1c 65 00 01 80 20 00 00 15 0e 43 7b df f0 00 00 14 00
1186,56928,WL,flash_sample,48,37.468,1,111,1,1,1,1,0,1,1,0,1186,37468,0.035624,0.03172,-1.02968,0.031251,-0.010417,-1.333376,-3.15,1.54,2.87,53.375,98336,53.93,251.874755859,5.12,57 4c 01 6f 00 00 04 a2 00 00 92 5c 00 49 00 41 f7 c2 00 03 ff ff ff 80 ff d3 00 16 00 29 1c 60 00 01 80 20 00 00 15 11 43 7b df f0 00 00 14 00
1187,56976,WL,flash_sample,48,37.488,1,111,1,1,1,1,0,1,1,0,1187,37488,0.035136,0.03172,-1.029192,0.052085,0.010417,-1.343793,-3.15,1.54,2.87,53.375,98337,53.96,251.787567139,5.12,57 4c 01 6f 00 00 04 a3 00 00 92 70 00 48 00 41 f7 c3 00 05 00 01 ff 7f ff d3 00 16 00 29 1c 60 00 01 80 21 00 00 15 14 43 7b c9 9e 00 00 14 00
1188,57024,WL,flash_sample,48,37.508,1,103,1,1,1,0,0,1,1,0,1188,37508,0.035136,0.03172,-1.029192,0.052085,-0.020834,-1.35421,-3.15,1.54,2.87,53.34375,98339,53.99,251.618453979,5.12,57 4c 01 67 00 00 04 a4 00 00 92 84 00 48 00 41 f7 c3 00 05 ff fe ff 7e ff d3 00 16 00 29 1c 58 00 01 80 23 00 00 15 17 43 7b 9e 53 00 00 14 00
1189,57072,WL,flash_sample,48,37.528,1,111,1,1,1,1,0,1,1,0,1189,37528,0.035136,0.03172,-1.028704,0.041668,-0.010417,-1.364627,-3.15,1.54,2.87,53.375,98339,53.99,251.618453979,5.124,57 4c 01 6f 00 00 04 a5 00 00 92 98 00 48 00 41 f7 c4 00 04 ff ff ff 7d ff d3 00 16 00 29 1c 60 00 01 80 23 00 00 15 17 43 7b 9e 53 00 00 14 04
1190,57120,WL,flash_sample,48,37.548,1,111,1,1,1,1,0,1,1,0,1190,37548,0.035136,0.03172,-1.028704,0.041668,-0.010417,-1.364627,-3.15,1.54,2.87,53.375,98339,53.99,251.618453979,5.124,57 4c 01 6f 00 00 04 a6 00 00 92 ac 00 48 00 41 f7 c4 00 04 ff ff ff 7d ff d3 00 16 00 29 1c 60 00 01 80 23 00 00 15 17 43 7b 9e 53 00 00 14 04
1191,57168,WL,flash_sample,48,37.568,1,111,1,1,1,1,0,1,1,0,1191,37568,0.035136,0.03172,-1.028704,0.041668,-0.010417,-1.364627,-3.15,1.54,2.87,53.375,98339,53.99,251.618453979,5.124,57 4c 01 6f 00 00 04 a7 00 00 92 c0 00 48 00 41 f7 c4 00 04 ff ff ff 7d ff d3 00 16 00 29 1c 60 00 01 80 23 00 00 15 17 43 7b 9e 53 00 00 14 04
1192,57216,WL,flash_sample,48,37.588,1,111,1,1,1,1,0,1,1,0,1192,37588,0.035136,0.03172,-1.028704,0.041668,-0.010417,-1.364627,-3.15,1.54,2.87,53.375,98339,53.99,251.618453979,5.124,57 4c 01 6f 00 00 04 a8 00 00 92 d4 00 48 00 41 f7 c4 00 04 ff ff ff 7d ff d3 00 16 00 29 1c 60 00 01 80 23 00 00 15 17 43 7b 9e 53 00 00 14 04
1193,57264,WL,flash_sample,48,37.608,1,111,1,1,1,1,0,1,1,0,1193,37608,0.035624,0.03172,-1.028216,0.020834,0.031251,-1.364627,-0.14,0.07,-0.35,53.3359375,98342,54.02,251.3621521,5.124,57 4c 01 6f 00 00 04 a9 00 00 92 e8 00 49 00 41 f7 c5 00 02 00 03 ff 7d ff fe 00 01 ff fb 1c 56 00 01 80 26 00 00 15 1a 43 7b 5c b6 00 00 14 04
1194,57312,WL,flash_sample,48,37.628,1,111,1,1,1,1,0,1,1,0,1194,37628,0.035624,0.03172,-1.028216,0.020834,0.031251,-1.364627,-0.14,0.07,-0.35,53.3359375,98342,54.02,251.3621521,5.124,57 4c 01 6f 00 00 04 aa 00 00 92 fc 00 49 00 41 f7 c5 00 02 00 03 ff 7d ff fe 00 01 ff fb 1c 56 00 01 80 26 00 00 15 1a 43 7b 5c b6 00 00 14 04
1195,57360,WL,flash_sample,48,37.648,1,111,1,1,1,1,0,1,1,0,1195,37648,0.035624,0.03172,-1.028216,0.020834,0.031251,-1.364627,-0.14,0.07,-0.35,53.3359375,98342,54.02,251.3621521,5.124,57 4c 01 6f 00 00 04 ab 00 00 93 10 00 49 00 41 f7 c5 00 02 00 03 ff 7d ff fe 00 01 ff fb 1c 56 00 01 80 26 00 00 15 1a 43 7b 5c b6 00 00 14 04
1196,57408,WL,flash_sample,48,37.668,1,111,1,1,1,1,0,1,1,0,1196,37668,0.035624,0.03172,-1.028216,0.020834,0.031251,-1.364627,-0.14,0.07,-0.35,53.3359375,98342,54.02,251.3621521,5.124,57 4c 01 6f 00 00 04 ac 00 00 93 24 00 49 00 41 f7 c5 00 02 00 03 ff 7d ff fe 00 01 ff fb 1c 56 00 01 80 26 00 00 15 1a 43 7b 5c b6 00 00 14 04
1197,57456,WL,flash_sample,48,37.688,1,111,1,1,1,1,0,1,1,0,1197,37688,0.035624,0.03172,-1.028216,0.020834,0.031251,-1.364627,-0.14,0.07,-0.35,53.3359375,98342,54.02,251.3621521,5.124,57 4c 01 6f 00 00 04 ad 00 00 93 38 00 49 00 41 f7 c5 00 02 00 03 ff 7d ff fe 00 01 ff fb 1c 56 00 01 80 26 00 00 15 1a 43 7b 5c b6 00 00 14 04
1198,57504,WL,flash_sample,48,37.708,1,111,1,1,1,1,0,1,1,0,1198,37708,0.035624,0.03172,-1.028216,0.020834,0.031251,-1.364627,-0.14,0.07,-0.35,53.3359375,98342,54.02,251.3621521,5.124,57 4c 01 6f 00 00 04 ae 00 00 93 4c 00 49 00 41 f7 c5 00 02 00 03 ff 7d ff fe 00 01 ff fb 1c 56 00 01 80 26 00 00 15 1a 43 7b 5c b6 00 00 14 04
1199,57552,WL,flash_sample,48,37.729,1,111,1,1,1,1,0,1,1,0,1199,37729,0.035136,0.03172,-1.027728,0.052085,-0.020834,-1.35421,-0.14,0.07,-0.35,53.34375,98342,54.02,251.3621521,5.124,57 4c 01 6f 00 00 04 af 00 00 93 61 00 48 00 41 f7 c6 00 05 ff fe ff 7e ff fe 00 01 ff fb 1c 58 00 01 80 26 00 00 15 1a 43 7b 5c b6 00 00 14 04
1200,57600,WL,flash_sample,48,37.748,1,111,1,1,1,1,0,1,1,0,1200,37748,0.035136,0.03172,-1.027728,0.052085,-0.020834,-1.35421,-0.14,0.07,-0.35,53.34375,98342,54.02,251.3621521,5.124,57 4c 01 6f 00 00 04 b0 00 00 93 74 00 48 00 41 f7 c6 00 05 ff fe ff 7e ff fe 00 01 ff fb 1c 58 00 01 80 26 00 00 15 1a 43 7b 5c b6 00 00 14 04
1201,57648,WL,flash_sample,48,37.768,1,111,1,1,1,1,0,1,1,0,1201,37768,0.035136,0.03172,-1.027728,0.052085,-0.020834,-1.35421,-0.14,0.07,-0.35,53.34375,98342,54.02,251.3621521,5.124,57 4c 01 6f 00 00 04 b1 00 00 93 88 00 48 00 41 f7 c6 00 05 ff fe ff 7e ff fe 00 01 ff fb 1c 58 00 01 80 26 00 00 15 1a 43 7b 5c b6 00 00 14 04
1202,57696,WL,flash_sample,48,37.788,1,111,1,1,1,1,0,1,1,0,1202,37788,0.035136,0.030744,-1.028216,0.031251,0.010417,-1.364627,-0.21,0.14,-0.35,53.3671875,98393,53.79,247.012969971,5.124,57 4c 01 6f 00 00 04 b2 00 00 93 9c 00 48 00 3f f7 c5 00 03 00 01 ff 7d ff fd 00 02 ff fb 1c 5e 00 01 80 59 00 00 15 03 43 77 03 52 00 00 14 04
1203,57744,WL,flash_sample,48,37.808,1,111,1,1,1,1,0,1,1,0,1203,37808,0.035136,0.030744,-1.028216,0.031251,0.010417,-1.364627,-0.21,0.14,-0.35,53.3671875,98393,53.79,247.012969971,5.124,57 4c 01 6f 00 00 04 b3 00 00 93 b0 00 48 00 3f f7 c5 00 03 00 01 ff 7d ff fd 00 02 ff fb 1c 5e 00 01 80 59 00 00 15 03 43 77 03 52 00 00 14 04
1204,57792,WL,flash_sample,48,37.828,1,111,1,1,1,1,0,1,1,0,1204,37828,0.035136,0.030744,-1.028216,0.031251,0.010417,-1.364627,-0.21,0.14,-0.35,53.3671875,98393,53.79,247.012969971,5.124,57 4c 01 6f 00 00 04 b4 00 00 93 c4 00 48 00 3f f7 c5 00 03 00 01 ff 7d ff fd 00 02 ff fb 1c 5e 00 01 80 59 00 00 15 03 43 77 03 52 00 00 14 04
1205,57840,WL,flash_sample,48,37.848,1,111,1,1,1,1,0,1,1,0,1205,37848,0.035136,0.030744,-1.028216,0.031251,0.010417,-1.364627,-0.21,0.14,-0.35,53.3671875,98393,53.79,247.012969971,5.124,57 4c 01 6f 00 00 04 b5 00 00 93 d8 00 48 00 3f f7 c5 00 03 00 01 ff 7d ff fd 00 02 ff fb 1c 5e 00 01 80 59 00 00 15 03 43 77 03 52 00 00 14 04
1206,57888,WL,flash_sample,48,37.868,1,97,1,0,0,0,0,1,1,0,1206,37868,0.035624,0.03172,-1.028216,0.062502,-0.031251,-1.364627,-0.63,-0.98,1.4,53.359375,98341,53.46,251.446716309,5.14,57 4c 01 61 00 00 04 b6 00 00 93 ec 00 49 00 41 f7 c5 00 06 ff fd ff 7d ff f7 ff f2 00 14 1c 5c 00 01 80 25 00 00 14 e2 43 7b 72 5c 00 00 14 14
1207,57936,WL,flash_sample,48,37.888,1,103,1,1,1,0,0,1,1,0,1207,37888,0.035136,0.03172,-1.028704,0.031251,0.010417,-1.333376,-1.68,-0.14,2.59,53.3359375,98324,53.41,252.897323608,5.14,57 4c 01 67 00 00 04 b7 00 00 94 00 00 48 00 41 f7 c4 00 03 00 01 ff 80 ff e8 ff fe 00 25 1c 56 00 01 80 14 00 00 14 dd 43 7c e5 b7 00 00 14 14
1208,57984,WL,flash_sample,48,37.908,1,111,1,1,1,1,0,1,1,0,1208,37908,0.034648,0.03172,-1.028704,0.062502,-0.041668,-1.35421,-3.08,1.47,2.87,53.40234375,98326,53.48,252.728210449,5.14,57 4c 01 6f 00 00 04 b8 00 00 94 14 00 47 00 41 f7 c4 00 06 ff fc ff 7e ff d4 00 15 00 29 1c 67 00 01 80 16 00 00 14 e4 43 7c ba 6c 00 00 14 14
1209,58032,WL,flash_sample,48,37.928,1,111,1,1,1,1,0,1,1,0,1209,37928,0.034648,0.032208,-1.028216,0.041668,0.0,-1.343793,-3.22,1.54,2.87,53.34375,98322,53.55,253.069061279,5.136,57 4c 01 6f 00 00 04 b9 00 00 94 28 00 47 00 42 f7 c5 00 04 00 00 ff 7f ff d2 00 16 00 29 1c 58 00 01 80 12 00 00 14 eb 43 7d 11 ae 00 00 14 10
1210,58080,WL,flash_sample,48,37.948,1,111,1,1,1,1,0,1,1,0,1210,37948,0.035136,0.03172,-1.028704,0.010417,0.0,-1.333376,-3.15,1.47,2.8,53.375,98326,53.61,252.728210449,5.136,57 4c 01 6f 00 00 04 ba 00 00 94 3c 00 48 00 41 f7 c4 00 01 00 00 ff 80 ff d3 00 15 00 28 1c 60 00 01 80 16 00 00 14 f1 43 7c ba 6c 00 00 14 10
1211,58128,WL,flash_sample,48,37.968,1,111,1,1,1,1,0,1,1,0,1211,37968,0.034648,0.031232,-1.02968,0.041668,-0.020834,-1.333376,-3.15,1.47,2.87,53.328125,98329,53.67,252.471908569,5.136,57 4c 01 6f 00 00 04 bb 00 00 94 50 00 47 00 40 f7 c2 00 04 ff fe ff 80 ff d3 00 15 00 29 1c 54 00 01 80 19 00 00 14 f7 43 7c 78 cf 00 00 14 10
1212,58176,WL,flash_sample,48,37.988,1,103,1,1,1,0,0,1,1,0,1212,37988,0.035624,0.032208,-1.028704,0.052085,-0.010417,-1.35421,-3.15,1.61,2.8,53.375,98328,53.72,252.556472778,5.136,57 4c 01 67 00 00 04 bc 00 00 94 64 00 49 00 42 f7 c4 00 05 ff ff ff 7e ff d3 00 17 00 28 1c 60 00 01 80 18 00 00 14 fc 43 7c 8e 75 00 00 14 10
1213,58224,WL,flash_sample,48,38.008,1,103,1,1,1,0,0,1,1,0,1213,38008,0.035624,0.03172,-1.029192,0.072919,0.010417,-1.343793,-3.15,1.54,2.87,53.42578125,98331,53.77,252.300170898,5.136,57 4c 01 67 00 00 04 bd 00 00 94 78 00 49 00 41 f7 c3 00 07 00 01 ff 7f ff d3 00 16 00 29 1c 6d 00 01 80 1b 00 00 15 01 43 7c 4c d8 00 00 14 10
1214,58272,WL,flash_sample,48,38.029,1,111,1,1,1,1,0,1,1,0,1214,38029,0.036112,0.03172,-1.028704,0.041668,0.0,-1.333376,-3.22,1.54,2.94,53.39453125,98329,53.82,252.471908569,5.128,57 4c 01 6f 00 00 04 be 00 00 94 8d 00 4a 00 41 f7 c4 00 04 00 00 ff 80 ff d2 00 16 00 2a 1c 65 00 01 80 19 00 00 15 06 43 7c 78 cf 00 00 14 08
1215,58320,WL,flash_sample,48,38.048,1,111,1,1,1,1,0,1,1,0,1215,38048,0.036112,0.03172,-1.028704,0.041668,0.0,-1.333376,-3.22,1.54,2.94,53.39453125,98329,53.82,252.471908569,5.128,57 4c 01 6f 00 00 04 bf 00 00 94 a0 00 4a 00 41 f7 c4 00 04 00 00 ff 80 ff d2 00 16 00 2a 1c 65 00 01 80 19 00 00 15 06 43 7c 78 cf 00 00 14 08
1216,58368,WL,flash_sample,48,38.068,1,111,1,1,1,1,0,1,1,0,1216,38068,0.036112,0.03172,-1.028704,0.041668,0.0,-1.333376,-3.22,1.54,2.94,53.39453125,98329,53.82,252.471908569,5.128,57 4c 01 6f 00 00 04 c0 00 00 94 b4 00 4a 00 41 f7 c4 00 04 00 00 ff 80 ff d2 00 16 00 2a 1c 65 00 01 80 19 00 00 15 06 43 7c 78 cf 00 00 14 08
1217,58416,WL,flash_sample,48,38.088,1,111,1,1,1,1,0,1,1,0,1217,38088,0.036112,0.03172,-1.028704,0.041668,0.0,-1.333376,-3.22,1.54,2.94,53.39453125,98329,53.82,252.471908569,5.128,57 4c 01 6f 00 00 04 c1 00 00 94 c8 00 4a 00 41 f7 c4 00 04 00 00 ff 80 ff d2 00 16 00 2a 1c 65 00 01 80 19 00 00 15 06 43 7c 78 cf 00 00 14 08
1218,58464,WL,flash_sample,48,38.11,1,65,1,0,0,0,0,0,1,0,1218,38110,0.035136,0.03172,-1.02724,0.041668,0.041668,-1.343793,-0.21,-0.14,-0.07,53.3828125,98329,53.82,252.471908569,5.128,57 4c 01 41 00 00 04 c2 00 00 94 de 00 48 00 41 f7 c7 00 04 00 04 ff 7f ff fd ff fe ff ff 1c 62 00 01 80 19 00 00 15 06 43 7c 78 cf 00 00 14 08
1219,58512,WL,flash_sample,48,38.128,1,103,1,1,1,0,0,1,1,0,1219,38128,0.035136,0.031232,-1.027728,0.031251,-0.020834,-1.333376,-1.05,-0.63,1.89,53.41796875,98372,53.87,248.804443359,5.136,57 4c 01 67 00 00 04 c3 00 00 94 f0 00 48 00 40 f7 c6 00 03 ff fe ff 80 ff f1 ff f7 00 1b 1c 6b 00 01 80 44 00 00 15 0b 43 78 cd f0 00 00 14 10
1220,58560,WL,flash_sample,48,38.148,1,111,1,1,1,1,0,1,1,0,1220,38148,0.035624,0.031232,-1.028216,0.041668,-0.020834,-1.364627,-2.52,0.49,3.43,53.375,98333,53.71,252.131057739,5.136,57 4c 01 6f 00 00 04 c4 00 00 95 04 00 49 00 40 f7 c5 00 04 ff fe ff 7d ff dc 00 07 00 31 1c 60 00 01 80 1d 00 00 14 fb 43 7c 21 8d 00 00 14 10
1221,58608,WL,flash_sample,48,38.168,1,111,1,1,1,1,0,1,1,0,1221,38168,0.035136,0.03172,-1.029192,0.041668,-0.041668,-1.312542,-3.15,1.54,2.87,53.40234375,98331,53.76,252.300170898,5.136,57 4c 01 6f 00 00 04 c5 00 00 95 18 00 48 00 41 f7 c3 00 04 ff fc ff 82 ff d3 00 16 00 29 1c 67 00 01 80 1b 00 00 15 00 43 7c 4c d8 00 00 14 10
1222,58656,WL,flash_sample,48,38.188,1,111,1,1,1,1,0,1,1,0,1222,38188,0.035624,0.03172,-1.028216,0.0,-0.031251,-1.343793,-3.22,1.54,2.87,53.41015625,98331,53.81,252.300170898,5.136,57 4c 01 6f 00 00 04 c6 00 00 95 2c 00 49 00 41 f7 c5 00 00 ff fd ff 7f ff d2 00 16 00 29 1c 69 00 01 80 1b 00 00 15 05 43 7c 4c d8 00 00 14 10
1223,58704,WL,flash_sample,48,38.209,1,103,1,1,1,0,0,1,1,0,1223,38209,0.035136,0.03172,-1.02968,0.041668,0.0,-1.364627,-3.22,1.54,2.87,53.39453125,98335,53.85,251.959320068,5.136,57 4c 01 67 00 00 04 c7 00 00 95 41 00 48 00 41 f7 c2 00 04 00 00 ff 7d ff d2 00 16 00 29 1c 65 00 01 80 1f 00 00 15 09 43 7b f5 96 00 00 14 10
1224,58752,WL,flash_sample,48,38.228,1,103,1,1,1,0,0,1,1,0,1224,38228,0.035624,0.031232,-1.028704,0.041668,-0.010417,-1.35421,-3.15,1.54,2.87,53.40234375,98333,53.89,252.131057739,5.132,57 4c 01 67 00 00 04 c8 00 00 95 54 00 49 00 40 f7 c4 00 04 ff ff ff 7e ff d3 00 16 00 29 1c 67 00 01 80 1d 00 00 15 0d 43 7c 21 8d 00 00 14 0c
1225,58800,WL,flash_sample,48,38.248,1,102,0,1,1,0,0,1,1,0,1225,38248,0.035624,0.031232,-1.028704,0.041668,0.031251,-1.343793,-3.08,1.47,2.8,53.3828125,98334,53.93,252.043869019,5.132,57 4c 01 66 00 00 04 c9 00 00 95 68 00 49 00 40 f7 c4 00 04 00 03 ff 7f ff d4 00 15 00 28 1c 62 00 01 80 1e 00 00 15 11 43 7c 0b 3b 00 00 14 0c
1226,58848,WL,flash_sample,48,38.268,1,110,0,1,1,1,0,1,1,0,1226,38268,0.035136,0.03172,-1.028704,0.031251,0.010417,-1.35421,-3.15,1.47,2.87,53.3828125,98337,53.97,251.787567139,5.132,57 4c 01 6e 00 00 04 ca 00 00 95 7c 00 48 00 41 f7 c4 00 03 00 01 ff 7e ff d3 00 15 00 29 1c 62 00 01 80 21 00 00 15 15 43 7b c9 9e 00 00 14 0c
1227,58896,WL,flash_sample,48,38.288,1,102,0,1,1,0,0,1,1,0,1227,38288,0.036112,0.031232,-1.028704,0.010417,-0.010417,-1.333376,-3.22,1.54,2.8,53.3828125,98337,54.0,251.787567139,5.132,57 4c 01 66 00 00 04 cb 00 00 95 90 00 4a 00 40 f7 c4 00 01 ff ff ff 80 ff d2 00 16 00 28 1c 62 00 01 80 21 00 00 15 18 43 7b c9 9e 00 00 14 0c
1228,58944,WL,flash_sample,48,38.308,1,102,0,1,1,0,0,1,1,0,1228,38308,0.036112,0.031232,-1.028704,0.010417,-0.010417,-1.333376,-3.22,1.54,2.8,53.3828125,98337,54.0,251.787567139,5.132,57 4c 01 66 00 00 04 cc 00 00 95 a4 00 4a 00 40 f7 c4 00 01 ff ff ff 80 ff d2 00 16 00 28 1c 62 00 01 80 21 00 00 15 18 43 7b c9 9e 00 00 14 0c
1229,58992,WL,flash_sample,48,38.328,1,102,0,1,1,0,0,1,1,0,1229,38328,0.036112,0.031232,-1.028704,0.010417,-0.010417,-1.333376,-3.22,1.54,2.8,53.3828125,98337,54.0,251.787567139,5.132,57 4c 01 66 00 00 04 cd 00 00 95 b8 00 4a 00 40 f7 c4 00 01 ff ff ff 80 ff d2 00 16 00 28 1c 62 00 01 80 21 00 00 15 18 43 7b c9 9e 00 00 14 0c
1230,59040,WL,flash_sample,48,38.348,1,102,0,1,1,0,0,1,1,0,1230,38348,0.036112,0.031232,-1.028704,0.010417,-0.010417,-1.333376,-3.22,1.54,2.8,53.3828125,98337,54.0,251.787567139,5.132,57 4c 01 66 00 00 04 ce 00 00 95 cc 00 4a 00 40 f7 c4 00 01 ff ff ff 80 ff d2 00 16 00 28 1c 62 00 01 80 21 00 00 15 18 43 7b c9 9e 00 00 14 0c
1231,59088,WL,flash_sample,48,38.368,1,96,0,0,0,0,0,1,1,0,1231,38368,0.035136,0.03172,-1.027728,0.020834,-0.010417,-1.333376,-0.35,-0.98,0.98,53.43359375,98382,54.04,247.95098877,5.14,57 4c 01 60 00 00 04 cf 00 00 95 e0 00 48 00 41 f7 c6 00 02 ff ff ff 80 ff fb ff f2 00 0e 1c 6f 00 01 80 4e 00 00 15 1c 43 77 f3 74 00 00 14 14
1232,59136,WL,flash_sample,48,38.388,1,110,0,1,1,1,0,1,1,0,1232,38388,0.036112,0.03172,-1.028216,0.010417,-0.010417,-1.333376,-1.96,0.0,2.8,53.42578125,98336,53.84,251.874755859,5.14,57 4c 01 6e 00 00 04 d0 00 00 95 f4 00 4a 00 41 f7 c5 00 01 ff ff ff 80 ff e4 00 00 00 28 1c 6d 00 01 80 20 00 00 15 08 43 7b df f0 00 00 14 14
1233,59184,WL,flash_sample,48,38.408,1,110,0,1,1,1,0,1,1,0,1233,38408,0.035624,0.03172,-1.029192,0.0,-0.010417,-1.281291,-3.01,0.98,3.29,53.4296875,98336,53.88,251.874755859,5.14,57 4c 01 6e 00 00 04 d1 00 00 96 08 00 49 00 41 f7 c3 00 00 ff ff ff 85 ff d5 00 0e 00 2f 1c 6e 00 01 80 20 00 00 15 0c 43 7b df f0 00 00 14 14
1234,59232,WL,flash_sample,48,38.428,1,110,0,1,1,1,0,1,1,0,1234,38428,0.035136,0.030744,-1.029192,0.020834,-0.031251,-1.302125,-3.15,1.54,2.94,53.43359375,98335,53.92,251.959320068,5.14,57 4c 01 6e 00 00 04 d2 00 00 96 1c 00 48 00 3f f7 c3 00 02 ff fd ff 83 ff d3 00 16 00 2a 1c 6f 00 01 80 1f 00 00 15 10 43 7b f5 96 00 00 14 14
1235,59280,WL,flash_sample,48,38.448,1,102,0,1,1,0,0,1,1,0,1235,38448,0.035136,0.03172,-1.028704,0.041668,0.010417,-1.333376,-3.15,1.54,2.87,53.43359375,98338,53.96,251.703018188,5.14,57 4c 01 66 00 00 04 d3 00 00 96 30 00 48 00 41 f7 c4 00 04 00 01 ff 80 ff d3 00 16 00 29 1c 6f 00 01 80 22 00 00 15 14 43 7b b3 f9 00 00 14 14
1236,59328,WL,flash_sample,48,38.468,1,102,0,1,1,0,0,1,1,0,1236,38468,0.035624,0.03172,-1.028704,0.010417,-0.020834,-1.333376,-3.22,1.54,2.87,53.44140625,98337,53.99,251.787567139,5.14,57 4c 01 66 00 00 04 d4 00 00 96 44 00 49 00 41 f7 c4 00 01 ff fe ff 80 ff d2 00 16 00 29 1c 71 00 01 80 21 00 00 15 17 43 7b c9 9e 00 00 14 14
1237,59376,WL,flash_sample,48,38.488,1,102,0,1,1,0,0,1,1,0,1237,38488,0.035624,0.03172,-1.029192,0.041668,-0.010417,-1.333376,-3.15,1.54,2.87,53.4140625,98337,54.02,251.787567139,5.14,57 4c 01 66 00 00 04 d5 00 00 96 58 00 49 00 41 f7 c3 00 04 ff ff ff 80 ff d3 00 16 00 29 1c 6a 00 01 80 21 00 00 15 1a 43 7b c9 9e 00 00 14 14
1238,59424,WL,flash_sample,48,38.508,1,110,0,1,1,1,0,1,1,0,1238,38508,0.036112,0.03172,-1.029192,0.041668,0.0,-1.343793,-3.15,1.61,2.87,53.39453125,98337,54.06,251.787567139,5.14,57 4c 01 6e 00 00 04 d6 00 00 96 6c 00 4a 00 41 f7 c3 00 04 00 00 ff 7f ff d3 00 17 00 29 1c 65 00 01 80 21 00 00 15 1e 43 7b c9 9e 00 00 14 14
1239,59472,WL,flash_sample,48,38.529,1,110,0,1,1,1,0,1,1,0,1239,38529,0.035136,0.03172,-1.029192,0.052085,-0.031251,-1.35421,-3.22,1.54,2.87,53.4375,98336,54.09,251.874755859,5.124,57 4c 01 6e 00 00 04 d7 00 00 96 81 00 48 00 41 f7 c3 00 05 ff fd ff 7e ff d2 00 16 00 29 1c 70 00 01 80 20 00 00 15 21 43 7b df f0 00 00 14 04
1240,59520,WL,flash_sample,48,38.548,1,110,0,1,1,1,0,1,1,0,1240,38548,0.035136,0.03172,-1.029192,0.052085,-0.031251,-1.35421,-3.22,1.54,2.87,53.4375,98336,54.09,251.874755859,5.124,57 4c 01 6e 00 00 04 d8 00 00 96 94 00 48 00 41 f7 c3 00 05 ff fd ff 7e ff d2 00 16 00 29 1c 70 00 01 80 20 00 00 15 21 43 7b df f0 00 00 14 04
1241,59568,WL,flash_sample,48,38.568,1,110,0,1,1,1,0,1,1,0,1241,38568,0.035136,0.03172,-1.029192,0.052085,-0.031251,-1.35421,-3.22,1.54,2.87,53.4375,98336,54.09,251.874755859,5.124,57 4c 01 6e 00 00 04 d9 00 00 96 a8 00 48 00 41 f7 c3 00 05 ff fd ff 7e ff d2 00 16 00 29 1c 70 00 01 80 20 00 00 15 21 43 7b df f0 00 00 14 04
1242,59616,WL,flash_sample,48,38.588,1,110,0,1,1,1,0,1,1,0,1242,38588,0.035136,0.03172,-1.029192,0.052085,-0.031251,-1.35421,-3.22,1.54,2.87,53.4375,98336,54.09,251.874755859,5.124,57 4c 01 6e 00 00 04 da 00 00 96 bc 00 48 00 41 f7 c3 00 05 ff fd ff 7e ff d2 00 16 00 29 1c 70 00 01 80 20 00 00 15 21 43 7b df f0 00 00 14 04
1243,59664,WL,flash_sample,48,38.609,1,110,0,1,1,1,0,1,1,0,1243,38609,0.035136,0.03172,-1.02724,0.062502,-0.020834,-1.312542,-0.21,-0.77,0.56,53.41015625,98336,54.09,251.874755859,5.124,57 4c 01 6e 00 00 04 db 00 00 96 d1 00 48 00 41 f7 c7 00 06 ff fe ff 82 ff fd ff f5 00 08 1c 69 00 01 80 20 00 00 15 21 43 7b df f0 00 00 14 04
1244,59712,WL,flash_sample,48,38.628,1,110,0,1,1,1,0,1,1,0,1244,38628,0.035136,0.03172,-1.02724,0.062502,-0.020834,-1.312542,-0.21,-0.77,0.56,53.41015625,98336,54.09,251.874755859,5.124,57 4c 01 6e 00 00 04 dc 00 00 96 e4 00 48 00 41 f7 c7 00 06 ff fe ff 82 ff fd ff f5 00 08 1c 69 00 01 80 20 00 00 15 21 43 7b df f0 00 00 14 04
1245,59760,WL,flash_sample,48,38.648,1,110,0,1,1,1,0,1,1,0,1245,38648,0.035136,0.03172,-1.02724,0.062502,-0.020834,-1.312542,-0.21,-0.77,0.56,53.41015625,98336,54.09,251.874755859,5.124,57 4c 01 6e 00 00 04 dd 00 00 96 f8 00 48 00 41 f7 c7 00 06 ff fe ff 82 ff fd ff f5 00 08 1c 69 00 01 80 20 00 00 15 21 43 7b df f0 00 00 14 04
1246,59808,WL,flash_sample,48,38.668,1,110,0,1,1,1,0,1,1,0,1246,38668,0.035136,0.03172,-1.02724,0.062502,-0.020834,-1.312542,-0.21,-0.77,0.56,53.41015625,98336,54.09,251.874755859,5.124,57 4c 01 6e 00 00 04 de 00 00 97 0c 00 48 00 41 f7 c7 00 06 ff fe ff 82 ff fd ff f5 00 08 1c 69 00 01 80 20 00 00 15 21 43 7b df f0 00 00 14 04
1247,59856,WL,flash_sample,48,38.688,1,110,0,1,1,1,0,1,1,0,1247,38688,0.035136,0.03172,-1.02724,0.062502,-0.020834,-1.312542,-0.21,-0.77,0.56,53.41015625,98336,54.09,251.874755859,5.124,57 4c 01 6e 00 00 04 df 00 00 97 20 00 48 00 41 f7 c7 00 06 ff fe ff 82 ff fd ff f5 00 08 1c 69 00 01 80 20 00 00 15 21 43 7b df f0 00 00 14 04
1248,59904,WL,flash_sample,48,38.708,1,110,0,1,1,1,0,1,1,0,1248,38708,0.035136,0.03172,-1.02724,0.062502,-0.020834,-1.312542,-0.21,-0.77,0.56,53.41015625,98336,54.09,251.874755859,5.124,57 4c 01 6e 00 00 04 e0 00 00 97 34 00 48 00 41 f7 c7 00 06 ff fe ff 82 ff fd ff f5 00 08 1c 69 00 01 80 20 00 00 15 21 43 7b df f0 00 00 14 04
1249,59952,WL,flash_sample,48,38.728,1,110,0,1,1,1,0,1,1,0,1249,38728,0.035136,0.03172,-1.02724,0.062502,-0.020834,-1.312542,-0.21,-0.77,0.56,53.41015625,98336,54.09,251.874755859,5.124,57 4c 01 6e 00 00 04 e1 00 00 97 48 00 48 00 41 f7 c7 00 06 ff fe ff 82 ff fd ff f5 00 08 1c 69 00 01 80 20 00 00 15 21 43 7b df f0 00 00 14 04
1250,60000,WL,flash_sample,48,38.748,1,110,0,1,1,1,0,1,1,0,1250,38748,0.035136,0.031232,-1.027728,0.031251,0.0,-1.333376,-0.21,0.07,-0.35,53.42578125,98389,54.12,247.35383606,5.124,57 4c 01 6e 00 00 04 e2 00 00 97 5c 00 48 00 40 f7 c6 00 03 00 00 ff 80 ff fd 00 01 ff fb 1c 6d 00 01 80 55 00 00 15 24 43 77 5a 95 00 00 14 04
1251,60048,WL,flash_sample,48,38.768,1,110,0,1,1,1,0,1,1,0,1251,38768,0.035136,0.031232,-1.027728,0.031251,0.0,-1.333376,-0.21,0.07,-0.35,53.42578125,98389,54.12,247.35383606,5.124,57 4c 01 6e 00 00 04 e3 00 00 97 70 00 48 00 40 f7 c6 00 03 00 00 ff 80 ff fd 00 01 ff fb 1c 6d 00 01 80 55 00 00 15 24 43 77 5a 95 00 00 14 04
1252,60096,WL,flash_sample,48,38.789,1,110,0,1,1,1,0,1,1,0,1252,38789,0.035136,0.03172,-1.02724,0.052085,0.031251,-1.322959,-0.14,-0.07,-0.21,53.375,98389,54.12,247.35383606,5.124,57 4c 01 6e 00 00 04 e4 00 00 97 85 00 48 00 41 f7 c7 00 05 00 03 ff 81 ff fe ff ff ff fd 1c 60 00 01 80 55 00 00 15 24 43 77 5a 95 00 00 14 04
1253,60144,WL,flash_sample,48,38.808,1,110,0,1,1,1,0,1,1,0,1253,38808,0.035136,0.03172,-1.02724,0.052085,0.031251,-1.322959,-0.14,-0.07,-0.21,53.375,98389,54.12,247.35383606,5.124,57 4c 01 6e 00 00 04 e5 00 00 97 98 00 48 00 41 f7 c7 00 05 00 03 ff 81 ff fe ff ff ff fd 1c 60 00 01 80 55 00 00 15 24 43 77 5a 95 00 00 14 04
1254,60192,WL,flash_sample,48,38.828,1,110,0,1,1,1,0,1,1,0,1254,38828,0.035136,0.03172,-1.02724,0.052085,0.031251,-1.322959,-0.14,-0.07,-0.21,53.375,98389,54.12,247.35383606,5.124,57 4c 01 6e 00 00 04 e6 00 00 97 ac 00 48 00 41 f7 c7 00 05 00 03 ff 81 ff fe ff ff ff fd 1c 60 00 01 80 55 00 00 15 24 43 77 5a 95 00 00 14 04
1255,60240,WL,flash_sample,48,38.848,1,110,0,1,1,1,0,1,1,0,1255,38848,0.035136,0.03172,-1.02724,0.052085,0.031251,-1.322959,-0.14,-0.07,-0.21,53.375,98389,54.12,247.35383606,5.124,57 4c 01 6e 00 00 04 e7 00 00 97 c0 00 48 00 41 f7 c7 00 05 00 03 ff 81 ff fe ff ff ff fd 1c 60 00 01 80 55 00 00 15 24 43 77 5a 95 00 00 14 04
1256,60288,WL,flash_sample,48,38.873,1,64,0,0,0,0,0,0,1,0,1256,38873,0.035624,0.031232,-1.026752,0.031251,-0.010417,-1.343793,-0.21,-0.28,-0.07,53.4296875,98345,53.57,251.105865479,5.128,57 4c 01 40 00 00 04 e8 00 00 97 d9 00 49 00 40 f7 c8 00 03 ff ff ff 7f ff fd ff fc ff ff 1c 6e 00 01 80 29 00 00 14 ed 43 7b 1b 1a 00 00 14 08
1257,60336,WL,flash_sample,48,38.888,1,110,0,1,1,1,0,1,1,0,1257,38888,0.035136,0.031232,-1.02724,0.062502,0.010417,-1.35421,-1.05,-0.63,1.89,53.41015625,98321,53.42,253.153625488,5.132,57 4c 01 6e 00 00 04 e9 00 00 97 e8 00 48 00 40 f7 c7 00 06 00 01 ff 7e ff f1 ff f7 00 1b 1c 69 00 01 80 11 00 00 14 de 43 7d 27 54 00 00 14 0c
1258,60384,WL,flash_sample,48,38.908,1,110,0,1,1,1,0,1,1,0,1258,38908,0.036112,0.03172,-1.028216,0.052085,-0.020834,-1.35421,-2.59,0.49,3.43,53.4296875,98325,53.51,252.812774658,5.132,57 4c 01 6e 00 00 04 ea 00 00 97 fc 00 4a 00 41 f7 c5 00 05 ff fe ff 7e ff db 00 07 00 31 1c 6e 00 01 80 15 00 00 14 e7 43 7c d0 12 00 00 14 0c
1259,60432,WL,flash_sample,48,38.928,1,102,0,1,1,0,0,1,1,0,1259,38928,0.036112,0.032208,-1.028704,0.072919,-0.031251,-1.35421,-3.15,1.54,2.87,53.4609375,98325,53.58,252.812774658,5.136,57 4c 01 66 00 00 04 eb 00 00 98 10 00 4a 00 42 f7 c4 00 07 ff fd ff 7e ff d3 00 16 00 29 1c 76 00 01 80 15 00 00 14 ee 43 7c d0 12 00 00 14 10
1260,60480,WL,flash_sample,48,38.948,1,102,0,1,1,0,0,1,1,0,1260,38948,0.036112,0.03172,-1.029192,0.072919,-0.041668,-1.333376,-3.08,1.47,2.8,53.44921875,98326,53.64,252.728210449,5.136,57 4c 01 66 00 00 04 ec 00 00 98 24 00 4a 00 41 f7 c3 00 07 ff fc ff 80 ff d4 00 15 00 28 1c 73 00 01 80 16 00 00 14 f4 43 7c ba 6c 00 00 14 10
1261,60528,WL,flash_sample,48,38.969,1,110,0,1,1,1,0,1,1,0,1261,38969,0.035624,0.03172,-1.028704,0.010417,0.0,-1.35421,-3.15,1.54,2.87,53.4609375,98326,53.7,252.728210449,5.136,57 4c 01 6e 00 00 04 ed 00 00 98 39 00 49 00 41 f7 c4 00 01 00 00 ff 7e ff d3 00 16 00 29 1c 76 00 01 80 16 00 00 14 fa 43 7c ba 6c 00 00 14 10
1262,60576,WL,flash_sample,48,38.988,1,110,0,1,1,1,0,1,1,0,1262,38988,0.035136,0.031232,-1.029192,0.0,0.010417,-1.343793,-3.22,1.61,2.8,53.43359375,98330,53.76,252.384719849,5.136,57 4c 01 6e 00 00 04 ee 00 00 98 4c 00 48 00 40 f7 c3 00 00 00 01 ff 7f ff d2 00 17 00 28 1c 6f 00 01 80 1a 00 00 15 00 43 7c 62 7d 00 00 14 10
1263,60624,WL,flash_sample,48,39.008,1,110,0,1,1,1,0,1,1,0,1263,39008,0.035624,0.031232,-1.028216,0.041668,-0.010417,-1.364627,-3.15,1.47,2.87,53.4921875,98329,53.81,252.471908569,5.136,57 4c 01 6e 00 00 04 ef 00 00 98 60 00 49 00 40 f7 c5 00 04 ff ff ff 7d ff d3 00 15 00 29 1c 7e 00 01 80 19 00 00 15 05 43 7c 78 cf 00 00 14 10
1264,60672,WL,flash_sample,48,39.028,1,110,0,1,1,1,0,1,1,0,1264,39028,0.035136,0.030744,-1.029192,0.031251,0.0,-1.364627,-3.22,1.54,2.87,53.4609375,98330,53.86,252.384719849,5.112,57 4c 01 6e 00 00 04 f0 00 00 98 74 00 48 00 3f f7 c3 00 03 00 00 ff 7d ff d2 00 16 00 29 1c 76 00 01 80 1a 00 00 15 0a 43 7c 62 7d 00 00 13 f8
1265,60720,WL,flash_sample,48,39.048,1,110,0,1,1,1,0,1,1,0,1265,39048,0.035136,0.031232,-1.028216,0.062502,-0.020834,-1.322959,-3.15,1.54,2.87,53.44140625,98330,53.86,252.384719849,5.112,57 4c 01 6e 00 00 04 f1 00 00 98 88 00 48 00 40 f7 c5 00 06 ff fe ff 81 ff d3 00 16 00 29 1c 71 00 01 80 1a 00 00 15 0a 43 7c 62 7d 00 00 13 f8
1266,60768,WL,flash_sample,48,39.068,1,110,0,1,1,1,0,1,1,0,1266,39068,0.035136,0.031232,-1.028216,0.062502,-0.020834,-1.322959,-3.15,1.54,2.87,53.44140625,98330,53.86,252.384719849,5.112,57 4c 01 6e 00 00 04 f2 00 00 98 9c 00 48 00 40 f7 c5 00 06 ff fe ff 81 ff d3 00 16 00 29 1c 71 00 01 80 1a 00 00 15 0a 43 7c 62 7d 00 00 13 f8
1267,60816,WL,flash_sample,48,39.088,1,110,0,1,1,1,0,1,1,0,1267,39088,0.035136,0.031232,-1.028216,0.062502,-0.020834,-1.322959,-3.15,1.54,2.87,53.44140625,98330,53.86,252.384719849,5.112,57 4c 01 6e 00 00 04 f3 00 00 98 b0 00 48 00 40 f7 c5 00 06 ff fe ff 81 ff d3 00 16 00 29 1c 71 00 01 80 1a 00 00 15 0a 43 7c 62 7d 00 00 13 f8
1268,60864,WL,flash_sample,48,39.108,1,110,0,1,1,1,0,1,1,0,1268,39108,0.035136,0.031232,-1.028216,0.062502,-0.020834,-1.322959,-3.15,1.54,2.87,53.44140625,98330,53.86,252.384719849,5.112,57 4c 01 6e 00 00 04 f4 00 00 98 c4 00 48 00 40 f7 c5 00 06 ff fe ff 81 ff d3 00 16 00 29 1c 71 00 01 80 1a 00 00 15 0a 43 7c 62 7d 00 00 13 f8
1269,60912,WL,flash_sample,48,39.128,1,110,0,1,1,1,0,1,1,0,1269,39128,0.035624,0.03172,-1.026752,0.052085,-0.052085,-1.35421,-0.35,-0.98,1.05,53.43359375,98333,53.9,252.131057739,5.132,57 4c 01 6e 00 00 04 f5 00 00 98 d8 00 49 00 41 f7 c8 00 05 ff fb ff 7e ff fb ff f2 00 0f 1c 6f 00 01 80 1d 00 00 15 0e 43 7c 21 8d 00 00 14 0c
1270,60960,WL,flash_sample,48,39.148,1,102,0,1,1,0,0,1,1,0,1270,39148,0.0366,0.03172,-1.028216,0.052085,-0.031251,-1.333376,-2.03,0.07,2.87,53.4609375,98329,53.73,252.471908569,5.132,57 4c 01 66 00 00 04 f6 00 00 98 ec 00 4b 00 41 f7 c5 00 05 ff fd ff 80 ff e3 00 01 00 29 1c 76 00 01 80 19 00 00 14 fd 43 7c 78 cf 00 00 14 0c
1271,61008,WL,flash_sample,48,39.168,1,102,0,1,1,0,0,1,1,0,1271,39168,0.036112,0.032696,-1.028216,0.031251,-0.010417,-1.302125,-2.94,1.05,3.22,53.44140625,98331,53.79,252.300170898,5.132,57 4c 01 66 00 00 04 f7 00 00 99 00 00 4a 00 43 f7 c5 00 03 ff ff ff 83 ff d6 00 0f 00 2e 1c 71 00 01 80 1b 00 00 15 03 43 7c 4c d8 00 00 14 0c
1272,61056,WL,flash_sample,48,39.188,1,102,0,1,1,0,0,1,1,0,1272,39188,0.035624,0.03172,-1.029192,0.031251,-0.031251,-1.322959,-3.15,1.54,2.8,53.4609375,98331,53.84,252.300170898,5.132,57 4c 01 66 00 00 04 f8 00 00 99 14 00 49 00 41 f7 c3 00 03 ff fd ff 81 ff d3 00 16 00 28 1c 76 00 01 80 1b 00 00 15 08 43 7c 4c d8 00 00 14 0c
1273,61104,WL,flash_sample,48,39.208,1,110,0,1,1,1,0,1,1,0,1273,39208,0.035136,0.03172,-1.028216,0.041668,-0.031251,-1.322959,-3.22,1.47,2.87,53.5,98332,53.89,252.215606689,5.132,57 4c 01 6e 00 00 04 f9 00 00 99 28 00 48 00 41 f7 c5 00 04 ff fd ff 81 ff d2 00 15 00 29 1c 80 00 01 80 1c 00 00 15 0d 43 7c 37 32 00 00 14 0c
1274,61152,WL,flash_sample,48,39.228,1,110,0,1,1,1,0,1,1,0,1274,39228,0.035624,0.03172,-1.02968,0.020834,-0.031251,-1.333376,-3.15,1.47,2.87,53.44140625,98334,53.93,252.043869019,5.132,57 4c 01 6e 00 00 04 fa 00 00 99 3c 00 49 00 41 f7 c2 00 02 ff fd ff 80 ff d3 00 15 00 29 1c 71 00 01 80 1e 00 00 15 11 43 7c 0b 3b 00 00 14 0c
1275,61200,WL,flash_sample,48,39.248,1,111,1,1,1,1,0,1,1,0,1275,39248,0.035624,0.03172,-1.02968,0.041668,0.0,-1.343793,-3.15,1.54,2.8,53.4765625,98334,53.97,252.043869019,5.132,57 4c 01 6f 00 00 04 fb 00 00 99 50 00 49 00 41 f7 c2 00 04 00 00 ff 7f ff d3 00 16 00 28 1c 7a 00 01 80 1e 00 00 15 15 43 7c 0b 3b 00 00 14 0c
1276,61248,WL,flash_sample,48,39.268,1,103,1,1,1,0,0,1,1,0,1276,39268,0.036112,0.031232,-1.028704,0.052085,0.020834,-1.333376,-3.15,1.54,2.8,53.44921875,98337,54.01,251.787567139,5.132,57 4c 01 67 00 00 04 fc 00 00 99 64 00 4a 00 40 f7 c4 00 05 00 02 ff 80 ff d3 00 16 00 28 1c 73 00 01 80 21 00 00 15 19 43 7b c9 9e 00 00 14 0c
1277,61296,WL,flash_sample,48,39.288,1,103,1,1,1,0,0,1,1,0,1277,39288,0.035624,0.031232,-1.028216,0.072919,-0.031251,-1.333376,-3.15,1.54,2.8,53.484375,98339,54.05,251.618453979,5.132,57 4c 01 67 00 00 04 fd 00 00 99 78 00 49 00 40 f7 c5 00 07 ff fd ff 80 ff d3 00 16 00 28 1c 7c 00 01 80 23 00 00 15 1d 43 7b 9e 53 00 00 14 0c
1278,61344,WL,flash_sample,48,39.308,1,103,1,1,1,0,0,1,1,0,1278,39308,0.035624,0.031232,-1.028216,0.072919,-0.031251,-1.333376,-3.15,1.54,2.8,53.484375,98339,54.05,251.618453979,5.132,57 4c 01 67 00 00 04 fe 00 00 99 8c 00 49 00 40 f7 c5 00 07 ff fd ff 80 ff d3 00 16 00 28 1c 7c 00 01 80 23 00 00 15 1d 43 7b 9e 53 00 00 14 0c
1279,61392,WL,flash_sample,48,39.328,1,103,1,1,1,0,0,1,1,0,1279,39328,0.035624,0.031232,-1.028216,0.072919,-0.031251,-1.333376,-3.15,1.54,2.8,53.484375,98339,54.05,251.618453979,5.132,57 4c 01 67 00 00 04 ff 00 00 99 a0 00 49 00 40 f7 c5 00 07 ff fd ff 80 ff d3 00 16 00 28 1c 7c 00 01 80 23 00 00 15 1d 43 7b 9e 53 00 00 14 0c
1280,61440,WL,flash_sample,48,39.348,1,103,1,1,1,0,0,1,1,0,1280,39348,0.035624,0.031232,-1.028216,0.072919,-0.031251,-1.333376,-3.15,1.54,2.8,53.484375,98339,54.05,251.618453979,5.132,57 4c 01 67 00 00 05 00 00 00 99 b4 00 49 00 40 f7 c5 00 07 ff fd ff 80 ff d3 00 16 00 28 1c 7c 00 01 80 23 00 00 15 1d 43 7b 9e 53 00 00 14 0c
1281,61488,WL,flash_sample,48,39.371,1,65,1,0,0,0,0,0,1,0,1281,39371,0.035136,0.03172,-1.02724,0.010417,0.0,-1.343793,-0.28,-0.91,0.63,53.4296875,98343,54.08,251.277603149,5.144,57 4c 01 41 00 00 05 01 00 00 99 cb 00 48 00 41 f7 c7 00 01 00 00 ff 7f ff fc ff f3 00 09 1c 6e 00 01 80 27 00 00 15 20 43 7b 47 11 00 00 14 18
1282,61536,WL,flash_sample,48,39.388,1,103,1,1,1,0,0,1,1,0,1282,39388,0.035136,0.032208,-1.027728,0.020834,-0.010417,-1.322959,-1.4,-0.42,2.17,53.47265625,98333,53.87,252.131057739,5.144,57 4c 01 67 00 00 05 02 00 00 99 dc 00 48 00 42 f7 c6 00 02 ff ff ff 81 ff ec ff fa 00 1f 1c 79 00 01 80 1d 00 00 15 0b 43 7c 21 8d 00 00 14 18
1283,61584,WL,flash_sample,48,39.408,1,103,1,1,1,0,0,1,1,0,1283,39408,0.035624,0.030744,-1.028216,0.052085,0.0,-1.333376,-2.24,0.28,3.22,53.4765625,98338,53.92,251.703018188,5.144,57 4c 01 67 00 00 05 03 00 00 99 f0 00 49 00 3f f7 c5 00 05 00 00 ff 80 ff e0 00 04 00 2e 1c 7a 00 01 80 22 00 00 15 10 43 7b b3 f9 00 00 14 18
1284,61632,WL,flash_sample,48,39.428,1,103,1,1,1,0,0,1,1,0,1284,39428,0.036112,0.03172,-1.029192,0.031251,-0.031251,-1.35421,-3.15,1.47,2.87,53.4765625,98331,53.96,252.300170898,5.136,57 4c 01 67 00 00 05 04 00 00 9a 04 00 4a 00 41 f7 c3 00 03 ff fd ff 7e ff d3 00 15 00 29 1c 7a 00 01 80 1b 00 00 15 14 43 7c 4c d8 00 00 14 10
1285,61680,WL,flash_sample,48,39.448,1,111,1,1,1,1,0,1,1,0,1285,39448,0.035136,0.03172,-1.028704,0.083336,0.031251,-1.35421,-3.15,1.54,2.94,53.5,98334,54.0,252.043869019,5.136,57 4c 01 6f 00 00 05 05 00 00 9a 18 00 48 00 41 f7 c4 00 08 00 03 ff 7e ff d3 00 16 00 2a 1c 80 00 01 80 1e 00 00 15 18 43 7c 0b 3b 00 00 14 10
1286,61728,WL,flash_sample,48,39.469,1,111,1,1,1,1,0,1,1,0,1286,39469,0.035624,0.03172,-1.029192,0.031251,-0.031251,-1.375044,-3.15,1.54,2.87,53.46875,98337,54.03,251.787567139,5.136,57 4c 01 6f 00 00 05 06 00 00 9a 2d 00 49 00 41 f7 c3 00 03 ff fd ff 7c ff d3 00 16 00 29 1c 78 00 01 80 21 00 00 15 1b 43 7b c9 9e 00 00 14 10
1287,61776,WL,flash_sample,48,39.488,1,111,1,1,1,1,0,1,1,0,1287,39488,0.035624,0.03172,-1.029192,0.020834,0.0,-1.364627,-3.22,1.61,2.8,53.4921875,98334,54.07,252.043869019,5.136,57 4c 01 6f 00 00 05 07 00 00 9a 40 00 49 00 41 f7 c3 00 02 00 00 ff 7d ff d2 00 17 00 28 1c 7e 00 01 80 1e 00 00 15 1f 43 7c 0b 3b 00 00 14 10
1288,61824,WL,flash_sample,48,39.508,1,103,1,1,1,0,0,1,1,0,1288,39508,0.035136,0.03172,-1.028216,0.062502,0.031251,-1.364627,-3.15,1.54,2.87,53.46875,98338,54.1,251.703018188,5.136,57 4c 01 67 00 00 05 08 00 00 9a 54 00 48 00 41 f7 c5 00 06 00 03 ff 7d ff d3 00 16 00 29 1c 78 00 01 80 22 00 00 15 22 43 7b b3 f9 00 00 14 10
1289,61872,WL,flash_sample,48,39.528,1,103,1,1,1,0,0,1,1,0,1289,39528,0.034648,0.031232,-1.029192,0.031251,-0.031251,-1.343793,-3.15,1.54,2.87,53.484375,98336,54.13,251.874755859,5.136,57 4c 01 67 00 00 05 09 00 00 9a 68 00 47 00 40 f7 c3 00 03 ff fd ff 7f ff d3 00 16 00 29 1c 7c 00 01 80 20 00 00 15 25 43 7b df f0 00 00 14 10
1290,61920,WL,flash_sample,48,39.548,1,111,1,1,1,1,0,1,1,0,1290,39548,0.035136,0.03172,-1.029192,0.062502,0.0,-1.385461,-3.22,1.47,2.87,53.5,98336,54.13,251.874755859,5.136,57 4c 01 6f 00 00 05 0a 00 00 9a 7c 00 48 00 41 f7 c3 00 06 00 00 ff 7b ff d2 00 15 00 29 1c 80 00 01 80 20 00 00 15 25 43 7b df f0 00 00 14 10
1291,61968,WL,flash_sample,48,39.568,1,111,1,1,1,1,0,1,1,0,1291,39568,0.035136,0.03172,-1.029192,0.062502,0.0,-1.385461,-3.22,1.47,2.87,53.5,98336,54.13,251.874755859,5.136,57 4c 01 6f 00 00 05 0b 00 00 9a 90 00 48 00 41 f7 c3 00 06 00 00 ff 7b ff d2 00 15 00 29 1c 80 00 01 80 20 00 00 15 25 43 7b df f0 00 00 14 10
1292,62016,WL,flash_sample,48,39.588,1,111,1,1,1,1,0,1,1,0,1292,39588,0.035136,0.03172,-1.029192,0.062502,0.0,-1.385461,-3.22,1.47,2.87,53.5,98336,54.13,251.874755859,5.136,57 4c 01 6f 00 00 05 0c 00 00 9a a4 00 48 00 41 f7 c3 00 06 00 00 ff 7b ff d2 00 15 00 29 1c 80 00 01 80 20 00 00 15 25 43 7b df f0 00 00 14 10
1293,62064,WL,flash_sample,48,39.608,1,111,1,1,1,1,0,1,1,0,1293,39608,0.035136,0.03172,-1.029192,0.062502,0.0,-1.385461,-3.22,1.47,2.87,53.5,98336,54.13,251.874755859,5.136,57 4c 01 6f 00 00 05 0d 00 00 9a b8 00 48 00 41 f7 c3 00 06 00 00 ff 7b ff d2 00 15 00 29 1c 80 00 01 80 20 00 00 15 25 43 7b df f0 00 00 14 10
1294,62112,WL,flash_sample,48,39.628,1,111,1,1,1,1,0,1,1,0,1294,39628,0.035624,0.032208,-1.028216,0.031251,0.0,-1.343793,-0.21,-0.49,0.28,53.46875,98343,54.16,251.277603149,5.136,57 4c 01 6f 00 00 05 0e 00 00 9a cc 00 49 00 42 f7 c5 00 03 00 00 ff 7f ff fd ff f9 00 04 1c 78 00 01 80 27 00 00 15 28 43 7b 47 11 00 00 14 10
1295,62160,WL,flash_sample,48,39.648,1,111,1,1,1,1,0,1,1,0,1295,39648,0.035624,0.032208,-1.028216,0.031251,0.0,-1.343793,-0.21,-0.49,0.28,53.46875,98343,54.16,251.277603149,5.136,57 4c 01 6f 00 00 05 0f 00 00 9a e0 00 49 00 42 f7 c5 00 03 00 00 ff 7f ff fd ff f9 00 04 1c 78 00 01 80 27 00 00 15 28 43 7b 47 11 00 00 14 10
1296,62208,WL,flash_sample,48,39.668,1,111,1,1,1,1,0,1,1,0,1296,39668,0.035624,0.032208,-1.028216,0.031251,0.0,-1.343793,-0.21,-0.49,0.28,53.46875,98343,54.16,251.277603149,5.136,57 4c 01 6f 00 00 05 10 00 00 9a f4 00 49 00 42 f7 c5 00 03 00 00 ff 7f ff fd ff f9 00 04 1c 78 00 01 80 27 00 00 15 28 43 7b 47 11 00 00 14 10
1297,62256,WL,flash_sample,48,39.688,1,111,1,1,1,1,0,1,1,0,1297,39688,0.035624,0.032208,-1.028216,0.031251,0.0,-1.343793,-0.21,-0.49,0.28,53.46875,98343,54.16,251.277603149,5.136,57 4c 01 6f 00 00 05 11 00 00 9b 08 00 49 00 42 f7 c5 00 03 00 00 ff 7f ff fd ff f9 00 04 1c 78 00 01 80 27 00 00 15 28 43 7b 47 11 00 00 14 10
1298,62304,WL,flash_sample,48,39.708,1,111,1,1,1,1,0,1,1,0,1298,39708,0.035624,0.032208,-1.028216,0.031251,0.0,-1.343793,-0.21,-0.49,0.28,53.46875,98343,54.16,251.277603149,5.136,57 4c 01 6f 00 00 05 12 00 00 9b 1c 00 49 00 42 f7 c5 00 03 00 00 ff 7f ff fd ff f9 00 04 1c 78 00 01 80 27 00 00 15 28 43 7b 47 11 00 00 14 10
1299,62352,WL,flash_sample,48,39.728,1,111,1,1,1,1,0,1,1,0,1299,39728,0.035624,0.032208,-1.028216,0.031251,0.0,-1.343793,-0.21,-0.49,0.28,53.46875,98343,54.16,251.277603149,5.136,57 4c 01 6f 00 00 05 13 00 00 9b 30 00 49 00 42 f7 c5 00 03 00 00 ff 7f ff fd ff f9 00 04 1c 78 00 01 80 27 00 00 15 28 43 7b 47 11 00 00 14 10
1300,62400,WL,flash_sample,48,39.749,1,111,1,1,1,1,0,1,1,0,1300,39749,0.035136,0.031232,-1.026752,0.052085,-0.020834,-1.333376,-0.21,0.07,-0.28,53.46484375,98343,54.16,251.277603149,5.136,57 4c 01 6f 00 00 05 14 00 00 9b 45 00 48 00 40 f7 c8 00 05 ff fe ff 80 ff fd 00 01 ff fc 1c 77 00 01 80 27 00 00 15 28 43 7b 47 11 00 00 14 10
1301,62448,WL,flash_sample,48,39.768,1,111,1,1,1,1,0,1,1,0,1301,39768,0.035136,0.031232,-1.026752,0.052085,-0.020834,-1.333376,-0.21,0.07,-0.28,53.46484375,98343,54.16,251.277603149,5.136,57 4c 01 6f 00 00 05 15 00 00 9b 58 00 48 00 40 f7 c8 00 05 ff fe ff 80 ff fd 00 01 ff fc 1c 77 00 01 80 27 00 00 15 28 43 7b 47 11 00 00 14 10
1302,62496,WL,flash_sample,48,39.788,1,111,1,1,1,1,0,1,1,0,1302,39788,0.035136,0.031232,-1.026752,0.052085,-0.020834,-1.333376,-0.21,0.07,-0.28,53.46484375,98343,54.16,251.277603149,5.136,57 4c 01 6f 00 00 05 16 00 00 9b 6c 00 48 00 40 f7 c8 00 05 ff fe ff 80 ff fd 00 01 ff fc 1c 77 00 01 80 27 00 00 15 28 43 7b 47 11 00 00 14 10
1303,62544,WL,flash_sample,48,39.808,1,111,1,1,1,1,0,1,1,0,1303,39808,0.034648,0.032696,-1.028216,0.041668,-0.020834,-1.375044,-0.14,0.07,-0.35,53.5078125,98396,53.93,246.756668091,5.136,57 4c 01 6f 00 00 05 17 00 00 9b 80 00 47 00 43 f7 c5 00 04 ff fe ff 7c ff fe 00 01 ff fb 1c 82 00 01 80 5c 00 00 15 11 43 76 c1 b5 00 00 14 10
1304,62592,WL,flash_sample,48,39.828,1,111,1,1,1,1,0,1,1,0,1304,39828,0.034648,0.032696,-1.028216,0.041668,-0.020834,-1.375044,-0.14,0.07,-0.35,53.5078125,98396,53.93,246.756668091,5.136,57 4c 01 6f 00 00 05 18 00 00 9b 94 00 47 00 43 f7 c5 00 04 ff fe ff 7c ff fe 00 01 ff fb 1c 82 00 01 80 5c 00 00 15 11 43 76 c1 b5 00 00 14 10
1305,62640,WL,flash_sample,48,39.848,1,111,1,1,1,1,0,1,1,0,1305,39848,0.034648,0.032696,-1.028216,0.041668,-0.020834,-1.375044,-0.14,0.07,-0.35,53.5078125,98396,53.93,246.756668091,5.136,57 4c 01 6f 00 00 05 19 00 00 9b a8 00 47 00 43 f7 c5 00 04 ff fe ff 7c ff fe 00 01 ff fb 1c 82 00 01 80 5c 00 00 15 11 43 76 c1 b5 00 00 14 10
1306,62688,WL,flash_sample,48,39.868,1,111,1,1,1,1,0,1,1,0,1306,39868,0.034648,0.032696,-1.028216,0.041668,-0.020834,-1.375044,-0.14,0.07,-0.35,53.5078125,98396,53.93,246.756668091,5.136,57 4c 01 6f 00 00 05 1a 00 00 9b bc 00 47 00 43 f7 c5 00 04 ff fe ff 7c ff fe 00 01 ff fb 1c 82 00 01 80 5c 00 00 15 11 43 76 c1 b5 00 00 14 10
1307,62736,WL,flash_sample,48,39.888,1,97,1,0,0,0,0,1,1,0,1307,39888,0.035624,0.03172,-1.028216,0.041668,-0.062502,-1.35421,-0.42,-1.05,1.05,53.5078125,98344,53.6,251.193054199,5.144,57 4c 01 61 00 00 05 1b 00 00 9b d0 00 49 00 41 f7 c5 00 04 ff fa ff 7e ff fa ff f1 00 0f 1c 82 00 01 80 28 00 00 14 f0 43 7b 31 6c 00 00 14 18
1308,62784,WL,flash_sample,48,39.908,1,111,1,1,1,1,0,1,1,0,1308,39908,0.035624,0.032208,-1.028704,0.062502,-0.031251,-1.333376,-2.03,0.0,2.87,53.4765625,98323,53.55,252.981872559,5.144,57 4c 01 6f 00 00 05 1c 00 00 9b e4 00 49 00 42 f7 c4 00 06 ff fd ff 80 ff e3 00 00 00 29 1c 7a 00 01 80 13 00 00 14 eb 43 7c fb 5c 00 00 14 18
1309,62832,WL,flash_sample,48,39.928,1,111,1,1,1,1,0,1,1,0,1309,39928,0.035136,0.03172,-1.028704,0.020834,0.0,-1.364627,-2.94,1.05,3.22,53.484375,98322,53.62,253.069061279,5.136,57 4c 01 6f 00 00 05 1d 00 00 9b f8 00 48 00 41 f7 c4 00 02 00 00 ff 7d ff d6 00 0f 00 2e 1c 7c 00 01 80 12 00 00 14 f2 43 7d 11 ae 00 00 14 10
1310,62880,WL,flash_sample,48,39.948,1,111,1,1,1,1,0,1,1,0,1310,39948,0.035136,0.03172,-1.029192,0.041668,0.0,-1.333376,-3.15,1.54,2.8,53.4765625,98324,53.68,252.897323608,5.136,57 4c 01 6f 00 00 05 1e 00 00 9c 0c 00 48 00 41 f7 c3 00 04 00 00 ff 80 ff d3 00 16 00 28 1c 7a 00 01 80 14 00 00 14 f8 43 7c e5 b7 00 00 14 10
1311,62928,WL,flash_sample,48,39.968,1,103,1,1,1,0,0,1,1,0,1311,39968,0.034648,0.031232,-1.02968,0.052085,0.052085,-1.333376,-3.15,1.47,2.87,53.4609375,98326,53.75,252.728210449,5.136,57 4c 01 67 00 00 05 1f 00 00 9c 20 00 47 00 40 f7 c2 00 05 00 05 ff 80 ff d3 00 15 00 29 1c 76 00 01 80 16 00 00 14 ff 43 7c ba 6c 00 00 14 10
1312,62976,WL,flash_sample,48,39.988,1,103,1,1,1,0,0,1,1,0,1312,39988,0.035136,0.031232,-1.029192,0.052085,0.0,-1.333376,-3.15,1.54,2.87,53.4609375,98324,53.8,252.897323608,5.136,57 4c 01 67 00 00 05 20 00 00 9c 34 00 48 00 40 f7 c3 00 05 00 00 ff 80 ff d3 00 16 00 29 1c 76 00 01 80 14 00 00 15 04 43 7c e5 b7 00 00 14 10
1313,63024,WL,flash_sample,48,40.008,1,103,1,1,1,0,0,1,1,0,1313,40008,0.035136,0.031232,-1.02968,0.041668,0.031251,-1.312542,-3.22,1.54,2.87,53.5078125,98329,53.86,252.471908569,5.136,57 4c 01 67 00 00 05 21 00 00 9c 48 00 48 00 40 f7 c2 00 04 00 03 ff 82 ff d2 00 16 00 29 1c 82 00 01 80 19 00 00 15 0a 43 7c 78 cf 00 00 14 10
1314,63072,WL,flash_sample,48,40.028,1,111,1,1,1,1,0,1,1,0,1314,40028,0.035624,0.03172,-1.02968,0.010417,0.010417,-1.333376,-3.22,1.47,2.87,53.4921875,98330,53.91,252.384719849,5.14,57 4c 01 6f 00 00 05 22 00 00 9c 5c 00 49 00 41 f7 c2 00 01 00 01 ff 80 ff d2 00 15 00 29 1c 7e 00 01 80 1a 00 00 15 0f 43 7c 62 7d 00 00 14 14
1315,63120,WL,flash_sample,48,40.048,1,111,1,1,1,1,0,1,1,0,1315,40048,0.035136,0.03172,-1.029192,0.010417,-0.062502,-1.35421,-3.22,1.54,2.87,53.515625,98332,53.96,252.215606689,5.14,57 4c 01 6f 00 00 05 23 00 00 9c 70 00 48 00 41 f7 c3 00 01 ff fa ff 7e ff d2 00 16 00 29 1c 84 00 01 80 1c 00 00 15 14 43 7c 37 32 00 00 14 14
1316,63168,WL,flash_sample,48,40.068,1,111,1,1,1,1,0,1,1,0,1316,40068,0.035136,0.03172,-1.029192,0.010417,-0.062502,-1.35421,-3.22,1.54,2.87,53.515625,98332,53.96,252.215606689,5.14,57 4c 01 6f 00 00 05 24 00 00 9c 84 00 48 00 41 f7 c3 00 01 ff fa ff 7e ff d2 00 16 00 29 1c 84 00 01 80 1c 00 00 15 14 43 7c 37 32 00 00 14 14
1317,63216,WL,flash_sample,48,40.088,1,111,1,1,1,1,0,1,1,0,1317,40088,0.035136,0.03172,-1.029192,0.010417,-0.062502,-1.35421,-3.22,1.54,2.87,53.515625,98332,53.96,252.215606689,5.14,57 4c 01 6f 00 00 05 25 00 00 9c 98 00 48 00 41 f7 c3 00 01 ff fa ff 7e ff d2 00 16 00 29 1c 84 00 01 80 1c 00 00 15 14 43 7c 37 32 00 00 14 14
1318,63264,WL,flash_sample,48,40.108,1,111,1,1,1,1,0,1,1,0,1318,40108,0.035136,0.03172,-1.029192,0.010417,-0.062502,-1.35421,-3.22,1.54,2.87,53.515625,98332,53.96,252.215606689,5.14,57 4c 01 6f 00 00 05 26 00 00 9c ac 00 48 00 41 f7 c3 00 01 ff fa ff 7e ff d2 00 16 00 29 1c 84 00 01 80 1c 00 00 15 14 43 7c 37 32 00 00 14 14
1319,63312,WL,flash_sample,48,40.131,1,97,1,0,0,0,0,1,1,0,1319,40131,0.036112,0.032208,-1.02724,0.041668,-0.010417,-1.35421,-0.28,-0.84,0.7,53.46875,98332,53.96,252.215606689,5.136,57 4c 01 61 00 00 05 27 00 00 9c c3 00 4a 00 42 f7 c7 00 04 ff ff ff 7e ff fc ff f4 00 0a 1c 78 00 01 80 1c 00 00 15 14 43 7c 37 32 00 00 14 10
1320,63360,WL,flash_sample,48,40.148,1,111,1,1,1,1,0,1,1,0,1320,40148,0.035136,0.032208,-1.028704,0.041668,-0.020834,-1.333376,-1.4,-0.42,2.17,53.4921875,98362,54.0,249.65524292,5.136,57 4c 01 6f 00 00 05 28 00 00 9c d4 00 48 00 42 f7 c4 00 04 ff fe ff 80 ff ec ff fa 00 1f 1c 7e 00 01 80 3a 00 00 15 18 43 79 a7 be 00 00 14 10
1321,63408,WL,flash_sample,48,40.168,1,111,1,1,1,1,0,1,1,0,1321,40168,0.035136,0.03172,-1.028704,0.041668,0.0,-1.322959,-2.38,0.35,3.22,53.5078125,98335,53.85,251.959320068,5.136,57 4c 01 6f 00 00 05 29 00 00 9c e8 00 48 00 41 f7 c4 00 04 00 00 ff 81 ff de 00 05 00 2e 1c 82 00 01 80 1f 00 00 15 09 43 7b f5 96 00 00 14 10
1322,63456,WL,flash_sample,48,40.188,1,111,1,1,1,1,0,1,1,0,1322,40188,0.035624,0.031232,-1.028704,0.041668,0.0,-1.333376,-3.15,1.54,2.87,53.4921875,98335,53.9,251.959320068,5.136,57 4c 01 6f 00 00 05 2a 00 00 9c fc 00 49 00 40 f7 c4 00 04 00 00 ff 80 ff d3 00 16 00 29 1c 7e 00 01 80 1f 00 00 15 0e 43 7b f5 96 00 00 14 10
1323,63504,WL,flash_sample,48,40.208,1,103,1,1,1,0,0,1,1,0,1323,40208,0.035624,0.03172,-1.028216,0.052085,0.0,-1.333376,-3.22,1.54,2.87,53.484375,98336,53.94,251.874755859,5.136,57 4c 01 67 00 00 05 2b 00 00 9d 10 00 49 00 41 f7 c5 00 05 00 00 ff 80 ff d2 00 16 00 29 1c 7c 00 01 80 20 00 00 15 12 43 7b df f0 00 00 14 10
1324,63552,WL,flash_sample,48,40.229,1,103,1,1,1,0,0,1,1,0,1324,40229,0.036112,0.032208,-1.029192,0.041668,-0.010417,-1.333376,-3.15,1.54,2.87,53.4921875,98332,53.99,252.215606689,5.136,57 4c 01 67 00 00 05 2c 00 00 9d 25 00 4a 00 42 f7 c3 00 04 ff ff ff 80 ff d3 00 16 00 29 1c 7e 00 01 80 1c 00 00 15 17 43 7c 37 32 00 00 14 10
1325,63600,WL,flash_sample,48,40.248,1,102,0,1,1,0,0,1,1,0,1325,40248,0.035624,0.030256,-1.02968,0.041668,-0.031251,-1.35421,-3.22,1.61,2.73,53.5078125,98332,54.03,252.215606689,5.136,57 4c 01 66 00 00 05 2d 00 00 9d 38 00 49 00 3e f7 c2 00 04 ff fd ff 7e ff d2 00 17 00 27 1c 82 00 01 80 1c 00 00 15 1b 43 7c 37 32 00 00 14 10
1326,63648,WL,flash_sample,48,40.268,1,110,0,1,1,1,0,1,1,0,1326,40268,0.035136,0.03172,-1.028704,0.031251,-0.031251,-1.375044,-3.15,1.61,2.8,53.53515625,98338,54.07,251.703018188,5.136,57 4c 01 6e 00 00 05 2e 00 00 9d 4c 00 48 00 41 f7 c4 00 03 ff fd ff 7c ff d3 00 17 00 28 1c 89 00 01 80 22 00 00 15 1f 43 7b b3 f9 00 00 14 10
1327,63696,WL,flash_sample,48,40.288,1,110,0,1,1,1,0,1,1,0,1327,40288,0.036112,0.032208,-1.028704,0.041668,-0.031251,-1.333376,-3.15,1.54,2.8,53.5,98338,54.11,251.703018188,5.136,57 4c 01 6e 00 00 05 2f 00 00 9d 60 00 4a 00 42 f7 c4 00 04 ff fd ff 80 ff d3 00 16 00 28 1c 80 00 01 80 22 00 00 15 23 43 7b b3 f9 00 00 14 10
1328,63744,WL,flash_sample,48,40.308,1,102,0,1,1,0,0,1,1,0,1328,40308,0.035624,0.031232,-1.028704,0.072919,-0.020834,-1.343793,-3.15,1.47,2.87,53.5,98336,54.14,251.874755859,5.136,57 4c 01 66 00 00 05 30 00 00 9d 74 00 49 00 40 f7 c4 00 07 ff fe ff 7f ff d3 00 15 00 29 1c 80 00 01 80 20 00 00 15 26 43 7b df f0 00 00 14 10
1329,63792,WL,flash_sample,48,40.328,1,102,0,1,1,0,0,1,1,0,1329,40328,0.035624,0.031232,-1.028704,0.072919,-0.020834,-1.343793,-3.15,1.47,2.87,53.5,98336,54.14,251.874755859,5.136,57 4c 01 66 00 00 05 31 00 00 9d 88 00 49 00 40 f7 c4 00 07 ff fe ff 7f ff d3 00 15 00 29 1c 80 00 01 80 20 00 00 15 26 43 7b df f0 00 00 14 10
1330,63840,WL,flash_sample,48,40.348,1,102,0,1,1,0,0,1,1,0,1330,40348,0.035624,0.031232,-1.028704,0.072919,-0.020834,-1.343793,-3.15,1.47,2.87,53.5,98336,54.14,251.874755859,5.136,57 4c 01 66 00 00 05 32 00 00 9d 9c 00 49 00 40 f7 c4 00 07 ff fe ff 7f ff d3 00 15 00 29 1c 80 00 01 80 20 00 00 15 26 43 7b df f0 00 00 14 10
1331,63888,WL,flash_sample,48,40.368,1,102,0,1,1,0,0,1,1,0,1331,40368,0.035624,0.031232,-1.028704,0.072919,-0.020834,-1.343793,-3.15,1.47,2.87,53.5,98336,54.14,251.874755859,5.136,57 4c 01 66 00 00 05 33 00 00 9d b0 00 49 00 40 f7 c4 00 07 ff fe ff 7f ff d3 00 15 00 29 1c 80 00 01 80 20 00 00 15 26 43 7b df f0 00 00 14 10
1332,63936,WL,flash_sample,48,40.388,1,110,0,1,1,1,0,1,1,0,1332,40388,0.036112,0.03172,-1.028216,0.010417,-0.010417,-1.333376,-0.7,-0.91,1.47,53.4609375,98378,54.18,248.2918396,5.144,57 4c 01 6e 00 00 05 34 00 00 9d c4 00 4a 00 41 f7 c5 00 01 ff ff ff 80 ff f6 ff f3 00 15 1c 76 00 01 80 4a 00 00 15 2a 43 78 4a b6 00 00 14 18
1333,63984,WL,flash_sample,48,40.408,1,110,0,1,1,1,0,1,1,0,1333,40408,0.034648,0.032208,-1.028216,0.031251,-0.010417,-1.322959,-1.75,-0.14,2.66,53.53515625,98338,53.98,251.703018188,5.144,57 4c 01 6e 00 00 05 35 00 00 9d d8 00 47 00 42 f7 c5 00 03 ff ff ff 81 ff e7 ff fe 00 26 1c 89 00 01 80 22 00 00 15 16 43 7b b3 f9 00 00 14 18
1334,64032,WL,flash_sample,48,40.428,1,110,0,1,1,1,0,1,1,0,1334,40428,0.035624,0.031232,-1.029192,0.020834,-0.020834,-1.333376,-3.15,1.47,2.94,53.484375,98334,54.02,252.043869019,5.132,57 4c 01 6e 00 00 05 36 00 00 9d ec 00 49 00 40 f7 c3 00 02 ff fe ff 80 ff d3 00 15 00 2a 1c 7c 00 01 80 1e 00 00 15 1a 43 7c 0b 3b 00 00 14 0c
1335,64080,WL,flash_sample,48,40.448,1,102,0,1,1,0,0,1,1,0,1335,40448,0.035136,0.03172,-1.028704,0.031251,0.0,-1.322959,-3.15,1.54,2.8,53.515625,98336,54.06,251.874755859,5.132,57 4c 01 66 00 00 05 37 00 00 9e 00 00 48 00 41 f7 c4 00 03 00 00 ff 81 ff d3 00 16 00 28 1c 84 00 01 80 20 00 00 15 1e 43 7b df f0 00 00 14 0c
1336,64128,WL,flash_sample,48,40.468,1,102,0,1,1,0,0,1,1,0,1336,40468,0.035136,0.031232,-1.029192,0.031251,-0.031251,-1.291708,-3.15,1.54,2.87,53.52734375,98336,54.09,251.874755859,5.132,57 4c 01 66 00 00 05 38 00 00 9e 14 00 48 00 40 f7 c3 00 03 ff fd ff 84 ff d3 00 16 00 29 1c 87 00 01 80 20 00 00 15 21 43 7b df f0 00 00 14 0c
1337,64176,WL,flash_sample,48,40.488,1,110,0,1,1,1,0,1,1,0,1337,40488,0.035136,0.03172,-1.029192,0.062502,0.020834,-1.322959,-3.22,1.54,2.87,53.52734375,98336,54.13,251.874755859,5.132,57 4c 01 6e 00 00 05 39 00 00 9e 28 00 48 00 41 f7 c3 00 06 00 02 ff 81 ff d2 00 16 00 29 1c 87 00 01 80 20 00 00 15 25 43 7b df f0 00 00 14 0c
1338,64224,WL,flash_sample,48,40.508,1,110,0,1,1,1,0,1,1,0,1338,40508,0.035624,0.031232,-1.029192,0.020834,-0.031251,-1.364627,-3.15,1.47,2.94,53.515625,98335,54.16,251.959320068,5.132,57 4c 01 6e 00 00 05 3a 00 00 9e 3c 00 49 00 40 f7 c3 00 02 ff fd ff 7d ff d3 00 15 00 2a 1c 84 00 01 80 1f 00 00 15 28 43 7b f5 96 00 00 14 0c
1339,64272,WL,flash_sample,48,40.528,1,110,0,1,1,1,0,1,1,0,1339,40528,0.035624,0.031232,-1.029192,0.052085,-0.031251,-1.35421,-3.15,1.54,2.87,53.5078125,98336,54.19,251.874755859,5.124,57 4c 01 6e 00 00 05 3b 00 00 9e 50 00 49 00 40 f7 c3 00 05 ff fd ff 7e ff d3 00 16 00 29 1c 82 00 01 80 20 00 00 15 2b 43 7b df f0 00 00 14 04
1340,64320,WL,flash_sample,48,40.548,1,110,0,1,1,1,0,1,1,0,1340,40548,0.035624,0.032208,-1.030168,0.062502,-0.031251,-1.322959,-3.15,1.54,2.87,53.5625,98337,54.22,251.787567139,5.124,57 4c 01 6e 00 00 05 3c 00 00 9e 64 00 49 00 42 f7 c1 00 06 ff fd ff 81 ff d3 00 16 00 29 1c 90 00 01 80 21 00 00 15 2e 43 7b c9 9e 00 00 14 04
1341,64368,WL,flash_sample,48,40.568,1,110,0,1,1,1,0,1,1,0,1341,40568,0.035624,0.032208,-1.030168,0.062502,-0.031251,-1.322959,-3.15,1.54,2.87,53.5625,98337,54.22,251.787567139,5.124,57 4c 01 6e 00 00 05 3d 00 00 9e 78 00 49 00 42 f7 c1 00 06 ff fd ff 81 ff d3 00 16 00 29 1c 90 00 01 80 21 00 00 15 2e 43 7b c9 9e 00 00 14 04
1342,64416,WL,flash_sample,48,40.588,1,110,0,1,1,1,0,1,1,0,1342,40588,0.035624,0.032208,-1.030168,0.062502,-0.031251,-1.322959,-3.15,1.54,2.87,53.5625,98337,54.22,251.787567139,5.124,57 4c 01 6e 00 00 05 3e 00 00 9e 8c 00 49 00 42 f7 c1 00 06 ff fd ff 81 ff d3 00 16 00 29 1c 90 00 01 80 21 00 00 15 2e 43 7b c9 9e 00 00 14 04
1343,64464,WL,flash_sample,48,40.608,1,110,0,1,1,1,0,1,1,0,1343,40608,0.035624,0.032208,-1.030168,0.062502,-0.031251,-1.322959,-3.15,1.54,2.87,53.5625,98337,54.22,251.787567139,5.124,57 4c 01 6e 00 00 05 3f 00 00 9e a0 00 49 00 42 f7 c1 00 06 ff fd ff 81 ff d3 00 16 00 29 1c 90 00 01 80 21 00 00 15 2e 43 7b c9 9e 00 00 14 04
1344,64512,WL,flash_sample,48,40.629,1,110,0,1,1,1,0,1,1,0,1344,40629,0.035136,0.032208,-1.028216,0.031251,0.0,-1.364627,-0.21,-0.28,0.0,53.4765625,98337,54.22,251.787567139,5.124,57 4c 01 6e 00 00 05 40 00 00 9e b5 00 48 00 42 f7 c5 00 03 00 00 ff 7d ff fd ff fc 00 00 1c 7a 00 01 80 21 00 00 15 2e 43 7b c9 9e 00 00 14 04
1345,64560,WL,flash_sample,48,40.648,1,110,0,1,1,1,0,1,1,0,1345,40648,0.035136,0.032208,-1.028216,0.031251,0.0,-1.364627,-0.21,-0.28,0.0,53.4765625,98337,54.22,251.787567139,5.124,57 4c 01 6e 00 00 05 41 00 00 9e c8 00 48 00 42 f7 c5 00 03 00 00 ff 7d ff fd ff fc 00 00 1c 7a 00 01 80 21 00 00 15 2e 43 7b c9 9e 00 00 14 04
1346,64608,WL,flash_sample,48,40.668,1,110,0,1,1,1,0,1,1,0,1346,40668,0.035136,0.032208,-1.028216,0.031251,0.0,-1.364627,-0.21,-0.28,0.0,53.4765625,98337,54.22,251.787567139,5.124,57 4c 01 6e 00 00 05 42 00 00 9e dc 00 48 00 42 f7 c5 00 03 00 00 ff 7d ff fd ff fc 00 00 1c 7a 00 01 80 21 00 00 15 2e 43 7b c9 9e 00 00 14 04
1347,64656,WL,flash_sample,48,40.688,1,110,0,1,1,1,0,1,1,0,1347,40688,0.035136,0.032208,-1.028216,0.031251,0.0,-1.364627,-0.21,-0.28,0.0,53.4765625,98337,54.22,251.787567139,5.124,57 4c 01 6e 00 00 05 43 00 00 9e f0 00 48 00 42 f7 c5 00 03 00 00 ff 7d ff fd ff fc 00 00 1c 7a 00 01 80 21 00 00 15 2e 43 7b c9 9e 00 00 14 04
1348,64704,WL,flash_sample,48,40.708,1,110,0,1,1,1,0,1,1,0,1348,40708,0.035136,0.032208,-1.028216,0.031251,0.0,-1.364627,-0.21,-0.28,0.0,53.4765625,98337,54.22,251.787567139,5.124,57 4c 01 6e 00 00 05 44 00 00 9f 04 00 48 00 42 f7 c5 00 03 00 00 ff 7d ff fd ff fc 00 00 1c 7a 00 01 80 21 00 00 15 2e 43 7b c9 9e 00 00 14 04
1349,64752,WL,flash_sample,48,40.728,1,110,0,1,1,1,0,1,1,0,1349,40728,0.035136,0.032208,-1.028216,0.031251,0.0,-1.364627,-0.21,-0.28,0.0,53.4765625,98337,54.22,251.787567139,5.124,57 4c 01 6e 00 00 05 45 00 00 9f 18 00 48 00 42 f7 c5 00 03 00 00 ff 7d ff fd ff fc 00 00 1c 7a 00 01 80 21 00 00 15 2e 43 7b c9 9e 00 00 14 04
1350,64800,WL,flash_sample,48,40.748,1,110,0,1,1,1,0,1,1,0,1350,40748,0.035136,0.032208,-1.028216,0.031251,0.0,-1.364627,-0.21,-0.28,0.0,53.4765625,98337,54.22,251.787567139,5.124,57 4c 01 6e 00 00 05 46 00 00 9f 2c 00 48 00 42 f7 c5 00 03 00 00 ff 7d ff fd ff fc 00 00 1c 7a 00 01 80 21 00 00 15 2e 43 7b c9 9e 00 00 14 04
1351,64848,WL,flash_sample,48,40.768,1,110,0,1,1,1,0,1,1,0,1351,40768,0.036112,0.03172,-1.027728,0.041668,0.031251,-1.35421,-0.14,0.07,-0.35,53.53515625,98386,54.25,247.610122681,5.124,57 4c 01 6e 00 00 05 47 00 00 9f 40 00 4a 00 41 f7 c6 00 04 00 03 ff 7e ff fe 00 01 ff fb 1c 89 00 01 80 52 00 00 15 31 43 77 9c 31 00 00 14 04
1352,64896,WL,flash_sample,48,40.788,1,110,0,1,1,1,0,1,1,0,1352,40788,0.036112,0.03172,-1.027728,0.041668,0.031251,-1.35421,-0.14,0.07,-0.35,53.53515625,98386,54.25,247.610122681,5.124,57 4c 01 6e 00 00 05 48 00 00 9f 54 00 4a 00 41 f7 c6 00 04 00 03 ff 7e ff fe 00 01 ff fb 1c 89 00 01 80 52 00 00 15 31 43 77 9c 31 00 00 14 04
1353,64944,WL,flash_sample,48,40.809,1,110,0,1,1,1,0,1,1,0,1353,40809,0.035136,0.031232,-1.02724,0.041668,-0.031251,-1.35421,-0.21,0.07,-0.35,53.515625,98386,54.25,247.610122681,5.124,57 4c 01 6e 00 00 05 49 00 00 9f 69 00 48 00 40 f7 c7 00 04 ff fd ff 7e ff fd 00 01 ff fb 1c 84 00 01 80 52 00 00 15 31 43 77 9c 31 00 00 14 04
1354,64992,WL,flash_sample,48,40.828,1,110,0,1,1,1,0,1,1,0,1354,40828,0.035136,0.031232,-1.02724,0.041668,-0.031251,-1.35421,-0.21,0.07,-0.35,53.515625,98386,54.25,247.610122681,5.124,57 4c 01 6e 00 00 05 4a 00 00 9f 7c 00 48 00 40 f7 c7 00 04 ff fd ff 7e ff fd 00 01 ff fb 1c 84 00 01 80 52 00 00 15 31 43 77 9c 31 00 00 14 04
1355,65040,WL,flash_sample,48,40.848,1,110,0,1,1,1,0,1,1,0,1355,40848,0.035136,0.031232,-1.02724,0.041668,-0.031251,-1.35421,-0.21,0.07,-0.35,53.515625,98386,54.25,247.610122681,5.124,57 4c 01 6e 00 00 05 4b 00 00 9f 90 00 48 00 40 f7 c7 00 04 ff fd ff 7e ff fd 00 01 ff fb 1c 84 00 01 80 52 00 00 15 31 43 77 9c 31 00 00 14 04
1356,65088,WL,flash_sample,48,40.868,1,110,0,1,1,1,0,1,1,0,1356,40868,0.035136,0.031232,-1.02724,0.041668,-0.031251,-1.35421,-0.21,0.07,-0.35,53.515625,98386,54.25,247.610122681,5.124,57 4c 01 6e 00 00 05 4c 00 00 9f a4 00 48 00 40 f7 c7 00 04 ff fd ff 7e ff fd 00 01 ff fb 1c 84 00 01 80 52 00 00 15 31 43 77 9c 31 00 00 14 04
1357,65136,WL,flash_sample,48,40.893,1,64,0,0,0,0,0,0,1,0,1357,40893,0.035624,0.03172,-1.027728,0.020834,0.0,-1.35421,-0.28,-0.84,0.84,53.52734375,98345,53.71,251.105865479,5.136,57 4c 01 40 00 00 05 4d 00 00 9f bd 00 49 00 41 f7 c6 00 02 00 00 ff 7e ff fc ff f4 00 0c 1c 87 00 01 80 29 00 00 14 fb 43 7b 1b 1a 00 00 14 10
1358,65184,WL,flash_sample,48,40.908,1,102,0,1,1,0,0,1,1,0,1358,40908,0.035624,0.030744,-1.028704,0.062502,-0.041668,-1.322959,-1.47,-0.42,2.24,53.53515625,98320,53.56,253.238174438,5.136,57 4c 01 66 00 00 05 4e 00 00 9f cc 00 49 00 3f f7 c4 00 06 ff fc ff 81 ff eb ff fa 00 20 1c 89 00 01 80 10 00 00 14 ec 43 7d 3c f9 00 00 14 10
1359,65232,WL,flash_sample,48,40.928,1,102,0,1,1,0,0,1,1,0,1359,40928,0.035624,0.03172,-1.028704,0.020834,0.0,-1.35421,-2.38,0.28,3.22,53.4921875,98320,53.64,253.238174438,5.144,57 4c 01 66 00 00 05 4f 00 00 9f e0 00 49 00 41 f7 c4 00 02 00 00 ff 7e ff de 00 04 00 2e 1c 7e 00 01 80 10 00 00 14 f4 43 7d 3c f9 00 00 14 18
1360,65280,WL,flash_sample,48,40.948,1,102,0,1,1,0,0,1,1,0,1360,40948,0.036112,0.032208,-1.028216,0.062502,-0.010417,-1.291708,-3.15,1.47,2.87,53.52734375,98323,53.71,252.981872559,5.144,57 4c 01 66 00 00 05 50 00 00 9f f4 00 4a 00 42 f7 c5 00 06 ff ff ff 84 ff d3 00 15 00 29 1c 87 00 01 80 13 00 00 14 fb 43 7c fb 5c 00 00 14 18
1361,65328,WL,flash_sample,48,40.968,1,110,0,1,1,1,0,1,1,0,1361,40968,0.035624,0.03172,-1.028704,0.062502,0.0,-1.35421,-3.08,1.54,2.8,53.52734375,98326,53.78,252.728210449,5.144,57 4c 01 6e 00 00 05 51 00 00 a0 08 00 49 00 41 f7 c4 00 06 00 00 ff 7e ff d4 00 16 00 28 1c 87 00 01 80 16 00 00 15 02 43 7c ba 6c 00 00 14 18
1362,65376,WL,flash_sample,48,40.989,1,110,0,1,1,1,0,1,1,0,1362,40989,0.036112,0.031232,-1.028216,0.020834,-0.010417,-1.322959,-3.22,1.54,2.8,53.54296875,98328,53.84,252.556472778,5.144,57 4c 01 6e 00 00 05 52 00 00 a0 1d 00 4a 00 40 f7 c5 00 02 ff ff ff 81 ff d2 00 16 00 28 1c 8b 00 01 80 18 00 00 15 08 43 7c 8e 75 00 00 14 18
1363,65424,WL,flash_sample,48,41.008,1,110,0,1,1,1,0,1,1,0,1363,41008,0.03416,0.03172,-1.030168,0.020834,-0.010417,-1.35421,-3.15,1.54,2.87,53.53515625,98324,53.89,252.897323608,5.144,57 4c 01 6e 00 00 05 53 00 00 a0 30 00 46 00 41 f7 c1 00 02 ff ff ff 7e ff d3 00 16 00 29 1c 89 00 01 80 14 00 00 15 0d 43 7c e5 b7 00 00 14 18
1364,65472,WL,flash_sample,48,41.028,1,102,0,1,1,0,0,1,1,0,1364,41028,0.035624,0.032208,-1.02968,0.072919,-0.020834,-1.35421,-3.22,1.54,2.87,53.53515625,98330,53.95,252.384719849,5.136,57 4c 01 66 00 00 05 54 00 00 a0 44 00 49 00 42 f7 c2 00 07 ff fe ff 7e ff d2 00 16 00 29 1c 89 00 01 80 1a 00 00 15 13 43 7c 62 7d 00 00 14 10
1365,65520,WL,flash_sample,48,41.048,1,102,0,1,1,0,0,1,1,0,1365,41048,0.035624,0.03172,-1.030168,0.041668,-0.020834,-1.333376,-3.15,1.54,2.8,53.54296875,98329,53.99,252.471908569,5.136,57 4c 01 66 00 00 05 55 00 00 a0 58 00 49 00 41 f7 c1 00 04 ff fe ff 80 ff d3 00 16 00 28 1c 8b 00 01 80 19 00 00 15 17 43 7c 78 cf 00 00 14 10
1366,65568,WL,flash_sample,48,41.068,1,110,0,1,1,1,0,1,1,0,1366,41068,0.034648,0.031232,-1.02968,0.041668,0.0,-1.333376,-3.22,1.47,2.8,53.53515625,98329,53.99,252.471908569,5.136,57 4c 01 6e 00 00 05 56 00 00 a0 6c 00 47 00 40 f7 c2 00 04 00 00 ff 80 ff d2 00 15 00 28 1c 89 00 01 80 19 00 00 15 17 43 7c 78 cf 00 00 14 10
1367,65616,WL,flash_sample,48,41.088,1,110,0,1,1,1,0,1,1,0,1367,41088,0.034648,0.031232,-1.02968,0.041668,0.0,-1.333376,-3.22,1.47,2.8,53.53515625,98329,53.99,252.471908569,5.136,57 4c 01 6e 00 00 05 57 00 00 a0 80 00 47 00 40 f7 c2 00 04 00 00 ff 80 ff d2 00 15 00 28 1c 89 00 01 80 19 00 00 15 17 43 7c 78 cf 00 00 14 10
1368,65664,WL,flash_sample,48,41.108,1,110,0,1,1,1,0,1,1,0,1368,41108,0.034648,0.031232,-1.02968,0.041668,0.0,-1.333376,-3.22,1.47,2.8,53.53515625,98329,53.99,252.471908569,5.136,57 4c 01 6e 00 00 05 58 00 00 a0 94 00 47 00 40 f7 c2 00 04 00 00 ff 80 ff d2 00 15 00 28 1c 89 00 01 80 19 00 00 15 17 43 7c 78 cf 00 00 14 10
1369,65712,WL,flash_sample,48,41.128,1,110,0,1,1,1,0,1,1,0,1369,41128,0.034648,0.031232,-1.02968,0.041668,0.0,-1.333376,-3.22,1.47,2.8,53.53515625,98329,53.99,252.471908569,5.136,57 4c 01 6e 00 00 05 59 00 00 a0 a8 00 47 00 40 f7 c2 00 04 00 00 ff 80 ff d2 00 15 00 28 1c 89 00 01 80 19 00 00 15 17 43 7c 78 cf 00 00 14 10
1370,65760,WL,flash_sample,48,41.148,1,102,0,1,1,0,0,1,1,0,1370,41148,0.034648,0.03172,-1.028704,0.031251,0.0,-1.312542,-0.63,-0.91,1.47,53.5078125,98334,54.04,252.043869019,5.144,57 4c 01 66 00 00 05 5a 00 00 a0 bc 00 47 00 41 f7 c4 00 03 00 00 ff 82 ff f7 ff f3 00 15 1c 82 00 01 80 1e 00 00 15 1c 43 7c 0b 3b 00 00 14 18
1371,65808,WL,flash_sample,48,41.168,1,102,0,1,1,0,0,1,1,0,1371,41168,0.036112,0.031232,-1.028704,0.041668,0.0,-1.322959,-1.75,-0.14,2.59,53.5078125,98328,53.87,252.556472778,5.144,57 4c 01 66 00 00 05 5b 00 00 a0 d0 00 4a 00 40 f7 c4 00 04 00 00 ff 81 ff e7 ff fe 00 25 1c 82 00 01 80 18 00 00 15 0b 43 7c 8e 75 00 00 14 18
1372,65856,WL,flash_sample,48,41.188,1,102,0,1,1,0,0,1,1,0,1372,41188,0.035136,0.032208,-1.027728,0.031251,-0.020834,-1.333376,-2.73,0.63,3.5,53.58984375,98331,53.93,252.300170898,5.144,57 4c 01 66 00 00 05 5c 00 00 a0 e4 00 48 00 42 f7 c6 00 03 ff fe ff 80 ff d9 00 09 00 32 1c 97 00 01 80 1b 00 00 15 11 43 7c 4c d8 00 00 14 18
1373,65904,WL,flash_sample,48,41.208,1,110,0,1,1,1,0,1,1,0,1373,41208,0.035624,0.031232,-1.028704,0.031251,0.0,-1.343793,-3.15,1.47,2.87,53.55859375,98334,53.98,252.043869019,5.144,57 4c 01 6e 00 00 05 5d 00 00 a0 f8 00 49 00 40 f7 c4 00 03 00 00 ff 7f ff d3 00 15 00 29 1c 8f 00 01 80 1e 00 00 15 16 43 7c 0b 3b 00 00 14 18
1374,65952,WL,flash_sample,48,41.228,1,110,0,1,1,1,0,1,1,0,1374,41228,0.035624,0.032208,-1.029192,0.041668,-0.020834,-1.35421,-3.22,1.54,2.87,53.52734375,98335,54.03,251.959320068,5.144,57 4c 01 6e 00 00 05 5e 00 00 a1 0c 00 49 00 42 f7 c3 00 04 ff fe ff 7e ff d2 00 16 00 29 1c 87 00 01 80 1f 00 00 15 1b 43 7b f5 96 00 00 14 18
1375,66000,WL,flash_sample,48,41.248,1,111,1,1,1,1,0,1,1,0,1375,41248,0.036112,0.03172,-1.030168,0.031251,-0.010417,-1.35421,-3.15,1.54,2.73,53.53515625,98338,54.07,251.703018188,5.144,57 4c 01 6f 00 00 05 5f 00 00 a1 20 00 4a 00 41 f7 c1 00 03 ff ff ff 7e ff d3 00 16 00 27 1c 89 00 01 80 22 00 00 15 1f 43 7b b3 f9 00 00 14 18
1376,66048,WL,flash_sample,48,41.268,1,103,1,1,1,0,0,1,1,0,1376,41268,0.035136,0.031232,-1.029192,0.052085,0.0,-1.35421,-3.15,1.54,2.8,53.515625,98337,54.11,251.787567139,5.144,57 4c 01 67 00 00 05 60 00 00 a1 34 00 48 00 40 f7 c3 00 05 00 00 ff 7e ff d3 00 16 00 28 1c 84 00 01 80 21 00 00 15 23 43 7b c9 9e 00 00 14 18
1377,66096,WL,flash_sample,48,41.288,1,103,1,1,1,0,0,1,1,0,1377,41288,0.035136,0.032208,-1.029192,0.041668,-0.020834,-1.343793,-3.15,1.47,2.87,53.578125,98335,54.15,251.959320068,5.144,57 4c 01 67 00 00 05 61 00 00 a1 48 00 48 00 42 f7 c3 00 04 ff fe ff 7f ff d3 00 15 00 29 1c 94 00 01 80 1f 00 00 15 27 43 7b f5 96 00 00 14 18
1378,66144,WL,flash_sample,48,41.308,1,111,1,1,1,1,0,1,1,0,1378,41308,0.035624,0.03172,-1.029192,0.062502,-0.010417,-1.312542,-3.15,1.54,2.8,53.55078125,98338,54.19,251.703018188,5.144,57 4c 01 6f 00 00 05 62 00 00 a1 5c 00 49 00 41 f7 c3 00 06 ff ff ff 82 ff d3 00 16 00 28 1c 8d 00 01 80 22 00 00 15 2b 43 7b b3 f9 00 00 14 18
1379,66192,WL,flash_sample,48,41.328,1,111,1,1,1,1,0,1,1,0,1379,41328,0.035624,0.03172,-1.029192,0.062502,-0.010417,-1.312542,-3.15,1.54,2.8,53.55078125,98338,54.19,251.703018188,5.144,57 4c 01 6f 00 00 05 63 00 00 a1 70 00 49 00 41 f7 c3 00 06 ff ff ff 82 ff d3 00 16 00 28 1c 8d 00 01 80 22 00 00 15 2b 43 7b b3 f9 00 00 14 18
1380,66240,WL,flash_sample,48,41.348,1,111,1,1,1,1,0,1,1,0,1380,41348,0.035624,0.03172,-1.029192,0.062502,-0.010417,-1.312542,-3.15,1.54,2.8,53.55078125,98338,54.19,251.703018188,5.144,57 4c 01 6f 00 00 05 64 00 00 a1 84 00 49 00 41 f7 c3 00 06 ff ff ff 82 ff d3 00 16 00 28 1c 8d 00 01 80 22 00 00 15 2b 43 7b b3 f9 00 00 14 18
1381,66288,WL,flash_sample,48,41.368,1,111,1,1,1,1,0,1,1,0,1381,41368,0.035624,0.03172,-1.029192,0.062502,-0.010417,-1.312542,-3.15,1.54,2.8,53.55078125,98338,54.19,251.703018188,5.144,57 4c 01 6f 00 00 05 65 00 00 a1 98 00 49 00 41 f7 c3 00 06 ff ff ff 82 ff d3 00 16 00 28 1c 8d 00 01 80 22 00 00 15 2b 43 7b b3 f9 00 00 14 18
1382,66336,WL,flash_sample,48,41.391,1,65,1,0,0,0,0,0,1,0,1382,41391,0.035136,0.03172,-1.028216,0.062502,-0.010417,-1.35421,-0.21,-0.28,0.0,53.55859375,98344,54.22,251.193054199,5.144,57 4c 01 41 00 00 05 66 00 00 a1 af 00 48 00 41 f7 c5 00 06 ff ff ff 7e ff fd ff fc 00 00 1c 8f 00 01 80 28 00 00 15 2e 43 7b 31 6c 00 00 14 18
1383,66384,WL,flash_sample,48,41.408,1,103,1,1,1,0,0,1,1,0,1383,41408,0.035624,0.031232,-1.02724,0.062502,0.010417,-1.35421,-1.05,-0.63,1.89,53.53515625,98334,54.0,252.043869019,5.144,57 4c 01 67 00 00 05 67 00 00 a1 c0 00 49 00 40 f7 c7 00 06 00 01 ff 7e ff f1 ff f7 00 1b 1c 89 00 01 80 1e 00 00 15 18 43 7c 0b 3b 00 00 14 18
1384,66432,WL,flash_sample,48,41.428,1,111,1,1,1,1,0,1,1,0,1384,41428,0.035136,0.032208,-1.028216,0.052085,-0.031251,-1.322959,-2.66,0.49,3.43,53.59375,98333,54.05,252.131057739,5.124,57 4c 01 6f 00 00 05 68 00 00 a1 d4 00 48 00 42 f7 c5 00 05 ff fd ff 81 ff da 00 07 00 31 1c 98 00 01 80 1d 00 00 15 1d 43 7c 21 8d 00 00 14 04
1385,66480,WL,flash_sample,48,41.448,1,111,1,1,1,1,0,1,1,0,1385,41448,0.035136,0.031232,-1.028216,0.041668,-0.031251,-1.35421,-3.15,1.54,2.87,53.58203125,98334,54.09,252.043869019,5.124,57 4c 01 6f 00 00 05 69 00 00 a1 e8 00 48 00 40 f7 c5 00 04 ff fd ff 7e ff d3 00 16 00 29 1c 95 00 01 80 1e 00 00 15 21 43 7c 0b 3b 00 00 14 04
1386,66528,WL,flash_sample,48,41.468,1,111,1,1,1,1,0,1,1,0,1386,41468,0.036112,0.032208,-1.028704,0.062502,-0.010417,-1.302125,-3.15,1.54,2.87,53.55859375,98334,54.13,252.043869019,5.124,57 4c 01 6f 00 00 05 6a 00 00 a1 fc 00 4a 00 42 f7 c4 00 06 ff ff ff 83 ff d3 00 16 00 29 1c 8f 00 01 80 1e 00 00 15 25 43 7c 0b 3b 00 00 14 04
1387,66576,WL,flash_sample,48,41.489,1,111,1,1,1,1,0,1,1,0,1387,41489,0.035624,0.03172,-1.029192,0.041668,-0.031251,-1.35421,-3.15,1.47,2.87,53.6328125,98337,54.17,251.787567139,5.124,57 4c 01 6f 00 00 05 6b 00 00 a2 11 00 49 00 41 f7 c3 00 04 ff fd ff 7e ff d3 00 15 00 29 1c a2 00 01 80 21 00 00 15 29 43 7b c9 9e 00 00 14 04
1388,66624,WL,flash_sample,48,41.508,1,103,1,1,1,0,0,1,1,0,1388,41508,0.035624,0.032208,-1.028216,0.010417,-0.041668,-1.343793,-3.22,1.54,2.8,53.59375,98336,54.2,251.874755859,5.124,57 4c 01 67 00 00 05 6c 00 00 a2 24 00 49 00 42 f7 c5 00 01 ff fc ff 7f ff d2 00 16 00 28 1c 98 00 01 80 20 00 00 15 2c 43 7b df f0 00 00 14 04
1389,66672,WL,flash_sample,48,41.528,1,103,1,1,1,0,0,1,1,0,1389,41528,0.035624,0.032208,-1.02968,0.062502,0.010417,-1.312542,-3.15,1.4,2.87,53.56640625,98335,54.24,251.959320068,5.124,57 4c 01 67 00 00 05 6d 00 00 a2 38 00 49 00 42 f7 c2 00 06 00 01 ff 82 ff d3 00 14 00 29 1c 91 00 01 80 1f 00 00 15 30 43 7b f5 96 00 00 14 04
1390,66720,WL,flash_sample,48,41.548,1,111,1,1,1,1,0,1,1,0,1390,41548,0.035136,0.03172,-1.02968,0.062502,0.010417,-1.322959,-3.15,1.54,2.87,53.55859375,98337,54.27,251.787567139,5.124,57 4c 01 6f 00 00 05 6e 00 00 a2 4c 00 48 00 41 f7 c2 00 06 00 01 ff 81 ff d3 00 16 00 29 1c 8f 00 01 80 21 00 00 15 33 43 7b c9 9e 00 00 14 04
1391,66768,WL,flash_sample,48,41.568,1,103,1,1,1,0,0,1,1,0,1391,41568,0.036112,0.03172,-1.029192,0.031251,-0.041668,-1.333376,-3.15,1.54,2.8,53.55859375,98337,54.27,251.787567139,5.124,57 4c 01 67 00 00 05 6f 00 00 a2 60 00 4a 00 41 f7 c3 00 03 ff fc ff 80 ff d3 00 16 00 28 1c 8f 00 01 80 21 00 00 15 33 43 7b c9 9e 00 00 14 04
1392,66816,WL,flash_sample,48,41.588,1,103,1,1,1,0,0,1,1,0,1392,41588,0.036112,0.03172,-1.029192,0.031251,-0.041668,-1.333376,-3.15,1.54,2.8,53.55859375,98337,54.27,251.787567139,5.124,57 4c 01 67 00 00 05 70 00 00 a2 74 00 4a 00 41 f7 c3 00 03 ff fc ff 80 ff d3 00 16 00 28 1c 8f 00 01 80 21 00 00 15 33 43 7b c9 9e 00 00 14 04
1393,66864,WL,flash_sample,48,41.608,1,103,1,1,1,0,0,1,1,0,1393,41608,0.036112,0.03172,-1.029192,0.031251,-0.041668,-1.333376,-3.15,1.54,2.8,53.55859375,98337,54.27,251.787567139,5.124,57 4c 01 67 00 00 05 71 00 00 a2 88 00 4a 00 41 f7 c3 00 03 ff fc ff 80 ff d3 00 16 00 28 1c 8f 00 01 80 21 00 00 15 33 43 7b c9 9e 00 00 14 04
1394,66912,WL,flash_sample,48,41.628,1,103,1,1,1,0,0,1,1,0,1394,41628,0.036112,0.03172,-1.029192,0.031251,-0.041668,-1.333376,-3.15,1.54,2.8,53.55859375,98337,54.27,251.787567139,5.124,57 4c 01 67 00 00 05 72 00 00 a2 9c 00 4a 00 41 f7 c3 00 03 ff fc ff 80 ff d3 00 16 00 28 1c 8f 00 01 80 21 00 00 15 33 43 7b c9 9e 00 00 14 04
1395,66960,WL,flash_sample,48,41.648,1,111,1,1,1,1,0,1,1,0,1395,41648,0.036112,0.031232,-1.027728,0.052085,-0.031251,-1.322959,-0.21,-0.07,-0.21,53.61328125,98345,54.3,251.105865479,5.124,57 4c 01 6f 00 00 05 73 00 00 a2 b0 00 4a 00 40 f7 c6 00 05 ff fd ff 81 ff fd ff ff ff fd 1c 9d 00 01 80 29 00 00 15 36 43 7b 1b 1a 00 00 14 04
1396,67008,WL,flash_sample,48,41.668,1,111,1,1,1,1,0,1,1,0,1396,41668,0.036112,0.031232,-1.027728,0.052085,-0.031251,-1.322959,-0.21,-0.07,-0.21,53.61328125,98345,54.3,251.105865479,5.124,57 4c 01 6f 00 00 05 74 00 00 a2 c4 00 4a 00 40 f7 c6 00 05 ff fd ff 81 ff fd ff ff ff fd 1c 9d 00 01 80 29 00 00 15 36 43 7b 1b 1a 00 00 14 04
1397,67056,WL,flash_sample,48,41.688,1,111,1,1,1,1,0,1,1,0,1397,41688,0.036112,0.031232,-1.027728,0.052085,-0.031251,-1.322959,-0.21,-0.07,-0.21,53.61328125,98345,54.3,251.105865479,5.124,57 4c 01 6f 00 00 05 75 00 00 a2 d8 00 4a 00 40 f7 c6 00 05 ff fd ff 81 ff fd ff ff ff fd 1c 9d 00 01 80 29 00 00 15 36 43 7b 1b 1a 00 00 14 04
1398,67104,WL,flash_sample,48,41.708,1,111,1,1,1,1,0,1,1,0,1398,41708,0.036112,0.031232,-1.027728,0.052085,-0.031251,-1.322959,-0.21,-0.07,-0.21,53.61328125,98345,54.3,251.105865479,5.124,57 4c 01 6f 00 00 05 76 00 00 a2 ec 00 4a 00 40 f7 c6 00 05 ff fd ff 81 ff fd ff ff ff fd 1c 9d 00 01 80 29 00 00 15 36 43 7b 1b 1a 00 00 14 04
1399,67152,WL,flash_sample,48,41.728,1,111,1,1,1,1,0,1,1,0,1399,41728,0.036112,0.031232,-1.027728,0.052085,-0.031251,-1.322959,-0.21,-0.07,-0.21,53.61328125,98345,54.3,251.105865479,5.124,57 4c 01 6f 00 00 05 77 00 00 a3 00 00 4a 00 40 f7 c6 00 05 ff fd ff 81 ff fd ff ff ff fd 1c 9d 00 01 80 29 00 00 15 36 43 7b 1b 1a 00 00 14 04
1400,67200,WL,flash_sample,48,41.748,1,111,1,1,1,1,0,1,1,0,1400,41748,0.036112,0.031232,-1.027728,0.052085,-0.031251,-1.322959,-0.21,-0.07,-0.21,53.61328125,98345,54.3,251.105865479,5.124,57 4c 01 6f 00 00 05 78 00 00 a3 14 00 4a 00 40 f7 c6 00 05 ff fd ff 81 ff fd ff ff ff fd 1c 9d 00 01 80 29 00 00 15 36 43 7b 1b 1a 00 00 14 04
1401,67248,WL,flash_sample,48,41.769,1,111,1,1,1,1,0,1,1,0,1401,41769,0.035624,0.031232,-1.02724,0.020834,-0.020834,-1.322959,-0.21,0.07,-0.35,53.546875,98345,54.3,251.105865479,5.124,57 4c 01 6f 00 00 05 79 00 00 a3 29 00 49 00 40 f7 c7 00 02 ff fe ff 81 ff fd 00 01 ff fb 1c 8c 00 01 80 29 00 00 15 36 43 7b 1b 1a 00 00 14 04
1402,67296,WL,flash_sample,48,41.788,1,111,1,1,1,1,0,1,1,0,1402,41788,0.035624,0.031232,-1.02724,0.020834,-0.020834,-1.322959,-0.21,0.07,-0.35,53.546875,98345,54.3,251.105865479,5.124,57 4c 01 6f 00 00 05 7a 00 00 a3 3c 00 49 00 40 f7 c7 00 02 ff fe ff 81 ff fd 00 01 ff fb 1c 8c 00 01 80 29 00 00 15 36 43 7b 1b 1a 00 00 14 04
1403,67344,WL,flash_sample,48,41.808,1,111,1,1,1,1,0,1,1,0,1403,41808,0.035624,0.031232,-1.02724,0.020834,-0.020834,-1.322959,-0.21,0.07,-0.35,53.546875,98345,54.3,251.105865479,5.124,57 4c 01 6f 00 00 05 7b 00 00 a3 50 00 49 00 40 f7 c7 00 02 ff fe ff 81 ff fd 00 01 ff fb 1c 8c 00 01 80 29 00 00 15 36 43 7b 1b 1a 00 00 14 04
1404,67392,WL,flash_sample,48,41.828,1,111,1,1,1,1,0,1,1,0,1404,41828,0.035624,0.032208,-1.027728,0.041668,0.0,-1.35421,-0.21,0.07,-0.35,53.5625,98391,54.07,247.1847229,5.124,57 4c 01 6f 00 00 05 7c 00 00 a3 64 00 49 00 42 f7 c6 00 04 00 00 ff 7e ff fd 00 01 ff fb 1c 90 00 01 80 57 00 00 15 1f 43 77 2f 4a 00 00 14 04
1405,67440,WL,flash_sample,48,41.848,1,111,1,1,1,1,0,1,1,0,1405,41848,0.035624,0.032208,-1.027728,0.041668,0.0,-1.35421,-0.21,0.07,-0.35,53.5625,98391,54.07,247.1847229,5.124,57 4c 01 6f 00 00 05 7d 00 00 a3 78 00 49 00 42 f7 c6 00 04 00 00 ff 7e ff fd 00 01 ff fb 1c 90 00 01 80 57 00 00 15 1f 43 77 2f 4a 00 00 14 04
1406,67488,WL,flash_sample,48,41.868,1,111,1,1,1,1,0,1,1,0,1406,41868,0.035624,0.032208,-1.027728,0.041668,0.0,-1.35421,-0.21,0.07,-0.35,53.5625,98391,54.07,247.1847229,5.124,57 4c 01 6f 00 00 05 7e 00 00 a3 8c 00 49 00 42 f7 c6 00 04 00 00 ff 7e ff fd 00 01 ff fb 1c 90 00 01 80 57 00 00 15 1f 43 77 2f 4a 00 00 14 04
1407,67536,WL,flash_sample,48,41.888,1,111,1,1,1,1,0,1,1,0,1407,41888,0.035624,0.032208,-1.027728,0.041668,0.0,-1.35421,-0.21,0.07,-0.35,53.5625,98391,54.07,247.1847229,5.124,57 4c 01 6f 00 00 05 7f 00 00 a3 a0 00 49 00 42 f7 c6 00 04 00 00 ff 7e ff fd 00 01 ff fb 1c 90 00 01 80 57 00 00 15 1f 43 77 2f 4a 00 00 14 04
1408,67584,WL,flash_sample,48,41.908,1,111,1,1,1,1,0,1,1,0,1408,41908,0.035136,0.03172,-1.027728,0.062502,0.0,-1.364627,-0.77,-0.84,1.47,53.54296875,98342,53.74,251.3621521,5.136,57 4c 01 6f 00 00 05 80 00 00 a3 b4 00 48 00 41 f7 c6 00 06 00 00 ff 7d ff f5 ff f4 00 15 1c 8b 00 01 80 26 00 00 14 fe 43 7b 5c b6 00 00 14 10
1409,67632,WL,flash_sample,48,41.928,1,111,1,1,1,1,0,1,1,0,1409,41928,0.036112,0.032208,-1.028704,0.020834,-0.010417,-1.35421,-1.82,-0.14,2.66,53.5703125,98320,53.69,253.238174438,5.128,57 4c 01 6f 00 00 05 81 00 00 a3 c8 00 4a 00 42 f7 c4 00 02 ff ff ff 7e ff e6 ff fe 00 26 1c 92 00 01 80 10 00 00 14 f9 43 7d 3c f9 00 00 14 08
1410,67680,WL,flash_sample,48,41.948,1,111,1,1,1,1,0,1,1,0,1410,41948,0.035136,0.03172,-1.028704,0.052085,-0.010417,-1.322959,-2.8,0.7,3.43,53.56640625,98323,53.76,252.981872559,5.128,57 4c 01 6f 00 00 05 82 00 00 a3 dc 00 48 00 41 f7 c4 00 05 ff ff ff 81 ff d8 00 0a 00 31 1c 91 00 01 80 13 00 00 15 00 43 7c fb 5c 00 00 14 08
1411,67728,WL,flash_sample,48,41.968,1,103,1,1,1,0,0,1,1,0,1411,41968,0.036112,0.031232,-1.030168,0.031251,-0.010417,-1.364627,-3.22,1.47,2.8,53.58203125,98326,53.82,252.728210449,5.128,57 4c 01 67 00 00 05 83 00 00 a3 f0 00 4a 00 40 f7 c1 00 03 ff ff ff 7d ff d2 00 15 00 28 1c 95 00 01 80 16 00 00 15 06 43 7c ba 6c 00 00 14 08
1412,67776,WL,flash_sample,48,41.988,1,103,1,1,1,0,0,1,1,0,1412,41988,0.035136,0.030744,-1.030168,0.041668,0.0,-1.333376,-3.15,1.54,2.8,53.609375,98325,53.88,252.812774658,5.128,57 4c 01 67 00 00 05 84 00 00 a4 04 00 48 00 3f f7 c1 00 04 00 00 ff 80 ff d3 00 16 00 28 1c 9c 00 01 80 15 00 00 15 0c 43 7c d0 12 00 00 14 08
1413,67824,WL,flash_sample,48,42.008,1,103,1,1,1,0,0,1,1,0,1413,42008,0.035136,0.03172,-1.029192,0.052085,-0.010417,-1.375044,-3.15,1.47,2.87,53.58203125,98326,53.94,252.728210449,5.128,57 4c 01 67 00 00 05 85 00 00 a4 18 00 48 00 41 f7 c3 00 05 ff ff ff 7c ff d3 00 15 00 29 1c 95 00 01 80 16 00 00 15 12 43 7c ba 6c 00 00 14 08
1414,67872,WL,flash_sample,48,42.028,1,111,1,1,1,1,0,1,1,0,1414,42028,0.035624,0.03172,-1.02968,0.083336,-0.010417,-1.322959,-3.15,1.47,2.87,53.55859375,98326,53.99,252.728210449,5.14,57 4c 01 6f 00 00 05 86 00 00 a4 2c 00 49 00 41 f7 c2 00 08 ff ff ff 81 ff d3 00 15 00 29 1c 8f 00 01 80 16 00 00 15 17 43 7c ba 6c 00 00 14 14
1415,67920,WL,flash_sample,48,42.048,1,111,1,1,1,1,0,1,1,0,1415,42048,0.0366,0.032208,-1.02968,0.031251,0.010417,-1.343793,-3.15,1.54,2.8,53.57421875,98329,54.05,252.471908569,5.14,57 4c 01 6f 00 00 05 87 00 00 a4 40 00 4b 00 42 f7 c2 00 03 00 01 ff 7f ff d3 00 16 00 28 1c 93 00 01 80 19 00 00 15 1d 43 7c 78 cf 00 00 14 14
1416,67968,WL,flash_sample,48,42.068,1,111,1,1,1,1,0,1,1,0,1416,42068,0.036112,0.030744,-1.029192,0.041668,0.010417,-1.322959,-3.15,1.54,2.87,53.56640625,98328,54.09,252.556472778,5.14,57 4c 01 6f 00 00 05 88 00 00 a4 54 00 4a 00 3f f7 c3 00 04 00 01 ff 81 ff d3 00 16 00 29 1c 91 00 01 80 18 00 00 15 21 43 7c 8e 75 00 00 14 14
1417,68016,WL,flash_sample,48,42.088,1,111,1,1,1,1,0,1,1,0,1417,42088,0.036112,0.030744,-1.029192,0.041668,0.010417,-1.322959,-3.15,1.54,2.87,53.56640625,98328,54.09,252.556472778,5.14,57 4c 01 6f 00 00 05 89 00 00 a4 68 00 4a 00 3f f7 c3 00 04 00 01 ff 81 ff d3 00 16 00 29 1c 91 00 01 80 18 00 00 15 21 43 7c 8e 75 00 00 14 14
1418,68064,WL,flash_sample,48,42.108,1,111,1,1,1,1,0,1,1,0,1418,42108,0.036112,0.030744,-1.029192,0.041668,0.010417,-1.322959,-3.15,1.54,2.87,53.56640625,98328,54.09,252.556472778,5.14,57 4c 01 6f 00 00 05 8a 00 00 a4 7c 00 4a 00 3f f7 c3 00 04 00 01 ff 81 ff d3 00 16 00 29 1c 91 00 01 80 18 00 00 15 21 43 7c 8e 75 00 00 14 14
1419,68112,WL,flash_sample,48,42.128,1,111,1,1,1,1,0,1,1,0,1419,42128,0.036112,0.030744,-1.029192,0.041668,0.010417,-1.322959,-3.15,1.54,2.87,53.56640625,98328,54.09,252.556472778,5.14,57 4c 01 6f 00 00 05 8b 00 00 a4 90 00 4a 00 3f f7 c3 00 04 00 01 ff 81 ff d3 00 16 00 29 1c 91 00 01 80 18 00 00 15 21 43 7c 8e 75 00 00 14 14
1420,68160,WL,flash_sample,48,42.151,1,65,1,0,0,0,0,0,1,0,1420,42151,0.035136,0.03172,-1.028704,0.052085,0.0,-1.333376,-0.21,-0.35,0.07,53.6171875,98328,54.09,252.556472778,5.132,57 4c 01 41 00 00 05 8c 00 00 a4 a7 00 48 00 41 f7 c4 00 05 00 00 ff 80 ff fd ff fb 00 01 1c 9e 00 01 80 18 00 00 15 21 43 7c 8e 75 00 00 14 0c
1421,68208,WL,flash_sample,48,42.168,1,111,1,1,1,1,0,1,1,0,1421,42168,0.035624,0.031232,-1.028704,0.041668,-0.010417,-1.333376,-1.19,-0.63,1.96,53.56640625,98360,54.13,249.82699585,5.132,57 4c 01 6f 00 00 05 8d 00 00 a4 b8 00 49 00 40 f7 c4 00 04 ff ff ff 80 ff ef ff f7 00 1c 1c 91 00 01 80 38 00 00 15 25 43 79 d3 b6 00 00 14 0c
1422,68256,WL,flash_sample,48,42.188,1,111,1,1,1,1,0,1,1,0,1422,42188,0.036112,0.03172,-1.028216,0.062502,-0.031251,-1.343793,-2.59,0.49,3.43,53.6328125,98334,53.99,252.043869019,5.132,57 4c 01 6f 00 00 05 8e 00 00 a4 cc 00 4a 00 41 f7 c5 00 06 ff fd ff 7f ff db 00 07 00 31 1c a2 00 01 80 1e 00 00 15 17 43 7c 0b 3b 00 00 14 0c
1423,68304,WL,flash_sample,48,42.208,1,103,1,1,1,0,0,1,1,0,1423,42208,0.035136,0.031232,-1.02968,0.072919,0.0,-1.322959,-3.15,1.54,2.8,53.6015625,98331,54.03,252.300170898,5.132,57 4c 01 67 00 00 05 8f 00 00 a4 e0 00 48 00 40 f7 c2 00 07 00 00 ff 81 ff d3 00 16 00 28 1c 9a 00 01 80 1b 00 00 15 1b 43 7c 4c d8 00 00 14 0c
1424,68352,WL,flash_sample,48,42.228,1,103,1,1,1,0,0,1,1,0,1424,42228,0.036112,0.03172,-1.029192,0.020834,-0.052085,-1.35421,-3.22,1.54,2.87,53.609375,98333,54.08,252.131057739,5.128,57 4c 01 67 00 00 05 90 00 00 a4 f4 00 4a 00 41 f7 c3 00 02 ff fb ff 7e ff d2 00 16 00 29 1c 9c 00 01 80 1d 00 00 15 20 43 7c 21 8d 00 00 14 08
1425,68400,WL,flash_sample,48,42.249,1,110,0,1,1,1,0,1,1,0,1425,42249,0.035136,0.03172,-1.028704,0.031251,0.0,-1.343793,-3.15,1.54,2.8,53.609375,98335,54.12,251.959320068,5.128,57 4c 01 6e 00 00 05 91 00 00 a5 09 00 48 00 41 f7 c4 00 03 00 00 ff 7f ff d3 00 16 00 28 1c 9c 00 01 80 1f 00 00 15 24 43 7b f5 96 00 00 14 08
1426,68448,WL,flash_sample,48,42.268,1,110,0,1,1,1,0,1,1,0,1426,42268,0.035624,0.03172,-1.029192,0.031251,-0.020834,-1.35421,-3.15,1.54,2.87,53.625,98338,54.17,251.703018188,5.128,57 4c 01 6e 00 00 05 92 00 00 a5 1c 00 49 00 41 f7 c3 00 03 ff fe ff 7e ff d3 00 16 00 29 1c a0 00 01 80 22 00 00 15 29 43 7b b3 f9 00 00 14 08
1427,68496,WL,flash_sample,48,42.288,1,110,0,1,1,1,0,1,1,0,1427,42288,0.035624,0.03172,-1.029192,0.031251,-0.010417,-1.333376,-3.15,1.54,2.8,53.59375,98335,54.2,251.959320068,5.128,57 4c 01 6e 00 00 05 93 00 00 a5 30 00 49 00 41 f7 c3 00 03 ff ff ff 80 ff d3 00 16 00 28 1c 98 00 01 80 1f 00 00 15 2c 43 7b f5 96 00 00 14 08
1428,68544,WL,flash_sample,48,42.308,1,110,0,1,1,1,0,1,1,0,1428,42308,0.036112,0.030744,-1.028704,0.052085,0.0,-1.333376,-3.15,1.54,2.8,53.6328125,98337,54.24,251.787567139,5.128,57 4c 01 6e 00 00 05 94 00 00 a5 44 00 4a 00 3f f7 c4 00 05 00 00 ff 80 ff d3 00 16 00 28 1c a2 00 01 80 21 00 00 15 30 43 7b c9 9e 00 00 14 08
1429,68592,WL,flash_sample,48,42.328,1,110,0,1,1,1,0,1,1,0,1429,42328,0.036112,0.03172,-1.029192,0.062502,0.010417,-1.333376,-3.15,1.54,2.8,53.625,98337,54.28,251.787567139,5.14,57 4c 01 6e 00 00 05 95 00 00 a5 58 00 4a 00 41 f7 c3 00 06 00 01 ff 80 ff d3 00 16 00 28 1c a0 00 01 80 21 00 00 15 34 43 7b c9 9e 00 00 14 14
1430,68640,WL,flash_sample,48,42.348,1,110,0,1,1,1,0,1,1,0,1430,42348,0.036112,0.03172,-1.029192,0.062502,0.010417,-1.333376,-3.15,1.54,2.8,53.625,98337,54.28,251.787567139,5.14,57 4c 01 6e 00 00 05 96 00 00 a5 6c 00 4a 00 41 f7 c3 00 06 00 01 ff 80 ff d3 00 16 00 28 1c a0 00 01 80 21 00 00 15 34 43 7b c9 9e 00 00 14 14
1431,68688,WL,flash_sample,48,42.368,1,110,0,1,1,1,0,1,1,0,1431,42368,0.036112,0.03172,-1.029192,0.062502,0.010417,-1.333376,-3.15,1.54,2.8,53.625,98337,54.28,251.787567139,5.14,57 4c 01 6e 00 00 05 97 00 00 a5 80 00 4a 00 41 f7 c3 00 06 00 01 ff 80 ff d3 00 16 00 28 1c a0 00 01 80 21 00 00 15 34 43 7b c9 9e 00 00 14 14
1432,68736,WL,flash_sample,48,42.388,1,110,0,1,1,1,0,1,1,0,1432,42388,0.036112,0.03172,-1.029192,0.062502,0.010417,-1.333376,-3.15,1.54,2.8,53.625,98337,54.28,251.787567139,5.14,57 4c 01 6e 00 00 05 98 00 00 a5 94 00 4a 00 41 f7 c3 00 06 00 01 ff 80 ff d3 00 16 00 28 1c a0 00 01 80 21 00 00 15 34 43 7b c9 9e 00 00 14 14
1433,68784,WL,flash_sample,48,42.408,1,110,0,1,1,1,0,1,1,0,1433,42408,0.035624,0.03172,-1.027728,0.010417,0.010417,-1.343793,-0.35,-1.12,1.12,53.6328125,98381,54.31,248.03553772,5.14,57 4c 01 6e 00 00 05 99 00 00 a5 a8 00 49 00 41 f7 c6 00 01 00 01 ff 7f ff fb ff f0 00 10 1c a2 00 01 80 4d 00 00 15 37 43 78 09 19 00 00 14 14
1434,68832,WL,flash_sample,48,42.428,1,110,0,1,1,1,0,1,1,0,1434,42428,0.036112,0.031232,-1.029192,0.031251,0.0,-1.333376,-2.03,0.07,2.87,53.640625,98330,54.12,252.384719849,5.14,57 4c 01 6e 00 00 05 9a 00 00 a5 bc 00 4a 00 40 f7 c3 00 03 00 00 ff 80 ff e3 00 01 00 29 1c a4 00 01 80 1a 00 00 15 24 43 7c 62 7d 00 00 14 14
1435,68880,WL,flash_sample,48,42.448,1,102,0,1,1,0,0,1,1,0,1435,42448,0.035624,0.031232,-1.028704,0.052085,0.010417,-1.343793,-3.01,1.12,3.22,53.6015625,98336,54.15,251.874755859,5.14,57 4c 01 66 00 00 05 9b 00 00 a5 d0 00 49 00 40 f7 c4 00 05 00 01 ff 7f ff d5 00 10 00 2e 1c 9a 00 01 80 20 00 00 15 27 43 7b df f0 00 00 14 14
1436,68928,WL,flash_sample,48,42.468,1,102,0,1,1,0,0,1,1,0,1436,42468,0.036112,0.032208,-1.029192,0.010417,0.0,-1.322959,-3.15,1.47,2.87,53.59375,98333,54.19,252.131057739,5.14,57 4c 01 66 00 00 05 9c 00 00 a5 e4 00 4a 00 42 f7 c3 00 01 00 00 ff 81 ff d3 00 15 00 29 1c 98 00 01 80 1d 00 00 15 2b 43 7c 21 8d 00 00 14 14
1437,68976,WL,flash_sample,48,42.488,1,110,0,1,1,1,0,1,1,0,1437,42488,0.035624,0.03172,-1.02968,0.062502,-0.010417,-1.35421,-3.22,1.54,2.8,53.609375,98335,54.23,251.959320068,5.14,57 4c 01 6e 00 00 05 9d 00 00 a5 f8 00 49 00 41 f7 c2 00 06 ff ff ff 7e ff d2 00 16 00 28 1c 9c 00 01 80 1f 00 00 15 2f 43 7b f5 96 00 00 14 14
1438,69024,WL,flash_sample,48,42.508,1,110,0,1,1,1,0,1,1,0,1438,42508,0.035136,0.032208,-1.02968,0.010417,0.0,-1.312542,-3.22,1.47,2.87,53.640625,98333,54.26,252.131057739,5.14,57 4c 01 6e 00 00 05 9e 00 00 a6 0c 00 48 00 42 f7 c2 00 01 00 00 ff 82 ff d2 00 15 00 29 1c a4 00 01 80 1d 00 00 15 32 43 7c 21 8d 00 00 14 14
1439,69072,WL,flash_sample,48,42.528,1,110,0,1,1,1,0,1,1,0,1439,42528,0.035624,0.032208,-1.029192,0.031251,-0.020834,-1.343793,-3.15,1.54,2.94,53.6484375,98335,54.3,251.959320068,5.128,57 4c 01 6e 00 00 05 9f 00 00 a6 20 00 49 00 42 f7 c3 00 03 ff fe ff 7f ff d3 00 16 00 2a 1c a6 00 01 80 1f 00 00 15 36 43 7b f5 96 00 00 14 08
1440,69120,WL,flash_sample,48,42.548,1,110,0,1,1,1,0,1,1,0,1440,42548,0.035624,0.030744,-1.029192,0.041668,-0.031251,-1.35421,-3.15,1.54,2.87,53.609375,98335,54.33,251.959320068,5.128,57 4c 01 6e 00 00 05 a0 00 00 a6 34 00 49 00 3f f7 c3 00 04 ff fd ff 7e ff d3 00 16 00 29 1c 9c 00 01 80 1f 00 00 15 39 43 7b f5 96 00 00 14 08
1441,69168,WL,flash_sample,48,42.568,1,102,0,1,1,0,0,1,1,0,1441,42568,0.036112,0.032208,-1.029192,0.062502,-0.031251,-1.35421,-3.15,1.54,2.87,53.609375,98336,54.36,251.874755859,5.128,57 4c 01 66 00 00 05 a1 00 00 a6 48 00 4a 00 42 f7 c3 00 06 ff fd ff 7e ff d3 00 16 00 29 1c 9c 00 01 80 20 00 00 15 3c 43 7b df f0 00 00 14 08
1442,69216,WL,flash_sample,48,42.588,1,102,0,1,1,0,0,1,1,0,1442,42588,0.036112,0.032208,-1.029192,0.062502,-0.031251,-1.35421,-3.15,1.54,2.87,53.609375,98336,54.36,251.874755859,5.128,57 4c 01 66 00 00 05 a2 00 00 a6 5c 00 4a 00 42 f7 c3 00 06 ff fd ff 7e ff d3 00 16 00 29 1c 9c 00 01 80 20 00 00 15 3c 43 7b df f0 00 00 14 08
1443,69264,WL,flash_sample,48,42.608,1,102,0,1,1,0,0,1,1,0,1443,42608,0.036112,0.032208,-1.029192,0.062502,-0.031251,-1.35421,-3.15,1.54,2.87,53.609375,98336,54.36,251.874755859,5.128,57 4c 01 66 00 00 05 a3 00 00 a6 70 00 4a 00 42 f7 c3 00 06 ff fd ff 7e ff d3 00 16 00 29 1c 9c 00 01 80 20 00 00 15 3c 43 7b df f0 00 00 14 08
1444,69312,WL,flash_sample,48,42.628,1,102,0,1,1,0,0,1,1,0,1444,42628,0.036112,0.032208,-1.029192,0.062502,-0.031251,-1.35421,-3.15,1.54,2.87,53.609375,98336,54.36,251.874755859,5.128,57 4c 01 66 00 00 05 a4 00 00 a6 84 00 4a 00 42 f7 c3 00 06 ff fd ff 7e ff d3 00 16 00 29 1c 9c 00 01 80 20 00 00 15 3c 43 7b df f0 00 00 14 08
1445,69360,WL,flash_sample,48,42.649,1,110,0,1,1,1,0,1,1,0,1445,42649,0.034648,0.031232,-1.027728,0.041668,-0.020834,-1.333376,-0.21,0.07,-0.35,53.609375,98336,54.36,251.874755859,5.128,57 4c 01 6e 00 00 05 a5 00 00 a6 99 00 47 00 40 f7 c6 00 04 ff fe ff 80 ff fd 00 01 ff fb 1c 9c 00 01 80 20 00 00 15 3c 43 7b df f0 00 00 14 08
1446,69408,WL,flash_sample,48,42.668,1,110,0,1,1,1,0,1,1,0,1446,42668,0.034648,0.031232,-1.027728,0.041668,-0.020834,-1.333376,-0.21,0.07,-0.35,53.609375,98336,54.36,251.874755859,5.128,57 4c 01 6e 00 00 05 a6 00 00 a6 ac 00 47 00 40 f7 c6 00 04 ff fe ff 80 ff fd 00 01 ff fb 1c 9c 00 01 80 20 00 00 15 3c 43 7b df f0 00 00 14 08
1447,69456,WL,flash_sample,48,42.688,1,110,0,1,1,1,0,1,1,0,1447,42688,0.034648,0.031232,-1.027728,0.041668,-0.020834,-1.333376,-0.21,0.07,-0.35,53.609375,98336,54.36,251.874755859,5.128,57 4c 01 6e 00 00 05 a7 00 00 a6 c0 00 47 00 40 f7 c6 00 04 ff fe ff 80 ff fd 00 01 ff fb 1c 9c 00 01 80 20 00 00 15 3c 43 7b df f0 00 00 14 08
1448,69504,WL,flash_sample,48,42.708,1,110,0,1,1,1,0,1,1,0,1448,42708,0.034648,0.031232,-1.027728,0.041668,-0.020834,-1.333376,-0.21,0.07,-0.35,53.609375,98336,54.36,251.874755859,5.128,57 4c 01 6e 00 00 05 a8 00 00 a6 d4 00 47 00 40 f7 c6 00 04 ff fe ff 80 ff fd 00 01 ff fb 1c 9c 00 01 80 20 00 00 15 3c 43 7b df f0 00 00 14 08
1449,69552,WL,flash_sample,48,42.728,1,110,0,1,1,1,0,1,1,0,1449,42728,0.034648,0.031232,-1.027728,0.041668,-0.020834,-1.333376,-0.21,0.07,-0.35,53.609375,98336,54.36,251.874755859,5.128,57 4c 01 6e 00 00 05 a9 00 00 a6 e8 00 47 00 40 f7 c6 00 04 ff fe ff 80 ff fd 00 01 ff fb 1c 9c 00 01 80 20 00 00 15 3c 43 7b df f0 00 00 14 08
1450,69600,WL,flash_sample,48,42.748,1,110,0,1,1,1,0,1,1,0,1450,42748,0.034648,0.031232,-1.027728,0.041668,-0.020834,-1.333376,-0.21,0.07,-0.35,53.609375,98336,54.36,251.874755859,5.128,57 4c 01 6e 00 00 05 aa 00 00 a6 fc 00 47 00 40 f7 c6 00 04 ff fe ff 80 ff fd 00 01 ff fb 1c 9c 00 01 80 20 00 00 15 3c 43 7b df f0 00 00 14 08
1451,69648,WL,flash_sample,48,42.768,1,110,0,1,1,1,0,1,1,0,1451,42768,0.034648,0.031232,-1.027728,0.041668,-0.020834,-1.333376,-0.21,0.07,-0.35,53.609375,98336,54.36,251.874755859,5.128,57 4c 01 6e 00 00 05 ab 00 00 a7 10 00 47 00 40 f7 c6 00 04 ff fe ff 80 ff fd 00 01 ff fb 1c 9c 00 01 80 20 00 00 15 3c 43 7b df f0 00 00 14 08
1452,69696,WL,flash_sample,48,42.788,1,110,0,1,1,1,0,1,1,0,1452,42788,0.035624,0.032208,-1.028216,0.062502,0.031251,-1.364627,-0.21,0.07,-0.35,53.640625,98388,54.39,247.43838501,5.128,57 4c 01 6e 00 00 05 ac 00 00 a7 24 00 49 00 42 f7 c5 00 06 00 03 ff 7d ff fd 00 01 ff fb 1c a4 00 01 80 54 00 00 15 3f 43 77 70 3a 00 00 14 08
1453,69744,WL,flash_sample,48,42.808,1,110,0,1,1,1,0,1,1,0,1453,42808,0.035624,0.032208,-1.028216,0.062502,0.031251,-1.364627,-0.21,0.07,-0.35,53.640625,98388,54.39,247.43838501,5.128,57 4c 01 6e 00 00 05 ad 00 00 a7 38 00 49 00 42 f7 c5 00 06 00 03 ff 7d ff fd 00 01 ff fb 1c a4 00 01 80 54 00 00 15 3f 43 77 70 3a 00 00 14 08
1454,69792,WL,flash_sample,48,42.829,1,110,0,1,1,1,0,1,1,0,1454,42829,0.035624,0.03172,-1.028216,0.010417,-0.031251,-1.35421,-0.21,0.07,-0.35,53.6328125,98388,54.39,247.43838501,5.128,57 4c 01 6e 00 00 05 ae 00 00 a7 4d 00 49 00 41 f7 c5 00 01 ff fd ff 7e ff fd 00 01 ff fb 1c a2 00 01 80 54 00 00 15 3f 43 77 70 3a 00 00 14 08
1455,69840,WL,flash_sample,48,42.848,1,110,0,1,1,1,0,1,1,0,1455,42848,0.035624,0.03172,-1.028216,0.010417,-0.031251,-1.35421,-0.21,0.07,-0.35,53.6328125,98388,54.39,247.43838501,5.128,57 4c 01 6e 00 00 05 af 00 00 a7 60 00 49 00 41 f7 c5 00 01 ff fd ff 7e ff fd 00 01 ff fb 1c a2 00 01 80 54 00 00 15 3f 43 77 70 3a 00 00 14 08
1456,69888,WL,flash_sample,48,42.868,1,110,0,1,1,1,0,1,1,0,1456,42868,0.035624,0.03172,-1.028216,0.010417,-0.031251,-1.35421,-0.21,0.07,-0.35,53.6328125,98388,54.39,247.43838501,5.128,57 4c 01 6e 00 00 05 b0 00 00 a7 74 00 49 00 41 f7 c5 00 01 ff fd ff 7e ff fd 00 01 ff fb 1c a2 00 01 80 54 00 00 15 3f 43 77 70 3a 00 00 14 08
1457,69936,WL,flash_sample,48,42.888,1,110,0,1,1,1,0,1,1,0,1457,42888,0.035624,0.03172,-1.028216,0.010417,-0.031251,-1.35421,-0.21,0.07,-0.35,53.6328125,98388,54.39,247.43838501,5.128,57 4c 01 6e 00 00 05 b1 00 00 a7 88 00 49 00 41 f7 c5 00 01 ff fd ff 7e ff fd 00 01 ff fb 1c a2 00 01 80 54 00 00 15 3f 43 77 70 3a 00 00 14 08
1458,69984,WL,flash_sample,48,42.913,1,64,0,0,0,0,0,0,1,0,1458,42913,0.034648,0.030744,-1.028216,0.020834,-0.010417,-1.333376,-0.21,-0.42,0.07,53.609375,98346,53.84,251.02130127,5.132,57 4c 01 40 00 00 05 b2 00 00 a7 a1 00 47 00 3f f7 c5 00 02 ff ff ff 80 ff fd ff fa 00 01 1c 9c 00 01 80 2a 00 00 15 08 43 7b 05 74 00 00 14 0c
1459,70032,WL,flash_sample,48,42.928,1,102,0,1,1,0,0,1,1,0,1459,42928,0.035136,0.031232,-1.028216,0.031251,-0.031251,-1.333376,-1.19,-0.49,2.03,53.59375,98316,53.7,253.579025269,5.144,57 4c 01 66 00 00 05 b3 00 00 a7 b0 00 48 00 40 f7 c5 00 03 ff fd ff 80 ff ef ff f9 00 1d 1c 98 00 01 80 0c 00 00 14 fa 43 7d 94 3b 00 00 14 18
1460,70080,WL,flash_sample,48,42.948,1,102,0,1,1,0,0,1,1,0,1460,42948,0.035624,0.031232,-1.029192,0.031251,-0.031251,-1.312542,-2.17,0.14,3.01,53.625,98322,53.78,253.069061279,5.144,57 4c 01 66 00 00 05 b4 00 00 a7 c4 00 49 00 40 f7 c3 00 03 ff fd ff 82 ff e1 00 02 00 2b 1c a0 00 01 80 12 00 00 15 02 43 7d 11 ae 00 00 14 18
1461,70128,WL,flash_sample,48,42.968,1,110,0,1,1,1,0,1,1,0,1461,42968,0.035136,0.032208,-1.029192,0.041668,0.0,-1.343793,-3.22,1.54,2.8,53.6015625,98323,53.85,252.981872559,5.144,57 4c 01 6e 00 00 05 b5 00 00 a7 d8 00 48 00 42 f7 c3 00 04 00 00 ff 7f ff d2 00 16 00 28 1c 9a 00 01 80 13 00 00 15 09 43 7c fb 5c 00 00 14 18
1462,70176,WL,flash_sample,48,42.988,1,110,0,1,1,1,0,1,1,0,1462,42988,0.035624,0.03172,-1.02968,0.031251,0.0,-1.312542,-3.15,1.47,2.87,53.6171875,98325,53.91,252.812774658,5.144,57 4c 01 6e 00 00 05 b6 00 00 a7 ec 00 49 00 41 f7 c2 00 03 00 00 ff 82 ff d3 00 15 00 29 1c 9e 00 01 80 15 00 00 15 0f 43 7c d0 12 00 00 14 18
1463,70224,WL,flash_sample,48,43.009,1,110,0,1,1,1,0,1,1,0,1463,43009,0.035624,0.031232,-1.028704,0.031251,-0.031251,-1.364627,-3.15,1.54,2.8,53.640625,98328,53.97,252.556472778,5.144,57 4c 01 6e 00 00 05 b7 00 00 a8 01 00 49 00 40 f7 c4 00 03 ff fd ff 7d ff d3 00 16 00 28 1c a4 00 01 80 18 00 00 15 15 43 7c 8e 75 00 00 14 18
1464,70272,WL,flash_sample,48,43.028,1,102,0,1,1,0,0,1,1,0,1464,43028,0.035624,0.031232,-1.02968,0.052085,-0.020834,-1.322959,-3.15,1.54,2.8,53.66796875,98325,54.03,252.812774658,5.144,57 4c 01 66 00 00 05 b8 00 00 a8 14 00 49 00 40 f7 c2 00 05 ff fe ff 81 ff d3 00 16 00 28 1c ab 00 01 80 15 00 00 15 1b 43 7c d0 12 00 00 14 18
1465,70320,WL,flash_sample,48,43.048,1,102,0,1,1,0,0,1,1,0,1465,43048,0.035624,0.03172,-1.029192,0.020834,0.020834,-1.302125,-3.08,1.47,2.87,53.6328125,98329,54.08,252.471908569,5.144,57 4c 01 66 00 00 05 b9 00 00 a8 28 00 49 00 41 f7 c3 00 02 00 02 ff 83 ff d4 00 15 00 29 1c a2 00 01 80 19 00 00 15 20 43 7c 78 cf 00 00 14 18
1466,70368,WL,flash_sample,48,43.068,1,110,0,1,1,1,0,1,1,0,1466,43068,0.036112,0.03172,-1.02968,0.031251,0.0,-1.333376,-3.15,1.47,2.87,53.6484375,98329,54.13,252.471908569,5.144,57 4c 01 6e 00 00 05 ba 00 00 a8 3c 00 4a 00 41 f7 c2 00 03 00 00 ff 80 ff d3 00 15 00 29 1c a6 00 01 80 19 00 00 15 25 43 7c 78 cf 00 00 14 18
1467,70416,WL,flash_sample,48,43.088,1,102,0,1,1,0,0,1,1,0,1467,43088,0.035136,0.031232,-1.029192,0.031251,-0.010417,-1.333376,-3.15,1.33,3.22,53.6484375,98329,54.13,252.471908569,5.144,57 4c 01 66 00 00 05 bb 00 00 a8 50 00 48 00 40 f7 c3 00 03 ff ff ff 80 ff d3 00 13 00 2e 1c a6 00 01 80 19 00 00 15 25 43 7c 78 cf 00 00 14 18
1468,70464,WL,flash_sample,48,43.108,1,102,0,1,1,0,0,1,1,0,1468,43108,0.035136,0.031232,-1.029192,0.031251,-0.010417,-1.333376,-3.15,1.33,3.22,53.6484375,98329,54.13,252.471908569,5.144,57 4c 01 66 00 00 05 bc 00 00 a8 64 00 48 00 40 f7 c3 00 03 ff ff ff 80 ff d3 00 13 00 2e 1c a6 00 01 80 19 00 00 15 25 43 7c 78 cf 00 00 14 18
1469,70512,WL,flash_sample,48,43.128,1,102,0,1,1,0,0,1,1,0,1469,43128,0.035136,0.031232,-1.029192,0.031251,-0.010417,-1.333376,-3.15,1.33,3.22,53.6484375,98329,54.13,252.471908569,5.144,57 4c 01 66 00 00 05 bd 00 00 a8 78 00 48 00 40 f7 c3 00 03 ff ff ff 80 ff d3 00 13 00 2e 1c a6 00 01 80 19 00 00 15 25 43 7c 78 cf 00 00 14 18
1470,70560,WL,flash_sample,48,43.148,1,102,0,1,1,0,0,1,1,0,1470,43148,0.035136,0.031232,-1.029192,0.031251,-0.010417,-1.333376,-3.15,1.33,3.22,53.6484375,98329,54.13,252.471908569,5.144,57 4c 01 66 00 00 05 be 00 00 a8 8c 00 48 00 40 f7 c3 00 03 ff ff ff 80 ff d3 00 13 00 2e 1c a6 00 01 80 19 00 00 15 25 43 7c 78 cf 00 00 14 18
1471,70608,WL,flash_sample,48,43.168,1,102,0,1,1,0,0,1,1,0,1471,43168,0.035624,0.03172,-1.027728,0.010417,-0.010417,-1.333376,-0.42,-1.05,1.19,53.6171875,98333,54.17,252.131057739,5.128,57 4c 01 66 00 00 05 bf 00 00 a8 a0 00 49 00 41 f7 c6 00 01 ff ff ff 80 ff fa ff f1 00 11 1c 9e 00 01 80 1d 00 00 15 29 43 7c 21 8d 00 00 14 08
1472,70656,WL,flash_sample,48,43.188,1,110,0,1,1,1,0,1,1,0,1472,43188,0.035136,0.032208,-1.028704,0.052085,0.020834,-1.343793,-2.1,0.07,2.94,53.640625,98328,54.0,252.556472778,5.128,57 4c 01 6e 00 00 05 c0 00 00 a8 b4 00 48 00 42 f7 c4 00 05 00 02 ff 7f ff e2 00 01 00 2a 1c a4 00 01 80 18 00 00 15 18 43 7c 8e 75 00 00 14 08
1473,70704,WL,flash_sample,48,43.208,1,110,0,1,1,1,0,1,1,0,1473,43208,0.035624,0.030744,-1.028704,0.020834,0.0,-1.35421,-3.01,1.19,3.08,53.6484375,98331,54.06,252.300170898,5.128,57 4c 01 6e 00 00 05 c1 00 00 a8 c8 00 49 00 3f f7 c4 00 02 00 00 ff 7e ff d5 00 11 00 2c 1c a6 00 01 80 1b 00 00 15 1e 43 7c 4c d8 00 00 14 08
1474,70752,WL,flash_sample,48,43.228,1,110,0,1,1,1,0,1,1,0,1474,43228,0.035136,0.032208,-1.029192,0.062502,-0.052085,-1.322959,-3.15,1.47,2.87,53.640625,98331,54.11,252.300170898,5.124,57 4c 01 6e 00 00 05 c2 00 00 a8 dc 00 48 00 42 f7 c3 00 06 ff fb ff 81 ff d3 00 15 00 29 1c a4 00 01 80 1b 00 00 15 23 43 7c 4c d8 00 00 14 04
1475,70800,WL,flash_sample,48,43.248,1,111,1,1,1,1,0,1,1,0,1475,43248,0.036112,0.03172,-1.029192,0.062502,-0.010417,-1.322959,-3.08,1.54,2.8,53.6484375,98335,54.15,251.959320068,5.124,57 4c 01 6f 00 00 05 c3 00 00 a8 f0 00 4a 00 41 f7 c3 00 06 ff ff ff 81 ff d4 00 16 00 28 1c a6 00 01 80 1f 00 00 15 27 43 7b f5 96 00 00 14 04
1476,70848,WL,flash_sample,48,43.268,1,103,1,1,1,0,0,1,1,0,1476,43268,0.035136,0.03172,-1.028704,0.062502,0.0,-1.312542,-3.15,1.54,2.8,53.6484375,98332,54.2,252.215606689,5.124,57 4c 01 67 00 00 05 c4 00 00 a9 04 00 48 00 41 f7 c4 00 06 00 00 ff 82 ff d3 00 16 00 28 1c a6 00 01 80 1c 00 00 15 2c 43 7c 37 32 00 00 14 04
1477,70896,WL,flash_sample,48,43.288,1,103,1,1,1,0,0,1,1,0,1477,43288,0.035136,0.03172,-1.029192,0.072919,-0.010417,-1.35421,-3.15,1.47,2.87,53.7109375,98334,54.24,252.043869019,5.124,57 4c 01 67 00 00 05 c5 00 00 a9 18 00 48 00 41 f7 c3 00 07 ff ff ff 7e ff d3 00 15 00 29 1c b6 00 01 80 1e 00 00 15 30 43 7c 0b 3b 00 00 14 04
1478,70944,WL,flash_sample,48,43.308,1,111,1,1,1,1,0,1,1,0,1478,43308,0.035624,0.03172,-1.028704,0.062502,0.0,-1.322959,-3.15,1.47,2.87,53.6875,98334,54.28,252.043869019,5.124,57 4c 01 6f 00 00 05 c6 00 00 a9 2c 00 49 00 41 f7 c4 00 06 00 00 ff 81 ff d3 00 15 00 29 1c b0 00 01 80 1e 00 00 15 34 43 7c 0b 3b 00 00 14 04
1479,70992,WL,flash_sample,48,43.328,1,111,1,1,1,1,0,1,1,0,1479,43328,0.035624,0.03172,-1.02968,0.062502,0.0,-1.375044,-3.22,1.54,2.87,53.62890625,98336,54.32,251.874755859,5.136,57 4c 01 6f 00 00 05 c7 00 00 a9 40 00 49 00 41 f7 c2 00 06 00 00 ff 7c ff d2 00 16 00 29 1c a1 00 01 80 20 00 00 15 38 43 7b df f0 00 00 14 10
1480,71040,WL,flash_sample,48,43.348,1,111,1,1,1,1,0,1,1,0,1480,43348,0.035624,0.03172,-1.02968,0.062502,0.0,-1.375044,-3.22,1.54,2.87,53.62890625,98336,54.32,251.874755859,5.136,57 4c 01 6f 00 00 05 c8 00 00 a9 54 00 49 00 41 f7 c2 00 06 00 00 ff 7c ff d2 00 16 00 29 1c a1 00 01 80 20 00 00 15 38 43 7b df f0 00 00 14 10
1481,71088,WL,flash_sample,48,43.368,1,111,1,1,1,1,0,1,1,0,1481,43368,0.035624,0.03172,-1.02968,0.062502,0.0,-1.375044,-3.22,1.54,2.87,53.62890625,98336,54.32,251.874755859,5.136,57 4c 01 6f 00 00 05 c9 00 00 a9 68 00 49 00 41 f7 c2 00 06 00 00 ff 7c ff d2 00 16 00 29 1c a1 00 01 80 20 00 00 15 38 43 7b df f0 00 00 14 10
1482,71136,WL,flash_sample,48,43.388,1,111,1,1,1,1,0,1,1,0,1482,43388,0.035624,0.03172,-1.02968,0.062502,0.0,-1.375044,-3.22,1.54,2.87,53.62890625,98336,54.32,251.874755859,5.136,57 4c 01 6f 00 00 05 ca 00 00 a9 7c 00 49 00 41 f7 c2 00 06 00 00 ff 7c ff d2 00 16 00 29 1c a1 00 01 80 20 00 00 15 38 43 7b df f0 00 00 14 10
1483,71184,WL,flash_sample,48,43.41,1,65,1,0,0,0,0,0,1,0,1483,43410,0.036112,0.031232,-1.027728,0.020834,0.0,-1.333376,-0.28,0.07,-0.35,53.6640625,98342,54.35,251.3621521,5.136,57 4c 01 41 00 00 05 cb 00 00 a9 92 00 4a 00 40 f7 c6 00 02 00 00 ff 80 ff fc 00 01 ff fb 1c aa 00 01 80 26 00 00 15 3b 43 7b 5c b6 00 00 14 10
1484,71232,WL,flash_sample,48,43.428,1,111,1,1,1,1,0,1,1,0,1484,43428,0.036112,0.03172,-1.028216,0.031251,-0.031251,-1.302125,-1.4,-0.42,2.24,53.6953125,98332,54.13,252.215606689,5.128,57 4c 01 6f 00 00 05 cc 00 00 a9 a4 00 4a 00 41 f7 c5 00 03 ff fd ff 83 ff ec ff fa 00 20 1c b2 00 01 80 1c 00 00 15 25 43 7c 37 32 00 00 14 08
1485,71280,WL,flash_sample,48,43.448,1,111,1,1,1,1,0,1,1,0,1485,43448,0.034648,0.032208,-1.028704,0.010417,-0.010417,-1.35421,-2.45,0.35,3.22,53.6796875,98336,54.18,251.874755859,5.128,57 4c 01 6f 00 00 05 cd 00 00 a9 b8 00 47 00 42 f7 c4 00 01 ff ff ff 7e ff dd 00 05 00 2e 1c ae 00 01 80 20 00 00 15 2a 43 7b df f0 00 00 14 08
1486,71328,WL,flash_sample,48,43.468,1,111,1,1,1,1,0,1,1,0,1486,43468,0.035136,0.03172,-1.028704,0.020834,0.0,-1.35421,-3.15,1.47,2.87,53.703125,98334,54.23,252.043869019,5.128,57 4c 01 6f 00 00 05 ce 00 00 a9 cc 00 48 00 41 f7 c4 00 02 00 00 ff 7e ff d3 00 15 00 29 1c b4 00 01 80 1e 00 00 15 2f 43 7c 0b 3b 00 00 14 08
1487,71376,WL,flash_sample,48,43.488,1,103,1,1,1,0,0,1,1,0,1487,43488,0.035624,0.03172,-1.029192,0.031251,-0.020834,-1.35421,-3.15,1.54,2.87,53.69140625,98333,54.27,252.131057739,5.128,57 4c 01 67 00 00 05 cf 00 00 a9 e0 00 49 00 41 f7 c3 00 03 ff fe ff 7e ff d3 00 16 00 29 1c b1 00 01 80 1d 00 00 15 33 43 7c 21 8d 00 00 14 08
1488,71424,WL,flash_sample,48,43.509,1,103,1,1,1,0,0,1,1,0,1488,43509,0.035136,0.032208,-1.02968,0.031251,-0.010417,-1.333376,-3.15,1.54,2.8,53.6796875,98335,54.3,251.959320068,5.128,57 4c 01 67 00 00 05 d0 00 00 a9 f5 00 48 00 42 f7 c2 00 03 ff ff ff 80 ff d3 00 16 00 28 1c ae 00 01 80 1f 00 00 15 36 43 7b f5 96 00 00 14 08
1489,71472,WL,flash_sample,48,43.528,1,103,1,1,1,0,0,1,1,0,1489,43528,0.035624,0.03172,-1.028704,0.020834,0.010417,-1.333376,-3.15,1.47,2.94,53.75390625,98339,54.34,251.618453979,5.124,57 4c 01 67 00 00 05 d1 00 00 aa 08 00 49 00 41 f7 c4 00 02 00 01 ff 80 ff d3 00 15 00 2a 1c c1 00 01 80 23 00 00 15 3a 43 7b 9e 53 00 00 14 04
1490,71520,WL,flash_sample,48,43.548,1,111,1,1,1,1,0,1,1,0,1490,43548,0.035136,0.031232,-1.028216,0.031251,0.0,-1.364627,-3.22,1.54,2.87,53.6875,98334,54.37,252.043869019,5.124,57 4c 01 6f 00 00 05 d2 00 00 aa 1c 00 48 00 40 f7 c5 00 03 00 00 ff 7d ff d2 00 16 00 29 1c b0 00 01 80 1e 00 00 15 3d 43 7c 0b 3b 00 00 14 04
1491,71568,WL,flash_sample,48,43.568,1,111,1,1,1,1,0,1,1,0,1491,43568,0.035136,0.031232,-1.028704,0.031251,-0.031251,-1.343793,-3.15,1.47,2.87,53.72265625,98335,54.4,251.959320068,5.124,57 4c 01 6f 00 00 05 d3 00 00 aa 30 00 48 00 40 f7 c4 00 03 ff fd ff 7f ff d3 00 15 00 29 1c b9 00 01 80 1f 00 00 15 40 43 7b f5 96 00 00 14 04
1492,71616,WL,flash_sample,48,43.588,1,103,1,1,1,0,0,1,1,0,1492,43588,0.035624,0.03172,-1.030168,0.062502,0.0,-1.35421,-3.15,1.54,2.87,53.72265625,98335,54.4,251.959320068,5.124,57 4c 01 67 00 00 05 d4 00 00 aa 44 00 49 00 41 f7 c1 00 06 00 00 ff 7e ff d3 00 16 00 29 1c b9 00 01 80 1f 00 00 15 40 43 7b f5 96 00 00 14 04
1493,71664,WL,flash_sample,48,43.608,1,103,1,1,1,0,0,1,1,0,1493,43608,0.035624,0.03172,-1.030168,0.062502,0.0,-1.35421,-3.15,1.54,2.87,53.72265625,98335,54.4,251.959320068,5.124,57 4c 01 67 00 00 05 d5 00 00 aa 58 00 49 00 41 f7 c1 00 06 00 00 ff 7e ff d3 00 16 00 29 1c b9 00 01 80 1f 00 00 15 40 43 7b f5 96 00 00 14 04
1494,71712,WL,flash_sample,48,43.628,1,103,1,1,1,0,0,1,1,0,1494,43628,0.035624,0.03172,-1.030168,0.062502,0.0,-1.35421,-3.15,1.54,2.87,53.72265625,98335,54.4,251.959320068,5.124,57 4c 01 67 00 00 05 d6 00 00 aa 6c 00 49 00 41 f7 c1 00 06 00 00 ff 7e ff d3 00 16 00 29 1c b9 00 01 80 1f 00 00 15 40 43 7b f5 96 00 00 14 04
1495,71760,WL,flash_sample,48,43.648,1,103,1,1,1,0,0,1,1,0,1495,43648,0.035624,0.03172,-1.030168,0.062502,0.0,-1.35421,-3.15,1.54,2.87,53.72265625,98335,54.4,251.959320068,5.124,57 4c 01 67 00 00 05 d7 00 00 aa 80 00 49 00 41 f7 c1 00 06 00 00 ff 7e ff d3 00 16 00 29 1c b9 00 01 80 1f 00 00 15 40 43 7b f5 96 00 00 14 04
1496,71808,WL,flash_sample,48,43.668,1,111,1,1,1,1,0,1,1,0,1496,43668,0.036112,0.03172,-1.027728,0.031251,-0.010417,-1.35421,-0.21,-0.7,0.42,53.66015625,98344,54.43,251.193054199,5.124,57 4c 01 6f 00 00 05 d8 00 00 aa 94 00 4a 00 41 f7 c6 00 03 ff ff ff 7e ff fd ff f6 00 06 1c a9 00 01 80 28 00 00 15 43 43 7b 31 6c 00 00 14 04
1497,71856,WL,flash_sample,48,43.688,1,111,1,1,1,1,0,1,1,0,1497,43688,0.036112,0.03172,-1.027728,0.031251,-0.010417,-1.35421,-0.21,-0.7,0.42,53.66015625,98344,54.43,251.193054199,5.124,57 4c 01 6f 00 00 05 d9 00 00 aa a8 00 4a 00 41 f7 c6 00 03 ff ff ff 7e ff fd ff f6 00 06 1c a9 00 01 80 28 00 00 15 43 43 7b 31 6c 00 00 14 04
1498,71904,WL,flash_sample,48,43.708,1,111,1,1,1,1,0,1,1,0,1498,43708,0.036112,0.03172,-1.027728,0.031251,-0.010417,-1.35421,-0.21,-0.7,0.42,53.66015625,98344,54.43,251.193054199,5.124,57 4c 01 6f 00 00 05 da 00 00 aa bc 00 4a 00 41 f7 c6 00 03 ff ff ff 7e ff fd ff f6 00 06 1c a9 00 01 80 28 00 00 15 43 43 7b 31 6c 00 00 14 04
1499,71952,WL,flash_sample,48,43.728,1,111,1,1,1,1,0,1,1,0,1499,43728,0.036112,0.03172,-1.027728,0.031251,-0.010417,-1.35421,-0.21,-0.7,0.42,53.66015625,98344,54.43,251.193054199,5.124,57 4c 01 6f 00 00 05 db 00 00 aa d0 00 4a 00 41 f7 c6 00 03 ff ff ff 7e ff fd ff f6 00 06 1c a9 00 01 80 28 00 00 15 43 43 7b 31 6c 00 00 14 04
1500,72000,WL,flash_sample,48,43.748,1,111,1,1,1,1,0,1,1,0,1500,43748,0.036112,0.03172,-1.027728,0.031251,-0.010417,-1.35421,-0.21,-0.7,0.42,53.66015625,98344,54.43,251.193054199,5.124,57 4c 01 6f 00 00 05 dc 00 00 aa e4 00 4a 00 41 f7 c6 00 03 ff ff ff 7e ff fd ff f6 00 06 1c a9 00 01 80 28 00 00 15 43 43 7b 31 6c 00 00 14 04
1501,72048,WL,flash_sample,48,43.768,1,111,1,1,1,1,0,1,1,0,1501,43768,0.036112,0.03172,-1.027728,0.031251,-0.010417,-1.35421,-0.21,-0.7,0.42,53.66015625,98344,54.43,251.193054199,5.124,57 4c 01 6f 00 00 05 dd 00 00 aa f8 00 4a 00 41 f7 c6 00 03 ff ff ff 7e ff fd ff f6 00 06 1c a9 00 01 80 28 00 00 15 43 43 7b 31 6c 00 00 14 04
1502,72096,WL,flash_sample,48,43.789,1,111,1,1,1,1,0,1,1,0,1502,43789,0.036112,0.03172,-1.02724,0.041668,0.0,-1.35421,-0.21,0.07,-0.35,53.6484375,98344,54.43,251.193054199,5.124,57 4c 01 6f 00 00 05 de 00 00 ab 0d 00 4a 00 41 f7 c7 00 04 00 00 ff 7e ff fd 00 01 ff fb 1c a6 00 01 80 28 00 00 15 43 43 7b 31 6c 00 00 14 04
1503,72144,WL,flash_sample,48,43.808,1,111,1,1,1,1,0,1,1,0,1503,43808,0.036112,0.03172,-1.02724,0.041668,0.0,-1.35421,-0.21,0.07,-0.35,53.6484375,98344,54.43,251.193054199,5.124,57 4c 01 6f 00 00 05 df 00 00 ab 20 00 4a 00 41 f7 c7 00 04 00 00 ff 7e ff fd 00 01 ff fb 1c a6 00 01 80 28 00 00 15 43 43 7b 31 6c 00 00 14 04
1504,72192,WL,flash_sample,48,43.828,1,111,1,1,1,1,0,1,1,0,1504,43828,0.036112,0.03172,-1.02724,0.041668,0.0,-1.35421,-0.21,0.07,-0.35,53.6484375,98344,54.43,251.193054199,5.124,57 4c 01 6f 00 00 05 e0 00 00 ab 34 00 4a 00 41 f7 c7 00 04 00 00 ff 7e ff fd 00 01 ff fb 1c a6 00 01 80 28 00 00 15 43 43 7b 31 6c 00 00 14 04
1505,72240,WL,flash_sample,48,43.848,1,111,1,1,1,1,0,1,1,0,1505,43848,0.035136,0.03172,-1.028216,0.020834,-0.031251,-1.35421,-0.21,0.0,-0.28,53.703125,98395,54.2,246.8412323,5.124,57 4c 01 6f 00 00 05 e1 00 00 ab 48 00 48 00 41 f7 c5 00 02 ff fd ff 7e ff fd 00 00 ff fc 1c b4 00 01 80 5b 00 00 15 2c 43 76 d7 5b 00 00 14 04
1506,72288,WL,flash_sample,48,43.868,1,111,1,1,1,1,0,1,1,0,1506,43868,0.035136,0.03172,-1.028216,0.020834,-0.031251,-1.35421,-0.21,0.0,-0.28,53.703125,98395,54.2,246.8412323,5.124,57 4c 01 6f 00 00 05 e2 00 00 ab 5c 00 48 00 41 f7 c5 00 02 ff fd ff 7e ff fd 00 00 ff fc 1c b4 00 01 80 5b 00 00 15 2c 43 76 d7 5b 00 00 14 04
1507,72336,WL,flash_sample,48,43.888,1,111,1,1,1,1,0,1,1,0,1507,43888,0.035136,0.03172,-1.028216,0.020834,-0.031251,-1.35421,-0.21,0.0,-0.28,53.703125,98395,54.2,246.8412323,5.124,57 4c 01 6f 00 00 05 e3 00 00 ab 70 00 48 00 41 f7 c5 00 02 ff fd ff 7e ff fd 00 00 ff fc 1c b4 00 01 80 5b 00 00 15 2c 43 76 d7 5b 00 00 14 04
1508,72384,WL,flash_sample,48,43.908,1,111,1,1,1,1,0,1,1,0,1508,43908,0.035136,0.03172,-1.028216,0.020834,-0.031251,-1.35421,-0.21,0.0,-0.28,53.703125,98395,54.2,246.8412323,5.124,57 4c 01 6f 00 00 05 e4 00 00 ab 84 00 48 00 41 f7 c5 00 02 ff fd ff 7e ff fd 00 00 ff fc 1c b4 00 01 80 5b 00 00 15 2c 43 76 d7 5b 00 00 14 04
1509,72432,WL,flash_sample,48,43.928,1,97,1,0,0,0,0,1,1,0,1509,43928,0.035624,0.03172,-1.026264,0.083336,0.020834,-1.322959,-0.49,-1.05,1.19,53.66796875,98339,53.87,251.618453979,5.156,57 4c 01 61 00 00 05 e5 00 00 ab 98 00 49 00 41 f7 c9 00 08 00 02 ff 81 ff f9 ff f1 00 11 1c ab 00 01 80 23 00 00 15 0b 43 7b 9e 53 00 00 14 24
1510,72480,WL,flash_sample,48,43.948,1,111,1,1,1,1,0,1,1,0,1510,43948,0.035624,0.03172,-1.028704,0.010417,0.020834,-1.333376,-2.1,0.07,2.94,53.6953125,98323,53.82,252.981872559,5.156,57 4c 01 6f 00 00 05 e6 00 00 ab ac 00 49 00 41 f7 c4 00 01 00 02 ff 80 ff e2 00 01 00 2a 1c b2 00 01 80 13 00 00 15 06 43 7c fb 5c 00 00 14 24
1511,72528,WL,flash_sample,48,43.968,1,103,1,1,1,0,0,1,1,0,1511,43968,0.035136,0.031232,-1.029192,0.041668,0.010417,-1.333376,-3.08,1.26,3.08,53.69140625,98323,53.89,252.981872559,5.156,57 4c 01 67 00 00 05 e7 00 00 ab c0 00 48 00 40 f7 c3 00 04 00 01 ff 80 ff d4 00 12 00 2c 1c b1 00 01 80 13 00 00 15 0d 43 7c fb 5c 00 00 14 24
1512,72576,WL,flash_sample,48,43.988,1,103,1,1,1,0,0,1,1,0,1512,43988,0.036112,0.03172,-1.028216,0.020834,0.0,-1.322959,-3.15,1.54,2.8,53.7265625,98326,53.95,252.728210449,5.156,57 4c 01 67 00 00 05 e8 00 00 ab d4 00 4a 00 41 f7 c5 00 02 00 00 ff 81 ff d3 00 16 00 28 1c ba 00 01 80 16 00 00 15 13 43 7c ba 6c 00 00 14 24
1513,72624,WL,flash_sample,48,44.008,1,111,1,1,1,1,0,1,1,0,1513,44008,0.036112,0.031232,-1.029192,0.0,-0.020834,-1.333376,-3.15,1.47,2.87,53.6640625,98322,54.01,253.069061279,5.156,57 4c 01 6f 00 00 05 e9 00 00 ab e8 00 4a 00 40 f7 c3 00 00 ff fe ff 80 ff d3 00 15 00 29 1c aa 00 01 80 12 00 00 15 19 43 7d 11 ae 00 00 14 24
1514,72672,WL,flash_sample,48,44.028,1,111,1,1,1,1,0,1,1,0,1514,44028,0.035136,0.03172,-1.029192,0.062502,0.0,-1.322959,-3.22,1.54,2.87,53.703125,98325,54.07,252.812774658,5.124,57 4c 01 6f 00 00 05 ea 00 00 ab fc 00 48 00 41 f7 c3 00 06 00 00 ff 81 ff d2 00 16 00 29 1c b4 00 01 80 15 00 00 15 1f 43 7c d0 12 00 00 14 04
1515,72720,WL,flash_sample,48,44.048,1,111,1,1,1,1,0,1,1,0,1515,44048,0.035136,0.031232,-1.028704,0.041668,-0.052085,-1.35421,-3.15,1.54,2.87,53.71484375,98328,54.12,252.556472778,5.124,57 4c 01 6f 00 00 05 eb 00 00 ac 10 00 48 00 40 f7 c4 00 04 ff fb ff 7e ff d3 00 16 00 29 1c b7 00 01 80 18 00 00 15 24 43 7c 8e 75 00 00 14 04
1516,72768,WL,flash_sample,48,44.068,1,111,1,1,1,1,0,1,1,0,1516,44068,0.036112,0.03172,-1.028216,0.041668,-0.031251,-1.343793,-3.15,1.54,2.87,53.71484375,98328,54.18,252.556472778,5.124,57 4c 01 6f 00 00 05 ec 00 00 ac 24 00 4a 00 41 f7 c5 00 04 ff fd ff 7f ff d3 00 16 00 29 1c b7 00 01 80 18 00 00 15 2a 43 7c 8e 75 00 00 14 04
1517,72816,WL,flash_sample,48,44.088,1,103,1,1,1,0,0,1,1,0,1517,44088,0.035624,0.030744,-1.029192,0.041668,0.0,-1.35421,-3.29,1.82,2.59,53.69921875,98330,54.21,252.384719849,5.124,57 4c 01 67 00 00 05 ed 00 00 ac 38 00 49 00 3f f7 c3 00 04 00 00 ff 7e ff d1 00 1a 00 25 1c b3 00 01 80 1a 00 00 15 2d 43 7c 62 7d 00 00 14 04
1518,72864,WL,flash_sample,48,44.108,1,103,1,1,1,0,0,1,1,0,1518,44108,0.035624,0.030744,-1.029192,0.041668,0.0,-1.35421,-3.29,1.82,2.59,53.69921875,98330,54.21,252.384719849,5.124,57 4c 01 67 00 00 05 ee 00 00 ac 4c 00 49 00 3f f7 c3 00 04 00 00 ff 7e ff d1 00 1a 00 25 1c b3 00 01 80 1a 00 00 15 2d 43 7c 62 7d 00 00 14 04
1519,72912,WL,flash_sample,48,44.128,1,103,1,1,1,0,0,1,1,0,1519,44128,0.035624,0.030744,-1.029192,0.041668,0.0,-1.35421,-3.29,1.82,2.59,53.69921875,98330,54.21,252.384719849,5.124,57 4c 01 67 00 00 05 ef 00 00 ac 60 00 49 00 3f f7 c3 00 04 00 00 ff 7e ff d1 00 1a 00 25 1c b3 00 01 80 1a 00 00 15 2d 43 7c 62 7d 00 00 14 04
1520,72960,WL,flash_sample,48,44.148,1,103,1,1,1,0,0,1,1,0,1520,44148,0.035624,0.030744,-1.029192,0.041668,0.0,-1.35421,-3.29,1.82,2.59,53.69921875,98330,54.21,252.384719849,5.124,57 4c 01 67 00 00 05 f0 00 00 ac 74 00 49 00 3f f7 c3 00 04 00 00 ff 7e ff d1 00 1a 00 25 1c b3 00 01 80 1a 00 00 15 2d 43 7c 62 7d 00 00 14 04
1521,73008,WL,flash_sample,48,44.171,1,65,1,0,0,0,0,0,1,0,1521,44171,0.035624,0.031232,-1.027728,0.010417,0.0,-1.35421,-0.28,-1.05,0.91,53.734375,98330,54.21,252.384719849,5.14,57 4c 01 41 00 00 05 f1 00 00 ac 8b 00 49 00 40 f7 c6 00 01 00 00 ff 7e ff fc ff f1 00 0d 1c bc 00 01 80 1a 00 00 15 2d 43 7c 62 7d 00 00 14 14
1522,73056,WL,flash_sample,48,44.188,1,111,1,1,1,1,0,1,1,0,1522,44188,0.034648,0.03172,-1.028216,0.093753,0.0,-1.343793,-1.47,-0.42,2.24,53.69921875,98364,54.27,249.48614502,5.14,57 4c 01 6f 00 00 05 f2 00 00 ac 9c 00 47 00 41 f7 c5 00 09 00 00 ff 7f ff eb ff fa 00 20 1c b3 00 01 80 3c 00 00 15 33 43 79 7c 74 00 00 14 14
1523,73104,WL,flash_sample,48,44.208,1,103,1,1,1,0,0,1,1,0,1523,44208,0.035136,0.031232,-1.028216,0.031251,-0.041668,-1.312542,-2.45,0.35,3.29,53.6875,98329,54.12,252.471908569,5.14,57 4c 01 67 00 00 05 f3 00 00 ac b0 00 48 00 40 f7 c5 00 03 ff fc ff 82 ff dd 00 05 00 2f 1c b0 00 01 80 19 00 00 15 24 43 7c 78 cf 00 00 14 14
1524,73152,WL,flash_sample,48,44.228,1,103,1,1,1,0,0,1,1,0,1524,44228,0.036112,0.03172,-1.029192,0.031251,-0.020834,-1.322959,-3.15,1.47,2.94,53.73046875,98332,54.17,252.215606689,5.136,57 4c 01 67 00 00 05 f4 00 00 ac c4 00 4a 00 41 f7 c3 00 03 ff fe ff 81 ff d3 00 15 00 2a 1c bb 00 01 80 1c 00 00 15 29 43 7c 37 32 00 00 14 10
1525,73200,WL,flash_sample,48,44.248,1,110,0,1,1,1,0,1,1,0,1525,44248,0.035136,0.03172,-1.029192,0.031251,-0.020834,-1.333376,-3.15,1.47,2.87,53.71484375,98331,54.21,252.300170898,5.136,57 4c 01 6e 00 00 05 f5 00 00 ac d8 00 48 00 41 f7 c3 00 03 ff fe ff 80 ff d3 00 15 00 29 1c b7 00 01 80 1b 00 00 15 2d 43 7c 4c d8 00 00 14 10
1526,73248,WL,flash_sample,48,44.269,1,110,0,1,1,1,0,1,1,0,1526,44269,0.035136,0.030744,-1.030168,0.031251,-0.041668,-1.302125,-3.15,1.54,2.8,53.734375,98332,54.26,252.215606689,5.136,57 4c 01 6e 00 00 05 f6 00 00 ac ed 00 48 00 3f f7 c1 00 03 ff fc ff 83 ff d3 00 16 00 28 1c bc 00 01 80 1c 00 00 15 32 43 7c 37 32 00 00 14 10
1527,73296,WL,flash_sample,48,44.288,1,110,0,1,1,1,0,1,1,0,1527,44288,0.036112,0.03172,-1.02968,-0.031251,0.0,-1.322959,-3.15,1.54,2.87,53.6796875,98331,54.29,252.300170898,5.136,57 4c 01 6e 00 00 05 f7 00 00 ad 00 00 4a 00 41 f7 c2 ff fd 00 00 ff 81 ff d3 00 16 00 29 1c ae 00 01 80 1b 00 00 15 35 43 7c 4c d8 00 00 14 10
1528,73344,WL,flash_sample,48,44.308,1,110,0,1,1,1,0,1,1,0,1528,44308,0.035136,0.03172,-1.029192,0.041668,-0.020834,-1.364627,-3.15,1.47,2.87,53.7109375,98332,54.33,252.215606689,5.136,57 4c 01 6e 00 00 05 f8 00 00 ad 14 00 48 00 41 f7 c3 00 04 ff fe ff 7d ff d3 00 15 00 29 1c b6 00 01 80 1c 00 00 15 39 43 7c 37 32 00 00 14 10
1529,73392,WL,flash_sample,48,44.328,1,102,0,1,1,0,0,1,1,0,1529,44328,0.035136,0.03172,-1.029192,0.083336,0.0,-1.343793,-3.15,1.54,2.8,53.69921875,98336,54.37,251.874755859,5.136,57 4c 01 66 00 00 05 f9 00 00 ad 28 00 48 00 41 f7 c3 00 08 00 00 ff 7f ff d3 00 16 00 28 1c b3 00 01 80 20 00 00 15 3d 43 7b df f0 00 00 14 10
1530,73440,WL,flash_sample,48,44.348,1,110,0,1,1,1,0,1,1,0,1530,44348,0.035136,0.031232,-1.029192,0.052085,0.0,-1.322959,-3.08,1.47,2.87,53.6875,98333,54.4,252.131057739,5.136,57 4c 01 6e 00 00 05 fa 00 00 ad 3c 00 48 00 40 f7 c3 00 05 00 00 ff 81 ff d4 00 15 00 29 1c b0 00 01 80 1d 00 00 15 40 43 7c 21 8d 00 00 14 10
1531,73488,WL,flash_sample,48,44.368,1,110,0,1,1,1,0,1,1,0,1531,44368,0.035136,0.031232,-1.029192,0.052085,0.0,-1.322959,-3.08,1.47,2.87,53.6875,98333,54.4,252.131057739,5.136,57 4c 01 6e 00 00 05 fb 00 00 ad 50 00 48 00 40 f7 c3 00 05 00 00 ff 81 ff d4 00 15 00 29 1c b0 00 01 80 1d 00 00 15 40 43 7c 21 8d 00 00 14 10
1532,73536,WL,flash_sample,48,44.388,1,110,0,1,1,1,0,1,1,0,1532,44388,0.035136,0.031232,-1.029192,0.052085,0.0,-1.322959,-3.08,1.47,2.87,53.6875,98333,54.4,252.131057739,5.136,57 4c 01 6e 00 00 05 fc 00 00 ad 64 00 48 00 40 f7 c3 00 05 00 00 ff 81 ff d4 00 15 00 29 1c b0 00 01 80 1d 00 00 15 40 43 7c 21 8d 00 00 14 10
1533,73584,WL,flash_sample,48,44.408,1,110,0,1,1,1,0,1,1,0,1533,44408,0.035136,0.031232,-1.029192,0.052085,0.0,-1.322959,-3.08,1.47,2.87,53.6875,98333,54.4,252.131057739,5.136,57 4c 01 6e 00 00 05 fd 00 00 ad 78 00 48 00 40 f7 c3 00 05 00 00 ff 81 ff d4 00 15 00 29 1c b0 00 01 80 1d 00 00 15 40 43 7c 21 8d 00 00 14 10
1534,73632,WL,flash_sample,48,44.428,1,102,0,1,1,0,0,1,1,0,1534,44428,0.036112,0.032208,-1.028216,0.052085,0.031251,-1.35421,-0.7,-0.84,1.47,53.72265625,98381,54.44,248.03553772,5.14,57 4c 01 66 00 00 05 fe 00 00 ad 8c 00 4a 00 42 f7 c5 00 05 00 03 ff 7e ff f6 ff f4 00 15 1c b9 00 01 80 4d 00 00 15 44 43 78 09 19 00 00 14 14
1535,73680,WL,flash_sample,48,44.448,1,102,0,1,1,0,0,1,1,0,1535,44448,0.034648,0.03172,-1.027728,0.072919,0.0,-1.35421,-1.89,-0.07,2.66,53.69140625,98336,54.24,251.874755859,5.14,57 4c 01 66 00 00 05 ff 00 00 ad a0 00 47 00 41 f7 c6 00 07 00 00 ff 7e ff e5 ff ff 00 26 1c b1 00 01 80 20 00 00 15 30 43 7b df f0 00 00 14 14
1536,73728,WL,flash_sample,48,44.468,1,102,0,1,1,0,0,1,1,0,1536,44468,0.036112,0.031232,-1.02968,0.031251,0.010417,-1.322959,-2.8,0.7,3.5,53.7265625,98336,54.28,251.874755859,5.14,57 4c 01 66 00 00 06 00 00 00 ad b4 00 4a 00 40 f7 c2 00 03 00 01 ff 81 ff d8 00 0a 00 32 1c ba 00 01 80 20 00 00 15 34 43 7b df f0 00 00 14 14
1537,73776,WL,flash_sample,48,44.488,1,110,0,1,1,1,0,1,1,0,1537,44488,0.035624,0.031232,-1.028216,0.031251,0.0,-1.333376,-3.15,1.54,2.8,53.671875,98334,54.32,252.043869019,5.14,57 4c 01 6e 00 00 06 01 00 00 ad c8 00 49 00 40 f7 c5 00 03 00 00 ff 80 ff d3 00 16 00 28 1c ac 00 01 80 1e 00 00 15 38 43 7c 0b 3b 00 00 14 14
1538,73824,WL,flash_sample,48,44.508,1,110,0,1,1,1,0,1,1,0,1538,44508,0.036112,0.03172,-1.027728,0.031251,-0.041668,-1.35421,-3.15,1.54,2.87,53.75390625,98334,54.36,252.043869019,5.14,57 4c 01 6e 00 00 06 02 00 00 ad dc 00 4a 00 41 f7 c6 00 03 ff fc ff 7e ff d3 00 16 00 29 1c c1 00 01 80 1e 00 00 15 3c 43 7c 0b 3b 00 00 14 14
1539,73872,WL,flash_sample,48,44.529,1,110,0,1,1,1,0,1,1,0,1539,44529,0.036112,0.032208,-1.028704,0.072919,-0.010417,-1.302125,-3.15,1.47,2.87,53.7421875,98332,54.39,252.215606689,5.124,57 4c 01 6e 00 00 06 03 00 00 ad f1 00 4a 00 42 f7 c4 00 07 ff ff ff 83 ff d3 00 15 00 29 1c be 00 01 80 1c 00 00 15 3f 43 7c 37 32 00 00 14 04
1540,73920,WL,flash_sample,48,44.548,1,102,0,1,1,0,0,1,1,0,1540,44548,0.035136,0.031232,-1.029192,0.062502,-0.010417,-1.333376,-3.15,1.54,2.87,53.7265625,98338,54.43,251.703018188,5.124,57 4c 01 66 00 00 06 04 00 00 ae 04 00 48 00 40 f7 c3 00 06 ff ff ff 80 ff d3 00 16 00 29 1c ba 00 01 80 22 00 00 15 43 43 7b b3 f9 00 00 14 04
1541,73968,WL,flash_sample,48,44.568,1,102,0,1,1,0,0,1,1,0,1541,44568,0.035136,0.03172,-1.029192,0.031251,0.0,-1.35421,-3.22,1.47,2.87,53.69140625,98337,54.46,251.787567139,5.124,57 4c 01 66 00 00 06 05 00 00 ae 18 00 48 00 41 f7 c3 00 03 00 00 ff 7e ff d2 00 15 00 29 1c b1 00 01 80 21 00 00 15 46 43 7b c9 9e 00 00 14 04
1542,74016,WL,flash_sample,48,44.588,1,102,0,1,1,0,0,1,1,0,1542,44588,0.035136,0.03172,-1.029192,0.031251,-0.031251,-1.375044,-3.22,1.54,2.87,53.69921875,98340,54.49,251.533905029,5.124,57 4c 01 66 00 00 06 06 00 00 ae 2c 00 48 00 41 f7 c3 00 03 ff fd ff 7c ff d2 00 16 00 29 1c b3 00 01 80 24 00 00 15 49 43 7b 88 ae 00 00 14 04
1543,74064,WL,flash_sample,48,44.608,1,102,0,1,1,0,0,1,1,0,1543,44608,0.035136,0.03172,-1.029192,0.031251,-0.031251,-1.375044,-3.22,1.54,2.87,53.69921875,98340,54.49,251.533905029,5.124,57 4c 01 66 00 00 06 07 00 00 ae 40 00 48 00 41 f7 c3 00 03 ff fd ff 7c ff d2 00 16 00 29 1c b3 00 01 80 24 00 00 15 49 43 7b 88 ae 00 00 14 04
1544,74112,WL,flash_sample,48,44.628,1,102,0,1,1,0,0,1,1,0,1544,44628,0.035136,0.03172,-1.029192,0.031251,-0.031251,-1.375044,-3.22,1.54,2.87,53.69921875,98340,54.49,251.533905029,5.124,57 4c 01 66 00 00 06 08 00 00 ae 54 00 48 00 41 f7 c3 00 03 ff fd ff 7c ff d2 00 16 00 29 1c b3 00 01 80 24 00 00 15 49 43 7b 88 ae 00 00 14 04
1545,74160,WL,flash_sample,48,44.648,1,102,0,1,1,0,0,1,1,0,1545,44648,0.035136,0.03172,-1.029192,0.031251,-0.031251,-1.375044,-3.22,1.54,2.87,53.69921875,98340,54.49,251.533905029,5.124,57 4c 01 66 00 00 06 09 00 00 ae 68 00 48 00 41 f7 c3 00 03 ff fd ff 7c ff d2 00 16 00 29 1c b3 00 01 80 24 00 00 15 49 43 7b 88 ae 00 00 14 04
1546,74208,WL,flash_sample,48,44.669,1,110,0,1,1,1,0,1,1,0,1546,44669,0.034648,0.03172,-1.028216,0.010417,0.010417,-1.333376,-0.21,-0.42,0.21,53.7265625,98340,54.49,251.533905029,5.124,57 4c 01 6e 00 00 06 0a 00 00 ae 7d 00 47 00 41 f7 c5 00 01 00 01 ff 80 ff fd ff fa 00 03 1c ba 00 01 80 24 00 00 15 49 43 7b 88 ae 00 00 14 04
1547,74256,WL,flash_sample,48,44.688,1,110,0,1,1,1,0,1,1,0,1547,44688,0.034648,0.03172,-1.028216,0.010417,0.010417,-1.333376,-0.21,-0.42,0.21,53.7265625,98340,54.49,251.533905029,5.124,57 4c 01 6e 00 00 06 0b 00 00 ae 90 00 47 00 41 f7 c5 00 01 00 01 ff 80 ff fd ff fa 00 03 1c ba 00 01 80 24 00 00 15 49 43 7b 88 ae 00 00 14 04
1548,74304,WL,flash_sample,48,44.708,1,110,0,1,1,1,0,1,1,0,1548,44708,0.034648,0.03172,-1.028216,0.010417,0.010417,-1.333376,-0.21,-0.42,0.21,53.7265625,98340,54.49,251.533905029,5.124,57 4c 01 6e 00 00 06 0c 00 00 ae a4 00 47 00 41 f7 c5 00 01 00 01 ff 80 ff fd ff fa 00 03 1c ba 00 01 80 24 00 00 15 49 43 7b 88 ae 00 00 14 04
1549,74352,WL,flash_sample,48,44.728,1,110,0,1,1,1,0,1,1,0,1549,44728,0.034648,0.03172,-1.028216,0.010417,0.010417,-1.333376,-0.21,-0.42,0.21,53.7265625,98340,54.49,251.533905029,5.124,57 4c 01 6e 00 00 06 0d 00 00 ae b8 00 47 00 41 f7 c5 00 01 00 01 ff 80 ff fd ff fa 00 03 1c ba 00 01 80 24 00 00 15 49 43 7b 88 ae 00 00 14 04
1550,74400,WL,flash_sample,48,44.748,1,110,0,1,1,1,0,1,1,0,1550,44748,0.034648,0.03172,-1.028216,0.010417,0.010417,-1.333376,-0.21,-0.42,0.21,53.7265625,98340,54.49,251.533905029,5.124,57 4c 01 6e 00 00 06 0e 00 00 ae cc 00 47 00 41 f7 c5 00 01 00 01 ff 80 ff fd ff fa 00 03 1c ba 00 01 80 24 00 00 15 49 43 7b 88 ae 00 00 14 04
1551,74448,WL,flash_sample,48,44.768,1,110,0,1,1,1,0,1,1,0,1551,44768,0.034648,0.03172,-1.028216,0.010417,0.010417,-1.333376,-0.21,-0.42,0.21,53.7265625,98340,54.49,251.533905029,5.124,57 4c 01 6e 00 00 06 0f 00 00 ae e0 00 47 00 41 f7 c5 00 01 00 01 ff 80 ff fd ff fa 00 03 1c ba 00 01 80 24 00 00 15 49 43 7b 88 ae 00 00 14 04
1552,74496,WL,flash_sample,48,44.788,1,110,0,1,1,1,0,1,1,0,1552,44788,0.034648,0.03172,-1.028216,0.010417,0.010417,-1.333376,-0.21,-0.42,0.21,53.7265625,98340,54.49,251.533905029,5.124,57 4c 01 6e 00 00 06 10 00 00 ae f4 00 47 00 41 f7 c5 00 01 00 01 ff 80 ff fd ff fa 00 03 1c ba 00 01 80 24 00 00 15 49 43 7b 88 ae 00 00 14 04
1553,74544,WL,flash_sample,48,44.808,1,110,0,1,1,1,0,1,1,0,1553,44808,0.035624,0.03172,-1.02724,0.031251,-0.031251,-1.333376,-0.14,0.14,-0.35,53.734375,98389,54.52,247.35383606,5.124,57 4c 01 6e 00 00 06 11 00 00 af 08 00 49 00 41 f7 c7 00 03 ff fd ff 80 ff fe 00 02 ff fb 1c bc 00 01 80 55 00 00 15 4c 43 77 5a 95 00 00 14 04
1554,74592,WL,flash_sample,48,44.828,1,110,0,1,1,1,0,1,1,0,1554,44828,0.035624,0.03172,-1.02724,0.031251,-0.031251,-1.333376,-0.14,0.14,-0.35,53.734375,98389,54.52,247.35383606,5.124,57 4c 01 6e 00 00 06 12 00 00 af 1c 00 49 00 41 f7 c7 00 03 ff fd ff 80 ff fe 00 02 ff fb 1c bc 00 01 80 55 00 00 15 4c 43 77 5a 95 00 00 14 04
1555,74640,WL,flash_sample,48,44.85,1,110,0,1,1,1,0,1,1,0,1555,44850,0.035136,0.03172,-1.027728,0.093753,0.0,-1.322959,-0.14,0.07,-0.35,53.69921875,98389,54.52,247.35383606,5.144,57 4c 01 6e 00 00 06 13 00 00 af 32 00 48 00 41 f7 c6 00 09 00 00 ff 81 ff fe 00 01 ff fb 1c b3 00 01 80 55 00 00 15 4c 43 77 5a 95 00 00 14 18
1556,74688,WL,flash_sample,48,44.868,1,110,0,1,1,1,0,1,1,0,1556,44868,0.035136,0.03172,-1.027728,0.093753,0.0,-1.322959,-0.14,0.07,-0.35,53.69921875,98389,54.52,247.35383606,5.144,57 4c 01 6e 00 00 06 14 00 00 af 44 00 48 00 41 f7 c6 00 09 00 00 ff 81 ff fe 00 01 ff fb 1c b3 00 01 80 55 00 00 15 4c 43 77 5a 95 00 00 14 18
1557,74736,WL,flash_sample,48,44.888,1,110,0,1,1,1,0,1,1,0,1557,44888,0.035136,0.03172,-1.027728,0.093753,0.0,-1.322959,-0.14,0.07,-0.35,53.69921875,98389,54.52,247.35383606,5.144,57 4c 01 6e 00 00 06 15 00 00 af 58 00 48 00 41 f7 c6 00 09 00 00 ff 81 ff fe 00 01 ff fb 1c b3 00 01 80 55 00 00 15 4c 43 77 5a 95 00 00 14 18
1558,74784,WL,flash_sample,48,44.908,1,110,0,1,1,1,0,1,1,0,1558,44908,0.035136,0.03172,-1.027728,0.093753,0.0,-1.322959,-0.14,0.07,-0.35,53.69921875,98389,54.52,247.35383606,5.144,57 4c 01 6e 00 00 06 16 00 00 af 6c 00 48 00 41 f7 c6 00 09 00 00 ff 81 ff fe 00 01 ff fb 1c b3 00 01 80 55 00 00 15 4c 43 77 5a 95 00 00 14 18
1559,74832,WL,flash_sample,48,44.933,1,64,0,0,0,0,0,0,1,0,1559,44933,0.035136,0.03172,-1.028704,0.062502,0.0,-1.312542,-0.21,0.07,-0.28,53.69921875,98342,53.97,251.3621521,5.14,57 4c 01 40 00 00 06 17 00 00 af 85 00 48 00 41 f7 c4 00 06 00 00 ff 82 ff fd 00 01 ff fc 1c b3 00 01 80 26 00 00 15 15 43 7b 5c b6 00 00 14 14
1560,74880,WL,flash_sample,48,44.948,1,110,0,1,1,1,0,1,1,0,1560,44948,0.036112,0.03172,-1.027728,0.052085,0.0,-1.322959,-1.4,-0.35,2.31,53.7421875,98322,53.82,253.069061279,5.136,57 4c 01 6e 00 00 06 18 00 00 af 94 00 4a 00 41 f7 c6 00 05 00 00 ff 81 ff ec ff fb 00 21 1c be 00 01 80 12 00 00 15 06 43 7d 11 ae 00 00 14 10
1561,74928,WL,flash_sample,48,44.968,1,110,0,1,1,1,0,1,1,0,1561,44968,0.036112,0.03172,-1.029192,0.031251,-0.010417,-1.333376,-2.45,0.42,3.29,53.6875,98322,53.9,253.069061279,5.136,57 4c 01 6e 00 00 06 19 00 00 af a8 00 4a 00 41 f7 c3 00 03 ff ff ff 80 ff dd 00 06 00 2f 1c b0 00 01 80 12 00 00 15 0e 43 7d 11 ae 00 00 14 10
1562,74976,WL,flash_sample,48,44.988,1,110,0,1,1,1,0,1,1,0,1562,44988,0.035624,0.03172,-1.027728,0.041668,-0.031251,-1.322959,-3.15,1.47,2.87,53.73828125,98321,53.97,253.153625488,5.136,57 4c 01 6e 00 00 06 1a 00 00 af bc 00 49 00 41 f7 c6 00 04 ff fd ff 81 ff d3 00 15 00 29 1c bd 00 01 80 11 00 00 15 15 43 7d 27 54 00 00 14 10
1563,75024,WL,flash_sample,48,45.008,1,110,0,1,1,1,0,1,1,0,1563,45008,0.036112,0.03172,-1.028216,0.031251,-0.010417,-1.322959,-3.15,1.54,2.87,53.7265625,98325,54.04,252.812774658,5.136,57 4c 01 6e 00 00 06 1b 00 00 af d0 00 4a 00 41 f7 c5 00 03 ff ff ff 81 ff d3 00 16 00 29 1c ba 00 01 80 15 00 00 15 1c 43 7c d0 12 00 00 14 10
1564,75072,WL,flash_sample,48,45.029,1,102,0,1,1,0,0,1,1,0,1564,45029,0.0366,0.031232,-1.02968,0.052085,-0.052085,-1.35421,-3.22,1.54,2.87,53.734375,98327,54.1,252.641021729,5.128,57 4c 01 66 00 00 06 1c 00 00 af e5 00 4b 00 40 f7 c2 00 05 ff fb ff 7e ff d2 00 16 00 29 1c bc 00 01 80 17 00 00 15 22 43 7c a4 1a 00 00 14 08
1565,75120,WL,flash_sample,48,45.048,1,102,0,1,1,0,0,1,1,0,1565,45048,0.036112,0.03172,-1.030656,0.072919,0.0,-1.333376,-3.15,1.61,2.8,53.7265625,98326,54.15,252.728210449,5.128,57 4c 01 66 00 00 06 1d 00 00 af f8 00 4a 00 41 f7 c0 00 07 00 00 ff 80 ff d3 00 17 00 28 1c ba 00 01 80 16 00 00 15 27 43 7c ba 6c 00 00 14 08
1566,75168,WL,flash_sample,48,45.068,1,110,0,1,1,1,0,1,1,0,1566,45068,0.035624,0.031232,-1.02968,0.031251,-0.020834,-1.35421,-3.15,1.54,2.87,53.71484375,98332,54.21,252.215606689,5.128,57 4c 01 6e 00 00 06 1e 00 00 b0 0c 00 49 00 40 f7 c2 00 03 ff fe ff 7e ff d3 00 16 00 29 1c b7 00 01 80 1c 00 00 15 2d 43 7c 37 32 00 00 14 08
1567,75216,WL,flash_sample,48,45.088,1,110,0,1,1,1,0,1,1,0,1567,45088,0.035136,0.031232,-1.029192,0.031251,-0.010417,-1.322959,-3.29,1.82,2.59,53.734375,98326,54.25,252.728210449,5.128,57 4c 01 6e 00 00 06 1f 00 00 b0 20 00 48 00 40 f7 c3 00 03 ff ff ff 81 ff d1 00 1a 00 25 1c bc 00 01 80 16 00 00 15 31 43 7c ba 6c 00 00 14 08
1568,75264,WL,flash_sample,48,45.108,1,102,0,1,1,0,0,1,1,0,1568,45108,0.035624,0.03172,-1.029192,0.052085,0.0,-1.333376,-3.22,1.47,2.87,53.734375,98326,54.25,252.728210449,5.128,57 4c 01 66 00 00 06 20 00 00 b0 34 00 49 00 41 f7 c3 00 05 00 00 ff 80 ff d2 00 15 00 29 1c bc 00 01 80 16 00 00 15 31 43 7c ba 6c 00 00 14 08
1569,75312,WL,flash_sample,48,45.128,1,102,0,1,1,0,0,1,1,0,1569,45128,0.035624,0.03172,-1.029192,0.052085,0.0,-1.333376,-3.22,1.47,2.87,53.734375,98326,54.25,252.728210449,5.128,57 4c 01 66 00 00 06 21 00 00 b0 48 00 49 00 41 f7 c3 00 05 00 00 ff 80 ff d2 00 15 00 29 1c bc 00 01 80 16 00 00 15 31 43 7c ba 6c 00 00 14 08
1570,75360,WL,flash_sample,48,45.148,1,102,0,1,1,0,0,1,1,0,1570,45148,0.035624,0.03172,-1.029192,0.052085,0.0,-1.333376,-3.22,1.47,2.87,53.734375,98326,54.25,252.728210449,5.128,57 4c 01 66 00 00 06 22 00 00 b0 5c 00 49 00 41 f7 c3 00 05 00 00 ff 80 ff d2 00 15 00 29 1c bc 00 01 80 16 00 00 15 31 43 7c ba 6c 00 00 14 08
1571,75408,WL,flash_sample,48,45.168,1,102,0,1,1,0,0,1,1,0,1571,45168,0.035624,0.03172,-1.029192,0.052085,0.0,-1.333376,-3.22,1.47,2.87,53.734375,98326,54.25,252.728210449,5.128,57 4c 01 66 00 00 06 23 00 00 b0 70 00 49 00 41 f7 c3 00 05 00 00 ff 80 ff d2 00 15 00 29 1c bc 00 01 80 16 00 00 15 31 43 7c ba 6c 00 00 14 08
1572,75456,WL,flash_sample,48,45.188,1,110,0,1,1,1,0,1,1,0,1572,45188,0.035624,0.030744,-1.029192,0.052085,-0.031251,-1.333376,-0.77,-0.84,1.54,53.70703125,98338,54.3,251.703018188,5.136,57 4c 01 6e 00 00 06 24 00 00 b0 84 00 49 00 3f f7 c3 00 05 ff fd ff 80 ff f5 ff f4 00 16 1c b5 00 01 80 22 00 00 15 36 43 7b b3 f9 00 00 14 10
1573,75504,WL,flash_sample,48,45.208,1,110,0,1,1,1,0,1,1,0,1573,45208,0.035624,0.03172,-1.028704,0.041668,-0.041668,-1.333376,-1.89,-0.07,2.73,53.75,98330,54.13,252.384719849,5.136,57 4c 01 6e 00 00 06 25 00 00 b0 98 00 49 00 41 f7 c4 00 04 ff fc ff 80 ff e5 ff ff 00 27 1c c0 00 01 80 1a 00 00 15 25 43 7c 62 7d 00 00 14 10
1574,75552,WL,flash_sample,48,45.228,1,110,0,1,1,1,0,1,1,0,1574,45228,0.035624,0.03172,-1.028704,0.052085,0.0,-1.35421,-2.8,0.7,3.5,53.75,98330,54.19,252.384719849,5.124,57 4c 01 6e 00 00 06 26 00 00 b0 ac 00 49 00 41 f7 c4 00 05 00 00 ff 7e ff d8 00 0a 00 32 1c c0 00 01 80 1a 00 00 15 2b 43 7c 62 7d 00 00 14 04
1575,75600,WL,flash_sample,48,45.248,1,103,1,1,1,0,0,1,1,0,1575,45248,0.035624,0.03172,-1.028216,0.020834,0.0,-1.333376,-3.15,1.54,2.8,53.7578125,98332,54.24,252.215606689,5.124,57 4c 01 67 00 00 06 27 00 00 b0 c0 00 49 00 41 f7 c5 00 02 00 00 ff 80 ff d3 00 16 00 28 1c c2 00 01 80 1c 00 00 15 30 43 7c 37 32 00 00 14 04
1576,75648,WL,flash_sample,48,45.268,1,103,1,1,1,0,0,1,1,0,1576,45268,0.035624,0.03172,-1.028704,0.010417,-0.010417,-1.343793,-3.15,1.54,2.8,53.7265625,98334,54.29,252.043869019,5.124,57 4c 01 67 00 00 06 28 00 00 b0 d4 00 49 00 41 f7 c4 00 01 ff ff ff 7f ff d3 00 16 00 28 1c ba 00 01 80 1e 00 00 15 35 43 7c 0b 3b 00 00 14 04
1577,75696,WL,flash_sample,48,45.288,1,103,1,1,1,0,0,1,1,0,1577,45288,0.035624,0.03172,-1.028704,0.031251,0.010417,-1.312542,-3.15,1.54,2.87,53.7421875,98334,54.33,252.043869019,5.124,57 4c 01 67 00 00 06 29 00 00 b0 e8 00 49 00 41 f7 c4 00 03 00 01 ff 82 ff d3 00 16 00 29 1c be 00 01 80 1e 00 00 15 39 43 7c 0b 3b 00 00 14 04
1578,75744,WL,flash_sample,48,45.308,1,111,1,1,1,1,0,1,1,0,1578,45308,0.035624,0.03172,-1.029192,0.010417,-0.020834,-1.322959,-3.15,1.47,2.87,53.75,98335,54.37,251.959320068,5.124,57 4c 01 6f 00 00 06 2a 00 00 b0 fc 00 49 00 41 f7 c3 00 01 ff fe ff 81 ff d3 00 15 00 29 1c c0 00 01 80 1f 00 00 15 3d 43 7b f5 96 00 00 14 04
1579,75792,WL,flash_sample,48,45.328,1,111,1,1,1,1,0,1,1,0,1579,45328,0.035624,0.030744,-1.029192,0.062502,-0.062502,-1.343793,-3.22,1.54,2.87,53.765625,98334,54.41,252.043869019,5.136,57 4c 01 6f 00 00 06 2b 00 00 b1 10 00 49 00 3f f7 c3 00 06 ff fa ff 7f ff d2 00 16 00 29 1c c4 00 01 80 1e 00 00 15 41 43 7c 0b 3b 00 00 14 10
1580,75840,WL,flash_sample,48,45.348,1,111,1,1,1,1,0,1,1,0,1580,45348,0.035136,0.031232,-1.030168,0.031251,-0.031251,-1.322959,-3.15,1.47,2.87,53.70703125,98334,54.44,252.043869019,5.136,57 4c 01 6f 00 00 06 2c 00 00 b1 24 00 48 00 40 f7 c1 00 03 ff fd ff 81 ff d3 00 15 00 29 1c b5 00 01 80 1e 00 00 15 44 43 7c 0b 3b 00 00 14 10
1581,75888,WL,flash_sample,48,45.368,1,111,1,1,1,1,0,1,1,0,1581,45368,0.035136,0.031232,-1.030168,0.031251,-0.031251,-1.322959,-3.15,1.47,2.87,53.70703125,98334,54.44,252.043869019,5.136,57 4c 01 6f 00 00 06 2d 00 00 b1 38 00 48 00 40 f7 c1 00 03 ff fd ff 81 ff d3 00 15 00 29 1c b5 00 01 80 1e 00 00 15 44 43 7c 0b 3b 00 00 14 10
1582,75936,WL,flash_sample,48,45.388,1,111,1,1,1,1,0,1,1,0,1582,45388,0.035136,0.031232,-1.030168,0.031251,-0.031251,-1.322959,-3.15,1.47,2.87,53.70703125,98334,54.44,252.043869019,5.136,57 4c 01 6f 00 00 06 2e 00 00 b1 4c 00 48 00 40 f7 c1 00 03 ff fd ff 81 ff d3 00 15 00 29 1c b5 00 01 80 1e 00 00 15 44 43 7c 0b 3b 00 00 14 10
1583,75984,WL,flash_sample,48,45.408,1,111,1,1,1,1,0,1,1,0,1583,45408,0.035136,0.031232,-1.030168,0.031251,-0.031251,-1.322959,-3.15,1.47,2.87,53.70703125,98334,54.44,252.043869019,5.136,57 4c 01 6f 00 00 06 2f 00 00 b1 60 00 48 00 40 f7 c1 00 03 ff fd ff 81 ff d3 00 15 00 29 1c b5 00 01 80 1e 00 00 15 44 43 7c 0b 3b 00 00 14 10
1584,76032,WL,flash_sample,48,45.431,1,97,1,0,0,0,0,1,1,0,1584,45431,0.035624,0.032208,-1.028704,0.031251,-0.031251,-1.343793,-0.21,-0.49,0.21,53.75,98338,54.48,251.703018188,5.14,57 4c 01 61 00 00 06 30 00 00 b1 77 00 49 00 42 f7 c4 00 03 ff fd ff 7f ff fd ff f9 00 03 1c c0 00 01 80 22 00 00 15 48 43 7b b3 f9 00 00 14 14
1585,76080,WL,flash_sample,48,45.448,1,111,1,1,1,1,0,1,1,0,1585,45448,0.035136,0.031232,-1.029192,0.031251,-0.031251,-1.364627,-1.19,-0.56,2.03,53.7578125,98329,54.26,252.471908569,5.14,57 4c 01 6f 00 00 06 31 00 00 b1 88 00 48 00 40 f7 c3 00 03 ff fd ff 7d ff ef ff f8 00 1d 1c c2 00 01 80 19 00 00 15 32 43 7c 78 cf 00 00 14 14
1586,76128,WL,flash_sample,48,45.468,1,111,1,1,1,1,0,1,1,0,1586,45468,0.035624,0.03172,-1.028704,0.062502,-0.010417,-1.322959,-2.24,0.21,3.01,53.79296875,98331,54.31,252.300170898,5.14,57 4c 01 6f 00 00 06 32 00 00 b1 9c 00 49 00 41 f7 c4 00 06 ff ff ff 81 ff e0 00 03 00 2b 1c cb 00 01 80 1b 00 00 15 37 43 7c 4c d8 00 00 14 14
1587,76176,WL,flash_sample,48,45.488,1,103,1,1,1,0,0,1,1,0,1587,45488,0.035624,0.031232,-1.028704,0.031251,-0.020834,-1.333376,-3.22,1.54,2.8,53.765625,98330,54.35,252.384719849,5.14,57 4c 01 67 00 00 06 33 00 00 b1 b0 00 49 00 40 f7 c4 00 03 ff fe ff 80 ff d2 00 16 00 28 1c c4 00 01 80 1a 00 00 15 3b 43 7c 62 7d 00 00 14 14
1588,76224,WL,flash_sample,48,45.508,1,103,1,1,1,0,0,1,1,0,1588,45508,0.0366,0.031232,-1.030168,0.031251,-0.031251,-1.35421,-3.15,1.54,2.87,53.734375,98333,54.39,252.131057739,5.14,57 4c 01 67 00 00 06 34 00 00 b1 c4 00 4b 00 40 f7 c1 00 03 ff fd ff 7e ff d3 00 16 00 29 1c bc 00 01 80 1d 00 00 15 3f 43 7c 21 8d 00 00 14 14
1589,76272,WL,flash_sample,48,45.529,1,103,1,1,1,0,0,1,1,0,1589,45529,0.035136,0.03172,-1.02968,-0.010417,-0.031251,-1.322959,-3.15,1.54,2.87,53.7421875,98335,54.43,251.959320068,5.132,57 4c 01 67 00 00 06 35 00 00 b1 d9 00 48 00 41 f7 c2 ff ff ff fd ff 81 ff d3 00 16 00 29 1c be 00 01 80 1f 00 00 15 43 43 7b f5 96 00 00 14 0c
1590,76320,WL,flash_sample,48,45.548,1,111,1,1,1,1,0,1,1,0,1590,45548,0.036112,0.03172,-1.02968,0.031251,0.010417,-1.322959,-3.22,1.54,2.87,53.7265625,98336,54.46,251.874755859,5.132,57 4c 01 6f 00 00 06 36 00 00 b1 ec 00 4a 00 41 f7 c2 00 03 00 01 ff 81 ff d2 00 16 00 29 1c ba 00 01 80 20 00 00 15 46 43 7b df f0 00 00 14 0c
1591,76368,WL,flash_sample,48,45.568,1,111,1,1,1,1,0,1,1,0,1591,45568,0.035624,0.031232,-1.02968,0.052085,-0.031251,-1.364627,-3.15,1.54,2.94,53.7421875,98336,54.49,251.874755859,5.132,57 4c 01 6f 00 00 06 37 00 00 b2 00 00 49 00 40 f7 c2 00 05 ff fd ff 7d ff d3 00 16 00 2a 1c be 00 01 80 20 00 00 15 49 43 7b df f0 00 00 14 0c
1592,76416,WL,flash_sample,48,45.588,1,111,1,1,1,1,0,1,1,0,1592,45588,0.035624,0.031232,-1.029192,0.031251,-0.031251,-1.312542,-3.22,1.61,2.87,53.80078125,98334,54.53,252.043869019,5.132,57 4c 01 6f 00 00 06 38 00 00 b2 14 00 49 00 40 f7 c3 00 03 ff fd ff 82 ff d2 00 17 00 29 1c cd 00 01 80 1e 00 00 15 4d 43 7c 0b 3b 00 00 14 0c
1593,76464,WL,flash_sample,48,45.608,1,111,1,1,1,1,0,1,1,0,1593,45608,0.035624,0.03172,-1.028704,0.041668,-0.031251,-1.322959,-3.15,1.54,2.87,53.80078125,98334,54.53,252.043869019,5.132,57 4c 01 6f 00 00 06 39 00 00 b2 28 00 49 00 41 f7 c4 00 04 ff fd ff 81 ff d3 00 16 00 29 1c cd 00 01 80 1e 00 00 15 4d 43 7c 0b 3b 00 00 14 0c
1594,76512,WL,flash_sample,48,45.628,1,111,1,1,1,1,0,1,1,0,1594,45628,0.035624,0.03172,-1.028704,0.041668,-0.031251,-1.322959,-3.15,1.54,2.87,53.80078125,98334,54.53,252.043869019,5.132,57 4c 01 6f 00 00 06 3a 00 00 b2 3c 00 49 00 41 f7 c4 00 04 ff fd ff 81 ff d3 00 16 00 29 1c cd 00 01 80 1e 00 00 15 4d 43 7c 0b 3b 00 00 14 0c
1595,76560,WL,flash_sample,48,45.648,1,111,1,1,1,1,0,1,1,0,1595,45648,0.035624,0.03172,-1.028704,0.041668,-0.031251,-1.322959,-3.15,1.54,2.87,53.80078125,98334,54.53,252.043869019,5.132,57 4c 01 6f 00 00 06 3b 00 00 b2 50 00 49 00 41 f7 c4 00 04 ff fd ff 81 ff d3 00 16 00 29 1c cd 00 01 80 1e 00 00 15 4d 43 7c 0b 3b 00 00 14 0c
1596,76608,WL,flash_sample,48,45.668,1,111,1,1,1,1,0,1,1,0,1596,45668,0.035624,0.03172,-1.028704,0.041668,-0.031251,-1.322959,-3.15,1.54,2.87,53.80078125,98334,54.53,252.043869019,5.132,57 4c 01 6f 00 00 06 3c 00 00 b2 64 00 49 00 41 f7 c4 00 04 ff fd ff 81 ff d3 00 16 00 29 1c cd 00 01 80 1e 00 00 15 4d 43 7c 0b 3b 00 00 14 0c
1597,76656,WL,flash_sample,48,45.688,1,111,1,1,1,1,0,1,1,0,1597,45688,0.0366,0.029768,-1.027728,0.041668,0.020834,-1.35421,-0.14,-0.14,-0.14,53.7578125,98341,54.55,251.446716309,5.132,57 4c 01 6f 00 00 06 3d 00 00 b2 78 00 4b 00 3d f7 c6 00 04 00 02 ff 7e ff fe ff fe ff fe 1c c2 00 01 80 25 00 00 15 4f 43 7b 72 5c 00 00 14 0c
1598,76704,WL,flash_sample,48,45.708,1,111,1,1,1,1,0,1,1,0,1598,45708,0.0366,0.029768,-1.027728,0.041668,0.020834,-1.35421,-0.14,-0.14,-0.14,53.7578125,98341,54.55,251.446716309,5.132,57 4c 01 6f 00 00 06 3e 00 00 b2 8c 00 4b 00 3d f7 c6 00 04 00 02 ff 7e ff fe ff fe ff fe 1c c2 00 01 80 25 00 00 15 4f 43 7b 72 5c 00 00 14 0c
1599,76752,WL,flash_sample,48,45.728,1,111,1,1,1,1,0,1,1,0,1599,45728,0.0366,0.029768,-1.027728,0.041668,0.020834,-1.35421,-0.14,-0.14,-0.14,53.7578125,98341,54.55,251.446716309,5.132,57 4c 01 6f 00 00 06 3f 00 00 b2 a0 00 4b 00 3d f7 c6 00 04 00 02 ff 7e ff fe ff fe ff fe 1c c2 00 01 80 25 00 00 15 4f 43 7b 72 5c 00 00 14 0c
1600,76800,WL,flash_sample,48,45.748,1,111,1,1,1,1,0,1,1,0,1600,45748,0.0366,0.029768,-1.027728,0.041668,0.020834,-1.35421,-0.14,-0.14,-0.14,53.7578125,98341,54.55,251.446716309,5.132,57 4c 01 6f 00 00 06 40 00 00 b2 b4 00 4b 00 3d f7 c6 00 04 00 02 ff 7e ff fe ff fe ff fe 1c c2 00 01 80 25 00 00 15 4f 43 7b 72 5c 00 00 14 0c
1601,76848,WL,flash_sample,48,45.768,1,111,1,1,1,1,0,1,1,0,1601,45768,0.0366,0.029768,-1.027728,0.041668,0.020834,-1.35421,-0.14,-0.14,-0.14,53.7578125,98341,54.55,251.446716309,5.132,57 4c 01 6f 00 00 06 41 00 00 b2 c8 00 4b 00 3d f7 c6 00 04 00 02 ff 7e ff fe ff fe ff fe 1c c2 00 01 80 25 00 00 15 4f 43 7b 72 5c 00 00 14 0c
1602,76896,WL,flash_sample,48,45.788,1,111,1,1,1,1,0,1,1,0,1602,45788,0.0366,0.029768,-1.027728,0.041668,0.020834,-1.35421,-0.14,-0.14,-0.14,53.7578125,98341,54.55,251.446716309,5.132,57 4c 01 6f 00 00 06 42 00 00 b2 dc 00 4b 00 3d f7 c6 00 04 00 02 ff 7e ff fe ff fe ff fe 1c c2 00 01 80 25 00 00 15 4f 43 7b 72 5c 00 00 14 0c
1603,76944,WL,flash_sample,48,45.81,1,111,1,1,1,1,0,1,1,0,1603,45810,0.035136,0.03172,-1.028216,0.031251,0.0,-1.312542,-0.21,0.07,-0.35,53.7265625,98341,54.55,251.446716309,5.132,57 4c 01 6f 00 00 06 43 00 00 b2 f2 00 48 00 41 f7 c5 00 03 00 00 ff 82 ff fd 00 01 ff fb 1c ba 00 01 80 25 00 00 15 4f 43 7b 72 5c 00 00 14 0c
1604,76992,WL,flash_sample,48,45.828,1,111,1,1,1,1,0,1,1,0,1604,45828,0.035136,0.03172,-1.028216,0.031251,0.0,-1.312542,-0.21,0.07,-0.35,53.7265625,98341,54.55,251.446716309,5.132,57 4c 01 6f 00 00 06 44 00 00 b3 04 00 48 00 41 f7 c5 00 03 00 00 ff 82 ff fd 00 01 ff fb 1c ba 00 01 80 25 00 00 15 4f 43 7b 72 5c 00 00 14 0c
1605,77040,WL,flash_sample,48,45.848,1,111,1,1,1,1,0,1,1,0,1605,45848,0.035136,0.03172,-1.028216,0.031251,0.0,-1.312542,-0.21,0.07,-0.35,53.7265625,98341,54.55,251.446716309,5.132,57 4c 01 6f 00 00 06 45 00 00 b3 18 00 48 00 41 f7 c5 00 03 00 00 ff 82 ff fd 00 01 ff fb 1c ba 00 01 80 25 00 00 15 4f 43 7b 72 5c 00 00 14 0c
1606,77088,WL,flash_sample,48,45.868,1,111,1,1,1,1,0,1,1,0,1606,45868,0.036112,0.03172,-1.028216,0.041668,0.0,-1.333376,-0.21,0.07,-0.35,53.734375,98391,54.33,247.1847229,5.132,57 4c 01 6f 00 00 06 46 00 00 b3 2c 00 4a 00 41 f7 c5 00 04 00 00 ff 80 ff fd 00 01 ff fb 1c bc 00 01 80 57 00 00 15 39 43 77 2f 4a 00 00 14 0c
1607,77136,WL,flash_sample,48,45.888,1,111,1,1,1,1,0,1,1,0,1607,45888,0.036112,0.03172,-1.028216,0.041668,0.0,-1.333376,-0.21,0.07,-0.35,53.734375,98391,54.33,247.1847229,5.132,57 4c 01 6f 00 00 06 47 00 00 b3 40 00 4a 00 41 f7 c5 00 04 00 00 ff 80 ff fd 00 01 ff fb 1c bc 00 01 80 57 00 00 15 39 43 77 2f 4a 00 00 14 0c
1608,77184,WL,flash_sample,48,45.908,1,111,1,1,1,1,0,1,1,0,1608,45908,0.036112,0.03172,-1.028216,0.041668,0.0,-1.333376,-0.21,0.07,-0.35,53.734375,98391,54.33,247.1847229,5.132,57 4c 01 6f 00 00 06 48 00 00 b3 54 00 4a 00 41 f7 c5 00 04 00 00 ff 80 ff fd 00 01 ff fb 1c bc 00 01 80 57 00 00 15 39 43 77 2f 4a 00 00 14 0c
1609,77232,WL,flash_sample,48,45.928,1,111,1,1,1,1,0,1,1,0,1609,45928,0.036112,0.03172,-1.028216,0.041668,0.0,-1.333376,-0.21,0.07,-0.35,53.734375,98391,54.33,247.1847229,5.132,57 4c 01 6f 00 00 06 49 00 00 b3 68 00 4a 00 41 f7 c5 00 04 00 00 ff 80 ff fd 00 01 ff fb 1c bc 00 01 80 57 00 00 15 39 43 77 2f 4a 00 00 14 0c
1610,77280,WL,flash_sample,48,45.948,1,103,1,1,1,0,0,1,1,0,1610,45948,0.0366,0.03172,-1.028704,0.020834,-0.010417,-1.35421,-0.84,-0.84,1.54,53.75,98339,53.99,251.618453979,5.144,57 4c 01 67 00 00 06 4a 00 00 b3 7c 00 4b 00 41 f7 c4 00 02 ff ff ff 7e ff f4 ff f4 00 16 1c c0 00 01 80 23 00 00 15 17 43 7b 9e 53 00 00 14 18
1611,77328,WL,flash_sample,48,45.968,1,103,1,1,1,0,0,1,1,0,1611,45968,0.035136,0.03172,-1.02724,0.041668,-0.010417,-1.35421,-1.89,0.0,2.73,53.765625,98322,53.94,253.069061279,5.144,57 4c 01 67 00 00 06 4b 00 00 b3 90 00 48 00 41 f7 c7 00 04 ff ff ff 7e ff e5 00 00 00 27 1c c4 00 01 80 12 00 00 15 12 43 7d 11 ae 00 00 14 18
1612,77376,WL,flash_sample,48,45.988,1,103,1,1,1,0,0,1,1,0,1612,45988,0.036112,0.030744,-1.029192,0.020834,-0.020834,-1.35421,-2.87,0.77,3.36,53.7734375,98323,54.01,252.981872559,5.144,57 4c 01 67 00 00 06 4c 00 00 b3 a4 00 4a 00 3f f7 c3 00 02 ff fe ff 7e ff d7 00 0b 00 30 1c c6 00 01 80 13 00 00 15 19 43 7c fb 5c 00 00 14 18
1613,77424,WL,flash_sample,48,46.008,1,111,1,1,1,1,0,1,1,0,1613,46008,0.035624,0.032208,-1.029192,0.052085,-0.020834,-1.333376,-3.15,1.54,2.87,53.7578125,98322,54.07,253.069061279,5.144,57 4c 01 6f 00 00 06 4d 00 00 b3 b8 00 49 00 42 f7 c3 00 05 ff fe ff 80 ff d3 00 16 00 29 1c c2 00 01 80 12 00 00 15 1f 43 7d 11 ae 00 00 14 18
1614,77472,WL,flash_sample,48,46.028,1,111,1,1,1,1,0,1,1,0,1614,46028,0.035624,0.031232,-1.02968,0.0,-0.041668,-1.322959,-3.15,1.47,2.8,53.75,98323,54.14,252.981872559,5.14,57 4c 01 6f 00 00 06 4e 00 00 b3 cc 00 49 00 40 f7 c2 00 00 ff fc ff 81 ff d3 00 15 00 28 1c c0 00 01 80 13 00 00 15 26 43 7c fb 5c 00 00 14 14
1615,77520,WL,flash_sample,48,46.048,1,111,1,1,1,1,0,1,1,0,1615,46048,0.035136,0.032208,-1.02968,0.031251,-0.020834,-1.322959,-3.15,1.47,2.94,53.7578125,98326,54.19,252.728210449,5.14,57 4c 01 6f 00 00 06 4f 00 00 b3 e0 00 48 00 42 f7 c2 00 03 ff fe ff 81 ff d3 00 15 00 2a 1c c2 00 01 80 16 00 00 15 2b 43 7c ba 6c 00 00 14 14
1616,77568,WL,flash_sample,48,46.068,1,111,1,1,1,1,0,1,1,0,1616,46068,0.035136,0.03172,-1.030168,0.031251,0.0,-1.35421,-3.15,1.54,2.8,53.7421875,98329,54.25,252.471908569,5.14,57 4c 01 6f 00 00 06 50 00 00 b3 f4 00 48 00 41 f7 c1 00 03 00 00 ff 7e ff d3 00 16 00 28 1c be 00 01 80 19 00 00 15 31 43 7c 78 cf 00 00 14 14
1617,77616,WL,flash_sample,48,46.088,1,103,1,1,1,0,0,1,1,0,1617,46088,0.036112,0.03172,-1.028704,0.052085,0.020834,-1.302125,-3.29,1.89,2.66,53.734375,98325,54.29,252.812774658,5.14,57 4c 01 67 00 00 06 51 00 00 b4 08 00 4a 00 41 f7 c4 00 05 00 02 ff 83 ff d1 00 1b 00 26 1c bc 00 01 80 15 00 00 15 35 43 7c d0 12 00 00 14 14
1618,77664,WL,flash_sample,48,46.108,1,103,1,1,1,0,0,1,1,0,1618,46108,0.036112,0.03172,-1.029192,0.041668,-0.020834,-1.322959,-3.22,1.54,2.8,53.765625,98330,54.34,252.384719849,5.14,57 4c 01 67 00 00 06 52 00 00 b4 1c 00 4a 00 41 f7 c3 00 04 ff fe ff 81 ff d2 00 16 00 28 1c c4 00 01 80 1a 00 00 15 3a 43 7c 62 7d 00 00 14 14
1619,77712,WL,flash_sample,48,46.128,1,103,1,1,1,0,0,1,1,0,1619,46128,0.036112,0.03172,-1.029192,0.041668,-0.020834,-1.322959,-3.22,1.54,2.8,53.765625,98330,54.34,252.384719849,5.14,57 4c 01 67 00 00 06 53 00 00 b4 30 00 4a 00 41 f7 c3 00 04 ff fe ff 81 ff d2 00 16 00 28 1c c4 00 01 80 1a 00 00 15 3a 43 7c 62 7d 00 00 14 14
1620,77760,WL,flash_sample,48,46.148,1,103,1,1,1,0,0,1,1,0,1620,46148,0.036112,0.03172,-1.029192,0.041668,-0.020834,-1.322959,-3.22,1.54,2.8,53.765625,98330,54.34,252.384719849,5.14,57 4c 01 67 00 00 06 54 00 00 b4 44 00 4a 00 41 f7 c3 00 04 ff fe ff 81 ff d2 00 16 00 28 1c c4 00 01 80 1a 00 00 15 3a 43 7c 62 7d 00 00 14 14
1621,77808,WL,flash_sample,48,46.168,1,103,1,1,1,0,0,1,1,0,1621,46168,0.036112,0.03172,-1.029192,0.041668,-0.020834,-1.322959,-3.22,1.54,2.8,53.765625,98330,54.34,252.384719849,5.14,57 4c 01 67 00 00 06 55 00 00 b4 58 00 4a 00 41 f7 c3 00 04 ff fe ff 81 ff d2 00 16 00 28 1c c4 00 01 80 1a 00 00 15 3a 43 7c 62 7d 00 00 14 14
1622,77856,WL,flash_sample,48,46.191,1,65,1,0,0,0,0,0,1,0,1622,46191,0.035624,0.031232,-1.027728,0.062502,-0.041668,-1.343793,-0.21,-0.56,0.28,53.75,98330,54.34,252.384719849,5.136,57 4c 01 41 00 00 06 56 00 00 b4 6f 00 49 00 40 f7 c6 00 06 ff fc ff 7f ff fd ff f8 00 04 1c c0 00 01 80 1a 00 00 15 3a 43 7c 62 7d 00 00 14 10
1623,77904,WL,flash_sample,48,46.208,1,103,1,1,1,0,0,1,1,0,1623,46208,0.035136,0.031232,-1.029192,0.010417,-0.031251,-1.343793,-1.19,-0.49,2.03,53.7421875,98372,54.39,248.804443359,5.136,57 4c 01 67 00 00 06 57 00 00 b4 80 00 48 00 40 f7 c3 00 01 ff fd ff 7f ff ef ff f9 00 1d 1c be 00 01 80 44 00 00 15 3f 43 78 cd f0 00 00 14 10
1624,77952,WL,flash_sample,48,46.228,1,103,1,1,1,0,0,1,1,0,1624,46228,0.034648,0.031232,-1.029192,0.041668,-0.010417,-1.333376,-2.17,0.21,3.08,53.78125,98328,54.24,252.556472778,5.132,57 4c 01 67 00 00 06 58 00 00 b4 94 00 47 00 40 f7 c3 00 04 ff ff ff 80 ff e1 00 03 00 2c 1c c8 00 01 80 18 00 00 15 30 43 7c 8e 75 00 00 14 0c
1625,78000,WL,flash_sample,48,46.248,1,110,0,1,1,1,0,1,1,0,1625,46248,0.036112,0.03172,-1.028216,0.031251,0.010417,-1.322959,-3.15,1.54,2.8,53.75,98330,54.28,252.384719849,5.132,57 4c 01 6e 00 00 06 59 00 00 b4 a8 00 4a 00 41 f7 c5 00 03 00 01 ff 81 ff d3 00 16 00 28 1c c0 00 01 80 1a 00 00 15 34 43 7c 62 7d 00 00 14 0c
1626,78048,WL,flash_sample,48,46.268,1,110,0,1,1,1,0,1,1,0,1626,46268,0.036112,0.031232,-1.029192,0.052085,0.010417,-1.322959,-3.15,1.54,2.8,53.78125,98327,54.33,252.641021729,5.132,57 4c 01 6e 00 00 06 5a 00 00 b4 bc 00 4a 00 40 f7 c3 00 05 00 01 ff 81 ff d3 00 16 00 28 1c c8 00 01 80 17 00 00 15 39 43 7c a4 1a 00 00 14 0c
1627,78096,WL,flash_sample,48,46.289,1,110,0,1,1,1,0,1,1,0,1627,46289,0.035136,0.03172,-1.030168,0.041668,0.0,-1.375044,-3.15,1.54,2.87,53.80078125,98331,54.38,252.300170898,5.132,57 4c 01 6e 00 00 06 5b 00 00 b4 d1 00 48 00 41 f7 c1 00 04 00 00 ff 7c ff d3 00 16 00 29 1c cd 00 01 80 1b 00 00 15 3e 43 7c 4c d8 00 00 14 0c
1628,78144,WL,flash_sample,48,46.308,1,102,0,1,1,0,0,1,1,0,1628,46308,0.035624,0.032208,-1.030168,0.031251,0.0,-1.343793,-3.15,1.54,2.87,53.7734375,98332,54.42,252.215606689,5.132,57 4c 01 66 00 00 06 5c 00 00 b4 e4 00 49 00 42 f7 c1 00 03 00 00 ff 7f ff d3 00 16 00 29 1c c6 00 01 80 1c 00 00 15 42 43 7c 37 32 00 00 14 0c
1629,78192,WL,flash_sample,48,46.328,1,102,0,1,1,0,0,1,1,0,1629,46328,0.035624,0.031232,-1.02968,0.062502,0.0,-1.385461,-3.15,1.54,2.87,53.80078125,98334,54.46,252.043869019,5.132,57 4c 01 66 00 00 06 5d 00 00 b4 f8 00 49 00 40 f7 c2 00 06 00 00 ff 7b ff d3 00 16 00 29 1c cd 00 01 80 1e 00 00 15 46 43 7c 0b 3b 00 00 14 0c
1630,78240,WL,flash_sample,48,46.348,1,102,0,1,1,0,0,1,1,0,1630,46348,0.035624,0.03172,-1.030168,0.031251,-0.010417,-1.35421,-3.22,1.54,2.87,53.80078125,98334,54.49,252.043869019,5.132,57 4c 01 66 00 00 06 5e 00 00 b5 0c 00 49 00 41 f7 c1 00 03 ff ff ff 7e ff d2 00 16 00 29 1c cd 00 01 80 1e 00 00 15 49 43 7c 0b 3b 00 00 14 0c
1631,78288,WL,flash_sample,48,46.368,1,110,0,1,1,1,0,1,1,0,1631,46368,0.036112,0.030744,-1.02968,0.062502,0.010417,-1.322959,-3.15,1.47,2.87,53.80859375,98335,54.53,251.959320068,5.132,57 4c 01 6e 00 00 06 5f 00 00 b5 20 00 4a 00 3f f7 c2 00 06 00 01 ff 81 ff d3 00 15 00 29 1c cf 00 01 80 1f 00 00 15 4d 43 7b f5 96 00 00 14 0c
1632,78336,WL,flash_sample,48,46.388,1,110,0,1,1,1,0,1,1,0,1632,46388,0.036112,0.030744,-1.02968,0.062502,0.010417,-1.322959,-3.15,1.47,2.87,53.80859375,98335,54.53,251.959320068,5.132,57 4c 01 6e 00 00 06 60 00 00 b5 34 00 4a 00 3f f7 c2 00 06 00 01 ff 81 ff d3 00 15 00 29 1c cf 00 01 80 1f 00 00 15 4d 43 7b f5 96 00 00 14 0c
1633,78384,WL,flash_sample,48,46.408,1,110,0,1,1,1,0,1,1,0,1633,46408,0.036112,0.030744,-1.02968,0.062502,0.010417,-1.322959,-3.15,1.47,2.87,53.80859375,98335,54.53,251.959320068,5.132,57 4c 01 6e 00 00 06 61 00 00 b5 48 00 4a 00 3f f7 c2 00 06 00 01 ff 81 ff d3 00 15 00 29 1c cf 00 01 80 1f 00 00 15 4d 43 7b f5 96 00 00 14 0c
1634,78432,WL,flash_sample,48,46.428,1,110,0,1,1,1,0,1,1,0,1634,46428,0.036112,0.030744,-1.02968,0.062502,0.010417,-1.322959,-3.15,1.47,2.87,53.80859375,98335,54.53,251.959320068,5.132,57 4c 01 6e 00 00 06 62 00 00 b5 5c 00 4a 00 3f f7 c2 00 06 00 01 ff 81 ff d3 00 15 00 29 1c cf 00 01 80 1f 00 00 15 4d 43 7b f5 96 00 00 14 0c
1635,78480,WL,flash_sample,48,46.448,1,102,0,1,1,0,0,1,1,0,1635,46448,0.035624,0.03172,-1.027728,0.072919,-0.010417,-1.322959,-0.49,-1.05,1.26,53.7734375,98379,54.56,248.207290649,5.144,57 4c 01 66 00 00 06 63 00 00 b5 70 00 49 00 41 f7 c6 00 07 ff ff ff 81 ff f9 ff f1 00 12 1c c6 00 01 80 4b 00 00 15 50 43 78 35 11 00 00 14 18
1636,78528,WL,flash_sample,48,46.468,1,102,0,1,1,0,0,1,1,0,1636,46468,0.035624,0.031232,-1.028704,0.031251,-0.010417,-1.333376,-1.54,-0.21,2.45,53.79296875,98332,54.36,252.215606689,5.144,57 4c 01 66 00 00 06 64 00 00 b5 84 00 49 00 40 f7 c4 00 03 ff ff ff 80 ff ea ff fd 00 23 1c cb 00 01 80 1c 00 00 15 3c 43 7c 37 32 00 00 14 18
1637,78576,WL,flash_sample,48,46.488,1,110,0,1,1,1,0,1,1,0,1637,46488,0.035624,0.030744,-1.030168,0.041668,-0.031251,-1.333376,-3.08,1.26,3.15,53.765625,98332,54.4,252.215606689,5.144,57 4c 01 6e 00 00 06 65 00 00 b5 98 00 49 00 3f f7 c1 00 04 ff fd ff 80 ff d4 00 12 00 2d 1c c4 00 01 80 1c 00 00 15 40 43 7c 37 32 00 00 14 18
1638,78624,WL,flash_sample,48,46.508,1,110,0,1,1,1,0,1,1,0,1638,46508,0.035624,0.031232,-1.030168,0.041668,-0.031251,-1.302125,-3.15,1.54,2.87,53.8203125,98337,54.44,251.787567139,5.144,57 4c 01 6e 00 00 06 66 00 00 b5 ac 00 49 00 40 f7 c1 00 04 ff fd ff 83 ff d3 00 16 00 29 1c d2 00 01 80 21 00 00 15 44 43 7b c9 9e 00 00 14 18
1639,78672,WL,flash_sample,48,46.528,1,110,0,1,1,1,0,1,1,0,1639,46528,0.035624,0.031232,-1.028704,0.010417,0.020834,-1.35421,-3.15,1.54,2.8,53.77734375,98334,54.48,252.043869019,5.136,57 4c 01 6e 00 00 06 67 00 00 b5 c0 00 49 00 40 f7 c4 00 01 00 02 ff 7e ff d3 00 16 00 28 1c c7 00 01 80 1e 00 00 15 48 43 7c 0b 3b 00 00 14 10
1640,78720,WL,flash_sample,48,46.548,1,102,0,1,1,0,0,1,1,0,1640,46548,0.035624,0.032208,-1.028216,0.062502,-0.041668,-1.322959,-3.15,1.54,2.87,53.81640625,98334,54.51,252.043869019,5.136,57 4c 01 66 00 00 06 68 00 00 b5 d4 00 49 00 42 f7 c5 00 06 ff fc ff 81 ff d3 00 16 00 29 1c d1 00 01 80 1e 00 00 15 4b 43 7c 0b 3b 00 00 14 10
1641,78768,WL,flash_sample,48,46.568,1,102,0,1,1,0,0,1,1,0,1641,46568,0.036112,0.03172,-1.028216,0.020834,0.010417,-1.322959,-3.15,1.54,2.8,53.80078125,98336,54.55,251.874755859,5.136,57 4c 01 66 00 00 06 69 00 00 b5 e8 00 4a 00 41 f7 c5 00 02 00 01 ff 81 ff d3 00 16 00 28 1c cd 00 01 80 20 00 00 15 4f 43 7b df f0 00 00 14 10
1642,78816,WL,flash_sample,48,46.588,1,110,0,1,1,1,0,1,1,0,1642,46588,0.035624,0.03172,-1.028704,0.020834,-0.020834,-1.343793,-3.15,1.54,2.87,53.79296875,98334,54.58,252.043869019,5.136,57 4c 01 6e 00 00 06 6a 00 00 b5 fc 00 49 00 41 f7 c4 00 02 ff fe ff 7f ff d3 00 16 00 29 1c cb 00 01 80 1e 00 00 15 52 43 7c 0b 3b 00 00 14 10
1643,78864,WL,flash_sample,48,46.608,1,110,0,1,1,1,0,1,1,0,1643,46608,0.0366,0.031232,-1.029192,0.010417,0.010417,-1.343793,-3.15,1.61,2.87,53.7734375,98335,54.61,251.959320068,5.136,57 4c 01 6e 00 00 06 6b 00 00 b6 10 00 4b 00 40 f7 c3 00 01 00 01 ff 7f ff d3 00 17 00 29 1c c6 00 01 80 1f 00 00 15 55 43 7b f5 96 00 00 14 10
1644,78912,WL,flash_sample,48,46.628,1,110,0,1,1,1,0,1,1,0,1644,46628,0.0366,0.031232,-1.029192,0.010417,0.010417,-1.343793,-3.15,1.61,2.87,53.7734375,98335,54.61,251.959320068,5.136,57 4c 01 6e 00 00 06 6c 00 00 b6 24 00 4b 00 40 f7 c3 00 01 00 01 ff 7f ff d3 00 17 00 29 1c c6 00 01 80 1f 00 00 15 55 43 7b f5 96 00 00 14 10
1645,78960,WL,flash_sample,48,46.648,1,110,0,1,1,1,0,1,1,0,1645,46648,0.0366,0.031232,-1.029192,0.010417,0.010417,-1.343793,-3.15,1.61,2.87,53.7734375,98335,54.61,251.959320068,5.136,57 4c 01 6e 00 00 06 6d 00 00 b6 38 00 4b 00 40 f7 c3 00 01 00 01 ff 7f ff d3 00 17 00 29 1c c6 00 01 80 1f 00 00 15 55 43 7b f5 96 00 00 14 10
1646,79008,WL,flash_sample,48,46.668,1,110,0,1,1,1,0,1,1,0,1646,46668,0.0366,0.031232,-1.029192,0.010417,0.010417,-1.343793,-3.15,1.61,2.87,53.7734375,98335,54.61,251.959320068,5.136,57 4c 01 6e 00 00 06 6e 00 00 b6 4c 00 4b 00 40 f7 c3 00 01 00 01 ff 7f ff d3 00 17 00 29 1c c6 00 01 80 1f 00 00 15 55 43 7b f5 96 00 00 14 10
1647,79056,WL,flash_sample,48,46.69,1,110,0,1,1,1,0,1,1,0,1647,46690,0.035136,0.03172,-1.028216,0.031251,-0.010417,-1.35421,-0.21,0.07,-0.35,53.765625,98335,54.61,251.959320068,5.124,57 4c 01 6e 00 00 06 6f 00 00 b6 62 00 48 00 41 f7 c5 00 03 ff ff ff 7e ff fd 00 01 ff fb 1c c4 00 01 80 1f 00 00 15 55 43 7b f5 96 00 00 14 04
1648,79104,WL,flash_sample,48,46.708,1,110,0,1,1,1,0,1,1,0,1648,46708,0.035136,0.03172,-1.028216,0.031251,-0.010417,-1.35421,-0.21,0.07,-0.35,53.765625,98335,54.61,251.959320068,5.124,57 4c 01 6e 00 00 06 70 00 00 b6 74 00 48 00 41 f7 c5 00 03 ff ff ff 7e ff fd 00 01 ff fb 1c c4 00 01 80 1f 00 00 15 55 43 7b f5 96 00 00 14 04
1649,79152,WL,flash_sample,48,46.728,1,110,0,1,1,1,0,1,1,0,1649,46728,0.035136,0.03172,-1.028216,0.031251,-0.010417,-1.35421,-0.21,0.07,-0.35,53.765625,98335,54.61,251.959320068,5.124,57 4c 01 6e 00 00 06 71 00 00 b6 88 00 48 00 41 f7 c5 00 03 ff ff ff 7e ff fd 00 01 ff fb 1c c4 00 01 80 1f 00 00 15 55 43 7b f5 96 00 00 14 04
1650,79200,WL,flash_sample,48,46.748,1,110,0,1,1,1,0,1,1,0,1650,46748,0.035136,0.03172,-1.028216,0.031251,-0.010417,-1.35421,-0.21,0.07,-0.35,53.765625,98335,54.61,251.959320068,5.124,57 4c 01 6e 00 00 06 72 00 00 b6 9c 00 48 00 41 f7 c5 00 03 ff ff ff 7e ff fd 00 01 ff fb 1c c4 00 01 80 1f 00 00 15 55 43 7b f5 96 00 00 14 04
1651,79248,WL,flash_sample,48,46.768,1,110,0,1,1,1,0,1,1,0,1651,46768,0.035136,0.03172,-1.028216,0.031251,-0.010417,-1.35421,-0.21,0.07,-0.35,53.765625,98335,54.61,251.959320068,5.124,57 4c 01 6e 00 00 06 73 00 00 b6 b0 00 48 00 41 f7 c5 00 03 ff ff ff 7e ff fd 00 01 ff fb 1c c4 00 01 80 1f 00 00 15 55 43 7b f5 96 00 00 14 04
1652,79296,WL,flash_sample,48,46.788,1,110,0,1,1,1,0,1,1,0,1652,46788,0.035136,0.03172,-1.028216,0.031251,-0.010417,-1.35421,-0.21,0.07,-0.35,53.765625,98335,54.61,251.959320068,5.124,57 4c 01 6e 00 00 06 74 00 00 b6 c4 00 48 00 41 f7 c5 00 03 ff ff ff 7e ff fd 00 01 ff fb 1c c4 00 01 80 1f 00 00 15 55 43 7b f5 96 00 00 14 04
1653,79344,WL,flash_sample,48,46.808,1,110,0,1,1,1,0,1,1,0,1653,46808,0.035136,0.03172,-1.028216,0.031251,-0.010417,-1.35421,-0.21,0.07,-0.35,53.765625,98335,54.61,251.959320068,5.124,57 4c 01 6e 00 00 06 75 00 00 b6 d8 00 48 00 41 f7 c5 00 03 ff ff ff 7e ff fd 00 01 ff fb 1c c4 00 01 80 1f 00 00 15 55 43 7b f5 96 00 00 14 04
1654,79392,WL,flash_sample,48,46.828,1,110,0,1,1,1,0,1,1,0,1654,46828,0.035136,0.03172,-1.028704,0.062502,-0.010417,-1.35421,-0.21,0.07,-0.35,53.79296875,98386,54.64,247.610122681,5.124,57 4c 01 6e 00 00 06 76 00 00 b6 ec 00 48 00 41 f7 c4 00 06 ff ff ff 7e ff fd 00 01 ff fb 1c cb 00 01 80 52 00 00 15 58 43 77 9c 31 00 00 14 04
1655,79440,WL,flash_sample,48,46.848,1,110,0,1,1,1,0,1,1,0,1655,46848,0.035136,0.03172,-1.028704,0.062502,-0.010417,-1.35421,-0.21,0.07,-0.35,53.79296875,98386,54.64,247.610122681,5.124,57 4c 01 6e 00 00 06 77 00 00 b7 00 00 48 00 41 f7 c4 00 06 ff ff ff 7e ff fd 00 01 ff fb 1c cb 00 01 80 52 00 00 15 58 43 77 9c 31 00 00 14 04
1656,79488,WL,flash_sample,48,46.869,1,110,0,1,1,1,0,1,1,0,1656,46869,0.035624,0.031232,-1.027728,0.031251,-0.010417,-1.322959,-0.21,0.07,-0.35,53.80078125,98386,54.64,247.610122681,5.124,57 4c 01 6e 00 00 06 78 00 00 b7 15 00 49 00 40 f7 c6 00 03 ff ff ff 81 ff fd 00 01 ff fb 1c cd 00 01 80 52 00 00 15 58 43 77 9c 31 00 00 14 04
1657,79536,WL,flash_sample,48,46.888,1,110,0,1,1,1,0,1,1,0,1657,46888,0.035624,0.031232,-1.027728,0.031251,-0.010417,-1.322959,-0.21,0.07,-0.35,53.80078125,98386,54.64,247.610122681,5.124,57 4c 01 6e 00 00 06 79 00 00 b7 28 00 49 00 40 f7 c6 00 03 ff ff ff 81 ff fd 00 01 ff fb 1c cd 00 01 80 52 00 00 15 58 43 77 9c 31 00 00 14 04
1658,79584,WL,flash_sample,48,46.908,1,110,0,1,1,1,0,1,1,0,1658,46908,0.035624,0.031232,-1.027728,0.031251,-0.010417,-1.322959,-0.21,0.07,-0.35,53.80078125,98386,54.64,247.610122681,5.124,57 4c 01 6e 00 00 06 7a 00 00 b7 3c 00 49 00 40 f7 c6 00 03 ff ff ff 81 ff fd 00 01 ff fb 1c cd 00 01 80 52 00 00 15 58 43 77 9c 31 00 00 14 04
1659,79632,WL,flash_sample,48,46.928,1,110,0,1,1,1,0,1,1,0,1659,46928,0.035624,0.031232,-1.027728,0.031251,-0.010417,-1.322959,-0.21,0.07,-0.35,53.80078125,98386,54.64,247.610122681,5.124,57 4c 01 6e 00 00 06 7b 00 00 b7 50 00 49 00 40 f7 c6 00 03 ff ff ff 81 ff fd 00 01 ff fb 1c cd 00 01 80 52 00 00 15 58 43 77 9c 31 00 00 14 04
1660,79680,WL,flash_sample,48,46.953,1,64,0,0,0,0,0,0,1,0,1660,46953,0.035136,0.031232,-1.027728,0.052085,0.0,-1.322959,-0.21,-0.56,0.35,53.80078125,98346,54.09,251.02130127,5.144,57 4c 01 40 00 00 06 7c 00 00 b7 69 00 48 00 40 f7 c6 00 05 00 00 ff 81 ff fd ff f8 00 05 1c cd 00 01 80 2a 00 00 15 21 43 7b 05 74 00 00 14 18
1661,79728,WL,flash_sample,48,46.968,1,110,0,1,1,1,0,1,1,0,1661,46968,0.035624,0.03172,-1.027728,0.031251,0.0,-1.333376,-1.26,-0.49,2.03,53.79296875,98323,53.94,252.981872559,5.144,57 4c 01 6e 00 00 06 7d 00 00 b7 78 00 49 00 41 f7 c6 00 03 00 00 ff 80 ff ee ff f9 00 1d 1c cb 00 01 80 13 00 00 15 12 43 7c fb 5c 00 00 14 18
1662,79776,WL,flash_sample,48,46.988,1,110,0,1,1,1,0,1,1,0,1662,46988,0.035624,0.03172,-1.028216,0.010417,0.0,-1.302125,-2.24,0.21,3.08,53.79296875,98324,54.03,252.897323608,5.144,57 4c 01 6e 00 00 06 7e 00 00 b7 8c 00 49 00 41 f7 c5 00 01 00 00 ff 83 ff e0 00 03 00 2c 1c cb 00 01 80 14 00 00 15 1b 43 7c e5 b7 00 00 14 18
1663,79824,WL,flash_sample,48,47.008,1,102,0,1,1,0,0,1,1,0,1663,47008,0.036112,0.03172,-1.029192,0.062502,0.0,-1.35421,-3.22,1.54,2.87,53.79296875,98324,54.09,252.897323608,5.144,57 4c 01 66 00 00 06 7f 00 00 b7 a0 00 4a 00 41 f7 c3 00 06 00 00 ff 7e ff d2 00 16 00 29 1c cb 00 01 80 14 00 00 15 21 43 7c e5 b7 00 00 14 18
1664,79872,WL,flash_sample,48,47.028,1,102,0,1,1,0,0,1,1,0,1664,47028,0.035624,0.032208,-1.029192,0.031251,-0.041668,-1.322959,-3.08,1.54,2.87,53.828125,98324,54.16,252.897323608,5.132,57 4c 01 66 00 00 06 80 00 00 b7 b4 00 49 00 42 f7 c3 00 03 ff fc ff 81 ff d4 00 16 00 29 1c d4 00 01 80 14 00 00 15 28 43 7c e5 b7 00 00 14 0c
1665,79920,WL,flash_sample,48,47.049,1,102,0,1,1,0,0,1,1,0,1665,47049,0.034648,0.031232,-1.030656,0.062502,0.010417,-1.375044,-3.15,1.47,2.87,53.796875,98325,54.22,252.812774658,5.132,57 4c 01 66 00 00 06 81 00 00 b7 c9 00 47 00 40 f7 c0 00 06 00 01 ff 7c ff d3 00 15 00 29 1c cc 00 01 80 15 00 00 15 2e 43 7c d0 12 00 00 14 0c
1666,79968,WL,flash_sample,48,47.068,1,110,0,1,1,1,0,1,1,0,1666,47068,0.036112,0.03172,-1.02968,0.062502,0.020834,-1.312542,-3.15,1.54,2.87,53.81640625,98324,54.27,252.897323608,5.132,57 4c 01 6e 00 00 06 82 00 00 b7 dc 00 4a 00 41 f7 c2 00 06 00 02 ff 82 ff d3 00 16 00 29 1c d1 00 01 80 14 00 00 15 33 43 7c e5 b7 00 00 14 0c
1667,80016,WL,flash_sample,48,47.088,1,110,0,1,1,1,0,1,1,0,1667,47088,0.036112,0.032208,-1.02968,0.062502,-0.010417,-1.35421,-3.36,1.82,2.59,53.80078125,98327,54.32,252.641021729,5.132,57 4c 01 6e 00 00 06 83 00 00 b7 f0 00 4a 00 42 f7 c2 00 06 ff ff ff 7e ff d0 00 1a 00 25 1c cd 00 01 80 17 00 00 15 38 43 7c a4 1a 00 00 14 0c
1668,80064,WL,flash_sample,48,47.108,1,110,0,1,1,1,0,1,1,0,1668,47108,0.035136,0.031232,-1.02968,0.031251,-0.010417,-1.35421,-3.15,1.47,2.87,53.86328125,98327,54.38,252.641021729,5.132,57 4c 01 6e 00 00 06 84 00 00 b8 04 00 48 00 40 f7 c2 00 03 ff ff ff 7e ff d3 00 15 00 29 1c dd 00 01 80 17 00 00 15 3e 43 7c a4 1a 00 00 14 0c
1669,80112,WL,flash_sample,48,47.128,1,110,0,1,1,1,0,1,1,0,1669,47128,0.036112,0.031232,-1.028704,0.052085,-0.031251,-1.343793,-3.15,1.54,2.8,53.8046875,98327,54.38,252.641021729,5.124,57 4c 01 6e 00 00 06 85 00 00 b8 18 00 4a 00 40 f7 c4 00 05 ff fd ff 7f ff d3 00 16 00 28 1c ce 00 01 80 17 00 00 15 3e 43 7c a4 1a 00 00 14 04
1670,80160,WL,flash_sample,48,47.148,1,110,0,1,1,1,0,1,1,0,1670,47148,0.036112,0.031232,-1.028704,0.052085,-0.031251,-1.343793,-3.15,1.54,2.8,53.8046875,98327,54.38,252.641021729,5.124,57 4c 01 6e 00 00 06 86 00 00 b8 2c 00 4a 00 40 f7 c4 00 05 ff fd ff 7f ff d3 00 16 00 28 1c ce 00 01 80 17 00 00 15 3e 43 7c a4 1a 00 00 14 04
1671,80208,WL,flash_sample,48,47.168,1,110,0,1,1,1,0,1,1,0,1671,47168,0.036112,0.031232,-1.028704,0.052085,-0.031251,-1.343793,-3.15,1.54,2.8,53.8046875,98327,54.38,252.641021729,5.124,57 4c 01 6e 00 00 06 87 00 00 b8 40 00 4a 00 40 f7 c4 00 05 ff fd ff 7f ff d3 00 16 00 28 1c ce 00 01 80 17 00 00 15 3e 43 7c a4 1a 00 00 14 04
1672,80256,WL,flash_sample,48,47.188,1,110,0,1,1,1,0,1,1,0,1672,47188,0.036112,0.031232,-1.028704,0.052085,-0.031251,-1.343793,-3.15,1.54,2.8,53.8046875,98327,54.38,252.641021729,5.124,57 4c 01 6e 00 00 06 88 00 00 b8 54 00 4a 00 40 f7 c4 00 05 ff fd ff 7f ff d3 00 16 00 28 1c ce 00 01 80 17 00 00 15 3e 43 7c a4 1a 00 00 14 04
1673,80304,WL,flash_sample,48,47.208,1,110,0,1,1,1,0,1,1,0,1673,47208,0.035624,0.03172,-1.027728,0.031251,-0.010417,-1.35421,-0.49,-0.98,1.26,53.8203125,98332,54.42,252.215606689,5.124,57 4c 01 6e 00 00 06 89 00 00 b8 68 00 49 00 41 f7 c6 00 03 ff ff ff 7e ff f9 ff f2 00 12 1c d2 00 01 80 1c 00 00 15 42 43 7c 37 32 00 00 14 04
1674,80352,WL,flash_sample,48,47.228,1,110,0,1,1,1,0,1,1,0,1674,47228,0.035624,0.03172,-1.028704,0.031251,0.0,-1.35421,-1.68,-0.28,2.45,53.81640625,98328,54.25,252.556472778,5.124,57 4c 01 6e 00 00 06 8a 00 00 b8 7c 00 49 00 41 f7 c4 00 03 00 00 ff 7e ff e8 ff fc 00 23 1c d1 00 01 80 18 00 00 15 31 43 7c 8e 75 00 00 14 04
1675,80400,WL,flash_sample,48,47.248,1,103,1,1,1,0,0,1,1,0,1675,47248,0.035624,0.03172,-1.028704,0.031251,-0.052085,-1.35421,-3.08,1.33,3.01,53.8046875,98330,54.31,252.384719849,5.124,57 4c 01 67 00 00 06 8b 00 00 b8 90 00 49 00 41 f7 c4 00 03 ff fb ff 7e ff d4 00 13 00 2b 1c ce 00 01 80 1a 00 00 15 37 43 7c 62 7d 00 00 14 04
1676,80448,WL,flash_sample,48,47.268,1,103,1,1,1,0,0,1,1,0,1676,47268,0.034648,0.03172,-1.029192,0.010417,-0.020834,-1.322959,-3.15,1.54,2.8,53.81640625,98331,54.36,252.300170898,5.124,57 4c 01 67 00 00 06 8c 00 00 b8 a4 00 47 00 41 f7 c3 00 01 ff fe ff 81 ff d3 00 16 00 28 1c d1 00 01 80 1b 00 00 15 3c 43 7c 4c d8 00 00 14 04
1677,80496,WL,flash_sample,48,47.288,1,103,1,1,1,0,0,1,1,0,1677,47288,0.036112,0.031232,-1.030168,0.052085,0.031251,-1.343793,-3.15,1.47,2.87,53.80859375,98331,54.41,252.300170898,5.124,57 4c 01 67 00 00 06 8d 00 00 b8 b8 00 4a 00 40 f7 c1 00 05 00 03 ff 7f ff d3 00 15 00 29 1c cf 00 01 80 1b 00 00 15 41 43 7c 4c d8 00 00 14 04
1678,80544,WL,flash_sample,48,47.308,1,111,1,1,1,1,0,1,1,0,1678,47308,0.035136,0.03172,-1.028704,0.010417,0.0,-1.322959,-3.15,1.47,2.8,53.8828125,98332,54.45,252.215606689,5.124,57 4c 01 6f 00 00 06 8e 00 00 b8 cc 00 48 00 41 f7 c4 00 01 00 00 ff 81 ff d3 00 15 00 28 1c e2 00 01 80 1c 00 00 15 45 43 7c 37 32 00 00 14 04
1679,80592,WL,flash_sample,48,47.328,1,111,1,1,1,1,0,1,1,0,1679,47328,0.035624,0.030256,-1.028704,0.041668,-0.020834,-1.343793,-3.08,1.47,2.87,53.81640625,98333,54.49,252.131057739,5.132,57 4c 01 6f 00 00 06 8f 00 00 b8 e0 00 49 00 3e f7 c4 00 04 ff fe ff 7f ff d4 00 15 00 29 1c d1 00 01 80 1d 00 00 15 49 43 7c 21 8d 00 00 14 0c
1680,80640,WL,flash_sample,48,47.348,1,111,1,1,1,1,0,1,1,0,1680,47348,0.035136,0.032696,-1.02968,0.020834,-0.010417,-1.364627,-3.15,1.61,2.87,53.8125,98332,54.53,252.215606689,5.132,57 4c 01 6f 00 00 06 90 00 00 b8 f4 00 48 00 43 f7 c2 00 02 ff ff ff 7d ff d3 00 17 00 29 1c d0 00 01 80 1c 00 00 15 4d 43 7c 37 32 00 00 14 0c
1681,80688,WL,flash_sample,48,47.368,1,103,1,1,1,0,0,1,1,0,1681,47368,0.036112,0.031232,-1.030168,0.031251,0.0,-1.312542,-3.15,1.54,2.94,53.828125,98334,54.56,252.043869019,5.132,57 4c 01 67 00 00 06 91 00 00 b9 08 00 4a 00 40 f7 c1 00 03 00 00 ff 82 ff d3 00 16 00 2a 1c d4 00 01 80 1e 00 00 15 50 43 7c 0b 3b 00 00 14 0c
1682,80736,WL,flash_sample,48,47.388,1,103,1,1,1,0,0,1,1,0,1682,47388,0.036112,0.031232,-1.030168,0.031251,0.0,-1.312542,-3.15,1.54,2.94,53.828125,98334,54.56,252.043869019,5.132,57 4c 01 67 00 00 06 92 00 00 b9 1c 00 4a 00 40 f7 c1 00 03 00 00 ff 82 ff d3 00 16 00 2a 1c d4 00 01 80 1e 00 00 15 50 43 7c 0b 3b 00 00 14 0c
1683,80784,WL,flash_sample,48,47.408,1,103,1,1,1,0,0,1,1,0,1683,47408,0.036112,0.031232,-1.030168,0.031251,0.0,-1.312542,-3.15,1.54,2.94,53.828125,98334,54.56,252.043869019,5.132,57 4c 01 67 00 00 06 93 00 00 b9 30 00 4a 00 40 f7 c1 00 03 00 00 ff 82 ff d3 00 16 00 2a 1c d4 00 01 80 1e 00 00 15 50 43 7c 0b 3b 00 00 14 0c
1684,80832,WL,flash_sample,48,47.428,1,103,1,1,1,0,0,1,1,0,1684,47428,0.036112,0.031232,-1.030168,0.031251,0.0,-1.312542,-3.15,1.54,2.94,53.828125,98334,54.56,252.043869019,5.132,57 4c 01 67 00 00 06 94 00 00 b9 44 00 4a 00 40 f7 c1 00 03 00 00 ff 82 ff d3 00 16 00 2a 1c d4 00 01 80 1e 00 00 15 50 43 7c 0b 3b 00 00 14 0c
1685,80880,WL,flash_sample,48,47.451,1,65,1,0,0,0,0,0,1,0,1685,47451,0.035624,0.03172,-1.027728,0.031251,-0.031251,-1.364627,-0.35,-0.98,1.05,53.8828125,98340,54.6,251.533905029,5.14,57 4c 01 41 00 00 06 95 00 00 b9 5b 00 49 00 41 f7 c6 00 03 ff fd ff 7d ff fb ff f2 00 0f 1c e2 00 01 80 24 00 00 15 54 43 7b 88 ae 00 00 14 14
1686,80928,WL,flash_sample,48,47.468,1,111,1,1,1,1,0,1,1,0,1686,47468,0.034648,0.030256,-1.02968,0.010417,-0.010417,-1.35421,-1.54,-0.35,2.31,53.81640625,98331,54.38,252.300170898,5.14,57 4c 01 6f 00 00 06 96 00 00 b9 6c 00 47 00 3e f7 c2 00 01 ff ff ff 7e ff ea ff fb 00 21 1c d1 00 01 80 1b 00 00 15 3e 43 7c 4c d8 00 00 14 14
1687,80976,WL,flash_sample,48,47.488,1,103,1,1,1,0,0,1,1,0,1687,47488,0.035624,0.030744,-1.028704,0.062502,-0.020834,-1.322959,-2.52,0.42,3.29,53.8125,98333,54.43,252.131057739,5.14,57 4c 01 67 00 00 06 97 00 00 b9 80 00 49 00 3f f7 c4 00 06 ff fe ff 81 ff dc 00 06 00 2f 1c d0 00 01 80 1d 00 00 15 43 43 7c 21 8d 00 00 14 14
1688,81024,WL,flash_sample,48,47.508,1,103,1,1,1,0,0,1,1,0,1688,47508,0.035624,0.031232,-1.02968,0.062502,0.031251,-1.364627,-3.22,1.54,2.87,53.80859375,98334,54.47,252.043869019,5.14,57 4c 01 67 00 00 06 98 00 00 b9 94 00 49 00 40 f7 c2 00 06 00 03 ff 7d ff d2 00 16 00 29 1c cf 00 01 80 1e 00 00 15 47 43 7c 0b 3b 00 00 14 14
1689,81072,WL,flash_sample,48,47.528,1,111,1,1,1,1,0,1,1,0,1689,47528,0.035624,0.03172,-1.029192,0.031251,0.0,-1.35421,-3.22,1.47,2.87,53.859375,98333,54.51,252.131057739,5.132,57 4c 01 6f 00 00 06 99 00 00 b9 a8 00 49 00 41 f7 c3 00 03 00 00 ff 7e ff d2 00 15 00 29 1c dc 00 01 80 1d 00 00 15 4b 43 7c 21 8d 00 00 14 0c
1690,81120,WL,flash_sample,48,47.549,1,111,1,1,1,1,0,1,1,0,1690,47549,0.036112,0.03172,-1.030168,0.052085,0.0,-1.343793,-3.22,1.61,2.8,53.83203125,98335,54.55,251.959320068,5.132,57 4c 01 6f 00 00 06 9a 00 00 b9 bd 00 4a 00 41 f7 c1 00 05 00 00 ff 7f ff d2 00 17 00 28 1c d5 00 01 80 1f 00 00 15 4f 43 7b f5 96 00 00 14 0c
1691,81168,WL,flash_sample,48,47.568,1,111,1,1,1,1,0,1,1,0,1691,47568,0.035136,0.03172,-1.030168,0.020834,-0.020834,-1.375044,-3.22,1.47,2.87,53.875,98334,54.58,252.043869019,5.132,57 4c 01 6f 00 00 06 9b 00 00 b9 d0 00 48 00 41 f7 c1 00 02 ff fe ff 7c ff d2 00 15 00 29 1c e0 00 01 80 1e 00 00 15 52 43 7c 0b 3b 00 00 14 0c
1692,81216,WL,flash_sample,48,47.588,1,111,1,1,1,1,0,1,1,0,1692,47588,0.036112,0.031232,-1.028704,0.052085,-0.010417,-1.343793,-3.15,1.54,2.87,53.859375,98338,54.61,251.703018188,5.132,57 4c 01 6f 00 00 06 9c 00 00 b9 e4 00 4a 00 40 f7 c4 00 05 ff ff ff 7f ff d3 00 16 00 29 1c dc 00 01 80 22 00 00 15 55 43 7b b3 f9 00 00 14 0c
1693,81264,WL,flash_sample,48,47.608,1,103,1,1,1,0,0,1,1,0,1693,47608,0.035136,0.031232,-1.029192,0.031251,-0.010417,-1.322959,-3.22,1.54,2.87,53.82421875,98339,54.65,251.618453979,5.132,57 4c 01 67 00 00 06 9d 00 00 b9 f8 00 48 00 40 f7 c3 00 03 ff ff ff 81 ff d2 00 16 00 29 1c d3 00 01 80 23 00 00 15 59 43 7b 9e 53 00 00 14 0c
1694,81312,WL,flash_sample,48,47.628,1,111,1,1,1,1,0,1,1,0,1694,47628,0.034648,0.032208,-1.02968,0.052085,-0.020834,-1.322959,-3.22,1.47,2.87,53.83203125,98339,54.65,251.618453979,5.136,57 4c 01 6f 00 00 06 9e 00 00 ba 0c 00 47 00 42 f7 c2 00 05 ff fe ff 81 ff d2 00 15 00 29 1c d5 00 01 80 23 00 00 15 59 43 7b 9e 53 00 00 14 10
1695,81360,WL,flash_sample,48,47.648,1,111,1,1,1,1,0,1,1,0,1695,47648,0.034648,0.032208,-1.02968,0.052085,-0.020834,-1.322959,-3.22,1.47,2.87,53.83203125,98339,54.65,251.618453979,5.136,57 4c 01 6f 00 00 06 9f 00 00 ba 20 00 47 00 42 f7 c2 00 05 ff fe ff 81 ff d2 00 15 00 29 1c d5 00 01 80 23 00 00 15 59 43 7b 9e 53 00 00 14 10
1696,81408,WL,flash_sample,48,47.668,1,111,1,1,1,1,0,1,1,0,1696,47668,0.034648,0.032208,-1.02968,0.052085,-0.020834,-1.322959,-3.22,1.47,2.87,53.83203125,98339,54.65,251.618453979,5.136,57 4c 01 6f 00 00 06 a0 00 00 ba 34 00 47 00 42 f7 c2 00 05 ff fe ff 81 ff d2 00 15 00 29 1c d5 00 01 80 23 00 00 15 59 43 7b 9e 53 00 00 14 10
1697,81456,WL,flash_sample,48,47.688,1,111,1,1,1,1,0,1,1,0,1697,47688,0.034648,0.032208,-1.02968,0.052085,-0.020834,-1.322959,-3.22,1.47,2.87,53.83203125,98339,54.65,251.618453979,5.136,57 4c 01 6f 00 00 06 a1 00 00 ba 48 00 47 00 42 f7 c2 00 05 ff fe ff 81 ff d2 00 15 00 29 1c d5 00 01 80 23 00 00 15 59 43 7b 9e 53 00 00 14 10
1698,81504,WL,flash_sample,48,47.708,1,111,1,1,1,1,0,1,1,0,1698,47708,0.035136,0.032208,-1.028704,0.031251,-0.020834,-1.302125,-0.21,0.14,-0.35,53.80078125,98343,54.67,251.277603149,5.136,57 4c 01 6f 00 00 06 a2 00 00 ba 5c 00 48 00 42 f7 c4 00 03 ff fe ff 83 ff fd 00 02 ff fb 1c cd 00 01 80 27 00 00 15 5b 43 7b 47 11 00 00 14 10
1699,81552,WL,flash_sample,48,47.728,1,111,1,1,1,1,0,1,1,0,1699,47728,0.035136,0.032208,-1.028704,0.031251,-0.020834,-1.302125,-0.21,0.14,-0.35,53.80078125,98343,54.67,251.277603149,5.136,57 4c 01 6f 00 00 06 a3 00 00 ba 70 00 48 00 42 f7 c4 00 03 ff fe ff 83 ff fd 00 02 ff fb 1c cd 00 01 80 27 00 00 15 5b 43 7b 47 11 00 00 14 10
1700,81600,WL,flash_sample,48,47.748,1,111,1,1,1,1,0,1,1,0,1700,47748,0.035136,0.032208,-1.028704,0.031251,-0.020834,-1.302125,-0.21,0.14,-0.35,53.80078125,98343,54.67,251.277603149,5.136,57 4c 01 6f 00 00 06 a4 00 00 ba 84 00 48 00 42 f7 c4 00 03 ff fe ff 83 ff fd 00 02 ff fb 1c cd 00 01 80 27 00 00 15 5b 43 7b 47 11 00 00 14 10
1701,81648,WL,flash_sample,48,47.768,1,111,1,1,1,1,0,1,1,0,1701,47768,0.035136,0.032208,-1.028704,0.031251,-0.020834,-1.302125,-0.21,0.14,-0.35,53.80078125,98343,54.67,251.277603149,5.136,57 4c 01 6f 00 00 06 a5 00 00 ba 98 00 48 00 42 f7 c4 00 03 ff fe ff 83 ff fd 00 02 ff fb 1c cd 00 01 80 27 00 00 15 5b 43 7b 47 11 00 00 14 10
1702,81696,WL,flash_sample,48,47.788,1,111,1,1,1,1,0,1,1,0,1702,47788,0.035136,0.032208,-1.028704,0.031251,-0.020834,-1.302125,-0.21,0.14,-0.35,53.80078125,98343,54.67,251.277603149,5.136,57 4c 01 6f 00 00 06 a6 00 00 ba ac 00 48 00 42 f7 c4 00 03 ff fe ff 83 ff fd 00 02 ff fb 1c cd 00 01 80 27 00 00 15 5b 43 7b 47 11 00 00 14 10
1703,81744,WL,flash_sample,48,47.808,1,111,1,1,1,1,0,1,1,0,1703,47808,0.035136,0.032208,-1.028704,0.031251,-0.020834,-1.302125,-0.21,0.14,-0.35,53.80078125,98343,54.67,251.277603149,5.136,57 4c 01 6f 00 00 06 a7 00 00 ba c0 00 48 00 42 f7 c4 00 03 ff fe ff 83 ff fd 00 02 ff fb 1c cd 00 01 80 27 00 00 15 5b 43 7b 47 11 00 00 14 10
1704,81792,WL,flash_sample,48,47.829,1,111,1,1,1,1,0,1,1,0,1704,47829,0.0366,0.032208,-1.027728,0.052085,-0.010417,-1.35421,-0.21,0.07,-0.35,53.8125,98343,54.67,251.277603149,5.136,57 4c 01 6f 00 00 06 a8 00 00 ba d5 00 4b 00 42 f7 c6 00 05 ff ff ff 7e ff fd 00 01 ff fb 1c d0 00 01 80 27 00 00 15 5b 43 7b 47 11 00 00 14 10
1705,81840,WL,flash_sample,48,47.848,1,111,1,1,1,1,0,1,1,0,1705,47848,0.0366,0.032208,-1.027728,0.052085,-0.010417,-1.35421,-0.21,0.07,-0.35,53.8125,98343,54.67,251.277603149,5.136,57 4c 01 6f 00 00 06 a9 00 00 ba e8 00 4b 00 42 f7 c6 00 05 ff ff ff 7e ff fd 00 01 ff fb 1c d0 00 01 80 27 00 00 15 5b 43 7b 47 11 00 00 14 10
1706,81888,WL,flash_sample,48,47.868,1,111,1,1,1,1,0,1,1,0,1706,47868,0.0366,0.032208,-1.027728,0.052085,-0.010417,-1.35421,-0.21,0.07,-0.35,53.8125,98343,54.67,251.277603149,5.136,57 4c 01 6f 00 00 06 aa 00 00 ba fc 00 4b 00 42 f7 c6 00 05 ff ff ff 7e ff fd 00 01 ff fb 1c d0 00 01 80 27 00 00 15 5b 43 7b 47 11 00 00 14 10
1707,81936,WL,flash_sample,48,47.888,1,111,1,1,1,1,0,1,1,0,1707,47888,0.035624,0.03172,-1.027728,0.020834,-0.010417,-1.333376,-0.14,-0.21,-0.14,53.84765625,98391,54.45,247.1847229,5.136,57 4c 01 6f 00 00 06 ab 00 00 bb 10 00 49 00 41 f7 c6 00 02 ff ff ff 80 ff fe ff fd ff fe 1c d9 00 01 80 57 00 00 15 45 43 77 2f 4a 00 00 14 10
1708,81984,WL,flash_sample,48,47.908,1,111,1,1,1,1,0,1,1,0,1708,47908,0.035624,0.03172,-1.027728,0.020834,-0.010417,-1.333376,-0.14,-0.21,-0.14,53.84765625,98391,54.45,247.1847229,5.136,57 4c 01 6f 00 00 06 ac 00 00 bb 24 00 49 00 41 f7 c6 00 02 ff ff ff 80 ff fe ff fd ff fe 1c d9 00 01 80 57 00 00 15 45 43 77 2f 4a 00 00 14 10
1709,82032,WL,flash_sample,48,47.928,1,111,1,1,1,1,0,1,1,0,1709,47928,0.035624,0.03172,-1.027728,0.020834,-0.010417,-1.333376,-0.14,-0.21,-0.14,53.84765625,98391,54.45,247.1847229,5.136,57 4c 01 6f 00 00 06 ad 00 00 bb 38 00 49 00 41 f7 c6 00 02 ff ff ff 80 ff fe ff fd ff fe 1c d9 00 01 80 57 00 00 15 45 43 77 2f 4a 00 00 14 10
1710,82080,WL,flash_sample,48,47.948,1,111,1,1,1,1,0,1,1,0,1710,47948,0.035624,0.03172,-1.027728,0.020834,-0.010417,-1.333376,-0.14,-0.21,-0.14,53.84765625,98391,54.45,247.1847229,5.136,57 4c 01 6f 00 00 06 ae 00 00 bb 4c 00 49 00 41 f7 c6 00 02 ff ff ff 80 ff fe ff fd ff fe 1c d9 00 01 80 57 00 00 15 45 43 77 2f 4a 00 00 14 10
1711,82128,WL,flash_sample,48,47.968,1,97,1,0,0,0,0,1,1,0,1711,47968,0.035624,0.03172,-1.028216,0.010417,0.0,-1.333376,-0.49,-0.98,1.33,53.84765625,98340,54.11,251.533905029,5.136,57 4c 01 61 00 00 06 af 00 00 bb 60 00 49 00 41 f7 c5 00 01 00 00 ff 80 ff f9 ff f2 00 13 1c d9 00 01 80 24 00 00 15 23 43 7b 88 ae 00 00 14 10
1712,82176,WL,flash_sample,48,47.988,1,103,1,1,1,0,0,1,1,0,1712,47988,0.036112,0.032208,-1.028216,0.041668,-0.010417,-1.312542,-1.68,-0.21,2.52,53.81640625,98325,54.06,252.812774658,5.136,57 4c 01 67 00 00 06 b0 00 00 bb 74 00 4a 00 42 f7 c5 00 04 ff ff ff 82 ff e8 ff fd 00 24 1c d1 00 01 80 15 00 00 15 1e 43 7c d0 12 00 00 14 10
1713,82224,WL,flash_sample,48,48.008,1,111,1,1,1,1,0,1,1,0,1713,48008,0.036112,0.031232,-1.028216,0.031251,-0.031251,-1.333376,-3.15,1.33,3.01,53.83203125,98324,54.13,252.897323608,5.136,57 4c 01 6f 00 00 06 b1 00 00 bb 88 00 4a 00 40 f7 c5 00 03 ff fd ff 80 ff d3 00 13 00 2b 1c d5 00 01 80 14 00 00 15 25 43 7c e5 b7 00 00 14 10
1714,82272,WL,flash_sample,48,48.028,1,111,1,1,1,1,0,1,1,0,1714,48028,0.035136,0.03172,-1.02968,0.062502,-0.020834,-1.312542,-3.15,1.47,2.87,53.83984375,98323,54.2,252.981872559,5.144,57 4c 01 6f 00 00 06 b2 00 00 bb 9c 00 48 00 41 f7 c2 00 06 ff fe ff 82 ff d3 00 15 00 29 1c d7 00 01 80 13 00 00 15 2c 43 7c fb 5c 00 00 14 18
1715,82320,WL,flash_sample,48,48.048,1,111,1,1,1,1,0,1,1,0,1715,48048,0.035624,0.032208,-1.029192,0.031251,0.0,-1.333376,-3.15,1.54,2.8,53.84765625,98323,54.26,252.981872559,5.144,57 4c 01 6f 00 00 06 b3 00 00 bb b0 00 49 00 42 f7 c3 00 03 00 00 ff 80 ff d3 00 16 00 28 1c d9 00 01 80 13 00 00 15 32 43 7c fb 5c 00 00 14 18
1716,82368,WL,flash_sample,48,48.068,1,103,1,1,1,0,0,1,1,0,1716,48068,0.036112,0.030744,-1.02968,0.041668,-0.031251,-1.35421,-3.22,1.54,2.87,53.82421875,98326,54.32,252.728210449,5.144,57 4c 01 67 00 00 06 b4 00 00 bb c4 00 4a 00 3f f7 c2 00 04 ff fd ff 7e ff d2 00 16 00 29 1c d3 00 01 80 16 00 00 15 38 43 7c ba 6c 00 00 14 18
1717,82416,WL,flash_sample,48,48.088,1,103,1,1,1,0,0,1,1,0,1717,48088,0.036112,0.03172,-1.02968,0.010417,-0.031251,-1.343793,-3.29,1.89,2.59,53.84765625,98326,54.36,252.728210449,5.144,57 4c 01 67 00 00 06 b5 00 00 bb d8 00 4a 00 41 f7 c2 00 01 ff fd ff 7f ff d1 00 1b 00 25 1c d9 00 01 80 16 00 00 15 3c 43 7c ba 6c 00 00 14 18
1718,82464,WL,flash_sample,48,48.108,1,103,1,1,1,0,0,1,1,0,1718,48108,0.035624,0.03172,-1.029192,0.052085,-0.052085,-1.322959,-3.15,1.54,2.87,53.875,98329,54.42,252.471908569,5.144,57 4c 01 67 00 00 06 b6 00 00 bb ec 00 49 00 41 f7 c3 00 05 ff fb ff 81 ff d3 00 16 00 29 1c e0 00 01 80 19 00 00 15 42 43 7c 78 cf 00 00 14 18
1719,82512,WL,flash_sample,48,48.129,1,111,1,1,1,1,0,1,1,0,1719,48129,0.035136,0.03172,-1.029192,0.052085,-0.031251,-1.343793,-3.15,1.54,2.8,53.859375,98330,54.47,252.384719849,5.124,57 4c 01 6f 00 00 06 b7 00 00 bc 01 00 48 00 41 f7 c3 00 05 ff fd ff 7f ff d3 00 16 00 28 1c dc 00 01 80 1a 00 00 15 47 43 7c 62 7d 00 00 14 04
1720,82560,WL,flash_sample,48,48.148,1,111,1,1,1,1,0,1,1,0,1720,48148,0.035136,0.03172,-1.029192,0.052085,-0.031251,-1.343793,-3.15,1.54,2.8,53.859375,98330,54.47,252.384719849,5.124,57 4c 01 6f 00 00 06 b8 00 00 bc 14 00 48 00 41 f7 c3 00 05 ff fd ff 7f ff d3 00 16 00 28 1c dc 00 01 80 1a 00 00 15 47 43 7c 62 7d 00 00 14 04
1721,82608,WL,flash_sample,48,48.168,1,111,1,1,1,1,0,1,1,0,1721,48168,0.035136,0.03172,-1.029192,0.052085,-0.031251,-1.343793,-3.15,1.54,2.8,53.859375,98330,54.47,252.384719849,5.124,57 4c 01 6f 00 00 06 b9 00 00 bc 28 00 48 00 41 f7 c3 00 05 ff fd ff 7f ff d3 00 16 00 28 1c dc 00 01 80 1a 00 00 15 47 43 7c 62 7d 00 00 14 04
1722,82656,WL,flash_sample,48,48.188,1,111,1,1,1,1,0,1,1,0,1722,48188,0.035136,0.03172,-1.029192,0.052085,-0.031251,-1.343793,-3.15,1.54,2.8,53.859375,98330,54.47,252.384719849,5.124,57 4c 01 6f 00 00 06 ba 00 00 bc 3c 00 48 00 41 f7 c3 00 05 ff fd ff 7f ff d3 00 16 00 28 1c dc 00 01 80 1a 00 00 15 47 43 7c 62 7d 00 00 14 04
1723,82704,WL,flash_sample,48,48.21,1,65,1,0,0,0,0,0,1,0,1723,48210,0.0366,0.032208,-1.028216,0.010417,-0.052085,-1.333376,-0.14,-0.07,-0.28,53.859375,98330,54.47,252.384719849,5.124,57 4c 01 41 00 00 06 bb 00 00 bc 52 00 4b 00 42 f7 c5 00 01 ff fb ff 80 ff fe ff ff ff fc 1c dc 00 01 80 1a 00 00 15 47 43 7c 62 7d 00 00 14 04
1724,82752,WL,flash_sample,48,48.228,1,103,1,1,1,0,0,1,1,0,1724,48228,0.035136,0.032696,-1.028704,0.031251,0.0,-1.35421,-0.98,-0.7,1.82,53.875,98368,54.51,249.145294189,5.124,57 4c 01 67 00 00 06 bc 00 00 bc 64 00 48 00 43 f7 c4 00 03 00 00 ff 7e ff f2 ff f6 00 1a 1c e0 00 01 80 40 00 00 15 4b 43 79 25 32 00 00 14 04
1725,82800,WL,flash_sample,48,48.248,1,110,0,1,1,1,0,1,1,0,1725,48248,0.036112,0.031232,-1.02724,0.052085,0.0,-1.35421,-2.45,0.42,3.29,53.83984375,98333,54.36,252.131057739,5.124,57 4c 01 6e 00 00 06 bd 00 00 bc 78 00 4a 00 40 f7 c7 00 05 00 00 ff 7e ff dd 00 06 00 2f 1c d7 00 01 80 1d 00 00 15 3c 43 7c 21 8d 00 00 14 04
1726,82848,WL,flash_sample,48,48.268,1,110,0,1,1,1,0,1,1,0,1726,48268,0.036112,0.033184,-1.028704,0.031251,0.0,-1.322959,-3.15,1.54,2.87,53.890625,98335,54.41,251.959320068,5.124,57 4c 01 6e 00 00 06 be 00 00 bc 8c 00 4a 00 44 f7 c4 00 03 00 00 ff 81 ff d3 00 16 00 29 1c e4 00 01 80 1f 00 00 15 41 43 7b f5 96 00 00 14 04
1727,82896,WL,flash_sample,48,48.288,1,110,0,1,1,1,0,1,1,0,1727,48288,0.035624,0.031232,-1.029192,0.031251,0.0,-1.333376,-3.15,1.47,2.8,53.859375,98333,54.45,252.131057739,5.124,57 4c 01 6e 00 00 06 bf 00 00 bc a0 00 49 00 40 f7 c3 00 03 00 00 ff 80 ff d3 00 15 00 28 1c dc 00 01 80 1d 00 00 15 45 43 7c 21 8d 00 00 14 04
1728,82944,WL,flash_sample,48,48.309,1,102,0,1,1,0,0,1,1,0,1728,48309,0.035624,0.031232,-1.02968,0.062502,0.0,-1.322959,-3.15,1.54,2.8,53.875,98332,54.5,252.215606689,5.124,57 4c 01 66 00 00 06 c0 00 00 bc b5 00 49 00 40 f7 c2 00 06 00 00 ff 81 ff d3 00 16 00 28 1c e0 00 01 80 1c 00 00 15 4a 43 7c 37 32 00 00 14 04
1729,82992,WL,flash_sample,48,48.328,1,102,0,1,1,0,0,1,1,0,1729,48328,0.035624,0.031232,-1.02968,0.052085,-0.041668,-1.35421,-3.15,1.47,2.87,53.90625,98328,54.54,252.556472778,5.136,57 4c 01 66 00 00 06 c1 00 00 bc c8 00 49 00 40 f7 c2 00 05 ff fc ff 7e ff d3 00 15 00 29 1c e8 00 01 80 18 00 00 15 4e 43 7c 8e 75 00 00 14 10
1730,83040,WL,flash_sample,48,48.348,1,110,0,1,1,1,0,1,1,0,1730,48348,0.034648,0.03172,-1.02968,0.041668,0.0,-1.35421,-3.15,1.54,2.87,53.890625,98335,54.58,251.959320068,5.136,57 4c 01 6e 00 00 06 c2 00 00 bc dc 00 47 00 41 f7 c2 00 04 00 00 ff 7e ff d3 00 16 00 29 1c e4 00 01 80 1f 00 00 15 52 43 7b f5 96 00 00 14 10
1731,83088,WL,flash_sample,48,48.368,1,110,0,1,1,1,0,1,1,0,1731,48368,0.036112,0.03172,-1.029192,0.062502,0.0,-1.35421,-3.22,1.54,2.87,53.8671875,98334,54.61,252.043869019,5.136,57 4c 01 6e 00 00 06 c3 00 00 bc f0 00 4a 00 41 f7 c3 00 06 00 00 ff 7e ff d2 00 16 00 29 1c de 00 01 80 1e 00 00 15 55 43 7c 0b 3b 00 00 14 10
1732,83136,WL,flash_sample,48,48.388,1,102,0,1,1,0,0,1,1,0,1732,48388,0.035624,0.031232,-1.028704,0.093753,-0.010417,-1.375044,-3.22,1.54,2.87,53.8671875,98338,54.65,251.703018188,5.136,57 4c 01 66 00 00 06 c4 00 00 bd 04 00 49 00 40 f7 c4 00 09 ff ff ff 7c ff d2 00 16 00 29 1c de 00 01 80 22 00 00 15 59 43 7b b3 f9 00 00 14 10
1733,83184,WL,flash_sample,48,48.408,1,102,0,1,1,0,0,1,1,0,1733,48408,0.035624,0.031232,-1.028704,0.093753,-0.010417,-1.375044,-3.22,1.54,2.87,53.8671875,98338,54.65,251.703018188,5.136,57 4c 01 66 00 00 06 c5 00 00 bd 18 00 49 00 40 f7 c4 00 09 ff ff ff 7c ff d2 00 16 00 29 1c de 00 01 80 22 00 00 15 59 43 7b b3 f9 00 00 14 10
1734,83232,WL,flash_sample,48,48.428,1,102,0,1,1,0,0,1,1,0,1734,48428,0.035624,0.031232,-1.028704,0.093753,-0.010417,-1.375044,-3.22,1.54,2.87,53.8671875,98338,54.65,251.703018188,5.136,57 4c 01 66 00 00 06 c6 00 00 bd 2c 00 49 00 40 f7 c4 00 09 ff ff ff 7c ff d2 00 16 00 29 1c de 00 01 80 22 00 00 15 59 43 7b b3 f9 00 00 14 10
1735,83280,WL,flash_sample,48,48.448,1,102,0,1,1,0,0,1,1,0,1735,48448,0.035624,0.031232,-1.028704,0.093753,-0.010417,-1.375044,-3.22,1.54,2.87,53.8671875,98338,54.65,251.703018188,5.136,57 4c 01 66 00 00 06 c7 00 00 bd 40 00 49 00 40 f7 c4 00 09 ff ff ff 7c ff d2 00 16 00 29 1c de 00 01 80 22 00 00 15 59 43 7b b3 f9 00 00 14 10
1736,83328,WL,flash_sample,48,48.468,1,110,0,1,1,1,0,1,1,0,1736,48468,0.036112,0.032208,-1.027728,0.031251,0.0,-1.333376,-0.77,-0.84,1.61,53.8984375,98386,54.68,247.610122681,5.14,57 4c 01 6e 00 00 06 c8 00 00 bd 54 00 4a 00 42 f7 c6 00 03 00 00 ff 80 ff f5 ff f4 00 17 1c e6 00 01 80 52 00 00 15 5c 43 77 9c 31 00 00 14 14
1737,83376,WL,flash_sample,48,48.488,1,110,0,1,1,1,0,1,1,0,1737,48488,0.036112,0.032208,-1.027728,0.041668,-0.052085,-1.343793,-1.89,-0.07,2.73,53.92578125,98336,54.49,251.874755859,5.14,57 4c 01 6e 00 00 06 c9 00 00 bd 68 00 4a 00 42 f7 c6 00 04 ff fb ff 7f ff e5 ff ff 00 27 1c ed 00 01 80 20 00 00 15 49 43 7b df f0 00 00 14 14
1738,83424,WL,flash_sample,48,48.508,1,110,0,1,1,1,0,1,1,0,1738,48508,0.035136,0.030744,-1.028704,0.062502,-0.031251,-1.333376,-2.8,0.84,3.43,53.890625,98334,54.53,252.043869019,5.14,57 4c 01 6e 00 00 06 ca 00 00 bd 7c 00 48 00 3f f7 c4 00 06 ff fd ff 80 ff d8 00 0c 00 31 1c e4 00 01 80 1e 00 00 15 4d 43 7c 0b 3b 00 00 14 14
1739,83472,WL,flash_sample,48,48.528,1,110,0,1,1,1,0,1,1,0,1739,48528,0.035136,0.031232,-1.02968,0.031251,-0.010417,-1.343793,-3.22,1.54,2.87,53.859375,98334,54.56,252.043869019,5.14,57 4c 01 6e 00 00 06 cb 00 00 bd 90 00 48 00 40 f7 c2 00 03 ff ff ff 7f ff d2 00 16 00 29 1c dc 00 01 80 1e 00 00 15 50 43 7c 0b 3b 00 00 14 14
1740,83520,WL,flash_sample,48,48.548,1,102,0,1,1,0,0,1,1,0,1740,48548,0.035136,0.030744,-1.028704,0.052085,-0.020834,-1.35421,-3.15,1.54,2.87,53.859375,98336,54.6,251.874755859,5.14,57 4c 01 66 00 00 06 cc 00 00 bd a4 00 48 00 3f f7 c4 00 05 ff fe ff 7e ff d3 00 16 00 29 1c dc 00 01 80 20 00 00 15 54 43 7b df f0 00 00 14 14
1741,83568,WL,flash_sample,48,48.568,1,102,0,1,1,0,0,1,1,0,1741,48568,0.035624,0.031232,-1.029192,0.052085,-0.020834,-1.333376,-3.22,1.47,2.94,53.92578125,98334,54.64,252.043869019,5.14,57 4c 01 66 00 00 06 cd 00 00 bd b8 00 49 00 40 f7 c3 00 05 ff fe ff 80 ff d2 00 15 00 2a 1c ed 00 01 80 1e 00 00 15 58 43 7c 0b 3b 00 00 14 14
1742,83616,WL,flash_sample,48,48.588,1,110,0,1,1,1,0,1,1,0,1742,48588,0.034648,0.032208,-1.02968,0.041668,-0.010417,-1.364627,-3.22,1.47,2.87,53.8828125,98336,54.67,251.874755859,5.14,57 4c 01 6e 00 00 06 ce 00 00 bd cc 00 47 00 42 f7 c2 00 04 ff ff ff 7d ff d2 00 15 00 29 1c e2 00 01 80 20 00 00 15 5b 43 7b df f0 00 00 14 14
1743,83664,WL,flash_sample,48,48.608,1,110,0,1,1,1,0,1,1,0,1743,48608,0.036112,0.031232,-1.02968,0.031251,-0.031251,-1.343793,-3.15,1.47,2.87,53.93359375,98339,54.7,251.618453979,5.14,57 4c 01 6e 00 00 06 cf 00 00 bd e0 00 4a 00 40 f7 c2 00 03 ff fd ff 7f ff d3 00 15 00 29 1c ef 00 01 80 23 00 00 15 5e 43 7b 9e 53 00 00 14 14
1744,83712,WL,flash_sample,48,48.629,1,110,0,1,1,1,0,1,1,0,1744,48629,0.036112,0.031232,-1.02968,0.041668,0.0,-1.322959,-3.15,1.54,2.94,53.92578125,98337,54.73,251.787567139,5.124,57 4c 01 6e 00 00 06 d0 00 00 bd f5 00 4a 00 40 f7 c2 00 04 00 00 ff 81 ff d3 00 16 00 2a 1c ed 00 01 80 21 00 00 15 61 43 7b c9 9e 00 00 14 04
1745,83760,WL,flash_sample,48,48.648,1,110,0,1,1,1,0,1,1,0,1745,48648,0.036112,0.031232,-1.02968,0.041668,0.0,-1.322959,-3.15,1.54,2.94,53.92578125,98337,54.73,251.787567139,5.124,57 4c 01 6e 00 00 06 d1 00 00 be 08 00 4a 00 40 f7 c2 00 04 00 00 ff 81 ff d3 00 16 00 2a 1c ed 00 01 80 21 00 00 15 61 43 7b c9 9e 00 00 14 04
1746,83808,WL,flash_sample,48,48.668,1,110,0,1,1,1,0,1,1,0,1746,48668,0.036112,0.031232,-1.02968,0.041668,0.0,-1.322959,-3.15,1.54,2.94,53.92578125,98337,54.73,251.787567139,5.124,57 4c 01 6e 00 00 06 d2 00 00 be 1c 00 4a 00 40 f7 c2 00 04 00 00 ff 81 ff d3 00 16 00 2a 1c ed 00 01 80 21 00 00 15 61 43 7b c9 9e 00 00 14 04
1747,83856,WL,flash_sample,48,48.688,1,110,0,1,1,1,0,1,1,0,1747,48688,0.036112,0.031232,-1.02968,0.041668,0.0,-1.322959,-3.15,1.54,2.94,53.92578125,98337,54.73,251.787567139,5.124,57 4c 01 6e 00 00 06 d3 00 00 be 30 00 4a 00 40 f7 c2 00 04 00 00 ff 81 ff d3 00 16 00 2a 1c ed 00 01 80 21 00 00 15 61 43 7b c9 9e 00 00 14 04
1748,83904,WL,flash_sample,48,48.709,1,110,0,1,1,1,0,1,1,0,1748,48709,0.035624,0.03172,-1.028216,0.010417,0.0,-1.35421,-0.28,-0.56,0.35,53.875,98337,54.73,251.787567139,5.124,57 4c 01 6e 00 00 06 d4 00 00 be 45 00 49 00 41 f7 c5 00 01 00 00 ff 7e ff fc ff f8 00 05 1c e0 00 01 80 21 00 00 15 61 43 7b c9 9e 00 00 14 04
1749,83952,WL,flash_sample,48,48.728,1,110,0,1,1,1,0,1,1,0,1749,48728,0.035624,0.03172,-1.028216,0.010417,0.0,-1.35421,-0.28,-0.56,0.35,53.875,98337,54.73,251.787567139,5.124,57 4c 01 6e 00 00 06 d5 00 00 be 58 00 49 00 41 f7 c5 00 01 00 00 ff 7e ff fc ff f8 00 05 1c e0 00 01 80 21 00 00 15 61 43 7b c9 9e 00 00 14 04
1750,84000,WL,flash_sample,48,48.748,1,110,0,1,1,1,0,1,1,0,1750,48748,0.035624,0.03172,-1.028216,0.010417,0.0,-1.35421,-0.28,-0.56,0.35,53.875,98337,54.73,251.787567139,5.124,57 4c 01 6e 00 00 06 d6 00 00 be 6c 00 49 00 41 f7 c5 00 01 00 00 ff 7e ff fc ff f8 00 05 1c e0 00 01 80 21 00 00 15 61 43 7b c9 9e 00 00 14 04
1751,84048,WL,flash_sample,48,48.768,1,110,0,1,1,1,0,1,1,0,1751,48768,0.035624,0.03172,-1.028216,0.010417,0.0,-1.35421,-0.28,-0.56,0.35,53.875,98337,54.73,251.787567139,5.124,57 4c 01 6e 00 00 06 d7 00 00 be 80 00 49 00 41 f7 c5 00 01 00 00 ff 7e ff fc ff f8 00 05 1c e0 00 01 80 21 00 00 15 61 43 7b c9 9e 00 00 14 04
1752,84096,WL,flash_sample,48,48.788,1,110,0,1,1,1,0,1,1,0,1752,48788,0.035624,0.03172,-1.028216,0.010417,0.0,-1.35421,-0.28,-0.56,0.35,53.875,98337,54.73,251.787567139,5.124,57 4c 01 6e 00 00 06 d8 00 00 be 94 00 49 00 41 f7 c5 00 01 00 00 ff 7e ff fc ff f8 00 05 1c e0 00 01 80 21 00 00 15 61 43 7b c9 9e 00 00 14 04
1753,84144,WL,flash_sample,48,48.808,1,110,0,1,1,1,0,1,1,0,1753,48808,0.035624,0.03172,-1.028216,0.010417,0.0,-1.35421,-0.28,-0.56,0.35,53.875,98337,54.73,251.787567139,5.124,57 4c 01 6e 00 00 06 d9 00 00 be a8 00 49 00 41 f7 c5 00 01 00 00 ff 7e ff fc ff f8 00 05 1c e0 00 01 80 21 00 00 15 61 43 7b c9 9e 00 00 14 04
1754,84192,WL,flash_sample,48,48.828,1,110,0,1,1,1,0,1,1,0,1754,48828,0.035624,0.03172,-1.028216,0.010417,0.0,-1.35421,-0.28,-0.56,0.35,53.875,98337,54.73,251.787567139,5.124,57 4c 01 6e 00 00 06 da 00 00 be bc 00 49 00 41 f7 c5 00 01 00 00 ff 7e ff fc ff f8 00 05 1c e0 00 01 80 21 00 00 15 61 43 7b c9 9e 00 00 14 04
1755,84240,WL,flash_sample,48,48.848,1,110,0,1,1,1,0,1,1,0,1755,48848,0.036112,0.031232,-1.027728,0.062502,-0.010417,-1.333376,-0.14,0.07,-0.35,53.84765625,98388,54.76,247.43838501,5.124,57 4c 01 6e 00 00 06 db 00 00 be d0 00 4a 00 40 f7 c6 00 06 ff ff ff 80 ff fe 00 01 ff fb 1c d9 00 01 80 54 00 00 15 64 43 77 70 3a 00 00 14 04
1756,84288,WL,flash_sample,48,48.868,1,110,0,1,1,1,0,1,1,0,1756,48868,0.036112,0.031232,-1.027728,0.062502,-0.010417,-1.333376,-0.14,0.07,-0.35,53.84765625,98388,54.76,247.43838501,5.124,57 4c 01 6e 00 00 06 dc 00 00 be e4 00 4a 00 40 f7 c6 00 06 ff ff ff 80 ff fe 00 01 ff fb 1c d9 00 01 80 54 00 00 15 64 43 77 70 3a 00 00 14 04
1757,84336,WL,flash_sample,48,48.889,1,110,0,1,1,1,0,1,1,0,1757,48889,0.035136,0.032208,-1.028704,0.062502,-0.010417,-1.364627,-0.21,0.07,-0.35,53.875,98388,54.76,247.43838501,5.124,57 4c 01 6e 00 00 06 dd 00 00 be f9 00 48 00 42 f7 c4 00 06 ff ff ff 7d ff fd 00 01 ff fb 1c e0 00 01 80 54 00 00 15 64 43 77 70 3a 00 00 14 04
1758,84384,WL,flash_sample,48,48.908,1,110,0,1,1,1,0,1,1,0,1758,48908,0.035136,0.032208,-1.028704,0.062502,-0.010417,-1.364627,-0.21,0.07,-0.35,53.875,98388,54.76,247.43838501,5.124,57 4c 01 6e 00 00 06 de 00 00 bf 0c 00 48 00 42 f7 c4 00 06 ff ff ff 7d ff fd 00 01 ff fb 1c e0 00 01 80 54 00 00 15 64 43 77 70 3a 00 00 14 04
1759,84432,WL,flash_sample,48,48.928,1,110,0,1,1,1,0,1,1,0,1759,48928,0.035136,0.032208,-1.028704,0.062502,-0.010417,-1.364627,-0.21,0.07,-0.35,53.875,98388,54.76,247.43838501,5.124,57 4c 01 6e 00 00 06 df 00 00 bf 20 00 48 00 42 f7 c4 00 06 ff ff ff 7d ff fd 00 01 ff fb 1c e0 00 01 80 54 00 00 15 64 43 77 70 3a 00 00 14 04
1760,84480,WL,flash_sample,48,48.948,1,110,0,1,1,1,0,1,1,0,1760,48948,0.035136,0.032208,-1.028704,0.062502,-0.010417,-1.364627,-0.21,0.07,-0.35,53.875,98388,54.76,247.43838501,5.124,57 4c 01 6e 00 00 06 e0 00 00 bf 34 00 48 00 42 f7 c4 00 06 ff ff ff 7d ff fd 00 01 ff fb 1c e0 00 01 80 54 00 00 15 64 43 77 70 3a 00 00 14 04
1761,84528,WL,flash_sample,48,48.973,1,64,0,0,0,0,0,0,1,0,1761,48973,0.035624,0.032208,-1.027728,0.052085,-0.020834,-1.343793,-0.42,-1.12,1.12,53.9140625,98346,54.22,251.02130127,5.14,57 4c 01 40 00 00 06 e1 00 00 bf 4d 00 49 00 42 f7 c6 00 05 ff fe ff 7f ff fa ff f0 00 10 1c ea 00 01 80 2a 00 00 15 2e 43 7b 05 74 00 00 14 14
1762,84576,WL,flash_sample,48,48.988,1,110,0,1,1,1,0,1,1,0,1762,48988,0.035624,0.03172,-1.028704,0.062502,-0.010417,-1.343793,-0.98,-0.7,1.82,53.9140625,98317,54.06,253.494476318,5.136,57 4c 01 6e 00 00 06 e2 00 00 bf 5c 00 49 00 41 f7 c4 00 06 ff ff ff 7f ff f2 ff f6 00 1a 1c ea 00 01 80 0d 00 00 15 1e 43 7d 7e 96 00 00 14 10
1763,84624,WL,flash_sample,48,49.008,1,102,0,1,1,0,0,1,1,0,1763,49008,0.035136,0.032208,-1.028704,0.041668,0.0,-1.333376,-2.52,0.35,3.36,53.9453125,98320,54.15,253.238174438,5.136,57 4c 01 66 00 00 06 e3 00 00 bf 70 00 48 00 42 f7 c4 00 04 00 00 ff 80 ff dc 00 05 00 30 1c f2 00 01 80 10 00 00 15 27 43 7d 3c f9 00 00 14 10
1764,84672,WL,flash_sample,48,49.028,1,102,0,1,1,0,0,1,1,0,1764,49028,0.035136,0.031232,-1.028704,0.041668,-0.010417,-1.35421,-3.15,1.47,2.87,53.91015625,98323,54.22,252.981872559,5.136,57 4c 01 66 00 00 06 e4 00 00 bf 84 00 48 00 40 f7 c4 00 04 ff ff ff 7e ff d3 00 15 00 29 1c e9 00 01 80 13 00 00 15 2e 43 7c fb 5c 00 00 14 10
1765,84720,WL,flash_sample,48,49.048,1,102,0,1,1,0,0,1,1,0,1765,49048,0.036112,0.031232,-1.02968,0.031251,0.010417,-1.35421,-3.15,1.54,2.87,53.90625,98324,54.28,252.897323608,5.136,57 4c 01 66 00 00 06 e5 00 00 bf 98 00 4a 00 40 f7 c2 00 03 00 01 ff 7e ff d3 00 16 00 29 1c e8 00 01 80 14 00 00 15 34 43 7c e5 b7 00 00 14 10
1766,84768,WL,flash_sample,48,49.069,1,110,0,1,1,1,0,1,1,0,1766,49069,0.036112,0.03172,-1.02968,0.031251,-0.010417,-1.343793,-3.22,1.61,2.8,53.859375,98329,54.34,252.471908569,5.136,57 4c 01 6e 00 00 06 e6 00 00 bf ad 00 4a 00 41 f7 c2 00 03 ff ff ff 7f ff d2 00 17 00 28 1c dc 00 01 80 19 00 00 15 3a 43 7c 78 cf 00 00 14 10
1767,84816,WL,flash_sample,48,49.088,1,110,0,1,1,1,0,1,1,0,1767,49088,0.035624,0.031232,-1.02968,0.031251,-0.020834,-1.364627,-3.36,1.82,2.59,53.859375,98323,54.39,252.981872559,5.136,57 4c 01 6e 00 00 06 e7 00 00 bf c0 00 49 00 40 f7 c2 00 03 ff fe ff 7d ff d0 00 1a 00 25 1c dc 00 01 80 13 00 00 15 3f 43 7c fb 5c 00 00 14 10
1768,84864,WL,flash_sample,48,49.108,1,110,0,1,1,1,0,1,1,0,1768,49108,0.035624,0.03172,-1.02968,0.031251,-0.010417,-1.322959,-3.15,1.54,2.87,53.90625,98330,54.45,252.384719849,5.136,57 4c 01 6e 00 00 06 e8 00 00 bf d4 00 49 00 41 f7 c2 00 03 ff ff ff 81 ff d3 00 16 00 29 1c e8 00 01 80 1a 00 00 15 45 43 7c 62 7d 00 00 14 10
1769,84912,WL,flash_sample,48,49.128,1,102,0,1,1,0,0,1,1,0,1769,49128,0.035624,0.03172,-1.02968,0.031251,-0.010417,-1.343793,-3.15,1.47,2.87,53.8984375,98331,54.5,252.300170898,5.132,57 4c 01 66 00 00 06 e9 00 00 bf e8 00 49 00 41 f7 c2 00 03 ff ff ff 7f ff d3 00 15 00 29 1c e6 00 01 80 1b 00 00 15 4a 43 7c 4c d8 00 00 14 0c
1770,84960,WL,flash_sample,48,49.148,1,110,0,1,1,1,0,1,1,0,1770,49148,0.036112,0.03172,-1.030168,0.031251,0.010417,-1.343793,-3.15,1.54,2.8,53.94140625,98331,54.5,252.300170898,5.132,57 4c 01 6e 00 00 06 ea 00 00 bf fc 00 4a 00 41 f7 c1 00 03 00 01 ff 7f ff d3 00 16 00 28 1c f1 00 01 80 1b 00 00 15 4a 43 7c 4c d8 00 00 14 0c
1771,85008,WL,flash_sample,48,49.168,1,110,0,1,1,1,0,1,1,0,1771,49168,0.036112,0.03172,-1.030168,0.031251,0.010417,-1.343793,-3.15,1.54,2.8,53.94140625,98331,54.5,252.300170898,5.132,57 4c 01 6e 00 00 06 eb 00 00 c0 10 00 4a 00 41 f7 c1 00 03 00 01 ff 7f ff d3 00 16 00 28 1c f1 00 01 80 1b 00 00 15 4a 43 7c 4c d8 00 00 14 0c
1772,85056,WL,flash_sample,48,49.188,1,110,0,1,1,1,0,1,1,0,1772,49188,0.036112,0.03172,-1.030168,0.031251,0.010417,-1.343793,-3.15,1.54,2.8,53.94140625,98331,54.5,252.300170898,5.132,57 4c 01 6e 00 00 06 ec 00 00 c0 24 00 4a 00 41 f7 c1 00 03 00 01 ff 7f ff d3 00 16 00 28 1c f1 00 01 80 1b 00 00 15 4a 43 7c 4c d8 00 00 14 0c
1773,85104,WL,flash_sample,48,49.208,1,110,0,1,1,1,0,1,1,0,1773,49208,0.036112,0.03172,-1.030168,0.031251,0.010417,-1.343793,-3.15,1.54,2.8,53.94140625,98331,54.5,252.300170898,5.132,57 4c 01 6e 00 00 06 ed 00 00 c0 38 00 4a 00 41 f7 c1 00 03 00 01 ff 7f ff d3 00 16 00 28 1c f1 00 01 80 1b 00 00 15 4a 43 7c 4c d8 00 00 14 0c
1774,85152,WL,flash_sample,48,49.228,1,102,0,1,1,0,0,1,1,0,1774,49228,0.035624,0.03172,-1.028216,0.041668,-0.031251,-1.312542,-0.91,-0.84,1.68,53.90625,98340,54.54,251.533905029,5.144,57 4c 01 66 00 00 06 ee 00 00 c0 4c 00 49 00 41 f7 c5 00 04 ff fd ff 82 ff f3 ff f4 00 18 1c e8 00 01 80 24 00 00 15 4e 43 7b 88 ae 00 00 14 18
1775,85200,WL,flash_sample,48,49.248,1,103,1,1,1,0,0,1,1,0,1775,49248,0.034648,0.030744,-1.029192,0.052085,-0.031251,-1.35421,-1.89,0.0,2.8,53.9453125,98329,54.37,252.471908569,5.144,57 4c 01 67 00 00 06 ef 00 00 c0 60 00 47 00 3f f7 c3 00 05 ff fd ff 7e ff e5 00 00 00 28 1c f2 00 01 80 19 00 00 15 3d 43 7c 78 cf 00 00 14 18
1776,85248,WL,flash_sample,48,49.268,1,103,1,1,1,0,0,1,1,0,1776,49268,0.035136,0.031232,-1.028216,0.052085,-0.010417,-1.35421,-2.94,0.91,3.29,53.90234375,98332,54.43,252.215606689,5.144,57 4c 01 67 00 00 06 f0 00 00 c0 74 00 48 00 40 f7 c5 00 05 ff ff ff 7e ff d6 00 0d 00 2f 1c e7 00 01 80 1c 00 00 15 43 43 7c 37 32 00 00 14 18
1777,85296,WL,flash_sample,48,49.288,1,111,1,1,1,1,0,1,1,0,1777,49288,0.035136,0.030744,-1.028704,0.020834,-0.041668,-1.35421,-3.15,1.54,2.8,53.97265625,98331,54.48,252.300170898,5.144,57 4c 01 6f 00 00 06 f1 00 00 c0 88 00 48 00 3f f7 c4 00 02 ff fc ff 7e ff d3 00 16 00 28 1c f9 00 01 80 1b 00 00 15 48 43 7c 4c d8 00 00 14 18
1778,85344,WL,flash_sample,48,49.308,1,111,1,1,1,1,0,1,1,0,1778,49308,0.035136,0.031232,-1.029192,0.020834,-0.010417,-1.322959,-3.08,1.47,2.8,53.98046875,98333,54.53,252.131057739,5.144,57 4c 01 6f 00 00 06 f2 00 00 c0 9c 00 48 00 40 f7 c3 00 02 ff ff ff 81 ff d4 00 15 00 28 1c fb 00 01 80 1d 00 00 15 4d 43 7c 21 8d 00 00 14 18
1779,85392,WL,flash_sample,48,49.328,1,111,1,1,1,1,0,1,1,0,1779,49328,0.035136,0.032208,-1.028704,0.083336,-0.010417,-1.333376,-3.15,1.4,2.94,53.921875,98333,54.57,252.131057739,5.132,57 4c 01 6f 00 00 06 f3 00 00 c0 b0 00 48 00 42 f7 c4 00 08 ff ff ff 80 ff d3 00 14 00 2a 1c ec 00 01 80 1d 00 00 15 51 43 7c 21 8d 00 00 14 0c
1780,85440,WL,flash_sample,48,49.348,1,111,1,1,1,1,0,1,1,0,1780,49348,0.035136,0.030744,-1.029192,0.052085,-0.010417,-1.343793,-3.15,1.54,2.87,53.94140625,98335,54.61,251.959320068,5.132,57 4c 01 6f 00 00 06 f4 00 00 c0 c4 00 48 00 3f f7 c3 00 05 ff ff ff 7f ff d3 00 16 00 29 1c f1 00 01 80 1f 00 00 15 55 43 7b f5 96 00 00 14 0c
1781,85488,WL,flash_sample,48,49.368,1,103,1,1,1,0,0,1,1,0,1781,49368,0.035136,0.03172,-1.02968,0.052085,-0.010417,-1.322959,-3.22,1.54,2.87,54.00390625,98334,54.65,252.043869019,5.132,57 4c 01 67 00 00 06 f5 00 00 c0 d8 00 48 00 41 f7 c2 00 05 ff ff ff 81 ff d2 00 16 00 29 1d 01 00 01 80 1e 00 00 15 59 43 7c 0b 3b 00 00 14 0c
1782,85536,WL,flash_sample,48,49.388,1,103,1,1,1,0,0,1,1,0,1782,49388,0.036112,0.03172,-1.028704,0.052085,0.0,-1.35421,-3.15,1.54,2.87,53.96484375,98332,54.68,252.215606689,5.132,57 4c 01 67 00 00 06 f6 00 00 c0 ec 00 4a 00 41 f7 c4 00 05 00 00 ff 7e ff d3 00 16 00 29 1c f7 00 01 80 1c 00 00 15 5c 43 7c 37 32 00 00 14 0c
1783,85584,WL,flash_sample,48,49.408,1,103,1,1,1,0,0,1,1,0,1783,49408,0.036112,0.03172,-1.028704,0.052085,0.0,-1.35421,-3.15,1.54,2.87,53.96484375,98332,54.68,252.215606689,5.132,57 4c 01 67 00 00 06 f7 00 00 c1 00 00 4a 00 41 f7 c4 00 05 00 00 ff 7e ff d3 00 16 00 29 1c f7 00 01 80 1c 00 00 15 5c 43 7c 37 32 00 00 14 0c
1784,85632,WL,flash_sample,48,49.428,1,103,1,1,1,0,0,1,1,0,1784,49428,0.036112,0.03172,-1.028704,0.052085,0.0,-1.35421,-3.15,1.54,2.87,53.96484375,98332,54.68,252.215606689,5.132,57 4c 01 67 00 00 06 f8 00 00 c1 14 00 4a 00 41 f7 c4 00 05 00 00 ff 7e ff d3 00 16 00 29 1c f7 00 01 80 1c 00 00 15 5c 43 7c 37 32 00 00 14 0c
1785,85680,WL,flash_sample,48,49.448,1,103,1,1,1,0,0,1,1,0,1785,49448,0.036112,0.03172,-1.028704,0.052085,0.0,-1.35421,-3.15,1.54,2.87,53.96484375,98332,54.68,252.215606689,5.132,57 4c 01 67 00 00 06 f9 00 00 c1 28 00 4a 00 41 f7 c4 00 05 00 00 ff 7e ff d3 00 16 00 29 1c f7 00 01 80 1c 00 00 15 5c 43 7c 37 32 00 00 14 0c
1786,85728,WL,flash_sample,48,49.471,1,65,1,0,0,0,0,0,1,0,1786,49471,0.035136,0.032208,-1.027728,0.052085,-0.010417,-1.343793,-0.21,-0.63,0.35,53.94140625,98341,54.72,251.446716309,5.144,57 4c 01 41 00 00 06 fa 00 00 c1 3f 00 48 00 42 f7 c6 00 05 ff ff ff 7f ff fd ff f7 00 05 1c f1 00 01 80 25 00 00 15 60 43 7b 72 5c 00 00 14 18
1787,85776,WL,flash_sample,48,49.488,1,103,1,1,1,0,0,1,1,0,1787,49488,0.035624,0.030744,-1.029192,0.010417,-0.031251,-1.322959,-1.26,-0.49,2.1,53.875,98335,54.5,251.959320068,5.144,57 4c 01 67 00 00 06 fb 00 00 c1 50 00 49 00 3f f7 c3 00 01 ff fd ff 81 ff ee ff f9 00 1e 1c e0 00 01 80 1f 00 00 15 4a 43 7b f5 96 00 00 14 18
1788,85824,WL,flash_sample,48,49.508,1,103,1,1,1,0,0,1,1,0,1788,49508,0.035624,0.03172,-1.028704,0.020834,-0.010417,-1.35421,-2.31,0.14,3.08,53.92578125,98336,54.55,251.874755859,5.144,57 4c 01 67 00 00 06 fc 00 00 c1 64 00 49 00 41 f7 c4 00 02 ff ff ff 7e ff df 00 02 00 2c 1c ed 00 01 80 20 00 00 15 4f 43 7b df f0 00 00 14 18
1789,85872,WL,flash_sample,48,49.528,1,111,1,1,1,1,0,1,1,0,1789,49528,0.035136,0.03172,-1.029192,0.052085,-0.020834,-1.312542,-3.15,1.54,2.87,53.9609375,98334,54.59,252.043869019,5.124,57 4c 01 6f 00 00 06 fd 00 00 c1 78 00 48 00 41 f7 c3 00 05 ff fe ff 82 ff d3 00 16 00 29 1c f6 00 01 80 1e 00 00 15 53 43 7c 0b 3b 00 00 14 04
1790,85920,WL,flash_sample,48,49.548,1,111,1,1,1,1,0,1,1,0,1790,49548,0.035624,0.030744,-1.029192,0.083336,0.0,-1.322959,-3.22,1.54,2.87,53.9375,98335,54.63,251.959320068,5.124,57 4c 01 6f 00 00 06 fe 00 00 c1 8c 00 49 00 3f f7 c3 00 08 00 00 ff 81 ff d2 00 16 00 29 1c f0 00 01 80 1f 00 00 15 57 43 7b f5 96 00 00 14 04
1791,85968,WL,flash_sample,48,49.569,1,111,1,1,1,1,0,1,1,0,1791,49569,0.036112,0.031232,-1.028704,0.052085,0.052085,-1.343793,-3.15,1.47,2.87,53.9609375,98336,54.67,251.874755859,5.124,57 4c 01 6f 00 00 06 ff 00 00 c1 a1 00 4a 00 40 f7 c4 00 05 00 05 ff 7f ff d3 00 15 00 29 1c f6 00 01 80 20 00 00 15 5b 43 7b df f0 00 00 14 04
1792,86016,WL,flash_sample,48,49.588,1,111,1,1,1,1,0,1,1,0,1792,49588,0.035624,0.03172,-1.029192,0.062502,-0.031251,-1.343793,-3.15,1.47,2.87,53.95703125,98336,54.7,251.874755859,5.124,57 4c 01 6f 00 00 07 00 00 00 c1 b4 00 49 00 41 f7 c3 00 06 ff fd ff 7f ff d3 00 15 00 29 1c f5 00 01 80 20 00 00 15 5e 43 7b df f0 00 00 14 04
1793,86064,WL,flash_sample,48,49.608,1,103,1,1,1,0,0,1,1,0,1793,49608,0.035624,0.031232,-1.02968,0.031251,-0.031251,-1.322959,-3.15,1.54,2.87,53.97265625,98335,54.74,251.959320068,5.124,57 4c 01 67 00 00 07 01 00 00 c1 c8 00 49 00 40 f7 c2 00 03 ff fd ff 81 ff d3 00 16 00 29 1c f9 00 01 80 1f 00 00 15 62 43 7b f5 96 00 00 14 04
1794,86112,WL,flash_sample,48,49.628,1,103,1,1,1,0,0,1,1,0,1794,49628,0.035136,0.031232,-1.02968,0.052085,-0.052085,-1.322959,-3.15,1.47,2.94,53.98046875,98334,54.77,252.043869019,5.12,57 4c 01 67 00 00 07 02 00 00 c1 dc 00 48 00 40 f7 c2 00 05 ff fb ff 81 ff d3 00 15 00 2a 1c fb 00 01 80 1e 00 00 15 65 43 7c 0b 3b 00 00 14 00
1795,86160,WL,flash_sample,48,49.648,1,111,1,1,1,1,0,1,1,0,1795,49648,0.035624,0.031232,-1.030168,0.031251,-0.020834,-1.343793,-3.15,1.54,2.87,53.96484375,98334,54.77,252.043869019,5.12,57 4c 01 6f 00 00 07 03 00 00 c1 f0 00 49 00 40 f7 c1 00 03 ff fe ff 7f ff d3 00 16 00 29 1c f7 00 01 80 1e 00 00 15 65 43 7c 0b 3b 00 00 14 00
1796,86208,WL,flash_sample,48,49.668,1,111,1,1,1,1,0,1,1,0,1796,49668,0.035624,0.031232,-1.030168,0.031251,-0.020834,-1.343793,-3.15,1.54,2.87,53.96484375,98334,54.77,252.043869019,5.12,57 4c 01 6f 00 00 07 04 00 00 c2 04 00 49 00 40 f7 c1 00 03 ff fe ff 7f ff d3 00 16 00 29 1c f7 00 01 80 1e 00 00 15 65 43 7c 0b 3b 00 00 14 00
1797,86256,WL,flash_sample,48,49.688,1,111,1,1,1,1,0,1,1,0,1797,49688,0.035624,0.031232,-1.030168,0.031251,-0.020834,-1.343793,-3.15,1.54,2.87,53.96484375,98334,54.77,252.043869019,5.12,57 4c 01 6f 00 00 07 05 00 00 c2 18 00 49 00 40 f7 c1 00 03 ff fe ff 7f ff d3 00 16 00 29 1c f7 00 01 80 1e 00 00 15 65 43 7c 0b 3b 00 00 14 00
1798,86304,WL,flash_sample,48,49.708,1,111,1,1,1,1,0,1,1,0,1798,49708,0.035624,0.031232,-1.030168,0.031251,-0.020834,-1.343793,-3.15,1.54,2.87,53.96484375,98334,54.77,252.043869019,5.12,57 4c 01 6f 00 00 07 06 00 00 c2 2c 00 49 00 40 f7 c1 00 03 ff fe ff 7f ff d3 00 16 00 29 1c f7 00 01 80 1e 00 00 15 65 43 7c 0b 3b 00 00 14 00
1799,86352,WL,flash_sample,48,49.728,1,111,1,1,1,1,0,1,1,0,1799,49728,0.035624,0.03172,-1.027728,0.041668,-0.020834,-1.343793,-0.21,-0.35,0.07,53.94921875,98341,54.8,251.446716309,5.12,57 4c 01 6f 00 00 07 07 00 00 c2 40 00 49 00 41 f7 c6 00 04 ff fe ff 7f ff fd ff fb 00 01 1c f3 00 01 80 25 00 00 15 68 43 7b 72 5c 00 00 14 00
1800,86400,WL,flash_sample,48,49.748,1,111,1,1,1,1,0,1,1,0,1800,49748,0.035624,0.03172,-1.027728,0.041668,-0.020834,-1.343793,-0.21,-0.35,0.07,53.94921875,98341,54.8,251.446716309,5.12,57 4c 01 6f 00 00 07 08 00 00 c2 54 00 49 00 41 f7 c6 00 04 ff fe ff 7f ff fd ff fb 00 01 1c f3 00 01 80 25 00 00 15 68 43 7b 72 5c 00 00 14 00
1801,86448,WL,flash_sample,48,49.768,1,111,1,1,1,1,0,1,1,0,1801,49768,0.035624,0.03172,-1.027728,0.041668,-0.020834,-1.343793,-0.21,-0.35,0.07,53.94921875,98341,54.8,251.446716309,5.12,57 4c 01 6f 00 00 07 09 00 00 c2 68 00 49 00 41 f7 c6 00 04 ff fe ff 7f ff fd ff fb 00 01 1c f3 00 01 80 25 00 00 15 68 43 7b 72 5c 00 00 14 00
1802,86496,WL,flash_sample,48,49.788,1,111,1,1,1,1,0,1,1,0,1802,49788,0.035624,0.03172,-1.027728,0.041668,-0.020834,-1.343793,-0.21,-0.35,0.07,53.94921875,98341,54.8,251.446716309,5.12,57 4c 01 6f 00 00 07 0a 00 00 c2 7c 00 49 00 41 f7 c6 00 04 ff fe ff 7f ff fd ff fb 00 01 1c f3 00 01 80 25 00 00 15 68 43 7b 72 5c 00 00 14 00
1803,86544,WL,flash_sample,48,49.808,1,111,1,1,1,1,0,1,1,0,1803,49808,0.035624,0.03172,-1.027728,0.041668,-0.020834,-1.343793,-0.21,-0.35,0.07,53.94921875,98341,54.8,251.446716309,5.12,57 4c 01 6f 00 00 07 0b 00 00 c2 90 00 49 00 41 f7 c6 00 04 ff fe ff 7f ff fd ff fb 00 01 1c f3 00 01 80 25 00 00 15 68 43 7b 72 5c 00 00 14 00
1804,86592,WL,flash_sample,48,49.828,1,111,1,1,1,1,0,1,1,0,1804,49828,0.035624,0.03172,-1.027728,0.041668,-0.020834,-1.343793,-0.21,-0.35,0.07,53.94921875,98341,54.8,251.446716309,5.12,57 4c 01 6f 00 00 07 0c 00 00 c2 a4 00 49 00 41 f7 c6 00 04 ff fe ff 7f ff fd ff fb 00 01 1c f3 00 01 80 25 00 00 15 68 43 7b 72 5c 00 00 14 00
1805,86640,WL,flash_sample,48,49.849,1,111,1,1,1,1,0,1,1,0,1805,49849,0.035624,0.031232,-1.027728,0.052085,-0.052085,-1.343793,-0.21,0.07,-0.35,53.9453125,98341,54.8,251.446716309,5.12,57 4c 01 6f 00 00 07 0d 00 00 c2 b9 00 49 00 40 f7 c6 00 05 ff fb ff 7f ff fd 00 01 ff fb 1c f2 00 01 80 25 00 00 15 68 43 7b 72 5c 00 00 14 00
1806,86688,WL,flash_sample,48,49.868,1,111,1,1,1,1,0,1,1,0,1806,49868,0.035624,0.031232,-1.027728,0.052085,-0.052085,-1.343793,-0.21,0.07,-0.35,53.9453125,98341,54.8,251.446716309,5.12,57 4c 01 6f 00 00 07 0e 00 00 c2 cc 00 49 00 40 f7 c6 00 05 ff fb ff 7f ff fd 00 01 ff fb 1c f2 00 01 80 25 00 00 15 68 43 7b 72 5c 00 00 14 00
1807,86736,WL,flash_sample,48,49.888,1,111,1,1,1,1,0,1,1,0,1807,49888,0.035624,0.031232,-1.027728,0.052085,-0.052085,-1.343793,-0.21,0.07,-0.35,53.9453125,98341,54.8,251.446716309,5.12,57 4c 01 6f 00 00 07 0f 00 00 c2 e0 00 49 00 40 f7 c6 00 05 ff fb ff 7f ff fd 00 01 ff fb 1c f2 00 01 80 25 00 00 15 68 43 7b 72 5c 00 00 14 00
1808,86784,WL,flash_sample,48,49.908,1,111,1,1,1,1,0,1,1,0,1808,49908,0.035624,0.032208,-1.029192,0.0,0.0,-1.322959,-0.21,0.07,-0.42,53.90625,98395,54.57,246.8412323,5.12,57 4c 01 6f 00 00 07 10 00 00 c2 f4 00 49 00 42 f7 c3 00 00 00 00 ff 81 ff fd 00 01 ff fa 1c e8 00 01 80 5b 00 00 15 51 43 76 d7 5b 00 00 14 00
1809,86832,WL,flash_sample,48,49.928,1,111,1,1,1,1,0,1,1,0,1809,49928,0.035624,0.032208,-1.029192,0.0,0.0,-1.322959,-0.21,0.07,-0.42,53.90625,98395,54.57,246.8412323,5.12,57 4c 01 6f 00 00 07 11 00 00 c3 08 00 49 00 42 f7 c3 00 00 00 00 ff 81 ff fd 00 01 ff fa 1c e8 00 01 80 5b 00 00 15 51 43 76 d7 5b 00 00 14 00
1810,86880,WL,flash_sample,48,49.948,1,111,1,1,1,1,0,1,1,0,1810,49948,0.035624,0.032208,-1.029192,0.0,0.0,-1.322959,-0.21,0.07,-0.42,53.90625,98395,54.57,246.8412323,5.12,57 4c 01 6f 00 00 07 12 00 00 c3 1c 00 49 00 42 f7 c3 00 00 00 00 ff 81 ff fd 00 01 ff fa 1c e8 00 01 80 5b 00 00 15 51 43 76 d7 5b 00 00 14 00
1811,86928,WL,flash_sample,48,49.968,1,111,1,1,1,1,0,1,1,0,1811,49968,0.035624,0.032208,-1.029192,0.0,0.0,-1.322959,-0.21,0.07,-0.42,53.90625,98395,54.57,246.8412323,5.12,57 4c 01 6f 00 00 07 13 00 00 c3 30 00 49 00 42 f7 c3 00 00 00 00 ff 81 ff fd 00 01 ff fa 1c e8 00 01 80 5b 00 00 15 51 43 76 d7 5b 00 00 14 00
1812,86976,WL,flash_sample,48,49.988,1,97,1,0,0,0,0,1,1,0,1812,49988,0.035624,0.031232,-1.027728,0.052085,-0.010417,-1.312542,-0.28,-0.98,0.91,54.0078125,98340,54.23,251.533905029,5.148,57 4c 01 61 00 00 07 14 00 00 c3 44 00 49 00 40 f7 c6 00 05 ff ff ff 82 ff fc ff f2 00 0d 1d 02 00 01 80 24 00 00 15 2f 43 7b 88 ae 00 00 14 1c
1813,87024,WL,flash_sample,48,50.008,1,111,1,1,1,1,0,1,1,0,1813,50008,0.035136,0.032208,-1.029192,0.052085,-0.010417,-1.322959,-1.96,-0.07,2.8,53.953125,98325,54.18,252.812774658,5.148,57 4c 01 6f 00 00 07 15 00 00 c3 58 00 48 00 42 f7 c3 00 05 ff ff ff 81 ff e4 ff ff 00 28 1c f4 00 01 80 15 00 00 15 2a 43 7c d0 12 00 00 14 1c
1814,87072,WL,flash_sample,48,50.028,1,111,1,1,1,1,0,1,1,0,1814,50028,0.036112,0.032208,-1.02968,0.072919,-0.041668,-1.364627,-2.94,0.98,3.36,53.9296875,98324,54.25,252.897323608,5.132,57 4c 01 6f 00 00 07 16 00 00 c3 6c 00 4a 00 42 f7 c2 00 07 ff fc ff 7d ff d6 00 0e 00 30 1c ee 00 01 80 14 00 00 15 31 43 7c e5 b7 00 00 14 0c
1815,87120,WL,flash_sample,48,50.048,1,111,1,1,1,1,0,1,1,0,1815,50048,0.035624,0.031232,-1.02968,0.010417,-0.020834,-1.322959,-3.15,1.47,2.8,53.9765625,98326,54.32,252.728210449,5.132,57 4c 01 6f 00 00 07 17 00 00 c3 80 00 49 00 40 f7 c2 00 01 ff fe ff 81 ff d3 00 15 00 28 1c fa 00 01 80 16 00 00 15 38 43 7c ba 6c 00 00 14 0c
1816,87168,WL,flash_sample,48,50.068,1,103,1,1,1,0,0,1,1,0,1816,50068,0.035136,0.031232,-1.02968,0.041668,0.020834,-1.312542,-3.15,1.54,2.87,53.97265625,98325,54.38,252.812774658,5.132,57 4c 01 67 00 00 07 18 00 00 c3 94 00 48 00 40 f7 c2 00 04 00 02 ff 82 ff d3 00 16 00 29 1c f9 00 01 80 15 00 00 15 3e 43 7c d0 12 00 00 14 0c
1817,87216,WL,flash_sample,48,50.089,1,103,1,1,1,0,0,1,1,0,1817,50089,0.035624,0.032208,-1.028704,0.020834,0.0,-1.333376,-3.29,1.82,2.66,53.9921875,98324,54.43,252.897323608,5.132,57 4c 01 67 00 00 07 19 00 00 c3 a9 00 49 00 42 f7 c4 00 02 00 00 ff 80 ff d1 00 1a 00 26 1c fe 00 01 80 14 00 00 15 43 43 7c e5 b7 00 00 14 0c
1818,87264,WL,flash_sample,48,50.108,1,111,1,1,1,1,0,1,1,0,1818,50108,0.035136,0.031232,-1.02968,0.020834,-0.052085,-1.375044,-3.22,1.54,2.87,53.95703125,98328,54.49,252.556472778,5.132,57 4c 01 6f 00 00 07 1a 00 00 c3 bc 00 48 00 40 f7 c2 00 02 ff fb ff 7c ff d2 00 16 00 29 1c f5 00 01 80 18 00 00 15 49 43 7c 8e 75 00 00 14 0c
1819,87312,WL,flash_sample,48,50.128,1,111,1,1,1,1,0,1,1,0,1819,50128,0.035136,0.03172,-1.028704,0.052085,-0.020834,-1.322959,-3.15,1.54,2.87,53.9296875,98323,54.54,252.981872559,5.124,57 4c 01 6f 00 00 07 1b 00 00 c3 d0 00 48 00 41 f7 c4 00 05 ff fe ff 81 ff d3 00 16 00 29 1c ee 00 01 80 13 00 00 15 4e 43 7c fb 5c 00 00 14 04
1820,87360,WL,flash_sample,48,50.148,1,111,1,1,1,1,0,1,1,0,1820,50148,0.035624,0.032208,-1.030656,0.031251,-0.031251,-1.343793,-3.15,1.54,2.87,53.9765625,98331,54.58,252.300170898,5.124,57 4c 01 6f 00 00 07 1c 00 00 c3 e4 00 49 00 42 f7 c0 00 03 ff fd ff 7f ff d3 00 16 00 29 1c fa 00 01 80 1b 00 00 15 52 43 7c 4c d8 00 00 14 04
1821,87408,WL,flash_sample,48,50.168,1,111,1,1,1,1,0,1,1,0,1821,50168,0.035624,0.032208,-1.030656,0.031251,-0.031251,-1.343793,-3.15,1.54,2.87,53.9765625,98331,54.58,252.300170898,5.124,57 4c 01 6f 00 00 07 1d 00 00 c3 f8 00 49 00 42 f7 c0 00 03 ff fd ff 7f ff d3 00 16 00 29 1c fa 00 01 80 1b 00 00 15 52 43 7c 4c d8 00 00 14 04
1822,87456,WL,flash_sample,48,50.188,1,111,1,1,1,1,0,1,1,0,1822,50188,0.035624,0.032208,-1.030656,0.031251,-0.031251,-1.343793,-3.15,1.54,2.87,53.9765625,98331,54.58,252.300170898,5.124,57 4c 01 6f 00 00 07 1e 00 00 c4 0c 00 49 00 42 f7 c0 00 03 ff fd ff 7f ff d3 00 16 00 29 1c fa 00 01 80 1b 00 00 15 52 43 7c 4c d8 00 00 14 04
1823,87504,WL,flash_sample,48,50.208,1,111,1,1,1,1,0,1,1,0,1823,50208,0.035624,0.032208,-1.030656,0.031251,-0.031251,-1.343793,-3.15,1.54,2.87,53.9765625,98331,54.58,252.300170898,5.124,57 4c 01 6f 00 00 07 1f 00 00 c4 20 00 49 00 42 f7 c0 00 03 ff fd ff 7f ff d3 00 16 00 29 1c fa 00 01 80 1b 00 00 15 52 43 7c 4c d8 00 00 14 04
1824,87552,WL,flash_sample,48,50.231,1,97,1,0,0,0,0,1,1,0,1824,50231,0.036112,0.031232,-1.022848,0.041668,0.0,-1.322959,-0.21,-0.49,0.49,53.97265625,98331,54.58,252.300170898,5.132,57 4c 01 61 00 00 07 20 00 00 c4 37 00 4a 00 40 f7 d0 00 04 00 00 ff 81 ff fd ff f9 00 07 1c f9 00 01 80 1b 00 00 15 52 43 7c 4c d8 00 00 14 0c
1825,87600,WL,flash_sample,48,50.248,1,110,0,1,1,1,0,1,1,0,1825,50248,0.035624,0.03172,-1.030168,0.052085,-0.052085,-1.312542,-1.26,-0.42,2.1,53.97265625,98366,54.63,249.31439209,5.132,57 4c 01 6e 00 00 07 21 00 00 c4 48 00 49 00 41 f7 c1 00 05 ff fb ff 82 ff ee ff fa 00 1e 1c f9 00 01 80 3e 00 00 15 57 43 79 50 7c 00 00 14 0c
1826,87648,WL,flash_sample,48,50.268,1,110,0,1,1,1,0,1,1,0,1826,50268,0.035136,0.032208,-1.028704,0.052085,-0.020834,-1.302125,-2.31,0.28,3.15,53.9453125,98333,54.48,252.131057739,5.132,57 4c 01 6e 00 00 07 22 00 00 c4 5c 00 48 00 42 f7 c4 00 05 ff fe ff 83 ff df 00 04 00 2d 1c f2 00 01 80 1d 00 00 15 48 43 7c 21 8d 00 00 14 0c
1827,87696,WL,flash_sample,48,50.288,1,110,0,1,1,1,0,1,1,0,1827,50288,0.036112,0.032208,-1.028704,0.031251,-0.041668,-1.343793,-3.15,1.54,2.8,53.953125,98333,54.53,252.131057739,5.132,57 4c 01 6e 00 00 07 23 00 00 c4 70 00 4a 00 42 f7 c4 00 03 ff fc ff 7f ff d3 00 16 00 28 1c f4 00 01 80 1d 00 00 15 4d 43 7c 21 8d 00 00 14 0c
1828,87744,WL,flash_sample,48,50.308,1,102,0,1,1,0,0,1,1,0,1828,50308,0.035136,0.031232,-1.029192,0.041668,0.010417,-1.322959,-3.15,1.54,2.8,53.9921875,98335,54.58,251.959320068,5.132,57 4c 01 66 00 00 07 24 00 00 c4 84 00 48 00 40 f7 c3 00 04 00 01 ff 81 ff d3 00 16 00 28 1c fe 00 01 80 1f 00 00 15 52 43 7b f5 96 00 00 14 0c
1829,87792,WL,flash_sample,48,50.329,1,102,0,1,1,0,0,1,1,0,1829,50329,0.035624,0.030744,-1.02968,0.052085,-0.020834,-1.322959,-3.15,1.47,2.94,54.0078125,98336,54.62,251.874755859,5.14,57 4c 01 66 00 00 07 25 00 00 c4 99 00 49 00 3f f7 c2 00 05 ff fe ff 81 ff d3 00 15 00 2a 1d 02 00 01 80 20 00 00 15 56 43 7b df f0 00 00 14 14
1830,87840,WL,flash_sample,48,50.348,1,110,0,1,1,1,0,1,1,0,1830,50348,0.035136,0.031232,-1.029192,0.031251,-0.041668,-1.343793,-3.15,1.47,2.87,53.9921875,98332,54.66,252.215606689,5.14,57 4c 01 6e 00 00 07 26 00 00 c4 ac 00 48 00 40 f7 c3 00 03 ff fc ff 7f ff d3 00 15 00 29 1c fe 00 01 80 1c 00 00 15 5a 43 7c 37 32 00 00 14 14
1831,87888,WL,flash_sample,48,50.368,1,110,0,1,1,1,0,1,1,0,1831,50368,0.035624,0.031232,-1.030168,0.031251,0.0,-1.375044,-3.22,1.54,2.87,53.9921875,98332,54.7,252.215606689,5.14,57 4c 01 6e 00 00 07 27 00 00 c4 c0 00 49 00 40 f7 c1 00 03 00 00 ff 7c ff d2 00 16 00 29 1c fe 00 01 80 1c 00 00 15 5e 43 7c 37 32 00 00 14 14
1832,87936,WL,flash_sample,48,50.388,1,110,0,1,1,1,0,1,1,0,1832,50388,0.036112,0.032208,-1.02968,0.020834,-0.031251,-1.322959,-3.22,1.54,2.87,53.9921875,98334,54.73,252.043869019,5.14,57 4c 01 6e 00 00 07 28 00 00 c4 d4 00 4a 00 42 f7 c2 00 02 ff fd ff 81 ff d2 00 16 00 29 1c fe 00 01 80 1e 00 00 15 61 43 7c 0b 3b 00 00 14 14
1833,87984,WL,flash_sample,48,50.408,1,102,0,1,1,0,0,1,1,0,1833,50408,0.0366,0.032208,-1.02968,0.052085,-0.031251,-1.312542,-3.15,1.54,2.8,53.9921875,98336,54.77,251.874755859,5.14,57 4c 01 66 00 00 07 29 00 00 c4 e8 00 4b 00 42 f7 c2 00 05 ff fd ff 82 ff d3 00 16 00 28 1c fe 00 01 80 20 00 00 15 65 43 7b df f0 00 00 14 14
1834,88032,WL,flash_sample,48,50.428,1,102,0,1,1,0,0,1,1,0,1834,50428,0.0366,0.032208,-1.02968,0.052085,-0.031251,-1.312542,-3.15,1.54,2.8,53.9921875,98336,54.77,251.874755859,5.14,57 4c 01 66 00 00 07 2a 00 00 c4 fc 00 4b 00 42 f7 c2 00 05 ff fd ff 82 ff d3 00 16 00 28 1c fe 00 01 80 20 00 00 15 65 43 7b df f0 00 00 14 14
1835,88080,WL,flash_sample,48,50.448,1,102,0,1,1,0,0,1,1,0,1835,50448,0.0366,0.032208,-1.02968,0.052085,-0.031251,-1.312542,-3.15,1.54,2.8,53.9921875,98336,54.77,251.874755859,5.14,57 4c 01 66 00 00 07 2b 00 00 c5 10 00 4b 00 42 f7 c2 00 05 ff fd ff 82 ff d3 00 16 00 28 1c fe 00 01 80 20 00 00 15 65 43 7b df f0 00 00 14 14
1836,88128,WL,flash_sample,48,50.468,1,102,0,1,1,0,0,1,1,0,1836,50468,0.0366,0.032208,-1.02968,0.052085,-0.031251,-1.312542,-3.15,1.54,2.8,53.9921875,98336,54.77,251.874755859,5.14,57 4c 01 66 00 00 07 2c 00 00 c5 24 00 4b 00 42 f7 c2 00 05 ff fd ff 82 ff d3 00 16 00 28 1c fe 00 01 80 20 00 00 15 65 43 7b df f0 00 00 14 14
1837,88176,WL,flash_sample,48,50.488,1,110,0,1,1,1,0,1,1,0,1837,50488,0.035624,0.030744,-1.028216,0.010417,0.020834,-1.364627,-0.63,-0.98,1.33,53.9453125,98377,54.8,248.37638855,5.144,57 4c 01 6e 00 00 07 2d 00 00 c5 38 00 49 00 3f f7 c5 00 01 00 02 ff 7d ff f7 ff f2 00 13 1c f2 00 01 80 49 00 00 15 68 43 78 60 5b 00 00 14 18
1838,88224,WL,flash_sample,48,50.508,1,110,0,1,1,1,0,1,1,0,1838,50508,0.035624,0.030744,-1.029192,0.031251,0.010417,-1.343793,-1.68,-0.21,2.52,54.01953125,98335,54.6,251.959320068,5.144,57 4c 01 6e 00 00 07 2e 00 00 c5 4c 00 49 00 3f f7 c3 00 03 00 01 ff 7f ff e8 ff fd 00 24 1d 05 00 01 80 1f 00 00 15 54 43 7b f5 96 00 00 14 18
1839,88272,WL,flash_sample,48,50.528,1,102,0,1,1,0,0,1,1,0,1839,50528,0.036112,0.03172,-1.02968,0.062502,-0.010417,-1.35421,-3.15,1.4,3.01,54.01953125,98334,54.65,252.043869019,5.144,57 4c 01 66 00 00 07 2f 00 00 c5 60 00 4a 00 41 f7 c2 00 06 ff ff ff 7e ff d3 00 14 00 2b 1d 05 00 01 80 1e 00 00 15 59 43 7c 0b 3b 00 00 14 18
1840,88320,WL,flash_sample,48,50.548,1,102,0,1,1,0,0,1,1,0,1840,50548,0.036112,0.03172,-1.02968,0.041668,-0.031251,-1.343793,-3.22,1.54,2.87,53.96875,98332,54.68,252.215606689,5.144,57 4c 01 66 00 00 07 30 00 00 c5 74 00 4a 00 41 f7 c2 00 04 ff fd ff 7f ff d2 00 16 00 29 1c f8 00 01 80 1c 00 00 15 5c 43 7c 37 32 00 00 14 18
1841,88368,WL,flash_sample,48,50.568,1,102,0,1,1,0,0,1,1,0,1841,50568,0.035136,0.03172,-1.030168,0.052085,-0.031251,-1.343793,-3.22,1.54,2.87,54.015625,98337,54.72,251.787567139,5.144,57 4c 01 66 00 00 07 31 00 00 c5 88 00 48 00 41 f7 c1 00 05 ff fd ff 7f ff d2 00 16 00 29 1d 04 00 01 80 21 00 00 15 60 43 7b c9 9e 00 00 14 18
1842,88416,WL,flash_sample,48,50.588,1,110,0,1,1,1,0,1,1,0,1842,50588,0.035624,0.031232,-1.030168,0.052085,0.0,-1.322959,-3.22,1.54,2.87,54.0234375,98335,54.76,251.959320068,5.144,57 4c 01 6e 00 00 07 32 00 00 c5 9c 00 49 00 40 f7 c1 00 05 00 00 ff 81 ff d2 00 16 00 29 1d 06 00 01 80 1f 00 00 15 64 43 7b f5 96 00 00 14 18
1843,88464,WL,flash_sample,48,50.608,1,110,0,1,1,1,0,1,1,0,1843,50608,0.036112,0.032208,-1.030168,0.041668,0.010417,-1.35421,-3.22,1.54,2.87,54.0234375,98335,54.79,251.959320068,5.144,57 4c 01 6e 00 00 07 33 00 00 c5 b0 00 4a 00 42 f7 c1 00 04 00 01 ff 7e ff d2 00 16 00 29 1d 06 00 01 80 1f 00 00 15 67 43 7b f5 96 00 00 14 18
1844,88512,WL,flash_sample,48,50.628,1,110,0,1,1,1,0,1,1,0,1844,50628,0.035136,0.031232,-1.028216,0.010417,-0.041668,-1.333376,-3.15,1.47,2.94,54.03125,98335,54.82,251.959320068,5.132,57 4c 01 6e 00 00 07 34 00 00 c5 c4 00 48 00 40 f7 c5 00 01 ff fc ff 80 ff d3 00 15 00 2a 1d 08 00 01 80 1f 00 00 15 6a 43 7b f5 96 00 00 14 0c
1845,88560,WL,flash_sample,48,50.648,1,102,0,1,1,0,0,1,1,0,1845,50648,0.035624,0.032208,-1.030168,0.041668,0.010417,-1.343793,-3.22,1.61,2.87,54.0,98336,54.85,251.874755859,5.132,57 4c 01 66 00 00 07 35 00 00 c5 d8 00 49 00 42 f7 c1 00 04 00 01 ff 7f ff d2 00 17 00 29 1d 00 00 01 80 20 00 00 15 6d 43 7b df f0 00 00 14 0c
1846,88608,WL,flash_sample,48,50.668,1,102,0,1,1,0,0,1,1,0,1846,50668,0.035624,0.032208,-1.030168,0.041668,0.010417,-1.343793,-3.22,1.61,2.87,54.0,98336,54.85,251.874755859,5.132,57 4c 01 66 00 00 07 36 00 00 c5 ec 00 49 00 42 f7 c1 00 04 00 01 ff 7f ff d2 00 17 00 29 1d 00 00 01 80 20 00 00 15 6d 43 7b df f0 00 00 14 0c
1847,88656,WL,flash_sample,48,50.688,1,102,0,1,1,0,0,1,1,0,1847,50688,0.035624,0.032208,-1.030168,0.041668,0.010417,-1.343793,-3.22,1.61,2.87,54.0,98336,54.85,251.874755859,5.132,57 4c 01 66 00 00 07 37 00 00 c6 00 00 49 00 42 f7 c1 00 04 00 01 ff 7f ff d2 00 17 00 29 1d 00 00 01 80 20 00 00 15 6d 43 7b df f0 00 00 14 0c
1848,88704,WL,flash_sample,48,50.708,1,102,0,1,1,0,0,1,1,0,1848,50708,0.035624,0.032208,-1.030168,0.041668,0.010417,-1.343793,-3.22,1.61,2.87,54.0,98336,54.85,251.874755859,5.132,57 4c 01 66 00 00 07 38 00 00 c6 14 00 49 00 42 f7 c1 00 04 00 01 ff 7f ff d2 00 17 00 29 1d 00 00 01 80 20 00 00 15 6d 43 7b df f0 00 00 14 0c
1849,88752,WL,flash_sample,48,50.729,1,110,0,1,1,1,0,1,1,0,1849,50729,0.035136,0.030744,-1.028216,0.020834,-0.052085,-1.343793,-0.14,-0.14,-0.21,54.0234375,98336,54.85,251.874755859,5.132,57 4c 01 6e 00 00 07 39 00 00 c6 29 00 48 00 3f f7 c5 00 02 ff fb ff 7f ff fe ff fe ff fd 1d 06 00 01 80 20 00 00 15 6d 43 7b df f0 00 00 14 0c
1850,88800,WL,flash_sample,48,50.748,1,110,0,1,1,1,0,1,1,0,1850,50748,0.035136,0.030744,-1.028216,0.020834,-0.052085,-1.343793,-0.14,-0.14,-0.21,54.0234375,98336,54.85,251.874755859,5.132,57 4c 01 6e 00 00 07 3a 00 00 c6 3c 00 48 00 3f f7 c5 00 02 ff fb ff 7f ff fe ff fe ff fd 1d 06 00 01 80 20 00 00 15 6d 43 7b df f0 00 00 14 0c
1851,88848,WL,flash_sample,48,50.768,1,110,0,1,1,1,0,1,1,0,1851,50768,0.035136,0.030744,-1.028216,0.020834,-0.052085,-1.343793,-0.14,-0.14,-0.21,54.0234375,98336,54.85,251.874755859,5.132,57 4c 01 6e 00 00 07 3b 00 00 c6 50 00 48 00 3f f7 c5 00 02 ff fb ff 7f ff fe ff fe ff fd 1d 06 00 01 80 20 00 00 15 6d 43 7b df f0 00 00 14 0c
1852,88896,WL,flash_sample,48,50.788,1,110,0,1,1,1,0,1,1,0,1852,50788,0.035136,0.030744,-1.028216,0.020834,-0.052085,-1.343793,-0.14,-0.14,-0.21,54.0234375,98336,54.85,251.874755859,5.132,57 4c 01 6e 00 00 07 3c 00 00 c6 64 00 48 00 3f f7 c5 00 02 ff fb ff 7f ff fe ff fe ff fd 1d 06 00 01 80 20 00 00 15 6d 43 7b df f0 00 00 14 0c
1853,88944,WL,flash_sample,48,50.808,1,110,0,1,1,1,0,1,1,0,1853,50808,0.035136,0.030744,-1.028216,0.020834,-0.052085,-1.343793,-0.14,-0.14,-0.21,54.0234375,98336,54.85,251.874755859,5.132,57 4c 01 6e 00 00 07 3d 00 00 c6 78 00 48 00 3f f7 c5 00 02 ff fb ff 7f ff fe ff fe ff fd 1d 06 00 01 80 20 00 00 15 6d 43 7b df f0 00 00 14 0c
1854,88992,WL,flash_sample,48,50.828,1,110,0,1,1,1,0,1,1,0,1854,50828,0.035136,0.030744,-1.028216,0.020834,-0.052085,-1.343793,-0.14,-0.14,-0.21,54.0234375,98336,54.85,251.874755859,5.132,57 4c 01 6e 00 00 07 3e 00 00 c6 8c 00 48 00 3f f7 c5 00 02 ff fb ff 7f ff fe ff fe ff fd 1d 06 00 01 80 20 00 00 15 6d 43 7b df f0 00 00 14 0c
1855,89040,WL,flash_sample,48,50.848,1,110,0,1,1,1,0,1,1,0,1855,50848,0.035136,0.030744,-1.028216,0.020834,-0.052085,-1.343793,-0.14,-0.14,-0.21,54.0234375,98336,54.85,251.874755859,5.132,57 4c 01 6e 00 00 07 3f 00 00 c6 a0 00 48 00 3f f7 c5 00 02 ff fb ff 7f ff fe ff fe ff fd 1d 06 00 01 80 20 00 00 15 6d 43 7b df f0 00 00 14 0c
1856,89088,WL,flash_sample,48,50.868,1,110,0,1,1,1,0,1,1,0,1856,50868,0.036112,0.03172,-1.028704,0.041668,-0.020834,-1.343793,-0.21,0.07,-0.35,54.0234375,98389,54.88,247.35383606,5.132,57 4c 01 6e 00 00 07 40 00 00 c6 b4 00 4a 00 41 f7 c4 00 04 ff fe ff 7f ff fd 00 01 ff fb 1d 06 00 01 80 55 00 00 15 70 43 77 5a 95 00 00 14 0c
1857,89136,WL,flash_sample,48,50.888,1,110,0,1,1,1,0,1,1,0,1857,50888,0.036112,0.03172,-1.028704,0.041668,-0.020834,-1.343793,-0.21,0.07,-0.35,54.0234375,98389,54.88,247.35383606,5.132,57 4c 01 6e 00 00 07 41 00 00 c6 c8 00 4a 00 41 f7 c4 00 04 ff fe ff 7f ff fd 00 01 ff fb 1d 06 00 01 80 55 00 00 15 70 43 77 5a 95 00 00 14 0c
1858,89184,WL,flash_sample,48,50.909,1,110,0,1,1,1,0,1,1,0,1858,50909,0.035624,0.03172,-1.02724,0.031251,-0.010417,-1.343793,-0.14,0.07,-0.35,53.97265625,98389,54.88,247.35383606,5.132,57 4c 01 6e 00 00 07 42 00 00 c6 dd 00 49 00 41 f7 c7 00 03 ff ff ff 7f ff fe 00 01 ff fb 1c f9 00 01 80 55 00 00 15 70 43 77 5a 95 00 00 14 0c
1859,89232,WL,flash_sample,48,50.928,1,110,0,1,1,1,0,1,1,0,1859,50928,0.035624,0.03172,-1.02724,0.031251,-0.010417,-1.343793,-0.14,0.07,-0.35,53.97265625,98389,54.88,247.35383606,5.132,57 4c 01 6e 00 00 07 43 00 00 c6 f0 00 49 00 41 f7 c7 00 03 ff ff ff 7f ff fe 00 01 ff fb 1c f9 00 01 80 55 00 00 15 70 43 77 5a 95 00 00 14 0c
1860,89280,WL,flash_sample,48,50.948,1,110,0,1,1,1,0,1,1,0,1860,50948,0.035624,0.03172,-1.02724,0.031251,-0.010417,-1.343793,-0.14,0.07,-0.35,53.97265625,98389,54.88,247.35383606,5.132,57 4c 01 6e 00 00 07 44 00 00 c7 04 00 49 00 41 f7 c7 00 03 ff ff ff 7f ff fe 00 01 ff fb 1c f9 00 01 80 55 00 00 15 70 43 77 5a 95 00 00 14 0c
1861,89328,WL,flash_sample,48,50.968,1,110,0,1,1,1,0,1,1,0,1861,50968,0.035624,0.03172,-1.02724,0.031251,-0.010417,-1.343793,-0.14,0.07,-0.35,53.97265625,98389,54.88,247.35383606,5.132,57 4c 01 6e 00 00 07 45 00 00 c7 18 00 49 00 41 f7 c7 00 03 ff ff ff 7f ff fe 00 01 ff fb 1c f9 00 01 80 55 00 00 15 70 43 77 5a 95 00 00 14 0c
1862,89376,WL,flash_sample,48,50.993,1,64,0,0,0,0,0,0,1,0,1862,50993,0.035136,0.032208,-1.028216,0.052085,0.010417,-1.343793,-0.28,-0.77,0.56,54.015625,98348,54.34,250.849563599,5.124,57 4c 01 40 00 00 07 46 00 00 c7 31 00 48 00 42 f7 c5 00 05 00 01 ff 7f ff fc ff f5 00 08 1d 04 00 01 80 2c 00 00 15 3a 43 7a d9 7d 00 00 14 04
1863,89424,WL,flash_sample,48,51.008,1,102,0,1,1,0,0,1,1,0,1863,51008,0.036112,0.03172,-1.028216,0.020834,-0.010417,-1.343793,-1.26,-0.49,2.1,54.0,98323,54.19,252.981872559,5.14,57 4c 01 66 00 00 07 47 00 00 c7 40 00 4a 00 41 f7 c5 00 02 ff ff ff 7f ff ee ff f9 00 1e 1d 00 00 01 80 13 00 00 15 2b 43 7c fb 5c 00 00 14 14
1864,89472,WL,flash_sample,48,51.028,1,102,0,1,1,0,0,1,1,0,1864,51028,0.036112,0.03172,-1.028216,0.062502,0.0,-1.333376,-2.31,0.28,3.15,54.0078125,98321,54.27,253.153625488,5.148,57 4c 01 66 00 00 07 48 00 00 c7 54 00 4a 00 41 f7 c5 00 06 00 00 ff 80 ff df 00 04 00 2d 1d 02 00 01 80 11 00 00 15 33 43 7d 27 54 00 00 14 1c
1865,89520,WL,flash_sample,48,51.048,1,110,0,1,1,1,0,1,1,0,1865,51048,0.035624,0.031232,-1.02968,0.031251,-0.020834,-1.35421,-3.15,1.54,2.8,54.015625,98321,54.34,253.153625488,5.148,57 4c 01 6e 00 00 07 49 00 00 c7 68 00 49 00 40 f7 c2 00 03 ff fe ff 7e ff d3 00 16 00 28 1d 04 00 01 80 11 00 00 15 3a 43 7d 27 54 00 00 14 1c
1866,89568,WL,flash_sample,48,51.068,1,110,0,1,1,1,0,1,1,0,1866,51068,0.034648,0.03172,-1.030168,0.031251,-0.010417,-1.322959,-3.15,1.54,2.87,54.0,98322,54.4,253.069061279,5.148,57 4c 01 6e 00 00 07 4a 00 00 c7 7c 00 47 00 41 f7 c1 00 03 ff ff ff 81 ff d3 00 16 00 29 1d 00 00 01 80 12 00 00 15 40 43 7d 11 ae 00 00 14 1c
1867,89616,WL,flash_sample,48,51.089,1,110,0,1,1,1,0,1,1,0,1867,51089,0.036112,0.031232,-1.028216,0.052085,-0.020834,-1.333376,-3.29,1.89,2.66,53.9921875,98327,54.45,252.641021729,5.148,57 4c 01 6e 00 00 07 4b 00 00 c7 91 00 4a 00 40 f7 c5 00 05 ff fe ff 80 ff d1 00 1b 00 26 1c fe 00 01 80 17 00 00 15 45 43 7c a4 1a 00 00 14 1c
1868,89664,WL,flash_sample,48,51.108,1,110,0,1,1,1,0,1,1,0,1868,51108,0.038064,0.033672,-1.028704,0.083336,-0.062502,-1.322959,-3.15,1.47,2.87,54.0078125,98328,54.52,252.556472778,5.148,57 4c 01 6e 00 00 07 4c 00 00 c7 a4 00 4e 00 45 f7 c4 00 08 ff fa ff 81 ff d3 00 15 00 29 1d 02 00 01 80 18 00 00 15 4c 43 7c 8e 75 00 00 14 1c
1869,89712,WL,flash_sample,48,51.128,1,102,0,1,1,0,0,1,1,0,1869,51128,0.035624,0.031232,-1.029192,0.010417,-0.020834,-1.364627,-3.15,1.54,2.87,54.015625,98326,54.57,252.728210449,5.128,57 4c 01 66 00 00 07 4d 00 00 c7 b8 00 49 00 40 f7 c3 00 01 ff fe ff 7d ff d3 00 16 00 29 1d 04 00 01 80 16 00 00 15 51 43 7c ba 6c 00 00 14 08
1870,89760,WL,flash_sample,48,51.148,1,102,0,1,1,0,0,1,1,0,1870,51148,0.035136,0.03172,-1.029192,0.031251,-0.031251,-1.333376,-3.15,1.54,2.87,54.0,98333,54.62,252.131057739,5.128,57 4c 01 66 00 00 07 4e 00 00 c7 cc 00 48 00 41 f7 c3 00 03 ff fd ff 80 ff d3 00 16 00 29 1d 00 00 01 80 1d 00 00 15 56 43 7c 21 8d 00 00 14 08
1871,89808,WL,flash_sample,48,51.168,1,110,0,1,1,1,0,1,1,0,1871,51168,0.035136,0.031232,-1.030168,0.052085,-0.020834,-1.343793,-3.15,1.54,2.94,54.03125,98333,54.62,252.131057739,5.128,57 4c 01 6e 00 00 07 4f 00 00 c7 e0 00 48 00 40 f7 c1 00 05 ff fe ff 7f ff d3 00 16 00 2a 1d 08 00 01 80 1d 00 00 15 56 43 7c 21 8d 00 00 14 08
1872,89856,WL,flash_sample,48,51.188,1,110,0,1,1,1,0,1,1,0,1872,51188,0.035136,0.031232,-1.030168,0.052085,-0.020834,-1.343793,-3.15,1.54,2.94,54.03125,98333,54.62,252.131057739,5.128,57 4c 01 6e 00 00 07 50 00 00 c7 f4 00 48 00 40 f7 c1 00 05 ff fe ff 7f ff d3 00 16 00 2a 1d 08 00 01 80 1d 00 00 15 56 43 7c 21 8d 00 00 14 08
1873,89904,WL,flash_sample,48,51.208,1,110,0,1,1,1,0,1,1,0,1873,51208,0.035136,0.031232,-1.030168,0.052085,-0.020834,-1.343793,-3.15,1.54,2.94,54.03125,98333,54.62,252.131057739,5.128,57 4c 01 6e 00 00 07 51 00 00 c8 08 00 48 00 40 f7 c1 00 05 ff fe ff 7f ff d3 00 16 00 2a 1d 08 00 01 80 1d 00 00 15 56 43 7c 21 8d 00 00 14 08
1874,89952,WL,flash_sample,48,51.228,1,110,0,1,1,1,0,1,1,0,1874,51228,0.035136,0.031232,-1.030168,0.052085,-0.020834,-1.343793,-3.15,1.54,2.94,54.03125,98333,54.62,252.131057739,5.128,57 4c 01 6e 00 00 07 52 00 00 c8 1c 00 48 00 40 f7 c1 00 05 ff fe ff 7f ff d3 00 16 00 2a 1d 08 00 01 80 1d 00 00 15 56 43 7c 21 8d 00 00 14 08
1875,90000,WL,flash_sample,48,51.248,1,103,1,1,1,0,0,1,1,0,1875,51248,0.035624,0.031232,-1.028216,0.083336,0.041668,-1.302125,-0.63,-0.98,1.33,54.03125,98334,54.66,252.043869019,5.144,57 4c 01 67 00 00 07 53 00 00 c8 30 00 49 00 40 f7 c5 00 08 00 04 ff 83 ff f7 ff f2 00 13 1d 08 00 01 80 1e 00 00 15 5a 43 7c 0b 3b 00 00 14 18
1876,90048,WL,flash_sample,48,51.268,1,103,1,1,1,0,0,1,1,0,1876,51268,0.036112,0.031232,-1.029192,0.031251,0.041668,-1.333376,-1.75,-0.21,2.59,54.03125,98329,54.49,252.471908569,5.144,57 4c 01 67 00 00 07 54 00 00 c8 44 00 4a 00 40 f7 c3 00 03 00 04 ff 80 ff e7 ff fd 00 25 1d 08 00 01 80 19 00 00 15 49 43 7c 78 cf 00 00 14 18
1877,90096,WL,flash_sample,48,51.288,1,111,1,1,1,1,0,1,1,0,1877,51288,0.034648,0.031232,-1.029192,0.041668,0.020834,-1.343793,-3.15,1.47,2.87,54.0078125,98332,54.55,252.215606689,5.144,57 4c 01 6f 00 00 07 55 00 00 c8 58 00 47 00 40 f7 c3 00 04 00 02 ff 7f ff d3 00 15 00 29 1d 02 00 01 80 1c 00 00 15 4f 43 7c 37 32 00 00 14 18
1878,90144,WL,flash_sample,48,51.308,1,111,1,1,1,1,0,1,1,0,1878,51308,0.035624,0.031232,-1.028704,0.052085,0.0,-1.343793,-3.15,1.54,2.87,54.03125,98333,54.6,252.131057739,5.144,57 4c 01 6f 00 00 07 56 00 00 c8 6c 00 49 00 40 f7 c4 00 05 00 00 ff 7f ff d3 00 16 00 29 1d 08 00 01 80 1d 00 00 15 54 43 7c 21 8d 00 00 14 18
1879,90192,WL,flash_sample,48,51.328,1,111,1,1,1,1,0,1,1,0,1879,51328,0.035624,0.031232,-1.02968,0.031251,0.0,-1.343793,-3.15,1.47,2.94,54.05859375,98329,54.65,252.471908569,5.128,57 4c 01 6f 00 00 07 57 00 00 c8 80 00 49 00 40 f7 c2 00 03 00 00 ff 7f ff d3 00 15 00 2a 1d 0f 00 01 80 19 00 00 15 59 43 7c 78 cf 00 00 14 08
1880,90240,WL,flash_sample,48,51.348,1,111,1,1,1,1,0,1,1,0,1880,51348,0.035624,0.03172,-1.029192,0.052085,0.020834,-1.333376,-3.15,1.54,2.87,54.03125,98335,54.69,251.959320068,5.128,57 4c 01 6f 00 00 07 58 00 00 c8 94 00 49 00 41 f7 c3 00 05 00 02 ff 80 ff d3 00 16 00 29 1d 08 00 01 80 1f 00 00 15 5d 43 7b f5 96 00 00 14 08
1881,90288,WL,flash_sample,48,51.368,1,103,1,1,1,0,0,1,1,0,1881,51368,0.036112,0.031232,-1.029192,0.031251,0.0,-1.343793,-3.22,1.54,2.8,54.05859375,98334,54.73,252.043869019,5.128,57 4c 01 67 00 00 07 59 00 00 c8 a8 00 4a 00 40 f7 c3 00 03 00 00 ff 7f ff d2 00 16 00 28 1d 0f 00 01 80 1e 00 00 15 61 43 7c 0b 3b 00 00 14 08
1882,90336,WL,flash_sample,48,51.388,1,103,1,1,1,0,0,1,1,0,1882,51388,0.036112,0.03172,-1.029192,0.020834,0.041668,-1.364627,-3.22,1.54,2.87,54.0234375,98332,54.77,252.215606689,5.128,57 4c 01 67 00 00 07 5a 00 00 c8 bc 00 4a 00 41 f7 c3 00 02 00 04 ff 7d ff d2 00 16 00 29 1d 06 00 01 80 1c 00 00 15 65 43 7c 37 32 00 00 14 08
1883,90384,WL,flash_sample,48,51.408,1,111,1,1,1,1,0,1,1,0,1883,51408,0.035136,0.03172,-1.02968,0.041668,-0.062502,-1.343793,-3.22,1.54,2.8,54.05859375,98336,54.8,251.874755859,5.128,57 4c 01 6f 00 00 07 5b 00 00 c8 d0 00 48 00 41 f7 c2 00 04 ff fa ff 7f ff d2 00 16 00 28 1d 0f 00 01 80 20 00 00 15 68 43 7b df f0 00 00 14 08
1884,90432,WL,flash_sample,48,51.428,1,111,1,1,1,1,0,1,1,0,1884,51428,0.035136,0.03172,-1.02968,0.041668,-0.062502,-1.343793,-3.22,1.54,2.8,54.05859375,98336,54.8,251.874755859,5.128,57 4c 01 6f 00 00 07 5c 00 00 c8 e4 00 48 00 41 f7 c2 00 04 ff fa ff 7f ff d2 00 16 00 28 1d 0f 00 01 80 20 00 00 15 68 43 7b df f0 00 00 14 08
1885,90480,WL,flash_sample,48,51.448,1,111,1,1,1,1,0,1,1,0,1885,51448,0.035136,0.03172,-1.02968,0.041668,-0.062502,-1.343793,-3.22,1.54,2.8,54.05859375,98336,54.8,251.874755859,5.128,57 4c 01 6f 00 00 07 5d 00 00 c8 f8 00 48 00 41 f7 c2 00 04 ff fa ff 7f ff d2 00 16 00 28 1d 0f 00 01 80 20 00 00 15 68 43 7b df f0 00 00 14 08
1886,90528,WL,flash_sample,48,51.468,1,111,1,1,1,1,0,1,1,0,1886,51468,0.035136,0.03172,-1.02968,0.041668,-0.062502,-1.343793,-3.22,1.54,2.8,54.05859375,98336,54.8,251.874755859,5.128,57 4c 01 6f 00 00 07 5e 00 00 c9 0c 00 48 00 41 f7 c2 00 04 ff fa ff 7f ff d2 00 16 00 28 1d 0f 00 01 80 20 00 00 15 68 43 7b df f0 00 00 14 08
1887,90576,WL,flash_sample,48,51.491,1,97,1,0,0,0,0,1,1,0,1887,51491,0.035136,0.03172,-1.027728,0.020834,-0.031251,-1.364627,-0.14,-0.14,-0.14,54.0078125,98343,54.84,251.277603149,5.144,57 4c 01 61 00 00 07 5f 00 00 c9 23 00 48 00 41 f7 c6 00 02 ff fd ff 7d ff fe ff fe ff fe 1d 02 00 01 80 27 00 00 15 6c 43 7b 47 11 00 00 14 18
1888,90624,WL,flash_sample,48,51.508,1,103,1,1,1,0,0,1,1,0,1888,51508,0.035624,0.03172,-1.028216,0.052085,-0.041668,-1.322959,-1.05,-0.7,1.82,54.046875,98332,54.62,252.215606689,5.144,57 4c 01 67 00 00 07 60 00 00 c9 34 00 49 00 41 f7 c5 00 05 ff fc ff 81 ff f1 ff f6 00 1a 1d 0c 00 01 80 1c 00 00 15 56 43 7c 37 32 00 00 14 18
1889,90672,WL,flash_sample,48,51.528,1,111,1,1,1,1,0,1,1,0,1889,51528,0.035624,0.03172,-1.028704,0.062502,-0.020834,-1.364627,-2.52,0.35,3.36,54.06640625,98333,54.67,252.131057739,5.124,57 4c 01 6f 00 00 07 61 00 00 c9 48 00 49 00 41 f7 c4 00 06 ff fe ff 7d ff dc 00 05 00 30 1d 11 00 01 80 1d 00 00 15 5b 43 7c 21 8d 00 00 14 04
1890,90720,WL,flash_sample,48,51.548,1,111,1,1,1,1,0,1,1,0,1890,51548,0.035624,0.031232,-1.028704,0.041668,0.010417,-1.333376,-3.22,1.54,2.87,54.06640625,98336,54.71,251.874755859,5.124,57 4c 01 6f 00 00 07 62 00 00 c9 5c 00 49 00 40 f7 c4 00 04 00 01 ff 80 ff d2 00 16 00 29 1d 11 00 01 80 20 00 00 15 5f 43 7b df f0 00 00 14 04
1891,90768,WL,flash_sample,48,51.568,1,111,1,1,1,1,0,1,1,0,1891,51568,0.036112,0.03172,-1.02968,0.010417,0.010417,-1.302125,-3.15,1.54,2.87,54.06640625,98334,54.75,252.043869019,5.124,57 4c 01 6f 00 00 07 63 00 00 c9 70 00 4a 00 41 f7 c2 00 01 00 01 ff 83 ff d3 00 16 00 29 1d 11 00 01 80 1e 00 00 15 63 43 7c 0b 3b 00 00 14 04
1892,90816,WL,flash_sample,48,51.589,1,103,1,1,1,0,0,1,1,0,1892,51589,0.035624,0.031232,-1.029192,0.031251,-0.020834,-1.364627,-3.22,1.54,2.87,54.06640625,98334,54.79,252.043869019,5.124,57 4c 01 67 00 00 07 64 00 00 c9 85 00 49 00 40 f7 c3 00 03 ff fe ff 7d ff d2 00 16 00 29 1d 11 00 01 80 1e 00 00 15 67 43 7c 0b 3b 00 00 14 04
1893,90864,WL,flash_sample,48,51.608,1,103,1,1,1,0,0,1,1,0,1893,51608,0.035624,0.03172,-1.030168,0.052085,-0.020834,-1.322959,-3.15,1.61,2.8,54.06640625,98337,54.82,251.787567139,5.124,57 4c 01 67 00 00 07 65 00 00 c9 98 00 49 00 41 f7 c1 00 05 ff fe ff 81 ff d3 00 17 00 28 1d 11 00 01 80 21 00 00 15 6a 43 7b c9 9e 00 00 14 04
1894,90912,WL,flash_sample,48,51.628,1,103,1,1,1,0,0,1,1,0,1894,51628,0.035136,0.03172,-1.029192,-0.010417,-0.031251,-1.343793,-3.15,1.54,2.94,54.046875,98333,54.86,252.131057739,5.14,57 4c 01 67 00 00 07 66 00 00 c9 ac 00 48 00 41 f7 c3 ff ff ff fd ff 7f ff d3 00 16 00 2a 1d 0c 00 01 80 1d 00 00 15 6e 43 7c 21 8d 00 00 14 14
1895,90960,WL,flash_sample,48,51.648,1,111,1,1,1,1,0,1,1,0,1895,51648,0.035136,0.032208,-1.030168,0.062502,0.010417,-1.385461,-3.15,1.61,2.94,54.06640625,98336,54.89,251.874755859,5.14,57 4c 01 6f 00 00 07 67 00 00 c9 c0 00 48 00 42 f7 c1 00 06 00 01 ff 7b ff d3 00 17 00 2a 1d 11 00 01 80 20 00 00 15 71 43 7b df f0 00 00 14 14
1896,91008,WL,flash_sample,48,51.668,1,103,1,1,1,0,0,1,1,0,1896,51668,0.036112,0.03172,-1.030168,0.031251,-0.020834,-1.343793,-3.15,1.61,2.87,54.06640625,98336,54.89,251.874755859,5.14,57 4c 01 67 00 00 07 68 00 00 c9 d4 00 4a 00 41 f7 c1 00 03 ff fe ff 7f ff d3 00 17 00 29 1d 11 00 01 80 20 00 00 15 71 43 7b df f0 00 00 14 14
1897,91056,WL,flash_sample,48,51.688,1,103,1,1,1,0,0,1,1,0,1897,51688,0.036112,0.03172,-1.030168,0.031251,-0.020834,-1.343793,-3.15,1.61,2.87,54.06640625,98336,54.89,251.874755859,5.14,57 4c 01 67 00 00 07 69 00 00 c9 e8 00 4a 00 41 f7 c1 00 03 ff fe ff 7f ff d3 00 17 00 29 1d 11 00 01 80 20 00 00 15 71 43 7b df f0 00 00 14 14
1898,91104,WL,flash_sample,48,51.708,1,103,1,1,1,0,0,1,1,0,1898,51708,0.036112,0.03172,-1.030168,0.031251,-0.020834,-1.343793,-3.15,1.61,2.87,54.06640625,98336,54.89,251.874755859,5.14,57 4c 01 67 00 00 07 6a 00 00 c9 fc 00 4a 00 41 f7 c1 00 03 ff fe ff 7f ff d3 00 17 00 29 1d 11 00 01 80 20 00 00 15 71 43 7b df f0 00 00 14 14
1899,91152,WL,flash_sample,48,51.728,1,103,1,1,1,0,0,1,1,0,1899,51728,0.036112,0.03172,-1.030168,0.031251,-0.020834,-1.343793,-3.15,1.61,2.87,54.06640625,98336,54.89,251.874755859,5.14,57 4c 01 67 00 00 07 6b 00 00 ca 10 00 4a 00 41 f7 c1 00 03 ff fe ff 7f ff d3 00 17 00 29 1d 11 00 01 80 20 00 00 15 71 43 7b df f0 00 00 14 14
1900,91200,WL,flash_sample,48,51.748,1,111,1,1,1,1,0,1,1,0,1900,51748,0.035136,0.030744,-1.028216,0.0,-0.052085,-1.312542,-0.14,0.0,-0.35,54.109375,98341,54.92,251.446716309,5.14,57 4c 01 6f 00 00 07 6c 00 00 ca 24 00 48 00 3f f7 c5 00 00 ff fb ff 82 ff fe 00 00 ff fb 1d 1c 00 01 80 25 00 00 15 74 43 7b 72 5c 00 00 14 14
1901,91248,WL,flash_sample,48,51.768,1,111,1,1,1,1,0,1,1,0,1901,51768,0.035136,0.030744,-1.028216,0.0,-0.052085,-1.312542,-0.14,0.0,-0.35,54.109375,98341,54.92,251.446716309,5.14,57 4c 01 6f 00 00 07 6d 00 00 ca 38 00 48 00 3f f7 c5 00 00 ff fb ff 82 ff fe 00 00 ff fb 1d 1c 00 01 80 25 00 00 15 74 43 7b 72 5c 00 00 14 14
1902,91296,WL,flash_sample,48,51.788,1,111,1,1,1,1,0,1,1,0,1902,51788,0.035136,0.030744,-1.028216,0.0,-0.052085,-1.312542,-0.14,0.0,-0.35,54.109375,98341,54.92,251.446716309,5.14,57 4c 01 6f 00 00 07 6e 00 00 ca 4c 00 48 00 3f f7 c5 00 00 ff fb ff 82 ff fe 00 00 ff fb 1d 1c 00 01 80 25 00 00 15 74 43 7b 72 5c 00 00 14 14
1903,91344,WL,flash_sample,48,51.808,1,111,1,1,1,1,0,1,1,0,1903,51808,0.035136,0.030744,-1.028216,0.0,-0.052085,-1.312542,-0.14,0.0,-0.35,54.109375,98341,54.92,251.446716309,5.14,57 4c 01 6f 00 00 07 6f 00 00 ca 60 00 48 00 3f f7 c5 00 00 ff fb ff 82 ff fe 00 00 ff fb 1d 1c 00 01 80 25 00 00 15 74 43 7b 72 5c 00 00 14 14
1904,91392,WL,flash_sample,48,51.828,1,111,1,1,1,1,0,1,1,0,1904,51828,0.035136,0.030744,-1.028216,0.0,-0.052085,-1.312542,-0.14,0.0,-0.35,54.109375,98341,54.92,251.446716309,5.14,57 4c 01 6f 00 00 07 70 00 00 ca 74 00 48 00 3f f7 c5 00 00 ff fb ff 82 ff fe 00 00 ff fb 1d 1c 00 01 80 25 00 00 15 74 43 7b 72 5c 00 00 14 14
1905,91440,WL,flash_sample,48,51.848,1,111,1,1,1,1,0,1,1,0,1905,51848,0.035136,0.030744,-1.028216,0.0,-0.052085,-1.312542,-0.14,0.0,-0.35,54.109375,98341,54.92,251.446716309,5.14,57 4c 01 6f 00 00 07 71 00 00 ca 88 00 48 00 3f f7 c5 00 00 ff fb ff 82 ff fe 00 00 ff fb 1d 1c 00 01 80 25 00 00 15 74 43 7b 72 5c 00 00 14 14
1906,91488,WL,flash_sample,48,51.869,1,111,1,1,1,1,0,1,1,0,1906,51869,0.035136,0.031232,-1.028216,0.052085,-0.031251,-1.343793,-0.14,0.07,-0.35,54.05859375,98341,54.92,251.446716309,5.14,57 4c 01 6f 00 00 07 72 00 00 ca 9d 00 48 00 40 f7 c5 00 05 ff fd ff 7f ff fe 00 01 ff fb 1d 0f 00 01 80 25 00 00 15 74 43 7b 72 5c 00 00 14 14
1907,91536,WL,flash_sample,48,51.888,1,111,1,1,1,1,0,1,1,0,1907,51888,0.035136,0.031232,-1.028216,0.052085,-0.031251,-1.343793,-0.14,0.07,-0.35,54.05859375,98341,54.92,251.446716309,5.14,57 4c 01 6f 00 00 07 73 00 00 ca b0 00 48 00 40 f7 c5 00 05 ff fd ff 7f ff fe 00 01 ff fb 1d 0f 00 01 80 25 00 00 15 74 43 7b 72 5c 00 00 14 14
1908,91584,WL,flash_sample,48,51.908,1,111,1,1,1,1,0,1,1,0,1908,51908,0.035136,0.031232,-1.028216,0.052085,-0.031251,-1.343793,-0.14,0.07,-0.35,54.05859375,98341,54.92,251.446716309,5.14,57 4c 01 6f 00 00 07 74 00 00 ca c4 00 48 00 40 f7 c5 00 05 ff fd ff 7f ff fe 00 01 ff fb 1d 0f 00 01 80 25 00 00 15 74 43 7b 72 5c 00 00 14 14
1909,91632,WL,flash_sample,48,51.928,1,111,1,1,1,1,0,1,1,0,1909,51928,0.035136,0.032208,-1.028216,0.031251,0.010417,-1.333376,-0.21,0.07,-0.35,54.06640625,98394,54.69,246.928421021,5.14,57 4c 01 6f 00 00 07 75 00 00 ca d8 00 48 00 42 f7 c5 00 03 00 01 ff 80 ff fd 00 01 ff fb 1d 11 00 01 80 5a 00 00 15 5d 43 76 ed ad 00 00 14 14
1910,91680,WL,flash_sample,48,51.948,1,111,1,1,1,1,0,1,1,0,1910,51948,0.035136,0.032208,-1.028216,0.031251,0.010417,-1.333376,-0.21,0.07,-0.35,54.06640625,98394,54.69,246.928421021,5.14,57 4c 01 6f 00 00 07 76 00 00 ca ec 00 48 00 42 f7 c5 00 03 00 01 ff 80 ff fd 00 01 ff fb 1d 11 00 01 80 5a 00 00 15 5d 43 76 ed ad 00 00 14 14
1911,91728,WL,flash_sample,48,51.968,1,111,1,1,1,1,0,1,1,0,1911,51968,0.035136,0.032208,-1.028216,0.031251,0.010417,-1.333376,-0.21,0.07,-0.35,54.06640625,98394,54.69,246.928421021,5.14,57 4c 01 6f 00 00 07 77 00 00 cb 00 00 48 00 42 f7 c5 00 03 00 01 ff 80 ff fd 00 01 ff fb 1d 11 00 01 80 5a 00 00 15 5d 43 76 ed ad 00 00 14 14
1912,91776,WL,flash_sample,48,51.988,1,111,1,1,1,1,0,1,1,0,1912,51988,0.035136,0.032208,-1.028216,0.031251,0.010417,-1.333376,-0.21,0.07,-0.35,54.06640625,98394,54.69,246.928421021,5.14,57 4c 01 6f 00 00 07 78 00 00 cb 14 00 48 00 42 f7 c5 00 03 00 01 ff 80 ff fd 00 01 ff fb 1d 11 00 01 80 5a 00 00 15 5d 43 76 ed ad 00 00 14 14
1913,91824,WL,flash_sample,48,52.008,1,97,1,0,0,0,0,1,1,0,1913,52008,0.035136,0.031232,-1.027728,0.041668,0.020834,-1.343793,-0.56,-0.98,1.4,54.046875,98341,54.35,251.446716309,5.136,57 4c 01 61 00 00 07 79 00 00 cb 28 00 48 00 40 f7 c6 00 04 00 02 ff 7f ff f8 ff f2 00 14 1d 0c 00 01 80 25 00 00 15 3b 43 7b 72 5c 00 00 14 10
1914,91872,WL,flash_sample,48,52.028,1,111,1,1,1,1,0,1,1,0,1914,52028,0.036112,0.031232,-1.028704,0.052085,-0.020834,-1.343793,-1.75,-0.14,2.59,54.0234375,98322,54.3,253.069061279,5.128,57 4c 01 6f 00 00 07 7a 00 00 cb 3c 00 4a 00 40 f7 c4 00 05 ff fe ff 7f ff e7 ff fe 00 25 1d 06 00 01 80 12 00 00 15 36 43 7d 11 ae 00 00 14 08
1915,91920,WL,flash_sample,48,52.048,1,111,1,1,1,1,0,1,1,0,1915,52048,0.035624,0.031232,-1.029192,0.062502,0.020834,-1.364627,-3.15,1.47,2.87,54.078125,98326,54.37,252.728210449,5.128,57 4c 01 6f 00 00 07 7b 00 00 cb 50 00 49 00 40 f7 c3 00 06 00 02 ff 7d ff d3 00 15 00 29 1d 14 00 01 80 16 00 00 15 3d 43 7c ba 6c 00 00 14 08
1916,91968,WL,flash_sample,48,52.068,1,103,1,1,1,0,0,1,1,0,1916,52068,0.035624,0.03172,-1.02968,0.083336,-0.031251,-1.333376,-3.15,1.54,2.87,54.08203125,98324,54.44,252.897323608,5.128,57 4c 01 67 00 00 07 7c 00 00 cb 64 00 49 00 41 f7 c2 00 08 ff fd ff 80 ff d3 00 16 00 29 1d 15 00 01 80 14 00 00 15 44 43 7c e5 b7 00 00 14 08
1917,92016,WL,flash_sample,48,52.088,1,103,1,1,1,0,0,1,1,0,1917,52088,0.036112,0.031232,-1.029192,0.052085,-0.020834,-1.343793,-3.29,1.82,2.66,54.0546875,98324,54.49,252.897323608,5.128,57 4c 01 67 00 00 07 7d 00 00 cb 78 00 4a 00 40 f7 c3 00 05 ff fe ff 7f ff d1 00 1a 00 26 1d 0e 00 01 80 14 00 00 15 49 43 7c e5 b7 00 00 14 08
1918,92064,WL,flash_sample,48,52.109,1,111,1,1,1,1,0,1,1,0,1918,52109,0.036112,0.03172,-1.030168,0.052085,-0.010417,-1.343793,-3.22,1.47,2.87,54.109375,98324,54.56,252.897323608,5.128,57 4c 01 6f 00 00 07 7e 00 00 cb 8d 00 4a 00 41 f7 c1 00 05 ff ff ff 7f ff d2 00 15 00 29 1d 1c 00 01 80 14 00 00 15 50 43 7c e5 b7 00 00 14 08
1919,92112,WL,flash_sample,48,52.128,1,111,1,1,1,1,0,1,1,0,1919,52128,0.035136,0.03172,-1.030656,0.041668,-0.010417,-1.375044,-3.15,1.54,2.87,54.03515625,98326,54.61,252.728210449,5.14,57 4c 01 6f 00 00 07 7f 00 00 cb a0 00 48 00 41 f7 c0 00 04 ff ff ff 7c ff d3 00 16 00 29 1d 09 00 01 80 16 00 00 15 55 43 7c ba 6c 00 00 14 14
1920,92160,WL,flash_sample,48,52.148,1,111,1,1,1,1,0,1,1,0,1920,52148,0.035624,0.031232,-1.02968,0.052085,0.020834,-1.312542,-3.15,1.54,2.87,54.07421875,98327,54.66,252.641021729,5.14,57 4c 01 6f 00 00 07 80 00 00 cb b4 00 49 00 40 f7 c2 00 05 00 02 ff 82 ff d3 00 16 00 29 1d 13 00 01 80 17 00 00 15 5a 43 7c a4 1a 00 00 14 14
1921,92208,WL,flash_sample,48,52.168,1,111,1,1,1,1,0,1,1,0,1921,52168,0.035136,0.030744,-1.02968,0.052085,-0.010417,-1.364627,-3.15,1.54,2.87,54.05859375,98330,54.71,252.384719849,5.14,57 4c 01 6f 00 00 07 81 00 00 cb c8 00 48 00 3f f7 c2 00 05 ff ff ff 7d ff d3 00 16 00 29 1d 0f 00 01 80 1a 00 00 15 5f 43 7c 62 7d 00 00 14 14
1922,92256,WL,flash_sample,48,52.188,1,111,1,1,1,1,0,1,1,0,1922,52188,0.035136,0.030744,-1.02968,0.052085,-0.010417,-1.364627,-3.15,1.54,2.87,54.05859375,98330,54.71,252.384719849,5.14,57 4c 01 6f 00 00 07 82 00 00 cb dc 00 48 00 3f f7 c2 00 05 ff ff ff 7d ff d3 00 16 00 29 1d 0f 00 01 80 1a 00 00 15 5f 43 7c 62 7d 00 00 14 14
1923,92304,WL,flash_sample,48,52.208,1,111,1,1,1,1,0,1,1,0,1923,52208,0.035136,0.030744,-1.02968,0.052085,-0.010417,-1.364627,-3.15,1.54,2.87,54.05859375,98330,54.71,252.384719849,5.14,57 4c 01 6f 00 00 07 83 00 00 cb f0 00 48 00 3f f7 c2 00 05 ff ff ff 7d ff d3 00 16 00 29 1d 0f 00 01 80 1a 00 00 15 5f 43 7c 62 7d 00 00 14 14
1924,92352,WL,flash_sample,48,52.228,1,111,1,1,1,1,0,1,1,0,1924,52228,0.035136,0.030744,-1.02968,0.052085,-0.010417,-1.364627,-3.15,1.54,2.87,54.05859375,98330,54.71,252.384719849,5.14,57 4c 01 6f 00 00 07 84 00 00 cc 04 00 48 00 3f f7 c2 00 05 ff ff ff 7d ff d3 00 16 00 29 1d 0f 00 01 80 1a 00 00 15 5f 43 7c 62 7d 00 00 14 14
1925,92400,WL,flash_sample,48,52.251,1,64,0,0,0,0,0,0,1,0,1925,52251,0.035624,0.031232,-1.028216,0.020834,-0.010417,-1.343793,-0.14,-0.14,-0.07,54.125,98330,54.71,252.384719849,5.144,57 4c 01 40 00 00 07 85 00 00 cc 1b 00 49 00 40 f7 c5 00 02 ff ff ff 7f ff fe ff fe ff ff 1d 20 00 01 80 1a 00 00 15 5f 43 7c 62 7d 00 00 14 18
1926,92448,WL,flash_sample,48,52.268,1,110,0,1,1,1,0,1,1,0,1926,52268,0.037088,0.032208,-1.028704,0.031251,0.020834,-1.375044,-1.12,-0.63,1.89,54.0546875,98366,54.76,249.31439209,5.144,57 4c 01 6e 00 00 07 86 00 00 cc 2c 00 4c 00 42 f7 c4 00 03 00 02 ff 7c ff f0 ff f7 00 1b 1d 0e 00 01 80 3e 00 00 15 64 43 79 50 7c 00 00 14 18
1927,92496,WL,flash_sample,48,52.288,1,102,0,1,1,0,0,1,1,0,1927,52288,0.035136,0.031232,-1.029192,0.052085,-0.031251,-1.343793,-2.52,0.49,3.36,54.0546875,98335,54.6,251.959320068,5.144,57 4c 01 66 00 00 07 87 00 00 cc 40 00 48 00 40 f7 c3 00 05 ff fd ff 7f ff dc 00 07 00 30 1d 0e 00 01 80 1f 00 00 15 54 43 7b f5 96 00 00 14 18
1928,92544,WL,flash_sample,48,52.308,1,102,0,1,1,0,0,1,1,0,1928,52308,0.036112,0.030744,-1.029192,0.052085,-0.031251,-1.35421,-3.15,1.54,2.8,54.0859375,98333,54.65,252.131057739,5.144,57 4c 01 66 00 00 07 88 00 00 cc 54 00 4a 00 3f f7 c3 00 05 ff fd ff 7e ff d3 00 16 00 28 1d 16 00 01 80 1d 00 00 15 59 43 7c 21 8d 00 00 14 18
1929,92592,WL,flash_sample,48,52.328,1,102,0,1,1,0,0,1,1,0,1929,52328,0.035624,0.031232,-1.029192,0.072919,-0.020834,-1.343793,-3.08,1.47,2.94,54.08984375,98332,54.7,252.215606689,5.14,57 4c 01 66 00 00 07 89 00 00 cc 68 00 49 00 40 f7 c3 00 07 ff fe ff 7f ff d4 00 15 00 2a 1d 17 00 01 80 1c 00 00 15 5e 43 7c 37 32 00 00 14 14
1930,92640,WL,flash_sample,48,52.349,1,110,0,1,1,1,0,1,1,0,1930,52349,0.036112,0.03172,-1.02968,0.041668,0.010417,-1.312542,-3.22,1.54,2.87,54.08203125,98330,54.74,252.384719849,5.14,57 4c 01 6e 00 00 07 8a 00 00 cc 7d 00 4a 00 41 f7 c2 00 04 00 01 ff 82 ff d2 00 16 00 29 1d 15 00 01 80 1a 00 00 15 62 43 7c 62 7d 00 00 14 14
1931,92688,WL,flash_sample,48,52.368,1,110,0,1,1,1,0,1,1,0,1931,52368,0.035136,0.03172,-1.030168,0.041668,-0.010417,-1.343793,-3.15,1.61,2.87,54.08203125,98330,54.78,252.384719849,5.14,57 4c 01 6e 00 00 07 8b 00 00 cc 90 00 48 00 41 f7 c1 00 04 ff ff ff 7f ff d3 00 17 00 29 1d 15 00 01 80 1a 00 00 15 66 43 7c 62 7d 00 00 14 14
1932,92736,WL,flash_sample,48,52.388,1,110,0,1,1,1,0,1,1,0,1932,52388,0.035136,0.031232,-1.02968,0.041668,-0.010417,-1.333376,-3.15,1.47,2.87,54.10546875,98333,54.82,252.131057739,5.14,57 4c 01 6e 00 00 07 8c 00 00 cc a4 00 48 00 40 f7 c2 00 04 ff ff ff 80 ff d3 00 15 00 29 1d 1b 00 01 80 1d 00 00 15 6a 43 7c 21 8d 00 00 14 14
1933,92784,WL,flash_sample,48,52.408,1,102,0,1,1,0,0,1,1,0,1933,52408,0.035136,0.030744,-1.029192,0.020834,0.0,-1.322959,-3.22,1.54,2.87,54.0703125,98337,54.85,251.787567139,5.14,57 4c 01 66 00 00 07 8d 00 00 cc b8 00 48 00 3f f7 c3 00 02 00 00 ff 81 ff d2 00 16 00 29 1d 12 00 01 80 21 00 00 15 6d 43 7b c9 9e 00 00 14 14
1934,92832,WL,flash_sample,48,52.428,1,110,0,1,1,1,0,1,1,0,1934,52428,0.035624,0.031232,-1.030168,0.0,-0.052085,-1.343793,-3.22,1.61,2.87,54.09375,98336,54.89,251.874755859,5.144,57 4c 01 6e 00 00 07 8e 00 00 cc cc 00 49 00 40 f7 c1 00 00 ff fb ff 7f ff d2 00 17 00 29 1d 18 00 01 80 20 00 00 15 71 43 7b df f0 00 00 14 18
1935,92880,WL,flash_sample,48,52.448,1,110,0,1,1,1,0,1,1,0,1935,52448,0.035624,0.031232,-1.030168,0.0,-0.052085,-1.343793,-3.22,1.61,2.87,54.09375,98336,54.89,251.874755859,5.144,57 4c 01 6e 00 00 07 8f 00 00 cc e0 00 49 00 40 f7 c1 00 00 ff fb ff 7f ff d2 00 17 00 29 1d 18 00 01 80 20 00 00 15 71 43 7b df f0 00 00 14 18
1936,92928,WL,flash_sample,48,52.468,1,110,0,1,1,1,0,1,1,0,1936,52468,0.035624,0.031232,-1.030168,0.0,-0.052085,-1.343793,-3.22,1.61,2.87,54.09375,98336,54.89,251.874755859,5.144,57 4c 01 6e 00 00 07 90 00 00 cc f4 00 49 00 40 f7 c1 00 00 ff fb ff 7f ff d2 00 17 00 29 1d 18 00 01 80 20 00 00 15 71 43 7b df f0 00 00 14 18
1937,92976,WL,flash_sample,48,52.488,1,110,0,1,1,1,0,1,1,0,1937,52488,0.035624,0.031232,-1.030168,0.0,-0.052085,-1.343793,-3.22,1.61,2.87,54.09375,98336,54.89,251.874755859,5.144,57 4c 01 6e 00 00 07 91 00 00 cd 08 00 49 00 40 f7 c1 00 00 ff fb ff 7f ff d2 00 17 00 29 1d 18 00 01 80 20 00 00 15 71 43 7b df f0 00 00 14 18
1938,93024,WL,flash_sample,48,52.508,1,110,0,1,1,1,0,1,1,0,1938,52508,0.036112,0.031232,-1.028704,0.041668,0.010417,-1.343793,-0.35,-1.05,0.98,54.109375,98378,54.92,248.2918396,5.144,57 4c 01 6e 00 00 07 92 00 00 cd 1c 00 4a 00 40 f7 c4 00 04 00 01 ff 7f ff fb ff f1 00 0e 1d 1c 00 01 80 4a 00 00 15 74 43 78 4a b6 00 00 14 18
1939,93072,WL,flash_sample,48,52.528,1,102,0,1,1,0,0,1,1,0,1939,52528,0.035136,0.03172,-1.027728,0.052085,-0.041668,-1.364627,-1.96,0.0,2.8,54.11328125,98332,54.72,252.215606689,5.136,57 4c 01 66 00 00 07 93 00 00 cd 30 00 48 00 41 f7 c6 00 05 ff fc ff 7d ff e4 00 00 00 28 1d 1d 00 01 80 1c 00 00 15 60 43 7c 37 32 00 00 14 10
1940,93120,WL,flash_sample,48,52.548,1,102,0,1,1,0,0,1,1,0,1940,52548,0.035624,0.031232,-1.029192,0.072919,-0.010417,-1.35421,-2.94,0.98,3.36,54.11328125,98337,54.77,251.787567139,5.136,57 4c 01 66 00 00 07 94 00 00 cd 44 00 49 00 40 f7 c3 00 07 ff ff ff 7e ff d6 00 0e 00 30 1d 1d 00 01 80 21 00 00 15 65 43 7b c9 9e 00 00 14 10
1941,93168,WL,flash_sample,48,52.568,1,102,0,1,1,0,0,1,1,0,1941,52568,0.036112,0.032208,-1.02968,0.020834,-0.010417,-1.322959,-3.22,1.54,2.87,54.11328125,98338,54.8,251.703018188,5.136,57 4c 01 66 00 00 07 95 00 00 cd 58 00 4a 00 42 f7 c2 00 02 ff ff ff 81 ff d2 00 16 00 29 1d 1d 00 01 80 22 00 00 15 68 43 7b b3 f9 00 00 14 10
1942,93216,WL,flash_sample,48,52.588,1,110,0,1,1,1,0,1,1,0,1942,52588,0.035624,0.031232,-1.02968,0.083336,0.020834,-1.35421,-3.22,1.54,2.87,54.1484375,98337,54.84,251.787567139,5.136,57 4c 01 6e 00 00 07 96 00 00 cd 6c 00 49 00 40 f7 c2 00 08 00 02 ff 7e ff d2 00 16 00 29 1d 26 00 01 80 21 00 00 15 6c 43 7b c9 9e 00 00 14 10
1943,93264,WL,flash_sample,48,52.608,1,110,0,1,1,1,0,1,1,0,1943,52608,0.036112,0.032208,-1.030168,0.020834,-0.031251,-1.343793,-3.22,1.54,2.87,54.140625,98337,54.87,251.787567139,5.136,57 4c 01 6e 00 00 07 97 00 00 cd 80 00 4a 00 42 f7 c1 00 02 ff fd ff 7f ff d2 00 16 00 29 1d 24 00 01 80 21 00 00 15 6f 43 7b c9 9e 00 00 14 10
1944,93312,WL,flash_sample,48,52.628,1,110,0,1,1,1,0,1,1,0,1944,52628,0.035136,0.03172,-1.029192,0.020834,-0.031251,-1.375044,-3.15,1.54,2.87,54.09765625,98335,54.91,251.959320068,5.128,57 4c 01 6e 00 00 07 98 00 00 cd 94 00 48 00 41 f7 c3 00 02 ff fd ff 7c ff d3 00 16 00 29 1d 19 00 01 80 1f 00 00 15 73 43 7b f5 96 00 00 14 08
1945,93360,WL,flash_sample,48,52.648,1,102,0,1,1,0,0,1,1,0,1945,52648,0.035136,0.032208,-1.028704,0.020834,-0.062502,-1.343793,-3.22,1.54,2.87,54.09765625,98337,54.94,251.787567139,5.128,57 4c 01 66 00 00 07 99 00 00 cd a8 00 48 00 42 f7 c4 00 02 ff fa ff 7f ff d2 00 16 00 29 1d 19 00 01 80 21 00 00 15 76 43 7b c9 9e 00 00 14 08
1946,93408,WL,flash_sample,48,52.668,1,102,0,1,1,0,0,1,1,0,1946,52668,0.034648,0.03172,-1.030168,0.062502,0.0,-1.322959,-3.22,1.54,2.8,54.1328125,98340,54.97,251.533905029,5.128,57 4c 01 66 00 00 07 9a 00 00 cd bc 00 47 00 41 f7 c1 00 06 00 00 ff 81 ff d2 00 16 00 28 1d 22 00 01 80 24 00 00 15 79 43 7b 88 ae 00 00 14 08
1947,93456,WL,flash_sample,48,52.688,1,102,0,1,1,0,0,1,1,0,1947,52688,0.034648,0.03172,-1.030168,0.062502,0.0,-1.322959,-3.22,1.54,2.8,54.1328125,98340,54.97,251.533905029,5.128,57 4c 01 66 00 00 07 9b 00 00 cd d0 00 47 00 41 f7 c1 00 06 00 00 ff 81 ff d2 00 16 00 28 1d 22 00 01 80 24 00 00 15 79 43 7b 88 ae 00 00 14 08
1948,93504,WL,flash_sample,48,52.708,1,102,0,1,1,0,0,1,1,0,1948,52708,0.034648,0.03172,-1.030168,0.062502,0.0,-1.322959,-3.22,1.54,2.8,54.1328125,98340,54.97,251.533905029,5.128,57 4c 01 66 00 00 07 9c 00 00 cd e4 00 47 00 41 f7 c1 00 06 00 00 ff 81 ff d2 00 16 00 28 1d 22 00 01 80 24 00 00 15 79 43 7b 88 ae 00 00 14 08
1949,93552,WL,flash_sample,48,52.728,1,102,0,1,1,0,0,1,1,0,1949,52728,0.034648,0.03172,-1.030168,0.062502,0.0,-1.322959,-3.22,1.54,2.8,54.1328125,98340,54.97,251.533905029,5.128,57 4c 01 66 00 00 07 9d 00 00 cd f8 00 47 00 41 f7 c1 00 06 00 00 ff 81 ff d2 00 16 00 28 1d 22 00 01 80 24 00 00 15 79 43 7b 88 ae 00 00 14 08
1950,93600,WL,flash_sample,48,52.749,1,110,0,1,1,1,0,1,1,0,1950,52749,0.036112,0.03172,-1.028704,0.041668,-0.031251,-1.343793,-0.28,-0.77,0.56,54.1328125,98340,54.97,251.533905029,5.128,57 4c 01 6e 00 00 07 9e 00 00 ce 0d 00 4a 00 41 f7 c4 00 04 ff fd ff 7f ff fc ff f5 00 08 1d 22 00 01 80 24 00 00 15 79 43 7b 88 ae 00 00 14 08
1951,93648,WL,flash_sample,48,52.768,1,110,0,1,1,1,0,1,1,0,1951,52768,0.036112,0.03172,-1.028704,0.041668,-0.031251,-1.343793,-0.28,-0.77,0.56,54.1328125,98340,54.97,251.533905029,5.128,57 4c 01 6e 00 00 07 9f 00 00 ce 20 00 4a 00 41 f7 c4 00 04 ff fd ff 7f ff fc ff f5 00 08 1d 22 00 01 80 24 00 00 15 79 43 7b 88 ae 00 00 14 08
1952,93696,WL,flash_sample,48,52.788,1,110,0,1,1,1,0,1,1,0,1952,52788,0.036112,0.03172,-1.028704,0.041668,-0.031251,-1.343793,-0.28,-0.77,0.56,54.1328125,98340,54.97,251.533905029,5.128,57 4c 01 6e 00 00 07 a0 00 00 ce 34 00 4a 00 41 f7 c4 00 04 ff fd ff 7f ff fc ff f5 00 08 1d 22 00 01 80 24 00 00 15 79 43 7b 88 ae 00 00 14 08
1953,93744,WL,flash_sample,48,52.808,1,110,0,1,1,1,0,1,1,0,1953,52808,0.036112,0.03172,-1.028704,0.041668,-0.031251,-1.343793,-0.28,-0.77,0.56,54.1328125,98340,54.97,251.533905029,5.128,57 4c 01 6e 00 00 07 a1 00 00 ce 48 00 4a 00 41 f7 c4 00 04 ff fd ff 7f ff fc ff f5 00 08 1d 22 00 01 80 24 00 00 15 79 43 7b 88 ae 00 00 14 08
1954,93792,WL,flash_sample,48,52.828,1,110,0,1,1,1,0,1,1,0,1954,52828,0.036112,0.03172,-1.028704,0.041668,-0.031251,-1.343793,-0.28,-0.77,0.56,54.1328125,98340,54.97,251.533905029,5.128,57 4c 01 6e 00 00 07 a2 00 00 ce 5c 00 4a 00 41 f7 c4 00 04 ff fd ff 7f ff fc ff f5 00 08 1d 22 00 01 80 24 00 00 15 79 43 7b 88 ae 00 00 14 08
1955,93840,WL,flash_sample,48,52.848,1,110,0,1,1,1,0,1,1,0,1955,52848,0.036112,0.03172,-1.028704,0.041668,-0.031251,-1.343793,-0.28,-0.77,0.56,54.1328125,98340,54.97,251.533905029,5.128,57 4c 01 6e 00 00 07 a3 00 00 ce 70 00 4a 00 41 f7 c4 00 04 ff fd ff 7f ff fc ff f5 00 08 1d 22 00 01 80 24 00 00 15 79 43 7b 88 ae 00 00 14 08
1956,93888,WL,flash_sample,48,52.868,1,110,0,1,1,1,0,1,1,0,1956,52868,0.036112,0.03172,-1.028704,0.041668,-0.031251,-1.343793,-0.28,-0.77,0.56,54.1328125,98340,54.97,251.533905029,5.128,57 4c 01 6e 00 00 07 a4 00 00 ce 84 00 4a 00 41 f7 c4 00 04 ff fd ff 7f ff fc ff f5 00 08 1d 22 00 01 80 24 00 00 15 79 43 7b 88 ae 00 00 14 08
1957,93936,WL,flash_sample,48,52.888,1,110,0,1,1,1,0,1,1,0,1957,52888,0.035136,0.032208,-1.02724,0.062502,-0.020834,-1.312542,-0.21,0.07,-0.35,54.078125,98389,55.0,247.35383606,5.128,57 4c 01 6e 00 00 07 a5 00 00 ce 98 00 48 00 42 f7 c7 00 06 ff fe ff 82 ff fd 00 01 ff fb 1d 14 00 01 80 55 00 00 15 7c 43 77 5a 95 00 00 14 08
1958,93984,WL,flash_sample,48,52.908,1,110,0,1,1,1,0,1,1,0,1958,52908,0.035136,0.032208,-1.02724,0.062502,-0.020834,-1.312542,-0.21,0.07,-0.35,54.078125,98389,55.0,247.35383606,5.128,57 4c 01 6e 00 00 07 a6 00 00 ce ac 00 48 00 42 f7 c7 00 06 ff fe ff 82 ff fd 00 01 ff fb 1d 14 00 01 80 55 00 00 15 7c 43 77 5a 95 00 00 14 08
1959,94032,WL,flash_sample,48,52.929,1,110,0,1,1,1,0,1,1,0,1959,52929,0.035136,0.03172,-1.027728,0.062502,-0.031251,-1.333376,-0.14,-0.07,-0.21,54.1484375,98389,55.0,247.35383606,5.128,57 4c 01 6e 00 00 07 a7 00 00 ce c1 00 48 00 41 f7 c6 00 06 ff fd ff 80 ff fe ff ff ff fd 1d 26 00 01 80 55 00 00 15 7c 43 77 5a 95 00 00 14 08
1960,94080,WL,flash_sample,48,52.948,1,110,0,1,1,1,0,1,1,0,1960,52948,0.035136,0.03172,-1.027728,0.062502,-0.031251,-1.333376,-0.14,-0.07,-0.21,54.1484375,98389,55.0,247.35383606,5.128,57 4c 01 6e 00 00 07 a8 00 00 ce d4 00 48 00 41 f7 c6 00 06 ff fd ff 80 ff fe ff ff ff fd 1d 26 00 01 80 55 00 00 15 7c 43 77 5a 95 00 00 14 08
1961,94128,WL,flash_sample,48,52.968,1,110,0,1,1,1,0,1,1,0,1961,52968,0.035136,0.03172,-1.027728,0.062502,-0.031251,-1.333376,-0.14,-0.07,-0.21,54.1484375,98389,55.0,247.35383606,5.128,57 4c 01 6e 00 00 07 a9 00 00 ce e8 00 48 00 41 f7 c6 00 06 ff fd ff 80 ff fe ff ff ff fd 1d 26 00 01 80 55 00 00 15 7c 43 77 5a 95 00 00 14 08
1962,94176,WL,flash_sample,48,52.988,1,110,0,1,1,1,0,1,1,0,1962,52988,0.035136,0.03172,-1.027728,0.062502,-0.031251,-1.333376,-0.14,-0.07,-0.21,54.1484375,98389,55.0,247.35383606,5.128,57 4c 01 6e 00 00 07 aa 00 00 ce fc 00 48 00 41 f7 c6 00 06 ff fd ff 80 ff fe ff ff ff fd 1d 26 00 01 80 55 00 00 15 7c 43 77 5a 95 00 00 14 08
1963,94224,WL,flash_sample,48,53.013,1,96,0,0,0,0,0,1,1,0,1963,53013,0.036112,0.031232,-1.028704,0.062502,-0.010417,-1.343793,-0.14,-0.28,0.0,54.0546875,98346,54.45,251.02130127,5.14,57 4c 01 60 00 00 07 ab 00 00 cf 15 00 4a 00 40 f7 c4 00 06 ff ff ff 7f ff fe ff fc 00 00 1d 0e 00 01 80 2a 00 00 15 45 43 7b 05 74 00 00 14 14
1964,94272,WL,flash_sample,48,53.028,1,102,0,1,1,0,0,1,1,0,1964,53028,0.035624,0.032696,-1.027728,0.062502,-0.031251,-1.322959,-1.12,-0.63,1.89,54.1015625,98320,54.31,253.238174438,5.136,57 4c 01 66 00 00 07 ac 00 00 cf 24 00 49 00 43 f7 c6 00 06 ff fd ff 81 ff f0 ff f7 00 1b 1d 1a 00 01 80 10 00 00 15 37 43 7d 3c f9 00 00 14 10
1965,94320,WL,flash_sample,48,53.048,1,110,0,1,1,1,0,1,1,0,1965,53048,0.036112,0.032696,-1.028704,0.052085,0.010417,-1.312542,-2.59,0.49,3.43,54.125,98324,54.39,252.897323608,5.136,57 4c 01 6e 00 00 07 ad 00 00 cf 38 00 4a 00 43 f7 c4 00 05 00 01 ff 82 ff db 00 07 00 31 1d 20 00 01 80 14 00 00 15 3f 43 7c e5 b7 00 00 14 10
1966,94368,WL,flash_sample,48,53.068,1,110,0,1,1,1,0,1,1,0,1966,53068,0.036112,0.03172,-1.02968,0.041668,-0.031251,-1.343793,-3.15,1.54,2.87,54.11328125,98324,54.45,252.897323608,5.136,57 4c 01 6e 00 00 07 ae 00 00 cf 4c 00 4a 00 41 f7 c2 00 04 ff fd ff 7f ff d3 00 16 00 29 1d 1d 00 01 80 14 00 00 15 45 43 7c e5 b7 00 00 14 10
1967,94416,WL,flash_sample,48,53.088,1,110,0,1,1,1,0,1,1,0,1967,53088,0.0366,0.032208,-1.02968,0.020834,-0.031251,-1.35421,-3.29,1.82,2.66,54.10546875,98325,54.51,252.812774658,5.136,57 4c 01 6e 00 00 07 af 00 00 cf 60 00 4b 00 42 f7 c2 00 02 ff fd ff 7e ff d1 00 1a 00 26 1d 1b 00 01 80 15 00 00 15 4b 43 7c d0 12 00 00 14 10
1968,94464,WL,flash_sample,48,53.109,1,110,0,1,1,1,0,1,1,0,1968,53109,0.035624,0.03172,-1.02968,0.052085,0.010417,-1.343793,-3.15,1.54,2.87,54.1484375,98328,54.58,252.556472778,5.136,57 4c 01 6e 00 00 07 b0 00 00 cf 75 00 49 00 41 f7 c2 00 05 00 01 ff 7f ff d3 00 16 00 29 1d 26 00 01 80 18 00 00 15 52 43 7c 8e 75 00 00 14 10
1969,94512,WL,flash_sample,48,53.128,1,102,0,1,1,0,0,1,1,0,1969,53128,0.035136,0.031232,-1.030168,0.052085,-0.010417,-1.343793,-3.22,1.47,2.87,54.1328125,98324,54.63,252.897323608,5.124,57 4c 01 66 00 00 07 b1 00 00 cf 88 00 48 00 40 f7 c1 00 05 ff ff ff 7f ff d2 00 15 00 29 1d 22 00 01 80 14 00 00 15 57 43 7c e5 b7 00 00 14 04
1970,94560,WL,flash_sample,48,53.148,1,102,0,1,1,0,0,1,1,0,1970,53148,0.035136,0.03172,-1.029192,0.020834,0.0,-1.322959,-3.22,1.54,2.87,54.140625,98329,54.69,252.471908569,5.124,57 4c 01 66 00 00 07 b2 00 00 cf 9c 00 48 00 41 f7 c3 00 02 00 00 ff 81 ff d2 00 16 00 29 1d 24 00 01 80 19 00 00 15 5d 43 7c 78 cf 00 00 14 04
1971,94608,WL,flash_sample,48,53.168,1,110,0,1,1,1,0,1,1,0,1971,53168,0.035624,0.03172,-1.02968,0.052085,-0.020834,-1.312542,-3.15,1.54,2.87,54.15625,98331,54.73,252.300170898,5.124,57 4c 01 6e 00 00 07 b3 00 00 cf b0 00 49 00 41 f7 c2 00 05 ff fe ff 82 ff d3 00 16 00 29 1d 28 00 01 80 1b 00 00 15 61 43 7c 4c d8 00 00 14 04
1972,94656,WL,flash_sample,48,53.188,1,102,0,1,1,0,0,1,1,0,1972,53188,0.035136,0.032208,-1.030168,0.052085,0.031251,-1.343793,-3.22,1.54,2.87,54.15625,98331,54.73,252.300170898,5.124,57 4c 01 66 00 00 07 b4 00 00 cf c4 00 48 00 42 f7 c1 00 05 00 03 ff 7f ff d2 00 16 00 29 1d 28 00 01 80 1b 00 00 15 61 43 7c 4c d8 00 00 14 04
1973,94704,WL,flash_sample,48,53.208,1,102,0,1,1,0,0,1,1,0,1973,53208,0.035136,0.032208,-1.030168,0.052085,0.031251,-1.343793,-3.22,1.54,2.87,54.15625,98331,54.73,252.300170898,5.124,57 4c 01 66 00 00 07 b5 00 00 cf d8 00 48 00 42 f7 c1 00 05 00 03 ff 7f ff d2 00 16 00 29 1d 28 00 01 80 1b 00 00 15 61 43 7c 4c d8 00 00 14 04
1974,94752,WL,flash_sample,48,53.228,1,102,0,1,1,0,0,1,1,0,1974,53228,0.035136,0.032208,-1.030168,0.052085,0.031251,-1.343793,-3.22,1.54,2.87,54.15625,98331,54.73,252.300170898,5.124,57 4c 01 66 00 00 07 b6 00 00 cf ec 00 48 00 42 f7 c1 00 05 00 03 ff 7f ff d2 00 16 00 29 1d 28 00 01 80 1b 00 00 15 61 43 7c 4c d8 00 00 14 04
1975,94800,WL,flash_sample,48,53.248,1,103,1,1,1,0,0,1,1,0,1975,53248,0.035136,0.032208,-1.030168,0.052085,0.031251,-1.343793,-3.22,1.54,2.87,54.15625,98331,54.73,252.300170898,5.124,57 4c 01 67 00 00 07 b7 00 00 d0 00 00 48 00 42 f7 c1 00 05 00 03 ff 7f ff d2 00 16 00 29 1d 28 00 01 80 1b 00 00 15 61 43 7c 4c d8 00 00 14 04
1976,94848,WL,flash_sample,48,53.268,1,97,1,0,0,0,0,1,1,0,1976,53268,0.036112,0.031232,-1.028704,0.041668,-0.020834,-1.322959,-0.42,-1.05,1.05,54.19921875,98337,54.78,251.787567139,5.14,57 4c 01 61 00 00 07 b8 00 00 d0 14 00 4a 00 40 f7 c4 00 04 ff fe ff 81 ff fa ff f1 00 0f 1d 33 00 01 80 21 00 00 15 66 43 7b c9 9e 00 00 14 14
1977,94896,WL,flash_sample,48,53.288,1,111,1,1,1,1,0,1,1,0,1977,53288,0.035624,0.031232,-1.029192,0.052085,0.010417,-1.35421,-1.96,0.0,2.8,54.0703125,98331,54.61,252.300170898,5.14,57 4c 01 6f 00 00 07 b9 00 00 d0 28 00 49 00 40 f7 c3 00 05 00 01 ff 7e ff e4 00 00 00 28 1d 12 00 01 80 1b 00 00 15 55 43 7c 4c d8 00 00 14 14
1978,94944,WL,flash_sample,48,53.308,1,111,1,1,1,1,0,1,1,0,1978,53308,0.035624,0.031232,-1.030168,0.052085,0.010417,-1.343793,-3.01,1.05,3.22,54.12890625,98330,54.67,252.384719849,5.14,57 4c 01 6f 00 00 07 ba 00 00 d0 3c 00 49 00 40 f7 c1 00 05 00 01 ff 7f ff d5 00 0f 00 2e 1d 21 00 01 80 1a 00 00 15 5b 43 7c 62 7d 00 00 14 14
1979,94992,WL,flash_sample,48,53.328,1,111,1,1,1,1,0,1,1,0,1979,53328,0.035624,0.03172,-1.028216,0.0,-0.020834,-1.312542,-3.15,1.47,2.87,54.11328125,98333,54.72,252.131057739,5.132,57 4c 01 6f 00 00 07 bb 00 00 d0 50 00 49 00 41 f7 c5 00 00 ff fe ff 82 ff d3 00 15 00 29 1d 1d 00 01 80 1d 00 00 15 60 43 7c 21 8d 00 00 14 0c
1980,95040,WL,flash_sample,48,53.348,1,103,1,1,1,0,0,1,1,0,1980,53348,0.035624,0.03172,-1.029192,0.062502,-0.010417,-1.333376,-3.22,1.54,2.87,54.11328125,98330,54.76,252.384719849,5.132,57 4c 01 67 00 00 07 bc 00 00 d0 64 00 49 00 41 f7 c3 00 06 ff ff ff 80 ff d2 00 16 00 29 1d 1d 00 01 80 1a 00 00 15 64 43 7c 62 7d 00 00 14 0c
1981,95088,WL,flash_sample,48,53.368,1,103,1,1,1,0,0,1,1,0,1981,53368,0.035624,0.03172,-1.030656,0.020834,0.0,-1.333376,-3.15,1.54,2.8,54.11328125,98332,54.81,252.215606689,5.132,57 4c 01 67 00 00 07 bd 00 00 d0 78 00 49 00 41 f7 c0 00 02 00 00 ff 80 ff d3 00 16 00 28 1d 1d 00 01 80 1c 00 00 15 69 43 7c 37 32 00 00 14 0c
1982,95136,WL,flash_sample,48,53.388,1,103,1,1,1,0,0,1,1,0,1982,53388,0.034648,0.030744,-1.02968,0.031251,0.0,-1.322959,-3.15,1.54,2.87,54.140625,98332,54.85,252.215606689,5.132,57 4c 01 67 00 00 07 be 00 00 d0 8c 00 47 00 3f f7 c2 00 03 00 00 ff 81 ff d3 00 16 00 29 1d 24 00 01 80 1c 00 00 15 6d 43 7c 37 32 00 00 14 0c
1983,95184,WL,flash_sample,48,53.408,1,111,1,1,1,1,0,1,1,0,1983,53408,0.035136,0.03172,-1.02968,0.052085,0.0,-1.343793,-3.22,1.54,2.87,54.171875,98336,54.89,251.874755859,5.132,57 4c 01 6f 00 00 07 bf 00 00 d0 a0 00 48 00 41 f7 c2 00 05 00 00 ff 7f ff d2 00 16 00 29 1d 2c 00 01 80 20 00 00 15 71 43 7b df f0 00 00 14 0c
1984,95232,WL,flash_sample,48,53.428,1,111,1,1,1,1,0,1,1,0,1984,53428,0.035624,0.031232,-1.030168,0.052085,-0.031251,-1.343793,-3.22,1.61,2.87,54.1484375,98338,54.92,251.703018188,5.124,57 4c 01 6f 00 00 07 c0 00 00 d0 b4 00 49 00 40 f7 c1 00 05 ff fd ff 7f ff d2 00 17 00 29 1d 26 00 01 80 22 00 00 15 74 43 7b b3 f9 00 00 14 04
1985,95280,WL,flash_sample,48,53.448,1,111,1,1,1,1,0,1,1,0,1985,53448,0.035624,0.031232,-1.030168,0.052085,-0.031251,-1.343793,-3.22,1.61,2.87,54.1484375,98338,54.92,251.703018188,5.124,57 4c 01 6f 00 00 07 c1 00 00 d0 c8 00 49 00 40 f7 c1 00 05 ff fd ff 7f ff d2 00 17 00 29 1d 26 00 01 80 22 00 00 15 74 43 7b b3 f9 00 00 14 04
1986,95328,WL,flash_sample,48,53.468,1,111,1,1,1,1,0,1,1,0,1986,53468,0.035624,0.031232,-1.030168,0.052085,-0.031251,-1.343793,-3.22,1.61,2.87,54.1484375,98338,54.92,251.703018188,5.124,57 4c 01 6f 00 00 07 c2 00 00 d0 dc 00 49 00 40 f7 c1 00 05 ff fd ff 7f ff d2 00 17 00 29 1d 26 00 01 80 22 00 00 15 74 43 7b b3 f9 00 00 14 04
1987,95376,WL,flash_sample,48,53.488,1,111,1,1,1,1,0,1,1,0,1987,53488,0.035624,0.031232,-1.030168,0.052085,-0.031251,-1.343793,-3.22,1.61,2.87,54.1484375,98338,54.92,251.703018188,5.124,57 4c 01 6f 00 00 07 c3 00 00 d0 f0 00 49 00 40 f7 c1 00 05 ff fd ff 7f ff d2 00 17 00 29 1d 26 00 01 80 22 00 00 15 74 43 7b b3 f9 00 00 14 04
1988,95424,WL,flash_sample,48,53.51,1,65,1,0,0,0,0,0,1,0,1988,53510,0.035624,0.030744,-1.028704,0.0,0.0,-1.35421,-0.28,-0.84,0.63,54.10546875,98340,54.95,251.533905029,5.124,57 4c 01 41 00 00 07 c4 00 00 d1 06 00 49 00 3f f7 c4 00 00 00 00 ff 7e ff fc ff f4 00 09 1d 1b 00 01 80 24 00 00 15 77 43 7b 88 ae 00 00 14 04
1989,95472,WL,flash_sample,48,53.528,1,111,1,1,1,1,0,1,1,0,1989,53528,0.036112,0.03172,-1.028704,0.020834,0.041668,-1.364627,-1.33,-0.42,2.17,54.15625,98330,54.74,252.384719849,5.124,57 4c 01 6f 00 00 07 c5 00 00 d1 18 00 4a 00 41 f7 c4 00 02 00 04 ff 7d ff ed ff fa 00 1f 1d 28 00 01 80 1a 00 00 15 62 43 7c 62 7d 00 00 14 04
1990,95520,WL,flash_sample,48,53.548,1,111,1,1,1,1,0,1,1,0,1990,53548,0.035624,0.03172,-1.02968,0.020834,0.010417,-1.35421,-2.31,0.28,3.15,54.1484375,98333,54.79,252.131057739,5.124,57 4c 01 6f 00 00 07 c6 00 00 d1 2c 00 49 00 41 f7 c2 00 02 00 01 ff 7e ff df 00 04 00 2d 1d 26 00 01 80 1d 00 00 15 67 43 7c 21 8d 00 00 14 04
1991,95568,WL,flash_sample,48,53.568,1,111,1,1,1,1,0,1,1,0,1991,53568,0.035624,0.03172,-1.02968,0.041668,-0.062502,-1.375044,-3.22,1.54,2.87,54.1328125,98332,54.83,252.215606689,5.124,57 4c 01 6f 00 00 07 c7 00 00 d1 40 00 49 00 41 f7 c2 00 04 ff fa ff 7c ff d2 00 16 00 29 1d 22 00 01 80 1c 00 00 15 6b 43 7c 37 32 00 00 14 04
1992,95616,WL,flash_sample,48,53.588,1,103,1,1,1,0,0,1,1,0,1992,53588,0.036112,0.032208,-1.029192,0.020834,0.010417,-1.364627,-3.15,1.54,2.87,54.1328125,98337,54.87,251.787567139,5.124,57 4c 01 67 00 00 07 c8 00 00 d1 54 00 4a 00 42 f7 c3 00 02 00 01 ff 7d ff d3 00 16 00 29 1d 22 00 01 80 21 00 00 15 6f 43 7b c9 9e 00 00 14 04
1993,95664,WL,flash_sample,48,53.609,1,103,1,1,1,0,0,1,1,0,1993,53609,0.035136,0.03172,-1.02968,0.020834,-0.010417,-1.322959,-3.15,1.54,2.87,54.1640625,98339,54.91,251.618453979,5.124,57 4c 01 67 00 00 07 c9 00 00 d1 69 00 48 00 41 f7 c2 00 02 ff ff ff 81 ff d3 00 16 00 29 1d 2a 00 01 80 23 00 00 15 73 43 7b 9e 53 00 00 14 04
1994,95712,WL,flash_sample,48,53.628,1,111,1,1,1,1,0,1,1,0,1994,53628,0.035624,0.030744,-1.02968,0.062502,-0.052085,-1.343793,-3.15,1.54,2.87,54.1796875,98333,54.94,252.131057739,5.144,57 4c 01 6f 00 00 07 ca 00 00 d1 7c 00 49 00 3f f7 c2 00 06 ff fb ff 7f ff d3 00 16 00 29 1d 2e 00 01 80 1d 00 00 15 76 43 7c 21 8d 00 00 14 18
1995,95760,WL,flash_sample,48,53.648,1,111,1,1,1,1,0,1,1,0,1995,53648,0.035136,0.031232,-1.029192,0.083336,0.010417,-1.322959,-3.15,1.54,2.87,54.1640625,98337,54.97,251.787567139,5.144,57 4c 01 6f 00 00 07 cb 00 00 d1 90 00 48 00 40 f7 c3 00 08 00 01 ff 81 ff d3 00 16 00 29 1d 2a 00 01 80 21 00 00 15 79 43 7b c9 9e 00 00 14 18
1996,95808,WL,flash_sample,48,53.668,1,111,1,1,1,1,0,1,1,0,1996,53668,0.035624,0.031232,-1.028704,0.010417,-0.010417,-1.333376,-3.22,1.54,2.8,54.19140625,98338,55.0,251.703018188,5.144,57 4c 01 6f 00 00 07 cc 00 00 d1 a4 00 49 00 40 f7 c4 00 01 ff ff ff 80 ff d2 00 16 00 28 1d 31 00 01 80 22 00 00 15 7c 43 7b b3 f9 00 00 14 18
1997,95856,WL,flash_sample,48,53.688,1,103,1,1,1,0,0,1,1,0,1997,53688,0.035624,0.03172,-1.030656,0.072919,-0.010417,-1.35421,-3.22,1.54,2.87,54.19140625,98338,55.0,251.703018188,5.144,57 4c 01 67 00 00 07 cd 00 00 d1 b8 00 49 00 41 f7 c0 00 07 ff ff ff 7e ff d2 00 16 00 29 1d 31 00 01 80 22 00 00 15 7c 43 7b b3 f9 00 00 14 18
1998,95904,WL,flash_sample,48,53.708,1,103,1,1,1,0,0,1,1,0,1998,53708,0.035624,0.03172,-1.030656,0.072919,-0.010417,-1.35421,-3.22,1.54,2.87,54.19140625,98338,55.0,251.703018188,5.144,57 4c 01 67 00 00 07 ce 00 00 d1 cc 00 49 00 41 f7 c0 00 07 ff ff ff 7e ff d2 00 16 00 29 1d 31 00 01 80 22 00 00 15 7c 43 7b b3 f9 00 00 14 18
1999,95952,WL,flash_sample,48,53.728,1,103,1,1,1,0,0,1,1,0,1999,53728,0.035624,0.03172,-1.030656,0.072919,-0.010417,-1.35421,-3.22,1.54,2.87,54.19140625,98338,55.0,251.703018188,5.144,57 4c 01 67 00 00 07 cf 00 00 d1 e0 00 49 00 41 f7 c0 00 07 ff ff ff 7e ff d2 00 16 00 29 1d 31 00 01 80 22 00 00 15 7c 43 7b b3 f9 00 00 14 18
2000,96000,WL,flash_sample,48,53.748,1,103,1,1,1,0,0,1,1,0,2000,53748,0.035624,0.03172,-1.030656,0.072919,-0.010417,-1.35421,-3.22,1.54,2.87,54.19140625,98338,55.0,251.703018188,5.144,57 4c 01 67 00 00 07 d0 00 00 d1 f4 00 49 00 41 f7 c0 00 07 ff ff ff 7e ff d2 00 16 00 29 1d 31 00 01 80 22 00 00 15 7c 43 7b b3 f9 00 00 14 18
2001,96048,WL,flash_sample,48,53.768,1,111,1,1,1,1,0,1,1,0,2001,53768,0.036112,0.03172,-1.027728,0.031251,-0.020834,-1.375044,-0.21,-0.56,0.21,54.140625,98343,55.03,251.277603149,5.144,57 4c 01 6f 00 00 07 d1 00 00 d2 08 00 4a 00 41 f7 c6 00 03 ff fe ff 7c ff fd ff f8 00 03 1d 24 00 01 80 27 00 00 15 7f 43 7b 47 11 00 00 14 18
2002,96096,WL,flash_sample,48,53.788,1,111,1,1,1,1,0,1,1,0,2002,53788,0.036112,0.03172,-1.027728,0.031251,-0.020834,-1.375044,-0.21,-0.56,0.21,54.140625,98343,55.03,251.277603149,5.144,57 4c 01 6f 00 00 07 d2 00 00 d2 1c 00 4a 00 41 f7 c6 00 03 ff fe ff 7c ff fd ff f8 00 03 1d 24 00 01 80 27 00 00 15 7f 43 7b 47 11 00 00 14 18
2003,96144,WL,flash_sample,48,53.808,1,111,1,1,1,1,0,1,1,0,2003,53808,0.036112,0.03172,-1.027728,0.031251,-0.020834,-1.375044,-0.21,-0.56,0.21,54.140625,98343,55.03,251.277603149,5.144,57 4c 01 6f 00 00 07 d3 00 00 d2 30 00 4a 00 41 f7 c6 00 03 ff fe ff 7c ff fd ff f8 00 03 1d 24 00 01 80 27 00 00 15 7f 43 7b 47 11 00 00 14 18
2004,96192,WL,flash_sample,48,53.828,1,111,1,1,1,1,0,1,1,0,2004,53828,0.036112,0.03172,-1.027728,0.031251,-0.020834,-1.375044,-0.21,-0.56,0.21,54.140625,98343,55.03,251.277603149,5.144,57 4c 01 6f 00 00 07 d4 00 00 d2 44 00 4a 00 41 f7 c6 00 03 ff fe ff 7c ff fd ff f8 00 03 1d 24 00 01 80 27 00 00 15 7f 43 7b 47 11 00 00 14 18
2005,96240,WL,flash_sample,48,53.848,1,111,1,1,1,1,0,1,1,0,2005,53848,0.036112,0.03172,-1.027728,0.031251,-0.020834,-1.375044,-0.21,-0.56,0.21,54.140625,98343,55.03,251.277603149,5.144,57 4c 01 6f 00 00 07 d5 00 00 d2 58 00 4a 00 41 f7 c6 00 03 ff fe ff 7c ff fd ff f8 00 03 1d 24 00 01 80 27 00 00 15 7f 43 7b 47 11 00 00 14 18
2006,96288,WL,flash_sample,48,53.868,1,111,1,1,1,1,0,1,1,0,2006,53868,0.036112,0.03172,-1.027728,0.031251,-0.020834,-1.375044,-0.21,-0.56,0.21,54.140625,98343,55.03,251.277603149,5.144,57 4c 01 6f 00 00 07 d6 00 00 d2 6c 00 4a 00 41 f7 c6 00 03 ff fe ff 7c ff fd ff f8 00 03 1d 24 00 01 80 27 00 00 15 7f 43 7b 47 11 00 00 14 18
2007,96336,WL,flash_sample,48,53.889,1,111,1,1,1,1,0,1,1,0,2007,53889,0.035136,0.031232,-1.027728,0.052085,0.010417,-1.343793,-0.14,0.14,-0.28,54.11328125,98343,55.03,251.277603149,5.144,57 4c 01 6f 00 00 07 d7 00 00 d2 81 00 48 00 40 f7 c6 00 05 00 01 ff 7f ff fe 00 02 ff fc 1d 1d 00 01 80 27 00 00 15 7f 43 7b 47 11 00 00 14 18
2008,96384,WL,flash_sample,48,53.908,1,111,1,1,1,1,0,1,1,0,2008,53908,0.035136,0.031232,-1.027728,0.052085,0.010417,-1.343793,-0.14,0.14,-0.28,54.11328125,98343,55.03,251.277603149,5.144,57 4c 01 6f 00 00 07 d8 00 00 d2 94 00 48 00 40 f7 c6 00 05 00 01 ff 7f ff fe 00 02 ff fc 1d 1d 00 01 80 27 00 00 15 7f 43 7b 47 11 00 00 14 18
2009,96432,WL,flash_sample,48,53.928,1,111,1,1,1,1,0,1,1,0,2009,53928,0.035136,0.031232,-1.027728,0.052085,0.010417,-1.343793,-0.14,0.14,-0.28,54.11328125,98343,55.03,251.277603149,5.144,57 4c 01 6f 00 00 07 d9 00 00 d2 a8 00 48 00 40 f7 c6 00 05 00 01 ff 7f ff fe 00 02 ff fc 1d 1d 00 01 80 27 00 00 15 7f 43 7b 47 11 00 00 14 18
2010,96480,WL,flash_sample,48,53.948,1,111,1,1,1,1,0,1,1,0,2010,53948,0.035624,0.031232,-1.028704,0.052085,0.020834,-1.35421,-0.21,0.07,-0.35,54.15625,98394,54.8,246.928421021,5.144,57 4c 01 6f 00 00 07 da 00 00 d2 bc 00 49 00 40 f7 c4 00 05 00 02 ff 7e ff fd 00 01 ff fb 1d 28 00 01 80 5a 00 00 15 68 43 76 ed ad 00 00 14 18
2011,96528,WL,flash_sample,48,53.968,1,111,1,1,1,1,0,1,1,0,2011,53968,0.035624,0.031232,-1.028704,0.052085,0.020834,-1.35421,-0.21,0.07,-0.35,54.15625,98394,54.8,246.928421021,5.144,57 4c 01 6f 00 00 07 db 00 00 d2 d0 00 49 00 40 f7 c4 00 05 00 02 ff 7e ff fd 00 01 ff fb 1d 28 00 01 80 5a 00 00 15 68 43 76 ed ad 00 00 14 18
2012,96576,WL,flash_sample,48,53.988,1,111,1,1,1,1,0,1,1,0,2012,53988,0.035624,0.031232,-1.028704,0.052085,0.020834,-1.35421,-0.21,0.07,-0.35,54.15625,98394,54.8,246.928421021,5.144,57 4c 01 6f 00 00 07 dc 00 00 d2 e4 00 49 00 40 f7 c4 00 05 00 02 ff 7e ff fd 00 01 ff fb 1d 28 00 01 80 5a 00 00 15 68 43 76 ed ad 00 00 14 18
2013,96624,WL,flash_sample,48,54.008,1,111,1,1,1,1,0,1,1,0,2013,54008,0.035624,0.031232,-1.028704,0.052085,0.020834,-1.35421,-0.21,0.07,-0.35,54.15625,98394,54.8,246.928421021,5.144,57 4c 01 6f 00 00 07 dd 00 00 d2 f8 00 49 00 40 f7 c4 00 05 00 02 ff 7e ff fd 00 01 ff fb 1d 28 00 01 80 5a 00 00 15 68 43 76 ed ad 00 00 14 18
2014,96672,WL,flash_sample,48,54.028,1,97,1,0,0,0,0,1,1,0,2014,54028,0.035624,0.031232,-1.028704,0.052085,-0.041668,-1.322959,-0.42,-1.05,1.05,54.1484375,98336,54.47,251.874755859,5.128,57 4c 01 61 00 00 07 de 00 00 d3 0c 00 49 00 40 f7 c4 00 05 ff fc ff 81 ff fa ff f1 00 0f 1d 26 00 01 80 20 00 00 15 47 43 7b df f0 00 00 14 08
2015,96720,WL,flash_sample,48,54.048,1,111,1,1,1,1,0,1,1,0,2015,54048,0.036112,0.031232,-1.028216,0.052085,-0.031251,-1.322959,-1.96,0.07,2.87,54.15625,98321,54.42,253.153625488,5.128,57 4c 01 6f 00 00 07 df 00 00 d3 20 00 4a 00 40 f7 c5 00 05 ff fd ff 81 ff e4 00 01 00 29 1d 28 00 01 80 11 00 00 15 42 43 7d 27 54 00 00 14 08
2016,96768,WL,flash_sample,48,54.068,1,103,1,1,1,0,0,1,1,0,2016,54068,0.0366,0.03172,-1.028704,0.072919,-0.020834,-1.343793,-3.01,1.12,3.22,54.19140625,98326,54.49,252.728210449,5.128,57 4c 01 67 00 00 07 e0 00 00 d3 34 00 4b 00 41 f7 c4 00 07 ff fe ff 7f ff d5 00 10 00 2e 1d 31 00 01 80 16 00 00 15 49 43 7c ba 6c 00 00 14 08
2017,96816,WL,flash_sample,48,54.088,1,103,1,1,1,0,0,1,1,0,2017,54088,0.036112,0.031232,-1.029192,0.020834,-0.020834,-1.35421,-3.36,1.75,2.73,54.140625,98323,54.55,252.981872559,5.128,57 4c 01 67 00 00 07 e1 00 00 d3 48 00 4a 00 40 f7 c3 00 02 ff fe ff 7e ff d0 00 19 00 27 1d 24 00 01 80 13 00 00 15 4f 43 7c fb 5c 00 00 14 08
2018,96864,WL,flash_sample,48,54.108,1,111,1,1,1,1,0,1,1,0,2018,54108,0.035624,0.031232,-1.02968,0.052085,-0.020834,-1.312542,-3.15,1.61,2.8,54.16796875,98322,54.62,253.069061279,5.128,57 4c 01 6f 00 00 07 e2 00 00 d3 5c 00 49 00 40 f7 c2 00 05 ff fe ff 82 ff d3 00 17 00 28 1d 2b 00 01 80 12 00 00 15 56 43 7d 11 ae 00 00 14 08
2019,96912,WL,flash_sample,48,54.129,1,111,1,1,1,1,0,1,1,0,2019,54129,0.034648,0.031232,-1.029192,0.083336,-0.031251,-1.343793,-3.15,1.54,2.94,54.171875,98324,54.67,252.897323608,5.124,57 4c 01 6f 00 00 07 e3 00 00 d3 71 00 47 00 40 f7 c3 00 08 ff fd ff 7f ff d3 00 16 00 2a 1d 2c 00 01 80 14 00 00 15 5b 43 7c e5 b7 00 00 14 04
2020,96960,WL,flash_sample,48,54.148,1,111,1,1,1,1,0,1,1,0,2020,54148,0.035624,0.03172,-1.029192,0.072919,0.0,-1.333376,-3.15,1.54,2.87,54.2109375,98326,54.73,252.728210449,5.124,57 4c 01 6f 00 00 07 e4 00 00 d3 84 00 49 00 41 f7 c3 00 07 00 00 ff 80 ff d3 00 16 00 29 1d 36 00 01 80 16 00 00 15 61 43 7c ba 6c 00 00 14 04
2021,97008,WL,flash_sample,48,54.168,1,103,1,1,1,0,0,1,1,0,2021,54168,0.035624,0.03172,-1.02968,0.020834,-0.010417,-1.312542,-3.22,1.54,2.87,54.20703125,98331,54.78,252.300170898,5.124,57 4c 01 67 00 00 07 e5 00 00 d3 98 00 49 00 41 f7 c2 00 02 ff ff ff 82 ff d2 00 16 00 29 1d 35 00 01 80 1b 00 00 15 66 43 7c 4c d8 00 00 14 04
2022,97056,WL,flash_sample,48,54.188,1,103,1,1,1,0,0,1,1,0,2022,54188,0.035136,0.031232,-1.028704,0.031251,-0.020834,-1.35421,-3.15,1.54,2.87,54.17578125,98332,54.82,252.215606689,5.124,57 4c 01 67 00 00 07 e6 00 00 d3 ac 00 48 00 40 f7 c4 00 03 ff fe ff 7e ff d3 00 16 00 29 1d 2d 00 01 80 1c 00 00 15 6a 43 7c 37 32 00 00 14 04
2023,97104,WL,flash_sample,48,54.208,1,103,1,1,1,0,0,1,1,0,2023,54208,0.035136,0.031232,-1.028704,0.031251,-0.020834,-1.35421,-3.15,1.54,2.87,54.17578125,98332,54.82,252.215606689,5.124,57 4c 01 67 00 00 07 e7 00 00 d3 c0 00 48 00 40 f7 c4 00 03 ff fe ff 7e ff d3 00 16 00 29 1d 2d 00 01 80 1c 00 00 15 6a 43 7c 37 32 00 00 14 04
2024,97152,WL,flash_sample,48,54.228,1,103,1,1,1,0,0,1,1,0,2024,54228,0.035136,0.031232,-1.028704,0.031251,-0.020834,-1.35421,-3.15,1.54,2.87,54.17578125,98332,54.82,252.215606689,5.124,57 4c 01 67 00 00 07 e8 00 00 d3 d4 00 48 00 40 f7 c4 00 03 ff fe ff 7e ff d3 00 16 00 29 1d 2d 00 01 80 1c 00 00 15 6a 43 7c 37 32 00 00 14 04
2025,97200,WL,flash_sample,48,54.248,1,102,0,1,1,0,0,1,1,0,2025,54248,0.035136,0.031232,-1.028704,0.031251,-0.020834,-1.35421,-3.15,1.54,2.87,54.17578125,98332,54.82,252.215606689,5.124,57 4c 01 66 00 00 07 e9 00 00 d3 e8 00 48 00 40 f7 c4 00 03 ff fe ff 7e ff d3 00 16 00 29 1d 2d 00 01 80 1c 00 00 15 6a 43 7c 37 32 00 00 14 04
2026,97248,WL,flash_sample,48,54.271,1,64,0,0,0,0,0,0,1,0,2026,54271,0.035624,0.031232,-1.028216,0.020834,-0.031251,-1.322959,-0.28,-0.84,0.7,54.1640625,98332,54.82,252.215606689,5.144,57 4c 01 40 00 00 07 ea 00 00 d3 ff 00 49 00 40 f7 c5 00 02 ff fd ff 81 ff fc ff f4 00 0a 1d 2a 00 01 80 1c 00 00 15 6a 43 7c 37 32 00 00 14 18
2027,97296,WL,flash_sample,48,54.288,1,102,0,1,1,0,0,1,1,0,2027,54288,0.036112,0.03172,-1.028216,0.031251,0.031251,-1.343793,-1.33,-0.42,2.24,54.1796875,98375,54.87,248.548141479,5.144,57 4c 01 66 00 00 07 eb 00 00 d4 10 00 4a 00 41 f7 c5 00 03 00 03 ff 7f ff ed ff fa 00 20 1d 2e 00 01 80 47 00 00 15 6f 43 78 8c 53 00 00 14 18
2028,97344,WL,flash_sample,48,54.308,1,102,0,1,1,0,0,1,1,0,2028,54308,0.0366,0.032696,-1.028704,0.052085,0.020834,-1.343793,-2.38,0.28,3.15,54.171875,98333,54.72,252.131057739,5.144,57 4c 01 66 00 00 07 ec 00 00 d4 24 00 4b 00 43 f7 c4 00 05 00 02 ff 7f ff de 00 04 00 2d 1d 2c 00 01 80 1d 00 00 15 60 43 7c 21 8d 00 00 14 18
2029,97392,WL,flash_sample,48,54.328,1,102,0,1,1,0,0,1,1,0,2029,54328,0.035624,0.03172,-1.02968,0.052085,-0.010417,-1.343793,-3.08,1.47,2.87,54.140625,98334,54.77,252.043869019,5.124,57 4c 01 66 00 00 07 ed 00 00 d4 38 00 49 00 41 f7 c2 00 05 ff ff ff 7f ff d4 00 15 00 29 1d 24 00 01 80 1e 00 00 15 65 43 7c 0b 3b 00 00 14 04
2030,97440,WL,flash_sample,48,54.348,1,110,0,1,1,1,0,1,1,0,2030,54348,0.035136,0.031232,-1.028704,0.083336,-0.020834,-1.322959,-3.15,1.54,2.87,54.16796875,98333,54.81,252.131057739,5.124,57 4c 01 6e 00 00 07 ee 00 00 d4 4c 00 48 00 40 f7 c4 00 08 ff fe ff 81 ff d3 00 16 00 29 1d 2b 00 01 80 1d 00 00 15 69 43 7c 21 8d 00 00 14 04
2031,97488,WL,flash_sample,48,54.369,1,110,0,1,1,1,0,1,1,0,2031,54369,0.035624,0.031232,-1.02968,0.052085,-0.020834,-1.333376,-3.22,1.54,2.87,54.1796875,98336,54.86,251.874755859,5.124,57 4c 01 6e 00 00 07 ef 00 00 d4 61 00 49 00 40 f7 c2 00 05 ff fe ff 80 ff d2 00 16 00 29 1d 2e 00 01 80 20 00 00 15 6e 43 7b df f0 00 00 14 04
2032,97536,WL,flash_sample,48,54.388,1,110,0,1,1,1,0,1,1,0,2032,54388,0.035136,0.031232,-1.02968,0.062502,-0.031251,-1.35421,-3.15,1.54,2.8,54.25390625,98333,54.9,252.131057739,5.124,57 4c 01 6e 00 00 07 f0 00 00 d4 74 00 48 00 40 f7 c2 00 06 ff fd ff 7e ff d3 00 16 00 28 1d 41 00 01 80 1d 00 00 15 72 43 7c 21 8d 00 00 14 04
2033,97584,WL,flash_sample,48,54.408,1,102,0,1,1,0,0,1,1,0,2033,54408,0.036112,0.031232,-1.02968,0.041668,-0.031251,-1.35421,-3.15,1.54,2.87,54.20703125,98334,54.93,252.043869019,5.124,57 4c 01 66 00 00 07 f1 00 00 d4 88 00 4a 00 40 f7 c2 00 04 ff fd ff 7e ff d3 00 16 00 29 1d 35 00 01 80 1e 00 00 15 75 43 7c 0b 3b 00 00 14 04
2034,97632,WL,flash_sample,48,54.428,1,102,0,1,1,0,0,1,1,0,2034,54428,0.035624,0.031232,-1.02968,0.052085,-0.010417,-1.322959,-3.22,1.47,2.94,54.1875,98336,54.97,251.874755859,5.136,57 4c 01 66 00 00 07 f2 00 00 d4 9c 00 49 00 40 f7 c2 00 05 ff ff ff 81 ff d2 00 15 00 2a 1d 30 00 01 80 20 00 00 15 79 43 7b df f0 00 00 14 10
2035,97680,WL,flash_sample,48,54.448,1,110,0,1,1,1,0,1,1,0,2035,54448,0.034648,0.030744,-1.030656,0.020834,-0.031251,-1.35421,-3.22,1.54,2.8,54.19140625,98337,55.0,251.787567139,5.136,57 4c 01 6e 00 00 07 f3 00 00 d4 b0 00 47 00 3f f7 c0 00 02 ff fd ff 7e ff d2 00 16 00 28 1d 31 00 01 80 21 00 00 15 7c 43 7b c9 9e 00 00 14 10
2036,97728,WL,flash_sample,48,54.468,1,110,0,1,1,1,0,1,1,0,2036,54468,0.034648,0.030744,-1.030656,0.020834,-0.031251,-1.35421,-3.22,1.54,2.8,54.19140625,98337,55.0,251.787567139,5.136,57 4c 01 6e 00 00 07 f4 00 00 d4 c4 00 47 00 3f f7 c0 00 02 ff fd ff 7e ff d2 00 16 00 28 1d 31 00 01 80 21 00 00 15 7c 43 7b c9 9e 00 00 14 10
2037,97776,WL,flash_sample,48,54.488,1,110,0,1,1,1,0,1,1,0,2037,54488,0.034648,0.030744,-1.030656,0.020834,-0.031251,-1.35421,-3.22,1.54,2.8,54.19140625,98337,55.0,251.787567139,5.136,57 4c 01 6e 00 00 07 f5 00 00 d4 d8 00 47 00 3f f7 c0 00 02 ff fd ff 7e ff d2 00 16 00 28 1d 31 00 01 80 21 00 00 15 7c 43 7b c9 9e 00 00 14 10
2038,97824,WL,flash_sample,48,54.508,1,110,0,1,1,1,0,1,1,0,2038,54508,0.034648,0.030744,-1.030656,0.020834,-0.031251,-1.35421,-3.22,1.54,2.8,54.19140625,98337,55.0,251.787567139,5.136,57 4c 01 6e 00 00 07 f6 00 00 d4 ec 00 47 00 3f f7 c0 00 02 ff fd ff 7e ff d2 00 16 00 28 1d 31 00 01 80 21 00 00 15 7c 43 7b c9 9e 00 00 14 10
2039,97872,WL,flash_sample,48,54.528,1,102,0,1,1,0,0,1,1,0,2039,54528,0.034648,0.031232,-1.029192,0.052085,-0.010417,-1.343793,-0.63,-0.91,1.4,54.171875,98373,55.04,248.71723938,5.14,57 4c 01 66 00 00 07 f7 00 00 d5 00 00 47 00 40 f7 c3 00 05 ff ff ff 7f ff f7 ff f3 00 14 1d 2c 00 01 80 45 00 00 15 80 43 78 b7 9d 00 00 14 14
2040,97920,WL,flash_sample,48,54.548,1,102,0,1,1,0,0,1,1,0,2040,54548,0.035136,0.032696,-1.029192,0.031251,-0.010417,-1.343793,-1.75,-0.14,2.59,54.171875,98332,54.84,252.215606689,5.14,57 4c 01 66 00 00 07 f8 00 00 d5 14 00 48 00 43 f7 c3 00 03 ff ff ff 7f ff e7 ff fe 00 25 1d 2c 00 01 80 1c 00 00 15 6c 43 7c 37 32 00 00 14 14
2041,97968,WL,flash_sample,48,54.568,1,110,0,1,1,1,0,1,1,0,2041,54568,0.035624,0.032208,-1.029192,0.020834,0.041668,-1.343793,-3.08,1.47,2.94,54.23828125,98332,54.88,252.215606689,5.14,57 4c 01 6e 00 00 07 f9 00 00 d5 28 00 49 00 42 f7 c3 00 02 00 04 ff 7f ff d4 00 15 00 2a 1d 3d 00 01 80 1c 00 00 15 70 43 7c 37 32 00 00 14 14
2042,98016,WL,flash_sample,48,54.588,1,110,0,1,1,1,0,1,1,0,2042,54588,0.035624,0.031232,-1.028216,0.072919,0.0,-1.322959,-3.15,1.54,2.87,54.22265625,98334,54.92,252.043869019,5.14,57 4c 01 6e 00 00 07 fa 00 00 d5 3c 00 49 00 40 f7 c5 00 07 00 00 ff 81 ff d3 00 16 00 29 1d 39 00 01 80 1e 00 00 15 74 43 7c 0b 3b 00 00 14 14
2043,98064,WL,flash_sample,48,54.608,1,110,0,1,1,1,0,1,1,0,2043,54608,0.036112,0.030744,-1.02968,0.020834,-0.031251,-1.364627,-3.15,1.54,2.87,54.20703125,98335,54.96,251.959320068,5.14,57 4c 01 6e 00 00 07 fb 00 00 d5 50 00 4a 00 3f f7 c2 00 02 ff fd ff 7d ff d3 00 16 00 29 1d 35 00 01 80 1f 00 00 15 78 43 7b f5 96 00 00 14 14
2044,98112,WL,flash_sample,48,54.628,1,110,0,1,1,1,0,1,1,0,2044,54628,0.035624,0.031232,-1.02968,0.031251,-0.020834,-1.343793,-3.15,1.54,2.87,54.1953125,98333,54.99,252.131057739,5.124,57 4c 01 6e 00 00 07 fc 00 00 d5 64 00 49 00 40 f7 c2 00 03 ff fe ff 7f ff d3 00 16 00 29 1d 32 00 01 80 1d 00 00 15 7b 43 7c 21 8d 00 00 14 04
2045,98160,WL,flash_sample,48,54.648,1,102,0,1,1,0,0,1,1,0,2045,54648,0.035624,0.031232,-1.029192,0.020834,-0.010417,-1.343793,-3.22,1.47,2.87,54.1796875,98337,55.02,251.787567139,5.124,57 4c 01 66 00 00 07 fd 00 00 d5 78 00 49 00 40 f7 c3 00 02 ff ff ff 7f ff d2 00 15 00 29 1d 2e 00 01 80 21 00 00 15 7e 43 7b c9 9e 00 00 14 04
2046,98208,WL,flash_sample,48,54.668,1,102,0,1,1,0,0,1,1,0,2046,54668,0.035136,0.03172,-1.030168,0.020834,-0.031251,-1.343793,-3.15,1.54,2.87,54.21875,98336,55.06,251.874755859,5.124,57 4c 01 66 00 00 07 fe 00 00 d5 8c 00 48 00 41 f7 c1 00 02 ff fd ff 7f ff d3 00 16 00 29 1d 38 00 01 80 20 00 00 15 82 43 7b df f0 00 00 14 04
2047,98256,WL,flash_sample,48,54.688,1,110,0,1,1,1,0,1,1,0,2047,54688,0.035136,0.032208,-1.030168,0.052085,0.010417,-1.322959,-3.22,1.54,2.87,54.1953125,98341,55.09,251.446716309,5.124,57 4c 01 6e 00 00 07 ff 00 00 d5 a0 00 48 00 42 f7 c1 00 05 00 01 ff 81 ff d2 00 16 00 29 1d 32 00 01 80 25 00 00 15 85 43 7b 72 5c 00 00 14 04
2048,98304,WL,flash_sample,48,54.708,1,110,0,1,1,1,0,1,1,0,2048,54708,0.035136,0.032208,-1.030168,0.052085,0.010417,-1.322959,-3.22,1.54,2.87,54.1953125,98341,55.09,251.446716309,5.124,57 4c 01 6e 00 00 08 00 00 00 d5 b4 00 48 00 42 f7 c1 00 05 00 01 ff 81 ff d2 00 16 00 29 1d 32 00 01 80 25 00 00 15 85 43 7b 72 5c 00 00 14 04
2049,98352,WL,flash_sample,48,54.728,1,110,0,1,1,1,0,1,1,0,2049,54728,0.035136,0.032208,-1.030168,0.052085,0.010417,-1.322959,-3.22,1.54,2.87,54.1953125,98341,55.09,251.446716309,5.124,57 4c 01 6e 00 00 08 01 00 00 d5 c8 00 48 00 42 f7 c1 00 05 00 01 ff 81 ff d2 00 16 00 29 1d 32 00 01 80 25 00 00 15 85 43 7b 72 5c 00 00 14 04
2050,98400,WL,flash_sample,48,54.748,1,110,0,1,1,1,0,1,1,0,2050,54748,0.035136,0.032208,-1.030168,0.052085,0.010417,-1.322959,-3.22,1.54,2.87,54.1953125,98341,55.09,251.446716309,5.124,57 4c 01 6e 00 00 08 02 00 00 d5 dc 00 48 00 42 f7 c1 00 05 00 01 ff 81 ff d2 00 16 00 29 1d 32 00 01 80 25 00 00 15 85 43 7b 72 5c 00 00 14 04
2051,98448,WL,flash_sample,48,54.769,1,110,0,1,1,1,0,1,1,0,2051,54769,0.036112,0.03172,-1.027728,0.020834,-0.041668,-1.35421,-0.28,-0.28,-0.07,54.1953125,98341,55.09,251.446716309,5.124,57 4c 01 6e 00 00 08 03 00 00 d5 f1 00 4a 00 41 f7 c6 00 02 ff fc ff 7e ff fc ff fc ff ff 1d 32 00 01 80 25 00 00 15 85 43 7b 72 5c 00 00 14 04
2052,98496,WL,flash_sample,48,54.788,1,110,0,1,1,1,0,1,1,0,2052,54788,0.036112,0.03172,-1.027728,0.020834,-0.041668,-1.35421,-0.28,-0.28,-0.07,54.1953125,98341,55.09,251.446716309,5.124,57 4c 01 6e 00 00 08 04 00 00 d6 04 00 4a 00 41 f7 c6 00 02 ff fc ff 7e ff fc ff fc ff ff 1d 32 00 01 80 25 00 00 15 85 43 7b 72 5c 00 00 14 04
2053,98544,WL,flash_sample,48,54.808,1,110,0,1,1,1,0,1,1,0,2053,54808,0.036112,0.03172,-1.027728,0.020834,-0.041668,-1.35421,-0.28,-0.28,-0.07,54.1953125,98341,55.09,251.446716309,5.124,57 4c 01 6e 00 00 08 05 00 00 d6 18 00 4a 00 41 f7 c6 00 02 ff fc ff 7e ff fc ff fc ff ff 1d 32 00 01 80 25 00 00 15 85 43 7b 72 5c 00 00 14 04
2054,98592,WL,flash_sample,48,54.828,1,110,0,1,1,1,0,1,1,0,2054,54828,0.036112,0.03172,-1.027728,0.020834,-0.041668,-1.35421,-0.28,-0.28,-0.07,54.1953125,98341,55.09,251.446716309,5.124,57 4c 01 6e 00 00 08 06 00 00 d6 2c 00 4a 00 41 f7 c6 00 02 ff fc ff 7e ff fc ff fc ff ff 1d 32 00 01 80 25 00 00 15 85 43 7b 72 5c 00 00 14 04
2055,98640,WL,flash_sample,48,54.848,1,110,0,1,1,1,0,1,1,0,2055,54848,0.036112,0.03172,-1.027728,0.020834,-0.041668,-1.35421,-0.28,-0.28,-0.07,54.1953125,98341,55.09,251.446716309,5.124,57 4c 01 6e 00 00 08 07 00 00 d6 40 00 4a 00 41 f7 c6 00 02 ff fc ff 7e ff fc ff fc ff ff 1d 32 00 01 80 25 00 00 15 85 43 7b 72 5c 00 00 14 04
2056,98688,WL,flash_sample,48,54.868,1,110,0,1,1,1,0,1,1,0,2056,54868,0.036112,0.03172,-1.027728,0.020834,-0.041668,-1.35421,-0.28,-0.28,-0.07,54.1953125,98341,55.09,251.446716309,5.124,57 4c 01 6e 00 00 08 08 00 00 d6 54 00 4a 00 41 f7 c6 00 02 ff fc ff 7e ff fc ff fc ff ff 1d 32 00 01 80 25 00 00 15 85 43 7b 72 5c 00 00 14 04
2057,98736,WL,flash_sample,48,54.888,1,110,0,1,1,1,0,1,1,0,2057,54888,0.036112,0.03172,-1.027728,0.020834,-0.041668,-1.35421,-0.28,-0.28,-0.07,54.1953125,98341,55.09,251.446716309,5.124,57 4c 01 6e 00 00 08 09 00 00 d6 68 00 4a 00 41 f7 c6 00 02 ff fc ff 7e ff fc ff fc ff ff 1d 32 00 01 80 25 00 00 15 85 43 7b 72 5c 00 00 14 04
2058,98784,WL,flash_sample,48,54.908,1,110,0,1,1,1,0,1,1,0,2058,54908,0.036112,0.031232,-1.029192,0.052085,-0.020834,-1.333376,-0.21,0.14,-0.35,54.17578125,98389,55.12,247.35383606,5.124,57 4c 01 6e 00 00 08 0a 00 00 d6 7c 00 4a 00 40 f7 c3 00 05 ff fe ff 80 ff fd 00 02 ff fb 1d 2d 00 01 80 55 00 00 15 88 43 77 5a 95 00 00 14 04
2059,98832,WL,flash_sample,48,54.928,1,110,0,1,1,1,0,1,1,0,2059,54928,0.036112,0.031232,-1.029192,0.052085,-0.020834,-1.333376,-0.21,0.14,-0.35,54.17578125,98389,55.12,247.35383606,5.124,57 4c 01 6e 00 00 08 0b 00 00 d6 90 00 4a 00 40 f7 c3 00 05 ff fe ff 80 ff fd 00 02 ff fb 1d 2d 00 01 80 55 00 00 15 88 43 77 5a 95 00 00 14 04
2060,98880,WL,flash_sample,48,54.95,1,110,0,1,1,1,0,1,1,0,2060,54950,0.0366,0.032208,-1.028704,0.072919,-0.041668,-1.322959,-0.14,0.14,-0.42,54.203125,98389,55.12,247.35383606,5.144,57 4c 01 6e 00 00 08 0c 00 00 d6 a6 00 4b 00 42 f7 c4 00 07 ff fc ff 81 ff fe 00 02 ff fa 1d 34 00 01 80 55 00 00 15 88 43 77 5a 95 00 00 14 18
2061,98928,WL,flash_sample,48,54.968,1,110,0,1,1,1,0,1,1,0,2061,54968,0.0366,0.032208,-1.028704,0.072919,-0.041668,-1.322959,-0.14,0.14,-0.42,54.203125,98389,55.12,247.35383606,5.144,57 4c 01 6e 00 00 08 0d 00 00 d6 b8 00 4b 00 42 f7 c4 00 07 ff fc ff 81 ff fe 00 02 ff fa 1d 34 00 01 80 55 00 00 15 88 43 77 5a 95 00 00 14 18
2062,98976,WL,flash_sample,48,54.988,1,110,0,1,1,1,0,1,1,0,2062,54988,0.0366,0.032208,-1.028704,0.072919,-0.041668,-1.322959,-0.14,0.14,-0.42,54.203125,98389,55.12,247.35383606,5.144,57 4c 01 6e 00 00 08 0e 00 00 d6 cc 00 4b 00 42 f7 c4 00 07 ff fc ff 81 ff fe 00 02 ff fa 1d 34 00 01 80 55 00 00 15 88 43 77 5a 95 00 00 14 18
2063,99024,WL,flash_sample,48,55.008,1,110,0,1,1,1,0,1,1,0,2063,55008,0.0366,0.032208,-1.028704,0.072919,-0.041668,-1.322959,-0.14,0.14,-0.42,54.203125,98389,55.12,247.35383606,5.144,57 4c 01 6e 00 00 08 0f 00 00 d6 e0 00 4b 00 42 f7 c4 00 07 ff fc ff 81 ff fe 00 02 ff fa 1d 34 00 01 80 55 00 00 15 88 43 77 5a 95 00 00 14 18
2064,99072,WL,flash_sample,48,55.033,1,64,0,0,0,0,0,0,1,0,2064,55033,0.035624,0.03172,-1.02724,0.052085,-0.031251,-1.343793,-0.28,-0.91,0.77,54.19921875,98343,54.57,251.277603149,5.128,57 4c 01 40 00 00 08 10 00 00 d6 f9 00 49 00 41 f7 c7 00 05 ff fd ff 7f ff fc ff f3 00 0b 1d 33 00 01 80 27 00 00 15 51 43 7b 47 11 00 00 14 08
2065,99120,WL,flash_sample,48,55.048,1,110,0,1,1,1,0,1,1,0,2065,55048,0.035624,0.032208,-1.028216,0.031251,0.010417,-1.343793,-1.4,-0.42,2.24,54.21875,98319,54.42,253.325363159,5.144,57 4c 01 6e 00 00 08 11 00 00 d7 08 00 49 00 42 f7 c5 00 03 00 01 ff 7f ff ec ff fa 00 20 1d 38 00 01 80 0f 00 00 15 42 43 7d 53 4b 00 00 14 18
2066,99168,WL,flash_sample,48,55.068,1,110,0,1,1,1,0,1,1,0,2066,55068,0.035624,0.03172,-1.029192,0.052085,-0.031251,-1.333376,-2.38,0.35,3.22,54.21484375,98320,54.5,253.238174438,5.144,57 4c 01 6e 00 00 08 12 00 00 d7 1c 00 49 00 41 f7 c3 00 05 ff fd ff 80 ff de 00 05 00 2e 1d 37 00 01 80 10 00 00 15 4a 43 7d 3c f9 00 00 14 18
2067,99216,WL,flash_sample,48,55.088,1,110,0,1,1,1,0,1,1,0,2067,55088,0.035624,0.031232,-1.028704,0.010417,0.0,-1.322959,-3.29,1.68,2.8,54.2578125,98321,54.56,253.153625488,5.144,57 4c 01 6e 00 00 08 13 00 00 d7 30 00 49 00 40 f7 c4 00 01 00 00 ff 81 ff d1 00 18 00 28 1d 42 00 01 80 11 00 00 15 50 43 7d 27 54 00 00 14 18
2068,99264,WL,flash_sample,48,55.108,1,102,0,1,1,0,0,1,1,0,2068,55108,0.035624,0.03172,-1.02968,0.041668,-0.031251,-1.333376,-3.15,1.54,2.87,54.21484375,98324,54.64,252.897323608,5.144,57 4c 01 66 00 00 08 14 00 00 d7 44 00 49 00 41 f7 c2 00 04 ff fd ff 80 ff d3 00 16 00 29 1d 37 00 01 80 14 00 00 15 58 43 7c e5 b7 00 00 14 18
2069,99312,WL,flash_sample,48,55.129,1,102,0,1,1,0,0,1,1,0,2069,55129,0.035624,0.032208,-1.030168,0.083336,0.0,-1.343793,-3.15,1.54,2.87,54.21484375,98326,54.7,252.728210449,5.148,57 4c 01 66 00 00 08 15 00 00 d7 59 00 49 00 42 f7 c1 00 08 00 00 ff 7f ff d3 00 16 00 29 1d 37 00 01 80 16 00 00 15 5e 43 7c ba 6c 00 00 14 1c
2070,99360,WL,flash_sample,48,55.148,1,102,0,1,1,0,0,1,1,0,2070,55148,0.035136,0.031232,-1.029192,0.062502,-0.020834,-1.312542,-3.15,1.54,2.87,54.23046875,98327,54.75,252.641021729,5.148,57 4c 01 66 00 00 08 16 00 00 d7 6c 00 48 00 40 f7 c3 00 06 ff fe ff 82 ff d3 00 16 00 29 1d 3b 00 01 80 17 00 00 15 63 43 7c a4 1a 00 00 14 1c
2071,99408,WL,flash_sample,48,55.168,1,110,0,1,1,1,0,1,1,0,2071,55168,0.035136,0.03172,-1.02968,0.020834,-0.020834,-1.333376,-3.15,1.54,2.94,54.2578125,98327,54.81,252.641021729,5.148,57 4c 01 6e 00 00 08 17 00 00 d7 80 00 48 00 41 f7 c2 00 02 ff fe ff 80 ff d3 00 16 00 2a 1d 42 00 01 80 17 00 00 15 69 43 7c a4 1a 00 00 14 1c
2072,99456,WL,flash_sample,48,55.188,1,110,0,1,1,1,0,1,1,0,2072,55188,0.036112,0.031232,-1.029192,0.041668,0.0,-1.312542,-3.22,1.61,2.8,54.265625,98330,54.86,252.384719849,5.148,57 4c 01 6e 00 00 08 18 00 00 d7 94 00 4a 00 40 f7 c3 00 04 00 00 ff 82 ff d2 00 17 00 28 1d 44 00 01 80 1a 00 00 15 6e 43 7c 62 7d 00 00 14 1c
2073,99504,WL,flash_sample,48,55.208,1,102,0,1,1,0,0,1,1,0,2073,55208,0.035624,0.031232,-1.02968,0.041668,0.0,-1.343793,-3.15,1.54,2.87,54.265625,98330,54.86,252.384719849,5.148,57 4c 01 66 00 00 08 19 00 00 d7 a8 00 49 00 40 f7 c2 00 04 00 00 ff 7f ff d3 00 16 00 29 1d 44 00 01 80 1a 00 00 15 6e 43 7c 62 7d 00 00 14 1c
2074,99552,WL,flash_sample,48,55.228,1,102,0,1,1,0,0,1,1,0,2074,55228,0.035624,0.031232,-1.02968,0.041668,0.0,-1.343793,-3.15,1.54,2.87,54.265625,98330,54.86,252.384719849,5.148,57 4c 01 66 00 00 08 1a 00 00 d7 bc 00 49 00 40 f7 c2 00 04 00 00 ff 7f ff d3 00 16 00 29 1d 44 00 01 80 1a 00 00 15 6e 43 7c 62 7d 00 00 14 1c
2075,99600,WL,flash_sample,48,55.248,1,103,1,1,1,0,0,1,1,0,2075,55248,0.035624,0.031232,-1.02968,0.041668,0.0,-1.343793,-3.15,1.54,2.87,54.265625,98330,54.86,252.384719849,5.148,57 4c 01 67 00 00 08 1b 00 00 d7 d0 00 49 00 40 f7 c2 00 04 00 00 ff 7f ff d3 00 16 00 29 1d 44 00 01 80 1a 00 00 15 6e 43 7c 62 7d 00 00 14 1c
2076,99648,WL,flash_sample,48,55.268,1,103,1,1,1,0,0,1,1,0,2076,55268,0.035624,0.031232,-1.02968,0.041668,0.0,-1.343793,-3.15,1.54,2.87,54.265625,98330,54.86,252.384719849,5.148,57 4c 01 67 00 00 08 1c 00 00 d7 e4 00 49 00 40 f7 c2 00 04 00 00 ff 7f ff d3 00 16 00 29 1d 44 00 01 80 1a 00 00 15 6e 43 7c 62 7d 00 00 14 1c
2077,99696,WL,flash_sample,48,55.288,1,111,1,1,1,1,0,1,1,0,2077,55288,0.036112,0.032208,-1.028704,0.052085,-0.031251,-1.322959,-0.63,-0.91,1.47,54.21484375,98337,54.9,251.787567139,5.156,57 4c 01 6f 00 00 08 1d 00 00 d7 f8 00 4a 00 42 f7 c4 00 05 ff fd ff 81 ff f7 ff f3 00 15 1d 37 00 01 80 21 00 00 15 72 43 7b c9 9e 00 00 14 24
2078,99744,WL,flash_sample,48,55.308,1,111,1,1,1,1,0,1,1,0,2078,55308,0.036112,0.032208,-1.028704,0.010417,-0.052085,-1.364627,-1.82,-0.14,2.66,54.23828125,98328,54.73,252.556472778,5.156,57 4c 01 6f 00 00 08 1e 00 00 d8 0c 00 4a 00 42 f7 c4 00 01 ff fb ff 7d ff e6 ff fe 00 26 1d 3d 00 01 80 18 00 00 15 61 43 7c 8e 75 00 00 14 24
2079,99792,WL,flash_sample,48,55.328,1,111,1,1,1,1,0,1,1,0,2079,55328,0.035136,0.03172,-1.029192,0.052085,-0.052085,-1.302125,-2.73,0.63,3.5,54.23828125,98336,54.79,251.874755859,5.144,57 4c 01 6f 00 00 08 1f 00 00 d8 20 00 48 00 41 f7 c3 00 05 ff fb ff 83 ff d9 00 09 00 32 1d 3d 00 01 80 20 00 00 15 67 43 7b df f0 00 00 14 18
2080,99840,WL,flash_sample,48,55.348,1,103,1,1,1,0,0,1,1,0,2080,55348,0.035136,0.032208,-1.02968,0.041668,0.0,-1.302125,-3.15,1.54,2.87,54.22265625,98329,54.84,252.471908569,5.144,57 4c 01 67 00 00 08 20 00 00 d8 34 00 48 00 42 f7 c2 00 04 00 00 ff 83 ff d3 00 16 00 29 1d 39 00 01 80 19 00 00 15 6c 43 7c 78 cf 00 00 14 18
2081,99888,WL,flash_sample,48,55.368,1,103,1,1,1,0,0,1,1,0,2081,55368,0.035136,0.031232,-1.02968,0.041668,-0.031251,-1.333376,-3.22,1.54,2.87,54.23828125,98332,54.88,252.215606689,5.144,57 4c 01 67 00 00 08 21 00 00 d8 48 00 48 00 40 f7 c2 00 04 ff fd ff 80 ff d2 00 16 00 29 1d 3d 00 01 80 1c 00 00 15 70 43 7c 37 32 00 00 14 18
2082,99936,WL,flash_sample,48,55.388,1,103,1,1,1,0,0,1,1,0,2082,55388,0.035624,0.031232,-1.030168,0.041668,0.0,-1.333376,-3.22,1.54,2.87,54.2734375,98332,54.93,252.215606689,5.144,57 4c 01 67 00 00 08 22 00 00 d8 5c 00 49 00 40 f7 c1 00 04 00 00 ff 80 ff d2 00 16 00 29 1d 46 00 01 80 1c 00 00 15 75 43 7c 37 32 00 00 14 18
2083,99984,WL,flash_sample,48,55.408,1,111,1,1,1,1,0,1,1,0,2083,55408,0.036112,0.03172,-1.030168,0.052085,0.020834,-1.35421,-3.22,1.54,2.87,54.203125,98335,54.97,251.959320068,5.144,57 4c 01 6f 00 00 08 23 00 00 d8 70 00 4a 00 41 f7 c1 00 05 00 02 ff 7e ff d2 00 16 00 29 1d 34 00 01 80 1f 00 00 15 79 43 7b f5 96 00 00 14 18
2084,100032,WL,flash_sample,48,55.428,1,111,1,1,1,1,0,1,1,0,2084,55428,0.035624,0.03172,-1.030168,0.041668,-0.020834,-1.333376,-3.15,1.54,2.94,54.26171875,98333,55.0,252.131057739,5.14,57 4c 01 6f 00 00 08 24 00 00 d8 84 00 49 00 41 f7 c1 00 04 ff fe ff 80 ff d3 00 16 00 2a 1d 43 00 01 80 1d 00 00 15 7c 43 7c 21 8d 00 00 14 14
2085,100080,WL,flash_sample,48,55.448,1,111,1,1,1,1,0,1,1,0,2085,55448,0.035136,0.031232,-1.029192,0.052085,0.0,-1.322959,-3.29,1.54,2.87,54.2734375,98335,55.04,251.959320068,5.14,57 4c 01 6f 00 00 08 25 00 00 d8 98 00 48 00 40 f7 c3 00 05 00 00 ff 81 ff d1 00 16 00 29 1d 46 00 01 80 1f 00 00 15 80 43 7b f5 96 00 00 14 14
2086,100128,WL,flash_sample,48,55.468,1,111,1,1,1,1,0,1,1,0,2086,55468,0.035136,0.031232,-1.029192,0.052085,0.0,-1.322959,-3.29,1.54,2.87,54.2734375,98335,55.04,251.959320068,5.14,57 4c 01 6f 00 00 08 26 00 00 d8 ac 00 48 00 40 f7 c3 00 05 00 00 ff 81 ff d1 00 16 00 29 1d 46 00 01 80 1f 00 00 15 80 43 7b f5 96 00 00 14 14
2087,100176,WL,flash_sample,48,55.488,1,111,1,1,1,1,0,1,1,0,2087,55488,0.035136,0.031232,-1.029192,0.052085,0.0,-1.322959,-3.29,1.54,2.87,54.2734375,98335,55.04,251.959320068,5.14,57 4c 01 6f 00 00 08 27 00 00 d8 c0 00 48 00 40 f7 c3 00 05 00 00 ff 81 ff d1 00 16 00 29 1d 46 00 01 80 1f 00 00 15 80 43 7b f5 96 00 00 14 14
2088,100224,WL,flash_sample,48,55.508,1,111,1,1,1,1,0,1,1,0,2088,55508,0.035136,0.031232,-1.029192,0.052085,0.0,-1.322959,-3.29,1.54,2.87,54.2734375,98335,55.04,251.959320068,5.14,57 4c 01 6f 00 00 08 28 00 00 d8 d4 00 48 00 40 f7 c3 00 05 00 00 ff 81 ff d1 00 16 00 29 1d 46 00 01 80 1f 00 00 15 80 43 7b f5 96 00 00 14 14
2089,100272,WL,flash_sample,48,55.531,1,97,1,0,0,0,0,1,1,0,2089,55531,0.0366,0.03172,-1.028216,0.041668,0.010417,-1.343793,-0.21,-0.35,0.0,54.22265625,98343,55.07,251.277603149,5.14,57 4c 01 61 00 00 08 29 00 00 d8 eb 00 4b 00 41 f7 c5 00 04 00 01 ff 7f ff fd ff fb 00 00 1d 39 00 01 80 27 00 00 15 83 43 7b 47 11 00 00 14 14
2090,100320,WL,flash_sample,48,55.548,1,111,1,1,1,1,0,1,1,0,2090,55548,0.036112,0.031232,-1.029192,0.062502,-0.041668,-1.343793,-1.05,-0.63,1.96,54.23828125,98334,54.85,252.043869019,5.14,57 4c 01 6f 00 00 08 2a 00 00 d8 fc 00 4a 00 40 f7 c3 00 06 ff fc ff 7f ff f1 ff f7 00 1c 1d 3d 00 01 80 1e 00 00 15 6d 43 7c 0b 3b 00 00 14 14
2091,100368,WL,flash_sample,48,55.568,1,111,1,1,1,1,0,1,1,0,2091,55568,0.035136,0.031232,-1.029192,0.052085,0.0,-1.333376,-2.59,0.49,3.43,54.24609375,98334,54.91,252.043869019,5.14,57 4c 01 6f 00 00 08 2b 00 00 d9 10 00 48 00 40 f7 c3 00 05 00 00 ff 80 ff db 00 07 00 31 1d 3f 00 01 80 1e 00 00 15 73 43 7c 0b 3b 00 00 14 14
2092,100416,WL,flash_sample,48,55.588,1,103,1,1,1,0,0,1,1,0,2092,55588,0.036112,0.031232,-1.029192,0.062502,-0.031251,-1.343793,-3.15,1.54,2.87,54.2578125,98334,54.95,252.043869019,5.14,57 4c 01 67 00 00 08 2c 00 00 d9 24 00 4a 00 40 f7 c3 00 06 ff fd ff 7f ff d3 00 16 00 29 1d 42 00 01 80 1e 00 00 15 77 43 7c 0b 3b 00 00 14 14
2093,100464,WL,flash_sample,48,55.608,1,103,1,1,1,0,0,1,1,0,2093,55608,0.035136,0.031232,-1.02968,0.041668,-0.052085,-1.343793,-3.15,1.54,2.87,54.24609375,98335,54.99,251.959320068,5.14,57 4c 01 67 00 00 08 2d 00 00 d9 38 00 48 00 40 f7 c2 00 04 ff fb ff 7f ff d3 00 16 00 29 1d 3f 00 01 80 1f 00 00 15 7b 43 7b f5 96 00 00 14 14
2094,100512,WL,flash_sample,48,55.629,1,111,1,1,1,1,0,1,1,0,2094,55629,0.035136,0.03172,-1.029192,0.041668,-0.052085,-1.302125,-3.22,1.54,2.87,54.265625,98334,55.03,252.043869019,5.128,57 4c 01 6f 00 00 08 2e 00 00 d9 4d 00 48 00 41 f7 c3 00 04 ff fb ff 83 ff d2 00 16 00 29 1d 44 00 01 80 1e 00 00 15 7f 43 7c 0b 3b 00 00 14 08
2095,100560,WL,flash_sample,48,55.648,1,111,1,1,1,1,0,1,1,0,2095,55648,0.034648,0.031232,-1.02968,0.041668,-0.010417,-1.333376,-3.22,1.54,2.87,54.24609375,98338,55.06,251.703018188,5.128,57 4c 01 6f 00 00 08 2f 00 00 d9 60 00 47 00 40 f7 c2 00 04 ff ff ff 80 ff d2 00 16 00 29 1d 3f 00 01 80 22 00 00 15 82 43 7b b3 f9 00 00 14 08
2096,100608,WL,flash_sample,48,55.668,1,111,1,1,1,1,0,1,1,0,2096,55668,0.0366,0.03172,-1.030168,0.031251,0.010417,-1.343793,-3.22,1.61,2.87,54.203125,98337,55.09,251.787567139,5.128,57 4c 01 6f 00 00 08 30 00 00 d9 74 00 4b 00 41 f7 c1 00 03 00 01 ff 7f ff d2 00 17 00 29 1d 34 00 01 80 21 00 00 15 85 43 7b c9 9e 00 00 14 08
2097,100656,WL,flash_sample,48,55.688,1,111,1,1,1,1,0,1,1,0,2097,55688,0.035624,0.032208,-1.030168,0.083336,0.010417,-1.343793,-3.15,1.54,2.87,54.2421875,98339,55.12,251.618453979,5.128,57 4c 01 6f 00 00 08 31 00 00 d9 88 00 49 00 42 f7 c1 00 08 00 01 ff 7f ff d3 00 16 00 29 1d 3e 00 01 80 23 00 00 15 88 43 7b 9e 53 00 00 14 08
2098,100704,WL,flash_sample,48,55.708,1,111,1,1,1,1,0,1,1,0,2098,55708,0.035136,0.03172,-1.029192,0.041668,-0.010417,-1.312542,-3.22,1.61,2.94,54.2734375,98339,55.12,251.618453979,5.128,57 4c 01 6f 00 00 08 32 00 00 d9 9c 00 48 00 41 f7 c3 00 04 ff ff ff 82 ff d2 00 17 00 2a 1d 46 00 01 80 23 00 00 15 88 43 7b 9e 53 00 00 14 08
2099,100752,WL,flash_sample,48,55.728,1,111,1,1,1,1,0,1,1,0,2099,55728,0.035136,0.03172,-1.029192,0.041668,-0.010417,-1.312542,-3.22,1.61,2.94,54.2734375,98339,55.12,251.618453979,5.128,57 4c 01 6f 00 00 08 33 00 00 d9 b0 00 48 00 41 f7 c3 00 04 ff ff ff 82 ff d2 00 17 00 2a 1d 46 00 01 80 23 00 00 15 88 43 7b 9e 53 00 00 14 08
2100,100800,WL,flash_sample,48,55.748,1,111,1,1,1,1,0,1,1,0,2100,55748,0.035136,0.03172,-1.029192,0.041668,-0.010417,-1.312542,-3.22,1.61,2.94,54.2734375,98339,55.12,251.618453979,5.128,57 4c 01 6f 00 00 08 34 00 00 d9 c4 00 48 00 41 f7 c3 00 04 ff ff ff 82 ff d2 00 17 00 2a 1d 46 00 01 80 23 00 00 15 88 43 7b 9e 53 00 00 14 08
2101,100848,WL,flash_sample,48,55.768,1,111,1,1,1,1,0,1,1,0,2101,55768,0.035136,0.03172,-1.029192,0.041668,-0.010417,-1.312542,-3.22,1.61,2.94,54.2734375,98339,55.12,251.618453979,5.128,57 4c 01 6f 00 00 08 35 00 00 d9 d8 00 48 00 41 f7 c3 00 04 ff ff ff 82 ff d2 00 17 00 2a 1d 46 00 01 80 23 00 00 15 88 43 7b 9e 53 00 00 14 08
2102,100896,WL,flash_sample,48,55.788,1,111,1,1,1,1,0,1,1,0,2102,55788,0.035624,0.03172,-1.028704,0.052085,0.020834,-1.333376,-0.21,0.0,-0.28,54.265625,98343,55.15,251.277603149,5.128,57 4c 01 6f 00 00 08 36 00 00 d9 ec 00 49 00 41 f7 c4 00 05 00 02 ff 80 ff fd 00 00 ff fc 1d 44 00 01 80 27 00 00 15 8b 43 7b 47 11 00 00 14 08
2103,100944,WL,flash_sample,48,55.808,1,111,1,1,1,1,0,1,1,0,2103,55808,0.035624,0.03172,-1.028704,0.052085,0.020834,-1.333376,-0.21,0.0,-0.28,54.265625,98343,55.15,251.277603149,5.128,57 4c 01 6f 00 00 08 37 00 00 da 00 00 49 00 41 f7 c4 00 05 00 02 ff 80 ff fd 00 00 ff fc 1d 44 00 01 80 27 00 00 15 8b 43 7b 47 11 00 00 14 08
2104,100992,WL,flash_sample,48,55.828,1,111,1,1,1,1,0,1,1,0,2104,55828,0.035624,0.03172,-1.028704,0.052085,0.020834,-1.333376,-0.21,0.0,-0.28,54.265625,98343,55.15,251.277603149,5.128,57 4c 01 6f 00 00 08 38 00 00 da 14 00 49 00 41 f7 c4 00 05 00 02 ff 80 ff fd 00 00 ff fc 1d 44 00 01 80 27 00 00 15 8b 43 7b 47 11 00 00 14 08
2105,101040,WL,flash_sample,48,55.848,1,111,1,1,1,1,0,1,1,0,2105,55848,0.035624,0.03172,-1.028704,0.052085,0.020834,-1.333376,-0.21,0.0,-0.28,54.265625,98343,55.15,251.277603149,5.128,57 4c 01 6f 00 00 08 39 00 00 da 28 00 49 00 41 f7 c4 00 05 00 02 ff 80 ff fd 00 00 ff fc 1d 44 00 01 80 27 00 00 15 8b 43 7b 47 11 00 00 14 08
2106,101088,WL,flash_sample,48,55.868,1,111,1,1,1,1,0,1,1,0,2106,55868,0.035624,0.03172,-1.028704,0.052085,0.020834,-1.333376,-0.21,0.0,-0.28,54.265625,98343,55.15,251.277603149,5.128,57 4c 01 6f 00 00 08 3a 00 00 da 3c 00 49 00 41 f7 c4 00 05 00 02 ff 80 ff fd 00 00 ff fc 1d 44 00 01 80 27 00 00 15 8b 43 7b 47 11 00 00 14 08
2107,101136,WL,flash_sample,48,55.888,1,111,1,1,1,1,0,1,1,0,2107,55888,0.035624,0.03172,-1.028704,0.052085,0.020834,-1.333376,-0.21,0.0,-0.28,54.265625,98343,55.15,251.277603149,5.128,57 4c 01 6f 00 00 08 3b 00 00 da 50 00 49 00 41 f7 c4 00 05 00 02 ff 80 ff fd 00 00 ff fc 1d 44 00 01 80 27 00 00 15 8b 43 7b 47 11 00 00 14 08
2108,101184,WL,flash_sample,48,55.91,1,111,1,1,1,1,0,1,1,0,2108,55910,0.035624,0.032208,-1.028704,0.052085,-0.020834,-1.312542,-0.21,0.07,-0.42,54.23046875,98343,55.15,251.277603149,5.148,57 4c 01 6f 00 00 08 3c 00 00 da 66 00 49 00 42 f7 c4 00 05 ff fe ff 82 ff fd 00 01 ff fa 1d 3b 00 01 80 27 00 00 15 8b 43 7b 47 11 00 00 14 1c
2109,101232,WL,flash_sample,48,55.928,1,111,1,1,1,1,0,1,1,0,2109,55928,0.035624,0.032208,-1.028704,0.052085,-0.020834,-1.312542,-0.21,0.07,-0.42,54.23046875,98343,55.15,251.277603149,5.148,57 4c 01 6f 00 00 08 3d 00 00 da 78 00 49 00 42 f7 c4 00 05 ff fe ff 82 ff fd 00 01 ff fa 1d 3b 00 01 80 27 00 00 15 8b 43 7b 47 11 00 00 14 1c
2110,101280,WL,flash_sample,48,55.948,1,111,1,1,1,1,0,1,1,0,2110,55948,0.035624,0.032208,-1.028704,0.052085,-0.020834,-1.312542,-0.21,0.07,-0.42,54.23046875,98343,55.15,251.277603149,5.148,57 4c 01 6f 00 00 08 3e 00 00 da 8c 00 49 00 42 f7 c4 00 05 ff fe ff 82 ff fd 00 01 ff fa 1d 3b 00 01 80 27 00 00 15 8b 43 7b 47 11 00 00 14 1c
2111,101328,WL,flash_sample,48,55.968,1,111,1,1,1,1,0,1,1,0,2111,55968,0.035624,0.031232,-1.027728,0.052085,-0.010417,-1.333376,-0.14,0.07,-0.35,54.2734375,98391,54.92,247.1847229,5.148,57 4c 01 6f 00 00 08 3f 00 00 da a0 00 49 00 40 f7 c6 00 05 ff ff ff 80 ff fe 00 01 ff fb 1d 46 00 01 80 57 00 00 15 74 43 77 2f 4a 00 00 14 1c
2112,101376,WL,flash_sample,48,55.988,1,111,1,1,1,1,0,1,1,0,2112,55988,0.035624,0.031232,-1.027728,0.052085,-0.010417,-1.333376,-0.14,0.07,-0.35,54.2734375,98391,54.92,247.1847229,5.148,57 4c 01 6f 00 00 08 40 00 00 da b4 00 49 00 40 f7 c6 00 05 ff ff ff 80 ff fe 00 01 ff fb 1d 46 00 01 80 57 00 00 15 74 43 77 2f 4a 00 00 14 1c
2113,101424,WL,flash_sample,48,56.008,1,111,1,1,1,1,0,1,1,0,2113,56008,0.035624,0.031232,-1.027728,0.052085,-0.010417,-1.333376,-0.14,0.07,-0.35,54.2734375,98391,54.92,247.1847229,5.148,57 4c 01 6f 00 00 08 41 00 00 da c8 00 49 00 40 f7 c6 00 05 ff ff ff 80 ff fe 00 01 ff fb 1d 46 00 01 80 57 00 00 15 74 43 77 2f 4a 00 00 14 1c
2114,101472,WL,flash_sample,48,56.028,1,111,1,1,1,1,0,1,1,0,2114,56028,0.035624,0.031232,-1.027728,0.052085,-0.010417,-1.333376,-0.14,0.07,-0.35,54.2734375,98391,54.92,247.1847229,5.148,57 4c 01 6f 00 00 08 42 00 00 da dc 00 49 00 40 f7 c6 00 05 ff ff ff 80 ff fe 00 01 ff fb 1d 46 00 01 80 57 00 00 15 74 43 77 2f 4a 00 00 14 1c
2115,101520,WL,flash_sample,48,56.048,1,103,1,1,1,0,0,1,1,0,2115,56048,0.036112,0.032208,-1.027728,0.062502,-0.031251,-1.322959,-0.7,-0.84,1.54,54.24609375,98345,54.59,251.105865479,5.156,57 4c 01 67 00 00 08 43 00 00 da f0 00 4a 00 42 f7 c6 00 06 ff fd ff 81 ff f6 ff f4 00 16 1d 3f 00 01 80 29 00 00 15 53 43 7b 1b 1a 00 00 14 24
2116,101568,WL,flash_sample,48,56.068,1,103,1,1,1,0,0,1,1,0,2116,56068,0.035136,0.03172,-1.028216,0.062502,-0.020834,-1.343793,-1.82,-0.14,2.66,54.265625,98326,54.54,252.728210449,5.156,57 4c 01 67 00 00 08 44 00 00 db 04 00 48 00 41 f7 c5 00 06 ff fe ff 7f ff e6 ff fe 00 26 1d 44 00 01 80 16 00 00 15 4e 43 7c ba 6c 00 00 14 24
2117,101616,WL,flash_sample,48,56.088,1,103,1,1,1,0,0,1,1,0,2117,56088,0.0366,0.030744,-1.028704,0.062502,-0.020834,-1.312542,-2.8,0.7,3.5,54.2578125,98323,54.6,252.981872559,5.156,57 4c 01 67 00 00 08 45 00 00 db 18 00 4b 00 3f f7 c4 00 06 ff fe ff 82 ff d8 00 0a 00 32 1d 42 00 01 80 13 00 00 15 54 43 7c fb 5c 00 00 14 24
2118,101664,WL,flash_sample,48,56.108,1,111,1,1,1,1,0,1,1,0,2118,56108,0.035136,0.03172,-1.029192,0.041668,-0.052085,-1.333376,-3.15,1.54,2.87,54.296875,98324,54.67,252.897323608,5.156,57 4c 01 6f 00 00 08 46 00 00 db 2c 00 48 00 41 f7 c3 00 04 ff fb ff 80 ff d3 00 16 00 29 1d 4c 00 01 80 14 00 00 15 5b 43 7c e5 b7 00 00 14 24
2119,101712,WL,flash_sample,48,56.128,1,111,1,1,1,1,0,1,1,0,2119,56128,0.036112,0.030256,-1.02968,0.041668,-0.010417,-1.35421,-3.22,1.54,2.87,54.24609375,98324,54.73,252.897323608,5.124,57 4c 01 6f 00 00 08 47 00 00 db 40 00 4a 00 3e f7 c2 00 04 ff ff ff 7e ff d2 00 16 00 29 1d 3f 00 01 80 14 00 00 15 61 43 7c e5 b7 00 00 14 04
2120,101760,WL,flash_sample,48,56.149,1,111,1,1,1,1,0,1,1,0,2120,56149,0.035624,0.03172,-1.029192,0.062502,-0.020834,-1.364627,-3.15,1.54,2.87,54.28125,98328,54.79,252.556472778,5.124,57 4c 01 6f 00 00 08 48 00 00 db 55 00 49 00 41 f7 c3 00 06 ff fe ff 7d ff d3 00 16 00 29 1d 48 00 01 80 18 00 00 15 67 43 7c 8e 75 00 00 14 04
2121,101808,WL,flash_sample,48,56.168,1,103,1,1,1,0,0,1,1,0,2121,56168,0.036112,0.031232,-1.028704,0.041668,0.010417,-1.343793,-3.22,1.61,2.94,54.28125,98326,54.84,252.728210449,5.124,57 4c 01 67 00 00 08 49 00 00 db 68 00 4a 00 40 f7 c4 00 04 00 01 ff 7f ff d2 00 17 00 2a 1d 48 00 01 80 16 00 00 15 6c 43 7c ba 6c 00 00 14 04
2122,101856,WL,flash_sample,48,56.188,1,103,1,1,1,0,0,1,1,0,2122,56188,0.036112,0.03172,-1.02968,0.020834,0.010417,-1.35421,-3.15,1.61,2.87,54.2734375,98332,54.89,252.215606689,5.124,57 4c 01 67 00 00 08 4a 00 00 db 7c 00 4a 00 41 f7 c2 00 02 00 01 ff 7e ff d3 00 17 00 29 1d 46 00 01 80 1c 00 00 15 71 43 7c 37 32 00 00 14 04
2123,101904,WL,flash_sample,48,56.208,1,103,1,1,1,0,0,1,1,0,2123,56208,0.035624,0.03172,-1.030656,0.052085,-0.020834,-1.343793,-3.22,1.54,2.8,54.2734375,98332,54.94,252.215606689,5.124,57 4c 01 67 00 00 08 4b 00 00 db 90 00 49 00 41 f7 c0 00 05 ff fe ff 7f ff d2 00 16 00 28 1d 46 00 01 80 1c 00 00 15 76 43 7c 37 32 00 00 14 04
2124,101952,WL,flash_sample,48,56.228,1,103,1,1,1,0,0,1,1,0,2124,56228,0.035624,0.03172,-1.030656,0.052085,-0.020834,-1.343793,-3.22,1.54,2.8,54.2734375,98332,54.94,252.215606689,5.124,57 4c 01 67 00 00 08 4c 00 00 db a4 00 49 00 41 f7 c0 00 05 ff fe ff 7f ff d2 00 16 00 28 1d 46 00 01 80 1c 00 00 15 76 43 7c 37 32 00 00 14 04
2125,102000,WL,flash_sample,48,56.248,1,102,0,1,1,0,0,1,1,0,2125,56248,0.035624,0.03172,-1.030656,0.052085,-0.020834,-1.343793,-3.22,1.54,2.8,54.2734375,98332,54.94,252.215606689,5.124,57 4c 01 66 00 00 08 4d 00 00 db b8 00 49 00 41 f7 c0 00 05 ff fe ff 7f ff d2 00 16 00 28 1d 46 00 01 80 1c 00 00 15 76 43 7c 37 32 00 00 14 04
2126,102048,WL,flash_sample,48,56.268,1,102,0,1,1,0,0,1,1,0,2126,56268,0.035624,0.03172,-1.030656,0.052085,-0.020834,-1.343793,-3.22,1.54,2.8,54.2734375,98332,54.94,252.215606689,5.124,57 4c 01 66 00 00 08 4e 00 00 db cc 00 49 00 41 f7 c0 00 05 ff fe ff 7f ff d2 00 16 00 28 1d 46 00 01 80 1c 00 00 15 76 43 7c 37 32 00 00 14 04
2127,102096,WL,flash_sample,48,56.291,1,64,0,0,0,0,0,0,1,0,2127,56291,0.035624,0.03172,-1.029192,0.052085,-0.020834,-1.343793,-0.21,-0.35,0.07,54.3046875,98332,54.94,252.215606689,5.128,57 4c 01 40 00 00 08 4f 00 00 db e3 00 49 00 41 f7 c3 00 05 ff fe ff 7f ff fd ff fb 00 01 1d 4e 00 01 80 1c 00 00 15 76 43 7c 37 32 00 00 14 08
2128,102144,WL,flash_sample,48,56.308,1,102,0,1,1,0,0,1,1,0,2128,56308,0.035136,0.03172,-1.028704,0.020834,-0.020834,-1.333376,-1.12,-0.63,1.96,54.3046875,98368,54.99,249.145294189,5.128,57 4c 01 66 00 00 08 50 00 00 db f4 00 48 00 41 f7 c4 00 02 ff fe ff 80 ff f0 ff f7 00 1c 1d 4e 00 01 80 40 00 00 15 7b 43 79 25 32 00 00 14 08
2129,102192,WL,flash_sample,48,56.328,1,110,0,1,1,1,0,1,1,0,2129,56328,0.035624,0.031232,-1.02968,0.041668,-0.020834,-1.343793,-2.59,0.49,3.43,54.296875,98331,54.84,252.300170898,5.136,57 4c 01 6e 00 00 08 51 00 00 dc 08 00 49 00 40 f7 c2 00 04 ff fe ff 7f ff db 00 07 00 31 1d 4c 00 01 80 1b 00 00 15 6c 43 7c 4c d8 00 00 14 10
2130,102240,WL,flash_sample,48,56.348,1,110,0,1,1,1,0,1,1,0,2130,56348,0.036112,0.03172,-1.029192,0.031251,0.041668,-1.312542,-3.22,1.54,2.87,54.2890625,98328,54.88,252.556472778,5.136,57 4c 01 6e 00 00 08 52 00 00 dc 1c 00 4a 00 41 f7 c3 00 03 00 04 ff 82 ff d2 00 16 00 29 1d 4a 00 01 80 18 00 00 15 70 43 7c 8e 75 00 00 14 10
2131,102288,WL,flash_sample,48,56.368,1,110,0,1,1,1,0,1,1,0,2131,56368,0.036112,0.031232,-1.030168,0.020834,-0.020834,-1.375044,-3.15,1.61,2.8,54.24609375,98335,54.93,251.959320068,5.136,57 4c 01 6e 00 00 08 53 00 00 dc 30 00 4a 00 40 f7 c1 00 02 ff fe ff 7c ff d3 00 17 00 28 1d 3f 00 01 80 1f 00 00 15 75 43 7b f5 96 00 00 14 10
2132,102336,WL,flash_sample,48,56.389,1,110,0,1,1,1,0,1,1,0,2132,56389,0.035624,0.03172,-1.02968,0.020834,-0.020834,-1.333376,-3.22,1.54,2.87,54.28125,98332,54.97,252.215606689,5.136,57 4c 01 6e 00 00 08 54 00 00 dc 45 00 49 00 41 f7 c2 00 02 ff fe ff 80 ff d2 00 16 00 29 1d 48 00 01 80 1c 00 00 15 79 43 7c 37 32 00 00 14 10
2133,102384,WL,flash_sample,48,56.408,1,102,0,1,1,0,0,1,1,0,2133,56408,0.035136,0.03172,-1.030656,0.052085,0.0,-1.312542,-3.22,1.54,2.87,54.24609375,98330,55.01,252.384719849,5.136,57 4c 01 66 00 00 08 55 00 00 dc 58 00 48 00 41 f7 c0 00 05 00 00 ff 82 ff d2 00 16 00 29 1d 3f 00 01 80 1a 00 00 15 7d 43 7c 62 7d 00 00 14 10
2134,102432,WL,flash_sample,48,56.428,1,102,0,1,1,0,0,1,1,0,2134,56428,0.035624,0.03172,-1.029192,0.010417,-0.020834,-1.364627,-3.22,1.47,2.94,54.296875,98331,55.05,252.300170898,5.136,57 4c 01 66 00 00 08 56 00 00 dc 6c 00 49 00 41 f7 c3 00 01 ff fe ff 7d ff d2 00 15 00 2a 1d 4c 00 01 80 1b 00 00 15 81 43 7c 4c d8 00 00 14 10
2135,102480,WL,flash_sample,48,56.448,1,110,0,1,1,1,0,1,1,0,2135,56448,0.036112,0.03172,-1.030168,0.062502,-0.010417,-1.343793,-3.15,1.54,2.87,54.32421875,98336,55.09,251.874755859,5.136,57 4c 01 6e 00 00 08 57 00 00 dc 80 00 4a 00 41 f7 c1 00 06 ff ff ff 7f ff d3 00 16 00 29 1d 53 00 01 80 20 00 00 15 85 43 7b df f0 00 00 14 10
2136,102528,WL,flash_sample,48,56.468,1,102,0,1,1,0,0,1,1,0,2136,56468,0.035136,0.031232,-1.030168,0.072919,-0.041668,-1.364627,-3.22,1.54,2.87,54.32421875,98336,55.12,251.874755859,5.136,57 4c 01 66 00 00 08 58 00 00 dc 94 00 48 00 40 f7 c1 00 07 ff fc ff 7d ff d2 00 16 00 29 1d 53 00 01 80 20 00 00 15 88 43 7b df f0 00 00 14 10
2137,102576,WL,flash_sample,48,56.488,1,102,0,1,1,0,0,1,1,0,2137,56488,0.035136,0.031232,-1.030168,0.072919,-0.041668,-1.364627,-3.22,1.54,2.87,54.32421875,98336,55.12,251.874755859,5.136,57 4c 01 66 00 00 08 59 00 00 dc a8 00 48 00 40 f7 c1 00 07 ff fc ff 7d ff d2 00 16 00 29 1d 53 00 01 80 20 00 00 15 88 43 7b df f0 00 00 14 10
2138,102624,WL,flash_sample,48,56.508,1,102,0,1,1,0,0,1,1,0,2138,56508,0.035136,0.031232,-1.030168,0.072919,-0.041668,-1.364627,-3.22,1.54,2.87,54.32421875,98336,55.12,251.874755859,5.136,57 4c 01 66 00 00 08 5a 00 00 dc bc 00 48 00 40 f7 c1 00 07 ff fc ff 7d ff d2 00 16 00 29 1d 53 00 01 80 20 00 00 15 88 43 7b df f0 00 00 14 10
2139,102672,WL,flash_sample,48,56.528,1,102,0,1,1,0,0,1,1,0,2139,56528,0.035136,0.031232,-1.030168,0.072919,-0.041668,-1.364627,-3.22,1.54,2.87,54.32421875,98336,55.12,251.874755859,5.136,57 4c 01 66 00 00 08 5b 00 00 dc d0 00 48 00 40 f7 c1 00 07 ff fc ff 7d ff d2 00 16 00 29 1d 53 00 01 80 20 00 00 15 88 43 7b df f0 00 00 14 10
2140,102720,WL,flash_sample,48,56.548,1,102,0,1,1,0,0,1,1,0,2140,56548,0.035624,0.03172,-1.028216,0.020834,-0.010417,-1.35421,-0.42,-1.05,1.12,54.3046875,98379,55.16,248.207290649,5.144,57 4c 01 66 00 00 08 5c 00 00 dc e4 00 49 00 41 f7 c5 00 02 ff ff ff 7e ff fa ff f1 00 10 1d 4e 00 01 80 4b 00 00 15 8c 43 78 35 11 00 00 14 18
2141,102768,WL,flash_sample,48,56.568,1,110,0,1,1,1,0,1,1,0,2141,56568,0.035136,0.032208,-1.028704,0.052085,-0.020834,-1.364627,-2.03,0.0,2.87,54.28125,98335,54.96,251.959320068,5.144,57 4c 01 6e 00 00 08 5d 00 00 dc f8 00 48 00 42 f7 c4 00 05 ff fe ff 7d ff e3 00 00 00 29 1d 48 00 01 80 1f 00 00 15 78 43 7b f5 96 00 00 14 18
2142,102816,WL,flash_sample,48,56.588,1,110,0,1,1,1,0,1,1,0,2142,56588,0.035136,0.03172,-1.030168,0.020834,-0.010417,-1.375044,-3.01,1.12,3.29,54.2578125,98334,55.0,252.043869019,5.144,57 4c 01 6e 00 00 08 5e 00 00 dd 0c 00 48 00 41 f7 c1 00 02 ff ff ff 7c ff d5 00 10 00 2f 1d 42 00 01 80 1e 00 00 15 7c 43 7c 0b 3b 00 00 14 18
2143,102864,WL,flash_sample,48,56.608,1,110,0,1,1,1,0,1,1,0,2143,56608,0.035624,0.03172,-1.02968,0.0,-0.020834,-1.322959,-3.22,1.61,2.87,54.3125,98332,55.04,252.215606689,5.144,57 4c 01 6e 00 00 08 5f 00 00 dd 20 00 49 00 41 f7 c2 00 00 ff fe ff 81 ff d2 00 17 00 29 1d 50 00 01 80 1c 00 00 15 80 43 7c 37 32 00 00 14 18
2144,102912,WL,flash_sample,48,56.628,1,110,0,1,1,1,0,1,1,0,2144,56628,0.035624,0.03172,-1.02968,0.020834,0.010417,-1.35421,-3.22,1.61,2.87,54.32421875,98335,55.07,251.959320068,5.124,57 4c 01 6e 00 00 08 60 00 00 dd 34 00 49 00 41 f7 c2 00 02 00 01 ff 7e ff d2 00 17 00 29 1d 53 00 01 80 1f 00 00 15 83 43 7b f5 96 00 00 14 04
2145,102960,WL,flash_sample,48,56.648,1,102,0,1,1,0,0,1,1,0,2145,56648,0.035624,0.031232,-1.030168,0.031251,-0.020834,-1.375044,-3.15,1.54,2.94,54.2890625,98336,55.11,251.874755859,5.124,57 4c 01 66 00 00 08 61 00 00 dd 48 00 49 00 40 f7 c1 00 03 ff fe ff 7c ff d3 00 16 00 2a 1d 4a 00 01 80 20 00 00 15 87 43 7b df f0 00 00 14 04
2146,103008,WL,flash_sample,48,56.668,1,102,0,1,1,0,0,1,1,0,2146,56668,0.035624,0.030744,-1.029192,0.031251,-0.062502,-1.322959,-3.22,1.54,2.87,54.28125,98337,55.14,251.787567139,5.124,57 4c 01 66 00 00 08 62 00 00 dd 5c 00 49 00 3f f7 c3 00 03 ff fa ff 81 ff d2 00 16 00 29 1d 48 00 01 80 21 00 00 15 8a 43 7b c9 9e 00 00 14 04
2147,103056,WL,flash_sample,48,56.688,1,110,0,1,1,1,0,1,1,0,2147,56688,0.035624,0.032208,-1.030656,0.010417,-0.052085,-1.333376,-3.29,1.54,2.87,54.2890625,98334,55.17,252.043869019,5.124,57 4c 01 6e 00 00 08 63 00 00 dd 70 00 49 00 42 f7 c0 00 01 ff fb ff 80 ff d1 00 16 00 29 1d 4a 00 01 80 1e 00 00 15 8d 43 7c 0b 3b 00 00 14 04
2148,103104,WL,flash_sample,48,56.708,1,110,0,1,1,1,0,1,1,0,2148,56708,0.036112,0.031232,-1.029192,0.020834,-0.020834,-1.35421,-3.22,1.54,2.87,54.265625,98341,55.2,251.446716309,5.124,57 4c 01 6e 00 00 08 64 00 00 dd 84 00 4a 00 40 f7 c3 00 02 ff fe ff 7e ff d2 00 16 00 29 1d 44 00 01 80 25 00 00 15 90 43 7b 72 5c 00 00 14 04
2149,103152,WL,flash_sample,48,56.728,1,110,0,1,1,1,0,1,1,0,2149,56728,0.036112,0.031232,-1.029192,0.020834,-0.020834,-1.35421,-3.22,1.54,2.87,54.265625,98341,55.2,251.446716309,5.124,57 4c 01 6e 00 00 08 65 00 00 dd 98 00 4a 00 40 f7 c3 00 02 ff fe ff 7e ff d2 00 16 00 29 1d 44 00 01 80 25 00 00 15 90 43 7b 72 5c 00 00 14 04
2150,103200,WL,flash_sample,48,56.748,1,110,0,1,1,1,0,1,1,0,2150,56748,0.036112,0.031232,-1.029192,0.020834,-0.020834,-1.35421,-3.22,1.54,2.87,54.265625,98341,55.2,251.446716309,5.124,57 4c 01 6e 00 00 08 66 00 00 dd ac 00 4a 00 40 f7 c3 00 02 ff fe ff 7e ff d2 00 16 00 29 1d 44 00 01 80 25 00 00 15 90 43 7b 72 5c 00 00 14 04
2151,103248,WL,flash_sample,48,56.768,1,110,0,1,1,1,0,1,1,0,2151,56768,0.036112,0.031232,-1.029192,0.020834,-0.020834,-1.35421,-3.22,1.54,2.87,54.265625,98341,55.2,251.446716309,5.124,57 4c 01 6e 00 00 08 67 00 00 dd c0 00 4a 00 40 f7 c3 00 02 ff fe ff 7e ff d2 00 16 00 29 1d 44 00 01 80 25 00 00 15 90 43 7b 72 5c 00 00 14 04
2152,103296,WL,flash_sample,48,56.79,1,110,0,1,1,1,0,1,1,0,2152,56790,0.036112,0.03172,-1.028704,0.052085,-0.010417,-1.343793,-0.21,0.07,-0.35,54.24609375,98341,55.2,251.446716309,5.124,57 4c 01 6e 00 00 08 68 00 00 dd d6 00 4a 00 41 f7 c4 00 05 ff ff ff 7f ff fd 00 01 ff fb 1d 3f 00 01 80 25 00 00 15 90 43 7b 72 5c 00 00 14 04
2153,103344,WL,flash_sample,48,56.808,1,110,0,1,1,1,0,1,1,0,2153,56808,0.036112,0.03172,-1.028704,0.052085,-0.010417,-1.343793,-0.21,0.07,-0.35,54.24609375,98341,55.2,251.446716309,5.124,57 4c 01 6e 00 00 08 69 00 00 dd e8 00 4a 00 41 f7 c4 00 05 ff ff ff 7f ff fd 00 01 ff fb 1d 3f 00 01 80 25 00 00 15 90 43 7b 72 5c 00 00 14 04
2154,103392,WL,flash_sample,48,56.828,1,110,0,1,1,1,0,1,1,0,2154,56828,0.036112,0.03172,-1.028704,0.052085,-0.010417,-1.343793,-0.21,0.07,-0.35,54.24609375,98341,55.2,251.446716309,5.124,57 4c 01 6e 00 00 08 6a 00 00 dd fc 00 4a 00 41 f7 c4 00 05 ff ff ff 7f ff fd 00 01 ff fb 1d 3f 00 01 80 25 00 00 15 90 43 7b 72 5c 00 00 14 04
2155,103440,WL,flash_sample,48,56.848,1,110,0,1,1,1,0,1,1,0,2155,56848,0.036112,0.03172,-1.028704,0.052085,-0.010417,-1.343793,-0.21,0.07,-0.35,54.24609375,98341,55.2,251.446716309,5.124,57 4c 01 6e 00 00 08 6b 00 00 de 10 00 4a 00 41 f7 c4 00 05 ff ff ff 7f ff fd 00 01 ff fb 1d 3f 00 01 80 25 00 00 15 90 43 7b 72 5c 00 00 14 04
2156,103488,WL,flash_sample,48,56.868,1,110,0,1,1,1,0,1,1,0,2156,56868,0.036112,0.03172,-1.028704,0.052085,-0.010417,-1.343793,-0.21,0.07,-0.35,54.24609375,98341,55.2,251.446716309,5.124,57 4c 01 6e 00 00 08 6c 00 00 de 24 00 4a 00 41 f7 c4 00 05 ff ff ff 7f ff fd 00 01 ff fb 1d 3f 00 01 80 25 00 00 15 90 43 7b 72 5c 00 00 14 04
2157,103536,WL,flash_sample,48,56.888,1,110,0,1,1,1,0,1,1,0,2157,56888,0.036112,0.03172,-1.028704,0.052085,-0.010417,-1.343793,-0.21,0.07,-0.35,54.24609375,98341,55.2,251.446716309,5.124,57 4c 01 6e 00 00 08 6d 00 00 de 38 00 4a 00 41 f7 c4 00 05 ff ff ff 7f ff fd 00 01 ff fb 1d 3f 00 01 80 25 00 00 15 90 43 7b 72 5c 00 00 14 04
2158,103584,WL,flash_sample,48,56.908,1,110,0,1,1,1,0,1,1,0,2158,56908,0.036112,0.03172,-1.028704,0.052085,-0.010417,-1.343793,-0.21,0.07,-0.35,54.24609375,98341,55.2,251.446716309,5.124,57 4c 01 6e 00 00 08 6e 00 00 de 4c 00 4a 00 41 f7 c4 00 05 ff ff ff 7f ff fd 00 01 ff fb 1d 3f 00 01 80 25 00 00 15 90 43 7b 72 5c 00 00 14 04
2159,103632,WL,flash_sample,48,56.928,1,110,0,1,1,1,0,1,1,0,2159,56928,0.036112,0.032208,-1.028704,0.052085,0.0,-1.343793,-0.14,0.07,-0.35,54.296875,98385,55.23,247.69468689,5.124,57 4c 01 6e 00 00 08 6f 00 00 de 60 00 4a 00 42 f7 c4 00 05 00 00 ff 7f ff fe 00 01 ff fb 1d 4c 00 01 80 51 00 00 15 93 43 77 b1 d7 00 00 14 04
2160,103680,WL,flash_sample,48,56.948,1,110,0,1,1,1,0,1,1,0,2160,56948,0.036112,0.032208,-1.028704,0.052085,0.0,-1.343793,-0.14,0.07,-0.35,54.296875,98385,55.23,247.69468689,5.124,57 4c 01 6e 00 00 08 70 00 00 de 74 00 4a 00 42 f7 c4 00 05 00 00 ff 7f ff fe 00 01 ff fb 1d 4c 00 01 80 51 00 00 15 93 43 77 b1 d7 00 00 14 04
2161,103728,WL,flash_sample,48,56.969,1,110,0,1,1,1,0,1,1,0,2161,56969,0.035624,0.03172,-1.028216,0.010417,-0.020834,-1.302125,-0.21,0.07,-0.35,54.265625,98385,55.23,247.69468689,5.124,57 4c 01 6e 00 00 08 71 00 00 de 89 00 49 00 41 f7 c5 00 01 ff fe ff 83 ff fd 00 01 ff fb 1d 44 00 01 80 51 00 00 15 93 43 77 b1 d7 00 00 14 04
2162,103776,WL,flash_sample,48,56.988,1,110,0,1,1,1,0,1,1,0,2162,56988,0.035624,0.03172,-1.028216,0.010417,-0.020834,-1.302125,-0.21,0.07,-0.35,54.265625,98385,55.23,247.69468689,5.124,57 4c 01 6e 00 00 08 72 00 00 de 9c 00 49 00 41 f7 c5 00 01 ff fe ff 83 ff fd 00 01 ff fb 1d 44 00 01 80 51 00 00 15 93 43 77 b1 d7 00 00 14 04
2163,103824,WL,flash_sample,48,57.008,1,110,0,1,1,1,0,1,1,0,2163,57008,0.035624,0.03172,-1.028216,0.010417,-0.020834,-1.302125,-0.21,0.07,-0.35,54.265625,98385,55.23,247.69468689,5.124,57 4c 01 6e 00 00 08 73 00 00 de b0 00 49 00 41 f7 c5 00 01 ff fe ff 83 ff fd 00 01 ff fb 1d 44 00 01 80 51 00 00 15 93 43 77 b1 d7 00 00 14 04
2164,103872,WL,flash_sample,48,57.028,1,110,0,1,1,1,0,1,1,0,2164,57028,0.035624,0.03172,-1.028216,0.010417,-0.020834,-1.302125,-0.21,0.07,-0.35,54.265625,98385,55.23,247.69468689,5.124,57 4c 01 6e 00 00 08 74 00 00 de c4 00 49 00 41 f7 c5 00 01 ff fe ff 83 ff fd 00 01 ff fb 1d 44 00 01 80 51 00 00 15 93 43 77 b1 d7 00 00 14 04
2165,103920,WL,flash_sample,48,57.053,1,64,0,0,0,0,0,0,1,0,2165,57053,0.035624,0.03172,-1.02724,0.062502,-0.020834,-1.35421,-0.21,-0.42,0.14,54.2890625,98343,54.69,251.277603149,5.148,57 4c 01 40 00 00 08 75 00 00 de dd 00 49 00 41 f7 c7 00 06 ff fe ff 7e ff fd ff fa 00 02 1d 4a 00 01 80 27 00 00 15 5d 43 7b 47 11 00 00 14 1c
2166,103968,WL,flash_sample,48,57.068,1,110,0,1,1,1,0,1,1,0,2166,57068,0.035624,0.031232,-1.028216,0.052085,-0.010417,-1.343793,-1.19,-0.56,1.96,54.2734375,98315,54.54,253.666213989,5.128,57 4c 01 6e 00 00 08 76 00 00 de ec 00 49 00 40 f7 c5 00 05 ff ff ff 7f ff ef ff f8 00 1c 1d 46 00 01 80 0b 00 00 15 4e 43 7d aa 8d 00 00 14 08
2167,104016,WL,flash_sample,48,57.088,1,110,0,1,1,1,0,1,1,0,2167,57088,0.036112,0.031232,-1.029192,0.083336,-0.031251,-1.35421,-2.17,0.21,3.01,54.265625,98320,54.61,253.238174438,5.128,57 4c 01 6e 00 00 08 77 00 00 df 00 00 4a 00 40 f7 c3 00 08 ff fd ff 7e ff e1 00 03 00 2b 1d 44 00 01 80 10 00 00 15 55 43 7d 3c f9 00 00 14 08
2168,104064,WL,flash_sample,48,57.108,1,102,0,1,1,0,0,1,1,0,2168,57108,0.036112,0.031232,-1.02968,0.041668,-0.020834,-1.35421,-3.15,1.54,2.8,54.28125,98327,54.69,252.641021729,5.128,57 4c 01 66 00 00 08 78 00 00 df 14 00 4a 00 40 f7 c2 00 04 ff fe ff 7e ff d3 00 16 00 28 1d 48 00 01 80 17 00 00 15 5d 43 7c a4 1a 00 00 14 08
2169,104112,WL,flash_sample,48,57.128,1,102,0,1,1,0,0,1,1,0,2169,57128,0.034648,0.03172,-1.02968,0.052085,0.010417,-1.322959,-3.22,1.47,2.87,54.2734375,98326,54.75,252.728210449,5.132,57 4c 01 66 00 00 08 79 00 00 df 28 00 47 00 41 f7 c2 00 05 00 01 ff 81 ff d2 00 15 00 29 1d 46 00 01 80 16 00 00 15 63 43 7c ba 6c 00 00 14 0c
2170,104160,WL,flash_sample,48,57.149,1,102,0,1,1,0,0,1,1,0,2170,57149,0.035136,0.03172,-1.030656,0.010417,-0.020834,-1.343793,-3.15,1.54,2.87,54.296875,98325,54.81,252.812774658,5.132,57 4c 01 66 00 00 08 7a 00 00 df 3d 00 48 00 41 f7 c0 00 01 ff fe ff 7f ff d3 00 16 00 29 1d 4c 00 01 80 15 00 00 15 69 43 7c d0 12 00 00 14 0c
2171,104208,WL,flash_sample,48,57.168,1,110,0,1,1,1,0,1,1,0,2171,57168,0.035624,0.032208,-1.02968,0.020834,-0.062502,-1.35421,-3.22,1.54,2.87,54.3046875,98327,54.86,252.641021729,5.132,57 4c 01 6e 00 00 08 7b 00 00 df 50 00 49 00 42 f7 c2 00 02 ff fa ff 7e ff d2 00 16 00 29 1d 4e 00 01 80 17 00 00 15 6e 43 7c a4 1a 00 00 14 0c
2172,104256,WL,flash_sample,48,57.188,1,110,0,1,1,1,0,1,1,0,2172,57188,0.035624,0.030744,-1.02968,-0.010417,0.010417,-1.333376,-3.15,1.54,2.87,54.3046875,98331,54.92,252.300170898,5.132,57 4c 01 6e 00 00 08 7c 00 00 df 64 00 49 00 3f f7 c2 ff ff 00 01 ff 80 ff d3 00 16 00 29 1d 4e 00 01 80 1b 00 00 15 74 43 7c 4c d8 00 00 14 0c
2173,104304,WL,flash_sample,48,57.208,1,110,0,1,1,1,0,1,1,0,2173,57208,0.035136,0.032208,-1.02968,0.052085,-0.010417,-1.322959,-3.15,1.54,2.87,54.3046875,98329,54.97,252.471908569,5.132,57 4c 01 6e 00 00 08 7d 00 00 df 78 00 48 00 42 f7 c2 00 05 ff ff ff 81 ff d3 00 16 00 29 1d 4e 00 01 80 19 00 00 15 79 43 7c 78 cf 00 00 14 0c
2174,104352,WL,flash_sample,48,57.228,1,110,0,1,1,1,0,1,1,0,2174,57228,0.035136,0.031232,-1.028704,0.062502,0.0,-1.333376,-3.15,1.61,2.87,54.3359375,98329,54.97,252.471908569,5.132,57 4c 01 6e 00 00 08 7e 00 00 df 8c 00 48 00 40 f7 c4 00 06 00 00 ff 80 ff d3 00 17 00 29 1d 56 00 01 80 19 00 00 15 79 43 7c 78 cf 00 00 14 0c
2175,104400,WL,flash_sample,48,57.248,1,111,1,1,1,1,0,1,1,0,2175,57248,0.035136,0.031232,-1.028704,0.062502,0.0,-1.333376,-3.15,1.61,2.87,54.3359375,98329,54.97,252.471908569,5.132,57 4c 01 6f 00 00 08 7f 00 00 df a0 00 48 00 40 f7 c4 00 06 00 00 ff 80 ff d3 00 17 00 29 1d 56 00 01 80 19 00 00 15 79 43 7c 78 cf 00 00 14 0c
2176,104448,WL,flash_sample,48,57.268,1,111,1,1,1,1,0,1,1,0,2176,57268,0.035136,0.031232,-1.028704,0.062502,0.0,-1.333376,-3.15,1.61,2.87,54.3359375,98329,54.97,252.471908569,5.132,57 4c 01 6f 00 00 08 80 00 00 df b4 00 48 00 40 f7 c4 00 06 00 00 ff 80 ff d3 00 17 00 29 1d 56 00 01 80 19 00 00 15 79 43 7c 78 cf 00 00 14 0c
2177,104496,WL,flash_sample,48,57.288,1,111,1,1,1,1,0,1,1,0,2177,57288,0.035136,0.031232,-1.028704,0.062502,0.0,-1.333376,-3.15,1.61,2.87,54.3359375,98329,54.97,252.471908569,5.132,57 4c 01 6f 00 00 08 81 00 00 df c8 00 48 00 40 f7 c4 00 06 00 00 ff 80 ff d3 00 17 00 29 1d 56 00 01 80 19 00 00 15 79 43 7c 78 cf 00 00 14 0c
2178,104544,WL,flash_sample,48,57.308,1,111,1,1,1,1,0,1,1,0,2178,57308,0.035136,0.032208,-1.02968,0.041668,-0.020834,-1.343793,-0.42,-1.12,1.19,54.32421875,98331,55.01,252.300170898,5.132,57 4c 01 6f 00 00 08 82 00 00 df dc 00 48 00 42 f7 c2 00 04 ff fe ff 7f ff fa ff f0 00 11 1d 53 00 01 80 1b 00 00 15 7d 43 7c 4c d8 00 00 14 0c
2179,104592,WL,flash_sample,48,57.328,1,111,1,1,1,1,0,1,1,0,2179,57328,0.036112,0.031232,-1.02968,0.052085,0.0,-1.333376,-2.1,0.07,2.87,54.32421875,98331,54.84,252.300170898,5.144,57 4c 01 6f 00 00 08 83 00 00 df f0 00 4a 00 40 f7 c2 00 05 00 00 ff 80 ff e2 00 01 00 29 1d 53 00 01 80 1b 00 00 15 6c 43 7c 4c d8 00 00 14 18
2180,104640,WL,flash_sample,48,57.348,1,103,1,1,1,0,0,1,1,0,2180,57348,0.036112,0.031232,-1.02968,0.041668,-0.020834,-1.322959,-3.08,1.19,3.22,54.33203125,98330,54.9,252.384719849,5.144,57 4c 01 67 00 00 08 84 00 00 e0 04 00 4a 00 40 f7 c2 00 04 ff fe ff 81 ff d4 00 11 00 2e 1d 55 00 01 80 1a 00 00 15 72 43 7c 62 7d 00 00 14 18
2181,104688,WL,flash_sample,48,57.368,1,103,1,1,1,0,0,1,1,0,2181,57368,0.035624,0.030744,-1.029192,0.052085,0.020834,-1.333376,-3.15,1.54,2.87,54.3125,98332,54.95,252.215606689,5.144,57 4c 01 67 00 00 08 85 00 00 e0 18 00 49 00 3f f7 c3 00 05 00 02 ff 80 ff d3 00 16 00 29 1d 50 00 01 80 1c 00 00 15 77 43 7c 37 32 00 00 14 18
2182,104736,WL,flash_sample,48,57.388,1,111,1,1,1,1,0,1,1,0,2182,57388,0.035624,0.031232,-1.02968,0.041668,-0.010417,-1.322959,-3.22,1.54,2.94,54.34375,98333,55.0,252.131057739,5.144,57 4c 01 6f 00 00 08 86 00 00 e0 2c 00 49 00 40 f7 c2 00 04 ff ff ff 81 ff d2 00 16 00 2a 1d 58 00 01 80 1d 00 00 15 7c 43 7c 21 8d 00 00 14 18
2183,104784,WL,flash_sample,48,57.408,1,111,1,1,1,1,0,1,1,0,2183,57408,0.035136,0.030744,-1.030168,-0.010417,-0.052085,-1.322959,-3.22,1.54,2.87,54.33203125,98333,55.04,252.131057739,5.144,57 4c 01 6f 00 00 08 87 00 00 e0 40 00 48 00 3f f7 c1 ff ff ff fb ff 81 ff d2 00 16 00 29 1d 55 00 01 80 1d 00 00 15 80 43 7c 21 8d 00 00 14 18
2184,104832,WL,flash_sample,48,57.428,1,111,1,1,1,1,0,1,1,0,2184,57428,0.036112,0.032208,-1.030168,0.062502,-0.010417,-1.364627,-3.15,1.54,2.94,54.35546875,98333,55.08,252.131057739,5.124,57 4c 01 6f 00 00 08 88 00 00 e0 54 00 4a 00 42 f7 c1 00 06 ff ff ff 7d ff d3 00 16 00 2a 1d 5b 00 01 80 1d 00 00 15 84 43 7c 21 8d 00 00 14 04
2185,104880,WL,flash_sample,48,57.448,1,111,1,1,1,1,0,1,1,0,2185,57448,0.036112,0.03172,-1.029192,0.052085,-0.020834,-1.322959,-3.15,1.54,2.87,54.328125,98331,55.11,252.300170898,5.124,57 4c 01 6f 00 00 08 89 00 00 e0 68 00 4a 00 41 f7 c3 00 05 ff fe ff 81 ff d3 00 16 00 29 1d 54 00 01 80 1b 00 00 15 87 43 7c 4c d8 00 00 14 04
2186,104928,WL,flash_sample,48,57.468,1,103,1,1,1,0,0,1,1,0,2186,57468,0.035624,0.03172,-1.02968,0.031251,0.010417,-1.343793,-3.22,1.54,2.87,54.32421875,98337,55.15,251.787567139,5.124,57 4c 01 67 00 00 08 8a 00 00 e0 7c 00 49 00 41 f7 c2 00 03 00 01 ff 7f ff d2 00 16 00 29 1d 53 00 01 80 21 00 00 15 8b 43 7b c9 9e 00 00 14 04
2187,104976,WL,flash_sample,48,57.488,1,103,1,1,1,0,0,1,1,0,2187,57488,0.035624,0.03172,-1.02968,0.031251,0.010417,-1.343793,-3.22,1.54,2.87,54.32421875,98337,55.15,251.787567139,5.124,57 4c 01 67 00 00 08 8b 00 00 e0 90 00 49 00 41 f7 c2 00 03 00 01 ff 7f ff d2 00 16 00 29 1d 53 00 01 80 21 00 00 15 8b 43 7b c9 9e 00 00 14 04
2188,105024,WL,flash_sample,48,57.508,1,103,1,1,1,0,0,1,1,0,2188,57508,0.035624,0.03172,-1.02968,0.031251,0.010417,-1.343793,-3.22,1.54,2.87,54.32421875,98337,55.15,251.787567139,5.124,57 4c 01 67 00 00 08 8c 00 00 e0 a4 00 49 00 41 f7 c2 00 03 00 01 ff 7f ff d2 00 16 00 29 1d 53 00 01 80 21 00 00 15 8b 43 7b c9 9e 00 00 14 04
2189,105072,WL,flash_sample,48,57.528,1,103,1,1,1,0,0,1,1,0,2189,57528,0.035624,0.03172,-1.02968,0.031251,0.010417,-1.343793,-3.22,1.54,2.87,54.32421875,98337,55.15,251.787567139,5.124,57 4c 01 67 00 00 08 8d 00 00 e0 b8 00 49 00 41 f7 c2 00 03 00 01 ff 7f ff d2 00 16 00 29 1d 53 00 01 80 21 00 00 15 8b 43 7b c9 9e 00 00 14 04
2190,105120,WL,flash_sample,48,57.551,1,65,1,0,0,0,0,0,1,0,2190,57551,0.035136,0.031232,-1.028704,0.072919,-0.020834,-1.35421,-0.28,-0.98,0.84,54.34375,98340,55.18,251.533905029,5.14,57 4c 01 41 00 00 08 8e 00 00 e0 cf 00 48 00 40 f7 c4 00 07 ff fe ff 7e ff fc ff f2 00 0c 1d 58 00 01 80 24 00 00 15 8e 43 7b 88 ae 00 00 14 14
2191,105168,WL,flash_sample,48,57.568,1,111,1,1,1,1,0,1,1,0,2191,57568,0.035624,0.030744,-1.028704,0.052085,0.0,-1.364627,-1.4,-0.42,2.24,54.29296875,98332,54.97,252.215606689,5.14,57 4c 01 6f 00 00 08 8f 00 00 e0 e0 00 49 00 3f f7 c4 00 05 00 00 ff 7d ff ec ff fa 00 20 1d 4b 00 01 80 1c 00 00 15 79 43 7c 37 32 00 00 14 14
2192,105216,WL,flash_sample,48,57.588,1,103,1,1,1,0,0,1,1,0,2192,57588,0.035136,0.03172,-1.02968,0.031251,-0.041668,-1.385461,-2.38,0.35,3.22,54.32421875,98332,55.02,252.215606689,5.14,57 4c 01 67 00 00 08 90 00 00 e0 f4 00 48 00 41 f7 c2 00 03 ff fc ff 7b ff de 00 05 00 2e 1d 53 00 01 80 1c 00 00 15 7e 43 7c 37 32 00 00 14 14
2193,105264,WL,flash_sample,48,57.608,1,103,1,1,1,0,0,1,1,0,2193,57608,0.035136,0.031232,-1.029192,0.052085,-0.062502,-1.364627,-3.15,1.47,2.94,54.33203125,98334,55.06,252.043869019,5.14,57 4c 01 67 00 00 08 91 00 00 e1 08 00 48 00 40 f7 c3 00 05 ff fa ff 7d ff d3 00 15 00 2a 1d 55 00 01 80 1e 00 00 15 82 43 7c 0b 3b 00 00 14 14
2194,105312,WL,flash_sample,48,57.628,1,111,1,1,1,1,0,1,1,0,2194,57628,0.035624,0.03172,-1.02968,0.031251,-0.010417,-1.35421,-3.22,1.54,2.87,54.32421875,98336,55.1,251.874755859,5.132,57 4c 01 6f 00 00 08 92 00 00 e1 1c 00 49 00 41 f7 c2 00 03 ff ff ff 7e ff d2 00 16 00 29 1d 53 00 01 80 20 00 00 15 86 43 7b df f0 00 00 14 0c
2195,105360,WL,flash_sample,48,57.649,1,111,1,1,1,1,0,1,1,0,2195,57649,0.036112,0.03172,-1.029192,0.020834,-0.052085,-1.364627,-3.15,1.54,2.94,54.33203125,98332,55.14,252.215606689,5.132,57 4c 01 6f 00 00 08 93 00 00 e1 31 00 4a 00 41 f7 c3 00 02 ff fb ff 7d ff d3 00 16 00 2a 1d 55 00 01 80 1c 00 00 15 8a 43 7c 37 32 00 00 14 0c
2196,105408,WL,flash_sample,48,57.668,1,111,1,1,1,1,0,1,1,0,2196,57668,0.036112,0.031232,-1.029192,0.052085,0.010417,-1.35421,-3.22,1.54,2.87,54.3359375,98335,55.17,251.959320068,5.132,57 4c 01 6f 00 00 08 94 00 00 e1 44 00 4a 00 40 f7 c3 00 05 00 01 ff 7e ff d2 00 16 00 29 1d 56 00 01 80 1f 00 00 15 8d 43 7b f5 96 00 00 14 0c
2197,105456,WL,flash_sample,48,57.688,1,103,1,1,1,0,0,1,1,0,2197,57688,0.035624,0.03172,-1.030656,0.052085,0.010417,-1.343793,-3.22,1.61,2.94,54.34765625,98337,55.2,251.787567139,5.132,57 4c 01 67 00 00 08 95 00 00 e1 58 00 49 00 41 f7 c0 00 05 00 01 ff 7f ff d2 00 17 00 2a 1d 59 00 01 80 21 00 00 15 90 43 7b c9 9e 00 00 14 0c
2198,105504,WL,flash_sample,48,57.708,1,103,1,1,1,0,0,1,1,0,2198,57708,0.035624,0.03172,-1.028704,0.010417,-0.020834,-1.343793,-3.22,1.54,2.87,54.33984375,98335,55.23,251.959320068,5.132,57 4c 01 67 00 00 08 96 00 00 e1 6c 00 49 00 41 f7 c4 00 01 ff fe ff 7f ff d2 00 16 00 29 1d 57 00 01 80 1f 00 00 15 93 43 7b f5 96 00 00 14 0c
2199,105552,WL,flash_sample,48,57.728,1,111,1,1,1,1,0,1,1,0,2199,57728,0.036112,0.03172,-1.029192,0.031251,-0.062502,-1.343793,-3.22,1.61,2.87,54.3203125,98335,55.23,251.959320068,5.14,57 4c 01 6f 00 00 08 97 00 00 e1 80 00 4a 00 41 f7 c3 00 03 ff fa ff 7f ff d2 00 17 00 29 1d 52 00 01 80 1f 00 00 15 93 43 7b f5 96 00 00 14 14
2200,105600,WL,flash_sample,48,57.748,1,111,1,1,1,1,0,1,1,0,2200,57748,0.036112,0.03172,-1.029192,0.031251,-0.062502,-1.343793,-3.22,1.61,2.87,54.3203125,98335,55.23,251.959320068,5.14,57 4c 01 6f 00 00 08 98 00 00 e1 94 00 4a 00 41 f7 c3 00 03 ff fa ff 7f ff d2 00 17 00 29 1d 52 00 01 80 1f 00 00 15 93 43 7b f5 96 00 00 14 14
2201,105648,WL,flash_sample,48,57.768,1,111,1,1,1,1,0,1,1,0,2201,57768,0.036112,0.03172,-1.029192,0.031251,-0.062502,-1.343793,-3.22,1.61,2.87,54.3203125,98335,55.23,251.959320068,5.14,57 4c 01 6f 00 00 08 99 00 00 e1 a8 00 4a 00 41 f7 c3 00 03 ff fa ff 7f ff d2 00 17 00 29 1d 52 00 01 80 1f 00 00 15 93 43 7b f5 96 00 00 14 14
2202,105696,WL,flash_sample,48,57.788,1,111,1,1,1,1,0,1,1,0,2202,57788,0.036112,0.03172,-1.029192,0.031251,-0.062502,-1.343793,-3.22,1.61,2.87,54.3203125,98335,55.23,251.959320068,5.14,57 4c 01 6f 00 00 08 9a 00 00 e1 bc 00 4a 00 41 f7 c3 00 03 ff fa ff 7f ff d2 00 17 00 29 1d 52 00 01 80 1f 00 00 15 93 43 7b f5 96 00 00 14 14
2203,105744,WL,flash_sample,48,57.808,1,111,1,1,1,1,0,1,1,0,2203,57808,0.035624,0.03172,-1.027728,0.031251,-0.020834,-1.333376,-0.21,-0.7,0.42,54.34765625,98342,55.26,251.3621521,5.14,57 4c 01 6f 00 00 08 9b 00 00 e1 d0 00 49 00 41 f7 c6 00 03 ff fe ff 80 ff fd ff f6 00 06 1d 59 00 01 80 26 00 00 15 96 43 7b 5c b6 00 00 14 14
2204,105792,WL,flash_sample,48,57.828,1,111,1,1,1,1,0,1,1,0,2204,57828,0.035624,0.03172,-1.027728,0.031251,-0.020834,-1.333376,-0.21,-0.7,0.42,54.34765625,98342,55.26,251.3621521,5.14,57 4c 01 6f 00 00 08 9c 00 00 e1 e4 00 49 00 41 f7 c6 00 03 ff fe ff 80 ff fd ff f6 00 06 1d 59 00 01 80 26 00 00 15 96 43 7b 5c b6 00 00 14 14
2205,105840,WL,flash_sample,48,57.848,1,111,1,1,1,1,0,1,1,0,2205,57848,0.035624,0.03172,-1.027728,0.031251,-0.020834,-1.333376,-0.21,-0.7,0.42,54.34765625,98342,55.26,251.3621521,5.14,57 4c 01 6f 00 00 08 9d 00 00 e1 f8 00 49 00 41 f7 c6 00 03 ff fe ff 80 ff fd ff f6 00 06 1d 59 00 01 80 26 00 00 15 96 43 7b 5c b6 00 00 14 14
2206,105888,WL,flash_sample,48,57.868,1,111,1,1,1,1,0,1,1,0,2206,57868,0.035624,0.03172,-1.027728,0.031251,-0.020834,-1.333376,-0.21,-0.7,0.42,54.34765625,98342,55.26,251.3621521,5.14,57 4c 01 6f 00 00 08 9e 00 00 e2 0c 00 49 00 41 f7 c6 00 03 ff fe ff 80 ff fd ff f6 00 06 1d 59 00 01 80 26 00 00 15 96 43 7b 5c b6 00 00 14 14
2207,105936,WL,flash_sample,48,57.888,1,111,1,1,1,1,0,1,1,0,2207,57888,0.035624,0.03172,-1.027728,0.031251,-0.020834,-1.333376,-0.21,-0.7,0.42,54.34765625,98342,55.26,251.3621521,5.14,57 4c 01 6f 00 00 08 9f 00 00 e2 20 00 49 00 41 f7 c6 00 03 ff fe ff 80 ff fd ff f6 00 06 1d 59 00 01 80 26 00 00 15 96 43 7b 5c b6 00 00 14 14
2208,105984,WL,flash_sample,48,57.908,1,111,1,1,1,1,0,1,1,0,2208,57908,0.035624,0.03172,-1.027728,0.031251,-0.020834,-1.333376,-0.21,-0.7,0.42,54.34765625,98342,55.26,251.3621521,5.14,57 4c 01 6f 00 00 08 a0 00 00 e2 34 00 49 00 41 f7 c6 00 03 ff fe ff 80 ff fd ff f6 00 06 1d 59 00 01 80 26 00 00 15 96 43 7b 5c b6 00 00 14 14
2209,106032,WL,flash_sample,48,57.929,1,111,1,1,1,1,0,1,1,0,2209,57929,0.035624,0.032208,-1.029192,0.041668,0.010417,-1.343793,-0.21,0.07,-0.42,54.3359375,98342,55.26,251.3621521,5.14,57 4c 01 6f 00 00 08 a1 00 00 e2 49 00 49 00 42 f7 c3 00 04 00 01 ff 7f ff fd 00 01 ff fa 1d 56 00 01 80 26 00 00 15 96 43 7b 5c b6 00 00 14 14
2210,106080,WL,flash_sample,48,57.948,1,111,1,1,1,1,0,1,1,0,2210,57948,0.035624,0.032208,-1.029192,0.041668,0.010417,-1.343793,-0.21,0.07,-0.42,54.3359375,98342,55.26,251.3621521,5.14,57 4c 01 6f 00 00 08 a2 00 00 e2 5c 00 49 00 42 f7 c3 00 04 00 01 ff 7f ff fd 00 01 ff fa 1d 56 00 01 80 26 00 00 15 96 43 7b 5c b6 00 00 14 14
2211,106128,WL,flash_sample,48,57.968,1,111,1,1,1,1,0,1,1,0,2211,57968,0.035624,0.032208,-1.029192,0.041668,0.010417,-1.343793,-0.21,0.07,-0.42,54.3359375,98342,55.26,251.3621521,5.14,57 4c 01 6f 00 00 08 a3 00 00 e2 70 00 49 00 42 f7 c3 00 04 00 01 ff 7f ff fd 00 01 ff fa 1d 56 00 01 80 26 00 00 15 96 43 7b 5c b6 00 00 14 14
2212,106176,WL,flash_sample,48,57.988,1,111,1,1,1,1,0,1,1,0,2212,57988,0.035624,0.031232,-1.028216,0.072919,0.010417,-1.322959,-0.21,0.0,-0.28,54.3046875,98391,55.03,247.1847229,5.14,57 4c 01 6f 00 00 08 a4 00 00 e2 84 00 49 00 40 f7 c5 00 07 00 01 ff 81 ff fd 00 00 ff fc 1d 4e 00 01 80 57 00 00 15 7f 43 77 2f 4a 00 00 14 14
2213,106224,WL,flash_sample,48,58.008,1,111,1,1,1,1,0,1,1,0,2213,58008,0.035624,0.031232,-1.028216,0.072919,0.010417,-1.322959,-0.21,0.0,-0.28,54.3046875,98391,55.03,247.1847229,5.14,57 4c 01 6f 00 00 08 a5 00 00 e2 98 00 49 00 40 f7 c5 00 07 00 01 ff 81 ff fd 00 00 ff fc 1d 4e 00 01 80 57 00 00 15 7f 43 77 2f 4a 00 00 14 14
2214,106272,WL,flash_sample,48,58.028,1,111,1,1,1,1,0,1,1,0,2214,58028,0.035624,0.031232,-1.028216,0.072919,0.010417,-1.322959,-0.21,0.0,-0.28,54.3046875,98391,55.03,247.1847229,5.14,57 4c 01 6f 00 00 08 a6 00 00 e2 ac 00 49 00 40 f7 c5 00 07 00 01 ff 81 ff fd 00 00 ff fc 1d 4e 00 01 80 57 00 00 15 7f 43 77 2f 4a 00 00 14 14
2215,106320,WL,flash_sample,48,58.048,1,111,1,1,1,1,0,1,1,0,2215,58048,0.035624,0.031232,-1.028216,0.072919,0.010417,-1.322959,-0.21,0.0,-0.28,54.3046875,98391,55.03,247.1847229,5.14,57 4c 01 6f 00 00 08 a7 00 00 e2 c0 00 49 00 40 f7 c5 00 07 00 01 ff 81 ff fd 00 00 ff fc 1d 4e 00 01 80 57 00 00 15 7f 43 77 2f 4a 00 00 14 14
2216,106368,WL,flash_sample,48,58.068,1,97,1,0,0,0,0,1,1,0,2216,58068,0.035624,0.031232,-1.02968,0.031251,-0.041668,-1.375044,-0.49,-1.05,1.19,54.3359375,98348,54.7,250.849563599,5.124,57 4c 01 61 00 00 08 a8 00 00 e2 d4 00 49 00 40 f7 c2 00 03 ff fc ff 7c ff f9 ff f1 00 11 1d 56 00 01 80 2c 00 00 15 5e 43 7a d9 7d 00 00 14 04
2217,106416,WL,flash_sample,48,58.088,1,111,1,1,1,1,0,1,1,0,2217,58088,0.035136,0.03172,-1.028704,0.052085,0.0,-1.343793,-2.1,0.07,2.94,54.3125,98323,54.64,252.981872559,5.124,57 4c 01 6f 00 00 08 a9 00 00 e2 e8 00 48 00 41 f7 c4 00 05 00 00 ff 7f ff e2 00 01 00 2a 1d 50 00 01 80 13 00 00 15 58 43 7c fb 5c 00 00 14 04
2218,106464,WL,flash_sample,48,58.108,1,111,1,1,1,1,0,1,1,0,2218,58108,0.035136,0.031232,-1.029192,0.031251,0.0,-1.322959,-3.08,1.12,3.22,54.33203125,98323,54.72,252.981872559,5.124,57 4c 01 6f 00 00 08 aa 00 00 e2 fc 00 48 00 40 f7 c3 00 03 00 00 ff 81 ff d4 00 10 00 2e 1d 55 00 01 80 13 00 00 15 60 43 7c fb 5c 00 00 14 04
2219,106512,WL,flash_sample,48,58.128,1,111,1,1,1,1,0,1,1,0,2219,58128,0.035136,0.031232,-1.02968,0.052085,0.010417,-1.343793,-3.22,1.54,2.87,54.34375,98324,54.78,252.897323608,5.128,57 4c 01 6f 00 00 08 ab 00 00 e3 10 00 48 00 40 f7 c2 00 05 00 01 ff 7f ff d2 00 16 00 29 1d 58 00 01 80 14 00 00 15 66 43 7c e5 b7 00 00 14 08
2220,106560,WL,flash_sample,48,58.148,1,111,1,1,1,1,0,1,1,0,2220,58148,0.036112,0.031232,-1.030168,0.010417,0.0,-1.375044,-3.22,1.54,2.87,54.33203125,98325,54.84,252.812774658,5.128,57 4c 01 6f 00 00 08 ac 00 00 e3 24 00 4a 00 40 f7 c1 00 01 00 00 ff 7c ff d2 00 16 00 29 1d 55 00 01 80 15 00 00 15 6c 43 7c d0 12 00 00 14 08
2221,106608,WL,flash_sample,48,58.169,1,103,1,1,1,0,0,1,1,0,2221,58169,0.035624,0.032208,-1.02968,0.031251,-0.020834,-1.343793,-3.15,1.54,2.87,54.34765625,98323,54.9,252.981872559,5.128,57 4c 01 67 00 00 08 ad 00 00 e3 39 00 49 00 42 f7 c2 00 03 ff fe ff 7f ff d3 00 16 00 29 1d 59 00 01 80 13 00 00 15 72 43 7c fb 5c 00 00 14 08
2222,106656,WL,flash_sample,48,58.188,1,103,1,1,1,0,0,1,1,0,2222,58188,0.035136,0.031232,-1.030168,0.041668,-0.010417,-1.333376,-3.22,1.54,2.87,54.36328125,98331,54.95,252.300170898,5.128,57 4c 01 67 00 00 08 ae 00 00 e3 4c 00 48 00 40 f7 c1 00 04 ff ff ff 80 ff d2 00 16 00 29 1d 5d 00 01 80 1b 00 00 15 77 43 7c 4c d8 00 00 14 08
2223,106704,WL,flash_sample,48,58.208,1,111,1,1,1,1,0,1,1,0,2223,58208,0.035624,0.03172,-1.02968,0.052085,-0.020834,-1.343793,-3.22,1.54,2.94,54.33203125,98329,55.0,252.471908569,5.128,57 4c 01 6f 00 00 08 af 00 00 e3 60 00 49 00 41 f7 c2 00 05 ff fe ff 7f ff d2 00 16 00 2a 1d 55 00 01 80 19 00 00 15 7c 43 7c 78 cf 00 00 14 08
2224,106752,WL,flash_sample,48,58.229,1,111,1,1,1,1,0,1,1,0,2224,58229,0.0366,0.03172,-1.029192,0.041668,-0.031251,-1.312542,-3.15,1.61,2.87,54.35546875,98328,55.05,252.556472778,5.132,57 4c 01 6f 00 00 08 b0 00 00 e3 75 00 4b 00 41 f7 c3 00 04 ff fd ff 82 ff d3 00 17 00 29 1d 5b 00 01 80 18 00 00 15 81 43 7c 8e 75 00 00 14 0c
2225,106800,WL,flash_sample,48,58.248,1,110,0,1,1,1,0,1,1,0,2225,58248,0.0366,0.03172,-1.029192,0.041668,-0.031251,-1.312542,-3.15,1.61,2.87,54.35546875,98328,55.05,252.556472778,5.132,57 4c 01 6e 00 00 08 b1 00 00 e3 88 00 4b 00 41 f7 c3 00 04 ff fd ff 82 ff d3 00 17 00 29 1d 5b 00 01 80 18 00 00 15 81 43 7c 8e 75 00 00 14 0c
2226,106848,WL,flash_sample,48,58.268,1,110,0,1,1,1,0,1,1,0,2226,58268,0.0366,0.03172,-1.029192,0.041668,-0.031251,-1.312542,-3.15,1.61,2.87,54.35546875,98328,55.05,252.556472778,5.132,57 4c 01 6e 00 00 08 b2 00 00 e3 9c 00 4b 00 41 f7 c3 00 04 ff fd ff 82 ff d3 00 17 00 29 1d 5b 00 01 80 18 00 00 15 81 43 7c 8e 75 00 00 14 0c
2227,106896,WL,flash_sample,48,58.288,1,110,0,1,1,1,0,1,1,0,2227,58288,0.0366,0.03172,-1.029192,0.041668,-0.031251,-1.312542,-3.15,1.61,2.87,54.35546875,98328,55.05,252.556472778,5.132,57 4c 01 6e 00 00 08 b3 00 00 e3 b0 00 4b 00 41 f7 c3 00 04 ff fd ff 82 ff d3 00 17 00 29 1d 5b 00 01 80 18 00 00 15 81 43 7c 8e 75 00 00 14 0c
2228,106944,WL,flash_sample,48,58.31,1,64,0,0,0,0,0,0,1,0,2228,58310,0.035136,0.032696,-1.028704,0.041668,-0.010417,-1.35421,-0.14,0.07,-0.35,54.37109375,98328,55.05,252.556472778,5.132,57 4c 01 40 00 00 08 b4 00 00 e3 c6 00 48 00 43 f7 c4 00 04 ff ff ff 7e ff fe 00 01 ff fb 1d 5f 00 01 80 18 00 00 15 81 43 7c 8e 75 00 00 14 0c
2229,106992,WL,flash_sample,48,58.328,1,110,0,1,1,1,0,1,1,0,2229,58328,0.035624,0.031232,-1.029192,0.020834,0.010417,-1.364627,-1.47,-0.35,2.24,54.390625,98374,55.1,248.63269043,5.14,57 4c 01 6e 00 00 08 b5 00 00 e3 d8 00 49 00 40 f7 c3 00 02 00 01 ff 7d ff eb ff fb 00 20 1d 64 00 01 80 46 00 00 15 86 43 78 a1 f8 00 00 14 14
2230,107040,WL,flash_sample,48,58.348,1,110,0,1,1,1,0,1,1,0,2230,58348,0.035136,0.030744,-1.028704,0.052085,-0.020834,-1.343793,-2.45,0.35,3.22,54.36328125,98330,54.94,252.384719849,5.14,57 4c 01 6e 00 00 08 b6 00 00 e3 ec 00 48 00 3f f7 c4 00 05 ff fe ff 7f ff dd 00 05 00 2e 1d 5d 00 01 80 1a 00 00 15 76 43 7c 62 7d 00 00 14 14
2231,107088,WL,flash_sample,48,58.368,1,110,0,1,1,1,0,1,1,0,2231,58368,0.036112,0.030744,-1.029192,0.020834,-0.020834,-1.375044,-3.15,1.54,2.94,54.34765625,98328,54.99,252.556472778,5.14,57 4c 01 6e 00 00 08 b7 00 00 e4 00 00 4a 00 3f f7 c3 00 02 ff fe ff 7c ff d3 00 16 00 2a 1d 59 00 01 80 18 00 00 15 7b 43 7c 8e 75 00 00 14 14
2232,107136,WL,flash_sample,48,58.388,1,110,0,1,1,1,0,1,1,0,2232,58388,0.035624,0.03172,-1.02968,0.020834,-0.020834,-1.343793,-3.15,1.54,2.94,54.36328125,98331,55.04,252.300170898,5.14,57 4c 01 6e 00 00 08 b8 00 00 e4 14 00 49 00 41 f7 c2 00 02 ff fe ff 7f ff d3 00 16 00 2a 1d 5d 00 01 80 1b 00 00 15 80 43 7c 4c d8 00 00 14 14
2233,107184,WL,flash_sample,48,58.409,1,102,0,1,1,0,0,1,1,0,2233,58409,0.035624,0.031232,-1.02968,0.10417,0.010417,-1.343793,-3.22,1.54,2.87,54.33984375,98329,55.08,252.471908569,5.14,57 4c 01 66 00 00 08 b9 00 00 e4 29 00 49 00 40 f7 c2 00 0a 00 01 ff 7f ff d2 00 16 00 29 1d 57 00 01 80 19 00 00 15 84 43 7c 78 cf 00 00 14 14
2234,107232,WL,flash_sample,48,58.428,1,102,0,1,1,0,0,1,1,0,2234,58428,0.035624,0.031232,-1.031144,0.020834,-0.020834,-1.35421,-3.22,1.47,2.94,54.37109375,98331,55.12,252.300170898,5.144,57 4c 01 66 00 00 08 ba 00 00 e4 3c 00 49 00 40 f7 bf 00 02 ff fe ff 7e ff d2 00 15 00 2a 1d 5f 00 01 80 1b 00 00 15 88 43 7c 4c d8 00 00 14 18
2235,107280,WL,flash_sample,48,58.448,1,110,0,1,1,1,0,1,1,0,2235,58448,0.035624,0.031232,-1.02968,0.020834,-0.041668,-1.364627,-3.22,1.54,2.87,54.34765625,98329,55.16,252.471908569,5.144,57 4c 01 6e 00 00 08 bb 00 00 e4 50 00 49 00 40 f7 c2 00 02 ff fc ff 7d ff d2 00 16 00 29 1d 59 00 01 80 19 00 00 15 8c 43 7c 78 cf 00 00 14 18
2236,107328,WL,flash_sample,48,58.468,1,110,0,1,1,1,0,1,1,0,2236,58468,0.036112,0.03172,-1.02968,0.052085,0.041668,-1.343793,-3.22,1.47,2.94,54.35546875,98334,55.2,252.043869019,5.144,57 4c 01 6e 00 00 08 bc 00 00 e4 64 00 4a 00 41 f7 c2 00 05 00 04 ff 7f ff d2 00 15 00 2a 1d 5b 00 01 80 1e 00 00 15 90 43 7c 0b 3b 00 00 14 18
2237,107376,WL,flash_sample,48,58.488,1,102,0,1,1,0,0,1,1,0,2237,58488,0.035624,0.03172,-1.029192,0.031251,0.0,-1.322959,-3.22,1.54,2.87,54.35546875,98339,55.23,251.618453979,5.144,57 4c 01 66 00 00 08 bd 00 00 e4 78 00 49 00 41 f7 c3 00 03 00 00 ff 81 ff d2 00 16 00 29 1d 5b 00 01 80 23 00 00 15 93 43 7b 9e 53 00 00 14 18
2238,107424,WL,flash_sample,48,58.508,1,102,0,1,1,0,0,1,1,0,2238,58508,0.035624,0.03172,-1.029192,0.031251,0.0,-1.322959,-3.22,1.54,2.87,54.35546875,98339,55.23,251.618453979,5.144,57 4c 01 66 00 00 08 be 00 00 e4 8c 00 49 00 41 f7 c3 00 03 00 00 ff 81 ff d2 00 16 00 29 1d 5b 00 01 80 23 00 00 15 93 43 7b 9e 53 00 00 14 18
2239,107472,WL,flash_sample,48,58.528,1,102,0,1,1,0,0,1,1,0,2239,58528,0.035624,0.03172,-1.029192,0.031251,0.0,-1.322959,-3.22,1.54,2.87,54.35546875,98339,55.23,251.618453979,5.144,57 4c 01 66 00 00 08 bf 00 00 e4 a0 00 49 00 41 f7 c3 00 03 00 00 ff 81 ff d2 00 16 00 29 1d 5b 00 01 80 23 00 00 15 93 43 7b 9e 53 00 00 14 18
2240,107520,WL,flash_sample,48,58.548,1,102,0,1,1,0,0,1,1,0,2240,58548,0.035624,0.03172,-1.029192,0.031251,0.0,-1.322959,-3.22,1.54,2.87,54.35546875,98339,55.23,251.618453979,5.144,57 4c 01 66 00 00 08 c0 00 00 e4 b4 00 49 00 41 f7 c3 00 03 00 00 ff 81 ff d2 00 16 00 29 1d 5b 00 01 80 23 00 00 15 93 43 7b 9e 53 00 00 14 18
2241,107568,WL,flash_sample,48,58.568,1,110,0,1,1,1,0,1,1,0,2241,58568,0.035136,0.03172,-1.028216,0.0,-0.031251,-1.343793,-0.77,-0.91,1.54,54.33203125,98379,55.27,248.207290649,5.144,57 4c 01 6e 00 00 08 c1 00 00 e4 c8 00 48 00 41 f7 c5 00 00 ff fd ff 7f ff f5 ff f3 00 16 1d 55 00 01 80 4b 00 00 15 97 43 78 35 11 00 00 14 18
2242,107616,WL,flash_sample,48,58.588,1,110,0,1,1,1,0,1,1,0,2242,58588,0.035624,0.031232,-1.02968,0.020834,-0.041668,-1.364627,-1.82,-0.07,2.66,54.390625,98338,55.07,251.703018188,5.144,57 4c 01 6e 00 00 08 c2 00 00 e4 dc 00 49 00 40 f7 c2 00 02 ff fc ff 7d ff e6 ff ff 00 26 1d 64 00 01 80 22 00 00 15 83 43 7b b3 f9 00 00 14 18
2243,107664,WL,flash_sample,48,58.608,1,110,0,1,1,1,0,1,1,0,2243,58608,0.035624,0.030744,-1.028704,0.072919,-0.010417,-1.35421,-2.73,0.63,3.5,54.37109375,98335,55.11,251.959320068,5.144,57 4c 01 6e 00 00 08 c3 00 00 e4 f0 00 49 00 3f f7 c4 00 07 ff ff ff 7e ff d9 00 09 00 32 1d 5f 00 01 80 1f 00 00 15 87 43 7b f5 96 00 00 14 18
2244,107712,WL,flash_sample,48,58.628,1,102,0,1,1,0,0,1,1,0,2244,58628,0.035136,0.03172,-1.030168,0.052085,0.010417,-1.343793,-3.15,1.61,2.87,54.36328125,98337,55.15,251.787567139,5.124,57 4c 01 66 00 00 08 c4 00 00 e5 04 00 48 00 41 f7 c1 00 05 00 01 ff 7f ff d3 00 17 00 29 1d 5d 00 01 80 21 00 00 15 8b 43 7b c9 9e 00 00 14 04
2245,107760,WL,flash_sample,48,58.648,1,102,0,1,1,0,0,1,1,0,2245,58648,0.035624,0.031232,-1.029192,0.072919,-0.031251,-1.375044,-3.15,1.54,2.87,54.390625,98334,55.18,252.043869019,5.124,57 4c 01 66 00 00 08 c5 00 00 e5 18 00 49 00 40 f7 c3 00 07 ff fd ff 7c ff d3 00 16 00 29 1d 64 00 01 80 1e 00 00 15 8e 43 7c 0b 3b 00 00 14 04
2246,107808,WL,flash_sample,48,58.668,1,102,0,1,1,0,0,1,1,0,2246,58668,0.035136,0.031232,-1.02968,0.052085,-0.020834,-1.343793,-3.22,1.54,2.94,54.36328125,98333,55.22,252.131057739,5.124,57 4c 01 66 00 00 08 c6 00 00 e5 2c 00 48 00 40 f7 c2 00 05 ff fe ff 7f ff d2 00 16 00 2a 1d 5d 00 01 80 1d 00 00 15 92 43 7c 21 8d 00 00 14 04
2247,107856,WL,flash_sample,48,58.688,1,110,0,1,1,1,0,1,1,0,2247,58688,0.035136,0.03172,-1.030656,0.041668,0.010417,-1.333376,-3.22,1.47,2.87,54.3984375,98338,55.25,251.703018188,5.124,57 4c 01 6e 00 00 08 c7 00 00 e5 40 00 48 00 41 f7 c0 00 04 00 01 ff 80 ff d2 00 15 00 29 1d 66 00 01 80 22 00 00 15 95 43 7b b3 f9 00 00 14 04
2248,107904,WL,flash_sample,48,58.708,1,110,0,1,1,1,0,1,1,0,2248,58708,0.035624,0.031232,-1.030168,0.031251,-0.031251,-1.364627,-3.15,1.54,2.8,54.37109375,98337,55.28,251.787567139,5.124,57 4c 01 6e 00 00 08 c8 00 00 e5 54 00 49 00 40 f7 c1 00 03 ff fd ff 7d ff d3 00 16 00 28 1d 5f 00 01 80 21 00 00 15 98 43 7b c9 9e 00 00 14 04
2249,107952,WL,flash_sample,48,58.729,1,110,0,1,1,1,0,1,1,0,2249,58729,0.035624,0.031232,-1.02968,0.052085,-0.052085,-1.343793,-3.15,1.54,2.94,54.390625,98332,55.31,252.215606689,5.124,57 4c 01 6e 00 00 08 c9 00 00 e5 69 00 49 00 40 f7 c2 00 05 ff fb ff 7f ff d3 00 16 00 2a 1d 64 00 01 80 1c 00 00 15 9b 43 7c 37 32 00 00 14 04
2250,108000,WL,flash_sample,48,58.748,1,110,0,1,1,1,0,1,1,0,2250,58748,0.035624,0.031232,-1.02968,0.052085,-0.052085,-1.343793,-3.15,1.54,2.94,54.390625,98332,55.31,252.215606689,5.124,57 4c 01 6e 00 00 08 ca 00 00 e5 7c 00 49 00 40 f7 c2 00 05 ff fb ff 7f ff d3 00 16 00 2a 1d 64 00 01 80 1c 00 00 15 9b 43 7c 37 32 00 00 14 04
2251,108048,WL,flash_sample,48,58.768,1,110,0,1,1,1,0,1,1,0,2251,58768,0.035624,0.031232,-1.02968,0.052085,-0.052085,-1.343793,-3.15,1.54,2.94,54.390625,98332,55.31,252.215606689,5.124,57 4c 01 6e 00 00 08 cb 00 00 e5 90 00 49 00 40 f7 c2 00 05 ff fb ff 7f ff d3 00 16 00 2a 1d 64 00 01 80 1c 00 00 15 9b 43 7c 37 32 00 00 14 04
2252,108096,WL,flash_sample,48,58.788,1,110,0,1,1,1,0,1,1,0,2252,58788,0.035624,0.031232,-1.02968,0.052085,-0.052085,-1.343793,-3.15,1.54,2.94,54.390625,98332,55.31,252.215606689,5.124,57 4c 01 6e 00 00 08 cc 00 00 e5 a4 00 49 00 40 f7 c2 00 05 ff fb ff 7f ff d3 00 16 00 2a 1d 64 00 01 80 1c 00 00 15 9b 43 7c 37 32 00 00 14 04
2253,108144,WL,flash_sample,48,58.809,1,110,0,1,1,1,0,1,1,0,2253,58809,0.035624,0.03172,-1.02968,0.052085,0.010417,-1.333376,-0.21,-0.49,0.21,54.36328125,98332,55.31,252.215606689,5.124,57 4c 01 6e 00 00 08 cd 00 00 e5 b9 00 49 00 41 f7 c2 00 05 00 01 ff 80 ff fd ff f9 00 03 1d 5d 00 01 80 1c 00 00 15 9b 43 7c 37 32 00 00 14 04
2254,108192,WL,flash_sample,48,58.828,1,110,0,1,1,1,0,1,1,0,2254,58828,0.035624,0.03172,-1.02968,0.052085,0.010417,-1.333376,-0.21,-0.49,0.21,54.36328125,98332,55.31,252.215606689,5.124,57 4c 01 6e 00 00 08 ce 00 00 e5 cc 00 49 00 41 f7 c2 00 05 00 01 ff 80 ff fd ff f9 00 03 1d 5d 00 01 80 1c 00 00 15 9b 43 7c 37 32 00 00 14 04
2255,108240,WL,flash_sample,48,58.848,1,110,0,1,1,1,0,1,1,0,2255,58848,0.035624,0.03172,-1.02968,0.052085,0.010417,-1.333376,-0.21,-0.49,0.21,54.36328125,98332,55.31,252.215606689,5.124,57 4c 01 6e 00 00 08 cf 00 00 e5 e0 00 49 00 41 f7 c2 00 05 00 01 ff 80 ff fd ff f9 00 03 1d 5d 00 01 80 1c 00 00 15 9b 43 7c 37 32 00 00 14 04
2256,108288,WL,flash_sample,48,58.868,1,110,0,1,1,1,0,1,1,0,2256,58868,0.035624,0.03172,-1.02968,0.052085,0.010417,-1.333376,-0.21,-0.49,0.21,54.36328125,98332,55.31,252.215606689,5.124,57 4c 01 6e 00 00 08 d0 00 00 e5 f4 00 49 00 41 f7 c2 00 05 00 01 ff 80 ff fd ff f9 00 03 1d 5d 00 01 80 1c 00 00 15 9b 43 7c 37 32 00 00 14 04
2257,108336,WL,flash_sample,48,58.888,1,110,0,1,1,1,0,1,1,0,2257,58888,0.035624,0.03172,-1.02968,0.052085,0.010417,-1.333376,-0.21,-0.49,0.21,54.36328125,98332,55.31,252.215606689,5.124,57 4c 01 6e 00 00 08 d1 00 00 e6 08 00 49 00 41 f7 c2 00 05 00 01 ff 80 ff fd ff f9 00 03 1d 5d 00 01 80 1c 00 00 15 9b 43 7c 37 32 00 00 14 04
2258,108384,WL,flash_sample,48,58.908,1,110,0,1,1,1,0,1,1,0,2258,58908,0.035624,0.03172,-1.02968,0.052085,0.010417,-1.333376,-0.21,-0.49,0.21,54.36328125,98332,55.31,252.215606689,5.124,57 4c 01 6e 00 00 08 d2 00 00 e6 1c 00 49 00 41 f7 c2 00 05 00 01 ff 80 ff fd ff f9 00 03 1d 5d 00 01 80 1c 00 00 15 9b 43 7c 37 32 00 00 14 04
2259,108432,WL,flash_sample,48,58.928,1,110,0,1,1,1,0,1,1,0,2259,58928,0.035624,0.03172,-1.02968,0.052085,0.010417,-1.333376,-0.21,-0.49,0.21,54.36328125,98332,55.31,252.215606689,5.124,57 4c 01 6e 00 00 08 d3 00 00 e6 30 00 49 00 41 f7 c2 00 05 00 01 ff 80 ff fd ff f9 00 03 1d 5d 00 01 80 1c 00 00 15 9b 43 7c 37 32 00 00 14 04
2260,108480,WL,flash_sample,48,58.948,1,110,0,1,1,1,0,1,1,0,2260,58948,0.035624,0.03172,-1.02724,0.052085,0.010417,-1.333376,-0.14,0.07,-0.35,54.390625,98391,55.34,247.1847229,5.124,57 4c 01 6e 00 00 08 d4 00 00 e6 44 00 49 00 41 f7 c7 00 05 00 01 ff 80 ff fe 00 01 ff fb 1d 64 00 01 80 57 00 00 15 9e 43 77 2f 4a 00 00 14 04
2261,108528,WL,flash_sample,48,58.968,1,110,0,1,1,1,0,1,1,0,2261,58968,0.035624,0.03172,-1.02724,0.052085,0.010417,-1.333376,-0.14,0.07,-0.35,54.390625,98391,55.34,247.1847229,5.124,57 4c 01 6e 00 00 08 d5 00 00 e6 58 00 49 00 41 f7 c7 00 05 00 01 ff 80 ff fe 00 01 ff fb 1d 64 00 01 80 57 00 00 15 9e 43 77 2f 4a 00 00 14 04
2262,108576,WL,flash_sample,48,58.989,1,110,0,1,1,1,0,1,1,0,2262,58989,0.034648,0.031232,-1.028216,0.052085,-0.020834,-1.333376,-0.21,0.07,-0.35,54.34765625,98391,55.34,247.1847229,5.124,57 4c 01 6e 00 00 08 d6 00 00 e6 6d 00 47 00 40 f7 c5 00 05 ff fe ff 80 ff fd 00 01 ff fb 1d 59 00 01 80 57 00 00 15 9e 43 77 2f 4a 00 00 14 04
2263,108624,WL,flash_sample,48,59.008,1,110,0,1,1,1,0,1,1,0,2263,59008,0.034648,0.031232,-1.028216,0.052085,-0.020834,-1.333376,-0.21,0.07,-0.35,54.34765625,98391,55.34,247.1847229,5.124,57 4c 01 6e 00 00 08 d7 00 00 e6 80 00 47 00 40 f7 c5 00 05 ff fe ff 80 ff fd 00 01 ff fb 1d 59 00 01 80 57 00 00 15 9e 43 77 2f 4a 00 00 14 04
2264,108672,WL,flash_sample,48,59.028,1,110,0,1,1,1,0,1,1,0,2264,59028,0.034648,0.031232,-1.028216,0.052085,-0.020834,-1.333376,-0.21,0.07,-0.35,54.34765625,98391,55.34,247.1847229,5.124,57 4c 01 6e 00 00 08 d8 00 00 e6 94 00 47 00 40 f7 c5 00 05 ff fe ff 80 ff fd 00 01 ff fb 1d 59 00 01 80 57 00 00 15 9e 43 77 2f 4a 00 00 14 04
2265,108720,WL,flash_sample,48,59.048,1,110,0,1,1,1,0,1,1,0,2265,59048,0.034648,0.031232,-1.028216,0.052085,-0.020834,-1.333376,-0.21,0.07,-0.35,54.34765625,98391,55.34,247.1847229,5.124,57 4c 01 6e 00 00 08 d9 00 00 e6 a8 00 47 00 40 f7 c5 00 05 ff fe ff 80 ff fd 00 01 ff fb 1d 59 00 01 80 57 00 00 15 9e 43 77 2f 4a 00 00 14 04
2266,108768,WL,flash_sample,48,59.073,1,64,0,0,0,0,0,0,1,0,2266,59073,0.035624,0.03172,-1.028216,0.041668,0.031251,-1.343793,-0.35,-1.05,0.98,54.4375,98348,54.8,250.849563599,5.128,57 4c 01 40 00 00 08 da 00 00 e6 c1 00 49 00 41 f7 c5 00 04 00 03 ff 7f ff fb ff f1 00 0e 1d 70 00 01 80 2c 00 00 15 68 43 7a d9 7d 00 00 14 08
2267,108816,WL,flash_sample,48,59.089,1,110,0,1,1,1,0,1,1,0,2267,59089,0.035624,0.03172,-1.028216,0.052085,-0.031251,-1.312542,-1.47,-0.35,2.31,54.34765625,98319,54.64,253.325363159,5.112,57 4c 01 6e 00 00 08 db 00 00 e6 d1 00 49 00 41 f7 c5 00 05 ff fd ff 82 ff eb ff fb 00 21 1d 59 00 01 80 0f 00 00 15 58 43 7d 53 4b 00 00 13 f8
2268,108864,WL,flash_sample,48,59.108,1,102,0,1,1,0,0,1,1,0,2268,59108,0.034648,0.030744,-1.029192,0.020834,-0.020834,-1.333376,-2.45,0.35,3.22,54.36328125,98317,54.73,253.494476318,5.112,57 4c 01 66 00 00 08 dc 00 00 e6 e4 00 47 00 3f f7 c3 00 02 ff fe ff 80 ff dd 00 05 00 2e 1d 5d 00 01 80 0d 00 00 15 61 43 7d 7e 96 00 00 13 f8
2269,108912,WL,flash_sample,48,59.128,1,102,0,1,1,0,0,1,1,0,2269,59128,0.035136,0.031232,-1.02968,0.041668,0.0,-1.343793,-3.15,1.47,2.87,54.36328125,98322,54.8,253.069061279,5.124,57 4c 01 66 00 00 08 dd 00 00 e6 f8 00 48 00 40 f7 c2 00 04 00 00 ff 7f ff d3 00 15 00 29 1d 5d 00 01 80 12 00 00 15 68 43 7d 11 ae 00 00 14 04
2270,108960,WL,flash_sample,48,59.148,1,110,0,1,1,1,0,1,1,0,2270,59148,0.035624,0.031232,-1.030656,0.062502,-0.031251,-1.333376,-3.15,1.54,2.8,54.37109375,98320,54.86,253.238174438,5.124,57 4c 01 6e 00 00 08 de 00 00 e7 0c 00 49 00 40 f7 c0 00 06 ff fd ff 80 ff d3 00 16 00 28 1d 5f 00 01 80 10 00 00 15 6e 43 7d 3c f9 00 00 14 04
2271,109008,WL,flash_sample,48,59.169,1,110,0,1,1,1,0,1,1,0,2271,59169,0.036112,0.03172,-1.029192,0.010417,0.031251,-1.333376,-3.15,1.54,2.94,54.37890625,98324,54.92,252.897323608,5.124,57 4c 01 6e 00 00 08 df 00 00 e7 21 00 4a 00 41 f7 c3 00 01 00 03 ff 80 ff d3 00 16 00 2a 1d 61 00 01 80 14 00 00 15 74 43 7c e5 b7 00 00 14 04
2272,109056,WL,flash_sample,48,59.188,1,110,0,1,1,1,0,1,1,0,2272,59188,0.035624,0.03172,-1.029192,0.020834,0.010417,-1.343793,-3.15,1.47,2.87,54.390625,98327,54.98,252.641021729,5.124,57 4c 01 6e 00 00 08 e0 00 00 e7 34 00 49 00 41 f7 c3 00 02 00 01 ff 7f ff d3 00 15 00 29 1d 64 00 01 80 17 00 00 15 7a 43 7c a4 1a 00 00 14 04
2273,109104,WL,flash_sample,48,59.208,1,110,0,1,1,1,0,1,1,0,2273,59208,0.035136,0.031232,-1.031632,0.031251,-0.010417,-1.35421,-3.22,1.54,2.87,54.328125,98327,55.03,252.641021729,5.124,57 4c 01 6e 00 00 08 e1 00 00 e7 48 00 48 00 40 f7 be 00 03 ff ff ff 7e ff d2 00 16 00 29 1d 54 00 01 80 17 00 00 15 7f 43 7c a4 1a 00 00 14 04
2274,109152,WL,flash_sample,48,59.228,1,102,0,1,1,0,0,1,1,0,2274,59228,0.035624,0.032208,-1.02968,0.041668,0.010417,-1.333376,-3.22,1.54,2.87,54.38671875,98330,55.08,252.384719849,5.144,57 4c 01 66 00 00 08 e2 00 00 e7 5c 00 49 00 42 f7 c2 00 04 00 01 ff 80 ff d2 00 16 00 29 1d 63 00 01 80 1a 00 00 15 84 43 7c 62 7d 00 00 14 18
2275,109200,WL,flash_sample,48,59.248,1,111,1,1,1,1,0,1,1,0,2275,59248,0.036112,0.031232,-1.030168,0.020834,0.0,-1.35421,-3.22,1.54,2.8,54.3984375,98330,55.08,252.384719849,5.144,57 4c 01 6f 00 00 08 e3 00 00 e7 70 00 4a 00 40 f7 c1 00 02 00 00 ff 7e ff d2 00 16 00 28 1d 66 00 01 80 1a 00 00 15 84 43 7c 62 7d 00 00 14 18
2276,109248,WL,flash_sample,48,59.268,1,111,1,1,1,1,0,1,1,0,2276,59268,0.036112,0.031232,-1.030168,0.020834,0.0,-1.35421,-3.22,1.54,2.8,54.3984375,98330,55.08,252.384719849,5.144,57 4c 01 6f 00 00 08 e4 00 00 e7 84 00 4a 00 40 f7 c1 00 02 00 00 ff 7e ff d2 00 16 00 28 1d 66 00 01 80 1a 00 00 15 84 43 7c 62 7d 00 00 14 18
2277,109296,WL,flash_sample,48,59.288,1,111,1,1,1,1,0,1,1,0,2277,59288,0.036112,0.031232,-1.030168,0.020834,0.0,-1.35421,-3.22,1.54,2.8,54.3984375,98330,55.08,252.384719849,5.144,57 4c 01 6f 00 00 08 e5 00 00 e7 98 00 4a 00 40 f7 c1 00 02 00 00 ff 7e ff d2 00 16 00 28 1d 66 00 01 80 1a 00 00 15 84 43 7c 62 7d 00 00 14 18
2278,109344,WL,flash_sample,48,59.308,1,111,1,1,1,1,0,1,1,0,2278,59308,0.036112,0.031232,-1.030168,0.020834,0.0,-1.35421,-3.22,1.54,2.8,54.3984375,98330,55.08,252.384719849,5.144,57 4c 01 6f 00 00 08 e6 00 00 e7 ac 00 4a 00 40 f7 c1 00 02 00 00 ff 7e ff d2 00 16 00 28 1d 66 00 01 80 1a 00 00 15 84 43 7c 62 7d 00 00 14 18
2279,109392,WL,flash_sample,48,59.328,1,103,1,1,1,0,0,1,1,0,2279,59328,0.036112,0.03172,-1.028704,0.031251,-0.031251,-1.35421,-0.77,-0.84,1.54,54.35546875,98335,55.13,251.959320068,5.132,57 4c 01 67 00 00 08 e7 00 00 e7 c0 00 4a 00 41 f7 c4 00 03 ff fd ff 7e ff f5 ff f4 00 16 1d 5b 00 01 80 1f 00 00 15 89 43 7b f5 96 00 00 14 0c
2280,109440,WL,flash_sample,48,59.348,1,103,1,1,1,0,0,1,1,0,2280,59348,0.035624,0.03172,-1.028704,0.052085,-0.020834,-1.333376,-1.82,-0.07,2.66,54.4296875,98326,54.95,252.728210449,5.132,57 4c 01 67 00 00 08 e8 00 00 e7 d4 00 49 00 41 f7 c4 00 05 ff fe ff 80 ff e6 ff ff 00 26 1d 6e 00 01 80 16 00 00 15 77 43 7c ba 6c 00 00 14 0c
2281,109488,WL,flash_sample,48,59.368,1,103,1,1,1,0,0,1,1,0,2281,59368,0.035136,0.030744,-1.02968,0.010417,0.0,-1.333376,-2.87,0.77,3.5,54.3984375,98331,55.01,252.300170898,5.132,57 4c 01 67 00 00 08 e9 00 00 e7 e8 00 48 00 3f f7 c2 00 01 00 00 ff 80 ff d7 00 0b 00 32 1d 66 00 01 80 1b 00 00 15 7d 43 7c 4c d8 00 00 14 0c
2282,109536,WL,flash_sample,48,59.388,1,111,1,1,1,1,0,1,1,0,2282,59388,0.035624,0.031232,-1.029192,0.052085,0.010417,-1.333376,-3.15,1.54,2.8,54.37109375,98328,55.06,252.556472778,5.132,57 4c 01 6f 00 00 08 ea 00 00 e7 fc 00 49 00 40 f7 c3 00 05 00 01 ff 80 ff d3 00 16 00 28 1d 5f 00 01 80 18 00 00 15 82 43 7c 8e 75 00 00 14 0c
2283,109584,WL,flash_sample,48,59.408,1,111,1,1,1,1,0,1,1,0,2283,59408,0.035624,0.03172,-1.029192,0.052085,-0.020834,-1.343793,-3.15,1.54,2.87,54.3984375,98331,55.11,252.300170898,5.132,57 4c 01 6f 00 00 08 eb 00 00 e8 10 00 49 00 41 f7 c3 00 05 ff fe ff 7f ff d3 00 16 00 29 1d 66 00 01 80 1b 00 00 15 87 43 7c 4c d8 00 00 14 0c
2284,109632,WL,flash_sample,48,59.428,1,111,1,1,1,1,0,1,1,0,2284,59428,0.036112,0.031232,-1.030656,0.052085,0.010417,-1.333376,-3.22,1.54,2.94,54.3984375,98328,55.15,252.556472778,5.136,57 4c 01 6f 00 00 08 ec 00 00 e8 24 00 4a 00 40 f7 c0 00 05 00 01 ff 80 ff d2 00 16 00 2a 1d 66 00 01 80 18 00 00 15 8b 43 7c 8e 75 00 00 14 10
2285,109680,WL,flash_sample,48,59.448,1,103,1,1,1,0,0,1,1,0,2285,59448,0.035624,0.031232,-1.030656,0.031251,0.010417,-1.343793,-3.15,1.54,2.87,54.3984375,98334,55.19,252.043869019,5.136,57 4c 01 67 00 00 08 ed 00 00 e8 38 00 49 00 40 f7 c0 00 03 00 01 ff 7f ff d3 00 16 00 29 1d 66 00 01 80 1e 00 00 15 8f 43 7c 0b 3b 00 00 14 10
2286,109728,WL,flash_sample,48,59.468,1,103,1,1,1,0,0,1,1,0,2286,59468,0.035624,0.03172,-1.030168,0.010417,-0.020834,-1.343793,-3.15,1.54,2.87,54.3984375,98334,55.23,252.043869019,5.136,57 4c 01 67 00 00 08 ee 00 00 e8 4c 00 49 00 41 f7 c1 00 01 ff fe ff 7f ff d3 00 16 00 29 1d 66 00 01 80 1e 00 00 15 93 43 7c 0b 3b 00 00 14 10
2287,109776,WL,flash_sample,48,59.488,1,103,1,1,1,0,0,1,1,0,2287,59488,0.035136,0.031232,-1.030168,0.031251,0.010417,-1.35421,-3.15,1.54,2.94,54.40625,98332,55.26,252.215606689,5.136,57 4c 01 67 00 00 08 ef 00 00 e8 60 00 48 00 40 f7 c1 00 03 00 01 ff 7e ff d3 00 16 00 2a 1d 68 00 01 80 1c 00 00 15 96 43 7c 37 32 00 00 14 10
2288,109824,WL,flash_sample,48,59.508,1,103,1,1,1,0,0,1,1,0,2288,59508,0.035136,0.031232,-1.030168,0.031251,0.010417,-1.35421,-3.15,1.54,2.94,54.40625,98332,55.26,252.215606689,5.136,57 4c 01 67 00 00 08 f0 00 00 e8 74 00 48 00 40 f7 c1 00 03 00 01 ff 7e ff d3 00 16 00 2a 1d 68 00 01 80 1c 00 00 15 96 43 7c 37 32 00 00 14 10
2289,109872,WL,flash_sample,48,59.528,1,103,1,1,1,0,0,1,1,0,2289,59528,0.035136,0.031232,-1.030168,0.031251,0.010417,-1.35421,-3.15,1.54,2.94,54.40625,98332,55.26,252.215606689,5.136,57 4c 01 67 00 00 08 f1 00 00 e8 88 00 48 00 40 f7 c1 00 03 00 01 ff 7e ff d3 00 16 00 2a 1d 68 00 01 80 1c 00 00 15 96 43 7c 37 32 00 00 14 10
2290,109920,WL,flash_sample,48,59.548,1,103,1,1,1,0,0,1,1,0,2290,59548,0.035136,0.031232,-1.030168,0.031251,0.010417,-1.35421,-3.15,1.54,2.94,54.40625,98332,55.26,252.215606689,5.136,57 4c 01 67 00 00 08 f2 00 00 e8 9c 00 48 00 40 f7 c1 00 03 00 01 ff 7e ff d3 00 16 00 2a 1d 68 00 01 80 1c 00 00 15 96 43 7c 37 32 00 00 14 10
2291,109968,WL,flash_sample,48,59.571,1,65,1,0,0,0,0,0,1,0,2291,59571,0.035136,0.031232,-1.028704,0.010417,0.010417,-1.343793,-0.21,-0.49,0.21,54.40625,98339,55.3,251.618453979,5.136,57 4c 01 41 00 00 08 f3 00 00 e8 b3 00 48 00 40 f7 c4 00 01 00 01 ff 7f ff fd ff f9 00 03 1d 68 00 01 80 23 00 00 15 9a 43 7b 9e 53 00 00 14 10
2292,110016,WL,flash_sample,48,59.588,1,103,1,1,1,0,0,1,1,0,2292,59588,0.035624,0.031232,-1.028704,0.010417,-0.010417,-1.312542,-1.19,-0.56,2.03,54.4375,98330,55.07,252.384719849,5.136,57 4c 01 67 00 00 08 f4 00 00 e8 c4 00 49 00 40 f7 c4 00 01 ff ff ff 82 ff ef ff f8 00 1d 1d 70 00 01 80 1a 00 00 15 83 43 7c 62 7d 00 00 14 10
2293,110064,WL,flash_sample,48,59.608,1,103,1,1,1,0,0,1,1,0,2293,59608,0.035624,0.030744,-1.029192,0.052085,-0.052085,-1.333376,-2.24,0.14,3.08,54.421875,98335,55.13,251.959320068,5.136,57 4c 01 67 00 00 08 f5 00 00 e8 d8 00 49 00 3f f7 c3 00 05 ff fb ff 80 ff e0 00 02 00 2c 1d 6c 00 01 80 1f 00 00 15 89 43 7b f5 96 00 00 14 10
2294,110112,WL,flash_sample,48,59.628,1,111,1,1,1,1,0,1,1,0,2294,59628,0.035624,0.03172,-1.02968,0.031251,0.0,-1.333376,-3.22,1.54,2.87,54.4140625,98330,55.17,252.384719849,5.128,57 4c 01 6f 00 00 08 f6 00 00 e8 ec 00 49 00 41 f7 c2 00 03 00 00 ff 80 ff d2 00 16 00 29 1d 6a 00 01 80 1a 00 00 15 8d 43 7c 62 7d 00 00 14 08
2295,110160,WL,flash_sample,48,59.648,1,111,1,1,1,1,0,1,1,0,2295,59648,0.035624,0.03172,-1.028704,0.072919,0.020834,-1.333376,-3.22,1.54,2.87,54.4140625,98335,55.21,251.959320068,5.128,57 4c 01 6f 00 00 08 f7 00 00 e9 00 00 49 00 41 f7 c4 00 07 00 02 ff 80 ff d2 00 16 00 29 1d 6a 00 01 80 1f 00 00 15 91 43 7b f5 96 00 00 14 08
2296,110208,WL,flash_sample,48,59.669,1,111,1,1,1,1,0,1,1,0,2296,59669,0.035624,0.031232,-1.02968,0.052085,-0.031251,-1.322959,-3.22,1.54,2.94,54.421875,98333,55.25,252.131057739,5.128,57 4c 01 6f 00 00 08 f8 00 00 e9 15 00 49 00 40 f7 c2 00 05 ff fd ff 81 ff d2 00 16 00 2a 1d 6c 00 01 80 1d 00 00 15 95 43 7c 21 8d 00 00 14 08
2297,110256,WL,flash_sample,48,59.688,1,103,1,1,1,0,0,1,1,0,2297,59688,0.035136,0.03172,-1.02968,0.072919,-0.010417,-1.333376,-3.15,1.54,2.87,54.4375,98334,55.28,252.043869019,5.128,57 4c 01 67 00 00 08 f9 00 00 e9 28 00 48 00 41 f7 c2 00 07 ff ff ff 80 ff d3 00 16 00 29 1d 70 00 01 80 1e 00 00 15 98 43 7c 0b 3b 00 00 14 08
2298,110304,WL,flash_sample,48,59.708,1,103,1,1,1,0,0,1,1,0,2298,59708,0.035136,0.031232,-1.030168,0.052085,-0.010417,-1.333376,-3.22,1.54,2.87,54.4140625,98336,55.31,251.874755859,5.128,57 4c 01 67 00 00 08 fa 00 00 e9 3c 00 48 00 40 f7 c1 00 05 ff ff ff 80 ff d2 00 16 00 29 1d 6a 00 01 80 20 00 00 15 9b 43 7b df f0 00 00 14 08
2299,110352,WL,flash_sample,48,59.728,1,103,1,1,1,0,0,1,1,0,2299,59728,0.036112,0.032208,-1.029192,0.041668,0.020834,-1.343793,-3.15,1.54,2.94,54.3984375,98337,55.35,251.787567139,5.112,57 4c 01 67 00 00 08 fb 00 00 e9 50 00 4a 00 42 f7 c3 00 04 00 02 ff 7f ff d3 00 16 00 2a 1d 66 00 01 80 21 00 00 15 9f 43 7b c9 9e 00 00 13 f8
2300,110400,WL,flash_sample,48,59.748,1,111,1,1,1,1,0,1,1,0,2300,59748,0.036112,0.032208,-1.030168,0.031251,-0.020834,-1.343793,-3.22,1.54,2.87,54.3984375,98337,55.35,251.787567139,5.112,57 4c 01 6f 00 00 08 fc 00 00 e9 64 00 4a 00 42 f7 c1 00 03 ff fe ff 7f ff d2 00 16 00 29 1d 66 00 01 80 21 00 00 15 9f 43 7b c9 9e 00 00 13 f8
2301,110448,WL,flash_sample,48,59.768,1,111,1,1,1,1,0,1,1,0,2301,59768,0.036112,0.032208,-1.030168,0.031251,-0.020834,-1.343793,-3.22,1.54,2.87,54.3984375,98337,55.35,251.787567139,5.112,57 4c 01 6f 00 00 08 fd 00 00 e9 78 00 4a 00 42 f7 c1 00 03 ff fe ff 7f ff d2 00 16 00 29 1d 66 00 01 80 21 00 00 15 9f 43 7b c9 9e 00 00 13 f8
2302,110496,WL,flash_sample,48,59.788,1,111,1,1,1,1,0,1,1,0,2302,59788,0.036112,0.032208,-1.030168,0.031251,-0.020834,-1.343793,-3.22,1.54,2.87,54.3984375,98337,55.35,251.787567139,5.112,57 4c 01 6f 00 00 08 fe 00 00 e9 8c 00 4a 00 42 f7 c1 00 03 ff fe ff 7f ff d2 00 16 00 29 1d 66 00 01 80 21 00 00 15 9f 43 7b c9 9e 00 00 13 f8
2303,110544,WL,flash_sample,48,59.808,1,111,1,1,1,1,0,1,1,0,2303,59808,0.036112,0.032208,-1.030168,0.031251,-0.020834,-1.343793,-3.22,1.54,2.87,54.3984375,98337,55.35,251.787567139,5.112,57 4c 01 6f 00 00 08 ff 00 00 e9 a0 00 4a 00 42 f7 c1 00 03 ff fe ff 7f ff d2 00 16 00 29 1d 66 00 01 80 21 00 00 15 9f 43 7b c9 9e 00 00 13 f8
2304,110592,WL,flash_sample,48,59.828,1,111,1,1,1,1,0,1,1,0,2304,59828,0.035624,0.031232,-1.028704,0.010417,-0.010417,-1.364627,-0.14,-0.21,-0.14,54.4375,98341,55.37,251.446716309,5.112,57 4c 01 6f 00 00 09 00 00 00 e9 b4 00 49 00 40 f7 c4 00 01 ff ff ff 7d ff fe ff fd ff fe 1d 70 00 01 80 25 00 00 15 a1 43 7b 72 5c 00 00 13 f8
2305,110640,WL,flash_sample,48,59.848,1,111,1,1,1,1,0,1,1,0,2305,59848,0.035624,0.031232,-1.028704,0.010417,-0.010417,-1.364627,-0.14,-0.21,-0.14,54.4375,98341,55.37,251.446716309,5.112,57 4c 01 6f 00 00 09 01 00 00 e9 c8 00 49 00 40 f7 c4 00 01 ff ff ff 7d ff fe ff fd ff fe 1d 70 00 01 80 25 00 00 15 a1 43 7b 72 5c 00 00 13 f8
2306,110688,WL,flash_sample,48,59.868,1,111,1,1,1,1,0,1,1,0,2306,59868,0.035624,0.031232,-1.028704,0.010417,-0.010417,-1.364627,-0.14,-0.21,-0.14,54.4375,98341,55.37,251.446716309,5.112,57 4c 01 6f 00 00 09 02 00 00 e9 dc 00 49 00 40 f7 c4 00 01 ff ff ff 7d ff fe ff fd ff fe 1d 70 00 01 80 25 00 00 15 a1 43 7b 72 5c 00 00 13 f8
2307,110736,WL,flash_sample,48,59.888,1,111,1,1,1,1,0,1,1,0,2307,59888,0.035624,0.031232,-1.028704,0.010417,-0.010417,-1.364627,-0.14,-0.21,-0.14,54.4375,98341,55.37,251.446716309,5.112,57 4c 01 6f 00 00 09 03 00 00 e9 f0 00 49 00 40 f7 c4 00 01 ff ff ff 7d ff fe ff fd ff fe 1d 70 00 01 80 25 00 00 15 a1 43 7b 72 5c 00 00 13 f8
2308,110784,WL,flash_sample,48,59.908,1,111,1,1,1,1,0,1,1,0,2308,59908,0.035624,0.031232,-1.028704,0.010417,-0.010417,-1.364627,-0.14,-0.21,-0.14,54.4375,98341,55.37,251.446716309,5.112,57 4c 01 6f 00 00 09 04 00 00 ea 04 00 49 00 40 f7 c4 00 01 ff ff ff 7d ff fe ff fd ff fe 1d 70 00 01 80 25 00 00 15 a1 43 7b 72 5c 00 00 13 f8
2309,110832,WL,flash_sample,48,59.928,1,111,1,1,1,1,0,1,1,0,2309,59928,0.035624,0.031232,-1.028704,0.010417,-0.010417,-1.364627,-0.14,-0.21,-0.14,54.4375,98341,55.37,251.446716309,5.112,57 4c 01 6f 00 00 09 05 00 00 ea 18 00 49 00 40 f7 c4 00 01 ff ff ff 7d ff fe ff fd ff fe 1d 70 00 01 80 25 00 00 15 a1 43 7b 72 5c 00 00 13 f8
2310,110880,WL,flash_sample,48,59.949,1,111,1,1,1,1,0,1,1,0,2310,59949,0.035136,0.031232,-1.028704,0.031251,-0.010417,-1.333376,-0.21,0.07,-0.42,54.36328125,98341,55.37,251.446716309,5.112,57 4c 01 6f 00 00 09 06 00 00 ea 2d 00 48 00 40 f7 c4 00 03 ff ff ff 80 ff fd 00 01 ff fa 1d 5d 00 01 80 25 00 00 15 a1 43 7b 72 5c 00 00 13 f8
2311,110928,WL,flash_sample,48,59.968,1,111,1,1,1,1,0,1,1,0,2311,59968,0.035136,0.031232,-1.028704,0.031251,-0.010417,-1.333376,-0.21,0.07,-0.42,54.36328125,98341,55.37,251.446716309,5.112,57 4c 01 6f 00 00 09 07 00 00 ea 40 00 48 00 40 f7 c4 00 03 ff ff ff 80 ff fd 00 01 ff fa 1d 5d 00 01 80 25 00 00 15 a1 43 7b 72 5c 00 00 13 f8
2312,110976,WL,flash_sample,48,59.988,1,111,1,1,1,1,0,1,1,0,2312,59988,0.035136,0.031232,-1.028704,0.031251,-0.010417,-1.333376,-0.21,0.07,-0.42,54.36328125,98341,55.37,251.446716309,5.112,57 4c 01 6f 00 00 09 08 00 00 ea 54 00 48 00 40 f7 c4 00 03 ff ff ff 80 ff fd 00 01 ff fa 1d 5d 00 01 80 25 00 00 15 a1 43 7b 72 5c 00 00 13 f8
2313,111024,WL,flash_sample,48,60.008,1,111,1,1,1,1,0,1,1,0,2313,60008,0.035624,0.032208,-1.027728,0.020834,0.010417,-1.333376,-0.21,0.07,-0.35,54.40625,98394,55.14,246.928421021,5.112,57 4c 01 6f 00 00 09 09 00 00 ea 68 00 49 00 42 f7 c6 00 02 00 01 ff 80 ff fd 00 01 ff fb 1d 68 00 01 80 5a 00 00 15 8a 43 76 ed ad 00 00 13 f8
2314,111072,WL,flash_sample,48,60.028,1,111,1,1,1,1,0,1,1,0,2314,60028,0.035624,0.032208,-1.027728,0.020834,0.010417,-1.333376,-0.21,0.07,-0.35,54.40625,98394,55.14,246.928421021,5.112,57 4c 01 6f 00 00 09 0a 00 00 ea 7c 00 49 00 42 f7 c6 00 02 00 01 ff 80 ff fd 00 01 ff fb 1d 68 00 01 80 5a 00 00 15 8a 43 76 ed ad 00 00 13 f8
2315,111120,WL,flash_sample,48,60.048,1,111,1,1,1,1,0,1,1,0,2315,60048,0.035624,0.032208,-1.027728,0.020834,0.010417,-1.333376,-0.21,0.07,-0.35,54.40625,98394,55.14,246.928421021,5.112,57 4c 01 6f 00 00 09 0b 00 00 ea 90 00 49 00 42 f7 c6 00 02 00 01 ff 80 ff fd 00 01 ff fb 1d 68 00 01 80 5a 00 00 15 8a 43 76 ed ad 00 00 13 f8
2316,111168,WL,flash_sample,48,60.068,1,111,1,1,1,1,0,1,1,0,2316,60068,0.035624,0.032208,-1.027728,0.020834,0.010417,-1.333376,-0.21,0.07,-0.35,54.40625,98394,55.14,246.928421021,5.112,57 4c 01 6f 00 00 09 0c 00 00 ea a4 00 49 00 42 f7 c6 00 02 00 01 ff 80 ff fd 00 01 ff fb 1d 68 00 01 80 5a 00 00 15 8a 43 76 ed ad 00 00 13 f8
2317,111216,WL,flash_sample,48,60.088,1,111,1,1,1,1,0,1,1,0,2317,60088,0.035136,0.030744,-1.028216,0.052085,-0.020834,-1.364627,-0.84,-0.77,1.61,54.4453125,98346,54.81,251.02130127,5.14,57 4c 01 6f 00 00 09 0d 00 00 ea b8 00 48 00 3f f7 c5 00 05 ff fe ff 7d ff f4 ff f5 00 17 1d 72 00 01 80 2a 00 00 15 69 43 7b 05 74 00 00 14 14
2318,111264,WL,flash_sample,48,60.108,1,111,1,1,1,1,0,1,1,0,2318,60108,0.035624,0.03172,-1.028704,0.010417,-0.031251,-1.291708,-1.82,-0.07,2.66,54.40625,98326,54.76,252.728210449,5.14,57 4c 01 6f 00 00 09 0e 00 00 ea cc 00 49 00 41 f7 c4 00 01 ff fd ff 84 ff e6 ff ff 00 26 1d 68 00 01 80 16 00 00 15 64 43 7c ba 6c 00 00 14 14
2319,111312,WL,flash_sample,48,60.128,1,111,1,1,1,1,0,1,1,0,2319,60128,0.036112,0.031232,-1.028704,0.041668,-0.010417,-1.333376,-2.87,0.77,3.43,54.4453125,98325,54.83,252.812774658,5.124,57 4c 01 6f 00 00 09 0f 00 00 ea e0 00 4a 00 40 f7 c4 00 04 ff ff ff 80 ff d7 00 0b 00 31 1d 72 00 01 80 15 00 00 15 6b 43 7c d0 12 00 00 14 04
2320,111360,WL,flash_sample,48,60.148,1,111,1,1,1,1,0,1,1,0,2320,60148,0.036112,0.03172,-1.029192,0.020834,-0.031251,-1.364627,-3.15,1.54,2.87,54.421875,98324,54.89,252.897323608,5.124,57 4c 01 6f 00 00 09 10 00 00 ea f4 00 4a 00 41 f7 c3 00 02 ff fd ff 7d ff d3 00 16 00 29 1d 6c 00 01 80 14 00 00 15 71 43 7c e5 b7 00 00 14 04
2321,111408,WL,flash_sample,48,60.168,1,103,1,1,1,0,0,1,1,0,2321,60168,0.035136,0.031232,-1.030656,0.062502,-0.020834,-1.322959,-3.22,1.47,2.87,54.421875,98325,54.95,252.812774658,5.124,57 4c 01 67 00 00 09 11 00 00 eb 08 00 48 00 40 f7 c0 00 06 ff fe ff 81 ff d2 00 15 00 29 1d 6c 00 01 80 15 00 00 15 77 43 7c d0 12 00 00 14 04
2322,111456,WL,flash_sample,48,60.189,1,103,1,1,1,0,0,1,1,0,2322,60189,0.035136,0.031232,-1.030168,0.041668,-0.031251,-1.35421,-3.15,1.54,2.87,54.4140625,98329,55.01,252.471908569,5.124,57 4c 01 67 00 00 09 12 00 00 eb 1d 00 48 00 40 f7 c1 00 04 ff fd ff 7e ff d3 00 16 00 29 1d 6a 00 01 80 19 00 00 15 7d 43 7c 78 cf 00 00 14 04
2323,111504,WL,flash_sample,48,60.208,1,111,1,1,1,1,0,1,1,0,2323,60208,0.035624,0.031232,-1.02968,0.062502,-0.052085,-1.343793,-3.22,1.54,2.94,54.390625,98328,55.06,252.556472778,5.124,57 4c 01 6f 00 00 09 13 00 00 eb 30 00 49 00 40 f7 c2 00 06 ff fb ff 7f ff d2 00 16 00 2a 1d 64 00 01 80 18 00 00 15 82 43 7c 8e 75 00 00 14 04
2324,111552,WL,flash_sample,48,60.228,1,111,1,1,1,1,0,1,1,0,2324,60228,0.035624,0.031232,-1.02968,0.062502,0.0,-1.35421,-3.22,1.61,2.87,54.4296875,98325,55.11,252.812774658,5.112,57 4c 01 6f 00 00 09 14 00 00 eb 44 00 49 00 40 f7 c2 00 06 00 00 ff 7e ff d2 00 17 00 29 1d 6e 00 01 80 15 00 00 15 87 43 7c d0 12 00 00 13 f8
2325,111600,WL,flash_sample,48,60.248,1,110,0,1,1,1,0,1,1,0,2325,60248,0.0366,0.031232,-1.029192,0.041668,-0.062502,-1.322959,-3.22,1.54,2.8,54.4375,98330,55.16,252.384719849,5.112,57 4c 01 6e 00 00 09 15 00 00 eb 58 00 4b 00 40 f7 c3 00 04 ff fa ff 81 ff d2 00 16 00 28 1d 70 00 01 80 1a 00 00 15 8c 43 7c 62 7d 00 00 13 f8
2326,111648,WL,flash_sample,48,60.268,1,110,0,1,1,1,0,1,1,0,2326,60268,0.0366,0.031232,-1.029192,0.041668,-0.062502,-1.322959,-3.22,1.54,2.8,54.4375,98330,55.16,252.384719849,5.112,57 4c 01 6e 00 00 09 16 00 00 eb 6c 00 4b 00 40 f7 c3 00 04 ff fa ff 81 ff d2 00 16 00 28 1d 70 00 01 80 1a 00 00 15 8c 43 7c 62 7d 00 00 13 f8
2327,111696,WL,flash_sample,48,60.288,1,110,0,1,1,1,0,1,1,0,2327,60288,0.0366,0.031232,-1.029192,0.041668,-0.062502,-1.322959,-3.22,1.54,2.8,54.4375,98330,55.16,252.384719849,5.112,57 4c 01 6e 00 00 09 17 00 00 eb 80 00 4b 00 40 f7 c3 00 04 ff fa ff 81 ff d2 00 16 00 28 1d 70 00 01 80 1a 00 00 15 8c 43 7c 62 7d 00 00 13 f8
2328,111744,WL,flash_sample,48,60.308,1,110,0,1,1,1,0,1,1,0,2328,60308,0.0366,0.031232,-1.029192,0.041668,-0.062502,-1.322959,-3.22,1.54,2.8,54.4375,98330,55.16,252.384719849,5.112,57 4c 01 6e 00 00 09 18 00 00 eb 94 00 4b 00 40 f7 c3 00 04 ff fa ff 81 ff d2 00 16 00 28 1d 70 00 01 80 1a 00 00 15 8c 43 7c 62 7d 00 00 13 f8
2329,111792,WL,flash_sample,48,60.331,1,96,0,0,0,0,0,1,1,0,2329,60331,0.035136,0.031232,-1.027728,0.031251,-0.041668,-1.333376,-0.21,-0.56,0.28,54.4296875,98330,55.16,252.384719849,5.144,57 4c 01 60 00 00 09 19 00 00 eb ab 00 48 00 40 f7 c6 00 03 ff fc ff 80 ff fd ff f8 00 04 1d 6e 00 01 80 1a 00 00 15 8c 43 7c 62 7d 00 00 14 18
2330,111840,WL,flash_sample,48,60.348,1,110,0,1,1,1,0,1,1,0,2330,60348,0.035624,0.031232,-1.028704,0.020834,0.0,-1.333376,-1.26,-0.56,2.03,54.421875,98372,55.21,248.804443359,5.144,57 4c 01 6e 00 00 09 1a 00 00 eb bc 00 49 00 40 f7 c4 00 02 00 00 ff 80 ff ee ff f8 00 1d 1d 6c 00 01 80 44 00 00 15 91 43 78 cd f0 00 00 14 18
2331,111888,WL,flash_sample,48,60.368,1,110,0,1,1,1,0,1,1,0,2331,60368,0.035624,0.031232,-1.028704,0.020834,0.0,-1.364627,-2.24,0.14,3.08,54.46875,98328,55.06,252.556472778,5.144,57 4c 01 6e 00 00 09 1b 00 00 eb d0 00 49 00 40 f7 c4 00 02 00 00 ff 7d ff e0 00 02 00 2c 1d 78 00 01 80 18 00 00 15 82 43 7c 8e 75 00 00 14 18
2332,111936,WL,flash_sample,48,60.388,1,102,0,1,1,0,0,1,1,0,2332,60388,0.035624,0.031232,-1.030168,0.052085,-0.031251,-1.333376,-3.22,1.54,2.87,54.453125,98331,55.1,252.300170898,5.144,57 4c 01 66 00 00 09 1c 00 00 eb e4 00 49 00 40 f7 c1 00 05 ff fd ff 80 ff d2 00 16 00 29 1d 74 00 01 80 1b 00 00 15 86 43 7c 4c d8 00 00 14 18
2333,111984,WL,flash_sample,48,60.408,1,102,0,1,1,0,0,1,1,0,2333,60408,0.035136,0.03172,-1.02968,0.052085,-0.020834,-1.35421,-3.22,1.47,2.87,54.4296875,98330,55.15,252.384719849,5.144,57 4c 01 66 00 00 09 1d 00 00 eb f8 00 48 00 41 f7 c2 00 05 ff fe ff 7e ff d2 00 15 00 29 1d 6e 00 01 80 1a 00 00 15 8b 43 7c 62 7d 00 00 14 18
2334,112032,WL,flash_sample,48,60.429,1,102,0,1,1,0,0,1,1,0,2334,60429,0.036112,0.03172,-1.030656,0.031251,-0.020834,-1.343793,-3.15,1.47,2.94,54.45703125,98333,55.19,252.131057739,5.144,57 4c 01 66 00 00 09 1e 00 00 ec 0d 00 4a 00 41 f7 c0 00 03 ff fe ff 7f ff d3 00 15 00 2a 1d 75 00 01 80 1d 00 00 15 8f 43 7c 21 8d 00 00 14 18
2335,112080,WL,flash_sample,48,60.448,1,110,0,1,1,1,0,1,1,0,2335,60448,0.035136,0.031232,-1.030656,0.062502,-0.041668,-1.333376,-3.22,1.54,2.87,54.421875,98330,55.23,252.384719849,5.144,57 4c 01 6e 00 00 09 1f 00 00 ec 20 00 48 00 40 f7 c0 00 06 ff fc ff 80 ff d2 00 16 00 29 1d 6c 00 01 80 1a 00 00 15 93 43 7c 62 7d 00 00 14 18
2336,112128,WL,flash_sample,48,60.468,1,110,0,1,1,1,0,1,1,0,2336,60468,0.036112,0.03172,-1.031144,0.020834,-0.020834,-1.333376,-3.22,1.61,2.8,54.4375,98336,55.27,251.874755859,5.144,57 4c 01 6e 00 00 09 20 00 00 ec 34 00 4a 00 41 f7 bf 00 02 ff fe ff 80 ff d2 00 17 00 28 1d 70 00 01 80 20 00 00 15 97 43 7b df f0 00 00 14 18
2337,112176,WL,flash_sample,48,60.488,1,110,0,1,1,1,0,1,1,0,2337,60488,0.036112,0.030744,-1.02968,0.041668,-0.020834,-1.375044,-3.22,1.54,2.87,54.4140625,98330,55.3,252.384719849,5.144,57 4c 01 6e 00 00 09 21 00 00 ec 48 00 4a 00 3f f7 c2 00 04 ff fe ff 7c ff d2 00 16 00 29 1d 6a 00 01 80 1a 00 00 15 9a 43 7c 62 7d 00 00 14 18
2338,112224,WL,flash_sample,48,60.508,1,110,0,1,1,1,0,1,1,0,2338,60508,0.035136,0.032208,-1.02968,0.031251,-0.041668,-1.333376,-3.22,1.54,2.87,54.4296875,98335,55.34,251.959320068,5.144,57 4c 01 6e 00 00 09 22 00 00 ec 5c 00 48 00 42 f7 c2 00 03 ff fc ff 80 ff d2 00 16 00 29 1d 6e 00 01 80 1f 00 00 15 9e 43 7b f5 96 00 00 14 18
2339,112272,WL,flash_sample,48,60.528,1,110,0,1,1,1,0,1,1,0,2339,60528,0.035136,0.032208,-1.02968,0.031251,-0.041668,-1.333376,-3.22,1.54,2.87,54.4296875,98335,55.34,251.959320068,5.144,57 4c 01 6e 00 00 09 23 00 00 ec 70 00 48 00 42 f7 c2 00 03 ff fc ff 80 ff d2 00 16 00 29 1d 6e 00 01 80 1f 00 00 15 9e 43 7b f5 96 00 00 14 18
2340,112320,WL,flash_sample,48,60.548,1,110,0,1,1,1,0,1,1,0,2340,60548,0.035136,0.032208,-1.02968,0.031251,-0.041668,-1.333376,-3.22,1.54,2.87,54.4296875,98335,55.34,251.959320068,5.144,57 4c 01 6e 00 00 09 24 00 00 ec 84 00 48 00 42 f7 c2 00 03 ff fc ff 80 ff d2 00 16 00 29 1d 6e 00 01 80 1f 00 00 15 9e 43 7b f5 96 00 00 14 18
2341,112368,WL,flash_sample,48,60.568,1,110,0,1,1,1,0,1,1,0,2341,60568,0.035136,0.032208,-1.02968,0.031251,-0.041668,-1.333376,-3.22,1.54,2.87,54.4296875,98335,55.34,251.959320068,5.144,57 4c 01 6e 00 00 09 25 00 00 ec 98 00 48 00 42 f7 c2 00 03 ff fc ff 80 ff d2 00 16 00 29 1d 6e 00 01 80 1f 00 00 15 9e 43 7b f5 96 00 00 14 18
2342,112416,WL,flash_sample,48,60.588,1,110,0,1,1,1,0,1,1,0,2342,60588,0.035624,0.03172,-1.029192,0.031251,-0.010417,-1.343793,-0.49,-1.05,1.26,54.40625,98380,55.37,248.12272644,5.128,57 4c 01 6e 00 00 09 26 00 00 ec ac 00 49 00 41 f7 c3 00 03 ff ff ff 7f ff f9 ff f1 00 12 1d 68 00 01 80 4c 00 00 15 a1 43 78 1f 6b 00 00 14 08
2343,112464,WL,flash_sample,48,60.608,1,110,0,1,1,1,0,1,1,0,2343,60608,0.035624,0.031232,-1.029192,0.052085,0.010417,-1.322959,-1.61,-0.28,2.45,54.4296875,98332,55.18,252.215606689,5.128,57 4c 01 6e 00 00 09 27 00 00 ec c0 00 49 00 40 f7 c3 00 05 00 01 ff 81 ff e9 ff fc 00 23 1d 6e 00 01 80 1c 00 00 15 8e 43 7c 37 32 00 00 14 08
2344,112512,WL,flash_sample,48,60.628,1,102,0,1,1,0,0,1,1,0,2344,60628,0.035136,0.03172,-1.02968,0.020834,0.0,-1.35421,-3.08,1.19,3.22,54.484375,98333,55.22,252.131057739,5.132,57 4c 01 66 00 00 09 28 00 00 ec d4 00 48 00 41 f7 c2 00 02 00 00 ff 7e ff d4 00 11 00 2e 1d 7c 00 01 80 1d 00 00 15 92 43 7c 21 8d 00 00 14 0c
2345,112560,WL,flash_sample,48,60.648,1,102,0,1,1,0,0,1,1,0,2345,60648,0.035624,0.03172,-1.028704,0.020834,-0.010417,-1.333376,-3.15,1.54,2.87,54.42578125,98335,55.25,251.959320068,5.132,57 4c 01 66 00 00 09 29 00 00 ec e8 00 49 00 41 f7 c4 00 02 ff ff ff 80 ff d3 00 16 00 29 1d 6d 00 01 80 1f 00 00 15 95 43 7b f5 96 00 00 14 0c
2346,112608,WL,flash_sample,48,60.668,1,102,0,1,1,0,0,1,1,0,2346,60668,0.036112,0.031232,-1.02968,0.052085,-0.020834,-1.333376,-3.22,1.54,2.87,54.46875,98334,55.29,252.043869019,5.132,57 4c 01 66 00 00 09 2a 00 00 ec fc 00 4a 00 40 f7 c2 00 05 ff fe ff 80 ff d2 00 16 00 29 1d 78 00 01 80 1e 00 00 15 99 43 7c 0b 3b 00 00 14 0c
2347,112656,WL,flash_sample,48,60.688,1,110,0,1,1,1,0,1,1,0,2347,60688,0.035624,0.03172,-1.02968,0.052085,-0.031251,-1.333376,-3.22,1.54,2.87,54.45703125,98336,55.33,251.874755859,5.132,57 4c 01 6e 00 00 09 2b 00 00 ed 10 00 49 00 41 f7 c2 00 05 ff fd ff 80 ff d2 00 16 00 29 1d 75 00 01 80 20 00 00 15 9d 43 7b df f0 00 00 14 0c
2348,112704,WL,flash_sample,48,60.708,1,110,0,1,1,1,0,1,1,0,2348,60708,0.035136,0.031232,-1.02968,0.052085,0.010417,-1.333376,-3.22,1.54,2.87,54.4921875,98332,55.36,252.215606689,5.132,57 4c 01 6e 00 00 09 2c 00 00 ed 24 00 48 00 40 f7 c2 00 05 00 01 ff 80 ff d2 00 16 00 29 1d 7e 00 01 80 1c 00 00 15 a0 43 7c 37 32 00 00 14 0c
2349,112752,WL,flash_sample,48,60.728,1,110,0,1,1,1,0,1,1,0,2349,60728,0.036112,0.03172,-1.030168,0.0,-0.041668,-1.322959,-3.22,1.61,2.87,54.44140625,98336,55.39,251.874755859,5.14,57 4c 01 6e 00 00 09 2d 00 00 ed 38 00 4a 00 41 f7 c1 00 00 ff fc ff 81 ff d2 00 17 00 29 1d 71 00 01 80 20 00 00 15 a3 43 7b df f0 00 00 14 14
2350,112800,WL,flash_sample,48,60.748,1,102,0,1,1,0,0,1,1,0,2350,60748,0.036112,0.032208,-1.030656,0.062502,-0.020834,-1.333376,-3.22,1.54,2.87,54.4765625,98336,55.42,251.874755859,5.14,57 4c 01 66 00 00 09 2e 00 00 ed 4c 00 4a 00 42 f7 c0 00 06 ff fe ff 80 ff d2 00 16 00 29 1d 7a 00 01 80 20 00 00 15 a6 43 7b df f0 00 00 14 14
2351,112848,WL,flash_sample,48,60.768,1,102,0,1,1,0,0,1,1,0,2351,60768,0.036112,0.032208,-1.030656,0.062502,-0.020834,-1.333376,-3.22,1.54,2.87,54.4765625,98336,55.42,251.874755859,5.14,57 4c 01 66 00 00 09 2f 00 00 ed 60 00 4a 00 42 f7 c0 00 06 ff fe ff 80 ff d2 00 16 00 29 1d 7a 00 01 80 20 00 00 15 a6 43 7b df f0 00 00 14 14
2352,112896,WL,flash_sample,48,60.788,1,102,0,1,1,0,0,1,1,0,2352,60788,0.036112,0.032208,-1.030656,0.062502,-0.020834,-1.333376,-3.22,1.54,2.87,54.4765625,98336,55.42,251.874755859,5.14,57 4c 01 66 00 00 09 30 00 00 ed 74 00 4a 00 42 f7 c0 00 06 ff fe ff 80 ff d2 00 16 00 29 1d 7a 00 01 80 20 00 00 15 a6 43 7b df f0 00 00 14 14
2353,112944,WL,flash_sample,48,60.808,1,102,0,1,1,0,0,1,1,0,2353,60808,0.036112,0.032208,-1.030656,0.062502,-0.020834,-1.333376,-3.22,1.54,2.87,54.4765625,98336,55.42,251.874755859,5.14,57 4c 01 66 00 00 09 31 00 00 ed 88 00 4a 00 42 f7 c0 00 06 ff fe ff 80 ff d2 00 16 00 29 1d 7a 00 01 80 20 00 00 15 a6 43 7b df f0 00 00 14 14
2354,112992,WL,flash_sample,48,60.829,1,110,0,1,1,1,0,1,1,0,2354,60829,0.035136,0.03172,-1.028216,0.041668,0.0,-1.343793,-0.14,0.07,-0.35,54.5078125,98336,55.42,251.874755859,5.14,57 4c 01 6e 00 00 09 32 00 00 ed 9d 00 48 00 41 f7 c5 00 04 00 00 ff 7f ff fe 00 01 ff fb 1d 82 00 01 80 20 00 00 15 a6 43 7b df f0 00 00 14 14
2355,113040,WL,flash_sample,48,60.848,1,110,0,1,1,1,0,1,1,0,2355,60848,0.035136,0.03172,-1.028216,0.041668,0.0,-1.343793,-0.14,0.07,-0.35,54.5078125,98336,55.42,251.874755859,5.14,57 4c 01 6e 00 00 09 33 00 00 ed b0 00 48 00 41 f7 c5 00 04 00 00 ff 7f ff fe 00 01 ff fb 1d 82 00 01 80 20 00 00 15 a6 43 7b df f0 00 00 14 14
2356,113088,WL,flash_sample,48,60.868,1,110,0,1,1,1,0,1,1,0,2356,60868,0.035136,0.03172,-1.028216,0.041668,0.0,-1.343793,-0.14,0.07,-0.35,54.5078125,98336,55.42,251.874755859,5.14,57 4c 01 6e 00 00 09 34 00 00 ed c4 00 48 00 41 f7 c5 00 04 00 00 ff 7f ff fe 00 01 ff fb 1d 82 00 01 80 20 00 00 15 a6 43 7b df f0 00 00 14 14
2357,113136,WL,flash_sample,48,60.888,1,110,0,1,1,1,0,1,1,0,2357,60888,0.035136,0.03172,-1.028216,0.041668,0.0,-1.343793,-0.14,0.07,-0.35,54.5078125,98336,55.42,251.874755859,5.14,57 4c 01 6e 00 00 09 35 00 00 ed d8 00 48 00 41 f7 c5 00 04 00 00 ff 7f ff fe 00 01 ff fb 1d 82 00 01 80 20 00 00 15 a6 43 7b df f0 00 00 14 14
2358,113184,WL,flash_sample,48,60.908,1,110,0,1,1,1,0,1,1,0,2358,60908,0.035136,0.03172,-1.028216,0.041668,0.0,-1.343793,-0.14,0.07,-0.35,54.5078125,98336,55.42,251.874755859,5.14,57 4c 01 6e 00 00 09 36 00 00 ed ec 00 48 00 41 f7 c5 00 04 00 00 ff 7f ff fe 00 01 ff fb 1d 82 00 01 80 20 00 00 15 a6 43 7b df f0 00 00 14 14
2359,113232,WL,flash_sample,48,60.928,1,110,0,1,1,1,0,1,1,0,2359,60928,0.035136,0.03172,-1.028216,0.041668,0.0,-1.343793,-0.14,0.07,-0.35,54.5078125,98336,55.42,251.874755859,5.14,57 4c 01 6e 00 00 09 37 00 00 ee 00 00 48 00 41 f7 c5 00 04 00 00 ff 7f ff fe 00 01 ff fb 1d 82 00 01 80 20 00 00 15 a6 43 7b df f0 00 00 14 14
2360,113280,WL,flash_sample,48,60.948,1,110,0,1,1,1,0,1,1,0,2360,60948,0.035136,0.03172,-1.028216,0.041668,0.0,-1.343793,-0.14,0.07,-0.35,54.5078125,98336,55.42,251.874755859,5.14,57 4c 01 6e 00 00 09 38 00 00 ee 14 00 48 00 41 f7 c5 00 04 00 00 ff 7f ff fe 00 01 ff fb 1d 82 00 01 80 20 00 00 15 a6 43 7b df f0 00 00 14 14
2361,113328,WL,flash_sample,48,60.968,1,110,0,1,1,1,0,1,1,0,2361,60968,0.036112,0.031232,-1.028216,0.052085,-0.020834,-1.35421,-0.14,0.07,-0.35,54.4140625,98392,55.45,247.09753418,5.14,57 4c 01 6e 00 00 09 39 00 00 ee 28 00 4a 00 40 f7 c5 00 05 ff fe ff 7e ff fe 00 01 ff fb 1d 6a 00 01 80 58 00 00 15 a9 43 77 18 f8 00 00 14 14
2362,113376,WL,flash_sample,48,60.988,1,110,0,1,1,1,0,1,1,0,2362,60988,0.036112,0.031232,-1.028216,0.052085,-0.020834,-1.35421,-0.14,0.07,-0.35,54.4140625,98392,55.45,247.09753418,5.14,57 4c 01 6e 00 00 09 3a 00 00 ee 3c 00 4a 00 40 f7 c5 00 05 ff fe ff 7e ff fe 00 01 ff fb 1d 6a 00 01 80 58 00 00 15 a9 43 77 18 f8 00 00 14 14
2363,113424,WL,flash_sample,48,61.009,1,110,0,1,1,1,0,1,1,0,2363,61009,0.035136,0.032208,-1.028704,0.062502,-0.010417,-1.333376,-0.21,0.14,-0.35,54.4140625,98392,55.45,247.09753418,5.14,57 4c 01 6e 00 00 09 3b 00 00 ee 51 00 48 00 42 f7 c4 00 06 ff ff ff 80 ff fd 00 02 ff fb 1d 6a 00 01 80 58 00 00 15 a9 43 77 18 f8 00 00 14 14
2364,113472,WL,flash_sample,48,61.028,1,110,0,1,1,1,0,1,1,0,2364,61028,0.035136,0.032208,-1.028704,0.062502,-0.010417,-1.333376,-0.21,0.14,-0.35,54.4140625,98392,55.45,247.09753418,5.14,57 4c 01 6e 00 00 09 3c 00 00 ee 64 00 48 00 42 f7 c4 00 06 ff ff ff 80 ff fd 00 02 ff fb 1d 6a 00 01 80 58 00 00 15 a9 43 77 18 f8 00 00 14 14
2365,113520,WL,flash_sample,48,61.048,1,110,0,1,1,1,0,1,1,0,2365,61048,0.035136,0.032208,-1.028704,0.062502,-0.010417,-1.333376,-0.21,0.14,-0.35,54.4140625,98392,55.45,247.09753418,5.14,57 4c 01 6e 00 00 09 3d 00 00 ee 78 00 48 00 42 f7 c4 00 06 ff ff ff 80 ff fd 00 02 ff fb 1d 6a 00 01 80 58 00 00 15 a9 43 77 18 f8 00 00 14 14
2366,113568,WL,flash_sample,48,61.068,1,110,0,1,1,1,0,1,1,0,2366,61068,0.035136,0.032208,-1.028704,0.062502,-0.010417,-1.333376,-0.21,0.14,-0.35,54.4140625,98392,55.45,247.09753418,5.14,57 4c 01 6e 00 00 09 3e 00 00 ee 8c 00 48 00 42 f7 c4 00 06 ff ff ff 80 ff fd 00 02 ff fb 1d 6a 00 01 80 58 00 00 15 a9 43 77 18 f8 00 00 14 14
2367,113616,WL,flash_sample,48,61.093,1,64,0,0,0,0,0,0,1,0,2367,61093,0.036112,0.031232,-1.028216,0.020834,0.0,-1.364627,-0.21,-0.63,0.35,54.44140625,98347,54.91,250.936752319,5.144,57 4c 01 40 00 00 09 3f 00 00 ee a5 00 4a 00 40 f7 c5 00 02 00 00 ff 7d ff fd ff f7 00 05 1d 71 00 01 80 2b 00 00 15 73 43 7a ef cf 00 00 14 18
2368,113664,WL,flash_sample,48,61.108,1,102,0,1,1,0,0,1,1,0,2368,61108,0.035624,0.031232,-1.029192,0.041668,-0.010417,-1.364627,-1.26,-0.56,2.03,54.4453125,98319,54.75,253.325363159,5.124,57 4c 01 66 00 00 09 40 00 00 ee b4 00 49 00 40 f7 c3 00 04 ff ff ff 7d ff ee ff f8 00 1d 1d 72 00 01 80 0f 00 00 15 63 43 7d 53 4b 00 00 14 04
2369,113712,WL,flash_sample,48,61.128,1,102,0,1,1,0,0,1,1,0,2369,61128,0.035624,0.03172,-1.028704,0.052085,-0.041668,-1.343793,-2.17,0.21,3.08,54.4453125,98321,54.84,253.153625488,5.14,57 4c 01 66 00 00 09 41 00 00 ee c8 00 49 00 41 f7 c4 00 05 ff fc ff 7f ff e1 00 03 00 2c 1d 72 00 01 80 11 00 00 15 6c 43 7d 27 54 00 00 14 14
2370,113760,WL,flash_sample,48,61.148,1,110,0,1,1,1,0,1,1,0,2370,61148,0.035624,0.031232,-1.02968,0.020834,0.0,-1.312542,-3.22,1.47,2.87,54.4609375,98323,54.91,252.981872559,5.14,57 4c 01 6e 00 00 09 42 00 00 ee dc 00 49 00 40 f7 c2 00 02 00 00 ff 82 ff d2 00 15 00 29 1d 76 00 01 80 13 00 00 15 73 43 7c fb 5c 00 00 14 14
2371,113808,WL,flash_sample,48,61.168,1,110,0,1,1,1,0,1,1,0,2371,61168,0.035624,0.031232,-1.02968,0.020834,-0.020834,-1.364627,-3.22,1.47,2.87,54.49609375,98324,54.97,252.897323608,5.14,57 4c 01 6e 00 00 09 43 00 00 ee f0 00 49 00 40 f7 c2 00 02 ff fe ff 7d ff d2 00 15 00 29 1d 7f 00 01 80 14 00 00 15 79 43 7c e5 b7 00 00 14 14
2372,113856,WL,flash_sample,48,61.189,1,110,0,1,1,1,0,1,1,0,2372,61189,0.035624,0.031232,-1.029192,0.031251,0.0,-1.333376,-3.15,1.61,2.87,54.47265625,98326,55.03,252.728210449,5.14,57 4c 01 6e 00 00 09 44 00 00 ef 05 00 49 00 40 f7 c3 00 03 00 00 ff 80 ff d3 00 17 00 29 1d 79 00 01 80 16 00 00 15 7f 43 7c ba 6c 00 00 14 14
2373,113904,WL,flash_sample,48,61.208,1,102,0,1,1,0,0,1,1,0,2373,61208,0.0366,0.03172,-1.030656,0.041668,0.010417,-1.322959,-3.22,1.54,2.87,54.44140625,98328,55.09,252.556472778,5.14,57 4c 01 66 00 00 09 45 00 00 ef 18 00 4b 00 41 f7 c0 00 04 00 01 ff 81 ff d2 00 16 00 29 1d 71 00 01 80 18 00 00 15 85 43 7c 8e 75 00 00 14 14
2374,113952,WL,flash_sample,48,61.228,1,102,0,1,1,0,0,1,1,0,2374,61228,0.036112,0.03172,-1.030168,0.031251,-0.020834,-1.333376,-3.15,1.54,2.87,54.46875,98323,55.14,252.981872559,5.144,57 4c 01 66 00 00 09 46 00 00 ef 2c 00 4a 00 41 f7 c1 00 03 ff fe ff 80 ff d3 00 16 00 29 1d 78 00 01 80 13 00 00 15 8a 43 7c fb 5c 00 00 14 18
2375,114000,WL,flash_sample,48,61.248,1,103,1,1,1,0,0,1,1,0,2375,61248,0.036112,0.032208,-1.030168,0.072919,-0.010417,-1.322959,-3.15,1.54,2.87,54.46484375,98333,55.19,252.131057739,5.144,57 4c 01 67 00 00 09 47 00 00 ef 40 00 4a 00 42 f7 c1 00 07 ff ff ff 81 ff d3 00 16 00 29 1d 77 00 01 80 1d 00 00 15 8f 43 7c 21 8d 00 00 14 18
2376,114048,WL,flash_sample,48,61.268,1,111,1,1,1,1,0,1,1,0,2376,61268,0.035136,0.03172,-1.030656,0.052085,-0.010417,-1.35421,-3.15,1.54,2.87,54.48046875,98333,55.19,252.131057739,5.144,57 4c 01 6f 00 00 09 48 00 00 ef 54 00 48 00 41 f7 c0 00 05 ff ff ff 7e ff d3 00 16 00 29 1d 7b 00 01 80 1d 00 00 15 8f 43 7c 21 8d 00 00 14 18
2377,114096,WL,flash_sample,48,61.288,1,111,1,1,1,1,0,1,1,0,2377,61288,0.035136,0.03172,-1.030656,0.052085,-0.010417,-1.35421,-3.15,1.54,2.87,54.48046875,98333,55.19,252.131057739,5.144,57 4c 01 6f 00 00 09 49 00 00 ef 68 00 48 00 41 f7 c0 00 05 ff ff ff 7e ff d3 00 16 00 29 1d 7b 00 01 80 1d 00 00 15 8f 43 7c 21 8d 00 00 14 18
2378,114144,WL,flash_sample,48,61.308,1,111,1,1,1,1,0,1,1,0,2378,61308,0.035136,0.03172,-1.030656,0.052085,-0.010417,-1.35421,-3.15,1.54,2.87,54.48046875,98333,55.19,252.131057739,5.144,57 4c 01 6f 00 00 09 4a 00 00 ef 7c 00 48 00 41 f7 c0 00 05 ff ff ff 7e ff d3 00 16 00 29 1d 7b 00 01 80 1d 00 00 15 8f 43 7c 21 8d 00 00 14 18
2379,114192,WL,flash_sample,48,61.328,1,111,1,1,1,1,0,1,1,0,2379,61328,0.035136,0.03172,-1.030656,0.052085,-0.010417,-1.35421,-3.15,1.54,2.87,54.48046875,98333,55.19,252.131057739,5.144,57 4c 01 6f 00 00 09 4b 00 00 ef 90 00 48 00 41 f7 c0 00 05 ff ff ff 7e ff d3 00 16 00 29 1d 7b 00 01 80 1d 00 00 15 8f 43 7c 21 8d 00 00 14 18
2380,114240,WL,flash_sample,48,61.348,1,103,1,1,1,0,0,1,1,0,2380,61348,0.035624,0.031232,-1.028704,0.010417,0.010417,-1.395878,-0.49,-0.98,1.26,54.4609375,98336,55.24,251.874755859,5.144,57 4c 01 67 00 00 09 4c 00 00 ef a4 00 49 00 40 f7 c4 00 01 00 01 ff 7a ff f9 ff f2 00 12 1d 76 00 01 80 20 00 00 15 94 43 7b df f0 00 00 14 18
2381,114288,WL,flash_sample,48,61.368,1,103,1,1,1,0,0,1,1,0,2381,61368,0.035136,0.031232,-1.029192,0.031251,-0.020834,-1.333376,-1.68,-0.28,2.45,54.41015625,98327,55.06,252.641021729,5.144,57 4c 01 67 00 00 09 4d 00 00 ef b8 00 48 00 40 f7 c3 00 03 ff fe ff 80 ff e8 ff fc 00 23 1d 69 00 01 80 17 00 00 15 82 43 7c a4 1a 00 00 14 18
2382,114336,WL,flash_sample,48,61.388,1,111,1,1,1,1,0,1,1,0,2382,61388,0.035624,0.030744,-1.030168,0.041668,0.0,-1.364627,-3.08,1.26,3.15,54.47265625,98329,55.12,252.471908569,5.144,57 4c 01 6f 00 00 09 4e 00 00 ef cc 00 49 00 3f f7 c1 00 04 00 00 ff 7d ff d4 00 12 00 2d 1d 79 00 01 80 19 00 00 15 88 43 7c 78 cf 00 00 14 18
2383,114384,WL,flash_sample,48,61.408,1,111,1,1,1,1,0,1,1,0,2383,61408,0.035624,0.03172,-1.030168,0.020834,0.020834,-1.322959,-3.22,1.54,2.87,54.51171875,98331,55.17,252.300170898,5.144,57 4c 01 6f 00 00 09 4f 00 00 ef e0 00 49 00 41 f7 c1 00 02 00 02 ff 81 ff d2 00 16 00 29 1d 83 00 01 80 1b 00 00 15 8d 43 7c 4c d8 00 00 14 18
2384,114432,WL,flash_sample,48,61.428,1,111,1,1,1,1,0,1,1,0,2384,61428,0.036112,0.03172,-1.028704,0.062502,0.0,-1.343793,-3.15,1.54,2.94,54.48046875,98332,55.22,252.215606689,5.132,57 4c 01 6f 00 00 09 50 00 00 ef f4 00 4a 00 41 f7 c4 00 06 00 00 ff 7f ff d3 00 16 00 2a 1d 7b 00 01 80 1c 00 00 15 92 43 7c 37 32 00 00 14 0c
2385,114480,WL,flash_sample,48,61.448,1,103,1,1,1,0,0,1,1,0,2385,61448,0.035624,0.031232,-1.030168,0.041668,0.041668,-1.343793,-3.15,1.54,2.87,54.46484375,98332,55.26,252.215606689,5.132,57 4c 01 67 00 00 09 51 00 00 f0 08 00 49 00 40 f7 c1 00 04 00 04 ff 7f ff d3 00 16 00 29 1d 77 00 01 80 1c 00 00 15 96 43 7c 37 32 00 00 14 0c
2386,114528,WL,flash_sample,48,61.468,1,103,1,1,1,0,0,1,1,0,2386,61468,0.035624,0.03172,-1.031144,0.020834,0.010417,-1.333376,-3.15,1.54,2.8,54.4609375,98334,55.3,252.043869019,5.132,57 4c 01 67 00 00 09 52 00 00 f0 1c 00 49 00 41 f7 bf 00 02 00 01 ff 80 ff d3 00 16 00 28 1d 76 00 01 80 1e 00 00 15 9a 43 7c 0b 3b 00 00 14 0c
2387,114576,WL,flash_sample,48,61.488,1,103,1,1,1,0,0,1,1,0,2387,61488,0.035624,0.03172,-1.030168,0.062502,0.0,-1.302125,-3.15,1.54,2.87,54.4609375,98333,55.34,252.131057739,5.132,57 4c 01 67 00 00 09 53 00 00 f0 30 00 49 00 41 f7 c1 00 06 00 00 ff 83 ff d3 00 16 00 29 1d 76 00 01 80 1d 00 00 15 9e 43 7c 21 8d 00 00 14 0c
2388,114624,WL,flash_sample,48,61.508,1,111,1,1,1,1,0,1,1,0,2388,61508,0.035624,0.032208,-1.030656,0.020834,-0.041668,-1.375044,-3.22,1.54,2.87,54.48828125,98334,55.38,252.043869019,5.132,57 4c 01 6f 00 00 09 54 00 00 f0 44 00 49 00 42 f7 c0 00 02 ff fc ff 7c ff d2 00 16 00 29 1d 7d 00 01 80 1e 00 00 15 a2 43 7c 0b 3b 00 00 14 0c
2389,114672,WL,flash_sample,48,61.528,1,111,1,1,1,1,0,1,1,0,2389,61528,0.035624,0.032208,-1.030656,0.020834,-0.041668,-1.375044,-3.22,1.54,2.87,54.48828125,98334,55.38,252.043869019,5.132,57 4c 01 6f 00 00 09 55 00 00 f0 58 00 49 00 42 f7 c0 00 02 ff fc ff 7c ff d2 00 16 00 29 1d 7d 00 01 80 1e 00 00 15 a2 43 7c 0b 3b 00 00 14 0c
2390,114720,WL,flash_sample,48,61.548,1,111,1,1,1,1,0,1,1,0,2390,61548,0.035624,0.032208,-1.030656,0.020834,-0.041668,-1.375044,-3.22,1.54,2.87,54.48828125,98334,55.38,252.043869019,5.132,57 4c 01 6f 00 00 09 56 00 00 f0 6c 00 49 00 42 f7 c0 00 02 ff fc ff 7c ff d2 00 16 00 29 1d 7d 00 01 80 1e 00 00 15 a2 43 7c 0b 3b 00 00 14 0c
2391,114768,WL,flash_sample,48,61.568,1,111,1,1,1,1,0,1,1,0,2391,61568,0.035624,0.032208,-1.030656,0.020834,-0.041668,-1.375044,-3.22,1.54,2.87,54.48828125,98334,55.38,252.043869019,5.132,57 4c 01 6f 00 00 09 57 00 00 f0 80 00 49 00 42 f7 c0 00 02 ff fc ff 7c ff d2 00 16 00 29 1d 7d 00 01 80 1e 00 00 15 a2 43 7c 0b 3b 00 00 14 0c
2392,114816,WL,flash_sample,48,61.591,1,65,1,0,0,0,0,0,1,0,2392,61591,0.035624,0.03172,-1.028216,0.041668,-0.020834,-1.322959,-0.21,0.0,-0.28,54.484375,98338,55.41,251.703018188,5.132,57 4c 01 41 00 00 09 58 00 00 f0 97 00 49 00 41 f7 c5 00 04 ff fe ff 81 ff fd 00 00 ff fc 1d 7c 00 01 80 22 00 00 15 a5 43 7b b3 f9 00 00 14 0c
2393,114864,WL,flash_sample,48,61.608,1,111,1,1,1,1,0,1,1,0,2393,61608,0.035624,0.030744,-1.028704,0.0,-0.062502,-1.343793,-1.54,-0.28,2.31,54.49609375,98332,55.19,252.215606689,5.132,57 4c 01 6f 00 00 09 59 00 00 f0 a8 00 49 00 3f f7 c4 00 00 ff fa ff 7f ff ea ff fc 00 21 1d 7f 00 01 80 1c 00 00 15 8f 43 7c 37 32 00 00 14 0c
2394,114912,WL,flash_sample,48,61.628,1,111,1,1,1,1,0,1,1,0,2394,61628,0.035624,0.03172,-1.02968,0.041668,0.020834,-1.333376,-2.45,0.35,3.29,54.49609375,98331,55.24,252.300170898,5.14,57 4c 01 6f 00 00 09 5a 00 00 f0 bc 00 49 00 41 f7 c2 00 04 00 02 ff 80 ff dd 00 05 00 2f 1d 7f 00 01 80 1b 00 00 15 94 43 7c 4c d8 00 00 14 14
2395,114960,WL,flash_sample,48,61.648,1,111,1,1,1,1,0,1,1,0,2395,61648,0.035624,0.030744,-1.029192,0.031251,0.010417,-1.364627,-3.15,1.54,2.87,54.5390625,98333,55.28,252.131057739,5.14,57 4c 01 6f 00 00 09 5b 00 00 f0 d0 00 49 00 3f f7 c3 00 03 00 01 ff 7d ff d3 00 16 00 29 1d 8a 00 01 80 1d 00 00 15 98 43 7c 21 8d 00 00 14 14
2396,115008,WL,flash_sample,48,61.668,1,111,1,1,1,1,0,1,1,0,2396,61668,0.036112,0.03172,-1.030656,0.031251,-0.010417,-1.343793,-3.22,1.54,2.87,54.49609375,98333,55.32,252.131057739,5.14,57 4c 01 6f 00 00 09 5c 00 00 f0 e4 00 4a 00 41 f7 c0 00 03 ff ff ff 7f ff d2 00 16 00 29 1d 7f 00 01 80 1d 00 00 15 9c 43 7c 21 8d 00 00 14 14
2397,115056,WL,flash_sample,48,61.689,1,103,1,1,1,0,0,1,1,0,2397,61689,0.035624,0.031232,-1.02968,0.010417,-0.020834,-1.322959,-3.22,1.54,2.87,54.49609375,98333,55.36,252.131057739,5.14,57 4c 01 67 00 00 09 5d 00 00 f0 f9 00 49 00 40 f7 c2 00 01 ff fe ff 81 ff d2 00 16 00 29 1d 7f 00 01 80 1d 00 00 15 a0 43 7c 21 8d 00 00 14 14
2398,115104,WL,flash_sample,48,61.708,1,103,1,1,1,0,0,1,1,0,2398,61708,0.035624,0.03172,-1.030656,0.010417,-0.010417,-1.333376,-3.22,1.54,2.87,54.5234375,98333,55.39,252.131057739,5.14,57 4c 01 67 00 00 09 5e 00 00 f1 0c 00 49 00 41 f7 c0 00 01 ff ff ff 80 ff d2 00 16 00 29 1d 86 00 01 80 1d 00 00 15 a3 43 7c 21 8d 00 00 14 14
2399,115152,WL,flash_sample,48,61.728,1,111,1,1,1,1,0,1,1,0,2399,61728,0.035624,0.03172,-1.029192,0.041668,-0.010417,-1.364627,-3.22,1.54,2.94,54.50390625,98334,55.43,252.043869019,5.124,57 4c 01 6f 00 00 09 5f 00 00 f1 20 00 49 00 41 f7 c3 00 04 ff ff ff 7d ff d2 00 16 00 2a 1d 81 00 01 80 1e 00 00 15 a7 43 7c 0b 3b 00 00 14 04
2400,115200,WL,flash_sample,48,61.748,1,111,1,1,1,1,0,1,1,0,2400,61748,0.036112,0.032208,-1.02968,0.041668,-0.010417,-1.333376,-3.15,1.54,2.87,54.49609375,98336,55.46,251.874755859,5.124,57 4c 01 6f 00 00 09 60 00 00 f1 34 00 4a 00 42 f7 c2 00 04 ff ff ff 80 ff d3 00 16 00 29 1d 7f 00 01 80 20 00 00 15 aa 43 7b df f0 00 00 14 04
2401,115248,WL,flash_sample,48,61.768,1,103,1,1,1,0,0,1,1,0,2401,61768,0.035624,0.03172,-1.02968,0.072919,0.0,-1.35421,-3.22,1.54,2.87,54.49609375,98336,55.46,251.874755859,5.124,57 4c 01 67 00 00 09 61 00 00 f1 48 00 49 00 41 f7 c2 00 07 00 00 ff 7e ff d2 00 16 00 29 1d 7f 00 01 80 20 00 00 15 aa 43 7b df f0 00 00 14 04
2402,115296,WL,flash_sample,48,61.788,1,103,1,1,1,0,0,1,1,0,2402,61788,0.035624,0.03172,-1.02968,0.072919,0.0,-1.35421,-3.22,1.54,2.87,54.49609375,98336,55.46,251.874755859,5.124,57 4c 01 67 00 00 09 62 00 00 f1 5c 00 49 00 41 f7 c2 00 07 00 00 ff 7e ff d2 00 16 00 29 1d 7f 00 01 80 20 00 00 15 aa 43 7b df f0 00 00 14 04
2403,115344,WL,flash_sample,48,61.808,1,103,1,1,1,0,0,1,1,0,2403,61808,0.035624,0.03172,-1.02968,0.072919,0.0,-1.35421,-3.22,1.54,2.87,54.49609375,98336,55.46,251.874755859,5.124,57 4c 01 67 00 00 09 63 00 00 f1 70 00 49 00 41 f7 c2 00 07 00 00 ff 7e ff d2 00 16 00 29 1d 7f 00 01 80 20 00 00 15 aa 43 7b df f0 00 00 14 04
2404,115392,WL,flash_sample,48,61.828,1,103,1,1,1,0,0,1,1,0,2404,61828,0.035624,0.03172,-1.02968,0.072919,0.0,-1.35421,-3.22,1.54,2.87,54.49609375,98336,55.46,251.874755859,5.124,57 4c 01 67 00 00 09 64 00 00 f1 84 00 49 00 41 f7 c2 00 07 00 00 ff 7e ff d2 00 16 00 29 1d 7f 00 01 80 20 00 00 15 aa 43 7b df f0 00 00 14 04
2405,115440,WL,flash_sample,48,61.848,1,111,1,1,1,1,0,1,1,0,2405,61848,0.035624,0.03172,-1.028216,0.031251,0.0,-1.364627,-0.14,0.07,-0.35,54.46875,98343,55.49,251.277603149,5.124,57 4c 01 6f 00 00 09 65 00 00 f1 98 00 49 00 41 f7 c5 00 03 00 00 ff 7d ff fe 00 01 ff fb 1d 78 00 01 80 27 00 00 15 ad 43 7b 47 11 00 00 14 04
2406,115488,WL,flash_sample,48,61.868,1,111,1,1,1,1,0,1,1,0,2406,61868,0.035624,0.03172,-1.028216,0.031251,0.0,-1.364627,-0.14,0.07,-0.35,54.46875,98343,55.49,251.277603149,5.124,57 4c 01 6f 00 00 09 66 00 00 f1 ac 00 49 00 41 f7 c5 00 03 00 00 ff 7d ff fe 00 01 ff fb 1d 78 00 01 80 27 00 00 15 ad 43 7b 47 11 00 00 14 04
2407,115536,WL,flash_sample,48,61.888,1,111,1,1,1,1,0,1,1,0,2407,61888,0.035624,0.03172,-1.028216,0.031251,0.0,-1.364627,-0.14,0.07,-0.35,54.46875,98343,55.49,251.277603149,5.124,57 4c 01 6f 00 00 09 67 00 00 f1 c0 00 49 00 41 f7 c5 00 03 00 00 ff 7d ff fe 00 01 ff fb 1d 78 00 01 80 27 00 00 15 ad 43 7b 47 11 00 00 14 04
2408,115584,WL,flash_sample,48,61.908,1,111,1,1,1,1,0,1,1,0,2408,61908,0.035624,0.03172,-1.028216,0.031251,0.0,-1.364627,-0.14,0.07,-0.35,54.46875,98343,55.49,251.277603149,5.124,57 4c 01 6f 00 00 09 68 00 00 f1 d4 00 49 00 41 f7 c5 00 03 00 00 ff 7d ff fe 00 01 ff fb 1d 78 00 01 80 27 00 00 15 ad 43 7b 47 11 00 00 14 04
2409,115632,WL,flash_sample,48,61.928,1,111,1,1,1,1,0,1,1,0,2409,61928,0.035624,0.03172,-1.028216,0.031251,0.0,-1.364627,-0.14,0.07,-0.35,54.46875,98343,55.49,251.277603149,5.124,57 4c 01 6f 00 00 09 69 00 00 f1 e8 00 49 00 41 f7 c5 00 03 00 00 ff 7d ff fe 00 01 ff fb 1d 78 00 01 80 27 00 00 15 ad 43 7b 47 11 00 00 14 04
2410,115680,WL,flash_sample,48,61.948,1,111,1,1,1,1,0,1,1,0,2410,61948,0.035624,0.03172,-1.028216,0.031251,0.0,-1.364627,-0.14,0.07,-0.35,54.46875,98343,55.49,251.277603149,5.124,57 4c 01 6f 00 00 09 6a 00 00 f1 fc 00 49 00 41 f7 c5 00 03 00 00 ff 7d ff fe 00 01 ff fb 1d 78 00 01 80 27 00 00 15 ad 43 7b 47 11 00 00 14 04
