packet_index,byte_offset,packet_id,packet_type,frame_length,time_seconds,record_version,status_byte0,heartbeat_phase,low_g_valid,gyro_valid,imu_temperature_valid,flash_init_failed,high_g_valid,barometer_valid,logging_failed,sequence,uptime,low_accel_x,low_accel_y,low_accel_z,high_accel_x,high_accel_y,high_accel_z,gyro_x,gyro_y,gyro_z,lsm6_temperature,pressure,ms5607_temperature,barometric_altitude,witness_battery_voltage,raw_packet_hex
0,0,WL,flash_sample,48,17.598,1,111,1,1,1,1,0,1,1,0,434,17598,0.017568,0.0366,-1.02236,0.052085,-0.010417,-1.375044,-2.94,1.47,2.66,37.3046875,98361,38.48,249.742446899,5.092,57 4c 01 6f 00 00 01 b2 00 00 44 be 00 24 00 4b f7 d1 00 05 ff ff ff 7c ff d6 00 15 00 26 0c 4e 00 01 80 39 00 00 0f 08 43 79 be 11 00 00 13 e4
1,48,WL,flash_sample,48,17.618,1,111,1,1,1,1,0,1,1,0,435,17618,0.01708,0.037088,-1.021872,0.031251,0.010417,-1.385461,-2.94,1.4,2.66,37.33203125,98361,38.5,249.742446899,5.092,57 4c 01 6f 00 00 01 b3 00 00 44 d2 00 23 00 4c f7 d2 00 03 00 01 ff 7b ff d6 00 14 00 26 0c 55 00 01 80 39 00 00 0f 0a 43 79 be 11 00 00 13 e4
2,96,WL,flash_sample,48,17.638,1,103,1,1,1,0,0,1,1,0,436,17638,0.017568,0.037088,-1.021872,0.020834,0.010417,-1.406295,-2.94,1.4,2.66,37.32421875,98362,38.53,249.65524292,5.076,57 4c 01 67 00 00 01 b4 00 00 44 e6 00 24 00 4c f7 d2 00 02 00 01 ff 79 ff d6 00 14 00 26 0c 53 00 01 80 3a 00 00 0f 0d 43 79 a7 be 00 00 13 d4
3,144,WL,flash_sample,48,17.658,1,103,1,1,1,0,0,1,1,0,437,17658,0.017568,0.037576,-1.022848,0.010417,0.010417,-1.395878,-2.94,1.47,2.66,37.33203125,98364,38.55,249.48614502,5.076,57 4c 01 67 00 00 01 b5 00 00 44 fa 00 24 00 4d f7 d0 00 01 00 01 ff 7a ff d6 00 15 00 26 0c 55 00 01 80 3c 00 00 0f 0f 43 79 7c 74 00 00 13 d4
4,192,WL,flash_sample,48,17.678,1,103,1,1,1,0,0,1,1,0,438,17678,0.016592,0.037088,-1.02236,0.041668,-0.010417,-1.395878,-3.01,1.4,2.66,37.32421875,98367,38.57,249.22984314,5.076,57 4c 01 67 00 00 01 b6 00 00 45 0e 00 22 00 4c f7 d1 00 04 ff ff ff 7a ff d5 00 14 00 26 0c 53 00 01 80 3f 00 00 0f 11 43 79 3a d7 00 00 13 d4
5,240,WL,flash_sample,48,17.698,1,111,1,1,1,1,0,1,1,0,439,17698,0.01708,0.037576,-1.021872,0.041668,-0.031251,-1.385461,-2.94,1.47,2.66,37.359375,98364,38.59,249.48614502,5.076,57 4c 01 6f 00 00 01 b7 00 00 45 22 00 23 00 4d f7 d2 00 04 ff fd ff 7b ff d6 00 15 00 26 0c 5c 00 01 80 3c 00 00 0f 13 43 79 7c 74 00 00 13 d4
6,288,WL,flash_sample,48,17.718,1,111,1,1,1,1,0,1,1,0,440,17718,0.01708,0.037576,-1.021872,0.041668,-0.010417,-1.385461,-2.94,1.47,2.59,37.30078125,98367,38.61,249.22984314,5.076,57 4c 01 6f 00 00 01 b8 00 00 45 36 00 23 00 4d f7 d2 00 04 ff ff ff 7b ff d6 00 15 00 25 0c 4d 00 01 80 3f 00 00 0f 15 43 79 3a d7 00 00 13 d4
7,336,WL,flash_sample,48,17.738,1,111,1,1,1,1,0,1,1,0,441,17738,0.017568,0.037088,-1.02236,0.031251,0.010417,-1.395878,-2.94,1.4,2.73,37.32421875,98367,38.63,249.22984314,5.104,57 4c 01 6f 00 00 01 b9 00 00 45 4a 00 24 00 4c f7 d1 00 03 00 01 ff 7a ff d6 00 14 00 27 0c 53 00 01 80 3f 00 00 0f 17 43 79 3a d7 00 00 13 f0
8,384,WL,flash_sample,48,17.758,1,103,1,1,1,0,0,1,1,0,442,17758,0.018056,0.037576,-1.02236,0.010417,0.041668,-1.395878,-2.94,1.47,2.66,37.32421875,98364,38.64,249.48614502,5.104,57 4c 01 67 00 00 01 ba 00 00 45 5e 00 25 00 4d f7 d1 00 01 00 04 ff 7a ff d6 00 15 00 26 0c 53 00 01 80 3c 00 00 0f 18 43 79 7c 74 00 00 13 f0
9,432,WL,flash_sample,48,17.778,1,103,1,1,1,0,0,1,1,0,443,17778,0.016592,0.037088,-1.02236,0.041668,0.031251,-1.395878,-2.94,1.47,2.66,37.33984375,98367,38.66,249.22984314,5.104,57 4c 01 67 00 00 01 bb 00 00 45 72 00 22 00 4c f7 d1 00 04 00 03 ff 7a ff d6 00 15 00 26 0c 57 00 01 80 3f 00 00 0f 1a 43 79 3a d7 00 00 13 f0
10,480,WL,flash_sample,48,17.798,1,103,1,1,1,0,0,1,1,0,444,17798,0.01708,0.037576,-1.022848,0.052085,0.0,-1.375044,-2.94,1.47,2.66,37.359375,98368,38.67,249.145294189,5.104,57 4c 01 67 00 00 01 bc 00 00 45 86 00 23 00 4d f7 d0 00 05 00 00 ff 7c ff d6 00 15 00 26 0c 5c 00 01 80 40 00 00 0f 1b 43 79 25 32 00 00 13 f0
11,528,WL,flash_sample,48,17.818,1,111,1,1,1,1,0,1,1,0,445,17818,0.01708,0.037576,-1.021384,0.010417,0.010417,-1.385461,-2.94,1.47,2.66,37.33203125,98368,38.68,249.145294189,5.104,57 4c 01 6f 00 00 01 bd 00 00 45 9a 00 23 00 4d f7 d3 00 01 00 01 ff 7b ff d6 00 15 00 26 0c 55 00 01 80 40 00 00 0f 1c 43 79 25 32 00 00 13 f0
12,576,WL,flash_sample,48,17.838,1,111,1,1,1,1,0,1,1,0,446,17838,0.01708,0.0366,-1.02236,0.020834,0.062502,-1.364627,-2.94,1.47,2.66,37.32421875,98368,38.7,249.145294189,5.084,57 4c 01 6f 00 00 01 be 00 00 45 ae 00 23 00 4b f7 d1 00 02 00 06 ff 7d ff d6 00 15 00 26 0c 53 00 01 80 40 00 00 0f 1e 43 79 25 32 00 00 13 dc
13,624,WL,flash_sample,48,17.858,1,111,1,1,1,1,0,1,1,0,447,17858,0.01708,0.037088,-1.022848,0.052085,0.010417,-1.385461,-2.94,1.47,2.73,37.3515625,98369,38.71,249.060745239,5.084,57 4c 01 6f 00 00 01 bf 00 00 45 c2 00 23 00 4c f7 d0 00 05 00 01 ff 7b ff d6 00 15 00 27 0c 5a 00 01 80 41 00 00 0f 1f 43 79 0f 8d 00 00 13 dc
14,672,WL,flash_sample,48,17.878,1,103,1,1,1,0,0,1,1,0,448,17878,0.01708,0.037088,-1.023336,0.041668,0.020834,-1.395878,-2.94,1.47,2.66,37.3359375,98372,38.72,248.804443359,5.084,57 4c 01 67 00 00 01 c0 00 00 45 d6 00 23 00 4c f7 cf 00 04 00 02 ff 7a ff d6 00 15 00 26 0c 56 00 01 80 44 00 00 0f 20 43 78 cd f0 00 00 13 dc
15,720,WL,flash_sample,48,17.898,1,103,1,1,1,0,0,1,1,0,449,17898,0.016592,0.037088,-1.021872,0.010417,0.020834,-1.406295,-2.94,1.4,2.66,37.39453125,98369,38.73,249.060745239,5.084,57 4c 01 67 00 00 01 c1 00 00 45 ea 00 22 00 4c f7 d2 00 01 00 02 ff 79 ff d6 00 14 00 26 0c 65 00 01 80 41 00 00 0f 21 43 79 0f 8d 00 00 13 dc
16,768,WL,flash_sample,48,17.918,1,103,1,1,1,0,0,1,1,0,450,17918,0.01708,0.037088,-1.021872,0.020834,0.020834,-1.406295,-2.94,1.47,2.66,37.328125,98367,38.74,249.22984314,5.084,57 4c 01 67 00 00 01 c2 00 00 45 fe 00 23 00 4c f7 d2 00 02 00 02 ff 79 ff d6 00 15 00 26 0c 54 00 01 80 3f 00 00 0f 22 43 79 3a d7 00 00 13 dc
17,816,WL,flash_sample,48,17.938,1,111,1,1,1,1,0,1,1,0,451,17938,0.017568,0.037576,-1.02236,0.020834,0.010417,-1.395878,-2.94,1.47,2.73,37.34765625,98371,38.75,248.88899231,5.088,57 4c 01 6f 00 00 01 c3 00 00 46 12 00 24 00 4d f7 d1 00 02 00 01 ff 7a ff d6 00 15 00 27 0c 59 00 01 80 43 00 00 0f 23 43 78 e3 95 00 00 13 e0
18,864,WL,flash_sample,48,17.958,1,111,1,1,1,1,0,1,1,0,452,17958,0.01708,0.037576,-1.021872,0.041668,0.020834,-1.406295,-2.94,1.47,2.66,37.34765625,98370,38.76,248.97354126,5.088,57 4c 01 6f 00 00 01 c4 00 00 46 26 00 23 00 4d f7 d2 00 04 00 02 ff 79 ff d6 00 15 00 26 0c 59 00 01 80 42 00 00 0f 24 43 78 f9 3a 00 00 13 e0
19,912,WL,flash_sample,48,17.978,1,111,1,1,1,1,0,1,1,0,453,17978,0.01708,0.037576,-1.021872,0.041668,0.010417,-1.35421,-2.87,1.4,2.73,37.38671875,98369,38.77,249.060745239,5.088,57 4c 01 6f 00 00 01 c5 00 00 46 3a 00 23 00 4d f7 d2 00 04 00 01 ff 7e ff d7 00 14 00 27 0c 63 00 01 80 41 00 00 0f 25 43 79 0f 8d 00 00 13 e0
20,960,WL,flash_sample,48,17.998,1,103,1,1,1,0,0,1,1,0,454,17998,0.018056,0.0366,-1.021384,0.041668,0.010417,-1.343793,-2.87,1.4,2.66,37.35546875,98370,38.78,248.97354126,5.088,57 4c 01 67 00 00 01 c6 00 00 46 4e 00 25 00 4b f7 d3 00 04 00 01 ff 7f ff d7 00 14 00 26 0c 5b 00 01 80 42 00 00 0f 26 43 78 f9 3a 00 00 13 e0
21,1008,WL,flash_sample,48,18.018,1,111,1,1,1,1,0,1,1,0,455,18018,0.017568,0.037576,-1.02236,0.041668,0.010417,-1.375044,-2.94,1.47,2.66,37.4140625,98371,38.78,248.88899231,5.088,57 4c 01 6f 00 00 01 c7 00 00 46 62 00 24 00 4d f7 d1 00 04 00 01 ff 7c ff d6 00 15 00 26 0c 6a 00 01 80 43 00 00 0f 26 43 78 e3 95 00 00 13 e0
22,1056,WL,flash_sample,48,18.038,1,111,1,1,1,1,0,1,1,0,456,18038,0.017568,0.037576,-1.02236,0.041668,0.010417,-1.375044,-2.94,1.47,2.66,37.4140625,98371,38.78,248.88899231,5.088,57 4c 01 6f 00 00 01 c8 00 00 46 76 00 24 00 4d f7 d1 00 04 00 01 ff 7c ff d6 00 15 00 26 0c 6a 00 01 80 43 00 00 0f 26 43 78 e3 95 00 00 13 e0
23,1104,WL,flash_sample,48,18.058,1,111,1,1,1,1,0,1,1,0,457,18058,0.017568,0.037576,-1.02236,0.041668,0.010417,-1.375044,-2.94,1.47,2.66,37.4140625,98371,38.78,248.88899231,5.088,57 4c 01 6f 00 00 01 c9 00 00 46 8a 00 24 00 4d f7 d1 00 04 00 01 ff 7c ff d6 00 15 00 26 0c 6a 00 01 80 43 00 00 0f 26 43 78 e3 95 00 00 13 e0
24,1152,WL,flash_sample,48,18.078,1,111,1,1,1,1,0,1,1,0,458,18078,0.017568,0.037576,-1.02236,0.041668,0.010417,-1.375044,-2.94,1.47,2.66,37.4140625,98371,38.78,248.88899231,5.088,57 4c 01 6f 00 00 01 ca 00 00 46 9e 00 24 00 4d f7 d1 00 04 00 01 ff 7c ff d6 00 15 00 26 0c 6a 00 01 80 43 00 00 0f 26 43 78 e3 95 00 00 13 e0
25,1200,WL,flash_sample,48,18.098,1,103,1,1,1,0,0,1,1,0,459,18098,0.017568,0.037088,-1.019432,0.041668,0.010417,-1.375044,-0.91,-0.7,1.68,37.34375,98435,38.79,243.432693481,5.092,57 4c 01 67 00 00 01 cb 00 00 46 b2 00 24 00 4c f7 d7 00 04 00 01 ff 7c ff f3 ff f6 00 18 0c 58 00 01 80 83 00 00 0f 27 43 73 6e c5 00 00 13 e4
26,1248,WL,flash_sample,48,18.118,1,103,1,1,1,0,0,1,1,0,460,18118,0.016592,0.037576,-1.022848,0.052085,0.031251,-1.406295,-1.89,0.0,2.8,37.375,98369,38.5,249.060745239,5.092,57 4c 01 67 00 00 01 cc 00 00 46 c6 00 22 00 4d f7 d0 00 05 00 03 ff 79 ff e5 00 00 00 28 0c 60 00 01 80 41 00 00 0f 0a 43 79 0f 8d 00 00 13 e4
27,1296,WL,flash_sample,48,18.138,1,102,0,1,1,0,0,1,1,0,461,18138,0.017568,0.037576,-1.021872,0.020834,-0.010417,-1.375044,-2.8,1.26,2.87,37.34375,98361,38.53,249.742446899,5.096,57 4c 01 66 00 00 01 cd 00 00 46 da 00 24 00 4d f7 d2 00 02 ff ff ff 7c ff d8 00 12 00 29 0c 58 00 01 80 39 00 00 0f 0d 43 79 be 11 00 00 13 e8
28,1344,WL,flash_sample,48,18.158,1,102,0,1,1,0,0,1,1,0,462,18158,0.017568,0.037576,-1.021872,0.020834,-0.010417,-1.375044,-2.8,1.26,2.87,37.34375,98361,38.53,249.742446899,5.096,57 4c 01 66 00 00 01 ce 00 00 46 ee 00 24 00 4d f7 d2 00 02 ff ff ff 7c ff d8 00 12 00 29 0c 58 00 01 80 39 00 00 0f 0d 43 79 be 11 00 00 13 e8
29,1392,WL,flash_sample,48,18.178,1,102,0,1,1,0,0,1,1,0,463,18178,0.017568,0.037576,-1.021872,0.020834,-0.010417,-1.375044,-2.8,1.26,2.87,37.34375,98361,38.53,249.742446899,5.096,57 4c 01 66 00 00 01 cf 00 00 47 02 00 24 00 4d f7 d2 00 02 ff ff ff 7c ff d8 00 12 00 29 0c 58 00 01 80 39 00 00 0f 0d 43 79 be 11 00 00 13 e8
30,1440,WL,flash_sample,48,18.198,1,102,0,1,1,0,0,1,1,0,464,18198,0.017568,0.037576,-1.021872,0.020834,-0.010417,-1.375044,-2.8,1.26,2.87,37.34375,98361,38.53,249.742446899,5.096,57 4c 01 66 00 00 01 d0 00 00 47 16 00 24 00 4d f7 d2 00 02 ff ff ff 7c ff d8 00 12 00 29 0c 58 00 01 80 39 00 00 0f 0d 43 79 be 11 00 00 13 e8
31,1488,WL,flash_sample,48,18.218,1,102,0,1,1,0,0,1,1,0,465,18218,0.017568,0.037576,-1.021872,0.020834,-0.010417,-1.375044,-2.8,1.26,2.87,37.34375,98361,38.53,249.742446899,5.096,57 4c 01 66 00 00 01 d1 00 00 47 2a 00 24 00 4d f7 d2 00 02 ff ff ff 7c ff d8 00 12 00 29 0c 58 00 01 80 39 00 00 0f 0d 43 79 be 11 00 00 13 e8
32,1536,WL,flash_sample,48,18.238,1,102,0,1,1,0,0,1,1,0,466,18238,0.017568,0.037576,-1.021872,0.020834,-0.010417,-1.375044,-2.8,1.26,2.87,37.34375,98361,38.53,249.742446899,5.096,57 4c 01 66 00 00 01 d2 00 00 47 3e 00 24 00 4d f7 d2 00 02 ff ff ff 7c ff d8 00 12 00 29 0c 58 00 01 80 39 00 00 0f 0d 43 79 be 11 00 00 13 e8
33,1584,WL,flash_sample,48,18.258,1,102,0,1,1,0,0,1,1,0,467,18258,0.017568,0.037576,-1.021872,0.020834,-0.010417,-1.375044,-2.8,1.26,2.87,37.34375,98361,38.53,249.742446899,5.096,57 4c 01 66 00 00 01 d3 00 00 47 52 00 24 00 4d f7 d2 00 02 ff ff ff 7c ff d8 00 12 00 29 0c 58 00 01 80 39 00 00 0f 0d 43 79 be 11 00 00 13 e8
34,1632,WL,flash_sample,48,18.278,1,110,0,1,1,1,0,1,1,0,468,18278,0.016592,0.037576,-1.021384,0.031251,0.020834,-1.395878,-0.21,0.07,-0.21,37.38671875,98361,38.53,249.742446899,5.096,57 4c 01 6e 00 00 01 d4 00 00 47 66 00 22 00 4d f7 d3 00 03 00 02 ff 7a ff fd 00 01 ff fd 0c 63 00 01 80 39 00 00 0f 0d 43 79 be 11 00 00 13 e8
35,1680,WL,flash_sample,48,18.298,1,110,0,1,1,1,0,1,1,0,469,18298,0.016592,0.037576,-1.021384,0.031251,0.020834,-1.395878,-0.21,0.07,-0.21,37.38671875,98361,38.53,249.742446899,5.096,57 4c 01 6e 00 00 01 d5 00 00 47 7a 00 22 00 4d f7 d3 00 03 00 02 ff 7a ff fd 00 01 ff fd 0c 63 00 01 80 39 00 00 0f 0d 43 79 be 11 00 00 13 e8
36,1728,WL,flash_sample,48,18.318,1,64,0,0,0,0,0,0,1,0,470,18318,0.018056,0.038064,-1.021384,0.052085,0.010417,-1.416712,-0.28,-0.35,0.28,37.35546875,98447,38.56,242.410140991,5.084,57 4c 01 40 00 00 01 d6 00 00 47 8e 00 25 00 4e f7 d3 00 05 00 01 ff 78 ff fc ff fb 00 04 0c 5b 00 01 80 8f 00 00 0f 10 43 72 68 ff 00 00 13 dc
37,1776,WL,flash_sample,48,18.338,1,110,0,1,1,1,0,1,1,0,471,18338,0.018056,0.0366,-1.021384,0.020834,0.020834,-1.385461,-1.19,-0.49,2.03,37.36328125,98347,38.07,250.936752319,5.088,57 4c 01 6e 00 00 01 d7 00 00 47 a2 00 25 00 4b f7 d3 00 02 00 02 ff 7b ff ef ff f9 00 1d 0c 5d 00 01 80 2b 00 00 0e df 43 7a ef cf 00 00 13 e0
38,1824,WL,flash_sample,48,18.358,1,102,0,1,1,0,0,1,1,0,472,18358,0.017568,0.037576,-1.021872,0.020834,0.0,-1.406295,-2.17,0.21,3.08,37.3984375,98349,38.14,250.76499939,5.088,57 4c 01 66 00 00 01 d8 00 00 47 b6 00 24 00 4d f7 d2 00 02 00 00 ff 79 ff e1 00 03 00 2c 0c 66 00 01 80 2d 00 00 0e e6 43 7a c3 d7 00 00 13 e0
39,1872,WL,flash_sample,48,18.378,1,102,0,1,1,0,0,1,1,0,473,18378,0.016592,0.037576,-1.021872,0.010417,0.010417,-1.364627,-2.94,1.33,2.66,37.37890625,98351,38.19,250.595901489,5.088,57 4c 01 66 00 00 01 d9 00 00 47 ca 00 22 00 4d f7 d2 00 01 00 01 ff 7d ff d6 00 13 00 26 0c 61 00 01 80 2f 00 00 0e eb 43 7a 98 8d 00 00 13 e0
40,1920,WL,flash_sample,48,18.398,1,110,0,1,1,1,0,1,1,0,474,18398,0.01708,0.0366,-1.021384,0.052085,0.010417,-1.375044,-2.94,1.47,2.66,37.37890625,98352,38.24,250.50869751,5.088,57 4c 01 6e 00 00 01 da 00 00 47 de 00 23 00 4b f7 d3 00 05 00 01 ff 7c ff d6 00 15 00 26 0c 61 00 01 80 30 00 00 0e f0 43 7a 82 3a 00 00 13 e0
41,1968,WL,flash_sample,48,18.418,1,110,0,1,1,1,0,1,1,0,475,18418,0.017568,0.037088,-1.021872,0.041668,0.010417,-1.395878,-2.94,1.4,2.66,37.37109375,98355,38.29,250.255050659,5.088,57 4c 01 6e 00 00 01 db 00 00 47 f2 00 24 00 4c f7 d2 00 04 00 01 ff 7a ff d6 00 14 00 26 0c 5f 00 01 80 33 00 00 0e f5 43 7a 41 4b 00 00 13 e0
42,2016,WL,flash_sample,48,18.438,1,110,0,1,1,1,0,1,1,0,476,18438,0.017568,0.038552,-1.021872,0.020834,0.031251,-1.385461,-2.87,1.4,2.66,37.390625,98353,38.34,250.42414856,5.096,57 4c 01 6e 00 00 01 dc 00 00 48 06 00 24 00 4f f7 d2 00 02 00 03 ff 7b ff d7 00 14 00 26 0c 64 00 01 80 31 00 00 0e fa 43 7a 6c 95 00 00 13 e8
43,2064,WL,flash_sample,48,18.458,1,102,0,1,1,0,0,1,1,0,477,18458,0.019032,0.038064,-1.016992,0.052085,-0.010417,-1.416712,-2.94,1.47,2.73,37.37890625,98355,38.38,250.255050659,5.096,57 4c 01 66 00 00 01 dd 00 00 48 1a 00 27 00 4e f7 dc 00 05 ff ff ff 78 ff d6 00 15 00 27 0c 61 00 01 80 33 00 00 0e fe 43 7a 41 4b 00 00 13 e8
44,2112,WL,flash_sample,48,18.478,1,102,0,1,1,0,0,1,1,0,478,18478,0.01708,0.037088,-1.014552,0.052085,-0.010417,-1.375044,-2.8,1.47,2.73,37.390625,98356,38.42,250.16784668,5.096,57 4c 01 66 00 00 01 de 00 00 48 2e 00 23 00 4c f7 e1 00 05 ff ff ff 7c ff d8 00 15 00 27 0c 64 00 01 80 34 00 00 0f 02 43 7a 2a f8 00 00 13 e8
45,2160,WL,flash_sample,48,18.498,1,102,0,1,1,0,0,1,1,0,479,18498,0.017568,0.036112,-1.028704,0.041668,0.020834,-1.343793,-2.94,1.4,2.66,37.3984375,98356,38.46,250.16784668,5.096,57 4c 01 66 00 00 01 df 00 00 48 42 00 24 00 4a f7 c4 00 04 00 02 ff 7f ff d6 00 14 00 26 0c 66 00 01 80 34 00 00 0f 06 43 7a 2a f8 00 00 13 e8
46,2208,WL,flash_sample,48,18.518,1,110,0,1,1,1,0,1,1,0,480,18518,0.01708,0.038064,-1.018944,0.010417,0.010417,-1.406295,-2.87,1.47,2.66,37.35546875,98361,38.49,249.742446899,5.096,57 4c 01 6e 00 00 01 e0 00 00 48 56 00 23 00 4e f7 d8 00 01 00 01 ff 79 ff d7 00 15 00 26 0c 5b 00 01 80 39 00 00 0f 09 43 79 be 11 00 00 13 e8
47,2256,WL,flash_sample,48,18.538,1,110,0,1,1,1,0,1,1,0,481,18538,0.017568,0.0366,-1.021872,0.0,-0.020834,-1.375044,-2.94,1.47,2.66,37.3984375,98358,38.53,249.996109009,5.1,57 4c 01 6e 00 00 01 e1 00 00 48 6a 00 24 00 4b f7 d2 00 00 ff fe ff 7c ff d6 00 15 00 26 0c 66 00 01 80 36 00 00 0f 0d 43 79 ff 01 00 00 13 ec
48,2304,WL,flash_sample,48,18.558,1,110,0,1,1,1,0,1,1,0,482,18558,0.016592,0.037576,-1.02236,0.010417,0.0,-1.395878,-2.94,1.47,2.66,37.45703125,98360,38.56,249.82699585,5.1,57 4c 01 6e 00 00 01 e2 00 00 48 7e 00 22 00 4d f7 d1 00 01 00 00 ff 7a ff d6 00 15 00 26 0c 75 00 01 80 38 00 00 0f 10 43 79 d3 b6 00 00 13 ec
49,2352,WL,flash_sample,48,18.578,1,102,0,1,1,0,0,1,1,0,483,18578,0.01708,0.036112,-1.022848,0.041668,0.010417,-1.406295,-3.01,1.4,2.73,37.4140625,98359,38.59,249.9115448,5.1,57 4c 01 66 00 00 01 e3 00 00 48 92 00 23 00 4a f7 d0 00 04 00 01 ff 79 ff d5 00 14 00 27 0c 6a 00 01 80 37 00 00 0f 13 43 79 e9 5b 00 00 13 ec
50,2400,WL,flash_sample,48,18.598,1,102,0,1,1,0,0,1,1,0,484,18598,0.017568,0.037576,-1.0248,0.041668,0.0,-1.395878,-2.87,1.4,2.66,37.4140625,98365,38.61,249.401596069,5.1,57 4c 01 66 00 00 01 e4 00 00 48 a6 00 24 00 4d f7 cc 00 04 00 00 ff 7a ff d7 00 14 00 26 0c 6a 00 01 80 3d 00 00 0f 15 43 79 66 cf 00 00 13 ec
51,2448,WL,flash_sample,48,18.618,1,102,0,1,1,0,0,1,1,0,485,18618,0.017568,0.038064,-1.02236,-0.010417,-0.020834,-1.375044,-2.94,1.4,2.66,37.4140625,98363,38.63,249.57069397,5.1,57 4c 01 66 00 00 01 e5 00 00 48 ba 00 24 00 4e f7 d1 ff ff ff fe ff 7c ff d6 00 14 00 26 0c 6a 00 01 80 3b 00 00 0f 17 43 79 92 19 00 00 13 ec
52,2496,WL,flash_sample,48,18.638,1,110,0,1,1,1,0,1,1,0,486,18638,0.015616,0.037088,-1.023824,0.010417,0.062502,-1.395878,-2.94,1.47,2.73,37.4453125,98363,38.66,249.57069397,5.076,57 4c 01 6e 00 00 01 e6 00 00 48 ce 00 20 00 4c f7 ce 00 01 00 06 ff 7a ff d6 00 15 00 27 0c 72 00 01 80 3b 00 00 0f 1a 43 79 92 19 00 00 13 d4
53,2544,WL,flash_sample,48,18.658,1,110,0,1,1,1,0,1,1,0,487,18658,0.017568,0.037576,-1.023336,0.020834,0.010417,-1.395878,-2.94,1.4,2.66,37.45703125,98361,38.68,249.742446899,5.076,57 4c 01 6e 00 00 01 e7 00 00 48 e2 00 24 00 4d f7 cf 00 02 00 01 ff 7a ff d6 00 14 00 26 0c 75 00 01 80 39 00 00 0f 1c 43 79 be 11 00 00 13 d4
54,2592,WL,flash_sample,48,18.678,1,110,0,1,1,1,0,1,1,0,488,18678,0.017568,0.03904,-1.021872,0.041668,-0.020834,-1.406295,-2.94,1.4,2.73,37.4140625,98365,38.7,249.401596069,5.076,57 4c 01 6e 00 00 01 e8 00 00 48 f6 00 24 00 50 f7 d2 00 04 ff fe ff 79 ff d6 00 14 00 27 0c 6a 00 01 80 3d 00 00 0f 1e 43 79 66 cf 00 00 13 d4
55,2640,WL,flash_sample,48,18.698,1,102,0,1,1,0,0,1,1,0,489,18698,0.01708,0.037576,-1.02236,0.031251,0.041668,-1.375044,-3.01,1.47,2.73,37.4453125,98365,38.72,249.401596069,5.076,57 4c 01 66 00 00 01 e9 00 00 49 0a 00 23 00 4d f7 d1 00 03 00 04 ff 7c ff d5 00 15 00 27 0c 72 00 01 80 3d 00 00 0f 20 43 79 66 cf 00 00 13 d4
56,2688,WL,flash_sample,48,18.718,1,102,0,1,1,0,0,1,1,0,490,18718,0.01708,0.037576,-1.022848,0.031251,0.052085,-1.395878,-2.87,1.47,2.66,37.421875,98366,38.73,249.31439209,5.076,57 4c 01 66 00 00 01 ea 00 00 49 1e 00 23 00 4d f7 d0 00 03 00 05 ff 7a ff d7 00 15 00 26 0c 6c 00 01 80 3e 00 00 0f 21 43 79 50 7c 00 00 13 d4
57,2736,WL,flash_sample,48,18.738,1,110,0,1,1,1,0,1,1,0,491,18738,0.017568,0.037576,-1.020896,0.031251,0.0,-1.406295,-2.94,1.4,2.66,37.46484375,98365,38.75,249.401596069,5.092,57 4c 01 6e 00 00 01 eb 00 00 49 32 00 24 00 4d f7 d4 00 03 00 00 ff 79 ff d6 00 14 00 26 0c 77 00 01 80 3d 00 00 0f 23 43 79 66 cf 00 00 13 e4
58,2784,WL,flash_sample,48,18.758,1,110,0,1,1,1,0,1,1,0,492,18758,0.01708,0.038064,-1.021872,0.020834,0.041668,-1.416712,-2.94,1.4,2.66,37.4296875,98366,38.77,249.31439209,5.092,57 4c 01 6e 00 00 01 ec 00 00 49 46 00 23 00 4e f7 d2 00 02 00 04 ff 78 ff d6 00 14 00 26 0c 6e 00 01 80 3e 00 00 0f 25 43 79 50 7c 00 00 13 e4
59,2832,WL,flash_sample,48,18.778,1,110,0,1,1,1,0,1,1,0,493,18778,0.01708,0.037088,-1.021384,0.041668,0.020834,-1.406295,-2.94,1.4,2.66,37.4453125,98368,38.78,249.145294189,5.092,57 4c 01 6e 00 00 01 ed 00 00 49 5a 00 23 00 4c f7 d3 00 04 00 02 ff 79 ff d6 00 14 00 26 0c 72 00 01 80 40 00 00 0f 26 43 79 25 32 00 00 13 e4
60,2880,WL,flash_sample,48,18.798,1,110,0,1,1,1,0,1,1,0,494,18798,0.018056,0.037088,-1.02236,0.041668,-0.020834,-1.375044,-3.01,1.4,2.66,37.40625,98367,38.79,249.22984314,5.092,57 4c 01 6e 00 00 01 ee 00 00 49 6e 00 25 00 4c f7 d1 00 04 ff fe ff 7c ff d5 00 14 00 26 0c 68 00 01 80 3f 00 00 0f 27 43 79 3a d7 00 00 13 e4
61,2928,WL,flash_sample,48,18.818,1,102,0,1,1,0,0,1,1,0,495,18818,0.017568,0.038064,-1.021872,0.031251,0.0,-1.427129,-2.94,1.47,2.66,37.4296875,98369,38.81,249.060745239,5.092,57 4c 01 66 00 00 01 ef 00 00 49 82 00 24 00 4e f7 d2 00 03 00 00 ff 77 ff d6 00 15 00 26 0c 6e 00 01 80 41 00 00 0f 29 43 79 0f 8d 00 00 13 e4
62,2976,WL,flash_sample,48,18.838,1,102,0,1,1,0,0,1,1,0,496,18838,0.01708,0.037088,-1.02236,0.020834,0.0,-1.375044,-2.94,1.4,2.73,37.4375,98365,38.82,249.401596069,5.092,57 4c 01 66 00 00 01 f0 00 00 49 96 00 23 00 4c f7 d1 00 02 00 00 ff 7c ff d6 00 14 00 27 0c 70 00 01 80 3d 00 00 0f 2a 43 79 66 cf 00 00 13 e4
63,3024,WL,flash_sample,48,18.858,1,110,0,1,1,1,0,1,1,0,497,18858,0.01708,0.037088,-1.021872,0.031251,0.020834,-1.375044,-2.94,1.47,2.73,37.4453125,98368,38.83,249.145294189,5.092,57 4c 01 6e 00 00 01 f1 00 00 49 aa 00 23 00 4c f7 d2 00 03 00 02 ff 7c ff d6 00 15 00 27 0c 72 00 01 80 40 00 00 0f 2b 43 79 25 32 00 00 13 e4
64,3072,WL,flash_sample,48,18.878,1,110,0,1,1,1,0,1,1,0,498,18878,0.01708,0.037576,-1.021872,0.020834,0.010417,-1.375044,-2.94,1.47,2.73,37.3984375,98367,38.84,249.22984314,5.092,57 4c 01 6e 00 00 01 f2 00 00 49 be 00 23 00 4d f7 d2 00 02 00 01 ff 7c ff d6 00 15 00 27 0c 66 00 01 80 3f 00 00 0f 2c 43 79 3a d7 00 00 13 e4
65,3120,WL,flash_sample,48,18.898,1,110,0,1,1,1,0,1,1,0,499,18898,0.017568,0.037576,-1.021872,0.062502,0.031251,-1.385461,-2.94,1.47,2.73,37.45703125,98368,38.85,249.145294189,5.092,57 4c 01 6e 00 00 01 f3 00 00 49 d2 00 24 00 4d f7 d2 00 06 00 03 ff 7b ff d6 00 15 00 27 0c 75 00 01 80 40 00 00 0f 2d 43 79 25 32 00 00 13 e4
66,3168,WL,flash_sample,48,18.918,1,110,0,1,1,1,0,1,1,0,500,18918,0.01708,0.037088,-1.021872,0.031251,0.020834,-1.385461,-2.94,1.4,2.73,37.46484375,98366,38.86,249.31439209,5.092,57 4c 01 6e 00 00 01 f4 00 00 49 e6 00 23 00 4c f7 d2 00 03 00 02 ff 7b ff d6 00 14 00 27 0c 77 00 01 80 3e 00 00 0f 2e 43 79 50 7c 00 00 13 e4
67,3216,WL,flash_sample,48,18.938,1,102,0,1,1,0,0,1,1,0,501,18938,0.016592,0.037088,-1.022848,0.041668,0.041668,-1.385461,-3.01,1.4,2.66,37.45703125,98366,38.87,249.31439209,5.084,57 4c 01 66 00 00 01 f5 00 00 49 fa 00 22 00 4c f7 d0 00 04 00 04 ff 7b ff d5 00 14 00 26 0c 75 00 01 80 3e 00 00 0f 2f 43 79 50 7c 00 00 13 dc
68,3264,WL,flash_sample,48,18.958,1,102,0,1,1,0,0,1,1,0,502,18958,0.01708,0.037088,-1.02236,0.052085,0.020834,-1.406295,-2.87,1.4,2.66,37.45703125,98369,38.88,249.060745239,5.084,57 4c 01 66 00 00 01 f6 00 00 4a 0e 00 23 00 4c f7 d1 00 05 00 02 ff 79 ff d7 00 14 00 26 0c 75 00 01 80 41 00 00 0f 30 43 79 0f 8d 00 00 13 dc
69,3312,WL,flash_sample,48,18.978,1,110,0,1,1,1,0,1,1,0,503,18978,0.016592,0.037576,-1.021872,0.052085,0.041668,-1.406295,-2.94,1.4,2.73,37.4609375,98369,38.89,249.060745239,5.084,57 4c 01 6e 00 00 01 f7 00 00 4a 22 00 22 00 4d f7 d2 00 05 00 04 ff 79 ff d6 00 14 00 27 0c 76 00 01 80 41 00 00 0f 31 43 79 0f 8d 00 00 13 dc
70,3360,WL,flash_sample,48,18.998,1,110,0,1,1,1,0,1,1,0,504,18998,0.01708,0.038552,-1.022848,0.062502,-0.020834,-1.406295,-2.87,1.47,2.66,37.4375,98369,38.89,249.060745239,5.084,57 4c 01 6e 00 00 01 f8 00 00 4a 36 00 23 00 4f f7 d0 00 06 ff fe ff 79 ff d7 00 15 00 26 0c 70 00 01 80 41 00 00 0f 31 43 79 0f 8d 00 00 13 dc
71,3408,WL,flash_sample,48,19.018,1,102,0,1,1,0,0,1,1,0,505,19018,0.01708,0.037088,-1.021872,0.020834,0.062502,-1.395878,-2.94,1.4,2.73,37.4375,98369,38.89,249.060745239,5.084,57 4c 01 66 00 00 01 f9 00 00 4a 4a 00 23 00 4c f7 d2 00 02 00 06 ff 7a ff d6 00 14 00 27 0c 70 00 01 80 41 00 00 0f 31 43 79 0f 8d 00 00 13 dc
72,3456,WL,flash_sample,48,19.038,1,102,0,1,1,0,0,1,1,0,506,19038,0.01708,0.037088,-1.021872,0.020834,0.062502,-1.395878,-2.94,1.4,2.73,37.4375,98369,38.89,249.060745239,5.084,57 4c 01 66 00 00 01 fa 00 00 4a 5e 00 23 00 4c f7 d2 00 02 00 06 ff 7a ff d6 00 14 00 27 0c 70 00 01 80 41 00 00 0f 31 43 79 0f 8d 00 00 13 dc
73,3504,WL,flash_sample,48,19.058,1,102,0,1,1,0,0,1,1,0,507,19058,0.01708,0.037088,-1.021872,0.020834,0.062502,-1.395878,-2.94,1.4,2.73,37.4375,98369,38.89,249.060745239,5.084,57 4c 01 66 00 00 01 fb 00 00 4a 72 00 23 00 4c f7 d2 00 02 00 06 ff 7a ff d6 00 14 00 27 0c 70 00 01 80 41 00 00 0f 31 43 79 0f 8d 00 00 13 dc
74,3552,WL,flash_sample,48,19.078,1,102,0,1,1,0,0,1,1,0,508,19078,0.01708,0.037088,-1.021872,0.020834,0.062502,-1.395878,-2.94,1.4,2.73,37.4375,98369,38.89,249.060745239,5.084,57 4c 01 66 00 00 01 fc 00 00 4a 86 00 23 00 4c f7 d2 00 02 00 06 ff 7a ff d6 00 14 00 27 0c 70 00 01 80 41 00 00 0f 31 43 79 0f 8d 00 00 13 dc
75,3600,WL,flash_sample,48,19.098,1,110,0,1,1,1,0,1,1,0,509,19098,0.01708,0.037088,-1.021384,0.031251,0.010417,-1.385461,-0.84,-0.77,1.61,37.46484375,98373,38.9,248.71723938,5.1,57 4c 01 6e 00 00 01 fd 00 00 4a 9a 00 23 00 4c f7 d3 00 03 00 01 ff 7b ff f4 ff f5 00 17 0c 77 00 01 80 45 00 00 0f 32 43 78 b7 9d 00 00 13 ec
76,3648,WL,flash_sample,48,19.118,1,110,0,1,1,1,0,1,1,0,510,19118,0.018056,0.037576,-1.020896,0.041668,0.020834,-1.385461,-1.89,0.0,2.73,37.46484375,98364,38.58,249.48614502,5.1,57 4c 01 6e 00 00 01 fe 00 00 4a ae 00 25 00 4d f7 d4 00 04 00 02 ff 7b ff e5 00 00 00 27 0c 77 00 01 80 3c 00 00 0f 12 43 79 7c 74 00 00 13 ec
77,3696,WL,flash_sample,48,19.138,1,111,1,1,1,1,0,1,1,0,511,19138,0.017568,0.037576,-1.021872,0.072919,0.0,-1.364627,-2.8,1.12,3.01,37.5,98364,38.61,249.48614502,5.096,57 4c 01 6f 00 00 01 ff 00 00 4a c2 00 24 00 4d f7 d2 00 07 00 00 ff 7d ff d8 00 10 00 2b 0c 80 00 01 80 3c 00 00 0f 15 43 79 7c 74 00 00 13 e8
78,3744,WL,flash_sample,48,19.158,1,111,1,1,1,1,0,1,1,0,512,19158,0.017568,0.037576,-1.021872,0.072919,0.0,-1.364627,-2.8,1.12,3.01,37.5,98364,38.61,249.48614502,5.096,57 4c 01 6f 00 00 02 00 00 00 4a d6 00 24 00 4d f7 d2 00 07 00 00 ff 7d ff d8 00 10 00 2b 0c 80 00 01 80 3c 00 00 0f 15 43 79 7c 74 00 00 13 e8
79,3792,WL,flash_sample,48,19.178,1,111,1,1,1,1,0,1,1,0,513,19178,0.017568,0.037576,-1.021872,0.072919,0.0,-1.364627,-2.8,1.12,3.01,37.5,98364,38.61,249.48614502,5.096,57 4c 01 6f 00 00 02 01 00 00 4a ea 00 24 00 4d f7 d2 00 07 00 00 ff 7d ff d8 00 10 00 2b 0c 80 00 01 80 3c 00 00 0f 15 43 79 7c 74 00 00 13 e8
80,3840,WL,flash_sample,48,19.198,1,111,1,1,1,1,0,1,1,0,514,19198,0.017568,0.037576,-1.021872,0.072919,0.0,-1.364627,-2.8,1.12,3.01,37.5,98364,38.61,249.48614502,5.096,57 4c 01 6f 00 00 02 02 00 00 4a fe 00 24 00 4d f7 d2 00 07 00 00 ff 7d ff d8 00 10 00 2b 0c 80 00 01 80 3c 00 00 0f 15 43 79 7c 74 00 00 13 e8
81,3888,WL,flash_sample,48,19.218,1,111,1,1,1,1,0,1,1,0,515,19218,0.017568,0.037576,-1.021872,0.072919,0.0,-1.364627,-2.8,1.12,3.01,37.5,98364,38.61,249.48614502,5.096,57 4c 01 6f 00 00 02 03 00 00 4b 12 00 24 00 4d f7 d2 00 07 00 00 ff 7d ff d8 00 10 00 2b 0c 80 00 01 80 3c 00 00 0f 15 43 79 7c 74 00 00 13 e8
82,3936,WL,flash_sample,48,19.238,1,111,1,1,1,1,0,1,1,0,516,19238,0.017568,0.037576,-1.021872,0.072919,0.0,-1.364627,-2.8,1.12,3.01,37.5,98364,38.61,249.48614502,5.096,57 4c 01 6f 00 00 02 04 00 00 4b 26 00 24 00 4d f7 d2 00 07 00 00 ff 7d ff d8 00 10 00 2b 0c 80 00 01 80 3c 00 00 0f 15 43 79 7c 74 00 00 13 e8
83,3984,WL,flash_sample,48,19.258,1,111,1,1,1,1,0,1,1,0,517,19258,0.017568,0.037576,-1.021872,0.072919,0.0,-1.364627,-2.8,1.12,3.01,37.5,98364,38.61,249.48614502,5.096,57 4c 01 6f 00 00 02 05 00 00 4b 3a 00 24 00 4d f7 d2 00 07 00 00 ff 7d ff d8 00 10 00 2b 0c 80 00 01 80 3c 00 00 0f 15 43 79 7c 74 00 00 13 e8
84,4032,WL,flash_sample,48,19.278,1,111,1,1,1,1,0,1,1,0,518,19278,0.01708,0.037576,-1.021384,0.062502,-0.031251,-1.375044,-0.28,0.07,-0.14,37.4765625,98364,38.64,249.48614502,5.096,57 4c 01 6f 00 00 02 06 00 00 4b 4e 00 23 00 4d f7 d3 00 06 ff fd ff 7c ff fc 00 01 ff fe 0c 7a 00 01 80 3c 00 00 0f 18 43 79 7c 74 00 00 13 e8
85,4080,WL,flash_sample,48,19.298,1,111,1,1,1,1,0,1,1,0,519,19298,0.01708,0.037576,-1.021384,0.062502,-0.031251,-1.375044,-0.28,0.07,-0.14,37.4765625,98364,38.64,249.48614502,5.096,57 4c 01 6f 00 00 02 07 00 00 4b 62 00 23 00 4d f7 d3 00 06 ff fd ff 7c ff fc 00 01 ff fe 0c 7a 00 01 80 3c 00 00 0f 18 43 79 7c 74 00 00 13 e8
86,4128,WL,flash_sample,48,19.318,1,65,1,0,0,0,0,0,1,0,520,19318,0.018544,0.038064,-1.021384,0.041668,-0.020834,-1.375044,-0.28,0.07,-0.14,37.453125,98364,38.64,249.48614502,5.088,57 4c 01 41 00 00 02 08 00 00 4b 76 00 26 00 4e f7 d3 00 04 ff fe ff 7c ff fc 00 01 ff fe 0c 74 00 01 80 3c 00 00 0f 18 43 79 7c 74 00 00 13 e0
87,4176,WL,flash_sample,48,19.338,1,111,1,1,1,1,0,1,1,0,521,19338,0.01708,0.037576,-1.020408,0.020834,0.020834,-1.395878,-1.12,-0.56,1.96,37.4765625,98365,38.25,249.401596069,5.084,57 4c 01 6f 00 00 02 09 00 00 4b 8a 00 23 00 4d f7 d5 00 02 00 02 ff 7a ff f0 ff f8 00 1c 0c 7a 00 01 80 3d 00 00 0e f1 43 79 66 cf 00 00 13 dc
88,4224,WL,flash_sample,48,19.358,1,111,1,1,1,1,0,1,1,0,522,19358,0.01708,0.037088,-1.021384,0.041668,0.010417,-1.406295,-2.17,0.21,3.01,37.48046875,98352,38.21,250.50869751,5.084,57 4c 01 6f 00 00 02 0a 00 00 4b 9e 00 23 00 4c f7 d3 00 04 00 01 ff 79 ff e1 00 03 00 2b 0c 7b 00 01 80 30 00 00 0e ed 43 7a 82 3a 00 00 13 dc
89,4272,WL,flash_sample,48,19.378,1,111,1,1,1,1,0,1,1,0,523,19378,0.017568,0.0366,-1.020896,0.052085,0.031251,-1.395878,-2.87,1.4,2.66,37.50390625,98349,38.27,250.76499939,5.084,57 4c 01 6f 00 00 02 0b 00 00 4b b2 00 24 00 4b f7 d4 00 05 00 03 ff 7a ff d7 00 14 00 26 0c 81 00 01 80 2d 00 00 0e f3 43 7a c3 d7 00 00 13 dc
90,4320,WL,flash_sample,48,19.398,1,103,1,1,1,0,0,1,1,0,524,19398,0.01708,0.037088,-1.021384,0.010417,0.010417,-1.375044,-2.94,1.47,2.59,37.50390625,98351,38.32,250.595901489,5.084,57 4c 01 67 00 00 02 0c 00 00 4b c6 00 23 00 4c f7 d3 00 01 00 01 ff 7c ff d6 00 15 00 25 0c 81 00 01 80 2f 00 00 0e f8 43 7a 98 8d 00 00 13 dc
91,4368,WL,flash_sample,48,19.418,1,103,1,1,1,0,0,1,1,0,525,19418,0.016592,0.038064,-1.020408,0.062502,0.020834,-1.343793,-2.87,1.4,2.59,37.48828125,98353,38.38,250.42414856,5.084,57 4c 01 67 00 00 02 0d 00 00 4b da 00 22 00 4e f7 d5 00 06 00 02 ff 7f ff d7 00 14 00 25 0c 7d 00 01 80 31 00 00 0e fe 43 7a 6c 95 00 00 13 dc
92,4416,WL,flash_sample,48,19.438,1,103,1,1,1,0,0,1,1,0,526,19438,0.018544,0.038552,-1.02236,0.020834,0.010417,-1.406295,-2.94,1.4,2.66,37.51171875,98353,38.42,250.42414856,5.096,57 4c 01 67 00 00 02 0e 00 00 4b ee 00 26 00 4f f7 d1 00 02 00 01 ff 79 ff d6 00 14 00 26 0c 83 00 01 80 31 00 00 0f 02 43 7a 6c 95 00 00 13 e8
93,4464,WL,flash_sample,48,19.458,1,111,1,1,1,1,0,1,1,0,527,19458,0.016592,0.037088,-1.021872,-0.010417,-0.010417,-1.406295,-2.94,1.47,2.66,37.546875,98359,38.47,249.9115448,5.096,57 4c 01 6f 00 00 02 0f 00 00 4c 02 00 22 00 4c f7 d2 ff ff ff ff ff 79 ff d6 00 15 00 26 0c 8c 00 01 80 37 00 00 0f 07 43 79 e9 5b 00 00 13 e8
94,4512,WL,flash_sample,48,19.478,1,111,1,1,1,1,0,1,1,0,528,19478,0.018056,0.037088,-1.02236,0.083336,0.0,-1.385461,-2.94,1.4,2.66,37.50390625,98359,38.51,249.9115448,5.096,57 4c 01 6f 00 00 02 10 00 00 4c 16 00 25 00 4c f7 d1 00 08 00 00 ff 7b ff d6 00 14 00 26 0c 81 00 01 80 37 00 00 0f 0b 43 79 e9 5b 00 00 13 e8
95,4560,WL,flash_sample,48,19.498,1,111,1,1,1,1,0,1,1,0,529,19498,0.016592,0.037088,-1.024312,0.041668,0.020834,-1.406295,-2.87,1.47,2.66,37.5390625,98354,38.55,250.339599609,5.096,57 4c 01 6f 00 00 02 11 00 00 4c 2a 00 22 00 4c f7 cd 00 04 00 02 ff 79 ff d7 00 15 00 26 0c 8a 00 01 80 32 00 00 0f 0f 43 7a 56 f0 00 00 13 e8
96,4608,WL,flash_sample,48,19.518,1,103,1,1,1,0,0,1,1,0,530,19518,0.018056,0.037576,-1.021872,0.041668,0.010417,-1.375044,-2.94,1.47,2.66,37.5390625,98360,38.59,249.82699585,5.096,57 4c 01 67 00 00 02 12 00 00 4c 3e 00 25 00 4d f7 d2 00 04 00 01 ff 7c ff d6 00 15 00 26 0c 8a 00 01 80 38 00 00 0f 13 43 79 d3 b6 00 00 13 e8
97,4656,WL,flash_sample,48,19.538,1,103,1,1,1,0,0,1,1,0,531,19538,0.01708,0.038552,-1.021872,0.031251,-0.020834,-1.427129,-2.94,1.47,2.73,37.50390625,98361,38.62,249.742446899,5.096,57 4c 01 67 00 00 02 13 00 00 4c 52 00 23 00 4f f7 d2 00 03 ff fe ff 77 ff d6 00 15 00 27 0c 81 00 01 80 39 00 00 0f 16 43 79 be 11 00 00 13 e8
98,4704,WL,flash_sample,48,19.558,1,111,1,1,1,1,0,1,1,0,532,19558,0.017568,0.037088,-1.020896,0.031251,-0.020834,-1.395878,-2.87,1.4,2.66,37.5390625,98359,38.65,249.9115448,5.096,57 4c 01 6f 00 00 02 14 00 00 4c 66 00 24 00 4c f7 d4 00 03 ff fe ff 7a ff d7 00 14 00 26 0c 8a 00 01 80 37 00 00 0f 19 43 79 e9 5b 00 00 13 e8
99,4752,WL,flash_sample,48,19.578,1,111,1,1,1,1,0,1,1,0,533,19578,0.018056,0.037576,-1.021872,0.020834,0.020834,-1.375044,-2.87,1.4,2.73,37.5234375,98359,38.68,249.9115448,5.096,57 4c 01 6f 00 00 02 15 00 00 4c 7a 00 25 00 4d f7 d2 00 02 00 02 ff 7c ff d7 00 14 00 27 0c 86 00 01 80 37 00 00 0f 1c 43 79 e9 5b 00 00 13 e8
100,4800,WL,flash_sample,48,19.598,1,111,1,1,1,1,0,1,1,0,534,19598,0.017568,0.037576,-1.021872,0.041668,-0.020834,-1.406295,-3.01,1.4,2.73,37.546875,98365,38.71,249.401596069,5.096,57 4c 01 6f 00 00 02 16 00 00 4c 8e 00 24 00 4d f7 d2 00 04 ff fe ff 79 ff d5 00 14 00 27 0c 8c 00 01 80 3d 00 00 0f 1f 43 79 66 cf 00 00 13 e8
101,4848,WL,flash_sample,48,19.618,1,103,1,1,1,0,0,1,1,0,535,19618,0.018056,0.037576,-1.022848,0.020834,0.031251,-1.375044,-3.01,1.4,2.87,37.51171875,98365,38.71,249.401596069,5.096,57 4c 01 67 00 00 02 17 00 00 4c a2 00 25 00 4d f7 d0 00 02 00 03 ff 7c ff d5 00 14 00 29 0c 83 00 01 80 3d 00 00 0f 1f 43 79 66 cf 00 00 13 e8
102,4896,WL,flash_sample,48,19.638,1,103,1,1,1,0,0,1,1,0,536,19638,0.017568,0.038064,-1.02236,0.031251,-0.010417,-1.406295,-2.87,1.33,2.73,37.5234375,98355,38.69,250.255050659,5.084,57 4c 01 67 00 00 02 18 00 00 4c b6 00 24 00 4e f7 d1 00 03 ff ff ff 79 ff d7 00 13 00 27 0c 86 00 01 80 33 00 00 0f 1d 43 7a 41 4b 00 00 13 dc
103,4944,WL,flash_sample,48,19.658,1,103,1,1,1,0,0,1,1,0,537,19658,0.017568,0.037088,-1.022848,0.052085,0.010417,-1.385461,-2.94,1.47,2.66,37.49609375,98361,38.67,249.742446899,5.084,57 4c 01 67 00 00 02 19 00 00 4c ca 00 24 00 4c f7 d0 00 05 00 01 ff 7b ff d6 00 15 00 26 0c 7f 00 01 80 39 00 00 0f 1b 43 79 be 11 00 00 13 dc
104,4992,WL,flash_sample,48,19.678,1,111,1,1,1,1,0,1,1,0,538,19678,0.01708,0.037576,-1.02236,0.041668,-0.010417,-1.375044,-2.94,1.4,2.73,37.5234375,98362,38.7,249.65524292,5.084,57 4c 01 6f 00 00 02 1a 00 00 4c de 00 23 00 4d f7 d1 00 04 ff ff ff 7c ff d6 00 14 00 27 0c 86 00 01 80 3a 00 00 0f 1e 43 79 a7 be 00 00 13 dc
105,5040,WL,flash_sample,48,19.698,1,111,1,1,1,1,0,1,1,0,539,19698,0.018056,0.037088,-1.022848,0.031251,0.010417,-1.375044,-3.01,1.4,2.66,37.5546875,98363,38.73,249.57069397,5.084,57 4c 01 6f 00 00 02 1b 00 00 4c f2 00 25 00 4c f7 d0 00 03 00 01 ff 7c ff d5 00 14 00 26 0c 8e 00 01 80 3b 00 00 0f 21 43 79 92 19 00 00 13 dc
106,5088,WL,flash_sample,48,19.718,1,111,1,1,1,1,0,1,1,0,540,19718,0.017568,0.037576,-1.02236,0.031251,0.031251,-1.395878,-2.94,1.47,2.66,37.546875,98362,38.75,249.65524292,5.084,57 4c 01 6f 00 00 02 1c 00 00 4d 06 00 24 00 4d f7 d1 00 03 00 03 ff 7a ff d6 00 15 00 26 0c 8c 00 01 80 3a 00 00 0f 23 43 79 a7 be 00 00 13 dc
107,5136,WL,flash_sample,48,19.738,1,111,1,1,1,1,0,1,1,0,541,19738,0.018056,0.037088,-1.022848,0.031251,0.020834,-1.395878,-2.94,1.47,2.66,37.5390625,98363,38.78,249.57069397,5.088,57 4c 01 6f 00 00 02 1d 00 00 4d 1a 00 25 00 4c f7 d0 00 03 00 02 ff 7a ff d6 00 15 00 26 0c 8a 00 01 80 3b 00 00 0f 26 43 79 92 19 00 00 13 e0
108,5184,WL,flash_sample,48,19.758,1,103,1,1,1,0,0,1,1,0,542,19758,0.01708,0.037088,-1.021872,0.031251,0.020834,-1.406295,-3.01,1.47,2.66,37.5546875,98366,38.8,249.31439209,5.088,57 4c 01 67 00 00 02 1e 00 00 4d 2e 00 23 00 4c f7 d2 00 03 00 02 ff 79 ff d5 00 15 00 26 0c 8e 00 01 80 3e 00 00 0f 28 43 79 50 7c 00 00 13 e0
109,5232,WL,flash_sample,48,19.778,1,103,1,1,1,0,0,1,1,0,543,19778,0.01708,0.037088,-1.022848,0.010417,0.041668,-1.406295,-2.94,1.47,2.66,37.5703125,98368,38.82,249.145294189,5.088,57 4c 01 67 00 00 02 1f 00 00 4d 42 00 23 00 4c f7 d0 00 01 00 04 ff 79 ff d6 00 15 00 26 0c 92 00 01 80 40 00 00 0f 2a 43 79 25 32 00 00 13 e0
110,5280,WL,flash_sample,48,19.798,1,111,1,1,1,1,0,1,1,0,544,19798,0.017568,0.038064,-1.021384,0.072919,0.010417,-1.416712,-2.94,1.47,2.73,37.5546875,98362,38.83,249.65524292,5.088,57 4c 01 6f 00 00 02 20 00 00 4d 56 00 24 00 4e f7 d3 00 07 00 01 ff 78 ff d6 00 15 00 27 0c 8e 00 01 80 3a 00 00 0f 2b 43 79 a7 be 00 00 13 e0
111,5328,WL,flash_sample,48,19.818,1,111,1,1,1,1,0,1,1,0,545,19818,0.01708,0.038064,-1.021384,0.031251,0.0,-1.406295,-2.94,1.47,2.66,37.5390625,98366,38.85,249.31439209,5.088,57 4c 01 6f 00 00 02 21 00 00 4d 6a 00 23 00 4e f7 d3 00 03 00 00 ff 79 ff d6 00 15 00 26 0c 8a 00 01 80 3e 00 00 0f 2d 43 79 50 7c 00 00 13 e0
112,5376,WL,flash_sample,48,19.838,1,111,1,1,1,1,0,1,1,0,546,19838,0.017568,0.037576,-1.021872,0.010417,0.010417,-1.35421,-2.94,1.33,2.8,37.5546875,98367,38.87,249.22984314,5.092,57 4c 01 6f 00 00 02 22 00 00 4d 7e 00 24 00 4d f7 d2 00 01 00 01 ff 7e ff d6 00 13 00 28 0c 8e 00 01 80 3f 00 00 0f 2f 43 79 3a d7 00 00 13 e4
113,5424,WL,flash_sample,48,19.858,1,103,1,1,1,0,0,1,1,0,547,19858,0.016592,0.037576,-1.022848,0.041668,0.031251,-1.406295,-2.94,1.47,2.66,37.5546875,98369,38.88,249.060745239,5.092,57 4c 01 67 00 00 02 23 00 00 4d 92 00 22 00 4d f7 d0 00 04 00 03 ff 79 ff d6 00 15 00 26 0c 8e 00 01 80 41 00 00 0f 30 43 79 0f 8d 00 00 13 e4
114,5472,WL,flash_sample,48,19.878,1,103,1,1,1,0,0,1,1,0,548,19878,0.017568,0.038064,-1.023336,0.020834,0.020834,-1.416712,-2.87,1.47,2.66,37.5390625,98367,38.9,249.22984314,5.092,57 4c 01 67 00 00 02 24 00 00 4d a6 00 24 00 4e f7 cf 00 02 00 02 ff 78 ff d7 00 15 00 26 0c 8a 00 01 80 3f 00 00 0f 32 43 79 3a d7 00 00 13 e4
115,5520,WL,flash_sample,48,19.898,1,103,1,1,1,0,0,1,1,0,549,19898,0.01708,0.037576,-1.02236,0.052085,0.010417,-1.395878,-2.94,1.47,2.66,37.5390625,98367,38.91,249.22984314,5.092,57 4c 01 67 00 00 02 25 00 00 4d ba 00 23 00 4d f7 d1 00 05 00 01 ff 7a ff d6 00 15 00 26 0c 8a 00 01 80 3f 00 00 0f 33 43 79 3a d7 00 00 13 e4
116,5568,WL,flash_sample,48,19.918,1,111,1,1,1,1,0,1,1,0,550,19918,0.01708,0.037576,-1.02236,0.031251,0.010417,-1.406295,-3.01,1.47,2.8,37.5390625,98372,38.93,248.804443359,5.092,57 4c 01 6f 00 00 02 26 00 00 4d ce 00 23 00 4d f7 d1 00 03 00 01 ff 79 ff d5 00 15 00 28 0c 8a 00 01 80 44 00 00 0f 35 43 78 cd f0 00 00 13 e4
117,5616,WL,flash_sample,48,19.938,1,111,1,1,1,1,0,1,1,0,551,19938,0.017568,0.037088,-1.022848,0.020834,0.010417,-1.385461,-2.94,1.4,2.66,37.5390625,98366,38.93,249.31439209,5.084,57 4c 01 6f 00 00 02 27 00 00 4d e2 00 24 00 4c f7 d0 00 02 00 01 ff 7b ff d6 00 14 00 26 0c 8a 00 01 80 3e 00 00 0f 35 43 79 50 7c 00 00 13 dc
118,5664,WL,flash_sample,48,19.958,1,111,1,1,1,1,0,1,1,0,552,19958,0.018056,0.037576,-1.02236,0.010417,0.031251,-1.406295,-2.94,1.4,2.73,37.546875,98371,38.95,248.88899231,5.084,57 4c 01 6f 00 00 02 28 00 00 4d f6 00 25 00 4d f7 d1 00 01 00 03 ff 79 ff d6 00 14 00 27 0c 8c 00 01 80 43 00 00 0f 37 43 78 e3 95 00 00 13 dc
119,5712,WL,flash_sample,48,19.978,1,103,1,1,1,0,0,1,1,0,553,19978,0.01708,0.037088,-1.02236,0.010417,-0.020834,-1.385461,-2.94,1.4,2.66,37.5546875,98371,38.96,248.88899231,5.084,57 4c 01 67 00 00 02 29 00 00 4e 0a 00 23 00 4c f7 d1 00 01 ff fe ff 7b ff d6 00 14 00 26 0c 8e 00 01 80 43 00 00 0f 38 43 78 e3 95 00 00 13 dc
120,5760,WL,flash_sample,48,19.998,1,103,1,1,1,0,0,1,1,0,554,19998,0.017568,0.037088,-1.022848,0.041668,0.052085,-1.375044,-2.94,1.47,2.66,37.5390625,98368,38.97,249.145294189,5.084,57 4c 01 67 00 00 02 2a 00 00 4e 1e 00 24 00 4c f7 d0 00 04 00 05 ff 7c ff d6 00 15 00 26 0c 8a 00 01 80 40 00 00 0f 39 43 79 25 32 00 00 13 dc
121,5808,WL,flash_sample,48,20.018,1,111,1,1,1,1,0,1,1,0,555,20018,0.016592,0.037576,-1.02236,0.010417,0.010417,-1.385461,-2.94,1.4,2.73,37.5390625,98372,38.98,248.804443359,5.084,57 4c 01 6f 00 00 02 2b 00 00 4e 32 00 22 00 4d f7 d1 00 01 00 01 ff 7b ff d6 00 14 00 27 0c 8a 00 01 80 44 00 00 0f 3a 43 78 cd f0 00 00 13 dc
122,5856,WL,flash_sample,48,20.038,1,111,1,1,1,1,0,1,1,0,556,20038,0.016592,0.037576,-1.02236,0.010417,0.010417,-1.385461,-2.94,1.4,2.73,37.5390625,98372,38.98,248.804443359,5.084,57 4c 01 6f 00 00 02 2c 00 00 4e 46 00 22 00 4d f7 d1 00 01 00 01 ff 7b ff d6 00 14 00 27 0c 8a 00 01 80 44 00 00 0f 3a 43 78 cd f0 00 00 13 dc
123,5904,WL,flash_sample,48,20.058,1,111,1,1,1,1,0,1,1,0,557,20058,0.016592,0.037576,-1.02236,0.010417,0.010417,-1.385461,-2.94,1.4,2.73,37.5390625,98372,38.98,248.804443359,5.084,57 4c 01 6f 00 00 02 2d 00 00 4e 5a 00 22 00 4d f7 d1 00 01 00 01 ff 7b ff d6 00 14 00 27 0c 8a 00 01 80 44 00 00 0f 3a 43 78 cd f0 00 00 13 dc
124,5952,WL,flash_sample,48,20.078,1,111,1,1,1,1,0,1,1,0,558,20078,0.016592,0.037576,-1.02236,0.010417,0.010417,-1.385461,-2.94,1.4,2.73,37.5390625,98372,38.98,248.804443359,5.084,57 4c 01 6f 00 00 02 2e 00 00 4e 6e 00 22 00 4d f7 d1 00 01 00 01 ff 7b ff d6 00 14 00 27 0c 8a 00 01 80 44 00 00 0f 3a 43 78 cd f0 00 00 13 dc
125,6000,WL,flash_sample,48,20.098,1,103,1,1,1,0,0,1,1,0,559,20098,0.017568,0.037088,-1.021384,0.020834,-0.020834,-1.395878,-0.77,-0.77,1.61,37.578125,98430,39.0,243.858093262,5.076,57 4c 01 67 00 00 02 2f 00 00 4e 82 00 24 00 4c f7 d3 00 02 ff fe ff 7a ff f5 ff f5 00 17 0c 94 00 01 80 7e 00 00 0f 3c 43 73 db ac 00 00 13 d4
126,6048,WL,flash_sample,48,20.118,1,103,1,1,1,0,0,1,1,0,560,20118,0.017568,0.037088,-1.021872,0.031251,-0.020834,-1.385461,-1.89,0.0,2.73,37.578125,98363,38.71,249.57069397,5.076,57 4c 01 67 00 00 02 30 00 00 4e 96 00 24 00 4c f7 d2 00 03 ff fe ff 7b ff e5 00 00 00 27 0c 94 00 01 80 3b 00 00 0f 1f 43 79 92 19 00 00 13 d4
127,6096,WL,flash_sample,48,20.138,1,102,0,1,1,0,0,1,1,0,561,20138,0.017568,0.037576,-1.02236,0.052085,0.010417,-1.35421,-2.8,1.05,3.01,37.578125,98363,38.73,249.57069397,5.072,57 4c 01 66 00 00 02 31 00 00 4e aa 00 24 00 4d f7 d1 00 05 00 01 ff 7e ff d8 00 0f 00 2b 0c 94 00 01 80 3b 00 00 0f 21 43 79 92 19 00 00 13 d0
128,6144,WL,flash_sample,48,20.158,1,102,0,1,1,0,0,1,1,0,562,20158,0.017568,0.037576,-1.02236,0.052085,0.010417,-1.35421,-2.8,1.05,3.01,37.578125,98363,38.73,249.57069397,5.072,57 4c 01 66 00 00 02 32 00 00 4e be 00 24 00 4d f7 d1 00 05 00 01 ff 7e ff d8 00 0f 00 2b 0c 94 00 01 80 3b 00 00 0f 21 43 79 92 19 00 00 13 d0
129,6192,WL,flash_sample,48,20.178,1,102,0,1,1,0,0,1,1,0,563,20178,0.017568,0.037576,-1.02236,0.052085,0.010417,-1.35421,-2.8,1.05,3.01,37.578125,98363,38.73,249.57069397,5.072,57 4c 01 66 00 00 02 33 00 00 4e d2 00 24 00 4d f7 d1 00 05 00 01 ff 7e ff d8 00 0f 00 2b 0c 94 00 01 80 3b 00 00 0f 21 43 79 92 19 00 00 13 d0
130,6240,WL,flash_sample,48,20.198,1,102,0,1,1,0,0,1,1,0,564,20198,0.017568,0.037576,-1.02236,0.052085,0.010417,-1.35421,-2.8,1.05,3.01,37.578125,98363,38.73,249.57069397,5.072,57 4c 01 66 00 00 02 34 00 00 4e e6 00 24 00 4d f7 d1 00 05 00 01 ff 7e ff d8 00 0f 00 2b 0c 94 00 01 80 3b 00 00 0f 21 43 79 92 19 00 00 13 d0
131,6288,WL,flash_sample,48,20.218,1,102,0,1,1,0,0,1,1,0,565,20218,0.017568,0.037576,-1.02236,0.052085,0.010417,-1.35421,-2.8,1.05,3.01,37.578125,98363,38.73,249.57069397,5.072,57 4c 01 66 00 00 02 35 00 00 4e fa 00 24 00 4d f7 d1 00 05 00 01 ff 7e ff d8 00 0f 00 2b 0c 94 00 01 80 3b 00 00 0f 21 43 79 92 19 00 00 13 d0
132,6336,WL,flash_sample,48,20.238,1,102,0,1,1,0,0,1,1,0,566,20238,0.017568,0.037576,-1.02236,0.052085,0.010417,-1.35421,-2.8,1.05,3.01,37.578125,98363,38.73,249.57069397,5.072,57 4c 01 66 00 00 02 36 00 00 4f 0e 00 24 00 4d f7 d1 00 05 00 01 ff 7e ff d8 00 0f 00 2b 0c 94 00 01 80 3b 00 00 0f 21 43 79 92 19 00 00 13 d0
133,6384,WL,flash_sample,48,20.258,1,102,0,1,1,0,0,1,1,0,567,20258,0.017568,0.037576,-1.02236,0.052085,0.010417,-1.35421,-2.8,1.05,3.01,37.578125,98363,38.73,249.57069397,5.072,57 4c 01 66 00 00 02 37 00 00 4f 22 00 24 00 4d f7 d1 00 05 00 01 ff 7e ff d8 00 0f 00 2b 0c 94 00 01 80 3b 00 00 0f 21 43 79 92 19 00 00 13 d0
134,6432,WL,flash_sample,48,20.278,1,110,0,1,1,1,0,1,1,0,568,20278,0.017568,0.037576,-1.021872,0.020834,0.020834,-1.395878,-0.28,0.07,-0.14,37.5546875,98363,38.73,249.57069397,5.072,57 4c 01 6e 00 00 02 38 00 00 4f 36 00 24 00 4d f7 d2 00 02 00 02 ff 7a ff fc 00 01 ff fe 0c 8e 00 01 80 3b 00 00 0f 21 43 79 92 19 00 00 13 d0
135,6480,WL,flash_sample,48,20.298,1,110,0,1,1,1,0,1,1,0,569,20298,0.017568,0.037576,-1.021872,0.020834,0.020834,-1.395878,-0.28,0.07,-0.14,37.5546875,98363,38.73,249.57069397,5.072,57 4c 01 6e 00 00 02 39 00 00 4f 4a 00 24 00 4d f7 d2 00 02 00 02 ff 7a ff fc 00 01 ff fe 0c 8e 00 01 80 3b 00 00 0f 21 43 79 92 19 00 00 13 d0
136,6528,WL,flash_sample,48,20.318,1,64,0,0,0,0,0,0,1,0,570,20318,0.018056,0.037576,-1.021384,0.031251,0.010417,-1.395878,-0.28,-0.07,0.0,37.5703125,98415,38.76,245.136962891,4.928,57 4c 01 40 00 00 02 3a 00 00 4f 5e 00 25 00 4d f7 d3 00 03 00 01 ff 7a ff fc ff ff 00 00 0c 92 00 01 80 6f 00 00 0f 24 43 75 23 10 00 00 13 40
137,6576,WL,flash_sample,48,20.338,1,102,0,1,1,0,0,1,1,0,571,20338,0.017568,0.037088,-1.020896,0.020834,0.0,-1.343793,-0.84,0.07,0.77,37.578125,98303,38.23,254.688781738,4.936,57 4c 01 66 00 00 02 3b 00 00 4f 72 00 24 00 4c f7 d4 00 02 00 00 ff 7f ff f4 00 01 00 0b 0c 94 00 01 7f ff 00 00 0e ef 43 7e b0 54 00 00 13 48
138,6624,WL,flash_sample,48,20.358,1,102,0,1,1,0,0,1,1,0,572,20358,0.017568,0.036112,-1.021872,0.041668,0.0,-1.375044,-1.26,-0.35,2.17,37.5546875,98352,38.33,250.50869751,4.936,57 4c 01 66 00 00 02 3c 00 00 4f 86 00 24 00 4a f7 d2 00 04 00 00 ff 7c ff ee ff fb 00 1f 0c 8e 00 01 80 30 00 00 0e f9 43 7a 82 3a 00 00 13 48
139,6672,WL,flash_sample,48,20.378,1,110,0,1,1,1,0,1,1,0,573,20378,0.018056,0.037576,-1.021384,0.041668,0.010417,-1.395878,-2.73,1.12,2.94,37.5390625,98354,38.39,250.339599609,4.936,57 4c 01 6e 00 00 02 3d 00 00 4f 9a 00 25 00 4d f7 d3 00 04 00 01 ff 7a ff d9 00 10 00 2a 0c 8a 00 01 80 32 00 00 0e ff 43 7a 56 f0 00 00 13 48
140,6720,WL,flash_sample,48,20.398,1,110,0,1,1,1,0,1,1,0,574,20398,0.01708,0.038064,-1.021872,0.031251,0.010417,-1.385461,-2.94,1.4,2.66,37.5703125,98352,38.44,250.50869751,4.936,57 4c 01 6e 00 00 02 3e 00 00 4f ae 00 23 00 4e f7 d2 00 03 00 01 ff 7b ff d6 00 14 00 26 0c 92 00 01 80 30 00 00 0f 04 43 7a 82 3a 00 00 13 48
141,6768,WL,flash_sample,48,20.418,1,110,0,1,1,1,0,1,1,0,575,20418,0.017568,0.037088,-1.023824,0.031251,0.031251,-1.406295,-2.94,1.4,2.66,37.578125,98354,38.5,250.339599609,4.936,57 4c 01 6e 00 00 02 3f 00 00 4f c2 00 24 00 4c f7 ce 00 03 00 03 ff 79 ff d6 00 14 00 26 0c 94 00 01 80 32 00 00 0f 0a 43 7a 56 f0 00 00 13 48
142,6816,WL,flash_sample,48,20.438,1,110,0,1,1,1,0,1,1,0,576,20438,0.018056,0.038064,-1.022848,0.052085,-0.020834,-1.364627,-2.87,1.4,2.66,37.5625,98352,38.54,250.50869751,5.096,57 4c 01 6e 00 00 02 40 00 00 4f d6 00 25 00 4e f7 d0 00 05 ff fe ff 7d ff d7 00 14 00 26 0c 90 00 01 80 30 00 00 0f 0e 43 7a 82 3a 00 00 13 e8
143,6864,WL,flash_sample,48,20.458,1,102,0,1,1,0,0,1,1,0,577,20458,0.01708,0.036112,-1.021872,0.041668,0.010417,-1.375044,-2.38,2.1,0.63,37.5703125,98309,38.54,254.176177979,5.096,57 4c 01 66 00 00 02 41 00 00 4f ea 00 23 00 4a f7 d2 00 04 00 01 ff 7c ff de 00 1e 00 09 0c 92 00 01 80 05 00 00 0f 0e 43 7e 2d 1a 00 00 13 e8
144,6912,WL,flash_sample,48,20.478,1,102,0,1,1,0,0,1,1,0,578,20478,0.01708,0.038064,-1.022848,0.010417,0.0,-1.406295,-1.61,0.98,0.77,37.578125,98311,38.57,254.007080078,5.096,57 4c 01 66 00 00 02 42 00 00 4f fe 00 23 00 4e f7 d0 00 01 00 00 ff 79 ff e9 00 0e 00 0b 0c 94 00 01 80 07 00 00 0f 11 43 7e 01 d0 00 00 13 e8
145,6960,WL,flash_sample,48,20.498,1,110,0,1,1,1,0,1,1,0,579,20498,0.01708,0.037576,-1.02236,0.062502,0.020834,-1.364627,-1.33,0.56,0.77,37.5703125,98314,38.6,253.750778198,5.096,57 4c 01 6e 00 00 02 43 00 00 50 12 00 23 00 4d f7 d1 00 06 00 02 ff 7d ff ed 00 08 00 0b 0c 92 00 01 80 0a 00 00 0f 14 43 7d c0 33 00 00 13 e8
146,7008,WL,flash_sample,48,20.518,1,110,0,1,1,1,0,1,1,0,580,20518,0.017568,0.037576,-1.021872,0.041668,0.010417,-1.385461,-1.26,0.56,0.77,37.59765625,98313,38.63,253.835327148,5.096,57 4c 01 6e 00 00 02 44 00 00 50 26 00 24 00 4d f7 d2 00 04 00 01 ff 7b ff ee 00 08 00 0b 0c 99 00 01 80 09 00 00 0f 17 43 7d d5 d8 00 00 13 e8
147,7056,WL,flash_sample,48,20.538,1,110,0,1,1,1,0,1,1,0,581,20538,0.01708,0.038552,-1.02236,0.062502,0.010417,-1.375044,-1.26,0.63,0.7,37.59765625,98316,38.65,253.579025269,4.944,57 4c 01 6e 00 00 02 45 00 00 50 3a 00 23 00 4f f7 d1 00 06 00 01 ff 7c ff ee 00 09 00 0a 0c 99 00 01 80 0c 00 00 0f 19 43 7d 94 3b 00 00 13 50
148,7104,WL,flash_sample,48,20.558,1,110,0,1,1,1,0,1,1,0,582,20558,0.01708,0.037088,-1.020896,0.010417,0.0,-1.364627,-1.75,-0.14,2.59,37.578125,98358,38.72,249.996109009,4.944,57 4c 01 6e 00 00 02 46 00 00 50 4e 00 23 00 4c f7 d4 00 01 00 00 ff 7d ff e7 ff fe 00 25 0c 94 00 01 80 36 00 00 0f 20 43 79 ff 01 00 00 13 50
149,7152,WL,flash_sample,48,20.578,1,102,0,1,1,0,0,1,1,0,583,20578,0.01708,0.037088,-1.021872,0.041668,0.052085,-1.406295,-2.66,0.91,3.15,37.58984375,98360,38.76,249.82699585,4.944,57 4c 01 66 00 00 02 47 00 00 50 62 00 23 00 4c f7 d2 00 04 00 05 ff 79 ff da 00 0d 00 2d 0c 97 00 01 80 38 00 00 0f 24 43 79 d3 b6 00 00 13 50
150,7200,WL,flash_sample,48,20.598,1,102,0,1,1,0,0,1,1,0,584,20598,0.01708,0.038064,-1.02236,0.062502,0.010417,-1.406295,-2.87,1.4,2.66,37.5703125,98362,38.79,249.65524292,4.944,57 4c 01 66 00 00 02 48 00 00 50 76 00 23 00 4e f7 d1 00 06 00 01 ff 79 ff d7 00 14 00 26 0c 92 00 01 80 3a 00 00 0f 27 43 79 a7 be 00 00 13 50
151,7248,WL,flash_sample,48,20.618,1,110,0,1,1,1,0,1,1,0,585,20618,0.016104,0.037088,-1.021384,0.072919,0.031251,-1.375044,-2.94,1.47,2.59,37.59765625,98360,38.81,249.82699585,4.944,57 4c 01 6e 00 00 02 49 00 00 50 8a 00 21 00 4c f7 d3 00 07 00 03 ff 7c ff d6 00 15 00 25 0c 99 00 01 80 38 00 00 0f 29 43 79 d3 b6 00 00 13 50
152,7296,WL,flash_sample,48,20.638,1,110,0,1,1,1,0,1,1,0,586,20638,0.017568,0.037088,-1.021872,0.062502,0.020834,-1.364627,-2.94,1.4,2.66,37.578125,98363,38.84,249.57069397,5.096,57 4c 01 6e 00 00 02 4a 00 00 50 9e 00 24 00 4c f7 d2 00 06 00 02 ff 7d ff d6 00 14 00 26 0c 94 00 01 80 3b 00 00 0f 2c 43 79 92 19 00 00 13 e8
153,7344,WL,flash_sample,48,20.658,1,110,0,1,1,1,0,1,1,0,587,20658,0.01708,0.037088,-1.02236,0.041668,0.020834,-1.375044,-2.94,1.4,2.66,37.60546875,98364,38.86,249.48614502,5.096,57 4c 01 6e 00 00 02 4b 00 00 50 b2 00 23 00 4c f7 d1 00 04 00 02 ff 7c ff d6 00 14 00 26 0c 9b 00 01 80 3c 00 00 0f 2e 43 79 7c 74 00 00 13 e8
154,7392,WL,flash_sample,48,20.678,1,102,0,1,1,0,0,1,1,0,588,20678,0.018056,0.037576,-1.02236,0.010417,-0.010417,-1.395878,-2.94,1.47,2.66,37.58984375,98365,38.89,249.401596069,5.096,57 4c 01 66 00 00 02 4c 00 00 50 c6 00 25 00 4d f7 d1 00 01 ff ff ff 7a ff d6 00 15 00 26 0c 97 00 01 80 3d 00 00 0f 31 43 79 66 cf 00 00 13 e8
155,7440,WL,flash_sample,48,20.698,1,102,0,1,1,0,0,1,1,0,589,20698,0.01708,0.037576,-1.021872,0.031251,0.0,-1.385461,-2.94,1.47,2.66,37.625,98364,38.91,249.48614502,5.096,57 4c 01 66 00 00 02 4d 00 00 50 da 00 23 00 4d f7 d2 00 03 00 00 ff 7b ff d6 00 15 00 26 0c a0 00 01 80 3c 00 00 0f 33 43 79 7c 74 00 00 13 e8
156,7488,WL,flash_sample,48,20.718,1,102,0,1,1,0,0,1,1,0,590,20718,0.017568,0.037576,-1.022848,0.010417,0.010417,-1.395878,-2.94,1.4,2.73,37.59375,98367,38.93,249.22984314,5.096,57 4c 01 66 00 00 02 4e 00 00 50 ee 00 24 00 4d f7 d0 00 01 00 01 ff 7a ff d6 00 14 00 27 0c 98 00 01 80 3f 00 00 0f 35 43 79 3a d7 00 00 13 e8
157,7536,WL,flash_sample,48,20.738,1,110,0,1,1,1,0,1,1,0,591,20738,0.017568,0.037088,-1.02236,0.010417,0.020834,-1.375044,-2.94,1.47,2.73,37.61328125,98365,38.95,249.401596069,5.104,57 4c 01 6e 00 00 02 4f 00 00 51 02 00 24 00 4c f7 d1 00 01 00 02 ff 7c ff d6 00 15 00 27 0c 9d 00 01 80 3d 00 00 0f 37 43 79 66 cf 00 00 13 f0
158,7584,WL,flash_sample,48,20.758,1,110,0,1,1,1,0,1,1,0,592,20758,0.01708,0.037576,-1.022848,0.020834,-0.020834,-1.375044,-2.87,1.47,2.66,37.62109375,98367,38.96,249.22984314,5.104,57 4c 01 6e 00 00 02 50 00 00 51 16 00 23 00 4d f7 d0 00 02 ff fe ff 7c ff d7 00 15 00 26 0c 9f 00 01 80 3f 00 00 0f 38 43 79 3a d7 00 00 13 f0
159,7632,WL,flash_sample,48,20.778,1,110,0,1,1,1,0,1,1,0,593,20778,0.017568,0.037088,-1.022848,0.010417,0.0,-1.406295,-2.94,1.47,2.73,37.6015625,98368,38.98,249.145294189,5.104,57 4c 01 6e 00 00 02 51 00 00 51 2a 00 24 00 4c f7 d0 00 01 00 00 ff 79 ff d6 00 15 00 27 0c 9a 00 01 80 40 00 00 0f 3a 43 79 25 32 00 00 13 f0
160,7680,WL,flash_sample,48,20.798,1,102,0,1,1,0,0,1,1,0,594,20798,0.016592,0.037576,-1.023336,0.031251,0.031251,-1.385461,-2.94,1.47,2.66,37.625,98369,38.99,249.060745239,5.104,57 4c 01 66 00 00 02 52 00 00 51 3e 00 22 00 4d f7 cf 00 03 00 03 ff 7b ff d6 00 15 00 26 0c a0 00 01 80 41 00 00 0f 3b 43 79 0f 8d 00 00 13 f0
161,7728,WL,flash_sample,48,20.818,1,102,0,1,1,0,0,1,1,0,595,20818,0.017568,0.038064,-1.023336,0.031251,-0.020834,-1.385461,-2.94,1.47,2.73,37.60546875,98369,39.01,249.060745239,5.104,57 4c 01 66 00 00 02 53 00 00 51 52 00 24 00 4e f7 cf 00 03 ff fe ff 7b ff d6 00 15 00 27 0c 9b 00 01 80 41 00 00 0f 3d 43 79 0f 8d 00 00 13 f0
162,7776,WL,flash_sample,48,20.838,1,102,0,1,1,0,0,1,1,0,596,20838,0.017568,0.037088,-1.02236,0.041668,0.0,-1.375044,-2.87,1.4,2.73,37.63671875,98369,39.02,249.060745239,5.084,57 4c 01 66 00 00 02 54 00 00 51 66 00 24 00 4c f7 d1 00 04 00 00 ff 7c ff d7 00 14 00 27 0c a3 00 01 80 41 00 00 0f 3e 43 79 0f 8d 00 00 13 dc
163,7824,WL,flash_sample,48,20.858,1,110,0,1,1,1,0,1,1,0,597,20858,0.016592,0.037576,-1.02236,0.041668,0.010417,-1.406295,-2.94,1.47,2.73,37.62109375,98369,39.04,249.060745239,5.084,57 4c 01 6e 00 00 02 55 00 00 51 7a 00 22 00 4d f7 d1 00 04 00 01 ff 79 ff d6 00 15 00 27 0c 9f 00 01 80 41 00 00 0f 40 43 79 0f 8d 00 00 13 dc
164,7872,WL,flash_sample,48,20.878,1,110,0,1,1,1,0,1,1,0,598,20878,0.017568,0.037088,-1.023824,0.052085,0.010417,-1.437546,-2.94,1.4,2.73,37.65625,98369,39.05,249.060745239,5.084,57 4c 01 6e 00 00 02 56 00 00 51 8e 00 24 00 4c f7 ce 00 05 00 01 ff 76 ff d6 00 14 00 27 0c a8 00 01 80 41 00 00 0f 41 43 79 0f 8d 00 00 13 dc
165,7920,WL,flash_sample,48,20.898,1,110,0,1,1,1,0,1,1,0,599,20898,0.01708,0.037576,-1.023336,0.031251,0.020834,-1.35421,-2.94,1.47,2.66,37.65625,98370,39.06,248.97354126,5.084,57 4c 01 6e 00 00 02 57 00 00 51 a2 00 23 00 4d f7 cf 00 03 00 02 ff 7e ff d6 00 15 00 26 0c a8 00 01 80 42 00 00 0f 42 43 78 f9 3a 00 00 13 dc
166,7968,WL,flash_sample,48,20.918,1,102,0,1,1,0,0,1,1,0,600,20918,0.017568,0.037088,-1.021872,0.052085,0.031251,-1.406295,-2.94,1.26,3.01,37.64453125,98362,39.07,249.65524292,5.084,57 4c 01 66 00 00 02 58 00 00 51 b6 00 24 00 4c f7 d2 00 05 00 03 ff 79 ff d6 00 12 00 2b 0c a5 00 01 80 3a 00 00 0f 43 43 79 a7 be 00 00 13 dc
167,8016,WL,flash_sample,48,20.938,1,102,0,1,1,0,0,1,1,0,601,20938,0.016592,0.038064,-1.021872,0.0,0.020834,-1.395878,-2.94,1.4,2.66,37.62109375,98365,39.08,249.401596069,5.1,57 4c 01 66 00 00 02 59 00 00 51 ca 00 22 00 4e f7 d2 00 00 00 02 ff 7a ff d6 00 14 00 26 0c 9f 00 01 80 3d 00 00 0f 44 43 79 66 cf 00 00 13 ec
168,8064,WL,flash_sample,48,20.958,1,102,0,1,1,0,0,1,1,0,602,20958,0.017568,0.037088,-1.022848,0.083336,-0.020834,-1.395878,-2.94,1.4,2.66,37.60546875,98370,39.09,248.97354126,5.1,57 4c 01 66 00 00 02 5a 00 00 51 de 00 24 00 4c f7 d0 00 08 ff fe ff 7a ff d6 00 14 00 26 0c 9b 00 01 80 42 00 00 0f 45 43 78 f9 3a 00 00 13 ec
169,8112,WL,flash_sample,48,20.978,1,110,0,1,1,1,0,1,1,0,603,20978,0.017568,0.037088,-1.023336,0.010417,-0.010417,-1.385461,-2.87,1.4,2.66,37.671875,98370,39.1,248.97354126,5.1,57 4c 01 6e 00 00 02 5b 00 00 51 f2 00 24 00 4c f7 cf 00 01 ff ff ff 7b ff d7 00 14 00 26 0c ac 00 01 80 42 00 00 0f 46 43 78 f9 3a 00 00 13 ec
170,8160,WL,flash_sample,48,20.998,1,110,0,1,1,1,0,1,1,0,604,20998,0.017568,0.0366,-1.022848,0.020834,-0.010417,-1.375044,-2.94,1.47,2.66,37.64453125,98371,39.1,248.88899231,5.1,57 4c 01 6e 00 00 02 5c 00 00 52 06 00 24 00 4b f7 d0 00 02 ff ff ff 7c ff d6 00 15 00 26 0c a5 00 01 80 43 00 00 0f 46 43 78 e3 95 00 00 13 ec
171,8208,WL,flash_sample,48,21.018,1,102,0,1,1,0,0,1,1,0,605,21018,0.017568,0.037088,-1.02236,0.020834,0.020834,-1.416712,-2.94,1.47,2.73,37.64453125,98371,39.1,248.88899231,5.1,57 4c 01 66 00 00 02 5d 00 00 52 1a 00 24 00 4c f7 d1 00 02 00 02 ff 78 ff d6 00 15 00 27 0c a5 00 01 80 43 00 00 0f 46 43 78 e3 95 00 00 13 ec
172,8256,WL,flash_sample,48,21.038,1,102,0,1,1,0,0,1,1,0,606,21038,0.017568,0.037088,-1.02236,0.020834,0.020834,-1.416712,-2.94,1.47,2.73,37.64453125,98371,39.1,248.88899231,5.1,57 4c 01 66 00 00 02 5e 00 00 52 2e 00 24 00 4c f7 d1 00 02 00 02 ff 78 ff d6 00 15 00 27 0c a5 00 01 80 43 00 00 0f 46 43 78 e3 95 00 00 13 ec
173,8304,WL,flash_sample,48,21.058,1,102,0,1,1,0,0,1,1,0,607,21058,0.017568,0.037088,-1.02236,0.020834,0.020834,-1.416712,-2.94,1.47,2.73,37.64453125,98371,39.1,248.88899231,5.1,57 4c 01 66 00 00 02 5f 00 00 52 42 00 24 00 4c f7 d1 00 02 00 02 ff 78 ff d6 00 15 00 27 0c a5 00 01 80 43 00 00 0f 46 43 78 e3 95 00 00 13 ec
174,8352,WL,flash_sample,48,21.078,1,102,0,1,1,0,0,1,1,0,608,21078,0.017568,0.037088,-1.02236,0.020834,0.020834,-1.416712,-2.94,1.47,2.73,37.64453125,98371,39.1,248.88899231,5.1,57 4c 01 66 00 00 02 60 00 00 52 56 00 24 00 4c f7 d1 00 02 00 02 ff 78 ff d6 00 15 00 27 0c a5 00 01 80 43 00 00 0f 46 43 78 e3 95 00 00 13 ec
175,8400,WL,flash_sample,48,21.098,1,110,0,1,1,1,0,1,1,0,609,21098,0.01708,0.037576,-1.02236,0.052085,0.010417,-1.406295,-0.7,-0.77,1.47,37.625,98378,39.12,248.2918396,5.1,57 4c 01 6e 00 00 02 61 00 00 52 6a 00 23 00 4d f7 d1 00 05 00 01 ff 79 ff f6 ff f5 00 15 0c a0 00 01 80 4a 00 00 0f 48 43 78 4a b6 00 00 13 ec
176,8448,WL,flash_sample,48,21.118,1,110,0,1,1,1,0,1,1,0,610,21118,0.01708,0.037088,-1.021872,0.0,0.020834,-1.406295,-1.75,-0.07,2.66,37.64453125,98364,38.79,249.48614502,5.1,57 4c 01 6e 00 00 02 62 00 00 52 7e 00 23 00 4c f7 d2 00 00 00 02 ff 79 ff e7 ff ff 00 26 0c a5 00 01 80 3c 00 00 0f 27 43 79 7c 74 00 00 13 ec
177,8496,WL,flash_sample,48,21.138,1,111,1,1,1,1,0,1,1,0,611,21138,0.016592,0.037088,-1.022848,0.0,0.010417,-1.395878,-2.87,1.4,2.66,37.63671875,98364,38.83,249.48614502,5.092,57 4c 01 6f 00 00 02 63 00 00 52 92 00 22 00 4c f7 d0 00 00 00 01 ff 7a ff d7 00 14 00 26 0c a3 00 01 80 3c 00 00 0f 2b 43 79 7c 74 00 00 13 e4
178,8544,WL,flash_sample,48,21.158,1,111,1,1,1,1,0,1,1,0,612,21158,0.016592,0.037088,-1.022848,0.0,0.010417,-1.395878,-2.87,1.4,2.66,37.63671875,98364,38.83,249.48614502,5.092,57 4c 01 6f 00 00 02 64 00 00 52 a6 00 22 00 4c f7 d0 00 00 00 01 ff 7a ff d7 00 14 00 26 0c a3 00 01 80 3c 00 00 0f 2b 43 79 7c 74 00 00 13 e4
179,8592,WL,flash_sample,48,21.178,1,111,1,1,1,1,0,1,1,0,613,21178,0.016592,0.037088,-1.022848,0.0,0.010417,-1.395878,-2.87,1.4,2.66,37.63671875,98364,38.83,249.48614502,5.092,57 4c 01 6f 00 00 02 65 00 00 52 ba 00 22 00 4c f7 d0 00 00 00 01 ff 7a ff d7 00 14 00 26 0c a3 00 01 80 3c 00 00 0f 2b 43 79 7c 74 00 00 13 e4
180,8640,WL,flash_sample,48,21.198,1,111,1,1,1,1,0,1,1,0,614,21198,0.016592,0.037088,-1.022848,0.0,0.010417,-1.395878,-2.87,1.4,2.66,37.63671875,98364,38.83,249.48614502,5.092,57 4c 01 6f 00 00 02 66 00 00 52 ce 00 22 00 4c f7 d0 00 00 00 01 ff 7a ff d7 00 14 00 26 0c a3 00 01 80 3c 00 00 0f 2b 43 79 7c 74 00 00 13 e4
181,8688,WL,flash_sample,48,21.218,1,111,1,1,1,1,0,1,1,0,615,21218,0.016592,0.037088,-1.022848,0.0,0.010417,-1.395878,-2.87,1.4,2.66,37.63671875,98364,38.83,249.48614502,5.092,57 4c 01 6f 00 00 02 67 00 00 52 e2 00 22 00 4c f7 d0 00 00 00 01 ff 7a ff d7 00 14 00 26 0c a3 00 01 80 3c 00 00 0f 2b 43 79 7c 74 00 00 13 e4
182,8736,WL,flash_sample,48,21.238,1,111,1,1,1,1,0,1,1,0,616,21238,0.016592,0.037088,-1.022848,0.0,0.010417,-1.395878,-2.87,1.4,2.66,37.63671875,98364,38.83,249.48614502,5.092,57 4c 01 6f 00 00 02 68 00 00 52 f6 00 22 00 4c f7 d0 00 00 00 01 ff 7a ff d7 00 14 00 26 0c a3 00 01 80 3c 00 00 0f 2b 43 79 7c 74 00 00 13 e4
183,8784,WL,flash_sample,48,21.258,1,111,1,1,1,1,0,1,1,0,617,21258,0.016592,0.037088,-1.022848,0.0,0.010417,-1.395878,-2.87,1.4,2.66,37.63671875,98364,38.83,249.48614502,5.092,57 4c 01 6f 00 00 02 69 00 00 53 0a 00 22 00 4c f7 d0 00 00 00 01 ff 7a ff d7 00 14 00 26 0c a3 00 01 80 3c 00 00 0f 2b 43 79 7c 74 00 00 13 e4
184,8832,WL,flash_sample,48,21.278,1,111,1,1,1,1,0,1,1,0,618,21278,0.017568,0.038064,-1.021872,0.031251,0.0,-1.385461,-0.28,0.07,-0.14,37.63671875,98369,38.85,249.060745239,5.092,57 4c 01 6f 00 00 02 6a 00 00 53 1e 00 24 00 4e f7 d2 00 03 00 00 ff 7b ff fc 00 01 ff fe 0c a3 00 01 80 41 00 00 0f 2d 43 79 0f 8d 00 00 13 e4
185,8880,WL,flash_sample,48,21.298,1,111,1,1,1,1,0,1,1,0,619,21298,0.017568,0.038064,-1.021872,0.031251,0.0,-1.385461,-0.28,0.07,-0.14,37.63671875,98369,38.85,249.060745239,5.092,57 4c 01 6f 00 00 02 6b 00 00 53 32 00 24 00 4e f7 d2 00 03 00 00 ff 7b ff fc 00 01 ff fe 0c a3 00 01 80 41 00 00 0f 2d 43 79 0f 8d 00 00 13 e4
186,8928,WL,flash_sample,48,21.318,1,65,1,0,0,0,0,0,1,0,620,21318,0.017568,0.037576,-1.021872,0.062502,0.041668,-1.385461,-0.28,0.07,-0.07,37.65625,98369,38.85,249.060745239,4.932,57 4c 01 41 00 00 02 6c 00 00 53 46 00 24 00 4d f7 d2 00 06 00 04 ff 7b ff fc 00 01 ff ff 0c a8 00 01 80 41 00 00 0f 2d 43 79 0f 8d 00 00 13 44
187,8976,WL,flash_sample,48,21.338,1,111,1,1,1,1,0,1,1,0,621,21338,0.01708,0.037576,-1.020408,0.041668,0.010417,-1.395878,-0.77,-0.14,0.84,37.64453125,98325,38.42,252.812774658,4.928,57 4c 01 6f 00 00 02 6d 00 00 53 5a 00 23 00 4d f7 d5 00 04 00 01 ff 7a ff f5 ff fe 00 0c 0c a5 00 01 80 15 00 00 0f 02 43 7c d0 12 00 00 13 40
188,9024,WL,flash_sample,48,21.358,1,111,1,1,1,1,0,1,1,0,622,21358,0.016592,0.037576,-1.021384,0.041668,0.031251,-1.406295,-1.26,-0.49,2.1,37.64453125,98341,38.38,251.446716309,4.928,57 4c 01 6f 00 00 02 6e 00 00 53 6e 00 22 00 4d f7 d3 00 04 00 03 ff 79 ff ee ff f9 00 1e 0c a5 00 01 80 25 00 00 0e fe 43 7b 72 5c 00 00 13 40
189,9072,WL,flash_sample,48,21.378,1,111,1,1,1,1,0,1,1,0,623,21378,0.017568,0.037088,-1.022848,0.052085,0.0,-1.416712,-2.73,1.05,2.94,37.6796875,98354,38.48,250.339599609,4.928,57 4c 01 6f 00 00 02 6f 00 00 53 82 00 24 00 4c f7 d0 00 05 00 00 ff 78 ff d9 00 0f 00 2a 0c ae 00 01 80 32 00 00 0f 08 43 7a 56 f0 00 00 13 40
190,9120,WL,flash_sample,48,21.398,1,103,1,1,1,0,0,1,1,0,624,21398,0.017568,0.037576,-1.02236,0.062502,-0.020834,-1.406295,-2.94,1.4,2.66,37.63671875,98351,38.53,250.595901489,4.928,57 4c 01 67 00 00 02 70 00 00 53 96 00 24 00 4d f7 d1 00 06 ff fe ff 79 ff d6 00 14 00 26 0c a3 00 01 80 2f 00 00 0f 0d 43 7a 98 8d 00 00 13 40
191,9168,WL,flash_sample,48,21.418,1,103,1,1,1,0,0,1,1,0,625,21418,0.017568,0.037088,-1.021872,0.062502,-0.031251,-1.406295,-2.94,1.4,2.66,37.703125,98352,38.59,250.50869751,4.928,57 4c 01 67 00 00 02 71 00 00 53 aa 00 24 00 4c f7 d2 00 06 ff fd ff 79 ff d6 00 14 00 26 0c b4 00 01 80 30 00 00 0f 13 43 7a 82 3a 00 00 13 40
192,9216,WL,flash_sample,48,21.438,1,111,1,1,1,1,0,1,1,0,626,21438,0.017568,0.037576,-1.023336,0.031251,0.041668,-1.385461,-2.94,1.4,2.66,37.6953125,98352,38.63,250.50869751,5.096,57 4c 01 6f 00 00 02 72 00 00 53 be 00 24 00 4d f7 cf 00 03 00 04 ff 7b ff d6 00 14 00 26 0c b2 00 01 80 30 00 00 0f 17 43 7a 82 3a 00 00 13 e8
193,9264,WL,flash_sample,48,21.458,1,111,1,1,1,1,0,1,1,0,627,21458,0.01708,0.037088,-1.023336,0.031251,0.010417,-1.406295,-2.52,2.17,0.63,37.671875,98323,38.68,252.981872559,5.096,57 4c 01 6f 00 00 02 73 00 00 53 d2 00 23 00 4c f7 cf 00 03 00 01 ff 79 ff dc 00 1f 00 09 0c ac 00 01 80 13 00 00 0f 1c 43 7c fb 5c 00 00 13 e8
194,9312,WL,flash_sample,48,21.478,1,111,1,1,1,1,0,1,1,0,628,21478,0.01708,0.037088,-1.023336,0.052085,0.010417,-1.427129,-1.61,1.05,0.77,37.6953125,98309,38.67,254.176177979,5.096,57 4c 01 6f 00 00 02 74 00 00 53 e6 00 23 00 4c f7 cf 00 05 00 01 ff 77 ff e9 00 0f 00 0b 0c b2 00 01 80 05 00 00 0f 1b 43 7e 2d 1a 00 00 13 e8
195,9360,WL,flash_sample,48,21.498,1,103,1,1,1,0,0,1,1,0,629,21498,0.01708,0.037088,-1.02236,0.052085,0.020834,-1.395878,-1.33,0.63,0.77,37.703125,98311,38.69,254.007080078,5.096,57 4c 01 67 00 00 02 75 00 00 53 fa 00 23 00 4c f7 d1 00 05 00 02 ff 7a ff ed 00 09 00 0b 0c b4 00 01 80 07 00 00 0f 1d 43 7e 01 d0 00 00 13 e8
196,9408,WL,flash_sample,48,21.518,1,103,1,1,1,0,0,1,1,0,630,21518,0.01708,0.037088,-1.021872,0.020834,-0.010417,-1.35421,-1.26,0.56,0.77,37.6640625,98311,38.72,254.007080078,5.096,57 4c 01 67 00 00 02 76 00 00 54 0e 00 23 00 4c f7 d2 00 02 ff ff ff 7e ff ee 00 08 00 0b 0c aa 00 01 80 07 00 00 0f 20 43 7e 01 d0 00 00 13 e8
197,9456,WL,flash_sample,48,21.538,1,103,1,1,1,0,0,1,1,0,631,21538,0.016592,0.037088,-1.022848,0.083336,0.010417,-1.375044,-1.19,0.49,0.77,37.6796875,98312,38.75,253.922515869,4.924,57 4c 01 67 00 00 02 77 00 00 54 22 00 22 00 4c f7 d0 00 08 00 01 ff 7c ff ef 00 07 00 0b 0c ae 00 01 80 08 00 00 0f 23 43 7d ec 2a 00 00 13 3c
198,9504,WL,flash_sample,48,21.558,1,111,1,1,1,1,0,1,1,0,632,21558,0.016592,0.038064,-1.021872,0.031251,0.031251,-1.375044,-1.68,-0.14,2.59,37.65625,98352,38.77,250.50869751,4.924,57 4c 01 6f 00 00 02 78 00 00 54 36 00 22 00 4e f7 d2 00 03 00 03 ff 7c ff e8 ff fe 00 25 0c a8 00 01 80 30 00 00 0f 25 43 7a 82 3a 00 00 13 3c
199,9552,WL,flash_sample,48,21.578,1,111,1,1,1,1,0,1,1,0,633,21578,0.017568,0.037576,-1.02236,0.093753,0.020834,-1.406295,-2.73,0.84,3.15,37.703125,98358,38.85,249.996109009,4.924,57 4c 01 6f 00 00 02 79 00 00 54 4a 00 24 00 4d f7 d1 00 09 00 02 ff 79 ff d9 00 0c 00 2d 0c b4 00 01 80 36 00 00 0f 2d 43 79 ff 01 00 00 13 3c
200,9600,WL,flash_sample,48,21.598,1,111,1,1,1,1,0,1,1,0,634,21598,0.01708,0.037576,-1.021384,0.031251,0.010417,-1.406295,-2.94,1.4,2.66,37.671875,98362,38.88,249.65524292,4.924,57 4c 01 6f 00 00 02 7a 00 00 54 5e 00 23 00 4d f7 d3 00 03 00 01 ff 79 ff d6 00 14 00 26 0c ac 00 01 80 3a 00 00 0f 30 43 79 a7 be 00 00 13 3c
201,9648,WL,flash_sample,48,21.618,1,103,1,1,1,0,0,1,1,0,635,21618,0.01708,0.037576,-1.022848,0.0,-0.020834,-1.375044,-2.87,1.4,2.66,37.6953125,98363,38.91,249.57069397,4.924,57 4c 01 67 00 00 02 7b 00 00 54 72 00 23 00 4d f7 d0 00 00 ff fe ff 7c ff d7 00 14 00 26 0c b2 00 01 80 3b 00 00 0f 33 43 79 92 19 00 00 13 3c
202,9696,WL,flash_sample,48,21.638,1,103,1,1,1,0,0,1,1,0,636,21638,0.01708,0.037576,-1.022848,0.062502,0.020834,-1.395878,-2.94,1.47,2.66,37.703125,98362,38.94,249.65524292,5.096,57 4c 01 67 00 00 02 7c 00 00 54 86 00 23 00 4d f7 d0 00 06 00 02 ff 7a ff d6 00 15 00 26 0c b4 00 01 80 3a 00 00 0f 36 43 79 a7 be 00 00 13 e8
203,9744,WL,flash_sample,48,21.658,1,103,1,1,1,0,0,1,1,0,637,21658,0.01708,0.037088,-1.022848,0.062502,0.0,-1.406295,-2.87,1.4,2.66,37.7578125,98361,38.96,249.742446899,5.096,57 4c 01 67 00 00 02 7d 00 00 54 9a 00 23 00 4c f7 d0 00 06 00 00 ff 79 ff d7 00 14 00 26 0c c2 00 01 80 39 00 00 0f 38 43 79 be 11 00 00 13 e8
204,9792,WL,flash_sample,48,21.678,1,111,1,1,1,1,0,1,1,0,638,21678,0.01708,0.037576,-1.023824,0.041668,0.010417,-1.395878,-2.94,1.4,2.66,37.72265625,98367,38.99,249.22984314,5.096,57 4c 01 6f 00 00 02 7e 00 00 54 ae 00 23 00 4d f7 ce 00 04 00 01 ff 7a ff d6 00 14 00 26 0c b9 00 01 80 3f 00 00 0f 3b 43 79 3a d7 00 00 13 e8
205,9840,WL,flash_sample,48,21.698,1,111,1,1,1,1,0,1,1,0,639,21698,0.017568,0.037576,-1.023336,0.062502,-0.020834,-1.395878,-2.87,1.4,2.66,37.6953125,98364,39.01,249.48614502,5.096,57 4c 01 6f 00 00 02 7f 00 00 54 c2 00 24 00 4d f7 cf 00 06 ff fe ff 7a ff d7 00 14 00 26 0c b2 00 01 80 3c 00 00 0f 3d 43 79 7c 74 00 00 13 e8
206,9888,WL,flash_sample,48,21.718,1,111,1,1,1,1,0,1,1,0,640,21718,0.017568,0.037576,-1.023824,0.031251,0.010417,-1.364627,-2.94,1.47,2.66,37.73046875,98365,39.03,249.401596069,5.096,57 4c 01 6f 00 00 02 80 00 00 54 d6 00 24 00 4d f7 ce 00 03 00 01 ff 7d ff d6 00 15 00 26 0c bb 00 01 80 3d 00 00 0f 3f 43 79 66 cf 00 00 13 e8
207,9936,WL,flash_sample,48,21.738,1,103,1,1,1,0,0,1,1,0,641,21738,0.017568,0.037088,-1.022848,0.041668,-0.010417,-1.385461,-2.87,1.47,2.59,37.75,98365,39.05,249.401596069,5.104,57 4c 01 67 00 00 02 81 00 00 54 ea 00 24 00 4c f7 d0 00 04 ff ff ff 7b ff d7 00 15 00 25 0c c0 00 01 80 3d 00 00 0f 41 43 79 66 cf 00 00 13 f0
208,9984,WL,flash_sample,48,21.758,1,103,1,1,1,0,0,1,1,0,642,21758,0.017568,0.037576,-1.022848,0.0,0.010417,-1.375044,-2.94,1.54,2.73,37.74609375,98370,39.06,248.97354126,5.104,57 4c 01 67 00 00 02 82 00 00 54 fe 00 24 00 4d f7 d0 00 00 00 01 ff 7c ff d6 00 16 00 27 0c bf 00 01 80 42 00 00 0f 42 43 78 f9 3a 00 00 13 f0
209,10032,WL,flash_sample,48,21.778,1,103,1,1,1,0,0,1,1,0,643,21778,0.017568,0.037088,-1.02236,0.052085,-0.010417,-1.364627,-2.94,1.4,2.66,37.75390625,98369,39.08,249.060745239,5.104,57 4c 01 67 00 00 02 83 00 00 55 12 00 24 00 4c f7 d1 00 05 ff ff ff 7d ff d6 00 14 00 26 0c c1 00 01 80 41 00 00 0f 44 43 79 0f 8d 00 00 13 f0
210,10080,WL,flash_sample,48,21.798,1,111,1,1,1,1,0,1,1,0,644,21798,0.01708,0.037576,-1.021872,0.031251,-0.020834,-1.385461,-2.94,1.47,2.66,37.765625,98367,39.1,249.22984314,5.104,57 4c 01 6f 00 00 02 84 00 00 55 26 00 23 00 4d f7 d2 00 03 ff fe ff 7b ff d6 00 15 00 26 0c c4 00 01 80 3f 00 00 0f 46 43 79 3a d7 00 00 13 f0
211,10128,WL,flash_sample,48,21.818,1,111,1,1,1,1,0,1,1,0,645,21818,0.017568,0.037576,-1.021872,0.010417,0.020834,-1.395878,-2.94,1.47,2.66,37.69921875,98366,39.11,249.31439209,5.104,57 4c 01 6f 00 00 02 85 00 00 55 3a 00 24 00 4d f7 d2 00 01 00 02 ff 7a ff d6 00 15 00 26 0c b3 00 01 80 3e 00 00 0f 47 43 79 50 7c 00 00 13 f0
212,10176,WL,flash_sample,48,21.838,1,111,1,1,1,1,0,1,1,0,646,21838,0.01708,0.037088,-1.02236,0.031251,0.031251,-1.375044,-3.01,1.47,2.66,37.75,98365,39.13,249.401596069,5.076,57 4c 01 6f 00 00 02 86 00 00 55 4e 00 23 00 4c f7 d1 00 03 00 03 ff 7c ff d5 00 15 00 26 0c c0 00 01 80 3d 00 00 0f 49 43 79 66 cf 00 00 13 d4
213,10224,WL,flash_sample,48,21.858,1,103,1,1,1,0,0,1,1,0,647,21858,0.01708,0.037088,-1.02236,0.031251,0.020834,-1.385461,-2.94,1.4,2.66,37.73828125,98369,39.14,249.060745239,5.076,57 4c 01 67 00 00 02 87 00 00 55 62 00 23 00 4c f7 d1 00 03 00 02 ff 7b ff d6 00 14 00 26 0c bd 00 01 80 41 00 00 0f 4a 43 79 0f 8d 00 00 13 d4
214,10272,WL,flash_sample,48,21.878,1,103,1,1,1,0,0,1,1,0,648,21878,0.01708,0.037088,-1.022848,0.072919,0.020834,-1.395878,-2.94,1.47,2.66,37.76171875,98369,39.15,249.060745239,5.076,57 4c 01 67 00 00 02 88 00 00 55 76 00 23 00 4c f7 d0 00 07 00 02 ff 7a ff d6 00 15 00 26 0c c3 00 01 80 41 00 00 0f 4b 43 79 0f 8d 00 00 13 d4
215,10320,WL,flash_sample,48,21.898,1,111,1,1,1,1,0,1,1,0,649,21898,0.01708,0.037576,-1.02236,0.041668,-0.010417,-1.375044,-2.94,1.47,2.66,37.734375,98371,39.16,248.88899231,5.076,57 4c 01 6f 00 00 02 89 00 00 55 8a 00 23 00 4d f7 d1 00 04 ff ff ff 7c ff d6 00 15 00 26 0c bc 00 01 80 43 00 00 0f 4c 43 78 e3 95 00 00 13 d4
216,10368,WL,flash_sample,48,21.918,1,111,1,1,1,1,0,1,1,0,650,21918,0.01708,0.038064,-1.022848,0.031251,0.020834,-1.385461,-2.94,1.33,2.94,37.7578125,98371,39.17,248.88899231,5.076,57 4c 01 6f 00 00 02 8a 00 00 55 9e 00 23 00 4e f7 d0 00 03 00 02 ff 7b ff d6 00 13 00 2a 0c c2 00 01 80 43 00 00 0f 4d 43 78 e3 95 00 00 13 d4
217,10416,WL,flash_sample,48,21.938,1,111,1,1,1,1,0,1,1,0,651,21938,0.017568,0.038064,-1.022848,0.010417,0.020834,-1.385461,-2.94,1.4,2.73,37.77734375,98368,39.18,249.145294189,5.104,57 4c 01 6f 00 00 02 8b 00 00 55 b2 00 24 00 4e f7 d0 00 01 00 02 ff 7b ff d6 00 14 00 27 0c c7 00 01 80 40 00 00 0f 4e 43 79 25 32 00 00 13 f0
218,10464,WL,flash_sample,48,21.958,1,111,1,1,1,1,0,1,1,0,652,21958,0.01708,0.037576,-1.023336,0.031251,-0.010417,-1.385461,-2.87,1.47,2.66,37.71875,98371,39.19,248.88899231,5.104,57 4c 01 6f 00 00 02 8c 00 00 55 c6 00 23 00 4d f7 cf 00 03 ff ff ff 7b ff d7 00 15 00 26 0c b8 00 01 80 43 00 00 0f 4f 43 78 e3 95 00 00 13 f0
219,10512,WL,flash_sample,48,21.978,1,103,1,1,1,0,0,1,1,0,653,21978,0.01708,0.037088,-1.022848,0.041668,0.0,-1.364627,-2.87,1.47,2.66,37.7734375,98368,39.2,249.145294189,5.104,57 4c 01 67 00 00 02 8d 00 00 55 da 00 23 00 4c f7 d0 00 04 00 00 ff 7d ff d7 00 15 00 26 0c c6 00 01 80 40 00 00 0f 50 43 79 25 32 00 00 13 f0
220,10560,WL,flash_sample,48,21.998,1,103,1,1,1,0,0,1,1,0,654,21998,0.01708,0.037576,-1.022848,0.062502,-0.010417,-1.385461,-2.87,1.54,2.66,37.77734375,98370,39.21,248.97354126,5.104,57 4c 01 67 00 00 02 8e 00 00 55 ee 00 23 00 4d f7 d0 00 06 ff ff ff 7b ff d7 00 16 00 26 0c c7 00 01 80 42 00 00 0f 51 43 78 f9 3a 00 00 13 f0
221,10608,WL,flash_sample,48,22.018,1,111,1,1,1,1,0,1,1,0,655,22018,0.01708,0.037088,-1.02236,0.010417,0.041668,-1.437546,-2.94,1.47,2.66,37.76171875,98369,39.22,249.060745239,5.104,57 4c 01 6f 00 00 02 8f 00 00 56 02 00 23 00 4c f7 d1 00 01 00 04 ff 76 ff d6 00 15 00 26 0c c3 00 01 80 41 00 00 0f 52 43 79 0f 8d 00 00 13 f0
222,10656,WL,flash_sample,48,22.038,1,111,1,1,1,1,0,1,1,0,656,22038,0.01708,0.037088,-1.02236,0.010417,0.041668,-1.437546,-2.94,1.47,2.66,37.76171875,98369,39.22,249.060745239,5.104,57 4c 01 6f 00 00 02 90 00 00 56 16 00 23 00 4c f7 d1 00 01 00 04 ff 76 ff d6 00 15 00 26 0c c3 00 01 80 41 00 00 0f 52 43 79 0f 8d 00 00 13 f0
223,10704,WL,flash_sample,48,22.058,1,111,1,1,1,1,0,1,1,0,657,22058,0.01708,0.037088,-1.02236,0.010417,0.041668,-1.437546,-2.94,1.47,2.66,37.76171875,98369,39.22,249.060745239,5.104,57 4c 01 6f 00 00 02 91 00 00 56 2a 00 23 00 4c f7 d1 00 01 00 04 ff 76 ff d6 00 15 00 26 0c c3 00 01 80 41 00 00 0f 52 43 79 0f 8d 00 00 13 f0
224,10752,WL,flash_sample,48,22.078,1,111,1,1,1,1,0,1,1,0,658,22078,0.01708,0.037088,-1.02236,0.010417,0.041668,-1.437546,-2.94,1.47,2.66,37.76171875,98369,39.22,249.060745239,5.104,57 4c 01 6f 00 00 02 92 00 00 56 3e 00 23 00 4c f7 d1 00 01 00 04 ff 76 ff d6 00 15 00 26 0c c3 00 01 80 41 00 00 0f 52 43 79 0f 8d 00 00 13 f0
225,10800,WL,flash_sample,48,22.098,1,103,1,1,1,0,0,1,1,0,659,22098,0.016104,0.03416,-1.024312,0.041668,-0.010417,-1.375044,-0.63,-0.91,1.47,37.71875,98428,39.23,244.029846191,5.092,57 4c 01 67 00 00 02 93 00 00 56 52 00 21 00 46 f7 cd 00 04 ff ff ff 7c ff f7 ff f3 00 15 0c b8 00 01 80 7c 00 00 0f 53 43 74 07 a4 00 00 13 e4
226,10848,WL,flash_sample,48,22.118,1,103,1,1,1,0,0,1,1,0,660,22118,0.018056,0.03904,-1.022848,0.0,0.031251,-1.343793,-1.68,-0.14,2.59,37.7734375,98362,38.94,249.65524292,5.092,57 4c 01 67 00 00 02 94 00 00 56 66 00 25 00 50 f7 d0 00 00 00 03 ff 7f ff e8 ff fe 00 25 0c c6 00 01 80 3a 00 00 0f 36 43 79 a7 be 00 00 13 e4
227,10896,WL,flash_sample,48,22.138,1,110,0,1,1,1,0,1,1,0,661,22138,0.016104,0.036112,-1.020896,0.062502,0.020834,-1.375044,-2.94,1.33,2.66,37.8046875,98366,38.97,249.31439209,5.096,57 4c 01 6e 00 00 02 95 00 00 56 7a 00 21 00 4a f7 d4 00 06 00 02 ff 7c ff d6 00 13 00 26 0c ce 00 01 80 3e 00 00 0f 39 43 79 50 7c 00 00 13 e8
228,10944,WL,flash_sample,48,22.158,1,110,0,1,1,1,0,1,1,0,662,22158,0.016104,0.036112,-1.020896,0.062502,0.020834,-1.375044,-2.94,1.33,2.66,37.8046875,98366,38.97,249.31439209,5.096,57 4c 01 6e 00 00 02 96 00 00 56 8e 00 21 00 4a f7 d4 00 06 00 02 ff 7c ff d6 00 13 00 26 0c ce 00 01 80 3e 00 00 0f 39 43 79 50 7c 00 00 13 e8
229,10992,WL,flash_sample,48,22.178,1,110,0,1,1,1,0,1,1,0,663,22178,0.016104,0.036112,-1.020896,0.062502,0.020834,-1.375044,-2.94,1.33,2.66,37.8046875,98366,38.97,249.31439209,5.096,57 4c 01 6e 00 00 02 97 00 00 56 a2 00 21 00 4a f7 d4 00 06 00 02 ff 7c ff d6 00 13 00 26 0c ce 00 01 80 3e 00 00 0f 39 43 79 50 7c 00 00 13 e8
230,11040,WL,flash_sample,48,22.198,1,110,0,1,1,1,0,1,1,0,664,22198,0.016104,0.036112,-1.020896,0.062502,0.020834,-1.375044,-2.94,1.33,2.66,37.8046875,98366,38.97,249.31439209,5.096,57 4c 01 6e 00 00 02 98 00 00 56 b6 00 21 00 4a f7 d4 00 06 00 02 ff 7c ff d6 00 13 00 26 0c ce 00 01 80 3e 00 00 0f 39 43 79 50 7c 00 00 13 e8
231,11088,WL,flash_sample,48,22.218,1,110,0,1,1,1,0,1,1,0,665,22218,0.016104,0.036112,-1.020896,0.062502,0.020834,-1.375044,-2.94,1.33,2.66,37.8046875,98366,38.97,249.31439209,5.096,57 4c 01 6e 00 00 02 99 00 00 56 ca 00 21 00 4a f7 d4 00 06 00 02 ff 7c ff d6 00 13 00 26 0c ce 00 01 80 3e 00 00 0f 39 43 79 50 7c 00 00 13 e8
232,11136,WL,flash_sample,48,22.238,1,110,0,1,1,1,0,1,1,0,666,22238,0.016104,0.036112,-1.020896,0.062502,0.020834,-1.375044,-2.94,1.33,2.66,37.8046875,98366,38.97,249.31439209,5.096,57 4c 01 6e 00 00 02 9a 00 00 56 de 00 21 00 4a f7 d4 00 06 00 02 ff 7c ff d6 00 13 00 26 0c ce 00 01 80 3e 00 00 0f 39 43 79 50 7c 00 00 13 e8
233,11184,WL,flash_sample,48,22.258,1,110,0,1,1,1,0,1,1,0,667,22258,0.016104,0.036112,-1.020896,0.062502,0.020834,-1.375044,-2.94,1.33,2.66,37.8046875,98366,38.97,249.31439209,5.096,57 4c 01 6e 00 00 02 9b 00 00 56 f2 00 21 00 4a f7 d4 00 06 00 02 ff 7c ff d6 00 13 00 26 0c ce 00 01 80 3e 00 00 0f 39 43 79 50 7c 00 00 13 e8
234,11232,WL,flash_sample,48,22.278,1,110,0,1,1,1,0,1,1,0,668,22278,0.017568,0.037576,-1.021872,0.020834,0.020834,-1.395878,-0.21,0.14,-0.21,37.8046875,98366,38.97,249.31439209,5.096,57 4c 01 6e 00 00 02 9c 00 00 57 06 00 24 00 4d f7 d2 00 02 00 02 ff 7a ff fd 00 02 ff fd 0c ce 00 01 80 3e 00 00 0f 39 43 79 50 7c 00 00 13 e8
235,11280,WL,flash_sample,48,22.298,1,110,0,1,1,1,0,1,1,0,669,22298,0.017568,0.037576,-1.021872,0.020834,0.020834,-1.395878,-0.21,0.14,-0.21,37.8046875,98366,38.97,249.31439209,5.096,57 4c 01 6e 00 00 02 9d 00 00 57 1a 00 24 00 4d f7 d2 00 02 00 02 ff 7a ff fd 00 02 ff fd 0c ce 00 01 80 3e 00 00 0f 39 43 79 50 7c 00 00 13 e8
236,11328,WL,flash_sample,48,22.318,1,64,0,0,0,0,0,0,1,0,670,22318,0.018056,0.037576,-1.02236,0.083336,0.031251,-1.427129,-0.28,0.14,-0.14,37.74609375,98407,39.0,245.818664551,4.956,57 4c 01 40 00 00 02 9e 00 00 57 2e 00 25 00 4d f7 d1 00 08 00 03 ff 77 ff fc 00 02 ff fe 0c bf 00 01 80 67 00 00 0f 3c 43 75 d1 94 00 00 13 5c
237,11376,WL,flash_sample,48,22.338,1,102,0,1,1,0,0,1,1,0,671,22338,0.016592,0.037088,-1.021872,0.031251,0.010417,-1.364627,-0.91,-0.07,0.77,37.7890625,98308,38.46,254.263381958,4.948,57 4c 01 66 00 00 02 9f 00 00 57 42 00 22 00 4c f7 d2 00 03 00 01 ff 7d ff f3 ff ff 00 0b 0c ca 00 01 80 04 00 00 0f 06 43 7e 43 6d 00 00 13 54
238,11424,WL,flash_sample,48,22.358,1,102,0,1,1,0,0,1,1,0,672,22358,0.01708,0.037088,-1.023336,0.010417,0.010417,-1.395878,-1.19,-0.49,2.03,37.8046875,98347,38.55,250.936752319,4.948,57 4c 01 66 00 00 02 a0 00 00 57 56 00 23 00 4c f7 cf 00 01 00 01 ff 7a ff ef ff f9 00 1d 0c ce 00 01 80 2b 00 00 0f 0f 43 7a ef cf 00 00 13 54
239,11472,WL,flash_sample,48,22.378,1,110,0,1,1,1,0,1,1,0,673,22378,0.01708,0.038064,-1.022848,0.072919,0.0,-1.364627,-2.66,0.91,3.01,37.8125,98353,38.62,250.42414856,4.948,57 4c 01 6e 00 00 02 a1 00 00 57 6a 00 23 00 4e f7 d0 00 07 00 00 ff 7d ff da 00 0d 00 2b 0c d0 00 01 80 31 00 00 0f 16 43 7a 6c 95 00 00 13 54
240,11520,WL,flash_sample,48,22.398,1,110,0,1,1,1,0,1,1,0,674,22398,0.01708,0.037576,-1.023336,0.083336,0.020834,-1.385461,-2.94,1.4,2.66,37.77734375,98352,38.67,250.50869751,4.948,57 4c 01 6e 00 00 02 a2 00 00 57 7e 00 23 00 4d f7 cf 00 08 00 02 ff 7b ff d6 00 14 00 26 0c c7 00 01 80 30 00 00 0f 1b 43 7a 82 3a 00 00 13 54
241,11568,WL,flash_sample,48,22.418,1,110,0,1,1,1,0,1,1,0,675,22418,0.01708,0.037576,-1.022848,0.052085,-0.010417,-1.375044,-2.87,1.4,2.73,37.8125,98350,38.72,250.680450439,4.948,57 4c 01 6e 00 00 02 a3 00 00 57 92 00 23 00 4d f7 d0 00 05 ff ff ff 7c ff d7 00 14 00 27 0c d0 00 01 80 2e 00 00 0f 20 43 7a ae 32 00 00 13 54
242,11616,WL,flash_sample,48,22.438,1,102,0,1,1,0,0,1,1,0,676,22438,0.017568,0.0366,-1.02236,0.0,0.052085,-1.385461,-2.94,1.4,2.66,37.8203125,98355,38.77,250.255050659,5.092,57 4c 01 66 00 00 02 a4 00 00 57 a6 00 24 00 4b f7 d1 00 00 00 05 ff 7b ff d6 00 14 00 26 0c d2 00 01 80 33 00 00 0f 25 43 7a 41 4b 00 00 13 e4
243,11664,WL,flash_sample,48,22.458,1,102,0,1,1,0,0,1,1,0,677,22458,0.017568,0.037576,-1.023824,0.041668,0.010417,-1.395878,-2.59,2.31,0.56,37.796875,98313,38.77,253.835327148,5.092,57 4c 01 66 00 00 02 a5 00 00 57 ba 00 24 00 4d f7 ce 00 04 00 01 ff 7a ff db 00 21 00 08 0c cc 00 01 80 09 00 00 0f 25 43 7d d5 d8 00 00 13 e4
244,11712,WL,flash_sample,48,22.478,1,102,0,1,1,0,0,1,1,0,678,22478,0.01708,0.037576,-1.022848,0.062502,-0.020834,-1.406295,-1.61,1.05,0.7,37.8046875,98312,38.79,253.922515869,5.092,57 4c 01 66 00 00 02 a6 00 00 57 ce 00 23 00 4d f7 d0 00 06 ff fe ff 79 ff e9 00 0f 00 0a 0c ce 00 01 80 08 00 00 0f 27 43 7d ec 2a 00 00 13 e4
245,11760,WL,flash_sample,48,22.498,1,110,0,1,1,1,0,1,1,0,679,22498,0.016592,0.037088,-1.023336,0.062502,-0.010417,-1.395878,-1.33,0.63,0.77,37.8203125,98313,38.82,253.835327148,5.092,57 4c 01 6e 00 00 02 a7 00 00 57 e2 00 22 00 4c f7 cf 00 06 ff ff ff 7a ff ed 00 09 00 0b 0c d2 00 01 80 09 00 00 0f 2a 43 7d d5 d8 00 00 13 e4
246,11808,WL,flash_sample,48,22.518,1,110,0,1,1,1,0,1,1,0,680,22518,0.017568,0.037576,-1.021872,0.041668,-0.010417,-1.385461,-1.26,0.56,0.77,37.8046875,98317,38.85,253.494476318,5.092,57 4c 01 6e 00 00 02 a8 00 00 57 f6 00 24 00 4d f7 d2 00 04 ff ff ff 7b ff ee 00 08 00 0b 0c ce 00 01 80 0d 00 00 0f 2d 43 7d 7e 96 00 00 13 e4
247,11856,WL,flash_sample,48,22.538,1,110,0,1,1,1,0,1,1,0,681,22538,0.017568,0.037576,-1.022848,0.041668,0.020834,-1.395878,-1.26,0.56,0.77,37.8125,98314,38.88,253.750778198,4.948,57 4c 01 6e 00 00 02 a9 00 00 58 0a 00 24 00 4d f7 d0 00 04 00 02 ff 7a ff ee 00 08 00 0b 0c d0 00 01 80 0a 00 00 0f 30 43 7d c0 33 00 00 13 54
248,11904,WL,flash_sample,48,22.558,1,102,0,1,1,0,0,1,1,0,682,22558,0.017568,0.0366,-1.02236,0.020834,0.020834,-1.395878,-1.61,-0.21,2.52,37.8125,98356,38.94,250.16784668,4.948,57 4c 01 66 00 00 02 aa 00 00 58 1e 00 24 00 4b f7 d1 00 02 00 02 ff 7a ff e9 ff fd 00 24 0c d0 00 01 80 34 00 00 0f 36 43 7a 2a f8 00 00 13 54
249,11952,WL,flash_sample,48,22.578,1,102,0,1,1,0,0,1,1,0,683,22578,0.017568,0.037088,-1.02236,0.052085,0.020834,-1.406295,-2.59,0.7,3.22,37.8203125,98360,38.98,249.82699585,4.948,57 4c 01 66 00 00 02 ab 00 00 58 32 00 24 00 4c f7 d1 00 05 00 02 ff 79 ff db 00 0a 00 2e 0c d2 00 01 80 38 00 00 0f 3a 43 79 d3 b6 00 00 13 54
250,12000,WL,flash_sample,48,22.598,1,110,0,1,1,1,0,1,1,0,684,22598,0.01708,0.037576,-1.02236,0.052085,0.020834,-1.395878,-2.94,1.47,2.66,37.8125,98358,39.01,249.996109009,4.948,57 4c 01 6e 00 00 02 ac 00 00 58 46 00 23 00 4d f7 d1 00 05 00 02 ff 7a ff d6 00 15 00 26 0c d0 00 01 80 36 00 00 0f 3d 43 79 ff 01 00 00 13 54
251,12048,WL,flash_sample,48,22.618,1,110,0,1,1,1,0,1,1,0,685,22618,0.01708,0.037576,-1.023336,0.031251,0.010417,-1.395878,-2.94,1.4,2.66,37.8046875,98365,39.04,249.401596069,4.948,57 4c 01 6e 00 00 02 ad 00 00 58 5a 00 23 00 4d f7 cf 00 03 00 01 ff 7a ff d6 00 14 00 26 0c ce 00 01 80 3d 00 00 0f 40 43 79 66 cf 00 00 13 54
252,12096,WL,flash_sample,48,22.638,1,110,0,1,1,1,0,1,1,0,686,22638,0.017568,0.037088,-1.023336,0.010417,0.010417,-1.343793,-2.87,1.4,2.73,37.8203125,98362,39.06,249.65524292,5.088,57 4c 01 6e 00 00 02 ae 00 00 58 6e 00 24 00 4c f7 cf 00 01 00 01 ff 7f ff d7 00 14 00 27 0c d2 00 01 80 3a 00 00 0f 42 43 79 a7 be 00 00 13 e0
253,12144,WL,flash_sample,48,22.658,1,110,0,1,1,1,0,1,1,0,687,22658,0.017568,0.037088,-1.022848,0.031251,0.052085,-1.406295,-2.94,1.47,2.66,37.8203125,98364,39.09,249.48614502,5.088,57 4c 01 6e 00 00 02 af 00 00 58 82 00 24 00 4c f7 d0 00 03 00 05 ff 79 ff d6 00 15 00 26 0c d2 00 01 80 3c 00 00 0f 45 43 79 7c 74 00 00 13 e0
254,12192,WL,flash_sample,48,22.678,1,102,0,1,1,0,0,1,1,0,688,22678,0.01708,0.037088,-1.022848,0.031251,0.020834,-1.375044,-2.87,1.4,2.59,37.8203125,98363,39.11,249.57069397,5.088,57 4c 01 66 00 00 02 b0 00 00 58 96 00 23 00 4c f7 d0 00 03 00 02 ff 7c ff d7 00 14 00 25 0c d2 00 01 80 3b 00 00 0f 47 43 79 92 19 00 00 13 e0
255,12240,WL,flash_sample,48,22.698,1,102,0,1,1,0,0,1,1,0,689,22698,0.016592,0.037576,-1.022848,0.020834,0.020834,-1.35421,-2.94,1.47,2.66,37.85546875,98365,39.13,249.401596069,5.088,57 4c 01 66 00 00 02 b1 00 00 58 aa 00 22 00 4d f7 d0 00 02 00 02 ff 7e ff d6 00 15 00 26 0c db 00 01 80 3d 00 00 0f 49 43 79 66 cf 00 00 13 e0
256,12288,WL,flash_sample,48,22.718,1,110,0,1,1,1,0,1,1,0,690,22718,0.017568,0.037088,-1.02236,0.041668,0.031251,-1.375044,-2.94,1.4,2.73,37.84375,98368,39.15,249.145294189,5.088,57 4c 01 6e 00 00 02 b2 00 00 58 be 00 24 00 4c f7 d1 00 04 00 03 ff 7c ff d6 00 14 00 27 0c d8 00 01 80 40 00 00 0f 4b 43 79 25 32 00 00 13 e0
257,12336,WL,flash_sample,48,22.738,1,110,0,1,1,1,0,1,1,0,691,22738,0.018056,0.037088,-1.023336,0.010417,0.031251,-1.427129,-3.01,1.4,2.66,37.8125,98363,39.17,249.57069397,5.088,57 4c 01 6e 00 00 02 b3 00 00 58 d2 00 25 00 4c f7 cf 00 01 00 03 ff 77 ff d5 00 14 00 26 0c d0 00 01 80 3b 00 00 0f 4d 43 79 92 19 00 00 13 e0
258,12384,WL,flash_sample,48,22.758,1,110,0,1,1,1,0,1,1,0,692,22758,0.016592,0.037576,-1.022848,0.052085,-0.041668,-1.364627,-2.94,1.4,2.73,37.828125,98367,39.18,249.22984314,5.088,57 4c 01 6e 00 00 02 b4 00 00 58 e6 00 22 00 4d f7 d0 00 05 ff fc ff 7d ff d6 00 14 00 27 0c d4 00 01 80 3f 00 00 0f 4e 43 79 3a d7 00 00 13 e0
259,12432,WL,flash_sample,48,22.778,1,110,0,1,1,1,0,1,1,0,693,22778,0.01708,0.037088,-1.02236,0.031251,0.020834,-1.395878,-2.87,1.4,2.73,37.86328125,98369,39.2,249.060745239,5.088,57 4c 01 6e 00 00 02 b5 00 00 58 fa 00 23 00 4c f7 d1 00 03 00 02 ff 7a ff d7 00 14 00 27 0c dd 00 01 80 41 00 00 0f 50 43 79 0f 8d 00 00 13 e0
260,12480,WL,flash_sample,48,22.798,1,102,0,1,1,0,0,1,1,0,694,22798,0.01708,0.037088,-1.023336,0.010417,0.010417,-1.385461,-2.94,1.4,2.73,37.828125,98366,39.21,249.31439209,5.088,57 4c 01 66 00 00 02 b6 00 00 59 0e 00 23 00 4c f7 cf 00 01 00 01 ff 7b ff d6 00 14 00 27 0c d4 00 01 80 3e 00 00 0f 51 43 79 50 7c 00 00 13 e0
261,12528,WL,flash_sample,48,22.818,1,102,0,1,1,0,0,1,1,0,695,22818,0.017568,0.037088,-1.02236,0.052085,-0.010417,-1.385461,-2.94,1.47,2.66,37.85546875,98367,39.23,249.22984314,5.088,57 4c 01 66 00 00 02 b7 00 00 59 22 00 24 00 4c f7 d1 00 05 ff ff ff 7b ff d6 00 15 00 26 0c db 00 01 80 3f 00 00 0f 53 43 79 3a d7 00 00 13 e0
262,12576,WL,flash_sample,48,22.838,1,110,0,1,1,1,0,1,1,0,696,22838,0.017568,0.037576,-1.023824,0.031251,0.020834,-1.406295,-2.94,1.4,2.73,37.8359375,98366,39.24,249.31439209,5.092,57 4c 01 6e 00 00 02 b8 00 00 59 36 00 24 00 4d f7 ce 00 03 00 02 ff 79 ff d6 00 14 00 27 0c d6 00 01 80 3e 00 00 0f 54 43 79 50 7c 00 00 13 e4
263,12624,WL,flash_sample,48,22.858,1,110,0,1,1,1,0,1,1,0,697,22858,0.01708,0.037088,-1.02236,0.031251,0.010417,-1.406295,-2.94,1.47,2.66,37.8671875,98366,39.26,249.31439209,5.092,57 4c 01 6e 00 00 02 b9 00 00 59 4a 00 23 00 4c f7 d1 00 03 00 01 ff 79 ff d6 00 15 00 26 0c de 00 01 80 3e 00 00 0f 56 43 79 50 7c 00 00 13 e4
264,12672,WL,flash_sample,48,22.878,1,110,0,1,1,1,0,1,1,0,698,22878,0.01708,0.037576,-1.02236,0.010417,0.010417,-1.385461,-2.87,1.33,2.66,37.87109375,98369,39.27,249.060745239,5.092,57 4c 01 6e 00 00 02 ba 00 00 59 5e 00 23 00 4d f7 d1 00 01 00 01 ff 7b ff d7 00 13 00 26 0c df 00 01 80 41 00 00 0f 57 43 79 0f 8d 00 00 13 e4
265,12720,WL,flash_sample,48,22.898,1,110,0,1,1,1,0,1,1,0,699,22898,0.01708,0.037576,-1.02236,0.031251,0.020834,-1.375044,-2.94,1.47,2.66,37.859375,98369,39.28,249.060745239,5.092,57 4c 01 6e 00 00 02 bb 00 00 59 72 00 23 00 4d f7 d1 00 03 00 02 ff 7c ff d6 00 15 00 26 0c dc 00 01 80 41 00 00 0f 58 43 79 0f 8d 00 00 13 e4
266,12768,WL,flash_sample,48,22.918,1,102,0,1,1,0,0,1,1,0,700,22918,0.01708,0.0366,-1.021872,0.041668,0.020834,-1.364627,-2.87,1.19,3.01,37.8828125,98361,39.29,249.742446899,5.092,57 4c 01 66 00 00 02 bc 00 00 59 86 00 23 00 4b f7 d2 00 04 00 02 ff 7d ff d7 00 11 00 2b 0c e2 00 01 80 39 00 00 0f 59 43 79 be 11 00 00 13 e4
267,12816,WL,flash_sample,48,22.938,1,102,0,1,1,0,0,1,1,0,701,22938,0.018056,0.038064,-1.022848,0.010417,-0.010417,-1.427129,-2.94,1.33,2.8,37.89453125,98369,39.3,249.060745239,5.092,57 4c 01 66 00 00 02 bd 00 00 59 9a 00 25 00 4e f7 d0 00 01 ff ff ff 77 ff d6 00 13 00 28 0c e5 00 01 80 41 00 00 0f 5a 43 79 0f 8d 00 00 13 e4
268,12864,WL,flash_sample,48,22.958,1,110,0,1,1,1,0,1,1,0,702,22958,0.01708,0.037088,-1.021872,0.062502,0.020834,-1.364627,-2.94,1.4,2.66,37.8359375,98369,39.31,249.060745239,5.092,57 4c 01 6e 00 00 02 be 00 00 59 ae 00 23 00 4c f7 d2 00 06 00 02 ff 7d ff d6 00 14 00 26 0c d6 00 01 80 41 00 00 0f 5b 43 79 0f 8d 00 00 13 e4
269,12912,WL,flash_sample,48,22.978,1,110,0,1,1,1,0,1,1,0,703,22978,0.01708,0.0366,-1.023336,0.062502,0.020834,-1.375044,-2.94,1.4,2.73,37.875,98368,39.32,249.145294189,5.092,57 4c 01 6e 00 00 02 bf 00 00 59 c2 00 23 00 4b f7 cf 00 06 00 02 ff 7c ff d6 00 14 00 27 0c e0 00 01 80 40 00 00 0f 5c 43 79 25 32 00 00 13 e4
270,12960,WL,flash_sample,48,22.998,1,110,0,1,1,1,0,1,1,0,704,22998,0.01708,0.037576,-1.022848,0.031251,0.020834,-1.385461,-3.01,1.4,2.66,37.87890625,98372,39.33,248.804443359,5.092,57 4c 01 6e 00 00 02 c0 00 00 59 d6 00 23 00 4d f7 d0 00 03 00 02 ff 7b ff d5 00 14 00 26 0c e1 00 01 80 44 00 00 0f 5d 43 78 cd f0 00 00 13 e4
271,13008,WL,flash_sample,48,23.018,1,110,0,1,1,1,0,1,1,0,705,23018,0.01708,0.037576,-1.02236,0.031251,-0.010417,-1.395878,-2.94,1.47,2.73,37.88671875,98372,39.33,248.804443359,5.092,57 4c 01 6e 00 00 02 c1 00 00 59 ea 00 23 00 4d f7 d1 00 03 ff ff ff 7a ff d6 00 15 00 27 0c e3 00 01 80 44 00 00 0f 5d 43 78 cd f0 00 00 13 e4
272,13056,WL,flash_sample,48,23.038,1,110,0,1,1,1,0,1,1,0,706,23038,0.01708,0.037576,-1.02236,0.031251,-0.010417,-1.395878,-2.94,1.47,2.73,37.88671875,98372,39.33,248.804443359,5.092,57 4c 01 6e 00 00 02 c2 00 00 59 fe 00 23 00 4d f7 d1 00 03 ff ff ff 7a ff d6 00 15 00 27 0c e3 00 01 80 44 00 00 0f 5d 43 78 cd f0 00 00 13 e4
273,13104,WL,flash_sample,48,23.058,1,110,0,1,1,1,0,1,1,0,707,23058,0.01708,0.037576,-1.02236,0.031251,-0.010417,-1.395878,-2.94,1.47,2.73,37.88671875,98372,39.33,248.804443359,5.092,57 4c 01 6e 00 00 02 c3 00 00 5a 12 00 23 00 4d f7 d1 00 03 ff ff ff 7a ff d6 00 15 00 27 0c e3 00 01 80 44 00 00 0f 5d 43 78 cd f0 00 00 13 e4
274,13152,WL,flash_sample,48,23.078,1,110,0,1,1,1,0,1,1,0,708,23078,0.01708,0.037576,-1.02236,0.031251,-0.010417,-1.395878,-2.94,1.47,2.73,37.88671875,98372,39.33,248.804443359,5.092,57 4c 01 6e 00 00 02 c4 00 00 5a 26 00 23 00 4d f7 d1 00 03 ff ff ff 7a ff d6 00 15 00 27 0c e3 00 01 80 44 00 00 0f 5d 43 78 cd f0 00 00 13 e4
275,13200,WL,flash_sample,48,23.098,1,110,0,1,1,1,0,1,1,0,709,23098,0.017568,0.037088,-1.021384,0.031251,0.031251,-1.406295,-0.56,-0.91,1.4,37.88671875,98376,39.33,248.463577271,5.104,57 4c 01 6e 00 00 02 c5 00 00 5a 3a 00 24 00 4c f7 d3 00 03 00 03 ff 79 ff f8 ff f3 00 14 0c e3 00 01 80 48 00 00 0f 5d 43 78 76 ad 00 00 13 f0
276,13248,WL,flash_sample,48,23.118,1,110,0,1,1,1,0,1,1,0,710,23118,0.018056,0.037088,-1.020896,0.031251,0.020834,-1.35421,-1.68,-0.14,2.52,37.88671875,98364,39.01,249.48614502,5.104,57 4c 01 6e 00 00 02 c6 00 00 5a 4e 00 25 00 4c f7 d4 00 03 00 02 ff 7e ff e8 ff fe 00 24 0c e3 00 01 80 3c 00 00 0f 3d 43 79 7c 74 00 00 13 f0
277,13296,WL,flash_sample,48,23.138,1,103,1,1,1,0,0,1,1,0,711,23138,0.017568,0.037088,-1.022848,0.031251,0.041668,-1.416712,-2.94,1.4,2.66,37.87890625,98360,39.05,249.82699585,5.1,57 4c 01 67 00 00 02 c7 00 00 5a 62 00 24 00 4c f7 d0 00 03 00 04 ff 78 ff d6 00 14 00 26 0c e1 00 01 80 38 00 00 0f 41 43 79 d3 b6 00 00 13 ec
278,13344,WL,flash_sample,48,23.158,1,103,1,1,1,0,0,1,1,0,712,23158,0.017568,0.037088,-1.022848,0.031251,0.041668,-1.416712,-2.94,1.4,2.66,37.87890625,98360,39.05,249.82699585,5.1,57 4c 01 67 00 00 02 c8 00 00 5a 76 00 24 00 4c f7 d0 00 03 00 04 ff 78 ff d6 00 14 00 26 0c e1 00 01 80 38 00 00 0f 41 43 79 d3 b6 00 00 13 ec
279,13392,WL,flash_sample,48,23.178,1,103,1,1,1,0,0,1,1,0,713,23178,0.017568,0.037088,-1.022848,0.031251,0.041668,-1.416712,-2.94,1.4,2.66,37.87890625,98360,39.05,249.82699585,5.1,57 4c 01 67 00 00 02 c9 00 00 5a 8a 00 24 00 4c f7 d0 00 03 00 04 ff 78 ff d6 00 14 00 26 0c e1 00 01 80 38 00 00 0f 41 43 79 d3 b6 00 00 13 ec
280,13440,WL,flash_sample,48,23.198,1,103,1,1,1,0,0,1,1,0,714,23198,0.017568,0.037088,-1.022848,0.031251,0.041668,-1.416712,-2.94,1.4,2.66,37.87890625,98360,39.05,249.82699585,5.1,57 4c 01 67 00 00 02 ca 00 00 5a 9e 00 24 00 4c f7 d0 00 03 00 04 ff 78 ff d6 00 14 00 26 0c e1 00 01 80 38 00 00 0f 41 43 79 d3 b6 00 00 13 ec
281,13488,WL,flash_sample,48,23.218,1,103,1,1,1,0,0,1,1,0,715,23218,0.017568,0.037088,-1.022848,0.031251,0.041668,-1.416712,-2.94,1.4,2.66,37.87890625,98360,39.05,249.82699585,5.1,57 4c 01 67 00 00 02 cb 00 00 5a b2 00 24 00 4c f7 d0 00 03 00 04 ff 78 ff d6 00 14 00 26 0c e1 00 01 80 38 00 00 0f 41 43 79 d3 b6 00 00 13 ec
282,13536,WL,flash_sample,48,23.238,1,103,1,1,1,0,0,1,1,0,716,23238,0.017568,0.037088,-1.022848,0.031251,0.041668,-1.416712,-2.94,1.4,2.66,37.87890625,98360,39.05,249.82699585,5.1,57 4c 01 67 00 00 02 cc 00 00 5a c6 00 24 00 4c f7 d0 00 03 00 04 ff 78 ff d6 00 14 00 26 0c e1 00 01 80 38 00 00 0f 41 43 79 d3 b6 00 00 13 ec
283,13584,WL,flash_sample,48,23.258,1,103,1,1,1,0,0,1,1,0,717,23258,0.017568,0.037088,-1.022848,0.031251,0.041668,-1.416712,-2.94,1.4,2.66,37.87890625,98360,39.05,249.82699585,5.1,57 4c 01 67 00 00 02 cd 00 00 5a da 00 24 00 4c f7 d0 00 03 00 04 ff 78 ff d6 00 14 00 26 0c e1 00 01 80 38 00 00 0f 41 43 79 d3 b6 00 00 13 ec
284,13632,WL,flash_sample,48,23.278,1,111,1,1,1,1,0,1,1,0,718,23278,0.017568,0.037088,-1.02236,0.052085,0.0,-1.395878,-0.21,0.14,-0.14,37.83203125,98364,39.08,249.48614502,5.1,57 4c 01 6f 00 00 02 ce 00 00 5a ee 00 24 00 4c f7 d1 00 05 00 00 ff 7a ff fd 00 02 ff fe 0c d5 00 01 80 3c 00 00 0f 44 43 79 7c 74 00 00 13 ec
285,13680,WL,flash_sample,48,23.298,1,111,1,1,1,1,0,1,1,0,719,23298,0.017568,0.037088,-1.02236,0.052085,0.0,-1.395878,-0.21,0.14,-0.14,37.83203125,98364,39.08,249.48614502,5.1,57 4c 01 6f 00 00 02 cf 00 00 5b 02 00 24 00 4c f7 d1 00 05 00 00 ff 7a ff fd 00 02 ff fe 0c d5 00 01 80 3c 00 00 0f 44 43 79 7c 74 00 00 13 ec
286,13728,WL,flash_sample,48,23.318,1,65,1,0,0,0,0,0,1,0,720,23318,0.017568,0.0366,-1.02236,0.052085,0.0,-1.385461,-0.28,0.07,-0.14,37.91796875,98364,39.08,249.48614502,4.956,57 4c 01 41 00 00 02 d0 00 00 5b 16 00 24 00 4b f7 d1 00 05 00 00 ff 7b ff fc 00 01 ff fe 0c eb 00 01 80 3c 00 00 0f 44 43 79 7c 74 00 00 13 5c
287,13776,WL,flash_sample,48,23.338,1,111,1,1,1,1,0,1,1,0,721,23338,0.01708,0.0366,-1.021872,0.0,-0.031251,-1.375044,-0.7,-0.07,0.84,37.921875,98333,38.64,252.131057739,4.964,57 4c 01 6f 00 00 02 d1 00 00 5b 2a 00 23 00 4b f7 d2 00 00 ff fd ff 7c ff f6 ff ff 00 0c 0c ec 00 01 80 1d 00 00 0f 18 43 7c 21 8d 00 00 13 64
288,13824,WL,flash_sample,48,23.358,1,111,1,1,1,1,0,1,1,0,722,23358,0.01708,0.038064,-1.023336,0.031251,0.020834,-1.406295,-1.68,-0.14,2.52,37.83984375,98346,38.59,251.02130127,4.964,57 4c 01 6f 00 00 02 d2 00 00 5b 3e 00 23 00 4e f7 cf 00 03 00 02 ff 79 ff e8 ff fe 00 24 0c d7 00 01 80 2a 00 00 0f 13 43 7b 05 74 00 00 13 64
289,13872,WL,flash_sample,48,23.378,1,103,1,1,1,0,0,1,1,0,723,23378,0.016592,0.037088,-1.022848,0.031251,-0.010417,-1.395878,-2.66,0.77,3.15,37.91796875,98348,38.7,250.849563599,4.964,57 4c 01 67 00 00 02 d3 00 00 5b 52 00 22 00 4c f7 d0 00 03 ff ff ff 7a ff da 00 0b 00 2d 0c eb 00 01 80 2c 00 00 0f 1e 43 7a d9 7d 00 00 13 64
290,13920,WL,flash_sample,48,23.398,1,103,1,1,1,0,0,1,1,0,724,23398,0.017568,0.037576,-1.021872,0.0,0.010417,-1.375044,-2.87,1.4,2.66,37.953125,98352,38.75,250.50869751,4.964,57 4c 01 67 00 00 02 d4 00 00 5b 66 00 24 00 4d f7 d2 00 00 00 01 ff 7c ff d7 00 14 00 26 0c f4 00 01 80 30 00 00 0f 23 43 7a 82 3a 00 00 13 64
291,13968,WL,flash_sample,48,23.418,1,111,1,1,1,1,0,1,1,0,725,23418,0.01708,0.037088,-1.023336,0.031251,0.020834,-1.375044,-2.94,1.47,2.66,37.9296875,98353,38.8,250.42414856,4.964,57 4c 01 6f 00 00 02 d5 00 00 5b 7a 00 23 00 4c f7 cf 00 03 00 02 ff 7c ff d6 00 15 00 26 0c ee 00 01 80 31 00 00 0f 28 43 7a 6c 95 00 00 13 64
292,14016,WL,flash_sample,48,23.438,1,111,1,1,1,1,0,1,1,0,726,23438,0.01708,0.0366,-1.022848,0.062502,-0.010417,-1.395878,-2.94,1.47,2.66,37.921875,98354,38.85,250.339599609,5.096,57 4c 01 6f 00 00 02 d6 00 00 5b 8e 00 23 00 4b f7 d0 00 06 ff ff ff 7a ff d6 00 15 00 26 0c ec 00 01 80 32 00 00 0f 2d 43 7a 56 f0 00 00 13 e8
293,14064,WL,flash_sample,48,23.458,1,111,1,1,1,1,0,1,1,0,727,23458,0.017568,0.037088,-1.022848,0.052085,0.020834,-1.385461,-2.73,2.31,0.63,37.9296875,98321,38.9,253.153625488,5.096,57 4c 01 6f 00 00 02 d7 00 00 5b a2 00 24 00 4c f7 d0 00 05 00 02 ff 7b ff d9 00 21 00 09 0c ee 00 01 80 11 00 00 0f 32 43 7d 27 54 00 00 13 e8
294,14112,WL,flash_sample,48,23.478,1,111,1,1,1,1,0,1,1,0,728,23478,0.01708,0.037088,-1.02236,0.041668,-0.031251,-1.375044,-1.47,0.84,0.77,37.90234375,98318,38.88,253.409927368,5.096,57 4c 01 6f 00 00 02 d8 00 00 5b b6 00 23 00 4c f7 d1 00 04 ff fd ff 7c ff eb 00 0c 00 0b 0c e7 00 01 80 0e 00 00 0f 30 43 7d 68 f1 00 00 13 e8
295,14160,WL,flash_sample,48,23.498,1,103,1,1,1,0,0,1,1,0,729,23498,0.017568,0.037088,-1.02236,0.052085,0.010417,-1.395878,-1.33,0.63,0.77,37.9296875,98315,38.92,253.666213989,5.096,57 4c 01 67 00 00 02 d9 00 00 5b ca 00 24 00 4c f7 d1 00 05 00 01 ff 7a ff ed 00 09 00 0b 0c ee 00 01 80 0b 00 00 0f 34 43 7d aa 8d 00 00 13 e8
296,14208,WL,flash_sample,48,23.518,1,103,1,1,1,0,0,1,1,0,730,23518,0.018056,0.037088,-1.02236,0.031251,0.020834,-1.395878,-1.26,0.56,0.77,37.91015625,98320,38.94,253.238174438,5.096,57 4c 01 67 00 00 02 da 00 00 5b de 00 25 00 4c f7 d1 00 03 00 02 ff 7a ff ee 00 08 00 0b 0c e9 00 01 80 10 00 00 0f 36 43 7d 3c f9 00 00 13 e8
297,14256,WL,flash_sample,48,23.538,1,111,1,1,1,1,0,1,1,0,731,23538,0.01708,0.037088,-1.02236,-0.020834,0.020834,-1.395878,-1.19,0.56,0.7,37.87109375,98318,38.97,253.409927368,4.964,57 4c 01 6f 00 00 02 db 00 00 5b f2 00 23 00 4c f7 d1 ff fe 00 02 ff 7a ff ef 00 08 00 0a 0c df 00 01 80 0e 00 00 0f 39 43 7d 68 f1 00 00 13 64
298,14304,WL,flash_sample,48,23.558,1,111,1,1,1,1,0,1,1,0,732,23558,0.01708,0.037576,-1.022848,0.041668,0.052085,-1.395878,-1.61,-0.21,2.45,37.953125,98354,38.99,250.339599609,4.964,57 4c 01 6f 00 00 02 dc 00 00 5c 06 00 23 00 4d f7 d0 00 04 00 05 ff 7a ff e9 ff fd 00 23 0c f4 00 01 80 32 00 00 0f 3b 43 7a 56 f0 00 00 13 64
299,14352,WL,flash_sample,48,23.578,1,111,1,1,1,1,0,1,1,0,733,23578,0.01708,0.037088,-1.022848,0.062502,0.0,-1.364627,-2.52,0.56,3.22,37.91015625,98359,39.07,249.9115448,4.964,57 4c 01 6f 00 00 02 dd 00 00 5c 1a 00 23 00 4c f7 d0 00 06 00 00 ff 7d ff dc 00 08 00 2e 0c e9 00 01 80 37 00 00 0f 43 43 79 e9 5b 00 00 13 64
300,14400,WL,flash_sample,48,23.598,1,111,1,1,1,1,0,1,1,0,734,23598,0.016592,0.0366,-1.023336,0.052085,0.0,-1.416712,-2.94,1.4,2.66,37.921875,98361,39.1,249.742446899,4.964,57 4c 01 6f 00 00 02 de 00 00 5c 2e 00 22 00 4b f7 cf 00 05 00 00 ff 78 ff d6 00 14 00 26 0c ec 00 01 80 39 00 00 0f 46 43 79 be 11 00 00 13 64
301,14448,WL,flash_sample,48,23.618,1,103,1,1,1,0,0,1,1,0,735,23618,0.016592,0.037088,-1.023336,0.020834,0.020834,-1.375044,-2.94,1.47,2.66,37.9453125,98361,39.13,249.742446899,4.964,57 4c 01 67 00 00 02 df 00 00 5c 42 00 22 00 4c f7 cf 00 02 00 02 ff 7c ff d6 00 15 00 26 0c f2 00 01 80 39 00 00 0f 49 43 79 be 11 00 00 13 64
302,14496,WL,flash_sample,48,23.638,1,103,1,1,1,0,0,1,1,0,736,23638,0.01708,0.037576,-1.023336,0.020834,0.0,-1.385461,-2.94,1.4,2.73,37.953125,98364,39.16,249.48614502,5.092,57 4c 01 67 00 00 02 e0 00 00 5c 56 00 23 00 4d f7 cf 00 02 00 00 ff 7b ff d6 00 14 00 27 0c f4 00 01 80 3c 00 00 0f 4c 43 79 7c 74 00 00 13 e4
303,14544,WL,flash_sample,48,23.658,1,111,1,1,1,1,0,1,1,0,737,23658,0.016592,0.037088,-1.022848,0.062502,-0.010417,-1.437546,-2.94,1.47,2.66,37.98828125,98363,39.18,249.57069397,5.092,57 4c 01 6f 00 00 02 e1 00 00 5c 6a 00 22 00 4c f7 d0 00 06 ff ff ff 76 ff d6 00 15 00 26 0c fd 00 01 80 3b 00 00 0f 4e 43 79 92 19 00 00 13 e4
304,14592,WL,flash_sample,48,23.678,1,111,1,1,1,1,0,1,1,0,738,23678,0.017568,0.037088,-1.022848,0.031251,0.010417,-1.395878,-3.01,1.47,2.66,37.9375,98362,39.21,249.65524292,5.092,57 4c 01 6f 00 00 02 e2 00 00 5c 7e 00 24 00 4c f7 d0 00 03 00 01 ff 7a ff d5 00 15 00 26 0c f0 00 01 80 3a 00 00 0f 51 43 79 a7 be 00 00 13 e4
305,14640,WL,flash_sample,48,23.698,1,111,1,1,1,1,0,1,1,0,739,23698,0.016592,0.037088,-1.02236,0.062502,0.020834,-1.406295,-2.94,1.4,2.66,37.953125,98365,39.23,249.401596069,5.092,57 4c 01 6f 00 00 02 e3 00 00 5c 92 00 22 00 4c f7 d1 00 06 00 02 ff 79 ff d6 00 14 00 26 0c f4 00 01 80 3d 00 00 0f 53 43 79 66 cf 00 00 13 e4
306,14688,WL,flash_sample,48,23.718,1,103,1,1,1,0,0,1,1,0,740,23718,0.017568,0.037088,-1.023824,0.062502,0.041668,-1.364627,-2.94,1.47,2.66,37.90234375,98363,39.25,249.57069397,5.092,57 4c 01 67 00 00 02 e4 00 00 5c a6 00 24 00 4c f7 ce 00 06 00 04 ff 7d ff d6 00 15 00 26 0c e7 00 01 80 3b 00 00 0f 55 43 79 92 19 00 00 13 e4
307,14736,WL,flash_sample,48,23.738,1,103,1,1,1,0,0,1,1,0,741,23738,0.01708,0.037088,-1.022848,0.010417,0.020834,-1.395878,-2.87,1.47,2.66,37.96875,98367,39.27,249.22984314,5.092,57 4c 01 67 00 00 02 e5 00 00 5c ba 00 23 00 4c f7 d0 00 01 00 02 ff 7a ff d7 00 15 00 26 0c f8 00 01 80 3f 00 00 0f 57 43 79 3a d7 00 00 13 e4
308,14784,WL,flash_sample,48,23.758,1,103,1,1,1,0,0,1,1,0,742,23758,0.017568,0.037088,-1.023336,0.031251,-0.010417,-1.364627,-2.94,1.4,2.73,38.0,98367,39.28,249.22984314,5.092,57 4c 01 67 00 00 02 e6 00 00 5c ce 00 24 00 4c f7 cf 00 03 ff ff ff 7d ff d6 00 14 00 27 0d 00 00 01 80 3f 00 00 0f 58 43 79 3a d7 00 00 13 e4
309,14832,WL,flash_sample,48,23.778,1,111,1,1,1,1,0,1,1,0,743,23778,0.017568,0.037088,-1.023336,0.031251,0.0,-1.395878,-3.01,1.47,2.66,37.9921875,98366,39.3,249.31439209,5.092,57 4c 01 6f 00 00 02 e7 00 00 5c e2 00 24 00 4c f7 cf 00 03 00 00 ff 7a ff d5 00 15 00 26 0c fe 00 01 80 3e 00 00 0f 5a 43 79 50 7c 00 00 13 e4
310,14880,WL,flash_sample,48,23.798,1,111,1,1,1,1,0,1,1,0,744,23798,0.017568,0.037088,-1.023824,0.052085,-0.020834,-1.385461,-2.94,1.47,2.73,37.984375,98366,39.32,249.31439209,5.092,57 4c 01 6f 00 00 02 e8 00 00 5c f6 00 24 00 4c f7 ce 00 05 ff fe ff 7b ff d6 00 15 00 27 0c fc 00 01 80 3e 00 00 0f 5c 43 79 50 7c 00 00 13 e4
311,14928,WL,flash_sample,48,23.818,1,111,1,1,1,1,0,1,1,0,745,23818,0.017568,0.037088,-1.022848,0.041668,-0.031251,-1.416712,-2.94,1.47,2.66,37.9609375,98368,39.33,249.145294189,5.092,57 4c 01 6f 00 00 02 e9 00 00 5d 0a 00 24 00 4c f7 d0 00 04 ff fd ff 78 ff d6 00 15 00 26 0c f6 00 01 80 40 00 00 0f 5d 43 79 25 32 00 00 13 e4
312,14976,WL,flash_sample,48,23.838,1,103,1,1,1,0,0,1,1,0,746,23838,0.017568,0.037088,-1.022848,0.062502,-0.010417,-1.395878,-3.01,1.4,2.66,37.96875,98366,39.35,249.31439209,5.092,57 4c 01 67 00 00 02 ea 00 00 5d 1e 00 24 00 4c f7 d0 00 06 ff ff ff 7a ff d5 00 14 00 26 0c f8 00 01 80 3e 00 00 0f 5f 43 79 50 7c 00 00 13 e4
313,15024,WL,flash_sample,48,23.858,1,103,1,1,1,0,0,1,1,0,747,23858,0.01708,0.037088,-1.02236,0.0,0.0,-1.406295,-2.94,1.4,2.66,37.98828125,98367,39.36,249.22984314,5.092,57 4c 01 67 00 00 02 eb 00 00 5d 32 00 23 00 4c f7 d1 00 00 00 00 ff 79 ff d6 00 14 00 26 0c fd 00 01 80 3f 00 00 0f 60 43 79 3a d7 00 00 13 e4
314,15072,WL,flash_sample,48,23.878,1,103,1,1,1,0,0,1,1,0,748,23878,0.018056,0.037088,-1.022848,0.020834,-0.010417,-1.395878,-2.94,1.4,2.73,37.9609375,98370,39.37,248.97354126,5.092,57 4c 01 67 00 00 02 ec 00 00 5d 46 00 25 00 4c f7 d0 00 02 ff ff ff 7a ff d6 00 14 00 27 0c f6 00 01 80 42 00 00 0f 61 43 78 f9 3a 00 00 13 e4
315,15120,WL,flash_sample,48,23.898,1,111,1,1,1,1,0,1,1,0,749,23898,0.017568,0.0366,-1.022848,0.072919,0.0,-1.406295,-2.94,1.47,2.66,37.9765625,98369,39.38,249.060745239,5.092,57 4c 01 6f 00 00 02 ed 00 00 5d 5a 00 24 00 4b f7 d0 00 07 00 00 ff 79 ff d6 00 15 00 26 0c fa 00 01 80 41 00 00 0f 62 43 79 0f 8d 00 00 13 e4
316,15168,WL,flash_sample,48,23.918,1,111,1,1,1,1,0,1,1,0,750,23918,0.016592,0.037088,-1.023336,0.072919,0.0,-1.416712,-2.94,1.26,2.94,38.0234375,98367,39.39,249.22984314,5.092,57 4c 01 6f 00 00 02 ee 00 00 5d 6e 00 22 00 4c f7 cf 00 07 00 00 ff 78 ff d6 00 12 00 2a 0d 06 00 01 80 3f 00 00 0f 63 43 79 3a d7 00 00 13 e4
317,15216,WL,flash_sample,48,23.938,1,111,1,1,1,1,0,1,1,0,751,23938,0.017568,0.037088,-1.022848,0.0,0.0,-1.364627,-2.94,1.4,2.73,38.01171875,98368,39.4,249.145294189,5.088,57 4c 01 6f 00 00 02 ef 00 00 5d 82 00 24 00 4c f7 d0 00 00 00 00 ff 7d ff d6 00 14 00 27 0d 03 00 01 80 40 00 00 0f 64 43 79 25 32 00 00 13 e0
318,15264,WL,flash_sample,48,23.958,1,103,1,1,1,0,0,1,1,0,752,23958,0.016104,0.037576,-1.023336,0.020834,0.020834,-1.35421,-3.01,1.47,2.66,38.01171875,98368,39.41,249.145294189,5.088,57 4c 01 67 00 00 02 f0 00 00 5d 96 00 21 00 4d f7 cf 00 02 00 02 ff 7e ff d5 00 15 00 26 0d 03 00 01 80 40 00 00 0f 65 43 79 25 32 00 00 13 e0
319,15312,WL,flash_sample,48,23.978,1,103,1,1,1,0,0,1,1,0,753,23978,0.017568,0.037088,-1.023824,0.052085,0.010417,-1.375044,-2.94,1.47,2.66,38.01953125,98367,39.42,249.22984314,5.088,57 4c 01 67 00 00 02 f1 00 00 5d aa 00 24 00 4c f7 ce 00 05 00 01 ff 7c ff d6 00 15 00 26 0d 05 00 01 80 3f 00 00 0f 66 43 79 3a d7 00 00 13 e0
320,15360,WL,flash_sample,48,23.998,1,103,1,1,1,0,0,1,1,0,754,23998,0.01708,0.037576,-1.023824,0.052085,0.020834,-1.416712,-2.94,1.4,2.66,38.01171875,98368,39.43,249.145294189,5.088,57 4c 01 67 00 00 02 f2 00 00 5d be 00 23 00 4d f7 ce 00 05 00 02 ff 78 ff d6 00 14 00 26 0d 03 00 01 80 40 00 00 0f 67 43 79 25 32 00 00 13 e0
321,15408,WL,flash_sample,48,24.018,1,111,1,1,1,1,0,1,1,0,755,24018,0.017568,0.037576,-1.023336,0.0,0.020834,-1.385461,-2.94,1.47,2.66,38.04296875,98366,39.44,249.31439209,5.088,57 4c 01 6f 00 00 02 f3 00 00 5d d2 00 24 00 4d f7 cf 00 00 00 02 ff 7b ff d6 00 15 00 26 0d 0b 00 01 80 3e 00 00 0f 68 43 79 50 7c 00 00 13 e0
322,15456,WL,flash_sample,48,24.038,1,111,1,1,1,1,0,1,1,0,756,24038,0.017568,0.037576,-1.023336,0.0,0.020834,-1.385461,-2.94,1.47,2.66,38.04296875,98366,39.44,249.31439209,5.088,57 4c 01 6f 00 00 02 f4 00 00 5d e6 00 24 00 4d f7 cf 00 00 00 02 ff 7b ff d6 00 15 00 26 0d 0b 00 01 80 3e 00 00 0f 68 43 79 50 7c 00 00 13 e0
323,15504,WL,flash_sample,48,24.058,1,111,1,1,1,1,0,1,1,0,757,24058,0.017568,0.037576,-1.023336,0.0,0.020834,-1.385461,-2.94,1.47,2.66,38.04296875,98366,39.44,249.31439209,5.088,57 4c 01 6f 00 00 02 f5 00 00 5d fa 00 24 00 4d f7 cf 00 00 00 02 ff 7b ff d6 00 15 00 26 0d 0b 00 01 80 3e 00 00 0f 68 43 79 50 7c 00 00 13 e0
324,15552,WL,flash_sample,48,24.078,1,111,1,1,1,1,0,1,1,0,758,24078,0.017568,0.037576,-1.023336,0.0,0.020834,-1.385461,-2.94,1.47,2.66,38.04296875,98366,39.44,249.31439209,5.088,57 4c 01 6f 00 00 02 f6 00 00 5e 0e 00 24 00 4d f7 cf 00 00 00 02 ff 7b ff d6 00 15 00 26 0d 0b 00 01 80 3e 00 00 0f 68 43 79 50 7c 00 00 13 e0
325,15600,WL,flash_sample,48,24.098,1,103,1,1,1,0,0,1,1,0,759,24098,0.01708,0.037088,-1.020896,0.041668,0.041668,-1.375044,-0.49,-0.91,1.33,37.96484375,98429,39.45,243.945297241,5.104,57 4c 01 67 00 00 02 f7 00 00 5e 22 00 23 00 4c f7 d4 00 04 00 04 ff 7c ff f9 ff f3 00 13 0c f7 00 01 80 7d 00 00 0f 69 43 73 f1 ff 00 00 13 f0
326,15648,WL,flash_sample,48,24.118,1,111,1,1,1,1,0,1,1,0,760,24118,0.018056,0.038064,-1.02236,0.062502,0.020834,-1.364627,-2.1,0.14,2.94,37.9921875,98362,39.16,249.65524292,5.104,57 4c 01 6f 00 00 02 f8 00 00 5e 36 00 25 00 4e f7 d1 00 06 00 02 ff 7d ff e2 00 02 00 2a 0c fe 00 01 80 3a 00 00 0f 4c 43 79 a7 be 00 00 13 f0
327,15696,WL,flash_sample,48,24.138,1,110,0,1,1,1,0,1,1,0,761,24138,0.017568,0.037576,-1.022848,0.031251,0.020834,-1.375044,-3.01,1.47,2.73,38.0390625,98364,39.19,249.48614502,5.104,57 4c 01 6e 00 00 02 f9 00 00 5e 4a 00 24 00 4d f7 d0 00 03 00 02 ff 7c ff d5 00 15 00 27 0d 0a 00 01 80 3c 00 00 0f 4f 43 79 7c 74 00 00 13 f0
328,15744,WL,flash_sample,48,24.158,1,110,0,1,1,1,0,1,1,0,762,24158,0.017568,0.037576,-1.022848,0.031251,0.020834,-1.375044,-3.01,1.47,2.73,38.0390625,98364,39.19,249.48614502,5.104,57 4c 01 6e 00 00 02 fa 00 00 5e 5e 00 24 00 4d f7 d0 00 03 00 02 ff 7c ff d5 00 15 00 27 0d 0a 00 01 80 3c 00 00 0f 4f 43 79 7c 74 00 00 13 f0
329,15792,WL,flash_sample,48,24.178,1,110,0,1,1,1,0,1,1,0,763,24178,0.017568,0.037576,-1.022848,0.031251,0.020834,-1.375044,-3.01,1.47,2.73,38.0390625,98364,39.19,249.48614502,5.104,57 4c 01 6e 00 00 02 fb 00 00 5e 72 00 24 00 4d f7 d0 00 03 00 02 ff 7c ff d5 00 15 00 27 0d 0a 00 01 80 3c 00 00 0f 4f 43 79 7c 74 00 00 13 f0
330,15840,WL,flash_sample,48,24.198,1,110,0,1,1,1,0,1,1,0,764,24198,0.017568,0.037576,-1.022848,0.031251,0.020834,-1.375044,-3.01,1.47,2.73,38.0390625,98364,39.19,249.48614502,5.104,57 4c 01 6e 00 00 02 fc 00 00 5e 86 00 24 00 4d f7 d0 00 03 00 02 ff 7c ff d5 00 15 00 27 0d 0a 00 01 80 3c 00 00 0f 4f 43 79 7c 74 00 00 13 f0
331,15888,WL,flash_sample,48,24.218,1,110,0,1,1,1,0,1,1,0,765,24218,0.017568,0.037576,-1.022848,0.031251,0.020834,-1.375044,-3.01,1.47,2.73,38.0390625,98364,39.19,249.48614502,5.104,57 4c 01 6e 00 00 02 fd 00 00 5e 9a 00 24 00 4d f7 d0 00 03 00 02 ff 7c ff d5 00 15 00 27 0d 0a 00 01 80 3c 00 00 0f 4f 43 79 7c 74 00 00 13 f0
332,15936,WL,flash_sample,48,24.238,1,110,0,1,1,1,0,1,1,0,766,24238,0.017568,0.037576,-1.022848,0.031251,0.020834,-1.375044,-3.01,1.47,2.73,38.0390625,98364,39.19,249.48614502,5.104,57 4c 01 6e 00 00 02 fe 00 00 5e ae 00 24 00 4d f7 d0 00 03 00 02 ff 7c ff d5 00 15 00 27 0d 0a 00 01 80 3c 00 00 0f 4f 43 79 7c 74 00 00 13 f0
333,15984,WL,flash_sample,48,24.258,1,110,0,1,1,1,0,1,1,0,767,24258,0.017568,0.037576,-1.022848,0.031251,0.020834,-1.375044,-3.01,1.47,2.73,38.0390625,98364,39.19,249.48614502,5.104,57 4c 01 6e 00 00 02 ff 00 00 5e c2 00 24 00 4d f7 d0 00 03 00 02 ff 7c ff d5 00 15 00 27 0d 0a 00 01 80 3c 00 00 0f 4f 43 79 7c 74 00 00 13 f0
334,16032,WL,flash_sample,48,24.278,1,110,0,1,1,1,0,1,1,0,768,24278,0.018056,0.037088,-1.021384,0.052085,0.020834,-1.35421,-0.28,0.14,-0.21,38.02734375,98364,39.19,249.48614502,5.104,57 4c 01 6e 00 00 03 00 00 00 5e d6 00 25 00 4c f7 d3 00 05 00 02 ff 7e ff fc 00 02 ff fd 0d 07 00 01 80 3c 00 00 0f 4f 43 79 7c 74 00 00 13 f0
335,16080,WL,flash_sample,48,24.298,1,110,0,1,1,1,0,1,1,0,769,24298,0.018056,0.037088,-1.021384,0.052085,0.020834,-1.35421,-0.28,0.14,-0.21,38.02734375,98364,39.19,249.48614502,5.104,57 4c 01 6e 00 00 03 01 00 00 5e ea 00 25 00 4c f7 d3 00 05 00 02 ff 7e ff fc 00 02 ff fd 0d 07 00 01 80 3c 00 00 0f 4f 43 79 7c 74 00 00 13 f0
336,16128,WL,flash_sample,48,24.318,1,64,0,0,0,0,0,0,1,0,770,24318,0.016592,0.037576,-1.021384,0.052085,0.020834,-1.375044,-0.28,0.14,-0.14,38.02734375,98407,39.22,245.818664551,4.956,57 4c 01 40 00 00 03 02 00 00 5e fe 00 22 00 4d f7 d3 00 05 00 02 ff 7c ff fc 00 02 ff fe 0d 07 00 01 80 67 00 00 0f 52 43 75 d1 94 00 00 13 5c
337,16176,WL,flash_sample,48,24.338,1,102,0,1,1,0,0,1,1,0,771,24338,0.018056,0.037576,-1.021384,0.010417,-0.020834,-1.35421,-0.77,-0.14,0.77,38.03515625,98311,38.68,254.007080078,4.98,57 4c 01 66 00 00 03 03 00 00 5f 12 00 25 00 4d f7 d3 00 01 ff fe ff 7e ff f5 ff fe 00 0b 0d 09 00 01 80 07 00 00 0f 1c 43 7e 01 d0 00 00 13 74
338,16224,WL,flash_sample,48,24.358,1,110,0,1,1,1,0,1,1,0,772,24358,0.017568,0.037088,-1.022848,0.0,-0.041668,-1.385461,-1.61,-0.14,2.45,38.03515625,98349,38.78,250.76499939,4.98,57 4c 01 6e 00 00 03 04 00 00 5f 26 00 24 00 4c f7 d0 00 00 ff fc ff 7b ff e9 ff fe 00 23 0d 09 00 01 80 2d 00 00 0f 26 43 7a c3 d7 00 00 13 74
339,16272,WL,flash_sample,48,24.378,1,110,0,1,1,1,0,1,1,0,773,24378,0.01708,0.037576,-1.022848,0.0,0.010417,-1.385461,-2.59,0.77,3.15,38.04296875,98350,38.84,250.680450439,4.98,57 4c 01 6e 00 00 03 05 00 00 5f 3a 00 23 00 4d f7 d0 00 00 00 01 ff 7b ff db 00 0b 00 2d 0d 0b 00 01 80 2e 00 00 0f 2c 43 7a ae 32 00 00 13 74
340,16320,WL,flash_sample,48,24.398,1,110,0,1,1,1,0,1,1,0,774,24398,0.017568,0.037088,-1.022848,0.052085,-0.010417,-1.364627,-2.87,1.33,2.66,38.0703125,98354,38.89,250.339599609,4.98,57 4c 01 6e 00 00 03 06 00 00 5f 4e 00 24 00 4c f7 d0 00 05 ff ff ff 7d ff d7 00 13 00 26 0d 12 00 01 80 32 00 00 0f 31 43 7a 56 f0 00 00 13 74
341,16368,WL,flash_sample,48,24.418,1,110,0,1,1,1,0,1,1,0,775,24418,0.017568,0.038064,-1.022848,0.052085,-0.020834,-1.375044,-2.87,1.4,2.66,38.078125,98352,38.94,250.50869751,4.98,57 4c 01 6e 00 00 03 07 00 00 5f 62 00 24 00 4e f7 d0 00 05 ff fe ff 7c ff d7 00 14 00 26 0d 14 00 01 80 30 00 00 0f 36 43 7a 82 3a 00 00 13 74
342,16416,WL,flash_sample,48,24.438,1,102,0,1,1,0,0,1,1,0,776,24438,0.018056,0.037088,-1.022848,0.041668,0.0,-1.406295,-2.94,1.47,2.66,38.0625,98352,38.99,250.50869751,5.104,57 4c 01 66 00 00 03 08 00 00 5f 76 00 25 00 4c f7 d0 00 04 00 00 ff 79 ff d6 00 15 00 26 0d 10 00 01 80 30 00 00 0f 3b 43 7a 82 3a 00 00 13 f0
343,16464,WL,flash_sample,48,24.458,1,102,0,1,1,0,0,1,1,0,777,24458,0.018056,0.037088,-1.022848,0.020834,0.031251,-1.385461,-2.8,2.45,0.56,38.0703125,98315,38.99,253.666213989,5.104,57 4c 01 66 00 00 03 09 00 00 5f 8a 00 25 00 4c f7 d0 00 02 00 03 ff 7b ff d8 00 23 00 08 0d 12 00 01 80 0b 00 00 0f 3b 43 7d aa 8d 00 00 13 f0
344,16512,WL,flash_sample,48,24.478,1,110,0,1,1,1,0,1,1,0,778,24478,0.017568,0.038064,-1.02236,0.052085,0.020834,-1.406295,-1.4,0.84,0.77,38.0625,98316,39.02,253.579025269,5.104,57 4c 01 6e 00 00 03 0a 00 00 5f 9e 00 24 00 4e f7 d1 00 05 00 02 ff 79 ff ec 00 0c 00 0b 0d 10 00 01 80 0c 00 00 0f 3e 43 7d 94 3b 00 00 13 f0
345,16560,WL,flash_sample,48,24.498,1,110,0,1,1,1,0,1,1,0,779,24498,0.017568,0.0366,-1.023336,0.041668,0.020834,-1.364627,-1.33,0.63,0.77,38.0546875,98323,39.04,252.981872559,5.104,57 4c 01 6e 00 00 03 0b 00 00 5f b2 00 24 00 4b f7 cf 00 04 00 02 ff 7d ff ed 00 09 00 0b 0d 0e 00 01 80 13 00 00 0f 40 43 7c fb 5c 00 00 13 f0
346,16608,WL,flash_sample,48,24.518,1,110,0,1,1,1,0,1,1,0,780,24518,0.017568,0.037088,-1.02236,0.031251,-0.020834,-1.385461,-1.26,0.63,0.84,38.04296875,98321,39.07,253.153625488,5.104,57 4c 01 6e 00 00 03 0c 00 00 5f c6 00 24 00 4c f7 d1 00 03 ff fe ff 7b ff ee 00 09 00 0c 0d 0b 00 01 80 11 00 00 0f 43 43 7d 27 54 00 00 13 f0
347,16656,WL,flash_sample,48,24.538,1,102,0,1,1,0,0,1,1,0,781,24538,0.018056,0.037576,-1.02236,-0.010417,0.010417,-1.364627,-1.33,0.49,0.77,38.0546875,98320,39.09,253.238174438,4.964,57 4c 01 66 00 00 03 0d 00 00 5f da 00 25 00 4d f7 d1 ff ff 00 01 ff 7d ff ed 00 07 00 0b 0d 0e 00 01 80 10 00 00 0f 45 43 7d 3c f9 00 00 13 64
348,16704,WL,flash_sample,48,24.558,1,102,0,1,1,0,0,1,1,0,782,24558,0.01708,0.037088,-1.02236,0.031251,0.052085,-1.406295,-1.54,-0.28,2.38,38.04296875,98363,39.16,249.57069397,4.964,57 4c 01 66 00 00 03 0e 00 00 5f ee 00 23 00 4c f7 d1 00 03 00 05 ff 79 ff ea ff fc 00 22 0d 0b 00 01 80 3b 00 00 0f 4c 43 79 92 19 00 00 13 64
349,16752,WL,flash_sample,48,24.578,1,102,0,1,1,0,0,1,1,0,783,24578,0.018056,0.037576,-1.022848,0.020834,0.010417,-1.364627,-2.45,0.49,3.22,38.09375,98360,39.2,249.82699585,4.964,57 4c 01 66 00 00 03 0f 00 00 60 02 00 25 00 4d f7 d0 00 02 00 01 ff 7d ff dd 00 07 00 2e 0d 18 00 01 80 38 00 00 0f 50 43 79 d3 b6 00 00 13 64
350,16800,WL,flash_sample,48,24.598,1,110,0,1,1,1,0,1,1,0,784,24598,0.016592,0.037576,-1.022848,0.031251,0.0,-1.375044,-2.94,1.4,2.66,38.078125,98360,39.23,249.82699585,4.964,57 4c 01 6e 00 00 03 10 00 00 60 16 00 22 00 4d f7 d0 00 03 00 00 ff 7c ff d6 00 14 00 26 0d 14 00 01 80 38 00 00 0f 53 43 79 d3 b6 00 00 13 64
351,16848,WL,flash_sample,48,24.618,1,110,0,1,1,1,0,1,1,0,785,24618,0.018544,0.037576,-1.022848,0.052085,0.010417,-1.385461,-2.94,1.47,2.66,38.12109375,98360,39.26,249.82699585,4.964,57 4c 01 6e 00 00 03 11 00 00 60 2a 00 26 00 4d f7 d0 00 05 00 01 ff 7b ff d6 00 15 00 26 0d 1f 00 01 80 38 00 00 0f 56 43 79 d3 b6 00 00 13 64
352,16896,WL,flash_sample,48,24.638,1,110,0,1,1,1,0,1,1,0,786,24638,0.017568,0.037576,-1.023336,0.062502,0.010417,-1.406295,-2.94,1.4,2.73,38.078125,98361,39.28,249.742446899,5.096,57 4c 01 6e 00 00 03 12 00 00 60 3e 00 24 00 4d f7 cf 00 06 00 01 ff 79 ff d6 00 14 00 27 0d 14 00 01 80 39 00 00 0f 58 43 79 be 11 00 00 13 e8
353,16944,WL,flash_sample,48,24.658,1,102,0,1,1,0,0,1,1,0,787,24658,0.018056,0.0366,-1.022848,0.010417,0.010417,-1.385461,-2.94,1.4,2.66,38.0859375,98364,39.31,249.48614502,5.096,57 4c 01 66 00 00 03 13 00 00 60 52 00 25 00 4b f7 d0 00 01 00 01 ff 7b ff d6 00 14 00 26 0d 16 00 01 80 3c 00 00 0f 5b 43 79 7c 74 00 00 13 e8
354,16992,WL,flash_sample,48,24.678,1,102,0,1,1,0,0,1,1,0,788,24678,0.017568,0.037088,-1.023336,0.072919,-0.041668,-1.375044,-2.87,1.47,2.66,38.078125,98363,39.33,249.57069397,5.096,57 4c 01 66 00 00 03 14 00 00 60 66 00 24 00 4c f7 cf 00 07 ff fc ff 7c ff d7 00 15 00 26 0d 14 00 01 80 3b 00 00 0f 5d 43 79 92 19 00 00 13 e8
355,17040,WL,flash_sample,48,24.698,1,102,0,1,1,0,0,1,1,0,789,24698,0.016592,0.037088,-1.02236,0.062502,0.020834,-1.385461,-2.94,1.4,2.66,38.109375,98364,39.35,249.48614502,5.096,57 4c 01 66 00 00 03 15 00 00 60 7a 00 22 00 4c f7 d1 00 06 00 02 ff 7b ff d6 00 14 00 26 0d 1c 00 01 80 3c 00 00 0f 5f 43 79 7c 74 00 00 13 e8
356,17088,WL,flash_sample,48,24.718,1,110,0,1,1,1,0,1,1,0,790,24718,0.016592,0.037088,-1.023336,0.052085,-0.010417,-1.395878,-2.94,1.4,2.66,38.1015625,98364,39.37,249.48614502,5.096,57 4c 01 6e 00 00 03 16 00 00 60 8e 00 22 00 4c f7 cf 00 05 ff ff ff 7a ff d6 00 14 00 26 0d 1a 00 01 80 3c 00 00 0f 61 43 79 7c 74 00 00 13 e8
357,17136,WL,flash_sample,48,24.738,1,110,0,1,1,1,0,1,1,0,791,24738,0.017568,0.037576,-1.023336,0.031251,-0.020834,-1.364627,-2.94,1.47,2.66,38.1015625,98363,39.39,249.57069397,5.076,57 4c 01 6e 00 00 03 17 00 00 60 a2 00 24 00 4d f7 cf 00 03 ff fe ff 7d ff d6 00 15 00 26 0d 1a 00 01 80 3b 00 00 0f 63 43 79 92 19 00 00 13 d4
358,17184,WL,flash_sample,48,24.758,1,110,0,1,1,1,0,1,1,0,792,24758,0.01708,0.037576,-1.023824,0.020834,0.0,-1.395878,-2.94,1.47,2.66,38.1328125,98368,39.41,249.145294189,5.076,57 4c 01 6e 00 00 03 18 00 00 60 b6 00 23 00 4d f7 ce 00 02 00 00 ff 7a ff d6 00 15 00 26 0d 22 00 01 80 40 00 00 0f 65 43 79 25 32 00 00 13 d4
359,17232,WL,flash_sample,48,24.778,1,102,0,1,1,0,0,1,1,0,793,24778,0.017568,0.037576,-1.022848,0.0,0.031251,-1.385461,-2.94,1.4,2.66,38.12109375,98365,39.42,249.401596069,5.076,57 4c 01 66 00 00 03 19 00 00 60 ca 00 24 00 4d f7 d0 00 00 00 03 ff 7b ff d6 00 14 00 26 0d 1f 00 01 80 3d 00 00 0f 66 43 79 66 cf 00 00 13 d4
360,17280,WL,flash_sample,48,24.798,1,102,0,1,1,0,0,1,1,0,794,24798,0.016592,0.037576,-1.023336,0.031251,0.062502,-1.385461,-2.94,1.47,2.66,38.1171875,98369,39.44,249.060745239,5.076,57 4c 01 66 00 00 03 1a 00 00 60 de 00 22 00 4d f7 cf 00 03 00 06 ff 7b ff d6 00 15 00 26 0d 1e 00 01 80 41 00 00 0f 68 43 79 0f 8d 00 00 13 d4
361,17328,WL,flash_sample,48,24.818,1,102,0,1,1,0,0,1,1,0,795,24818,0.017568,0.037088,-1.022848,-0.020834,-0.010417,-1.364627,-2.94,1.47,2.59,38.0859375,98363,39.45,249.57069397,5.076,57 4c 01 66 00 00 03 1b 00 00 60 f2 00 24 00 4c f7 d0 ff fe ff ff ff 7d ff d6 00 15 00 25 0d 16 00 01 80 3b 00 00 0f 69 43 79 92 19 00 00 13 d4
362,17376,WL,flash_sample,48,24.838,1,110,0,1,1,1,0,1,1,0,796,24838,0.017568,0.0366,-1.02236,0.031251,0.010417,-1.35421,-2.94,1.4,2.66,38.0859375,98365,39.46,249.401596069,5.104,57 4c 01 6e 00 00 03 1c 00 00 61 06 00 24 00 4b f7 d1 00 03 00 01 ff 7e ff d6 00 14 00 26 0d 16 00 01 80 3d 00 00 0f 6a 43 79 66 cf 00 00 13 f0
363,17424,WL,flash_sample,48,24.858,1,110,0,1,1,1,0,1,1,0,797,24858,0.017568,0.0366,-1.022848,0.020834,0.020834,-1.406295,-2.94,1.47,2.66,38.125,98370,39.48,248.97354126,5.104,57 4c 01 6e 00 00 03 1d 00 00 61 1a 00 24 00 4b f7 d0 00 02 00 02 ff 79 ff d6 00 15 00 26 0d 20 00 01 80 42 00 00 0f 6c 43 78 f9 3a 00 00 13 f0
364,17472,WL,flash_sample,48,24.878,1,110,0,1,1,1,0,1,1,0,798,24878,0.01708,0.037088,-1.023336,0.020834,0.0,-1.395878,-2.87,1.4,2.66,38.12890625,98366,39.49,249.31439209,5.104,57 4c 01 6e 00 00 03 1e 00 00 61 2e 00 23 00 4c f7 cf 00 02 00 00 ff 7a ff d7 00 14 00 26 0d 21 00 01 80 3e 00 00 0f 6d 43 79 50 7c 00 00 13 f0
365,17520,WL,flash_sample,48,24.898,1,102,0,1,1,0,0,1,1,0,799,24898,0.01708,0.038064,-1.023824,0.031251,-0.010417,-1.416712,-3.01,1.47,2.66,38.13671875,98367,39.5,249.22984314,5.104,57 4c 01 66 00 00 03 1f 00 00 61 42 00 23 00 4e f7 ce 00 03 ff ff ff 78 ff d5 00 15 00 26 0d 23 00 01 80 3f 00 00 0f 6e 43 79 3a d7 00 00 13 f0
366,17568,WL,flash_sample,48,24.918,1,102,0,1,1,0,0,1,1,0,800,24918,0.01708,0.037576,-1.022848,0.041668,0.0,-1.385461,-2.94,1.26,2.87,38.13671875,98361,39.51,249.742446899,5.104,57 4c 01 66 00 00 03 20 00 00 61 56 00 23 00 4d f7 d0 00 04 00 00 ff 7b ff d6 00 12 00 29 0d 23 00 01 80 39 00 00 0f 6f 43 79 be 11 00 00 13 f0
367,17616,WL,flash_sample,48,24.938,1,110,0,1,1,1,0,1,1,0,801,24938,0.017568,0.037576,-1.02236,0.062502,0.020834,-1.375044,-2.94,1.47,2.66,38.14453125,98365,39.52,249.401596069,5.092,57 4c 01 6e 00 00 03 21 00 00 61 6a 00 24 00 4d f7 d1 00 06 00 02 ff 7c ff d6 00 15 00 26 0d 25 00 01 80 3d 00 00 0f 70 43 79 66 cf 00 00 13 e4
368,17664,WL,flash_sample,48,24.958,1,110,0,1,1,1,0,1,1,0,802,24958,0.016592,0.037576,-1.02236,0.052085,-0.010417,-1.385461,-2.94,1.47,2.73,38.13671875,98369,39.53,249.060745239,5.092,57 4c 01 6e 00 00 03 22 00 00 61 7e 00 22 00 4d f7 d1 00 05 ff ff ff 7b ff d6 00 15 00 27 0d 23 00 01 80 41 00 00 0f 71 43 79 0f 8d 00 00 13 e4
369,17712,WL,flash_sample,48,24.978,1,110,0,1,1,1,0,1,1,0,803,24978,0.01708,0.037088,-1.022848,0.031251,0.0,-1.406295,-2.94,1.4,2.66,38.12109375,98370,39.54,248.97354126,5.092,57 4c 01 6e 00 00 03 23 00 00 61 92 00 23 00 4c f7 d0 00 03 00 00 ff 79 ff d6 00 14 00 26 0d 1f 00 01 80 42 00 00 0f 72 43 78 f9 3a 00 00 13 e4
370,17760,WL,flash_sample,48,24.998,1,110,0,1,1,1,0,1,1,0,804,24998,0.017568,0.037576,-1.023336,0.010417,0.0,-1.385461,-2.94,1.47,2.66,38.13671875,98369,39.55,249.060745239,5.092,57 4c 01 6e 00 00 03 24 00 00 61 a6 00 24 00 4d f7 cf 00 01 00 00 ff 7b ff d6 00 15 00 26 0d 23 00 01 80 41 00 00 0f 73 43 79 0f 8d 00 00 13 e4
371,17808,WL,flash_sample,48,25.018,1,110,0,1,1,1,0,1,1,0,805,25018,0.017568,0.037088,-1.02236,0.020834,0.0,-1.385461,-2.94,1.47,2.73,38.16015625,98369,39.55,249.060745239,5.092,57 4c 01 6e 00 00 03 25 00 00 61 ba 00 24 00 4c f7 d1 00 02 00 00 ff 7b ff d6 00 15 00 27 0d 29 00 01 80 41 00 00 0f 73 43 79 0f 8d 00 00 13 e4
372,17856,WL,flash_sample,48,25.038,1,110,0,1,1,1,0,1,1,0,806,25038,0.017568,0.037088,-1.02236,0.020834,0.0,-1.385461,-2.94,1.47,2.73,38.16015625,98369,39.55,249.060745239,5.092,57 4c 01 6e 00 00 03 26 00 00 61 ce 00 24 00 4c f7 d1 00 02 00 00 ff 7b ff d6 00 15 00 27 0d 29 00 01 80 41 00 00 0f 73 43 79 0f 8d 00 00 13 e4
373,17904,WL,flash_sample,48,25.058,1,110,0,1,1,1,0,1,1,0,807,25058,0.017568,0.037088,-1.02236,0.020834,0.0,-1.385461,-2.94,1.47,2.73,38.16015625,98369,39.55,249.060745239,5.092,57 4c 01 6e 00 00 03 27 00 00 61 e2 00 24 00 4c f7 d1 00 02 00 00 ff 7b ff d6 00 15 00 27 0d 29 00 01 80 41 00 00 0f 73 43 79 0f 8d 00 00 13 e4
374,17952,WL,flash_sample,48,25.078,1,110,0,1,1,1,0,1,1,0,808,25078,0.017568,0.037088,-1.02236,0.020834,0.0,-1.385461,-2.94,1.47,2.73,38.16015625,98369,39.55,249.060745239,5.092,57 4c 01 6e 00 00 03 28 00 00 61 f6 00 24 00 4c f7 d1 00 02 00 00 ff 7b ff d6 00 15 00 27 0d 29 00 01 80 41 00 00 0f 73 43 79 0f 8d 00 00 13 e4
375,18000,WL,flash_sample,48,25.098,1,110,0,1,1,1,0,1,1,0,809,25098,0.017568,0.037088,-1.020896,0.052085,0.031251,-1.385461,-0.49,-0.98,1.19,38.12890625,98373,39.55,248.71723938,5.096,57 4c 01 6e 00 00 03 29 00 00 62 0a 00 24 00 4c f7 d4 00 05 00 03 ff 7b ff f9 ff f2 00 11 0d 21 00 01 80 45 00 00 0f 73 43 78 b7 9d 00 00 13 e8
376,18048,WL,flash_sample,48,25.118,1,110,0,1,1,1,0,1,1,0,810,25118,0.01708,0.037576,-1.022848,0.031251,0.031251,-1.375044,-2.1,0.07,2.94,38.14453125,98361,39.23,249.742446899,5.096,57 4c 01 6e 00 00 03 2a 00 00 62 1e 00 23 00 4d f7 d0 00 03 00 03 ff 7c ff e2 00 01 00 2a 0d 25 00 01 80 39 00 00 0f 53 43 79 be 11 00 00 13 e8
377,18096,WL,flash_sample,48,25.138,1,103,1,1,1,0,0,1,1,0,811,25138,0.017568,0.037088,-1.023336,0.083336,-0.020834,-1.385461,-2.94,1.4,2.73,38.16796875,98366,39.27,249.31439209,5.1,57 4c 01 67 00 00 03 2b 00 00 62 32 00 24 00 4c f7 cf 00 08 ff fe ff 7b ff d6 00 14 00 27 0d 2b 00 01 80 3e 00 00 0f 57 43 79 50 7c 00 00 13 ec
378,18144,WL,flash_sample,48,25.158,1,103,1,1,1,0,0,1,1,0,812,25158,0.017568,0.037088,-1.023336,0.083336,-0.020834,-1.385461,-2.94,1.4,2.73,38.16796875,98366,39.27,249.31439209,5.1,57 4c 01 67 00 00 03 2c 00 00 62 46 00 24 00 4c f7 cf 00 08 ff fe ff 7b ff d6 00 14 00 27 0d 2b 00 01 80 3e 00 00 0f 57 43 79 50 7c 00 00 13 ec
379,18192,WL,flash_sample,48,25.178,1,103,1,1,1,0,0,1,1,0,813,25178,0.017568,0.037088,-1.023336,0.083336,-0.020834,-1.385461,-2.94,1.4,2.73,38.16796875,98366,39.27,249.31439209,5.1,57 4c 01 67 00 00 03 2d 00 00 62 5a 00 24 00 4c f7 cf 00 08 ff fe ff 7b ff d6 00 14 00 27 0d 2b 00 01 80 3e 00 00 0f 57 43 79 50 7c 00 00 13 ec
380,18240,WL,flash_sample,48,25.198,1,103,1,1,1,0,0,1,1,0,814,25198,0.017568,0.037088,-1.023336,0.083336,-0.020834,-1.385461,-2.94,1.4,2.73,38.16796875,98366,39.27,249.31439209,5.1,57 4c 01 67 00 00 03 2e 00 00 62 6e 00 24 00 4c f7 cf 00 08 ff fe ff 7b ff d6 00 14 00 27 0d 2b 00 01 80 3e 00 00 0f 57 43 79 50 7c 00 00 13 ec
381,18288,WL,flash_sample,48,25.218,1,103,1,1,1,0,0,1,1,0,815,25218,0.017568,0.037088,-1.023336,0.083336,-0.020834,-1.385461,-2.94,1.4,2.73,38.16796875,98366,39.27,249.31439209,5.1,57 4c 01 67 00 00 03 2f 00 00 62 82 00 24 00 4c f7 cf 00 08 ff fe ff 7b ff d6 00 14 00 27 0d 2b 00 01 80 3e 00 00 0f 57 43 79 50 7c 00 00 13 ec
382,18336,WL,flash_sample,48,25.238,1,103,1,1,1,0,0,1,1,0,816,25238,0.017568,0.037088,-1.023336,0.083336,-0.020834,-1.385461,-2.94,1.4,2.73,38.16796875,98366,39.27,249.31439209,5.1,57 4c 01 67 00 00 03 30 00 00 62 96 00 24 00 4c f7 cf 00 08 ff fe ff 7b ff d6 00 14 00 27 0d 2b 00 01 80 3e 00 00 0f 57 43 79 50 7c 00 00 13 ec
383,18384,WL,flash_sample,48,25.258,1,103,1,1,1,0,0,1,1,0,817,25258,0.017568,0.037088,-1.023336,0.083336,-0.020834,-1.385461,-2.94,1.4,2.73,38.16796875,98366,39.27,249.31439209,5.1,57 4c 01 67 00 00 03 31 00 00 62 aa 00 24 00 4c f7 cf 00 08 ff fe ff 7b ff d6 00 14 00 27 0d 2b 00 01 80 3e 00 00 0f 57 43 79 50 7c 00 00 13 ec
384,18432,WL,flash_sample,48,25.278,1,111,1,1,1,1,0,1,1,0,818,25278,0.016592,0.037576,-1.021872,0.020834,0.010417,-1.395878,-0.28,0.14,-0.21,38.14453125,98372,39.3,248.804443359,5.1,57 4c 01 6f 00 00 03 32 00 00 62 be 00 22 00 4d f7 d2 00 02 00 01 ff 7a ff fc 00 02 ff fd 0d 25 00 01 80 44 00 00 0f 5a 43 78 cd f0 00 00 13 ec
385,18480,WL,flash_sample,48,25.298,1,111,1,1,1,1,0,1,1,0,819,25298,0.016592,0.037576,-1.021872,0.020834,0.010417,-1.395878,-0.28,0.14,-0.21,38.14453125,98372,39.3,248.804443359,5.1,57 4c 01 6f 00 00 03 33 00 00 62 d2 00 22 00 4d f7 d2 00 02 00 01 ff 7a ff fc 00 02 ff fd 0d 25 00 01 80 44 00 00 0f 5a 43 78 cd f0 00 00 13 ec
386,18528,WL,flash_sample,48,25.318,1,65,1,0,0,0,0,0,1,0,820,25318,0.017568,0.037088,-1.020896,0.020834,0.020834,-1.395878,-0.28,0.14,-0.21,38.13671875,98372,39.3,248.804443359,4.968,57 4c 01 41 00 00 03 34 00 00 62 e6 00 24 00 4c f7 d4 00 02 00 02 ff 7a ff fc 00 02 ff fd 0d 23 00 01 80 44 00 00 0f 5a 43 78 cd f0 00 00 13 68
387,18576,WL,flash_sample,48,25.338,1,111,1,1,1,1,0,1,1,0,821,25338,0.017568,0.037088,-1.021384,0.010417,-0.031251,-1.385461,-0.7,-0.21,0.84,38.14453125,98325,38.86,252.812774658,4.964,57 4c 01 6f 00 00 03 35 00 00 62 fa 00 24 00 4c f7 d3 00 01 ff fd ff 7b ff f6 ff fd 00 0c 0d 25 00 01 80 15 00 00 0f 2e 43 7c d0 12 00 00 13 64
388,18624,WL,flash_sample,48,25.358,1,103,1,1,1,0,0,1,1,0,822,25358,0.017568,0.037088,-1.021872,0.031251,-0.031251,-1.375044,-1.61,-0.21,2.45,38.14453125,98344,38.82,251.193054199,4.964,57 4c 01 67 00 00 03 36 00 00 63 0e 00 24 00 4c f7 d2 00 03 ff fd ff 7c ff e9 ff fd 00 23 0d 25 00 01 80 28 00 00 0f 2a 43 7b 31 6c 00 00 13 64
389,18672,WL,flash_sample,48,25.378,1,103,1,1,1,0,0,1,1,0,823,25378,0.017568,0.037576,-1.02236,0.0,-0.031251,-1.385461,-2.52,0.63,3.22,38.16796875,98349,38.92,250.76499939,4.964,57 4c 01 67 00 00 03 37 00 00 63 22 00 24 00 4d f7 d1 00 00 ff fd ff 7b ff dc 00 09 00 2e 0d 2b 00 01 80 2d 00 00 0f 34 43 7a c3 d7 00 00 13 64
390,18720,WL,flash_sample,48,25.398,1,103,1,1,1,0,0,1,1,0,824,25398,0.017568,0.0366,-1.021872,0.020834,-0.010417,-1.406295,-2.87,1.4,2.66,38.1875,98350,38.97,250.680450439,4.964,57 4c 01 67 00 00 03 38 00 00 63 36 00 24 00 4b f7 d2 00 02 ff ff ff 79 ff d7 00 14 00 26 0d 30 00 01 80 2e 00 00 0f 39 43 7a ae 32 00 00 13 64
391,18768,WL,flash_sample,48,25.418,1,111,1,1,1,1,0,1,1,0,825,25418,0.017568,0.037576,-1.022848,0.052085,0.020834,-1.364627,-2.94,1.47,2.66,38.14453125,98354,39.03,250.339599609,4.964,57 4c 01 6f 00 00 03 39 00 00 63 4a 00 24 00 4d f7 d0 00 05 00 02 ff 7d ff d6 00 15 00 26 0d 25 00 01 80 32 00 00 0f 3f 43 7a 56 f0 00 00 13 64
392,18816,WL,flash_sample,48,25.438,1,111,1,1,1,1,0,1,1,0,826,25438,0.01708,0.037576,-1.022848,0.031251,0.041668,-1.395878,-2.94,1.47,2.73,38.15234375,98354,39.08,250.339599609,5.092,57 4c 01 6f 00 00 03 3a 00 00 63 5e 00 23 00 4d f7 d0 00 03 00 04 ff 7a ff d6 00 15 00 27 0d 27 00 01 80 32 00 00 0f 44 43 7a 56 f0 00 00 13 e4
393,18864,WL,flash_sample,48,25.458,1,111,1,1,1,1,0,1,1,0,827,25458,0.018056,0.0366,-1.023336,0.052085,0.020834,-1.385461,-2.87,2.59,0.56,38.17578125,98321,39.12,253.153625488,5.092,57 4c 01 6f 00 00 03 3b 00 00 63 72 00 25 00 4b f7 cf 00 05 00 02 ff 7b ff d7 00 25 00 08 0d 2d 00 01 80 11 00 00 0f 48 43 7d 27 54 00 00 13 e4
394,18912,WL,flash_sample,48,25.478,1,103,1,1,1,0,0,1,1,0,828,25478,0.01708,0.037576,-1.022848,0.010417,0.010417,-1.416712,-1.47,0.84,0.77,38.13671875,98317,39.11,253.494476318,5.092,57 4c 01 67 00 00 03 3c 00 00 63 86 00 23 00 4d f7 d0 00 01 00 01 ff 78 ff eb 00 0c 00 0b 0d 23 00 01 80 0d 00 00 0f 47 43 7d 7e 96 00 00 13 e4
395,18960,WL,flash_sample,48,25.498,1,103,1,1,1,0,0,1,1,0,829,25498,0.018544,0.038064,-1.023824,0.041668,0.020834,-1.375044,-1.4,0.56,0.77,38.13671875,98313,39.14,253.835327148,5.092,57 4c 01 67 00 00 03 3d 00 00 63 9a 00 26 00 4e f7 ce 00 04 00 02 ff 7c ff ec 00 08 00 0b 0d 23 00 01 80 09 00 00 0f 4a 43 7d d5 d8 00 00 13 e4
396,19008,WL,flash_sample,48,25.518,1,103,1,1,1,0,0,1,1,0,830,25518,0.016592,0.037576,-1.021872,0.052085,0.0,-1.395878,-1.33,0.56,0.77,38.203125,98321,39.17,253.153625488,5.092,57 4c 01 67 00 00 03 3e 00 00 63 ae 00 22 00 4d f7 d2 00 05 00 00 ff 7a ff ed 00 08 00 0b 0d 34 00 01 80 11 00 00 0f 4d 43 7d 27 54 00 00 13 e4
397,19056,WL,flash_sample,48,25.538,1,111,1,1,1,1,0,1,1,0,831,25538,0.01708,0.0366,-1.021872,0.020834,0.020834,-1.416712,-1.26,0.56,0.7,38.1875,98319,39.2,253.325363159,4.948,57 4c 01 6f 00 00 03 3f 00 00 63 c2 00 23 00 4b f7 d2 00 02 00 02 ff 78 ff ee 00 08 00 0a 0d 30 00 01 80 0f 00 00 0f 50 43 7d 53 4b 00 00 13 54
398,19104,WL,flash_sample,48,25.558,1,111,1,1,1,1,0,1,1,0,832,25558,0.01708,0.037576,-1.021872,0.0,0.020834,-1.385461,-1.47,-0.21,2.31,38.1953125,98354,39.22,250.339599609,4.948,57 4c 01 6f 00 00 03 40 00 00 63 d6 00 23 00 4d f7 d2 00 00 00 02 ff 7b ff eb ff fd 00 21 0d 32 00 01 80 32 00 00 0f 52 43 7a 56 f0 00 00 13 54
399,19152,WL,flash_sample,48,25.578,1,111,1,1,1,1,0,1,1,0,833,25578,0.016592,0.038064,-1.02236,0.041668,0.031251,-1.375044,-2.45,0.35,3.29,38.1953125,98360,39.3,249.82699585,4.948,57 4c 01 6f 00 00 03 41 00 00 63 ea 00 22 00 4e f7 d1 00 04 00 03 ff 7c ff dd 00 05 00 2f 0d 32 00 01 80 38 00 00 0f 5a 43 79 d3 b6 00 00 13 54
400,19200,WL,flash_sample,48,25.598,1,103,1,1,1,0,0,1,1,0,834,25598,0.017568,0.0366,-1.023336,0.062502,0.010417,-1.385461,-2.94,1.47,2.66,38.1875,98363,39.33,249.57069397,4.948,57 4c 01 67 00 00 03 42 00 00 63 fe 00 24 00 4b f7 cf 00 06 00 01 ff 7b ff d6 00 15 00 26 0d 30 00 01 80 3b 00 00 0f 5d 43 79 92 19 00 00 13 54
401,19248,WL,flash_sample,48,25.618,1,103,1,1,1,0,0,1,1,0,835,25618,0.01708,0.037088,-1.02236,0.041668,-0.010417,-1.35421,-2.94,1.47,2.66,38.1875,98360,39.36,249.82699585,4.948,57 4c 01 67 00 00 03 43 00 00 64 12 00 23 00 4c f7 d1 00 04 ff ff ff 7e ff d6 00 15 00 26 0d 30 00 01 80 38 00 00 0f 60 43 79 d3 b6 00 00 13 54
402,19296,WL,flash_sample,48,25.638,1,111,1,1,1,1,0,1,1,0,836,25638,0.01708,0.038064,-1.022848,0.041668,-0.010417,-1.385461,-2.94,1.47,2.66,38.1953125,98364,39.38,249.48614502,5.088,57 4c 01 6f 00 00 03 44 00 00 64 26 00 23 00 4e f7 d0 00 04 ff ff ff 7b ff d6 00 15 00 26 0d 32 00 01 80 3c 00 00 0f 62 43 79 7c 74 00 00 13 e0
403,19344,WL,flash_sample,48,25.658,1,111,1,1,1,1,0,1,1,0,837,25658,0.017568,0.037088,-1.024312,0.031251,0.041668,-1.375044,-2.94,1.47,2.66,38.2265625,98366,39.41,249.31439209,5.088,57 4c 01 6f 00 00 03 45 00 00 64 3a 00 24 00 4c f7 cd 00 03 00 04 ff 7c ff d6 00 15 00 26 0d 3a 00 01 80 3e 00 00 0f 65 43 79 50 7c 00 00 13 e0
404,19392,WL,flash_sample,48,25.678,1,111,1,1,1,1,0,1,1,0,838,25678,0.01708,0.037576,-1.02236,0.052085,0.010417,-1.385461,-2.94,1.4,2.66,38.1953125,98363,39.43,249.57069397,5.088,57 4c 01 6f 00 00 03 46 00 00 64 4e 00 23 00 4d f7 d1 00 05 00 01 ff 7b ff d6 00 14 00 26 0d 32 00 01 80 3b 00 00 0f 67 43 79 92 19 00 00 13 e0
405,19440,WL,flash_sample,48,25.698,1,111,1,1,1,1,0,1,1,0,839,25698,0.017568,0.037088,-1.021872,0.020834,0.020834,-1.385461,-2.94,1.47,2.66,38.21875,98366,39.45,249.31439209,5.088,57 4c 01 6f 00 00 03 47 00 00 64 62 00 24 00 4c f7 d2 00 02 00 02 ff 7b ff d6 00 15 00 26 0d 38 00 01 80 3e 00 00 0f 69 43 79 50 7c 00 00 13 e0
406,19488,WL,flash_sample,48,25.718,1,103,1,1,1,0,0,1,1,0,840,25718,0.017568,0.037088,-1.024312,0.052085,-0.010417,-1.416712,-3.01,1.47,2.66,38.203125,98364,39.47,249.48614502,5.088,57 4c 01 67 00 00 03 48 00 00 64 76 00 24 00 4c f7 cd 00 05 ff ff ff 78 ff d5 00 15 00 26 0d 34 00 01 80 3c 00 00 0f 6b 43 79 7c 74 00 00 13 e0
407,19536,WL,flash_sample,48,25.738,1,103,1,1,1,0,0,1,1,0,841,25738,0.01708,0.037088,-1.023336,0.072919,-0.010417,-1.395878,-2.94,1.4,2.73,38.203125,98366,39.49,249.31439209,5.084,57 4c 01 67 00 00 03 49 00 00 64 8a 00 23 00 4c f7 cf 00 07 ff ff ff 7a ff d6 00 14 00 27 0d 34 00 01 80 3e 00 00 0f 6d 43 79 50 7c 00 00 13 dc
408,19584,WL,flash_sample,48,25.758,1,111,1,1,1,1,0,1,1,0,842,25758,0.017568,0.037088,-1.023336,0.010417,0.020834,-1.385461,-3.01,1.4,2.66,38.2578125,98368,39.51,249.145294189,5.084,57 4c 01 6f 00 00 03 4a 00 00 64 9e 00 24 00 4c f7 cf 00 01 00 02 ff 7b ff d5 00 14 00 26 0d 42 00 01 80 40 00 00 0f 6f 43 79 25 32 00 00 13 dc
409,19632,WL,flash_sample,48,25.778,1,111,1,1,1,1,0,1,1,0,843,25778,0.01708,0.038064,-1.022848,0.052085,-0.010417,-1.385461,-2.87,1.47,2.66,38.25390625,98370,39.53,248.97354126,5.084,57 4c 01 6f 00 00 03 4b 00 00 64 b2 00 23 00 4e f7 d0 00 05 ff ff ff 7b ff d7 00 15 00 26 0d 41 00 01 80 42 00 00 0f 71 43 78 f9 3a 00 00 13 dc
410,19680,WL,flash_sample,48,25.798,1,111,1,1,1,1,0,1,1,0,844,25798,0.017568,0.037576,-1.02236,-0.010417,-0.010417,-1.416712,-2.94,1.4,2.73,38.26953125,98366,39.54,249.31439209,5.084,57 4c 01 6f 00 00 03 4c 00 00 64 c6 00 24 00 4d f7 d1 ff ff ff ff ff 78 ff d6 00 14 00 27 0d 45 00 01 80 3e 00 00 0f 72 43 79 50 7c 00 00 13 dc
411,19728,WL,flash_sample,48,25.818,1,111,1,1,1,1,0,1,1,0,845,25818,0.01708,0.037088,-1.024312,0.020834,0.020834,-1.395878,-2.94,1.4,2.73,38.21484375,98365,39.56,249.401596069,5.084,57 4c 01 6f 00 00 03 4d 00 00 64 da 00 23 00 4c f7 cd 00 02 00 02 ff 7a ff d6 00 14 00 27 0d 37 00 01 80 3d 00 00 0f 74 43 79 66 cf 00 00 13 dc
412,19776,WL,flash_sample,48,25.838,1,103,1,1,1,0,0,1,1,0,846,25838,0.01708,0.037088,-1.02236,0.062502,0.020834,-1.406295,-2.94,1.4,2.66,38.28125,98369,39.57,249.060745239,5.088,57 4c 01 67 00 00 03 4e 00 00 64 ee 00 23 00 4c f7 d1 00 06 00 02 ff 79 ff d6 00 14 00 26 0d 48 00 01 80 41 00 00 0f 75 43 79 0f 8d 00 00 13 e0
413,19824,WL,flash_sample,48,25.858,1,103,1,1,1,0,0,1,1,0,847,25858,0.016592,0.037088,-1.023824,0.062502,-0.010417,-1.375044,-2.94,1.47,2.73,38.23828125,98367,39.58,249.22984314,5.088,57 4c 01 67 00 00 03 4f 00 00 65 02 00 22 00 4c f7 ce 00 06 ff ff ff 7c ff d6 00 15 00 27 0d 3d 00 01 80 3f 00 00 0f 76 43 79 3a d7 00 00 13 e0
414,19872,WL,flash_sample,48,25.878,1,111,1,1,1,1,0,1,1,0,848,25878,0.01708,0.0366,-1.023336,0.072919,0.031251,-1.385461,-2.94,1.47,2.66,38.26953125,98370,39.6,248.97354126,5.088,57 4c 01 6f 00 00 03 50 00 00 65 16 00 23 00 4b f7 cf 00 07 00 03 ff 7b ff d6 00 15 00 26 0d 45 00 01 80 42 00 00 0f 78 43 78 f9 3a 00 00 13 e0
415,19920,WL,flash_sample,48,25.898,1,111,1,1,1,1,0,1,1,0,849,25898,0.01708,0.0366,-1.022848,0.052085,0.0,-1.406295,-2.94,1.47,2.66,38.26953125,98370,39.61,248.97354126,5.088,57 4c 01 6f 00 00 03 51 00 00 65 2a 00 23 00 4b f7 d0 00 05 00 00 ff 79 ff d6 00 15 00 26 0d 45 00 01 80 42 00 00 0f 79 43 78 f9 3a 00 00 13 e0
416,19968,WL,flash_sample,48,25.918,1,111,1,1,1,1,0,1,1,0,850,25918,0.017568,0.037576,-1.023824,0.031251,-0.010417,-1.395878,-2.94,1.4,2.8,38.26953125,98366,39.62,249.31439209,5.088,57 4c 01 6f 00 00 03 52 00 00 65 3e 00 24 00 4d f7 ce 00 03 ff ff ff 7a ff d6 00 14 00 28 0d 45 00 01 80 3e 00 00 0f 7a 43 79 50 7c 00 00 13 e0
417,20016,WL,flash_sample,48,25.938,1,111,1,1,1,1,0,1,1,0,851,25938,0.018056,0.037088,-1.023824,0.020834,0.020834,-1.385461,-2.94,1.47,2.73,38.26171875,98368,39.62,249.145294189,5.076,57 4c 01 6f 00 00 03 53 00 00 65 52 00 25 00 4c f7 ce 00 02 00 02 ff 7b ff d6 00 15 00 27 0d 43 00 01 80 40 00 00 0f 7a 43 79 25 32 00 00 13 d4
418,20064,WL,flash_sample,48,25.958,1,103,1,1,1,0,0,1,1,0,852,25958,0.01708,0.038064,-1.023824,0.062502,0.0,-1.385461,-2.94,1.4,2.66,38.27734375,98367,39.64,249.22984314,5.076,57 4c 01 67 00 00 03 54 00 00 65 66 00 23 00 4e f7 ce 00 06 00 00 ff 7b ff d6 00 14 00 26 0d 47 00 01 80 3f 00 00 0f 7c 43 79 3a d7 00 00 13 d4
419,20112,WL,flash_sample,48,25.978,1,103,1,1,1,0,0,1,1,0,853,25978,0.017568,0.037088,-1.023336,0.062502,0.020834,-1.385461,-2.94,1.47,2.66,38.26953125,98372,39.65,248.804443359,5.076,57 4c 01 67 00 00 03 55 00 00 65 7a 00 24 00 4c f7 cf 00 06 00 02 ff 7b ff d6 00 15 00 26 0d 45 00 01 80 44 00 00 0f 7d 43 78 cd f0 00 00 13 d4
420,20160,WL,flash_sample,48,25.998,1,111,1,1,1,1,0,1,1,0,854,25998,0.017568,0.037576,-1.024312,0.031251,0.031251,-1.385461,-2.94,1.54,2.66,38.28515625,98372,39.66,248.804443359,5.076,57 4c 01 6f 00 00 03 56 00 00 65 8e 00 24 00 4d f7 cd 00 03 00 03 ff 7b ff d6 00 16 00 26 0d 49 00 01 80 44 00 00 0f 7e 43 78 cd f0 00 00 13 d4
421,20208,WL,flash_sample,48,26.018,1,103,1,1,1,0,0,1,1,0,855,26018,0.017568,0.037088,-1.022848,0.020834,0.020834,-1.395878,-2.94,1.47,2.66,38.28515625,98372,39.67,248.804443359,5.076,57 4c 01 67 00 00 03 57 00 00 65 a2 00 24 00 4c f7 d0 00 02 00 02 ff 7a ff d6 00 15 00 26 0d 49 00 01 80 44 00 00 0f 7f 43 78 cd f0 00 00 13 d4
422,20256,WL,flash_sample,48,26.038,1,103,1,1,1,0,0,1,1,0,856,26038,0.017568,0.037088,-1.022848,0.020834,0.020834,-1.395878,-2.94,1.47,2.66,38.28515625,98372,39.67,248.804443359,5.076,57 4c 01 67 00 00 03 58 00 00 65 b6 00 24 00 4c f7 d0 00 02 00 02 ff 7a ff d6 00 15 00 26 0d 49 00 01 80 44 00 00 0f 7f 43 78 cd f0 00 00 13 d4
423,20304,WL,flash_sample,48,26.058,1,103,1,1,1,0,0,1,1,0,857,26058,0.017568,0.037088,-1.022848,0.020834,0.020834,-1.395878,-2.94,1.47,2.66,38.28515625,98372,39.67,248.804443359,5.076,57 4c 01 67 00 00 03 59 00 00 65 ca 00 24 00 4c f7 d0 00 02 00 02 ff 7a ff d6 00 15 00 26 0d 49 00 01 80 44 00 00 0f 7f 43 78 cd f0 00 00 13 d4
424,20352,WL,flash_sample,48,26.078,1,103,1,1,1,0,0,1,1,0,858,26078,0.017568,0.037088,-1.022848,0.020834,0.020834,-1.395878,-2.94,1.47,2.66,38.28515625,98372,39.67,248.804443359,5.076,57 4c 01 67 00 00 03 5a 00 00 65 de 00 24 00 4c f7 d0 00 02 00 02 ff 7a ff d6 00 15 00 26 0d 49 00 01 80 44 00 00 0f 7f 43 78 cd f0 00 00 13 d4
425,20400,WL,flash_sample,48,26.098,1,97,1,0,0,0,0,1,1,0,859,26098,0.01708,0.037576,-1.021872,0.052085,-0.010417,-1.385461,-0.49,-0.91,1.12,38.3359375,98426,39.68,244.198959351,5.096,57 4c 01 61 00 00 03 5b 00 00 65 f2 00 23 00 4d f7 d2 00 05 ff ff ff 7b ff f9 ff f3 00 10 0d 56 00 01 80 7a 00 00 0f 80 43 74 32 ef 00 00 13 e8
426,20448,WL,flash_sample,48,26.118,1,111,1,1,1,1,0,1,1,0,860,26118,0.016592,0.037576,-1.023336,0.052085,0.010417,-1.385461,-2.03,0.14,2.87,38.34375,98366,39.39,249.31439209,5.096,57 4c 01 6f 00 00 03 5c 00 00 66 06 00 22 00 4d f7 cf 00 05 00 01 ff 7b ff e3 00 02 00 29 0d 58 00 01 80 3e 00 00 0f 63 43 79 50 7c 00 00 13 e8
427,20496,WL,flash_sample,48,26.138,1,110,0,1,1,1,0,1,1,0,861,26138,0.01708,0.037088,-1.02236,0.010417,0.0,-1.385461,-2.87,1.33,2.73,38.26953125,98363,39.41,249.57069397,5.092,57 4c 01 6e 00 00 03 5d 00 00 66 1a 00 23 00 4c f7 d1 00 01 00 00 ff 7b ff d7 00 13 00 27 0d 45 00 01 80 3b 00 00 0f 65 43 79 92 19 00 00 13 e4
428,20544,WL,flash_sample,48,26.158,1,110,0,1,1,1,0,1,1,0,862,26158,0.01708,0.037088,-1.02236,0.010417,0.0,-1.385461,-2.87,1.33,2.73,38.26953125,98363,39.41,249.57069397,5.092,57 4c 01 6e 00 00 03 5e 00 00 66 2e 00 23 00 4c f7 d1 00 01 00 00 ff 7b ff d7 00 13 00 27 0d 45 00 01 80 3b 00 00 0f 65 43 79 92 19 00 00 13 e4
429,20592,WL,flash_sample,48,26.178,1,110,0,1,1,1,0,1,1,0,863,26178,0.01708,0.037088,-1.02236,0.010417,0.0,-1.385461,-2.87,1.33,2.73,38.26953125,98363,39.41,249.57069397,5.092,57 4c 01 6e 00 00 03 5f 00 00 66 42 00 23 00 4c f7 d1 00 01 00 00 ff 7b ff d7 00 13 00 27 0d 45 00 01 80 3b 00 00 0f 65 43 79 92 19 00 00 13 e4
430,20640,WL,flash_sample,48,26.198,1,110,0,1,1,1,0,1,1,0,864,26198,0.01708,0.037088,-1.02236,0.010417,0.0,-1.385461,-2.87,1.33,2.73,38.26953125,98363,39.41,249.57069397,5.092,57 4c 01 6e 00 00 03 60 00 00 66 56 00 23 00 4c f7 d1 00 01 00 00 ff 7b ff d7 00 13 00 27 0d 45 00 01 80 3b 00 00 0f 65 43 79 92 19 00 00 13 e4
431,20688,WL,flash_sample,48,26.218,1,110,0,1,1,1,0,1,1,0,865,26218,0.01708,0.037088,-1.02236,0.010417,0.0,-1.385461,-2.87,1.33,2.73,38.26953125,98363,39.41,249.57069397,5.092,57 4c 01 6e 00 00 03 61 00 00 66 6a 00 23 00 4c f7 d1 00 01 00 00 ff 7b ff d7 00 13 00 27 0d 45 00 01 80 3b 00 00 0f 65 43 79 92 19 00 00 13 e4
432,20736,WL,flash_sample,48,26.238,1,110,0,1,1,1,0,1,1,0,866,26238,0.01708,0.037088,-1.02236,0.010417,0.0,-1.385461,-2.87,1.33,2.73,38.26953125,98363,39.41,249.57069397,5.092,57 4c 01 6e 00 00 03 62 00 00 66 7e 00 23 00 4c f7 d1 00 01 00 00 ff 7b ff d7 00 13 00 27 0d 45 00 01 80 3b 00 00 0f 65 43 79 92 19 00 00 13 e4
433,20784,WL,flash_sample,48,26.258,1,110,0,1,1,1,0,1,1,0,867,26258,0.01708,0.037088,-1.02236,0.010417,0.0,-1.385461,-2.87,1.33,2.73,38.26953125,98363,39.41,249.57069397,5.092,57 4c 01 6e 00 00 03 63 00 00 66 92 00 23 00 4c f7 d1 00 01 00 00 ff 7b ff d7 00 13 00 27 0d 45 00 01 80 3b 00 00 0f 65 43 79 92 19 00 00 13 e4
434,20832,WL,flash_sample,48,26.278,1,110,0,1,1,1,0,1,1,0,868,26278,0.016592,0.037576,-1.02236,0.052085,-0.010417,-1.385461,-0.28,0.14,-0.21,38.23046875,98363,39.41,249.57069397,5.092,57 4c 01 6e 00 00 03 64 00 00 66 a6 00 22 00 4d f7 d1 00 05 ff ff ff 7b ff fc 00 02 ff fd 0d 3b 00 01 80 3b 00 00 0f 65 43 79 92 19 00 00 13 e4
435,20880,WL,flash_sample,48,26.298,1,110,0,1,1,1,0,1,1,0,869,26298,0.016592,0.037576,-1.02236,0.052085,-0.010417,-1.385461,-0.28,0.14,-0.21,38.23046875,98363,39.41,249.57069397,5.092,57 4c 01 6e 00 00 03 65 00 00 66 ba 00 22 00 4d f7 d1 00 05 ff ff ff 7b ff fc 00 02 ff fd 0d 3b 00 01 80 3b 00 00 0f 65 43 79 92 19 00 00 13 e4
436,20928,WL,flash_sample,48,26.318,1,64,0,0,0,0,0,0,1,0,870,26318,0.017568,0.037088,-1.021872,0.052085,0.031251,-1.406295,-0.28,-0.49,0.42,38.3203125,98410,39.44,245.565002441,4.936,57 4c 01 40 00 00 03 66 00 00 66 ce 00 24 00 4c f7 d2 00 05 00 03 ff 79 ff fc ff f9 00 06 0d 52 00 01 80 6a 00 00 0f 68 43 75 90 a4 00 00 13 48
437,20976,WL,flash_sample,48,26.338,1,102,0,1,1,0,0,1,1,0,871,26338,0.01708,0.037088,-1.021872,0.041668,0.010417,-1.416712,-0.7,-0.28,0.84,38.3203125,98308,38.9,254.263381958,4.972,57 4c 01 66 00 00 03 67 00 00 66 e2 00 23 00 4c f7 d2 00 04 00 01 ff 78 ff f6 ff fc 00 0c 0d 52 00 01 80 04 00 00 0f 32 43 7e 43 6d 00 00 13 6c
438,21024,WL,flash_sample,48,26.358,1,110,0,1,1,1,0,1,1,0,872,26358,0.017568,0.037088,-1.022848,0.052085,0.010417,-1.385461,-1.54,-0.28,2.38,38.3203125,98351,39.0,250.595901489,4.972,57 4c 01 6e 00 00 03 68 00 00 66 f6 00 24 00 4c f7 d0 00 05 00 01 ff 7b ff ea ff fc 00 22 0d 52 00 01 80 2f 00 00 0f 3c 43 7a 98 8d 00 00 13 6c
439,21072,WL,flash_sample,48,26.378,1,110,0,1,1,1,0,1,1,0,873,26378,0.01708,0.0366,-1.023336,0.031251,0.031251,-1.385461,-2.52,0.56,3.22,38.27734375,98349,39.06,250.76499939,4.972,57 4c 01 6e 00 00 03 69 00 00 67 0a 00 23 00 4b f7 cf 00 03 00 03 ff 7b ff dc 00 08 00 2e 0d 47 00 01 80 2d 00 00 0f 42 43 7a c3 d7 00 00 13 6c
440,21120,WL,flash_sample,48,26.398,1,110,0,1,1,1,0,1,1,0,874,26398,0.01708,0.037576,-1.022848,0.020834,0.0,-1.385461,-2.94,1.47,2.66,38.328125,98352,39.12,250.50869751,4.972,57 4c 01 6e 00 00 03 6a 00 00 67 1e 00 23 00 4d f7 d0 00 02 00 00 ff 7b ff d6 00 15 00 26 0d 54 00 01 80 30 00 00 0f 48 43 7a 82 3a 00 00 13 6c
441,21168,WL,flash_sample,48,26.418,1,102,0,1,1,0,0,1,1,0,875,26418,0.01708,0.037088,-1.02236,0.010417,-0.010417,-1.416712,-2.94,1.4,2.66,38.3515625,98353,39.17,250.42414856,4.972,57 4c 01 66 00 00 03 6b 00 00 67 32 00 23 00 4c f7 d1 00 01 ff ff ff 78 ff d6 00 14 00 26 0d 5a 00 01 80 31 00 00 0f 4d 43 7a 6c 95 00 00 13 6c
442,21216,WL,flash_sample,48,26.438,1,102,0,1,1,0,0,1,1,0,876,26438,0.018056,0.037576,-1.022848,0.062502,0.031251,-1.416712,-2.94,1.4,2.66,38.3203125,98353,39.22,250.42414856,5.096,57 4c 01 66 00 00 03 6c 00 00 67 46 00 25 00 4d f7 d0 00 06 00 03 ff 78 ff d6 00 14 00 26 0d 52 00 01 80 31 00 00 0f 52 43 7a 6c 95 00 00 13 e8
443,21264,WL,flash_sample,48,26.458,1,110,0,1,1,1,0,1,1,0,877,26458,0.01708,0.037088,-1.023336,0.041668,0.031251,-1.385461,-2.17,1.68,0.7,38.328125,98313,39.22,253.835327148,5.096,57 4c 01 6e 00 00 03 6d 00 00 67 5a 00 23 00 4c f7 cf 00 04 00 03 ff 7b ff e1 00 18 00 0a 0d 54 00 01 80 09 00 00 0f 52 43 7d d5 d8 00 00 13 e8
444,21312,WL,flash_sample,48,26.478,1,110,0,1,1,1,0,1,1,0,878,26478,0.01708,0.037088,-1.023336,0.041668,0.020834,-1.416712,-1.54,0.91,0.77,38.3359375,98315,39.24,253.666213989,5.096,57 4c 01 6e 00 00 03 6e 00 00 67 6e 00 23 00 4c f7 cf 00 04 00 02 ff 78 ff ea 00 0d 00 0b 0d 56 00 01 80 0b 00 00 0f 54 43 7d aa 8d 00 00 13 e8
445,21360,WL,flash_sample,48,26.498,1,110,0,1,1,1,0,1,1,0,879,26498,0.01708,0.037576,-1.022848,0.031251,-0.010417,-1.395878,-1.26,0.63,0.77,38.34375,98314,39.27,253.750778198,5.096,57 4c 01 6e 00 00 03 6f 00 00 67 82 00 23 00 4d f7 d0 00 03 ff ff ff 7a ff ee 00 09 00 0b 0d 58 00 01 80 0a 00 00 0f 57 43 7d c0 33 00 00 13 e8
446,21408,WL,flash_sample,48,26.518,1,110,0,1,1,1,0,1,1,0,880,26518,0.017568,0.037088,-1.022848,0.020834,0.031251,-1.375044,-1.33,0.63,0.84,38.3359375,98315,39.3,253.666213989,5.096,57 4c 01 6e 00 00 03 70 00 00 67 96 00 24 00 4c f7 d0 00 02 00 03 ff 7c ff ed 00 09 00 0c 0d 56 00 01 80 0b 00 00 0f 5a 43 7d aa 8d 00 00 13 e8
447,21456,WL,flash_sample,48,26.538,1,102,0,1,1,0,0,1,1,0,881,26538,0.017568,0.037576,-1.02236,-0.010417,0.031251,-1.385461,-1.33,0.56,0.77,38.3203125,98314,39.33,253.750778198,4.948,57 4c 01 66 00 00 03 71 00 00 67 aa 00 24 00 4d f7 d1 ff ff 00 03 ff 7b ff ed 00 08 00 0b 0d 52 00 01 80 0a 00 00 0f 5d 43 7d c0 33 00 00 13 54
448,21504,WL,flash_sample,48,26.558,1,102,0,1,1,0,0,1,1,0,882,26558,0.01708,0.037088,-1.02236,0.052085,0.010417,-1.406295,-1.4,-0.35,2.24,38.30859375,98360,39.39,249.82699585,4.948,57 4c 01 66 00 00 03 72 00 00 67 be 00 23 00 4c f7 d1 00 05 00 01 ff 79 ff ec ff fb 00 20 0d 4f 00 01 80 38 00 00 0f 63 43 79 d3 b6 00 00 13 54
449,21552,WL,flash_sample,48,26.578,1,110,0,1,1,1,0,1,1,0,883,26578,0.018056,0.037576,-1.022848,0.020834,0.052085,-1.375044,-2.87,1.26,2.8,38.3515625,98360,39.43,249.82699585,4.948,57 4c 01 6e 00 00 03 73 00 00 67 d2 00 25 00 4d f7 d0 00 02 00 05 ff 7c ff d7 00 12 00 28 0d 5a 00 01 80 38 00 00 0f 67 43 79 d3 b6 00 00 13 54
450,21600,WL,flash_sample,48,26.598,1,110,0,1,1,1,0,1,1,0,884,26598,0.01708,0.037576,-1.023336,0.052085,0.031251,-1.35421,-2.94,1.47,2.66,38.3671875,98359,39.46,249.9115448,4.948,57 4c 01 6e 00 00 03 74 00 00 67 e6 00 23 00 4d f7 cf 00 05 00 03 ff 7e ff d6 00 15 00 26 0d 5e 00 01 80 37 00 00 0f 6a 43 79 e9 5b 00 00 13 54
451,21648,WL,flash_sample,48,26.618,1,110,0,1,1,1,0,1,1,0,885,26618,0.017568,0.037576,-1.023336,0.041668,0.031251,-1.375044,-2.94,1.4,2.66,38.3828125,98366,39.49,249.31439209,4.948,57 4c 01 6e 00 00 03 75 00 00 67 fa 00 24 00 4d f7 cf 00 04 00 03 ff 7c ff d6 00 14 00 26 0d 62 00 01 80 3e 00 00 0f 6d 43 79 50 7c 00 00 13 54
452,21696,WL,flash_sample,48,26.638,1,110,0,1,1,1,0,1,1,0,886,26638,0.017568,0.037088,-1.022848,0.062502,0.041668,-1.375044,-2.94,1.47,2.66,38.35546875,98362,39.51,249.65524292,5.088,57 4c 01 6e 00 00 03 76 00 00 68 0e 00 24 00 4c f7 d0 00 06 00 04 ff 7c ff d6 00 15 00 26 0d 5b 00 01 80 3a 00 00 0f 6f 43 79 a7 be 00 00 13 e0
453,21744,WL,flash_sample,48,26.658,1,102,0,1,1,0,0,1,1,0,887,26658,0.01708,0.037576,-1.02236,0.010417,0.010417,-1.364627,-3.01,1.4,2.66,38.34375,98365,39.53,249.401596069,5.088,57 4c 01 66 00 00 03 77 00 00 68 22 00 23 00 4d f7 d1 00 01 00 01 ff 7d ff d5 00 14 00 26 0d 58 00 01 80 3d 00 00 0f 71 43 79 66 cf 00 00 13 e0
454,21792,WL,flash_sample,48,26.678,1,102,0,1,1,0,0,1,1,0,888,26678,0.017568,0.038064,-1.022848,0.0,0.010417,-1.375044,-3.01,1.4,2.66,38.3828125,98363,39.56,249.57069397,5.088,57 4c 01 66 00 00 03 78 00 00 68 36 00 24 00 4e f7 d0 00 00 00 01 ff 7c ff d5 00 14 00 26 0d 62 00 01 80 3b 00 00 0f 74 43 79 92 19 00 00 13 e0
455,21840,WL,flash_sample,48,26.698,1,110,0,1,1,1,0,1,1,0,889,26698,0.016592,0.037576,-1.022848,0.010417,0.010417,-1.395878,-2.94,1.47,2.66,38.3671875,98365,39.58,249.401596069,5.088,57 4c 01 6e 00 00 03 79 00 00 68 4a 00 22 00 4d f7 d0 00 01 00 01 ff 7a ff d6 00 15 00 26 0d 5e 00 01 80 3d 00 00 0f 76 43 79 66 cf 00 00 13 e0
456,21888,WL,flash_sample,48,26.718,1,110,0,1,1,1,0,1,1,0,890,26718,0.01708,0.037576,-1.023336,0.052085,0.010417,-1.385461,-3.01,1.47,2.66,38.3671875,98366,39.6,249.31439209,5.088,57 4c 01 6e 00 00 03 7a 00 00 68 5e 00 23 00 4d f7 cf 00 05 00 01 ff 7b ff d5 00 15 00 26 0d 5e 00 01 80 3e 00 00 0f 78 43 79 50 7c 00 00 13 e0
457,21936,WL,flash_sample,48,26.738,1,110,0,1,1,1,0,1,1,0,891,26738,0.017568,0.0366,-1.023824,0.052085,-0.010417,-1.406295,-2.94,1.33,2.8,38.390625,98365,39.62,249.401596069,5.104,57 4c 01 6e 00 00 03 7b 00 00 68 72 00 24 00 4b f7 ce 00 05 ff ff ff 79 ff d6 00 13 00 28 0d 64 00 01 80 3d 00 00 0f 7a 43 79 66 cf 00 00 13 f0
458,21984,WL,flash_sample,48,26.758,1,102,0,1,1,0,0,1,1,0,892,26758,0.01708,0.037576,-1.022848,0.052085,0.0,-1.375044,-2.94,1.4,2.66,38.375,98366,39.63,249.31439209,5.104,57 4c 01 66 00 00 03 7c 00 00 68 86 00 23 00 4d f7 d0 00 05 00 00 ff 7c ff d6 00 14 00 26 0d 60 00 01 80 3e 00 00 0f 7b 43 79 50 7c 00 00 13 f0
459,22032,WL,flash_sample,48,26.778,1,102,0,1,1,0,0,1,1,0,893,26778,0.01708,0.037576,-1.023824,0.020834,0.031251,-1.375044,-2.94,1.4,2.66,38.37109375,98364,39.65,249.48614502,5.104,57 4c 01 66 00 00 03 7d 00 00 68 9a 00 23 00 4d f7 ce 00 02 00 03 ff 7c ff d6 00 14 00 26 0d 5f 00 01 80 3c 00 00 0f 7d 43 79 7c 74 00 00 13 f0
460,22080,WL,flash_sample,48,26.798,1,102,0,1,1,0,0,1,1,0,894,26798,0.017568,0.037576,-1.022848,0.052085,0.031251,-1.406295,-2.87,1.47,2.66,38.3984375,98366,39.66,249.31439209,5.104,57 4c 01 66 00 00 03 7e 00 00 68 ae 00 24 00 4d f7 d0 00 05 00 03 ff 79 ff d7 00 15 00 26 0d 66 00 01 80 3e 00 00 0f 7e 43 79 50 7c 00 00 13 f0
461,22128,WL,flash_sample,48,26.818,1,110,0,1,1,1,0,1,1,0,895,26818,0.01708,0.037576,-1.023336,0.020834,0.0,-1.395878,-2.87,1.4,2.73,38.40625,98368,39.68,249.145294189,5.104,57 4c 01 6e 00 00 03 7f 00 00 68 c2 00 23 00 4d f7 cf 00 02 00 00 ff 7a ff d7 00 14 00 27 0d 68 00 01 80 40 00 00 0f 80 43 79 25 32 00 00 13 f0
462,22176,WL,flash_sample,48,26.838,1,110,0,1,1,1,0,1,1,0,896,26838,0.01708,0.037088,-1.023824,0.031251,0.010417,-1.416712,-2.94,1.47,2.66,38.38671875,98368,39.69,249.145294189,5.092,57 4c 01 6e 00 00 03 80 00 00 68 d6 00 23 00 4c f7 ce 00 03 00 01 ff 78 ff d6 00 15 00 26 0d 63 00 01 80 40 00 00 0f 81 43 79 25 32 00 00 13 e4
463,22224,WL,flash_sample,48,26.858,1,110,0,1,1,1,0,1,1,0,897,26858,0.017568,0.037088,-1.023336,0.041668,0.020834,-1.395878,-2.94,1.4,2.66,38.40234375,98368,39.7,249.145294189,5.092,57 4c 01 6e 00 00 03 81 00 00 68 ea 00 24 00 4c f7 cf 00 04 00 02 ff 7a ff d6 00 14 00 26 0d 67 00 01 80 40 00 00 0f 82 43 79 25 32 00 00 13 e4
464,22272,WL,flash_sample,48,26.878,1,102,0,1,1,0,0,1,1,0,898,26878,0.016592,0.037088,-1.023336,0.031251,0.010417,-1.385461,-2.94,1.47,2.66,38.375,98366,39.72,249.31439209,5.092,57 4c 01 66 00 00 03 82 00 00 68 fe 00 22 00 4c f7 cf 00 03 00 01 ff 7b ff d6 00 15 00 26 0d 60 00 01 80 3e 00 00 0f 84 43 79 50 7c 00 00 13 e4
465,22320,WL,flash_sample,48,26.898,1,102,0,1,1,0,0,1,1,0,899,26898,0.018056,0.037088,-1.021872,0.052085,0.010417,-1.375044,-2.94,1.47,2.66,38.39453125,98369,39.73,249.060745239,5.092,57 4c 01 66 00 00 03 83 00 00 69 12 00 25 00 4c f7 d2 00 05 00 01 ff 7c ff d6 00 15 00 26 0d 65 00 01 80 41 00 00 0f 85 43 79 0f 8d 00 00 13 e4
466,22368,WL,flash_sample,48,26.918,1,102,0,1,1,0,0,1,1,0,900,26918,0.01708,0.037576,-1.023824,0.041668,-0.010417,-1.385461,-2.94,1.47,2.73,38.41796875,98364,39.74,249.48614502,5.092,57 4c 01 66 00 00 03 84 00 00 69 26 00 23 00 4d f7 ce 00 04 ff ff ff 7b ff d6 00 15 00 27 0d 6b 00 01 80 3c 00 00 0f 86 43 79 7c 74 00 00 13 e4
467,22416,WL,flash_sample,48,26.938,1,110,0,1,1,1,0,1,1,0,901,26938,0.017568,0.037576,-1.023336,0.020834,-0.010417,-1.395878,-3.01,1.4,2.66,38.40234375,98371,39.75,248.88899231,5.1,57 4c 01 6e 00 00 03 85 00 00 69 3a 00 24 00 4d f7 cf 00 02 ff ff ff 7a ff d5 00 14 00 26 0d 67 00 01 80 43 00 00 0f 87 43 78 e3 95 00 00 13 ec
468,22464,WL,flash_sample,48,26.958,1,110,0,1,1,1,0,1,1,0,902,26958,0.01708,0.036112,-1.023336,0.020834,-0.010417,-1.395878,-2.94,1.47,2.66,38.41015625,98370,39.76,248.97354126,5.1,57 4c 01 6e 00 00 03 86 00 00 69 4e 00 23 00 4a f7 cf 00 02 ff ff ff 7a ff d6 00 15 00 26 0d 69 00 01 80 42 00 00 0f 88 43 78 f9 3a 00 00 13 ec
469,22512,WL,flash_sample,48,26.978,1,110,0,1,1,1,0,1,1,0,903,26978,0.017568,0.037576,-1.02236,0.041668,-0.010417,-1.416712,-2.94,1.47,2.66,38.40234375,98368,39.77,249.145294189,5.1,57 4c 01 6e 00 00 03 87 00 00 69 62 00 24 00 4d f7 d1 00 04 ff ff ff 78 ff d6 00 15 00 26 0d 67 00 01 80 40 00 00 0f 89 43 79 25 32 00 00 13 ec
470,22560,WL,flash_sample,48,26.998,1,102,0,1,1,0,0,1,1,0,904,26998,0.017568,0.038064,-1.022848,0.072919,0.031251,-1.364627,-3.01,1.47,2.66,38.41015625,98369,39.78,249.060745239,5.1,57 4c 01 66 00 00 03 88 00 00 69 76 00 24 00 4e f7 d0 00 07 00 03 ff 7d ff d5 00 15 00 26 0d 69 00 01 80 41 00 00 0f 8a 43 79 0f 8d 00 00 13 ec
471,22608,WL,flash_sample,48,27.018,1,110,0,1,1,1,0,1,1,0,905,27018,0.01708,0.0366,-1.022848,0.041668,-0.010417,-1.385461,-2.94,1.4,2.73,38.39453125,98369,39.78,249.060745239,5.1,57 4c 01 6e 00 00 03 89 00 00 69 8a 00 23 00 4b f7 d0 00 04 ff ff ff 7b ff d6 00 14 00 27 0d 65 00 01 80 41 00 00 0f 8a 43 79 0f 8d 00 00 13 ec
472,22656,WL,flash_sample,48,27.038,1,110,0,1,1,1,0,1,1,0,906,27038,0.01708,0.0366,-1.022848,0.041668,-0.010417,-1.385461,-2.94,1.4,2.73,38.39453125,98369,39.78,249.060745239,5.1,57 4c 01 6e 00 00 03 8a 00 00 69 9e 00 23 00 4b f7 d0 00 04 ff ff ff 7b ff d6 00 14 00 27 0d 65 00 01 80 41 00 00 0f 8a 43 79 0f 8d 00 00 13 ec
473,22704,WL,flash_sample,48,27.058,1,110,0,1,1,1,0,1,1,0,907,27058,0.01708,0.0366,-1.022848,0.041668,-0.010417,-1.385461,-2.94,1.4,2.73,38.39453125,98369,39.78,249.060745239,5.1,57 4c 01 6e 00 00 03 8b 00 00 69 b2 00 23 00 4b f7 d0 00 04 ff ff ff 7b ff d6 00 14 00 27 0d 65 00 01 80 41 00 00 0f 8a 43 79 0f 8d 00 00 13 ec
474,22752,WL,flash_sample,48,27.078,1,110,0,1,1,1,0,1,1,0,908,27078,0.01708,0.0366,-1.022848,0.041668,-0.010417,-1.385461,-2.94,1.4,2.73,38.39453125,98369,39.78,249.060745239,5.1,57 4c 01 6e 00 00 03 8c 00 00 69 c6 00 23 00 4b f7 d0 00 04 ff ff ff 7b ff d6 00 14 00 27 0d 65 00 01 80 41 00 00 0f 8a 43 79 0f 8d 00 00 13 ec
475,22800,WL,flash_sample,48,27.098,1,96,0,0,0,0,0,1,1,0,909,27098,0.017568,0.037088,-1.021872,0.052085,0.010417,-1.375044,-0.42,-0.84,0.98,38.44140625,98376,39.78,248.463577271,5.1,57 4c 01 60 00 00 03 8d 00 00 69 da 00 24 00 4c f7 d2 00 05 00 01 ff 7c ff fa ff f4 00 0e 0d 71 00 01 80 48 00 00 0f 8a 43 78 76 ad 00 00 13 ec
476,22848,WL,flash_sample,48,27.118,1,102,0,1,1,0,0,1,1,0,910,27118,0.018056,0.037576,-1.022848,0.041668,0.041668,-1.375044,-1.96,0.0,2.8,38.40234375,98360,39.46,249.82699585,5.1,57 4c 01 66 00 00 03 8e 00 00 69 ee 00 25 00 4d f7 d0 00 04 00 04 ff 7c ff e4 00 00 00 28 0d 67 00 01 80 38 00 00 0f 6a 43 79 d3 b6 00 00 13 ec
477,22896,WL,flash_sample,48,27.138,1,103,1,1,1,0,0,1,1,0,911,27138,0.01708,0.037088,-1.023336,0.041668,-0.010417,-1.406295,-2.87,1.33,2.87,38.43359375,98364,39.5,249.48614502,5.096,57 4c 01 67 00 00 03 8f 00 00 6a 02 00 23 00 4c f7 cf 00 04 ff ff ff 79 ff d7 00 13 00 29 0d 6f 00 01 80 3c 00 00 0f 6e 43 79 7c 74 00 00 13 e8
478,22944,WL,flash_sample,48,27.158,1,103,1,1,1,0,0,1,1,0,912,27158,0.01708,0.037088,-1.023336,0.041668,-0.010417,-1.406295,-2.87,1.33,2.87,38.43359375,98364,39.5,249.48614502,5.096,57 4c 01 67 00 00 03 90 00 00 6a 16 00 23 00 4c f7 cf 00 04 ff ff ff 79 ff d7 00 13 00 29 0d 6f 00 01 80 3c 00 00 0f 6e 43 79 7c 74 00 00 13 e8
479,22992,WL,flash_sample,48,27.178,1,103,1,1,1,0,0,1,1,0,913,27178,0.01708,0.037088,-1.023336,0.041668,-0.010417,-1.406295,-2.87,1.33,2.87,38.43359375,98364,39.5,249.48614502,5.096,57 4c 01 67 00 00 03 91 00 00 6a 2a 00 23 00 4c f7 cf 00 04 ff ff ff 79 ff d7 00 13 00 29 0d 6f 00 01 80 3c 00 00 0f 6e 43 79 7c 74 00 00 13 e8
480,23040,WL,flash_sample,48,27.198,1,103,1,1,1,0,0,1,1,0,914,27198,0.01708,0.037088,-1.023336,0.041668,-0.010417,-1.406295,-2.87,1.33,2.87,38.43359375,98364,39.5,249.48614502,5.096,57 4c 01 67 00 00 03 92 00 00 6a 3e 00 23 00 4c f7 cf 00 04 ff ff ff 79 ff d7 00 13 00 29 0d 6f 00 01 80 3c 00 00 0f 6e 43 79 7c 74 00 00 13 e8
481,23088,WL,flash_sample,48,27.218,1,103,1,1,1,0,0,1,1,0,915,27218,0.01708,0.037088,-1.023336,0.041668,-0.010417,-1.406295,-2.87,1.33,2.87,38.43359375,98364,39.5,249.48614502,5.096,57 4c 01 67 00 00 03 93 00 00 6a 52 00 23 00 4c f7 cf 00 04 ff ff ff 79 ff d7 00 13 00 29 0d 6f 00 01 80 3c 00 00 0f 6e 43 79 7c 74 00 00 13 e8
482,23136,WL,flash_sample,48,27.238,1,103,1,1,1,0,0,1,1,0,916,27238,0.01708,0.037088,-1.023336,0.041668,-0.010417,-1.406295,-2.87,1.33,2.87,38.43359375,98364,39.5,249.48614502,5.096,57 4c 01 67 00 00 03 94 00 00 6a 66 00 23 00 4c f7 cf 00 04 ff ff ff 79 ff d7 00 13 00 29 0d 6f 00 01 80 3c 00 00 0f 6e 43 79 7c 74 00 00 13 e8
483,23184,WL,flash_sample,48,27.258,1,103,1,1,1,0,0,1,1,0,917,27258,0.01708,0.037088,-1.023336,0.041668,-0.010417,-1.406295,-2.87,1.33,2.87,38.43359375,98364,39.5,249.48614502,5.096,57 4c 01 67 00 00 03 95 00 00 6a 7a 00 23 00 4c f7 cf 00 04 ff ff ff 79 ff d7 00 13 00 29 0d 6f 00 01 80 3c 00 00 0f 6e 43 79 7c 74 00 00 13 e8
484,23232,WL,flash_sample,48,27.278,1,111,1,1,1,1,0,1,1,0,918,27278,0.017568,0.037576,-1.022848,0.010417,0.010417,-1.406295,-0.14,0.07,-0.21,38.453125,98366,39.53,249.31439209,5.096,57 4c 01 6f 00 00 03 96 00 00 6a 8e 00 24 00 4d f7 d0 00 01 00 01 ff 79 ff fe 00 01 ff fd 0d 74 00 01 80 3e 00 00 0f 71 43 79 50 7c 00 00 13 e8
485,23280,WL,flash_sample,48,27.298,1,111,1,1,1,1,0,1,1,0,919,27298,0.017568,0.037576,-1.022848,0.010417,0.010417,-1.406295,-0.14,0.07,-0.21,38.453125,98366,39.53,249.31439209,5.096,57 4c 01 6f 00 00 03 97 00 00 6a a2 00 24 00 4d f7 d0 00 01 00 01 ff 79 ff fe 00 01 ff fd 0d 74 00 01 80 3e 00 00 0f 71 43 79 50 7c 00 00 13 e8
486,23328,WL,flash_sample,48,27.318,1,65,1,0,0,0,0,0,1,0,920,27318,0.016592,0.037088,-1.021872,0.031251,0.020834,-1.406295,-0.28,-0.35,0.35,38.375,98366,39.53,249.31439209,4.964,57 4c 01 41 00 00 03 98 00 00 6a b6 00 22 00 4c f7 d2 00 03 00 02 ff 79 ff fc ff fb 00 05 0d 60 00 01 80 3e 00 00 0f 71 43 79 50 7c 00 00 13 64
487,23376,WL,flash_sample,48,27.338,1,111,1,1,1,1,0,1,1,0,921,27338,0.01708,0.037088,-1.022848,0.031251,0.031251,-1.395878,-0.98,0.07,0.77,38.43359375,98326,39.09,252.728210449,4.956,57 4c 01 6f 00 00 03 99 00 00 6a ca 00 23 00 4c f7 d0 00 03 00 03 ff 7a ff f2 00 01 00 0b 0d 6f 00 01 80 16 00 00 0f 45 43 7c ba 6c 00 00 13 5c
488,23424,WL,flash_sample,48,27.358,1,103,1,1,1,0,0,1,1,0,922,27358,0.01708,0.037576,-1.02236,0.020834,0.0,-1.385461,-1.47,-0.35,2.31,38.41015625,98343,39.05,251.277603149,4.956,57 4c 01 67 00 00 03 9a 00 00 6a de 00 23 00 4d f7 d1 00 02 00 00 ff 7b ff eb ff fb 00 21 0d 69 00 01 80 27 00 00 0f 41 43 7b 47 11 00 00 13 5c
489,23472,WL,flash_sample,48,27.378,1,103,1,1,1,0,0,1,1,0,923,27378,0.017568,0.037088,-1.022848,0.052085,0.010417,-1.385461,-2.38,0.49,3.22,38.453125,98351,39.15,250.595901489,4.956,57 4c 01 67 00 00 03 9b 00 00 6a f2 00 24 00 4c f7 d0 00 05 00 01 ff 7b ff de 00 07 00 2e 0d 74 00 01 80 2f 00 00 0f 4b 43 7a 98 8d 00 00 13 5c
490,23520,WL,flash_sample,48,27.398,1,111,1,1,1,1,0,1,1,0,924,27398,0.017568,0.037088,-1.023336,0.062502,0.020834,-1.406295,-2.87,1.4,2.66,38.46875,98351,39.2,250.595901489,4.956,57 4c 01 6f 00 00 03 9c 00 00 6b 06 00 24 00 4c f7 cf 00 06 00 02 ff 79 ff d7 00 14 00 26 0d 78 00 01 80 2f 00 00 0f 50 43 7a 98 8d 00 00 13 5c
491,23568,WL,flash_sample,48,27.418,1,111,1,1,1,1,0,1,1,0,925,27418,0.017568,0.037088,-1.02236,0.052085,0.010417,-1.385461,-2.87,1.47,2.66,38.4765625,98350,39.26,250.680450439,4.956,57 4c 01 6f 00 00 03 9d 00 00 6b 1a 00 24 00 4c f7 d1 00 05 00 01 ff 7b ff d7 00 15 00 26 0d 7a 00 01 80 2e 00 00 0f 56 43 7a ae 32 00 00 13 5c
492,23616,WL,flash_sample,48,27.438,1,111,1,1,1,1,0,1,1,0,926,27438,0.01708,0.0366,-1.02236,0.010417,0.0,-1.385461,-2.87,1.4,2.73,38.453125,98354,39.3,250.339599609,5.084,57 4c 01 6f 00 00 03 9e 00 00 6b 2e 00 23 00 4b f7 d1 00 01 00 00 ff 7b ff d7 00 14 00 27 0d 74 00 01 80 32 00 00 0f 5a 43 7a 56 f0 00 00 13 dc
493,23664,WL,flash_sample,48,27.458,1,111,1,1,1,1,0,1,1,0,927,27458,0.017568,0.037576,-1.023336,-0.020834,0.020834,-1.395878,-2.24,1.82,0.7,38.43359375,98320,39.35,253.238174438,5.084,57 4c 01 6f 00 00 03 9f 00 00 6b 42 00 24 00 4d f7 cf ff fe 00 02 ff 7a ff e0 00 1a 00 0a 0d 6f 00 01 80 10 00 00 0f 5f 43 7d 3c f9 00 00 13 dc
494,23712,WL,flash_sample,48,27.478,1,103,1,1,1,0,0,1,1,0,928,27478,0.017568,0.037088,-1.023336,0.052085,0.0,-1.375044,-1.54,0.91,0.77,38.4609375,98314,39.34,253.750778198,5.084,57 4c 01 67 00 00 03 a0 00 00 6b 56 00 24 00 4c f7 cf 00 05 00 00 ff 7c ff ea 00 0d 00 0b 0d 76 00 01 80 0a 00 00 0f 5e 43 7d c0 33 00 00 13 dc
495,23760,WL,flash_sample,48,27.498,1,103,1,1,1,0,0,1,1,0,929,27498,0.01708,0.037088,-1.02236,0.072919,0.0,-1.395878,-1.4,0.63,0.84,38.4609375,98308,39.37,254.263381958,5.084,57 4c 01 67 00 00 03 a1 00 00 6b 6a 00 23 00 4c f7 d1 00 07 00 00 ff 7a ff ec 00 09 00 0c 0d 76 00 01 80 04 00 00 0f 61 43 7e 43 6d 00 00 13 dc
496,23808,WL,flash_sample,48,27.518,1,111,1,1,1,1,0,1,1,0,930,27518,0.017568,0.0366,-1.022848,0.052085,0.0,-1.406295,-1.26,0.56,0.77,38.48046875,98320,39.4,253.238174438,5.084,57 4c 01 6f 00 00 03 a2 00 00 6b 7e 00 24 00 4b f7 d0 00 05 00 00 ff 79 ff ee 00 08 00 0b 0d 7b 00 01 80 10 00 00 0f 64 43 7d 3c f9 00 00 13 dc
497,23856,WL,flash_sample,48,27.538,1,111,1,1,1,1,0,1,1,0,931,27538,0.01708,0.037088,-1.02236,-0.010417,0.010417,-1.364627,-1.26,0.49,0.77,38.4609375,98312,39.42,253.922515869,4.928,57 4c 01 6f 00 00 03 a3 00 00 6b 92 00 23 00 4c f7 d1 ff ff 00 01 ff 7d ff ee 00 07 00 0b 0d 76 00 01 80 08 00 00 0f 66 43 7d ec 2a 00 00 13 40
498,23904,WL,flash_sample,48,27.558,1,111,1,1,1,1,0,1,1,0,932,27558,0.018056,0.037088,-1.022848,0.052085,0.0,-1.395878,-1.4,-0.35,2.24,38.484375,98348,39.45,250.849563599,4.928,57 4c 01 6f 00 00 03 a4 00 00 6b a6 00 25 00 4c f7 d0 00 05 00 00 ff 7a ff ec ff fb 00 20 0d 7c 00 01 80 2c 00 00 0f 69 43 7a d9 7d 00 00 13 40
499,23952,WL,flash_sample,48,27.578,1,103,1,1,1,0,0,1,1,0,933,27578,0.01708,0.037576,-1.022848,0.010417,0.031251,-1.385461,-2.87,1.12,2.87,38.46875,98363,39.53,249.57069397,4.928,57 4c 01 67 00 00 03 a5 00 00 6b ba 00 23 00 4d f7 d0 00 01 00 03 ff 7b ff d7 00 10 00 29 0d 78 00 01 80 3b 00 00 0f 71 43 79 92 19 00 00 13 40
500,24000,WL,flash_sample,48,27.598,1,103,1,1,1,0,0,1,1,0,934,27598,0.01708,0.037088,-1.024312,0.041668,-0.031251,-1.385461,-2.87,1.47,2.66,38.46875,98359,39.56,249.9115448,4.928,57 4c 01 67 00 00 03 a6 00 00 6b ce 00 23 00 4c f7 cd 00 04 ff fd ff 7b ff d7 00 15 00 26 0d 78 00 01 80 37 00 00 0f 74 43 79 e9 5b 00 00 13 40
501,24048,WL,flash_sample,48,27.618,1,103,1,1,1,0,0,1,1,0,935,27618,0.017568,0.037088,-1.023824,0.062502,0.020834,-1.385461,-2.94,1.33,2.66,38.4765625,98363,39.59,249.57069397,4.928,57 4c 01 67 00 00 03 a7 00 00 6b e2 00 24 00 4c f7 ce 00 06 00 02 ff 7b ff d6 00 13 00 26 0d 7a 00 01 80 3b 00 00 0f 77 43 79 92 19 00 00 13 40
502,24096,WL,flash_sample,48,27.638,1,111,1,1,1,1,0,1,1,0,936,27638,0.017568,0.0366,-1.023336,0.020834,-0.020834,-1.385461,-2.94,1.47,2.73,38.50390625,98364,39.61,249.48614502,5.092,57 4c 01 6f 00 00 03 a8 00 00 6b f6 00 24 00 4b f7 cf 00 02 ff fe ff 7b ff d6 00 15 00 27 0d 81 00 01 80 3c 00 00 0f 79 43 79 7c 74 00 00 13 e4
503,24144,WL,flash_sample,48,27.658,1,111,1,1,1,1,0,1,1,0,937,27658,0.017568,0.037088,-1.022848,0.031251,0.010417,-1.375044,-2.94,1.47,2.66,38.4765625,98361,39.64,249.742446899,5.092,57 4c 01 6f 00 00 03 a9 00 00 6c 0a 00 24 00 4c f7 d0 00 03 00 01 ff 7c ff d6 00 15 00 26 0d 7a 00 01 80 39 00 00 0f 7c 43 79 be 11 00 00 13 e4
504,24192,WL,flash_sample,48,27.678,1,111,1,1,1,1,0,1,1,0,938,27678,0.017568,0.037576,-1.022848,0.031251,0.052085,-1.385461,-2.94,1.47,2.73,38.53125,98363,39.66,249.57069397,5.092,57 4c 01 6f 00 00 03 aa 00 00 6c 1e 00 24 00 4d f7 d0 00 03 00 05 ff 7b ff d6 00 15 00 27 0d 88 00 01 80 3b 00 00 0f 7e 43 79 92 19 00 00 13 e4
505,24240,WL,flash_sample,48,27.698,1,103,1,1,1,0,0,1,1,0,939,27698,0.017568,0.0366,-1.023336,0.031251,0.020834,-1.385461,-2.94,1.4,2.66,38.50390625,98366,39.68,249.31439209,5.092,57 4c 01 67 00 00 03 ab 00 00 6c 32 00 24 00 4b f7 cf 00 03 00 02 ff 7b ff d6 00 14 00 26 0d 81 00 01 80 3e 00 00 0f 80 43 79 50 7c 00 00 13 e4
506,24288,WL,flash_sample,48,27.718,1,103,1,1,1,0,0,1,1,0,940,27718,0.016592,0.037088,-1.023336,0.020834,0.020834,-1.427129,-2.87,1.47,2.66,38.515625,98364,39.7,249.48614502,5.092,57 4c 01 67 00 00 03 ac 00 00 6c 46 00 22 00 4c f7 cf 00 02 00 02 ff 77 ff d7 00 15 00 26 0d 84 00 01 80 3c 00 00 0f 82 43 79 7c 74 00 00 13 e4
507,24336,WL,flash_sample,48,27.738,1,103,1,1,1,0,0,1,1,0,941,27738,0.01708,0.037576,-1.023336,0.052085,0.0,-1.395878,-2.94,1.4,2.73,38.55078125,98366,39.72,249.31439209,5.096,57 4c 01 67 00 00 03 ad 00 00 6c 5a 00 23 00 4d f7 cf 00 05 00 00 ff 7a ff d6 00 14 00 27 0d 8d 00 01 80 3e 00 00 0f 84 43 79 50 7c 00 00 13 e8
508,24384,WL,flash_sample,48,27.758,1,111,1,1,1,1,0,1,1,0,942,27758,0.017568,0.037088,-1.0248,0.041668,0.010417,-1.364627,-2.94,1.4,2.59,38.4921875,98366,39.74,249.31439209,5.096,57 4c 01 6f 00 00 03 ae 00 00 6c 6e 00 24 00 4c f7 cc 00 04 00 01 ff 7d ff d6 00 14 00 25 0d 7e 00 01 80 3e 00 00 0f 86 43 79 50 7c 00 00 13 e8
509,24432,WL,flash_sample,48,27.778,1,111,1,1,1,1,0,1,1,0,943,27778,0.017568,0.037088,-1.023824,0.020834,0.020834,-1.364627,-3.01,1.4,2.73,38.50390625,98367,39.76,249.22984314,5.096,57 4c 01 6f 00 00 03 af 00 00 6c 82 00 24 00 4c f7 ce 00 02 00 02 ff 7d ff d5 00 14 00 27 0d 81 00 01 80 3f 00 00 0f 88 43 79 3a d7 00 00 13 e8
510,24480,WL,flash_sample,48,27.798,1,111,1,1,1,1,0,1,1,0,944,27798,0.017568,0.037088,-1.02236,0.052085,0.020834,-1.385461,-2.94,1.47,2.73,38.53515625,98368,39.77,249.145294189,5.096,57 4c 01 6f 00 00 03 b0 00 00 6c 96 00 24 00 4c f7 d1 00 05 00 02 ff 7b ff d6 00 15 00 27 0d 89 00 01 80 40 00 00 0f 89 43 79 25 32 00 00 13 e8
511,24528,WL,flash_sample,48,27.818,1,103,1,1,1,0,0,1,1,0,945,27818,0.016592,0.0366,-1.022848,0.052085,0.020834,-1.375044,-2.94,1.47,2.66,38.5078125,98368,39.79,249.145294189,5.096,57 4c 01 67 00 00 03 b1 00 00 6c aa 00 22 00 4b f7 d0 00 05 00 02 ff 7c ff d6 00 15 00 26 0d 82 00 01 80 40 00 00 0f 8b 43 79 25 32 00 00 13 e8
512,24576,WL,flash_sample,48,27.838,1,103,1,1,1,0,0,1,1,0,946,27838,0.01708,0.037088,-1.023824,0.020834,-0.020834,-1.406295,-2.94,1.47,2.73,38.57421875,98369,39.8,249.060745239,5.084,57 4c 01 67 00 00 03 b2 00 00 6c be 00 23 00 4c f7 ce 00 02 ff fe ff 79 ff d6 00 15 00 27 0d 93 00 01 80 41 00 00 0f 8c 43 79 0f 8d 00 00 13 dc
513,24624,WL,flash_sample,48,27.858,1,103,1,1,1,0,0,1,1,0,947,27858,0.016592,0.037088,-1.023824,0.020834,0.031251,-1.385461,-2.94,1.4,2.66,38.5078125,98367,39.81,249.22984314,5.084,57 4c 01 67 00 00 03 b3 00 00 6c d2 00 22 00 4c f7 ce 00 02 00 03 ff 7b ff d6 00 14 00 26 0d 82 00 01 80 3f 00 00 0f 8d 43 79 3a d7 00 00 13 dc
514,24672,WL,flash_sample,48,27.878,1,111,1,1,1,1,0,1,1,0,948,27878,0.017568,0.037088,-1.023336,0.041668,0.0,-1.406295,-3.01,1.54,2.66,38.55078125,98367,39.83,249.22984314,5.084,57 4c 01 6f 00 00 03 b4 00 00 6c e6 00 24 00 4c f7 cf 00 04 00 00 ff 79 ff d5 00 16 00 26 0d 8d 00 01 80 3f 00 00 0f 8f 43 79 3a d7 00 00 13 dc
515,24720,WL,flash_sample,48,27.898,1,111,1,1,1,1,0,1,1,0,949,27898,0.017568,0.037088,-1.023824,0.010417,0.0,-1.375044,-2.94,1.47,2.73,38.57421875,98369,39.84,249.060745239,5.084,57 4c 01 6f 00 00 03 b5 00 00 6c fa 00 24 00 4c f7 ce 00 01 00 00 ff 7c ff d6 00 15 00 27 0d 93 00 01 80 41 00 00 0f 90 43 79 0f 8d 00 00 13 dc
516,24768,WL,flash_sample,48,27.918,1,111,1,1,1,1,0,1,1,0,950,27918,0.017568,0.037576,-1.022848,0.041668,-0.020834,-1.375044,-3.01,1.47,2.8,38.5078125,98367,39.85,249.22984314,5.084,57 4c 01 6f 00 00 03 b6 00 00 6d 0e 00 24 00 4d f7 d0 00 04 ff fe ff 7c ff d5 00 15 00 28 0d 82 00 01 80 3f 00 00 0f 91 43 79 3a d7 00 00 13 dc
517,24816,WL,flash_sample,48,27.938,1,103,1,1,1,0,0,1,1,0,951,27938,0.017568,0.037088,-1.024312,0.031251,0.0,-1.406295,-2.94,1.4,2.73,38.55078125,98369,39.85,249.060745239,5.096,57 4c 01 67 00 00 03 b7 00 00 6d 22 00 24 00 4c f7 cd 00 03 00 00 ff 79 ff d6 00 14 00 27 0d 8d 00 01 80 41 00 00 0f 91 43 79 0f 8d 00 00 13 e8
518,24864,WL,flash_sample,48,27.958,1,103,1,1,1,0,0,1,1,0,952,27958,0.01708,0.037088,-1.023824,0.052085,-0.031251,-1.395878,-3.01,1.4,2.66,38.55859375,98369,39.86,249.060745239,5.096,57 4c 01 67 00 00 03 b8 00 00 6d 36 00 23 00 4c f7 ce 00 05 ff fd ff 7a ff d5 00 14 00 26 0d 8f 00 01 80 41 00 00 0f 92 43 79 0f 8d 00 00 13 e8
519,24912,WL,flash_sample,48,27.978,1,111,1,1,1,1,0,1,1,0,953,27978,0.01708,0.037576,-1.022848,0.031251,0.031251,-1.406295,-3.01,1.47,2.73,38.55859375,98370,39.88,248.97354126,5.096,57 4c 01 6f 00 00 03 b9 00 00 6d 4a 00 23 00 4d f7 d0 00 03 00 03 ff 79 ff d5 00 15 00 27 0d 8f 00 01 80 42 00 00 0f 94 43 78 f9 3a 00 00 13 e8
520,24960,WL,flash_sample,48,27.998,1,111,1,1,1,1,0,1,1,0,954,27998,0.017568,0.038064,-1.022848,0.041668,0.0,-1.395878,-2.87,1.47,2.66,38.55078125,98371,39.88,248.88899231,5.096,57 4c 01 6f 00 00 03 ba 00 00 6d 5e 00 24 00 4e f7 d0 00 04 00 00 ff 7a ff d7 00 15 00 26 0d 8d 00 01 80 43 00 00 0f 94 43 78 e3 95 00 00 13 e8
521,25008,WL,flash_sample,48,28.018,1,103,1,1,1,0,0,1,1,0,955,28018,0.01708,0.037576,-1.023336,0.052085,0.010417,-1.395878,-2.94,1.47,2.66,38.55078125,98368,39.89,249.145294189,5.096,57 4c 01 67 00 00 03 bb 00 00 6d 72 00 23 00 4d f7 cf 00 05 00 01 ff 7a ff d6 00 15 00 26 0d 8d 00 01 80 40 00 00 0f 95 43 79 25 32 00 00 13 e8
522,25056,WL,flash_sample,48,28.038,1,103,1,1,1,0,0,1,1,0,956,28038,0.01708,0.037576,-1.023336,0.052085,0.010417,-1.395878,-2.94,1.47,2.66,38.55078125,98368,39.89,249.145294189,5.096,57 4c 01 67 00 00 03 bc 00 00 6d 86 00 23 00 4d f7 cf 00 05 00 01 ff 7a ff d6 00 15 00 26 0d 8d 00 01 80 40 00 00 0f 95 43 79 25 32 00 00 13 e8
523,25104,WL,flash_sample,48,28.058,1,103,1,1,1,0,0,1,1,0,957,28058,0.01708,0.037576,-1.023336,0.052085,0.010417,-1.395878,-2.94,1.47,2.66,38.55078125,98368,39.89,249.145294189,5.096,57 4c 01 67 00 00 03 bd 00 00 6d 9a 00 23 00 4d f7 cf 00 05 00 01 ff 7a ff d6 00 15 00 26 0d 8d 00 01 80 40 00 00 0f 95 43 79 25 32 00 00 13 e8
524,25152,WL,flash_sample,48,28.078,1,103,1,1,1,0,0,1,1,0,958,28078,0.01708,0.037576,-1.023336,0.052085,0.010417,-1.395878,-2.94,1.47,2.66,38.55078125,98368,39.89,249.145294189,5.096,57 4c 01 67 00 00 03 be 00 00 6d ae 00 23 00 4d f7 cf 00 05 00 01 ff 7a ff d6 00 15 00 26 0d 8d 00 01 80 40 00 00 0f 95 43 79 25 32 00 00 13 e8
525,25200,WL,flash_sample,48,28.098,1,111,1,1,1,1,0,1,1,0,959,28098,0.01708,0.037088,-1.021384,0.041668,0.020834,-1.406295,-0.84,-0.7,1.68,38.56640625,98433,39.91,243.604446411,5.1,57 4c 01 6f 00 00 03 bf 00 00 6d c2 00 23 00 4c f7 d3 00 04 00 02 ff 79 ff f4 ff f6 00 18 0d 91 00 01 80 81 00 00 0f 97 43 73 9a bd 00 00 13 ec
526,25248,WL,flash_sample,48,28.118,1,111,1,1,1,1,0,1,1,0,960,28118,0.017568,0.037088,-1.022848,0.010417,0.031251,-1.385461,-1.89,0.07,2.8,38.55078125,98363,39.61,249.57069397,5.1,57 4c 01 6f 00 00 03 c0 00 00 6d d6 00 24 00 4c f7 d0 00 01 00 03 ff 7b ff e5 00 01 00 28 0d 8d 00 01 80 3b 00 00 0f 79 43 79 92 19 00 00 13 ec
527,25296,WL,flash_sample,48,28.138,1,110,0,1,1,1,0,1,1,0,961,28138,0.017568,0.037088,-1.021872,0.052085,0.010417,-1.375044,-2.87,1.19,2.94,38.59375,98361,39.64,249.742446899,5.104,57 4c 01 6e 00 00 03 c1 00 00 6d ea 00 24 00 4c f7 d2 00 05 00 01 ff 7c ff d7 00 11 00 2a 0d 98 00 01 80 39 00 00 0f 7c 43 79 be 11 00 00 13 f0
528,25344,WL,flash_sample,48,28.158,1,110,0,1,1,1,0,1,1,0,962,28158,0.017568,0.037088,-1.021872,0.052085,0.010417,-1.375044,-2.87,1.19,2.94,38.59375,98361,39.64,249.742446899,5.104,57 4c 01 6e 00 00 03 c2 00 00 6d fe 00 24 00 4c f7 d2 00 05 00 01 ff 7c ff d7 00 11 00 2a 0d 98 00 01 80 39 00 00 0f 7c 43 79 be 11 00 00 13 f0
529,25392,WL,flash_sample,48,28.178,1,110,0,1,1,1,0,1,1,0,963,28178,0.017568,0.037088,-1.021872,0.052085,0.010417,-1.375044,-2.87,1.19,2.94,38.59375,98361,39.64,249.742446899,5.104,57 4c 01 6e 00 00 03 c3 00 00 6e 12 00 24 00 4c f7 d2 00 05 00 01 ff 7c ff d7 00 11 00 2a 0d 98 00 01 80 39 00 00 0f 7c 43 79 be 11 00 00 13 f0
530,25440,WL,flash_sample,48,28.198,1,110,0,1,1,1,0,1,1,0,964,28198,0.017568,0.037088,-1.021872,0.052085,0.010417,-1.375044,-2.87,1.19,2.94,38.59375,98361,39.64,249.742446899,5.104,57 4c 01 6e 00 00 03 c4 00 00 6e 26 00 24 00 4c f7 d2 00 05 00 01 ff 7c ff d7 00 11 00 2a 0d 98 00 01 80 39 00 00 0f 7c 43 79 be 11 00 00 13 f0
531,25488,WL,flash_sample,48,28.218,1,110,0,1,1,1,0,1,1,0,965,28218,0.017568,0.037088,-1.021872,0.052085,0.010417,-1.375044,-2.87,1.19,2.94,38.59375,98361,39.64,249.742446899,5.104,57 4c 01 6e 00 00 03 c5 00 00 6e 3a 00 24 00 4c f7 d2 00 05 00 01 ff 7c ff d7 00 11 00 2a 0d 98 00 01 80 39 00 00 0f 7c 43 79 be 11 00 00 13 f0
532,25536,WL,flash_sample,48,28.238,1,110,0,1,1,1,0,1,1,0,966,28238,0.017568,0.037088,-1.021872,0.052085,0.010417,-1.375044,-2.87,1.19,2.94,38.59375,98361,39.64,249.742446899,5.104,57 4c 01 6e 00 00 03 c6 00 00 6e 4e 00 24 00 4c f7 d2 00 05 00 01 ff 7c ff d7 00 11 00 2a 0d 98 00 01 80 39 00 00 0f 7c 43 79 be 11 00 00 13 f0
533,25584,WL,flash_sample,48,28.258,1,110,0,1,1,1,0,1,1,0,967,28258,0.017568,0.037088,-1.021872,0.052085,0.010417,-1.375044,-2.87,1.19,2.94,38.59375,98361,39.64,249.742446899,5.104,57 4c 01 6e 00 00 03 c7 00 00 6e 62 00 24 00 4c f7 d2 00 05 00 01 ff 7c ff d7 00 11 00 2a 0d 98 00 01 80 39 00 00 0f 7c 43 79 be 11 00 00 13 f0
534,25632,WL,flash_sample,48,28.278,1,110,0,1,1,1,0,1,1,0,968,28278,0.01708,0.037576,-1.021872,0.041668,0.010417,-1.375044,-0.28,0.14,-0.14,38.6171875,98361,39.64,249.742446899,5.104,57 4c 01 6e 00 00 03 c8 00 00 6e 76 00 23 00 4d f7 d2 00 04 00 01 ff 7c ff fc 00 02 ff fe 0d 9e 00 01 80 39 00 00 0f 7c 43 79 be 11 00 00 13 f0
535,25680,WL,flash_sample,48,28.298,1,110,0,1,1,1,0,1,1,0,969,28298,0.01708,0.037576,-1.021872,0.041668,0.010417,-1.375044,-0.28,0.14,-0.14,38.6171875,98361,39.64,249.742446899,5.104,57 4c 01 6e 00 00 03 c9 00 00 6e 8a 00 23 00 4d f7 d2 00 04 00 01 ff 7c ff fc 00 02 ff fe 0d 9e 00 01 80 39 00 00 0f 7c 43 79 be 11 00 00 13 f0
536,25728,WL,flash_sample,48,28.318,1,64,0,0,0,0,0,0,1,0,970,28318,0.016592,0.0366,-1.02236,-0.010417,-0.010417,-1.385461,-0.21,0.14,-0.21,38.5859375,98415,39.67,245.136962891,4.948,57 4c 01 40 00 00 03 ca 00 00 6e 9e 00 22 00 4b f7 d1 ff ff ff ff ff 7b ff fd 00 02 ff fd 0d 96 00 01 80 6f 00 00 0f 7f 43 75 23 10 00 00 13 54
537,25776,WL,flash_sample,48,28.338,1,110,0,1,1,1,0,1,1,0,971,28338,0.017568,0.038064,-1.022848,0.052085,-0.031251,-1.406295,-0.91,0.0,0.84,38.56640625,98309,39.14,254.176177979,4.932,57 4c 01 6e 00 00 03 cb 00 00 6e b2 00 24 00 4e f7 d0 00 05 ff fd ff 79 ff f3 00 00 00 0c 0d 91 00 01 80 05 00 00 0f 4a 43 7e 2d 1a 00 00 13 44
538,25824,WL,flash_sample,48,28.358,1,110,0,1,1,1,0,1,1,0,972,28358,0.01708,0.037088,-1.022848,0.020834,0.020834,-1.385461,-1.47,-0.35,2.31,38.57421875,98354,39.23,250.339599609,4.932,57 4c 01 6e 00 00 03 cc 00 00 6e c6 00 23 00 4c f7 d0 00 02 00 02 ff 7b ff eb ff fb 00 21 0d 93 00 01 80 32 00 00 0f 53 43 7a 56 f0 00 00 13 44
539,25872,WL,flash_sample,48,28.378,1,110,0,1,1,1,0,1,1,0,973,28378,0.01708,0.0366,-1.022848,0.020834,0.010417,-1.375044,-2.38,0.35,3.29,38.6015625,98349,39.29,250.76499939,4.932,57 4c 01 6e 00 00 03 cd 00 00 6e da 00 23 00 4b f7 d0 00 02 00 01 ff 7c ff de 00 05 00 2f 0d 9a 00 01 80 2d 00 00 0f 59 43 7a c3 d7 00 00 13 44
540,25920,WL,flash_sample,48,28.398,1,102,0,1,1,0,0,1,1,0,974,28398,0.017568,0.037576,-1.023336,0.020834,-0.020834,-1.427129,-2.87,1.4,2.66,38.609375,98352,39.35,250.50869751,4.932,57 4c 01 66 00 00 03 ce 00 00 6e ee 00 24 00 4d f7 cf 00 02 ff fe ff 77 ff d7 00 14 00 26 0d 9c 00 01 80 30 00 00 0f 5f 43 7a 82 3a 00 00 13 44
541,25968,WL,flash_sample,48,28.418,1,102,0,1,1,0,0,1,1,0,975,28418,0.01708,0.038552,-1.023824,0.052085,-0.020834,-1.375044,-2.94,1.4,2.66,38.609375,98355,39.4,250.255050659,4.932,57 4c 01 66 00 00 03 cf 00 00 6f 02 00 23 00 4f f7 ce 00 05 ff fe ff 7c ff d6 00 14 00 26 0d 9c 00 01 80 33 00 00 0f 64 43 7a 41 4b 00 00 13 44
542,26016,WL,flash_sample,48,28.438,1,102,0,1,1,0,0,1,1,0,976,28438,0.016592,0.037576,-1.023824,0.062502,0.031251,-1.406295,-2.87,1.33,2.73,38.5859375,98350,39.44,250.680450439,5.084,57 4c 01 66 00 00 03 d0 00 00 6f 16 00 22 00 4d f7 ce 00 06 00 03 ff 79 ff d7 00 13 00 27 0d 96 00 01 80 2e 00 00 0f 68 43 7a ae 32 00 00 13 dc
543,26064,WL,flash_sample,48,28.458,1,110,0,1,1,1,0,1,1,0,977,28458,0.01708,0.037088,-1.025288,0.031251,0.020834,-1.395878,-2.31,1.89,0.7,38.625,98311,39.44,254.007080078,5.084,57 4c 01 6e 00 00 03 d1 00 00 6f 2a 00 23 00 4c f7 cb 00 03 00 02 ff 7a ff df 00 1b 00 0a 0d a0 00 01 80 07 00 00 0f 68 43 7e 01 d0 00 00 13 dc
544,26112,WL,flash_sample,48,28.478,1,110,0,1,1,1,0,1,1,0,978,28478,0.017568,0.037088,-1.023824,0.010417,0.010417,-1.385461,-1.61,0.91,0.77,38.6015625,98313,39.47,253.835327148,5.084,57 4c 01 6e 00 00 03 d2 00 00 6f 3e 00 24 00 4c f7 ce 00 01 00 01 ff 7b ff e9 00 0d 00 0b 0d 9a 00 01 80 09 00 00 0f 6b 43 7d d5 d8 00 00 13 dc
545,26160,WL,flash_sample,48,28.498,1,110,0,1,1,1,0,1,1,0,979,28498,0.01708,0.0366,-1.023824,0.052085,0.0,-1.375044,-1.4,0.7,0.77,38.57421875,98314,39.5,253.750778198,5.084,57 4c 01 6e 00 00 03 d3 00 00 6f 52 00 23 00 4b f7 ce 00 05 00 00 ff 7c ff ec 00 0a 00 0b 0d 93 00 01 80 0a 00 00 0f 6e 43 7d c0 33 00 00 13 dc
546,26208,WL,flash_sample,48,28.518,1,102,0,1,1,0,0,1,1,0,980,28518,0.01708,0.037576,-1.02236,0.041668,0.0,-1.395878,-1.19,0.56,0.77,38.6171875,98315,39.53,253.666213989,5.084,57 4c 01 66 00 00 03 d4 00 00 6f 66 00 23 00 4d f7 d1 00 04 00 00 ff 7a ff ef 00 08 00 0b 0d 9e 00 01 80 0b 00 00 0f 71 43 7d aa 8d 00 00 13 dc
547,26256,WL,flash_sample,48,28.538,1,102,0,1,1,0,0,1,1,0,981,28538,0.017568,0.0366,-1.023336,0.031251,0.020834,-1.343793,-1.26,0.56,0.84,38.6171875,98319,39.55,253.325363159,4.936,57 4c 01 66 00 00 03 d5 00 00 6f 7a 00 24 00 4b f7 cf 00 03 00 02 ff 7f ff ee 00 08 00 0c 0d 9e 00 01 80 0f 00 00 0f 73 43 7d 53 4b 00 00 13 48
548,26304,WL,flash_sample,48,28.558,1,102,0,1,1,0,0,1,1,0,982,28558,0.017568,0.037088,-1.023336,0.041668,0.031251,-1.375044,-1.33,-0.35,2.1,38.609375,98361,39.62,249.742446899,4.936,57 4c 01 66 00 00 03 d6 00 00 6f 8e 00 24 00 4c f7 cf 00 04 00 03 ff 7c ff ed ff fb 00 1e 0d 9c 00 01 80 39 00 00 0f 7a 43 79 be 11 00 00 13 48
549,26352,WL,flash_sample,48,28.578,1,110,0,1,1,1,0,1,1,0,983,28578,0.01708,0.037088,-1.023336,0.010417,0.010417,-1.416712,-2.8,1.12,3.01,38.640625,98357,39.66,250.083297729,4.936,57 4c 01 6e 00 00 03 d7 00 00 6f a2 00 23 00 4c f7 cf 00 01 00 01 ff 78 ff d8 00 10 00 2b 0d a4 00 01 80 35 00 00 0f 7e 43 7a 15 53 00 00 13 48
550,26400,WL,flash_sample,48,28.598,1,110,0,1,1,1,0,1,1,0,984,28598,0.017568,0.037088,-1.023336,0.072919,0.020834,-1.395878,-2.94,1.4,2.59,38.60546875,98363,39.69,249.57069397,4.936,57 4c 01 6e 00 00 03 d8 00 00 6f b6 00 24 00 4c f7 cf 00 07 00 02 ff 7a ff d6 00 14 00 25 0d 9b 00 01 80 3b 00 00 0f 81 43 79 92 19 00 00 13 48
551,26448,WL,flash_sample,48,28.618,1,110,0,1,1,1,0,1,1,0,985,28618,0.01708,0.037088,-1.023336,0.041668,0.010417,-1.406295,-2.94,1.4,2.66,38.63671875,98363,39.71,249.57069397,4.936,57 4c 01 6e 00 00 03 d9 00 00 6f ca 00 23 00 4c f7 cf 00 04 00 01 ff 79 ff d6 00 14 00 26 0d a3 00 01 80 3b 00 00 0f 83 43 79 92 19 00 00 13 48
552,26496,WL,flash_sample,48,28.638,1,102,0,1,1,0,0,1,1,0,986,28638,0.017568,0.037088,-1.024312,0.041668,0.0,-1.375044,-2.94,1.47,2.66,38.640625,98361,39.74,249.742446899,5.092,57 4c 01 66 00 00 03 da 00 00 6f de 00 24 00 4c f7 cd 00 04 00 00 ff 7c ff d6 00 15 00 26 0d a4 00 01 80 39 00 00 0f 86 43 79 be 11 00 00 13 e4
553,26544,WL,flash_sample,48,28.658,1,102,0,1,1,0,0,1,1,0,987,28658,0.017568,0.037088,-1.023336,0.031251,0.020834,-1.385461,-2.94,1.47,2.66,38.640625,98362,39.76,249.65524292,5.092,57 4c 01 66 00 00 03 db 00 00 6f f2 00 24 00 4c f7 cf 00 03 00 02 ff 7b ff d6 00 15 00 26 0d a4 00 01 80 3a 00 00 0f 88 43 79 a7 be 00 00 13 e4
554,26592,WL,flash_sample,48,28.678,1,102,0,1,1,0,0,1,1,0,988,28678,0.017568,0.037576,-1.022848,0.041668,0.031251,-1.416712,-3.01,1.47,2.66,38.6328125,98363,39.79,249.57069397,5.092,57 4c 01 66 00 00 03 dc 00 00 70 06 00 24 00 4d f7 d0 00 04 00 03 ff 78 ff d5 00 15 00 26 0d a2 00 01 80 3b 00 00 0f 8b 43 79 92 19 00 00 13 e4
555,26640,WL,flash_sample,48,28.698,1,110,0,1,1,1,0,1,1,0,989,28698,0.018056,0.037088,-1.023336,0.041668,0.041668,-1.385461,-2.94,1.47,2.66,38.625,98365,39.81,249.401596069,5.092,57 4c 01 6e 00 00 03 dd 00 00 70 1a 00 25 00 4c f7 cf 00 04 00 04 ff 7b ff d6 00 15 00 26 0d a0 00 01 80 3d 00 00 0f 8d 43 79 66 cf 00 00 13 e4
556,26688,WL,flash_sample,48,28.718,1,110,0,1,1,1,0,1,1,0,990,28718,0.01708,0.037088,-1.023824,0.041668,-0.010417,-1.395878,-2.94,1.4,2.66,38.6171875,98366,39.83,249.31439209,5.092,57 4c 01 6e 00 00 03 de 00 00 70 2e 00 23 00 4c f7 ce 00 04 ff ff ff 7a ff d6 00 14 00 26 0d 9e 00 01 80 3e 00 00 0f 8f 43 79 50 7c 00 00 13 e4
557,26736,WL,flash_sample,48,28.738,1,110,0,1,1,1,0,1,1,0,991,28738,0.01708,0.0366,-1.024312,0.041668,0.031251,-1.385461,-3.01,1.47,2.66,38.59375,98363,39.84,249.57069397,5.088,57 4c 01 6e 00 00 03 df 00 00 70 42 00 23 00 4b f7 cd 00 04 00 03 ff 7b ff d5 00 15 00 26 0d 98 00 01 80 3b 00 00 0f 90 43 79 92 19 00 00 13 e0
558,26784,WL,flash_sample,48,28.758,1,102,0,1,1,0,0,1,1,0,992,28758,0.017568,0.0366,-1.023824,0.031251,0.010417,-1.395878,-3.01,1.4,2.66,38.6484375,98366,39.86,249.31439209,5.088,57 4c 01 66 00 00 03 e0 00 00 70 56 00 24 00 4b f7 ce 00 03 00 01 ff 7a ff d5 00 14 00 26 0d a6 00 01 80 3e 00 00 0f 92 43 79 50 7c 00 00 13 e0
559,26832,WL,flash_sample,48,28.778,1,102,0,1,1,0,0,1,1,0,993,28778,0.01708,0.037088,-1.023336,0.031251,-0.010417,-1.395878,-2.94,1.47,2.66,38.66796875,98364,39.88,249.48614502,5.088,57 4c 01 66 00 00 03 e1 00 00 70 6a 00 23 00 4c f7 cf 00 03 ff ff ff 7a ff d6 00 15 00 26 0d ab 00 01 80 3c 00 00 0f 94 43 79 7c 74 00 00 13 e0
560,26880,WL,flash_sample,48,28.798,1,110,0,1,1,1,0,1,1,0,994,28798,0.01708,0.038064,-1.023336,0.041668,0.010417,-1.406295,-2.94,1.47,2.66,38.66796875,98368,39.89,249.145294189,5.088,57 4c 01 6e 00 00 03 e2 00 00 70 7e 00 23 00 4e f7 cf 00 04 00 01 ff 79 ff d6 00 15 00 26 0d ab 00 01 80 40 00 00 0f 95 43 79 25 32 00 00 13 e0
561,26928,WL,flash_sample,48,28.818,1,110,0,1,1,1,0,1,1,0,995,28818,0.01708,0.037576,-1.023824,0.020834,0.020834,-1.385461,-2.94,1.4,2.66,38.66015625,98368,39.91,249.145294189,5.088,57 4c 01 6e 00 00 03 e3 00 00 70 92 00 23 00 4d f7 ce 00 02 00 02 ff 7b ff d6 00 14 00 26 0d a9 00 01 80 40 00 00 0f 97 43 79 25 32 00 00 13 e0
562,26976,WL,flash_sample,48,28.838,1,110,0,1,1,1,0,1,1,0,996,28838,0.016104,0.037088,-1.023336,0.041668,-0.020834,-1.406295,-2.94,1.33,2.8,38.68359375,98367,39.92,249.22984314,5.088,57 4c 01 6e 00 00 03 e4 00 00 70 a6 00 21 00 4c f7 cf 00 04 ff fe ff 79 ff d6 00 13 00 28 0d af 00 01 80 3f 00 00 0f 98 43 79 3a d7 00 00 13 e0
563,27024,WL,flash_sample,48,28.858,1,110,0,1,1,1,0,1,1,0,997,28858,0.017568,0.037576,-1.023336,0.020834,0.010417,-1.385461,-2.94,1.47,2.66,38.69921875,98370,39.93,248.97354126,5.088,57 4c 01 6e 00 00 03 e5 00 00 70 ba 00 24 00 4d f7 cf 00 02 00 01 ff 7b ff d6 00 15 00 26 0d b3 00 01 80 42 00 00 0f 99 43 78 f9 3a 00 00 13 e0
564,27072,WL,flash_sample,48,28.878,1,102,0,1,1,0,0,1,1,0,998,28878,0.01708,0.038064,-1.023336,0.052085,0.0,-1.364627,-3.01,1.47,2.66,38.66015625,98367,39.95,249.22984314,5.088,57 4c 01 66 00 00 03 e6 00 00 70 ce 00 23 00 4e f7 cf 00 05 00 00 ff 7d ff d5 00 15 00 26 0d a9 00 01 80 3f 00 00 0f 9b 43 79 3a d7 00 00 13 e0
565,27120,WL,flash_sample,48,28.898,1,102,0,1,1,0,0,1,1,0,999,28898,0.01708,0.037576,-1.022848,0.041668,-0.010417,-1.406295,-3.01,1.47,2.73,38.67578125,98369,39.96,249.060745239,5.088,57 4c 01 66 00 00 03 e7 00 00 70 e2 00 23 00 4d f7 d0 00 04 ff ff ff 79 ff d5 00 15 00 27 0d ad 00 01 80 41 00 00 0f 9c 43 79 0f 8d 00 00 13 e0
566,27168,WL,flash_sample,48,28.918,1,110,0,1,1,1,0,1,1,0,1000,28918,0.01708,0.0366,-1.022848,0.041668,0.0,-1.375044,-3.01,1.47,2.73,38.65234375,98365,39.97,249.401596069,5.088,57 4c 01 6e 00 00 03 e8 00 00 70 f6 00 23 00 4b f7 d0 00 04 00 00 ff 7c ff d5 00 15 00 27 0d a7 00 01 80 3d 00 00 0f 9d 43 79 66 cf 00 00 13 e0
567,27216,WL,flash_sample,48,28.938,1,110,0,1,1,1,0,1,1,0,1001,28938,0.017568,0.037088,-1.023336,0.041668,0.010417,-1.364627,-2.94,1.47,2.66,38.66015625,98366,39.98,249.31439209,5.092,57 4c 01 6e 00 00 03 e9 00 00 71 0a 00 24 00 4c f7 cf 00 04 00 01 ff 7d ff d6 00 15 00 26 0d a9 00 01 80 3e 00 00 0f 9e 43 79 50 7c 00 00 13 e4
568,27264,WL,flash_sample,48,28.958,1,110,0,1,1,1,0,1,1,0,1002,28958,0.017568,0.037088,-1.023336,0.062502,0.010417,-1.375044,-2.94,1.4,2.73,38.65234375,98367,39.99,249.22984314,5.092,57 4c 01 6e 00 00 03 ea 00 00 71 1e 00 24 00 4c f7 cf 00 06 00 01 ff 7c ff d6 00 14 00 27 0d a7 00 01 80 3f 00 00 0f 9f 43 79 3a d7 00 00 13 e4
569,27312,WL,flash_sample,48,28.978,1,110,0,1,1,1,0,1,1,0,1003,28978,0.01708,0.037576,-1.022848,-0.010417,0.0,-1.375044,-2.94,1.47,2.66,38.67578125,98369,40.0,249.060745239,5.092,57 4c 01 6e 00 00 03 eb 00 00 71 32 00 23 00 4d f7 d0 ff ff 00 00 ff 7c ff d6 00 15 00 26 0d ad 00 01 80 41 00 00 0f a0 43 79 0f 8d 00 00 13 e4
570,27360,WL,flash_sample,48,28.998,1,102,0,1,1,0,0,1,1,0,1004,28998,0.01708,0.037088,-1.023336,0.041668,0.020834,-1.406295,-2.94,1.47,2.73,38.67578125,98369,40.0,249.060745239,5.092,57 4c 01 66 00 00 03 ec 00 00 71 46 00 23 00 4c f7 cf 00 04 00 02 ff 79 ff d6 00 15 00 27 0d ad 00 01 80 41 00 00 0f a0 43 79 0f 8d 00 00 13 e4
571,27408,WL,flash_sample,48,29.018,1,110,0,1,1,1,0,1,1,0,1005,29018,0.01708,0.037088,-1.023336,0.052085,0.010417,-1.406295,-2.94,1.47,2.66,38.66796875,98369,40.0,249.060745239,5.092,57 4c 01 6e 00 00 03 ed 00 00 71 5a 00 23 00 4c f7 cf 00 05 00 01 ff 79 ff d6 00 15 00 26 0d ab 00 01 80 41 00 00 0f a0 43 79 0f 8d 00 00 13 e4
572,27456,WL,flash_sample,48,29.038,1,110,0,1,1,1,0,1,1,0,1006,29038,0.01708,0.037088,-1.023336,0.052085,0.010417,-1.406295,-2.94,1.47,2.66,38.66796875,98369,40.0,249.060745239,5.092,57 4c 01 6e 00 00 03 ee 00 00 71 6e 00 23 00 4c f7 cf 00 05 00 01 ff 79 ff d6 00 15 00 26 0d ab 00 01 80 41 00 00 0f a0 43 79 0f 8d 00 00 13 e4
573,27504,WL,flash_sample,48,29.058,1,110,0,1,1,1,0,1,1,0,1007,29058,0.01708,0.037088,-1.023336,0.052085,0.010417,-1.406295,-2.94,1.47,2.66,38.66796875,98369,40.0,249.060745239,5.092,57 4c 01 6e 00 00 03 ef 00 00 71 82 00 23 00 4c f7 cf 00 05 00 01 ff 79 ff d6 00 15 00 26 0d ab 00 01 80 41 00 00 0f a0 43 79 0f 8d 00 00 13 e4
574,27552,WL,flash_sample,48,29.078,1,110,0,1,1,1,0,1,1,0,1008,29078,0.01708,0.037088,-1.023336,0.052085,0.010417,-1.406295,-2.94,1.47,2.66,38.66796875,98369,40.0,249.060745239,5.092,57 4c 01 6e 00 00 03 f0 00 00 71 96 00 23 00 4c f7 cf 00 05 00 01 ff 79 ff d6 00 15 00 26 0d ab 00 01 80 41 00 00 0f a0 43 79 0f 8d 00 00 13 e4
575,27600,WL,flash_sample,48,29.098,1,102,0,1,1,0,0,1,1,0,1009,29098,0.01708,0.037088,-1.021872,0.0,0.0,-1.375044,-0.84,-0.77,1.61,38.69140625,98375,40.01,248.548141479,5.096,57 4c 01 66 00 00 03 f1 00 00 71 aa 00 23 00 4c f7 d2 00 00 00 00 ff 7c ff f4 ff f5 00 17 0d b1 00 01 80 47 00 00 0f a1 43 78 8c 53 00 00 13 e8
576,27648,WL,flash_sample,48,29.118,1,102,0,1,1,0,0,1,1,0,1010,29118,0.016592,0.037088,-1.022848,0.020834,-0.010417,-1.375044,-1.89,0.0,2.73,38.66015625,98365,39.69,249.401596069,5.096,57 4c 01 66 00 00 03 f2 00 00 71 be 00 22 00 4c f7 d0 00 02 ff ff ff 7c ff e5 00 00 00 27 0d a9 00 01 80 3d 00 00 0f 81 43 79 66 cf 00 00 13 e8
577,27696,WL,flash_sample,48,29.138,1,103,1,1,1,0,0,1,1,0,1011,29138,0.01708,0.037088,-1.023336,0.041668,-0.020834,-1.406295,-2.73,1.12,3.01,38.69921875,98362,39.73,249.65524292,5.092,57 4c 01 67 00 00 03 f3 00 00 71 d2 00 23 00 4c f7 cf 00 04 ff fe ff 79 ff d9 00 10 00 2b 0d b3 00 01 80 3a 00 00 0f 85 43 79 a7 be 00 00 13 e4
578,27744,WL,flash_sample,48,29.158,1,103,1,1,1,0,0,1,1,0,1012,29158,0.01708,0.037088,-1.023336,0.041668,-0.020834,-1.406295,-2.73,1.12,3.01,38.69921875,98362,39.73,249.65524292,5.092,57 4c 01 67 00 00 03 f4 00 00 71 e6 00 23 00 4c f7 cf 00 04 ff fe ff 79 ff d9 00 10 00 2b 0d b3 00 01 80 3a 00 00 0f 85 43 79 a7 be 00 00 13 e4
579,27792,WL,flash_sample,48,29.178,1,103,1,1,1,0,0,1,1,0,1013,29178,0.01708,0.037088,-1.023336,0.041668,-0.020834,-1.406295,-2.73,1.12,3.01,38.69921875,98362,39.73,249.65524292,5.092,57 4c 01 67 00 00 03 f5 00 00 71 fa 00 23 00 4c f7 cf 00 04 ff fe ff 79 ff d9 00 10 00 2b 0d b3 00 01 80 3a 00 00 0f 85 43 79 a7 be 00 00 13 e4
580,27840,WL,flash_sample,48,29.198,1,103,1,1,1,0,0,1,1,0,1014,29198,0.01708,0.037088,-1.023336,0.041668,-0.020834,-1.406295,-2.73,1.12,3.01,38.69921875,98362,39.73,249.65524292,5.092,57 4c 01 67 00 00 03 f6 00 00 72 0e 00 23 00 4c f7 cf 00 04 ff fe ff 79 ff d9 00 10 00 2b 0d b3 00 01 80 3a 00 00 0f 85 43 79 a7 be 00 00 13 e4
581,27888,WL,flash_sample,48,29.218,1,103,1,1,1,0,0,1,1,0,1015,29218,0.01708,0.037088,-1.023336,0.041668,-0.020834,-1.406295,-2.73,1.12,3.01,38.69921875,98362,39.73,249.65524292,5.092,57 4c 01 67 00 00 03 f7 00 00 72 22 00 23 00 4c f7 cf 00 04 ff fe ff 79 ff d9 00 10 00 2b 0d b3 00 01 80 3a 00 00 0f 85 43 79 a7 be 00 00 13 e4
582,27936,WL,flash_sample,48,29.238,1,103,1,1,1,0,0,1,1,0,1016,29238,0.01708,0.037088,-1.023336,0.041668,-0.020834,-1.406295,-2.73,1.12,3.01,38.69921875,98362,39.73,249.65524292,5.092,57 4c 01 67 00 00 03 f8 00 00 72 36 00 23 00 4c f7 cf 00 04 ff fe ff 79 ff d9 00 10 00 2b 0d b3 00 01 80 3a 00 00 0f 85 43 79 a7 be 00 00 13 e4
583,27984,WL,flash_sample,48,29.258,1,103,1,1,1,0,0,1,1,0,1017,29258,0.01708,0.037088,-1.023336,0.041668,-0.020834,-1.406295,-2.73,1.12,3.01,38.69921875,98362,39.73,249.65524292,5.092,57 4c 01 67 00 00 03 f9 00 00 72 4a 00 23 00 4c f7 cf 00 04 ff fe ff 79 ff d9 00 10 00 2b 0d b3 00 01 80 3a 00 00 0f 85 43 79 a7 be 00 00 13 e4
584,28032,WL,flash_sample,48,29.278,1,111,1,1,1,1,0,1,1,0,1018,29278,0.01708,0.037088,-1.02236,0.020834,0.020834,-1.375044,-0.28,0.07,-0.21,38.65234375,98366,39.76,249.31439209,5.092,57 4c 01 6f 00 00 03 fa 00 00 72 5e 00 23 00 4c f7 d1 00 02 00 02 ff 7c ff fc 00 01 ff fd 0d a7 00 01 80 3e 00 00 0f 88 43 79 50 7c 00 00 13 e4
585,28080,WL,flash_sample,48,29.298,1,111,1,1,1,1,0,1,1,0,1019,29298,0.01708,0.037088,-1.02236,0.020834,0.020834,-1.375044,-0.28,0.07,-0.21,38.65234375,98366,39.76,249.31439209,5.092,57 4c 01 6f 00 00 03 fb 00 00 72 72 00 23 00 4c f7 d1 00 02 00 02 ff 7c ff fc 00 01 ff fd 0d a7 00 01 80 3e 00 00 0f 88 43 79 50 7c 00 00 13 e4
586,28128,WL,flash_sample,48,29.318,1,65,1,0,0,0,0,0,1,0,1020,29318,0.017568,0.037088,-1.02236,0.010417,-0.031251,-1.416712,-0.21,-0.21,0.14,38.69921875,98366,39.76,249.31439209,4.956,57 4c 01 41 00 00 03 fc 00 00 72 86 00 24 00 4c f7 d1 00 01 ff fd ff 78 ff fd ff fd 00 02 0d b3 00 01 80 3e 00 00 0f 88 43 79 50 7c 00 00 13 5c
587,28176,WL,flash_sample,48,29.338,1,103,1,1,1,0,0,1,1,0,1021,29338,0.01708,0.037088,-1.022848,0.062502,0.020834,-1.385461,-0.98,0.07,0.84,38.67578125,98330,39.32,252.384719849,4.956,57 4c 01 67 00 00 03 fd 00 00 72 9a 00 23 00 4c f7 d0 00 06 00 02 ff 7b ff f2 00 01 00 0c 0d ad 00 01 80 1a 00 00 0f 5c 43 7c 62 7d 00 00 13 5c
588,28224,WL,flash_sample,48,29.358,1,103,1,1,1,0,0,1,1,0,1022,29358,0.017568,0.037088,-1.021872,0.062502,0.041668,-1.385461,-1.4,-0.35,2.24,38.7265625,98346,39.28,251.02130127,4.956,57 4c 01 67 00 00 03 fe 00 00 72 ae 00 24 00 4c f7 d2 00 06 00 04 ff 7b ff ec ff fb 00 20 0d ba 00 01 80 2a 00 00 0f 58 43 7b 05 74 00 00 13 5c
589,28272,WL,flash_sample,48,29.378,1,103,1,1,1,0,0,1,1,0,1023,29378,0.01708,0.037088,-1.02236,0.020834,0.0,-1.375044,-2.31,0.35,3.22,38.70703125,98351,39.38,250.595901489,4.956,57 4c 01 67 00 00 03 ff 00 00 72 c2 00 23 00 4c f7 d1 00 02 00 00 ff 7c ff df 00 05 00 2e 0d b5 00 01 80 2f 00 00 0f 62 43 7a 98 8d 00 00 13 5c
590,28320,WL,flash_sample,48,29.398,1,111,1,1,1,1,0,1,1,0,1024,29398,0.01708,0.037088,-1.023336,0.072919,0.020834,-1.406295,-2.94,1.4,2.73,38.734375,98350,39.43,250.680450439,4.956,57 4c 01 6f 00 00 04 00 00 00 72 d6 00 23 00 4c f7 cf 00 07 00 02 ff 79 ff d6 00 14 00 27 0d bc 00 01 80 2e 00 00 0f 67 43 7a ae 32 00 00 13 5c
591,28368,WL,flash_sample,48,29.418,1,111,1,1,1,1,0,1,1,0,1025,29418,0.016592,0.036112,-1.023336,0.041668,0.031251,-1.375044,-2.94,1.47,2.73,38.734375,98351,39.48,250.595901489,4.956,57 4c 01 6f 00 00 04 01 00 00 72 ea 00 22 00 4a f7 cf 00 04 00 03 ff 7c ff d6 00 15 00 27 0d bc 00 01 80 2f 00 00 0f 6c 43 7a 98 8d 00 00 13 5c
592,28416,WL,flash_sample,48,29.438,1,111,1,1,1,1,0,1,1,0,1026,29438,0.016592,0.037088,-1.023336,0.020834,-0.010417,-1.385461,-2.94,1.4,2.66,38.7421875,98358,39.53,249.996109009,5.084,57 4c 01 6f 00 00 04 02 00 00 72 fe 00 22 00 4c f7 cf 00 02 ff ff ff 7b ff d6 00 14 00 26 0d be 00 01 80 36 00 00 0f 71 43 79 ff 01 00 00 13 dc
593,28464,WL,flash_sample,48,29.458,1,103,1,1,1,0,0,1,1,0,1027,29458,0.017568,0.037088,-1.024312,0.052085,-0.031251,-1.416712,-2.38,1.96,0.7,38.76953125,98326,39.58,252.728210449,5.084,57 4c 01 67 00 00 04 03 00 00 73 12 00 24 00 4c f7 cd 00 05 ff fd ff 78 ff de 00 1c 00 0a 0d c5 00 01 80 16 00 00 0f 76 43 7c ba 6c 00 00 13 dc
594,28512,WL,flash_sample,48,29.478,1,103,1,1,1,0,0,1,1,0,1028,29478,0.01708,0.037576,-1.022848,0.041668,0.0,-1.385461,-1.54,0.98,0.77,38.73828125,98315,39.57,253.666213989,5.084,57 4c 01 67 00 00 04 04 00 00 73 26 00 23 00 4d f7 d0 00 04 00 00 ff 7b ff ea 00 0e 00 0b 0d bd 00 01 80 0b 00 00 0f 75 43 7d aa 8d 00 00 13 dc
595,28560,WL,flash_sample,48,29.498,1,111,1,1,1,1,0,1,1,0,1029,29498,0.017568,0.037576,-1.022848,0.010417,0.0,-1.385461,-1.33,0.56,0.77,38.7421875,98315,39.6,253.666213989,5.084,57 4c 01 6f 00 00 04 05 00 00 73 3a 00 24 00 4d f7 d0 00 01 00 00 ff 7b ff ed 00 08 00 0b 0d be 00 01 80 0b 00 00 0f 78 43 7d aa 8d 00 00 13 dc
596,28608,WL,flash_sample,48,29.518,1,111,1,1,1,1,0,1,1,0,1030,29518,0.01708,0.0366,-1.022848,0.041668,-0.010417,-1.385461,-1.26,0.49,0.77,38.75,98315,39.63,253.666213989,5.084,57 4c 01 6f 00 00 04 06 00 00 73 4e 00 23 00 4b f7 d0 00 04 ff ff ff 7b ff ee 00 07 00 0b 0d c0 00 01 80 0b 00 00 0f 7b 43 7d aa 8d 00 00 13 dc
597,28656,WL,flash_sample,48,29.538,1,111,1,1,1,1,0,1,1,0,1031,29538,0.017568,0.037088,-1.023336,0.010417,0.010417,-1.406295,-1.26,0.56,0.77,38.7265625,98320,39.65,253.238174438,4.944,57 4c 01 6f 00 00 04 07 00 00 73 62 00 24 00 4c f7 cf 00 01 00 01 ff 79 ff ee 00 08 00 0b 0d ba 00 01 80 10 00 00 0f 7d 43 7d 3c f9 00 00 13 50
598,28704,WL,flash_sample,48,29.558,1,111,1,1,1,1,0,1,1,0,1032,29558,0.01708,0.037088,-1.023824,0.010417,0.020834,-1.385461,-1.82,-0.07,2.66,38.7421875,98353,39.67,250.42414856,4.944,57 4c 01 6f 00 00 04 08 00 00 73 76 00 23 00 4c f7 ce 00 01 00 02 ff 7b ff e6 ff ff 00 26 0d be 00 01 80 31 00 00 0f 7f 43 7a 6c 95 00 00 13 50
599,28752,WL,flash_sample,48,29.578,1,103,1,1,1,0,0,1,1,0,1033,29578,0.01708,0.037088,-1.022848,0.010417,0.010417,-1.375044,-2.8,0.98,3.08,38.78125,98362,39.75,249.65524292,4.944,57 4c 01 67 00 00 04 09 00 00 73 8a 00 23 00 4c f7 d0 00 01 00 01 ff 7c ff d8 00 0e 00 2c 0d c8 00 01 80 3a 00 00 0f 87 43 79 a7 be 00 00 13 50
600,28800,WL,flash_sample,48,29.598,1,103,1,1,1,0,0,1,1,0,1034,29598,0.01708,0.037576,-1.023336,0.041668,0.010417,-1.406295,-2.94,1.4,2.66,38.73828125,98362,39.79,249.65524292,4.944,57 4c 01 67 00 00 04 0a 00 00 73 9e 00 23 00 4d f7 cf 00 04 00 01 ff 79 ff d6 00 14 00 26 0d bd 00 01 80 3a 00 00 0f 8b 43 79 a7 be 00 00 13 50
601,28848,WL,flash_sample,48,29.618,1,111,1,1,1,1,0,1,1,0,1035,29618,0.017568,0.037576,-1.023824,0.062502,0.0,-1.375044,-2.94,1.47,2.66,38.76171875,98363,39.81,249.57069397,4.944,57 4c 01 6f 00 00 04 0b 00 00 73 b2 00 24 00 4d f7 ce 00 06 00 00 ff 7c ff d6 00 15 00 26 0d c3 00 01 80 3b 00 00 0f 8d 43 79 92 19 00 00 13 50
602,28896,WL,flash_sample,48,29.638,1,111,1,1,1,1,0,1,1,0,1036,29638,0.017568,0.037088,-1.023824,0.062502,0.0,-1.385461,-2.94,1.4,2.73,38.8125,98362,39.84,249.65524292,5.076,57 4c 01 6f 00 00 04 0c 00 00 73 c6 00 24 00 4c f7 ce 00 06 00 00 ff 7b ff d6 00 14 00 27 0d d0 00 01 80 3a 00 00 0f 90 43 79 a7 be 00 00 13 d4
603,28944,WL,flash_sample,48,29.658,1,111,1,1,1,1,0,1,1,0,1037,29658,0.01708,0.037088,-1.022848,0.041668,0.031251,-1.375044,-2.94,1.4,2.66,38.75390625,98364,39.86,249.48614502,5.076,57 4c 01 6f 00 00 04 0d 00 00 73 da 00 23 00 4c f7 d0 00 04 00 03 ff 7c ff d6 00 14 00 26 0d c1 00 01 80 3c 00 00 0f 92 43 79 7c 74 00 00 13 d4
604,28992,WL,flash_sample,48,29.678,1,111,1,1,1,1,0,1,1,0,1038,29678,0.018056,0.037088,-1.022848,0.041668,-0.010417,-1.375044,-2.94,1.4,2.66,38.7890625,98365,39.89,249.401596069,5.076,57 4c 01 6f 00 00 04 0e 00 00 73 ee 00 25 00 4c f7 d0 00 04 ff ff ff 7c ff d6 00 14 00 26 0d ca 00 01 80 3d 00 00 0f 95 43 79 66 cf 00 00 13 d4
605,29040,WL,flash_sample,48,29.698,1,103,1,1,1,0,0,1,1,0,1039,29698,0.017568,0.037576,-1.023824,0.041668,0.0,-1.395878,-2.94,1.47,2.66,38.7734375,98366,39.91,249.31439209,5.076,57 4c 01 67 00 00 04 0f 00 00 74 02 00 24 00 4d f7 ce 00 04 00 00 ff 7a ff d6 00 15 00 26 0d c6 00 01 80 3e 00 00 0f 97 43 79 50 7c 00 00 13 d4
606,29088,WL,flash_sample,48,29.718,1,103,1,1,1,0,0,1,1,0,1040,29718,0.01708,0.037088,-1.024312,0.052085,0.020834,-1.395878,-2.94,1.47,2.66,38.7734375,98365,39.93,249.401596069,5.076,57 4c 01 67 00 00 04 10 00 00 74 16 00 23 00 4c f7 cd 00 05 00 02 ff 7a ff d6 00 15 00 26 0d c6 00 01 80 3d 00 00 0f 99 43 79 66 cf 00 00 13 d4
607,29136,WL,flash_sample,48,29.738,1,111,1,1,1,1,0,1,1,0,1041,29738,0.01708,0.037576,-1.023336,0.062502,0.010417,-1.416712,-2.94,1.4,2.66,38.83203125,98366,39.95,249.31439209,5.096,57 4c 01 6f 00 00 04 11 00 00 74 2a 00 23 00 4d f7 cf 00 06 00 01 ff 78 ff d6 00 14 00 26 0d d5 00 01 80 3e 00 00 0f 9b 43 79 50 7c 00 00 13 e8
608,29184,WL,flash_sample,48,29.758,1,111,1,1,1,1,0,1,1,0,1042,29758,0.017568,0.036112,-1.023824,0.041668,0.010417,-1.395878,-3.01,1.47,2.59,38.78515625,98366,39.97,249.31439209,5.096,57 4c 01 6f 00 00 04 12 00 00 74 3e 00 24 00 4a f7 ce 00 04 00 01 ff 7a ff d5 00 15 00 25 0d c9 00 01 80 3e 00 00 0f 9d 43 79 50 7c 00 00 13 e8
609,29232,WL,flash_sample,48,29.778,1,111,1,1,1,1,0,1,1,0,1043,29778,0.017568,0.037088,-1.023824,0.010417,-0.020834,-1.416712,-2.94,1.47,2.73,38.83203125,98365,39.99,249.401596069,5.096,57 4c 01 6f 00 00 04 13 00 00 74 52 00 24 00 4c f7 ce 00 01 ff fe ff 78 ff d6 00 15 00 27 0d d5 00 01 80 3d 00 00 0f 9f 43 79 66 cf 00 00 13 e8
610,29280,WL,flash_sample,48,29.798,1,111,1,1,1,1,0,1,1,0,1044,29798,0.017568,0.037088,-1.023824,0.041668,0.0,-1.385461,-2.94,1.4,2.66,38.79296875,98368,40.0,249.145294189,5.096,57 4c 01 6f 00 00 04 14 00 00 74 66 00 24 00 4c f7 ce 00 04 00 00 ff 7b ff d6 00 14 00 26 0d cb 00 01 80 40 00 00 0f a0 43 79 25 32 00 00 13 e8
611,29328,WL,flash_sample,48,29.818,1,103,1,1,1,0,0,1,1,0,1045,29818,0.018056,0.0366,-1.023824,0.052085,-0.010417,-1.385461,-2.94,1.4,2.66,38.80859375,98369,40.02,249.060745239,5.096,57 4c 01 67 00 00 04 15 00 00 74 7a 00 25 00 4b f7 ce 00 05 ff ff ff 7b ff d6 00 14 00 26 0d cf 00 01 80 41 00 00 0f a2 43 79 0f 8d 00 00 13 e8
612,29376,WL,flash_sample,48,29.838,1,103,1,1,1,0,0,1,1,0,1046,29838,0.018056,0.037088,-1.023824,0.020834,0.010417,-1.385461,-2.94,1.4,2.8,38.79296875,98370,40.03,248.97354126,5.104,57 4c 01 67 00 00 04 16 00 00 74 8e 00 25 00 4c f7 ce 00 02 00 01 ff 7b ff d6 00 14 00 28 0d cb 00 01 80 42 00 00 0f a3 43 78 f9 3a 00 00 13 f0
613,29424,WL,flash_sample,48,29.858,1,111,1,1,1,1,0,1,1,0,1047,29858,0.017568,0.037088,-1.0248,0.031251,0.020834,-1.385461,-3.01,1.47,2.73,38.83984375,98369,40.04,249.060745239,5.104,57 4c 01 6f 00 00 04 17 00 00 74 a2 00 24 00 4c f7 cc 00 03 00 02 ff 7b ff d5 00 15 00 27 0d d7 00 01 80 41 00 00 0f a4 43 79 0f 8d 00 00 13 f0
614,29472,WL,flash_sample,48,29.878,1,111,1,1,1,1,0,1,1,0,1048,29878,0.01708,0.037576,-1.024312,0.031251,0.031251,-1.364627,-2.94,1.4,2.66,38.81640625,98367,40.05,249.22984314,5.104,57 4c 01 6f 00 00 04 18 00 00 74 b6 00 23 00 4d f7 cd 00 03 00 03 ff 7d ff d6 00 14 00 26 0d d1 00 01 80 3f 00 00 0f a5 43 79 3a d7 00 00 13 f0
615,29520,WL,flash_sample,48,29.898,1,111,1,1,1,1,0,1,1,0,1049,29898,0.01708,0.037088,-1.023336,0.062502,0.031251,-1.395878,-2.94,1.4,2.66,38.80859375,98368,40.07,249.145294189,5.104,57 4c 01 6f 00 00 04 19 00 00 74 ca 00 23 00 4c f7 cf 00 06 00 03 ff 7a ff d6 00 14 00 26 0d cf 00 01 80 40 00 00 0f a7 43 79 25 32 00 00 13 f0
616,29568,WL,flash_sample,48,29.918,1,103,1,1,1,0,0,1,1,0,1050,29918,0.017568,0.037576,-1.023824,0.072919,-0.010417,-1.364627,-3.01,1.47,2.8,38.80859375,98369,40.08,249.060745239,5.104,57 4c 01 67 00 00 04 1a 00 00 74 de 00 24 00 4d f7 ce 00 07 ff ff ff 7d ff d5 00 15 00 28 0d cf 00 01 80 41 00 00 0f a8 43 79 0f 8d 00 00 13 f0
617,29616,WL,flash_sample,48,29.938,1,103,1,1,1,0,0,1,1,0,1051,29938,0.017568,0.037088,-1.022848,0.072919,-0.020834,-1.416712,-2.94,1.47,2.73,38.80078125,98369,40.08,249.060745239,5.088,57 4c 01 67 00 00 04 1b 00 00 74 f2 00 24 00 4c f7 d0 00 07 ff fe ff 78 ff d6 00 15 00 27 0d cd 00 01 80 41 00 00 0f a8 43 79 0f 8d 00 00 13 e0
618,29664,WL,flash_sample,48,29.958,1,103,1,1,1,0,0,1,1,0,1052,29958,0.018056,0.037088,-1.023336,0.041668,0.0,-1.375044,-2.94,1.47,2.73,38.83984375,98368,40.1,249.145294189,5.088,57 4c 01 67 00 00 04 1c 00 00 75 06 00 25 00 4c f7 cf 00 04 00 00 ff 7c ff d6 00 15 00 27 0d d7 00 01 80 40 00 00 0f aa 43 79 25 32 00 00 13 e0
619,29712,WL,flash_sample,48,29.978,1,111,1,1,1,1,0,1,1,0,1053,29978,0.018056,0.037088,-1.023336,0.020834,0.010417,-1.395878,-2.94,1.47,2.73,38.8515625,98369,40.11,249.060745239,5.088,57 4c 01 6f 00 00 04 1d 00 00 75 1a 00 25 00 4c f7 cf 00 02 00 01 ff 7a ff d6 00 15 00 27 0d da 00 01 80 41 00 00 0f ab 43 79 0f 8d 00 00 13 e0
620,29760,WL,flash_sample,48,29.998,1,111,1,1,1,1,0,1,1,0,1054,29998,0.01708,0.0366,-1.023336,0.020834,0.0,-1.364627,-2.94,1.47,2.66,38.81640625,98371,40.12,248.88899231,5.088,57 4c 01 6f 00 00 04 1e 00 00 75 2e 00 23 00 4b f7 cf 00 02 00 00 ff 7d ff d6 00 15 00 26 0d d1 00 01 80 43 00 00 0f ac 43 78 e3 95 00 00 13 e0
621,29808,WL,flash_sample,48,30.018,1,103,1,1,1,0,0,1,1,0,1055,30018,0.016592,0.037576,-1.02236,0.062502,0.020834,-1.364627,-2.94,1.4,2.73,38.81640625,98371,40.12,248.88899231,5.088,57 4c 01 67 00 00 04 1f 00 00 75 42 00 22 00 4d f7 d1 00 06 00 02 ff 7d ff d6 00 14 00 27 0d d1 00 01 80 43 00 00 0f ac 43 78 e3 95 00 00 13 e0
622,29856,WL,flash_sample,48,30.038,1,103,1,1,1,0,0,1,1,0,1056,30038,0.016592,0.037576,-1.02236,0.062502,0.020834,-1.364627,-2.94,1.4,2.73,38.81640625,98371,40.12,248.88899231,5.088,57 4c 01 67 00 00 04 20 00 00 75 56 00 22 00 4d f7 d1 00 06 00 02 ff 7d ff d6 00 14 00 27 0d d1 00 01 80 43 00 00 0f ac 43 78 e3 95 00 00 13 e0
623,29904,WL,flash_sample,48,30.058,1,103,1,1,1,0,0,1,1,0,1057,30058,0.016592,0.037576,-1.02236,0.062502,0.020834,-1.364627,-2.94,1.4,2.73,38.81640625,98371,40.12,248.88899231,5.088,57 4c 01 67 00 00 04 21 00 00 75 6a 00 22 00 4d f7 d1 00 06 00 02 ff 7d ff d6 00 14 00 27 0d d1 00 01 80 43 00 00 0f ac 43 78 e3 95 00 00 13 e0
624,29952,WL,flash_sample,48,30.078,1,103,1,1,1,0,0,1,1,0,1058,30078,0.016592,0.037576,-1.02236,0.062502,0.020834,-1.364627,-2.94,1.4,2.73,38.81640625,98371,40.12,248.88899231,5.088,57 4c 01 67 00 00 04 22 00 00 75 7e 00 22 00 4d f7 d1 00 06 00 02 ff 7d ff d6 00 14 00 27 0d d1 00 01 80 43 00 00 0f ac 43 78 e3 95 00 00 13 e0
625,30000,WL,flash_sample,48,30.098,1,111,1,1,1,1,0,1,1,0,1059,30098,0.01708,0.037576,-1.02236,0.0,0.031251,-1.364627,-0.84,-0.84,1.54,38.83984375,98426,40.14,244.198959351,5.112,57 4c 01 6f 00 00 04 23 00 00 75 92 00 23 00 4d f7 d1 00 00 00 03 ff 7d ff f4 ff f4 00 16 0d d7 00 01 80 7a 00 00 0f ae 43 74 32 ef 00 00 13 f8
626,30048,WL,flash_sample,48,30.118,1,111,1,1,1,1,0,1,1,0,1060,30118,0.01708,0.037088,-1.02236,0.020834,0.020834,-1.385461,-1.82,-0.07,2.66,38.859375,98364,39.85,249.48614502,5.112,57 4c 01 6f 00 00 04 24 00 00 75 a6 00 23 00 4c f7 d1 00 02 00 02 ff 7b ff e6 ff ff 00 26 0d dc 00 01 80 3c 00 00 0f 91 43 79 7c 74 00 00 13 f8
627,30096,WL,flash_sample,48,30.138,1,110,0,1,1,1,0,1,1,0,1061,30138,0.017568,0.037576,-1.023824,0.041668,-0.020834,-1.395878,-2.87,1.05,3.01,38.8828125,98362,39.87,249.65524292,5.092,57 4c 01 6e 00 00 04 25 00 00 75 ba 00 24 00 4d f7 ce 00 04 ff fe ff 7a ff d7 00 0f 00 2b 0d e2 00 01 80 3a 00 00 0f 93 43 79 a7 be 00 00 13 e4
628,30144,WL,flash_sample,48,30.158,1,110,0,1,1,1,0,1,1,0,1062,30158,0.017568,0.037576,-1.023824,0.041668,-0.020834,-1.395878,-2.87,1.05,3.01,38.8828125,98362,39.87,249.65524292,5.092,57 4c 01 6e 00 00 04 26 00 00 75 ce 00 24 00 4d f7 ce 00 04 ff fe ff 7a ff d7 00 0f 00 2b 0d e2 00 01 80 3a 00 00 0f 93 43 79 a7 be 00 00 13 e4
629,30192,WL,flash_sample,48,30.178,1,110,0,1,1,1,0,1,1,0,1063,30178,0.017568,0.037576,-1.023824,0.041668,-0.020834,-1.395878,-2.87,1.05,3.01,38.8828125,98362,39.87,249.65524292,5.092,57 4c 01 6e 00 00 04 27 00 00 75 e2 00 24 00 4d f7 ce 00 04 ff fe ff 7a ff d7 00 0f 00 2b 0d e2 00 01 80 3a 00 00 0f 93 43 79 a7 be 00 00 13 e4
630,30240,WL,flash_sample,48,30.198,1,110,0,1,1,1,0,1,1,0,1064,30198,0.017568,0.037576,-1.023824,0.041668,-0.020834,-1.395878,-2.87,1.05,3.01,38.8828125,98362,39.87,249.65524292,5.092,57 4c 01 6e 00 00 04 28 00 00 75 f6 00 24 00 4d f7 ce 00 04 ff fe ff 7a ff d7 00 0f 00 2b 0d e2 00 01 80 3a 00 00 0f 93 43 79 a7 be 00 00 13 e4
631,30288,WL,flash_sample,48,30.218,1,110,0,1,1,1,0,1,1,0,1065,30218,0.017568,0.037576,-1.023824,0.041668,-0.020834,-1.395878,-2.87,1.05,3.01,38.8828125,98362,39.87,249.65524292,5.092,57 4c 01 6e 00 00 04 29 00 00 76 0a 00 24 00 4d f7 ce 00 04 ff fe ff 7a ff d7 00 0f 00 2b 0d e2 00 01 80 3a 00 00 0f 93 43 79 a7 be 00 00 13 e4
632,30336,WL,flash_sample,48,30.238,1,110,0,1,1,1,0,1,1,0,1066,30238,0.017568,0.037576,-1.023824,0.041668,-0.020834,-1.395878,-2.87,1.05,3.01,38.8828125,98362,39.87,249.65524292,5.092,57 4c 01 6e 00 00 04 2a 00 00 76 1e 00 24 00 4d f7 ce 00 04 ff fe ff 7a ff d7 00 0f 00 2b 0d e2 00 01 80 3a 00 00 0f 93 43 79 a7 be 00 00 13 e4
633,30384,WL,flash_sample,48,30.258,1,110,0,1,1,1,0,1,1,0,1067,30258,0.017568,0.037576,-1.023824,0.041668,-0.020834,-1.395878,-2.87,1.05,3.01,38.8828125,98362,39.87,249.65524292,5.092,57 4c 01 6e 00 00 04 2b 00 00 76 32 00 24 00 4d f7 ce 00 04 ff fe ff 7a ff d7 00 0f 00 2b 0d e2 00 01 80 3a 00 00 0f 93 43 79 a7 be 00 00 13 e4
634,30432,WL,flash_sample,48,30.278,1,110,0,1,1,1,0,1,1,0,1068,30278,0.018056,0.038064,-1.021872,0.093753,0.031251,-1.395878,-0.28,0.07,-0.21,38.83984375,98362,39.87,249.65524292,5.092,57 4c 01 6e 00 00 04 2c 00 00 76 46 00 25 00 4e f7 d2 00 09 00 03 ff 7a ff fc 00 01 ff fd 0d d7 00 01 80 3a 00 00 0f 93 43 79 a7 be 00 00 13 e4
635,30480,WL,flash_sample,48,30.298,1,110,0,1,1,1,0,1,1,0,1069,30298,0.018056,0.038064,-1.021872,0.093753,0.031251,-1.395878,-0.28,0.07,-0.21,38.83984375,98362,39.87,249.65524292,5.092,57 4c 01 6e 00 00 04 2d 00 00 76 5a 00 25 00 4e f7 d2 00 09 00 03 ff 7a ff fc 00 01 ff fd 0d d7 00 01 80 3a 00 00 0f 93 43 79 a7 be 00 00 13 e4
636,30528,WL,flash_sample,48,30.318,1,64,0,0,0,0,0,0,1,0,1070,30318,0.017568,0.037088,-1.022848,0.031251,0.010417,-1.364627,-0.21,-0.07,-0.07,38.86328125,98412,39.9,245.393264771,4.98,57 4c 01 40 00 00 04 2e 00 00 76 6e 00 24 00 4c f7 d0 00 03 00 01 ff 7d ff fd ff ff ff ff 0d dd 00 01 80 6c 00 00 0f 96 43 75 64 ad 00 00 13 74
637,30576,WL,flash_sample,48,30.338,1,110,0,1,1,1,0,1,1,0,1071,30338,0.01708,0.037088,-1.022848,0.041668,0.010417,-1.395878,-0.91,-0.07,0.77,38.859375,98315,39.37,253.666213989,4.964,57 4c 01 6e 00 00 04 2f 00 00 76 82 00 23 00 4c f7 d0 00 04 00 01 ff 7a ff f3 ff ff 00 0b 0d dc 00 01 80 0b 00 00 0f 61 43 7d aa 8d 00 00 13 64
638,30624,WL,flash_sample,48,30.358,1,110,0,1,1,1,0,1,1,0,1072,30358,0.01708,0.037576,-1.022848,0.020834,0.031251,-1.385461,-1.33,-0.35,2.17,38.875,98351,39.46,250.595901489,4.964,57 4c 01 6e 00 00 04 30 00 00 76 96 00 23 00 4d f7 d0 00 02 00 03 ff 7b ff ed ff fb 00 1f 0d e0 00 01 80 2f 00 00 0f 6a 43 7a 98 8d 00 00 13 64
639,30672,WL,flash_sample,48,30.378,1,110,0,1,1,1,0,1,1,0,1073,30378,0.018056,0.037088,-1.022848,0.041668,0.020834,-1.395878,-2.8,1.05,2.94,38.8828125,98352,39.53,250.50869751,4.964,57 4c 01 6e 00 00 04 31 00 00 76 aa 00 25 00 4c f7 d0 00 04 00 02 ff 7a ff d8 00 0f 00 2a 0d e2 00 01 80 30 00 00 0f 71 43 7a 82 3a 00 00 13 64
640,30720,WL,flash_sample,48,30.398,1,102,0,1,1,0,0,1,1,0,1074,30398,0.017568,0.037576,-1.023824,0.020834,0.031251,-1.395878,-2.94,1.47,2.66,38.890625,98352,39.58,250.50869751,4.964,57 4c 01 66 00 00 04 32 00 00 76 be 00 24 00 4d f7 ce 00 02 00 03 ff 7a ff d6 00 15 00 26 0d e4 00 01 80 30 00 00 0f 76 43 7a 82 3a 00 00 13 64
641,30768,WL,flash_sample,48,30.418,1,102,0,1,1,0,0,1,1,0,1075,30418,0.018056,0.037088,-1.023336,0.010417,0.0,-1.364627,-2.87,1.47,2.66,38.890625,98355,39.63,250.255050659,4.964,57 4c 01 66 00 00 04 33 00 00 76 d2 00 25 00 4c f7 cf 00 01 00 00 ff 7d ff d7 00 15 00 26 0d e4 00 01 80 33 00 00 0f 7b 43 7a 41 4b 00 00 13 64
642,30816,WL,flash_sample,48,30.438,1,110,0,1,1,1,0,1,1,0,1076,30438,0.01708,0.037088,-1.023336,0.020834,0.0,-1.364627,-2.94,1.4,2.66,38.890625,98355,39.68,250.255050659,5.096,57 4c 01 6e 00 00 04 34 00 00 76 e6 00 23 00 4c f7 cf 00 02 00 00 ff 7d ff d6 00 14 00 26 0d e4 00 01 80 33 00 00 0f 80 43 7a 41 4b 00 00 13 e8
643,30864,WL,flash_sample,48,30.458,1,110,0,1,1,1,0,1,1,0,1077,30458,0.018056,0.037088,-1.023824,0.072919,0.020834,-1.375044,-2.52,2.1,0.63,38.9140625,98325,39.68,252.812774658,5.096,57 4c 01 6e 00 00 04 35 00 00 76 fa 00 25 00 4c f7 ce 00 07 00 02 ff 7c ff dc 00 1e 00 09 0d ea 00 01 80 15 00 00 0f 80 43 7c d0 12 00 00 13 e8
644,30912,WL,flash_sample,48,30.478,1,110,0,1,1,1,0,1,1,0,1078,30478,0.01708,0.037088,-1.023336,0.031251,-0.052085,-1.406295,-1.61,0.98,0.77,38.90625,98319,39.71,253.325363159,5.096,57 4c 01 6e 00 00 04 36 00 00 77 0e 00 23 00 4c f7 cf 00 03 ff fb ff 79 ff e9 00 0e 00 0b 0d e8 00 01 80 0f 00 00 0f 83 43 7d 53 4b 00 00 13 e8
645,30960,WL,flash_sample,48,30.498,1,110,0,1,1,1,0,1,1,0,1079,30498,0.01708,0.037088,-1.022848,0.041668,-0.020834,-1.406295,-1.33,0.63,0.77,38.87890625,98319,39.73,253.325363159,5.096,57 4c 01 6e 00 00 04 37 00 00 77 22 00 23 00 4c f7 d0 00 04 ff fe ff 79 ff ed 00 09 00 0b 0d e1 00 01 80 0f 00 00 0f 85 43 7d 53 4b 00 00 13 e8
646,31008,WL,flash_sample,48,30.518,1,102,0,1,1,0,0,1,1,0,1080,30518,0.018056,0.037088,-1.022848,0.041668,-0.010417,-1.395878,-1.26,0.49,0.84,38.890625,98318,39.76,253.409927368,5.096,57 4c 01 66 00 00 04 38 00 00 77 36 00 25 00 4c f7 d0 00 04 ff ff ff 7a ff ee 00 07 00 0c 0d e4 00 01 80 0e 00 00 0f 88 43 7d 68 f1 00 00 13 e8
647,31056,WL,flash_sample,48,30.538,1,102,0,1,1,0,0,1,1,0,1081,30538,0.017568,0.037088,-1.023336,0.052085,0.0,-1.416712,-1.26,0.56,0.77,38.8828125,98318,39.78,253.409927368,4.956,57 4c 01 66 00 00 04 39 00 00 77 4a 00 24 00 4c f7 cf 00 05 00 00 ff 78 ff ee 00 08 00 0b 0d e2 00 01 80 0e 00 00 0f 8a 43 7d 68 f1 00 00 13 5c
648,31104,WL,flash_sample,48,30.558,1,110,0,1,1,1,0,1,1,0,1082,30558,0.018056,0.037088,-1.023336,0.041668,0.0,-1.385461,-1.75,-0.07,2.59,38.88671875,98360,39.85,249.82699585,4.956,57 4c 01 6e 00 00 04 3a 00 00 77 5e 00 25 00 4c f7 cf 00 04 00 00 ff 7b ff e7 ff ff 00 25 0d e3 00 01 80 38 00 00 0f 91 43 79 d3 b6 00 00 13 5c
649,31152,WL,flash_sample,48,30.578,1,110,0,1,1,1,0,1,1,0,1083,30578,0.018056,0.037088,-1.022848,-0.020834,0.031251,-1.406295,-2.66,0.91,3.15,38.8671875,98362,39.89,249.65524292,4.956,57 4c 01 6e 00 00 04 3b 00 00 77 72 00 25 00 4c f7 d0 ff fe 00 03 ff 79 ff da 00 0d 00 2d 0d de 00 01 80 3a 00 00 0f 95 43 79 a7 be 00 00 13 5c
650,31200,WL,flash_sample,48,30.598,1,110,0,1,1,1,0,1,1,0,1084,30598,0.01708,0.037088,-1.023824,-0.010417,0.0,-1.395878,-2.94,1.47,2.73,38.875,98360,39.92,249.82699585,4.956,57 4c 01 6e 00 00 04 3c 00 00 77 86 00 23 00 4c f7 ce ff ff 00 00 ff 7a ff d6 00 15 00 27 0d e0 00 01 80 38 00 00 0f 98 43 79 d3 b6 00 00 13 5c
651,31248,WL,flash_sample,48,30.618,1,102,0,1,1,0,0,1,1,0,1085,30618,0.017568,0.037088,-1.023824,0.010417,0.0,-1.395878,-2.87,1.4,2.66,38.90234375,98361,39.94,249.742446899,4.956,57 4c 01 66 00 00 04 3d 00 00 77 9a 00 24 00 4c f7 ce 00 01 00 00 ff 7a ff d7 00 14 00 26 0d e7 00 01 80 39 00 00 0f 9a 43 79 be 11 00 00 13 5c
652,31296,WL,flash_sample,48,30.638,1,102,0,1,1,0,0,1,1,0,1086,30638,0.017568,0.0366,-1.023824,0.0,-0.010417,-1.395878,-3.01,1.47,2.66,38.91796875,98364,39.97,249.48614502,5.1,57 4c 01 66 00 00 04 3e 00 00 77 ae 00 24 00 4b f7 ce 00 00 ff ff ff 7a ff d5 00 15 00 26 0d eb 00 01 80 3c 00 00 0f 9d 43 79 7c 74 00 00 13 ec
653,31344,WL,flash_sample,48,30.658,1,102,0,1,1,0,0,1,1,0,1087,30658,0.017568,0.037576,-1.023336,0.010417,0.0,-1.427129,-2.94,1.4,2.66,38.94140625,98363,40.0,249.57069397,5.1,57 4c 01 66 00 00 04 3f 00 00 77 c2 00 24 00 4d f7 cf 00 01 00 00 ff 77 ff d6 00 14 00 26 0d f1 00 01 80 3b 00 00 0f a0 43 79 92 19 00 00 13 ec
654,31392,WL,flash_sample,48,30.678,1,110,0,1,1,1,0,1,1,0,1088,30678,0.01708,0.037088,-1.023824,0.020834,0.010417,-1.364627,-2.87,1.4,2.73,38.93359375,98363,40.02,249.57069397,5.1,57 4c 01 6e 00 00 04 40 00 00 77 d6 00 23 00 4c f7 ce 00 02 00 01 ff 7d ff d7 00 14 00 27 0d ef 00 01 80 3b 00 00 0f a2 43 79 92 19 00 00 13 ec
655,31440,WL,flash_sample,48,30.698,1,110,0,1,1,1,0,1,1,0,1089,30698,0.018056,0.037088,-1.023824,0.020834,0.031251,-1.364627,-2.94,1.4,2.73,38.92578125,98366,40.04,249.31439209,5.1,57 4c 01 6e 00 00 04 41 00 00 77 ea 00 25 00 4c f7 ce 00 02 00 03 ff 7d ff d6 00 14 00 27 0d ed 00 01 80 3e 00 00 0f a4 43 79 50 7c 00 00 13 ec
656,31488,WL,flash_sample,48,30.718,1,110,0,1,1,1,0,1,1,0,1090,30718,0.017568,0.037576,-1.023824,0.031251,0.010417,-1.364627,-2.94,1.47,2.66,38.94140625,98365,40.06,249.401596069,5.1,57 4c 01 6e 00 00 04 42 00 00 77 fe 00 24 00 4d f7 ce 00 03 00 01 ff 7d ff d6 00 15 00 26 0d f1 00 01 80 3d 00 00 0f a6 43 79 66 cf 00 00 13 ec
657,31536,WL,flash_sample,48,30.738,1,102,0,1,1,0,0,1,1,0,1091,30738,0.017568,0.037088,-1.024312,0.052085,0.010417,-1.406295,-2.94,1.47,2.73,38.97265625,98365,40.08,249.401596069,5.088,57 4c 01 66 00 00 04 43 00 00 78 12 00 24 00 4c f7 cd 00 05 00 01 ff 79 ff d6 00 15 00 27 0d f9 00 01 80 3d 00 00 0f a8 43 79 66 cf 00 00 13 e0
658,31584,WL,flash_sample,48,30.758,1,102,0,1,1,0,0,1,1,0,1092,30758,0.01708,0.037576,-1.023824,0.052085,-0.031251,-1.375044,-2.94,1.4,2.66,38.90625,98363,40.09,249.57069397,5.088,57 4c 01 66 00 00 04 44 00 00 78 26 00 23 00 4d f7 ce 00 05 ff fd ff 7c ff d6 00 14 00 26 0d e8 00 01 80 3b 00 00 0f a9 43 79 92 19 00 00 13 e0
659,31632,WL,flash_sample,48,30.778,1,102,0,1,1,0,0,1,1,0,1093,30778,0.017568,0.036112,-1.024312,0.0,0.0,-1.406295,-2.94,1.47,2.73,38.94140625,98364,40.11,249.48614502,5.088,57 4c 01 66 00 00 04 45 00 00 78 3a 00 24 00 4a f7 cd 00 00 00 00 ff 79 ff d6 00 15 00 27 0d f1 00 01 80 3c 00 00 0f ab 43 79 7c 74 00 00 13 e0
660,31680,WL,flash_sample,48,30.798,1,110,0,1,1,1,0,1,1,0,1094,30798,0.017568,0.037088,-1.023336,0.031251,0.041668,-1.427129,-2.94,1.47,2.73,38.90625,98368,40.13,249.145294189,5.088,57 4c 01 6e 00 00 04 46 00 00 78 4e 00 24 00 4c f7 cf 00 03 00 04 ff 77 ff d6 00 15 00 27 0d e8 00 01 80 40 00 00 0f ad 43 79 25 32 00 00 13 e0
661,31728,WL,flash_sample,48,30.818,1,110,0,1,1,1,0,1,1,0,1095,30818,0.01708,0.037576,-1.024312,0.041668,0.0,-1.364627,-2.94,1.4,2.66,38.93359375,98366,40.14,249.31439209,5.088,57 4c 01 6e 00 00 04 47 00 00 78 62 00 23 00 4d f7 cd 00 04 00 00 ff 7d ff d6 00 14 00 26 0d ef 00 01 80 3e 00 00 0f ae 43 79 50 7c 00 00 13 e0
662,31776,WL,flash_sample,48,30.838,1,110,0,1,1,1,0,1,1,0,1096,30838,0.01708,0.0366,-1.023336,0.031251,0.020834,-1.395878,-2.94,1.4,2.73,38.96484375,98366,40.15,249.31439209,5.104,57 4c 01 6e 00 00 04 48 00 00 78 76 00 23 00 4b f7 cf 00 03 00 02 ff 7a ff d6 00 14 00 27 0d f7 00 01 80 3e 00 00 0f af 43 79 50 7c 00 00 13 f0
663,31824,WL,flash_sample,48,30.858,1,102,0,1,1,0,0,1,1,0,1097,30858,0.01708,0.0366,-1.022848,0.010417,0.010417,-1.364627,-2.94,1.47,2.66,38.95703125,98367,40.17,249.22984314,5.104,57 4c 01 66 00 00 04 49 00 00 78 8a 00 23 00 4b f7 d0 00 01 00 01 ff 7d ff d6 00 15 00 26 0d f5 00 01 80 3f 00 00 0f b1 43 79 3a d7 00 00 13 f0
664,31872,WL,flash_sample,48,30.878,1,102,0,1,1,0,0,1,1,0,1098,30878,0.017568,0.0366,-1.024312,0.020834,0.0,-1.395878,-2.94,1.47,2.73,38.91796875,98368,40.18,249.145294189,5.104,57 4c 01 66 00 00 04 4a 00 00 78 9e 00 24 00 4b f7 cd 00 02 00 00 ff 7a ff d6 00 15 00 27 0d eb 00 01 80 40 00 00 0f b2 43 79 25 32 00 00 13 f0
665,31920,WL,flash_sample,48,30.898,1,102,0,1,1,0,0,1,1,0,1099,30898,0.017568,0.036112,-1.023824,0.020834,-0.010417,-1.395878,-3.01,1.54,2.66,38.92578125,98370,40.19,248.97354126,5.104,57 4c 01 66 00 00 04 4b 00 00 78 b2 00 24 00 4a f7 ce 00 02 ff ff ff 7a ff d5 00 16 00 26 0d ed 00 01 80 42 00 00 0f b3 43 78 f9 3a 00 00 13 f0
666,31968,WL,flash_sample,48,30.918,1,110,0,1,1,1,0,1,1,0,1100,30918,0.016592,0.037576,-1.024312,0.010417,0.010417,-1.364627,-2.94,1.4,2.87,39.0,98361,40.2,249.742446899,5.104,57 4c 01 6e 00 00 04 4c 00 00 78 c6 00 22 00 4d f7 cd 00 01 00 01 ff 7d ff d6 00 14 00 29 0e 00 00 01 80 39 00 00 0f b4 43 79 be 11 00 00 13 f0
667,32016,WL,flash_sample,48,30.938,1,110,0,1,1,1,0,1,1,0,1101,30938,0.01708,0.0366,-1.023336,0.0,0.031251,-1.395878,-2.94,1.4,2.73,38.95703125,98365,40.21,249.401596069,5.104,57 4c 01 6e 00 00 04 4d 00 00 78 da 00 23 00 4b f7 cf 00 00 00 03 ff 7a ff d6 00 14 00 27 0d f5 00 01 80 3d 00 00 0f b5 43 79 66 cf 00 00 13 f0
668,32064,WL,flash_sample,48,30.958,1,110,0,1,1,1,0,1,1,0,1102,30958,0.017568,0.036112,-1.022848,0.052085,0.0,-1.375044,-3.01,1.47,2.73,38.984375,98369,40.22,249.060745239,5.104,57 4c 01 6e 00 00 04 4e 00 00 78 ee 00 24 00 4a f7 d0 00 05 00 00 ff 7c ff d5 00 15 00 27 0d fc 00 01 80 41 00 00 0f b6 43 79 0f 8d 00 00 13 f0
669,32112,WL,flash_sample,48,30.978,1,102,0,1,1,0,0,1,1,0,1103,30978,0.016592,0.0366,-1.023336,0.031251,0.041668,-1.385461,-2.94,1.4,2.73,38.94921875,98371,40.23,248.88899231,5.104,57 4c 01 66 00 00 04 4f 00 00 79 02 00 22 00 4b f7 cf 00 03 00 04 ff 7b ff d6 00 14 00 27 0d f3 00 01 80 43 00 00 0f b7 43 78 e3 95 00 00 13 f0
670,32160,WL,flash_sample,48,30.998,1,102,0,1,1,0,0,1,1,0,1104,30998,0.01708,0.037088,-1.0248,0.041668,0.0,-1.35421,-3.01,1.4,2.66,38.94921875,98368,40.24,249.145294189,5.104,57 4c 01 66 00 00 04 50 00 00 79 16 00 23 00 4c f7 cc 00 04 00 00 ff 7e ff d5 00 14 00 26 0d f3 00 01 80 40 00 00 0f b8 43 79 25 32 00 00 13 f0
671,32208,WL,flash_sample,48,31.018,1,110,0,1,1,1,0,1,1,0,1105,31018,0.01708,0.037088,-1.022848,0.072919,0.041668,-1.375044,-2.94,1.47,2.66,38.91796875,98368,40.24,249.145294189,5.104,57 4c 01 6e 00 00 04 51 00 00 79 2a 00 23 00 4c f7 d0 00 07 00 04 ff 7c ff d6 00 15 00 26 0d eb 00 01 80 40 00 00 0f b8 43 79 25 32 00 00 13 f0
672,32256,WL,flash_sample,48,31.038,1,110,0,1,1,1,0,1,1,0,1106,31038,0.01708,0.037088,-1.022848,0.072919,0.041668,-1.375044,-2.94,1.47,2.66,38.91796875,98368,40.24,249.145294189,5.104,57 4c 01 6e 00 00 04 52 00 00 79 3e 00 23 00 4c f7 d0 00 07 00 04 ff 7c ff d6 00 15 00 26 0d eb 00 01 80 40 00 00 0f b8 43 79 25 32 00 00 13 f0
673,32304,WL,flash_sample,48,31.058,1,110,0,1,1,1,0,1,1,0,1107,31058,0.01708,0.037088,-1.022848,0.072919,0.041668,-1.375044,-2.94,1.47,2.66,38.91796875,98368,40.24,249.145294189,5.104,57 4c 01 6e 00 00 04 53 00 00 79 52 00 23 00 4c f7 d0 00 07 00 04 ff 7c ff d6 00 15 00 26 0d eb 00 01 80 40 00 00 0f b8 43 79 25 32 00 00 13 f0
674,32352,WL,flash_sample,48,31.078,1,110,0,1,1,1,0,1,1,0,1108,31078,0.01708,0.037088,-1.022848,0.072919,0.041668,-1.375044,-2.94,1.47,2.66,38.91796875,98368,40.24,249.145294189,5.104,57 4c 01 6e 00 00 04 54 00 00 79 66 00 23 00 4c f7 d0 00 07 00 04 ff 7c ff d6 00 15 00 26 0d eb 00 01 80 40 00 00 0f b8 43 79 25 32 00 00 13 f0
675,32400,WL,flash_sample,48,31.098,1,102,0,1,1,0,0,1,1,0,1109,31098,0.018056,0.0366,-1.02236,0.072919,-0.010417,-1.364627,-0.7,-0.84,1.47,38.97265625,98374,40.25,248.63269043,5.084,57 4c 01 66 00 00 04 55 00 00 79 7a 00 25 00 4b f7 d1 00 07 ff ff ff 7d ff f6 ff f4 00 15 0d f9 00 01 80 46 00 00 0f b9 43 78 a1 f8 00 00 13 dc
676,32448,WL,flash_sample,48,31.118,1,102,0,1,1,0,0,1,1,0,1110,31118,0.01708,0.037576,-1.02236,0.031251,0.0,-1.375044,-1.75,-0.07,2.66,38.96484375,98361,39.92,249.742446899,5.084,57 4c 01 66 00 00 04 56 00 00 79 8e 00 23 00 4d f7 d1 00 03 00 00 ff 7c ff e7 ff ff 00 26 0d f7 00 01 80 39 00 00 0f 98 43 79 be 11 00 00 13 dc
677,32496,WL,flash_sample,48,31.138,1,111,1,1,1,1,0,1,1,0,1111,31138,0.017568,0.0366,-1.022848,0.031251,0.031251,-1.385461,-2.94,1.47,2.66,38.96484375,98361,39.96,249.742446899,5.104,57 4c 01 6f 00 00 04 57 00 00 79 a2 00 24 00 4b f7 d0 00 03 00 03 ff 7b ff d6 00 15 00 26 0d f7 00 01 80 39 00 00 0f 9c 43 79 be 11 00 00 13 f0
678,32544,WL,flash_sample,48,31.158,1,111,1,1,1,1,0,1,1,0,1112,31158,0.017568,0.0366,-1.022848,0.031251,0.031251,-1.385461,-2.94,1.47,2.66,38.96484375,98361,39.96,249.742446899,5.104,57 4c 01 6f 00 00 04 58 00 00 79 b6 00 24 00 4b f7 d0 00 03 00 03 ff 7b ff d6 00 15 00 26 0d f7 00 01 80 39 00 00 0f 9c 43 79 be 11 00 00 13 f0
679,32592,WL,flash_sample,48,31.178,1,111,1,1,1,1,0,1,1,0,1113,31178,0.017568,0.0366,-1.022848,0.031251,0.031251,-1.385461,-2.94,1.47,2.66,38.96484375,98361,39.96,249.742446899,5.104,57 4c 01 6f 00 00 04 59 00 00 79 ca 00 24 00 4b f7 d0 00 03 00 03 ff 7b ff d6 00 15 00 26 0d f7 00 01 80 39 00 00 0f 9c 43 79 be 11 00 00 13 f0
680,32640,WL,flash_sample,48,31.198,1,111,1,1,1,1,0,1,1,0,1114,31198,0.017568,0.0366,-1.022848,0.031251,0.031251,-1.385461,-2.94,1.47,2.66,38.96484375,98361,39.96,249.742446899,5.104,57 4c 01 6f 00 00 04 5a 00 00 79 de 00 24 00 4b f7 d0 00 03 00 03 ff 7b ff d6 00 15 00 26 0d f7 00 01 80 39 00 00 0f 9c 43 79 be 11 00 00 13 f0
681,32688,WL,flash_sample,48,31.218,1,111,1,1,1,1,0,1,1,0,1115,31218,0.017568,0.0366,-1.022848,0.031251,0.031251,-1.385461,-2.94,1.47,2.66,38.96484375,98361,39.96,249.742446899,5.104,57 4c 01 6f 00 00 04 5b 00 00 79 f2 00 24 00 4b f7 d0 00 03 00 03 ff 7b ff d6 00 15 00 26 0d f7 00 01 80 39 00 00 0f 9c 43 79 be 11 00 00 13 f0
682,32736,WL,flash_sample,48,31.238,1,111,1,1,1,1,0,1,1,0,1116,31238,0.017568,0.0366,-1.022848,0.031251,0.031251,-1.385461,-2.94,1.47,2.66,38.96484375,98361,39.96,249.742446899,5.104,57 4c 01 6f 00 00 04 5c 00 00 7a 06 00 24 00 4b f7 d0 00 03 00 03 ff 7b ff d6 00 15 00 26 0d f7 00 01 80 39 00 00 0f 9c 43 79 be 11 00 00 13 f0
683,32784,WL,flash_sample,48,31.258,1,111,1,1,1,1,0,1,1,0,1117,31258,0.017568,0.0366,-1.022848,0.031251,0.031251,-1.385461,-2.94,1.47,2.66,38.96484375,98361,39.96,249.742446899,5.104,57 4c 01 6f 00 00 04 5d 00 00 7a 1a 00 24 00 4b f7 d0 00 03 00 03 ff 7b ff d6 00 15 00 26 0d f7 00 01 80 39 00 00 0f 9c 43 79 be 11 00 00 13 f0
684,32832,WL,flash_sample,48,31.278,1,111,1,1,1,1,0,1,1,0,1118,31278,0.01708,0.037088,-1.02236,0.031251,0.0,-1.385461,-0.28,0.14,-0.21,38.94140625,98366,39.99,249.31439209,5.104,57 4c 01 6f 00 00 04 5e 00 00 7a 2e 00 23 00 4c f7 d1 00 03 00 00 ff 7b ff fc 00 02 ff fd 0d f1 00 01 80 3e 00 00 0f 9f 43 79 50 7c 00 00 13 f0
685,32880,WL,flash_sample,48,31.298,1,111,1,1,1,1,0,1,1,0,1119,31298,0.01708,0.037088,-1.02236,0.031251,0.0,-1.385461,-0.28,0.14,-0.21,38.94140625,98366,39.99,249.31439209,5.104,57 4c 01 6f 00 00 04 5f 00 00 7a 42 00 23 00 4c f7 d1 00 03 00 00 ff 7b ff fc 00 02 ff fd 0d f1 00 01 80 3e 00 00 0f 9f 43 79 50 7c 00 00 13 f0
686,32928,WL,flash_sample,48,31.318,1,65,1,0,0,0,0,0,1,0,1120,31318,0.017568,0.0366,-1.021384,0.062502,0.010417,-1.385461,-0.28,0.0,-0.14,38.94921875,98366,39.99,249.31439209,4.964,57 4c 01 41 00 00 04 60 00 00 7a 56 00 24 00 4b f7 d3 00 06 00 01 ff 7b ff fc 00 00 ff fe 0d f3 00 01 80 3e 00 00 0f 9f 43 79 50 7c 00 00 13 64
687,32976,WL,flash_sample,48,31.338,1,103,1,1,1,0,0,1,1,0,1121,31338,0.01708,0.0366,-1.02236,0.020834,0.010417,-1.395878,-0.91,-0.07,0.84,39.01953125,98324,39.55,252.897323608,4.972,57 4c 01 67 00 00 04 61 00 00 7a 6a 00 23 00 4b f7 d1 00 02 00 01 ff 7a ff f3 ff ff 00 0c 0e 05 00 01 80 14 00 00 0f 73 43 7c e5 b7 00 00 13 6c
688,33024,WL,flash_sample,48,31.358,1,103,1,1,1,0,0,1,1,0,1122,31358,0.016592,0.037576,-1.02236,0.052085,-0.031251,-1.364627,-1.33,-0.42,2.1,39.01953125,98346,39.51,251.02130127,4.972,57 4c 01 67 00 00 04 62 00 00 7a 7e 00 22 00 4d f7 d1 00 05 ff fd ff 7d ff ed ff fa 00 1e 0e 05 00 01 80 2a 00 00 0f 6f 43 7b 05 74 00 00 13 6c
689,33072,WL,flash_sample,48,31.378,1,111,1,1,1,1,0,1,1,0,1123,31378,0.017568,0.037088,-1.023336,0.041668,0.031251,-1.364627,-2.8,1.05,3.01,39.0,98352,39.61,250.50869751,4.972,57 4c 01 6f 00 00 04 63 00 00 7a 92 00 24 00 4c f7 cf 00 04 00 03 ff 7d ff d8 00 0f 00 2b 0e 00 00 01 80 30 00 00 0f 79 43 7a 82 3a 00 00 13 6c
690,33120,WL,flash_sample,48,31.398,1,111,1,1,1,1,0,1,1,0,1124,31398,0.018056,0.037088,-1.023824,0.031251,0.020834,-1.395878,-2.87,1.4,2.66,39.015625,98352,39.67,250.50869751,4.972,57 4c 01 6f 00 00 04 64 00 00 7a a6 00 25 00 4c f7 ce 00 03 00 02 ff 7a ff d7 00 14 00 26 0e 04 00 01 80 30 00 00 0f 7f 43 7a 82 3a 00 00 13 6c
691,33168,WL,flash_sample,48,31.418,1,111,1,1,1,1,0,1,1,0,1125,31418,0.01708,0.037088,-1.023336,0.052085,0.0,-1.385461,-2.94,1.4,2.66,38.9921875,98351,39.72,250.595901489,4.972,57 4c 01 6f 00 00 04 65 00 00 7a ba 00 23 00 4c f7 cf 00 05 00 00 ff 7b ff d6 00 14 00 26 0d fe 00 01 80 2f 00 00 0f 84 43 7a 98 8d 00 00 13 6c
692,33216,WL,flash_sample,48,31.438,1,103,1,1,1,0,0,1,1,0,1126,31438,0.016592,0.0366,-1.023336,0.031251,0.010417,-1.395878,-2.94,1.47,2.66,39.02734375,98355,39.77,250.255050659,5.096,57 4c 01 67 00 00 04 66 00 00 7a ce 00 22 00 4b f7 cf 00 03 00 01 ff 7a ff d6 00 15 00 26 0e 07 00 01 80 33 00 00 0f 89 43 7a 41 4b 00 00 13 e8
693,33264,WL,flash_sample,48,31.458,1,103,1,1,1,0,0,1,1,0,1127,31458,0.01708,0.0366,-1.023336,0.041668,0.010417,-1.385461,-2.52,2.1,0.63,39.01953125,98321,39.81,253.153625488,5.096,57 4c 01 67 00 00 04 67 00 00 7a e2 00 23 00 4b f7 cf 00 04 00 01 ff 7b ff dc 00 1e 00 09 0e 05 00 01 80 11 00 00 0f 8d 43 7d 27 54 00 00 13 e8
694,33312,WL,flash_sample,48,31.478,1,103,1,1,1,0,0,1,1,0,1128,31478,0.01708,0.037576,-1.023336,0.031251,0.010417,-1.364627,-1.61,1.05,0.77,38.984375,98318,39.8,253.409927368,5.096,57 4c 01 67 00 00 04 68 00 00 7a f6 00 23 00 4d f7 cf 00 03 00 01 ff 7d ff e9 00 0f 00 0b 0d fc 00 01 80 0e 00 00 0f 8c 43 7d 68 f1 00 00 13 e8
695,33360,WL,flash_sample,48,31.498,1,111,1,1,1,1,0,1,1,0,1129,31498,0.018056,0.0366,-1.022848,0.020834,0.0,-1.395878,-1.33,0.63,0.77,38.96484375,98316,39.83,253.579025269,5.096,57 4c 01 6f 00 00 04 69 00 00 7b 0a 00 25 00 4b f7 d0 00 02 00 00 ff 7a ff ed 00 09 00 0b 0d f7 00 01 80 0c 00 00 0f 8f 43 7d 94 3b 00 00 13 e8
696,33408,WL,flash_sample,48,31.518,1,111,1,1,1,1,0,1,1,0,1130,31518,0.016592,0.037576,-1.023824,0.072919,-0.031251,-1.395878,-1.33,0.56,0.77,39.015625,98319,39.86,253.325363159,5.096,57 4c 01 6f 00 00 04 6a 00 00 7b 1e 00 22 00 4d f7 ce 00 07 ff fd ff 7a ff ed 00 08 00 0b 0e 04 00 01 80 0f 00 00 0f 92 43 7d 53 4b 00 00 13 e8
697,33456,WL,flash_sample,48,31.538,1,111,1,1,1,1,0,1,1,0,1131,31538,0.018544,0.036112,-1.023336,0.031251,0.020834,-1.364627,-1.26,0.56,0.77,39.0078125,98327,39.89,252.641021729,4.968,57 4c 01 6f 00 00 04 6b 00 00 7b 32 00 26 00 4a f7 cf 00 03 00 02 ff 7d ff ee 00 08 00 0b 0e 02 00 01 80 17 00 00 0f 95 43 7c a4 1a 00 00 13 68
698,33504,WL,flash_sample,48,31.558,1,103,1,1,1,0,0,1,1,0,1132,31558,0.01708,0.0366,-1.022848,0.041668,0.010417,-1.364627,-1.68,-0.14,2.52,39.0078125,98354,39.91,250.339599609,4.968,57 4c 01 67 00 00 04 6c 00 00 7b 46 00 23 00 4b f7 d0 00 04 00 01 ff 7d ff e8 ff fe 00 24 0e 02 00 01 80 32 00 00 0f 97 43 7a 56 f0 00 00 13 68
699,33552,WL,flash_sample,48,31.578,1,103,1,1,1,0,0,1,1,0,1133,31578,0.017568,0.037088,-1.023336,0.052085,0.010417,-1.375044,-2.59,0.77,3.15,39.01953125,98363,39.99,249.57069397,4.968,57 4c 01 67 00 00 04 6d 00 00 7b 5a 00 24 00 4c f7 cf 00 05 00 01 ff 7c ff db 00 0b 00 2d 0e 05 00 01 80 3b 00 00 0f 9f 43 79 92 19 00 00 13 68
700,33600,WL,flash_sample,48,31.598,1,103,1,1,1,0,0,1,1,0,1134,31598,0.017568,0.037088,-1.023824,0.020834,0.010417,-1.395878,-2.94,1.4,2.66,39.0390625,98359,40.02,249.9115448,4.968,57 4c 01 67 00 00 04 6e 00 00 7b 6e 00 24 00 4c f7 ce 00 02 00 01 ff 7a ff d6 00 14 00 26 0e 0a 00 01 80 37 00 00 0f a2 43 79 e9 5b 00 00 13 68
701,33648,WL,flash_sample,48,31.618,1,111,1,1,1,1,0,1,1,0,1135,31618,0.017568,0.037088,-1.023336,0.062502,0.010417,-1.385461,-2.94,1.47,2.66,39.0546875,98359,40.05,249.9115448,4.968,57 4c 01 6f 00 00 04 6f 00 00 7b 82 00 24 00 4c f7 cf 00 06 00 01 ff 7b ff d6 00 15 00 26 0e 0e 00 01 80 37 00 00 0f a5 43 79 e9 5b 00 00 13 68
702,33696,WL,flash_sample,48,31.638,1,111,1,1,1,1,0,1,1,0,1136,31638,0.017568,0.037088,-1.024312,0.031251,0.010417,-1.406295,-2.94,1.4,2.66,39.07421875,98359,40.08,249.9115448,5.1,57 4c 01 6f 00 00 04 70 00 00 7b 96 00 24 00 4c f7 cd 00 03 00 01 ff 79 ff d6 00 14 00 26 0e 13 00 01 80 37 00 00 0f a8 43 79 e9 5b 00 00 13 ec
703,33744,WL,flash_sample,48,31.658,1,111,1,1,1,1,0,1,1,0,1137,31658,0.017568,0.0366,-1.023824,0.052085,0.020834,-1.406295,-2.94,1.4,2.66,39.01953125,98360,40.1,249.82699585,5.1,57 4c 01 6f 00 00 04 71 00 00 7b aa 00 24 00 4b f7 ce 00 05 00 02 ff 79 ff d6 00 14 00 26 0e 05 00 01 80 38 00 00 0f aa 43 79 d3 b6 00 00 13 ec
704,33792,WL,flash_sample,48,31.678,1,103,1,1,1,0,0,1,1,0,1138,31678,0.01708,0.037088,-1.023824,0.052085,0.0,-1.35421,-2.94,1.4,2.73,39.03515625,98362,40.12,249.65524292,5.1,57 4c 01 67 00 00 04 72 00 00 7b be 00 23 00 4c f7 ce 00 05 00 00 ff 7e ff d6 00 14 00 27 0e 09 00 01 80 3a 00 00 0f ac 43 79 a7 be 00 00 13 ec
705,33840,WL,flash_sample,48,31.698,1,103,1,1,1,0,0,1,1,0,1139,31698,0.018056,0.037576,-1.023824,0.072919,0.010417,-1.35421,-2.94,1.47,2.66,39.08984375,98364,40.15,249.48614502,5.1,57 4c 01 67 00 00 04 73 00 00 7b d2 00 25 00 4d f7 ce 00 07 00 01 ff 7e ff d6 00 15 00 26 0e 17 00 01 80 3c 00 00 0f af 43 79 7c 74 00 00 13 ec
706,33888,WL,flash_sample,48,31.718,1,103,1,1,1,0,0,1,1,0,1140,31718,0.018056,0.037088,-1.024312,0.031251,0.010417,-1.416712,-2.94,1.47,2.73,39.125,98365,40.17,249.401596069,5.1,57 4c 01 67 00 00 04 74 00 00 7b e6 00 25 00 4c f7 cd 00 03 00 01 ff 78 ff d6 00 15 00 27 0e 20 00 01 80 3d 00 00 0f b1 43 79 66 cf 00 00 13 ec
707,33936,WL,flash_sample,48,31.738,1,111,1,1,1,1,0,1,1,0,1141,31738,0.018056,0.037088,-1.023824,0.031251,0.010417,-1.385461,-2.94,1.47,2.66,39.06640625,98367,40.19,249.22984314,5.084,57 4c 01 6f 00 00 04 75 00 00 7b fa 00 25 00 4c f7 ce 00 03 00 01 ff 7b ff d6 00 15 00 26 0e 11 00 01 80 3f 00 00 0f b3 43 79 3a d7 00 00 13 dc
708,33984,WL,flash_sample,48,31.758,1,111,1,1,1,1,0,1,1,0,1142,31758,0.01708,0.0366,-1.023824,0.052085,0.0,-1.427129,-3.01,1.4,2.73,39.10546875,98365,40.2,249.401596069,5.084,57 4c 01 6f 00 00 04 76 00 00 7c 0e 00 23 00 4b f7 ce 00 05 00 00 ff 77 ff d5 00 14 00 27 0e 1b 00 01 80 3d 00 00 0f b4 43 79 66 cf 00 00 13 dc
709,34032,WL,flash_sample,48,31.778,1,111,1,1,1,1,0,1,1,0,1143,31778,0.017568,0.037088,-1.023824,0.020834,0.010417,-1.385461,-3.01,1.47,2.73,39.07421875,98363,40.22,249.57069397,5.084,57 4c 01 6f 00 00 04 77 00 00 7c 22 00 24 00 4c f7 ce 00 02 00 01 ff 7b ff d5 00 15 00 27 0e 13 00 01 80 3b 00 00 0f b6 43 79 92 19 00 00 13 dc
710,34080,WL,flash_sample,48,31.798,1,103,1,1,1,0,0,1,1,0,1144,31798,0.017568,0.0366,-1.023824,0.020834,0.031251,-1.375044,-2.94,1.4,2.66,39.08203125,98368,40.24,249.145294189,5.084,57 4c 01 67 00 00 04 78 00 00 7c 36 00 24 00 4b f7 ce 00 02 00 03 ff 7c ff d6 00 14 00 26 0e 15 00 01 80 40 00 00 0f b8 43 79 25 32 00 00 13 dc
711,34128,WL,flash_sample,48,31.818,1,103,1,1,1,0,0,1,1,0,1145,31818,0.017568,0.0366,-1.024312,0.041668,0.010417,-1.375044,-2.94,1.47,2.73,39.09765625,98367,40.25,249.22984314,5.084,57 4c 01 67 00 00 04 79 00 00 7c 4a 00 24 00 4b f7 cd 00 04 00 01 ff 7c ff d6 00 15 00 27 0e 19 00 01 80 3f 00 00 0f b9 43 79 3a d7 00 00 13 dc
712,34176,WL,flash_sample,48,31.838,1,111,1,1,1,1,0,1,1,0,1146,31838,0.01708,0.037088,-1.023824,0.062502,-0.010417,-1.385461,-2.94,1.47,2.66,39.10546875,98370,40.27,248.97354126,5.092,57 4c 01 6f 00 00 04 7a 00 00 7c 5e 00 23 00 4c f7 ce 00 06 ff ff ff 7b ff d6 00 15 00 26 0e 1b 00 01 80 42 00 00 0f bb 43 78 f9 3a 00 00 13 e4
713,34224,WL,flash_sample,48,31.858,1,111,1,1,1,1,0,1,1,0,1147,31858,0.01708,0.037088,-1.023336,0.031251,0.041668,-1.385461,-2.94,1.47,2.66,39.08984375,98368,40.28,249.145294189,5.092,57 4c 01 6f 00 00 04 7b 00 00 7c 72 00 23 00 4c f7 cf 00 03 00 04 ff 7b ff d6 00 15 00 26 0e 17 00 01 80 40 00 00 0f bc 43 79 25 32 00 00 13 e4
714,34272,WL,flash_sample,48,31.878,1,111,1,1,1,1,0,1,1,0,1148,31878,0.017568,0.037088,-1.024312,0.010417,-0.020834,-1.416712,-2.94,1.4,2.73,39.125,98367,40.29,249.22984314,5.092,57 4c 01 6f 00 00 04 7c 00 00 7c 86 00 24 00 4c f7 cd 00 01 ff fe ff 78 ff d6 00 14 00 27 0e 20 00 01 80 3f 00 00 0f bd 43 79 3a d7 00 00 13 e4
715,34320,WL,flash_sample,48,31.898,1,111,1,1,1,1,0,1,1,0,1149,31898,0.018056,0.037088,-1.024312,0.041668,0.010417,-1.375044,-2.94,1.47,2.73,39.125,98366,40.3,249.31439209,5.092,57 4c 01 6f 00 00 04 7d 00 00 7c 9a 00 25 00 4c f7 cd 00 04 00 01 ff 7c ff d6 00 15 00 27 0e 20 00 01 80 3e 00 00 0f be 43 79 50 7c 00 00 13 e4
716,34368,WL,flash_sample,48,31.918,1,103,1,1,1,0,0,1,1,0,1150,31918,0.017568,0.037088,-1.0248,0.052085,0.020834,-1.406295,-2.94,1.33,2.94,39.08984375,98368,40.31,249.145294189,5.092,57 4c 01 67 00 00 04 7e 00 00 7c ae 00 24 00 4c f7 cc 00 05 00 02 ff 79 ff d6 00 13 00 2a 0e 17 00 01 80 40 00 00 0f bf 43 79 25 32 00 00 13 e4
717,34416,WL,flash_sample,48,31.938,1,103,1,1,1,0,0,1,1,0,1151,31938,0.01708,0.037088,-1.025288,0.031251,0.0,-1.375044,-2.94,1.47,2.73,39.125,98365,40.31,249.401596069,5.084,57 4c 01 67 00 00 04 7f 00 00 7c c2 00 23 00 4c f7 cb 00 03 00 00 ff 7c ff d6 00 15 00 27 0e 20 00 01 80 3d 00 00 0f bf 43 79 66 cf 00 00 13 dc
718,34464,WL,flash_sample,48,31.958,1,111,1,1,1,1,0,1,1,0,1152,31958,0.01708,0.0366,-1.0248,0.031251,0.0,-1.416712,-3.01,1.47,2.73,39.1328125,98368,40.33,249.145294189,5.084,57 4c 01 6f 00 00 04 80 00 00 7c d6 00 23 00 4b f7 cc 00 03 00 00 ff 78 ff d5 00 15 00 27 0e 22 00 01 80 40 00 00 0f c1 43 79 25 32 00 00 13 dc
719,34512,WL,flash_sample,48,31.978,1,111,1,1,1,1,0,1,1,0,1153,31978,0.017568,0.037576,-1.023824,0.031251,0.020834,-1.333376,-3.01,1.47,2.73,39.125,98369,40.34,249.060745239,5.084,57 4c 01 6f 00 00 04 81 00 00 7c ea 00 24 00 4d f7 ce 00 03 00 02 ff 80 ff d5 00 15 00 27 0e 20 00 01 80 41 00 00 0f c2 43 79 0f 8d 00 00 13 dc
720,34560,WL,flash_sample,48,31.998,1,111,1,1,1,1,0,1,1,0,1154,31998,0.016592,0.037088,-1.023336,0.052085,0.031251,-1.395878,-2.94,1.47,2.73,39.08984375,98371,40.35,248.88899231,5.084,57 4c 01 6f 00 00 04 82 00 00 7c fe 00 22 00 4c f7 cf 00 05 00 03 ff 7a ff d6 00 15 00 27 0e 17 00 01 80 43 00 00 0f c3 43 78 e3 95 00 00 13 dc
721,34608,WL,flash_sample,48,32.018,1,103,1,1,1,0,0,1,1,0,1155,32018,0.01708,0.037088,-1.023336,0.041668,0.062502,-1.406295,-3.01,1.47,2.66,39.08984375,98370,40.36,248.97354126,5.084,57 4c 01 67 00 00 04 83 00 00 7d 12 00 23 00 4c f7 cf 00 04 00 06 ff 79 ff d5 00 15 00 26 0e 17 00 01 80 42 00 00 0f c4 43 78 f9 3a 00 00 13 dc
722,34656,WL,flash_sample,48,32.038,1,103,1,1,1,0,0,1,1,0,1156,32038,0.01708,0.037088,-1.023336,0.041668,0.062502,-1.406295,-3.01,1.47,2.66,39.08984375,98370,40.36,248.97354126,5.084,57 4c 01 67 00 00 04 84 00 00 7d 26 00 23 00 4c f7 cf 00 04 00 06 ff 79 ff d5 00 15 00 26 0e 17 00 01 80 42 00 00 0f c4 43 78 f9 3a 00 00 13 dc
723,34704,WL,flash_sample,48,32.058,1,103,1,1,1,0,0,1,1,0,1157,32058,0.01708,0.037088,-1.023336,0.041668,0.062502,-1.406295,-3.01,1.47,2.66,39.08984375,98370,40.36,248.97354126,5.084,57 4c 01 67 00 00 04 85 00 00 7d 3a 00 23 00 4c f7 cf 00 04 00 06 ff 79 ff d5 00 15 00 26 0e 17 00 01 80 42 00 00 0f c4 43 78 f9 3a 00 00 13 dc
724,34752,WL,flash_sample,48,32.078,1,103,1,1,1,0,0,1,1,0,1158,32078,0.01708,0.037088,-1.023336,0.041668,0.062502,-1.406295,-3.01,1.47,2.66,39.08984375,98370,40.36,248.97354126,5.084,57 4c 01 67 00 00 04 86 00 00 7d 4e 00 23 00 4c f7 cf 00 04 00 06 ff 79 ff d5 00 15 00 26 0e 17 00 01 80 42 00 00 0f c4 43 78 f9 3a 00 00 13 dc
725,34800,WL,flash_sample,48,32.098,1,111,1,1,1,1,0,1,1,0,1159,32098,0.016592,0.037576,-1.023336,0.052085,0.020834,-1.385461,-0.63,-0.91,1.4,39.1328125,98426,40.37,244.198959351,5.084,57 4c 01 6f 00 00 04 87 00 00 7d 62 00 22 00 4d f7 cf 00 05 00 02 ff 7b ff f7 ff f3 00 14 0e 22 00 01 80 7a 00 00 0f c5 43 74 32 ef 00 00 13 dc
726,34848,WL,flash_sample,48,32.118,1,111,1,1,1,1,0,1,1,0,1160,32118,0.018056,0.0366,-1.022848,0.031251,0.031251,-1.395878,-1.75,-0.07,2.59,39.1328125,98364,40.08,249.48614502,5.084,57 4c 01 6f 00 00 04 88 00 00 7d 76 00 25 00 4b f7 d0 00 03 00 03 ff 7a ff e7 ff ff 00 25 0e 22 00 01 80 3c 00 00 0f a8 43 79 7c 74 00 00 13 dc
727,34896,WL,flash_sample,48,32.138,1,102,0,1,1,0,0,1,1,0,1161,32138,0.018056,0.037088,-1.023824,0.062502,0.010417,-1.385461,-2.94,1.47,2.66,39.1328125,98362,40.11,249.65524292,5.104,57 4c 01 66 00 00 04 89 00 00 7d 8a 00 25 00 4c f7 ce 00 06 00 01 ff 7b ff d6 00 15 00 26 0e 22 00 01 80 3a 00 00 0f ab 43 79 a7 be 00 00 13 f0
728,34944,WL,flash_sample,48,32.158,1,102,0,1,1,0,0,1,1,0,1162,32158,0.018056,0.037088,-1.023824,0.062502,0.010417,-1.385461,-2.94,1.47,2.66,39.1328125,98362,40.11,249.65524292,5.104,57 4c 01 66 00 00 04 8a 00 00 7d 9e 00 25 00 4c f7 ce 00 06 00 01 ff 7b ff d6 00 15 00 26 0e 22 00 01 80 3a 00 00 0f ab 43 79 a7 be 00 00 13 f0
729,34992,WL,flash_sample,48,32.178,1,102,0,1,1,0,0,1,1,0,1163,32178,0.018056,0.037088,-1.023824,0.062502,0.010417,-1.385461,-2.94,1.47,2.66,39.1328125,98362,40.11,249.65524292,5.104,57 4c 01 66 00 00 04 8b 00 00 7d b2 00 25 00 4c f7 ce 00 06 00 01 ff 7b ff d6 00 15 00 26 0e 22 00 01 80 3a 00 00 0f ab 43 79 a7 be 00 00 13 f0
730,35040,WL,flash_sample,48,32.198,1,102,0,1,1,0,0,1,1,0,1164,32198,0.018056,0.037088,-1.023824,0.062502,0.010417,-1.385461,-2.94,1.47,2.66,39.1328125,98362,40.11,249.65524292,5.104,57 4c 01 66 00 00 04 8c 00 00 7d c6 00 25 00 4c f7 ce 00 06 00 01 ff 7b ff d6 00 15 00 26 0e 22 00 01 80 3a 00 00 0f ab 43 79 a7 be 00 00 13 f0
731,35088,WL,flash_sample,48,32.218,1,102,0,1,1,0,0,1,1,0,1165,32218,0.018056,0.037088,-1.023824,0.062502,0.010417,-1.385461,-2.94,1.47,2.66,39.1328125,98362,40.11,249.65524292,5.104,57 4c 01 66 00 00 04 8d 00 00 7d da 00 25 00 4c f7 ce 00 06 00 01 ff 7b ff d6 00 15 00 26 0e 22 00 01 80 3a 00 00 0f ab 43 79 a7 be 00 00 13 f0
732,35136,WL,flash_sample,48,32.238,1,102,0,1,1,0,0,1,1,0,1166,32238,0.018056,0.037088,-1.023824,0.062502,0.010417,-1.385461,-2.94,1.47,2.66,39.1328125,98362,40.11,249.65524292,5.104,57 4c 01 66 00 00 04 8e 00 00 7d ee 00 25 00 4c f7 ce 00 06 00 01 ff 7b ff d6 00 15 00 26 0e 22 00 01 80 3a 00 00 0f ab 43 79 a7 be 00 00 13 f0
733,35184,WL,flash_sample,48,32.258,1,102,0,1,1,0,0,1,1,0,1167,32258,0.018056,0.037088,-1.023824,0.062502,0.010417,-1.385461,-2.94,1.47,2.66,39.1328125,98362,40.11,249.65524292,5.104,57 4c 01 66 00 00 04 8f 00 00 7e 02 00 25 00 4c f7 ce 00 06 00 01 ff 7b ff d6 00 15 00 26 0e 22 00 01 80 3a 00 00 0f ab 43 79 a7 be 00 00 13 f0
734,35232,WL,flash_sample,48,32.278,1,110,0,1,1,1,0,1,1,0,1168,32278,0.017568,0.036112,-1.022848,0.031251,0.010417,-1.385461,-0.28,0.14,-0.21,39.1328125,98362,40.11,249.65524292,5.104,57 4c 01 6e 00 00 04 90 00 00 7e 16 00 24 00 4a f7 d0 00 03 00 01 ff 7b ff fc 00 02 ff fd 0e 22 00 01 80 3a 00 00 0f ab 43 79 a7 be 00 00 13 f0
735,35280,WL,flash_sample,48,32.298,1,110,0,1,1,1,0,1,1,0,1169,32298,0.017568,0.036112,-1.022848,0.031251,0.010417,-1.385461,-0.28,0.14,-0.21,39.1328125,98362,40.11,249.65524292,5.104,57 4c 01 6e 00 00 04 91 00 00 7e 2a 00 24 00 4a f7 d0 00 03 00 01 ff 7b ff fc 00 02 ff fd 0e 22 00 01 80 3a 00 00 0f ab 43 79 a7 be 00 00 13 f0
736,35328,WL,flash_sample,48,32.318,1,64,0,0,0,0,0,0,1,0,1170,32318,0.01708,0.037576,-1.021872,0.041668,0.010417,-1.375044,-0.28,0.07,-0.21,39.203125,98414,40.14,245.221511841,4.956,57 4c 01 40 00 00 04 92 00 00 7e 3e 00 23 00 4d f7 d2 00 04 00 01 ff 7c ff fc 00 01 ff fd 0e 34 00 01 80 6e 00 00 0f ae 43 75 38 b5 00 00 13 5c
737,35376,WL,flash_sample,48,32.338,1,110,0,1,1,1,0,1,1,0,1171,32338,0.017568,0.037576,-1.022848,0.041668,0.010417,-1.375044,-0.77,-0.14,0.84,39.1484375,98306,39.6,254.432479858,4.972,57 4c 01 6e 00 00 04 93 00 00 7e 52 00 24 00 4d f7 d0 00 04 00 01 ff 7c ff f5 ff fe 00 0c 0e 26 00 01 80 02 00 00 0f 78 43 7e 6e b7 00 00 13 6c
738,35424,WL,flash_sample,48,32.358,1,110,0,1,1,1,0,1,1,0,1172,32358,0.01708,0.036112,-1.022848,0.031251,0.010417,-1.395878,-1.19,-0.49,2.03,39.1015625,98352,39.7,250.50869751,4.972,57 4c 01 6e 00 00 04 94 00 00 7e 66 00 23 00 4a f7 d0 00 03 00 01 ff 7a ff ef ff f9 00 1d 0e 1a 00 01 80 30 00 00 0f 82 43 7a 82 3a 00 00 13 6c
739,35472,WL,flash_sample,48,32.378,1,102,0,1,1,0,0,1,1,0,1173,32378,0.01708,0.0366,-1.023336,0.062502,0.010417,-1.385461,-2.73,0.91,3.08,39.203125,98350,39.76,250.680450439,4.972,57 4c 01 66 00 00 04 95 00 00 7e 7a 00 23 00 4b f7 cf 00 06 00 01 ff 7b ff d9 00 0d 00 2c 0e 34 00 01 80 2e 00 00 0f 88 43 7a ae 32 00 00 13 6c
740,35520,WL,flash_sample,48,32.398,1,102,0,1,1,0,0,1,1,0,1174,32398,0.018056,0.037088,-1.023336,0.020834,0.0,-1.406295,-2.87,1.47,2.66,39.171875,98352,39.81,250.50869751,4.972,57 4c 01 66 00 00 04 96 00 00 7e 8e 00 25 00 4c f7 cf 00 02 00 00 ff 79 ff d7 00 15 00 26 0e 2c 00 01 80 30 00 00 0f 8d 43 7a 82 3a 00 00 13 6c
741,35568,WL,flash_sample,48,32.418,1,102,0,1,1,0,0,1,1,0,1175,32418,0.017568,0.037088,-1.023336,0.031251,0.010417,-1.375044,-2.94,1.4,2.73,39.1640625,98351,39.86,250.595901489,4.972,57 4c 01 66 00 00 04 97 00 00 7e a2 00 24 00 4c f7 cf 00 03 00 01 ff 7c ff d6 00 14 00 27 0e 2a 00 01 80 2f 00 00 0f 92 43 7a 98 8d 00 00 13 6c
742,35616,WL,flash_sample,48,32.438,1,110,0,1,1,1,0,1,1,0,1176,32438,0.01708,0.0366,-1.023336,0.072919,0.010417,-1.385461,-2.94,1.4,2.73,39.18359375,98350,39.91,250.680450439,5.104,57 4c 01 6e 00 00 04 98 00 00 7e b6 00 23 00 4b f7 cf 00 07 00 01 ff 7b ff d6 00 14 00 27 0e 2f 00 01 80 2e 00 00 0f 97 43 7a ae 32 00 00 13 f0
743,35664,WL,flash_sample,48,32.458,1,110,0,1,1,1,0,1,1,0,1177,32458,0.01708,0.036112,-1.0248,0.072919,0.0,-1.385461,-2.66,2.31,0.63,39.1640625,98317,39.92,253.494476318,5.104,57 4c 01 6e 00 00 04 99 00 00 7e ca 00 23 00 4a f7 cc 00 07 00 00 ff 7b ff da 00 21 00 09 0e 2a 00 01 80 0d 00 00 0f 98 43 7d 7e 96 00 00 13 f0
744,35712,WL,flash_sample,48,32.478,1,110,0,1,1,1,0,1,1,0,1178,32478,0.017568,0.037576,-1.022848,0.031251,-0.031251,-1.427129,-1.61,0.98,0.77,39.14453125,98320,39.94,253.238174438,5.104,57 4c 01 6e 00 00 04 9a 00 00 7e de 00 24 00 4d f7 d0 00 03 ff fd ff 77 ff e9 00 0e 00 0b 0e 25 00 01 80 10 00 00 0f 9a 43 7d 3c f9 00 00 13 f0
745,35760,WL,flash_sample,48,32.498,1,102,0,1,1,0,0,1,1,0,1179,32498,0.01708,0.037576,-1.023336,0.020834,0.010417,-1.385461,-1.4,0.63,0.77,39.15234375,98321,39.97,253.153625488,5.104,57 4c 01 66 00 00 04 9b 00 00 7e f2 00 23 00 4d f7 cf 00 02 00 01 ff 7b ff ec 00 09 00 0b 0e 27 00 01 80 11 00 00 0f 9d 43 7d 27 54 00 00 13 f0
746,35808,WL,flash_sample,48,32.518,1,102,0,1,1,0,0,1,1,0,1180,32518,0.017568,0.037576,-1.022848,0.031251,0.010417,-1.364627,-1.33,0.63,0.77,39.18359375,98321,40.0,253.153625488,5.104,57 4c 01 66 00 00 04 9c 00 00 7f 06 00 24 00 4d f7 d0 00 03 00 01 ff 7d ff ed 00 09 00 0b 0e 2f 00 01 80 11 00 00 0f a0 43 7d 27 54 00 00 13 f0
747,35856,WL,flash_sample,48,32.538,1,110,0,1,1,1,0,1,1,0,1181,32538,0.01708,0.0366,-1.022848,0.010417,0.0,-1.385461,-1.26,0.56,0.77,39.171875,98320,40.02,253.238174438,4.956,57 4c 01 6e 00 00 04 9d 00 00 7f 1a 00 23 00 4b f7 d0 00 01 00 00 ff 7b ff ee 00 08 00 0b 0e 2c 00 01 80 10 00 00 0f a2 43 7d 3c f9 00 00 13 5c
748,35904,WL,flash_sample,48,32.558,1,110,0,1,1,1,0,1,1,0,1182,32558,0.017568,0.037088,-1.023824,0.062502,-0.010417,-1.364627,-1.68,-0.14,2.52,39.20703125,98362,40.09,249.65524292,4.956,57 4c 01 6e 00 00 04 9e 00 00 7f 2e 00 24 00 4c f7 ce 00 06 ff ff ff 7d ff e8 ff fe 00 24 0e 35 00 01 80 3a 00 00 0f a9 43 79 a7 be 00 00 13 5c
749,35952,WL,flash_sample,48,32.578,1,110,0,1,1,1,0,1,1,0,1183,32578,0.01708,0.037088,-1.023336,0.020834,0.031251,-1.416712,-2.59,0.7,3.22,39.21484375,98363,40.13,249.57069397,4.956,57 4c 01 6e 00 00 04 9f 00 00 7f 42 00 23 00 4c f7 cf 00 02 00 03 ff 78 ff db 00 0a 00 2e 0e 37 00 01 80 3b 00 00 0f ad 43 79 92 19 00 00 13 5c
750,36000,WL,flash_sample,48,32.598,1,110,0,1,1,1,0,1,1,0,1184,32598,0.01708,0.037088,-1.023824,0.010417,0.020834,-1.406295,-2.94,1.4,2.73,39.19140625,98361,40.15,249.742446899,4.956,57 4c 01 6e 00 00 04 a0 00 00 7f 56 00 23 00 4c f7 ce 00 01 00 02 ff 79 ff d6 00 14 00 27 0e 31 00 01 80 39 00 00 0f af 43 79 be 11 00 00 13 5c
751,36048,WL,flash_sample,48,32.618,1,102,0,1,1,0,0,1,1,0,1185,32618,0.01708,0.037088,-1.022848,0.031251,0.010417,-1.395878,-2.94,1.4,2.66,39.22265625,98364,40.18,249.48614502,4.956,57 4c 01 66 00 00 04 a1 00 00 7f 6a 00 23 00 4c f7 d0 00 03 00 01 ff 7a ff d6 00 14 00 26 0e 39 00 01 80 3c 00 00 0f b2 43 79 7c 74 00 00 13 5c
752,36096,WL,flash_sample,48,32.638,1,102,0,1,1,0,0,1,1,0,1186,32638,0.017568,0.037088,-1.023824,0.052085,-0.020834,-1.385461,-2.94,1.4,2.73,39.22265625,98359,40.21,249.9115448,5.1,57 4c 01 66 00 00 04 a2 00 00 7f 7e 00 24 00 4c f7 ce 00 05 ff fe ff 7b ff d6 00 14 00 27 0e 39 00 01 80 37 00 00 0f b5 43 79 e9 5b 00 00 13 ec
753,36144,WL,flash_sample,48,32.658,1,110,0,1,1,1,0,1,1,0,1187,32658,0.01708,0.038064,-1.023824,0.041668,0.010417,-1.35421,-2.87,1.4,2.66,39.22265625,98364,40.23,249.48614502,5.1,57 4c 01 6e 00 00 04 a3 00 00 7f 92 00 23 00 4e f7 ce 00 04 00 01 ff 7e ff d7 00 14 00 26 0e 39 00 01 80 3c 00 00 0f b7 43 79 7c 74 00 00 13 ec
754,36192,WL,flash_sample,48,32.678,1,110,0,1,1,1,0,1,1,0,1188,32678,0.017568,0.037088,-1.024312,0.0,0.020834,-1.406295,-2.94,1.4,2.73,39.20703125,98364,40.25,249.48614502,5.1,57 4c 01 6e 00 00 04 a4 00 00 7f a6 00 24 00 4c f7 cd 00 00 00 02 ff 79 ff d6 00 14 00 27 0e 35 00 01 80 3c 00 00 0f b9 43 79 7c 74 00 00 13 ec
755,36240,WL,flash_sample,48,32.698,1,110,0,1,1,1,0,1,1,0,1189,32698,0.017568,0.037088,-1.024312,0.031251,-0.010417,-1.395878,-2.94,1.4,2.66,39.25,98367,40.27,249.22984314,5.1,57 4c 01 6e 00 00 04 a5 00 00 7f ba 00 24 00 4c f7 cd 00 03 ff ff ff 7a ff d6 00 14 00 26 0e 40 00 01 80 3f 00 00 0f bb 43 79 3a d7 00 00 13 ec
756,36288,WL,flash_sample,48,32.718,1,110,0,1,1,1,0,1,1,0,1190,32718,0.01708,0.0366,-1.023824,0.031251,0.0,-1.385461,-3.01,1.47,2.66,39.20703125,98365,40.3,249.401596069,5.1,57 4c 01 6e 00 00 04 a6 00 00 7f ce 00 23 00 4b f7 ce 00 03 00 00 ff 7b ff d5 00 15 00 26 0e 35 00 01 80 3d 00 00 0f be 43 79 66 cf 00 00 13 ec
757,36336,WL,flash_sample,48,32.738,1,102,0,1,1,0,0,1,1,0,1191,32738,0.01708,0.037576,-1.024312,0.041668,0.020834,-1.395878,-2.94,1.47,2.73,39.23828125,98365,40.32,249.401596069,5.096,57 4c 01 66 00 00 04 a7 00 00 7f e2 00 23 00 4d f7 cd 00 04 00 02 ff 7a ff d6 00 15 00 27 0e 3d 00 01 80 3d 00 00 0f c0 43 79 66 cf 00 00 13 e8
758,36384,WL,flash_sample,48,32.758,1,102,0,1,1,0,0,1,1,0,1192,32758,0.017568,0.037576,-1.023336,-0.010417,-0.020834,-1.375044,-2.94,1.47,2.66,39.19921875,98365,40.33,249.401596069,5.096,57 4c 01 66 00 00 04 a8 00 00 7f f6 00 24 00 4d f7 cf ff ff ff fe ff 7c ff d6 00 15 00 26 0e 33 00 01 80 3d 00 00 0f c1 43 79 66 cf 00 00 13 e8
759,36432,WL,flash_sample,48,32.778,1,110,0,1,1,1,0,1,1,0,1193,32778,0.017568,0.037088,-1.023336,0.062502,0.010417,-1.385461,-3.01,1.4,2.66,39.20703125,98369,40.35,249.060745239,5.096,57 4c 01 6e 00 00 04 a9 00 00 80 0a 00 24 00 4c f7 cf 00 06 00 01 ff 7b ff d5 00 14 00 26 0e 35 00 01 80 41 00 00 0f c3 43 79 0f 8d 00 00 13 e8
760,36480,WL,flash_sample,48,32.798,1,110,0,1,1,1,0,1,1,0,1194,32798,0.01708,0.037088,-1.023336,0.052085,0.010417,-1.395878,-2.94,1.47,2.73,39.25,98368,40.36,249.145294189,5.096,57 4c 01 6e 00 00 04 aa 00 00 80 1e 00 23 00 4c f7 cf 00 05 00 01 ff 7a ff d6 00 15 00 27 0e 40 00 01 80 40 00 00 0f c4 43 79 25 32 00 00 13 e8
761,36528,WL,flash_sample,48,32.818,1,110,0,1,1,1,0,1,1,0,1195,32818,0.017568,0.0366,-1.023824,0.041668,0.010417,-1.385461,-2.94,1.4,2.73,39.23046875,98369,40.38,249.060745239,5.096,57 4c 01 6e 00 00 04 ab 00 00 80 32 00 24 00 4b f7 ce 00 04 00 01 ff 7b ff d6 00 14 00 27 0e 3b 00 01 80 41 00 00 0f c6 43 79 0f 8d 00 00 13 e8
762,36576,WL,flash_sample,48,32.838,1,110,0,1,1,1,0,1,1,0,1196,32838,0.016592,0.037088,-1.023824,0.041668,0.020834,-1.406295,-2.94,1.47,2.73,39.19140625,98366,40.39,249.31439209,5.1,57 4c 01 6e 00 00 04 ac 00 00 80 46 00 22 00 4c f7 ce 00 04 00 02 ff 79 ff d6 00 15 00 27 0e 31 00 01 80 3e 00 00 0f c7 43 79 50 7c 00 00 13 ec
763,36624,WL,flash_sample,48,32.858,1,102,0,1,1,0,0,1,1,0,1197,32858,0.01708,0.037576,-1.023824,0.041668,0.010417,-1.385461,-3.01,1.47,2.66,39.22265625,98370,40.4,248.97354126,5.1,57 4c 01 66 00 00 04 ad 00 00 80 5a 00 23 00 4d f7 ce 00 04 00 01 ff 7b ff d5 00 15 00 26 0e 39 00 01 80 42 00 00 0f c8 43 78 f9 3a 00 00 13 ec
764,36672,WL,flash_sample,48,32.878,1,102,0,1,1,0,0,1,1,0,1198,32878,0.017568,0.037088,-1.023824,0.052085,0.0,-1.385461,-2.94,1.47,2.66,39.22265625,98367,40.42,249.22984314,5.1,57 4c 01 66 00 00 04 ae 00 00 80 6e 00 24 00 4c f7 ce 00 05 00 00 ff 7b ff d6 00 15 00 26 0e 39 00 01 80 3f 00 00 0f ca 43 79 3a d7 00 00 13 ec
765,36720,WL,flash_sample,48,32.898,1,110,0,1,1,1,0,1,1,0,1199,32898,0.01708,0.037088,-1.023824,0.031251,0.010417,-1.385461,-2.94,1.47,2.66,39.27734375,98370,40.42,248.97354126,5.1,57 4c 01 6e 00 00 04 af 00 00 80 82 00 23 00 4c f7 ce 00 03 00 01 ff 7b ff d6 00 15 00 26 0e 47 00 01 80 42 00 00 0f ca 43 78 f9 3a 00 00 13 ec
766,36768,WL,flash_sample,48,32.918,1,110,0,1,1,1,0,1,1,0,1200,32918,0.01708,0.037088,-1.023824,0.041668,0.041668,-1.364627,-2.94,1.19,2.94,39.27734375,98364,40.44,249.48614502,5.1,57 4c 01 6e 00 00 04 b0 00 00 80 96 00 23 00 4c f7 ce 00 04 00 04 ff 7d ff d6 00 11 00 2a 0e 47 00 01 80 3c 00 00 0f cc 43 79 7c 74 00 00 13 ec
767,36816,WL,flash_sample,48,32.938,1,110,0,1,1,1,0,1,1,0,1201,32938,0.017568,0.037088,-1.0248,0.031251,0.031251,-1.385461,-2.94,1.4,2.73,39.265625,98368,40.45,249.145294189,5.092,57 4c 01 6e 00 00 04 b1 00 00 80 aa 00 24 00 4c f7 cc 00 03 00 03 ff 7b ff d6 00 14 00 27 0e 44 00 01 80 40 00 00 0f cd 43 79 25 32 00 00 13 e4
768,36864,WL,flash_sample,48,32.958,1,102,0,1,1,0,0,1,1,0,1202,32958,0.018056,0.037088,-1.023336,0.0,0.062502,-1.375044,-2.94,1.4,2.73,39.2578125,98370,40.46,248.97354126,5.092,57 4c 01 66 00 00 04 b2 00 00 80 be 00 25 00 4c f7 cf 00 00 00 06 ff 7c ff d6 00 14 00 27 0e 42 00 01 80 42 00 00 0f ce 43 78 f9 3a 00 00 13 e4
769,36912,WL,flash_sample,48,32.978,1,102,0,1,1,0,0,1,1,0,1203,32978,0.017568,0.037088,-1.023824,0.010417,-0.020834,-1.375044,-3.01,1.47,2.66,39.28515625,98373,40.46,248.71723938,5.092,57 4c 01 66 00 00 04 b3 00 00 80 d2 00 24 00 4c f7 ce 00 01 ff fe ff 7c ff d5 00 15 00 26 0e 49 00 01 80 45 00 00 0f ce 43 78 b7 9d 00 00 13 e4
770,36960,WL,flash_sample,48,32.998,1,102,0,1,1,0,0,1,1,0,1204,32998,0.017568,0.037088,-1.024312,0.052085,0.0,-1.343793,-2.94,1.47,2.73,39.26953125,98371,40.47,248.88899231,5.092,57 4c 01 66 00 00 04 b4 00 00 80 e6 00 24 00 4c f7 cd 00 05 00 00 ff 7f ff d6 00 15 00 27 0e 45 00 01 80 43 00 00 0f cf 43 78 e3 95 00 00 13 e4
771,37008,WL,flash_sample,48,33.018,1,110,0,1,1,1,0,1,1,0,1205,33018,0.01708,0.037088,-1.023336,0.031251,-0.031251,-1.364627,-3.01,1.47,2.73,39.265625,98371,40.47,248.88899231,5.092,57 4c 01 6e 00 00 04 b5 00 00 80 fa 00 23 00 4c f7 cf 00 03 ff fd ff 7d ff d5 00 15 00 27 0e 44 00 01 80 43 00 00 0f cf 43 78 e3 95 00 00 13 e4
772,37056,WL,flash_sample,48,33.038,1,110,0,1,1,1,0,1,1,0,1206,33038,0.01708,0.037088,-1.023336,0.031251,-0.031251,-1.364627,-3.01,1.47,2.73,39.265625,98371,40.47,248.88899231,5.092,57 4c 01 6e 00 00 04 b6 00 00 81 0e 00 23 00 4c f7 cf 00 03 ff fd ff 7d ff d5 00 15 00 27 0e 44 00 01 80 43 00 00 0f cf 43 78 e3 95 00 00 13 e4
773,37104,WL,flash_sample,48,33.058,1,110,0,1,1,1,0,1,1,0,1207,33058,0.01708,0.037088,-1.023336,0.031251,-0.031251,-1.364627,-3.01,1.47,2.73,39.265625,98371,40.47,248.88899231,5.092,57 4c 01 6e 00 00 04 b7 00 00 81 22 00 23 00 4c f7 cf 00 03 ff fd ff 7d ff d5 00 15 00 27 0e 44 00 01 80 43 00 00 0f cf 43 78 e3 95 00 00 13 e4
774,37152,WL,flash_sample,48,33.078,1,110,0,1,1,1,0,1,1,0,1208,33078,0.01708,0.037088,-1.023336,0.031251,-0.031251,-1.364627,-3.01,1.47,2.73,39.265625,98371,40.47,248.88899231,5.092,57 4c 01 6e 00 00 04 b8 00 00 81 36 00 23 00 4c f7 cf 00 03 ff fd ff 7d ff d5 00 15 00 27 0e 44 00 01 80 43 00 00 0f cf 43 78 e3 95 00 00 13 e4
775,37200,WL,flash_sample,48,33.098,1,102,0,1,1,0,0,1,1,0,1209,33098,0.01708,0.037088,-1.021872,0.041668,0.010417,-1.364627,-0.56,-0.91,1.33,39.2734375,98377,40.48,248.37638855,5.104,57 4c 01 66 00 00 04 b9 00 00 81 4a 00 23 00 4c f7 d2 00 04 00 01 ff 7d ff f8 ff f3 00 13 0e 46 00 01 80 49 00 00 0f d0 43 78 60 5b 00 00 13 f0
776,37248,WL,flash_sample,48,33.118,1,102,0,1,1,0,0,1,1,0,1210,33118,0.018056,0.037088,-1.023336,0.062502,0.0,-1.375044,-1.61,-0.14,2.52,39.265625,98364,40.16,249.48614502,5.104,57 4c 01 66 00 00 04 ba 00 00 81 5e 00 25 00 4c f7 cf 00 06 00 00 ff 7c ff e9 ff fe 00 24 0e 44 00 01 80 3c 00 00 0f b0 43 79 7c 74 00 00 13 f0
777,37296,WL,flash_sample,48,33.138,1,111,1,1,1,1,0,1,1,0,1211,33138,0.017568,0.037576,-1.023336,0.062502,0.010417,-1.385461,-2.94,1.4,2.73,39.27734375,98365,40.2,249.401596069,5.092,57 4c 01 6f 00 00 04 bb 00 00 81 72 00 24 00 4d f7 cf 00 06 00 01 ff 7b ff d6 00 14 00 27 0e 47 00 01 80 3d 00 00 0f b4 43 79 66 cf 00 00 13 e4
778,37344,WL,flash_sample,48,33.158,1,111,1,1,1,1,0,1,1,0,1212,33158,0.017568,0.037576,-1.023336,0.062502,0.010417,-1.385461,-2.94,1.4,2.73,39.27734375,98365,40.2,249.401596069,5.092,57 4c 01 6f 00 00 04 bc 00 00 81 86 00 24 00 4d f7 cf 00 06 00 01 ff 7b ff d6 00 14 00 27 0e 47 00 01 80 3d 00 00 0f b4 43 79 66 cf 00 00 13 e4
779,37392,WL,flash_sample,48,33.178,1,111,1,1,1,1,0,1,1,0,1213,33178,0.017568,0.037576,-1.023336,0.062502,0.010417,-1.385461,-2.94,1.4,2.73,39.27734375,98365,40.2,249.401596069,5.092,57 4c 01 6f 00 00 04 bd 00 00 81 9a 00 24 00 4d f7 cf 00 06 00 01 ff 7b ff d6 00 14 00 27 0e 47 00 01 80 3d 00 00 0f b4 43 79 66 cf 00 00 13 e4
780,37440,WL,flash_sample,48,33.198,1,111,1,1,1,1,0,1,1,0,1214,33198,0.017568,0.037576,-1.023336,0.062502,0.010417,-1.385461,-2.94,1.4,2.73,39.27734375,98365,40.2,249.401596069,5.092,57 4c 01 6f 00 00 04 be 00 00 81 ae 00 24 00 4d f7 cf 00 06 00 01 ff 7b ff d6 00 14 00 27 0e 47 00 01 80 3d 00 00 0f b4 43 79 66 cf 00 00 13 e4
781,37488,WL,flash_sample,48,33.218,1,111,1,1,1,1,0,1,1,0,1215,33218,0.017568,0.037576,-1.023336,0.062502,0.010417,-1.385461,-2.94,1.4,2.73,39.27734375,98365,40.2,249.401596069,5.092,57 4c 01 6f 00 00 04 bf 00 00 81 c2 00 24 00 4d f7 cf 00 06 00 01 ff 7b ff d6 00 14 00 27 0e 47 00 01 80 3d 00 00 0f b4 43 79 66 cf 00 00 13 e4
782,37536,WL,flash_sample,48,33.238,1,111,1,1,1,1,0,1,1,0,1216,33238,0.017568,0.037576,-1.023336,0.062502,0.010417,-1.385461,-2.94,1.4,2.73,39.27734375,98365,40.2,249.401596069,5.092,57 4c 01 6f 00 00 04 c0 00 00 81 d6 00 24 00 4d f7 cf 00 06 00 01 ff 7b ff d6 00 14 00 27 0e 47 00 01 80 3d 00 00 0f b4 43 79 66 cf 00 00 13 e4
783,37584,WL,flash_sample,48,33.258,1,111,1,1,1,1,0,1,1,0,1217,33258,0.017568,0.037576,-1.023336,0.062502,0.010417,-1.385461,-2.94,1.4,2.73,39.27734375,98365,40.2,249.401596069,5.092,57 4c 01 6f 00 00 04 c1 00 00 81 ea 00 24 00 4d f7 cf 00 06 00 01 ff 7b ff d6 00 14 00 27 0e 47 00 01 80 3d 00 00 0f b4 43 79 66 cf 00 00 13 e4
784,37632,WL,flash_sample,48,33.278,1,111,1,1,1,1,0,1,1,0,1218,33278,0.01708,0.0366,-1.021872,0.020834,0.031251,-1.395878,-0.35,0.07,-0.21,39.28515625,98368,40.23,249.145294189,5.092,57 4c 01 6f 00 00 04 c2 00 00 81 fe 00 23 00 4b f7 d2 00 02 00 03 ff 7a ff fb 00 01 ff fd 0e 49 00 01 80 40 00 00 0f b7 43 79 25 32 00 00 13 e4
785,37680,WL,flash_sample,48,33.298,1,111,1,1,1,1,0,1,1,0,1219,33298,0.01708,0.0366,-1.021872,0.020834,0.031251,-1.395878,-0.35,0.07,-0.21,39.28515625,98368,40.23,249.145294189,5.092,57 4c 01 6f 00 00 04 c3 00 00 82 12 00 23 00 4b f7 d2 00 02 00 03 ff 7a ff fb 00 01 ff fd 0e 49 00 01 80 40 00 00 0f b7 43 79 25 32 00 00 13 e4
786,37728,WL,flash_sample,48,33.318,1,65,1,0,0,0,0,0,1,0,1220,33318,0.01708,0.037088,-1.023336,0.052085,0.041668,-1.385461,-0.28,0.07,-0.21,39.25390625,98368,40.23,249.145294189,4.956,57 4c 01 41 00 00 04 c4 00 00 82 26 00 23 00 4c f7 cf 00 05 00 04 ff 7b ff fc 00 01 ff fd 0e 41 00 01 80 40 00 00 0f b7 43 79 25 32 00 00 13 5c
787,37776,WL,flash_sample,48,33.338,1,103,1,1,1,0,0,1,1,0,1221,33338,0.016592,0.037088,-1.022848,0.041668,0.0,-1.395878,-0.84,-0.14,0.91,39.27734375,98328,39.79,252.556472778,4.956,57 4c 01 67 00 00 04 c5 00 00 82 3a 00 22 00 4c f7 d0 00 04 00 00 ff 7a ff f4 ff fe 00 0d 0e 47 00 01 80 18 00 00 0f 8b 43 7c 8e 75 00 00 13 5c
788,37824,WL,flash_sample,48,33.358,1,111,1,1,1,1,0,1,1,0,1222,33358,0.017568,0.037088,-1.023824,0.093753,0.010417,-1.364627,-1.75,-0.07,2.52,39.28125,98344,39.75,251.193054199,4.956,57 4c 01 6f 00 00 04 c6 00 00 82 4e 00 24 00 4c f7 ce 00 09 00 01 ff 7d ff e7 ff ff 00 24 0e 48 00 01 80 28 00 00 0f 87 43 7b 31 6c 00 00 13 5c
789,37872,WL,flash_sample,48,33.378,1,111,1,1,1,1,0,1,1,0,1223,33378,0.017568,0.037088,-1.023824,0.072919,0.020834,-1.385461,-2.66,0.77,3.15,39.3046875,98352,39.85,250.50869751,4.956,57 4c 01 6f 00 00 04 c7 00 00 82 62 00 24 00 4c f7 ce 00 07 00 02 ff 7b ff da 00 0b 00 2d 0e 4e 00 01 80 30 00 00 0f 91 43 7a 82 3a 00 00 13 5c
790,37920,WL,flash_sample,48,33.398,1,111,1,1,1,1,0,1,1,0,1224,33398,0.01708,0.037576,-1.024312,0.083336,-0.010417,-1.395878,-3.01,1.47,2.66,39.26953125,98352,39.9,250.50869751,4.956,57 4c 01 6f 00 00 04 c8 00 00 82 76 00 23 00 4d f7 cd 00 08 ff ff ff 7a ff d5 00 15 00 26 0e 45 00 01 80 30 00 00 0f 96 43 7a 82 3a 00 00 13 5c
791,37968,WL,flash_sample,48,33.418,1,111,1,1,1,1,0,1,1,0,1225,33418,0.01708,0.037576,-1.023336,0.031251,0.020834,-1.395878,-2.94,1.4,2.66,39.3125,98354,39.96,250.339599609,4.956,57 4c 01 6f 00 00 04 c9 00 00 82 8a 00 23 00 4d f7 cf 00 03 00 02 ff 7a ff d6 00 14 00 26 0e 50 00 01 80 32 00 00 0f 9c 43 7a 56 f0 00 00 13 5c
792,38016,WL,flash_sample,48,33.438,1,103,1,1,1,0,0,1,1,0,1226,33438,0.01708,0.037576,-1.023336,0.031251,0.010417,-1.406295,-2.94,1.47,2.66,39.33203125,98353,40.01,250.42414856,5.112,57 4c 01 67 00 00 04 ca 00 00 82 9e 00 23 00 4d f7 cf 00 03 00 01 ff 79 ff d6 00 15 00 26 0e 55 00 01 80 31 00 00 0f a1 43 7a 6c 95 00 00 13 f8
793,38064,WL,flash_sample,48,33.458,1,103,1,1,1,0,0,1,1,0,1227,33458,0.01708,0.037088,-1.023824,0.0,0.0,-1.385461,-2.8,2.38,0.56,39.3046875,98314,40.05,253.750778198,5.112,57 4c 01 67 00 00 04 cb 00 00 82 b2 00 23 00 4c f7 ce 00 00 00 00 ff 7b ff d8 00 22 00 08 0e 4e 00 01 80 0a 00 00 0f a5 43 7d c0 33 00 00 13 f8
794,38112,WL,flash_sample,48,33.478,1,111,1,1,1,1,0,1,1,0,1228,33478,0.018056,0.037088,-1.023824,0.062502,-0.020834,-1.385461,-1.61,0.84,0.77,39.32421875,98314,40.04,253.750778198,5.112,57 4c 01 6f 00 00 04 cc 00 00 82 c6 00 25 00 4c f7 ce 00 06 ff fe ff 7b ff e9 00 0c 00 0b 0e 53 00 01 80 0a 00 00 0f a4 43 7d c0 33 00 00 13 f8
795,38160,WL,flash_sample,48,33.498,1,111,1,1,1,1,0,1,1,0,1229,33498,0.018056,0.0366,-1.023336,0.052085,0.010417,-1.35421,-1.33,0.56,0.84,39.2890625,98315,40.07,253.666213989,5.112,57 4c 01 6f 00 00 04 cd 00 00 82 da 00 25 00 4b f7 cf 00 05 00 01 ff 7e ff ed 00 08 00 0c 0e 4a 00 01 80 0b 00 00 0f a7 43 7d aa 8d 00 00 13 f8
796,38208,WL,flash_sample,48,33.518,1,111,1,1,1,1,0,1,1,0,1230,33518,0.017568,0.037088,-1.023336,0.041668,0.020834,-1.35421,-1.26,0.56,0.77,39.296875,98316,40.1,253.579025269,5.112,57 4c 01 6f 00 00 04 ce 00 00 82 ee 00 24 00 4c f7 cf 00 04 00 02 ff 7e ff ee 00 08 00 0b 0e 4c 00 01 80 0c 00 00 0f aa 43 7d 94 3b 00 00 13 f8
797,38256,WL,flash_sample,48,33.538,1,111,1,1,1,1,0,1,1,0,1231,33538,0.018056,0.037088,-1.022848,0.062502,0.020834,-1.385461,-1.19,0.42,0.77,39.3046875,98317,40.13,253.494476318,4.936,57 4c 01 6f 00 00 04 cf 00 00 83 02 00 25 00 4c f7 d0 00 06 00 02 ff 7b ff ef 00 06 00 0b 0e 4e 00 01 80 0d 00 00 0f ad 43 7d 7e 96 00 00 13 48
798,38304,WL,flash_sample,48,33.558,1,103,1,1,1,0,0,1,1,0,1232,33558,0.01708,0.036112,-1.022848,0.041668,0.010417,-1.395878,-1.61,-0.21,2.45,39.31640625,98351,40.15,250.595901489,4.936,57 4c 01 67 00 00 04 d0 00 00 83 16 00 23 00 4a f7 d0 00 04 00 01 ff 7a ff e9 ff fd 00 23 0e 51 00 01 80 2f 00 00 0f af 43 7a 98 8d 00 00 13 48
799,38352,WL,flash_sample,48,33.578,1,103,1,1,1,0,0,1,1,0,1233,33578,0.017568,0.037088,-1.023824,0.072919,-0.010417,-1.406295,-2.52,0.63,3.29,39.31640625,98360,40.23,249.82699585,4.936,57 4c 01 67 00 00 04 d1 00 00 83 2a 00 24 00 4c f7 ce 00 07 ff ff ff 79 ff dc 00 09 00 2f 0e 51 00 01 80 38 00 00 0f b7 43 79 d3 b6 00 00 13 48
800,38400,WL,flash_sample,48,33.598,1,111,1,1,1,1,0,1,1,0,1234,33598,0.017568,0.037088,-1.023824,0.010417,0.010417,-1.385461,-3.01,1.4,2.66,39.33984375,98362,40.26,249.65524292,4.936,57 4c 01 6f 00 00 04 d2 00 00 83 3e 00 24 00 4c f7 ce 00 01 00 01 ff 7b ff d5 00 14 00 26 0e 57 00 01 80 3a 00 00 0f ba 43 79 a7 be 00 00 13 48
801,38448,WL,flash_sample,48,33.618,1,111,1,1,1,1,0,1,1,0,1235,33618,0.017568,0.0366,-1.023824,0.031251,0.020834,-1.395878,-2.94,1.4,2.66,39.37109375,98362,40.29,249.65524292,4.936,57 4c 01 6f 00 00 04 d3 00 00 83 52 00 24 00 4b f7 ce 00 03 00 02 ff 7a ff d6 00 14 00 26 0e 5f 00 01 80 3a 00 00 0f bd 43 79 a7 be 00 00 13 48
802,38496,WL,flash_sample,48,33.638,1,111,1,1,1,1,0,1,1,0,1236,33638,0.017568,0.0366,-1.023824,0.062502,0.0,-1.385461,-2.94,1.33,2.8,39.3046875,98364,40.31,249.48614502,5.1,57 4c 01 6f 00 00 04 d4 00 00 83 66 00 24 00 4b f7 ce 00 06 00 00 ff 7b ff d6 00 13 00 28 0e 4e 00 01 80 3c 00 00 0f bf 43 79 7c 74 00 00 13 ec
803,38544,WL,flash_sample,48,33.658,1,111,1,1,1,1,0,1,1,0,1237,33658,0.018056,0.037088,-1.023824,0.010417,0.020834,-1.364627,-2.94,1.54,2.73,39.31640625,98367,40.34,249.22984314,5.1,57 4c 01 6f 00 00 04 d5 00 00 83 7a 00 25 00 4c f7 ce 00 01 00 02 ff 7d ff d6 00 16 00 27 0e 51 00 01 80 3f 00 00 0f c2 43 79 3a d7 00 00 13 ec
804,38592,WL,flash_sample,48,33.678,1,103,1,1,1,0,0,1,1,0,1238,33678,0.018056,0.037088,-1.023824,0.052085,0.041668,-1.385461,-3.01,1.4,2.66,39.37109375,98368,40.36,249.145294189,5.1,57 4c 01 67 00 00 04 d6 00 00 83 8e 00 25 00 4c f7 ce 00 05 00 04 ff 7b ff d5 00 14 00 26 0e 5f 00 01 80 40 00 00 0f c4 43 79 25 32 00 00 13 ec
805,38640,WL,flash_sample,48,33.698,1,103,1,1,1,0,0,1,1,0,1239,33698,0.016592,0.037088,-1.0248,0.031251,-0.031251,-1.416712,-2.94,1.47,2.66,39.37109375,98366,40.38,249.31439209,5.1,57 4c 01 67 00 00 04 d7 00 00 83 a2 00 22 00 4c f7 cc 00 03 ff fd ff 78 ff d6 00 15 00 26 0e 5f 00 01 80 3e 00 00 0f c6 43 79 50 7c 00 00 13 ec
806,38688,WL,flash_sample,48,33.718,1,111,1,1,1,1,0,1,1,0,1240,33718,0.01708,0.0366,-1.023336,-0.010417,-0.020834,-1.375044,-2.94,1.4,2.66,39.35546875,98366,40.4,249.31439209,5.1,57 4c 01 6f 00 00 04 d8 00 00 83 b6 00 23 00 4b f7 cf ff ff ff fe ff 7c ff d6 00 14 00 26 0e 5b 00 01 80 3e 00 00 0f c8 43 79 50 7c 00 00 13 ec
807,38736,WL,flash_sample,48,33.738,1,111,1,1,1,1,0,1,1,0,1241,33738,0.017568,0.037088,-1.023824,0.020834,0.010417,-1.35421,-3.01,1.47,2.73,39.3828125,98365,40.42,249.401596069,5.092,57 4c 01 6f 00 00 04 d9 00 00 83 ca 00 24 00 4c f7 ce 00 02 00 01 ff 7e ff d5 00 15 00 27 0e 62 00 01 80 3d 00 00 0f ca 43 79 66 cf 00 00 13 e4
808,38784,WL,flash_sample,48,33.758,1,111,1,1,1,1,0,1,1,0,1242,33758,0.017568,0.037088,-1.023824,0.020834,0.010417,-1.35421,-2.94,1.4,2.73,39.37109375,98366,40.44,249.31439209,5.092,57 4c 01 6f 00 00 04 da 00 00 83 de 00 24 00 4c f7 ce 00 02 00 01 ff 7e ff d6 00 14 00 27 0e 5f 00 01 80 3e 00 00 0f cc 43 79 50 7c 00 00 13 e4
809,38832,WL,flash_sample,48,33.778,1,103,1,1,1,0,0,1,1,0,1243,33778,0.016592,0.037088,-1.022848,0.052085,0.020834,-1.406295,-2.94,1.47,2.66,39.3828125,98367,40.46,249.22984314,5.092,57 4c 01 67 00 00 04 db 00 00 83 f2 00 22 00 4c f7 d0 00 05 00 02 ff 79 ff d6 00 15 00 26 0e 62 00 01 80 3f 00 00 0f ce 43 79 3a d7 00 00 13 e4
810,38880,WL,flash_sample,48,33.798,1,103,1,1,1,0,0,1,1,0,1244,33798,0.017568,0.037088,-1.024312,0.041668,0.020834,-1.385461,-2.94,1.47,2.66,39.32421875,98368,40.47,249.145294189,5.092,57 4c 01 67 00 00 04 dc 00 00 84 06 00 24 00 4c f7 cd 00 04 00 02 ff 7b ff d6 00 15 00 26 0e 53 00 01 80 40 00 00 0f cf 43 79 25 32 00 00 13 e4
811,38928,WL,flash_sample,48,33.818,1,103,1,1,1,0,0,1,1,0,1245,33818,0.018056,0.037088,-1.0248,0.031251,0.031251,-1.364627,-3.01,1.4,2.73,39.3828125,98368,40.49,249.145294189,5.092,57 4c 01 67 00 00 04 dd 00 00 84 1a 00 25 00 4c f7 cc 00 03 00 03 ff 7d ff d5 00 14 00 27 0e 62 00 01 80 40 00 00 0f d1 43 79 25 32 00 00 13 e4
812,38976,WL,flash_sample,48,33.838,1,111,1,1,1,1,0,1,1,0,1246,33838,0.017568,0.0366,-1.023336,0.062502,0.010417,-1.385461,-2.94,1.47,2.73,39.40625,98367,40.5,249.22984314,5.096,57 4c 01 6f 00 00 04 de 00 00 84 2e 00 24 00 4b f7 cf 00 06 00 01 ff 7b ff d6 00 15 00 27 0e 68 00 01 80 3f 00 00 0f d2 43 79 3a d7 00 00 13 e8
813,39024,WL,flash_sample,48,33.858,1,111,1,1,1,1,0,1,1,0,1247,33858,0.017568,0.037088,-1.024312,0.041668,0.020834,-1.375044,-2.87,1.4,2.66,39.37109375,98370,40.51,248.97354126,5.096,57 4c 01 6f 00 00 04 df 00 00 84 42 00 24 00 4c f7 cd 00 04 00 02 ff 7c ff d7 00 14 00 26 0e 5f 00 01 80 42 00 00 0f d3 43 78 f9 3a 00 00 13 e8
814,39072,WL,flash_sample,48,33.878,1,111,1,1,1,1,0,1,1,0,1248,33878,0.01708,0.0366,-1.022848,0.031251,0.0,-1.35421,-2.94,1.47,2.73,39.37109375,98369,40.53,249.060745239,5.096,57 4c 01 6f 00 00 04 e0 00 00 84 56 00 23 00 4b f7 d0 00 03 00 00 ff 7e ff d6 00 15 00 27 0e 5f 00 01 80 41 00 00 0f d5 43 79 0f 8d 00 00 13 e8
815,39120,WL,flash_sample,48,33.898,1,103,1,1,1,0,0,1,1,0,1249,33898,0.01708,0.0366,-1.023824,0.031251,0.010417,-1.364627,-3.01,1.47,2.73,39.390625,98366,40.54,249.31439209,5.096,57 4c 01 67 00 00 04 e1 00 00 84 6a 00 23 00 4b f7 ce 00 03 00 01 ff 7d ff d5 00 15 00 27 0e 64 00 01 80 3e 00 00 0f d6 43 79 50 7c 00 00 13 e8
816,39168,WL,flash_sample,48,33.918,1,103,1,1,1,0,0,1,1,0,1250,33918,0.018056,0.037088,-1.024312,0.062502,0.020834,-1.375044,-2.94,1.26,2.94,39.390625,98370,40.55,248.97354126,5.096,57 4c 01 67 00 00 04 e2 00 00 84 7e 00 25 00 4c f7 cd 00 06 00 02 ff 7c ff d6 00 12 00 2a 0e 64 00 01 80 42 00 00 0f d7 43 78 f9 3a 00 00 13 e8
817,39216,WL,flash_sample,48,33.938,1,103,1,1,1,0,0,1,1,0,1251,33938,0.016592,0.037576,-1.023824,0.020834,0.020834,-1.385461,-2.94,1.4,2.66,39.37109375,98368,40.55,249.145294189,5.104,57 4c 01 67 00 00 04 e3 00 00 84 92 00 22 00 4d f7 ce 00 02 00 02 ff 7b ff d6 00 14 00 26 0e 5f 00 01 80 40 00 00 0f d7 43 79 25 32 00 00 13 f0
818,39264,WL,flash_sample,48,33.958,1,111,1,1,1,1,0,1,1,0,1252,33958,0.016592,0.0366,-1.024312,0.072919,0.0,-1.364627,-2.94,1.47,2.66,39.3828125,98371,40.57,248.88899231,5.104,57 4c 01 6f 00 00 04 e4 00 00 84 a6 00 22 00 4b f7 cd 00 07 00 00 ff 7d ff d6 00 15 00 26 0e 62 00 01 80 43 00 00 0f d9 43 78 e3 95 00 00 13 f0
819,39312,WL,flash_sample,48,33.978,1,111,1,1,1,1,0,1,1,0,1253,33978,0.017568,0.037088,-1.0248,0.062502,0.020834,-1.375044,-2.94,1.47,2.66,39.390625,98368,40.58,249.145294189,5.104,57 4c 01 6f 00 00 04 e5 00 00 84 ba 00 24 00 4c f7 cc 00 06 00 02 ff 7c ff d6 00 15 00 26 0e 64 00 01 80 40 00 00 0f da 43 79 25 32 00 00 13 f0
820,39360,WL,flash_sample,48,33.998,1,111,1,1,1,1,0,1,1,0,1254,33998,0.017568,0.037088,-1.023824,0.031251,-0.010417,-1.375044,-3.01,1.47,2.73,39.40625,98370,40.59,248.97354126,5.104,57 4c 01 6f 00 00 04 e6 00 00 84 ce 00 24 00 4c f7 ce 00 03 ff ff ff 7c ff d5 00 15 00 27 0e 68 00 01 80 42 00 00 0f db 43 78 f9 3a 00 00 13 f0
821,39408,WL,flash_sample,48,34.018,1,111,1,1,1,1,0,1,1,0,1255,34018,0.017568,0.0366,-1.024312,0.031251,0.052085,-1.406295,-3.01,1.4,2.73,39.3828125,98371,40.6,248.88899231,5.104,57 4c 01 6f 00 00 04 e7 00 00 84 e2 00 24 00 4b f7 cd 00 03 00 05 ff 79 ff d5 00 14 00 27 0e 62 00 01 80 43 00 00 0f dc 43 78 e3 95 00 00 13 f0
822,39456,WL,flash_sample,48,34.038,1,111,1,1,1,1,0,1,1,0,1256,34038,0.017568,0.0366,-1.024312,0.031251,0.052085,-1.406295,-3.01,1.4,2.73,39.3828125,98371,40.6,248.88899231,5.104,57 4c 01 6f 00 00 04 e8 00 00 84 f6 00 24 00 4b f7 cd 00 03 00 05 ff 79 ff d5 00 14 00 27 0e 62 00 01 80 43 00 00 0f dc 43 78 e3 95 00 00 13 f0
823,39504,WL,flash_sample,48,34.058,1,111,1,1,1,1,0,1,1,0,1257,34058,0.017568,0.0366,-1.024312,0.031251,0.052085,-1.406295,-3.01,1.4,2.73,39.3828125,98371,40.6,248.88899231,5.104,57 4c 01 6f 00 00 04 e9 00 00 85 0a 00 24 00 4b f7 cd 00 03 00 05 ff 79 ff d5 00 14 00 27 0e 62 00 01 80 43 00 00 0f dc 43 78 e3 95 00 00 13 f0
824,39552,WL,flash_sample,48,34.078,1,111,1,1,1,1,0,1,1,0,1258,34078,0.017568,0.0366,-1.024312,0.031251,0.052085,-1.406295,-3.01,1.4,2.73,39.3828125,98371,40.6,248.88899231,5.104,57 4c 01 6f 00 00 04 ea 00 00 85 1e 00 24 00 4b f7 cd 00 03 00 05 ff 79 ff d5 00 14 00 27 0e 62 00 01 80 43 00 00 0f dc 43 78 e3 95 00 00 13 f0
825,39600,WL,flash_sample,48,34.098,1,111,1,1,1,1,0,1,1,0,1259,34098,0.018544,0.0366,-1.022848,0.093753,0.0,-1.385461,-0.49,-0.98,1.26,39.41015625,98429,40.61,243.945297241,5.104,57 4c 01 6f 00 00 04 eb 00 00 85 32 00 26 00 4b f7 d0 00 09 00 00 ff 7b ff f9 ff f2 00 12 0e 69 00 01 80 7d 00 00 0f dd 43 73 f1 ff 00 00 13 f0
826,39648,WL,flash_sample,48,34.118,1,111,1,1,1,1,0,1,1,0,1260,34118,0.017568,0.0366,-1.023336,0.10417,-0.010417,-1.395878,-2.1,0.21,3.01,39.4375,98365,40.32,249.401596069,5.104,57 4c 01 6f 00 00 04 ec 00 00 85 46 00 24 00 4b f7 cf 00 0a ff ff ff 7a ff e2 00 03 00 2b 0e 70 00 01 80 3d 00 00 0f c0 43 79 66 cf 00 00 13 f0
827,39696,WL,flash_sample,48,34.138,1,102,0,1,1,0,0,1,1,0,1261,34138,0.01708,0.037088,-1.023824,0.031251,0.0,-1.375044,-2.94,1.4,2.73,39.39453125,98360,40.34,249.82699585,5.104,57 4c 01 66 00 00 04 ed 00 00 85 5a 00 23 00 4c f7 ce 00 03 00 00 ff 7c ff d6 00 14 00 27 0e 65 00 01 80 38 00 00 0f c2 43 79 d3 b6 00 00 13 f0
828,39744,WL,flash_sample,48,34.158,1,102,0,1,1,0,0,1,1,0,1262,34158,0.01708,0.037088,-1.023824,0.031251,0.0,-1.375044,-2.94,1.4,2.73,39.39453125,98360,40.34,249.82699585,5.104,57 4c 01 66 00 00 04 ee 00 00 85 6e 00 23 00 4c f7 ce 00 03 00 00 ff 7c ff d6 00 14 00 27 0e 65 00 01 80 38 00 00 0f c2 43 79 d3 b6 00 00 13 f0
829,39792,WL,flash_sample,48,34.178,1,102,0,1,1,0,0,1,1,0,1263,34178,0.01708,0.037088,-1.023824,0.031251,0.0,-1.375044,-2.94,1.4,2.73,39.39453125,98360,40.34,249.82699585,5.104,57 4c 01 66 00 00 04 ef 00 00 85 82 00 23 00 4c f7 ce 00 03 00 00 ff 7c ff d6 00 14 00 27 0e 65 00 01 80 38 00 00 0f c2 43 79 d3 b6 00 00 13 f0
830,39840,WL,flash_sample,48,34.198,1,102,0,1,1,0,0,1,1,0,1264,34198,0.01708,0.037088,-1.023824,0.031251,0.0,-1.375044,-2.94,1.4,2.73,39.39453125,98360,40.34,249.82699585,5.104,57 4c 01 66 00 00 04 f0 00 00 85 96 00 23 00 4c f7 ce 00 03 00 00 ff 7c ff d6 00 14 00 27 0e 65 00 01 80 38 00 00 0f c2 43 79 d3 b6 00 00 13 f0
831,39888,WL,flash_sample,48,34.218,1,102,0,1,1,0,0,1,1,0,1265,34218,0.01708,0.037088,-1.023824,0.031251,0.0,-1.375044,-2.94,1.4,2.73,39.39453125,98360,40.34,249.82699585,5.104,57 4c 01 66 00 00 04 f1 00 00 85 aa 00 23 00 4c f7 ce 00 03 00 00 ff 7c ff d6 00 14 00 27 0e 65 00 01 80 38 00 00 0f c2 43 79 d3 b6 00 00 13 f0
832,39936,WL,flash_sample,48,34.238,1,102,0,1,1,0,0,1,1,0,1266,34238,0.01708,0.037088,-1.023824,0.031251,0.0,-1.375044,-2.94,1.4,2.73,39.39453125,98360,40.34,249.82699585,5.104,57 4c 01 66 00 00 04 f2 00 00 85 be 00 23 00 4c f7 ce 00 03 00 00 ff 7c ff d6 00 14 00 27 0e 65 00 01 80 38 00 00 0f c2 43 79 d3 b6 00 00 13 f0
833,39984,WL,flash_sample,48,34.258,1,102,0,1,1,0,0,1,1,0,1267,34258,0.01708,0.037088,-1.023824,0.031251,0.0,-1.375044,-2.94,1.4,2.73,39.39453125,98360,40.34,249.82699585,5.104,57 4c 01 66 00 00 04 f3 00 00 85 d2 00 23 00 4c f7 ce 00 03 00 00 ff 7c ff d6 00 14 00 27 0e 65 00 01 80 38 00 00 0f c2 43 79 d3 b6 00 00 13 f0
834,40032,WL,flash_sample,48,34.278,1,110,0,1,1,1,0,1,1,0,1268,34278,0.01708,0.037088,-1.02236,0.031251,-0.010417,-1.406295,-0.21,0.07,-0.14,39.40625,98360,40.34,249.82699585,5.104,57 4c 01 6e 00 00 04 f4 00 00 85 e6 00 23 00 4c f7 d1 00 03 ff ff ff 79 ff fd 00 01 ff fe 0e 68 00 01 80 38 00 00 0f c2 43 79 d3 b6 00 00 13 f0
835,40080,WL,flash_sample,48,34.298,1,110,0,1,1,1,0,1,1,0,1269,34298,0.01708,0.037088,-1.02236,0.031251,-0.010417,-1.406295,-0.21,0.07,-0.14,39.40625,98360,40.34,249.82699585,5.104,57 4c 01 6e 00 00 04 f5 00 00 85 fa 00 23 00 4c f7 d1 00 03 ff ff ff 79 ff fd 00 01 ff fe 0e 68 00 01 80 38 00 00 0f c2 43 79 d3 b6 00 00 13 f0
836,40128,WL,flash_sample,48,34.318,1,64,0,0,0,0,0,0,1,0,1270,34318,0.01708,0.037088,-1.023336,0.052085,0.0,-1.385461,-0.28,0.14,-0.14,39.390625,98412,40.37,245.393264771,4.948,57 4c 01 40 00 00 04 f6 00 00 86 0e 00 23 00 4c f7 cf 00 05 00 00 ff 7b ff fc 00 02 ff fe 0e 64 00 01 80 6c 00 00 0f c5 43 75 64 ad 00 00 13 54
837,40176,WL,flash_sample,48,34.338,1,110,0,1,1,1,0,1,1,0,1271,34338,0.017568,0.036112,-1.022848,0.052085,-0.020834,-1.375044,-0.7,-0.21,0.84,39.41015625,98307,39.85,254.347930908,4.936,57 4c 01 6e 00 00 04 f7 00 00 86 22 00 24 00 4a f7 d0 00 05 ff fe ff 7c ff f6 ff fd 00 0c 0e 69 00 01 80 03 00 00 0f 91 43 7e 59 12 00 00 13 48
838,40224,WL,flash_sample,48,34.358,1,110,0,1,1,1,0,1,1,0,1272,34358,0.017568,0.0366,-1.02236,0.020834,0.031251,-1.35421,-1.61,-0.14,2.45,39.4296875,98351,39.94,250.595901489,4.936,57 4c 01 6e 00 00 04 f8 00 00 86 36 00 24 00 4b f7 d1 00 02 00 03 ff 7e ff e9 ff fe 00 23 0e 6e 00 01 80 2f 00 00 0f 9a 43 7a 98 8d 00 00 13 48
839,40272,WL,flash_sample,48,34.378,1,102,0,1,1,0,0,1,1,0,1273,34378,0.017568,0.037088,-1.023824,0.020834,0.031251,-1.385461,-2.66,0.7,3.22,39.4296875,98353,40.0,250.42414856,4.936,57 4c 01 66 00 00 04 f9 00 00 86 4a 00 24 00 4c f7 ce 00 02 00 03 ff 7b ff da 00 0a 00 2e 0e 6e 00 01 80 31 00 00 0f a0 43 7a 6c 95 00 00 13 48
840,40320,WL,flash_sample,48,34.398,1,102,0,1,1,0,0,1,1,0,1274,34398,0.017568,0.0366,-1.023824,0.083336,-0.020834,-1.385461,-2.87,1.4,2.66,39.4140625,98354,40.05,250.339599609,4.936,57 4c 01 66 00 00 04 fa 00 00 86 5e 00 24 00 4b f7 ce 00 08 ff fe ff 7b ff d7 00 14 00 26 0e 6a 00 01 80 32 00 00 0f a5 43 7a 56 f0 00 00 13 48
841,40368,WL,flash_sample,48,34.418,1,110,0,1,1,1,0,1,1,0,1275,34418,0.017568,0.037576,-1.023824,0.041668,0.010417,-1.375044,-2.87,1.47,2.66,39.4296875,98353,40.1,250.42414856,4.936,57 4c 01 6e 00 00 04 fb 00 00 86 72 00 24 00 4d f7 ce 00 04 00 01 ff 7c ff d7 00 15 00 26 0e 6e 00 01 80 31 00 00 0f aa 43 7a 6c 95 00 00 13 48
842,40416,WL,flash_sample,48,34.438,1,110,0,1,1,1,0,1,1,0,1276,34438,0.018056,0.037088,-1.024312,0.010417,0.010417,-1.364627,-2.94,1.47,2.73,39.4296875,98356,40.15,250.16784668,5.104,57 4c 01 6e 00 00 04 fc 00 00 86 86 00 25 00 4c f7 cd 00 01 00 01 ff 7d ff d6 00 15 00 27 0e 6e 00 01 80 34 00 00 0f af 43 7a 2a f8 00 00 13 f0
843,40464,WL,flash_sample,48,34.458,1,110,0,1,1,1,0,1,1,0,1277,34458,0.017568,0.037088,-1.022848,0.052085,0.020834,-1.406295,-2.87,2.45,0.56,39.4140625,98315,40.15,253.666213989,5.104,57 4c 01 6e 00 00 04 fd 00 00 86 9a 00 24 00 4c f7 d0 00 05 00 02 ff 79 ff d7 00 23 00 08 0e 6a 00 01 80 0b 00 00 0f af 43 7d aa 8d 00 00 13 f0
844,40512,WL,flash_sample,48,34.478,1,102,0,1,1,0,0,1,1,0,1278,34478,0.017568,0.038064,-1.023336,0.031251,0.0,-1.364627,-1.47,0.84,0.77,39.4140625,98315,40.18,253.666213989,5.104,57 4c 01 66 00 00 04 fe 00 00 86 ae 00 24 00 4e f7 cf 00 03 00 00 ff 7d ff eb 00 0c 00 0b 0e 6a 00 01 80 0b 00 00 0f b2 43 7d aa 8d 00 00 13 f0
845,40560,WL,flash_sample,48,34.498,1,102,0,1,1,0,0,1,1,0,1279,34498,0.018056,0.037088,-1.024312,0.072919,0.010417,-1.35421,-1.33,0.7,0.77,39.421875,98313,40.21,253.835327148,5.104,57 4c 01 66 00 00 04 ff 00 00 86 c2 00 25 00 4c f7 cd 00 07 00 01 ff 7e ff ed 00 0a 00 0b 0e 6c 00 01 80 09 00 00 0f b5 43 7d d5 d8 00 00 13 f0
846,40608,WL,flash_sample,48,34.518,1,102,0,1,1,0,0,1,1,0,1280,34518,0.01708,0.037576,-1.023336,0.020834,0.010417,-1.375044,-1.33,0.49,0.7,39.47265625,98313,40.23,253.835327148,5.104,57 4c 01 66 00 00 05 00 00 00 86 d6 00 23 00 4d f7 cf 00 02 00 01 ff 7c ff ed 00 07 00 0a 0e 79 00 01 80 09 00 00 0f b7 43 7d d5 d8 00 00 13 f0
847,40656,WL,flash_sample,48,34.538,1,110,0,1,1,1,0,1,1,0,1281,34538,0.01708,0.037576,-1.023824,0.072919,0.010417,-1.343793,-1.26,0.56,0.77,39.40625,98315,40.26,253.666213989,4.936,57 4c 01 6e 00 00 05 01 00 00 86 ea 00 23 00 4d f7 ce 00 07 00 01 ff 7f ff ee 00 08 00 0b 0e 68 00 01 80 0b 00 00 0f ba 43 7d aa 8d 00 00 13 48
848,40704,WL,flash_sample,48,34.558,1,110,0,1,1,1,0,1,1,0,1282,34558,0.017568,0.037088,-1.024312,0.052085,0.010417,-1.375044,-1.47,-0.28,2.38,39.4296875,98358,40.32,249.996109009,4.936,57 4c 01 6e 00 00 05 02 00 00 86 fe 00 24 00 4c f7 cd 00 05 00 01 ff 7c ff eb ff fc 00 22 0e 6e 00 01 80 36 00 00 0f c0 43 79 ff 01 00 00 13 48
849,40752,WL,flash_sample,48,34.578,1,110,0,1,1,1,0,1,1,0,1283,34578,0.017568,0.0366,-1.024312,0.010417,0.010417,-1.385461,-2.52,0.49,3.29,39.46484375,98361,40.36,249.742446899,4.936,57 4c 01 6e 00 00 05 03 00 00 87 12 00 24 00 4b f7 cd 00 01 00 01 ff 7b ff dc 00 07 00 2f 0e 77 00 01 80 39 00 00 0f c4 43 79 be 11 00 00 13 48
850,40800,WL,flash_sample,48,34.598,1,102,0,1,1,0,0,1,1,0,1284,34598,0.01708,0.037088,-1.023824,0.052085,0.0,-1.375044,-2.94,1.47,2.66,39.44921875,98362,40.39,249.65524292,4.936,57 4c 01 66 00 00 05 04 00 00 87 26 00 23 00 4c f7 ce 00 05 00 00 ff 7c ff d6 00 15 00 26 0e 73 00 01 80 3a 00 00 0f c7 43 79 a7 be 00 00 13 48
851,40848,WL,flash_sample,48,34.618,1,102,0,1,1,0,0,1,1,0,1285,34618,0.016592,0.037088,-1.022848,0.031251,0.010417,-1.395878,-2.94,1.47,2.66,39.48046875,98362,40.42,249.65524292,4.936,57 4c 01 66 00 00 05 05 00 00 87 3a 00 22 00 4c f7 d0 00 03 00 01 ff 7a ff d6 00 15 00 26 0e 7b 00 01 80 3a 00 00 0f ca 43 79 a7 be 00 00 13 48
852,40896,WL,flash_sample,48,34.638,1,102,0,1,1,0,0,1,1,0,1286,34638,0.017568,0.0366,-1.023824,0.031251,0.010417,-1.375044,-2.94,1.4,2.73,39.48046875,98362,40.44,249.65524292,5.088,57 4c 01 66 00 00 05 06 00 00 87 4e 00 24 00 4b f7 ce 00 03 00 01 ff 7c ff d6 00 14 00 27 0e 7b 00 01 80 3a 00 00 0f cc 43 79 a7 be 00 00 13 e0
853,40944,WL,flash_sample,48,34.658,1,110,0,1,1,1,0,1,1,0,1287,34658,0.017568,0.037576,-1.0248,0.0,0.010417,-1.375044,-2.94,1.4,2.73,39.46484375,98365,40.47,249.401596069,5.088,57 4c 01 6e 00 00 05 07 00 00 87 62 00 24 00 4d f7 cc 00 00 00 01 ff 7c ff d6 00 14 00 27 0e 77 00 01 80 3d 00 00 0f cf 43 79 66 cf 00 00 13 e0
854,40992,WL,flash_sample,48,34.678,1,110,0,1,1,1,0,1,1,0,1288,34678,0.01708,0.037088,-1.023824,0.031251,0.0,-1.385461,-3.01,1.47,2.66,39.49609375,98362,40.49,249.65524292,5.088,57 4c 01 6e 00 00 05 08 00 00 87 76 00 23 00 4c f7 ce 00 03 00 00 ff 7b ff d5 00 15 00 26 0e 7f 00 01 80 3a 00 00 0f d1 43 79 a7 be 00 00 13 e0
855,41040,WL,flash_sample,48,34.698,1,110,0,1,1,1,0,1,1,0,1289,34698,0.017568,0.037088,-1.023824,0.072919,0.020834,-1.375044,-2.94,1.4,2.73,39.48046875,98365,40.51,249.401596069,5.088,57 4c 01 6e 00 00 05 09 00 00 87 8a 00 24 00 4c f7 ce 00 07 00 02 ff 7c ff d6 00 14 00 27 0e 7b 00 01 80 3d 00 00 0f d3 43 79 66 cf 00 00 13 e0
856,41088,WL,flash_sample,48,34.718,1,102,0,1,1,0,0,1,1,0,1290,34718,0.018056,0.0366,-1.023824,0.041668,0.0,-1.375044,-2.94,1.47,2.66,39.4375,98365,40.53,249.401596069,5.088,57 4c 01 66 00 00 05 0a 00 00 87 9e 00 25 00 4b f7 ce 00 04 00 00 ff 7c ff d6 00 15 00 26 0e 70 00 01 80 3d 00 00 0f d5 43 79 66 cf 00 00 13 e0
857,41136,WL,flash_sample,48,34.738,1,102,0,1,1,0,0,1,1,0,1291,34738,0.016592,0.036112,-1.023824,0.041668,0.0,-1.406295,-3.01,1.47,2.73,39.46484375,98366,40.55,249.31439209,5.088,57 4c 01 66 00 00 05 0b 00 00 87 b2 00 22 00 4a f7 ce 00 04 00 00 ff 79 ff d5 00 15 00 27 0e 77 00 01 80 3e 00 00 0f d7 43 79 50 7c 00 00 13 e0
858,41184,WL,flash_sample,48,34.758,1,102,0,1,1,0,0,1,1,0,1292,34758,0.01708,0.037088,-1.025288,0.052085,-0.020834,-1.385461,-2.94,1.54,2.66,39.48828125,98366,40.57,249.31439209,5.088,57 4c 01 66 00 00 05 0c 00 00 87 c6 00 23 00 4c f7 cb 00 05 ff fe ff 7b ff d6 00 16 00 26 0e 7d 00 01 80 3e 00 00 0f d9 43 79 50 7c 00 00 13 e0
859,41232,WL,flash_sample,48,34.778,1,110,0,1,1,1,0,1,1,0,1293,34778,0.017568,0.0366,-1.023824,0.052085,0.020834,-1.364627,-3.01,1.47,2.73,39.53125,98367,40.58,249.22984314,5.088,57 4c 01 6e 00 00 05 0d 00 00 87 da 00 24 00 4b f7 ce 00 05 00 02 ff 7d ff d5 00 15 00 27 0e 88 00 01 80 3f 00 00 0f da 43 79 3a d7 00 00 13 e0
860,41280,WL,flash_sample,48,34.798,1,110,0,1,1,1,0,1,1,0,1294,34798,0.01708,0.037088,-1.023824,0.031251,0.010417,-1.375044,-2.94,1.47,2.73,39.48828125,98365,40.6,249.401596069,5.088,57 4c 01 6e 00 00 05 0e 00 00 87 ee 00 23 00 4c f7 ce 00 03 00 01 ff 7c ff d6 00 15 00 27 0e 7d 00 01 80 3d 00 00 0f dc 43 79 66 cf 00 00 13 e0
861,41328,WL,flash_sample,48,34.818,1,110,0,1,1,1,0,1,1,0,1295,34818,0.018056,0.036112,-1.024312,0.020834,-0.010417,-1.375044,-2.94,1.47,2.66,39.48828125,98367,40.61,249.22984314,5.088,57 4c 01 6e 00 00 05 0f 00 00 88 02 00 25 00 4a f7 cd 00 02 ff ff ff 7c ff d6 00 15 00 26 0e 7d 00 01 80 3f 00 00 0f dd 43 79 3a d7 00 00 13 e0
862,41376,WL,flash_sample,48,34.838,1,102,0,1,1,0,0,1,1,0,1296,34838,0.01708,0.0366,-1.023824,0.010417,-0.010417,-1.364627,-2.94,1.47,2.73,39.49609375,98369,40.63,249.060745239,5.084,57 4c 01 66 00 00 05 10 00 00 88 16 00 23 00 4b f7 ce 00 01 ff ff ff 7d ff d6 00 15 00 27 0e 7f 00 01 80 41 00 00 0f df 43 79 0f 8d 00 00 13 dc
863,41424,WL,flash_sample,48,34.858,1,102,0,1,1,0,0,1,1,0,1297,34858,0.017568,0.037088,-1.024312,0.062502,0.010417,-1.406295,-3.01,1.47,2.73,39.50390625,98367,40.64,249.22984314,5.084,57 4c 01 66 00 00 05 11 00 00 88 2a 00 24 00 4c f7 cd 00 06 00 01 ff 79 ff d5 00 15 00 27 0e 81 00 01 80 3f 00 00 0f e0 43 79 3a d7 00 00 13 dc
864,41472,WL,flash_sample,48,34.878,1,110,0,1,1,1,0,1,1,0,1298,34878,0.01708,0.037576,-1.023824,0.041668,0.0,-1.35421,-3.01,1.47,2.73,39.48046875,98369,40.65,249.060745239,5.084,57 4c 01 6e 00 00 05 12 00 00 88 3e 00 23 00 4d f7 ce 00 04 00 00 ff 7e ff d5 00 15 00 27 0e 7b 00 01 80 41 00 00 0f e1 43 79 0f 8d 00 00 13 dc
865,41520,WL,flash_sample,48,34.898,1,110,0,1,1,1,0,1,1,0,1299,34898,0.01708,0.0366,-1.023336,0.031251,0.010417,-1.395878,-2.94,1.47,2.73,39.50390625,98371,40.66,248.88899231,5.084,57 4c 01 6e 00 00 05 13 00 00 88 52 00 23 00 4b f7 cf 00 03 00 01 ff 7a ff d6 00 15 00 27 0e 81 00 01 80 43 00 00 0f e2 43 78 e3 95 00 00 13 dc
866,41568,WL,flash_sample,48,34.918,1,110,0,1,1,1,0,1,1,0,1300,34918,0.01708,0.037088,-1.0248,0.041668,0.041668,-1.343793,-2.94,1.26,2.87,39.5234375,98366,40.67,249.31439209,5.084,57 4c 01 6e 00 00 05 14 00 00 88 66 00 23 00 4c f7 cc 00 04 00 04 ff 7f ff d6 00 12 00 29 0e 86 00 01 80 3e 00 00 0f e3 43 79 50 7c 00 00 13 dc
867,41616,WL,flash_sample,48,34.938,1,110,0,1,1,1,0,1,1,0,1301,34938,0.018056,0.0366,-1.023824,0.052085,0.010417,-1.375044,-2.94,1.47,2.73,39.48046875,98371,40.68,248.88899231,5.1,57 4c 01 6e 00 00 05 15 00 00 88 7a 00 25 00 4b f7 ce 00 05 00 01 ff 7c ff d6 00 15 00 27 0e 7b 00 01 80 43 00 00 0f e4 43 78 e3 95 00 00 13 ec
868,41664,WL,flash_sample,48,34.958,1,102,0,1,1,0,0,1,1,0,1302,34958,0.01708,0.037088,-1.024312,0.052085,-0.031251,-1.385461,-3.01,1.47,2.73,39.515625,98371,40.69,248.88899231,5.1,57 4c 01 66 00 00 05 16 00 00 88 8e 00 23 00 4c f7 cd 00 05 ff fd ff 7b ff d5 00 15 00 27 0e 84 00 01 80 43 00 00 0f e5 43 78 e3 95 00 00 13 ec
869,41712,WL,flash_sample,48,34.978,1,102,0,1,1,0,0,1,1,0,1303,34978,0.017568,0.036112,-1.023824,0.020834,0.010417,-1.416712,-2.94,1.47,2.73,39.53125,98372,40.7,248.804443359,5.1,57 4c 01 66 00 00 05 17 00 00 88 a2 00 24 00 4a f7 ce 00 02 00 01 ff 78 ff d6 00 15 00 27 0e 88 00 01 80 44 00 00 0f e6 43 78 cd f0 00 00 13 ec
870,41760,WL,flash_sample,48,34.998,1,110,0,1,1,1,0,1,1,0,1304,34998,0.018056,0.0366,-1.023336,0.041668,-0.031251,-1.395878,-3.01,1.47,2.73,39.5390625,98369,40.71,249.060745239,5.1,57 4c 01 6e 00 00 05 18 00 00 88 b6 00 25 00 4b f7 cf 00 04 ff fd ff 7a ff d5 00 15 00 27 0e 8a 00 01 80 41 00 00 0f e7 43 79 0f 8d 00 00 13 ec
871,41808,WL,flash_sample,48,35.018,1,102,0,1,1,0,0,1,1,0,1305,35018,0.017568,0.037088,-1.022848,0.072919,-0.020834,-1.406295,-3.01,1.47,2.73,39.5390625,98369,40.71,249.060745239,5.1,57 4c 01 66 00 00 05 19 00 00 88 ca 00 24 00 4c f7 d0 00 07 ff fe ff 79 ff d5 00 15 00 27 0e 8a 00 01 80 41 00 00 0f e7 43 79 0f 8d 00 00 13 ec
872,41856,WL,flash_sample,48,35.038,1,102,0,1,1,0,0,1,1,0,1306,35038,0.017568,0.037088,-1.022848,0.072919,-0.020834,-1.406295,-3.01,1.47,2.73,39.5390625,98369,40.71,249.060745239,5.1,57 4c 01 66 00 00 05 1a 00 00 88 de 00 24 00 4c f7 d0 00 07 ff fe ff 79 ff d5 00 15 00 27 0e 8a 00 01 80 41 00 00 0f e7 43 79 0f 8d 00 00 13 ec
873,41904,WL,flash_sample,48,35.058,1,102,0,1,1,0,0,1,1,0,1307,35058,0.017568,0.037088,-1.022848,0.072919,-0.020834,-1.406295,-3.01,1.47,2.73,39.5390625,98369,40.71,249.060745239,5.1,57 4c 01 66 00 00 05 1b 00 00 88 f2 00 24 00 4c f7 d0 00 07 ff fe ff 79 ff d5 00 15 00 27 0e 8a 00 01 80 41 00 00 0f e7 43 79 0f 8d 00 00 13 ec
874,41952,WL,flash_sample,48,35.078,1,102,0,1,1,0,0,1,1,0,1308,35078,0.017568,0.037088,-1.022848,0.072919,-0.020834,-1.406295,-3.01,1.47,2.73,39.5390625,98369,40.71,249.060745239,5.1,57 4c 01 66 00 00 05 1c 00 00 89 06 00 24 00 4c f7 d0 00 07 ff fe ff 79 ff d5 00 15 00 27 0e 8a 00 01 80 41 00 00 0f e7 43 79 0f 8d 00 00 13 ec
875,42000,WL,flash_sample,48,35.098,1,102,0,1,1,0,0,1,1,0,1309,35098,0.01708,0.037088,-1.023336,0.031251,-0.020834,-1.406295,-0.49,-0.98,1.19,39.55859375,98376,40.71,248.463577271,5.096,57 4c 01 66 00 00 05 1d 00 00 89 1a 00 23 00 4c f7 cf 00 03 ff fe ff 79 ff f9 ff f2 00 11 0e 8f 00 01 80 48 00 00 0f e7 43 78 76 ad 00 00 13 e8
876,42048,WL,flash_sample,48,35.118,1,110,0,1,1,1,0,1,1,0,1310,35118,0.01708,0.0366,-1.023336,0.052085,0.052085,-1.395878,-2.1,0.14,2.94,39.49609375,98360,40.39,249.82699585,5.096,57 4c 01 6e 00 00 05 1e 00 00 89 2e 00 23 00 4b f7 cf 00 05 00 05 ff 7a ff e2 00 02 00 2a 0e 7f 00 01 80 38 00 00 0f c7 43 79 d3 b6 00 00 13 e8
877,42096,WL,flash_sample,48,35.138,1,111,1,1,1,1,0,1,1,0,1311,35138,0.01708,0.0366,-1.023824,0.031251,-0.020834,-1.406295,-2.94,1.4,2.73,39.53515625,98365,40.43,249.401596069,5.1,57 4c 01 6f 00 00 05 1f 00 00 89 42 00 23 00 4b f7 ce 00 03 ff fe ff 79 ff d6 00 14 00 27 0e 89 00 01 80 3d 00 00 0f cb 43 79 66 cf 00 00 13 ec
878,42144,WL,flash_sample,48,35.158,1,111,1,1,1,1,0,1,1,0,1312,35158,0.01708,0.0366,-1.023824,0.031251,-0.020834,-1.406295,-2.94,1.4,2.73,39.53515625,98365,40.43,249.401596069,5.1,57 4c 01 6f 00 00 05 20 00 00 89 56 00 23 00 4b f7 ce 00 03 ff fe ff 79 ff d6 00 14 00 27 0e 89 00 01 80 3d 00 00 0f cb 43 79 66 cf 00 00 13 ec
879,42192,WL,flash_sample,48,35.178,1,111,1,1,1,1,0,1,1,0,1313,35178,0.01708,0.0366,-1.023824,0.031251,-0.020834,-1.406295,-2.94,1.4,2.73,39.53515625,98365,40.43,249.401596069,5.1,57 4c 01 6f 00 00 05 21 00 00 89 6a 00 23 00 4b f7 ce 00 03 ff fe ff 79 ff d6 00 14 00 27 0e 89 00 01 80 3d 00 00 0f cb 43 79 66 cf 00 00 13 ec
880,42240,WL,flash_sample,48,35.198,1,111,1,1,1,1,0,1,1,0,1314,35198,0.01708,0.0366,-1.023824,0.031251,-0.020834,-1.406295,-2.94,1.4,2.73,39.53515625,98365,40.43,249.401596069,5.1,57 4c 01 6f 00 00 05 22 00 00 89 7e 00 23 00 4b f7 ce 00 03 ff fe ff 79 ff d6 00 14 00 27 0e 89 00 01 80 3d 00 00 0f cb 43 79 66 cf 00 00 13 ec
881,42288,WL,flash_sample,48,35.218,1,111,1,1,1,1,0,1,1,0,1315,35218,0.01708,0.0366,-1.023824,0.031251,-0.020834,-1.406295,-2.94,1.4,2.73,39.53515625,98365,40.43,249.401596069,5.1,57 4c 01 6f 00 00 05 23 00 00 89 92 00 23 00 4b f7 ce 00 03 ff fe ff 79 ff d6 00 14 00 27 0e 89 00 01 80 3d 00 00 0f cb 43 79 66 cf 00 00 13 ec
882,42336,WL,flash_sample,48,35.238,1,111,1,1,1,1,0,1,1,0,1316,35238,0.01708,0.0366,-1.023824,0.031251,-0.020834,-1.406295,-2.94,1.4,2.73,39.53515625,98365,40.43,249.401596069,5.1,57 4c 01 6f 00 00 05 24 00 00 89 a6 00 23 00 4b f7 ce 00 03 ff fe ff 79 ff d6 00 14 00 27 0e 89 00 01 80 3d 00 00 0f cb 43 79 66 cf 00 00 13 ec
883,42384,WL,flash_sample,48,35.258,1,111,1,1,1,1,0,1,1,0,1317,35258,0.01708,0.0366,-1.023824,0.031251,-0.020834,-1.406295,-2.94,1.4,2.73,39.53515625,98365,40.43,249.401596069,5.1,57 4c 01 6f 00 00 05 25 00 00 89 ba 00 23 00 4b f7 ce 00 03 ff fe ff 79 ff d6 00 14 00 27 0e 89 00 01 80 3d 00 00 0f cb 43 79 66 cf 00 00 13 ec
884,42432,WL,flash_sample,48,35.278,1,111,1,1,1,1,0,1,1,0,1318,35278,0.017568,0.0366,-1.023336,0.052085,0.031251,-1.385461,-0.21,0.07,-0.14,39.515625,98367,40.46,249.22984314,5.1,57 4c 01 6f 00 00 05 26 00 00 89 ce 00 24 00 4b f7 cf 00 05 00 03 ff 7b ff fd 00 01 ff fe 0e 84 00 01 80 3f 00 00 0f ce 43 79 3a d7 00 00 13 ec
885,42480,WL,flash_sample,48,35.298,1,111,1,1,1,1,0,1,1,0,1319,35298,0.017568,0.0366,-1.023336,0.052085,0.031251,-1.385461,-0.21,0.07,-0.14,39.515625,98367,40.46,249.22984314,5.1,57 4c 01 6f 00 00 05 27 00 00 89 e2 00 24 00 4b f7 cf 00 05 00 03 ff 7b ff fd 00 01 ff fe 0e 84 00 01 80 3f 00 00 0f ce 43 79 3a d7 00 00 13 ec
886,42528,WL,flash_sample,48,35.318,1,65,1,0,0,0,0,0,1,0,1320,35318,0.017568,0.0366,-1.02236,0.020834,-0.010417,-1.375044,-0.21,0.07,-0.21,39.53515625,98367,40.46,249.22984314,4.936,57 4c 01 41 00 00 05 28 00 00 89 f6 00 24 00 4b f7 d1 00 02 ff ff ff 7c ff fd 00 01 ff fd 0e 89 00 01 80 3f 00 00 0f ce 43 79 3a d7 00 00 13 48
887,42576,WL,flash_sample,48,35.338,1,103,1,1,1,0,0,1,1,0,1321,35338,0.018056,0.037576,-1.022848,0.031251,-0.010417,-1.385461,-0.77,-0.21,0.84,39.52734375,98325,40.03,252.812774658,4.948,57 4c 01 67 00 00 05 29 00 00 8a 0a 00 25 00 4d f7 d0 00 03 ff ff ff 7b ff f5 ff fd 00 0c 0e 87 00 01 80 15 00 00 0f a3 43 7c d0 12 00 00 13 54
888,42624,WL,flash_sample,48,35.358,1,111,1,1,1,1,0,1,1,0,1322,35358,0.017568,0.037576,-1.023336,0.020834,0.0,-1.395878,-1.61,-0.21,2.45,39.5625,98343,39.98,251.277603149,4.948,57 4c 01 6f 00 00 05 2a 00 00 8a 1e 00 24 00 4d f7 cf 00 02 00 00 ff 7a ff e9 ff fd 00 23 0e 90 00 01 80 27 00 00 0f 9e 43 7b 47 11 00 00 13 54
889,42672,WL,flash_sample,48,35.378,1,111,1,1,1,1,0,1,1,0,1323,35378,0.016592,0.037088,-1.023336,0.052085,0.041668,-1.385461,-2.52,0.7,3.22,39.5703125,98352,40.08,250.50869751,4.948,57 4c 01 6f 00 00 05 2b 00 00 8a 32 00 22 00 4c f7 cf 00 05 00 04 ff 7b ff dc 00 0a 00 2e 0e 92 00 01 80 30 00 00 0f a8 43 7a 82 3a 00 00 13 54
890,42720,WL,flash_sample,48,35.398,1,111,1,1,1,1,0,1,1,0,1324,35398,0.01708,0.037088,-1.024312,0.041668,-0.010417,-1.343793,-2.87,1.4,2.66,39.5703125,98351,40.14,250.595901489,4.948,57 4c 01 6f 00 00 05 2c 00 00 8a 46 00 23 00 4c f7 cd 00 04 ff ff ff 7f ff d7 00 14 00 26 0e 92 00 01 80 2f 00 00 0f ae 43 7a 98 8d 00 00 13 54
891,42768,WL,flash_sample,48,35.418,1,103,1,1,1,0,0,1,1,0,1325,35418,0.017568,0.037088,-1.023824,0.020834,0.010417,-1.427129,-2.94,1.4,2.73,39.58984375,98354,40.19,250.339599609,4.948,57 4c 01 67 00 00 05 2d 00 00 8a 5a 00 24 00 4c f7 ce 00 02 00 01 ff 77 ff d6 00 14 00 27 0e 97 00 01 80 32 00 00 0f b3 43 7a 56 f0 00 00 13 54
892,42816,WL,flash_sample,48,35.438,1,103,1,1,1,0,0,1,1,0,1326,35438,0.01708,0.037576,-1.023336,0.083336,0.010417,-1.375044,-3.01,1.4,2.73,39.58203125,98353,40.24,250.42414856,5.112,57 4c 01 67 00 00 05 2e 00 00 8a 6e 00 23 00 4d f7 cf 00 08 00 01 ff 7c ff d5 00 14 00 27 0e 95 00 01 80 31 00 00 0f b8 43 7a 6c 95 00 00 13 f8
893,42864,WL,flash_sample,48,35.458,1,103,1,1,1,0,0,1,1,0,1327,35458,0.017568,0.037088,-1.0248,0.020834,0.0,-1.385461,-2.94,2.66,0.56,39.58203125,98323,40.28,252.981872559,5.112,57 4c 01 67 00 00 05 2f 00 00 8a 82 00 24 00 4c f7 cc 00 02 00 00 ff 7b ff d6 00 26 00 08 0e 95 00 01 80 13 00 00 0f bc 43 7c fb 5c 00 00 13 f8
894,42912,WL,flash_sample,48,35.478,1,111,1,1,1,1,0,1,1,0,1328,35478,0.01708,0.037088,-1.024312,0.020834,0.010417,-1.385461,-1.47,0.91,0.77,39.6171875,98313,40.27,253.835327148,5.112,57 4c 01 6f 00 00 05 30 00 00 8a 96 00 23 00 4c f7 cd 00 02 00 01 ff 7b ff eb 00 0d 00 0b 0e 9e 00 01 80 09 00 00 0f bb 43 7d d5 d8 00 00 13 f8
895,42960,WL,flash_sample,48,35.498,1,111,1,1,1,1,0,1,1,0,1329,35498,0.01708,0.037088,-1.023824,0.041668,0.0,-1.406295,-1.33,0.7,0.77,39.5546875,98315,40.3,253.666213989,5.112,57 4c 01 6f 00 00 05 31 00 00 8a aa 00 23 00 4c f7 ce 00 04 00 00 ff 79 ff ed 00 0a 00 0b 0e 8e 00 01 80 0b 00 00 0f be 43 7d aa 8d 00 00 13 f8
896,43008,WL,flash_sample,48,35.518,1,111,1,1,1,1,0,1,1,0,1330,35518,0.017568,0.0366,-1.023824,0.031251,0.031251,-1.385461,-1.26,0.63,0.77,39.58203125,98316,40.33,253.579025269,5.112,57 4c 01 6f 00 00 05 32 00 00 8a be 00 24 00 4b f7 ce 00 03 00 03 ff 7b ff ee 00 09 00 0b 0e 95 00 01 80 0c 00 00 0f c1 43 7d 94 3b 00 00 13 f8
897,43056,WL,flash_sample,48,35.538,1,103,1,1,1,0,0,1,1,0,1331,35538,0.016592,0.037088,-1.023824,0.020834,0.0,-1.385461,-1.26,0.56,0.77,39.58203125,98314,40.36,253.750778198,4.932,57 4c 01 67 00 00 05 33 00 00 8a d2 00 22 00 4c f7 ce 00 02 00 00 ff 7b ff ee 00 08 00 0b 0e 95 00 01 80 0a 00 00 0f c4 43 7d c0 33 00 00 13 44
898,43104,WL,flash_sample,48,35.558,1,103,1,1,1,0,0,1,1,0,1332,35558,0.01708,0.037576,-1.023336,0.052085,-0.020834,-1.375044,-1.54,-0.28,2.38,39.62109375,98351,40.38,250.595901489,4.932,57 4c 01 67 00 00 05 34 00 00 8a e6 00 23 00 4d f7 cf 00 05 ff fe ff 7c ff ea ff fc 00 22 0e 9f 00 01 80 2f 00 00 0f c6 43 7a 98 8d 00 00 13 44
899,43152,WL,flash_sample,48,35.578,1,103,1,1,1,0,0,1,1,0,1333,35578,0.01708,0.037576,-1.022848,0.052085,-0.010417,-1.35421,-2.45,0.49,3.29,39.58203125,98361,40.46,249.742446899,4.932,57 4c 01 67 00 00 05 35 00 00 8a fa 00 23 00 4d f7 d0 00 05 ff ff ff 7e ff dd 00 07 00 2f 0e 95 00 01 80 39 00 00 0f ce 43 79 be 11 00 00 13 44
900,43200,WL,flash_sample,48,35.598,1,111,1,1,1,1,0,1,1,0,1334,35598,0.01708,0.037088,-1.023336,0.052085,0.020834,-1.406295,-2.94,1.47,2.66,39.62109375,98360,40.49,249.82699585,4.932,57 4c 01 6f 00 00 05 36 00 00 8b 0e 00 23 00 4c f7 cf 00 05 00 02 ff 79 ff d6 00 15 00 26 0e 9f 00 01 80 38 00 00 0f d1 43 79 d3 b6 00 00 13 44
901,43248,WL,flash_sample,48,35.618,1,111,1,1,1,1,0,1,1,0,1335,35618,0.017568,0.0366,-1.023824,0.031251,-0.020834,-1.406295,-3.01,1.47,2.66,39.6484375,98361,40.52,249.742446899,4.932,57 4c 01 6f 00 00 05 37 00 00 8b 22 00 24 00 4b f7 ce 00 03 ff fe ff 79 ff d5 00 15 00 26 0e a6 00 01 80 39 00 00 0f d4 43 79 be 11 00 00 13 44
902,43296,WL,flash_sample,48,35.638,1,111,1,1,1,1,0,1,1,0,1336,35638,0.016592,0.0366,-1.023336,0.031251,0.010417,-1.375044,-2.94,1.47,2.66,39.65625,98362,40.55,249.65524292,5.092,57 4c 01 6f 00 00 05 38 00 00 8b 36 00 22 00 4b f7 cf 00 03 00 01 ff 7c ff d6 00 15 00 26 0e a8 00 01 80 3a 00 00 0f d7 43 79 a7 be 00 00 13 e4
903,43344,WL,flash_sample,48,35.658,1,103,1,1,1,0,0,1,1,0,1337,35658,0.017568,0.037576,-1.024312,0.041668,0.010417,-1.406295,-2.94,1.47,2.66,39.63671875,98365,40.57,249.401596069,5.092,57 4c 01 67 00 00 05 39 00 00 8b 4a 00 24 00 4d f7 cd 00 04 00 01 ff 79 ff d6 00 15 00 26 0e a3 00 01 80 3d 00 00 0f d9 43 79 66 cf 00 00 13 e4
904,43392,WL,flash_sample,48,35.678,1,103,1,1,1,0,0,1,1,0,1338,35678,0.017568,0.037088,-1.024312,0.010417,-0.010417,-1.437546,-2.94,1.47,2.73,39.59765625,98363,40.59,249.57069397,5.092,57 4c 01 67 00 00 05 3a 00 00 8b 5e 00 24 00 4c f7 cd 00 01 ff ff ff 76 ff d6 00 15 00 27 0e 99 00 01 80 3b 00 00 0f db 43 79 92 19 00 00 13 e4
905,43440,WL,flash_sample,48,35.698,1,111,1,1,1,1,0,1,1,0,1339,35698,0.018056,0.037088,-1.023824,0.052085,-0.031251,-1.375044,-2.94,1.4,2.66,39.61328125,98366,40.61,249.31439209,5.092,57 4c 01 6f 00 00 05 3b 00 00 8b 72 00 25 00 4c f7 ce 00 05 ff fd ff 7c ff d6 00 14 00 26 0e 9d 00 01 80 3e 00 00 0f dd 43 79 50 7c 00 00 13 e4
906,43488,WL,flash_sample,48,35.718,1,111,1,1,1,1,0,1,1,0,1340,35718,0.01708,0.0366,-1.023824,0.041668,0.041668,-1.364627,-2.94,1.47,2.66,39.65625,98369,40.63,249.060745239,5.092,57 4c 01 6f 00 00 05 3c 00 00 8b 86 00 23 00 4b f7 ce 00 04 00 04 ff 7d ff d6 00 15 00 26 0e a8 00 01 80 41 00 00 0f df 43 79 0f 8d 00 00 13 e4
907,43536,WL,flash_sample,48,35.738,1,111,1,1,1,1,0,1,1,0,1341,35738,0.017568,0.0366,-1.023824,0.052085,0.010417,-1.406295,-2.94,1.47,2.73,39.65625,98367,40.66,249.22984314,5.084,57 4c 01 6f 00 00 05 3d 00 00 8b 9a 00 24 00 4b f7 ce 00 05 00 01 ff 79 ff d6 00 15 00 27 0e a8 00 01 80 3f 00 00 0f e2 43 79 3a d7 00 00 13 dc
908,43584,WL,flash_sample,48,35.758,1,111,1,1,1,1,0,1,1,0,1342,35758,0.01708,0.037088,-1.023336,0.041668,0.010417,-1.364627,-3.01,1.47,2.73,39.61328125,98368,40.67,249.145294189,5.084,57 4c 01 6f 00 00 05 3e 00 00 8b ae 00 23 00 4c f7 cf 00 04 00 01 ff 7d ff d5 00 15 00 27 0e 9d 00 01 80 40 00 00 0f e3 43 79 25 32 00 00 13 dc
909,43632,WL,flash_sample,48,35.778,1,103,1,1,1,0,0,1,1,0,1343,35778,0.01708,0.037088,-1.024312,0.020834,0.020834,-1.375044,-3.01,1.47,2.66,39.63671875,98367,40.69,249.22984314,5.084,57 4c 01 67 00 00 05 3f 00 00 8b c2 00 23 00 4c f7 cd 00 02 00 02 ff 7c ff d5 00 15 00 26 0e a3 00 01 80 3f 00 00 0f e5 43 79 3a d7 00 00 13 dc
910,43680,WL,flash_sample,48,35.798,1,103,1,1,1,0,0,1,1,0,1344,35798,0.017568,0.037088,-1.024312,0.041668,0.010417,-1.385461,-2.94,1.47,2.73,39.59765625,98369,40.71,249.060745239,5.084,57 4c 01 67 00 00 05 40 00 00 8b d6 00 24 00 4c f7 cd 00 04 00 01 ff 7b ff d6 00 15 00 27 0e 99 00 01 80 41 00 00 0f e7 43 79 0f 8d 00 00 13 dc
911,43728,WL,flash_sample,48,35.818,1,111,1,1,1,1,0,1,1,0,1345,35818,0.017568,0.036112,-1.0248,0.062502,0.0,-1.406295,-3.01,1.4,2.66,39.61328125,98370,40.72,248.97354126,5.084,57 4c 01 6f 00 00 05 41 00 00 8b ea 00 24 00 4a f7 cc 00 06 00 00 ff 79 ff d5 00 14 00 26 0e 9d 00 01 80 42 00 00 0f e8 43 78 f9 3a 00 00 13 dc
912,43776,WL,flash_sample,48,35.838,1,111,1,1,1,1,0,1,1,0,1346,35838,0.016592,0.037088,-1.024312,0.041668,0.020834,-1.375044,-3.01,1.47,2.73,39.6640625,98373,40.74,248.71723938,5.1,57 4c 01 6f 00 00 05 42 00 00 8b fe 00 22 00 4c f7 cd 00 04 00 02 ff 7c ff d5 00 15 00 27 0e aa 00 01 80 45 00 00 0f ea 43 78 b7 9d 00 00 13 ec
913,43824,WL,flash_sample,48,35.858,1,111,1,1,1,1,0,1,1,0,1347,35858,0.01708,0.037088,-1.024312,0.031251,0.010417,-1.416712,-2.94,1.47,2.73,39.63671875,98372,40.74,248.804443359,5.1,57 4c 01 6f 00 00 05 43 00 00 8c 12 00 23 00 4c f7 cd 00 03 00 01 ff 78 ff d6 00 15 00 27 0e a3 00 01 80 44 00 00 0f ea 43 78 cd f0 00 00 13 ec
914,43872,WL,flash_sample,48,35.878,1,111,1,1,1,1,0,1,1,0,1348,35878,0.017568,0.0366,-1.023824,0.083336,0.010417,-1.375044,-2.94,1.4,2.66,39.67578125,98369,40.76,249.060745239,5.1,57 4c 01 6f 00 00 05 44 00 00 8c 26 00 24 00 4b f7 ce 00 08 00 01 ff 7c ff d6 00 14 00 26 0e ad 00 01 80 41 00 00 0f ec 43 79 0f 8d 00 00 13 ec
915,43920,WL,flash_sample,48,35.898,1,103,1,1,1,0,0,1,1,0,1349,35898,0.017568,0.0366,-1.022848,0.010417,0.052085,-1.375044,-3.01,1.4,2.66,39.66015625,98372,40.77,248.804443359,5.1,57 4c 01 67 00 00 05 45 00 00 8c 3a 00 24 00 4b f7 d0 00 01 00 05 ff 7c ff d5 00 14 00 26 0e a9 00 01 80 44 00 00 0f ed 43 78 cd f0 00 00 13 ec
916,43968,WL,flash_sample,48,35.918,1,103,1,1,1,0,0,1,1,0,1350,35918,0.01708,0.0366,-1.023824,0.031251,-0.010417,-1.416712,-2.87,1.33,2.87,39.6484375,98371,40.78,248.88899231,5.1,57 4c 01 67 00 00 05 46 00 00 8c 4e 00 23 00 4b f7 ce 00 03 ff ff ff 78 ff d7 00 13 00 29 0e a6 00 01 80 43 00 00 0f ee 43 78 e3 95 00 00 13 ec
917,44016,WL,flash_sample,48,35.938,1,111,1,1,1,1,0,1,1,0,1351,35938,0.017568,0.0366,-1.024312,0.020834,0.0,-1.364627,-3.01,1.47,2.73,39.6640625,98368,40.78,249.145294189,5.1,57 4c 01 6f 00 00 05 47 00 00 8c 62 00 24 00 4b f7 cd 00 02 00 00 ff 7d ff d5 00 15 00 27 0e aa 00 01 80 40 00 00 0f ee 43 79 25 32 00 00 13 ec
918,44064,WL,flash_sample,48,35.958,1,111,1,1,1,1,0,1,1,0,1352,35958,0.01708,0.0366,-1.023824,0.041668,0.010417,-1.385461,-2.94,1.47,2.73,39.6640625,98369,40.8,249.060745239,5.1,57 4c 01 6f 00 00 05 48 00 00 8c 76 00 23 00 4b f7 ce 00 04 00 01 ff 7b ff d6 00 15 00 27 0e aa 00 01 80 41 00 00 0f f0 43 79 0f 8d 00 00 13 ec
919,44112,WL,flash_sample,48,35.978,1,111,1,1,1,1,0,1,1,0,1353,35978,0.018056,0.037576,-1.024312,0.020834,0.020834,-1.375044,-2.94,1.4,2.73,39.671875,98371,40.81,248.88899231,5.1,57 4c 01 6f 00 00 05 49 00 00 8c 8a 00 25 00 4d f7 cd 00 02 00 02 ff 7c ff d6 00 14 00 27 0e ac 00 01 80 43 00 00 0f f1 43 78 e3 95 00 00 13 ec
920,44160,WL,flash_sample,48,35.998,1,111,1,1,1,1,0,1,1,0,1354,35998,0.017568,0.0366,-1.024312,0.020834,0.010417,-1.375044,-2.94,1.4,2.66,39.6640625,98376,40.82,248.463577271,5.1,57 4c 01 6f 00 00 05 4a 00 00 8c 9e 00 24 00 4b f7 cd 00 02 00 01 ff 7c ff d6 00 14 00 26 0e aa 00 01 80 48 00 00 0f f2 43 78 76 ad 00 00 13 ec
921,44208,WL,flash_sample,48,36.018,1,111,1,1,1,1,0,1,1,0,1355,36018,0.017568,0.036112,-1.023824,0.020834,0.020834,-1.406295,-3.01,1.47,2.66,39.64453125,98371,40.83,248.88899231,5.1,57 4c 01 6f 00 00 05 4b 00 00 8c b2 00 24 00 4a f7 ce 00 02 00 02 ff 79 ff d5 00 15 00 26 0e a5 00 01 80 43 00 00 0f f3 43 78 e3 95 00 00 13 ec
922,44256,WL,flash_sample,48,36.038,1,111,1,1,1,1,0,1,1,0,1356,36038,0.017568,0.036112,-1.023824,0.020834,0.020834,-1.406295,-3.01,1.47,2.66,39.64453125,98371,40.83,248.88899231,5.1,57 4c 01 6f 00 00 05 4c 00 00 8c c6 00 24 00 4a f7 ce 00 02 00 02 ff 79 ff d5 00 15 00 26 0e a5 00 01 80 43 00 00 0f f3 43 78 e3 95 00 00 13 ec
923,44304,WL,flash_sample,48,36.058,1,111,1,1,1,1,0,1,1,0,1357,36058,0.017568,0.036112,-1.023824,0.020834,0.020834,-1.406295,-3.01,1.47,2.66,39.64453125,98371,40.83,248.88899231,5.1,57 4c 01 6f 00 00 05 4d 00 00 8c da 00 24 00 4a f7 ce 00 02 00 02 ff 79 ff d5 00 15 00 26 0e a5 00 01 80 43 00 00 0f f3 43 78 e3 95 00 00 13 ec
924,44352,WL,flash_sample,48,36.078,1,111,1,1,1,1,0,1,1,0,1358,36078,0.017568,0.036112,-1.023824,0.020834,0.020834,-1.406295,-3.01,1.47,2.66,39.64453125,98371,40.83,248.88899231,5.1,57 4c 01 6f 00 00 05 4e 00 00 8c ee 00 24 00 4a f7 ce 00 02 00 02 ff 79 ff d5 00 15 00 26 0e a5 00 01 80 43 00 00 0f f3 43 78 e3 95 00 00 13 ec
925,44400,WL,flash_sample,48,36.098,1,97,1,0,0,0,0,1,1,0,1359,36098,0.017568,0.037576,-1.023824,0.031251,0.020834,-1.395878,-0.28,0.07,-0.14,39.66796875,98432,40.84,243.688995361,5.096,57 4c 01 61 00 00 05 4f 00 00 8d 02 00 24 00 4d f7 ce 00 03 00 02 ff 7a ff fc 00 01 ff fe 0e ab 00 01 80 80 00 00 0f f4 43 73 b0 62 00 00 13 e8
926,44448,WL,flash_sample,48,36.118,1,103,1,1,1,0,0,1,1,0,1360,36118,0.01708,0.0366,-1.022848,0.010417,0.0,-1.35421,-1.96,0.14,2.87,39.6796875,98369,40.55,249.060745239,5.096,57 4c 01 67 00 00 05 50 00 00 8d 16 00 23 00 4b f7 d0 00 01 00 00 ff 7e ff e4 00 02 00 29 0e ae 00 01 80 41 00 00 0f d7 43 79 0f 8d 00 00 13 e8
927,44496,WL,flash_sample,48,36.138,1,102,0,1,1,0,0,1,1,0,1361,36138,0.017568,0.037088,-1.022848,0.052085,0.010417,-1.395878,-2.94,1.4,2.8,39.703125,98362,40.58,249.65524292,5.092,57 4c 01 66 00 00 05 51 00 00 8d 2a 00 24 00 4c f7 d0 00 05 00 01 ff 7a ff d6 00 14 00 28 0e b4 00 01 80 3a 00 00 0f da 43 79 a7 be 00 00 13 e4
928,44544,WL,flash_sample,48,36.158,1,102,0,1,1,0,0,1,1,0,1362,36158,0.017568,0.037088,-1.022848,0.052085,0.010417,-1.395878,-2.94,1.4,2.8,39.703125,98362,40.58,249.65524292,5.092,57 4c 01 66 00 00 05 52 00 00 8d 3e 00 24 00 4c f7 d0 00 05 00 01 ff 7a ff d6 00 14 00 28 0e b4 00 01 80 3a 00 00 0f da 43 79 a7 be 00 00 13 e4
929,44592,WL,flash_sample,48,36.178,1,102,0,1,1,0,0,1,1,0,1363,36178,0.017568,0.037088,-1.022848,0.052085,0.010417,-1.395878,-2.94,1.4,2.8,39.703125,98362,40.58,249.65524292,5.092,57 4c 01 66 00 00 05 53 00 00 8d 52 00 24 00 4c f7 d0 00 05 00 01 ff 7a ff d6 00 14 00 28 0e b4 00 01 80 3a 00 00 0f da 43 79 a7 be 00 00 13 e4
930,44640,WL,flash_sample,48,36.198,1,102,0,1,1,0,0,1,1,0,1364,36198,0.017568,0.037088,-1.022848,0.052085,0.010417,-1.395878,-2.94,1.4,2.8,39.703125,98362,40.58,249.65524292,5.092,57 4c 01 66 00 00 05 54 00 00 8d 66 00 24 00 4c f7 d0 00 05 00 01 ff 7a ff d6 00 14 00 28 0e b4 00 01 80 3a 00 00 0f da 43 79 a7 be 00 00 13 e4
931,44688,WL,flash_sample,48,36.218,1,102,0,1,1,0,0,1,1,0,1365,36218,0.017568,0.037088,-1.022848,0.052085,0.010417,-1.395878,-2.94,1.4,2.8,39.703125,98362,40.58,249.65524292,5.092,57 4c 01 66 00 00 05 55 00 00 8d 7a 00 24 00 4c f7 d0 00 05 00 01 ff 7a ff d6 00 14 00 28 0e b4 00 01 80 3a 00 00 0f da 43 79 a7 be 00 00 13 e4
932,44736,WL,flash_sample,48,36.238,1,102,0,1,1,0,0,1,1,0,1366,36238,0.017568,0.037088,-1.022848,0.052085,0.010417,-1.395878,-2.94,1.4,2.8,39.703125,98362,40.58,249.65524292,5.092,57 4c 01 66 00 00 05 56 00 00 8d 8e 00 24 00 4c f7 d0 00 05 00 01 ff 7a ff d6 00 14 00 28 0e b4 00 01 80 3a 00 00 0f da 43 79 a7 be 00 00 13 e4
933,44784,WL,flash_sample,48,36.258,1,102,0,1,1,0,0,1,1,0,1367,36258,0.017568,0.037088,-1.022848,0.052085,0.010417,-1.395878,-2.94,1.4,2.8,39.703125,98362,40.58,249.65524292,5.092,57 4c 01 66 00 00 05 57 00 00 8d a2 00 24 00 4c f7 d0 00 05 00 01 ff 7a ff d6 00 14 00 28 0e b4 00 01 80 3a 00 00 0f da 43 79 a7 be 00 00 13 e4
934,44832,WL,flash_sample,48,36.278,1,110,0,1,1,1,0,1,1,0,1368,36278,0.017568,0.037088,-1.022848,0.052085,0.0,-1.375044,-0.28,0.14,-0.21,39.63671875,98362,40.58,249.65524292,5.092,57 4c 01 6e 00 00 05 58 00 00 8d b6 00 24 00 4c f7 d0 00 05 00 00 ff 7c ff fc 00 02 ff fd 0e a3 00 01 80 3a 00 00 0f da 43 79 a7 be 00 00 13 e4
935,44880,WL,flash_sample,48,36.298,1,110,0,1,1,1,0,1,1,0,1369,36298,0.017568,0.037088,-1.022848,0.052085,0.0,-1.375044,-0.28,0.14,-0.21,39.63671875,98362,40.58,249.65524292,5.092,57 4c 01 6e 00 00 05 59 00 00 8d ca 00 24 00 4c f7 d0 00 05 00 00 ff 7c ff fc 00 02 ff fd 0e a3 00 01 80 3a 00 00 0f da 43 79 a7 be 00 00 13 e4
936,44928,WL,flash_sample,48,36.318,1,64,0,0,0,0,0,0,1,0,1370,36318,0.017568,0.037088,-1.022848,0.072919,0.0,-1.375044,-0.28,-0.49,0.42,39.66015625,98411,40.61,245.477813721,4.984,57 4c 01 40 00 00 05 5a 00 00 8d de 00 24 00 4c f7 d0 00 07 00 00 ff 7c ff fc ff f9 00 06 0e a9 00 01 80 6b 00 00 0f dd 43 75 7a 52 00 00 13 78
937,44976,WL,flash_sample,48,36.338,1,110,0,1,1,1,0,1,1,0,1371,36338,0.018056,0.0366,-1.02236,0.052085,0.010417,-1.35421,-0.7,-0.28,0.84,39.6640625,98304,40.07,254.604232788,4.944,57 4c 01 6e 00 00 05 5b 00 00 8d f2 00 25 00 4b f7 d1 00 05 00 01 ff 7e ff f6 ff fc 00 0c 0e aa 00 01 80 00 00 00 0f a7 43 7e 9a af 00 00 13 50
938,45024,WL,flash_sample,48,36.358,1,102,0,1,1,0,0,1,1,0,1372,36358,0.018056,0.037088,-1.022848,0.020834,0.010417,-1.406295,-1.61,-0.28,2.38,39.65625,98351,40.17,250.595901489,4.944,57 4c 01 66 00 00 05 5c 00 00 8e 06 00 25 00 4c f7 d0 00 02 00 01 ff 79 ff e9 ff fc 00 22 0e a8 00 01 80 2f 00 00 0f b1 43 7a 98 8d 00 00 13 50
939,45072,WL,flash_sample,48,36.378,1,102,0,1,1,0,0,1,1,0,1373,36378,0.018056,0.037576,-1.023336,0.031251,-0.010417,-1.395878,-2.52,0.49,3.29,39.69921875,98352,40.23,250.50869751,4.944,57 4c 01 66 00 00 05 5d 00 00 8e 1a 00 25 00 4d f7 cf 00 03 ff ff ff 7a ff dc 00 07 00 2f 0e b3 00 01 80 30 00 00 0f b7 43 7a 82 3a 00 00 13 50
940,45120,WL,flash_sample,48,36.398,1,102,0,1,1,0,0,1,1,0,1374,36398,0.017568,0.037088,-1.023824,0.052085,0.010417,-1.385461,-2.94,1.47,2.66,39.72265625,98353,40.28,250.42414856,4.944,57 4c 01 66 00 00 05 5e 00 00 8e 2e 00 24 00 4c f7 ce 00 05 00 01 ff 7b ff d6 00 15 00 26 0e b9 00 01 80 31 00 00 0f bc 43 7a 6c 95 00 00 13 50
941,45168,WL,flash_sample,48,36.418,1,110,0,1,1,1,0,1,1,0,1375,36418,0.01708,0.0366,-1.023336,0.010417,-0.010417,-1.364627,-2.94,1.47,2.66,39.703125,98350,40.33,250.680450439,4.944,57 4c 01 6e 00 00 05 5f 00 00 8e 42 00 23 00 4b f7 cf 00 01 ff ff ff 7d ff d6 00 15 00 26 0e b4 00 01 80 2e 00 00 0f c1 43 7a ae 32 00 00 13 50
942,45216,WL,flash_sample,48,36.438,1,110,0,1,1,1,0,1,1,0,1376,36438,0.018056,0.0366,-1.024312,0.020834,0.031251,-1.375044,-2.87,1.4,2.73,39.703125,98352,40.38,250.50869751,5.1,57 4c 01 6e 00 00 05 60 00 00 8e 56 00 25 00 4b f7 cd 00 02 00 03 ff 7c ff d7 00 14 00 27 0e b4 00 01 80 30 00 00 0f c6 43 7a 82 3a 00 00 13 ec
943,45264,WL,flash_sample,48,36.458,1,110,0,1,1,1,0,1,1,0,1377,36458,0.01708,0.037088,-1.024312,0.052085,0.010417,-1.375044,-2.31,1.75,0.77,39.6953125,98315,40.38,253.666213989,5.1,57 4c 01 6e 00 00 05 61 00 00 8e 6a 00 23 00 4c f7 cd 00 05 00 01 ff 7c ff df 00 19 00 0b 0e b2 00 01 80 0b 00 00 0f c6 43 7d aa 8d 00 00 13 ec
944,45312,WL,flash_sample,48,36.478,1,102,0,1,1,0,0,1,1,0,1378,36478,0.018056,0.037088,-1.0248,0.020834,-0.020834,-1.395878,-1.47,0.91,0.77,39.72265625,98319,40.41,253.325363159,5.1,57 4c 01 66 00 00 05 62 00 00 8e 7e 00 25 00 4c f7 cc 00 02 ff fe ff 7a ff eb 00 0d 00 0b 0e b9 00 01 80 0f 00 00 0f c9 43 7d 53 4b 00 00 13 ec
945,45360,WL,flash_sample,48,36.498,1,102,0,1,1,0,0,1,1,0,1379,36498,0.01708,0.0366,-1.022848,0.041668,-0.020834,-1.375044,-1.4,0.63,0.84,39.72265625,98320,40.43,253.238174438,5.1,57 4c 01 66 00 00 05 63 00 00 8e 92 00 23 00 4b f7 d0 00 04 ff fe ff 7c ff ec 00 09 00 0c 0e b9 00 01 80 10 00 00 0f cb 43 7d 3c f9 00 00 13 ec
946,45408,WL,flash_sample,48,36.518,1,110,0,1,1,1,0,1,1,0,1380,36518,0.017568,0.0366,-1.022848,0.031251,-0.010417,-1.395878,-1.33,0.56,0.77,39.703125,98320,40.46,253.238174438,5.1,57 4c 01 6e 00 00 05 64 00 00 8e a6 00 24 00 4b f7 d0 00 03 ff ff ff 7a ff ed 00 08 00 0b 0e b4 00 01 80 10 00 00 0f ce 43 7d 3c f9 00 00 13 ec
947,45456,WL,flash_sample,48,36.538,1,110,0,1,1,1,0,1,1,0,1381,36538,0.017568,0.037088,-1.023336,0.031251,0.0,-1.375044,-1.26,0.49,0.77,39.6953125,98321,40.49,253.153625488,4.948,57 4c 01 6e 00 00 05 65 00 00 8e ba 00 24 00 4c f7 cf 00 03 00 00 ff 7c ff ee 00 07 00 0b 0e b2 00 01 80 11 00 00 0f d1 43 7d 27 54 00 00 13 54
948,45504,WL,flash_sample,48,36.558,1,110,0,1,1,1,0,1,1,0,1382,36558,0.018056,0.036112,-1.023336,0.031251,0.010417,-1.375044,-1.4,-0.35,2.31,39.71484375,98357,40.55,250.083297729,4.948,57 4c 01 6e 00 00 05 66 00 00 8e ce 00 25 00 4a f7 cf 00 03 00 01 ff 7c ff ec ff fb 00 21 0e b7 00 01 80 35 00 00 0f d7 43 7a 15 53 00 00 13 54
949,45552,WL,flash_sample,48,36.578,1,110,0,1,1,1,0,1,1,0,1383,36578,0.01708,0.037576,-1.024312,0.031251,0.052085,-1.395878,-2.87,1.26,2.87,39.703125,98362,40.59,249.65524292,4.948,57 4c 01 6e 00 00 05 67 00 00 8e e2 00 23 00 4d f7 cd 00 03 00 05 ff 7a ff d7 00 12 00 29 0e b4 00 01 80 3a 00 00 0f db 43 79 a7 be 00 00 13 54
950,45600,WL,flash_sample,48,36.598,1,102,0,1,1,0,0,1,1,0,1384,36598,0.017568,0.037088,-1.023824,0.020834,0.0,-1.385461,-2.94,1.4,2.73,39.73046875,98362,40.62,249.65524292,4.948,57 4c 01 66 00 00 05 68 00 00 8e f6 00 24 00 4c f7 ce 00 02 00 00 ff 7b ff d6 00 14 00 27 0e bb 00 01 80 3a 00 00 0f de 43 79 a7 be 00 00 13 54
951,45648,WL,flash_sample,48,36.618,1,102,0,1,1,0,0,1,1,0,1385,36618,0.01708,0.037088,-1.024312,0.052085,0.052085,-1.385461,-3.01,1.47,2.66,39.74609375,98366,40.65,249.31439209,4.948,57 4c 01 66 00 00 05 69 00 00 8f 0a 00 23 00 4c f7 cd 00 05 00 05 ff 7b ff d5 00 15 00 26 0e bf 00 01 80 3e 00 00 0f e1 43 79 50 7c 00 00 13 54
952,45696,WL,flash_sample,48,36.638,1,110,0,1,1,1,0,1,1,0,1386,36638,0.017568,0.0366,-1.023824,0.052085,0.010417,-1.406295,-2.94,1.47,2.73,39.703125,98361,40.67,249.742446899,5.096,57 4c 01 6e 00 00 05 6a 00 00 8f 1e 00 24 00 4b f7 ce 00 05 00 01 ff 79 ff d6 00 15 00 27 0e b4 00 01 80 39 00 00 0f e3 43 79 be 11 00 00 13 e8
953,45744,WL,flash_sample,48,36.658,1,110,0,1,1,1,0,1,1,0,1387,36658,0.016592,0.037576,-1.023824,0.052085,-0.010417,-1.395878,-2.94,1.4,2.66,39.76171875,98365,40.69,249.401596069,5.096,57 4c 01 6e 00 00 05 6b 00 00 8f 32 00 22 00 4d f7 ce 00 05 ff ff ff 7a ff d6 00 14 00 26 0e c3 00 01 80 3d 00 00 0f e5 43 79 66 cf 00 00 13 e8
954,45792,WL,flash_sample,48,36.678,1,110,0,1,1,1,0,1,1,0,1388,36678,0.017568,0.037088,-1.024312,0.020834,-0.010417,-1.395878,-3.01,1.47,2.66,39.72265625,98365,40.72,249.401596069,5.096,57 4c 01 6e 00 00 05 6c 00 00 8f 46 00 24 00 4c f7 cd 00 02 ff ff ff 7a ff d5 00 15 00 26 0e b9 00 01 80 3d 00 00 0f e8 43 79 66 cf 00 00 13 e8
955,45840,WL,flash_sample,48,36.698,1,110,0,1,1,1,0,1,1,0,1389,36698,0.017568,0.037088,-1.023824,0.020834,0.0,-1.395878,-2.94,1.4,2.73,39.71484375,98367,40.74,249.22984314,5.096,57 4c 01 6e 00 00 05 6d 00 00 8f 5a 00 24 00 4c f7 ce 00 02 00 00 ff 7a ff d6 00 14 00 27 0e b7 00 01 80 3f 00 00 0f ea 43 79 3a d7 00 00 13 e8
956,45888,WL,flash_sample,48,36.718,1,102,0,1,1,0,0,1,1,0,1390,36718,0.017568,0.0366,-1.024312,0.020834,0.010417,-1.375044,-3.01,1.47,2.73,39.72265625,98366,40.76,249.31439209,5.096,57 4c 01 66 00 00 05 6e 00 00 8f 6e 00 24 00 4b f7 cd 00 02 00 01 ff 7c ff d5 00 15 00 27 0e b9 00 01 80 3e 00 00 0f ec 43 79 50 7c 00 00 13 e8
957,45936,WL,flash_sample,48,36.738,1,102,0,1,1,0,0,1,1,0,1391,36738,0.016592,0.037088,-1.023336,0.020834,-0.020834,-1.395878,-2.94,1.4,2.8,39.74609375,98366,40.78,249.31439209,5.092,57 4c 01 66 00 00 05 6f 00 00 8f 82 00 22 00 4c f7 cf 00 02 ff fe ff 7a ff d6 00 14 00 28 0e bf 00 01 80 3e 00 00 0f ee 43 79 50 7c 00 00 13 e4
958,45984,WL,flash_sample,48,36.758,1,110,0,1,1,1,0,1,1,0,1392,36758,0.017568,0.037576,-1.024312,0.052085,0.010417,-1.375044,-2.94,1.47,2.73,39.76953125,98370,40.8,248.97354126,5.092,57 4c 01 6e 00 00 05 70 00 00 8f 96 00 24 00 4d f7 cd 00 05 00 01 ff 7c ff d6 00 15 00 27 0e c5 00 01 80 42 00 00 0f f0 43 78 f9 3a 00 00 13 e4
959,46032,WL,flash_sample,48,36.778,1,110,0,1,1,1,0,1,1,0,1393,36778,0.017568,0.037088,-1.023824,0.020834,-0.010417,-1.364627,-2.94,1.4,2.73,39.7890625,98368,40.81,249.145294189,5.092,57 4c 01 6e 00 00 05 71 00 00 8f aa 00 24 00 4c f7 ce 00 02 ff ff ff 7d ff d6 00 14 00 27 0e ca 00 01 80 40 00 00 0f f1 43 79 25 32 00 00 13 e4
960,46080,WL,flash_sample,48,36.798,1,110,0,1,1,1,0,1,1,0,1394,36798,0.017568,0.037088,-1.024312,-0.010417,0.010417,-1.35421,-3.01,1.4,2.73,39.78125,98372,40.83,248.804443359,5.092,57 4c 01 6e 00 00 05 72 00 00 8f be 00 24 00 4c f7 cd ff ff 00 01 ff 7e ff d5 00 14 00 27 0e c8 00 01 80 44 00 00 0f f3 43 78 cd f0 00 00 13 e4
961,46128,WL,flash_sample,48,36.818,1,102,0,1,1,0,0,1,1,0,1395,36818,0.017568,0.0366,-1.0248,0.041668,0.010417,-1.375044,-2.94,1.47,2.66,39.80859375,98365,40.84,249.401596069,5.092,57 4c 01 66 00 00 05 73 00 00 8f d2 00 24 00 4b f7 cc 00 04 00 01 ff 7c ff d6 00 15 00 26 0e cf 00 01 80 3d 00 00 0f f4 43 79 66 cf 00 00 13 e4
962,46176,WL,flash_sample,48,36.838,1,102,0,1,1,0,0,1,1,0,1396,36838,0.01708,0.0366,-1.024312,0.041668,0.020834,-1.375044,-2.94,1.47,2.73,39.78515625,98367,40.86,249.22984314,5.096,57 4c 01 66 00 00 05 74 00 00 8f e6 00 23 00 4b f7 cd 00 04 00 02 ff 7c ff d6 00 15 00 27 0e c9 00 01 80 3f 00 00 0f f6 43 79 3a d7 00 00 13 e8
963,46224,WL,flash_sample,48,36.858,1,102,0,1,1,0,0,1,1,0,1397,36858,0.017568,0.0366,-1.023824,0.072919,0.0,-1.406295,-2.94,1.4,2.73,39.74609375,98368,40.87,249.145294189,5.096,57 4c 01 66 00 00 05 75 00 00 8f fa 00 24 00 4b f7 ce 00 07 00 00 ff 79 ff d6 00 14 00 27 0e bf 00 01 80 40 00 00 0f f7 43 79 25 32 00 00 13 e8
964,46272,WL,flash_sample,48,36.878,1,110,0,1,1,1,0,1,1,0,1398,36878,0.017568,0.037576,-1.023336,0.020834,0.010417,-1.385461,-3.01,1.47,2.66,39.78125,98367,40.88,249.22984314,5.096,57 4c 01 6e 00 00 05 76 00 00 90 0e 00 24 00 4d f7 cf 00 02 00 01 ff 7b ff d5 00 15 00 26 0e c8 00 01 80 3f 00 00 0f f8 43 79 3a d7 00 00 13 e8
965,46320,WL,flash_sample,48,36.898,1,110,0,1,1,1,0,1,1,0,1399,36898,0.018056,0.037576,-1.022848,0.041668,0.031251,-1.406295,-3.01,1.47,2.66,39.78125,98371,40.89,248.88899231,5.096,57 4c 01 6e 00 00 05 77 00 00 90 22 00 25 00 4d f7 d0 00 04 00 03 ff 79 ff d5 00 15 00 26 0e c8 00 01 80 43 00 00 0f f9 43 78 e3 95 00 00 13 e8
966,46368,WL,flash_sample,48,36.918,1,110,0,1,1,1,0,1,1,0,1400,36918,0.017568,0.0366,-1.0248,0.041668,0.010417,-1.395878,-2.94,1.4,2.73,39.7890625,98365,40.9,249.401596069,5.096,57 4c 01 6e 00 00 05 78 00 00 90 36 00 24 00 4b f7 cc 00 04 00 01 ff 7a ff d6 00 14 00 27 0e ca 00 01 80 3d 00 00 0f fa 43 79 66 cf 00 00 13 e8
967,46416,WL,flash_sample,48,36.938,1,102,0,1,1,0,0,1,1,0,1401,36938,0.017568,0.037576,-1.023824,0.020834,-0.020834,-1.385461,-3.01,1.47,2.73,39.76171875,98368,40.91,249.145294189,5.092,57 4c 01 66 00 00 05 79 00 00 90 4a 00 24 00 4d f7 ce 00 02 ff fe ff 7b ff d5 00 15 00 27 0e c3 00 01 80 40 00 00 0f fb 43 79 25 32 00 00 13 e4
968,46464,WL,flash_sample,48,36.958,1,102,0,1,1,0,0,1,1,0,1402,36958,0.017568,0.0366,-1.0248,0.052085,0.020834,-1.395878,-2.94,1.4,2.8,39.81640625,98369,40.92,249.060745239,5.092,57 4c 01 66 00 00 05 7a 00 00 90 5e 00 24 00 4b f7 cc 00 05 00 02 ff 7a ff d6 00 14 00 28 0e d1 00 01 80 41 00 00 0f fc 43 79 0f 8d 00 00 13 e4
969,46512,WL,flash_sample,48,36.978,1,102,0,1,1,0,0,1,1,0,1403,36978,0.017568,0.037088,-1.024312,0.031251,-0.031251,-1.385461,-2.94,1.4,2.73,39.79296875,98372,40.93,248.804443359,5.092,57 4c 01 66 00 00 05 7b 00 00 90 72 00 24 00 4c f7 cd 00 03 ff fd ff 7b ff d6 00 14 00 27 0e cb 00 01 80 44 00 00 0f fd 43 78 cd f0 00 00 13 e4
970,46560,WL,flash_sample,48,36.998,1,110,0,1,1,1,0,1,1,0,1404,36998,0.017568,0.037088,-1.023824,0.041668,-0.010417,-1.364627,-3.01,1.47,2.66,39.79296875,98369,40.94,249.060745239,5.092,57 4c 01 6e 00 00 05 7c 00 00 90 86 00 24 00 4c f7 ce 00 04 ff ff ff 7d ff d5 00 15 00 26 0e cb 00 01 80 41 00 00 0f fe 43 79 0f 8d 00 00 13 e4
971,46608,WL,flash_sample,48,37.018,1,102,0,1,1,0,0,1,1,0,1405,37018,0.018056,0.037576,-1.023824,0.052085,0.052085,-1.343793,-2.94,1.4,2.73,39.79296875,98369,40.94,249.060745239,5.092,57 4c 01 66 00 00 05 7d 00 00 90 9a 00 25 00 4d f7 ce 00 05 00 05 ff 7f ff d6 00 14 00 27 0e cb 00 01 80 41 00 00 0f fe 43 79 0f 8d 00 00 13 e4
972,46656,WL,flash_sample,48,37.038,1,102,0,1,1,0,0,1,1,0,1406,37038,0.018056,0.037576,-1.023824,0.052085,0.052085,-1.343793,-2.94,1.4,2.73,39.79296875,98369,40.94,249.060745239,5.092,57 4c 01 66 00 00 05 7e 00 00 90 ae 00 25 00 4d f7 ce 00 05 00 05 ff 7f ff d6 00 14 00 27 0e cb 00 01 80 41 00 00 0f fe 43 79 0f 8d 00 00 13 e4
973,46704,WL,flash_sample,48,37.058,1,102,0,1,1,0,0,1,1,0,1407,37058,0.018056,0.037576,-1.023824,0.052085,0.052085,-1.343793,-2.94,1.4,2.73,39.79296875,98369,40.94,249.060745239,5.092,57 4c 01 66 00 00 05 7f 00 00 90 c2 00 25 00 4d f7 ce 00 05 00 05 ff 7f ff d6 00 14 00 27 0e cb 00 01 80 41 00 00 0f fe 43 79 0f 8d 00 00 13 e4
974,46752,WL,flash_sample,48,37.078,1,102,0,1,1,0,0,1,1,0,1408,37078,0.018056,0.037576,-1.023824,0.052085,0.052085,-1.343793,-2.94,1.4,2.73,39.79296875,98369,40.94,249.060745239,5.092,57 4c 01 66 00 00 05 80 00 00 90 d6 00 25 00 4d f7 ce 00 05 00 05 ff 7f ff d6 00 14 00 27 0e cb 00 01 80 41 00 00 0f fe 43 79 0f 8d 00 00 13 e4
975,46800,WL,flash_sample,48,37.098,1,96,0,0,0,0,0,1,1,0,1409,37098,0.017568,0.037088,-1.022848,0.041668,-0.010417,-1.395878,-0.35,-0.91,0.98,39.828125,98377,40.95,248.37638855,5.104,57 4c 01 60 00 00 05 81 00 00 90 ea 00 24 00 4c f7 d0 00 04 ff ff ff 7a ff fb ff f3 00 0e 0e d4 00 01 80 49 00 00 0f ff 43 78 60 5b 00 00 13 f0
976,46848,WL,flash_sample,48,37.118,1,110,0,1,1,1,0,1,1,0,1410,37118,0.01708,0.037088,-1.022848,0.062502,0.010417,-1.375044,-1.96,0.07,2.8,39.8046875,98365,40.63,249.401596069,5.104,57 4c 01 6e 00 00 05 82 00 00 90 fe 00 23 00 4c f7 d0 00 06 00 01 ff 7c ff e4 00 01 00 28 0e ce 00 01 80 3d 00 00 0f df 43 79 66 cf 00 00 13 f0
977,46896,WL,flash_sample,48,37.138,1,111,1,1,1,1,0,1,1,0,1411,37138,0.017568,0.037088,-1.023824,0.020834,0.010417,-1.364627,-2.94,1.26,2.87,39.828125,98367,40.66,249.22984314,5.092,57 4c 01 6f 00 00 05 83 00 00 91 12 00 24 00 4c f7 ce 00 02 00 01 ff 7d ff d6 00 12 00 29 0e d4 00 01 80 3f 00 00 0f e2 43 79 3a d7 00 00 13 e4
978,46944,WL,flash_sample,48,37.158,1,111,1,1,1,1,0,1,1,0,1412,37158,0.017568,0.037088,-1.023824,0.020834,0.010417,-1.364627,-2.94,1.26,2.87,39.828125,98367,40.66,249.22984314,5.092,57 4c 01 6f 00 00 05 84 00 00 91 26 00 24 00 4c f7 ce 00 02 00 01 ff 7d ff d6 00 12 00 29 0e d4 00 01 80 3f 00 00 0f e2 43 79 3a d7 00 00 13 e4
979,46992,WL,flash_sample,48,37.178,1,111,1,1,1,1,0,1,1,0,1413,37178,0.017568,0.037088,-1.023824,0.020834,0.010417,-1.364627,-2.94,1.26,2.87,39.828125,98367,40.66,249.22984314,5.092,57 4c 01 6f 00 00 05 85 00 00 91 3a 00 24 00 4c f7 ce 00 02 00 01 ff 7d ff d6 00 12 00 29 0e d4 00 01 80 3f 00 00 0f e2 43 79 3a d7 00 00 13 e4
980,47040,WL,flash_sample,48,37.198,1,111,1,1,1,1,0,1,1,0,1414,37198,0.017568,0.037088,-1.023824,0.020834,0.010417,-1.364627,-2.94,1.26,2.87,39.828125,98367,40.66,249.22984314,5.092,57 4c 01 6f 00 00 05 86 00 00 91 4e 00 24 00 4c f7 ce 00 02 00 01 ff 7d ff d6 00 12 00 29 0e d4 00 01 80 3f 00 00 0f e2 43 79 3a d7 00 00 13 e4
981,47088,WL,flash_sample,48,37.218,1,111,1,1,1,1,0,1,1,0,1415,37218,0.017568,0.037088,-1.023824,0.020834,0.010417,-1.364627,-2.94,1.26,2.87,39.828125,98367,40.66,249.22984314,5.092,57 4c 01 6f 00 00 05 87 00 00 91 62 00 24 00 4c f7 ce 00 02 00 01 ff 7d ff d6 00 12 00 29 0e d4 00 01 80 3f 00 00 0f e2 43 79 3a d7 00 00 13 e4
982,47136,WL,flash_sample,48,37.238,1,111,1,1,1,1,0,1,1,0,1416,37238,0.017568,0.037088,-1.023824,0.020834,0.010417,-1.364627,-2.94,1.26,2.87,39.828125,98367,40.66,249.22984314,5.092,57 4c 01 6f 00 00 05 88 00 00 91 76 00 24 00 4c f7 ce 00 02 00 01 ff 7d ff d6 00 12 00 29 0e d4 00 01 80 3f 00 00 0f e2 43 79 3a d7 00 00 13 e4
983,47184,WL,flash_sample,48,37.258,1,111,1,1,1,1,0,1,1,0,1417,37258,0.017568,0.037088,-1.023824,0.020834,0.010417,-1.364627,-2.94,1.26,2.87,39.828125,98367,40.66,249.22984314,5.092,57 4c 01 6f 00 00 05 89 00 00 91 8a 00 24 00 4c f7 ce 00 02 00 01 ff 7d ff d6 00 12 00 29 0e d4 00 01 80 3f 00 00 0f e2 43 79 3a d7 00 00 13 e4
984,47232,WL,flash_sample,48,37.278,1,111,1,1,1,1,0,1,1,0,1418,37278,0.01708,0.0366,-1.021872,0.083336,0.020834,-1.395878,-0.28,0.14,-0.21,39.78125,98368,40.69,249.145294189,5.092,57 4c 01 6f 00 00 05 8a 00 00 91 9e 00 23 00 4b f7 d2 00 08 00 02 ff 7a ff fc 00 02 ff fd 0e c8 00 01 80 40 00 00 0f e5 43 79 25 32 00 00 13 e4
985,47280,WL,flash_sample,48,37.298,1,111,1,1,1,1,0,1,1,0,1419,37298,0.01708,0.0366,-1.021872,0.083336,0.020834,-1.395878,-0.28,0.14,-0.21,39.78125,98368,40.69,249.145294189,5.092,57 4c 01 6f 00 00 05 8b 00 00 91 b2 00 23 00 4b f7 d2 00 08 00 02 ff 7a ff fc 00 02 ff fd 0e c8 00 01 80 40 00 00 0f e5 43 79 25 32 00 00 13 e4
986,47328,WL,flash_sample,48,37.318,1,65,1,0,0,0,0,0,1,0,1420,37318,0.016592,0.0366,-1.022848,0.052085,-0.010417,-1.375044,-0.28,0.14,-0.14,39.765625,98368,40.69,249.145294189,4.944,57 4c 01 41 00 00 05 8c 00 00 91 c6 00 22 00 4b f7 d0 00 05 ff ff ff 7c ff fc 00 02 ff fe 0e c4 00 01 80 40 00 00 0f e5 43 79 25 32 00 00 13 50
987,47376,WL,flash_sample,48,37.338,1,111,1,1,1,1,0,1,1,0,1421,37338,0.01708,0.037088,-1.023336,0.052085,0.010417,-1.375044,-0.91,0.14,0.84,39.75390625,98327,40.26,252.641021729,4.956,57 4c 01 6f 00 00 05 8d 00 00 91 da 00 23 00 4c f7 cf 00 05 00 01 ff 7c ff f3 00 02 00 0c 0e c1 00 01 80 17 00 00 0f ba 43 7c a4 1a 00 00 13 5c
988,47424,WL,flash_sample,48,37.358,1,111,1,1,1,1,0,1,1,0,1422,37358,0.018056,0.037088,-1.022848,0.052085,0.020834,-1.395878,-1.47,-0.28,2.38,39.81640625,98351,40.21,250.595901489,4.956,57 4c 01 6f 00 00 05 8e 00 00 91 ee 00 25 00 4c f7 d0 00 05 00 02 ff 7a ff eb ff fc 00 22 0e d1 00 01 80 2f 00 00 0f b5 43 7a 98 8d 00 00 13 5c
989,47472,WL,flash_sample,48,37.378,1,111,1,1,1,1,0,1,1,0,1423,37378,0.017568,0.0366,-1.023336,0.052085,0.020834,-1.364627,-2.45,0.42,3.29,39.84765625,98352,40.31,250.50869751,4.956,57 4c 01 6f 00 00 05 8f 00 00 92 02 00 24 00 4b f7 cf 00 05 00 02 ff 7d ff dd 00 06 00 2f 0e d9 00 01 80 30 00 00 0f bf 43 7a 82 3a 00 00 13 5c
990,47520,WL,flash_sample,48,37.398,1,111,1,1,1,1,0,1,1,0,1424,37398,0.017568,0.0366,-1.024312,0.041668,-0.031251,-1.35421,-2.94,1.4,2.66,39.828125,98353,40.37,250.42414856,4.956,57 4c 01 6f 00 00 05 90 00 00 92 16 00 24 00 4b f7 cd 00 04 ff fd ff 7e ff d6 00 14 00 26 0e d4 00 01 80 31 00 00 0f c5 43 7a 6c 95 00 00 13 5c
991,47568,WL,flash_sample,48,37.418,1,103,1,1,1,0,0,1,1,0,1425,37418,0.018544,0.0366,-1.023336,0.020834,-0.010417,-1.385461,-2.94,1.4,2.66,39.85546875,98352,40.42,250.50869751,4.956,57 4c 01 67 00 00 05 91 00 00 92 2a 00 26 00 4b f7 cf 00 02 ff ff ff 7b ff d6 00 14 00 26 0e db 00 01 80 30 00 00 0f ca 43 7a 82 3a 00 00 13 5c
992,47616,WL,flash_sample,48,37.438,1,103,1,1,1,0,0,1,1,0,1426,37438,0.017568,0.037088,-1.023336,0.062502,-0.010417,-1.385461,-3.01,1.4,2.73,39.85546875,98356,40.47,250.16784668,5.1,57 4c 01 67 00 00 05 92 00 00 92 3e 00 24 00 4c f7 cf 00 06 ff ff ff 7b ff d5 00 14 00 27 0e db 00 01 80 34 00 00 0f cf 43 7a 2a f8 00 00 13 ec
993,47664,WL,flash_sample,48,37.458,1,111,1,1,1,1,0,1,1,0,1427,37458,0.017568,0.036112,-1.023336,0.020834,0.020834,-1.385461,-2.24,1.75,0.77,39.85546875,98324,40.51,252.897323608,5.1,57 4c 01 6f 00 00 05 93 00 00 92 52 00 24 00 4a f7 cf 00 02 00 02 ff 7b ff e0 00 19 00 0b 0e db 00 01 80 14 00 00 0f d3 43 7c e5 b7 00 00 13 ec
994,47712,WL,flash_sample,48,37.478,1,111,1,1,1,1,0,1,1,0,1428,37478,0.017568,0.037088,-1.023336,0.052085,0.010417,-1.395878,-1.54,0.91,0.77,39.84765625,98319,40.5,253.325363159,5.1,57 4c 01 6f 00 00 05 94 00 00 92 66 00 24 00 4c f7 cf 00 05 00 01 ff 7a ff ea 00 0d 00 0b 0e d9 00 01 80 0f 00 00 0f d2 43 7d 53 4b 00 00 13 ec
995,47760,WL,flash_sample,48,37.498,1,111,1,1,1,1,0,1,1,0,1429,37498,0.016592,0.037088,-1.024312,0.062502,0.020834,-1.364627,-1.33,0.56,0.77,39.86328125,98321,40.53,253.153625488,5.1,57 4c 01 6f 00 00 05 95 00 00 92 7a 00 22 00 4c f7 cd 00 06 00 02 ff 7d ff ed 00 08 00 0b 0e dd 00 01 80 11 00 00 0f d5 43 7d 27 54 00 00 13 ec
996,47808,WL,flash_sample,48,37.518,1,111,1,1,1,1,0,1,1,0,1430,37518,0.01708,0.037088,-1.023824,0.0,-0.020834,-1.416712,-1.33,0.56,0.77,39.86328125,98320,40.56,253.238174438,5.1,57 4c 01 6f 00 00 05 96 00 00 92 8e 00 23 00 4c f7 ce 00 00 ff fe ff 78 ff ed 00 08 00 0b 0e dd 00 01 80 10 00 00 0f d8 43 7d 3c f9 00 00 13 ec
997,47856,WL,flash_sample,48,37.538,1,103,1,1,1,0,0,1,1,0,1431,37538,0.01708,0.0366,-1.023824,0.010417,0.020834,-1.35421,-1.26,0.49,0.77,39.8203125,98317,40.59,253.494476318,4.968,57 4c 01 67 00 00 05 97 00 00 92 a2 00 23 00 4b f7 ce 00 01 00 02 ff 7e ff ee 00 07 00 0b 0e d2 00 01 80 0d 00 00 0f db 43 7d 7e 96 00 00 13 68
998,47904,WL,flash_sample,48,37.558,1,103,1,1,1,0,0,1,1,0,1432,37558,0.01708,0.037088,-1.022848,0.052085,0.020834,-1.35421,-1.4,-0.35,2.24,39.87890625,98358,40.61,249.996109009,4.968,57 4c 01 67 00 00 05 98 00 00 92 b6 00 23 00 4c f7 d0 00 05 00 02 ff 7e ff ec ff fb 00 20 0e e1 00 01 80 36 00 00 0f dd 43 79 ff 01 00 00 13 68
999,47952,WL,flash_sample,48,37.578,1,111,1,1,1,1,0,1,1,0,1433,37578,0.017568,0.0366,-1.023824,0.041668,0.031251,-1.375044,-2.87,1.19,2.87,39.87890625,98365,40.69,249.401596069,4.968,57 4c 01 6f 00 00 05 99 00 00 92 ca 00 24 00 4b f7 ce 00 04 00 03 ff 7c ff d7 00 11 00 29 0e e1 00 01 80 3d 00 00 0f e5 43 79 66 cf 00 00 13 68
1000,48000,WL,flash_sample,48,37.598,1,111,1,1,1,1,0,1,1,0,1434,37598,0.016592,0.037088,-1.024312,0.041668,0.020834,-1.375044,-2.94,1.4,2.66,39.84765625,98364,40.72,249.48614502,4.968,57 4c 01 6f 00 00 05 9a 00 00 92 de 00 22 00 4c f7 cd 00 04 00 02 ff 7c ff d6 00 14 00 26 0e d9 00 01 80 3c 00 00 0f e8 43 79 7c 74 00 00 13 68
1001,48048,WL,flash_sample,48,37.618,1,111,1,1,1,1,0,1,1,0,1435,37618,0.017568,0.037088,-1.024312,0.041668,-0.010417,-1.375044,-3.01,1.4,2.73,39.88671875,98363,40.75,249.57069397,4.968,57 4c 01 6f 00 00 05 9b 00 00 92 f2 00 24 00 4c f7 cd 00 04 ff ff ff 7c ff d5 00 14 00 27 0e e3 00 01 80 3b 00 00 0f eb 43 79 92 19 00 00 13 68
1002,48096,WL,flash_sample,48,37.638,1,103,1,1,1,0,0,1,1,0,1436,37638,0.017568,0.037088,-1.023824,0.0,-0.010417,-1.385461,-2.94,1.47,2.73,39.89453125,98363,40.77,249.57069397,5.1,57 4c 01 67 00 00 05 9c 00 00 93 06 00 24 00 4c f7 ce 00 00 ff ff ff 7b ff d6 00 15 00 27 0e e5 00 01 80 3b 00 00 0f ed 43 79 92 19 00 00 13 ec
1003,48144,WL,flash_sample,48,37.658,1,103,1,1,1,0,0,1,1,0,1437,37658,0.01708,0.0366,-1.023824,0.041668,0.020834,-1.35421,-2.94,1.47,2.66,39.9140625,98365,40.8,249.401596069,5.1,57 4c 01 67 00 00 05 9d 00 00 93 1a 00 23 00 4b f7 ce 00 04 00 02 ff 7e ff d6 00 15 00 26 0e ea 00 01 80 3d 00 00 0f f0 43 79 66 cf 00 00 13 ec
1004,48192,WL,flash_sample,48,37.678,1,103,1,1,1,0,0,1,1,0,1438,37678,0.017568,0.037576,-1.023824,0.031251,0.031251,-1.395878,-2.94,1.47,2.66,39.87109375,98364,40.82,249.48614502,5.1,57 4c 01 67 00 00 05 9e 00 00 93 2e 00 24 00 4d f7 ce 00 03 00 03 ff 7a ff d6 00 15 00 26 0e df 00 01 80 3c 00 00 0f f2 43 79 7c 74 00 00 13 ec
1005,48240,WL,flash_sample,48,37.698,1,111,1,1,1,1,0,1,1,0,1439,37698,0.017568,0.037576,-1.023824,0.020834,0.0,-1.406295,-2.94,1.4,2.73,39.87890625,98369,40.85,249.060745239,5.1,57 4c 01 6f 00 00 05 9f 00 00 93 42 00 24 00 4d f7 ce 00 02 00 00 ff 79 ff d6 00 14 00 27 0e e1 00 01 80 41 00 00 0f f5 43 79 0f 8d 00 00 13 ec
1006,48288,WL,flash_sample,48,37.718,1,111,1,1,1,1,0,1,1,0,1440,37718,0.01708,0.037088,-1.0248,0.072919,0.010417,-1.385461,-3.01,1.47,2.73,39.87109375,98367,40.87,249.22984314,5.1,57 4c 01 6f 00 00 05 a0 00 00 93 56 00 23 00 4c f7 cc 00 07 00 01 ff 7b ff d5 00 15 00 27 0e df 00 01 80 3f 00 00 0f f7 43 79 3a d7 00 00 13 ec
1007,48336,WL,flash_sample,48,37.738,1,111,1,1,1,1,0,1,1,0,1441,37738,0.017568,0.037088,-1.023824,0.041668,-0.010417,-1.395878,-2.94,1.4,2.73,39.92578125,98368,40.89,249.145294189,5.088,57 4c 01 6f 00 00 05 a1 00 00 93 6a 00 24 00 4c f7 ce 00 04 ff ff ff 7a ff d6 00 14 00 27 0e ed 00 01 80 40 00 00 0f f9 43 79 25 32 00 00 13 e0
1008,48384,WL,flash_sample,48,37.758,1,103,1,1,1,0,0,1,1,0,1442,37758,0.01708,0.0366,-1.0248,0.020834,-0.010417,-1.385461,-2.94,1.4,2.73,39.890625,98364,40.9,249.48614502,5.088,57 4c 01 67 00 00 05 a2 00 00 93 7e 00 23 00 4b f7 cc 00 02 ff ff ff 7b ff d6 00 14 00 27 0e e4 00 01 80 3c 00 00 0f fa 43 79 7c 74 00 00 13 e0
1009,48432,WL,flash_sample,48,37.778,1,103,1,1,1,0,0,1,1,0,1443,37778,0.017568,0.037088,-1.024312,0.010417,-0.010417,-1.395878,-3.08,1.54,2.66,39.87109375,98367,40.92,249.22984314,5.088,57 4c 01 67 00 00 05 a3 00 00 93 92 00 24 00 4c f7 cd 00 01 ff ff ff 7a ff d4 00 16 00 26 0e df 00 01 80 3f 00 00 0f fc 43 79 3a d7 00 00 13 e0
1010,48480,WL,flash_sample,48,37.798,1,103,1,1,1,0,0,1,1,0,1444,37798,0.01708,0.037088,-1.024312,0.062502,0.020834,-1.375044,-2.94,1.4,2.66,39.921875,98365,40.94,249.401596069,5.088,57 4c 01 67 00 00 05 a4 00 00 93 a6 00 23 00 4c f7 cd 00 06 00 02 ff 7c ff d6 00 14 00 26 0e ec 00 01 80 3d 00 00 0f fe 43 79 66 cf 00 00 13 e0
1011,48528,WL,flash_sample,48,37.818,1,111,1,1,1,1,0,1,1,0,1445,37818,0.01708,0.037088,-1.023824,0.020834,-0.010417,-1.395878,-2.94,1.4,2.66,39.94921875,98370,40.95,248.97354126,5.088,57 4c 01 6f 00 00 05 a5 00 00 93 ba 00 23 00 4c f7 ce 00 02 ff ff ff 7a ff d6 00 14 00 26 0e f3 00 01 80 42 00 00 0f ff 43 78 f9 3a 00 00 13 e0
1012,48576,WL,flash_sample,48,37.838,1,111,1,1,1,1,0,1,1,0,1446,37838,0.017568,0.0366,-1.024312,0.020834,0.020834,-1.375044,-3.01,1.4,2.66,39.921875,98368,40.96,249.145294189,5.092,57 4c 01 6f 00 00 05 a6 00 00 93 ce 00 24 00 4b f7 cd 00 02 00 02 ff 7c ff d5 00 14 00 26 0e ec 00 01 80 40 00 00 10 00 43 79 25 32 00 00 13 e4
1013,48624,WL,flash_sample,48,37.858,1,111,1,1,1,1,0,1,1,0,1447,37858,0.017568,0.0366,-1.025288,0.031251,0.020834,-1.375044,-2.94,1.47,2.66,39.9296875,98370,40.98,248.97354126,5.092,57 4c 01 6f 00 00 05 a7 00 00 93 e2 00 24 00 4b f7 cb 00 03 00 02 ff 7c ff d6 00 15 00 26 0e ee 00 01 80 42 00 00 10 02 43 78 f9 3a 00 00 13 e4
1014,48672,WL,flash_sample,48,37.878,1,103,1,1,1,0,0,1,1,0,1448,37878,0.017568,0.037088,-1.0248,0.041668,0.0,-1.364627,-2.94,1.47,2.66,39.9375,98370,40.99,248.97354126,5.092,57 4c 01 67 00 00 05 a8 00 00 93 f6 00 24 00 4c f7 cc 00 04 00 00 ff 7d ff d6 00 15 00 26 0e f0 00 01 80 42 00 00 10 03 43 78 f9 3a 00 00 13 e4
1015,48720,WL,flash_sample,48,37.898,1,103,1,1,1,0,0,1,1,0,1449,37898,0.017568,0.0366,-1.023824,0.020834,-0.020834,-1.364627,-3.01,1.4,2.66,39.8828125,98370,41.0,248.97354126,5.092,57 4c 01 67 00 00 05 a9 00 00 94 0a 00 24 00 4b f7 ce 00 02 ff fe ff 7d ff d5 00 14 00 26 0e e2 00 01 80 42 00 00 10 04 43 78 f9 3a 00 00 13 e4
1016,48768,WL,flash_sample,48,37.918,1,103,1,1,1,0,0,1,1,0,1450,37918,0.018056,0.0366,-1.024312,-0.010417,0.020834,-1.385461,-2.94,1.47,2.73,39.92578125,98369,41.01,249.060745239,5.092,57 4c 01 67 00 00 05 aa 00 00 94 1e 00 25 00 4b f7 cd ff ff 00 02 ff 7b ff d6 00 15 00 27 0e ed 00 01 80 41 00 00 10 05 43 79 0f 8d 00 00 13 e4
1017,48816,WL,flash_sample,48,37.938,1,111,1,1,1,1,0,1,1,0,1451,37938,0.017568,0.036112,-1.023824,0.041668,0.010417,-1.395878,-3.01,1.47,2.73,39.9375,98369,41.01,249.060745239,5.104,57 4c 01 6f 00 00 05 ab 00 00 94 32 00 24 00 4a f7 ce 00 04 00 01 ff 7a ff d5 00 15 00 27 0e f0 00 01 80 41 00 00 10 05 43 79 0f 8d 00 00 13 f0
1018,48864,WL,flash_sample,48,37.958,1,111,1,1,1,1,0,1,1,0,1452,37958,0.01708,0.037088,-1.024312,0.041668,-0.010417,-1.364627,-3.01,1.47,2.66,39.9609375,98370,41.03,248.97354126,5.104,57 4c 01 6f 00 00 05 ac 00 00 94 46 00 23 00 4c f7 cd 00 04 ff ff ff 7d ff d5 00 15 00 26 0e f6 00 01 80 42 00 00 10 07 43 78 f9 3a 00 00 13 f0
1019,48912,WL,flash_sample,48,37.978,1,111,1,1,1,1,0,1,1,0,1453,37978,0.018056,0.037088,-1.023824,0.052085,0.020834,-1.364627,-3.01,1.47,2.66,39.921875,98370,41.04,248.97354126,5.104,57 4c 01 6f 00 00 05 ad 00 00 94 5a 00 25 00 4c f7 ce 00 05 00 02 ff 7d ff d5 00 15 00 26 0e ec 00 01 80 42 00 00 10 08 43 78 f9 3a 00 00 13 f0
1020,48960,WL,flash_sample,48,37.998,1,103,1,1,1,0,0,1,1,0,1454,37998,0.017568,0.0366,-1.024312,0.062502,0.020834,-1.395878,-2.94,1.47,2.66,39.953125,98373,41.05,248.71723938,5.104,57 4c 01 67 00 00 05 ae 00 00 94 6e 00 24 00 4b f7 cd 00 06 00 02 ff 7a ff d6 00 15 00 26 0e f4 00 01 80 45 00 00 10 09 43 78 b7 9d 00 00 13 f0
1021,49008,WL,flash_sample,48,38.018,1,111,1,1,1,1,0,1,1,0,1455,38018,0.017568,0.037088,-1.024312,0.052085,0.020834,-1.395878,-2.94,1.47,2.73,39.953125,98370,41.06,248.97354126,5.104,57 4c 01 6f 00 00 05 af 00 00 94 82 00 24 00 4c f7 cd 00 05 00 02 ff 7a ff d6 00 15 00 27 0e f4 00 01 80 42 00 00 10 0a 43 78 f9 3a 00 00 13 f0
1022,49056,WL,flash_sample,48,38.038,1,111,1,1,1,1,0,1,1,0,1456,38038,0.017568,0.037088,-1.024312,0.052085,0.020834,-1.395878,-2.94,1.47,2.73,39.953125,98370,41.06,248.97354126,5.104,57 4c 01 6f 00 00 05 b0 00 00 94 96 00 24 00 4c f7 cd 00 05 00 02 ff 7a ff d6 00 15 00 27 0e f4 00 01 80 42 00 00 10 0a 43 78 f9 3a 00 00 13 f0
1023,49104,WL,flash_sample,48,38.058,1,111,1,1,1,1,0,1,1,0,1457,38058,0.017568,0.037088,-1.024312,0.052085,0.020834,-1.395878,-2.94,1.47,2.73,39.953125,98370,41.06,248.97354126,5.104,57 4c 01 6f 00 00 05 b1 00 00 94 aa 00 24 00 4c f7 cd 00 05 00 02 ff 7a ff d6 00 15 00 27 0e f4 00 01 80 42 00 00 10 0a 43 78 f9 3a 00 00 13 f0
1024,49152,WL,flash_sample,48,38.078,1,111,1,1,1,1,0,1,1,0,1458,38078,0.017568,0.037088,-1.024312,0.052085,0.020834,-1.395878,-2.94,1.47,2.73,39.953125,98370,41.06,248.97354126,5.104,57 4c 01 6f 00 00 05 b2 00 00 94 be 00 24 00 4c f7 cd 00 05 00 02 ff 7a ff d6 00 15 00 27 0e f4 00 01 80 42 00 00 10 0a 43 78 f9 3a 00 00 13 f0
1025,49200,WL,flash_sample,48,38.098,1,103,1,1,1,0,0,1,1,0,1459,38098,0.018056,0.037088,-1.022848,0.052085,0.020834,-1.343793,-0.84,-0.7,1.68,39.8984375,98428,41.07,244.029846191,5.092,57 4c 01 67 00 00 05 b3 00 00 94 d2 00 25 00 4c f7 d0 00 05 00 02 ff 7f ff f4 ff f6 00 18 0e e6 00 01 80 7c 00 00 10 0b 43 74 07 a4 00 00 13 e4
1026,49248,WL,flash_sample,48,38.118,1,103,1,1,1,0,0,1,1,0,1460,38118,0.01708,0.037088,-1.023336,0.041668,0.0,-1.385461,-1.89,0.07,2.73,39.94140625,98368,40.78,249.145294189,5.092,57 4c 01 67 00 00 05 b4 00 00 94 e6 00 23 00 4c f7 cf 00 04 00 00 ff 7b ff e5 00 01 00 27 0e f1 00 01 80 40 00 00 0f ee 43 79 25 32 00 00 13 e4
1027,49296,WL,flash_sample,48,38.138,1,102,0,1,1,0,0,1,1,0,1461,38138,0.018056,0.037576,-1.023336,0.052085,0.031251,-1.385461,-2.87,1.19,3.01,39.91796875,98363,40.81,249.57069397,5.1,57 4c 01 66 00 00 05 b5 00 00 94 fa 00 25 00 4d f7 cf 00 05 00 03 ff 7b ff d7 00 11 00 2b 0e eb 00 01 80 3b 00 00 0f f1 43 79 92 19 00 00 13 ec
1028,49344,WL,flash_sample,48,38.158,1,102,0,1,1,0,0,1,1,0,1462,38158,0.018056,0.037576,-1.023336,0.052085,0.031251,-1.385461,-2.87,1.19,3.01,39.91796875,98363,40.81,249.57069397,5.1,57 4c 01 66 00 00 05 b6 00 00 95 0e 00 25 00 4d f7 cf 00 05 00 03 ff 7b ff d7 00 11 00 2b 0e eb 00 01 80 3b 00 00 0f f1 43 79 92 19 00 00 13 ec
1029,49392,WL,flash_sample,48,38.178,1,102,0,1,1,0,0,1,1,0,1463,38178,0.018056,0.037576,-1.023336,0.052085,0.031251,-1.385461,-2.87,1.19,3.01,39.91796875,98363,40.81,249.57069397,5.1,57 4c 01 66 00 00 05 b7 00 00 95 22 00 25 00 4d f7 cf 00 05 00 03 ff 7b ff d7 00 11 00 2b 0e eb 00 01 80 3b 00 00 0f f1 43 79 92 19 00 00 13 ec
1030,49440,WL,flash_sample,48,38.198,1,102,0,1,1,0,0,1,1,0,1464,38198,0.018056,0.037576,-1.023336,0.052085,0.031251,-1.385461,-2.87,1.19,3.01,39.91796875,98363,40.81,249.57069397,5.1,57 4c 01 66 00 00 05 b8 00 00 95 36 00 25 00 4d f7 cf 00 05 00 03 ff 7b ff d7 00 11 00 2b 0e eb 00 01 80 3b 00 00 0f f1 43 79 92 19 00 00 13 ec
1031,49488,WL,flash_sample,48,38.218,1,102,0,1,1,0,0,1,1,0,1465,38218,0.018056,0.037576,-1.023336,0.052085,0.031251,-1.385461,-2.87,1.19,3.01,39.91796875,98363,40.81,249.57069397,5.1,57 4c 01 66 00 00 05 b9 00 00 95 4a 00 25 00 4d f7 cf 00 05 00 03 ff 7b ff d7 00 11 00 2b 0e eb 00 01 80 3b 00 00 0f f1 43 79 92 19 00 00 13 ec
1032,49536,WL,flash_sample,48,38.238,1,102,0,1,1,0,0,1,1,0,1466,38238,0.018056,0.037576,-1.023336,0.052085,0.031251,-1.385461,-2.87,1.19,3.01,39.91796875,98363,40.81,249.57069397,5.1,57 4c 01 66 00 00 05 ba 00 00 95 5e 00 25 00 4d f7 cf 00 05 00 03 ff 7b ff d7 00 11 00 2b 0e eb 00 01 80 3b 00 00 0f f1 43 79 92 19 00 00 13 ec
1033,49584,WL,flash_sample,48,38.258,1,102,0,1,1,0,0,1,1,0,1467,38258,0.018056,0.037576,-1.023336,0.052085,0.031251,-1.385461,-2.87,1.19,3.01,39.91796875,98363,40.81,249.57069397,5.1,57 4c 01 66 00 00 05 bb 00 00 95 72 00 25 00 4d f7 cf 00 05 00 03 ff 7b ff d7 00 11 00 2b 0e eb 00 01 80 3b 00 00 0f f1 43 79 92 19 00 00 13 ec
1034,49632,WL,flash_sample,48,38.278,1,110,0,1,1,1,0,1,1,0,1468,38278,0.01708,0.0366,-1.023336,0.052085,0.020834,-1.385461,-0.21,0.14,-0.21,39.9375,98363,40.81,249.57069397,5.1,57 4c 01 6e 00 00 05 bc 00 00 95 86 00 23 00 4b f7 cf 00 05 00 02 ff 7b ff fd 00 02 ff fd 0e f0 00 01 80 3b 00 00 0f f1 43 79 92 19 00 00 13 ec
1035,49680,WL,flash_sample,48,38.298,1,110,0,1,1,1,0,1,1,0,1469,38298,0.01708,0.0366,-1.023336,0.052085,0.020834,-1.385461,-0.21,0.14,-0.21,39.9375,98363,40.81,249.57069397,5.1,57 4c 01 6e 00 00 05 bd 00 00 95 9a 00 23 00 4b f7 cf 00 05 00 02 ff 7b ff fd 00 02 ff fd 0e f0 00 01 80 3b 00 00 0f f1 43 79 92 19 00 00 13 ec
1036,49728,WL,flash_sample,48,38.318,1,64,0,0,0,0,0,0,1,0,1470,38318,0.017568,0.036112,-1.023336,0.041668,0.0,-1.385461,-0.28,-0.35,0.21,39.921875,98409,40.83,245.64956665,4.956,57 4c 01 40 00 00 05 be 00 00 95 ae 00 24 00 4a f7 cf 00 04 00 00 ff 7b ff fc ff fb 00 03 0e ec 00 01 80 69 00 00 0f f3 43 75 a6 4a 00 00 13 5c
1037,49776,WL,flash_sample,48,38.338,1,110,0,1,1,1,0,1,1,0,1471,38338,0.01708,0.037576,-1.02236,0.010417,0.0,-1.385461,-0.91,0.07,0.77,39.9375,98311,40.3,254.007080078,4.956,57 4c 01 6e 00 00 05 bf 00 00 95 c2 00 23 00 4d f7 d1 00 01 00 00 ff 7b ff f3 00 01 00 0b 0e f0 00 01 80 07 00 00 0f be 43 7e 01 d0 00 00 13 5c
1038,49824,WL,flash_sample,48,38.358,1,102,0,1,1,0,0,1,1,0,1472,38358,0.017568,0.037088,-1.022848,0.041668,0.010417,-1.364627,-1.47,-0.28,2.31,39.9375,98351,40.4,250.595901489,4.956,57 4c 01 66 00 00 05 c0 00 00 95 d6 00 24 00 4c f7 d0 00 04 00 01 ff 7d ff eb ff fc 00 21 0e f0 00 01 80 2f 00 00 0f c8 43 7a 98 8d 00 00 13 5c
1039,49872,WL,flash_sample,48,38.378,1,102,0,1,1,0,0,1,1,0,1473,38378,0.018056,0.037088,-1.022848,0.010417,0.0,-1.395878,-2.45,0.42,3.22,39.9453125,98351,40.46,250.595901489,4.956,57 4c 01 66 00 00 05 c1 00 00 95 ea 00 25 00 4c f7 d0 00 01 00 00 ff 7a ff dd 00 06 00 2e 0e f2 00 01 80 2f 00 00 0f ce 43 7a 98 8d 00 00 13 5c
1040,49920,WL,flash_sample,48,38.398,1,110,0,1,1,1,0,1,1,0,1474,38398,0.01708,0.037088,-1.023824,0.041668,0.020834,-1.395878,-2.87,1.4,2.66,39.96875,98354,40.51,250.339599609,4.956,57 4c 01 6e 00 00 05 c2 00 00 95 fe 00 23 00 4c f7 ce 00 04 00 02 ff 7a ff d7 00 14 00 26 0e f8 00 01 80 32 00 00 0f d3 43 7a 56 f0 00 00 13 5c
1041,49968,WL,flash_sample,48,38.418,1,110,0,1,1,1,0,1,1,0,1475,38418,0.017568,0.0366,-1.023824,0.041668,0.010417,-1.395878,-2.87,1.4,2.66,39.953125,98353,40.56,250.42414856,4.956,57 4c 01 6e 00 00 05 c3 00 00 96 12 00 24 00 4b f7 ce 00 04 00 01 ff 7a ff d7 00 14 00 26 0e f4 00 01 80 31 00 00 0f d8 43 7a 6c 95 00 00 13 5c
1042,50016,WL,flash_sample,48,38.438,1,110,0,1,1,1,0,1,1,0,1476,38438,0.01708,0.0366,-1.024312,0.083336,-0.010417,-1.364627,-2.87,1.4,2.73,39.99609375,98355,40.61,250.255050659,5.112,57 4c 01 6e 00 00 05 c4 00 00 96 26 00 23 00 4b f7 cd 00 08 ff ff ff 7d ff d7 00 14 00 27 0e ff 00 01 80 33 00 00 0f dd 43 7a 41 4b 00 00 13 f8
1043,50064,WL,flash_sample,48,38.458,1,102,0,1,1,0,0,1,1,0,1477,38458,0.017568,0.037088,-1.023336,0.041668,0.0,-1.364627,-2.31,1.75,0.77,39.98046875,98320,40.61,253.238174438,5.112,57 4c 01 66 00 00 05 c5 00 00 96 3a 00 24 00 4c f7 cf 00 04 00 00 ff 7d ff df 00 19 00 0b 0e fb 00 01 80 10 00 00 0f dd 43 7d 3c f9 00 00 13 f8
1044,50112,WL,flash_sample,48,38.478,1,102,0,1,1,0,0,1,1,0,1478,38478,0.017568,0.0366,-1.023336,0.031251,-0.010417,-1.395878,-1.61,0.91,0.84,39.99609375,98312,40.64,253.922515869,5.112,57 4c 01 66 00 00 05 c6 00 00 96 4e 00 24 00 4b f7 cf 00 03 ff ff ff 7a ff e9 00 0d 00 0c 0e ff 00 01 80 08 00 00 0f e0 43 7d ec 2a 00 00 13 f8
1045,50160,WL,flash_sample,48,38.498,1,102,0,1,1,0,0,1,1,0,1479,38498,0.01708,0.0366,-1.022848,0.031251,-0.020834,-1.364627,-1.4,0.7,0.77,39.9609375,98327,40.67,252.641021729,5.112,57 4c 01 66 00 00 05 c7 00 00 96 62 00 23 00 4b f7 d0 00 03 ff fe ff 7d ff ec 00 0a 00 0b 0e f6 00 01 80 17 00 00 0f e3 43 7c a4 1a 00 00 13 f8
1046,50208,WL,flash_sample,48,38.518,1,110,0,1,1,1,0,1,1,0,1480,38518,0.01708,0.037088,-1.024312,0.031251,-0.010417,-1.364627,-1.26,0.56,0.77,39.98828125,98322,40.69,253.069061279,5.112,57 4c 01 6e 00 00 05 c8 00 00 96 76 00 23 00 4c f7 cd 00 03 ff ff ff 7d ff ee 00 08 00 0b 0e fd 00 01 80 12 00 00 0f e5 43 7d 11 ae 00 00 13 f8
1047,50256,WL,flash_sample,48,38.538,1,110,0,1,1,1,0,1,1,0,1481,38538,0.017568,0.037088,-1.023824,0.010417,0.020834,-1.395878,-1.26,0.63,0.77,39.98828125,98320,40.72,253.238174438,4.956,57 4c 01 6e 00 00 05 c9 00 00 96 8a 00 24 00 4c f7 ce 00 01 00 02 ff 7a ff ee 00 09 00 0b 0e fd 00 01 80 10 00 00 0f e8 43 7d 3c f9 00 00 13 5c
1048,50304,WL,flash_sample,48,38.558,1,110,0,1,1,1,0,1,1,0,1482,38558,0.017568,0.037088,-1.023336,0.031251,0.031251,-1.35421,-1.4,-0.35,2.17,39.98828125,98360,40.79,249.82699585,4.956,57 4c 01 6e 00 00 05 ca 00 00 96 9e 00 24 00 4c f7 cf 00 03 00 03 ff 7e ff ec ff fb 00 1f 0e fd 00 01 80 38 00 00 0f ef 43 79 d3 b6 00 00 13 5c
1049,50352,WL,flash_sample,48,38.578,1,102,0,1,1,0,0,1,1,0,1483,38578,0.01708,0.037088,-1.022848,0.020834,-0.010417,-1.395878,-2.87,1.05,2.94,39.953125,98361,40.82,249.742446899,4.956,57 4c 01 66 00 00 05 cb 00 00 96 b2 00 23 00 4c f7 d0 00 02 ff ff ff 7a ff d7 00 0f 00 2a 0e f4 00 01 80 39 00 00 0f f2 43 79 be 11 00 00 13 5c
1050,50400,WL,flash_sample,48,38.598,1,102,0,1,1,0,0,1,1,0,1484,38598,0.016104,0.036112,-1.028704,0.0,0.010417,-1.364627,-2.94,1.47,2.66,40.00390625,98362,40.85,249.65524292,4.956,57 4c 01 66 00 00 05 cc 00 00 96 c6 00 21 00 4a f7 c4 00 00 00 01 ff 7d ff d6 00 15 00 26 0f 01 00 01 80 3a 00 00 0f f5 43 79 a7 be 00 00 13 5c
1051,50448,WL,flash_sample,48,38.618,1,102,0,1,1,0,0,1,1,0,1485,38618,0.016592,0.037088,-1.021872,0.041668,0.010417,-1.364627,-2.94,1.4,2.73,40.00390625,98364,40.88,249.48614502,4.956,57 4c 01 66 00 00 05 cd 00 00 96 da 00 22 00 4c f7 d2 00 04 00 01 ff 7d ff d6 00 14 00 27 0f 01 00 01 80 3c 00 00 0f f8 43 79 7c 74 00 00 13 5c
1052,50496,WL,flash_sample,48,38.638,1,110,0,1,1,1,0,1,1,0,1486,38638,0.016592,0.037088,-1.023824,0.010417,0.0,-1.385461,-2.94,1.47,2.73,39.98046875,98366,40.9,249.31439209,5.104,57 4c 01 6e 00 00 05 ce 00 00 96 ee 00 22 00 4c f7 ce 00 01 00 00 ff 7b ff d6 00 15 00 27 0e fb 00 01 80 3e 00 00 0f fa 43 79 50 7c 00 00 13 f0
1053,50544,WL,flash_sample,48,38.658,1,110,0,1,1,1,0,1,1,0,1487,38658,0.017568,0.0366,-1.024312,0.031251,-0.010417,-1.395878,-3.08,1.47,2.73,40.01171875,98365,40.93,249.401596069,5.104,57 4c 01 6e 00 00 05 cf 00 00 97 02 00 24 00 4b f7 cd 00 03 ff ff ff 7a ff d4 00 15 00 27 0f 03 00 01 80 3d 00 00 0f fd 43 79 66 cf 00 00 13 f0
1054,50592,WL,flash_sample,48,38.678,1,110,0,1,1,1,0,1,1,0,1488,38678,0.017568,0.037088,-1.023824,0.031251,-0.010417,-1.385461,-2.94,1.47,2.73,39.98046875,98366,40.95,249.31439209,5.104,57 4c 01 6e 00 00 05 d0 00 00 97 16 00 24 00 4c f7 ce 00 03 ff ff ff 7b ff d6 00 15 00 27 0e fb 00 01 80 3e 00 00 0f ff 43 79 50 7c 00 00 13 f0
1055,50640,WL,flash_sample,48,38.698,1,102,0,1,1,0,0,1,1,0,1489,38698,0.017568,0.0366,-1.0248,0.041668,0.010417,-1.385461,-3.01,1.47,2.73,39.98828125,98368,40.97,249.145294189,5.104,57 4c 01 66 00 00 05 d1 00 00 97 2a 00 24 00 4b f7 cc 00 04 00 01 ff 7b ff d5 00 15 00 27 0e fd 00 01 80 40 00 00 10 01 43 79 25 32 00 00 13 f0
1056,50688,WL,flash_sample,48,38.718,1,102,0,1,1,0,0,1,1,0,1490,38718,0.01708,0.0366,-1.023336,0.0,0.020834,-1.375044,-2.94,1.4,2.73,40.01171875,98366,40.99,249.31439209,5.104,57 4c 01 66 00 00 05 d2 00 00 97 3e 00 23 00 4b f7 cf 00 00 00 02 ff 7c ff d6 00 14 00 27 0f 03 00 01 80 3e 00 00 10 03 43 79 50 7c 00 00 13 f0
1057,50736,WL,flash_sample,48,38.738,1,110,0,1,1,1,0,1,1,0,1491,38738,0.017568,0.0366,-1.023336,0.0,0.052085,-1.375044,-3.01,1.47,2.73,39.99609375,98366,41.01,249.31439209,5.088,57 4c 01 6e 00 00 05 d3 00 00 97 52 00 24 00 4b f7 cf 00 00 00 05 ff 7c ff d5 00 15 00 27 0e ff 00 01 80 3e 00 00 10 05 43 79 50 7c 00 00 13 e0
1058,50784,WL,flash_sample,48,38.758,1,110,0,1,1,1,0,1,1,0,1492,38758,0.01708,0.037088,-1.0248,0.062502,-0.010417,-1.364627,-3.01,1.47,2.73,40.01953125,98368,41.03,249.145294189,5.088,57 4c 01 6e 00 00 05 d4 00 00 97 66 00 23 00 4c f7 cc 00 06 ff ff ff 7d ff d5 00 15 00 27 0f 05 00 01 80 40 00 00 10 07 43 79 25 32 00 00 13 e0
1059,50832,WL,flash_sample,48,38.778,1,110,0,1,1,1,0,1,1,0,1493,38778,0.01708,0.037088,-1.025288,0.010417,-0.010417,-1.385461,-2.94,1.47,2.73,39.99609375,98369,41.04,249.060745239,5.088,57 4c 01 6e 00 00 05 d5 00 00 97 7a 00 23 00 4c f7 cb 00 01 ff ff ff 7b ff d6 00 15 00 27 0e ff 00 01 80 41 00 00 10 08 43 79 0f 8d 00 00 13 e0
1060,50880,WL,flash_sample,48,38.798,1,110,0,1,1,1,0,1,1,0,1494,38798,0.01708,0.037088,-1.023824,0.052085,0.010417,-1.406295,-2.94,1.47,2.73,39.96875,98368,41.06,249.145294189,5.088,57 4c 01 6e 00 00 05 d6 00 00 97 8e 00 23 00 4c f7 ce 00 05 00 01 ff 79 ff d6 00 15 00 27 0e f8 00 01 80 40 00 00 10 0a 43 79 25 32 00 00 13 e0
1061,50928,WL,flash_sample,48,38.818,1,102,0,1,1,0,0,1,1,0,1495,38818,0.017568,0.037088,-1.023824,0.010417,0.020834,-1.385461,-3.01,1.47,2.73,40.02734375,98369,41.07,249.060745239,5.088,57 4c 01 66 00 00 05 d7 00 00 97 a2 00 24 00 4c f7 ce 00 01 00 02 ff 7b ff d5 00 15 00 27 0f 07 00 01 80 41 00 00 10 0b 43 79 0f 8d 00 00 13 e0
1062,50976,WL,flash_sample,48,38.838,1,102,0,1,1,0,0,1,1,0,1496,38838,0.01708,0.0366,-1.0248,-0.010417,0.020834,-1.395878,-2.94,1.47,2.73,40.01953125,98369,41.08,249.060745239,5.104,57 4c 01 66 00 00 05 d8 00 00 97 b6 00 23 00 4b f7 cc ff ff 00 02 ff 7a ff d6 00 15 00 27 0f 05 00 01 80 41 00 00 10 0c 43 79 0f 8d 00 00 13 f0
1063,51024,WL,flash_sample,48,38.858,1,110,0,1,1,1,0,1,1,0,1497,38858,0.01708,0.037576,-1.023824,0.020834,0.020834,-1.406295,-3.01,1.54,2.73,39.99609375,98369,41.1,249.060745239,5.104,57 4c 01 6e 00 00 05 d9 00 00 97 ca 00 23 00 4d f7 ce 00 02 00 02 ff 79 ff d5 00 16 00 27 0e ff 00 01 80 41 00 00 10 0e 43 79 0f 8d 00 00 13 f0
1064,51072,WL,flash_sample,48,38.878,1,110,0,1,1,1,0,1,1,0,1498,38878,0.01708,0.037576,-1.023824,0.031251,-0.010417,-1.406295,-3.01,1.47,2.66,40.01171875,98368,41.11,249.145294189,5.104,57 4c 01 6e 00 00 05 da 00 00 97 de 00 23 00 4d f7 ce 00 03 ff ff ff 79 ff d5 00 15 00 26 0f 03 00 01 80 40 00 00 10 0f 43 79 25 32 00 00 13 f0
1065,51120,WL,flash_sample,48,38.898,1,110,0,1,1,1,0,1,1,0,1499,38898,0.018544,0.037088,-1.024312,0.062502,0.010417,-1.395878,-3.01,1.4,2.66,40.05859375,98368,41.12,249.145294189,5.104,57 4c 01 6e 00 00 05 db 00 00 97 f2 00 26 00 4c f7 cd 00 06 00 01 ff 7a ff d5 00 14 00 26 0f 0f 00 01 80 40 00 00 10 10 43 79 25 32 00 00 13 f0
1066,51168,WL,flash_sample,48,38.918,1,110,0,1,1,1,0,1,1,0,1500,38918,0.01708,0.0366,-1.023824,0.072919,0.020834,-1.364627,-3.01,1.47,2.8,40.04296875,98364,41.13,249.48614502,5.104,57 4c 01 6e 00 00 05 dc 00 00 98 06 00 23 00 4b f7 ce 00 07 00 02 ff 7d ff d5 00 15 00 28 0f 0b 00 01 80 3c 00 00 10 11 43 79 7c 74 00 00 13 f0
1067,51216,WL,flash_sample,48,38.938,1,102,0,1,1,0,0,1,1,0,1501,38938,0.017568,0.037088,-1.023824,0.031251,0.0,-1.416712,-2.94,1.47,2.73,40.02734375,98369,41.14,249.060745239,5.096,57 4c 01 66 00 00 05 dd 00 00 98 1a 00 24 00 4c f7 ce 00 03 00 00 ff 78 ff d6 00 15 00 27 0f 07 00 01 80 41 00 00 10 12 43 79 0f 8d 00 00 13 e8
1068,51264,WL,flash_sample,48,38.958,1,102,0,1,1,0,0,1,1,0,1502,38958,0.017568,0.037088,-1.024312,0.031251,-0.010417,-1.364627,-3.08,1.4,2.73,40.05078125,98370,41.15,248.97354126,5.096,57 4c 01 66 00 00 05 de 00 00 98 2e 00 24 00 4c f7 cd 00 03 ff ff ff 7d ff d4 00 14 00 27 0f 0d 00 01 80 42 00 00 10 13 43 78 f9 3a 00 00 13 e8
1069,51312,WL,flash_sample,48,38.978,1,110,0,1,1,1,0,1,1,0,1503,38978,0.017568,0.037088,-1.023824,-0.010417,-0.010417,-1.385461,-2.94,1.4,2.66,40.02734375,98368,41.16,249.145294189,5.096,57 4c 01 6e 00 00 05 df 00 00 98 42 00 24 00 4c f7 ce ff ff ff ff ff 7b ff d6 00 14 00 26 0f 07 00 01 80 40 00 00 10 14 43 79 25 32 00 00 13 e8
1070,51360,WL,flash_sample,48,38.998,1,110,0,1,1,1,0,1,1,0,1504,38998,0.017568,0.037088,-1.023824,-0.010417,-0.010417,-1.395878,-2.94,1.47,2.73,40.02734375,98372,41.17,248.804443359,5.096,57 4c 01 6e 00 00 05 e0 00 00 98 56 00 24 00 4c f7 ce ff ff ff ff ff 7a ff d6 00 15 00 27 0f 07 00 01 80 44 00 00 10 15 43 78 cd f0 00 00 13 e8
1071,51408,WL,flash_sample,48,39.018,1,102,0,1,1,0,0,1,1,0,1505,39018,0.017568,0.037088,-1.024312,0.031251,0.020834,-1.375044,-3.01,1.47,2.73,40.02734375,98372,41.17,248.804443359,5.096,57 4c 01 66 00 00 05 e1 00 00 98 6a 00 24 00 4c f7 cd 00 03 00 02 ff 7c ff d5 00 15 00 27 0f 07 00 01 80 44 00 00 10 15 43 78 cd f0 00 00 13 e8
1072,51456,WL,flash_sample,48,39.038,1,102,0,1,1,0,0,1,1,0,1506,39038,0.017568,0.037088,-1.024312,0.031251,0.020834,-1.375044,-3.01,1.47,2.73,40.02734375,98372,41.17,248.804443359,5.096,57 4c 01 66 00 00 05 e2 00 00 98 7e 00 24 00 4c f7 cd 00 03 00 02 ff 7c ff d5 00 15 00 27 0f 07 00 01 80 44 00 00 10 15 43 78 cd f0 00 00 13 e8
1073,51504,WL,flash_sample,48,39.058,1,102,0,1,1,0,0,1,1,0,1507,39058,0.017568,0.037088,-1.024312,0.031251,0.020834,-1.375044,-3.01,1.47,2.73,40.02734375,98372,41.17,248.804443359,5.096,57 4c 01 66 00 00 05 e3 00 00 98 92 00 24 00 4c f7 cd 00 03 00 02 ff 7c ff d5 00 15 00 27 0f 07 00 01 80 44 00 00 10 15 43 78 cd f0 00 00 13 e8
1074,51552,WL,flash_sample,48,39.078,1,102,0,1,1,0,0,1,1,0,1508,39078,0.017568,0.037088,-1.024312,0.031251,0.020834,-1.375044,-3.01,1.47,2.73,40.02734375,98372,41.17,248.804443359,5.096,57 4c 01 66 00 00 05 e4 00 00 98 a6 00 24 00 4c f7 cd 00 03 00 02 ff 7c ff d5 00 15 00 27 0f 07 00 01 80 44 00 00 10 15 43 78 cd f0 00 00 13 e8
1075,51600,WL,flash_sample,48,39.098,1,110,0,1,1,1,0,1,1,0,1509,39098,0.018056,0.037576,-1.022848,0.010417,-0.010417,-1.375044,-0.77,-0.77,1.61,40.03515625,98377,41.18,248.37638855,5.096,57 4c 01 6e 00 00 05 e5 00 00 98 ba 00 25 00 4d f7 d0 00 01 ff ff ff 7c ff f5 ff f5 00 17 0f 09 00 01 80 49 00 00 10 16 43 78 60 5b 00 00 13 e8
1076,51648,WL,flash_sample,48,39.118,1,110,0,1,1,1,0,1,1,0,1510,39118,0.018056,0.037088,-1.023824,0.020834,-0.010417,-1.395878,-1.89,0.0,2.73,40.07421875,98360,40.86,249.82699585,5.096,57 4c 01 6e 00 00 05 e6 00 00 98 ce 00 25 00 4c f7 ce 00 02 ff ff ff 7a ff e5 00 00 00 27 0f 13 00 01 80 38 00 00 0f f6 43 79 d3 b6 00 00 13 e8
1077,51696,WL,flash_sample,48,39.138,1,111,1,1,1,1,0,1,1,0,1511,39138,0.016592,0.037576,-1.024312,0.041668,0.010417,-1.364627,-2.8,1.12,3.08,40.0859375,98365,40.89,249.401596069,5.096,57 4c 01 6f 00 00 05 e7 00 00 98 e2 00 22 00 4d f7 cd 00 04 00 01 ff 7d ff d8 00 10 00 2c 0f 16 00 01 80 3d 00 00 0f f9 43 79 66 cf 00 00 13 e8
1078,51744,WL,flash_sample,48,39.158,1,111,1,1,1,1,0,1,1,0,1512,39158,0.016592,0.037576,-1.024312,0.041668,0.010417,-1.364627,-2.8,1.12,3.08,40.0859375,98365,40.89,249.401596069,5.096,57 4c 01 6f 00 00 05 e8 00 00 98 f6 00 22 00 4d f7 cd 00 04 00 01 ff 7d ff d8 00 10 00 2c 0f 16 00 01 80 3d 00 00 0f f9 43 79 66 cf 00 00 13 e8
1079,51792,WL,flash_sample,48,39.178,1,111,1,1,1,1,0,1,1,0,1513,39178,0.016592,0.037576,-1.024312,0.041668,0.010417,-1.364627,-2.8,1.12,3.08,40.0859375,98365,40.89,249.401596069,5.096,57 4c 01 6f 00 00 05 e9 00 00 99 0a 00 22 00 4d f7 cd 00 04 00 01 ff 7d ff d8 00 10 00 2c 0f 16 00 01 80 3d 00 00 0f f9 43 79 66 cf 00 00 13 e8
1080,51840,WL,flash_sample,48,39.198,1,111,1,1,1,1,0,1,1,0,1514,39198,0.016592,0.037576,-1.024312,0.041668,0.010417,-1.364627,-2.8,1.12,3.08,40.0859375,98365,40.89,249.401596069,5.096,57 4c 01 6f 00 00 05 ea 00 00 99 1e 00 22 00 4d f7 cd 00 04 00 01 ff 7d ff d8 00 10 00 2c 0f 16 00 01 80 3d 00 00 0f f9 43 79 66 cf 00 00 13 e8
1081,51888,WL,flash_sample,48,39.218,1,111,1,1,1,1,0,1,1,0,1515,39218,0.016592,0.037576,-1.024312,0.041668,0.010417,-1.364627,-2.8,1.12,3.08,40.0859375,98365,40.89,249.401596069,5.096,57 4c 01 6f 00 00 05 eb 00 00 99 32 00 22 00 4d f7 cd 00 04 00 01 ff 7d ff d8 00 10 00 2c 0f 16 00 01 80 3d 00 00 0f f9 43 79 66 cf 00 00 13 e8
1082,51936,WL,flash_sample,48,39.238,1,111,1,1,1,1,0,1,1,0,1516,39238,0.016592,0.037576,-1.024312,0.041668,0.010417,-1.364627,-2.8,1.12,3.08,40.0859375,98365,40.89,249.401596069,5.096,57 4c 01 6f 00 00 05 ec 00 00 99 46 00 22 00 4d f7 cd 00 04 00 01 ff 7d ff d8 00 10 00 2c 0f 16 00 01 80 3d 00 00 0f f9 43 79 66 cf 00 00 13 e8
1083,51984,WL,flash_sample,48,39.258,1,111,1,1,1,1,0,1,1,0,1517,39258,0.016592,0.037576,-1.024312,0.041668,0.010417,-1.364627,-2.8,1.12,3.08,40.0859375,98365,40.89,249.401596069,5.096,57 4c 01 6f 00 00 05 ed 00 00 99 5a 00 22 00 4d f7 cd 00 04 00 01 ff 7d ff d8 00 10 00 2c 0f 16 00 01 80 3d 00 00 0f f9 43 79 66 cf 00 00 13 e8
1084,52032,WL,flash_sample,48,39.278,1,111,1,1,1,1,0,1,1,0,1518,39278,0.017568,0.0366,-1.02236,0.010417,0.020834,-1.416712,-0.35,0.14,-0.21,40.1015625,98365,40.92,249.401596069,5.096,57 4c 01 6f 00 00 05 ee 00 00 99 6e 00 24 00 4b f7 d1 00 01 00 02 ff 78 ff fb 00 02 ff fd 0f 1a 00 01 80 3d 00 00 0f fc 43 79 66 cf 00 00 13 e8
1085,52080,WL,flash_sample,48,39.298,1,111,1,1,1,1,0,1,1,0,1519,39298,0.017568,0.0366,-1.02236,0.010417,0.020834,-1.416712,-0.35,0.14,-0.21,40.1015625,98365,40.92,249.401596069,5.096,57 4c 01 6f 00 00 05 ef 00 00 99 82 00 24 00 4b f7 d1 00 01 00 02 ff 78 ff fb 00 02 ff fd 0f 1a 00 01 80 3d 00 00 0f fc 43 79 66 cf 00 00 13 e8
1086,52128,WL,flash_sample,48,39.318,1,65,1,0,0,0,0,0,1,0,1520,39318,0.01708,0.0366,-1.022848,0.041668,-0.020834,-1.416712,-0.28,0.14,-0.21,40.0625,98365,40.92,249.401596069,4.956,57 4c 01 41 00 00 05 f0 00 00 99 96 00 23 00 4b f7 d0 00 04 ff fe ff 78 ff fc 00 02 ff fd 0f 10 00 01 80 3d 00 00 0f fc 43 79 66 cf 00 00 13 5c
1087,52176,WL,flash_sample,48,39.338,1,111,1,1,1,1,0,1,1,0,1521,39338,0.01708,0.037576,-1.022848,0.041668,-0.010417,-1.385461,-0.91,0.07,0.84,40.078125,98329,40.48,252.471908569,4.956,57 4c 01 6f 00 00 05 f1 00 00 99 aa 00 23 00 4d f7 d0 00 04 ff ff ff 7b ff f3 00 01 00 0c 0f 14 00 01 80 19 00 00 0f d0 43 7c 78 cf 00 00 13 5c
1088,52224,WL,flash_sample,48,39.358,1,111,1,1,1,1,0,1,1,0,1522,39358,0.01708,0.037576,-1.02236,0.052085,-0.052085,-1.364627,-1.4,-0.35,2.24,40.078125,98345,40.44,251.105865479,4.956,57 4c 01 6f 00 00 05 f2 00 00 99 be 00 23 00 4d f7 d1 00 05 ff fb ff 7d ff ec ff fb 00 20 0f 14 00 01 80 29 00 00 0f cc 43 7b 1b 1a 00 00 13 5c
1089,52272,WL,flash_sample,48,39.378,1,111,1,1,1,1,0,1,1,0,1523,39378,0.017568,0.037088,-1.023824,0.010417,0.020834,-1.375044,-2.38,0.42,3.22,40.11328125,98350,40.54,250.680450439,4.956,57 4c 01 6f 00 00 05 f3 00 00 99 d2 00 24 00 4c f7 ce 00 01 00 02 ff 7c ff de 00 06 00 2e 0f 1d 00 01 80 2e 00 00 0f d6 43 7a ae 32 00 00 13 5c
1090,52320,WL,flash_sample,48,39.398,1,103,1,1,1,0,0,1,1,0,1524,39398,0.017568,0.0366,-1.023824,0.052085,-0.031251,-1.406295,-2.94,1.47,2.66,40.04296875,98352,40.6,250.50869751,4.956,57 4c 01 67 00 00 05 f4 00 00 99 e6 00 24 00 4b f7 ce 00 05 ff fd ff 79 ff d6 00 15 00 26 0f 0b 00 01 80 30 00 00 0f dc 43 7a 82 3a 00 00 13 5c
1091,52368,WL,flash_sample,48,39.418,1,103,1,1,1,0,0,1,1,0,1525,39418,0.018544,0.037088,-1.025288,0.041668,0.020834,-1.416712,-2.94,1.47,2.66,40.09765625,98355,40.65,250.255050659,4.956,57 4c 01 67 00 00 05 f5 00 00 99 fa 00 26 00 4c f7 cb 00 04 00 02 ff 78 ff d6 00 15 00 26 0f 19 00 01 80 33 00 00 0f e1 43 7a 41 4b 00 00 13 5c
1092,52416,WL,flash_sample,48,39.438,1,103,1,1,1,0,0,1,1,0,1526,39438,0.017568,0.0366,-1.023824,0.031251,0.010417,-1.395878,-2.87,1.47,2.66,40.11328125,98356,40.7,250.16784668,5.096,57 4c 01 67 00 00 05 f6 00 00 9a 0e 00 24 00 4b f7 ce 00 03 00 01 ff 7a ff d7 00 15 00 26 0f 1d 00 01 80 34 00 00 0f e6 43 7a 2a f8 00 00 13 e8
1093,52464,WL,flash_sample,48,39.458,1,111,1,1,1,1,0,1,1,0,1527,39458,0.01708,0.0366,-1.024312,0.020834,0.031251,-1.375044,-2.38,1.96,0.77,40.11328125,98319,40.74,253.325363159,5.096,57 4c 01 6f 00 00 05 f7 00 00 9a 22 00 23 00 4b f7 cd 00 02 00 03 ff 7c ff de 00 1c 00 0b 0f 1d 00 01 80 0f 00 00 0f ea 43 7d 53 4b 00 00 13 e8
1094,52512,WL,flash_sample,48,39.478,1,111,1,1,1,1,0,1,1,0,1528,39478,0.01708,0.036112,-1.023824,0.020834,0.0,-1.35421,-1.61,0.98,0.84,40.14453125,98318,40.74,253.409927368,5.096,57 4c 01 6f 00 00 05 f8 00 00 9a 36 00 23 00 4a f7 ce 00 02 00 00 ff 7e ff e9 00 0e 00 0c 0f 25 00 01 80 0e 00 00 0f ea 43 7d 68 f1 00 00 13 e8
1095,52560,WL,flash_sample,48,39.498,1,111,1,1,1,1,0,1,1,0,1529,39498,0.01708,0.0366,-1.022848,0.062502,0.020834,-1.364627,-1.4,0.77,0.84,40.1015625,98320,40.76,253.238174438,5.096,57 4c 01 6f 00 00 05 f9 00 00 9a 4a 00 23 00 4b f7 d0 00 06 00 02 ff 7d ff ec 00 0b 00 0c 0f 1a 00 01 80 10 00 00 0f ec 43 7d 3c f9 00 00 13 e8
1096,52608,WL,flash_sample,48,39.518,1,103,1,1,1,0,0,1,1,0,1530,39518,0.017568,0.037088,-1.023824,0.010417,-0.010417,-1.395878,-1.33,0.49,0.77,40.0546875,98315,40.79,253.666213989,5.096,57 4c 01 67 00 00 05 fa 00 00 9a 5e 00 24 00 4c f7 ce 00 01 ff ff ff 7a ff ed 00 07 00 0b 0f 0e 00 01 80 0b 00 00 0f ef 43 7d aa 8d 00 00 13 e8
1097,52656,WL,flash_sample,48,39.538,1,103,1,1,1,0,0,1,1,0,1531,39538,0.016592,0.037088,-1.023824,0.052085,-0.041668,-1.364627,-1.19,0.56,0.77,40.12109375,98316,40.82,253.579025269,4.956,57 4c 01 67 00 00 05 fb 00 00 9a 72 00 22 00 4c f7 ce 00 05 ff fc ff 7d ff ef 00 08 00 0b 0f 1f 00 01 80 0c 00 00 0f f2 43 7d 94 3b 00 00 13 5c
1098,52704,WL,flash_sample,48,39.558,1,111,1,1,1,1,0,1,1,0,1532,39558,0.016592,0.0366,-1.022848,0.052085,-0.010417,-1.385461,-1.82,0.0,2.66,40.12890625,98353,40.84,250.42414856,4.956,57 4c 01 6f 00 00 05 fc 00 00 9a 86 00 22 00 4b f7 d0 00 05 ff ff ff 7b ff e6 00 00 00 26 0f 21 00 01 80 31 00 00 0f f4 43 7a 6c 95 00 00 13 5c
1099,52752,WL,flash_sample,48,39.578,1,111,1,1,1,1,0,1,1,0,1533,39578,0.01708,0.037088,-1.023336,0.020834,0.041668,-1.385461,-2.8,1.05,3.01,40.13671875,98364,40.92,249.48614502,4.956,57 4c 01 6f 00 00 05 fd 00 00 9a 9a 00 23 00 4c f7 cf 00 02 00 04 ff 7b ff d8 00 0f 00 2b 0f 23 00 01 80 3c 00 00 0f fc 43 79 7c 74 00 00 13 5c
1100,52800,WL,flash_sample,48,39.598,1,111,1,1,1,1,0,1,1,0,1534,39598,0.017568,0.036112,-1.024312,0.072919,0.020834,-1.406295,-2.94,1.4,2.73,40.14453125,98362,40.95,249.65524292,4.956,57 4c 01 6f 00 00 05 fe 00 00 9a ae 00 24 00 4a f7 cd 00 07 00 02 ff 79 ff d6 00 14 00 27 0f 25 00 01 80 3a 00 00 0f ff 43 79 a7 be 00 00 13 5c
1101,52848,WL,flash_sample,48,39.618,1,111,1,1,1,1,0,1,1,0,1535,39618,0.017568,0.037088,-1.0248,0.041668,0.0,-1.375044,-2.94,1.47,2.66,40.0859375,98362,40.98,249.65524292,4.956,57 4c 01 6f 00 00 05 ff 00 00 9a c2 00 24 00 4c f7 cc 00 04 00 00 ff 7c ff d6 00 15 00 26 0f 16 00 01 80 3a 00 00 10 02 43 79 a7 be 00 00 13 5c
1102,52896,WL,flash_sample,48,39.638,1,103,1,1,1,0,0,1,1,0,1536,39638,0.017568,0.037088,-1.022848,0.031251,0.010417,-1.385461,-2.94,1.4,2.73,40.1796875,98363,41.01,249.57069397,5.104,57 4c 01 67 00 00 06 00 00 00 9a d6 00 24 00 4c f7 d0 00 03 00 01 ff 7b ff d6 00 14 00 27 0f 2e 00 01 80 3b 00 00 10 05 43 79 92 19 00 00 13 f0
1103,52944,WL,flash_sample,48,39.658,1,103,1,1,1,0,0,1,1,0,1537,39658,0.018544,0.0366,-1.023336,0.062502,0.031251,-1.385461,-2.94,1.47,2.66,40.14453125,98364,41.03,249.48614502,5.104,57 4c 01 67 00 00 06 01 00 00 9a ea 00 26 00 4b f7 cf 00 06 00 03 ff 7b ff d6 00 15 00 26 0f 25 00 01 80 3c 00 00 10 07 43 79 7c 74 00 00 13 f0
1104,52992,WL,flash_sample,48,39.678,1,111,1,1,1,1,0,1,1,0,1538,39678,0.016592,0.037088,-1.023336,0.0,0.031251,-1.375044,-2.94,1.4,2.73,40.16796875,98364,41.05,249.48614502,5.104,57 4c 01 6f 00 00 06 02 00 00 9a fe 00 22 00 4c f7 cf 00 00 00 03 ff 7c ff d6 00 14 00 27 0f 2b 00 01 80 3c 00 00 10 09 43 79 7c 74 00 00 13 f0
1105,53040,WL,flash_sample,48,39.698,1,111,1,1,1,1,0,1,1,0,1539,39698,0.017568,0.037088,-1.024312,0.031251,0.041668,-1.395878,-2.94,1.47,2.66,40.18359375,98367,41.08,249.22984314,5.104,57 4c 01 6f 00 00 06 03 00 00 9b 12 00 24 00 4c f7 cd 00 03 00 04 ff 7a ff d6 00 15 00 26 0f 2f 00 01 80 3f 00 00 10 0c 43 79 3a d7 00 00 13 f0
1106,53088,WL,flash_sample,48,39.718,1,111,1,1,1,1,0,1,1,0,1540,39718,0.017568,0.037088,-1.023824,0.031251,0.010417,-1.385461,-3.01,1.4,2.73,40.17578125,98363,41.1,249.57069397,5.104,57 4c 01 6f 00 00 06 04 00 00 9b 26 00 24 00 4c f7 ce 00 03 00 01 ff 7b ff d5 00 14 00 27 0f 2d 00 01 80 3b 00 00 10 0e 43 79 92 19 00 00 13 f0
1107,53136,WL,flash_sample,48,39.738,1,111,1,1,1,1,0,1,1,0,1541,39738,0.016592,0.037088,-1.026752,0.062502,0.020834,-1.416712,-2.94,1.47,2.73,40.16796875,98365,41.11,249.401596069,5.1,57 4c 01 6f 00 00 06 05 00 00 9b 3a 00 22 00 4c f7 c8 00 06 00 02 ff 78 ff d6 00 15 00 27 0f 2b 00 01 80 3d 00 00 10 0f 43 79 66 cf 00 00 13 ec
1108,53184,WL,flash_sample,48,39.758,1,103,1,1,1,0,0,1,1,0,1542,39758,0.016592,0.0366,-1.0248,0.062502,0.020834,-1.385461,-2.94,1.47,2.66,40.13671875,98367,41.13,249.22984314,5.1,57 4c 01 67 00 00 06 06 00 00 9b 4e 00 22 00 4b f7 cc 00 06 00 02 ff 7b ff d6 00 15 00 26 0f 23 00 01 80 3f 00 00 10 11 43 79 3a d7 00 00 13 ec
1109,53232,WL,flash_sample,48,39.778,1,103,1,1,1,0,0,1,1,0,1543,39778,0.018056,0.037088,-1.021872,-0.010417,0.0,-1.385461,-3.01,1.47,2.73,40.1796875,98369,41.15,249.060745239,5.1,57 4c 01 67 00 00 06 07 00 00 9b 62 00 25 00 4c f7 d2 ff ff 00 00 ff 7b ff d5 00 15 00 27 0f 2e 00 01 80 41 00 00 10 13 43 79 0f 8d 00 00 13 ec
1110,53280,WL,flash_sample,48,39.798,1,111,1,1,1,1,0,1,1,0,1544,39798,0.017568,0.037576,-1.0248,0.031251,0.020834,-1.364627,-3.01,1.47,2.73,40.14453125,98368,41.17,249.145294189,5.1,57 4c 01 6f 00 00 06 08 00 00 9b 76 00 24 00 4d f7 cc 00 03 00 02 ff 7d ff d5 00 15 00 27 0f 25 00 01 80 40 00 00 10 15 43 79 25 32 00 00 13 ec
1111,53328,WL,flash_sample,48,39.818,1,111,1,1,1,1,0,1,1,0,1545,39818,0.018056,0.037576,-1.023336,0.072919,0.020834,-1.375044,-2.94,1.47,2.73,40.20703125,98367,41.18,249.22984314,5.1,57 4c 01 6f 00 00 06 09 00 00 9b 8a 00 25 00 4d f7 cf 00 07 00 02 ff 7c ff d6 00 15 00 27 0f 35 00 01 80 3f 00 00 10 16 43 79 3a d7 00 00 13 ec
1112,53376,WL,flash_sample,48,39.838,1,111,1,1,1,1,0,1,1,0,1546,39838,0.01708,0.0366,-1.025288,0.052085,0.020834,-1.364627,-2.87,1.4,2.8,40.203125,98369,41.19,249.060745239,5.096,57 4c 01 6f 00 00 06 0a 00 00 9b 9e 00 23 00 4b f7 cb 00 05 00 02 ff 7d ff d7 00 14 00 28 0f 34 00 01 80 41 00 00 10 17 43 79 0f 8d 00 00 13 e8
1113,53424,WL,flash_sample,48,39.858,1,111,1,1,1,1,0,1,1,0,1547,39858,0.01708,0.0366,-1.022848,0.052085,0.020834,-1.385461,-2.94,1.47,2.66,40.1953125,98370,41.21,248.97354126,5.096,57 4c 01 6f 00 00 06 0b 00 00 9b b2 00 23 00 4b f7 d0 00 05 00 02 ff 7b ff d6 00 15 00 26 0f 32 00 01 80 42 00 00 10 19 43 78 f9 3a 00 00 13 e8
1114,53472,WL,flash_sample,48,39.878,1,103,1,1,1,0,0,1,1,0,1548,39878,0.017568,0.037088,-1.025288,0.031251,0.010417,-1.385461,-3.08,1.47,2.66,40.17578125,98371,41.22,248.88899231,5.096,57 4c 01 67 00 00 06 0c 00 00 9b c6 00 24 00 4c f7 cb 00 03 00 01 ff 7b ff d4 00 15 00 26 0f 2d 00 01 80 43 00 00 10 1a 43 78 e3 95 00 00 13 e8
1115,53520,WL,flash_sample,48,39.898,1,103,1,1,1,0,0,1,1,0,1549,39898,0.01708,0.037088,-1.022848,0.062502,0.0,-1.385461,-2.94,1.4,2.73,40.18359375,98371,41.23,248.88899231,5.096,57 4c 01 67 00 00 06 0d 00 00 9b da 00 23 00 4c f7 d0 00 06 00 00 ff 7b ff d6 00 14 00 27 0f 2f 00 01 80 43 00 00 10 1b 43 78 e3 95 00 00 13 e8
1116,53568,WL,flash_sample,48,39.918,1,111,1,1,1,1,0,1,1,0,1550,39918,0.018056,0.037088,-1.023824,0.041668,0.0,-1.35421,-3.08,1.47,2.87,40.203125,98369,41.24,249.060745239,5.096,57 4c 01 6f 00 00 06 0e 00 00 9b ee 00 25 00 4c f7 ce 00 04 00 00 ff 7e ff d4 00 15 00 29 0f 34 00 01 80 41 00 00 10 1c 43 79 0f 8d 00 00 13 e8
1117,53616,WL,flash_sample,48,39.938,1,111,1,1,1,1,0,1,1,0,1551,39938,0.017568,0.037088,-1.023824,0.041668,-0.010417,-1.385461,-2.94,1.4,2.73,40.21875,98368,41.24,249.145294189,5.096,57 4c 01 6f 00 00 06 0f 00 00 9c 02 00 24 00 4c f7 ce 00 04 ff ff ff 7b ff d6 00 14 00 27 0f 38 00 01 80 40 00 00 10 1c 43 79 25 32 00 00 13 e8
1118,53664,WL,flash_sample,48,39.958,1,111,1,1,1,1,0,1,1,0,1552,39958,0.017568,0.037576,-1.0248,0.041668,0.031251,-1.385461,-2.94,1.4,2.73,40.17578125,98371,41.26,248.88899231,5.096,57 4c 01 6f 00 00 06 10 00 00 9c 16 00 24 00 4d f7 cc 00 04 00 03 ff 7b ff d6 00 14 00 27 0f 2d 00 01 80 43 00 00 10 1e 43 78 e3 95 00 00 13 e8
1119,53712,WL,flash_sample,48,39.978,1,103,1,1,1,0,0,1,1,0,1553,39978,0.01708,0.036112,-1.0248,0.052085,-0.031251,-1.416712,-2.94,1.47,2.66,40.19140625,98371,41.27,248.88899231,5.096,57 4c 01 67 00 00 06 11 00 00 9c 2a 00 23 00 4a f7 cc 00 05 ff fd ff 78 ff d6 00 15 00 26 0f 31 00 01 80 43 00 00 10 1f 43 78 e3 95 00 00 13 e8
1120,53760,WL,flash_sample,48,39.998,1,103,1,1,1,0,0,1,1,0,1554,39998,0.017568,0.0366,-1.024312,0.062502,0.020834,-1.375044,-3.01,1.47,2.66,40.2109375,98373,41.28,248.71723938,5.096,57 4c 01 67 00 00 06 12 00 00 9c 3e 00 24 00 4b f7 cd 00 06 00 02 ff 7c ff d5 00 15 00 26 0f 36 00 01 80 45 00 00 10 20 43 78 b7 9d 00 00 13 e8
1121,53808,WL,flash_sample,48,40.018,1,111,1,1,1,1,0,1,1,0,1555,40018,0.018056,0.0366,-1.023336,0.041668,-0.020834,-1.406295,-3.01,1.54,2.66,40.2109375,98370,41.29,248.97354126,5.096,57 4c 01 6f 00 00 06 13 00 00 9c 52 00 25 00 4b f7 cf 00 04 ff fe ff 79 ff d5 00 16 00 26 0f 36 00 01 80 42 00 00 10 21 43 78 f9 3a 00 00 13 e8
1122,53856,WL,flash_sample,48,40.038,1,111,1,1,1,1,0,1,1,0,1556,40038,0.018056,0.0366,-1.023336,0.041668,-0.020834,-1.406295,-3.01,1.54,2.66,40.2109375,98370,41.29,248.97354126,5.096,57 4c 01 6f 00 00 06 14 00 00 9c 66 00 25 00 4b f7 cf 00 04 ff fe ff 79 ff d5 00 16 00 26 0f 36 00 01 80 42 00 00 10 21 43 78 f9 3a 00 00 13 e8
1123,53904,WL,flash_sample,48,40.058,1,111,1,1,1,1,0,1,1,0,1557,40058,0.018056,0.0366,-1.023336,0.041668,-0.020834,-1.406295,-3.01,1.54,2.66,40.2109375,98370,41.29,248.97354126,5.096,57 4c 01 6f 00 00 06 15 00 00 9c 7a 00 25 00 4b f7 cf 00 04 ff fe ff 79 ff d5 00 16 00 26 0f 36 00 01 80 42 00 00 10 21 43 78 f9 3a 00 00 13 e8
1124,53952,WL,flash_sample,48,40.078,1,111,1,1,1,1,0,1,1,0,1558,40078,0.018056,0.0366,-1.023336,0.041668,-0.020834,-1.406295,-3.01,1.54,2.66,40.2109375,98370,41.29,248.97354126,5.096,57 4c 01 6f 00 00 06 16 00 00 9c 8e 00 25 00 4b f7 cf 00 04 ff fe ff 79 ff d5 00 16 00 26 0f 36 00 01 80 42 00 00 10 21 43 78 f9 3a 00 00 13 e8
1125,54000,WL,flash_sample,48,40.098,1,103,1,1,1,0,0,1,1,0,1559,40098,0.018056,0.037088,-1.024312,0.062502,-0.010417,-1.385461,-0.7,-0.77,1.54,40.1796875,98423,41.3,244.45526123,5.092,57 4c 01 67 00 00 06 17 00 00 9c a2 00 25 00 4c f7 cd 00 06 ff ff ff 7b ff f6 ff f5 00 16 0f 2e 00 01 80 77 00 00 10 22 43 74 74 8c 00 00 13 e4
1126,54048,WL,flash_sample,48,40.118,1,103,1,1,1,0,0,1,1,0,1560,40118,0.01708,0.037088,-1.023336,0.041668,0.010417,-1.406295,-1.82,0.0,2.73,40.20703125,98364,41.01,249.48614502,5.092,57 4c 01 67 00 00 06 18 00 00 9c b6 00 23 00 4c f7 cf 00 04 00 01 ff 79 ff e6 00 00 00 27 0f 35 00 01 80 3c 00 00 10 05 43 79 7c 74 00 00 13 e4
1127,54096,WL,flash_sample,48,40.138,1,102,0,1,1,0,0,1,1,0,1561,40138,0.01708,0.036112,-1.023824,0.062502,0.010417,-1.375044,-2.73,1.05,3.08,40.2109375,98363,41.03,249.57069397,5.1,57 4c 01 66 00 00 06 19 00 00 9c ca 00 23 00 4a f7 ce 00 06 00 01 ff 7c ff d9 00 0f 00 2c 0f 36 00 01 80 3b 00 00 10 07 43 79 92 19 00 00 13 ec
1128,54144,WL,flash_sample,48,40.158,1,102,0,1,1,0,0,1,1,0,1562,40158,0.01708,0.036112,-1.023824,0.062502,0.010417,-1.375044,-2.73,1.05,3.08,40.2109375,98363,41.03,249.57069397,5.1,57 4c 01 66 00 00 06 1a 00 00 9c de 00 23 00 4a f7 ce 00 06 00 01 ff 7c ff d9 00 0f 00 2c 0f 36 00 01 80 3b 00 00 10 07 43 79 92 19 00 00 13 ec
1129,54192,WL,flash_sample,48,40.178,1,102,0,1,1,0,0,1,1,0,1563,40178,0.01708,0.036112,-1.023824,0.062502,0.010417,-1.375044,-2.73,1.05,3.08,40.2109375,98363,41.03,249.57069397,5.1,57 4c 01 66 00 00 06 1b 00 00 9c f2 00 23 00 4a f7 ce 00 06 00 01 ff 7c ff d9 00 0f 00 2c 0f 36 00 01 80 3b 00 00 10 07 43 79 92 19 00 00 13 ec
1130,54240,WL,flash_sample,48,40.198,1,102,0,1,1,0,0,1,1,0,1564,40198,0.01708,0.036112,-1.023824,0.062502,0.010417,-1.375044,-2.73,1.05,3.08,40.2109375,98363,41.03,249.57069397,5.1,57 4c 01 66 00 00 06 1c 00 00 9d 06 00 23 00 4a f7 ce 00 06 00 01 ff 7c ff d9 00 0f 00 2c 0f 36 00 01 80 3b 00 00 10 07 43 79 92 19 00 00 13 ec
1131,54288,WL,flash_sample,48,40.218,1,102,0,1,1,0,0,1,1,0,1565,40218,0.01708,0.036112,-1.023824,0.062502,0.010417,-1.375044,-2.73,1.05,3.08,40.2109375,98363,41.03,249.57069397,5.1,57 4c 01 66 00 00 06 1d 00 00 9d 1a 00 23 00 4a f7 ce 00 06 00 01 ff 7c ff d9 00 0f 00 2c 0f 36 00 01 80 3b 00 00 10 07 43 79 92 19 00 00 13 ec
1132,54336,WL,flash_sample,48,40.238,1,102,0,1,1,0,0,1,1,0,1566,40238,0.01708,0.036112,-1.023824,0.062502,0.010417,-1.375044,-2.73,1.05,3.08,40.2109375,98363,41.03,249.57069397,5.1,57 4c 01 66 00 00 06 1e 00 00 9d 2e 00 23 00 4a f7 ce 00 06 00 01 ff 7c ff d9 00 0f 00 2c 0f 36 00 01 80 3b 00 00 10 07 43 79 92 19 00 00 13 ec
1133,54384,WL,flash_sample,48,40.258,1,102,0,1,1,0,0,1,1,0,1567,40258,0.01708,0.036112,-1.023824,0.062502,0.010417,-1.375044,-2.73,1.05,3.08,40.2109375,98363,41.03,249.57069397,5.1,57 4c 01 66 00 00 06 1f 00 00 9d 42 00 23 00 4a f7 ce 00 06 00 01 ff 7c ff d9 00 0f 00 2c 0f 36 00 01 80 3b 00 00 10 07 43 79 92 19 00 00 13 ec
1134,54432,WL,flash_sample,48,40.278,1,110,0,1,1,1,0,1,1,0,1568,40278,0.01708,0.037088,-1.023336,0.031251,-0.010417,-1.35421,-0.21,0.14,-0.21,40.203125,98363,41.03,249.57069397,5.1,57 4c 01 6e 00 00 06 20 00 00 9d 56 00 23 00 4c f7 cf 00 03 ff ff ff 7e ff fd 00 02 ff fd 0f 34 00 01 80 3b 00 00 10 07 43 79 92 19 00 00 13 ec
1135,54480,WL,flash_sample,48,40.298,1,110,0,1,1,1,0,1,1,0,1569,40298,0.01708,0.037088,-1.023336,0.031251,-0.010417,-1.35421,-0.21,0.14,-0.21,40.203125,98363,41.03,249.57069397,5.1,57 4c 01 6e 00 00 06 21 00 00 9d 6a 00 23 00 4c f7 cf 00 03 ff ff ff 7e ff fd 00 02 ff fd 0f 34 00 01 80 3b 00 00 10 07 43 79 92 19 00 00 13 ec
1136,54528,WL,flash_sample,48,40.318,1,64,0,0,0,0,0,0,1,0,1570,40318,0.017568,0.037088,-1.024312,0.062502,0.010417,-1.364627,-0.28,-0.07,0.0,40.2109375,98416,41.06,245.05241394,4.936,57 4c 01 40 00 00 06 22 00 00 9d 7e 00 24 00 4c f7 cd 00 06 00 01 ff 7d ff fc ff ff 00 00 0f 36 00 01 80 70 00 00 10 0a 43 75 0d 6b 00 00 13 48
1137,54576,WL,flash_sample,48,40.338,1,102,0,1,1,0,0,1,1,0,1571,40338,0.01708,0.037088,-1.02236,0.010417,0.0,-1.385461,-0.77,0.0,0.84,40.1953125,98310,40.53,254.091629028,4.948,57 4c 01 66 00 00 06 23 00 00 9d 92 00 23 00 4c f7 d1 00 01 00 00 ff 7b ff f5 00 00 00 0c 0f 32 00 01 80 06 00 00 0f d5 43 7e 17 75 00 00 13 54
1138,54624,WL,flash_sample,48,40.358,1,102,0,1,1,0,0,1,1,0,1572,40358,0.017568,0.0366,-1.022848,0.031251,-0.010417,-1.385461,-1.4,-0.35,2.17,40.21875,98352,40.63,250.50869751,4.948,57 4c 01 66 00 00 06 24 00 00 9d a6 00 24 00 4b f7 d0 00 03 ff ff ff 7b ff ec ff fb 00 1f 0f 38 00 01 80 30 00 00 0f df 43 7a 82 3a 00 00 13 54
1139,54672,WL,flash_sample,48,40.378,1,110,0,1,1,1,0,1,1,0,1573,40378,0.017568,0.037088,-1.023336,0.010417,0.020834,-1.385461,-2.8,1.12,2.94,40.1875,98352,40.69,250.50869751,4.948,57 4c 01 6e 00 00 06 25 00 00 9d ba 00 24 00 4c f7 cf 00 01 00 02 ff 7b ff d8 00 10 00 2a 0f 30 00 01 80 30 00 00 0f e5 43 7a 82 3a 00 00 13 54
1140,54720,WL,flash_sample,48,40.398,1,110,0,1,1,1,0,1,1,0,1574,40398,0.017568,0.037088,-1.023824,-0.020834,-0.031251,-1.395878,-2.94,1.47,2.66,40.2265625,98351,40.74,250.595901489,4.948,57 4c 01 6e 00 00 06 26 00 00 9d ce 00 24 00 4c f7 ce ff fe ff fd ff 7a ff d6 00 15 00 26 0f 3a 00 01 80 2f 00 00 0f ea 43 7a 98 8d 00 00 13 54
1141,54768,WL,flash_sample,48,40.418,1,110,0,1,1,1,0,1,1,0,1575,40418,0.01708,0.037088,-1.025288,0.031251,-0.041668,-1.364627,-2.94,1.47,2.66,40.21875,98351,40.79,250.595901489,4.948,57 4c 01 6e 00 00 06 27 00 00 9d e2 00 23 00 4c f7 cb 00 03 ff fc ff 7d ff d6 00 15 00 26 0f 38 00 01 80 2f 00 00 0f ef 43 7a 98 8d 00 00 13 54
1142,54816,WL,flash_sample,48,40.438,1,110,0,1,1,1,0,1,1,0,1576,40438,0.017568,0.0366,-1.024312,0.052085,0.0,-1.385461,-2.94,1.47,2.73,40.25390625,98354,40.84,250.339599609,5.104,57 4c 01 6e 00 00 06 28 00 00 9d f6 00 24 00 4b f7 cd 00 05 00 00 ff 7b ff d6 00 15 00 27 0f 41 00 01 80 32 00 00 0f f4 43 7a 56 f0 00 00 13 f0
1143,54864,WL,flash_sample,48,40.458,1,102,0,1,1,0,0,1,1,0,1577,40458,0.01708,0.037576,-1.025288,0.0,0.020834,-1.385461,-2.52,2.03,0.7,40.203125,98310,40.84,254.091629028,5.104,57 4c 01 66 00 00 06 29 00 00 9e 0a 00 23 00 4d f7 cb 00 00 00 02 ff 7b ff dc 00 1d 00 0a 0f 34 00 01 80 06 00 00 0f f4 43 7e 17 75 00 00 13 f0
1144,54912,WL,flash_sample,48,40.478,1,102,0,1,1,0,0,1,1,0,1578,40478,0.01708,0.0366,-1.025776,0.020834,0.020834,-1.343793,-1.75,0.98,0.77,40.234375,98312,40.87,253.922515869,5.104,57 4c 01 66 00 00 06 2a 00 00 9e 1e 00 23 00 4b f7 ca 00 02 00 02 ff 7f ff e7 00 0e 00 0b 0f 3c 00 01 80 08 00 00 0f f7 43 7d ec 2a 00 00 13 f0
1145,54960,WL,flash_sample,48,40.498,1,110,0,1,1,1,0,1,1,0,1579,40498,0.01708,0.0366,-1.023336,0.041668,-0.020834,-1.35421,-1.33,0.63,0.77,40.2265625,98318,40.9,253.409927368,5.104,57 4c 01 6e 00 00 06 2b 00 00 9e 32 00 23 00 4b f7 cf 00 04 ff fe ff 7e ff ed 00 09 00 0b 0f 3a 00 01 80 0e 00 00 0f fa 43 7d 68 f1 00 00 13 f0
1146,55008,WL,flash_sample,48,40.518,1,110,0,1,1,1,0,1,1,0,1580,40518,0.017568,0.0366,-1.023824,0.020834,0.0,-1.364627,-1.26,0.56,0.77,40.25390625,98320,40.92,253.238174438,5.104,57 4c 01 6e 00 00 06 2c 00 00 9e 46 00 24 00 4b f7 ce 00 02 00 00 ff 7d ff ee 00 08 00 0b 0f 41 00 01 80 10 00 00 0f fc 43 7d 3c f9 00 00 13 f0
1147,55056,WL,flash_sample,48,40.538,1,110,0,1,1,1,0,1,1,0,1581,40538,0.017568,0.0366,-1.023336,0.020834,0.0,-1.395878,-1.33,0.49,0.77,40.25390625,98318,40.95,253.409927368,4.956,57 4c 01 6e 00 00 06 2d 00 00 9e 5a 00 24 00 4b f7 cf 00 02 00 00 ff 7a ff ed 00 07 00 0b 0f 41 00 01 80 0e 00 00 0f ff 43 7d 68 f1 00 00 13 5c
1148,55104,WL,flash_sample,48,40.558,1,110,0,1,1,1,0,1,1,0,1582,40558,0.01708,0.037088,-1.0248,0.041668,0.010417,-1.416712,-1.82,-0.14,2.66,40.24609375,98361,41.01,249.742446899,4.956,57 4c 01 6e 00 00 06 2e 00 00 9e 6e 00 23 00 4c f7 cc 00 04 00 01 ff 78 ff e6 ff fe 00 26 0f 3f 00 01 80 39 00 00 10 05 43 79 be 11 00 00 13 5c
1149,55152,WL,flash_sample,48,40.578,1,102,0,1,1,0,0,1,1,0,1583,40578,0.01708,0.037088,-1.023824,0.041668,0.010417,-1.385461,-2.73,0.91,3.15,40.234375,98365,41.05,249.401596069,4.956,57 4c 01 66 00 00 06 2f 00 00 9e 82 00 23 00 4c f7 ce 00 04 00 01 ff 7b ff d9 00 0d 00 2d 0f 3c 00 01 80 3d 00 00 10 09 43 79 66 cf 00 00 13 5c
1150,55200,WL,flash_sample,48,40.598,1,102,0,1,1,0,0,1,1,0,1584,40598,0.017568,0.037088,-1.024312,0.020834,0.010417,-1.375044,-3.01,1.47,2.73,40.26953125,98360,41.08,249.82699585,4.956,57 4c 01 66 00 00 06 30 00 00 9e 96 00 24 00 4c f7 cd 00 02 00 01 ff 7c ff d5 00 15 00 27 0f 45 00 01 80 38 00 00 10 0c 43 79 d3 b6 00 00 13 5c
1151,55248,WL,flash_sample,48,40.618,1,110,0,1,1,1,0,1,1,0,1585,40618,0.017568,0.0366,-1.023824,0.010417,0.0,-1.385461,-3.01,1.47,2.73,40.25390625,98363,41.1,249.57069397,4.956,57 4c 01 6e 00 00 06 31 00 00 9e aa 00 24 00 4b f7 ce 00 01 00 00 ff 7b ff d5 00 15 00 27 0f 41 00 01 80 3b 00 00 10 0e 43 79 92 19 00 00 13 5c
1152,55296,WL,flash_sample,48,40.638,1,110,0,1,1,1,0,1,1,0,1586,40638,0.017568,0.037088,-1.023824,0.010417,0.0,-1.375044,-3.01,1.47,2.73,40.25390625,98361,41.13,249.742446899,5.096,57 4c 01 6e 00 00 06 32 00 00 9e be 00 24 00 4c f7 ce 00 01 00 00 ff 7c ff d5 00 15 00 27 0f 41 00 01 80 39 00 00 10 11 43 79 be 11 00 00 13 e8
1153,55344,WL,flash_sample,48,40.658,1,110,0,1,1,1,0,1,1,0,1587,40658,0.01708,0.036112,-1.0248,0.052085,-0.010417,-1.416712,-2.94,1.47,2.73,40.26171875,98364,41.16,249.48614502,5.096,57 4c 01 6e 00 00 06 33 00 00 9e d2 00 23 00 4a f7 cc 00 05 ff ff ff 78 ff d6 00 15 00 27 0f 43 00 01 80 3c 00 00 10 14 43 79 7c 74 00 00 13 e8
1154,55392,WL,flash_sample,48,40.678,1,102,0,1,1,0,0,1,1,0,1588,40678,0.017568,0.037576,-1.024312,0.062502,0.010417,-1.35421,-3.01,1.47,2.73,40.26171875,98364,41.18,249.48614502,5.096,57 4c 01 66 00 00 06 34 00 00 9e e6 00 24 00 4d f7 cd 00 06 00 01 ff 7e ff d5 00 15 00 27 0f 43 00 01 80 3c 00 00 10 16 43 79 7c 74 00 00 13 e8
1155,55440,WL,flash_sample,48,40.698,1,102,0,1,1,0,0,1,1,0,1589,40698,0.01708,0.037088,-1.024312,0.031251,0.020834,-1.385461,-3.01,1.47,2.73,40.25390625,98369,41.2,249.060745239,5.096,57 4c 01 66 00 00 06 35 00 00 9e fa 00 23 00 4c f7 cd 00 03 00 02 ff 7b ff d5 00 15 00 27 0f 41 00 01 80 41 00 00 10 18 43 79 0f 8d 00 00 13 e8
1156,55488,WL,flash_sample,48,40.718,1,102,0,1,1,0,0,1,1,0,1590,40718,0.01708,0.0366,-1.024312,0.010417,0.020834,-1.385461,-2.94,1.47,2.66,40.29296875,98367,41.22,249.22984314,5.096,57 4c 01 66 00 00 06 36 00 00 9f 0e 00 23 00 4b f7 cd 00 01 00 02 ff 7b ff d6 00 15 00 26 0f 4b 00 01 80 3f 00 00 10 1a 43 79 3a d7 00 00 13 e8
1157,55536,WL,flash_sample,48,40.738,1,110,0,1,1,1,0,1,1,0,1591,40738,0.017568,0.037088,-1.0248,0.052085,0.0,-1.395878,-2.94,1.47,2.66,40.27734375,98368,41.24,249.145294189,5.1,57 4c 01 6e 00 00 06 37 00 00 9f 22 00 24 00 4c f7 cc 00 05 00 00 ff 7a ff d6 00 15 00 26 0f 47 00 01 80 40 00 00 10 1c 43 79 25 32 00 00 13 ec
1158,55584,WL,flash_sample,48,40.758,1,110,0,1,1,1,0,1,1,0,1592,40758,0.01708,0.0366,-1.023824,0.041668,0.0,-1.364627,-3.01,1.54,2.73,40.25390625,98365,41.25,249.401596069,5.1,57 4c 01 6e 00 00 06 38 00 00 9f 36 00 23 00 4b f7 ce 00 04 00 00 ff 7d ff d5 00 16 00 27 0f 41 00 01 80 3d 00 00 10 1d 43 79 66 cf 00 00 13 ec
1159,55632,WL,flash_sample,48,40.778,1,110,0,1,1,1,0,1,1,0,1593,40778,0.01708,0.0366,-1.023336,0.041668,0.020834,-1.395878,-2.94,1.47,2.73,40.27734375,98365,41.27,249.401596069,5.1,57 4c 01 6e 00 00 06 39 00 00 9f 4a 00 23 00 4b f7 cf 00 04 00 02 ff 7a ff d6 00 15 00 27 0f 47 00 01 80 3d 00 00 10 1f 43 79 66 cf 00 00 13 ec
1160,55680,WL,flash_sample,48,40.798,1,102,0,1,1,0,0,1,1,0,1594,40798,0.017568,0.0366,-1.0248,0.041668,0.020834,-1.395878,-3.01,1.47,2.73,40.26171875,98365,41.29,249.401596069,5.1,57 4c 01 66 00 00 06 3a 00 00 9f 5e 00 24 00 4b f7 cc 00 04 00 02 ff 7a ff d5 00 15 00 27 0f 43 00 01 80 3d 00 00 10 21 43 79 66 cf 00 00 13 ec
1161,55728,WL,flash_sample,48,40.818,1,102,0,1,1,0,0,1,1,0,1595,40818,0.01708,0.0366,-1.024312,0.020834,0.031251,-1.375044,-2.94,1.47,2.73,40.30078125,98369,41.3,249.060745239,5.1,57 4c 01 66 00 00 06 3b 00 00 9f 72 00 23 00 4b f7 cd 00 02 00 03 ff 7c ff d6 00 15 00 27 0f 4d 00 01 80 41 00 00 10 22 43 79 0f 8d 00 00 13 ec
1162,55776,WL,flash_sample,48,40.838,1,102,0,1,1,0,0,1,1,0,1596,40838,0.017568,0.0366,-1.0248,0.010417,-0.010417,-1.395878,-3.01,1.47,2.73,40.234375,98371,41.31,248.88899231,5.092,57 4c 01 66 00 00 06 3c 00 00 9f 86 00 24 00 4b f7 cc 00 01 ff ff ff 7a ff d5 00 15 00 27 0f 3c 00 01 80 43 00 00 10 23 43 78 e3 95 00 00 13 e4
1163,55824,WL,flash_sample,48,40.858,1,110,0,1,1,1,0,1,1,0,1597,40858,0.01708,0.037088,-1.023824,0.041668,-0.010417,-1.385461,-2.94,1.4,2.66,40.29296875,98370,41.33,248.97354126,5.092,57 4c 01 6e 00 00 06 3d 00 00 9f 9a 00 23 00 4c f7 ce 00 04 ff ff ff 7b ff d6 00 14 00 26 0f 4b 00 01 80 42 00 00 10 25 43 78 f9 3a 00 00 13 e4
1164,55872,WL,flash_sample,48,40.878,1,110,0,1,1,1,0,1,1,0,1598,40878,0.018056,0.037088,-1.023824,0.031251,-0.020834,-1.385461,-3.01,1.47,2.73,40.33203125,98369,41.34,249.060745239,5.092,57 4c 01 6e 00 00 06 3e 00 00 9f ae 00 25 00 4c f7 ce 00 03 ff fe ff 7b ff d5 00 15 00 27 0f 55 00 01 80 41 00 00 10 26 43 79 0f 8d 00 00 13 e4
1165,55920,WL,flash_sample,48,40.898,1,110,0,1,1,1,0,1,1,0,1599,40898,0.017568,0.0366,-1.024312,0.041668,0.010417,-1.385461,-3.01,1.47,2.66,40.28125,98368,41.35,249.145294189,5.092,57 4c 01 6e 00 00 06 3f 00 00 9f c2 00 24 00 4b f7 cd 00 04 00 01 ff 7b ff d5 00 15 00 26 0f 48 00 01 80 40 00 00 10 27 43 79 25 32 00 00 13 e4
1166,55968,WL,flash_sample,48,40.918,1,102,0,1,1,0,0,1,1,0,1600,40918,0.016592,0.037088,-1.0248,0.010417,0.020834,-1.35421,-3.01,1.4,2.87,40.32421875,98361,41.36,249.742446899,5.092,57 4c 01 66 00 00 06 40 00 00 9f d6 00 22 00 4c f7 cc 00 01 00 02 ff 7e ff d5 00 14 00 29 0f 53 00 01 80 39 00 00 10 28 43 79 be 11 00 00 13 e4
1167,56016,WL,flash_sample,48,40.938,1,102,0,1,1,0,0,1,1,0,1601,40938,0.01708,0.0366,-1.0248,0.020834,0.0,-1.375044,-2.94,1.47,2.73,40.30859375,98368,41.37,249.145294189,5.096,57 4c 01 66 00 00 06 41 00 00 9f ea 00 23 00 4b f7 cc 00 02 00 00 ff 7c ff d6 00 15 00 27 0f 4f 00 01 80 40 00 00 10 29 43 79 25 32 00 00 13 e8
1168,56064,WL,flash_sample,48,40.958,1,102,0,1,1,0,0,1,1,0,1602,40958,0.01708,0.037576,-1.024312,0.031251,-0.010417,-1.375044,-2.94,1.4,2.73,40.31640625,98369,41.38,249.060745239,5.096,57 4c 01 66 00 00 06 42 00 00 9f fe 00 23 00 4d f7 cd 00 03 ff ff ff 7c ff d6 00 14 00 27 0f 51 00 01 80 41 00 00 10 2a 43 79 0f 8d 00 00 13 e8
1169,56112,WL,flash_sample,48,40.978,1,110,0,1,1,1,0,1,1,0,1603,40978,0.01708,0.037088,-1.025776,0.041668,0.0,-1.364627,-3.01,1.4,2.73,40.29296875,98374,41.39,248.63269043,5.096,57 4c 01 6e 00 00 06 43 00 00 a0 12 00 23 00 4c f7 ca 00 04 00 00 ff 7d ff d5 00 14 00 27 0f 4b 00 01 80 46 00 00 10 2b 43 78 a1 f8 00 00 13 e8
1170,56160,WL,flash_sample,48,40.998,1,110,0,1,1,1,0,1,1,0,1604,40998,0.01708,0.0366,-1.0248,0.031251,0.010417,-1.385461,-2.94,1.47,2.66,40.33203125,98375,41.39,248.548141479,5.096,57 4c 01 6e 00 00 06 44 00 00 a0 26 00 23 00 4b f7 cc 00 03 00 01 ff 7b ff d6 00 15 00 26 0f 55 00 01 80 47 00 00 10 2b 43 78 8c 53 00 00 13 e8
1171,56208,WL,flash_sample,48,41.018,1,102,0,1,1,0,0,1,1,0,1605,41018,0.017568,0.037576,-1.024312,0.062502,0.020834,-1.364627,-3.01,1.4,2.73,40.33203125,98375,41.39,248.548141479,5.096,57 4c 01 66 00 00 06 45 00 00 a0 3a 00 24 00 4d f7 cd 00 06 00 02 ff 7d ff d5 00 14 00 27 0f 55 00 01 80 47 00 00 10 2b 43 78 8c 53 00 00 13 e8
1172,56256,WL,flash_sample,48,41.038,1,102,0,1,1,0,0,1,1,0,1606,41038,0.017568,0.037576,-1.024312,0.062502,0.020834,-1.364627,-3.01,1.4,2.73,40.33203125,98375,41.39,248.548141479,5.096,57 4c 01 66 00 00 06 46 00 00 a0 4e 00 24 00 4d f7 cd 00 06 00 02 ff 7d ff d5 00 14 00 27 0f 55 00 01 80 47 00 00 10 2b 43 78 8c 53 00 00 13 e8
1173,56304,WL,flash_sample,48,41.058,1,102,0,1,1,0,0,1,1,0,1607,41058,0.017568,0.037576,-1.024312,0.062502,0.020834,-1.364627,-3.01,1.4,2.73,40.33203125,98375,41.39,248.548141479,5.096,57 4c 01 66 00 00 06 47 00 00 a0 62 00 24 00 4d f7 cd 00 06 00 02 ff 7d ff d5 00 14 00 27 0f 55 00 01 80 47 00 00 10 2b 43 78 8c 53 00 00 13 e8
1174,56352,WL,flash_sample,48,41.078,1,102,0,1,1,0,0,1,1,0,1608,41078,0.017568,0.037576,-1.024312,0.062502,0.020834,-1.364627,-3.01,1.4,2.73,40.33203125,98375,41.39,248.548141479,5.096,57 4c 01 66 00 00 06 48 00 00 a0 76 00 24 00 4d f7 cd 00 06 00 02 ff 7d ff d5 00 14 00 27 0f 55 00 01 80 47 00 00 10 2b 43 78 8c 53 00 00 13 e8
1175,56400,WL,flash_sample,48,41.098,1,110,0,1,1,1,0,1,1,0,1609,41098,0.01708,0.037576,-1.022848,0.052085,0.020834,-1.375044,-0.7,-0.91,1.47,40.28515625,98372,41.4,248.804443359,5.104,57 4c 01 6e 00 00 06 49 00 00 a0 8a 00 23 00 4d f7 d0 00 05 00 02 ff 7c ff f6 ff f3 00 15 0f 49 00 01 80 44 00 00 10 2c 43 78 cd f0 00 00 13 f0
1176,56448,WL,flash_sample,48,41.118,1,110,0,1,1,1,0,1,1,0,1610,41118,0.01708,0.037088,-1.0248,0.020834,-0.020834,-1.406295,-1.75,-0.14,2.66,40.32421875,98364,41.08,249.48614502,5.104,57 4c 01 6e 00 00 06 4a 00 00 a0 9e 00 23 00 4c f7 cc 00 02 ff fe ff 79 ff e7 ff fe 00 26 0f 53 00 01 80 3c 00 00 10 0c 43 79 7c 74 00 00 13 f0
1177,56496,WL,flash_sample,48,41.138,1,111,1,1,1,1,0,1,1,0,1611,41138,0.01708,0.037088,-1.021872,0.020834,-0.010417,-1.364627,-3.01,1.47,2.73,40.3359375,98363,41.12,249.57069397,5.084,57 4c 01 6f 00 00 06 4b 00 00 a0 b2 00 23 00 4c f7 d2 00 02 ff ff ff 7d ff d5 00 15 00 27 0f 56 00 01 80 3b 00 00 10 10 43 79 92 19 00 00 13 dc
1178,56544,WL,flash_sample,48,41.158,1,111,1,1,1,1,0,1,1,0,1612,41158,0.01708,0.037088,-1.021872,0.020834,-0.010417,-1.364627,-3.01,1.47,2.73,40.3359375,98363,41.12,249.57069397,5.084,57 4c 01 6f 00 00 06 4c 00 00 a0 c6 00 23 00 4c f7 d2 00 02 ff ff ff 7d ff d5 00 15 00 27 0f 56 00 01 80 3b 00 00 10 10 43 79 92 19 00 00 13 dc
1179,56592,WL,flash_sample,48,41.178,1,111,1,1,1,1,0,1,1,0,1613,41178,0.01708,0.037088,-1.021872,0.020834,-0.010417,-1.364627,-3.01,1.47,2.73,40.3359375,98363,41.12,249.57069397,5.084,57 4c 01 6f 00 00 06 4d 00 00 a0 da 00 23 00 4c f7 d2 00 02 ff ff ff 7d ff d5 00 15 00 27 0f 56 00 01 80 3b 00 00 10 10 43 79 92 19 00 00 13 dc
1180,56640,WL,flash_sample,48,41.198,1,111,1,1,1,1,0,1,1,0,1614,41198,0.01708,0.037088,-1.021872,0.020834,-0.010417,-1.364627,-3.01,1.47,2.73,40.3359375,98363,41.12,249.57069397,5.084,57 4c 01 6f 00 00 06 4e 00 00 a0 ee 00 23 00 4c f7 d2 00 02 ff ff ff 7d ff d5 00 15 00 27 0f 56 00 01 80 3b 00 00 10 10 43 79 92 19 00 00 13 dc
1181,56688,WL,flash_sample,48,41.218,1,111,1,1,1,1,0,1,1,0,1615,41218,0.01708,0.037088,-1.021872,0.020834,-0.010417,-1.364627,-3.01,1.47,2.73,40.3359375,98363,41.12,249.57069397,5.084,57 4c 01 6f 00 00 06 4f 00 00 a1 02 00 23 00 4c f7 d2 00 02 ff ff ff 7d ff d5 00 15 00 27 0f 56 00 01 80 3b 00 00 10 10 43 79 92 19 00 00 13 dc
1182,56736,WL,flash_sample,48,41.238,1,111,1,1,1,1,0,1,1,0,1616,41238,0.01708,0.037088,-1.021872,0.020834,-0.010417,-1.364627,-3.01,1.47,2.73,40.3359375,98363,41.12,249.57069397,5.084,57 4c 01 6f 00 00 06 50 00 00 a1 16 00 23 00 4c f7 d2 00 02 ff ff ff 7d ff d5 00 15 00 27 0f 56 00 01 80 3b 00 00 10 10 43 79 92 19 00 00 13 dc
1183,56784,WL,flash_sample,48,41.258,1,111,1,1,1,1,0,1,1,0,1617,41258,0.01708,0.037088,-1.021872,0.020834,-0.010417,-1.364627,-3.01,1.47,2.73,40.3359375,98363,41.12,249.57069397,5.084,57 4c 01 6f 00 00 06 51 00 00 a1 2a 00 23 00 4c f7 d2 00 02 ff ff ff 7d ff d5 00 15 00 27 0f 56 00 01 80 3b 00 00 10 10 43 79 92 19 00 00 13 dc
1184,56832,WL,flash_sample,48,41.278,1,111,1,1,1,1,0,1,1,0,1618,41278,0.01708,0.037576,-1.0248,0.041668,-0.010417,-1.343793,-0.21,0.14,-0.21,40.28125,98366,41.15,249.31439209,5.084,57 4c 01 6f 00 00 06 52 00 00 a1 3e 00 23 00 4d f7 cc 00 04 ff ff ff 7f ff fd 00 02 ff fd 0f 48 00 01 80 3e 00 00 10 13 43 79 50 7c 00 00 13 dc
1185,56880,WL,flash_sample,48,41.298,1,111,1,1,1,1,0,1,1,0,1619,41298,0.01708,0.037576,-1.0248,0.041668,-0.010417,-1.343793,-0.21,0.14,-0.21,40.28125,98366,41.15,249.31439209,5.084,57 4c 01 6f 00 00 06 53 00 00 a1 52 00 23 00 4d f7 cc 00 04 ff ff ff 7f ff fd 00 02 ff fd 0f 48 00 01 80 3e 00 00 10 13 43 79 50 7c 00 00 13 dc
1186,56928,WL,flash_sample,48,41.318,1,65,1,0,0,0,0,0,1,0,1620,41318,0.017568,0.0366,-1.023336,0.020834,-0.041668,-1.375044,-0.28,0.0,-0.07,40.34375,98366,41.15,249.31439209,4.98,57 4c 01 41 00 00 06 54 00 00 a1 66 00 24 00 4b f7 cf 00 02 ff fc ff 7c ff fc 00 00 ff ff 0f 58 00 01 80 3e 00 00 10 13 43 79 50 7c 00 00 13 74
1187,56976,WL,flash_sample,48,41.338,1,111,1,1,1,1,0,1,1,0,1621,41338,0.016592,0.037576,-1.021872,0.031251,0.010417,-1.406295,-0.84,0.0,0.84,40.30859375,98332,40.72,252.215606689,4.932,57 4c 01 6f 00 00 06 55 00 00 a1 7a 00 22 00 4d f7 d2 00 03 00 01 ff 79 ff f4 00 00 00 0c 0f 4f 00 01 80 1c 00 00 0f e8 43 7c 37 32 00 00 13 44
1188,57024,WL,flash_sample,48,41.358,1,111,1,1,1,1,0,1,1,0,1622,41358,0.017568,0.0366,-1.023336,0.031251,0.010417,-1.35421,-1.4,-0.42,2.17,40.32421875,98340,40.67,251.533905029,4.932,57 4c 01 6f 00 00 06 56 00 00 a1 8e 00 24 00 4b f7 cf 00 03 00 01 ff 7e ff ec ff fa 00 1f 0f 53 00 01 80 24 00 00 0f e3 43 7b 88 ae 00 00 13 44
1189,57072,WL,flash_sample,48,41.378,1,111,1,1,1,1,0,1,1,0,1623,41378,0.018056,0.037088,-1.0248,0.031251,0.020834,-1.385461,-2.73,1.05,3.01,40.37890625,98352,40.77,250.50869751,4.932,57 4c 01 6f 00 00 06 57 00 00 a1 a2 00 25 00 4c f7 cc 00 03 00 02 ff 7b ff d9 00 0f 00 2b 0f 61 00 01 80 30 00 00 0f ed 43 7a 82 3a 00 00 13 44
1190,57120,WL,flash_sample,48,41.398,1,103,1,1,1,0,0,1,1,0,1624,41398,0.017568,0.036112,-1.023824,0.041668,0.010417,-1.385461,-3.01,1.4,2.66,40.39453125,98355,40.82,250.255050659,4.932,57 4c 01 67 00 00 06 58 00 00 a1 b6 00 24 00 4a f7 ce 00 04 00 01 ff 7b ff d5 00 14 00 26 0f 65 00 01 80 33 00 00 0f f2 43 7a 41 4b 00 00 13 44
1191,57168,WL,flash_sample,48,41.418,1,103,1,1,1,0,0,1,1,0,1625,41418,0.016592,0.037088,-1.023824,0.031251,0.020834,-1.416712,-2.87,1.47,2.73,40.34375,98353,40.88,250.42414856,4.932,57 4c 01 67 00 00 06 59 00 00 a1 ca 00 22 00 4c f7 ce 00 03 00 02 ff 78 ff d7 00 15 00 27 0f 58 00 01 80 31 00 00 0f f8 43 7a 6c 95 00 00 13 44
1192,57216,WL,flash_sample,48,41.438,1,111,1,1,1,1,0,1,1,0,1626,41438,0.016592,0.037088,-1.022848,0.031251,-0.010417,-1.35421,-3.01,1.4,2.66,40.3125,98357,40.93,250.083297729,5.104,57 4c 01 6f 00 00 06 5a 00 00 a1 de 00 22 00 4c f7 d0 00 03 ff ff ff 7e ff d5 00 14 00 26 0f 50 00 01 80 35 00 00 0f fd 43 7a 15 53 00 00 13 f0
1193,57264,WL,flash_sample,48,41.458,1,111,1,1,1,1,0,1,1,0,1627,41458,0.01708,0.036112,-1.0248,0.031251,0.0,-1.35421,-2.59,2.17,0.7,40.39453125,98318,40.97,253.409927368,5.104,57 4c 01 6f 00 00 06 5b 00 00 a1 f2 00 23 00 4a f7 cc 00 03 00 00 ff 7e ff db 00 1f 00 0a 0f 65 00 01 80 0e 00 00 10 01 43 7d 68 f1 00 00 13 f0
1194,57312,WL,flash_sample,48,41.478,1,111,1,1,1,1,0,1,1,0,1628,41478,0.01708,0.037088,-1.024312,0.031251,0.0,-1.375044,-1.75,1.05,0.77,40.41015625,98317,40.96,253.494476318,5.104,57 4c 01 6f 00 00 06 5c 00 00 a2 06 00 23 00 4c f7 cd 00 03 00 00 ff 7c ff e7 00 0f 00 0b 0f 69 00 01 80 0d 00 00 10 00 43 7d 7e 96 00 00 13 f0
1195,57360,WL,flash_sample,48,41.498,1,103,1,1,1,0,0,1,1,0,1629,41498,0.017568,0.037088,-1.024312,0.031251,-0.031251,-1.385461,-1.33,0.56,0.77,40.3671875,98315,40.99,253.666213989,5.104,57 4c 01 67 00 00 06 5d 00 00 a2 1a 00 24 00 4c f7 cd 00 03 ff fd ff 7b ff ed 00 08 00 0b 0f 5e 00 01 80 0b 00 00 10 03 43 7d aa 8d 00 00 13 f0
1196,57408,WL,flash_sample,48,41.518,1,103,1,1,1,0,0,1,1,0,1630,41518,0.01708,0.035624,-1.023336,0.052085,0.041668,-1.385461,-1.26,0.63,0.77,40.359375,98316,41.02,253.579025269,5.104,57 4c 01 67 00 00 06 5e 00 00 a2 2e 00 23 00 49 f7 cf 00 05 00 04 ff 7b ff ee 00 09 00 0b 0f 5c 00 01 80 0c 00 00 10 06 43 7d 94 3b 00 00 13 f0
1197,57456,WL,flash_sample,48,41.538,1,103,1,1,1,0,0,1,1,0,1631,41538,0.016592,0.037088,-1.023824,0.020834,-0.020834,-1.375044,-1.26,0.49,0.77,40.37890625,98313,41.05,253.835327148,4.936,57 4c 01 67 00 00 06 5f 00 00 a2 42 00 22 00 4c f7 ce 00 02 ff fe ff 7c ff ee 00 07 00 0b 0f 61 00 01 80 09 00 00 10 09 43 7d d5 d8 00 00 13 48
1198,57504,WL,flash_sample,48,41.558,1,111,1,1,1,1,0,1,1,0,1632,41558,0.01708,0.037088,-1.024312,0.0,0.0,-1.416712,-1.68,-0.14,2.59,40.39453125,98352,41.07,250.50869751,4.936,57 4c 01 6f 00 00 06 60 00 00 a2 56 00 23 00 4c f7 cd 00 00 00 00 ff 78 ff e8 ff fe 00 25 0f 65 00 01 80 30 00 00 10 0b 43 7a 82 3a 00 00 13 48
1199,57552,WL,flash_sample,48,41.578,1,111,1,1,1,1,0,1,1,0,1633,41578,0.017568,0.037088,-1.024312,0.031251,0.010417,-1.395878,-2.66,0.84,3.15,40.3671875,98363,41.15,249.57069397,4.936,57 4c 01 6f 00 00 06 61 00 00 a2 6a 00 24 00 4c f7 cd 00 03 00 01 ff 7a ff da 00 0c 00 2d 0f 5e 00 01 80 3b 00 00 10 13 43 79 92 19 00 00 13 48
1200,57600,WL,flash_sample,48,41.598,1,111,1,1,1,1,0,1,1,0,1634,41598,0.01708,0.037576,-1.024312,0.052085,0.020834,-1.364627,-2.94,1.47,2.66,40.41015625,98362,41.18,249.65524292,4.936,57 4c 01 6f 00 00 06 62 00 00 a2 7e 00 23 00 4d f7 cd 00 05 00 02 ff 7d ff d6 00 15 00 26 0f 69 00 01 80 3a 00 00 10 16 43 79 a7 be 00 00 13 48
1201,57648,WL,flash_sample,48,41.618,1,103,1,1,1,0,0,1,1,0,1635,41618,0.01708,0.037088,-1.023824,0.041668,0.020834,-1.416712,-2.94,1.47,2.66,40.38671875,98363,41.21,249.57069397,4.936,57 4c 01 67 00 00 06 63 00 00 a2 92 00 23 00 4c f7 ce 00 04 00 02 ff 78 ff d6 00 15 00 26 0f 63 00 01 80 3b 00 00 10 19 43 79 92 19 00 00 13 48
1202,57696,WL,flash_sample,48,41.638,1,103,1,1,1,0,0,1,1,0,1636,41638,0.018544,0.0366,-1.024312,0.031251,0.0,-1.375044,-3.01,1.4,2.73,40.41015625,98364,41.23,249.48614502,5.096,57 4c 01 67 00 00 06 64 00 00 a2 a6 00 26 00 4b f7 cd 00 03 00 00 ff 7c ff d5 00 14 00 27 0f 69 00 01 80 3c 00 00 10 1b 43 79 7c 74 00 00 13 e8
1203,57744,WL,flash_sample,48,41.658,1,103,1,1,1,0,0,1,1,0,1637,41658,0.01708,0.037088,-1.023824,0.062502,0.010417,-1.364627,-3.01,1.47,2.73,40.44921875,98363,41.26,249.57069397,5.096,57 4c 01 67 00 00 06 65 00 00 a2 ba 00 23 00 4c f7 ce 00 06 00 01 ff 7d ff d5 00 15 00 27 0f 73 00 01 80 3b 00 00 10 1e 43 79 92 19 00 00 13 e8
1204,57792,WL,flash_sample,48,41.678,1,111,1,1,1,1,0,1,1,0,1638,41678,0.017568,0.037576,-1.023824,0.052085,0.0,-1.406295,-3.01,1.47,2.73,40.38671875,98365,41.28,249.401596069,5.096,57 4c 01 6f 00 00 06 66 00 00 a2 ce 00 24 00 4d f7 ce 00 05 00 00 ff 79 ff d5 00 15 00 27 0f 63 00 01 80 3d 00 00 10 20 43 79 66 cf 00 00 13 e8
1205,57840,WL,flash_sample,48,41.698,1,111,1,1,1,1,0,1,1,0,1639,41698,0.017568,0.0366,-1.024312,0.031251,0.010417,-1.35421,-3.01,1.47,2.66,40.41796875,98366,41.3,249.31439209,5.096,57 4c 01 6f 00 00 06 67 00 00 a2 e2 00 24 00 4b f7 cd 00 03 00 01 ff 7e ff d5 00 15 00 26 0f 6b 00 01 80 3e 00 00 10 22 43 79 50 7c 00 00 13 e8
1206,57888,WL,flash_sample,48,41.718,1,111,1,1,1,1,0,1,1,0,1640,41718,0.017568,0.0366,-1.025288,0.010417,0.020834,-1.385461,-3.01,1.47,2.66,40.40234375,98365,41.32,249.401596069,5.096,57 4c 01 6f 00 00 06 68 00 00 a2 f6 00 24 00 4b f7 cb 00 01 00 02 ff 7b ff d5 00 15 00 26 0f 67 00 01 80 3d 00 00 10 24 43 79 66 cf 00 00 13 e8
1207,57936,WL,flash_sample,48,41.738,1,103,1,1,1,0,0,1,1,0,1641,41738,0.01708,0.0366,-1.022848,0.031251,0.031251,-1.385461,-3.01,1.47,2.73,40.41796875,98370,41.34,248.97354126,5.096,57 4c 01 67 00 00 06 69 00 00 a3 0a 00 23 00 4b f7 d0 00 03 00 03 ff 7b ff d5 00 15 00 27 0f 6b 00 01 80 42 00 00 10 26 43 78 f9 3a 00 00 13 e8
1208,57984,WL,flash_sample,48,41.758,1,103,1,1,1,0,0,1,1,0,1642,41758,0.017568,0.0366,-1.024312,0.041668,-0.010417,-1.364627,-3.01,1.47,2.73,40.42578125,98368,41.36,249.145294189,5.096,57 4c 01 67 00 00 06 6a 00 00 a3 1e 00 24 00 4b f7 cd 00 04 ff ff ff 7d ff d5 00 15 00 27 0f 6d 00 01 80 40 00 00 10 28 43 79 25 32 00 00 13 e8
1209,58032,WL,flash_sample,48,41.778,1,103,1,1,1,0,0,1,1,0,1643,41778,0.017568,0.037088,-1.0248,0.031251,0.0,-1.385461,-2.94,1.47,2.73,40.44921875,98367,41.37,249.22984314,5.096,57 4c 01 67 00 00 06 6b 00 00 a3 32 00 24 00 4c f7 cc 00 03 00 00 ff 7b ff d6 00 15 00 27 0f 73 00 01 80 3f 00 00 10 29 43 79 3a d7 00 00 13 e8
1210,58080,WL,flash_sample,48,41.798,1,111,1,1,1,1,0,1,1,0,1644,41798,0.01708,0.036112,-1.024312,0.052085,0.010417,-1.35421,-2.94,1.47,2.66,40.41015625,98369,41.39,249.060745239,5.096,57 4c 01 6f 00 00 06 6c 00 00 a3 46 00 23 00 4a f7 cd 00 05 00 01 ff 7e ff d6 00 15 00 26 0f 69 00 01 80 41 00 00 10 2b 43 79 0f 8d 00 00 13 e8
1211,58128,WL,flash_sample,48,41.818,1,111,1,1,1,1,0,1,1,0,1645,41818,0.01708,0.037576,-1.023824,0.010417,0.010417,-1.364627,-2.94,1.4,2.73,40.42578125,98369,41.41,249.060745239,5.096,57 4c 01 6f 00 00 06 6d 00 00 a3 5a 00 23 00 4d f7 ce 00 01 00 01 ff 7d ff d6 00 14 00 27 0f 6d 00 01 80 41 00 00 10 2d 43 79 0f 8d 00 00 13 e8
1212,58176,WL,flash_sample,48,41.838,1,111,1,1,1,1,0,1,1,0,1646,41838,0.018056,0.037576,-1.023824,0.041668,0.020834,-1.364627,-2.94,1.4,2.66,40.41015625,98368,41.42,249.145294189,5.084,57 4c 01 6f 00 00 06 6e 00 00 a3 6e 00 25 00 4d f7 ce 00 04 00 02 ff 7d ff d6 00 14 00 26 0f 69 00 01 80 40 00 00 10 2e 43 79 25 32 00 00 13 dc
1213,58224,WL,flash_sample,48,41.858,1,103,1,1,1,0,0,1,1,0,1647,41858,0.017568,0.0366,-1.023824,0.0,-0.010417,-1.395878,-3.01,1.47,2.66,40.39453125,98370,41.43,248.97354126,5.084,57 4c 01 67 00 00 06 6f 00 00 a3 82 00 24 00 4b f7 ce 00 00 ff ff ff 7a ff d5 00 15 00 26 0f 65 00 01 80 42 00 00 10 2f 43 78 f9 3a 00 00 13 dc
1214,58272,WL,flash_sample,48,41.878,1,103,1,1,1,0,0,1,1,0,1648,41878,0.017568,0.0366,-1.023336,0.020834,0.0,-1.395878,-3.01,1.47,2.66,40.42578125,98372,41.44,248.804443359,5.084,57 4c 01 67 00 00 06 70 00 00 a3 96 00 24 00 4b f7 cf 00 02 00 00 ff 7a ff d5 00 15 00 26 0f 6d 00 01 80 44 00 00 10 30 43 78 cd f0 00 00 13 dc
1215,58320,WL,flash_sample,48,41.898,1,111,1,1,1,1,0,1,1,0,1649,41898,0.017568,0.0366,-1.02236,0.031251,-0.010417,-1.385461,-3.01,1.47,2.73,40.41015625,98366,41.46,249.31439209,5.084,57 4c 01 6f 00 00 06 71 00 00 a3 aa 00 24 00 4b f7 d1 00 03 ff ff ff 7b ff d5 00 15 00 27 0f 69 00 01 80 3e 00 00 10 32 43 79 50 7c 00 00 13 dc
1216,58368,WL,flash_sample,48,41.918,1,111,1,1,1,1,0,1,1,0,1650,41918,0.018544,0.0366,-1.021384,0.020834,0.0,-1.416712,-3.01,1.4,2.94,40.44921875,98369,41.47,249.060745239,5.084,57 4c 01 6f 00 00 06 72 00 00 a3 be 00 26 00 4b f7 d3 00 02 00 00 ff 78 ff d5 00 14 00 2a 0f 73 00 01 80 41 00 00 10 33 43 79 0f 8d 00 00 13 dc
1217,58416,WL,flash_sample,48,41.938,1,111,1,1,1,1,0,1,1,0,1651,41938,0.01708,0.0366,-1.01992,0.041668,0.020834,-1.385461,-2.94,1.47,2.73,40.421875,98368,41.47,249.145294189,5.096,57 4c 01 6f 00 00 06 73 00 00 a3 d2 00 23 00 4b f7 d6 00 04 00 02 ff 7b ff d6 00 15 00 27 0f 6c 00 01 80 40 00 00 10 33 43 79 25 32 00 00 13 e8
1218,58464,WL,flash_sample,48,41.958,1,111,1,1,1,1,0,1,1,0,1652,41958,0.016592,0.0366,-1.025776,0.062502,-0.020834,-1.364627,-2.94,1.4,2.66,40.39453125,98371,41.49,248.88899231,5.096,57 4c 01 6f 00 00 06 74 00 00 a3 e6 00 22 00 4b f7 ca 00 06 ff fe ff 7d ff d6 00 14 00 26 0f 65 00 01 80 43 00 00 10 35 43 78 e3 95 00 00 13 e8
1219,58512,WL,flash_sample,48,41.978,1,103,1,1,1,0,0,1,1,0,1653,41978,0.017568,0.037088,-1.023824,0.031251,0.010417,-1.364627,-2.94,1.4,2.66,40.44921875,98369,41.5,249.060745239,5.096,57 4c 01 67 00 00 06 75 00 00 a3 fa 00 24 00 4c f7 ce 00 03 00 01 ff 7d ff d6 00 14 00 26 0f 73 00 01 80 41 00 00 10 36 43 79 0f 8d 00 00 13 e8
1220,58560,WL,flash_sample,48,41.998,1,103,1,1,1,0,0,1,1,0,1654,41998,0.018056,0.037088,-1.0248,0.052085,-0.020834,-1.35421,-3.01,1.47,2.73,40.4453125,98372,41.5,248.804443359,5.096,57 4c 01 67 00 00 06 76 00 00 a4 0e 00 25 00 4c f7 cc 00 05 ff fe ff 7e ff d5 00 15 00 27 0f 72 00 01 80 44 00 00 10 36 43 78 cd f0 00 00 13 e8
1221,58608,WL,flash_sample,48,42.018,1,111,1,1,1,1,0,1,1,0,1655,42018,0.017568,0.037088,-1.023824,0.031251,-0.010417,-1.364627,-3.01,1.4,2.73,40.4140625,98372,41.51,248.804443359,5.096,57 4c 01 6f 00 00 06 77 00 00 a4 22 00 24 00 4c f7 ce 00 03 ff ff ff 7d ff d5 00 14 00 27 0f 6a 00 01 80 44 00 00 10 37 43 78 cd f0 00 00 13 e8
1222,58656,WL,flash_sample,48,42.038,1,111,1,1,1,1,0,1,1,0,1656,42038,0.017568,0.037088,-1.023824,0.031251,-0.010417,-1.364627,-3.01,1.4,2.73,40.4140625,98372,41.51,248.804443359,5.096,57 4c 01 6f 00 00 06 78 00 00 a4 36 00 24 00 4c f7 ce 00 03 ff ff ff 7d ff d5 00 14 00 27 0f 6a 00 01 80 44 00 00 10 37 43 78 cd f0 00 00 13 e8
1223,58704,WL,flash_sample,48,42.058,1,111,1,1,1,1,0,1,1,0,1657,42058,0.017568,0.037088,-1.023824,0.031251,-0.010417,-1.364627,-3.01,1.4,2.73,40.4140625,98372,41.51,248.804443359,5.096,57 4c 01 6f 00 00 06 79 00 00 a4 4a 00 24 00 4c f7 ce 00 03 ff ff ff 7d ff d5 00 14 00 27 0f 6a 00 01 80 44 00 00 10 37 43 78 cd f0 00 00 13 e8
1224,58752,WL,flash_sample,48,42.078,1,111,1,1,1,1,0,1,1,0,1658,42078,0.017568,0.037088,-1.023824,0.031251,-0.010417,-1.364627,-3.01,1.4,2.73,40.4140625,98372,41.51,248.804443359,5.096,57 4c 01 6f 00 00 06 7a 00 00 a4 5e 00 24 00 4c f7 ce 00 03 ff ff ff 7d ff d5 00 14 00 27 0f 6a 00 01 80 44 00 00 10 37 43 78 cd f0 00 00 13 e8
1225,58800,WL,flash_sample,48,42.098,1,103,1,1,1,0,0,1,1,0,1659,42098,0.017568,0.0366,-1.023824,0.0,-0.031251,-1.395878,-0.63,-0.84,1.47,40.46484375,98431,41.53,243.773544312,5.1,57 4c 01 67 00 00 06 7b 00 00 a4 72 00 24 00 4b f7 ce 00 00 ff fd ff 7a ff f7 ff f4 00 15 0f 77 00 01 80 7f 00 00 10 39 43 73 c6 07 00 00 13 ec
1226,58848,WL,flash_sample,48,42.118,1,103,1,1,1,0,0,1,1,0,1660,42118,0.016592,0.0366,-1.023336,0.052085,0.010417,-1.375044,-1.75,-0.14,2.59,40.4453125,98366,41.23,249.31439209,5.1,57 4c 01 67 00 00 06 7c 00 00 a4 86 00 22 00 4b f7 cf 00 05 00 01 ff 7c ff e7 ff fe 00 25 0f 72 00 01 80 3e 00 00 10 1b 43 79 50 7c 00 00 13 ec
1227,58896,WL,flash_sample,48,42.138,1,110,0,1,1,1,0,1,1,0,1661,42138,0.017568,0.0366,-1.0248,0.041668,0.010417,-1.395878,-2.94,1.47,2.73,40.43359375,98362,41.26,249.65524292,5.096,57 4c 01 6e 00 00 06 7d 00 00 a4 9a 00 24 00 4b f7 cc 00 04 00 01 ff 7a ff d6 00 15 00 27 0f 6f 00 01 80 3a 00 00 10 1e 43 79 a7 be 00 00 13 e8
1228,58944,WL,flash_sample,48,42.158,1,110,0,1,1,1,0,1,1,0,1662,42158,0.017568,0.0366,-1.0248,0.041668,0.010417,-1.395878,-2.94,1.47,2.73,40.43359375,98362,41.26,249.65524292,5.096,57 4c 01 6e 00 00 06 7e 00 00 a4 ae 00 24 00 4b f7 cc 00 04 00 01 ff 7a ff d6 00 15 00 27 0f 6f 00 01 80 3a 00 00 10 1e 43 79 a7 be 00 00 13 e8
1229,58992,WL,flash_sample,48,42.178,1,110,0,1,1,1,0,1,1,0,1663,42178,0.017568,0.0366,-1.0248,0.041668,0.010417,-1.395878,-2.94,1.47,2.73,40.43359375,98362,41.26,249.65524292,5.096,57 4c 01 6e 00 00 06 7f 00 00 a4 c2 00 24 00 4b f7 cc 00 04 00 01 ff 7a ff d6 00 15 00 27 0f 6f 00 01 80 3a 00 00 10 1e 43 79 a7 be 00 00 13 e8
1230,59040,WL,flash_sample,48,42.198,1,110,0,1,1,1,0,1,1,0,1664,42198,0.017568,0.0366,-1.0248,0.041668,0.010417,-1.395878,-2.94,1.47,2.73,40.43359375,98362,41.26,249.65524292,5.096,57 4c 01 6e 00 00 06 80 00 00 a4 d6 00 24 00 4b f7 cc 00 04 00 01 ff 7a ff d6 00 15 00 27 0f 6f 00 01 80 3a 00 00 10 1e 43 79 a7 be 00 00 13 e8
1231,59088,WL,flash_sample,48,42.218,1,110,0,1,1,1,0,1,1,0,1665,42218,0.017568,0.0366,-1.0248,0.041668,0.010417,-1.395878,-2.94,1.47,2.73,40.43359375,98362,41.26,249.65524292,5.096,57 4c 01 6e 00 00 06 81 00 00 a4 ea 00 24 00 4b f7 cc 00 04 00 01 ff 7a ff d6 00 15 00 27 0f 6f 00 01 80 3a 00 00 10 1e 43 79 a7 be 00 00 13 e8
1232,59136,WL,flash_sample,48,42.238,1,110,0,1,1,1,0,1,1,0,1666,42238,0.017568,0.0366,-1.0248,0.041668,0.010417,-1.395878,-2.94,1.47,2.73,40.43359375,98362,41.26,249.65524292,5.096,57 4c 01 6e 00 00 06 82 00 00 a4 fe 00 24 00 4b f7 cc 00 04 00 01 ff 7a ff d6 00 15 00 27 0f 6f 00 01 80 3a 00 00 10 1e 43 79 a7 be 00 00 13 e8
1233,59184,WL,flash_sample,48,42.258,1,110,0,1,1,1,0,1,1,0,1667,42258,0.017568,0.0366,-1.0248,0.041668,0.010417,-1.395878,-2.94,1.47,2.73,40.43359375,98362,41.26,249.65524292,5.096,57 4c 01 6e 00 00 06 83 00 00 a5 12 00 24 00 4b f7 cc 00 04 00 01 ff 7a ff d6 00 15 00 27 0f 6f 00 01 80 3a 00 00 10 1e 43 79 a7 be 00 00 13 e8
1234,59232,WL,flash_sample,48,42.278,1,110,0,1,1,1,0,1,1,0,1668,42278,0.01708,0.037088,-1.023824,0.041668,-0.052085,-1.375044,-0.28,0.14,-0.21,40.453125,98362,41.26,249.65524292,5.096,57 4c 01 6e 00 00 06 84 00 00 a5 26 00 23 00 4c f7 ce 00 04 ff fb ff 7c ff fc 00 02 ff fd 0f 74 00 01 80 3a 00 00 10 1e 43 79 a7 be 00 00 13 e8
1235,59280,WL,flash_sample,48,42.298,1,110,0,1,1,1,0,1,1,0,1669,42298,0.01708,0.037088,-1.023824,0.041668,-0.052085,-1.375044,-0.28,0.14,-0.21,40.453125,98362,41.26,249.65524292,5.096,57 4c 01 6e 00 00 06 85 00 00 a5 3a 00 23 00 4c f7 ce 00 04 ff fb ff 7c ff fc 00 02 ff fd 0f 74 00 01 80 3a 00 00 10 1e 43 79 a7 be 00 00 13 e8
1236,59328,WL,flash_sample,48,42.318,1,64,0,0,0,0,0,0,1,0,1670,42318,0.01708,0.0366,-1.021872,0.010417,-0.010417,-1.395878,-0.28,0.14,-0.21,40.43359375,98414,41.29,245.221511841,4.972,57 4c 01 40 00 00 06 86 00 00 a5 4e 00 23 00 4b f7 d2 00 01 ff ff ff 7a ff fc 00 02 ff fd 0f 6f 00 01 80 6e 00 00 10 21 43 75 38 b5 00 00 13 6c
1237,59376,WL,flash_sample,48,42.338,1,102,0,1,1,0,0,1,1,0,1671,42338,0.016592,0.036112,-1.024312,0.062502,0.010417,-1.385461,-0.84,-0.14,0.84,40.4609375,98314,40.76,253.750778198,4.956,57 4c 01 66 00 00 06 87 00 00 a5 62 00 22 00 4a f7 cd 00 06 00 01 ff 7b ff f4 ff fe 00 0c 0f 76 00 01 80 0a 00 00 0f ec 43 7d c0 33 00 00 13 5c
1238,59424,WL,flash_sample,48,42.358,1,102,0,1,1,0,0,1,1,0,1672,42358,0.017568,0.037088,-1.023336,0.041668,0.0,-1.406295,-1.19,-0.49,2.1,40.484375,98353,40.85,250.42414856,4.956,57 4c 01 66 00 00 06 88 00 00 a5 76 00 24 00 4c f7 cf 00 04 00 00 ff 79 ff ef ff f9 00 1e 0f 7c 00 01 80 31 00 00 0f f5 43 7a 6c 95 00 00 13 5c
1239,59472,WL,flash_sample,48,42.378,1,110,0,1,1,1,0,1,1,0,1673,42378,0.017568,0.037576,-1.0248,0.031251,0.010417,-1.395878,-2.73,0.91,3.08,40.4765625,98352,40.91,250.50869751,4.956,57 4c 01 6e 00 00 06 89 00 00 a5 8a 00 24 00 4d f7 cc 00 03 00 01 ff 7a ff d9 00 0d 00 2c 0f 7a 00 01 80 30 00 00 0f fb 43 7a 82 3a 00 00 13 5c
1240,59520,WL,flash_sample,48,42.398,1,110,0,1,1,1,0,1,1,0,1674,42398,0.01708,0.037576,-1.024312,0.041668,-0.010417,-1.364627,-3.01,1.47,2.66,40.484375,98351,40.97,250.595901489,4.956,57 4c 01 6e 00 00 06 8a 00 00 a5 9e 00 23 00 4d f7 cd 00 04 ff ff ff 7d ff d5 00 15 00 26 0f 7c 00 01 80 2f 00 00 10 01 43 7a 98 8d 00 00 13 5c
1241,59568,WL,flash_sample,48,42.418,1,110,0,1,1,1,0,1,1,0,1675,42418,0.017568,0.0366,-1.025288,0.041668,-0.020834,-1.406295,-2.94,1.47,2.73,40.4609375,98354,41.02,250.339599609,4.956,57 4c 01 6e 00 00 06 8b 00 00 a5 b2 00 24 00 4b f7 cb 00 04 ff fe ff 79 ff d6 00 15 00 27 0f 76 00 01 80 32 00 00 10 06 43 7a 56 f0 00 00 13 5c
1242,59616,WL,flash_sample,48,42.438,1,102,0,1,1,0,0,1,1,0,1676,42438,0.018056,0.037088,-1.0248,0.020834,0.020834,-1.35421,-2.94,1.47,2.73,40.4921875,98356,41.06,250.16784668,5.112,57 4c 01 66 00 00 06 8c 00 00 a5 c6 00 25 00 4c f7 cc 00 02 00 02 ff 7e ff d6 00 15 00 27 0f 7e 00 01 80 34 00 00 10 0a 43 7a 2a f8 00 00 13 f8
1243,59664,WL,flash_sample,48,42.458,1,102,0,1,1,0,0,1,1,0,1677,42458,0.01708,0.037088,-1.025288,0.062502,0.020834,-1.385461,-2.66,2.24,0.63,40.484375,98317,41.07,253.494476318,5.112,57 4c 01 66 00 00 06 8d 00 00 a5 da 00 23 00 4c f7 cb 00 06 00 02 ff 7b ff da 00 20 00 09 0f 7c 00 01 80 0d 00 00 10 0b 43 7d 7e 96 00 00 13 f8
1244,59712,WL,flash_sample,48,42.478,1,102,0,1,1,0,0,1,1,0,1678,42478,0.017568,0.0366,-1.024312,0.062502,0.010417,-1.416712,-1.68,1.05,0.77,40.46875,98317,41.09,253.494476318,5.112,57 4c 01 66 00 00 06 8e 00 00 a5 ee 00 24 00 4b f7 cd 00 06 00 01 ff 78 ff e8 00 0f 00 0b 0f 78 00 01 80 0d 00 00 10 0d 43 7d 7e 96 00 00 13 f8
1245,59760,WL,flash_sample,48,42.498,1,110,0,1,1,1,0,1,1,0,1679,42498,0.01708,0.036112,-1.025776,0.010417,0.031251,-1.375044,-1.4,0.63,0.84,40.4765625,98318,41.12,253.409927368,5.112,57 4c 01 6e 00 00 06 8f 00 00 a6 02 00 23 00 4a f7 ca 00 01 00 03 ff 7c ff ec 00 09 00 0c 0f 7a 00 01 80 0e 00 00 10 10 43 7d 68 f1 00 00 13 f8
1246,59808,WL,flash_sample,48,42.518,1,110,0,1,1,1,0,1,1,0,1680,42518,0.018056,0.0366,-1.023824,0.0,0.020834,-1.35421,-1.26,0.56,0.84,40.5,98316,41.15,253.579025269,5.112,57 4c 01 6e 00 00 06 90 00 00 a6 16 00 25 00 4b f7 ce 00 00 00 02 ff 7e ff ee 00 08 00 0c 0f 80 00 01 80 0c 00 00 10 13 43 7d 94 3b 00 00 13 f8
1247,59856,WL,flash_sample,48,42.538,1,110,0,1,1,1,0,1,1,0,1681,42538,0.018056,0.037088,-1.024312,0.062502,0.0,-1.416712,-1.33,0.56,0.84,40.4765625,98315,41.17,253.666213989,4.948,57 4c 01 6e 00 00 06 91 00 00 a6 2a 00 25 00 4c f7 cd 00 06 00 00 ff 78 ff ed 00 08 00 0c 0f 7a 00 01 80 0b 00 00 10 15 43 7d aa 8d 00 00 13 54
1248,59904,WL,flash_sample,48,42.558,1,102,0,1,1,0,0,1,1,0,1682,42558,0.01708,0.0366,-1.024312,0.041668,-0.010417,-1.375044,-1.68,-0.21,2.52,40.52734375,98359,41.24,249.9115448,4.948,57 4c 01 66 00 00 06 92 00 00 a6 3e 00 23 00 4b f7 cd 00 04 ff ff ff 7c ff e8 ff fd 00 24 0f 87 00 01 80 37 00 00 10 1c 43 79 e9 5b 00 00 13 54
1249,59952,WL,flash_sample,48,42.578,1,102,0,1,1,0,0,1,1,0,1683,42578,0.017568,0.0366,-1.0248,0.031251,0.020834,-1.375044,-2.66,0.7,3.22,40.453125,98359,41.27,249.9115448,4.948,57 4c 01 66 00 00 06 93 00 00 a6 52 00 24 00 4b f7 cc 00 03 00 02 ff 7c ff da 00 0a 00 2e 0f 74 00 01 80 37 00 00 10 1f 43 79 e9 5b 00 00 13 54
1250,60000,WL,flash_sample,48,42.598,1,102,0,1,1,0,0,1,1,0,1684,42598,0.01708,0.037088,-1.024312,0.0,-0.010417,-1.385461,-2.94,1.4,2.66,40.4921875,98361,41.3,249.742446899,4.948,57 4c 01 66 00 00 06 94 00 00 a6 66 00 23 00 4c f7 cd 00 00 ff ff ff 7b ff d6 00 14 00 26 0f 7e 00 01 80 39 00 00 10 22 43 79 be 11 00 00 13 54
1251,60048,WL,flash_sample,48,42.618,1,110,0,1,1,1,0,1,1,0,1685,42618,0.017568,0.037088,-1.023336,0.0,-0.010417,-1.385461,-2.94,1.47,2.66,40.51953125,98365,41.33,249.401596069,4.948,57 4c 01 6e 00 00 06 95 00 00 a6 7a 00 24 00 4c f7 cf 00 00 ff ff ff 7b ff d6 00 15 00 26 0f 85 00 01 80 3d 00 00 10 25 43 79 66 cf 00 00 13 54
1252,60096,WL,flash_sample,48,42.638,1,110,0,1,1,1,0,1,1,0,1686,42638,0.017568,0.037088,-1.0248,0.031251,0.0,-1.406295,-2.94,1.47,2.73,40.5,98362,41.36,249.65524292,5.104,57 4c 01 6e 00 00 06 96 00 00 a6 8e 00 24 00 4c f7 cc 00 03 00 00 ff 79 ff d6 00 15 00 27 0f 80 00 01 80 3a 00 00 10 28 43 79 a7 be 00 00 13 f0
1253,60144,WL,flash_sample,48,42.658,1,110,0,1,1,1,0,1,1,0,1687,42658,0.017568,0.0366,-1.0248,0.031251,-0.010417,-1.385461,-2.94,1.47,2.66,40.51171875,98365,41.38,249.401596069,5.104,57 4c 01 6e 00 00 06 97 00 00 a6 a2 00 24 00 4b f7 cc 00 03 ff ff ff 7b ff d6 00 15 00 26 0f 83 00 01 80 3d 00 00 10 2a 43 79 66 cf 00 00 13 f0
1254,60192,WL,flash_sample,48,42.678,1,102,0,1,1,0,0,1,1,0,1688,42678,0.017568,0.0366,-1.023824,0.041668,0.020834,-1.364627,-3.01,1.47,2.73,40.52734375,98366,41.4,249.31439209,5.104,57 4c 01 66 00 00 06 98 00 00 a6 b6 00 24 00 4b f7 ce 00 04 00 02 ff 7d ff d5 00 15 00 27 0f 87 00 01 80 3e 00 00 10 2c 43 79 50 7c 00 00 13 f0
1255,60240,WL,flash_sample,48,42.698,1,102,0,1,1,0,0,1,1,0,1689,42698,0.01708,0.037088,-1.025288,0.0,0.0,-1.375044,-2.94,1.47,2.66,40.53515625,98367,41.42,249.22984314,5.104,57 4c 01 66 00 00 06 99 00 00 a6 ca 00 23 00 4c f7 cb 00 00 00 00 ff 7c ff d6 00 15 00 26 0f 89 00 01 80 3f 00 00 10 2e 43 79 3a d7 00 00 13 f0
1256,60288,WL,flash_sample,48,42.718,1,110,0,1,1,1,0,1,1,0,1690,42718,0.01708,0.037088,-1.024312,0.041668,-0.010417,-1.375044,-2.94,1.4,2.73,40.51171875,98365,41.44,249.401596069,5.104,57 4c 01 6e 00 00 06 9a 00 00 a6 de 00 23 00 4c f7 cd 00 04 ff ff ff 7c ff d6 00 14 00 27 0f 83 00 01 80 3d 00 00 10 30 43 79 66 cf 00 00 13 f0
1257,60336,WL,flash_sample,48,42.738,1,110,0,1,1,1,0,1,1,0,1691,42738,0.017568,0.0366,-1.024312,0.010417,-0.020834,-1.406295,-2.94,1.47,2.66,40.53515625,98367,41.46,249.22984314,5.096,57 4c 01 6e 00 00 06 9b 00 00 a6 f2 00 24 00 4b f7 cd 00 01 ff fe ff 79 ff d6 00 15 00 26 0f 89 00 01 80 3f 00 00 10 32 43 79 3a d7 00 00 13 e8
1258,60384,WL,flash_sample,48,42.758,1,110,0,1,1,1,0,1,1,0,1692,42758,0.01708,0.035136,-1.026264,0.031251,-0.010417,-1.333376,-2.94,1.4,2.66,40.53515625,98369,41.48,249.060745239,5.096,57 4c 01 6e 00 00 06 9c 00 00 a7 06 00 23 00 48 f7 c9 00 03 ff ff ff 80 ff d6 00 14 00 26 0f 89 00 01 80 41 00 00 10 34 43 79 0f 8d 00 00 13 e8
1259,60432,WL,flash_sample,48,42.778,1,110,0,1,1,1,0,1,1,0,1693,42778,0.01708,0.037088,-1.02724,0.010417,0.041668,-1.385461,-2.94,1.47,2.73,40.4921875,98368,41.5,249.145294189,5.096,57 4c 01 6e 00 00 06 9d 00 00 a7 1a 00 23 00 4c f7 c7 00 01 00 04 ff 7b ff d6 00 15 00 27 0f 7e 00 01 80 40 00 00 10 36 43 79 25 32 00 00 13 e8
1260,60480,WL,flash_sample,48,42.798,1,102,0,1,1,0,0,1,1,0,1694,42798,0.016104,0.035624,-1.020896,0.031251,0.0,-1.416712,-3.01,1.4,2.73,40.53515625,98369,41.51,249.060745239,5.096,57 4c 01 66 00 00 06 9e 00 00 a7 2e 00 21 00 49 f7 d4 00 03 00 00 ff 78 ff d5 00 14 00 27 0f 89 00 01 80 41 00 00 10 37 43 79 0f 8d 00 00 13 e8
1261,60528,WL,flash_sample,48,42.818,1,102,0,1,1,0,0,1,1,0,1695,42818,0.016592,0.036112,-1.025776,0.010417,0.010417,-1.375044,-2.87,1.47,2.73,40.5,98369,41.52,249.060745239,5.096,57 4c 01 66 00 00 06 9f 00 00 a7 42 00 22 00 4a f7 ca 00 01 00 01 ff 7c ff d7 00 15 00 27 0f 80 00 01 80 41 00 00 10 38 43 79 0f 8d 00 00 13 e8
1262,60576,WL,flash_sample,48,42.838,1,110,0,1,1,1,0,1,1,0,1696,42838,0.016104,0.0366,-1.0248,0.031251,0.010417,-1.416712,-2.94,1.4,2.73,40.5078125,98368,41.54,249.145294189,5.092,57 4c 01 6e 00 00 06 a0 00 00 a7 56 00 21 00 4b f7 cc 00 03 00 01 ff 78 ff d6 00 14 00 27 0f 82 00 01 80 40 00 00 10 3a 43 79 25 32 00 00 13 e4
1263,60624,WL,flash_sample,48,42.858,1,110,0,1,1,1,0,1,1,0,1697,42858,0.01708,0.037088,-1.02724,0.052085,0.031251,-1.395878,-2.94,1.47,2.73,40.53515625,98368,41.55,249.145294189,5.092,57 4c 01 6e 00 00 06 a1 00 00 a7 6a 00 23 00 4c f7 c7 00 05 00 03 ff 7a ff d6 00 15 00 27 0f 89 00 01 80 40 00 00 10 3b 43 79 25 32 00 00 13 e4
1264,60672,WL,flash_sample,48,42.878,1,110,0,1,1,1,0,1,1,0,1698,42878,0.018544,0.037576,-1.023824,0.031251,-0.010417,-1.343793,-3.01,1.4,2.73,40.55859375,98369,41.56,249.060745239,5.092,57 4c 01 6e 00 00 06 a2 00 00 a7 7e 00 26 00 4d f7 ce 00 03 ff ff ff 7f ff d5 00 14 00 27 0f 8f 00 01 80 41 00 00 10 3c 43 79 0f 8d 00 00 13 e4
1265,60720,WL,flash_sample,48,42.898,1,110,0,1,1,1,0,1,1,0,1699,42898,0.015128,0.036112,-1.025776,0.031251,-0.031251,-1.406295,-2.94,1.4,2.73,40.53515625,98368,41.57,249.145294189,5.092,57 4c 01 6e 00 00 06 a3 00 00 a7 92 00 1f 00 4a f7 ca 00 03 ff fd ff 79 ff d6 00 14 00 27 0f 89 00 01 80 40 00 00 10 3d 43 79 25 32 00 00 13 e4
1266,60768,WL,flash_sample,48,42.918,1,102,0,1,1,0,0,1,1,0,1700,42918,0.01708,0.0366,-1.023336,0.031251,-0.010417,-1.385461,-2.94,1.26,2.94,40.55078125,98362,41.58,249.65524292,5.092,57 4c 01 66 00 00 06 a4 00 00 a7 a6 00 23 00 4b f7 cf 00 03 ff ff ff 7b ff d6 00 12 00 2a 0f 8d 00 01 80 3a 00 00 10 3e 43 79 a7 be 00 00 13 e4
1267,60816,WL,flash_sample,48,42.938,1,110,0,1,1,1,0,1,1,0,1701,42938,0.018056,0.037088,-1.024312,0.0,-0.010417,-1.406295,-3.08,1.61,2.66,40.59375,98368,41.59,249.145294189,5.1,57 4c 01 6e 00 00 06 a5 00 00 a7 ba 00 25 00 4c f7 cd 00 00 ff ff ff 79 ff d4 00 17 00 26 0f 98 00 01 80 40 00 00 10 3f 43 79 25 32 00 00 13 ec
