ISO-10303-21;
HEADER;
FILE_DESCRIPTION(('STEP AP242'),'1');
FILE_NAME('2200980471.stp','2026-06-27T08:57:49',('TraceParts'),('TraceParts S.A.S.'),'Spatial InterOp 3D',' ',' ');
FILE_SCHEMA(('AP242_MANAGED_MODEL_BASED_3D_ENGINEERING_MIM_LF  {1 0 10303 442 1 1 4}'));
ENDSEC;
DATA;
#1=MECHANICAL_DESIGN_GEOMETRIC_PRESENTATION_REPRESENTATION(' ',(#10,#11,#12,#13,#14,#15,#16,#17,#18,#19,#20,#21,#22,#23,#24,#25,#26,#27,#28,#29,#30,#31,#32,#33,#34,#35,#36,#37,#38,#39,#40,#41,#42,#43,#44,#45,#46,#47,#48,#49,#50,#51,#52,#53,#54,#55,#56,#57,#58,#59,#60,#61,#62,#63,#64,#65,#66,#67,#68,#69,#70,#71,#72,#73,#74,#75,#76,#77,#78,#79,#80,#81,#82,#83,#84,#85,#86,#87,#88,#89,#90,#91,#92,#93,#94,#95,#96,#97,#98,#99,#100,#101,#102,#103,#104,#105,#106,#107,#108,#109,#110,#111,#112,#113,#114,#115,#116,#117,#118,#119,#120,#121,#122,#123,#124,#125,#126,#127,#128,#129,#130,#131,#132,#133,#134,#135,#136,#137,#138,#139,#140,#141,#142,#143,#144,#145,#146,#147,#148,#149,#150,#151,#152,#153,#154,#155,#156,#157,#158,#159,#160,#161,#162,#163,#164,#165,#166,#167,#168,#169,#170,#171,#172,#173,#174,#175,#176,#177,#178,#179,#180,#181,#182,#183,#184,#185,#186,#187,#188,#189,#190,#191,#192,#193,#194,#195,#196,#197,#198,#199,#200,#201,#202,#203,#204,#205,#206,#207,#208,#209,#210,#211),#6);
#2=PRODUCT_DEFINITION_CONTEXT('',#212,'design');
#3=APPLICATION_PROTOCOL_DEFINITION('INTERNATIONAL STANDARD','ap242_managed_model_based_3d_engineering',2014,#212);
#4=PRODUCT_CATEGORY_RELATIONSHIP('NONE','NONE',#213,#214);
#5=SHAPE_DEFINITION_REPRESENTATION(#215,#216);
#6= (GEOMETRIC_REPRESENTATION_CONTEXT(3)GLOBAL_UNCERTAINTY_ASSIGNED_CONTEXT((#219))GLOBAL_UNIT_ASSIGNED_CONTEXT((#221,#222,#223))REPRESENTATION_CONTEXT('NONE','WORKSPACE'));
#10=STYLED_ITEM('',(#225),#226);
#11=STYLED_ITEM('',(#227),#228);
#12=STYLED_ITEM('',(#229),#230);
#13=STYLED_ITEM('',(#231),#232);
#14=STYLED_ITEM('',(#233),#234);
#15=STYLED_ITEM('',(#235),#236);
#16=STYLED_ITEM('',(#237),#238);
#17=STYLED_ITEM('',(#239),#240);
#18=STYLED_ITEM('',(#241),#242);
#19=STYLED_ITEM('',(#243),#244);
#20=STYLED_ITEM('',(#245),#246);
#21=STYLED_ITEM('',(#247),#248);
#22=STYLED_ITEM('',(#249),#250);
#23=STYLED_ITEM('',(#251),#252);
#24=STYLED_ITEM('',(#253),#254);
#25=STYLED_ITEM('',(#255),#256);
#26=STYLED_ITEM('',(#257),#258);
#27=STYLED_ITEM('',(#259),#260);
#28=STYLED_ITEM('',(#261),#262);
#29=STYLED_ITEM('',(#263),#264);
#30=STYLED_ITEM('',(#265),#266);
#31=STYLED_ITEM('',(#267),#268);
#32=STYLED_ITEM('',(#269),#270);
#33=STYLED_ITEM('',(#271),#272);
#34=STYLED_ITEM('',(#273),#274);
#35=STYLED_ITEM('',(#275),#276);
#36=STYLED_ITEM('',(#277),#278);
#37=STYLED_ITEM('',(#279),#280);
#38=STYLED_ITEM('',(#281),#282);
#39=STYLED_ITEM('',(#283),#284);
#40=STYLED_ITEM('',(#285),#286);
#41=STYLED_ITEM('',(#287),#288);
#42=STYLED_ITEM('',(#289),#290);
#43=STYLED_ITEM('',(#291),#292);
#44=STYLED_ITEM('',(#293),#294);
#45=STYLED_ITEM('',(#295),#296);
#46=STYLED_ITEM('',(#297),#298);
#47=STYLED_ITEM('',(#299),#300);
#48=STYLED_ITEM('',(#301),#302);
#49=STYLED_ITEM('',(#303),#304);
#50=STYLED_ITEM('',(#305),#306);
#51=STYLED_ITEM('',(#307),#308);
#52=STYLED_ITEM('',(#309),#310);
#53=STYLED_ITEM('',(#311),#312);
#54=STYLED_ITEM('',(#313),#314);
#55=STYLED_ITEM('',(#315),#316);
#56=STYLED_ITEM('',(#317),#318);
#57=STYLED_ITEM('',(#319),#320);
#58=STYLED_ITEM('',(#321),#322);
#59=STYLED_ITEM('',(#323),#324);
#60=STYLED_ITEM('',(#325),#326);
#61=STYLED_ITEM('',(#327),#328);
#62=STYLED_ITEM('',(#329),#330);
#63=STYLED_ITEM('',(#331),#332);
#64=STYLED_ITEM('',(#333),#334);
#65=STYLED_ITEM('',(#335),#336);
#66=STYLED_ITEM('',(#337),#338);
#67=STYLED_ITEM('',(#339),#340);
#68=STYLED_ITEM('',(#341),#342);
#69=STYLED_ITEM('',(#343),#344);
#70=STYLED_ITEM('',(#345),#346);
#71=STYLED_ITEM('',(#347),#348);
#72=STYLED_ITEM('',(#349),#350);
#73=STYLED_ITEM('',(#351),#352);
#74=STYLED_ITEM('',(#353),#354);
#75=STYLED_ITEM('',(#355),#356);
#76=STYLED_ITEM('',(#357),#358);
#77=STYLED_ITEM('',(#359),#360);
#78=STYLED_ITEM('',(#361),#362);
#79=STYLED_ITEM('',(#363),#364);
#80=STYLED_ITEM('',(#365),#366);
#81=STYLED_ITEM('',(#367),#368);
#82=STYLED_ITEM('',(#369),#370);
#83=STYLED_ITEM('',(#371),#372);
#84=STYLED_ITEM('',(#373),#374);
#85=STYLED_ITEM('',(#375),#376);
#86=STYLED_ITEM('',(#377),#378);
#87=STYLED_ITEM('',(#379),#380);
#88=STYLED_ITEM('',(#381),#382);
#89=STYLED_ITEM('',(#383),#384);
#90=STYLED_ITEM('',(#385),#386);
#91=STYLED_ITEM('',(#387),#388);
#92=STYLED_ITEM('',(#389),#390);
#93=STYLED_ITEM('',(#391),#392);
#94=STYLED_ITEM('',(#393),#394);
#95=STYLED_ITEM('',(#395),#396);
#96=STYLED_ITEM('',(#397),#398);
#97=STYLED_ITEM('',(#399),#400);
#98=STYLED_ITEM('',(#401),#402);
#99=STYLED_ITEM('',(#403),#404);
#100=STYLED_ITEM('',(#405),#406);
#101=STYLED_ITEM('',(#407),#408);
#102=STYLED_ITEM('',(#409),#410);
#103=STYLED_ITEM('',(#411),#412);
#104=STYLED_ITEM('',(#413),#414);
#105=STYLED_ITEM('',(#415),#416);
#106=STYLED_ITEM('',(#417),#418);
#107=STYLED_ITEM('',(#419),#420);
#108=STYLED_ITEM('',(#421),#422);
#109=STYLED_ITEM('',(#423),#424);
#110=STYLED_ITEM('',(#425),#426);
#111=STYLED_ITEM('',(#427),#428);
#112=STYLED_ITEM('',(#429),#430);
#113=STYLED_ITEM('',(#431),#432);
#114=STYLED_ITEM('',(#433),#434);
#115=STYLED_ITEM('',(#435),#436);
#116=STYLED_ITEM('',(#437),#438);
#117=STYLED_ITEM('',(#439),#440);
#118=STYLED_ITEM('',(#441),#442);
#119=STYLED_ITEM('',(#443),#444);
#120=STYLED_ITEM('',(#445),#446);
#121=STYLED_ITEM('',(#447),#448);
#122=STYLED_ITEM('',(#449),#450);
#123=STYLED_ITEM('',(#451),#452);
#124=STYLED_ITEM('',(#453),#454);
#125=STYLED_ITEM('',(#455),#456);
#126=STYLED_ITEM('',(#457),#458);
#127=STYLED_ITEM('',(#459),#460);
#128=STYLED_ITEM('',(#461),#462);
#129=STYLED_ITEM('',(#463),#464);
#130=STYLED_ITEM('',(#465),#466);
#131=STYLED_ITEM('',(#467),#468);
#132=STYLED_ITEM('',(#469),#470);
#133=STYLED_ITEM('',(#471),#472);
#134=STYLED_ITEM('',(#473),#474);
#135=STYLED_ITEM('',(#475),#476);
#136=STYLED_ITEM('',(#477),#478);
#137=STYLED_ITEM('',(#479),#480);
#138=STYLED_ITEM('',(#481),#482);
#139=STYLED_ITEM('',(#483),#484);
#140=STYLED_ITEM('',(#485),#486);
#141=STYLED_ITEM('',(#487),#488);
#142=STYLED_ITEM('',(#489),#490);
#143=STYLED_ITEM('',(#491),#492);
#144=STYLED_ITEM('',(#493),#494);
#145=STYLED_ITEM('',(#495),#496);
#146=STYLED_ITEM('',(#497),#498);
#147=STYLED_ITEM('',(#499),#500);
#148=STYLED_ITEM('',(#501),#502);
#149=STYLED_ITEM('',(#503),#504);
#150=STYLED_ITEM('',(#505),#506);
#151=STYLED_ITEM('',(#507),#508);
#152=STYLED_ITEM('',(#509),#510);
#153=STYLED_ITEM('',(#511),#512);
#154=STYLED_ITEM('',(#513),#514);
#155=STYLED_ITEM('',(#515),#516);
#156=STYLED_ITEM('',(#517),#518);
#157=STYLED_ITEM('',(#519),#520);
#158=STYLED_ITEM('',(#521),#522);
#159=STYLED_ITEM('',(#523),#524);
#160=STYLED_ITEM('',(#525),#526);
#161=STYLED_ITEM('',(#527),#528);
#162=STYLED_ITEM('',(#529),#530);
#163=STYLED_ITEM('',(#531),#532);
#164=STYLED_ITEM('',(#533),#534);
#165=STYLED_ITEM('',(#535),#536);
#166=STYLED_ITEM('',(#537),#538);
#167=STYLED_ITEM('',(#539),#540);
#168=STYLED_ITEM('',(#541),#542);
#169=STYLED_ITEM('',(#543),#544);
#170=STYLED_ITEM('',(#545),#546);
#171=STYLED_ITEM('',(#547),#548);
#172=STYLED_ITEM('',(#549),#550);
#173=STYLED_ITEM('',(#551),#552);
#174=STYLED_ITEM('',(#553),#554);
#175=STYLED_ITEM('',(#555),#556);
#176=STYLED_ITEM('',(#557),#558);
#177=STYLED_ITEM('',(#559),#560);
#178=STYLED_ITEM('',(#561),#562);
#179=STYLED_ITEM('',(#563),#564);
#180=STYLED_ITEM('',(#565),#566);
#181=STYLED_ITEM('',(#567),#568);
#182=STYLED_ITEM('',(#569),#570);
#183=STYLED_ITEM('',(#571),#572);
#184=STYLED_ITEM('',(#573),#574);
#185=STYLED_ITEM('',(#575),#576);
#186=STYLED_ITEM('',(#577),#578);
#187=STYLED_ITEM('',(#579),#580);
#188=STYLED_ITEM('',(#581),#582);
#189=STYLED_ITEM('',(#583),#584);
#190=STYLED_ITEM('',(#585),#586);
#191=STYLED_ITEM('',(#587),#588);
#192=STYLED_ITEM('',(#589),#590);
#193=STYLED_ITEM('',(#591),#592);
#194=STYLED_ITEM('',(#593),#594);
#195=STYLED_ITEM('',(#595),#596);
#196=STYLED_ITEM('',(#597),#598);
#197=STYLED_ITEM('',(#599),#600);
#198=STYLED_ITEM('',(#601),#602);
#199=STYLED_ITEM('',(#603),#604);
#200=STYLED_ITEM('',(#605),#606);
#201=STYLED_ITEM('',(#607),#608);
#202=STYLED_ITEM('',(#609),#610);
#203=STYLED_ITEM('',(#611),#612);
#204=STYLED_ITEM('',(#613),#614);
#205=STYLED_ITEM('',(#615),#616);
#206=STYLED_ITEM('',(#617),#618);
#207=STYLED_ITEM('',(#619),#620);
#208=STYLED_ITEM('',(#621),#622);
#209=STYLED_ITEM('',(#623),#624);
#210=STYLED_ITEM('',(#625),#626);
#211=STYLED_ITEM('',(#627),#628);
#212=APPLICATION_CONTEXT('managed model based 3d engineering');
#213=PRODUCT_CATEGORY('part','NONE');
#214=PRODUCT_RELATED_PRODUCT_CATEGORY('detail',' ',(#629));
#215=PRODUCT_DEFINITION_SHAPE('NONE','NONE',#630);
#216=ADVANCED_BREP_SHAPE_REPRESENTATION('1',(#631,#632),#6);
#219=UNCERTAINTY_MEASURE_WITH_UNIT(LENGTH_MEASURE(1.0E-06),#221,'','');
#221= (CONVERSION_BASED_UNIT('MILLIMETRE',#635)LENGTH_UNIT()NAMED_UNIT(#638));
#222= (NAMED_UNIT(#640)PLANE_ANGLE_UNIT()SI_UNIT($,.RADIAN.));
#223= (NAMED_UNIT(#640)SOLID_ANGLE_UNIT()SI_UNIT($,.STERADIAN.));
#225=PRESENTATION_STYLE_ASSIGNMENT((#646));
#226=ADVANCED_FACE('',(#647),#648,.T.);
#227=PRESENTATION_STYLE_ASSIGNMENT((#649));
#228=ADVANCED_FACE('',(#650),#651,.T.);
#229=PRESENTATION_STYLE_ASSIGNMENT((#652));
#230=ADVANCED_FACE('',(#653),#654,.T.);
#231=PRESENTATION_STYLE_ASSIGNMENT((#655));
#232=ADVANCED_FACE('',(#656),#657,.T.);
#233=PRESENTATION_STYLE_ASSIGNMENT((#658));
#234=ADVANCED_FACE('',(#659),#660,.T.);
#235=PRESENTATION_STYLE_ASSIGNMENT((#661));
#236=ADVANCED_FACE('',(#662),#663,.T.);
#237=PRESENTATION_STYLE_ASSIGNMENT((#664));
#238=ADVANCED_FACE('',(#665),#666,.T.);
#239=PRESENTATION_STYLE_ASSIGNMENT((#667));
#240=ADVANCED_FACE('',(#668),#669,.T.);
#241=PRESENTATION_STYLE_ASSIGNMENT((#670));
#242=ADVANCED_FACE('',(#671),#672,.T.);
#243=PRESENTATION_STYLE_ASSIGNMENT((#673));
#244=ADVANCED_FACE('',(#674),#675,.T.);
#245=PRESENTATION_STYLE_ASSIGNMENT((#676));
#246=ADVANCED_FACE('',(#677),#678,.T.);
#247=PRESENTATION_STYLE_ASSIGNMENT((#679));
#248=ADVANCED_FACE('',(#680),#681,.T.);
#249=PRESENTATION_STYLE_ASSIGNMENT((#682));
#250=ADVANCED_FACE('',(#683),#684,.T.);
#251=PRESENTATION_STYLE_ASSIGNMENT((#685));
#252=ADVANCED_FACE('',(#686),#687,.T.);
#253=PRESENTATION_STYLE_ASSIGNMENT((#688));
#254=ADVANCED_FACE('',(#689),#690,.T.);
#255=PRESENTATION_STYLE_ASSIGNMENT((#691));
#256=ADVANCED_FACE('',(#692),#693,.T.);
#257=PRESENTATION_STYLE_ASSIGNMENT((#694));
#258=ADVANCED_FACE('',(#695,#696,#697),#698,.T.);
#259=PRESENTATION_STYLE_ASSIGNMENT((#699));
#260=ADVANCED_FACE('',(#700),#701,.T.);
#261=PRESENTATION_STYLE_ASSIGNMENT((#702));
#262=ADVANCED_FACE('',(#703),#704,.T.);
#263=PRESENTATION_STYLE_ASSIGNMENT((#705));
#264=ADVANCED_FACE('',(#706),#707,.T.);
#265=PRESENTATION_STYLE_ASSIGNMENT((#708));
#266=ADVANCED_FACE('',(#709),#710,.T.);
#267=PRESENTATION_STYLE_ASSIGNMENT((#711));
#268=ADVANCED_FACE('',(#712),#713,.T.);
#269=PRESENTATION_STYLE_ASSIGNMENT((#714));
#270=ADVANCED_FACE('',(#715),#716,.T.);
#271=PRESENTATION_STYLE_ASSIGNMENT((#717));
#272=ADVANCED_FACE('',(#718),#719,.T.);
#273=PRESENTATION_STYLE_ASSIGNMENT((#720));
#274=ADVANCED_FACE('',(#721),#722,.T.);
#275=PRESENTATION_STYLE_ASSIGNMENT((#723));
#276=ADVANCED_FACE('',(#724),#725,.T.);
#277=PRESENTATION_STYLE_ASSIGNMENT((#726));
#278=ADVANCED_FACE('',(#727),#728,.T.);
#279=PRESENTATION_STYLE_ASSIGNMENT((#729));
#280=ADVANCED_FACE('',(#730),#731,.T.);
#281=PRESENTATION_STYLE_ASSIGNMENT((#732));
#282=ADVANCED_FACE('',(#733),#734,.T.);
#283=PRESENTATION_STYLE_ASSIGNMENT((#735));
#284=ADVANCED_FACE('',(#736),#737,.T.);
#285=PRESENTATION_STYLE_ASSIGNMENT((#738));
#286=ADVANCED_FACE('',(#739),#740,.T.);
#287=PRESENTATION_STYLE_ASSIGNMENT((#741));
#288=ADVANCED_FACE('',(#742),#743,.T.);
#289=PRESENTATION_STYLE_ASSIGNMENT((#744));
#290=ADVANCED_FACE('',(#745),#746,.T.);
#291=PRESENTATION_STYLE_ASSIGNMENT((#747));
#292=ADVANCED_FACE('',(#748),#749,.T.);
#293=PRESENTATION_STYLE_ASSIGNMENT((#750));
#294=ADVANCED_FACE('',(#751),#752,.T.);
#295=PRESENTATION_STYLE_ASSIGNMENT((#753));
#296=ADVANCED_FACE('',(#754),#755,.T.);
#297=PRESENTATION_STYLE_ASSIGNMENT((#756));
#298=ADVANCED_FACE('',(#757),#758,.T.);
#299=PRESENTATION_STYLE_ASSIGNMENT((#759));
#300=ADVANCED_FACE('',(#760),#761,.T.);
#301=PRESENTATION_STYLE_ASSIGNMENT((#762));
#302=ADVANCED_FACE('',(#763),#764,.T.);
#303=PRESENTATION_STYLE_ASSIGNMENT((#765));
#304=ADVANCED_FACE('',(#766),#767,.T.);
#305=PRESENTATION_STYLE_ASSIGNMENT((#768));
#306=ADVANCED_FACE('',(#769),#770,.T.);
#307=PRESENTATION_STYLE_ASSIGNMENT((#771));
#308=ADVANCED_FACE('',(#772),#773,.T.);
#309=PRESENTATION_STYLE_ASSIGNMENT((#774));
#310=ADVANCED_FACE('',(#775),#776,.T.);
#311=PRESENTATION_STYLE_ASSIGNMENT((#777));
#312=ADVANCED_FACE('',(#778),#779,.T.);
#313=PRESENTATION_STYLE_ASSIGNMENT((#780));
#314=ADVANCED_FACE('',(#781),#782,.T.);
#315=PRESENTATION_STYLE_ASSIGNMENT((#783));
#316=ADVANCED_FACE('',(#784),#785,.T.);
#317=PRESENTATION_STYLE_ASSIGNMENT((#786));
#318=ADVANCED_FACE('',(#787),#788,.T.);
#319=PRESENTATION_STYLE_ASSIGNMENT((#789));
#320=ADVANCED_FACE('',(#790),#791,.T.);
#321=PRESENTATION_STYLE_ASSIGNMENT((#792));
#322=ADVANCED_FACE('',(#793),#794,.T.);
#323=PRESENTATION_STYLE_ASSIGNMENT((#795));
#324=ADVANCED_FACE('',(#796),#797,.T.);
#325=PRESENTATION_STYLE_ASSIGNMENT((#798));
#326=ADVANCED_FACE('',(#799),#800,.T.);
#327=PRESENTATION_STYLE_ASSIGNMENT((#801));
#328=ADVANCED_FACE('',(#802),#803,.T.);
#329=PRESENTATION_STYLE_ASSIGNMENT((#804));
#330=ADVANCED_FACE('',(#805),#806,.T.);
#331=PRESENTATION_STYLE_ASSIGNMENT((#807));
#332=ADVANCED_FACE('',(#808),#809,.F.);
#333=PRESENTATION_STYLE_ASSIGNMENT((#810));
#334=ADVANCED_FACE('',(#811),#812,.T.);
#335=PRESENTATION_STYLE_ASSIGNMENT((#813));
#336=ADVANCED_FACE('',(#814),#815,.T.);
#337=PRESENTATION_STYLE_ASSIGNMENT((#816));
#338=ADVANCED_FACE('',(#817),#818,.T.);
#339=PRESENTATION_STYLE_ASSIGNMENT((#819));
#340=ADVANCED_FACE('',(#820),#821,.F.);
#341=PRESENTATION_STYLE_ASSIGNMENT((#822));
#342=ADVANCED_FACE('',(#823),#824,.T.);
#343=PRESENTATION_STYLE_ASSIGNMENT((#825));
#344=ADVANCED_FACE('',(#826),#827,.T.);
#345=PRESENTATION_STYLE_ASSIGNMENT((#828));
#346=ADVANCED_FACE('',(#829),#830,.T.);
#347=PRESENTATION_STYLE_ASSIGNMENT((#831));
#348=ADVANCED_FACE('',(#832),#833,.F.);
#349=PRESENTATION_STYLE_ASSIGNMENT((#834));
#350=ADVANCED_FACE('',(#835),#836,.T.);
#351=PRESENTATION_STYLE_ASSIGNMENT((#837));
#352=ADVANCED_FACE('',(#838),#839,.T.);
#353=PRESENTATION_STYLE_ASSIGNMENT((#840));
#354=ADVANCED_FACE('',(#841),#842,.T.);
#355=PRESENTATION_STYLE_ASSIGNMENT((#843));
#356=ADVANCED_FACE('',(#844),#845,.F.);
#357=PRESENTATION_STYLE_ASSIGNMENT((#846));
#358=ADVANCED_FACE('',(#847),#848,.T.);
#359=PRESENTATION_STYLE_ASSIGNMENT((#849));
#360=ADVANCED_FACE('',(#850),#851,.T.);
#361=PRESENTATION_STYLE_ASSIGNMENT((#852));
#362=ADVANCED_FACE('',(#853),#854,.T.);
#363=PRESENTATION_STYLE_ASSIGNMENT((#855));
#364=ADVANCED_FACE('',(#856),#857,.F.);
#365=PRESENTATION_STYLE_ASSIGNMENT((#858));
#366=ADVANCED_FACE('',(#859),#860,.T.);
#367=PRESENTATION_STYLE_ASSIGNMENT((#861));
#368=ADVANCED_FACE('',(#862),#863,.T.);
#369=PRESENTATION_STYLE_ASSIGNMENT((#864));
#370=ADVANCED_FACE('',(#865),#866,.T.);
#371=PRESENTATION_STYLE_ASSIGNMENT((#867));
#372=ADVANCED_FACE('',(#868),#869,.F.);
#373=PRESENTATION_STYLE_ASSIGNMENT((#870));
#374=ADVANCED_FACE('',(#871),#872,.T.);
#375=PRESENTATION_STYLE_ASSIGNMENT((#873));
#376=ADVANCED_FACE('',(#874),#875,.T.);
#377=PRESENTATION_STYLE_ASSIGNMENT((#876));
#378=ADVANCED_FACE('',(#877),#878,.T.);
#379=PRESENTATION_STYLE_ASSIGNMENT((#879));
#380=ADVANCED_FACE('',(#880),#881,.F.);
#381=PRESENTATION_STYLE_ASSIGNMENT((#882));
#382=ADVANCED_FACE('',(#883),#884,.T.);
#383=PRESENTATION_STYLE_ASSIGNMENT((#885));
#384=ADVANCED_FACE('',(#886),#887,.T.);
#385=PRESENTATION_STYLE_ASSIGNMENT((#888));
#386=ADVANCED_FACE('',(#889),#890,.T.);
#387=PRESENTATION_STYLE_ASSIGNMENT((#891));
#388=ADVANCED_FACE('',(#892),#893,.F.);
#389=PRESENTATION_STYLE_ASSIGNMENT((#894));
#390=ADVANCED_FACE('',(#895),#896,.T.);
#391=PRESENTATION_STYLE_ASSIGNMENT((#897));
#392=ADVANCED_FACE('',(#898),#899,.T.);
#393=PRESENTATION_STYLE_ASSIGNMENT((#900));
#394=ADVANCED_FACE('',(#901),#902,.T.);
#395=PRESENTATION_STYLE_ASSIGNMENT((#903));
#396=ADVANCED_FACE('',(#904),#905,.F.);
#397=PRESENTATION_STYLE_ASSIGNMENT((#906));
#398=ADVANCED_FACE('',(#907),#908,.T.);
#399=PRESENTATION_STYLE_ASSIGNMENT((#909));
#400=ADVANCED_FACE('',(#910),#911,.T.);
#401=PRESENTATION_STYLE_ASSIGNMENT((#912));
#402=ADVANCED_FACE('',(#913),#914,.T.);
#403=PRESENTATION_STYLE_ASSIGNMENT((#915));
#404=ADVANCED_FACE('',(#916),#917,.F.);
#405=PRESENTATION_STYLE_ASSIGNMENT((#918));
#406=ADVANCED_FACE('',(#919),#920,.T.);
#407=PRESENTATION_STYLE_ASSIGNMENT((#921));
#408=ADVANCED_FACE('',(#922),#923,.T.);
#409=PRESENTATION_STYLE_ASSIGNMENT((#924));
#410=ADVANCED_FACE('',(#925),#926,.T.);
#411=PRESENTATION_STYLE_ASSIGNMENT((#927));
#412=ADVANCED_FACE('',(#928),#929,.F.);
#413=PRESENTATION_STYLE_ASSIGNMENT((#930));
#414=ADVANCED_FACE('',(#931),#932,.T.);
#415=PRESENTATION_STYLE_ASSIGNMENT((#933));
#416=ADVANCED_FACE('',(#934),#935,.T.);
#417=PRESENTATION_STYLE_ASSIGNMENT((#936));
#418=ADVANCED_FACE('',(#937),#938,.T.);
#419=PRESENTATION_STYLE_ASSIGNMENT((#939));
#420=ADVANCED_FACE('',(#940),#941,.F.);
#421=PRESENTATION_STYLE_ASSIGNMENT((#942));
#422=ADVANCED_FACE('',(#943),#944,.T.);
#423=PRESENTATION_STYLE_ASSIGNMENT((#945));
#424=ADVANCED_FACE('',(#946),#947,.T.);
#425=PRESENTATION_STYLE_ASSIGNMENT((#948));
#426=ADVANCED_FACE('',(#949),#950,.T.);
#427=PRESENTATION_STYLE_ASSIGNMENT((#951));
#428=ADVANCED_FACE('',(#952),#953,.T.);
#429=PRESENTATION_STYLE_ASSIGNMENT((#954));
#430=ADVANCED_FACE('',(#955),#956,.F.);
#431=PRESENTATION_STYLE_ASSIGNMENT((#957));
#432=ADVANCED_FACE('',(#958),#959,.F.);
#433=PRESENTATION_STYLE_ASSIGNMENT((#960));
#434=ADVANCED_FACE('',(#961),#962,.T.);
#435=PRESENTATION_STYLE_ASSIGNMENT((#963));
#436=ADVANCED_FACE('',(#964),#965,.T.);
#437=PRESENTATION_STYLE_ASSIGNMENT((#966));
#438=ADVANCED_FACE('',(#967),#968,.F.);
#439=PRESENTATION_STYLE_ASSIGNMENT((#969));
#440=ADVANCED_FACE('',(#970),#971,.F.);
#441=PRESENTATION_STYLE_ASSIGNMENT((#972));
#442=ADVANCED_FACE('',(#973),#974,.F.);
#443=PRESENTATION_STYLE_ASSIGNMENT((#975));
#444=ADVANCED_FACE('',(#976),#977,.F.);
#445=PRESENTATION_STYLE_ASSIGNMENT((#978));
#446=ADVANCED_FACE('',(#979),#980,.F.);
#447=PRESENTATION_STYLE_ASSIGNMENT((#981));
#448=ADVANCED_FACE('',(#982),#983,.F.);
#449=PRESENTATION_STYLE_ASSIGNMENT((#984));
#450=ADVANCED_FACE('',(#985),#986,.F.);
#451=PRESENTATION_STYLE_ASSIGNMENT((#987));
#452=ADVANCED_FACE('',(#988),#989,.F.);
#453=PRESENTATION_STYLE_ASSIGNMENT((#990));
#454=ADVANCED_FACE('',(#991),#992,.F.);
#455=PRESENTATION_STYLE_ASSIGNMENT((#993));
#456=ADVANCED_FACE('',(#994),#995,.F.);
#457=PRESENTATION_STYLE_ASSIGNMENT((#996));
#458=ADVANCED_FACE('',(#997),#998,.F.);
#459=PRESENTATION_STYLE_ASSIGNMENT((#999));
#460=ADVANCED_FACE('',(#1000,#1001,#1002,#1003,#1004),#1005,.T.);
#461=PRESENTATION_STYLE_ASSIGNMENT((#1006));
#462=ADVANCED_FACE('',(#1007),#1008,.F.);
#463=PRESENTATION_STYLE_ASSIGNMENT((#1009));
#464=ADVANCED_FACE('',(#1010),#1011,.F.);
#465=PRESENTATION_STYLE_ASSIGNMENT((#1012));
#466=ADVANCED_FACE('',(#1013),#1014,.F.);
#467=PRESENTATION_STYLE_ASSIGNMENT((#1015));
#468=ADVANCED_FACE('',(#1016),#1017,.F.);
#469=PRESENTATION_STYLE_ASSIGNMENT((#1018));
#470=ADVANCED_FACE('',(#1019),#1020,.F.);
#471=PRESENTATION_STYLE_ASSIGNMENT((#1021));
#472=ADVANCED_FACE('',(#1022),#1023,.F.);
#473=PRESENTATION_STYLE_ASSIGNMENT((#1024));
#474=ADVANCED_FACE('',(#1025),#1026,.F.);
#475=PRESENTATION_STYLE_ASSIGNMENT((#1027));
#476=ADVANCED_FACE('',(#1028),#1029,.F.);
#477=PRESENTATION_STYLE_ASSIGNMENT((#1030));
#478=ADVANCED_FACE('',(#1031),#1032,.F.);
#479=PRESENTATION_STYLE_ASSIGNMENT((#1033));
#480=ADVANCED_FACE('',(#1034),#1035,.F.);
#481=PRESENTATION_STYLE_ASSIGNMENT((#1036));
#482=ADVANCED_FACE('',(#1037),#1038,.F.);
#483=PRESENTATION_STYLE_ASSIGNMENT((#1039));
#484=ADVANCED_FACE('',(#1040),#1041,.F.);
#485=PRESENTATION_STYLE_ASSIGNMENT((#1042));
#486=ADVANCED_FACE('',(#1043),#1044,.F.);
#487=PRESENTATION_STYLE_ASSIGNMENT((#1045));
#488=ADVANCED_FACE('',(#1046),#1047,.F.);
#489=PRESENTATION_STYLE_ASSIGNMENT((#1048));
#490=ADVANCED_FACE('',(#1049),#1050,.F.);
#491=PRESENTATION_STYLE_ASSIGNMENT((#1051));
#492=ADVANCED_FACE('',(#1052),#1053,.F.);
#493=PRESENTATION_STYLE_ASSIGNMENT((#1054));
#494=ADVANCED_FACE('',(#1055),#1056,.F.);
#495=PRESENTATION_STYLE_ASSIGNMENT((#1057));
#496=ADVANCED_FACE('',(#1058),#1059,.F.);
#497=PRESENTATION_STYLE_ASSIGNMENT((#1060));
#498=ADVANCED_FACE('',(#1061),#1062,.F.);
#499=PRESENTATION_STYLE_ASSIGNMENT((#1063));
#500=ADVANCED_FACE('',(#1064),#1065,.F.);
#501=PRESENTATION_STYLE_ASSIGNMENT((#1066));
#502=ADVANCED_FACE('',(#1067),#1068,.F.);
#503=PRESENTATION_STYLE_ASSIGNMENT((#1069));
#504=ADVANCED_FACE('',(#1070),#1071,.F.);
#505=PRESENTATION_STYLE_ASSIGNMENT((#1072));
#506=ADVANCED_FACE('',(#1073),#1074,.F.);
#507=PRESENTATION_STYLE_ASSIGNMENT((#1075));
#508=ADVANCED_FACE('',(#1076),#1077,.T.);
#509=PRESENTATION_STYLE_ASSIGNMENT((#1078));
#510=ADVANCED_FACE('',(#1079),#1080,.T.);
#511=PRESENTATION_STYLE_ASSIGNMENT((#1081));
#512=ADVANCED_FACE('',(#1082),#1083,.T.);
#513=PRESENTATION_STYLE_ASSIGNMENT((#1084));
#514=ADVANCED_FACE('',(#1085),#1086,.T.);
#515=PRESENTATION_STYLE_ASSIGNMENT((#1087));
#516=ADVANCED_FACE('',(#1088),#1089,.F.);
#517=PRESENTATION_STYLE_ASSIGNMENT((#1090));
#518=ADVANCED_FACE('',(#1091),#1092,.T.);
#519=PRESENTATION_STYLE_ASSIGNMENT((#1093));
#520=ADVANCED_FACE('',(#1094),#1095,.T.);
#521=PRESENTATION_STYLE_ASSIGNMENT((#1096));
#522=ADVANCED_FACE('',(#1097),#1098,.T.);
#523=PRESENTATION_STYLE_ASSIGNMENT((#1099));
#524=ADVANCED_FACE('',(#1100),#1101,.T.);
#525=PRESENTATION_STYLE_ASSIGNMENT((#1102));
#526=ADVANCED_FACE('',(#1103),#1104,.T.);
#527=PRESENTATION_STYLE_ASSIGNMENT((#1105));
#528=ADVANCED_FACE('',(#1106),#1107,.T.);
#529=PRESENTATION_STYLE_ASSIGNMENT((#1108));
#530=ADVANCED_FACE('',(#1109),#1110,.F.);
#531=PRESENTATION_STYLE_ASSIGNMENT((#1111));
#532=ADVANCED_FACE('',(#1112),#1113,.F.);
#533=PRESENTATION_STYLE_ASSIGNMENT((#1114));
#534=ADVANCED_FACE('',(#1115),#1116,.F.);
#535=PRESENTATION_STYLE_ASSIGNMENT((#1117));
#536=ADVANCED_FACE('',(#1118),#1119,.F.);
#537=PRESENTATION_STYLE_ASSIGNMENT((#1120));
#538=ADVANCED_FACE('',(#1121,#1122),#1123,.T.);
#539=PRESENTATION_STYLE_ASSIGNMENT((#1124));
#540=ADVANCED_FACE('',(#1125),#1126,.T.);
#541=PRESENTATION_STYLE_ASSIGNMENT((#1127));
#542=ADVANCED_FACE('',(#1128),#1129,.F.);
#543=PRESENTATION_STYLE_ASSIGNMENT((#1130));
#544=ADVANCED_FACE('',(#1131),#1132,.F.);
#545=PRESENTATION_STYLE_ASSIGNMENT((#1133));
#546=ADVANCED_FACE('',(#1134),#1135,.F.);
#547=PRESENTATION_STYLE_ASSIGNMENT((#1136));
#548=ADVANCED_FACE('',(#1137),#1138,.T.);
#549=PRESENTATION_STYLE_ASSIGNMENT((#1139));
#550=ADVANCED_FACE('',(#1140),#1141,.F.);
#551=PRESENTATION_STYLE_ASSIGNMENT((#1142));
#552=ADVANCED_FACE('',(#1143),#1144,.F.);
#553=PRESENTATION_STYLE_ASSIGNMENT((#1145));
#554=ADVANCED_FACE('',(#1146),#1147,.F.);
#555=PRESENTATION_STYLE_ASSIGNMENT((#1148));
#556=ADVANCED_FACE('',(#1149),#1150,.F.);
#557=PRESENTATION_STYLE_ASSIGNMENT((#1151));
#558=ADVANCED_FACE('',(#1152),#1153,.T.);
#559=PRESENTATION_STYLE_ASSIGNMENT((#1154));
#560=ADVANCED_FACE('',(#1155),#1156,.T.);
#561=PRESENTATION_STYLE_ASSIGNMENT((#1157));
#562=ADVANCED_FACE('',(#1158),#1159,.T.);
#563=PRESENTATION_STYLE_ASSIGNMENT((#1160));
#564=ADVANCED_FACE('',(#1161),#1162,.T.);
#565=PRESENTATION_STYLE_ASSIGNMENT((#1163));
#566=ADVANCED_FACE('',(#1164),#1165,.F.);
#567=PRESENTATION_STYLE_ASSIGNMENT((#1166));
#568=ADVANCED_FACE('',(#1167),#1168,.T.);
#569=PRESENTATION_STYLE_ASSIGNMENT((#1169));
#570=ADVANCED_FACE('',(#1170),#1171,.T.);
#571=PRESENTATION_STYLE_ASSIGNMENT((#1172));
#572=ADVANCED_FACE('',(#1173),#1174,.F.);
#573=PRESENTATION_STYLE_ASSIGNMENT((#1175));
#574=ADVANCED_FACE('',(#1176),#1177,.F.);
#575=PRESENTATION_STYLE_ASSIGNMENT((#1178));
#576=ADVANCED_FACE('',(#1179),#1180,.F.);
#577=PRESENTATION_STYLE_ASSIGNMENT((#1181));
#578=ADVANCED_FACE('',(#1182),#1183,.T.);
#579=PRESENTATION_STYLE_ASSIGNMENT((#1184));
#580=ADVANCED_FACE('',(#1185),#1186,.T.);
#581=PRESENTATION_STYLE_ASSIGNMENT((#1187));
#582=ADVANCED_FACE('',(#1188),#1189,.T.);
#583=PRESENTATION_STYLE_ASSIGNMENT((#1190));
#584=ADVANCED_FACE('',(#1191),#1192,.T.);
#585=PRESENTATION_STYLE_ASSIGNMENT((#1193));
#586=ADVANCED_FACE('',(#1194),#1195,.T.);
#587=PRESENTATION_STYLE_ASSIGNMENT((#1196));
#588=ADVANCED_FACE('',(#1197),#1198,.T.);
#589=PRESENTATION_STYLE_ASSIGNMENT((#1199));
#590=ADVANCED_FACE('',(#1200),#1201,.F.);
#591=PRESENTATION_STYLE_ASSIGNMENT((#1202));
#592=ADVANCED_FACE('',(#1203),#1204,.F.);
#593=PRESENTATION_STYLE_ASSIGNMENT((#1205));
#594=ADVANCED_FACE('',(#1206),#1207,.F.);
#595=PRESENTATION_STYLE_ASSIGNMENT((#1208));
#596=ADVANCED_FACE('',(#1209),#1210,.F.);
#597=PRESENTATION_STYLE_ASSIGNMENT((#1211));
#598=ADVANCED_FACE('',(#1212),#1213,.F.);
#599=PRESENTATION_STYLE_ASSIGNMENT((#1214));
#600=ADVANCED_FACE('',(#1215),#1216,.F.);
#601=PRESENTATION_STYLE_ASSIGNMENT((#1217));
#602=ADVANCED_FACE('',(#1218),#1219,.F.);
#603=PRESENTATION_STYLE_ASSIGNMENT((#1220));
#604=ADVANCED_FACE('',(#1221),#1222,.T.);
#605=PRESENTATION_STYLE_ASSIGNMENT((#1223));
#606=ADVANCED_FACE('',(#1224),#1225,.F.);
#607=PRESENTATION_STYLE_ASSIGNMENT((#1226));
#608=ADVANCED_FACE('',(#1227),#1228,.F.);
#609=PRESENTATION_STYLE_ASSIGNMENT((#1229));
#610=ADVANCED_FACE('',(#1230),#1231,.F.);
#611=PRESENTATION_STYLE_ASSIGNMENT((#1232));
#612=ADVANCED_FACE('',(#1233),#1234,.F.);
#613=PRESENTATION_STYLE_ASSIGNMENT((#1235));
#614=ADVANCED_FACE('',(#1236),#1237,.T.);
#615=PRESENTATION_STYLE_ASSIGNMENT((#1238));
#616=ADVANCED_FACE('',(#1239),#1240,.T.);
#617=PRESENTATION_STYLE_ASSIGNMENT((#1241));
#618=ADVANCED_FACE('',(#1242),#1243,.T.);
#619=PRESENTATION_STYLE_ASSIGNMENT((#1244));
#620=ADVANCED_FACE('',(#1245),#1246,.T.);
#621=PRESENTATION_STYLE_ASSIGNMENT((#1247));
#622=ADVANCED_FACE('',(#1248),#1249,.T.);
#623=PRESENTATION_STYLE_ASSIGNMENT((#1250));
#624=ADVANCED_FACE('',(#1251),#1252,.T.);
#625=PRESENTATION_STYLE_ASSIGNMENT((#1253));
#626=ADVANCED_FACE('',(#1254),#1255,.T.);
#627=PRESENTATION_STYLE_ASSIGNMENT((#1256));
#628=ADVANCED_FACE('',(#1257),#1258,.T.);
#629=PRODUCT('1','','PART--DESC',(#1259));
#630=PRODUCT_DEFINITION('','NONE',#1260,#2);
#631=MANIFOLD_SOLID_BREP('1',#1261);
#632=AXIS2_PLACEMENT_3D('',#1262,#1263,#1264);
#635=LENGTH_MEASURE_WITH_UNIT(LENGTH_MEASURE(1.0),#1265);
#638=DIMENSIONAL_EXPONENTS(1.0,0.0,0.0,0.0,0.0,0.0,0.0);
#640=DIMENSIONAL_EXPONENTS(0.0,0.0,0.0,0.0,0.0,0.0,0.0);
#646=SURFACE_STYLE_USAGE(.BOTH.,#1266);
#647=FACE_OUTER_BOUND('',#1267,.T.);
#648=CONICAL_SURFACE('',#1268,0.275,0.785398163397448);
#649=SURFACE_STYLE_USAGE(.BOTH.,#1269);
#650=FACE_OUTER_BOUND('',#1270,.T.);
#651=CYLINDRICAL_SURFACE('',#1271,0.35);
#652=SURFACE_STYLE_USAGE(.BOTH.,#1272);
#653=FACE_OUTER_BOUND('',#1273,.T.);
#654=CONICAL_SURFACE('',#1274,0.275,0.785398163397448);
#655=SURFACE_STYLE_USAGE(.BOTH.,#1275);
#656=FACE_OUTER_BOUND('',#1276,.T.);
#657=CYLINDRICAL_SURFACE('',#1277,0.35);
#658=SURFACE_STYLE_USAGE(.BOTH.,#1278);
#659=FACE_OUTER_BOUND('',#1279,.T.);
#660=PLANE('',#1280);
#661=SURFACE_STYLE_USAGE(.BOTH.,#1281);
#662=FACE_OUTER_BOUND('',#1282,.T.);
#663=CYLINDRICAL_SURFACE('',#1283,0.55);
#664=SURFACE_STYLE_USAGE(.BOTH.,#1284);
#665=FACE_OUTER_BOUND('',#1285,.T.);
#666=PLANE('',#1286);
#667=SURFACE_STYLE_USAGE(.BOTH.,#1287);
#668=FACE_OUTER_BOUND('',#1288,.T.);
#669=PLANE('',#1289);
#670=SURFACE_STYLE_USAGE(.BOTH.,#1290);
#671=FACE_OUTER_BOUND('',#1291,.T.);
#672=CYLINDRICAL_SURFACE('',#1292,0.0499961747729044);
#673=SURFACE_STYLE_USAGE(.BOTH.,#1293);
#674=FACE_OUTER_BOUND('',#1294,.T.);
#675=PLANE('',#1295);
#676=SURFACE_STYLE_USAGE(.BOTH.,#1296);
#677=FACE_OUTER_BOUND('',#1297,.T.);
#678=CYLINDRICAL_SURFACE('',#1298,0.0499961747728573);
#679=SURFACE_STYLE_USAGE(.BOTH.,#1299);
#680=FACE_OUTER_BOUND('',#1300,.T.);
#681=PLANE('',#1301);
#682=SURFACE_STYLE_USAGE(.BOTH.,#1302);
#683=FACE_OUTER_BOUND('',#1303,.T.);
#684=PLANE('',#1304);
#685=SURFACE_STYLE_USAGE(.BOTH.,#1305);
#686=FACE_OUTER_BOUND('',#1306,.T.);
#687=PLANE('',#1307);
#688=SURFACE_STYLE_USAGE(.BOTH.,#1308);
#689=FACE_OUTER_BOUND('',#1309,.T.);
#690=PLANE('',#1310);
#691=SURFACE_STYLE_USAGE(.BOTH.,#1311);
#692=FACE_OUTER_BOUND('',#1312,.T.);
#693=PLANE('',#1313);
#694=SURFACE_STYLE_USAGE(.BOTH.,#1314);
#695=FACE_BOUND('',#1315,.T.);
#696=FACE_BOUND('',#1316,.T.);
#697=FACE_OUTER_BOUND('',#1317,.T.);
#698=PLANE('',#1318);
#699=SURFACE_STYLE_USAGE(.BOTH.,#1319);
#700=FACE_OUTER_BOUND('',#1320,.T.);
#701=PLANE('',#1321);
#702=SURFACE_STYLE_USAGE(.BOTH.,#1322);
#703=FACE_OUTER_BOUND('',#1323,.T.);
#704=CYLINDRICAL_SURFACE('',#1324,0.55);
#705=SURFACE_STYLE_USAGE(.BOTH.,#1325);
#706=FACE_OUTER_BOUND('',#1326,.T.);
#707=PLANE('',#1327);
#708=SURFACE_STYLE_USAGE(.BOTH.,#1328);
#709=FACE_OUTER_BOUND('',#1329,.T.);
#710=PLANE('',#1330);
#711=SURFACE_STYLE_USAGE(.BOTH.,#1331);
#712=FACE_OUTER_BOUND('',#1332,.T.);
#713=CYLINDRICAL_SURFACE('',#1333,0.0499961747729044);
#714=SURFACE_STYLE_USAGE(.BOTH.,#1334);
#715=FACE_OUTER_BOUND('',#1335,.T.);
#716=PLANE('',#1336);
#717=SURFACE_STYLE_USAGE(.BOTH.,#1337);
#718=FACE_OUTER_BOUND('',#1338,.T.);
#719=CYLINDRICAL_SURFACE('',#1339,0.0499961747728573);
#720=SURFACE_STYLE_USAGE(.BOTH.,#1340);
#721=FACE_OUTER_BOUND('',#1341,.T.);
#722=PLANE('',#1342);
#723=SURFACE_STYLE_USAGE(.BOTH.,#1343);
#724=FACE_OUTER_BOUND('',#1344,.T.);
#725=PLANE('',#1345);
#726=SURFACE_STYLE_USAGE(.BOTH.,#1346);
#727=FACE_OUTER_BOUND('',#1347,.T.);
#728=PLANE('',#1348);
#729=SURFACE_STYLE_USAGE(.BOTH.,#1349);
#730=FACE_OUTER_BOUND('',#1350,.T.);
#731=PLANE('',#1351);
#732=SURFACE_STYLE_USAGE(.BOTH.,#1352);
#733=FACE_OUTER_BOUND('',#1353,.T.);
#734=PLANE('',#1354);
#735=SURFACE_STYLE_USAGE(.BOTH.,#1355);
#736=FACE_OUTER_BOUND('',#1356,.T.);
#737=PLANE('',#1357);
#738=SURFACE_STYLE_USAGE(.BOTH.,#1358);
#739=FACE_OUTER_BOUND('',#1359,.T.);
#740=CYLINDRICAL_SURFACE('',#1360,0.55);
#741=SURFACE_STYLE_USAGE(.BOTH.,#1361);
#742=FACE_OUTER_BOUND('',#1362,.T.);
#743=PLANE('',#1363);
#744=SURFACE_STYLE_USAGE(.BOTH.,#1364);
#745=FACE_OUTER_BOUND('',#1365,.T.);
#746=PLANE('',#1366);
#747=SURFACE_STYLE_USAGE(.BOTH.,#1367);
#748=FACE_OUTER_BOUND('',#1368,.T.);
#749=CYLINDRICAL_SURFACE('',#1369,0.0499961747729044);
#750=SURFACE_STYLE_USAGE(.BOTH.,#1370);
#751=FACE_OUTER_BOUND('',#1371,.T.);
#752=PLANE('',#1372);
#753=SURFACE_STYLE_USAGE(.BOTH.,#1373);
#754=FACE_OUTER_BOUND('',#1374,.T.);
#755=CYLINDRICAL_SURFACE('',#1375,0.0499961747728573);
#756=SURFACE_STYLE_USAGE(.BOTH.,#1376);
#757=FACE_OUTER_BOUND('',#1377,.T.);
#758=PLANE('',#1378);
#759=SURFACE_STYLE_USAGE(.BOTH.,#1379);
#760=FACE_OUTER_BOUND('',#1380,.T.);
#761=PLANE('',#1381);
#762=SURFACE_STYLE_USAGE(.BOTH.,#1382);
#763=FACE_OUTER_BOUND('',#1383,.T.);
#764=PLANE('',#1384);
#765=SURFACE_STYLE_USAGE(.BOTH.,#1385);
#766=FACE_OUTER_BOUND('',#1386,.T.);
#767=PLANE('',#1387);
#768=SURFACE_STYLE_USAGE(.BOTH.,#1388);
#769=FACE_OUTER_BOUND('',#1389,.T.);
#770=PLANE('',#1390);
#771=SURFACE_STYLE_USAGE(.BOTH.,#1391);
#772=FACE_OUTER_BOUND('',#1392,.T.);
#773=PLANE('',#1393);
#774=SURFACE_STYLE_USAGE(.BOTH.,#1394);
#775=FACE_OUTER_BOUND('',#1395,.T.);
#776=CYLINDRICAL_SURFACE('',#1396,0.55);
#777=SURFACE_STYLE_USAGE(.BOTH.,#1397);
#778=FACE_OUTER_BOUND('',#1398,.T.);
#779=PLANE('',#1399);
#780=SURFACE_STYLE_USAGE(.BOTH.,#1400);
#781=FACE_OUTER_BOUND('',#1401,.T.);
#782=PLANE('',#1402);
#783=SURFACE_STYLE_USAGE(.BOTH.,#1403);
#784=FACE_OUTER_BOUND('',#1404,.T.);
#785=CYLINDRICAL_SURFACE('',#1405,0.0499961747729044);
#786=SURFACE_STYLE_USAGE(.BOTH.,#1406);
#787=FACE_OUTER_BOUND('',#1407,.T.);
#788=PLANE('',#1408);
#789=SURFACE_STYLE_USAGE(.BOTH.,#1409);
#790=FACE_OUTER_BOUND('',#1410,.T.);
#791=CYLINDRICAL_SURFACE('',#1411,0.0499961747728573);
#792=SURFACE_STYLE_USAGE(.BOTH.,#1412);
#793=FACE_OUTER_BOUND('',#1413,.T.);
#794=PLANE('',#1414);
#795=SURFACE_STYLE_USAGE(.BOTH.,#1415);
#796=FACE_OUTER_BOUND('',#1416,.T.);
#797=PLANE('',#1417);
#798=SURFACE_STYLE_USAGE(.BOTH.,#1418);
#799=FACE_OUTER_BOUND('',#1419,.T.);
#800=PLANE('',#1420);
#801=SURFACE_STYLE_USAGE(.BOTH.,#1421);
#802=FACE_OUTER_BOUND('',#1422,.T.);
#803=PLANE('',#1423);
#804=SURFACE_STYLE_USAGE(.BOTH.,#1424);
#805=FACE_OUTER_BOUND('',#1425,.T.);
#806=PLANE('',#1426);
#807=SURFACE_STYLE_USAGE(.BOTH.,#1427);
#808=FACE_OUTER_BOUND('',#1428,.T.);
#809=PLANE('',#1429);
#810=SURFACE_STYLE_USAGE(.BOTH.,#1430);
#811=FACE_OUTER_BOUND('',#1431,.T.);
#812=PLANE('',#1432);
#813=SURFACE_STYLE_USAGE(.BOTH.,#1433);
#814=FACE_OUTER_BOUND('',#1434,.T.);
#815=CYLINDRICAL_SURFACE('',#1435,0.2);
#816=SURFACE_STYLE_USAGE(.BOTH.,#1436);
#817=FACE_OUTER_BOUND('',#1437,.T.);
#818=PLANE('',#1438);
#819=SURFACE_STYLE_USAGE(.BOTH.,#1439);
#820=FACE_OUTER_BOUND('',#1440,.T.);
#821=CYLINDRICAL_SURFACE('',#1441,0.0999999999999957);
#822=SURFACE_STYLE_USAGE(.BOTH.,#1442);
#823=FACE_OUTER_BOUND('',#1443,.T.);
#824=PLANE('',#1444);
#825=SURFACE_STYLE_USAGE(.BOTH.,#1445);
#826=FACE_OUTER_BOUND('',#1446,.T.);
#827=PLANE('',#1447);
#828=SURFACE_STYLE_USAGE(.BOTH.,#1448);
#829=FACE_OUTER_BOUND('',#1449,.T.);
#830=PLANE('',#1450);
#831=SURFACE_STYLE_USAGE(.BOTH.,#1451);
#832=FACE_OUTER_BOUND('',#1452,.T.);
#833=CYLINDRICAL_SURFACE('',#1453,0.100000000000001);
#834=SURFACE_STYLE_USAGE(.BOTH.,#1454);
#835=FACE_OUTER_BOUND('',#1455,.T.);
#836=PLANE('',#1456);
#837=SURFACE_STYLE_USAGE(.BOTH.,#1457);
#838=FACE_OUTER_BOUND('',#1458,.T.);
#839=PLANE('',#1459);
#840=SURFACE_STYLE_USAGE(.BOTH.,#1460);
#841=FACE_OUTER_BOUND('',#1461,.T.);
#842=PLANE('',#1462);
#843=SURFACE_STYLE_USAGE(.BOTH.,#1463);
#844=FACE_OUTER_BOUND('',#1464,.T.);
#845=PLANE('',#1465);
#846=SURFACE_STYLE_USAGE(.BOTH.,#1466);
#847=FACE_OUTER_BOUND('',#1467,.T.);
#848=PLANE('',#1468);
#849=SURFACE_STYLE_USAGE(.BOTH.,#1469);
#850=FACE_OUTER_BOUND('',#1470,.T.);
#851=CYLINDRICAL_SURFACE('',#1471,0.2);
#852=SURFACE_STYLE_USAGE(.BOTH.,#1472);
#853=FACE_OUTER_BOUND('',#1473,.T.);
#854=PLANE('',#1474);
#855=SURFACE_STYLE_USAGE(.BOTH.,#1475);
#856=FACE_OUTER_BOUND('',#1476,.T.);
#857=CYLINDRICAL_SURFACE('',#1477,0.0999999999999957);
#858=SURFACE_STYLE_USAGE(.BOTH.,#1478);
#859=FACE_OUTER_BOUND('',#1479,.T.);
#860=PLANE('',#1480);
#861=SURFACE_STYLE_USAGE(.BOTH.,#1481);
#862=FACE_OUTER_BOUND('',#1482,.T.);
#863=PLANE('',#1483);
#864=SURFACE_STYLE_USAGE(.BOTH.,#1484);
#865=FACE_OUTER_BOUND('',#1485,.T.);
#866=PLANE('',#1486);
#867=SURFACE_STYLE_USAGE(.BOTH.,#1487);
#868=FACE_OUTER_BOUND('',#1488,.T.);
#869=CYLINDRICAL_SURFACE('',#1489,0.100000000000001);
#870=SURFACE_STYLE_USAGE(.BOTH.,#1490);
#871=FACE_OUTER_BOUND('',#1491,.T.);
#872=PLANE('',#1492);
#873=SURFACE_STYLE_USAGE(.BOTH.,#1493);
#874=FACE_OUTER_BOUND('',#1494,.T.);
#875=PLANE('',#1495);
#876=SURFACE_STYLE_USAGE(.BOTH.,#1496);
#877=FACE_OUTER_BOUND('',#1497,.T.);
#878=PLANE('',#1498);
#879=SURFACE_STYLE_USAGE(.BOTH.,#1499);
#880=FACE_OUTER_BOUND('',#1500,.T.);
#881=PLANE('',#1501);
#882=SURFACE_STYLE_USAGE(.BOTH.,#1502);
#883=FACE_OUTER_BOUND('',#1503,.T.);
#884=PLANE('',#1504);
#885=SURFACE_STYLE_USAGE(.BOTH.,#1505);
#886=FACE_OUTER_BOUND('',#1506,.T.);
#887=CYLINDRICAL_SURFACE('',#1507,0.2);
#888=SURFACE_STYLE_USAGE(.BOTH.,#1508);
#889=FACE_OUTER_BOUND('',#1509,.T.);
#890=PLANE('',#1510);
#891=SURFACE_STYLE_USAGE(.BOTH.,#1511);
#892=FACE_OUTER_BOUND('',#1512,.T.);
#893=CYLINDRICAL_SURFACE('',#1513,0.0999999999999957);
#894=SURFACE_STYLE_USAGE(.BOTH.,#1514);
#895=FACE_OUTER_BOUND('',#1515,.T.);
#896=PLANE('',#1516);
#897=SURFACE_STYLE_USAGE(.BOTH.,#1517);
#898=FACE_OUTER_BOUND('',#1518,.T.);
#899=PLANE('',#1519);
#900=SURFACE_STYLE_USAGE(.BOTH.,#1520);
#901=FACE_OUTER_BOUND('',#1521,.T.);
#902=PLANE('',#1522);
#903=SURFACE_STYLE_USAGE(.BOTH.,#1523);
#904=FACE_OUTER_BOUND('',#1524,.T.);
#905=CYLINDRICAL_SURFACE('',#1525,0.100000000000001);
#906=SURFACE_STYLE_USAGE(.BOTH.,#1526);
#907=FACE_OUTER_BOUND('',#1527,.T.);
#908=PLANE('',#1528);
#909=SURFACE_STYLE_USAGE(.BOTH.,#1529);
#910=FACE_OUTER_BOUND('',#1530,.T.);
#911=PLANE('',#1531);
#912=SURFACE_STYLE_USAGE(.BOTH.,#1532);
#913=FACE_OUTER_BOUND('',#1533,.T.);
#914=PLANE('',#1534);
#915=SURFACE_STYLE_USAGE(.BOTH.,#1535);
#916=FACE_OUTER_BOUND('',#1536,.T.);
#917=PLANE('',#1537);
#918=SURFACE_STYLE_USAGE(.BOTH.,#1538);
#919=FACE_OUTER_BOUND('',#1539,.T.);
#920=PLANE('',#1540);
#921=SURFACE_STYLE_USAGE(.BOTH.,#1541);
#922=FACE_OUTER_BOUND('',#1542,.T.);
#923=CYLINDRICAL_SURFACE('',#1543,0.2);
#924=SURFACE_STYLE_USAGE(.BOTH.,#1544);
#925=FACE_OUTER_BOUND('',#1545,.T.);
#926=PLANE('',#1546);
#927=SURFACE_STYLE_USAGE(.BOTH.,#1547);
#928=FACE_OUTER_BOUND('',#1548,.T.);
#929=CYLINDRICAL_SURFACE('',#1549,0.0999999999999957);
#930=SURFACE_STYLE_USAGE(.BOTH.,#1550);
#931=FACE_OUTER_BOUND('',#1551,.T.);
#932=PLANE('',#1552);
#933=SURFACE_STYLE_USAGE(.BOTH.,#1553);
#934=FACE_OUTER_BOUND('',#1554,.T.);
#935=PLANE('',#1555);
#936=SURFACE_STYLE_USAGE(.BOTH.,#1556);
#937=FACE_OUTER_BOUND('',#1557,.T.);
#938=PLANE('',#1558);
#939=SURFACE_STYLE_USAGE(.BOTH.,#1559);
#940=FACE_OUTER_BOUND('',#1560,.T.);
#941=CYLINDRICAL_SURFACE('',#1561,0.100000000000001);
#942=SURFACE_STYLE_USAGE(.BOTH.,#1562);
#943=FACE_OUTER_BOUND('',#1563,.T.);
#944=PLANE('',#1564);
#945=SURFACE_STYLE_USAGE(.BOTH.,#1565);
#946=FACE_OUTER_BOUND('',#1566,.T.);
#947=PLANE('',#1567);
#948=SURFACE_STYLE_USAGE(.BOTH.,#1568);
#949=FACE_OUTER_BOUND('',#1569,.T.);
#950=PLANE('',#1570);
#951=SURFACE_STYLE_USAGE(.BOTH.,#1571);
#952=FACE_OUTER_BOUND('',#1572,.T.);
#953=PLANE('',#1573);
#954=SURFACE_STYLE_USAGE(.BOTH.,#1574);
#955=FACE_OUTER_BOUND('',#1575,.T.);
#956=PLANE('',#1576);
#957=SURFACE_STYLE_USAGE(.BOTH.,#1577);
#958=FACE_OUTER_BOUND('',#1578,.T.);
#959=PLANE('',#1579);
#960=SURFACE_STYLE_USAGE(.BOTH.,#1580);
#961=FACE_OUTER_BOUND('',#1581,.T.);
#962=PLANE('',#1582);
#963=SURFACE_STYLE_USAGE(.BOTH.,#1583);
#964=FACE_OUTER_BOUND('',#1584,.T.);
#965=PLANE('',#1585);
#966=SURFACE_STYLE_USAGE(.BOTH.,#1586);
#967=FACE_OUTER_BOUND('',#1587,.T.);
#968=PLANE('',#1588);
#969=SURFACE_STYLE_USAGE(.BOTH.,#1589);
#970=FACE_OUTER_BOUND('',#1590,.T.);
#971=PLANE('',#1591);
#972=SURFACE_STYLE_USAGE(.BOTH.,#1592);
#973=FACE_OUTER_BOUND('',#1593,.T.);
#974=PLANE('',#1594);
#975=SURFACE_STYLE_USAGE(.BOTH.,#1595);
#976=FACE_OUTER_BOUND('',#1596,.T.);
#977=PLANE('',#1597);
#978=SURFACE_STYLE_USAGE(.BOTH.,#1598);
#979=FACE_OUTER_BOUND('',#1599,.T.);
#980=PLANE('',#1600);
#981=SURFACE_STYLE_USAGE(.BOTH.,#1601);
#982=FACE_OUTER_BOUND('',#1602,.T.);
#983=PLANE('',#1603);
#984=SURFACE_STYLE_USAGE(.BOTH.,#1604);
#985=FACE_OUTER_BOUND('',#1605,.T.);
#986=PLANE('',#1606);
#987=SURFACE_STYLE_USAGE(.BOTH.,#1607);
#988=FACE_OUTER_BOUND('',#1608,.T.);
#989=PLANE('',#1609);
#990=SURFACE_STYLE_USAGE(.BOTH.,#1610);
#991=FACE_OUTER_BOUND('',#1611,.T.);
#992=PLANE('',#1612);
#993=SURFACE_STYLE_USAGE(.BOTH.,#1613);
#994=FACE_OUTER_BOUND('',#1614,.T.);
#995=PLANE('',#1615);
#996=SURFACE_STYLE_USAGE(.BOTH.,#1616);
#997=FACE_OUTER_BOUND('',#1617,.T.);
#998=PLANE('',#1618);
#999=SURFACE_STYLE_USAGE(.BOTH.,#1619);
#1000=FACE_BOUND('',#1620,.T.);
#1001=FACE_BOUND('',#1621,.T.);
#1002=FACE_BOUND('',#1622,.T.);
#1003=FACE_BOUND('',#1623,.T.);
#1004=FACE_OUTER_BOUND('',#1624,.T.);
#1005=PLANE('',#1625);
#1006=SURFACE_STYLE_USAGE(.BOTH.,#1626);
#1007=FACE_OUTER_BOUND('',#1627,.T.);
#1008=PLANE('',#1628);
#1009=SURFACE_STYLE_USAGE(.BOTH.,#1629);
#1010=FACE_OUTER_BOUND('',#1630,.T.);
#1011=PLANE('',#1631);
#1012=SURFACE_STYLE_USAGE(.BOTH.,#1632);
#1013=FACE_OUTER_BOUND('',#1633,.T.);
#1014=PLANE('',#1634);
#1015=SURFACE_STYLE_USAGE(.BOTH.,#1635);
#1016=FACE_OUTER_BOUND('',#1636,.T.);
#1017=PLANE('',#1637);
#1018=SURFACE_STYLE_USAGE(.BOTH.,#1638);
#1019=FACE_OUTER_BOUND('',#1639,.T.);
#1020=PLANE('',#1640);
#1021=SURFACE_STYLE_USAGE(.BOTH.,#1641);
#1022=FACE_OUTER_BOUND('',#1642,.T.);
#1023=PLANE('',#1643);
#1024=SURFACE_STYLE_USAGE(.BOTH.,#1644);
#1025=FACE_OUTER_BOUND('',#1645,.T.);
#1026=PLANE('',#1646);
#1027=SURFACE_STYLE_USAGE(.BOTH.,#1647);
#1028=FACE_OUTER_BOUND('',#1648,.T.);
#1029=PLANE('',#1649);
#1030=SURFACE_STYLE_USAGE(.BOTH.,#1650);
#1031=FACE_OUTER_BOUND('',#1651,.T.);
#1032=PLANE('',#1652);
#1033=SURFACE_STYLE_USAGE(.BOTH.,#1653);
#1034=FACE_OUTER_BOUND('',#1654,.T.);
#1035=PLANE('',#1655);
#1036=SURFACE_STYLE_USAGE(.BOTH.,#1656);
#1037=FACE_OUTER_BOUND('',#1657,.T.);
#1038=PLANE('',#1658);
#1039=SURFACE_STYLE_USAGE(.BOTH.,#1659);
#1040=FACE_OUTER_BOUND('',#1660,.T.);
#1041=PLANE('',#1661);
#1042=SURFACE_STYLE_USAGE(.BOTH.,#1662);
#1043=FACE_OUTER_BOUND('',#1663,.T.);
#1044=PLANE('',#1664);
#1045=SURFACE_STYLE_USAGE(.BOTH.,#1665);
#1046=FACE_OUTER_BOUND('',#1666,.T.);
#1047=PLANE('',#1667);
#1048=SURFACE_STYLE_USAGE(.BOTH.,#1668);
#1049=FACE_OUTER_BOUND('',#1669,.T.);
#1050=CYLINDRICAL_SURFACE('',#1670,0.15);
#1051=SURFACE_STYLE_USAGE(.BOTH.,#1671);
#1052=FACE_OUTER_BOUND('',#1672,.T.);
#1053=PLANE('',#1673);
#1054=SURFACE_STYLE_USAGE(.BOTH.,#1674);
#1055=FACE_OUTER_BOUND('',#1675,.T.);
#1056=CYLINDRICAL_SURFACE('',#1676,0.15);
#1057=SURFACE_STYLE_USAGE(.BOTH.,#1677);
#1058=FACE_OUTER_BOUND('',#1678,.T.);
#1059=PLANE('',#1679);
#1060=SURFACE_STYLE_USAGE(.BOTH.,#1680);
#1061=FACE_OUTER_BOUND('',#1681,.T.);
#1062=PLANE('',#1682);
#1063=SURFACE_STYLE_USAGE(.BOTH.,#1683);
#1064=FACE_OUTER_BOUND('',#1684,.T.);
#1065=PLANE('',#1685);
#1066=SURFACE_STYLE_USAGE(.BOTH.,#1686);
#1067=FACE_OUTER_BOUND('',#1687,.T.);
#1068=CYLINDRICAL_SURFACE('',#1688,0.15);
#1069=SURFACE_STYLE_USAGE(.BOTH.,#1689);
#1070=FACE_OUTER_BOUND('',#1690,.T.);
#1071=PLANE('',#1691);
#1072=SURFACE_STYLE_USAGE(.BOTH.,#1692);
#1073=FACE_OUTER_BOUND('',#1693,.T.);
#1074=CYLINDRICAL_SURFACE('',#1694,0.15);
#1075=SURFACE_STYLE_USAGE(.BOTH.,#1695);
#1076=FACE_OUTER_BOUND('',#1696,.T.);
#1077=PLANE('',#1697);
#1078=SURFACE_STYLE_USAGE(.BOTH.,#1698);
#1079=FACE_OUTER_BOUND('',#1699,.T.);
#1080=PLANE('',#1700);
#1081=SURFACE_STYLE_USAGE(.BOTH.,#1701);
#1082=FACE_OUTER_BOUND('',#1702,.T.);
#1083=PLANE('',#1703);
#1084=SURFACE_STYLE_USAGE(.BOTH.,#1704);
#1085=FACE_OUTER_BOUND('',#1705,.T.);
#1086=PLANE('',#1706);
#1087=SURFACE_STYLE_USAGE(.BOTH.,#1707);
#1088=FACE_OUTER_BOUND('',#1708,.T.);
#1089=PLANE('',#1709);
#1090=SURFACE_STYLE_USAGE(.BOTH.,#1710);
#1091=FACE_OUTER_BOUND('',#1711,.T.);
#1092=CYLINDRICAL_SURFACE('',#1712,0.35);
#1093=SURFACE_STYLE_USAGE(.BOTH.,#1713);
#1094=FACE_OUTER_BOUND('',#1714,.T.);
#1095=CONICAL_SURFACE('',#1715,0.275,0.785398163397448);
#1096=SURFACE_STYLE_USAGE(.BOTH.,#1716);
#1097=FACE_OUTER_BOUND('',#1717,.T.);
#1098=PLANE('',#1718);
#1099=SURFACE_STYLE_USAGE(.BOTH.,#1719);
#1100=FACE_OUTER_BOUND('',#1720,.T.);
#1101=CYLINDRICAL_SURFACE('',#1721,0.35);
#1102=SURFACE_STYLE_USAGE(.BOTH.,#1722);
#1103=FACE_OUTER_BOUND('',#1723,.T.);
#1104=CONICAL_SURFACE('',#1724,0.275,0.785398163397448);
#1105=SURFACE_STYLE_USAGE(.BOTH.,#1725);
#1106=FACE_OUTER_BOUND('',#1726,.T.);
#1107=PLANE('',#1727);
#1108=SURFACE_STYLE_USAGE(.BOTH.,#1728);
#1109=FACE_OUTER_BOUND('',#1729,.T.);
#1110=PLANE('',#1730);
#1111=SURFACE_STYLE_USAGE(.BOTH.,#1731);
#1112=FACE_OUTER_BOUND('',#1732,.T.);
#1113=PLANE('',#1733);
#1114=SURFACE_STYLE_USAGE(.BOTH.,#1734);
#1115=FACE_OUTER_BOUND('',#1735,.T.);
#1116=PLANE('',#1736);
#1117=SURFACE_STYLE_USAGE(.BOTH.,#1737);
#1118=FACE_OUTER_BOUND('',#1738,.T.);
#1119=PLANE('',#1739);
#1120=SURFACE_STYLE_USAGE(.BOTH.,#1740);
#1121=FACE_OUTER_BOUND('',#1741,.T.);
#1122=FACE_BOUND('',#1742,.T.);
#1123=PLANE('',#1743);
#1124=SURFACE_STYLE_USAGE(.BOTH.,#1744);
#1125=FACE_OUTER_BOUND('',#1745,.T.);
#1126=PLANE('',#1746);
#1127=SURFACE_STYLE_USAGE(.BOTH.,#1747);
#1128=FACE_OUTER_BOUND('',#1748,.T.);
#1129=PLANE('',#1749);
#1130=SURFACE_STYLE_USAGE(.BOTH.,#1750);
#1131=FACE_OUTER_BOUND('',#1751,.T.);
#1132=PLANE('',#1752);
#1133=SURFACE_STYLE_USAGE(.BOTH.,#1753);
#1134=FACE_OUTER_BOUND('',#1754,.T.);
#1135=PLANE('',#1755);
#1136=SURFACE_STYLE_USAGE(.BOTH.,#1756);
#1137=FACE_OUTER_BOUND('',#1757,.T.);
#1138=PLANE('',#1758);
#1139=SURFACE_STYLE_USAGE(.BOTH.,#1759);
#1140=FACE_OUTER_BOUND('',#1760,.T.);
#1141=PLANE('',#1761);
#1142=SURFACE_STYLE_USAGE(.BOTH.,#1762);
#1143=FACE_OUTER_BOUND('',#1763,.T.);
#1144=PLANE('',#1764);
#1145=SURFACE_STYLE_USAGE(.BOTH.,#1765);
#1146=FACE_OUTER_BOUND('',#1766,.T.);
#1147=PLANE('',#1767);
#1148=SURFACE_STYLE_USAGE(.BOTH.,#1768);
#1149=FACE_OUTER_BOUND('',#1769,.T.);
#1150=PLANE('',#1770);
#1151=SURFACE_STYLE_USAGE(.BOTH.,#1771);
#1152=FACE_OUTER_BOUND('',#1772,.T.);
#1153=PLANE('',#1773);
#1154=SURFACE_STYLE_USAGE(.BOTH.,#1774);
#1155=FACE_OUTER_BOUND('',#1775,.T.);
#1156=PLANE('',#1776);
#1157=SURFACE_STYLE_USAGE(.BOTH.,#1777);
#1158=FACE_OUTER_BOUND('',#1778,.T.);
#1159=PLANE('',#1779);
#1160=SURFACE_STYLE_USAGE(.BOTH.,#1780);
#1161=FACE_OUTER_BOUND('',#1781,.T.);
#1162=PLANE('',#1782);
#1163=SURFACE_STYLE_USAGE(.BOTH.,#1783);
#1164=FACE_OUTER_BOUND('',#1784,.T.);
#1165=PLANE('',#1785);
#1166=SURFACE_STYLE_USAGE(.BOTH.,#1786);
#1167=FACE_OUTER_BOUND('',#1787,.T.);
#1168=PLANE('',#1788);
#1169=SURFACE_STYLE_USAGE(.BOTH.,#1789);
#1170=FACE_OUTER_BOUND('',#1790,.T.);
#1171=PLANE('',#1791);
#1172=SURFACE_STYLE_USAGE(.BOTH.,#1792);
#1173=FACE_OUTER_BOUND('',#1793,.T.);
#1174=PLANE('',#1794);
#1175=SURFACE_STYLE_USAGE(.BOTH.,#1795);
#1176=FACE_OUTER_BOUND('',#1796,.T.);
#1177=PLANE('',#1797);
#1178=SURFACE_STYLE_USAGE(.BOTH.,#1798);
#1179=FACE_OUTER_BOUND('',#1799,.T.);
#1180=PLANE('',#1800);
#1181=SURFACE_STYLE_USAGE(.BOTH.,#1801);
#1182=FACE_OUTER_BOUND('',#1802,.T.);
#1183=PLANE('',#1803);
#1184=SURFACE_STYLE_USAGE(.BOTH.,#1804);
#1185=FACE_OUTER_BOUND('',#1805,.T.);
#1186=PLANE('',#1806);
#1187=SURFACE_STYLE_USAGE(.BOTH.,#1807);
#1188=FACE_OUTER_BOUND('',#1808,.T.);
#1189=PLANE('',#1809);
#1190=SURFACE_STYLE_USAGE(.BOTH.,#1810);
#1191=FACE_OUTER_BOUND('',#1811,.T.);
#1192=PLANE('',#1812);
#1193=SURFACE_STYLE_USAGE(.BOTH.,#1813);
#1194=FACE_OUTER_BOUND('',#1814,.T.);
#1195=PLANE('',#1815);
#1196=SURFACE_STYLE_USAGE(.BOTH.,#1816);
#1197=FACE_OUTER_BOUND('',#1817,.T.);
#1198=PLANE('',#1818);
#1199=SURFACE_STYLE_USAGE(.BOTH.,#1819);
#1200=FACE_OUTER_BOUND('',#1820,.T.);
#1201=PLANE('',#1821);
#1202=SURFACE_STYLE_USAGE(.BOTH.,#1822);
#1203=FACE_OUTER_BOUND('',#1823,.T.);
#1204=PLANE('',#1824);
#1205=SURFACE_STYLE_USAGE(.BOTH.,#1825);
#1206=FACE_OUTER_BOUND('',#1826,.T.);
#1207=PLANE('',#1827);
#1208=SURFACE_STYLE_USAGE(.BOTH.,#1828);
#1209=FACE_OUTER_BOUND('',#1829,.T.);
#1210=PLANE('',#1830);
#1211=SURFACE_STYLE_USAGE(.BOTH.,#1831);
#1212=FACE_OUTER_BOUND('',#1832,.T.);
#1213=PLANE('',#1833);
#1214=SURFACE_STYLE_USAGE(.BOTH.,#1834);
#1215=FACE_OUTER_BOUND('',#1835,.T.);
#1216=PLANE('',#1836);
#1217=SURFACE_STYLE_USAGE(.BOTH.,#1837);
#1218=FACE_OUTER_BOUND('',#1838,.T.);
#1219=PLANE('',#1839);
#1220=SURFACE_STYLE_USAGE(.BOTH.,#1840);
#1221=FACE_OUTER_BOUND('',#1841,.T.);
#1222=PLANE('',#1842);
#1223=SURFACE_STYLE_USAGE(.BOTH.,#1843);
#1224=FACE_OUTER_BOUND('',#1844,.T.);
#1225=PLANE('',#1845);
#1226=SURFACE_STYLE_USAGE(.BOTH.,#1846);
#1227=FACE_OUTER_BOUND('',#1847,.T.);
#1228=PLANE('',#1848);
#1229=SURFACE_STYLE_USAGE(.BOTH.,#1849);
#1230=FACE_OUTER_BOUND('',#1850,.T.);
#1231=PLANE('',#1851);
#1232=SURFACE_STYLE_USAGE(.BOTH.,#1852);
#1233=FACE_OUTER_BOUND('',#1853,.T.);
#1234=PLANE('',#1854);
#1235=SURFACE_STYLE_USAGE(.BOTH.,#1855);
#1236=FACE_OUTER_BOUND('',#1856,.T.);
#1237=PLANE('',#1857);
#1238=SURFACE_STYLE_USAGE(.BOTH.,#1858);
#1239=FACE_OUTER_BOUND('',#1859,.T.);
#1240=PLANE('',#1860);
#1241=SURFACE_STYLE_USAGE(.BOTH.,#1861);
#1242=FACE_OUTER_BOUND('',#1862,.T.);
#1243=PLANE('',#1863);
#1244=SURFACE_STYLE_USAGE(.BOTH.,#1864);
#1245=FACE_OUTER_BOUND('',#1865,.T.);
#1246=PLANE('',#1866);
#1247=SURFACE_STYLE_USAGE(.BOTH.,#1867);
#1248=FACE_OUTER_BOUND('',#1868,.T.);
#1249=PLANE('',#1869);
#1250=SURFACE_STYLE_USAGE(.BOTH.,#1870);
#1251=FACE_OUTER_BOUND('',#1871,.T.);
#1252=PLANE('',#1872);
#1253=SURFACE_STYLE_USAGE(.BOTH.,#1873);
#1254=FACE_OUTER_BOUND('',#1874,.T.);
#1255=PLANE('',#1875);
#1256=SURFACE_STYLE_USAGE(.BOTH.,#1876);
#1257=FACE_OUTER_BOUND('',#1877,.T.);
#1258=PLANE('',#1878);
#1259=PRODUCT_CONTEXT('',#212,'mechanical');
#1260=PRODUCT_DEFINITION_FORMATION_WITH_SPECIFIED_SOURCE(' ','NONE',#629,.NOT_KNOWN.);
#1261=CLOSED_SHELL('',(#226,#228,#230,#232,#234,#236,#238,#240,#242,#244,#246,#248,#250,#252,#254,#256,#258,#260,#262,#264,#266,#268,#270,#272,#274,#276,#278,#280,#282,#284,#286,#288,#290,#292,#294,#296,#298,#300,#302,#304,#306,#308,#310,#312,#314,#316,#318,#320,#322,#324,#326,#328,#330,#332,#334,#336,#338,#340,#342,#344,#346,#348,#350,#352,#354,#356,#358,#360,#362,#364,#366,#368,#370,#372,#374,#376,#378,#380,#382,#384,#386,#388,#390,#392,#394,#396,#398,#400,#402,#404,#406,#408,#410,#412,#414,#416,#418,#420,#422,#424,#426,#428,#430,#432,#434,#436,#438,#440,#442,#444,#446,#448,#450,#452,#454,#456,#458,#460,#462,#464,#466,#468,#470,#472,#474,#476,#478,#480,#482,#484,#486,#488,#490,#492,#494,#496,#498,#500,#502,#504,#506,#508,#510,#512,#514,#516,#518,#520,#522,#524,#526,#528,#530,#532,#534,#536,#538,#540,#542,#544,#546,#548,#550,#552,#554,#556,#558,#560,#562,#564,#566,#568,#570,#572,#574,#576,#578,#580,#582,#584,#586,#588,#590,#592,#594,#596,#598,#600,#602,#604,#606,#608,#610,#612,#614,#616,#618,#620,#622,#624,#626,#628));
#1262=CARTESIAN_POINT('',(0.0,0.0,0.0));
#1263=DIRECTION('',(0.0,0.0,1.0));
#1264=DIRECTION('',(1.0,0.0,0.0));
#1265= (NAMED_UNIT(#638)LENGTH_UNIT()SI_UNIT(.MILLI.,.METRE.));
#1266=SURFACE_SIDE_STYLE('',(#1880));
#1267=EDGE_LOOP('',(#1881,#1882,#1883,#1884));
#1268=AXIS2_PLACEMENT_3D('',#1885,#1886,#1887);
#1269=SURFACE_SIDE_STYLE('',(#1888));
#1270=EDGE_LOOP('',(#1889,#1890,#1891,#1892));
#1271=AXIS2_PLACEMENT_3D('',#1893,#1894,#1895);
#1272=SURFACE_SIDE_STYLE('',(#1896));
#1273=EDGE_LOOP('',(#1897,#1898,#1899,#1900));
#1274=AXIS2_PLACEMENT_3D('',#1901,#1902,#1903);
#1275=SURFACE_SIDE_STYLE('',(#1904));
#1276=EDGE_LOOP('',(#1905,#1906,#1907,#1908));
#1277=AXIS2_PLACEMENT_3D('',#1909,#1910,#1911);
#1278=SURFACE_SIDE_STYLE('',(#1912));
#1279=EDGE_LOOP('',(#1913,#1914,#1915,#1916,#1917,#1918));
#1280=AXIS2_PLACEMENT_3D('',#1919,#1920,#1921);
#1281=SURFACE_SIDE_STYLE('',(#1922));
#1282=EDGE_LOOP('',(#1923,#1924,#1925,#1926));
#1283=AXIS2_PLACEMENT_3D('',#1927,#1928,#1929);
#1284=SURFACE_SIDE_STYLE('',(#1930));
#1285=EDGE_LOOP('',(#1931,#1932,#1933,#1934));
#1286=AXIS2_PLACEMENT_3D('',#1935,#1936,#1937);
#1287=SURFACE_SIDE_STYLE('',(#1938));
#1288=EDGE_LOOP('',(#1939,#1940,#1941,#1942,#1943,#1944));
#1289=AXIS2_PLACEMENT_3D('',#1945,#1946,#1947);
#1290=SURFACE_SIDE_STYLE('',(#1948));
#1291=EDGE_LOOP('',(#1949,#1950,#1951,#1952));
#1292=AXIS2_PLACEMENT_3D('',#1953,#1954,#1955);
#1293=SURFACE_SIDE_STYLE('',(#1956));
#1294=EDGE_LOOP('',(#1957,#1958,#1959,#1960));
#1295=AXIS2_PLACEMENT_3D('',#1961,#1962,#1963);
#1296=SURFACE_SIDE_STYLE('',(#1964));
#1297=EDGE_LOOP('',(#1965,#1966,#1967,#1968));
#1298=AXIS2_PLACEMENT_3D('',#1969,#1970,#1971);
#1299=SURFACE_SIDE_STYLE('',(#1972));
#1300=EDGE_LOOP('',(#1973,#1974,#1975,#1976,#1977,#1978));
#1301=AXIS2_PLACEMENT_3D('',#1979,#1980,#1981);
#1302=SURFACE_SIDE_STYLE('',(#1982));
#1303=EDGE_LOOP('',(#1983,#1984,#1985,#1986));
#1304=AXIS2_PLACEMENT_3D('',#1987,#1988,#1989);
#1305=SURFACE_SIDE_STYLE('',(#1990));
#1306=EDGE_LOOP('',(#1991,#1992,#1993,#1994,#1995,#1996));
#1307=AXIS2_PLACEMENT_3D('',#1997,#1998,#1999);
#1308=SURFACE_SIDE_STYLE('',(#2000));
#1309=EDGE_LOOP('',(#2001,#2002,#2003,#2004,#2005,#2006,#2007,#2008));
#1310=AXIS2_PLACEMENT_3D('',#2009,#2010,#2011);
#1311=SURFACE_SIDE_STYLE('',(#2012));
#1312=EDGE_LOOP('',(#2013,#2014,#2015,#2016,#2017,#2018,#2019,#2020));
#1313=AXIS2_PLACEMENT_3D('',#2021,#2022,#2023);
#1314=SURFACE_SIDE_STYLE('',(#2024));
#1315=EDGE_LOOP('',(#2025,#2026));
#1316=EDGE_LOOP('',(#2027,#2028));
#1317=EDGE_LOOP('',(#2029,#2030,#2031,#2032,#2033,#2034,#2035,#2036,#2037,#2038,#2039,#2040,#2041,#2042,#2043,#2044,#2045,#2046,#2047,#2048,#2049,#2050,#2051,#2052));
#1318=AXIS2_PLACEMENT_3D('',#2053,#2054,#2055);
#1319=SURFACE_SIDE_STYLE('',(#2056));
#1320=EDGE_LOOP('',(#2057,#2058,#2059,#2060,#2061,#2062));
#1321=AXIS2_PLACEMENT_3D('',#2063,#2064,#2065);
#1322=SURFACE_SIDE_STYLE('',(#2066));
#1323=EDGE_LOOP('',(#2067,#2068,#2069,#2070));
#1324=AXIS2_PLACEMENT_3D('',#2071,#2072,#2073);
#1325=SURFACE_SIDE_STYLE('',(#2074));
#1326=EDGE_LOOP('',(#2075,#2076,#2077,#2078));
#1327=AXIS2_PLACEMENT_3D('',#2079,#2080,#2081);
#1328=SURFACE_SIDE_STYLE('',(#2082));
#1329=EDGE_LOOP('',(#2083,#2084,#2085,#2086,#2087,#2088));
#1330=AXIS2_PLACEMENT_3D('',#2089,#2090,#2091);
#1331=SURFACE_SIDE_STYLE('',(#2092));
#1332=EDGE_LOOP('',(#2093,#2094,#2095,#2096));
#1333=AXIS2_PLACEMENT_3D('',#2097,#2098,#2099);
#1334=SURFACE_SIDE_STYLE('',(#2100));
#1335=EDGE_LOOP('',(#2101,#2102,#2103,#2104));
#1336=AXIS2_PLACEMENT_3D('',#2105,#2106,#2107);
#1337=SURFACE_SIDE_STYLE('',(#2108));
#1338=EDGE_LOOP('',(#2109,#2110,#2111,#2112));
#1339=AXIS2_PLACEMENT_3D('',#2113,#2114,#2115);
#1340=SURFACE_SIDE_STYLE('',(#2116));
#1341=EDGE_LOOP('',(#2117,#2118,#2119,#2120,#2121,#2122));
#1342=AXIS2_PLACEMENT_3D('',#2123,#2124,#2125);
#1343=SURFACE_SIDE_STYLE('',(#2126));
#1344=EDGE_LOOP('',(#2127,#2128,#2129,#2130));
#1345=AXIS2_PLACEMENT_3D('',#2131,#2132,#2133);
#1346=SURFACE_SIDE_STYLE('',(#2134));
#1347=EDGE_LOOP('',(#2135,#2136,#2137,#2138,#2139,#2140));
#1348=AXIS2_PLACEMENT_3D('',#2141,#2142,#2143);
#1349=SURFACE_SIDE_STYLE('',(#2144));
#1350=EDGE_LOOP('',(#2145,#2146,#2147,#2148,#2149,#2150,#2151,#2152));
#1351=AXIS2_PLACEMENT_3D('',#2153,#2154,#2155);
#1352=SURFACE_SIDE_STYLE('',(#2156));
#1353=EDGE_LOOP('',(#2157,#2158,#2159,#2160,#2161,#2162,#2163,#2164));
#1354=AXIS2_PLACEMENT_3D('',#2165,#2166,#2167);
#1355=SURFACE_SIDE_STYLE('',(#2168));
#1356=EDGE_LOOP('',(#2169,#2170,#2171,#2172,#2173,#2174));
#1357=AXIS2_PLACEMENT_3D('',#2175,#2176,#2177);
#1358=SURFACE_SIDE_STYLE('',(#2178));
#1359=EDGE_LOOP('',(#2179,#2180,#2181,#2182));
#1360=AXIS2_PLACEMENT_3D('',#2183,#2184,#2185);
#1361=SURFACE_SIDE_STYLE('',(#2186));
#1362=EDGE_LOOP('',(#2187,#2188,#2189,#2190));
#1363=AXIS2_PLACEMENT_3D('',#2191,#2192,#2193);
#1364=SURFACE_SIDE_STYLE('',(#2194));
#1365=EDGE_LOOP('',(#2195,#2196,#2197,#2198,#2199,#2200));
#1366=AXIS2_PLACEMENT_3D('',#2201,#2202,#2203);
#1367=SURFACE_SIDE_STYLE('',(#2204));
#1368=EDGE_LOOP('',(#2205,#2206,#2207,#2208));
#1369=AXIS2_PLACEMENT_3D('',#2209,#2210,#2211);
#1370=SURFACE_SIDE_STYLE('',(#2212));
#1371=EDGE_LOOP('',(#2213,#2214,#2215,#2216));
#1372=AXIS2_PLACEMENT_3D('',#2217,#2218,#2219);
#1373=SURFACE_SIDE_STYLE('',(#2220));
#1374=EDGE_LOOP('',(#2221,#2222,#2223,#2224));
#1375=AXIS2_PLACEMENT_3D('',#2225,#2226,#2227);
#1376=SURFACE_SIDE_STYLE('',(#2228));
#1377=EDGE_LOOP('',(#2229,#2230,#2231,#2232,#2233,#2234));
#1378=AXIS2_PLACEMENT_3D('',#2235,#2236,#2237);
#1379=SURFACE_SIDE_STYLE('',(#2238));
#1380=EDGE_LOOP('',(#2239,#2240,#2241,#2242));
#1381=AXIS2_PLACEMENT_3D('',#2243,#2244,#2245);
#1382=SURFACE_SIDE_STYLE('',(#2246));
#1383=EDGE_LOOP('',(#2247,#2248,#2249,#2250,#2251,#2252));
#1384=AXIS2_PLACEMENT_3D('',#2253,#2254,#2255);
#1385=SURFACE_SIDE_STYLE('',(#2256));
#1386=EDGE_LOOP('',(#2257,#2258,#2259,#2260,#2261,#2262,#2263,#2264));
#1387=AXIS2_PLACEMENT_3D('',#2265,#2266,#2267);
#1388=SURFACE_SIDE_STYLE('',(#2268));
#1389=EDGE_LOOP('',(#2269,#2270,#2271,#2272,#2273,#2274,#2275,#2276));
#1390=AXIS2_PLACEMENT_3D('',#2277,#2278,#2279);
#1391=SURFACE_SIDE_STYLE('',(#2280));
#1392=EDGE_LOOP('',(#2281,#2282,#2283,#2284,#2285,#2286));
#1393=AXIS2_PLACEMENT_3D('',#2287,#2288,#2289);
#1394=SURFACE_SIDE_STYLE('',(#2290));
#1395=EDGE_LOOP('',(#2291,#2292,#2293,#2294));
#1396=AXIS2_PLACEMENT_3D('',#2295,#2296,#2297);
#1397=SURFACE_SIDE_STYLE('',(#2298));
#1398=EDGE_LOOP('',(#2299,#2300,#2301,#2302));
#1399=AXIS2_PLACEMENT_3D('',#2303,#2304,#2305);
#1400=SURFACE_SIDE_STYLE('',(#2306));
#1401=EDGE_LOOP('',(#2307,#2308,#2309,#2310,#2311,#2312));
#1402=AXIS2_PLACEMENT_3D('',#2313,#2314,#2315);
#1403=SURFACE_SIDE_STYLE('',(#2316));
#1404=EDGE_LOOP('',(#2317,#2318,#2319,#2320));
#1405=AXIS2_PLACEMENT_3D('',#2321,#2322,#2323);
#1406=SURFACE_SIDE_STYLE('',(#2324));
#1407=EDGE_LOOP('',(#2325,#2326,#2327,#2328));
#1408=AXIS2_PLACEMENT_3D('',#2329,#2330,#2331);
#1409=SURFACE_SIDE_STYLE('',(#2332));
#1410=EDGE_LOOP('',(#2333,#2334,#2335,#2336));
#1411=AXIS2_PLACEMENT_3D('',#2337,#2338,#2339);
#1412=SURFACE_SIDE_STYLE('',(#2340));
#1413=EDGE_LOOP('',(#2341,#2342,#2343,#2344,#2345,#2346));
#1414=AXIS2_PLACEMENT_3D('',#2347,#2348,#2349);
#1415=SURFACE_SIDE_STYLE('',(#2350));
#1416=EDGE_LOOP('',(#2351,#2352,#2353,#2354));
#1417=AXIS2_PLACEMENT_3D('',#2355,#2356,#2357);
#1418=SURFACE_SIDE_STYLE('',(#2358));
#1419=EDGE_LOOP('',(#2359,#2360,#2361,#2362,#2363,#2364));
#1420=AXIS2_PLACEMENT_3D('',#2365,#2366,#2367);
#1421=SURFACE_SIDE_STYLE('',(#2368));
#1422=EDGE_LOOP('',(#2369,#2370,#2371,#2372,#2373,#2374,#2375,#2376));
#1423=AXIS2_PLACEMENT_3D('',#2377,#2378,#2379);
#1424=SURFACE_SIDE_STYLE('',(#2380));
#1425=EDGE_LOOP('',(#2381,#2382,#2383,#2384,#2385,#2386,#2387,#2388));
#1426=AXIS2_PLACEMENT_3D('',#2389,#2390,#2391);
#1427=SURFACE_SIDE_STYLE('',(#2392));
#1428=EDGE_LOOP('',(#2393,#2394,#2395,#2396,#2397,#2398,#2399,#2400,#2401,#2402,#2403));
#1429=AXIS2_PLACEMENT_3D('',#2404,#2405,#2406);
#1430=SURFACE_SIDE_STYLE('',(#2407));
#1431=EDGE_LOOP('',(#2408,#2409,#2410,#2411));
#1432=AXIS2_PLACEMENT_3D('',#2412,#2413,#2414);
#1433=SURFACE_SIDE_STYLE('',(#2415));
#1434=EDGE_LOOP('',(#2416,#2417,#2418,#2419));
#1435=AXIS2_PLACEMENT_3D('',#2420,#2421,#2422);
#1436=SURFACE_SIDE_STYLE('',(#2423));
#1437=EDGE_LOOP('',(#2424,#2425,#2426,#2427));
#1438=AXIS2_PLACEMENT_3D('',#2428,#2429,#2430);
#1439=SURFACE_SIDE_STYLE('',(#2431));
#1440=EDGE_LOOP('',(#2432,#2433,#2434,#2435));
#1441=AXIS2_PLACEMENT_3D('',#2436,#2437,#2438);
#1442=SURFACE_SIDE_STYLE('',(#2439));
#1443=EDGE_LOOP('',(#2440,#2441,#2442,#2443));
#1444=AXIS2_PLACEMENT_3D('',#2444,#2445,#2446);
#1445=SURFACE_SIDE_STYLE('',(#2447));
#1446=EDGE_LOOP('',(#2448,#2449,#2450,#2451));
#1447=AXIS2_PLACEMENT_3D('',#2452,#2453,#2454);
#1448=SURFACE_SIDE_STYLE('',(#2455));
#1449=EDGE_LOOP('',(#2456,#2457,#2458,#2459));
#1450=AXIS2_PLACEMENT_3D('',#2460,#2461,#2462);
#1451=SURFACE_SIDE_STYLE('',(#2463));
#1452=EDGE_LOOP('',(#2464,#2465,#2466,#2467));
#1453=AXIS2_PLACEMENT_3D('',#2468,#2469,#2470);
#1454=SURFACE_SIDE_STYLE('',(#2471));
#1455=EDGE_LOOP('',(#2472,#2473,#2474,#2475));
#1456=AXIS2_PLACEMENT_3D('',#2476,#2477,#2478);
#1457=SURFACE_SIDE_STYLE('',(#2479));
#1458=EDGE_LOOP('',(#2480,#2481,#2482,#2483));
#1459=AXIS2_PLACEMENT_3D('',#2484,#2485,#2486);
#1460=SURFACE_SIDE_STYLE('',(#2487));
#1461=EDGE_LOOP('',(#2488,#2489,#2490,#2491,#2492,#2493,#2494,#2495,#2496,#2497,#2498));
#1462=AXIS2_PLACEMENT_3D('',#2499,#2500,#2501);
#1463=SURFACE_SIDE_STYLE('',(#2502));
#1464=EDGE_LOOP('',(#2503,#2504,#2505,#2506,#2507,#2508,#2509,#2510,#2511,#2512,#2513));
#1465=AXIS2_PLACEMENT_3D('',#2514,#2515,#2516);
#1466=SURFACE_SIDE_STYLE('',(#2517));
#1467=EDGE_LOOP('',(#2518,#2519,#2520,#2521));
#1468=AXIS2_PLACEMENT_3D('',#2522,#2523,#2524);
#1469=SURFACE_SIDE_STYLE('',(#2525));
#1470=EDGE_LOOP('',(#2526,#2527,#2528,#2529));
#1471=AXIS2_PLACEMENT_3D('',#2530,#2531,#2532);
#1472=SURFACE_SIDE_STYLE('',(#2533));
#1473=EDGE_LOOP('',(#2534,#2535,#2536,#2537));
#1474=AXIS2_PLACEMENT_3D('',#2538,#2539,#2540);
#1475=SURFACE_SIDE_STYLE('',(#2541));
#1476=EDGE_LOOP('',(#2542,#2543,#2544,#2545));
#1477=AXIS2_PLACEMENT_3D('',#2546,#2547,#2548);
#1478=SURFACE_SIDE_STYLE('',(#2549));
#1479=EDGE_LOOP('',(#2550,#2551,#2552,#2553));
#1480=AXIS2_PLACEMENT_3D('',#2554,#2555,#2556);
#1481=SURFACE_SIDE_STYLE('',(#2557));
#1482=EDGE_LOOP('',(#2558,#2559,#2560,#2561));
#1483=AXIS2_PLACEMENT_3D('',#2562,#2563,#2564);
#1484=SURFACE_SIDE_STYLE('',(#2565));
#1485=EDGE_LOOP('',(#2566,#2567,#2568,#2569));
#1486=AXIS2_PLACEMENT_3D('',#2570,#2571,#2572);
#1487=SURFACE_SIDE_STYLE('',(#2573));
#1488=EDGE_LOOP('',(#2574,#2575,#2576,#2577));
#1489=AXIS2_PLACEMENT_3D('',#2578,#2579,#2580);
#1490=SURFACE_SIDE_STYLE('',(#2581));
#1491=EDGE_LOOP('',(#2582,#2583,#2584,#2585));
#1492=AXIS2_PLACEMENT_3D('',#2586,#2587,#2588);
#1493=SURFACE_SIDE_STYLE('',(#2589));
#1494=EDGE_LOOP('',(#2590,#2591,#2592,#2593));
#1495=AXIS2_PLACEMENT_3D('',#2594,#2595,#2596);
#1496=SURFACE_SIDE_STYLE('',(#2597));
#1497=EDGE_LOOP('',(#2598,#2599,#2600,#2601,#2602,#2603,#2604,#2605,#2606,#2607,#2608));
#1498=AXIS2_PLACEMENT_3D('',#2609,#2610,#2611);
#1499=SURFACE_SIDE_STYLE('',(#2612));
#1500=EDGE_LOOP('',(#2613,#2614,#2615,#2616,#2617,#2618,#2619,#2620,#2621,#2622,#2623));
#1501=AXIS2_PLACEMENT_3D('',#2624,#2625,#2626);
#1502=SURFACE_SIDE_STYLE('',(#2627));
#1503=EDGE_LOOP('',(#2628,#2629,#2630,#2631));
#1504=AXIS2_PLACEMENT_3D('',#2632,#2633,#2634);
#1505=SURFACE_SIDE_STYLE('',(#2635));
#1506=EDGE_LOOP('',(#2636,#2637,#2638,#2639));
#1507=AXIS2_PLACEMENT_3D('',#2640,#2641,#2642);
#1508=SURFACE_SIDE_STYLE('',(#2643));
#1509=EDGE_LOOP('',(#2644,#2645,#2646,#2647));
#1510=AXIS2_PLACEMENT_3D('',#2648,#2649,#2650);
#1511=SURFACE_SIDE_STYLE('',(#2651));
#1512=EDGE_LOOP('',(#2652,#2653,#2654,#2655));
#1513=AXIS2_PLACEMENT_3D('',#2656,#2657,#2658);
#1514=SURFACE_SIDE_STYLE('',(#2659));
#1515=EDGE_LOOP('',(#2660,#2661,#2662,#2663));
#1516=AXIS2_PLACEMENT_3D('',#2664,#2665,#2666);
#1517=SURFACE_SIDE_STYLE('',(#2667));
#1518=EDGE_LOOP('',(#2668,#2669,#2670,#2671));
#1519=AXIS2_PLACEMENT_3D('',#2672,#2673,#2674);
#1520=SURFACE_SIDE_STYLE('',(#2675));
#1521=EDGE_LOOP('',(#2676,#2677,#2678,#2679));
#1522=AXIS2_PLACEMENT_3D('',#2680,#2681,#2682);
#1523=SURFACE_SIDE_STYLE('',(#2683));
#1524=EDGE_LOOP('',(#2684,#2685,#2686,#2687));
#1525=AXIS2_PLACEMENT_3D('',#2688,#2689,#2690);
#1526=SURFACE_SIDE_STYLE('',(#2691));
#1527=EDGE_LOOP('',(#2692,#2693,#2694,#2695));
#1528=AXIS2_PLACEMENT_3D('',#2696,#2697,#2698);
#1529=SURFACE_SIDE_STYLE('',(#2699));
#1530=EDGE_LOOP('',(#2700,#2701,#2702,#2703));
#1531=AXIS2_PLACEMENT_3D('',#2704,#2705,#2706);
#1532=SURFACE_SIDE_STYLE('',(#2707));
#1533=EDGE_LOOP('',(#2708,#2709,#2710,#2711,#2712,#2713,#2714,#2715,#2716,#2717,#2718));
#1534=AXIS2_PLACEMENT_3D('',#2719,#2720,#2721);
#1535=SURFACE_SIDE_STYLE('',(#2722));
#1536=EDGE_LOOP('',(#2723,#2724,#2725,#2726,#2727,#2728,#2729,#2730,#2731,#2732,#2733));
#1537=AXIS2_PLACEMENT_3D('',#2734,#2735,#2736);
#1538=SURFACE_SIDE_STYLE('',(#2737));
#1539=EDGE_LOOP('',(#2738,#2739,#2740,#2741));
#1540=AXIS2_PLACEMENT_3D('',#2742,#2743,#2744);
#1541=SURFACE_SIDE_STYLE('',(#2745));
#1542=EDGE_LOOP('',(#2746,#2747,#2748,#2749));
#1543=AXIS2_PLACEMENT_3D('',#2750,#2751,#2752);
#1544=SURFACE_SIDE_STYLE('',(#2753));
#1545=EDGE_LOOP('',(#2754,#2755,#2756,#2757));
#1546=AXIS2_PLACEMENT_3D('',#2758,#2759,#2760);
#1547=SURFACE_SIDE_STYLE('',(#2761));
#1548=EDGE_LOOP('',(#2762,#2763,#2764,#2765));
#1549=AXIS2_PLACEMENT_3D('',#2766,#2767,#2768);
#1550=SURFACE_SIDE_STYLE('',(#2769));
#1551=EDGE_LOOP('',(#2770,#2771,#2772,#2773));
#1552=AXIS2_PLACEMENT_3D('',#2774,#2775,#2776);
#1553=SURFACE_SIDE_STYLE('',(#2777));
#1554=EDGE_LOOP('',(#2778,#2779,#2780,#2781));
#1555=AXIS2_PLACEMENT_3D('',#2782,#2783,#2784);
#1556=SURFACE_SIDE_STYLE('',(#2785));
#1557=EDGE_LOOP('',(#2786,#2787,#2788,#2789));
#1558=AXIS2_PLACEMENT_3D('',#2790,#2791,#2792);
#1559=SURFACE_SIDE_STYLE('',(#2793));
#1560=EDGE_LOOP('',(#2794,#2795,#2796,#2797));
#1561=AXIS2_PLACEMENT_3D('',#2798,#2799,#2800);
#1562=SURFACE_SIDE_STYLE('',(#2801));
#1563=EDGE_LOOP('',(#2802,#2803,#2804,#2805));
#1564=AXIS2_PLACEMENT_3D('',#2806,#2807,#2808);
#1565=SURFACE_SIDE_STYLE('',(#2809));
#1566=EDGE_LOOP('',(#2810,#2811,#2812,#2813));
#1567=AXIS2_PLACEMENT_3D('',#2814,#2815,#2816);
#1568=SURFACE_SIDE_STYLE('',(#2817));
#1569=EDGE_LOOP('',(#2818,#2819,#2820,#2821,#2822,#2823,#2824,#2825,#2826,#2827,#2828));
#1570=AXIS2_PLACEMENT_3D('',#2829,#2830,#2831);
#1571=SURFACE_SIDE_STYLE('',(#2832));
#1572=EDGE_LOOP('',(#2833,#2834,#2835));
#1573=AXIS2_PLACEMENT_3D('',#2836,#2837,#2838);
#1574=SURFACE_SIDE_STYLE('',(#2839));
#1575=EDGE_LOOP('',(#2840,#2841,#2842,#2843));
#1576=AXIS2_PLACEMENT_3D('',#2844,#2845,#2846);
#1577=SURFACE_SIDE_STYLE('',(#2847));
#1578=EDGE_LOOP('',(#2848,#2849,#2850,#2851));
#1579=AXIS2_PLACEMENT_3D('',#2852,#2853,#2854);
#1580=SURFACE_SIDE_STYLE('',(#2855));
#1581=EDGE_LOOP('',(#2856,#2857,#2858,#2859,#2860,#2861,#2862,#2863,#2864,#2865));
#1582=AXIS2_PLACEMENT_3D('',#2866,#2867,#2868);
#1583=SURFACE_SIDE_STYLE('',(#2869));
#1584=EDGE_LOOP('',(#2870,#2871,#2872));
#1585=AXIS2_PLACEMENT_3D('',#2873,#2874,#2875);
#1586=SURFACE_SIDE_STYLE('',(#2876));
#1587=EDGE_LOOP('',(#2877,#2878,#2879,#2880,#2881,#2882,#2883,#2884,#2885,#2886,#2887,#2888,#2889,#2890,#2891,#2892,#2893,#2894,#2895,#2896));
#1588=AXIS2_PLACEMENT_3D('',#2897,#2898,#2899);
#1589=SURFACE_SIDE_STYLE('',(#2900));
#1590=EDGE_LOOP('',(#2901,#2902,#2903));
#1591=AXIS2_PLACEMENT_3D('',#2904,#2905,#2906);
#1592=SURFACE_SIDE_STYLE('',(#2907));
#1593=EDGE_LOOP('',(#2908,#2909,#2910,#2911));
#1594=AXIS2_PLACEMENT_3D('',#2912,#2913,#2914);
#1595=SURFACE_SIDE_STYLE('',(#2915));
#1596=EDGE_LOOP('',(#2916,#2917,#2918,#2919));
#1597=AXIS2_PLACEMENT_3D('',#2920,#2921,#2922);
#1598=SURFACE_SIDE_STYLE('',(#2923));
#1599=EDGE_LOOP('',(#2924,#2925,#2926,#2927));
#1600=AXIS2_PLACEMENT_3D('',#2928,#2929,#2930);
#1601=SURFACE_SIDE_STYLE('',(#2931));
#1602=EDGE_LOOP('',(#2932,#2933,#2934,#2935));
#1603=AXIS2_PLACEMENT_3D('',#2936,#2937,#2938);
#1604=SURFACE_SIDE_STYLE('',(#2939));
#1605=EDGE_LOOP('',(#2940,#2941,#2942,#2943));
#1606=AXIS2_PLACEMENT_3D('',#2944,#2945,#2946);
#1607=SURFACE_SIDE_STYLE('',(#2947));
#1608=EDGE_LOOP('',(#2948,#2949,#2950,#2951));
#1609=AXIS2_PLACEMENT_3D('',#2952,#2953,#2954);
#1610=SURFACE_SIDE_STYLE('',(#2955));
#1611=EDGE_LOOP('',(#2956,#2957,#2958,#2959));
#1612=AXIS2_PLACEMENT_3D('',#2960,#2961,#2962);
#1613=SURFACE_SIDE_STYLE('',(#2963));
#1614=EDGE_LOOP('',(#2964,#2965,#2966,#2967));
#1615=AXIS2_PLACEMENT_3D('',#2968,#2969,#2970);
#1616=SURFACE_SIDE_STYLE('',(#2971));
#1617=EDGE_LOOP('',(#2972,#2973,#2974,#2975,#2976,#2977));
#1618=AXIS2_PLACEMENT_3D('',#2978,#2979,#2980);
#1619=SURFACE_SIDE_STYLE('',(#2981));
#1620=EDGE_LOOP('',(#2982,#2983,#2984,#2985));
#1621=EDGE_LOOP('',(#2986,#2987,#2988,#2989));
#1622=EDGE_LOOP('',(#2990,#2991,#2992,#2993));
#1623=EDGE_LOOP('',(#2994,#2995,#2996,#2997));
#1624=EDGE_LOOP('',(#2998,#2999,#3000,#3001,#3002,#3003,#3004,#3005,#3006,#3007,#3008,#3009,#3010,#3011,#3012,#3013,#3014,#3015,#3016,#3017,#3018,#3019,#3020,#3021,#3022,#3023,#3024,#3025,#3026,#3027,#3028,#3029));
#1625=AXIS2_PLACEMENT_3D('',#3030,#3031,#3032);
#1626=SURFACE_SIDE_STYLE('',(#3033));
#1627=EDGE_LOOP('',(#3034,#3035,#3036,#3037));
#1628=AXIS2_PLACEMENT_3D('',#3038,#3039,#3040);
#1629=SURFACE_SIDE_STYLE('',(#3041));
#1630=EDGE_LOOP('',(#3042,#3043,#3044,#3045));
#1631=AXIS2_PLACEMENT_3D('',#3046,#3047,#3048);
#1632=SURFACE_SIDE_STYLE('',(#3049));
#1633=EDGE_LOOP('',(#3050,#3051,#3052,#3053));
#1634=AXIS2_PLACEMENT_3D('',#3054,#3055,#3056);
#1635=SURFACE_SIDE_STYLE('',(#3057));
#1636=EDGE_LOOP('',(#3058,#3059,#3060,#3061));
#1637=AXIS2_PLACEMENT_3D('',#3062,#3063,#3064);
#1638=SURFACE_SIDE_STYLE('',(#3065));
#1639=EDGE_LOOP('',(#3066,#3067,#3068,#3069));
#1640=AXIS2_PLACEMENT_3D('',#3070,#3071,#3072);
#1641=SURFACE_SIDE_STYLE('',(#3073));
#1642=EDGE_LOOP('',(#3074,#3075,#3076,#3077));
#1643=AXIS2_PLACEMENT_3D('',#3078,#3079,#3080);
#1644=SURFACE_SIDE_STYLE('',(#3081));
#1645=EDGE_LOOP('',(#3082,#3083,#3084,#3085));
#1646=AXIS2_PLACEMENT_3D('',#3086,#3087,#3088);
#1647=SURFACE_SIDE_STYLE('',(#3089));
#1648=EDGE_LOOP('',(#3090,#3091,#3092,#3093));
#1649=AXIS2_PLACEMENT_3D('',#3094,#3095,#3096);
#1650=SURFACE_SIDE_STYLE('',(#3097));
#1651=EDGE_LOOP('',(#3098,#3099,#3100,#3101));
#1652=AXIS2_PLACEMENT_3D('',#3102,#3103,#3104);
#1653=SURFACE_SIDE_STYLE('',(#3105));
#1654=EDGE_LOOP('',(#3106,#3107,#3108,#3109));
#1655=AXIS2_PLACEMENT_3D('',#3110,#3111,#3112);
#1656=SURFACE_SIDE_STYLE('',(#3113));
#1657=EDGE_LOOP('',(#3114,#3115,#3116,#3117,#3118,#3119));
#1658=AXIS2_PLACEMENT_3D('',#3120,#3121,#3122);
#1659=SURFACE_SIDE_STYLE('',(#3123));
#1660=EDGE_LOOP('',(#3124,#3125,#3126,#3127));
#1661=AXIS2_PLACEMENT_3D('',#3128,#3129,#3130);
#1662=SURFACE_SIDE_STYLE('',(#3131));
#1663=EDGE_LOOP('',(#3132,#3133,#3134,#3135));
#1664=AXIS2_PLACEMENT_3D('',#3136,#3137,#3138);
#1665=SURFACE_SIDE_STYLE('',(#3139));
#1666=EDGE_LOOP('',(#3140,#3141,#3142,#3143));
#1667=AXIS2_PLACEMENT_3D('',#3144,#3145,#3146);
#1668=SURFACE_SIDE_STYLE('',(#3147));
#1669=EDGE_LOOP('',(#3148,#3149,#3150,#3151));
#1670=AXIS2_PLACEMENT_3D('',#3152,#3153,#3154);
#1671=SURFACE_SIDE_STYLE('',(#3155));
#1672=EDGE_LOOP('',(#3156,#3157,#3158,#3159));
#1673=AXIS2_PLACEMENT_3D('',#3160,#3161,#3162);
#1674=SURFACE_SIDE_STYLE('',(#3163));
#1675=EDGE_LOOP('',(#3164,#3165,#3166,#3167));
#1676=AXIS2_PLACEMENT_3D('',#3168,#3169,#3170);
#1677=SURFACE_SIDE_STYLE('',(#3171));
#1678=EDGE_LOOP('',(#3172,#3173,#3174,#3175));
#1679=AXIS2_PLACEMENT_3D('',#3176,#3177,#3178);
#1680=SURFACE_SIDE_STYLE('',(#3179));
#1681=EDGE_LOOP('',(#3180,#3181,#3182,#3183));
#1682=AXIS2_PLACEMENT_3D('',#3184,#3185,#3186);
#1683=SURFACE_SIDE_STYLE('',(#3187));
#1684=EDGE_LOOP('',(#3188,#3189,#3190,#3191));
#1685=AXIS2_PLACEMENT_3D('',#3192,#3193,#3194);
#1686=SURFACE_SIDE_STYLE('',(#3195));
#1687=EDGE_LOOP('',(#3196,#3197,#3198,#3199));
#1688=AXIS2_PLACEMENT_3D('',#3200,#3201,#3202);
#1689=SURFACE_SIDE_STYLE('',(#3203));
#1690=EDGE_LOOP('',(#3204,#3205,#3206,#3207));
#1691=AXIS2_PLACEMENT_3D('',#3208,#3209,#3210);
#1692=SURFACE_SIDE_STYLE('',(#3211));
#1693=EDGE_LOOP('',(#3212,#3213,#3214,#3215));
#1694=AXIS2_PLACEMENT_3D('',#3216,#3217,#3218);
#1695=SURFACE_SIDE_STYLE('',(#3219));
#1696=EDGE_LOOP('',(#3220,#3221,#3222,#3223));
#1697=AXIS2_PLACEMENT_3D('',#3224,#3225,#3226);
#1698=SURFACE_SIDE_STYLE('',(#3227));
#1699=EDGE_LOOP('',(#3228,#3229,#3230,#3231));
#1700=AXIS2_PLACEMENT_3D('',#3232,#3233,#3234);
#1701=SURFACE_SIDE_STYLE('',(#3235));
#1702=EDGE_LOOP('',(#3236,#3237,#3238,#3239));
#1703=AXIS2_PLACEMENT_3D('',#3240,#3241,#3242);
#1704=SURFACE_SIDE_STYLE('',(#3243));
#1705=EDGE_LOOP('',(#3244,#3245,#3246,#3247));
#1706=AXIS2_PLACEMENT_3D('',#3248,#3249,#3250);
#1707=SURFACE_SIDE_STYLE('',(#3251));
#1708=EDGE_LOOP('',(#3252,#3253,#3254,#3255));
#1709=AXIS2_PLACEMENT_3D('',#3256,#3257,#3258);
#1710=SURFACE_SIDE_STYLE('',(#3259));
#1711=EDGE_LOOP('',(#3260,#3261,#3262,#3263));
#1712=AXIS2_PLACEMENT_3D('',#3264,#3265,#3266);
#1713=SURFACE_SIDE_STYLE('',(#3267));
#1714=EDGE_LOOP('',(#3268,#3269,#3270,#3271));
#1715=AXIS2_PLACEMENT_3D('',#3272,#3273,#3274);
#1716=SURFACE_SIDE_STYLE('',(#3275));
#1717=EDGE_LOOP('',(#3276,#3277));
#1718=AXIS2_PLACEMENT_3D('',#3278,#3279,#3280);
#1719=SURFACE_SIDE_STYLE('',(#3281));
#1720=EDGE_LOOP('',(#3282,#3283,#3284,#3285));
#1721=AXIS2_PLACEMENT_3D('',#3286,#3287,#3288);
#1722=SURFACE_SIDE_STYLE('',(#3289));
#1723=EDGE_LOOP('',(#3290,#3291,#3292,#3293));
#1724=AXIS2_PLACEMENT_3D('',#3294,#3295,#3296);
#1725=SURFACE_SIDE_STYLE('',(#3297));
#1726=EDGE_LOOP('',(#3298,#3299));
#1727=AXIS2_PLACEMENT_3D('',#3300,#3301,#3302);
#1728=SURFACE_SIDE_STYLE('',(#3303));
#1729=EDGE_LOOP('',(#3304,#3305,#3306,#3307));
#1730=AXIS2_PLACEMENT_3D('',#3308,#3309,#3310);
#1731=SURFACE_SIDE_STYLE('',(#3311));
#1732=EDGE_LOOP('',(#3312,#3313,#3314,#3315));
#1733=AXIS2_PLACEMENT_3D('',#3316,#3317,#3318);
#1734=SURFACE_SIDE_STYLE('',(#3319));
#1735=EDGE_LOOP('',(#3320,#3321,#3322,#3323));
#1736=AXIS2_PLACEMENT_3D('',#3324,#3325,#3326);
#1737=SURFACE_SIDE_STYLE('',(#3327));
#1738=EDGE_LOOP('',(#3328,#3329,#3330,#3331));
#1739=AXIS2_PLACEMENT_3D('',#3332,#3333,#3334);
#1740=SURFACE_SIDE_STYLE('',(#3335));
#1741=EDGE_LOOP('',(#3336,#3337,#3338,#3339,#3340,#3341,#3342,#3343,#3344,#3345,#3346,#3347,#3348,#3349,#3350,#3351,#3352,#3353,#3354,#3355,#3356,#3357,#3358,#3359,#3360,#3361,#3362,#3363,#3364));
#1742=EDGE_LOOP('',(#3365,#3366,#3367,#3368,#3369,#3370,#3371,#3372,#3373,#3374,#3375,#3376,#3377,#3378,#3379,#3380,#3381,#3382,#3383,#3384));
#1743=AXIS2_PLACEMENT_3D('',#3385,#3386,#3387);
#1744=SURFACE_SIDE_STYLE('',(#3388));
#1745=EDGE_LOOP('',(#3389,#3390,#3391,#3392));
#1746=AXIS2_PLACEMENT_3D('',#3393,#3394,#3395);
#1747=SURFACE_SIDE_STYLE('',(#3396));
#1748=EDGE_LOOP('',(#3397,#3398,#3399,#3400));
#1749=AXIS2_PLACEMENT_3D('',#3401,#3402,#3403);
#1750=SURFACE_SIDE_STYLE('',(#3404));
#1751=EDGE_LOOP('',(#3405,#3406,#3407,#3408));
#1752=AXIS2_PLACEMENT_3D('',#3409,#3410,#3411);
#1753=SURFACE_SIDE_STYLE('',(#3412));
#1754=EDGE_LOOP('',(#3413,#3414,#3415,#3416));
#1755=AXIS2_PLACEMENT_3D('',#3417,#3418,#3419);
#1756=SURFACE_SIDE_STYLE('',(#3420));
#1757=EDGE_LOOP('',(#3421,#3422,#3423,#3424,#3425,#3426,#3427,#3428,#3429,#3430,#3431,#3432,#3433,#3434,#3435,#3436));
#1758=AXIS2_PLACEMENT_3D('',#3437,#3438,#3439);
#1759=SURFACE_SIDE_STYLE('',(#3440));
#1760=EDGE_LOOP('',(#3441,#3442,#3443,#3444));
#1761=AXIS2_PLACEMENT_3D('',#3445,#3446,#3447);
#1762=SURFACE_SIDE_STYLE('',(#3448));
#1763=EDGE_LOOP('',(#3449,#3450,#3451,#3452));
#1764=AXIS2_PLACEMENT_3D('',#3453,#3454,#3455);
#1765=SURFACE_SIDE_STYLE('',(#3456));
#1766=EDGE_LOOP('',(#3457,#3458,#3459,#3460,#3461,#3462,#3463,#3464,#3465,#3466,#3467,#3468,#3469,#3470,#3471,#3472,#3473,#3474,#3475,#3476,#3477,#3478,#3479,#3480,#3481,#3482,#3483,#3484,#3485,#3486,#3487,#3488,#3489,#3490));
#1767=AXIS2_PLACEMENT_3D('',#3491,#3492,#3493);
#1768=SURFACE_SIDE_STYLE('',(#3494));
#1769=EDGE_LOOP('',(#3495,#3496,#3497,#3498));
#1770=AXIS2_PLACEMENT_3D('',#3499,#3500,#3501);
#1771=SURFACE_SIDE_STYLE('',(#3502));
#1772=EDGE_LOOP('',(#3503,#3504,#3505,#3506,#3507,#3508));
#1773=AXIS2_PLACEMENT_3D('',#3509,#3510,#3511);
#1774=SURFACE_SIDE_STYLE('',(#3512));
#1775=EDGE_LOOP('',(#3513,#3514,#3515,#3516));
#1776=AXIS2_PLACEMENT_3D('',#3517,#3518,#3519);
#1777=SURFACE_SIDE_STYLE('',(#3520));
#1778=EDGE_LOOP('',(#3521,#3522,#3523,#3524));
#1779=AXIS2_PLACEMENT_3D('',#3525,#3526,#3527);
#1780=SURFACE_SIDE_STYLE('',(#3528));
#1781=EDGE_LOOP('',(#3529,#3530,#3531,#3532));
#1782=AXIS2_PLACEMENT_3D('',#3533,#3534,#3535);
#1783=SURFACE_SIDE_STYLE('',(#3536));
#1784=EDGE_LOOP('',(#3537,#3538,#3539,#3540,#3541,#3542,#3543,#3544,#3545,#3546));
#1785=AXIS2_PLACEMENT_3D('',#3547,#3548,#3549);
#1786=SURFACE_SIDE_STYLE('',(#3550));
#1787=EDGE_LOOP('',(#3551,#3552,#3553,#3554));
#1788=AXIS2_PLACEMENT_3D('',#3555,#3556,#3557);
#1789=SURFACE_SIDE_STYLE('',(#3558));
#1790=EDGE_LOOP('',(#3559,#3560,#3561,#3562));
#1791=AXIS2_PLACEMENT_3D('',#3563,#3564,#3565);
#1792=SURFACE_SIDE_STYLE('',(#3566));
#1793=EDGE_LOOP('',(#3567,#3568,#3569,#3570,#3571));
#1794=AXIS2_PLACEMENT_3D('',#3572,#3573,#3574);
#1795=SURFACE_SIDE_STYLE('',(#3575));
#1796=EDGE_LOOP('',(#3576,#3577,#3578,#3579,#3580));
#1797=AXIS2_PLACEMENT_3D('',#3581,#3582,#3583);
#1798=SURFACE_SIDE_STYLE('',(#3584));
#1799=EDGE_LOOP('',(#3585,#3586,#3587,#3588,#3589,#3590));
#1800=AXIS2_PLACEMENT_3D('',#3591,#3592,#3593);
#1801=SURFACE_SIDE_STYLE('',(#3594));
#1802=EDGE_LOOP('',(#3595,#3596,#3597,#3598,#3599,#3600,#3601,#3602,#3603,#3604,#3605,#3606,#3607,#3608,#3609,#3610));
#1803=AXIS2_PLACEMENT_3D('',#3611,#3612,#3613);
#1804=SURFACE_SIDE_STYLE('',(#3614));
#1805=EDGE_LOOP('',(#3615,#3616,#3617,#3618));
#1806=AXIS2_PLACEMENT_3D('',#3619,#3620,#3621);
#1807=SURFACE_SIDE_STYLE('',(#3622));
#1808=EDGE_LOOP('',(#3623,#3624,#3625,#3626));
#1809=AXIS2_PLACEMENT_3D('',#3627,#3628,#3629);
#1810=SURFACE_SIDE_STYLE('',(#3630));
#1811=EDGE_LOOP('',(#3631,#3632,#3633,#3634));
#1812=AXIS2_PLACEMENT_3D('',#3635,#3636,#3637);
#1813=SURFACE_SIDE_STYLE('',(#3638));
#1814=EDGE_LOOP('',(#3639,#3640,#3641,#3642));
#1815=AXIS2_PLACEMENT_3D('',#3643,#3644,#3645);
#1816=SURFACE_SIDE_STYLE('',(#3646));
#1817=EDGE_LOOP('',(#3647,#3648,#3649,#3650));
#1818=AXIS2_PLACEMENT_3D('',#3651,#3652,#3653);
#1819=SURFACE_SIDE_STYLE('',(#3654));
#1820=EDGE_LOOP('',(#3655,#3656,#3657,#3658));
#1821=AXIS2_PLACEMENT_3D('',#3659,#3660,#3661);
#1822=SURFACE_SIDE_STYLE('',(#3662));
#1823=EDGE_LOOP('',(#3663,#3664,#3665,#3666));
#1824=AXIS2_PLACEMENT_3D('',#3667,#3668,#3669);
#1825=SURFACE_SIDE_STYLE('',(#3670));
#1826=EDGE_LOOP('',(#3671,#3672,#3673,#3674));
#1827=AXIS2_PLACEMENT_3D('',#3675,#3676,#3677);
#1828=SURFACE_SIDE_STYLE('',(#3678));
#1829=EDGE_LOOP('',(#3679,#3680,#3681,#3682));
#1830=AXIS2_PLACEMENT_3D('',#3683,#3684,#3685);
#1831=SURFACE_SIDE_STYLE('',(#3686));
#1832=EDGE_LOOP('',(#3687,#3688,#3689,#3690));
#1833=AXIS2_PLACEMENT_3D('',#3691,#3692,#3693);
#1834=SURFACE_SIDE_STYLE('',(#3694));
#1835=EDGE_LOOP('',(#3695,#3696,#3697,#3698,#3699,#3700));
#1836=AXIS2_PLACEMENT_3D('',#3701,#3702,#3703);
#1837=SURFACE_SIDE_STYLE('',(#3704));
#1838=EDGE_LOOP('',(#3705,#3706,#3707,#3708));
#1839=AXIS2_PLACEMENT_3D('',#3709,#3710,#3711);
#1840=SURFACE_SIDE_STYLE('',(#3712));
#1841=EDGE_LOOP('',(#3713,#3714,#3715,#3716,#3717,#3718));
#1842=AXIS2_PLACEMENT_3D('',#3719,#3720,#3721);
#1843=SURFACE_SIDE_STYLE('',(#3722));
#1844=EDGE_LOOP('',(#3723,#3724,#3725,#3726,#3727));
#1845=AXIS2_PLACEMENT_3D('',#3728,#3729,#3730);
#1846=SURFACE_SIDE_STYLE('',(#3731));
#1847=EDGE_LOOP('',(#3732,#3733,#3734,#3735,#3736));
#1848=AXIS2_PLACEMENT_3D('',#3737,#3738,#3739);
#1849=SURFACE_SIDE_STYLE('',(#3740));
#1850=EDGE_LOOP('',(#3741,#3742,#3743,#3744,#3745));
#1851=AXIS2_PLACEMENT_3D('',#3746,#3747,#3748);
#1852=SURFACE_SIDE_STYLE('',(#3749));
#1853=EDGE_LOOP('',(#3750,#3751,#3752,#3753,#3754));
#1854=AXIS2_PLACEMENT_3D('',#3755,#3756,#3757);
#1855=SURFACE_SIDE_STYLE('',(#3758));
#1856=EDGE_LOOP('',(#3759,#3760,#3761,#3762));
#1857=AXIS2_PLACEMENT_3D('',#3763,#3764,#3765);
#1858=SURFACE_SIDE_STYLE('',(#3766));
#1859=EDGE_LOOP('',(#3767,#3768,#3769,#3770,#3771,#3772,#3773,#3774));
#1860=AXIS2_PLACEMENT_3D('',#3775,#3776,#3777);
#1861=SURFACE_SIDE_STYLE('',(#3778));
#1862=EDGE_LOOP('',(#3779,#3780,#3781,#3782,#3783,#3784,#3785,#3786));
#1863=AXIS2_PLACEMENT_3D('',#3787,#3788,#3789);
#1864=SURFACE_SIDE_STYLE('',(#3790));
#1865=EDGE_LOOP('',(#3791,#3792,#3793,#3794,#3795,#3796,#3797,#3798));
#1866=AXIS2_PLACEMENT_3D('',#3799,#3800,#3801);
#1867=SURFACE_SIDE_STYLE('',(#3802));
#1868=EDGE_LOOP('',(#3803,#3804,#3805,#3806));
#1869=AXIS2_PLACEMENT_3D('',#3807,#3808,#3809);
#1870=SURFACE_SIDE_STYLE('',(#3810));
#1871=EDGE_LOOP('',(#3811,#3812,#3813,#3814));
#1872=AXIS2_PLACEMENT_3D('',#3815,#3816,#3817);
#1873=SURFACE_SIDE_STYLE('',(#3818));
#1874=EDGE_LOOP('',(#3819,#3820,#3821,#3822));
#1875=AXIS2_PLACEMENT_3D('',#3823,#3824,#3825);
#1876=SURFACE_SIDE_STYLE('',(#3826));
#1877=EDGE_LOOP('',(#3827,#3828,#3829,#3830));
#1878=AXIS2_PLACEMENT_3D('',#3831,#3832,#3833);
#1880=SURFACE_STYLE_FILL_AREA(#3834);
#1881=ORIENTED_EDGE('',*,*,#3835,.F.);
#1882=ORIENTED_EDGE('',*,*,#3836,.T.);
#1883=ORIENTED_EDGE('',*,*,#3837,.F.);
#1884=ORIENTED_EDGE('',*,*,#3838,.F.);
#1885=CARTESIAN_POINT('',(-0.95,-0.575,2.7));
#1886=DIRECTION('',(-0.0,1.0,-0.0));
#1887=DIRECTION('',(1.0,0.0,0.0));
#1888=SURFACE_STYLE_FILL_AREA(#3839);
#1889=ORIENTED_EDGE('',*,*,#3840,.F.);
#1890=ORIENTED_EDGE('',*,*,#3838,.T.);
#1891=ORIENTED_EDGE('',*,*,#3841,.F.);
#1892=ORIENTED_EDGE('',*,*,#3842,.F.);
#1893=CARTESIAN_POINT('',(-0.95,-0.0250000000000001,2.7));
#1894=DIRECTION('',(-0.0,1.0,0.0));
#1895=DIRECTION('',(1.0,0.0,0.0));
#1896=SURFACE_STYLE_FILL_AREA(#3843);
#1897=ORIENTED_EDGE('',*,*,#3844,.F.);
#1898=ORIENTED_EDGE('',*,*,#3845,.T.);
#1899=ORIENTED_EDGE('',*,*,#3846,.F.);
#1900=ORIENTED_EDGE('',*,*,#3847,.F.);
#1901=CARTESIAN_POINT('',(4.7,-0.575,2.7));
#1902=DIRECTION('',(-0.0,1.0,-0.0));
#1903=DIRECTION('',(1.0,0.0,0.0));
#1904=SURFACE_STYLE_FILL_AREA(#3848);
#1905=ORIENTED_EDGE('',*,*,#3849,.F.);
#1906=ORIENTED_EDGE('',*,*,#3847,.T.);
#1907=ORIENTED_EDGE('',*,*,#3850,.F.);
#1908=ORIENTED_EDGE('',*,*,#3851,.F.);
#1909=CARTESIAN_POINT('',(4.7,-0.0250000000000001,2.7));
#1910=DIRECTION('',(-0.0,1.0,0.0));
#1911=DIRECTION('',(1.0,0.0,0.0));
#1912=SURFACE_STYLE_FILL_AREA(#3852);
#1913=ORIENTED_EDGE('',*,*,#3853,.F.);
#1914=ORIENTED_EDGE('',*,*,#3854,.F.);
#1915=ORIENTED_EDGE('',*,*,#3855,.F.);
#1916=ORIENTED_EDGE('',*,*,#3856,.F.);
#1917=ORIENTED_EDGE('',*,*,#3857,.T.);
#1918=ORIENTED_EDGE('',*,*,#3858,.F.);
#1919=CARTESIAN_POINT('',(3.575,-0.0124088999376484,-0.8));
#1920=DIRECTION('',(-1.0,8.22408827970777E-18,0.0));
#1921=DIRECTION('',(-8.22408827970777E-18,-1.0,-0.0));
#1922=SURFACE_STYLE_FILL_AREA(#3859);
#1923=ORIENTED_EDGE('',*,*,#3860,.F.);
#1924=ORIENTED_EDGE('',*,*,#3861,.T.);
#1925=ORIENTED_EDGE('',*,*,#3862,.F.);
#1926=ORIENTED_EDGE('',*,*,#3855,.T.);
#1927=CARTESIAN_POINT('',(3.54,1.02510111644717,0.375));
#1928=DIRECTION('',(1.0,0.0,6.12323399573676E-17));
#1929=DIRECTION('',(6.12323399573676E-17,0.0,-1.0));
#1930=SURFACE_STYLE_FILL_AREA(#3863);
#1931=ORIENTED_EDGE('',*,*,#3864,.T.);
#1932=ORIENTED_EDGE('',*,*,#3865,.F.);
#1933=ORIENTED_EDGE('',*,*,#3866,.T.);
#1934=ORIENTED_EDGE('',*,*,#3867,.T.);
#1935=CARTESIAN_POINT('',(3.54,-1.97921928883903,0.128475085621216));
#1936=DIRECTION('',(-6.03979894411101E-17,-0.164518353671769,0.986374022014535));
#1937=DIRECTION('',(1.00738437612562E-17,-0.986374022014535,-0.164518353671769));
#1938=SURFACE_STYLE_FILL_AREA(#3868);
#1939=ORIENTED_EDGE('',*,*,#3869,.F.);
#1940=ORIENTED_EDGE('',*,*,#3858,.T.);
#1941=ORIENTED_EDGE('',*,*,#3870,.T.);
#1942=ORIENTED_EDGE('',*,*,#3865,.T.);
#1943=ORIENTED_EDGE('',*,*,#3871,.T.);
#1944=ORIENTED_EDGE('',*,*,#3872,.T.);
#1945=CARTESIAN_POINT('',(3.54,-0.0814146564930376,0.175));
#1946=DIRECTION('',(-6.12323399573676E-17,0.0,1.0));
#1947=DIRECTION('',(0.0,-1.0,0.0));
#1948=SURFACE_STYLE_FILL_AREA(#3873);
#1949=ORIENTED_EDGE('',*,*,#3874,.T.);
#1950=ORIENTED_EDGE('',*,*,#3867,.F.);
#1951=ORIENTED_EDGE('',*,*,#3875,.T.);
#1952=ORIENTED_EDGE('',*,*,#3876,.T.);
#1953=CARTESIAN_POINT('',(3.54,-2.25000382587288,0.0326238662369489));
#1954=DIRECTION('',(1.0,0.0,6.12323399573676E-17));
#1955=DIRECTION('',(6.12323399573676E-17,0.0,-1.0));
#1956=SURFACE_STYLE_FILL_AREA(#3877);
#1957=ORIENTED_EDGE('',*,*,#3878,.T.);
#1958=ORIENTED_EDGE('',*,*,#3876,.F.);
#1959=ORIENTED_EDGE('',*,*,#3879,.T.);
#1960=ORIENTED_EDGE('',*,*,#3880,.T.);
#1961=CARTESIAN_POINT('',(3.54,-2.3,0.0));
#1962=DIRECTION('',(0.0,-1.0,0.0));
#1963=DIRECTION('',(6.12323399573676E-17,0.0,-1.0));
#1964=SURFACE_STYLE_FILL_AREA(#3881);
#1965=ORIENTED_EDGE('',*,*,#3882,.T.);
#1966=ORIENTED_EDGE('',*,*,#3880,.F.);
#1967=ORIENTED_EDGE('',*,*,#3883,.T.);
#1968=ORIENTED_EDGE('',*,*,#3884,.T.);
#1969=CARTESIAN_POINT('',(3.54,-2.25000382587293,-0.032623866236966));
#1970=DIRECTION('',(1.0,0.0,6.12323399573676E-17));
#1971=DIRECTION('',(6.12323399573676E-17,0.0,-1.0));
#1972=SURFACE_STYLE_FILL_AREA(#3885);
#1973=ORIENTED_EDGE('',*,*,#3886,.T.);
#1974=ORIENTED_EDGE('',*,*,#3887,.F.);
#1975=ORIENTED_EDGE('',*,*,#3888,.T.);
#1976=ORIENTED_EDGE('',*,*,#3856,.T.);
#1977=ORIENTED_EDGE('',*,*,#3862,.T.);
#1978=ORIENTED_EDGE('',*,*,#3889,.T.);
#1979=CARTESIAN_POINT('',(3.54,-0.337588425642058,-0.175));
#1980=DIRECTION('',(6.12323399573676E-17,0.0,-1.0));
#1981=DIRECTION('',(0.0,1.0,0.0));
#1982=SURFACE_STYLE_FILL_AREA(#3890);
#1983=ORIENTED_EDGE('',*,*,#3891,.T.);
#1984=ORIENTED_EDGE('',*,*,#3884,.F.);
#1985=ORIENTED_EDGE('',*,*,#3892,.T.);
#1986=ORIENTED_EDGE('',*,*,#3887,.T.);
#1987=CARTESIAN_POINT('',(3.54,-1.97921928883906,-0.128475085621204));
#1988=DIRECTION('',(6.03979894411095E-17,-0.164518353671827,-0.986374022014526));
#1989=DIRECTION('',(1.00738437612597E-17,0.986374022014526,-0.164518353671827));
#1990=SURFACE_STYLE_FILL_AREA(#3893);
#1991=ORIENTED_EDGE('',*,*,#3894,.F.);
#1992=ORIENTED_EDGE('',*,*,#3872,.F.);
#1993=ORIENTED_EDGE('',*,*,#3895,.F.);
#1994=ORIENTED_EDGE('',*,*,#3889,.F.);
#1995=ORIENTED_EDGE('',*,*,#3861,.F.);
#1996=ORIENTED_EDGE('',*,*,#3896,.F.);
#1997=CARTESIAN_POINT('',(3.925,-0.0125096372638154,-0.8));
#1998=DIRECTION('',(1.0,0.0,0.0));
#1999=DIRECTION('',(0.0,1.0,0.0));
#2000=SURFACE_STYLE_FILL_AREA(#3897);
#2001=ORIENTED_EDGE('',*,*,#3870,.F.);
#2002=ORIENTED_EDGE('',*,*,#3857,.F.);
#2003=ORIENTED_EDGE('',*,*,#3888,.F.);
#2004=ORIENTED_EDGE('',*,*,#3892,.F.);
#2005=ORIENTED_EDGE('',*,*,#3883,.F.);
#2006=ORIENTED_EDGE('',*,*,#3879,.F.);
#2007=ORIENTED_EDGE('',*,*,#3875,.F.);
#2008=ORIENTED_EDGE('',*,*,#3866,.F.);
#2009=CARTESIAN_POINT('',(3.66245943159538,-2.22481745188815,-0.8));
#2010=DIRECTION('',(-0.986403869624909,-0.164339301413283,0.0));
#2011=DIRECTION('',(0.164339301413283,-0.986403869624909,0.0));
#2012=SURFACE_STYLE_FILL_AREA(#3898);
#2013=ORIENTED_EDGE('',*,*,#3886,.F.);
#2014=ORIENTED_EDGE('',*,*,#3895,.T.);
#2015=ORIENTED_EDGE('',*,*,#3871,.F.);
#2016=ORIENTED_EDGE('',*,*,#3864,.F.);
#2017=ORIENTED_EDGE('',*,*,#3874,.F.);
#2018=ORIENTED_EDGE('',*,*,#3878,.F.);
#2019=ORIENTED_EDGE('',*,*,#3882,.F.);
#2020=ORIENTED_EDGE('',*,*,#3891,.F.);
#2021=CARTESIAN_POINT('',(3.83745943159538,-2.22491818921431,-0.8));
#2022=DIRECTION('',(0.986374022014535,-0.164518353671769,0.0));
#2023=DIRECTION('',(0.164518353671769,0.986374022014535,0.0));
#2024=SURFACE_STYLE_FILL_AREA(#3899);
#2025=ORIENTED_EDGE('',*,*,#3900,.T.);
#2026=ORIENTED_EDGE('',*,*,#3851,.T.);
#2027=ORIENTED_EDGE('',*,*,#3901,.T.);
#2028=ORIENTED_EDGE('',*,*,#3842,.T.);
#2029=ORIENTED_EDGE('',*,*,#3853,.T.);
#2030=ORIENTED_EDGE('',*,*,#3869,.T.);
#2031=ORIENTED_EDGE('',*,*,#3894,.T.);
#2032=ORIENTED_EDGE('',*,*,#3902,.F.);
#2033=ORIENTED_EDGE('',*,*,#3903,.F.);
#2034=ORIENTED_EDGE('',*,*,#3904,.F.);
#2035=ORIENTED_EDGE('',*,*,#3905,.F.);
#2036=ORIENTED_EDGE('',*,*,#3906,.F.);
#2037=ORIENTED_EDGE('',*,*,#3907,.F.);
#2038=ORIENTED_EDGE('',*,*,#3908,.F.);
#2039=ORIENTED_EDGE('',*,*,#3909,.F.);
#2040=ORIENTED_EDGE('',*,*,#3910,.F.);
#2041=ORIENTED_EDGE('',*,*,#3911,.T.);
#2042=ORIENTED_EDGE('',*,*,#3912,.T.);
#2043=ORIENTED_EDGE('',*,*,#3913,.T.);
#2044=ORIENTED_EDGE('',*,*,#3914,.F.);
#2045=ORIENTED_EDGE('',*,*,#3915,.T.);
#2046=ORIENTED_EDGE('',*,*,#3916,.T.);
#2047=ORIENTED_EDGE('',*,*,#3917,.T.);
#2048=ORIENTED_EDGE('',*,*,#3918,.F.);
#2049=ORIENTED_EDGE('',*,*,#3919,.T.);
#2050=ORIENTED_EDGE('',*,*,#3920,.T.);
#2051=ORIENTED_EDGE('',*,*,#3921,.T.);
#2052=ORIENTED_EDGE('',*,*,#3922,.F.);
#2053=CARTESIAN_POINT('',(1.875,0.3,1.80340767172168));
#2054=DIRECTION('',(0.0,-1.0,6.12323399573676E-17));
#2055=DIRECTION('',(1.0,0.0,0.0));
#2056=SURFACE_STYLE_FILL_AREA(#3923);
#2057=ORIENTED_EDGE('',*,*,#3919,.F.);
#2058=ORIENTED_EDGE('',*,*,#3924,.F.);
#2059=ORIENTED_EDGE('',*,*,#3925,.F.);
#2060=ORIENTED_EDGE('',*,*,#3926,.F.);
#2061=ORIENTED_EDGE('',*,*,#3927,.T.);
#2062=ORIENTED_EDGE('',*,*,#3928,.F.);
#2063=CARTESIAN_POINT('',(2.325,-0.0124088999376484,-0.8));
#2064=DIRECTION('',(-1.0,8.22408827970777E-18,0.0));
#2065=DIRECTION('',(-8.22408827970777E-18,-1.0,-0.0));
#2066=SURFACE_STYLE_FILL_AREA(#3929);
#2067=ORIENTED_EDGE('',*,*,#3930,.F.);
#2068=ORIENTED_EDGE('',*,*,#3931,.T.);
#2069=ORIENTED_EDGE('',*,*,#3932,.F.);
#2070=ORIENTED_EDGE('',*,*,#3925,.T.);
#2071=CARTESIAN_POINT('',(2.29,1.02510111644717,0.375));
#2072=DIRECTION('',(1.0,0.0,6.12323399573676E-17));
#2073=DIRECTION('',(6.12323399573676E-17,0.0,-1.0));
#2074=SURFACE_STYLE_FILL_AREA(#3933);
#2075=ORIENTED_EDGE('',*,*,#3934,.T.);
#2076=ORIENTED_EDGE('',*,*,#3935,.F.);
#2077=ORIENTED_EDGE('',*,*,#3936,.T.);
#2078=ORIENTED_EDGE('',*,*,#3937,.T.);
#2079=CARTESIAN_POINT('',(2.29,-1.97921928883903,0.128475085621216));
#2080=DIRECTION('',(-6.03979894411101E-17,-0.164518353671769,0.986374022014535));
#2081=DIRECTION('',(1.00738437612562E-17,-0.986374022014535,-0.164518353671769));
#2082=SURFACE_STYLE_FILL_AREA(#3938);
#2083=ORIENTED_EDGE('',*,*,#3920,.F.);
#2084=ORIENTED_EDGE('',*,*,#3928,.T.);
#2085=ORIENTED_EDGE('',*,*,#3939,.T.);
#2086=ORIENTED_EDGE('',*,*,#3935,.T.);
#2087=ORIENTED_EDGE('',*,*,#3940,.T.);
#2088=ORIENTED_EDGE('',*,*,#3941,.T.);
#2089=CARTESIAN_POINT('',(2.29,-0.0814146564930376,0.175));
#2090=DIRECTION('',(-6.12323399573676E-17,0.0,1.0));
#2091=DIRECTION('',(0.0,-1.0,0.0));
#2092=SURFACE_STYLE_FILL_AREA(#3942);
#2093=ORIENTED_EDGE('',*,*,#3943,.T.);
#2094=ORIENTED_EDGE('',*,*,#3937,.F.);
#2095=ORIENTED_EDGE('',*,*,#3944,.T.);
#2096=ORIENTED_EDGE('',*,*,#3945,.T.);
#2097=CARTESIAN_POINT('',(2.29,-2.25000382587288,0.0326238662369489));
#2098=DIRECTION('',(1.0,0.0,6.12323399573676E-17));
#2099=DIRECTION('',(6.12323399573676E-17,0.0,-1.0));
#2100=SURFACE_STYLE_FILL_AREA(#3946);
#2101=ORIENTED_EDGE('',*,*,#3947,.T.);
#2102=ORIENTED_EDGE('',*,*,#3945,.F.);
#2103=ORIENTED_EDGE('',*,*,#3948,.T.);
#2104=ORIENTED_EDGE('',*,*,#3949,.T.);
#2105=CARTESIAN_POINT('',(2.29,-2.3,0.0));
#2106=DIRECTION('',(0.0,-1.0,0.0));
#2107=DIRECTION('',(6.12323399573676E-17,0.0,-1.0));
#2108=SURFACE_STYLE_FILL_AREA(#3950);
#2109=ORIENTED_EDGE('',*,*,#3951,.T.);
#2110=ORIENTED_EDGE('',*,*,#3949,.F.);
#2111=ORIENTED_EDGE('',*,*,#3952,.T.);
#2112=ORIENTED_EDGE('',*,*,#3953,.T.);
#2113=CARTESIAN_POINT('',(2.29,-2.25000382587293,-0.032623866236966));
#2114=DIRECTION('',(1.0,0.0,6.12323399573676E-17));
#2115=DIRECTION('',(6.12323399573676E-17,0.0,-1.0));
#2116=SURFACE_STYLE_FILL_AREA(#3954);
#2117=ORIENTED_EDGE('',*,*,#3955,.T.);
#2118=ORIENTED_EDGE('',*,*,#3956,.F.);
#2119=ORIENTED_EDGE('',*,*,#3957,.T.);
#2120=ORIENTED_EDGE('',*,*,#3926,.T.);
#2121=ORIENTED_EDGE('',*,*,#3932,.T.);
#2122=ORIENTED_EDGE('',*,*,#3958,.T.);
#2123=CARTESIAN_POINT('',(2.29,-0.337588425642058,-0.175));
#2124=DIRECTION('',(6.12323399573676E-17,0.0,-1.0));
#2125=DIRECTION('',(0.0,1.0,0.0));
#2126=SURFACE_STYLE_FILL_AREA(#3959);
#2127=ORIENTED_EDGE('',*,*,#3960,.T.);
#2128=ORIENTED_EDGE('',*,*,#3953,.F.);
#2129=ORIENTED_EDGE('',*,*,#3961,.T.);
#2130=ORIENTED_EDGE('',*,*,#3956,.T.);
#2131=CARTESIAN_POINT('',(2.29,-1.97921928883906,-0.128475085621204));
#2132=DIRECTION('',(6.03979894411095E-17,-0.164518353671827,-0.986374022014526));
#2133=DIRECTION('',(1.00738437612597E-17,0.986374022014526,-0.164518353671827));
#2134=SURFACE_STYLE_FILL_AREA(#3962);
#2135=ORIENTED_EDGE('',*,*,#3921,.F.);
#2136=ORIENTED_EDGE('',*,*,#3941,.F.);
#2137=ORIENTED_EDGE('',*,*,#3963,.F.);
#2138=ORIENTED_EDGE('',*,*,#3958,.F.);
#2139=ORIENTED_EDGE('',*,*,#3931,.F.);
#2140=ORIENTED_EDGE('',*,*,#3964,.F.);
#2141=CARTESIAN_POINT('',(2.675,-0.0125096372638154,-0.8));
#2142=DIRECTION('',(1.0,0.0,0.0));
#2143=DIRECTION('',(0.0,1.0,0.0));
#2144=SURFACE_STYLE_FILL_AREA(#3965);
#2145=ORIENTED_EDGE('',*,*,#3939,.F.);
#2146=ORIENTED_EDGE('',*,*,#3927,.F.);
#2147=ORIENTED_EDGE('',*,*,#3957,.F.);
#2148=ORIENTED_EDGE('',*,*,#3961,.F.);
#2149=ORIENTED_EDGE('',*,*,#3952,.F.);
#2150=ORIENTED_EDGE('',*,*,#3948,.F.);
#2151=ORIENTED_EDGE('',*,*,#3944,.F.);
#2152=ORIENTED_EDGE('',*,*,#3936,.F.);
#2153=CARTESIAN_POINT('',(2.41245943159538,-2.22481745188815,-0.8));
#2154=DIRECTION('',(-0.986403869624909,-0.164339301413283,0.0));
#2155=DIRECTION('',(0.164339301413283,-0.986403869624909,0.0));
#2156=SURFACE_STYLE_FILL_AREA(#3966);
#2157=ORIENTED_EDGE('',*,*,#3955,.F.);
#2158=ORIENTED_EDGE('',*,*,#3963,.T.);
#2159=ORIENTED_EDGE('',*,*,#3940,.F.);
#2160=ORIENTED_EDGE('',*,*,#3934,.F.);
#2161=ORIENTED_EDGE('',*,*,#3943,.F.);
#2162=ORIENTED_EDGE('',*,*,#3947,.F.);
#2163=ORIENTED_EDGE('',*,*,#3951,.F.);
#2164=ORIENTED_EDGE('',*,*,#3960,.F.);
#2165=CARTESIAN_POINT('',(2.58745943159538,-2.22491818921431,-0.8));
#2166=DIRECTION('',(0.986374022014535,-0.164518353671769,0.0));
#2167=DIRECTION('',(0.164518353671769,0.986374022014535,0.0));
#2168=SURFACE_STYLE_FILL_AREA(#3967);
#2169=ORIENTED_EDGE('',*,*,#3915,.F.);
#2170=ORIENTED_EDGE('',*,*,#3968,.F.);
#2171=ORIENTED_EDGE('',*,*,#3969,.F.);
#2172=ORIENTED_EDGE('',*,*,#3970,.F.);
#2173=ORIENTED_EDGE('',*,*,#3971,.T.);
#2174=ORIENTED_EDGE('',*,*,#3972,.F.);
#2175=CARTESIAN_POINT('',(1.075,-0.0124088999376484,-0.8));
#2176=DIRECTION('',(-1.0,8.22408827970777E-18,0.0));
#2177=DIRECTION('',(-8.22408827970777E-18,-1.0,-0.0));
#2178=SURFACE_STYLE_FILL_AREA(#3973);
#2179=ORIENTED_EDGE('',*,*,#3974,.F.);
#2180=ORIENTED_EDGE('',*,*,#3975,.T.);
#2181=ORIENTED_EDGE('',*,*,#3976,.F.);
#2182=ORIENTED_EDGE('',*,*,#3969,.T.);
#2183=CARTESIAN_POINT('',(1.04,1.02510111644717,0.375));
#2184=DIRECTION('',(1.0,0.0,6.12323399573676E-17));
#2185=DIRECTION('',(6.12323399573676E-17,0.0,-1.0));
#2186=SURFACE_STYLE_FILL_AREA(#3977);
#2187=ORIENTED_EDGE('',*,*,#3978,.T.);
#2188=ORIENTED_EDGE('',*,*,#3979,.F.);
#2189=ORIENTED_EDGE('',*,*,#3980,.T.);
#2190=ORIENTED_EDGE('',*,*,#3981,.T.);
#2191=CARTESIAN_POINT('',(1.04,-1.97921928883903,0.128475085621216));
#2192=DIRECTION('',(-6.03979894411101E-17,-0.164518353671769,0.986374022014535));
#2193=DIRECTION('',(1.00738437612562E-17,-0.986374022014535,-0.164518353671769));
#2194=SURFACE_STYLE_FILL_AREA(#3982);
#2195=ORIENTED_EDGE('',*,*,#3916,.F.);
#2196=ORIENTED_EDGE('',*,*,#3972,.T.);
#2197=ORIENTED_EDGE('',*,*,#3983,.T.);
#2198=ORIENTED_EDGE('',*,*,#3979,.T.);
#2199=ORIENTED_EDGE('',*,*,#3984,.T.);
#2200=ORIENTED_EDGE('',*,*,#3985,.T.);
#2201=CARTESIAN_POINT('',(1.04,-0.0814146564930376,0.175));
#2202=DIRECTION('',(-6.12323399573676E-17,0.0,1.0));
#2203=DIRECTION('',(0.0,-1.0,0.0));
#2204=SURFACE_STYLE_FILL_AREA(#3986);
#2205=ORIENTED_EDGE('',*,*,#3987,.T.);
#2206=ORIENTED_EDGE('',*,*,#3981,.F.);
#2207=ORIENTED_EDGE('',*,*,#3988,.T.);
#2208=ORIENTED_EDGE('',*,*,#3989,.T.);
#2209=CARTESIAN_POINT('',(1.04,-2.25000382587288,0.0326238662369489));
#2210=DIRECTION('',(1.0,0.0,6.12323399573676E-17));
#2211=DIRECTION('',(6.12323399573676E-17,0.0,-1.0));
#2212=SURFACE_STYLE_FILL_AREA(#3990);
#2213=ORIENTED_EDGE('',*,*,#3991,.T.);
#2214=ORIENTED_EDGE('',*,*,#3989,.F.);
#2215=ORIENTED_EDGE('',*,*,#3992,.T.);
#2216=ORIENTED_EDGE('',*,*,#3993,.T.);
#2217=CARTESIAN_POINT('',(1.04,-2.3,0.0));
#2218=DIRECTION('',(0.0,-1.0,0.0));
#2219=DIRECTION('',(6.12323399573676E-17,0.0,-1.0));
#2220=SURFACE_STYLE_FILL_AREA(#3994);
#2221=ORIENTED_EDGE('',*,*,#3995,.T.);
#2222=ORIENTED_EDGE('',*,*,#3993,.F.);
#2223=ORIENTED_EDGE('',*,*,#3996,.T.);
#2224=ORIENTED_EDGE('',*,*,#3997,.T.);
#2225=CARTESIAN_POINT('',(1.04,-2.25000382587293,-0.032623866236966));
#2226=DIRECTION('',(1.0,0.0,6.12323399573676E-17));
#2227=DIRECTION('',(6.12323399573676E-17,0.0,-1.0));
#2228=SURFACE_STYLE_FILL_AREA(#3998);
#2229=ORIENTED_EDGE('',*,*,#3999,.T.);
#2230=ORIENTED_EDGE('',*,*,#4000,.F.);
#2231=ORIENTED_EDGE('',*,*,#4001,.T.);
#2232=ORIENTED_EDGE('',*,*,#3970,.T.);
#2233=ORIENTED_EDGE('',*,*,#3976,.T.);
#2234=ORIENTED_EDGE('',*,*,#4002,.T.);
#2235=CARTESIAN_POINT('',(1.04,-0.337588425642058,-0.175));
#2236=DIRECTION('',(6.12323399573676E-17,0.0,-1.0));
#2237=DIRECTION('',(0.0,1.0,0.0));
#2238=SURFACE_STYLE_FILL_AREA(#4003);
#2239=ORIENTED_EDGE('',*,*,#4004,.T.);
#2240=ORIENTED_EDGE('',*,*,#3997,.F.);
#2241=ORIENTED_EDGE('',*,*,#4005,.T.);
#2242=ORIENTED_EDGE('',*,*,#4000,.T.);
#2243=CARTESIAN_POINT('',(1.04,-1.97921928883906,-0.128475085621204));
#2244=DIRECTION('',(6.03979894411095E-17,-0.164518353671827,-0.986374022014526));
#2245=DIRECTION('',(1.00738437612597E-17,0.986374022014526,-0.164518353671827));
#2246=SURFACE_STYLE_FILL_AREA(#4006);
#2247=ORIENTED_EDGE('',*,*,#3917,.F.);
#2248=ORIENTED_EDGE('',*,*,#3985,.F.);
#2249=ORIENTED_EDGE('',*,*,#4007,.F.);
#2250=ORIENTED_EDGE('',*,*,#4002,.F.);
#2251=ORIENTED_EDGE('',*,*,#3975,.F.);
#2252=ORIENTED_EDGE('',*,*,#4008,.F.);
#2253=CARTESIAN_POINT('',(1.425,-0.0125096372638154,-0.8));
#2254=DIRECTION('',(1.0,0.0,0.0));
#2255=DIRECTION('',(0.0,1.0,0.0));
#2256=SURFACE_STYLE_FILL_AREA(#4009);
#2257=ORIENTED_EDGE('',*,*,#3983,.F.);
#2258=ORIENTED_EDGE('',*,*,#3971,.F.);
#2259=ORIENTED_EDGE('',*,*,#4001,.F.);
#2260=ORIENTED_EDGE('',*,*,#4005,.F.);
#2261=ORIENTED_EDGE('',*,*,#3996,.F.);
#2262=ORIENTED_EDGE('',*,*,#3992,.F.);
#2263=ORIENTED_EDGE('',*,*,#3988,.F.);
#2264=ORIENTED_EDGE('',*,*,#3980,.F.);
#2265=CARTESIAN_POINT('',(1.16245943159538,-2.22481745188815,-0.8));
#2266=DIRECTION('',(-0.986403869624909,-0.164339301413283,0.0));
#2267=DIRECTION('',(0.164339301413283,-0.986403869624909,0.0));
#2268=SURFACE_STYLE_FILL_AREA(#4010);
#2269=ORIENTED_EDGE('',*,*,#3999,.F.);
#2270=ORIENTED_EDGE('',*,*,#4007,.T.);
#2271=ORIENTED_EDGE('',*,*,#3984,.F.);
#2272=ORIENTED_EDGE('',*,*,#3978,.F.);
#2273=ORIENTED_EDGE('',*,*,#3987,.F.);
#2274=ORIENTED_EDGE('',*,*,#3991,.F.);
#2275=ORIENTED_EDGE('',*,*,#3995,.F.);
#2276=ORIENTED_EDGE('',*,*,#4004,.F.);
#2277=CARTESIAN_POINT('',(1.33745943159538,-2.22491818921431,-0.8));
#2278=DIRECTION('',(0.986374022014535,-0.164518353671769,0.0));
#2279=DIRECTION('',(0.164518353671769,0.986374022014535,0.0));
#2280=SURFACE_STYLE_FILL_AREA(#4011);
#2281=ORIENTED_EDGE('',*,*,#3911,.F.);
#2282=ORIENTED_EDGE('',*,*,#4012,.F.);
#2283=ORIENTED_EDGE('',*,*,#4013,.F.);
#2284=ORIENTED_EDGE('',*,*,#4014,.F.);
#2285=ORIENTED_EDGE('',*,*,#4015,.T.);
#2286=ORIENTED_EDGE('',*,*,#4016,.F.);
#2287=CARTESIAN_POINT('',(-0.175,-0.0124088999376484,-0.8));
#2288=DIRECTION('',(-1.0,8.22408827970777E-18,0.0));
#2289=DIRECTION('',(-8.22408827970777E-18,-1.0,-0.0));
#2290=SURFACE_STYLE_FILL_AREA(#4017);
#2291=ORIENTED_EDGE('',*,*,#4018,.F.);
#2292=ORIENTED_EDGE('',*,*,#4019,.T.);
#2293=ORIENTED_EDGE('',*,*,#4020,.F.);
#2294=ORIENTED_EDGE('',*,*,#4013,.T.);
#2295=CARTESIAN_POINT('',(-0.21,1.02510111644717,0.375));
#2296=DIRECTION('',(1.0,0.0,6.12323399573676E-17));
#2297=DIRECTION('',(6.12323399573676E-17,0.0,-1.0));
#2298=SURFACE_STYLE_FILL_AREA(#4021);
#2299=ORIENTED_EDGE('',*,*,#4022,.T.);
#2300=ORIENTED_EDGE('',*,*,#4023,.F.);
#2301=ORIENTED_EDGE('',*,*,#4024,.T.);
#2302=ORIENTED_EDGE('',*,*,#4025,.T.);
#2303=CARTESIAN_POINT('',(-0.21,-1.97921928883903,0.128475085621216));
#2304=DIRECTION('',(-6.03979894411101E-17,-0.164518353671769,0.986374022014535));
#2305=DIRECTION('',(1.00738437612562E-17,-0.986374022014535,-0.164518353671769));
#2306=SURFACE_STYLE_FILL_AREA(#4026);
#2307=ORIENTED_EDGE('',*,*,#3912,.F.);
#2308=ORIENTED_EDGE('',*,*,#4016,.T.);
#2309=ORIENTED_EDGE('',*,*,#4027,.T.);
#2310=ORIENTED_EDGE('',*,*,#4023,.T.);
#2311=ORIENTED_EDGE('',*,*,#4028,.T.);
#2312=ORIENTED_EDGE('',*,*,#4029,.T.);
#2313=CARTESIAN_POINT('',(-0.21,-0.0814146564930376,0.175));
#2314=DIRECTION('',(-6.12323399573676E-17,0.0,1.0));
#2315=DIRECTION('',(0.0,-1.0,0.0));
#2316=SURFACE_STYLE_FILL_AREA(#4030);
#2317=ORIENTED_EDGE('',*,*,#4031,.T.);
#2318=ORIENTED_EDGE('',*,*,#4025,.F.);
#2319=ORIENTED_EDGE('',*,*,#4032,.T.);
#2320=ORIENTED_EDGE('',*,*,#4033,.T.);
#2321=CARTESIAN_POINT('',(-0.21,-2.25000382587288,0.0326238662369489));
#2322=DIRECTION('',(1.0,0.0,6.12323399573676E-17));
#2323=DIRECTION('',(6.12323399573676E-17,0.0,-1.0));
#2324=SURFACE_STYLE_FILL_AREA(#4034);
#2325=ORIENTED_EDGE('',*,*,#4035,.T.);
#2326=ORIENTED_EDGE('',*,*,#4033,.F.);
#2327=ORIENTED_EDGE('',*,*,#4036,.T.);
#2328=ORIENTED_EDGE('',*,*,#4037,.T.);
#2329=CARTESIAN_POINT('',(-0.21,-2.3,0.0));
#2330=DIRECTION('',(0.0,-1.0,0.0));
#2331=DIRECTION('',(6.12323399573676E-17,0.0,-1.0));
#2332=SURFACE_STYLE_FILL_AREA(#4038);
#2333=ORIENTED_EDGE('',*,*,#4039,.T.);
#2334=ORIENTED_EDGE('',*,*,#4037,.F.);
#2335=ORIENTED_EDGE('',*,*,#4040,.T.);
#2336=ORIENTED_EDGE('',*,*,#4041,.T.);
#2337=CARTESIAN_POINT('',(-0.21,-2.25000382587293,-0.032623866236966));
#2338=DIRECTION('',(1.0,0.0,6.12323399573676E-17));
#2339=DIRECTION('',(6.12323399573676E-17,0.0,-1.0));
#2340=SURFACE_STYLE_FILL_AREA(#4042);
#2341=ORIENTED_EDGE('',*,*,#4043,.T.);
#2342=ORIENTED_EDGE('',*,*,#4044,.F.);
#2343=ORIENTED_EDGE('',*,*,#4045,.T.);
#2344=ORIENTED_EDGE('',*,*,#4014,.T.);
#2345=ORIENTED_EDGE('',*,*,#4020,.T.);
#2346=ORIENTED_EDGE('',*,*,#4046,.T.);
#2347=CARTESIAN_POINT('',(-0.21,-0.337588425642058,-0.175));
#2348=DIRECTION('',(6.12323399573676E-17,0.0,-1.0));
#2349=DIRECTION('',(0.0,1.0,0.0));
#2350=SURFACE_STYLE_FILL_AREA(#4047);
#2351=ORIENTED_EDGE('',*,*,#4048,.T.);
#2352=ORIENTED_EDGE('',*,*,#4041,.F.);
#2353=ORIENTED_EDGE('',*,*,#4049,.T.);
#2354=ORIENTED_EDGE('',*,*,#4044,.T.);
#2355=CARTESIAN_POINT('',(-0.21,-1.97921928883906,-0.128475085621204));
#2356=DIRECTION('',(6.03979894411095E-17,-0.164518353671827,-0.986374022014526));
#2357=DIRECTION('',(1.00738437612597E-17,0.986374022014526,-0.164518353671827));
#2358=SURFACE_STYLE_FILL_AREA(#4050);
#2359=ORIENTED_EDGE('',*,*,#3913,.F.);
#2360=ORIENTED_EDGE('',*,*,#4029,.F.);
#2361=ORIENTED_EDGE('',*,*,#4051,.F.);
#2362=ORIENTED_EDGE('',*,*,#4046,.F.);
#2363=ORIENTED_EDGE('',*,*,#4019,.F.);
#2364=ORIENTED_EDGE('',*,*,#4052,.F.);
#2365=CARTESIAN_POINT('',(0.175,-0.0125096372638154,-0.8));
#2366=DIRECTION('',(1.0,0.0,0.0));
#2367=DIRECTION('',(0.0,1.0,0.0));
#2368=SURFACE_STYLE_FILL_AREA(#4053);
#2369=ORIENTED_EDGE('',*,*,#4027,.F.);
#2370=ORIENTED_EDGE('',*,*,#4015,.F.);
#2371=ORIENTED_EDGE('',*,*,#4045,.F.);
#2372=ORIENTED_EDGE('',*,*,#4049,.F.);
#2373=ORIENTED_EDGE('',*,*,#4040,.F.);
#2374=ORIENTED_EDGE('',*,*,#4036,.F.);
#2375=ORIENTED_EDGE('',*,*,#4032,.F.);
#2376=ORIENTED_EDGE('',*,*,#4024,.F.);
#2377=CARTESIAN_POINT('',(-0.0875405684046191,-2.22481745188815,-0.8));
#2378=DIRECTION('',(-0.986403869624909,-0.164339301413283,0.0));
#2379=DIRECTION('',(0.164339301413283,-0.986403869624909,0.0));
#2380=SURFACE_STYLE_FILL_AREA(#4054);
#2381=ORIENTED_EDGE('',*,*,#4043,.F.);
#2382=ORIENTED_EDGE('',*,*,#4051,.T.);
#2383=ORIENTED_EDGE('',*,*,#4028,.F.);
#2384=ORIENTED_EDGE('',*,*,#4022,.F.);
#2385=ORIENTED_EDGE('',*,*,#4031,.F.);
#2386=ORIENTED_EDGE('',*,*,#4035,.F.);
#2387=ORIENTED_EDGE('',*,*,#4039,.F.);
#2388=ORIENTED_EDGE('',*,*,#4048,.F.);
#2389=CARTESIAN_POINT('',(0.0874594315953809,-2.22491818921431,-0.8));
#2390=DIRECTION('',(0.986374022014535,-0.164518353671769,0.0));
#2391=DIRECTION('',(0.164518353671769,0.986374022014535,0.0));
#2392=SURFACE_STYLE_FILL_AREA(#4055);
#2393=ORIENTED_EDGE('',*,*,#4056,.F.);
#2394=ORIENTED_EDGE('',*,*,#4057,.F.);
#2395=ORIENTED_EDGE('',*,*,#4058,.T.);
#2396=ORIENTED_EDGE('',*,*,#4059,.F.);
#2397=ORIENTED_EDGE('',*,*,#4060,.F.);
#2398=ORIENTED_EDGE('',*,*,#4061,.F.);
#2399=ORIENTED_EDGE('',*,*,#4062,.T.);
#2400=ORIENTED_EDGE('',*,*,#4063,.F.);
#2401=ORIENTED_EDGE('',*,*,#4064,.F.);
#2402=ORIENTED_EDGE('',*,*,#4065,.F.);
#2403=ORIENTED_EDGE('',*,*,#4066,.F.);
#2404=CARTESIAN_POINT('',(3.55,1.35458480851189,2.65329903423214));
#2405=DIRECTION('',(1.0,0.0,6.12323399573676E-17));
#2406=DIRECTION('',(6.12323399573676E-17,0.0,-1.0));
#2407=SURFACE_STYLE_FILL_AREA(#4067);
#2408=ORIENTED_EDGE('',*,*,#4068,.F.);
#2409=ORIENTED_EDGE('',*,*,#4069,.T.);
#2410=ORIENTED_EDGE('',*,*,#4070,.F.);
#2411=ORIENTED_EDGE('',*,*,#4057,.T.);
#2412=CARTESIAN_POINT('',(3.55,1.15000000000003,1.98409830056277));
#2413=DIRECTION('',(0.0,-1.0,0.0));
#2414=DIRECTION('',(6.12323399573676E-17,0.0,-1.0));
#2415=SURFACE_STYLE_FILL_AREA(#4071);
#2416=ORIENTED_EDGE('',*,*,#4072,.T.);
#2417=ORIENTED_EDGE('',*,*,#4073,.F.);
#2418=ORIENTED_EDGE('',*,*,#4065,.T.);
#2419=ORIENTED_EDGE('',*,*,#4074,.T.);
#2420=CARTESIAN_POINT('',(3.55,1.45000000000003,3.5750000000004));
#2421=DIRECTION('',(1.0,0.0,6.12323399573676E-17));
#2422=DIRECTION('',(6.12323399573676E-17,0.0,-1.0));
#2423=SURFACE_STYLE_FILL_AREA(#4075);
#2424=ORIENTED_EDGE('',*,*,#4076,.F.);
#2425=ORIENTED_EDGE('',*,*,#4066,.T.);
#2426=ORIENTED_EDGE('',*,*,#4073,.T.);
#2427=ORIENTED_EDGE('',*,*,#4077,.T.);
#2428=CARTESIAN_POINT('',(3.55,1.65000000000003,2.60000000000026));
#2429=DIRECTION('',(0.0,1.0,0.0));
#2430=DIRECTION('',(-6.12323399573676E-17,0.0,1.0));
#2431=SURFACE_STYLE_FILL_AREA(#4078);
#2432=ORIENTED_EDGE('',*,*,#4079,.T.);
#2433=ORIENTED_EDGE('',*,*,#4080,.F.);
#2434=ORIENTED_EDGE('',*,*,#4058,.F.);
#2435=ORIENTED_EDGE('',*,*,#4070,.T.);
#2436=CARTESIAN_POINT('',(3.55,1.05000000000004,2.34319660112541));
#2437=DIRECTION('',(1.0,0.0,6.12323399573676E-17));
#2438=DIRECTION('',(6.12323399573676E-17,0.0,-1.0));
#2439=SURFACE_STYLE_FILL_AREA(#4081);
#2440=ORIENTED_EDGE('',*,*,#4082,.T.);
#2441=ORIENTED_EDGE('',*,*,#4083,.F.);
#2442=ORIENTED_EDGE('',*,*,#4059,.T.);
#2443=ORIENTED_EDGE('',*,*,#4080,.T.);
#2444=CARTESIAN_POINT('',(3.55,1.00236067977503,2.47881966011287));
#2445=DIRECTION('',(5.47678698264323E-17,-0.447213595499566,-0.894427191000112));
#2446=DIRECTION('',(2.73839349131861E-17,0.894427191000112,-0.447213595499566));
#2447=SURFACE_STYLE_FILL_AREA(#4084);
#2448=ORIENTED_EDGE('',*,*,#4085,.T.);
#2449=ORIENTED_EDGE('',*,*,#4086,.F.);
#2450=ORIENTED_EDGE('',*,*,#4060,.T.);
#2451=ORIENTED_EDGE('',*,*,#4083,.T.);
#2452=CARTESIAN_POINT('',(3.55,0.910000000000025,2.72500000000038));
#2453=DIRECTION('',(1.69953884180813E-32,-1.0,-2.7755575615621E-16));
#2454=DIRECTION('',(6.12323399573676E-17,2.7755575615621E-16,-1.0));
#2455=SURFACE_STYLE_FILL_AREA(#4087);
#2456=ORIENTED_EDGE('',*,*,#4088,.T.);
#2457=ORIENTED_EDGE('',*,*,#4089,.F.);
#2458=ORIENTED_EDGE('',*,*,#4061,.T.);
#2459=ORIENTED_EDGE('',*,*,#4086,.T.);
#2460=CARTESIAN_POINT('',(3.55,1.00236067977502,2.97118033988795));
#2461=DIRECTION('',(-5.47678698264178E-17,-0.447213595500039,0.894427190999876));
#2462=DIRECTION('',(2.73839349132151E-17,-0.894427190999876,-0.447213595500039));
#2463=SURFACE_STYLE_FILL_AREA(#4090);
#2464=ORIENTED_EDGE('',*,*,#4091,.T.);
#2465=ORIENTED_EDGE('',*,*,#4092,.F.);
#2466=ORIENTED_EDGE('',*,*,#4062,.F.);
#2467=ORIENTED_EDGE('',*,*,#4089,.T.);
#2468=CARTESIAN_POINT('',(3.55,1.05000000000004,3.10680339887542));
#2469=DIRECTION('',(1.0,0.0,6.12323399573676E-17));
#2470=DIRECTION('',(6.12323399573676E-17,0.0,-1.0));
#2471=SURFACE_STYLE_FILL_AREA(#4093);
#2472=ORIENTED_EDGE('',*,*,#4094,.T.);
#2473=ORIENTED_EDGE('',*,*,#4095,.F.);
#2474=ORIENTED_EDGE('',*,*,#4063,.T.);
#2475=ORIENTED_EDGE('',*,*,#4092,.T.);
#2476=CARTESIAN_POINT('',(3.55,1.15000000000003,3.44090169943791));
#2477=DIRECTION('',(0.0,-1.0,0.0));
#2478=DIRECTION('',(6.12323399573676E-17,0.0,-1.0));
#2479=SURFACE_STYLE_FILL_AREA(#4096);
#2480=ORIENTED_EDGE('',*,*,#4097,.T.);
#2481=ORIENTED_EDGE('',*,*,#4074,.F.);
#2482=ORIENTED_EDGE('',*,*,#4064,.T.);
#2483=ORIENTED_EDGE('',*,*,#4095,.T.);
#2484=CARTESIAN_POINT('',(3.55,1.30000000000003,3.7750000000004));
#2485=DIRECTION('',(-6.12323399573676E-17,0.0,1.0));
#2486=DIRECTION('',(0.0,-1.0,0.0));
#2487=SURFACE_STYLE_FILL_AREA(#4098);
#2488=ORIENTED_EDGE('',*,*,#4099,.F.);
#2489=ORIENTED_EDGE('',*,*,#4077,.F.);
#2490=ORIENTED_EDGE('',*,*,#4072,.F.);
#2491=ORIENTED_EDGE('',*,*,#4097,.F.);
#2492=ORIENTED_EDGE('',*,*,#4094,.F.);
#2493=ORIENTED_EDGE('',*,*,#4091,.F.);
#2494=ORIENTED_EDGE('',*,*,#4088,.F.);
#2495=ORIENTED_EDGE('',*,*,#4085,.F.);
#2496=ORIENTED_EDGE('',*,*,#4082,.F.);
#2497=ORIENTED_EDGE('',*,*,#4079,.F.);
#2498=ORIENTED_EDGE('',*,*,#4069,.F.);
#2499=CARTESIAN_POINT('',(3.95,1.35458480851189,2.65329903423214));
#2500=DIRECTION('',(1.0,0.0,6.12323399573676E-17));
#2501=DIRECTION('',(6.12323399573676E-17,0.0,-1.0));
#2502=SURFACE_STYLE_FILL_AREA(#4100);
#2503=ORIENTED_EDGE('',*,*,#4101,.F.);
#2504=ORIENTED_EDGE('',*,*,#4102,.F.);
#2505=ORIENTED_EDGE('',*,*,#4103,.T.);
#2506=ORIENTED_EDGE('',*,*,#4104,.F.);
#2507=ORIENTED_EDGE('',*,*,#4105,.F.);
#2508=ORIENTED_EDGE('',*,*,#4106,.F.);
#2509=ORIENTED_EDGE('',*,*,#4107,.T.);
#2510=ORIENTED_EDGE('',*,*,#4108,.F.);
#2511=ORIENTED_EDGE('',*,*,#4109,.F.);
#2512=ORIENTED_EDGE('',*,*,#4110,.F.);
#2513=ORIENTED_EDGE('',*,*,#4111,.F.);
#2514=CARTESIAN_POINT('',(2.3,1.35458480851189,2.65329903423214));
#2515=DIRECTION('',(1.0,0.0,6.12323399573676E-17));
#2516=DIRECTION('',(6.12323399573676E-17,0.0,-1.0));
#2517=SURFACE_STYLE_FILL_AREA(#4112);
#2518=ORIENTED_EDGE('',*,*,#4113,.F.);
#2519=ORIENTED_EDGE('',*,*,#4114,.T.);
#2520=ORIENTED_EDGE('',*,*,#4115,.F.);
#2521=ORIENTED_EDGE('',*,*,#4102,.T.);
#2522=CARTESIAN_POINT('',(2.3,1.15000000000003,1.98409830056277));
#2523=DIRECTION('',(0.0,-1.0,0.0));
#2524=DIRECTION('',(6.12323399573676E-17,0.0,-1.0));
#2525=SURFACE_STYLE_FILL_AREA(#4116);
#2526=ORIENTED_EDGE('',*,*,#4117,.T.);
#2527=ORIENTED_EDGE('',*,*,#4118,.F.);
#2528=ORIENTED_EDGE('',*,*,#4110,.T.);
#2529=ORIENTED_EDGE('',*,*,#4119,.T.);
#2530=CARTESIAN_POINT('',(2.3,1.45000000000003,3.5750000000004));
#2531=DIRECTION('',(1.0,0.0,6.12323399573676E-17));
#2532=DIRECTION('',(6.12323399573676E-17,0.0,-1.0));
#2533=SURFACE_STYLE_FILL_AREA(#4120);
#2534=ORIENTED_EDGE('',*,*,#4121,.F.);
#2535=ORIENTED_EDGE('',*,*,#4111,.T.);
#2536=ORIENTED_EDGE('',*,*,#4118,.T.);
#2537=ORIENTED_EDGE('',*,*,#4122,.T.);
#2538=CARTESIAN_POINT('',(2.3,1.65000000000003,2.60000000000026));
#2539=DIRECTION('',(0.0,1.0,0.0));
#2540=DIRECTION('',(-6.12323399573676E-17,0.0,1.0));
#2541=SURFACE_STYLE_FILL_AREA(#4123);
#2542=ORIENTED_EDGE('',*,*,#4124,.T.);
#2543=ORIENTED_EDGE('',*,*,#4125,.F.);
#2544=ORIENTED_EDGE('',*,*,#4103,.F.);
#2545=ORIENTED_EDGE('',*,*,#4115,.T.);
#2546=CARTESIAN_POINT('',(2.3,1.05000000000004,2.34319660112541));
#2547=DIRECTION('',(1.0,0.0,6.12323399573676E-17));
#2548=DIRECTION('',(6.12323399573676E-17,0.0,-1.0));
#2549=SURFACE_STYLE_FILL_AREA(#4126);
#2550=ORIENTED_EDGE('',*,*,#4127,.T.);
#2551=ORIENTED_EDGE('',*,*,#4128,.F.);
#2552=ORIENTED_EDGE('',*,*,#4104,.T.);
#2553=ORIENTED_EDGE('',*,*,#4125,.T.);
#2554=CARTESIAN_POINT('',(2.3,1.00236067977503,2.47881966011287));
#2555=DIRECTION('',(5.47678698264323E-17,-0.447213595499566,-0.894427191000112));
#2556=DIRECTION('',(2.73839349131861E-17,0.894427191000112,-0.447213595499566));
#2557=SURFACE_STYLE_FILL_AREA(#4129);
#2558=ORIENTED_EDGE('',*,*,#4130,.T.);
#2559=ORIENTED_EDGE('',*,*,#4131,.F.);
#2560=ORIENTED_EDGE('',*,*,#4105,.T.);
#2561=ORIENTED_EDGE('',*,*,#4128,.T.);
#2562=CARTESIAN_POINT('',(2.3,0.910000000000025,2.72500000000038));
#2563=DIRECTION('',(1.69953884180813E-32,-1.0,-2.7755575615621E-16));
#2564=DIRECTION('',(6.12323399573676E-17,2.7755575615621E-16,-1.0));
#2565=SURFACE_STYLE_FILL_AREA(#4132);
#2566=ORIENTED_EDGE('',*,*,#4133,.T.);
#2567=ORIENTED_EDGE('',*,*,#4134,.F.);
#2568=ORIENTED_EDGE('',*,*,#4106,.T.);
#2569=ORIENTED_EDGE('',*,*,#4131,.T.);
#2570=CARTESIAN_POINT('',(2.3,1.00236067977502,2.97118033988795));
#2571=DIRECTION('',(-5.47678698264178E-17,-0.447213595500039,0.894427190999876));
#2572=DIRECTION('',(2.73839349132151E-17,-0.894427190999876,-0.447213595500039));
#2573=SURFACE_STYLE_FILL_AREA(#4135);
#2574=ORIENTED_EDGE('',*,*,#4136,.T.);
#2575=ORIENTED_EDGE('',*,*,#4137,.F.);
#2576=ORIENTED_EDGE('',*,*,#4107,.F.);
#2577=ORIENTED_EDGE('',*,*,#4134,.T.);
#2578=CARTESIAN_POINT('',(2.3,1.05000000000004,3.10680339887542));
#2579=DIRECTION('',(1.0,0.0,6.12323399573676E-17));
#2580=DIRECTION('',(6.12323399573676E-17,0.0,-1.0));
#2581=SURFACE_STYLE_FILL_AREA(#4138);
#2582=ORIENTED_EDGE('',*,*,#4139,.T.);
#2583=ORIENTED_EDGE('',*,*,#4140,.F.);
#2584=ORIENTED_EDGE('',*,*,#4108,.T.);
#2585=ORIENTED_EDGE('',*,*,#4137,.T.);
#2586=CARTESIAN_POINT('',(2.3,1.15000000000003,3.44090169943791));
#2587=DIRECTION('',(0.0,-1.0,0.0));
#2588=DIRECTION('',(6.12323399573676E-17,0.0,-1.0));
#2589=SURFACE_STYLE_FILL_AREA(#4141);
#2590=ORIENTED_EDGE('',*,*,#4142,.T.);
#2591=ORIENTED_EDGE('',*,*,#4119,.F.);
#2592=ORIENTED_EDGE('',*,*,#4109,.T.);
#2593=ORIENTED_EDGE('',*,*,#4140,.T.);
#2594=CARTESIAN_POINT('',(2.3,1.30000000000003,3.7750000000004));
#2595=DIRECTION('',(-6.12323399573676E-17,0.0,1.0));
#2596=DIRECTION('',(0.0,-1.0,0.0));
#2597=SURFACE_STYLE_FILL_AREA(#4143);
#2598=ORIENTED_EDGE('',*,*,#4144,.F.);
#2599=ORIENTED_EDGE('',*,*,#4122,.F.);
#2600=ORIENTED_EDGE('',*,*,#4117,.F.);
#2601=ORIENTED_EDGE('',*,*,#4142,.F.);
#2602=ORIENTED_EDGE('',*,*,#4139,.F.);
#2603=ORIENTED_EDGE('',*,*,#4136,.F.);
#2604=ORIENTED_EDGE('',*,*,#4133,.F.);
#2605=ORIENTED_EDGE('',*,*,#4130,.F.);
#2606=ORIENTED_EDGE('',*,*,#4127,.F.);
#2607=ORIENTED_EDGE('',*,*,#4124,.F.);
#2608=ORIENTED_EDGE('',*,*,#4114,.F.);
#2609=CARTESIAN_POINT('',(2.7,1.35458480851189,2.65329903423214));
#2610=DIRECTION('',(1.0,0.0,6.12323399573676E-17));
#2611=DIRECTION('',(6.12323399573676E-17,0.0,-1.0));
#2612=SURFACE_STYLE_FILL_AREA(#4145);
#2613=ORIENTED_EDGE('',*,*,#4146,.F.);
#2614=ORIENTED_EDGE('',*,*,#4147,.F.);
#2615=ORIENTED_EDGE('',*,*,#4148,.T.);
#2616=ORIENTED_EDGE('',*,*,#4149,.F.);
#2617=ORIENTED_EDGE('',*,*,#4150,.F.);
#2618=ORIENTED_EDGE('',*,*,#4151,.F.);
#2619=ORIENTED_EDGE('',*,*,#4152,.T.);
#2620=ORIENTED_EDGE('',*,*,#4153,.F.);
#2621=ORIENTED_EDGE('',*,*,#4154,.F.);
#2622=ORIENTED_EDGE('',*,*,#4155,.F.);
#2623=ORIENTED_EDGE('',*,*,#4156,.F.);
#2624=CARTESIAN_POINT('',(1.05,1.35458480851189,2.65329903423214));
#2625=DIRECTION('',(1.0,0.0,6.12323399573676E-17));
#2626=DIRECTION('',(6.12323399573676E-17,0.0,-1.0));
#2627=SURFACE_STYLE_FILL_AREA(#4157);
#2628=ORIENTED_EDGE('',*,*,#4158,.F.);
#2629=ORIENTED_EDGE('',*,*,#4159,.T.);
#2630=ORIENTED_EDGE('',*,*,#4160,.F.);
#2631=ORIENTED_EDGE('',*,*,#4147,.T.);
#2632=CARTESIAN_POINT('',(1.05,1.15000000000003,1.98409830056277));
#2633=DIRECTION('',(0.0,-1.0,0.0));
#2634=DIRECTION('',(6.12323399573676E-17,0.0,-1.0));
#2635=SURFACE_STYLE_FILL_AREA(#4161);
#2636=ORIENTED_EDGE('',*,*,#4162,.T.);
#2637=ORIENTED_EDGE('',*,*,#4163,.F.);
#2638=ORIENTED_EDGE('',*,*,#4155,.T.);
#2639=ORIENTED_EDGE('',*,*,#4164,.T.);
#2640=CARTESIAN_POINT('',(1.05,1.45000000000003,3.5750000000004));
#2641=DIRECTION('',(1.0,0.0,6.12323399573676E-17));
#2642=DIRECTION('',(6.12323399573676E-17,0.0,-1.0));
#2643=SURFACE_STYLE_FILL_AREA(#4165);
#2644=ORIENTED_EDGE('',*,*,#4166,.F.);
#2645=ORIENTED_EDGE('',*,*,#4156,.T.);
#2646=ORIENTED_EDGE('',*,*,#4163,.T.);
#2647=ORIENTED_EDGE('',*,*,#4167,.T.);
#2648=CARTESIAN_POINT('',(1.05,1.65000000000003,2.60000000000026));
#2649=DIRECTION('',(0.0,1.0,0.0));
#2650=DIRECTION('',(-6.12323399573676E-17,0.0,1.0));
#2651=SURFACE_STYLE_FILL_AREA(#4168);
#2652=ORIENTED_EDGE('',*,*,#4169,.T.);
#2653=ORIENTED_EDGE('',*,*,#4170,.F.);
#2654=ORIENTED_EDGE('',*,*,#4148,.F.);
#2655=ORIENTED_EDGE('',*,*,#4160,.T.);
#2656=CARTESIAN_POINT('',(1.05,1.05000000000004,2.34319660112541));
#2657=DIRECTION('',(1.0,0.0,6.12323399573676E-17));
#2658=DIRECTION('',(6.12323399573676E-17,0.0,-1.0));
#2659=SURFACE_STYLE_FILL_AREA(#4171);
#2660=ORIENTED_EDGE('',*,*,#4172,.T.);
#2661=ORIENTED_EDGE('',*,*,#4173,.F.);
#2662=ORIENTED_EDGE('',*,*,#4149,.T.);
#2663=ORIENTED_EDGE('',*,*,#4170,.T.);
#2664=CARTESIAN_POINT('',(1.05,1.00236067977503,2.47881966011287));
#2665=DIRECTION('',(5.47678698264323E-17,-0.447213595499566,-0.894427191000112));
#2666=DIRECTION('',(2.73839349131861E-17,0.894427191000112,-0.447213595499566));
#2667=SURFACE_STYLE_FILL_AREA(#4174);
#2668=ORIENTED_EDGE('',*,*,#4175,.T.);
#2669=ORIENTED_EDGE('',*,*,#4176,.F.);
#2670=ORIENTED_EDGE('',*,*,#4150,.T.);
#2671=ORIENTED_EDGE('',*,*,#4173,.T.);
#2672=CARTESIAN_POINT('',(1.05,0.910000000000025,2.72500000000038));
#2673=DIRECTION('',(1.69953884180813E-32,-1.0,-2.7755575615621E-16));
#2674=DIRECTION('',(6.12323399573676E-17,2.7755575615621E-16,-1.0));
#2675=SURFACE_STYLE_FILL_AREA(#4177);
#2676=ORIENTED_EDGE('',*,*,#4178,.T.);
#2677=ORIENTED_EDGE('',*,*,#4179,.F.);
#2678=ORIENTED_EDGE('',*,*,#4151,.T.);
#2679=ORIENTED_EDGE('',*,*,#4176,.T.);
#2680=CARTESIAN_POINT('',(1.05,1.00236067977502,2.97118033988795));
#2681=DIRECTION('',(-5.47678698264178E-17,-0.447213595500039,0.894427190999876));
#2682=DIRECTION('',(2.73839349132151E-17,-0.894427190999876,-0.447213595500039));
#2683=SURFACE_STYLE_FILL_AREA(#4180);
#2684=ORIENTED_EDGE('',*,*,#4181,.T.);
#2685=ORIENTED_EDGE('',*,*,#4182,.F.);
#2686=ORIENTED_EDGE('',*,*,#4152,.F.);
#2687=ORIENTED_EDGE('',*,*,#4179,.T.);
#2688=CARTESIAN_POINT('',(1.05,1.05000000000004,3.10680339887542));
#2689=DIRECTION('',(1.0,0.0,6.12323399573676E-17));
#2690=DIRECTION('',(6.12323399573676E-17,0.0,-1.0));
#2691=SURFACE_STYLE_FILL_AREA(#4183);
#2692=ORIENTED_EDGE('',*,*,#4184,.T.);
#2693=ORIENTED_EDGE('',*,*,#4185,.F.);
#2694=ORIENTED_EDGE('',*,*,#4153,.T.);
#2695=ORIENTED_EDGE('',*,*,#4182,.T.);
#2696=CARTESIAN_POINT('',(1.05,1.15000000000003,3.44090169943791));
#2697=DIRECTION('',(0.0,-1.0,0.0));
#2698=DIRECTION('',(6.12323399573676E-17,0.0,-1.0));
#2699=SURFACE_STYLE_FILL_AREA(#4186);
#2700=ORIENTED_EDGE('',*,*,#4187,.T.);
#2701=ORIENTED_EDGE('',*,*,#4164,.F.);
#2702=ORIENTED_EDGE('',*,*,#4154,.T.);
#2703=ORIENTED_EDGE('',*,*,#4185,.T.);
#2704=CARTESIAN_POINT('',(1.05,1.30000000000003,3.7750000000004));
#2705=DIRECTION('',(-6.12323399573676E-17,0.0,1.0));
#2706=DIRECTION('',(0.0,-1.0,0.0));
#2707=SURFACE_STYLE_FILL_AREA(#4188);
#2708=ORIENTED_EDGE('',*,*,#4189,.F.);
#2709=ORIENTED_EDGE('',*,*,#4167,.F.);
#2710=ORIENTED_EDGE('',*,*,#4162,.F.);
#2711=ORIENTED_EDGE('',*,*,#4187,.F.);
#2712=ORIENTED_EDGE('',*,*,#4184,.F.);
#2713=ORIENTED_EDGE('',*,*,#4181,.F.);
#2714=ORIENTED_EDGE('',*,*,#4178,.F.);
#2715=ORIENTED_EDGE('',*,*,#4175,.F.);
#2716=ORIENTED_EDGE('',*,*,#4172,.F.);
#2717=ORIENTED_EDGE('',*,*,#4169,.F.);
#2718=ORIENTED_EDGE('',*,*,#4159,.F.);
#2719=CARTESIAN_POINT('',(1.45,1.35458480851189,2.65329903423214));
#2720=DIRECTION('',(1.0,0.0,6.12323399573676E-17));
#2721=DIRECTION('',(6.12323399573676E-17,0.0,-1.0));
#2722=SURFACE_STYLE_FILL_AREA(#4190);
#2723=ORIENTED_EDGE('',*,*,#4191,.F.);
#2724=ORIENTED_EDGE('',*,*,#4192,.F.);
#2725=ORIENTED_EDGE('',*,*,#4193,.T.);
#2726=ORIENTED_EDGE('',*,*,#4194,.F.);
#2727=ORIENTED_EDGE('',*,*,#4195,.F.);
#2728=ORIENTED_EDGE('',*,*,#4196,.F.);
#2729=ORIENTED_EDGE('',*,*,#4197,.T.);
#2730=ORIENTED_EDGE('',*,*,#4198,.F.);
#2731=ORIENTED_EDGE('',*,*,#4199,.F.);
#2732=ORIENTED_EDGE('',*,*,#4200,.F.);
#2733=ORIENTED_EDGE('',*,*,#4201,.F.);
#2734=CARTESIAN_POINT('',(-0.2,1.35458480851189,2.65329903423214));
#2735=DIRECTION('',(1.0,0.0,6.12323399573676E-17));
#2736=DIRECTION('',(6.12323399573676E-17,0.0,-1.0));
#2737=SURFACE_STYLE_FILL_AREA(#4202);
#2738=ORIENTED_EDGE('',*,*,#4203,.F.);
#2739=ORIENTED_EDGE('',*,*,#4204,.T.);
#2740=ORIENTED_EDGE('',*,*,#4205,.F.);
#2741=ORIENTED_EDGE('',*,*,#4192,.T.);
#2742=CARTESIAN_POINT('',(-0.2,1.15000000000003,1.98409830056277));
#2743=DIRECTION('',(0.0,-1.0,0.0));
#2744=DIRECTION('',(6.12323399573676E-17,0.0,-1.0));
#2745=SURFACE_STYLE_FILL_AREA(#4206);
#2746=ORIENTED_EDGE('',*,*,#4207,.T.);
#2747=ORIENTED_EDGE('',*,*,#4208,.F.);
#2748=ORIENTED_EDGE('',*,*,#4200,.T.);
#2749=ORIENTED_EDGE('',*,*,#4209,.T.);
#2750=CARTESIAN_POINT('',(-0.2,1.45000000000003,3.5750000000004));
#2751=DIRECTION('',(1.0,0.0,6.12323399573676E-17));
#2752=DIRECTION('',(6.12323399573676E-17,0.0,-1.0));
#2753=SURFACE_STYLE_FILL_AREA(#4210);
#2754=ORIENTED_EDGE('',*,*,#4211,.F.);
#2755=ORIENTED_EDGE('',*,*,#4201,.T.);
#2756=ORIENTED_EDGE('',*,*,#4208,.T.);
#2757=ORIENTED_EDGE('',*,*,#4212,.T.);
#2758=CARTESIAN_POINT('',(-0.2,1.65000000000003,2.60000000000026));
#2759=DIRECTION('',(0.0,1.0,0.0));
#2760=DIRECTION('',(-6.12323399573676E-17,0.0,1.0));
#2761=SURFACE_STYLE_FILL_AREA(#4213);
#2762=ORIENTED_EDGE('',*,*,#4214,.T.);
#2763=ORIENTED_EDGE('',*,*,#4215,.F.);
#2764=ORIENTED_EDGE('',*,*,#4193,.F.);
#2765=ORIENTED_EDGE('',*,*,#4205,.T.);
#2766=CARTESIAN_POINT('',(-0.2,1.05000000000004,2.34319660112541));
#2767=DIRECTION('',(1.0,0.0,6.12323399573676E-17));
#2768=DIRECTION('',(6.12323399573676E-17,0.0,-1.0));
#2769=SURFACE_STYLE_FILL_AREA(#4216);
#2770=ORIENTED_EDGE('',*,*,#4217,.T.);
#2771=ORIENTED_EDGE('',*,*,#4218,.F.);
#2772=ORIENTED_EDGE('',*,*,#4194,.T.);
#2773=ORIENTED_EDGE('',*,*,#4215,.T.);
#2774=CARTESIAN_POINT('',(-0.2,1.00236067977503,2.47881966011287));
#2775=DIRECTION('',(5.47678698264323E-17,-0.447213595499566,-0.894427191000112));
#2776=DIRECTION('',(2.73839349131861E-17,0.894427191000112,-0.447213595499566));
#2777=SURFACE_STYLE_FILL_AREA(#4219);
#2778=ORIENTED_EDGE('',*,*,#4220,.T.);
#2779=ORIENTED_EDGE('',*,*,#4221,.F.);
#2780=ORIENTED_EDGE('',*,*,#4195,.T.);
#2781=ORIENTED_EDGE('',*,*,#4218,.T.);
#2782=CARTESIAN_POINT('',(-0.2,0.910000000000025,2.72500000000038));
#2783=DIRECTION('',(1.69953884180813E-32,-1.0,-2.7755575615621E-16));
#2784=DIRECTION('',(6.12323399573676E-17,2.7755575615621E-16,-1.0));
#2785=SURFACE_STYLE_FILL_AREA(#4222);
#2786=ORIENTED_EDGE('',*,*,#4223,.T.);
#2787=ORIENTED_EDGE('',*,*,#4224,.F.);
#2788=ORIENTED_EDGE('',*,*,#4196,.T.);
#2789=ORIENTED_EDGE('',*,*,#4221,.T.);
#2790=CARTESIAN_POINT('',(-0.2,1.00236067977502,2.97118033988795));
#2791=DIRECTION('',(-5.47678698264178E-17,-0.447213595500039,0.894427190999876));
#2792=DIRECTION('',(2.73839349132151E-17,-0.894427190999876,-0.447213595500039));
#2793=SURFACE_STYLE_FILL_AREA(#4225);
#2794=ORIENTED_EDGE('',*,*,#4226,.T.);
#2795=ORIENTED_EDGE('',*,*,#4227,.F.);
#2796=ORIENTED_EDGE('',*,*,#4197,.F.);
#2797=ORIENTED_EDGE('',*,*,#4224,.T.);
#2798=CARTESIAN_POINT('',(-0.2,1.05000000000004,3.10680339887542));
#2799=DIRECTION('',(1.0,0.0,6.12323399573676E-17));
#2800=DIRECTION('',(6.12323399573676E-17,0.0,-1.0));
#2801=SURFACE_STYLE_FILL_AREA(#4228);
#2802=ORIENTED_EDGE('',*,*,#4229,.T.);
#2803=ORIENTED_EDGE('',*,*,#4230,.F.);
#2804=ORIENTED_EDGE('',*,*,#4198,.T.);
#2805=ORIENTED_EDGE('',*,*,#4227,.T.);
#2806=CARTESIAN_POINT('',(-0.2,1.15000000000003,3.44090169943791));
#2807=DIRECTION('',(0.0,-1.0,0.0));
#2808=DIRECTION('',(6.12323399573676E-17,0.0,-1.0));
#2809=SURFACE_STYLE_FILL_AREA(#4231);
#2810=ORIENTED_EDGE('',*,*,#4232,.T.);
#2811=ORIENTED_EDGE('',*,*,#4209,.F.);
#2812=ORIENTED_EDGE('',*,*,#4199,.T.);
#2813=ORIENTED_EDGE('',*,*,#4230,.T.);
#2814=CARTESIAN_POINT('',(-0.2,1.30000000000003,3.7750000000004));
#2815=DIRECTION('',(-6.12323399573676E-17,0.0,1.0));
#2816=DIRECTION('',(0.0,-1.0,0.0));
#2817=SURFACE_STYLE_FILL_AREA(#4233);
#2818=ORIENTED_EDGE('',*,*,#4234,.F.);
#2819=ORIENTED_EDGE('',*,*,#4212,.F.);
#2820=ORIENTED_EDGE('',*,*,#4207,.F.);
#2821=ORIENTED_EDGE('',*,*,#4232,.F.);
#2822=ORIENTED_EDGE('',*,*,#4229,.F.);
#2823=ORIENTED_EDGE('',*,*,#4226,.F.);
#2824=ORIENTED_EDGE('',*,*,#4223,.F.);
#2825=ORIENTED_EDGE('',*,*,#4220,.F.);
#2826=ORIENTED_EDGE('',*,*,#4217,.F.);
#2827=ORIENTED_EDGE('',*,*,#4214,.F.);
#2828=ORIENTED_EDGE('',*,*,#4204,.F.);
#2829=CARTESIAN_POINT('',(0.2,1.35458480851189,2.65329903423214));
#2830=DIRECTION('',(1.0,0.0,6.12323399573676E-17));
#2831=DIRECTION('',(6.12323399573676E-17,0.0,-1.0));
#2832=SURFACE_STYLE_FILL_AREA(#4235);
#2833=ORIENTED_EDGE('',*,*,#4236,.F.);
#2834=ORIENTED_EDGE('',*,*,#4237,.T.);
#2835=ORIENTED_EDGE('',*,*,#4238,.T.);
#2836=CARTESIAN_POINT('',(-0.975,3.79961289741773,4.615));
#2837=DIRECTION('',(0.0,0.0,1.0));
#2838=DIRECTION('',(1.0,0.0,0.0));
#2839=SURFACE_STYLE_FILL_AREA(#4239);
#2840=ORIENTED_EDGE('',*,*,#4240,.F.);
#2841=ORIENTED_EDGE('',*,*,#4238,.F.);
#2842=ORIENTED_EDGE('',*,*,#4241,.T.);
#2843=ORIENTED_EDGE('',*,*,#4242,.F.);
#2844=CARTESIAN_POINT('',(-0.846428571428578,3.725,4.615));
#2845=DIRECTION('',(0.868243142124468,-0.496138938356819,0.0));
#2846=DIRECTION('',(0.496138938356819,0.868243142124468,0.0));
#2847=SURFACE_STYLE_FILL_AREA(#4243);
#2848=ORIENTED_EDGE('',*,*,#4244,.F.);
#2849=ORIENTED_EDGE('',*,*,#4245,.F.);
#2850=ORIENTED_EDGE('',*,*,#4241,.F.);
#2851=ORIENTED_EDGE('',*,*,#4237,.F.);
#2852=CARTESIAN_POINT('',(-1.10357142857142,3.725,4.615));
#2853=DIRECTION('',(-0.868243142124468,-0.496138938356819,0.0));
#2854=DIRECTION('',(0.496138938356819,-0.868243142124468,0.0));
#2855=SURFACE_STYLE_FILL_AREA(#4246);
#2856=ORIENTED_EDGE('',*,*,#4244,.T.);
#2857=ORIENTED_EDGE('',*,*,#4236,.T.);
#2858=ORIENTED_EDGE('',*,*,#4240,.T.);
#2859=ORIENTED_EDGE('',*,*,#4247,.T.);
#2860=ORIENTED_EDGE('',*,*,#4248,.F.);
#2861=ORIENTED_EDGE('',*,*,#4249,.T.);
#2862=ORIENTED_EDGE('',*,*,#4250,.T.);
#2863=ORIENTED_EDGE('',*,*,#4251,.T.);
#2864=ORIENTED_EDGE('',*,*,#4252,.T.);
#2865=ORIENTED_EDGE('',*,*,#4253,.T.);
#2866=CARTESIAN_POINT('',(-0.975,3.85,-0.175));
#2867=DIRECTION('',(2.22044604925031E-16,1.0,0.0));
#2868=DIRECTION('',(-1.0,2.22044604925031E-16,0.0));
#2869=SURFACE_STYLE_FILL_AREA(#4254);
#2870=ORIENTED_EDGE('',*,*,#4255,.F.);
#2871=ORIENTED_EDGE('',*,*,#4256,.F.);
#2872=ORIENTED_EDGE('',*,*,#4257,.F.);
#2873=CARTESIAN_POINT('',(4.375,0.803432667397366,4.55609727876471));
#2874=DIRECTION('',(-1.0,0.0,6.12323399573676E-17));
#2875=DIRECTION('',(6.12323399573676E-17,0.0,1.0));
#2876=SURFACE_STYLE_FILL_AREA(#4258);
#2877=ORIENTED_EDGE('',*,*,#4259,.F.);
#2878=ORIENTED_EDGE('',*,*,#4260,.F.);
#2879=ORIENTED_EDGE('',*,*,#4261,.F.);
#2880=ORIENTED_EDGE('',*,*,#4256,.T.);
#2881=ORIENTED_EDGE('',*,*,#4262,.F.);
#2882=ORIENTED_EDGE('',*,*,#4263,.F.);
#2883=ORIENTED_EDGE('',*,*,#4264,.F.);
#2884=ORIENTED_EDGE('',*,*,#4265,.F.);
#2885=ORIENTED_EDGE('',*,*,#4266,.F.);
#2886=ORIENTED_EDGE('',*,*,#4267,.F.);
#2887=ORIENTED_EDGE('',*,*,#4268,.F.);
#2888=ORIENTED_EDGE('',*,*,#4269,.F.);
#2889=ORIENTED_EDGE('',*,*,#4270,.F.);
#2890=ORIENTED_EDGE('',*,*,#4271,.F.);
#2891=ORIENTED_EDGE('',*,*,#4272,.F.);
#2892=ORIENTED_EDGE('',*,*,#4273,.F.);
#2893=ORIENTED_EDGE('',*,*,#4274,.F.);
#2894=ORIENTED_EDGE('',*,*,#4275,.F.);
#2895=ORIENTED_EDGE('',*,*,#4276,.F.);
#2896=ORIENTED_EDGE('',*,*,#4277,.F.);
#2897=CARTESIAN_POINT('',(4.375,0.707264973081037,4.45992958444838));
#2898=DIRECTION('',(-3.06161699786838E-17,-0.866025403784438,-0.5));
#2899=DIRECTION('',(5.30287619362453E-17,-0.5,0.866025403784438));
#2900=SURFACE_STYLE_FILL_AREA(#4278);
#2901=ORIENTED_EDGE('',*,*,#4279,.F.);
#2902=ORIENTED_EDGE('',*,*,#4280,.F.);
#2903=ORIENTED_EDGE('',*,*,#4260,.T.);
#2904=CARTESIAN_POINT('',(-0.625,0.803432667397366,4.55609727876471));
#2905=DIRECTION('',(-1.0,0.0,6.12323399573676E-17));
#2906=DIRECTION('',(6.12323399573676E-17,0.0,1.0));
#2907=SURFACE_STYLE_FILL_AREA(#4281);
#2908=ORIENTED_EDGE('',*,*,#4270,.T.);
#2909=ORIENTED_EDGE('',*,*,#4282,.T.);
#2910=ORIENTED_EDGE('',*,*,#4283,.F.);
#2911=ORIENTED_EDGE('',*,*,#4284,.T.);
#2912=CARTESIAN_POINT('',(1.875,0.77,1.825));
#2913=DIRECTION('',(0.0,-1.0,0.0));
#2914=DIRECTION('',(1.0,0.0,0.0));
#2915=SURFACE_STYLE_FILL_AREA(#4285);
#2916=ORIENTED_EDGE('',*,*,#4269,.T.);
#2917=ORIENTED_EDGE('',*,*,#4286,.T.);
#2918=ORIENTED_EDGE('',*,*,#4287,.F.);
#2919=ORIENTED_EDGE('',*,*,#4282,.F.);
#2920=CARTESIAN_POINT('',(2.285,0.77,3.215));
#2921=DIRECTION('',(1.0,0.0,0.0));
#2922=DIRECTION('',(0.0,0.0,-1.0));
#2923=SURFACE_STYLE_FILL_AREA(#4288);
#2924=ORIENTED_EDGE('',*,*,#4268,.T.);
#2925=ORIENTED_EDGE('',*,*,#4289,.T.);
#2926=ORIENTED_EDGE('',*,*,#4290,.F.);
#2927=ORIENTED_EDGE('',*,*,#4286,.F.);
#2928=CARTESIAN_POINT('',(2.5,0.87,3.215));
#2929=DIRECTION('',(0.0,-1.0,0.0));
#2930=DIRECTION('',(0.0,0.0,-1.0));
#2931=SURFACE_STYLE_FILL_AREA(#4291);
#2932=ORIENTED_EDGE('',*,*,#4267,.T.);
#2933=ORIENTED_EDGE('',*,*,#4292,.F.);
#2934=ORIENTED_EDGE('',*,*,#4293,.F.);
#2935=ORIENTED_EDGE('',*,*,#4289,.F.);
#2936=CARTESIAN_POINT('',(2.715,0.77,3.215));
#2937=DIRECTION('',(-1.0,0.0,0.0));
#2938=DIRECTION('',(0.0,0.0,1.0));
#2939=SURFACE_STYLE_FILL_AREA(#4294);
#2940=ORIENTED_EDGE('',*,*,#4266,.T.);
#2941=ORIENTED_EDGE('',*,*,#4295,.T.);
#2942=ORIENTED_EDGE('',*,*,#4296,.F.);
#2943=ORIENTED_EDGE('',*,*,#4292,.T.);
#2944=CARTESIAN_POINT('',(1.875,0.77,1.825));
#2945=DIRECTION('',(0.0,-1.0,0.0));
#2946=DIRECTION('',(1.0,0.0,0.0));
#2947=SURFACE_STYLE_FILL_AREA(#4297);
#2948=ORIENTED_EDGE('',*,*,#4265,.T.);
#2949=ORIENTED_EDGE('',*,*,#4298,.T.);
#2950=ORIENTED_EDGE('',*,*,#4299,.F.);
#2951=ORIENTED_EDGE('',*,*,#4295,.F.);
#2952=CARTESIAN_POINT('',(3.535,0.77,3.215));
#2953=DIRECTION('',(1.0,0.0,0.0));
#2954=DIRECTION('',(0.0,0.0,-1.0));
#2955=SURFACE_STYLE_FILL_AREA(#4300);
#2956=ORIENTED_EDGE('',*,*,#4264,.T.);
#2957=ORIENTED_EDGE('',*,*,#4301,.T.);
#2958=ORIENTED_EDGE('',*,*,#4302,.F.);
#2959=ORIENTED_EDGE('',*,*,#4298,.F.);
#2960=CARTESIAN_POINT('',(3.75,0.87,3.215));
#2961=DIRECTION('',(0.0,-1.0,0.0));
#2962=DIRECTION('',(0.0,0.0,-1.0));
#2963=SURFACE_STYLE_FILL_AREA(#4303);
#2964=ORIENTED_EDGE('',*,*,#4263,.T.);
#2965=ORIENTED_EDGE('',*,*,#4304,.F.);
#2966=ORIENTED_EDGE('',*,*,#4305,.F.);
#2967=ORIENTED_EDGE('',*,*,#4301,.F.);
#2968=CARTESIAN_POINT('',(3.965,0.77,3.215));
#2969=DIRECTION('',(-1.0,0.0,0.0));
#2970=DIRECTION('',(0.0,0.0,1.0));
#2971=SURFACE_STYLE_FILL_AREA(#4306);
#2972=ORIENTED_EDGE('',*,*,#4262,.T.);
#2973=ORIENTED_EDGE('',*,*,#4255,.T.);
#2974=ORIENTED_EDGE('',*,*,#4307,.F.);
#2975=ORIENTED_EDGE('',*,*,#4308,.F.);
#2976=ORIENTED_EDGE('',*,*,#4309,.F.);
#2977=ORIENTED_EDGE('',*,*,#4304,.T.);
#2978=CARTESIAN_POINT('',(1.875,0.77,1.825));
#2979=DIRECTION('',(0.0,-1.0,0.0));
#2980=DIRECTION('',(1.0,0.0,0.0));
#2981=SURFACE_STYLE_FILL_AREA(#4310);
#2982=ORIENTED_EDGE('',*,*,#4068,.T.);
#2983=ORIENTED_EDGE('',*,*,#4056,.T.);
#2984=ORIENTED_EDGE('',*,*,#4076,.T.);
#2985=ORIENTED_EDGE('',*,*,#4099,.T.);
#2986=ORIENTED_EDGE('',*,*,#4113,.T.);
#2987=ORIENTED_EDGE('',*,*,#4101,.T.);
#2988=ORIENTED_EDGE('',*,*,#4121,.T.);
#2989=ORIENTED_EDGE('',*,*,#4144,.T.);
#2990=ORIENTED_EDGE('',*,*,#4158,.T.);
#2991=ORIENTED_EDGE('',*,*,#4146,.T.);
#2992=ORIENTED_EDGE('',*,*,#4166,.T.);
#2993=ORIENTED_EDGE('',*,*,#4189,.T.);
#2994=ORIENTED_EDGE('',*,*,#4203,.T.);
#2995=ORIENTED_EDGE('',*,*,#4191,.T.);
#2996=ORIENTED_EDGE('',*,*,#4211,.T.);
#2997=ORIENTED_EDGE('',*,*,#4234,.T.);
#2998=ORIENTED_EDGE('',*,*,#4305,.T.);
#2999=ORIENTED_EDGE('',*,*,#4309,.T.);
#3000=ORIENTED_EDGE('',*,*,#4311,.T.);
#3001=ORIENTED_EDGE('',*,*,#4312,.T.);
#3002=ORIENTED_EDGE('',*,*,#4313,.T.);
#3003=ORIENTED_EDGE('',*,*,#4314,.T.);
#3004=ORIENTED_EDGE('',*,*,#4315,.T.);
#3005=ORIENTED_EDGE('',*,*,#4316,.T.);
#3006=ORIENTED_EDGE('',*,*,#4317,.T.);
#3007=ORIENTED_EDGE('',*,*,#4318,.T.);
#3008=ORIENTED_EDGE('',*,*,#4319,.T.);
#3009=ORIENTED_EDGE('',*,*,#4320,.T.);
#3010=ORIENTED_EDGE('',*,*,#4321,.T.);
#3011=ORIENTED_EDGE('',*,*,#4322,.T.);
#3012=ORIENTED_EDGE('',*,*,#4323,.T.);
#3013=ORIENTED_EDGE('',*,*,#4324,.T.);
#3014=ORIENTED_EDGE('',*,*,#4325,.T.);
#3015=ORIENTED_EDGE('',*,*,#4326,.T.);
#3016=ORIENTED_EDGE('',*,*,#4327,.T.);
#3017=ORIENTED_EDGE('',*,*,#4328,.T.);
#3018=ORIENTED_EDGE('',*,*,#4329,.T.);
#3019=ORIENTED_EDGE('',*,*,#4330,.T.);
#3020=ORIENTED_EDGE('',*,*,#4331,.T.);
#3021=ORIENTED_EDGE('',*,*,#4332,.T.);
#3022=ORIENTED_EDGE('',*,*,#4333,.T.);
#3023=ORIENTED_EDGE('',*,*,#4283,.T.);
#3024=ORIENTED_EDGE('',*,*,#4287,.T.);
#3025=ORIENTED_EDGE('',*,*,#4290,.T.);
#3026=ORIENTED_EDGE('',*,*,#4293,.T.);
#3027=ORIENTED_EDGE('',*,*,#4296,.T.);
#3028=ORIENTED_EDGE('',*,*,#4299,.T.);
#3029=ORIENTED_EDGE('',*,*,#4302,.T.);
#3030=CARTESIAN_POINT('',(1.875,1.90392190027112,1.825));
#3031=DIRECTION('',(0.0,0.0,1.0));
#3032=DIRECTION('',(1.0,0.0,0.0));
#3033=SURFACE_STYLE_FILL_AREA(#4334);
#3034=ORIENTED_EDGE('',*,*,#4271,.T.);
#3035=ORIENTED_EDGE('',*,*,#4284,.F.);
#3036=ORIENTED_EDGE('',*,*,#4333,.F.);
#3037=ORIENTED_EDGE('',*,*,#4335,.F.);
#3038=CARTESIAN_POINT('',(1.465,0.77,3.215));
#3039=DIRECTION('',(-1.0,0.0,0.0));
#3040=DIRECTION('',(0.0,0.0,1.0));
#3041=SURFACE_STYLE_FILL_AREA(#4336);
#3042=ORIENTED_EDGE('',*,*,#4272,.T.);
#3043=ORIENTED_EDGE('',*,*,#4335,.T.);
#3044=ORIENTED_EDGE('',*,*,#4332,.F.);
#3045=ORIENTED_EDGE('',*,*,#4337,.F.);
#3046=CARTESIAN_POINT('',(1.25,0.87,3.215));
#3047=DIRECTION('',(0.0,-1.0,0.0));
#3048=DIRECTION('',(0.0,0.0,-1.0));
#3049=SURFACE_STYLE_FILL_AREA(#4338);
#3050=ORIENTED_EDGE('',*,*,#4273,.T.);
#3051=ORIENTED_EDGE('',*,*,#4337,.T.);
#3052=ORIENTED_EDGE('',*,*,#4331,.F.);
#3053=ORIENTED_EDGE('',*,*,#4339,.F.);
#3054=CARTESIAN_POINT('',(1.035,0.77,3.215));
#3055=DIRECTION('',(1.0,0.0,0.0));
#3056=DIRECTION('',(0.0,0.0,-1.0));
#3057=SURFACE_STYLE_FILL_AREA(#4340);
#3058=ORIENTED_EDGE('',*,*,#4274,.T.);
#3059=ORIENTED_EDGE('',*,*,#4339,.T.);
#3060=ORIENTED_EDGE('',*,*,#4330,.F.);
#3061=ORIENTED_EDGE('',*,*,#4341,.T.);
#3062=CARTESIAN_POINT('',(1.875,0.77,1.825));
#3063=DIRECTION('',(0.0,-1.0,0.0));
#3064=DIRECTION('',(1.0,0.0,0.0));
#3065=SURFACE_STYLE_FILL_AREA(#4342);
#3066=ORIENTED_EDGE('',*,*,#4277,.T.);
#3067=ORIENTED_EDGE('',*,*,#4343,.T.);
#3068=ORIENTED_EDGE('',*,*,#4327,.F.);
#3069=ORIENTED_EDGE('',*,*,#4344,.F.);
#3070=CARTESIAN_POINT('',(-0.215,0.77,3.215));
#3071=DIRECTION('',(1.0,0.0,0.0));
#3072=DIRECTION('',(0.0,0.0,-1.0));
#3073=SURFACE_STYLE_FILL_AREA(#4345);
#3074=ORIENTED_EDGE('',*,*,#4276,.T.);
#3075=ORIENTED_EDGE('',*,*,#4346,.T.);
#3076=ORIENTED_EDGE('',*,*,#4328,.F.);
#3077=ORIENTED_EDGE('',*,*,#4343,.F.);
#3078=CARTESIAN_POINT('',(0.0,0.87,3.215));
#3079=DIRECTION('',(0.0,-1.0,0.0));
#3080=DIRECTION('',(0.0,0.0,-1.0));
#3081=SURFACE_STYLE_FILL_AREA(#4347);
#3082=ORIENTED_EDGE('',*,*,#4275,.T.);
#3083=ORIENTED_EDGE('',*,*,#4341,.F.);
#3084=ORIENTED_EDGE('',*,*,#4329,.F.);
#3085=ORIENTED_EDGE('',*,*,#4346,.F.);
#3086=CARTESIAN_POINT('',(0.215,0.77,3.215));
#3087=DIRECTION('',(-1.0,0.0,0.0));
#3088=DIRECTION('',(0.0,0.0,1.0));
#3089=SURFACE_STYLE_FILL_AREA(#4348);
#3090=ORIENTED_EDGE('',*,*,#4349,.F.);
#3091=ORIENTED_EDGE('',*,*,#4350,.F.);
#3092=ORIENTED_EDGE('',*,*,#4313,.F.);
#3093=ORIENTED_EDGE('',*,*,#4351,.T.);
#3094=CARTESIAN_POINT('',(4.975,2.615,1.825));
#3095=DIRECTION('',(1.0,0.0,0.0));
#3096=DIRECTION('',(0.0,1.0,0.0));
#3097=SURFACE_STYLE_FILL_AREA(#4352);
#3098=ORIENTED_EDGE('',*,*,#4353,.F.);
#3099=ORIENTED_EDGE('',*,*,#4351,.F.);
#3100=ORIENTED_EDGE('',*,*,#4312,.F.);
#3101=ORIENTED_EDGE('',*,*,#4354,.T.);
#3102=CARTESIAN_POINT('',(4.925,1.965,1.825));
#3103=DIRECTION('',(0.832050294337844,-0.554700196225228,0.0));
#3104=DIRECTION('',(0.554700196225228,0.832050294337844,0.0));
#3105=SURFACE_STYLE_FILL_AREA(#4355);
#3106=ORIENTED_EDGE('',*,*,#4356,.F.);
#3107=ORIENTED_EDGE('',*,*,#4354,.F.);
#3108=ORIENTED_EDGE('',*,*,#4311,.F.);
#3109=ORIENTED_EDGE('',*,*,#4308,.T.);
#3110=CARTESIAN_POINT('',(4.875,1.33,1.825));
#3111=DIRECTION('',(1.0,0.0,0.0));
#3112=DIRECTION('',(0.0,1.0,0.0));
#3113=SURFACE_STYLE_FILL_AREA(#4357);
#3114=ORIENTED_EDGE('',*,*,#4259,.T.);
#3115=ORIENTED_EDGE('',*,*,#4344,.T.);
#3116=ORIENTED_EDGE('',*,*,#4326,.F.);
#3117=ORIENTED_EDGE('',*,*,#4358,.T.);
#3118=ORIENTED_EDGE('',*,*,#4359,.F.);
#3119=ORIENTED_EDGE('',*,*,#4279,.T.);
#3120=CARTESIAN_POINT('',(1.875,0.77,1.825));
#3121=DIRECTION('',(0.0,-1.0,0.0));
#3122=DIRECTION('',(1.0,0.0,0.0));
#3123=SURFACE_STYLE_FILL_AREA(#4360);
#3124=ORIENTED_EDGE('',*,*,#4361,.F.);
#3125=ORIENTED_EDGE('',*,*,#4358,.F.);
#3126=ORIENTED_EDGE('',*,*,#4325,.F.);
#3127=ORIENTED_EDGE('',*,*,#4362,.T.);
#3128=CARTESIAN_POINT('',(-1.125,1.33,1.825));
#3129=DIRECTION('',(-1.0,1.98254111540207E-16,0.0));
#3130=DIRECTION('',(-1.98254111540207E-16,-1.0,0.0));
#3131=SURFACE_STYLE_FILL_AREA(#4363);
#3132=ORIENTED_EDGE('',*,*,#4364,.F.);
#3133=ORIENTED_EDGE('',*,*,#4362,.F.);
#3134=ORIENTED_EDGE('',*,*,#4324,.F.);
#3135=ORIENTED_EDGE('',*,*,#4365,.T.);
#3136=CARTESIAN_POINT('',(-1.175,1.965,1.825));
#3137=DIRECTION('',(-0.832050294337843,-0.55470019622523,0.0));
#3138=DIRECTION('',(0.55470019622523,-0.832050294337843,0.0));
#3139=SURFACE_STYLE_FILL_AREA(#4366);
#3140=ORIENTED_EDGE('',*,*,#4367,.F.);
#3141=ORIENTED_EDGE('',*,*,#4365,.F.);
#3142=ORIENTED_EDGE('',*,*,#4323,.F.);
#3143=ORIENTED_EDGE('',*,*,#4368,.T.);
#3144=CARTESIAN_POINT('',(-1.225,2.615,1.825));
#3145=DIRECTION('',(-1.0,1.93082265152201E-16,0.0));
#3146=DIRECTION('',(-1.93082265152201E-16,-1.0,0.0));
#3147=SURFACE_STYLE_FILL_AREA(#4369);
#3148=ORIENTED_EDGE('',*,*,#4370,.F.);
#3149=ORIENTED_EDGE('',*,*,#4368,.F.);
#3150=ORIENTED_EDGE('',*,*,#4322,.F.);
#3151=ORIENTED_EDGE('',*,*,#4371,.T.);
#3152=CARTESIAN_POINT('',(-1.075,3.19,1.825));
#3153=DIRECTION('',(0.0,0.0,1.0));
#3154=DIRECTION('',(1.0,0.0,0.0));
#3155=SURFACE_STYLE_FILL_AREA(#4372);
#3156=ORIENTED_EDGE('',*,*,#4373,.F.);
#3157=ORIENTED_EDGE('',*,*,#4371,.F.);
#3158=ORIENTED_EDGE('',*,*,#4321,.F.);
#3159=ORIENTED_EDGE('',*,*,#4374,.T.);
#3160=CARTESIAN_POINT('',(-0.975,3.34,1.825));
#3161=DIRECTION('',(0.0,1.0,0.0));
#3162=DIRECTION('',(-1.0,0.0,0.0));
#3163=SURFACE_STYLE_FILL_AREA(#4375);
#3164=ORIENTED_EDGE('',*,*,#4376,.F.);
#3165=ORIENTED_EDGE('',*,*,#4374,.F.);
#3166=ORIENTED_EDGE('',*,*,#4320,.F.);
#3167=ORIENTED_EDGE('',*,*,#4377,.T.);
#3168=CARTESIAN_POINT('',(-0.875,3.19,1.825));
#3169=DIRECTION('',(0.0,0.0,1.0));
#3170=DIRECTION('',(1.0,0.0,0.0));
#3171=SURFACE_STYLE_FILL_AREA(#4378);
#3172=ORIENTED_EDGE('',*,*,#4379,.F.);
#3173=ORIENTED_EDGE('',*,*,#4377,.F.);
#3174=ORIENTED_EDGE('',*,*,#4319,.F.);
#3175=ORIENTED_EDGE('',*,*,#4380,.T.);
#3176=CARTESIAN_POINT('',(-0.725,2.865,1.825));
#3177=DIRECTION('',(1.0,0.0,0.0));
#3178=DIRECTION('',(0.0,1.0,0.0));
#3179=SURFACE_STYLE_FILL_AREA(#4381);
#3180=ORIENTED_EDGE('',*,*,#4382,.F.);
#3181=ORIENTED_EDGE('',*,*,#4380,.F.);
#3182=ORIENTED_EDGE('',*,*,#4318,.F.);
#3183=ORIENTED_EDGE('',*,*,#4383,.T.);
#3184=CARTESIAN_POINT('',(1.875,2.54,1.825));
#3185=DIRECTION('',(0.0,1.0,0.0));
#3186=DIRECTION('',(-1.0,0.0,0.0));
#3187=SURFACE_STYLE_FILL_AREA(#4384);
#3188=ORIENTED_EDGE('',*,*,#4385,.F.);
#3189=ORIENTED_EDGE('',*,*,#4383,.F.);
#3190=ORIENTED_EDGE('',*,*,#4317,.F.);
#3191=ORIENTED_EDGE('',*,*,#4386,.T.);
#3192=CARTESIAN_POINT('',(4.475,2.865,1.825));
#3193=DIRECTION('',(-1.0,0.0,0.0));
#3194=DIRECTION('',(0.0,-1.0,0.0));
#3195=SURFACE_STYLE_FILL_AREA(#4387);
#3196=ORIENTED_EDGE('',*,*,#4388,.F.);
#3197=ORIENTED_EDGE('',*,*,#4386,.F.);
#3198=ORIENTED_EDGE('',*,*,#4316,.F.);
#3199=ORIENTED_EDGE('',*,*,#4389,.T.);
#3200=CARTESIAN_POINT('',(4.625,3.19,1.825));
#3201=DIRECTION('',(0.0,0.0,1.0));
#3202=DIRECTION('',(1.0,0.0,0.0));
#3203=SURFACE_STYLE_FILL_AREA(#4390);
#3204=ORIENTED_EDGE('',*,*,#4391,.F.);
#3205=ORIENTED_EDGE('',*,*,#4389,.F.);
#3206=ORIENTED_EDGE('',*,*,#4315,.F.);
#3207=ORIENTED_EDGE('',*,*,#4392,.T.);
#3208=CARTESIAN_POINT('',(4.725,3.34,1.825));
#3209=DIRECTION('',(0.0,1.0,0.0));
#3210=DIRECTION('',(-1.0,0.0,0.0));
#3211=SURFACE_STYLE_FILL_AREA(#4393);
#3212=ORIENTED_EDGE('',*,*,#4394,.F.);
#3213=ORIENTED_EDGE('',*,*,#4392,.F.);
#3214=ORIENTED_EDGE('',*,*,#4314,.F.);
#3215=ORIENTED_EDGE('',*,*,#4350,.T.);
#3216=CARTESIAN_POINT('',(4.825,3.19,1.825));
#3217=DIRECTION('',(0.0,0.0,1.0));
#3218=DIRECTION('',(1.0,0.0,0.0));
#3219=SURFACE_STYLE_FILL_AREA(#4395);
#3220=ORIENTED_EDGE('',*,*,#4396,.F.);
#3221=ORIENTED_EDGE('',*,*,#4397,.F.);
#3222=ORIENTED_EDGE('',*,*,#4398,.F.);
#3223=ORIENTED_EDGE('',*,*,#4399,.F.);
#3224=CARTESIAN_POINT('',(2.575,3.07445649693213,3.21272145435502));
#3225=DIRECTION('',(1.0,0.0,6.12323399573676E-17));
#3226=DIRECTION('',(6.12323399573676E-17,0.0,-1.0));
#3227=SURFACE_STYLE_FILL_AREA(#4400);
#3228=ORIENTED_EDGE('',*,*,#4401,.F.);
#3229=ORIENTED_EDGE('',*,*,#4402,.T.);
#3230=ORIENTED_EDGE('',*,*,#4403,.T.);
#3231=ORIENTED_EDGE('',*,*,#4397,.T.);
#3232=CARTESIAN_POINT('',(1.175,3.115,2.775));
#3233=DIRECTION('',(6.12323399573676E-17,0.0,-1.0));
#3234=DIRECTION('',(0.0,1.0,0.0));
#3235=SURFACE_STYLE_FILL_AREA(#4404);
#3236=ORIENTED_EDGE('',*,*,#4399,.T.);
#3237=ORIENTED_EDGE('',*,*,#4405,.F.);
#3238=ORIENTED_EDGE('',*,*,#4406,.F.);
#3239=ORIENTED_EDGE('',*,*,#4407,.T.);
#3240=CARTESIAN_POINT('',(1.175,3.165,3.486));
#3241=DIRECTION('',(-3.00279891788172E-17,0.871500689352263,0.490394278574425));
#3242=DIRECTION('',(-5.3364026483498E-17,-0.490394278574425,0.871500689352263));
#3243=SURFACE_STYLE_FILL_AREA(#4408);
#3244=ORIENTED_EDGE('',*,*,#4398,.T.);
#3245=ORIENTED_EDGE('',*,*,#4403,.F.);
#3246=ORIENTED_EDGE('',*,*,#4409,.F.);
#3247=ORIENTED_EDGE('',*,*,#4405,.T.);
#3248=CARTESIAN_POINT('',(1.175,3.34,2.975));
#3249=DIRECTION('',(0.0,1.0,0.0));
#3250=DIRECTION('',(-6.12323399573676E-17,0.0,1.0));
#3251=SURFACE_STYLE_FILL_AREA(#4410);
#3252=ORIENTED_EDGE('',*,*,#4411,.F.);
#3253=ORIENTED_EDGE('',*,*,#4406,.T.);
#3254=ORIENTED_EDGE('',*,*,#4409,.T.);
#3255=ORIENTED_EDGE('',*,*,#4402,.F.);
#3256=CARTESIAN_POINT('',(1.175,3.07445649693213,3.21272145435502));
#3257=DIRECTION('',(1.0,0.0,6.12323399573676E-17));
#3258=DIRECTION('',(6.12323399573676E-17,0.0,-1.0));
#3259=SURFACE_STYLE_FILL_AREA(#4412);
#3260=ORIENTED_EDGE('',*,*,#3849,.T.);
#3261=ORIENTED_EDGE('',*,*,#3900,.F.);
#3262=ORIENTED_EDGE('',*,*,#3850,.T.);
#3263=ORIENTED_EDGE('',*,*,#4413,.T.);
#3264=CARTESIAN_POINT('',(4.7,-0.0250000000000001,2.7));
#3265=DIRECTION('',(-0.0,1.0,0.0));
#3266=DIRECTION('',(1.0,0.0,0.0));
#3267=SURFACE_STYLE_FILL_AREA(#4414);
#3268=ORIENTED_EDGE('',*,*,#3844,.T.);
#3269=ORIENTED_EDGE('',*,*,#4413,.F.);
#3270=ORIENTED_EDGE('',*,*,#3846,.T.);
#3271=ORIENTED_EDGE('',*,*,#4415,.T.);
#3272=CARTESIAN_POINT('',(4.7,-0.575,2.7));
#3273=DIRECTION('',(-0.0,1.0,-0.0));
#3274=DIRECTION('',(1.0,0.0,0.0));
#3275=SURFACE_STYLE_FILL_AREA(#4416);
#3276=ORIENTED_EDGE('',*,*,#3845,.F.);
#3277=ORIENTED_EDGE('',*,*,#4415,.F.);
#3278=CARTESIAN_POINT('',(4.8,-0.65,2.7));
#3279=DIRECTION('',(-6.12303176911189E-17,-1.0,-0.0));
#3280=DIRECTION('',(-1.0,6.12303176911189E-17,0.0));
#3281=SURFACE_STYLE_FILL_AREA(#4417);
#3282=ORIENTED_EDGE('',*,*,#3840,.T.);
#3283=ORIENTED_EDGE('',*,*,#3901,.F.);
#3284=ORIENTED_EDGE('',*,*,#3841,.T.);
#3285=ORIENTED_EDGE('',*,*,#4418,.T.);
#3286=CARTESIAN_POINT('',(-0.95,-0.0250000000000001,2.7));
#3287=DIRECTION('',(-0.0,1.0,0.0));
#3288=DIRECTION('',(1.0,0.0,0.0));
#3289=SURFACE_STYLE_FILL_AREA(#4419);
#3290=ORIENTED_EDGE('',*,*,#3835,.T.);
#3291=ORIENTED_EDGE('',*,*,#4418,.F.);
#3292=ORIENTED_EDGE('',*,*,#3837,.T.);
#3293=ORIENTED_EDGE('',*,*,#4420,.T.);
#3294=CARTESIAN_POINT('',(-0.95,-0.575,2.7));
#3295=DIRECTION('',(-0.0,1.0,-0.0));
#3296=DIRECTION('',(1.0,0.0,0.0));
#3297=SURFACE_STYLE_FILL_AREA(#4421);
#3298=ORIENTED_EDGE('',*,*,#3836,.F.);
#3299=ORIENTED_EDGE('',*,*,#4420,.F.);
#3300=CARTESIAN_POINT('',(-0.85,-0.65,2.7));
#3301=DIRECTION('',(-6.12303176911189E-17,-1.0,-0.0));
#3302=DIRECTION('',(-1.0,6.12303176911189E-17,0.0));
#3303=SURFACE_STYLE_FILL_AREA(#4422);
#3304=ORIENTED_EDGE('',*,*,#4423,.F.);
#3305=ORIENTED_EDGE('',*,*,#4424,.F.);
#3306=ORIENTED_EDGE('',*,*,#4425,.F.);
#3307=ORIENTED_EDGE('',*,*,#4426,.F.);
#3308=CARTESIAN_POINT('',(-1.575,2.12,4.815));
#3309=DIRECTION('',(0.707106781186548,0.707106781186547,8.65956056235494E-17));
#3310=DIRECTION('',(0.707106781186547,-0.707106781186548,8.65956056235493E-17));
#3311=SURFACE_STYLE_FILL_AREA(#4427);
#3312=ORIENTED_EDGE('',*,*,#4428,.F.);
#3313=ORIENTED_EDGE('',*,*,#4425,.T.);
#3314=ORIENTED_EDGE('',*,*,#4429,.F.);
#3315=ORIENTED_EDGE('',*,*,#4430,.F.);
#3316=CARTESIAN_POINT('',(-1.495,1.57,4.815));
#3317=DIRECTION('',(1.0,0.0,1.22464679914735E-16));
#3318=DIRECTION('',(0.0,-1.0,0.0));
#3319=SURFACE_STYLE_FILL_AREA(#4431);
#3320=ORIENTED_EDGE('',*,*,#4432,.F.);
#3321=ORIENTED_EDGE('',*,*,#4433,.F.);
#3322=ORIENTED_EDGE('',*,*,#4430,.T.);
#3323=ORIENTED_EDGE('',*,*,#4434,.F.);
#3324=CARTESIAN_POINT('',(-1.575,1.02,4.815));
#3325=DIRECTION('',(0.707106781186548,-0.707106781186547,8.65956056235493E-17));
#3326=DIRECTION('',(-0.707106781186547,-0.707106781186548,-8.65956056235493E-17));
#3327=SURFACE_STYLE_FILL_AREA(#4435);
#3328=ORIENTED_EDGE('',*,*,#4436,.F.);
#3329=ORIENTED_EDGE('',*,*,#4434,.T.);
#3330=ORIENTED_EDGE('',*,*,#4429,.T.);
#3331=ORIENTED_EDGE('',*,*,#4424,.T.);
#3332=CARTESIAN_POINT('',(-1.58465109650005,1.57,1.355));
#3333=DIRECTION('',(1.22464679914735E-16,0.0,-1.0));
#3334=DIRECTION('',(-1.0,0.0,-1.22464679914735E-16));
#3335=SURFACE_STYLE_FILL_AREA(#4437);
#3336=ORIENTED_EDGE('',*,*,#4245,.T.);
#3337=ORIENTED_EDGE('',*,*,#4253,.F.);
#3338=ORIENTED_EDGE('',*,*,#4438,.F.);
#3339=ORIENTED_EDGE('',*,*,#4439,.F.);
#3340=ORIENTED_EDGE('',*,*,#4426,.T.);
#3341=ORIENTED_EDGE('',*,*,#4428,.T.);
#3342=ORIENTED_EDGE('',*,*,#4433,.T.);
#3343=ORIENTED_EDGE('',*,*,#4440,.F.);
#3344=ORIENTED_EDGE('',*,*,#4441,.F.);
#3345=ORIENTED_EDGE('',*,*,#4442,.F.);
#3346=ORIENTED_EDGE('',*,*,#4443,.T.);
#3347=ORIENTED_EDGE('',*,*,#4444,.T.);
#3348=ORIENTED_EDGE('',*,*,#4445,.T.);
#3349=ORIENTED_EDGE('',*,*,#4446,.F.);
#3350=ORIENTED_EDGE('',*,*,#4447,.F.);
#3351=ORIENTED_EDGE('',*,*,#4448,.F.);
#3352=ORIENTED_EDGE('',*,*,#4449,.T.);
#3353=ORIENTED_EDGE('',*,*,#4450,.T.);
#3354=ORIENTED_EDGE('',*,*,#4451,.T.);
#3355=ORIENTED_EDGE('',*,*,#4452,.F.);
#3356=ORIENTED_EDGE('',*,*,#4453,.F.);
#3357=ORIENTED_EDGE('',*,*,#4454,.F.);
#3358=ORIENTED_EDGE('',*,*,#4455,.F.);
#3359=ORIENTED_EDGE('',*,*,#4456,.T.);
#3360=ORIENTED_EDGE('',*,*,#4457,.T.);
#3361=ORIENTED_EDGE('',*,*,#4458,.F.);
#3362=ORIENTED_EDGE('',*,*,#4459,.F.);
#3363=ORIENTED_EDGE('',*,*,#4247,.F.);
#3364=ORIENTED_EDGE('',*,*,#4242,.T.);
#3365=ORIENTED_EDGE('',*,*,#4280,.T.);
#3366=ORIENTED_EDGE('',*,*,#4359,.T.);
#3367=ORIENTED_EDGE('',*,*,#4361,.T.);
#3368=ORIENTED_EDGE('',*,*,#4364,.T.);
#3369=ORIENTED_EDGE('',*,*,#4367,.T.);
#3370=ORIENTED_EDGE('',*,*,#4370,.T.);
#3371=ORIENTED_EDGE('',*,*,#4373,.T.);
#3372=ORIENTED_EDGE('',*,*,#4376,.T.);
#3373=ORIENTED_EDGE('',*,*,#4379,.T.);
#3374=ORIENTED_EDGE('',*,*,#4382,.T.);
#3375=ORIENTED_EDGE('',*,*,#4385,.T.);
#3376=ORIENTED_EDGE('',*,*,#4388,.T.);
#3377=ORIENTED_EDGE('',*,*,#4391,.T.);
#3378=ORIENTED_EDGE('',*,*,#4394,.T.);
#3379=ORIENTED_EDGE('',*,*,#4349,.T.);
#3380=ORIENTED_EDGE('',*,*,#4353,.T.);
#3381=ORIENTED_EDGE('',*,*,#4356,.T.);
#3382=ORIENTED_EDGE('',*,*,#4307,.T.);
#3383=ORIENTED_EDGE('',*,*,#4257,.T.);
#3384=ORIENTED_EDGE('',*,*,#4261,.T.);
#3385=CARTESIAN_POINT('',(1.875,1.85659952093202,4.715));
#3386=DIRECTION('',(0.0,0.0,1.0));
#3387=DIRECTION('',(1.0,0.0,0.0));
#3388=SURFACE_STYLE_FILL_AREA(#4460);
#3389=ORIENTED_EDGE('',*,*,#4461,.F.);
#3390=ORIENTED_EDGE('',*,*,#4462,.T.);
#3391=ORIENTED_EDGE('',*,*,#4463,.F.);
#3392=ORIENTED_EDGE('',*,*,#4464,.F.);
#3393=CARTESIAN_POINT('',(5.33465109650005,1.57,1.355));
#3394=DIRECTION('',(0.0,0.0,1.0));
#3395=DIRECTION('',(1.0,0.0,0.0));
#3396=SURFACE_STYLE_FILL_AREA(#4465);
#3397=ORIENTED_EDGE('',*,*,#4466,.F.);
#3398=ORIENTED_EDGE('',*,*,#4464,.T.);
#3399=ORIENTED_EDGE('',*,*,#4467,.T.);
#3400=ORIENTED_EDGE('',*,*,#4449,.F.);
#3401=CARTESIAN_POINT('',(5.325,1.02,1.355));
#3402=DIRECTION('',(-0.707106781186548,-0.707106781186547,0.0));
#3403=DIRECTION('',(0.707106781186547,-0.707106781186548,0.0));
#3404=SURFACE_STYLE_FILL_AREA(#4468);
#3405=ORIENTED_EDGE('',*,*,#4469,.F.);
#3406=ORIENTED_EDGE('',*,*,#4451,.F.);
#3407=ORIENTED_EDGE('',*,*,#4470,.F.);
#3408=ORIENTED_EDGE('',*,*,#4462,.F.);
#3409=CARTESIAN_POINT('',(5.325,2.12,1.355));
#3410=DIRECTION('',(-0.707106781186548,0.707106781186547,0.0));
#3411=DIRECTION('',(-0.707106781186547,-0.707106781186548,0.0));
#3412=SURFACE_STYLE_FILL_AREA(#4471);
#3413=ORIENTED_EDGE('',*,*,#4450,.F.);
#3414=ORIENTED_EDGE('',*,*,#4467,.F.);
#3415=ORIENTED_EDGE('',*,*,#4463,.T.);
#3416=ORIENTED_EDGE('',*,*,#4470,.T.);
#3417=CARTESIAN_POINT('',(5.245,1.57,1.355));
#3418=DIRECTION('',(-1.0,-0.0,0.0));
#3419=DIRECTION('',(0.0,-1.0,-0.0));
#3420=SURFACE_STYLE_FILL_AREA(#4472);
#3421=ORIENTED_EDGE('',*,*,#4469,.T.);
#3422=ORIENTED_EDGE('',*,*,#4461,.T.);
#3423=ORIENTED_EDGE('',*,*,#4466,.T.);
#3424=ORIENTED_EDGE('',*,*,#4448,.T.);
#3425=ORIENTED_EDGE('',*,*,#4473,.F.);
#3426=ORIENTED_EDGE('',*,*,#4474,.T.);
#3427=ORIENTED_EDGE('',*,*,#3905,.T.);
#3428=ORIENTED_EDGE('',*,*,#4475,.T.);
#3429=ORIENTED_EDGE('',*,*,#4476,.F.);
#3430=ORIENTED_EDGE('',*,*,#4477,.T.);
#3431=ORIENTED_EDGE('',*,*,#4478,.T.);
#3432=ORIENTED_EDGE('',*,*,#4479,.T.);
#3433=ORIENTED_EDGE('',*,*,#4480,.T.);
#3434=ORIENTED_EDGE('',*,*,#4481,.T.);
#3435=ORIENTED_EDGE('',*,*,#4482,.T.);
#3436=ORIENTED_EDGE('',*,*,#4452,.T.);
#3437=CARTESIAN_POINT('',(5.325,1.925,-0.175));
#3438=DIRECTION('',(1.0,0.0,0.0));
#3439=DIRECTION('',(0.0,1.0,0.0));
#3440=SURFACE_STYLE_FILL_AREA(#4483);
#3441=ORIENTED_EDGE('',*,*,#4484,.F.);
#3442=ORIENTED_EDGE('',*,*,#4485,.T.);
#3443=ORIENTED_EDGE('',*,*,#4486,.F.);
#3444=ORIENTED_EDGE('',*,*,#4487,.F.);
#3445=CARTESIAN_POINT('',(1.875,2.26,-0.275));
#3446=DIRECTION('',(0.0,-1.0,0.0));
#3447=DIRECTION('',(1.0,0.0,0.0));
#3448=SURFACE_STYLE_FILL_AREA(#4488);
#3449=ORIENTED_EDGE('',*,*,#4489,.F.);
#3450=ORIENTED_EDGE('',*,*,#4490,.T.);
#3451=ORIENTED_EDGE('',*,*,#4486,.T.);
#3452=ORIENTED_EDGE('',*,*,#4491,.T.);
#3453=CARTESIAN_POINT('',(1.875,2.95407841956198,1.275));
#3454=DIRECTION('',(0.0,0.0,1.0));
#3455=DIRECTION('',(1.0,0.0,0.0));
#3456=SURFACE_STYLE_FILL_AREA(#4492);
#3457=ORIENTED_EDGE('',*,*,#3854,.T.);
#3458=ORIENTED_EDGE('',*,*,#3922,.T.);
#3459=ORIENTED_EDGE('',*,*,#3964,.T.);
#3460=ORIENTED_EDGE('',*,*,#3930,.T.);
#3461=ORIENTED_EDGE('',*,*,#3924,.T.);
#3462=ORIENTED_EDGE('',*,*,#3918,.T.);
#3463=ORIENTED_EDGE('',*,*,#4008,.T.);
#3464=ORIENTED_EDGE('',*,*,#3974,.T.);
#3465=ORIENTED_EDGE('',*,*,#3968,.T.);
#3466=ORIENTED_EDGE('',*,*,#3914,.T.);
#3467=ORIENTED_EDGE('',*,*,#4052,.T.);
#3468=ORIENTED_EDGE('',*,*,#4018,.T.);
#3469=ORIENTED_EDGE('',*,*,#4012,.T.);
#3470=ORIENTED_EDGE('',*,*,#3910,.T.);
#3471=ORIENTED_EDGE('',*,*,#4493,.T.);
#3472=ORIENTED_EDGE('',*,*,#4494,.T.);
#3473=ORIENTED_EDGE('',*,*,#4495,.F.);
#3474=ORIENTED_EDGE('',*,*,#4496,.T.);
#3475=ORIENTED_EDGE('',*,*,#4497,.T.);
#3476=ORIENTED_EDGE('',*,*,#4249,.F.);
#3477=ORIENTED_EDGE('',*,*,#4498,.F.);
#3478=ORIENTED_EDGE('',*,*,#4499,.T.);
#3479=ORIENTED_EDGE('',*,*,#4484,.T.);
#3480=ORIENTED_EDGE('',*,*,#4500,.F.);
#3481=ORIENTED_EDGE('',*,*,#4501,.F.);
#3482=ORIENTED_EDGE('',*,*,#4502,.F.);
#3483=ORIENTED_EDGE('',*,*,#4503,.T.);
#3484=ORIENTED_EDGE('',*,*,#4504,.T.);
#3485=ORIENTED_EDGE('',*,*,#4479,.F.);
#3486=ORIENTED_EDGE('',*,*,#4505,.T.);
#3487=ORIENTED_EDGE('',*,*,#4506,.T.);
#3488=ORIENTED_EDGE('',*,*,#3902,.T.);
#3489=ORIENTED_EDGE('',*,*,#3896,.T.);
#3490=ORIENTED_EDGE('',*,*,#3860,.T.);
#3491=CARTESIAN_POINT('',(1.875,1.925,0.125));
#3492=DIRECTION('',(0.0,0.0,1.0));
#3493=DIRECTION('',(1.0,0.0,0.0));
#3494=SURFACE_STYLE_FILL_AREA(#4507);
#3495=ORIENTED_EDGE('',*,*,#4457,.F.);
#3496=ORIENTED_EDGE('',*,*,#4508,.F.);
#3497=ORIENTED_EDGE('',*,*,#4509,.F.);
#3498=ORIENTED_EDGE('',*,*,#4510,.T.);
#3499=CARTESIAN_POINT('',(1.875,2.89,3.797));
#3500=DIRECTION('',(0.0,-1.0,0.0));
#3501=DIRECTION('',(1.0,0.0,0.0));
#3502=SURFACE_STYLE_FILL_AREA(#4511);
#3503=ORIENTED_EDGE('',*,*,#4512,.F.);
#3504=ORIENTED_EDGE('',*,*,#4513,.T.);
#3505=ORIENTED_EDGE('',*,*,#4509,.T.);
#3506=ORIENTED_EDGE('',*,*,#4514,.T.);
#3507=ORIENTED_EDGE('',*,*,#4515,.F.);
#3508=ORIENTED_EDGE('',*,*,#4407,.F.);
#3509=CARTESIAN_POINT('',(1.875,3.28866338040085,3.797));
#3510=DIRECTION('',(0.0,0.0,1.0));
#3511=DIRECTION('',(1.0,0.0,0.0));
#3512=SURFACE_STYLE_FILL_AREA(#4516);
#3513=ORIENTED_EDGE('',*,*,#4445,.F.);
#3514=ORIENTED_EDGE('',*,*,#4517,.T.);
#3515=ORIENTED_EDGE('',*,*,#4518,.F.);
#3516=ORIENTED_EDGE('',*,*,#4519,.F.);
#3517=CARTESIAN_POINT('',(4.575,-0.05,4.515));
#3518=DIRECTION('',(-1.0,0.0,0.0));
#3519=DIRECTION('',(0.0,0.0,1.0));
#3520=SURFACE_STYLE_FILL_AREA(#4520);
#3521=ORIENTED_EDGE('',*,*,#4443,.F.);
#3522=ORIENTED_EDGE('',*,*,#4521,.F.);
#3523=ORIENTED_EDGE('',*,*,#4522,.F.);
#3524=ORIENTED_EDGE('',*,*,#4523,.F.);
#3525=CARTESIAN_POINT('',(-0.825,-0.05,4.515));
#3526=DIRECTION('',(1.0,0.0,0.0));
#3527=DIRECTION('',(0.0,0.0,-1.0));
#3528=SURFACE_STYLE_FILL_AREA(#4524);
#3529=ORIENTED_EDGE('',*,*,#4444,.F.);
#3530=ORIENTED_EDGE('',*,*,#4523,.T.);
#3531=ORIENTED_EDGE('',*,*,#4525,.F.);
#3532=ORIENTED_EDGE('',*,*,#4517,.F.);
#3533=CARTESIAN_POINT('',(1.875,0.2,4.515));
#3534=DIRECTION('',(0.0,-1.0,0.0));
#3535=DIRECTION('',(0.0,0.0,-1.0));
#3536=SURFACE_STYLE_FILL_AREA(#4526);
#3537=ORIENTED_EDGE('',*,*,#4518,.T.);
#3538=ORIENTED_EDGE('',*,*,#4525,.T.);
#3539=ORIENTED_EDGE('',*,*,#4522,.T.);
#3540=ORIENTED_EDGE('',*,*,#4527,.F.);
#3541=ORIENTED_EDGE('',*,*,#4528,.F.);
#3542=ORIENTED_EDGE('',*,*,#4529,.F.);
#3543=ORIENTED_EDGE('',*,*,#3906,.T.);
#3544=ORIENTED_EDGE('',*,*,#4474,.F.);
#3545=ORIENTED_EDGE('',*,*,#4530,.F.);
#3546=ORIENTED_EDGE('',*,*,#4531,.F.);
#3547=CARTESIAN_POINT('',(1.875,0.3,3.775));
#3548=DIRECTION('',(0.0,6.12323399573676E-17,1.0));
#3549=DIRECTION('',(-1.0,0.0,0.0));
#3550=SURFACE_STYLE_FILL_AREA(#4532);
#3551=ORIENTED_EDGE('',*,*,#4521,.T.);
#3552=ORIENTED_EDGE('',*,*,#4442,.T.);
#3553=ORIENTED_EDGE('',*,*,#4533,.F.);
#3554=ORIENTED_EDGE('',*,*,#4527,.T.);
#3555=CARTESIAN_POINT('',(1.875,0.0,-0.175));
#3556=DIRECTION('',(0.0,-1.0,0.0));
#3557=DIRECTION('',(1.0,0.0,0.0));
#3558=SURFACE_STYLE_FILL_AREA(#4534);
#3559=ORIENTED_EDGE('',*,*,#4519,.T.);
#3560=ORIENTED_EDGE('',*,*,#4531,.T.);
#3561=ORIENTED_EDGE('',*,*,#4535,.T.);
#3562=ORIENTED_EDGE('',*,*,#4446,.T.);
#3563=CARTESIAN_POINT('',(1.875,0.0,-0.175));
#3564=DIRECTION('',(0.0,-1.0,0.0));
#3565=DIRECTION('',(1.0,0.0,0.0));
#3566=SURFACE_STYLE_FILL_AREA(#4536);
#3567=ORIENTED_EDGE('',*,*,#4537,.F.);
#3568=ORIENTED_EDGE('',*,*,#4538,.F.);
#3569=ORIENTED_EDGE('',*,*,#3908,.T.);
#3570=ORIENTED_EDGE('',*,*,#4539,.F.);
#3571=ORIENTED_EDGE('',*,*,#4540,.F.);
#3572=CARTESIAN_POINT('',(-1.25,0.3,0.765));
#3573=DIRECTION('',(0.0,-6.12323399573676E-17,-1.0));
#3574=DIRECTION('',(1.0,0.0,0.0));
#3575=SURFACE_STYLE_FILL_AREA(#4541);
#3576=ORIENTED_EDGE('',*,*,#4542,.F.);
#3577=ORIENTED_EDGE('',*,*,#4543,.F.);
#3578=ORIENTED_EDGE('',*,*,#4475,.F.);
#3579=ORIENTED_EDGE('',*,*,#3904,.T.);
#3580=ORIENTED_EDGE('',*,*,#4544,.T.);
#3581=CARTESIAN_POINT('',(5.0,0.3,0.765));
#3582=DIRECTION('',(0.0,-6.12323399573676E-17,-1.0));
#3583=DIRECTION('',(1.0,0.0,0.0));
#3584=SURFACE_STYLE_FILL_AREA(#4545);
#3585=ORIENTED_EDGE('',*,*,#4546,.F.);
#3586=ORIENTED_EDGE('',*,*,#4547,.F.);
#3587=ORIENTED_EDGE('',*,*,#4544,.F.);
#3588=ORIENTED_EDGE('',*,*,#3903,.T.);
#3589=ORIENTED_EDGE('',*,*,#4506,.F.);
#3590=ORIENTED_EDGE('',*,*,#4548,.F.);
#3591=CARTESIAN_POINT('',(4.575,0.2,-0.275));
#3592=DIRECTION('',(1.0,0.0,0.0));
#3593=DIRECTION('',(0.0,1.0,0.0));
#3594=SURFACE_STYLE_FILL_AREA(#4549);
#3595=ORIENTED_EDGE('',*,*,#4423,.T.);
#3596=ORIENTED_EDGE('',*,*,#4439,.T.);
#3597=ORIENTED_EDGE('',*,*,#4550,.F.);
#3598=ORIENTED_EDGE('',*,*,#4551,.T.);
#3599=ORIENTED_EDGE('',*,*,#4552,.T.);
#3600=ORIENTED_EDGE('',*,*,#4495,.T.);
#3601=ORIENTED_EDGE('',*,*,#4553,.T.);
#3602=ORIENTED_EDGE('',*,*,#4554,.T.);
#3603=ORIENTED_EDGE('',*,*,#4555,.T.);
#3604=ORIENTED_EDGE('',*,*,#4539,.T.);
#3605=ORIENTED_EDGE('',*,*,#3907,.T.);
#3606=ORIENTED_EDGE('',*,*,#4529,.T.);
#3607=ORIENTED_EDGE('',*,*,#4556,.T.);
#3608=ORIENTED_EDGE('',*,*,#4440,.T.);
#3609=ORIENTED_EDGE('',*,*,#4432,.T.);
#3610=ORIENTED_EDGE('',*,*,#4436,.T.);
#3611=CARTESIAN_POINT('',(-1.575,1.925,-0.175));
#3612=DIRECTION('',(-1.0,-6.12303176911189E-17,0.0));
#3613=DIRECTION('',(6.12303176911189E-17,-1.0,0.0));
#3614=SURFACE_STYLE_FILL_AREA(#4557);
#3615=ORIENTED_EDGE('',*,*,#4528,.T.);
#3616=ORIENTED_EDGE('',*,*,#4533,.T.);
#3617=ORIENTED_EDGE('',*,*,#4441,.T.);
#3618=ORIENTED_EDGE('',*,*,#4556,.F.);
#3619=CARTESIAN_POINT('',(-1.525,0.05,-0.175));
#3620=DIRECTION('',(-0.707106781186548,-0.707106781186547,0.0));
#3621=DIRECTION('',(0.707106781186547,-0.707106781186548,0.0));
#3622=SURFACE_STYLE_FILL_AREA(#4558);
#3623=ORIENTED_EDGE('',*,*,#4540,.T.);
#3624=ORIENTED_EDGE('',*,*,#4555,.F.);
#3625=ORIENTED_EDGE('',*,*,#4559,.T.);
#3626=ORIENTED_EDGE('',*,*,#4560,.T.);
#3627=CARTESIAN_POINT('',(-1.525,0.05,-0.175));
#3628=DIRECTION('',(-0.707106781186548,-0.707106781186547,0.0));
#3629=DIRECTION('',(0.707106781186547,-0.707106781186548,0.0));
#3630=SURFACE_STYLE_FILL_AREA(#4561);
#3631=ORIENTED_EDGE('',*,*,#4547,.T.);
#3632=ORIENTED_EDGE('',*,*,#4562,.T.);
#3633=ORIENTED_EDGE('',*,*,#4563,.T.);
#3634=ORIENTED_EDGE('',*,*,#4542,.T.);
#3635=CARTESIAN_POINT('',(1.875,0.0,-0.175));
#3636=DIRECTION('',(0.0,-1.0,0.0));
#3637=DIRECTION('',(1.0,0.0,0.0));
#3638=SURFACE_STYLE_FILL_AREA(#4564);
#3639=ORIENTED_EDGE('',*,*,#4565,.T.);
#3640=ORIENTED_EDGE('',*,*,#4537,.T.);
#3641=ORIENTED_EDGE('',*,*,#4560,.F.);
#3642=ORIENTED_EDGE('',*,*,#4566,.T.);
#3643=CARTESIAN_POINT('',(1.875,0.0,-0.175));
#3644=DIRECTION('',(0.0,-1.0,0.0));
#3645=DIRECTION('',(1.0,0.0,0.0));
#3646=SURFACE_STYLE_FILL_AREA(#4567);
#3647=ORIENTED_EDGE('',*,*,#4530,.T.);
#3648=ORIENTED_EDGE('',*,*,#4473,.T.);
#3649=ORIENTED_EDGE('',*,*,#4447,.T.);
#3650=ORIENTED_EDGE('',*,*,#4535,.F.);
#3651=CARTESIAN_POINT('',(5.275,0.05,-0.175));
#3652=DIRECTION('',(0.707106781186549,-0.707106781186546,0.0));
#3653=DIRECTION('',(0.707106781186546,0.707106781186549,0.0));
#3654=SURFACE_STYLE_FILL_AREA(#4568);
#3655=ORIENTED_EDGE('',*,*,#4569,.F.);
#3656=ORIENTED_EDGE('',*,*,#4548,.T.);
#3657=ORIENTED_EDGE('',*,*,#4505,.F.);
#3658=ORIENTED_EDGE('',*,*,#4478,.F.);
#3659=CARTESIAN_POINT('',(5.0,0.5,-0.275));
#3660=DIRECTION('',(0.0,-1.0,0.0));
#3661=DIRECTION('',(1.0,0.0,0.0));
#3662=SURFACE_STYLE_FILL_AREA(#4570);
#3663=ORIENTED_EDGE('',*,*,#4480,.F.);
#3664=ORIENTED_EDGE('',*,*,#4504,.F.);
#3665=ORIENTED_EDGE('',*,*,#4571,.F.);
#3666=ORIENTED_EDGE('',*,*,#4572,.F.);
#3667=CARTESIAN_POINT('',(5.0,3.35,-0.275));
#3668=DIRECTION('',(0.0,1.0,0.0));
#3669=DIRECTION('',(-1.0,0.0,0.0));
#3670=SURFACE_STYLE_FILL_AREA(#4573);
#3671=ORIENTED_EDGE('',*,*,#4574,.F.);
#3672=ORIENTED_EDGE('',*,*,#4571,.T.);
#3673=ORIENTED_EDGE('',*,*,#4503,.F.);
#3674=ORIENTED_EDGE('',*,*,#4575,.F.);
#3675=CARTESIAN_POINT('',(4.575,3.65,-0.275));
#3676=DIRECTION('',(1.0,0.0,0.0));
#3677=DIRECTION('',(0.0,1.0,0.0));
#3678=SURFACE_STYLE_FILL_AREA(#4576);
#3679=ORIENTED_EDGE('',*,*,#4552,.F.);
#3680=ORIENTED_EDGE('',*,*,#4577,.F.);
#3681=ORIENTED_EDGE('',*,*,#4578,.T.);
#3682=ORIENTED_EDGE('',*,*,#4496,.F.);
#3683=CARTESIAN_POINT('',(-1.25,3.35,-0.275));
#3684=DIRECTION('',(0.0,1.0,0.0));
#3685=DIRECTION('',(-1.0,0.0,0.0));
#3686=SURFACE_STYLE_FILL_AREA(#4579);
#3687=ORIENTED_EDGE('',*,*,#4580,.F.);
#3688=ORIENTED_EDGE('',*,*,#4250,.F.);
#3689=ORIENTED_EDGE('',*,*,#4497,.F.);
#3690=ORIENTED_EDGE('',*,*,#4578,.F.);
#3691=CARTESIAN_POINT('',(-0.825,3.65,-0.275));
#3692=DIRECTION('',(-1.0,1.85037170770859E-16,0.0));
#3693=DIRECTION('',(-1.85037170770859E-16,-1.0,0.0));
#3694=SURFACE_STYLE_FILL_AREA(#4581);
#3695=ORIENTED_EDGE('',*,*,#4493,.F.);
#3696=ORIENTED_EDGE('',*,*,#3909,.T.);
#3697=ORIENTED_EDGE('',*,*,#4538,.T.);
#3698=ORIENTED_EDGE('',*,*,#4565,.F.);
#3699=ORIENTED_EDGE('',*,*,#4582,.F.);
#3700=ORIENTED_EDGE('',*,*,#4583,.T.);
#3701=CARTESIAN_POINT('',(-0.825,0.2,-0.275));
#3702=DIRECTION('',(-1.0,0.0,0.0));
#3703=DIRECTION('',(0.0,-1.0,0.0));
#3704=SURFACE_STYLE_FILL_AREA(#4584);
#3705=ORIENTED_EDGE('',*,*,#4585,.F.);
#3706=ORIENTED_EDGE('',*,*,#4553,.F.);
#3707=ORIENTED_EDGE('',*,*,#4494,.F.);
#3708=ORIENTED_EDGE('',*,*,#4583,.F.);
#3709=CARTESIAN_POINT('',(-1.25,0.5,-0.275));
#3710=DIRECTION('',(0.0,-1.0,0.0));
#3711=DIRECTION('',(1.0,0.0,0.0));
#3712=SURFACE_STYLE_FILL_AREA(#4586);
#3713=ORIENTED_EDGE('',*,*,#4575,.T.);
#3714=ORIENTED_EDGE('',*,*,#4502,.T.);
#3715=ORIENTED_EDGE('',*,*,#4587,.T.);
#3716=ORIENTED_EDGE('',*,*,#4454,.T.);
#3717=ORIENTED_EDGE('',*,*,#4588,.F.);
#3718=ORIENTED_EDGE('',*,*,#4589,.T.);
#3719=CARTESIAN_POINT('',(4.725,3.85,-0.175));
#3720=DIRECTION('',(2.22044604925031E-16,1.0,0.0));
#3721=DIRECTION('',(-1.0,2.22044604925031E-16,0.0));
#3722=SURFACE_STYLE_FILL_AREA(#4590);
#3723=ORIENTED_EDGE('',*,*,#4572,.T.);
#3724=ORIENTED_EDGE('',*,*,#4574,.T.);
#3725=ORIENTED_EDGE('',*,*,#4589,.F.);
#3726=ORIENTED_EDGE('',*,*,#4591,.F.);
#3727=ORIENTED_EDGE('',*,*,#4481,.F.);
#3728=CARTESIAN_POINT('',(1.875,1.85659952093202,-0.175));
#3729=DIRECTION('',(0.0,0.0,1.0));
#3730=DIRECTION('',(1.0,0.0,0.0));
#3731=SURFACE_STYLE_FILL_AREA(#4592);
#3732=ORIENTED_EDGE('',*,*,#4577,.T.);
#3733=ORIENTED_EDGE('',*,*,#4551,.F.);
#3734=ORIENTED_EDGE('',*,*,#4593,.F.);
#3735=ORIENTED_EDGE('',*,*,#4251,.F.);
#3736=ORIENTED_EDGE('',*,*,#4580,.T.);
#3737=CARTESIAN_POINT('',(1.875,1.85659952093202,-0.175));
#3738=DIRECTION('',(0.0,0.0,1.0));
#3739=DIRECTION('',(1.0,0.0,0.0));
#3740=SURFACE_STYLE_FILL_AREA(#4594);
#3741=ORIENTED_EDGE('',*,*,#4582,.T.);
#3742=ORIENTED_EDGE('',*,*,#4566,.F.);
#3743=ORIENTED_EDGE('',*,*,#4559,.F.);
#3744=ORIENTED_EDGE('',*,*,#4554,.F.);
#3745=ORIENTED_EDGE('',*,*,#4585,.T.);
#3746=CARTESIAN_POINT('',(1.875,1.85659952093202,-0.175));
#3747=DIRECTION('',(0.0,0.0,1.0));
#3748=DIRECTION('',(1.0,0.0,0.0));
#3749=SURFACE_STYLE_FILL_AREA(#4595);
#3750=ORIENTED_EDGE('',*,*,#4546,.T.);
#3751=ORIENTED_EDGE('',*,*,#4569,.T.);
#3752=ORIENTED_EDGE('',*,*,#4477,.F.);
#3753=ORIENTED_EDGE('',*,*,#4596,.F.);
#3754=ORIENTED_EDGE('',*,*,#4562,.F.);
#3755=CARTESIAN_POINT('',(1.875,1.85659952093202,-0.175));
#3756=DIRECTION('',(0.0,0.0,1.0));
#3757=DIRECTION('',(1.0,0.0,0.0));
#3758=SURFACE_STYLE_FILL_AREA(#4597);
#3759=ORIENTED_EDGE('',*,*,#4501,.T.);
#3760=ORIENTED_EDGE('',*,*,#4598,.T.);
#3761=ORIENTED_EDGE('',*,*,#4455,.T.);
#3762=ORIENTED_EDGE('',*,*,#4587,.F.);
#3763=CARTESIAN_POINT('',(4.15,3.775,-0.175));
#3764=DIRECTION('',(-0.707106781186546,0.707106781186549,0.0));
#3765=DIRECTION('',(-0.707106781186549,-0.707106781186546,0.0));
#3766=SURFACE_STYLE_FILL_AREA(#4599);
#3767=ORIENTED_EDGE('',*,*,#4500,.T.);
#3768=ORIENTED_EDGE('',*,*,#4487,.T.);
#3769=ORIENTED_EDGE('',*,*,#4490,.F.);
#3770=ORIENTED_EDGE('',*,*,#4600,.T.);
#3771=ORIENTED_EDGE('',*,*,#4514,.F.);
#3772=ORIENTED_EDGE('',*,*,#4508,.T.);
#3773=ORIENTED_EDGE('',*,*,#4456,.F.);
#3774=ORIENTED_EDGE('',*,*,#4598,.F.);
#3775=CARTESIAN_POINT('',(4.075,3.345,-0.175));
#3776=DIRECTION('',(-1.0,0.0,0.0));
#3777=DIRECTION('',(0.0,-1.0,0.0));
#3778=SURFACE_STYLE_FILL_AREA(#4601);
#3779=ORIENTED_EDGE('',*,*,#4396,.T.);
#3780=ORIENTED_EDGE('',*,*,#4515,.T.);
#3781=ORIENTED_EDGE('',*,*,#4600,.F.);
#3782=ORIENTED_EDGE('',*,*,#4489,.T.);
#3783=ORIENTED_EDGE('',*,*,#4602,.T.);
#3784=ORIENTED_EDGE('',*,*,#4512,.T.);
#3785=ORIENTED_EDGE('',*,*,#4411,.T.);
#3786=ORIENTED_EDGE('',*,*,#4401,.T.);
#3787=CARTESIAN_POINT('',(1.875,2.99,-0.175));
#3788=DIRECTION('',(0.0,1.0,0.0));
#3789=DIRECTION('',(-1.0,0.0,0.0));
#3790=SURFACE_STYLE_FILL_AREA(#4603);
#3791=ORIENTED_EDGE('',*,*,#4499,.F.);
#3792=ORIENTED_EDGE('',*,*,#4604,.T.);
#3793=ORIENTED_EDGE('',*,*,#4458,.T.);
#3794=ORIENTED_EDGE('',*,*,#4510,.F.);
#3795=ORIENTED_EDGE('',*,*,#4513,.F.);
#3796=ORIENTED_EDGE('',*,*,#4602,.F.);
#3797=ORIENTED_EDGE('',*,*,#4491,.F.);
#3798=ORIENTED_EDGE('',*,*,#4485,.F.);
#3799=CARTESIAN_POINT('',(-0.325,3.345,-0.175));
#3800=DIRECTION('',(1.0,0.0,0.0));
#3801=DIRECTION('',(0.0,1.0,0.0));
#3802=SURFACE_STYLE_FILL_AREA(#4605);
#3803=ORIENTED_EDGE('',*,*,#4498,.T.);
#3804=ORIENTED_EDGE('',*,*,#4248,.T.);
#3805=ORIENTED_EDGE('',*,*,#4459,.T.);
#3806=ORIENTED_EDGE('',*,*,#4604,.F.);
#3807=CARTESIAN_POINT('',(-0.4,3.775,-0.175));
#3808=DIRECTION('',(0.707106781186547,0.707106781186547,0.0));
#3809=DIRECTION('',(-0.707106781186548,0.707106781186548,0.0));
#3810=SURFACE_STYLE_FILL_AREA(#4606);
#3811=ORIENTED_EDGE('',*,*,#4453,.T.);
#3812=ORIENTED_EDGE('',*,*,#4482,.F.);
#3813=ORIENTED_EDGE('',*,*,#4591,.T.);
#3814=ORIENTED_EDGE('',*,*,#4588,.T.);
#3815=CARTESIAN_POINT('',(5.275,3.8,-0.175));
#3816=DIRECTION('',(0.707106781186549,0.707106781186546,0.0));
#3817=DIRECTION('',(-0.707106781186546,0.707106781186549,0.0));
#3818=SURFACE_STYLE_FILL_AREA(#4607);
#3819=ORIENTED_EDGE('',*,*,#4543,.T.);
#3820=ORIENTED_EDGE('',*,*,#4563,.F.);
#3821=ORIENTED_EDGE('',*,*,#4596,.T.);
#3822=ORIENTED_EDGE('',*,*,#4476,.T.);
#3823=CARTESIAN_POINT('',(5.275,0.05,-0.175));
#3824=DIRECTION('',(0.707106781186549,-0.707106781186546,0.0));
#3825=DIRECTION('',(0.707106781186546,0.707106781186549,0.0));
#3826=SURFACE_STYLE_FILL_AREA(#4608);
#3827=ORIENTED_EDGE('',*,*,#4438,.T.);
#3828=ORIENTED_EDGE('',*,*,#4252,.F.);
#3829=ORIENTED_EDGE('',*,*,#4593,.T.);
#3830=ORIENTED_EDGE('',*,*,#4550,.T.);
#3831=CARTESIAN_POINT('',(-1.525,3.8,-0.175));
#3832=DIRECTION('',(-0.707106781186548,0.707106781186547,0.0));
#3833=DIRECTION('',(-0.707106781186547,-0.707106781186548,0.0));
#3834=FILL_AREA_STYLE('',(#4609));
#3835=EDGE_CURVE('',#4610,#4611,#4612,.T.);
#3836=EDGE_CURVE('',#4610,#4613,#4614,.T.);
#3837=EDGE_CURVE('',#4615,#4613,#4616,.T.);
#3838=EDGE_CURVE('',#4611,#4615,#4617,.T.);
#3839=FILL_AREA_STYLE('',(#4618));
#3840=EDGE_CURVE('',#4611,#4619,#4620,.T.);
#3841=EDGE_CURVE('',#4621,#4615,#4622,.T.);
#3842=EDGE_CURVE('',#4619,#4621,#4623,.T.);
#3843=FILL_AREA_STYLE('',(#4624));
#3844=EDGE_CURVE('',#4625,#4626,#4627,.T.);
#3845=EDGE_CURVE('',#4625,#4628,#4629,.T.);
#3846=EDGE_CURVE('',#4630,#4628,#4631,.T.);
#3847=EDGE_CURVE('',#4626,#4630,#4632,.T.);
#3848=FILL_AREA_STYLE('',(#4633));
#3849=EDGE_CURVE('',#4626,#4634,#4635,.T.);
#3850=EDGE_CURVE('',#4636,#4630,#4637,.T.);
#3851=EDGE_CURVE('',#4634,#4636,#4638,.T.);
#3852=FILL_AREA_STYLE('',(#4639));
#3853=EDGE_CURVE('',#4640,#4641,#4642,.T.);
#3854=EDGE_CURVE('',#4643,#4640,#4644,.T.);
#3855=EDGE_CURVE('',#4645,#4643,#4646,.T.);
#3856=EDGE_CURVE('',#4647,#4645,#4648,.T.);
#3857=EDGE_CURVE('',#4647,#4649,#4650,.T.);
#3858=EDGE_CURVE('',#4641,#4649,#4651,.T.);
#3859=FILL_AREA_STYLE('',(#4652));
#3860=EDGE_CURVE('',#4653,#4643,#4654,.T.);
#3861=EDGE_CURVE('',#4653,#4655,#4656,.T.);
#3862=EDGE_CURVE('',#4645,#4655,#4657,.T.);
#3863=FILL_AREA_STYLE('',(#4658));
#3864=EDGE_CURVE('',#4659,#4660,#4661,.T.);
#3865=EDGE_CURVE('',#4662,#4660,#4663,.T.);
#3866=EDGE_CURVE('',#4662,#4664,#4665,.T.);
#3867=EDGE_CURVE('',#4664,#4659,#4666,.T.);
#3868=FILL_AREA_STYLE('',(#4667));
#3869=EDGE_CURVE('',#4641,#4668,#4669,.T.);
#3870=EDGE_CURVE('',#4649,#4662,#4670,.T.);
#3871=EDGE_CURVE('',#4660,#4671,#4672,.T.);
#3872=EDGE_CURVE('',#4671,#4668,#4673,.T.);
#3873=FILL_AREA_STYLE('',(#4674));
#3874=EDGE_CURVE('',#4675,#4659,#4676,.T.);
#3875=EDGE_CURVE('',#4664,#4677,#4678,.T.);
#3876=EDGE_CURVE('',#4677,#4675,#4679,.T.);
#3877=FILL_AREA_STYLE('',(#4680));
#3878=EDGE_CURVE('',#4681,#4675,#4682,.T.);
#3879=EDGE_CURVE('',#4677,#4683,#4684,.T.);
#3880=EDGE_CURVE('',#4683,#4681,#4685,.T.);
#3881=FILL_AREA_STYLE('',(#4686));
#3882=EDGE_CURVE('',#4687,#4681,#4688,.T.);
#3883=EDGE_CURVE('',#4683,#4689,#4690,.T.);
#3884=EDGE_CURVE('',#4689,#4687,#4691,.T.);
#3885=FILL_AREA_STYLE('',(#4692));
#3886=EDGE_CURVE('',#4693,#4694,#4695,.T.);
#3887=EDGE_CURVE('',#4696,#4694,#4697,.T.);
#3888=EDGE_CURVE('',#4696,#4647,#4698,.T.);
#3889=EDGE_CURVE('',#4655,#4693,#4699,.T.);
#3890=FILL_AREA_STYLE('',(#4700));
#3891=EDGE_CURVE('',#4694,#4687,#4701,.T.);
#3892=EDGE_CURVE('',#4689,#4696,#4702,.T.);
#3893=FILL_AREA_STYLE('',(#4703));
#3894=EDGE_CURVE('',#4668,#4704,#4705,.T.);
#3895=EDGE_CURVE('',#4693,#4671,#4706,.T.);
#3896=EDGE_CURVE('',#4704,#4653,#4707,.T.);
#3897=FILL_AREA_STYLE('',(#4708));
#3898=FILL_AREA_STYLE('',(#4709));
#3899=FILL_AREA_STYLE('',(#4710));
#3900=EDGE_CURVE('',#4636,#4634,#4711,.T.);
#3901=EDGE_CURVE('',#4621,#4619,#4712,.T.);
#3902=EDGE_CURVE('',#4713,#4704,#4714,.T.);
#3903=EDGE_CURVE('',#4715,#4713,#4716,.T.);
#3904=EDGE_CURVE('',#4717,#4715,#4718,.T.);
#3905=EDGE_CURVE('',#4719,#4717,#4720,.T.);
#3906=EDGE_CURVE('',#4721,#4719,#4722,.T.);
#3907=EDGE_CURVE('',#4723,#4721,#4724,.T.);
#3908=EDGE_CURVE('',#4725,#4723,#4726,.T.);
#3909=EDGE_CURVE('',#4727,#4725,#4728,.T.);
#3910=EDGE_CURVE('',#4729,#4727,#4730,.T.);
#3911=EDGE_CURVE('',#4729,#4731,#4732,.T.);
#3912=EDGE_CURVE('',#4731,#4733,#4734,.T.);
#3913=EDGE_CURVE('',#4733,#4735,#4736,.T.);
#3914=EDGE_CURVE('',#4737,#4735,#4738,.T.);
#3915=EDGE_CURVE('',#4737,#4739,#4740,.T.);
#3916=EDGE_CURVE('',#4739,#4741,#4742,.T.);
#3917=EDGE_CURVE('',#4741,#4743,#4744,.T.);
#3918=EDGE_CURVE('',#4745,#4743,#4746,.T.);
#3919=EDGE_CURVE('',#4745,#4747,#4748,.T.);
#3920=EDGE_CURVE('',#4747,#4749,#4750,.T.);
#3921=EDGE_CURVE('',#4749,#4751,#4752,.T.);
#3922=EDGE_CURVE('',#4640,#4751,#4753,.T.);
#3923=FILL_AREA_STYLE('',(#4754));
#3924=EDGE_CURVE('',#4755,#4745,#4756,.T.);
#3925=EDGE_CURVE('',#4757,#4755,#4758,.T.);
#3926=EDGE_CURVE('',#4759,#4757,#4760,.T.);
#3927=EDGE_CURVE('',#4759,#4761,#4762,.T.);
#3928=EDGE_CURVE('',#4747,#4761,#4763,.T.);
#3929=FILL_AREA_STYLE('',(#4764));
#3930=EDGE_CURVE('',#4765,#4755,#4766,.T.);
#3931=EDGE_CURVE('',#4765,#4767,#4768,.T.);
#3932=EDGE_CURVE('',#4757,#4767,#4769,.T.);
#3933=FILL_AREA_STYLE('',(#4770));
#3934=EDGE_CURVE('',#4771,#4772,#4773,.T.);
#3935=EDGE_CURVE('',#4774,#4772,#4775,.T.);
#3936=EDGE_CURVE('',#4774,#4776,#4777,.T.);
#3937=EDGE_CURVE('',#4776,#4771,#4778,.T.);
#3938=FILL_AREA_STYLE('',(#4779));
#3939=EDGE_CURVE('',#4761,#4774,#4780,.T.);
#3940=EDGE_CURVE('',#4772,#4781,#4782,.T.);
#3941=EDGE_CURVE('',#4781,#4749,#4783,.T.);
#3942=FILL_AREA_STYLE('',(#4784));
#3943=EDGE_CURVE('',#4785,#4771,#4786,.T.);
#3944=EDGE_CURVE('',#4776,#4787,#4788,.T.);
#3945=EDGE_CURVE('',#4787,#4785,#4789,.T.);
#3946=FILL_AREA_STYLE('',(#4790));
#3947=EDGE_CURVE('',#4791,#4785,#4792,.T.);
#3948=EDGE_CURVE('',#4787,#4793,#4794,.T.);
#3949=EDGE_CURVE('',#4793,#4791,#4795,.T.);
#3950=FILL_AREA_STYLE('',(#4796));
#3951=EDGE_CURVE('',#4797,#4791,#4798,.T.);
#3952=EDGE_CURVE('',#4793,#4799,#4800,.T.);
#3953=EDGE_CURVE('',#4799,#4797,#4801,.T.);
#3954=FILL_AREA_STYLE('',(#4802));
#3955=EDGE_CURVE('',#4803,#4804,#4805,.T.);
#3956=EDGE_CURVE('',#4806,#4804,#4807,.T.);
#3957=EDGE_CURVE('',#4806,#4759,#4808,.T.);
#3958=EDGE_CURVE('',#4767,#4803,#4809,.T.);
#3959=FILL_AREA_STYLE('',(#4810));
#3960=EDGE_CURVE('',#4804,#4797,#4811,.T.);
#3961=EDGE_CURVE('',#4799,#4806,#4812,.T.);
#3962=FILL_AREA_STYLE('',(#4813));
#3963=EDGE_CURVE('',#4803,#4781,#4814,.T.);
#3964=EDGE_CURVE('',#4751,#4765,#4815,.T.);
#3965=FILL_AREA_STYLE('',(#4816));
#3966=FILL_AREA_STYLE('',(#4817));
#3967=FILL_AREA_STYLE('',(#4818));
#3968=EDGE_CURVE('',#4819,#4737,#4820,.T.);
#3969=EDGE_CURVE('',#4821,#4819,#4822,.T.);
#3970=EDGE_CURVE('',#4823,#4821,#4824,.T.);
#3971=EDGE_CURVE('',#4823,#4825,#4826,.T.);
#3972=EDGE_CURVE('',#4739,#4825,#4827,.T.);
#3973=FILL_AREA_STYLE('',(#4828));
#3974=EDGE_CURVE('',#4829,#4819,#4830,.T.);
#3975=EDGE_CURVE('',#4829,#4831,#4832,.T.);
#3976=EDGE_CURVE('',#4821,#4831,#4833,.T.);
#3977=FILL_AREA_STYLE('',(#4834));
#3978=EDGE_CURVE('',#4835,#4836,#4837,.T.);
#3979=EDGE_CURVE('',#4838,#4836,#4839,.T.);
#3980=EDGE_CURVE('',#4838,#4840,#4841,.T.);
#3981=EDGE_CURVE('',#4840,#4835,#4842,.T.);
#3982=FILL_AREA_STYLE('',(#4843));
#3983=EDGE_CURVE('',#4825,#4838,#4844,.T.);
#3984=EDGE_CURVE('',#4836,#4845,#4846,.T.);
#3985=EDGE_CURVE('',#4845,#4741,#4847,.T.);
#3986=FILL_AREA_STYLE('',(#4848));
#3987=EDGE_CURVE('',#4849,#4835,#4850,.T.);
#3988=EDGE_CURVE('',#4840,#4851,#4852,.T.);
#3989=EDGE_CURVE('',#4851,#4849,#4853,.T.);
#3990=FILL_AREA_STYLE('',(#4854));
#3991=EDGE_CURVE('',#4855,#4849,#4856,.T.);
#3992=EDGE_CURVE('',#4851,#4857,#4858,.T.);
#3993=EDGE_CURVE('',#4857,#4855,#4859,.T.);
#3994=FILL_AREA_STYLE('',(#4860));
#3995=EDGE_CURVE('',#4861,#4855,#4862,.T.);
#3996=EDGE_CURVE('',#4857,#4863,#4864,.T.);
#3997=EDGE_CURVE('',#4863,#4861,#4865,.T.);
#3998=FILL_AREA_STYLE('',(#4866));
#3999=EDGE_CURVE('',#4867,#4868,#4869,.T.);
#4000=EDGE_CURVE('',#4870,#4868,#4871,.T.);
#4001=EDGE_CURVE('',#4870,#4823,#4872,.T.);
#4002=EDGE_CURVE('',#4831,#4867,#4873,.T.);
#4003=FILL_AREA_STYLE('',(#4874));
#4004=EDGE_CURVE('',#4868,#4861,#4875,.T.);
#4005=EDGE_CURVE('',#4863,#4870,#4876,.T.);
#4006=FILL_AREA_STYLE('',(#4877));
#4007=EDGE_CURVE('',#4867,#4845,#4878,.T.);
#4008=EDGE_CURVE('',#4743,#4829,#4879,.T.);
#4009=FILL_AREA_STYLE('',(#4880));
#4010=FILL_AREA_STYLE('',(#4881));
#4011=FILL_AREA_STYLE('',(#4882));
#4012=EDGE_CURVE('',#4883,#4729,#4884,.T.);
#4013=EDGE_CURVE('',#4885,#4883,#4886,.T.);
#4014=EDGE_CURVE('',#4887,#4885,#4888,.T.);
#4015=EDGE_CURVE('',#4887,#4889,#4890,.T.);
#4016=EDGE_CURVE('',#4731,#4889,#4891,.T.);
#4017=FILL_AREA_STYLE('',(#4892));
#4018=EDGE_CURVE('',#4893,#4883,#4894,.T.);
#4019=EDGE_CURVE('',#4893,#4895,#4896,.T.);
#4020=EDGE_CURVE('',#4885,#4895,#4897,.T.);
#4021=FILL_AREA_STYLE('',(#4898));
#4022=EDGE_CURVE('',#4899,#4900,#4901,.T.);
#4023=EDGE_CURVE('',#4902,#4900,#4903,.T.);
#4024=EDGE_CURVE('',#4902,#4904,#4905,.T.);
#4025=EDGE_CURVE('',#4904,#4899,#4906,.T.);
#4026=FILL_AREA_STYLE('',(#4907));
#4027=EDGE_CURVE('',#4889,#4902,#4908,.T.);
#4028=EDGE_CURVE('',#4900,#4909,#4910,.T.);
#4029=EDGE_CURVE('',#4909,#4733,#4911,.T.);
#4030=FILL_AREA_STYLE('',(#4912));
#4031=EDGE_CURVE('',#4913,#4899,#4914,.T.);
#4032=EDGE_CURVE('',#4904,#4915,#4916,.T.);
#4033=EDGE_CURVE('',#4915,#4913,#4917,.T.);
#4034=FILL_AREA_STYLE('',(#4918));
#4035=EDGE_CURVE('',#4919,#4913,#4920,.T.);
#4036=EDGE_CURVE('',#4915,#4921,#4922,.T.);
#4037=EDGE_CURVE('',#4921,#4919,#4923,.T.);
#4038=FILL_AREA_STYLE('',(#4924));
#4039=EDGE_CURVE('',#4925,#4919,#4926,.T.);
#4040=EDGE_CURVE('',#4921,#4927,#4928,.T.);
#4041=EDGE_CURVE('',#4927,#4925,#4929,.T.);
#4042=FILL_AREA_STYLE('',(#4930));
#4043=EDGE_CURVE('',#4931,#4932,#4933,.T.);
#4044=EDGE_CURVE('',#4934,#4932,#4935,.T.);
#4045=EDGE_CURVE('',#4934,#4887,#4936,.T.);
#4046=EDGE_CURVE('',#4895,#4931,#4937,.T.);
#4047=FILL_AREA_STYLE('',(#4938));
#4048=EDGE_CURVE('',#4932,#4925,#4939,.T.);
#4049=EDGE_CURVE('',#4927,#4934,#4940,.T.);
#4050=FILL_AREA_STYLE('',(#4941));
#4051=EDGE_CURVE('',#4931,#4909,#4942,.T.);
#4052=EDGE_CURVE('',#4735,#4893,#4943,.T.);
#4053=FILL_AREA_STYLE('',(#4944));
#4054=FILL_AREA_STYLE('',(#4945));
#4055=FILL_AREA_STYLE('',(#4946));
#4056=EDGE_CURVE('',#4947,#4948,#4949,.T.);
#4057=EDGE_CURVE('',#4950,#4947,#4951,.T.);
#4058=EDGE_CURVE('',#4950,#4952,#4953,.T.);
#4059=EDGE_CURVE('',#4954,#4952,#4955,.T.);
#4060=EDGE_CURVE('',#4956,#4954,#4957,.T.);
#4061=EDGE_CURVE('',#4958,#4956,#4959,.T.);
#4062=EDGE_CURVE('',#4958,#4960,#4961,.T.);
#4063=EDGE_CURVE('',#4962,#4960,#4963,.T.);
#4064=EDGE_CURVE('',#4964,#4962,#4965,.T.);
#4065=EDGE_CURVE('',#4966,#4964,#4967,.T.);
#4066=EDGE_CURVE('',#4948,#4966,#4968,.T.);
#4067=FILL_AREA_STYLE('',(#4969));
#4068=EDGE_CURVE('',#4970,#4947,#4971,.T.);
#4069=EDGE_CURVE('',#4970,#4972,#4973,.T.);
#4070=EDGE_CURVE('',#4950,#4972,#4974,.T.);
#4071=FILL_AREA_STYLE('',(#4975));
#4072=EDGE_CURVE('',#4976,#4977,#4978,.T.);
#4073=EDGE_CURVE('',#4966,#4977,#4979,.T.);
#4074=EDGE_CURVE('',#4964,#4976,#4980,.T.);
#4075=FILL_AREA_STYLE('',(#4981));
#4076=EDGE_CURVE('',#4948,#4982,#4983,.T.);
#4077=EDGE_CURVE('',#4977,#4982,#4984,.T.);
#4078=FILL_AREA_STYLE('',(#4985));
#4079=EDGE_CURVE('',#4972,#4986,#4987,.T.);
#4080=EDGE_CURVE('',#4952,#4986,#4988,.T.);
#4081=FILL_AREA_STYLE('',(#4989));
#4082=EDGE_CURVE('',#4986,#4990,#4991,.T.);
#4083=EDGE_CURVE('',#4954,#4990,#4992,.T.);
#4084=FILL_AREA_STYLE('',(#4993));
#4085=EDGE_CURVE('',#4990,#4994,#4995,.T.);
#4086=EDGE_CURVE('',#4956,#4994,#4996,.T.);
#4087=FILL_AREA_STYLE('',(#4997));
#4088=EDGE_CURVE('',#4994,#4998,#4999,.T.);
#4089=EDGE_CURVE('',#4958,#4998,#5000,.T.);
#4090=FILL_AREA_STYLE('',(#5001));
#4091=EDGE_CURVE('',#4998,#5002,#5003,.T.);
#4092=EDGE_CURVE('',#4960,#5002,#5004,.T.);
#4093=FILL_AREA_STYLE('',(#5005));
#4094=EDGE_CURVE('',#5002,#5006,#5007,.T.);
#4095=EDGE_CURVE('',#4962,#5006,#5008,.T.);
#4096=FILL_AREA_STYLE('',(#5009));
#4097=EDGE_CURVE('',#5006,#4976,#5010,.T.);
#4098=FILL_AREA_STYLE('',(#5011));
#4099=EDGE_CURVE('',#4982,#4970,#5012,.T.);
#4100=FILL_AREA_STYLE('',(#5013));
#4101=EDGE_CURVE('',#5014,#5015,#5016,.T.);
#4102=EDGE_CURVE('',#5017,#5014,#5018,.T.);
#4103=EDGE_CURVE('',#5017,#5019,#5020,.T.);
#4104=EDGE_CURVE('',#5021,#5019,#5022,.T.);
#4105=EDGE_CURVE('',#5023,#5021,#5024,.T.);
#4106=EDGE_CURVE('',#5025,#5023,#5026,.T.);
#4107=EDGE_CURVE('',#5025,#5027,#5028,.T.);
#4108=EDGE_CURVE('',#5029,#5027,#5030,.T.);
#4109=EDGE_CURVE('',#5031,#5029,#5032,.T.);
#4110=EDGE_CURVE('',#5033,#5031,#5034,.T.);
#4111=EDGE_CURVE('',#5015,#5033,#5035,.T.);
#4112=FILL_AREA_STYLE('',(#5036));
#4113=EDGE_CURVE('',#5037,#5014,#5038,.T.);
#4114=EDGE_CURVE('',#5037,#5039,#5040,.T.);
#4115=EDGE_CURVE('',#5017,#5039,#5041,.T.);
#4116=FILL_AREA_STYLE('',(#5042));
#4117=EDGE_CURVE('',#5043,#5044,#5045,.T.);
#4118=EDGE_CURVE('',#5033,#5044,#5046,.T.);
#4119=EDGE_CURVE('',#5031,#5043,#5047,.T.);
#4120=FILL_AREA_STYLE('',(#5048));
#4121=EDGE_CURVE('',#5015,#5049,#5050,.T.);
#4122=EDGE_CURVE('',#5044,#5049,#5051,.T.);
#4123=FILL_AREA_STYLE('',(#5052));
#4124=EDGE_CURVE('',#5039,#5053,#5054,.T.);
#4125=EDGE_CURVE('',#5019,#5053,#5055,.T.);
#4126=FILL_AREA_STYLE('',(#5056));
#4127=EDGE_CURVE('',#5053,#5057,#5058,.T.);
#4128=EDGE_CURVE('',#5021,#5057,#5059,.T.);
#4129=FILL_AREA_STYLE('',(#5060));
#4130=EDGE_CURVE('',#5057,#5061,#5062,.T.);
#4131=EDGE_CURVE('',#5023,#5061,#5063,.T.);
#4132=FILL_AREA_STYLE('',(#5064));
#4133=EDGE_CURVE('',#5061,#5065,#5066,.T.);
#4134=EDGE_CURVE('',#5025,#5065,#5067,.T.);
#4135=FILL_AREA_STYLE('',(#5068));
#4136=EDGE_CURVE('',#5065,#5069,#5070,.T.);
#4137=EDGE_CURVE('',#5027,#5069,#5071,.T.);
#4138=FILL_AREA_STYLE('',(#5072));
#4139=EDGE_CURVE('',#5069,#5073,#5074,.T.);
#4140=EDGE_CURVE('',#5029,#5073,#5075,.T.);
#4141=FILL_AREA_STYLE('',(#5076));
#4142=EDGE_CURVE('',#5073,#5043,#5077,.T.);
#4143=FILL_AREA_STYLE('',(#5078));
#4144=EDGE_CURVE('',#5049,#5037,#5079,.T.);
#4145=FILL_AREA_STYLE('',(#5080));
#4146=EDGE_CURVE('',#5081,#5082,#5083,.T.);
#4147=EDGE_CURVE('',#5084,#5081,#5085,.T.);
#4148=EDGE_CURVE('',#5084,#5086,#5087,.T.);
#4149=EDGE_CURVE('',#5088,#5086,#5089,.T.);
#4150=EDGE_CURVE('',#5090,#5088,#5091,.T.);
#4151=EDGE_CURVE('',#5092,#5090,#5093,.T.);
#4152=EDGE_CURVE('',#5092,#5094,#5095,.T.);
#4153=EDGE_CURVE('',#5096,#5094,#5097,.T.);
#4154=EDGE_CURVE('',#5098,#5096,#5099,.T.);
#4155=EDGE_CURVE('',#5100,#5098,#5101,.T.);
#4156=EDGE_CURVE('',#5082,#5100,#5102,.T.);
#4157=FILL_AREA_STYLE('',(#5103));
#4158=EDGE_CURVE('',#5104,#5081,#5105,.T.);
#4159=EDGE_CURVE('',#5104,#5106,#5107,.T.);
#4160=EDGE_CURVE('',#5084,#5106,#5108,.T.);
#4161=FILL_AREA_STYLE('',(#5109));
#4162=EDGE_CURVE('',#5110,#5111,#5112,.T.);
#4163=EDGE_CURVE('',#5100,#5111,#5113,.T.);
#4164=EDGE_CURVE('',#5098,#5110,#5114,.T.);
#4165=FILL_AREA_STYLE('',(#5115));
#4166=EDGE_CURVE('',#5082,#5116,#5117,.T.);
#4167=EDGE_CURVE('',#5111,#5116,#5118,.T.);
#4168=FILL_AREA_STYLE('',(#5119));
#4169=EDGE_CURVE('',#5106,#5120,#5121,.T.);
#4170=EDGE_CURVE('',#5086,#5120,#5122,.T.);
#4171=FILL_AREA_STYLE('',(#5123));
#4172=EDGE_CURVE('',#5120,#5124,#5125,.T.);
#4173=EDGE_CURVE('',#5088,#5124,#5126,.T.);
#4174=FILL_AREA_STYLE('',(#5127));
#4175=EDGE_CURVE('',#5124,#5128,#5129,.T.);
#4176=EDGE_CURVE('',#5090,#5128,#5130,.T.);
#4177=FILL_AREA_STYLE('',(#5131));
#4178=EDGE_CURVE('',#5128,#5132,#5133,.T.);
#4179=EDGE_CURVE('',#5092,#5132,#5134,.T.);
#4180=FILL_AREA_STYLE('',(#5135));
#4181=EDGE_CURVE('',#5132,#5136,#5137,.T.);
#4182=EDGE_CURVE('',#5094,#5136,#5138,.T.);
#4183=FILL_AREA_STYLE('',(#5139));
#4184=EDGE_CURVE('',#5136,#5140,#5141,.T.);
#4185=EDGE_CURVE('',#5096,#5140,#5142,.T.);
#4186=FILL_AREA_STYLE('',(#5143));
#4187=EDGE_CURVE('',#5140,#5110,#5144,.T.);
#4188=FILL_AREA_STYLE('',(#5145));
#4189=EDGE_CURVE('',#5116,#5104,#5146,.T.);
#4190=FILL_AREA_STYLE('',(#5147));
#4191=EDGE_CURVE('',#5148,#5149,#5150,.T.);
#4192=EDGE_CURVE('',#5151,#5148,#5152,.T.);
#4193=EDGE_CURVE('',#5151,#5153,#5154,.T.);
#4194=EDGE_CURVE('',#5155,#5153,#5156,.T.);
#4195=EDGE_CURVE('',#5157,#5155,#5158,.T.);
#4196=EDGE_CURVE('',#5159,#5157,#5160,.T.);
#4197=EDGE_CURVE('',#5159,#5161,#5162,.T.);
#4198=EDGE_CURVE('',#5163,#5161,#5164,.T.);
#4199=EDGE_CURVE('',#5165,#5163,#5166,.T.);
#4200=EDGE_CURVE('',#5167,#5165,#5168,.T.);
#4201=EDGE_CURVE('',#5149,#5167,#5169,.T.);
#4202=FILL_AREA_STYLE('',(#5170));
#4203=EDGE_CURVE('',#5171,#5148,#5172,.T.);
#4204=EDGE_CURVE('',#5171,#5173,#5174,.T.);
#4205=EDGE_CURVE('',#5151,#5173,#5175,.T.);
#4206=FILL_AREA_STYLE('',(#5176));
#4207=EDGE_CURVE('',#5177,#5178,#5179,.T.);
#4208=EDGE_CURVE('',#5167,#5178,#5180,.T.);
#4209=EDGE_CURVE('',#5165,#5177,#5181,.T.);
#4210=FILL_AREA_STYLE('',(#5182));
#4211=EDGE_CURVE('',#5149,#5183,#5184,.T.);
#4212=EDGE_CURVE('',#5178,#5183,#5185,.T.);
#4213=FILL_AREA_STYLE('',(#5186));
#4214=EDGE_CURVE('',#5173,#5187,#5188,.T.);
#4215=EDGE_CURVE('',#5153,#5187,#5189,.T.);
#4216=FILL_AREA_STYLE('',(#5190));
#4217=EDGE_CURVE('',#5187,#5191,#5192,.T.);
#4218=EDGE_CURVE('',#5155,#5191,#5193,.T.);
#4219=FILL_AREA_STYLE('',(#5194));
#4220=EDGE_CURVE('',#5191,#5195,#5196,.T.);
#4221=EDGE_CURVE('',#5157,#5195,#5197,.T.);
#4222=FILL_AREA_STYLE('',(#5198));
#4223=EDGE_CURVE('',#5195,#5199,#5200,.T.);
#4224=EDGE_CURVE('',#5159,#5199,#5201,.T.);
#4225=FILL_AREA_STYLE('',(#5202));
#4226=EDGE_CURVE('',#5199,#5203,#5204,.T.);
#4227=EDGE_CURVE('',#5161,#5203,#5205,.T.);
#4228=FILL_AREA_STYLE('',(#5206));
#4229=EDGE_CURVE('',#5203,#5207,#5208,.T.);
#4230=EDGE_CURVE('',#5163,#5207,#5209,.T.);
#4231=FILL_AREA_STYLE('',(#5210));
#4232=EDGE_CURVE('',#5207,#5177,#5211,.T.);
#4233=FILL_AREA_STYLE('',(#5212));
#4234=EDGE_CURVE('',#5183,#5171,#5213,.T.);
#4235=FILL_AREA_STYLE('',(#5214));
#4236=EDGE_CURVE('',#5215,#5216,#5217,.T.);
#4237=EDGE_CURVE('',#5215,#5218,#5219,.T.);
#4238=EDGE_CURVE('',#5218,#5216,#5220,.T.);
#4239=FILL_AREA_STYLE('',(#5221));
#4240=EDGE_CURVE('',#5216,#5222,#5223,.T.);
#4241=EDGE_CURVE('',#5218,#5224,#5225,.T.);
#4242=EDGE_CURVE('',#5222,#5224,#5226,.T.);
#4243=FILL_AREA_STYLE('',(#5227));
#4244=EDGE_CURVE('',#5228,#5215,#5229,.T.);
#4245=EDGE_CURVE('',#5224,#5228,#5230,.T.);
#4246=FILL_AREA_STYLE('',(#5231));
#4247=EDGE_CURVE('',#5222,#5232,#5233,.T.);
#4248=EDGE_CURVE('',#5234,#5232,#5235,.T.);
#4249=EDGE_CURVE('',#5234,#5236,#5237,.T.);
#4250=EDGE_CURVE('',#5236,#5238,#5239,.T.);
#4251=EDGE_CURVE('',#5238,#5240,#5241,.T.);
#4252=EDGE_CURVE('',#5240,#5242,#5243,.T.);
#4253=EDGE_CURVE('',#5242,#5228,#5244,.T.);
#4254=FILL_AREA_STYLE('',(#5245));
#4255=EDGE_CURVE('',#5246,#5247,#5248,.T.);
#4256=EDGE_CURVE('',#5249,#5246,#5250,.T.);
#4257=EDGE_CURVE('',#5247,#5249,#5251,.T.);
#4258=FILL_AREA_STYLE('',(#5252));
#4259=EDGE_CURVE('',#5253,#5254,#5255,.T.);
#4260=EDGE_CURVE('',#5256,#5253,#5257,.T.);
#4261=EDGE_CURVE('',#5249,#5256,#5258,.T.);
#4262=EDGE_CURVE('',#5259,#5246,#5260,.T.);
#4263=EDGE_CURVE('',#5261,#5259,#5262,.T.);
#4264=EDGE_CURVE('',#5263,#5261,#5264,.T.);
#4265=EDGE_CURVE('',#5265,#5263,#5266,.T.);
#4266=EDGE_CURVE('',#5267,#5265,#5268,.T.);
#4267=EDGE_CURVE('',#5269,#5267,#5270,.T.);
#4268=EDGE_CURVE('',#5271,#5269,#5272,.T.);
#4269=EDGE_CURVE('',#5273,#5271,#5274,.T.);
#4270=EDGE_CURVE('',#5275,#5273,#5276,.T.);
#4271=EDGE_CURVE('',#5277,#5275,#5278,.T.);
#4272=EDGE_CURVE('',#5279,#5277,#5280,.T.);
#4273=EDGE_CURVE('',#5281,#5279,#5282,.T.);
#4274=EDGE_CURVE('',#5283,#5281,#5284,.T.);
#4275=EDGE_CURVE('',#5285,#5283,#5286,.T.);
#4276=EDGE_CURVE('',#5287,#5285,#5288,.T.);
#4277=EDGE_CURVE('',#5254,#5287,#5289,.T.);
#4278=FILL_AREA_STYLE('',(#5290));
#4279=EDGE_CURVE('',#5291,#5253,#5292,.T.);
#4280=EDGE_CURVE('',#5256,#5291,#5293,.T.);
#4281=FILL_AREA_STYLE('',(#5294));
#4282=EDGE_CURVE('',#5273,#5295,#5296,.T.);
#4283=EDGE_CURVE('',#5297,#5295,#5298,.T.);
#4284=EDGE_CURVE('',#5297,#5275,#5299,.T.);
#4285=FILL_AREA_STYLE('',(#5300));
#4286=EDGE_CURVE('',#5271,#5301,#5302,.T.);
#4287=EDGE_CURVE('',#5295,#5301,#5303,.T.);
#4288=FILL_AREA_STYLE('',(#5304));
#4289=EDGE_CURVE('',#5269,#5305,#5306,.T.);
#4290=EDGE_CURVE('',#5301,#5305,#5307,.T.);
#4291=FILL_AREA_STYLE('',(#5308));
#4292=EDGE_CURVE('',#5309,#5267,#5310,.T.);
#4293=EDGE_CURVE('',#5305,#5309,#5311,.T.);
#4294=FILL_AREA_STYLE('',(#5312));
#4295=EDGE_CURVE('',#5265,#5313,#5314,.T.);
#4296=EDGE_CURVE('',#5309,#5313,#5315,.T.);
#4297=FILL_AREA_STYLE('',(#5316));
#4298=EDGE_CURVE('',#5263,#5317,#5318,.T.);
#4299=EDGE_CURVE('',#5313,#5317,#5319,.T.);
#4300=FILL_AREA_STYLE('',(#5320));
#4301=EDGE_CURVE('',#5261,#5321,#5322,.T.);
#4302=EDGE_CURVE('',#5317,#5321,#5323,.T.);
#4303=FILL_AREA_STYLE('',(#5324));
#4304=EDGE_CURVE('',#5325,#5259,#5326,.T.);
#4305=EDGE_CURVE('',#5321,#5325,#5327,.T.);
#4306=FILL_AREA_STYLE('',(#5328));
#4307=EDGE_CURVE('',#5329,#5247,#5330,.T.);
#4308=EDGE_CURVE('',#5331,#5329,#5332,.T.);
#4309=EDGE_CURVE('',#5325,#5331,#5333,.T.);
#4310=FILL_AREA_STYLE('',(#5334));
#4311=EDGE_CURVE('',#5331,#5335,#5336,.T.);
#4312=EDGE_CURVE('',#5335,#5337,#5338,.T.);
#4313=EDGE_CURVE('',#5337,#5339,#5340,.T.);
#4314=EDGE_CURVE('',#5339,#5341,#5342,.T.);
#4315=EDGE_CURVE('',#5341,#5343,#5344,.T.);
#4316=EDGE_CURVE('',#5343,#5345,#5346,.T.);
#4317=EDGE_CURVE('',#5345,#5347,#5348,.T.);
#4318=EDGE_CURVE('',#5347,#5349,#5350,.T.);
#4319=EDGE_CURVE('',#5349,#5351,#5352,.T.);
#4320=EDGE_CURVE('',#5351,#5353,#5354,.T.);
#4321=EDGE_CURVE('',#5353,#5355,#5356,.T.);
#4322=EDGE_CURVE('',#5355,#5357,#5358,.T.);
#4323=EDGE_CURVE('',#5357,#5359,#5360,.T.);
#4324=EDGE_CURVE('',#5359,#5361,#5362,.T.);
#4325=EDGE_CURVE('',#5361,#5363,#5364,.T.);
#4326=EDGE_CURVE('',#5363,#5365,#5366,.T.);
#4327=EDGE_CURVE('',#5365,#5367,#5368,.T.);
#4328=EDGE_CURVE('',#5367,#5369,#5370,.T.);
#4329=EDGE_CURVE('',#5369,#5371,#5372,.T.);
#4330=EDGE_CURVE('',#5371,#5373,#5374,.T.);
#4331=EDGE_CURVE('',#5373,#5375,#5376,.T.);
#4332=EDGE_CURVE('',#5375,#5377,#5378,.T.);
#4333=EDGE_CURVE('',#5377,#5297,#5379,.T.);
#4334=FILL_AREA_STYLE('',(#5380));
#4335=EDGE_CURVE('',#5277,#5377,#5381,.T.);
#4336=FILL_AREA_STYLE('',(#5382));
#4337=EDGE_CURVE('',#5279,#5375,#5383,.T.);
#4338=FILL_AREA_STYLE('',(#5384));
#4339=EDGE_CURVE('',#5281,#5373,#5385,.T.);
#4340=FILL_AREA_STYLE('',(#5386));
#4341=EDGE_CURVE('',#5371,#5283,#5387,.T.);
#4342=FILL_AREA_STYLE('',(#5388));
#4343=EDGE_CURVE('',#5287,#5367,#5389,.T.);
#4344=EDGE_CURVE('',#5254,#5365,#5390,.T.);
#4345=FILL_AREA_STYLE('',(#5391));
#4346=EDGE_CURVE('',#5285,#5369,#5392,.T.);
#4347=FILL_AREA_STYLE('',(#5393));
#4348=FILL_AREA_STYLE('',(#5394));
#4349=EDGE_CURVE('',#5395,#5396,#5397,.T.);
#4350=EDGE_CURVE('',#5339,#5395,#5398,.T.);
#4351=EDGE_CURVE('',#5337,#5396,#5399,.T.);
#4352=FILL_AREA_STYLE('',(#5400));
#4353=EDGE_CURVE('',#5396,#5401,#5402,.T.);
#4354=EDGE_CURVE('',#5335,#5401,#5403,.T.);
#4355=FILL_AREA_STYLE('',(#5404));
#4356=EDGE_CURVE('',#5401,#5329,#5405,.T.);
#4357=FILL_AREA_STYLE('',(#5406));
#4358=EDGE_CURVE('',#5363,#5407,#5408,.T.);
#4359=EDGE_CURVE('',#5291,#5407,#5409,.T.);
#4360=FILL_AREA_STYLE('',(#5410));
#4361=EDGE_CURVE('',#5407,#5411,#5412,.T.);
#4362=EDGE_CURVE('',#5361,#5411,#5413,.T.);
#4363=FILL_AREA_STYLE('',(#5414));
#4364=EDGE_CURVE('',#5411,#5415,#5416,.T.);
#4365=EDGE_CURVE('',#5359,#5415,#5417,.T.);
#4366=FILL_AREA_STYLE('',(#5418));
#4367=EDGE_CURVE('',#5415,#5419,#5420,.T.);
#4368=EDGE_CURVE('',#5357,#5419,#5421,.T.);
#4369=FILL_AREA_STYLE('',(#5422));
#4370=EDGE_CURVE('',#5419,#5423,#5424,.T.);
#4371=EDGE_CURVE('',#5355,#5423,#5425,.T.);
#4372=FILL_AREA_STYLE('',(#5426));
#4373=EDGE_CURVE('',#5423,#5427,#5428,.T.);
#4374=EDGE_CURVE('',#5353,#5427,#5429,.T.);
#4375=FILL_AREA_STYLE('',(#5430));
#4376=EDGE_CURVE('',#5427,#5431,#5432,.T.);
#4377=EDGE_CURVE('',#5351,#5431,#5433,.T.);
#4378=FILL_AREA_STYLE('',(#5434));
#4379=EDGE_CURVE('',#5431,#5435,#5436,.T.);
#4380=EDGE_CURVE('',#5349,#5435,#5437,.T.);
#4381=FILL_AREA_STYLE('',(#5438));
#4382=EDGE_CURVE('',#5435,#5439,#5440,.T.);
#4383=EDGE_CURVE('',#5347,#5439,#5441,.T.);
#4384=FILL_AREA_STYLE('',(#5442));
#4385=EDGE_CURVE('',#5439,#5443,#5444,.T.);
#4386=EDGE_CURVE('',#5345,#5443,#5445,.T.);
#4387=FILL_AREA_STYLE('',(#5446));
#4388=EDGE_CURVE('',#5443,#5447,#5448,.T.);
#4389=EDGE_CURVE('',#5343,#5447,#5449,.T.);
#4390=FILL_AREA_STYLE('',(#5450));
#4391=EDGE_CURVE('',#5447,#5451,#5452,.T.);
#4392=EDGE_CURVE('',#5341,#5451,#5453,.T.);
#4393=FILL_AREA_STYLE('',(#5454));
#4394=EDGE_CURVE('',#5451,#5395,#5455,.T.);
#4395=FILL_AREA_STYLE('',(#5456));
#4396=EDGE_CURVE('',#5457,#5458,#5459,.T.);
#4397=EDGE_CURVE('',#5460,#5457,#5461,.T.);
#4398=EDGE_CURVE('',#5462,#5460,#5463,.T.);
#4399=EDGE_CURVE('',#5458,#5462,#5464,.T.);
#4400=FILL_AREA_STYLE('',(#5465));
#4401=EDGE_CURVE('',#5466,#5457,#5467,.T.);
#4402=EDGE_CURVE('',#5466,#5468,#5469,.T.);
#4403=EDGE_CURVE('',#5468,#5460,#5470,.T.);
#4404=FILL_AREA_STYLE('',(#5471));
#4405=EDGE_CURVE('',#5472,#5462,#5473,.T.);
#4406=EDGE_CURVE('',#5474,#5472,#5475,.T.);
#4407=EDGE_CURVE('',#5474,#5458,#5476,.T.);
#4408=FILL_AREA_STYLE('',(#5477));
#4409=EDGE_CURVE('',#5472,#5468,#5478,.T.);
#4410=FILL_AREA_STYLE('',(#5479));
#4411=EDGE_CURVE('',#5474,#5466,#5480,.T.);
#4412=FILL_AREA_STYLE('',(#5481));
#4413=EDGE_CURVE('',#4630,#4626,#5482,.T.);
#4414=FILL_AREA_STYLE('',(#5483));
#4415=EDGE_CURVE('',#4628,#4625,#5484,.T.);
#4416=FILL_AREA_STYLE('',(#5485));
#4417=FILL_AREA_STYLE('',(#5486));
#4418=EDGE_CURVE('',#4615,#4611,#5487,.T.);
#4419=FILL_AREA_STYLE('',(#5488));
#4420=EDGE_CURVE('',#4613,#4610,#5489,.T.);
#4421=FILL_AREA_STYLE('',(#5490));
#4422=FILL_AREA_STYLE('',(#5491));
#4423=EDGE_CURVE('',#5492,#5493,#5494,.T.);
#4424=EDGE_CURVE('',#5495,#5492,#5496,.T.);
#4425=EDGE_CURVE('',#5497,#5495,#5498,.T.);
#4426=EDGE_CURVE('',#5493,#5497,#5499,.T.);
#4427=FILL_AREA_STYLE('',(#5500));
#4428=EDGE_CURVE('',#5497,#5501,#5502,.T.);
#4429=EDGE_CURVE('',#5503,#5495,#5504,.T.);
#4430=EDGE_CURVE('',#5501,#5503,#5505,.T.);
#4431=FILL_AREA_STYLE('',(#5506));
#4432=EDGE_CURVE('',#5507,#5508,#5509,.T.);
#4433=EDGE_CURVE('',#5501,#5507,#5510,.T.);
#4434=EDGE_CURVE('',#5508,#5503,#5511,.T.);
#4435=FILL_AREA_STYLE('',(#5512));
#4436=EDGE_CURVE('',#5508,#5492,#5513,.T.);
#4437=FILL_AREA_STYLE('',(#5514));
#4438=EDGE_CURVE('',#5515,#5242,#5516,.T.);
#4439=EDGE_CURVE('',#5493,#5515,#5517,.T.);
#4440=EDGE_CURVE('',#5518,#5507,#5519,.T.);
#4441=EDGE_CURVE('',#5520,#5518,#5521,.T.);
#4442=EDGE_CURVE('',#5522,#5520,#5523,.T.);
#4443=EDGE_CURVE('',#5522,#5524,#5525,.T.);
#4444=EDGE_CURVE('',#5524,#5526,#5527,.T.);
#4445=EDGE_CURVE('',#5526,#5528,#5529,.T.);
#4446=EDGE_CURVE('',#5530,#5528,#5531,.T.);
#4447=EDGE_CURVE('',#5532,#5530,#5533,.T.);
#4448=EDGE_CURVE('',#5534,#5532,#5535,.T.);
#4449=EDGE_CURVE('',#5534,#5536,#5537,.T.);
#4450=EDGE_CURVE('',#5536,#5538,#5539,.T.);
#4451=EDGE_CURVE('',#5538,#5540,#5541,.T.);
#4452=EDGE_CURVE('',#5542,#5540,#5543,.T.);
#4453=EDGE_CURVE('',#5544,#5542,#5545,.T.);
#4454=EDGE_CURVE('',#5546,#5544,#5547,.T.);
#4455=EDGE_CURVE('',#5548,#5546,#5549,.T.);
#4456=EDGE_CURVE('',#5548,#5550,#5551,.T.);
#4457=EDGE_CURVE('',#5550,#5552,#5553,.T.);
#4458=EDGE_CURVE('',#5554,#5552,#5555,.T.);
#4459=EDGE_CURVE('',#5232,#5554,#5556,.T.);
#4460=FILL_AREA_STYLE('',(#5557));
#4461=EDGE_CURVE('',#5558,#5559,#5560,.T.);
#4462=EDGE_CURVE('',#5558,#5561,#5562,.T.);
#4463=EDGE_CURVE('',#5563,#5561,#5564,.T.);
#4464=EDGE_CURVE('',#5559,#5563,#5565,.T.);
#4465=FILL_AREA_STYLE('',(#5566));
#4466=EDGE_CURVE('',#5559,#5534,#5567,.T.);
#4467=EDGE_CURVE('',#5563,#5536,#5568,.T.);
#4468=FILL_AREA_STYLE('',(#5569));
#4469=EDGE_CURVE('',#5540,#5558,#5570,.T.);
#4470=EDGE_CURVE('',#5561,#5538,#5571,.T.);
#4471=FILL_AREA_STYLE('',(#5572));
#4472=FILL_AREA_STYLE('',(#5573));
#4473=EDGE_CURVE('',#5574,#5532,#5575,.T.);
#4474=EDGE_CURVE('',#5574,#4719,#5576,.T.);
#4475=EDGE_CURVE('',#4717,#5577,#5578,.T.);
#4476=EDGE_CURVE('',#5579,#5577,#5580,.T.);
#4477=EDGE_CURVE('',#5579,#5581,#5582,.T.);
#4478=EDGE_CURVE('',#5581,#5583,#5584,.T.);
#4479=EDGE_CURVE('',#5583,#5585,#5586,.T.);
#4480=EDGE_CURVE('',#5585,#5587,#5588,.T.);
#4481=EDGE_CURVE('',#5587,#5589,#5590,.T.);
#4482=EDGE_CURVE('',#5589,#5542,#5591,.T.);
#4483=FILL_AREA_STYLE('',(#5592));
#4484=EDGE_CURVE('',#5593,#5594,#5595,.T.);
#4485=EDGE_CURVE('',#5593,#5596,#5597,.T.);
#4486=EDGE_CURVE('',#5598,#5596,#5599,.T.);
#4487=EDGE_CURVE('',#5594,#5598,#5600,.T.);
#4488=FILL_AREA_STYLE('',(#5601));
#4489=EDGE_CURVE('',#5602,#5603,#5604,.T.);
#4490=EDGE_CURVE('',#5602,#5598,#5605,.T.);
#4491=EDGE_CURVE('',#5596,#5603,#5606,.T.);
#4492=FILL_AREA_STYLE('',(#5607));
#4493=EDGE_CURVE('',#4727,#5608,#5609,.T.);
#4494=EDGE_CURVE('',#5608,#5610,#5611,.T.);
#4495=EDGE_CURVE('',#5612,#5610,#5613,.T.);
#4496=EDGE_CURVE('',#5612,#5614,#5615,.T.);
#4497=EDGE_CURVE('',#5614,#5236,#5616,.T.);
#4498=EDGE_CURVE('',#5617,#5234,#5618,.T.);
#4499=EDGE_CURVE('',#5617,#5593,#5619,.T.);
#4500=EDGE_CURVE('',#5620,#5594,#5621,.T.);
#4501=EDGE_CURVE('',#5622,#5620,#5623,.T.);
#4502=EDGE_CURVE('',#5624,#5622,#5625,.T.);
#4503=EDGE_CURVE('',#5624,#5626,#5627,.T.);
#4504=EDGE_CURVE('',#5626,#5585,#5628,.T.);
#4505=EDGE_CURVE('',#5583,#5629,#5630,.T.);
#4506=EDGE_CURVE('',#5629,#4713,#5631,.T.);
#4507=FILL_AREA_STYLE('',(#5632));
#4508=EDGE_CURVE('',#5633,#5550,#5634,.T.);
#4509=EDGE_CURVE('',#5635,#5633,#5636,.T.);
#4510=EDGE_CURVE('',#5635,#5552,#5637,.T.);
#4511=FILL_AREA_STYLE('',(#5638));
#4512=EDGE_CURVE('',#5639,#5474,#5640,.T.);
#4513=EDGE_CURVE('',#5639,#5635,#5641,.T.);
#4514=EDGE_CURVE('',#5633,#5642,#5643,.T.);
#4515=EDGE_CURVE('',#5458,#5642,#5644,.T.);
#4516=FILL_AREA_STYLE('',(#5645));
#4517=EDGE_CURVE('',#5526,#5646,#5647,.T.);
#4518=EDGE_CURVE('',#5648,#5646,#5649,.T.);
#4519=EDGE_CURVE('',#5528,#5648,#5650,.T.);
#4520=FILL_AREA_STYLE('',(#5651));
#4521=EDGE_CURVE('',#5652,#5522,#5653,.T.);
#4522=EDGE_CURVE('',#5654,#5652,#5655,.T.);
#4523=EDGE_CURVE('',#5524,#5654,#5656,.T.);
#4524=FILL_AREA_STYLE('',(#5657));
#4525=EDGE_CURVE('',#5646,#5654,#5658,.T.);
#4526=FILL_AREA_STYLE('',(#5659));
#4527=EDGE_CURVE('',#5660,#5652,#5661,.T.);
#4528=EDGE_CURVE('',#5662,#5660,#5663,.T.);
#4529=EDGE_CURVE('',#4721,#5662,#5664,.T.);
#4530=EDGE_CURVE('',#5665,#5574,#5666,.T.);
#4531=EDGE_CURVE('',#5648,#5665,#5667,.T.);
#4532=FILL_AREA_STYLE('',(#5668));
#4533=EDGE_CURVE('',#5660,#5520,#5669,.T.);
#4534=FILL_AREA_STYLE('',(#5670));
#4535=EDGE_CURVE('',#5665,#5530,#5671,.T.);
#4536=FILL_AREA_STYLE('',(#5672));
#4537=EDGE_CURVE('',#5673,#5674,#5675,.T.);
#4538=EDGE_CURVE('',#4725,#5673,#5676,.T.);
#4539=EDGE_CURVE('',#5677,#4723,#5678,.T.);
#4540=EDGE_CURVE('',#5674,#5677,#5679,.T.);
#4541=FILL_AREA_STYLE('',(#5680));
#4542=EDGE_CURVE('',#5681,#5682,#5683,.T.);
#4543=EDGE_CURVE('',#5577,#5681,#5684,.T.);
#4544=EDGE_CURVE('',#4715,#5682,#5685,.T.);
#4545=FILL_AREA_STYLE('',(#5686));
#4546=EDGE_CURVE('',#5687,#5688,#5689,.T.);
#4547=EDGE_CURVE('',#5682,#5687,#5690,.T.);
#4548=EDGE_CURVE('',#5688,#5629,#5691,.T.);
#4549=FILL_AREA_STYLE('',(#5692));
#4550=EDGE_CURVE('',#5693,#5515,#5694,.T.);
#4551=EDGE_CURVE('',#5693,#5695,#5696,.T.);
#4552=EDGE_CURVE('',#5695,#5612,#5697,.T.);
#4553=EDGE_CURVE('',#5610,#5698,#5699,.T.);
#4554=EDGE_CURVE('',#5698,#5700,#5701,.T.);
#4555=EDGE_CURVE('',#5700,#5677,#5702,.T.);
#4556=EDGE_CURVE('',#5662,#5518,#5703,.T.);
#4557=FILL_AREA_STYLE('',(#5704));
#4558=FILL_AREA_STYLE('',(#5705));
#4559=EDGE_CURVE('',#5700,#5706,#5707,.T.);
#4560=EDGE_CURVE('',#5706,#5674,#5708,.T.);
#4561=FILL_AREA_STYLE('',(#5709));
#4562=EDGE_CURVE('',#5687,#5710,#5711,.T.);
#4563=EDGE_CURVE('',#5710,#5681,#5712,.T.);
#4564=FILL_AREA_STYLE('',(#5713));
#4565=EDGE_CURVE('',#5714,#5673,#5715,.T.);
#4566=EDGE_CURVE('',#5706,#5714,#5716,.T.);
#4567=FILL_AREA_STYLE('',(#5717));
#4568=FILL_AREA_STYLE('',(#5718));
#4569=EDGE_CURVE('',#5688,#5581,#5719,.T.);
#4570=FILL_AREA_STYLE('',(#5720));
#4571=EDGE_CURVE('',#5721,#5626,#5722,.T.);
#4572=EDGE_CURVE('',#5587,#5721,#5723,.T.);
#4573=FILL_AREA_STYLE('',(#5724));
#4574=EDGE_CURVE('',#5721,#5725,#5726,.T.);
#4575=EDGE_CURVE('',#5725,#5624,#5727,.T.);
#4576=FILL_AREA_STYLE('',(#5728));
#4577=EDGE_CURVE('',#5729,#5695,#5730,.T.);
#4578=EDGE_CURVE('',#5729,#5614,#5731,.T.);
#4579=FILL_AREA_STYLE('',(#5732));
#4580=EDGE_CURVE('',#5238,#5729,#5733,.T.);
#4581=FILL_AREA_STYLE('',(#5734));
#4582=EDGE_CURVE('',#5735,#5714,#5736,.T.);
#4583=EDGE_CURVE('',#5735,#5608,#5737,.T.);
#4584=FILL_AREA_STYLE('',(#5738));
#4585=EDGE_CURVE('',#5698,#5735,#5739,.T.);
#4586=FILL_AREA_STYLE('',(#5740));
#4587=EDGE_CURVE('',#5622,#5546,#5741,.T.);
#4588=EDGE_CURVE('',#5742,#5544,#5743,.T.);
#4589=EDGE_CURVE('',#5742,#5725,#5744,.T.);
#4590=FILL_AREA_STYLE('',(#5745));
#4591=EDGE_CURVE('',#5589,#5742,#5746,.T.);
#4592=FILL_AREA_STYLE('',(#5747));
#4593=EDGE_CURVE('',#5240,#5693,#5748,.T.);
#4594=FILL_AREA_STYLE('',(#5749));
#4595=FILL_AREA_STYLE('',(#5750));
#4596=EDGE_CURVE('',#5710,#5579,#5751,.T.);
#4597=FILL_AREA_STYLE('',(#5752));
#4598=EDGE_CURVE('',#5620,#5548,#5753,.T.);
#4599=FILL_AREA_STYLE('',(#5754));
#4600=EDGE_CURVE('',#5602,#5642,#5755,.T.);
#4601=FILL_AREA_STYLE('',(#5756));
#4602=EDGE_CURVE('',#5603,#5639,#5757,.T.);
#4603=FILL_AREA_STYLE('',(#5758));
#4604=EDGE_CURVE('',#5617,#5554,#5759,.T.);
#4605=FILL_AREA_STYLE('',(#5760));
#4606=FILL_AREA_STYLE('',(#5761));
#4607=FILL_AREA_STYLE('',(#5762));
#4608=FILL_AREA_STYLE('',(#5763));
#4609=FILL_AREA_STYLE_COLOUR('',#5764);
#4610=VERTEX_POINT('',#5765);
#4611=VERTEX_POINT('',#5766);
#4612=LINE('',#5767,#5768);
#4613=VERTEX_POINT('',#5769);
#4614=CIRCLE('',#5770,0.2);
#4615=VERTEX_POINT('',#5771);
#4616=LINE('',#5772,#5773);
#4617=CIRCLE('',#5774,0.35);
#4618=FILL_AREA_STYLE_COLOUR('',#5775);
#4619=VERTEX_POINT('',#5776);
#4620=LINE('',#5777,#5778);
#4621=VERTEX_POINT('',#5779);
#4622=LINE('',#5780,#5781);
#4623=CIRCLE('',#5782,0.35);
#4624=FILL_AREA_STYLE_COLOUR('',#5783);
#4625=VERTEX_POINT('',#5784);
#4626=VERTEX_POINT('',#5785);
#4627=LINE('',#5786,#5787);
#4628=VERTEX_POINT('',#5788);
#4629=CIRCLE('',#5789,0.2);
#4630=VERTEX_POINT('',#5790);
#4631=LINE('',#5791,#5792);
#4632=CIRCLE('',#5793,0.35);
#4633=FILL_AREA_STYLE_COLOUR('',#5794);
#4634=VERTEX_POINT('',#5795);
#4635=LINE('',#5796,#5797);
#4636=VERTEX_POINT('',#5798);
#4637=LINE('',#5799,#5800);
#4638=CIRCLE('',#5801,0.35);
#4639=FILL_AREA_STYLE_COLOUR('',#5802);
#4640=VERTEX_POINT('',#5803);
#4641=VERTEX_POINT('',#5804);
#4642=LINE('',#5805,#5806);
#4643=VERTEX_POINT('',#5807);
#4644=LINE('',#5808,#5809);
#4645=VERTEX_POINT('',#5810);
#4646=CIRCLE('',#5811,0.55);
#4647=VERTEX_POINT('',#5812);
#4648=LINE('',#5813,#5814);
#4649=VERTEX_POINT('',#5815);
#4650=LINE('',#5816,#5817);
#4651=LINE('',#5818,#5819);
#4652=FILL_AREA_STYLE_COLOUR('',#5820);
#4653=VERTEX_POINT('',#5821);
#4654=LINE('',#5822,#5823);
#4655=VERTEX_POINT('',#5824);
#4656=CIRCLE('',#5825,0.55);
#4657=LINE('',#5826,#5827);
#4658=FILL_AREA_STYLE_COLOUR('',#5828);
#4659=VERTEX_POINT('',#5829);
#4660=VERTEX_POINT('',#5830);
#4661=LINE('',#5831,#5832);
#4662=VERTEX_POINT('',#5833);
#4663=LINE('',#5834,#5835);
#4664=VERTEX_POINT('',#5836);
#4665=LINE('',#5837,#5838);
#4666=LINE('',#5839,#5840);
#4667=FILL_AREA_STYLE_COLOUR('',#5841);
#4668=VERTEX_POINT('',#5842);
#4669=LINE('',#5843,#5844);
#4670=LINE('',#5845,#5846);
#4671=VERTEX_POINT('',#5847);
#4672=LINE('',#5848,#5849);
#4673=LINE('',#5850,#5851);
#4674=FILL_AREA_STYLE_COLOUR('',#5852);
#4675=VERTEX_POINT('',#5853);
#4676=ELLIPSE('',#5854,0.0506868324358279,0.0499961747729044);
#4677=VERTEX_POINT('',#5855);
#4678=ELLIPSE('',#5856,0.0506852987021594,0.0499961747729044);
#4679=LINE('',#5857,#5858);
#4680=FILL_AREA_STYLE_COLOUR('',#5859);
#4681=VERTEX_POINT('',#5860);
#4682=LINE('',#5861,#5862);
#4683=VERTEX_POINT('',#5863);
#4684=LINE('',#5864,#5865);
#4685=LINE('',#5866,#5867);
#4686=FILL_AREA_STYLE_COLOUR('',#5868);
#4687=VERTEX_POINT('',#5869);
#4688=ELLIPSE('',#5870,0.0506868324357802,0.0499961747728573);
#4689=VERTEX_POINT('',#5871);
#4690=ELLIPSE('',#5872,0.0506852987021117,0.0499961747728573);
#4691=LINE('',#5873,#5874);
#4692=FILL_AREA_STYLE_COLOUR('',#5875);
#4693=VERTEX_POINT('',#5876);
#4694=VERTEX_POINT('',#5877);
#4695=LINE('',#5878,#5879);
#4696=VERTEX_POINT('',#5880);
#4697=LINE('',#5881,#5882);
#4698=LINE('',#5883,#5884);
#4699=LINE('',#5885,#5886);
#4700=FILL_AREA_STYLE_COLOUR('',#5887);
#4701=LINE('',#5888,#5889);
#4702=LINE('',#5890,#5891);
#4703=FILL_AREA_STYLE_COLOUR('',#5892);
#4704=VERTEX_POINT('',#5893);
#4705=LINE('',#5894,#5895);
#4706=LINE('',#5896,#5897);
#4707=LINE('',#5898,#5899);
#4708=FILL_AREA_STYLE_COLOUR('',#5900);
#4709=FILL_AREA_STYLE_COLOUR('',#5901);
#4710=FILL_AREA_STYLE_COLOUR('',#5902);
#4711=CIRCLE('',#5903,0.35);
#4712=CIRCLE('',#5904,0.35);
#4713=VERTEX_POINT('',#5905);
#4714=LINE('',#5906,#5907);
#4715=VERTEX_POINT('',#5908);
#4716=LINE('',#5909,#5910);
#4717=VERTEX_POINT('',#5911);
#4718=LINE('',#5912,#5913);
#4719=VERTEX_POINT('',#5914);
#4720=LINE('',#5915,#5916);
#4721=VERTEX_POINT('',#5917);
#4722=LINE('',#5918,#5919);
#4723=VERTEX_POINT('',#5920);
#4724=LINE('',#5921,#5922);
#4725=VERTEX_POINT('',#5923);
#4726=LINE('',#5924,#5925);
#4727=VERTEX_POINT('',#5926);
#4728=LINE('',#5927,#5928);
#4729=VERTEX_POINT('',#5929);
#4730=LINE('',#5930,#5931);
#4731=VERTEX_POINT('',#5932);
#4732=LINE('',#5933,#5934);
#4733=VERTEX_POINT('',#5935);
#4734=LINE('',#5936,#5937);
#4735=VERTEX_POINT('',#5938);
#4736=LINE('',#5939,#5940);
#4737=VERTEX_POINT('',#5941);
#4738=LINE('',#5942,#5943);
#4739=VERTEX_POINT('',#5944);
#4740=LINE('',#5945,#5946);
#4741=VERTEX_POINT('',#5947);
#4742=LINE('',#5948,#5949);
#4743=VERTEX_POINT('',#5950);
#4744=LINE('',#5951,#5952);
#4745=VERTEX_POINT('',#5953);
#4746=LINE('',#5954,#5955);
#4747=VERTEX_POINT('',#5956);
#4748=LINE('',#5957,#5958);
#4749=VERTEX_POINT('',#5959);
#4750=LINE('',#5960,#5961);
#4751=VERTEX_POINT('',#5962);
#4752=LINE('',#5963,#5964);
#4753=LINE('',#5965,#5966);
#4754=FILL_AREA_STYLE_COLOUR('',#5967);
#4755=VERTEX_POINT('',#5968);
#4756=LINE('',#5969,#5970);
#4757=VERTEX_POINT('',#5971);
#4758=CIRCLE('',#5972,0.55);
#4759=VERTEX_POINT('',#5973);
#4760=LINE('',#5974,#5975);
#4761=VERTEX_POINT('',#5976);
#4762=LINE('',#5977,#5978);
#4763=LINE('',#5979,#5980);
#4764=FILL_AREA_STYLE_COLOUR('',#5981);
#4765=VERTEX_POINT('',#5982);
#4766=LINE('',#5983,#5984);
#4767=VERTEX_POINT('',#5985);
#4768=CIRCLE('',#5986,0.55);
#4769=LINE('',#5987,#5988);
#4770=FILL_AREA_STYLE_COLOUR('',#5989);
#4771=VERTEX_POINT('',#5990);
#4772=VERTEX_POINT('',#5991);
#4773=LINE('',#5992,#5993);
#4774=VERTEX_POINT('',#5994);
#4775=LINE('',#5995,#5996);
#4776=VERTEX_POINT('',#5997);
#4777=LINE('',#5998,#5999);
#4778=LINE('',#6000,#6001);
#4779=FILL_AREA_STYLE_COLOUR('',#6002);
#4780=LINE('',#6003,#6004);
#4781=VERTEX_POINT('',#6005);
#4782=LINE('',#6006,#6007);
#4783=LINE('',#6008,#6009);
#4784=FILL_AREA_STYLE_COLOUR('',#6010);
#4785=VERTEX_POINT('',#6011);
#4786=ELLIPSE('',#6012,0.0506868324358279,0.0499961747729044);
#4787=VERTEX_POINT('',#6013);
#4788=ELLIPSE('',#6014,0.0506852987021594,0.0499961747729044);
#4789=LINE('',#6015,#6016);
#4790=FILL_AREA_STYLE_COLOUR('',#6017);
#4791=VERTEX_POINT('',#6018);
#4792=LINE('',#6019,#6020);
#4793=VERTEX_POINT('',#6021);
#4794=LINE('',#6022,#6023);
#4795=LINE('',#6024,#6025);
#4796=FILL_AREA_STYLE_COLOUR('',#6026);
#4797=VERTEX_POINT('',#6027);
#4798=ELLIPSE('',#6028,0.0506868324357802,0.0499961747728573);
#4799=VERTEX_POINT('',#6029);
#4800=ELLIPSE('',#6030,0.0506852987021117,0.0499961747728573);
#4801=LINE('',#6031,#6032);
#4802=FILL_AREA_STYLE_COLOUR('',#6033);
#4803=VERTEX_POINT('',#6034);
#4804=VERTEX_POINT('',#6035);
#4805=LINE('',#6036,#6037);
#4806=VERTEX_POINT('',#6038);
#4807=LINE('',#6039,#6040);
#4808=LINE('',#6041,#6042);
#4809=LINE('',#6043,#6044);
#4810=FILL_AREA_STYLE_COLOUR('',#6045);
#4811=LINE('',#6046,#6047);
#4812=LINE('',#6048,#6049);
#4813=FILL_AREA_STYLE_COLOUR('',#6050);
#4814=LINE('',#6051,#6052);
#4815=LINE('',#6053,#6054);
#4816=FILL_AREA_STYLE_COLOUR('',#6055);
#4817=FILL_AREA_STYLE_COLOUR('',#6056);
#4818=FILL_AREA_STYLE_COLOUR('',#6057);
#4819=VERTEX_POINT('',#6058);
#4820=LINE('',#6059,#6060);
#4821=VERTEX_POINT('',#6061);
#4822=CIRCLE('',#6062,0.55);
#4823=VERTEX_POINT('',#6063);
#4824=LINE('',#6064,#6065);
#4825=VERTEX_POINT('',#6066);
#4826=LINE('',#6067,#6068);
#4827=LINE('',#6069,#6070);
#4828=FILL_AREA_STYLE_COLOUR('',#6071);
#4829=VERTEX_POINT('',#6072);
#4830=LINE('',#6073,#6074);
#4831=VERTEX_POINT('',#6075);
#4832=CIRCLE('',#6076,0.55);
#4833=LINE('',#6077,#6078);
#4834=FILL_AREA_STYLE_COLOUR('',#6079);
#4835=VERTEX_POINT('',#6080);
#4836=VERTEX_POINT('',#6081);
#4837=LINE('',#6082,#6083);
#4838=VERTEX_POINT('',#6084);
#4839=LINE('',#6085,#6086);
#4840=VERTEX_POINT('',#6087);
#4841=LINE('',#6088,#6089);
#4842=LINE('',#6090,#6091);
#4843=FILL_AREA_STYLE_COLOUR('',#6092);
#4844=LINE('',#6093,#6094);
#4845=VERTEX_POINT('',#6095);
#4846=LINE('',#6096,#6097);
#4847=LINE('',#6098,#6099);
#4848=FILL_AREA_STYLE_COLOUR('',#6100);
#4849=VERTEX_POINT('',#6101);
#4850=ELLIPSE('',#6102,0.0506868324358279,0.0499961747729044);
#4851=VERTEX_POINT('',#6103);
#4852=ELLIPSE('',#6104,0.0506852987021594,0.0499961747729044);
#4853=LINE('',#6105,#6106);
#4854=FILL_AREA_STYLE_COLOUR('',#6107);
#4855=VERTEX_POINT('',#6108);
#4856=LINE('',#6109,#6110);
#4857=VERTEX_POINT('',#6111);
#4858=LINE('',#6112,#6113);
#4859=LINE('',#6114,#6115);
#4860=FILL_AREA_STYLE_COLOUR('',#6116);
#4861=VERTEX_POINT('',#6117);
#4862=ELLIPSE('',#6118,0.0506868324357802,0.0499961747728573);
#4863=VERTEX_POINT('',#6119);
#4864=ELLIPSE('',#6120,0.0506852987021117,0.0499961747728573);
#4865=LINE('',#6121,#6122);
#4866=FILL_AREA_STYLE_COLOUR('',#6123);
#4867=VERTEX_POINT('',#6124);
#4868=VERTEX_POINT('',#6125);
#4869=LINE('',#6126,#6127);
#4870=VERTEX_POINT('',#6128);
#4871=LINE('',#6129,#6130);
#4872=LINE('',#6131,#6132);
#4873=LINE('',#6133,#6134);
#4874=FILL_AREA_STYLE_COLOUR('',#6135);
#4875=LINE('',#6136,#6137);
#4876=LINE('',#6138,#6139);
#4877=FILL_AREA_STYLE_COLOUR('',#6140);
#4878=LINE('',#6141,#6142);
#4879=LINE('',#6143,#6144);
#4880=FILL_AREA_STYLE_COLOUR('',#6145);
#4881=FILL_AREA_STYLE_COLOUR('',#6146);
#4882=FILL_AREA_STYLE_COLOUR('',#6147);
#4883=VERTEX_POINT('',#6148);
#4884=LINE('',#6149,#6150);
#4885=VERTEX_POINT('',#6151);
#4886=CIRCLE('',#6152,0.55);
#4887=VERTEX_POINT('',#6153);
#4888=LINE('',#6154,#6155);
#4889=VERTEX_POINT('',#6156);
#4890=LINE('',#6157,#6158);
#4891=LINE('',#6159,#6160);
#4892=FILL_AREA_STYLE_COLOUR('',#6161);
#4893=VERTEX_POINT('',#6162);
#4894=LINE('',#6163,#6164);
#4895=VERTEX_POINT('',#6165);
#4896=CIRCLE('',#6166,0.55);
#4897=LINE('',#6167,#6168);
#4898=FILL_AREA_STYLE_COLOUR('',#6169);
#4899=VERTEX_POINT('',#6170);
#4900=VERTEX_POINT('',#6171);
#4901=LINE('',#6172,#6173);
#4902=VERTEX_POINT('',#6174);
#4903=LINE('',#6175,#6176);
#4904=VERTEX_POINT('',#6177);
#4905=LINE('',#6178,#6179);
#4906=LINE('',#6180,#6181);
#4907=FILL_AREA_STYLE_COLOUR('',#6182);
#4908=LINE('',#6183,#6184);
#4909=VERTEX_POINT('',#6185);
#4910=LINE('',#6186,#6187);
#4911=LINE('',#6188,#6189);
#4912=FILL_AREA_STYLE_COLOUR('',#6190);
#4913=VERTEX_POINT('',#6191);
#4914=ELLIPSE('',#6192,0.0506868324358279,0.0499961747729044);
#4915=VERTEX_POINT('',#6193);
#4916=ELLIPSE('',#6194,0.0506852987021594,0.0499961747729044);
#4917=LINE('',#6195,#6196);
#4918=FILL_AREA_STYLE_COLOUR('',#6197);
#4919=VERTEX_POINT('',#6198);
#4920=LINE('',#6199,#6200);
#4921=VERTEX_POINT('',#6201);
#4922=LINE('',#6202,#6203);
#4923=LINE('',#6204,#6205);
#4924=FILL_AREA_STYLE_COLOUR('',#6206);
#4925=VERTEX_POINT('',#6207);
#4926=ELLIPSE('',#6208,0.0506868324357802,0.0499961747728573);
#4927=VERTEX_POINT('',#6209);
#4928=ELLIPSE('',#6210,0.0506852987021117,0.0499961747728573);
#4929=LINE('',#6211,#6212);
#4930=FILL_AREA_STYLE_COLOUR('',#6213);
#4931=VERTEX_POINT('',#6214);
#4932=VERTEX_POINT('',#6215);
#4933=LINE('',#6216,#6217);
#4934=VERTEX_POINT('',#6218);
#4935=LINE('',#6219,#6220);
#4936=LINE('',#6221,#6222);
#4937=LINE('',#6223,#6224);
#4938=FILL_AREA_STYLE_COLOUR('',#6225);
#4939=LINE('',#6226,#6227);
#4940=LINE('',#6228,#6229);
#4941=FILL_AREA_STYLE_COLOUR('',#6230);
#4942=LINE('',#6231,#6232);
#4943=LINE('',#6233,#6234);
#4944=FILL_AREA_STYLE_COLOUR('',#6235);
#4945=FILL_AREA_STYLE_COLOUR('',#6236);
#4946=FILL_AREA_STYLE_COLOUR('',#6237);
#4947=VERTEX_POINT('',#6238);
#4948=VERTEX_POINT('',#6239);
#4949=LINE('',#6240,#6241);
#4950=VERTEX_POINT('',#6242);
#4951=LINE('',#6243,#6244);
#4952=VERTEX_POINT('',#6245);
#4953=CIRCLE('',#6246,0.0999999999999957);
#4954=VERTEX_POINT('',#6247);
#4955=LINE('',#6248,#6249);
#4956=VERTEX_POINT('',#6250);
#4957=LINE('',#6251,#6252);
#4958=VERTEX_POINT('',#6253);
#4959=LINE('',#6254,#6255);
#4960=VERTEX_POINT('',#6256);
#4961=CIRCLE('',#6257,0.100000000000001);
#4962=VERTEX_POINT('',#6258);
#4963=LINE('',#6259,#6260);
#4964=VERTEX_POINT('',#6261);
#4965=LINE('',#6262,#6263);
#4966=VERTEX_POINT('',#6264);
#4967=CIRCLE('',#6265,0.2);
#4968=LINE('',#6266,#6267);
#4969=FILL_AREA_STYLE_COLOUR('',#6268);
#4970=VERTEX_POINT('',#6269);
#4971=LINE('',#6270,#6271);
#4972=VERTEX_POINT('',#6272);
#4973=LINE('',#6273,#6274);
#4974=LINE('',#6275,#6276);
#4975=FILL_AREA_STYLE_COLOUR('',#6277);
#4976=VERTEX_POINT('',#6278);
#4977=VERTEX_POINT('',#6279);
#4978=CIRCLE('',#6280,0.2);
#4979=LINE('',#6281,#6282);
#4980=LINE('',#6283,#6284);
#4981=FILL_AREA_STYLE_COLOUR('',#6285);
#4982=VERTEX_POINT('',#6286);
#4983=LINE('',#6287,#6288);
#4984=LINE('',#6289,#6290);
#4985=FILL_AREA_STYLE_COLOUR('',#6291);
#4986=VERTEX_POINT('',#6292);
#4987=CIRCLE('',#6293,0.0999999999999957);
#4988=LINE('',#6294,#6295);
#4989=FILL_AREA_STYLE_COLOUR('',#6296);
#4990=VERTEX_POINT('',#6297);
#4991=LINE('',#6298,#6299);
#4992=LINE('',#6300,#6301);
#4993=FILL_AREA_STYLE_COLOUR('',#6302);
#4994=VERTEX_POINT('',#6303);
#4995=LINE('',#6304,#6305);
#4996=LINE('',#6306,#6307);
#4997=FILL_AREA_STYLE_COLOUR('',#6308);
#4998=VERTEX_POINT('',#6309);
#4999=LINE('',#6310,#6311);
#5000=LINE('',#6312,#6313);
#5001=FILL_AREA_STYLE_COLOUR('',#6314);
#5002=VERTEX_POINT('',#6315);
#5003=CIRCLE('',#6316,0.100000000000001);
#5004=LINE('',#6317,#6318);
#5005=FILL_AREA_STYLE_COLOUR('',#6319);
#5006=VERTEX_POINT('',#6320);
#5007=LINE('',#6321,#6322);
#5008=LINE('',#6323,#6324);
#5009=FILL_AREA_STYLE_COLOUR('',#6325);
#5010=LINE('',#6326,#6327);
#5011=FILL_AREA_STYLE_COLOUR('',#6328);
#5012=LINE('',#6329,#6330);
#5013=FILL_AREA_STYLE_COLOUR('',#6331);
#5014=VERTEX_POINT('',#6332);
#5015=VERTEX_POINT('',#6333);
#5016=LINE('',#6334,#6335);
#5017=VERTEX_POINT('',#6336);
#5018=LINE('',#6337,#6338);
#5019=VERTEX_POINT('',#6339);
#5020=CIRCLE('',#6340,0.0999999999999957);
#5021=VERTEX_POINT('',#6341);
#5022=LINE('',#6342,#6343);
#5023=VERTEX_POINT('',#6344);
#5024=LINE('',#6345,#6346);
#5025=VERTEX_POINT('',#6347);
#5026=LINE('',#6348,#6349);
#5027=VERTEX_POINT('',#6350);
#5028=CIRCLE('',#6351,0.100000000000001);
#5029=VERTEX_POINT('',#6352);
#5030=LINE('',#6353,#6354);
#5031=VERTEX_POINT('',#6355);
#5032=LINE('',#6356,#6357);
#5033=VERTEX_POINT('',#6358);
#5034=CIRCLE('',#6359,0.2);
#5035=LINE('',#6360,#6361);
#5036=FILL_AREA_STYLE_COLOUR('',#6362);
#5037=VERTEX_POINT('',#6363);
#5038=LINE('',#6364,#6365);
#5039=VERTEX_POINT('',#6366);
#5040=LINE('',#6367,#6368);
#5041=LINE('',#6369,#6370);
#5042=FILL_AREA_STYLE_COLOUR('',#6371);
#5043=VERTEX_POINT('',#6372);
#5044=VERTEX_POINT('',#6373);
#5045=CIRCLE('',#6374,0.2);
#5046=LINE('',#6375,#6376);
#5047=LINE('',#6377,#6378);
#5048=FILL_AREA_STYLE_COLOUR('',#6379);
#5049=VERTEX_POINT('',#6380);
#5050=LINE('',#6381,#6382);
#5051=LINE('',#6383,#6384);
#5052=FILL_AREA_STYLE_COLOUR('',#6385);
#5053=VERTEX_POINT('',#6386);
#5054=CIRCLE('',#6387,0.0999999999999957);
#5055=LINE('',#6388,#6389);
#5056=FILL_AREA_STYLE_COLOUR('',#6390);
#5057=VERTEX_POINT('',#6391);
#5058=LINE('',#6392,#6393);
#5059=LINE('',#6394,#6395);
#5060=FILL_AREA_STYLE_COLOUR('',#6396);
#5061=VERTEX_POINT('',#6397);
#5062=LINE('',#6398,#6399);
#5063=LINE('',#6400,#6401);
#5064=FILL_AREA_STYLE_COLOUR('',#6402);
#5065=VERTEX_POINT('',#6403);
#5066=LINE('',#6404,#6405);
#5067=LINE('',#6406,#6407);
#5068=FILL_AREA_STYLE_COLOUR('',#6408);
#5069=VERTEX_POINT('',#6409);
#5070=CIRCLE('',#6410,0.100000000000001);
#5071=LINE('',#6411,#6412);
#5072=FILL_AREA_STYLE_COLOUR('',#6413);
#5073=VERTEX_POINT('',#6414);
#5074=LINE('',#6415,#6416);
#5075=LINE('',#6417,#6418);
#5076=FILL_AREA_STYLE_COLOUR('',#6419);
#5077=LINE('',#6420,#6421);
#5078=FILL_AREA_STYLE_COLOUR('',#6422);
#5079=LINE('',#6423,#6424);
#5080=FILL_AREA_STYLE_COLOUR('',#6425);
#5081=VERTEX_POINT('',#6426);
#5082=VERTEX_POINT('',#6427);
#5083=LINE('',#6428,#6429);
#5084=VERTEX_POINT('',#6430);
#5085=LINE('',#6431,#6432);
#5086=VERTEX_POINT('',#6433);
#5087=CIRCLE('',#6434,0.0999999999999957);
#5088=VERTEX_POINT('',#6435);
#5089=LINE('',#6436,#6437);
#5090=VERTEX_POINT('',#6438);
#5091=LINE('',#6439,#6440);
#5092=VERTEX_POINT('',#6441);
#5093=LINE('',#6442,#6443);
#5094=VERTEX_POINT('',#6444);
#5095=CIRCLE('',#6445,0.100000000000001);
#5096=VERTEX_POINT('',#6446);
#5097=LINE('',#6447,#6448);
#5098=VERTEX_POINT('',#6449);
#5099=LINE('',#6450,#6451);
#5100=VERTEX_POINT('',#6452);
#5101=CIRCLE('',#6453,0.2);
#5102=LINE('',#6454,#6455);
#5103=FILL_AREA_STYLE_COLOUR('',#6456);
#5104=VERTEX_POINT('',#6457);
#5105=LINE('',#6458,#6459);
#5106=VERTEX_POINT('',#6460);
#5107=LINE('',#6461,#6462);
#5108=LINE('',#6463,#6464);
#5109=FILL_AREA_STYLE_COLOUR('',#6465);
#5110=VERTEX_POINT('',#6466);
#5111=VERTEX_POINT('',#6467);
#5112=CIRCLE('',#6468,0.2);
#5113=LINE('',#6469,#6470);
#5114=LINE('',#6471,#6472);
#5115=FILL_AREA_STYLE_COLOUR('',#6473);
#5116=VERTEX_POINT('',#6474);
#5117=LINE('',#6475,#6476);
#5118=LINE('',#6477,#6478);
#5119=FILL_AREA_STYLE_COLOUR('',#6479);
#5120=VERTEX_POINT('',#6480);
#5121=CIRCLE('',#6481,0.0999999999999957);
#5122=LINE('',#6482,#6483);
#5123=FILL_AREA_STYLE_COLOUR('',#6484);
#5124=VERTEX_POINT('',#6485);
#5125=LINE('',#6486,#6487);
#5126=LINE('',#6488,#6489);
#5127=FILL_AREA_STYLE_COLOUR('',#6490);
#5128=VERTEX_POINT('',#6491);
#5129=LINE('',#6492,#6493);
#5130=LINE('',#6494,#6495);
#5131=FILL_AREA_STYLE_COLOUR('',#6496);
#5132=VERTEX_POINT('',#6497);
#5133=LINE('',#6498,#6499);
#5134=LINE('',#6500,#6501);
#5135=FILL_AREA_STYLE_COLOUR('',#6502);
#5136=VERTEX_POINT('',#6503);
#5137=CIRCLE('',#6504,0.100000000000001);
#5138=LINE('',#6505,#6506);
#5139=FILL_AREA_STYLE_COLOUR('',#6507);
#5140=VERTEX_POINT('',#6508);
#5141=LINE('',#6509,#6510);
#5142=LINE('',#6511,#6512);
#5143=FILL_AREA_STYLE_COLOUR('',#6513);
#5144=LINE('',#6514,#6515);
#5145=FILL_AREA_STYLE_COLOUR('',#6516);
#5146=LINE('',#6517,#6518);
#5147=FILL_AREA_STYLE_COLOUR('',#6519);
#5148=VERTEX_POINT('',#6520);
#5149=VERTEX_POINT('',#6521);
#5150=LINE('',#6522,#6523);
#5151=VERTEX_POINT('',#6524);
#5152=LINE('',#6525,#6526);
#5153=VERTEX_POINT('',#6527);
#5154=CIRCLE('',#6528,0.0999999999999957);
#5155=VERTEX_POINT('',#6529);
#5156=LINE('',#6530,#6531);
#5157=VERTEX_POINT('',#6532);
#5158=LINE('',#6533,#6534);
#5159=VERTEX_POINT('',#6535);
#5160=LINE('',#6536,#6537);
#5161=VERTEX_POINT('',#6538);
#5162=CIRCLE('',#6539,0.100000000000001);
#5163=VERTEX_POINT('',#6540);
#5164=LINE('',#6541,#6542);
#5165=VERTEX_POINT('',#6543);
#5166=LINE('',#6544,#6545);
#5167=VERTEX_POINT('',#6546);
#5168=CIRCLE('',#6547,0.2);
#5169=LINE('',#6548,#6549);
#5170=FILL_AREA_STYLE_COLOUR('',#6550);
#5171=VERTEX_POINT('',#6551);
#5172=LINE('',#6552,#6553);
#5173=VERTEX_POINT('',#6554);
#5174=LINE('',#6555,#6556);
#5175=LINE('',#6557,#6558);
#5176=FILL_AREA_STYLE_COLOUR('',#6559);
#5177=VERTEX_POINT('',#6560);
#5178=VERTEX_POINT('',#6561);
#5179=CIRCLE('',#6562,0.2);
#5180=LINE('',#6563,#6564);
#5181=LINE('',#6565,#6566);
#5182=FILL_AREA_STYLE_COLOUR('',#6567);
#5183=VERTEX_POINT('',#6568);
#5184=LINE('',#6569,#6570);
#5185=LINE('',#6571,#6572);
#5186=FILL_AREA_STYLE_COLOUR('',#6573);
#5187=VERTEX_POINT('',#6574);
#5188=CIRCLE('',#6575,0.0999999999999957);
#5189=LINE('',#6576,#6577);
#5190=FILL_AREA_STYLE_COLOUR('',#6578);
#5191=VERTEX_POINT('',#6579);
#5192=LINE('',#6580,#6581);
#5193=LINE('',#6582,#6583);
#5194=FILL_AREA_STYLE_COLOUR('',#6584);
#5195=VERTEX_POINT('',#6585);
#5196=LINE('',#6586,#6587);
#5197=LINE('',#6588,#6589);
#5198=FILL_AREA_STYLE_COLOUR('',#6590);
#5199=VERTEX_POINT('',#6591);
#5200=LINE('',#6592,#6593);
#5201=LINE('',#6594,#6595);
#5202=FILL_AREA_STYLE_COLOUR('',#6596);
#5203=VERTEX_POINT('',#6597);
#5204=CIRCLE('',#6598,0.100000000000001);
#5205=LINE('',#6599,#6600);
#5206=FILL_AREA_STYLE_COLOUR('',#6601);
#5207=VERTEX_POINT('',#6602);
#5208=LINE('',#6603,#6604);
#5209=LINE('',#6605,#6606);
#5210=FILL_AREA_STYLE_COLOUR('',#6607);
#5211=LINE('',#6608,#6609);
#5212=FILL_AREA_STYLE_COLOUR('',#6610);
#5213=LINE('',#6611,#6612);
#5214=FILL_AREA_STYLE_COLOUR('',#6613);
#5215=VERTEX_POINT('',#6614);
#5216=VERTEX_POINT('',#6615);
#5217=LINE('',#6616,#6617);
#5218=VERTEX_POINT('',#6618);
#5219=LINE('',#6619,#6620);
#5220=LINE('',#6621,#6622);
#5221=FILL_AREA_STYLE_COLOUR('',#6623);
#5222=VERTEX_POINT('',#6624);
#5223=LINE('',#6625,#6626);
#5224=VERTEX_POINT('',#6627);
#5225=LINE('',#6628,#6629);
#5226=LINE('',#6630,#6631);
#5227=FILL_AREA_STYLE_COLOUR('',#6632);
#5228=VERTEX_POINT('',#6633);
#5229=LINE('',#6634,#6635);
#5230=LINE('',#6636,#6637);
#5231=FILL_AREA_STYLE_COLOUR('',#6638);
#5232=VERTEX_POINT('',#6639);
#5233=LINE('',#6640,#6641);
#5234=VERTEX_POINT('',#6642);
#5235=LINE('',#6643,#6644);
#5236=VERTEX_POINT('',#6645);
#5237=LINE('',#6646,#6647);
#5238=VERTEX_POINT('',#6648);
#5239=LINE('',#6649,#6650);
#5240=VERTEX_POINT('',#6651);
#5241=LINE('',#6652,#6653);
#5242=VERTEX_POINT('',#6654);
#5243=LINE('',#6655,#6656);
#5244=LINE('',#6657,#6658);
#5245=FILL_AREA_STYLE_COLOUR('',#6659);
#5246=VERTEX_POINT('',#6660);
#5247=VERTEX_POINT('',#6661);
#5248=LINE('',#6662,#6663);
#5249=VERTEX_POINT('',#6664);
#5250=LINE('',#6665,#6666);
#5251=LINE('',#6667,#6668);
#5252=FILL_AREA_STYLE_COLOUR('',#6669);
#5253=VERTEX_POINT('',#6670);
#5254=VERTEX_POINT('',#6671);
#5255=LINE('',#6672,#6673);
#5256=VERTEX_POINT('',#6674);
#5257=LINE('',#6675,#6676);
#5258=LINE('',#6677,#6678);
#5259=VERTEX_POINT('',#6679);
#5260=LINE('',#6680,#6681);
#5261=VERTEX_POINT('',#6682);
#5262=LINE('',#6683,#6684);
#5263=VERTEX_POINT('',#6685);
#5264=LINE('',#6686,#6687);
#5265=VERTEX_POINT('',#6688);
#5266=LINE('',#6689,#6690);
#5267=VERTEX_POINT('',#6691);
#5268=LINE('',#6692,#6693);
#5269=VERTEX_POINT('',#6694);
#5270=LINE('',#6695,#6696);
#5271=VERTEX_POINT('',#6697);
#5272=LINE('',#6698,#6699);
#5273=VERTEX_POINT('',#6700);
#5274=LINE('',#6701,#6702);
#5275=VERTEX_POINT('',#6703);
#5276=LINE('',#6704,#6705);
#5277=VERTEX_POINT('',#6706);
#5278=LINE('',#6707,#6708);
#5279=VERTEX_POINT('',#6709);
#5280=LINE('',#6710,#6711);
#5281=VERTEX_POINT('',#6712);
#5282=LINE('',#6713,#6714);
#5283=VERTEX_POINT('',#6715);
#5284=LINE('',#6716,#6717);
#5285=VERTEX_POINT('',#6718);
#5286=LINE('',#6719,#6720);
#5287=VERTEX_POINT('',#6721);
#5288=LINE('',#6722,#6723);
#5289=LINE('',#6724,#6725);
#5290=FILL_AREA_STYLE_COLOUR('',#6726);
#5291=VERTEX_POINT('',#6727);
#5292=LINE('',#6728,#6729);
#5293=LINE('',#6730,#6731);
#5294=FILL_AREA_STYLE_COLOUR('',#6732);
#5295=VERTEX_POINT('',#6733);
#5296=LINE('',#6734,#6735);
#5297=VERTEX_POINT('',#6736);
#5298=LINE('',#6737,#6738);
#5299=LINE('',#6739,#6740);
#5300=FILL_AREA_STYLE_COLOUR('',#6741);
#5301=VERTEX_POINT('',#6742);
#5302=LINE('',#6743,#6744);
#5303=LINE('',#6745,#6746);
#5304=FILL_AREA_STYLE_COLOUR('',#6747);
#5305=VERTEX_POINT('',#6748);
#5306=LINE('',#6749,#6750);
#5307=LINE('',#6751,#6752);
#5308=FILL_AREA_STYLE_COLOUR('',#6753);
#5309=VERTEX_POINT('',#6754);
#5310=LINE('',#6755,#6756);
#5311=LINE('',#6757,#6758);
#5312=FILL_AREA_STYLE_COLOUR('',#6759);
#5313=VERTEX_POINT('',#6760);
#5314=LINE('',#6761,#6762);
#5315=LINE('',#6763,#6764);
#5316=FILL_AREA_STYLE_COLOUR('',#6765);
#5317=VERTEX_POINT('',#6766);
#5318=LINE('',#6767,#6768);
#5319=LINE('',#6769,#6770);
#5320=FILL_AREA_STYLE_COLOUR('',#6771);
#5321=VERTEX_POINT('',#6772);
#5322=LINE('',#6773,#6774);
#5323=LINE('',#6775,#6776);
#5324=FILL_AREA_STYLE_COLOUR('',#6777);
#5325=VERTEX_POINT('',#6778);
#5326=LINE('',#6779,#6780);
#5327=LINE('',#6781,#6782);
#5328=FILL_AREA_STYLE_COLOUR('',#6783);
#5329=VERTEX_POINT('',#6784);
#5330=LINE('',#6785,#6786);
#5331=VERTEX_POINT('',#6787);
#5332=LINE('',#6788,#6789);
#5333=LINE('',#6790,#6791);
#5334=FILL_AREA_STYLE_COLOUR('',#6792);
#5335=VERTEX_POINT('',#6793);
#5336=LINE('',#6794,#6795);
#5337=VERTEX_POINT('',#6796);
#5338=LINE('',#6797,#6798);
#5339=VERTEX_POINT('',#6799);
#5340=LINE('',#6800,#6801);
#5341=VERTEX_POINT('',#6802);
#5342=CIRCLE('',#6803,0.15);
#5343=VERTEX_POINT('',#6804);
#5344=LINE('',#6805,#6806);
#5345=VERTEX_POINT('',#6807);
#5346=CIRCLE('',#6808,0.15);
#5347=VERTEX_POINT('',#6809);
#5348=LINE('',#6810,#6811);
#5349=VERTEX_POINT('',#6812);
#5350=LINE('',#6813,#6814);
#5351=VERTEX_POINT('',#6815);
#5352=LINE('',#6816,#6817);
#5353=VERTEX_POINT('',#6818);
#5354=CIRCLE('',#6819,0.15);
#5355=VERTEX_POINT('',#6820);
#5356=LINE('',#6821,#6822);
#5357=VERTEX_POINT('',#6823);
#5358=CIRCLE('',#6824,0.15);
#5359=VERTEX_POINT('',#6825);
#5360=LINE('',#6826,#6827);
#5361=VERTEX_POINT('',#6828);
#5362=LINE('',#6829,#6830);
#5363=VERTEX_POINT('',#6831);
#5364=LINE('',#6832,#6833);
#5365=VERTEX_POINT('',#6834);
#5366=LINE('',#6835,#6836);
#5367=VERTEX_POINT('',#6837);
#5368=LINE('',#6838,#6839);
#5369=VERTEX_POINT('',#6840);
#5370=LINE('',#6841,#6842);
#5371=VERTEX_POINT('',#6843);
#5372=LINE('',#6844,#6845);
#5373=VERTEX_POINT('',#6846);
#5374=LINE('',#6847,#6848);
#5375=VERTEX_POINT('',#6849);
#5376=LINE('',#6850,#6851);
#5377=VERTEX_POINT('',#6852);
#5378=LINE('',#6853,#6854);
#5379=LINE('',#6855,#6856);
#5380=FILL_AREA_STYLE_COLOUR('',#6857);
#5381=LINE('',#6858,#6859);
#5382=FILL_AREA_STYLE_COLOUR('',#6860);
#5383=LINE('',#6861,#6862);
#5384=FILL_AREA_STYLE_COLOUR('',#6863);
#5385=LINE('',#6864,#6865);
#5386=FILL_AREA_STYLE_COLOUR('',#6866);
#5387=LINE('',#6867,#6868);
#5388=FILL_AREA_STYLE_COLOUR('',#6869);
#5389=LINE('',#6870,#6871);
#5390=LINE('',#6872,#6873);
#5391=FILL_AREA_STYLE_COLOUR('',#6874);
#5392=LINE('',#6875,#6876);
#5393=FILL_AREA_STYLE_COLOUR('',#6877);
#5394=FILL_AREA_STYLE_COLOUR('',#6878);
#5395=VERTEX_POINT('',#6879);
#5396=VERTEX_POINT('',#6880);
#5397=LINE('',#6881,#6882);
#5398=LINE('',#6883,#6884);
#5399=LINE('',#6885,#6886);
#5400=FILL_AREA_STYLE_COLOUR('',#6887);
#5401=VERTEX_POINT('',#6888);
#5402=LINE('',#6889,#6890);
#5403=LINE('',#6891,#6892);
#5404=FILL_AREA_STYLE_COLOUR('',#6893);
#5405=LINE('',#6894,#6895);
#5406=FILL_AREA_STYLE_COLOUR('',#6896);
#5407=VERTEX_POINT('',#6897);
#5408=LINE('',#6898,#6899);
#5409=LINE('',#6900,#6901);
#5410=FILL_AREA_STYLE_COLOUR('',#6902);
#5411=VERTEX_POINT('',#6903);
#5412=LINE('',#6904,#6905);
#5413=LINE('',#6906,#6907);
#5414=FILL_AREA_STYLE_COLOUR('',#6908);
#5415=VERTEX_POINT('',#6909);
#5416=LINE('',#6910,#6911);
#5417=LINE('',#6912,#6913);
#5418=FILL_AREA_STYLE_COLOUR('',#6914);
#5419=VERTEX_POINT('',#6915);
#5420=LINE('',#6916,#6917);
#5421=LINE('',#6918,#6919);
#5422=FILL_AREA_STYLE_COLOUR('',#6920);
#5423=VERTEX_POINT('',#6921);
#5424=CIRCLE('',#6922,0.15);
#5425=LINE('',#6923,#6924);
#5426=FILL_AREA_STYLE_COLOUR('',#6925);
#5427=VERTEX_POINT('',#6926);
#5428=LINE('',#6927,#6928);
#5429=LINE('',#6929,#6930);
#5430=FILL_AREA_STYLE_COLOUR('',#6931);
#5431=VERTEX_POINT('',#6932);
#5432=CIRCLE('',#6933,0.15);
#5433=LINE('',#6934,#6935);
#5434=FILL_AREA_STYLE_COLOUR('',#6936);
#5435=VERTEX_POINT('',#6937);
#5436=LINE('',#6938,#6939);
#5437=LINE('',#6940,#6941);
#5438=FILL_AREA_STYLE_COLOUR('',#6942);
#5439=VERTEX_POINT('',#6943);
#5440=LINE('',#6944,#6945);
#5441=LINE('',#6946,#6947);
#5442=FILL_AREA_STYLE_COLOUR('',#6948);
#5443=VERTEX_POINT('',#6949);
#5444=LINE('',#6950,#6951);
#5445=LINE('',#6952,#6953);
#5446=FILL_AREA_STYLE_COLOUR('',#6954);
#5447=VERTEX_POINT('',#6955);
#5448=CIRCLE('',#6956,0.15);
#5449=LINE('',#6957,#6958);
#5450=FILL_AREA_STYLE_COLOUR('',#6959);
#5451=VERTEX_POINT('',#6960);
#5452=LINE('',#6961,#6962);
#5453=LINE('',#6963,#6964);
#5454=FILL_AREA_STYLE_COLOUR('',#6965);
#5455=CIRCLE('',#6966,0.15);
#5456=FILL_AREA_STYLE_COLOUR('',#6967);
#5457=VERTEX_POINT('',#6968);
#5458=VERTEX_POINT('',#6969);
#5459=LINE('',#6970,#6971);
#5460=VERTEX_POINT('',#6972);
#5461=LINE('',#6973,#6974);
#5462=VERTEX_POINT('',#6975);
#5463=LINE('',#6976,#6977);
#5464=LINE('',#6978,#6979);
#5465=FILL_AREA_STYLE_COLOUR('',#6980);
#5466=VERTEX_POINT('',#6981);
#5467=LINE('',#6982,#6983);
#5468=VERTEX_POINT('',#6984);
#5469=LINE('',#6985,#6986);
#5470=LINE('',#6987,#6988);
#5471=FILL_AREA_STYLE_COLOUR('',#6989);
#5472=VERTEX_POINT('',#6990);
#5473=LINE('',#6991,#6992);
#5474=VERTEX_POINT('',#6993);
#5475=LINE('',#6994,#6995);
#5476=LINE('',#6996,#6997);
#5477=FILL_AREA_STYLE_COLOUR('',#6998);
#5478=LINE('',#6999,#7000);
#5479=FILL_AREA_STYLE_COLOUR('',#7001);
#5480=LINE('',#7002,#7003);
#5481=FILL_AREA_STYLE_COLOUR('',#7004);
#5482=CIRCLE('',#7005,0.35);
#5483=FILL_AREA_STYLE_COLOUR('',#7006);
#5484=CIRCLE('',#7007,0.2);
#5485=FILL_AREA_STYLE_COLOUR('',#7008);
#5486=FILL_AREA_STYLE_COLOUR('',#7009);
#5487=CIRCLE('',#7010,0.35);
#5488=FILL_AREA_STYLE_COLOUR('',#7011);
#5489=CIRCLE('',#7012,0.2);
#5490=FILL_AREA_STYLE_COLOUR('',#7013);
#5491=FILL_AREA_STYLE_COLOUR('',#7014);
#5492=VERTEX_POINT('',#7015);
#5493=VERTEX_POINT('',#7016);
#5494=LINE('',#7017,#7018);
#5495=VERTEX_POINT('',#7019);
#5496=LINE('',#7020,#7021);
#5497=VERTEX_POINT('',#7022);
#5498=LINE('',#7023,#7024);
#5499=LINE('',#7025,#7026);
#5500=FILL_AREA_STYLE_COLOUR('',#7027);
#5501=VERTEX_POINT('',#7028);
#5502=LINE('',#7029,#7030);
#5503=VERTEX_POINT('',#7031);
#5504=LINE('',#7032,#7033);
#5505=LINE('',#7034,#7035);
#5506=FILL_AREA_STYLE_COLOUR('',#7036);
#5507=VERTEX_POINT('',#7037);
#5508=VERTEX_POINT('',#7038);
#5509=LINE('',#7039,#7040);
#5510=LINE('',#7041,#7042);
#5511=LINE('',#7043,#7044);
#5512=FILL_AREA_STYLE_COLOUR('',#7045);
#5513=LINE('',#7046,#7047);
#5514=FILL_AREA_STYLE_COLOUR('',#7048);
#5515=VERTEX_POINT('',#7049);
#5516=LINE('',#7050,#7051);
#5517=LINE('',#7052,#7053);
#5518=VERTEX_POINT('',#7054);
#5519=LINE('',#7055,#7056);
#5520=VERTEX_POINT('',#7057);
#5521=LINE('',#7058,#7059);
#5522=VERTEX_POINT('',#7060);
#5523=LINE('',#7061,#7062);
#5524=VERTEX_POINT('',#7063);
#5525=LINE('',#7064,#7065);
#5526=VERTEX_POINT('',#7066);
#5527=LINE('',#7067,#7068);
#5528=VERTEX_POINT('',#7069);
#5529=LINE('',#7070,#7071);
#5530=VERTEX_POINT('',#7072);
#5531=LINE('',#7073,#7074);
#5532=VERTEX_POINT('',#7075);
#5533=LINE('',#7076,#7077);
#5534=VERTEX_POINT('',#7078);
#5535=LINE('',#7079,#7080);
#5536=VERTEX_POINT('',#7081);
#5537=LINE('',#7082,#7083);
#5538=VERTEX_POINT('',#7084);
#5539=LINE('',#7085,#7086);
#5540=VERTEX_POINT('',#7087);
#5541=LINE('',#7088,#7089);
#5542=VERTEX_POINT('',#7090);
#5543=LINE('',#7091,#7092);
#5544=VERTEX_POINT('',#7093);
#5545=LINE('',#7094,#7095);
#5546=VERTEX_POINT('',#7096);
#5547=LINE('',#7097,#7098);
#5548=VERTEX_POINT('',#7099);
#5549=LINE('',#7100,#7101);
#5550=VERTEX_POINT('',#7102);
#5551=LINE('',#7103,#7104);
#5552=VERTEX_POINT('',#7105);
#5553=LINE('',#7106,#7107);
#5554=VERTEX_POINT('',#7108);
#5555=LINE('',#7109,#7110);
#5556=LINE('',#7111,#7112);
#5557=FILL_AREA_STYLE_COLOUR('',#7113);
#5558=VERTEX_POINT('',#7114);
#5559=VERTEX_POINT('',#7115);
#5560=LINE('',#7116,#7117);
#5561=VERTEX_POINT('',#7118);
#5562=LINE('',#7119,#7120);
#5563=VERTEX_POINT('',#7121);
#5564=LINE('',#7122,#7123);
#5565=LINE('',#7124,#7125);
#5566=FILL_AREA_STYLE_COLOUR('',#7126);
#5567=LINE('',#7127,#7128);
#5568=LINE('',#7129,#7130);
#5569=FILL_AREA_STYLE_COLOUR('',#7131);
#5570=LINE('',#7132,#7133);
#5571=LINE('',#7134,#7135);
#5572=FILL_AREA_STYLE_COLOUR('',#7136);
#5573=FILL_AREA_STYLE_COLOUR('',#7137);
#5574=VERTEX_POINT('',#7138);
#5575=LINE('',#7139,#7140);
#5576=LINE('',#7141,#7142);
#5577=VERTEX_POINT('',#7143);
#5578=LINE('',#7144,#7145);
#5579=VERTEX_POINT('',#7146);
#5580=LINE('',#7147,#7148);
#5581=VERTEX_POINT('',#7149);
#5582=LINE('',#7150,#7151);
#5583=VERTEX_POINT('',#7152);
#5584=LINE('',#7153,#7154);
#5585=VERTEX_POINT('',#7155);
#5586=LINE('',#7156,#7157);
#5587=VERTEX_POINT('',#7158);
#5588=LINE('',#7159,#7160);
#5589=VERTEX_POINT('',#7161);
#5590=LINE('',#7162,#7163);
#5591=LINE('',#7164,#7165);
#5592=FILL_AREA_STYLE_COLOUR('',#7166);
#5593=VERTEX_POINT('',#7167);
#5594=VERTEX_POINT('',#7168);
#5595=LINE('',#7169,#7170);
#5596=VERTEX_POINT('',#7171);
#5597=LINE('',#7172,#7173);
#5598=VERTEX_POINT('',#7174);
#5599=LINE('',#7175,#7176);
#5600=LINE('',#7177,#7178);
#5601=FILL_AREA_STYLE_COLOUR('',#7179);
#5602=VERTEX_POINT('',#7180);
#5603=VERTEX_POINT('',#7181);
#5604=LINE('',#7182,#7183);
#5605=LINE('',#7184,#7185);
#5606=LINE('',#7186,#7187);
#5607=FILL_AREA_STYLE_COLOUR('',#7188);
#5608=VERTEX_POINT('',#7189);
#5609=LINE('',#7190,#7191);
#5610=VERTEX_POINT('',#7192);
#5611=LINE('',#7193,#7194);
#5612=VERTEX_POINT('',#7195);
#5613=LINE('',#7196,#7197);
#5614=VERTEX_POINT('',#7198);
#5615=LINE('',#7199,#7200);
#5616=LINE('',#7201,#7202);
#5617=VERTEX_POINT('',#7203);
#5618=LINE('',#7204,#7205);
#5619=LINE('',#7206,#7207);
#5620=VERTEX_POINT('',#7208);
#5621=LINE('',#7209,#7210);
#5622=VERTEX_POINT('',#7211);
#5623=LINE('',#7212,#7213);
#5624=VERTEX_POINT('',#7214);
#5625=LINE('',#7215,#7216);
#5626=VERTEX_POINT('',#7217);
#5627=LINE('',#7218,#7219);
#5628=LINE('',#7220,#7221);
#5629=VERTEX_POINT('',#7222);
#5630=LINE('',#7223,#7224);
#5631=LINE('',#7225,#7226);
#5632=FILL_AREA_STYLE_COLOUR('',#7227);
#5633=VERTEX_POINT('',#7228);
#5634=LINE('',#7229,#7230);
#5635=VERTEX_POINT('',#7231);
#5636=LINE('',#7232,#7233);
#5637=LINE('',#7234,#7235);
#5638=FILL_AREA_STYLE_COLOUR('',#7236);
#5639=VERTEX_POINT('',#7237);
#5640=LINE('',#7238,#7239);
#5641=LINE('',#7240,#7241);
#5642=VERTEX_POINT('',#7242);
#5643=LINE('',#7243,#7244);
#5644=LINE('',#7245,#7246);
#5645=FILL_AREA_STYLE_COLOUR('',#7247);
#5646=VERTEX_POINT('',#7248);
#5647=LINE('',#7249,#7250);
#5648=VERTEX_POINT('',#7251);
#5649=LINE('',#7252,#7253);
#5650=LINE('',#7254,#7255);
#5651=FILL_AREA_STYLE_COLOUR('',#7256);
#5652=VERTEX_POINT('',#7257);
#5653=LINE('',#7258,#7259);
#5654=VERTEX_POINT('',#7260);
#5655=LINE('',#7261,#7262);
#5656=LINE('',#7263,#7264);
#5657=FILL_AREA_STYLE_COLOUR('',#7265);
#5658=LINE('',#7266,#7267);
#5659=FILL_AREA_STYLE_COLOUR('',#7268);
#5660=VERTEX_POINT('',#7269);
#5661=LINE('',#7270,#7271);
#5662=VERTEX_POINT('',#7272);
#5663=LINE('',#7273,#7274);
#5664=LINE('',#7275,#7276);
#5665=VERTEX_POINT('',#7277);
#5666=LINE('',#7278,#7279);
#5667=LINE('',#7280,#7281);
#5668=FILL_AREA_STYLE_COLOUR('',#7282);
#5669=LINE('',#7283,#7284);
#5670=FILL_AREA_STYLE_COLOUR('',#7285);
#5671=LINE('',#7286,#7287);
#5672=FILL_AREA_STYLE_COLOUR('',#7288);
#5673=VERTEX_POINT('',#7289);
#5674=VERTEX_POINT('',#7290);
#5675=LINE('',#7291,#7292);
#5676=LINE('',#7293,#7294);
#5677=VERTEX_POINT('',#7295);
#5678=LINE('',#7296,#7297);
#5679=LINE('',#7298,#7299);
#5680=FILL_AREA_STYLE_COLOUR('',#7300);
#5681=VERTEX_POINT('',#7301);
#5682=VERTEX_POINT('',#7302);
#5683=LINE('',#7303,#7304);
#5684=LINE('',#7305,#7306);
#5685=LINE('',#7307,#7308);
#5686=FILL_AREA_STYLE_COLOUR('',#7309);
#5687=VERTEX_POINT('',#7310);
#5688=VERTEX_POINT('',#7311);
#5689=LINE('',#7312,#7313);
#5690=LINE('',#7314,#7315);
#5691=LINE('',#7316,#7317);
#5692=FILL_AREA_STYLE_COLOUR('',#7318);
#5693=VERTEX_POINT('',#7319);
#5694=LINE('',#7320,#7321);
#5695=VERTEX_POINT('',#7322);
#5696=LINE('',#7323,#7324);
#5697=LINE('',#7325,#7326);
#5698=VERTEX_POINT('',#7327);
#5699=LINE('',#7328,#7329);
#5700=VERTEX_POINT('',#7330);
#5701=LINE('',#7331,#7332);
#5702=LINE('',#7333,#7334);
#5703=LINE('',#7335,#7336);
#5704=FILL_AREA_STYLE_COLOUR('',#7337);
#5705=FILL_AREA_STYLE_COLOUR('',#7338);
#5706=VERTEX_POINT('',#7339);
#5707=LINE('',#7340,#7341);
#5708=LINE('',#7342,#7343);
#5709=FILL_AREA_STYLE_COLOUR('',#7344);
#5710=VERTEX_POINT('',#7345);
#5711=LINE('',#7346,#7347);
#5712=LINE('',#7348,#7349);
#5713=FILL_AREA_STYLE_COLOUR('',#7350);
#5714=VERTEX_POINT('',#7351);
#5715=LINE('',#7352,#7353);
#5716=LINE('',#7354,#7355);
#5717=FILL_AREA_STYLE_COLOUR('',#7356);
#5718=FILL_AREA_STYLE_COLOUR('',#7357);
#5719=LINE('',#7358,#7359);
#5720=FILL_AREA_STYLE_COLOUR('',#7360);
#5721=VERTEX_POINT('',#7361);
#5722=LINE('',#7362,#7363);
#5723=LINE('',#7364,#7365);
#5724=FILL_AREA_STYLE_COLOUR('',#7366);
#5725=VERTEX_POINT('',#7367);
#5726=LINE('',#7368,#7369);
#5727=LINE('',#7370,#7371);
#5728=FILL_AREA_STYLE_COLOUR('',#7372);
#5729=VERTEX_POINT('',#7373);
#5730=LINE('',#7374,#7375);
#5731=LINE('',#7376,#7377);
#5732=FILL_AREA_STYLE_COLOUR('',#7378);
#5733=LINE('',#7379,#7380);
#5734=FILL_AREA_STYLE_COLOUR('',#7381);
#5735=VERTEX_POINT('',#7382);
#5736=LINE('',#7383,#7384);
#5737=LINE('',#7385,#7386);
#5738=FILL_AREA_STYLE_COLOUR('',#7387);
#5739=LINE('',#7388,#7389);
#5740=FILL_AREA_STYLE_COLOUR('',#7390);
#5741=LINE('',#7391,#7392);
#5742=VERTEX_POINT('',#7393);
#5743=LINE('',#7394,#7395);
#5744=LINE('',#7396,#7397);
#5745=FILL_AREA_STYLE_COLOUR('',#7398);
#5746=LINE('',#7399,#7400);
#5747=FILL_AREA_STYLE_COLOUR('',#7401);
#5748=LINE('',#7402,#7403);
#5749=FILL_AREA_STYLE_COLOUR('',#7404);
#5750=FILL_AREA_STYLE_COLOUR('',#7405);
#5751=LINE('',#7406,#7407);
#5752=FILL_AREA_STYLE_COLOUR('',#7408);
#5753=LINE('',#7409,#7410);
#5754=FILL_AREA_STYLE_COLOUR('',#7411);
#5755=LINE('',#7412,#7413);
#5756=FILL_AREA_STYLE_COLOUR('',#7414);
#5757=LINE('',#7415,#7416);
#5758=FILL_AREA_STYLE_COLOUR('',#7417);
#5759=LINE('',#7418,#7419);
#5760=FILL_AREA_STYLE_COLOUR('',#7420);
#5761=FILL_AREA_STYLE_COLOUR('',#7421);
#5762=FILL_AREA_STYLE_COLOUR('',#7422);
#5763=FILL_AREA_STYLE_COLOUR('',#7423);
#5764=COLOUR_RGB('',0.168627455830574,0.168627455830574,0.168627455830574);
#5765=CARTESIAN_POINT('',(-0.75,-0.65,2.7));
#5766=CARTESIAN_POINT('',(-0.6,-0.5,2.7));
#5767=CARTESIAN_POINT('',(-0.675,-0.575,2.7));
#5768=VECTOR('',#7424,1.0);
#5769=CARTESIAN_POINT('',(-1.15,-0.65,2.7));
#5770=AXIS2_PLACEMENT_3D('',#7425,#7426,#7427);
#5771=CARTESIAN_POINT('',(-1.3,-0.5,2.7));
#5772=CARTESIAN_POINT('',(-1.225,-0.575,2.7));
#5773=VECTOR('',#7428,1.0);
#5774=AXIS2_PLACEMENT_3D('',#7429,#7430,#7431);
#5775=COLOUR_RGB('',0.168627455830574,0.168627455830574,0.168627455830574);
#5776=CARTESIAN_POINT('',(-0.6,0.3,2.7));
#5777=CARTESIAN_POINT('',(-0.6,-0.0250000000000001,2.7));
#5778=VECTOR('',#7432,1.0);
#5779=CARTESIAN_POINT('',(-1.3,0.3,2.7));
#5780=CARTESIAN_POINT('',(-1.3,-0.0250000000000001,2.7));
#5781=VECTOR('',#7433,1.0);
#5782=AXIS2_PLACEMENT_3D('',#7434,#7435,#7436);
#5783=COLOUR_RGB('',0.168627455830574,0.168627455830574,0.168627455830574);
#5784=CARTESIAN_POINT('',(4.9,-0.65,2.7));
#5785=CARTESIAN_POINT('',(5.05,-0.5,2.7));
#5786=CARTESIAN_POINT('',(4.975,-0.575,2.7));
#5787=VECTOR('',#7437,1.0);
#5788=CARTESIAN_POINT('',(4.5,-0.65,2.7));
#5789=AXIS2_PLACEMENT_3D('',#7438,#7439,#7440);
#5790=CARTESIAN_POINT('',(4.35,-0.5,2.7));
#5791=CARTESIAN_POINT('',(4.425,-0.575,2.7));
#5792=VECTOR('',#7441,1.0);
#5793=AXIS2_PLACEMENT_3D('',#7442,#7443,#7444);
#5794=COLOUR_RGB('',0.168627455830574,0.168627455830574,0.168627455830574);
#5795=CARTESIAN_POINT('',(5.05,0.3,2.7));
#5796=CARTESIAN_POINT('',(5.05,-0.0250000000000001,2.7));
#5797=VECTOR('',#7445,1.0);
#5798=CARTESIAN_POINT('',(4.35,0.3,2.7));
#5799=CARTESIAN_POINT('',(4.35,-0.0250000000000001,2.7));
#5800=VECTOR('',#7446,1.0);
#5801=AXIS2_PLACEMENT_3D('',#7447,#7448,#7449);
#5802=COLOUR_RGB('',0.607843160629272,0.607843160629272,0.607843160629272);
#5803=CARTESIAN_POINT('',(3.575,0.3,0.125));
#5804=CARTESIAN_POINT('',(3.575,0.3,0.175));
#5805=CARTESIAN_POINT('',(3.575,0.3,0.501703835860839));
#5806=VECTOR('',#7450,1.0);
#5807=CARTESIAN_POINT('',(3.575,1.51499906500381,0.125));
#5808=CARTESIAN_POINT('',(3.575,0.956295550031176,0.125));
#5809=VECTOR('',#7451,1.0);
#5810=CARTESIAN_POINT('',(3.575,1.02510111644717,-0.175));
#5811=AXIS2_PLACEMENT_3D('',#7452,#7453,#7454);
#5812=CARTESIAN_POINT('',(3.575,-1.69986498452963,-0.175));
#5813=CARTESIAN_POINT('',(3.575,-0.174998662789853,-0.175));
#5814=VECTOR('',#7455,1.0);
#5815=CARTESIAN_POINT('',(3.575,-1.69986498452963,0.175));
#5816=CARTESIAN_POINT('',(3.575,-1.69986498452963,-0.8));
#5817=VECTOR('',#7456,1.0);
#5818=CARTESIAN_POINT('',(3.575,-0.0469117782153432,0.175));
#5819=VECTOR('',#7457,1.0);
#5820=COLOUR_RGB('',0.607843160629272,0.607843160629272,0.607843160629272);
#5821=CARTESIAN_POINT('',(3.925,1.51499906500381,0.125));
#5822=CARTESIAN_POINT('',(3.75,1.51499906500381,0.125));
#5823=VECTOR('',#7458,1.0);
#5824=CARTESIAN_POINT('',(3.925,1.02510111644717,-0.175));
#5825=AXIS2_PLACEMENT_3D('',#7459,#7460,#7461);
#5826=CARTESIAN_POINT('',(3.54,1.02510111644717,-0.175));
#5827=VECTOR('',#7462,1.0);
#5828=COLOUR_RGB('',0.607843160629272,0.607843160629272,0.607843160629272);
#5829=CARTESIAN_POINT('',(3.83191489351052,-2.25816060994682,0.0819501712424315));
#5830=CARTESIAN_POINT('',(3.92496472226809,-1.70027796773123,0.175));
#5831=CARTESIAN_POINT('',(3.84179608713728,-2.19891765934342,0.0918313648691897));
#5832=VECTOR('',#7463,1.0);
#5833=CARTESIAN_POINT('',(3.57506880485057,-1.70027796773123,0.175));
#5834=CARTESIAN_POINT('',(3.54,-1.70027796773123,0.175));
#5835=VECTOR('',#7464,1.0);
#5836=CARTESIAN_POINT('',(3.66801455102568,-2.25816060994682,0.0819501712424315));
#5837=CARTESIAN_POINT('',(3.65261036710468,-2.16570100656881,0.0973716050894308));
#5838=VECTOR('',#7465,1.0);
#5839=CARTESIAN_POINT('',(3.54,-2.25816060994682,0.0819501712424315));
#5840=VECTOR('',#7466,1.0);
#5841=COLOUR_RGB('',0.607843160629272,0.607843160629272,0.607843160629272);
#5842=CARTESIAN_POINT('',(3.925,0.3,0.175));
#5843=CARTESIAN_POINT('',(2.7075,0.3,0.175));
#5844=VECTOR('',#7467,1.0);
#5845=CARTESIAN_POINT('',(3.48707770341505,-1.17213429058196,0.175));
#5846=VECTOR('',#7468,1.0);
#5847=CARTESIAN_POINT('',(3.925,-1.70006645918196,0.175));
#5848=CARTESIAN_POINT('',(4.00735413523289,-1.20631012266244,0.175));
#5849=VECTOR('',#7469,1.0);
#5850=CARTESIAN_POINT('',(3.925,-0.0469621468784263,0.175));
#5851=VECTOR('',#7470,1.0);
#5852=COLOUR_RGB('',0.607843160629272,0.607843160629272,0.607843160629272);
#5853=CARTESIAN_POINT('',(3.82493645793076,-2.3,0.0326319020229183));
#5854=AXIS2_PLACEMENT_3D('',#7471,#7472,#7473);
#5855=CARTESIAN_POINT('',(3.67498518074909,-2.3,0.0326319020229182));
#5856=AXIS2_PLACEMENT_3D('',#7474,#7475,#7476);
#5857=CARTESIAN_POINT('',(3.54,-2.3,0.0326319020229182));
#5858=VECTOR('',#7477,1.0);
#5859=COLOUR_RGB('',0.607843160629272,0.607843160629272,0.607843160629272);
#5860=CARTESIAN_POINT('',(3.82493645793076,-2.3,-0.0326319020229182));
#5861=CARTESIAN_POINT('',(3.82493645793076,-2.3,-0.4));
#5862=VECTOR('',#7478,1.0);
#5863=CARTESIAN_POINT('',(3.67498518074909,-2.3,-0.0326319020229183));
#5864=CARTESIAN_POINT('',(3.67498518074909,-2.3,-0.4));
#5865=VECTOR('',#7479,1.0);
#5866=CARTESIAN_POINT('',(3.54,-2.3,-0.0326319020229183));
#5867=VECTOR('',#7480,1.0);
#5868=COLOUR_RGB('',0.607843160629272,0.607843160629272,0.607843160629272);
#5869=CARTESIAN_POINT('',(3.83191489351052,-2.25816060994682,-0.081950171242409));
#5870=AXIS2_PLACEMENT_3D('',#7481,#7482,#7483);
#5871=CARTESIAN_POINT('',(3.66801455102568,-2.25816060994682,-0.081950171242409));
#5872=AXIS2_PLACEMENT_3D('',#7484,#7485,#7486);
#5873=CARTESIAN_POINT('',(3.54,-2.25816060994682,-0.081950171242409));
#5874=VECTOR('',#7487,1.0);
#5875=COLOUR_RGB('',0.607843160629272,0.607843160629272,0.607843160629272);
#5876=CARTESIAN_POINT('',(3.925,-1.70006645918196,-0.175));
#5877=CARTESIAN_POINT('',(3.92496472226808,-1.70027796773129,-0.175));
#5878=CARTESIAN_POINT('',(3.9865686272305,-1.33093017064103,-0.175));
#5879=VECTOR('',#7488,1.0);
#5880=CARTESIAN_POINT('',(3.57506880485058,-1.70027796773129,-0.175));
#5881=CARTESIAN_POINT('',(3.54,-1.70027796773129,-0.175));
#5882=VECTOR('',#7489,1.0);
#5883=CARTESIAN_POINT('',(3.50784121795652,-1.2967618806629,-0.175));
#5884=VECTOR('',#7490,1.0);
#5885=CARTESIAN_POINT('',(3.925,-0.175049031452937,-0.175));
#5886=VECTOR('',#7491,1.0);
#5887=COLOUR_RGB('',0.607843160629272,0.607843160629272,0.607843160629272);
#5888=CARTESIAN_POINT('',(3.86287849554094,-2.07251753737065,-0.112913773272838));
#5889=VECTOR('',#7492,1.0);
#5890=CARTESIAN_POINT('',(3.63155029990555,-2.03929343637025,-0.118455255790441));
#5891=VECTOR('',#7493,1.0);
#5892=COLOUR_RGB('',0.607843160629272,0.607843160629272,0.607843160629272);
#5893=CARTESIAN_POINT('',(3.925,0.3,0.125));
#5894=CARTESIAN_POINT('',(3.925,0.3,0.501703835860839));
#5895=VECTOR('',#7494,1.0);
#5896=CARTESIAN_POINT('',(3.925,-1.70006645918196,-0.8));
#5897=VECTOR('',#7495,1.0);
#5898=CARTESIAN_POINT('',(3.925,0.956245181368092,0.125));
#5899=VECTOR('',#7496,1.0);
#5900=COLOUR_RGB('',0.607843160629272,0.607843160629272,0.607843160629272);
#5901=COLOUR_RGB('',0.607843160629272,0.607843160629272,0.607843160629272);
#5902=COLOUR_RGB('',0.168627455830574,0.168627455830574,0.168627455830574);
#5903=AXIS2_PLACEMENT_3D('',#7497,#7498,#7499);
#5904=AXIS2_PLACEMENT_3D('',#7500,#7501,#7502);
#5905=CARTESIAN_POINT('',(4.575,0.3,0.125));
#5906=CARTESIAN_POINT('',(1.875,0.3,0.125));
#5907=VECTOR('',#7503,1.0);
#5908=CARTESIAN_POINT('',(4.575,0.3,0.765));
#5909=CARTESIAN_POINT('',(4.575,0.3,0.765));
#5910=VECTOR('',#7504,1.0);
#5911=CARTESIAN_POINT('',(5.325,0.3,0.765));
#5912=CARTESIAN_POINT('',(5.425,0.3,0.765));
#5913=VECTOR('',#7505,1.0);
#5914=CARTESIAN_POINT('',(5.325,0.3,3.775));
#5915=CARTESIAN_POINT('',(5.325,0.3,0.814203835860839));
#5916=VECTOR('',#7506,1.0);
#5917=CARTESIAN_POINT('',(-1.575,0.3,3.775));
#5918=CARTESIAN_POINT('',(-1.675,0.3,3.775));
#5919=VECTOR('',#7507,1.0);
#5920=CARTESIAN_POINT('',(-1.575,0.3,0.765));
#5921=CARTESIAN_POINT('',(-1.575,0.3,0.814203835860839));
#5922=VECTOR('',#7508,1.0);
#5923=CARTESIAN_POINT('',(-0.825000000000001,0.3,0.765));
#5924=CARTESIAN_POINT('',(-0.825000000000001,0.3,0.765));
#5925=VECTOR('',#7509,1.0);
#5926=CARTESIAN_POINT('',(-0.825000000000001,0.3,0.125));
#5927=CARTESIAN_POINT('',(-0.825000000000001,0.3,-0.335));
#5928=VECTOR('',#7510,1.0);
#5929=CARTESIAN_POINT('',(-0.175,0.3,0.125));
#5930=CARTESIAN_POINT('',(1.875,0.3,0.125));
#5931=VECTOR('',#7511,1.0);
#5932=CARTESIAN_POINT('',(-0.175,0.3,0.175));
#5933=CARTESIAN_POINT('',(-0.175,0.3,0.501703835860839));
#5934=VECTOR('',#7512,1.0);
#5935=CARTESIAN_POINT('',(0.175,0.3,0.175));
#5936=CARTESIAN_POINT('',(0.8325,0.3,0.175));
#5937=VECTOR('',#7513,1.0);
#5938=CARTESIAN_POINT('',(0.175,0.3,0.125));
#5939=CARTESIAN_POINT('',(0.175,0.3,0.501703835860839));
#5940=VECTOR('',#7514,1.0);
#5941=CARTESIAN_POINT('',(1.075,0.3,0.125));
#5942=CARTESIAN_POINT('',(1.875,0.3,0.125));
#5943=VECTOR('',#7515,1.0);
#5944=CARTESIAN_POINT('',(1.075,0.3,0.175));
#5945=CARTESIAN_POINT('',(1.075,0.3,0.501703835860839));
#5946=VECTOR('',#7516,1.0);
#5947=CARTESIAN_POINT('',(1.425,0.3,0.175));
#5948=CARTESIAN_POINT('',(1.4575,0.3,0.175));
#5949=VECTOR('',#7517,1.0);
#5950=CARTESIAN_POINT('',(1.425,0.3,0.125));
#5951=CARTESIAN_POINT('',(1.425,0.3,0.501703835860839));
#5952=VECTOR('',#7518,1.0);
#5953=CARTESIAN_POINT('',(2.325,0.3,0.125));
#5954=CARTESIAN_POINT('',(1.875,0.3,0.125));
#5955=VECTOR('',#7519,1.0);
#5956=CARTESIAN_POINT('',(2.325,0.3,0.175));
#5957=CARTESIAN_POINT('',(2.325,0.3,0.501703835860839));
#5958=VECTOR('',#7520,1.0);
#5959=CARTESIAN_POINT('',(2.675,0.3,0.175));
#5960=CARTESIAN_POINT('',(2.0825,0.3,0.175));
#5961=VECTOR('',#7521,1.0);
#5962=CARTESIAN_POINT('',(2.675,0.3,0.125));
#5963=CARTESIAN_POINT('',(2.675,0.3,0.501703835860839));
#5964=VECTOR('',#7522,1.0);
#5965=CARTESIAN_POINT('',(1.875,0.3,0.125));
#5966=VECTOR('',#7523,1.0);
#5967=COLOUR_RGB('',0.607843160629272,0.607843160629272,0.607843160629272);
#5968=CARTESIAN_POINT('',(2.325,1.51499906500381,0.125));
#5969=CARTESIAN_POINT('',(2.325,0.956295550031176,0.125));
#5970=VECTOR('',#7524,1.0);
#5971=CARTESIAN_POINT('',(2.325,1.02510111644717,-0.175));
#5972=AXIS2_PLACEMENT_3D('',#7525,#7526,#7527);
#5973=CARTESIAN_POINT('',(2.325,-1.69986498452963,-0.175));
#5974=CARTESIAN_POINT('',(2.325,-0.174998662789853,-0.175));
#5975=VECTOR('',#7528,1.0);
#5976=CARTESIAN_POINT('',(2.325,-1.69986498452963,0.175));
#5977=CARTESIAN_POINT('',(2.325,-1.69986498452963,-0.8));
#5978=VECTOR('',#7529,1.0);
#5979=CARTESIAN_POINT('',(2.325,-0.0469117782153432,0.175));
#5980=VECTOR('',#7530,1.0);
#5981=COLOUR_RGB('',0.607843160629272,0.607843160629272,0.607843160629272);
#5982=CARTESIAN_POINT('',(2.675,1.51499906500381,0.125));
#5983=CARTESIAN_POINT('',(2.5,1.51499906500381,0.125));
#5984=VECTOR('',#7531,1.0);
#5985=CARTESIAN_POINT('',(2.675,1.02510111644717,-0.175));
#5986=AXIS2_PLACEMENT_3D('',#7532,#7533,#7534);
#5987=CARTESIAN_POINT('',(2.29,1.02510111644717,-0.175));
#5988=VECTOR('',#7535,1.0);
#5989=COLOUR_RGB('',0.607843160629272,0.607843160629272,0.607843160629272);
#5990=CARTESIAN_POINT('',(2.58191489351052,-2.25816060994682,0.0819501712424315));
#5991=CARTESIAN_POINT('',(2.67496472226809,-1.70027796773123,0.175));
#5992=CARTESIAN_POINT('',(2.59179608713728,-2.19891765934342,0.0918313648691897));
#5993=VECTOR('',#7536,1.0);
#5994=CARTESIAN_POINT('',(2.32506880485057,-1.70027796773123,0.175));
#5995=CARTESIAN_POINT('',(2.29,-1.70027796773123,0.175));
#5996=VECTOR('',#7537,1.0);
#5997=CARTESIAN_POINT('',(2.41801455102568,-2.25816060994682,0.0819501712424315));
#5998=CARTESIAN_POINT('',(2.40261036710468,-2.16570100656881,0.0973716050894308));
#5999=VECTOR('',#7538,1.0);
#6000=CARTESIAN_POINT('',(2.29,-2.25816060994682,0.0819501712424315));
#6001=VECTOR('',#7539,1.0);
#6002=COLOUR_RGB('',0.607843160629272,0.607843160629272,0.607843160629272);
#6003=CARTESIAN_POINT('',(2.23707770341505,-1.17213429058196,0.175));
#6004=VECTOR('',#7540,1.0);
#6005=CARTESIAN_POINT('',(2.675,-1.70006645918196,0.175));
#6006=CARTESIAN_POINT('',(2.75735413523289,-1.20631012266244,0.175));
#6007=VECTOR('',#7541,1.0);
#6008=CARTESIAN_POINT('',(2.675,-0.0469621468784263,0.175));
#6009=VECTOR('',#7542,1.0);
#6010=COLOUR_RGB('',0.607843160629272,0.607843160629272,0.607843160629272);
#6011=CARTESIAN_POINT('',(2.57493645793076,-2.3,0.0326319020229183));
#6012=AXIS2_PLACEMENT_3D('',#7543,#7544,#7545);
#6013=CARTESIAN_POINT('',(2.42498518074909,-2.3,0.0326319020229182));
#6014=AXIS2_PLACEMENT_3D('',#7546,#7547,#7548);
#6015=CARTESIAN_POINT('',(2.29,-2.3,0.0326319020229182));
#6016=VECTOR('',#7549,1.0);
#6017=COLOUR_RGB('',0.607843160629272,0.607843160629272,0.607843160629272);
#6018=CARTESIAN_POINT('',(2.57493645793076,-2.3,-0.0326319020229182));
#6019=CARTESIAN_POINT('',(2.57493645793076,-2.3,-0.4));
#6020=VECTOR('',#7550,1.0);
#6021=CARTESIAN_POINT('',(2.42498518074909,-2.3,-0.0326319020229183));
#6022=CARTESIAN_POINT('',(2.42498518074909,-2.3,-0.4));
#6023=VECTOR('',#7551,1.0);
#6024=CARTESIAN_POINT('',(2.29,-2.3,-0.0326319020229183));
#6025=VECTOR('',#7552,1.0);
#6026=COLOUR_RGB('',0.607843160629272,0.607843160629272,0.607843160629272);
#6027=CARTESIAN_POINT('',(2.58191489351052,-2.25816060994682,-0.081950171242409));
#6028=AXIS2_PLACEMENT_3D('',#7553,#7554,#7555);
#6029=CARTESIAN_POINT('',(2.41801455102568,-2.25816060994682,-0.081950171242409));
#6030=AXIS2_PLACEMENT_3D('',#7556,#7557,#7558);
#6031=CARTESIAN_POINT('',(2.29,-2.25816060994682,-0.081950171242409));
#6032=VECTOR('',#7559,1.0);
#6033=COLOUR_RGB('',0.607843160629272,0.607843160629272,0.607843160629272);
#6034=CARTESIAN_POINT('',(2.675,-1.70006645918196,-0.175));
#6035=CARTESIAN_POINT('',(2.67496472226808,-1.70027796773129,-0.175));
#6036=CARTESIAN_POINT('',(2.7365686272305,-1.33093017064103,-0.175));
#6037=VECTOR('',#7560,1.0);
#6038=CARTESIAN_POINT('',(2.32506880485058,-1.70027796773129,-0.175));
#6039=CARTESIAN_POINT('',(2.29,-1.70027796773129,-0.175));
#6040=VECTOR('',#7561,1.0);
#6041=CARTESIAN_POINT('',(2.25784121795652,-1.2967618806629,-0.175));
#6042=VECTOR('',#7562,1.0);
#6043=CARTESIAN_POINT('',(2.675,-0.175049031452937,-0.175));
#6044=VECTOR('',#7563,1.0);
#6045=COLOUR_RGB('',0.607843160629272,0.607843160629272,0.607843160629272);
#6046=CARTESIAN_POINT('',(2.61287849554094,-2.07251753737065,-0.112913773272838));
#6047=VECTOR('',#7564,1.0);
#6048=CARTESIAN_POINT('',(2.38155029990555,-2.03929343637025,-0.118455255790441));
#6049=VECTOR('',#7565,1.0);
#6050=COLOUR_RGB('',0.607843160629272,0.607843160629272,0.607843160629272);
#6051=CARTESIAN_POINT('',(2.675,-1.70006645918196,-0.8));
#6052=VECTOR('',#7566,1.0);
#6053=CARTESIAN_POINT('',(2.675,0.956245181368092,0.125));
#6054=VECTOR('',#7567,1.0);
#6055=COLOUR_RGB('',0.607843160629272,0.607843160629272,0.607843160629272);
#6056=COLOUR_RGB('',0.607843160629272,0.607843160629272,0.607843160629272);
#6057=COLOUR_RGB('',0.607843160629272,0.607843160629272,0.607843160629272);
#6058=CARTESIAN_POINT('',(1.075,1.51499906500381,0.125));
#6059=CARTESIAN_POINT('',(1.075,0.956295550031176,0.125));
#6060=VECTOR('',#7568,1.0);
#6061=CARTESIAN_POINT('',(1.075,1.02510111644717,-0.175));
#6062=AXIS2_PLACEMENT_3D('',#7569,#7570,#7571);
#6063=CARTESIAN_POINT('',(1.075,-1.69986498452963,-0.175));
#6064=CARTESIAN_POINT('',(1.075,-0.174998662789853,-0.175));
#6065=VECTOR('',#7572,1.0);
#6066=CARTESIAN_POINT('',(1.075,-1.69986498452963,0.175));
#6067=CARTESIAN_POINT('',(1.075,-1.69986498452963,-0.8));
#6068=VECTOR('',#7573,1.0);
#6069=CARTESIAN_POINT('',(1.075,-0.0469117782153432,0.175));
#6070=VECTOR('',#7574,1.0);
#6071=COLOUR_RGB('',0.607843160629272,0.607843160629272,0.607843160629272);
#6072=CARTESIAN_POINT('',(1.425,1.51499906500381,0.125));
#6073=CARTESIAN_POINT('',(1.25,1.51499906500381,0.125));
#6074=VECTOR('',#7575,1.0);
#6075=CARTESIAN_POINT('',(1.425,1.02510111644717,-0.175));
#6076=AXIS2_PLACEMENT_3D('',#7576,#7577,#7578);
#6077=CARTESIAN_POINT('',(1.04,1.02510111644717,-0.175));
#6078=VECTOR('',#7579,1.0);
#6079=COLOUR_RGB('',0.607843160629272,0.607843160629272,0.607843160629272);
#6080=CARTESIAN_POINT('',(1.33191489351052,-2.25816060994682,0.0819501712424315));
#6081=CARTESIAN_POINT('',(1.42496472226809,-1.70027796773123,0.175));
#6082=CARTESIAN_POINT('',(1.34179608713728,-2.19891765934342,0.0918313648691897));
#6083=VECTOR('',#7580,1.0);
#6084=CARTESIAN_POINT('',(1.07506880485057,-1.70027796773123,0.175));
#6085=CARTESIAN_POINT('',(1.04,-1.70027796773123,0.175));
#6086=VECTOR('',#7581,1.0);
#6087=CARTESIAN_POINT('',(1.16801455102568,-2.25816060994682,0.0819501712424315));
#6088=CARTESIAN_POINT('',(1.15261036710468,-2.16570100656881,0.0973716050894308));
#6089=VECTOR('',#7582,1.0);
#6090=CARTESIAN_POINT('',(1.04,-2.25816060994682,0.0819501712424315));
#6091=VECTOR('',#7583,1.0);
#6092=COLOUR_RGB('',0.607843160629272,0.607843160629272,0.607843160629272);
#6093=CARTESIAN_POINT('',(0.987077703415046,-1.17213429058196,0.175));
#6094=VECTOR('',#7584,1.0);
#6095=CARTESIAN_POINT('',(1.425,-1.70006645918196,0.175));
#6096=CARTESIAN_POINT('',(1.50735413523289,-1.20631012266244,0.175));
#6097=VECTOR('',#7585,1.0);
#6098=CARTESIAN_POINT('',(1.425,-0.0469621468784263,0.175));
#6099=VECTOR('',#7586,1.0);
#6100=COLOUR_RGB('',0.607843160629272,0.607843160629272,0.607843160629272);
#6101=CARTESIAN_POINT('',(1.32493645793076,-2.3,0.0326319020229183));
#6102=AXIS2_PLACEMENT_3D('',#7587,#7588,#7589);
#6103=CARTESIAN_POINT('',(1.17498518074909,-2.3,0.0326319020229182));
#6104=AXIS2_PLACEMENT_3D('',#7590,#7591,#7592);
#6105=CARTESIAN_POINT('',(1.04,-2.3,0.0326319020229182));
#6106=VECTOR('',#7593,1.0);
#6107=COLOUR_RGB('',0.607843160629272,0.607843160629272,0.607843160629272);
#6108=CARTESIAN_POINT('',(1.32493645793076,-2.3,-0.0326319020229182));
#6109=CARTESIAN_POINT('',(1.32493645793076,-2.3,-0.4));
#6110=VECTOR('',#7594,1.0);
#6111=CARTESIAN_POINT('',(1.17498518074909,-2.3,-0.0326319020229183));
#6112=CARTESIAN_POINT('',(1.17498518074909,-2.3,-0.4));
#6113=VECTOR('',#7595,1.0);
#6114=CARTESIAN_POINT('',(1.04,-2.3,-0.0326319020229183));
#6115=VECTOR('',#7596,1.0);
#6116=COLOUR_RGB('',0.607843160629272,0.607843160629272,0.607843160629272);
#6117=CARTESIAN_POINT('',(1.33191489351052,-2.25816060994682,-0.081950171242409));
#6118=AXIS2_PLACEMENT_3D('',#7597,#7598,#7599);
#6119=CARTESIAN_POINT('',(1.16801455102568,-2.25816060994682,-0.081950171242409));
#6120=AXIS2_PLACEMENT_3D('',#7600,#7601,#7602);
#6121=CARTESIAN_POINT('',(1.04,-2.25816060994682,-0.081950171242409));
#6122=VECTOR('',#7603,1.0);
#6123=COLOUR_RGB('',0.607843160629272,0.607843160629272,0.607843160629272);
#6124=CARTESIAN_POINT('',(1.425,-1.70006645918196,-0.175));
#6125=CARTESIAN_POINT('',(1.42496472226808,-1.70027796773129,-0.175));
#6126=CARTESIAN_POINT('',(1.4865686272305,-1.33093017064103,-0.175));
#6127=VECTOR('',#7604,1.0);
#6128=CARTESIAN_POINT('',(1.07506880485058,-1.70027796773129,-0.175));
#6129=CARTESIAN_POINT('',(1.04,-1.70027796773129,-0.175));
#6130=VECTOR('',#7605,1.0);
#6131=CARTESIAN_POINT('',(1.00784121795652,-1.2967618806629,-0.175));
#6132=VECTOR('',#7606,1.0);
#6133=CARTESIAN_POINT('',(1.425,-0.175049031452937,-0.175));
#6134=VECTOR('',#7607,1.0);
#6135=COLOUR_RGB('',0.607843160629272,0.607843160629272,0.607843160629272);
#6136=CARTESIAN_POINT('',(1.36287849554094,-2.07251753737065,-0.112913773272838));
#6137=VECTOR('',#7608,1.0);
#6138=CARTESIAN_POINT('',(1.13155029990555,-2.03929343637025,-0.118455255790441));
#6139=VECTOR('',#7609,1.0);
#6140=COLOUR_RGB('',0.607843160629272,0.607843160629272,0.607843160629272);
#6141=CARTESIAN_POINT('',(1.425,-1.70006645918196,-0.8));
#6142=VECTOR('',#7610,1.0);
#6143=CARTESIAN_POINT('',(1.425,0.956245181368092,0.125));
#6144=VECTOR('',#7611,1.0);
#6145=COLOUR_RGB('',0.607843160629272,0.607843160629272,0.607843160629272);
#6146=COLOUR_RGB('',0.607843160629272,0.607843160629272,0.607843160629272);
#6147=COLOUR_RGB('',0.607843160629272,0.607843160629272,0.607843160629272);
#6148=CARTESIAN_POINT('',(-0.175,1.51499906500381,0.125));
#6149=CARTESIAN_POINT('',(-0.175,0.956295550031176,0.125));
#6150=VECTOR('',#7612,1.0);
#6151=CARTESIAN_POINT('',(-0.175,1.02510111644717,-0.175));
#6152=AXIS2_PLACEMENT_3D('',#7613,#7614,#7615);
#6153=CARTESIAN_POINT('',(-0.175,-1.69986498452963,-0.175));
#6154=CARTESIAN_POINT('',(-0.175,-0.174998662789853,-0.175));
#6155=VECTOR('',#7616,1.0);
#6156=CARTESIAN_POINT('',(-0.175,-1.69986498452963,0.175));
#6157=CARTESIAN_POINT('',(-0.175,-1.69986498452963,-0.8));
#6158=VECTOR('',#7617,1.0);
#6159=CARTESIAN_POINT('',(-0.175,-0.0469117782153432,0.175));
#6160=VECTOR('',#7618,1.0);
#6161=COLOUR_RGB('',0.607843160629272,0.607843160629272,0.607843160629272);
#6162=CARTESIAN_POINT('',(0.175,1.51499906500381,0.125));
#6163=CARTESIAN_POINT('',(0.0,1.51499906500381,0.125));
#6164=VECTOR('',#7619,1.0);
#6165=CARTESIAN_POINT('',(0.175,1.02510111644717,-0.175));
#6166=AXIS2_PLACEMENT_3D('',#7620,#7621,#7622);
#6167=CARTESIAN_POINT('',(-0.21,1.02510111644717,-0.175));
#6168=VECTOR('',#7623,1.0);
#6169=COLOUR_RGB('',0.607843160629272,0.607843160629272,0.607843160629272);
#6170=CARTESIAN_POINT('',(0.0819148935105203,-2.25816060994682,0.0819501712424315));
#6171=CARTESIAN_POINT('',(0.174964722268088,-1.70027796773123,0.175));
#6172=CARTESIAN_POINT('',(0.0917960871372783,-2.19891765934342,0.0918313648691897));
#6173=VECTOR('',#7624,1.0);
#6174=CARTESIAN_POINT('',(-0.174931195149435,-1.70027796773123,0.175));
#6175=CARTESIAN_POINT('',(-0.21,-1.70027796773123,0.175));
#6176=VECTOR('',#7625,1.0);
#6177=CARTESIAN_POINT('',(-0.0819854489743201,-2.25816060994682,0.0819501712424315));
#6178=CARTESIAN_POINT('',(-0.0973896328953243,-2.16570100656881,0.0973716050894308));
#6179=VECTOR('',#7626,1.0);
#6180=CARTESIAN_POINT('',(-0.21,-2.25816060994682,0.0819501712424315));
#6181=VECTOR('',#7627,1.0);
#6182=COLOUR_RGB('',0.607843160629272,0.607843160629272,0.607843160629272);
#6183=CARTESIAN_POINT('',(-0.262922296584954,-1.17213429058196,0.175));
#6184=VECTOR('',#7628,1.0);
#6185=CARTESIAN_POINT('',(0.175,-1.70006645918196,0.175));
#6186=CARTESIAN_POINT('',(0.257354135232891,-1.20631012266244,0.175));
#6187=VECTOR('',#7629,1.0);
#6188=CARTESIAN_POINT('',(0.175,-0.0469621468784263,0.175));
#6189=VECTOR('',#7630,1.0);
#6190=COLOUR_RGB('',0.607843160629272,0.607843160629272,0.607843160629272);
#6191=CARTESIAN_POINT('',(0.0749364579307579,-2.3,0.0326319020229183));
#6192=AXIS2_PLACEMENT_3D('',#7631,#7632,#7633);
#6193=CARTESIAN_POINT('',(-0.0750148192509072,-2.3,0.0326319020229182));
#6194=AXIS2_PLACEMENT_3D('',#7634,#7635,#7636);
#6195=CARTESIAN_POINT('',(-0.21,-2.3,0.0326319020229182));
#6196=VECTOR('',#7637,1.0);
#6197=COLOUR_RGB('',0.607843160629272,0.607843160629272,0.607843160629272);
#6198=CARTESIAN_POINT('',(0.0749364579307579,-2.3,-0.0326319020229182));
#6199=CARTESIAN_POINT('',(0.0749364579307576,-2.3,-0.4));
#6200=VECTOR('',#7638,1.0);
#6201=CARTESIAN_POINT('',(-0.0750148192509072,-2.3,-0.0326319020229183));
#6202=CARTESIAN_POINT('',(-0.0750148192509072,-2.3,-0.4));
#6203=VECTOR('',#7639,1.0);
#6204=CARTESIAN_POINT('',(-0.21,-2.3,-0.0326319020229183));
#6205=VECTOR('',#7640,1.0);
#6206=COLOUR_RGB('',0.607843160629272,0.607843160629272,0.607843160629272);
#6207=CARTESIAN_POINT('',(0.0819148935105203,-2.25816060994682,-0.081950171242409));
#6208=AXIS2_PLACEMENT_3D('',#7641,#7642,#7643);
#6209=CARTESIAN_POINT('',(-0.0819854489743201,-2.25816060994682,-0.081950171242409));
#6210=AXIS2_PLACEMENT_3D('',#7644,#7645,#7646);
#6211=CARTESIAN_POINT('',(-0.21,-2.25816060994682,-0.081950171242409));
#6212=VECTOR('',#7647,1.0);
#6213=COLOUR_RGB('',0.607843160629272,0.607843160629272,0.607843160629272);
#6214=CARTESIAN_POINT('',(0.175,-1.70006645918196,-0.175));
#6215=CARTESIAN_POINT('',(0.174964722268078,-1.70027796773129,-0.175));
#6216=CARTESIAN_POINT('',(0.236568627230499,-1.33093017064103,-0.175));
#6217=VECTOR('',#7648,1.0);
#6218=CARTESIAN_POINT('',(-0.174931195149424,-1.70027796773129,-0.175));
#6219=CARTESIAN_POINT('',(-0.21,-1.70027796773129,-0.175));
#6220=VECTOR('',#7649,1.0);
#6221=CARTESIAN_POINT('',(-0.24215878204348,-1.2967618806629,-0.175));
#6222=VECTOR('',#7650,1.0);
#6223=CARTESIAN_POINT('',(0.175,-0.175049031452937,-0.175));
#6224=VECTOR('',#7651,1.0);
#6225=COLOUR_RGB('',0.607843160629272,0.607843160629272,0.607843160629272);
#6226=CARTESIAN_POINT('',(0.112878495540938,-2.07251753737065,-0.112913773272838));
#6227=VECTOR('',#7652,1.0);
#6228=CARTESIAN_POINT('',(-0.118449700094453,-2.03929343637025,-0.118455255790441));
#6229=VECTOR('',#7653,1.0);
#6230=COLOUR_RGB('',0.607843160629272,0.607843160629272,0.607843160629272);
#6231=CARTESIAN_POINT('',(0.175,-1.70006645918196,-0.8));
#6232=VECTOR('',#7654,1.0);
#6233=CARTESIAN_POINT('',(0.175,0.956245181368092,0.125));
#6234=VECTOR('',#7655,1.0);
#6235=COLOUR_RGB('',0.607843160629272,0.607843160629272,0.607843160629272);
#6236=COLOUR_RGB('',0.607843160629272,0.607843160629272,0.607843160629272);
#6237=COLOUR_RGB('',0.607843160629272,0.607843160629272,0.607843160629272);
#6238=CARTESIAN_POINT('',(3.55,1.15000000000003,1.825));
#6239=CARTESIAN_POINT('',(3.55,1.65000000000003,1.825));
#6240=CARTESIAN_POINT('',(3.55,1.62925335439151,1.825));
#6241=VECTOR('',#7656,1.0);
#6242=CARTESIAN_POINT('',(3.55,1.15000000000003,2.34319660112541));
#6243=CARTESIAN_POINT('',(3.55,1.15000000000003,2.34319660112541));
#6244=VECTOR('',#7657,1.0);
#6245=CARTESIAN_POINT('',(3.55,1.09472135955003,2.4326393202254));
#6246=AXIS2_PLACEMENT_3D('',#7658,#7659,#7660);
#6247=CARTESIAN_POINT('',(3.55,0.910000000000025,2.52500000000033));
#6248=CARTESIAN_POINT('',(3.55,0.910000000000025,2.52500000000033));
#6249=VECTOR('',#7661,1.0);
#6250=CARTESIAN_POINT('',(3.55,0.910000000000025,2.92500000000044));
#6251=CARTESIAN_POINT('',(3.55,0.910000000000025,2.92500000000044));
#6252=VECTOR('',#7662,1.0);
#6253=CARTESIAN_POINT('',(3.55,1.09472135955002,3.01736067977546));
#6254=CARTESIAN_POINT('',(3.55,1.09472135955002,3.01736067977546));
#6255=VECTOR('',#7663,1.0);
#6256=CARTESIAN_POINT('',(3.55,1.15000000000004,3.10680339887542));
#6257=AXIS2_PLACEMENT_3D('',#7664,#7665,#7666);
#6258=CARTESIAN_POINT('',(3.55,1.15000000000003,3.7750000000004));
#6259=CARTESIAN_POINT('',(3.55,1.15000000000003,3.7750000000004));
#6260=VECTOR('',#7667,1.0);
#6261=CARTESIAN_POINT('',(3.55,1.45000000000003,3.7750000000004));
#6262=CARTESIAN_POINT('',(3.55,1.45000000000003,3.7750000000004));
#6263=VECTOR('',#7668,1.0);
#6264=CARTESIAN_POINT('',(3.55,1.65000000000003,3.5750000000004));
#6265=AXIS2_PLACEMENT_3D('',#7669,#7670,#7671);
#6266=CARTESIAN_POINT('',(3.55,1.65000000000003,1.62500000000013));
#6267=VECTOR('',#7672,1.0);
#6268=COLOUR_RGB('',0.607843160629272,0.607843160629272,0.607843160629272);
#6269=CARTESIAN_POINT('',(3.95,1.15000000000003,1.825));
#6270=CARTESIAN_POINT('',(2.7125,1.15000000000003,1.825));
#6271=VECTOR('',#7673,1.0);
#6272=CARTESIAN_POINT('',(3.95,1.15000000000003,2.34319660112541));
#6273=CARTESIAN_POINT('',(3.95,1.15000000000003,2.34319660112541));
#6274=VECTOR('',#7674,1.0);
#6275=CARTESIAN_POINT('',(3.55,1.15000000000003,2.34319660112541));
#6276=VECTOR('',#7675,1.0);
#6277=COLOUR_RGB('',0.607843160629272,0.607843160629272,0.607843160629272);
#6278=CARTESIAN_POINT('',(3.95,1.45000000000003,3.7750000000004));
#6279=CARTESIAN_POINT('',(3.95,1.65000000000003,3.5750000000004));
#6280=AXIS2_PLACEMENT_3D('',#7676,#7677,#7678);
#6281=CARTESIAN_POINT('',(3.55,1.65000000000003,3.5750000000004));
#6282=VECTOR('',#7679,1.0);
#6283=CARTESIAN_POINT('',(3.55,1.45000000000003,3.7750000000004));
#6284=VECTOR('',#7680,1.0);
#6285=COLOUR_RGB('',0.607843160629272,0.607843160629272,0.607843160629272);
#6286=CARTESIAN_POINT('',(3.95,1.65000000000003,1.825));
#6287=CARTESIAN_POINT('',(2.7125,1.65000000000003,1.825));
#6288=VECTOR('',#7681,1.0);
#6289=CARTESIAN_POINT('',(3.95,1.65000000000003,1.62500000000013));
#6290=VECTOR('',#7682,1.0);
#6291=COLOUR_RGB('',0.607843160629272,0.607843160629272,0.607843160629272);
#6292=CARTESIAN_POINT('',(3.95,1.09472135955003,2.4326393202254));
#6293=AXIS2_PLACEMENT_3D('',#7683,#7684,#7685);
#6294=CARTESIAN_POINT('',(3.55,1.09472135955003,2.4326393202254));
#6295=VECTOR('',#7686,1.0);
#6296=COLOUR_RGB('',0.607843160629272,0.607843160629272,0.607843160629272);
#6297=CARTESIAN_POINT('',(3.95,0.910000000000025,2.52500000000033));
#6298=CARTESIAN_POINT('',(3.95,0.910000000000025,2.52500000000033));
#6299=VECTOR('',#7687,1.0);
#6300=CARTESIAN_POINT('',(3.55,0.910000000000025,2.52500000000033));
#6301=VECTOR('',#7688,1.0);
#6302=COLOUR_RGB('',0.607843160629272,0.607843160629272,0.607843160629272);
#6303=CARTESIAN_POINT('',(3.95,0.910000000000025,2.92500000000044));
#6304=CARTESIAN_POINT('',(3.95,0.910000000000025,2.92500000000044));
#6305=VECTOR('',#7689,1.0);
#6306=CARTESIAN_POINT('',(3.55,0.910000000000025,2.92500000000044));
#6307=VECTOR('',#7690,1.0);
#6308=COLOUR_RGB('',0.607843160629272,0.607843160629272,0.607843160629272);
#6309=CARTESIAN_POINT('',(3.95,1.09472135955002,3.01736067977546));
#6310=CARTESIAN_POINT('',(3.95,1.09472135955002,3.01736067977546));
#6311=VECTOR('',#7691,1.0);
#6312=CARTESIAN_POINT('',(3.55,1.09472135955002,3.01736067977546));
#6313=VECTOR('',#7692,1.0);
#6314=COLOUR_RGB('',0.607843160629272,0.607843160629272,0.607843160629272);
#6315=CARTESIAN_POINT('',(3.95,1.15000000000004,3.10680339887542));
#6316=AXIS2_PLACEMENT_3D('',#7693,#7694,#7695);
#6317=CARTESIAN_POINT('',(3.55,1.15000000000004,3.10680339887542));
#6318=VECTOR('',#7696,1.0);
#6319=COLOUR_RGB('',0.607843160629272,0.607843160629272,0.607843160629272);
#6320=CARTESIAN_POINT('',(3.95,1.15000000000003,3.7750000000004));
#6321=CARTESIAN_POINT('',(3.95,1.15000000000003,3.7750000000004));
#6322=VECTOR('',#7697,1.0);
#6323=CARTESIAN_POINT('',(3.55,1.15000000000003,3.7750000000004));
#6324=VECTOR('',#7698,1.0);
#6325=COLOUR_RGB('',0.607843160629272,0.607843160629272,0.607843160629272);
#6326=CARTESIAN_POINT('',(3.95,1.45000000000003,3.7750000000004));
#6327=VECTOR('',#7699,1.0);
#6328=COLOUR_RGB('',0.607843160629272,0.607843160629272,0.607843160629272);
#6329=CARTESIAN_POINT('',(3.95,1.62925335439151,1.825));
#6330=VECTOR('',#7700,1.0);
#6331=COLOUR_RGB('',0.607843160629272,0.607843160629272,0.607843160629272);
#6332=CARTESIAN_POINT('',(2.3,1.15000000000003,1.825));
#6333=CARTESIAN_POINT('',(2.3,1.65000000000003,1.825));
#6334=CARTESIAN_POINT('',(2.3,1.62925335439151,1.825));
#6335=VECTOR('',#7701,1.0);
#6336=CARTESIAN_POINT('',(2.3,1.15000000000003,2.34319660112541));
#6337=CARTESIAN_POINT('',(2.3,1.15000000000003,2.34319660112541));
#6338=VECTOR('',#7702,1.0);
#6339=CARTESIAN_POINT('',(2.3,1.09472135955003,2.4326393202254));
#6340=AXIS2_PLACEMENT_3D('',#7703,#7704,#7705);
#6341=CARTESIAN_POINT('',(2.3,0.910000000000025,2.52500000000033));
#6342=CARTESIAN_POINT('',(2.3,0.910000000000025,2.52500000000033));
#6343=VECTOR('',#7706,1.0);
#6344=CARTESIAN_POINT('',(2.3,0.910000000000025,2.92500000000044));
#6345=CARTESIAN_POINT('',(2.3,0.910000000000025,2.92500000000044));
#6346=VECTOR('',#7707,1.0);
#6347=CARTESIAN_POINT('',(2.3,1.09472135955002,3.01736067977546));
#6348=CARTESIAN_POINT('',(2.3,1.09472135955002,3.01736067977546));
#6349=VECTOR('',#7708,1.0);
#6350=CARTESIAN_POINT('',(2.3,1.15000000000004,3.10680339887542));
#6351=AXIS2_PLACEMENT_3D('',#7709,#7710,#7711);
#6352=CARTESIAN_POINT('',(2.3,1.15000000000003,3.7750000000004));
#6353=CARTESIAN_POINT('',(2.3,1.15000000000003,3.7750000000004));
#6354=VECTOR('',#7712,1.0);
#6355=CARTESIAN_POINT('',(2.3,1.45000000000003,3.7750000000004));
#6356=CARTESIAN_POINT('',(2.3,1.45000000000003,3.7750000000004));
#6357=VECTOR('',#7713,1.0);
#6358=CARTESIAN_POINT('',(2.3,1.65000000000003,3.5750000000004));
#6359=AXIS2_PLACEMENT_3D('',#7714,#7715,#7716);
#6360=CARTESIAN_POINT('',(2.3,1.65000000000003,1.62500000000013));
#6361=VECTOR('',#7717,1.0);
#6362=COLOUR_RGB('',0.607843160629272,0.607843160629272,0.607843160629272);
#6363=CARTESIAN_POINT('',(2.7,1.15000000000003,1.825));
#6364=CARTESIAN_POINT('',(2.0875,1.15000000000003,1.825));
#6365=VECTOR('',#7718,1.0);
#6366=CARTESIAN_POINT('',(2.7,1.15000000000003,2.34319660112541));
#6367=CARTESIAN_POINT('',(2.7,1.15000000000003,2.34319660112541));
#6368=VECTOR('',#7719,1.0);
#6369=CARTESIAN_POINT('',(2.3,1.15000000000003,2.34319660112541));
#6370=VECTOR('',#7720,1.0);
#6371=COLOUR_RGB('',0.607843160629272,0.607843160629272,0.607843160629272);
#6372=CARTESIAN_POINT('',(2.7,1.45000000000003,3.7750000000004));
#6373=CARTESIAN_POINT('',(2.7,1.65000000000003,3.5750000000004));
#6374=AXIS2_PLACEMENT_3D('',#7721,#7722,#7723);
#6375=CARTESIAN_POINT('',(2.3,1.65000000000003,3.5750000000004));
#6376=VECTOR('',#7724,1.0);
#6377=CARTESIAN_POINT('',(2.3,1.45000000000003,3.7750000000004));
#6378=VECTOR('',#7725,1.0);
#6379=COLOUR_RGB('',0.607843160629272,0.607843160629272,0.607843160629272);
#6380=CARTESIAN_POINT('',(2.7,1.65000000000003,1.825));
#6381=CARTESIAN_POINT('',(2.0875,1.65000000000003,1.825));
#6382=VECTOR('',#7726,1.0);
#6383=CARTESIAN_POINT('',(2.7,1.65000000000003,1.62500000000013));
#6384=VECTOR('',#7727,1.0);
#6385=COLOUR_RGB('',0.607843160629272,0.607843160629272,0.607843160629272);
#6386=CARTESIAN_POINT('',(2.7,1.09472135955003,2.4326393202254));
#6387=AXIS2_PLACEMENT_3D('',#7728,#7729,#7730);
#6388=CARTESIAN_POINT('',(2.3,1.09472135955003,2.4326393202254));
#6389=VECTOR('',#7731,1.0);
#6390=COLOUR_RGB('',0.607843160629272,0.607843160629272,0.607843160629272);
#6391=CARTESIAN_POINT('',(2.7,0.910000000000025,2.52500000000033));
#6392=CARTESIAN_POINT('',(2.7,0.910000000000025,2.52500000000033));
#6393=VECTOR('',#7732,1.0);
#6394=CARTESIAN_POINT('',(2.3,0.910000000000025,2.52500000000033));
#6395=VECTOR('',#7733,1.0);
#6396=COLOUR_RGB('',0.607843160629272,0.607843160629272,0.607843160629272);
#6397=CARTESIAN_POINT('',(2.7,0.910000000000025,2.92500000000044));
#6398=CARTESIAN_POINT('',(2.7,0.910000000000025,2.92500000000044));
#6399=VECTOR('',#7734,1.0);
#6400=CARTESIAN_POINT('',(2.3,0.910000000000025,2.92500000000044));
#6401=VECTOR('',#7735,1.0);
#6402=COLOUR_RGB('',0.607843160629272,0.607843160629272,0.607843160629272);
#6403=CARTESIAN_POINT('',(2.7,1.09472135955002,3.01736067977546));
#6404=CARTESIAN_POINT('',(2.7,1.09472135955002,3.01736067977546));
#6405=VECTOR('',#7736,1.0);
#6406=CARTESIAN_POINT('',(2.3,1.09472135955002,3.01736067977546));
#6407=VECTOR('',#7737,1.0);
#6408=COLOUR_RGB('',0.607843160629272,0.607843160629272,0.607843160629272);
#6409=CARTESIAN_POINT('',(2.7,1.15000000000004,3.10680339887542));
#6410=AXIS2_PLACEMENT_3D('',#7738,#7739,#7740);
#6411=CARTESIAN_POINT('',(2.3,1.15000000000004,3.10680339887542));
#6412=VECTOR('',#7741,1.0);
#6413=COLOUR_RGB('',0.607843160629272,0.607843160629272,0.607843160629272);
#6414=CARTESIAN_POINT('',(2.7,1.15000000000003,3.7750000000004));
#6415=CARTESIAN_POINT('',(2.7,1.15000000000003,3.7750000000004));
#6416=VECTOR('',#7742,1.0);
#6417=CARTESIAN_POINT('',(2.3,1.15000000000003,3.7750000000004));
#6418=VECTOR('',#7743,1.0);
#6419=COLOUR_RGB('',0.607843160629272,0.607843160629272,0.607843160629272);
#6420=CARTESIAN_POINT('',(2.7,1.45000000000003,3.7750000000004));
#6421=VECTOR('',#7744,1.0);
#6422=COLOUR_RGB('',0.607843160629272,0.607843160629272,0.607843160629272);
#6423=CARTESIAN_POINT('',(2.7,1.62925335439151,1.825));
#6424=VECTOR('',#7745,1.0);
#6425=COLOUR_RGB('',0.607843160629272,0.607843160629272,0.607843160629272);
#6426=CARTESIAN_POINT('',(1.05,1.15000000000003,1.825));
#6427=CARTESIAN_POINT('',(1.05,1.65000000000003,1.825));
#6428=CARTESIAN_POINT('',(1.05,1.62925335439151,1.825));
#6429=VECTOR('',#7746,1.0);
#6430=CARTESIAN_POINT('',(1.05,1.15000000000003,2.34319660112541));
#6431=CARTESIAN_POINT('',(1.05,1.15000000000003,2.34319660112541));
#6432=VECTOR('',#7747,1.0);
#6433=CARTESIAN_POINT('',(1.05,1.09472135955003,2.4326393202254));
#6434=AXIS2_PLACEMENT_3D('',#7748,#7749,#7750);
#6435=CARTESIAN_POINT('',(1.05,0.910000000000025,2.52500000000033));
#6436=CARTESIAN_POINT('',(1.05,0.910000000000025,2.52500000000033));
#6437=VECTOR('',#7751,1.0);
#6438=CARTESIAN_POINT('',(1.05,0.910000000000025,2.92500000000044));
#6439=CARTESIAN_POINT('',(1.05,0.910000000000025,2.92500000000044));
#6440=VECTOR('',#7752,1.0);
#6441=CARTESIAN_POINT('',(1.05,1.09472135955002,3.01736067977546));
#6442=CARTESIAN_POINT('',(1.05,1.09472135955002,3.01736067977546));
#6443=VECTOR('',#7753,1.0);
#6444=CARTESIAN_POINT('',(1.05,1.15000000000004,3.10680339887542));
#6445=AXIS2_PLACEMENT_3D('',#7754,#7755,#7756);
#6446=CARTESIAN_POINT('',(1.05,1.15000000000003,3.7750000000004));
#6447=CARTESIAN_POINT('',(1.05,1.15000000000003,3.7750000000004));
#6448=VECTOR('',#7757,1.0);
#6449=CARTESIAN_POINT('',(1.05,1.45000000000003,3.7750000000004));
#6450=CARTESIAN_POINT('',(1.05,1.45000000000003,3.7750000000004));
#6451=VECTOR('',#7758,1.0);
#6452=CARTESIAN_POINT('',(1.05,1.65000000000003,3.5750000000004));
#6453=AXIS2_PLACEMENT_3D('',#7759,#7760,#7761);
#6454=CARTESIAN_POINT('',(1.05,1.65000000000003,1.62500000000013));
#6455=VECTOR('',#7762,1.0);
#6456=COLOUR_RGB('',0.607843160629272,0.607843160629272,0.607843160629272);
#6457=CARTESIAN_POINT('',(1.45,1.15000000000003,1.825));
#6458=CARTESIAN_POINT('',(1.4625,1.15000000000003,1.825));
#6459=VECTOR('',#7763,1.0);
#6460=CARTESIAN_POINT('',(1.45,1.15000000000003,2.34319660112541));
#6461=CARTESIAN_POINT('',(1.45,1.15000000000003,2.34319660112541));
#6462=VECTOR('',#7764,1.0);
#6463=CARTESIAN_POINT('',(1.05,1.15000000000003,2.34319660112541));
#6464=VECTOR('',#7765,1.0);
#6465=COLOUR_RGB('',0.607843160629272,0.607843160629272,0.607843160629272);
#6466=CARTESIAN_POINT('',(1.45,1.45000000000003,3.7750000000004));
#6467=CARTESIAN_POINT('',(1.45,1.65000000000003,3.5750000000004));
#6468=AXIS2_PLACEMENT_3D('',#7766,#7767,#7768);
#6469=CARTESIAN_POINT('',(1.05,1.65000000000003,3.5750000000004));
#6470=VECTOR('',#7769,1.0);
#6471=CARTESIAN_POINT('',(1.05,1.45000000000003,3.7750000000004));
#6472=VECTOR('',#7770,1.0);
#6473=COLOUR_RGB('',0.607843160629272,0.607843160629272,0.607843160629272);
#6474=CARTESIAN_POINT('',(1.45,1.65000000000003,1.825));
#6475=CARTESIAN_POINT('',(1.4625,1.65000000000003,1.825));
#6476=VECTOR('',#7771,1.0);
#6477=CARTESIAN_POINT('',(1.45,1.65000000000003,1.62500000000013));
#6478=VECTOR('',#7772,1.0);
#6479=COLOUR_RGB('',0.607843160629272,0.607843160629272,0.607843160629272);
#6480=CARTESIAN_POINT('',(1.45,1.09472135955003,2.4326393202254));
#6481=AXIS2_PLACEMENT_3D('',#7773,#7774,#7775);
#6482=CARTESIAN_POINT('',(1.05,1.09472135955003,2.4326393202254));
#6483=VECTOR('',#7776,1.0);
#6484=COLOUR_RGB('',0.607843160629272,0.607843160629272,0.607843160629272);
#6485=CARTESIAN_POINT('',(1.45,0.910000000000025,2.52500000000033));
#6486=CARTESIAN_POINT('',(1.45,0.910000000000025,2.52500000000033));
#6487=VECTOR('',#7777,1.0);
#6488=CARTESIAN_POINT('',(1.05,0.910000000000025,2.52500000000033));
#6489=VECTOR('',#7778,1.0);
#6490=COLOUR_RGB('',0.607843160629272,0.607843160629272,0.607843160629272);
#6491=CARTESIAN_POINT('',(1.45,0.910000000000025,2.92500000000044));
#6492=CARTESIAN_POINT('',(1.45,0.910000000000025,2.92500000000044));
#6493=VECTOR('',#7779,1.0);
#6494=CARTESIAN_POINT('',(1.05,0.910000000000025,2.92500000000044));
#6495=VECTOR('',#7780,1.0);
#6496=COLOUR_RGB('',0.607843160629272,0.607843160629272,0.607843160629272);
#6497=CARTESIAN_POINT('',(1.45,1.09472135955002,3.01736067977546));
#6498=CARTESIAN_POINT('',(1.45,1.09472135955002,3.01736067977546));
#6499=VECTOR('',#7781,1.0);
#6500=CARTESIAN_POINT('',(1.05,1.09472135955002,3.01736067977546));
#6501=VECTOR('',#7782,1.0);
#6502=COLOUR_RGB('',0.607843160629272,0.607843160629272,0.607843160629272);
#6503=CARTESIAN_POINT('',(1.45,1.15000000000004,3.10680339887542));
#6504=AXIS2_PLACEMENT_3D('',#7783,#7784,#7785);
#6505=CARTESIAN_POINT('',(1.05,1.15000000000004,3.10680339887542));
#6506=VECTOR('',#7786,1.0);
#6507=COLOUR_RGB('',0.607843160629272,0.607843160629272,0.607843160629272);
#6508=CARTESIAN_POINT('',(1.45,1.15000000000003,3.7750000000004));
#6509=CARTESIAN_POINT('',(1.45,1.15000000000003,3.7750000000004));
#6510=VECTOR('',#7787,1.0);
#6511=CARTESIAN_POINT('',(1.05,1.15000000000003,3.7750000000004));
#6512=VECTOR('',#7788,1.0);
#6513=COLOUR_RGB('',0.607843160629272,0.607843160629272,0.607843160629272);
#6514=CARTESIAN_POINT('',(1.45,1.45000000000003,3.7750000000004));
#6515=VECTOR('',#7789,1.0);
#6516=COLOUR_RGB('',0.607843160629272,0.607843160629272,0.607843160629272);
#6517=CARTESIAN_POINT('',(1.45,1.62925335439151,1.825));
#6518=VECTOR('',#7790,1.0);
#6519=COLOUR_RGB('',0.607843160629272,0.607843160629272,0.607843160629272);
#6520=CARTESIAN_POINT('',(-0.2,1.15000000000003,1.825));
#6521=CARTESIAN_POINT('',(-0.2,1.65000000000003,1.825));
#6522=CARTESIAN_POINT('',(-0.2,1.62925335439151,1.825));
#6523=VECTOR('',#7791,1.0);
#6524=CARTESIAN_POINT('',(-0.2,1.15000000000003,2.34319660112541));
#6525=CARTESIAN_POINT('',(-0.2,1.15000000000003,2.34319660112541));
#6526=VECTOR('',#7792,1.0);
#6527=CARTESIAN_POINT('',(-0.2,1.09472135955003,2.4326393202254));
#6528=AXIS2_PLACEMENT_3D('',#7793,#7794,#7795);
#6529=CARTESIAN_POINT('',(-0.2,0.910000000000025,2.52500000000033));
#6530=CARTESIAN_POINT('',(-0.2,0.910000000000025,2.52500000000033));
#6531=VECTOR('',#7796,1.0);
#6532=CARTESIAN_POINT('',(-0.2,0.910000000000025,2.92500000000044));
#6533=CARTESIAN_POINT('',(-0.2,0.910000000000025,2.92500000000044));
#6534=VECTOR('',#7797,1.0);
#6535=CARTESIAN_POINT('',(-0.2,1.09472135955002,3.01736067977546));
#6536=CARTESIAN_POINT('',(-0.2,1.09472135955002,3.01736067977546));
#6537=VECTOR('',#7798,1.0);
#6538=CARTESIAN_POINT('',(-0.2,1.15000000000004,3.10680339887542));
#6539=AXIS2_PLACEMENT_3D('',#7799,#7800,#7801);
#6540=CARTESIAN_POINT('',(-0.2,1.15000000000003,3.7750000000004));
#6541=CARTESIAN_POINT('',(-0.2,1.15000000000003,3.7750000000004));
#6542=VECTOR('',#7802,1.0);
#6543=CARTESIAN_POINT('',(-0.2,1.45000000000003,3.7750000000004));
#6544=CARTESIAN_POINT('',(-0.2,1.45000000000003,3.7750000000004));
#6545=VECTOR('',#7803,1.0);
#6546=CARTESIAN_POINT('',(-0.2,1.65000000000003,3.5750000000004));
#6547=AXIS2_PLACEMENT_3D('',#7804,#7805,#7806);
#6548=CARTESIAN_POINT('',(-0.2,1.65000000000003,1.62500000000013));
#6549=VECTOR('',#7807,1.0);
#6550=COLOUR_RGB('',0.607843160629272,0.607843160629272,0.607843160629272);
#6551=CARTESIAN_POINT('',(0.2,1.15000000000003,1.825));
#6552=CARTESIAN_POINT('',(0.837499999999999,1.15000000000003,1.825));
#6553=VECTOR('',#7808,1.0);
#6554=CARTESIAN_POINT('',(0.2,1.15000000000003,2.34319660112541));
#6555=CARTESIAN_POINT('',(0.2,1.15000000000003,2.34319660112541));
#6556=VECTOR('',#7809,1.0);
#6557=CARTESIAN_POINT('',(-0.2,1.15000000000003,2.34319660112541));
#6558=VECTOR('',#7810,1.0);
#6559=COLOUR_RGB('',0.607843160629272,0.607843160629272,0.607843160629272);
#6560=CARTESIAN_POINT('',(0.2,1.45000000000003,3.7750000000004));
#6561=CARTESIAN_POINT('',(0.2,1.65000000000003,3.5750000000004));
#6562=AXIS2_PLACEMENT_3D('',#7811,#7812,#7813);
#6563=CARTESIAN_POINT('',(-0.2,1.65000000000003,3.5750000000004));
#6564=VECTOR('',#7814,1.0);
#6565=CARTESIAN_POINT('',(-0.2,1.45000000000003,3.7750000000004));
#6566=VECTOR('',#7815,1.0);
#6567=COLOUR_RGB('',0.607843160629272,0.607843160629272,0.607843160629272);
#6568=CARTESIAN_POINT('',(0.2,1.65000000000003,1.825));
#6569=CARTESIAN_POINT('',(0.837499999999999,1.65000000000003,1.825));
#6570=VECTOR('',#7816,1.0);
#6571=CARTESIAN_POINT('',(0.2,1.65000000000003,1.62500000000013));
#6572=VECTOR('',#7817,1.0);
#6573=COLOUR_RGB('',0.607843160629272,0.607843160629272,0.607843160629272);
#6574=CARTESIAN_POINT('',(0.2,1.09472135955003,2.4326393202254));
#6575=AXIS2_PLACEMENT_3D('',#7818,#7819,#7820);
#6576=CARTESIAN_POINT('',(-0.2,1.09472135955003,2.4326393202254));
#6577=VECTOR('',#7821,1.0);
#6578=COLOUR_RGB('',0.607843160629272,0.607843160629272,0.607843160629272);
#6579=CARTESIAN_POINT('',(0.2,0.910000000000025,2.52500000000033));
#6580=CARTESIAN_POINT('',(0.2,0.910000000000025,2.52500000000033));
#6581=VECTOR('',#7822,1.0);
#6582=CARTESIAN_POINT('',(-0.2,0.910000000000025,2.52500000000033));
#6583=VECTOR('',#7823,1.0);
#6584=COLOUR_RGB('',0.607843160629272,0.607843160629272,0.607843160629272);
#6585=CARTESIAN_POINT('',(0.2,0.910000000000025,2.92500000000044));
#6586=CARTESIAN_POINT('',(0.2,0.910000000000025,2.92500000000044));
#6587=VECTOR('',#7824,1.0);
#6588=CARTESIAN_POINT('',(-0.2,0.910000000000025,2.92500000000044));
#6589=VECTOR('',#7825,1.0);
#6590=COLOUR_RGB('',0.607843160629272,0.607843160629272,0.607843160629272);
#6591=CARTESIAN_POINT('',(0.2,1.09472135955002,3.01736067977546));
#6592=CARTESIAN_POINT('',(0.2,1.09472135955002,3.01736067977546));
#6593=VECTOR('',#7826,1.0);
#6594=CARTESIAN_POINT('',(-0.2,1.09472135955002,3.01736067977546));
#6595=VECTOR('',#7827,1.0);
#6596=COLOUR_RGB('',0.607843160629272,0.607843160629272,0.607843160629272);
#6597=CARTESIAN_POINT('',(0.2,1.15000000000004,3.10680339887542));
#6598=AXIS2_PLACEMENT_3D('',#7828,#7829,#7830);
#6599=CARTESIAN_POINT('',(-0.2,1.15000000000004,3.10680339887542));
#6600=VECTOR('',#7831,1.0);
#6601=COLOUR_RGB('',0.607843160629272,0.607843160629272,0.607843160629272);
#6602=CARTESIAN_POINT('',(0.2,1.15000000000003,3.7750000000004));
#6603=CARTESIAN_POINT('',(0.2,1.15000000000003,3.7750000000004));
#6604=VECTOR('',#7832,1.0);
#6605=CARTESIAN_POINT('',(-0.2,1.15000000000003,3.7750000000004));
#6606=VECTOR('',#7833,1.0);
#6607=COLOUR_RGB('',0.607843160629272,0.607843160629272,0.607843160629272);
#6608=CARTESIAN_POINT('',(0.2,1.45000000000003,3.7750000000004));
#6609=VECTOR('',#7834,1.0);
#6610=COLOUR_RGB('',0.607843160629272,0.607843160629272,0.607843160629272);
#6611=CARTESIAN_POINT('',(0.2,1.62925335439151,1.825));
#6612=VECTOR('',#7835,1.0);
#6613=COLOUR_RGB('',0.168627455830574,0.168627455830574,0.168627455830574);
#6614=CARTESIAN_POINT('',(-1.17499999999999,3.85,4.615));
#6615=CARTESIAN_POINT('',(-0.775000000000012,3.85,4.615));
#6616=CARTESIAN_POINT('',(-0.975,3.85,4.615));
#6617=VECTOR('',#7836,1.0);
#6618=CARTESIAN_POINT('',(-0.975,3.50000000000001,4.615));
#6619=CARTESIAN_POINT('',(-1.23214285714284,3.95,4.615));
#6620=VECTOR('',#7837,1.0);
#6621=CARTESIAN_POINT('',(-0.975,3.50000000000001,4.615));
#6622=VECTOR('',#7838,1.0);
#6623=COLOUR_RGB('',0.168627455830574,0.168627455830574,0.168627455830574);
#6624=CARTESIAN_POINT('',(-0.775000000000012,3.85,4.715));
#6625=CARTESIAN_POINT('',(-0.775000000000012,3.85,2.22));
#6626=VECTOR('',#7839,1.0);
#6627=CARTESIAN_POINT('',(-0.975,3.50000000000001,4.715));
#6628=CARTESIAN_POINT('',(-0.975,3.50000000000001,4.615));
#6629=VECTOR('',#7840,1.0);
#6630=CARTESIAN_POINT('',(-0.913908235052025,3.60691058865897,4.715));
#6631=VECTOR('',#7841,1.0);
#6632=COLOUR_RGB('',0.168627455830574,0.168627455830574,0.168627455830574);
#6633=CARTESIAN_POINT('',(-1.17499999999999,3.85,4.715));
#6634=CARTESIAN_POINT('',(-1.17499999999999,3.85,2.22));
#6635=VECTOR('',#7842,1.0);
#6636=CARTESIAN_POINT('',(-0.334553303409558,2.37921828096669,4.715));
#6637=VECTOR('',#7843,1.0);
#6638=COLOUR_RGB('',0.168627455830574,0.168627455830574,0.168627455830574);
#6639=CARTESIAN_POINT('',(-0.475,3.85,4.715));
#6640=CARTESIAN_POINT('',(-0.475,3.85,4.715));
#6641=VECTOR('',#7844,1.0);
#6642=CARTESIAN_POINT('',(-0.475,3.85,0.125));
#6643=CARTESIAN_POINT('',(-0.475,3.85,-0.175));
#6644=VECTOR('',#7845,1.0);
#6645=CARTESIAN_POINT('',(-0.825,3.85,0.125));
#6646=CARTESIAN_POINT('',(0.45,3.85,0.125));
#6647=VECTOR('',#7846,1.0);
#6648=CARTESIAN_POINT('',(-0.825,3.85,-0.175));
#6649=CARTESIAN_POINT('',(-0.825,3.85,-0.225));
#6650=VECTOR('',#7847,1.0);
#6651=CARTESIAN_POINT('',(-1.475,3.85,-0.175));
#6652=CARTESIAN_POINT('',(-0.475,3.85,-0.175));
#6653=VECTOR('',#7848,1.0);
#6654=CARTESIAN_POINT('',(-1.475,3.85,4.715));
#6655=CARTESIAN_POINT('',(-1.475,3.85,-0.175));
#6656=VECTOR('',#7849,1.0);
#6657=CARTESIAN_POINT('',(-0.475,3.85,4.715));
#6658=VECTOR('',#7850,1.0);
#6659=COLOUR_RGB('',0.168627455830574,0.168627455830574,0.168627455830574);
#6660=CARTESIAN_POINT('',(4.375,0.77,4.35126933041054));
#6661=CARTESIAN_POINT('',(4.375,0.77,4.715));
#6662=CARTESIAN_POINT('',(4.375,0.77,3.19054863938235));
#6663=VECTOR('',#7851,1.0);
#6664=CARTESIAN_POINT('',(4.375,0.56,4.715));
#6665=CARTESIAN_POINT('',(4.375,0.444529946162075,4.915));
#6666=VECTOR('',#7852,1.0);
#6667=CARTESIAN_POINT('',(4.375,1.33001609416469,4.715));
#6668=VECTOR('',#7853,1.0);
#6669=COLOUR_RGB('',0.168627455830574,0.168627455830574,0.168627455830574);
#6670=CARTESIAN_POINT('',(-0.625,0.77,4.35126933041054));
#6671=CARTESIAN_POINT('',(-0.215,0.77,4.35126933041054));
#6672=CARTESIAN_POINT('',(3.125,0.77,4.35126933041054));
#6673=VECTOR('',#7854,1.0);
#6674=CARTESIAN_POINT('',(-0.625,0.56,4.715));
#6675=CARTESIAN_POINT('',(-0.625,0.444529946162075,4.915));
#6676=VECTOR('',#7855,1.0);
#6677=CARTESIAN_POINT('',(3.125,0.56,4.715));
#6678=VECTOR('',#7856,1.0);
#6679=CARTESIAN_POINT('',(3.965,0.77,4.35126933041054));
#6680=CARTESIAN_POINT('',(3.125,0.77,4.35126933041054));
#6681=VECTOR('',#7857,1.0);
#6682=CARTESIAN_POINT('',(3.965,0.87,4.17806424965365));
#6683=CARTESIAN_POINT('',(3.965,0.984642012959684,3.97949845852551));
#6684=VECTOR('',#7858,1.0);
#6685=CARTESIAN_POINT('',(3.535,0.87,4.17806424965365));
#6686=CARTESIAN_POINT('',(4.0625,0.87,4.17806424965365));
#6687=VECTOR('',#7859,1.0);
#6688=CARTESIAN_POINT('',(3.535,0.77,4.35126933041054));
#6689=CARTESIAN_POINT('',(3.535,0.984642012959684,3.97949845852551));
#6690=VECTOR('',#7860,1.0);
#6691=CARTESIAN_POINT('',(2.715,0.77,4.35126933041054));
#6692=CARTESIAN_POINT('',(3.125,0.77,4.35126933041054));
#6693=VECTOR('',#7861,1.0);
#6694=CARTESIAN_POINT('',(2.715,0.87,4.17806424965365));
#6695=CARTESIAN_POINT('',(2.715,0.984642012959684,3.97949845852551));
#6696=VECTOR('',#7862,1.0);
#6697=CARTESIAN_POINT('',(2.285,0.87,4.17806424965365));
#6698=CARTESIAN_POINT('',(3.4375,0.87,4.17806424965365));
#6699=VECTOR('',#7863,1.0);
#6700=CARTESIAN_POINT('',(2.285,0.77,4.35126933041054));
#6701=CARTESIAN_POINT('',(2.285,0.984642012959684,3.97949845852551));
#6702=VECTOR('',#7864,1.0);
#6703=CARTESIAN_POINT('',(1.465,0.77,4.35126933041054));
#6704=CARTESIAN_POINT('',(3.125,0.77,4.35126933041054));
#6705=VECTOR('',#7865,1.0);
#6706=CARTESIAN_POINT('',(1.465,0.87,4.17806424965365));
#6707=CARTESIAN_POINT('',(1.465,0.984642012959684,3.97949845852551));
#6708=VECTOR('',#7866,1.0);
#6709=CARTESIAN_POINT('',(1.035,0.87,4.17806424965365));
#6710=CARTESIAN_POINT('',(2.8125,0.87,4.17806424965365));
#6711=VECTOR('',#7867,1.0);
#6712=CARTESIAN_POINT('',(1.035,0.77,4.35126933041054));
#6713=CARTESIAN_POINT('',(1.035,0.984642012959684,3.97949845852551));
#6714=VECTOR('',#7868,1.0);
#6715=CARTESIAN_POINT('',(0.215,0.77,4.35126933041054));
#6716=CARTESIAN_POINT('',(3.125,0.77,4.35126933041054));
#6717=VECTOR('',#7869,1.0);
#6718=CARTESIAN_POINT('',(0.215,0.87,4.17806424965365));
#6719=CARTESIAN_POINT('',(0.215,0.984642012959684,3.97949845852551));
#6720=VECTOR('',#7870,1.0);
#6721=CARTESIAN_POINT('',(-0.215,0.87,4.17806424965365));
#6722=CARTESIAN_POINT('',(2.1875,0.87,4.17806424965365));
#6723=VECTOR('',#7871,1.0);
#6724=CARTESIAN_POINT('',(-0.215,0.984642012959684,3.97949845852551));
#6725=VECTOR('',#7872,1.0);
#6726=COLOUR_RGB('',0.168627455830574,0.168627455830574,0.168627455830574);
#6727=CARTESIAN_POINT('',(-0.625,0.77,4.715));
#6728=CARTESIAN_POINT('',(-0.625,0.77,3.19054863938235));
#6729=VECTOR('',#7873,1.0);
#6730=CARTESIAN_POINT('',(-0.625,1.33001609416469,4.715));
#6731=VECTOR('',#7874,1.0);
#6732=COLOUR_RGB('',0.168627455830574,0.168627455830574,0.168627455830574);
#6733=CARTESIAN_POINT('',(2.285,0.77,1.825));
#6734=CARTESIAN_POINT('',(2.285,0.77,2.52));
#6735=VECTOR('',#7875,1.0);
#6736=CARTESIAN_POINT('',(1.465,0.77,1.825));
#6737=CARTESIAN_POINT('',(-1.125,0.77,1.825));
#6738=VECTOR('',#7876,1.0);
#6739=CARTESIAN_POINT('',(1.465,0.77,2.52));
#6740=VECTOR('',#7877,1.0);
#6741=COLOUR_RGB('',0.168627455830574,0.168627455830574,0.168627455830574);
#6742=CARTESIAN_POINT('',(2.285,0.87,1.825));
#6743=CARTESIAN_POINT('',(2.285,0.87,3.215));
#6744=VECTOR('',#7878,1.0);
#6745=CARTESIAN_POINT('',(2.285,1.33696095013556,1.825));
#6746=VECTOR('',#7879,1.0);
#6747=COLOUR_RGB('',0.168627455830574,0.168627455830574,0.168627455830574);
#6748=CARTESIAN_POINT('',(2.715,0.87,1.825));
#6749=CARTESIAN_POINT('',(2.715,0.87,3.215));
#6750=VECTOR('',#7880,1.0);
#6751=CARTESIAN_POINT('',(2.1875,0.87,1.825));
#6752=VECTOR('',#7881,1.0);
#6753=COLOUR_RGB('',0.168627455830574,0.168627455830574,0.168627455830574);
#6754=CARTESIAN_POINT('',(2.715,0.77,1.825));
#6755=CARTESIAN_POINT('',(2.715,0.77,2.52));
#6756=VECTOR('',#7882,1.0);
#6757=CARTESIAN_POINT('',(2.715,1.33696095013556,1.825));
#6758=VECTOR('',#7883,1.0);
#6759=COLOUR_RGB('',0.168627455830574,0.168627455830574,0.168627455830574);
#6760=CARTESIAN_POINT('',(3.535,0.77,1.825));
#6761=CARTESIAN_POINT('',(3.535,0.77,2.52));
#6762=VECTOR('',#7884,1.0);
#6763=CARTESIAN_POINT('',(-1.125,0.77,1.825));
#6764=VECTOR('',#7885,1.0);
#6765=COLOUR_RGB('',0.168627455830574,0.168627455830574,0.168627455830574);
#6766=CARTESIAN_POINT('',(3.535,0.87,1.825));
#6767=CARTESIAN_POINT('',(3.535,0.87,3.215));
#6768=VECTOR('',#7886,1.0);
#6769=CARTESIAN_POINT('',(3.535,1.33696095013556,1.825));
#6770=VECTOR('',#7887,1.0);
#6771=COLOUR_RGB('',0.168627455830574,0.168627455830574,0.168627455830574);
#6772=CARTESIAN_POINT('',(3.965,0.87,1.825));
#6773=CARTESIAN_POINT('',(3.965,0.87,3.215));
#6774=VECTOR('',#7888,1.0);
#6775=CARTESIAN_POINT('',(2.8125,0.87,1.825));
#6776=VECTOR('',#7889,1.0);
#6777=COLOUR_RGB('',0.168627455830574,0.168627455830574,0.168627455830574);
#6778=CARTESIAN_POINT('',(3.965,0.77,1.825));
#6779=CARTESIAN_POINT('',(3.965,0.77,2.52));
#6780=VECTOR('',#7890,1.0);
#6781=CARTESIAN_POINT('',(3.965,1.33696095013556,1.825));
#6782=VECTOR('',#7891,1.0);
#6783=COLOUR_RGB('',0.168627455830574,0.168627455830574,0.168627455830574);
#6784=CARTESIAN_POINT('',(4.875,0.77,4.715));
#6785=CARTESIAN_POINT('',(1.875,0.77,4.715));
#6786=VECTOR('',#7892,1.0);
#6787=CARTESIAN_POINT('',(4.875,0.77,1.825));
#6788=CARTESIAN_POINT('',(4.875,0.77,1.825));
#6789=VECTOR('',#7893,1.0);
#6790=CARTESIAN_POINT('',(-1.125,0.77,1.825));
#6791=VECTOR('',#7894,1.0);
#6792=COLOUR_RGB('',0.168627455830574,0.168627455830574,0.168627455830574);
#6793=CARTESIAN_POINT('',(4.875,1.89,1.825));
#6794=CARTESIAN_POINT('',(4.875,0.77,1.825));
#6795=VECTOR('',#7895,1.0);
#6796=CARTESIAN_POINT('',(4.975,2.04,1.825));
#6797=CARTESIAN_POINT('',(4.875,1.89,1.825));
#6798=VECTOR('',#7896,1.0);
#6799=CARTESIAN_POINT('',(4.975,3.19,1.825));
#6800=CARTESIAN_POINT('',(4.975,2.04,1.825));
#6801=VECTOR('',#7897,1.0);
#6802=CARTESIAN_POINT('',(4.825,3.34,1.825));
#6803=AXIS2_PLACEMENT_3D('',#7898,#7899,#7900);
#6804=CARTESIAN_POINT('',(4.625,3.34,1.825));
#6805=CARTESIAN_POINT('',(4.825,3.34,1.825));
#6806=VECTOR('',#7901,1.0);
#6807=CARTESIAN_POINT('',(4.475,3.19,1.825));
#6808=AXIS2_PLACEMENT_3D('',#7902,#7903,#7904);
#6809=CARTESIAN_POINT('',(4.475,2.54,1.825));
#6810=CARTESIAN_POINT('',(4.475,3.19,1.825));
#6811=VECTOR('',#7905,1.0);
#6812=CARTESIAN_POINT('',(-0.725000000000001,2.54,1.825));
#6813=CARTESIAN_POINT('',(4.475,2.54,1.825));
#6814=VECTOR('',#7906,1.0);
#6815=CARTESIAN_POINT('',(-0.725,3.19,1.825));
#6816=CARTESIAN_POINT('',(-0.725,2.54,1.825));
#6817=VECTOR('',#7907,1.0);
#6818=CARTESIAN_POINT('',(-0.875,3.34,1.825));
#6819=AXIS2_PLACEMENT_3D('',#7908,#7909,#7910);
#6820=CARTESIAN_POINT('',(-1.075,3.34,1.825));
#6821=CARTESIAN_POINT('',(-0.875,3.34,1.825));
#6822=VECTOR('',#7911,1.0);
#6823=CARTESIAN_POINT('',(-1.225,3.19,1.825));
#6824=AXIS2_PLACEMENT_3D('',#7912,#7913,#7914);
#6825=CARTESIAN_POINT('',(-1.225,2.04,1.825));
#6826=CARTESIAN_POINT('',(-1.225,3.19,1.825));
#6827=VECTOR('',#7915,1.0);
#6828=CARTESIAN_POINT('',(-1.125,1.89,1.825));
#6829=CARTESIAN_POINT('',(-1.225,2.04,1.825));
#6830=VECTOR('',#7916,1.0);
#6831=CARTESIAN_POINT('',(-1.125,0.77,1.825));
#6832=CARTESIAN_POINT('',(-1.125,1.89,1.825));
#6833=VECTOR('',#7917,1.0);
#6834=CARTESIAN_POINT('',(-0.215,0.77,1.825));
#6835=CARTESIAN_POINT('',(-1.125,0.77,1.825));
#6836=VECTOR('',#7918,1.0);
#6837=CARTESIAN_POINT('',(-0.215,0.87,1.825));
#6838=CARTESIAN_POINT('',(-0.215,1.33696095013556,1.825));
#6839=VECTOR('',#7919,1.0);
#6840=CARTESIAN_POINT('',(0.215,0.87,1.825));
#6841=CARTESIAN_POINT('',(0.9375,0.87,1.825));
#6842=VECTOR('',#7920,1.0);
#6843=CARTESIAN_POINT('',(0.215,0.77,1.825));
#6844=CARTESIAN_POINT('',(0.215,1.33696095013556,1.825));
#6845=VECTOR('',#7921,1.0);
#6846=CARTESIAN_POINT('',(1.035,0.77,1.825));
#6847=CARTESIAN_POINT('',(-1.125,0.77,1.825));
#6848=VECTOR('',#7922,1.0);
#6849=CARTESIAN_POINT('',(1.035,0.87,1.825));
#6850=CARTESIAN_POINT('',(1.035,1.33696095013556,1.825));
#6851=VECTOR('',#7923,1.0);
#6852=CARTESIAN_POINT('',(1.465,0.87,1.825));
#6853=CARTESIAN_POINT('',(1.5625,0.87,1.825));
#6854=VECTOR('',#7924,1.0);
#6855=CARTESIAN_POINT('',(1.465,1.33696095013556,1.825));
#6856=VECTOR('',#7925,1.0);
#6857=COLOUR_RGB('',0.168627455830574,0.168627455830574,0.168627455830574);
#6858=CARTESIAN_POINT('',(1.465,0.87,3.215));
#6859=VECTOR('',#7926,1.0);
#6860=COLOUR_RGB('',0.168627455830574,0.168627455830574,0.168627455830574);
#6861=CARTESIAN_POINT('',(1.035,0.87,3.215));
#6862=VECTOR('',#7927,1.0);
#6863=COLOUR_RGB('',0.168627455830574,0.168627455830574,0.168627455830574);
#6864=CARTESIAN_POINT('',(1.035,0.77,2.52));
#6865=VECTOR('',#7928,1.0);
#6866=COLOUR_RGB('',0.168627455830574,0.168627455830574,0.168627455830574);
#6867=CARTESIAN_POINT('',(0.215,0.77,2.52));
#6868=VECTOR('',#7929,1.0);
#6869=COLOUR_RGB('',0.168627455830574,0.168627455830574,0.168627455830574);
#6870=CARTESIAN_POINT('',(-0.215,0.87,3.215));
#6871=VECTOR('',#7930,1.0);
#6872=CARTESIAN_POINT('',(-0.215,0.77,2.52));
#6873=VECTOR('',#7931,1.0);
#6874=COLOUR_RGB('',0.168627455830574,0.168627455830574,0.168627455830574);
#6875=CARTESIAN_POINT('',(0.215,0.87,3.215));
#6876=VECTOR('',#7932,1.0);
#6877=COLOUR_RGB('',0.168627455830574,0.168627455830574,0.168627455830574);
#6878=COLOUR_RGB('',0.168627455830574,0.168627455830574,0.168627455830574);
#6879=CARTESIAN_POINT('',(4.975,3.19,4.715));
#6880=CARTESIAN_POINT('',(4.975,2.04,4.715));
#6881=CARTESIAN_POINT('',(4.975,2.23579976046601,4.715));
#6882=VECTOR('',#7933,1.0);
#6883=CARTESIAN_POINT('',(4.975,3.19,1.825));
#6884=VECTOR('',#7934,1.0);
#6885=CARTESIAN_POINT('',(4.975,2.04,1.825));
#6886=VECTOR('',#7935,1.0);
#6887=COLOUR_RGB('',0.168627455830574,0.168627455830574,0.168627455830574);
#6888=CARTESIAN_POINT('',(4.875,1.89,4.715));
#6889=CARTESIAN_POINT('',(4.4307537355997,1.22363060339954,4.715));
#6890=VECTOR('',#7936,1.0);
#6891=CARTESIAN_POINT('',(4.875,1.89,1.825));
#6892=VECTOR('',#7937,1.0);
#6893=COLOUR_RGB('',0.168627455830574,0.168627455830574,0.168627455830574);
#6894=CARTESIAN_POINT('',(4.875,1.59329976046601,4.715));
#6895=VECTOR('',#7938,1.0);
#6896=COLOUR_RGB('',0.168627455830574,0.168627455830574,0.168627455830574);
#6897=CARTESIAN_POINT('',(-1.125,0.77,4.715));
#6898=CARTESIAN_POINT('',(-1.125,0.77,1.825));
#6899=VECTOR('',#7939,1.0);
#6900=CARTESIAN_POINT('',(1.875,0.77,4.715));
#6901=VECTOR('',#7940,1.0);
#6902=COLOUR_RGB('',0.168627455830574,0.168627455830574,0.168627455830574);
#6903=CARTESIAN_POINT('',(-1.125,1.89,4.715));
#6904=CARTESIAN_POINT('',(-1.125,1.59329976046601,4.715));
#6905=VECTOR('',#7941,1.0);
#6906=CARTESIAN_POINT('',(-1.125,1.89,1.825));
#6907=VECTOR('',#7942,1.0);
#6908=COLOUR_RGB('',0.168627455830574,0.168627455830574,0.168627455830574);
#6909=CARTESIAN_POINT('',(-1.225,2.04,4.715));
#6910=CARTESIAN_POINT('',(-0.680753735599695,1.22363060339954,4.715));
#6911=VECTOR('',#7943,1.0);
#6912=CARTESIAN_POINT('',(-1.225,2.04,1.825));
#6913=VECTOR('',#7944,1.0);
#6914=COLOUR_RGB('',0.168627455830574,0.168627455830574,0.168627455830574);
#6915=CARTESIAN_POINT('',(-1.225,3.19,4.715));
#6916=CARTESIAN_POINT('',(-1.225,2.23579976046601,4.715));
#6917=VECTOR('',#7945,1.0);
#6918=CARTESIAN_POINT('',(-1.225,3.19,1.825));
#6919=VECTOR('',#7946,1.0);
#6920=COLOUR_RGB('',0.168627455830574,0.168627455830574,0.168627455830574);
#6921=CARTESIAN_POINT('',(-1.075,3.34,4.715));
#6922=AXIS2_PLACEMENT_3D('',#7947,#7948,#7949);
#6923=CARTESIAN_POINT('',(-1.075,3.34,1.825));
#6924=VECTOR('',#7950,1.0);
#6925=COLOUR_RGB('',0.168627455830574,0.168627455830574,0.168627455830574);
#6926=CARTESIAN_POINT('',(-0.875,3.34,4.715));
#6927=CARTESIAN_POINT('',(0.45,3.34,4.715));
#6928=VECTOR('',#7951,1.0);
#6929=CARTESIAN_POINT('',(-0.875,3.34,1.825));
#6930=VECTOR('',#7952,1.0);
#6931=COLOUR_RGB('',0.168627455830574,0.168627455830574,0.168627455830574);
#6932=CARTESIAN_POINT('',(-0.725,3.19,4.715));
#6933=AXIS2_PLACEMENT_3D('',#7953,#7954,#7955);
#6934=CARTESIAN_POINT('',(-0.725,3.19,1.825));
#6935=VECTOR('',#7956,1.0);
#6936=COLOUR_RGB('',0.168627455830574,0.168627455830574,0.168627455830574);
#6937=CARTESIAN_POINT('',(-0.725000000000001,2.54,4.715));
#6938=CARTESIAN_POINT('',(-0.725,2.36079976046601,4.715));
#6939=VECTOR('',#7957,1.0);
#6940=CARTESIAN_POINT('',(-0.725000000000001,2.54,1.825));
#6941=VECTOR('',#7958,1.0);
#6942=COLOUR_RGB('',0.168627455830574,0.168627455830574,0.168627455830574);
#6943=CARTESIAN_POINT('',(4.475,2.54,4.715));
#6944=CARTESIAN_POINT('',(1.875,2.54,4.715));
#6945=VECTOR('',#7959,1.0);
#6946=CARTESIAN_POINT('',(4.475,2.54,1.825));
#6947=VECTOR('',#7960,1.0);
#6948=COLOUR_RGB('',0.168627455830574,0.168627455830574,0.168627455830574);
#6949=CARTESIAN_POINT('',(4.475,3.19,4.715));
#6950=CARTESIAN_POINT('',(4.475,2.36079976046601,4.715));
#6951=VECTOR('',#7961,1.0);
#6952=CARTESIAN_POINT('',(4.475,3.19,1.825));
#6953=VECTOR('',#7962,1.0);
#6954=COLOUR_RGB('',0.168627455830574,0.168627455830574,0.168627455830574);
#6955=CARTESIAN_POINT('',(4.625,3.34,4.715));
#6956=AXIS2_PLACEMENT_3D('',#7963,#7964,#7965);
#6957=CARTESIAN_POINT('',(4.625,3.34,1.825));
#6958=VECTOR('',#7966,1.0);
#6959=COLOUR_RGB('',0.168627455830574,0.168627455830574,0.168627455830574);
#6960=CARTESIAN_POINT('',(4.825,3.34,4.715));
#6961=CARTESIAN_POINT('',(3.3,3.34,4.715));
#6962=VECTOR('',#7967,1.0);
#6963=CARTESIAN_POINT('',(4.825,3.34,1.825));
#6964=VECTOR('',#7968,1.0);
#6965=COLOUR_RGB('',0.168627455830574,0.168627455830574,0.168627455830574);
#6966=AXIS2_PLACEMENT_3D('',#7969,#7970,#7971);
#6967=COLOUR_RGB('',0.168627455830574,0.168627455830574,0.168627455830574);
#6968=CARTESIAN_POINT('',(2.575,2.99,2.775));
#6969=CARTESIAN_POINT('',(2.575,2.99,3.797));
#6970=CARTESIAN_POINT('',(2.575,2.99,1.51886072717751));
#6971=VECTOR('',#7972,1.0);
#6972=CARTESIAN_POINT('',(2.575,3.34,2.775));
#6973=CARTESIAN_POINT('',(2.575,2.89,2.775));
#6974=VECTOR('',#7973,1.0);
#6975=CARTESIAN_POINT('',(2.575,3.34,3.175));
#6976=CARTESIAN_POINT('',(2.575,3.34,3.175));
#6977=VECTOR('',#7974,1.0);
#6978=CARTESIAN_POINT('',(2.575,2.99,3.797));
#6979=VECTOR('',#7975,1.0);
#6980=COLOUR_RGB('',0.168627455830574,0.168627455830574,0.168627455830574);
#6981=CARTESIAN_POINT('',(1.175,2.99,2.775));
#6982=CARTESIAN_POINT('',(1.525,2.99,2.775));
#6983=VECTOR('',#7976,1.0);
#6984=CARTESIAN_POINT('',(1.175,3.34,2.775));
#6985=CARTESIAN_POINT('',(1.175,2.89,2.775));
#6986=VECTOR('',#7977,1.0);
#6987=CARTESIAN_POINT('',(1.175,3.34,2.775));
#6988=VECTOR('',#7978,1.0);
#6989=COLOUR_RGB('',0.168627455830574,0.168627455830574,0.168627455830574);
#6990=CARTESIAN_POINT('',(1.175,3.34,3.175));
#6991=CARTESIAN_POINT('',(1.175,3.34,3.175));
#6992=VECTOR('',#7979,1.0);
#6993=CARTESIAN_POINT('',(1.175,2.99,3.797));
#6994=CARTESIAN_POINT('',(1.175,2.99,3.797));
#6995=VECTOR('',#7980,1.0);
#6996=CARTESIAN_POINT('',(1.875,2.99,3.797));
#6997=VECTOR('',#7981,1.0);
#6998=COLOUR_RGB('',0.168627455830574,0.168627455830574,0.168627455830574);
#6999=CARTESIAN_POINT('',(1.175,3.34,3.175));
#7000=VECTOR('',#7982,1.0);
#7001=COLOUR_RGB('',0.168627455830574,0.168627455830574,0.168627455830574);
#7002=CARTESIAN_POINT('',(1.175,2.99,1.51886072717751));
#7003=VECTOR('',#7983,1.0);
#7004=COLOUR_RGB('',0.168627455830574,0.168627455830574,0.168627455830574);
#7005=AXIS2_PLACEMENT_3D('',#7984,#7985,#7986);
#7006=COLOUR_RGB('',0.168627455830574,0.168627455830574,0.168627455830574);
#7007=AXIS2_PLACEMENT_3D('',#7987,#7988,#7989);
#7008=COLOUR_RGB('',0.168627455830574,0.168627455830574,0.168627455830574);
#7009=COLOUR_RGB('',0.168627455830574,0.168627455830574,0.168627455830574);
#7010=AXIS2_PLACEMENT_3D('',#7990,#7991,#7992);
#7011=COLOUR_RGB('',0.168627455830574,0.168627455830574,0.168627455830574);
#7012=AXIS2_PLACEMENT_3D('',#7993,#7994,#7995);
#7013=COLOUR_RGB('',0.168627455830574,0.168627455830574,0.168627455830574);
#7014=COLOUR_RGB('',0.168627455830574,0.168627455830574,0.168627455830574);
#7015=CARTESIAN_POINT('',(-1.575,2.12,1.355));
#7016=CARTESIAN_POINT('',(-1.575,2.12,4.715));
#7017=CARTESIAN_POINT('',(-1.575,2.12,2.32));
#7018=VECTOR('',#7996,1.0);
#7019=CARTESIAN_POINT('',(-1.495,2.04,1.355));
#7020=CARTESIAN_POINT('',(-1.655,2.2,1.355));
#7021=VECTOR('',#7997,1.0);
#7022=CARTESIAN_POINT('',(-1.495,2.04,4.715));
#7023=CARTESIAN_POINT('',(-1.495,2.04,4.815));
#7024=VECTOR('',#7998,1.0);
#7025=CARTESIAN_POINT('',(-0.646649880233005,1.191649880233,4.715));
#7026=VECTOR('',#7999,1.0);
#7027=COLOUR_RGB('',0.168627455830574,0.168627455830574,0.168627455830574);
#7028=CARTESIAN_POINT('',(-1.495,1.1,4.715));
#7029=CARTESIAN_POINT('',(-1.495,1.71329976046601,4.715));
#7030=VECTOR('',#8000,1.0);
#7031=CARTESIAN_POINT('',(-1.495,1.1,1.355));
#7032=CARTESIAN_POINT('',(-1.495,1.1,1.355));
#7033=VECTOR('',#8001,1.0);
#7034=CARTESIAN_POINT('',(-1.495,1.1,4.815));
#7035=VECTOR('',#8002,1.0);
#7036=COLOUR_RGB('',0.168627455830574,0.168627455830574,0.168627455830574);
#7037=CARTESIAN_POINT('',(-1.575,1.02,4.715));
#7038=CARTESIAN_POINT('',(-1.575,1.02,1.355));
#7039=CARTESIAN_POINT('',(-1.575,1.02,2.32));
#7040=VECTOR('',#8003,1.0);
#7041=CARTESIAN_POINT('',(-0.503350119766996,2.091649880233,4.715));
#7042=VECTOR('',#8004,1.0);
#7043=CARTESIAN_POINT('',(-1.655,0.94,1.355));
#7044=VECTOR('',#8005,1.0);
#7045=COLOUR_RGB('',0.168627455830574,0.168627455830574,0.168627455830574);
#7046=CARTESIAN_POINT('',(-1.575,1.7475,1.355));
#7047=VECTOR('',#8006,1.0);
#7048=COLOUR_RGB('',0.168627455830574,0.168627455830574,0.168627455830574);
#7049=CARTESIAN_POINT('',(-1.575,3.75,4.715));
#7050=CARTESIAN_POINT('',(-1.475,3.85,4.715));
#7051=VECTOR('',#8007,1.0);
#7052=CARTESIAN_POINT('',(-1.575,3.75,4.715));
#7053=VECTOR('',#8008,1.0);
#7054=CARTESIAN_POINT('',(-1.575,0.1,4.715));
#7055=CARTESIAN_POINT('',(-1.575,3.75,4.715));
#7056=VECTOR('',#8009,1.0);
#7057=CARTESIAN_POINT('',(-1.475,0.0,4.715));
#7058=CARTESIAN_POINT('',(-1.575,0.1,4.715));
#7059=VECTOR('',#8010,1.0);
#7060=CARTESIAN_POINT('',(-0.825,0.0,4.715));
#7061=CARTESIAN_POINT('',(-1.475,0.0,4.715));
#7062=VECTOR('',#8011,1.0);
#7063=CARTESIAN_POINT('',(-0.825,0.2,4.715));
#7064=CARTESIAN_POINT('',(-0.825,0.903299760466008,4.715));
#7065=VECTOR('',#8012,1.0);
#7066=CARTESIAN_POINT('',(4.575,0.2,4.715));
#7067=CARTESIAN_POINT('',(1.875,0.2,4.715));
#7068=VECTOR('',#8013,1.0);
#7069=CARTESIAN_POINT('',(4.575,0.0,4.715));
#7070=CARTESIAN_POINT('',(4.575,0.903299760466008,4.715));
#7071=VECTOR('',#8014,1.0);
#7072=CARTESIAN_POINT('',(5.225,0.0,4.715));
#7073=CARTESIAN_POINT('',(-1.475,0.0,4.715));
#7074=VECTOR('',#8015,1.0);
#7075=CARTESIAN_POINT('',(5.325,0.1,4.715));
#7076=CARTESIAN_POINT('',(5.225,0.0,4.715));
#7077=VECTOR('',#8016,1.0);
#7078=CARTESIAN_POINT('',(5.325,1.02,4.715));
#7079=CARTESIAN_POINT('',(5.325,0.1,4.715));
#7080=VECTOR('',#8017,1.0);
#7081=CARTESIAN_POINT('',(5.245,1.1,4.715));
#7082=CARTESIAN_POINT('',(4.253350119767,2.091649880233,4.715));
#7083=VECTOR('',#8018,1.0);
#7084=CARTESIAN_POINT('',(5.245,2.04,4.715));
#7085=CARTESIAN_POINT('',(5.245,1.71329976046601,4.715));
#7086=VECTOR('',#8019,1.0);
#7087=CARTESIAN_POINT('',(5.325,2.12,4.715));
#7088=CARTESIAN_POINT('',(4.39664988023301,1.191649880233,4.715));
#7089=VECTOR('',#8020,1.0);
#7090=CARTESIAN_POINT('',(5.325,3.75,4.715));
#7091=CARTESIAN_POINT('',(5.325,0.1,4.715));
#7092=VECTOR('',#8021,1.0);
#7093=CARTESIAN_POINT('',(5.225,3.85,4.715));
#7094=CARTESIAN_POINT('',(5.325,3.75,4.715));
#7095=VECTOR('',#8022,1.0);
#7096=CARTESIAN_POINT('',(4.225,3.85,4.715));
#7097=CARTESIAN_POINT('',(5.225,3.85,4.715));
#7098=VECTOR('',#8023,1.0);
#7099=CARTESIAN_POINT('',(4.075,3.7,4.715));
#7100=CARTESIAN_POINT('',(4.225,3.85,4.715));
#7101=VECTOR('',#8024,1.0);
#7102=CARTESIAN_POINT('',(4.075,2.89,4.715));
#7103=CARTESIAN_POINT('',(4.075,2.39829976046601,4.715));
#7104=VECTOR('',#8025,1.0);
#7105=CARTESIAN_POINT('',(-0.325,2.89,4.715));
#7106=CARTESIAN_POINT('',(1.875,2.89,4.715));
#7107=VECTOR('',#8026,1.0);
#7108=CARTESIAN_POINT('',(-0.325,3.7,4.715));
#7109=CARTESIAN_POINT('',(-0.325,2.99,4.715));
#7110=VECTOR('',#8027,1.0);
#7111=CARTESIAN_POINT('',(-0.325,3.7,4.715));
#7112=VECTOR('',#8028,1.0);
#7113=COLOUR_RGB('',0.168627455830574,0.168627455830574,0.168627455830574);
#7114=CARTESIAN_POINT('',(5.325,2.12,1.355));
#7115=CARTESIAN_POINT('',(5.325,1.02,1.355));
#7116=CARTESIAN_POINT('',(5.325,1.7475,1.355));
#7117=VECTOR('',#8029,1.0);
#7118=CARTESIAN_POINT('',(5.245,2.04,1.355));
#7119=CARTESIAN_POINT('',(5.405,2.2,1.355));
#7120=VECTOR('',#8030,1.0);
#7121=CARTESIAN_POINT('',(5.245,1.1,1.355));
#7122=CARTESIAN_POINT('',(5.245,1.1,1.355));
#7123=VECTOR('',#8031,1.0);
#7124=CARTESIAN_POINT('',(5.405,0.94,1.355));
#7125=VECTOR('',#8032,1.0);
#7126=COLOUR_RGB('',0.168627455830574,0.168627455830574,0.168627455830574);
#7127=CARTESIAN_POINT('',(5.325,1.02,0.59));
#7128=VECTOR('',#8033,1.0);
#7129=CARTESIAN_POINT('',(5.245,1.1,1.355));
#7130=VECTOR('',#8034,1.0);
#7131=COLOUR_RGB('',0.168627455830574,0.168627455830574,0.168627455830574);
#7132=CARTESIAN_POINT('',(5.325,2.12,0.59));
#7133=VECTOR('',#8035,1.0);
#7134=CARTESIAN_POINT('',(5.245,2.04,1.355));
#7135=VECTOR('',#8036,1.0);
#7136=COLOUR_RGB('',0.168627455830574,0.168627455830574,0.168627455830574);
#7137=COLOUR_RGB('',0.168627455830574,0.168627455830574,0.168627455830574);
#7138=CARTESIAN_POINT('',(5.325,0.1,3.775));
#7139=CARTESIAN_POINT('',(5.325,0.1,-0.175));
#7140=VECTOR('',#8037,1.0);
#7141=CARTESIAN_POINT('',(5.325,1.1125,3.775));
#7142=VECTOR('',#8038,1.0);
#7143=CARTESIAN_POINT('',(5.325,0.1,0.765));
#7144=CARTESIAN_POINT('',(5.325,1.1125,0.765));
#7145=VECTOR('',#8039,1.0);
#7146=CARTESIAN_POINT('',(5.325,0.1,-0.175));
#7147=CARTESIAN_POINT('',(5.325,0.1,-0.175));
#7148=VECTOR('',#8040,1.0);
#7149=CARTESIAN_POINT('',(5.325,0.5,-0.175));
#7150=CARTESIAN_POINT('',(5.325,0.1,-0.175));
#7151=VECTOR('',#8041,1.0);
#7152=CARTESIAN_POINT('',(5.325,0.5,0.125));
#7153=CARTESIAN_POINT('',(5.325,0.5,-0.225));
#7154=VECTOR('',#8042,1.0);
#7155=CARTESIAN_POINT('',(5.325,3.35,0.125));
#7156=CARTESIAN_POINT('',(5.325,1.925,0.125));
#7157=VECTOR('',#8043,1.0);
#7158=CARTESIAN_POINT('',(5.325,3.35,-0.175));
#7159=CARTESIAN_POINT('',(5.325,3.35,-0.225));
#7160=VECTOR('',#8044,1.0);
#7161=CARTESIAN_POINT('',(5.325,3.75,-0.175));
#7162=CARTESIAN_POINT('',(5.325,0.1,-0.175));
#7163=VECTOR('',#8045,1.0);
#7164=CARTESIAN_POINT('',(5.325,3.75,-0.175));
#7165=VECTOR('',#8046,1.0);
#7166=COLOUR_RGB('',0.168627455830574,0.168627455830574,0.168627455830574);
#7167=CARTESIAN_POINT('',(-0.325,2.26,0.125));
#7168=CARTESIAN_POINT('',(4.075,2.26,0.125));
#7169=CARTESIAN_POINT('',(1.875,2.26,0.125));
#7170=VECTOR('',#8047,1.0);
#7171=CARTESIAN_POINT('',(-0.325,2.26,1.275));
#7172=CARTESIAN_POINT('',(-0.325,2.26,-0.275));
#7173=VECTOR('',#8048,1.0);
#7174=CARTESIAN_POINT('',(4.075,2.26,1.275));
#7175=CARTESIAN_POINT('',(-0.325,2.26,1.275));
#7176=VECTOR('',#8049,1.0);
#7177=CARTESIAN_POINT('',(4.075,2.26,-0.275));
#7178=VECTOR('',#8050,1.0);
#7179=COLOUR_RGB('',0.168627455830574,0.168627455830574,0.168627455830574);
#7180=CARTESIAN_POINT('',(4.075,2.99,1.275));
#7181=CARTESIAN_POINT('',(-0.325,2.99,1.275));
#7182=CARTESIAN_POINT('',(1.875,2.99,1.275));
#7183=VECTOR('',#8051,1.0);
#7184=CARTESIAN_POINT('',(4.075,2.26,1.275));
#7185=VECTOR('',#8052,1.0);
#7186=CARTESIAN_POINT('',(-0.325,2.99,1.275));
#7187=VECTOR('',#8053,1.0);
#7188=COLOUR_RGB('',0.168627455830574,0.168627455830574,0.168627455830574);
#7189=CARTESIAN_POINT('',(-0.825,0.5,0.125));
#7190=CARTESIAN_POINT('',(-0.825,0.5,0.125));
#7191=VECTOR('',#8054,1.0);
#7192=CARTESIAN_POINT('',(-1.575,0.5,0.125));
#7193=CARTESIAN_POINT('',(-1.675,0.5,0.125));
#7194=VECTOR('',#8055,1.0);
#7195=CARTESIAN_POINT('',(-1.575,3.35,0.125));
#7196=CARTESIAN_POINT('',(-1.575,1.925,0.125));
#7197=VECTOR('',#8056,1.0);
#7198=CARTESIAN_POINT('',(-0.825,3.35,0.125));
#7199=CARTESIAN_POINT('',(-0.825,3.35,0.125));
#7200=VECTOR('',#8057,1.0);
#7201=CARTESIAN_POINT('',(-0.825,3.95,0.125));
#7202=VECTOR('',#8058,1.0);
#7203=CARTESIAN_POINT('',(-0.325,3.7,0.125));
#7204=CARTESIAN_POINT('',(0.63125,2.74375,0.125));
#7205=VECTOR('',#8059,1.0);
#7206=CARTESIAN_POINT('',(-0.325,2.275,0.125));
#7207=VECTOR('',#8060,1.0);
#7208=CARTESIAN_POINT('',(4.075,3.7,0.125));
#7209=CARTESIAN_POINT('',(4.075,2.635,0.125));
#7210=VECTOR('',#8061,1.0);
#7211=CARTESIAN_POINT('',(4.225,3.85,0.125));
#7212=CARTESIAN_POINT('',(3.11875,2.74375,0.125));
#7213=VECTOR('',#8062,1.0);
#7214=CARTESIAN_POINT('',(4.575,3.85,0.125));
#7215=CARTESIAN_POINT('',(3.3,3.85,0.125));
#7216=VECTOR('',#8063,1.0);
#7217=CARTESIAN_POINT('',(4.575,3.35,0.125));
#7218=CARTESIAN_POINT('',(4.575,3.35,0.125));
#7219=VECTOR('',#8064,1.0);
#7220=CARTESIAN_POINT('',(5.425,3.35,0.125));
#7221=VECTOR('',#8065,1.0);
#7222=CARTESIAN_POINT('',(4.575,0.5,0.125));
#7223=CARTESIAN_POINT('',(4.575,0.5,0.125));
#7224=VECTOR('',#8066,1.0);
#7225=CARTESIAN_POINT('',(4.575,-0.0999999999999999,0.125));
#7226=VECTOR('',#8067,1.0);
#7227=COLOUR_RGB('',0.168627455830574,0.168627455830574,0.168627455830574);
#7228=CARTESIAN_POINT('',(4.075,2.89,3.797));
#7229=CARTESIAN_POINT('',(4.075,2.89,3.797));
#7230=VECTOR('',#8068,1.0);
#7231=CARTESIAN_POINT('',(-0.325,2.89,3.797));
#7232=CARTESIAN_POINT('',(-0.325,2.89,3.797));
#7233=VECTOR('',#8069,1.0);
#7234=CARTESIAN_POINT('',(-0.325,2.89,3.797));
#7235=VECTOR('',#8070,1.0);
#7236=COLOUR_RGB('',0.168627455830574,0.168627455830574,0.168627455830574);
#7237=CARTESIAN_POINT('',(-0.325,2.99,3.797));
#7238=CARTESIAN_POINT('',(1.875,2.99,3.797));
#7239=VECTOR('',#8071,1.0);
#7240=CARTESIAN_POINT('',(-0.325,2.99,3.797));
#7241=VECTOR('',#8072,1.0);
#7242=CARTESIAN_POINT('',(4.075,2.99,3.797));
#7243=CARTESIAN_POINT('',(4.075,2.89,3.797));
#7244=VECTOR('',#8073,1.0);
#7245=CARTESIAN_POINT('',(1.875,2.99,3.797));
#7246=VECTOR('',#8074,1.0);
#7247=COLOUR_RGB('',0.168627455830574,0.168627455830574,0.168627455830574);
#7248=CARTESIAN_POINT('',(4.575,0.2,3.775));
#7249=CARTESIAN_POINT('',(4.575,0.2,4.515));
#7250=VECTOR('',#8075,1.0);
#7251=CARTESIAN_POINT('',(4.575,0.0,3.775));
#7252=CARTESIAN_POINT('',(4.575,0.125,3.775));
#7253=VECTOR('',#8076,1.0);
#7254=CARTESIAN_POINT('',(4.575,0.0,2.17));
#7255=VECTOR('',#8077,1.0);
#7256=COLOUR_RGB('',0.168627455830574,0.168627455830574,0.168627455830574);
#7257=CARTESIAN_POINT('',(-0.825,0.0,3.775));
#7258=CARTESIAN_POINT('',(-0.825,0.0,2.17));
#7259=VECTOR('',#8078,1.0);
#7260=CARTESIAN_POINT('',(-0.825,0.2,3.775));
#7261=CARTESIAN_POINT('',(-0.825,0.125,3.775));
#7262=VECTOR('',#8079,1.0);
#7263=CARTESIAN_POINT('',(-0.825,0.2,4.515));
#7264=VECTOR('',#8080,1.0);
#7265=COLOUR_RGB('',0.168627455830574,0.168627455830574,0.168627455830574);
#7266=CARTESIAN_POINT('',(1.875,0.2,3.775));
#7267=VECTOR('',#8081,1.0);
#7268=COLOUR_RGB('',0.168627455830574,0.168627455830574,0.168627455830574);
#7269=CARTESIAN_POINT('',(-1.475,0.0,3.775));
#7270=CARTESIAN_POINT('',(1.875,0.0,3.775));
#7271=VECTOR('',#8082,1.0);
#7272=CARTESIAN_POINT('',(-1.575,0.1,3.775));
#7273=CARTESIAN_POINT('',(-0.737500000000001,-0.7375,3.775));
#7274=VECTOR('',#8083,1.0);
#7275=CARTESIAN_POINT('',(-1.575,1.1125,3.775));
#7276=VECTOR('',#8084,1.0);
#7277=CARTESIAN_POINT('',(5.225,0.0,3.775));
#7278=CARTESIAN_POINT('',(4.4875,-0.7375,3.775));
#7279=VECTOR('',#8085,1.0);
#7280=CARTESIAN_POINT('',(1.875,0.0,3.775));
#7281=VECTOR('',#8086,1.0);
#7282=COLOUR_RGB('',0.168627455830574,0.168627455830574,0.168627455830574);
#7283=CARTESIAN_POINT('',(-1.475,0.0,-0.175));
#7284=VECTOR('',#8087,1.0);
#7285=COLOUR_RGB('',0.168627455830574,0.168627455830574,0.168627455830574);
#7286=CARTESIAN_POINT('',(5.225,0.0,-0.175));
#7287=VECTOR('',#8088,1.0);
#7288=COLOUR_RGB('',0.168627455830574,0.168627455830574,0.168627455830574);
#7289=CARTESIAN_POINT('',(-0.825000000000001,0.0,0.765));
#7290=CARTESIAN_POINT('',(-1.475,0.0,0.765));
#7291=CARTESIAN_POINT('',(0.3125,0.0,0.765));
#7292=VECTOR('',#8089,1.0);
#7293=CARTESIAN_POINT('',(-0.825000000000001,0.3,0.765));
#7294=VECTOR('',#8090,1.0);
#7295=CARTESIAN_POINT('',(-1.575,0.1,0.765));
#7296=CARTESIAN_POINT('',(-1.575,1.1125,0.765));
#7297=VECTOR('',#8091,1.0);
#7298=CARTESIAN_POINT('',(-1.51875,0.0437500000000002,0.765));
#7299=VECTOR('',#8092,1.0);
#7300=COLOUR_RGB('',0.168627455830574,0.168627455830574,0.168627455830574);
#7301=CARTESIAN_POINT('',(5.225,0.0,0.765));
#7302=CARTESIAN_POINT('',(4.575,0.0,0.765));
#7303=CARTESIAN_POINT('',(3.4375,0.0,0.765));
#7304=VECTOR('',#8093,1.0);
#7305=CARTESIAN_POINT('',(5.26875,0.0437500000000002,0.765));
#7306=VECTOR('',#8094,1.0);
#7307=CARTESIAN_POINT('',(4.575,0.3,0.765));
#7308=VECTOR('',#8095,1.0);
#7309=COLOUR_RGB('',0.168627455830574,0.168627455830574,0.168627455830574);
#7310=CARTESIAN_POINT('',(4.575,0.0,-0.175));
#7311=CARTESIAN_POINT('',(4.575,0.5,-0.175));
#7312=CARTESIAN_POINT('',(4.575,1.02829976046601,-0.175));
#7313=VECTOR('',#8096,1.0);
#7314=CARTESIAN_POINT('',(4.575,0.0,-0.225));
#7315=VECTOR('',#8097,1.0);
#7316=CARTESIAN_POINT('',(4.575,0.5,-0.275));
#7317=VECTOR('',#8098,1.0);
#7318=COLOUR_RGB('',0.168627455830574,0.168627455830574,0.168627455830574);
#7319=CARTESIAN_POINT('',(-1.575,3.75,-0.175));
#7320=CARTESIAN_POINT('',(-1.575,3.75,-0.175));
#7321=VECTOR('',#8099,1.0);
#7322=CARTESIAN_POINT('',(-1.575,3.35,-0.175));
#7323=CARTESIAN_POINT('',(-1.575,3.75,-0.175));
#7324=VECTOR('',#8100,1.0);
#7325=CARTESIAN_POINT('',(-1.575,3.35,-0.225));
#7326=VECTOR('',#8101,1.0);
#7327=CARTESIAN_POINT('',(-1.575,0.5,-0.175));
#7328=CARTESIAN_POINT('',(-1.575,0.5,-0.225));
#7329=VECTOR('',#8102,1.0);
#7330=CARTESIAN_POINT('',(-1.575,0.1,-0.175));
#7331=CARTESIAN_POINT('',(-1.575,3.75,-0.175));
#7332=VECTOR('',#8103,1.0);
#7333=CARTESIAN_POINT('',(-1.575,0.1,-0.175));
#7334=VECTOR('',#8104,1.0);
#7335=CARTESIAN_POINT('',(-1.575,0.1,-0.175));
#7336=VECTOR('',#8105,1.0);
#7337=COLOUR_RGB('',0.168627455830574,0.168627455830574,0.168627455830574);
#7338=COLOUR_RGB('',0.168627455830574,0.168627455830574,0.168627455830574);
#7339=CARTESIAN_POINT('',(-1.475,0.0,-0.175));
#7340=CARTESIAN_POINT('',(-1.575,0.1,-0.175));
#7341=VECTOR('',#8106,1.0);
#7342=CARTESIAN_POINT('',(-1.475,0.0,-0.175));
#7343=VECTOR('',#8107,1.0);
#7344=COLOUR_RGB('',0.168627455830574,0.168627455830574,0.168627455830574);
#7345=CARTESIAN_POINT('',(5.225,0.0,-0.175));
#7346=CARTESIAN_POINT('',(-1.475,0.0,-0.175));
#7347=VECTOR('',#8108,1.0);
#7348=CARTESIAN_POINT('',(5.225,0.0,-0.175));
#7349=VECTOR('',#8109,1.0);
#7350=COLOUR_RGB('',0.168627455830574,0.168627455830574,0.168627455830574);
#7351=CARTESIAN_POINT('',(-0.825,0.0,-0.175));
#7352=CARTESIAN_POINT('',(-0.825,0.0,-0.225));
#7353=VECTOR('',#8110,1.0);
#7354=CARTESIAN_POINT('',(-1.475,0.0,-0.175));
#7355=VECTOR('',#8111,1.0);
#7356=COLOUR_RGB('',0.168627455830574,0.168627455830574,0.168627455830574);
#7357=COLOUR_RGB('',0.168627455830574,0.168627455830574,0.168627455830574);
#7358=CARTESIAN_POINT('',(3.4375,0.5,-0.175));
#7359=VECTOR('',#8112,1.0);
#7360=COLOUR_RGB('',0.168627455830574,0.168627455830574,0.168627455830574);
#7361=CARTESIAN_POINT('',(4.575,3.35,-0.175));
#7362=CARTESIAN_POINT('',(4.575,3.35,-0.275));
#7363=VECTOR('',#8113,1.0);
#7364=CARTESIAN_POINT('',(3.4375,3.35,-0.175));
#7365=VECTOR('',#8114,1.0);
#7366=COLOUR_RGB('',0.168627455830574,0.168627455830574,0.168627455830574);
#7367=CARTESIAN_POINT('',(4.575,3.85,-0.175));
#7368=CARTESIAN_POINT('',(4.575,2.75329976046601,-0.175));
#7369=VECTOR('',#8115,1.0);
#7370=CARTESIAN_POINT('',(4.575,3.85,-0.225));
#7371=VECTOR('',#8116,1.0);
#7372=COLOUR_RGB('',0.168627455830574,0.168627455830574,0.168627455830574);
#7373=CARTESIAN_POINT('',(-0.825,3.35,-0.175));
#7374=CARTESIAN_POINT('',(0.3125,3.35,-0.175));
#7375=VECTOR('',#8117,1.0);
#7376=CARTESIAN_POINT('',(-0.825,3.35,-0.275));
#7377=VECTOR('',#8118,1.0);
#7378=COLOUR_RGB('',0.168627455830574,0.168627455830574,0.168627455830574);
#7379=CARTESIAN_POINT('',(-0.825,2.75329976046601,-0.175));
#7380=VECTOR('',#8119,1.0);
#7381=COLOUR_RGB('',0.168627455830574,0.168627455830574,0.168627455830574);
#7382=CARTESIAN_POINT('',(-0.825,0.5,-0.175));
#7383=CARTESIAN_POINT('',(-0.825,1.02829976046601,-0.175));
#7384=VECTOR('',#8120,1.0);
#7385=CARTESIAN_POINT('',(-0.825,0.5,-0.275));
#7386=VECTOR('',#8121,1.0);
#7387=COLOUR_RGB('',0.168627455830574,0.168627455830574,0.168627455830574);
#7388=CARTESIAN_POINT('',(0.3125,0.5,-0.175));
#7389=VECTOR('',#8122,1.0);
#7390=COLOUR_RGB('',0.168627455830574,0.168627455830574,0.168627455830574);
#7391=CARTESIAN_POINT('',(4.225,3.85,-0.175));
#7392=VECTOR('',#8123,1.0);
#7393=CARTESIAN_POINT('',(5.225,3.85,-0.175));
#7394=CARTESIAN_POINT('',(5.225,3.85,-0.175));
#7395=VECTOR('',#8124,1.0);
#7396=CARTESIAN_POINT('',(5.225,3.85,-0.175));
#7397=VECTOR('',#8125,1.0);
#7398=COLOUR_RGB('',0.168627455830574,0.168627455830574,0.168627455830574);
#7399=CARTESIAN_POINT('',(5.325,3.75,-0.175));
#7400=VECTOR('',#8126,1.0);
#7401=COLOUR_RGB('',0.168627455830574,0.168627455830574,0.168627455830574);
#7402=CARTESIAN_POINT('',(-1.475,3.85,-0.175));
#7403=VECTOR('',#8127,1.0);
#7404=COLOUR_RGB('',0.168627455830574,0.168627455830574,0.168627455830574);
#7405=COLOUR_RGB('',0.168627455830574,0.168627455830574,0.168627455830574);
#7406=CARTESIAN_POINT('',(5.225,0.0,-0.175));
#7407=VECTOR('',#8128,1.0);
#7408=COLOUR_RGB('',0.168627455830574,0.168627455830574,0.168627455830574);
#7409=CARTESIAN_POINT('',(4.075,3.7,-0.175));
#7410=VECTOR('',#8129,1.0);
#7411=COLOUR_RGB('',0.168627455830574,0.168627455830574,0.168627455830574);
#7412=CARTESIAN_POINT('',(4.075,2.99,-0.175));
#7413=VECTOR('',#8130,1.0);
#7414=COLOUR_RGB('',0.168627455830574,0.168627455830574,0.168627455830574);
#7415=CARTESIAN_POINT('',(-0.325,2.99,-0.175));
#7416=VECTOR('',#8131,1.0);
#7417=COLOUR_RGB('',0.168627455830574,0.168627455830574,0.168627455830574);
#7418=CARTESIAN_POINT('',(-0.325,3.7,-0.175));
#7419=VECTOR('',#8132,1.0);
#7420=COLOUR_RGB('',0.168627455830574,0.168627455830574,0.168627455830574);
#7421=COLOUR_RGB('',0.168627455830574,0.168627455830574,0.168627455830574);
#7422=COLOUR_RGB('',0.168627455830574,0.168627455830574,0.168627455830574);
#7423=COLOUR_RGB('',0.168627455830574,0.168627455830574,0.168627455830574);
#7424=DIRECTION('',(0.707106781186547,0.707106781186548,0.0));
#7425=CARTESIAN_POINT('',(-0.95,-0.65,2.7));
#7426=DIRECTION('',(-0.0,1.0,0.0));
#7427=DIRECTION('',(1.0,0.0,0.0));
#7428=DIRECTION('',(0.707106781186548,-0.707106781186547,-0.0));
#7429=CARTESIAN_POINT('',(-0.95,-0.5,2.7));
#7430=DIRECTION('',(-0.0,1.0,0.0));
#7431=DIRECTION('',(1.0,0.0,0.0));
#7432=DIRECTION('',(0.0,1.0,0.0));
#7433=DIRECTION('',(-0.0,-1.0,-0.0));
#7434=CARTESIAN_POINT('',(-0.95,0.3,2.7));
#7435=DIRECTION('',(0.0,1.0,-6.12323399573676E-17));
#7436=DIRECTION('',(1.0,0.0,0.0));
#7437=DIRECTION('',(0.707106781186548,0.707106781186547,0.0));
#7438=CARTESIAN_POINT('',(4.7,-0.65,2.7));
#7439=DIRECTION('',(-0.0,1.0,0.0));
#7440=DIRECTION('',(1.0,0.0,0.0));
#7441=DIRECTION('',(0.707106781186548,-0.707106781186547,-0.0));
#7442=CARTESIAN_POINT('',(4.7,-0.5,2.7));
#7443=DIRECTION('',(-0.0,1.0,0.0));
#7444=DIRECTION('',(1.0,0.0,0.0));
#7445=DIRECTION('',(0.0,1.0,0.0));
#7446=DIRECTION('',(-0.0,-1.0,-0.0));
#7447=CARTESIAN_POINT('',(4.7,0.3,2.7));
#7448=DIRECTION('',(0.0,1.0,-6.12323399573676E-17));
#7449=DIRECTION('',(1.0,0.0,0.0));
#7450=DIRECTION('',(5.03580169382469E-34,6.12323399573676E-17,1.0));
#7451=DIRECTION('',(-8.22408827970777E-18,-1.0,0.0));
#7452=CARTESIAN_POINT('',(3.575,1.02510111644717,0.375));
#7453=DIRECTION('',(1.0,-8.22408827970777E-18,-4.14148776891162E-51));
#7454=DIRECTION('',(0.0,5.03580169382469E-34,-1.0));
#7455=DIRECTION('',(8.22408827970777E-18,1.0,5.03580169382469E-34));
#7456=DIRECTION('',(0.0,0.0,1.0));
#7457=DIRECTION('',(-8.22408827970777E-18,-1.0,-5.03580169382469E-34));
#7458=DIRECTION('',(-1.0,-0.0,-6.12323399573676E-17));
#7459=CARTESIAN_POINT('',(3.925,1.02510111644717,0.375));
#7460=DIRECTION('',(-1.0,-0.0,-0.0));
#7461=DIRECTION('',(0.0,0.0,-1.0));
#7462=DIRECTION('',(1.0,0.0,6.12323399573676E-17));
#7463=DIRECTION('',(0.162336103515434,0.97329028505932,0.162336103515434));
#7464=DIRECTION('',(1.0,0.0,6.12323399573676E-17));
#7465=DIRECTION('',(0.162159296977509,-0.973318960581518,-0.162340886335741));
#7466=DIRECTION('',(1.0,0.0,6.12323399573676E-17));
#7467=DIRECTION('',(1.0,3.74939945665464E-33,6.12323399573676E-17));
#7468=DIRECTION('',(0.164339301413283,-0.986403869624909,1.00628799724945E-17));
#7469=DIRECTION('',(0.164518353671769,0.986374022014535,1.00738437612562E-17));
#7470=DIRECTION('',(0.0,1.0,0.0));
#7471=CARTESIAN_POINT('',(3.83327537204823,-2.25000382587288,0.032623866236949));
#7472=DIRECTION('',(-0.986374022014535,0.164518353671769,2.96871557520498E-34));
#7473=DIRECTION('',(0.164518353671769,0.986374022014535,1.00738437612562E-17));
#7474=CARTESIAN_POINT('',(3.66665559427605,-2.25000382587288,0.0326238662369489));
#7475=DIRECTION('',(0.986403869624909,0.164339301413283,0.0));
#7476=DIRECTION('',(-0.164339301413283,0.986403869624909,-1.00628799724945E-17));
#7477=DIRECTION('',(1.0,0.0,6.12323399573676E-17));
#7478=DIRECTION('',(0.0,0.0,1.0));
#7479=DIRECTION('',(0.0,0.0,-1.0));
#7480=DIRECTION('',(1.0,0.0,6.12323399573676E-17));
#7481=CARTESIAN_POINT('',(3.83327537204822,-2.25000382587293,-0.032623866236966));
#7482=DIRECTION('',(-0.986374022014535,0.164518353671769,0.0));
#7483=DIRECTION('',(0.164518353671769,0.986374022014535,1.00738437612562E-17));
#7484=CARTESIAN_POINT('',(3.66665559427606,-2.25000382587293,-0.032623866236966));
#7485=DIRECTION('',(0.986403869624909,0.164339301413283,0.0));
#7486=DIRECTION('',(-0.164339301413283,0.986403869624909,-1.00628799724945E-17));
#7487=DIRECTION('',(1.0,0.0,6.12323399573676E-17));
#7488=DIRECTION('',(-0.164518353671769,-0.986374022014535,-1.00738437612562E-17));
#7489=DIRECTION('',(1.0,0.0,6.12323399573676E-17));
#7490=DIRECTION('',(-0.164339301413283,0.986403869624909,-1.00628799724945E-17));
#7491=DIRECTION('',(0.0,-1.0,0.0));
#7492=DIRECTION('',(-0.162336103515432,-0.973290285059311,0.16233610351549));
#7493=DIRECTION('',(-0.162159296977508,0.973318960581509,-0.162340886335797));
#7494=DIRECTION('',(0.0,-6.12323399573676E-17,-1.0));
#7495=DIRECTION('',(0.0,0.0,1.0));
#7496=DIRECTION('',(0.0,1.0,0.0));
#7497=CARTESIAN_POINT('',(4.7,0.3,2.7));
#7498=DIRECTION('',(0.0,1.0,-6.12323399573676E-17));
#7499=DIRECTION('',(1.0,0.0,0.0));
#7500=CARTESIAN_POINT('',(-0.95,0.3,2.7));
#7501=DIRECTION('',(0.0,1.0,-6.12323399573676E-17));
#7502=DIRECTION('',(1.0,0.0,0.0));
#7503=DIRECTION('',(-1.0,0.0,0.0));
#7504=DIRECTION('',(0.0,-6.12323399573676E-17,-1.0));
#7505=DIRECTION('',(-1.0,0.0,0.0));
#7506=DIRECTION('',(0.0,-6.12323399573676E-17,-1.0));
#7507=DIRECTION('',(1.0,0.0,0.0));
#7508=DIRECTION('',(-3.74927562856021E-33,6.12323399573676E-17,1.0));
#7509=DIRECTION('',(-1.0,0.0,0.0));
#7510=DIRECTION('',(1.00929365875014E-16,6.12323399573676E-17,1.0));
#7511=DIRECTION('',(-1.0,0.0,0.0));
#7512=DIRECTION('',(5.03580169382469E-34,6.12323399573676E-17,1.0));
#7513=DIRECTION('',(1.0,3.74939945665464E-33,6.12323399573676E-17));
#7514=DIRECTION('',(0.0,-6.12323399573676E-17,-1.0));
#7515=DIRECTION('',(-1.0,0.0,0.0));
#7516=DIRECTION('',(5.03580169382469E-34,6.12323399573676E-17,1.0));
#7517=DIRECTION('',(1.0,3.74939945665464E-33,6.12323399573676E-17));
#7518=DIRECTION('',(0.0,-6.12323399573676E-17,-1.0));
#7519=DIRECTION('',(-1.0,0.0,0.0));
#7520=DIRECTION('',(5.03580169382469E-34,6.12323399573676E-17,1.0));
#7521=DIRECTION('',(1.0,3.74939945665464E-33,6.12323399573676E-17));
#7522=DIRECTION('',(0.0,-6.12323399573676E-17,-1.0));
#7523=DIRECTION('',(-1.0,0.0,0.0));
#7524=DIRECTION('',(-8.22408827970777E-18,-1.0,0.0));
#7525=CARTESIAN_POINT('',(2.325,1.02510111644717,0.375));
#7526=DIRECTION('',(1.0,-8.22408827970777E-18,-4.14148776891162E-51));
#7527=DIRECTION('',(0.0,5.03580169382469E-34,-1.0));
#7528=DIRECTION('',(8.22408827970777E-18,1.0,5.03580169382469E-34));
#7529=DIRECTION('',(0.0,0.0,1.0));
#7530=DIRECTION('',(-8.22408827970777E-18,-1.0,-5.03580169382469E-34));
#7531=DIRECTION('',(-1.0,-0.0,-6.12323399573676E-17));
#7532=CARTESIAN_POINT('',(2.675,1.02510111644717,0.375));
#7533=DIRECTION('',(-1.0,-0.0,-0.0));
#7534=DIRECTION('',(0.0,0.0,-1.0));
#7535=DIRECTION('',(1.0,0.0,6.12323399573676E-17));
#7536=DIRECTION('',(0.162336103515434,0.97329028505932,0.162336103515434));
#7537=DIRECTION('',(1.0,0.0,6.12323399573676E-17));
#7538=DIRECTION('',(0.162159296977509,-0.973318960581518,-0.162340886335741));
#7539=DIRECTION('',(1.0,0.0,6.12323399573676E-17));
#7540=DIRECTION('',(0.164339301413283,-0.986403869624909,1.00628799724945E-17));
#7541=DIRECTION('',(0.164518353671769,0.986374022014535,1.00738437612562E-17));
#7542=DIRECTION('',(0.0,1.0,0.0));
#7543=CARTESIAN_POINT('',(2.58327537204823,-2.25000382587288,0.032623866236949));
#7544=DIRECTION('',(-0.986374022014535,0.164518353671769,2.96871557520498E-34));
#7545=DIRECTION('',(0.164518353671769,0.986374022014535,1.00738437612562E-17));
#7546=CARTESIAN_POINT('',(2.41665559427605,-2.25000382587288,0.0326238662369489));
#7547=DIRECTION('',(0.986403869624909,0.164339301413283,0.0));
#7548=DIRECTION('',(-0.164339301413283,0.986403869624909,-1.00628799724945E-17));
#7549=DIRECTION('',(1.0,0.0,6.12323399573676E-17));
#7550=DIRECTION('',(0.0,0.0,1.0));
#7551=DIRECTION('',(0.0,0.0,-1.0));
#7552=DIRECTION('',(1.0,0.0,6.12323399573676E-17));
#7553=CARTESIAN_POINT('',(2.58327537204822,-2.25000382587293,-0.032623866236966));
#7554=DIRECTION('',(-0.986374022014535,0.164518353671769,0.0));
#7555=DIRECTION('',(0.164518353671769,0.986374022014535,1.00738437612562E-17));
#7556=CARTESIAN_POINT('',(2.41665559427606,-2.25000382587293,-0.032623866236966));
#7557=DIRECTION('',(0.986403869624909,0.164339301413283,0.0));
#7558=DIRECTION('',(-0.164339301413283,0.986403869624909,-1.00628799724945E-17));
#7559=DIRECTION('',(1.0,0.0,6.12323399573676E-17));
#7560=DIRECTION('',(-0.164518353671769,-0.986374022014535,-1.00738437612562E-17));
#7561=DIRECTION('',(1.0,0.0,6.12323399573676E-17));
#7562=DIRECTION('',(-0.164339301413283,0.986403869624909,-1.00628799724945E-17));
#7563=DIRECTION('',(0.0,-1.0,0.0));
#7564=DIRECTION('',(-0.162336103515432,-0.973290285059311,0.16233610351549));
#7565=DIRECTION('',(-0.162159296977508,0.973318960581509,-0.162340886335797));
#7566=DIRECTION('',(0.0,0.0,1.0));
#7567=DIRECTION('',(0.0,1.0,0.0));
#7568=DIRECTION('',(-8.22408827970777E-18,-1.0,0.0));
#7569=CARTESIAN_POINT('',(1.075,1.02510111644717,0.375));
#7570=DIRECTION('',(1.0,-8.22408827970777E-18,-4.14148776891162E-51));
#7571=DIRECTION('',(0.0,5.03580169382469E-34,-1.0));
#7572=DIRECTION('',(8.22408827970777E-18,1.0,5.03580169382469E-34));
#7573=DIRECTION('',(0.0,0.0,1.0));
#7574=DIRECTION('',(-8.22408827970777E-18,-1.0,-5.03580169382469E-34));
#7575=DIRECTION('',(-1.0,-0.0,-6.12323399573676E-17));
#7576=CARTESIAN_POINT('',(1.425,1.02510111644717,0.375));
#7577=DIRECTION('',(-1.0,-0.0,-0.0));
#7578=DIRECTION('',(0.0,0.0,-1.0));
#7579=DIRECTION('',(1.0,0.0,6.12323399573676E-17));
#7580=DIRECTION('',(0.162336103515434,0.97329028505932,0.162336103515434));
#7581=DIRECTION('',(1.0,0.0,6.12323399573676E-17));
#7582=DIRECTION('',(0.162159296977509,-0.973318960581518,-0.162340886335741));
#7583=DIRECTION('',(1.0,0.0,6.12323399573676E-17));
#7584=DIRECTION('',(0.164339301413283,-0.986403869624909,1.00628799724945E-17));
#7585=DIRECTION('',(0.164518353671769,0.986374022014535,1.00738437612562E-17));
#7586=DIRECTION('',(0.0,1.0,0.0));
#7587=CARTESIAN_POINT('',(1.33327537204823,-2.25000382587288,0.032623866236949));
#7588=DIRECTION('',(-0.986374022014535,0.164518353671769,2.96871557520498E-34));
#7589=DIRECTION('',(0.164518353671769,0.986374022014535,1.00738437612562E-17));
#7590=CARTESIAN_POINT('',(1.16665559427605,-2.25000382587288,0.0326238662369489));
#7591=DIRECTION('',(0.986403869624909,0.164339301413283,0.0));
#7592=DIRECTION('',(-0.164339301413283,0.986403869624909,-1.00628799724945E-17));
#7593=DIRECTION('',(1.0,0.0,6.12323399573676E-17));
#7594=DIRECTION('',(0.0,0.0,1.0));
#7595=DIRECTION('',(0.0,0.0,-1.0));
#7596=DIRECTION('',(1.0,0.0,6.12323399573676E-17));
#7597=CARTESIAN_POINT('',(1.33327537204822,-2.25000382587293,-0.032623866236966));
#7598=DIRECTION('',(-0.986374022014535,0.164518353671769,0.0));
#7599=DIRECTION('',(0.164518353671769,0.986374022014535,1.00738437612562E-17));
#7600=CARTESIAN_POINT('',(1.16665559427606,-2.25000382587293,-0.032623866236966));
#7601=DIRECTION('',(0.986403869624909,0.164339301413283,0.0));
#7602=DIRECTION('',(-0.164339301413283,0.986403869624909,-1.00628799724945E-17));
#7603=DIRECTION('',(1.0,0.0,6.12323399573676E-17));
#7604=DIRECTION('',(-0.164518353671769,-0.986374022014535,-1.00738437612562E-17));
#7605=DIRECTION('',(1.0,0.0,6.12323399573676E-17));
#7606=DIRECTION('',(-0.164339301413283,0.986403869624909,-1.00628799724945E-17));
#7607=DIRECTION('',(0.0,-1.0,0.0));
#7608=DIRECTION('',(-0.162336103515432,-0.973290285059311,0.16233610351549));
#7609=DIRECTION('',(-0.162159296977508,0.973318960581509,-0.162340886335797));
#7610=DIRECTION('',(0.0,0.0,1.0));
#7611=DIRECTION('',(0.0,1.0,0.0));
#7612=DIRECTION('',(-8.22408827970777E-18,-1.0,0.0));
#7613=CARTESIAN_POINT('',(-0.175,1.02510111644717,0.375));
#7614=DIRECTION('',(1.0,-8.22408827970777E-18,-4.14148776891162E-51));
#7615=DIRECTION('',(0.0,5.03580169382469E-34,-1.0));
#7616=DIRECTION('',(8.22408827970777E-18,1.0,5.03580169382469E-34));
#7617=DIRECTION('',(0.0,0.0,1.0));
#7618=DIRECTION('',(-8.22408827970777E-18,-1.0,-5.03580169382469E-34));
#7619=DIRECTION('',(-1.0,-0.0,-6.12323399573676E-17));
#7620=CARTESIAN_POINT('',(0.175,1.02510111644717,0.375));
#7621=DIRECTION('',(-1.0,-0.0,-0.0));
#7622=DIRECTION('',(0.0,0.0,-1.0));
#7623=DIRECTION('',(1.0,0.0,6.12323399573676E-17));
#7624=DIRECTION('',(0.162336103515434,0.97329028505932,0.162336103515434));
#7625=DIRECTION('',(1.0,0.0,6.12323399573676E-17));
#7626=DIRECTION('',(0.162159296977509,-0.973318960581518,-0.162340886335741));
#7627=DIRECTION('',(1.0,0.0,6.12323399573676E-17));
#7628=DIRECTION('',(0.164339301413283,-0.986403869624909,1.00628799724945E-17));
#7629=DIRECTION('',(0.164518353671769,0.986374022014535,1.00738437612562E-17));
#7630=DIRECTION('',(0.0,1.0,0.0));
#7631=CARTESIAN_POINT('',(0.0832753720482253,-2.25000382587288,0.032623866236949));
#7632=DIRECTION('',(-0.986374022014535,0.164518353671769,2.96871557520498E-34));
#7633=DIRECTION('',(0.164518353671769,0.986374022014535,1.00738437612562E-17));
#7634=CARTESIAN_POINT('',(-0.0833444057239525,-2.25000382587288,0.0326238662369489));
#7635=DIRECTION('',(0.986403869624909,0.164339301413283,0.0));
#7636=DIRECTION('',(-0.164339301413283,0.986403869624909,-1.00628799724945E-17));
#7637=DIRECTION('',(1.0,0.0,6.12323399573676E-17));
#7638=DIRECTION('',(0.0,0.0,1.0));
#7639=DIRECTION('',(0.0,0.0,-1.0));
#7640=DIRECTION('',(1.0,0.0,6.12323399573676E-17));
#7641=CARTESIAN_POINT('',(0.0832753720482176,-2.25000382587293,-0.032623866236966));
#7642=DIRECTION('',(-0.986374022014535,0.164518353671769,0.0));
#7643=DIRECTION('',(0.164518353671769,0.986374022014535,1.00738437612562E-17));
#7644=CARTESIAN_POINT('',(-0.0833444057239447,-2.25000382587293,-0.032623866236966));
#7645=DIRECTION('',(0.986403869624909,0.164339301413283,0.0));
#7646=DIRECTION('',(-0.164339301413283,0.986403869624909,-1.00628799724945E-17));
#7647=DIRECTION('',(1.0,0.0,6.12323399573676E-17));
#7648=DIRECTION('',(-0.164518353671769,-0.986374022014535,-1.00738437612562E-17));
#7649=DIRECTION('',(1.0,0.0,6.12323399573676E-17));
#7650=DIRECTION('',(-0.164339301413283,0.986403869624909,-1.00628799724945E-17));
#7651=DIRECTION('',(0.0,-1.0,0.0));
#7652=DIRECTION('',(-0.162336103515432,-0.973290285059311,0.16233610351549));
#7653=DIRECTION('',(-0.162159296977508,0.973318960581509,-0.162340886335797));
#7654=DIRECTION('',(0.0,0.0,1.0));
#7655=DIRECTION('',(0.0,1.0,0.0));
#7656=DIRECTION('',(0.0,1.0,0.0));
#7657=DIRECTION('',(6.12323399573676E-17,0.0,-1.0));
#7658=CARTESIAN_POINT('',(3.55,1.05000000000004,2.34319660112541));
#7659=DIRECTION('',(1.0,0.0,6.12323399573676E-17));
#7660=DIRECTION('',(6.12323399573676E-17,0.0,-1.0));
#7661=DIRECTION('',(2.73839349131861E-17,0.894427191000112,-0.447213595499566));
#7662=DIRECTION('',(6.12323399573676E-17,2.7755575615621E-16,-1.0));
#7663=DIRECTION('',(2.73839349132151E-17,-0.894427190999876,-0.447213595500039));
#7664=CARTESIAN_POINT('',(3.55,1.05000000000004,3.10680339887542));
#7665=DIRECTION('',(1.0,0.0,6.12323399573676E-17));
#7666=DIRECTION('',(6.12323399573676E-17,0.0,-1.0));
#7667=DIRECTION('',(6.12323399573676E-17,0.0,-1.0));
#7668=DIRECTION('',(0.0,-1.0,0.0));
#7669=CARTESIAN_POINT('',(3.55,1.45000000000003,3.5750000000004));
#7670=DIRECTION('',(1.0,0.0,6.12323399573676E-17));
#7671=DIRECTION('',(6.12323399573676E-17,0.0,-1.0));
#7672=DIRECTION('',(-6.12323399573676E-17,0.0,1.0));
#7673=DIRECTION('',(-1.0,0.0,0.0));
#7674=DIRECTION('',(-6.12323399573676E-17,0.0,1.0));
#7675=DIRECTION('',(1.0,0.0,6.12323399573676E-17));
#7676=CARTESIAN_POINT('',(3.95,1.45000000000003,3.5750000000004));
#7677=DIRECTION('',(-1.0,-0.0,-6.12323399573676E-17));
#7678=DIRECTION('',(6.12323399573676E-17,0.0,-1.0));
#7679=DIRECTION('',(1.0,0.0,6.12323399573676E-17));
#7680=DIRECTION('',(1.0,0.0,6.12323399573676E-17));
#7681=DIRECTION('',(1.0,0.0,0.0));
#7682=DIRECTION('',(6.12323399573676E-17,0.0,-1.0));
#7683=CARTESIAN_POINT('',(3.95,1.05000000000004,2.34319660112541));
#7684=DIRECTION('',(1.0,0.0,6.12323399573676E-17));
#7685=DIRECTION('',(6.12323399573676E-17,0.0,-1.0));
#7686=DIRECTION('',(1.0,0.0,6.12323399573676E-17));
#7687=DIRECTION('',(-2.73839349131861E-17,-0.894427191000112,0.447213595499566));
#7688=DIRECTION('',(1.0,0.0,6.12323399573676E-17));
#7689=DIRECTION('',(-6.12323399573676E-17,-2.7755575615621E-16,1.0));
#7690=DIRECTION('',(1.0,0.0,6.12323399573676E-17));
#7691=DIRECTION('',(-2.73839349132151E-17,0.894427190999876,0.447213595500039));
#7692=DIRECTION('',(1.0,0.0,6.12323399573676E-17));
#7693=CARTESIAN_POINT('',(3.95,1.05000000000004,3.10680339887542));
#7694=DIRECTION('',(1.0,0.0,6.12323399573676E-17));
#7695=DIRECTION('',(6.12323399573676E-17,0.0,-1.0));
#7696=DIRECTION('',(1.0,0.0,6.12323399573676E-17));
#7697=DIRECTION('',(-6.12323399573676E-17,0.0,1.0));
#7698=DIRECTION('',(1.0,0.0,6.12323399573676E-17));
#7699=DIRECTION('',(0.0,1.0,0.0));
#7700=DIRECTION('',(0.0,-1.0,0.0));
#7701=DIRECTION('',(0.0,1.0,0.0));
#7702=DIRECTION('',(6.12323399573676E-17,0.0,-1.0));
#7703=CARTESIAN_POINT('',(2.3,1.05000000000004,2.34319660112541));
#7704=DIRECTION('',(1.0,0.0,6.12323399573676E-17));
#7705=DIRECTION('',(6.12323399573676E-17,0.0,-1.0));
#7706=DIRECTION('',(2.73839349131861E-17,0.894427191000112,-0.447213595499566));
#7707=DIRECTION('',(6.12323399573676E-17,2.7755575615621E-16,-1.0));
#7708=DIRECTION('',(2.73839349132151E-17,-0.894427190999876,-0.447213595500039));
#7709=CARTESIAN_POINT('',(2.3,1.05000000000004,3.10680339887542));
#7710=DIRECTION('',(1.0,0.0,6.12323399573676E-17));
#7711=DIRECTION('',(6.12323399573676E-17,0.0,-1.0));
#7712=DIRECTION('',(6.12323399573676E-17,0.0,-1.0));
#7713=DIRECTION('',(0.0,-1.0,0.0));
#7714=CARTESIAN_POINT('',(2.3,1.45000000000003,3.5750000000004));
#7715=DIRECTION('',(1.0,0.0,6.12323399573676E-17));
#7716=DIRECTION('',(6.12323399573676E-17,0.0,-1.0));
#7717=DIRECTION('',(-6.12323399573676E-17,0.0,1.0));
#7718=DIRECTION('',(-1.0,0.0,0.0));
#7719=DIRECTION('',(-6.12323399573676E-17,0.0,1.0));
#7720=DIRECTION('',(1.0,0.0,6.12323399573676E-17));
#7721=CARTESIAN_POINT('',(2.7,1.45000000000003,3.5750000000004));
#7722=DIRECTION('',(-1.0,-0.0,-6.12323399573676E-17));
#7723=DIRECTION('',(6.12323399573676E-17,0.0,-1.0));
#7724=DIRECTION('',(1.0,0.0,6.12323399573676E-17));
#7725=DIRECTION('',(1.0,0.0,6.12323399573676E-17));
#7726=DIRECTION('',(1.0,0.0,0.0));
#7727=DIRECTION('',(6.12323399573676E-17,0.0,-1.0));
#7728=CARTESIAN_POINT('',(2.7,1.05000000000004,2.34319660112541));
#7729=DIRECTION('',(1.0,0.0,6.12323399573676E-17));
#7730=DIRECTION('',(6.12323399573676E-17,0.0,-1.0));
#7731=DIRECTION('',(1.0,0.0,6.12323399573676E-17));
#7732=DIRECTION('',(-2.73839349131861E-17,-0.894427191000112,0.447213595499566));
#7733=DIRECTION('',(1.0,0.0,6.12323399573676E-17));
#7734=DIRECTION('',(-6.12323399573676E-17,-2.7755575615621E-16,1.0));
#7735=DIRECTION('',(1.0,0.0,6.12323399573676E-17));
#7736=DIRECTION('',(-2.73839349132151E-17,0.894427190999876,0.447213595500039));
#7737=DIRECTION('',(1.0,0.0,6.12323399573676E-17));
#7738=CARTESIAN_POINT('',(2.7,1.05000000000004,3.10680339887542));
#7739=DIRECTION('',(1.0,0.0,6.12323399573676E-17));
#7740=DIRECTION('',(6.12323399573676E-17,0.0,-1.0));
#7741=DIRECTION('',(1.0,0.0,6.12323399573676E-17));
#7742=DIRECTION('',(-6.12323399573676E-17,0.0,1.0));
#7743=DIRECTION('',(1.0,0.0,6.12323399573676E-17));
#7744=DIRECTION('',(0.0,1.0,0.0));
#7745=DIRECTION('',(0.0,-1.0,0.0));
#7746=DIRECTION('',(0.0,1.0,0.0));
#7747=DIRECTION('',(6.12323399573676E-17,0.0,-1.0));
#7748=CARTESIAN_POINT('',(1.05,1.05000000000004,2.34319660112541));
#7749=DIRECTION('',(1.0,0.0,6.12323399573676E-17));
#7750=DIRECTION('',(6.12323399573676E-17,0.0,-1.0));
#7751=DIRECTION('',(2.73839349131861E-17,0.894427191000112,-0.447213595499566));
#7752=DIRECTION('',(6.12323399573676E-17,2.7755575615621E-16,-1.0));
#7753=DIRECTION('',(2.73839349132151E-17,-0.894427190999876,-0.447213595500039));
#7754=CARTESIAN_POINT('',(1.05,1.05000000000004,3.10680339887542));
#7755=DIRECTION('',(1.0,0.0,6.12323399573676E-17));
#7756=DIRECTION('',(6.12323399573676E-17,0.0,-1.0));
#7757=DIRECTION('',(6.12323399573676E-17,0.0,-1.0));
#7758=DIRECTION('',(0.0,-1.0,0.0));
#7759=CARTESIAN_POINT('',(1.05,1.45000000000003,3.5750000000004));
#7760=DIRECTION('',(1.0,0.0,6.12323399573676E-17));
#7761=DIRECTION('',(6.12323399573676E-17,0.0,-1.0));
#7762=DIRECTION('',(-6.12323399573676E-17,0.0,1.0));
#7763=DIRECTION('',(-1.0,0.0,0.0));
#7764=DIRECTION('',(-6.12323399573676E-17,0.0,1.0));
#7765=DIRECTION('',(1.0,0.0,6.12323399573676E-17));
#7766=CARTESIAN_POINT('',(1.45,1.45000000000003,3.5750000000004));
#7767=DIRECTION('',(-1.0,-0.0,-6.12323399573676E-17));
#7768=DIRECTION('',(6.12323399573676E-17,0.0,-1.0));
#7769=DIRECTION('',(1.0,0.0,6.12323399573676E-17));
#7770=DIRECTION('',(1.0,0.0,6.12323399573676E-17));
#7771=DIRECTION('',(1.0,0.0,0.0));
#7772=DIRECTION('',(6.12323399573676E-17,0.0,-1.0));
#7773=CARTESIAN_POINT('',(1.45,1.05000000000004,2.34319660112541));
#7774=DIRECTION('',(1.0,0.0,6.12323399573676E-17));
#7775=DIRECTION('',(6.12323399573676E-17,0.0,-1.0));
#7776=DIRECTION('',(1.0,0.0,6.12323399573676E-17));
#7777=DIRECTION('',(-2.73839349131861E-17,-0.894427191000112,0.447213595499566));
#7778=DIRECTION('',(1.0,0.0,6.12323399573676E-17));
#7779=DIRECTION('',(-6.12323399573676E-17,-2.7755575615621E-16,1.0));
#7780=DIRECTION('',(1.0,0.0,6.12323399573676E-17));
#7781=DIRECTION('',(-2.73839349132151E-17,0.894427190999876,0.447213595500039));
#7782=DIRECTION('',(1.0,0.0,6.12323399573676E-17));
#7783=CARTESIAN_POINT('',(1.45,1.05000000000004,3.10680339887542));
#7784=DIRECTION('',(1.0,0.0,6.12323399573676E-17));
#7785=DIRECTION('',(6.12323399573676E-17,0.0,-1.0));
#7786=DIRECTION('',(1.0,0.0,6.12323399573676E-17));
#7787=DIRECTION('',(-6.12323399573676E-17,0.0,1.0));
#7788=DIRECTION('',(1.0,0.0,6.12323399573676E-17));
#7789=DIRECTION('',(0.0,1.0,0.0));
#7790=DIRECTION('',(0.0,-1.0,0.0));
#7791=DIRECTION('',(0.0,1.0,0.0));
#7792=DIRECTION('',(6.12323399573676E-17,0.0,-1.0));
#7793=CARTESIAN_POINT('',(-0.2,1.05000000000004,2.34319660112541));
#7794=DIRECTION('',(1.0,0.0,6.12323399573676E-17));
#7795=DIRECTION('',(6.12323399573676E-17,0.0,-1.0));
#7796=DIRECTION('',(2.73839349131861E-17,0.894427191000112,-0.447213595499566));
#7797=DIRECTION('',(6.12323399573676E-17,2.7755575615621E-16,-1.0));
#7798=DIRECTION('',(2.73839349132151E-17,-0.894427190999876,-0.447213595500039));
#7799=CARTESIAN_POINT('',(-0.2,1.05000000000004,3.10680339887542));
#7800=DIRECTION('',(1.0,0.0,6.12323399573676E-17));
#7801=DIRECTION('',(6.12323399573676E-17,0.0,-1.0));
#7802=DIRECTION('',(6.12323399573676E-17,0.0,-1.0));
#7803=DIRECTION('',(0.0,-1.0,0.0));
#7804=CARTESIAN_POINT('',(-0.2,1.45000000000003,3.5750000000004));
#7805=DIRECTION('',(1.0,0.0,6.12323399573676E-17));
#7806=DIRECTION('',(6.12323399573676E-17,0.0,-1.0));
#7807=DIRECTION('',(-6.12323399573676E-17,0.0,1.0));
#7808=DIRECTION('',(-1.0,0.0,0.0));
#7809=DIRECTION('',(-6.12323399573676E-17,0.0,1.0));
#7810=DIRECTION('',(1.0,0.0,6.12323399573676E-17));
#7811=CARTESIAN_POINT('',(0.2,1.45000000000003,3.5750000000004));
#7812=DIRECTION('',(-1.0,-0.0,-6.12323399573676E-17));
#7813=DIRECTION('',(6.12323399573676E-17,0.0,-1.0));
#7814=DIRECTION('',(1.0,0.0,6.12323399573676E-17));
#7815=DIRECTION('',(1.0,0.0,6.12323399573676E-17));
#7816=DIRECTION('',(1.0,0.0,0.0));
#7817=DIRECTION('',(6.12323399573676E-17,0.0,-1.0));
#7818=CARTESIAN_POINT('',(0.2,1.05000000000004,2.34319660112541));
#7819=DIRECTION('',(1.0,0.0,6.12323399573676E-17));
#7820=DIRECTION('',(6.12323399573676E-17,0.0,-1.0));
#7821=DIRECTION('',(1.0,0.0,6.12323399573676E-17));
#7822=DIRECTION('',(-2.73839349131861E-17,-0.894427191000112,0.447213595499566));
#7823=DIRECTION('',(1.0,0.0,6.12323399573676E-17));
#7824=DIRECTION('',(-6.12323399573676E-17,-2.7755575615621E-16,1.0));
#7825=DIRECTION('',(1.0,0.0,6.12323399573676E-17));
#7826=DIRECTION('',(-2.73839349132151E-17,0.894427190999876,0.447213595500039));
#7827=DIRECTION('',(1.0,0.0,6.12323399573676E-17));
#7828=CARTESIAN_POINT('',(0.2,1.05000000000004,3.10680339887542));
#7829=DIRECTION('',(1.0,0.0,6.12323399573676E-17));
#7830=DIRECTION('',(6.12323399573676E-17,0.0,-1.0));
#7831=DIRECTION('',(1.0,0.0,6.12323399573676E-17));
#7832=DIRECTION('',(-6.12323399573676E-17,0.0,1.0));
#7833=DIRECTION('',(1.0,0.0,6.12323399573676E-17));
#7834=DIRECTION('',(0.0,1.0,0.0));
#7835=DIRECTION('',(0.0,-1.0,0.0));
#7836=DIRECTION('',(1.0,-2.22044604925031E-16,0.0));
#7837=DIRECTION('',(0.496138938356819,-0.868243142124468,0.0));
#7838=DIRECTION('',(0.496138938356819,0.868243142124468,0.0));
#7839=DIRECTION('',(0.0,0.0,1.0));
#7840=DIRECTION('',(0.0,0.0,1.0));
#7841=DIRECTION('',(-0.496138938356819,-0.868243142124468,0.0));
#7842=DIRECTION('',(0.0,0.0,-1.0));
#7843=DIRECTION('',(-0.496138938356819,0.868243142124468,0.0));
#7844=DIRECTION('',(1.0,-2.22044604925031E-16,0.0));
#7845=DIRECTION('',(0.0,0.0,1.0));
#7846=DIRECTION('',(-1.0,2.22044604925031E-16,0.0));
#7847=DIRECTION('',(0.0,0.0,-1.0));
#7848=DIRECTION('',(-1.0,2.22044604925031E-16,0.0));
#7849=DIRECTION('',(0.0,0.0,1.0));
#7850=DIRECTION('',(1.0,-2.22044604925031E-16,0.0));
#7851=DIRECTION('',(6.12323399573676E-17,0.0,1.0));
#7852=DIRECTION('',(-5.30287619362453E-17,0.5,-0.866025403784438));
#7853=DIRECTION('',(0.0,-1.0,0.0));
#7854=DIRECTION('',(1.0,0.0,-6.12323399573676E-17));
#7855=DIRECTION('',(-5.30287619362453E-17,0.5,-0.866025403784438));
#7856=DIRECTION('',(-1.0,3.53525079574969E-17,0.0));
#7857=DIRECTION('',(1.0,0.0,-6.12323399573676E-17));
#7858=DIRECTION('',(0.0,-0.5,0.866025403784438));
#7859=DIRECTION('',(1.0,0.0,-6.12323399573676E-17));
#7860=DIRECTION('',(0.0,0.5,-0.866025403784438));
#7861=DIRECTION('',(1.0,0.0,-6.12323399573676E-17));
#7862=DIRECTION('',(0.0,-0.5,0.866025403784438));
#7863=DIRECTION('',(1.0,0.0,-6.12323399573676E-17));
#7864=DIRECTION('',(0.0,0.5,-0.866025403784438));
#7865=DIRECTION('',(1.0,0.0,-6.12323399573676E-17));
#7866=DIRECTION('',(0.0,-0.5,0.866025403784438));
#7867=DIRECTION('',(1.0,0.0,-6.12323399573676E-17));
#7868=DIRECTION('',(0.0,0.5,-0.866025403784438));
#7869=DIRECTION('',(1.0,0.0,-6.12323399573676E-17));
#7870=DIRECTION('',(0.0,-0.5,0.866025403784438));
#7871=DIRECTION('',(1.0,0.0,-6.12323399573676E-17));
#7872=DIRECTION('',(0.0,0.5,-0.866025403784438));
#7873=DIRECTION('',(-6.12323399573676E-17,-0.0,-1.0));
#7874=DIRECTION('',(0.0,1.0,0.0));
#7875=DIRECTION('',(0.0,0.0,-1.0));
#7876=DIRECTION('',(1.0,0.0,0.0));
#7877=DIRECTION('',(0.0,0.0,1.0));
#7878=DIRECTION('',(0.0,0.0,-1.0));
#7879=DIRECTION('',(0.0,1.0,0.0));
#7880=DIRECTION('',(0.0,0.0,-1.0));
#7881=DIRECTION('',(1.0,0.0,0.0));
#7882=DIRECTION('',(0.0,0.0,1.0));
#7883=DIRECTION('',(0.0,-1.0,0.0));
#7884=DIRECTION('',(0.0,0.0,-1.0));
#7885=DIRECTION('',(1.0,0.0,0.0));
#7886=DIRECTION('',(0.0,0.0,-1.0));
#7887=DIRECTION('',(0.0,1.0,0.0));
#7888=DIRECTION('',(0.0,0.0,-1.0));
#7889=DIRECTION('',(1.0,0.0,0.0));
#7890=DIRECTION('',(0.0,0.0,1.0));
#7891=DIRECTION('',(0.0,-1.0,0.0));
#7892=DIRECTION('',(-1.0,0.0,0.0));
#7893=DIRECTION('',(0.0,0.0,1.0));
#7894=DIRECTION('',(1.0,0.0,0.0));
#7895=DIRECTION('',(0.0,1.0,0.0));
#7896=DIRECTION('',(0.554700196225228,0.832050294337844,0.0));
#7897=DIRECTION('',(0.0,1.0,0.0));
#7898=CARTESIAN_POINT('',(4.825,3.19,1.825));
#7899=DIRECTION('',(0.0,0.0,1.0));
#7900=DIRECTION('',(1.0,0.0,0.0));
#7901=DIRECTION('',(-1.0,0.0,0.0));
#7902=CARTESIAN_POINT('',(4.625,3.19,1.825));
#7903=DIRECTION('',(0.0,0.0,1.0));
#7904=DIRECTION('',(1.0,0.0,0.0));
#7905=DIRECTION('',(0.0,-1.0,0.0));
#7906=DIRECTION('',(-1.0,0.0,0.0));
#7907=DIRECTION('',(0.0,1.0,0.0));
#7908=CARTESIAN_POINT('',(-0.875,3.19,1.825));
#7909=DIRECTION('',(0.0,0.0,1.0));
#7910=DIRECTION('',(1.0,0.0,0.0));
#7911=DIRECTION('',(-1.0,0.0,0.0));
#7912=CARTESIAN_POINT('',(-1.075,3.19,1.825));
#7913=DIRECTION('',(0.0,0.0,1.0));
#7914=DIRECTION('',(1.0,0.0,0.0));
#7915=DIRECTION('',(-1.93082265152201E-16,-1.0,0.0));
#7916=DIRECTION('',(0.55470019622523,-0.832050294337843,0.0));
#7917=DIRECTION('',(-1.98254111540207E-16,-1.0,0.0));
#7918=DIRECTION('',(1.0,0.0,0.0));
#7919=DIRECTION('',(0.0,1.0,0.0));
#7920=DIRECTION('',(1.0,0.0,0.0));
#7921=DIRECTION('',(0.0,-1.0,0.0));
#7922=DIRECTION('',(1.0,0.0,0.0));
#7923=DIRECTION('',(0.0,1.0,0.0));
#7924=DIRECTION('',(1.0,0.0,0.0));
#7925=DIRECTION('',(0.0,-1.0,0.0));
#7926=DIRECTION('',(0.0,0.0,-1.0));
#7927=DIRECTION('',(0.0,0.0,-1.0));
#7928=DIRECTION('',(0.0,0.0,-1.0));
#7929=DIRECTION('',(0.0,0.0,1.0));
#7930=DIRECTION('',(0.0,0.0,-1.0));
#7931=DIRECTION('',(0.0,0.0,-1.0));
#7932=DIRECTION('',(0.0,0.0,-1.0));
#7933=DIRECTION('',(0.0,-1.0,0.0));
#7934=DIRECTION('',(0.0,0.0,1.0));
#7935=DIRECTION('',(0.0,0.0,1.0));
#7936=DIRECTION('',(-0.554700196225228,-0.832050294337844,0.0));
#7937=DIRECTION('',(0.0,0.0,1.0));
#7938=DIRECTION('',(0.0,-1.0,0.0));
#7939=DIRECTION('',(0.0,0.0,1.0));
#7940=DIRECTION('',(-1.0,0.0,0.0));
#7941=DIRECTION('',(1.98254111540207E-16,1.0,0.0));
#7942=DIRECTION('',(0.0,0.0,1.0));
#7943=DIRECTION('',(-0.55470019622523,0.832050294337843,0.0));
#7944=DIRECTION('',(0.0,0.0,1.0));
#7945=DIRECTION('',(1.93082265152201E-16,1.0,0.0));
#7946=DIRECTION('',(0.0,0.0,1.0));
#7947=CARTESIAN_POINT('',(-1.075,3.19,4.715));
#7948=DIRECTION('',(0.0,0.0,-1.0));
#7949=DIRECTION('',(1.0,0.0,0.0));
#7950=DIRECTION('',(0.0,0.0,1.0));
#7951=DIRECTION('',(1.0,0.0,0.0));
#7952=DIRECTION('',(0.0,0.0,1.0));
#7953=CARTESIAN_POINT('',(-0.875,3.19,4.715));
#7954=DIRECTION('',(0.0,0.0,-1.0));
#7955=DIRECTION('',(1.0,0.0,0.0));
#7956=DIRECTION('',(0.0,0.0,1.0));
#7957=DIRECTION('',(0.0,-1.0,0.0));
#7958=DIRECTION('',(0.0,0.0,1.0));
#7959=DIRECTION('',(1.0,0.0,0.0));
#7960=DIRECTION('',(0.0,0.0,1.0));
#7961=DIRECTION('',(0.0,1.0,0.0));
#7962=DIRECTION('',(0.0,0.0,1.0));
#7963=CARTESIAN_POINT('',(4.625,3.19,4.715));
#7964=DIRECTION('',(0.0,0.0,-1.0));
#7965=DIRECTION('',(1.0,0.0,0.0));
#7966=DIRECTION('',(0.0,0.0,1.0));
#7967=DIRECTION('',(1.0,0.0,0.0));
#7968=DIRECTION('',(0.0,0.0,1.0));
#7969=CARTESIAN_POINT('',(4.825,3.19,4.715));
#7970=DIRECTION('',(0.0,0.0,-1.0));
#7971=DIRECTION('',(1.0,0.0,0.0));
#7972=DIRECTION('',(-6.12323399573676E-17,0.0,1.0));
#7973=DIRECTION('',(0.0,-1.0,0.0));
#7974=DIRECTION('',(6.12323399573676E-17,0.0,-1.0));
#7975=DIRECTION('',(5.3364026483498E-17,0.490394278574425,-0.871500689352263));
#7976=DIRECTION('',(1.0,0.0,6.12323399573676E-17));
#7977=DIRECTION('',(0.0,1.0,0.0));
#7978=DIRECTION('',(1.0,0.0,6.12323399573676E-17));
#7979=DIRECTION('',(1.0,0.0,6.12323399573676E-17));
#7980=DIRECTION('',(5.3364026483498E-17,0.490394278574425,-0.871500689352263));
#7981=DIRECTION('',(1.0,0.0,0.0));
#7982=DIRECTION('',(6.12323399573676E-17,0.0,-1.0));
#7983=DIRECTION('',(6.12323399573676E-17,0.0,-1.0));
#7984=CARTESIAN_POINT('',(4.7,-0.5,2.7));
#7985=DIRECTION('',(-0.0,1.0,0.0));
#7986=DIRECTION('',(1.0,0.0,0.0));
#7987=CARTESIAN_POINT('',(4.7,-0.65,2.7));
#7988=DIRECTION('',(-0.0,1.0,0.0));
#7989=DIRECTION('',(1.0,0.0,0.0));
#7990=CARTESIAN_POINT('',(-0.95,-0.5,2.7));
#7991=DIRECTION('',(-0.0,1.0,0.0));
#7992=DIRECTION('',(1.0,0.0,0.0));
#7993=CARTESIAN_POINT('',(-0.95,-0.65,2.7));
#7994=DIRECTION('',(-0.0,1.0,0.0));
#7995=DIRECTION('',(1.0,0.0,0.0));
#7996=DIRECTION('',(7.49855125712043E-33,-1.22464679914735E-16,1.0));
#7997=DIRECTION('',(-0.707106781186547,0.707106781186548,-8.65956056235493E-17));
#7998=DIRECTION('',(1.22464679914735E-16,0.0,-1.0));
#7999=DIRECTION('',(0.707106781186547,-0.707106781186548,0.0));
#8000=DIRECTION('',(0.0,-1.0,0.0));
#8001=DIRECTION('',(0.0,1.0,0.0));
#8002=DIRECTION('',(1.22464679914735E-16,0.0,-1.0));
#8003=DIRECTION('',(7.49855125712043E-33,-1.22464679914735E-16,-1.0));
#8004=DIRECTION('',(-0.707106781186547,-0.707106781186548,0.0));
#8005=DIRECTION('',(0.707106781186547,0.707106781186548,8.65956056235493E-17));
#8006=DIRECTION('',(-6.12303176911189E-17,1.0,-7.49855125712043E-33));
#8007=DIRECTION('',(0.707106781186547,0.707106781186548,0.0));
#8008=DIRECTION('',(-6.12303176911189E-17,1.0,0.0));
#8009=DIRECTION('',(-6.12303176911189E-17,1.0,0.0));
#8010=DIRECTION('',(-0.707106781186547,0.707106781186548,0.0));
#8011=DIRECTION('',(-1.0,-0.0,-0.0));
#8012=DIRECTION('',(0.0,1.0,0.0));
#8013=DIRECTION('',(1.0,0.0,0.0));
#8014=DIRECTION('',(0.0,-1.0,0.0));
#8015=DIRECTION('',(-1.0,-0.0,-0.0));
#8016=DIRECTION('',(-0.707106781186546,-0.707106781186549,-0.0));
#8017=DIRECTION('',(-0.0,-1.0,-0.0));
#8018=DIRECTION('',(-0.707106781186547,0.707106781186548,0.0));
#8019=DIRECTION('',(0.0,1.0,0.0));
#8020=DIRECTION('',(0.707106781186547,0.707106781186548,0.0));
#8021=DIRECTION('',(-0.0,-1.0,-0.0));
#8022=DIRECTION('',(0.707106781186546,-0.707106781186549,0.0));
#8023=DIRECTION('',(1.0,-2.22044604925031E-16,0.0));
#8024=DIRECTION('',(0.707106781186549,0.707106781186546,0.0));
#8025=DIRECTION('',(0.0,-1.0,0.0));
#8026=DIRECTION('',(-1.0,0.0,0.0));
#8027=DIRECTION('',(-0.0,-1.0,-0.0));
#8028=DIRECTION('',(0.707106781186548,-0.707106781186548,0.0));
#8029=DIRECTION('',(0.0,-1.0,0.0));
#8030=DIRECTION('',(-0.707106781186547,-0.707106781186548,0.0));
#8031=DIRECTION('',(0.0,1.0,0.0));
#8032=DIRECTION('',(-0.707106781186547,0.707106781186548,0.0));
#8033=DIRECTION('',(0.0,0.0,1.0));
#8034=DIRECTION('',(0.0,0.0,1.0));
#8035=DIRECTION('',(0.0,0.0,-1.0));
#8036=DIRECTION('',(0.0,0.0,1.0));
#8037=DIRECTION('',(0.0,0.0,1.0));
#8038=DIRECTION('',(0.0,1.0,-6.12323399573676E-17));
#8039=DIRECTION('',(0.0,-1.0,6.12323399573676E-17));
#8040=DIRECTION('',(0.0,0.0,1.0));
#8041=DIRECTION('',(0.0,1.0,0.0));
#8042=DIRECTION('',(0.0,0.0,1.0));
#8043=DIRECTION('',(0.0,1.0,0.0));
#8044=DIRECTION('',(0.0,0.0,-1.0));
#8045=DIRECTION('',(0.0,1.0,0.0));
#8046=DIRECTION('',(0.0,0.0,1.0));
#8047=DIRECTION('',(1.0,0.0,0.0));
#8048=DIRECTION('',(0.0,0.0,1.0));
#8049=DIRECTION('',(-1.0,-0.0,-0.0));
#8050=DIRECTION('',(0.0,0.0,1.0));
#8051=DIRECTION('',(-1.0,0.0,0.0));
#8052=DIRECTION('',(-0.0,-1.0,-0.0));
#8053=DIRECTION('',(0.0,1.0,0.0));
#8054=DIRECTION('',(0.0,1.0,0.0));
#8055=DIRECTION('',(-1.0,-0.0,-0.0));
#8056=DIRECTION('',(6.12303176911189E-17,-1.0,0.0));
#8057=DIRECTION('',(1.0,0.0,0.0));
#8058=DIRECTION('',(1.85037170770859E-16,1.0,0.0));
#8059=DIRECTION('',(-0.707106781186547,0.707106781186547,0.0));
#8060=DIRECTION('',(0.0,-1.0,0.0));
#8061=DIRECTION('',(0.0,-1.0,0.0));
#8062=DIRECTION('',(-0.707106781186549,-0.707106781186546,0.0));
#8063=DIRECTION('',(-1.0,2.22044604925031E-16,0.0));
#8064=DIRECTION('',(-0.0,-1.0,-0.0));
#8065=DIRECTION('',(1.0,0.0,0.0));
#8066=DIRECTION('',(-1.0,-0.0,-0.0));
#8067=DIRECTION('',(-0.0,-1.0,-0.0));
#8068=DIRECTION('',(0.0,0.0,1.0));
#8069=DIRECTION('',(1.0,0.0,0.0));
#8070=DIRECTION('',(0.0,0.0,1.0));
#8071=DIRECTION('',(1.0,0.0,0.0));
#8072=DIRECTION('',(0.0,-1.0,0.0));
#8073=DIRECTION('',(0.0,1.0,0.0));
#8074=DIRECTION('',(1.0,0.0,0.0));
#8075=DIRECTION('',(0.0,0.0,-1.0));
#8076=DIRECTION('',(0.0,1.0,-6.12323399573676E-17));
#8077=DIRECTION('',(-0.0,-0.0,-1.0));
#8078=DIRECTION('',(0.0,0.0,1.0));
#8079=DIRECTION('',(0.0,-1.0,6.12323399573676E-17));
#8080=DIRECTION('',(0.0,0.0,-1.0));
#8081=DIRECTION('',(-1.0,0.0,0.0));
#8082=DIRECTION('',(1.0,0.0,0.0));
#8083=DIRECTION('',(0.707106781186547,-0.707106781186548,4.32978028117747E-17));
#8084=DIRECTION('',(6.12303176911189E-17,-1.0,6.12323399573676E-17));
#8085=DIRECTION('',(0.707106781186546,0.707106781186549,-4.32978028117748E-17));
#8086=DIRECTION('',(1.0,0.0,0.0));
#8087=DIRECTION('',(0.0,0.0,1.0));
#8088=DIRECTION('',(0.0,0.0,1.0));
#8089=DIRECTION('',(-1.0,0.0,0.0));
#8090=DIRECTION('',(0.0,-1.0,6.12323399573676E-17));
#8091=DIRECTION('',(-6.12303176911189E-17,1.0,-6.12323399573676E-17));
#8092=DIRECTION('',(-0.707106781186547,0.707106781186548,-4.32978028117747E-17));
#8093=DIRECTION('',(-1.0,0.0,0.0));
#8094=DIRECTION('',(-0.707106781186546,-0.707106781186549,4.32978028117748E-17));
#8095=DIRECTION('',(0.0,-1.0,6.12323399573676E-17));
#8096=DIRECTION('',(0.0,1.0,0.0));
#8097=DIRECTION('',(0.0,0.0,-1.0));
#8098=DIRECTION('',(0.0,0.0,1.0));
#8099=DIRECTION('',(0.0,0.0,1.0));
#8100=DIRECTION('',(6.12303176911189E-17,-1.0,0.0));
#8101=DIRECTION('',(0.0,0.0,1.0));
#8102=DIRECTION('',(0.0,0.0,-1.0));
#8103=DIRECTION('',(6.12303176911189E-17,-1.0,0.0));
#8104=DIRECTION('',(0.0,0.0,1.0));
#8105=DIRECTION('',(0.0,0.0,1.0));
#8106=DIRECTION('',(0.707106781186547,-0.707106781186548,0.0));
#8107=DIRECTION('',(0.0,0.0,1.0));
#8108=DIRECTION('',(1.0,0.0,0.0));
#8109=DIRECTION('',(0.0,0.0,1.0));
#8110=DIRECTION('',(0.0,0.0,1.0));
#8111=DIRECTION('',(1.0,0.0,0.0));
#8112=DIRECTION('',(1.0,0.0,0.0));
#8113=DIRECTION('',(0.0,0.0,1.0));
#8114=DIRECTION('',(-1.0,0.0,0.0));
#8115=DIRECTION('',(0.0,1.0,0.0));
#8116=DIRECTION('',(0.0,0.0,1.0));
#8117=DIRECTION('',(-1.0,0.0,0.0));
#8118=DIRECTION('',(0.0,0.0,1.0));
#8119=DIRECTION('',(-1.85037170770859E-16,-1.0,0.0));
#8120=DIRECTION('',(0.0,-1.0,0.0));
#8121=DIRECTION('',(0.0,0.0,1.0));
#8122=DIRECTION('',(1.0,0.0,0.0));
#8123=DIRECTION('',(0.0,0.0,1.0));
#8124=DIRECTION('',(0.0,0.0,1.0));
#8125=DIRECTION('',(-1.0,2.22044604925031E-16,0.0));
#8126=DIRECTION('',(-0.707106781186546,0.707106781186549,0.0));
#8127=DIRECTION('',(-0.707106781186547,-0.707106781186548,0.0));
#8128=DIRECTION('',(0.707106781186546,0.707106781186549,0.0));
#8129=DIRECTION('',(0.0,0.0,1.0));
#8130=DIRECTION('',(0.0,0.0,1.0));
#8131=DIRECTION('',(0.0,0.0,1.0));
#8132=DIRECTION('',(0.0,0.0,1.0));
ENDSEC;
END-ISO-10303-21;
