ISO-10303-21;
HEADER;
/* Generated by software containing ST-Developer
 * from STEP Tools, Inc. (www.steptools.com) 
 */
/* OPTION: using custom renumber hook */

FILE_DESCRIPTION(
/* description */ ('STEP AP242 Edition 2',
'CAx-IF Rec.Pracs.---Representation and Presentation of Product Manufa
cturing Information (PMI)---4.0---2014-10-13',
'CAx-IF Rec.Pracs.---3D Tessellated Geometry---0.4---2014-09-14','2;1',
'CAx-IF Rec.Pracs.---User Defined Attributes---1.5---2016-08-15'),
/* implementation_level */ '2;1');

FILE_NAME(
/* name */ 'User Library-LoRa Ra-01 - User_Library-RA-02__Imported1',
/* time_stamp */ '2026-09-03T03:54:08Z',
/* author */ (''),
/* organization */ (''),
/* preprocessor_version */ 'ST-DEVELOPER v20',
/* originating_system */ 'ONSHAPE BY PTC INC, 1.220',
/* authorisation */ '  ');

FILE_SCHEMA (('AP242_MANAGED_MODEL_BASED_3D_ENGINEERING_MIM_LF { 1 0 10303 442 3 1 4 }'));
ENDSEC;

DATA;
#10=SHAPE_REPRESENTATION_RELATIONSHIP('','',#3872,#11);
#11=ADVANCED_BREP_SHAPE_REPRESENTATION('',(#3870),#6897);
#12=B_SPLINE_SURFACE_WITH_KNOTS('',3,1,((#5669,#5670),(#5671,#5672),(#5673,
#5674),(#5675,#5676),(#5677,#5678),(#5679,#5680),(#5681,#5682),(#5683,#5684),
(#5685,#5686),(#5687,#5688),(#5689,#5690),(#5691,#5692),(#5693,#5694),(#5695,
#5696),(#5697,#5698),(#5699,#5700),(#5701,#5702),(#5703,#5704),(#5705,#5706),
(#5707,#5708),(#5709,#5710),(#5711,#5712)),.SURF_OF_LINEAR_EXTRUSION.,.F.,
 .F.,.F.,(4,3,1,1,1,1,1,1,1,1,1,1,1,1,1,1,1,4),(2,2),(-0.0060000280386937,
0.,0.119514538155,0.228894014166,0.328763358376,0.418004035324,0.497648412918,
0.567052390417,0.627352736369,0.677912731165,0.722760345206,0.765644060758,
0.806610256057,0.846065264145,0.884627711962,0.92299637124354,0.96127639644061,
1.),(0.,1.),.UNSPECIFIED.);
#13=B_SPLINE_SURFACE_WITH_KNOTS('',3,1,((#5731,#5732),(#5733,#5734),(#5735,
#5736),(#5737,#5738),(#5739,#5740),(#5741,#5742),(#5743,#5744),(#5745,#5746),
(#5747,#5748),(#5749,#5750),(#5751,#5752),(#5753,#5754),(#5755,#5756),(#5757,
#5758),(#5759,#5760),(#5761,#5762),(#5763,#5764),(#5765,#5766),(#5767,#5768)),
 .SURF_OF_LINEAR_EXTRUSION.,.F.,.F.,.F.,(4,1,1,1,1,1,1,1,1,1,1,1,1,1,1,
1,4),(2,2),(0.,0.0709626604760001,0.138949427958,0.206528373111,0.275223004058,
0.341346059678,0.402075667493,0.458743447263,0.513477800268,0.544022251165,
0.583600745351,0.630196407749,0.686374255156,0.751981433767,0.826103753447,
0.90876976546961,1.),(0.,1.),.UNSPECIFIED.);
#14=B_SPLINE_SURFACE_WITH_KNOTS('',3,1,((#5815,#5816),(#5817,#5818),(#5819,
#5820),(#5821,#5822),(#5823,#5824),(#5825,#5826),(#5827,#5828),(#5829,#5830),
(#5831,#5832),(#5833,#5834),(#5835,#5836),(#5837,#5838),(#5839,#5840),(#5841,
#5842),(#5843,#5844)),.SURF_OF_LINEAR_EXTRUSION.,.F.,.F.,.F.,(4,1,1,1,1,
1,1,1,1,1,1,1,4),(2,2),(0.,0.097854366299,0.194290014838,0.290386815545,
0.38689711432,0.479859882573,0.56689163357,0.648945955316,0.727484815448,
0.801885403838,0.870347477199,0.9359100006186,1.),(0.,1.),.UNSPECIFIED.);
#15=B_SPLINE_SURFACE_WITH_KNOTS('',3,1,((#5873,#5874),(#5875,#5876),(#5877,
#5878),(#5879,#5880),(#5881,#5882),(#5883,#5884),(#5885,#5886),(#5887,#5888),
(#5889,#5890),(#5891,#5892),(#5893,#5894)),.SURF_OF_LINEAR_EXTRUSION.,.F.,
 .F.,.F.,(4,1,1,1,1,1,1,1,4),(2,2),(0.,0.091526226413,0.182148599226,0.28192643061,
0.399236297551,0.484262426929,0.612572857965,0.784339210881,1.),(0.,1.),
 .UNSPECIFIED.);
#16=B_SPLINE_SURFACE_WITH_KNOTS('',3,1,((#5994,#5995),(#5996,#5997),(#5998,
#5999),(#6000,#6001),(#6002,#6003),(#6004,#6005),(#6006,#6007),(#6008,#6009),
(#6010,#6011),(#6012,#6013),(#6014,#6015),(#6016,#6017),(#6018,#6019),(#6020,
#6021),(#6022,#6023),(#6024,#6025),(#6026,#6027),(#6028,#6029),(#6030,#6031),
(#6032,#6033),(#6034,#6035),(#6036,#6037),(#6038,#6039),(#6040,#6041),(#6042,
#6043),(#6044,#6045),(#6046,#6047)),.SURF_OF_LINEAR_EXTRUSION.,.F.,.F.,
 .F.,(4,1,1,1,1,1,1,1,1,1,1,1,1,1,1,1,1,1,1,1,1,1,1,1,4),(2,2),(0.,0.03455339252,
0.06925488491,0.104855673393,0.140840402504,0.177742016906,0.215445945775,
0.254401071971,0.294406526629,0.316320427782,0.340934710157,0.368420444614,
0.399039408487,0.432644051443,0.469170267056,0.508858999132,0.551546658124,
0.597008652987,0.645421485704,0.697013715684,0.751611480903,0.809172014766,
0.869739591317,0.93327532078515,1.),(0.,1.),.UNSPECIFIED.);
#17=B_SPLINE_SURFACE_WITH_KNOTS('',3,1,((#6111,#6112),(#6113,#6114),(#6115,
#6116),(#6117,#6118),(#6119,#6120),(#6121,#6122),(#6123,#6124),(#6125,#6126),
(#6127,#6128),(#6129,#6130),(#6131,#6132),(#6133,#6134),(#6135,#6136),(#6137,
#6138),(#6139,#6140),(#6141,#6142),(#6143,#6144),(#6145,#6146),(#6147,#6148),
(#6149,#6150)),.SURF_OF_LINEAR_EXTRUSION.,.F.,.F.,.F.,(4,3,1,1,1,1,1,1,
1,1,1,1,1,1,1,4),(2,2),(-0.00600006534740542,0.,0.114327142117,0.209919227626,
0.28533205964,0.343194826076,0.440850031905,0.544320012923,0.574745325195,
0.613621603752,0.658871328508,0.712619966289,0.773054965436,0.841054343837,
0.91670985655015,1.),(0.,1.),.UNSPECIFIED.);
#18=B_SPLINE_SURFACE_WITH_KNOTS('',3,1,((#6192,#6193),(#6194,#6195),(#6196,
#6197),(#6198,#6199),(#6200,#6201),(#6202,#6203),(#6204,#6205),(#6206,#6207),
(#6208,#6209),(#6210,#6211),(#6212,#6213),(#6214,#6215),(#6216,#6217),(#6218,
#6219),(#6220,#6221),(#6222,#6223),(#6224,#6225),(#6226,#6227),(#6228,#6229)),
 .SURF_OF_LINEAR_EXTRUSION.,.F.,.F.,.F.,(4,1,1,1,1,1,1,1,1,1,1,1,1,1,1,
1,4),(2,2),(0.,0.127996386325,0.233371852833,0.318691116807,0.384280064257,
0.438459589541,0.489310526347,0.536796330732,0.583862153569,0.610407525212,
0.644008240406,0.685207818359,0.733255990325,0.788142281498,0.85173006423,
0.92234396159275,1.),(0.,1.),.UNSPECIFIED.);
#19=B_SPLINE_SURFACE_WITH_KNOTS('',3,1,((#6255,#6256),(#6257,#6258),(#6259,
#6260),(#6261,#6262),(#6263,#6264),(#6265,#6266),(#6267,#6268),(#6269,#6270),
(#6271,#6272),(#6273,#6274),(#6275,#6276),(#6277,#6278),(#6279,#6280),(#6281,
#6282),(#6283,#6284),(#6285,#6286),(#6287,#6288),(#6289,#6290),(#6291,#6292),
(#6293,#6294),(#6295,#6296),(#6297,#6298)),.SURF_OF_LINEAR_EXTRUSION.,.F.,
 .F.,.F.,(4,3,1,1,1,1,1,1,1,1,1,1,1,1,1,1,1,4),(2,2),(-0.00600008303514828,
0.,0.077739472357,0.148429237566,0.211202769765,0.267028563655,0.315128358764,
0.355356989766,0.388993805699,0.415567697792,0.461924433369,0.508874920611,
0.55909374637,0.613028516163,0.678162935235,0.763573866558,0.870983081418,
1.),(0.,1.),.UNSPECIFIED.);
#20=B_SPLINE_SURFACE_WITH_KNOTS('',3,1,((#6316,#6317),(#6318,#6319),(#6320,
#6321),(#6322,#6323),(#6324,#6325),(#6326,#6327),(#6328,#6329),(#6330,#6331),
(#6332,#6333),(#6334,#6335),(#6336,#6337),(#6338,#6339),(#6340,#6341),(#6342,
#6343),(#6344,#6345),(#6346,#6347),(#6348,#6349),(#6350,#6351),(#6352,#6353)),
 .SURF_OF_LINEAR_EXTRUSION.,.F.,.F.,.F.,(4,1,1,1,1,1,1,1,1,1,1,1,1,1,1,
1,4),(2,2),(0.,0.127859015017,0.233216388191,0.318458264282,0.383987720012,
0.438118102365,0.488922915398,0.536365648316,0.583388780626,0.609910074587,
0.643480312629,0.684642520967,0.732541758051,0.788333725913,0.850983009449,
0.92153285726723,1.),(0.,1.),.UNSPECIFIED.);
#21=B_SPLINE_SURFACE_WITH_KNOTS('',3,1,((#6375,#6376),(#6377,#6378),(#6379,
#6380),(#6381,#6382),(#6383,#6384),(#6385,#6386),(#6387,#6388),(#6389,#6390),
(#6391,#6392),(#6393,#6394),(#6395,#6396),(#6397,#6398),(#6399,#6400),(#6401,
#6402),(#6403,#6404),(#6405,#6406),(#6407,#6408),(#6409,#6410),(#6411,#6412),
(#6413,#6414),(#6415,#6416),(#6417,#6418),(#6419,#6420),(#6421,#6422),(#6423,
#6424),(#6425,#6426),(#6427,#6428)),.SURF_OF_LINEAR_EXTRUSION.,.F.,.F.,
 .F.,(4,1,1,1,1,1,1,1,1,1,1,1,1,1,1,1,1,1,1,1,1,1,1,1,4),(2,2),(0.,0.0368366553599999,
0.072782272373,0.107743494552,0.142343403942,0.176724324363,0.21093818024,
0.245596378245,0.280750757818,0.315821690242,0.350524947678,0.38481294396,
0.418879946299,0.453230551784,0.487770189103,0.522552160083,0.55838529369,
0.596810353993,0.639839783321,0.687607905546,0.740251113617,0.797820317639,
0.860316902397,0.92746228230327,1.),(0.,1.),.UNSPECIFIED.);
#22=B_SPLINE_SURFACE_WITH_KNOTS('',3,1,((#6621,#6622),(#6623,#6624),(#6625,
#6626),(#6627,#6628),(#6629,#6630),(#6631,#6632),(#6633,#6634),(#6635,#6636),
(#6637,#6638),(#6639,#6640),(#6641,#6642),(#6643,#6644),(#6645,#6646),(#6647,
#6648),(#6649,#6650),(#6651,#6652),(#6653,#6654),(#6655,#6656),(#6657,#6658),
(#6659,#6660),(#6661,#6662),(#6663,#6664),(#6665,#6666),(#6667,#6668),(#6669,
#6670),(#6671,#6672)),.SURF_OF_LINEAR_EXTRUSION.,.F.,.F.,.F.,(4,1,1,1,1,
1,1,1,1,1,1,1,1,1,1,1,1,1,1,1,3,4),(2,2),(0.,0.085351821012,0.166377052018,
0.242683380376,0.314662105008,0.381925513421,0.444465642178,0.502683259044,
0.556188657456,0.604967470166,0.649441186707,0.68918467006,0.724618987925,
0.755338759003,0.781372686086,0.803094844532,0.820121833349,0.875430009927,
0.92320256935818,0.96418785594318,1.,1.00047512905824),(0.,1.),
 .UNSPECIFIED.);
#23=B_SPLINE_SURFACE_WITH_KNOTS('',3,1,((#6733,#6734),(#6735,#6736),(#6737,
#6738),(#6739,#6740),(#6741,#6742),(#6743,#6744),(#6745,#6746),(#6747,#6748),
(#6749,#6750),(#6751,#6752),(#6753,#6754),(#6755,#6756),(#6757,#6758),(#6759,
#6760),(#6761,#6762),(#6763,#6764),(#6765,#6766),(#6767,#6768),(#6769,#6770),
(#6771,#6772),(#6773,#6774),(#6775,#6776)),.SURF_OF_LINEAR_EXTRUSION.,.F.,
 .F.,.F.,(4,1,1,1,1,1,1,1,1,1,1,1,1,1,1,1,3,4),(2,2),(0.,0.0952076199340001,
0.182566085605,0.262167590283,0.336361895171,0.406167600358,0.473421398292,
0.539241558135,0.606518082321,0.642539574148,0.681968912203,0.725345237127,
0.772263319751,0.823432956839,0.878310179396,0.93696299556446,1.,1.00600005197593),
(0.,1.),.UNSPECIFIED.);
#24=B_SPLINE_CURVE_WITH_KNOTS('',3,(#5339,#5340,#5341,#5342,#5343),
 .UNSPECIFIED.,.F.,.F.,(4,1,4),(0.,0.785398163397448,1.5707963267949),
 .UNSPECIFIED.);
#25=B_SPLINE_CURVE_WITH_KNOTS('',3,(#5347,#5348,#5349,#5350,#5351),
 .UNSPECIFIED.,.F.,.F.,(4,1,4),(1.5707963267949,2.35619449019235,3.1415926535898),
 .UNSPECIFIED.);
#26=B_SPLINE_CURVE_WITH_KNOTS('',3,(#5353,#5354,#5355,#5356,#5357),
 .UNSPECIFIED.,.F.,.F.,(4,1,4),(0.,0.785398163397448,1.5707963267949),
 .UNSPECIFIED.);
#27=B_SPLINE_CURVE_WITH_KNOTS('',3,(#5361,#5362,#5363,#5364,#5365),
 .UNSPECIFIED.,.F.,.F.,(4,1,4),(0.,0.785398163397448,1.5707963267949),
 .UNSPECIFIED.);
#28=B_SPLINE_CURVE_WITH_KNOTS('',3,(#5369,#5370,#5371,#5372,#5373),
 .UNSPECIFIED.,.F.,.F.,(4,1,4),(0.,0.785398163397448,1.5707963267949),
 .UNSPECIFIED.);
#29=B_SPLINE_CURVE_WITH_KNOTS('',3,(#5377,#5378,#5379,#5380,#5381),
 .UNSPECIFIED.,.F.,.F.,(4,1,4),(0.,0.785398163397448,1.5707963267949),
 .UNSPECIFIED.);
#30=B_SPLINE_CURVE_WITH_KNOTS('',3,(#5428,#5429,#5430,#5431,#5432),
 .UNSPECIFIED.,.F.,.F.,(4,1,4),(0.,0.785398163397448,1.5707963267949),
 .UNSPECIFIED.);
#31=B_SPLINE_CURVE_WITH_KNOTS('',3,(#5436,#5437,#5438,#5439,#5440),
 .UNSPECIFIED.,.F.,.F.,(4,1,4),(1.5707963267949,2.35619449019235,3.1415926535898),
 .UNSPECIFIED.);
#32=B_SPLINE_CURVE_WITH_KNOTS('',3,(#5442,#5443,#5444,#5445,#5446),
 .UNSPECIFIED.,.F.,.F.,(4,1,4),(0.,0.785398163397448,1.5707963267949),
 .UNSPECIFIED.);
#33=B_SPLINE_CURVE_WITH_KNOTS('',3,(#5450,#5451,#5452,#5453,#5454),
 .UNSPECIFIED.,.F.,.F.,(4,1,4),(0.,0.785398163397445,1.57079632679489),
 .UNSPECIFIED.);
#34=B_SPLINE_CURVE_WITH_KNOTS('',3,(#5458,#5459,#5460,#5461,#5462),
 .UNSPECIFIED.,.F.,.F.,(4,1,4),(0.,0.785398163397445,1.57079632679489),
 .UNSPECIFIED.);
#35=B_SPLINE_CURVE_WITH_KNOTS('',3,(#5466,#5467,#5468,#5469,#5470),
 .UNSPECIFIED.,.F.,.F.,(4,1,4),(0.,0.785398163397448,1.5707963267949),
 .UNSPECIFIED.);
#36=B_SPLINE_CURVE_WITH_KNOTS('',3,(#5479,#5480,#5481,#5482,#5483,#5484),
 .UNSPECIFIED.,.F.,.F.,(4,1,1,4),(0.,0.000256986553889506,0.000513973107779012,
0.00102794621555802),.UNSPECIFIED.);
#37=B_SPLINE_CURVE_WITH_KNOTS('',3,(#5488,#5489,#5490,#5491,#5492),
 .UNSPECIFIED.,.F.,.F.,(4,1,4),(0.,0.00020591298870764,0.000411825977415281),
 .UNSPECIFIED.);
#38=B_SPLINE_CURVE_WITH_KNOTS('',3,(#5506,#5507,#5508,#5509,#5510),
 .UNSPECIFIED.,.F.,.F.,(4,1,4),(0.,0.00041852009127806,0.00083704018255612),
 .UNSPECIFIED.);
#39=B_SPLINE_CURVE_WITH_KNOTS('',3,(#5518,#5519,#5520,#5521),
 .UNSPECIFIED.,.F.,.F.,(4,4),(0.,0.000203357289571492),.UNSPECIFIED.);
#40=B_SPLINE_CURVE_WITH_KNOTS('',3,(#5553,#5554,#5555,#5556,#5557),
 .UNSPECIFIED.,.F.,.F.,(4,1,4),(0.,0.00078765491443012,0.00157530982886024),
 .UNSPECIFIED.);
#41=B_SPLINE_CURVE_WITH_KNOTS('',3,(#5565,#5566,#5567,#5568),
 .UNSPECIFIED.,.F.,.F.,(4,4),(0.,1.),.UNSPECIFIED.);
#42=B_SPLINE_CURVE_WITH_KNOTS('',3,(#5578,#5579,#5580,#5581,#5582),
 .UNSPECIFIED.,.F.,.F.,(4,1,4),(0.,0.000233217894440551,0.000466435788881102),
 .UNSPECIFIED.);
#43=B_SPLINE_CURVE_WITH_KNOTS('',3,(#5597,#5598,#5599,#5600,#5601),
 .UNSPECIFIED.,.F.,.F.,(4,1,4),(0.,0.000252279997549066,0.000504559995098133),
 .UNSPECIFIED.);
#44=B_SPLINE_CURVE_WITH_KNOTS('',3,(#5610,#5611,#5612,#5613,#5614),
 .UNSPECIFIED.,.F.,.F.,(4,1,4),(0.,0.000249094645701476,0.000498189291402952),
 .UNSPECIFIED.);
#45=B_SPLINE_CURVE_WITH_KNOTS('',3,(#5618,#5619,#5620,#5621,#5622),
 .UNSPECIFIED.,.F.,.F.,(4,1,4),(0.,0.000252810066780319,0.000505620133560637),
 .UNSPECIFIED.);
#46=B_SPLINE_CURVE_WITH_KNOTS('',3,(#5628,#5629,#5630,#5631,#5632),
 .UNSPECIFIED.,.F.,.F.,(4,1,4),(0.,0.000614017120543789,0.00122803424108758),
 .UNSPECIFIED.);
#47=B_SPLINE_CURVE_WITH_KNOTS('',3,(#5658,#5659,#5660,#5661),
 .UNSPECIFIED.,.F.,.F.,(4,4),(0.,1.),.UNSPECIFIED.);
#48=B_SPLINE_CURVE_WITH_KNOTS('',3,(#5665,#5666,#5667,#5668),
 .UNSPECIFIED.,.F.,.F.,(4,4),(0.,1.),.UNSPECIFIED.);
#49=B_SPLINE_CURVE_WITH_KNOTS('',3,(#5713,#5714,#5715,#5716,#5717,#5718),
 .UNSPECIFIED.,.F.,.F.,(4,1,1,4),(0.,0.00050865171350677,0.000762977570260155,
0.00101730342701354),.UNSPECIFIED.);
#50=B_SPLINE_CURVE_WITH_KNOTS('',3,(#5720,#5721,#5722,#5723),
 .UNSPECIFIED.,.F.,.F.,(4,4),(0.,0.100000000000025),.UNSPECIFIED.);
#51=B_SPLINE_CURVE_WITH_KNOTS('',3,(#5727,#5728,#5729,#5730),
 .UNSPECIFIED.,.F.,.F.,(4,4),(0.,0.100000000000029),.UNSPECIFIED.);
#52=B_SPLINE_CURVE_WITH_KNOTS('',3,(#5769,#5770,#5771,#5772,#5773),
 .UNSPECIFIED.,.F.,.F.,(4,1,4),(2.34999414045293E-17,0.00020480485739906,
0.000409609714798097),.UNSPECIFIED.);
#53=B_SPLINE_CURVE_WITH_KNOTS('',3,(#5775,#5776,#5777,#5778),
 .UNSPECIFIED.,.F.,.F.,(4,4),(0.,1.),.UNSPECIFIED.);
#54=B_SPLINE_CURVE_WITH_KNOTS('',3,(#5782,#5783,#5784,#5785),
 .UNSPECIFIED.,.F.,.F.,(4,4),(0.,1.),.UNSPECIFIED.);
#55=B_SPLINE_CURVE_WITH_KNOTS('',3,(#5789,#5790,#5791,#5792),
 .UNSPECIFIED.,.F.,.F.,(4,4),(0.,1.),.UNSPECIFIED.);
#56=B_SPLINE_CURVE_WITH_KNOTS('',3,(#5796,#5797,#5798,#5799),
 .UNSPECIFIED.,.F.,.F.,(4,4),(0.,1.),.UNSPECIFIED.);
#57=B_SPLINE_CURVE_WITH_KNOTS('',3,(#5811,#5812,#5813,#5814),
 .UNSPECIFIED.,.F.,.F.,(4,4),(0.,1.),.UNSPECIFIED.);
#58=B_SPLINE_CURVE_WITH_KNOTS('',3,(#5845,#5846,#5847,#5848,#5849),
 .UNSPECIFIED.,.F.,.F.,(4,1,4),(0.,0.000417958407647375,0.00083591681529475),
 .UNSPECIFIED.);
#59=B_SPLINE_CURVE_WITH_KNOTS('',3,(#5851,#5852,#5853,#5854),
 .UNSPECIFIED.,.F.,.F.,(4,4),(0.,1.),.UNSPECIFIED.);
#60=B_SPLINE_CURVE_WITH_KNOTS('',3,(#5862,#5863,#5864,#5865),
 .UNSPECIFIED.,.F.,.F.,(4,4),(0.,0.100000000000028),.UNSPECIFIED.);
#61=B_SPLINE_CURVE_WITH_KNOTS('',3,(#5869,#5870,#5871,#5872),
 .UNSPECIFIED.,.F.,.F.,(4,4),(0.,0.100000000000011),.UNSPECIFIED.);
#62=B_SPLINE_CURVE_WITH_KNOTS('',3,(#5895,#5896,#5897,#5898),
 .UNSPECIFIED.,.F.,.F.,(4,4),(1.7347234759768E-18,0.000202333056303312),
 .UNSPECIFIED.);
#63=B_SPLINE_CURVE_WITH_KNOTS('',3,(#5900,#5901,#5902,#5903),
 .UNSPECIFIED.,.F.,.F.,(4,4),(0.,1.),.UNSPECIFIED.);
#64=B_SPLINE_CURVE_WITH_KNOTS('',3,(#5915,#5916,#5917,#5918),
 .UNSPECIFIED.,.F.,.F.,(4,4),(0.,1.),.UNSPECIFIED.);
#65=B_SPLINE_CURVE_WITH_KNOTS('',3,(#5922,#5923,#5924,#5925),
 .UNSPECIFIED.,.F.,.F.,(4,4),(0.,1.),.UNSPECIFIED.);
#66=B_SPLINE_CURVE_WITH_KNOTS('',3,(#5929,#5930,#5931,#5932),
 .UNSPECIFIED.,.F.,.F.,(4,4),(0.,1.),.UNSPECIFIED.);
#67=B_SPLINE_CURVE_WITH_KNOTS('',3,(#5936,#5937,#5938,#5939),
 .UNSPECIFIED.,.F.,.F.,(4,4),(0.,1.),.UNSPECIFIED.);
#68=B_SPLINE_CURVE_WITH_KNOTS('',3,(#5943,#5944,#5945,#5946),
 .UNSPECIFIED.,.F.,.F.,(4,4),(0.,1.),.UNSPECIFIED.);
#69=B_SPLINE_CURVE_WITH_KNOTS('',3,(#5950,#5951,#5952,#5953),
 .UNSPECIFIED.,.F.,.F.,(4,4),(0.,1.),.UNSPECIFIED.);
#70=B_SPLINE_CURVE_WITH_KNOTS('',3,(#5957,#5958,#5959,#5960),
 .UNSPECIFIED.,.F.,.F.,(4,4),(0.,1.),.UNSPECIFIED.);
#71=B_SPLINE_CURVE_WITH_KNOTS('',3,(#5964,#5965,#5966,#5967),
 .UNSPECIFIED.,.F.,.F.,(4,4),(0.,1.),.UNSPECIFIED.);
#72=B_SPLINE_CURVE_WITH_KNOTS('',3,(#5975,#5976,#5977,#5978),
 .UNSPECIFIED.,.F.,.F.,(4,4),(0.,1.),.UNSPECIFIED.);
#73=B_SPLINE_CURVE_WITH_KNOTS('',3,(#5990,#5991,#5992,#5993),
 .UNSPECIFIED.,.F.,.F.,(4,4),(0.,0.0999999999999948),.UNSPECIFIED.);
#74=B_SPLINE_CURVE_WITH_KNOTS('',3,(#6048,#6049,#6050,#6051,#6052),
 .UNSPECIFIED.,.F.,.F.,(4,1,4),(0.,0.000789482349304543,0.00157896469860909),
 .UNSPECIFIED.);
#75=B_SPLINE_CURVE_WITH_KNOTS('',3,(#6054,#6055,#6056,#6057),
 .UNSPECIFIED.,.F.,.F.,(4,4),(0.,1.),.UNSPECIFIED.);
#76=B_SPLINE_CURVE_WITH_KNOTS('',3,(#6061,#6062,#6063,#6064),
 .UNSPECIFIED.,.F.,.F.,(4,4),(2.4999946991516E-6,1.),.UNSPECIFIED.);
#77=B_SPLINE_CURVE_WITH_KNOTS('',3,(#6072,#6073,#6074,#6075),
 .UNSPECIFIED.,.F.,.F.,(4,4),(0.,1.),.UNSPECIFIED.);
#78=B_SPLINE_CURVE_WITH_KNOTS('',3,(#6077,#6078,#6079,#6080),
 .UNSPECIFIED.,.F.,.F.,(4,4),(0.,1.),.UNSPECIFIED.);
#79=B_SPLINE_CURVE_WITH_KNOTS('',3,(#6082,#6083,#6084,#6085),
 .UNSPECIFIED.,.F.,.F.,(4,4),(0.,1.),.UNSPECIFIED.);
#80=B_SPLINE_CURVE_WITH_KNOTS('',3,(#6089,#6090,#6091,#6092),
 .UNSPECIFIED.,.F.,.F.,(4,4),(2.50000034129199E-6,1.),.UNSPECIFIED.);
#81=B_SPLINE_CURVE_WITH_KNOTS('',3,(#6096,#6097,#6098,#6099),
 .UNSPECIFIED.,.F.,.F.,(4,4),(0.,1.),.UNSPECIFIED.);
#82=B_SPLINE_CURVE_WITH_KNOTS('',3,(#6107,#6108,#6109,#6110),
 .UNSPECIFIED.,.F.,.F.,(4,4),(0.,0.0999999999998642),.UNSPECIFIED.);
#83=B_SPLINE_CURVE_WITH_KNOTS('',3,(#6151,#6152,#6153,#6154,#6155),
 .UNSPECIFIED.,.F.,.F.,(4,1,4),(4.35843879265135E-18,0.000232289783550146,
0.000464579567100287),.UNSPECIFIED.);
#84=B_SPLINE_CURVE_WITH_KNOTS('',3,(#6157,#6158,#6159,#6160),
 .UNSPECIFIED.,.F.,.F.,(4,4),(0.,0.100000000000915),.UNSPECIFIED.);
#85=B_SPLINE_CURVE_WITH_KNOTS('',3,(#6188,#6189,#6190,#6191),
 .UNSPECIFIED.,.F.,.F.,(4,4),(0.,0.0999999999999783),.UNSPECIFIED.);
#86=B_SPLINE_CURVE_WITH_KNOTS('',3,(#6230,#6231,#6232,#6233,#6234),
 .UNSPECIFIED.,.F.,.F.,(4,1,4),(1.4802437197748E-17,0.000249267149903732,
0.00049853429980745),.UNSPECIFIED.);
#87=B_SPLINE_CURVE_WITH_KNOTS('',3,(#6236,#6237,#6238,#6239),
 .UNSPECIFIED.,.F.,.F.,(4,4),(0.,0.100000000000483),.UNSPECIFIED.);
#88=B_SPLINE_CURVE_WITH_KNOTS('',3,(#6251,#6252,#6253,#6254),
 .UNSPECIFIED.,.F.,.F.,(4,4),(0.,0.0999999999991825),.UNSPECIFIED.);
#89=B_SPLINE_CURVE_WITH_KNOTS('',3,(#6299,#6300,#6301,#6302,#6303),
 .UNSPECIFIED.,.F.,.F.,(4,1,4),(0.,0.000252181884613783,0.000504363769227565),
 .UNSPECIFIED.);
#90=B_SPLINE_CURVE_WITH_KNOTS('',3,(#6305,#6306,#6307,#6308),
 .UNSPECIFIED.,.F.,.F.,(4,4),(0.,0.0999999999989711),.UNSPECIFIED.);
#91=B_SPLINE_CURVE_WITH_KNOTS('',3,(#6312,#6313,#6314,#6315),
 .UNSPECIFIED.,.F.,.F.,(4,4),(0.,0.09999999999898),.UNSPECIFIED.);
#92=B_SPLINE_CURVE_WITH_KNOTS('',3,(#6354,#6355,#6356,#6357,#6358),
 .UNSPECIFIED.,.F.,.F.,(4,1,4),(1.82777322035228E-17,0.000249663855448006,
0.000499327710895993),.UNSPECIFIED.);
#93=B_SPLINE_CURVE_WITH_KNOTS('',3,(#6360,#6361,#6362,#6363),
 .UNSPECIFIED.,.F.,.F.,(4,4),(0.,0.0999999999986949),.UNSPECIFIED.);
#94=B_SPLINE_CURVE_WITH_KNOTS('',3,(#6371,#6372,#6373,#6374),
 .UNSPECIFIED.,.F.,.F.,(4,4),(-3.92047538995716E-13,0.0999999999999215),
 .UNSPECIFIED.);
#95=B_SPLINE_CURVE_WITH_KNOTS('',3,(#6429,#6430,#6431,#6432,#6433,#6434,
#6435,#6436,#6437,#6438,#6439,#6440,#6441,#6442,#6443,#6444,#6445,#6446,
#6447,#6448,#6449,#6450,#6451,#6452,#6453,#6454,#6455),.UNSPECIFIED.,.F.,
 .F.,(4,1,1,1,1,1,1,1,1,1,1,1,1,1,1,1,1,1,1,1,1,1,1,1,4),(0.,0.0368366553599999,
0.072782272373,0.107743494552,0.142343403942,0.176724324363,0.21093818024,
0.245596378245,0.280750757818,0.315821690242,0.350524947678,0.38481294396,
0.418879946299,0.453230551784,0.487770189103,0.522552160083,0.55838529369,
0.596810353993,0.639839783321,0.687607905546,0.740251113617,0.797820317639,
0.860316902397,0.92746228230327,0.999975049560253),.UNSPECIFIED.);
#96=B_SPLINE_CURVE_WITH_KNOTS('',3,(#6457,#6458,#6459,#6460),
 .UNSPECIFIED.,.F.,.F.,(4,4),(0.,1.),.UNSPECIFIED.);
#97=B_SPLINE_CURVE_WITH_KNOTS('',3,(#6464,#6465,#6466,#6467),
 .UNSPECIFIED.,.F.,.F.,(4,4),(0.,1.),.UNSPECIFIED.);
#98=B_SPLINE_CURVE_WITH_KNOTS('',3,(#6475,#6476,#6477,#6478),
 .UNSPECIFIED.,.F.,.F.,(4,4),(0.,0.100000000001626),.UNSPECIFIED.);
#99=B_SPLINE_CURVE_WITH_KNOTS('',3,(#6482,#6483,#6484,#6485),
 .UNSPECIFIED.,.F.,.F.,(4,4),(0.,1.),.UNSPECIFIED.);
#100=B_SPLINE_CURVE_WITH_KNOTS('',3,(#6536,#6537,#6538,#6539,#6540,#6541),
 .UNSPECIFIED.,.F.,.F.,(4,1,1,4),(0.,0.000566719357070537,0.000850079035605806,
0.00113343871414107),.UNSPECIFIED.);
#101=B_SPLINE_CURVE_WITH_KNOTS('',3,(#6548,#6549,#6550,#6551,#6552),
 .UNSPECIFIED.,.F.,.F.,(4,1,4),(0.,0.000402938814361321,0.000805877628722643),
 .UNSPECIFIED.);
#102=B_SPLINE_CURVE_WITH_KNOTS('',3,(#6567,#6568,#6569,#6570),
 .UNSPECIFIED.,.F.,.F.,(4,4),(0.,1.),.UNSPECIFIED.);
#103=B_SPLINE_CURVE_WITH_KNOTS('',3,(#6574,#6575,#6576,#6577),
 .UNSPECIFIED.,.F.,.F.,(4,4),(0.,1.),.UNSPECIFIED.);
#104=B_SPLINE_CURVE_WITH_KNOTS('',3,(#6581,#6582,#6583,#6584),
 .UNSPECIFIED.,.F.,.F.,(4,4),(0.,1.),.UNSPECIFIED.);
#105=B_SPLINE_CURVE_WITH_KNOTS('',3,(#6588,#6589,#6590,#6591),
 .UNSPECIFIED.,.F.,.F.,(4,4),(0.,1.),.UNSPECIFIED.);
#106=B_SPLINE_CURVE_WITH_KNOTS('',3,(#6602,#6603,#6604,#6605),
 .UNSPECIFIED.,.F.,.F.,(4,4),(0.,1.),.UNSPECIFIED.);
#107=B_SPLINE_CURVE_WITH_KNOTS('',3,(#6606,#6607,#6608,#6609),
 .UNSPECIFIED.,.F.,.F.,(4,4),(0.,1.),.UNSPECIFIED.);
#108=B_SPLINE_CURVE_WITH_KNOTS('',3,(#6613,#6614,#6615,#6616),
 .UNSPECIFIED.,.F.,.F.,(4,4),(0.,1.),.UNSPECIFIED.);
#109=B_SPLINE_CURVE_WITH_KNOTS('',3,(#6673,#6674,#6675,#6676,#6677,#6678),
 .UNSPECIFIED.,.F.,.F.,(4,1,1,4),(0.,0.000283359778682706,0.000566719557365411,
0.00113343911473082),.UNSPECIFIED.);
#110=B_SPLINE_CURVE_WITH_KNOTS('',3,(#6680,#6681,#6682,#6683),
 .UNSPECIFIED.,.F.,.F.,(4,4),(0.,1.),.UNSPECIFIED.);
#111=B_SPLINE_CURVE_WITH_KNOTS('',3,(#6687,#6688,#6689,#6690),
 .UNSPECIFIED.,.F.,.F.,(4,4),(0.,1.),.UNSPECIFIED.);
#112=B_SPLINE_CURVE_WITH_KNOTS('',3,(#6694,#6695,#6696,#6697),
 .UNSPECIFIED.,.F.,.F.,(4,4),(0.,1.),.UNSPECIFIED.);
#113=B_SPLINE_CURVE_WITH_KNOTS('',3,(#6701,#6702,#6703,#6704),
 .UNSPECIFIED.,.F.,.F.,(4,4),(0.,1.),.UNSPECIFIED.);
#114=B_SPLINE_CURVE_WITH_KNOTS('',3,(#6708,#6709,#6710,#6711),
 .UNSPECIFIED.,.F.,.F.,(4,4),(0.,0.099999999999588),.UNSPECIFIED.);
#115=B_SPLINE_CURVE_WITH_KNOTS('',3,(#6715,#6716,#6717,#6718),
 .UNSPECIFIED.,.F.,.F.,(4,4),(0.,0.099999999999925),.UNSPECIFIED.);
#116=B_SPLINE_CURVE_WITH_KNOTS('',3,(#6725,#6726,#6727,#6728),
 .UNSPECIFIED.,.F.,.F.,(4,4),(0.,1.),.UNSPECIFIED.);
#117=B_SPLINE_CURVE_WITH_KNOTS('',3,(#6729,#6730,#6731,#6732),
 .UNSPECIFIED.,.F.,.F.,(4,4),(0.,0.100000000000259),.UNSPECIFIED.);
#118=B_SPLINE_CURVE_WITH_KNOTS('',3,(#6777,#6778,#6779,#6780,#6781),
 .UNSPECIFIED.,.F.,.F.,(4,1,4),(0.,0.00040022907120726,0.00080045814241452),
 .UNSPECIFIED.);
#119=B_SPLINE_CURVE_WITH_KNOTS('',3,(#6783,#6784,#6785,#6786),
 .UNSPECIFIED.,.F.,.F.,(4,4),(0.,0.100000000000024),.UNSPECIFIED.);
#120=PLANE('',#3919);
#121=PLANE('',#3928);
#122=PLANE('',#3929);
#123=PLANE('',#3930);
#124=PLANE('',#3931);
#125=PLANE('',#3934);
#126=PLANE('',#3937);
#127=PLANE('',#3940);
#128=PLANE('',#3943);
#129=PLANE('',#3946);
#130=PLANE('',#3949);
#131=PLANE('',#3952);
#132=PLANE('',#3955);
#133=PLANE('',#3956);
#134=PLANE('',#3957);
#135=PLANE('',#3958);
#136=PLANE('',#3959);
#137=PLANE('',#3960);
#138=PLANE('',#3961);
#139=PLANE('',#3962);
#140=PLANE('',#3963);
#141=PLANE('',#3964);
#142=PLANE('',#3971);
#143=PLANE('',#3972);
#144=PLANE('',#3973);
#145=PLANE('',#3974);
#146=PLANE('',#3975);
#147=PLANE('',#3976);
#148=PLANE('',#3977);
#149=PLANE('',#3978);
#150=PLANE('',#3979);
#151=PLANE('',#3980);
#152=PLANE('',#3981);
#153=PLANE('',#3988);
#154=PLANE('',#4024);
#155=PLANE('',#4041);
#156=PLANE('',#4044);
#157=PLANE('',#4067);
#158=PLANE('',#4068);
#159=PLANE('',#4073);
#160=PLANE('',#4081);
#161=PLANE('',#4082);
#162=PLANE('',#4083);
#163=PLANE('',#4084);
#164=PLANE('',#4085);
#165=PLANE('',#4086);
#166=PLANE('',#4087);
#167=PLANE('',#4088);
#168=PLANE('',#4089);
#169=PLANE('',#4090);
#170=PLANE('',#4091);
#171=PLANE('',#4092);
#172=PLANE('',#4093);
#173=PLANE('',#4094);
#174=PLANE('',#4099);
#175=PLANE('',#4104);
#176=PLANE('',#4105);
#177=PLANE('',#4106);
#178=PLANE('',#4107);
#179=PLANE('',#4108);
#180=PLANE('',#4109);
#181=PLANE('',#4115);
#182=PLANE('',#4124);
#183=PLANE('',#4125);
#184=PLANE('',#4126);
#185=PLANE('',#4127);
#186=PLANE('',#4139);
#187=PLANE('',#4154);
#188=PLANE('',#4159);
#189=PLANE('',#4160);
#190=PLANE('',#4161);
#191=PLANE('',#4162);
#192=PLANE('',#4163);
#193=PLANE('',#4164);
#194=PLANE('',#4165);
#195=PLANE('',#4166);
#196=PLANE('',#4167);
#197=PLANE('',#4168);
#198=PLANE('',#4169);
#199=PLANE('',#4170);
#200=PLANE('',#4171);
#201=PLANE('',#4172);
#202=PLANE('',#4173);
#203=PLANE('',#4174);
#204=PLANE('',#4175);
#205=PLANE('',#4176);
#206=PLANE('',#4177);
#207=PLANE('',#4178);
#208=PLANE('',#4179);
#209=PLANE('',#4180);
#210=PLANE('',#4181);
#211=PLANE('',#4182);
#212=PLANE('',#4183);
#213=PLANE('',#4184);
#214=PLANE('',#4185);
#215=TOROIDAL_SURFACE('',#3901,0.00102,8.E-5);
#216=TOROIDAL_SURFACE('',#3906,0.00098,8.E-5);
#217=TOROIDAL_SURFACE('',#3917,0.00017,8.E-5);
#218=LINE('',#5070,#471);
#219=LINE('',#5074,#472);
#220=LINE('',#5079,#473);
#221=LINE('',#5083,#474);
#222=LINE('',#5088,#475);
#223=LINE('',#5092,#476);
#224=LINE('',#5097,#477);
#225=LINE('',#5101,#478);
#226=LINE('',#5106,#479);
#227=LINE('',#5110,#480);
#228=LINE('',#5115,#481);
#229=LINE('',#5119,#482);
#230=LINE('',#5124,#483);
#231=LINE('',#5128,#484);
#232=LINE('',#5133,#485);
#233=LINE('',#5137,#486);
#234=LINE('',#5173,#487);
#235=LINE('',#5174,#488);
#236=LINE('',#5176,#489);
#237=LINE('',#5178,#490);
#238=LINE('',#5182,#491);
#239=LINE('',#5186,#492);
#240=LINE('',#5190,#493);
#241=LINE('',#5194,#494);
#242=LINE('',#5198,#495);
#243=LINE('',#5202,#496);
#244=LINE('',#5206,#497);
#245=LINE('',#5210,#498);
#246=LINE('',#5212,#499);
#247=LINE('',#5214,#500);
#248=LINE('',#5215,#501);
#249=LINE('',#5216,#502);
#250=LINE('',#5217,#503);
#251=LINE('',#5218,#504);
#252=LINE('',#5219,#505);
#253=LINE('',#5220,#506);
#254=LINE('',#5222,#507);
#255=LINE('',#5224,#508);
#256=LINE('',#5226,#509);
#257=LINE('',#5228,#510);
#258=LINE('',#5230,#511);
#259=LINE('',#5232,#512);
#260=LINE('',#5234,#513);
#261=LINE('',#5238,#514);
#262=LINE('',#5240,#515);
#263=LINE('',#5242,#516);
#264=LINE('',#5246,#517);
#265=LINE('',#5248,#518);
#266=LINE('',#5250,#519);
#267=LINE('',#5254,#520);
#268=LINE('',#5256,#521);
#269=LINE('',#5258,#522);
#270=LINE('',#5262,#523);
#271=LINE('',#5264,#524);
#272=LINE('',#5266,#525);
#273=LINE('',#5270,#526);
#274=LINE('',#5272,#527);
#275=LINE('',#5274,#528);
#276=LINE('',#5278,#529);
#277=LINE('',#5280,#530);
#278=LINE('',#5282,#531);
#279=LINE('',#5286,#532);
#280=LINE('',#5288,#533);
#281=LINE('',#5290,#534);
#282=LINE('',#5294,#535);
#283=LINE('',#5296,#536);
#284=LINE('',#5298,#537);
#285=LINE('',#5300,#538);
#286=LINE('',#5302,#539);
#287=LINE('',#5304,#540);
#288=LINE('',#5306,#541);
#289=LINE('',#5308,#542);
#290=LINE('',#5310,#543);
#291=LINE('',#5312,#544);
#292=LINE('',#5314,#545);
#293=LINE('',#5316,#546);
#294=LINE('',#5318,#547);
#295=LINE('',#5321,#548);
#296=LINE('',#5323,#549);
#297=LINE('',#5325,#550);
#298=LINE('',#5327,#551);
#299=LINE('',#5329,#552);
#300=LINE('',#5330,#553);
#301=LINE('',#5333,#554);
#302=LINE('',#5335,#555);
#303=LINE('',#5337,#556);
#304=LINE('',#5345,#557);
#305=LINE('',#5359,#558);
#306=LINE('',#5367,#559);
#307=LINE('',#5375,#560);
#308=LINE('',#5383,#561);
#309=LINE('',#5385,#562);
#310=LINE('',#5387,#563);
#311=LINE('',#5390,#564);
#312=LINE('',#5391,#565);
#313=LINE('',#5393,#566);
#314=LINE('',#5395,#567);
#315=LINE('',#5397,#568);
#316=LINE('',#5399,#569);
#317=LINE('',#5401,#570);
#318=LINE('',#5403,#571);
#319=LINE('',#5405,#572);
#320=LINE('',#5407,#573);
#321=LINE('',#5409,#574);
#322=LINE('',#5411,#575);
#323=LINE('',#5413,#576);
#324=LINE('',#5415,#577);
#325=LINE('',#5417,#578);
#326=LINE('',#5419,#579);
#327=LINE('',#5421,#580);
#328=LINE('',#5423,#581);
#329=LINE('',#5425,#582);
#330=LINE('',#5434,#583);
#331=LINE('',#5448,#584);
#332=LINE('',#5456,#585);
#333=LINE('',#5464,#586);
#334=LINE('',#5472,#587);
#335=LINE('',#5474,#588);
#336=LINE('',#5486,#589);
#337=LINE('',#5516,#590);
#338=LINE('',#5525,#591);
#339=LINE('',#5550,#592);
#340=LINE('',#5563,#593);
#341=LINE('',#5576,#594);
#342=LINE('',#5584,#595);
#343=LINE('',#5586,#596);
#344=LINE('',#5588,#597);
#345=LINE('',#5589,#598);
#346=LINE('',#5592,#599);
#347=LINE('',#5594,#600);
#348=LINE('',#5596,#601);
#349=LINE('',#5604,#602);
#350=LINE('',#5606,#603);
#351=LINE('',#5608,#604);
#352=LINE('',#5616,#605);
#353=LINE('',#5624,#606);
#354=LINE('',#5626,#607);
#355=LINE('',#5638,#608);
#356=LINE('',#5644,#609);
#357=LINE('',#5646,#610);
#358=LINE('',#5648,#611);
#359=LINE('',#5650,#612);
#360=LINE('',#5652,#613);
#361=LINE('',#5654,#614);
#362=LINE('',#5725,#615);
#363=LINE('',#5803,#616);
#364=LINE('',#5807,#617);
#365=LINE('',#5858,#618);
#366=LINE('',#5867,#619);
#367=LINE('',#5907,#620);
#368=LINE('',#5909,#621);
#369=LINE('',#5911,#622);
#370=LINE('',#5971,#623);
#371=LINE('',#5982,#624);
#372=LINE('',#5984,#625);
#373=LINE('',#5986,#626);
#374=LINE('',#5988,#627);
#375=LINE('',#6068,#628);
#376=LINE('',#6070,#629);
#377=LINE('',#6103,#630);
#378=LINE('',#6105,#631);
#379=LINE('',#6162,#632);
#380=LINE('',#6164,#633);
#381=LINE('',#6166,#634);
#382=LINE('',#6168,#635);
#383=LINE('',#6170,#636);
#384=LINE('',#6172,#637);
#385=LINE('',#6174,#638);
#386=LINE('',#6176,#639);
#387=LINE('',#6178,#640);
#388=LINE('',#6180,#641);
#389=LINE('',#6182,#642);
#390=LINE('',#6184,#643);
#391=LINE('',#6186,#644);
#392=LINE('',#6241,#645);
#393=LINE('',#6243,#646);
#394=LINE('',#6245,#647);
#395=LINE('',#6247,#648);
#396=LINE('',#6249,#649);
#397=LINE('',#6310,#650);
#398=LINE('',#6365,#651);
#399=LINE('',#6367,#652);
#400=LINE('',#6369,#653);
#401=LINE('',#6471,#654);
#402=LINE('',#6473,#655);
#403=LINE('',#6489,#656);
#404=LINE('',#6491,#657);
#405=LINE('',#6493,#658);
#406=LINE('',#6495,#659);
#407=LINE('',#6497,#660);
#408=LINE('',#6499,#661);
#409=LINE('',#6501,#662);
#410=LINE('',#6503,#663);
#411=LINE('',#6511,#664);
#412=LINE('',#6526,#665);
#413=LINE('',#6555,#666);
#414=LINE('',#6557,#667);
#415=LINE('',#6559,#668);
#416=LINE('',#6566,#669);
#417=LINE('',#6595,#670);
#418=LINE('',#6597,#671);
#419=LINE('',#6620,#672);
#420=LINE('',#6713,#673);
#421=LINE('',#6788,#674);
#422=LINE('',#6790,#675);
#423=LINE('',#6792,#676);
#424=LINE('',#6794,#677);
#425=LINE('',#6796,#678);
#426=LINE('',#6800,#679);
#427=LINE('',#6803,#680);
#428=LINE('',#6805,#681);
#429=LINE('',#6807,#682);
#430=LINE('',#6808,#683);
#431=LINE('',#6811,#684);
#432=LINE('',#6813,#685);
#433=LINE('',#6815,#686);
#434=LINE('',#6817,#687);
#435=LINE('',#6819,#688);
#436=LINE('',#6821,#689);
#437=LINE('',#6823,#690);
#438=LINE('',#6827,#691);
#439=LINE('',#6829,#692);
#440=LINE('',#6831,#693);
#441=LINE('',#6833,#694);
#442=LINE('',#6835,#695);
#443=LINE('',#6837,#696);
#444=LINE('',#6839,#697);
#445=LINE('',#6841,#698);
#446=LINE('',#6843,#699);
#447=LINE('',#6845,#700);
#448=LINE('',#6847,#701);
#449=LINE('',#6849,#702);
#450=LINE('',#6851,#703);
#451=LINE('',#6853,#704);
#452=LINE('',#6855,#705);
#453=LINE('',#6857,#706);
#454=LINE('',#6859,#707);
#455=LINE('',#6861,#708);
#456=LINE('',#6863,#709);
#457=LINE('',#6865,#710);
#458=LINE('',#6867,#711);
#459=LINE('',#6869,#712);
#460=LINE('',#6871,#713);
#461=LINE('',#6873,#714);
#462=LINE('',#6876,#715);
#463=LINE('',#6879,#716);
#464=LINE('',#6881,#717);
#465=LINE('',#6883,#718);
#466=LINE('',#6886,#719);
#467=LINE('',#6887,#720);
#468=LINE('',#6889,#721);
#469=LINE('',#6891,#722);
#470=LINE('',#6893,#723);
#471=VECTOR('',#4192,1.);
#472=VECTOR('',#4195,1.);
#473=VECTOR('',#4200,1.);
#474=VECTOR('',#4203,1.);
#475=VECTOR('',#4208,1.);
#476=VECTOR('',#4211,1.);
#477=VECTOR('',#4216,1.);
#478=VECTOR('',#4219,1.);
#479=VECTOR('',#4224,1.);
#480=VECTOR('',#4227,1.);
#481=VECTOR('',#4232,1.);
#482=VECTOR('',#4235,1.);
#483=VECTOR('',#4240,1.);
#484=VECTOR('',#4243,1.);
#485=VECTOR('',#4248,1.);
#486=VECTOR('',#4251,1.);
#487=VECTOR('',#4296,1.);
#488=VECTOR('',#4297,1.);
#489=VECTOR('',#4298,1.);
#490=VECTOR('',#4299,1.);
#491=VECTOR('',#4302,1.);
#492=VECTOR('',#4305,1.);
#493=VECTOR('',#4308,1.);
#494=VECTOR('',#4311,1.);
#495=VECTOR('',#4314,1.);
#496=VECTOR('',#4317,1.);
#497=VECTOR('',#4320,1.);
#498=VECTOR('',#4323,1.);
#499=VECTOR('',#4324,1.);
#500=VECTOR('',#4325,1.);
#501=VECTOR('',#4326,1.);
#502=VECTOR('',#4327,1.);
#503=VECTOR('',#4328,1.);
#504=VECTOR('',#4329,1.);
#505=VECTOR('',#4330,1.);
#506=VECTOR('',#4331,1.);
#507=VECTOR('',#4334,1.);
#508=VECTOR('',#4337,1.);
#509=VECTOR('',#4338,1.);
#510=VECTOR('',#4341,1.);
#511=VECTOR('',#4342,1.);
#512=VECTOR('',#4345,1.);
#513=VECTOR('',#4346,1.);
#514=VECTOR('',#4351,1.);
#515=VECTOR('',#4354,1.);
#516=VECTOR('',#4355,1.);
#517=VECTOR('',#4360,1.);
#518=VECTOR('',#4363,1.);
#519=VECTOR('',#4364,1.);
#520=VECTOR('',#4369,1.);
#521=VECTOR('',#4372,1.);
#522=VECTOR('',#4373,1.);
#523=VECTOR('',#4378,1.);
#524=VECTOR('',#4381,1.);
#525=VECTOR('',#4382,1.);
#526=VECTOR('',#4387,1.);
#527=VECTOR('',#4390,1.);
#528=VECTOR('',#4391,1.);
#529=VECTOR('',#4396,1.);
#530=VECTOR('',#4399,1.);
#531=VECTOR('',#4400,1.);
#532=VECTOR('',#4405,1.);
#533=VECTOR('',#4408,1.);
#534=VECTOR('',#4409,1.);
#535=VECTOR('',#4414,1.);
#536=VECTOR('',#4417,1.);
#537=VECTOR('',#4418,1.);
#538=VECTOR('',#4421,1.);
#539=VECTOR('',#4422,1.);
#540=VECTOR('',#4425,1.);
#541=VECTOR('',#4428,1.);
#542=VECTOR('',#4431,1.);
#543=VECTOR('',#4434,1.);
#544=VECTOR('',#4437,1.);
#545=VECTOR('',#4440,1.);
#546=VECTOR('',#4443,1.);
#547=VECTOR('',#4446,1.);
#548=VECTOR('',#4447,1.);
#549=VECTOR('',#4448,1.);
#550=VECTOR('',#4449,1.);
#551=VECTOR('',#4450,1.);
#552=VECTOR('',#4451,1.);
#553=VECTOR('',#4452,1.);
#554=VECTOR('',#4453,1.);
#555=VECTOR('',#4454,1.);
#556=VECTOR('',#4455,1.);
#557=VECTOR('',#4458,1.);
#558=VECTOR('',#4461,1.);
#559=VECTOR('',#4464,1.);
#560=VECTOR('',#4467,1.);
#561=VECTOR('',#4470,1.);
#562=VECTOR('',#4473,1.);
#563=VECTOR('',#4476,1.);
#564=VECTOR('',#4477,1.);
#565=VECTOR('',#4478,1.);
#566=VECTOR('',#4481,1.);
#567=VECTOR('',#4482,1.);
#568=VECTOR('',#4485,1.);
#569=VECTOR('',#4486,1.);
#570=VECTOR('',#4489,1.);
#571=VECTOR('',#4492,1.);
#572=VECTOR('',#4493,1.);
#573=VECTOR('',#4494,1.);
#574=VECTOR('',#4497,1.);
#575=VECTOR('',#4498,1.);
#576=VECTOR('',#4501,1.);
#577=VECTOR('',#4502,1.);
#578=VECTOR('',#4505,1.);
#579=VECTOR('',#4506,1.);
#580=VECTOR('',#4509,1.);
#581=VECTOR('',#4510,1.);
#582=VECTOR('',#4513,1.);
#583=VECTOR('',#4518,1.);
#584=VECTOR('',#4521,1.);
#585=VECTOR('',#4524,1.);
#586=VECTOR('',#4527,1.);
#587=VECTOR('',#4530,1.);
#588=VECTOR('',#4533,1.);
#589=VECTOR('',#4538,1.);
#590=VECTOR('',#4555,1.);
#591=VECTOR('',#4558,1.);
#592=VECTOR('',#4583,1.);
#593=VECTOR('',#4588,1.);
#594=VECTOR('',#4595,1.);
#595=VECTOR('',#4596,1.);
#596=VECTOR('',#4597,1.);
#597=VECTOR('',#4598,1.);
#598=VECTOR('',#4599,1.);
#599=VECTOR('',#4600,1.);
#600=VECTOR('',#4601,1.);
#601=VECTOR('',#4602,1.);
#602=VECTOR('',#4603,1.);
#603=VECTOR('',#4604,1.);
#604=VECTOR('',#4605,1.);
#605=VECTOR('',#4606,1.);
#606=VECTOR('',#4607,1.);
#607=VECTOR('',#4608,1.);
#608=VECTOR('',#4613,1.);
#609=VECTOR('',#4618,1.);
#610=VECTOR('',#4619,1.);
#611=VECTOR('',#4620,1.);
#612=VECTOR('',#4621,1.);
#613=VECTOR('',#4622,1.);
#614=VECTOR('',#4625,1.);
#615=VECTOR('',#4634,1.);
#616=VECTOR('',#4651,1.);
#617=VECTOR('',#4656,1.);
#618=VECTOR('',#4665,1.);
#619=VECTOR('',#4672,1.);
#620=VECTOR('',#4677,1.);
#621=VECTOR('',#4680,1.);
#622=VECTOR('',#4681,1.);
#623=VECTOR('',#4718,1.);
#624=VECTOR('',#4729,1.);
#625=VECTOR('',#4730,1.);
#626=VECTOR('',#4731,1.);
#627=VECTOR('',#4734,1.);
#628=VECTOR('',#4743,1.);
#629=VECTOR('',#4746,1.);
#630=VECTOR('',#4761,1.);
#631=VECTOR('',#4764,1.);
#632=VECTOR('',#4767,1.);
#633=VECTOR('',#4768,1.);
#634=VECTOR('',#4771,1.);
#635=VECTOR('',#4774,1.);
#636=VECTOR('',#4775,1.);
#637=VECTOR('',#4776,1.);
#638=VECTOR('',#4779,1.);
#639=VECTOR('',#4780,1.);
#640=VECTOR('',#4783,1.);
#641=VECTOR('',#4784,1.);
#642=VECTOR('',#4787,1.);
#643=VECTOR('',#4790,1.);
#644=VECTOR('',#4791,1.);
#645=VECTOR('',#4794,1.);
#646=VECTOR('',#4795,1.);
#647=VECTOR('',#4798,1.);
#648=VECTOR('',#4799,1.);
#649=VECTOR('',#4802,1.);
#650=VECTOR('',#4805,1.);
#651=VECTOR('',#4808,1.);
#652=VECTOR('',#4809,1.);
#653=VECTOR('',#4812,1.);
#654=VECTOR('',#4821,1.);
#655=VECTOR('',#4824,1.);
#656=VECTOR('',#4833,1.);
#657=VECTOR('',#4836,1.);
#658=VECTOR('',#4837,1.);
#659=VECTOR('',#4840,1.);
#660=VECTOR('',#4841,1.);
#661=VECTOR('',#4844,1.);
#662=VECTOR('',#4845,1.);
#663=VECTOR('',#4848,1.);
#664=VECTOR('',#4857,1.);
#665=VECTOR('',#4872,1.);
#666=VECTOR('',#4891,1.);
#667=VECTOR('',#4892,1.);
#668=VECTOR('',#4893,1.);
#669=VECTOR('',#4900,1.);
#670=VECTOR('',#4917,1.);
#671=VECTOR('',#4920,1.);
#672=VECTOR('',#4933,1.);
#673=VECTOR('',#4952,1.);
#674=VECTOR('',#4963,1.);
#675=VECTOR('',#4964,1.);
#676=VECTOR('',#4967,1.);
#677=VECTOR('',#4968,1.);
#678=VECTOR('',#4971,1.);
#679=VECTOR('',#4978,1.);
#680=VECTOR('',#4979,1.);
#681=VECTOR('',#4980,1.);
#682=VECTOR('',#4981,1.);
#683=VECTOR('',#4982,1.);
#684=VECTOR('',#4983,1.);
#685=VECTOR('',#4984,1.);
#686=VECTOR('',#4985,1.);
#687=VECTOR('',#4986,1.);
#688=VECTOR('',#4987,1.);
#689=VECTOR('',#4988,1.);
#690=VECTOR('',#4989,1.);
#691=VECTOR('',#4996,1.);
#692=VECTOR('',#4997,1.);
#693=VECTOR('',#4998,1.);
#694=VECTOR('',#5001,1.);
#695=VECTOR('',#5002,1.);
#696=VECTOR('',#5005,1.);
#697=VECTOR('',#5006,1.);
#698=VECTOR('',#5009,1.);
#699=VECTOR('',#5012,1.);
#700=VECTOR('',#5013,1.);
#701=VECTOR('',#5014,1.);
#702=VECTOR('',#5017,1.);
#703=VECTOR('',#5018,1.);
#704=VECTOR('',#5021,1.);
#705=VECTOR('',#5022,1.);
#706=VECTOR('',#5025,1.);
#707=VECTOR('',#5026,1.);
#708=VECTOR('',#5029,1.);
#709=VECTOR('',#5030,1.);
#710=VECTOR('',#5033,1.);
#711=VECTOR('',#5034,1.);
#712=VECTOR('',#5037,1.);
#713=VECTOR('',#5038,1.);
#714=VECTOR('',#5041,1.);
#715=VECTOR('',#5046,1.);
#716=VECTOR('',#5047,1.);
#717=VECTOR('',#5048,1.);
#718=VECTOR('',#5051,1.);
#719=VECTOR('',#5052,1.);
#720=VECTOR('',#5053,1.);
#721=VECTOR('',#5056,1.);
#722=VECTOR('',#5057,1.);
#723=VECTOR('',#5060,1.);
#724=ORIENTED_EDGE('',*,*,#1692,.F.);
#725=ORIENTED_EDGE('',*,*,#1693,.F.);
#726=ORIENTED_EDGE('',*,*,#1694,.T.);
#727=ORIENTED_EDGE('',*,*,#1695,.T.);
#728=ORIENTED_EDGE('',*,*,#1696,.F.);
#729=ORIENTED_EDGE('',*,*,#1697,.F.);
#730=ORIENTED_EDGE('',*,*,#1698,.T.);
#731=ORIENTED_EDGE('',*,*,#1699,.T.);
#732=ORIENTED_EDGE('',*,*,#1700,.F.);
#733=ORIENTED_EDGE('',*,*,#1701,.F.);
#734=ORIENTED_EDGE('',*,*,#1702,.T.);
#735=ORIENTED_EDGE('',*,*,#1703,.T.);
#736=ORIENTED_EDGE('',*,*,#1704,.F.);
#737=ORIENTED_EDGE('',*,*,#1705,.F.);
#738=ORIENTED_EDGE('',*,*,#1706,.T.);
#739=ORIENTED_EDGE('',*,*,#1707,.T.);
#740=ORIENTED_EDGE('',*,*,#1708,.F.);
#741=ORIENTED_EDGE('',*,*,#1709,.F.);
#742=ORIENTED_EDGE('',*,*,#1710,.T.);
#743=ORIENTED_EDGE('',*,*,#1711,.T.);
#744=ORIENTED_EDGE('',*,*,#1712,.F.);
#745=ORIENTED_EDGE('',*,*,#1713,.F.);
#746=ORIENTED_EDGE('',*,*,#1714,.T.);
#747=ORIENTED_EDGE('',*,*,#1715,.T.);
#748=ORIENTED_EDGE('',*,*,#1716,.F.);
#749=ORIENTED_EDGE('',*,*,#1717,.F.);
#750=ORIENTED_EDGE('',*,*,#1718,.T.);
#751=ORIENTED_EDGE('',*,*,#1719,.T.);
#752=ORIENTED_EDGE('',*,*,#1720,.F.);
#753=ORIENTED_EDGE('',*,*,#1721,.T.);
#754=ORIENTED_EDGE('',*,*,#1722,.T.);
#755=ORIENTED_EDGE('',*,*,#1723,.T.);
#756=ORIENTED_EDGE('',*,*,#1724,.F.);
#757=ORIENTED_EDGE('',*,*,#1725,.T.);
#758=ORIENTED_EDGE('',*,*,#1726,.T.);
#759=ORIENTED_EDGE('',*,*,#1725,.F.);
#760=ORIENTED_EDGE('',*,*,#1727,.T.);
#761=ORIENTED_EDGE('',*,*,#1728,.F.);
#762=ORIENTED_EDGE('',*,*,#1729,.T.);
#763=ORIENTED_EDGE('',*,*,#1730,.F.);
#764=ORIENTED_EDGE('',*,*,#1731,.T.);
#765=ORIENTED_EDGE('',*,*,#1732,.F.);
#766=ORIENTED_EDGE('',*,*,#1733,.F.);
#767=ORIENTED_EDGE('',*,*,#1729,.F.);
#768=ORIENTED_EDGE('',*,*,#1734,.F.);
#769=ORIENTED_EDGE('',*,*,#1735,.T.);
#770=ORIENTED_EDGE('',*,*,#1736,.T.);
#771=ORIENTED_EDGE('',*,*,#1735,.F.);
#772=ORIENTED_EDGE('',*,*,#1737,.F.);
#773=ORIENTED_EDGE('',*,*,#1694,.F.);
#774=ORIENTED_EDGE('',*,*,#1738,.F.);
#775=ORIENTED_EDGE('',*,*,#1739,.F.);
#776=ORIENTED_EDGE('',*,*,#1740,.F.);
#777=ORIENTED_EDGE('',*,*,#1741,.F.);
#778=ORIENTED_EDGE('',*,*,#1742,.F.);
#779=ORIENTED_EDGE('',*,*,#1743,.F.);
#780=ORIENTED_EDGE('',*,*,#1744,.F.);
#781=ORIENTED_EDGE('',*,*,#1745,.F.);
#782=ORIENTED_EDGE('',*,*,#1746,.F.);
#783=ORIENTED_EDGE('',*,*,#1747,.F.);
#784=ORIENTED_EDGE('',*,*,#1748,.F.);
#785=ORIENTED_EDGE('',*,*,#1749,.F.);
#786=ORIENTED_EDGE('',*,*,#1750,.F.);
#787=ORIENTED_EDGE('',*,*,#1751,.F.);
#788=ORIENTED_EDGE('',*,*,#1752,.F.);
#789=ORIENTED_EDGE('',*,*,#1753,.F.);
#790=ORIENTED_EDGE('',*,*,#1754,.F.);
#791=ORIENTED_EDGE('',*,*,#1755,.F.);
#792=ORIENTED_EDGE('',*,*,#1756,.F.);
#793=ORIENTED_EDGE('',*,*,#1757,.F.);
#794=ORIENTED_EDGE('',*,*,#1758,.F.);
#795=ORIENTED_EDGE('',*,*,#1698,.F.);
#796=ORIENTED_EDGE('',*,*,#1759,.F.);
#797=ORIENTED_EDGE('',*,*,#1702,.F.);
#798=ORIENTED_EDGE('',*,*,#1760,.F.);
#799=ORIENTED_EDGE('',*,*,#1706,.F.);
#800=ORIENTED_EDGE('',*,*,#1761,.F.);
#801=ORIENTED_EDGE('',*,*,#1710,.F.);
#802=ORIENTED_EDGE('',*,*,#1762,.F.);
#803=ORIENTED_EDGE('',*,*,#1714,.F.);
#804=ORIENTED_EDGE('',*,*,#1763,.F.);
#805=ORIENTED_EDGE('',*,*,#1718,.F.);
#806=ORIENTED_EDGE('',*,*,#1764,.F.);
#807=ORIENTED_EDGE('',*,*,#1722,.F.);
#808=ORIENTED_EDGE('',*,*,#1737,.T.);
#809=ORIENTED_EDGE('',*,*,#1721,.F.);
#810=ORIENTED_EDGE('',*,*,#1765,.F.);
#811=ORIENTED_EDGE('',*,*,#1695,.F.);
#812=ORIENTED_EDGE('',*,*,#1766,.F.);
#813=ORIENTED_EDGE('',*,*,#1767,.F.);
#814=ORIENTED_EDGE('',*,*,#1738,.T.);
#815=ORIENTED_EDGE('',*,*,#1693,.T.);
#816=ORIENTED_EDGE('',*,*,#1768,.F.);
#817=ORIENTED_EDGE('',*,*,#1769,.F.);
#818=ORIENTED_EDGE('',*,*,#1739,.T.);
#819=ORIENTED_EDGE('',*,*,#1767,.T.);
#820=ORIENTED_EDGE('',*,*,#1740,.T.);
#821=ORIENTED_EDGE('',*,*,#1769,.T.);
#822=ORIENTED_EDGE('',*,*,#1770,.F.);
#823=ORIENTED_EDGE('',*,*,#1771,.F.);
#824=ORIENTED_EDGE('',*,*,#1741,.T.);
#825=ORIENTED_EDGE('',*,*,#1771,.T.);
#826=ORIENTED_EDGE('',*,*,#1772,.F.);
#827=ORIENTED_EDGE('',*,*,#1773,.F.);
#828=ORIENTED_EDGE('',*,*,#1742,.T.);
#829=ORIENTED_EDGE('',*,*,#1773,.T.);
#830=ORIENTED_EDGE('',*,*,#1774,.F.);
#831=ORIENTED_EDGE('',*,*,#1775,.F.);
#832=ORIENTED_EDGE('',*,*,#1743,.T.);
#833=ORIENTED_EDGE('',*,*,#1775,.T.);
#834=ORIENTED_EDGE('',*,*,#1776,.F.);
#835=ORIENTED_EDGE('',*,*,#1777,.F.);
#836=ORIENTED_EDGE('',*,*,#1744,.T.);
#837=ORIENTED_EDGE('',*,*,#1777,.T.);
#838=ORIENTED_EDGE('',*,*,#1778,.F.);
#839=ORIENTED_EDGE('',*,*,#1779,.F.);
#840=ORIENTED_EDGE('',*,*,#1745,.T.);
#841=ORIENTED_EDGE('',*,*,#1779,.T.);
#842=ORIENTED_EDGE('',*,*,#1780,.F.);
#843=ORIENTED_EDGE('',*,*,#1781,.F.);
#844=ORIENTED_EDGE('',*,*,#1782,.F.);
#845=ORIENTED_EDGE('',*,*,#1783,.F.);
#846=ORIENTED_EDGE('',*,*,#1746,.T.);
#847=ORIENTED_EDGE('',*,*,#1781,.T.);
#848=ORIENTED_EDGE('',*,*,#1747,.T.);
#849=ORIENTED_EDGE('',*,*,#1783,.T.);
#850=ORIENTED_EDGE('',*,*,#1784,.F.);
#851=ORIENTED_EDGE('',*,*,#1785,.F.);
#852=ORIENTED_EDGE('',*,*,#1748,.T.);
#853=ORIENTED_EDGE('',*,*,#1785,.T.);
#854=ORIENTED_EDGE('',*,*,#1786,.F.);
#855=ORIENTED_EDGE('',*,*,#1787,.F.);
#856=ORIENTED_EDGE('',*,*,#1749,.T.);
#857=ORIENTED_EDGE('',*,*,#1787,.T.);
#858=ORIENTED_EDGE('',*,*,#1788,.F.);
#859=ORIENTED_EDGE('',*,*,#1789,.F.);
#860=ORIENTED_EDGE('',*,*,#1790,.F.);
#861=ORIENTED_EDGE('',*,*,#1791,.F.);
#862=ORIENTED_EDGE('',*,*,#1750,.T.);
#863=ORIENTED_EDGE('',*,*,#1789,.T.);
#864=ORIENTED_EDGE('',*,*,#1751,.T.);
#865=ORIENTED_EDGE('',*,*,#1791,.T.);
#866=ORIENTED_EDGE('',*,*,#1792,.F.);
#867=ORIENTED_EDGE('',*,*,#1793,.F.);
#868=ORIENTED_EDGE('',*,*,#1794,.F.);
#869=ORIENTED_EDGE('',*,*,#1795,.F.);
#870=ORIENTED_EDGE('',*,*,#1752,.T.);
#871=ORIENTED_EDGE('',*,*,#1793,.T.);
#872=ORIENTED_EDGE('',*,*,#1753,.T.);
#873=ORIENTED_EDGE('',*,*,#1795,.T.);
#874=ORIENTED_EDGE('',*,*,#1796,.F.);
#875=ORIENTED_EDGE('',*,*,#1797,.F.);
#876=ORIENTED_EDGE('',*,*,#1798,.F.);
#877=ORIENTED_EDGE('',*,*,#1799,.F.);
#878=ORIENTED_EDGE('',*,*,#1754,.T.);
#879=ORIENTED_EDGE('',*,*,#1797,.T.);
#880=ORIENTED_EDGE('',*,*,#1755,.T.);
#881=ORIENTED_EDGE('',*,*,#1799,.T.);
#882=ORIENTED_EDGE('',*,*,#1800,.F.);
#883=ORIENTED_EDGE('',*,*,#1801,.F.);
#884=ORIENTED_EDGE('',*,*,#1802,.F.);
#885=ORIENTED_EDGE('',*,*,#1803,.F.);
#886=ORIENTED_EDGE('',*,*,#1756,.T.);
#887=ORIENTED_EDGE('',*,*,#1801,.T.);
#888=ORIENTED_EDGE('',*,*,#1804,.F.);
#889=ORIENTED_EDGE('',*,*,#1805,.F.);
#890=ORIENTED_EDGE('',*,*,#1757,.T.);
#891=ORIENTED_EDGE('',*,*,#1803,.T.);
#892=ORIENTED_EDGE('',*,*,#1758,.T.);
#893=ORIENTED_EDGE('',*,*,#1805,.T.);
#894=ORIENTED_EDGE('',*,*,#1806,.F.);
#895=ORIENTED_EDGE('',*,*,#1699,.F.);
#896=ORIENTED_EDGE('',*,*,#1759,.T.);
#897=ORIENTED_EDGE('',*,*,#1697,.T.);
#898=ORIENTED_EDGE('',*,*,#1807,.F.);
#899=ORIENTED_EDGE('',*,*,#1703,.F.);
#900=ORIENTED_EDGE('',*,*,#1760,.T.);
#901=ORIENTED_EDGE('',*,*,#1701,.T.);
#902=ORIENTED_EDGE('',*,*,#1808,.F.);
#903=ORIENTED_EDGE('',*,*,#1707,.F.);
#904=ORIENTED_EDGE('',*,*,#1809,.F.);
#905=ORIENTED_EDGE('',*,*,#1711,.F.);
#906=ORIENTED_EDGE('',*,*,#1761,.T.);
#907=ORIENTED_EDGE('',*,*,#1705,.T.);
#908=ORIENTED_EDGE('',*,*,#1810,.F.);
#909=ORIENTED_EDGE('',*,*,#1715,.F.);
#910=ORIENTED_EDGE('',*,*,#1762,.T.);
#911=ORIENTED_EDGE('',*,*,#1709,.T.);
#912=ORIENTED_EDGE('',*,*,#1811,.F.);
#913=ORIENTED_EDGE('',*,*,#1719,.F.);
#914=ORIENTED_EDGE('',*,*,#1763,.T.);
#915=ORIENTED_EDGE('',*,*,#1713,.T.);
#916=ORIENTED_EDGE('',*,*,#1764,.T.);
#917=ORIENTED_EDGE('',*,*,#1717,.T.);
#918=ORIENTED_EDGE('',*,*,#1812,.F.);
#919=ORIENTED_EDGE('',*,*,#1723,.F.);
#920=ORIENTED_EDGE('',*,*,#1813,.T.);
#921=ORIENTED_EDGE('',*,*,#1814,.T.);
#922=ORIENTED_EDGE('',*,*,#1815,.T.);
#923=ORIENTED_EDGE('',*,*,#1816,.T.);
#924=ORIENTED_EDGE('',*,*,#1817,.T.);
#925=ORIENTED_EDGE('',*,*,#1818,.T.);
#926=ORIENTED_EDGE('',*,*,#1770,.T.);
#927=ORIENTED_EDGE('',*,*,#1768,.T.);
#928=ORIENTED_EDGE('',*,*,#1766,.T.);
#929=ORIENTED_EDGE('',*,*,#1692,.T.);
#930=ORIENTED_EDGE('',*,*,#1765,.T.);
#931=ORIENTED_EDGE('',*,*,#1720,.T.);
#932=ORIENTED_EDGE('',*,*,#1812,.T.);
#933=ORIENTED_EDGE('',*,*,#1716,.T.);
#934=ORIENTED_EDGE('',*,*,#1811,.T.);
#935=ORIENTED_EDGE('',*,*,#1712,.T.);
#936=ORIENTED_EDGE('',*,*,#1810,.T.);
#937=ORIENTED_EDGE('',*,*,#1708,.T.);
#938=ORIENTED_EDGE('',*,*,#1809,.T.);
#939=ORIENTED_EDGE('',*,*,#1704,.T.);
#940=ORIENTED_EDGE('',*,*,#1808,.T.);
#941=ORIENTED_EDGE('',*,*,#1700,.T.);
#942=ORIENTED_EDGE('',*,*,#1807,.T.);
#943=ORIENTED_EDGE('',*,*,#1696,.T.);
#944=ORIENTED_EDGE('',*,*,#1806,.T.);
#945=ORIENTED_EDGE('',*,*,#1804,.T.);
#946=ORIENTED_EDGE('',*,*,#1802,.T.);
#947=ORIENTED_EDGE('',*,*,#1800,.T.);
#948=ORIENTED_EDGE('',*,*,#1798,.T.);
#949=ORIENTED_EDGE('',*,*,#1796,.T.);
#950=ORIENTED_EDGE('',*,*,#1794,.T.);
#951=ORIENTED_EDGE('',*,*,#1792,.T.);
#952=ORIENTED_EDGE('',*,*,#1790,.T.);
#953=ORIENTED_EDGE('',*,*,#1788,.T.);
#954=ORIENTED_EDGE('',*,*,#1786,.T.);
#955=ORIENTED_EDGE('',*,*,#1784,.T.);
#956=ORIENTED_EDGE('',*,*,#1782,.T.);
#957=ORIENTED_EDGE('',*,*,#1780,.T.);
#958=ORIENTED_EDGE('',*,*,#1778,.T.);
#959=ORIENTED_EDGE('',*,*,#1776,.T.);
#960=ORIENTED_EDGE('',*,*,#1774,.T.);
#961=ORIENTED_EDGE('',*,*,#1772,.T.);
#962=ORIENTED_EDGE('',*,*,#1819,.T.);
#963=ORIENTED_EDGE('',*,*,#1820,.T.);
#964=ORIENTED_EDGE('',*,*,#1821,.T.);
#965=ORIENTED_EDGE('',*,*,#1822,.T.);
#966=ORIENTED_EDGE('',*,*,#1823,.F.);
#967=ORIENTED_EDGE('',*,*,#1824,.F.);
#968=ORIENTED_EDGE('',*,*,#1825,.F.);
#969=ORIENTED_EDGE('',*,*,#1814,.F.);
#970=ORIENTED_EDGE('',*,*,#1826,.F.);
#971=ORIENTED_EDGE('',*,*,#1827,.F.);
#972=ORIENTED_EDGE('',*,*,#1823,.T.);
#973=ORIENTED_EDGE('',*,*,#1813,.F.);
#974=ORIENTED_EDGE('',*,*,#1828,.F.);
#975=ORIENTED_EDGE('',*,*,#1829,.F.);
#976=ORIENTED_EDGE('',*,*,#1826,.T.);
#977=ORIENTED_EDGE('',*,*,#1818,.F.);
#978=ORIENTED_EDGE('',*,*,#1828,.T.);
#979=ORIENTED_EDGE('',*,*,#1817,.F.);
#980=ORIENTED_EDGE('',*,*,#1830,.F.);
#981=ORIENTED_EDGE('',*,*,#1831,.F.);
#982=ORIENTED_EDGE('',*,*,#1830,.T.);
#983=ORIENTED_EDGE('',*,*,#1816,.F.);
#984=ORIENTED_EDGE('',*,*,#1832,.F.);
#985=ORIENTED_EDGE('',*,*,#1833,.F.);
#986=ORIENTED_EDGE('',*,*,#1825,.T.);
#987=ORIENTED_EDGE('',*,*,#1834,.F.);
#988=ORIENTED_EDGE('',*,*,#1832,.T.);
#989=ORIENTED_EDGE('',*,*,#1815,.F.);
#990=ORIENTED_EDGE('',*,*,#1835,.F.);
#991=ORIENTED_EDGE('',*,*,#1836,.F.);
#992=ORIENTED_EDGE('',*,*,#1820,.F.);
#993=ORIENTED_EDGE('',*,*,#1837,.F.);
#994=ORIENTED_EDGE('',*,*,#1838,.F.);
#995=ORIENTED_EDGE('',*,*,#1837,.T.);
#996=ORIENTED_EDGE('',*,*,#1819,.F.);
#997=ORIENTED_EDGE('',*,*,#1839,.F.);
#998=ORIENTED_EDGE('',*,*,#1840,.F.);
#999=ORIENTED_EDGE('',*,*,#1839,.T.);
#1000=ORIENTED_EDGE('',*,*,#1822,.F.);
#1001=ORIENTED_EDGE('',*,*,#1841,.F.);
#1002=ORIENTED_EDGE('',*,*,#1842,.F.);
#1003=ORIENTED_EDGE('',*,*,#1841,.T.);
#1004=ORIENTED_EDGE('',*,*,#1821,.F.);
#1005=ORIENTED_EDGE('',*,*,#1836,.T.);
#1006=ORIENTED_EDGE('',*,*,#1843,.F.);
#1007=ORIENTED_EDGE('',*,*,#1844,.F.);
#1008=ORIENTED_EDGE('',*,*,#1845,.F.);
#1009=ORIENTED_EDGE('',*,*,#1824,.T.);
#1010=ORIENTED_EDGE('',*,*,#1846,.F.);
#1011=ORIENTED_EDGE('',*,*,#1847,.F.);
#1012=ORIENTED_EDGE('',*,*,#1843,.T.);
#1013=ORIENTED_EDGE('',*,*,#1827,.T.);
#1014=ORIENTED_EDGE('',*,*,#1848,.F.);
#1015=ORIENTED_EDGE('',*,*,#1849,.F.);
#1016=ORIENTED_EDGE('',*,*,#1846,.T.);
#1017=ORIENTED_EDGE('',*,*,#1829,.T.);
#1018=ORIENTED_EDGE('',*,*,#1850,.F.);
#1019=ORIENTED_EDGE('',*,*,#1851,.F.);
#1020=ORIENTED_EDGE('',*,*,#1848,.T.);
#1021=ORIENTED_EDGE('',*,*,#1831,.T.);
#1022=ORIENTED_EDGE('',*,*,#1852,.F.);
#1023=ORIENTED_EDGE('',*,*,#1853,.F.);
#1024=ORIENTED_EDGE('',*,*,#1850,.T.);
#1025=ORIENTED_EDGE('',*,*,#1833,.T.);
#1026=ORIENTED_EDGE('',*,*,#1845,.T.);
#1027=ORIENTED_EDGE('',*,*,#1854,.F.);
#1028=ORIENTED_EDGE('',*,*,#1852,.T.);
#1029=ORIENTED_EDGE('',*,*,#1834,.T.);
#1030=ORIENTED_EDGE('',*,*,#1724,.T.);
#1031=ORIENTED_EDGE('',*,*,#1835,.T.);
#1032=ORIENTED_EDGE('',*,*,#1838,.T.);
#1033=ORIENTED_EDGE('',*,*,#1840,.T.);
#1034=ORIENTED_EDGE('',*,*,#1842,.T.);
#1035=ORIENTED_EDGE('',*,*,#1855,.T.);
#1036=ORIENTED_EDGE('',*,*,#1856,.T.);
#1037=ORIENTED_EDGE('',*,*,#1857,.T.);
#1038=ORIENTED_EDGE('',*,*,#1844,.T.);
#1039=ORIENTED_EDGE('',*,*,#1855,.F.);
#1040=ORIENTED_EDGE('',*,*,#1847,.T.);
#1041=ORIENTED_EDGE('',*,*,#1858,.T.);
#1042=ORIENTED_EDGE('',*,*,#1859,.T.);
#1043=ORIENTED_EDGE('',*,*,#1858,.F.);
#1044=ORIENTED_EDGE('',*,*,#1849,.T.);
#1045=ORIENTED_EDGE('',*,*,#1860,.T.);
#1046=ORIENTED_EDGE('',*,*,#1861,.T.);
#1047=ORIENTED_EDGE('',*,*,#1860,.F.);
#1048=ORIENTED_EDGE('',*,*,#1851,.T.);
#1049=ORIENTED_EDGE('',*,*,#1862,.T.);
#1050=ORIENTED_EDGE('',*,*,#1863,.T.);
#1051=ORIENTED_EDGE('',*,*,#1862,.F.);
#1052=ORIENTED_EDGE('',*,*,#1853,.T.);
#1053=ORIENTED_EDGE('',*,*,#1864,.T.);
#1054=ORIENTED_EDGE('',*,*,#1865,.T.);
#1055=ORIENTED_EDGE('',*,*,#1857,.F.);
#1056=ORIENTED_EDGE('',*,*,#1866,.T.);
#1057=ORIENTED_EDGE('',*,*,#1864,.F.);
#1058=ORIENTED_EDGE('',*,*,#1854,.T.);
#1059=ORIENTED_EDGE('',*,*,#1867,.F.);
#1060=ORIENTED_EDGE('',*,*,#1868,.F.);
#1061=ORIENTED_EDGE('',*,*,#1869,.F.);
#1062=ORIENTED_EDGE('',*,*,#1870,.F.);
#1063=ORIENTED_EDGE('',*,*,#1871,.F.);
#1064=ORIENTED_EDGE('',*,*,#1872,.F.);
#1065=ORIENTED_EDGE('',*,*,#1873,.F.);
#1066=ORIENTED_EDGE('',*,*,#1874,.F.);
#1067=ORIENTED_EDGE('',*,*,#1875,.F.);
#1068=ORIENTED_EDGE('',*,*,#1876,.F.);
#1069=ORIENTED_EDGE('',*,*,#1877,.F.);
#1070=ORIENTED_EDGE('',*,*,#1878,.F.);
#1071=ORIENTED_EDGE('',*,*,#1879,.F.);
#1072=ORIENTED_EDGE('',*,*,#1880,.F.);
#1073=ORIENTED_EDGE('',*,*,#1881,.F.);
#1074=ORIENTED_EDGE('',*,*,#1882,.F.);
#1075=ORIENTED_EDGE('',*,*,#1883,.F.);
#1076=ORIENTED_EDGE('',*,*,#1884,.F.);
#1077=ORIENTED_EDGE('',*,*,#1885,.F.);
#1078=ORIENTED_EDGE('',*,*,#1886,.F.);
#1079=ORIENTED_EDGE('',*,*,#1887,.F.);
#1080=ORIENTED_EDGE('',*,*,#1888,.F.);
#1081=ORIENTED_EDGE('',*,*,#1889,.F.);
#1082=ORIENTED_EDGE('',*,*,#1890,.F.);
#1083=ORIENTED_EDGE('',*,*,#1891,.F.);
#1084=ORIENTED_EDGE('',*,*,#1892,.F.);
#1085=ORIENTED_EDGE('',*,*,#1893,.F.);
#1086=ORIENTED_EDGE('',*,*,#1894,.F.);
#1087=ORIENTED_EDGE('',*,*,#1895,.F.);
#1088=ORIENTED_EDGE('',*,*,#1866,.F.);
#1089=ORIENTED_EDGE('',*,*,#1856,.F.);
#1090=ORIENTED_EDGE('',*,*,#1859,.F.);
#1091=ORIENTED_EDGE('',*,*,#1861,.F.);
#1092=ORIENTED_EDGE('',*,*,#1863,.F.);
#1093=ORIENTED_EDGE('',*,*,#1865,.F.);
#1094=ORIENTED_EDGE('',*,*,#1727,.F.);
#1095=ORIENTED_EDGE('',*,*,#1896,.F.);
#1096=ORIENTED_EDGE('',*,*,#1897,.F.);
#1097=ORIENTED_EDGE('',*,*,#1898,.F.);
#1098=ORIENTED_EDGE('',*,*,#1899,.F.);
#1099=ORIENTED_EDGE('',*,*,#1900,.F.);
#1100=ORIENTED_EDGE('',*,*,#1901,.F.);
#1101=ORIENTED_EDGE('',*,*,#1902,.F.);
#1102=ORIENTED_EDGE('',*,*,#1903,.F.);
#1103=ORIENTED_EDGE('',*,*,#1904,.F.);
#1104=ORIENTED_EDGE('',*,*,#1905,.F.);
#1105=ORIENTED_EDGE('',*,*,#1906,.F.);
#1106=ORIENTED_EDGE('',*,*,#1907,.F.);
#1107=ORIENTED_EDGE('',*,*,#1908,.F.);
#1108=ORIENTED_EDGE('',*,*,#1909,.F.);
#1109=ORIENTED_EDGE('',*,*,#1910,.F.);
#1110=ORIENTED_EDGE('',*,*,#1911,.F.);
#1111=ORIENTED_EDGE('',*,*,#1912,.F.);
#1112=ORIENTED_EDGE('',*,*,#1913,.F.);
#1113=ORIENTED_EDGE('',*,*,#1914,.F.);
#1114=ORIENTED_EDGE('',*,*,#1915,.F.);
#1115=ORIENTED_EDGE('',*,*,#1916,.F.);
#1116=ORIENTED_EDGE('',*,*,#1917,.F.);
#1117=ORIENTED_EDGE('',*,*,#1918,.F.);
#1118=ORIENTED_EDGE('',*,*,#1919,.F.);
#1119=ORIENTED_EDGE('',*,*,#1920,.F.);
#1120=ORIENTED_EDGE('',*,*,#1921,.F.);
#1121=ORIENTED_EDGE('',*,*,#1922,.F.);
#1122=ORIENTED_EDGE('',*,*,#1923,.F.);
#1123=ORIENTED_EDGE('',*,*,#1924,.F.);
#1124=ORIENTED_EDGE('',*,*,#1925,.F.);
#1125=ORIENTED_EDGE('',*,*,#1926,.F.);
#1126=ORIENTED_EDGE('',*,*,#1927,.F.);
#1127=ORIENTED_EDGE('',*,*,#1928,.F.);
#1128=ORIENTED_EDGE('',*,*,#1929,.F.);
#1129=ORIENTED_EDGE('',*,*,#1930,.F.);
#1130=ORIENTED_EDGE('',*,*,#1931,.F.);
#1131=ORIENTED_EDGE('',*,*,#1932,.F.);
#1132=ORIENTED_EDGE('',*,*,#1933,.F.);
#1133=ORIENTED_EDGE('',*,*,#1886,.T.);
#1134=ORIENTED_EDGE('',*,*,#1934,.T.);
#1135=ORIENTED_EDGE('',*,*,#1935,.T.);
#1136=ORIENTED_EDGE('',*,*,#1936,.T.);
#1137=ORIENTED_EDGE('',*,*,#1867,.T.);
#1138=ORIENTED_EDGE('',*,*,#1936,.F.);
#1139=ORIENTED_EDGE('',*,*,#1937,.T.);
#1140=ORIENTED_EDGE('',*,*,#1938,.T.);
#1141=ORIENTED_EDGE('',*,*,#1868,.T.);
#1142=ORIENTED_EDGE('',*,*,#1938,.F.);
#1143=ORIENTED_EDGE('',*,*,#1939,.T.);
#1144=ORIENTED_EDGE('',*,*,#1940,.T.);
#1145=ORIENTED_EDGE('',*,*,#1869,.T.);
#1146=ORIENTED_EDGE('',*,*,#1940,.F.);
#1147=ORIENTED_EDGE('',*,*,#1941,.T.);
#1148=ORIENTED_EDGE('',*,*,#1942,.T.);
#1149=ORIENTED_EDGE('',*,*,#1870,.T.);
#1150=ORIENTED_EDGE('',*,*,#1942,.F.);
#1151=ORIENTED_EDGE('',*,*,#1943,.T.);
#1152=ORIENTED_EDGE('',*,*,#1944,.T.);
#1153=ORIENTED_EDGE('',*,*,#1871,.T.);
#1154=ORIENTED_EDGE('',*,*,#1944,.F.);
#1155=ORIENTED_EDGE('',*,*,#1945,.T.);
#1156=ORIENTED_EDGE('',*,*,#1946,.T.);
#1157=ORIENTED_EDGE('',*,*,#1872,.T.);
#1158=ORIENTED_EDGE('',*,*,#1946,.F.);
#1159=ORIENTED_EDGE('',*,*,#1947,.T.);
#1160=ORIENTED_EDGE('',*,*,#1948,.T.);
#1161=ORIENTED_EDGE('',*,*,#1873,.T.);
#1162=ORIENTED_EDGE('',*,*,#1948,.F.);
#1163=ORIENTED_EDGE('',*,*,#1949,.T.);
#1164=ORIENTED_EDGE('',*,*,#1950,.T.);
#1165=ORIENTED_EDGE('',*,*,#1874,.T.);
#1166=ORIENTED_EDGE('',*,*,#1950,.F.);
#1167=ORIENTED_EDGE('',*,*,#1951,.T.);
#1168=ORIENTED_EDGE('',*,*,#1952,.T.);
#1169=ORIENTED_EDGE('',*,*,#1875,.T.);
#1170=ORIENTED_EDGE('',*,*,#1952,.F.);
#1171=ORIENTED_EDGE('',*,*,#1953,.T.);
#1172=ORIENTED_EDGE('',*,*,#1954,.T.);
#1173=ORIENTED_EDGE('',*,*,#1876,.T.);
#1174=ORIENTED_EDGE('',*,*,#1954,.F.);
#1175=ORIENTED_EDGE('',*,*,#1955,.T.);
#1176=ORIENTED_EDGE('',*,*,#1956,.T.);
#1177=ORIENTED_EDGE('',*,*,#1877,.T.);
#1178=ORIENTED_EDGE('',*,*,#1956,.F.);
#1179=ORIENTED_EDGE('',*,*,#1957,.T.);
#1180=ORIENTED_EDGE('',*,*,#1958,.T.);
#1181=ORIENTED_EDGE('',*,*,#1878,.T.);
#1182=ORIENTED_EDGE('',*,*,#1958,.F.);
#1183=ORIENTED_EDGE('',*,*,#1959,.T.);
#1184=ORIENTED_EDGE('',*,*,#1960,.T.);
#1185=ORIENTED_EDGE('',*,*,#1879,.T.);
#1186=ORIENTED_EDGE('',*,*,#1960,.F.);
#1187=ORIENTED_EDGE('',*,*,#1961,.T.);
#1188=ORIENTED_EDGE('',*,*,#1962,.T.);
#1189=ORIENTED_EDGE('',*,*,#1880,.T.);
#1190=ORIENTED_EDGE('',*,*,#1962,.F.);
#1191=ORIENTED_EDGE('',*,*,#1963,.T.);
#1192=ORIENTED_EDGE('',*,*,#1964,.T.);
#1193=ORIENTED_EDGE('',*,*,#1881,.T.);
#1194=ORIENTED_EDGE('',*,*,#1964,.F.);
#1195=ORIENTED_EDGE('',*,*,#1965,.T.);
#1196=ORIENTED_EDGE('',*,*,#1966,.T.);
#1197=ORIENTED_EDGE('',*,*,#1882,.T.);
#1198=ORIENTED_EDGE('',*,*,#1966,.F.);
#1199=ORIENTED_EDGE('',*,*,#1967,.T.);
#1200=ORIENTED_EDGE('',*,*,#1968,.T.);
#1201=ORIENTED_EDGE('',*,*,#1883,.T.);
#1202=ORIENTED_EDGE('',*,*,#1968,.F.);
#1203=ORIENTED_EDGE('',*,*,#1969,.T.);
#1204=ORIENTED_EDGE('',*,*,#1970,.T.);
#1205=ORIENTED_EDGE('',*,*,#1884,.T.);
#1206=ORIENTED_EDGE('',*,*,#1970,.F.);
#1207=ORIENTED_EDGE('',*,*,#1971,.T.);
#1208=ORIENTED_EDGE('',*,*,#1972,.T.);
#1209=ORIENTED_EDGE('',*,*,#1885,.T.);
#1210=ORIENTED_EDGE('',*,*,#1972,.F.);
#1211=ORIENTED_EDGE('',*,*,#1973,.T.);
#1212=ORIENTED_EDGE('',*,*,#1934,.F.);
#1213=ORIENTED_EDGE('',*,*,#1895,.T.);
#1214=ORIENTED_EDGE('',*,*,#1974,.T.);
#1215=ORIENTED_EDGE('',*,*,#1975,.T.);
#1216=ORIENTED_EDGE('',*,*,#1976,.T.);
#1217=ORIENTED_EDGE('',*,*,#1887,.T.);
#1218=ORIENTED_EDGE('',*,*,#1976,.F.);
#1219=ORIENTED_EDGE('',*,*,#1977,.T.);
#1220=ORIENTED_EDGE('',*,*,#1978,.T.);
#1221=ORIENTED_EDGE('',*,*,#1888,.T.);
#1222=ORIENTED_EDGE('',*,*,#1978,.F.);
#1223=ORIENTED_EDGE('',*,*,#1979,.T.);
#1224=ORIENTED_EDGE('',*,*,#1980,.T.);
#1225=ORIENTED_EDGE('',*,*,#1889,.T.);
#1226=ORIENTED_EDGE('',*,*,#1980,.F.);
#1227=ORIENTED_EDGE('',*,*,#1981,.T.);
#1228=ORIENTED_EDGE('',*,*,#1982,.T.);
#1229=ORIENTED_EDGE('',*,*,#1890,.T.);
#1230=ORIENTED_EDGE('',*,*,#1982,.F.);
#1231=ORIENTED_EDGE('',*,*,#1983,.T.);
#1232=ORIENTED_EDGE('',*,*,#1984,.T.);
#1233=ORIENTED_EDGE('',*,*,#1891,.T.);
#1234=ORIENTED_EDGE('',*,*,#1984,.F.);
#1235=ORIENTED_EDGE('',*,*,#1985,.T.);
#1236=ORIENTED_EDGE('',*,*,#1986,.T.);
#1237=ORIENTED_EDGE('',*,*,#1892,.T.);
#1238=ORIENTED_EDGE('',*,*,#1986,.F.);
#1239=ORIENTED_EDGE('',*,*,#1987,.T.);
#1240=ORIENTED_EDGE('',*,*,#1988,.T.);
#1241=ORIENTED_EDGE('',*,*,#1893,.T.);
#1242=ORIENTED_EDGE('',*,*,#1988,.F.);
#1243=ORIENTED_EDGE('',*,*,#1989,.T.);
#1244=ORIENTED_EDGE('',*,*,#1990,.T.);
#1245=ORIENTED_EDGE('',*,*,#1894,.T.);
#1246=ORIENTED_EDGE('',*,*,#1990,.F.);
#1247=ORIENTED_EDGE('',*,*,#1991,.T.);
#1248=ORIENTED_EDGE('',*,*,#1974,.F.);
#1249=ORIENTED_EDGE('',*,*,#1909,.T.);
#1250=ORIENTED_EDGE('',*,*,#1992,.T.);
#1251=ORIENTED_EDGE('',*,*,#1993,.T.);
#1252=ORIENTED_EDGE('',*,*,#1994,.T.);
#1253=ORIENTED_EDGE('',*,*,#1896,.T.);
#1254=ORIENTED_EDGE('',*,*,#1994,.F.);
#1255=ORIENTED_EDGE('',*,*,#1995,.T.);
#1256=ORIENTED_EDGE('',*,*,#1996,.T.);
#1257=ORIENTED_EDGE('',*,*,#1897,.T.);
#1258=ORIENTED_EDGE('',*,*,#1996,.F.);
#1259=ORIENTED_EDGE('',*,*,#1997,.T.);
#1260=ORIENTED_EDGE('',*,*,#1998,.T.);
#1261=ORIENTED_EDGE('',*,*,#1898,.T.);
#1262=ORIENTED_EDGE('',*,*,#1998,.F.);
#1263=ORIENTED_EDGE('',*,*,#1999,.T.);
#1264=ORIENTED_EDGE('',*,*,#2000,.T.);
#1265=ORIENTED_EDGE('',*,*,#1899,.T.);
#1266=ORIENTED_EDGE('',*,*,#2000,.F.);
#1267=ORIENTED_EDGE('',*,*,#2001,.T.);
#1268=ORIENTED_EDGE('',*,*,#2002,.T.);
#1269=ORIENTED_EDGE('',*,*,#1900,.T.);
#1270=ORIENTED_EDGE('',*,*,#2002,.F.);
#1271=ORIENTED_EDGE('',*,*,#2003,.T.);
#1272=ORIENTED_EDGE('',*,*,#2004,.T.);
#1273=ORIENTED_EDGE('',*,*,#1901,.T.);
#1274=ORIENTED_EDGE('',*,*,#2004,.F.);
#1275=ORIENTED_EDGE('',*,*,#2005,.T.);
#1276=ORIENTED_EDGE('',*,*,#2006,.T.);
#1277=ORIENTED_EDGE('',*,*,#1902,.T.);
#1278=ORIENTED_EDGE('',*,*,#2006,.F.);
#1279=ORIENTED_EDGE('',*,*,#2007,.T.);
#1280=ORIENTED_EDGE('',*,*,#2008,.T.);
#1281=ORIENTED_EDGE('',*,*,#1903,.T.);
#1282=ORIENTED_EDGE('',*,*,#2008,.F.);
#1283=ORIENTED_EDGE('',*,*,#2009,.T.);
#1284=ORIENTED_EDGE('',*,*,#2010,.T.);
#1285=ORIENTED_EDGE('',*,*,#1904,.T.);
#1286=ORIENTED_EDGE('',*,*,#2010,.F.);
#1287=ORIENTED_EDGE('',*,*,#2011,.T.);
#1288=ORIENTED_EDGE('',*,*,#2012,.T.);
#1289=ORIENTED_EDGE('',*,*,#1905,.T.);
#1290=ORIENTED_EDGE('',*,*,#2012,.F.);
#1291=ORIENTED_EDGE('',*,*,#2013,.T.);
#1292=ORIENTED_EDGE('',*,*,#2014,.T.);
#1293=ORIENTED_EDGE('',*,*,#1906,.T.);
#1294=ORIENTED_EDGE('',*,*,#2014,.F.);
#1295=ORIENTED_EDGE('',*,*,#2015,.T.);
#1296=ORIENTED_EDGE('',*,*,#2016,.T.);
#1297=ORIENTED_EDGE('',*,*,#1907,.T.);
#1298=ORIENTED_EDGE('',*,*,#2016,.F.);
#1299=ORIENTED_EDGE('',*,*,#2017,.T.);
#1300=ORIENTED_EDGE('',*,*,#2018,.T.);
#1301=ORIENTED_EDGE('',*,*,#1908,.T.);
#1302=ORIENTED_EDGE('',*,*,#2018,.F.);
#1303=ORIENTED_EDGE('',*,*,#2019,.T.);
#1304=ORIENTED_EDGE('',*,*,#1992,.F.);
#1305=ORIENTED_EDGE('',*,*,#1913,.T.);
#1306=ORIENTED_EDGE('',*,*,#2020,.T.);
#1307=ORIENTED_EDGE('',*,*,#2021,.T.);
#1308=ORIENTED_EDGE('',*,*,#2022,.T.);
#1309=ORIENTED_EDGE('',*,*,#1910,.T.);
#1310=ORIENTED_EDGE('',*,*,#2022,.F.);
#1311=ORIENTED_EDGE('',*,*,#2023,.T.);
#1312=ORIENTED_EDGE('',*,*,#2024,.T.);
#1313=ORIENTED_EDGE('',*,*,#1911,.T.);
#1314=ORIENTED_EDGE('',*,*,#2024,.F.);
#1315=ORIENTED_EDGE('',*,*,#2025,.T.);
#1316=ORIENTED_EDGE('',*,*,#2026,.T.);
#1317=ORIENTED_EDGE('',*,*,#1912,.T.);
#1318=ORIENTED_EDGE('',*,*,#2026,.F.);
#1319=ORIENTED_EDGE('',*,*,#2027,.T.);
#1320=ORIENTED_EDGE('',*,*,#2020,.F.);
#1321=ORIENTED_EDGE('',*,*,#1933,.T.);
#1322=ORIENTED_EDGE('',*,*,#2028,.T.);
#1323=ORIENTED_EDGE('',*,*,#2029,.T.);
#1324=ORIENTED_EDGE('',*,*,#2030,.T.);
#1325=ORIENTED_EDGE('',*,*,#1914,.T.);
#1326=ORIENTED_EDGE('',*,*,#2030,.F.);
#1327=ORIENTED_EDGE('',*,*,#2031,.T.);
#1328=ORIENTED_EDGE('',*,*,#2032,.T.);
#1329=ORIENTED_EDGE('',*,*,#1915,.T.);
#1330=ORIENTED_EDGE('',*,*,#2032,.F.);
#1331=ORIENTED_EDGE('',*,*,#2033,.T.);
#1332=ORIENTED_EDGE('',*,*,#2034,.T.);
#1333=ORIENTED_EDGE('',*,*,#1916,.T.);
#1334=ORIENTED_EDGE('',*,*,#2034,.F.);
#1335=ORIENTED_EDGE('',*,*,#2035,.T.);
#1336=ORIENTED_EDGE('',*,*,#2036,.T.);
#1337=ORIENTED_EDGE('',*,*,#1917,.T.);
#1338=ORIENTED_EDGE('',*,*,#2036,.F.);
#1339=ORIENTED_EDGE('',*,*,#2037,.T.);
#1340=ORIENTED_EDGE('',*,*,#2038,.T.);
#1341=ORIENTED_EDGE('',*,*,#1918,.T.);
#1342=ORIENTED_EDGE('',*,*,#2038,.F.);
#1343=ORIENTED_EDGE('',*,*,#2039,.T.);
#1344=ORIENTED_EDGE('',*,*,#2040,.T.);
#1345=ORIENTED_EDGE('',*,*,#1919,.T.);
#1346=ORIENTED_EDGE('',*,*,#2040,.F.);
#1347=ORIENTED_EDGE('',*,*,#2041,.T.);
#1348=ORIENTED_EDGE('',*,*,#2042,.T.);
#1349=ORIENTED_EDGE('',*,*,#1920,.T.);
#1350=ORIENTED_EDGE('',*,*,#2042,.F.);
#1351=ORIENTED_EDGE('',*,*,#2043,.T.);
#1352=ORIENTED_EDGE('',*,*,#2044,.T.);
#1353=ORIENTED_EDGE('',*,*,#1921,.T.);
#1354=ORIENTED_EDGE('',*,*,#2044,.F.);
#1355=ORIENTED_EDGE('',*,*,#2045,.T.);
#1356=ORIENTED_EDGE('',*,*,#2046,.T.);
#1357=ORIENTED_EDGE('',*,*,#1922,.T.);
#1358=ORIENTED_EDGE('',*,*,#2046,.F.);
#1359=ORIENTED_EDGE('',*,*,#2047,.T.);
#1360=ORIENTED_EDGE('',*,*,#2048,.T.);
#1361=ORIENTED_EDGE('',*,*,#1923,.T.);
#1362=ORIENTED_EDGE('',*,*,#2048,.F.);
#1363=ORIENTED_EDGE('',*,*,#2049,.T.);
#1364=ORIENTED_EDGE('',*,*,#2050,.T.);
#1365=ORIENTED_EDGE('',*,*,#1924,.T.);
#1366=ORIENTED_EDGE('',*,*,#2050,.F.);
#1367=ORIENTED_EDGE('',*,*,#2051,.T.);
#1368=ORIENTED_EDGE('',*,*,#2052,.T.);
#1369=ORIENTED_EDGE('',*,*,#1925,.T.);
#1370=ORIENTED_EDGE('',*,*,#2052,.F.);
#1371=ORIENTED_EDGE('',*,*,#2053,.T.);
#1372=ORIENTED_EDGE('',*,*,#2054,.T.);
#1373=ORIENTED_EDGE('',*,*,#1926,.T.);
#1374=ORIENTED_EDGE('',*,*,#2054,.F.);
#1375=ORIENTED_EDGE('',*,*,#2055,.T.);
#1376=ORIENTED_EDGE('',*,*,#2056,.T.);
#1377=ORIENTED_EDGE('',*,*,#1927,.T.);
#1378=ORIENTED_EDGE('',*,*,#2056,.F.);
#1379=ORIENTED_EDGE('',*,*,#2057,.T.);
#1380=ORIENTED_EDGE('',*,*,#2058,.T.);
#1381=ORIENTED_EDGE('',*,*,#1928,.T.);
#1382=ORIENTED_EDGE('',*,*,#2058,.F.);
#1383=ORIENTED_EDGE('',*,*,#2059,.T.);
#1384=ORIENTED_EDGE('',*,*,#2060,.T.);
#1385=ORIENTED_EDGE('',*,*,#1929,.T.);
#1386=ORIENTED_EDGE('',*,*,#2060,.F.);
#1387=ORIENTED_EDGE('',*,*,#2061,.T.);
#1388=ORIENTED_EDGE('',*,*,#2062,.T.);
#1389=ORIENTED_EDGE('',*,*,#1930,.T.);
#1390=ORIENTED_EDGE('',*,*,#2062,.F.);
#1391=ORIENTED_EDGE('',*,*,#2063,.T.);
#1392=ORIENTED_EDGE('',*,*,#2064,.T.);
#1393=ORIENTED_EDGE('',*,*,#1931,.T.);
#1394=ORIENTED_EDGE('',*,*,#2064,.F.);
#1395=ORIENTED_EDGE('',*,*,#2065,.T.);
#1396=ORIENTED_EDGE('',*,*,#2066,.T.);
#1397=ORIENTED_EDGE('',*,*,#1932,.T.);
#1398=ORIENTED_EDGE('',*,*,#2066,.F.);
#1399=ORIENTED_EDGE('',*,*,#2067,.T.);
#1400=ORIENTED_EDGE('',*,*,#2028,.F.);
#1401=ORIENTED_EDGE('',*,*,#1730,.T.);
#1402=ORIENTED_EDGE('',*,*,#1726,.F.);
#1403=ORIENTED_EDGE('',*,*,#2068,.T.);
#1404=ORIENTED_EDGE('',*,*,#2069,.T.);
#1405=ORIENTED_EDGE('',*,*,#2070,.T.);
#1406=ORIENTED_EDGE('',*,*,#2071,.T.);
#1407=ORIENTED_EDGE('',*,*,#2072,.T.);
#1408=ORIENTED_EDGE('',*,*,#2073,.T.);
#1409=ORIENTED_EDGE('',*,*,#1941,.F.);
#1410=ORIENTED_EDGE('',*,*,#1939,.F.);
#1411=ORIENTED_EDGE('',*,*,#1937,.F.);
#1412=ORIENTED_EDGE('',*,*,#1935,.F.);
#1413=ORIENTED_EDGE('',*,*,#1973,.F.);
#1414=ORIENTED_EDGE('',*,*,#1971,.F.);
#1415=ORIENTED_EDGE('',*,*,#1969,.F.);
#1416=ORIENTED_EDGE('',*,*,#1967,.F.);
#1417=ORIENTED_EDGE('',*,*,#1965,.F.);
#1418=ORIENTED_EDGE('',*,*,#1963,.F.);
#1419=ORIENTED_EDGE('',*,*,#1961,.F.);
#1420=ORIENTED_EDGE('',*,*,#1959,.F.);
#1421=ORIENTED_EDGE('',*,*,#1957,.F.);
#1422=ORIENTED_EDGE('',*,*,#1955,.F.);
#1423=ORIENTED_EDGE('',*,*,#1953,.F.);
#1424=ORIENTED_EDGE('',*,*,#1951,.F.);
#1425=ORIENTED_EDGE('',*,*,#1949,.F.);
#1426=ORIENTED_EDGE('',*,*,#1947,.F.);
#1427=ORIENTED_EDGE('',*,*,#1945,.F.);
#1428=ORIENTED_EDGE('',*,*,#1943,.F.);
#1429=ORIENTED_EDGE('',*,*,#2074,.T.);
#1430=ORIENTED_EDGE('',*,*,#2075,.T.);
#1431=ORIENTED_EDGE('',*,*,#2076,.T.);
#1432=ORIENTED_EDGE('',*,*,#2077,.T.);
#1433=ORIENTED_EDGE('',*,*,#2078,.T.);
#1434=ORIENTED_EDGE('',*,*,#2079,.T.);
#1435=ORIENTED_EDGE('',*,*,#2080,.T.);
#1436=ORIENTED_EDGE('',*,*,#2081,.T.);
#1437=ORIENTED_EDGE('',*,*,#2082,.T.);
#1438=ORIENTED_EDGE('',*,*,#2083,.T.);
#1439=ORIENTED_EDGE('',*,*,#1981,.F.);
#1440=ORIENTED_EDGE('',*,*,#1979,.F.);
#1441=ORIENTED_EDGE('',*,*,#1977,.F.);
#1442=ORIENTED_EDGE('',*,*,#1975,.F.);
#1443=ORIENTED_EDGE('',*,*,#1991,.F.);
#1444=ORIENTED_EDGE('',*,*,#1989,.F.);
#1445=ORIENTED_EDGE('',*,*,#1987,.F.);
#1446=ORIENTED_EDGE('',*,*,#1985,.F.);
#1447=ORIENTED_EDGE('',*,*,#1983,.F.);
#1448=ORIENTED_EDGE('',*,*,#1732,.T.);
#1449=ORIENTED_EDGE('',*,*,#1728,.T.);
#1450=ORIENTED_EDGE('',*,*,#2015,.F.);
#1451=ORIENTED_EDGE('',*,*,#2013,.F.);
#1452=ORIENTED_EDGE('',*,*,#2011,.F.);
#1453=ORIENTED_EDGE('',*,*,#2009,.F.);
#1454=ORIENTED_EDGE('',*,*,#2007,.F.);
#1455=ORIENTED_EDGE('',*,*,#2005,.F.);
#1456=ORIENTED_EDGE('',*,*,#2003,.F.);
#1457=ORIENTED_EDGE('',*,*,#2001,.F.);
#1458=ORIENTED_EDGE('',*,*,#1999,.F.);
#1459=ORIENTED_EDGE('',*,*,#1997,.F.);
#1460=ORIENTED_EDGE('',*,*,#1995,.F.);
#1461=ORIENTED_EDGE('',*,*,#1993,.F.);
#1462=ORIENTED_EDGE('',*,*,#2019,.F.);
#1463=ORIENTED_EDGE('',*,*,#2017,.F.);
#1464=ORIENTED_EDGE('',*,*,#2023,.F.);
#1465=ORIENTED_EDGE('',*,*,#2021,.F.);
#1466=ORIENTED_EDGE('',*,*,#2027,.F.);
#1467=ORIENTED_EDGE('',*,*,#2025,.F.);
#1468=ORIENTED_EDGE('',*,*,#2084,.F.);
#1469=ORIENTED_EDGE('',*,*,#2085,.F.);
#1470=ORIENTED_EDGE('',*,*,#2086,.F.);
#1471=ORIENTED_EDGE('',*,*,#2087,.F.);
#1472=ORIENTED_EDGE('',*,*,#2088,.F.);
#1473=ORIENTED_EDGE('',*,*,#2063,.F.);
#1474=ORIENTED_EDGE('',*,*,#2061,.F.);
#1475=ORIENTED_EDGE('',*,*,#2059,.F.);
#1476=ORIENTED_EDGE('',*,*,#2057,.F.);
#1477=ORIENTED_EDGE('',*,*,#2055,.F.);
#1478=ORIENTED_EDGE('',*,*,#2053,.F.);
#1479=ORIENTED_EDGE('',*,*,#2051,.F.);
#1480=ORIENTED_EDGE('',*,*,#2049,.F.);
#1481=ORIENTED_EDGE('',*,*,#2047,.F.);
#1482=ORIENTED_EDGE('',*,*,#2045,.F.);
#1483=ORIENTED_EDGE('',*,*,#2043,.F.);
#1484=ORIENTED_EDGE('',*,*,#2041,.F.);
#1485=ORIENTED_EDGE('',*,*,#2039,.F.);
#1486=ORIENTED_EDGE('',*,*,#2037,.F.);
#1487=ORIENTED_EDGE('',*,*,#2035,.F.);
#1488=ORIENTED_EDGE('',*,*,#2033,.F.);
#1489=ORIENTED_EDGE('',*,*,#2031,.F.);
#1490=ORIENTED_EDGE('',*,*,#2029,.F.);
#1491=ORIENTED_EDGE('',*,*,#2067,.F.);
#1492=ORIENTED_EDGE('',*,*,#2065,.F.);
#1493=ORIENTED_EDGE('',*,*,#2089,.T.);
#1494=ORIENTED_EDGE('',*,*,#2090,.T.);
#1495=ORIENTED_EDGE('',*,*,#2069,.F.);
#1496=ORIENTED_EDGE('',*,*,#2091,.T.);
#1497=ORIENTED_EDGE('',*,*,#2092,.T.);
#1498=ORIENTED_EDGE('',*,*,#2091,.F.);
#1499=ORIENTED_EDGE('',*,*,#2068,.F.);
#1500=ORIENTED_EDGE('',*,*,#2093,.T.);
#1501=ORIENTED_EDGE('',*,*,#2094,.T.);
#1502=ORIENTED_EDGE('',*,*,#2093,.F.);
#1503=ORIENTED_EDGE('',*,*,#2073,.F.);
#1504=ORIENTED_EDGE('',*,*,#2095,.T.);
#1505=ORIENTED_EDGE('',*,*,#2096,.T.);
#1506=ORIENTED_EDGE('',*,*,#2095,.F.);
#1507=ORIENTED_EDGE('',*,*,#2072,.F.);
#1508=ORIENTED_EDGE('',*,*,#2097,.T.);
#1509=ORIENTED_EDGE('',*,*,#2098,.T.);
#1510=ORIENTED_EDGE('',*,*,#2097,.F.);
#1511=ORIENTED_EDGE('',*,*,#2071,.F.);
#1512=ORIENTED_EDGE('',*,*,#2099,.T.);
#1513=ORIENTED_EDGE('',*,*,#2100,.T.);
#1514=ORIENTED_EDGE('',*,*,#2099,.F.);
#1515=ORIENTED_EDGE('',*,*,#2070,.F.);
#1516=ORIENTED_EDGE('',*,*,#2090,.F.);
#1517=ORIENTED_EDGE('',*,*,#2101,.T.);
#1518=ORIENTED_EDGE('',*,*,#2102,.T.);
#1519=ORIENTED_EDGE('',*,*,#2075,.F.);
#1520=ORIENTED_EDGE('',*,*,#2103,.T.);
#1521=ORIENTED_EDGE('',*,*,#2104,.T.);
#1522=ORIENTED_EDGE('',*,*,#2103,.F.);
#1523=ORIENTED_EDGE('',*,*,#2074,.F.);
#1524=ORIENTED_EDGE('',*,*,#2105,.T.);
#1525=ORIENTED_EDGE('',*,*,#2106,.T.);
#1526=ORIENTED_EDGE('',*,*,#2105,.F.);
#1527=ORIENTED_EDGE('',*,*,#2083,.F.);
#1528=ORIENTED_EDGE('',*,*,#2107,.T.);
#1529=ORIENTED_EDGE('',*,*,#2108,.T.);
#1530=ORIENTED_EDGE('',*,*,#2107,.F.);
#1531=ORIENTED_EDGE('',*,*,#2082,.F.);
#1532=ORIENTED_EDGE('',*,*,#2109,.T.);
#1533=ORIENTED_EDGE('',*,*,#2110,.T.);
#1534=ORIENTED_EDGE('',*,*,#2109,.F.);
#1535=ORIENTED_EDGE('',*,*,#2081,.F.);
#1536=ORIENTED_EDGE('',*,*,#2111,.T.);
#1537=ORIENTED_EDGE('',*,*,#2112,.T.);
#1538=ORIENTED_EDGE('',*,*,#2111,.F.);
#1539=ORIENTED_EDGE('',*,*,#2080,.F.);
#1540=ORIENTED_EDGE('',*,*,#2113,.T.);
#1541=ORIENTED_EDGE('',*,*,#2114,.T.);
#1542=ORIENTED_EDGE('',*,*,#2113,.F.);
#1543=ORIENTED_EDGE('',*,*,#2079,.F.);
#1544=ORIENTED_EDGE('',*,*,#2115,.T.);
#1545=ORIENTED_EDGE('',*,*,#2116,.T.);
#1546=ORIENTED_EDGE('',*,*,#2115,.F.);
#1547=ORIENTED_EDGE('',*,*,#2078,.F.);
#1548=ORIENTED_EDGE('',*,*,#2117,.T.);
#1549=ORIENTED_EDGE('',*,*,#2118,.T.);
#1550=ORIENTED_EDGE('',*,*,#2117,.F.);
#1551=ORIENTED_EDGE('',*,*,#2077,.F.);
#1552=ORIENTED_EDGE('',*,*,#2119,.T.);
#1553=ORIENTED_EDGE('',*,*,#2120,.T.);
#1554=ORIENTED_EDGE('',*,*,#2119,.F.);
#1555=ORIENTED_EDGE('',*,*,#2076,.F.);
#1556=ORIENTED_EDGE('',*,*,#2102,.F.);
#1557=ORIENTED_EDGE('',*,*,#2121,.T.);
#1558=ORIENTED_EDGE('',*,*,#2122,.T.);
#1559=ORIENTED_EDGE('',*,*,#2088,.T.);
#1560=ORIENTED_EDGE('',*,*,#2123,.T.);
#1561=ORIENTED_EDGE('',*,*,#2124,.T.);
#1562=ORIENTED_EDGE('',*,*,#2125,.T.);
#1563=ORIENTED_EDGE('',*,*,#2084,.T.);
#1564=ORIENTED_EDGE('',*,*,#2122,.F.);
#1565=ORIENTED_EDGE('',*,*,#2126,.T.);
#1566=ORIENTED_EDGE('',*,*,#2127,.T.);
#1567=ORIENTED_EDGE('',*,*,#2085,.T.);
#1568=ORIENTED_EDGE('',*,*,#2125,.F.);
#1569=ORIENTED_EDGE('',*,*,#2128,.T.);
#1570=ORIENTED_EDGE('',*,*,#2129,.T.);
#1571=ORIENTED_EDGE('',*,*,#2086,.T.);
#1572=ORIENTED_EDGE('',*,*,#2127,.F.);
#1573=ORIENTED_EDGE('',*,*,#2130,.T.);
#1574=ORIENTED_EDGE('',*,*,#2123,.F.);
#1575=ORIENTED_EDGE('',*,*,#2087,.T.);
#1576=ORIENTED_EDGE('',*,*,#2129,.F.);
#1577=ORIENTED_EDGE('',*,*,#2089,.F.);
#1578=ORIENTED_EDGE('',*,*,#2092,.F.);
#1579=ORIENTED_EDGE('',*,*,#2094,.F.);
#1580=ORIENTED_EDGE('',*,*,#2096,.F.);
#1581=ORIENTED_EDGE('',*,*,#2098,.F.);
#1582=ORIENTED_EDGE('',*,*,#2100,.F.);
#1583=ORIENTED_EDGE('',*,*,#2101,.F.);
#1584=ORIENTED_EDGE('',*,*,#2104,.F.);
#1585=ORIENTED_EDGE('',*,*,#2106,.F.);
#1586=ORIENTED_EDGE('',*,*,#2108,.F.);
#1587=ORIENTED_EDGE('',*,*,#2110,.F.);
#1588=ORIENTED_EDGE('',*,*,#2112,.F.);
#1589=ORIENTED_EDGE('',*,*,#2114,.F.);
#1590=ORIENTED_EDGE('',*,*,#2116,.F.);
#1591=ORIENTED_EDGE('',*,*,#2118,.F.);
#1592=ORIENTED_EDGE('',*,*,#2120,.F.);
#1593=ORIENTED_EDGE('',*,*,#2131,.F.);
#1594=ORIENTED_EDGE('',*,*,#2132,.F.);
#1595=ORIENTED_EDGE('',*,*,#2133,.F.);
#1596=ORIENTED_EDGE('',*,*,#2134,.F.);
#1597=ORIENTED_EDGE('',*,*,#1731,.F.);
#1598=ORIENTED_EDGE('',*,*,#2135,.F.);
#1599=ORIENTED_EDGE('',*,*,#2136,.F.);
#1600=ORIENTED_EDGE('',*,*,#2137,.F.);
#1601=ORIENTED_EDGE('',*,*,#2138,.F.);
#1602=ORIENTED_EDGE('',*,*,#2139,.F.);
#1603=ORIENTED_EDGE('',*,*,#2140,.F.);
#1604=ORIENTED_EDGE('',*,*,#2141,.F.);
#1605=ORIENTED_EDGE('',*,*,#2142,.F.);
#1606=ORIENTED_EDGE('',*,*,#2126,.F.);
#1607=ORIENTED_EDGE('',*,*,#2124,.F.);
#1608=ORIENTED_EDGE('',*,*,#2121,.F.);
#1609=ORIENTED_EDGE('',*,*,#2130,.F.);
#1610=ORIENTED_EDGE('',*,*,#2128,.F.);
#1611=ORIENTED_EDGE('',*,*,#1734,.T.);
#1612=ORIENTED_EDGE('',*,*,#1733,.T.);
#1613=ORIENTED_EDGE('',*,*,#2134,.T.);
#1614=ORIENTED_EDGE('',*,*,#2143,.T.);
#1615=ORIENTED_EDGE('',*,*,#2144,.T.);
#1616=ORIENTED_EDGE('',*,*,#2145,.T.);
#1617=ORIENTED_EDGE('',*,*,#2131,.T.);
#1618=ORIENTED_EDGE('',*,*,#2145,.F.);
#1619=ORIENTED_EDGE('',*,*,#2146,.T.);
#1620=ORIENTED_EDGE('',*,*,#2147,.T.);
#1621=ORIENTED_EDGE('',*,*,#2132,.T.);
#1622=ORIENTED_EDGE('',*,*,#2147,.F.);
#1623=ORIENTED_EDGE('',*,*,#2148,.T.);
#1624=ORIENTED_EDGE('',*,*,#2149,.T.);
#1625=ORIENTED_EDGE('',*,*,#2133,.T.);
#1626=ORIENTED_EDGE('',*,*,#2149,.F.);
#1627=ORIENTED_EDGE('',*,*,#2150,.T.);
#1628=ORIENTED_EDGE('',*,*,#2143,.F.);
#1629=ORIENTED_EDGE('',*,*,#2142,.T.);
#1630=ORIENTED_EDGE('',*,*,#2151,.T.);
#1631=ORIENTED_EDGE('',*,*,#2152,.T.);
#1632=ORIENTED_EDGE('',*,*,#2153,.T.);
#1633=ORIENTED_EDGE('',*,*,#2135,.T.);
#1634=ORIENTED_EDGE('',*,*,#2153,.F.);
#1635=ORIENTED_EDGE('',*,*,#2154,.T.);
#1636=ORIENTED_EDGE('',*,*,#2155,.T.);
#1637=ORIENTED_EDGE('',*,*,#2136,.T.);
#1638=ORIENTED_EDGE('',*,*,#2155,.F.);
#1639=ORIENTED_EDGE('',*,*,#2156,.T.);
#1640=ORIENTED_EDGE('',*,*,#2157,.T.);
#1641=ORIENTED_EDGE('',*,*,#2137,.T.);
#1642=ORIENTED_EDGE('',*,*,#2157,.F.);
#1643=ORIENTED_EDGE('',*,*,#2158,.T.);
#1644=ORIENTED_EDGE('',*,*,#2159,.T.);
#1645=ORIENTED_EDGE('',*,*,#2138,.T.);
#1646=ORIENTED_EDGE('',*,*,#2159,.F.);
#1647=ORIENTED_EDGE('',*,*,#2160,.T.);
#1648=ORIENTED_EDGE('',*,*,#2161,.T.);
#1649=ORIENTED_EDGE('',*,*,#2139,.T.);
#1650=ORIENTED_EDGE('',*,*,#2161,.F.);
#1651=ORIENTED_EDGE('',*,*,#2162,.T.);
#1652=ORIENTED_EDGE('',*,*,#2163,.T.);
#1653=ORIENTED_EDGE('',*,*,#2140,.T.);
#1654=ORIENTED_EDGE('',*,*,#2163,.F.);
#1655=ORIENTED_EDGE('',*,*,#2164,.T.);
#1656=ORIENTED_EDGE('',*,*,#2165,.T.);
#1657=ORIENTED_EDGE('',*,*,#2141,.T.);
#1658=ORIENTED_EDGE('',*,*,#2165,.F.);
#1659=ORIENTED_EDGE('',*,*,#2166,.T.);
#1660=ORIENTED_EDGE('',*,*,#2151,.F.);
#1661=ORIENTED_EDGE('',*,*,#2146,.F.);
#1662=ORIENTED_EDGE('',*,*,#2144,.F.);
#1663=ORIENTED_EDGE('',*,*,#2150,.F.);
#1664=ORIENTED_EDGE('',*,*,#2148,.F.);
#1665=ORIENTED_EDGE('',*,*,#2167,.F.);
#1666=ORIENTED_EDGE('',*,*,#2168,.F.);
#1667=ORIENTED_EDGE('',*,*,#2169,.F.);
#1668=ORIENTED_EDGE('',*,*,#2162,.F.);
#1669=ORIENTED_EDGE('',*,*,#2160,.F.);
#1670=ORIENTED_EDGE('',*,*,#2158,.F.);
#1671=ORIENTED_EDGE('',*,*,#2156,.F.);
#1672=ORIENTED_EDGE('',*,*,#2154,.F.);
#1673=ORIENTED_EDGE('',*,*,#2152,.F.);
#1674=ORIENTED_EDGE('',*,*,#2166,.F.);
#1675=ORIENTED_EDGE('',*,*,#2164,.F.);
#1676=ORIENTED_EDGE('',*,*,#2170,.T.);
#1677=ORIENTED_EDGE('',*,*,#2171,.T.);
#1678=ORIENTED_EDGE('',*,*,#2169,.T.);
#1679=ORIENTED_EDGE('',*,*,#2172,.T.);
#1680=ORIENTED_EDGE('',*,*,#2173,.T.);
#1681=ORIENTED_EDGE('',*,*,#2174,.T.);
#1682=ORIENTED_EDGE('',*,*,#2167,.T.);
#1683=ORIENTED_EDGE('',*,*,#2171,.F.);
#1684=ORIENTED_EDGE('',*,*,#2175,.T.);
#1685=ORIENTED_EDGE('',*,*,#2172,.F.);
#1686=ORIENTED_EDGE('',*,*,#2168,.T.);
#1687=ORIENTED_EDGE('',*,*,#2174,.F.);
#1688=ORIENTED_EDGE('',*,*,#1736,.F.);
#1689=ORIENTED_EDGE('',*,*,#2170,.F.);
#1690=ORIENTED_EDGE('',*,*,#2175,.F.);
#1691=ORIENTED_EDGE('',*,*,#2173,.F.);
#1692=EDGE_CURVE('NONE',#2176,#2177,#2499,.T.);
#1693=EDGE_CURVE('NONE',#2178,#2176,#218,.T.);
#1694=EDGE_CURVE('NONE',#2178,#2179,#2500,.T.);
#1695=EDGE_CURVE('NONE',#2179,#2177,#219,.F.);
#1696=EDGE_CURVE('NONE',#2180,#2181,#2501,.T.);
#1697=EDGE_CURVE('NONE',#2182,#2180,#220,.T.);
#1698=EDGE_CURVE('NONE',#2182,#2183,#2502,.T.);
#1699=EDGE_CURVE('NONE',#2183,#2181,#221,.F.);
#1700=EDGE_CURVE('NONE',#2184,#2185,#2503,.T.);
#1701=EDGE_CURVE('NONE',#2186,#2184,#222,.T.);
#1702=EDGE_CURVE('NONE',#2186,#2187,#2504,.T.);
#1703=EDGE_CURVE('NONE',#2187,#2185,#223,.F.);
#1704=EDGE_CURVE('NONE',#2188,#2189,#2505,.T.);
#1705=EDGE_CURVE('NONE',#2190,#2188,#224,.T.);
#1706=EDGE_CURVE('NONE',#2190,#2191,#2506,.T.);
#1707=EDGE_CURVE('NONE',#2191,#2189,#225,.F.);
#1708=EDGE_CURVE('NONE',#2192,#2193,#2507,.T.);
#1709=EDGE_CURVE('NONE',#2194,#2192,#226,.T.);
#1710=EDGE_CURVE('NONE',#2194,#2195,#2508,.T.);
#1711=EDGE_CURVE('NONE',#2195,#2193,#227,.F.);
#1712=EDGE_CURVE('NONE',#2196,#2197,#2509,.T.);
#1713=EDGE_CURVE('NONE',#2198,#2196,#228,.T.);
#1714=EDGE_CURVE('NONE',#2198,#2199,#2510,.T.);
#1715=EDGE_CURVE('NONE',#2199,#2197,#229,.F.);
#1716=EDGE_CURVE('NONE',#2200,#2201,#2511,.T.);
#1717=EDGE_CURVE('NONE',#2202,#2200,#230,.T.);
#1718=EDGE_CURVE('NONE',#2202,#2203,#2512,.T.);
#1719=EDGE_CURVE('NONE',#2203,#2201,#231,.F.);
#1720=EDGE_CURVE('NONE',#2204,#2205,#2513,.T.);
#1721=EDGE_CURVE('NONE',#2204,#2206,#232,.T.);
#1722=EDGE_CURVE('NONE',#2206,#2207,#2514,.T.);
#1723=EDGE_CURVE('NONE',#2207,#2205,#233,.F.);
#1724=EDGE_CURVE('NONE',#2208,#2208,#2515,.T.);
#1725=EDGE_CURVE('NONE',#2209,#2209,#2516,.T.);
#1726=EDGE_CURVE('NONE',#2210,#2210,#2517,.F.);
#1727=EDGE_CURVE('NONE',#2211,#2211,#2518,.T.);
#1728=EDGE_CURVE('NONE',#2212,#2212,#2519,.T.);
#1729=EDGE_CURVE('NONE',#2213,#2213,#2520,.F.);
#1730=EDGE_CURVE('NONE',#2214,#2214,#2521,.F.);
#1731=EDGE_CURVE('NONE',#2215,#2215,#2522,.F.);
#1732=EDGE_CURVE('NONE',#2216,#2216,#2523,.F.);
#1733=EDGE_CURVE('NONE',#2217,#2217,#2524,.F.);
#1734=EDGE_CURVE('NONE',#2218,#2218,#2525,.T.);
#1735=EDGE_CURVE('NONE',#2219,#2219,#2526,.T.);
#1736=EDGE_CURVE('NONE',#2220,#2220,#2527,.F.);
#1737=EDGE_CURVE('NONE',#2179,#2206,#234,.T.);
#1738=EDGE_CURVE('NONE',#2221,#2178,#235,.T.);
#1739=EDGE_CURVE('NONE',#2222,#2221,#236,.F.);
#1740=EDGE_CURVE('NONE',#2223,#2222,#237,.F.);
#1741=EDGE_CURVE('NONE',#2224,#2223,#2528,.T.);
#1742=EDGE_CURVE('NONE',#2225,#2224,#238,.F.);
#1743=EDGE_CURVE('NONE',#2226,#2225,#2529,.T.);
#1744=EDGE_CURVE('NONE',#2227,#2226,#239,.F.);
#1745=EDGE_CURVE('NONE',#2228,#2227,#2530,.T.);
#1746=EDGE_CURVE('NONE',#2229,#2228,#240,.F.);
#1747=EDGE_CURVE('NONE',#2230,#2229,#2531,.T.);
#1748=EDGE_CURVE('NONE',#2231,#2230,#241,.F.);
#1749=EDGE_CURVE('NONE',#2232,#2231,#2532,.T.);
#1750=EDGE_CURVE('NONE',#2233,#2232,#242,.F.);
#1751=EDGE_CURVE('NONE',#2234,#2233,#2533,.T.);
#1752=EDGE_CURVE('NONE',#2235,#2234,#243,.F.);
#1753=EDGE_CURVE('NONE',#2236,#2235,#2534,.T.);
#1754=EDGE_CURVE('NONE',#2237,#2236,#244,.F.);
#1755=EDGE_CURVE('NONE',#2238,#2237,#2535,.T.);
#1756=EDGE_CURVE('NONE',#2239,#2238,#245,.F.);
#1757=EDGE_CURVE('NONE',#2240,#2239,#246,.F.);
#1758=EDGE_CURVE('NONE',#2183,#2240,#247,.T.);
#1759=EDGE_CURVE('NONE',#2187,#2182,#248,.T.);
#1760=EDGE_CURVE('NONE',#2191,#2186,#249,.T.);
#1761=EDGE_CURVE('NONE',#2195,#2190,#250,.T.);
#1762=EDGE_CURVE('NONE',#2199,#2194,#251,.T.);
#1763=EDGE_CURVE('NONE',#2203,#2198,#252,.T.);
#1764=EDGE_CURVE('NONE',#2207,#2202,#253,.T.);
#1765=EDGE_CURVE('NONE',#2177,#2204,#254,.T.);
#1766=EDGE_CURVE('NONE',#2241,#2176,#255,.T.);
#1767=EDGE_CURVE('NONE',#2221,#2241,#256,.T.);
#1768=EDGE_CURVE('NONE',#2242,#2241,#257,.T.);
#1769=EDGE_CURVE('NONE',#2222,#2242,#258,.F.);
#1770=EDGE_CURVE('NONE',#2243,#2242,#259,.F.);
#1771=EDGE_CURVE('NONE',#2223,#2243,#260,.F.);
#1772=EDGE_CURVE('NONE',#2244,#2243,#2536,.T.);
#1773=EDGE_CURVE('NONE',#2224,#2244,#261,.F.);
#1774=EDGE_CURVE('NONE',#2245,#2244,#262,.F.);
#1775=EDGE_CURVE('NONE',#2225,#2245,#263,.F.);
#1776=EDGE_CURVE('NONE',#2246,#2245,#2537,.T.);
#1777=EDGE_CURVE('NONE',#2226,#2246,#264,.F.);
#1778=EDGE_CURVE('NONE',#2247,#2246,#265,.F.);
#1779=EDGE_CURVE('NONE',#2227,#2247,#266,.F.);
#1780=EDGE_CURVE('NONE',#2248,#2247,#2538,.T.);
#1781=EDGE_CURVE('NONE',#2228,#2248,#267,.F.);
#1782=EDGE_CURVE('NONE',#2249,#2248,#268,.F.);
#1783=EDGE_CURVE('NONE',#2229,#2249,#269,.F.);
#1784=EDGE_CURVE('NONE',#2250,#2249,#2539,.T.);
#1785=EDGE_CURVE('NONE',#2230,#2250,#270,.F.);
#1786=EDGE_CURVE('NONE',#2251,#2250,#271,.F.);
#1787=EDGE_CURVE('NONE',#2231,#2251,#272,.F.);
#1788=EDGE_CURVE('NONE',#2252,#2251,#2540,.T.);
#1789=EDGE_CURVE('NONE',#2232,#2252,#273,.F.);
#1790=EDGE_CURVE('NONE',#2253,#2252,#274,.F.);
#1791=EDGE_CURVE('NONE',#2233,#2253,#275,.F.);
#1792=EDGE_CURVE('NONE',#2254,#2253,#2541,.T.);
#1793=EDGE_CURVE('NONE',#2234,#2254,#276,.F.);
#1794=EDGE_CURVE('NONE',#2255,#2254,#277,.F.);
#1795=EDGE_CURVE('NONE',#2235,#2255,#278,.F.);
#1796=EDGE_CURVE('NONE',#2256,#2255,#2542,.T.);
#1797=EDGE_CURVE('NONE',#2236,#2256,#279,.F.);
#1798=EDGE_CURVE('NONE',#2257,#2256,#280,.F.);
#1799=EDGE_CURVE('NONE',#2237,#2257,#281,.F.);
#1800=EDGE_CURVE('NONE',#2258,#2257,#2543,.T.);
#1801=EDGE_CURVE('NONE',#2238,#2258,#282,.F.);
#1802=EDGE_CURVE('NONE',#2259,#2258,#283,.F.);
#1803=EDGE_CURVE('NONE',#2239,#2259,#284,.T.);
#1804=EDGE_CURVE('NONE',#2260,#2259,#285,.F.);
#1805=EDGE_CURVE('NONE',#2240,#2260,#286,.T.);
#1806=EDGE_CURVE('NONE',#2181,#2260,#287,.T.);
#1807=EDGE_CURVE('NONE',#2185,#2180,#288,.T.);
#1808=EDGE_CURVE('NONE',#2189,#2184,#289,.T.);
#1809=EDGE_CURVE('NONE',#2193,#2188,#290,.T.);
#1810=EDGE_CURVE('NONE',#2197,#2192,#291,.T.);
#1811=EDGE_CURVE('NONE',#2201,#2196,#292,.T.);
#1812=EDGE_CURVE('NONE',#2205,#2200,#293,.T.);
#1813=EDGE_CURVE('NONE',#2261,#2262,#294,.T.);
#1814=EDGE_CURVE('NONE',#2262,#2263,#295,.T.);
#1815=EDGE_CURVE('NONE',#2263,#2264,#296,.F.);
#1816=EDGE_CURVE('NONE',#2264,#2265,#297,.F.);
#1817=EDGE_CURVE('NONE',#2265,#2266,#298,.T.);
#1818=EDGE_CURVE('NONE',#2266,#2261,#299,.T.);
#1819=EDGE_CURVE('NONE',#2267,#2268,#300,.F.);
#1820=EDGE_CURVE('NONE',#2268,#2269,#301,.T.);
#1821=EDGE_CURVE('NONE',#2269,#2270,#302,.T.);
#1822=EDGE_CURVE('NONE',#2270,#2267,#303,.F.);
#1823=EDGE_CURVE('NONE',#2271,#2262,#24,.T.);
#1824=EDGE_CURVE('NONE',#2272,#2271,#304,.F.);
#1825=EDGE_CURVE('NONE',#2263,#2272,#25,.T.);
#1826=EDGE_CURVE('NONE',#2273,#2261,#26,.T.);
#1827=EDGE_CURVE('NONE',#2271,#2273,#305,.F.);
#1828=EDGE_CURVE('NONE',#2274,#2266,#27,.T.);
#1829=EDGE_CURVE('NONE',#2273,#2274,#306,.F.);
#1830=EDGE_CURVE('NONE',#2275,#2265,#28,.T.);
#1831=EDGE_CURVE('NONE',#2274,#2275,#307,.F.);
#1832=EDGE_CURVE('NONE',#2276,#2264,#29,.T.);
#1833=EDGE_CURVE('NONE',#2275,#2276,#308,.F.);
#1834=EDGE_CURVE('NONE',#2276,#2272,#309,.T.);
#1835=EDGE_CURVE('NONE',#2277,#2278,#310,.F.);
#1836=EDGE_CURVE('NONE',#2269,#2277,#311,.F.);
#1837=EDGE_CURVE('NONE',#2278,#2268,#312,.F.);
#1838=EDGE_CURVE('NONE',#2278,#2279,#313,.T.);
#1839=EDGE_CURVE('NONE',#2279,#2267,#314,.F.);
#1840=EDGE_CURVE('NONE',#2279,#2280,#315,.T.);
#1841=EDGE_CURVE('NONE',#2280,#2270,#316,.T.);
#1842=EDGE_CURVE('NONE',#2280,#2277,#317,.F.);
#1843=EDGE_CURVE('NONE',#2281,#2271,#318,.T.);
#1844=EDGE_CURVE('NONE',#2282,#2281,#319,.T.);
#1845=EDGE_CURVE('NONE',#2272,#2282,#320,.T.);
#1846=EDGE_CURVE('NONE',#2283,#2273,#321,.F.);
#1847=EDGE_CURVE('NONE',#2281,#2283,#322,.T.);
#1848=EDGE_CURVE('NONE',#2284,#2274,#323,.F.);
#1849=EDGE_CURVE('NONE',#2283,#2284,#324,.T.);
#1850=EDGE_CURVE('NONE',#2285,#2275,#325,.F.);
#1851=EDGE_CURVE('NONE',#2284,#2285,#326,.T.);
#1852=EDGE_CURVE('NONE',#2286,#2276,#327,.F.);
#1853=EDGE_CURVE('NONE',#2285,#2286,#328,.T.);
#1854=EDGE_CURVE('NONE',#2286,#2282,#329,.T.);
#1855=EDGE_CURVE('NONE',#2281,#2287,#30,.T.);
#1856=EDGE_CURVE('NONE',#2287,#2288,#330,.F.);
#1857=EDGE_CURVE('NONE',#2288,#2282,#31,.T.);
#1858=EDGE_CURVE('NONE',#2283,#2289,#32,.T.);
#1859=EDGE_CURVE('NONE',#2289,#2287,#331,.F.);
#1860=EDGE_CURVE('NONE',#2284,#2290,#33,.T.);
#1861=EDGE_CURVE('NONE',#2290,#2289,#332,.F.);
#1862=EDGE_CURVE('NONE',#2285,#2291,#34,.T.);
#1863=EDGE_CURVE('NONE',#2291,#2290,#333,.F.);
#1864=EDGE_CURVE('NONE',#2286,#2292,#35,.T.);
#1865=EDGE_CURVE('NONE',#2292,#2291,#334,.F.);
#1866=EDGE_CURVE('NONE',#2288,#2292,#335,.F.);
#1867=EDGE_CURVE('NONE',#2293,#2294,#2544,.T.);
#1868=EDGE_CURVE('NONE',#2295,#2293,#36,.F.);
#1869=EDGE_CURVE('NONE',#2296,#2295,#336,.F.);
#1870=EDGE_CURVE('NONE',#2297,#2296,#37,.F.);
#1871=EDGE_CURVE('NONE',#2298,#2297,#2545,.F.);
#1872=EDGE_CURVE('NONE',#2299,#2298,#2546,.F.);
#1873=EDGE_CURVE('NONE',#2300,#2299,#2547,.F.);
#1874=EDGE_CURVE('NONE',#2301,#2300,#2548,.T.);
#1875=EDGE_CURVE('NONE',#2302,#2301,#2549,.T.);
#1876=EDGE_CURVE('NONE',#2303,#2302,#2550,.T.);
#1877=EDGE_CURVE('NONE',#2304,#2303,#38,.F.);
#1878=EDGE_CURVE('NONE',#2305,#2304,#2551,.T.);
#1879=EDGE_CURVE('NONE',#2306,#2305,#2552,.T.);
#1880=EDGE_CURVE('NONE',#2307,#2306,#337,.F.);
#1881=EDGE_CURVE('NONE',#2308,#2307,#39,.F.);
#1882=EDGE_CURVE('NONE',#2309,#2308,#2553,.F.);
#1883=EDGE_CURVE('NONE',#2310,#2309,#338,.F.);
#1884=EDGE_CURVE('NONE',#2311,#2310,#2554,.T.);
#1885=EDGE_CURVE('NONE',#2312,#2311,#2555,.T.);
#1886=EDGE_CURVE('NONE',#2294,#2312,#2556,.T.);
#1887=EDGE_CURVE('NONE',#2313,#2314,#2557,.T.);
#1888=EDGE_CURVE('NONE',#2315,#2313,#2558,.T.);
#1889=EDGE_CURVE('NONE',#2316,#2315,#2559,.T.);
#1890=EDGE_CURVE('NONE',#2317,#2316,#2560,.T.);
#1891=EDGE_CURVE('NONE',#2318,#2317,#2561,.T.);
#1892=EDGE_CURVE('NONE',#2319,#2318,#2562,.T.);
#1893=EDGE_CURVE('NONE',#2320,#2319,#2563,.T.);
#1894=EDGE_CURVE('NONE',#2321,#2320,#2564,.T.);
#1895=EDGE_CURVE('NONE',#2314,#2321,#2565,.T.);
#1896=EDGE_CURVE('NONE',#2322,#2323,#339,.F.);
#1897=EDGE_CURVE('NONE',#2324,#2322,#40,.F.);
#1898=EDGE_CURVE('NONE',#2325,#2324,#2566,.F.);
#1899=EDGE_CURVE('NONE',#2326,#2325,#2567,.F.);
#1900=EDGE_CURVE('NONE',#2327,#2326,#340,.F.);
#1901=EDGE_CURVE('NONE',#2328,#2327,#41,.F.);
#1902=EDGE_CURVE('NONE',#2329,#2328,#2568,.T.);
#1903=EDGE_CURVE('NONE',#2330,#2329,#2569,.T.);
#1904=EDGE_CURVE('NONE',#2331,#2330,#2570,.T.);
#1905=EDGE_CURVE('NONE',#2332,#2331,#341,.F.);
#1906=EDGE_CURVE('NONE',#2333,#2332,#42,.F.);
#1907=EDGE_CURVE('NONE',#2334,#2333,#342,.T.);
#1908=EDGE_CURVE('NONE',#2335,#2334,#343,.F.);
#1909=EDGE_CURVE('NONE',#2323,#2335,#344,.F.);
#1910=EDGE_CURVE('NONE',#2336,#2337,#345,.F.);
#1911=EDGE_CURVE('NONE',#2338,#2336,#346,.F.);
#1912=EDGE_CURVE('NONE',#2339,#2338,#347,.F.);
#1913=EDGE_CURVE('NONE',#2337,#2339,#348,.F.);
#1914=EDGE_CURVE('NONE',#2340,#2341,#43,.F.);
#1915=EDGE_CURVE('NONE',#2342,#2340,#349,.T.);
#1916=EDGE_CURVE('NONE',#2343,#2342,#350,.F.);
#1917=EDGE_CURVE('NONE',#2344,#2343,#351,.F.);
#1918=EDGE_CURVE('NONE',#2345,#2344,#44,.F.);
#1919=EDGE_CURVE('NONE',#2346,#2345,#352,.F.);
#1920=EDGE_CURVE('NONE',#2347,#2346,#45,.F.);
#1921=EDGE_CURVE('NONE',#2348,#2347,#353,.F.);
#1922=EDGE_CURVE('NONE',#2349,#2348,#354,.F.);
#1923=EDGE_CURVE('NONE',#2350,#2349,#46,.F.);
#1924=EDGE_CURVE('NONE',#2351,#2350,#2571,.T.);
#1925=EDGE_CURVE('NONE',#2352,#2351,#2572,.T.);
#1926=EDGE_CURVE('NONE',#2353,#2352,#355,.F.);
#1927=EDGE_CURVE('NONE',#2354,#2353,#2573,.F.);
#1928=EDGE_CURVE('NONE',#2355,#2354,#2574,.F.);
#1929=EDGE_CURVE('NONE',#2356,#2355,#356,.T.);
#1930=EDGE_CURVE('NONE',#2357,#2356,#357,.F.);
#1931=EDGE_CURVE('NONE',#2358,#2357,#358,.F.);
#1932=EDGE_CURVE('NONE',#2359,#2358,#359,.F.);
#1933=EDGE_CURVE('NONE',#2341,#2359,#360,.F.);
#1934=EDGE_CURVE('NONE',#2312,#2360,#361,.F.);
#1935=EDGE_CURVE('NONE',#2360,#2361,#2575,.F.);
#1936=EDGE_CURVE('NONE',#2361,#2294,#47,.T.);
#1937=EDGE_CURVE('NONE',#2361,#2362,#2576,.F.);
#1938=EDGE_CURVE('NONE',#2362,#2293,#48,.T.);
#1939=EDGE_CURVE('NONE',#2362,#2363,#49,.F.);
#1940=EDGE_CURVE('NONE',#2363,#2295,#50,.F.);
#1941=EDGE_CURVE('NONE',#2363,#2364,#362,.T.);
#1942=EDGE_CURVE('NONE',#2364,#2296,#51,.T.);
#1943=EDGE_CURVE('NONE',#2364,#2365,#52,.F.);
#1944=EDGE_CURVE('NONE',#2365,#2297,#53,.F.);
#1945=EDGE_CURVE('NONE',#2365,#2366,#2577,.T.);
#1946=EDGE_CURVE('NONE',#2366,#2298,#54,.T.);
#1947=EDGE_CURVE('NONE',#2366,#2367,#2578,.T.);
#1948=EDGE_CURVE('NONE',#2367,#2299,#55,.T.);
#1949=EDGE_CURVE('NONE',#2367,#2368,#2579,.T.);
#1950=EDGE_CURVE('NONE',#2368,#2300,#56,.T.);
#1951=EDGE_CURVE('NONE',#2368,#2369,#2580,.F.);
#1952=EDGE_CURVE('NONE',#2369,#2301,#363,.T.);
#1953=EDGE_CURVE('NONE',#2369,#2370,#2581,.F.);
#1954=EDGE_CURVE('NONE',#2370,#2302,#364,.T.);
#1955=EDGE_CURVE('NONE',#2370,#2371,#2582,.F.);
#1956=EDGE_CURVE('NONE',#2371,#2303,#57,.T.);
#1957=EDGE_CURVE('NONE',#2371,#2372,#58,.F.);
#1958=EDGE_CURVE('NONE',#2372,#2304,#59,.F.);
#1959=EDGE_CURVE('NONE',#2372,#2373,#2583,.F.);
#1960=EDGE_CURVE('NONE',#2373,#2305,#365,.T.);
#1961=EDGE_CURVE('NONE',#2373,#2374,#2584,.F.);
#1962=EDGE_CURVE('NONE',#2374,#2306,#60,.F.);
#1963=EDGE_CURVE('NONE',#2374,#2375,#366,.T.);
#1964=EDGE_CURVE('NONE',#2375,#2307,#61,.T.);
#1965=EDGE_CURVE('NONE',#2375,#2376,#62,.F.);
#1966=EDGE_CURVE('NONE',#2376,#2308,#63,.F.);
#1967=EDGE_CURVE('NONE',#2376,#2377,#2585,.T.);
#1968=EDGE_CURVE('NONE',#2377,#2309,#367,.T.);
#1969=EDGE_CURVE('NONE',#2377,#2378,#368,.T.);
#1970=EDGE_CURVE('NONE',#2378,#2310,#369,.T.);
#1971=EDGE_CURVE('NONE',#2378,#2379,#2586,.F.);
#1972=EDGE_CURVE('NONE',#2379,#2311,#64,.T.);
#1973=EDGE_CURVE('NONE',#2379,#2360,#2587,.F.);
#1974=EDGE_CURVE('NONE',#2321,#2380,#65,.T.);
#1975=EDGE_CURVE('NONE',#2380,#2381,#2588,.F.);
#1976=EDGE_CURVE('NONE',#2381,#2314,#66,.T.);
#1977=EDGE_CURVE('NONE',#2381,#2382,#2589,.F.);
#1978=EDGE_CURVE('NONE',#2382,#2313,#67,.T.);
#1979=EDGE_CURVE('NONE',#2382,#2383,#2590,.F.);
#1980=EDGE_CURVE('NONE',#2383,#2315,#68,.T.);
#1981=EDGE_CURVE('NONE',#2383,#2384,#2591,.F.);
#1982=EDGE_CURVE('NONE',#2384,#2316,#69,.T.);
#1983=EDGE_CURVE('NONE',#2384,#2385,#2592,.F.);
#1984=EDGE_CURVE('NONE',#2385,#2317,#70,.T.);
#1985=EDGE_CURVE('NONE',#2385,#2386,#2593,.F.);
#1986=EDGE_CURVE('NONE',#2386,#2318,#71,.T.);
#1987=EDGE_CURVE('NONE',#2386,#2387,#2594,.F.);
#1988=EDGE_CURVE('NONE',#2387,#2319,#370,.T.);
#1989=EDGE_CURVE('NONE',#2387,#2388,#2595,.F.);
#1990=EDGE_CURVE('NONE',#2388,#2320,#72,.T.);
#1991=EDGE_CURVE('NONE',#2388,#2380,#2596,.F.);
#1992=EDGE_CURVE('NONE',#2335,#2389,#371,.F.);
#1993=EDGE_CURVE('NONE',#2389,#2390,#372,.T.);
#1994=EDGE_CURVE('NONE',#2390,#2323,#373,.T.);
#1995=EDGE_CURVE('NONE',#2390,#2391,#374,.T.);
#1996=EDGE_CURVE('NONE',#2391,#2322,#73,.T.);
#1997=EDGE_CURVE('NONE',#2391,#2392,#74,.F.);
#1998=EDGE_CURVE('NONE',#2392,#2324,#75,.F.);
#1999=EDGE_CURVE('NONE',#2392,#2393,#2597,.T.);
#2000=EDGE_CURVE('NONE',#2393,#2325,#76,.T.);
#2001=EDGE_CURVE('NONE',#2393,#2394,#2598,.T.);
#2002=EDGE_CURVE('NONE',#2394,#2326,#375,.T.);
#2003=EDGE_CURVE('NONE',#2394,#2395,#376,.T.);
#2004=EDGE_CURVE('NONE',#2395,#2327,#77,.T.);
#2005=EDGE_CURVE('NONE',#2395,#2396,#78,.F.);
#2006=EDGE_CURVE('NONE',#2396,#2328,#79,.T.);
#2007=EDGE_CURVE('NONE',#2396,#2397,#2599,.F.);
#2008=EDGE_CURVE('NONE',#2397,#2329,#80,.T.);
#2009=EDGE_CURVE('NONE',#2397,#2398,#2600,.F.);
#2010=EDGE_CURVE('NONE',#2398,#2330,#81,.T.);
#2011=EDGE_CURVE('NONE',#2398,#2399,#2601,.F.);
#2012=EDGE_CURVE('NONE',#2399,#2331,#377,.T.);
#2013=EDGE_CURVE('NONE',#2399,#2400,#378,.T.);
#2014=EDGE_CURVE('NONE',#2400,#2332,#82,.T.);
#2015=EDGE_CURVE('NONE',#2400,#2401,#83,.F.);
#2016=EDGE_CURVE('NONE',#2401,#2333,#84,.F.);
#2017=EDGE_CURVE('NONE',#2401,#2402,#379,.F.);
#2018=EDGE_CURVE('NONE',#2402,#2334,#380,.T.);
#2019=EDGE_CURVE('NONE',#2402,#2389,#381,.T.);
#2020=EDGE_CURVE('NONE',#2339,#2403,#382,.F.);
#2021=EDGE_CURVE('NONE',#2403,#2404,#383,.T.);
#2022=EDGE_CURVE('NONE',#2404,#2337,#384,.T.);
#2023=EDGE_CURVE('NONE',#2404,#2405,#385,.T.);
#2024=EDGE_CURVE('NONE',#2405,#2336,#386,.T.);
#2025=EDGE_CURVE('NONE',#2405,#2406,#387,.T.);
#2026=EDGE_CURVE('NONE',#2406,#2338,#388,.T.);
#2027=EDGE_CURVE('NONE',#2406,#2403,#389,.T.);
#2028=EDGE_CURVE('NONE',#2359,#2407,#390,.F.);
#2029=EDGE_CURVE('NONE',#2407,#2408,#391,.T.);
#2030=EDGE_CURVE('NONE',#2408,#2341,#85,.T.);
#2031=EDGE_CURVE('NONE',#2408,#2409,#86,.F.);
#2032=EDGE_CURVE('NONE',#2409,#2340,#87,.F.);
#2033=EDGE_CURVE('NONE',#2409,#2410,#392,.F.);
#2034=EDGE_CURVE('NONE',#2410,#2342,#393,.T.);
#2035=EDGE_CURVE('NONE',#2410,#2411,#394,.T.);
#2036=EDGE_CURVE('NONE',#2411,#2343,#395,.T.);
#2037=EDGE_CURVE('NONE',#2411,#2412,#396,.T.);
#2038=EDGE_CURVE('NONE',#2412,#2344,#88,.T.);
#2039=EDGE_CURVE('NONE',#2412,#2413,#89,.F.);
#2040=EDGE_CURVE('NONE',#2413,#2345,#90,.F.);
#2041=EDGE_CURVE('NONE',#2413,#2414,#397,.T.);
#2042=EDGE_CURVE('NONE',#2414,#2346,#91,.T.);
#2043=EDGE_CURVE('NONE',#2414,#2415,#92,.F.);
#2044=EDGE_CURVE('NONE',#2415,#2347,#93,.F.);
#2045=EDGE_CURVE('NONE',#2415,#2416,#398,.T.);
#2046=EDGE_CURVE('NONE',#2416,#2348,#399,.F.);
#2047=EDGE_CURVE('NONE',#2416,#2417,#400,.T.);
#2048=EDGE_CURVE('NONE',#2417,#2349,#94,.T.);
#2049=EDGE_CURVE('NONE',#2417,#2418,#95,.F.);
#2050=EDGE_CURVE('NONE',#2418,#2350,#96,.F.);
#2051=EDGE_CURVE('NONE',#2418,#2419,#2602,.F.);
#2052=EDGE_CURVE('NONE',#2419,#2351,#97,.T.);
#2053=EDGE_CURVE('NONE',#2419,#2420,#2603,.F.);
#2054=EDGE_CURVE('NONE',#2420,#2352,#401,.T.);
#2055=EDGE_CURVE('NONE',#2420,#2421,#402,.T.);
#2056=EDGE_CURVE('NONE',#2421,#2353,#98,.T.);
#2057=EDGE_CURVE('NONE',#2421,#2422,#2604,.T.);
#2058=EDGE_CURVE('NONE',#2422,#2354,#99,.T.);
#2059=EDGE_CURVE('NONE',#2422,#2423,#2605,.T.);
#2060=EDGE_CURVE('NONE',#2423,#2355,#403,.T.);
#2061=EDGE_CURVE('NONE',#2423,#2424,#404,.F.);
#2062=EDGE_CURVE('NONE',#2424,#2356,#405,.T.);
#2063=EDGE_CURVE('NONE',#2424,#2425,#406,.T.);
#2064=EDGE_CURVE('NONE',#2425,#2357,#407,.T.);
#2065=EDGE_CURVE('NONE',#2425,#2426,#408,.T.);
#2066=EDGE_CURVE('NONE',#2426,#2358,#409,.T.);
#2067=EDGE_CURVE('NONE',#2426,#2407,#410,.T.);
#2068=EDGE_CURVE('NONE',#2427,#2428,#2606,.F.);
#2069=EDGE_CURVE('NONE',#2428,#2429,#2607,.F.);
#2070=EDGE_CURVE('NONE',#2429,#2430,#411,.T.);
#2071=EDGE_CURVE('NONE',#2430,#2431,#2608,.F.);
#2072=EDGE_CURVE('NONE',#2431,#2432,#2609,.F.);
#2073=EDGE_CURVE('NONE',#2432,#2427,#2610,.F.);
#2074=EDGE_CURVE('NONE',#2433,#2434,#2611,.F.);
#2075=EDGE_CURVE('NONE',#2434,#2435,#2612,.F.);
#2076=EDGE_CURVE('NONE',#2435,#2436,#2613,.F.);
#2077=EDGE_CURVE('NONE',#2436,#2437,#412,.T.);
#2078=EDGE_CURVE('NONE',#2437,#2438,#2614,.F.);
#2079=EDGE_CURVE('NONE',#2438,#2439,#2615,.F.);
#2080=EDGE_CURVE('NONE',#2439,#2440,#2616,.F.);
#2081=EDGE_CURVE('NONE',#2440,#2441,#2617,.F.);
#2082=EDGE_CURVE('NONE',#2441,#2442,#100,.T.);
#2083=EDGE_CURVE('NONE',#2442,#2433,#2618,.F.);
#2084=EDGE_CURVE('NONE',#2443,#2444,#101,.F.);
#2085=EDGE_CURVE('NONE',#2445,#2443,#413,.T.);
#2086=EDGE_CURVE('NONE',#2446,#2445,#414,.T.);
#2087=EDGE_CURVE('NONE',#2447,#2446,#415,.T.);
#2088=EDGE_CURVE('NONE',#2444,#2447,#2619,.T.);
#2089=EDGE_CURVE('NONE',#2448,#2449,#2620,.F.);
#2090=EDGE_CURVE('NONE',#2449,#2429,#416,.F.);
#2091=EDGE_CURVE('NONE',#2428,#2448,#102,.T.);
#2092=EDGE_CURVE('NONE',#2450,#2448,#2621,.F.);
#2093=EDGE_CURVE('NONE',#2427,#2450,#103,.T.);
#2094=EDGE_CURVE('NONE',#2451,#2450,#2622,.F.);
#2095=EDGE_CURVE('NONE',#2432,#2451,#104,.T.);
#2096=EDGE_CURVE('NONE',#2452,#2451,#2623,.F.);
#2097=EDGE_CURVE('NONE',#2431,#2452,#105,.T.);
#2098=EDGE_CURVE('NONE',#2453,#2452,#2624,.F.);
#2099=EDGE_CURVE('NONE',#2430,#2453,#417,.T.);
#2100=EDGE_CURVE('NONE',#2449,#2453,#418,.F.);
#2101=EDGE_CURVE('NONE',#2454,#2455,#2625,.F.);
#2102=EDGE_CURVE('NONE',#2455,#2435,#106,.T.);
#2103=EDGE_CURVE('NONE',#2434,#2454,#107,.T.);
#2104=EDGE_CURVE('NONE',#2456,#2454,#2626,.F.);
#2105=EDGE_CURVE('NONE',#2433,#2456,#108,.T.);
#2106=EDGE_CURVE('NONE',#2457,#2456,#2627,.F.);
#2107=EDGE_CURVE('NONE',#2442,#2457,#419,.F.);
#2108=EDGE_CURVE('NONE',#2458,#2457,#109,.F.);
#2109=EDGE_CURVE('NONE',#2441,#2458,#110,.F.);
#2110=EDGE_CURVE('NONE',#2459,#2458,#2628,.F.);
#2111=EDGE_CURVE('NONE',#2440,#2459,#111,.T.);
#2112=EDGE_CURVE('NONE',#2460,#2459,#2629,.F.);
#2113=EDGE_CURVE('NONE',#2439,#2460,#112,.T.);
#2114=EDGE_CURVE('NONE',#2461,#2460,#2630,.F.);
#2115=EDGE_CURVE('NONE',#2438,#2461,#113,.T.);
#2116=EDGE_CURVE('NONE',#2462,#2461,#2631,.F.);
#2117=EDGE_CURVE('NONE',#2437,#2462,#114,.F.);
#2118=EDGE_CURVE('NONE',#2463,#2462,#420,.F.);
#2119=EDGE_CURVE('NONE',#2436,#2463,#115,.T.);
#2120=EDGE_CURVE('NONE',#2455,#2463,#2632,.F.);
#2121=EDGE_CURVE('NONE',#2464,#2465,#2633,.F.);
#2122=EDGE_CURVE('NONE',#2465,#2444,#116,.T.);
#2123=EDGE_CURVE('NONE',#2447,#2464,#117,.F.);
#2124=EDGE_CURVE('NONE',#2465,#2466,#118,.F.);
#2125=EDGE_CURVE('NONE',#2466,#2443,#119,.F.);
#2126=EDGE_CURVE('NONE',#2466,#2467,#421,.F.);
#2127=EDGE_CURVE('NONE',#2467,#2445,#422,.F.);
#2128=EDGE_CURVE('NONE',#2467,#2468,#423,.F.);
#2129=EDGE_CURVE('NONE',#2468,#2446,#424,.F.);
#2130=EDGE_CURVE('NONE',#2468,#2464,#425,.F.);
#2131=EDGE_CURVE('NONE',#2469,#2470,#426,.F.);
#2132=EDGE_CURVE('NONE',#2471,#2469,#427,.T.);
#2133=EDGE_CURVE('NONE',#2472,#2471,#428,.T.);
#2134=EDGE_CURVE('NONE',#2470,#2472,#429,.F.);
#2135=EDGE_CURVE('NONE',#2473,#2474,#430,.F.);
#2136=EDGE_CURVE('NONE',#2475,#2473,#431,.F.);
#2137=EDGE_CURVE('NONE',#2476,#2475,#432,.F.);
#2138=EDGE_CURVE('NONE',#2477,#2476,#433,.F.);
#2139=EDGE_CURVE('NONE',#2478,#2477,#434,.F.);
#2140=EDGE_CURVE('NONE',#2479,#2478,#435,.F.);
#2141=EDGE_CURVE('NONE',#2480,#2479,#436,.F.);
#2142=EDGE_CURVE('NONE',#2474,#2480,#437,.F.);
#2143=EDGE_CURVE('NONE',#2472,#2481,#438,.T.);
#2144=EDGE_CURVE('NONE',#2481,#2482,#439,.T.);
#2145=EDGE_CURVE('NONE',#2482,#2470,#440,.F.);
#2146=EDGE_CURVE('NONE',#2482,#2483,#441,.T.);
#2147=EDGE_CURVE('NONE',#2483,#2469,#442,.F.);
#2148=EDGE_CURVE('NONE',#2483,#2484,#443,.F.);
#2149=EDGE_CURVE('NONE',#2484,#2471,#444,.T.);
#2150=EDGE_CURVE('NONE',#2484,#2481,#445,.F.);
#2151=EDGE_CURVE('NONE',#2480,#2485,#446,.F.);
#2152=EDGE_CURVE('NONE',#2485,#2486,#447,.T.);
#2153=EDGE_CURVE('NONE',#2486,#2474,#448,.T.);
#2154=EDGE_CURVE('NONE',#2486,#2487,#449,.T.);
#2155=EDGE_CURVE('NONE',#2487,#2473,#450,.T.);
#2156=EDGE_CURVE('NONE',#2487,#2488,#451,.T.);
#2157=EDGE_CURVE('NONE',#2488,#2475,#452,.T.);
#2158=EDGE_CURVE('NONE',#2488,#2489,#453,.T.);
#2159=EDGE_CURVE('NONE',#2489,#2476,#454,.T.);
#2160=EDGE_CURVE('NONE',#2489,#2490,#455,.T.);
#2161=EDGE_CURVE('NONE',#2490,#2477,#456,.T.);
#2162=EDGE_CURVE('NONE',#2490,#2491,#457,.T.);
#2163=EDGE_CURVE('NONE',#2491,#2478,#458,.T.);
#2164=EDGE_CURVE('NONE',#2491,#2492,#459,.T.);
#2165=EDGE_CURVE('NONE',#2492,#2479,#460,.T.);
#2166=EDGE_CURVE('NONE',#2492,#2485,#461,.T.);
#2167=EDGE_CURVE('NONE',#2493,#2494,#462,.T.);
#2168=EDGE_CURVE('NONE',#2495,#2493,#463,.T.);
#2169=EDGE_CURVE('NONE',#2494,#2495,#464,.T.);
#2170=EDGE_CURVE('NONE',#2496,#2497,#465,.F.);
#2171=EDGE_CURVE('NONE',#2497,#2494,#466,.F.);
#2172=EDGE_CURVE('NONE',#2495,#2496,#467,.T.);
#2173=EDGE_CURVE('NONE',#2497,#2498,#468,.F.);
#2174=EDGE_CURVE('NONE',#2498,#2493,#469,.F.);
#2175=EDGE_CURVE('NONE',#2498,#2496,#470,.F.);
#2176=VERTEX_POINT('',#5068);
#2177=VERTEX_POINT('',#5069);
#2178=VERTEX_POINT('',#5071);
#2179=VERTEX_POINT('',#5073);
#2180=VERTEX_POINT('',#5077);
#2181=VERTEX_POINT('',#5078);
#2182=VERTEX_POINT('',#5080);
#2183=VERTEX_POINT('',#5082);
#2184=VERTEX_POINT('',#5086);
#2185=VERTEX_POINT('',#5087);
#2186=VERTEX_POINT('',#5089);
#2187=VERTEX_POINT('',#5091);
#2188=VERTEX_POINT('',#5095);
#2189=VERTEX_POINT('',#5096);
#2190=VERTEX_POINT('',#5098);
#2191=VERTEX_POINT('',#5100);
#2192=VERTEX_POINT('',#5104);
#2193=VERTEX_POINT('',#5105);
#2194=VERTEX_POINT('',#5107);
#2195=VERTEX_POINT('',#5109);
#2196=VERTEX_POINT('',#5113);
#2197=VERTEX_POINT('',#5114);
#2198=VERTEX_POINT('',#5116);
#2199=VERTEX_POINT('',#5118);
#2200=VERTEX_POINT('',#5122);
#2201=VERTEX_POINT('',#5123);
#2202=VERTEX_POINT('',#5125);
#2203=VERTEX_POINT('',#5127);
#2204=VERTEX_POINT('',#5131);
#2205=VERTEX_POINT('',#5132);
#2206=VERTEX_POINT('',#5134);
#2207=VERTEX_POINT('',#5136);
#2208=VERTEX_POINT('',#5140);
#2209=VERTEX_POINT('',#5142);
#2210=VERTEX_POINT('',#5145);
#2211=VERTEX_POINT('',#5148);
#2212=VERTEX_POINT('',#5150);
#2213=VERTEX_POINT('',#5153);
#2214=VERTEX_POINT('',#5155);
#2215=VERTEX_POINT('',#5158);
#2216=VERTEX_POINT('',#5160);
#2217=VERTEX_POINT('',#5163);
#2218=VERTEX_POINT('',#5166);
#2219=VERTEX_POINT('',#5168);
#2220=VERTEX_POINT('',#5171);
#2221=VERTEX_POINT('',#5175);
#2222=VERTEX_POINT('',#5177);
#2223=VERTEX_POINT('',#5179);
#2224=VERTEX_POINT('',#5181);
#2225=VERTEX_POINT('',#5183);
#2226=VERTEX_POINT('',#5185);
#2227=VERTEX_POINT('',#5187);
#2228=VERTEX_POINT('',#5189);
#2229=VERTEX_POINT('',#5191);
#2230=VERTEX_POINT('',#5193);
#2231=VERTEX_POINT('',#5195);
#2232=VERTEX_POINT('',#5197);
#2233=VERTEX_POINT('',#5199);
#2234=VERTEX_POINT('',#5201);
#2235=VERTEX_POINT('',#5203);
#2236=VERTEX_POINT('',#5205);
#2237=VERTEX_POINT('',#5207);
#2238=VERTEX_POINT('',#5209);
#2239=VERTEX_POINT('',#5211);
#2240=VERTEX_POINT('',#5213);
#2241=VERTEX_POINT('',#5225);
#2242=VERTEX_POINT('',#5229);
#2243=VERTEX_POINT('',#5233);
#2244=VERTEX_POINT('',#5237);
#2245=VERTEX_POINT('',#5241);
#2246=VERTEX_POINT('',#5245);
#2247=VERTEX_POINT('',#5249);
#2248=VERTEX_POINT('',#5253);
#2249=VERTEX_POINT('',#5257);
#2250=VERTEX_POINT('',#5261);
#2251=VERTEX_POINT('',#5265);
#2252=VERTEX_POINT('',#5269);
#2253=VERTEX_POINT('',#5273);
#2254=VERTEX_POINT('',#5277);
#2255=VERTEX_POINT('',#5281);
#2256=VERTEX_POINT('',#5285);
#2257=VERTEX_POINT('',#5289);
#2258=VERTEX_POINT('',#5293);
#2259=VERTEX_POINT('',#5297);
#2260=VERTEX_POINT('',#5301);
#2261=VERTEX_POINT('',#5319);
#2262=VERTEX_POINT('',#5320);
#2263=VERTEX_POINT('',#5322);
#2264=VERTEX_POINT('',#5324);
#2265=VERTEX_POINT('',#5326);
#2266=VERTEX_POINT('',#5328);
#2267=VERTEX_POINT('',#5331);
#2268=VERTEX_POINT('',#5332);
#2269=VERTEX_POINT('',#5334);
#2270=VERTEX_POINT('',#5336);
#2271=VERTEX_POINT('',#5344);
#2272=VERTEX_POINT('',#5346);
#2273=VERTEX_POINT('',#5358);
#2274=VERTEX_POINT('',#5366);
#2275=VERTEX_POINT('',#5374);
#2276=VERTEX_POINT('',#5382);
#2277=VERTEX_POINT('',#5388);
#2278=VERTEX_POINT('',#5389);
#2279=VERTEX_POINT('',#5394);
#2280=VERTEX_POINT('',#5398);
#2281=VERTEX_POINT('',#5404);
#2282=VERTEX_POINT('',#5406);
#2283=VERTEX_POINT('',#5410);
#2284=VERTEX_POINT('',#5414);
#2285=VERTEX_POINT('',#5418);
#2286=VERTEX_POINT('',#5422);
#2287=VERTEX_POINT('',#5433);
#2288=VERTEX_POINT('',#5435);
#2289=VERTEX_POINT('',#5447);
#2290=VERTEX_POINT('',#5455);
#2291=VERTEX_POINT('',#5463);
#2292=VERTEX_POINT('',#5471);
#2293=VERTEX_POINT('',#5477);
#2294=VERTEX_POINT('',#5478);
#2295=VERTEX_POINT('',#5485);
#2296=VERTEX_POINT('',#5487);
#2297=VERTEX_POINT('',#5493);
#2298=VERTEX_POINT('',#5495);
#2299=VERTEX_POINT('',#5497);
#2300=VERTEX_POINT('',#5499);
#2301=VERTEX_POINT('',#5501);
#2302=VERTEX_POINT('',#5503);
#2303=VERTEX_POINT('',#5505);
#2304=VERTEX_POINT('',#5511);
#2305=VERTEX_POINT('',#5513);
#2306=VERTEX_POINT('',#5515);
#2307=VERTEX_POINT('',#5517);
#2308=VERTEX_POINT('',#5522);
#2309=VERTEX_POINT('',#5524);
#2310=VERTEX_POINT('',#5526);
#2311=VERTEX_POINT('',#5528);
#2312=VERTEX_POINT('',#5530);
#2313=VERTEX_POINT('',#5533);
#2314=VERTEX_POINT('',#5534);
#2315=VERTEX_POINT('',#5536);
#2316=VERTEX_POINT('',#5538);
#2317=VERTEX_POINT('',#5540);
#2318=VERTEX_POINT('',#5542);
#2319=VERTEX_POINT('',#5544);
#2320=VERTEX_POINT('',#5546);
#2321=VERTEX_POINT('',#5548);
#2322=VERTEX_POINT('',#5551);
#2323=VERTEX_POINT('',#5552);
#2324=VERTEX_POINT('',#5558);
#2325=VERTEX_POINT('',#5560);
#2326=VERTEX_POINT('',#5562);
#2327=VERTEX_POINT('',#5564);
#2328=VERTEX_POINT('',#5569);
#2329=VERTEX_POINT('',#5571);
#2330=VERTEX_POINT('',#5573);
#2331=VERTEX_POINT('',#5575);
#2332=VERTEX_POINT('',#5577);
#2333=VERTEX_POINT('',#5583);
#2334=VERTEX_POINT('',#5585);
#2335=VERTEX_POINT('',#5587);
#2336=VERTEX_POINT('',#5590);
#2337=VERTEX_POINT('',#5591);
#2338=VERTEX_POINT('',#5593);
#2339=VERTEX_POINT('',#5595);
#2340=VERTEX_POINT('',#5602);
#2341=VERTEX_POINT('',#5603);
#2342=VERTEX_POINT('',#5605);
#2343=VERTEX_POINT('',#5607);
#2344=VERTEX_POINT('',#5609);
#2345=VERTEX_POINT('',#5615);
#2346=VERTEX_POINT('',#5617);
#2347=VERTEX_POINT('',#5623);
#2348=VERTEX_POINT('',#5625);
#2349=VERTEX_POINT('',#5627);
#2350=VERTEX_POINT('',#5633);
#2351=VERTEX_POINT('',#5635);
#2352=VERTEX_POINT('',#5637);
#2353=VERTEX_POINT('',#5639);
#2354=VERTEX_POINT('',#5641);
#2355=VERTEX_POINT('',#5643);
#2356=VERTEX_POINT('',#5645);
#2357=VERTEX_POINT('',#5647);
#2358=VERTEX_POINT('',#5649);
#2359=VERTEX_POINT('',#5651);
#2360=VERTEX_POINT('',#5655);
#2361=VERTEX_POINT('',#5657);
#2362=VERTEX_POINT('',#5664);
#2363=VERTEX_POINT('',#5719);
#2364=VERTEX_POINT('',#5726);
#2365=VERTEX_POINT('',#5774);
#2366=VERTEX_POINT('',#5781);
#2367=VERTEX_POINT('',#5788);
#2368=VERTEX_POINT('',#5795);
#2369=VERTEX_POINT('',#5802);
#2370=VERTEX_POINT('',#5806);
#2371=VERTEX_POINT('',#5810);
#2372=VERTEX_POINT('',#5850);
#2373=VERTEX_POINT('',#5857);
#2374=VERTEX_POINT('',#5861);
#2375=VERTEX_POINT('',#5868);
#2376=VERTEX_POINT('',#5899);
#2377=VERTEX_POINT('',#5906);
#2378=VERTEX_POINT('',#5910);
#2379=VERTEX_POINT('',#5914);
#2380=VERTEX_POINT('',#5926);
#2381=VERTEX_POINT('',#5928);
#2382=VERTEX_POINT('',#5935);
#2383=VERTEX_POINT('',#5942);
#2384=VERTEX_POINT('',#5949);
#2385=VERTEX_POINT('',#5956);
#2386=VERTEX_POINT('',#5963);
#2387=VERTEX_POINT('',#5970);
#2388=VERTEX_POINT('',#5974);
#2389=VERTEX_POINT('',#5983);
#2390=VERTEX_POINT('',#5985);
#2391=VERTEX_POINT('',#5989);
#2392=VERTEX_POINT('',#6053);
#2393=VERTEX_POINT('',#6060);
#2394=VERTEX_POINT('',#6067);
#2395=VERTEX_POINT('',#6071);
#2396=VERTEX_POINT('',#6081);
#2397=VERTEX_POINT('',#6088);
#2398=VERTEX_POINT('',#6095);
#2399=VERTEX_POINT('',#6102);
#2400=VERTEX_POINT('',#6106);
#2401=VERTEX_POINT('',#6156);
#2402=VERTEX_POINT('',#6163);
#2403=VERTEX_POINT('',#6169);
#2404=VERTEX_POINT('',#6171);
#2405=VERTEX_POINT('',#6175);
#2406=VERTEX_POINT('',#6179);
#2407=VERTEX_POINT('',#6185);
#2408=VERTEX_POINT('',#6187);
#2409=VERTEX_POINT('',#6235);
#2410=VERTEX_POINT('',#6242);
#2411=VERTEX_POINT('',#6246);
#2412=VERTEX_POINT('',#6250);
#2413=VERTEX_POINT('',#6304);
#2414=VERTEX_POINT('',#6311);
#2415=VERTEX_POINT('',#6359);
#2416=VERTEX_POINT('',#6366);
#2417=VERTEX_POINT('',#6370);
#2418=VERTEX_POINT('',#6456);
#2419=VERTEX_POINT('',#6463);
#2420=VERTEX_POINT('',#6470);
#2421=VERTEX_POINT('',#6474);
#2422=VERTEX_POINT('',#6481);
#2423=VERTEX_POINT('',#6488);
#2424=VERTEX_POINT('',#6492);
#2425=VERTEX_POINT('',#6496);
#2426=VERTEX_POINT('',#6500);
#2427=VERTEX_POINT('',#6507);
#2428=VERTEX_POINT('',#6508);
#2429=VERTEX_POINT('',#6510);
#2430=VERTEX_POINT('',#6512);
#2431=VERTEX_POINT('',#6514);
#2432=VERTEX_POINT('',#6516);
#2433=VERTEX_POINT('',#6520);
#2434=VERTEX_POINT('',#6521);
#2435=VERTEX_POINT('',#6523);
#2436=VERTEX_POINT('',#6525);
#2437=VERTEX_POINT('',#6527);
#2438=VERTEX_POINT('',#6529);
#2439=VERTEX_POINT('',#6531);
#2440=VERTEX_POINT('',#6533);
#2441=VERTEX_POINT('',#6535);
#2442=VERTEX_POINT('',#6542);
#2443=VERTEX_POINT('',#6553);
#2444=VERTEX_POINT('',#6554);
#2445=VERTEX_POINT('',#6556);
#2446=VERTEX_POINT('',#6558);
#2447=VERTEX_POINT('',#6560);
#2448=VERTEX_POINT('',#6564);
#2449=VERTEX_POINT('',#6565);
#2450=VERTEX_POINT('',#6573);
#2451=VERTEX_POINT('',#6580);
#2452=VERTEX_POINT('',#6587);
#2453=VERTEX_POINT('',#6594);
#2454=VERTEX_POINT('',#6600);
#2455=VERTEX_POINT('',#6601);
#2456=VERTEX_POINT('',#6612);
#2457=VERTEX_POINT('',#6619);
#2458=VERTEX_POINT('',#6679);
#2459=VERTEX_POINT('',#6686);
#2460=VERTEX_POINT('',#6693);
#2461=VERTEX_POINT('',#6700);
#2462=VERTEX_POINT('',#6707);
#2463=VERTEX_POINT('',#6714);
#2464=VERTEX_POINT('',#6723);
#2465=VERTEX_POINT('',#6724);
#2466=VERTEX_POINT('',#6782);
#2467=VERTEX_POINT('',#6789);
#2468=VERTEX_POINT('',#6793);
#2469=VERTEX_POINT('',#6801);
#2470=VERTEX_POINT('',#6802);
#2471=VERTEX_POINT('',#6804);
#2472=VERTEX_POINT('',#6806);
#2473=VERTEX_POINT('',#6809);
#2474=VERTEX_POINT('',#6810);
#2475=VERTEX_POINT('',#6812);
#2476=VERTEX_POINT('',#6814);
#2477=VERTEX_POINT('',#6816);
#2478=VERTEX_POINT('',#6818);
#2479=VERTEX_POINT('',#6820);
#2480=VERTEX_POINT('',#6822);
#2481=VERTEX_POINT('',#6828);
#2482=VERTEX_POINT('',#6830);
#2483=VERTEX_POINT('',#6834);
#2484=VERTEX_POINT('',#6838);
#2485=VERTEX_POINT('',#6844);
#2486=VERTEX_POINT('',#6846);
#2487=VERTEX_POINT('',#6850);
#2488=VERTEX_POINT('',#6854);
#2489=VERTEX_POINT('',#6858);
#2490=VERTEX_POINT('',#6862);
#2491=VERTEX_POINT('',#6866);
#2492=VERTEX_POINT('',#6870);
#2493=VERTEX_POINT('',#6877);
#2494=VERTEX_POINT('',#6878);
#2495=VERTEX_POINT('',#6880);
#2496=VERTEX_POINT('',#6884);
#2497=VERTEX_POINT('',#6885);
#2498=VERTEX_POINT('',#6890);
#2499=CIRCLE('',#3875,0.0005);
#2500=CIRCLE('',#3876,0.0005);
#2501=CIRCLE('',#3878,0.0005);
#2502=CIRCLE('',#3879,0.0005);
#2503=CIRCLE('',#3881,0.0005);
#2504=CIRCLE('',#3882,0.0005);
#2505=CIRCLE('',#3884,0.0005);
#2506=CIRCLE('',#3885,0.0005);
#2507=CIRCLE('',#3887,0.0005);
#2508=CIRCLE('',#3888,0.0005);
#2509=CIRCLE('',#3890,0.0005);
#2510=CIRCLE('',#3891,0.0005);
#2511=CIRCLE('',#3893,0.0005);
#2512=CIRCLE('',#3894,0.0005);
#2513=CIRCLE('',#3896,0.0005);
#2514=CIRCLE('',#3897,0.0005);
#2515=CIRCLE('',#3899,0.0011);
#2516=CIRCLE('',#3900,0.0011);
#2517=CIRCLE('',#3902,0.00102);
#2518=CIRCLE('',#3904,0.0025);
#2519=CIRCLE('',#3905,0.0025);
#2520=CIRCLE('',#3907,0.0009);
#2521=CIRCLE('',#3908,0.00098);
#2522=CIRCLE('',#3910,0.0024);
#2523=CIRCLE('',#3911,0.0024);
#2524=CIRCLE('',#3913,0.0009);
#2525=CIRCLE('',#3915,0.00025);
#2526=CIRCLE('',#3916,0.00025);
#2527=CIRCLE('',#3918,0.00017);
#2528=CIRCLE('',#3920,0.0005);
#2529=CIRCLE('',#3921,0.0005);
#2530=CIRCLE('',#3922,0.0005);
#2531=CIRCLE('',#3923,0.0005);
#2532=CIRCLE('',#3924,0.0005);
#2533=CIRCLE('',#3925,0.0005);
#2534=CIRCLE('',#3926,0.0005);
#2535=CIRCLE('',#3927,0.0005);
#2536=CIRCLE('',#3933,0.0005);
#2537=CIRCLE('',#3936,0.0005);
#2538=CIRCLE('',#3939,0.0005);
#2539=CIRCLE('',#3942,0.0005);
#2540=CIRCLE('',#3945,0.0005);
#2541=CIRCLE('',#3948,0.0005);
#2542=CIRCLE('',#3951,0.0005);
#2543=CIRCLE('',#3954,0.0005);
#2544=CIRCLE('',#3989,0.000268948723197167);
#2545=CIRCLE('',#3990,0.000275008150939477);
#2546=CIRCLE('',#3991,7.68158783098426E-5);
#2547=CIRCLE('',#3992,0.000138640969584487);
#2548=CIRCLE('',#3993,0.000192564208744288);
#2549=CIRCLE('',#3994,0.00018220702644108);
#2550=CIRCLE('',#3995,0.000208170262163994);
#2551=CIRCLE('',#3996,0.000466546712537701);
#2552=CIRCLE('',#3997,0.00139291035120997);
#2553=CIRCLE('',#3998,0.000113088572791688);
#2554=CIRCLE('',#3999,0.000393646594065317);
#2555=CIRCLE('',#4000,0.000236917269761842);
#2556=CIRCLE('',#4001,0.00077143169530678);
#2557=CIRCLE('',#4002,0.000639293662317001);
#2558=CIRCLE('',#4003,0.000560739915901664);
#2559=CIRCLE('',#4004,0.00102869982157612);
#2560=CIRCLE('',#4005,0.00170573550922072);
#2561=CIRCLE('',#4006,0.00192170939666854);
#2562=CIRCLE('',#4007,0.000629106005772205);
#2563=CIRCLE('',#4008,0.000622561326320877);
#2564=CIRCLE('',#4009,0.00182209632378941);
#2565=CIRCLE('',#4010,0.00182154732199424);
#2566=CIRCLE('',#4011,0.000346061126846306);
#2567=CIRCLE('',#4012,0.00039433385086765);
#2568=CIRCLE('',#4013,0.000545573459315694);
#2569=CIRCLE('',#4014,0.000836867778857227);
#2570=CIRCLE('',#4015,0.00419703717793874);
#2571=CIRCLE('',#4016,0.000480242362368508);
#2572=CIRCLE('',#4017,0.000680766460798631);
#2573=CIRCLE('',#4018,0.0012198931876154);
#2574=CIRCLE('',#4019,0.00024661157347406);
#2575=CIRCLE('',#4021,0.00077143169530678);
#2576=CIRCLE('',#4023,0.000268948723197167);
#2577=CIRCLE('',#4026,0.000275008150939477);
#2578=CIRCLE('',#4028,7.68158783098426E-5);
#2579=CIRCLE('',#4030,0.000138640969584487);
#2580=CIRCLE('',#4032,0.000192564208744288);
#2581=CIRCLE('',#4034,0.00018220702644108);
#2582=CIRCLE('',#4036,0.000208170262163994);
#2583=CIRCLE('',#4038,0.000466546712537701);
#2584=CIRCLE('',#4040,0.00139291035120997);
#2585=CIRCLE('',#4043,0.000113088572791688);
#2586=CIRCLE('',#4046,0.000393646594065317);
#2587=CIRCLE('',#4048,0.000236917269761842);
#2588=CIRCLE('',#4050,0.00182154732199424);
#2589=CIRCLE('',#4052,0.000639293662317001);
#2590=CIRCLE('',#4054,0.000560739915901664);
#2591=CIRCLE('',#4056,0.00102869982157612);
#2592=CIRCLE('',#4058,0.00170573550922072);
#2593=CIRCLE('',#4060,0.00192170939666854);
#2594=CIRCLE('',#4062,0.000629106005772205);
#2595=CIRCLE('',#4064,0.000622561326320877);
#2596=CIRCLE('',#4066,0.00182209632378941);
#2597=CIRCLE('',#4070,0.000346061126846306);
#2598=CIRCLE('',#4072,0.00039433385086765);
#2599=CIRCLE('',#4076,0.000545573459315694);
#2600=CIRCLE('',#4078,0.000836867778857227);
#2601=CIRCLE('',#4080,0.00419703717793874);
#2602=CIRCLE('',#4096,0.000480242362368508);
#2603=CIRCLE('',#4098,0.000680766460798631);
#2604=CIRCLE('',#4101,0.0012198931876154);
#2605=CIRCLE('',#4103,0.00024661157347406);
#2606=CIRCLE('',#4110,0.000274306126050671);
#2607=CIRCLE('',#4111,0.000857520948446652);
#2608=CIRCLE('',#4112,0.000294943962963677);
#2609=CIRCLE('',#4113,0.000133134037471702);
#2610=CIRCLE('',#4114,0.000172562513476414);
#2611=CIRCLE('',#4116,0.000144427560041284);
#2612=CIRCLE('',#4117,0.000605859634899842);
#2613=CIRCLE('',#4118,0.0250934852397931);
#2614=CIRCLE('',#4119,0.000496182044964023);
#2615=CIRCLE('',#4120,0.00013248714581904);
#2616=CIRCLE('',#4121,0.000170672956520255);
#2617=CIRCLE('',#4122,0.00400192608365103);
#2618=CIRCLE('',#4123,0.000138115416245806);
#2619=CIRCLE('',#4128,0.000388122521256486);
#2620=CIRCLE('',#4130,0.000857520948446652);
#2621=CIRCLE('',#4132,0.000274306126050671);
#2622=CIRCLE('',#4134,0.000172562513476414);
#2623=CIRCLE('',#4136,0.000133134037471702);
#2624=CIRCLE('',#4138,0.000294943962963677);
#2625=CIRCLE('',#4141,0.000605859634899842);
#2626=CIRCLE('',#4143,0.000144427560041284);
#2627=CIRCLE('',#4145,0.000138115416245806);
#2628=CIRCLE('',#4147,0.00400192608365103);
#2629=CIRCLE('',#4149,0.000170672956520255);
#2630=CIRCLE('',#4151,0.00013248714581904);
#2631=CIRCLE('',#4153,0.000496182044964023);
#2632=CIRCLE('',#4156,0.0250934852397931);
#2633=CIRCLE('',#4158,0.000388122521256486);
#2634=EDGE_LOOP('',(#724,#725,#726,#727));
#2635=EDGE_LOOP('',(#728,#729,#730,#731));
#2636=EDGE_LOOP('',(#732,#733,#734,#735));
#2637=EDGE_LOOP('',(#736,#737,#738,#739));
#2638=EDGE_LOOP('',(#740,#741,#742,#743));
#2639=EDGE_LOOP('',(#744,#745,#746,#747));
#2640=EDGE_LOOP('',(#748,#749,#750,#751));
#2641=EDGE_LOOP('',(#752,#753,#754,#755));
#2642=EDGE_LOOP('',(#756));
#2643=EDGE_LOOP('',(#757));
#2644=EDGE_LOOP('',(#758));
#2645=EDGE_LOOP('',(#759));
#2646=EDGE_LOOP('',(#760));
#2647=EDGE_LOOP('',(#761));
#2648=EDGE_LOOP('',(#762));
#2649=EDGE_LOOP('',(#763));
#2650=EDGE_LOOP('',(#764));
#2651=EDGE_LOOP('',(#765));
#2652=EDGE_LOOP('',(#766));
#2653=EDGE_LOOP('',(#767));
#2654=EDGE_LOOP('',(#768));
#2655=EDGE_LOOP('',(#769));
#2656=EDGE_LOOP('',(#770));
#2657=EDGE_LOOP('',(#771));
#2658=EDGE_LOOP('',(#772,#773,#774,#775,#776,#777,#778,#779,#780,#781,#782,
#783,#784,#785,#786,#787,#788,#789,#790,#791,#792,#793,#794,#795,#796,#797,
#798,#799,#800,#801,#802,#803,#804,#805,#806,#807));
#2659=EDGE_LOOP('',(#808,#809,#810,#811));
#2660=EDGE_LOOP('',(#812,#813,#814,#815));
#2661=EDGE_LOOP('',(#816,#817,#818,#819));
#2662=EDGE_LOOP('',(#820,#821,#822,#823));
#2663=EDGE_LOOP('',(#824,#825,#826,#827));
#2664=EDGE_LOOP('',(#828,#829,#830,#831));
#2665=EDGE_LOOP('',(#832,#833,#834,#835));
#2666=EDGE_LOOP('',(#836,#837,#838,#839));
#2667=EDGE_LOOP('',(#840,#841,#842,#843));
#2668=EDGE_LOOP('',(#844,#845,#846,#847));
#2669=EDGE_LOOP('',(#848,#849,#850,#851));
#2670=EDGE_LOOP('',(#852,#853,#854,#855));
#2671=EDGE_LOOP('',(#856,#857,#858,#859));
#2672=EDGE_LOOP('',(#860,#861,#862,#863));
#2673=EDGE_LOOP('',(#864,#865,#866,#867));
#2674=EDGE_LOOP('',(#868,#869,#870,#871));
#2675=EDGE_LOOP('',(#872,#873,#874,#875));
#2676=EDGE_LOOP('',(#876,#877,#878,#879));
#2677=EDGE_LOOP('',(#880,#881,#882,#883));
#2678=EDGE_LOOP('',(#884,#885,#886,#887));
#2679=EDGE_LOOP('',(#888,#889,#890,#891));
#2680=EDGE_LOOP('',(#892,#893,#894,#895));
#2681=EDGE_LOOP('',(#896,#897,#898,#899));
#2682=EDGE_LOOP('',(#900,#901,#902,#903));
#2683=EDGE_LOOP('',(#904,#905,#906,#907));
#2684=EDGE_LOOP('',(#908,#909,#910,#911));
#2685=EDGE_LOOP('',(#912,#913,#914,#915));
#2686=EDGE_LOOP('',(#916,#917,#918,#919));
#2687=EDGE_LOOP('',(#920,#921,#922,#923,#924,#925));
#2688=EDGE_LOOP('',(#926,#927,#928,#929,#930,#931,#932,#933,#934,#935,#936,
#937,#938,#939,#940,#941,#942,#943,#944,#945,#946,#947,#948,#949,#950,#951,
#952,#953,#954,#955,#956,#957,#958,#959,#960,#961));
#2689=EDGE_LOOP('',(#962,#963,#964,#965));
#2690=EDGE_LOOP('',(#966,#967,#968,#969));
#2691=EDGE_LOOP('',(#970,#971,#972,#973));
#2692=EDGE_LOOP('',(#974,#975,#976,#977));
#2693=EDGE_LOOP('',(#978,#979,#980,#981));
#2694=EDGE_LOOP('',(#982,#983,#984,#985));
#2695=EDGE_LOOP('',(#986,#987,#988,#989));
#2696=EDGE_LOOP('',(#990,#991,#992,#993));
#2697=EDGE_LOOP('',(#994,#995,#996,#997));
#2698=EDGE_LOOP('',(#998,#999,#1000,#1001));
#2699=EDGE_LOOP('',(#1002,#1003,#1004,#1005));
#2700=EDGE_LOOP('',(#1006,#1007,#1008,#1009));
#2701=EDGE_LOOP('',(#1010,#1011,#1012,#1013));
#2702=EDGE_LOOP('',(#1014,#1015,#1016,#1017));
#2703=EDGE_LOOP('',(#1018,#1019,#1020,#1021));
#2704=EDGE_LOOP('',(#1022,#1023,#1024,#1025));
#2705=EDGE_LOOP('',(#1026,#1027,#1028,#1029));
#2706=EDGE_LOOP('',(#1030));
#2707=EDGE_LOOP('',(#1031,#1032,#1033,#1034));
#2708=EDGE_LOOP('',(#1035,#1036,#1037,#1038));
#2709=EDGE_LOOP('',(#1039,#1040,#1041,#1042));
#2710=EDGE_LOOP('',(#1043,#1044,#1045,#1046));
#2711=EDGE_LOOP('',(#1047,#1048,#1049,#1050));
#2712=EDGE_LOOP('',(#1051,#1052,#1053,#1054));
#2713=EDGE_LOOP('',(#1055,#1056,#1057,#1058));
#2714=EDGE_LOOP('',(#1059,#1060,#1061,#1062,#1063,#1064,#1065,#1066,#1067,
#1068,#1069,#1070,#1071,#1072,#1073,#1074,#1075,#1076,#1077,#1078));
#2715=EDGE_LOOP('',(#1079,#1080,#1081,#1082,#1083,#1084,#1085,#1086,#1087));
#2716=EDGE_LOOP('',(#1088,#1089,#1090,#1091,#1092,#1093));
#2717=EDGE_LOOP('',(#1094));
#2718=EDGE_LOOP('',(#1095,#1096,#1097,#1098,#1099,#1100,#1101,#1102,#1103,
#1104,#1105,#1106,#1107,#1108));
#2719=EDGE_LOOP('',(#1109,#1110,#1111,#1112));
#2720=EDGE_LOOP('',(#1113,#1114,#1115,#1116,#1117,#1118,#1119,#1120,#1121,
#1122,#1123,#1124,#1125,#1126,#1127,#1128,#1129,#1130,#1131,#1132));
#2721=EDGE_LOOP('',(#1133,#1134,#1135,#1136));
#2722=EDGE_LOOP('',(#1137,#1138,#1139,#1140));
#2723=EDGE_LOOP('',(#1141,#1142,#1143,#1144));
#2724=EDGE_LOOP('',(#1145,#1146,#1147,#1148));
#2725=EDGE_LOOP('',(#1149,#1150,#1151,#1152));
#2726=EDGE_LOOP('',(#1153,#1154,#1155,#1156));
#2727=EDGE_LOOP('',(#1157,#1158,#1159,#1160));
#2728=EDGE_LOOP('',(#1161,#1162,#1163,#1164));
#2729=EDGE_LOOP('',(#1165,#1166,#1167,#1168));
#2730=EDGE_LOOP('',(#1169,#1170,#1171,#1172));
#2731=EDGE_LOOP('',(#1173,#1174,#1175,#1176));
#2732=EDGE_LOOP('',(#1177,#1178,#1179,#1180));
#2733=EDGE_LOOP('',(#1181,#1182,#1183,#1184));
#2734=EDGE_LOOP('',(#1185,#1186,#1187,#1188));
#2735=EDGE_LOOP('',(#1189,#1190,#1191,#1192));
#2736=EDGE_LOOP('',(#1193,#1194,#1195,#1196));
#2737=EDGE_LOOP('',(#1197,#1198,#1199,#1200));
#2738=EDGE_LOOP('',(#1201,#1202,#1203,#1204));
#2739=EDGE_LOOP('',(#1205,#1206,#1207,#1208));
#2740=EDGE_LOOP('',(#1209,#1210,#1211,#1212));
#2741=EDGE_LOOP('',(#1213,#1214,#1215,#1216));
#2742=EDGE_LOOP('',(#1217,#1218,#1219,#1220));
#2743=EDGE_LOOP('',(#1221,#1222,#1223,#1224));
#2744=EDGE_LOOP('',(#1225,#1226,#1227,#1228));
#2745=EDGE_LOOP('',(#1229,#1230,#1231,#1232));
#2746=EDGE_LOOP('',(#1233,#1234,#1235,#1236));
#2747=EDGE_LOOP('',(#1237,#1238,#1239,#1240));
#2748=EDGE_LOOP('',(#1241,#1242,#1243,#1244));
#2749=EDGE_LOOP('',(#1245,#1246,#1247,#1248));
#2750=EDGE_LOOP('',(#1249,#1250,#1251,#1252));
#2751=EDGE_LOOP('',(#1253,#1254,#1255,#1256));
#2752=EDGE_LOOP('',(#1257,#1258,#1259,#1260));
#2753=EDGE_LOOP('',(#1261,#1262,#1263,#1264));
#2754=EDGE_LOOP('',(#1265,#1266,#1267,#1268));
#2755=EDGE_LOOP('',(#1269,#1270,#1271,#1272));
#2756=EDGE_LOOP('',(#1273,#1274,#1275,#1276));
#2757=EDGE_LOOP('',(#1277,#1278,#1279,#1280));
#2758=EDGE_LOOP('',(#1281,#1282,#1283,#1284));
#2759=EDGE_LOOP('',(#1285,#1286,#1287,#1288));
#2760=EDGE_LOOP('',(#1289,#1290,#1291,#1292));
#2761=EDGE_LOOP('',(#1293,#1294,#1295,#1296));
#2762=EDGE_LOOP('',(#1297,#1298,#1299,#1300));
#2763=EDGE_LOOP('',(#1301,#1302,#1303,#1304));
#2764=EDGE_LOOP('',(#1305,#1306,#1307,#1308));
#2765=EDGE_LOOP('',(#1309,#1310,#1311,#1312));
#2766=EDGE_LOOP('',(#1313,#1314,#1315,#1316));
#2767=EDGE_LOOP('',(#1317,#1318,#1319,#1320));
#2768=EDGE_LOOP('',(#1321,#1322,#1323,#1324));
#2769=EDGE_LOOP('',(#1325,#1326,#1327,#1328));
#2770=EDGE_LOOP('',(#1329,#1330,#1331,#1332));
#2771=EDGE_LOOP('',(#1333,#1334,#1335,#1336));
#2772=EDGE_LOOP('',(#1337,#1338,#1339,#1340));
#2773=EDGE_LOOP('',(#1341,#1342,#1343,#1344));
#2774=EDGE_LOOP('',(#1345,#1346,#1347,#1348));
#2775=EDGE_LOOP('',(#1349,#1350,#1351,#1352));
#2776=EDGE_LOOP('',(#1353,#1354,#1355,#1356));
#2777=EDGE_LOOP('',(#1357,#1358,#1359,#1360));
#2778=EDGE_LOOP('',(#1361,#1362,#1363,#1364));
#2779=EDGE_LOOP('',(#1365,#1366,#1367,#1368));
#2780=EDGE_LOOP('',(#1369,#1370,#1371,#1372));
#2781=EDGE_LOOP('',(#1373,#1374,#1375,#1376));
#2782=EDGE_LOOP('',(#1377,#1378,#1379,#1380));
#2783=EDGE_LOOP('',(#1381,#1382,#1383,#1384));
#2784=EDGE_LOOP('',(#1385,#1386,#1387,#1388));
#2785=EDGE_LOOP('',(#1389,#1390,#1391,#1392));
#2786=EDGE_LOOP('',(#1393,#1394,#1395,#1396));
#2787=EDGE_LOOP('',(#1397,#1398,#1399,#1400));
#2788=EDGE_LOOP('',(#1401));
#2789=EDGE_LOOP('',(#1402));
#2790=EDGE_LOOP('',(#1403,#1404,#1405,#1406,#1407,#1408));
#2791=EDGE_LOOP('',(#1409,#1410,#1411,#1412,#1413,#1414,#1415,#1416,#1417,
#1418,#1419,#1420,#1421,#1422,#1423,#1424,#1425,#1426,#1427,#1428));
#2792=EDGE_LOOP('',(#1429,#1430,#1431,#1432,#1433,#1434,#1435,#1436,#1437,
#1438));
#2793=EDGE_LOOP('',(#1439,#1440,#1441,#1442,#1443,#1444,#1445,#1446,#1447));
#2794=EDGE_LOOP('',(#1448));
#2795=EDGE_LOOP('',(#1449));
#2796=EDGE_LOOP('',(#1450,#1451,#1452,#1453,#1454,#1455,#1456,#1457,#1458,
#1459,#1460,#1461,#1462,#1463));
#2797=EDGE_LOOP('',(#1464,#1465,#1466,#1467));
#2798=EDGE_LOOP('',(#1468,#1469,#1470,#1471,#1472));
#2799=EDGE_LOOP('',(#1473,#1474,#1475,#1476,#1477,#1478,#1479,#1480,#1481,
#1482,#1483,#1484,#1485,#1486,#1487,#1488,#1489,#1490,#1491,#1492));
#2800=EDGE_LOOP('',(#1493,#1494,#1495,#1496));
#2801=EDGE_LOOP('',(#1497,#1498,#1499,#1500));
#2802=EDGE_LOOP('',(#1501,#1502,#1503,#1504));
#2803=EDGE_LOOP('',(#1505,#1506,#1507,#1508));
#2804=EDGE_LOOP('',(#1509,#1510,#1511,#1512));
#2805=EDGE_LOOP('',(#1513,#1514,#1515,#1516));
#2806=EDGE_LOOP('',(#1517,#1518,#1519,#1520));
#2807=EDGE_LOOP('',(#1521,#1522,#1523,#1524));
#2808=EDGE_LOOP('',(#1525,#1526,#1527,#1528));
#2809=EDGE_LOOP('',(#1529,#1530,#1531,#1532));
#2810=EDGE_LOOP('',(#1533,#1534,#1535,#1536));
#2811=EDGE_LOOP('',(#1537,#1538,#1539,#1540));
#2812=EDGE_LOOP('',(#1541,#1542,#1543,#1544));
#2813=EDGE_LOOP('',(#1545,#1546,#1547,#1548));
#2814=EDGE_LOOP('',(#1549,#1550,#1551,#1552));
#2815=EDGE_LOOP('',(#1553,#1554,#1555,#1556));
#2816=EDGE_LOOP('',(#1557,#1558,#1559,#1560));
#2817=EDGE_LOOP('',(#1561,#1562,#1563,#1564));
#2818=EDGE_LOOP('',(#1565,#1566,#1567,#1568));
#2819=EDGE_LOOP('',(#1569,#1570,#1571,#1572));
#2820=EDGE_LOOP('',(#1573,#1574,#1575,#1576));
#2821=EDGE_LOOP('',(#1577,#1578,#1579,#1580,#1581,#1582));
#2822=EDGE_LOOP('',(#1583,#1584,#1585,#1586,#1587,#1588,#1589,#1590,#1591,
#1592));
#2823=EDGE_LOOP('',(#1593,#1594,#1595,#1596));
#2824=EDGE_LOOP('',(#1597));
#2825=EDGE_LOOP('',(#1598,#1599,#1600,#1601,#1602,#1603,#1604,#1605));
#2826=EDGE_LOOP('',(#1606,#1607,#1608,#1609,#1610));
#2827=EDGE_LOOP('',(#1611));
#2828=EDGE_LOOP('',(#1612));
#2829=EDGE_LOOP('',(#1613,#1614,#1615,#1616));
#2830=EDGE_LOOP('',(#1617,#1618,#1619,#1620));
#2831=EDGE_LOOP('',(#1621,#1622,#1623,#1624));
#2832=EDGE_LOOP('',(#1625,#1626,#1627,#1628));
#2833=EDGE_LOOP('',(#1629,#1630,#1631,#1632));
#2834=EDGE_LOOP('',(#1633,#1634,#1635,#1636));
#2835=EDGE_LOOP('',(#1637,#1638,#1639,#1640));
#2836=EDGE_LOOP('',(#1641,#1642,#1643,#1644));
#2837=EDGE_LOOP('',(#1645,#1646,#1647,#1648));
#2838=EDGE_LOOP('',(#1649,#1650,#1651,#1652));
#2839=EDGE_LOOP('',(#1653,#1654,#1655,#1656));
#2840=EDGE_LOOP('',(#1657,#1658,#1659,#1660));
#2841=EDGE_LOOP('',(#1661,#1662,#1663,#1664));
#2842=EDGE_LOOP('',(#1665,#1666,#1667));
#2843=EDGE_LOOP('',(#1668,#1669,#1670,#1671,#1672,#1673,#1674,#1675));
#2844=EDGE_LOOP('',(#1676,#1677,#1678,#1679));
#2845=EDGE_LOOP('',(#1680,#1681,#1682,#1683));
#2846=EDGE_LOOP('',(#1684,#1685,#1686,#1687));
#2847=EDGE_LOOP('',(#1688));
#2848=EDGE_LOOP('',(#1689,#1690,#1691));
#2849=FACE_BOUND('',#2634,.T.);
#2850=FACE_BOUND('',#2635,.T.);
#2851=FACE_BOUND('',#2636,.T.);
#2852=FACE_BOUND('',#2637,.T.);
#2853=FACE_BOUND('',#2638,.T.);
#2854=FACE_BOUND('',#2639,.T.);
#2855=FACE_BOUND('',#2640,.T.);
#2856=FACE_BOUND('',#2641,.T.);
#2857=FACE_BOUND('',#2642,.T.);
#2858=FACE_BOUND('',#2643,.T.);
#2859=FACE_BOUND('',#2644,.T.);
#2860=FACE_BOUND('',#2645,.T.);
#2861=FACE_BOUND('',#2646,.T.);
#2862=FACE_BOUND('',#2647,.T.);
#2863=FACE_BOUND('',#2648,.T.);
#2864=FACE_BOUND('',#2649,.T.);
#2865=FACE_BOUND('',#2650,.T.);
#2866=FACE_BOUND('',#2651,.T.);
#2867=FACE_BOUND('',#2652,.T.);
#2868=FACE_BOUND('',#2653,.T.);
#2869=FACE_BOUND('',#2654,.T.);
#2870=FACE_BOUND('',#2655,.T.);
#2871=FACE_BOUND('',#2656,.T.);
#2872=FACE_BOUND('',#2657,.T.);
#2873=FACE_BOUND('',#2658,.T.);
#2874=FACE_BOUND('',#2659,.T.);
#2875=FACE_BOUND('',#2660,.T.);
#2876=FACE_BOUND('',#2661,.T.);
#2877=FACE_BOUND('',#2662,.T.);
#2878=FACE_BOUND('',#2663,.T.);
#2879=FACE_BOUND('',#2664,.T.);
#2880=FACE_BOUND('',#2665,.T.);
#2881=FACE_BOUND('',#2666,.T.);
#2882=FACE_BOUND('',#2667,.T.);
#2883=FACE_BOUND('',#2668,.T.);
#2884=FACE_BOUND('',#2669,.T.);
#2885=FACE_BOUND('',#2670,.T.);
#2886=FACE_BOUND('',#2671,.T.);
#2887=FACE_BOUND('',#2672,.T.);
#2888=FACE_BOUND('',#2673,.T.);
#2889=FACE_BOUND('',#2674,.T.);
#2890=FACE_BOUND('',#2675,.T.);
#2891=FACE_BOUND('',#2676,.T.);
#2892=FACE_BOUND('',#2677,.T.);
#2893=FACE_BOUND('',#2678,.T.);
#2894=FACE_BOUND('',#2679,.T.);
#2895=FACE_BOUND('',#2680,.T.);
#2896=FACE_BOUND('',#2681,.T.);
#2897=FACE_BOUND('',#2682,.T.);
#2898=FACE_BOUND('',#2683,.T.);
#2899=FACE_BOUND('',#2684,.T.);
#2900=FACE_BOUND('',#2685,.T.);
#2901=FACE_BOUND('',#2686,.T.);
#2902=FACE_BOUND('',#2687,.T.);
#2903=FACE_BOUND('',#2688,.T.);
#2904=FACE_BOUND('',#2689,.T.);
#2905=FACE_BOUND('',#2690,.T.);
#2906=FACE_BOUND('',#2691,.T.);
#2907=FACE_BOUND('',#2692,.T.);
#2908=FACE_BOUND('',#2693,.T.);
#2909=FACE_BOUND('',#2694,.T.);
#2910=FACE_BOUND('',#2695,.T.);
#2911=FACE_BOUND('',#2696,.T.);
#2912=FACE_BOUND('',#2697,.T.);
#2913=FACE_BOUND('',#2698,.T.);
#2914=FACE_BOUND('',#2699,.T.);
#2915=FACE_BOUND('',#2700,.T.);
#2916=FACE_BOUND('',#2701,.T.);
#2917=FACE_BOUND('',#2702,.T.);
#2918=FACE_BOUND('',#2703,.T.);
#2919=FACE_BOUND('',#2704,.T.);
#2920=FACE_BOUND('',#2705,.T.);
#2921=FACE_BOUND('',#2706,.T.);
#2922=FACE_BOUND('',#2707,.T.);
#2923=FACE_BOUND('',#2708,.T.);
#2924=FACE_BOUND('',#2709,.T.);
#2925=FACE_BOUND('',#2710,.T.);
#2926=FACE_BOUND('',#2711,.T.);
#2927=FACE_BOUND('',#2712,.T.);
#2928=FACE_BOUND('',#2713,.T.);
#2929=FACE_BOUND('',#2714,.T.);
#2930=FACE_BOUND('',#2715,.T.);
#2931=FACE_BOUND('',#2716,.T.);
#2932=FACE_BOUND('',#2717,.T.);
#2933=FACE_BOUND('',#2718,.T.);
#2934=FACE_BOUND('',#2719,.T.);
#2935=FACE_BOUND('',#2720,.T.);
#2936=FACE_BOUND('',#2721,.T.);
#2937=FACE_BOUND('',#2722,.T.);
#2938=FACE_BOUND('',#2723,.T.);
#2939=FACE_BOUND('',#2724,.T.);
#2940=FACE_BOUND('',#2725,.T.);
#2941=FACE_BOUND('',#2726,.T.);
#2942=FACE_BOUND('',#2727,.T.);
#2943=FACE_BOUND('',#2728,.T.);
#2944=FACE_BOUND('',#2729,.T.);
#2945=FACE_BOUND('',#2730,.T.);
#2946=FACE_BOUND('',#2731,.T.);
#2947=FACE_BOUND('',#2732,.T.);
#2948=FACE_BOUND('',#2733,.T.);
#2949=FACE_BOUND('',#2734,.T.);
#2950=FACE_BOUND('',#2735,.T.);
#2951=FACE_BOUND('',#2736,.T.);
#2952=FACE_BOUND('',#2737,.T.);
#2953=FACE_BOUND('',#2738,.T.);
#2954=FACE_BOUND('',#2739,.T.);
#2955=FACE_BOUND('',#2740,.T.);
#2956=FACE_BOUND('',#2741,.T.);
#2957=FACE_BOUND('',#2742,.T.);
#2958=FACE_BOUND('',#2743,.T.);
#2959=FACE_BOUND('',#2744,.T.);
#2960=FACE_BOUND('',#2745,.T.);
#2961=FACE_BOUND('',#2746,.T.);
#2962=FACE_BOUND('',#2747,.T.);
#2963=FACE_BOUND('',#2748,.T.);
#2964=FACE_BOUND('',#2749,.T.);
#2965=FACE_BOUND('',#2750,.T.);
#2966=FACE_BOUND('',#2751,.T.);
#2967=FACE_BOUND('',#2752,.T.);
#2968=FACE_BOUND('',#2753,.T.);
#2969=FACE_BOUND('',#2754,.T.);
#2970=FACE_BOUND('',#2755,.T.);
#2971=FACE_BOUND('',#2756,.T.);
#2972=FACE_BOUND('',#2757,.T.);
#2973=FACE_BOUND('',#2758,.T.);
#2974=FACE_BOUND('',#2759,.T.);
#2975=FACE_BOUND('',#2760,.T.);
#2976=FACE_BOUND('',#2761,.T.);
#2977=FACE_BOUND('',#2762,.T.);
#2978=FACE_BOUND('',#2763,.T.);
#2979=FACE_BOUND('',#2764,.T.);
#2980=FACE_BOUND('',#2765,.T.);
#2981=FACE_BOUND('',#2766,.T.);
#2982=FACE_BOUND('',#2767,.T.);
#2983=FACE_BOUND('',#2768,.T.);
#2984=FACE_BOUND('',#2769,.T.);
#2985=FACE_BOUND('',#2770,.T.);
#2986=FACE_BOUND('',#2771,.T.);
#2987=FACE_BOUND('',#2772,.T.);
#2988=FACE_BOUND('',#2773,.T.);
#2989=FACE_BOUND('',#2774,.T.);
#2990=FACE_BOUND('',#2775,.T.);
#2991=FACE_BOUND('',#2776,.T.);
#2992=FACE_BOUND('',#2777,.T.);
#2993=FACE_BOUND('',#2778,.T.);
#2994=FACE_BOUND('',#2779,.T.);
#2995=FACE_BOUND('',#2780,.T.);
#2996=FACE_BOUND('',#2781,.T.);
#2997=FACE_BOUND('',#2782,.T.);
#2998=FACE_BOUND('',#2783,.T.);
#2999=FACE_BOUND('',#2784,.T.);
#3000=FACE_BOUND('',#2785,.T.);
#3001=FACE_BOUND('',#2786,.T.);
#3002=FACE_BOUND('',#2787,.T.);
#3003=FACE_BOUND('',#2788,.T.);
#3004=FACE_BOUND('',#2789,.T.);
#3005=FACE_BOUND('',#2790,.T.);
#3006=FACE_BOUND('',#2791,.T.);
#3007=FACE_BOUND('',#2792,.T.);
#3008=FACE_BOUND('',#2793,.T.);
#3009=FACE_BOUND('',#2794,.T.);
#3010=FACE_BOUND('',#2795,.T.);
#3011=FACE_BOUND('',#2796,.T.);
#3012=FACE_BOUND('',#2797,.T.);
#3013=FACE_BOUND('',#2798,.T.);
#3014=FACE_BOUND('',#2799,.T.);
#3015=FACE_BOUND('',#2800,.T.);
#3016=FACE_BOUND('',#2801,.T.);
#3017=FACE_BOUND('',#2802,.T.);
#3018=FACE_BOUND('',#2803,.T.);
#3019=FACE_BOUND('',#2804,.T.);
#3020=FACE_BOUND('',#2805,.T.);
#3021=FACE_BOUND('',#2806,.T.);
#3022=FACE_BOUND('',#2807,.T.);
#3023=FACE_BOUND('',#2808,.T.);
#3024=FACE_BOUND('',#2809,.T.);
#3025=FACE_BOUND('',#2810,.T.);
#3026=FACE_BOUND('',#2811,.T.);
#3027=FACE_BOUND('',#2812,.T.);
#3028=FACE_BOUND('',#2813,.T.);
#3029=FACE_BOUND('',#2814,.T.);
#3030=FACE_BOUND('',#2815,.T.);
#3031=FACE_BOUND('',#2816,.T.);
#3032=FACE_BOUND('',#2817,.T.);
#3033=FACE_BOUND('',#2818,.T.);
#3034=FACE_BOUND('',#2819,.T.);
#3035=FACE_BOUND('',#2820,.T.);
#3036=FACE_BOUND('',#2821,.T.);
#3037=FACE_BOUND('',#2822,.T.);
#3038=FACE_BOUND('',#2823,.T.);
#3039=FACE_BOUND('',#2824,.T.);
#3040=FACE_BOUND('',#2825,.T.);
#3041=FACE_BOUND('',#2826,.T.);
#3042=FACE_BOUND('',#2827,.T.);
#3043=FACE_BOUND('',#2828,.T.);
#3044=FACE_BOUND('',#2829,.T.);
#3045=FACE_BOUND('',#2830,.T.);
#3046=FACE_BOUND('',#2831,.T.);
#3047=FACE_BOUND('',#2832,.T.);
#3048=FACE_BOUND('',#2833,.T.);
#3049=FACE_BOUND('',#2834,.T.);
#3050=FACE_BOUND('',#2835,.T.);
#3051=FACE_BOUND('',#2836,.T.);
#3052=FACE_BOUND('',#2837,.T.);
#3053=FACE_BOUND('',#2838,.T.);
#3054=FACE_BOUND('',#2839,.T.);
#3055=FACE_BOUND('',#2840,.T.);
#3056=FACE_BOUND('',#2841,.T.);
#3057=FACE_BOUND('',#2842,.T.);
#3058=FACE_BOUND('',#2843,.T.);
#3059=FACE_BOUND('',#2844,.T.);
#3060=FACE_BOUND('',#2845,.T.);
#3061=FACE_BOUND('',#2846,.T.);
#3062=FACE_BOUND('',#2847,.T.);
#3063=FACE_BOUND('',#2848,.T.);
#3064=CYLINDRICAL_SURFACE('',#3874,0.0005);
#3065=CYLINDRICAL_SURFACE('',#3877,0.0005);
#3066=CYLINDRICAL_SURFACE('',#3880,0.0005);
#3067=CYLINDRICAL_SURFACE('',#3883,0.0005);
#3068=CYLINDRICAL_SURFACE('',#3886,0.0005);
#3069=CYLINDRICAL_SURFACE('',#3889,0.0005);
#3070=CYLINDRICAL_SURFACE('',#3892,0.0005);
#3071=CYLINDRICAL_SURFACE('',#3895,0.0005);
#3072=CYLINDRICAL_SURFACE('',#3898,0.0011);
#3073=CYLINDRICAL_SURFACE('',#3903,0.0025);
#3074=CYLINDRICAL_SURFACE('',#3909,0.0024);
#3075=CYLINDRICAL_SURFACE('',#3912,0.0009);
#3076=CYLINDRICAL_SURFACE('',#3914,0.00025);
#3077=CYLINDRICAL_SURFACE('',#3932,0.0005);
#3078=CYLINDRICAL_SURFACE('',#3935,0.0005);
#3079=CYLINDRICAL_SURFACE('',#3938,0.0005);
#3080=CYLINDRICAL_SURFACE('',#3941,0.0005);
#3081=CYLINDRICAL_SURFACE('',#3944,0.0005);
#3082=CYLINDRICAL_SURFACE('',#3947,0.0005);
#3083=CYLINDRICAL_SURFACE('',#3950,0.0005);
#3084=CYLINDRICAL_SURFACE('',#3953,0.0005);
#3085=CYLINDRICAL_SURFACE('',#3965,0.0002);
#3086=CYLINDRICAL_SURFACE('',#3966,0.0002);
#3087=CYLINDRICAL_SURFACE('',#3967,0.0002);
#3088=CYLINDRICAL_SURFACE('',#3968,0.0002);
#3089=CYLINDRICAL_SURFACE('',#3969,0.0002);
#3090=CYLINDRICAL_SURFACE('',#3970,0.0002);
#3091=CYLINDRICAL_SURFACE('',#3982,0.0002);
#3092=CYLINDRICAL_SURFACE('',#3983,0.0002);
#3093=CYLINDRICAL_SURFACE('',#3984,0.0002);
#3094=CYLINDRICAL_SURFACE('',#3985,0.0002);
#3095=CYLINDRICAL_SURFACE('',#3986,0.0002);
#3096=CYLINDRICAL_SURFACE('',#3987,0.0002);
#3097=CYLINDRICAL_SURFACE('',#4020,0.00077143169530678);
#3098=CYLINDRICAL_SURFACE('',#4022,0.000268948723197167);
#3099=CYLINDRICAL_SURFACE('',#4025,0.000275008150939477);
#3100=CYLINDRICAL_SURFACE('',#4027,7.68158783098426E-5);
#3101=CYLINDRICAL_SURFACE('',#4029,0.000138640969584487);
#3102=CYLINDRICAL_SURFACE('',#4031,0.000192564208744288);
#3103=CYLINDRICAL_SURFACE('',#4033,0.00018220702644108);
#3104=CYLINDRICAL_SURFACE('',#4035,0.000208170262163994);
#3105=CYLINDRICAL_SURFACE('',#4037,0.000466546712537701);
#3106=CYLINDRICAL_SURFACE('',#4039,0.00139291035120997);
#3107=CYLINDRICAL_SURFACE('',#4042,0.000113088572791688);
#3108=CYLINDRICAL_SURFACE('',#4045,0.000393646594065317);
#3109=CYLINDRICAL_SURFACE('',#4047,0.000236917269761842);
#3110=CYLINDRICAL_SURFACE('',#4049,0.00182154732199424);
#3111=CYLINDRICAL_SURFACE('',#4051,0.000639293662317001);
#3112=CYLINDRICAL_SURFACE('',#4053,0.000560739915901664);
#3113=CYLINDRICAL_SURFACE('',#4055,0.00102869982157612);
#3114=CYLINDRICAL_SURFACE('',#4057,0.00170573550922072);
#3115=CYLINDRICAL_SURFACE('',#4059,0.00192170939666854);
#3116=CYLINDRICAL_SURFACE('',#4061,0.000629106005772205);
#3117=CYLINDRICAL_SURFACE('',#4063,0.000622561326320877);
#3118=CYLINDRICAL_SURFACE('',#4065,0.00182209632378941);
#3119=CYLINDRICAL_SURFACE('',#4069,0.000346061126846306);
#3120=CYLINDRICAL_SURFACE('',#4071,0.00039433385086765);
#3121=CYLINDRICAL_SURFACE('',#4074,0.000659761946315284);
#3122=CYLINDRICAL_SURFACE('',#4075,0.000545573459315694);
#3123=CYLINDRICAL_SURFACE('',#4077,0.000836867778857227);
#3124=CYLINDRICAL_SURFACE('',#4079,0.00419703717793874);
#3125=CYLINDRICAL_SURFACE('',#4095,0.000480242362368508);
#3126=CYLINDRICAL_SURFACE('',#4097,0.000680766460798631);
#3127=CYLINDRICAL_SURFACE('',#4100,0.0012198931876154);
#3128=CYLINDRICAL_SURFACE('',#4102,0.00024661157347406);
#3129=CYLINDRICAL_SURFACE('',#4129,0.000857520948446652);
#3130=CYLINDRICAL_SURFACE('',#4131,0.000274306126050671);
#3131=CYLINDRICAL_SURFACE('',#4133,0.000172562513476414);
#3132=CYLINDRICAL_SURFACE('',#4135,0.000133134037471702);
#3133=CYLINDRICAL_SURFACE('',#4137,0.000294943962963677);
#3134=CYLINDRICAL_SURFACE('',#4140,0.000605859634899842);
#3135=CYLINDRICAL_SURFACE('',#4142,0.000144427560041284);
#3136=CYLINDRICAL_SURFACE('',#4144,0.000138115416245806);
#3137=CYLINDRICAL_SURFACE('',#4146,0.00400192608365103);
#3138=CYLINDRICAL_SURFACE('',#4148,0.000170672956520255);
#3139=CYLINDRICAL_SURFACE('',#4150,0.00013248714581904);
#3140=CYLINDRICAL_SURFACE('',#4152,0.000496182044964023);
#3141=CYLINDRICAL_SURFACE('',#4155,0.0250934852397931);
#3142=CYLINDRICAL_SURFACE('',#4157,0.000388122521256486);
#3143=OVER_RIDING_STYLED_ITEM('',(#3412),#3220,#3410);
#3144=OVER_RIDING_STYLED_ITEM('',(#3413),#3221,#3410);
#3145=OVER_RIDING_STYLED_ITEM('',(#3414),#3222,#3410);
#3146=OVER_RIDING_STYLED_ITEM('',(#3415),#3223,#3410);
#3147=OVER_RIDING_STYLED_ITEM('',(#3416),#3224,#3410);
#3148=OVER_RIDING_STYLED_ITEM('',(#3417),#3225,#3410);
#3149=OVER_RIDING_STYLED_ITEM('',(#3418),#3226,#3410);
#3150=OVER_RIDING_STYLED_ITEM('',(#3419),#3227,#3410);
#3151=OVER_RIDING_STYLED_ITEM('',(#3420),#3228,#3410);
#3152=OVER_RIDING_STYLED_ITEM('',(#3421),#3229,#3410);
#3153=OVER_RIDING_STYLED_ITEM('',(#3422),#3231,#3410);
#3154=OVER_RIDING_STYLED_ITEM('',(#3423),#3233,#3410);
#3155=OVER_RIDING_STYLED_ITEM('',(#3424),#3234,#3410);
#3156=OVER_RIDING_STYLED_ITEM('',(#3425),#3235,#3410);
#3157=OVER_RIDING_STYLED_ITEM('',(#3426),#3236,#3410);
#3158=OVER_RIDING_STYLED_ITEM('',(#3427),#3237,#3410);
#3159=OVER_RIDING_STYLED_ITEM('',(#3428),#3238,#3410);
#3160=OVER_RIDING_STYLED_ITEM('',(#3429),#3239,#3410);
#3161=OVER_RIDING_STYLED_ITEM('',(#3430),#3240,#3410);
#3162=OVER_RIDING_STYLED_ITEM('',(#3431),#3241,#3410);
#3163=OVER_RIDING_STYLED_ITEM('',(#3432),#3242,#3410);
#3164=OVER_RIDING_STYLED_ITEM('',(#3433),#3243,#3410);
#3165=OVER_RIDING_STYLED_ITEM('',(#3434),#3244,#3410);
#3166=OVER_RIDING_STYLED_ITEM('',(#3435),#3245,#3410);
#3167=OVER_RIDING_STYLED_ITEM('',(#3436),#3246,#3410);
#3168=OVER_RIDING_STYLED_ITEM('',(#3437),#3247,#3410);
#3169=OVER_RIDING_STYLED_ITEM('',(#3438),#3248,#3410);
#3170=OVER_RIDING_STYLED_ITEM('',(#3439),#3249,#3410);
#3171=OVER_RIDING_STYLED_ITEM('',(#3440),#3250,#3410);
#3172=OVER_RIDING_STYLED_ITEM('',(#3441),#3251,#3410);
#3173=OVER_RIDING_STYLED_ITEM('',(#3442),#3252,#3410);
#3174=OVER_RIDING_STYLED_ITEM('',(#3443),#3253,#3410);
#3175=OVER_RIDING_STYLED_ITEM('',(#3444),#3254,#3410);
#3176=OVER_RIDING_STYLED_ITEM('',(#3445),#3255,#3410);
#3177=OVER_RIDING_STYLED_ITEM('',(#3446),#3256,#3410);
#3178=OVER_RIDING_STYLED_ITEM('',(#3447),#3257,#3410);
#3179=OVER_RIDING_STYLED_ITEM('',(#3448),#3258,#3410);
#3180=OVER_RIDING_STYLED_ITEM('',(#3449),#3259,#3410);
#3181=OVER_RIDING_STYLED_ITEM('',(#3450),#3260,#3410);
#3182=OVER_RIDING_STYLED_ITEM('',(#3451),#3261,#3410);
#3183=OVER_RIDING_STYLED_ITEM('',(#3452),#3262,#3410);
#3184=OVER_RIDING_STYLED_ITEM('',(#3453),#3263,#3410);
#3185=OVER_RIDING_STYLED_ITEM('',(#3454),#3264,#3410);
#3186=OVER_RIDING_STYLED_ITEM('',(#3455),#3265,#3410);
#3187=OVER_RIDING_STYLED_ITEM('',(#3456),#3266,#3410);
#3188=OVER_RIDING_STYLED_ITEM('',(#3457),#3267,#3410);
#3189=OVER_RIDING_STYLED_ITEM('',(#3458),#3268,#3410);
#3190=OVER_RIDING_STYLED_ITEM('',(#3459),#3269,#3410);
#3191=OVER_RIDING_STYLED_ITEM('',(#3460),#3270,#3410);
#3192=OVER_RIDING_STYLED_ITEM('',(#3461),#3271,#3410);
#3193=OVER_RIDING_STYLED_ITEM('',(#3462),#3272,#3410);
#3194=OVER_RIDING_STYLED_ITEM('',(#3463),#3274,#3410);
#3195=OVER_RIDING_STYLED_ITEM('',(#3464),#3275,#3410);
#3196=OVER_RIDING_STYLED_ITEM('',(#3465),#3276,#3410);
#3197=OVER_RIDING_STYLED_ITEM('',(#3466),#3277,#3410);
#3198=OVER_RIDING_STYLED_ITEM('',(#3467),#3278,#3410);
#3199=OVER_RIDING_STYLED_ITEM('',(#3468),#3279,#3410);
#3200=OVER_RIDING_STYLED_ITEM('',(#3469),#3280,#3410);
#3201=OVER_RIDING_STYLED_ITEM('',(#3470),#3281,#3410);
#3202=OVER_RIDING_STYLED_ITEM('',(#3471),#3282,#3410);
#3203=OVER_RIDING_STYLED_ITEM('',(#3472),#3283,#3410);
#3204=OVER_RIDING_STYLED_ITEM('',(#3473),#3284,#3410);
#3205=OVER_RIDING_STYLED_ITEM('',(#3474),#3285,#3410);
#3206=OVER_RIDING_STYLED_ITEM('',(#3475),#3286,#3410);
#3207=OVER_RIDING_STYLED_ITEM('',(#3476),#3287,#3410);
#3208=OVER_RIDING_STYLED_ITEM('',(#3477),#3288,#3410);
#3209=OVER_RIDING_STYLED_ITEM('',(#3478),#3289,#3410);
#3210=OVER_RIDING_STYLED_ITEM('',(#3479),#3357,#3410);
#3211=OVER_RIDING_STYLED_ITEM('',(#3480),#3385,#3410);
#3212=OVER_RIDING_STYLED_ITEM('',(#3481),#3386,#3410);
#3213=OVER_RIDING_STYLED_ITEM('',(#3482),#3387,#3410);
#3214=OVER_RIDING_STYLED_ITEM('',(#3483),#3388,#3410);
#3215=OVER_RIDING_STYLED_ITEM('',(#3484),#3389,#3410);
#3216=OVER_RIDING_STYLED_ITEM('',(#3485),#3407,#3410);
#3217=OVER_RIDING_STYLED_ITEM('',(#3486),#3408,#3410);
#3218=DRAUGHTING_PRE_DEFINED_COLOUR('yellow');
#3219=DRAUGHTING_PRE_DEFINED_COLOUR('white');
#3220=ADVANCED_FACE('NONE',(#2849),#3064,.F.);
#3221=ADVANCED_FACE('NONE',(#2850),#3065,.F.);
#3222=ADVANCED_FACE('NONE',(#2851),#3066,.F.);
#3223=ADVANCED_FACE('NONE',(#2852),#3067,.F.);
#3224=ADVANCED_FACE('NONE',(#2853),#3068,.F.);
#3225=ADVANCED_FACE('NONE',(#2854),#3069,.F.);
#3226=ADVANCED_FACE('NONE',(#2855),#3070,.F.);
#3227=ADVANCED_FACE('NONE',(#2856),#3071,.F.);
#3228=ADVANCED_FACE('NONE',(#2857,#2858),#3072,.T.);
#3229=ADVANCED_FACE('NONE',(#2859,#2860),#215,.T.);
#3230=ADVANCED_FACE('NONE',(#2861,#2862),#3073,.F.);
#3231=ADVANCED_FACE('NONE',(#2863,#2864),#216,.T.);
#3232=ADVANCED_FACE('NONE',(#2865,#2866),#3074,.T.);
#3233=ADVANCED_FACE('NONE',(#2867,#2868),#3075,.F.);
#3234=ADVANCED_FACE('NONE',(#2869,#2870),#3076,.T.);
#3235=ADVANCED_FACE('NONE',(#2871,#2872),#217,.T.);
#3236=ADVANCED_FACE('NONE',(#2873),#120,.F.);
#3237=ADVANCED_FACE('NONE',(#2874),#121,.F.);
#3238=ADVANCED_FACE('NONE',(#2875),#122,.F.);
#3239=ADVANCED_FACE('NONE',(#2876),#123,.F.);
#3240=ADVANCED_FACE('NONE',(#2877),#124,.F.);
#3241=ADVANCED_FACE('NONE',(#2878),#3077,.F.);
#3242=ADVANCED_FACE('NONE',(#2879),#125,.F.);
#3243=ADVANCED_FACE('NONE',(#2880),#3078,.F.);
#3244=ADVANCED_FACE('NONE',(#2881),#126,.F.);
#3245=ADVANCED_FACE('NONE',(#2882),#3079,.F.);
#3246=ADVANCED_FACE('NONE',(#2883),#127,.F.);
#3247=ADVANCED_FACE('NONE',(#2884),#3080,.F.);
#3248=ADVANCED_FACE('NONE',(#2885),#128,.F.);
#3249=ADVANCED_FACE('NONE',(#2886),#3081,.F.);
#3250=ADVANCED_FACE('NONE',(#2887),#129,.F.);
#3251=ADVANCED_FACE('NONE',(#2888),#3082,.F.);
#3252=ADVANCED_FACE('NONE',(#2889),#130,.F.);
#3253=ADVANCED_FACE('NONE',(#2890),#3083,.F.);
#3254=ADVANCED_FACE('NONE',(#2891),#131,.F.);
#3255=ADVANCED_FACE('NONE',(#2892),#3084,.F.);
#3256=ADVANCED_FACE('NONE',(#2893),#132,.F.);
#3257=ADVANCED_FACE('NONE',(#2894),#133,.F.);
#3258=ADVANCED_FACE('NONE',(#2895),#134,.F.);
#3259=ADVANCED_FACE('NONE',(#2896),#135,.F.);
#3260=ADVANCED_FACE('NONE',(#2897),#136,.F.);
#3261=ADVANCED_FACE('NONE',(#2898),#137,.F.);
#3262=ADVANCED_FACE('NONE',(#2899),#138,.F.);
#3263=ADVANCED_FACE('NONE',(#2900),#139,.F.);
#3264=ADVANCED_FACE('NONE',(#2901),#140,.F.);
#3265=ADVANCED_FACE('NONE',(#2902,#2903,#2904),#141,.T.);
#3266=ADVANCED_FACE('NONE',(#2905),#3085,.F.);
#3267=ADVANCED_FACE('NONE',(#2906),#3086,.F.);
#3268=ADVANCED_FACE('NONE',(#2907),#3087,.F.);
#3269=ADVANCED_FACE('NONE',(#2908),#3088,.F.);
#3270=ADVANCED_FACE('NONE',(#2909),#3089,.F.);
#3271=ADVANCED_FACE('NONE',(#2910),#3090,.F.);
#3272=ADVANCED_FACE('NONE',(#2911),#142,.F.);
#3273=ADVANCED_FACE('NONE',(#2912),#143,.F.);
#3274=ADVANCED_FACE('NONE',(#2913),#144,.F.);
#3275=ADVANCED_FACE('NONE',(#2914),#145,.F.);
#3276=ADVANCED_FACE('NONE',(#2915),#146,.F.);
#3277=ADVANCED_FACE('NONE',(#2916),#147,.F.);
#3278=ADVANCED_FACE('NONE',(#2917),#148,.F.);
#3279=ADVANCED_FACE('NONE',(#2918),#149,.F.);
#3280=ADVANCED_FACE('NONE',(#2919),#150,.F.);
#3281=ADVANCED_FACE('NONE',(#2920),#151,.F.);
#3282=ADVANCED_FACE('NONE',(#2921,#2922),#152,.T.);
#3283=ADVANCED_FACE('NONE',(#2923),#3091,.T.);
#3284=ADVANCED_FACE('NONE',(#2924),#3092,.T.);
#3285=ADVANCED_FACE('NONE',(#2925),#3093,.T.);
#3286=ADVANCED_FACE('NONE',(#2926),#3094,.T.);
#3287=ADVANCED_FACE('NONE',(#2927),#3095,.T.);
#3288=ADVANCED_FACE('NONE',(#2928),#3096,.T.);
#3289=ADVANCED_FACE('NONE',(#2929,#2930,#2931,#2932,#2933,#2934,#2935),
#153,.F.);
#3290=ADVANCED_FACE('NONE',(#2936),#3097,.F.);
#3291=ADVANCED_FACE('NONE',(#2937),#3098,.F.);
#3292=ADVANCED_FACE('NONE',(#2938),#12,.T.);
#3293=ADVANCED_FACE('NONE',(#2939),#154,.T.);
#3294=ADVANCED_FACE('NONE',(#2940),#13,.T.);
#3295=ADVANCED_FACE('NONE',(#2941),#3099,.T.);
#3296=ADVANCED_FACE('NONE',(#2942),#3100,.T.);
#3297=ADVANCED_FACE('NONE',(#2943),#3101,.T.);
#3298=ADVANCED_FACE('NONE',(#2944),#3102,.F.);
#3299=ADVANCED_FACE('NONE',(#2945),#3103,.F.);
#3300=ADVANCED_FACE('NONE',(#2946),#3104,.F.);
#3301=ADVANCED_FACE('NONE',(#2947),#14,.T.);
#3302=ADVANCED_FACE('NONE',(#2948),#3105,.F.);
#3303=ADVANCED_FACE('NONE',(#2949),#3106,.F.);
#3304=ADVANCED_FACE('NONE',(#2950),#155,.T.);
#3305=ADVANCED_FACE('NONE',(#2951),#15,.T.);
#3306=ADVANCED_FACE('NONE',(#2952),#3107,.T.);
#3307=ADVANCED_FACE('NONE',(#2953),#156,.T.);
#3308=ADVANCED_FACE('NONE',(#2954),#3108,.F.);
#3309=ADVANCED_FACE('NONE',(#2955),#3109,.F.);
#3310=ADVANCED_FACE('NONE',(#2956),#3110,.F.);
#3311=ADVANCED_FACE('NONE',(#2957),#3111,.F.);
#3312=ADVANCED_FACE('NONE',(#2958),#3112,.F.);
#3313=ADVANCED_FACE('NONE',(#2959),#3113,.F.);
#3314=ADVANCED_FACE('NONE',(#2960),#3114,.F.);
#3315=ADVANCED_FACE('NONE',(#2961),#3115,.F.);
#3316=ADVANCED_FACE('NONE',(#2962),#3116,.F.);
#3317=ADVANCED_FACE('NONE',(#2963),#3117,.F.);
#3318=ADVANCED_FACE('NONE',(#2964),#3118,.F.);
#3319=ADVANCED_FACE('NONE',(#2965),#157,.T.);
#3320=ADVANCED_FACE('NONE',(#2966),#158,.T.);
#3321=ADVANCED_FACE('NONE',(#2967),#16,.T.);
#3322=ADVANCED_FACE('NONE',(#2968),#3119,.T.);
#3323=ADVANCED_FACE('NONE',(#2969),#3120,.T.);
#3324=ADVANCED_FACE('NONE',(#2970),#159,.T.);
#3325=ADVANCED_FACE('NONE',(#2971),#3121,.F.);
#3326=ADVANCED_FACE('NONE',(#2972),#3122,.F.);
#3327=ADVANCED_FACE('NONE',(#2973),#3123,.F.);
#3328=ADVANCED_FACE('NONE',(#2974),#3124,.F.);
#3329=ADVANCED_FACE('NONE',(#2975),#160,.T.);
#3330=ADVANCED_FACE('NONE',(#2976),#17,.T.);
#3331=ADVANCED_FACE('NONE',(#2977),#161,.T.);
#3332=ADVANCED_FACE('NONE',(#2978),#162,.T.);
#3333=ADVANCED_FACE('NONE',(#2979),#163,.T.);
#3334=ADVANCED_FACE('NONE',(#2980),#164,.T.);
#3335=ADVANCED_FACE('NONE',(#2981),#165,.T.);
#3336=ADVANCED_FACE('NONE',(#2982),#166,.T.);
#3337=ADVANCED_FACE('NONE',(#2983),#167,.T.);
#3338=ADVANCED_FACE('NONE',(#2984),#18,.T.);
#3339=ADVANCED_FACE('NONE',(#2985),#168,.T.);
#3340=ADVANCED_FACE('NONE',(#2986),#169,.T.);
#3341=ADVANCED_FACE('NONE',(#2987),#170,.T.);
#3342=ADVANCED_FACE('NONE',(#2988),#19,.T.);
#3343=ADVANCED_FACE('NONE',(#2989),#171,.T.);
#3344=ADVANCED_FACE('NONE',(#2990),#20,.T.);
#3345=ADVANCED_FACE('NONE',(#2991),#172,.T.);
#3346=ADVANCED_FACE('NONE',(#2992),#173,.T.);
#3347=ADVANCED_FACE('NONE',(#2993),#21,.T.);
#3348=ADVANCED_FACE('NONE',(#2994),#3125,.F.);
#3349=ADVANCED_FACE('NONE',(#2995),#3126,.F.);
#3350=ADVANCED_FACE('NONE',(#2996),#174,.T.);
#3351=ADVANCED_FACE('NONE',(#2997),#3127,.T.);
#3352=ADVANCED_FACE('NONE',(#2998),#3128,.T.);
#3353=ADVANCED_FACE('NONE',(#2999),#175,.T.);
#3354=ADVANCED_FACE('NONE',(#3000),#176,.T.);
#3355=ADVANCED_FACE('NONE',(#3001),#177,.T.);
#3356=ADVANCED_FACE('NONE',(#3002),#178,.T.);
#3357=ADVANCED_FACE('NONE',(#3003,#3004),#179,.T.);
#3358=ADVANCED_FACE('NONE',(#3005,#3006),#180,.T.);
#3359=ADVANCED_FACE('NONE',(#3007,#3008),#181,.T.);
#3360=ADVANCED_FACE('NONE',(#3009,#3010),#182,.T.);
#3361=ADVANCED_FACE('NONE',(#3011),#183,.F.);
#3362=ADVANCED_FACE('NONE',(#3012),#184,.F.);
#3363=ADVANCED_FACE('NONE',(#3013,#3014),#185,.F.);
#3364=ADVANCED_FACE('NONE',(#3015),#3129,.T.);
#3365=ADVANCED_FACE('NONE',(#3016),#3130,.T.);
#3366=ADVANCED_FACE('NONE',(#3017),#3131,.T.);
#3367=ADVANCED_FACE('NONE',(#3018),#3132,.T.);
#3368=ADVANCED_FACE('NONE',(#3019),#3133,.T.);
#3369=ADVANCED_FACE('NONE',(#3020),#186,.T.);
#3370=ADVANCED_FACE('NONE',(#3021),#3134,.T.);
#3371=ADVANCED_FACE('NONE',(#3022),#3135,.T.);
#3372=ADVANCED_FACE('NONE',(#3023),#3136,.T.);
#3373=ADVANCED_FACE('NONE',(#3024),#22,.T.);
#3374=ADVANCED_FACE('NONE',(#3025),#3137,.T.);
#3375=ADVANCED_FACE('NONE',(#3026),#3138,.T.);
#3376=ADVANCED_FACE('NONE',(#3027),#3139,.T.);
#3377=ADVANCED_FACE('NONE',(#3028),#3140,.T.);
#3378=ADVANCED_FACE('NONE',(#3029),#187,.T.);
#3379=ADVANCED_FACE('NONE',(#3030),#3141,.T.);
#3380=ADVANCED_FACE('NONE',(#3031),#3142,.T.);
#3381=ADVANCED_FACE('NONE',(#3032),#23,.T.);
#3382=ADVANCED_FACE('NONE',(#3033),#188,.T.);
#3383=ADVANCED_FACE('NONE',(#3034),#189,.T.);
#3384=ADVANCED_FACE('NONE',(#3035),#190,.T.);
#3385=ADVANCED_FACE('NONE',(#3036),#191,.F.);
#3386=ADVANCED_FACE('NONE',(#3037),#192,.F.);
#3387=ADVANCED_FACE('NONE',(#3038,#3039,#3040),#193,.F.);
#3388=ADVANCED_FACE('NONE',(#3041),#194,.F.);
#3389=ADVANCED_FACE('NONE',(#3042,#3043),#195,.T.);
#3390=ADVANCED_FACE('NONE',(#3044),#196,.T.);
#3391=ADVANCED_FACE('NONE',(#3045),#197,.T.);
#3392=ADVANCED_FACE('NONE',(#3046),#198,.T.);
#3393=ADVANCED_FACE('NONE',(#3047),#199,.T.);
#3394=ADVANCED_FACE('NONE',(#3048),#200,.T.);
#3395=ADVANCED_FACE('NONE',(#3049),#201,.T.);
#3396=ADVANCED_FACE('NONE',(#3050),#202,.T.);
#3397=ADVANCED_FACE('NONE',(#3051),#203,.T.);
#3398=ADVANCED_FACE('NONE',(#3052),#204,.T.);
#3399=ADVANCED_FACE('NONE',(#3053),#205,.T.);
#3400=ADVANCED_FACE('NONE',(#3054),#206,.T.);
#3401=ADVANCED_FACE('NONE',(#3055),#207,.T.);
#3402=ADVANCED_FACE('NONE',(#3056),#208,.F.);
#3403=ADVANCED_FACE('NONE',(#3057,#3058),#209,.F.);
#3404=ADVANCED_FACE('NONE',(#3059),#210,.T.);
#3405=ADVANCED_FACE('NONE',(#3060),#211,.T.);
#3406=ADVANCED_FACE('NONE',(#3061),#212,.T.);
#3407=ADVANCED_FACE('NONE',(#3062),#213,.T.);
#3408=ADVANCED_FACE('NONE',(#3063),#214,.F.);
#3409=CLOSED_SHELL('',(#3220,#3221,#3222,#3223,#3224,#3225,#3226,#3227,
#3228,#3229,#3230,#3231,#3232,#3233,#3234,#3235,#3236,#3237,#3238,#3239,
#3240,#3241,#3242,#3243,#3244,#3245,#3246,#3247,#3248,#3249,#3250,#3251,
#3252,#3253,#3254,#3255,#3256,#3257,#3258,#3259,#3260,#3261,#3262,#3263,
#3264,#3265,#3266,#3267,#3268,#3269,#3270,#3271,#3272,#3273,#3274,#3275,
#3276,#3277,#3278,#3279,#3280,#3281,#3282,#3283,#3284,#3285,#3286,#3287,
#3288,#3289,#3290,#3291,#3292,#3293,#3294,#3295,#3296,#3297,#3298,#3299,
#3300,#3301,#3302,#3303,#3304,#3305,#3306,#3307,#3308,#3309,#3310,#3311,
#3312,#3313,#3314,#3315,#3316,#3317,#3318,#3319,#3320,#3321,#3322,#3323,
#3324,#3325,#3326,#3327,#3328,#3329,#3330,#3331,#3332,#3333,#3334,#3335,
#3336,#3337,#3338,#3339,#3340,#3341,#3342,#3343,#3344,#3345,#3346,#3347,
#3348,#3349,#3350,#3351,#3352,#3353,#3354,#3355,#3356,#3357,#3358,#3359,
#3360,#3361,#3362,#3363,#3364,#3365,#3366,#3367,#3368,#3369,#3370,#3371,
#3372,#3373,#3374,#3375,#3376,#3377,#3378,#3379,#3380,#3381,#3382,#3383,
#3384,#3385,#3386,#3387,#3388,#3389,#3390,#3391,#3392,#3393,#3394,#3395,
#3396,#3397,#3398,#3399,#3400,#3401,#3402,#3403,#3404,#3405,#3406,#3407,
#3408));
#3410=STYLED_ITEM('',(#3411),#3870);
#3411=PRESENTATION_STYLE_ASSIGNMENT((#3487));
#3412=PRESENTATION_STYLE_ASSIGNMENT((#3488));
#3413=PRESENTATION_STYLE_ASSIGNMENT((#3489));
#3414=PRESENTATION_STYLE_ASSIGNMENT((#3490));
#3415=PRESENTATION_STYLE_ASSIGNMENT((#3491));
#3416=PRESENTATION_STYLE_ASSIGNMENT((#3492));
#3417=PRESENTATION_STYLE_ASSIGNMENT((#3493));
#3418=PRESENTATION_STYLE_ASSIGNMENT((#3494));
#3419=PRESENTATION_STYLE_ASSIGNMENT((#3495));
#3420=PRESENTATION_STYLE_ASSIGNMENT((#3496));
#3421=PRESENTATION_STYLE_ASSIGNMENT((#3497));
#3422=PRESENTATION_STYLE_ASSIGNMENT((#3498));
#3423=PRESENTATION_STYLE_ASSIGNMENT((#3499));
#3424=PRESENTATION_STYLE_ASSIGNMENT((#3500));
#3425=PRESENTATION_STYLE_ASSIGNMENT((#3501));
#3426=PRESENTATION_STYLE_ASSIGNMENT((#3502));
#3427=PRESENTATION_STYLE_ASSIGNMENT((#3503));
#3428=PRESENTATION_STYLE_ASSIGNMENT((#3504));
#3429=PRESENTATION_STYLE_ASSIGNMENT((#3505));
#3430=PRESENTATION_STYLE_ASSIGNMENT((#3506));
#3431=PRESENTATION_STYLE_ASSIGNMENT((#3507));
#3432=PRESENTATION_STYLE_ASSIGNMENT((#3508));
#3433=PRESENTATION_STYLE_ASSIGNMENT((#3509));
#3434=PRESENTATION_STYLE_ASSIGNMENT((#3510));
#3435=PRESENTATION_STYLE_ASSIGNMENT((#3511));
#3436=PRESENTATION_STYLE_ASSIGNMENT((#3512));
#3437=PRESENTATION_STYLE_ASSIGNMENT((#3513));
#3438=PRESENTATION_STYLE_ASSIGNMENT((#3514));
#3439=PRESENTATION_STYLE_ASSIGNMENT((#3515));
#3440=PRESENTATION_STYLE_ASSIGNMENT((#3516));
#3441=PRESENTATION_STYLE_ASSIGNMENT((#3517));
#3442=PRESENTATION_STYLE_ASSIGNMENT((#3518));
#3443=PRESENTATION_STYLE_ASSIGNMENT((#3519));
#3444=PRESENTATION_STYLE_ASSIGNMENT((#3520));
#3445=PRESENTATION_STYLE_ASSIGNMENT((#3521));
#3446=PRESENTATION_STYLE_ASSIGNMENT((#3522));
#3447=PRESENTATION_STYLE_ASSIGNMENT((#3523));
#3448=PRESENTATION_STYLE_ASSIGNMENT((#3524));
#3449=PRESENTATION_STYLE_ASSIGNMENT((#3525));
#3450=PRESENTATION_STYLE_ASSIGNMENT((#3526));
#3451=PRESENTATION_STYLE_ASSIGNMENT((#3527));
#3452=PRESENTATION_STYLE_ASSIGNMENT((#3528));
#3453=PRESENTATION_STYLE_ASSIGNMENT((#3529));
#3454=PRESENTATION_STYLE_ASSIGNMENT((#3530));
#3455=PRESENTATION_STYLE_ASSIGNMENT((#3531));
#3456=PRESENTATION_STYLE_ASSIGNMENT((#3532));
#3457=PRESENTATION_STYLE_ASSIGNMENT((#3533));
#3458=PRESENTATION_STYLE_ASSIGNMENT((#3534));
#3459=PRESENTATION_STYLE_ASSIGNMENT((#3535));
#3460=PRESENTATION_STYLE_ASSIGNMENT((#3536));
#3461=PRESENTATION_STYLE_ASSIGNMENT((#3537));
#3462=PRESENTATION_STYLE_ASSIGNMENT((#3538));
#3463=PRESENTATION_STYLE_ASSIGNMENT((#3539));
#3464=PRESENTATION_STYLE_ASSIGNMENT((#3540));
#3465=PRESENTATION_STYLE_ASSIGNMENT((#3541));
#3466=PRESENTATION_STYLE_ASSIGNMENT((#3542));
#3467=PRESENTATION_STYLE_ASSIGNMENT((#3543));
#3468=PRESENTATION_STYLE_ASSIGNMENT((#3544));
#3469=PRESENTATION_STYLE_ASSIGNMENT((#3545));
#3470=PRESENTATION_STYLE_ASSIGNMENT((#3546));
#3471=PRESENTATION_STYLE_ASSIGNMENT((#3547));
#3472=PRESENTATION_STYLE_ASSIGNMENT((#3548));
#3473=PRESENTATION_STYLE_ASSIGNMENT((#3549));
#3474=PRESENTATION_STYLE_ASSIGNMENT((#3550));
#3475=PRESENTATION_STYLE_ASSIGNMENT((#3551));
#3476=PRESENTATION_STYLE_ASSIGNMENT((#3552));
#3477=PRESENTATION_STYLE_ASSIGNMENT((#3553));
#3478=PRESENTATION_STYLE_ASSIGNMENT((#3554));
#3479=PRESENTATION_STYLE_ASSIGNMENT((#3555));
#3480=PRESENTATION_STYLE_ASSIGNMENT((#3556));
#3481=PRESENTATION_STYLE_ASSIGNMENT((#3557));
#3482=PRESENTATION_STYLE_ASSIGNMENT((#3558));
#3483=PRESENTATION_STYLE_ASSIGNMENT((#3559));
#3484=PRESENTATION_STYLE_ASSIGNMENT((#3560));
#3485=PRESENTATION_STYLE_ASSIGNMENT((#3561));
#3486=PRESENTATION_STYLE_ASSIGNMENT((#3562));
#3487=SURFACE_STYLE_USAGE(.BOTH.,#3563);
#3488=SURFACE_STYLE_USAGE(.BOTH.,#3564);
#3489=SURFACE_STYLE_USAGE(.BOTH.,#3565);
#3490=SURFACE_STYLE_USAGE(.BOTH.,#3566);
#3491=SURFACE_STYLE_USAGE(.BOTH.,#3567);
#3492=SURFACE_STYLE_USAGE(.BOTH.,#3568);
#3493=SURFACE_STYLE_USAGE(.BOTH.,#3569);
#3494=SURFACE_STYLE_USAGE(.BOTH.,#3570);
#3495=SURFACE_STYLE_USAGE(.BOTH.,#3571);
#3496=SURFACE_STYLE_USAGE(.BOTH.,#3572);
#3497=SURFACE_STYLE_USAGE(.BOTH.,#3573);
#3498=SURFACE_STYLE_USAGE(.BOTH.,#3574);
#3499=SURFACE_STYLE_USAGE(.BOTH.,#3575);
#3500=SURFACE_STYLE_USAGE(.BOTH.,#3576);
#3501=SURFACE_STYLE_USAGE(.BOTH.,#3577);
#3502=SURFACE_STYLE_USAGE(.BOTH.,#3578);
#3503=SURFACE_STYLE_USAGE(.BOTH.,#3579);
#3504=SURFACE_STYLE_USAGE(.BOTH.,#3580);
#3505=SURFACE_STYLE_USAGE(.BOTH.,#3581);
#3506=SURFACE_STYLE_USAGE(.BOTH.,#3582);
#3507=SURFACE_STYLE_USAGE(.BOTH.,#3583);
#3508=SURFACE_STYLE_USAGE(.BOTH.,#3584);
#3509=SURFACE_STYLE_USAGE(.BOTH.,#3585);
#3510=SURFACE_STYLE_USAGE(.BOTH.,#3586);
#3511=SURFACE_STYLE_USAGE(.BOTH.,#3587);
#3512=SURFACE_STYLE_USAGE(.BOTH.,#3588);
#3513=SURFACE_STYLE_USAGE(.BOTH.,#3589);
#3514=SURFACE_STYLE_USAGE(.BOTH.,#3590);
#3515=SURFACE_STYLE_USAGE(.BOTH.,#3591);
#3516=SURFACE_STYLE_USAGE(.BOTH.,#3592);
#3517=SURFACE_STYLE_USAGE(.BOTH.,#3593);
#3518=SURFACE_STYLE_USAGE(.BOTH.,#3594);
#3519=SURFACE_STYLE_USAGE(.BOTH.,#3595);
#3520=SURFACE_STYLE_USAGE(.BOTH.,#3596);
#3521=SURFACE_STYLE_USAGE(.BOTH.,#3597);
#3522=SURFACE_STYLE_USAGE(.BOTH.,#3598);
#3523=SURFACE_STYLE_USAGE(.BOTH.,#3599);
#3524=SURFACE_STYLE_USAGE(.BOTH.,#3600);
#3525=SURFACE_STYLE_USAGE(.BOTH.,#3601);
#3526=SURFACE_STYLE_USAGE(.BOTH.,#3602);
#3527=SURFACE_STYLE_USAGE(.BOTH.,#3603);
#3528=SURFACE_STYLE_USAGE(.BOTH.,#3604);
#3529=SURFACE_STYLE_USAGE(.BOTH.,#3605);
#3530=SURFACE_STYLE_USAGE(.BOTH.,#3606);
#3531=SURFACE_STYLE_USAGE(.BOTH.,#3607);
#3532=SURFACE_STYLE_USAGE(.BOTH.,#3608);
#3533=SURFACE_STYLE_USAGE(.BOTH.,#3609);
#3534=SURFACE_STYLE_USAGE(.BOTH.,#3610);
#3535=SURFACE_STYLE_USAGE(.BOTH.,#3611);
#3536=SURFACE_STYLE_USAGE(.BOTH.,#3612);
#3537=SURFACE_STYLE_USAGE(.BOTH.,#3613);
#3538=SURFACE_STYLE_USAGE(.BOTH.,#3614);
#3539=SURFACE_STYLE_USAGE(.BOTH.,#3615);
#3540=SURFACE_STYLE_USAGE(.BOTH.,#3616);
#3541=SURFACE_STYLE_USAGE(.BOTH.,#3617);
#3542=SURFACE_STYLE_USAGE(.BOTH.,#3618);
#3543=SURFACE_STYLE_USAGE(.BOTH.,#3619);
#3544=SURFACE_STYLE_USAGE(.BOTH.,#3620);
#3545=SURFACE_STYLE_USAGE(.BOTH.,#3621);
#3546=SURFACE_STYLE_USAGE(.BOTH.,#3622);
#3547=SURFACE_STYLE_USAGE(.BOTH.,#3623);
#3548=SURFACE_STYLE_USAGE(.BOTH.,#3624);
#3549=SURFACE_STYLE_USAGE(.BOTH.,#3625);
#3550=SURFACE_STYLE_USAGE(.BOTH.,#3626);
#3551=SURFACE_STYLE_USAGE(.BOTH.,#3627);
#3552=SURFACE_STYLE_USAGE(.BOTH.,#3628);
#3553=SURFACE_STYLE_USAGE(.BOTH.,#3629);
#3554=SURFACE_STYLE_USAGE(.BOTH.,#3630);
#3555=SURFACE_STYLE_USAGE(.BOTH.,#3631);
#3556=SURFACE_STYLE_USAGE(.BOTH.,#3632);
#3557=SURFACE_STYLE_USAGE(.BOTH.,#3633);
#3558=SURFACE_STYLE_USAGE(.BOTH.,#3634);
#3559=SURFACE_STYLE_USAGE(.BOTH.,#3635);
#3560=SURFACE_STYLE_USAGE(.BOTH.,#3636);
#3561=SURFACE_STYLE_USAGE(.BOTH.,#3637);
#3562=SURFACE_STYLE_USAGE(.BOTH.,#3638);
#3563=SURFACE_SIDE_STYLE('',(#3639));
#3564=SURFACE_SIDE_STYLE('',(#3640));
#3565=SURFACE_SIDE_STYLE('',(#3641));
#3566=SURFACE_SIDE_STYLE('',(#3642));
#3567=SURFACE_SIDE_STYLE('',(#3643));
#3568=SURFACE_SIDE_STYLE('',(#3644));
#3569=SURFACE_SIDE_STYLE('',(#3645));
#3570=SURFACE_SIDE_STYLE('',(#3646));
#3571=SURFACE_SIDE_STYLE('',(#3647));
#3572=SURFACE_SIDE_STYLE('',(#3648));
#3573=SURFACE_SIDE_STYLE('',(#3649));
#3574=SURFACE_SIDE_STYLE('',(#3650));
#3575=SURFACE_SIDE_STYLE('',(#3651));
#3576=SURFACE_SIDE_STYLE('',(#3652));
#3577=SURFACE_SIDE_STYLE('',(#3653));
#3578=SURFACE_SIDE_STYLE('',(#3654));
#3579=SURFACE_SIDE_STYLE('',(#3655));
#3580=SURFACE_SIDE_STYLE('',(#3656));
#3581=SURFACE_SIDE_STYLE('',(#3657));
#3582=SURFACE_SIDE_STYLE('',(#3658));
#3583=SURFACE_SIDE_STYLE('',(#3659));
#3584=SURFACE_SIDE_STYLE('',(#3660));
#3585=SURFACE_SIDE_STYLE('',(#3661));
#3586=SURFACE_SIDE_STYLE('',(#3662));
#3587=SURFACE_SIDE_STYLE('',(#3663));
#3588=SURFACE_SIDE_STYLE('',(#3664));
#3589=SURFACE_SIDE_STYLE('',(#3665));
#3590=SURFACE_SIDE_STYLE('',(#3666));
#3591=SURFACE_SIDE_STYLE('',(#3667));
#3592=SURFACE_SIDE_STYLE('',(#3668));
#3593=SURFACE_SIDE_STYLE('',(#3669));
#3594=SURFACE_SIDE_STYLE('',(#3670));
#3595=SURFACE_SIDE_STYLE('',(#3671));
#3596=SURFACE_SIDE_STYLE('',(#3672));
#3597=SURFACE_SIDE_STYLE('',(#3673));
#3598=SURFACE_SIDE_STYLE('',(#3674));
#3599=SURFACE_SIDE_STYLE('',(#3675));
#3600=SURFACE_SIDE_STYLE('',(#3676));
#3601=SURFACE_SIDE_STYLE('',(#3677));
#3602=SURFACE_SIDE_STYLE('',(#3678));
#3603=SURFACE_SIDE_STYLE('',(#3679));
#3604=SURFACE_SIDE_STYLE('',(#3680));
#3605=SURFACE_SIDE_STYLE('',(#3681));
#3606=SURFACE_SIDE_STYLE('',(#3682));
#3607=SURFACE_SIDE_STYLE('',(#3683));
#3608=SURFACE_SIDE_STYLE('',(#3684));
#3609=SURFACE_SIDE_STYLE('',(#3685));
#3610=SURFACE_SIDE_STYLE('',(#3686));
#3611=SURFACE_SIDE_STYLE('',(#3687));
#3612=SURFACE_SIDE_STYLE('',(#3688));
#3613=SURFACE_SIDE_STYLE('',(#3689));
#3614=SURFACE_SIDE_STYLE('',(#3690));
#3615=SURFACE_SIDE_STYLE('',(#3691));
#3616=SURFACE_SIDE_STYLE('',(#3692));
#3617=SURFACE_SIDE_STYLE('',(#3693));
#3618=SURFACE_SIDE_STYLE('',(#3694));
#3619=SURFACE_SIDE_STYLE('',(#3695));
#3620=SURFACE_SIDE_STYLE('',(#3696));
#3621=SURFACE_SIDE_STYLE('',(#3697));
#3622=SURFACE_SIDE_STYLE('',(#3698));
#3623=SURFACE_SIDE_STYLE('',(#3699));
#3624=SURFACE_SIDE_STYLE('',(#3700));
#3625=SURFACE_SIDE_STYLE('',(#3701));
#3626=SURFACE_SIDE_STYLE('',(#3702));
#3627=SURFACE_SIDE_STYLE('',(#3703));
#3628=SURFACE_SIDE_STYLE('',(#3704));
#3629=SURFACE_SIDE_STYLE('',(#3705));
#3630=SURFACE_SIDE_STYLE('',(#3706));
#3631=SURFACE_SIDE_STYLE('',(#3707));
#3632=SURFACE_SIDE_STYLE('',(#3708));
#3633=SURFACE_SIDE_STYLE('',(#3709));
#3634=SURFACE_SIDE_STYLE('',(#3710));
#3635=SURFACE_SIDE_STYLE('',(#3711));
#3636=SURFACE_SIDE_STYLE('',(#3712));
#3637=SURFACE_SIDE_STYLE('',(#3713));
#3638=SURFACE_SIDE_STYLE('',(#3714));
#3639=SURFACE_STYLE_FILL_AREA(#3715);
#3640=SURFACE_STYLE_FILL_AREA(#3716);
#3641=SURFACE_STYLE_FILL_AREA(#3717);
#3642=SURFACE_STYLE_FILL_AREA(#3718);
#3643=SURFACE_STYLE_FILL_AREA(#3719);
#3644=SURFACE_STYLE_FILL_AREA(#3720);
#3645=SURFACE_STYLE_FILL_AREA(#3721);
#3646=SURFACE_STYLE_FILL_AREA(#3722);
#3647=SURFACE_STYLE_FILL_AREA(#3723);
#3648=SURFACE_STYLE_FILL_AREA(#3724);
#3649=SURFACE_STYLE_FILL_AREA(#3725);
#3650=SURFACE_STYLE_FILL_AREA(#3726);
#3651=SURFACE_STYLE_FILL_AREA(#3727);
#3652=SURFACE_STYLE_FILL_AREA(#3728);
#3653=SURFACE_STYLE_FILL_AREA(#3729);
#3654=SURFACE_STYLE_FILL_AREA(#3730);
#3655=SURFACE_STYLE_FILL_AREA(#3731);
#3656=SURFACE_STYLE_FILL_AREA(#3732);
#3657=SURFACE_STYLE_FILL_AREA(#3733);
#3658=SURFACE_STYLE_FILL_AREA(#3734);
#3659=SURFACE_STYLE_FILL_AREA(#3735);
#3660=SURFACE_STYLE_FILL_AREA(#3736);
#3661=SURFACE_STYLE_FILL_AREA(#3737);
#3662=SURFACE_STYLE_FILL_AREA(#3738);
#3663=SURFACE_STYLE_FILL_AREA(#3739);
#3664=SURFACE_STYLE_FILL_AREA(#3740);
#3665=SURFACE_STYLE_FILL_AREA(#3741);
#3666=SURFACE_STYLE_FILL_AREA(#3742);
#3667=SURFACE_STYLE_FILL_AREA(#3743);
#3668=SURFACE_STYLE_FILL_AREA(#3744);
#3669=SURFACE_STYLE_FILL_AREA(#3745);
#3670=SURFACE_STYLE_FILL_AREA(#3746);
#3671=SURFACE_STYLE_FILL_AREA(#3747);
#3672=SURFACE_STYLE_FILL_AREA(#3748);
#3673=SURFACE_STYLE_FILL_AREA(#3749);
#3674=SURFACE_STYLE_FILL_AREA(#3750);
#3675=SURFACE_STYLE_FILL_AREA(#3751);
#3676=SURFACE_STYLE_FILL_AREA(#3752);
#3677=SURFACE_STYLE_FILL_AREA(#3753);
#3678=SURFACE_STYLE_FILL_AREA(#3754);
#3679=SURFACE_STYLE_FILL_AREA(#3755);
#3680=SURFACE_STYLE_FILL_AREA(#3756);
#3681=SURFACE_STYLE_FILL_AREA(#3757);
#3682=SURFACE_STYLE_FILL_AREA(#3758);
#3683=SURFACE_STYLE_FILL_AREA(#3759);
#3684=SURFACE_STYLE_FILL_AREA(#3760);
#3685=SURFACE_STYLE_FILL_AREA(#3761);
#3686=SURFACE_STYLE_FILL_AREA(#3762);
#3687=SURFACE_STYLE_FILL_AREA(#3763);
#3688=SURFACE_STYLE_FILL_AREA(#3764);
#3689=SURFACE_STYLE_FILL_AREA(#3765);
#3690=SURFACE_STYLE_FILL_AREA(#3766);
#3691=SURFACE_STYLE_FILL_AREA(#3767);
#3692=SURFACE_STYLE_FILL_AREA(#3768);
#3693=SURFACE_STYLE_FILL_AREA(#3769);
#3694=SURFACE_STYLE_FILL_AREA(#3770);
#3695=SURFACE_STYLE_FILL_AREA(#3771);
#3696=SURFACE_STYLE_FILL_AREA(#3772);
#3697=SURFACE_STYLE_FILL_AREA(#3773);
#3698=SURFACE_STYLE_FILL_AREA(#3774);
#3699=SURFACE_STYLE_FILL_AREA(#3775);
#3700=SURFACE_STYLE_FILL_AREA(#3776);
#3701=SURFACE_STYLE_FILL_AREA(#3777);
#3702=SURFACE_STYLE_FILL_AREA(#3778);
#3703=SURFACE_STYLE_FILL_AREA(#3779);
#3704=SURFACE_STYLE_FILL_AREA(#3780);
#3705=SURFACE_STYLE_FILL_AREA(#3781);
#3706=SURFACE_STYLE_FILL_AREA(#3782);
#3707=SURFACE_STYLE_FILL_AREA(#3783);
#3708=SURFACE_STYLE_FILL_AREA(#3784);
#3709=SURFACE_STYLE_FILL_AREA(#3785);
#3710=SURFACE_STYLE_FILL_AREA(#3786);
#3711=SURFACE_STYLE_FILL_AREA(#3787);
#3712=SURFACE_STYLE_FILL_AREA(#3788);
#3713=SURFACE_STYLE_FILL_AREA(#3789);
#3714=SURFACE_STYLE_FILL_AREA(#3790);
#3715=FILL_AREA_STYLE('',(#3791));
#3716=FILL_AREA_STYLE('',(#3792));
#3717=FILL_AREA_STYLE('',(#3793));
#3718=FILL_AREA_STYLE('',(#3794));
#3719=FILL_AREA_STYLE('',(#3795));
#3720=FILL_AREA_STYLE('',(#3796));
#3721=FILL_AREA_STYLE('',(#3797));
#3722=FILL_AREA_STYLE('',(#3798));
#3723=FILL_AREA_STYLE('',(#3799));
#3724=FILL_AREA_STYLE('',(#3800));
#3725=FILL_AREA_STYLE('',(#3801));
#3726=FILL_AREA_STYLE('',(#3802));
#3727=FILL_AREA_STYLE('',(#3803));
#3728=FILL_AREA_STYLE('',(#3804));
#3729=FILL_AREA_STYLE('',(#3805));
#3730=FILL_AREA_STYLE('',(#3806));
#3731=FILL_AREA_STYLE('',(#3807));
#3732=FILL_AREA_STYLE('',(#3808));
#3733=FILL_AREA_STYLE('',(#3809));
#3734=FILL_AREA_STYLE('',(#3810));
#3735=FILL_AREA_STYLE('',(#3811));
#3736=FILL_AREA_STYLE('',(#3812));
#3737=FILL_AREA_STYLE('',(#3813));
#3738=FILL_AREA_STYLE('',(#3814));
#3739=FILL_AREA_STYLE('',(#3815));
#3740=FILL_AREA_STYLE('',(#3816));
#3741=FILL_AREA_STYLE('',(#3817));
#3742=FILL_AREA_STYLE('',(#3818));
#3743=FILL_AREA_STYLE('',(#3819));
#3744=FILL_AREA_STYLE('',(#3820));
#3745=FILL_AREA_STYLE('',(#3821));
#3746=FILL_AREA_STYLE('',(#3822));
#3747=FILL_AREA_STYLE('',(#3823));
#3748=FILL_AREA_STYLE('',(#3824));
#3749=FILL_AREA_STYLE('',(#3825));
#3750=FILL_AREA_STYLE('',(#3826));
#3751=FILL_AREA_STYLE('',(#3827));
#3752=FILL_AREA_STYLE('',(#3828));
#3753=FILL_AREA_STYLE('',(#3829));
#3754=FILL_AREA_STYLE('',(#3830));
#3755=FILL_AREA_STYLE('',(#3831));
#3756=FILL_AREA_STYLE('',(#3832));
#3757=FILL_AREA_STYLE('',(#3833));
#3758=FILL_AREA_STYLE('',(#3834));
#3759=FILL_AREA_STYLE('',(#3835));
#3760=FILL_AREA_STYLE('',(#3836));
#3761=FILL_AREA_STYLE('',(#3837));
#3762=FILL_AREA_STYLE('',(#3838));
#3763=FILL_AREA_STYLE('',(#3839));
#3764=FILL_AREA_STYLE('',(#3840));
#3765=FILL_AREA_STYLE('',(#3841));
#3766=FILL_AREA_STYLE('',(#3842));
#3767=FILL_AREA_STYLE('',(#3843));
#3768=FILL_AREA_STYLE('',(#3844));
#3769=FILL_AREA_STYLE('',(#3845));
#3770=FILL_AREA_STYLE('',(#3846));
#3771=FILL_AREA_STYLE('',(#3847));
#3772=FILL_AREA_STYLE('',(#3848));
#3773=FILL_AREA_STYLE('',(#3849));
#3774=FILL_AREA_STYLE('',(#3850));
#3775=FILL_AREA_STYLE('',(#3851));
#3776=FILL_AREA_STYLE('',(#3852));
#3777=FILL_AREA_STYLE('',(#3853));
#3778=FILL_AREA_STYLE('',(#3854));
#3779=FILL_AREA_STYLE('',(#3855));
#3780=FILL_AREA_STYLE('',(#3856));
#3781=FILL_AREA_STYLE('',(#3857));
#3782=FILL_AREA_STYLE('',(#3858));
#3783=FILL_AREA_STYLE('',(#3859));
#3784=FILL_AREA_STYLE('',(#3860));
#3785=FILL_AREA_STYLE('',(#3861));
#3786=FILL_AREA_STYLE('',(#3862));
#3787=FILL_AREA_STYLE('',(#3863));
#3788=FILL_AREA_STYLE('',(#3864));
#3789=FILL_AREA_STYLE('',(#3865));
#3790=FILL_AREA_STYLE('',(#3866));
#3791=FILL_AREA_STYLE_COLOUR('',#3867);
#3792=FILL_AREA_STYLE_COLOUR('',#3218);
#3793=FILL_AREA_STYLE_COLOUR('',#3218);
#3794=FILL_AREA_STYLE_COLOUR('',#3218);
#3795=FILL_AREA_STYLE_COLOUR('',#3218);
#3796=FILL_AREA_STYLE_COLOUR('',#3218);
#3797=FILL_AREA_STYLE_COLOUR('',#3218);
#3798=FILL_AREA_STYLE_COLOUR('',#3218);
#3799=FILL_AREA_STYLE_COLOUR('',#3218);
#3800=FILL_AREA_STYLE_COLOUR('',#3218);
#3801=FILL_AREA_STYLE_COLOUR('',#3218);
#3802=FILL_AREA_STYLE_COLOUR('',#3218);
#3803=FILL_AREA_STYLE_COLOUR('',#3218);
#3804=FILL_AREA_STYLE_COLOUR('',#3218);
#3805=FILL_AREA_STYLE_COLOUR('',#3218);
#3806=FILL_AREA_STYLE_COLOUR('',#3868);
#3807=FILL_AREA_STYLE_COLOUR('',#3868);
#3808=FILL_AREA_STYLE_COLOUR('',#3868);
#3809=FILL_AREA_STYLE_COLOUR('',#3868);
#3810=FILL_AREA_STYLE_COLOUR('',#3868);
#3811=FILL_AREA_STYLE_COLOUR('',#3218);
#3812=FILL_AREA_STYLE_COLOUR('',#3868);
#3813=FILL_AREA_STYLE_COLOUR('',#3218);
#3814=FILL_AREA_STYLE_COLOUR('',#3868);
#3815=FILL_AREA_STYLE_COLOUR('',#3218);
#3816=FILL_AREA_STYLE_COLOUR('',#3868);
#3817=FILL_AREA_STYLE_COLOUR('',#3218);
#3818=FILL_AREA_STYLE_COLOUR('',#3868);
#3819=FILL_AREA_STYLE_COLOUR('',#3218);
#3820=FILL_AREA_STYLE_COLOUR('',#3868);
#3821=FILL_AREA_STYLE_COLOUR('',#3218);
#3822=FILL_AREA_STYLE_COLOUR('',#3868);
#3823=FILL_AREA_STYLE_COLOUR('',#3218);
#3824=FILL_AREA_STYLE_COLOUR('',#3868);
#3825=FILL_AREA_STYLE_COLOUR('',#3218);
#3826=FILL_AREA_STYLE_COLOUR('',#3868);
#3827=FILL_AREA_STYLE_COLOUR('',#3868);
#3828=FILL_AREA_STYLE_COLOUR('',#3868);
#3829=FILL_AREA_STYLE_COLOUR('',#3868);
#3830=FILL_AREA_STYLE_COLOUR('',#3868);
#3831=FILL_AREA_STYLE_COLOUR('',#3868);
#3832=FILL_AREA_STYLE_COLOUR('',#3868);
#3833=FILL_AREA_STYLE_COLOUR('',#3868);
#3834=FILL_AREA_STYLE_COLOUR('',#3868);
#3835=FILL_AREA_STYLE_COLOUR('',#3868);
#3836=FILL_AREA_STYLE_COLOUR('',#3869);
#3837=FILL_AREA_STYLE_COLOUR('',#3869);
#3838=FILL_AREA_STYLE_COLOUR('',#3869);
#3839=FILL_AREA_STYLE_COLOUR('',#3869);
#3840=FILL_AREA_STYLE_COLOUR('',#3869);
#3841=FILL_AREA_STYLE_COLOUR('',#3869);
#3842=FILL_AREA_STYLE_COLOUR('',#3219);
#3843=FILL_AREA_STYLE_COLOUR('',#3219);
#3844=FILL_AREA_STYLE_COLOUR('',#3219);
#3845=FILL_AREA_STYLE_COLOUR('',#3869);
#3846=FILL_AREA_STYLE_COLOUR('',#3869);
#3847=FILL_AREA_STYLE_COLOUR('',#3869);
#3848=FILL_AREA_STYLE_COLOUR('',#3869);
#3849=FILL_AREA_STYLE_COLOUR('',#3869);
#3850=FILL_AREA_STYLE_COLOUR('',#3869);
#3851=FILL_AREA_STYLE_COLOUR('',#3219);
#3852=FILL_AREA_STYLE_COLOUR('',#3869);
#3853=FILL_AREA_STYLE_COLOUR('',#3869);
#3854=FILL_AREA_STYLE_COLOUR('',#3869);
#3855=FILL_AREA_STYLE_COLOUR('',#3869);
#3856=FILL_AREA_STYLE_COLOUR('',#3869);
#3857=FILL_AREA_STYLE_COLOUR('',#3869);
#3858=FILL_AREA_STYLE_COLOUR('',#3869);
#3859=FILL_AREA_STYLE_COLOUR('',#3218);
#3860=FILL_AREA_STYLE_COLOUR('',#3869);
#3861=FILL_AREA_STYLE_COLOUR('',#3869);
#3862=FILL_AREA_STYLE_COLOUR('',#3869);
#3863=FILL_AREA_STYLE_COLOUR('',#3869);
#3864=FILL_AREA_STYLE_COLOUR('',#3219);
#3865=FILL_AREA_STYLE_COLOUR('',#3218);
#3866=FILL_AREA_STYLE_COLOUR('',#3869);
#3867=COLOUR_RGB('',0.792156862745098,0.819607843137255,0.933333333333333);
#3868=COLOUR_RGB('',0.250980392156863,0.250980392156863,0.250980392156863);
#3869=COLOUR_RGB('',0.752941176470588,0.752941176470588,0.752941176470588);
#3870=MANIFOLD_SOLID_BREP('User_Library-RA-02__Imported1',#3409);
#3871=SHAPE_DEFINITION_REPRESENTATION(#6902,#3872);
#3872=SHAPE_REPRESENTATION('User_Library-RA-02__Imported1',(#3873),#6897);
#3873=AXIS2_PLACEMENT_3D('',#5065,#4186,#4187);
#3874=AXIS2_PLACEMENT_3D('',#5066,#4188,#4189);
#3875=AXIS2_PLACEMENT_3D('',#5067,#4190,#4191);
#3876=AXIS2_PLACEMENT_3D('',#5072,#4193,#4194);
#3877=AXIS2_PLACEMENT_3D('',#5075,#4196,#4197);
#3878=AXIS2_PLACEMENT_3D('',#5076,#4198,#4199);
#3879=AXIS2_PLACEMENT_3D('',#5081,#4201,#4202);
#3880=AXIS2_PLACEMENT_3D('',#5084,#4204,#4205);
#3881=AXIS2_PLACEMENT_3D('',#5085,#4206,#4207);
#3882=AXIS2_PLACEMENT_3D('',#5090,#4209,#4210);
#3883=AXIS2_PLACEMENT_3D('',#5093,#4212,#4213);
#3884=AXIS2_PLACEMENT_3D('',#5094,#4214,#4215);
#3885=AXIS2_PLACEMENT_3D('',#5099,#4217,#4218);
#3886=AXIS2_PLACEMENT_3D('',#5102,#4220,#4221);
#3887=AXIS2_PLACEMENT_3D('',#5103,#4222,#4223);
#3888=AXIS2_PLACEMENT_3D('',#5108,#4225,#4226);
#3889=AXIS2_PLACEMENT_3D('',#5111,#4228,#4229);
#3890=AXIS2_PLACEMENT_3D('',#5112,#4230,#4231);
#3891=AXIS2_PLACEMENT_3D('',#5117,#4233,#4234);
#3892=AXIS2_PLACEMENT_3D('',#5120,#4236,#4237);
#3893=AXIS2_PLACEMENT_3D('',#5121,#4238,#4239);
#3894=AXIS2_PLACEMENT_3D('',#5126,#4241,#4242);
#3895=AXIS2_PLACEMENT_3D('',#5129,#4244,#4245);
#3896=AXIS2_PLACEMENT_3D('',#5130,#4246,#4247);
#3897=AXIS2_PLACEMENT_3D('',#5135,#4249,#4250);
#3898=AXIS2_PLACEMENT_3D('',#5138,#4252,#4253);
#3899=AXIS2_PLACEMENT_3D('',#5139,#4254,#4255);
#3900=AXIS2_PLACEMENT_3D('',#5141,#4256,#4257);
#3901=AXIS2_PLACEMENT_3D('',#5143,#4258,#4259);
#3902=AXIS2_PLACEMENT_3D('',#5144,#4260,#4261);
#3903=AXIS2_PLACEMENT_3D('',#5146,#4262,#4263);
#3904=AXIS2_PLACEMENT_3D('',#5147,#4264,#4265);
#3905=AXIS2_PLACEMENT_3D('',#5149,#4266,#4267);
#3906=AXIS2_PLACEMENT_3D('',#5151,#4268,#4269);
#3907=AXIS2_PLACEMENT_3D('',#5152,#4270,#4271);
#3908=AXIS2_PLACEMENT_3D('',#5154,#4272,#4273);
#3909=AXIS2_PLACEMENT_3D('',#5156,#4274,#4275);
#3910=AXIS2_PLACEMENT_3D('',#5157,#4276,#4277);
#3911=AXIS2_PLACEMENT_3D('',#5159,#4278,#4279);
#3912=AXIS2_PLACEMENT_3D('',#5161,#4280,#4281);
#3913=AXIS2_PLACEMENT_3D('',#5162,#4282,#4283);
#3914=AXIS2_PLACEMENT_3D('',#5164,#4284,#4285);
#3915=AXIS2_PLACEMENT_3D('',#5165,#4286,#4287);
#3916=AXIS2_PLACEMENT_3D('',#5167,#4288,#4289);
#3917=AXIS2_PLACEMENT_3D('',#5169,#4290,#4291);
#3918=AXIS2_PLACEMENT_3D('',#5170,#4292,#4293);
#3919=AXIS2_PLACEMENT_3D('',#5172,#4294,#4295);
#3920=AXIS2_PLACEMENT_3D('',#5180,#4300,#4301);
#3921=AXIS2_PLACEMENT_3D('',#5184,#4303,#4304);
#3922=AXIS2_PLACEMENT_3D('',#5188,#4306,#4307);
#3923=AXIS2_PLACEMENT_3D('',#5192,#4309,#4310);
#3924=AXIS2_PLACEMENT_3D('',#5196,#4312,#4313);
#3925=AXIS2_PLACEMENT_3D('',#5200,#4315,#4316);
#3926=AXIS2_PLACEMENT_3D('',#5204,#4318,#4319);
#3927=AXIS2_PLACEMENT_3D('',#5208,#4321,#4322);
#3928=AXIS2_PLACEMENT_3D('',#5221,#4332,#4333);
#3929=AXIS2_PLACEMENT_3D('',#5223,#4335,#4336);
#3930=AXIS2_PLACEMENT_3D('',#5227,#4339,#4340);
#3931=AXIS2_PLACEMENT_3D('',#5231,#4343,#4344);
#3932=AXIS2_PLACEMENT_3D('',#5235,#4347,#4348);
#3933=AXIS2_PLACEMENT_3D('',#5236,#4349,#4350);
#3934=AXIS2_PLACEMENT_3D('',#5239,#4352,#4353);
#3935=AXIS2_PLACEMENT_3D('',#5243,#4356,#4357);
#3936=AXIS2_PLACEMENT_3D('',#5244,#4358,#4359);
#3937=AXIS2_PLACEMENT_3D('',#5247,#4361,#4362);
#3938=AXIS2_PLACEMENT_3D('',#5251,#4365,#4366);
#3939=AXIS2_PLACEMENT_3D('',#5252,#4367,#4368);
#3940=AXIS2_PLACEMENT_3D('',#5255,#4370,#4371);
#3941=AXIS2_PLACEMENT_3D('',#5259,#4374,#4375);
#3942=AXIS2_PLACEMENT_3D('',#5260,#4376,#4377);
#3943=AXIS2_PLACEMENT_3D('',#5263,#4379,#4380);
#3944=AXIS2_PLACEMENT_3D('',#5267,#4383,#4384);
#3945=AXIS2_PLACEMENT_3D('',#5268,#4385,#4386);
#3946=AXIS2_PLACEMENT_3D('',#5271,#4388,#4389);
#3947=AXIS2_PLACEMENT_3D('',#5275,#4392,#4393);
#3948=AXIS2_PLACEMENT_3D('',#5276,#4394,#4395);
#3949=AXIS2_PLACEMENT_3D('',#5279,#4397,#4398);
#3950=AXIS2_PLACEMENT_3D('',#5283,#4401,#4402);
#3951=AXIS2_PLACEMENT_3D('',#5284,#4403,#4404);
#3952=AXIS2_PLACEMENT_3D('',#5287,#4406,#4407);
#3953=AXIS2_PLACEMENT_3D('',#5291,#4410,#4411);
#3954=AXIS2_PLACEMENT_3D('',#5292,#4412,#4413);
#3955=AXIS2_PLACEMENT_3D('',#5295,#4415,#4416);
#3956=AXIS2_PLACEMENT_3D('',#5299,#4419,#4420);
#3957=AXIS2_PLACEMENT_3D('',#5303,#4423,#4424);
#3958=AXIS2_PLACEMENT_3D('',#5305,#4426,#4427);
#3959=AXIS2_PLACEMENT_3D('',#5307,#4429,#4430);
#3960=AXIS2_PLACEMENT_3D('',#5309,#4432,#4433);
#3961=AXIS2_PLACEMENT_3D('',#5311,#4435,#4436);
#3962=AXIS2_PLACEMENT_3D('',#5313,#4438,#4439);
#3963=AXIS2_PLACEMENT_3D('',#5315,#4441,#4442);
#3964=AXIS2_PLACEMENT_3D('',#5317,#4444,#4445);
#3965=AXIS2_PLACEMENT_3D('',#5338,#4456,#4457);
#3966=AXIS2_PLACEMENT_3D('',#5352,#4459,#4460);
#3967=AXIS2_PLACEMENT_3D('',#5360,#4462,#4463);
#3968=AXIS2_PLACEMENT_3D('',#5368,#4465,#4466);
#3969=AXIS2_PLACEMENT_3D('',#5376,#4468,#4469);
#3970=AXIS2_PLACEMENT_3D('',#5384,#4471,#4472);
#3971=AXIS2_PLACEMENT_3D('',#5386,#4474,#4475);
#3972=AXIS2_PLACEMENT_3D('',#5392,#4479,#4480);
#3973=AXIS2_PLACEMENT_3D('',#5396,#4483,#4484);
#3974=AXIS2_PLACEMENT_3D('',#5400,#4487,#4488);
#3975=AXIS2_PLACEMENT_3D('',#5402,#4490,#4491);
#3976=AXIS2_PLACEMENT_3D('',#5408,#4495,#4496);
#3977=AXIS2_PLACEMENT_3D('',#5412,#4499,#4500);
#3978=AXIS2_PLACEMENT_3D('',#5416,#4503,#4504);
#3979=AXIS2_PLACEMENT_3D('',#5420,#4507,#4508);
#3980=AXIS2_PLACEMENT_3D('',#5424,#4511,#4512);
#3981=AXIS2_PLACEMENT_3D('',#5426,#4514,#4515);
#3982=AXIS2_PLACEMENT_3D('',#5427,#4516,#4517);
#3983=AXIS2_PLACEMENT_3D('',#5441,#4519,#4520);
#3984=AXIS2_PLACEMENT_3D('',#5449,#4522,#4523);
#3985=AXIS2_PLACEMENT_3D('',#5457,#4525,#4526);
#3986=AXIS2_PLACEMENT_3D('',#5465,#4528,#4529);
#3987=AXIS2_PLACEMENT_3D('',#5473,#4531,#4532);
#3988=AXIS2_PLACEMENT_3D('',#5475,#4534,#4535);
#3989=AXIS2_PLACEMENT_3D('',#5476,#4536,#4537);
#3990=AXIS2_PLACEMENT_3D('',#5494,#4539,#4540);
#3991=AXIS2_PLACEMENT_3D('',#5496,#4541,#4542);
#3992=AXIS2_PLACEMENT_3D('',#5498,#4543,#4544);
#3993=AXIS2_PLACEMENT_3D('',#5500,#4545,#4546);
#3994=AXIS2_PLACEMENT_3D('',#5502,#4547,#4548);
#3995=AXIS2_PLACEMENT_3D('',#5504,#4549,#4550);
#3996=AXIS2_PLACEMENT_3D('',#5512,#4551,#4552);
#3997=AXIS2_PLACEMENT_3D('',#5514,#4553,#4554);
#3998=AXIS2_PLACEMENT_3D('',#5523,#4556,#4557);
#3999=AXIS2_PLACEMENT_3D('',#5527,#4559,#4560);
#4000=AXIS2_PLACEMENT_3D('',#5529,#4561,#4562);
#4001=AXIS2_PLACEMENT_3D('',#5531,#4563,#4564);
#4002=AXIS2_PLACEMENT_3D('',#5532,#4565,#4566);
#4003=AXIS2_PLACEMENT_3D('',#5535,#4567,#4568);
#4004=AXIS2_PLACEMENT_3D('',#5537,#4569,#4570);
#4005=AXIS2_PLACEMENT_3D('',#5539,#4571,#4572);
#4006=AXIS2_PLACEMENT_3D('',#5541,#4573,#4574);
#4007=AXIS2_PLACEMENT_3D('',#5543,#4575,#4576);
#4008=AXIS2_PLACEMENT_3D('',#5545,#4577,#4578);
#4009=AXIS2_PLACEMENT_3D('',#5547,#4579,#4580);
#4010=AXIS2_PLACEMENT_3D('',#5549,#4581,#4582);
#4011=AXIS2_PLACEMENT_3D('',#5559,#4584,#4585);
#4012=AXIS2_PLACEMENT_3D('',#5561,#4586,#4587);
#4013=AXIS2_PLACEMENT_3D('',#5570,#4589,#4590);
#4014=AXIS2_PLACEMENT_3D('',#5572,#4591,#4592);
#4015=AXIS2_PLACEMENT_3D('',#5574,#4593,#4594);
#4016=AXIS2_PLACEMENT_3D('',#5634,#4609,#4610);
#4017=AXIS2_PLACEMENT_3D('',#5636,#4611,#4612);
#4018=AXIS2_PLACEMENT_3D('',#5640,#4614,#4615);
#4019=AXIS2_PLACEMENT_3D('',#5642,#4616,#4617);
#4020=AXIS2_PLACEMENT_3D('',#5653,#4623,#4624);
#4021=AXIS2_PLACEMENT_3D('',#5656,#4626,#4627);
#4022=AXIS2_PLACEMENT_3D('',#5662,#4628,#4629);
#4023=AXIS2_PLACEMENT_3D('',#5663,#4630,#4631);
#4024=AXIS2_PLACEMENT_3D('',#5724,#4632,#4633);
#4025=AXIS2_PLACEMENT_3D('',#5779,#4635,#4636);
#4026=AXIS2_PLACEMENT_3D('',#5780,#4637,#4638);
#4027=AXIS2_PLACEMENT_3D('',#5786,#4639,#4640);
#4028=AXIS2_PLACEMENT_3D('',#5787,#4641,#4642);
#4029=AXIS2_PLACEMENT_3D('',#5793,#4643,#4644);
#4030=AXIS2_PLACEMENT_3D('',#5794,#4645,#4646);
#4031=AXIS2_PLACEMENT_3D('',#5800,#4647,#4648);
#4032=AXIS2_PLACEMENT_3D('',#5801,#4649,#4650);
#4033=AXIS2_PLACEMENT_3D('',#5804,#4652,#4653);
#4034=AXIS2_PLACEMENT_3D('',#5805,#4654,#4655);
#4035=AXIS2_PLACEMENT_3D('',#5808,#4657,#4658);
#4036=AXIS2_PLACEMENT_3D('',#5809,#4659,#4660);
#4037=AXIS2_PLACEMENT_3D('',#5855,#4661,#4662);
#4038=AXIS2_PLACEMENT_3D('',#5856,#4663,#4664);
#4039=AXIS2_PLACEMENT_3D('',#5859,#4666,#4667);
#4040=AXIS2_PLACEMENT_3D('',#5860,#4668,#4669);
#4041=AXIS2_PLACEMENT_3D('',#5866,#4670,#4671);
#4042=AXIS2_PLACEMENT_3D('',#5904,#4673,#4674);
#4043=AXIS2_PLACEMENT_3D('',#5905,#4675,#4676);
#4044=AXIS2_PLACEMENT_3D('',#5908,#4678,#4679);
#4045=AXIS2_PLACEMENT_3D('',#5912,#4682,#4683);
#4046=AXIS2_PLACEMENT_3D('',#5913,#4684,#4685);
#4047=AXIS2_PLACEMENT_3D('',#5919,#4686,#4687);
#4048=AXIS2_PLACEMENT_3D('',#5920,#4688,#4689);
#4049=AXIS2_PLACEMENT_3D('',#5921,#4690,#4691);
#4050=AXIS2_PLACEMENT_3D('',#5927,#4692,#4693);
#4051=AXIS2_PLACEMENT_3D('',#5933,#4694,#4695);
#4052=AXIS2_PLACEMENT_3D('',#5934,#4696,#4697);
#4053=AXIS2_PLACEMENT_3D('',#5940,#4698,#4699);
#4054=AXIS2_PLACEMENT_3D('',#5941,#4700,#4701);
#4055=AXIS2_PLACEMENT_3D('',#5947,#4702,#4703);
#4056=AXIS2_PLACEMENT_3D('',#5948,#4704,#4705);
#4057=AXIS2_PLACEMENT_3D('',#5954,#4706,#4707);
#4058=AXIS2_PLACEMENT_3D('',#5955,#4708,#4709);
#4059=AXIS2_PLACEMENT_3D('',#5961,#4710,#4711);
#4060=AXIS2_PLACEMENT_3D('',#5962,#4712,#4713);
#4061=AXIS2_PLACEMENT_3D('',#5968,#4714,#4715);
#4062=AXIS2_PLACEMENT_3D('',#5969,#4716,#4717);
#4063=AXIS2_PLACEMENT_3D('',#5972,#4719,#4720);
#4064=AXIS2_PLACEMENT_3D('',#5973,#4721,#4722);
#4065=AXIS2_PLACEMENT_3D('',#5979,#4723,#4724);
#4066=AXIS2_PLACEMENT_3D('',#5980,#4725,#4726);
#4067=AXIS2_PLACEMENT_3D('',#5981,#4727,#4728);
#4068=AXIS2_PLACEMENT_3D('',#5987,#4732,#4733);
#4069=AXIS2_PLACEMENT_3D('',#6058,#4735,#4736);
#4070=AXIS2_PLACEMENT_3D('',#6059,#4737,#4738);
#4071=AXIS2_PLACEMENT_3D('',#6065,#4739,#4740);
#4072=AXIS2_PLACEMENT_3D('',#6066,#4741,#4742);
#4073=AXIS2_PLACEMENT_3D('',#6069,#4744,#4745);
#4074=AXIS2_PLACEMENT_3D('',#6076,#4747,#4748);
#4075=AXIS2_PLACEMENT_3D('',#6086,#4749,#4750);
#4076=AXIS2_PLACEMENT_3D('',#6087,#4751,#4752);
#4077=AXIS2_PLACEMENT_3D('',#6093,#4753,#4754);
#4078=AXIS2_PLACEMENT_3D('',#6094,#4755,#4756);
#4079=AXIS2_PLACEMENT_3D('',#6100,#4757,#4758);
#4080=AXIS2_PLACEMENT_3D('',#6101,#4759,#4760);
#4081=AXIS2_PLACEMENT_3D('',#6104,#4762,#4763);
#4082=AXIS2_PLACEMENT_3D('',#6161,#4765,#4766);
#4083=AXIS2_PLACEMENT_3D('',#6165,#4769,#4770);
#4084=AXIS2_PLACEMENT_3D('',#6167,#4772,#4773);
#4085=AXIS2_PLACEMENT_3D('',#6173,#4777,#4778);
#4086=AXIS2_PLACEMENT_3D('',#6177,#4781,#4782);
#4087=AXIS2_PLACEMENT_3D('',#6181,#4785,#4786);
#4088=AXIS2_PLACEMENT_3D('',#6183,#4788,#4789);
#4089=AXIS2_PLACEMENT_3D('',#6240,#4792,#4793);
#4090=AXIS2_PLACEMENT_3D('',#6244,#4796,#4797);
#4091=AXIS2_PLACEMENT_3D('',#6248,#4800,#4801);
#4092=AXIS2_PLACEMENT_3D('',#6309,#4803,#4804);
#4093=AXIS2_PLACEMENT_3D('',#6364,#4806,#4807);
#4094=AXIS2_PLACEMENT_3D('',#6368,#4810,#4811);
#4095=AXIS2_PLACEMENT_3D('',#6461,#4813,#4814);
#4096=AXIS2_PLACEMENT_3D('',#6462,#4815,#4816);
#4097=AXIS2_PLACEMENT_3D('',#6468,#4817,#4818);
#4098=AXIS2_PLACEMENT_3D('',#6469,#4819,#4820);
#4099=AXIS2_PLACEMENT_3D('',#6472,#4822,#4823);
#4100=AXIS2_PLACEMENT_3D('',#6479,#4825,#4826);
#4101=AXIS2_PLACEMENT_3D('',#6480,#4827,#4828);
#4102=AXIS2_PLACEMENT_3D('',#6486,#4829,#4830);
#4103=AXIS2_PLACEMENT_3D('',#6487,#4831,#4832);
#4104=AXIS2_PLACEMENT_3D('',#6490,#4834,#4835);
#4105=AXIS2_PLACEMENT_3D('',#6494,#4838,#4839);
#4106=AXIS2_PLACEMENT_3D('',#6498,#4842,#4843);
#4107=AXIS2_PLACEMENT_3D('',#6502,#4846,#4847);
#4108=AXIS2_PLACEMENT_3D('',#6504,#4849,#4850);
#4109=AXIS2_PLACEMENT_3D('',#6505,#4851,#4852);
#4110=AXIS2_PLACEMENT_3D('',#6506,#4853,#4854);
#4111=AXIS2_PLACEMENT_3D('',#6509,#4855,#4856);
#4112=AXIS2_PLACEMENT_3D('',#6513,#4858,#4859);
#4113=AXIS2_PLACEMENT_3D('',#6515,#4860,#4861);
#4114=AXIS2_PLACEMENT_3D('',#6517,#4862,#4863);
#4115=AXIS2_PLACEMENT_3D('',#6518,#4864,#4865);
#4116=AXIS2_PLACEMENT_3D('',#6519,#4866,#4867);
#4117=AXIS2_PLACEMENT_3D('',#6522,#4868,#4869);
#4118=AXIS2_PLACEMENT_3D('',#6524,#4870,#4871);
#4119=AXIS2_PLACEMENT_3D('',#6528,#4873,#4874);
#4120=AXIS2_PLACEMENT_3D('',#6530,#4875,#4876);
#4121=AXIS2_PLACEMENT_3D('',#6532,#4877,#4878);
#4122=AXIS2_PLACEMENT_3D('',#6534,#4879,#4880);
#4123=AXIS2_PLACEMENT_3D('',#6543,#4881,#4882);
#4124=AXIS2_PLACEMENT_3D('',#6544,#4883,#4884);
#4125=AXIS2_PLACEMENT_3D('',#6545,#4885,#4886);
#4126=AXIS2_PLACEMENT_3D('',#6546,#4887,#4888);
#4127=AXIS2_PLACEMENT_3D('',#6547,#4889,#4890);
#4128=AXIS2_PLACEMENT_3D('',#6561,#4894,#4895);
#4129=AXIS2_PLACEMENT_3D('',#6562,#4896,#4897);
#4130=AXIS2_PLACEMENT_3D('',#6563,#4898,#4899);
#4131=AXIS2_PLACEMENT_3D('',#6571,#4901,#4902);
#4132=AXIS2_PLACEMENT_3D('',#6572,#4903,#4904);
#4133=AXIS2_PLACEMENT_3D('',#6578,#4905,#4906);
#4134=AXIS2_PLACEMENT_3D('',#6579,#4907,#4908);
#4135=AXIS2_PLACEMENT_3D('',#6585,#4909,#4910);
#4136=AXIS2_PLACEMENT_3D('',#6586,#4911,#4912);
#4137=AXIS2_PLACEMENT_3D('',#6592,#4913,#4914);
#4138=AXIS2_PLACEMENT_3D('',#6593,#4915,#4916);
#4139=AXIS2_PLACEMENT_3D('',#6596,#4918,#4919);
#4140=AXIS2_PLACEMENT_3D('',#6598,#4921,#4922);
#4141=AXIS2_PLACEMENT_3D('',#6599,#4923,#4924);
#4142=AXIS2_PLACEMENT_3D('',#6610,#4925,#4926);
#4143=AXIS2_PLACEMENT_3D('',#6611,#4927,#4928);
#4144=AXIS2_PLACEMENT_3D('',#6617,#4929,#4930);
#4145=AXIS2_PLACEMENT_3D('',#6618,#4931,#4932);
#4146=AXIS2_PLACEMENT_3D('',#6684,#4934,#4935);
#4147=AXIS2_PLACEMENT_3D('',#6685,#4936,#4937);
#4148=AXIS2_PLACEMENT_3D('',#6691,#4938,#4939);
#4149=AXIS2_PLACEMENT_3D('',#6692,#4940,#4941);
#4150=AXIS2_PLACEMENT_3D('',#6698,#4942,#4943);
#4151=AXIS2_PLACEMENT_3D('',#6699,#4944,#4945);
#4152=AXIS2_PLACEMENT_3D('',#6705,#4946,#4947);
#4153=AXIS2_PLACEMENT_3D('',#6706,#4948,#4949);
#4154=AXIS2_PLACEMENT_3D('',#6712,#4950,#4951);
#4155=AXIS2_PLACEMENT_3D('',#6719,#4953,#4954);
#4156=AXIS2_PLACEMENT_3D('',#6720,#4955,#4956);
#4157=AXIS2_PLACEMENT_3D('',#6721,#4957,#4958);
#4158=AXIS2_PLACEMENT_3D('',#6722,#4959,#4960);
#4159=AXIS2_PLACEMENT_3D('',#6787,#4961,#4962);
#4160=AXIS2_PLACEMENT_3D('',#6791,#4965,#4966);
#4161=AXIS2_PLACEMENT_3D('',#6795,#4969,#4970);
#4162=AXIS2_PLACEMENT_3D('',#6797,#4972,#4973);
#4163=AXIS2_PLACEMENT_3D('',#6798,#4974,#4975);
#4164=AXIS2_PLACEMENT_3D('',#6799,#4976,#4977);
#4165=AXIS2_PLACEMENT_3D('',#6824,#4990,#4991);
#4166=AXIS2_PLACEMENT_3D('',#6825,#4992,#4993);
#4167=AXIS2_PLACEMENT_3D('',#6826,#4994,#4995);
#4168=AXIS2_PLACEMENT_3D('',#6832,#4999,#5000);
#4169=AXIS2_PLACEMENT_3D('',#6836,#5003,#5004);
#4170=AXIS2_PLACEMENT_3D('',#6840,#5007,#5008);
#4171=AXIS2_PLACEMENT_3D('',#6842,#5010,#5011);
#4172=AXIS2_PLACEMENT_3D('',#6848,#5015,#5016);
#4173=AXIS2_PLACEMENT_3D('',#6852,#5019,#5020);
#4174=AXIS2_PLACEMENT_3D('',#6856,#5023,#5024);
#4175=AXIS2_PLACEMENT_3D('',#6860,#5027,#5028);
#4176=AXIS2_PLACEMENT_3D('',#6864,#5031,#5032);
#4177=AXIS2_PLACEMENT_3D('',#6868,#5035,#5036);
#4178=AXIS2_PLACEMENT_3D('',#6872,#5039,#5040);
#4179=AXIS2_PLACEMENT_3D('',#6874,#5042,#5043);
#4180=AXIS2_PLACEMENT_3D('',#6875,#5044,#5045);
#4181=AXIS2_PLACEMENT_3D('',#6882,#5049,#5050);
#4182=AXIS2_PLACEMENT_3D('',#6888,#5054,#5055);
#4183=AXIS2_PLACEMENT_3D('',#6892,#5058,#5059);
#4184=AXIS2_PLACEMENT_3D('',#6894,#5061,#5062);
#4185=AXIS2_PLACEMENT_3D('',#6895,#5063,#5064);
#4186=DIRECTION('',(0.,0.,1.));
#4187=DIRECTION('',(1.,0.,0.));
#4188=DIRECTION('',(0.,0.,-1.));
#4189=DIRECTION('',(-1.,0.,0.));
#4190=DIRECTION('',(0.,0.,-1.));
#4191=DIRECTION('',(-1.,0.,0.));
#4192=DIRECTION('',(0.,0.,1.));
#4193=DIRECTION('',(0.,0.,-1.));
#4194=DIRECTION('',(-1.,0.,0.));
#4195=DIRECTION('',(0.,0.,-1.));
#4196=DIRECTION('',(0.,0.,-1.));
#4197=DIRECTION('',(-1.,0.,0.));
#4198=DIRECTION('',(0.,0.,-1.));
#4199=DIRECTION('',(-1.,0.,0.));
#4200=DIRECTION('',(0.,0.,1.));
#4201=DIRECTION('',(0.,0.,-1.));
#4202=DIRECTION('',(-1.,0.,0.));
#4203=DIRECTION('',(0.,0.,-1.));
#4204=DIRECTION('',(0.,0.,-1.));
#4205=DIRECTION('',(-1.,0.,0.));
#4206=DIRECTION('',(0.,0.,-1.));
#4207=DIRECTION('',(-1.,0.,0.));
#4208=DIRECTION('',(0.,0.,1.));
#4209=DIRECTION('',(0.,0.,-1.));
#4210=DIRECTION('',(-1.,0.,0.));
#4211=DIRECTION('',(0.,0.,-1.));
#4212=DIRECTION('',(0.,0.,-1.));
#4213=DIRECTION('',(-1.,0.,0.));
#4214=DIRECTION('',(0.,0.,-1.));
#4215=DIRECTION('',(-1.,0.,0.));
#4216=DIRECTION('',(0.,0.,1.));
#4217=DIRECTION('',(0.,0.,-1.));
#4218=DIRECTION('',(-1.,0.,0.));
#4219=DIRECTION('',(0.,0.,-1.));
#4220=DIRECTION('',(0.,0.,-1.));
#4221=DIRECTION('',(-1.,0.,0.));
#4222=DIRECTION('',(0.,0.,-1.));
#4223=DIRECTION('',(-1.,0.,0.));
#4224=DIRECTION('',(0.,0.,1.));
#4225=DIRECTION('',(0.,0.,-1.));
#4226=DIRECTION('',(-1.,0.,0.));
#4227=DIRECTION('',(0.,0.,-1.));
#4228=DIRECTION('',(0.,0.,-1.));
#4229=DIRECTION('',(-1.,0.,0.));
#4230=DIRECTION('',(0.,0.,-1.));
#4231=DIRECTION('',(-1.,0.,0.));
#4232=DIRECTION('',(0.,0.,1.));
#4233=DIRECTION('',(0.,0.,-1.));
#4234=DIRECTION('',(-1.,0.,0.));
#4235=DIRECTION('',(0.,0.,-1.));
#4236=DIRECTION('',(0.,0.,-1.));
#4237=DIRECTION('',(-1.,0.,0.));
#4238=DIRECTION('',(0.,0.,-1.));
#4239=DIRECTION('',(-1.,0.,0.));
#4240=DIRECTION('',(0.,0.,1.));
#4241=DIRECTION('',(0.,0.,-1.));
#4242=DIRECTION('',(-1.,0.,0.));
#4243=DIRECTION('',(0.,0.,-1.));
#4244=DIRECTION('',(0.,0.,-1.));
#4245=DIRECTION('',(-1.,0.,0.));
#4246=DIRECTION('',(0.,0.,-1.));
#4247=DIRECTION('',(-1.,0.,0.));
#4248=DIRECTION('',(0.,0.,-1.));
#4249=DIRECTION('',(0.,0.,-1.));
#4250=DIRECTION('',(-1.,0.,0.));
#4251=DIRECTION('',(0.,0.,-1.));
#4252=DIRECTION('',(0.,0.,-1.));
#4253=DIRECTION('',(-1.,0.,0.));
#4254=DIRECTION('',(0.,0.,-1.));
#4255=DIRECTION('',(-1.,0.,0.));
#4256=DIRECTION('',(0.,0.,-1.));
#4257=DIRECTION('',(-1.,0.,0.));
#4258=DIRECTION('',(0.,0.,1.));
#4259=DIRECTION('',(1.,0.,0.));
#4260=DIRECTION('',(0.,0.,1.));
#4261=DIRECTION('',(1.,0.,0.));
#4262=DIRECTION('',(0.,0.,1.));
#4263=DIRECTION('',(1.,0.,0.));
#4264=DIRECTION('',(0.,0.,1.));
#4265=DIRECTION('',(1.,0.,0.));
#4266=DIRECTION('',(0.,0.,1.));
#4267=DIRECTION('',(1.,0.,0.));
#4268=DIRECTION('',(0.,0.,1.));
#4269=DIRECTION('',(1.,0.,0.));
#4270=DIRECTION('',(0.,0.,1.));
#4271=DIRECTION('',(1.,0.,0.));
#4272=DIRECTION('',(0.,0.,1.));
#4273=DIRECTION('',(1.,0.,0.));
#4274=DIRECTION('',(0.,0.,1.));
#4275=DIRECTION('',(1.,0.,0.));
#4276=DIRECTION('',(0.,0.,1.));
#4277=DIRECTION('',(1.,0.,0.));
#4278=DIRECTION('',(0.,0.,1.));
#4279=DIRECTION('',(1.,0.,0.));
#4280=DIRECTION('',(0.,0.,-1.));
#4281=DIRECTION('',(-1.,0.,0.));
#4282=DIRECTION('',(0.,0.,-1.));
#4283=DIRECTION('',(-1.,0.,0.));
#4284=DIRECTION('',(0.,0.,-1.));
#4285=DIRECTION('',(-1.,0.,0.));
#4286=DIRECTION('',(0.,0.,-1.));
#4287=DIRECTION('',(-1.,0.,0.));
#4288=DIRECTION('',(0.,0.,-1.));
#4289=DIRECTION('',(-1.,0.,0.));
#4290=DIRECTION('',(0.,0.,1.));
#4291=DIRECTION('',(1.,0.,0.));
#4292=DIRECTION('',(0.,0.,1.));
#4293=DIRECTION('',(1.,0.,0.));
#4294=DIRECTION('',(0.,0.,1.));
#4295=DIRECTION('',(1.,0.,0.));
#4296=DIRECTION('',(0.,1.,0.));
#4297=DIRECTION('',(0.,1.,0.));
#4298=DIRECTION('',(-1.,-1.084202172486E-16,0.));
#4299=DIRECTION('',(0.,1.,0.));
#4300=DIRECTION('',(0.,0.,-1.));
#4301=DIRECTION('',(-1.,0.,0.));
#4302=DIRECTION('',(0.,1.,0.));
#4303=DIRECTION('',(0.,0.,-1.));
#4304=DIRECTION('',(-1.,0.,0.));
#4305=DIRECTION('',(0.,1.,0.));
#4306=DIRECTION('',(0.,0.,-1.));
#4307=DIRECTION('',(-1.,0.,0.));
#4308=DIRECTION('',(0.,1.,0.));
#4309=DIRECTION('',(0.,0.,-1.));
#4310=DIRECTION('',(-1.,0.,0.));
#4311=DIRECTION('',(0.,1.,0.));
#4312=DIRECTION('',(0.,0.,-1.));
#4313=DIRECTION('',(-1.,0.,0.));
#4314=DIRECTION('',(0.,1.,0.));
#4315=DIRECTION('',(0.,0.,-1.));
#4316=DIRECTION('',(-1.,0.,0.));
#4317=DIRECTION('',(0.,1.,0.));
#4318=DIRECTION('',(0.,0.,-1.));
#4319=DIRECTION('',(-1.,0.,0.));
#4320=DIRECTION('',(0.,1.,0.));
#4321=DIRECTION('',(0.,0.,-1.));
#4322=DIRECTION('',(-1.,0.,0.));
#4323=DIRECTION('',(0.,1.,0.));
#4324=DIRECTION('',(1.,1.084202172486E-16,0.));
#4325=DIRECTION('',(0.,1.,0.));
#4326=DIRECTION('',(0.,1.,0.));
#4327=DIRECTION('',(0.,1.,0.));
#4328=DIRECTION('',(0.,1.,0.));
#4329=DIRECTION('',(0.,1.,0.));
#4330=DIRECTION('',(0.,1.,0.));
#4331=DIRECTION('',(0.,1.,0.));
#4332=DIRECTION('',(-1.,0.,0.));
#4333=DIRECTION('',(0.,0.,1.));
#4334=DIRECTION('',(0.,1.,0.));
#4335=DIRECTION('',(-1.,0.,0.));
#4336=DIRECTION('',(0.,0.,1.));
#4337=DIRECTION('',(0.,1.,0.));
#4338=DIRECTION('',(0.,0.,1.));
#4339=DIRECTION('',(-1.084202172486E-16,1.,0.));
#4340=DIRECTION('',(-1.,-1.084202172486E-16,0.));
#4341=DIRECTION('',(1.,0.,0.));
#4342=DIRECTION('',(0.,0.,-1.));
#4343=DIRECTION('',(1.,0.,0.));
#4344=DIRECTION('',(0.,0.,-1.));
#4345=DIRECTION('',(0.,1.,0.));
#4346=DIRECTION('',(0.,0.,-1.));
#4347=DIRECTION('',(0.,0.,-1.));
#4348=DIRECTION('',(-1.,0.,0.));
#4349=DIRECTION('',(0.,0.,-1.));
#4350=DIRECTION('',(-1.,0.,0.));
#4351=DIRECTION('',(0.,0.,-1.));
#4352=DIRECTION('',(1.,0.,0.));
#4353=DIRECTION('',(0.,0.,-1.));
#4354=DIRECTION('',(0.,1.,0.));
#4355=DIRECTION('',(0.,0.,-1.));
#4356=DIRECTION('',(0.,0.,-1.));
#4357=DIRECTION('',(-1.,0.,0.));
#4358=DIRECTION('',(0.,0.,-1.));
#4359=DIRECTION('',(-1.,0.,0.));
#4360=DIRECTION('',(0.,0.,-1.));
#4361=DIRECTION('',(1.,0.,0.));
#4362=DIRECTION('',(0.,0.,-1.));
#4363=DIRECTION('',(0.,1.,0.));
#4364=DIRECTION('',(0.,0.,-1.));
#4365=DIRECTION('',(0.,0.,-1.));
#4366=DIRECTION('',(-1.,0.,0.));
#4367=DIRECTION('',(0.,0.,-1.));
#4368=DIRECTION('',(-1.,0.,0.));
#4369=DIRECTION('',(0.,0.,-1.));
#4370=DIRECTION('',(1.,0.,0.));
#4371=DIRECTION('',(0.,0.,-1.));
#4372=DIRECTION('',(0.,1.,0.));
#4373=DIRECTION('',(0.,0.,-1.));
#4374=DIRECTION('',(0.,0.,-1.));
#4375=DIRECTION('',(-1.,0.,0.));
#4376=DIRECTION('',(0.,0.,-1.));
#4377=DIRECTION('',(-1.,0.,0.));
#4378=DIRECTION('',(0.,0.,-1.));
#4379=DIRECTION('',(1.,0.,0.));
#4380=DIRECTION('',(0.,0.,-1.));
#4381=DIRECTION('',(0.,1.,0.));
#4382=DIRECTION('',(0.,0.,-1.));
#4383=DIRECTION('',(0.,0.,-1.));
#4384=DIRECTION('',(-1.,0.,0.));
#4385=DIRECTION('',(0.,0.,-1.));
#4386=DIRECTION('',(-1.,0.,0.));
#4387=DIRECTION('',(0.,0.,-1.));
#4388=DIRECTION('',(1.,0.,0.));
#4389=DIRECTION('',(0.,0.,-1.));
#4390=DIRECTION('',(0.,1.,0.));
#4391=DIRECTION('',(0.,0.,-1.));
#4392=DIRECTION('',(0.,0.,-1.));
#4393=DIRECTION('',(-1.,0.,0.));
#4394=DIRECTION('',(0.,0.,-1.));
#4395=DIRECTION('',(-1.,0.,0.));
#4396=DIRECTION('',(0.,0.,-1.));
#4397=DIRECTION('',(1.,0.,0.));
#4398=DIRECTION('',(0.,0.,-1.));
#4399=DIRECTION('',(0.,1.,0.));
#4400=DIRECTION('',(0.,0.,-1.));
#4401=DIRECTION('',(0.,0.,-1.));
#4402=DIRECTION('',(-1.,0.,0.));
#4403=DIRECTION('',(0.,0.,-1.));
#4404=DIRECTION('',(-1.,0.,0.));
#4405=DIRECTION('',(0.,0.,-1.));
#4406=DIRECTION('',(1.,0.,0.));
#4407=DIRECTION('',(0.,0.,-1.));
#4408=DIRECTION('',(0.,1.,0.));
#4409=DIRECTION('',(0.,0.,-1.));
#4410=DIRECTION('',(0.,0.,-1.));
#4411=DIRECTION('',(-1.,0.,0.));
#4412=DIRECTION('',(0.,0.,-1.));
#4413=DIRECTION('',(-1.,0.,0.));
#4414=DIRECTION('',(0.,0.,-1.));
#4415=DIRECTION('',(1.,0.,0.));
#4416=DIRECTION('',(0.,0.,-1.));
#4417=DIRECTION('',(0.,1.,0.));
#4418=DIRECTION('',(0.,0.,1.));
#4419=DIRECTION('',(1.084202172486E-16,-1.,0.));
#4420=DIRECTION('',(1.,1.084202172486E-16,0.));
#4421=DIRECTION('',(1.,0.,0.));
#4422=DIRECTION('',(0.,0.,1.));
#4423=DIRECTION('',(-1.,0.,0.));
#4424=DIRECTION('',(0.,0.,1.));
#4425=DIRECTION('',(0.,1.,0.));
#4426=DIRECTION('',(-1.,0.,0.));
#4427=DIRECTION('',(0.,0.,1.));
#4428=DIRECTION('',(0.,1.,0.));
#4429=DIRECTION('',(-1.,0.,0.));
#4430=DIRECTION('',(0.,0.,1.));
#4431=DIRECTION('',(0.,1.,0.));
#4432=DIRECTION('',(-1.,0.,0.));
#4433=DIRECTION('',(0.,0.,1.));
#4434=DIRECTION('',(0.,1.,0.));
#4435=DIRECTION('',(-1.,0.,0.));
#4436=DIRECTION('',(0.,0.,1.));
#4437=DIRECTION('',(0.,1.,0.));
#4438=DIRECTION('',(-1.,0.,0.));
#4439=DIRECTION('',(0.,0.,1.));
#4440=DIRECTION('',(0.,1.,0.));
#4441=DIRECTION('',(-1.,0.,0.));
#4442=DIRECTION('',(0.,0.,1.));
#4443=DIRECTION('',(0.,1.,0.));
#4444=DIRECTION('',(0.,0.,1.));
#4445=DIRECTION('',(1.,0.,0.));
#4446=DIRECTION('',(0.,1.,0.));
#4447=DIRECTION('',(1.,0.,0.));
#4448=DIRECTION('',(0.,1.,0.));
#4449=DIRECTION('',(1.,0.,0.));
#4450=DIRECTION('',(0.,1.,0.));
#4451=DIRECTION('',(1.,0.,0.));
#4452=DIRECTION('',(1.,0.,0.));
#4453=DIRECTION('',(0.,1.,0.));
#4454=DIRECTION('',(1.,0.,0.));
#4455=DIRECTION('',(0.,1.,0.));
#4456=DIRECTION('',(-1.,0.,0.));
#4457=DIRECTION('',(0.,0.,1.));
#4458=DIRECTION('',(1.,0.,0.));
#4459=DIRECTION('',(0.,-1.,0.));
#4460=DIRECTION('',(0.,0.,-1.));
#4461=DIRECTION('',(0.,1.,0.));
#4462=DIRECTION('',(-1.,-1.734723475977E-16,0.));
#4463=DIRECTION('',(1.734723475977E-16,-1.,0.));
#4464=DIRECTION('',(1.,1.734723475977E-16,0.));
#4465=DIRECTION('',(1.334402673828E-16,-1.,0.));
#4466=DIRECTION('',(1.,1.334402673828E-16,0.));
#4467=DIRECTION('',(-1.334402673828E-16,1.,0.));
#4468=DIRECTION('',(1.,1.239088197126E-16,0.));
#4469=DIRECTION('',(-1.239088197126E-16,1.,0.));
#4470=DIRECTION('',(-1.,-1.239088197126E-16,0.));
#4471=DIRECTION('',(0.,1.,0.));
#4472=DIRECTION('',(0.,0.,1.));
#4473=DIRECTION('',(0.,1.,0.));
#4474=DIRECTION('',(1.,0.,0.));
#4475=DIRECTION('',(0.,0.,-1.));
#4476=DIRECTION('',(0.,1.,0.));
#4477=DIRECTION('',(0.,0.,-1.));
#4478=DIRECTION('',(0.,0.,1.));
#4479=DIRECTION('',(0.,1.,0.));
#4480=DIRECTION('',(0.,0.,1.));
#4481=DIRECTION('',(1.,0.,0.));
#4482=DIRECTION('',(0.,0.,1.));
#4483=DIRECTION('',(-1.,0.,0.));
#4484=DIRECTION('',(0.,0.,1.));
#4485=DIRECTION('',(0.,1.,0.));
#4486=DIRECTION('',(0.,0.,-1.));
#4487=DIRECTION('',(0.,-1.,0.));
#4488=DIRECTION('',(0.,0.,-1.));
#4489=DIRECTION('',(1.,0.,0.));
#4490=DIRECTION('',(0.,-1.,0.));
#4491=DIRECTION('',(0.,0.,-1.));
#4492=DIRECTION('',(0.,0.,-1.));
#4493=DIRECTION('',(-1.,0.,0.));
#4494=DIRECTION('',(0.,0.,1.));
#4495=DIRECTION('',(1.,0.,0.));
#4496=DIRECTION('',(0.,0.,-1.));
#4497=DIRECTION('',(0.,0.,1.));
#4498=DIRECTION('',(0.,-1.,0.));
#4499=DIRECTION('',(1.734723475977E-16,-1.,0.));
#4500=DIRECTION('',(1.,1.734723475977E-16,0.));
#4501=DIRECTION('',(0.,0.,1.));
#4502=DIRECTION('',(-1.,-1.734723475977E-16,0.));
#4503=DIRECTION('',(1.,1.334402673828E-16,0.));
#4504=DIRECTION('',(-1.334402673828E-16,1.,0.));
#4505=DIRECTION('',(0.,0.,1.));
#4506=DIRECTION('',(1.334402673828E-16,-1.,0.));
#4507=DIRECTION('',(-1.239088197126E-16,1.,0.));
#4508=DIRECTION('',(-1.,-1.239088197126E-16,0.));
#4509=DIRECTION('',(0.,0.,1.));
#4510=DIRECTION('',(1.,1.239088197126E-16,0.));
#4511=DIRECTION('',(-1.,0.,0.));
#4512=DIRECTION('',(0.,0.,1.));
#4513=DIRECTION('',(0.,1.,0.));
#4514=DIRECTION('',(0.,0.,1.));
#4515=DIRECTION('',(1.,0.,0.));
#4516=DIRECTION('',(-1.,0.,0.));
#4517=DIRECTION('',(0.,0.,1.));
#4518=DIRECTION('',(-1.,0.,0.));
#4519=DIRECTION('',(0.,-1.,0.));
#4520=DIRECTION('',(0.,0.,-1.));
#4521=DIRECTION('',(0.,-1.,0.));
#4522=DIRECTION('',(-1.,-1.734723475977E-16,0.));
#4523=DIRECTION('',(1.734723475977E-16,-1.,0.));
#4524=DIRECTION('',(-1.,-1.734723475977E-16,0.));
#4525=DIRECTION('',(1.334402673828E-16,-1.,0.));
#4526=DIRECTION('',(1.,1.334402673828E-16,0.));
#4527=DIRECTION('',(1.334402673828E-16,-1.,0.));
#4528=DIRECTION('',(1.,1.239088197126E-16,0.));
#4529=DIRECTION('',(-1.239088197126E-16,1.,0.));
#4530=DIRECTION('',(1.,1.239088197126E-16,0.));
#4531=DIRECTION('',(0.,1.,0.));
#4532=DIRECTION('',(0.,0.,1.));
#4533=DIRECTION('',(0.,1.,0.));
#4534=DIRECTION('',(0.,0.,-1.));
#4535=DIRECTION('',(-1.,0.,0.));
#4536=DIRECTION('',(-3.76163073121997E-17,3.66420664649439E-16,1.));
#4537=DIRECTION('',(0.,-1.,3.66420664649439E-16));
#4538=DIRECTION('',(0.999995024368157,0.00315455843649249,0.));
#4539=DIRECTION('',(-8.69173946381105E-16,2.53414685726342E-15,1.));
#4540=DIRECTION('',(0.,-1.,2.53414685726342E-15));
#4541=DIRECTION('',(5.32877641484318E-16,-2.0395794572686E-16,1.));
#4542=DIRECTION('',(1.,0.,-5.32877641484318E-16));
#4543=DIRECTION('',(-4.56650081667035E-16,-1.76046812559393E-16,1.));
#4544=DIRECTION('',(1.,0.,4.56650081667035E-16));
#4545=DIRECTION('',(9.9579925010296E-17,2.21246474478801E-16,1.));
#4546=DIRECTION('',(0.,-1.,2.21246474478801E-16));
#4547=DIRECTION('',(-2.05363791253196E-16,5.28527534603962E-16,1.));
#4548=DIRECTION('',(0.,-1.,5.28527534603962E-16));
#4549=DIRECTION('',(-2.08479225623278E-16,4.30086944930897E-16,1.));
#4550=DIRECTION('',(0.,-1.,4.30086944930897E-16));
#4551=DIRECTION('',(-4.11674647074505E-16,5.86229156953127E-17,1.));
#4552=DIRECTION('',(1.,0.,4.11674647074505E-16));
#4553=DIRECTION('',(1.52789597068333E-15,3.13894633110871E-15,1.));
#4554=DIRECTION('',(0.,-1.,3.13894633110871E-15));
#4555=DIRECTION('',(-0.999998667224655,-0.00163265088526444,0.));
#4556=DIRECTION('',(1.04930025521326E-16,-2.97813468322781E-16,1.));
#4557=DIRECTION('',(0.,-1.,-2.97813468322781E-16));
#4558=DIRECTION('',(-0.625636533037833,-0.780114689342792,0.));
#4559=DIRECTION('',(-1.30029165601503E-16,7.16518562149075E-16,1.));
#4560=DIRECTION('',(0.,-1.,7.16518562149075E-16));
#4561=DIRECTION('',(-1.06342312334323E-15,-5.20528170409087E-16,1.));
#4562=DIRECTION('',(1.,0.,1.06342312334323E-15));
#4563=DIRECTION('',(4.43696309700617E-16,-1.34189107825461E-15,1.));
#4564=DIRECTION('',(0.,-1.,-1.34189107825461E-15));
#4565=DIRECTION('',(-1.40612909891415E-15,9.97555804081363E-16,1.));
#4566=DIRECTION('',(1.,0.,1.40612909891415E-15));
#4567=DIRECTION('',(4.02847344634305E-16,1.06487137024496E-15,1.));
#4568=DIRECTION('',(0.,-1.,1.06487137024496E-15));
#4569=DIRECTION('',(-4.36725752071105E-15,-1.00649099368007E-15,1.));
#4570=DIRECTION('',(1.,0.,4.36725752071105E-15));
#4571=DIRECTION('',(-5.56742129743632E-15,-2.5991715620239E-15,1.));
#4572=DIRECTION('',(1.,0.,5.56742129743632E-15));
#4573=DIRECTION('',(7.73734906580067E-16,-2.3817288585755E-15,1.));
#4574=DIRECTION('',(0.,-1.,-2.3817288585755E-15));
#4575=DIRECTION('',(1.38968440954467E-15,-1.47639060369587E-15,1.));
#4576=DIRECTION('',(0.,-1.,-1.47639060369587E-15));
#4577=DIRECTION('',(8.15430322348554E-16,1.08762388360396E-15,1.));
#4578=DIRECTION('',(0.,-1.,1.08762388360396E-15));
#4579=DIRECTION('',(-3.8073614247919E-15,4.38533206864109E-16,1.));
#4580=DIRECTION('',(1.,0.,3.8073614247919E-15));
#4581=DIRECTION('',(-1.59919322496916E-15,4.71797499084947E-16,1.));
#4582=DIRECTION('',(1.,0.,1.59919322496916E-15));
#4583=DIRECTION('',(1.,0.,0.));
#4584=DIRECTION('',(-2.96576899355689E-16,4.90407297977138E-16,1.));
#4585=DIRECTION('',(0.,-1.,4.90407297977138E-16));
#4586=DIRECTION('',(-5.1251112326693E-16,-1.76370897980004E-16,1.));
#4587=DIRECTION('',(1.,0.,5.1251112326693E-16));
#4588=DIRECTION('',(0.325291181486037,0.945613899669108,0.));
#4589=DIRECTION('',(2.32001676786634E-15,1.77757974351748E-15,1.));
#4590=DIRECTION('',(1.,0.,-2.32001676786634E-15));
#4591=DIRECTION('',(-4.20102441176148E-15,1.2096761652493E-15,1.));
#4592=DIRECTION('',(1.,0.,4.20102441176148E-15));
#4593=DIRECTION('',(5.96156110261988E-15,-1.49646208882553E-15,1.));
#4594=DIRECTION('',(1.,0.,-5.96156110261988E-15));
#4595=DIRECTION('',(0.00202224055666296,-0.999997955269475,0.));
#4596=DIRECTION('',(0.,1.,0.));
#4597=DIRECTION('',(-0.981926952473463,0.18926029696209,0.));
#4598=DIRECTION('',(-0.00185666222874337,0.999998276401199,0.));
#4599=DIRECTION('',(0.999998973737428,0.00143266328615761,0.));
#4600=DIRECTION('',(0.00203354943027244,-0.99999793233622,0.));
#4601=DIRECTION('',(-0.999998973737428,-0.00143266328615761,0.));
#4602=DIRECTION('',(-0.00203354943027244,0.99999793233622,0.));
#4603=DIRECTION('',(1.,0.,0.));
#4604=DIRECTION('',(-0.00170721048692319,0.999998542715115,0.));
#4605=DIRECTION('',(1.,0.,0.));
#4606=DIRECTION('',(0.999997959398145,0.0020201978977743,0.));
#4607=DIRECTION('',(1.,0.,0.));
#4608=DIRECTION('',(0.00188057965530409,-0.999998231708517,0.));
#4609=DIRECTION('',(1.23086983595207E-16,2.8035520037076E-16,1.));
#4610=DIRECTION('',(0.,-1.,2.8035520037076E-16));
#4611=DIRECTION('',(6.36870673393313E-16,-2.04001132936892E-15,1.));
#4612=DIRECTION('',(0.,-1.,-2.04001132936892E-15));
#4613=DIRECTION('',(-0.81398225997387,-0.580889731745907,0.));
#4614=DIRECTION('',(-6.74301414869232E-15,-5.05799192873614E-15,1.));
#4615=DIRECTION('',(1.,0.,6.74301414869232E-15));
#4616=DIRECTION('',(-1.69258247938405E-16,-5.44112061837116E-17,1.));
#4617=DIRECTION('',(1.,0.,1.69258247938405E-16));
#4618=DIRECTION('',(1.,0.,0.));
#4619=DIRECTION('',(-0.00208188306636921,0.999997832879101,0.));
#4620=DIRECTION('',(0.815501186949792,0.578755400910852,0.));
#4621=DIRECTION('',(-0.00333331481496814,0.99999444449074,0.));
#4622=DIRECTION('',(-0.999997266258661,-0.00233826328821121,0.));
#4623=DIRECTION('',(4.43696309700617E-16,-1.34189107825461E-15,1.));
#4624=DIRECTION('',(0.,-1.,-1.34189107825461E-15));
#4625=DIRECTION('',(-1.06342312334323E-15,-5.20528170409087E-16,1.));
#4626=DIRECTION('',(4.43696309700617E-16,-1.34189107825461E-15,1.));
#4627=DIRECTION('',(0.,-1.,-1.34189107825461E-15));
#4628=DIRECTION('',(-3.76163073121997E-17,3.66420664649439E-16,1.));
#4629=DIRECTION('',(0.,-1.,3.66420664649439E-16));
#4630=DIRECTION('',(-3.76163073121997E-17,3.66420664649439E-16,1.));
#4631=DIRECTION('',(0.,-1.,3.66420664649439E-16));
#4632=DIRECTION('',(0.00315455843649249,-0.999995024368157,0.));
#4633=DIRECTION('',(0.999995024368157,0.00315455843649249,0.));
#4634=DIRECTION('',(0.999995024368157,0.00315455843649249,0.));
#4635=DIRECTION('',(-8.69173946381105E-16,2.53414685726342E-15,1.));
#4636=DIRECTION('',(0.,-1.,2.53414685726342E-15));
#4637=DIRECTION('',(-8.69173946381105E-16,2.53414685726342E-15,1.));
#4638=DIRECTION('',(0.,-1.,2.53414685726342E-15));
#4639=DIRECTION('',(5.32877641484318E-16,-2.0395794572686E-16,1.));
#4640=DIRECTION('',(1.,0.,-5.32877641484318E-16));
#4641=DIRECTION('',(5.32877641484318E-16,-2.0395794572686E-16,1.));
#4642=DIRECTION('',(1.,0.,-5.32877641484318E-16));
#4643=DIRECTION('',(-4.56650081667035E-16,-1.76046812559393E-16,1.));
#4644=DIRECTION('',(1.,0.,4.56650081667035E-16));
#4645=DIRECTION('',(-4.56650081667035E-16,-1.76046812559393E-16,1.));
#4646=DIRECTION('',(1.,0.,4.56650081667035E-16));
#4647=DIRECTION('',(9.9579925010296E-17,2.21246474478801E-16,1.));
#4648=DIRECTION('',(0.,-1.,2.21246474478801E-16));
#4649=DIRECTION('',(9.9579925010296E-17,2.21246474478801E-16,1.));
#4650=DIRECTION('',(0.,-1.,2.21246474478801E-16));
#4651=DIRECTION('',(9.9579925010296E-17,2.21246474478801E-16,1.));
#4652=DIRECTION('',(-2.05363791253196E-16,5.28527534603962E-16,1.));
#4653=DIRECTION('',(0.,-1.,5.28527534603962E-16));
#4654=DIRECTION('',(-2.05363791253196E-16,5.28527534603962E-16,1.));
#4655=DIRECTION('',(0.,-1.,5.28527534603962E-16));
#4656=DIRECTION('',(-2.08479225623278E-16,4.30086944930897E-16,1.));
#4657=DIRECTION('',(-2.08479225623278E-16,4.30086944930897E-16,1.));
#4658=DIRECTION('',(0.,-1.,4.30086944930897E-16));
#4659=DIRECTION('',(-2.08479225623278E-16,4.30086944930897E-16,1.));
#4660=DIRECTION('',(0.,-1.,4.30086944930897E-16));
#4661=DIRECTION('',(-4.11674647074505E-16,5.86229156953127E-17,1.));
#4662=DIRECTION('',(1.,0.,4.11674647074505E-16));
#4663=DIRECTION('',(-4.11674647074505E-16,5.86229156953127E-17,1.));
#4664=DIRECTION('',(1.,0.,4.11674647074505E-16));
#4665=DIRECTION('',(-4.11674647074505E-16,5.86229156953127E-17,1.));
#4666=DIRECTION('',(1.52789597068333E-15,3.13894633110871E-15,1.));
#4667=DIRECTION('',(0.,-1.,3.13894633110871E-15));
#4668=DIRECTION('',(1.52789597068333E-15,3.13894633110871E-15,1.));
#4669=DIRECTION('',(0.,-1.,3.13894633110871E-15));
#4670=DIRECTION('',(-0.00163265088526444,0.999998667224655,0.));
#4671=DIRECTION('',(-0.999998667224655,-0.00163265088526444,0.));
#4672=DIRECTION('',(-0.999998667224655,-0.00163265088526444,0.));
#4673=DIRECTION('',(1.04930025521326E-16,-2.97813468322781E-16,1.));
#4674=DIRECTION('',(0.,-1.,-2.97813468322781E-16));
#4675=DIRECTION('',(1.04930025521326E-16,-2.97813468322781E-16,1.));
#4676=DIRECTION('',(0.,-1.,-2.97813468322781E-16));
#4677=DIRECTION('',(1.04930025521326E-16,-2.97813468322781E-16,1.));
#4678=DIRECTION('',(-0.780114689342792,0.625636533037833,0.));
#4679=DIRECTION('',(-0.625636533037833,-0.780114689342792,0.));
#4680=DIRECTION('',(-0.625636533037833,-0.780114689342792,0.));
#4681=DIRECTION('',(-1.30029165601503E-16,7.16518562149075E-16,1.));
#4682=DIRECTION('',(-1.30029165601503E-16,7.16518562149075E-16,1.));
#4683=DIRECTION('',(0.,-1.,7.16518562149075E-16));
#4684=DIRECTION('',(-1.30029165601503E-16,7.16518562149075E-16,1.));
#4685=DIRECTION('',(0.,-1.,7.16518562149075E-16));
#4686=DIRECTION('',(-1.06342312334323E-15,-5.20528170409087E-16,1.));
#4687=DIRECTION('',(1.,0.,1.06342312334323E-15));
#4688=DIRECTION('',(-1.06342312334323E-15,-5.20528170409087E-16,1.));
#4689=DIRECTION('',(1.,0.,1.06342312334323E-15));
#4690=DIRECTION('',(-1.59919322496916E-15,4.71797499084947E-16,1.));
#4691=DIRECTION('',(1.,0.,1.59919322496916E-15));
#4692=DIRECTION('',(-1.59919322496916E-15,4.71797499084947E-16,1.));
#4693=DIRECTION('',(1.,0.,1.59919322496916E-15));
#4694=DIRECTION('',(-1.40612909891415E-15,9.97555804081363E-16,1.));
#4695=DIRECTION('',(1.,0.,1.40612909891415E-15));
#4696=DIRECTION('',(-1.40612909891415E-15,9.97555804081363E-16,1.));
#4697=DIRECTION('',(1.,0.,1.40612909891415E-15));
#4698=DIRECTION('',(4.02847344634305E-16,1.06487137024496E-15,1.));
#4699=DIRECTION('',(0.,-1.,1.06487137024496E-15));
#4700=DIRECTION('',(4.02847344634305E-16,1.06487137024496E-15,1.));
#4701=DIRECTION('',(0.,-1.,1.06487137024496E-15));
#4702=DIRECTION('',(-4.36725752071105E-15,-1.00649099368007E-15,1.));
#4703=DIRECTION('',(1.,0.,4.36725752071105E-15));
#4704=DIRECTION('',(-4.36725752071105E-15,-1.00649099368007E-15,1.));
#4705=DIRECTION('',(1.,0.,4.36725752071105E-15));
#4706=DIRECTION('',(-5.56742129743632E-15,-2.5991715620239E-15,1.));
#4707=DIRECTION('',(1.,0.,5.56742129743632E-15));
#4708=DIRECTION('',(-5.56742129743632E-15,-2.5991715620239E-15,1.));
#4709=DIRECTION('',(1.,0.,5.56742129743632E-15));
#4710=DIRECTION('',(7.73734906580067E-16,-2.3817288585755E-15,1.));
#4711=DIRECTION('',(0.,-1.,-2.3817288585755E-15));
#4712=DIRECTION('',(7.73734906580067E-16,-2.3817288585755E-15,1.));
#4713=DIRECTION('',(0.,-1.,-2.3817288585755E-15));
#4714=DIRECTION('',(1.38968440954467E-15,-1.47639060369587E-15,1.));
#4715=DIRECTION('',(0.,-1.,-1.47639060369587E-15));
#4716=DIRECTION('',(1.38968440954467E-15,-1.47639060369587E-15,1.));
#4717=DIRECTION('',(0.,-1.,-1.47639060369587E-15));
#4718=DIRECTION('',(1.38968440954467E-15,-1.47639060369587E-15,1.));
#4719=DIRECTION('',(8.15430322348554E-16,1.08762388360396E-15,1.));
#4720=DIRECTION('',(0.,-1.,1.08762388360396E-15));
#4721=DIRECTION('',(8.15430322348554E-16,1.08762388360396E-15,1.));
#4722=DIRECTION('',(0.,-1.,1.08762388360396E-15));
#4723=DIRECTION('',(-3.8073614247919E-15,4.38533206864109E-16,1.));
#4724=DIRECTION('',(1.,0.,3.8073614247919E-15));
#4725=DIRECTION('',(-3.8073614247919E-15,4.38533206864109E-16,1.));
#4726=DIRECTION('',(1.,0.,3.8073614247919E-15));
#4727=DIRECTION('',(0.999998276401199,0.00185666222874337,0.));
#4728=DIRECTION('',(-0.00185666222874337,0.999998276401199,0.));
#4729=DIRECTION('',(0.,0.,1.));
#4730=DIRECTION('',(-0.00185666222874337,0.999998276401199,0.));
#4731=DIRECTION('',(0.,0.,1.));
#4732=DIRECTION('',(0.,-1.,0.));
#4733=DIRECTION('',(0.,0.,-1.));
#4734=DIRECTION('',(1.,0.,0.));
#4735=DIRECTION('',(-2.96576899355689E-16,4.90407297977138E-16,1.));
#4736=DIRECTION('',(0.,-1.,4.90407297977138E-16));
#4737=DIRECTION('',(-2.96576899355689E-16,4.90407297977138E-16,1.));
#4738=DIRECTION('',(0.,-1.,4.90407297977138E-16));
#4739=DIRECTION('',(-5.1251112326693E-16,-1.76370897980004E-16,1.));
#4740=DIRECTION('',(1.,0.,5.1251112326693E-16));
#4741=DIRECTION('',(-5.1251112326693E-16,-1.76370897980004E-16,1.));
#4742=DIRECTION('',(1.,0.,5.1251112326693E-16));
#4743=DIRECTION('',(-5.1251112326693E-16,-1.76370897980004E-16,1.));
#4744=DIRECTION('',(0.945613899669108,-0.325291181486037,0.));
#4745=DIRECTION('',(0.325291181486037,0.945613899669108,0.));
#4746=DIRECTION('',(0.325291181486037,0.945613899669108,0.));
#4747=DIRECTION('',(-6.64559634983941E-16,9.12295193866087E-16,1.));
#4748=DIRECTION('',(0.,-1.,9.12295193866087E-16));
#4749=DIRECTION('',(2.32001676786634E-15,1.77757974351748E-15,1.));
#4750=DIRECTION('',(1.,0.,-2.32001676786634E-15));
#4751=DIRECTION('',(2.32001676786634E-15,1.77757974351748E-15,1.));
#4752=DIRECTION('',(1.,0.,-2.32001676786634E-15));
#4753=DIRECTION('',(-4.20102441176148E-15,1.2096761652493E-15,1.));
#4754=DIRECTION('',(1.,0.,4.20102441176148E-15));
#4755=DIRECTION('',(-4.20102441176148E-15,1.2096761652493E-15,1.));
#4756=DIRECTION('',(1.,0.,4.20102441176148E-15));
#4757=DIRECTION('',(5.96156110261988E-15,-1.49646208882553E-15,1.));
#4758=DIRECTION('',(1.,0.,-5.96156110261988E-15));
#4759=DIRECTION('',(5.96156110261988E-15,-1.49646208882553E-15,1.));
#4760=DIRECTION('',(1.,0.,-5.96156110261988E-15));
#4761=DIRECTION('',(5.96156110261988E-15,-1.49646208882553E-15,1.));
#4762=DIRECTION('',(-0.999997955269475,-0.00202224055666296,0.));
#4763=DIRECTION('',(0.00202224055666296,-0.999997955269475,0.));
#4764=DIRECTION('',(0.00202224055666296,-0.999997955269475,0.));
#4765=DIRECTION('',(-1.,0.,0.));
#4766=DIRECTION('',(0.,0.,1.));
#4767=DIRECTION('',(0.,1.,0.));
#4768=DIRECTION('',(0.,0.,1.));
#4769=DIRECTION('',(0.18926029696209,0.981926952473463,0.));
#4770=DIRECTION('',(-0.981926952473463,0.18926029696209,0.));
#4771=DIRECTION('',(-0.981926952473463,0.18926029696209,0.));
#4772=DIRECTION('',(0.99999793233622,0.00203354943027244,0.));
#4773=DIRECTION('',(-0.00203354943027244,0.99999793233622,0.));
#4774=DIRECTION('',(0.,0.,1.));
#4775=DIRECTION('',(-0.00203354943027244,0.99999793233622,0.));
#4776=DIRECTION('',(0.,0.,1.));
#4777=DIRECTION('',(0.00143266328615761,-0.999998973737428,0.));
#4778=DIRECTION('',(0.999998973737428,0.00143266328615761,0.));
#4779=DIRECTION('',(0.999998973737428,0.00143266328615761,0.));
#4780=DIRECTION('',(0.,0.,1.));
#4781=DIRECTION('',(-0.99999793233622,-0.00203354943027244,0.));
#4782=DIRECTION('',(0.00203354943027244,-0.99999793233622,0.));
#4783=DIRECTION('',(0.00203354943027244,-0.99999793233622,0.));
#4784=DIRECTION('',(0.,0.,1.));
#4785=DIRECTION('',(-0.00143266328615761,0.999998973737428,0.));
#4786=DIRECTION('',(-0.999998973737428,-0.00143266328615761,0.));
#4787=DIRECTION('',(-0.999998973737428,-0.00143266328615761,0.));
#4788=DIRECTION('',(-0.00233826328821121,0.999997266258661,0.));
#4789=DIRECTION('',(-0.999997266258661,-0.00233826328821121,0.));
#4790=DIRECTION('',(0.,0.,1.));
#4791=DIRECTION('',(-0.999997266258661,-0.00233826328821121,0.));
#4792=DIRECTION('',(0.,1.,0.));
#4793=DIRECTION('',(0.,0.,1.));
#4794=DIRECTION('',(1.,0.,0.));
#4795=DIRECTION('',(0.,0.,1.));
#4796=DIRECTION('',(0.999998542715115,0.00170721048692319,0.));
#4797=DIRECTION('',(-0.00170721048692319,0.999998542715115,0.));
#4798=DIRECTION('',(-0.00170721048692319,0.999998542715115,0.));
#4799=DIRECTION('',(0.,0.,1.));
#4800=DIRECTION('',(0.,-1.,0.));
#4801=DIRECTION('',(0.,0.,-1.));
#4802=DIRECTION('',(1.,0.,0.));
#4803=DIRECTION('',(0.0020201978977743,-0.999997959398145,0.));
#4804=DIRECTION('',(0.999997959398145,0.0020201978977743,0.));
#4805=DIRECTION('',(0.999997959398145,0.0020201978977743,0.));
#4806=DIRECTION('',(0.,-1.,0.));
#4807=DIRECTION('',(0.,0.,-1.));
#4808=DIRECTION('',(1.,0.,0.));
#4809=DIRECTION('',(0.,0.,-1.));
#4810=DIRECTION('',(-0.999998231708517,-0.00188057965530409,0.));
#4811=DIRECTION('',(0.00188057965530409,-0.999998231708517,0.));
#4812=DIRECTION('',(0.00188057965530409,-0.999998231708517,0.));
#4813=DIRECTION('',(1.23086983595207E-16,2.8035520037076E-16,1.));
#4814=DIRECTION('',(0.,-1.,2.8035520037076E-16));
#4815=DIRECTION('',(1.23086983595207E-16,2.8035520037076E-16,1.));
#4816=DIRECTION('',(0.,-1.,2.8035520037076E-16));
#4817=DIRECTION('',(6.36870673393313E-16,-2.04001132936892E-15,1.));
#4818=DIRECTION('',(0.,-1.,-2.04001132936892E-15));
#4819=DIRECTION('',(6.36870673393313E-16,-2.04001132936892E-15,1.));
#4820=DIRECTION('',(0.,-1.,-2.04001132936892E-15));
#4821=DIRECTION('',(6.36870673393313E-16,-2.04001132936892E-15,1.));
#4822=DIRECTION('',(-0.580889731745907,0.81398225997387,0.));
#4823=DIRECTION('',(-0.81398225997387,-0.580889731745907,0.));
#4824=DIRECTION('',(-0.81398225997387,-0.580889731745907,0.));
#4825=DIRECTION('',(-6.74301414869232E-15,-5.05799192873614E-15,1.));
#4826=DIRECTION('',(1.,0.,6.74301414869232E-15));
#4827=DIRECTION('',(-6.74301414869232E-15,-5.05799192873614E-15,1.));
#4828=DIRECTION('',(1.,0.,6.74301414869232E-15));
#4829=DIRECTION('',(-1.69258247938405E-16,-5.44112061837116E-17,1.));
#4830=DIRECTION('',(1.,0.,1.69258247938405E-16));
#4831=DIRECTION('',(-1.69258247938405E-16,-5.44112061837116E-17,1.));
#4832=DIRECTION('',(1.,0.,1.69258247938405E-16));
#4833=DIRECTION('',(-1.69258247938405E-16,-5.44112061837116E-17,1.));
#4834=DIRECTION('',(0.,1.,0.));
#4835=DIRECTION('',(0.,0.,1.));
#4836=DIRECTION('',(1.,0.,0.));
#4837=DIRECTION('',(0.,0.,1.));
#4838=DIRECTION('',(0.999997832879101,0.00208188306636921,0.));
#4839=DIRECTION('',(-0.00208188306636921,0.999997832879101,0.));
#4840=DIRECTION('',(-0.00208188306636921,0.999997832879101,0.));
#4841=DIRECTION('',(0.,0.,1.));
#4842=DIRECTION('',(0.578755400910852,-0.815501186949792,0.));
#4843=DIRECTION('',(0.815501186949792,0.578755400910852,0.));
#4844=DIRECTION('',(0.815501186949792,0.578755400910852,0.));
#4845=DIRECTION('',(0.,0.,1.));
#4846=DIRECTION('',(0.99999444449074,0.00333331481496814,0.));
#4847=DIRECTION('',(-0.00333331481496814,0.99999444449074,0.));
#4848=DIRECTION('',(-0.00333331481496814,0.99999444449074,0.));
#4849=DIRECTION('',(0.,0.,1.));
#4850=DIRECTION('',(1.,0.,0.));
#4851=DIRECTION('',(-1.198452811863E-13,2.643415734781E-14,1.));
#4852=DIRECTION('',(1.,0.,1.198452811863E-13));
#4853=DIRECTION('',(3.29759363221704E-16,-2.73301864982253E-16,1.));
#4854=DIRECTION('',(1.,0.,-3.29759363221704E-16));
#4855=DIRECTION('',(-5.13397739737455E-16,-5.43989054982253E-17,1.));
#4856=DIRECTION('',(1.,0.,5.13397739737455E-16));
#4857=DIRECTION('',(-0.999998209893561,-0.00189214420006344,-1.19622100507469E-13));
#4858=DIRECTION('',(1.35162088855785E-16,-6.47239310077893E-16,1.));
#4859=DIRECTION('',(0.,-1.,-6.47239310077893E-16));
#4860=DIRECTION('',(-3.71571570671904E-16,4.44860816242858E-16,1.));
#4861=DIRECTION('',(0.,-1.,4.44860816242858E-16));
#4862=DIRECTION('',(3.97760170444579E-17,5.44025846826297E-17,1.));
#4863=DIRECTION('',(0.,-1.,5.44025846826297E-17));
#4864=DIRECTION('',(1.729893497946E-13,-5.558367883737E-13,1.));
#4865=DIRECTION('',(0.,-1.,-5.558367883737E-13));
#4866=DIRECTION('',(-5.6452449904048E-17,1.14192513648469E-15,1.));
#4867=DIRECTION('',(0.,-1.,1.14192513648469E-15));
#4868=DIRECTION('',(-3.54357562597626E-16,7.89436126222627E-16,1.));
#4869=DIRECTION('',(0.,-1.,7.89436126222627E-16));
#4870=DIRECTION('',(-5.93400962396729E-13,-1.7417774933405E-14,1.));
#4871=DIRECTION('',(1.,0.,5.93400962396729E-13));
#4872=DIRECTION('',(-0.999976252400877,0.00689163509612882,1.76957933272466E-13));
#4873=DIRECTION('',(-3.72640670959208E-15,1.15765330923765E-15,1.));
#4874=DIRECTION('',(1.,0.,3.72640670959208E-15));
#4875=DIRECTION('',(-5.5135192672876E-16,3.14478353827728E-17,1.));
#4876=DIRECTION('',(1.,0.,5.5135192672876E-16));
#4877=DIRECTION('',(2.78631814788496E-16,1.13762862280216E-15,1.));
#4878=DIRECTION('',(0.,-1.,1.13762862280216E-15));
#4879=DIRECTION('',(-1.44379696635378E-14,6.20547697141245E-15,1.));
#4880=DIRECTION('',(1.,0.,1.44379696635378E-14));
#4881=DIRECTION('',(-4.58952684333485E-16,1.89756959973014E-15,1.));
#4882=DIRECTION('',(0.,-1.,1.89756959973014E-15));
#4883=DIRECTION('',(0.,0.,1.));
#4884=DIRECTION('',(1.,0.,0.));
#4885=DIRECTION('',(7.492240238297E-13,8.969227988603E-13,-1.));
#4886=DIRECTION('',(0.,1.,8.969227988603E-13));
#4887=DIRECTION('',(0.,0.,-1.));
#4888=DIRECTION('',(-1.,0.,0.));
#4889=DIRECTION('',(-1.667531135765E-14,2.027595229004E-12,-1.));
#4890=DIRECTION('',(0.,1.,2.027595229004E-12));
#4891=DIRECTION('',(0.0052082626922274,-0.999986436907886,0.));
#4892=DIRECTION('',(-0.999998009968565,-0.00199500849868913,0.));
#4893=DIRECTION('',(-0.00277007247463068,0.999996163341883,0.));
#4894=DIRECTION('',(-4.5054046935634E-16,3.01101278389283E-16,1.));
#4895=DIRECTION('',(1.,0.,4.5054046935634E-16));
#4896=DIRECTION('',(-5.13397739737455E-16,-5.43989054982253E-17,1.));
#4897=DIRECTION('',(1.,0.,5.13397739737455E-16));
#4898=DIRECTION('',(-5.13397739737455E-16,-5.43989054982253E-17,1.));
#4899=DIRECTION('',(1.,0.,5.13397739737455E-16));
#4900=DIRECTION('',(-5.13397739737455E-16,-5.43989054982253E-17,1.));
#4901=DIRECTION('',(3.29759363221704E-16,-2.73301864982253E-16,1.));
#4902=DIRECTION('',(1.,0.,-3.29759363221704E-16));
#4903=DIRECTION('',(3.29759363221704E-16,-2.73301864982253E-16,1.));
#4904=DIRECTION('',(1.,0.,-3.29759363221704E-16));
#4905=DIRECTION('',(3.97760170444579E-17,5.44025846826297E-17,1.));
#4906=DIRECTION('',(0.,-1.,5.44025846826297E-17));
#4907=DIRECTION('',(3.97760170444579E-17,5.44025846826297E-17,1.));
#4908=DIRECTION('',(0.,-1.,5.44025846826297E-17));
#4909=DIRECTION('',(-3.71571570671904E-16,4.44860816242858E-16,1.));
#4910=DIRECTION('',(0.,-1.,4.44860816242858E-16));
#4911=DIRECTION('',(-3.71571570671904E-16,4.44860816242858E-16,1.));
#4912=DIRECTION('',(0.,-1.,4.44860816242858E-16));
#4913=DIRECTION('',(1.35162088855785E-16,-6.47239310077893E-16,1.));
#4914=DIRECTION('',(0.,-1.,-6.47239310077893E-16));
#4915=DIRECTION('',(1.35162088855785E-16,-6.47239310077893E-16,1.));
#4916=DIRECTION('',(0.,-1.,-6.47239310077893E-16));
#4917=DIRECTION('',(1.35162088855785E-16,-6.47239310077893E-16,1.));
#4918=DIRECTION('',(0.00189214420036517,-0.99999820989356,0.));
#4919=DIRECTION('',(0.99999820989356,0.00189214420036517,0.));
#4920=DIRECTION('',(0.99999820989356,0.00189214420036517,0.));
#4921=DIRECTION('',(-3.54357562597626E-16,7.89436126222627E-16,1.));
#4922=DIRECTION('',(0.,-1.,7.89436126222627E-16));
#4923=DIRECTION('',(-3.54357562597626E-16,7.89436126222627E-16,1.));
#4924=DIRECTION('',(0.,-1.,7.89436126222627E-16));
#4925=DIRECTION('',(-5.6452449904048E-17,1.14192513648469E-15,1.));
#4926=DIRECTION('',(0.,-1.,1.14192513648469E-15));
#4927=DIRECTION('',(-5.6452449904048E-17,1.14192513648469E-15,1.));
#4928=DIRECTION('',(0.,-1.,1.14192513648469E-15));
#4929=DIRECTION('',(-4.58952684333485E-16,1.89756959973014E-15,1.));
#4930=DIRECTION('',(0.,-1.,1.89756959973014E-15));
#4931=DIRECTION('',(-4.58952684333485E-16,1.89756959973014E-15,1.));
#4932=DIRECTION('',(0.,-1.,1.89756959973014E-15));
#4933=DIRECTION('',(4.27485428008669E-16,-8.79752619959501E-16,-1.));
#4934=DIRECTION('',(-1.44379696635378E-14,6.20547697141245E-15,1.));
#4935=DIRECTION('',(1.,0.,1.44379696635378E-14));
#4936=DIRECTION('',(-1.44379696635378E-14,6.20547697141245E-15,1.));
#4937=DIRECTION('',(1.,0.,1.44379696635378E-14));
#4938=DIRECTION('',(2.78631814788496E-16,1.13762862280216E-15,1.));
#4939=DIRECTION('',(0.,-1.,1.13762862280216E-15));
#4940=DIRECTION('',(2.78631814788496E-16,1.13762862280216E-15,1.));
#4941=DIRECTION('',(0.,-1.,1.13762862280216E-15));
#4942=DIRECTION('',(-5.5135192672876E-16,3.14478353827728E-17,1.));
#4943=DIRECTION('',(1.,0.,5.5135192672876E-16));
#4944=DIRECTION('',(-5.5135192672876E-16,3.14478353827728E-17,1.));
#4945=DIRECTION('',(1.,0.,5.5135192672876E-16));
#4946=DIRECTION('',(-3.72640670959208E-15,1.15765330923765E-15,1.));
#4947=DIRECTION('',(1.,0.,3.72640670959208E-15));
#4948=DIRECTION('',(-3.72640670959208E-15,1.15765330923765E-15,1.));
#4949=DIRECTION('',(1.,0.,3.72640670959208E-15));
#4950=DIRECTION('',(-0.00689163509580117,-0.999976252400879,0.));
#4951=DIRECTION('',(0.999976252400879,-0.00689163509580117,0.));
#4952=DIRECTION('',(0.999976252400879,-0.00689163509580117,0.));
#4953=DIRECTION('',(-5.93400962396729E-13,-1.7417774933405E-14,1.));
#4954=DIRECTION('',(1.,0.,5.93400962396729E-13));
#4955=DIRECTION('',(-5.93400962396729E-13,-1.7417774933405E-14,1.));
#4956=DIRECTION('',(1.,0.,5.93400962396729E-13));
#4957=DIRECTION('',(-4.5054046935634E-16,3.01101278389283E-16,1.));
#4958=DIRECTION('',(1.,0.,4.5054046935634E-16));
#4959=DIRECTION('',(-4.5054046935634E-16,3.01101278389283E-16,1.));
#4960=DIRECTION('',(1.,0.,4.5054046935634E-16));
#4961=DIRECTION('',(-0.999986436907886,-0.0052082626922274,0.));
#4962=DIRECTION('',(0.0052082626922274,-0.999986436907886,0.));
#4963=DIRECTION('',(0.0052082626922274,-0.999986436907886,0.));
#4964=DIRECTION('',(0.,0.,1.));
#4965=DIRECTION('',(-0.00199500849868913,0.999998009968565,0.));
#4966=DIRECTION('',(-0.999998009968565,-0.00199500849868913,0.));
#4967=DIRECTION('',(-0.999998009968565,-0.00199500849868913,0.));
#4968=DIRECTION('',(0.,0.,1.));
#4969=DIRECTION('',(0.999996163341883,0.00277007247463068,0.));
#4970=DIRECTION('',(-0.00277007247463068,0.999996163341883,0.));
#4971=DIRECTION('',(-0.00277007247463068,0.999996163341883,0.));
#4972=DIRECTION('',(0.,0.,-1.));
#4973=DIRECTION('',(-1.,0.,0.));
#4974=DIRECTION('',(0.,0.,-1.));
#4975=DIRECTION('',(-1.,0.,0.));
#4976=DIRECTION('',(0.,0.,-1.));
#4977=DIRECTION('',(-1.,0.,0.));
#4978=DIRECTION('',(1.,0.,0.));
#4979=DIRECTION('',(0.,1.,0.));
#4980=DIRECTION('',(1.,0.,0.));
#4981=DIRECTION('',(0.,1.,0.));
#4982=DIRECTION('',(-0.932655859600752,-0.360767303884904,0.));
#4983=DIRECTION('',(-0.00203665565379744,0.999997926014723,0.));
#4984=DIRECTION('',(0.934284836090179,0.356527481482068,0.));
#4985=DIRECTION('',(-0.00148147985571617,0.999998902608116,0.));
#4986=DIRECTION('',(-0.930530419006354,0.366214608261139,0.));
#4987=DIRECTION('',(-0.00203458378480655,0.999997930232269,0.));
#4988=DIRECTION('',(0.933732509082012,-0.357971509318005,0.));
#4989=DIRECTION('',(0.00104275230065966,-0.999999456333672,0.));
#4990=DIRECTION('',(0.,0.,-1.));
#4991=DIRECTION('',(-1.,0.,0.));
#4992=DIRECTION('',(0.,0.,1.));
#4993=DIRECTION('',(1.,0.,0.));
#4994=DIRECTION('',(1.,0.,0.));
#4995=DIRECTION('',(0.,0.,-1.));
#4996=DIRECTION('',(0.,0.,-1.));
#4997=DIRECTION('',(0.,1.,0.));
#4998=DIRECTION('',(0.,0.,-1.));
#4999=DIRECTION('',(0.,-1.,0.));
#5000=DIRECTION('',(0.,0.,-1.));
#5001=DIRECTION('',(1.,0.,0.));
#5002=DIRECTION('',(0.,0.,-1.));
#5003=DIRECTION('',(-1.,0.,0.));
#5004=DIRECTION('',(0.,0.,1.));
#5005=DIRECTION('',(0.,1.,0.));
#5006=DIRECTION('',(0.,0.,1.));
#5007=DIRECTION('',(0.,1.,0.));
#5008=DIRECTION('',(0.,0.,1.));
#5009=DIRECTION('',(1.,0.,0.));
#5010=DIRECTION('',(-0.999999456333672,-0.00104275230065966,0.));
#5011=DIRECTION('',(0.00104275230065966,-0.999999456333672,0.));
#5012=DIRECTION('',(0.,0.,1.));
#5013=DIRECTION('',(0.00104275230065966,-0.999999456333672,0.));
#5014=DIRECTION('',(0.,0.,1.));
#5015=DIRECTION('',(-0.360767303884904,0.932655859600752,0.));
#5016=DIRECTION('',(-0.932655859600752,-0.360767303884904,0.));
#5017=DIRECTION('',(-0.932655859600752,-0.360767303884904,0.));
#5018=DIRECTION('',(0.,0.,1.));
#5019=DIRECTION('',(0.999997926014723,0.00203665565379744,0.));
#5020=DIRECTION('',(-0.00203665565379744,0.999997926014723,0.));
#5021=DIRECTION('',(-0.00203665565379744,0.999997926014723,0.));
#5022=DIRECTION('',(0.,0.,1.));
#5023=DIRECTION('',(0.356527481482068,-0.934284836090179,0.));
#5024=DIRECTION('',(0.934284836090179,0.356527481482068,0.));
#5025=DIRECTION('',(0.934284836090179,0.356527481482068,0.));
#5026=DIRECTION('',(0.,0.,1.));
#5027=DIRECTION('',(0.999998902608116,0.00148147985571617,0.));
#5028=DIRECTION('',(-0.00148147985571617,0.999998902608116,0.));
#5029=DIRECTION('',(-0.00148147985571617,0.999998902608116,0.));
#5030=DIRECTION('',(0.,0.,1.));
#5031=DIRECTION('',(0.366214608261139,0.930530419006354,0.));
#5032=DIRECTION('',(-0.930530419006354,0.366214608261139,0.));
#5033=DIRECTION('',(-0.930530419006354,0.366214608261139,0.));
#5034=DIRECTION('',(0.,0.,1.));
#5035=DIRECTION('',(0.999997930232269,0.00203458378480655,0.));
#5036=DIRECTION('',(-0.00203458378480655,0.999997930232269,0.));
#5037=DIRECTION('',(-0.00203458378480655,0.999997930232269,0.));
#5038=DIRECTION('',(0.,0.,1.));
#5039=DIRECTION('',(-0.357971509318005,-0.933732509082012,0.));
#5040=DIRECTION('',(0.933732509082012,-0.357971509318005,0.));
#5041=DIRECTION('',(0.933732509082012,-0.357971509318005,0.));
#5042=DIRECTION('',(0.,0.,-1.));
#5043=DIRECTION('',(-1.,0.,0.));
#5044=DIRECTION('',(0.,0.,-1.));
#5045=DIRECTION('',(-1.,0.,0.));
#5046=DIRECTION('',(-0.932936028328677,0.360042173982875,0.));
#5047=DIRECTION('',(0.93216902955204,0.362023342264016,0.));
#5048=DIRECTION('',(0.00227444445818267,-0.999997413447858,0.));
#5049=DIRECTION('',(-0.999997413447858,-0.00227444445818267,0.));
#5050=DIRECTION('',(0.00227444445818267,-0.999997413447858,0.));
#5051=DIRECTION('',(0.00227444445818267,-0.999997413447858,0.));
#5052=DIRECTION('',(0.,0.,1.));
#5053=DIRECTION('',(0.,0.,1.));
#5054=DIRECTION('',(0.360042173982875,0.932936028328677,0.));
#5055=DIRECTION('',(-0.932936028328677,0.360042173982875,0.));
#5056=DIRECTION('',(-0.932936028328677,0.360042173982875,0.));
#5057=DIRECTION('',(0.,0.,1.));
#5058=DIRECTION('',(0.362023342264016,-0.93216902955204,0.));
#5059=DIRECTION('',(0.93216902955204,0.362023342264016,0.));
#5060=DIRECTION('',(0.93216902955204,0.362023342264016,0.));
#5061=DIRECTION('',(0.,0.,1.));
#5062=DIRECTION('',(1.,0.,0.));
#5063=DIRECTION('',(0.,0.,-1.));
#5064=DIRECTION('',(-1.,0.,0.));
#5065=CARTESIAN_POINT('',(0.,0.,0.));
#5066=CARTESIAN_POINT('',(0.043350002288818,0.034450012207031,0.0022));
#5067=CARTESIAN_POINT('',(0.043350002288818,0.034450012207031,0.001));
#5068=CARTESIAN_POINT('',(0.043350002288818,0.033950012207031,0.001));
#5069=CARTESIAN_POINT('',(0.043350002288818,0.034950012207031,0.001));
#5070=CARTESIAN_POINT('',(0.043350002288818,0.033950012207031,0.001));
#5071=CARTESIAN_POINT('',(0.043350002288818,0.033950012207031,0.));
#5072=CARTESIAN_POINT('',(0.043350002288818,0.034450012207031,0.));
#5073=CARTESIAN_POINT('',(0.043350002288818,0.034950012207031,0.));
#5074=CARTESIAN_POINT('',(0.043350002288818,0.034950012207031,0.0022));
#5075=CARTESIAN_POINT('',(0.043350002288818,0.048450012207031,0.0022));
#5076=CARTESIAN_POINT('',(0.043350002288818,0.048450012207031,0.001));
#5077=CARTESIAN_POINT('',(0.043350002288818,0.047950012207031,0.001));
#5078=CARTESIAN_POINT('',(0.043350002288818,0.048950012207031,0.001));
#5079=CARTESIAN_POINT('',(0.043350002288818,0.047950012207031,0.001));
#5080=CARTESIAN_POINT('',(0.043350002288818,0.047950012207031,0.));
#5081=CARTESIAN_POINT('',(0.043350002288818,0.048450012207031,0.));
#5082=CARTESIAN_POINT('',(0.043350002288818,0.048950012207031,0.));
#5083=CARTESIAN_POINT('',(0.043350002288818,0.048950012207031,0.0022));
#5084=CARTESIAN_POINT('',(0.043350002288818,0.046450012207031,0.0022));
#5085=CARTESIAN_POINT('',(0.043350002288818,0.046450012207031,0.001));
#5086=CARTESIAN_POINT('',(0.043350002288818,0.045950012207031,0.001));
#5087=CARTESIAN_POINT('',(0.043350002288818,0.046950012207031,0.001));
#5088=CARTESIAN_POINT('',(0.043350002288818,0.045950012207031,0.001));
#5089=CARTESIAN_POINT('',(0.043350002288818,0.045950012207031,0.));
#5090=CARTESIAN_POINT('',(0.043350002288818,0.046450012207031,0.));
#5091=CARTESIAN_POINT('',(0.043350002288818,0.046950012207031,0.));
#5092=CARTESIAN_POINT('',(0.043350002288818,0.046950012207031,0.0022));
#5093=CARTESIAN_POINT('',(0.043350002288818,0.044450012207031,0.0022));
#5094=CARTESIAN_POINT('',(0.043350002288818,0.044450012207031,0.001));
#5095=CARTESIAN_POINT('',(0.043350002288818,0.043950012207031,0.001));
#5096=CARTESIAN_POINT('',(0.043350002288818,0.044950012207031,0.001));
#5097=CARTESIAN_POINT('',(0.043350002288818,0.043950012207031,0.001));
#5098=CARTESIAN_POINT('',(0.043350002288818,0.043950012207031,0.));
#5099=CARTESIAN_POINT('',(0.043350002288818,0.044450012207031,0.));
#5100=CARTESIAN_POINT('',(0.043350002288818,0.044950012207031,0.));
#5101=CARTESIAN_POINT('',(0.043350002288818,0.044950012207031,0.0022));
#5102=CARTESIAN_POINT('',(0.043350002288818,0.042450012207031,0.0022));
#5103=CARTESIAN_POINT('',(0.043350002288818,0.042450012207031,0.001));
#5104=CARTESIAN_POINT('',(0.043350002288818,0.041950012207031,0.001));
#5105=CARTESIAN_POINT('',(0.043350002288818,0.042950012207031,0.001));
#5106=CARTESIAN_POINT('',(0.043350002288818,0.041950012207031,0.001));
#5107=CARTESIAN_POINT('',(0.043350002288818,0.041950012207031,0.));
#5108=CARTESIAN_POINT('',(0.043350002288818,0.042450012207031,0.));
#5109=CARTESIAN_POINT('',(0.043350002288818,0.042950012207031,0.));
#5110=CARTESIAN_POINT('',(0.043350002288818,0.042950012207031,0.0022));
#5111=CARTESIAN_POINT('',(0.043350002288818,0.040450012207031,0.0022));
#5112=CARTESIAN_POINT('',(0.043350002288818,0.040450012207031,0.001));
#5113=CARTESIAN_POINT('',(0.043350002288818,0.039950012207031,0.001));
#5114=CARTESIAN_POINT('',(0.043350002288818,0.040950012207031,0.001));
#5115=CARTESIAN_POINT('',(0.043350002288818,0.039950012207031,0.001));
#5116=CARTESIAN_POINT('',(0.043350002288818,0.039950012207031,0.));
#5117=CARTESIAN_POINT('',(0.043350002288818,0.040450012207031,0.));
#5118=CARTESIAN_POINT('',(0.043350002288818,0.040950012207031,0.));
#5119=CARTESIAN_POINT('',(0.043350002288818,0.040950012207031,0.0022));
#5120=CARTESIAN_POINT('',(0.043350002288818,0.038450012207031,0.0022));
#5121=CARTESIAN_POINT('',(0.043350002288818,0.038450012207031,0.001));
#5122=CARTESIAN_POINT('',(0.043350002288818,0.037950012207031,0.001));
#5123=CARTESIAN_POINT('',(0.043350002288818,0.038950012207031,0.001));
#5124=CARTESIAN_POINT('',(0.043350002288818,0.037950012207031,0.001));
#5125=CARTESIAN_POINT('',(0.043350002288818,0.037950012207031,0.));
#5126=CARTESIAN_POINT('',(0.043350002288818,0.038450012207031,0.));
#5127=CARTESIAN_POINT('',(0.043350002288818,0.038950012207031,0.));
#5128=CARTESIAN_POINT('',(0.043350002288818,0.038950012207031,0.0022));
#5129=CARTESIAN_POINT('',(0.043350002288818,0.036450012207031,0.0022));
#5130=CARTESIAN_POINT('',(0.043350002288818,0.036450012207031,0.001));
#5131=CARTESIAN_POINT('',(0.043350002288818,0.035950012207031,0.001));
#5132=CARTESIAN_POINT('',(0.043350002288818,0.036950012207031,0.001));
#5133=CARTESIAN_POINT('',(0.043350002288818,0.035950012207031,0.0022));
#5134=CARTESIAN_POINT('',(0.043350002288818,0.035950012207031,0.));
#5135=CARTESIAN_POINT('',(0.043350002288818,0.036450012207031,0.));
#5136=CARTESIAN_POINT('',(0.043350002288818,0.036950012207031,0.));
#5137=CARTESIAN_POINT('',(0.043350002288818,0.036950012207031,0.0022));
#5138=CARTESIAN_POINT('',(0.030588209415274,0.048270474931919,0.002));
#5139=CARTESIAN_POINT('',(0.030588209415274,0.048270474931919,0.0012));
#5140=CARTESIAN_POINT('',(0.029488209415274,0.048270474931919,0.0012));
#5141=CARTESIAN_POINT('',(0.030588209415274,0.048270474931919,0.00192));
#5142=CARTESIAN_POINT('',(0.029488209415274,0.048270474931919,0.00192));
#5143=CARTESIAN_POINT('',(0.030588209415274,0.048270474931919,0.00192));
#5144=CARTESIAN_POINT('',(0.030588209415274,0.048270474931919,0.002));
#5145=CARTESIAN_POINT('',(0.031608209415274,0.048270474931919,0.002));
#5146=CARTESIAN_POINT('',(0.037856209064367,0.046301312465416,0.0031));
#5147=CARTESIAN_POINT('',(0.037856209064367,0.046301312465416,0.0032));
#5148=CARTESIAN_POINT('',(0.040356209064367,0.046301312465416,0.0032));
#5149=CARTESIAN_POINT('',(0.037856209064367,0.046301312465416,0.0031));
#5150=CARTESIAN_POINT('',(0.040356209064367,0.046301312465416,0.0031));
#5151=CARTESIAN_POINT('',(0.030588209415274,0.048270474931919,0.00192));
#5152=CARTESIAN_POINT('',(0.030588209415274,0.048270474931919,0.00192));
#5153=CARTESIAN_POINT('',(0.031488209415274,0.048270474931919,0.00192));
#5154=CARTESIAN_POINT('',(0.030588209415274,0.048270474931919,0.002));
#5155=CARTESIAN_POINT('',(0.031568209415274,0.048270474931919,0.002));
#5156=CARTESIAN_POINT('',(0.037856209064367,0.046301312465416,0.0031));
#5157=CARTESIAN_POINT('',(0.037856209064367,0.046301312465416,0.0032));
#5158=CARTESIAN_POINT('',(0.040256209064367,0.046301312465416,0.0032));
#5159=CARTESIAN_POINT('',(0.037856209064367,0.046301312465416,0.0031));
#5160=CARTESIAN_POINT('',(0.040256209064367,0.046301312465416,0.0031));
#5161=CARTESIAN_POINT('',(0.030588209415274,0.048270474931919,0.002));
#5162=CARTESIAN_POINT('',(0.030588209415274,0.048270474931919,0.0012));
#5163=CARTESIAN_POINT('',(0.029688209415274,0.048270474931919,0.0012));
#5164=CARTESIAN_POINT('',(0.030588209415274,0.048270474931919,0.002));
#5165=CARTESIAN_POINT('',(0.030588209415274,0.048270474931919,0.0012));
#5166=CARTESIAN_POINT('',(0.030338209415274,0.048270474931919,0.0012));
#5167=CARTESIAN_POINT('',(0.030588209415274,0.048270474931919,0.00192));
#5168=CARTESIAN_POINT('',(0.030338209415274,0.048270474931919,0.00192));
#5169=CARTESIAN_POINT('',(0.030588209415274,0.048270474931919,0.00192));
#5170=CARTESIAN_POINT('',(0.030588209415274,0.048270474931919,0.002));
#5171=CARTESIAN_POINT('',(0.030758209415274,0.048270474931919,0.002));
#5172=CARTESIAN_POINT('',(0.035350002288818,0.041450012207031,0.));
#5173=CARTESIAN_POINT('',(0.043350002288818,0.032950012207031,0.));
#5174=CARTESIAN_POINT('',(0.043350002288818,0.032950012207031,0.));
#5175=CARTESIAN_POINT('',(0.043350002288818,0.032950012207031,0.));
#5176=CARTESIAN_POINT('',(0.043350002288818,0.032950012207031,0.));
#5177=CARTESIAN_POINT('',(0.027350002288818,0.032950012207031,0.));
#5178=CARTESIAN_POINT('',(0.027350002288818,0.032950012207031,0.));
#5179=CARTESIAN_POINT('',(0.027350002288818,0.033950012207031,0.));
#5180=CARTESIAN_POINT('',(0.027350002288818,0.034450012207031,0.));
#5181=CARTESIAN_POINT('',(0.027350002288818,0.034950012207031,0.));
#5182=CARTESIAN_POINT('',(0.027350002288818,0.032950012207031,0.));
#5183=CARTESIAN_POINT('',(0.027350002288818,0.035950012207031,0.));
#5184=CARTESIAN_POINT('',(0.027350002288818,0.036450012207031,0.));
#5185=CARTESIAN_POINT('',(0.027350002288818,0.036950012207031,0.));
#5186=CARTESIAN_POINT('',(0.027350002288818,0.032950012207031,0.));
#5187=CARTESIAN_POINT('',(0.027350002288818,0.037950012207031,0.));
#5188=CARTESIAN_POINT('',(0.027350002288818,0.038450012207031,0.));
#5189=CARTESIAN_POINT('',(0.027350002288818,0.038950012207031,0.));
#5190=CARTESIAN_POINT('',(0.027350002288818,0.032950012207031,0.));
#5191=CARTESIAN_POINT('',(0.027350002288818,0.039950012207031,0.));
#5192=CARTESIAN_POINT('',(0.027350002288818,0.040450012207031,0.));
#5193=CARTESIAN_POINT('',(0.027350002288818,0.040950012207031,0.));
#5194=CARTESIAN_POINT('',(0.027350002288818,0.032950012207031,0.));
#5195=CARTESIAN_POINT('',(0.027350002288818,0.041950012207031,0.));
#5196=CARTESIAN_POINT('',(0.027350002288818,0.042450012207031,0.));
#5197=CARTESIAN_POINT('',(0.027350002288818,0.042950012207031,0.));
#5198=CARTESIAN_POINT('',(0.027350002288818,0.032950012207031,0.));
#5199=CARTESIAN_POINT('',(0.027350002288818,0.043950012207031,0.));
#5200=CARTESIAN_POINT('',(0.027350002288818,0.044450012207031,0.));
#5201=CARTESIAN_POINT('',(0.027350002288818,0.044950012207031,0.));
#5202=CARTESIAN_POINT('',(0.027350002288818,0.032950012207031,0.));
#5203=CARTESIAN_POINT('',(0.027350002288818,0.045950012207031,0.));
#5204=CARTESIAN_POINT('',(0.027350002288818,0.046450012207031,0.));
#5205=CARTESIAN_POINT('',(0.027350002288818,0.046950012207031,0.));
#5206=CARTESIAN_POINT('',(0.027350002288818,0.032950012207031,0.));
#5207=CARTESIAN_POINT('',(0.027350002288818,0.047950012207031,0.));
#5208=CARTESIAN_POINT('',(0.027350002288818,0.048450012207031,0.));
#5209=CARTESIAN_POINT('',(0.027350002288818,0.048950012207031,0.));
#5210=CARTESIAN_POINT('',(0.027350002288818,0.032950012207031,0.));
#5211=CARTESIAN_POINT('',(0.027350002288818,0.049950012207031,0.));
#5212=CARTESIAN_POINT('',(0.043350002288818,0.049950012207031,0.));
#5213=CARTESIAN_POINT('',(0.043350002288818,0.049950012207031,0.));
#5214=CARTESIAN_POINT('',(0.043350002288818,0.032950012207031,0.));
#5215=CARTESIAN_POINT('',(0.043350002288818,0.032950012207031,0.));
#5216=CARTESIAN_POINT('',(0.043350002288818,0.032950012207031,0.));
#5217=CARTESIAN_POINT('',(0.043350002288818,0.032950012207031,0.));
#5218=CARTESIAN_POINT('',(0.043350002288818,0.032950012207031,0.));
#5219=CARTESIAN_POINT('',(0.043350002288818,0.032950012207031,0.));
#5220=CARTESIAN_POINT('',(0.043350002288818,0.032950012207031,0.));
#5221=CARTESIAN_POINT('',(0.043350002288818,0.032950012207031,0.001));
#5222=CARTESIAN_POINT('',(0.043350002288818,0.041450012207031,0.001));
#5223=CARTESIAN_POINT('',(0.043350002288818,0.032950012207031,0.001));
#5224=CARTESIAN_POINT('',(0.043350002288818,0.041450012207031,0.001));
#5225=CARTESIAN_POINT('',(0.043350002288818,0.032950012207031,0.001));
#5226=CARTESIAN_POINT('',(0.043350002288818,0.032950012207031,0.001));
#5227=CARTESIAN_POINT('',(0.043350002288818,0.032950012207031,0.001));
#5228=CARTESIAN_POINT('',(0.035350002288818,0.032950012207031,0.001));
#5229=CARTESIAN_POINT('',(0.027350002288818,0.032950012207031,0.001));
#5230=CARTESIAN_POINT('',(0.027350002288818,0.032950012207031,0.001));
#5231=CARTESIAN_POINT('',(0.027350002288818,0.032950012207031,0.001));
#5232=CARTESIAN_POINT('',(0.027350002288818,0.041450012207031,0.001));
#5233=CARTESIAN_POINT('',(0.027350002288818,0.033950012207031,0.001));
#5234=CARTESIAN_POINT('',(0.027350002288818,0.033950012207031,0.0022));
#5235=CARTESIAN_POINT('',(0.027350002288818,0.034450012207031,0.0022));
#5236=CARTESIAN_POINT('',(0.027350002288818,0.034450012207031,0.001));
#5237=CARTESIAN_POINT('',(0.027350002288818,0.034950012207031,0.001));
#5238=CARTESIAN_POINT('',(0.027350002288818,0.034950012207031,0.001));
#5239=CARTESIAN_POINT('',(0.027350002288818,0.032950012207031,0.001));
#5240=CARTESIAN_POINT('',(0.027350002288818,0.041450012207031,0.001));
#5241=CARTESIAN_POINT('',(0.027350002288818,0.035950012207031,0.001));
#5242=CARTESIAN_POINT('',(0.027350002288818,0.035950012207031,0.0022));
#5243=CARTESIAN_POINT('',(0.027350002288818,0.036450012207031,0.0022));
#5244=CARTESIAN_POINT('',(0.027350002288818,0.036450012207031,0.001));
#5245=CARTESIAN_POINT('',(0.027350002288818,0.036950012207031,0.001));
#5246=CARTESIAN_POINT('',(0.027350002288818,0.036950012207031,0.001));
#5247=CARTESIAN_POINT('',(0.027350002288818,0.032950012207031,0.001));
#5248=CARTESIAN_POINT('',(0.027350002288818,0.041450012207031,0.001));
#5249=CARTESIAN_POINT('',(0.027350002288818,0.037950012207031,0.001));
#5250=CARTESIAN_POINT('',(0.027350002288818,0.037950012207031,0.0022));
#5251=CARTESIAN_POINT('',(0.027350002288818,0.038450012207031,0.0022));
#5252=CARTESIAN_POINT('',(0.027350002288818,0.038450012207031,0.001));
#5253=CARTESIAN_POINT('',(0.027350002288818,0.038950012207031,0.001));
#5254=CARTESIAN_POINT('',(0.027350002288818,0.038950012207031,0.001));
#5255=CARTESIAN_POINT('',(0.027350002288818,0.032950012207031,0.001));
#5256=CARTESIAN_POINT('',(0.027350002288818,0.041450012207031,0.001));
#5257=CARTESIAN_POINT('',(0.027350002288818,0.039950012207031,0.001));
#5258=CARTESIAN_POINT('',(0.027350002288818,0.039950012207031,0.0022));
#5259=CARTESIAN_POINT('',(0.027350002288818,0.040450012207031,0.0022));
#5260=CARTESIAN_POINT('',(0.027350002288818,0.040450012207031,0.001));
#5261=CARTESIAN_POINT('',(0.027350002288818,0.040950012207031,0.001));
#5262=CARTESIAN_POINT('',(0.027350002288818,0.040950012207031,0.001));
#5263=CARTESIAN_POINT('',(0.027350002288818,0.032950012207031,0.001));
#5264=CARTESIAN_POINT('',(0.027350002288818,0.041450012207031,0.001));
#5265=CARTESIAN_POINT('',(0.027350002288818,0.041950012207031,0.001));
#5266=CARTESIAN_POINT('',(0.027350002288818,0.041950012207031,0.0022));
#5267=CARTESIAN_POINT('',(0.027350002288818,0.042450012207031,0.0022));
#5268=CARTESIAN_POINT('',(0.027350002288818,0.042450012207031,0.001));
#5269=CARTESIAN_POINT('',(0.027350002288818,0.042950012207031,0.001));
#5270=CARTESIAN_POINT('',(0.027350002288818,0.042950012207031,0.001));
#5271=CARTESIAN_POINT('',(0.027350002288818,0.032950012207031,0.001));
#5272=CARTESIAN_POINT('',(0.027350002288818,0.041450012207031,0.001));
#5273=CARTESIAN_POINT('',(0.027350002288818,0.043950012207031,0.001));
#5274=CARTESIAN_POINT('',(0.027350002288818,0.043950012207031,0.0022));
#5275=CARTESIAN_POINT('',(0.027350002288818,0.044450012207031,0.0022));
#5276=CARTESIAN_POINT('',(0.027350002288818,0.044450012207031,0.001));
#5277=CARTESIAN_POINT('',(0.027350002288818,0.044950012207031,0.001));
#5278=CARTESIAN_POINT('',(0.027350002288818,0.044950012207031,0.001));
#5279=CARTESIAN_POINT('',(0.027350002288818,0.032950012207031,0.001));
#5280=CARTESIAN_POINT('',(0.027350002288818,0.041450012207031,0.001));
#5281=CARTESIAN_POINT('',(0.027350002288818,0.045950012207031,0.001));
#5282=CARTESIAN_POINT('',(0.027350002288818,0.045950012207031,0.0022));
#5283=CARTESIAN_POINT('',(0.027350002288818,0.046450012207031,0.0022));
#5284=CARTESIAN_POINT('',(0.027350002288818,0.046450012207031,0.001));
#5285=CARTESIAN_POINT('',(0.027350002288818,0.046950012207031,0.001));
#5286=CARTESIAN_POINT('',(0.027350002288818,0.046950012207031,0.001));
#5287=CARTESIAN_POINT('',(0.027350002288818,0.032950012207031,0.001));
#5288=CARTESIAN_POINT('',(0.027350002288818,0.041450012207031,0.001));
#5289=CARTESIAN_POINT('',(0.027350002288818,0.047950012207031,0.001));
#5290=CARTESIAN_POINT('',(0.027350002288818,0.047950012207031,0.0022));
#5291=CARTESIAN_POINT('',(0.027350002288818,0.048450012207031,0.0022));
#5292=CARTESIAN_POINT('',(0.027350002288818,0.048450012207031,0.001));
#5293=CARTESIAN_POINT('',(0.027350002288818,0.048950012207031,0.001));
#5294=CARTESIAN_POINT('',(0.027350002288818,0.048950012207031,0.001));
#5295=CARTESIAN_POINT('',(0.027350002288818,0.032950012207031,0.001));
#5296=CARTESIAN_POINT('',(0.027350002288818,0.041450012207031,0.001));
#5297=CARTESIAN_POINT('',(0.027350002288818,0.049950012207031,0.001));
#5298=CARTESIAN_POINT('',(0.027350002288818,0.049950012207031,0.001));
#5299=CARTESIAN_POINT('',(0.043350002288818,0.049950012207031,0.001));
#5300=CARTESIAN_POINT('',(0.035350002288818,0.049950012207031,0.001));
#5301=CARTESIAN_POINT('',(0.043350002288818,0.049950012207031,0.001));
#5302=CARTESIAN_POINT('',(0.043350002288818,0.049950012207031,0.001));
#5303=CARTESIAN_POINT('',(0.043350002288818,0.032950012207031,0.001));
#5304=CARTESIAN_POINT('',(0.043350002288818,0.041450012207031,0.001));
#5305=CARTESIAN_POINT('',(0.043350002288818,0.032950012207031,0.001));
#5306=CARTESIAN_POINT('',(0.043350002288818,0.041450012207031,0.001));
#5307=CARTESIAN_POINT('',(0.043350002288818,0.032950012207031,0.001));
#5308=CARTESIAN_POINT('',(0.043350002288818,0.041450012207031,0.001));
#5309=CARTESIAN_POINT('',(0.043350002288818,0.032950012207031,0.001));
#5310=CARTESIAN_POINT('',(0.043350002288818,0.041450012207031,0.001));
#5311=CARTESIAN_POINT('',(0.043350002288818,0.032950012207031,0.001));
#5312=CARTESIAN_POINT('',(0.043350002288818,0.041450012207031,0.001));
#5313=CARTESIAN_POINT('',(0.043350002288818,0.032950012207031,0.001));
#5314=CARTESIAN_POINT('',(0.043350002288818,0.041450012207031,0.001));
#5315=CARTESIAN_POINT('',(0.043350002288818,0.032950012207031,0.001));
#5316=CARTESIAN_POINT('',(0.043350002288818,0.041450012207031,0.001));
#5317=CARTESIAN_POINT('',(0.035350002288818,0.041450012207031,0.001));
#5318=CARTESIAN_POINT('',(0.033150002288818,0.041450012207031,0.001));
#5319=CARTESIAN_POINT('',(0.033150002288818,0.046650012207031,0.001));
#5320=CARTESIAN_POINT('',(0.033150002288818,0.049650012207031,0.001));
#5321=CARTESIAN_POINT('',(0.035350002288818,0.049650012207031,0.001));
#5322=CARTESIAN_POINT('',(0.042550002288818,0.049650012207031,0.001));
#5323=CARTESIAN_POINT('',(0.042550002288818,0.041450012207031,0.001));
#5324=CARTESIAN_POINT('',(0.042550002288818,0.033250012207031,0.001));
#5325=CARTESIAN_POINT('',(0.035350002288818,0.033250012207031,0.001));
#5326=CARTESIAN_POINT('',(0.028150002288818,0.033250012207031,0.001));
#5327=CARTESIAN_POINT('',(0.028150002288818,0.041450012207031,0.001));
#5328=CARTESIAN_POINT('',(0.028150002288818,0.046650012207031,0.001));
#5329=CARTESIAN_POINT('',(0.035350002288818,0.046650012207031,0.001));
#5330=CARTESIAN_POINT('',(0.035350002288818,0.046909962682335,0.001));
#5331=CARTESIAN_POINT('',(0.032163539388477,0.046909962682335,0.001));
#5332=CARTESIAN_POINT('',(0.029012879442072,0.046909962682335,0.001));
#5333=CARTESIAN_POINT('',(0.029012879442072,0.041450012207031,0.001));
#5334=CARTESIAN_POINT('',(0.029012879442072,0.049630987181503,0.001));
#5335=CARTESIAN_POINT('',(0.035350002288818,0.049630987181503,0.001));
#5336=CARTESIAN_POINT('',(0.032163539388477,0.049630987181503,0.001));
#5337=CARTESIAN_POINT('',(0.032163539388477,0.041450012207031,0.001));
#5338=CARTESIAN_POINT('',(0.033350002288818,0.049650012207031,0.0012));
#5339=CARTESIAN_POINT('',(0.033350002288818,0.049450012207031,0.0012));
#5340=CARTESIAN_POINT('',(0.033350002288818,0.049450012207031,0.0011528595479209));
#5341=CARTESIAN_POINT('',(0.0333092747752531,0.0494907397205959,0.00104072751356493));
#5342=CARTESIAN_POINT('',(0.0331971427408971,0.0496028717549519,0.001));
#5343=CARTESIAN_POINT('',(0.033150002288818,0.049650012207031,0.001));
#5344=CARTESIAN_POINT('',(0.033350002288818,0.049450012207031,0.0012));
#5345=CARTESIAN_POINT('',(0.033350002288818,0.049450012207031,0.0012));
#5346=CARTESIAN_POINT('',(0.042350002288818,0.049450012207031,0.0012));
#5347=CARTESIAN_POINT('',(0.042550002288818,0.049650012207031,0.001));
#5348=CARTESIAN_POINT('',(0.0425028618367389,0.0496028717549518,0.001));
#5349=CARTESIAN_POINT('',(0.0423907298023829,0.049490739720596,0.00104072751356493));
#5350=CARTESIAN_POINT('',(0.042350002288818,0.049450012207031,0.0011528595479209));
#5351=CARTESIAN_POINT('',(0.042350002288818,0.049450012207031,0.0012));
#5352=CARTESIAN_POINT('',(0.033150002288818,0.049450012207031,0.0012));
#5353=CARTESIAN_POINT('',(0.033350002288818,0.046450012207031,0.0012));
#5354=CARTESIAN_POINT('',(0.033350002288818,0.046450012207031,0.0011528595479209));
#5355=CARTESIAN_POINT('',(0.0333092747752531,0.0464907397205959,0.00104072751356493));
#5356=CARTESIAN_POINT('',(0.0331971427408971,0.0466028717549519,0.001));
#5357=CARTESIAN_POINT('',(0.033150002288818,0.046650012207031,0.001));
#5358=CARTESIAN_POINT('',(0.033350002288818,0.046450012207031,0.0012));
#5359=CARTESIAN_POINT('',(0.033350002288818,0.049450012207031,0.0012));
#5360=CARTESIAN_POINT('',(0.033350002288818,0.046650012207031,0.0012));
#5361=CARTESIAN_POINT('',(0.028350002288818,0.046450012207031,0.0012));
#5362=CARTESIAN_POINT('',(0.028350002288818,0.046450012207031,0.0011528595479209));
#5363=CARTESIAN_POINT('',(0.0283092747752531,0.0464907397205959,0.00104072751356493));
#5364=CARTESIAN_POINT('',(0.0281971427408971,0.0466028717549519,0.000999999999999999));
#5365=CARTESIAN_POINT('',(0.028150002288818,0.046650012207031,0.001));
#5366=CARTESIAN_POINT('',(0.028350002288818,0.046450012207031,0.0012));
#5367=CARTESIAN_POINT('',(0.033350002288818,0.046450012207031,0.0012));
#5368=CARTESIAN_POINT('',(0.028150002288818,0.046450012207031,0.0012));
#5369=CARTESIAN_POINT('',(0.028350002288818,0.033450012207031,0.0012));
#5370=CARTESIAN_POINT('',(0.028350002288818,0.033450012207031,0.0011528595479209));
#5371=CARTESIAN_POINT('',(0.028309274775253,0.0334092846934661,0.00104072751356493));
#5372=CARTESIAN_POINT('',(0.0281971427408971,0.0332971526591101,0.001));
#5373=CARTESIAN_POINT('',(0.028150002288818,0.033250012207031,0.001));
#5374=CARTESIAN_POINT('',(0.028350002288818,0.033450012207031,0.0012));
#5375=CARTESIAN_POINT('',(0.028350002288818,0.046450012207031,0.0012));
#5376=CARTESIAN_POINT('',(0.042350002288818,0.033250012207031,0.0012));
#5377=CARTESIAN_POINT('',(0.042350002288818,0.033450012207031,0.0012));
#5378=CARTESIAN_POINT('',(0.042350002288818,0.033450012207031,0.0011528595479209));
#5379=CARTESIAN_POINT('',(0.0423907298023829,0.0334092846934661,0.00104072751356493));
#5380=CARTESIAN_POINT('',(0.0425028618367389,0.0332971526591101,0.001));
#5381=CARTESIAN_POINT('',(0.042550002288818,0.033250012207031,0.001));
#5382=CARTESIAN_POINT('',(0.042350002288818,0.033450012207031,0.0012));
#5383=CARTESIAN_POINT('',(0.042350002288818,0.033450012207031,0.0012));
#5384=CARTESIAN_POINT('',(0.042550002288818,0.033450012207031,0.0012));
#5385=CARTESIAN_POINT('',(0.042350002288818,0.033450012207031,0.0012));
#5386=CARTESIAN_POINT('',(0.029012879442072,0.046909962682335,0.0012));
#5387=CARTESIAN_POINT('',(0.029012879442072,0.041450012207031,0.0012));
#5388=CARTESIAN_POINT('',(0.029012879442072,0.049630987181503,0.0012));
#5389=CARTESIAN_POINT('',(0.029012879442072,0.046909962682335,0.0012));
#5390=CARTESIAN_POINT('',(0.029012879442072,0.049630987181503,0.0012));
#5391=CARTESIAN_POINT('',(0.029012879442072,0.046909962682335,0.0012));
#5392=CARTESIAN_POINT('',(0.032163539388477,0.046909962682335,0.0012));
#5393=CARTESIAN_POINT('',(0.035350002288818,0.046909962682335,0.0012));
#5394=CARTESIAN_POINT('',(0.032163539388477,0.046909962682335,0.0012));
#5395=CARTESIAN_POINT('',(0.032163539388477,0.046909962682335,0.0012));
#5396=CARTESIAN_POINT('',(0.032163539388477,0.046909962682335,0.0012));
#5397=CARTESIAN_POINT('',(0.032163539388477,0.041450012207031,0.0012));
#5398=CARTESIAN_POINT('',(0.032163539388477,0.049630987181503,0.0012));
#5399=CARTESIAN_POINT('',(0.032163539388477,0.049630987181503,0.0012));
#5400=CARTESIAN_POINT('',(0.032163539388477,0.049630987181503,0.0012));
#5401=CARTESIAN_POINT('',(0.035350002288818,0.049630987181503,0.0012));
#5402=CARTESIAN_POINT('',(0.033350002288818,0.049450012207031,0.0032));
#5403=CARTESIAN_POINT('',(0.033350002288818,0.049450012207031,0.0032));
#5404=CARTESIAN_POINT('',(0.033350002288818,0.049450012207031,0.003));
#5405=CARTESIAN_POINT('',(0.035350002288818,0.049450012207031,0.003));
#5406=CARTESIAN_POINT('',(0.042350002288818,0.049450012207031,0.003));
#5407=CARTESIAN_POINT('',(0.042350002288818,0.049450012207031,0.0032));
#5408=CARTESIAN_POINT('',(0.033350002288818,0.049450012207031,0.0032));
#5409=CARTESIAN_POINT('',(0.033350002288818,0.046450012207031,0.0032));
#5410=CARTESIAN_POINT('',(0.033350002288818,0.046450012207031,0.003));
#5411=CARTESIAN_POINT('',(0.033350002288818,0.041450012207031,0.003));
#5412=CARTESIAN_POINT('',(0.033350002288818,0.046450012207031,0.0032));
#5413=CARTESIAN_POINT('',(0.028350002288818,0.046450012207031,0.0032));
#5414=CARTESIAN_POINT('',(0.028350002288818,0.046450012207031,0.003));
#5415=CARTESIAN_POINT('',(0.035350002288818,0.046450012207031,0.003));
#5416=CARTESIAN_POINT('',(0.028350002288818,0.046450012207031,0.0032));
#5417=CARTESIAN_POINT('',(0.028350002288818,0.033450012207031,0.0032));
#5418=CARTESIAN_POINT('',(0.028350002288818,0.033450012207031,0.003));
#5419=CARTESIAN_POINT('',(0.028350002288818,0.041450012207031,0.003));
#5420=CARTESIAN_POINT('',(0.042350002288818,0.033450012207031,0.0032));
#5421=CARTESIAN_POINT('',(0.042350002288818,0.033450012207031,0.0032));
#5422=CARTESIAN_POINT('',(0.042350002288818,0.033450012207031,0.003));
#5423=CARTESIAN_POINT('',(0.035350002288818,0.033450012207031,0.003));
#5424=CARTESIAN_POINT('',(0.042350002288818,0.033450012207031,0.0032));
#5425=CARTESIAN_POINT('',(0.042350002288818,0.041450012207031,0.003));
#5426=CARTESIAN_POINT('',(0.035350002288818,0.041450012207031,0.0012));
#5427=CARTESIAN_POINT('',(0.035350002288818,0.049250012207031,0.003));
#5428=CARTESIAN_POINT('',(0.033350002288818,0.049450012207031,0.003));
#5429=CARTESIAN_POINT('',(0.033350002288818,0.049450012207031,0.0030471404520791));
#5430=CARTESIAN_POINT('',(0.0333907298023829,0.0494092846934661,0.00315927248643507));
#5431=CARTESIAN_POINT('',(0.0335028618367389,0.0492971526591101,0.0032));
#5432=CARTESIAN_POINT('',(0.033550002288818,0.049250012207031,0.0032));
#5433=CARTESIAN_POINT('',(0.033550002288818,0.049250012207031,0.0032));
#5434=CARTESIAN_POINT('',(0.035350002288818,0.049250012207031,0.0032));
#5435=CARTESIAN_POINT('',(0.042150002288818,0.049250012207031,0.0032));
#5436=CARTESIAN_POINT('',(0.042150002288818,0.049250012207031,0.0032));
#5437=CARTESIAN_POINT('',(0.0421971427408971,0.0492971526591101,0.0032));
#5438=CARTESIAN_POINT('',(0.0423092747752531,0.0494092846934661,0.00315927248643507));
#5439=CARTESIAN_POINT('',(0.042350002288818,0.049450012207031,0.00304714045207909));
#5440=CARTESIAN_POINT('',(0.042350002288818,0.049450012207031,0.003));
#5441=CARTESIAN_POINT('',(0.033550002288818,0.041450012207031,0.003));
#5442=CARTESIAN_POINT('',(0.033350002288818,0.046450012207031,0.003));
#5443=CARTESIAN_POINT('',(0.033350002288818,0.046450012207031,0.0030471404520791));
#5444=CARTESIAN_POINT('',(0.0333907298023829,0.0464092846934661,0.00315927248643507));
#5445=CARTESIAN_POINT('',(0.0335028618367389,0.0462971526591101,0.0032));
#5446=CARTESIAN_POINT('',(0.033550002288818,0.046250012207031,0.0032));
#5447=CARTESIAN_POINT('',(0.033550002288818,0.046250012207031,0.0032));
#5448=CARTESIAN_POINT('',(0.033550002288818,0.041450012207031,0.0032));
#5449=CARTESIAN_POINT('',(0.035350002288818,0.046250012207031,0.003));
#5450=CARTESIAN_POINT('',(0.028350002288818,0.046450012207031,0.003));
#5451=CARTESIAN_POINT('',(0.028350002288818,0.046450012207031,0.00304714045207911));
#5452=CARTESIAN_POINT('',(0.0283907298023829,0.0464092846934661,0.00315927248643506));
#5453=CARTESIAN_POINT('',(0.0285028618367389,0.0462971526591101,0.0032));
#5454=CARTESIAN_POINT('',(0.028550002288818,0.046250012207031,0.0032));
#5455=CARTESIAN_POINT('',(0.028550002288818,0.046250012207031,0.0032));
#5456=CARTESIAN_POINT('',(0.035350002288818,0.046250012207031,0.0032));
#5457=CARTESIAN_POINT('',(0.028550002288818,0.041450012207031,0.003));
#5458=CARTESIAN_POINT('',(0.028350002288818,0.033450012207031,0.003));
#5459=CARTESIAN_POINT('',(0.028350002288818,0.033450012207031,0.00304714045207911));
#5460=CARTESIAN_POINT('',(0.0283907298023829,0.0334907397205959,0.00315927248643506));
#5461=CARTESIAN_POINT('',(0.0285028618367389,0.0336028717549519,0.0032));
#5462=CARTESIAN_POINT('',(0.028550002288818,0.033650012207031,0.0032));
#5463=CARTESIAN_POINT('',(0.028550002288818,0.033650012207031,0.0032));
#5464=CARTESIAN_POINT('',(0.028550002288818,0.041450012207031,0.0032));
#5465=CARTESIAN_POINT('',(0.035350002288818,0.033650012207031,0.003));
#5466=CARTESIAN_POINT('',(0.042350002288818,0.033450012207031,0.003));
#5467=CARTESIAN_POINT('',(0.042350002288818,0.033450012207031,0.0030471404520791));
#5468=CARTESIAN_POINT('',(0.0423092747752531,0.0334907397205959,0.00315927248643507));
#5469=CARTESIAN_POINT('',(0.0421971427408971,0.0336028717549519,0.0032));
#5470=CARTESIAN_POINT('',(0.042150002288818,0.033650012207031,0.0032));
#5471=CARTESIAN_POINT('',(0.042150002288818,0.033650012207031,0.0032));
#5472=CARTESIAN_POINT('',(0.035350002288818,0.033650012207031,0.0032));
#5473=CARTESIAN_POINT('',(0.042150002288818,0.041450012207031,0.003));
#5474=CARTESIAN_POINT('',(0.042150002288818,0.041450012207031,0.0032));
#5475=CARTESIAN_POINT('',(0.035350002288818,0.041450012207031,0.0032));
#5476=CARTESIAN_POINT('',(0.0382859955579787,0.0401654495208661,0.0032));
#5477=CARTESIAN_POINT('',(0.0382929465479555,0.040434614299815,0.00319999999998334));
#5478=CARTESIAN_POINT('',(0.0380164965576337,0.0401545954763554,0.00319999999998334));
#5479=CARTESIAN_POINT('',(0.03829294747986,0.040434614350811,0.0032));
#5480=CARTESIAN_POINT('',(0.0383785002064591,0.0404316410304026,0.0032));
#5481=CARTESIAN_POINT('',(0.0385461965858699,0.0403677663612427,0.0032));
#5482=CARTESIAN_POINT('',(0.0387440517370222,0.0400786547376506,0.0032));
#5483=CARTESIAN_POINT('',(0.0388538925788857,0.039849075733336,0.0032));
#5484=CARTESIAN_POINT('',(0.038926109377873,0.039693993285601,0.0032));
#5485=CARTESIAN_POINT('',(0.0389261094461046,0.0396939932858162,0.00319999995832916));
#5486=CARTESIAN_POINT('',(0.038926109377873,0.039693993285601,0.0032));
#5487=CARTESIAN_POINT('',(0.039067456083274,0.0396944391742615,0.00319999995832916));
#5488=CARTESIAN_POINT('',(0.039067456083274,0.0396944391742613,0.0032));
#5489=CARTESIAN_POINT('',(0.0391366974240723,0.0396950602484826,0.0032));
#5490=CARTESIAN_POINT('',(0.0392933551299297,0.0396724303144541,0.0032));
#5491=CARTESIAN_POINT('',(0.0393695232164604,0.0398163839407301,0.0032));
#5492=CARTESIAN_POINT('',(0.0393715521182048,0.0398857243303855,0.0032));
#5493=CARTESIAN_POINT('',(0.039371552111401,0.0398857243305846,0.00319999999998334));
#5494=CARTESIAN_POINT('',(0.0390959419982054,0.0398990056316513,0.0032));
#5495=CARTESIAN_POINT('',(0.0393274095700701,0.0400466905420599,0.00319999999998334));
#5496=CARTESIAN_POINT('',(0.0392593145112165,0.0400097068954233,0.0032));
#5497=CARTESIAN_POINT('',(0.0392640933601698,0.0400859293727151,0.00319999999998334));
#5498=CARTESIAN_POINT('',(0.0392899528598391,0.0399506799907776,0.0032));
#5499=CARTESIAN_POINT('',(0.0391860588327935,0.0400435670710758,0.0032));
#5500=CARTESIAN_POINT('',(0.0390460819824014,0.0401773999407626,0.0032));
#5501=CARTESIAN_POINT('',(0.0390585928807385,0.0399852425783918,0.0032));
#5502=CARTESIAN_POINT('',(0.0390663631926672,0.0401672838449723,0.0032));
#5503=CARTESIAN_POINT('',(0.0388851371749648,0.0401861658732602,0.0032));
#5504=CARTESIAN_POINT('',(0.0390926872451472,0.0402022228473436,0.0032));
#5505=CARTESIAN_POINT('',(0.0390741438147349,0.04040741509411,0.00319999999998334));
#5506=CARTESIAN_POINT('',(0.039074144413183,0.040407415142516,0.0032));
#5507=CARTESIAN_POINT('',(0.0392141846971035,0.0403992084897917,0.0032));
#5508=CARTESIAN_POINT('',(0.0394430712033515,0.0401896604185218,0.0032));
#5509=CARTESIAN_POINT('',(0.0394831117066137,0.0399043696081248,0.0032));
#5510=CARTESIAN_POINT('',(0.0394856995305794,0.039764449982759,0.0032));
#5511=CARTESIAN_POINT('',(0.0394856995138652,0.0397644499824499,0.0032));
#5512=CARTESIAN_POINT('',(0.0390181109871706,0.0397144994564025,0.0032));
#5513=CARTESIAN_POINT('',(0.0392215099093826,0.0392946248162744,0.0032));
#5514=CARTESIAN_POINT('',(0.0389822824809627,0.0406668381684902,0.0032));
#5515=CARTESIAN_POINT('',(0.0389270010718608,0.039273966167206,0.00319999991665833));
#5516=CARTESIAN_POINT('',(0.038927001155194,0.039273966167342,0.0032));
#5517=CARTESIAN_POINT('',(0.038380787545993,0.0392730743900209,0.00319999995832916));
#5518=CARTESIAN_POINT('',(0.038380787545993,0.0392730743900209,0.0032));
#5519=CARTESIAN_POINT('',(0.0383132538786369,0.0392726410014236,0.0032));
#5520=CARTESIAN_POINT('',(0.0382171211595134,0.0392762810417614,0.0032));
#5521=CARTESIAN_POINT('',(0.0382104581080307,0.0392084208436114,0.0032));
#5522=CARTESIAN_POINT('',(0.0382104581260848,0.0392084208418387,0.00319999999998334));
#5523=CARTESIAN_POINT('',(0.0383204343356856,0.0392293854306517,0.0032));
#5524=CARTESIAN_POINT('',(0.0382666398776274,0.0391286063846909,0.00319999991665833));
#5525=CARTESIAN_POINT('',(0.038266640048887,0.039128606463995,0.0032));
#5526=CARTESIAN_POINT('',(0.0382329372875005,0.0390865820331304,0.0032));
#5527=CARTESIAN_POINT('',(0.0384086826115635,0.0394388194844174,0.0032));
#5528=CARTESIAN_POINT('',(0.038017388342777,0.0394215544026961,0.00319999999998334));
#5529=CARTESIAN_POINT('',(0.0382551135031458,0.0394552370382361,0.0032));
#5530=CARTESIAN_POINT('',(0.0382443454563566,0.0396931015651508,0.00319999999998334));
#5531=CARTESIAN_POINT('',(0.038776398394073,0.0402568562225106,0.0032));
#5532=CARTESIAN_POINT('',(0.0386259225074616,0.036781051326044,0.0032));
#5533=CARTESIAN_POINT('',(0.0379946481078645,0.0367246246668649,0.0032));
#5534=CARTESIAN_POINT('',(0.0384873597432439,0.036152105472706,0.0032));
#5535=CARTESIAN_POINT('',(0.0385525903830125,0.0367056695767621,0.0032));
#5536=CARTESIAN_POINT('',(0.0382840267618157,0.0372021725436354,0.0032));
#5537=CARTESIAN_POINT('',(0.0388162874292111,0.0363223973985219,0.0032));
#5538=CARTESIAN_POINT('',(0.0385564636444398,0.0373185502402012,0.0032));
#5539=CARTESIAN_POINT('',(0.0390238093037525,0.0356778614745754,0.0032));
#5540=CARTESIAN_POINT('',(0.0390313327842392,0.0373840969850671,0.0032));
#5541=CARTESIAN_POINT('',(0.0390581862337843,0.0354619126582426,0.0032));
#5542=CARTESIAN_POINT('',(0.0396430918277032,0.0372918002866592,0.0032));
#5543=CARTESIAN_POINT('',(0.0394971348155747,0.036674950110357,0.0032));
#5544=CARTESIAN_POINT('',(0.0401237499680468,0.0367308770018405,0.0032));
#5545=CARTESIAN_POINT('',(0.0395025116557709,0.0367714425585472,0.0032));
#5546=CARTESIAN_POINT('',(0.039673425937897,0.0361690533180921,0.0032));
#5547=CARTESIAN_POINT('',(0.0390762668468651,0.0378900001598569,0.0032));
#5548=CARTESIAN_POINT('',(0.0390580984409529,0.0360673880980711,0.0032));
#5549=CARTESIAN_POINT('',(0.0390346587039593,0.0378896144361378,0.0032));
#5550=CARTESIAN_POINT('',(0.03803522383405,0.035878903594154,0.0032));
#5551=CARTESIAN_POINT('',(0.038068219594932,0.035878903594154,0.0031999999513882));
#5552=CARTESIAN_POINT('',(0.0380352238340491,0.035878903594154,0.0032));
#5553=CARTESIAN_POINT('',(0.038068219594932,0.035878903594154,0.0032));
#5554=CARTESIAN_POINT('',(0.0382697013141416,0.035710600430721,0.0032));
#5555=CARTESIAN_POINT('',(0.0386654069462513,0.0353720615264283,0.0032));
#5556=CARTESIAN_POINT('',(0.0391357493289382,0.0350979207124034,0.0032));
#5557=CARTESIAN_POINT('',(0.0393983009626484,0.0350928019734295,0.0032));
#5558=CARTESIAN_POINT('',(0.0393983009631061,0.0350928019969079,0.0032));
#5559=CARTESIAN_POINT('',(0.0394215220364168,0.0354404644927032,0.0032));
#5560=CARTESIAN_POINT('',(0.0397663588689757,0.0354307527324473,0.0032));
#5561=CARTESIAN_POINT('',(0.0393719560139481,0.0354270225438754,0.0032));
#5562=CARTESIAN_POINT('',(0.0395321475018634,0.0357873527717812,0.0032));
#5563=CARTESIAN_POINT('',(0.039532963844912,0.035789725862039,0.0032));
#5564=CARTESIAN_POINT('',(0.0395521370996532,0.0358454619322313,0.0032));
#5565=CARTESIAN_POINT('',(0.0395521371419897,0.0358454619198518,0.0032));
#5566=CARTESIAN_POINT('',(0.0399232093781524,0.0357369577991298,0.0032));
#5567=CARTESIAN_POINT('',(0.0401122661343836,0.0355275391026128,0.0032));
#5568=CARTESIAN_POINT('',(0.0401193074106832,0.0352172058303006,0.0032));
#5569=CARTESIAN_POINT('',(0.0401188316918621,0.0352171950365252,0.0032));
#5570=CARTESIAN_POINT('',(0.0395729519872696,0.0352035866539205,0.0032));
#5571=CARTESIAN_POINT('',(0.0396146218128349,0.034660396606967,0.0032));
#5572=CARTESIAN_POINT('',(0.0396281041113678,0.0354975824902966,0.0032));
#5573=CARTESIAN_POINT('',(0.0392073482127146,0.0347707428545001,0.0032));
#5574=CARTESIAN_POINT('',(0.0415455113163554,0.0382518784510419,0.0032));
#5575=CARTESIAN_POINT('',(0.0384302813020495,0.0354343522808748,0.00319999990277639));
#5576=CARTESIAN_POINT('',(0.038430281187317,0.035434352599563,0.0032));
#5577=CARTESIAN_POINT('',(0.0384311729646381,0.034993368714257,0.0031999999513882));
#5578=CARTESIAN_POINT('',(0.0384311729646381,0.034993368714257,0.0032));
#5579=CARTESIAN_POINT('',(0.0384305785246601,0.0349157346615747,0.0032));
#5580=CARTESIAN_POINT('',(0.0384083154529912,0.0347398037211512,0.0032));
#5581=CARTESIAN_POINT('',(0.0385582484594659,0.0346541516563878,0.0032));
#5582=CARTESIAN_POINT('',(0.038627363975289,0.034618822239377,0.0032));
#5583=CARTESIAN_POINT('',(0.038627363975289,0.0346188221729093,0.0031999999513882));
#5584=CARTESIAN_POINT('',(0.038627363975289,0.034618822239377,0.0032));
#5585=CARTESIAN_POINT('',(0.038627363975289,0.034564423822787,0.0032));
#5586=CARTESIAN_POINT('',(0.038627363975289,0.034564423822787,0.0032));
#5587=CARTESIAN_POINT('',(0.038037453277352,0.034678125431233,0.0032));
#5588=CARTESIAN_POINT('',(0.038037453277352,0.034678125431233,0.0032));
#5589=CARTESIAN_POINT('',(0.038587679884499,0.038636622824579,0.0032));
#5590=CARTESIAN_POINT('',(0.038898910169578,0.0386370687132395,0.0032));
#5591=CARTESIAN_POINT('',(0.0385876798844987,0.038636622824579,0.0032));
#5592=CARTESIAN_POINT('',(0.038898910169578,0.03863706871324,0.0032));
#5593=CARTESIAN_POINT('',(0.0389006937242203,0.037760005717894,0.0032));
#5594=CARTESIAN_POINT('',(0.03890069372422,0.037760005717894,0.0032));
#5595=CARTESIAN_POINT('',(0.038589463439141,0.0377595598292336,0.0032));
#5596=CARTESIAN_POINT('',(0.038589463439141,0.037759559829234,0.0032));
#5597=CARTESIAN_POINT('',(0.038394610094471,0.0422966438729246,0.0032));
#5598=CARTESIAN_POINT('',(0.0383103916562383,0.0422959512451918,0.0032));
#5599=CARTESIAN_POINT('',(0.0381012973047471,0.0423072546018084,0.0032));
#5600=CARTESIAN_POINT('',(0.0380941865694692,0.0420972711928294,0.0032));
#5601=CARTESIAN_POINT('',(0.038092743471263,0.042013058684801,0.0032));
#5602=CARTESIAN_POINT('',(0.0380927433886381,0.042013058684801,0.00319999995832916));
#5603=CARTESIAN_POINT('',(0.038394610094471,0.0422966438729244,0.00319999995832916));
#5604=CARTESIAN_POINT('',(0.038092743471263,0.042013058684801,0.0032));
#5605=CARTESIAN_POINT('',(0.038037007388692,0.042013058684801,0.0032));
#5606=CARTESIAN_POINT('',(0.038037007388692,0.042013058684801,0.0032));
#5607=CARTESIAN_POINT('',(0.0380352238340497,0.043057775816521,0.0032));
#5608=CARTESIAN_POINT('',(0.03803522383405,0.043057775816521,0.0032));
#5609=CARTESIAN_POINT('',(0.0380909599170663,0.0430577757756636,0.00319999995832916));
#5610=CARTESIAN_POINT('',(0.038090959916621,0.043057775816521,0.0032));
#5611=CARTESIAN_POINT('',(0.0380918772674018,0.0429736012251003,0.0032));
#5612=CARTESIAN_POINT('',(0.0381016469291172,0.0427645306607843,0.0032));
#5613=CARTESIAN_POINT('',(0.0383095913918736,0.0427757870614471,0.0032));
#5614=CARTESIAN_POINT('',(0.03839371831715,0.042775082405719,0.0032));
#5615=CARTESIAN_POINT('',(0.0383937183588166,0.0427750824058032,0.00319999995832916));
#5616=CARTESIAN_POINT('',(0.03839371831715,0.042775082405719,0.0032));
#5617=CARTESIAN_POINT('',(0.039718007639049,0.0427777577376824,0.00319999995832916));
#5618=CARTESIAN_POINT('',(0.039718007639049,0.0427777577376822,0.0032));
#5619=CARTESIAN_POINT('',(0.0398023071306021,0.0427783935343884,0.0032));
#5620=CARTESIAN_POINT('',(0.0400111551784415,0.0427669500453251,0.0032));
#5621=CARTESIAN_POINT('',(0.0400198934330122,0.0429770123189218,0.0032));
#5622=CARTESIAN_POINT('',(0.040020320150917,0.043061342925806,0.0032));
#5623=CARTESIAN_POINT('',(0.0400203202340397,0.043061342925806,0.00319999995832916));
#5624=CARTESIAN_POINT('',(0.040020320150917,0.043061342925806,0.0032));
#5625=CARTESIAN_POINT('',(0.040076056233488,0.043061342925806,0.0032));
#5626=CARTESIAN_POINT('',(0.040076056233488,0.043061342925806,0.0032));
#5627=CARTESIAN_POINT('',(0.0400778397881305,0.042112937744769,0.00319999995832916));
#5628=CARTESIAN_POINT('',(0.0400778397881307,0.042112937744769,0.0032));
#5629=CARTESIAN_POINT('',(0.0400765828278572,0.0419070002785845,0.0032));
#5630=CARTESIAN_POINT('',(0.0401061772393124,0.0414595481572498,0.0032));
#5631=CARTESIAN_POINT('',(0.0397224103550813,0.0411874707474972,0.0032));
#5632=CARTESIAN_POINT('',(0.0395164715526661,0.0411823682486125,0.0032));
#5633=CARTESIAN_POINT('',(0.0395164715523618,0.0411823682608956,0.0032));
#5634=CARTESIAN_POINT('',(0.0395020050098779,0.0416629443565104,0.0032));
#5635=CARTESIAN_POINT('',(0.039142811823837,0.0413437792547228,0.00319999999998334));
#5636=CARTESIAN_POINT('',(0.0396699874406035,0.0417732139979713,0.0032));
#5637=CARTESIAN_POINT('',(0.0390023562219807,0.0416344990262087,0.00319999991665833));
#5638=CARTESIAN_POINT('',(0.039002356338831,0.041634499211975,0.0032));
#5639=CARTESIAN_POINT('',(0.0383125666487569,0.0411422381791104,0.00319999991665833));
#5640=CARTESIAN_POINT('',(0.0389929592973718,0.0401289070390794,0.0032));
#5641=CARTESIAN_POINT('',(0.0381458045391462,0.0410049047416777,0.00319999999998334));
#5642=CARTESIAN_POINT('',(0.0383419142156083,0.0408549872837145,0.0032));
#5643=CARTESIAN_POINT('',(0.0380954087283747,0.040862220051864,0.0032));
#5644=CARTESIAN_POINT('',(0.038094972914566,0.040862220051864,0.0032));
#5645=CARTESIAN_POINT('',(0.038039236831995,0.040862220051864,0.0032));
#5646=CARTESIAN_POINT('',(0.038039236831995,0.040862220051864,0.0032));
#5647=CARTESIAN_POINT('',(0.0380378991660133,0.0415047456117485,0.0032));
#5648=CARTESIAN_POINT('',(0.038037899166013,0.0415047456117484,0.0032));
#5649=CARTESIAN_POINT('',(0.0389671311346453,0.0421642149407342,0.0032));
#5650=CARTESIAN_POINT('',(0.038967131134645,0.042164214940735,0.0032));
#5651=CARTESIAN_POINT('',(0.0389666852459847,0.042297981538906,0.0032));
#5652=CARTESIAN_POINT('',(0.038966685245985,0.042297981538906,0.0032));
#5653=CARTESIAN_POINT('',(0.038776398394073,0.0402568562225106,0.00315));
#5654=CARTESIAN_POINT('',(0.0382508741172955,0.0396921163752857,0.00319999999998334));
#5655=CARTESIAN_POINT('',(0.0382443454564469,0.0396931015649364,0.00310000000001667));
#5656=CARTESIAN_POINT('',(0.038776398394073,0.0402568562225106,0.0031));
#5657=CARTESIAN_POINT('',(0.0380164965588579,0.0401545971258919,0.00310000000001666));
#5658=CARTESIAN_POINT('',(0.0380118581945766,0.0401539720941048,0.00310000000001665));
#5659=CARTESIAN_POINT('',(0.0380118581945766,0.0401539720941048,0.00313333333333887));
#5660=CARTESIAN_POINT('',(0.0380118581945766,0.0401539720941048,0.00316666666666109));
#5661=CARTESIAN_POINT('',(0.0380118581945766,0.0401539720941048,0.00319999999998331));
#5662=CARTESIAN_POINT('',(0.0382859955579787,0.0401654495208661,0.00315));
#5663=CARTESIAN_POINT('',(0.0382859955579787,0.0401654495208661,0.0031));
#5664=CARTESIAN_POINT('',(0.0382929484198392,0.0404346143097199,0.00310000000001667));
#5665=CARTESIAN_POINT('',(0.0382929395826106,0.0404343085847477,0.00310000000001665));
#5666=CARTESIAN_POINT('',(0.0382929395826106,0.0404343085847477,0.00313333333333887));
#5667=CARTESIAN_POINT('',(0.0382929395826106,0.0404343085847477,0.00316666666666109));
#5668=CARTESIAN_POINT('',(0.0382929395826106,0.0404343085847477,0.00319999999998331));
#5669=CARTESIAN_POINT('',(0.0389287091947857,0.0396884102913927,0.0032));
#5670=CARTESIAN_POINT('',(0.0389287091947857,0.0396884102913927,0.00310000000000005));
#5671=CARTESIAN_POINT('',(0.0389278425891482,0.0396902712894621,0.0032));
#5672=CARTESIAN_POINT('',(0.0389278425891482,0.0396902712894621,0.00310000000000005));
#5673=CARTESIAN_POINT('',(0.0389269759835106,0.0396921322875316,0.0032));
#5674=CARTESIAN_POINT('',(0.0389269759835106,0.0396921322875316,0.00310000000000005));
#5675=CARTESIAN_POINT('',(0.038926109377873,0.039693993285601,0.0032));
#5676=CARTESIAN_POINT('',(0.038926109377873,0.039693993285601,0.00310000000000005));
#5677=CARTESIAN_POINT('',(0.038908847463117,0.039731062499835,0.0032));
#5678=CARTESIAN_POINT('',(0.038908847463117,0.039731062499835,0.00310000000000005));
#5679=CARTESIAN_POINT('',(0.038875787477097,0.039802057387812,0.0032));
#5680=CARTESIAN_POINT('',(0.038875787477097,0.039802057387812,0.00310000000000005));
#5681=CARTESIAN_POINT('',(0.038826284009625,0.039903072735926,0.0032));
#5682=CARTESIAN_POINT('',(0.038826284009625,0.039903072735926,0.00310000000000005));
#5683=CARTESIAN_POINT('',(0.038779223319327,0.039993719061299,0.0032));
#5684=CARTESIAN_POINT('',(0.038779223319327,0.039993719061299,0.00310000000000005));
#5685=CARTESIAN_POINT('',(0.038734990765432,0.0400743410226,0.0032));
#5686=CARTESIAN_POINT('',(0.038734990765432,0.0400743410226,0.00310000000000005));
#5687=CARTESIAN_POINT('',(0.038693893594907,0.040144772230189,0.0032));
#5688=CARTESIAN_POINT('',(0.038693893594907,0.040144772230189,0.00310000000000005));
#5689=CARTESIAN_POINT('',(0.038655055059838,0.040204992097357,0.0032));
#5690=CARTESIAN_POINT('',(0.038655055059838,0.040204992097357,0.00310000000000005));
#5691=CARTESIAN_POINT('',(0.038618765351689,0.040254905840926,0.0032));
#5692=CARTESIAN_POINT('',(0.038618765351689,0.040254905840926,0.00310000000000005));
#5693=CARTESIAN_POINT('',(0.03858462906819,0.040295873381765,0.0032));
#5694=CARTESIAN_POINT('',(0.03858462906819,0.040295873381765,0.00310000000000005));
#5695=CARTESIAN_POINT('',(0.038551205915177,0.040329463216946,0.0032));
#5696=CARTESIAN_POINT('',(0.038551205915177,0.040329463216946,0.00310000000000005));
#5697=CARTESIAN_POINT('',(0.038517260771561,0.040357603818279,0.0032));
#5698=CARTESIAN_POINT('',(0.038517260771561,0.040357603818279,0.00310000000000005));
#5699=CARTESIAN_POINT('',(0.038482391824052,0.040381487277627,0.0032));
#5700=CARTESIAN_POINT('',(0.038482391824052,0.040381487277627,0.00310000000000005));
#5701=CARTESIAN_POINT('',(0.03844642941312,0.040400700605253,0.0032));
#5702=CARTESIAN_POINT('',(0.03844642941312,0.040400700605253,0.00310000000000005));
#5703=CARTESIAN_POINT('',(0.038409663497204,0.040416205802659,0.0032));
#5704=CARTESIAN_POINT('',(0.038409663497204,0.040416205802659,0.00310000000000005));
#5705=CARTESIAN_POINT('',(0.038371612628761,0.040426842971123,0.0032));
#5706=CARTESIAN_POINT('',(0.038371612628761,0.040426842971123,0.00310000000000005));
#5707=CARTESIAN_POINT('',(0.038332550600926,0.040433237974243,0.0032));
#5708=CARTESIAN_POINT('',(0.038332550600926,0.040433237974243,0.00310000000000005));
#5709=CARTESIAN_POINT('',(0.038306199119333,0.040434153800088,0.0032));
#5710=CARTESIAN_POINT('',(0.038306199119333,0.040434153800088,0.00310000000000005));
#5711=CARTESIAN_POINT('',(0.03829294747986,0.040434614350811,0.0032));
#5712=CARTESIAN_POINT('',(0.03829294747986,0.040434614350811,0.00310000000000005));
#5713=CARTESIAN_POINT('',(0.038926109377873,0.039693993285601,0.0031000000000001));
#5714=CARTESIAN_POINT('',(0.0388538926450276,0.0398490755912992,0.00310000000000009));
#5715=CARTESIAN_POINT('',(0.0387440518639252,0.0400786544273,0.00310000000000007));
#5716=CARTESIAN_POINT('',(0.0385461970935915,0.0403677657261335,0.00310000000000004));
#5717=CARTESIAN_POINT('',(0.0383785010683746,0.0404316410004443,0.00310000000000001));
#5718=CARTESIAN_POINT('',(0.0382929484201316,0.0404346143181326,0.0031));
#5719=CARTESIAN_POINT('',(0.0389261094461046,0.0396939932858162,0.00310000004167084));
#5720=CARTESIAN_POINT('',(0.038926109377873,0.039693993285601,0.0032));
#5721=CARTESIAN_POINT('',(0.038926109377873,0.039693993285601,0.00316666666666666));
#5722=CARTESIAN_POINT('',(0.038926109377873,0.039693993285601,0.00313333333333332));
#5723=CARTESIAN_POINT('',(0.038926109377873,0.039693993285601,0.00309999999999997));
#5724=CARTESIAN_POINT('',(0.038926109377873,0.039693993285601,0.0031));
#5725=CARTESIAN_POINT('',(0.038926109377873,0.039693993285601,0.0031));
#5726=CARTESIAN_POINT('',(0.039067456083274,0.0396944391742615,0.00310000004167091));
#5727=CARTESIAN_POINT('',(0.039067456083274,0.0396944391742616,0.00309999999999997));
#5728=CARTESIAN_POINT('',(0.039067456083274,0.0396944391742616,0.00313333333333331));
#5729=CARTESIAN_POINT('',(0.039067456083274,0.0396944391742616,0.00316666666666666));
#5730=CARTESIAN_POINT('',(0.039067456083274,0.0396944391742616,0.0032));
#5731=CARTESIAN_POINT('',(0.039371552149784,0.039885725409647,0.0032));
#5732=CARTESIAN_POINT('',(0.039371552149784,0.039885725409647,0.00310000002083552));
#5733=CARTESIAN_POINT('',(0.039371264196507,0.039875884227061,0.0032));
#5734=CARTESIAN_POINT('',(0.039371264196507,0.039875884227061,0.00310000002083552));
#5735=CARTESIAN_POINT('',(0.039370700365573,0.039856614562119,0.0032));
#5736=CARTESIAN_POINT('',(0.039370700365573,0.039856614562119,0.00310000002083552));
#5737=CARTESIAN_POINT('',(0.039364621236005,0.039828513757973,0.0032));
#5738=CARTESIAN_POINT('',(0.039364621236005,0.039828513757973,0.00310000002083552));
#5739=CARTESIAN_POINT('',(0.03935479158932,0.03980188012475,0.0032));
#5740=CARTESIAN_POINT('',(0.03935479158932,0.03980188012475,0.00310000002083552));
#5741=CARTESIAN_POINT('',(0.039340928018854,0.039777413831111,0.0032));
#5742=CARTESIAN_POINT('',(0.039340928018854,0.039777413831111,0.00310000002083552));
#5743=CARTESIAN_POINT('',(0.039325232290324,0.039755292250277,0.0032));
#5744=CARTESIAN_POINT('',(0.039325232290324,0.039755292250277,0.00310000002083552));
#5745=CARTESIAN_POINT('',(0.039307778799409,0.039736649966675,0.0032));
#5746=CARTESIAN_POINT('',(0.039307778799409,0.039736649966675,0.00310000002083552));
#5747=CARTESIAN_POINT('',(0.039288700533135,0.039722239703358,0.0032));
#5748=CARTESIAN_POINT('',(0.039288700533135,0.039722239703358,0.00310000002083552));
#5749=CARTESIAN_POINT('',(0.039271415351961,0.039712583783737,0.0032));
#5750=CARTESIAN_POINT('',(0.039271415351961,0.039712583783737,0.00310000002083552));
#5751=CARTESIAN_POINT('',(0.039254918503498,0.039707255566546,0.0032));
#5752=CARTESIAN_POINT('',(0.039254918503498,0.039707255566546,0.00310000002083552));
#5753=CARTESIAN_POINT('',(0.039239100935341,0.039703807654184,0.0032));
#5754=CARTESIAN_POINT('',(0.039239100935341,0.039703807654184,0.00310000002083552));
#5755=CARTESIAN_POINT('',(0.039219520601803,0.039701433279237,0.0032));
#5756=CARTESIAN_POINT('',(0.039219520601803,0.039701433279237,0.00310000002083552));
#5757=CARTESIAN_POINT('',(0.039196385271665,0.039698467631217,0.0032));
#5758=CARTESIAN_POINT('',(0.039196385271665,0.039698467631217,0.00310000002083552));
#5759=CARTESIAN_POINT('',(0.039169276696148,0.039697015638705,0.0032));
#5760=CARTESIAN_POINT('',(0.039169276696148,0.039697015638705,0.00310000002083552));
#5761=CARTESIAN_POINT('',(0.039138512866933,0.039695625472021,0.0032));
#5762=CARTESIAN_POINT('',(0.039138512866933,0.039695625472021,0.00310000002083552));
#5763=CARTESIAN_POINT('',(0.039104171604582,0.03969476850156,0.0032));
#5764=CARTESIAN_POINT('',(0.039104171604582,0.03969476850156,0.00310000002083552));
#5765=CARTESIAN_POINT('',(0.039080089923568,0.039694552496049,0.0032));
#5766=CARTESIAN_POINT('',(0.039080089923568,0.039694552496049,0.00310000002083552));
#5767=CARTESIAN_POINT('',(0.039067456083274,0.039694439174261,0.0032));
#5768=CARTESIAN_POINT('',(0.039067456083274,0.039694439174261,0.00310000002083552));
#5769=CARTESIAN_POINT('',(0.039371552149784,0.039885725409647,0.00310000000000015));
#5770=CARTESIAN_POINT('',(0.0393695232427851,0.0398163848401138,0.00310000000000015));
#5771=CARTESIAN_POINT('',(0.0392933560014764,0.0396724303250429,0.00310000000000015));
#5772=CARTESIAN_POINT('',(0.0391366976036923,0.0396950602500938,0.00310000000000013));
#5773=CARTESIAN_POINT('',(0.039067456083274,0.0396944391742613,0.00310000000000012));
#5774=CARTESIAN_POINT('',(0.0393715519777803,0.0398857280789298,0.00310000000000015));
#5775=CARTESIAN_POINT('',(0.039370631450385,0.03988576977337,0.00319999999998331));
#5776=CARTESIAN_POINT('',(0.039370631450385,0.03988576977337,0.00316666666665553));
#5777=CARTESIAN_POINT('',(0.039370631450385,0.03988576977337,0.00313333333332776));
#5778=CARTESIAN_POINT('',(0.039370631450385,0.03988576977337,0.00309999999999998));
#5779=CARTESIAN_POINT('',(0.0390959419982054,0.0398990056316513,0.00315));
#5780=CARTESIAN_POINT('',(0.0390959419982054,0.0398990056316513,0.00310000000000015));
#5781=CARTESIAN_POINT('',(0.0393274086684437,0.0400466918673973,0.00310000000001671));
#5782=CARTESIAN_POINT('',(0.0393277794641322,0.0400469274774882,0.00310000000001669));
#5783=CARTESIAN_POINT('',(0.0393277794641322,0.0400469274774882,0.0031333333333389));
#5784=CARTESIAN_POINT('',(0.0393277794641322,0.0400469274774882,0.00316666666666111));
#5785=CARTESIAN_POINT('',(0.0393277794641322,0.0400469274774882,0.00319999999998331));
#5786=CARTESIAN_POINT('',(0.0392593145112165,0.0400097068954233,0.00315));
#5787=CARTESIAN_POINT('',(0.0392593145112165,0.0400097068954233,0.00310000000000014));
#5788=CARTESIAN_POINT('',(0.0392640926274649,0.0400859293567136,0.00310000000001671));
#5789=CARTESIAN_POINT('',(0.0392641207452795,0.0400863722674934,0.00310000000001669));
#5790=CARTESIAN_POINT('',(0.0392641207452795,0.0400863722674934,0.0031333333333389));
#5791=CARTESIAN_POINT('',(0.0392641207452795,0.0400863722674934,0.0031666666666611));
#5792=CARTESIAN_POINT('',(0.0392641207452795,0.0400863722674934,0.00319999999998331));
#5793=CARTESIAN_POINT('',(0.0392899528598391,0.0399506799907776,0.00315));
#5794=CARTESIAN_POINT('',(0.0392899528598391,0.0399506799907776,0.00310000000000013));
#5795=CARTESIAN_POINT('',(0.0391860587930407,0.0400435670354131,0.00310000000000012));
#5796=CARTESIAN_POINT('',(0.0391865999736704,0.0400430894024623,0.00309999999999998));
#5797=CARTESIAN_POINT('',(0.0391865999736704,0.0400430894024623,0.00313333333333331));
#5798=CARTESIAN_POINT('',(0.0391865999736704,0.0400430894024623,0.00316666666666664));
#5799=CARTESIAN_POINT('',(0.0391865999736704,0.0400430894024623,0.00319999999999998));
#5800=CARTESIAN_POINT('',(0.0390460819824014,0.0401773999407626,0.00315));
#5801=CARTESIAN_POINT('',(0.0390460819824014,0.0401773999407626,0.00310000000000012));
#5802=CARTESIAN_POINT('',(0.0390585928807385,0.0399852425783918,0.00310000000000011));
#5803=CARTESIAN_POINT('',(0.039058592880737,0.0399852425783886,0.0031000000000167));
#5804=CARTESIAN_POINT('',(0.0390663631926672,0.0401672838449723,0.00315));
#5805=CARTESIAN_POINT('',(0.0390663631926672,0.0401672838449723,0.00310000000000011));
#5806=CARTESIAN_POINT('',(0.0388851371749648,0.0401861658732602,0.00310000000000008));
#5807=CARTESIAN_POINT('',(0.0388851371749648,0.0401861658732602,0.00310000000001669));
#5808=CARTESIAN_POINT('',(0.0390926872451472,0.0402022228473436,0.00315));
#5809=CARTESIAN_POINT('',(0.0390926872451472,0.0402022228473436,0.00310000000000008));
#5810=CARTESIAN_POINT('',(0.0390741450208765,0.0404074150955892,0.0031000000000167));
#5811=CARTESIAN_POINT('',(0.0390739516455903,0.0404095482808019,0.00310000000001668));
#5812=CARTESIAN_POINT('',(0.0390739516455903,0.0404095482808019,0.00313333333333889));
#5813=CARTESIAN_POINT('',(0.0390739516455903,0.0404095482808019,0.0031666666666611));
#5814=CARTESIAN_POINT('',(0.0390739516455903,0.0404095482808019,0.00319999999998331));
#5815=CARTESIAN_POINT('',(0.039485699646891,0.039764443693971,0.0032));
#5816=CARTESIAN_POINT('',(0.039485699646891,0.039764443693971,0.00310000000000013));
#5817=CARTESIAN_POINT('',(0.039485193183358,0.039791827391646,0.0032));
#5818=CARTESIAN_POINT('',(0.039485193183358,0.039791827391646,0.00310000000000013));
#5819=CARTESIAN_POINT('',(0.03948418759913,0.039846197771107,0.0032));
#5820=CARTESIAN_POINT('',(0.03948418759913,0.039846197771107,0.00310000000000013));
#5821=CARTESIAN_POINT('',(0.039473246573767,0.039926826144269,0.0032));
#5822=CARTESIAN_POINT('',(0.039473246573767,0.039926826144269,0.00310000000000013));
#5823=CARTESIAN_POINT('',(0.039456905853644,0.040006045725465,0.0032));
#5824=CARTESIAN_POINT('',(0.039456905853644,0.040006045725465,0.00310000000000013));
#5825=CARTESIAN_POINT('',(0.039434185124845,0.040082747381979,0.0032));
#5826=CARTESIAN_POINT('',(0.039434185124845,0.040082747381979,0.00310000000000013));
#5827=CARTESIAN_POINT('',(0.039405076086454,0.040154504861152,0.0032));
#5828=CARTESIAN_POINT('',(0.039405076086454,0.040154504861152,0.00310000000000013));
#5829=CARTESIAN_POINT('',(0.039370713202049,0.040219476165005,0.0032));
#5830=CARTESIAN_POINT('',(0.039370713202049,0.040219476165005,0.00310000000000013));
#5831=CARTESIAN_POINT('',(0.039329233900508,0.040275264866162,0.0032));
#5832=CARTESIAN_POINT('',(0.039329233900508,0.040275264866162,0.00310000000000013));
#5833=CARTESIAN_POINT('',(0.039282943363908,0.040322206640934,0.0032));
#5834=CARTESIAN_POINT('',(0.039282943363908,0.040322206640934,0.00310000000000013));
#5835=CARTESIAN_POINT('',(0.039233338935453,0.040359687945681,0.0032));
#5836=CARTESIAN_POINT('',(0.039233338935453,0.040359687945681,0.00310000000000013));
#5837=CARTESIAN_POINT('',(0.039181740283637,0.040387258101105,0.0032));
#5838=CARTESIAN_POINT('',(0.039181740283637,0.040387258101105,0.00310000000000013));
#5839=CARTESIAN_POINT('',(0.039128408335298,0.0404042351635,0.0032));
#5840=CARTESIAN_POINT('',(0.039128408335298,0.0404042351635,0.00310000000000013));
#5841=CARTESIAN_POINT('',(0.039092094911068,0.0404063632059,0.0032));
#5842=CARTESIAN_POINT('',(0.039092094911068,0.0404063632059,0.00310000000000013));
#5843=CARTESIAN_POINT('',(0.039074144413183,0.040407415142516,0.0032));
#5844=CARTESIAN_POINT('',(0.039074144413183,0.040407415142516,0.00310000000000013));
#5845=CARTESIAN_POINT('',(0.039485699646891,0.039764443693971,0.00310000000000017));
#5846=CARTESIAN_POINT('',(0.0394831118054616,0.0399043642661663,0.00310000000000016));
#5847=CARTESIAN_POINT('',(0.039443073450345,0.0401896569586477,0.00310000000000015));
#5848=CARTESIAN_POINT('',(0.0392141862531003,0.0403992083986048,0.00310000000000012));
#5849=CARTESIAN_POINT('',(0.0390741450215373,0.0404074151068652,0.0031000000000001));
#5850=CARTESIAN_POINT('',(0.0394856995124765,0.0397644374421307,0.00310000000000016));
#5851=CARTESIAN_POINT('',(0.0394820188712632,0.0397640505417237,0.00319999999999998));
#5852=CARTESIAN_POINT('',(0.0394820188712632,0.0397640505417237,0.00316666666666664));
#5853=CARTESIAN_POINT('',(0.0394820188712632,0.0397640505417237,0.00313333333333331));
#5854=CARTESIAN_POINT('',(0.0394820188712632,0.0397640505417237,0.00309999999999998));
#5855=CARTESIAN_POINT('',(0.0390181109871706,0.0397144994564025,0.00315));
#5856=CARTESIAN_POINT('',(0.0390181109871706,0.0397144994564025,0.00310000000000016));
#5857=CARTESIAN_POINT('',(0.0392215099093826,0.0392946248162744,0.00310000000000015));
#5858=CARTESIAN_POINT('',(0.0392215099093826,0.0392946248162744,0.00310000000001671));
#5859=CARTESIAN_POINT('',(0.0389822824809627,0.0406668381684902,0.00315));
#5860=CARTESIAN_POINT('',(0.0389822824809627,0.0406668381684902,0.00310000000000014));
#5861=CARTESIAN_POINT('',(0.0389270010718608,0.039273966167206,0.00310000008334169));
#5862=CARTESIAN_POINT('',(0.038927001155194,0.039273966167342,0.0032));
#5863=CARTESIAN_POINT('',(0.038927001155194,0.039273966167342,0.00316666666666666));
#5864=CARTESIAN_POINT('',(0.038927001155194,0.039273966167342,0.00313333333333331));
#5865=CARTESIAN_POINT('',(0.038927001155194,0.039273966167342,0.00309999999999997));
#5866=CARTESIAN_POINT('',(0.038927001155194,0.039273966167342,0.0031));
#5867=CARTESIAN_POINT('',(0.038927001155194,0.039273966167342,0.0031));
#5868=CARTESIAN_POINT('',(0.038380787545993,0.0392730743900209,0.00310000004167086));
#5869=CARTESIAN_POINT('',(0.038380787545993,0.0392730743900209,0.00309999999999999));
#5870=CARTESIAN_POINT('',(0.038380787545993,0.0392730743900209,0.00313333333333333));
#5871=CARTESIAN_POINT('',(0.038380787545993,0.0392730743900209,0.00316666666666666));
#5872=CARTESIAN_POINT('',(0.038380787545993,0.0392730743900209,0.0032));
#5873=CARTESIAN_POINT('',(0.038210458077654,0.039208420534238,0.0032));
#5874=CARTESIAN_POINT('',(0.038210458077654,0.039208420534238,0.00310000002083544));
#5875=CARTESIAN_POINT('',(0.038211067922539,0.039214631531537,0.0032));
#5876=CARTESIAN_POINT('',(0.038211067922539,0.039214631531537,0.00310000002083544));
#5877=CARTESIAN_POINT('',(0.038212281589877,0.039226992190359,0.0032));
#5878=CARTESIAN_POINT('',(0.038212281589877,0.039226992190359,0.00310000002083544));
#5879=CARTESIAN_POINT('',(0.038222078301099,0.03924396870978,0.0032));
#5880=CARTESIAN_POINT('',(0.038222078301099,0.03924396870978,0.00310000002083544));
#5881=CARTESIAN_POINT('',(0.038238028186866,0.039257764766274,0.0032));
#5882=CARTESIAN_POINT('',(0.038238028186866,0.039257764766274,0.00310000002083544));
#5883=CARTESIAN_POINT('',(0.038257231268452,0.039265722815178,0.0032));
#5884=CARTESIAN_POINT('',(0.038257231268452,0.039265722815178,0.00310000002083544));
#5885=CARTESIAN_POINT('',(0.038279329773628,0.039269187279578,0.0032));
#5886=CARTESIAN_POINT('',(0.038279329773628,0.039269187279578,0.00310000002083544));
#5887=CARTESIAN_POINT('',(0.03830521215646,0.039271878523279,0.0032));
#5888=CARTESIAN_POINT('',(0.03830521215646,0.039271878523279,0.00310000002083544));
#5889=CARTESIAN_POINT('',(0.03834005874437,0.039272813018191,0.0032));
#5890=CARTESIAN_POINT('',(0.03834005874437,0.039272813018191,0.00310000002083544));
#5891=CARTESIAN_POINT('',(0.038366223159866,0.039272980924952,0.0032));
#5892=CARTESIAN_POINT('',(0.038366223159866,0.039272980924952,0.00310000002083544));
#5893=CARTESIAN_POINT('',(0.038380787545993,0.039273074390021,0.0032));
#5894=CARTESIAN_POINT('',(0.038380787545993,0.039273074390021,0.00310000002083544));
#5895=CARTESIAN_POINT('',(0.038210458077654,0.039208420534238,0.00310000000000003));
#5896=CARTESIAN_POINT('',(0.0382171211392583,0.0392762808355136,0.00310000000000003));
#5897=CARTESIAN_POINT('',(0.0383132537760087,0.039272641000765,0.00310000000000004));
#5898=CARTESIAN_POINT('',(0.038380787545993,0.0392730743900209,0.00310000000000005));
#5899=CARTESIAN_POINT('',(0.0382104581353447,0.0392084202689985,0.00310000000001667));
#5900=CARTESIAN_POINT('',(0.0382093462337762,0.0392082085822027,0.00319999999998331));
#5901=CARTESIAN_POINT('',(0.0382093462337762,0.0392082085822027,0.00316666666666109));
#5902=CARTESIAN_POINT('',(0.0382093462337762,0.0392082085822027,0.00313333333333887));
#5903=CARTESIAN_POINT('',(0.0382093462337762,0.0392082085822027,0.00310000000001665));
#5904=CARTESIAN_POINT('',(0.0383204343356856,0.0392293854306517,0.00315));
#5905=CARTESIAN_POINT('',(0.0383204343356856,0.0392293854306517,0.0031));
#5906=CARTESIAN_POINT('',(0.0382666398776274,0.0391286063846909,0.00310000008334168));
#5907=CARTESIAN_POINT('',(0.0382673716098367,0.039129518657278,0.00310000008334168));
#5908=CARTESIAN_POINT('',(0.038266640048887,0.039128606463995,0.0031));
#5909=CARTESIAN_POINT('',(0.038266640048887,0.039128606463995,0.0031));
#5910=CARTESIAN_POINT('',(0.0382329372875005,0.0390865820331304,0.0031));
#5911=CARTESIAN_POINT('',(0.0382329372875005,0.0390865820331304,0.00310000008334168));
#5912=CARTESIAN_POINT('',(0.0384086826115635,0.0394388194844174,0.00315));
#5913=CARTESIAN_POINT('',(0.0384086826115635,0.0394388194844174,0.00310000000000004));
#5914=CARTESIAN_POINT('',(0.0380173883263437,0.0394215562519631,0.00310000000001666));
#5915=CARTESIAN_POINT('',(0.0380154186019718,0.0394214684101267,0.00310000000001664));
#5916=CARTESIAN_POINT('',(0.0380154186019718,0.0394214684101267,0.00313333333333887));
#5917=CARTESIAN_POINT('',(0.0380154186019718,0.0394214684101267,0.00316666666666109));
#5918=CARTESIAN_POINT('',(0.0380154186019718,0.0394214684101267,0.00319999999998331));
#5919=CARTESIAN_POINT('',(0.0382551135031458,0.0394552370382361,0.00315));
#5920=CARTESIAN_POINT('',(0.0382551135031458,0.0394552370382361,0.0031));
#5921=CARTESIAN_POINT('',(0.0390346587039593,0.0378896144361378,0.00315));
#5922=CARTESIAN_POINT('',(0.0390580817509274,0.0360682177173708,0.00319999999999998));
#5923=CARTESIAN_POINT('',(0.0390580817509274,0.0360682177173708,0.00316666666666664));
#5924=CARTESIAN_POINT('',(0.0390580817509274,0.0360682177173708,0.00313333333333331));
#5925=CARTESIAN_POINT('',(0.0390580817509274,0.0360682177173708,0.00309999999999998));
#5926=CARTESIAN_POINT('',(0.0390580866017036,0.0360673881445672,0.00310000000000004));
#5927=CARTESIAN_POINT('',(0.0390346587039593,0.0378896144361378,0.00310000000000004));
#5928=CARTESIAN_POINT('',(0.0384873492856366,0.0361521087265144,0.00310000000000019));
#5929=CARTESIAN_POINT('',(0.0384873911790947,0.0361522218775913,0.00309999999999998));
#5930=CARTESIAN_POINT('',(0.0384873911790947,0.0361522218775913,0.00313333333333331));
#5931=CARTESIAN_POINT('',(0.0384873911790947,0.0361522218775913,0.00316666666666664));
#5932=CARTESIAN_POINT('',(0.0384873911790947,0.0361522218775913,0.00319999999999998));
#5933=CARTESIAN_POINT('',(0.0386259225074616,0.036781051326044,0.00315));
#5934=CARTESIAN_POINT('',(0.0386259225074616,0.036781051326044,0.00310000000000019));
#5935=CARTESIAN_POINT('',(0.0379946481032166,0.0367246309622202,0.00310000000000059));
#5936=CARTESIAN_POINT('',(0.0379891672492677,0.0367241379898112,0.00309999999999998));
#5937=CARTESIAN_POINT('',(0.0379891672492677,0.0367241379898112,0.00313333333333331));
#5938=CARTESIAN_POINT('',(0.0379891672492677,0.0367241379898112,0.00316666666666664));
#5939=CARTESIAN_POINT('',(0.0379891672492677,0.0367241379898112,0.00319999999999998));
#5940=CARTESIAN_POINT('',(0.0385525903830125,0.0367056695767621,0.00315));
#5941=CARTESIAN_POINT('',(0.0385525903830125,0.0367056695767621,0.00310000000000059));
#5942=CARTESIAN_POINT('',(0.0382840322109592,0.0372021760356375,0.0031000000000008));
#5943=CARTESIAN_POINT('',(0.0382858109626729,0.0371988814928476,0.00310000000000102));
#5944=CARTESIAN_POINT('',(0.0382858109626729,0.0371988814928476,0.00313333333333401));
#5945=CARTESIAN_POINT('',(0.0382858109626729,0.0371988814928476,0.00316666666666699));
#5946=CARTESIAN_POINT('',(0.0382858109626729,0.0371988814928476,0.00319999999999998));
#5947=CARTESIAN_POINT('',(0.0388162874292111,0.0363223973985219,0.00315));
#5948=CARTESIAN_POINT('',(0.0388162874292111,0.0363223973985219,0.0031000000000008));
#5949=CARTESIAN_POINT('',(0.0385564719281287,0.0373185525967977,0.00310000000000082));
#5950=CARTESIAN_POINT('',(0.0385566646201601,0.0373177964742353,0.00309999999999998));
#5951=CARTESIAN_POINT('',(0.0385566646201601,0.0373177964742353,0.00313333333333331));
#5952=CARTESIAN_POINT('',(0.0385566646201601,0.0373177964742353,0.00316666666666664));
#5953=CARTESIAN_POINT('',(0.0385566646201601,0.0373177964742353,0.00319999999999998));
#5954=CARTESIAN_POINT('',(0.0390238093037525,0.0356778614745754,0.00315));
#5955=CARTESIAN_POINT('',(0.0390238093037525,0.0356778614745754,0.00310000000000082));
#5956=CARTESIAN_POINT('',(0.0390313457023533,0.0373840970907998,0.00310000000000077));
#5957=CARTESIAN_POINT('',(0.0390313368210198,0.0373835803740135,0.00309999999999998));
#5958=CARTESIAN_POINT('',(0.0390313368210198,0.0373835803740135,0.00313333333333331));
#5959=CARTESIAN_POINT('',(0.0390313368210198,0.0373835803740135,0.00316666666666664));
#5960=CARTESIAN_POINT('',(0.0390313368210198,0.0373835803740135,0.00319999999999998));
#5961=CARTESIAN_POINT('',(0.0390581862337843,0.0354619126582426,0.00315));
#5962=CARTESIAN_POINT('',(0.0390581862337843,0.0354619126582426,0.00310000000000077));
#5963=CARTESIAN_POINT('',(0.0396431055649739,0.0372917956496055,0.00310000000000062));
#5964=CARTESIAN_POINT('',(0.0396432856145507,0.0372923841056766,0.00309999999999998));
#5965=CARTESIAN_POINT('',(0.0396432856145507,0.0372923841056766,0.00313333333333331));
#5966=CARTESIAN_POINT('',(0.0396432856145507,0.0372923841056766,0.00316666666666665));
#5967=CARTESIAN_POINT('',(0.0396432856145507,0.0372923841056766,0.00319999999999998));
#5968=CARTESIAN_POINT('',(0.0394971348155747,0.036674950110357,0.00315));
#5969=CARTESIAN_POINT('',(0.0394971348155747,0.036674950110357,0.00310000000000062));
#5970=CARTESIAN_POINT('',(0.0401237499680468,0.0367308770018405,0.00310000000000042));
#5971=CARTESIAN_POINT('',(0.0401237499680468,0.0367308770018405,0.00310000000000022));
#5972=CARTESIAN_POINT('',(0.0395025116557709,0.0367714425585472,0.00315));
#5973=CARTESIAN_POINT('',(0.0395025116557709,0.0367714425585472,0.00310000000000022));
#5974=CARTESIAN_POINT('',(0.0396734122669264,0.0361690483873595,0.0031));
#5975=CARTESIAN_POINT('',(0.0396724345866895,0.0361725195229421,0.00309999999999998));
#5976=CARTESIAN_POINT('',(0.0396724345866895,0.0361725195229421,0.00313333333333331));
#5977=CARTESIAN_POINT('',(0.0396724345866895,0.0361725195229421,0.00316666666666665));
#5978=CARTESIAN_POINT('',(0.0396724345866895,0.0361725195229421,0.00319999999999998));
#5979=CARTESIAN_POINT('',(0.0390762668468651,0.0378900001598569,0.00315));
#5980=CARTESIAN_POINT('',(0.0390762668468651,0.0378900001598569,0.0031));
#5981=CARTESIAN_POINT('',(0.038037453277352,0.034678125431233,0.0031));
#5982=CARTESIAN_POINT('',(0.038037453277352,0.034678125431233,0.0031));
#5983=CARTESIAN_POINT('',(0.038037453277352,0.034678125431233,0.0031));
#5984=CARTESIAN_POINT('',(0.038037453277352,0.034678125431233,0.0031));
#5985=CARTESIAN_POINT('',(0.0380352238340491,0.035878903594154,0.0031));
#5986=CARTESIAN_POINT('',(0.0380352238340491,0.035878903594154,0.0031));
#5987=CARTESIAN_POINT('',(0.03803522383405,0.035878903594154,0.0031));
#5988=CARTESIAN_POINT('',(0.03803522383405,0.035878903594154,0.0031));
#5989=CARTESIAN_POINT('',(0.038068219594932,0.035878903594154,0.00310000004861179));
#5990=CARTESIAN_POINT('',(0.038068219594932,0.035878903594154,0.0031));
#5991=CARTESIAN_POINT('',(0.038068219594932,0.035878903594154,0.00313333333333334));
#5992=CARTESIAN_POINT('',(0.038068219594932,0.035878903594154,0.00316666666666667));
#5993=CARTESIAN_POINT('',(0.038068219594932,0.035878903594154,0.0032));
#5994=CARTESIAN_POINT('',(0.039398305469419,0.035092801885565,0.0032));
#5995=CARTESIAN_POINT('',(0.039398305469419,0.035092801885565,0.00310000002430588));
#5996=CARTESIAN_POINT('',(0.039380161318197,0.035093155626166,0.0032));
#5997=CARTESIAN_POINT('',(0.039380161318197,0.035093155626166,0.00310000002430588));
#5998=CARTESIAN_POINT('',(0.039343795247805,0.035093864623542,0.0032));
#5999=CARTESIAN_POINT('',(0.039343795247805,0.035093864623542,0.00310000002430588));
#6000=CARTESIAN_POINT('',(0.039288942054002,0.035099331459678,0.0032));
#6001=CARTESIAN_POINT('',(0.039288942054002,0.035099331459678,0.00310000002430588));
#6002=CARTESIAN_POINT('',(0.039233936606063,0.035108915777188,0.0032));
#6003=CARTESIAN_POINT('',(0.039233936606063,0.035108915777188,0.00310000002430588));
#6004=CARTESIAN_POINT('',(0.039178301996908,0.035121263527665,0.0032));
#6005=CARTESIAN_POINT('',(0.039178301996908,0.035121263527665,0.00310000002430588));
#6006=CARTESIAN_POINT('',(0.039122560248262,0.035137744142501,0.0032));
#6007=CARTESIAN_POINT('',(0.039122560248262,0.035137744142501,0.00310000002430588));
#6008=CARTESIAN_POINT('',(0.03906673686556,0.035158760982334,0.0032));
#6009=CARTESIAN_POINT('',(0.03906673686556,0.035158760982334,0.00310000002430588));
#6010=CARTESIAN_POINT('',(0.039010043019311,0.035182013025522,0.0032));
#6011=CARTESIAN_POINT('',(0.039010043019311,0.035182013025522,0.00310000002430588));
#6012=CARTESIAN_POINT('',(0.038962464763351,0.035205381826207,0.0032));
#6013=CARTESIAN_POINT('',(0.038962464763351,0.035205381826207,0.00310000002430588));
#6014=CARTESIAN_POINT('',(0.038922549815035,0.035227094475883,0.0032));
#6015=CARTESIAN_POINT('',(0.038922549815035,0.035227094475883,0.00310000002430588));
#6016=CARTESIAN_POINT('',(0.038889015940821,0.035246752708034,0.0032));
#6017=CARTESIAN_POINT('',(0.038889015940821,0.035246752708034,0.00310000002430588));
#6018=CARTESIAN_POINT('',(0.038852401285829,0.035270128172019,0.0032));
#6019=CARTESIAN_POINT('',(0.038852401285829,0.035270128172019,0.00310000002430588));
#6020=CARTESIAN_POINT('',(0.038812422495098,0.035296968506557,0.0032));
#6021=CARTESIAN_POINT('',(0.038812422495098,0.035296968506557,0.00310000002430588));
#6022=CARTESIAN_POINT('',(0.03876865035789,0.035326678443559,0.0032));
#6023=CARTESIAN_POINT('',(0.03876865035789,0.035326678443559,0.00310000002430588));
#6024=CARTESIAN_POINT('',(0.038721815288544,0.035360322953331,0.0032));
#6025=CARTESIAN_POINT('',(0.038721815288544,0.035360322953331,0.00310000002430588));
#6026=CARTESIAN_POINT('',(0.038671555003073,0.03539735620105,0.0032));
#6027=CARTESIAN_POINT('',(0.038671555003073,0.03539735620105,0.00310000002430588));
#6028=CARTESIAN_POINT('',(0.038617664399811,0.035437372496922,0.0032));
#6029=CARTESIAN_POINT('',(0.038617664399811,0.035437372496922,0.00310000002430588));
#6030=CARTESIAN_POINT('',(0.038560480358162,0.035480634750112,0.0032));
#6031=CARTESIAN_POINT('',(0.038560480358162,0.035480634750112,0.00310000002430588));
#6032=CARTESIAN_POINT('',(0.038500243891461,0.035527598676115,0.0032));
#6033=CARTESIAN_POINT('',(0.038500243891461,0.035527598676115,0.00310000002430588));
#6034=CARTESIAN_POINT('',(0.038436639479936,0.035578035464546,0.0032));
#6035=CARTESIAN_POINT('',(0.038436639479936,0.035578035464546,0.00310000002430588));
#6036=CARTESIAN_POINT('',(0.038369175766329,0.035631339063469,0.0032));
#6037=CARTESIAN_POINT('',(0.038369175766329,0.035631339063469,0.00310000002430588));
#6038=CARTESIAN_POINT('',(0.038298896237101,0.035688662464547,0.0032));
#6039=CARTESIAN_POINT('',(0.038298896237101,0.035688662464547,0.00310000002430588));
#6040=CARTESIAN_POINT('',(0.038224733481995,0.035748646805576,0.0032));
#6041=CARTESIAN_POINT('',(0.038224733481995,0.035748646805576,0.00310000002430588));
#6042=CARTESIAN_POINT('',(0.038147597610362,0.035812596977576,0.0032));
#6043=CARTESIAN_POINT('',(0.038147597610362,0.035812596977576,0.00310000002430588));
#6044=CARTESIAN_POINT('',(0.038095107278019,0.035856443580717,0.0032));
#6045=CARTESIAN_POINT('',(0.038095107278019,0.035856443580717,0.00310000002430588));
#6046=CARTESIAN_POINT('',(0.038068219594932,0.035878903594154,0.0032));
#6047=CARTESIAN_POINT('',(0.038068219594932,0.035878903594154,0.00310000002430588));
#6048=CARTESIAN_POINT('',(0.039398305469419,0.035092801885565,0.00310000000000027));
#6049=CARTESIAN_POINT('',(0.0391357530845628,0.0350979206391113,0.00310000000000008));
#6050=CARTESIAN_POINT('',(0.0386654084060819,0.035372059127926,0.00309999999999997));
#6051=CARTESIAN_POINT('',(0.0382697018905638,0.0357105999492262,0.00309999999999998));
#6052=CARTESIAN_POINT('',(0.038068219594932,0.035878903594154,0.00309999999999998));
#6053=CARTESIAN_POINT('',(0.0393983100799645,0.0350928020457247,0.00310000000000027));
#6054=CARTESIAN_POINT('',(0.0393984637709483,0.0350951724135764,0.00319999999999998));
#6055=CARTESIAN_POINT('',(0.0393984637709483,0.0350951724135764,0.00316666666666664));
#6056=CARTESIAN_POINT('',(0.0393984637709483,0.0350951724135764,0.00313333333333331));
#6057=CARTESIAN_POINT('',(0.0393984637709483,0.0350951724135764,0.00309999999999998));
#6058=CARTESIAN_POINT('',(0.0394215220364168,0.0354404644927032,0.00315));
#6059=CARTESIAN_POINT('',(0.0394215220364168,0.0354404644927032,0.00310000000000027));
#6060=CARTESIAN_POINT('',(0.0397663587767834,0.0354307601337793,0.00310000025000138));
#6061=CARTESIAN_POINT('',(0.0397674460621553,0.0354307242703748,0.00310000025000136));
#6062=CARTESIAN_POINT('',(0.0397674460621553,0.0354307242703748,0.0031333335000009));
#6063=CARTESIAN_POINT('',(0.0397674460621553,0.0354307242703748,0.00316666675000044));
#6064=CARTESIAN_POINT('',(0.0397674460621553,0.0354307242703748,0.00319999999999998));
#6065=CARTESIAN_POINT('',(0.0393719560139481,0.0354270225438754,0.00315));
#6066=CARTESIAN_POINT('',(0.0393719560139481,0.0354270225438754,0.00310000000000085));
#6067=CARTESIAN_POINT('',(0.0395321475018634,0.0357873527717812,0.00310000000000092));
#6068=CARTESIAN_POINT('',(0.0395321475018646,0.0357873527717849,0.00310000009722433));
#6069=CARTESIAN_POINT('',(0.039532963844912,0.035789725862039,0.0031));
#6070=CARTESIAN_POINT('',(0.039532963844912,0.035789725862039,0.00310000000000025));
#6071=CARTESIAN_POINT('',(0.0395521370996532,0.0358454619322313,0.00310000000000065));
#6072=CARTESIAN_POINT('',(0.0395521370573167,0.0358454619446108,0.00310000000000066));
#6073=CARTESIAN_POINT('',(0.0395521370573167,0.0358454619446108,0.00313333333333377));
#6074=CARTESIAN_POINT('',(0.0395521370573167,0.0358454619446108,0.00316666666666689));
#6075=CARTESIAN_POINT('',(0.0395521370573167,0.0358454619446108,0.0032));
#6076=CARTESIAN_POINT('',(0.0394658470933654,0.0351825256242691,0.00315));
#6077=CARTESIAN_POINT('',(0.040119307433564,0.035217204821865,0.00310000000000092));
#6078=CARTESIAN_POINT('',(0.0401122661420168,0.035527538766466,0.0031000000000012));
#6079=CARTESIAN_POINT('',(0.0399232093499343,0.0357369578073813,0.00310000000000124));
#6080=CARTESIAN_POINT('',(0.0395521370573163,0.0358454619446109,0.00310000000000106));
#6081=CARTESIAN_POINT('',(0.0401188317669518,0.0352171919307923,0.00310000000000046));
#6082=CARTESIAN_POINT('',(0.0401246804782443,0.0352175170057049,0.00309999999999998));
#6083=CARTESIAN_POINT('',(0.0401246804782443,0.0352175170057049,0.00313333333333331));
#6084=CARTESIAN_POINT('',(0.0401246804782443,0.0352175170057049,0.00316666666666664));
#6085=CARTESIAN_POINT('',(0.0401246804782443,0.0352175170057049,0.00319999999999998));
#6086=CARTESIAN_POINT('',(0.0395729519872696,0.0352035866539205,0.00315));
#6087=CARTESIAN_POINT('',(0.0395729519872696,0.0352035866539205,0.00310000000000092));
#6088=CARTESIAN_POINT('',(0.0396146190991988,0.0346603966570259,0.00310000025000004));
#6089=CARTESIAN_POINT('',(0.0396146819246372,0.0346596114597829,0.00310000025000001));
#6090=CARTESIAN_POINT('',(0.0396146819246372,0.0346596114597829,0.0031333335));
#6091=CARTESIAN_POINT('',(0.0396146819246372,0.0346596114597829,0.00316666674999999));
#6092=CARTESIAN_POINT('',(0.0396146819246372,0.0346596114597829,0.00319999999999998));
#6093=CARTESIAN_POINT('',(0.0396281041113678,0.0354975824902966,0.00315));
#6094=CARTESIAN_POINT('',(0.0396281041113678,0.0354975824902966,0.00310000000000004));
#6095=CARTESIAN_POINT('',(0.0392073467024522,0.0347707437224114,0.0030999999999999));
#6096=CARTESIAN_POINT('',(0.039208651518254,0.0347734228384107,0.00309999999999988));
#6097=CARTESIAN_POINT('',(0.039208651518254,0.0347734228384107,0.00313333333333325));
#6098=CARTESIAN_POINT('',(0.039208651518254,0.0347734228384107,0.00316666666666661));
#6099=CARTESIAN_POINT('',(0.039208651518254,0.0347734228384107,0.00319999999999998));
#6100=CARTESIAN_POINT('',(0.0415455113163554,0.0382518784510419,0.00315));
#6101=CARTESIAN_POINT('',(0.0415455113163554,0.0382518784510419,0.00309999999999983));
#6102=CARTESIAN_POINT('',(0.0384302813020495,0.0354343522808748,0.00310000009722358));
#6103=CARTESIAN_POINT('',(0.0384302711112793,0.0354393352002318,0.00310000009722358));
#6104=CARTESIAN_POINT('',(0.038430281187317,0.035434352599563,0.0031));
#6105=CARTESIAN_POINT('',(0.038430281187317,0.035434352599563,0.00310000000000004));
#6106=CARTESIAN_POINT('',(0.0384311729646381,0.034993368714257,0.00310000004861148));
#6107=CARTESIAN_POINT('',(0.0384311729646381,0.034993368714257,0.00310000000000014));
#6108=CARTESIAN_POINT('',(0.0384311729646381,0.034993368714257,0.00313333333333342));
#6109=CARTESIAN_POINT('',(0.0384311729646381,0.034993368714257,0.00316666666666671));
#6110=CARTESIAN_POINT('',(0.0384311729646381,0.034993368714257,0.0032));
#6111=CARTESIAN_POINT('',(0.0386298521609578,0.0346175503665125,0.0032));
#6112=CARTESIAN_POINT('',(0.0386298521609578,0.0346175503665125,0.00310000002430536));
#6113=CARTESIAN_POINT('',(0.0386290227657348,0.034617974324134,0.0032));
#6114=CARTESIAN_POINT('',(0.0386290227657348,0.034617974324134,0.00310000002430536));
#6115=CARTESIAN_POINT('',(0.0386281933705119,0.0346183982817555,0.0032));
#6116=CARTESIAN_POINT('',(0.0386281933705119,0.0346183982817555,0.00310000002430536));
#6117=CARTESIAN_POINT('',(0.038627363975289,0.034618822239377,0.0032));
#6118=CARTESIAN_POINT('',(0.038627363975289,0.034618822239377,0.00310000002430536));
#6119=CARTESIAN_POINT('',(0.038611560416489,0.034626900461936,0.0032));
#6120=CARTESIAN_POINT('',(0.038611560416489,0.034626900461936,0.00310000002430536));
#6121=CARTESIAN_POINT('',(0.038582543065091,0.034641733109799,0.0032));
#6122=CARTESIAN_POINT('',(0.038582543065091,0.034641733109799,0.00310000002430536));
#6123=CARTESIAN_POINT('',(0.038543772559811,0.034663219644051,0.0032));
#6124=CARTESIAN_POINT('',(0.038543772559811,0.034663219644051,0.00310000002430536));
#6125=CARTESIAN_POINT('',(0.038513860024613,0.034682404884587,0.0032));
#6126=CARTESIAN_POINT('',(0.038513860024613,0.034682404884587,0.00310000002430536));
#6127=CARTESIAN_POINT('',(0.038485369276108,0.034704424716205,0.0032));
#6128=CARTESIAN_POINT('',(0.038485369276108,0.034704424716205,0.00310000002430536));
#6129=CARTESIAN_POINT('',(0.038461157476227,0.034737315043268,0.0032));
#6130=CARTESIAN_POINT('',(0.038461157476227,0.034737315043268,0.00310000002430536));
#6131=CARTESIAN_POINT('',(0.038447206290586,0.034770881732232,0.0032));
#6132=CARTESIAN_POINT('',(0.038447206290586,0.034770881732232,0.00310000002430536));
#6133=CARTESIAN_POINT('',(0.0384415292298,0.034797109150046,0.0032));
#6134=CARTESIAN_POINT('',(0.0384415292298,0.034797109150046,0.00310000002430536));
#6135=CARTESIAN_POINT('',(0.038438343001956,0.034814616657778,0.0032));
#6136=CARTESIAN_POINT('',(0.038438343001956,0.034814616657778,0.00310000002430536));
#6137=CARTESIAN_POINT('',(0.038436294592828,0.034835942169337,0.0032));
#6138=CARTESIAN_POINT('',(0.038436294592828,0.034835942169337,0.00310000002430536));
#6139=CARTESIAN_POINT('',(0.0384347180746,0.034860638743568,0.0032));
#6140=CARTESIAN_POINT('',(0.0384347180746,0.034860638743568,0.00310000002430536));
#6141=CARTESIAN_POINT('',(0.038432598926051,0.034888852839795,0.0032));
#6142=CARTESIAN_POINT('',(0.038432598926051,0.034888852839795,0.00310000002430536));
#6143=CARTESIAN_POINT('',(0.038432159832409,0.034920543787048,0.0032));
#6144=CARTESIAN_POINT('',(0.038432159832409,0.034920543787048,0.00310000002430536));
#6145=CARTESIAN_POINT('',(0.038430884975351,0.0349557572206,0.0032));
#6146=CARTESIAN_POINT('',(0.038430884975351,0.0349557572206,0.00310000002430536));
#6147=CARTESIAN_POINT('',(0.038431073942656,0.034980436411488,0.0032));
#6148=CARTESIAN_POINT('',(0.038431073942656,0.034980436411488,0.00310000002430536));
#6149=CARTESIAN_POINT('',(0.038431172964638,0.034993368714257,0.0032));
#6150=CARTESIAN_POINT('',(0.038431172964638,0.034993368714257,0.00310000002430536));
#6151=CARTESIAN_POINT('',(0.038627363975289,0.034618822239377,0.00309999999999927));
#6152=CARTESIAN_POINT('',(0.0385582484594659,0.0346541516563878,0.00309999999999925));
#6153=CARTESIAN_POINT('',(0.0384083154529912,0.0347398037211512,0.00309999999999921));
#6154=CARTESIAN_POINT('',(0.0384305785246601,0.0349157346615747,0.00309999999999939));
#6155=CARTESIAN_POINT('',(0.0384311729646381,0.034993368714257,0.00309999999999946));
#6156=CARTESIAN_POINT('',(0.038627363975289,0.0346188221729092,0.00310000004861104));
#6157=CARTESIAN_POINT('',(0.038627363975289,0.034618822239377,0.0032));
#6158=CARTESIAN_POINT('',(0.038627363975289,0.034618822239377,0.00316666666666636));
#6159=CARTESIAN_POINT('',(0.038627363975289,0.034618822239377,0.00313333333333272));
#6160=CARTESIAN_POINT('',(0.038627363975289,0.034618822239377,0.00309999999999908));
#6161=CARTESIAN_POINT('',(0.038627363975289,0.034618822239377,0.0031));
#6162=CARTESIAN_POINT('',(0.038627363975289,0.034618822239377,0.00309999999999908));
#6163=CARTESIAN_POINT('',(0.038627363975289,0.034564423822787,0.00309999999999954));
#6164=CARTESIAN_POINT('',(0.038627363975289,0.034564423822787,0.0031));
#6165=CARTESIAN_POINT('',(0.038627363975289,0.034564423822787,0.0031));
#6166=CARTESIAN_POINT('',(0.038627363975289,0.034564423822787,0.0031));
#6167=CARTESIAN_POINT('',(0.038589463439141,0.037759559829234,0.0031));
#6168=CARTESIAN_POINT('',(0.038589463439141,0.0377595598292337,0.0031));
#6169=CARTESIAN_POINT('',(0.038589463439141,0.0377595598292336,0.0031));
#6170=CARTESIAN_POINT('',(0.038589463439141,0.037759559829234,0.0031));
#6171=CARTESIAN_POINT('',(0.0385876798844987,0.038636622824579,0.0031));
#6172=CARTESIAN_POINT('',(0.0385876798844987,0.038636622824579,0.0031));
#6173=CARTESIAN_POINT('',(0.038587679884499,0.038636622824579,0.0031));
#6174=CARTESIAN_POINT('',(0.038587679884499,0.038636622824579,0.0031));
#6175=CARTESIAN_POINT('',(0.038898910169578,0.0386370687132395,0.0031));
#6176=CARTESIAN_POINT('',(0.038898910169578,0.0386370687132395,0.0031));
#6177=CARTESIAN_POINT('',(0.038898910169578,0.03863706871324,0.0031));
#6178=CARTESIAN_POINT('',(0.038898910169578,0.03863706871324,0.0031));
#6179=CARTESIAN_POINT('',(0.0389006937242203,0.037760005717894,0.0031));
#6180=CARTESIAN_POINT('',(0.0389006937242203,0.037760005717894,0.0031));
#6181=CARTESIAN_POINT('',(0.03890069372422,0.037760005717894,0.0031));
#6182=CARTESIAN_POINT('',(0.03890069372422,0.037760005717894,0.0031));
#6183=CARTESIAN_POINT('',(0.038966685245985,0.042297981538906,0.0031));
#6184=CARTESIAN_POINT('',(0.038966685245985,0.042297981538906,0.0031));
#6185=CARTESIAN_POINT('',(0.0389666852459847,0.042297981538906,0.0031));
#6186=CARTESIAN_POINT('',(0.038966685245985,0.042297981538906,0.0031));
#6187=CARTESIAN_POINT('',(0.038394610094471,0.0422966438729245,0.0031000000416709));
#6188=CARTESIAN_POINT('',(0.038394610094471,0.0422966438729243,0.00310000000000002));
#6189=CARTESIAN_POINT('',(0.038394610094471,0.0422966438729243,0.00313333333333335));
#6190=CARTESIAN_POINT('',(0.038394610094471,0.0422966438729243,0.00316666666666667));
#6191=CARTESIAN_POINT('',(0.038394610094471,0.0422966438729243,0.0032));
#6192=CARTESIAN_POINT('',(0.038092743471263,0.042013058684801,0.00319999997916458));
#6193=CARTESIAN_POINT('',(0.038092743471263,0.042013058684801,0.00310000002083521));
#6194=CARTESIAN_POINT('',(0.038093112893974,0.042034616478223,0.00319999997916458));
#6195=CARTESIAN_POINT('',(0.038093112893974,0.042034616478223,0.00310000002083521));
#6196=CARTESIAN_POINT('',(0.038093786450977,0.042073922136284,0.00319999997916458));
#6197=CARTESIAN_POINT('',(0.038093786450977,0.042073922136284,0.00310000002083521));
#6198=CARTESIAN_POINT('',(0.038097771825093,0.042127509058297,0.00319999997916458));
#6199=CARTESIAN_POINT('',(0.038097771825093,0.042127509058297,0.00310000002083521));
#6200=CARTESIAN_POINT('',(0.038105216428284,0.042170126339639,0.00319999997916458));
#6201=CARTESIAN_POINT('',(0.038105216428284,0.042170126339639,0.00310000002083521));
#6202=CARTESIAN_POINT('',(0.038116370883443,0.042203062896724,0.00319999997916458));
#6203=CARTESIAN_POINT('',(0.038116370883443,0.042203062896724,0.00310000002083521));
#6204=CARTESIAN_POINT('',(0.038131197420423,0.042227849908439,0.00319999997916458));
#6205=CARTESIAN_POINT('',(0.038131197420423,0.042227849908439,0.00310000002083521));
#6206=CARTESIAN_POINT('',(0.038147152107527,0.042248061748092,0.00319999997916458));
#6207=CARTESIAN_POINT('',(0.038147152107527,0.042248061748092,0.00310000002083521));
#6208=CARTESIAN_POINT('',(0.03816529070698,0.04226475577723,0.00319999997916458));
#6209=CARTESIAN_POINT('',(0.03816529070698,0.04226475577723,0.00310000002083521));
#6210=CARTESIAN_POINT('',(0.0381830687407,0.042275054014868,0.00319999997916458));
#6211=CARTESIAN_POINT('',(0.0381830687407,0.042275054014868,0.00310000002083521));
#6212=CARTESIAN_POINT('',(0.038199872778712,0.042281798336201,0.00319999997916458));
#6213=CARTESIAN_POINT('',(0.038199872778712,0.042281798336201,0.00310000002083521));
#6214=CARTESIAN_POINT('',(0.038216605312656,0.042285433715389,0.00319999997916458));
#6215=CARTESIAN_POINT('',(0.038216605312656,0.042285433715389,0.00310000002083521));
#6216=CARTESIAN_POINT('',(0.038236986843677,0.042288942126644,0.00319999997916458));
#6217=CARTESIAN_POINT('',(0.038236986843677,0.042288942126644,0.00310000002083521));
#6218=CARTESIAN_POINT('',(0.038261075059303,0.042292083378561,0.00319999997916458));
#6219=CARTESIAN_POINT('',(0.038261075059303,0.042292083378561,0.00310000002083521));
#6220=CARTESIAN_POINT('',(0.038289049445123,0.042294262875299,0.00319999997916458));
#6221=CARTESIAN_POINT('',(0.038289049445123,0.042294262875299,0.00310000002083521));
#6222=CARTESIAN_POINT('',(0.038320882737952,0.042295395857938,0.00319999997916458));
#6223=CARTESIAN_POINT('',(0.038320882737952,0.042295395857938,0.00310000002083521));
#6224=CARTESIAN_POINT('',(0.038356555829069,0.042296330907736,0.00319999997916458));
#6225=CARTESIAN_POINT('',(0.038356555829069,0.042296330907736,0.00310000002083521));
#6226=CARTESIAN_POINT('',(0.038381529953923,0.042296536299473,0.00319999997916458));
#6227=CARTESIAN_POINT('',(0.038381529953923,0.042296536299473,0.00310000002083521));
#6228=CARTESIAN_POINT('',(0.038394610094471,0.042296643872925,0.00319999997916458));
#6229=CARTESIAN_POINT('',(0.038394610094471,0.042296643872925,0.00310000002083521));
#6230=CARTESIAN_POINT('',(0.038092743471263,0.042013058684801,0.00309999999999952));
#6231=CARTESIAN_POINT('',(0.0380941865694692,0.0420972711928294,0.00309999999999969));
#6232=CARTESIAN_POINT('',(0.038101297304747,0.0423072546018088,0.00310000000000011));
#6233=CARTESIAN_POINT('',(0.0383103916562383,0.0422959512451909,0.00310000000000009));
#6234=CARTESIAN_POINT('',(0.038394610094471,0.0422966438729248,0.00310000000000009));
#6235=CARTESIAN_POINT('',(0.0380927433886381,0.042013058684801,0.00310000004167043));
#6236=CARTESIAN_POINT('',(0.038092743471263,0.042013058684801,0.0032));
#6237=CARTESIAN_POINT('',(0.038092743471263,0.042013058684801,0.00316666666666651));
#6238=CARTESIAN_POINT('',(0.038092743471263,0.042013058684801,0.00313333333333301));
#6239=CARTESIAN_POINT('',(0.038092743471263,0.042013058684801,0.00309999999999952));
#6240=CARTESIAN_POINT('',(0.038092743471263,0.042013058684801,0.0031));
#6241=CARTESIAN_POINT('',(0.038092743471263,0.042013058684801,0.00309999999999952));
#6242=CARTESIAN_POINT('',(0.038037007388692,0.042013058684801,0.00309999999999968));
#6243=CARTESIAN_POINT('',(0.038037007388692,0.042013058684801,0.0031));
#6244=CARTESIAN_POINT('',(0.038037007388692,0.042013058684801,0.0031));
#6245=CARTESIAN_POINT('',(0.038037007388692,0.042013058684801,0.00309999999999984));
#6246=CARTESIAN_POINT('',(0.0380352238340497,0.043057775816521,0.00309999999999992));
#6247=CARTESIAN_POINT('',(0.0380352238340497,0.043057775816521,0.0031));
#6248=CARTESIAN_POINT('',(0.03803522383405,0.043057775816521,0.0031));
#6249=CARTESIAN_POINT('',(0.03803522383405,0.043057775816521,0.0031));
#6250=CARTESIAN_POINT('',(0.0380909599170663,0.0430577757756636,0.00310000004167213));
#6251=CARTESIAN_POINT('',(0.038090959916621,0.043057775816521,0.00310000000000082));
#6252=CARTESIAN_POINT('',(0.038090959916621,0.043057775816521,0.00313333333333388));
#6253=CARTESIAN_POINT('',(0.038090959916621,0.043057775816521,0.00316666666666694));
#6254=CARTESIAN_POINT('',(0.038090959916621,0.043057775816521,0.0032));
#6255=CARTESIAN_POINT('',(0.0383967469283729,0.0427750570377617,0.0032));
#6256=CARTESIAN_POINT('',(0.0383967469283729,0.0427750570377617,0.00310000002083659));
#6257=CARTESIAN_POINT('',(0.0383957373912986,0.0427750654937475,0.0032));
#6258=CARTESIAN_POINT('',(0.0383957373912986,0.0427750654937475,0.00310000002083659));
#6259=CARTESIAN_POINT('',(0.0383947278542243,0.0427750739497332,0.0032));
#6260=CARTESIAN_POINT('',(0.0383947278542243,0.0427750739497332,0.00310000002083659));
#6261=CARTESIAN_POINT('',(0.03839371831715,0.042775082405719,0.0032));
#6262=CARTESIAN_POINT('',(0.03839371831715,0.042775082405719,0.00310000002083659));
#6263=CARTESIAN_POINT('',(0.038380638351586,0.042775191964848,0.0032));
#6264=CARTESIAN_POINT('',(0.038380638351586,0.042775191964848,0.00310000002083659));
#6265=CARTESIAN_POINT('',(0.038355664560832,0.042775401147873,0.0032));
#6266=CARTESIAN_POINT('',(0.038355664560832,0.042775401147873,0.00310000002083659));
#6267=CARTESIAN_POINT('',(0.038320137671653,0.042776306800727,0.0032));
#6268=CARTESIAN_POINT('',(0.038320137671653,0.042776306800727,0.00310000002083659));
#6269=CARTESIAN_POINT('',(0.03828831188443,0.04277751952611,0.0032));
#6270=CARTESIAN_POINT('',(0.03828831188443,0.04277751952611,0.00310000002083659));
#6271=CARTESIAN_POINT('',(0.038260320288472,0.042779559353539,0.0032));
#6272=CARTESIAN_POINT('',(0.038260320288472,0.042779559353539,0.00310000002083659));
#6273=CARTESIAN_POINT('',(0.03823629212134,0.042782925443906,0.0032));
#6274=CARTESIAN_POINT('',(0.03823629212134,0.042782925443906,0.00310000002083659));
#6275=CARTESIAN_POINT('',(0.038215971007684,0.042785769501837,0.0032));
#6276=CARTESIAN_POINT('',(0.038215971007684,0.042785769501837,0.00310000002083659));
#6277=CARTESIAN_POINT('',(0.038199439243756,0.042789516279942,0.0032));
#6278=CARTESIAN_POINT('',(0.038199439243756,0.042789516279942,0.00310000002083659));
#6279=CARTESIAN_POINT('',(0.038182706159354,0.042796116625221,0.0032));
#6280=CARTESIAN_POINT('',(0.038182706159354,0.042796116625221,0.00310000002083659));
#6281=CARTESIAN_POINT('',(0.038165390133873,0.042806711524976,0.0032));
#6282=CARTESIAN_POINT('',(0.038165390133873,0.042806711524976,0.00310000002083659));
#6283=CARTESIAN_POINT('',(0.03814710985001,0.042822682449197,0.0032));
#6284=CARTESIAN_POINT('',(0.03814710985001,0.042822682449197,0.00310000002083659));
#6285=CARTESIAN_POINT('',(0.038131245005743,0.042842652027475,0.0032));
#6286=CARTESIAN_POINT('',(0.038131245005743,0.042842652027475,0.00310000002083659));
#6287=CARTESIAN_POINT('',(0.038115893658396,0.042866777208952,0.0032));
#6288=CARTESIAN_POINT('',(0.038115893658396,0.042866777208952,0.00310000002083659));
#6289=CARTESIAN_POINT('',(0.038104080085942,0.042899404893336,0.0032));
#6290=CARTESIAN_POINT('',(0.038104080085942,0.042899404893336,0.00310000002083659));
#6291=CARTESIAN_POINT('',(0.038097127833177,0.042942346745842,0.0032));
#6292=CARTESIAN_POINT('',(0.038097127833177,0.042942346745842,0.00310000002083659));
#6293=CARTESIAN_POINT('',(0.03809163039556,0.042996253777336,0.0032));
#6294=CARTESIAN_POINT('',(0.03809163039556,0.042996253777336,0.00310000002083659));
#6295=CARTESIAN_POINT('',(0.038091196624163,0.043036055923705,0.0032));
#6296=CARTESIAN_POINT('',(0.038091196624163,0.043036055923705,0.00310000002083659));
#6297=CARTESIAN_POINT('',(0.038090959916621,0.043057775816521,0.0032));
#6298=CARTESIAN_POINT('',(0.038090959916621,0.043057775816521,0.00310000002083659));
#6299=CARTESIAN_POINT('',(0.03839371831715,0.042775082405719,0.00310000000000106));
#6300=CARTESIAN_POINT('',(0.0383095913918736,0.0427757870614472,0.00310000000000106));
#6301=CARTESIAN_POINT('',(0.0381016469291172,0.0427645306607843,0.00310000000000104));
#6302=CARTESIAN_POINT('',(0.0380918772674018,0.0429736012251003,0.00310000000000146));
#6303=CARTESIAN_POINT('',(0.038090959916621,0.043057775816521,0.00310000000000163));
#6304=CARTESIAN_POINT('',(0.0383937183588166,0.0427750824058032,0.00310000004167178));
#6305=CARTESIAN_POINT('',(0.03839371831715,0.042775082405719,0.0032));
#6306=CARTESIAN_POINT('',(0.03839371831715,0.042775082405719,0.00316666666666701));
#6307=CARTESIAN_POINT('',(0.03839371831715,0.042775082405719,0.00313333333333402));
#6308=CARTESIAN_POINT('',(0.03839371831715,0.042775082405719,0.00310000000000103));
#6309=CARTESIAN_POINT('',(0.03839371831715,0.042775082405719,0.0031));
#6310=CARTESIAN_POINT('',(0.03839371831715,0.042775082405719,0.00310000000000103));
#6311=CARTESIAN_POINT('',(0.039718007639049,0.0427777577376824,0.00310000004167187));
#6312=CARTESIAN_POINT('',(0.039718007639049,0.0427777577376824,0.00310000000000102));
#6313=CARTESIAN_POINT('',(0.039718007639049,0.0427777577376824,0.00313333333333401));
#6314=CARTESIAN_POINT('',(0.039718007639049,0.0427777577376824,0.00316666666666701));
#6315=CARTESIAN_POINT('',(0.039718007639049,0.0427777577376824,0.0032));
#6316=CARTESIAN_POINT('',(0.040020320150917,0.043061342925806,0.00319999997916458));
#6317=CARTESIAN_POINT('',(0.040020320150917,0.043061342925806,0.00310000002083645));
#6318=CARTESIAN_POINT('',(0.040020211031455,0.043039778069142,0.00319999997916458));
#6319=CARTESIAN_POINT('',(0.040020211031455,0.043039778069142,0.00310000002083645));
#6320=CARTESIAN_POINT('',(0.040020011996239,0.043000443510039,0.00319999997916458));
#6321=CARTESIAN_POINT('',(0.040020011996239,0.043000443510039,0.00310000002083645));
#6322=CARTESIAN_POINT('',(0.040015150320217,0.042946916919918,0.00319999997916458));
#6323=CARTESIAN_POINT('',(0.040015150320217,0.042946916919918,0.00310000002083645));
#6324=CARTESIAN_POINT('',(0.040007873465343,0.042904273165111,0.00319999997916458));
#6325=CARTESIAN_POINT('',(0.040007873465343,0.042904273165111,0.00310000002083645));
#6326=CARTESIAN_POINT('',(0.039996687685278,0.042871339142727,0.00319999997916458));
#6327=CARTESIAN_POINT('',(0.039996687685278,0.042871339142727,0.00310000002083645));
#6328=CARTESIAN_POINT('',(0.039981867370828,0.042846551532805,0.00319999997916458));
#6329=CARTESIAN_POINT('',(0.039981867370828,0.042846551532805,0.00310000002083645));
#6330=CARTESIAN_POINT('',(0.039965911203843,0.042826340146328,0.00319999997916458));
#6331=CARTESIAN_POINT('',(0.039965911203843,0.042826340146328,0.00310000002083645));
#6332=CARTESIAN_POINT('',(0.039947773092727,0.042809644924576,0.00319999997916458));
#6333=CARTESIAN_POINT('',(0.039947773092727,0.042809644924576,0.00310000002083645));
#6334=CARTESIAN_POINT('',(0.039929994557107,0.042799350325872,0.00319999997916458));
#6335=CARTESIAN_POINT('',(0.039929994557107,0.042799350325872,0.00310000002083645));
#6336=CARTESIAN_POINT('',(0.039913191533381,0.042792597302801,0.00319999997916458));
#6337=CARTESIAN_POINT('',(0.039913191533381,0.042792597302801,0.00310000002083645));
#6338=CARTESIAN_POINT('',(0.039896454567615,0.042789000401074,0.00319999997916458));
#6339=CARTESIAN_POINT('',(0.039896454567615,0.042789000401074,0.00310000002083645));
#6340=CARTESIAN_POINT('',(0.039876112891223,0.042785300722881,0.00319999997916458));
#6341=CARTESIAN_POINT('',(0.039876112891223,0.042785300722881,0.00310000002083645));
#6342=CARTESIAN_POINT('',(0.039851776687042,0.042783060778426,0.00319999997916458));
#6343=CARTESIAN_POINT('',(0.039851776687042,0.042783060778426,0.00310000002083645));
#6344=CARTESIAN_POINT('',(0.039823899634262,0.042779929056682,0.00319999997916458));
#6345=CARTESIAN_POINT('',(0.039823899634262,0.042779929056682,0.00310000002083645));
#6346=CARTESIAN_POINT('',(0.039792025663556,0.042779066931586,0.00319999997916458));
#6347=CARTESIAN_POINT('',(0.039792025663556,0.042779066931586,0.00310000002083645));
#6348=CARTESIAN_POINT('',(0.039756361232593,0.042778047005008,0.00319999997916458));
#6349=CARTESIAN_POINT('',(0.039756361232593,0.042778047005008,0.00310000002083645));
#6350=CARTESIAN_POINT('',(0.039731237119521,0.042777857515984,0.00319999997916458));
#6351=CARTESIAN_POINT('',(0.039731237119521,0.042777857515984,0.00310000002083645));
#6352=CARTESIAN_POINT('',(0.039718007639049,0.042777757737682,0.00319999997916458));
#6353=CARTESIAN_POINT('',(0.039718007639049,0.042777757737682,0.00310000002083645));
#6354=CARTESIAN_POINT('',(0.040020320150917,0.043061342925806,0.00310000000000161));
#6355=CARTESIAN_POINT('',(0.0400198934330122,0.0429770123189218,0.00310000000000144));
#6356=CARTESIAN_POINT('',(0.0400111551784414,0.0427669500453251,0.00310000000000101));
#6357=CARTESIAN_POINT('',(0.0398023071306021,0.0427783935343884,0.00310000000000104));
#6358=CARTESIAN_POINT('',(0.039718007639049,0.0427777577376822,0.00310000000000104));
#6359=CARTESIAN_POINT('',(0.0400203202340397,0.043061342925806,0.00310000004167217));
#6360=CARTESIAN_POINT('',(0.040020320150917,0.043061342925806,0.0032));
#6361=CARTESIAN_POINT('',(0.040020320150917,0.043061342925806,0.0031666666666671));
#6362=CARTESIAN_POINT('',(0.040020320150917,0.043061342925806,0.0031333333333342));
#6363=CARTESIAN_POINT('',(0.040020320150917,0.043061342925806,0.0031000000000013));
#6364=CARTESIAN_POINT('',(0.040020320150917,0.043061342925806,0.0031));
#6365=CARTESIAN_POINT('',(0.040020320150917,0.043061342925806,0.0031000000000013));
#6366=CARTESIAN_POINT('',(0.040076056233488,0.043061342925806,0.00310000000000098));
#6367=CARTESIAN_POINT('',(0.040076056233488,0.043061342925806,0.0031));
#6368=CARTESIAN_POINT('',(0.040076056233488,0.043061342925806,0.0031));
#6369=CARTESIAN_POINT('',(0.040076056233488,0.043061342925806,0.00310000000000066));
#6370=CARTESIAN_POINT('',(0.0400778395960698,0.0421129069152712,0.00309999999999969));
#6371=CARTESIAN_POINT('',(0.0400778397881303,0.042112937744769,0.00310000000000008));
#6372=CARTESIAN_POINT('',(0.0400778397881303,0.042112937744769,0.00313333333333339));
#6373=CARTESIAN_POINT('',(0.0400778397881303,0.042112937744769,0.00316666666666656));
#6374=CARTESIAN_POINT('',(0.0400778397881303,0.042112937744769,0.0032));
#6375=CARTESIAN_POINT('',(0.03951646596447,0.041182368110155,0.0032));
#6376=CARTESIAN_POINT('',(0.03951646596447,0.041182368110155,0.00309999999999975));
#6377=CARTESIAN_POINT('',(0.039531638226467,0.041182744029831,0.0032));
#6378=CARTESIAN_POINT('',(0.039531638226467,0.041182744029831,0.00309999999999975));
#6379=CARTESIAN_POINT('',(0.039561615750061,0.041183486776096,0.0032));
#6380=CARTESIAN_POINT('',(0.039561615750061,0.041183486776096,0.00309999999999975));
#6381=CARTESIAN_POINT('',(0.039605784213349,0.041188376177368,0.0032));
#6382=CARTESIAN_POINT('',(0.039605784213349,0.041188376177368,0.00309999999999975));
#6383=CARTESIAN_POINT('',(0.039648467331074,0.04119684412841,0.0032));
#6384=CARTESIAN_POINT('',(0.039648467331074,0.04119684412841,0.00309999999999975));
#6385=CARTESIAN_POINT('',(0.039689544399799,0.041209062256687,0.0032));
#6386=CARTESIAN_POINT('',(0.039689544399799,0.041209062256687,0.00309999999999975));
#6387=CARTESIAN_POINT('',(0.039729373674676,0.041224042643236,0.0032));
#6388=CARTESIAN_POINT('',(0.039729373674676,0.041224042643236,0.00309999999999975));
#6389=CARTESIAN_POINT('',(0.039767527966185,0.041242989911246,0.0032));
#6390=CARTESIAN_POINT('',(0.039767527966185,0.041242989911246,0.00309999999999975));
#6391=CARTESIAN_POINT('',(0.039804080646171,0.041265423832622,0.0032));
#6392=CARTESIAN_POINT('',(0.039804080646171,0.041265423832622,0.00309999999999975));
#6393=CARTESIAN_POINT('',(0.0398391786782,0.041290678776141,0.0032));
#6394=CARTESIAN_POINT('',(0.0398391786782,0.041290678776141,0.00309999999999975));
#6395=CARTESIAN_POINT('',(0.039872126585206,0.041318723536324,0.0032));
#6396=CARTESIAN_POINT('',(0.039872126585206,0.041318723536324,0.00309999999999975));
#6397=CARTESIAN_POINT('',(0.039902424549927,0.041349099478506,0.0032));
#6398=CARTESIAN_POINT('',(0.039902424549927,0.041349099478506,0.00309999999999975));
#6399=CARTESIAN_POINT('',(0.039930152516742,0.0413812821627932,0.0032));
#6400=CARTESIAN_POINT('',(0.039930152516742,0.0413812821627932,0.00309999999999975));
#6401=CARTESIAN_POINT('',(0.039955353890098,0.0414153203305987,0.0032));
#6402=CARTESIAN_POINT('',(0.039955353890098,0.0414153203305987,0.00309999999999975));
#6403=CARTESIAN_POINT('',(0.039977522851893,0.041451514888342,0.0032));
#6404=CARTESIAN_POINT('',(0.039977522851893,0.041451514888342,0.00309999999999975));
#6405=CARTESIAN_POINT('',(0.039997344784255,0.0414893918206025,0.0032));
#6406=CARTESIAN_POINT('',(0.039997344784255,0.0414893918206025,0.00309999999999975));
#6407=CARTESIAN_POINT('',(0.040013720459637,0.0415295341972712,0.0032));
#6408=CARTESIAN_POINT('',(0.040013720459637,0.0415295341972712,0.00309999999999975));
#6409=CARTESIAN_POINT('',(0.040028340996641,0.041572029025593,0.0032));
#6410=CARTESIAN_POINT('',(0.040028340996641,0.041572029025593,0.00309999999999975));
#6411=CARTESIAN_POINT('',(0.040040410685247,0.041618851235696,0.0032));
#6412=CARTESIAN_POINT('',(0.040040410685247,0.041618851235696,0.00309999999999975));
#6413=CARTESIAN_POINT('',(0.040050546874844,0.041671125376559,0.0032));
#6414=CARTESIAN_POINT('',(0.040050546874844,0.041671125376559,0.00309999999999975));
#6415=CARTESIAN_POINT('',(0.040058799151787,0.041729644139668,0.0032));
#6416=CARTESIAN_POINT('',(0.040058799151787,0.041729644139668,0.00309999999999975));
#6417=CARTESIAN_POINT('',(0.040065816241758,0.041794335609746,0.0032));
#6418=CARTESIAN_POINT('',(0.040065816241758,0.041794335609746,0.00309999999999975));
#6419=CARTESIAN_POINT('',(0.040071821677898,0.041865232251609,0.0032));
#6420=CARTESIAN_POINT('',(0.040071821677898,0.041865232251609,0.00309999999999975));
#6421=CARTESIAN_POINT('',(0.040074947846881,0.041942289004774,0.0032));
#6422=CARTESIAN_POINT('',(0.040074947846881,0.041942289004774,0.00309999999999975));
#6423=CARTESIAN_POINT('',(0.04007730627945,0.042025528915511,0.0032));
#6424=CARTESIAN_POINT('',(0.04007730627945,0.042025528915511,0.00309999999999975));
#6425=CARTESIAN_POINT('',(0.040077657433247,0.042083061142081,0.0032));
#6426=CARTESIAN_POINT('',(0.040077657433247,0.042083061142081,0.00309999999999975));
#6427=CARTESIAN_POINT('',(0.040077839788131,0.042112937744769,0.0032));
#6428=CARTESIAN_POINT('',(0.040077839788131,0.042112937744769,0.00309999999999975));
#6429=CARTESIAN_POINT('',(0.03951646596447,0.041182368110155,0.00309999999999781));
#6430=CARTESIAN_POINT('',(0.039531638226467,0.041182744029831,0.00309999999999781));
#6431=CARTESIAN_POINT('',(0.039561615750061,0.041183486776096,0.00309999999999781));
#6432=CARTESIAN_POINT('',(0.039605784213349,0.041188376177368,0.00309999999999782));
#6433=CARTESIAN_POINT('',(0.039648467331074,0.04119684412841,0.00309999999999783));
#6434=CARTESIAN_POINT('',(0.039689544399799,0.041209062256687,0.00309999999999786));
#6435=CARTESIAN_POINT('',(0.039729373674676,0.041224042643236,0.00309999999999789));
#6436=CARTESIAN_POINT('',(0.039767527966185,0.041242989911246,0.00309999999999793));
#6437=CARTESIAN_POINT('',(0.039804080646171,0.041265423832622,0.00309999999999797));
#6438=CARTESIAN_POINT('',(0.0398391786782,0.041290678776141,0.00309999999999802));
#6439=CARTESIAN_POINT('',(0.039872126585206,0.041318723536324,0.00309999999999808));
#6440=CARTESIAN_POINT('',(0.039902424549927,0.041349099478506,0.00309999999999814));
#6441=CARTESIAN_POINT('',(0.039930152516742,0.0413812821627932,0.0030999999999982));
#6442=CARTESIAN_POINT('',(0.039955353890098,0.0414153203305987,0.00309999999999828));
#6443=CARTESIAN_POINT('',(0.039977522851893,0.041451514888342,0.00309999999999834));
#6444=CARTESIAN_POINT('',(0.039997344784255,0.0414893918206025,0.00309999999999842));
#6445=CARTESIAN_POINT('',(0.040013720459637,0.0415295341972712,0.0030999999999985));
#6446=CARTESIAN_POINT('',(0.040028340996641,0.041572029025593,0.00309999999999859));
#6447=CARTESIAN_POINT('',(0.040040410685247,0.041618851235696,0.00309999999999868));
#6448=CARTESIAN_POINT('',(0.040050546874844,0.041671125376559,0.00309999999999879));
#6449=CARTESIAN_POINT('',(0.040058799151787,0.041729644139668,0.00309999999999891));
#6450=CARTESIAN_POINT('',(0.040065816241758,0.041794335609746,0.00309999999999904));
#6451=CARTESIAN_POINT('',(0.040071821677898,0.041865232251609,0.00309999999999919));
#6452=CARTESIAN_POINT('',(0.040074947846881,0.041942289004774,0.00309999999999934));
#6453=CARTESIAN_POINT('',(0.0400773059884023,0.042025518643102,0.00309999999999951));
#6454=CARTESIAN_POINT('',(0.0400776573077588,0.0420830405890674,0.00309999999999962));
#6455=CARTESIAN_POINT('',(0.0400778395999598,0.0421129069152475,0.00309999999999969));
#6456=CARTESIAN_POINT('',(0.0395164606832175,0.0411823682294142,0.00309999999999781));
#6457=CARTESIAN_POINT('',(0.0395164493796915,0.0411829192667558,0.00319999999999997));
#6458=CARTESIAN_POINT('',(0.0395164493796915,0.0411829192667558,0.00316666666666664));
#6459=CARTESIAN_POINT('',(0.0395164493796915,0.0411829192667558,0.00313333333333331));
#6460=CARTESIAN_POINT('',(0.0395164493796915,0.0411829192667558,0.00309999999999997));
#6461=CARTESIAN_POINT('',(0.0395020050098779,0.0416629443565104,0.00315));
#6462=CARTESIAN_POINT('',(0.0395020050098779,0.0416629443565104,0.00309999999999781));
#6463=CARTESIAN_POINT('',(0.0391428108418577,0.0413437803621872,0.00310000000001604));
#6464=CARTESIAN_POINT('',(0.0391430084531654,0.0413439550167483,0.00310000000001602));
#6465=CARTESIAN_POINT('',(0.0391430084531654,0.0413439550167483,0.00313333333333845));
#6466=CARTESIAN_POINT('',(0.0391430084531654,0.0413439550167483,0.00316666666666088));
#6467=CARTESIAN_POINT('',(0.0391430084531654,0.0413439550167483,0.00319999999998331));
#6468=CARTESIAN_POINT('',(0.0396699874406035,0.0417732139979713,0.00315));
#6469=CARTESIAN_POINT('',(0.0396699874406035,0.0417732139979713,0.00309999999999815));
#6470=CARTESIAN_POINT('',(0.0390023562219807,0.0416344990262087,0.00310000008334086));
#6471=CARTESIAN_POINT('',(0.0390033552724494,0.0416352120902651,0.00310000008334086));
#6472=CARTESIAN_POINT('',(0.039002356338831,0.041634499211975,0.0031));
#6473=CARTESIAN_POINT('',(0.039002356338831,0.041634499211975,0.00309999999999886));
#6474=CARTESIAN_POINT('',(0.0383125548575661,0.0411422294572465,0.00309999999999775));
#6475=CARTESIAN_POINT('',(0.0383125665809251,0.0411422381307029,0.00309999999999837));
#6476=CARTESIAN_POINT('',(0.0383125665809251,0.0411422381307029,0.00313333333333225));
#6477=CARTESIAN_POINT('',(0.0383125665809251,0.0411422381307029,0.00316666666666612));
#6478=CARTESIAN_POINT('',(0.0383125665809251,0.0411422381307029,0.0032));
#6479=CARTESIAN_POINT('',(0.0389929592973718,0.0401289070390794,0.00315));
#6480=CARTESIAN_POINT('',(0.0389929592973718,0.0401289070390794,0.00309999999999774));
#6481=CARTESIAN_POINT('',(0.0381458039552948,0.0410049039848755,0.00310000000001582));
#6482=CARTESIAN_POINT('',(0.0381449215410272,0.0410058171559127,0.0031000000000158));
#6483=CARTESIAN_POINT('',(0.0381449215410272,0.0410058171559127,0.00313333333333831));
#6484=CARTESIAN_POINT('',(0.0381449215410272,0.0410058171559127,0.00316666666666081));
#6485=CARTESIAN_POINT('',(0.0381449215410272,0.0410058171559127,0.00319999999998331));
#6486=CARTESIAN_POINT('',(0.0383419142156083,0.0408549872837145,0.00315));
#6487=CARTESIAN_POINT('',(0.0383419142156083,0.0408549872837145,0.00309999999999747));
#6488=CARTESIAN_POINT('',(0.0380954087283747,0.040862220051864,0.00309999999999732));
#6489=CARTESIAN_POINT('',(0.0380954087283746,0.040862220051864,0.00310000008334009));
#6490=CARTESIAN_POINT('',(0.038094972914566,0.040862220051864,0.0031));
#6491=CARTESIAN_POINT('',(0.038094972914566,0.040862220051864,0.00309999999999809));
#6492=CARTESIAN_POINT('',(0.038039236831995,0.040862220051864,0.00309999999999871));
#6493=CARTESIAN_POINT('',(0.038039236831995,0.040862220051864,0.0031));
#6494=CARTESIAN_POINT('',(0.038039236831995,0.040862220051864,0.0031));
#6495=CARTESIAN_POINT('',(0.038039236831995,0.040862220051864,0.00309999999999934));
#6496=CARTESIAN_POINT('',(0.0380378991660133,0.0415047456117484,0.00309999999999967));
#6497=CARTESIAN_POINT('',(0.0380378991660133,0.0415047456117484,0.0031));
#6498=CARTESIAN_POINT('',(0.038037899166013,0.0415047456117484,0.0031));
#6499=CARTESIAN_POINT('',(0.038037899166013,0.0415047456117484,0.0031));
#6500=CARTESIAN_POINT('',(0.0389671311346453,0.0421642149407342,0.0031));
#6501=CARTESIAN_POINT('',(0.0389671311346455,0.0421642149407344,0.0031));
#6502=CARTESIAN_POINT('',(0.038967131134645,0.042164214940735,0.0031));
#6503=CARTESIAN_POINT('',(0.038967131134645,0.042164214940735,0.0031));
#6504=CARTESIAN_POINT('',(0.030588209415274,0.048270474931919,0.002));
#6505=CARTESIAN_POINT('',(0.03807174540622,0.039607484115086,0.0031));
#6506=CARTESIAN_POINT('',(0.0384246727055782,0.0397491223878954,0.00310000000000005));
#6507=CARTESIAN_POINT('',(0.038432064041689,0.0400230590683599,0.00310000000001668));
#6508=CARTESIAN_POINT('',(0.0385961510566167,0.0399642022696205,0.00310000000001669));
#6509=CARTESIAN_POINT('',(0.0380674027645794,0.0392900428834575,0.00310000000000009));
#6510=CARTESIAN_POINT('',(0.0388238210148992,0.0396939904142185,0.00310000000000013));
#6511=CARTESIAN_POINT('',(0.038825338540583,0.039693993285601,0.00310000000000009));
#6512=CARTESIAN_POINT('',(0.0383563810886866,0.0396931059488899,0.0031));
#6513=CARTESIAN_POINT('',(0.0385607479277736,0.0399057703238344,0.0031));
#6514=CARTESIAN_POINT('',(0.0382697613386664,0.039867443436558,0.00310000000001667));
#6515=CARTESIAN_POINT('',(0.0384031297270111,0.0398780656031597,0.0031));
#6516=CARTESIAN_POINT('',(0.0383098906688972,0.039972673078457,0.00310000000001667));
#6517=CARTESIAN_POINT('',(0.0384321963527713,0.0398505111137463,0.00310000000000004));
#6518=CARTESIAN_POINT('',(0.039370188267195,0.036091794689341,0.0031));
#6519=CARTESIAN_POINT('',(0.0398705273487244,0.0367173929510737,0.00310000000000019));
#6520=CARTESIAN_POINT('',(0.0400154153260007,0.0367326546462813,0.00310000000001677));
#6521=CARTESIAN_POINT('',(0.0399672597304793,0.0366109265864452,0.00310000000001674));
#6522=CARTESIAN_POINT('',(0.0396891620074462,0.0371456585392359,0.0031000000000002));
#6523=CARTESIAN_POINT('',(0.0396850183712852,0.0365378010753689,0.0031000000000002));
#6524=CARTESIAN_POINT('',(0.0391548429948863,0.0616248195908564,0.00310000000000079));
#6525=CARTESIAN_POINT('',(0.0390603217813736,0.0365311121794554,0.00310000008334181));
#6526=CARTESIAN_POINT('',(0.039060321864705,0.036531112178881,0.0031000000000003));
#6527=CARTESIAN_POINT('',(0.0384133375043953,0.0365355711482284,0.00310000008334201));
#6528=CARTESIAN_POINT('',(0.038403424145713,0.0370332960127692,0.0031000000000005));
#6529=CARTESIAN_POINT('',(0.038152492911486,0.0366073589288199,0.0031000000000169));
#6530=CARTESIAN_POINT('',(0.03823731926592,0.0367087183664174,0.00310000000000057));
#6531=CARTESIAN_POINT('',(0.0381043366319933,0.0367201681600068,0.00310000000001698));
#6532=CARTESIAN_POINT('',(0.0382733515272814,0.0367210320278379,0.00310000000000063));
#6533=CARTESIAN_POINT('',(0.038283132894619,0.0368967397110238,0.00310000000000063));
#6534=CARTESIAN_POINT('',(0.038763012149968,0.0329260165763533,0.00310000000000057));
#6535=CARTESIAN_POINT('',(0.038863684965393,0.03692795308679,0.00310000000001695));
#6536=CARTESIAN_POINT('',(0.038863684965393,0.03692795308679,0.00310000000000055));
#6537=CARTESIAN_POINT('',(0.0390526237860919,0.036927844012202,0.00310000000000052));
#6538=CARTESIAN_POINT('',(0.0393375745180043,0.0369266298182978,0.00310000000000047));
#6539=CARTESIAN_POINT('',(0.0397113024063757,0.0369223564003697,0.0031000000000004));
#6540=CARTESIAN_POINT('',(0.0399079564882341,0.0368976878184793,0.00310000000000035));
#6541=CARTESIAN_POINT('',(0.039979298091574,0.0368352085103748,0.00310000000000031));
#6542=CARTESIAN_POINT('',(0.0399792980792172,0.0368352084962652,0.0031000000000168));
#6543=CARTESIAN_POINT('',(0.0398769768159186,0.0367425332361884,0.00310000000000024));
#6544=CARTESIAN_POINT('',(0.037856209064367,0.046301312465416,0.0031));
#6545=CARTESIAN_POINT('',(0.038684067946822,0.035388159711048,0.0031));
#6546=CARTESIAN_POINT('',(0.035350002288818,0.041450012207031,0.0031));
#6547=CARTESIAN_POINT('',(0.0381517932088,0.04225193291041,0.0031));
#6548=CARTESIAN_POINT('',(0.039512898855186,0.04167730452339,0.00309999999999881));
#6549=CARTESIAN_POINT('',(0.0393784013736202,0.0416803486953134,0.00309999999999882));
#6550=CARTESIAN_POINT('',(0.0390799623522644,0.0417676408799219,0.003099999999999));
#6551=CARTESIAN_POINT('',(0.039074048303873,0.0420779613188661,0.00309999999999963));
#6552=CARTESIAN_POINT('',(0.039073698524522,0.042212370916076,0.0030999999999999));
#6553=CARTESIAN_POINT('',(0.0390736985243055,0.0422123709577421,0.0031000000416708));
#6554=CARTESIAN_POINT('',(0.0395129049171071,0.0416773046362505,0.00309999999999881));
#6555=CARTESIAN_POINT('',(0.039073252635862,0.042297981538906,0.00310000000000008));
#6556=CARTESIAN_POINT('',(0.039073252635862,0.0422979815389065,0.00310000000000007));
#6557=CARTESIAN_POINT('',(0.039967259400309,0.042299765093549,0.00310000000000006));
#6558=CARTESIAN_POINT('',(0.0399672594003087,0.042299765093549,0.0031));
#6559=CARTESIAN_POINT('',(0.039967705288969,0.042138799287082,0.00309999999999974));
#6560=CARTESIAN_POINT('',(0.0399677052887382,0.042138799370415,0.0031000000833415));
#6561=CARTESIAN_POINT('',(0.0395797237068452,0.0420657457518112,0.00309999999999881));
#6562=CARTESIAN_POINT('',(0.0380674027645794,0.0392900428834575,0.00315));
#6563=CARTESIAN_POINT('',(0.0380674027645794,0.0392900428834575,0.0032));
#6564=CARTESIAN_POINT('',(0.0385961523836256,0.0399642012998103,0.00319999999998334));
#6565=CARTESIAN_POINT('',(0.0388238210148992,0.0396939904142186,0.0032));
#6566=CARTESIAN_POINT('',(0.0388238210148992,0.0396939904142186,0.00319999991665833));
#6567=CARTESIAN_POINT('',(0.0385966112674571,0.0399647876778107,0.00310000000001667));
#6568=CARTESIAN_POINT('',(0.0385966112674571,0.0399647876778107,0.00313333333333888));
#6569=CARTESIAN_POINT('',(0.0385966112674571,0.0399647876778107,0.00316666666666109));
#6570=CARTESIAN_POINT('',(0.0385966112674571,0.0399647876778107,0.0031999999999833));
#6571=CARTESIAN_POINT('',(0.0384246727055782,0.0397491223878954,0.00315));
#6572=CARTESIAN_POINT('',(0.0384246727055782,0.0397491223878954,0.0032));
#6573=CARTESIAN_POINT('',(0.0384320654170717,0.0400230590631527,0.00319999999998334));
#6574=CARTESIAN_POINT('',(0.0384320720164795,0.040023328698886,0.00310000000001667));
#6575=CARTESIAN_POINT('',(0.0384320720164795,0.040023328698886,0.00313333333333888));
#6576=CARTESIAN_POINT('',(0.0384320720164795,0.040023328698886,0.0031666666666611));
#6577=CARTESIAN_POINT('',(0.0384320720164795,0.040023328698886,0.00319999999998331));
#6578=CARTESIAN_POINT('',(0.0384321963527713,0.0398505111137463,0.00315));
#6579=CARTESIAN_POINT('',(0.0384321963527713,0.0398505111137463,0.0032));
#6580=CARTESIAN_POINT('',(0.0383098918753434,0.0399726742256803,0.00319999999998334));
#6581=CARTESIAN_POINT('',(0.0383101051151067,0.0399724600815272,0.00310000000001666));
#6582=CARTESIAN_POINT('',(0.0383101051151067,0.0399724600815272,0.00313333333333888));
#6583=CARTESIAN_POINT('',(0.0383101051151067,0.0399724600815272,0.00316666666666109));
#6584=CARTESIAN_POINT('',(0.0383101051151067,0.0399724600815272,0.00319999999998331));
#6585=CARTESIAN_POINT('',(0.0384031297270111,0.0398780656031597,0.00315));
#6586=CARTESIAN_POINT('',(0.0384031297270111,0.0398780656031597,0.0032));
#6587=CARTESIAN_POINT('',(0.0382697613055258,0.0398674445073148,0.00319999999998334));
#6588=CARTESIAN_POINT('',(0.0382704159079706,0.0398674961107781,0.00310000000001666));
#6589=CARTESIAN_POINT('',(0.0382704159079706,0.0398674961107781,0.00313333333333888));
#6590=CARTESIAN_POINT('',(0.0382704159079706,0.0398674961107781,0.00316666666666109));
#6591=CARTESIAN_POINT('',(0.0382704159079706,0.0398674961107781,0.00319999999998331));
#6592=CARTESIAN_POINT('',(0.0385607479277736,0.0399057703238344,0.00315));
#6593=CARTESIAN_POINT('',(0.0385607479277736,0.0399057703238344,0.0032));
#6594=CARTESIAN_POINT('',(0.0383563810886866,0.0396931059488899,0.0032));
#6595=CARTESIAN_POINT('',(0.038356381088686,0.0396931059488899,0.00310000008334169));
#6596=CARTESIAN_POINT('',(0.038354034226359,0.03969310150828,0.0031));
#6597=CARTESIAN_POINT('',(0.038354034226359,0.03969310150828,0.0032));
#6598=CARTESIAN_POINT('',(0.0396891620074462,0.0371456585392359,0.00315));
#6599=CARTESIAN_POINT('',(0.0396891620074462,0.0371456585392359,0.0032));
#6600=CARTESIAN_POINT('',(0.0399672590195461,0.0366109260066448,0.00319999999998334));
#6601=CARTESIAN_POINT('',(0.0396850041412552,0.0365378001319219,0.003199999999975));
#6602=CARTESIAN_POINT('',(0.0396850256185484,0.0365398130246963,0.00319999999997498));
#6603=CARTESIAN_POINT('',(0.0396850256185484,0.0365398130246963,0.00316666666664998));
#6604=CARTESIAN_POINT('',(0.0396850256185484,0.0365398130246963,0.00313333333332498));
#6605=CARTESIAN_POINT('',(0.0396850256185484,0.0365398130246963,0.00309999999999998));
#6606=CARTESIAN_POINT('',(0.0399687059688912,0.0366081447526029,0.00310000000001677));
#6607=CARTESIAN_POINT('',(0.0399687059688912,0.0366081447526029,0.00313333333333895));
#6608=CARTESIAN_POINT('',(0.0399687059688912,0.0366081447526029,0.00316666666666113));
#6609=CARTESIAN_POINT('',(0.0399687059688912,0.0366081447526029,0.00319999999998331));
#6610=CARTESIAN_POINT('',(0.0398705273487244,0.0367173929510737,0.00315));
#6611=CARTESIAN_POINT('',(0.0398705273487244,0.0367173929510737,0.0032));
#6612=CARTESIAN_POINT('',(0.0400154153242391,0.0367326530429425,0.00319999999998334));
#6613=CARTESIAN_POINT('',(0.0400141603607466,0.0367325216640696,0.00310000000001681));
#6614=CARTESIAN_POINT('',(0.0400141603607466,0.0367325216640696,0.00313333333333898));
#6615=CARTESIAN_POINT('',(0.0400141603607466,0.0367325216640696,0.00316666666666114));
#6616=CARTESIAN_POINT('',(0.0400141603607466,0.0367325216640696,0.00319999999998331));
#6617=CARTESIAN_POINT('',(0.0398769768159186,0.0367425332361884,0.00315));
#6618=CARTESIAN_POINT('',(0.0398769768159186,0.0367425332361884,0.0032));
#6619=CARTESIAN_POINT('',(0.0399792985953733,0.0368352079583858,0.00319999999998334));
#6620=CARTESIAN_POINT('',(0.0399797051519135,0.0368348520164473,0.0031000000000168));
#6621=CARTESIAN_POINT('',(0.038863684965393,0.03692795308679,0.0032));
#6622=CARTESIAN_POINT('',(0.038863684965393,0.03692795308679,0.00310000000000043));
#6623=CARTESIAN_POINT('',(0.038895937521605,0.036927934467354,0.0032));
#6624=CARTESIAN_POINT('',(0.038895937521605,0.036927934467354,0.00310000000000043));
#6625=CARTESIAN_POINT('',(0.038958807711826,0.036927898172324,0.0032));
#6626=CARTESIAN_POINT('',(0.038958807711826,0.036927898172324,0.00310000000000043));
#6627=CARTESIAN_POINT('',(0.039050513313767,0.036928154827353,0.0032));
#6628=CARTESIAN_POINT('',(0.039050513313767,0.036928154827353,0.00310000000000043));
#6629=CARTESIAN_POINT('',(0.039137161995772,0.036927261270343,0.0032));
#6630=CARTESIAN_POINT('',(0.039137161995772,0.036927261270343,0.00310000000000043));
#6631=CARTESIAN_POINT('',(0.039218616125937,0.036927863893166,0.0032));
#6632=CARTESIAN_POINT('',(0.039218616125937,0.036927863893166,0.00310000000000043));
#6633=CARTESIAN_POINT('',(0.039294856647302,0.036926422154222,0.0032));
#6634=CARTESIAN_POINT('',(0.039294856647302,0.036926422154222,0.00310000000000043));
#6635=CARTESIAN_POINT('',(0.039365906278587,0.036926303324331,0.0032));
#6636=CARTESIAN_POINT('',(0.039365906278587,0.036926303324331,0.00310000000000043));
#6637=CARTESIAN_POINT('',(0.039431754209651,0.036925488051245,0.0032));
#6638=CARTESIAN_POINT('',(0.039431754209651,0.036925488051245,0.00310000000000043));
#6639=CARTESIAN_POINT('',(0.039492380434018,0.036923741179325,0.0032));
#6640=CARTESIAN_POINT('',(0.039492380434018,0.036923741179325,0.00310000000000043));
#6641=CARTESIAN_POINT('',(0.039547845220831,0.036923456599274,0.0032));
#6642=CARTESIAN_POINT('',(0.039547845220831,0.036923456599274,0.00310000000000043));
#6643=CARTESIAN_POINT('',(0.039598053991356,0.036921114064036,0.0032));
#6644=CARTESIAN_POINT('',(0.039598053991356,0.036921114064036,0.00310000000000043));
#6645=CARTESIAN_POINT('',(0.039643262590362,0.036920198761822,0.0032));
#6646=CARTESIAN_POINT('',(0.039643262590362,0.036920198761822,0.00310000000000043));
#6647=CARTESIAN_POINT('',(0.039683229866175,0.036918185553922,0.0032));
#6648=CARTESIAN_POINT('',(0.039683229866175,0.036918185553922,0.00310000000000043));
#6649=CARTESIAN_POINT('',(0.039718035944345,0.036916664227192,0.0032));
#6650=CARTESIAN_POINT('',(0.039718035944345,0.036916664227192,0.00310000000000043));
#6651=CARTESIAN_POINT('',(0.03974759924667,0.036914298250415,0.0032));
#6652=CARTESIAN_POINT('',(0.03974759924667,0.036914298250415,0.00310000000000043));
#6653=CARTESIAN_POINT('',(0.039771987225895,0.03691217293642,0.0032));
#6654=CARTESIAN_POINT('',(0.039771987225895,0.03691217293642,0.00310000000000043));
#6655=CARTESIAN_POINT('',(0.03980731048207,0.036908177264662,0.0032));
#6656=CARTESIAN_POINT('',(0.03980731048207,0.036908177264662,0.00310000000000043));
#6657=CARTESIAN_POINT('',(0.039851906439602,0.036899123918748,0.0032));
#6658=CARTESIAN_POINT('',(0.039851906439602,0.036899123918748,0.00310000000000043));
#6659=CARTESIAN_POINT('',(0.039904160926741,0.036883782592121,0.0032));
#6660=CARTESIAN_POINT('',(0.039904160926741,0.036883782592121,0.00310000000000043));
#6661=CARTESIAN_POINT('',(0.039947163392346,0.03686335132859,0.0032));
#6662=CARTESIAN_POINT('',(0.039947163392346,0.03686335132859,0.00310000000000043));
#6663=CARTESIAN_POINT('',(0.039969078807428,0.036844158320484,0.0032));
#6664=CARTESIAN_POINT('',(0.039969078807428,0.036844158320484,0.00310000000000043));
#6665=CARTESIAN_POINT('',(0.039979298394144,0.036835208245391,0.0032));
#6666=CARTESIAN_POINT('',(0.039979298394144,0.036835208245391,0.00310000000000043));
#6667=CARTESIAN_POINT('',(0.0399794339800671,0.0368350895024098,0.0032));
#6668=CARTESIAN_POINT('',(0.0399794339800671,0.0368350895024098,0.00310000000000043));
#6669=CARTESIAN_POINT('',(0.0399795695659903,0.0368349707594285,0.0032));
#6670=CARTESIAN_POINT('',(0.0399795695659903,0.0368349707594285,0.00310000000000043));
#6671=CARTESIAN_POINT('',(0.0399797051519135,0.0368348520164473,0.0032));
#6672=CARTESIAN_POINT('',(0.0399797051519135,0.0368348520164473,0.00310000000000043));
#6673=CARTESIAN_POINT('',(0.039979298394144,0.036835208245391,0.0032));
#6674=CARTESIAN_POINT('',(0.0399079567655907,0.0368976875755786,0.0032));
#6675=CARTESIAN_POINT('',(0.03971130274684,0.0369223564812281,0.0032));
#6676=CARTESIAN_POINT('',(0.0393375746608894,0.0369266297625222,0.0032));
#6677=CARTESIAN_POINT('',(0.0390526238528683,0.0369278440121635,0.0032));
#6678=CARTESIAN_POINT('',(0.038863684965393,0.03692795308679,0.0032));
#6679=CARTESIAN_POINT('',(0.038863684965393,0.03692795308679,0.00319999999998334));
#6680=CARTESIAN_POINT('',(0.0388636528641227,0.036926677000041,0.00319999999999998));
#6681=CARTESIAN_POINT('',(0.0388636528641227,0.036926677000041,0.00316666666666665));
#6682=CARTESIAN_POINT('',(0.0388636528641227,0.036926677000041,0.00313333333333331));
#6683=CARTESIAN_POINT('',(0.0388636528641227,0.036926677000041,0.00309999999999998));
#6684=CARTESIAN_POINT('',(0.038763012149968,0.0329260165763533,0.00315));
#6685=CARTESIAN_POINT('',(0.038763012149968,0.0329260165763533,0.0032));
#6686=CARTESIAN_POINT('',(0.038283142015643,0.0368967415569014,0.0032));
#6687=CARTESIAN_POINT('',(0.038282860804644,0.0368990339516728,0.00309999999999998));
#6688=CARTESIAN_POINT('',(0.038282860804644,0.0368990339516728,0.00313333333333331));
#6689=CARTESIAN_POINT('',(0.038282860804644,0.0368990339516728,0.00316666666666665));
#6690=CARTESIAN_POINT('',(0.038282860804644,0.0368990339516728,0.00319999999999998));
#6691=CARTESIAN_POINT('',(0.0382733515272814,0.0367210320278379,0.00315));
#6692=CARTESIAN_POINT('',(0.0382733515272814,0.0367210320278379,0.0032));
#6693=CARTESIAN_POINT('',(0.0381043366164425,0.0367201698672054,0.00319999999998334));
#6694=CARTESIAN_POINT('',(0.0381026807958882,0.0367201605158967,0.00310000000001738));
#6695=CARTESIAN_POINT('',(0.0381026807958882,0.0367201605158967,0.00313333333333935));
#6696=CARTESIAN_POINT('',(0.0381026807958882,0.0367201605158967,0.00316666666666133));
#6697=CARTESIAN_POINT('',(0.0381026807958882,0.0367201605158967,0.00319999999998331));
#6698=CARTESIAN_POINT('',(0.03823731926592,0.0367087183664174,0.00315));
#6699=CARTESIAN_POINT('',(0.03823731926592,0.0367087183664174,0.0032));
#6700=CARTESIAN_POINT('',(0.0381524922318121,0.0366073594557462,0.00319999999998334));
#6701=CARTESIAN_POINT('',(0.0381522898723835,0.0366071169587398,0.003100000000017));
#6702=CARTESIAN_POINT('',(0.0381522898723835,0.0366071169587398,0.0031333333333391));
#6703=CARTESIAN_POINT('',(0.0381522898723835,0.0366071169587398,0.00316666666666121));
#6704=CARTESIAN_POINT('',(0.0381522898723835,0.0366071169587398,0.00319999999998331));
#6705=CARTESIAN_POINT('',(0.038403424145713,0.0370332960127692,0.00315));
#6706=CARTESIAN_POINT('',(0.038403424145713,0.0370332960127692,0.0032));
#6707=CARTESIAN_POINT('',(0.0384133338105474,0.0365355713403563,0.0032));
#6708=CARTESIAN_POINT('',(0.038413337418215,0.036535571065487,0.0032));
#6709=CARTESIAN_POINT('',(0.038413337418215,0.036535571065487,0.0031666666666668));
#6710=CARTESIAN_POINT('',(0.038413337418215,0.036535571065487,0.00313333333333361));
#6711=CARTESIAN_POINT('',(0.038413337418215,0.036535571065487,0.00310000000000041));
#6712=CARTESIAN_POINT('',(0.038413337418215,0.036535571065487,0.0031));
#6713=CARTESIAN_POINT('',(0.038413337418215,0.036535571065487,0.0032));
#6714=CARTESIAN_POINT('',(0.0390603217813736,0.0365311121794554,0.00319999991665833));
#6715=CARTESIAN_POINT('',(0.039060321864705,0.0365311121788813,0.00310000000000007));
#6716=CARTESIAN_POINT('',(0.039060321864705,0.0365311121788813,0.00313333333333338));
#6717=CARTESIAN_POINT('',(0.039060321864705,0.0365311121788813,0.00316666666666669));
#6718=CARTESIAN_POINT('',(0.039060321864705,0.0365311121788813,0.0032));
#6719=CARTESIAN_POINT('',(0.0391548429948863,0.0616248195908564,0.00315000000000005));
#6720=CARTESIAN_POINT('',(0.0391548429948862,0.0616248195908564,0.00320000000000013));
#6721=CARTESIAN_POINT('',(0.0395797237068452,0.0420657457518112,0.00315));
#6722=CARTESIAN_POINT('',(0.0395797237068452,0.0420657457518112,0.0032));
#6723=CARTESIAN_POINT('',(0.0399677052887382,0.042138799370415,0.00319999991665833));
#6724=CARTESIAN_POINT('',(0.0395128927698384,0.041677304673583,0.0032));
#6725=CARTESIAN_POINT('',(0.0395139203248418,0.0416832421486604,0.00319999999999998));
#6726=CARTESIAN_POINT('',(0.0395139203248418,0.0416832421486604,0.00316666666666664));
#6727=CARTESIAN_POINT('',(0.0395139203248418,0.0416832421486604,0.00313333333333331));
#6728=CARTESIAN_POINT('',(0.0395139203248418,0.0416832421486604,0.00309999999999998));
#6729=CARTESIAN_POINT('',(0.039967705288969,0.042138799287082,0.0032));
#6730=CARTESIAN_POINT('',(0.039967705288969,0.042138799287082,0.00316666666666658));
#6731=CARTESIAN_POINT('',(0.039967705288969,0.042138799287082,0.00313333333333316));
#6732=CARTESIAN_POINT('',(0.039967705288969,0.042138799287082,0.00309999999999974));
#6733=CARTESIAN_POINT('',(0.039512898855186,0.04167730452339,0.0032));
#6734=CARTESIAN_POINT('',(0.039512898855186,0.04167730452339,0.00309999999999998));
#6735=CARTESIAN_POINT('',(0.039487288484972,0.041677884180117,0.0032));
#6736=CARTESIAN_POINT('',(0.039487288484972,0.041677884180117,0.00309999999999998));
#6737=CARTESIAN_POINT('',(0.039438179127507,0.041678995705221,0.0032));
#6738=CARTESIAN_POINT('',(0.039438179127507,0.041678995705221,0.00309999999999998));
#6739=CARTESIAN_POINT('',(0.03936838742101,0.041690244929918,0.0032));
#6740=CARTESIAN_POINT('',(0.03936838742101,0.041690244929918,0.00309999999999998));
#6741=CARTESIAN_POINT('',(0.039305904009031,0.041708195509207,0.0032));
#6742=CARTESIAN_POINT('',(0.039305904009031,0.041708195509207,0.00309999999999998));
#6743=CARTESIAN_POINT('',(0.039251288602373,0.041734078185508,0.0032));
#6744=CARTESIAN_POINT('',(0.039251288602373,0.041734078185508,0.00309999999999998));
#6745=CARTESIAN_POINT('',(0.039204914393282,0.041767238886154,0.0032));
#6746=CARTESIAN_POINT('',(0.039204914393282,0.041767238886154,0.00309999999999998));
#6747=CARTESIAN_POINT('',(0.039165408575778,0.041805203756604,0.0032));
#6748=CARTESIAN_POINT('',(0.039165408575778,0.041805203756604,0.00309999999999998));
#6749=CARTESIAN_POINT('',(0.039134140417815,0.041849416304439,0.0032));
#6750=CARTESIAN_POINT('',(0.039134140417815,0.041849416304439,0.00309999999999998));
#6751=CARTESIAN_POINT('',(0.039114549468501,0.041890729565446,0.0032));
#6752=CARTESIAN_POINT('',(0.039114549468501,0.041890729565446,0.00309999999999998));
#6753=CARTESIAN_POINT('',(0.039103103774994,0.041927375901977,0.0032));
#6754=CARTESIAN_POINT('',(0.039103103774994,0.041927375901977,0.00309999999999998));
#6755=CARTESIAN_POINT('',(0.03909492903256,0.041958268289625,0.0032));
#6756=CARTESIAN_POINT('',(0.03909492903256,0.041958268289625,0.00309999999999998));
#6757=CARTESIAN_POINT('',(0.039088398781604,0.041992549341081,0.0032));
#6758=CARTESIAN_POINT('',(0.039088398781604,0.041992549341081,0.00309999999999998));
#6759=CARTESIAN_POINT('',(0.039083189742043,0.042030222385992,0.0032));
#6760=CARTESIAN_POINT('',(0.039083189742043,0.042030222385992,0.00309999999999998));
#6761=CARTESIAN_POINT('',(0.039078659900944,0.042071098042106,0.0032));
#6762=CARTESIAN_POINT('',(0.039078659900944,0.042071098042106,0.00309999999999998));
#6763=CARTESIAN_POINT('',(0.039075646939742,0.042115277188031,0.0032));
#6764=CARTESIAN_POINT('',(0.039075646939742,0.042115277188031,0.00309999999999998));
#6765=CARTESIAN_POINT('',(0.03907382775178,0.042162712799781,0.0032));
#6766=CARTESIAN_POINT('',(0.03907382775178,0.042162712799781,0.00309999999999998));
#6767=CARTESIAN_POINT('',(0.039073742622607,0.042195425359325,0.0032));
#6768=CARTESIAN_POINT('',(0.039073742622607,0.042195425359325,0.00309999999999998));
#6769=CARTESIAN_POINT('',(0.039073698524522,0.042212370916076,0.0032));
#6770=CARTESIAN_POINT('',(0.039073698524522,0.042212370916076,0.00309999999999998));
#6771=CARTESIAN_POINT('',(0.0390736943271334,0.0422139838452146,0.0032));
#6772=CARTESIAN_POINT('',(0.0390736943271334,0.0422139838452146,0.00309999999999998));
#6773=CARTESIAN_POINT('',(0.0390736901297449,0.0422155967743533,0.0032));
#6774=CARTESIAN_POINT('',(0.0390736901297449,0.0422155967743533,0.00309999999999998));
#6775=CARTESIAN_POINT('',(0.0390736859323563,0.0422172097034919,0.0032));
#6776=CARTESIAN_POINT('',(0.0390736859323563,0.0422172097034919,0.00309999999999998));
#6777=CARTESIAN_POINT('',(0.0390736985245221,0.042212370916076,0.0032));
#6778=CARTESIAN_POINT('',(0.0390740483012342,0.0420779623324749,0.0032));
#6779=CARTESIAN_POINT('',(0.0390799612781089,0.0417676452178424,0.0032));
#6780=CARTESIAN_POINT('',(0.0393783963022669,0.0416803488101571,0.0032));
#6781=CARTESIAN_POINT('',(0.0395128927695566,0.0416773046611301,0.0032));
#6782=CARTESIAN_POINT('',(0.0390736985243055,0.0422123709577421,0.00319999995832916));
#6783=CARTESIAN_POINT('',(0.0390736985245226,0.042212370916076,0.00309999999999998));
#6784=CARTESIAN_POINT('',(0.0390736985245226,0.042212370916076,0.00313333333333332));
#6785=CARTESIAN_POINT('',(0.0390736985245226,0.042212370916076,0.00316666666666666));
#6786=CARTESIAN_POINT('',(0.0390736985245226,0.042212370916076,0.0032));
#6787=CARTESIAN_POINT('',(0.039073252635862,0.042297981538906,0.0031));
#6788=CARTESIAN_POINT('',(0.039073252635862,0.042297981538906,0.0032));
#6789=CARTESIAN_POINT('',(0.039073252635862,0.0422979815389065,0.0032));
#6790=CARTESIAN_POINT('',(0.039073252635862,0.0422979815389063,0.0031));
#6791=CARTESIAN_POINT('',(0.039967259400309,0.042299765093549,0.0031));
#6792=CARTESIAN_POINT('',(0.039967259400309,0.042299765093549,0.0032));
#6793=CARTESIAN_POINT('',(0.0399672594003087,0.042299765093549,0.0032));
#6794=CARTESIAN_POINT('',(0.0399672594003088,0.042299765093549,0.0031));
#6795=CARTESIAN_POINT('',(0.039967705288969,0.042138799287082,0.0031));
#6796=CARTESIAN_POINT('',(0.039967705288969,0.042138799287082,0.0032));
#6797=CARTESIAN_POINT('',(0.035350002288818,0.041450012207031,0.0032));
#6798=CARTESIAN_POINT('',(0.035350002288818,0.041450012207031,0.0032));
#6799=CARTESIAN_POINT('',(0.035350002288818,0.041450012207031,0.0032));
#6800=CARTESIAN_POINT('',(0.036892486932169,0.045509540482269,0.0032));
#6801=CARTESIAN_POINT('',(0.039538320265502,0.045509540482269,0.0032));
#6802=CARTESIAN_POINT('',(0.036892486932169,0.045509540482269,0.0032));
#6803=CARTESIAN_POINT('',(0.039538320265502,0.045509540482269,0.0032));
#6804=CARTESIAN_POINT('',(0.039538320265502,0.045034647319876,0.0032));
#6805=CARTESIAN_POINT('',(0.039538320265502,0.045034647319876,0.0032));
#6806=CARTESIAN_POINT('',(0.036892486932169,0.045034647319876,0.0032));
#6807=CARTESIAN_POINT('',(0.036892486932169,0.045034647319876,0.0032));
#6808=CARTESIAN_POINT('',(0.039521996330485,0.046609576595498,0.0032));
#6809=CARTESIAN_POINT('',(0.036892593452547,0.0455924784050604,0.0032));
#6810=CARTESIAN_POINT('',(0.0395219963304851,0.046609576595498,0.0032));
#6811=CARTESIAN_POINT('',(0.036892593452547,0.04559247840506,0.0032));
#6812=CARTESIAN_POINT('',(0.0368915334231667,0.0461129528308081,0.0032));
#6813=CARTESIAN_POINT('',(0.036891533423166,0.046112952830808,0.0032));
#6814=CARTESIAN_POINT('',(0.0374332084365209,0.0463196585599745,0.0032));
#6815=CARTESIAN_POINT('',(0.037433208436521,0.046319658559974,0.0032));
#6816=CARTESIAN_POINT('',(0.0374316183924505,0.0473929383075711,0.0032));
#6817=CARTESIAN_POINT('',(0.037431618392451,0.047392938307571,0.0032));
#6818=CARTESIAN_POINT('',(0.0368888833497161,0.0476065342277097,0.0032));
#6819=CARTESIAN_POINT('',(0.036888883349716,0.047606534227709,0.0032));
#6820=CARTESIAN_POINT('',(0.0368878233203356,0.0481275386681469,0.0032));
#6821=CARTESIAN_POINT('',(0.036887823320335,0.048127538668147,0.0032));
#6822=CARTESIAN_POINT('',(0.039521466315795,0.0471178606833714,0.0032));
#6823=CARTESIAN_POINT('',(0.039521466315795,0.047117860683372,0.0032));
#6824=CARTESIAN_POINT('',(0.035350002288818,0.041450012207031,0.0032));
#6825=CARTESIAN_POINT('',(0.035350002288818,0.041450012207031,0.0012));
#6826=CARTESIAN_POINT('',(0.036892486932169,0.045034647319876,0.0031));
#6827=CARTESIAN_POINT('',(0.036892486932169,0.045034647319876,0.0031));
#6828=CARTESIAN_POINT('',(0.036892486932169,0.045034647319876,0.0031));
#6829=CARTESIAN_POINT('',(0.036892486932169,0.045034647319876,0.0031));
#6830=CARTESIAN_POINT('',(0.036892486932169,0.045509540482269,0.0031));
#6831=CARTESIAN_POINT('',(0.036892486932169,0.045509540482269,0.0031));
#6832=CARTESIAN_POINT('',(0.036892486932169,0.045509540482269,0.0031));
#6833=CARTESIAN_POINT('',(0.036892486932169,0.045509540482269,0.0031));
#6834=CARTESIAN_POINT('',(0.039538320265502,0.045509540482269,0.0031));
#6835=CARTESIAN_POINT('',(0.039538320265502,0.045509540482269,0.0031));
#6836=CARTESIAN_POINT('',(0.039538320265502,0.045509540482269,0.0031));
#6837=CARTESIAN_POINT('',(0.039538320265502,0.045509540482269,0.0031));
#6838=CARTESIAN_POINT('',(0.039538320265502,0.045034647319876,0.0031));
#6839=CARTESIAN_POINT('',(0.039538320265502,0.045034647319876,0.0031));
#6840=CARTESIAN_POINT('',(0.039538320265502,0.045034647319876,0.0031));
#6841=CARTESIAN_POINT('',(0.039538320265502,0.045034647319876,0.0031));
#6842=CARTESIAN_POINT('',(0.039521466315795,0.047117860683372,0.0031));
#6843=CARTESIAN_POINT('',(0.039521466315795,0.0471178606833716,0.0031));
#6844=CARTESIAN_POINT('',(0.039521466315795,0.0471178606833714,0.0031));
#6845=CARTESIAN_POINT('',(0.039521466315795,0.047117860683372,0.0031));
#6846=CARTESIAN_POINT('',(0.0395219963304851,0.046609576595498,0.0031));
#6847=CARTESIAN_POINT('',(0.0395219963304851,0.046609576595498,0.0031));
#6848=CARTESIAN_POINT('',(0.039521996330485,0.046609576595498,0.0031));
#6849=CARTESIAN_POINT('',(0.039521996330485,0.046609576595498,0.0031));
#6850=CARTESIAN_POINT('',(0.036892593452547,0.0455924784050604,0.0031));
#6851=CARTESIAN_POINT('',(0.0368925934525468,0.0455924784050604,0.0031));
#6852=CARTESIAN_POINT('',(0.036892593452547,0.04559247840506,0.0031));
#6853=CARTESIAN_POINT('',(0.036892593452547,0.04559247840506,0.0031));
#6854=CARTESIAN_POINT('',(0.0368915334231667,0.0461129528308081,0.0031));
#6855=CARTESIAN_POINT('',(0.0368915334231667,0.046112952830808,0.0031));
#6856=CARTESIAN_POINT('',(0.036891533423166,0.046112952830808,0.0031));
#6857=CARTESIAN_POINT('',(0.036891533423166,0.046112952830808,0.0031));
#6858=CARTESIAN_POINT('',(0.0374332084365209,0.0463196585599745,0.0031));
#6859=CARTESIAN_POINT('',(0.0374332084365208,0.0463196585599744,0.0031));
#6860=CARTESIAN_POINT('',(0.037433208436521,0.046319658559974,0.0031));
#6861=CARTESIAN_POINT('',(0.037433208436521,0.046319658559974,0.0031));
#6862=CARTESIAN_POINT('',(0.0374316183924505,0.0473929383075711,0.0031));
#6863=CARTESIAN_POINT('',(0.0374316183924505,0.047392938307571,0.0031));
#6864=CARTESIAN_POINT('',(0.037431618392451,0.047392938307571,0.0031));
#6865=CARTESIAN_POINT('',(0.037431618392451,0.047392938307571,0.0031));
#6866=CARTESIAN_POINT('',(0.0368888833497161,0.0476065342277097,0.0031));
#6867=CARTESIAN_POINT('',(0.0368888833497163,0.0476065342277097,0.0031));
#6868=CARTESIAN_POINT('',(0.036888883349716,0.047606534227709,0.0031));
#6869=CARTESIAN_POINT('',(0.036888883349716,0.047606534227709,0.0031));
#6870=CARTESIAN_POINT('',(0.0368878233203356,0.0481275386681469,0.0031));
#6871=CARTESIAN_POINT('',(0.0368878233203356,0.048127538668147,0.0031));
#6872=CARTESIAN_POINT('',(0.036887823320335,0.048127538668147,0.0031));
#6873=CARTESIAN_POINT('',(0.036887823320335,0.048127538668147,0.0031));
#6874=CARTESIAN_POINT('',(0.035350002288818,0.041450012207031,0.0031));
#6875=CARTESIAN_POINT('',(0.035350002288818,0.041450012207031,0.0031));
#6876=CARTESIAN_POINT('',(0.038823436968839,0.046858683499878,0.0031));
#6877=CARTESIAN_POINT('',(0.0388234369688395,0.0468586834998778,0.0031));
#6878=CARTESIAN_POINT('',(0.037919761922098,0.0472074331660108,0.0031));
#6879=CARTESIAN_POINT('',(0.037921351966169,0.046508343789675,0.0031));
#6880=CARTESIAN_POINT('',(0.0379213519661685,0.0465083437896749,0.0031));
#6881=CARTESIAN_POINT('',(0.037919761922098,0.047207433166011,0.0031));
#6882=CARTESIAN_POINT('',(0.037919761922098,0.047207433166011,0.0031));
#6883=CARTESIAN_POINT('',(0.037919761922098,0.047207433166011,0.0032));
#6884=CARTESIAN_POINT('',(0.0379213519661685,0.0465083437896749,0.0032));
#6885=CARTESIAN_POINT('',(0.037919761922098,0.0472074331660108,0.0032));
#6886=CARTESIAN_POINT('',(0.037919761922098,0.0472074331660109,0.0031));
#6887=CARTESIAN_POINT('',(0.0379213519661685,0.046508343789675,0.0031));
#6888=CARTESIAN_POINT('',(0.038823436968839,0.046858683499878,0.0031));
#6889=CARTESIAN_POINT('',(0.038823436968839,0.046858683499878,0.0032));
#6890=CARTESIAN_POINT('',(0.0388234369688395,0.0468586834998778,0.0032));
#6891=CARTESIAN_POINT('',(0.0388234369688391,0.046858683499878,0.0031));
#6892=CARTESIAN_POINT('',(0.037921351966169,0.046508343789675,0.0031));
#6893=CARTESIAN_POINT('',(0.037921351966169,0.046508343789675,0.0032));
#6894=CARTESIAN_POINT('',(0.030588209415274,0.048270474931919,0.002));
#6895=CARTESIAN_POINT('',(0.035350002288818,0.041450012207031,0.0032));
#6896=MECHANICAL_DESIGN_GEOMETRIC_PRESENTATION_REPRESENTATION('',(#3410,
#3143,#3144,#3145,#3146,#3147,#3148,#3149,#3150,#3151,#3152,#3153,#3154,
#3155,#3156,#3157,#3158,#3159,#3160,#3161,#3162,#3163,#3164,#3165,#3166,
#3167,#3168,#3169,#3170,#3171,#3172,#3173,#3174,#3175,#3176,#3177,#3178,
#3179,#3180,#3181,#3182,#3183,#3184,#3185,#3186,#3187,#3188,#3189,#3190,
#3191,#3192,#3193,#3194,#3195,#3196,#3197,#3198,#3199,#3200,#3201,#3202,
#3203,#3204,#3205,#3206,#3207,#3208,#3209,#3210,#3211,#3212,#3213,#3214,
#3215,#3216,#3217),#6897);
#6897=(
GEOMETRIC_REPRESENTATION_CONTEXT(3)
GLOBAL_UNCERTAINTY_ASSIGNED_CONTEXT((#6898))
GLOBAL_UNIT_ASSIGNED_CONTEXT((#6901,#6900,#6899))
REPRESENTATION_CONTEXT('User_Library-RA-02__Imported1',
'TOP_LEVEL_ASSEMBLY_PART')
);
#6898=UNCERTAINTY_MEASURE_WITH_UNIT(LENGTH_MEASURE(2.E-5),#6901,
'DISTANCE_ACCURACY_VALUE','Maximum Tolerance applied to model');
#6899=(
NAMED_UNIT(*)
SI_UNIT($,.STERADIAN.)
SOLID_ANGLE_UNIT()
);
#6900=(
NAMED_UNIT(*)
PLANE_ANGLE_UNIT()
SI_UNIT($,.RADIAN.)
);
#6901=(
LENGTH_UNIT()
NAMED_UNIT(*)
SI_UNIT($,.METRE.)
);
#6902=PRODUCT_DEFINITION_SHAPE('','',#6903);
#6903=PRODUCT_DEFINITION('','',#6905,#6904);
#6904=PRODUCT_DEFINITION_CONTEXT('',#6911,'design');
#6905=PRODUCT_DEFINITION_FORMATION_WITH_SPECIFIED_SOURCE('','',#6907,
 .NOT_KNOWN.);
#6906=PRODUCT_RELATED_PRODUCT_CATEGORY('','',(#6907));
#6907=PRODUCT('User_Library-RA-02__Imported1',
'User_Library-RA-02__Imported1','User_Library-RA-02__Imported1',(#6909));
#6908=PRODUCT_CATEGORY('','');
#6909=PRODUCT_CONTEXT('',#6911,'mechanical');
#6910=APPLICATION_PROTOCOL_DEFINITION('international standard',
'ap242_managed_model_based_3d_engineering',2020,#6911);
#6911=APPLICATION_CONTEXT('managed model based 3d engineering');
ENDSEC;
END-ISO-10303-21;
