ISO-10303-21;
HEADER;
FILE_DESCRIPTION (( 'STEP AP214' ),
    '1' );
FILE_NAME ('350A963C-E7DE-4F2B-B421-96D96BF1A69F.STEP',
    '2026-09-06T07:06:22',
    ( '' ),
    ( '' ),
    'SwSTEP 2.0',
    'SolidWorks 2022',
    '' );
FILE_SCHEMA (( 'AUTOMOTIVE_DESIGN' ));
ENDSEC;

DATA;
#1 = DIRECTION ( 'NONE',  ( 0.0000000000000000000, -0.0000000000000000000, 1.000000000000000000 ) ) ;
#2 = ORIENTED_EDGE ( 'NONE', *, *, #6821, .F. ) ;
#3 = DIRECTION ( 'NONE',  ( 1.000000000000000000, 0.0000000000000000000, -0.0000000000000000000 ) ) ;
#4 = LINE ( 'NONE', #8877, #425 ) ;
#5 =( GEOMETRIC_REPRESENTATION_CONTEXT ( 3 ) GLOBAL_UNCERTAINTY_ASSIGNED_CONTEXT ( ( #8910 ) ) GLOBAL_UNIT_ASSIGNED_CONTEXT ( ( #7493, #6394, #4612 ) ) REPRESENTATION_CONTEXT ( 'NONE', 'WORKASPACE' ) );
#6 = ORIENTED_EDGE ( 'NONE', *, *, #4405, .F. ) ;
#7 = EDGE_CURVE ( 'NONE', #8427, #5890, #9072, .T. ) ;
#8 = MECHANICAL_DESIGN_GEOMETRIC_PRESENTATION_REPRESENTATION (  '', ( #8078 ), #5652 ) ;
#9 = CARTESIAN_POINT ( 'NONE',  ( 16.75905573160134310, 17.35461870564249054, 6.275878947283359821 ) ) ;
#10 = EDGE_CURVE ( 'NONE', #9978, #8579, #10676, .T. ) ;
#12 = ORIENTED_EDGE ( 'NONE', *, *, #3563, .T. ) ;
#11 = SURFACE_STYLE_USAGE ( .BOTH. , #8167 ) ;
#13 = DIRECTION ( 'NONE',  ( 0.8164965809277267006, -0.4082482904638630727, 0.4082482904638617960 ) ) ;
#14 = DIRECTION ( 'NONE',  ( 1.000000000000000000, 0.0000000000000000000, 0.0000000000000000000 ) ) ;
#15 = DIRECTION ( 'NONE',  ( 1.000000000000000000, 0.0000000000000000000, 0.0000000000000000000 ) ) ;
#16 = VECTOR ( 'NONE', #8983, 1000.000000000000000 ) ;
#17 = EDGE_CURVE ( 'NONE', #4523, #9066, #6006, .T. ) ;
#18 = ADVANCED_FACE ( 'NONE', ( #808 ), #4400, .T. ) ;
#19 = DIRECTION ( 'NONE',  ( 0.0000000000000000000, -1.000000000000000000, 0.0000000000000000000 ) ) ;
#20 = DIRECTION ( 'NONE',  ( 1.000000000000000000, 0.0000000000000000000, -0.0000000000000000000 ) ) ;
#21 = DIRECTION ( 'NONE',  ( 1.000000000000000000, 0.0000000000000000000, -0.0000000000000000000 ) ) ;
#22 = ORIENTED_EDGE ( 'NONE', *, *, #955, .F. ) ;
#23 = CARTESIAN_POINT ( 'NONE',  ( -0.1000000000000040440, 12.61000000000000121, 1.000000000000000000 ) ) ;
#24 = LINE ( 'NONE', #3635, #8820 ) ;
#26 = ORIENTED_EDGE ( 'NONE', *, *, #8995, .T. ) ;
#25 = FACE_OUTER_BOUND ( 'NONE', #8779, .T. ) ;
#27 = ORIENTED_EDGE ( 'NONE', *, *, #10796, .T. ) ;
#28 = CARTESIAN_POINT ( 'NONE',  ( -0.1233705331866653265, 17.13788789637977672, 6.199096749553599572 ) ) ;
#29 = VECTOR ( 'NONE', #1739, 1000.000000000000000 ) ;
#30 = VECTOR ( 'NONE', #6257, 1000.000000000000227 ) ;
#31 = AXIS2_PLACEMENT_3D ( 'NONE', #1841, #6211, #7848 ) ;
#32 =( NAMED_UNIT ( * ) PLANE_ANGLE_UNIT ( ) SI_UNIT ( $, .RADIAN. ) );
#33 = ORIENTED_EDGE ( 'NONE', *, *, #2256, .F. ) ;
#34 = UNCERTAINTY_MEASURE_WITH_UNIT (LENGTH_MEASURE( 1.000000000000000082E-05 ), #6406, 'distance_accuracy_value', 'NONE');
#35 = FILL_AREA_STYLE_COLOUR ( '', #2960 ) ;
#36 = DIRECTION ( 'NONE',  ( -1.000000000000000000, -0.0000000000000000000, -0.0000000000000000000 ) ) ;
#37 = CARTESIAN_POINT ( 'NONE',  ( 0.4750000000000025868, 2.649999999999989253, 1.000000000000000000 ) ) ;
#38 = CIRCLE ( 'NONE', #1373, 0.3000000000000016542 ) ;
#39 = SURFACE_SIDE_STYLE ('',( #9026 ) ) ;
#40 = VECTOR ( 'NONE', #430, 1000.000000000000000 ) ;
#41 =( GEOMETRIC_REPRESENTATION_CONTEXT ( 3 ) GLOBAL_UNCERTAINTY_ASSIGNED_CONTEXT ( ( #869 ) ) GLOBAL_UNIT_ASSIGNED_CONTEXT ( ( #4118, #394, #5974 ) ) REPRESENTATION_CONTEXT ( 'NONE', 'WORKASPACE' ) );
#42 = ORIENTED_EDGE ( 'NONE', *, *, #4478, .F. ) ;
#43 = FILL_AREA_STYLE_COLOUR ( '', #10005 ) ;
#44 = DIRECTION ( 'NONE',  ( 1.000000000000000000, 0.0000000000000000000, -0.0000000000000000000 ) ) ;
#45 = DIRECTION ( 'NONE',  ( -1.000000000000000000, -7.401486830834380223E-16, 0.0000000000000000000 ) ) ;
#46 = LINE ( 'NONE', #5479, #7523 ) ;
#47 = MECHANICAL_DESIGN_GEOMETRIC_PRESENTATION_REPRESENTATION (  '', ( #5048 ), #4946 ) ;
#48 = FILL_AREA_STYLE ('',( #6263 ) ) ;
#49 = VERTEX_POINT ( 'NONE', #5518 ) ;
#50 = PRESENTATION_LAYER_ASSIGNMENT (  '', '', ( #3267 ) ) ;
#51 = VECTOR ( 'NONE', #6699, 1000.000000000000000 ) ;
#52 = FACE_OUTER_BOUND ( 'NONE', #7709, .T. ) ;
#53 =( NAMED_UNIT ( * ) PLANE_ANGLE_UNIT ( ) SI_UNIT ( $, .RADIAN. ) );
#54 = FACE_OUTER_BOUND ( 'NONE', #10013, .T. ) ;
#55 = CYLINDRICAL_SURFACE ( 'NONE', #9509, 0.2999999999999990452 ) ;
#56 = VECTOR ( 'NONE', #1830, 1000.000000000000000 ) ;
#57 = FILL_AREA_STYLE ('',( #7364 ) ) ;
#58 = LINE ( 'NONE', #7190, #7306 ) ;
#59 = CARTESIAN_POINT ( 'NONE',  ( 15.52499999999999858, 9.269999999999999574, 0.9000000000000001332 ) ) ;
#60 = ORIENTED_EDGE ( 'NONE', *, *, #2115, .T. ) ;
#61 = CARTESIAN_POINT ( 'NONE',  ( -0.9000000000000025757, 15.87573593128810145, 6.150000000000000355 ) ) ;
#62 = ORIENTED_EDGE ( 'NONE', *, *, #1247, .F. ) ;
#63 = DIRECTION ( 'NONE',  ( 0.0000000000000000000, -0.0000000000000000000, -1.000000000000000000 ) ) ;
#64 = EDGE_CURVE ( 'NONE', #5041, #10830, #3216, .T. ) ;
#66 = EDGE_LOOP ( 'NONE', ( #11000, #9437, #1791, #213, #7292, #4229, #3858, #2906 ) ) ;
#65 = SURFACE_SIDE_STYLE ('',( #2720 ) ) ;
#67 = CARTESIAN_POINT ( 'NONE',  ( -3.469446951953609850E-15, 9.769999999999999574, -21.65413869472860142 ) ) ;
#68 = FILL_AREA_STYLE ('',( #7099 ) ) ;
#69 = PLANE ( 'NONE',  #2387 ) ;
#70 = CARTESIAN_POINT ( 'NONE',  ( 15.25725033157185351, 15.48912265570455737, 1.800378007439138006 ) ) ;
#71 = LINE ( 'NONE', #9109, #4510 ) ;
#72 =( NAMED_UNIT ( * ) PLANE_ANGLE_UNIT ( ) SI_UNIT ( $, .RADIAN. ) );
#73 = ORIENTED_EDGE ( 'NONE', *, *, #2342, .F. ) ;
#74 = EDGE_CURVE ( 'NONE', #790, #1701, #8187, .T. ) ;
#75 = CARTESIAN_POINT ( 'NONE',  ( -3.690190514271664469E-15, 14.55000000000000071, -0.1000000000000014350 ) ) ;
#76 = DIRECTION ( 'NONE',  ( -0.0000000000000000000, -0.0000000000000000000, -1.000000000000000000 ) ) ;
#77 = VERTEX_POINT ( 'NONE', #979 ) ;
#78 = CARTESIAN_POINT ( 'NONE',  ( 14.50000000000000000, 6.729999999999999538, -0.1000000000000000194 ) ) ;
#79 = CARTESIAN_POINT ( 'NONE',  ( 15.12500000000000000, 0.8749999999999990008, 0.9000000000000001332 ) ) ;
#80 = ADVANCED_FACE ( 'NONE', ( #3690 ), #1883, .T. ) ;
#81 = VERTEX_POINT ( 'NONE', #1816 ) ;
#82 = ORIENTED_EDGE ( 'NONE', *, *, #1493, .T. ) ;
#83 = CARTESIAN_POINT ( 'NONE',  ( 0.02329703753469261618, 17.14375597602062484, 6.292788944843386467 ) ) ;
#84 = EDGE_CURVE ( 'NONE', #4746, #4404, #8890, .T. ) ;
#85 = CARTESIAN_POINT ( 'NONE',  ( -0.1000000000000029754, 10.26999999999999957, 1.000000000000000000 ) ) ;
#86 =( NAMED_UNIT ( * ) PLANE_ANGLE_UNIT ( ) SI_UNIT ( $, .RADIAN. ) );
#87 = MECHANICAL_DESIGN_GEOMETRIC_PRESENTATION_REPRESENTATION (  '', ( #8351 ), #2371 ) ;
#88 =( LENGTH_UNIT ( ) NAMED_UNIT ( * ) SI_UNIT ( .MILLI., .METRE. ) );
#89 = EDGE_CURVE ( 'NONE', #3776, #9059, #8136, .T. ) ;
#90 = CARTESIAN_POINT ( 'NONE',  ( 1.500000000000000000, 7.730000000000000426, 1.000000000000000000 ) ) ;
#91 = VERTEX_POINT ( 'NONE', #4517 ) ;
#92 =( LENGTH_UNIT ( ) NAMED_UNIT ( * ) SI_UNIT ( .MILLI., .METRE. ) );
#93 = SURFACE_SIDE_STYLE ('',( #7355 ) ) ;
#94 = UNCERTAINTY_MEASURE_WITH_UNIT (LENGTH_MEASURE( 1.000000000000000082E-05 ), #4936, 'distance_accuracy_value', 'NONE');
#95 = AXIS2_PLACEMENT_3D ( 'NONE', #3501, #4512, #8612 ) ;
#96 = ORIENTED_EDGE ( 'NONE', *, *, #8622, .T. ) ;
#97 = CARTESIAN_POINT ( 'NONE',  ( 0.8749999999999973355, 15.52500000000000036, 0.9000000000000001332 ) ) ;
#98 = LINE ( 'NONE', #10699, #2203 ) ;
#99 = ORIENTED_EDGE ( 'NONE', *, *, #6107, .T. ) ;
#100 = FACE_OUTER_BOUND ( 'NONE', #1881, .T. ) ;
#101 = STYLED_ITEM ( 'NONE', ( #5111 ), #2746 ) ;
#102 = CARTESIAN_POINT ( 'NONE',  ( 9.400000000000000355, 0.5000000000000000000, 0.9350000000000000533 ) ) ;
#103 = CYLINDRICAL_SURFACE ( 'NONE', #10666, 0.4099999999999989209 ) ;
#104 = CARTESIAN_POINT ( 'NONE',  ( 8.490762904907189323, 0.4749999999999989231, 0.9000000000000001332 ) ) ;
#105 = CARTESIAN_POINT ( 'NONE',  ( 15.52499999999999858, 12.81000000000000050, 0.9000000000000001332 ) ) ;
#106 = CARTESIAN_POINT ( 'NONE',  ( 15.25000000000000000, 2.450000000000000178, -0.1000000000000000056 ) ) ;
#107 = PRESENTATION_LAYER_ASSIGNMENT (  '', '', ( #874 ) ) ;
#108 = LINE ( 'NONE', #11586, #5042 ) ;
#109 =( GEOMETRIC_REPRESENTATION_CONTEXT ( 3 ) GLOBAL_UNCERTAINTY_ASSIGNED_CONTEXT ( ( #7658 ) ) GLOBAL_UNIT_ASSIGNED_CONTEXT ( ( #4346, #5916, #7001 ) ) REPRESENTATION_CONTEXT ( 'NONE', 'WORKASPACE' ) );
#110 =( GEOMETRIC_REPRESENTATION_CONTEXT ( 3 ) GLOBAL_UNCERTAINTY_ASSIGNED_CONTEXT ( ( #4524 ) ) GLOBAL_UNIT_ASSIGNED_CONTEXT ( ( #10804, #4763, #8206 ) ) REPRESENTATION_CONTEXT ( 'NONE', 'WORKASPACE' ) );
#111 = DIRECTION ( 'NONE',  ( -0.0000000000000000000, 0.0000000000000000000, -1.000000000000000000 ) ) ;
#112 = ORIENTED_EDGE ( 'NONE', *, *, #876, .T. ) ;
#113 = DIRECTION ( 'NONE',  ( -3.700743415417190112E-16, -1.000000000000000000, 0.0000000000000000000 ) ) ;
#114 = FILL_AREA_STYLE_COLOUR ( '', #6567 ) ;
#115 = DIRECTION ( 'NONE',  ( -1.475379434717819995E-16, 1.000000000000000000, 0.0000000000000000000 ) ) ;
#116 = COLOUR_RGB ( '',0.8196078431372548767, 0.7058823529411764053, 0.5254901960784313930 ) ;
#117 = ORIENTED_EDGE ( 'NONE', *, *, #5703, .F. ) ;
#118 = CARTESIAN_POINT ( 'NONE',  ( 16.89999999999999858, 16.89999999999999858, 6.150000000000000355 ) ) ;
#119 = FILL_AREA_STYLE ('',( #5609 ) ) ;
#120 = ORIENTED_EDGE ( 'NONE', *, *, #3271, .F. ) ;
#121 = LINE ( 'NONE', #9166, #1064 ) ;
#122 = AXIS2_PLACEMENT_3D ( 'NONE', #9584, #4332, #8774 ) ;
#123 = MECHANICAL_DESIGN_GEOMETRIC_PRESENTATION_REPRESENTATION (  '', ( #1852 ), #7415 ) ;
#124 = FILL_AREA_STYLE ('',( #8173 ) ) ;
#125 = DIRECTION ( 'NONE',  ( 0.0000000000000000000, 0.0000000000000000000, -1.000000000000000000 ) ) ;
#126 = CARTESIAN_POINT ( 'NONE',  ( 0.6961145618000175173, 15.12500000000000000, 2.257770876399965765 ) ) ;
#127 = ORIENTED_EDGE ( 'NONE', *, *, #9949, .T. ) ;
#128 = AXIS2_PLACEMENT_3D ( 'NONE', #7072, #10696, #10634 ) ;
#129 = VECTOR ( 'NONE', #10591, 1000.000000000000000 ) ;
#130 = CARTESIAN_POINT ( 'NONE',  ( -4.440892098500630106E-15, 16.00000000000000000, 0.9000000000000001332 ) ) ;
#131 = CIRCLE ( 'NONE', #1857, 0.3000000000000000444 ) ;
#132 = DIRECTION ( 'NONE',  ( -0.7071067811865577868, -0.7071067811865373587, 0.0000000000000000000 ) ) ;
#133 = ORIENTED_EDGE ( 'NONE', *, *, #230, .F. ) ;
#134 = DIRECTION ( 'NONE',  ( 0.0000000000000000000, 0.0000000000000000000, 1.000000000000000000 ) ) ;
#135 = COLOUR_RGB ( '',0.8196078431372548767, 0.7058823529411764053, 0.5254901960784313930 ) ;
#137 = ORIENTED_EDGE ( 'NONE', *, *, #1923, .T. ) ;
#136 =( NAMED_UNIT ( * ) SI_UNIT ( $, .STERADIAN. ) SOLID_ANGLE_UNIT ( ) );
#138 = MECHANICAL_DESIGN_GEOMETRIC_PRESENTATION_REPRESENTATION (  '', ( #6875 ), #2775 ) ;
#139 = ORIENTED_EDGE ( 'NONE', *, *, #10936, .T. ) ;
#140 = COLOUR_RGB ( '',0.8196078431372548767, 0.7058823529411764053, 0.5254901960784313930 ) ;
#141 = EDGE_CURVE ( 'NONE', #3573, #6488, #24, .T. ) ;
#142 = CARTESIAN_POINT ( 'NONE',  ( 0.02329703753469123881, 17.18311880071769693, 6.225592399876355820 ) ) ;
#143 = STYLED_ITEM ( 'NONE', ( #4909 ), #9256 ) ;
#144 = ADVANCED_FACE ( 'NONE', ( #2734 ), #6298, .T. ) ;
#145 = SURFACE_STYLE_USAGE ( .BOTH. , #6548 ) ;
#146 = UNCERTAINTY_MEASURE_WITH_UNIT (LENGTH_MEASURE( 1.000000000000000082E-05 ), #6239, 'distance_accuracy_value', 'NONE');
#147 = CIRCLE ( 'NONE', #3734, 0.3999999999999999112 ) ;
#148 = FACE_OUTER_BOUND ( 'NONE', #8075, .T. ) ;
#149 = VECTOR ( 'NONE', #4514, 1000.000000000000000 ) ;
#150 = CARTESIAN_POINT ( 'NONE',  ( -1.587618925213974523E-15, 5.189999999999989733, 0.9000000000000001332 ) ) ;
#151 = FILL_AREA_STYLE ('',( #10742 ) ) ;
#152 = SURFACE_STYLE_USAGE ( .BOTH. , #3420 ) ;
#154 = ORIENTED_EDGE ( 'NONE', *, *, #7221, .T. ) ;
#153 = DIRECTION ( 'NONE',  ( 0.0000000000000000000, 1.000000000000000000, 0.0000000000000000000 ) ) ;
#155 = ADVANCED_FACE ( 'NONE', ( #258 ), #7115, .T. ) ;
#156 = EDGE_CURVE ( 'NONE', #10830, #5754, #2156, .T. ) ;
#157 = EDGE_LOOP ( 'NONE', ( #7413, #9723, #571, #4505 ) ) ;
#158 = AXIS2_PLACEMENT_3D ( 'NONE', #5556, #4622, #8121 ) ;
#159 = SURFACE_STYLE_FILL_AREA ( #6317 ) ;
#160 = ORIENTED_EDGE ( 'NONE', *, *, #9674, .F. ) ;
#161 = LINE ( 'NONE', #3760, #3815 ) ;
#162 = CARTESIAN_POINT ( 'NONE',  ( 16.10000000000000142, 14.84999999999999964, 1.000000000000000000 ) ) ;
#163 = EDGE_LOOP ( 'NONE', ( #9521, #8309, #4224, #11394, #9930 ) ) ;
#164 = CIRCLE ( 'NONE', #11187, 0.2500000000000002220 ) ;
#165 = ADVANCED_FACE ( 'NONE', ( #7395 ), #4034, .T. ) ;
#166 = FILL_AREA_STYLE_COLOUR ( '', #242 ) ;
#167 = LINE ( 'NONE', #9992, #582 ) ;
#168 = CARTESIAN_POINT ( 'NONE',  ( 16.00000000000000000, 15.35000000000000142, 0.0000000000000000000 ) ) ;
#169 = FILL_AREA_STYLE_COLOUR ( '', #5293 ) ;
#170 = LINE ( 'NONE', #3829, #3538 ) ;
#171 = STYLED_ITEM ( 'NONE', ( #5313 ), #222 ) ;
#172 = ORIENTED_EDGE ( 'NONE', *, *, #6449, .T. ) ;
#173 = PRESENTATION_STYLE_ASSIGNMENT (( #1197 ) ) ;
#174 = LINE ( 'NONE', #7435, #6422 ) ;
#175 = VERTEX_POINT ( 'NONE', #11065 ) ;
#176 = MECHANICAL_DESIGN_GEOMETRIC_PRESENTATION_REPRESENTATION (  '', ( #5272 ), #2819 ) ;
#177 = DIRECTION ( 'NONE',  ( 0.0000000000000000000, -0.0000000000000000000, -1.000000000000000000 ) ) ;
#179 = ORIENTED_EDGE ( 'NONE', *, *, #10810, .T. ) ;
#178 = PRESENTATION_STYLE_ASSIGNMENT (( #7441 ) ) ;
#180 = DIRECTION ( 'NONE',  ( -2.775557561562889872E-16, 1.000000000000000000, 0.0000000000000000000 ) ) ;
#181 = CARTESIAN_POINT ( 'NONE',  ( 1.500000000000000000, 6.730000000000000426, 0.0000000000000000000 ) ) ;
#182 = CARTESIAN_POINT ( 'NONE',  ( 15.25000000000000000, 4.389999999999999680, 1.000000000000000000 ) ) ;
#183 = PRESENTATION_STYLE_ASSIGNMENT (( #4730 ) ) ;
#184 = CARTESIAN_POINT ( 'NONE',  ( 8.370808313664023004, 6.976853479449216522, 6.950000000000001066 ) ) ;
#185 = VECTOR ( 'NONE', #3180, 1000.000000000000000 ) ;
#186 = CARTESIAN_POINT ( 'NONE',  ( 0.7500000000000000000, 2.649999999999990141, 1.000000000000000000 ) ) ;
#187 = ORIENTED_EDGE ( 'NONE', *, *, #10922, .T. ) ;
#188 = DIRECTION ( 'NONE',  ( -2.775557561562889872E-16, 1.000000000000000000, -0.0000000000000000000 ) ) ;
#189 = VECTOR ( 'NONE', #2982, 1000.000000000000000 ) ;
#190 = FILL_AREA_STYLE_COLOUR ( '', #1497 ) ;
#191 = STYLED_ITEM ( 'NONE', ( #9215 ), #7661 ) ;
#192 = FILL_AREA_STYLE_COLOUR ( '', #11549 ) ;
#193 = EDGE_LOOP ( 'NONE', ( #1635, #1198, #8962, #6585 ) ) ;
#194 = LINE ( 'NONE', #3972, #9948 ) ;
#195 = CARTESIAN_POINT ( 'NONE',  ( 0.6440598923241509510, 15.26166058554496097, 2.225219629806730381 ) ) ;
#196 = PRESENTATION_LAYER_ASSIGNMENT (  '', '', ( #3222 ) ) ;
#197 = ORIENTED_EDGE ( 'NONE', *, *, #7911, .F. ) ;
#198 = ADVANCED_FACE ( 'NONE', ( #7570 ), #10256, .T. ) ;
#200 = ORIENTED_EDGE ( 'NONE', *, *, #9192, .F. ) ;
#199 = LINE ( 'NONE', #1037, #714 ) ;
#201 = STYLED_ITEM ( 'NONE', ( #11066 ), #817 ) ;
#202 = PRESENTATION_LAYER_ASSIGNMENT (  '', '', ( #10284 ) ) ;
#203 = VECTOR ( 'NONE', #6226, 1000.000000000000000 ) ;
#204 = CARTESIAN_POINT ( 'NONE',  ( 16.10000000000000142, 7.529999999999999361, 0.9999999999999988898 ) ) ;
#205 =( GEOMETRIC_REPRESENTATION_CONTEXT ( 3 ) GLOBAL_UNCERTAINTY_ASSIGNED_CONTEXT ( ( #2488 ) ) GLOBAL_UNIT_ASSIGNED_CONTEXT ( ( #10719, #2669, #5332 ) ) REPRESENTATION_CONTEXT ( 'NONE', 'WORKASPACE' ) );
#206 = CARTESIAN_POINT ( 'NONE',  ( 15.52499999999999858, 10.26999999999999957, 0.9000000000000001332 ) ) ;
#207 = CARTESIAN_POINT ( 'NONE',  ( 15.35594010767584905, 0.6440598923241487306, 2.130940107675850292 ) ) ;
#208 = AXIS2_PLACEMENT_3D ( 'NONE', #5553, #1759, #6232 ) ;
#209 = FILL_AREA_STYLE_COLOUR ( '', #4933 ) ;
#210 = EDGE_CURVE ( 'NONE', #5496, #10201, #3596, .T. ) ;
#211 =( NAMED_UNIT ( * ) SI_UNIT ( $, .STERADIAN. ) SOLID_ANGLE_UNIT ( ) );
#213 = ORIENTED_EDGE ( 'NONE', *, *, #11303, .F. ) ;
#212 = DIRECTION ( 'NONE',  ( 0.0000000000000000000, -0.0000000000000000000, 1.000000000000000000 ) ) ;
#214 = EDGE_CURVE ( 'NONE', #10405, #4992, #10528, .T. ) ;
#215 = ORIENTED_EDGE ( 'NONE', *, *, #8766, .F. ) ;
#216 = VECTOR ( 'NONE', #6685, 1000.000000000000000 ) ;
#217 = DIRECTION ( 'NONE',  ( 1.000000000000000000, 0.0000000000000000000, 0.0000000000000000000 ) ) ;
#218 = ORIENTED_EDGE ( 'NONE', *, *, #7095, .F. ) ;
#219 = LINE ( 'NONE', #2924, #2129 ) ;
#220 = PRESENTATION_STYLE_ASSIGNMENT (( #11090 ) ) ;
#221 = VERTEX_POINT ( 'NONE', #2650 ) ;
#222 = ADVANCED_FACE ( 'NONE', ( #9726 ), #10704, .T. ) ;
#223 = ADVANCED_FACE ( 'NONE', ( #8917 ), #7972, .T. ) ;
#224 = FILL_AREA_STYLE ('',( #3164 ) ) ;
#225 = PRESENTATION_LAYER_ASSIGNMENT (  '', '', ( #5320 ) ) ;
#226 = FACE_OUTER_BOUND ( 'NONE', #7503, .T. ) ;
#227 = EDGE_CURVE ( 'NONE', #9574, #3237, #9831, .T. ) ;
#228 = FILL_AREA_STYLE_COLOUR ( '', #7336 ) ;
#229 = EDGE_CURVE ( 'NONE', #3094, #9052, #777, .T. ) ;
#230 = EDGE_CURVE ( 'NONE', #7199, #11300, #3661, .T. ) ;
#231 = CARTESIAN_POINT ( 'NONE',  ( 16.00000000000000000, 7.530000000000000249, 1.000000000000000444 ) ) ;
#232 = CARTESIAN_POINT ( 'NONE',  ( 17.00249543915872508, 17.07320508075688537, 6.393914722355051872 ) ) ;
#233 = FACE_OUTER_BOUND ( 'NONE', #6891, .T. ) ;
#234 = CIRCLE ( 'NONE', #1375, 0.3000000000000016542 ) ;
#235 =( GEOMETRIC_REPRESENTATION_CONTEXT ( 3 ) GLOBAL_UNCERTAINTY_ASSIGNED_CONTEXT ( ( #3460 ) ) GLOBAL_UNIT_ASSIGNED_CONTEXT ( ( #10625, #6087, #1600 ) ) REPRESENTATION_CONTEXT ( 'NONE', 'WORKASPACE' ) );
#236 =( NAMED_UNIT ( * ) PLANE_ANGLE_UNIT ( ) SI_UNIT ( $, .RADIAN. ) );
#237 = EDGE_LOOP ( 'NONE', ( #5913, #6370, #4176, #10714, #7767, #1458, #6248, #1307 ) ) ;
#238 = DIRECTION ( 'NONE',  ( 1.000000000000000000, 0.0000000000000000000, -0.0000000000000000000 ) ) ;
#239 = EDGE_CURVE ( 'NONE', #10153, #10723, #1005, .T. ) ;
#240 = CARTESIAN_POINT ( 'NONE',  ( 15.25000000000000000, 12.00999999999999979, -0.1000000000000000056 ) ) ;
#241 = VERTEX_POINT ( 'NONE', #1849 ) ;
#242 = COLOUR_RGB ( '',0.1803921568627450955, 0.4627450980392157076, 0.2823529411764705843 ) ;
#243 = FILL_AREA_STYLE ('',( #9219 ) ) ;
#244 = ADVANCED_FACE ( 'NONE', ( #6327 ), #103, .T. ) ;
#246 = VERTEX_POINT ( 'NONE', #5594 ) ;
#245 = PLANE ( 'NONE',  #2112 ) ;
#247 = PRESENTATION_STYLE_ASSIGNMENT (( #4566 ) ) ;
#248 = SURFACE_STYLE_FILL_AREA ( #8399 ) ;
#249 = FACE_OUTER_BOUND ( 'NONE', #3162, .T. ) ;
#250 = SURFACE_SIDE_STYLE ('',( #3297 ) ) ;
#251 = VERTEX_POINT ( 'NONE', #9091 ) ;
#252 = CARTESIAN_POINT ( 'NONE',  ( -0.1000000000000020040, 7.230000000000000426, 1.000000000000000000 ) ) ;
#253 = AXIS2_PLACEMENT_3D ( 'NONE', #10491, #2516, #6404 ) ;
#254 = CARTESIAN_POINT ( 'NONE',  ( -1.358505322124334098E-15, 4.389999999999989910, 1.000000000000000444 ) ) ;
#255 = DIRECTION ( 'NONE',  ( 0.0000000000000000000, 1.000000000000000000, 0.0000000000000000000 ) ) ;
#256 = ORIENTED_EDGE ( 'NONE', *, *, #7308, .F. ) ;
#257 =( LENGTH_UNIT ( ) NAMED_UNIT ( * ) SI_UNIT ( .MILLI., .METRE. ) );
#258 = FACE_OUTER_BOUND ( 'NONE', #9911, .T. ) ;
#259 = ORIENTED_EDGE ( 'NONE', *, *, #7019, .F. ) ;
#261 = ORIENTED_EDGE ( 'NONE', *, *, #7287, .F. ) ;
#260 =( NAMED_UNIT ( * ) PLANE_ANGLE_UNIT ( ) SI_UNIT ( $, .RADIAN. ) );
#262 = FILL_AREA_STYLE_COLOUR ( '', #1672 ) ;
#263 = UNCERTAINTY_MEASURE_WITH_UNIT (LENGTH_MEASURE( 1.000000000000000082E-05 ), #2451, 'distance_accuracy_value', 'NONE');
#264 = FILL_AREA_STYLE_COLOUR ( '', #2240 ) ;
#266 = ORIENTED_EDGE ( 'NONE', *, *, #8324, .T. ) ;
#265 = FILL_AREA_STYLE ('',( #1169 ) ) ;
#267 = ORIENTED_EDGE ( 'NONE', *, *, #5622, .F. ) ;
#268 = LINE ( 'NONE', #10968, #2741 ) ;
#269 = PLANE ( 'NONE',  #5209 ) ;
#270 = ORIENTED_EDGE ( 'NONE', *, *, #5564, .F. ) ;
#271 = LINE ( 'NONE', #2008, #10127 ) ;
#272 =( NAMED_UNIT ( * ) PLANE_ANGLE_UNIT ( ) SI_UNIT ( $, .RADIAN. ) );
#273 = ORIENTED_EDGE ( 'NONE', *, *, #3975, .T. ) ;
#274 = ADVANCED_FACE ( 'NONE', ( #6385 ), #1058, .T. ) ;
#275 = FACE_OUTER_BOUND ( 'NONE', #2007, .T. ) ;
#276 = CARTESIAN_POINT ( 'NONE',  ( -1.319777620523150025E-15, 4.689999999999990621, 1.000000000000000888 ) ) ;
#277 = FILL_AREA_STYLE_COLOUR ( '', #5859 ) ;
#278 = DIRECTION ( 'NONE',  ( -0.0000000000000000000, -0.0000000000000000000, -1.000000000000000000 ) ) ;
#279 =( LENGTH_UNIT ( ) NAMED_UNIT ( * ) SI_UNIT ( .MILLI., .METRE. ) );
#280 = CIRCLE ( 'NONE', #6273, 0.2999999999999999334 ) ;
#281 = EDGE_CURVE ( 'NONE', #10687, #2276, #10919, .T. ) ;
#282 = FILL_AREA_STYLE_COLOUR ( '', #11525 ) ;
#283 = EDGE_CURVE ( 'NONE', #7701, #8398, #167, .T. ) ;
#284 = SURFACE_SIDE_STYLE ('',( #8389 ) ) ;
#285 = ORIENTED_EDGE ( 'NONE', *, *, #11398, .F. ) ;
#286 = CIRCLE ( 'NONE', #6840, 0.3999999999999999667 ) ;
#287 = CARTESIAN_POINT ( 'NONE',  ( 8.900000000000000355, 15.91000000000000014, 0.9000000000000001332 ) ) ;
#288 = ADVANCED_FACE ( 'NONE', ( #8328 ), #4709, .T. ) ;
#289 = SURFACE_SIDE_STYLE ('',( #6395 ) ) ;
#290 = CIRCLE ( 'NONE', #1826, 0.4000000000000002442 ) ;
#291 = EDGE_LOOP ( 'NONE', ( #3950, #4045, #9416, #10422 ) ) ;
#292 = PRESENTATION_STYLE_ASSIGNMENT (( #5608 ) ) ;
#293 = PRESENTATION_STYLE_ASSIGNMENT (( #7200 ) ) ;
#294 = VECTOR ( 'NONE', #543, 1000.000000000000000 ) ;
#296 = ORIENTED_EDGE ( 'NONE', *, *, #9262, .F. ) ;
#295 = DIRECTION ( 'NONE',  ( 0.0000000000000000000, -0.0000000000000000000, -1.000000000000000000 ) ) ;
#297 = EDGE_CURVE ( 'NONE', #3227, #3234, #4998, .T. ) ;
#298 = PRESENTATION_LAYER_ASSIGNMENT (  '', '', ( #3319 ) ) ;
#299 = PLANE ( 'NONE',  #6790 ) ;
#300 = DIRECTION ( 'NONE',  ( -1.000000000000000000, 0.0000000000000000000, 0.0000000000000000000 ) ) ;
#301 = EDGE_CURVE ( 'NONE', #2986, #7478, #10979, .T. ) ;
#302 = CARTESIAN_POINT ( 'NONE',  ( -1.143755976020626841, 15.97670296246533539, 6.292788944843390908 ) ) ;
#303 = DIRECTION ( 'NONE',  ( 0.0000000000000000000, -1.000000000000000000, -0.0000000000000000000 ) ) ;
#304 = CARTESIAN_POINT ( 'NONE',  ( 0.7499999999999981126, 6.929999999999999716, 1.000000000000000000 ) ) ;
#305 = LINE ( 'NONE', #10999, #8949 ) ;
#306 = EDGE_LOOP ( 'NONE', ( #11115, #9340, #3339, #3452, #3862, #9862, #2030, #10786 ) ) ;
#307 = EDGE_CURVE ( 'NONE', #221, #2447, #10478, .T. ) ;
#308 = PRESENTATION_LAYER_ASSIGNMENT (  '', '', ( #9490 ) ) ;
#309 = VERTEX_POINT ( 'NONE', #400 ) ;
#310 = CARTESIAN_POINT ( 'NONE',  ( 8.900000000000000355, 0.7500000000000000000, 0.0000000000000000000 ) ) ;
#312 = VERTEX_POINT ( 'NONE', #10110 ) ;
#311 = DIRECTION ( 'NONE',  ( 1.000000000000000000, 0.0000000000000000000, 0.0000000000000000000 ) ) ;
#313 = AXIS2_PLACEMENT_3D ( 'NONE', #7269, #10829, #3679 ) ;
#314 = VECTOR ( 'NONE', #8082, 1000.000000000000000 ) ;
#315 = ORIENTED_EDGE ( 'NONE', *, *, #11071, .T. ) ;
#316 = SURFACE_STYLE_USAGE ( .BOTH. , #490 ) ;
#317 = LINE ( 'NONE', #9085, #5224 ) ;
#318 = VECTOR ( 'NONE', #3922, 1000.000000000000227 ) ;
#319 = CYLINDRICAL_SURFACE ( 'NONE', #7819, 0.2500000000000002220 ) ;
#320 = AXIS2_PLACEMENT_3D ( 'NONE', #982, #10785, #3743 ) ;
#321 = CARTESIAN_POINT ( 'NONE',  ( 16.89999999999999858, -0.9000000000000072387, 6.450000000000000178 ) ) ;
#322 = AXIS2_PLACEMENT_3D ( 'NONE', #5367, #839, #8103 ) ;
#323 = STYLED_ITEM ( 'NONE', ( #10281 ), #5137 ) ;
#325 = ORIENTED_EDGE ( 'NONE', *, *, #2943, .T. ) ;
#324 = CARTESIAN_POINT ( 'NONE',  ( 8.000000000000000000, 8.000000000000000000, 0.9000000000000001332 ) ) ;
#327 = VERTEX_POINT ( 'NONE', #10278 ) ;
#326 = PRESENTATION_STYLE_ASSIGNMENT (( #10207 ) ) ;
#328 = PRESENTATION_LAYER_ASSIGNMENT (  '', '', ( #5423 ) ) ;
#329 = DIRECTION ( 'NONE',  ( -1.000000000000000000, -0.0000000000000000000, -0.0000000000000000000 ) ) ;
#330 = UNCERTAINTY_MEASURE_WITH_UNIT (LENGTH_MEASURE( 1.000000000000000082E-05 ), #1069, 'distance_accuracy_value', 'NONE');
#331 = VERTEX_POINT ( 'NONE', #4125 ) ;
#332 =( GEOMETRIC_REPRESENTATION_CONTEXT ( 3 ) GLOBAL_UNCERTAINTY_ASSIGNED_CONTEXT ( ( #9431 ) ) GLOBAL_UNIT_ASSIGNED_CONTEXT ( ( #88, #7176, #211 ) ) REPRESENTATION_CONTEXT ( 'NONE', 'WORKASPACE' ) );
#333 = DIRECTION ( 'NONE',  ( -0.0000000000000000000, 0.0000000000000000000, 1.000000000000000000 ) ) ;
#334 = VECTOR ( 'NONE', #2905, 1000.000000000000000 ) ;
#335 =( NAMED_UNIT ( * ) SI_UNIT ( $, .STERADIAN. ) SOLID_ANGLE_UNIT ( ) );
#336 = EDGE_LOOP ( 'NONE', ( #1182, #10308, #2274, #3996, #7353 ) ) ;
#337 =( LENGTH_UNIT ( ) NAMED_UNIT ( * ) SI_UNIT ( .MILLI., .METRE. ) );
#338 = CARTESIAN_POINT ( 'NONE',  ( 9.400000000000000355, 15.50000000000000000, 0.9000000000000001332 ) ) ;
#339 = CYLINDRICAL_SURFACE ( 'NONE', #607, 0.4099999999999971445 ) ;
#340 = CARTESIAN_POINT ( 'NONE',  ( 17.02609082871281743, 16.59757310241195327, 6.623899314911883884 ) ) ;
#341 = PLANE ( 'NONE',  #7063 ) ;
#342 = FACE_OUTER_BOUND ( 'NONE', #3935, .T. ) ;
#343 = MECHANICAL_DESIGN_GEOMETRIC_PRESENTATION_REPRESENTATION (  '', ( #10985 ), #6903 ) ;
#344 = DIRECTION ( 'NONE',  ( 4.426138304153450370E-16, -1.000000000000000000, 0.0000000000000000000 ) ) ;
#345 = VERTEX_POINT ( 'NONE', #1484 ) ;
#346 = DIRECTION ( 'NONE',  ( 0.4472135954999571505, -0.8944271909999162995, 0.0000000000000000000 ) ) ;
#347 = DIRECTION ( 'NONE',  ( 1.000000000000000000, 0.0000000000000000000, 0.0000000000000000000 ) ) ;
#348 = ORIENTED_EDGE ( 'NONE', *, *, #10026, .F. ) ;
#349 = COLOUR_RGB ( '',0.8196078431372548767, 0.7058823529411764053, 0.5254901960784313930 ) ;
#350 = SURFACE_SIDE_STYLE ('',( #2026 ) ) ;
#351 = SURFACE_STYLE_FILL_AREA ( #7557 ) ;
#352 = ADVANCED_FACE ( 'NONE', ( #6786 ), #2359, .T. ) ;
#354 = ORIENTED_EDGE ( 'NONE', *, *, #7975, .T. ) ;
#353 = CARTESIAN_POINT ( 'NONE',  ( -2.486899575160350098E-15, 7.230000000000000426, -0.1000000000000028644 ) ) ;
#355 = FACE_OUTER_BOUND ( 'NONE', #2136, .T. ) ;
#356 = CARTESIAN_POINT ( 'NONE',  ( 0.7499999999999970024, 10.07000000000000028, 1.000000000000000000 ) ) ;
#357 = EDGE_CURVE ( 'NONE', #6830, #7869, #5462, .T. ) ;
#358 = LINE ( 'NONE', #2089, #8363 ) ;
#359 = STYLED_ITEM ( 'NONE', ( #10520 ), #3886 ) ;
#360 = ORIENTED_EDGE ( 'NONE', *, *, #9259, .T. ) ;
#361 = CARTESIAN_POINT ( 'NONE',  ( 15.55000000000000071, 0.4499999999999921840, 6.500000000000000888 ) ) ;
#362 = DIRECTION ( 'NONE',  ( 0.0000000000000000000, -0.0000000000000000000, -1.000000000000000000 ) ) ;
#363 = EDGE_CURVE ( 'NONE', #3324, #9427, #1234, .T. ) ;
#364 = EDGE_CURVE ( 'NONE', #3179, #2872, #1131, .T. ) ;
#365 = VERTEX_POINT ( 'NONE', #3351 ) ;
#366 = STYLED_ITEM ( 'NONE', ( #4414 ), #443 ) ;
#367 = LINE ( 'NONE', #10187, #5326 ) ;
#368 = CARTESIAN_POINT ( 'NONE',  ( 17.14391472235504921, -1.073205080756886254, 6.252495439158727741 ) ) ;
#369 = EDGE_CURVE ( 'NONE', #8148, #3046, #1518, .T. ) ;
#371 = ORIENTED_EDGE ( 'NONE', *, *, #3104, .T. ) ;
#370 = DIRECTION ( 'NONE',  ( -0.0000000000000000000, -0.0000000000000000000, -1.000000000000000000 ) ) ;
#372 = FILL_AREA_STYLE_COLOUR ( '', #4759 ) ;
#374 = ORIENTED_EDGE ( 'NONE', *, *, #6306, .F. ) ;
#373 = DIRECTION ( 'NONE',  ( 0.0000000000000000000, -0.0000000000000000000, 1.000000000000000000 ) ) ;
#375 = VECTOR ( 'NONE', #5370, 1000.000000000000000 ) ;
#376 = EDGE_CURVE ( 'NONE', #1170, #8164, #7861, .T. ) ;
#377 = CIRCLE ( 'NONE', #11219, 0.3000000000000016542 ) ;
#378 = FILL_AREA_STYLE ('',( #1052 ) ) ;
#379 = PRESENTATION_LAYER_ASSIGNMENT (  '', '', ( #191 ) ) ;
#380 = DIRECTION ( 'NONE',  ( -1.000000000000000000, -7.401486830834380223E-16, 0.0000000000000000000 ) ) ;
#381 = UNCERTAINTY_MEASURE_WITH_UNIT (LENGTH_MEASURE( 1.000000000000000082E-05 ), #4308, 'distance_accuracy_value', 'NONE');
#382 = ORIENTED_EDGE ( 'NONE', *, *, #3463, .T. ) ;
#383 = COLOUR_RGB ( '',0.1803921568627450955, 0.4627450980392157076, 0.2823529411764705843 ) ;
#384 = FILL_AREA_STYLE ('',( #7350 ) ) ;
#385 = DIRECTION ( 'NONE',  ( -0.0000000000000000000, -0.0000000000000000000, -1.000000000000000000 ) ) ;
#387 = EDGE_LOOP ( 'NONE', ( #6276, #10340, #3593, #10650 ) ) ;
#386 = DIRECTION ( 'NONE',  ( 0.0000000000000000000, -0.0000000000000000000, -1.000000000000000000 ) ) ;
#389 = EDGE_LOOP ( 'NONE', ( #11191, #2456, #4053, #11481 ) ) ;
#388 = PLANE ( 'NONE',  #8571 ) ;
#390 = CARTESIAN_POINT ( 'NONE',  ( 15.13821087775050422, 15.55908424476940510, 2.145525200507638175 ) ) ;
#391 = CARTESIAN_POINT ( 'NONE',  ( 16.00000000000000000, 11.81000000000000050, -0.1000000000000000472 ) ) ;
#392 = COLOUR_RGB ( '',0.4313725490196078649, 0.3490196078431372362, 0.2901960784313725172 ) ;
#393 = ORIENTED_EDGE ( 'NONE', *, *, #8922, .F. ) ;
#394 =( NAMED_UNIT ( * ) PLANE_ANGLE_UNIT ( ) SI_UNIT ( $, .RADIAN. ) );
#395 = PRESENTATION_STYLE_ASSIGNMENT (( #2176 ) ) ;
#396 = ORIENTED_EDGE ( 'NONE', *, *, #3389, .F. ) ;
#397 = CARTESIAN_POINT ( 'NONE',  ( -0.1000000000000039468, 14.34999999999999964, 1.000000000000000000 ) ) ;
#398 = CARTESIAN_POINT ( 'NONE',  ( -0.1000000000000029754, 11.81000000000000050, -0.1000000000000000056 ) ) ;
#399 = VECTOR ( 'NONE', #44, 1000.000000000000000 ) ;
#400 = CARTESIAN_POINT ( 'NONE',  ( 8.599999999999999645, 7.810000000000025366, 6.950000000000001066 ) ) ;
#401 = DIRECTION ( 'NONE',  ( -0.0000000000000000000, 0.0000000000000000000, 1.000000000000000000 ) ) ;
#402 = FILL_AREA_STYLE_COLOUR ( '', #11346 ) ;
#403 = CARTESIAN_POINT ( 'NONE',  ( 0.6961145618000204038, 0.8749999999999990008, 2.257770876399966653 ) ) ;
#404 = CARTESIAN_POINT ( 'NONE',  ( 16.89999999999999858, -0.9000000000000070166, 6.150000000000000355 ) ) ;
#405 = VECTOR ( 'NONE', #7859, 1000.000000000000000 ) ;
#406 = CARTESIAN_POINT ( 'NONE',  ( -1.073205080756888696, -1.073205080756895358, 6.323205080756888918 ) ) ;
#407 = ORIENTED_EDGE ( 'NONE', *, *, #4337, .T. ) ;
#408 =( NAMED_UNIT ( * ) PLANE_ANGLE_UNIT ( ) SI_UNIT ( $, .RADIAN. ) );
#409 = MECHANICAL_DESIGN_GEOMETRIC_PRESENTATION_REPRESENTATION (  '', ( #1945 ), #6962 ) ;
#410 = CARTESIAN_POINT ( 'NONE',  ( 14.50000000000000000, 12.81000000000000050, 0.9000000000000001332 ) ) ;
#411 = CARTESIAN_POINT ( 'NONE',  ( 1.500000000000000000, 15.35000000000000142, -0.1000000000000000472 ) ) ;
#412 = ORIENTED_EDGE ( 'NONE', *, *, #4133, .F. ) ;
#413 = MECHANICAL_DESIGN_GEOMETRIC_PRESENTATION_REPRESENTATION (  '', ( #8861 ), #4939 ) ;
#415 = ORIENTED_EDGE ( 'NONE', *, *, #3166, .T. ) ;
#414 = FILL_AREA_STYLE_COLOUR ( '', #1559 ) ;
#416 = VECTOR ( 'NONE', #978, 1000.000000000000000 ) ;
#417 = DIRECTION ( 'NONE',  ( 1.000000000000000000, 0.0000000000000000000, 0.0000000000000000000 ) ) ;
#418 = SURFACE_STYLE_USAGE ( .BOTH. , #4900 ) ;
#419 = COLOUR_RGB ( '',0.8196078431372548767, 0.7058823529411764053, 0.5254901960784313930 ) ;
#420 = CARTESIAN_POINT ( 'NONE',  ( 1.500000000000000000, 5.189999999999989733, -0.1000000000000000194 ) ) ;
#421 = DIRECTION ( 'NONE',  ( -0.0000000000000000000, 0.0000000000000000000, 1.000000000000000000 ) ) ;
#422 = CARTESIAN_POINT ( 'NONE',  ( 8.000000000000000000, 14.34999999999999964, 0.9000000000000001332 ) ) ;
#423 = ORIENTED_EDGE ( 'NONE', *, *, #5911, .T. ) ;
#424 = CARTESIAN_POINT ( 'NONE',  ( 15.34135501484406738, 0.8472040294177022313, 2.348669337601192897 ) ) ;
#425 = VECTOR ( 'NONE', #115, 1000.000000000000000 ) ;
#426 = CIRCLE ( 'NONE', #2873, 0.3000000000000010436 ) ;
#427 = MECHANICAL_DESIGN_GEOMETRIC_PRESENTATION_REPRESENTATION (  '', ( #2523 ), #2688 ) ;
#428 = VERTEX_POINT ( 'NONE', #6149 ) ;
#429 = EDGE_CURVE ( 'NONE', #7905, #4461, #5240, .T. ) ;
#430 = DIRECTION ( 'NONE',  ( -0.0000000000000000000, -0.0000000000000000000, -1.000000000000000000 ) ) ;
#431 = DIRECTION ( 'NONE',  ( 0.0000000000000000000, -0.0000000000000000000, 1.000000000000000000 ) ) ;
#432 = CARTESIAN_POINT ( 'NONE',  ( 0.4263306623988049049, 15.34135501484406205, 1.927795970582296237 ) ) ;
#434 = ORIENTED_EDGE ( 'NONE', *, *, #5681, .T. ) ;
#433 = CARTESIAN_POINT ( 'NONE',  ( 9.650000000000000355, 0.5000000000000000000, -0.03500000000000000333 ) ) ;
#436 = ORIENTED_EDGE ( 'NONE', *, *, #11081, .F. ) ;
#435 = FILL_AREA_STYLE_COLOUR ( '', #10609 ) ;
#437 = EDGE_CURVE ( 'NONE', #11165, #2268, #11003, .T. ) ;
#438 =( GEOMETRIC_REPRESENTATION_CONTEXT ( 3 ) GLOBAL_UNCERTAINTY_ASSIGNED_CONTEXT ( ( #5465 ) ) GLOBAL_UNIT_ASSIGNED_CONTEXT ( ( #2085, #9106, #9000 ) ) REPRESENTATION_CONTEXT ( 'NONE', 'WORKASPACE' ) );
#439 = FILL_AREA_STYLE ('',( #3214 ) ) ;
#440 = DIRECTION ( 'NONE',  ( 2.775557561562889872E-16, -1.000000000000000000, -0.0000000000000000000 ) ) ;
#441 = EDGE_CURVE ( 'NONE', #3437, #4582, #6554, .T. ) ;
#442 =( LENGTH_UNIT ( ) NAMED_UNIT ( * ) SI_UNIT ( .MILLI., .METRE. ) );
#443 = ADVANCED_FACE ( 'NONE', ( #5123 ), #875, .T. ) ;
#444 = CARTESIAN_POINT ( 'NONE',  ( 16.00000000000000000, 15.15000000000000036, -0.1000000000000014350 ) ) ;
#446 = VERTEX_POINT ( 'NONE', #3404 ) ;
#445 = DIRECTION ( 'NONE',  ( 0.0000000000000000000, 0.0000000000000000000, 1.000000000000000000 ) ) ;
#447 = ORIENTED_EDGE ( 'NONE', *, *, #10524, .F. ) ;
#448 = CARTESIAN_POINT ( 'NONE',  ( 8.000000000000000000, 8.000000000000000000, 0.9000000000000001332 ) ) ;
#449 = ADVANCED_FACE ( 'NONE', ( #3464 ), #10567, .T. ) ;
#450 = CARTESIAN_POINT ( 'NONE',  ( 16.00000000000000000, 10.26999999999999957, 1.000000000000000000 ) ) ;
#451 = ORIENTED_EDGE ( 'NONE', *, *, #5979, .T. ) ;
#452 = CARTESIAN_POINT ( 'NONE',  ( 16.10000000000000142, 15.15000000000000036, 0.4500000000000000666 ) ) ;
#453 = ORIENTED_EDGE ( 'NONE', *, *, #9102, .F. ) ;
#454 = SURFACE_STYLE_USAGE ( .BOTH. , #10106 ) ;
#455 = EDGE_CURVE ( 'NONE', #11062, #3383, #932, .T. ) ;
#456 = CARTESIAN_POINT ( 'NONE',  ( 8.900000000000000355, 0.2500000000000000000, 0.9350000000000000533 ) ) ;
#457 = DIRECTION ( 'NONE',  ( 0.0000000000000000000, 0.0000000000000000000, -1.000000000000000000 ) ) ;
#458 = CARTESIAN_POINT ( 'NONE',  ( 15.55000000000000071, 15.55000000000000071, 6.500000000000000888 ) ) ;
#459 = DIRECTION ( 'NONE',  ( 1.000000000000000000, 0.0000000000000000000, -0.0000000000000000000 ) ) ;
#460 = AXIS2_PLACEMENT_3D ( 'NONE', #9970, #7390, #6533 ) ;
#461 = UNCERTAINTY_MEASURE_WITH_UNIT (LENGTH_MEASURE( 1.000000000000000082E-05 ), #2258, 'distance_accuracy_value', 'NONE');
#462 = PRESENTATION_STYLE_ASSIGNMENT (( #8743 ) ) ;
#463 = CARTESIAN_POINT ( 'NONE',  ( -1.400802394945820595, -0.9722846686449608811, 5.874476182445892647 ) ) ;
#464 = ORIENTED_EDGE ( 'NONE', *, *, #1555, .F. ) ;
#465 = SURFACE_STYLE_USAGE ( .BOTH. , #2306 ) ;
#466 = CARTESIAN_POINT ( 'NONE',  ( 14.50000000000000000, 7.730000000000000426, 1.000000000000000000 ) ) ;
#467 = LINE ( 'NONE', #11290, #11405 ) ;
#468 = ORIENTED_EDGE ( 'NONE', *, *, #8130, .F. ) ;
#469 = DIRECTION ( 'NONE',  ( 1.000000000000000000, 0.0000000000000000000, 0.0000000000000000000 ) ) ;
#470 =( LENGTH_UNIT ( ) NAMED_UNIT ( * ) SI_UNIT ( .MILLI., .METRE. ) );
#471 = DIRECTION ( 'NONE',  ( 1.000000000000000000, 0.0000000000000000000, 0.0000000000000000000 ) ) ;
#472 =( NAMED_UNIT ( * ) PLANE_ANGLE_UNIT ( ) SI_UNIT ( $, .RADIAN. ) );
#473 = DIRECTION ( 'NONE',  ( -0.0000000000000000000, 0.0000000000000000000, -1.000000000000000000 ) ) ;
#474 = DIRECTION ( 'NONE',  ( 0.0000000000000000000, -0.0000000000000000000, -1.000000000000000000 ) ) ;
#475 = DIRECTION ( 'NONE',  ( -1.000000000000000000, -0.0000000000000000000, 0.0000000000000000000 ) ) ;
#476 = ORIENTED_EDGE ( 'NONE', *, *, #11377, .F. ) ;
#477 = CIRCLE ( 'NONE', #9471, 0.3000000000000016542 ) ;
#478 = DIRECTION ( 'NONE',  ( -1.000000000000000000, 0.0000000000000000000, 0.0000000000000000000 ) ) ;
#479 =( NAMED_UNIT ( * ) PLANE_ANGLE_UNIT ( ) SI_UNIT ( $, .RADIAN. ) );
#480 =( LENGTH_UNIT ( ) NAMED_UNIT ( * ) SI_UNIT ( .MILLI., .METRE. ) );
#481 = ORIENTED_EDGE ( 'NONE', *, *, #645, .T. ) ;
#482 = CARTESIAN_POINT ( 'NONE',  ( 17.02587894728336693, -1.354618705642505860, 6.009055731601327111 ) ) ;
#483 =( NAMED_UNIT ( * ) PLANE_ANGLE_UNIT ( ) SI_UNIT ( $, .RADIAN. ) );
#485 = ORIENTED_EDGE ( 'NONE', *, *, #10599, .F. ) ;
#484 = CARTESIAN_POINT ( 'NONE',  ( 15.25000000000000000, 2.149999999999990141, -0.1000000000000000056 ) ) ;
#486 = CARTESIAN_POINT ( 'NONE',  ( 0.2999999999999962697, 12.31000000000000227, 1.000000000000000888 ) ) ;
#488 = ORIENTED_EDGE ( 'NONE', *, *, #6056, .F. ) ;
#487 = SURFACE_STYLE_FILL_AREA ( #8523 ) ;
#489 = MECHANICAL_DESIGN_GEOMETRIC_PRESENTATION_REPRESENTATION (  '', ( #6486 ), #6844 ) ;
#490 = SURFACE_SIDE_STYLE ('',( #1398 ) ) ;
#491 = SURFACE_STYLE_FILL_AREA ( #7640 ) ;
#492 = VECTOR ( 'NONE', #11242, 1000.000000000000000 ) ;
#493 = DIRECTION ( 'NONE',  ( 0.0000000000000000000, 1.000000000000000000, 0.0000000000000000000 ) ) ;
#494 = UNCERTAINTY_MEASURE_WITH_UNIT (LENGTH_MEASURE( 1.000000000000000082E-05 ), #2785, 'distance_accuracy_value', 'NONE');
#495 = VERTEX_POINT ( 'NONE', #3588 ) ;
#496 = STYLED_ITEM ( 'NONE', ( #2564 ), #8063 ) ;
#497 = CARTESIAN_POINT ( 'NONE',  ( 8.900000000000000355, 15.50000000000000000, 0.9350000000000000533 ) ) ;
#498 = MECHANICAL_DESIGN_GEOMETRIC_PRESENTATION_REPRESENTATION (  '', ( #6496 ), #5018 ) ;
#500 = ORIENTED_EDGE ( 'NONE', *, *, #2666, .F. ) ;
#499 = DIRECTION ( 'NONE',  ( -1.475379434717819995E-16, 1.000000000000000000, 0.0000000000000000000 ) ) ;
#501 = ADVANCED_FACE ( 'NONE', ( #5579 ), #5634, .T. ) ;
#502 = COLOUR_RGB ( '',0.4313725490196078649, 0.3490196078431372362, 0.2901960784313725172 ) ;
#503 = ORIENTED_EDGE ( 'NONE', *, *, #64, .F. ) ;
#504 = FACE_OUTER_BOUND ( 'NONE', #193, .T. ) ;
#505 = FACE_OUTER_BOUND ( 'NONE', #2074, .T. ) ;
#506 = AXIS2_PLACEMENT_3D ( 'NONE', #4734, #19, #4511 ) ;
#507 = ORIENTED_EDGE ( 'NONE', *, *, #10155, .T. ) ;
#508 = PLANE ( 'NONE',  #4195 ) ;
#509 = MECHANICAL_DESIGN_GEOMETRIC_PRESENTATION_REPRESENTATION (  '', ( #3889 ), #6688 ) ;
#510 = LINE ( 'NONE', #7777, #4831 ) ;
#511 = ORIENTED_EDGE ( 'NONE', *, *, #9550, .T. ) ;
#512 =( GEOMETRIC_REPRESENTATION_CONTEXT ( 3 ) GLOBAL_UNCERTAINTY_ASSIGNED_CONTEXT ( ( #5889 ) ) GLOBAL_UNIT_ASSIGNED_CONTEXT ( ( #4431, #1907, #8157 ) ) REPRESENTATION_CONTEXT ( 'NONE', 'WORKASPACE' ) );
#513 = UNCERTAINTY_MEASURE_WITH_UNIT (LENGTH_MEASURE( 1.000000000000000082E-05 ), #6964, 'distance_accuracy_value', 'NONE');
#514 =( GEOMETRIC_REPRESENTATION_CONTEXT ( 3 ) GLOBAL_UNCERTAINTY_ASSIGNED_CONTEXT ( ( #10454 ) ) GLOBAL_UNIT_ASSIGNED_CONTEXT ( ( #4373, #9673, #5080 ) ) REPRESENTATION_CONTEXT ( 'NONE', 'WORKASPACE' ) );
#515 = CARTESIAN_POINT ( 'NONE',  ( -1.046517794842400484, -0.9131061870014071102, 6.429929402683403517 ) ) ;
#516 =( GEOMETRIC_REPRESENTATION_CONTEXT ( 3 ) GLOBAL_UNCERTAINTY_ASSIGNED_CONTEXT ( ( #4044 ) ) GLOBAL_UNIT_ASSIGNED_CONTEXT ( ( #2183, #6565, #523 ) ) REPRESENTATION_CONTEXT ( 'NONE', 'WORKASPACE' ) );
#517 = EDGE_CURVE ( 'NONE', #11006, #4028, #7282, .T. ) ;
#518 = LINE ( 'NONE', #9432, #6789 ) ;
#519 = ADVANCED_FACE ( 'NONE', ( #3652 ), #8147, .T. ) ;
#520 = SURFACE_SIDE_STYLE ('',( #11034 ) ) ;
#521 = DIRECTION ( 'NONE',  ( -0.0000000000000000000, 0.0000000000000000000, 1.000000000000000000 ) ) ;
#522 = AXIS2_PLACEMENT_3D ( 'NONE', #4864, #3807, #9979 ) ;
#523 =( NAMED_UNIT ( * ) SI_UNIT ( $, .STERADIAN. ) SOLID_ANGLE_UNIT ( ) );
#524 = SURFACE_STYLE_USAGE ( .BOTH. , #3172 ) ;
#525 =( GEOMETRIC_REPRESENTATION_CONTEXT ( 3 ) GLOBAL_UNCERTAINTY_ASSIGNED_CONTEXT ( ( #8616 ) ) GLOBAL_UNIT_ASSIGNED_CONTEXT ( ( #10983, #1239, #5650 ) ) REPRESENTATION_CONTEXT ( 'NONE', 'WORKASPACE' ) );
#526 = CARTESIAN_POINT ( 'NONE',  ( 9.648746859276654320, 0.4749999999999991451, 0.9350000000000000533 ) ) ;
#527 = VECTOR ( 'NONE', #8441, 1000.000000000000000 ) ;
#528 = EDGE_CURVE ( 'NONE', #2262, #5046, #377, .T. ) ;
#529 = CARTESIAN_POINT ( 'NONE',  ( 15.25000000000000000, 9.769999999999999574, 1.000000000000000000 ) ) ;
#530 = FILL_AREA_STYLE_COLOUR ( '', #2755 ) ;
#531 = ORIENTED_EDGE ( 'NONE', *, *, #2250, .F. ) ;
#532 = LINE ( 'NONE', #11288, #185 ) ;
#533 = COLOUR_RGB ( '',0.8196078431372548767, 0.7058823529411764053, 0.5254901960784313930 ) ;
#534 = CARTESIAN_POINT ( 'NONE',  ( -3.533978665259952675E-15, 12.81000000000000050, 0.0000000000000000000 ) ) ;
#535 = DIRECTION ( 'NONE',  ( -1.000000000000000000, -0.0000000000000000000, 0.0000000000000000000 ) ) ;
#536 = VECTOR ( 'NONE', #7468, 1000.000000000000000 ) ;
#537 = VECTOR ( 'NONE', #4105, 1000.000000000000000 ) ;
#538 = CARTESIAN_POINT ( 'NONE',  ( 1.500000000000000000, 12.81000000000000050, 1.000000000000000000 ) ) ;
#539 =( NAMED_UNIT ( * ) PLANE_ANGLE_UNIT ( ) SI_UNIT ( $, .RADIAN. ) );
#540 = CARTESIAN_POINT ( 'NONE',  ( -0.1000000000000040024, 14.44999999999999929, 1.000000000000000000 ) ) ;
#541 = SURFACE_SIDE_STYLE ('',( #10419 ) ) ;
#542 = LINE ( 'NONE', #1321, #492 ) ;
#543 = DIRECTION ( 'NONE',  ( -0.0000000000000000000, -0.0000000000000000000, -1.000000000000000000 ) ) ;
#544 = ORIENTED_EDGE ( 'NONE', *, *, #6310, .T. ) ;
#545 =( LENGTH_UNIT ( ) NAMED_UNIT ( * ) SI_UNIT ( .MILLI., .METRE. ) );
#546 = SURFACE_SIDE_STYLE ('',( #1509 ) ) ;
#547 = AXIS2_PLACEMENT_3D ( 'NONE', #3614, #2512, #4326 ) ;
#548 = VERTEX_POINT ( 'NONE', #9881 ) ;
#549 = CARTESIAN_POINT ( 'NONE',  ( -0.1000000000000009909, 4.189999999999988844, 1.000000000000000000 ) ) ;
#551 = VERTEX_POINT ( 'NONE', #1891 ) ;
#550 = CARTESIAN_POINT ( 'NONE',  ( 0.8750000000000031086, 0.8749999999999992228, 1.900000000000000133 ) ) ;
#552 = FACE_OUTER_BOUND ( 'NONE', #4573, .T. ) ;
#553 = VERTEX_POINT ( 'NONE', #5472 ) ;
#554 = DIRECTION ( 'NONE',  ( 0.0000000000000000000, 0.0000000000000000000, 1.000000000000000000 ) ) ;
#555 = AXIS2_PLACEMENT_3D ( 'NONE', #10851, #9929, #8968 ) ;
#556 = CARTESIAN_POINT ( 'NONE',  ( 16.00000000000000000, 6.929999999999999716, -0.1000000000000010048 ) ) ;
#557 = CARTESIAN_POINT ( 'NONE',  ( 15.70363981077792737, 0.6521244767980675094, 1.684555845389742013 ) ) ;
#558 = VERTEX_POINT ( 'NONE', #10150 ) ;
#559 = DIRECTION ( 'NONE',  ( 0.0000000000000000000, 0.0000000000000000000, 1.000000000000000000 ) ) ;
#560 = EDGE_LOOP ( 'NONE', ( #3938, #3201, #8056, #9286, #9579, #7746 ) ) ;
#561 = VECTOR ( 'NONE', #603, 1000.000000000000000 ) ;
#562 = ORIENTED_EDGE ( 'NONE', *, *, #7161, .T. ) ;
#563 = AXIS2_PLACEMENT_3D ( 'NONE', #9034, #4540, #4484 ) ;
#564 = ORIENTED_EDGE ( 'NONE', *, *, #6169, .T. ) ;
#565 = SURFACE_SIDE_STYLE ('',( #6893 ) ) ;
#566 = CARTESIAN_POINT ( 'NONE',  ( 0.1242640687119270088, 16.89999999999999858, 4.375000000000000000 ) ) ;
#567 = EDGE_LOOP ( 'NONE', ( #4459, #11434, #8724, #2562 ) ) ;
#568 = DIRECTION ( 'NONE',  ( 0.0000000000000000000, 0.0000000000000000000, 1.000000000000000000 ) ) ;
#569 = AXIS2_PLACEMENT_3D ( 'NONE', #8163, #113, #7255 ) ;
#570 =( NAMED_UNIT ( * ) SI_UNIT ( $, .STERADIAN. ) SOLID_ANGLE_UNIT ( ) );
#571 = ORIENTED_EDGE ( 'NONE', *, *, #6878, .T. ) ;
#572 = EDGE_CURVE ( 'NONE', #9574, #4107, #8536, .T. ) ;
#573 = CARTESIAN_POINT ( 'NONE',  ( 16.89999999999999858, -0.9000000000000070166, 6.150000000000000355 ) ) ;
#574 = COLOUR_RGB ( '',0.8196078431372548767, 0.7058823529411764053, 0.5254901960784313930 ) ;
#575 = CARTESIAN_POINT ( 'NONE',  ( 14.50000000000000000, 9.269999999999999574, 1.000000000000000000 ) ) ;
#576 =( GEOMETRIC_REPRESENTATION_CONTEXT ( 3 ) GLOBAL_UNCERTAINTY_ASSIGNED_CONTEXT ( ( #7643 ) ) GLOBAL_UNIT_ASSIGNED_CONTEXT ( ( #8408, #479, #8463 ) ) REPRESENTATION_CONTEXT ( 'NONE', 'WORKASPACE' ) );
#577 = EDGE_CURVE ( 'NONE', #5213, #5186, #10965, .T. ) ;
#578 = VECTOR ( 'NONE', #8919, 1000.000000000000000 ) ;
#579 = SURFACE_STYLE_USAGE ( .BOTH. , #7960 ) ;
#580 = FILL_AREA_STYLE ('',( #5065 ) ) ;
#581 = DIRECTION ( 'NONE',  ( 1.000000000000000000, 2.529805069132829743E-15, 0.0000000000000000000 ) ) ;
#582 = VECTOR ( 'NONE', #9148, 1000.000000000000000 ) ;
#583 = AXIS2_PLACEMENT_3D ( 'NONE', #7494, #2998, #347 ) ;
#584 = LINE ( 'NONE', #1609, #7405 ) ;
#585 = VERTEX_POINT ( 'NONE', #2168 ) ;
#586 = FILL_AREA_STYLE ('',( #8630 ) ) ;
#587 = EDGE_CURVE ( 'NONE', #5461, #5559, #5689, .T. ) ;
#588 = AXIS2_PLACEMENT_3D ( 'NONE', #4391, #7933, #11488 ) ;
#589 = EDGE_CURVE ( 'NONE', #7459, #10105, #11139, .T. ) ;
#590 = STYLED_ITEM ( 'NONE', ( #178 ), #1110 ) ;
#591 = EDGE_CURVE ( 'NONE', #4089, #6136, #1285, .T. ) ;
#592 = LINE ( 'NONE', #8636, #4442 ) ;
#593 = CARTESIAN_POINT ( 'NONE',  ( 16.00000000000000000, 4.690000000000000391, -21.65413869472860142 ) ) ;
#594 = LINE ( 'NONE', #7739, #7425 ) ;
#595 =( NAMED_UNIT ( * ) SI_UNIT ( $, .STERADIAN. ) SOLID_ANGLE_UNIT ( ) );
#596 =( NAMED_UNIT ( * ) PLANE_ANGLE_UNIT ( ) SI_UNIT ( $, .RADIAN. ) );
#597 = DIRECTION ( 'NONE',  ( -1.000000000000000000, -0.0000000000000000000, -0.0000000000000000000 ) ) ;
#598 = LINE ( 'NONE', #3309, #2928 ) ;
#599 = CIRCLE ( 'NONE', #3616, 0.2500000000000002220 ) ;
#600 = PRESENTATION_LAYER_ASSIGNMENT (  '', '', ( #5675 ) ) ;
#601 = STYLED_ITEM ( 'NONE', ( #4329 ), #3913 ) ;
#602 = ORIENTED_EDGE ( 'NONE', *, *, #10220, .T. ) ;
#603 = DIRECTION ( 'NONE',  ( 1.000000000000000000, 0.0000000000000000000, 0.0000000000000000000 ) ) ;
#604 = UNCERTAINTY_MEASURE_WITH_UNIT (LENGTH_MEASURE( 1.000000000000000082E-05 ), #3226, 'distance_accuracy_value', 'NONE');
#605 = EDGE_LOOP ( 'NONE', ( #2738, #9269, #1149, #6825 ) ) ;
#606 = EDGE_CURVE ( 'NONE', #5673, #3040, #1220, .T. ) ;
#607 = AXIS2_PLACEMENT_3D ( 'NONE', #9433, #6563, #1188 ) ;
#608 = VECTOR ( 'NONE', #10835, 1000.000000000000000 ) ;
#609 = CARTESIAN_POINT ( 'NONE',  ( 0.4749999999999971467, 15.12500000000000000, 0.9000000000000001332 ) ) ;
#610 = CARTESIAN_POINT ( 'NONE',  ( 0.2999999999999962697, 14.84999999999999964, 1.000000000000000888 ) ) ;
#611 = VECTOR ( 'NONE', #8433, 1000.000000000000000 ) ;
#613 = ORIENTED_EDGE ( 'NONE', *, *, #7231, .T. ) ;
#612 = DIRECTION ( 'NONE',  ( -1.475379434717819995E-16, 1.000000000000000000, 0.0000000000000000000 ) ) ;
#615 = ORIENTED_EDGE ( 'NONE', *, *, #4975, .F. ) ;
#614 = LINE ( 'NONE', #4267, #8780 ) ;
#616 = CARTESIAN_POINT ( 'NONE',  ( 16.89999999999999858, -0.9000000000000070166, 2.299999999999999822 ) ) ;
#617 = STYLED_ITEM ( 'NONE', ( #9159 ), #9477 ) ;
#618 =( GEOMETRIC_REPRESENTATION_CONTEXT ( 3 ) GLOBAL_UNCERTAINTY_ASSIGNED_CONTEXT ( ( #8597 ) ) GLOBAL_UNIT_ASSIGNED_CONTEXT ( ( #2680, #10729, #4580 ) ) REPRESENTATION_CONTEXT ( 'NONE', 'WORKASPACE' ) );
#619 = COLOUR_RGB ( '',0.8196078431372548767, 0.7058823529411764053, 0.5254901960784313930 ) ;
#620 = CARTESIAN_POINT ( 'NONE',  ( 15.52500000000000213, 5.190000000000000391, 0.9000000000000001332 ) ) ;
#621 = UNCERTAINTY_MEASURE_WITH_UNIT (LENGTH_MEASURE( 1.000000000000000082E-05 ), #4541, 'distance_accuracy_value', 'NONE');
#622 = CARTESIAN_POINT ( 'NONE',  ( 1.500000000000000000, 6.730000000000000426, 0.9000000000000001332 ) ) ;
#623 = DIRECTION ( 'NONE',  ( 1.000000000000000000, 0.0000000000000000000, -0.0000000000000000000 ) ) ;
#624 = EDGE_LOOP ( 'NONE', ( #6067, #7112, #2345, #1352, #4989, #9686, #2556, #7788, #5895, #9987, #1710, #5369, #5268 ) ) ;
#626 = ORIENTED_EDGE ( 'NONE', *, *, #4051, .F. ) ;
#625 = CARTESIAN_POINT ( 'NONE',  ( 0.4749999999999969802, 15.52500000000000036, 0.9000000000000001332 ) ) ;
#627 = VECTOR ( 'NONE', #1658, 1000.000000000000000 ) ;
#628 = ORIENTED_EDGE ( 'NONE', *, *, #11529, .F. ) ;
#629 = PLANE ( 'NONE',  #5930 ) ;
#630 = FILL_AREA_STYLE ('',( #5291 ) ) ;
#631 = VERTEX_POINT ( 'NONE', #6651 ) ;
#632 = DIRECTION ( 'NONE',  ( 0.0000000000000000000, -1.000000000000000000, 2.523234146875350081E-16 ) ) ;
#633 =( NAMED_UNIT ( * ) SI_UNIT ( $, .STERADIAN. ) SOLID_ANGLE_UNIT ( ) );
#634 = ORIENTED_EDGE ( 'NONE', *, *, #11516, .F. ) ;
#635 = UNCERTAINTY_MEASURE_WITH_UNIT (LENGTH_MEASURE( 1.000000000000000082E-05 ), #8716, 'distance_accuracy_value', 'NONE');
#636 =( NAMED_UNIT ( * ) SI_UNIT ( $, .STERADIAN. ) SOLID_ANGLE_UNIT ( ) );
#637 = CARTESIAN_POINT ( 'NONE',  ( 14.50000000000000000, 7.730000000000000426, 1.000000000000000000 ) ) ;
#638 = DIRECTION ( 'NONE',  ( 4.426138304153449877E-16, -1.000000000000000000, 0.0000000000000000000 ) ) ;
#639 = ORIENTED_EDGE ( 'NONE', *, *, #6799, .F. ) ;
#640 = LINE ( 'NONE', #5125, #4678 ) ;
#641 = SURFACE_STYLE_USAGE ( .BOTH. , #5865 ) ;
#642 = DIRECTION ( 'NONE',  ( 4.426138304153450370E-16, -1.000000000000000000, 0.0000000000000000000 ) ) ;
#643 = CARTESIAN_POINT ( 'NONE',  ( 0.02329703753469262312, 17.20124663545703925, 6.194646250264596254 ) ) ;
#644 =( NAMED_UNIT ( * ) PLANE_ANGLE_UNIT ( ) SI_UNIT ( $, .RADIAN. ) );
#645 = EDGE_CURVE ( 'NONE', #6203, #11076, #2346, .T. ) ;
#646 = VERTEX_POINT ( 'NONE', #6551 ) ;
#647 = CARTESIAN_POINT ( 'NONE',  ( 8.074091244709784121, 7.948682055725401874, 7.461957948967325116 ) ) ;
#648 = DIRECTION ( 'NONE',  ( 1.000000000000000000, 0.0000000000000000000, -0.0000000000000000000 ) ) ;
#649 = PLANE ( 'NONE',  #4395 ) ;
#650 = CARTESIAN_POINT ( 'NONE',  ( 1.500000000000000000, 15.35000000000000142, 1.000000000000000000 ) ) ;
#651 = DIRECTION ( 'NONE',  ( 0.0000000000000000000, -1.000000000000000000, 0.0000000000000000000 ) ) ;
#652 = DIRECTION ( 'NONE',  ( -0.0000000000000000000, -1.000000000000000000, 0.0000000000000000000 ) ) ;
#653 =( LENGTH_UNIT ( ) NAMED_UNIT ( * ) SI_UNIT ( .MILLI., .METRE. ) );
#654 = EDGE_CURVE ( 'NONE', #8706, #7583, #4110, .T. ) ;
#655 = CARTESIAN_POINT ( 'NONE',  ( 0.0000000000000000000, 0.0000000000000000000, 0.0000000000000000000 ) ) ;
#656 = SURFACE_SIDE_STYLE ('',( #9446 ) ) ;
#657 = ADVANCED_FACE ( 'NONE', ( #3093 ), #2224, .T. ) ;
#658 =( LENGTH_UNIT ( ) NAMED_UNIT ( * ) SI_UNIT ( .MILLI., .METRE. ) );
#659 = EDGE_LOOP ( 'NONE', ( #796, #5295, #9430, #7952, #3613 ) ) ;
#660 = FILL_AREA_STYLE_COLOUR ( '', #5467 ) ;
#661 = CARTESIAN_POINT ( 'NONE',  ( 8.900000000000000355, 0.2500000000000000000, 0.0000000000000000000 ) ) ;
#662 = VECTOR ( 'NONE', #10174, 1000.000000000000000 ) ;
#663 = VERTEX_POINT ( 'NONE', #4757 ) ;
#664 = ADVANCED_FACE ( 'NONE', ( #4049 ), #7582, .T. ) ;
#665 = DIRECTION ( 'NONE',  ( 0.0000000000000000000, 0.0000000000000000000, 1.000000000000000000 ) ) ;
#666 =( NAMED_UNIT ( * ) SI_UNIT ( $, .STERADIAN. ) SOLID_ANGLE_UNIT ( ) );
#667 = EDGE_CURVE ( 'NONE', #10973, #9255, #3005, .T. ) ;
#669 = VERTEX_POINT ( 'NONE', #3337 ) ;
#668 = CARTESIAN_POINT ( 'NONE',  ( 15.12500000000000000, 4.237499999999999822, 1.899999999999999911 ) ) ;
#671 = ORIENTED_EDGE ( 'NONE', *, *, #743, .T. ) ;
#670 = CARTESIAN_POINT ( 'NONE',  ( 8.000000000000000000, 11.81000000000000050, 0.0000000000000000000 ) ) ;
#672 = AXIS2_PLACEMENT_3D ( 'NONE', #1811, #9429, #11491 ) ;
#673 = ADVANCED_FACE ( 'NONE', ( #3387 ), #749, .T. ) ;
#674 =( NAMED_UNIT ( * ) SI_UNIT ( $, .STERADIAN. ) SOLID_ANGLE_UNIT ( ) );
#675 = DIRECTION ( 'NONE',  ( -0.0000000000000000000, -0.0000000000000000000, 1.000000000000000000 ) ) ;
#676 = FILL_AREA_STYLE_COLOUR ( '', #9304 ) ;
#677 = FILL_AREA_STYLE_COLOUR ( '', #5843 ) ;
#678 = SURFACE_STYLE_FILL_AREA ( #5037 ) ;
#679 = AXIS2_PLACEMENT_3D ( 'NONE', #2004, #8906, #5411 ) ;
#680 = LINE ( 'NONE', #744, #8218 ) ;
#681 = ORIENTED_EDGE ( 'NONE', *, *, #5688, .F. ) ;
#682 = VERTEX_POINT ( 'NONE', #2529 ) ;
#683 = EDGE_LOOP ( 'NONE', ( #4796, #7646, #9482, #8838 ) ) ;
#684 = ORIENTED_EDGE ( 'NONE', *, *, #6026, .T. ) ;
#685 = DIRECTION ( 'NONE',  ( 0.0000000000000000000, -1.000000000000000000, 0.0000000000000000000 ) ) ;
#686 = VECTOR ( 'NONE', #329, 1000.000000000000000 ) ;
#687 =( NAMED_UNIT ( * ) SI_UNIT ( $, .STERADIAN. ) SOLID_ANGLE_UNIT ( ) );
#688 = ORIENTED_EDGE ( 'NONE', *, *, #4413, .T. ) ;
#689 = LINE ( 'NONE', #1533, #6598 ) ;
#690 = FACE_OUTER_BOUND ( 'NONE', #7564, .T. ) ;
#691 = ORIENTED_EDGE ( 'NONE', *, *, #4775, .T. ) ;
#692 = VECTOR ( 'NONE', #7367, 1000.000000000000000 ) ;
#693 = CARTESIAN_POINT ( 'NONE',  ( -1.046517794842400484, -1.179929402683411510, 6.163106187001396563 ) ) ;
#694 = AXIS2_PLACEMENT_3D ( 'NONE', #10592, #5318, #6170 ) ;
#695 = CARTESIAN_POINT ( 'NONE',  ( 9.400000000000000355, 0.09000000000000001055, 0.9350000000000000533 ) ) ;
#696 = STYLED_ITEM ( 'NONE', ( #11011 ), #3832 ) ;
#697 = DIRECTION ( 'NONE',  ( 1.000000000000000000, 0.0000000000000000000, 0.0000000000000000000 ) ) ;
#698 = ORIENTED_EDGE ( 'NONE', *, *, #9390, .T. ) ;
#699 = SURFACE_STYLE_USAGE ( .BOTH. , #6042 ) ;
#700 = SURFACE_STYLE_FILL_AREA ( #8740 ) ;
#701 =( GEOMETRIC_REPRESENTATION_CONTEXT ( 3 ) GLOBAL_UNCERTAINTY_ASSIGNED_CONTEXT ( ( #4980 ) ) GLOBAL_UNIT_ASSIGNED_CONTEXT ( ( #7998, #1517, #11376 ) ) REPRESENTATION_CONTEXT ( 'NONE', 'WORKASPACE' ) );
#702 = VECTOR ( 'NONE', #3580, 1000.000000000000000 ) ;
#703 = VECTOR ( 'NONE', #4316, 1000.000000000000000 ) ;
#704 = SURFACE_STYLE_FILL_AREA ( #7074 ) ;
#705 = CIRCLE ( 'NONE', #8561, 0.2999999999999999889 ) ;
#706 = FACE_OUTER_BOUND ( 'NONE', #8436, .T. ) ;
#707 = ORIENTED_EDGE ( 'NONE', *, *, #591, .T. ) ;
#708 = CARTESIAN_POINT ( 'NONE',  ( -0.1000000000000010048, 1.124999999999990008, 0.4500000000000000666 ) ) ;
#709 =( NAMED_UNIT ( * ) PLANE_ANGLE_UNIT ( ) SI_UNIT ( $, .RADIAN. ) );
#710 = DIRECTION ( 'NONE',  ( -0.0000000000000000000, -0.0000000000000000000, 1.000000000000000000 ) ) ;
#711 = PRESENTATION_STYLE_ASSIGNMENT (( #5312 ) ) ;
#712 = VECTOR ( 'NONE', #7524, 1000.000000000000000 ) ;
#713 = LINE ( 'NONE', #7681, #7389 ) ;
#714 = VECTOR ( 'NONE', #9977, 1000.000000000000000 ) ;
#715 = CARTESIAN_POINT ( 'NONE',  ( 0.2999999999999964917, 9.769999999999999574, -21.65413869472860142 ) ) ;
#716 = VECTOR ( 'NONE', #597, 1000.000000000000000 ) ;
#717 = VECTOR ( 'NONE', #4643, 1000.000000000000000 ) ;
#718 =( NAMED_UNIT ( * ) SI_UNIT ( $, .STERADIAN. ) SOLID_ANGLE_UNIT ( ) );
#719 = DIRECTION ( 'NONE',  ( 0.0000000000000000000, 0.0000000000000000000, -1.000000000000000000 ) ) ;
#720 = DIRECTION ( 'NONE',  ( 1.475379434717819995E-16, -1.000000000000000000, -0.0000000000000000000 ) ) ;
#721 = LINE ( 'NONE', #8923, #5218 ) ;
#722 = DIRECTION ( 'NONE',  ( 0.0000000000000000000, 1.000000000000000000, 0.0000000000000000000 ) ) ;
#723 = ORIENTED_EDGE ( 'NONE', *, *, #5505, .T. ) ;
#724 = AXIS2_PLACEMENT_3D ( 'NONE', #5679, #6592, #373 ) ;
#725 = SURFACE_SIDE_STYLE ('',( #9737 ) ) ;
#726 = AXIS2_PLACEMENT_3D ( 'NONE', #9946, #1797, #949 ) ;
#727 = CIRCLE ( 'NONE', #7438, 0.2999999999999990452 ) ;
#728 = CARTESIAN_POINT ( 'NONE',  ( 8.180000000017551898, 7.370000000000000995, -0.06999999999524240957 ) ) ;
#729 = ADVANCED_FACE ( 'NONE', ( #1593 ), #5168, .T. ) ;
#730 = UNCERTAINTY_MEASURE_WITH_UNIT (LENGTH_MEASURE( 1.000000000000000082E-05 ), #5748, 'distance_accuracy_value', 'NONE');
#731 = LINE ( 'NONE', #6068, #11563 ) ;
#732 = ADVANCED_FACE ( 'NONE', ( #809 ), #11443, .F. ) ;
#734 = EDGE_LOOP ( 'NONE', ( #5727, #8227, #5517, #5343 ) ) ;
#733 = SURFACE_STYLE_USAGE ( .BOTH. , #10543 ) ;
#735 = CARTESIAN_POINT ( 'NONE',  ( 1.500000000000000000, 2.649999999999990141, 1.000000000000000000 ) ) ;
#737 = ORIENTED_EDGE ( 'NONE', *, *, #8197, .F. ) ;
#736 = FILL_AREA_STYLE ('',( #5212 ) ) ;
#738 = FILL_AREA_STYLE_COLOUR ( '', #853 ) ;
#739 = CYLINDRICAL_SURFACE ( 'NONE', #7090, 0.2999999999999999334 ) ;
#740 = VECTOR ( 'NONE', #10061, 1000.000000000000000 ) ;
#741 =( LENGTH_UNIT ( ) NAMED_UNIT ( * ) SI_UNIT ( .MILLI., .METRE. ) );
#742 = CARTESIAN_POINT ( 'NONE',  ( 16.10000000000000142, 12.81000000000000050, 1.000000000000000000 ) ) ;
#743 = EDGE_CURVE ( 'NONE', #9015, #1214, #10781, .T. ) ;
#744 = CARTESIAN_POINT ( 'NONE',  ( 0.4749999999999993117, 10.26999999999999957, 0.9000000000000001332 ) ) ;
#745 = EDGE_LOOP ( 'NONE', ( #2324, #9811, #9096, #179 ) ) ;
#746 = ORIENTED_EDGE ( 'NONE', *, *, #5572, .F. ) ;
#747 = EDGE_CURVE ( 'NONE', #4464, #7905, #9121, .T. ) ;
#748 = ADVANCED_FACE ( 'NONE', ( #25 ), #9530, .T. ) ;
#750 = ORIENTED_EDGE ( 'NONE', *, *, #3026, .F. ) ;
#749 = PLANE ( 'NONE',  #950 ) ;
#752 = ORIENTED_EDGE ( 'NONE', *, *, #10446, .F. ) ;
#751 = CARTESIAN_POINT ( 'NONE',  ( 8.900000000000000355, 0.5000000000000000000, -0.03500000000000000333 ) ) ;
#753 = PRESENTATION_STYLE_ASSIGNMENT (( #7946 ) ) ;
#754 = SURFACE_SIDE_STYLE ('',( #7948 ) ) ;
#755 = ORIENTED_EDGE ( 'NONE', *, *, #2050, .T. ) ;
#756 = ORIENTED_EDGE ( 'NONE', *, *, #1039, .T. ) ;
#757 = UNCERTAINTY_MEASURE_WITH_UNIT (LENGTH_MEASURE( 1.000000000000000082E-05 ), #1779, 'distance_accuracy_value', 'NONE');
#758 = CARTESIAN_POINT ( 'NONE',  ( -1.073205080756888030, -1.073205080756897578, 6.323205080756888030 ) ) ;
#759 = VECTOR ( 'NONE', #4496, 1000.000000000000000 ) ;
#760 =( GEOMETRIC_REPRESENTATION_CONTEXT ( 3 ) GLOBAL_UNCERTAINTY_ASSIGNED_CONTEXT ( ( #2153 ) ) GLOBAL_UNIT_ASSIGNED_CONTEXT ( ( #11283, #9772, #7725 ) ) REPRESENTATION_CONTEXT ( 'NONE', 'WORKASPACE' ) );
#761 = CARTESIAN_POINT ( 'NONE',  ( -3.816391647148980341E-15, 15.35000000000000142, 1.000000000000000000 ) ) ;
#762 = ORIENTED_EDGE ( 'NONE', *, *, #156, .F. ) ;
#763 = LINE ( 'NONE', #5304, #10488 ) ;
#764 = STYLED_ITEM ( 'NONE', ( #1244 ), #9879 ) ;
#765 = CARTESIAN_POINT ( 'NONE',  ( 15.12500000000000000, 0.8749999999999990008, 1.899999999999999911 ) ) ;
#766 = COLOUR_RGB ( '',0.8196078431372548767, 0.7058823529411764053, 0.5254901960784313930 ) ;
#767 = VERTEX_POINT ( 'NONE', #923 ) ;
#768 = VECTOR ( 'NONE', #5568, 1000.000000000000000 ) ;
#769 = VECTOR ( 'NONE', #11103, 1000.000000000000000 ) ;
#770 =( NAMED_UNIT ( * ) SI_UNIT ( $, .STERADIAN. ) SOLID_ANGLE_UNIT ( ) );
#771 =( BOUNDED_SURFACE ( )  B_SPLINE_SURFACE ( 3, 3, ( 
 ( #8996, #8057, #7036, #1867 ),
 ( #3727, #10763, #6281, #9903 ),
 ( #3557, #5327, #9, #8821 ),
 ( #11538, #2615, #8165, #4444 ) ),
 .UNSPECIFIED., .F., .F., .F. ) 
 B_SPLINE_SURFACE_WITH_KNOTS ( ( 4, 4 ),
 ( 4, 4 ),
 ( 0.0000000000000000000, 1.000000000000000000 ),
 ( 0.0000000000000000000, 1.000000000000000000 ),
 .UNSPECIFIED. ) 
 GEOMETRIC_REPRESENTATION_ITEM ( )  RATIONAL_B_SPLINE_SURFACE ( (
 ( 1.000000000000000000, 0.3333333333333322046, 0.3333333333333322046, 1.000000000000000000),
 ( 0.9245018060306378072, 0.3081672686768782143, 0.3081672686768782143, 0.9245018060306378072),
 ( 0.9245018060306378072, 0.3081672686768782143, 0.3081672686768782143, 0.9245018060306378072),
 ( 1.000000000000000000, 0.3333333333333322046, 0.3333333333333322046, 1.000000000000000000) ) ) 
 REPRESENTATION_ITEM ( '' )  SURFACE ( )  );
#772 = AXIS2_PLACEMENT_3D ( 'NONE', #9791, #2715, #3 ) ;
#773 = SURFACE_STYLE_FILL_AREA ( #7633 ) ;
#774 = CARTESIAN_POINT ( 'NONE',  ( 14.50000000000000000, 12.81000000000000050, 1.000000000000000000 ) ) ;
#775 = SURFACE_STYLE_USAGE ( .BOTH. , #7793 ) ;
#776 = FACE_OUTER_BOUND ( 'NONE', #6906, .T. ) ;
#777 = CIRCLE ( 'NONE', #5829, 0.2999999999999999889 ) ;
#778 = CARTESIAN_POINT ( 'NONE',  ( 15.35594010767584905, 15.35594010767585083, 2.130940107675849848 ) ) ;
#779 = SURFACE_STYLE_FILL_AREA ( #1679 ) ;
#780 = PRESENTATION_LAYER_ASSIGNMENT (  '', '', ( #9018 ) ) ;
#781 = DIRECTION ( 'NONE',  ( 0.0000000000000000000, 0.0000000000000000000, 1.000000000000000000 ) ) ;
#782 = DIRECTION ( 'NONE',  ( 1.000000000000000000, 0.0000000000000000000, 0.0000000000000000000 ) ) ;
#783 =( GEOMETRIC_REPRESENTATION_CONTEXT ( 3 ) GLOBAL_UNCERTAINTY_ASSIGNED_CONTEXT ( ( #9497 ) ) GLOBAL_UNIT_ASSIGNED_CONTEXT ( ( #10869, #10165, #5649 ) ) REPRESENTATION_CONTEXT ( 'NONE', 'WORKASPACE' ) );
#784 = CARTESIAN_POINT ( 'NONE',  ( 9.400000000000000355, 0.5000000000000000000, 0.9000000000000001332 ) ) ;
#785 = EDGE_LOOP ( 'NONE', ( #8813, #10678, #1572, #2646, #5696 ) ) ;
#786 = LINE ( 'NONE', #10596, #759 ) ;
#787 =( NAMED_UNIT ( * ) PLANE_ANGLE_UNIT ( ) SI_UNIT ( $, .RADIAN. ) );
#788 = STYLED_ITEM ( 'NONE', ( #8933 ), #1019 ) ;
#789 = FILL_AREA_STYLE ('',( #5262 ) ) ;
#790 = VERTEX_POINT ( 'NONE', #7278 ) ;
#791 = SURFACE_STYLE_FILL_AREA ( #5439 ) ;
#792 = CARTESIAN_POINT ( 'NONE',  ( -2.486899575160350098E-15, 7.230000000000000426, 1.000000000000000888 ) ) ;
#793 = VECTOR ( 'NONE', #5036, 1000.000000000000000 ) ;
#794 = MECHANICAL_DESIGN_GEOMETRIC_PRESENTATION_REPRESENTATION (  '', ( #7697 ), #205 ) ;
#796 = ORIENTED_EDGE ( 'NONE', *, *, #8327, .T. ) ;
#795 = DIRECTION ( 'NONE',  ( -0.0000000000000000000, -0.0000000000000000000, -1.000000000000000000 ) ) ;
#797 = LINE ( 'NONE', #7992, #5692 ) ;
#798 = CARTESIAN_POINT ( 'NONE',  ( 8.000000000000000000, 15.91000000000000014, 0.9000000000000001332 ) ) ;
#799 = DIRECTION ( 'NONE',  ( 1.000000000000000000, 0.0000000000000000000, -0.0000000000000000000 ) ) ;
#800 = DIRECTION ( 'NONE',  ( -1.000000000000000000, 0.0000000000000000000, 0.0000000000000000000 ) ) ;
#801 = CARTESIAN_POINT ( 'NONE',  ( 16.89999999999999858, 17.03416407864998661, 6.418328157299975523 ) ) ;
#802 = EDGE_CURVE ( 'NONE', #2413, #10328, #10732, .T. ) ;
#803 = AXIS2_PLACEMENT_3D ( 'NONE', #4205, #4080, #2318 ) ;
#804 = CARTESIAN_POINT ( 'NONE',  ( -0.1000000000000010048, 4.989999999999991331, 0.4500000000000000666 ) ) ;
#805 = CARTESIAN_POINT ( 'NONE',  ( 8.000000000000000000, 7.730000000000000426, 0.9000000000000001332 ) ) ;
#806 = ORIENTED_EDGE ( 'NONE', *, *, #10936, .F. ) ;
#807 = DIRECTION ( 'NONE',  ( -0.0000000000000000000, 0.0000000000000000000, -1.000000000000000000 ) ) ;
#808 = FACE_OUTER_BOUND ( 'NONE', #6702, .T. ) ;
#810 = ORIENTED_EDGE ( 'NONE', *, *, #2044, .F. ) ;
#809 = FACE_OUTER_BOUND ( 'NONE', #10547, .T. ) ;
#811 = ADVANCED_FACE ( 'NONE', ( #9866 ), #1885, .T. ) ;
#813 = ORIENTED_EDGE ( 'NONE', *, *, #3975, .F. ) ;
#812 = CARTESIAN_POINT ( 'NONE',  ( 16.10000000000000142, 7.730000000000000426, 0.9999999999999995559 ) ) ;
#814 = CIRCLE ( 'NONE', #10872, 0.2999999999999999889 ) ;
#815 = AXIS2_PLACEMENT_3D ( 'NONE', #921, #3688, #1769 ) ;
#816 = FACE_OUTER_BOUND ( 'NONE', #66, .T. ) ;
#817 = ADVANCED_FACE ( 'NONE', ( #2910 ), #1269, .T. ) ;
#818 = CIRCLE ( 'NONE', #2319, 0.7150000000334527650 ) ;
#819 = DIRECTION ( 'NONE',  ( 0.0000000000000000000, -0.0000000000000000000, 1.000000000000000000 ) ) ;
#820 = LINE ( 'NONE', #3342, #8108 ) ;
#821 = EDGE_CURVE ( 'NONE', #9027, #428, #6542, .T. ) ;
#822 = VERTEX_POINT ( 'NONE', #8520 ) ;
#823 = FACE_OUTER_BOUND ( 'NONE', #909, .T. ) ;
#824 = DIRECTION ( 'NONE',  ( -1.000000000000000000, 0.0000000000000000000, 0.0000000000000000000 ) ) ;
#825 = DIRECTION ( 'NONE',  ( -0.0000000000000000000, -0.0000000000000000000, -1.000000000000000000 ) ) ;
#826 = EDGE_CURVE ( 'NONE', #3318, #8847, #3225, .T. ) ;
#827 = EDGE_CURVE ( 'NONE', #1978, #669, #10190, .T. ) ;
#828 = VERTEX_POINT ( 'NONE', #5779 ) ;
#829 = SURFACE_STYLE_FILL_AREA ( #5180 ) ;
#830 = SURFACE_STYLE_USAGE ( .BOTH. , #5245 ) ;
#831 = VECTOR ( 'NONE', #964, 1000.000000000000000 ) ;
#832 = CARTESIAN_POINT ( 'NONE',  ( 0.0000000000000000000, 0.0000000000000000000, 0.0000000000000000000 ) ) ;
#833 = EDGE_CURVE ( 'NONE', #221, #8232, #1335, .T. ) ;
#834 = PRESENTATION_STYLE_ASSIGNMENT (( #5418 ) ) ;
#835 = VERTEX_POINT ( 'NONE', #11005 ) ;
#836 = CARTESIAN_POINT ( 'NONE',  ( -4.965164082351400554E-16, 1.849999999999990097, 1.000000000000000000 ) ) ;
#837 = SURFACE_STYLE_FILL_AREA ( #5315 ) ;
#838 = CARTESIAN_POINT ( 'NONE',  ( 7.837015864707161050, 8.361772849798322582, 6.500000000000000000 ) ) ;
#839 = DIRECTION ( 'NONE',  ( -0.0000000000000000000, 1.000000000000000000, 0.0000000000000000000 ) ) ;
#840 = SURFACE_SIDE_STYLE ('',( #7142 ) ) ;
#841 =( BOUNDED_SURFACE ( )  B_SPLINE_SURFACE ( 3, 3, ( 
 ( #3300, #6793, #2437, #9320 ),
 ( #9378, #4134, #1308, #5005 ),
 ( #7552, #647, #4952, #11102 ),
 ( #5871, #4890, #1424, #5134 ) ),
 .UNSPECIFIED., .F., .F., .F. ) 
 B_SPLINE_SURFACE_WITH_KNOTS ( ( 4, 4 ),
 ( 4, 4 ),
 ( 0.0000000000000000000, 1.000000000000000000 ),
 ( 0.0000000000000000000, 1.000000000000000000 ),
 .UNSPECIFIED. ) 
 GEOMETRIC_REPRESENTATION_ITEM ( )  RATIONAL_B_SPLINE_SURFACE ( (
 ( 1.000000000000000000, 0.8051911641953531928, 0.8051911641953531928, 1.000000000000000000),
 ( 0.8042337142432354202, 0.6475618806566637575, 0.6475618806566637575, 0.8042337142432354202),
 ( 0.8042337142432354202, 0.6475618806566637575, 0.6475618806566637575, 0.8042337142432354202),
 ( 1.000000000000000000, 0.8051911641953531928, 0.8051911641953531928, 1.000000000000000000) ) ) 
 REPRESENTATION_ITEM ( '' )  SURFACE ( )  );
#842 = VERTEX_POINT ( 'NONE', #433 ) ;
#843 = DIRECTION ( 'NONE',  ( -0.0000000000000000000, 0.0000000000000000000, 1.000000000000000000 ) ) ;
#844 =( NAMED_UNIT ( * ) PLANE_ANGLE_UNIT ( ) SI_UNIT ( $, .RADIAN. ) );
#845 = SURFACE_STYLE_FILL_AREA ( #789 ) ;
#846 = VERTEX_POINT ( 'NONE', #2967 ) ;
#847 = CIRCLE ( 'NONE', #10363, 0.3000000000000000444 ) ;
#848 = DIRECTION ( 'NONE',  ( 0.0000000000000000000, 0.0000000000000000000, -1.000000000000000000 ) ) ;
#849 = VERTEX_POINT ( 'NONE', #8308 ) ;
#850 =( GEOMETRIC_REPRESENTATION_CONTEXT ( 3 ) GLOBAL_UNCERTAINTY_ASSIGNED_CONTEXT ( ( #3809 ) ) GLOBAL_UNIT_ASSIGNED_CONTEXT ( ( #1537, #5119, #636 ) ) REPRESENTATION_CONTEXT ( 'NONE', 'WORKASPACE' ) );
#851 = SURFACE_SIDE_STYLE ('',( #11542 ) ) ;
#852 = FILL_AREA_STYLE ('',( #11543 ) ) ;
#853 = COLOUR_RGB ( '',0.8196078431372548767, 0.7058823529411764053, 0.5254901960784313930 ) ;
#854 = DIRECTION ( 'NONE',  ( 1.000000000000000000, 7.401486830834380223E-16, -0.0000000000000000000 ) ) ;
#855 = CARTESIAN_POINT ( 'NONE',  ( 15.57366933760119032, 15.34135501484406028, 1.927795970582302454 ) ) ;
#856 =( LENGTH_UNIT ( ) NAMED_UNIT ( * ) SI_UNIT ( .MILLI., .METRE. ) );
#857 = AXIS2_PLACEMENT_3D ( 'NONE', #6635, #7505, #362 ) ;
#858 = SURFACE_STYLE_FILL_AREA ( #2625 ) ;
#859 = DIRECTION ( 'NONE',  ( 1.000000000000000000, 0.0000000000000000000, -0.0000000000000000000 ) ) ;
#860 = ORIENTED_EDGE ( 'NONE', *, *, #10002, .F. ) ;
#861 = PLANE ( 'NONE',  #815 ) ;
#862 = DIRECTION ( 'NONE',  ( 0.0000000000000000000, 0.0000000000000000000, 1.000000000000000000 ) ) ;
#864 = EDGE_LOOP ( 'NONE', ( #10370, #2125, #6025, #2159 ) ) ;
#863 = CARTESIAN_POINT ( 'NONE',  ( 16.10000000000000142, 2.149999999999990141, -0.1000000000000000056 ) ) ;
#866 = VERTEX_POINT ( 'NONE', #3855 ) ;
#865 = CARTESIAN_POINT ( 'NONE',  ( 16.00000000000000000, 15.15000000000000036, 1.000000000000000000 ) ) ;
#867 = ORIENTED_EDGE ( 'NONE', *, *, #8978, .F. ) ;
#868 =( GEOMETRIC_REPRESENTATION_CONTEXT ( 3 ) GLOBAL_UNCERTAINTY_ASSIGNED_CONTEXT ( ( #4165 ) ) GLOBAL_UNIT_ASSIGNED_CONTEXT ( ( #7020, #9982, #6369 ) ) REPRESENTATION_CONTEXT ( 'NONE', 'WORKASPACE' ) );
#869 = UNCERTAINTY_MEASURE_WITH_UNIT (LENGTH_MEASURE( 1.000000000000000082E-05 ), #4118, 'distance_accuracy_value', 'NONE');
#870 = FILL_AREA_STYLE ('',( #35 ) ) ;
#871 =( NAMED_UNIT ( * ) PLANE_ANGLE_UNIT ( ) SI_UNIT ( $, .RADIAN. ) );
#872 = ADVANCED_FACE ( 'NONE', ( #2103 ), #5677, .T. ) ;
#873 = CARTESIAN_POINT ( 'NONE',  ( 14.50000000000000000, 7.730000000000000426, 1.000000000000000000 ) ) ;
#874 = STYLED_ITEM ( 'NONE', ( #952 ), #8400 ) ;
#875 = PLANE ( 'NONE',  #11208 ) ;
#876 = EDGE_CURVE ( 'NONE', #1991, #4389, #6989, .T. ) ;
#877 = VERTEX_POINT ( 'NONE', #9525 ) ;
#878 = PRESENTATION_STYLE_ASSIGNMENT (( #3590 ) ) ;
#879 = PLANE ( 'NONE',  #5303 ) ;
#880 = FILL_AREA_STYLE ('',( #7908 ) ) ;
#881 = LINE ( 'NONE', #9611, #11440 ) ;
#882 = FACE_OUTER_BOUND ( 'NONE', #8690, .T. ) ;
#883 = VERTEX_POINT ( 'NONE', #1577 ) ;
#884 = EDGE_CURVE ( 'NONE', #5233, #9536, #9578, .T. ) ;
#885 = VECTOR ( 'NONE', #9897, 1000.000000000000000 ) ;
#886 = EDGE_CURVE ( 'NONE', #2174, #10288, #11366, .T. ) ;
#887 = VECTOR ( 'NONE', #1226, 1000.000000000000000 ) ;
#888 = DIRECTION ( 'NONE',  ( -0.0000000000000000000, 0.0000000000000000000, -1.000000000000000000 ) ) ;
#889 = AXIS2_PLACEMENT_3D ( 'NONE', #4587, #11566, #7897 ) ;
#890 = EDGE_CURVE ( 'NONE', #842, #11498, #2514, .T. ) ;
#891 =( LENGTH_UNIT ( ) NAMED_UNIT ( * ) SI_UNIT ( .MILLI., .METRE. ) );
#892 = EDGE_CURVE ( 'NONE', #3915, #4113, #2485, .T. ) ;
#893 = VECTOR ( 'NONE', #8908, 1000.000000000000000 ) ;
#894 = DIRECTION ( 'NONE',  ( -0.0000000000000000000, -0.0000000000000000000, -1.000000000000000000 ) ) ;
#895 = LINE ( 'NONE', #4547, #3779 ) ;
#896 = VECTOR ( 'NONE', #9019, 1000.000000000000000 ) ;
#897 = LINE ( 'NONE', #8872, #129 ) ;
#898 = LINE ( 'NONE', #7924, #9300 ) ;
#899 = VERTEX_POINT ( 'NONE', #5155 ) ;
#900 = PRESENTATION_LAYER_ASSIGNMENT (  '', '', ( #7051 ) ) ;
#901 = CARTESIAN_POINT ( 'NONE',  ( 0.8749999999999990008, 11.76250000000000107, 1.899999999999999911 ) ) ;
#902 =( NAMED_UNIT ( * ) SI_UNIT ( $, .STERADIAN. ) SOLID_ANGLE_UNIT ( ) );
#903 = VECTOR ( 'NONE', #45, 1000.000000000000000 ) ;
#904 = AXIS2_PLACEMENT_3D ( 'NONE', #7860, #781, #1434 ) ;
#905 = VERTEX_POINT ( 'NONE', #6069 ) ;
#906 = MECHANICAL_DESIGN_GEOMETRIC_PRESENTATION_REPRESENTATION (  '', ( #323 ), #516 ) ;
#907 = SURFACE_STYLE_USAGE ( .BOTH. , #8930 ) ;
#908 = SURFACE_STYLE_FILL_AREA ( #11484 ) ;
#909 = EDGE_LOOP ( 'NONE', ( #1578, #11084, #11184, #2352, #3890, #2206, #7345, #6490, #11387 ) ) ;
#910 = CARTESIAN_POINT ( 'NONE',  ( 0.4499999999999971800, 15.55000000000000071, 6.500000000000000888 ) ) ;
#911 = VECTOR ( 'NONE', #10362, 1000.000000000000000 ) ;
#912 = LINE ( 'NONE', #182, #3359 ) ;
#913 = VECTOR ( 'NONE', #5897, 1000.000000000000000 ) ;
#914 = VECTOR ( 'NONE', #9928, 1000.000000000000000 ) ;
#915 = CARTESIAN_POINT ( 'NONE',  ( 9.400000000000000355, 15.09000000000000163, 0.0000000000000000000 ) ) ;
#916 = STYLED_ITEM ( 'NONE', ( #8506 ), #5631 ) ;
#917 = LINE ( 'NONE', #186, #2416 ) ;
#918 = CARTESIAN_POINT ( 'NONE',  ( -1.374941827059217934E-15, 4.189999999999988844, 0.0000000000000000000 ) ) ;
#919 = LINE ( 'NONE', #11552, #8783 ) ;
#920 = ORIENTED_EDGE ( 'NONE', *, *, #5282, .F. ) ;
#921 = CARTESIAN_POINT ( 'NONE',  ( 0.4499999999999970135, 15.55000000000000071, 6.450000000000000178 ) ) ;
#922 = DIRECTION ( 'NONE',  ( 1.000000000000000000, 0.0000000000000000000, 0.0000000000000000000 ) ) ;
#924 = ORIENTED_EDGE ( 'NONE', *, *, #7104, .F. ) ;
#923 = CARTESIAN_POINT ( 'NONE',  ( 9.019999999982449168, 7.370000000000000995, -0.06999999999524240957 ) ) ;
#925 = EDGE_LOOP ( 'NONE', ( #10895, #8153, #10004, #9452 ) ) ;
#926 = PRESENTATION_LAYER_ASSIGNMENT (  '', '', ( #8795 ) ) ;
#927 = VECTOR ( 'NONE', #11178, 1000.000000000000000 ) ;
#928 =( LENGTH_UNIT ( ) NAMED_UNIT ( * ) SI_UNIT ( .MILLI., .METRE. ) );
#929 = EDGE_LOOP ( 'NONE', ( #464, #1388, #3932, #4193, #3667, #2935, #1428, #2474 ) ) ;
#930 = CARTESIAN_POINT ( 'NONE',  ( 9.150000000000000355, 15.50000000000000000, 0.9000000000000001332 ) ) ;
#931 = CARTESIAN_POINT ( 'NONE',  ( -3.712308238590370337E-15, 12.31000000000000227, -21.65413869472860142 ) ) ;
#932 = LINE ( 'NONE', #7230, #7096 ) ;
#933 = ORIENTED_EDGE ( 'NONE', *, *, #11460, .T. ) ;
#934 = FILL_AREA_STYLE ('',( #43 ) ) ;
#935 = CARTESIAN_POINT ( 'NONE',  ( -0.1000000000000030032, 10.16999999999999993, 0.4499999999999990119 ) ) ;
#936 = DIRECTION ( 'NONE',  ( 1.000000000000000000, -0.0000000000000000000, 0.0000000000000000000 ) ) ;
#937 = COLOUR_RGB ( '',0.7450980392156862919, 0.7450980392156862919, 0.7450980392156862919 ) ;
#938 = SURFACE_STYLE_USAGE ( .BOTH. , #10697 ) ;
#939 = ORIENTED_EDGE ( 'NONE', *, *, #1449, .T. ) ;
#940 =( NAMED_UNIT ( * ) SI_UNIT ( $, .STERADIAN. ) SOLID_ANGLE_UNIT ( ) );
#941 = ADVANCED_FACE ( 'NONE', ( #8712 ), #4388, .T. ) ;
#942 = COLOUR_RGB ( '',0.8196078431372548767, 0.7058823529411764053, 0.5254901960784313930 ) ;
#943 =( NAMED_UNIT ( * ) PLANE_ANGLE_UNIT ( ) SI_UNIT ( $, .RADIAN. ) );
#944 = DIRECTION ( 'NONE',  ( 1.000000000000000000, 0.0000000000000000000, -0.0000000000000000000 ) ) ;
#945 = EDGE_CURVE ( 'NONE', #7981, #4286, #6869, .T. ) ;
#946 = DIRECTION ( 'NONE',  ( -1.000000000000000000, -1.206764157201260003E-16, -0.0000000000000000000 ) ) ;
#947 = FACE_OUTER_BOUND ( 'NONE', #7432, .T. ) ;
#948 = EDGE_CURVE ( 'NONE', #2918, #9774, #4922, .T. ) ;
#949 = DIRECTION ( 'NONE',  ( -1.000000000000000000, 0.0000000000000000000, 0.0000000000000000000 ) ) ;
#950 = AXIS2_PLACEMENT_3D ( 'NONE', #4281, #8839, #4339 ) ;
#951 = ADVANCED_FACE ( 'NONE', ( #11257 ), #1634, .F. ) ;
#952 = PRESENTATION_STYLE_ASSIGNMENT (( #8988 ) ) ;
#953 = ORIENTED_EDGE ( 'NONE', *, *, #1848, .T. ) ;
#954 = LINE ( 'NONE', #240, #9194 ) ;
#955 = EDGE_CURVE ( 'NONE', #81, #8321, #2561, .T. ) ;
#956 = CARTESIAN_POINT ( 'NONE',  ( 9.809237095092809611, 0.4749999999999989786, 0.9350000000000000533 ) ) ;
#957 = ORIENTED_EDGE ( 'NONE', *, *, #2472, .F. ) ;
#958 = PRESENTATION_LAYER_ASSIGNMENT (  '', '', ( #201 ) ) ;
#959 = MECHANICAL_DESIGN_GEOMETRIC_PRESENTATION_REPRESENTATION (  '', ( #10284 ), #9203 ) ;
#960 =( NAMED_UNIT ( * ) PLANE_ANGLE_UNIT ( ) SI_UNIT ( $, .RADIAN. ) );
#961 = COLOUR_RGB ( '',0.8196078431372548767, 0.7058823529411764053, 0.5254901960784313930 ) ;
#963 = EDGE_LOOP ( 'NONE', ( #1001, #4146, #8134, #9162 ) ) ;
#962 =( NAMED_UNIT ( * ) PLANE_ANGLE_UNIT ( ) SI_UNIT ( $, .RADIAN. ) );
#964 = DIRECTION ( 'NONE',  ( -1.000000000000000000, -0.0000000000000000000, -0.0000000000000000000 ) ) ;
#965 = DIRECTION ( 'NONE',  ( -0.0000000000000000000, -0.0000000000000000000, 1.000000000000000000 ) ) ;
#966 =( GEOMETRIC_REPRESENTATION_CONTEXT ( 3 ) GLOBAL_UNCERTAINTY_ASSIGNED_CONTEXT ( ( #11575 ) ) GLOBAL_UNIT_ASSIGNED_CONTEXT ( ( #279, #9944, #7427 ) ) REPRESENTATION_CONTEXT ( 'NONE', 'WORKASPACE' ) );
#967 = AXIS2_PLACEMENT_3D ( 'NONE', #7153, #2618, #10716 ) ;
#968 = CARTESIAN_POINT ( 'NONE',  ( 15.79273652659442106, 14.75763490992784988, 1.996379558193277060 ) ) ;
#969 = CARTESIAN_POINT ( 'NONE',  ( 9.650000000000000355, 0.5000000000000000000, 0.9000000000000001332 ) ) ;
#970 = SURFACE_SIDE_STYLE ('',( #2900 ) ) ;
#971 = VERTEX_POINT ( 'NONE', #2390 ) ;
#972 = DIRECTION ( 'NONE',  ( -0.0000000000000000000, -0.0000000000000000000, -1.000000000000000000 ) ) ;
#973 = EDGE_CURVE ( 'NONE', #790, #3440, #5894, .T. ) ;
#974 = LINE ( 'NONE', #4454, #8382 ) ;
#975 = LINE ( 'NONE', #1709, #5246 ) ;
#976 = ORIENTED_EDGE ( 'NONE', *, *, #3246, .F. ) ;
#977 = COLOUR_RGB ( '',0.8196078431372548767, 0.7058823529411764053, 0.5254901960784313930 ) ;
#978 = DIRECTION ( 'NONE',  ( -1.000000000000000000, -0.0000000000000000000, 0.0000000000000000000 ) ) ;
#979 = CARTESIAN_POINT ( 'NONE',  ( 15.52500000000000036, 0.8749999999999990008, 0.9000000000000001332 ) ) ;
#980 = COLOUR_RGB ( '',0.8196078431372548767, 0.7058823529411764053, 0.5254901960784313930 ) ;
#981 = ORIENTED_EDGE ( 'NONE', *, *, #7301, .F. ) ;
#983 = VERTEX_POINT ( 'NONE', #8587 ) ;
#982 = CARTESIAN_POINT ( 'NONE',  ( -2.486899575160350098E-15, 7.230000000000000426, -0.1000000000000028644 ) ) ;
#984 = CARTESIAN_POINT ( 'NONE',  ( 8.000000000000000000, 0.4749999999999988676, 0.9000000000000001332 ) ) ;
#985 = COLOUR_RGB ( '',0.4313725490196078649, 0.3490196078431372362, 0.2901960784313725172 ) ;
#986 = CIRCLE ( 'NONE', #7137, 0.4100000000000006417 ) ;
#987 = UNCERTAINTY_MEASURE_WITH_UNIT (LENGTH_MEASURE( 1.000000000000000082E-05 ), #4535, 'distance_accuracy_value', 'NONE');
#988 = DIRECTION ( 'NONE',  ( -0.0000000000000000000, -0.0000000000000000000, -1.000000000000000000 ) ) ;
#989 = DIRECTION ( 'NONE',  ( 0.0000000000000000000, 0.0000000000000000000, 1.000000000000000000 ) ) ;
#990 = CARTESIAN_POINT ( 'NONE',  ( 0.6440598923241530604, 0.6440598923241485085, 2.130940107675850292 ) ) ;
#991 =( LENGTH_UNIT ( ) NAMED_UNIT ( * ) SI_UNIT ( .MILLI., .METRE. ) );
#992 = MECHANICAL_DESIGN_GEOMETRIC_PRESENTATION_REPRESENTATION (  '', ( #5513 ), #10692 ) ;
#993 = VECTOR ( 'NONE', #9287, 1000.000000000000000 ) ;
#994 = ORIENTED_EDGE ( 'NONE', *, *, #3904, .F. ) ;
#995 = FACE_OUTER_BOUND ( 'NONE', #2865, .T. ) ;
#996 = FILL_AREA_STYLE ('',( #4594 ) ) ;
#997 =( NAMED_UNIT ( * ) SI_UNIT ( $, .STERADIAN. ) SOLID_ANGLE_UNIT ( ) );
#998 = ORIENTED_EDGE ( 'NONE', *, *, #9479, .T. ) ;
#999 = CARTESIAN_POINT ( 'NONE',  ( -3.081487911019577365E-30, 0.0000000000000000000, 0.0000000000000000000 ) ) ;
#1000 = CARTESIAN_POINT ( 'NONE',  ( 0.4749999999999969802, 15.52500000000000036, 1.000000000000000000 ) ) ;
#1001 = ORIENTED_EDGE ( 'NONE', *, *, #210, .F. ) ;
#1002 = CIRCLE ( 'NONE', #9600, 0.4100000000000006417 ) ;
#1003 = AXIS2_PLACEMENT_3D ( 'NONE', #735, #11433, #3438 ) ;
#1004 = LINE ( 'NONE', #4601, #4896 ) ;
#1005 = LINE ( 'NONE', #4542, #2289 ) ;
#1006 = PRESENTATION_STYLE_ASSIGNMENT (( #1794 ) ) ;
#1007 =( NAMED_UNIT ( * ) PLANE_ANGLE_UNIT ( ) SI_UNIT ( $, .RADIAN. ) );
#1008 = CARTESIAN_POINT ( 'NONE',  ( 16.89999999999999858, -1.200000000000007727, 2.299999999999999822 ) ) ;
#1009 = MECHANICAL_DESIGN_GEOMETRIC_PRESENTATION_REPRESENTATION (  '', ( #2143 ), #4959 ) ;
#1010 = LINE ( 'NONE', #3544, #9868 ) ;
#1011 = VECTOR ( 'NONE', #10937, 1000.000000000000000 ) ;
#1012 = CARTESIAN_POINT ( 'NONE',  ( 1.500000000000000000, 2.649999999999990141, 1.000000000000000000 ) ) ;
#1013 = ORIENTED_EDGE ( 'NONE', *, *, #9893, .T. ) ;
#1014 = PLANE ( 'NONE',  #569 ) ;
#1015 = SURFACE_SIDE_STYLE ('',( #9051 ) ) ;
#1016 = PLANE ( 'NONE',  #9778 ) ;
#1017 = ORIENTED_EDGE ( 'NONE', *, *, #2881, .T. ) ;
#1018 = CYLINDRICAL_SURFACE ( 'NONE', #2623, 0.2999999999999999889 ) ;
#1019 = ADVANCED_FACE ( 'NONE', ( #5093 ), #7201, .T. ) ;
#1021 = VERTEX_POINT ( 'NONE', #9905 ) ;
#1020 = FILL_AREA_STYLE ('',( #3559 ) ) ;
#1022 = CARTESIAN_POINT ( 'NONE',  ( 16.00000000000000000, 0.0000000000000000000, 0.0000000000000000000 ) ) ;
#1023 = ADVANCED_FACE ( 'NONE', ( #8881 ), #5108, .T. ) ;
#1024 =( LENGTH_UNIT ( ) NAMED_UNIT ( * ) SI_UNIT ( .MILLI., .METRE. ) );
#1025 = SURFACE_STYLE_USAGE ( .BOTH. , #9063 ) ;
#1026 = PRESENTATION_STYLE_ASSIGNMENT (( #1934 ) ) ;
#1027 = ORIENTED_EDGE ( 'NONE', *, *, #6056, .T. ) ;
#1028 = CARTESIAN_POINT ( 'NONE',  ( 8.900000000000000355, 0.5000000000000000000, 0.9350000000000000533 ) ) ;
#1029 = CARTESIAN_POINT ( 'NONE',  ( 16.89999999999999858, 16.89999999999999858, 6.150000000000000355 ) ) ;
#1030 = EDGE_CURVE ( 'NONE', #663, #10383, #5377, .T. ) ;
#1031 = EDGE_CURVE ( 'NONE', #312, #5890, #9058, .T. ) ;
#1032 = LINE ( 'NONE', #6133, #6517 ) ;
#1033 = VERTEX_POINT ( 'NONE', #6180 ) ;
#1034 = DIRECTION ( 'NONE',  ( -0.0000000000000000000, -0.0000000000000000000, -1.000000000000000000 ) ) ;
#1035 = DIRECTION ( 'NONE',  ( 0.0000000000000000000, 1.000000000000000000, 0.0000000000000000000 ) ) ;
#1036 = VERTEX_POINT ( 'NONE', #4446 ) ;
#1038 = ORIENTED_EDGE ( 'NONE', *, *, #11313, .F. ) ;
#1037 = CARTESIAN_POINT ( 'NONE',  ( 16.00000000000000000, 16.00000000000000000, 0.9000000000000001332 ) ) ;
#1039 = EDGE_CURVE ( 'NONE', #7195, #7061, #9103, .T. ) ;
#1040 = CARTESIAN_POINT ( 'NONE',  ( 15.52499999999999858, 12.81000000000000050, 1.000000000000000000 ) ) ;
#1041 = DIRECTION ( 'NONE',  ( -0.0000000000000000000, 0.0000000000000000000, 1.000000000000000000 ) ) ;
#1042 = CARTESIAN_POINT ( 'NONE',  ( 9.400000000000000355, 15.91000000000000014, 0.9350000000000000533 ) ) ;
#1043 = CARTESIAN_POINT ( 'NONE',  ( 16.00000000000000000, 2.149999999999999911, 1.000000000000000888 ) ) ;
#1044 = DIRECTION ( 'NONE',  ( 1.000000000000000000, 0.0000000000000000000, -0.0000000000000000000 ) ) ;
#1045 = VECTOR ( 'NONE', #6796, 1000.000000000000000 ) ;
#1046 = FILL_AREA_STYLE ('',( #9082 ) ) ;
#1047 = ORIENTED_EDGE ( 'NONE', *, *, #7166, .T. ) ;
#1048 = SURFACE_SIDE_STYLE ('',( #5529 ) ) ;
#1049 = FILL_AREA_STYLE ('',( #6262 ) ) ;
#1050 = UNCERTAINTY_MEASURE_WITH_UNIT (LENGTH_MEASURE( 1.000000000000000082E-05 ), #928, 'distance_accuracy_value', 'NONE');
#1051 = MECHANICAL_DESIGN_GEOMETRIC_PRESENTATION_REPRESENTATION (  '', ( #2185 ), #5570 ) ;
#1052 = FILL_AREA_STYLE_COLOUR ( '', #11340 ) ;
#1053 = EDGE_LOOP ( 'NONE', ( #10552, #5084, #2139, #10503 ) ) ;
#1054 = DIRECTION ( 'NONE',  ( -0.0000000000000000000, 0.0000000000000000000, 1.000000000000000000 ) ) ;
#1055 = ORIENTED_EDGE ( 'NONE', *, *, #6256, .F. ) ;
#1056 =( GEOMETRIC_REPRESENTATION_CONTEXT ( 3 ) GLOBAL_UNCERTAINTY_ASSIGNED_CONTEXT ( ( #5800 ) ) GLOBAL_UNIT_ASSIGNED_CONTEXT ( ( #6717, #3865, #7587 ) ) REPRESENTATION_CONTEXT ( 'NONE', 'WORKASPACE' ) );
#1057 = CARTESIAN_POINT ( 'NONE',  ( 1.500000000000000000, 6.730000000000000426, -0.1000000000000002415 ) ) ;
#1058 = CYLINDRICAL_SURFACE ( 'NONE', #8445, 0.4100000000000006417 ) ;
#1059 = DIRECTION ( 'NONE',  ( 0.0000000000000000000, 0.0000000000000000000, 1.000000000000000000 ) ) ;
#1060 = CARTESIAN_POINT ( 'NONE',  ( -0.9000000000000040190, 15.87573593128803751, 6.150000000000000355 ) ) ;
#1061 = PRESENTATION_LAYER_ASSIGNMENT (  '', '', ( #1832 ) ) ;
#1062 = DIRECTION ( 'NONE',  ( 0.0000000000000000000, 0.0000000000000000000, -1.000000000000000000 ) ) ;
#1063 = SURFACE_STYLE_USAGE ( .BOTH. , #7193 ) ;
#1064 = VECTOR ( 'NONE', #3010, 1000.000000000000000 ) ;
#1065 = VECTOR ( 'NONE', #8487, 1000.000000000000000 ) ;
#1066 = DIRECTION ( 'NONE',  ( 0.0000000000000000000, 0.0000000000000000000, 1.000000000000000000 ) ) ;
#1067 = ORIENTED_EDGE ( 'NONE', *, *, #6334, .F. ) ;
#1068 = CARTESIAN_POINT ( 'NONE',  ( 9.400000000000002132, 15.75000000000000000, 0.9350000000000000533 ) ) ;
#1069 =( LENGTH_UNIT ( ) NAMED_UNIT ( * ) SI_UNIT ( .MILLI., .METRE. ) );
#1070 = VECTOR ( 'NONE', #2961, 1000.000000000000000 ) ;
#1071 = AXIS2_PLACEMENT_3D ( 'NONE', #5003, #3298, #9500 ) ;
#1072 = ORIENTED_EDGE ( 'NONE', *, *, #3095, .F. ) ;
#1073 = CIRCLE ( 'NONE', #694, 0.3000000000000016542 ) ;
#1074 = CARTESIAN_POINT ( 'NONE',  ( 16.10000000000000142, 5.089999999999999858, 1.000000000000000000 ) ) ;
#1075 = DIRECTION ( 'NONE',  ( 0.0000000000000000000, -0.0000000000000000000, -1.000000000000000000 ) ) ;
#1076 = STYLED_ITEM ( 'NONE', ( #5899 ), #3882 ) ;
#1077 = ORIENTED_EDGE ( 'NONE', *, *, #4469, .F. ) ;
#1078 = DIRECTION ( 'NONE',  ( 0.0000000000000000000, -1.000000000000000000, -0.0000000000000000000 ) ) ;
#1079 = VECTOR ( 'NONE', #8208, 1000.000000000000000 ) ;
#1080 = VECTOR ( 'NONE', #6202, 1000.000000000000000 ) ;
#1081 = DIRECTION ( 'NONE',  ( -1.000000000000000000, -0.0000000000000000000, 0.0000000000000000000 ) ) ;
#1082 = LINE ( 'NONE', #9447, #1473 ) ;
#1083 = EDGE_LOOP ( 'NONE', ( #2757, #120, #1017, #6604 ) ) ;
#1084 = VECTOR ( 'NONE', #3469, 1000.000000000000000 ) ;
#1085 = DIRECTION ( 'NONE',  ( 1.000000000000000000, 0.0000000000000000000, 0.0000000000000000000 ) ) ;
#1086 = EDGE_CURVE ( 'NONE', #7437, #6828, #2839, .T. ) ;
#1087 = VECTOR ( 'NONE', #4250, 1000.000000000000000 ) ;
#1088 = DIRECTION ( 'NONE',  ( -0.0000000000000000000, -0.0000000000000000000, -1.000000000000000000 ) ) ;
#1089 = CIRCLE ( 'NONE', #4100, 0.2999999999999999334 ) ;
#1090 = FILL_AREA_STYLE ('',( #190 ) ) ;
#1091 = CARTESIAN_POINT ( 'NONE',  ( -1.112132034355975962, 16.08786796564404398, 2.299999999999999822 ) ) ;
#1092 = ORIENTED_EDGE ( 'NONE', *, *, #5816, .T. ) ;
#1093 = ADVANCED_FACE ( 'NONE', ( #8998 ), #3495, .T. ) ;
#1094 = CARTESIAN_POINT ( 'NONE',  ( 14.50000000000000000, 9.269999999999999574, 0.0000000000000000000 ) ) ;
#1095 = MECHANICAL_DESIGN_GEOMETRIC_PRESENTATION_REPRESENTATION (  '', ( #8577 ), #5603 ) ;
#1097 = VERTEX_POINT ( 'NONE', #4836 ) ;
#1096 = FILL_AREA_STYLE ('',( #9975 ) ) ;
#1098 = ORIENTED_EDGE ( 'NONE', *, *, #8844, .F. ) ;
#1099 = VECTOR ( 'NONE', #7174, 1000.000000000000000 ) ;
#1100 = EDGE_CURVE ( 'NONE', #91, #5041, #2891, .T. ) ;
#1101 = EDGE_CURVE ( 'NONE', #175, #8790, #3235, .T. ) ;
#1102 = CARTESIAN_POINT ( 'NONE',  ( 1.500000000000000000, 10.26999999999999957, -0.1000000000000000472 ) ) ;
#1103 = EDGE_CURVE ( 'NONE', #8204, #5165, #10112, .T. ) ;
#1104 = FILL_AREA_STYLE ('',( #5250 ) ) ;
#1105 = CIRCLE ( 'NONE', #9149, 0.4199999999824483021 ) ;
#1106 = UNCERTAINTY_MEASURE_WITH_UNIT (LENGTH_MEASURE( 1.000000000000000082E-05 ), #5166, 'distance_accuracy_value', 'NONE');
#1107 = AXIS2_PLACEMENT_3D ( 'NONE', #3992, #1167, #5687 ) ;
#1108 = DIRECTION ( 'NONE',  ( 1.000000000000000000, 0.0000000000000000000, 0.0000000000000000000 ) ) ;
#1109 = EDGE_CURVE ( 'NONE', #11477, #4600, #4898, .T. ) ;
#1110 = ADVANCED_FACE ( 'NONE', ( #3783 ), #245, .T. ) ;
#1111 = SURFACE_STYLE_USAGE ( .BOTH. , #7122 ) ;
#1112 = CARTESIAN_POINT ( 'NONE',  ( 15.25000000000000000, 7.230000000000000426, 1.000000000000000000 ) ) ;
#1114 = ORIENTED_EDGE ( 'NONE', *, *, #9540, .T. ) ;
#1113 = FILL_AREA_STYLE_COLOUR ( '', #3203 ) ;
#1115 = ORIENTED_EDGE ( 'NONE', *, *, #4636, .F. ) ;
#1116 = DIRECTION ( 'NONE',  ( -0.0000000000000000000, 0.0000000000000000000, 1.000000000000000000 ) ) ;
#1117 = VECTOR ( 'NONE', #6715, 1000.000000000000000 ) ;
#1118 = CARTESIAN_POINT ( 'NONE',  ( 15.25000000000000000, 6.929999999999999716, -0.1000000000000000056 ) ) ;
#1119 = EDGE_LOOP ( 'NONE', ( #2854, #7270, #4004, #755, #564 ) ) ;
#1120 = DIRECTION ( 'NONE',  ( 0.0000000000000000000, 0.0000000000000000000, 1.000000000000000000 ) ) ;
#1121 = ORIENTED_EDGE ( 'NONE', *, *, #7805, .T. ) ;
#1122 = PRESENTATION_LAYER_ASSIGNMENT (  '', '', ( #8228 ) ) ;
#1123 =( LENGTH_UNIT ( ) NAMED_UNIT ( * ) SI_UNIT ( .MILLI., .METRE. ) );
#1124 = SURFACE_STYLE_FILL_AREA ( #2875 ) ;
#1125 =( NAMED_UNIT ( * ) SI_UNIT ( $, .STERADIAN. ) SOLID_ANGLE_UNIT ( ) );
#1126 = DIRECTION ( 'NONE',  ( 1.000000000000000000, 0.0000000000000000000, 0.0000000000000000000 ) ) ;
#1127 =( GEOMETRIC_REPRESENTATION_CONTEXT ( 3 ) GLOBAL_UNCERTAINTY_ASSIGNED_CONTEXT ( ( #5867 ) ) GLOBAL_UNIT_ASSIGNED_CONTEXT ( ( #9510, #539, #11235 ) ) REPRESENTATION_CONTEXT ( 'NONE', 'WORKASPACE' ) );
#1128 = DIRECTION ( 'NONE',  ( -1.475379434717819995E-16, 1.000000000000000000, 0.0000000000000000000 ) ) ;
#1129 = CARTESIAN_POINT ( 'NONE',  ( 17.07320508075687826, 17.07320508075688537, 6.323205080756886254 ) ) ;
#1130 = CARTESIAN_POINT ( 'NONE',  ( 1.500000000000000000, 10.26999999999999957, 0.0000000000000000000 ) ) ;
#1131 = CIRCLE ( 'NONE', #4887, 0.3000000000000001554 ) ;
#1132 = CARTESIAN_POINT ( 'NONE',  ( -0.9991877486788872664, -0.8252835055793660279, 6.423091991778420606 ) ) ;
#1133 = ORIENTED_EDGE ( 'NONE', *, *, #2673, .T. ) ;
#1134 = DIRECTION ( 'NONE',  ( -1.000000000000000000, 0.0000000000000000000, 1.843143693225360693E-14 ) ) ;
#1135 = DIRECTION ( 'NONE',  ( -0.0000000000000000000, -0.0000000000000000000, -1.000000000000000000 ) ) ;
#1136 = ORIENTED_EDGE ( 'NONE', *, *, #5205, .F. ) ;
#1137 = PRESENTATION_LAYER_ASSIGNMENT (  '', '', ( #9366 ) ) ;
#1138 = DIRECTION ( 'NONE',  ( 1.000000000000000000, -0.0000000000000000000, 0.0000000000000000000 ) ) ;
#1139 = CARTESIAN_POINT ( 'NONE',  ( 9.400000000000000355, 0.08999999999999999667, 0.0000000000000000000 ) ) ;
#1141 = ORIENTED_EDGE ( 'NONE', *, *, #1977, .T. ) ;
#1140 =( LENGTH_UNIT ( ) NAMED_UNIT ( * ) SI_UNIT ( .MILLI., .METRE. ) );
#1142 = DIRECTION ( 'NONE',  ( 1.000000000000000000, 0.0000000000000000000, 0.0000000000000000000 ) ) ;
#1143 = LINE ( 'NONE', #3844, #6765 ) ;
#1144 = VECTOR ( 'NONE', #7613, 1000.000000000000000 ) ;
#1145 = LINE ( 'NONE', #356, #11353 ) ;
#1146 = SURFACE_STYLE_FILL_AREA ( #7205 ) ;
#1147 = PLANE ( 'NONE',  #4020 ) ;
#1148 = COLOUR_RGB ( '',0.8196078431372548767, 0.7058823529411764053, 0.5254901960784313930 ) ;
#1149 = ORIENTED_EDGE ( 'NONE', *, *, #4493, .T. ) ;
#1150 = DIRECTION ( 'NONE',  ( 0.0000000000000000000, -1.000000000000000000, -0.0000000000000000000 ) ) ;
#1151 = STYLED_ITEM ( 'NONE', ( #2697 ), #519 ) ;
#1152 = AXIS2_PLACEMENT_3D ( 'NONE', #4666, #1135, #2937 ) ;
#1153 = CARTESIAN_POINT ( 'NONE',  ( 16.89999999999999858, 16.89999999999999858, 6.150000000000000355 ) ) ;
#1154 = EDGE_LOOP ( 'NONE', ( #60, #7124, #8914, #8738 ) ) ;
#1155 =( NAMED_UNIT ( * ) SI_UNIT ( $, .STERADIAN. ) SOLID_ANGLE_UNIT ( ) );
#1156 = DIRECTION ( 'NONE',  ( 0.0000000000000000000, 0.0000000000000000000, -1.000000000000000000 ) ) ;
#1158 = VERTEX_POINT ( 'NONE', #3841 ) ;
#1157 =( NAMED_UNIT ( * ) PLANE_ANGLE_UNIT ( ) SI_UNIT ( $, .RADIAN. ) );
#1160 = VERTEX_POINT ( 'NONE', #5714 ) ;
#1159 = DIRECTION ( 'NONE',  ( -0.8944271909999156334, -0.4472135954999584273, 0.0000000000000000000 ) ) ;
#1161 = AXIS2_PLACEMENT_3D ( 'NONE', #5006, #3182, #6674 ) ;
#1162 = ADVANCED_FACE ( 'NONE', ( #10123 ), #7558, .T. ) ;
#1163 = CARTESIAN_POINT ( 'NONE',  ( 1.500000000000000000, 10.26999999999999957, 1.000000000000000000 ) ) ;
#1164 =( GEOMETRIC_REPRESENTATION_CONTEXT ( 3 ) GLOBAL_UNCERTAINTY_ASSIGNED_CONTEXT ( ( #9609 ) ) GLOBAL_UNIT_ASSIGNED_CONTEXT ( ( #4789, #7498, #6629 ) ) REPRESENTATION_CONTEXT ( 'NONE', 'WORKASPACE' ) );
#1165 = DIRECTION ( 'NONE',  ( 0.0000000000000000000, 0.0000000000000000000, 1.000000000000000000 ) ) ;
#1166 = CARTESIAN_POINT ( 'NONE',  ( 8.000000000000000000, 8.000000000000000000, 0.9000000000000001332 ) ) ;
#1167 = DIRECTION ( 'NONE',  ( -0.0000000000000000000, -0.0000000000000000000, 1.000000000000000000 ) ) ;
#1168 = EDGE_CURVE ( 'NONE', #9050, #11287, #8453, .T. ) ;
#1170 = VERTEX_POINT ( 'NONE', #11236 ) ;
#1169 = FILL_AREA_STYLE_COLOUR ( '', #766 ) ;
#1171 = ADVANCED_FACE ( 'NONE', ( #2316 ), #11293, .T. ) ;
#1172 = COLOUR_RGB ( '',0.8196078431372548767, 0.7058823529411764053, 0.5254901960784313930 ) ;
#1173 = EDGE_LOOP ( 'NONE', ( #3101, #5330, #4279, #11496 ) ) ;
#1174 = STYLED_ITEM ( 'NONE', ( #5881 ), #10670 ) ;
#1175 = LINE ( 'NONE', #2119, #9830 ) ;
#1176 = EDGE_CURVE ( 'NONE', #905, #548, #6974, .T. ) ;
#1177 = DIRECTION ( 'NONE',  ( -0.0000000000000000000, 0.0000000000000000000, 1.000000000000000000 ) ) ;
#1178 = UNCERTAINTY_MEASURE_WITH_UNIT (LENGTH_MEASURE( 1.000000000000000082E-05 ), #10615, 'distance_accuracy_value', 'NONE');
#1179 = VERTEX_POINT ( 'NONE', #6798 ) ;
#1180 = CARTESIAN_POINT ( 'NONE',  ( 3.399999999999999911, -0.9000000000000086819, 6.450000000000000178 ) ) ;
#1181 = SURFACE_SIDE_STYLE ('',( #8490 ) ) ;
#1182 = ORIENTED_EDGE ( 'NONE', *, *, #3831, .T. ) ;
#1183 = VECTOR ( 'NONE', #2207, 1000.000000000000000 ) ;
#1184 = ADVANCED_FACE ( 'NONE', ( #10531 ), #10355, .T. ) ;
#1185 = AXIS2_PLACEMENT_3D ( 'NONE', #8366, #8315, #7580 ) ;
#1186 = EDGE_CURVE ( 'NONE', #3018, #2809, #10416, .T. ) ;
#1187 = CARTESIAN_POINT ( 'NONE',  ( 16.10000000000000142, 14.84999999999999964, -0.1000000000000000056 ) ) ;
#1188 = DIRECTION ( 'NONE',  ( 1.000000000000000000, 0.0000000000000000000, 0.0000000000000000000 ) ) ;
#1189 = DIRECTION ( 'NONE',  ( -1.000000000000000000, -0.0000000000000000000, 0.0000000000000000000 ) ) ;
#1190 = PRESENTATION_STYLE_ASSIGNMENT (( #5542 ) ) ;
#1191 = EDGE_CURVE ( 'NONE', #5433, #2845, #5954, .T. ) ;
#1192 = SURFACE_STYLE_USAGE ( .BOTH. , #10815 ) ;
#1193 = PRESENTATION_LAYER_ASSIGNMENT (  '', '', ( #6973 ) ) ;
#1194 = VECTOR ( 'NONE', #7050, 1000.000000000000000 ) ;
#1195 = LINE ( 'NONE', #3883, #3515 ) ;
#1196 = ORIENTED_EDGE ( 'NONE', *, *, #4841, .F. ) ;
#1197 = SURFACE_STYLE_USAGE ( .BOTH. , #4665 ) ;
#1198 = ORIENTED_EDGE ( 'NONE', *, *, #6754, .T. ) ;
#1199 = COLOUR_RGB ( '',0.8196078431372548767, 0.7058823529411764053, 0.5254901960784313930 ) ;
#1200 = ORIENTED_EDGE ( 'NONE', *, *, #2487, .T. ) ;
#1201 = CARTESIAN_POINT ( 'NONE',  ( 17.19999999999999929, -0.9000000000000069056, 2.299999999999999822 ) ) ;
#1202 = CARTESIAN_POINT ( 'NONE',  ( 15.12500000000000000, 0.8749999999999990008, 1.899999999999999911 ) ) ;
#1203 = CARTESIAN_POINT ( 'NONE',  ( 15.30388543819998226, 15.48277087639996630, 1.900000000000000133 ) ) ;
#1204 = DIRECTION ( 'NONE',  ( -4.426138304153449877E-16, 1.000000000000000000, -0.0000000000000000000 ) ) ;
#1205 = CARTESIAN_POINT ( 'NONE',  ( 12.52500000000000213, 2.794499999999989548, 0.0000000000000000000 ) ) ;
#1206 = VERTEX_POINT ( 'NONE', #9512 ) ;
#1207 = FILL_AREA_STYLE ('',( #5670 ) ) ;
#1208 = LINE ( 'NONE', #130, #1618 ) ;
#1209 = VERTEX_POINT ( 'NONE', #5077 ) ;
#1210 = CARTESIAN_POINT ( 'NONE',  ( 0.1242640687119270088, 16.89999999999999858, 6.150000000000000355 ) ) ;
#1211 =( LENGTH_UNIT ( ) NAMED_UNIT ( * ) SI_UNIT ( .MILLI., .METRE. ) );
#1212 = ORIENTED_EDGE ( 'NONE', *, *, #2179, .T. ) ;
#1214 = VERTEX_POINT ( 'NONE', #5999 ) ;
#1213 = FACE_OUTER_BOUND ( 'NONE', #7782, .T. ) ;
#1215 = PRESENTATION_STYLE_ASSIGNMENT (( #5574 ) ) ;
#1216 = UNCERTAINTY_MEASURE_WITH_UNIT (LENGTH_MEASURE( 1.000000000000000082E-05 ), #10809, 'distance_accuracy_value', 'NONE');
#1217 = DIRECTION ( 'NONE',  ( 0.0000000000000000000, 0.0000000000000000000, 1.000000000000000000 ) ) ;
#1218 =( NAMED_UNIT ( * ) PLANE_ANGLE_UNIT ( ) SI_UNIT ( $, .RADIAN. ) );
#1219 = LINE ( 'NONE', #11078, #2794 ) ;
#1221 = ORIENTED_EDGE ( 'NONE', *, *, #1391, .T. ) ;
#1220 = LINE ( 'NONE', #3154, #5817 ) ;
#1223 = ORIENTED_EDGE ( 'NONE', *, *, #4052, .T. ) ;
#1222 = SURFACE_STYLE_FILL_AREA ( #5736 ) ;
#1224 = CARTESIAN_POINT ( 'NONE',  ( 14.90955584538974144, 15.70363981077793625, 2.122875523201926740 ) ) ;
#1225 = MECHANICAL_DESIGN_GEOMETRIC_PRESENTATION_REPRESENTATION (  '', ( #4797 ), #850 ) ;
#1226 = DIRECTION ( 'NONE',  ( -1.000000000000000000, -0.0000000000000000000, -0.0000000000000000000 ) ) ;
#1227 = ORIENTED_EDGE ( 'NONE', *, *, #9882, .F. ) ;
#1228 = LINE ( 'NONE', #5697, #7914 ) ;
#1229 = VERTEX_POINT ( 'NONE', #8640 ) ;
#1230 = EDGE_CURVE ( 'NONE', #3097, #8423, #594, .T. ) ;
#1231 = SURFACE_STYLE_FILL_AREA ( #2068 ) ;
#1232 = CARTESIAN_POINT ( 'NONE',  ( 0.6440598923241535045, 0.6440598923241483975, 2.130940107675850292 ) ) ;
#1233 = EDGE_CURVE ( 'NONE', #6773, #3325, #2443, .T. ) ;
#1234 = LINE ( 'NONE', #8621, #5276 ) ;
#1235 = DIRECTION ( 'NONE',  ( -0.0000000000000000000, 0.0000000000000000000, 1.000000000000000000 ) ) ;
#1236 = CARTESIAN_POINT ( 'NONE',  ( -0.8999999999999998002, -0.9000000000000084599, 6.150000000000000355 ) ) ;
#1237 = DIRECTION ( 'NONE',  ( 0.0000000000000000000, 0.0000000000000000000, 1.000000000000000000 ) ) ;
#1238 =( GEOMETRIC_REPRESENTATION_CONTEXT ( 3 ) GLOBAL_UNCERTAINTY_ASSIGNED_CONTEXT ( ( #3699 ) ) GLOBAL_UNIT_ASSIGNED_CONTEXT ( ( #7617, #10411, #1560 ) ) REPRESENTATION_CONTEXT ( 'NONE', 'WORKASPACE' ) );
#1239 =( NAMED_UNIT ( * ) PLANE_ANGLE_UNIT ( ) SI_UNIT ( $, .RADIAN. ) );
#1240 = LINE ( 'NONE', #3296, #7407 ) ;
#1241 = EDGE_CURVE ( 'NONE', #2717, #1668, #4477, .T. ) ;
#1242 = CARTESIAN_POINT ( 'NONE',  ( 8.000000000000000000, 2.649999999999990141, 0.0000000000000000000 ) ) ;
#1243 = VERTEX_POINT ( 'NONE', #4545 ) ;
#1244 = PRESENTATION_STYLE_ASSIGNMENT (( #2997 ) ) ;
#1245 = DIRECTION ( 'NONE',  ( 1.000000000000000000, 7.401486830834370362E-16, 0.0000000000000000000 ) ) ;
#1246 = ORIENTED_EDGE ( 'NONE', *, *, #7606, .T. ) ;
#1247 = EDGE_CURVE ( 'NONE', #558, #5699, #7078, .T. ) ;
#1248 = ADVANCED_FACE ( 'NONE', ( #776 ), #9039, .T. ) ;
#1249 = DIRECTION ( 'NONE',  ( 0.0000000000000000000, 0.0000000000000000000, 1.000000000000000000 ) ) ;
#1250 = AXIS2_PLACEMENT_3D ( 'NONE', #8812, #4145, #7030 ) ;
#1252 = EDGE_LOOP ( 'NONE', ( #10487, #4793, #9253, #9806, #8947 ) ) ;
#1251 = SURFACE_SIDE_STYLE ('',( #9277 ) ) ;
#1253 = SURFACE_STYLE_USAGE ( .BOTH. , #5819 ) ;
#1254 = PLANE ( 'NONE',  #803 ) ;
#1255 =( GEOMETRIC_REPRESENTATION_CONTEXT ( 3 ) GLOBAL_UNCERTAINTY_ASSIGNED_CONTEXT ( ( #11395 ) ) GLOBAL_UNIT_ASSIGNED_CONTEXT ( ( #8430, #9426, #3233 ) ) REPRESENTATION_CONTEXT ( 'NONE', 'WORKASPACE' ) );
#1256 = CARTESIAN_POINT ( 'NONE',  ( 0.2999999999999986566, 4.689999999999990621, -21.65413869472860142 ) ) ;
#1257 = DIRECTION ( 'NONE',  ( 0.0000000000000000000, 1.000000000000000000, 0.0000000000000000000 ) ) ;
#1258 = FACE_BOUND ( 'NONE', #4892, .T. ) ;
#1259 = SURFACE_STYLE_FILL_AREA ( #11114 ) ;
#1260 = ORIENTED_EDGE ( 'NONE', *, *, #1977, .F. ) ;
#1261 = PLANE ( 'NONE',  #9180 ) ;
#1262 = FACE_OUTER_BOUND ( 'NONE', #2667, .T. ) ;
#1263 = LINE ( 'NONE', #3851, #2604 ) ;
#1264 = VECTOR ( 'NONE', #1969, 1000.000000000000000 ) ;
#1265 = ORIENTED_EDGE ( 'NONE', *, *, #2881, .F. ) ;
#1266 = LINE ( 'NONE', #8467, #10325 ) ;
#1267 = DIRECTION ( 'NONE',  ( 1.000000000000000000, -1.445602896647339311E-15, 0.0000000000000000000 ) ) ;
#1268 = CARTESIAN_POINT ( 'NONE',  ( 0.6796429402101364925, 15.14247491600186102, 2.273239203577867240 ) ) ;
#1270 = ORIENTED_EDGE ( 'NONE', *, *, #10724, .F. ) ;
#1269 = PLANE ( 'NONE',  #1740 ) ;
#1271 = PRESENTATION_LAYER_ASSIGNMENT (  '', '', ( #8568 ) ) ;
#1272 = VERTEX_POINT ( 'NONE', #11473 ) ;
#1273 = AXIS2_PLACEMENT_3D ( 'NONE', #6044, #3655, #217 ) ;
#1274 = STYLED_ITEM ( 'NONE', ( #5078 ), #4838 ) ;
#1275 = CARTESIAN_POINT ( 'NONE',  ( -1.540743955509788682E-30, 0.0000000000000000000, 0.9000000000000001332 ) ) ;
#1276 = FILL_AREA_STYLE_COLOUR ( '', #11544 ) ;
#1277 = CARTESIAN_POINT ( 'NONE',  ( 0.4750000000000019762, 4.189999999999988844, 0.9000000000000001332 ) ) ;
#1278 = PRESENTATION_LAYER_ASSIGNMENT (  '', '', ( #8205 ) ) ;
#1279 =( NAMED_UNIT ( * ) SI_UNIT ( $, .STERADIAN. ) SOLID_ANGLE_UNIT ( ) );
#1280 = ORIENTED_EDGE ( 'NONE', *, *, #10532, .T. ) ;
#1281 = STYLED_ITEM ( 'NONE', ( #9886 ), #3615 ) ;
#1282 = DIRECTION ( 'NONE',  ( 1.000000000000000000, 0.0000000000000000000, 0.0000000000000000000 ) ) ;
#1283 = CIRCLE ( 'NONE', #2776, 0.2999999999999993228 ) ;
#1284 =( GEOMETRIC_REPRESENTATION_CONTEXT ( 3 ) GLOBAL_UNCERTAINTY_ASSIGNED_CONTEXT ( ( #5906 ) ) GLOBAL_UNIT_ASSIGNED_CONTEXT ( ( #9818, #86, #4525 ) ) REPRESENTATION_CONTEXT ( 'NONE', 'WORKASPACE' ) );
#1286 = EDGE_LOOP ( 'NONE', ( #348, #6378, #5113, #9922, #9213, #1404, #8532, #5391 ) ) ;
#1285 = LINE ( 'NONE', #9298, #2640 ) ;
#1288 = EDGE_LOOP ( 'NONE', ( #1260, #2917, #5235, #9829 ) ) ;
#1287 = SURFACE_STYLE_USAGE ( .BOTH. , #9301 ) ;
#1289 = CARTESIAN_POINT ( 'NONE',  ( 16.10000000000000142, 5.190000000000000391, 1.000000000000000000 ) ) ;
#1290 = LINE ( 'NONE', #2173, #1065 ) ;
#1291 = UNCERTAINTY_MEASURE_WITH_UNIT (LENGTH_MEASURE( 1.000000000000000082E-05 ), #10183, 'distance_accuracy_value', 'NONE');
#1292 = ORIENTED_EDGE ( 'NONE', *, *, #6831, .F. ) ;
#1293 = CIRCLE ( 'NONE', #10041, 0.2500000000000002220 ) ;
#1294 = LINE ( 'NONE', #9306, #11256 ) ;
#1295 = VECTOR ( 'NONE', #2549, 1000.000000000000000 ) ;
#1296 = ORIENTED_EDGE ( 'NONE', *, *, #357, .F. ) ;
#1297 = SURFACE_SIDE_STYLE ('',( #8326 ) ) ;
#1298 = DIRECTION ( 'NONE',  ( -0.0000000000000000000, -0.0000000000000000000, -1.000000000000000000 ) ) ;
#1299 =( GEOMETRIC_REPRESENTATION_CONTEXT ( 3 ) GLOBAL_UNCERTAINTY_ASSIGNED_CONTEXT ( ( #635 ) ) GLOBAL_UNIT_ASSIGNED_CONTEXT ( ( #8716, #11311, #9747 ) ) REPRESENTATION_CONTEXT ( 'NONE', 'WORKASPACE' ) );
#1300 = DIRECTION ( 'NONE',  ( 1.000000000000000000, 0.0000000000000000000, 0.0000000000000000000 ) ) ;
#1301 = LINE ( 'NONE', #1489, #527 ) ;
#1302 = DIRECTION ( 'NONE',  ( 0.0000000000000000000, 0.0000000000000000000, 1.000000000000000000 ) ) ;
#1303 = DIRECTION ( 'NONE',  ( -0.0000000000000000000, -0.0000000000000000000, -1.000000000000000000 ) ) ;
#1304 = COLOUR_RGB ( '',0.8196078431372548767, 0.7058823529411764053, 0.5254901960784313930 ) ;
#1305 = ADVANCED_FACE ( 'NONE', ( #3599 ), #11524, .T. ) ;
#1306 = FACE_OUTER_BOUND ( 'NONE', #4159, .T. ) ;
#1307 = ORIENTED_EDGE ( 'NONE', *, *, #9064, .F. ) ;
#1308 = CARTESIAN_POINT ( 'NONE',  ( 9.116133794986950534, 6.783567963345264573, 7.462997125789628150 ) ) ;
#1309 =( NAMED_UNIT ( * ) SI_UNIT ( $, .STERADIAN. ) SOLID_ANGLE_UNIT ( ) );
#1310 =( NAMED_UNIT ( * ) SI_UNIT ( $, .STERADIAN. ) SOLID_ANGLE_UNIT ( ) );
#1311 = VERTEX_POINT ( 'NONE', #6216 ) ;
#1312 = STYLED_ITEM ( 'NONE', ( #7880 ), #11465 ) ;
#1313 = CARTESIAN_POINT ( 'NONE',  ( -3.608224830031760334E-15, 12.81000000000000050, 1.000000000000000000 ) ) ;
#1314 = EDGE_CURVE ( 'NONE', #7583, #1206, #9832, .T. ) ;
#1316 = ORIENTED_EDGE ( 'NONE', *, *, #8418, .T. ) ;
#1315 = FILL_AREA_STYLE ('',( #414 ) ) ;
#1317 = LINE ( 'NONE', #7620, #8312 ) ;
#1318 = FILL_AREA_STYLE_COLOUR ( '', #11243 ) ;
#1319 = EDGE_CURVE ( 'NONE', #767, #4169, #3481, .T. ) ;
#1320 = DIRECTION ( 'NONE',  ( 0.0000000000000000000, 1.000000000000000000, 0.0000000000000000000 ) ) ;
#1321 = CARTESIAN_POINT ( 'NONE',  ( 0.7499999999999960032, 12.00999999999999979, 1.000000000000000000 ) ) ;
#1322 = EDGE_CURVE ( 'NONE', #428, #2849, #10585, .T. ) ;
#1323 = CARTESIAN_POINT ( 'NONE',  ( 1.500000000000000000, 0.3999999999999899747, 1.000000000000000000 ) ) ;
#1324 = VERTEX_POINT ( 'NONE', #3540 ) ;
#1325 =( NAMED_UNIT ( * ) PLANE_ANGLE_UNIT ( ) SI_UNIT ( $, .RADIAN. ) );
#1326 = DIRECTION ( 'NONE',  ( 0.0000000000000000000, -0.0000000000000000000, 1.000000000000000000 ) ) ;
#1327 = CARTESIAN_POINT ( 'NONE',  ( -1.665334536937730077E-15, 5.189999999999989733, -0.1000000000000000472 ) ) ;
#1328 = UNCERTAINTY_MEASURE_WITH_UNIT (LENGTH_MEASURE( 1.000000000000000082E-05 ), #3672, 'distance_accuracy_value', 'NONE');
#1329 = ORIENTED_EDGE ( 'NONE', *, *, #2666, .T. ) ;
#1330 = PRESENTATION_LAYER_ASSIGNMENT (  '', '', ( #6361 ) ) ;
#1331 = CARTESIAN_POINT ( 'NONE',  ( -0.1000000000000029893, 12.00999999999999979, 1.000000000000000000 ) ) ;
#1332 = LINE ( 'NONE', #2271, #1183 ) ;
#1333 = FILL_AREA_STYLE_COLOUR ( '', #2470 ) ;
#1334 = ADVANCED_FACE ( 'NONE', ( #7023 ), #55, .T. ) ;
#1336 = ORIENTED_EDGE ( 'NONE', *, *, #892, .T. ) ;
#1335 = LINE ( 'NONE', #4745, #4722 ) ;
#1338 = ORIENTED_EDGE ( 'NONE', *, *, #3628, .T. ) ;
#1337 = CARTESIAN_POINT ( 'NONE',  ( 9.150000000000000355, 15.75000000000000000, -0.03500000000000000333 ) ) ;
#1339 =( GEOMETRIC_REPRESENTATION_CONTEXT ( 3 ) GLOBAL_UNCERTAINTY_ASSIGNED_CONTEXT ( ( #2283 ) ) GLOBAL_UNIT_ASSIGNED_CONTEXT ( ( #1123, #10637, #6266 ) ) REPRESENTATION_CONTEXT ( 'NONE', 'WORKASPACE' ) );
#1340 = EDGE_CURVE ( 'NONE', #11300, #8319, #8977, .T. ) ;
#1341 = VECTOR ( 'NONE', #10094, 1000.000000000000000 ) ;
#1342 = PLANE ( 'NONE',  #5407 ) ;
#1343 = DIRECTION ( 'NONE',  ( -0.0000000000000000000, 1.000000000000000000, 0.0000000000000000000 ) ) ;
#1344 = CARTESIAN_POINT ( 'NONE',  ( 8.900000000000000355, 15.75000000000000000, 0.0000000000000000000 ) ) ;
#1345 = UNCERTAINTY_MEASURE_WITH_UNIT (LENGTH_MEASURE( 1.000000000000000082E-05 ), #2954, 'distance_accuracy_value', 'NONE');
#1346 = ORIENTED_EDGE ( 'NONE', *, *, #3019, .T. ) ;
#1347 = SURFACE_STYLE_USAGE ( .BOTH. , #10148 ) ;
#1349 = EDGE_LOOP ( 'NONE', ( #1338, #2540, #3341, #5110, #4698, #8474, #10427, #1733 ) ) ;
#1348 =( NAMED_UNIT ( * ) PLANE_ANGLE_UNIT ( ) SI_UNIT ( $, .RADIAN. ) );
#1350 =( GEOMETRIC_REPRESENTATION_CONTEXT ( 3 ) GLOBAL_UNCERTAINTY_ASSIGNED_CONTEXT ( ( #9520 ) ) GLOBAL_UNIT_ASSIGNED_CONTEXT ( ( #9667, #53, #1125 ) ) REPRESENTATION_CONTEXT ( 'NONE', 'WORKASPACE' ) );
#1352 = ORIENTED_EDGE ( 'NONE', *, *, #8197, .T. ) ;
#1351 = DIRECTION ( 'NONE',  ( -0.7071067811865470176, -0.7071067811865480168, 0.0000000000000000000 ) ) ;
#1353 = DIRECTION ( 'NONE',  ( 0.0000000000000000000, 0.0000000000000000000, -1.000000000000000000 ) ) ;
#1354 = VECTOR ( 'NONE', #380, 1000.000000000000000 ) ;
#1355 = ORIENTED_EDGE ( 'NONE', *, *, #1241, .T. ) ;
#1356 = SURFACE_STYLE_FILL_AREA ( #2175 ) ;
#1357 = ORIENTED_EDGE ( 'NONE', *, *, #1915, .T. ) ;
#1358 = UNCERTAINTY_MEASURE_WITH_UNIT (LENGTH_MEASURE( 1.000000000000000082E-05 ), #3979, 'distance_accuracy_value', 'NONE');
#1359 = CARTESIAN_POINT ( 'NONE',  ( 1.278235863450727150, 0.2431342467841546284, 2.068121104950426670 ) ) ;
#1360 =( GEOMETRIC_REPRESENTATION_CONTEXT ( 3 ) GLOBAL_UNCERTAINTY_ASSIGNED_CONTEXT ( ( #9825 ) ) GLOBAL_UNIT_ASSIGNED_CONTEXT ( ( #2782, #1871, #9060 ) ) REPRESENTATION_CONTEXT ( 'NONE', 'WORKASPACE' ) );
#1361 = CARTESIAN_POINT ( 'NONE',  ( 9.400000000000000355, 0.08999999999999999667, 0.9000000000000001332 ) ) ;
#1362 = CARTESIAN_POINT ( 'NONE',  ( -0.1000000000000010186, 2.449999999999989964, 1.000000000000000000 ) ) ;
#1363 =( LENGTH_UNIT ( ) NAMED_UNIT ( * ) SI_UNIT ( .MILLI., .METRE. ) );
#1364 = CARTESIAN_POINT ( 'NONE',  ( 16.10000000000000142, 2.149999999999990141, -0.1000000000000000056 ) ) ;
#1365 = ORIENTED_EDGE ( 'NONE', *, *, #5354, .T. ) ;
#1366 = DIRECTION ( 'NONE',  ( 1.000000000000000000, 0.0000000000000000000, -0.0000000000000000000 ) ) ;
#1367 = VECTOR ( 'NONE', #5308, 1000.000000000000000 ) ;
#1368 = CARTESIAN_POINT ( 'NONE',  ( 1.499999999999999556, 8.000000000000000000, 0.0000000000000000000 ) ) ;
#1369 = FILL_AREA_STYLE ('',( #192 ) ) ;
#1370 = ORIENTED_EDGE ( 'NONE', *, *, #9261, .T. ) ;
#1371 = LINE ( 'NONE', #11234, #4451 ) ;
#1372 = DIRECTION ( 'NONE',  ( -0.0000000000000000000, 1.000000000000000000, 0.0000000000000000000 ) ) ;
#1373 = AXIS2_PLACEMENT_3D ( 'NONE', #8655, #7569, #11307 ) ;
#1374 = DIRECTION ( 'NONE',  ( 0.0000000000000000000, 0.0000000000000000000, -1.000000000000000000 ) ) ;
#1375 = AXIS2_PLACEMENT_3D ( 'NONE', #8186, #134, #3741 ) ;
#1376 = FACE_OUTER_BOUND ( 'NONE', #4758, .T. ) ;
#1377 = DIRECTION ( 'NONE',  ( 1.000000000000000000, 0.0000000000000000000, 0.0000000000000000000 ) ) ;
#1378 = PRESENTATION_LAYER_ASSIGNMENT (  '', '', ( #5685 ) ) ;
#1379 = LINE ( 'NONE', #1256, #9314 ) ;
#1380 = DIRECTION ( 'NONE',  ( 1.000000000000000000, 1.475379434717819995E-16, -0.0000000000000000000 ) ) ;
#1381 = ORIENTED_EDGE ( 'NONE', *, *, #11166, .F. ) ;
#1382 = DIRECTION ( 'NONE',  ( 4.426138304153450370E-16, -1.000000000000000000, 0.0000000000000000000 ) ) ;
#1383 = CARTESIAN_POINT ( 'NONE',  ( -0.1000000000000020040, 7.730000000000000426, 1.000000000000000000 ) ) ;
#1384 = MECHANICAL_DESIGN_GEOMETRIC_PRESENTATION_REPRESENTATION (  '', ( #6973 ), #9232 ) ;
#1385 = CYLINDRICAL_SURFACE ( 'NONE', #10789, 0.3000000000000016542 ) ;
#1386 = EDGE_CURVE ( 'NONE', #3318, #2563, #9475, .T. ) ;
#1387 = VECTOR ( 'NONE', #8589, 1000.000000000000000 ) ;
#1388 = ORIENTED_EDGE ( 'NONE', *, *, #4975, .T. ) ;
#1389 =( NAMED_UNIT ( * ) SI_UNIT ( $, .STERADIAN. ) SOLID_ANGLE_UNIT ( ) );
#1390 = CARTESIAN_POINT ( 'NONE',  ( 16.00000000000000000, 2.450000000000000178, -0.1000000000000014350 ) ) ;
#1391 = EDGE_CURVE ( 'NONE', #10448, #631, #3096, .T. ) ;
#1393 = ORIENTED_EDGE ( 'NONE', *, *, #945, .F. ) ;
#1392 = DIRECTION ( 'NONE',  ( -1.000000000000000000, 0.0000000000000000000, -0.0000000000000000000 ) ) ;
#1394 = CYLINDRICAL_SURFACE ( 'NONE', #9235, 0.2999999999999999889 ) ;
#1396 = ORIENTED_EDGE ( 'NONE', *, *, #11012, .F. ) ;
#1395 = CARTESIAN_POINT ( 'NONE',  ( 9.400000000000000355, 0.5000000000000000000, -0.03500000000000000333 ) ) ;
#1397 = MECHANICAL_DESIGN_GEOMETRIC_PRESENTATION_REPRESENTATION (  '', ( #3067 ), #10342 ) ;
#1398 = SURFACE_STYLE_FILL_AREA ( #439 ) ;
#1399 = SURFACE_STYLE_FILL_AREA ( #378 ) ;
#1400 = ADVANCED_FACE ( 'NONE', ( #3039 ), #388, .T. ) ;
#1401 = ADVANCED_FACE ( 'NONE', ( #3230 ), #6387, .T. ) ;
#1402 = CARTESIAN_POINT ( 'NONE',  ( 16.00000000000000000, 4.990000000000000213, -0.1000000000000014350 ) ) ;
#1403 = LINE ( 'NONE', #10263, #10224 ) ;
#1404 = ORIENTED_EDGE ( 'NONE', *, *, #9271, .T. ) ;
#1405 = CARTESIAN_POINT ( 'NONE',  ( -0.9000000000000001332, -1.200000000000009948, 2.299999999999999822 ) ) ;
#1406 = EDGE_CURVE ( 'NONE', #9990, #4564, #7236, .T. ) ;
#1408 = ORIENTED_EDGE ( 'NONE', *, *, #8478, .F. ) ;
#1407 = CARTESIAN_POINT ( 'NONE',  ( -3.469446951953614189E-15, 8.000000000000000000, 0.0000000000000000000 ) ) ;
#1409 = EDGE_LOOP ( 'NONE', ( #3581, #6990, #7828, #9174 ) ) ;
#1410 = CARTESIAN_POINT ( 'NONE',  ( 15.13821087775050422, 15.37052520050763604, 2.334084244769405903 ) ) ;
#1411 = FILL_AREA_STYLE_COLOUR ( '', #10577 ) ;
#1412 = VERTEX_POINT ( 'NONE', #9592 ) ;
#1413 = VERTEX_POINT ( 'NONE', #812 ) ;
#1414 = CARTESIAN_POINT ( 'NONE',  ( 9.150000000000000355, 0.2500000000000000000, -0.03500000000000000333 ) ) ;
#1415 = MECHANICAL_DESIGN_GEOMETRIC_PRESENTATION_REPRESENTATION (  '', ( #4248 ), #7973 ) ;
#1416 =( NAMED_UNIT ( * ) PLANE_ANGLE_UNIT ( ) SI_UNIT ( $, .RADIAN. ) );
#1417 = CARTESIAN_POINT ( 'NONE',  ( 0.1242640687119270088, 16.89999999999999858, 2.299999999999999822 ) ) ;
#1418 = SURFACE_STYLE_FILL_AREA ( #3108 ) ;
#1419 =( NAMED_UNIT ( * ) PLANE_ANGLE_UNIT ( ) SI_UNIT ( $, .RADIAN. ) );
#1420 = CARTESIAN_POINT ( 'NONE',  ( 15.52500000000000036, 15.52500000000000036, 0.9000000000000001332 ) ) ;
#1421 =( NAMED_UNIT ( * ) PLANE_ANGLE_UNIT ( ) SI_UNIT ( $, .RADIAN. ) );
#1422 =( LENGTH_UNIT ( ) NAMED_UNIT ( * ) SI_UNIT ( .MILLI., .METRE. ) );
#1423 = VERTEX_POINT ( 'NONE', #3391 ) ;
#1424 = CARTESIAN_POINT ( 'NONE',  ( 7.339853684716937998, 7.001862809084410166, 6.631594882975038630 ) ) ;
#1425 = CARTESIAN_POINT ( 'NONE',  ( 1.500000000000000000, 15.35000000000000142, 1.000000000000000000 ) ) ;
#1426 = CARTESIAN_POINT ( 'NONE',  ( 16.00000000000000000, 9.269999999999999574, 0.9000000000000001332 ) ) ;
#1427 = DIRECTION ( 'NONE',  ( 0.7071067811865470176, 0.7071067811865480168, -0.0000000000000000000 ) ) ;
#1428 = ORIENTED_EDGE ( 'NONE', *, *, #7, .F. ) ;
#1429 = CARTESIAN_POINT ( 'NONE',  ( 1.500000000000000000, 11.81000000000000050, 1.000000000000000000 ) ) ;
#1430 = DIRECTION ( 'NONE',  ( 0.0000000000000000000, -0.0000000000000000000, 1.000000000000000000 ) ) ;
#1431 =( GEOMETRIC_REPRESENTATION_CONTEXT ( 3 ) GLOBAL_UNCERTAINTY_ASSIGNED_CONTEXT ( ( #9079 ) ) GLOBAL_UNIT_ASSIGNED_CONTEXT ( ( #4724, #3002, #3839 ) ) REPRESENTATION_CONTEXT ( 'NONE', 'WORKASPACE' ) );
#1432 = DIRECTION ( 'NONE',  ( -1.000000000000000000, 0.0000000000000000000, 0.0000000000000000000 ) ) ;
#1433 = CARTESIAN_POINT ( 'NONE',  ( 15.12499999999999822, 15.12500000000000000, 1.899999999999999911 ) ) ;
#1434 = DIRECTION ( 'NONE',  ( 1.000000000000000000, 0.0000000000000000000, 0.0000000000000000000 ) ) ;
#1435 = DIRECTION ( 'NONE',  ( -2.775557561562889872E-16, 1.000000000000000000, 0.0000000000000000000 ) ) ;
#1436 =( GEOMETRIC_REPRESENTATION_CONTEXT ( 3 ) GLOBAL_UNCERTAINTY_ASSIGNED_CONTEXT ( ( #4181 ) ) GLOBAL_UNIT_ASSIGNED_CONTEXT ( ( #92, #6372, #8970 ) ) REPRESENTATION_CONTEXT ( 'NONE', 'WORKASPACE' ) );
#1437 = ORIENTED_EDGE ( 'NONE', *, *, #11519, .T. ) ;
#1438 = VECTOR ( 'NONE', #2804, 1000.000000000000000 ) ;
#1439 = PRESENTATION_STYLE_ASSIGNMENT (( #5828 ) ) ;
#1440 = UNCERTAINTY_MEASURE_WITH_UNIT (LENGTH_MEASURE( 1.000000000000000082E-05 ), #4065, 'distance_accuracy_value', 'NONE');
#1441 = AXIS2_PLACEMENT_3D ( 'NONE', #4663, #1066, #6223 ) ;
#1442 = ORIENTED_EDGE ( 'NONE', *, *, #5151, .T. ) ;
#1443 =( GEOMETRIC_REPRESENTATION_CONTEXT ( 3 ) GLOBAL_UNCERTAINTY_ASSIGNED_CONTEXT ( ( #10564 ) ) GLOBAL_UNIT_ASSIGNED_CONTEXT ( ( #1024, #10769, #1930 ) ) REPRESENTATION_CONTEXT ( 'NONE', 'WORKASPACE' ) );
#1444 = DIRECTION ( 'NONE',  ( -0.0000000000000000000, 0.0000000000000000000, 1.000000000000000000 ) ) ;
#1445 = CARTESIAN_POINT ( 'NONE',  ( -2.476491234304491228E-15, 7.730000000000000426, 0.0000000000000000000 ) ) ;
#1447 = ORIENTED_EDGE ( 'NONE', *, *, #9193, .T. ) ;
#1446 =( LENGTH_UNIT ( ) NAMED_UNIT ( * ) SI_UNIT ( .MILLI., .METRE. ) );
#1448 = VERTEX_POINT ( 'NONE', #2532 ) ;
#1449 = EDGE_CURVE ( 'NONE', #8319, #2421, #8785, .T. ) ;
#1450 = PRESENTATION_LAYER_ASSIGNMENT (  '', '', ( #5203 ) ) ;
#1451 =( NAMED_UNIT ( * ) SI_UNIT ( $, .STERADIAN. ) SOLID_ANGLE_UNIT ( ) );
#1452 = CARTESIAN_POINT ( 'NONE',  ( -3.748520591151384608E-15, 15.15000000000000036, 1.000000000000000444 ) ) ;
#1453 =( GEOMETRIC_REPRESENTATION_CONTEXT ( 3 ) GLOBAL_UNCERTAINTY_ASSIGNED_CONTEXT ( ( #5349 ) ) GLOBAL_UNIT_ASSIGNED_CONTEXT ( ( #4406, #11499, #687 ) ) REPRESENTATION_CONTEXT ( 'NONE', 'WORKASPACE' ) );
#1454 = EDGE_CURVE ( 'NONE', #9537, #6552, #9760, .T. ) ;
#1455 = SURFACE_SIDE_STYLE ('',( #9465 ) ) ;
#1456 = UNCERTAINTY_MEASURE_WITH_UNIT (LENGTH_MEASURE( 1.000000000000000082E-05 ), #2165, 'distance_accuracy_value', 'NONE');
#1457 = FILL_AREA_STYLE_COLOUR ( '', #140 ) ;
#1458 = ORIENTED_EDGE ( 'NONE', *, *, #10318, .T. ) ;
#1459 = FILL_AREA_STYLE ('',( #4106 ) ) ;
#1460 = MECHANICAL_DESIGN_GEOMETRIC_PRESENTATION_REPRESENTATION (  '', ( #1662 ), #4465 ) ;
#1461 = ORIENTED_EDGE ( 'NONE', *, *, #587, .F. ) ;
#1462 = MECHANICAL_DESIGN_GEOMETRIC_PRESENTATION_REPRESENTATION (  '', ( #8750 ), #10392 ) ;
#1463 = ORIENTED_EDGE ( 'NONE', *, *, #4124, .F. ) ;
#1464 = EDGE_CURVE ( 'NONE', #8427, #10383, #6829, .T. ) ;
#1465 = AXIS2_PLACEMENT_3D ( 'NONE', #7549, #7490, #2187 ) ;
#1466 = EDGE_CURVE ( 'NONE', #4228, #8204, #8771, .T. ) ;
#1467 = COLOUR_RGB ( '',0.8196078431372548767, 0.7058823529411764053, 0.5254901960784313930 ) ;
#1469 = ORIENTED_EDGE ( 'NONE', *, *, #5991, .T. ) ;
#1468 =( NAMED_UNIT ( * ) SI_UNIT ( $, .STERADIAN. ) SOLID_ANGLE_UNIT ( ) );
#1470 = VECTOR ( 'NONE', #2877, 1000.000000000000000 ) ;
#1471 = FACE_OUTER_BOUND ( 'NONE', #8271, .T. ) ;
#1472 = CARTESIAN_POINT ( 'NONE',  ( 8.900000000000000355, 0.9100000000000000311, -0.03500000000000000333 ) ) ;
#1473 = VECTOR ( 'NONE', #475, 1000.000000000000000 ) ;
#1474 = EDGE_LOOP ( 'NONE', ( #1393, #7708, #8266, #10391 ) ) ;
#1475 = CARTESIAN_POINT ( 'NONE',  ( 8.599999999999999645, 7.810000000000025366, 6.950000000000001066 ) ) ;
#1476 = AXIS2_PLACEMENT_3D ( 'NONE', #3048, #7540, #2925 ) ;
#1477 = DIRECTION ( 'NONE',  ( -0.0000000000000000000, -0.0000000000000000000, -1.000000000000000000 ) ) ;
#1478 = VERTEX_POINT ( 'NONE', #8138 ) ;
#1479 = EDGE_CURVE ( 'NONE', #10840, #2923, #9178, .T. ) ;
#1480 = VECTOR ( 'NONE', #7846, 1000.000000000000000 ) ;
#1481 = AXIS2_PLACEMENT_3D ( 'NONE', #3190, #6742, #3305 ) ;
#1482 = CARTESIAN_POINT ( 'NONE',  ( 8.599844467988368990, 6.930000027488842917, 6.950000000000001066 ) ) ;
#1483 = CARTESIAN_POINT ( 'NONE',  ( 16.10000000000000142, 1.649999999999989919, -0.1000000000000002554 ) ) ;
#1484 = CARTESIAN_POINT ( 'NONE',  ( -2.786640517103852258E-16, 2.449999999999989964, 1.000000000000000444 ) ) ;
#1485 =( NAMED_UNIT ( * ) PLANE_ANGLE_UNIT ( ) SI_UNIT ( $, .RADIAN. ) );
#1486 = EDGE_CURVE ( 'NONE', #4050, #11572, #11561, .T. ) ;
#1487 = AXIS2_PLACEMENT_3D ( 'NONE', #11492, #6294, #2675 ) ;
#1488 = AXIS2_PLACEMENT_3D ( 'NONE', #11127, #4920, #6544 ) ;
#1489 = CARTESIAN_POINT ( 'NONE',  ( 16.00000000000000000, 8.000000000000000000, 0.0000000000000000000 ) ) ;
#1490 = CARTESIAN_POINT ( 'NONE',  ( 16.10000000000000142, 9.269999999999999574, 1.000000000000000000 ) ) ;
#1491 = PRESENTATION_LAYER_ASSIGNMENT (  '', '', ( #11546 ) ) ;
#1492 = AXIS2_PLACEMENT_3D ( 'NONE', #5390, #5279, #8946 ) ;
#1493 = EDGE_CURVE ( 'NONE', #6870, #11328, #10839, .T. ) ;
#1494 = LINE ( 'NONE', #4242, #5934 ) ;
#1495 = ORIENTED_EDGE ( 'NONE', *, *, #948, .T. ) ;
#1496 = FACE_OUTER_BOUND ( 'NONE', #3415, .T. ) ;
#1497 = COLOUR_RGB ( '',0.4313725490196078649, 0.3490196078431372362, 0.2901960784313725172 ) ;
#1498 = VECTOR ( 'NONE', #2393, 1000.000000000000000 ) ;
#1499 = CARTESIAN_POINT ( 'NONE',  ( 0.4749999999999969802, 15.52500000000000036, 1.000000000000000000 ) ) ;
#1500 = VECTOR ( 'NONE', #5189, 1000.000000000000000 ) ;
#1501 = SURFACE_STYLE_USAGE ( .BOTH. , #10122 ) ;
#1502 = AXIS2_PLACEMENT_3D ( 'NONE', #6008, #7094, #3434 ) ;
#1503 = DIRECTION ( 'NONE',  ( -0.0000000000000000000, 1.000000000000000000, 0.0000000000000000000 ) ) ;
#1504 = DIRECTION ( 'NONE',  ( 0.0000000000000000000, 0.0000000000000000000, 1.000000000000000000 ) ) ;
#1505 = LINE ( 'NONE', #5082, #3511 ) ;
#1506 = AXIS2_PLACEMENT_3D ( 'NONE', #4249, #1677, #2598 ) ;
#1507 =( NAMED_UNIT ( * ) PLANE_ANGLE_UNIT ( ) SI_UNIT ( $, .RADIAN. ) );
#1508 = ORIENTED_EDGE ( 'NONE', *, *, #4551, .F. ) ;
#1509 = SURFACE_STYLE_FILL_AREA ( #5942 ) ;
#1510 = ORIENTED_EDGE ( 'NONE', *, *, #7081, .T. ) ;
#1511 =( NAMED_UNIT ( * ) PLANE_ANGLE_UNIT ( ) SI_UNIT ( $, .RADIAN. ) );
#1512 = CARTESIAN_POINT ( 'NONE',  ( 14.50000000000000000, 4.190000000000001279, 0.0000000000000000000 ) ) ;
#1513 = ORIENTED_EDGE ( 'NONE', *, *, #8470, .T. ) ;
#1514 = SURFACE_SIDE_STYLE ('',( #11068 ) ) ;
#1516 = ORIENTED_EDGE ( 'NONE', *, *, #10216, .F. ) ;
#1515 = SURFACE_STYLE_USAGE ( .BOTH. , #7757 ) ;
#1517 =( NAMED_UNIT ( * ) PLANE_ANGLE_UNIT ( ) SI_UNIT ( $, .RADIAN. ) );
#1518 = CIRCLE ( 'NONE', #4521, 0.3000000000000016542 ) ;
#1519 =( LENGTH_UNIT ( ) NAMED_UNIT ( * ) SI_UNIT ( .MILLI., .METRE. ) );
#1520 = CYLINDRICAL_SURFACE ( 'NONE', #10409, 0.2500000000000002220 ) ;
#1521 = CARTESIAN_POINT ( 'NONE',  ( 12.52500000000000213, 8.000000000000000000, 0.0000000000000000000 ) ) ;
#1522 = ORIENTED_EDGE ( 'NONE', *, *, #10220, .F. ) ;
#1523 = PLANE ( 'NONE',  #5850 ) ;
#1524 = VERTEX_POINT ( 'NONE', #3694 ) ;
#1525 = VECTOR ( 'NONE', #4137, 1000.000000000000000 ) ;
#1526 = ORIENTED_EDGE ( 'NONE', *, *, #2963, .T. ) ;
#1527 = STYLED_ITEM ( 'NONE', ( #5645 ), #7750 ) ;
#1528 = EDGE_CURVE ( 'NONE', #6830, #9066, #7218, .T. ) ;
#1529 = ORIENTED_EDGE ( 'NONE', *, *, #10, .T. ) ;
#1530 =( GEOMETRIC_REPRESENTATION_CONTEXT ( 3 ) GLOBAL_UNCERTAINTY_ASSIGNED_CONTEXT ( ( #604 ) ) GLOBAL_UNIT_ASSIGNED_CONTEXT ( ( #3226, #1348, #4929 ) ) REPRESENTATION_CONTEXT ( 'NONE', 'WORKASPACE' ) );
#1531 = CARTESIAN_POINT ( 'NONE',  ( 17.37389931491185635, -0.5975731024119729229, 6.276090828712828085 ) ) ;
#1532 = ORIENTED_EDGE ( 'NONE', *, *, #11304, .T. ) ;
#1533 = CARTESIAN_POINT ( 'NONE',  ( 1.499999999999999556, 8.000000000000000000, 0.0000000000000000000 ) ) ;
#1534 = DIRECTION ( 'NONE',  ( 1.000000000000000000, 0.0000000000000000000, -0.0000000000000000000 ) ) ;
#1535 = FACE_BOUND ( 'NONE', #1173, .T. ) ;
#1536 = ORIENTED_EDGE ( 'NONE', *, *, #11377, .T. ) ;
#1537 =( LENGTH_UNIT ( ) NAMED_UNIT ( * ) SI_UNIT ( .MILLI., .METRE. ) );
#1538 = AXIS2_PLACEMENT_3D ( 'NONE', #2045, #370, #311 ) ;
#1539 = CARTESIAN_POINT ( 'NONE',  ( 9.150000000000000355, 0.5000000000000000000, 0.9000000000000001332 ) ) ;
#1540 = EDGE_CURVE ( 'NONE', #1922, #3867, #3577, .T. ) ;
#1541 = AXIS2_PLACEMENT_3D ( 'NONE', #661, #11361, #2610 ) ;
#1542 = DIRECTION ( 'NONE',  ( 1.000000000000000000, 0.0000000000000000000, 0.0000000000000000000 ) ) ;
#1543 = EDGE_CURVE ( 'NONE', #4464, #9537, #199, .T. ) ;
#1544 = ORIENTED_EDGE ( 'NONE', *, *, #9617, .T. ) ;
#1545 = AXIS2_PLACEMENT_3D ( 'NONE', #7365, #3056, #1237 ) ;
#1546 = PRESENTATION_LAYER_ASSIGNMENT (  '', '', ( #788 ) ) ;
#1547 =( LENGTH_UNIT ( ) NAMED_UNIT ( * ) SI_UNIT ( .MILLI., .METRE. ) );
#1548 = UNCERTAINTY_MEASURE_WITH_UNIT (LENGTH_MEASURE( 1.000000000000000082E-05 ), #4884, 'distance_accuracy_value', 'NONE');
#1549 = CARTESIAN_POINT ( 'NONE',  ( 0.02329703753469369865, 17.14375597602062484, 6.292788944843385579 ) ) ;
#1550 = SURFACE_STYLE_FILL_AREA ( #5069 ) ;
#1551 = SURFACE_SIDE_STYLE ('',( #7671 ) ) ;
#1552 = ORIENTED_EDGE ( 'NONE', *, *, #89, .F. ) ;
#1553 = EDGE_CURVE ( 'NONE', #4443, #11508, #9124, .T. ) ;
#1554 = FACE_BOUND ( 'NONE', #9841, .T. ) ;
#1555 = EDGE_CURVE ( 'NONE', #4746, #10383, #10679, .T. ) ;
#1556 =( LENGTH_UNIT ( ) NAMED_UNIT ( * ) SI_UNIT ( .MILLI., .METRE. ) );
#1557 = LINE ( 'NONE', #5135, #9909 ) ;
#1558 = AXIS2_PLACEMENT_3D ( 'NONE', #7098, #3675, #1928 ) ;
#1559 = COLOUR_RGB ( '',0.8196078431372548767, 0.7058823529411764053, 0.5254901960784313930 ) ;
#1560 =( NAMED_UNIT ( * ) SI_UNIT ( $, .STERADIAN. ) SOLID_ANGLE_UNIT ( ) );
#1561 = DIRECTION ( 'NONE',  ( 1.000000000000000000, 0.0000000000000000000, 0.0000000000000000000 ) ) ;
#1562 = EDGE_CURVE ( 'NONE', #3473, #7885, #1820, .T. ) ;
#1563 = CARTESIAN_POINT ( 'NONE',  ( 9.535302270426496918, 8.189342099564523636, 6.499999999999998224 ) ) ;
#1564 = FACE_OUTER_BOUND ( 'NONE', #11502, .T. ) ;
#1565 = LINE ( 'NONE', #10178, #3873 ) ;
#1566 = STYLED_ITEM ( 'NONE', ( #9962 ), #10614 ) ;
#1567 = CARTESIAN_POINT ( 'NONE',  ( 15.12500000000000178, 15.12500000000000000, 1.900000000000002354 ) ) ;
#1568 = ORIENTED_EDGE ( 'NONE', *, *, #4693, .T. ) ;
#1569 = SURFACE_STYLE_USAGE ( .BOTH. , #4254 ) ;
#1570 =( NAMED_UNIT ( * ) SI_UNIT ( $, .STERADIAN. ) SOLID_ANGLE_UNIT ( ) );
#1571 = UNCERTAINTY_MEASURE_WITH_UNIT (LENGTH_MEASURE( 1.000000000000000082E-05 ), #7710, 'distance_accuracy_value', 'NONE');
#1572 = ORIENTED_EDGE ( 'NONE', *, *, #8198, .T. ) ;
#1573 = VECTOR ( 'NONE', #5833, 1000.000000000000000 ) ;
#1574 = AXIS2_PLACEMENT_3D ( 'NONE', #9071, #1034, #4635 ) ;
#1575 = DIRECTION ( 'NONE',  ( 1.000000000000000000, 0.0000000000000000000, 0.0000000000000000000 ) ) ;
#1576 = SURFACE_SIDE_STYLE ('',( #10542 ) ) ;
#1578 = ORIENTED_EDGE ( 'NONE', *, *, #6673, .T. ) ;
#1577 = CARTESIAN_POINT ( 'NONE',  ( 16.00000000000000000, 10.26999999999999957, 0.0000000000000000000 ) ) ;
#1579 = LINE ( 'NONE', #6641, #51 ) ;
#1581 = ORIENTED_EDGE ( 'NONE', *, *, #8622, .F. ) ;
#1580 = PRESENTATION_STYLE_ASSIGNMENT (( #8590 ) ) ;
#1582 = LINE ( 'NONE', #3378, #3044 ) ;
#1583 = FILL_AREA_STYLE ('',( #7936 ) ) ;
#1584 = MECHANICAL_DESIGN_GEOMETRIC_PRESENTATION_REPRESENTATION (  '', ( #6057 ), #7723 ) ;
#1585 = CARTESIAN_POINT ( 'NONE',  ( -3.159972283839353223E-15, 10.26999999999999957, 0.9000000000000001332 ) ) ;
#1586 = VECTOR ( 'NONE', #9491, 1000.000000000000000 ) ;
#1587 = AXIS2_PLACEMENT_3D ( 'NONE', #5948, #10258, #5331 ) ;
#1588 = CARTESIAN_POINT ( 'NONE',  ( 14.50000000000000000, 2.649999999999990141, 1.000000000000000000 ) ) ;
#1589 = UNCERTAINTY_MEASURE_WITH_UNIT (LENGTH_MEASURE( 1.000000000000000082E-05 ), #991, 'distance_accuracy_value', 'NONE');
#1590 = DIRECTION ( 'NONE',  ( 0.0000000000000000000, 0.0000000000000000000, 1.000000000000000000 ) ) ;
#1591 = ORIENTED_EDGE ( 'NONE', *, *, #10164, .F. ) ;
#1592 = ORIENTED_EDGE ( 'NONE', *, *, #7221, .F. ) ;
#1594 = ORIENTED_EDGE ( 'NONE', *, *, #9945, .F. ) ;
#1593 = FACE_OUTER_BOUND ( 'NONE', #3138, .T. ) ;
#1595 = STYLED_ITEM ( 'NONE', ( #8145 ), #6040 ) ;
#1596 = ORIENTED_EDGE ( 'NONE', *, *, #6951, .T. ) ;
#1597 = MECHANICAL_DESIGN_GEOMETRIC_PRESENTATION_REPRESENTATION (  '', ( #2856 ), #11072 ) ;
#1598 = CARTESIAN_POINT ( 'NONE',  ( 17.07320508075688537, -1.073205080756891583, 6.323205080756888030 ) ) ;
#1599 = ORIENTED_EDGE ( 'NONE', *, *, #455, .F. ) ;
#1600 =( NAMED_UNIT ( * ) SI_UNIT ( $, .STERADIAN. ) SOLID_ANGLE_UNIT ( ) );
#1601 = FILL_AREA_STYLE ('',( #4121 ) ) ;
#1602 = ORIENTED_EDGE ( 'NONE', *, *, #2818, .F. ) ;
#1603 = UNCERTAINTY_MEASURE_WITH_UNIT (LENGTH_MEASURE( 1.000000000000000082E-05 ), #4862, 'distance_accuracy_value', 'NONE');
#1604 = CARTESIAN_POINT ( 'NONE',  ( -1.199999999999999956, 17.19999999999999929, 6.150000000000000355 ) ) ;
#1605 = EDGE_LOOP ( 'NONE', ( #7476, #133, #11021, #5378 ) ) ;
#1606 =( LENGTH_UNIT ( ) NAMED_UNIT ( * ) SI_UNIT ( .MILLI., .METRE. ) );
#1607 = ADVANCED_FACE ( 'NONE', ( #8473 ), #3023, .T. ) ;
#1608 = DIRECTION ( 'NONE',  ( 0.0000000000000000000, 1.000000000000000000, 0.0000000000000000000 ) ) ;
#1609 = CARTESIAN_POINT ( 'NONE',  ( 15.52500000000000036, 0.4749999999999989786, 1.000000000000000000 ) ) ;
#1610 = ORIENTED_EDGE ( 'NONE', *, *, #1030, .F. ) ;
#1611 = SURFACE_SIDE_STYLE ('',( #2493 ) ) ;
#1612 = FILL_AREA_STYLE_COLOUR ( '', #8438 ) ;
#1613 = EDGE_CURVE ( 'NONE', #7965, #6227, #3084, .T. ) ;
#1614 = DIRECTION ( 'NONE',  ( -1.475379434717819995E-16, 1.000000000000000000, 0.0000000000000000000 ) ) ;
#1615 = SURFACE_STYLE_FILL_AREA ( #2441 ) ;
#1616 =( NAMED_UNIT ( * ) PLANE_ANGLE_UNIT ( ) SI_UNIT ( $, .RADIAN. ) );
#1617 = CARTESIAN_POINT ( 'NONE',  ( 14.50000000000000000, 6.730000000000000426, -0.1000000000000000472 ) ) ;
#1618 = VECTOR ( 'NONE', #188, 1000.000000000000000 ) ;
#1619 = EDGE_CURVE ( 'NONE', #842, #551, #9312, .T. ) ;
#1620 = CARTESIAN_POINT ( 'NONE',  ( 9.677499704270097425, 7.990570225269545190, 6.499999999999998224 ) ) ;
#1621 = PRESENTATION_STYLE_ASSIGNMENT (( #11239 ) ) ;
#1622 = EDGE_CURVE ( 'NONE', #8893, #9033, #2971, .T. ) ;
#1623 =( NAMED_UNIT ( * ) SI_UNIT ( $, .STERADIAN. ) SOLID_ANGLE_UNIT ( ) );
#1624 = LINE ( 'NONE', #10648, #3134 ) ;
#1625 =( LENGTH_UNIT ( ) NAMED_UNIT ( * ) SI_UNIT ( .MILLI., .METRE. ) );
#1626 = EDGE_LOOP ( 'NONE', ( #3713, #3185, #3123, #7492, #10536 ) ) ;
#1627 = DIRECTION ( 'NONE',  ( 0.0000000000000000000, 0.0000000000000000000, 1.000000000000000000 ) ) ;
#1628 = LINE ( 'NONE', #11302, #2647 ) ;
#1629 = SURFACE_STYLE_USAGE ( .BOTH. , #8708 ) ;
#1630 = EDGE_CURVE ( 'NONE', #6633, #5056, #2275, .T. ) ;
#1631 = EDGE_LOOP ( 'NONE', ( #1495, #7163, #2732, #3367 ) ) ;
#1632 = CARTESIAN_POINT ( 'NONE',  ( 16.00000000000000000, 9.769999999999999574, 1.000000000000000888 ) ) ;
#1633 = DIRECTION ( 'NONE',  ( 1.000000000000000000, -0.0000000000000000000, 0.0000000000000000000 ) ) ;
#1635 = ORIENTED_EDGE ( 'NONE', *, *, #2742, .F. ) ;
#1634 = PLANE ( 'NONE',  #6574 ) ;
#1636 = SURFACE_STYLE_FILL_AREA ( #1698 ) ;
#1638 = VERTEX_POINT ( 'NONE', #9408 ) ;
#1637 = DIRECTION ( 'NONE',  ( 0.0000000000000000000, 0.0000000000000000000, -1.000000000000000000 ) ) ;
#1639 = STYLED_ITEM ( 'NONE', ( #10668 ), #7034 ) ;
#1640 = DIRECTION ( 'NONE',  ( 0.0000000000000000000, 0.0000000000000000000, 1.000000000000000000 ) ) ;
#1641 = LINE ( 'NONE', #10494, #9353 ) ;
#1642 = LINE ( 'NONE', #1706, #2763 ) ;
#1643 = CARTESIAN_POINT ( 'NONE',  ( 15.34787552320192638, 0.2963601892220693035, 1.684555845389743789 ) ) ;
#1644 = ORIENTED_EDGE ( 'NONE', *, *, #8275, .T. ) ;
#1645 = DIRECTION ( 'NONE',  ( -0.0000000000000000000, -0.0000000000000000000, -1.000000000000000000 ) ) ;
#1646 = VERTEX_POINT ( 'NONE', #10079 ) ;
#1648 = EDGE_LOOP ( 'NONE', ( #4075, #8454, #5947, #6986, #396 ) ) ;
#1647 = SURFACE_STYLE_USAGE ( .BOTH. , #7768 ) ;
#1649 = CIRCLE ( 'NONE', #3509, 0.3999999999999993006 ) ;
#1650 = EDGE_LOOP ( 'NONE', ( #11347, #6005, #762, #503 ) ) ;
#1651 = MECHANICAL_DESIGN_GEOMETRIC_PRESENTATION_REPRESENTATION (  '', ( #3881 ), #1255 ) ;
#1652 = CARTESIAN_POINT ( 'NONE',  ( 17.22556318357703731, -0.9099081583128876272, 6.334143900380730940 ) ) ;
#1653 = ORIENTED_EDGE ( 'NONE', *, *, #10991, .T. ) ;
#1654 =( NAMED_UNIT ( * ) SI_UNIT ( $, .STERADIAN. ) SOLID_ANGLE_UNIT ( ) );
#1655 =( NAMED_UNIT ( * ) PLANE_ANGLE_UNIT ( ) SI_UNIT ( $, .RADIAN. ) );
#1656 = VERTEX_POINT ( 'NONE', #2105 ) ;
#1657 = CIRCLE ( 'NONE', #8192, 0.2999999999999999889 ) ;
#1658 = DIRECTION ( 'NONE',  ( 1.000000000000000000, 0.0000000000000000000, -0.0000000000000000000 ) ) ;
#1659 = ORIENTED_EDGE ( 'NONE', *, *, #955, .T. ) ;
#1660 = CARTESIAN_POINT ( 'NONE',  ( 16.10000000000000142, 6.929999999999999716, -0.09999999999999999167 ) ) ;
#1661 =( NAMED_UNIT ( * ) SI_UNIT ( $, .STERADIAN. ) SOLID_ANGLE_UNIT ( ) );
#1662 = STYLED_ITEM ( 'NONE', ( #1026 ), #8132 ) ;
#1663 = MECHANICAL_DESIGN_GEOMETRIC_PRESENTATION_REPRESENTATION (  '', ( #9679 ), #9506 ) ;
#1664 =( NAMED_UNIT ( * ) PLANE_ANGLE_UNIT ( ) SI_UNIT ( $, .RADIAN. ) );
#1665 = STYLED_ITEM ( 'NONE', ( #2375 ), #2124 ) ;
#1666 = CARTESIAN_POINT ( 'NONE',  ( 8.489999999999998437, 15.50000000000000000, 0.0000000000000000000 ) ) ;
#1667 =( GEOMETRIC_REPRESENTATION_CONTEXT ( 3 ) GLOBAL_UNCERTAINTY_ASSIGNED_CONTEXT ( ( #8482 ) ) GLOBAL_UNIT_ASSIGNED_CONTEXT ( ( #2317, #3125, #595 ) ) REPRESENTATION_CONTEXT ( 'NONE', 'WORKASPACE' ) );
#1668 = VERTEX_POINT ( 'NONE', #4973 ) ;
#1669 = PLANE ( 'NONE',  #6944 ) ;
#1670 = DIRECTION ( 'NONE',  ( 1.000000000000000000, 2.775557561562889872E-16, -0.0000000000000000000 ) ) ;
#1671 = DIRECTION ( 'NONE',  ( 1.000000000000000000, 0.0000000000000000000, -0.0000000000000000000 ) ) ;
#1672 = COLOUR_RGB ( '',0.8196078431372548767, 0.7058823529411764053, 0.5254901960784313930 ) ;
#1673 = PRESENTATION_STYLE_ASSIGNMENT (( #5834 ) ) ;
#1674 = SURFACE_STYLE_FILL_AREA ( #1951 ) ;
#1675 =( NAMED_UNIT ( * ) SI_UNIT ( $, .STERADIAN. ) SOLID_ANGLE_UNIT ( ) );
#1676 = STYLED_ITEM ( 'NONE', ( #8667 ), #5346 ) ;
#1677 = DIRECTION ( 'NONE',  ( 0.4397326120323070686, -0.1821432117215241453, 0.8794652240646088082 ) ) ;
#1678 = CARTESIAN_POINT ( 'NONE',  ( 16.00000000000000000, 2.450000000000000178, 1.000000000000000444 ) ) ;
#1679 = FILL_AREA_STYLE ('',( #5257 ) ) ;
#1680 = PRESENTATION_STYLE_ASSIGNMENT (( #8702 ) ) ;
#1681 = ADVANCED_FACE ( 'NONE', ( #1213 ), #7399, .T. ) ;
#1682 = SURFACE_STYLE_USAGE ( .BOTH. , #840 ) ;
#1683 =( GEOMETRIC_REPRESENTATION_CONTEXT ( 3 ) GLOBAL_UNCERTAINTY_ASSIGNED_CONTEXT ( ( #3758 ) ) GLOBAL_UNIT_ASSIGNED_CONTEXT ( ( #10539, #4441, #3670 ) ) REPRESENTATION_CONTEXT ( 'NONE', 'WORKASPACE' ) );
#1684 = CARTESIAN_POINT ( 'NONE',  ( -0.1000000000000020040, 6.830000000000000071, 0.4500000000000000666 ) ) ;
#1685 = ORIENTED_EDGE ( 'NONE', *, *, #3246, .T. ) ;
#1686 = SURFACE_STYLE_FILL_AREA ( #10711 ) ;
#1687 = PRESENTATION_LAYER_ASSIGNMENT (  '', '', ( #11362 ) ) ;
#1688 = FACE_OUTER_BOUND ( 'NONE', #8092, .T. ) ;
#1689 = UNCERTAINTY_MEASURE_WITH_UNIT (LENGTH_MEASURE( 1.000000000000000082E-05 ), #1446, 'distance_accuracy_value', 'NONE');
#1690 = EDGE_CURVE ( 'NONE', #3285, #10563, #5031, .T. ) ;
#1691 = ORIENTED_EDGE ( 'NONE', *, *, #747, .T. ) ;
#1692 = DIRECTION ( 'NONE',  ( 1.000000000000000000, -0.0000000000000000000, 0.0000000000000000000 ) ) ;
#1693 =( NAMED_UNIT ( * ) PLANE_ANGLE_UNIT ( ) SI_UNIT ( $, .RADIAN. ) );
#1694 = EDGE_CURVE ( 'NONE', #2923, #1995, #614, .T. ) ;
#1696 = ORIENTED_EDGE ( 'NONE', *, *, #5353, .F. ) ;
#1695 = CARTESIAN_POINT ( 'NONE',  ( -0.9000000000000030198, 15.87573593128810145, 6.150000000000000355 ) ) ;
#1697 = VECTOR ( 'NONE', #965, 1000.000000000000000 ) ;
#1698 = FILL_AREA_STYLE ('',( #6125 ) ) ;
#1699 = PRESENTATION_LAYER_ASSIGNMENT (  '', '', ( #3990 ) ) ;
#1701 = VERTEX_POINT ( 'NONE', #3376 ) ;
#1700 = SURFACE_STYLE_FILL_AREA ( #6933 ) ;
#1702 = EDGE_CURVE ( 'NONE', #11207, #1033, #3439, .T. ) ;
#1703 = SURFACE_SIDE_STYLE ('',( #9528 ) ) ;
#1704 = SURFACE_SIDE_STYLE ('',( #11374 ) ) ;
#1705 = AXIS2_PLACEMENT_3D ( 'NONE', #1139, #6451, #1075 ) ;
#1706 = CARTESIAN_POINT ( 'NONE',  ( -4.440892098500630106E-15, 16.00000000000000000, 0.9000000000000001332 ) ) ;
#1707 = ADVANCED_FACE ( 'NONE', ( #9581 ), #4219, .T. ) ;
#1708 = EDGE_CURVE ( 'NONE', #551, #7397, #10608, .T. ) ;
#1709 = CARTESIAN_POINT ( 'NONE',  ( 8.000000000000000000, 15.52500000000000036, 0.9000000000000001332 ) ) ;
#1710 = ORIENTED_EDGE ( 'NONE', *, *, #11071, .F. ) ;
#1711 = EDGE_LOOP ( 'NONE', ( #4974, #1442, #7585, #5096 ) ) ;
#1712 = AXIS2_PLACEMENT_3D ( 'NONE', #593, #1249, #7439 ) ;
#1713 = ORIENTED_EDGE ( 'NONE', *, *, #1031, .F. ) ;
#1714 = EDGE_LOOP ( 'NONE', ( #1329, #6738, #1568, #22, #4083, #8162, #2684, #7611 ) ) ;
#1715 = EDGE_CURVE ( 'NONE', #9346, #767, #1105, .T. ) ;
#1716 = CARTESIAN_POINT ( 'NONE',  ( -0.1000000000000010186, 2.649999999999990585, 1.000000000000000000 ) ) ;
#1717 = ORIENTED_EDGE ( 'NONE', *, *, #4910, .T. ) ;
#1718 = PRESENTATION_LAYER_ASSIGNMENT (  '', '', ( #359 ) ) ;
#1719 = UNCERTAINTY_MEASURE_WITH_UNIT (LENGTH_MEASURE( 1.000000000000000082E-05 ), #5598, 'distance_accuracy_value', 'NONE');
#1720 = CARTESIAN_POINT ( 'NONE',  ( -0.9991877486788884877, -1.173091991778427490, 6.075283505579354149 ) ) ;
#1721 = VECTOR ( 'NONE', #1671, 1000.000000000000000 ) ;
#1722 = CARTESIAN_POINT ( 'NONE',  ( 8.000000000000000000, 6.730000000000000426, 0.9000000000000001332 ) ) ;
#1723 = MECHANICAL_DESIGN_GEOMETRIC_PRESENTATION_REPRESENTATION (  '', ( #7472 ), #760 ) ;
#1724 = SURFACE_STYLE_FILL_AREA ( #9715 ) ;
#1725 = EDGE_LOOP ( 'NONE', ( #7049, #10036, #1027, #3287 ) ) ;
#1726 = FACE_OUTER_BOUND ( 'NONE', #6284, .T. ) ;
#1727 = SURFACE_SIDE_STYLE ('',( #700 ) ) ;
#1728 = DIRECTION ( 'NONE',  ( 1.659300716151730101E-16, -1.000000000000000000, 0.0000000000000000000 ) ) ;
#1729 = CIRCLE ( 'NONE', #7111, 0.2999999999999999334 ) ;
#1730 = CARTESIAN_POINT ( 'NONE',  ( 0.6961145618000199597, 0.5172291236000328141, 1.900000000000000133 ) ) ;
#1731 = COLOUR_RGB ( '',0.8196078431372548767, 0.7058823529411764053, 0.5254901960784313930 ) ;
#1732 = LINE ( 'NONE', #2703, #11138 ) ;
#1733 = ORIENTED_EDGE ( 'NONE', *, *, #7738, .T. ) ;
#1734 = AXIS2_PLACEMENT_3D ( 'NONE', #79, #862, #11495 ) ;
#1735 = CARTESIAN_POINT ( 'NONE',  ( 16.10000000000000142, 10.16999999999999993, 1.000000000000000000 ) ) ;
#1736 = MECHANICAL_DESIGN_GEOMETRIC_PRESENTATION_REPRESENTATION (  '', ( #191 ), #1916 ) ;
#1737 =( NAMED_UNIT ( * ) PLANE_ANGLE_UNIT ( ) SI_UNIT ( $, .RADIAN. ) );
#1738 = MECHANICAL_DESIGN_GEOMETRIC_PRESENTATION_REPRESENTATION (  '', ( #3407 ), #4916 ) ;
#1739 = DIRECTION ( 'NONE',  ( -0.0000000000000000000, 1.000000000000000000, 0.0000000000000000000 ) ) ;
#1740 = AXIS2_PLACEMENT_3D ( 'NONE', #3977, #4971, #4917 ) ;
#1741 = PRESENTATION_STYLE_ASSIGNMENT (( #6165 ) ) ;
#1742 =( GEOMETRIC_REPRESENTATION_CONTEXT ( 3 ) GLOBAL_UNCERTAINTY_ASSIGNED_CONTEXT ( ( #7748 ) ) GLOBAL_UNIT_ASSIGNED_CONTEXT ( ( #8865, #1616, #6105 ) ) REPRESENTATION_CONTEXT ( 'NONE', 'WORKASPACE' ) );
#1743 = PRESENTATION_STYLE_ASSIGNMENT (( #10417 ) ) ;
#1744 = CARTESIAN_POINT ( 'NONE',  ( 15.52499999999999858, 14.34999999999999964, 0.9000000000000001332 ) ) ;
#1745 = AXIS2_PLACEMENT_3D ( 'NONE', #8649, #7927, #3550 ) ;
#1746 = CARTESIAN_POINT ( 'NONE',  ( 9.400000000000000355, 15.75000000000000000, 0.9350000000000000533 ) ) ;
#1747 = CARTESIAN_POINT ( 'NONE',  ( 15.99999999999999645, 12.81000000000000050, 0.0000000000000000000 ) ) ;
#1748 = PRESENTATION_LAYER_ASSIGNMENT (  '', '', ( #6759 ) ) ;
#1749 =( NAMED_UNIT ( * ) PLANE_ANGLE_UNIT ( ) SI_UNIT ( $, .RADIAN. ) );
#1750 = VERTEX_POINT ( 'NONE', #11260 ) ;
#1751 = FILL_AREA_STYLE ('',( #6065 ) ) ;
#1752 = VECTOR ( 'NONE', #9635, 1000.000000000000000 ) ;
#1753 = CARTESIAN_POINT ( 'NONE',  ( 15.52499999999999858, 7.730000000000000426, 0.9000000000000001332 ) ) ;
#1754 = ORIENTED_EDGE ( 'NONE', *, *, #7462, .F. ) ;
#1755 = CARTESIAN_POINT ( 'NONE',  ( 1.499999999999999778, 11.81000000000000050, 0.0000000000000000000 ) ) ;
#1756 = DIRECTION ( 'NONE',  ( -1.000000000000000000, -0.0000000000000000000, 0.0000000000000000000 ) ) ;
#1757 = VECTOR ( 'NONE', #8664, 1000.000000000000000 ) ;
#1758 = STYLED_ITEM ( 'NONE', ( #1621 ), #10681 ) ;
#1760 = ORIENTED_EDGE ( 'NONE', *, *, #364, .T. ) ;
#1759 = DIRECTION ( 'NONE',  ( -7.401486830834380223E-16, 1.000000000000000000, 0.0000000000000000000 ) ) ;
#1761 = PLANE ( 'NONE',  #1003 ) ;
#1762 = CARTESIAN_POINT ( 'NONE',  ( 16.10000000000000142, 7.230000000000000426, 1.000000000000000000 ) ) ;
#1763 = ADVANCED_FACE ( 'NONE', ( #3274 ), #6872, .T. ) ;
#1764 = CARTESIAN_POINT ( 'NONE',  ( 8.000000000000000000, 8.000000000000000000, 0.9000000000000001332 ) ) ;
#1765 = LINE ( 'NONE', #8888, #6512 ) ;
#1766 = MECHANICAL_DESIGN_GEOMETRIC_PRESENTATION_REPRESENTATION (  '', ( #7902 ), #10863 ) ;
#1767 = VECTOR ( 'NONE', #8489, 1000.000000000000000 ) ;
#1768 = ORIENTED_EDGE ( 'NONE', *, *, #10515, .F. ) ;
#1769 = DIRECTION ( 'NONE',  ( 1.562399951873149988E-16, -1.000000000000000000, 0.0000000000000000000 ) ) ;
#1770 = DIRECTION ( 'NONE',  ( 0.0000000000000000000, 1.000000000000000000, 0.0000000000000000000 ) ) ;
#1771 = VERTEX_POINT ( 'NONE', #4569 ) ;
#1772 = ORIENTED_EDGE ( 'NONE', *, *, #5208, .F. ) ;
#1773 = EDGE_CURVE ( 'NONE', #4050, #11461, #3621, .T. ) ;
#1774 = PRESENTATION_LAYER_ASSIGNMENT (  '', '', ( #11448 ) ) ;
#1775 = EDGE_CURVE ( 'NONE', #5559, #9050, #9107, .T. ) ;
#1776 = COLOUR_RGB ( '',0.8196078431372548767, 0.7058823529411764053, 0.5254901960784313930 ) ;
#1777 = CARTESIAN_POINT ( 'NONE',  ( 17.02609082871281032, -0.5975731024119739221, 6.623899314911873226 ) ) ;
#1778 = EDGE_CURVE ( 'NONE', #6336, #8427, #1873, .T. ) ;
#1779 =( LENGTH_UNIT ( ) NAMED_UNIT ( * ) SI_UNIT ( .MILLI., .METRE. ) );
#1780 = LINE ( 'NONE', #2800, #5030 ) ;
#1781 = ORIENTED_EDGE ( 'NONE', *, *, #1822, .F. ) ;
#1782 = EDGE_CURVE ( 'NONE', #1972, #1209, #7155, .T. ) ;
#1783 =( GEOMETRIC_REPRESENTATION_CONTEXT ( 3 ) GLOBAL_UNCERTAINTY_ASSIGNED_CONTEXT ( ( #11267 ) ) GLOBAL_UNIT_ASSIGNED_CONTEXT ( ( #3165, #1416, #5746 ) ) REPRESENTATION_CONTEXT ( 'NONE', 'WORKASPACE' ) );
#1784 = LINE ( 'NONE', #8965, #56 ) ;
#1785 = CARTESIAN_POINT ( 'NONE',  ( 0.2072634734055801287, 1.242365090072143241, 1.996379558193272619 ) ) ;
#1786 = AXIS2_PLACEMENT_3D ( 'NONE', #6855, #1432, #2198 ) ;
#1787 = ORIENTED_EDGE ( 'NONE', *, *, #7029, .T. ) ;
#1788 = FACE_OUTER_BOUND ( 'NONE', #2607, .T. ) ;
#1789 = LINE ( 'NONE', #5356, #893 ) ;
#1790 = FACE_OUTER_BOUND ( 'NONE', #6901, .T. ) ;
#1791 = ORIENTED_EDGE ( 'NONE', *, *, #11168, .T. ) ;
#1792 = PLANE ( 'NONE',  #563 ) ;
#1793 = CARTESIAN_POINT ( 'NONE',  ( 16.10000000000000142, 10.26999999999999957, 1.000000000000000000 ) ) ;
#1794 = SURFACE_STYLE_USAGE ( .BOTH. , #2652 ) ;
#1795 = CARTESIAN_POINT ( 'NONE',  ( 9.400000000000000355, 0.9100000000000001421, 0.0000000000000000000 ) ) ;
#1796 = CARTESIAN_POINT ( 'NONE',  ( 0.8750000000000031086, 0.8749999999999990008, 1.899999999999999911 ) ) ;
#1797 = DIRECTION ( 'NONE',  ( 0.0000000000000000000, 0.0000000000000000000, -1.000000000000000000 ) ) ;
#1798 = CARTESIAN_POINT ( 'NONE',  ( 9.400000000000000355, 0.5000000000000000000, 0.9350000000000000533 ) ) ;
#1799 =( NAMED_UNIT ( * ) PLANE_ANGLE_UNIT ( ) SI_UNIT ( $, .RADIAN. ) );
#1800 = ORIENTED_EDGE ( 'NONE', *, *, #5405, .T. ) ;
#1801 = FILL_AREA_STYLE ('',( #114 ) ) ;
#1802 = PLANE ( 'NONE',  #6228 ) ;
#1803 = ORIENTED_EDGE ( 'NONE', *, *, #3095, .T. ) ;
#1804 = CARTESIAN_POINT ( 'NONE',  ( 16.00000000000000000, 15.35000000000000142, 0.9000000000000001332 ) ) ;
#1805 = SURFACE_STYLE_USAGE ( .BOTH. , #4503 ) ;
#1807 = ORIENTED_EDGE ( 'NONE', *, *, #2250, .T. ) ;
#1806 = DIRECTION ( 'NONE',  ( 1.000000000000000000, 0.0000000000000000000, 0.0000000000000000000 ) ) ;
#1808 = CARTESIAN_POINT ( 'NONE',  ( 8.000000000000000000, 6.730000000000000426, 0.0000000000000000000 ) ) ;
#1809 = DIRECTION ( 'NONE',  ( -0.0000000000000000000, -0.0000000000000000000, -1.000000000000000000 ) ) ;
#1810 = CARTESIAN_POINT ( 'NONE',  ( 16.00000000000000000, 14.84999999999999964, -0.1000000000000028644 ) ) ;
#1811 = CARTESIAN_POINT ( 'NONE',  ( 15.12500000000000000, 15.12500000000000000, 0.9000000000000001332 ) ) ;
#1812 = FILL_AREA_STYLE ('',( #5277 ) ) ;
#1813 = CARTESIAN_POINT ( 'NONE',  ( -2.786640517103852258E-16, 2.449999999999989964, -0.1000000000000014211 ) ) ;
#1814 = ORIENTED_EDGE ( 'NONE', *, *, #2903, .F. ) ;
#1815 = FACE_OUTER_BOUND ( 'NONE', #4532, .T. ) ;
#1816 = CARTESIAN_POINT ( 'NONE',  ( -1.876450383964113496E-15, 6.729999999999999538, 0.9000000000000001332 ) ) ;
#1818 = ORIENTED_EDGE ( 'NONE', *, *, #10658, .T. ) ;
#1817 = CARTESIAN_POINT ( 'NONE',  ( -1.115951369602818266, 15.67861734454084299, 6.217151088788122060 ) ) ;
#1819 = STYLED_ITEM ( 'NONE', ( #5191 ), #6810 ) ;
#1821 = ORIENTED_EDGE ( 'NONE', *, *, #4402, .F. ) ;
#1820 = LINE ( 'NONE', #7574, #4290 ) ;
#1822 = EDGE_CURVE ( 'NONE', #7449, #3282, #10245, .T. ) ;
#1823 = CARTESIAN_POINT ( 'NONE',  ( 0.05107219785696238273, 17.18115371536960367, 6.075196668693049418 ) ) ;
#1824 = SURFACE_STYLE_USAGE ( .BOTH. , #10790 ) ;
#1825 = ORIENTED_EDGE ( 'NONE', *, *, #4618, .T. ) ;
#1826 = AXIS2_PLACEMENT_3D ( 'NONE', #3188, #3254, #7792 ) ;
#1827 = UNCERTAINTY_MEASURE_WITH_UNIT (LENGTH_MEASURE( 1.000000000000000082E-05 ), #4844, 'distance_accuracy_value', 'NONE');
#1828 = CARTESIAN_POINT ( 'NONE',  ( 1.500000000000000000, 10.26999999999999957, -0.1000000000000000194 ) ) ;
#1829 = EDGE_CURVE ( 'NONE', #9059, #9845, #5446, .T. ) ;
#1830 = DIRECTION ( 'NONE',  ( 0.0000000000000000000, 0.0000000000000000000, 1.000000000000000000 ) ) ;
#1831 = SURFACE_STYLE_FILL_AREA ( #151 ) ;
#1832 = STYLED_ITEM ( 'NONE', ( #11040 ), #8404 ) ;
#1833 = FILL_AREA_STYLE ('',( #1113 ) ) ;
#1834 = EDGE_CURVE ( 'NONE', #1478, #1656, #912, .T. ) ;
#1835 = ORIENTED_EDGE ( 'NONE', *, *, #606, .T. ) ;
#1836 =( NAMED_UNIT ( * ) SI_UNIT ( $, .STERADIAN. ) SOLID_ANGLE_UNIT ( ) );
#1837 =( LENGTH_UNIT ( ) NAMED_UNIT ( * ) SI_UNIT ( .MILLI., .METRE. ) );
#1838 = EDGE_CURVE ( 'NONE', #3656, #5051, #10801, .T. ) ;
#1839 = FACE_OUTER_BOUND ( 'NONE', #6530, .T. ) ;
#1840 = EDGE_CURVE ( 'NONE', #428, #835, #1929, .T. ) ;
#1841 = CARTESIAN_POINT ( 'NONE',  ( 15.25000000000000000, 12.31000000000000227, 1.000000000000000000 ) ) ;
#1842 = VECTOR ( 'NONE', #8627, 1000.000000000000000 ) ;
#1843 = DIRECTION ( 'NONE',  ( 1.000000000000000000, -0.0000000000000000000, 0.0000000000000000000 ) ) ;
#1844 = EDGE_LOOP ( 'NONE', ( #9016, #4860, #1522, #10023 ) ) ;
#1845 = VECTOR ( 'NONE', #3545, 1000.000000000000000 ) ;
#1846 = PLANE ( 'NONE',  #7480 ) ;
#1847 = DIRECTION ( 'NONE',  ( -0.5773502691896242878, -0.5773502691896275074, 0.5773502691896253980 ) ) ;
#1848 = EDGE_CURVE ( 'NONE', #2421, #7199, #7254, .T. ) ;
#1849 = CARTESIAN_POINT ( 'NONE',  ( 9.400000000000002132, 15.91000000000000014, -0.03500000000000000333 ) ) ;
#1850 =( NAMED_UNIT ( * ) SI_UNIT ( $, .STERADIAN. ) SOLID_ANGLE_UNIT ( ) );
#1851 = COLOUR_RGB ( '',0.8196078431372548767, 0.7058823529411764053, 0.5254901960784313930 ) ;
#1852 = STYLED_ITEM ( 'NONE', ( #395 ), #8709 ) ;
#1853 = CARTESIAN_POINT ( 'NONE',  ( -1.514066649832558336E-15, 5.189999999999989733, 0.0000000000000000000 ) ) ;
#1854 = DIRECTION ( 'NONE',  ( 1.000000000000000000, 0.0000000000000000000, 0.0000000000000000000 ) ) ;
#1855 = EDGE_CURVE ( 'NONE', #3473, #7169, #4450, .T. ) ;
#1856 = DIRECTION ( 'NONE',  ( -0.0000000000000000000, 1.000000000000000000, 0.0000000000000000000 ) ) ;
#1857 = AXIS2_PLACEMENT_3D ( 'NONE', #1965, #946, #9993 ) ;
#1858 = ORIENTED_EDGE ( 'NONE', *, *, #7968, .T. ) ;
#1859 = CARTESIAN_POINT ( 'NONE',  ( 9.400000000000000355, 15.75000000000000000, 0.0000000000000000000 ) ) ;
#1860 = PRESENTATION_LAYER_ASSIGNMENT (  '', '', ( #7059 ) ) ;
#1861 = DIRECTION ( 'NONE',  ( 1.000000000000000000, 0.0000000000000000000, 0.0000000000000000000 ) ) ;
#1862 = VECTOR ( 'NONE', #2867, 1000.000000000000000 ) ;
#1863 =( GEOMETRIC_REPRESENTATION_CONTEXT ( 3 ) GLOBAL_UNCERTAINTY_ASSIGNED_CONTEXT ( ( #4062 ) ) GLOBAL_UNIT_ASSIGNED_CONTEXT ( ( #5968, #7771, #10447 ) ) REPRESENTATION_CONTEXT ( 'NONE', 'WORKASPACE' ) );
#1864 = PRESENTATION_LAYER_ASSIGNMENT (  '', '', ( #2214 ) ) ;
#1865 = ORIENTED_EDGE ( 'NONE', *, *, #4829, .T. ) ;
#1866 = MECHANICAL_DESIGN_GEOMETRIC_PRESENTATION_REPRESENTATION (  '', ( #4109 ), #9871 ) ;
#1867 = CARTESIAN_POINT ( 'NONE',  ( 17.07320508075688181, 17.07320508075688181, 6.323205080756887142 ) ) ;
#1869 = VERTEX_POINT ( 'NONE', #10720 ) ;
#1868 = PRESENTATION_STYLE_ASSIGNMENT (( #11 ) ) ;
#1870 = FACE_OUTER_BOUND ( 'NONE', #9809, .T. ) ;
#1871 =( NAMED_UNIT ( * ) PLANE_ANGLE_UNIT ( ) SI_UNIT ( $, .RADIAN. ) );
#1872 = AXIS2_PLACEMENT_3D ( 'NONE', #9233, #6587, #3077 ) ;
#1873 = LINE ( 'NONE', #9964, #2238 ) ;
#1874 = SURFACE_STYLE_FILL_AREA ( #9966 ) ;
#1875 = CARTESIAN_POINT ( 'NONE',  ( 8.206618400024122906, 7.141212035921599366, 6.949999999999997513 ) ) ;
#1876 = MECHANICAL_DESIGN_GEOMETRIC_PRESENTATION_REPRESENTATION (  '', ( #916 ), #4120 ) ;
#1877 = ORIENTED_EDGE ( 'NONE', *, *, #8692, .F. ) ;
#1878 = DIRECTION ( 'NONE',  ( 0.0000000000000000000, 0.0000000000000000000, -1.000000000000000000 ) ) ;
#1879 = FACE_BOUND ( 'NONE', #3357, .T. ) ;
#1880 = LINE ( 'NONE', #5454, #8024 ) ;
#1881 = EDGE_LOOP ( 'NONE', ( #10816, #9089, #1141, #9985 ) ) ;
#1882 = PRESENTATION_STYLE_ASSIGNMENT (( #2733 ) ) ;
#1883 = PLANE ( 'NONE',  #5100 ) ;
#1884 =( GEOMETRIC_REPRESENTATION_CONTEXT ( 3 ) GLOBAL_UNCERTAINTY_ASSIGNED_CONTEXT ( ( #8736 ) ) GLOBAL_UNIT_ASSIGNED_CONTEXT ( ( #4417, #7906, #6093 ) ) REPRESENTATION_CONTEXT ( 'NONE', 'WORKASPACE' ) );
#1886 = EDGE_LOOP ( 'NONE', ( #1067, #2333, #9249, #1381 ) ) ;
#1885 = PLANE ( 'NONE',  #8639 ) ;
#1887 = ORIENTED_EDGE ( 'NONE', *, *, #591, .F. ) ;
#1888 = CARTESIAN_POINT ( 'NONE',  ( 16.89999999999999858, -0.9000000000000070166, 6.150000000000000355 ) ) ;
#1889 = CARTESIAN_POINT ( 'NONE',  ( 8.000000000000000000, 7.999999999999989342, 6.450000000000000178 ) ) ;
#1890 = PRESENTATION_STYLE_ASSIGNMENT (( #8144 ) ) ;
#1891 = CARTESIAN_POINT ( 'NONE',  ( 9.400000000000000355, 0.2500000000000000000, -0.03500000000000000333 ) ) ;
#1892 = VERTEX_POINT ( 'NONE', #2896 ) ;
#1893 = CYLINDRICAL_SURFACE ( 'NONE', #8915, 0.2999999999999999889 ) ;
#1894 = SURFACE_SIDE_STYLE ('',( #9885 ) ) ;
#1895 = UNCERTAINTY_MEASURE_WITH_UNIT (LENGTH_MEASURE( 1.000000000000000082E-05 ), #11539, 'distance_accuracy_value', 'NONE');
#1896 = ORIENTED_EDGE ( 'NONE', *, *, #9318, .T. ) ;
#1897 = DIRECTION ( 'NONE',  ( -0.0000000000000000000, 1.000000000000000000, 0.0000000000000000000 ) ) ;
#1898 = CARTESIAN_POINT ( 'NONE',  ( 8.900000000000000355, 15.50000000000000000, 0.0000000000000000000 ) ) ;
#1899 = VERTEX_POINT ( 'NONE', #6458 ) ;
#1900 = EDGE_CURVE ( 'NONE', #365, #6374, #7994, .T. ) ;
#1901 = DIRECTION ( 'NONE',  ( 1.206764157201260003E-16, -1.000000000000000000, 0.0000000000000000000 ) ) ;
#1902 = MECHANICAL_DESIGN_GEOMETRIC_PRESENTATION_REPRESENTATION (  '', ( #3949 ), #3381 ) ;
#1903 = ADVANCED_FACE ( 'NONE', ( #10768 ), #6079, .T. ) ;
#1904 = CARTESIAN_POINT ( 'NONE',  ( 0.7499999999999960032, 14.84999999999999964, 1.000000000000000000 ) ) ;
#1905 =( NAMED_UNIT ( * ) PLANE_ANGLE_UNIT ( ) SI_UNIT ( $, .RADIAN. ) );
#1906 = CIRCLE ( 'NONE', #10463, 0.2999999999999999889 ) ;
#1907 =( NAMED_UNIT ( * ) PLANE_ANGLE_UNIT ( ) SI_UNIT ( $, .RADIAN. ) );
#1908 = CARTESIAN_POINT ( 'NONE',  ( 9.400000000000000355, 0.5000000000000000000, -0.03500000000000000333 ) ) ;
#1909 = VECTOR ( 'NONE', #4707, 1000.000000000000000 ) ;
#1910 = FACE_OUTER_BOUND ( 'NONE', #11578, .T. ) ;
#1911 = VECTOR ( 'NONE', #6418, 1000.000000000000000 ) ;
#1912 = FACE_OUTER_BOUND ( 'NONE', #10320, .T. ) ;
#1913 = EDGE_CURVE ( 'NONE', #2465, #7179, #5768, .T. ) ;
#1914 = MECHANICAL_DESIGN_GEOMETRIC_PRESENTATION_REPRESENTATION (  '', ( #10656 ), #2280 ) ;
#1915 = EDGE_CURVE ( 'NONE', #8790, #9052, #1379, .T. ) ;
#1916 =( GEOMETRIC_REPRESENTATION_CONTEXT ( 3 ) GLOBAL_UNCERTAINTY_ASSIGNED_CONTEXT ( ( #5686 ) ) GLOBAL_UNIT_ASSIGNED_CONTEXT ( ( #2368, #4425, #770 ) ) REPRESENTATION_CONTEXT ( 'NONE', 'WORKASPACE' ) );
#1917 = SURFACE_STYLE_USAGE ( .BOTH. , #9898 ) ;
#1918 = ORIENTED_EDGE ( 'NONE', *, *, #9613, .F. ) ;
#1919 = LINE ( 'NONE', #6277, #3971 ) ;
#1920 =( NAMED_UNIT ( * ) PLANE_ANGLE_UNIT ( ) SI_UNIT ( $, .RADIAN. ) );
#1921 = PRESENTATION_LAYER_ASSIGNMENT (  '', '', ( #6935 ) ) ;
#1922 = VERTEX_POINT ( 'NONE', #4082 ) ;
#1923 = EDGE_CURVE ( 'NONE', #5742, #7631, #6686, .T. ) ;
#1924 = DIRECTION ( 'NONE',  ( 0.0000000000000000000, 0.0000000000000000000, 1.000000000000000000 ) ) ;
#1926 = ORIENTED_EDGE ( 'NONE', *, *, #6457, .F. ) ;
#1925 = DIRECTION ( 'NONE',  ( 0.0000000000000000000, 0.0000000000000000000, 1.000000000000000000 ) ) ;
#1927 = CARTESIAN_POINT ( 'NONE',  ( 14.50000000000000000, 6.729999999999999538, 0.0000000000000000000 ) ) ;
#1928 = DIRECTION ( 'NONE',  ( 1.000000000000000000, 0.0000000000000000000, 0.0000000000000000000 ) ) ;
#1929 = LINE ( 'NONE', #8171, #4307 ) ;
#1930 =( NAMED_UNIT ( * ) SI_UNIT ( $, .STERADIAN. ) SOLID_ANGLE_UNIT ( ) );
#1931 =( GEOMETRIC_REPRESENTATION_CONTEXT ( 3 ) GLOBAL_UNCERTAINTY_ASSIGNED_CONTEXT ( ( #9285 ) ) GLOBAL_UNIT_ASSIGNED_CONTEXT ( ( #4563, #962, #4504 ) ) REPRESENTATION_CONTEXT ( 'NONE', 'WORKASPACE' ) );
#1932 = CARTESIAN_POINT ( 'NONE',  ( 15.25725033157184818, 15.02537800743914254, 2.264122655704560838 ) ) ;
#1933 = SURFACE_STYLE_FILL_AREA ( #10011 ) ;
#1934 = SURFACE_STYLE_USAGE ( .BOTH. , #4626 ) ;
#1935 = ORIENTED_EDGE ( 'NONE', *, *, #4112, .F. ) ;
#1936 = DIRECTION ( 'NONE',  ( 0.0000000000000000000, -0.0000000000000000000, -1.000000000000000000 ) ) ;
#1937 = ORIENTED_EDGE ( 'NONE', *, *, #6730, .T. ) ;
#1938 = DIRECTION ( 'NONE',  ( 0.0000000000000000000, -0.0000000000000000000, -1.000000000000000000 ) ) ;
#1939 = SURFACE_STYLE_USAGE ( .BOTH. , #7215 ) ;
#1940 = ORIENTED_EDGE ( 'NONE', *, *, #4829, .F. ) ;
#1942 = ORIENTED_EDGE ( 'NONE', *, *, #1773, .F. ) ;
#1941 = DIRECTION ( 'NONE',  ( -1.475379434717819995E-16, 1.000000000000000000, 0.0000000000000000000 ) ) ;
#1943 = LINE ( 'NONE', #1102, #8559 ) ;
#1944 = PRESENTATION_LAYER_ASSIGNMENT (  '', '', ( #1758 ) ) ;
#1945 = STYLED_ITEM ( 'NONE', ( #5447 ), #4042 ) ;
#1946 = FACE_OUTER_BOUND ( 'NONE', #2114, .T. ) ;
#1947 = UNCERTAINTY_MEASURE_WITH_UNIT (LENGTH_MEASURE( 1.000000000000000082E-05 ), #2716, 'distance_accuracy_value', 'NONE');
#1948 = CARTESIAN_POINT ( 'NONE',  ( 1.499999999999999556, 8.000000000000000000, 0.0000000000000000000 ) ) ;
#1949 = CARTESIAN_POINT ( 'NONE',  ( 8.489999999999998437, 15.50000000000000000, 0.0000000000000000000 ) ) ;
#1950 = CARTESIAN_POINT ( 'NONE',  ( 0.4263306623988133426, 0.6586449851559346147, 1.927795970582297125 ) ) ;
#1951 = FILL_AREA_STYLE ('',( #9880 ) ) ;
#1952 = VECTOR ( 'NONE', #7663, 1000.000000000000000 ) ;
#1953 = DIRECTION ( 'NONE',  ( 0.0000000000000000000, 0.0000000000000000000, -1.000000000000000000 ) ) ;
#1954 = STYLED_ITEM ( 'NONE', ( #10254 ), #6353 ) ;
#1955 = ORIENTED_EDGE ( 'NONE', *, *, #9757, .T. ) ;
#1956 = FACE_OUTER_BOUND ( 'NONE', #6421, .T. ) ;
#1957 = VERTEX_POINT ( 'NONE', #2199 ) ;
#1958 = CARTESIAN_POINT ( 'NONE',  ( 16.10000000000000142, 7.230000000000000426, -0.1000000000000000056 ) ) ;
#1959 = CARTESIAN_POINT ( 'NONE',  ( -0.1000000000000009076, 4.189999999999988844, 1.000000000000000000 ) ) ;
#1960 = ORIENTED_EDGE ( 'NONE', *, *, #6878, .F. ) ;
#1961 = AXIS2_PLACEMENT_3D ( 'NONE', #1539, #6904, #9601 ) ;
#1962 = PRESENTATION_STYLE_ASSIGNMENT (( #7304 ) ) ;
#1963 = DIRECTION ( 'NONE',  ( 2.775557561562889872E-16, -1.000000000000000000, 0.0000000000000000000 ) ) ;
#1964 =( LENGTH_UNIT ( ) NAMED_UNIT ( * ) SI_UNIT ( .MILLI., .METRE. ) );
#1965 = CARTESIAN_POINT ( 'NONE',  ( 16.89999999999999858, -0.9000000000000074607, 6.150000000000000355 ) ) ;
#1966 = CARTESIAN_POINT ( 'NONE',  ( 17.08414390038072028, 16.90990815831288074, 6.475563183577053294 ) ) ;
#1967 = EDGE_CURVE ( 'NONE', #8398, #8004, #9279, .T. ) ;
#1968 = LINE ( 'NONE', #4662, #4108 ) ;
#1969 = DIRECTION ( 'NONE',  ( 1.000000000000000000, 7.401486830834380223E-16, 0.0000000000000000000 ) ) ;
#1970 = EDGE_CURVE ( 'NONE', #2410, #8371, #4099, .T. ) ;
#1971 =( NAMED_UNIT ( * ) PLANE_ANGLE_UNIT ( ) SI_UNIT ( $, .RADIAN. ) );
#1972 = VERTEX_POINT ( 'NONE', #4901 ) ;
#1973 = CARTESIAN_POINT ( 'NONE',  ( 13.81400000000000006, 2.149999999999990141, 0.0000000000000000000 ) ) ;
#1974 = FACE_OUTER_BOUND ( 'NONE', #11364, .T. ) ;
#1975 = ORIENTED_EDGE ( 'NONE', *, *, #3987, .T. ) ;
#1976 = CARTESIAN_POINT ( 'NONE',  ( 0.7499999999999960032, 12.00999999999999979, -0.1000000000000000056 ) ) ;
#1977 = EDGE_CURVE ( 'NONE', #9845, #10288, #8456, .T. ) ;
#1978 = VERTEX_POINT ( 'NONE', #420 ) ;
#1979 = CARTESIAN_POINT ( 'NONE',  ( 1.500000000000000000, 9.269999999999999574, -0.1000000000000009076 ) ) ;
#1980 = EDGE_CURVE ( 'NONE', #6762, #3589, #3961, .T. ) ;
#1981 = CARTESIAN_POINT ( 'NONE',  ( 16.10000000000000142, 12.71000000000000085, 1.000000000000000000 ) ) ;
#1982 = LINE ( 'NONE', #8236, #2017 ) ;
#1983 = EDGE_CURVE ( 'NONE', #1229, #3776, #2260, .T. ) ;
#1984 = SURFACE_STYLE_USAGE ( .BOTH. , #9749 ) ;
#1985 = ADVANCED_FACE ( 'NONE', ( #249 ), #11181, .T. ) ;
#1986 = DIRECTION ( 'NONE',  ( -1.000000000000000000, -0.0000000000000000000, 0.0000000000000000000 ) ) ;
#1987 = ORIENTED_EDGE ( 'NONE', *, *, #7508, .T. ) ;
#1988 = FACE_OUTER_BOUND ( 'NONE', #4032, .T. ) ;
#1989 = DIRECTION ( 'NONE',  ( 1.000000000000000000, 1.807003620809173794E-15, 0.0000000000000000000 ) ) ;
#1990 =( NAMED_UNIT ( * ) PLANE_ANGLE_UNIT ( ) SI_UNIT ( $, .RADIAN. ) );
#1991 = VERTEX_POINT ( 'NONE', #8512 ) ;
#1992 =( BOUNDED_SURFACE ( )  B_SPLINE_SURFACE ( 3, 3, ( 
 ( #6147, #758, #3461, #7659 ),
 ( #9712, #7005, #10565, #8549 ),
 ( #693, #2578, #2357, #515 ),
 ( #1720, #11396, #3349, #11218 ) ),
 .UNSPECIFIED., .F., .F., .F. ) 
 B_SPLINE_SURFACE_WITH_KNOTS ( ( 4, 4 ),
 ( 4, 4 ),
 ( 0.0000000000000000000, 1.000000000000000000 ),
 ( 0.0000000000000000000, 1.000000000000000000 ),
 .UNSPECIFIED. ) 
 GEOMETRIC_REPRESENTATION_ITEM ( )  RATIONAL_B_SPLINE_SURFACE ( (
 ( 1.000000000000000000, 0.3333333333333311499, 0.3333333333333311499, 1.000000000000000000),
 ( 0.9245018060306373631, 0.3081672686768771041, 0.3081672686768771041, 0.9245018060306373631),
 ( 0.9245018060306373631, 0.3081672686768771041, 0.3081672686768771041, 0.9245018060306373631),
 ( 1.000000000000000000, 0.3333333333333311499, 0.3333333333333311499, 1.000000000000000000) ) ) 
 REPRESENTATION_ITEM ( '' )  SURFACE ( )  );
#1993 = DIRECTION ( 'NONE',  ( -0.0000000000000000000, 0.0000000000000000000, 1.000000000000000000 ) ) ;
#1994 = CARTESIAN_POINT ( 'NONE',  ( 8.900000000000000355, 0.5000000000000000000, 0.9000000000000001332 ) ) ;
#1995 = VERTEX_POINT ( 'NONE', #3192 ) ;
#1996 = ORIENTED_EDGE ( 'NONE', *, *, #3112, .F. ) ;
#1997 = CARTESIAN_POINT ( 'NONE',  ( 0.03301757643716275031, 17.19620697648295859, 6.149441113595546682 ) ) ;
#1998 = SURFACE_SIDE_STYLE ('',( #11017 ) ) ;
#1999 =( LENGTH_UNIT ( ) NAMED_UNIT ( * ) SI_UNIT ( .MILLI., .METRE. ) );
#2000 = CIRCLE ( 'NONE', #8911, 0.4100000000000006417 ) ;
#2001 =( NAMED_UNIT ( * ) SI_UNIT ( $, .STERADIAN. ) SOLID_ANGLE_UNIT ( ) );
#2002 = ORIENTED_EDGE ( 'NONE', *, *, #8978, .T. ) ;
#2003 = ORIENTED_EDGE ( 'NONE', *, *, #4405, .T. ) ;
#2004 = CARTESIAN_POINT ( 'NONE',  ( -2.794986464493830092E-15, 10.07000000000000028, -0.1000000000000020040 ) ) ;
#2005 = UNCERTAINTY_MEASURE_WITH_UNIT (LENGTH_MEASURE( 1.000000000000000082E-05 ), #7964, 'distance_accuracy_value', 'NONE');
#2006 = PRESENTATION_LAYER_ASSIGNMENT (  '', '', ( #2380 ) ) ;
#2007 = EDGE_LOOP ( 'NONE', ( #4951, #7497, #354, #139 ) ) ;
#2008 = CARTESIAN_POINT ( 'NONE',  ( 15.52500000000000036, 2.649999999999990141, 0.9000000000000001332 ) ) ;
#2009 = ORIENTED_EDGE ( 'NONE', *, *, #9387, .F. ) ;
#2010 = VECTOR ( 'NONE', #2866, 1000.000000000000000 ) ;
#2011 = CARTESIAN_POINT ( 'NONE',  ( -3.136900461608861373E-15, 9.269999999999999574, 0.9000000000000001332 ) ) ;
#2012 = DIRECTION ( 'NONE',  ( 0.0000000000000000000, -0.0000000000000000000, 1.000000000000000000 ) ) ;
#2013 = PLANE ( 'NONE',  #2315 ) ;
#2014 = CARTESIAN_POINT ( 'NONE',  ( -0.1000000000000030032, 11.91000000000000014, 1.000000000000000000 ) ) ;
#2015 = CARTESIAN_POINT ( 'NONE',  ( 0.4499999999999991229, 0.4499999999999908518, 6.450000000000000178 ) ) ;
#2016 = DIRECTION ( 'NONE',  ( -1.233581138472399909E-16, 1.000000000000000000, 0.0000000000000000000 ) ) ;
#2017 = VECTOR ( 'NONE', #9108, 1000.000000000000000 ) ;
#2018 = DIRECTION ( 'NONE',  ( 0.7071067811865502373, -0.7071067811865447972, 0.0000000000000000000 ) ) ;
#2019 = ORIENTED_EDGE ( 'NONE', *, *, #890, .F. ) ;
#2020 = LINE ( 'NONE', #9952, #10091 ) ;
#2021 = CARTESIAN_POINT ( 'NONE',  ( 16.00000000000000000, 1.850000000000000089, 1.000000000000000444 ) ) ;
#2022 = SURFACE_STYLE_FILL_AREA ( #6514 ) ;
#2023 = PRESENTATION_LAYER_ASSIGNMENT (  '', '', ( #6676 ) ) ;
#2024 = ORIENTED_EDGE ( 'NONE', *, *, #4978, .T. ) ;
#2025 = CIRCLE ( 'NONE', #4462, 0.2500000000000002220 ) ;
#2026 = SURFACE_STYLE_FILL_AREA ( #10000 ) ;
#2027 = LINE ( 'NONE', #9958, #740 ) ;
#2028 = EDGE_CURVE ( 'NONE', #9662, #5302, #2032, .T. ) ;
#2030 = ORIENTED_EDGE ( 'NONE', *, *, #2895, .T. ) ;
#2029 = SURFACE_STYLE_FILL_AREA ( #1315 ) ;
#2031 = CARTESIAN_POINT ( 'NONE',  ( -1.199999999999999734, 7.999999999999989342, 2.299999999999999822 ) ) ;
#2032 = LINE ( 'NONE', #5612, #6140 ) ;
#2033 = CARTESIAN_POINT ( 'NONE',  ( -1.200000000000001288, 15.87573593128810145, 6.150000000000000355 ) ) ;
#2034 = ORIENTED_EDGE ( 'NONE', *, *, #2182, .F. ) ;
#2035 = MECHANICAL_DESIGN_GEOMETRIC_PRESENTATION_REPRESENTATION (  '', ( #5415 ), #2064 ) ;
#2036 = DIRECTION ( 'NONE',  ( 2.774257295700369855E-31, -9.995315298516839081E-16, 1.000000000000000000 ) ) ;
#2037 = DIRECTION ( 'NONE',  ( 0.0000000000000000000, 1.000000000000000000, -2.891205793294678228E-15 ) ) ;
#2038 = EDGE_CURVE ( 'NONE', #9033, #5536, #1145, .T. ) ;
#2039 =( LENGTH_UNIT ( ) NAMED_UNIT ( * ) SI_UNIT ( .MILLI., .METRE. ) );
#2040 = ORIENTED_EDGE ( 'NONE', *, *, #6107, .F. ) ;
#2041 = CARTESIAN_POINT ( 'NONE',  ( 16.10000000000000142, 6.929999999999999716, 1.000000000000000000 ) ) ;
#2042 = CARTESIAN_POINT ( 'NONE',  ( 0.7427496684281470474, 15.48912265570455737, 1.800378007439141337 ) ) ;
#2043 = VECTOR ( 'NONE', #9532, 1000.000000000000000 ) ;
#2044 = EDGE_CURVE ( 'NONE', #1412, #10516, #5665, .T. ) ;
#2046 = ORIENTED_EDGE ( 'NONE', *, *, #10599, .T. ) ;
#2045 = CARTESIAN_POINT ( 'NONE',  ( 15.12500000000000000, 0.8749999999999990008, 1.900000000000000133 ) ) ;
#2047 = ORIENTED_EDGE ( 'NONE', *, *, #1619, .F. ) ;
#2048 = COLOUR_RGB ( '',0.8196078431372548767, 0.7058823529411764053, 0.5254901960784313930 ) ;
#2049 = CARTESIAN_POINT ( 'NONE',  ( 8.000000000000000000, 17.19999999999999929, 2.299999999999999822 ) ) ;
#2050 = EDGE_CURVE ( 'NONE', #3157, #10105, #8572, .T. ) ;
#2051 = EDGE_CURVE ( 'NONE', #9707, #7721, #3009, .T. ) ;
#2052 = MECHANICAL_DESIGN_GEOMETRIC_PRESENTATION_REPRESENTATION (  '', ( #11136 ), #7634 ) ;
#2053 = DIRECTION ( 'NONE',  ( -1.000000000000000000, 8.881784197001260212E-15, 0.0000000000000000000 ) ) ;
#2054 = UNCERTAINTY_MEASURE_WITH_UNIT (LENGTH_MEASURE( 1.000000000000000082E-05 ), #6667, 'distance_accuracy_value', 'NONE');
#2055 = STYLED_ITEM ( 'NONE', ( #6485 ), #2547 ) ;
#2056 = PRESENTATION_STYLE_ASSIGNMENT (( #3032 ) ) ;
#2057 = MECHANICAL_DESIGN_GEOMETRIC_PRESENTATION_REPRESENTATION (  '', ( #11174 ), #10424 ) ;
#2058 = CARTESIAN_POINT ( 'NONE',  ( -0.1000000000000040162, 14.55000000000000071, 1.000000000000000000 ) ) ;
#2059 = CARTESIAN_POINT ( 'NONE',  ( -3.690190514271664469E-15, 14.55000000000000071, 1.000000000000000444 ) ) ;
#2060 = EDGE_CURVE ( 'NONE', #9015, #2986, #5717, .T. ) ;
#2061 = ORIENTED_EDGE ( 'NONE', *, *, #1690, .F. ) ;
#2062 = ORIENTED_EDGE ( 'NONE', *, *, #5409, .T. ) ;
#2063 = SURFACE_SIDE_STYLE ('',( #10037 ) ) ;
#2064 =( GEOMETRIC_REPRESENTATION_CONTEXT ( 3 ) GLOBAL_UNCERTAINTY_ASSIGNED_CONTEXT ( ( #6837 ) ) GLOBAL_UNIT_ASSIGNED_CONTEXT ( ( #8539, #5914, #1468 ) ) REPRESENTATION_CONTEXT ( 'NONE', 'WORKASPACE' ) );
#2065 = ORIENTED_EDGE ( 'NONE', *, *, #1319, .F. ) ;
#2066 = CARTESIAN_POINT ( 'NONE',  ( -3.748520591151384608E-15, 12.00999999999999979, 1.000000000000000444 ) ) ;
#2067 = ORIENTED_EDGE ( 'NONE', *, *, #3970, .T. ) ;
#2068 = FILL_AREA_STYLE ('',( #6561 ) ) ;
#2069 =( NAMED_UNIT ( * ) SI_UNIT ( $, .STERADIAN. ) SOLID_ANGLE_UNIT ( ) );
#2070 = SURFACE_SIDE_STYLE ('',( #3714 ) ) ;
#2071 = CARTESIAN_POINT ( 'NONE',  ( 14.50000000000000178, 10.26999999999999957, -0.1000000000000002415 ) ) ;
#2072 = DIRECTION ( 'NONE',  ( -1.000000000000000000, -0.0000000000000000000, 0.0000000000000000000 ) ) ;
#2073 = DIRECTION ( 'NONE',  ( 1.000000000000000000, 0.0000000000000000000, 0.0000000000000000000 ) ) ;
#2074 = EDGE_LOOP ( 'NONE', ( #4876, #6516, #8020, #1602, #2046, #9357, #7067, #5226 ) ) ;
#2075 = SURFACE_STYLE_FILL_AREA ( #8564 ) ;
#2076 = DIRECTION ( 'NONE',  ( 1.000000000000000000, -0.0000000000000000000, 0.0000000000000000000 ) ) ;
#2077 = EDGE_LOOP ( 'NONE', ( #3100, #9146, #2394, #9526, #1370, #5451, #6802, #6196 ) ) ;
#2078 = VECTOR ( 'NONE', #9440, 1000.000000000000000 ) ;
#2079 = CARTESIAN_POINT ( 'NONE',  ( 16.00000000000000000, 10.07000000000000028, 1.000000000000000444 ) ) ;
#2080 = CARTESIAN_POINT ( 'NONE',  ( 16.00000000000000000, 14.55000000000000071, 1.000000000000000444 ) ) ;
#2081 = STYLED_ITEM ( 'NONE', ( #7134 ), #7730 ) ;
#2082 = AXIS2_PLACEMENT_3D ( 'NONE', #324, #445, #6771 ) ;
#2084 = EDGE_LOOP ( 'NONE', ( #9676, #10654 ) ) ;
#2083 = DIRECTION ( 'NONE',  ( 1.000000000000000000, 2.775557561562889872E-16, -0.0000000000000000000 ) ) ;
#2085 =( LENGTH_UNIT ( ) NAMED_UNIT ( * ) SI_UNIT ( .MILLI., .METRE. ) );
#2086 = SURFACE_SIDE_STYLE ('',( #8345 ) ) ;
#2087 = COLOUR_RGB ( '',0.8196078431372548767, 0.7058823529411764053, 0.5254901960784313930 ) ;
#2088 = CARTESIAN_POINT ( 'NONE',  ( 1.500000000000000000, 14.34999999999999964, 1.000000000000000000 ) ) ;
#2089 = CARTESIAN_POINT ( 'NONE',  ( 1.500000000000000000, 10.26999999999999957, 1.000000000000000000 ) ) ;
#2090 = VECTOR ( 'NONE', #1366, 1000.000000000000000 ) ;
#2091 = SURFACE_STYLE_FILL_AREA ( #10068 ) ;
#2092 = ORIENTED_EDGE ( 'NONE', *, *, #9810, .F. ) ;
#2093 = FACE_OUTER_BOUND ( 'NONE', #3504, .T. ) ;
#2094 = CARTESIAN_POINT ( 'NONE',  ( 16.00000000000000000, 14.34999999999999964, -0.1000000000000000472 ) ) ;
#2095 =( GEOMETRIC_REPRESENTATION_CONTEXT ( 3 ) GLOBAL_UNCERTAINTY_ASSIGNED_CONTEXT ( ( #4257 ) ) GLOBAL_UNIT_ASSIGNED_CONTEXT ( ( #4035, #1157, #4799 ) ) REPRESENTATION_CONTEXT ( 'NONE', 'WORKASPACE' ) );
#2096 = DIRECTION ( 'NONE',  ( -1.000000000000000000, -0.0000000000000000000, -0.0000000000000000000 ) ) ;
#2097 = AXIS2_PLACEMENT_3D ( 'NONE', #8413, #1156, #8249 ) ;
#2098 = CIRCLE ( 'NONE', #1152, 0.2999999999999999889 ) ;
#2099 = ORIENTED_EDGE ( 'NONE', *, *, #10523, .T. ) ;
#2100 =( NAMED_UNIT ( * ) PLANE_ANGLE_UNIT ( ) SI_UNIT ( $, .RADIAN. ) );
#2101 = SURFACE_STYLE_USAGE ( .BOTH. , #2966 ) ;
#2102 = VECTOR ( 'NONE', #5000, 1000.000000000000000 ) ;
#2104 = EDGE_LOOP ( 'NONE', ( #7040, #5621, #9647, #4554, #10117, #6080, #3724, #9701 ) ) ;
#2103 = FACE_OUTER_BOUND ( 'NONE', #8784, .T. ) ;
#2106 = ORIENTED_EDGE ( 'NONE', *, *, #10107, .T. ) ;
#2105 = CARTESIAN_POINT ( 'NONE',  ( 16.00000000000000000, 4.389999999999999680, 1.000000000000000444 ) ) ;
#2107 = STYLED_ITEM ( 'NONE', ( #2237 ), #288 ) ;
#2108 = COLOUR_RGB ( '',0.8196078431372548767, 0.7058823529411764053, 0.5254901960784313930 ) ;
#2109 = EDGE_CURVE ( 'NONE', #6552, #3978, #7743, .T. ) ;
#2110 = DIRECTION ( 'NONE',  ( 8.881784197001260212E-15, 1.000000000000000000, 0.0000000000000000000 ) ) ;
#2111 = DIRECTION ( 'NONE',  ( 0.0000000000000000000, -0.0000000000000000000, -1.000000000000000000 ) ) ;
#2112 = AXIS2_PLACEMENT_3D ( 'NONE', #4787, #6577, #4021 ) ;
#2114 = EDGE_LOOP ( 'NONE', ( #10938, #10169, #7417, #4868, #6671, #3842, #485, #4038, #9934 ) ) ;
#2113 = FILL_AREA_STYLE_COLOUR ( '', #2469 ) ;
#2115 = EDGE_CURVE ( 'NONE', #4600, #3759, #11296, .T. ) ;
#2116 = ADVANCED_FACE ( 'NONE', ( #1564 ), #4143, .T. ) ;
#2117 = ORIENTED_EDGE ( 'NONE', *, *, #8333, .T. ) ;
#2118 = VECTOR ( 'NONE', #10264, 1000.000000000000000 ) ;
#2119 = CARTESIAN_POINT ( 'NONE',  ( 15.52500000000000036, 0.4749999999999989786, 0.9000000000000001332 ) ) ;
#2120 = CIRCLE ( 'NONE', #8668, 0.3999999999999999667 ) ;
#2121 = LINE ( 'NONE', #5695, #4081 ) ;
#2122 = VERTEX_POINT ( 'NONE', #5258 ) ;
#2123 = DIRECTION ( 'NONE',  ( 0.0000000000000000000, 1.000000000000000000, -0.0000000000000000000 ) ) ;
#2124 = ADVANCED_FACE ( 'NONE', ( #6061 ), #10534, .F. ) ;
#2125 = ORIENTED_EDGE ( 'NONE', *, *, #8282, .T. ) ;
#2126 = ADVANCED_FACE ( 'NONE', ( #11476 ), #8575, .T. ) ;
#2127 = PLANE ( 'NONE',  #7870 ) ;
#2128 = VECTOR ( 'NONE', #11035, 1000.000000000000000 ) ;
#2129 = VECTOR ( 'NONE', #9888, 1000.000000000000000 ) ;
#2130 = DIRECTION ( 'NONE',  ( 0.0000000000000000000, -1.000000000000000000, 0.0000000000000000000 ) ) ;
#2131 = CARTESIAN_POINT ( 'NONE',  ( 17.06715664240144292, 16.73841688404230155, 6.583979858083448100 ) ) ;
#2132 = FILL_AREA_STYLE ('',( #282 ) ) ;
#2133 = PRESENTATION_LAYER_ASSIGNMENT (  '', '', ( #7149 ) ) ;
#2134 = PRESENTATION_LAYER_ASSIGNMENT (  '', '', ( #8680 ) ) ;
#2135 = AXIS2_PLACEMENT_3D ( 'NONE', #11329, #632, #7950 ) ;
#2136 = EDGE_LOOP ( 'NONE', ( #5442, #8671, #10852, #8540 ) ) ;
#2137 =( NAMED_UNIT ( * ) PLANE_ANGLE_UNIT ( ) SI_UNIT ( $, .RADIAN. ) );
#2138 = DIRECTION ( 'NONE',  ( 0.0000000000000000000, -0.0000000000000000000, -1.000000000000000000 ) ) ;
#2139 = ORIENTED_EDGE ( 'NONE', *, *, #7310, .F. ) ;
#2140 = MECHANICAL_DESIGN_GEOMETRIC_PRESENTATION_REPRESENTATION (  '', ( #8680 ), #10706 ) ;
#2141 = DIRECTION ( 'NONE',  ( -0.0000000000000000000, -0.0000000000000000000, 1.000000000000000000 ) ) ;
#2142 = CARTESIAN_POINT ( 'NONE',  ( -0.1000000000000030032, 12.00999999999999979, 0.4500000000000000666 ) ) ;
#2143 = STYLED_ITEM ( 'NONE', ( #8169 ), #4776 ) ;
#2145 = ORIENTED_EDGE ( 'NONE', *, *, #3166, .F. ) ;
#2144 = DIRECTION ( 'NONE',  ( 0.0000000000000000000, 0.0000000000000000000, 1.000000000000000000 ) ) ;
#2146 = LINE ( 'NONE', #5716, #9937 ) ;
#2147 = DIRECTION ( 'NONE',  ( -1.000000000000000000, -0.0000000000000000000, 0.0000000000000000000 ) ) ;
#2148 = CARTESIAN_POINT ( 'NONE',  ( 1.500000000000000000, 12.81000000000000050, -0.1000000000000000194 ) ) ;
#2149 = DIRECTION ( 'NONE',  ( -1.000000000000000000, -2.775557561562889872E-16, 0.0000000000000000000 ) ) ;
#2150 = VERTEX_POINT ( 'NONE', #3665 ) ;
#2151 =( NAMED_UNIT ( * ) PLANE_ANGLE_UNIT ( ) SI_UNIT ( $, .RADIAN. ) );
#2152 = LINE ( 'NONE', #1327, #1070 ) ;
#2153 = UNCERTAINTY_MEASURE_WITH_UNIT (LENGTH_MEASURE( 1.000000000000000082E-05 ), #11283, 'distance_accuracy_value', 'NONE');
#2154 = ORIENTED_EDGE ( 'NONE', *, *, #10008, .F. ) ;
#2155 = CARTESIAN_POINT ( 'NONE',  ( 8.000000000000000000, 0.4499999999999929612, 6.450000000000000178 ) ) ;
#2156 = LINE ( 'NONE', #3800, #10276 ) ;
#2158 = ORIENTED_EDGE ( 'NONE', *, *, #1613, .T. ) ;
#2157 = SURFACE_STYLE_FILL_AREA ( #2795 ) ;
#2159 = ORIENTED_EDGE ( 'NONE', *, *, #8333, .F. ) ;
#2160 = DIRECTION ( 'NONE',  ( 1.000000000000000000, 8.326672684688670109E-16, 0.0000000000000000000 ) ) ;
#2161 = LINE ( 'NONE', #9412, #9678 ) ;
#2162 = PLANE ( 'NONE',  #10038 ) ;
#2163 = DIRECTION ( 'NONE',  ( 1.000000000000000000, 0.0000000000000000000, -0.0000000000000000000 ) ) ;
#2164 = UNCERTAINTY_MEASURE_WITH_UNIT (LENGTH_MEASURE( 1.000000000000000082E-05 ), #10616, 'distance_accuracy_value', 'NONE');
#2165 =( LENGTH_UNIT ( ) NAMED_UNIT ( * ) SI_UNIT ( .MILLI., .METRE. ) );
#2166 = CYLINDRICAL_SURFACE ( 'NONE', #3925, 0.2999999999999999334 ) ;
#2167 = CIRCLE ( 'NONE', #4986, 0.4000000000000000777 ) ;
#2169 = VERTEX_POINT ( 'NONE', #6168 ) ;
#2168 = CARTESIAN_POINT ( 'NONE',  ( 16.00000000000000000, 14.34999999999999964, 0.9000000000000001332 ) ) ;
#2170 = EDGE_CURVE ( 'NONE', #5520, #8679, #9094, .T. ) ;
#2172 = ORIENTED_EDGE ( 'NONE', *, *, #6441, .F. ) ;
#2171 = CARTESIAN_POINT ( 'NONE',  ( 15.12500000000000000, 15.52499999999999858, 0.9000000000000001332 ) ) ;
#2173 = CARTESIAN_POINT ( 'NONE',  ( 1.500000000000000000, 14.34999999999999964, -0.1000000000000009076 ) ) ;
#2174 = VERTEX_POINT ( 'NONE', #7141 ) ;
#2175 = FILL_AREA_STYLE ('',( #4813 ) ) ;
#2176 = SURFACE_STYLE_USAGE ( .BOTH. , #3937 ) ;
#2177 = EDGE_LOOP ( 'NONE', ( #3377, #6545, #4685, #2955, #10208, #8209 ) ) ;
#2178 = COLOUR_RGB ( '',0.8196078431372548767, 0.7058823529411764053, 0.5254901960784313930 ) ;
#2179 = EDGE_CURVE ( 'NONE', #2633, #9899, #4608, .T. ) ;
#2180 = SURFACE_SIDE_STYLE ('',( #2707 ) ) ;
#2181 = CARTESIAN_POINT ( 'NONE',  ( 0.4750000000000029754, 0.4749999999999989786, 0.9350000000000000533 ) ) ;
#2182 = EDGE_CURVE ( 'NONE', #6552, #5004, #1010, .T. ) ;
#2183 =( LENGTH_UNIT ( ) NAMED_UNIT ( * ) SI_UNIT ( .MILLI., .METRE. ) );
#2184 = LINE ( 'NONE', #106, #9020 ) ;
#2185 = STYLED_ITEM ( 'NONE', ( #6185 ), #7084 ) ;
#2186 =( NAMED_UNIT ( * ) PLANE_ANGLE_UNIT ( ) SI_UNIT ( $, .RADIAN. ) );
#2187 = DIRECTION ( 'NONE',  ( 1.000000000000000000, 0.0000000000000000000, -0.0000000000000000000 ) ) ;
#2188 = ORIENTED_EDGE ( 'NONE', *, *, #2539, .T. ) ;
#2189 = EDGE_CURVE ( 'NONE', #1311, #11498, #4848, .T. ) ;
#2190 =( NAMED_UNIT ( * ) PLANE_ANGLE_UNIT ( ) SI_UNIT ( $, .RADIAN. ) );
#2191 = ORIENTED_EDGE ( 'NONE', *, *, #3027, .T. ) ;
#2192 = LINE ( 'NONE', #5551, #10175 ) ;
#2193 = SURFACE_STYLE_FILL_AREA ( #4958 ) ;
#2194 = CIRCLE ( 'NONE', #7786, 0.2500000000000002220 ) ;
#2195 = EDGE_CURVE ( 'NONE', #4932, #2262, #1283, .T. ) ;
#2196 = ORIENTED_EDGE ( 'NONE', *, *, #11397, .F. ) ;
#2197 = VECTOR ( 'NONE', #10935, 1000.000000000000000 ) ;
#2198 = DIRECTION ( 'NONE',  ( 0.0000000000000000000, 0.0000000000000000000, 1.000000000000000000 ) ) ;
#2199 = CARTESIAN_POINT ( 'NONE',  ( 0.6440598923241462881, 15.35594010767584905, 2.130940107675850292 ) ) ;
#2200 =( LENGTH_UNIT ( ) NAMED_UNIT ( * ) SI_UNIT ( .MILLI., .METRE. ) );
#2201 = EDGE_LOOP ( 'NONE', ( #4639, #7769, #137, #2417 ) ) ;
#2202 = CARTESIAN_POINT ( 'NONE',  ( 0.8749999999999970024, 15.12500000000000000, 0.9000000000000001332 ) ) ;
#2203 = VECTOR ( 'NONE', #7241, 1000.000000000000114 ) ;
#2204 = CARTESIAN_POINT ( 'NONE',  ( 9.400000000000000355, 15.09000000000000163, 0.0000000000000000000 ) ) ;
#2205 = VECTOR ( 'NONE', #6220, 1000.000000000000000 ) ;
#2206 = ORIENTED_EDGE ( 'NONE', *, *, #2256, .T. ) ;
#2207 = DIRECTION ( 'NONE',  ( -1.475379434717819995E-16, 1.000000000000000000, 0.0000000000000000000 ) ) ;
#2208 = CARTESIAN_POINT ( 'NONE',  ( 0.2072634734055757433, 14.75763490992784455, 1.996379558193277060 ) ) ;
#2210 = ORIENTED_EDGE ( 'NONE', *, *, #4706, .F. ) ;
#2209 =( NAMED_UNIT ( * ) PLANE_ANGLE_UNIT ( ) SI_UNIT ( $, .RADIAN. ) );
#2211 = SURFACE_STYLE_USAGE ( .BOTH. , #1514 ) ;
#2213 = ORIENTED_EDGE ( 'NONE', *, *, #3106, .F. ) ;
#2212 = DIRECTION ( 'NONE',  ( 1.000000000000000000, 0.0000000000000000000, 0.0000000000000000000 ) ) ;
#2214 = STYLED_ITEM ( 'NONE', ( #3261 ), #2126 ) ;
#2215 = CARTESIAN_POINT ( 'NONE',  ( 14.50000000000000000, 15.35000000000000142, 1.000000000000000000 ) ) ;
#2216 = AXIS2_PLACEMENT_3D ( 'NONE', #11526, #719, #4314 ) ;
#2217 = DIRECTION ( 'NONE',  ( -0.5773502691896266192, 0.5773502691896245098, 0.5773502691896260641 ) ) ;
#2218 =( NAMED_UNIT ( * ) SI_UNIT ( $, .STERADIAN. ) SOLID_ANGLE_UNIT ( ) );
#2219 = LINE ( 'NONE', #8481, #11028 ) ;
#2220 = AXIS2_PLACEMENT_3D ( 'NONE', #1395, #5782, #2212 ) ;
#2221 =( LENGTH_UNIT ( ) NAMED_UNIT ( * ) SI_UNIT ( .MILLI., .METRE. ) );
#2222 = LINE ( 'NONE', #5791, #8032 ) ;
#2223 = VECTOR ( 'NONE', #1217, 1000.000000000000000 ) ;
#2225 = VERTEX_POINT ( 'NONE', #2712 ) ;
#2224 = PLANE ( 'NONE',  #2082 ) ;
#2226 = VERTEX_POINT ( 'NONE', #6389 ) ;
#2227 = CARTESIAN_POINT ( 'NONE',  ( 14.90955584538973611, 15.34787552320192283, 2.478639810777936603 ) ) ;
#2228 = VECTOR ( 'NONE', #2096, 1000.000000000000000 ) ;
#2229 = UNCERTAINTY_MEASURE_WITH_UNIT (LENGTH_MEASURE( 1.000000000000000082E-05 ), #5960, 'distance_accuracy_value', 'NONE');
#2230 = ORIENTED_EDGE ( 'NONE', *, *, #1690, .T. ) ;
#2231 = MECHANICAL_DESIGN_GEOMETRIC_PRESENTATION_REPRESENTATION (  '', ( #9325 ), #7838 ) ;
#2232 = CIRCLE ( 'NONE', #2611, 0.2999999999999999889 ) ;
#2233 = FILL_AREA_STYLE_COLOUR ( '', #11523 ) ;
#2234 = ORIENTED_EDGE ( 'NONE', *, *, #8470, .F. ) ;
#2235 = DIRECTION ( 'NONE',  ( -0.0000000000000000000, 1.000000000000000000, 0.0000000000000000000 ) ) ;
#2236 = SURFACE_STYLE_USAGE ( .BOTH. , #1297 ) ;
#2237 = PRESENTATION_STYLE_ASSIGNMENT (( #4942 ) ) ;
#2238 = VECTOR ( 'NONE', #1078, 1000.000000000000000 ) ;
#2239 = FILL_AREA_STYLE_COLOUR ( '', #3811 ) ;
#2240 = COLOUR_RGB ( '',0.4313725490196078649, 0.3490196078431372362, 0.2901960784313725172 ) ;
#2241 = DIRECTION ( 'NONE',  ( 0.0000000000000000000, -0.0000000000000000000, -1.000000000000000000 ) ) ;
#2242 = DIRECTION ( 'NONE',  ( -1.000000000000000000, 0.0000000000000000000, -0.0000000000000000000 ) ) ;
#2243 = VECTOR ( 'NONE', #2616, 1000.000000000000000 ) ;
#2244 = UNCERTAINTY_MEASURE_WITH_UNIT (LENGTH_MEASURE( 1.000000000000000082E-05 ), #9848, 'distance_accuracy_value', 'NONE');
#2245 = EDGE_CURVE ( 'NONE', #8728, #4340, #897, .T. ) ;
#2246 = CARTESIAN_POINT ( 'NONE',  ( -1.354618705642495868, -1.025878947283363374, 6.009055731601351091 ) ) ;
#2247 = ORIENTED_EDGE ( 'NONE', *, *, #8538, .T. ) ;
#2248 = CARTESIAN_POINT ( 'NONE',  ( 0.4499999999999972911, 15.55000000000000071, 6.450000000000000178 ) ) ;
#2249 = FILL_AREA_STYLE_COLOUR ( '', #2108 ) ;
#2250 = EDGE_CURVE ( 'NONE', #6943, #553, #6679, .T. ) ;
#2251 = CARTESIAN_POINT ( 'NONE',  ( 16.10000000000000142, 6.730000000000000426, -0.1000000000000002554 ) ) ;
#2252 = ORIENTED_EDGE ( 'NONE', *, *, #2878, .T. ) ;
#2253 = STYLED_ITEM ( 'NONE', ( #4625 ), #11537 ) ;
#2254 = DIRECTION ( 'NONE',  ( 0.0000000000000000000, 0.0000000000000000000, 1.000000000000000000 ) ) ;
#2255 = CARTESIAN_POINT ( 'NONE',  ( 9.809237095092809611, 0.4749999999999990341, 0.9000000000000001332 ) ) ;
#2256 = EDGE_CURVE ( 'NONE', #10379, #2634, #6219, .T. ) ;
#2257 = DIRECTION ( 'NONE',  ( 0.0000000000000000000, -0.0000000000000000000, 1.000000000000000000 ) ) ;
#2258 =( LENGTH_UNIT ( ) NAMED_UNIT ( * ) SI_UNIT ( .MILLI., .METRE. ) );
#2259 = EDGE_CURVE ( 'NONE', #4873, #8486, #7238, .T. ) ;
#2260 = LINE ( 'NONE', #7383, #8201 ) ;
#2261 = DIRECTION ( 'NONE',  ( 0.8164965809277259234, 0.4082482904638637944, 0.4082482904638631283 ) ) ;
#2262 = VERTEX_POINT ( 'NONE', #7192 ) ;
#2263 = FACE_OUTER_BOUND ( 'NONE', #4232, .T. ) ;
#2264 = DIRECTION ( 'NONE',  ( 1.000000000000000000, 0.0000000000000000000, 0.0000000000000000000 ) ) ;
#2265 = LINE ( 'NONE', #8651, #7066 ) ;
#2266 = PRESENTATION_LAYER_ASSIGNMENT (  '', '', ( #3001 ) ) ;
#2267 = EDGE_CURVE ( 'NONE', #4907, #4072, #108, .T. ) ;
#2268 = VERTEX_POINT ( 'NONE', #8921 ) ;
#2269 = AXIS2_PLACEMENT_3D ( 'NONE', #9136, #1953, #5527 ) ;
#2270 = LINE ( 'NONE', #6695, #9780 ) ;
#2271 = CARTESIAN_POINT ( 'NONE',  ( 15.52500000000000036, 0.4749999999999989786, 0.9000000000000001332 ) ) ;
#2272 = CARTESIAN_POINT ( 'NONE',  ( 0.6440598923241472873, 15.35594010767584905, 2.130940107675850737 ) ) ;
#2273 = PRESENTATION_LAYER_ASSIGNMENT (  '', '', ( #9204 ) ) ;
#2274 = ORIENTED_EDGE ( 'NONE', *, *, #10144, .F. ) ;
#2276 = VERTEX_POINT ( 'NONE', #3720 ) ;
#2275 = LINE ( 'NONE', #1337, #10972 ) ;
#2277 = VECTOR ( 'NONE', #6114, 1000.000000000000000 ) ;
#2278 = CARTESIAN_POINT ( 'NONE',  ( -4.440892098500630106E-15, 16.00000000000000000, 0.0000000000000000000 ) ) ;
#2279 = DIRECTION ( 'NONE',  ( 0.0000000000000000000, 0.0000000000000000000, 1.000000000000000000 ) ) ;
#2280 =( GEOMETRIC_REPRESENTATION_CONTEXT ( 3 ) GLOBAL_UNCERTAINTY_ASSIGNED_CONTEXT ( ( #11251 ) ) GLOBAL_UNIT_ASSIGNED_CONTEXT ( ( #8008, #9974, #9864 ) ) REPRESENTATION_CONTEXT ( 'NONE', 'WORKASPACE' ) );
#2281 = VECTOR ( 'NONE', #10407, 1000.000000000000000 ) ;
#2282 = CARTESIAN_POINT ( 'NONE',  ( -0.1000000000000029754, 9.769999999999999574, -0.1000000000000000056 ) ) ;
#2283 = UNCERTAINTY_MEASURE_WITH_UNIT (LENGTH_MEASURE( 1.000000000000000082E-05 ), #1123, 'distance_accuracy_value', 'NONE');
#2284 = CARTESIAN_POINT ( 'NONE',  ( 15.35594010767585083, 0.6440598923241475093, 2.130940107675850292 ) ) ;
#2285 = VECTOR ( 'NONE', #10198, 1000.000000000000000 ) ;
#2286 = FACE_OUTER_BOUND ( 'NONE', #11088, .T. ) ;
#2287 =( NAMED_UNIT ( * ) SI_UNIT ( $, .STERADIAN. ) SOLID_ANGLE_UNIT ( ) );
#2288 = ORIENTED_EDGE ( 'NONE', *, *, #645, .F. ) ;
#2289 = VECTOR ( 'NONE', #5483, 1000.000000000000000 ) ;
#2290 = ORIENTED_EDGE ( 'NONE', *, *, #4605, .F. ) ;
#2291 =( NAMED_UNIT ( * ) SI_UNIT ( $, .STERADIAN. ) SOLID_ANGLE_UNIT ( ) );
#2292 = ORIENTED_EDGE ( 'NONE', *, *, #10082, .T. ) ;
#2293 = DIRECTION ( 'NONE',  ( -1.000000000000000000, -0.0000000000000000000, -0.0000000000000000000 ) ) ;
#2294 =( NAMED_UNIT ( * ) PLANE_ANGLE_UNIT ( ) SI_UNIT ( $, .RADIAN. ) );
#2295 = ORIENTED_EDGE ( 'NONE', *, *, #7674, .F. ) ;
#2296 = UNCERTAINTY_MEASURE_WITH_UNIT (LENGTH_MEASURE( 1.000000000000000082E-05 ), #5882, 'distance_accuracy_value', 'NONE');
#2297 = CARTESIAN_POINT ( 'NONE',  ( 8.900000000000000355, 0.2500000000000000000, 0.0000000000000000000 ) ) ;
#2298 = COLOUR_RGB ( '',0.8196078431372548767, 0.7058823529411764053, 0.5254901960784313930 ) ;
#2299 =( NAMED_UNIT ( * ) PLANE_ANGLE_UNIT ( ) SI_UNIT ( $, .RADIAN. ) );
#2300 = LINE ( 'NONE', #2181, #2128 ) ;
#2301 = EDGE_CURVE ( 'NONE', #5213, #10916, #1968, .T. ) ;
#2302 = DIRECTION ( 'NONE',  ( -0.0000000000000000000, -0.0000000000000000000, -1.000000000000000000 ) ) ;
#2303 = CARTESIAN_POINT ( 'NONE',  ( -1.354618705642495202, -0.7590557316013596401, 6.275878947283357157 ) ) ;
#2304 = ORIENTED_EDGE ( 'NONE', *, *, #10787, .F. ) ;
#2305 = PRESENTATION_LAYER_ASSIGNMENT (  '', '', ( #8666 ) ) ;
#2306 = SURFACE_SIDE_STYLE ('',( #7733 ) ) ;
#2307 = MECHANICAL_DESIGN_GEOMETRIC_PRESENTATION_REPRESENTATION (  '', ( #8689 ), #9068 ) ;
#2308 = FILL_AREA_STYLE_COLOUR ( '', #2087 ) ;
#2309 = CARTESIAN_POINT ( 'NONE',  ( 8.000000000000000000, 16.00000000000000000, 0.0000000000000000000 ) ) ;
#2310 = CARTESIAN_POINT ( 'NONE',  ( -3.816391647148980341E-15, 15.35000000000000142, -0.1000000000000000472 ) ) ;
#2311 = EDGE_LOOP ( 'NONE', ( #3149, #1336, #10387, #4268, #9422 ) ) ;
#2312 = DIRECTION ( 'NONE',  ( 1.000000000000000000, 0.0000000000000000000, 0.0000000000000000000 ) ) ;
#2313 = PRESENTATION_STYLE_ASSIGNMENT (( #1501 ) ) ;
#2314 = EDGE_CURVE ( 'NONE', #983, #5836, #2602, .T. ) ;
#2315 = AXIS2_PLACEMENT_3D ( 'NONE', #7547, #2130, #8553 ) ;
#2316 = FACE_OUTER_BOUND ( 'NONE', #3155, .T. ) ;
#2317 =( LENGTH_UNIT ( ) NAMED_UNIT ( * ) SI_UNIT ( .MILLI., .METRE. ) );
#2318 = DIRECTION ( 'NONE',  ( 1.000000000000000000, 0.0000000000000000000, -0.0000000000000000000 ) ) ;
#2319 = AXIS2_PLACEMENT_3D ( 'NONE', #7414, #8210, #3820 ) ;
#2320 = DIRECTION ( 'NONE',  ( 0.0000000000000000000, -1.000000000000000000, 0.0000000000000000000 ) ) ;
#2321 = EDGE_CURVE ( 'NONE', #4237, #10510, #2767, .T. ) ;
#2322 = LINE ( 'NONE', #10304, #8550 ) ;
#2323 = PLANE ( 'NONE',  #1250 ) ;
#2324 = ORIENTED_EDGE ( 'NONE', *, *, #2044, .T. ) ;
#2325 =( LENGTH_UNIT ( ) NAMED_UNIT ( * ) SI_UNIT ( .MILLI., .METRE. ) );
#2326 = LINE ( 'NONE', #1383, #8898 ) ;
#2327 = DIRECTION ( 'NONE',  ( 0.0000000000000000000, 0.0000000000000000000, 1.000000000000000000 ) ) ;
#2328 = ADVANCED_FACE ( 'NONE', ( #1910 ), #5489, .T. ) ;
#2329 = PRESENTATION_LAYER_ASSIGNMENT (  '', '', ( #9423 ) ) ;
#2330 = SURFACE_STYLE_USAGE ( .BOTH. , #5832 ) ;
#2331 = DIRECTION ( 'NONE',  ( 0.0000000000000000000, 0.0000000000000000000, 1.000000000000000000 ) ) ;
#2333 = ORIENTED_EDGE ( 'NONE', *, *, #1466, .F. ) ;
#2332 =( NAMED_UNIT ( * ) SI_UNIT ( $, .STERADIAN. ) SOLID_ANGLE_UNIT ( ) );
#2334 = VERTEX_POINT ( 'NONE', #4778 ) ;
#2335 = ADVANCED_FACE ( 'NONE', ( #3772 ), #341, .T. ) ;
#2336 = B_SPLINE_CURVE_WITH_KNOTS ( 'NONE', 3,
 ( #1475, #2353, #7590, #5053, #8611, #4177, #7718, #11277, #6834, #3288 ),
 .UNSPECIFIED., .F., .F.,
 ( 4, 2, 2, 2, 4 ),
 ( 0.0000000000000000000, 0.0003468914722101886991, 0.0006937829444203773982, 0.001040674416630566097, 0.001387565888840754796 ),
 .UNSPECIFIED. ) ;
#2337 = EDGE_CURVE ( 'NONE', #585, #8189, #170, .T. ) ;
#2338 = VECTOR ( 'NONE', #4141, 1000.000000000000000 ) ;
#2339 = DIRECTION ( 'NONE',  ( 1.000000000000000000, 0.0000000000000000000, -0.0000000000000000000 ) ) ;
#2340 = LINE ( 'NONE', #4274, #8284 ) ;
#2341 =( NAMED_UNIT ( * ) PLANE_ANGLE_UNIT ( ) SI_UNIT ( $, .RADIAN. ) );
#2342 = EDGE_CURVE ( 'NONE', #9899, #9976, #1293, .T. ) ;
#2343 = CARTESIAN_POINT ( 'NONE',  ( 15.14247491600186457, 0.5017607964221304506, 2.095357059789866305 ) ) ;
#2344 = FILL_AREA_STYLE_COLOUR ( '', #9938 ) ;
#2345 = ORIENTED_EDGE ( 'NONE', *, *, #64, .T. ) ;
#2347 = ORIENTED_EDGE ( 'NONE', *, *, #3639, .T. ) ;
#2346 = LINE ( 'NONE', #10329, #189 ) ;
#2348 = VERTEX_POINT ( 'NONE', #403 ) ;
#2349 = ADVANCED_FACE ( 'NONE', ( #233 ), #2358, .T. ) ;
#2350 = FILL_AREA_STYLE ('',( #2471 ) ) ;
#2351 = UNCERTAINTY_MEASURE_WITH_UNIT (LENGTH_MEASURE( 1.000000000000000082E-05 ), #545, 'distance_accuracy_value', 'NONE');
#2352 = ORIENTED_EDGE ( 'NONE', *, *, #8850, .T. ) ;
#2353 = CARTESIAN_POINT ( 'NONE',  ( 8.716274173795483193, 7.810000000000023590, 6.950000000000000178 ) ) ;
#2354 = FILL_AREA_STYLE ('',( #7719 ) ) ;
#2355 = CARTESIAN_POINT ( 'NONE',  ( 16.10000000000000142, 15.35000000000000142, -0.1000000000000003386 ) ) ;
#2356 = ORIENTED_EDGE ( 'NONE', *, *, #6380, .F. ) ;
#2357 = CARTESIAN_POINT ( 'NONE',  ( -0.7384168840423033231, -1.067156642401455358, 6.583979858083452541 ) ) ;
#2358 =( BOUNDED_SURFACE ( )  B_SPLINE_SURFACE ( 3, 3, ( 
 ( #9208, #990, #4589, #10691 ),
 ( #9820, #9024, #1950, #5406 ),
 ( #9770, #4528, #6206, #4696 ),
 ( #9133, #1785, #7227, #10795 ) ),
 .UNSPECIFIED., .F., .F., .F. ) 
 B_SPLINE_SURFACE_WITH_KNOTS ( ( 4, 4 ),
 ( 4, 4 ),
 ( 0.0000000000000000000, 1.000000000000000000 ),
 ( 0.0000000000000000000, 1.000000000000000000 ),
 .UNSPECIFIED. ) 
 GEOMETRIC_REPRESENTATION_ITEM ( )  RATIONAL_B_SPLINE_SURFACE ( (
 ( 1.000000000000000000, 0.3333333333333332038, 0.3333333333333332038, 1.000000000000000000),
 ( 0.9245018060306376961, 0.3081672686768791025, 0.3081672686768791025, 0.9245018060306376961),
 ( 0.9245018060306376961, 0.3081672686768791025, 0.3081672686768791025, 0.9245018060306376961),
 ( 1.000000000000000000, 0.3333333333333332038, 0.3333333333333332038, 1.000000000000000000) ) ) 
 REPRESENTATION_ITEM ( '' )  SURFACE ( )  );
#2359 = CYLINDRICAL_SURFACE ( 'NONE', #2995, 0.4100000000000006417 ) ;
#2360 =( GEOMETRIC_REPRESENTATION_CONTEXT ( 3 ) GLOBAL_UNCERTAINTY_ASSIGNED_CONTEXT ( ( #3924 ) ) GLOBAL_UNIT_ASSIGNED_CONTEXT ( ( #337, #3940, #10161 ) ) REPRESENTATION_CONTEXT ( 'NONE', 'WORKASPACE' ) );
#2361 = FILL_AREA_STYLE_COLOUR ( '', #2649 ) ;
#2362 = SURFACE_STYLE_USAGE ( .BOTH. , #11224 ) ;
#2363 = STYLED_ITEM ( 'NONE', ( #1439 ), #7302 ) ;
#2364 = SURFACE_SIDE_STYLE ('',( #3177 ) ) ;
#2365 = SURFACE_STYLE_FILL_AREA ( #2491 ) ;
#2366 = ORIENTED_EDGE ( 'NONE', *, *, #8907, .F. ) ;
#2367 = LINE ( 'NONE', #8448, #9565 ) ;
#2368 =( LENGTH_UNIT ( ) NAMED_UNIT ( * ) SI_UNIT ( .MILLI., .METRE. ) );
#2369 = LINE ( 'NONE', #9117, #5963 ) ;
#2370 = CARTESIAN_POINT ( 'NONE',  ( -0.1000000000000020040, 6.929999999999999716, -0.1000000000000003109 ) ) ;
#2371 =( GEOMETRIC_REPRESENTATION_CONTEXT ( 3 ) GLOBAL_UNCERTAINTY_ASSIGNED_CONTEXT ( ( #4752 ) ) GLOBAL_UNIT_ASSIGNED_CONTEXT ( ( #7988, #960, #8879 ) ) REPRESENTATION_CONTEXT ( 'NONE', 'WORKASPACE' ) );
#2372 = DIRECTION ( 'NONE',  ( 0.0000000000000000000, 0.0000000000000000000, 1.000000000000000000 ) ) ;
#2373 = DIRECTION ( 'NONE',  ( 0.0000000000000000000, 0.0000000000000000000, 1.000000000000000000 ) ) ;
#2374 = LINE ( 'NONE', #540, #405 ) ;
#2375 = PRESENTATION_STYLE_ASSIGNMENT (( #7685 ) ) ;
#2376 = PLANE ( 'NONE',  #10575 ) ;
#2377 = VECTOR ( 'NONE', #5474, 1000.000000000000000 ) ;
#2378 = SURFACE_STYLE_USAGE ( .BOTH. , #6801 ) ;
#2379 = ORIENTED_EDGE ( 'NONE', *, *, #9633, .T. ) ;
#2380 = STYLED_ITEM ( 'NONE', ( #5253 ), #7006 ) ;
#2381 = PRESENTATION_STYLE_ASSIGNMENT (( #8516 ) ) ;
#2382 = DIRECTION ( 'NONE',  ( 1.000000000000000000, 0.0000000000000000000, 0.0000000000000000000 ) ) ;
#2383 = FILL_AREA_STYLE_COLOUR ( '', #9147 ) ;
#2384 = PRESENTATION_LAYER_ASSIGNMENT (  '', '', ( #4078 ) ) ;
#2385 = ORIENTED_EDGE ( 'NONE', *, *, #6680, .F. ) ;
#2386 = EDGE_CURVE ( 'NONE', #6083, #81, #8026, .T. ) ;
#2387 = AXIS2_PLACEMENT_3D ( 'NONE', #2783, #3732, #5613 ) ;
#2388 = DIRECTION ( 'NONE',  ( 1.000000000000000000, 0.0000000000000000000, -0.0000000000000000000 ) ) ;
#2389 = LINE ( 'NONE', #5946, #3745 ) ;
#2391 = VERTEX_POINT ( 'NONE', #37 ) ;
#2390 = CARTESIAN_POINT ( 'NONE',  ( -0.1000000000000010186, 4.389999999999989910, -0.09999999999999981126 ) ) ;
#2392 = DIRECTION ( 'NONE',  ( 0.0000000000000000000, 0.0000000000000000000, 1.000000000000000000 ) ) ;
#2394 = ORIENTED_EDGE ( 'NONE', *, *, #11450, .T. ) ;
#2393 = DIRECTION ( 'NONE',  ( 0.0000000000000000000, 0.0000000000000000000, 1.000000000000000000 ) ) ;
#2395 = ADVANCED_FACE ( 'NONE', ( #5352 ), #8901, .T. ) ;
#2396 = VECTOR ( 'NONE', #6158, 1000.000000000000000 ) ;
#2397 = SURFACE_SIDE_STYLE ('',( #858 ) ) ;
#2398 = CIRCLE ( 'NONE', #11334, 0.3000000000000016542 ) ;
#2399 = ADVANCED_FACE ( 'NONE', ( #3649 ), #8260, .F. ) ;
#2400 = CARTESIAN_POINT ( 'NONE',  ( 8.900000000000000355, 0.9100000000000000311, -0.03500000000000000333 ) ) ;
#2401 = DIRECTION ( 'NONE',  ( 0.4472135954999579832, 0.8944271909999159664, 0.0000000000000000000 ) ) ;
#2402 = UNCERTAINTY_MEASURE_WITH_UNIT (LENGTH_MEASURE( 1.000000000000000082E-05 ), #5596, 'distance_accuracy_value', 'NONE');
#2403 = CARTESIAN_POINT ( 'NONE',  ( -3.712308238590370337E-15, 12.31000000000000227, -21.65413869472860142 ) ) ;
#2404 = ADVANCED_FACE ( 'NONE', ( #6711 ), #2166, .T. ) ;
#2405 = FILL_AREA_STYLE ('',( #2344 ) ) ;
#2406 = MECHANICAL_DESIGN_GEOMETRIC_PRESENTATION_REPRESENTATION (  '', ( #10950 ), #7422 ) ;
#2407 = ORIENTED_EDGE ( 'NONE', *, *, #2739, .T. ) ;
#2408 = VECTOR ( 'NONE', #9077, 1000.000000000000000 ) ;
#2410 = VERTEX_POINT ( 'NONE', #321 ) ;
#2409 = DIRECTION ( 'NONE',  ( 4.426138304153450370E-16, -1.000000000000000000, 0.0000000000000000000 ) ) ;
#2411 = CIRCLE ( 'NONE', #10400, 0.2999999999999999889 ) ;
#2412 = VECTOR ( 'NONE', #6362, 1000.000000000000000 ) ;
#2413 = VERTEX_POINT ( 'NONE', #3927 ) ;
#2414 = EDGE_CURVE ( 'NONE', #11207, #1995, #9419, .T. ) ;
#2415 = EDGE_CURVE ( 'NONE', #5918, #2750, #6155, .T. ) ;
#2416 = VECTOR ( 'NONE', #1986, 1000.000000000000000 ) ;
#2417 = ORIENTED_EDGE ( 'NONE', *, *, #6443, .T. ) ;
#2418 = DIRECTION ( 'NONE',  ( -0.0000000000000000000, 1.000000000000000000, 0.0000000000000000000 ) ) ;
#2419 = CARTESIAN_POINT ( 'NONE',  ( 0.7499999999999990008, 4.989999999999991331, -0.1000000000000000056 ) ) ;
#2420 =( NAMED_UNIT ( * ) SI_UNIT ( $, .STERADIAN. ) SOLID_ANGLE_UNIT ( ) );
#2421 = VERTEX_POINT ( 'NONE', #444 ) ;
#2422 = MECHANICAL_DESIGN_GEOMETRIC_PRESENTATION_REPRESENTATION (  '', ( #7424 ), #6874 ) ;
#2423 = UNCERTAINTY_MEASURE_WITH_UNIT (LENGTH_MEASURE( 1.000000000000000082E-05 ), #4870, 'distance_accuracy_value', 'NONE');
#2424 = EDGE_CURVE ( 'NONE', #2996, #3085, #5052, .T. ) ;
#2425 = STYLED_ITEM ( 'NONE', ( #9981 ), #5266 ) ;
#2426 = PLANE ( 'NONE',  #1961 ) ;
#2427 = MECHANICAL_DESIGN_GEOMETRIC_PRESENTATION_REPRESENTATION (  '', ( #143 ), #7245 ) ;
#2428 = ORIENTED_EDGE ( 'NONE', *, *, #1855, .F. ) ;
#2429 = COLOUR_RGB ( '',0.8196078431372548767, 0.7058823529411764053, 0.5254901960784313930 ) ;
#2430 = DIRECTION ( 'NONE',  ( -0.0000000000000000000, 0.0000000000000000000, 1.000000000000000000 ) ) ;
#2431 =( NAMED_UNIT ( * ) SI_UNIT ( $, .STERADIAN. ) SOLID_ANGLE_UNIT ( ) );
#2432 = CARTESIAN_POINT ( 'NONE',  ( 15.52499999999999858, 7.730000000000000426, 1.000000000000000000 ) ) ;
#2433 = PRESENTATION_LAYER_ASSIGNMENT (  '', '', ( #916 ) ) ;
#2434 = FACE_BOUND ( 'NONE', #5280, .T. ) ;
#2435 = DIRECTION ( 'NONE',  ( 1.000000000000000000, 0.0000000000000000000, -0.0000000000000000000 ) ) ;
#2436 = ORIENTED_EDGE ( 'NONE', *, *, #3175, .T. ) ;
#2437 = CARTESIAN_POINT ( 'NONE',  ( 9.853990936543636892, 7.000047997827389956, 6.638506810484201104 ) ) ;
#2438 = FILL_AREA_STYLE ('',( #8691 ) ) ;
#2439 =( BOUNDED_SURFACE ( )  B_SPLINE_SURFACE ( 3, 3, ( 
 ( #8688, #4026, #1549, #5615 ),
 ( #3073, #10998, #3011, #643 ),
 ( #3847, #7385, #6584, #10402 ),
 ( #11113, #9558, #10010, #10130 ) ),
 .UNSPECIFIED., .F., .F., .F. ) 
 B_SPLINE_SURFACE_WITH_KNOTS ( ( 4, 4 ),
 ( 4, 4 ),
 ( 0.0000000000000000000, 1.000000000000000000 ),
 ( 0.0000000000000000000, 1.000000000000000000 ),
 .UNSPECIFIED. ) 
 GEOMETRIC_REPRESENTATION_ITEM ( )  RATIONAL_B_SPLINE_SURFACE ( (
 ( 1.000000000000000000, 0.3333333333333318715, 0.3333333333333318715, 1.000000000000000000),
 ( 0.9049357840834657551, 0.3016452613611539380, 0.3016452613611539380, 0.9049357840834657551),
 ( 0.9049357840834657551, 0.3016452613611539380, 0.3016452613611539380, 0.9049357840834657551),
 ( 1.000000000000000000, 0.3333333333333318715, 0.3333333333333318715, 1.000000000000000000) ) ) 
 REPRESENTATION_ITEM ( '' )  SURFACE ( )  );
#2440 = LINE ( 'NONE', #5995, #3199 ) ;
#2441 = FILL_AREA_STYLE ('',( #6915 ) ) ;
#2442 = LINE ( 'NONE', #6740, #10741 ) ;
#2443 = LINE ( 'NONE', #9569, #11565 ) ;
#2444 = SURFACE_STYLE_FILL_AREA ( #4315 ) ;
#2445 = DIRECTION ( 'NONE',  ( -1.000000000000000000, 0.0000000000000000000, -0.0000000000000000000 ) ) ;
#2446 = LINE ( 'NONE', #6921, #5578 ) ;
#2447 = VERTEX_POINT ( 'NONE', #2980 ) ;
#2448 = FACE_OUTER_BOUND ( 'NONE', #3802, .T. ) ;
#2449 = COLOUR_RGB ( '',0.4313725490196078649, 0.3490196078431372362, 0.2901960784313725172 ) ;
#2450 = ORIENTED_EDGE ( 'NONE', *, *, #7446, .F. ) ;
#2451 =( LENGTH_UNIT ( ) NAMED_UNIT ( * ) SI_UNIT ( .MILLI., .METRE. ) );
#2453 = ORIENTED_EDGE ( 'NONE', *, *, #8899, .F. ) ;
#2452 = DIRECTION ( 'NONE',  ( 1.000000000000000000, 0.0000000000000000000, 0.0000000000000000000 ) ) ;
#2454 = PRESENTATION_STYLE_ASSIGNMENT (( #2211 ) ) ;
#2456 = ORIENTED_EDGE ( 'NONE', *, *, #9192, .T. ) ;
#2455 = SURFACE_SIDE_STYLE ('',( #1700 ) ) ;
#2457 = MECHANICAL_DESIGN_GEOMETRIC_PRESENTATION_REPRESENTATION (  '', ( #359 ), #11202 ) ;
#2458 = LINE ( 'NONE', #6129, #8715 ) ;
#2459 = AXIS2_PLACEMENT_3D ( 'NONE', #1417, #7662, #5062 ) ;
#2460 = LINE ( 'NONE', #2282, #4739 ) ;
#2461 = CARTESIAN_POINT ( 'NONE',  ( -0.1000000000000029754, 10.07000000000000028, 1.000000000000000000 ) ) ;
#2462 = CARTESIAN_POINT ( 'NONE',  ( 15.75686575321584826, 0.7068788950495682455, 1.496764136549276092 ) ) ;
#2463 = ORIENTED_EDGE ( 'NONE', *, *, #9672, .F. ) ;
#2464 =( GEOMETRIC_REPRESENTATION_CONTEXT ( 3 ) GLOBAL_UNCERTAINTY_ASSIGNED_CONTEXT ( ( #2351 ) ) GLOBAL_UNIT_ASSIGNED_CONTEXT ( ( #545, #6861, #11360 ) ) REPRESENTATION_CONTEXT ( 'NONE', 'WORKASPACE' ) );
#2465 = VERTEX_POINT ( 'NONE', #2059 ) ;
#2466 = EDGE_CURVE ( 'NONE', #10916, #2790, #2609, .T. ) ;
#2467 = VECTOR ( 'NONE', #5701, 1000.000000000000000 ) ;
#2468 = ORIENTED_EDGE ( 'NONE', *, *, #1855, .T. ) ;
#2469 = COLOUR_RGB ( '',0.1803921568627450955, 0.4627450980392157076, 0.2823529411764705843 ) ;
#2470 = COLOUR_RGB ( '',0.8196078431372548767, 0.7058823529411764053, 0.5254901960784313930 ) ;
#2471 = FILL_AREA_STYLE_COLOUR ( '', #6489 ) ;
#2472 = EDGE_CURVE ( 'NONE', #5167, #9255, #7530, .T. ) ;
#2473 = CARTESIAN_POINT ( 'NONE',  ( 17.06715664240142516, -0.7384168840423183111, 6.583979858083440106 ) ) ;
#2474 = ORIENTED_EDGE ( 'NONE', *, *, #1464, .T. ) ;
#2475 = SURFACE_SIDE_STYLE ('',( #4407 ) ) ;
#2476 = ORIENTED_EDGE ( 'NONE', *, *, #10573, .T. ) ;
#2477 = CARTESIAN_POINT ( 'NONE',  ( -0.1000000000000010186, 4.189999999999988844, -0.1000000000000000056 ) ) ;
#2478 = AXIS2_PLACEMENT_3D ( 'NONE', #6664, #7599, #6725 ) ;
#2479 =( LENGTH_UNIT ( ) NAMED_UNIT ( * ) SI_UNIT ( .MILLI., .METRE. ) );
#2480 = COLOUR_RGB ( '',0.8196078431372548767, 0.7058823529411764053, 0.5254901960784313930 ) ;
#2481 = VERTEX_POINT ( 'NONE', #6602 ) ;
#2482 = PRESENTATION_LAYER_ASSIGNMENT (  '', '', ( #10280 ) ) ;
#2483 = DIRECTION ( 'NONE',  ( 0.0000000000000000000, -1.000000000000000000, -0.0000000000000000000 ) ) ;
#2484 = DIRECTION ( 'NONE',  ( -1.000000000000000000, -0.0000000000000000000, 0.0000000000000000000 ) ) ;
#2485 = CIRCLE ( 'NONE', #9575, 0.4000000000000000222 ) ;
#2486 = SURFACE_SIDE_STYLE ('',( #9555 ) ) ;
#2487 = EDGE_CURVE ( 'NONE', #8423, #5461, #1219, .T. ) ;
#2488 = UNCERTAINTY_MEASURE_WITH_UNIT (LENGTH_MEASURE( 1.000000000000000082E-05 ), #10719, 'distance_accuracy_value', 'NONE');
#2489 = DIRECTION ( 'NONE',  ( 0.0000000000000000000, 0.0000000000000000000, 1.000000000000000000 ) ) ;
#2490 = FILL_AREA_STYLE_COLOUR ( '', #937 ) ;
#2491 = FILL_AREA_STYLE ('',( #530 ) ) ;
#2492 = ORIENTED_EDGE ( 'NONE', *, *, #9479, .F. ) ;
#2493 = SURFACE_STYLE_FILL_AREA ( #1104 ) ;
#2494 = LINE ( 'NONE', #9614, #4152 ) ;
#2495 =( NAMED_UNIT ( * ) PLANE_ANGLE_UNIT ( ) SI_UNIT ( $, .RADIAN. ) );
#2496 = COLOUR_RGB ( '',0.1803921568627450955, 0.4627450980392157076, 0.2823529411764705843 ) ;
#2497 = PLANE ( 'NONE',  #2979 ) ;
#2498 = PRESENTATION_LAYER_ASSIGNMENT (  '', '', ( #8661 ) ) ;
#2499 = LINE ( 'NONE', #538, #3693 ) ;
#2500 = CARTESIAN_POINT ( 'NONE',  ( 14.50000000000000000, 15.35000000000000142, 0.9000000000000001332 ) ) ;
#2501 = PRESENTATION_STYLE_ASSIGNMENT (( #1682 ) ) ;
#2502 = MECHANICAL_DESIGN_GEOMETRIC_PRESENTATION_REPRESENTATION (  '', ( #1566 ), #8285 ) ;
#2503 =( GEOMETRIC_REPRESENTATION_CONTEXT ( 3 ) GLOBAL_UNCERTAINTY_ASSIGNED_CONTEXT ( ( #5921 ) ) GLOBAL_UNIT_ASSIGNED_CONTEXT ( ( #9062, #2724, #7330 ) ) REPRESENTATION_CONTEXT ( 'NONE', 'WORKASPACE' ) );
#2504 = SURFACE_STYLE_FILL_AREA ( #10483 ) ;
#2505 = ORIENTED_EDGE ( 'NONE', *, *, #4772, .T. ) ;
#2506 = CARTESIAN_POINT ( 'NONE',  ( 15.45021962980673536, 0.7383394144550304850, 2.130940107675852069 ) ) ;
#2507 = PLANE ( 'NONE',  #7882 ) ;
#2508 = DIRECTION ( 'NONE',  ( -0.0000000000000000000, 0.0000000000000000000, -1.000000000000000000 ) ) ;
#2509 = AXIS2_PLACEMENT_3D ( 'NONE', #4543, #2929, #1126 ) ;
#2510 = VECTOR ( 'NONE', #3854, 1000.000000000000000 ) ;
#2511 = CARTESIAN_POINT ( 'NONE',  ( 1.500000000000000000, 14.34999999999999964, 0.0000000000000000000 ) ) ;
#2512 = DIRECTION ( 'NONE',  ( -0.0000000000000000000, -0.0000000000000000000, -1.000000000000000000 ) ) ;
#2513 = PRESENTATION_LAYER_ASSIGNMENT (  '', '', ( #6051 ) ) ;
#2515 = EDGE_LOOP ( 'NONE', ( #256, #9759, #4878, #9541, #96, #7008, #8840, #6212, #6963 ) ) ;
#2514 = LINE ( 'NONE', #7809, #3598 ) ;
#2516 = DIRECTION ( 'NONE',  ( 0.0000000000000000000, 1.000000000000000000, 0.0000000000000000000 ) ) ;
#2518 = ORIENTED_EDGE ( 'NONE', *, *, #11510, .T. ) ;
#2517 = DIRECTION ( 'NONE',  ( -0.0000000000000000000, -0.0000000000000000000, 1.000000000000000000 ) ) ;
#2519 = PRESENTATION_STYLE_ASSIGNMENT (( #5271 ) ) ;
#2520 = PRESENTATION_LAYER_ASSIGNMENT (  '', '', ( #617 ) ) ;
#2521 = CARTESIAN_POINT ( 'NONE',  ( 8.000000000000000000, 8.000000000000000000, 0.9000000000000001332 ) ) ;
#2522 = VECTOR ( 'NONE', #7842, 1000.000000000000000 ) ;
#2523 = STYLED_ITEM ( 'NONE', ( #2454 ), #4632 ) ;
#2524 = DIRECTION ( 'NONE',  ( 1.000000000000000000, 0.0000000000000000000, -0.0000000000000000000 ) ) ;
#2525 = EDGE_LOOP ( 'NONE', ( #11258, #26, #10569, #1818, #1013, #9597 ) ) ;
#2526 =( NAMED_UNIT ( * ) SI_UNIT ( $, .STERADIAN. ) SOLID_ANGLE_UNIT ( ) );
#2527 = EDGE_LOOP ( 'NONE', ( #3555, #7368, #3653, #266, #1072 ) ) ;
#2528 = EDGE_CURVE ( 'NONE', #6709, #1524, #147, .T. ) ;
#2530 = EDGE_LOOP ( 'NONE', ( #4741, #6683 ) ) ;
#2529 = CARTESIAN_POINT ( 'NONE',  ( 9.400000000000000355, 0.9100000000000000311, -0.03500000000000000333 ) ) ;
#2531 = PRESENTATION_LAYER_ASSIGNMENT (  '', '', ( #5150 ) ) ;
#2533 = ORIENTED_EDGE ( 'NONE', *, *, #10164, .T. ) ;
#2532 = CARTESIAN_POINT ( 'NONE',  ( 17.07320508075688537, -1.073205080756894469, 6.323205080756888918 ) ) ;
#2534 = PRESENTATION_LAYER_ASSIGNMENT (  '', '', ( #10145 ) ) ;
#2535 = ORIENTED_EDGE ( 'NONE', *, *, #7171, .T. ) ;
#2536 = ORIENTED_EDGE ( 'NONE', *, *, #3993, .T. ) ;
#2537 = UNCERTAINTY_MEASURE_WITH_UNIT (LENGTH_MEASURE( 1.000000000000000082E-05 ), #8972, 'distance_accuracy_value', 'NONE');
#2538 = PLANE ( 'NONE',  #4184 ) ;
#2539 = EDGE_CURVE ( 'NONE', #7053, #9033, #2222, .T. ) ;
#2540 = ORIENTED_EDGE ( 'NONE', *, *, #9815, .T. ) ;
#2541 = FILL_AREA_STYLE_COLOUR ( '', #6898 ) ;
#2542 = CARTESIAN_POINT ( 'NONE',  ( 0.7499999999999960032, 12.60999999999999943, 1.000000000000000000 ) ) ;
#2543 = FACE_OUTER_BOUND ( 'NONE', #11562, .T. ) ;
#2544 = DIRECTION ( 'NONE',  ( 0.4082482904638638499, -0.4082482904638628507, -0.8164965809277257014 ) ) ;
#2545 = APPLICATION_PROTOCOL_DEFINITION ( 'draft international standard', 'automotive_design', 1998, #9417 ) ;
#2546 = ORIENTED_EDGE ( 'NONE', *, *, #11155, .T. ) ;
#2547 = ADVANCED_FACE ( 'NONE', ( #7351 ), #6841, .F. ) ;
#2548 = CARTESIAN_POINT ( 'NONE',  ( 16.10000000000000142, 15.35000000000000142, 1.000000000000000000 ) ) ;
#2549 = DIRECTION ( 'NONE',  ( 0.0000000000000000000, -1.000000000000000000, -0.0000000000000000000 ) ) ;
#2550 = EDGE_CURVE ( 'NONE', #2750, #7986, #8684, .T. ) ;
#2551 = SURFACE_STYLE_FILL_AREA ( #10850 ) ;
#2552 = DIRECTION ( 'NONE',  ( 0.0000000000000000000, -0.0000000000000000000, -1.000000000000000000 ) ) ;
#2553 = DIRECTION ( 'NONE',  ( -0.0000000000000000000, 0.0000000000000000000, -1.000000000000000000 ) ) ;
#2554 = CARTESIAN_POINT ( 'NONE',  ( 8.277406104832675027, 6.169145360611308249, 6.500000000000003553 ) ) ;
#2555 = SURFACE_SIDE_STYLE ('',( #7798 ) ) ;
#2556 = ORIENTED_EDGE ( 'NONE', *, *, #9453, .F. ) ;
#2557 = LINE ( 'NONE', #10537, #11215 ) ;
#2558 = PLANE ( 'NONE',  #1541 ) ;
#2559 = VECTOR ( 'NONE', #10315, 1000.000000000000000 ) ;
#2560 = ADVANCED_FACE ( 'NONE', ( #6153 ), #7783, .T. ) ;
#2562 = ORIENTED_EDGE ( 'NONE', *, *, #10586, .T. ) ;
#2561 = LINE ( 'NONE', #8823, #6023 ) ;
#2563 = VERTEX_POINT ( 'NONE', #10460 ) ;
#2564 = PRESENTATION_STYLE_ASSIGNMENT (( #6877 ) ) ;
#2565 = DIRECTION ( 'NONE',  ( -2.775557561562889872E-16, 1.000000000000000000, 0.0000000000000000000 ) ) ;
#2566 = ORIENTED_EDGE ( 'NONE', *, *, #2386, .T. ) ;
#2567 = ORIENTED_EDGE ( 'NONE', *, *, #6666, .F. ) ;
#2569 = ORIENTED_EDGE ( 'NONE', *, *, #802, .F. ) ;
#2568 =( NAMED_UNIT ( * ) SI_UNIT ( $, .STERADIAN. ) SOLID_ANGLE_UNIT ( ) );
#2570 = VERTEX_POINT ( 'NONE', #1660 ) ;
#2571 = LINE ( 'NONE', #4174, #8924 ) ;
#2572 = CARTESIAN_POINT ( 'NONE',  ( 17.07320508075688181, -1.073205080756889807, 6.323205080756885366 ) ) ;
#2573 = SURFACE_STYLE_USAGE ( .BOTH. , #9652 ) ;
#2574 = FILL_AREA_STYLE_COLOUR ( '', #10598 ) ;
#2575 = VERTEX_POINT ( 'NONE', #2584 ) ;
#2576 =( GEOMETRIC_REPRESENTATION_CONTEXT ( 3 ) GLOBAL_UNCERTAINTY_ASSIGNED_CONTEXT ( ( #9414 ) ) GLOBAL_UNIT_ASSIGNED_CONTEXT ( ( #6646, #7464, #6818 ) ) REPRESENTATION_CONTEXT ( 'NONE', 'WORKASPACE' ) );
#2577 =( GEOMETRIC_REPRESENTATION_CONTEXT ( 3 ) GLOBAL_UNCERTAINTY_ASSIGNED_CONTEXT ( ( #10270 ) ) GLOBAL_UNIT_ASSIGNED_CONTEXT ( ( #6968, #11228, #5992 ) ) REPRESENTATION_CONTEXT ( 'NONE', 'WORKASPACE' ) );
#2578 = CARTESIAN_POINT ( 'NONE',  ( -0.7384168840423043223, -1.333979858083460979, 6.317156642401442923 ) ) ;
#2579 = COLOUR_RGB ( '',0.8196078431372548767, 0.7058823529411764053, 0.5254901960784313930 ) ;
#2580 = LINE ( 'NONE', #575, #3443 ) ;
#2581 = COLOUR_RGB ( '',0.1803921568627450955, 0.4627450980392157076, 0.2823529411764705843 ) ;
#2582 = FILL_AREA_STYLE_COLOUR ( '', #942 ) ;
#2583 = ORIENTED_EDGE ( 'NONE', *, *, #1109, .T. ) ;
#2584 = CARTESIAN_POINT ( 'NONE',  ( -1.416835399004054039E-15, 4.989999999999991331, -0.1000000000000014211 ) ) ;
#2585 = PRESENTATION_LAYER_ASSIGNMENT (  '', '', ( #1852 ) ) ;
#2586 = COLOUR_RGB ( '',0.4313725490196078649, 0.3490196078431372362, 0.2901960784313725172 ) ;
#2587 = UNCERTAINTY_MEASURE_WITH_UNIT (LENGTH_MEASURE( 1.000000000000000082E-05 ), #8278, 'distance_accuracy_value', 'NONE');
#2588 = PRESENTATION_LAYER_ASSIGNMENT (  '', '', ( #9336 ) ) ;
#2589 =( NAMED_UNIT ( * ) SI_UNIT ( $, .STERADIAN. ) SOLID_ANGLE_UNIT ( ) );
#2590 = COLOUR_RGB ( '',0.8196078431372548767, 0.7058823529411764053, 0.5254901960784313930 ) ;
#2591 = LINE ( 'NONE', #162, #5588 ) ;
#2592 = ORIENTED_EDGE ( 'NONE', *, *, #8465, .F. ) ;
#2593 = FACE_OUTER_BOUND ( 'NONE', #10853, .T. ) ;
#2594 = CARTESIAN_POINT ( 'NONE',  ( 3.399999999999999911, -0.9000000000000091260, 6.150000000000000355 ) ) ;
#2595 = FILL_AREA_STYLE_COLOUR ( '', #10182 ) ;
#2596 = VECTOR ( 'NONE', #1159, 1000.000000000000000 ) ;
#2597 = CARTESIAN_POINT ( 'NONE',  ( 15.52499999999999858, 7.730000000000000426, 0.9000000000000001332 ) ) ;
#2598 = DIRECTION ( 'NONE',  ( -0.8125199200687467371, 0.3365567705907716034, 0.4759631494779693051 ) ) ;
#2599 = CARTESIAN_POINT ( 'NONE',  ( 0.6961145618000132984, 15.48277087639996630, 1.900000000000000133 ) ) ;
#2600 = DIRECTION ( 'NONE',  ( 0.0000000000000000000, 0.0000000000000000000, -1.000000000000000000 ) ) ;
#2601 = EDGE_CURVE ( 'NONE', #2809, #4286, #3354, .T. ) ;
#2602 = LINE ( 'NONE', #10708, #9692 ) ;
#2603 = LINE ( 'NONE', #1747, #5012 ) ;
#2604 = VECTOR ( 'NONE', #10016, 1000.000000000000000 ) ;
#2605 = EDGE_CURVE ( 'NONE', #11287, #10074, #640, .T. ) ;
#2606 = SURFACE_STYLE_USAGE ( .BOTH. , #9228 ) ;
#2607 = EDGE_LOOP ( 'NONE', ( #8114, #4538, #2067, #6253 ) ) ;
#2608 =( NAMED_UNIT ( * ) PLANE_ANGLE_UNIT ( ) SI_UNIT ( $, .RADIAN. ) );
#2609 = CIRCLE ( 'NONE', #1107, 0.4100000000000006417 ) ;
#2610 = DIRECTION ( 'NONE',  ( 1.000000000000000000, -1.387778780781450113E-16, 0.0000000000000000000 ) ) ;
#2611 = AXIS2_PLACEMENT_3D ( 'NONE', #3447, #9699, #8003 ) ;
#2612 = DIRECTION ( 'NONE',  ( 0.0000000000000000000, -1.000000000000000000, 0.0000000000000000000 ) ) ;
#2613 = EDGE_LOOP ( 'NONE', ( #10214, #2428, #9741, #6113 ) ) ;
#2614 = EDGE_CURVE ( 'NONE', #9774, #5610, #3467, .T. ) ;
#2615 = CARTESIAN_POINT ( 'NONE',  ( 16.97228466864495289, 17.40080239494581704, 5.874476182445891759 ) ) ;
#2616 = DIRECTION ( 'NONE',  ( 0.0000000000000000000, 0.0000000000000000000, -1.000000000000000000 ) ) ;
#2617 = EDGE_CURVE ( 'NONE', #4072, #8486, #6907, .T. ) ;
#2619 = ORIENTED_EDGE ( 'NONE', *, *, #6599, .T. ) ;
#2618 = DIRECTION ( 'NONE',  ( -0.0000000000000000000, 1.000000000000000000, 0.0000000000000000000 ) ) ;
#2620 = FACE_OUTER_BOUND ( 'NONE', #9472, .T. ) ;
#2621 = MECHANICAL_DESIGN_GEOMETRIC_PRESENTATION_REPRESENTATION (  '', ( #4687 ), #1863 ) ;
#2622 = LINE ( 'NONE', #6074, #3425 ) ;
#2623 = AXIS2_PLACEMENT_3D ( 'NONE', #8997, #1924, #2719 ) ;
#2624 = ADVANCED_FACE ( 'NONE', ( #1726 ), #10632, .T. ) ;
#2625 = FILL_AREA_STYLE ('',( #676 ) ) ;
#2626 = SURFACE_SIDE_STYLE ('',( #8943 ) ) ;
#2627 = DIRECTION ( 'NONE',  ( -1.000000000000000000, -3.700743415417190112E-16, 0.0000000000000000000 ) ) ;
#2628 = SURFACE_SIDE_STYLE ('',( #2789 ) ) ;
#2629 = ORIENTED_EDGE ( 'NONE', *, *, #6311, .T. ) ;
#2630 = CARTESIAN_POINT ( 'NONE',  ( -0.1000000000000020040, 6.730000000000000426, 1.000000000000000000 ) ) ;
#2631 = CARTESIAN_POINT ( 'NONE',  ( 16.00000000000000000, 4.190000000000000391, 1.000000000000000000 ) ) ;
#2632 = PRESENTATION_LAYER_ASSIGNMENT (  '', '', ( #7656 ) ) ;
#2633 = VERTEX_POINT ( 'NONE', #4533 ) ;
#2634 = VERTEX_POINT ( 'NONE', #3707 ) ;
#2635 = FILL_AREA_STYLE_COLOUR ( '', #419 ) ;
#2636 = DIRECTION ( 'NONE',  ( 1.000000000000000000, 0.0000000000000000000, -0.0000000000000000000 ) ) ;
#2637 = ORIENTED_EDGE ( 'NONE', *, *, #1694, .F. ) ;
#2638 = LINE ( 'NONE', #8199, #3065 ) ;
#2639 = SURFACE_SIDE_STYLE ('',( #1831 ) ) ;
#2640 = VECTOR ( 'NONE', #4987, 1000.000000000000000 ) ;
#2641 = ORIENTED_EDGE ( 'NONE', *, *, #2821, .T. ) ;
#2642 = FACE_OUTER_BOUND ( 'NONE', #8306, .T. ) ;
#2643 = CARTESIAN_POINT ( 'NONE',  ( 15.52499999999999858, 11.81000000000000050, 0.9000000000000001332 ) ) ;
#2644 =( GEOMETRIC_REPRESENTATION_CONTEXT ( 3 ) GLOBAL_UNCERTAINTY_ASSIGNED_CONTEXT ( ( #7961 ) ) GLOBAL_UNIT_ASSIGNED_CONTEXT ( ( #8927, #3609, #3489 ) ) REPRESENTATION_CONTEXT ( 'NONE', 'WORKASPACE' ) );
#2645 = DIRECTION ( 'NONE',  ( 0.0000000000000000000, 0.0000000000000000000, -1.000000000000000000 ) ) ;
#2646 = ORIENTED_EDGE ( 'NONE', *, *, #5807, .T. ) ;
#2647 = VECTOR ( 'NONE', #11479, 1000.000000000000000 ) ;
#2648 = LINE ( 'NONE', #6104, #11558 ) ;
#2649 = COLOUR_RGB ( '',0.8196078431372548767, 0.7058823529411764053, 0.5254901960784313930 ) ;
#2650 = CARTESIAN_POINT ( 'NONE',  ( 9.650000000000000355, 15.50000000000000000, -0.03500000000000000333 ) ) ;
#2651 = CARTESIAN_POINT ( 'NONE',  ( 0.8750000000000029976, 0.4749999999999989786, 1.900000000000000133 ) ) ;
#2652 = SURFACE_SIDE_STYLE ('',( #837 ) ) ;
#2653 = CARTESIAN_POINT ( 'NONE',  ( 0.4499999999999990119, 7.999999999999989342, 6.450000000000000178 ) ) ;
#2654 = DIRECTION ( 'NONE',  ( -1.000000000000000000, 0.0000000000000000000, 0.0000000000000000000 ) ) ;
#2655 = DIRECTION ( 'NONE',  ( -0.0000000000000000000, -0.0000000000000000000, -1.000000000000000000 ) ) ;
#2656 = CARTESIAN_POINT ( 'NONE',  ( 9.809237095092809611, 0.4749999999999989786, 0.9000000000000001332 ) ) ;
#2657 = VECTOR ( 'NONE', #6094, 1000.000000000000000 ) ;
#2658 = CYLINDRICAL_SURFACE ( 'NONE', #1441, 0.2500000000000002220 ) ;
#2659 = ORIENTED_EDGE ( 'NONE', *, *, #3202, .F. ) ;
#2660 = LINE ( 'NONE', #6225, #3761 ) ;
#2661 = MECHANICAL_DESIGN_GEOMETRIC_PRESENTATION_REPRESENTATION (  '', ( #5839 ), #8279 ) ;
#2662 = ADVANCED_FACE ( 'NONE', ( #1956 ), #1893, .F. ) ;
#2663 = ORIENTED_EDGE ( 'NONE', *, *, #4210, .F. ) ;
#2664 = DIRECTION ( 'NONE',  ( 0.0000000000000000000, 0.0000000000000000000, -1.000000000000000000 ) ) ;
#2665 = PRESENTATION_LAYER_ASSIGNMENT (  '', '', ( #7704 ) ) ;
#2666 = EDGE_CURVE ( 'NONE', #7437, #5735, #8267, .T. ) ;
#2667 = EDGE_LOOP ( 'NONE', ( #8794, #4781, #5797, #10151, #6070, #325, #10695, #10881, #10334 ) ) ;
#2668 =( LENGTH_UNIT ( ) NAMED_UNIT ( * ) SI_UNIT ( .MILLI., .METRE. ) );
#2669 =( NAMED_UNIT ( * ) PLANE_ANGLE_UNIT ( ) SI_UNIT ( $, .RADIAN. ) );
#2670 = DIRECTION ( 'NONE',  ( 1.000000000000000000, 0.0000000000000000000, 0.0000000000000000000 ) ) ;
#2671 = DIRECTION ( 'NONE',  ( 1.000000000000000000, 0.0000000000000000000, -0.0000000000000000000 ) ) ;
#2672 = EDGE_CURVE ( 'NONE', #6828, #4228, #6432, .T. ) ;
#2673 = EDGE_CURVE ( 'NONE', #10563, #11204, #2919, .T. ) ;
#2674 = CARTESIAN_POINT ( 'NONE',  ( 0.4750000000000015321, 5.189999999999989733, 0.9000000000000001332 ) ) ;
#2675 = DIRECTION ( 'NONE',  ( 1.000000000000000000, 0.0000000000000000000, -0.0000000000000000000 ) ) ;
#2676 = EDGE_CURVE ( 'NONE', #5969, #8241, #3817, .T. ) ;
#2677 = PRESENTATION_STYLE_ASSIGNMENT (( #8183 ) ) ;
#2678 = VECTOR ( 'NONE', #4652, 1000.000000000000000 ) ;
#2679 = ORIENTED_EDGE ( 'NONE', *, *, #2182, .T. ) ;
#2680 =( LENGTH_UNIT ( ) NAMED_UNIT ( * ) SI_UNIT ( .MILLI., .METRE. ) );
#2681 = EDGE_LOOP ( 'NONE', ( #9790, #6543, #9745, #9887, #2407, #11536, #2533, #698 ) ) ;
#2682 = ADVANCED_FACE ( 'NONE', ( #995 ), #4593, .T. ) ;
#2683 = EDGE_CURVE ( 'NONE', #8847, #3157, #286, .T. ) ;
#2684 = ORIENTED_EDGE ( 'NONE', *, *, #1322, .T. ) ;
#2686 = ORIENTED_EDGE ( 'NONE', *, *, #3831, .F. ) ;
#2685 = CARTESIAN_POINT ( 'NONE',  ( 0.7500000000000000000, 0.3999999999999899747, -0.1000000000000000056 ) ) ;
#2687 = CIRCLE ( 'NONE', #5514, 0.3999999999999999667 ) ;
#2688 =( GEOMETRIC_REPRESENTATION_CONTEXT ( 3 ) GLOBAL_UNCERTAINTY_ASSIGNED_CONTEXT ( ( #1358 ) ) GLOBAL_UNIT_ASSIGNED_CONTEXT ( ( #3979, #5095, #9351 ) ) REPRESENTATION_CONTEXT ( 'NONE', 'WORKASPACE' ) );
#2689 = CARTESIAN_POINT ( 'NONE',  ( 0.02329703753469264393, 17.14375597602062484, 6.292788944843390020 ) ) ;
#2690 = ADVANCED_FACE ( 'NONE', ( #5851 ), #6371, .T. ) ;
#2691 = FILL_AREA_STYLE_COLOUR ( '', #6137 ) ;
#2692 = ORIENTED_EDGE ( 'NONE', *, *, #2816, .T. ) ;
#2693 = CARTESIAN_POINT ( 'NONE',  ( 14.50000000000000000, 10.26999999999999957, 1.000000000000000000 ) ) ;
#2694 = SURFACE_STYLE_USAGE ( .BOTH. , #8084 ) ;
#2695 = VECTOR ( 'NONE', #8233, 1000.000000000000000 ) ;
#2696 = EDGE_CURVE ( 'NONE', #246, #3488, #1175, .T. ) ;
#2697 = PRESENTATION_STYLE_ASSIGNMENT (( #4591 ) ) ;
#2698 = ORIENTED_EDGE ( 'NONE', *, *, #8741, .T. ) ;
#2699 =( LENGTH_UNIT ( ) NAMED_UNIT ( * ) SI_UNIT ( .MILLI., .METRE. ) );
#2700 = CARTESIAN_POINT ( 'NONE',  ( -4.440892098500630106E-15, 16.00000000000000000, 0.0000000000000000000 ) ) ;
#2701 = CARTESIAN_POINT ( 'NONE',  ( 14.50000000000000000, 1.649999999999989919, -0.1000000000000000472 ) ) ;
#2702 = UNCERTAINTY_MEASURE_WITH_UNIT (LENGTH_MEASURE( 1.000000000000000082E-05 ), #10518, 'distance_accuracy_value', 'NONE');
#2703 = CARTESIAN_POINT ( 'NONE',  ( 9.400000000000000355, 0.7500000000000000000, 0.9000000000000001332 ) ) ;
#2704 = ORIENTED_EDGE ( 'NONE', *, *, #1168, .F. ) ;
#2705 = CARTESIAN_POINT ( 'NONE',  ( 16.00000000000000000, 16.00000000000000000, 0.0000000000000000000 ) ) ;
#2706 = CARTESIAN_POINT ( 'NONE',  ( -0.9000000000000001332, -0.9000000000000091260, 6.150000000000000355 ) ) ;
#2707 = SURFACE_STYLE_FILL_AREA ( #7420 ) ;
#2708 = FILL_AREA_STYLE ('',( #228 ) ) ;
#2709 = CARTESIAN_POINT ( 'NONE',  ( 15.55000000000000071, 0.4499999999999930722, 6.450000000000000178 ) ) ;
#2710 = CARTESIAN_POINT ( 'NONE',  ( 1.500000000000000000, 0.3999999999999899747, 1.000000000000000000 ) ) ;
#2711 = CARTESIAN_POINT ( 'NONE',  ( 8.275182785277069186, 8.578512014086799198, 6.500000000000002665 ) ) ;
#2712 = CARTESIAN_POINT ( 'NONE',  ( 16.00000000000000000, 1.649999999999989919, 0.9000000000000001332 ) ) ;
#2713 = FACE_OUTER_BOUND ( 'NONE', #7469, .T. ) ;
#2714 = ORIENTED_EDGE ( 'NONE', *, *, #8754, .F. ) ;
#2715 = DIRECTION ( 'NONE',  ( 0.0000000000000000000, 0.0000000000000000000, 1.000000000000000000 ) ) ;
#2716 =( LENGTH_UNIT ( ) NAMED_UNIT ( * ) SI_UNIT ( .MILLI., .METRE. ) );
#2717 = VERTEX_POINT ( 'NONE', #5796 ) ;
#2718 =( NAMED_UNIT ( * ) SI_UNIT ( $, .STERADIAN. ) SOLID_ANGLE_UNIT ( ) );
#2719 = DIRECTION ( 'NONE',  ( 1.000000000000000000, 0.0000000000000000000, 0.0000000000000000000 ) ) ;
#2721 = ORIENTED_EDGE ( 'NONE', *, *, #2245, .T. ) ;
#2720 = SURFACE_STYLE_FILL_AREA ( #9796 ) ;
#2722 = SURFACE_STYLE_USAGE ( .BOTH. , #11369 ) ;
#2723 = CARTESIAN_POINT ( 'NONE',  ( 15.52500000000000036, 5.190000000000000391, 0.9000000000000001332 ) ) ;
#2724 =( NAMED_UNIT ( * ) PLANE_ANGLE_UNIT ( ) SI_UNIT ( $, .RADIAN. ) );
#2725 = DIRECTION ( 'NONE',  ( 0.0000000000000000000, 0.0000000000000000000, 1.000000000000000000 ) ) ;
#2726 =( NAMED_UNIT ( * ) SI_UNIT ( $, .STERADIAN. ) SOLID_ANGLE_UNIT ( ) );
#2727 = EDGE_LOOP ( 'NONE', ( #4355, #11444, #436, #187 ) ) ;
#2728 = PRESENTATION_LAYER_ASSIGNMENT (  '', '', ( #1819 ) ) ;
#2729 = CARTESIAN_POINT ( 'NONE',  ( 9.648746859276654320, 15.52500000000000036, 0.9000000000000001332 ) ) ;
#2730 = ADVANCED_FACE ( 'NONE', ( #504 ), #4762, .T. ) ;
#2731 = PLANE ( 'NONE',  #1487 ) ;
#2732 = ORIENTED_EDGE ( 'NONE', *, *, #8130, .T. ) ;
#2733 = SURFACE_STYLE_USAGE ( .BOTH. , #7164 ) ;
#2734 = FACE_OUTER_BOUND ( 'NONE', #8660, .T. ) ;
#2736 = ORIENTED_EDGE ( 'NONE', *, *, #10524, .T. ) ;
#2735 = CARTESIAN_POINT ( 'NONE',  ( 15.25000000000000000, 12.00999999999999979, 1.000000000000000000 ) ) ;
#2738 = ORIENTED_EDGE ( 'NONE', *, *, #4646, .T. ) ;
#2737 = DIRECTION ( 'NONE',  ( 0.0000000000000000000, -1.000000000000000000, -0.0000000000000000000 ) ) ;
#2739 = EDGE_CURVE ( 'NONE', #4584, #3097, #268, .T. ) ;
#2740 = SURFACE_SIDE_STYLE ('',( #3747 ) ) ;
#2741 = VECTOR ( 'NONE', #2985, 1000.000000000000000 ) ;
#2742 = EDGE_CURVE ( 'NONE', #11212, #11477, #11026, .T. ) ;
#2743 = PLANE ( 'NONE',  #9514 ) ;
#2744 = UNCERTAINTY_MEASURE_WITH_UNIT (LENGTH_MEASURE( 1.000000000000000082E-05 ), #6286, 'distance_accuracy_value', 'NONE');
#2745 = DIRECTION ( 'NONE',  ( 1.000000000000000000, 6.938893903907190512E-14, 0.0000000000000000000 ) ) ;
#2746 = ADVANCED_FACE ( 'NONE', ( #6084 ), #629, .T. ) ;
#2747 = VECTOR ( 'NONE', #9965, 1000.000000000000000 ) ;
#2748 = EDGE_CURVE ( 'NONE', #9978, #8423, #2571, .T. ) ;
#2749 = STYLED_ITEM ( 'NONE', ( #4001 ), #3701 ) ;
#2750 = VERTEX_POINT ( 'NONE', #8608 ) ;
#2751 = CARTESIAN_POINT ( 'NONE',  ( 0.7499999999999981126, 6.929999999999999716, -0.1000000000000000056 ) ) ;
#2752 = PRESENTATION_STYLE_ASSIGNMENT (( #6154 ) ) ;
#2753 = VERTEX_POINT ( 'NONE', #4230 ) ;
#2754 = DIRECTION ( 'NONE',  ( 1.000000000000000000, 0.0000000000000000000, 0.0000000000000000000 ) ) ;
#2755 = COLOUR_RGB ( '',0.1803921568627450955, 0.4627450980392157076, 0.2823529411764705843 ) ;
#2756 = ADVANCED_FACE ( 'NONE', ( #1471 ), #11388, .T. ) ;
#2757 = ORIENTED_EDGE ( 'NONE', *, *, #11092, .F. ) ;
#2758 = PRESENTATION_LAYER_ASSIGNMENT (  '', '', ( #7795 ) ) ;
#2759 = STYLED_ITEM ( 'NONE', ( #7283 ), #3823 ) ;
#2760 = LINE ( 'NONE', #2705, #1909 ) ;
#2761 = FILL_AREA_STYLE_COLOUR ( '', #6606 ) ;
#2762 = PRESENTATION_STYLE_ASSIGNMENT (( #10753 ) ) ;
#2763 = VECTOR ( 'NONE', #7881, 1000.000000000000000 ) ;
#2764 = CIRCLE ( 'NONE', #9495, 0.4099999999999971445 ) ;
#2765 = SURFACE_SIDE_STYLE ('',( #10868 ) ) ;
#2766 = CARTESIAN_POINT ( 'NONE',  ( 8.900000000000000355, 15.50000000000000000, 0.0000000000000000000 ) ) ;
#2767 = LINE ( 'NONE', #6333, #5237 ) ;
#2768 =( NAMED_UNIT ( * ) SI_UNIT ( $, .STERADIAN. ) SOLID_ANGLE_UNIT ( ) );
#2769 = STYLED_ITEM ( 'NONE', ( #1743 ), #4923 ) ;
#2770 = DIRECTION ( 'NONE',  ( 0.0000000000000000000, 1.000000000000000000, 0.0000000000000000000 ) ) ;
#2771 = ORIENTED_EDGE ( 'NONE', *, *, #6383, .F. ) ;
#2772 = CARTESIAN_POINT ( 'NONE',  ( 8.900000000000000355, 15.50000000000000000, 0.0000000000000000000 ) ) ;
#2773 = CARTESIAN_POINT ( 'NONE',  ( 17.19999999999999929, 17.19999999999999929, 6.150000000000000355 ) ) ;
#2774 = DIRECTION ( 'NONE',  ( 1.000000000000000000, 0.0000000000000000000, 0.0000000000000000000 ) ) ;
#2775 =( GEOMETRIC_REPRESENTATION_CONTEXT ( 3 ) GLOBAL_UNCERTAINTY_ASSIGNED_CONTEXT ( ( #11150 ) ) GLOBAL_UNIT_ASSIGNED_CONTEXT ( ( #3857, #10952, #3917 ) ) REPRESENTATION_CONTEXT ( 'NONE', 'WORKASPACE' ) );
#2776 = AXIS2_PLACEMENT_3D ( 'NONE', #7026, #6274, #5543 ) ;
#2777 = ORIENTED_EDGE ( 'NONE', *, *, #2115, .F. ) ;
#2778 = DIRECTION ( 'NONE',  ( -0.0000000000000000000, -1.000000000000000000, -0.0000000000000000000 ) ) ;
#2779 = SURFACE_SIDE_STYLE ('',( #8230 ) ) ;
#2781 = VERTEX_POINT ( 'NONE', #3394 ) ;
#2780 = FILL_AREA_STYLE_COLOUR ( '', #6386 ) ;
#2782 =( LENGTH_UNIT ( ) NAMED_UNIT ( * ) SI_UNIT ( .MILLI., .METRE. ) );
#2783 = CARTESIAN_POINT ( 'NONE',  ( 16.00000000000000000, 6.730000000000000426, 1.000000000000000000 ) ) ;
#2784 = VECTOR ( 'NONE', #8984, 1000.000000000000000 ) ;
#2785 =( LENGTH_UNIT ( ) NAMED_UNIT ( * ) SI_UNIT ( .MILLI., .METRE. ) );
#2786 = ORIENTED_EDGE ( 'NONE', *, *, #10930, .T. ) ;
#2787 = CARTESIAN_POINT ( 'NONE',  ( 16.10000000000000142, 2.450000000000000178, 0.4500000000000000666 ) ) ;
#2788 =( NAMED_UNIT ( * ) PLANE_ANGLE_UNIT ( ) SI_UNIT ( $, .RADIAN. ) );
#2789 = SURFACE_STYLE_FILL_AREA ( #7212 ) ;
#2790 = VERTEX_POINT ( 'NONE', #9708 ) ;
#2791 = COLOUR_RGB ( '',0.4313725490196078649, 0.3490196078431372362, 0.2901960784313725172 ) ;
#2792 = CARTESIAN_POINT ( 'NONE',  ( 1.500000000000000000, 9.269999999999999574, 1.000000000000000000 ) ) ;
#2793 = SURFACE_STYLE_FILL_AREA ( #10779 ) ;
#2794 = VECTOR ( 'NONE', #6650, 1000.000000000000000 ) ;
#2796 = ORIENTED_EDGE ( 'NONE', *, *, #10787, .T. ) ;
#2795 = FILL_AREA_STYLE ('',( #9014 ) ) ;
#2797 = EDGE_LOOP ( 'NONE', ( #11279, #688, #8782, #1858 ) ) ;
#2798 = PRESENTATION_LAYER_ASSIGNMENT (  '', '', ( #10985 ) ) ;
#2799 = CARTESIAN_POINT ( 'NONE',  ( -0.2498578470845411459, 17.10897084679231384, 6.098339371951700727 ) ) ;
#2800 = CARTESIAN_POINT ( 'NONE',  ( -4.440892098500630106E-15, 16.00000000000000000, 0.0000000000000000000 ) ) ;
#2801 = CARTESIAN_POINT ( 'NONE',  ( 0.8750000000000031086, 0.8749999999999990008, 1.900000000000000133 ) ) ;
#2802 = CYLINDRICAL_SURFACE ( 'NONE', #9773, 0.2999999999999999889 ) ;
#2803 = PRESENTATION_STYLE_ASSIGNMENT (( #3585 ) ) ;
#2804 = DIRECTION ( 'NONE',  ( -1.000000000000000000, -0.0000000000000000000, -0.0000000000000000000 ) ) ;
#2805 =( NAMED_UNIT ( * ) PLANE_ANGLE_UNIT ( ) SI_UNIT ( $, .RADIAN. ) );
#2806 = ADVANCED_FACE ( 'NONE', ( #816 ), #69, .T. ) ;
#2807 = ORIENTED_EDGE ( 'NONE', *, *, #6680, .T. ) ;
#2808 = CARTESIAN_POINT ( 'NONE',  ( 15.25000000000000000, 15.15000000000000036, -0.1000000000000000056 ) ) ;
#2809 = VERTEX_POINT ( 'NONE', #6407 ) ;
#2810 = DIRECTION ( 'NONE',  ( -0.0000000000000000000, -1.000000000000000000, -0.0000000000000000000 ) ) ;
#2811 = FILL_AREA_STYLE_COLOUR ( '', #116 ) ;
#2812 = ORIENTED_EDGE ( 'NONE', *, *, #11445, .T. ) ;
#2813 = EDGE_CURVE ( 'NONE', #9221, #9278, #8402, .T. ) ;
#2814 = CARTESIAN_POINT ( 'NONE',  ( -0.1000000000000029893, 9.470000000000000639, 1.000000000000000000 ) ) ;
#2815 = PRESENTATION_LAYER_ASSIGNMENT (  '', '', ( #366 ) ) ;
#2816 = EDGE_CURVE ( 'NONE', #3040, #8148, #1982, .T. ) ;
#2817 =( LENGTH_UNIT ( ) NAMED_UNIT ( * ) SI_UNIT ( .MILLI., .METRE. ) );
#2818 = EDGE_CURVE ( 'NONE', #5172, #3290, #358, .T. ) ;
#2819 =( GEOMETRIC_REPRESENTATION_CONTEXT ( 3 ) GLOBAL_UNCERTAINTY_ASSIGNED_CONTEXT ( ( #8431 ) ) GLOBAL_UNIT_ASSIGNED_CONTEXT ( ( #3792, #1325, #8407 ) ) REPRESENTATION_CONTEXT ( 'NONE', 'WORKASPACE' ) );
#2820 = DIRECTION ( 'NONE',  ( 0.9729828754035628746, 0.0000000000000000000, 0.2308772924551368011 ) ) ;
#2821 = EDGE_CURVE ( 'NONE', #8110, #866, #9061, .T. ) ;
#2822 = LINE ( 'NONE', #9152, #8202 ) ;
#2823 = FILL_AREA_STYLE ('',( #169 ) ) ;
#2824 = MECHANICAL_DESIGN_GEOMETRIC_PRESENTATION_REPRESENTATION (  '', ( #10644 ), #3004 ) ;
#2825 = CARTESIAN_POINT ( 'NONE',  ( 8.000000000000000000, 1.649999999999989919, 0.0000000000000000000 ) ) ;
#2826 =( GEOMETRIC_REPRESENTATION_CONTEXT ( 3 ) GLOBAL_UNCERTAINTY_ASSIGNED_CONTEXT ( ( #9397 ) ) GLOBAL_UNIT_ASSIGNED_CONTEXT ( ( #6259, #5408, #10034 ) ) REPRESENTATION_CONTEXT ( 'NONE', 'WORKASPACE' ) );
#2827 =( LENGTH_UNIT ( ) NAMED_UNIT ( * ) SI_UNIT ( .MILLI., .METRE. ) );
#2828 = PRESENTATION_LAYER_ASSIGNMENT (  '', '', ( #8078 ) ) ;
#2829 =( LENGTH_UNIT ( ) NAMED_UNIT ( * ) SI_UNIT ( .MILLI., .METRE. ) );
#2830 = ORIENTED_EDGE ( 'NONE', *, *, #8264, .T. ) ;
#2831 = CARTESIAN_POINT ( 'NONE',  ( 16.10000000000000142, 12.61000000000000121, 1.000000000000000000 ) ) ;
#2832 = FILL_AREA_STYLE_COLOUR ( '', #7531 ) ;
#2833 = VECTOR ( 'NONE', #7370, 1000.000000000000000 ) ;
#2834 = EDGE_LOOP ( 'NONE', ( #9367, #1591, #8350, #2964, #6770, #2796, #10040, #5117 ) ) ;
#2835 = COLOUR_RGB ( '',0.8196078431372548767, 0.7058823529411764053, 0.5254901960784313930 ) ;
#2836 = CARTESIAN_POINT ( 'NONE',  ( 15.35594010767584905, 0.6440598923241487306, 2.130940107675850292 ) ) ;
#2837 = FACE_OUTER_BOUND ( 'NONE', #3024, .T. ) ;
#2838 = STYLED_ITEM ( 'NONE', ( #6692 ), #7322 ) ;
#2840 = VERTEX_POINT ( 'NONE', #5666 ) ;
#2839 = LINE ( 'NONE', #6283, #9384 ) ;
#2841 = CARTESIAN_POINT ( 'NONE',  ( -1.143755976020627285, 15.97670296246533184, 6.292788944843391796 ) ) ;
#2842 = VECTOR ( 'NONE', #5441, 1000.000000000000000 ) ;
#2843 = DIRECTION ( 'NONE',  ( 0.0000000000000000000, 0.0000000000000000000, 1.000000000000000000 ) ) ;
#2844 = DIRECTION ( 'NONE',  ( 0.0000000000000000000, 0.0000000000000000000, 1.000000000000000000 ) ) ;
#2845 = VERTEX_POINT ( 'NONE', #3846 ) ;
#2846 = CARTESIAN_POINT ( 'NONE',  ( 12.52500000000000213, 1.505499999999990735, -0.01000000000000000021 ) ) ;
#2847 = FACE_OUTER_BOUND ( 'NONE', #7182, .T. ) ;
#2848 = SURFACE_STYLE_FILL_AREA ( #3253 ) ;
#2849 = VERTEX_POINT ( 'NONE', #3788 ) ;
#2850 = CARTESIAN_POINT ( 'NONE',  ( 0.2999999999999974909, 7.230000000000000426, -21.65413869472860142 ) ) ;
#2851 = CARTESIAN_POINT ( 'NONE',  ( 14.50000000000000000, 12.81000000000000050, 1.000000000000000000 ) ) ;
#2853 = EDGE_LOOP ( 'NONE', ( #3459, #10744, #1821, #10838 ) ) ;
#2852 = DIRECTION ( 'NONE',  ( -0.0000000000000000000, -1.000000000000000000, -0.0000000000000000000 ) ) ;
#2854 = ORIENTED_EDGE ( 'NONE', *, *, #8067, .T. ) ;
#2855 =( NAMED_UNIT ( * ) SI_UNIT ( $, .STERADIAN. ) SOLID_ANGLE_UNIT ( ) );
#2856 = STYLED_ITEM ( 'NONE', ( #4301 ), #4135 ) ;
#2857 = UNCERTAINTY_MEASURE_WITH_UNIT (LENGTH_MEASURE( 1.000000000000000082E-05 ), #6884, 'distance_accuracy_value', 'NONE');
#2858 = SURFACE_SIDE_STYLE ('',( #3516 ) ) ;
#2859 = PRESENTATION_STYLE_ASSIGNMENT (( #1111 ) ) ;
#2860 =( NAMED_UNIT ( * ) SI_UNIT ( $, .STERADIAN. ) SOLID_ANGLE_UNIT ( ) );
#2861 = LINE ( 'NONE', #774, #4069 ) ;
#2862 = ORIENTED_EDGE ( 'NONE', *, *, #1109, .F. ) ;
#2863 =( GEOMETRIC_REPRESENTATION_CONTEXT ( 3 ) GLOBAL_UNCERTAINTY_ASSIGNED_CONTEXT ( ( #9187 ) ) GLOBAL_UNIT_ASSIGNED_CONTEXT ( ( #3320, #1511, #1389 ) ) REPRESENTATION_CONTEXT ( 'NONE', 'WORKASPACE' ) );
#2864 = VECTOR ( 'NONE', #4765, 1000.000000000000000 ) ;
#2865 = EDGE_LOOP ( 'NONE', ( #8484, #1223, #8395, #6291 ) ) ;
#2866 = DIRECTION ( 'NONE',  ( 1.000000000000000000, 0.0000000000000000000, 0.0000000000000000000 ) ) ;
#2867 = DIRECTION ( 'NONE',  ( -1.000000000000000000, 0.0000000000000000000, -0.0000000000000000000 ) ) ;
#2868 = ORIENTED_EDGE ( 'NONE', *, *, #7100, .T. ) ;
#2869 = DIRECTION ( 'NONE',  ( -1.000000000000000000, -0.0000000000000000000, -0.0000000000000000000 ) ) ;
#2870 = MECHANICAL_DESIGN_GEOMETRIC_PRESENTATION_REPRESENTATION (  '', ( #617 ), #3256 ) ;
#2871 = FILL_AREA_STYLE ('',( #2233 ) ) ;
#2872 = VERTEX_POINT ( 'NONE', #3962 ) ;
#2873 = AXIS2_PLACEMENT_3D ( 'NONE', #2706, #6382, #1847 ) ;
#2874 = SURFACE_SIDE_STYLE ('',( #7244 ) ) ;
#2875 = FILL_AREA_STYLE ('',( #166 ) ) ;
#2876 = DIRECTION ( 'NONE',  ( 1.000000000000000000, 0.0000000000000000000, 0.0000000000000000000 ) ) ;
#2877 = DIRECTION ( 'NONE',  ( -0.0000000000000000000, 0.0000000000000000000, 1.000000000000000000 ) ) ;
#2878 = EDGE_CURVE ( 'NONE', #849, #4228, #7329, .T. ) ;
#2879 = DIRECTION ( 'NONE',  ( 1.000000000000000000, 0.0000000000000000000, 0.0000000000000000000 ) ) ;
#2880 =( NAMED_UNIT ( * ) SI_UNIT ( $, .STERADIAN. ) SOLID_ANGLE_UNIT ( ) );
#2881 = EDGE_CURVE ( 'NONE', #877, #6227, #2950, .T. ) ;
#2882 = DIRECTION ( 'NONE',  ( 0.0000000000000000000, -0.0000000000000000000, 1.000000000000000000 ) ) ;
#2883 = ORIENTED_EDGE ( 'NONE', *, *, #5488, .T. ) ;
#2884 = SURFACE_SIDE_STYLE ('',( #8288 ) ) ;
#2885 =( NAMED_UNIT ( * ) PLANE_ANGLE_UNIT ( ) SI_UNIT ( $, .RADIAN. ) );
#2886 = EDGE_CURVE ( 'NONE', #8897, #7449, #121, .T. ) ;
#2887 = FILL_AREA_STYLE_COLOUR ( '', #11059 ) ;
#2888 = EDGE_LOOP ( 'NONE', ( #1877, #7002, #6475 ) ) ;
#2889 = FILL_AREA_STYLE_COLOUR ( '', #2178 ) ;
#2890 = DIRECTION ( 'NONE',  ( 1.000000000000000000, 0.0000000000000000000, 0.0000000000000000000 ) ) ;
#2892 = EDGE_LOOP ( 'NONE', ( #5929, #8139, #9201, #11031 ) ) ;
#2891 = LINE ( 'NONE', #3122, #6763 ) ;
#2893 = EDGE_CURVE ( 'NONE', #8241, #1209, #10997, .T. ) ;
#2894 = CARTESIAN_POINT ( 'NONE',  ( 8.000000000000000000, 5.189999999999989733, 0.9000000000000001332 ) ) ;
#2895 = EDGE_CURVE ( 'NONE', #5022, #4988, #4079, .T. ) ;
#2896 = CARTESIAN_POINT ( 'NONE',  ( 14.49999999999999822, 15.35000000000000142, 0.0000000000000000000 ) ) ;
#2897 = DIRECTION ( 'NONE',  ( 0.0000000000000000000, 0.0000000000000000000, 1.000000000000000000 ) ) ;
#2898 =( NAMED_UNIT ( * ) PLANE_ANGLE_UNIT ( ) SI_UNIT ( $, .RADIAN. ) );
#2899 = CARTESIAN_POINT ( 'NONE',  ( 12.52500000000000213, 1.505499999999990735, 0.0000000000000000000 ) ) ;
#2900 = SURFACE_STYLE_FILL_AREA ( #8240 ) ;
#2901 = VERTEX_POINT ( 'NONE', #1203 ) ;
#2902 = PLANE ( 'NONE',  #10549 ) ;
#2903 = EDGE_CURVE ( 'NONE', #10138, #11188, #10009, .T. ) ;
#2904 = CARTESIAN_POINT ( 'NONE',  ( 17.19999999999999929, 17.19999999999999929, 2.299999999999999822 ) ) ;
#2905 = DIRECTION ( 'NONE',  ( -0.0000000000000000000, 1.000000000000000000, 0.0000000000000000000 ) ) ;
#2906 = ORIENTED_EDGE ( 'NONE', *, *, #2605, .F. ) ;
#2907 = PRESENTATION_LAYER_ASSIGNMENT (  '', '', ( #7369 ) ) ;
#2908 = DIRECTION ( 'NONE',  ( -0.0000000000000000000, 1.000000000000000000, 0.0000000000000000000 ) ) ;
#2909 = PRESENTATION_STYLE_ASSIGNMENT (( #2101 ) ) ;
#2911 = ORIENTED_EDGE ( 'NONE', *, *, #6050, .F. ) ;
#2910 = FACE_OUTER_BOUND ( 'NONE', #8050, .T. ) ;
#2912 = ORIENTED_EDGE ( 'NONE', *, *, #1708, .T. ) ;
#2913 = AXIS2_PLACEMENT_3D ( 'NONE', #10015, #2036, #2959 ) ;
#2914 = DIRECTION ( 'NONE',  ( 0.7071067811865470176, 0.7071067811865480168, 0.0000000000000000000 ) ) ;
#2915 = VECTOR ( 'NONE', #3120, 1000.000000000000000 ) ;
#2916 = DIRECTION ( 'NONE',  ( 0.0000000000000000000, 0.0000000000000000000, 1.000000000000000000 ) ) ;
#2917 = ORIENTED_EDGE ( 'NONE', *, *, #6519, .F. ) ;
#2918 = VERTEX_POINT ( 'NONE', #2033 ) ;
#2919 = LINE ( 'NONE', #9986, #3864 ) ;
#2920 = CARTESIAN_POINT ( 'NONE',  ( -0.1000000000000029754, 9.269999999999999574, -0.1000000000000000056 ) ) ;
#2921 = UNCERTAINTY_MEASURE_WITH_UNIT (LENGTH_MEASURE( 1.000000000000000082E-05 ), #6647, 'distance_accuracy_value', 'NONE');
#2922 = MECHANICAL_DESIGN_GEOMETRIC_PRESENTATION_REPRESENTATION (  '', ( #1639 ), #4638 ) ;
#2923 = VERTEX_POINT ( 'NONE', #3899 ) ;
#2924 = CARTESIAN_POINT ( 'NONE',  ( 16.00000000000000000, 5.190000000000000391, 0.0000000000000000000 ) ) ;
#2925 = DIRECTION ( 'NONE',  ( 0.0000000000000000000, -0.0000000000000000000, -1.000000000000000000 ) ) ;
#2926 = ORIENTED_EDGE ( 'NONE', *, *, #1386, .F. ) ;
#2927 = AXIS2_PLACEMENT_3D ( 'NONE', #1684, #4252, #7799 ) ;
#2928 = VECTOR ( 'NONE', #6859, 1000.000000000000000 ) ;
#2929 = DIRECTION ( 'NONE',  ( 0.0000000000000000000, 0.0000000000000000000, 1.000000000000000000 ) ) ;
#2930 = CARTESIAN_POINT ( 'NONE',  ( 8.000000000000000000, 15.09000000000000163, 0.0000000000000000000 ) ) ;
#2931 = CARTESIAN_POINT ( 'NONE',  ( 9.809237095092804282, 15.52500000000000036, 0.9000000000000001332 ) ) ;
#2932 = AXIS2_PLACEMENT_3D ( 'NONE', #5806, #4945, #4129 ) ;
#2933 = COLOUR_RGB ( '',0.4313725490196078649, 0.3490196078431372362, 0.2901960784313725172 ) ;
#2934 = DIRECTION ( 'NONE',  ( -0.0000000000000000000, -1.000000000000000000, -0.0000000000000000000 ) ) ;
#2935 = ORIENTED_EDGE ( 'NONE', *, *, #1031, .T. ) ;
#2936 = CARTESIAN_POINT ( 'NONE',  ( 0.3000000000000000999, 2.149999999999990141, -0.1000000000000028644 ) ) ;
#2937 = DIRECTION ( 'NONE',  ( 1.000000000000000000, 0.0000000000000000000, 0.0000000000000000000 ) ) ;
#2938 =( NAMED_UNIT ( * ) PLANE_ANGLE_UNIT ( ) SI_UNIT ( $, .RADIAN. ) );
#2939 = MECHANICAL_DESIGN_GEOMETRIC_PRESENTATION_REPRESENTATION (  '', ( #496 ), #7801 ) ;
#2940 = EDGE_LOOP ( 'NONE', ( #671, #8683, #7015, #5341, #1316, #11428, #8085, #8222 ) ) ;
#2941 = VECTOR ( 'NONE', #459, 1000.000000000000000 ) ;
#2942 = DIRECTION ( 'NONE',  ( 0.0000000000000000000, -1.000000000000000000, 0.0000000000000000000 ) ) ;
#2943 = EDGE_CURVE ( 'NONE', #1899, #5789, #7447, .T. ) ;
#2944 = VECTOR ( 'NONE', #10812, 1000.000000000000000 ) ;
#2946 = ORIENTED_EDGE ( 'NONE', *, *, #2414, .T. ) ;
#2945 = FILL_AREA_STYLE_COLOUR ( '', #9583 ) ;
#2947 = FACE_OUTER_BOUND ( 'NONE', #8730, .T. ) ;
#2948 = DIRECTION ( 'NONE',  ( 0.0000000000000000000, 0.0000000000000000000, 1.000000000000000000 ) ) ;
#2949 = ADVANCED_FACE ( 'NONE', ( #8457 ), #10420, .T. ) ;
#2950 = LINE ( 'NONE', #10889, #6846 ) ;
#2951 = STYLED_ITEM ( 'NONE', ( #8405 ), #8261 ) ;
#2952 = DIRECTION ( 'NONE',  ( -1.000000000000000000, -0.0000000000000000000, 0.0000000000000000000 ) ) ;
#2953 = CARTESIAN_POINT ( 'NONE',  ( 16.10000000000000142, 4.990000000000000213, 0.4500000000000000666 ) ) ;
#2954 =( LENGTH_UNIT ( ) NAMED_UNIT ( * ) SI_UNIT ( .MILLI., .METRE. ) );
#2955 = ORIENTED_EDGE ( 'NONE', *, *, #6255, .T. ) ;
#2956 = MECHANICAL_DESIGN_GEOMETRIC_PRESENTATION_REPRESENTATION (  '', ( #5624 ), #512 ) ;
#2957 = FILL_AREA_STYLE_COLOUR ( '', #10821 ) ;
#2958 =( GEOMETRIC_REPRESENTATION_CONTEXT ( 3 ) GLOBAL_UNCERTAINTY_ASSIGNED_CONTEXT ( ( #2296 ) ) GLOBAL_UNIT_ASSIGNED_CONTEXT ( ( #5882, #6978, #1623 ) ) REPRESENTATION_CONTEXT ( 'NONE', 'WORKASPACE' ) );
#2959 = DIRECTION ( 'NONE',  ( 0.0000000000000000000, -1.000000000000000000, -9.995315298516839081E-16 ) ) ;
#2960 = COLOUR_RGB ( '',0.8196078431372548767, 0.7058823529411764053, 0.5254901960784313930 ) ;
#2961 = DIRECTION ( 'NONE',  ( -1.000000000000000000, -7.401486830834380223E-16, 0.0000000000000000000 ) ) ;
#2962 = EDGE_CURVE ( 'NONE', #2575, #3094, #1565, .T. ) ;
#2963 = EDGE_CURVE ( 'NONE', #10288, #6922, #10244, .T. ) ;
#2964 = ORIENTED_EDGE ( 'NONE', *, *, #9318, .F. ) ;
#2965 = DIRECTION ( 'NONE',  ( -0.3365567705907851481, 0.8125199200687439616, 0.4759631494779648087 ) ) ;
#2966 = SURFACE_SIDE_STYLE ('',( #10897 ) ) ;
#2968 = ORIENTED_EDGE ( 'NONE', *, *, #6547, .T. ) ;
#2967 = CARTESIAN_POINT ( 'NONE',  ( 16.00000000000000000, 12.81000000000000050, 0.0000000000000000000 ) ) ;
#2969 = VECTOR ( 'NONE', #2737, 1000.000000000000000 ) ;
#2970 = MECHANICAL_DESIGN_GEOMETRIC_PRESENTATION_REPRESENTATION (  '', ( #7829 ), #4668 ) ;
#2972 = ORIENTED_EDGE ( 'NONE', *, *, #2614, .F. ) ;
#2971 = LINE ( 'NONE', #3980, #5605 ) ;
#2973 = VECTOR ( 'NONE', #11172, 1000.000000000000000 ) ;
#2974 = EDGE_CURVE ( 'NONE', #5735, #3638, #2322, .T. ) ;
#2975 = CARTESIAN_POINT ( 'NONE',  ( 1.500000000000000000, 11.81000000000000050, 1.000000000000000000 ) ) ;
#2976 = UNCERTAINTY_MEASURE_WITH_UNIT (LENGTH_MEASURE( 1.000000000000000082E-05 ), #8353, 'distance_accuracy_value', 'NONE');
#2977 = PRESENTATION_LAYER_ASSIGNMENT (  '', '', ( #2055 ) ) ;
#2978 = CARTESIAN_POINT ( 'NONE',  ( 16.00000000000000000, 10.07000000000000028, 1.000000000000000000 ) ) ;
#2979 = AXIS2_PLACEMENT_3D ( 'NONE', #10639, #6053, #9616 ) ;
#2980 = CARTESIAN_POINT ( 'NONE',  ( 9.400000000000000355, 15.25000000000000000, -0.03500000000000000333 ) ) ;
#2981 = AXIS2_PLACEMENT_3D ( 'NONE', #8293, #2890, #4617 ) ;
#2983 = ORIENTED_EDGE ( 'NONE', *, *, #4983, .F. ) ;
#2982 = DIRECTION ( 'NONE',  ( -1.000000000000000000, -7.401486830834380223E-16, -0.0000000000000000000 ) ) ;
#2984 = ORIENTED_EDGE ( 'NONE', *, *, #9548, .F. ) ;
#2985 = DIRECTION ( 'NONE',  ( -1.000000000000000000, -0.0000000000000000000, -0.0000000000000000000 ) ) ;
#2986 = VERTEX_POINT ( 'NONE', #4025 ) ;
#2987 = FILL_AREA_STYLE_COLOUR ( '', #10398 ) ;
#2988 = ORIENTED_EDGE ( 'NONE', *, *, #1086, .T. ) ;
#2989 = CARTESIAN_POINT ( 'NONE',  ( 1.500000000000000000, 5.189999999999989733, 1.000000000000000000 ) ) ;
#2990 =( NAMED_UNIT ( * ) SI_UNIT ( $, .STERADIAN. ) SOLID_ANGLE_UNIT ( ) );
#2991 = LINE ( 'NONE', #10345, #8674 ) ;
#2992 = FACE_OUTER_BOUND ( 'NONE', #4934, .T. ) ;
#2993 = CARTESIAN_POINT ( 'NONE',  ( 17.07320508075688537, 17.07320508075688537, 6.323205080756888918 ) ) ;
#2994 = DIRECTION ( 'NONE',  ( -1.000000000000000000, 0.0000000000000000000, -0.0000000000000000000 ) ) ;
#2995 = AXIS2_PLACEMENT_3D ( 'NONE', #8496, #457, #5863 ) ;
#2996 = VERTEX_POINT ( 'NONE', #5883 ) ;
#2997 = SURFACE_STYLE_USAGE ( .BOTH. , #2884 ) ;
#2998 = DIRECTION ( 'NONE',  ( 0.0000000000000000000, 0.0000000000000000000, 1.000000000000000000 ) ) ;
#2999 = CARTESIAN_POINT ( 'NONE',  ( 16.00000000000000000, 2.149999999999999911, -21.65413869472860142 ) ) ;
#3000 = ORIENTED_EDGE ( 'NONE', *, *, #4978, .F. ) ;
#3001 = STYLED_ITEM ( 'NONE', ( #2381 ), #9751 ) ;
#3002 =( NAMED_UNIT ( * ) PLANE_ANGLE_UNIT ( ) SI_UNIT ( $, .RADIAN. ) );
#3003 = FACE_OUTER_BOUND ( 'NONE', #5545, .T. ) ;
#3004 =( GEOMETRIC_REPRESENTATION_CONTEXT ( 3 ) GLOBAL_UNCERTAINTY_ASSIGNED_CONTEXT ( ( #10088 ) ) GLOBAL_UNIT_ASSIGNED_CONTEXT ( ( #10525, #1737, #11471 ) ) REPRESENTATION_CONTEXT ( 'NONE', 'WORKASPACE' ) );
#3005 = CIRCLE ( 'NONE', #9560, 0.3000000000000000444 ) ;
#3006 = ORIENTED_EDGE ( 'NONE', *, *, #886, .T. ) ;
#3007 = FILL_AREA_STYLE_COLOUR ( '', #4403 ) ;
#3008 = DIRECTION ( 'NONE',  ( 2.775557561562889872E-16, -1.000000000000000000, -0.0000000000000000000 ) ) ;
#3009 = LINE ( 'NONE', #10128, #10963 ) ;
#3010 = DIRECTION ( 'NONE',  ( -0.0000000000000000000, -0.0000000000000000000, -1.000000000000000000 ) ) ;
#3011 = CARTESIAN_POINT ( 'NONE',  ( 0.2375096969055187635, 17.26730781214606836, 6.233343991622706248 ) ) ;
#3012 = PRESENTATION_LAYER_ASSIGNMENT (  '', '', ( #8258 ) ) ;
#3013 = PRESENTATION_STYLE_ASSIGNMENT (( #4792 ) ) ;
#3014 = ORIENTED_EDGE ( 'NONE', *, *, #1314, .F. ) ;
#3015 = SURFACE_SIDE_STYLE ('',( #5722 ) ) ;
#3016 = DIRECTION ( 'NONE',  ( 0.0000000000000000000, 1.000000000000000000, -0.0000000000000000000 ) ) ;
#3017 = MECHANICAL_DESIGN_GEOMETRIC_PRESENTATION_REPRESENTATION (  '', ( #2838 ), #576 ) ;
#3018 = VERTEX_POINT ( 'NONE', #7500 ) ;
#3019 = EDGE_CURVE ( 'NONE', #3231, #4237, #598, .T. ) ;
#3020 = LINE ( 'NONE', #5724, #993 ) ;
#3021 = VECTOR ( 'NONE', #11339, 1000.000000000000000 ) ;
#3022 = ORIENTED_EDGE ( 'NONE', *, *, #9116, .T. ) ;
#3024 = EDGE_LOOP ( 'NONE', ( #10468, #4912, #4651, #6134 ) ) ;
#3023 = PLANE ( 'NONE',  #1488 ) ;
#3025 = VECTOR ( 'NONE', #3373, 1000.000000000000000 ) ;
#3026 = EDGE_CURVE ( 'NONE', #7179, #5918, #9478, .T. ) ;
#3027 = EDGE_CURVE ( 'NONE', #2872, #1097, #4648, .T. ) ;
#3028 =( NAMED_UNIT ( * ) PLANE_ANGLE_UNIT ( ) SI_UNIT ( $, .RADIAN. ) );
#3029 = DIRECTION ( 'NONE',  ( 0.0000000000000000000, -1.000000000000000000, 0.0000000000000000000 ) ) ;
#3030 = ADVANCED_FACE ( 'NONE', ( #8703 ), #2376, .T. ) ;
#3031 = CARTESIAN_POINT ( 'NONE',  ( 17.19999999999999929, 16.89999999999999858, 2.299999999999999822 ) ) ;
#3032 = SURFACE_STYLE_USAGE ( .BOTH. , #1998 ) ;
#3033 = EDGE_CURVE ( 'NONE', #1957, #8164, #10757, .T. ) ;
#3034 = AXIS2_PLACEMENT_3D ( 'NONE', #353, #10992, #6682 ) ;
#3035 = CARTESIAN_POINT ( 'NONE',  ( 4.237499999999999822, 0.8749999999999990008, 2.299999999999999822 ) ) ;
#3036 = DIRECTION ( 'NONE',  ( 1.000000000000000000, 0.0000000000000000000, 0.0000000000000000000 ) ) ;
#3038 = ORIENTED_EDGE ( 'NONE', *, *, #5630, .T. ) ;
#3037 = SURFACE_STYLE_USAGE ( .BOTH. , #6603 ) ;
#3040 = VERTEX_POINT ( 'NONE', #11182 ) ;
#3039 = FACE_OUTER_BOUND ( 'NONE', #5655, .T. ) ;
#3041 = COLOUR_RGB ( '',0.8196078431372548767, 0.7058823529411764053, 0.5254901960784313930 ) ;
#3042 = VECTOR ( 'NONE', #9769, 1000.000000000000000 ) ;
#3043 =( NAMED_UNIT ( * ) PLANE_ANGLE_UNIT ( ) SI_UNIT ( $, .RADIAN. ) );
#3044 = VECTOR ( 'NONE', #5215, 1000.000000000000000 ) ;
#3045 = SURFACE_SIDE_STYLE ('',( #6609 ) ) ;
#3046 = VERTEX_POINT ( 'NONE', #8576 ) ;
#3047 = SURFACE_STYLE_USAGE ( .BOTH. , #9428 ) ;
#3048 = CARTESIAN_POINT ( 'NONE',  ( 16.00000000000000000, 4.990000000000000213, 1.000000000000000000 ) ) ;
#3049 = ORIENTED_EDGE ( 'NONE', *, *, #4640, .T. ) ;
#3050 = EDGE_CURVE ( 'NONE', #4277, #6415, #542, .T. ) ;
#3051 = VECTOR ( 'NONE', #9119, 1000.000000000000000 ) ;
#3052 = LINE ( 'NONE', #6619, #10136 ) ;
#3053 = VECTOR ( 'NONE', #2869, 1000.000000000000000 ) ;
#3054 = CARTESIAN_POINT ( 'NONE',  ( 1.500000000000000000, 4.189999999999989733, -0.09999999999999985290 ) ) ;
#3055 = DIRECTION ( 'NONE',  ( 0.0000000000000000000, -1.000000000000000000, 0.0000000000000000000 ) ) ;
#3056 = DIRECTION ( 'NONE',  ( -1.000000000000000000, 0.0000000000000000000, 0.0000000000000000000 ) ) ;
#3057 = CYLINDRICAL_SURFACE ( 'NONE', #6505, 0.4100000000000006417 ) ;
#3058 = MECHANICAL_DESIGN_GEOMETRIC_PRESENTATION_REPRESENTATION (  '', ( #9423 ), #11061 ) ;
#3059 = VECTOR ( 'NONE', #7811, 1000.000000000000000 ) ;
#3060 = EDGE_LOOP ( 'NONE', ( #1713, #8798, #5493, #6782 ) ) ;
#3061 =( NAMED_UNIT ( * ) SI_UNIT ( $, .STERADIAN. ) SOLID_ANGLE_UNIT ( ) );
#3062 = DIRECTION ( 'NONE',  ( -1.000000000000000000, -0.0000000000000000000, -0.0000000000000000000 ) ) ;
#3063 = SURFACE_STYLE_USAGE ( .BOTH. , #5548 ) ;
#3064 = ORIENTED_EDGE ( 'NONE', *, *, #10736, .F. ) ;
#3065 = VECTOR ( 'NONE', #5468, 1000.000000000000000 ) ;
#3066 =( NAMED_UNIT ( * ) PLANE_ANGLE_UNIT ( ) SI_UNIT ( $, .RADIAN. ) );
#3067 = STYLED_ITEM ( 'NONE', ( #7740 ), #4824 ) ;
#3068 = EDGE_LOOP ( 'NONE', ( #4815, #259, #8717, #6882 ) ) ;
#3069 = DIRECTION ( 'NONE',  ( -1.000000000000000000, 0.0000000000000000000, 0.0000000000000000000 ) ) ;
#3070 = CARTESIAN_POINT ( 'NONE',  ( 15.55000000000000071, 15.55000000000000071, 6.450000000000000178 ) ) ;
#3071 = CARTESIAN_POINT ( 'NONE',  ( 0.4499999999999970135, 15.55000000000000071, 6.500000000000000888 ) ) ;
#3072 = DIRECTION ( 'NONE',  ( 1.000000000000000000, 0.0000000000000000000, 0.0000000000000000000 ) ) ;
#3073 = CARTESIAN_POINT ( 'NONE',  ( 0.02329703753469190841, 17.08626531658420689, 6.390931639422180233 ) ) ;
#3074 = CARTESIAN_POINT ( 'NONE',  ( 0.2999999999999974909, 7.230000000000000426, -0.1000000000000028644 ) ) ;
#3075 = ORIENTED_EDGE ( 'NONE', *, *, #9257, .T. ) ;
#3076 = DIRECTION ( 'NONE',  ( 1.000000000000000000, 0.0000000000000000000, 0.0000000000000000000 ) ) ;
#3077 = DIRECTION ( 'NONE',  ( 0.0000000000000000000, -0.0000000000000000000, 1.000000000000000000 ) ) ;
#3078 = UNCERTAINTY_MEASURE_WITH_UNIT (LENGTH_MEASURE( 1.000000000000000082E-05 ), #6626, 'distance_accuracy_value', 'NONE');
#3079 = DIRECTION ( 'NONE',  ( 0.0000000000000000000, 0.0000000000000000000, 1.000000000000000000 ) ) ;
#3080 = CARTESIAN_POINT ( 'NONE',  ( 16.82528350557935326, -0.9991877486788922624, 6.423091991778418830 ) ) ;
#3081 = CARTESIAN_POINT ( 'NONE',  ( 0.6796429402101300532, 15.49823920357786911, 1.917474916001863594 ) ) ;
#3082 = ORIENTED_EDGE ( 'NONE', *, *, #2189, .F. ) ;
#3083 =( NAMED_UNIT ( * ) PLANE_ANGLE_UNIT ( ) SI_UNIT ( $, .RADIAN. ) );
#3085 = VERTEX_POINT ( 'NONE', #3262 ) ;
#3084 = LINE ( 'NONE', #3141, #913 ) ;
#3086 = DIRECTION ( 'NONE',  ( 1.000000000000000000, 0.0000000000000000000, -0.0000000000000000000 ) ) ;
#3087 = FILL_AREA_STYLE ('',( #1276 ) ) ;
#3088 = UNCERTAINTY_MEASURE_WITH_UNIT (LENGTH_MEASURE( 1.000000000000000082E-05 ), #741, 'distance_accuracy_value', 'NONE');
#3089 = ORIENTED_EDGE ( 'NONE', *, *, #10373, .F. ) ;
#3090 = PRODUCT_RELATED_PRODUCT_CATEGORY ( 'part', '', ( #3984 ) ) ;
#3091 = SURFACE_STYLE_FILL_AREA ( #3861 ) ;
#3092 = DIRECTION ( 'NONE',  ( 0.0000000000000000000, 1.000000000000000000, 0.0000000000000000000 ) ) ;
#3094 = VERTEX_POINT ( 'NONE', #9513 ) ;
#3093 = FACE_OUTER_BOUND ( 'NONE', #1844, .T. ) ;
#3095 = EDGE_CURVE ( 'NONE', #5433, #7360, #1505, .T. ) ;
#3097 = VERTEX_POINT ( 'NONE', #7744 ) ;
#3096 = LINE ( 'NONE', #2171, #3170 ) ;
#3098 = PRESENTATION_STYLE_ASSIGNMENT (( #11209 ) ) ;
#3099 = EDGE_CURVE ( 'NONE', #5890, #4289, #11298, .T. ) ;
#3100 = ORIENTED_EDGE ( 'NONE', *, *, #4772, .F. ) ;
#3101 = ORIENTED_EDGE ( 'NONE', *, *, #4968, .T. ) ;
#3102 = VECTOR ( 'NONE', #4018, 1000.000000000000000 ) ;
#3103 = DIRECTION ( 'NONE',  ( 1.000000000000000000, 0.0000000000000000000, -0.0000000000000000000 ) ) ;
#3104 = EDGE_CURVE ( 'NONE', #8189, #846, #2603, .T. ) ;
#3105 = CARTESIAN_POINT ( 'NONE',  ( 0.6796429402101371586, 0.5017607964221303396, 1.917474916001863372 ) ) ;
#3106 = EDGE_CURVE ( 'NONE', #7986, #11049, #1657, .T. ) ;
#3107 = LINE ( 'NONE', #4126, #1952 ) ;
#3108 = FILL_AREA_STYLE ('',( #6726 ) ) ;
#3109 = PRESENTATION_STYLE_ASSIGNMENT (( #524 ) ) ;
#3110 = PRESENTATION_LAYER_ASSIGNMENT (  '', '', ( #2185 ) ) ;
#3111 = CARTESIAN_POINT ( 'NONE',  ( 16.00000000000000000, 12.00999999999999979, -0.1000000000000010048 ) ) ;
#3112 = EDGE_CURVE ( 'NONE', #2150, #6477, #8755, .T. ) ;
#3113 = CARTESIAN_POINT ( 'NONE',  ( 0.4750000000000004219, 7.730000000000000426, 0.9000000000000001332 ) ) ;
#3114 = VERTEX_POINT ( 'NONE', #2656 ) ;
#3115 = STYLED_ITEM ( 'NONE', ( #3098 ), #2730 ) ;
#3116 = CARTESIAN_POINT ( 'NONE',  ( 16.10000000000000142, 2.649999999999990141, 1.000000000000000000 ) ) ;
#3117 = CARTESIAN_POINT ( 'NONE',  ( -3.136900461608861373E-15, 9.269999999999999574, 0.0000000000000000000 ) ) ;
#3118 = CARTESIAN_POINT ( 'NONE',  ( 16.00000000000000000, 0.0000000000000000000, 0.0000000000000000000 ) ) ;
#3119 = ORIENTED_EDGE ( 'NONE', *, *, #11151, .F. ) ;
#3120 = DIRECTION ( 'NONE',  ( 0.0000000000000000000, 0.0000000000000000000, 1.000000000000000000 ) ) ;
#3121 = VECTOR ( 'NONE', #111, 1000.000000000000000 ) ;
#3123 = ORIENTED_EDGE ( 'NONE', *, *, #9625, .F. ) ;
#3122 = CARTESIAN_POINT ( 'NONE',  ( 8.900000000000000355, 0.08999999999999999667, 0.9000000000000001332 ) ) ;
#3124 = AXIS2_PLACEMENT_3D ( 'NONE', #6800, #7562, #3072 ) ;
#3125 =( NAMED_UNIT ( * ) PLANE_ANGLE_UNIT ( ) SI_UNIT ( $, .RADIAN. ) );
#3126 = CARTESIAN_POINT ( 'NONE',  ( -1.030253093500807848, 16.11996116393641998, 6.265707248568730847 ) ) ;
#3127 = DIRECTION ( 'NONE',  ( -0.5773502691896256200, 0.5773502691896286176, 0.5773502691896230665 ) ) ;
#3128 = FACE_OUTER_BOUND ( 'NONE', #4649, .T. ) ;
#3129 = VERTEX_POINT ( 'NONE', #5431 ) ;
#3130 = DIRECTION ( 'NONE',  ( 1.000000000000000000, 0.0000000000000000000, -0.0000000000000000000 ) ) ;
#3131 = STYLED_ITEM ( 'NONE', ( #11408 ), #8605 ) ;
#3132 =( NAMED_UNIT ( * ) PLANE_ANGLE_UNIT ( ) SI_UNIT ( $, .RADIAN. ) );
#3133 = CARTESIAN_POINT ( 'NONE',  ( -0.1000000000000020040, 7.730000000000000426, -0.1000000000000002554 ) ) ;
#3134 = VECTOR ( 'NONE', #6920, 1000.000000000000000 ) ;
#3135 =( GEOMETRIC_REPRESENTATION_CONTEXT ( 3 ) GLOBAL_UNCERTAINTY_ASSIGNED_CONTEXT ( ( #6958 ) ) GLOBAL_UNIT_ASSIGNED_CONTEXT ( ( #3144, #3028, #5841 ) ) REPRESENTATION_CONTEXT ( 'NONE', 'WORKASPACE' ) );
#3136 = ORIENTED_EDGE ( 'NONE', *, *, #1838, .F. ) ;
#3137 = CARTESIAN_POINT ( 'NONE',  ( 17.07320508075688537, -1.073205080756889807, 6.323205080756888030 ) ) ;
#3138 = EDGE_LOOP ( 'NONE', ( #10988, #11041, #10631, #197, #2968, #1513, #5908, #6034, #2379, #11140, #7242, #1955, #1365, #1865, #3427, #602, #5965, #10931, #3338, #3695, #1510, #5606, #3755, #10886 ) ) ;
#3139 = SURFACE_SIDE_STYLE ('',( #11192 ) ) ;
#3140 = PRESENTATION_LAYER_ASSIGNMENT (  '', '', ( #6862 ) ) ;
#3142 = ORIENTED_EDGE ( 'NONE', *, *, #4629, .T. ) ;
#3141 = CARTESIAN_POINT ( 'NONE',  ( -0.1000000000000040579, 12.31000000000000227, 1.000000000000000000 ) ) ;
#3143 = PRESENTATION_LAYER_ASSIGNMENT (  '', '', ( #7228 ) ) ;
#3144 =( LENGTH_UNIT ( ) NAMED_UNIT ( * ) SI_UNIT ( .MILLI., .METRE. ) );
#3145 =( GEOMETRIC_REPRESENTATION_CONTEXT ( 3 ) GLOBAL_UNCERTAINTY_ASSIGNED_CONTEXT ( ( #2054 ) ) GLOBAL_UNIT_ASSIGNED_CONTEXT ( ( #6667, #11160, #3945 ) ) REPRESENTATION_CONTEXT ( 'NONE', 'WORKASPACE' ) );
#3146 = DIRECTION ( 'NONE',  ( 0.0000000000000000000, 1.000000000000000000, -0.0000000000000000000 ) ) ;
#3147 = CARTESIAN_POINT ( 'NONE',  ( -4.741577501003274565E-15, 15.35000000000000142, 0.9000000000000001332 ) ) ;
#3148 = CARTESIAN_POINT ( 'NONE',  ( 8.900000000000000355, 15.50000000000000000, -0.03500000000000000333 ) ) ;
#3149 = ORIENTED_EDGE ( 'NONE', *, *, #10152, .F. ) ;
#3150 = B_SPLINE_CURVE_WITH_KNOTS ( 'NONE', 3,
 ( #6217, #11583, #7079, #10588, #9785, #1563, #11419, #1620, #7921, #5142, #8809, #7858, #11355, #4490, #8753, #3362, #9730, #9670, #8699, #5256 ),
 .UNSPECIFIED., .F., .F.,
 ( 4, 2, 2, 2, 2, 2, 2, 2, 2, 4 ),
 ( 0.0000000000000000000, 0.0004891114733232254218, 0.0009782229466464508437, 0.001222778683308063663, 0.001467334419969676266, 0.001956445893292894748, 0.002445557366616113448, 0.002934668839939331714, 0.003423780313262550414, 0.003912891786585768680 ),
 .UNSPECIFIED. ) ;
#3151 = MECHANICAL_DESIGN_GEOMETRIC_PRESENTATION_REPRESENTATION (  '', ( #8963 ), #10791 ) ;
#3152 = CARTESIAN_POINT ( 'NONE',  ( -3.053113317719180092E-15, 17.19999999999999929, 2.299999999999999822 ) ) ;
#3153 = PRESENTATION_LAYER_ASSIGNMENT (  '', '', ( #1676 ) ) ;
#3155 = EDGE_LOOP ( 'NONE', ( #200, #3578, #6344, #2436 ) ) ;
#3154 = CARTESIAN_POINT ( 'NONE',  ( 16.10000000000000142, 7.230000000000000426, -0.1000000000000000056 ) ) ;
#3157 = VERTEX_POINT ( 'NONE', #7083 ) ;
#3156 = SURFACE_STYLE_FILL_AREA ( #7584 ) ;
#3158 = CARTESIAN_POINT ( 'NONE',  ( 1.500000000000000000, 7.730000000000000426, -0.1000000000000000194 ) ) ;
#3159 = EDGE_LOOP ( 'NONE', ( #4784, #10102, #8037, #7031, #6656, #1544, #5549, #3918 ) ) ;
#3160 = DIRECTION ( 'NONE',  ( -0.0000000000000000000, 0.0000000000000000000, -1.000000000000000000 ) ) ;
#3161 = SURFACE_SIDE_STYLE ('',( #7776 ) ) ;
#3162 = EDGE_LOOP ( 'NONE', ( #1092, #4351, #5616, #218, #11322, #8607, #5281, #415 ) ) ;
#3163 = EDGE_CURVE ( 'NONE', #6083, #10132, #1624, .T. ) ;
#3164 = FILL_AREA_STYLE_COLOUR ( '', #3586 ) ;
#3165 =( LENGTH_UNIT ( ) NAMED_UNIT ( * ) SI_UNIT ( .MILLI., .METRE. ) );
#3166 = EDGE_CURVE ( 'NONE', #3324, #7397, #2025, .T. ) ;
#3167 =( BOUNDED_SURFACE ( )  B_SPLINE_SURFACE ( 3, 3, ( 
 ( #9153, #2993, #1129, #8280 ),
 ( #232, #1966, #6507, #6566 ),
 ( #10113, #2131, #4821, #5706 ),
 ( #8384, #340, #3946, #7488 ) ),
 .UNSPECIFIED., .F., .F., .F. ) 
 B_SPLINE_SURFACE_WITH_KNOTS ( ( 4, 4 ),
 ( 4, 4 ),
 ( 0.0000000000000000000, 1.000000000000000000 ),
 ( 0.0000000000000000000, 1.000000000000000000 ),
 .UNSPECIFIED. ) 
 GEOMETRIC_REPRESENTATION_ITEM ( )  RATIONAL_B_SPLINE_SURFACE ( (
 ( 1.000000000000000000, 0.3333333333333327597, 0.3333333333333327597, 1.000000000000000000),
 ( 0.9245018060306375851, 0.3081672686768786584, 0.3081672686768786584, 0.9245018060306375851),
 ( 0.9245018060306375851, 0.3081672686768786584, 0.3081672686768786584, 0.9245018060306375851),
 ( 1.000000000000000000, 0.3333333333333327597, 0.3333333333333327597, 1.000000000000000000) ) ) 
 REPRESENTATION_ITEM ( '' )  SURFACE ( )  );
#3168 = DIRECTION ( 'NONE',  ( 0.0000000000000000000, -0.0000000000000000000, 1.000000000000000000 ) ) ;
#3169 = VECTOR ( 'NONE', #8235, 1000.000000000000000 ) ;
#3170 = VECTOR ( 'NONE', #4172, 1000.000000000000000 ) ;
#3171 = DIRECTION ( 'NONE',  ( 1.000000000000000000, 0.0000000000000000000, 0.0000000000000000000 ) ) ;
#3172 = SURFACE_SIDE_STYLE ('',( #8555 ) ) ;
#3173 = CARTESIAN_POINT ( 'NONE',  ( -0.9000000000000025757, 15.87573593128810145, 6.150000000000000355 ) ) ;
#3174 = MECHANICAL_DESIGN_GEOMETRIC_PRESENTATION_REPRESENTATION (  '', ( #8228 ), #8975 ) ;
#3175 = EDGE_CURVE ( 'NONE', #3659, #10522, #9669, .T. ) ;
#3176 = EDGE_CURVE ( 'NONE', #4705, #8974, #8985, .T. ) ;
#3177 = SURFACE_STYLE_FILL_AREA ( #7670 ) ;
#3178 = CARTESIAN_POINT ( 'NONE',  ( -1.073205080756888918, -1.073205080756897134, 6.323205080756887142 ) ) ;
#3179 = VERTEX_POINT ( 'NONE', #3605 ) ;
#3180 = DIRECTION ( 'NONE',  ( 1.000000000000000000, 0.0000000000000000000, -0.0000000000000000000 ) ) ;
#3181 = EDGE_CURVE ( 'NONE', #7701, #1656, #721, .T. ) ;
#3182 = DIRECTION ( 'NONE',  ( -0.0000000000000000000, -0.0000000000000000000, -1.000000000000000000 ) ) ;
#3183 = FILL_AREA_STYLE_COLOUR ( '', #10698 ) ;
#3184 = DIRECTION ( 'NONE',  ( 1.000000000000000000, -0.0000000000000000000, 0.0000000000000000000 ) ) ;
#3185 = ORIENTED_EDGE ( 'NONE', *, *, #2259, .F. ) ;
#3186 = EDGE_CURVE ( 'NONE', #7539, #11207, #898, .T. ) ;
#3187 = ADVANCED_FACE ( 'NONE', ( #4317 ), #7862, .T. ) ;
#3188 = CARTESIAN_POINT ( 'NONE',  ( 15.12500000000000000, 15.12500000000000000, 1.899999999999999911 ) ) ;
#3189 = DIRECTION ( 'NONE',  ( 1.000000000000000000, 0.0000000000000000000, 0.0000000000000000000 ) ) ;
#3190 = CARTESIAN_POINT ( 'NONE',  ( 8.900000000000000355, 0.5000000000000000000, 0.9000000000000001332 ) ) ;
#3191 = SURFACE_STYLE_FILL_AREA ( #8574 ) ;
#3192 = CARTESIAN_POINT ( 'NONE',  ( 16.10000000000000142, 9.269999999999999574, -0.1000000000000002554 ) ) ;
#3193 = MECHANICAL_DESIGN_GEOMETRIC_PRESENTATION_REPRESENTATION (  '', ( #2107 ), #7491 ) ;
#3194 =( GEOMETRIC_REPRESENTATION_CONTEXT ( 3 ) GLOBAL_UNCERTAINTY_ASSIGNED_CONTEXT ( ( #10554 ) ) GLOBAL_UNIT_ASSIGNED_CONTEXT ( ( #10348, #1421, #7729 ) ) REPRESENTATION_CONTEXT ( 'NONE', 'WORKASPACE' ) );
#3195 = DIRECTION ( 'NONE',  ( 3.700743415417190112E-16, -1.000000000000000000, 0.0000000000000000000 ) ) ;
#3196 = EDGE_LOOP ( 'NONE', ( #756, #8466, #6312, #9561 ) ) ;
#3197 = FILL_AREA_STYLE_COLOUR ( '', #4526 ) ;
#3198 = DIRECTION ( 'NONE',  ( -1.000000000000000000, 0.0000000000000000000, -0.0000000000000000000 ) ) ;
#3199 = VECTOR ( 'NONE', #9564, 1000.000000000000000 ) ;
#3200 = UNCERTAINTY_MEASURE_WITH_UNIT (LENGTH_MEASURE( 1.000000000000000082E-05 ), #5340, 'distance_accuracy_value', 'NONE');
#3201 = ORIENTED_EDGE ( 'NONE', *, *, #4559, .F. ) ;
#3202 = EDGE_CURVE ( 'NONE', #6922, #1638, #1073, .T. ) ;
#3203 = COLOUR_RGB ( '',0.8196078431372548767, 0.7058823529411764053, 0.5254901960784313930 ) ;
#3204 = FILL_AREA_STYLE ('',( #4090 ) ) ;
#3205 = CARTESIAN_POINT ( 'NONE',  ( 8.000000000000000000, 15.35000000000000142, 0.9000000000000001332 ) ) ;
#3206 = CARTESIAN_POINT ( 'NONE',  ( -7.355227538141630526E-16, 2.649999999999990141, 1.000000000000000000 ) ) ;
#3208 = ORIENTED_EDGE ( 'NONE', *, *, #6536, .F. ) ;
#3207 = CARTESIAN_POINT ( 'NONE',  ( 9.400000000000000355, 0.7500000000000000000, 0.0000000000000000000 ) ) ;
#3209 = CARTESIAN_POINT ( 'NONE',  ( 8.900000000000000355, 0.7500000000000000000, -0.03500000000000000333 ) ) ;
#3211 = ORIENTED_EDGE ( 'NONE', *, *, #6112, .T. ) ;
#3210 = PRESENTATION_STYLE_ASSIGNMENT (( #11193 ) ) ;
#3212 = PRESENTATION_LAYER_ASSIGNMENT (  '', '', ( #10266 ) ) ;
#3213 = MECHANICAL_DESIGN_GEOMETRIC_PRESENTATION_REPRESENTATION (  '', ( #7290 ), #5470 ) ;
#3214 = FILL_AREA_STYLE_COLOUR ( '', #1467 ) ;
#3215 = DIRECTION ( 'NONE',  ( 1.000000000000000000, -0.0000000000000000000, -0.0000000000000000000 ) ) ;
#3216 = CIRCLE ( 'NONE', #10096, 0.4100000000000006417 ) ;
#3217 = STYLED_ITEM ( 'NONE', ( #9563 ), #7669 ) ;
#3218 =( NAMED_UNIT ( * ) SI_UNIT ( $, .STERADIAN. ) SOLID_ANGLE_UNIT ( ) );
#3219 = UNCERTAINTY_MEASURE_WITH_UNIT (LENGTH_MEASURE( 1.000000000000000082E-05 ), #7502, 'distance_accuracy_value', 'NONE');
#3220 = LINE ( 'NONE', #1521, #9317 ) ;
#3221 = EDGE_LOOP ( 'NONE', ( #11025, #3797, #11359, #7374 ) ) ;
#3222 = STYLED_ITEM ( 'NONE', ( #3771 ), #10298 ) ;
#3223 = LINE ( 'NONE', #9644, #3998 ) ;
#3224 = ORIENTED_EDGE ( 'NONE', *, *, #5482, .T. ) ;
#3225 = CIRCLE ( 'NONE', #1538, 0.3999999999999993006 ) ;
#3227 = VERTEX_POINT ( 'NONE', #10481 ) ;
#3226 =( LENGTH_UNIT ( ) NAMED_UNIT ( * ) SI_UNIT ( .MILLI., .METRE. ) );
#3228 = PRESENTATION_LAYER_ASSIGNMENT (  '', '', ( #6939 ) ) ;
#3229 = STYLED_ITEM ( 'NONE', ( #7865 ), #7391 ) ;
#3231 = VERTEX_POINT ( 'NONE', #9734 ) ;
#3230 = FACE_OUTER_BOUND ( 'NONE', #8360, .T. ) ;
#3232 = CARTESIAN_POINT ( 'NONE',  ( 15.35594010767584905, 15.26166058554496452, 2.225219629806735266 ) ) ;
#3233 =( NAMED_UNIT ( * ) SI_UNIT ( $, .STERADIAN. ) SOLID_ANGLE_UNIT ( ) );
#3234 = VERTEX_POINT ( 'NONE', #6062 ) ;
#3235 = CIRCLE ( 'NONE', #10677, 0.2999999999999999889 ) ;
#3236 = CARTESIAN_POINT ( 'NONE',  ( 14.50000000000000000, 14.34999999999999964, -0.1000000000000000194 ) ) ;
#3237 = VERTEX_POINT ( 'NONE', #9624 ) ;
#3238 = UNCERTAINTY_MEASURE_WITH_UNIT (LENGTH_MEASURE( 1.000000000000000082E-05 ), #2200, 'distance_accuracy_value', 'NONE');
#3239 = PRESENTATION_LAYER_ASSIGNMENT (  '', '', ( #4364 ) ) ;
#3240 = STYLED_ITEM ( 'NONE', ( #4369 ), #10735 ) ;
#3241 = CARTESIAN_POINT ( 'NONE',  ( 0.4749999999999985900, 11.81000000000000050, 0.9000000000000001332 ) ) ;
#3242 = SURFACE_STYLE_FILL_AREA ( #9206 ) ;
#3243 = DIRECTION ( 'NONE',  ( 0.5773502691896229555, 0.5773502691896229555, 0.5773502691896316152 ) ) ;
#3244 = CARTESIAN_POINT ( 'NONE',  ( -4.440892098500630106E-15, 16.00000000000000000, 0.9000000000000001332 ) ) ;
#3245 = DIRECTION ( 'NONE',  ( 0.0000000000000000000, -0.0000000000000000000, -1.000000000000000000 ) ) ;
#3246 = EDGE_CURVE ( 'NONE', #2465, #6124, #3830, .T. ) ;
#3247 = LINE ( 'NONE', #4362, #4460 ) ;
#3248 = ORIENTED_EDGE ( 'NONE', *, *, #7528, .F. ) ;
#3249 = CARTESIAN_POINT ( 'NONE',  ( 9.648746859276654320, 15.52500000000000036, 0.9350000000000000533 ) ) ;
#3250 = SURFACE_STYLE_USAGE ( .BOTH. , #4136 ) ;
#3251 =( BOUNDED_SURFACE ( )  B_SPLINE_SURFACE ( 3, 3, ( 
 ( #11317, #3326, #6938, #9640 ),
 ( #3500, #4394, #8830, #11436 ),
 ( #5273, #9750, #7105, #10612 ),
 ( #8887, #8662, #3379, #8720 ) ),
 .UNSPECIFIED., .F., .F., .F. ) 
 B_SPLINE_SURFACE_WITH_KNOTS ( ( 4, 4 ),
 ( 4, 4 ),
 ( 0.0000000000000000000, 1.000000000000000000 ),
 ( 0.0000000000000000000, 1.000000000000000000 ),
 .UNSPECIFIED. ) 
 GEOMETRIC_REPRESENTATION_ITEM ( )  RATIONAL_B_SPLINE_SURFACE ( (
 ( 1.000000000000000000, 0.3333333333333365345, 0.3333333333333365345, 1.000000000000000000),
 ( 0.9245018060306378072, 0.3081672686768822111, 0.3081672686768822111, 0.9245018060306378072),
 ( 0.9245018060306378072, 0.3081672686768822111, 0.3081672686768822111, 0.9245018060306378072),
 ( 1.000000000000000000, 0.3333333333333365345, 0.3333333333333365345, 1.000000000000000000) ) ) 
 REPRESENTATION_ITEM ( '' )  SURFACE ( )  );
#3252 = DIRECTION ( 'NONE',  ( -1.000000000000000000, -2.775557561562889872E-16, 0.0000000000000000000 ) ) ;
#3253 = FILL_AREA_STYLE ('',( #4740 ) ) ;
#3254 = DIRECTION ( 'NONE',  ( -0.8164965809277267006, 0.4082482904638638499, 0.4082482904638608523 ) ) ;
#3255 = PRESENTATION_STYLE_ASSIGNMENT (( #8452 ) ) ;
#3256 =( GEOMETRIC_REPRESENTATION_CONTEXT ( 3 ) GLOBAL_UNCERTAINTY_ASSIGNED_CONTEXT ( ( #7475 ) ) GLOBAL_UNIT_ASSIGNED_CONTEXT ( ( #9998, #2938, #6623 ) ) REPRESENTATION_CONTEXT ( 'NONE', 'WORKASPACE' ) );
#3257 = DIRECTION ( 'NONE',  ( -0.0000000000000000000, -0.0000000000000000000, -1.000000000000000000 ) ) ;
#3258 = PRESENTATION_LAYER_ASSIGNMENT (  '', '', ( #1954 ) ) ;
#3259 = FACE_OUTER_BOUND ( 'NONE', #157, .T. ) ;
#3260 = EDGE_CURVE ( 'NONE', #6233, #9543, #4550, .T. ) ;
#3261 = PRESENTATION_STYLE_ASSIGNMENT (( #11241 ) ) ;
#3262 = CARTESIAN_POINT ( 'NONE',  ( 8.900000000000002132, 15.91000000000000369, 0.9350000000000000533 ) ) ;
#3263 = ADVANCED_FACE ( 'NONE', ( #8283 ), #9044, .T. ) ;
#3264 = FACE_OUTER_BOUND ( 'NONE', #9070, .T. ) ;
#3265 = VERTEX_POINT ( 'NONE', #8161 ) ;
#3266 = SURFACE_STYLE_FILL_AREA ( #11248 ) ;
#3267 = STYLED_ITEM ( 'NONE', ( #8040 ), #5694 ) ;
#3268 = ORIENTED_EDGE ( 'NONE', *, *, #1553, .T. ) ;
#3269 = EDGE_CURVE ( 'NONE', #10138, #9627, #8220, .T. ) ;
#3270 = LINE ( 'NONE', #6809, #6342 ) ;
#3271 = EDGE_CURVE ( 'NONE', #877, #6136, #9994, .T. ) ;
#3272 = ORIENTED_EDGE ( 'NONE', *, *, #6541, .F. ) ;
#3273 = DIRECTION ( 'NONE',  ( -0.0000000000000000000, -0.0000000000000000000, -1.000000000000000000 ) ) ;
#3275 = ORIENTED_EDGE ( 'NONE', *, *, #9548, .T. ) ;
#3274 = FACE_OUTER_BOUND ( 'NONE', #5798, .T. ) ;
#3276 = ADVANCED_FACE ( 'NONE', ( #8105 ), #3666, .T. ) ;
#3277 = DIRECTION ( 'NONE',  ( 1.000000000000000000, -0.0000000000000000000, -0.0000000000000000000 ) ) ;
#3278 = DIRECTION ( 'NONE',  ( -0.0000000000000000000, -0.0000000000000000000, -1.000000000000000000 ) ) ;
#3279 = CARTESIAN_POINT ( 'NONE',  ( 15.29312110495043164, 0.2431342467841547672, 1.496764136549276758 ) ) ;
#3280 = VERTEX_POINT ( 'NONE', #59 ) ;
#3281 = SURFACE_SIDE_STYLE ('',( #5106 ) ) ;
#3282 = VERTEX_POINT ( 'NONE', #2931 ) ;
#3283 = ORIENTED_EDGE ( 'NONE', *, *, #3552, .T. ) ;
#3285 = VERTEX_POINT ( 'NONE', #3880 ) ;
#3284 = DIRECTION ( 'NONE',  ( 2.775557561562889872E-16, -1.000000000000000000, -0.0000000000000000000 ) ) ;
#3286 = CARTESIAN_POINT ( 'NONE',  ( 8.651253140723346391, 15.52500000000000036, 0.9350000000000000533 ) ) ;
#3287 = ORIENTED_EDGE ( 'NONE', *, *, #11082, .F. ) ;
#3288 = CARTESIAN_POINT ( 'NONE',  ( 8.599844467988368990, 6.930000027488842917, 6.950000000000001066 ) ) ;
#3289 =( NAMED_UNIT ( * ) SI_UNIT ( $, .STERADIAN. ) SOLID_ANGLE_UNIT ( ) );
#3290 = VERTEX_POINT ( 'NONE', #1130 ) ;
#3291 = SURFACE_STYLE_USAGE ( .BOTH. , #10393 ) ;
#3292 = DIRECTION ( 'NONE',  ( 1.000000000000000000, 0.0000000000000000000, 0.0000000000000000000 ) ) ;
#3293 = DIRECTION ( 'NONE',  ( -0.3365567705907848151, 0.8125199200687452938, 0.4759631494779626992 ) ) ;
#3294 = VECTOR ( 'NONE', #5176, 1000.000000000000000 ) ;
#3295 = DIRECTION ( 'NONE',  ( 0.0000000000000000000, -0.0000000000000000000, -1.000000000000000000 ) ) ;
#3296 = CARTESIAN_POINT ( 'NONE',  ( 0.3000000000000000999, 2.149999999999990141, -21.65413869472860142 ) ) ;
#3297 = SURFACE_STYLE_FILL_AREA ( #5990 ) ;
#3298 = DIRECTION ( 'NONE',  ( 0.0000000000000000000, 0.0000000000000000000, 1.000000000000000000 ) ) ;
#3299 = ORIENTED_EDGE ( 'NONE', *, *, #4411, .T. ) ;
#3300 = CARTESIAN_POINT ( 'NONE',  ( 9.853990936543636892, 8.256912058503928620, 6.120911230323447860 ) ) ;
#3301 = LINE ( 'NONE', #2309, #9556 ) ;
#3302 = DIRECTION ( 'NONE',  ( 1.000000000000000000, 0.0000000000000000000, -0.0000000000000000000 ) ) ;
#3303 = CARTESIAN_POINT ( 'NONE',  ( 16.89999999999999858, 16.89999999999999858, 2.299999999999999822 ) ) ;
#3304 = CARTESIAN_POINT ( 'NONE',  ( 0.4499999999999994005, 0.4499999999999903522, 6.450000000000000178 ) ) ;
#3305 = DIRECTION ( 'NONE',  ( 1.000000000000000000, 0.0000000000000000000, 0.0000000000000000000 ) ) ;
#3306 = CARTESIAN_POINT ( 'NONE',  ( -1.385003223219880181E-15, 4.389999999999989910, 1.000000000000000000 ) ) ;
#3307 = FILL_AREA_STYLE_COLOUR ( '', #8852 ) ;
#3308 = DIRECTION ( 'NONE',  ( 0.0000000000000000000, -0.0000000000000000000, -1.000000000000000000 ) ) ;
#3309 = CARTESIAN_POINT ( 'NONE',  ( 15.55000000000000071, 15.55000000000000071, 6.450000000000000178 ) ) ;
#3310 =( GEOMETRIC_REPRESENTATION_CONTEXT ( 3 ) GLOBAL_UNCERTAINTY_ASSIGNED_CONTEXT ( ( #8964 ) ) GLOBAL_UNIT_ASSIGNED_CONTEXT ( ( #7126, #10911, #1836 ) ) REPRESENTATION_CONTEXT ( 'NONE', 'WORKASPACE' ) );
#3311 = CARTESIAN_POINT ( 'NONE',  ( -1.876450383964113496E-15, 6.729999999999999538, 0.0000000000000000000 ) ) ;
#3312 = ORIENTED_EDGE ( 'NONE', *, *, #7223, .F. ) ;
#3313 =( LENGTH_UNIT ( ) NAMED_UNIT ( * ) SI_UNIT ( .MILLI., .METRE. ) );
#3314 =( LENGTH_UNIT ( ) NAMED_UNIT ( * ) SI_UNIT ( .MILLI., .METRE. ) );
#3315 = ADVANCED_FACE ( 'NONE', ( #1912 ), #4609, .T. ) ;
#3316 = UNCERTAINTY_MEASURE_WITH_UNIT (LENGTH_MEASURE( 1.000000000000000082E-05 ), #8797, 'distance_accuracy_value', 'NONE');
#3317 = STYLED_ITEM ( 'NONE', ( #3547 ), #8339 ) ;
#3318 = VERTEX_POINT ( 'NONE', #8444 ) ;
#3319 = STYLED_ITEM ( 'NONE', ( #5014 ), #3030 ) ;
#3320 =( LENGTH_UNIT ( ) NAMED_UNIT ( * ) SI_UNIT ( .MILLI., .METRE. ) );
#3321 = DIRECTION ( 'NONE',  ( -0.0000000000000000000, -0.0000000000000000000, -1.000000000000000000 ) ) ;
#3322 = EDGE_CURVE ( 'NONE', #7154, #10020, #9435, .T. ) ;
#3324 = VERTEX_POINT ( 'NONE', #526 ) ;
#3323 = FILL_AREA_STYLE ('',( #5210 ) ) ;
#3325 = VERTEX_POINT ( 'NONE', #5001 ) ;
#3326 = CARTESIAN_POINT ( 'NONE',  ( 0.6440598923241479534, 15.35594010767584550, 2.130940107675843631 ) ) ;
#3327 = EDGE_CURVE ( 'NONE', #2918, #9643, #11099, .T. ) ;
#3328 = PRESENTATION_LAYER_ASSIGNMENT (  '', '', ( #10394 ) ) ;
#3329 = EDGE_CURVE ( 'NONE', #11128, #5400, #8500, .T. ) ;
#3330 = AXIS2_PLACEMENT_3D ( 'NONE', #8255, #9872, #8141 ) ;
#3331 =( NAMED_UNIT ( * ) SI_UNIT ( $, .STERADIAN. ) SOLID_ANGLE_UNIT ( ) );
#3332 = UNCERTAINTY_MEASURE_WITH_UNIT (LENGTH_MEASURE( 1.000000000000000082E-05 ), #2479, 'distance_accuracy_value', 'NONE');
#3333 = CARTESIAN_POINT ( 'NONE',  ( 15.02537800743914254, 0.5108773442954410715, 2.032250331571849866 ) ) ;
#3334 = AXIS2_PLACEMENT_3D ( 'NONE', #7703, #9292, #2217 ) ;
#3335 = VERTEX_POINT ( 'NONE', #5750 ) ;
#3336 = EDGE_CURVE ( 'NONE', #1638, #10328, #4070, .T. ) ;
#3338 = ORIENTED_EDGE ( 'NONE', *, *, #1840, .T. ) ;
#3337 = CARTESIAN_POINT ( 'NONE',  ( 1.500000000000000000, 5.189999999999989733, 0.0000000000000000000 ) ) ;
#3339 = ORIENTED_EDGE ( 'NONE', *, *, #4629, .F. ) ;
#3340 = SURFACE_STYLE_USAGE ( .BOTH. , #754 ) ;
#3341 = ORIENTED_EDGE ( 'NONE', *, *, #9803, .T. ) ;
#3342 = CARTESIAN_POINT ( 'NONE',  ( 0.7499999999999990008, 4.989999999999991331, 1.000000000000000000 ) ) ;
#3343 = AXIS2_PLACEMENT_3D ( 'NONE', #1029, #76, #9860 ) ;
#3344 = FACE_OUTER_BOUND ( 'NONE', #10901, .T. ) ;
#3345 = ORIENTED_EDGE ( 'NONE', *, *, #3181, .F. ) ;
#3346 = VECTOR ( 'NONE', #7944, 1000.000000000000000 ) ;
#3347 = UNCERTAINTY_MEASURE_WITH_UNIT (LENGTH_MEASURE( 1.000000000000000082E-05 ), #1606, 'distance_accuracy_value', 'NONE');
#3348 = PRESENTATION_LAYER_ASSIGNMENT (  '', '', ( #1665 ) ) ;
#3349 = CARTESIAN_POINT ( 'NONE',  ( -0.5975731024119521617, -1.026090828712832081, 6.623899314911886549 ) ) ;
#3350 = CARTESIAN_POINT ( 'NONE',  ( -1.034164078649986829, -0.9000000000000084599, 6.418328157299976411 ) ) ;
#3351 = CARTESIAN_POINT ( 'NONE',  ( 16.10000000000000142, 6.730000000000000426, 1.000000000000000000 ) ) ;
#3352 = AXIS2_PLACEMENT_3D ( 'NONE', #5723, #10184, #1989 ) ;
#3353 = ORIENTED_EDGE ( 'NONE', *, *, #5703, .T. ) ;
#3354 = LINE ( 'NONE', #11284, #7448 ) ;
#3355 = SURFACE_SIDE_STYLE ('',( #704 ) ) ;
#3356 = FACE_OUTER_BOUND ( 'NONE', #6494, .T. ) ;
#3357 = EDGE_LOOP ( 'NONE', ( #7109, #7591, #806, #2771 ) ) ;
#3358 = DIRECTION ( 'NONE',  ( 0.0000000000000000000, -0.0000000000000000000, 1.000000000000000000 ) ) ;
#3359 = VECTOR ( 'NONE', #9799, 1000.000000000000000 ) ;
#3360 = LINE ( 'NONE', #1617, #10313 ) ;
#3361 = VECTOR ( 'NONE', #5498, 1000.000000000000000 ) ;
#3362 = CARTESIAN_POINT ( 'NONE',  ( 9.362001885837043957, 6.377488311655286957, 6.500000000000000000 ) ) ;
#3363 =( NAMED_UNIT ( * ) PLANE_ANGLE_UNIT ( ) SI_UNIT ( $, .RADIAN. ) );
#3364 = SURFACE_SIDE_STYLE ('',( #11356 ) ) ;
#3365 = DIRECTION ( 'NONE',  ( 1.000000000000000000, -0.0000000000000000000, 0.0000000000000000000 ) ) ;
#3366 = PRESENTATION_STYLE_ASSIGNMENT (( #2606 ) ) ;
#3367 = ORIENTED_EDGE ( 'NONE', *, *, #3327, .F. ) ;
#3368 =( NAMED_UNIT ( * ) SI_UNIT ( $, .STERADIAN. ) SOLID_ANGLE_UNIT ( ) );
#3369 = MECHANICAL_DESIGN_GEOMETRIC_PRESENTATION_REPRESENTATION (  '', ( #1312 ), #9719 ) ;
#3370 = ORIENTED_EDGE ( 'NONE', *, *, #1913, .F. ) ;
#3371 = CYLINDRICAL_SURFACE ( 'NONE', #7191, 0.3000000000000016542 ) ;
#3372 = DIRECTION ( 'NONE',  ( 1.000000000000000000, 0.0000000000000000000, 0.0000000000000000000 ) ) ;
#3374 = ORIENTED_EDGE ( 'NONE', *, *, #3546, .F. ) ;
#3373 = DIRECTION ( 'NONE',  ( -2.775557561562889872E-16, 1.000000000000000000, 0.0000000000000000000 ) ) ;
#3375 = FILL_AREA_STYLE ('',( #4390 ) ) ;
#3377 = ORIENTED_EDGE ( 'NONE', *, *, #376, .T. ) ;
#3376 = CARTESIAN_POINT ( 'NONE',  ( -0.1000000000000010186, 2.649999999999990141, -0.09999999999999971412 ) ) ;
#3378 = CARTESIAN_POINT ( 'NONE',  ( -0.1000000000000010048, 4.389999999999989910, 0.4500000000000000666 ) ) ;
#3379 = CARTESIAN_POINT ( 'NONE',  ( 1.278235863450717380, 15.75686575321583227, 2.068121104950424005 ) ) ;
#3380 = EDGE_CURVE ( 'NONE', #10522, #4907, #6854, .T. ) ;
#3381 =( GEOMETRIC_REPRESENTATION_CONTEXT ( 3 ) GLOBAL_UNCERTAINTY_ASSIGNED_CONTEXT ( ( #10426 ) ) GLOBAL_UNIT_ASSIGNED_CONTEXT ( ( #6487, #2805, #10798 ) ) REPRESENTATION_CONTEXT ( 'NONE', 'WORKASPACE' ) );
#3382 = DIRECTION ( 'NONE',  ( 1.000000000000000000, -0.0000000000000000000, -0.0000000000000000000 ) ) ;
#3383 = VERTEX_POINT ( 'NONE', #10168 ) ;
#3384 =( NAMED_UNIT ( * ) PLANE_ANGLE_UNIT ( ) SI_UNIT ( $, .RADIAN. ) );
#3385 = VERTEX_POINT ( 'NONE', #11163 ) ;
#3386 = COLOUR_RGB ( '',0.1803921568627450955, 0.4627450980392157076, 0.2823529411764705843 ) ;
#3388 = EDGE_LOOP ( 'NONE', ( #7755, #10484, #3268, #8600 ) ) ;
#3387 = FACE_OUTER_BOUND ( 'NONE', #10808, .T. ) ;
#3389 = EDGE_CURVE ( 'NONE', #1668, #2918, #9846, .T. ) ;
#3390 = PRESENTATION_LAYER_ASSIGNMENT (  '', '', ( #10644 ) ) ;
#3392 = ORIENTED_EDGE ( 'NONE', *, *, #3399, .T. ) ;
#3391 = CARTESIAN_POINT ( 'NONE',  ( 8.900000000000000355, 15.08999999999999986, 0.0000000000000000000 ) ) ;
#3393 = VECTOR ( 'NONE', #2852, 1000.000000000000000 ) ;
#3394 = CARTESIAN_POINT ( 'NONE',  ( 16.00000000000000000, 9.470000000000000639, 1.000000000000000444 ) ) ;
#3395 = MECHANICAL_DESIGN_GEOMETRIC_PRESENTATION_REPRESENTATION (  '', ( #9204 ), #10833 ) ;
#3396 = CARTESIAN_POINT ( 'NONE',  ( 17.17309199177841705, -0.9991877486788848239, 6.075283505579360366 ) ) ;
#3397 = EDGE_LOOP ( 'NONE', ( #8958, #3989, #6073, #10120 ) ) ;
#3398 = PLANE ( 'NONE',  #2135 ) ;
#3399 = EDGE_CURVE ( 'NONE', #9906, #6943, #1240, .T. ) ;
#3400 = SURFACE_STYLE_FILL_AREA ( #10452 ) ;
#3401 = ORIENTED_EDGE ( 'NONE', *, *, #4202, .T. ) ;
#3402 = LINE ( 'NONE', #1604, #4213 ) ;
#3403 = MECHANICAL_DESIGN_GEOMETRIC_PRESENTATION_REPRESENTATION (  '', ( #4726 ), #9923 ) ;
#3404 = CARTESIAN_POINT ( 'NONE',  ( 9.400000000000000355, 0.7500000000000000000, -0.03500000000000000333 ) ) ;
#3405 = EDGE_CURVE ( 'NONE', #1179, #11201, #2398, .T. ) ;
#3406 = ORIENTED_EDGE ( 'NONE', *, *, #8178, .F. ) ;
#3407 = STYLED_ITEM ( 'NONE', ( #4009 ), #10306 ) ;
#3408 =( NAMED_UNIT ( * ) PLANE_ANGLE_UNIT ( ) SI_UNIT ( $, .RADIAN. ) );
#3409 = CARTESIAN_POINT ( 'NONE',  ( -1.235123114895486651E-15, 2.649999999999990141, 0.9000000000000001332 ) ) ;
#3410 = LINE ( 'NONE', #4358, #1084 ) ;
#3411 = UNCERTAINTY_MEASURE_WITH_UNIT (LENGTH_MEASURE( 1.000000000000000082E-05 ), #3951, 'distance_accuracy_value', 'NONE');
#3412 = CARTESIAN_POINT ( 'NONE',  ( 9.315000000033453631, 7.370000000000000995, 1.276568304767125628E-11 ) ) ;
#3413 = ADVANCED_FACE ( 'NONE', ( #342 ), #3057, .T. ) ;
#3414 = SURFACE_STYLE_USAGE ( .BOTH. , #6791 ) ;
#3415 = EDGE_LOOP ( 'NONE', ( #5374, #11173, #8762, #5242 ) ) ;
#3416 = LINE ( 'NONE', #5560, #8624 ) ;
#3417 = VECTOR ( 'NONE', #6209, 1000.000000000000000 ) ;
#3418 =( NAMED_UNIT ( * ) PLANE_ANGLE_UNIT ( ) SI_UNIT ( $, .RADIAN. ) );
#3419 = FILL_AREA_STYLE_COLOUR ( '', #4911 ) ;
#3420 = SURFACE_SIDE_STYLE ('',( #1674 ) ) ;
#3421 = CARTESIAN_POINT ( 'NONE',  ( 14.50000000000000000, 6.730000000000000426, 1.000000000000000000 ) ) ;
#3422 = LINE ( 'NONE', #2653, #9135 ) ;
#3423 = CARTESIAN_POINT ( 'NONE',  ( 7.606428954835937617, 6.608953720739342508, 6.499999999999999112 ) ) ;
#3424 = VECTOR ( 'NONE', #9245, 1000.000000000000000 ) ;
#3425 = VECTOR ( 'NONE', #6014, 1000.000000000000000 ) ;
#3426 = FACE_OUTER_BOUND ( 'NONE', #5809, .T. ) ;
#3427 = ORIENTED_EDGE ( 'NONE', *, *, #1176, .T. ) ;
#3428 = FACE_OUTER_BOUND ( 'NONE', #4681, .T. ) ;
#3429 = UNCERTAINTY_MEASURE_WITH_UNIT (LENGTH_MEASURE( 1.000000000000000082E-05 ), #10077, 'distance_accuracy_value', 'NONE');
#3430 = EDGE_LOOP ( 'NONE', ( #7319, #994, #4689, #7991 ) ) ;
#3431 = STYLED_ITEM ( 'NONE', ( #2762 ), #10865 ) ;
#3432 = CIRCLE ( 'NONE', #4385, 0.3999999999999993006 ) ;
#3433 = LINE ( 'NONE', #8764, #2559 ) ;
#3434 = DIRECTION ( 'NONE',  ( -1.000000000000000000, 0.0000000000000000000, 0.0000000000000000000 ) ) ;
#3435 = VECTOR ( 'NONE', #2293, 1000.000000000000000 ) ;
#3437 = VERTEX_POINT ( 'NONE', #9374 ) ;
#3436 = DIRECTION ( 'NONE',  ( 0.0000000000000000000, 0.0000000000000000000, 1.000000000000000000 ) ) ;
#3438 = DIRECTION ( 'NONE',  ( -1.233581138472399909E-16, 1.000000000000000000, 0.0000000000000000000 ) ) ;
#3440 = VERTEX_POINT ( 'NONE', #1362 ) ;
#3439 = LINE ( 'NONE', #7813, #11554 ) ;
#3441 = LINE ( 'NONE', #915, #6723 ) ;
#3442 = COLOUR_RGB ( '',0.8196078431372548767, 0.7058823529411764053, 0.5254901960784313930 ) ;
#3443 = VECTOR ( 'NONE', #8681, 1000.000000000000000 ) ;
#3444 = MECHANICAL_DESIGN_GEOMETRIC_PRESENTATION_REPRESENTATION (  '', ( #7534 ), #5336 ) ;
#3445 = CARTESIAN_POINT ( 'NONE',  ( 15.12500000000000000, 0.8749999999999990008, 1.899999999999999911 ) ) ;
#3446 = UNCERTAINTY_MEASURE_WITH_UNIT (LENGTH_MEASURE( 1.000000000000000082E-05 ), #4716, 'distance_accuracy_value', 'NONE');
#3447 = CARTESIAN_POINT ( 'NONE',  ( -3.469446951953609850E-15, 9.769999999999999574, -0.1000000000000028644 ) ) ;
#3448 = VERTEX_POINT ( 'NONE', #10399 ) ;
#3449 = PLANE ( 'NONE',  #9595 ) ;
#3450 = EDGE_LOOP ( 'NONE', ( #8882, #6593, #10268, #6954 ) ) ;
#3452 = ORIENTED_EDGE ( 'NONE', *, *, #9323, .F. ) ;
#3451 = FILL_AREA_STYLE ('',( #4227 ) ) ;
#3453 = AXIS2_PLACEMENT_3D ( 'NONE', #7263, #9163, #9961 ) ;
#3454 = ORIENTED_EDGE ( 'NONE', *, *, #7588, .T. ) ;
#3455 =( NAMED_UNIT ( * ) SI_UNIT ( $, .STERADIAN. ) SOLID_ANGLE_UNIT ( ) );
#3456 = VERTEX_POINT ( 'NONE', #2432 ) ;
#3457 = SURFACE_STYLE_USAGE ( .BOTH. , #2475 ) ;
#3458 = DIRECTION ( 'NONE',  ( 0.0000000000000000000, 0.0000000000000000000, 1.000000000000000000 ) ) ;
#3459 = ORIENTED_EDGE ( 'NONE', *, *, #5342, .T. ) ;
#3460 = UNCERTAINTY_MEASURE_WITH_UNIT (LENGTH_MEASURE( 1.000000000000000082E-05 ), #10625, 'distance_accuracy_value', 'NONE');
#3461 = CARTESIAN_POINT ( 'NONE',  ( -1.073205080756889140, -1.073205080756896912, 6.323205080756888030 ) ) ;
#3462 = CARTESIAN_POINT ( 'NONE',  ( 0.2999999999999962697, 14.84999999999999964, -0.1000000000000028644 ) ) ;
#3463 = EDGE_CURVE ( 'NONE', #9350, #2413, #4823, .T. ) ;
#3464 = FACE_OUTER_BOUND ( 'NONE', #6689, .T. ) ;
#3465 = EDGE_CURVE ( 'NONE', #7876, #6159, #8801, .T. ) ;
#3466 = EDGE_LOOP ( 'NONE', ( #3791, #3248, #5854, #6145 ) ) ;
#3467 = LINE ( 'NONE', #7009, #8217 ) ;
#3468 = CARTESIAN_POINT ( 'NONE',  ( 15.12500000000000000, 15.52500000000000036, 0.9000000000000001332 ) ) ;
#3469 = DIRECTION ( 'NONE',  ( -1.000000000000000000, -0.0000000000000000000, 0.0000000000000000000 ) ) ;
#3470 = FILL_AREA_STYLE_COLOUR ( '', #7904 ) ;
#3471 = LINE ( 'NONE', #8803, #4270 ) ;
#3472 = PRESENTATION_LAYER_ASSIGNMENT (  '', '', ( #4248 ) ) ;
#3473 = VERTEX_POINT ( 'NONE', #4239 ) ;
#3474 = EDGE_CURVE ( 'NONE', #2447, #1158, #3410, .T. ) ;
#3475 =( NAMED_UNIT ( * ) PLANE_ANGLE_UNIT ( ) SI_UNIT ( $, .RADIAN. ) );
#3476 = ADVANCED_FACE ( 'NONE', ( #3591 ), #9607, .T. ) ;
#3477 = SURFACE_STYLE_FILL_AREA ( #7734 ) ;
#3478 = CARTESIAN_POINT ( 'NONE',  ( 0.4750000000000025313, 2.649999999999989253, 0.9000000000000001332 ) ) ;
#3479 = PRESENTATION_STYLE_ASSIGNMENT (( #9618 ) ) ;
#3480 = DIRECTION ( 'NONE',  ( 1.000000000000000000, 0.0000000000000000000, 0.0000000000000000000 ) ) ;
#3481 = LINE ( 'NONE', #9784, #3907 ) ;
#3482 = AXIS2_PLACEMENT_3D ( 'NONE', #1028, #972, #9171 ) ;
#3483 = ADVANCED_FACE ( 'NONE', ( #2543 ), #5127, .T. ) ;
#3484 = DIRECTION ( 'NONE',  ( 1.000000000000000000, 0.0000000000000000000, 0.0000000000000000000 ) ) ;
#3485 = DIRECTION ( 'NONE',  ( 1.000000000000000000, 0.0000000000000000000, 0.0000000000000000000 ) ) ;
#3486 =( NAMED_UNIT ( * ) SI_UNIT ( $, .STERADIAN. ) SOLID_ANGLE_UNIT ( ) );
#3487 = CARTESIAN_POINT ( 'NONE',  ( 0.7499999999999981126, 7.230000000000000426, 1.000000000000000000 ) ) ;
#3488 = VERTEX_POINT ( 'NONE', #2643 ) ;
#3489 =( NAMED_UNIT ( * ) SI_UNIT ( $, .STERADIAN. ) SOLID_ANGLE_UNIT ( ) );
#3490 = SURFACE_STYLE_FILL_AREA ( #4321 ) ;
#3491 = FILL_AREA_STYLE ('',( #7630 ) ) ;
#3492 = VECTOR ( 'NONE', #63, 1000.000000000000000 ) ;
#3493 = ORIENTED_EDGE ( 'NONE', *, *, #4782, .T. ) ;
#3494 = PRESENTATION_STYLE_ASSIGNMENT (( #1805 ) ) ;
#3496 = ORIENTED_EDGE ( 'NONE', *, *, #3533, .F. ) ;
#3495 = PLANE ( 'NONE',  #208 ) ;
#3497 = CARTESIAN_POINT ( 'NONE',  ( -3.982925100842753033E-15, 14.34999999999999964, 0.0000000000000000000 ) ) ;
#3498 = DIRECTION ( 'NONE',  ( 0.0000000000000000000, 0.0000000000000000000, 1.000000000000000000 ) ) ;
#3499 =( NAMED_UNIT ( * ) PLANE_ANGLE_UNIT ( ) SI_UNIT ( $, .RADIAN. ) );
#3500 = CARTESIAN_POINT ( 'NONE',  ( 0.6440598923241510620, 15.26166058554496452, 2.225219629806729937 ) ) ;
#3501 = CARTESIAN_POINT ( 'NONE',  ( 15.25000000000000000, 14.84999999999999964, 1.000000000000000000 ) ) ;
#3502 = PRESENTATION_STYLE_ASSIGNMENT (( #8945 ) ) ;
#3503 = CARTESIAN_POINT ( 'NONE',  ( 16.10000000000000142, 10.26999999999999957, 1.000000000000000000 ) ) ;
#3504 = EDGE_LOOP ( 'NONE', ( #1463, #4930, #2366, #3510 ) ) ;
#3505 = FACE_OUTER_BOUND ( 'NONE', #745, .T. ) ;
#3506 = CARTESIAN_POINT ( 'NONE',  ( -0.1000000000000010186, 1.524999999999989919, -0.1000000000000000056 ) ) ;
#3508 = ORIENTED_EDGE ( 'NONE', *, *, #7232, .F. ) ;
#3507 =( NAMED_UNIT ( * ) SI_UNIT ( $, .STERADIAN. ) SOLID_ANGLE_UNIT ( ) );
#3509 = AXIS2_PLACEMENT_3D ( 'NONE', #4378, #11358, #4318 ) ;
#3510 = ORIENTED_EDGE ( 'NONE', *, *, #2050, .F. ) ;
#3511 = VECTOR ( 'NONE', #8645, 1000.000000000000000 ) ;
#3512 =( LENGTH_UNIT ( ) NAMED_UNIT ( * ) SI_UNIT ( .MILLI., .METRE. ) );
#3513 = FACE_OUTER_BOUND ( 'NONE', #10191, .T. ) ;
#3514 = ORIENTED_EDGE ( 'NONE', *, *, #10081, .T. ) ;
#3515 = VECTOR ( 'NONE', #344, 1000.000000000000000 ) ;
#3516 = SURFACE_STYLE_FILL_AREA ( #3750 ) ;
#3517 = MECHANICAL_DESIGN_GEOMETRIC_PRESENTATION_REPRESENTATION (  '', ( #10394 ), #5021 ) ;
#3518 = FACE_OUTER_BOUND ( 'NONE', #4858, .T. ) ;
#3519 = VECTOR ( 'NONE', #10737, 1000.000000000000000 ) ;
#3520 = MECHANICAL_DESIGN_GEOMETRIC_PRESENTATION_REPRESENTATION (  '', ( #2769 ), #6867 ) ;
#3521 = FILL_AREA_STYLE ('',( #7957 ) ) ;
#3522 = ORIENTED_EDGE ( 'NONE', *, *, #4699, .F. ) ;
#3523 = DIRECTION ( 'NONE',  ( 0.0000000000000000000, 1.000000000000000000, 0.0000000000000000000 ) ) ;
#3524 = PLANE ( 'NONE',  #9028 ) ;
#3525 = COLOUR_RGB ( '',0.4313725490196078649, 0.3490196078431372362, 0.2901960784313725172 ) ;
#3526 = EDGE_CURVE ( 'NONE', #9059, #2174, #1789, .T. ) ;
#3527 = VECTOR ( 'NONE', #9225, 1000.000000000000000 ) ;
#3528 = DIRECTION ( 'NONE',  ( 0.0000000000000000000, -1.000000000000000000, -0.0000000000000000000 ) ) ;
#3529 =( GEOMETRIC_REPRESENTATION_CONTEXT ( 3 ) GLOBAL_UNCERTAINTY_ASSIGNED_CONTEXT ( ( #9533 ) ) GLOBAL_UNIT_ASSIGNED_CONTEXT ( ( #5350, #10628, #8023 ) ) REPRESENTATION_CONTEXT ( 'NONE', 'WORKASPACE' ) );
#3530 = LINE ( 'NONE', #9088, #2396 ) ;
#3531 = EDGE_LOOP ( 'NONE', ( #10141, #6588, #11067, #10069 ) ) ;
#3532 = SURFACE_SIDE_STYLE ('',( #10751 ) ) ;
#3533 = EDGE_CURVE ( 'NONE', #11049, #2465, #2411, .T. ) ;
#3534 = SURFACE_SIDE_STYLE ('',( #1615 ) ) ;
#3535 = CIRCLE ( 'NONE', #5038, 0.4199999999824483021 ) ;
#3536 = VECTOR ( 'NONE', #3284, 1000.000000000000000 ) ;
#3537 = LINE ( 'NONE', #836, #4742 ) ;
#3538 = VECTOR ( 'NONE', #8443, 1000.000000000000000 ) ;
#3539 = CIRCLE ( 'NONE', #6703, 0.2999999999999999334 ) ;
#3540 = CARTESIAN_POINT ( 'NONE',  ( 8.900000000000000355, 15.08999999999999986, -0.03500000000000000333 ) ) ;
#3541 = EDGE_CURVE ( 'NONE', #4093, #3227, #7128, .T. ) ;
#3542 = DIRECTION ( 'NONE',  ( -0.0000000000000000000, 0.0000000000000000000, 1.000000000000000000 ) ) ;
#3543 = EDGE_CURVE ( 'NONE', #5056, #221, #6307, .T. ) ;
#3544 = CARTESIAN_POINT ( 'NONE',  ( 15.99999999999999645, 15.35000000000000142, 0.0000000000000000000 ) ) ;
#3545 = DIRECTION ( 'NONE',  ( 0.0000000000000000000, -1.000000000000000000, -0.0000000000000000000 ) ) ;
#3546 = EDGE_CURVE ( 'NONE', #4340, #2421, #3866, .T. ) ;
#3547 = PRESENTATION_STYLE_ASSIGNMENT (( #9995 ) ) ;
#3548 = ORIENTED_EDGE ( 'NONE', *, *, #7223, .T. ) ;
#3549 = LINE ( 'NONE', #8111, #375 ) ;
#3550 = DIRECTION ( 'NONE',  ( 1.000000000000000000, -8.673617379884051249E-15, 0.0000000000000000000 ) ) ;
#3551 = CARTESIAN_POINT ( 'NONE',  ( -0.08786796564402839238, 17.11213203435597308, 2.299999999999999822 ) ) ;
#3552 = EDGE_CURVE ( 'NONE', #9195, #3437, #8149, .T. ) ;
#3553 =( GEOMETRIC_REPRESENTATION_CONTEXT ( 3 ) GLOBAL_UNCERTAINTY_ASSIGNED_CONTEXT ( ( #5103 ) ) GLOBAL_UNIT_ASSIGNED_CONTEXT ( ( #7854, #10408, #5136 ) ) REPRESENTATION_CONTEXT ( 'NONE', 'WORKASPACE' ) );
#3554 = EDGE_CURVE ( 'NONE', #2986, #7515, #9824, .T. ) ;
#3555 = ORIENTED_EDGE ( 'NONE', *, *, #1191, .T. ) ;
#3556 = AXIS2_PLACEMENT_3D ( 'NONE', #792, #11430, #3372 ) ;
#3557 = CARTESIAN_POINT ( 'NONE',  ( 17.17992940268340263, 17.04651779484239782, 6.163106187001399228 ) ) ;
#3558 = DIRECTION ( 'NONE',  ( 1.000000000000000000, -0.0000000000000000000, 0.0000000000000000000 ) ) ;
#3560 = ORIENTED_EDGE ( 'NONE', *, *, #5702, .T. ) ;
#3559 = FILL_AREA_STYLE_COLOUR ( '', #4357 ) ;
#3561 = PRESENTATION_STYLE_ASSIGNMENT (( #4448 ) ) ;
#3562 = PRESENTATION_STYLE_ASSIGNMENT (( #4449 ) ) ;
#3563 = EDGE_CURVE ( 'NONE', #3237, #9424, #5584, .T. ) ;
#3564 = CARTESIAN_POINT ( 'NONE',  ( -1.143755976020623732, 15.97670296246533361, 6.292788944843397125 ) ) ;
#3565 = FACE_OUTER_BOUND ( 'NONE', #734, .T. ) ;
#3566 = CARTESIAN_POINT ( 'NONE',  ( 8.000000000000000000, 5.189999999999989733, 0.0000000000000000000 ) ) ;
#3567 = AXIS2_PLACEMENT_3D ( 'NONE', #7037, #3558, #848 ) ;
#3568 =( NAMED_UNIT ( * ) SI_UNIT ( $, .STERADIAN. ) SOLID_ANGLE_UNIT ( ) );
#3569 = SURFACE_STYLE_USAGE ( .BOTH. , #2626 ) ;
#3570 = ADVANCED_FACE ( 'NONE', ( #1839 ), #6373, .T. ) ;
#3571 = CARTESIAN_POINT ( 'NONE',  ( 0.4749999999999981459, 12.81000000000000050, 0.9000000000000001332 ) ) ;
#3572 =( NAMED_UNIT ( * ) PLANE_ANGLE_UNIT ( ) SI_UNIT ( $, .RADIAN. ) );
#3573 = VERTEX_POINT ( 'NONE', #2920 ) ;
#3574 = MECHANICAL_DESIGN_GEOMETRIC_PRESENTATION_REPRESENTATION (  '', ( #2253 ), #11195 ) ;
#3576 = ORIENTED_EDGE ( 'NONE', *, *, #10882, .F. ) ;
#3575 = CARTESIAN_POINT ( 'NONE',  ( -1.187283023530004922, 15.87161937403813994, 6.292788944843382026 ) ) ;
#3578 = ORIENTED_EDGE ( 'NONE', *, *, #517, .T. ) ;
#3577 = LINE ( 'NONE', #6420, #4489 ) ;
#3579 = CARTESIAN_POINT ( 'NONE',  ( 0.02329703753469123534, 17.14375597602062129, 6.292788944843390020 ) ) ;
#3580 = DIRECTION ( 'NONE',  ( 1.470494072351200091E-16, -1.000000000000000000, -0.0000000000000000000 ) ) ;
#3581 = ORIENTED_EDGE ( 'NONE', *, *, #10302, .F. ) ;
#3582 = UNCERTAINTY_MEASURE_WITH_UNIT (LENGTH_MEASURE( 1.000000000000000082E-05 ), #10630, 'distance_accuracy_value', 'NONE');
#3583 = DIRECTION ( 'NONE',  ( 0.0000000000000000000, 0.0000000000000000000, -1.000000000000000000 ) ) ;
#3584 =( NAMED_UNIT ( * ) SI_UNIT ( $, .STERADIAN. ) SOLID_ANGLE_UNIT ( ) );
#3585 = SURFACE_STYLE_USAGE ( .BOTH. , #6367 ) ;
#3586 = COLOUR_RGB ( '',0.7725490196078431682, 0.7725490196078431682, 0.7725490196078431682 ) ;
#3587 = STYLED_ITEM ( 'NONE', ( #8317 ), #664 ) ;
#3588 = CARTESIAN_POINT ( 'NONE',  ( 12.52500000000000213, 2.794499999999989992, -0.01000000000000000194 ) ) ;
#3589 = VERTEX_POINT ( 'NONE', #5414 ) ;
#3590 = SURFACE_STYLE_USAGE ( .BOTH. , #1048 ) ;
#3591 = FACE_OUTER_BOUND ( 'NONE', #6437, .T. ) ;
#3592 = MECHANICAL_DESIGN_GEOMETRIC_PRESENTATION_REPRESENTATION (  '', ( #7679 ), #9013 ) ;
#3593 = ORIENTED_EDGE ( 'NONE', *, *, #2895, .F. ) ;
#3594 = CIRCLE ( 'NONE', #10480, 0.2999999999999999334 ) ;
#3595 = PRESENTATION_LAYER_ASSIGNMENT (  '', '', ( #9197 ) ) ;
#3596 = LINE ( 'NONE', #1793, #5481 ) ;
#3597 = PRESENTATION_STYLE_ASSIGNMENT (( #6503 ) ) ;
#3598 = VECTOR ( 'NONE', #6009, 1000.000000000000000 ) ;
#3599 = FACE_OUTER_BOUND ( 'NONE', #6063, .T. ) ;
#3600 = PRESENTATION_LAYER_ASSIGNMENT (  '', '', ( #2107 ) ) ;
#3601 = FACE_OUTER_BOUND ( 'NONE', #2888, .T. ) ;
#3602 = CARTESIAN_POINT ( 'NONE',  ( 7.391884869082543830, 7.695773480371128628, 6.500000000000001776 ) ) ;
#3603 =( GEOMETRIC_REPRESENTATION_CONTEXT ( 3 ) GLOBAL_UNCERTAINTY_ASSIGNED_CONTEXT ( ( #5788 ) ) GLOBAL_UNIT_ASSIGNED_CONTEXT ( ( #3725, #4613, #9272 ) ) REPRESENTATION_CONTEXT ( 'NONE', 'WORKASPACE' ) );
#3604 = EDGE_CURVE ( 'NONE', #3046, #2570, #5530, .T. ) ;
#3605 = CARTESIAN_POINT ( 'NONE',  ( 0.02329703753469123534, 17.14375597602062129, 6.292788944843390020 ) ) ;
#3606 = AXIS2_PLACEMENT_3D ( 'NONE', #3960, #300, #11052 ) ;
#3607 =( NAMED_UNIT ( * ) PLANE_ANGLE_UNIT ( ) SI_UNIT ( $, .RADIAN. ) );
#3608 = ORIENTED_EDGE ( 'NONE', *, *, #7668, .F. ) ;
#3609 =( NAMED_UNIT ( * ) PLANE_ANGLE_UNIT ( ) SI_UNIT ( $, .RADIAN. ) );
#3610 = LINE ( 'NONE', #2773, #10659 ) ;
#3611 = VECTOR ( 'NONE', #8294, 1000.000000000000000 ) ;
#3612 = CARTESIAN_POINT ( 'NONE',  ( 1.500000000000000000, 14.34999999999999964, 1.000000000000000000 ) ) ;
#3613 = ORIENTED_EDGE ( 'NONE', *, *, #4189, .T. ) ;
#3614 = CARTESIAN_POINT ( 'NONE',  ( 0.8749999999999970024, 15.12500000000000000, 1.900000000000000133 ) ) ;
#3615 = ADVANCED_FACE ( 'NONE', ( #7296 ), #269, .T. ) ;
#3616 = AXIS2_PLACEMENT_3D ( 'NONE', #11521, #8749, #1561 ) ;
#3617 = ORIENTED_EDGE ( 'NONE', *, *, #6460, .F. ) ;
#3618 =( NAMED_UNIT ( * ) SI_UNIT ( $, .STERADIAN. ) SOLID_ANGLE_UNIT ( ) );
#3619 = SURFACE_STYLE_FILL_AREA ( #852 ) ;
#3620 = AXIS2_PLACEMENT_3D ( 'NONE', #765, #2544, #8860 ) ;
#3621 = LINE ( 'NONE', #8884, #8223 ) ;
#3622 = ADVANCED_FACE ( 'NONE', ( #6556 ), #5917, .T. ) ;
#3623 = CARTESIAN_POINT ( 'NONE',  ( 16.10000000000000142, 5.190000000000000391, -0.1000000000000000056 ) ) ;
#3624 = PLANE ( 'NONE',  #6504 ) ;
#3625 = PLANE ( 'NONE',  #2913 ) ;
#3626 = VECTOR ( 'NONE', #401, 1000.000000000000000 ) ;
#3627 = DIRECTION ( 'NONE',  ( 0.0000000000000000000, 0.0000000000000000000, 1.000000000000000000 ) ) ;
#3628 = EDGE_CURVE ( 'NONE', #6139, #5233, #1290, .T. ) ;
#3629 =( GEOMETRIC_REPRESENTATION_CONTEXT ( 3 ) GLOBAL_UNCERTAINTY_ASSIGNED_CONTEXT ( ( #6483 ) ) GLOBAL_UNIT_ASSIGNED_CONTEXT ( ( #257, #2100, #1155 ) ) REPRESENTATION_CONTEXT ( 'NONE', 'WORKASPACE' ) );
#3630 = EDGE_CURVE ( 'NONE', #883, #1243, #11145, .T. ) ;
#3631 = CARTESIAN_POINT ( 'NONE',  ( 8.651253140723346391, 0.4749999999999986455, 0.9000000000000001332 ) ) ;
#3632 = VECTOR ( 'NONE', #9032, 1000.000000000000000 ) ;
#3633 = EDGE_LOOP ( 'NONE', ( #7097, #2786, #5571, #1803, #6912, #9867, #9360, #6949, #1937, #6224, #1644, #6028, #1918, #737 ) ) ;
#3634 = CARTESIAN_POINT ( 'NONE',  ( 16.10000000000000142, 15.35000000000000142, 1.000000000000000000 ) ) ;
#3635 = CARTESIAN_POINT ( 'NONE',  ( -0.1000000000000029754, 9.769999999999999574, -0.1000000000000000056 ) ) ;
#3637 = ORIENTED_EDGE ( 'NONE', *, *, #8892, .F. ) ;
#3636 = CARTESIAN_POINT ( 'NONE',  ( -1.000197097098735499, 16.04035200965244456, 6.492852607668418763 ) ) ;
#3638 = VERTEX_POINT ( 'NONE', #3158 ) ;
#3639 = EDGE_CURVE ( 'NONE', #3325, #3744, #9480, .T. ) ;
#3640 = VECTOR ( 'NONE', #9738, 1000.000000000000000 ) ;
#3641 = MECHANICAL_DESIGN_GEOMETRIC_PRESENTATION_REPRESENTATION (  '', ( #8868 ), #1783 ) ;
#3642 = VECTOR ( 'NONE', #8522, 1000.000000000000000 ) ;
#3643 = CARTESIAN_POINT ( 'NONE',  ( 1.500000000000000000, 4.189999999999989733, 1.000000000000000000 ) ) ;
#3644 = DIRECTION ( 'NONE',  ( 0.0000000000000000000, 0.0000000000000000000, 1.000000000000000000 ) ) ;
#3645 = ORIENTED_EDGE ( 'NONE', *, *, #8902, .T. ) ;
#3646 = CARTESIAN_POINT ( 'NONE',  ( -3.555489236362059719E-15, 12.81000000000000050, 1.000000000000000000 ) ) ;
#3647 = VECTOR ( 'NONE', #36, 1000.000000000000000 ) ;
#3648 = FILL_AREA_STYLE ('',( #4527 ) ) ;
#3649 = FACE_OUTER_BOUND ( 'NONE', #3397, .T. ) ;
#3650 = AXIS2_PLACEMENT_3D ( 'NONE', #4204, #1503, #2257 ) ;
#3651 = PRESENTATION_LAYER_ASSIGNMENT (  '', '', ( #8689 ) ) ;
#3652 = FACE_OUTER_BOUND ( 'NONE', #925, .T. ) ;
#3653 = ORIENTED_EDGE ( 'NONE', *, *, #2189, .T. ) ;
#3654 = DIRECTION ( 'NONE',  ( 0.0000000000000000000, 0.0000000000000000000, 1.000000000000000000 ) ) ;
#3655 = DIRECTION ( 'NONE',  ( -0.0000000000000000000, -0.0000000000000000000, -1.000000000000000000 ) ) ;
#3656 = VERTEX_POINT ( 'NONE', #9251 ) ;
#3657 = DIRECTION ( 'NONE',  ( -0.0000000000000000000, -0.0000000000000000000, -1.000000000000000000 ) ) ;
#3658 = SURFACE_SIDE_STYLE ('',( #7184 ) ) ;
#3659 = VERTEX_POINT ( 'NONE', #1472 ) ;
#3660 = CARTESIAN_POINT ( 'NONE',  ( -4.440892098500630106E-15, 16.00000000000000000, 0.0000000000000000000 ) ) ;
#3661 = LINE ( 'NONE', #9940, #6204 ) ;
#3662 = FILL_AREA_STYLE_COLOUR ( '', #3525 ) ;
#3663 = SURFACE_STYLE_USAGE ( .BOTH. , #2765 ) ;
#3664 = CARTESIAN_POINT ( 'NONE',  ( 8.436358958510110639, 6.137384773872771149, 6.500000000000001776 ) ) ;
#3665 = CARTESIAN_POINT ( 'NONE',  ( 1.500000000000000000, 15.35000000000000142, 0.0000000000000000000 ) ) ;
#3666 = PLANE ( 'NONE',  #7607 ) ;
#3667 = ORIENTED_EDGE ( 'NONE', *, *, #7017, .T. ) ;
#3668 = CYLINDRICAL_SURFACE ( 'NONE', #5825, 0.4100000000000006417 ) ;
#3669 = LINE ( 'NONE', #3836, #5653 ) ;
#3670 =( NAMED_UNIT ( * ) SI_UNIT ( $, .STERADIAN. ) SOLID_ANGLE_UNIT ( ) );
#3671 = VERTEX_POINT ( 'NONE', #6718 ) ;
#3673 = ORIENTED_EDGE ( 'NONE', *, *, #7029, .F. ) ;
#3672 =( LENGTH_UNIT ( ) NAMED_UNIT ( * ) SI_UNIT ( .MILLI., .METRE. ) );
#3674 = FACE_OUTER_BOUND ( 'NONE', #3531, .T. ) ;
#3675 = DIRECTION ( 'NONE',  ( -0.0000000000000000000, -0.0000000000000000000, -1.000000000000000000 ) ) ;
#3676 = FILL_AREA_STYLE_COLOUR ( '', #11131 ) ;
#3677 = CARTESIAN_POINT ( 'NONE',  ( 15.57366933760119032, 15.15279597058229477, 2.116355014844069515 ) ) ;
#3678 = CARTESIAN_POINT ( 'NONE',  ( 16.00000000000000000, 12.31000000000000227, -21.65413869472860142 ) ) ;
#3679 = DIRECTION ( 'NONE',  ( -2.775557561562889872E-16, 1.000000000000000000, 0.0000000000000000000 ) ) ;
#3680 = EDGE_LOOP ( 'NONE', ( #7533, #7262, #10501, #2569 ) ) ;
#3681 = EDGE_CURVE ( 'NONE', #3638, #9278, #5050, .T. ) ;
#3682 = CARTESIAN_POINT ( 'NONE',  ( 14.49999999999999822, 15.35000000000000142, -0.1000000000000002415 ) ) ;
#3683 = FILL_AREA_STYLE_COLOUR ( '', #9311 ) ;
#3684 = UNCERTAINTY_MEASURE_WITH_UNIT (LENGTH_MEASURE( 1.000000000000000082E-05 ), #9840, 'distance_accuracy_value', 'NONE');
#3685 = CARTESIAN_POINT ( 'NONE',  ( 16.00000000000000000, 16.00000000000000000, 0.0000000000000000000 ) ) ;
#3686 = ORIENTED_EDGE ( 'NONE', *, *, #9259, .F. ) ;
#3687 = EDGE_CURVE ( 'NONE', #905, #2753, #4175, .T. ) ;
#3688 = DIRECTION ( 'NONE',  ( -1.000000000000000000, -1.562399951873149988E-16, 0.0000000000000000000 ) ) ;
#3689 = UNCERTAINTY_MEASURE_WITH_UNIT (LENGTH_MEASURE( 1.000000000000000082E-05 ), #1363, 'distance_accuracy_value', 'NONE');
#3690 = FACE_OUTER_BOUND ( 'NONE', #7827, .T. ) ;
#3692 = ORIENTED_EDGE ( 'NONE', *, *, #6116, .T. ) ;
#3691 = CARTESIAN_POINT ( 'NONE',  ( -1.100228928511252313, 16.08178655089252729, 6.292788944843390020 ) ) ;
#3693 = VECTOR ( 'NONE', #5815, 1000.000000000000000 ) ;
#3695 = ORIENTED_EDGE ( 'NONE', *, *, #8528, .T. ) ;
#3694 = CARTESIAN_POINT ( 'NONE',  ( 15.48277087639996630, 0.8749999999999990008, 2.078885438199983948 ) ) ;
#3696 = CARTESIAN_POINT ( 'NONE',  ( -0.3381238114013325191, 17.06112931340478056, 6.004888001837775491 ) ) ;
#3697 = EDGE_CURVE ( 'NONE', #11201, #5167, #2121, .T. ) ;
#3698 =( NAMED_UNIT ( * ) SI_UNIT ( $, .STERADIAN. ) SOLID_ANGLE_UNIT ( ) );
#3699 = UNCERTAINTY_MEASURE_WITH_UNIT (LENGTH_MEASURE( 1.000000000000000082E-05 ), #7617, 'distance_accuracy_value', 'NONE');
#3700 = PLANE ( 'NONE',  #5956 ) ;
#3701 = ADVANCED_FACE ( 'NONE', ( #505 ), #5852, .T. ) ;
#3702 = AXIS2_PLACEMENT_3D ( 'NONE', #8756, #8874, #722 ) ;
#3703 = LINE ( 'NONE', #6428, #9983 ) ;
#3704 = SURFACE_SIDE_STYLE ('',( #10908 ) ) ;
#3705 = VECTOR ( 'NONE', #1257, 1000.000000000000000 ) ;
#3706 = VERTEX_POINT ( 'NONE', #3286 ) ;
#3707 = CARTESIAN_POINT ( 'NONE',  ( -0.1000000000000010186, 5.189999999999989733, -0.1000000000000002554 ) ) ;
#3708 = SURFACE_STYLE_USAGE ( .BOTH. , #93 ) ;
#3709 = ORIENTED_EDGE ( 'NONE', *, *, #7821, .T. ) ;
#3710 = DIRECTION ( 'NONE',  ( 1.000000000000000000, 0.0000000000000000000, 0.0000000000000000000 ) ) ;
#3711 = STYLED_ITEM ( 'NONE', ( #220 ), #8704 ) ;
#3712 =( LENGTH_UNIT ( ) NAMED_UNIT ( * ) SI_UNIT ( .MILLI., .METRE. ) );
#3713 = ORIENTED_EDGE ( 'NONE', *, *, #7694, .F. ) ;
#3714 = SURFACE_STYLE_FILL_AREA ( #8098 ) ;
#3715 = FILL_AREA_STYLE ('',( #7307 ) ) ;
#3716 = MECHANICAL_DESIGN_GEOMETRIC_PRESENTATION_REPRESENTATION (  '', ( #7704 ), #6135 ) ;
#3717 = DIRECTION ( 'NONE',  ( 0.0000000000000000000, 0.0000000000000000000, -1.000000000000000000 ) ) ;
#3718 = STYLED_ITEM ( 'NONE', ( #11404 ), #3476 ) ;
#3719 = AXIS2_PLACEMENT_3D ( 'NONE', #4960, #2948, #10066 ) ;
#3720 = CARTESIAN_POINT ( 'NONE',  ( 16.10000000000000142, 14.34999999999999964, -0.1000000000000002554 ) ) ;
#3721 = DIRECTION ( 'NONE',  ( 0.0000000000000000000, 1.000000000000000000, 0.0000000000000000000 ) ) ;
#3722 = MECHANICAL_DESIGN_GEOMETRIC_PRESENTATION_REPRESENTATION (  '', ( #8944 ), #8001 ) ;
#3723 = CARTESIAN_POINT ( 'NONE',  ( -0.9000000000000040190, 15.87573593128803751, 6.150000000000000355 ) ) ;
#3724 = ORIENTED_EDGE ( 'NONE', *, *, #3269, .T. ) ;
#3725 =( LENGTH_UNIT ( ) NAMED_UNIT ( * ) SI_UNIT ( .MILLI., .METRE. ) );
#3726 = EDGE_LOOP ( 'NONE', ( #451, #6431, #5211, #6445, #7344, #393, #1825, #10734 ) ) ;
#3727 = CARTESIAN_POINT ( 'NONE',  ( 17.14391472235504921, 17.07320508075688181, 6.252495439158725965 ) ) ;
#3729 = ORIENTED_EDGE ( 'NONE', *, *, #4786, .F. ) ;
#3728 = SURFACE_STYLE_USAGE ( .BOTH. , #65 ) ;
#3730 = CARTESIAN_POINT ( 'NONE',  ( 1.500000000000000000, 0.3999999999999899192, -0.1000000000000002415 ) ) ;
#3731 = CARTESIAN_POINT ( 'NONE',  ( -2.628453010800060160E-15, 9.470000000000000639, 0.9999999999999988898 ) ) ;
#3732 = DIRECTION ( 'NONE',  ( 7.401486830834380223E-16, -1.000000000000000000, 0.0000000000000000000 ) ) ;
#3733 = STYLED_ITEM ( 'NONE', ( #1580 ), #1707 ) ;
#3734 = AXIS2_PLACEMENT_3D ( 'NONE', #10203, #10093, #4755 ) ;
#3735 =( NAMED_UNIT ( * ) SI_UNIT ( $, .STERADIAN. ) SOLID_ANGLE_UNIT ( ) );
#3736 = ORIENTED_EDGE ( 'NONE', *, *, #4212, .F. ) ;
#3737 = DIRECTION ( 'NONE',  ( 0.0000000000000000000, -0.0000000000000000000, -1.000000000000000000 ) ) ;
#3738 = CARTESIAN_POINT ( 'NONE',  ( 16.00000000000000000, 4.190000000000000391, 1.000000000000000000 ) ) ;
#3739 = DIRECTION ( 'NONE',  ( 0.0000000000000000000, 0.0000000000000000000, -1.000000000000000000 ) ) ;
#3740 = EDGE_LOOP ( 'NONE', ( #7276, #6177, #9299, #11391 ) ) ;
#3741 = DIRECTION ( 'NONE',  ( 1.000000000000000000, 0.0000000000000000000, 0.0000000000000000000 ) ) ;
#3742 = ORIENTED_EDGE ( 'NONE', *, *, #4782, .F. ) ;
#3744 = VERTEX_POINT ( 'NONE', #5972 ) ;
#3743 = DIRECTION ( 'NONE',  ( 1.000000000000000000, 0.0000000000000000000, 0.0000000000000000000 ) ) ;
#3745 = VECTOR ( 'NONE', #1633, 1000.000000000000000 ) ;
#3746 = ADVANCED_FACE ( 'NONE', ( #8788 ), #7635, .T. ) ;
#3747 = SURFACE_STYLE_FILL_AREA ( #6251 ) ;
#3748 = CARTESIAN_POINT ( 'NONE',  ( -0.1000000000000020040, 7.629999999999999893, 0.4500000000000000666 ) ) ;
#3749 = DIRECTION ( 'NONE',  ( 1.000000000000000000, -8.881784197001260212E-15, -0.0000000000000000000 ) ) ;
#3750 = FILL_AREA_STYLE ('',( #6365 ) ) ;
#3751 = ADVANCED_FACE ( 'NONE', ( #5232 ), #7561, .T. ) ;
#3753 = EDGE_LOOP ( 'NONE', ( #7877, #6409, #154, #10453 ) ) ;
#3752 = FILL_AREA_STYLE_COLOUR ( '', #11407 ) ;
#3754 = EDGE_CURVE ( 'NONE', #10944, #11401, #5398, .T. ) ;
#3755 = ORIENTED_EDGE ( 'NONE', *, *, #5491, .T. ) ;
#3756 = CARTESIAN_POINT ( 'NONE',  ( -3.712308238590370337E-15, 14.84999999999999964, -21.65413869472860142 ) ) ;
#3757 = EDGE_CURVE ( 'NONE', #10433, #5172, #1943, .T. ) ;
#3758 = UNCERTAINTY_MEASURE_WITH_UNIT (LENGTH_MEASURE( 1.000000000000000082E-05 ), #10539, 'distance_accuracy_value', 'NONE');
#3759 = VERTEX_POINT ( 'NONE', #11564 ) ;
#3760 = CARTESIAN_POINT ( 'NONE',  ( -0.1000000000000010048, 4.289999999999990266, 1.000000000000000000 ) ) ;
#3761 = VECTOR ( 'NONE', #11532, 1000.000000000000000 ) ;
#3762 = SURFACE_STYLE_USAGE ( .BOTH. , #3658 ) ;
#3763 = ORIENTED_EDGE ( 'NONE', *, *, #4786, .T. ) ;
#3764 = FILL_AREA_STYLE ('',( #9935 ) ) ;
#3765 = EDGE_CURVE ( 'NONE', #5322, #3114, #9076, .T. ) ;
#3766 = SURFACE_STYLE_USAGE ( .BOTH. , #8155 ) ;
#3767 = DIRECTION ( 'NONE',  ( 1.000000000000000000, 0.0000000000000000000, -0.0000000000000000000 ) ) ;
#3768 = DIRECTION ( 'NONE',  ( 0.0000000000000000000, 0.0000000000000000000, 1.000000000000000000 ) ) ;
#3769 = PRESENTATION_LAYER_ASSIGNMENT (  '', '', ( #764 ) ) ;
#3770 = CARTESIAN_POINT ( 'NONE',  ( 0.8750000000000033307, 0.8749999999999990008, 2.299999999999999822 ) ) ;
#3771 = PRESENTATION_STYLE_ASSIGNMENT (( #6440 ) ) ;
#3772 = FACE_OUTER_BOUND ( 'NONE', #9645, .T. ) ;
#3773 = EDGE_CURVE ( 'NONE', #5836, #6830, #4586, .T. ) ;
#3774 =( GEOMETRIC_REPRESENTATION_CONTEXT ( 3 ) GLOBAL_UNCERTAINTY_ASSIGNED_CONTEXT ( ( #6117 ) ) GLOBAL_UNIT_ASSIGNED_CONTEXT ( ( #6024, #5285, #3507 ) ) REPRESENTATION_CONTEXT ( 'NONE', 'WORKASPACE' ) );
#3775 = DIRECTION ( 'NONE',  ( -0.7071067811865470176, -0.7071067811865480168, 0.0000000000000000000 ) ) ;
#3776 = VERTEX_POINT ( 'NONE', #1040 ) ;
#3777 = DIRECTION ( 'NONE',  ( -0.0000000000000000000, 1.000000000000000000, 0.0000000000000000000 ) ) ;
#3778 = SURFACE_STYLE_USAGE ( .BOTH. , #289 ) ;
#3779 = VECTOR ( 'NONE', #7080, 1000.000000000000000 ) ;
#3780 = ORIENTED_EDGE ( 'NONE', *, *, #5146, .F. ) ;
#3781 = DIRECTION ( 'NONE',  ( -0.0000000000000000000, -0.0000000000000000000, 1.000000000000000000 ) ) ;
#3782 =( NAMED_UNIT ( * ) PLANE_ANGLE_UNIT ( ) SI_UNIT ( $, .RADIAN. ) );
#3784 = EDGE_LOOP ( 'NONE', ( #4234, #11276, #9605, #8450 ) ) ;
#3783 = FACE_OUTER_BOUND ( 'NONE', #6141, .T. ) ;
#3785 = DIRECTION ( 'NONE',  ( 1.000000000000000000, 0.0000000000000000000, -0.0000000000000000000 ) ) ;
#3786 = DIRECTION ( 'NONE',  ( -1.000000000000000000, 0.0000000000000000000, 0.0000000000000000000 ) ) ;
#3787 = DIRECTION ( 'NONE',  ( 1.000000000000000000, 0.0000000000000000000, -0.0000000000000000000 ) ) ;
#3788 = CARTESIAN_POINT ( 'NONE',  ( -0.1000000000000020040, 6.730000000000000426, 1.000000000000000000 ) ) ;
#3789 = CIRCLE ( 'NONE', #1558, 0.4099999999999989209 ) ;
#3790 = DIRECTION ( 'NONE',  ( 1.000000000000000000, 0.0000000000000000000, -0.0000000000000000000 ) ) ;
#3791 = ORIENTED_EDGE ( 'NONE', *, *, #8198, .F. ) ;
#3792 =( LENGTH_UNIT ( ) NAMED_UNIT ( * ) SI_UNIT ( .MILLI., .METRE. ) );
#3793 = LINE ( 'NONE', #8180, #5177 ) ;
#3794 =( NAMED_UNIT ( * ) SI_UNIT ( $, .STERADIAN. ) SOLID_ANGLE_UNIT ( ) );
#3795 =( GEOMETRIC_REPRESENTATION_CONTEXT ( 3 ) GLOBAL_UNCERTAINTY_ASSIGNED_CONTEXT ( ( #4866 ) ) GLOBAL_UNIT_ASSIGNED_CONTEXT ( ( #1519, #6819, #3218 ) ) REPRESENTATION_CONTEXT ( 'NONE', 'WORKASPACE' ) );
#3796 = SURFACE_STYLE_FILL_AREA ( #1369 ) ;
#3797 = ORIENTED_EDGE ( 'NONE', *, *, #5066, .T. ) ;
#3798 = STYLED_ITEM ( 'NONE', ( #2752 ), #10380 ) ;
#3799 = DIRECTION ( 'NONE',  ( -1.000000000000000000, 0.0000000000000000000, -0.0000000000000000000 ) ) ;
#3800 = CARTESIAN_POINT ( 'NONE',  ( 8.490762904907189323, 0.4749999999999989786, 0.9000000000000001332 ) ) ;
#3801 = ORIENTED_EDGE ( 'NONE', *, *, #6473, .F. ) ;
#3802 = EDGE_LOOP ( 'NONE', ( #10160, #11321, #8432, #3870 ) ) ;
#3803 = LINE ( 'NONE', #8080, #7609 ) ;
#3804 =( GEOMETRIC_REPRESENTATION_CONTEXT ( 3 ) GLOBAL_UNCERTAINTY_ASSIGNED_CONTEXT ( ( #6096 ) ) GLOBAL_UNIT_ASSIGNED_CONTEXT ( ( #5937, #6215, #1675 ) ) REPRESENTATION_CONTEXT ( 'NONE', 'WORKASPACE' ) );
#3805 = VECTOR ( 'NONE', #2914, 1000.000000000000000 ) ;
#3806 = VECTOR ( 'NONE', #2418, 1000.000000000000000 ) ;
#3807 = DIRECTION ( 'NONE',  ( -1.475379434717819995E-16, 1.000000000000000000, 0.0000000000000000000 ) ) ;
#3808 = DIRECTION ( 'NONE',  ( -1.000000000000000000, 0.0000000000000000000, -0.0000000000000000000 ) ) ;
#3809 = UNCERTAINTY_MEASURE_WITH_UNIT (LENGTH_MEASURE( 1.000000000000000082E-05 ), #1537, 'distance_accuracy_value', 'NONE');
#3810 = DIRECTION ( 'NONE',  ( 0.0000000000000000000, 0.0000000000000000000, 1.000000000000000000 ) ) ;
#3811 = COLOUR_RGB ( '',0.4313725490196078649, 0.3490196078431372362, 0.2901960784313725172 ) ;
#3813 = EDGE_LOOP ( 'NONE', ( #3863, #1814, #8507, #5985 ) ) ;
#3812 = DIRECTION ( 'NONE',  ( -0.0000000000000000000, 1.000000000000000000, 0.0000000000000000000 ) ) ;
#3814 = COLOUR_RGB ( '',0.7450980392156862919, 0.7450980392156862919, 0.7450980392156862919 ) ;
#3815 = VECTOR ( 'NONE', #2123, 1000.000000000000000 ) ;
#3816 = ORIENTED_EDGE ( 'NONE', *, *, #3526, .T. ) ;
#3817 = LINE ( 'NONE', #9139, #10375 ) ;
#3818 = DIRECTION ( 'NONE',  ( -0.0000000000000000000, -1.000000000000000000, 0.0000000000000000000 ) ) ;
#3819 = ORIENTED_EDGE ( 'NONE', *, *, #5151, .F. ) ;
#3820 = DIRECTION ( 'NONE',  ( 1.000000000000000000, 0.0000000000000000000, 0.0000000000000000000 ) ) ;
#3821 = VERTEX_POINT ( 'NONE', #204 ) ;
#3822 = PRESENTATION_LAYER_ASSIGNMENT (  '', '', ( #8868 ) ) ;
#3823 = ADVANCED_FACE ( 'NONE', ( #5629 ), #5573, .T. ) ;
#3824 = DIRECTION ( 'NONE',  ( -1.000000000000000000, 0.0000000000000000000, -0.0000000000000000000 ) ) ;
#3825 = DIRECTION ( 'NONE',  ( 1.000000000000000000, 2.775557561562889872E-16, -0.0000000000000000000 ) ) ;
#3826 = EDGE_CURVE ( 'NONE', #7652, #10078, #3803, .T. ) ;
#3827 = LINE ( 'NONE', #105, #8380 ) ;
#3828 = VECTOR ( 'NONE', #1142, 1000.000000000000000 ) ;
#3829 = CARTESIAN_POINT ( 'NONE',  ( 16.00000000000000000, 0.0000000000000000000, 0.9000000000000001332 ) ) ;
#3830 = LINE ( 'NONE', #9155, #885 ) ;
#3831 = EDGE_CURVE ( 'NONE', #8371, #1179, #10765, .T. ) ;
#3832 = ADVANCED_FACE ( 'NONE', ( #6479 ), #10028, .T. ) ;
#3833 = CARTESIAN_POINT ( 'NONE',  ( -1.236502003200893762, -1.062266261133056222, 6.170846977936724542 ) ) ;
#3834 = ORIENTED_EDGE ( 'NONE', *, *, #833, .F. ) ;
#3835 = LINE ( 'NONE', #9158, #2833 ) ;
#3836 = CARTESIAN_POINT ( 'NONE',  ( 9.150000000000000355, 0.7500000000000000000, -0.03500000000000000333 ) ) ;
#3837 = CARTESIAN_POINT ( 'NONE',  ( 0.8750000000000031086, 0.8749999999999990008, 1.000000000000000000 ) ) ;
#3838 = ORIENTED_EDGE ( 'NONE', *, *, #10086, .F. ) ;
#3839 =( NAMED_UNIT ( * ) SI_UNIT ( $, .STERADIAN. ) SOLID_ANGLE_UNIT ( ) );
#3840 = SURFACE_STYLE_FILL_AREA ( #243 ) ;
#3842 = ORIENTED_EDGE ( 'NONE', *, *, #7956, .T. ) ;
#3841 = CARTESIAN_POINT ( 'NONE',  ( 8.900000000000000355, 15.25000000000000000, -0.03500000000000000333 ) ) ;
#3843 = SURFACE_SIDE_STYLE ('',( #5503 ) ) ;
#3844 = CARTESIAN_POINT ( 'NONE',  ( 0.4749999999999974798, 14.34999999999999964, 0.9000000000000001332 ) ) ;
#3845 = DIRECTION ( 'NONE',  ( 0.0000000000000000000, 0.0000000000000000000, -1.000000000000000000 ) ) ;
#3846 = CARTESIAN_POINT ( 'NONE',  ( 8.900000000000000355, 0.7500000000000000000, 0.9000000000000001332 ) ) ;
#3847 = CARTESIAN_POINT ( 'NONE',  ( 0.04299789803470130400, 16.98941052923101580, 6.447218322429332460 ) ) ;
#3848 = ORIENTED_EDGE ( 'NONE', *, *, #1834, .T. ) ;
#3849 = CARTESIAN_POINT ( 'NONE',  ( 15.35594010767585260, 0.6440598923241473983, 2.130940107675850737 ) ) ;
#3850 = LINE ( 'NONE', #2094, #9451 ) ;
#3851 = CARTESIAN_POINT ( 'NONE',  ( -0.1000000000000030864, 11.81000000000000050, 1.000000000000000000 ) ) ;
#3852 = DIRECTION ( 'NONE',  ( 4.426138304153450370E-16, -1.000000000000000000, 0.0000000000000000000 ) ) ;
#3853 = ORIENTED_EDGE ( 'NONE', *, *, #8849, .F. ) ;
#3854 = DIRECTION ( 'NONE',  ( 0.0000000000000000000, 0.0000000000000000000, 1.000000000000000000 ) ) ;
#3856 = ORIENTED_EDGE ( 'NONE', *, *, #4202, .F. ) ;
#3855 = CARTESIAN_POINT ( 'NONE',  ( 0.4749999999999994782, 10.26999999999999957, 0.9000000000000001332 ) ) ;
#3858 = ORIENTED_EDGE ( 'NONE', *, *, #9323, .T. ) ;
#3857 =( LENGTH_UNIT ( ) NAMED_UNIT ( * ) SI_UNIT ( .MILLI., .METRE. ) );
#3859 = DIRECTION ( 'NONE',  ( 2.775557561562889872E-16, -1.000000000000000000, 0.0000000000000000000 ) ) ;
#3860 = CARTESIAN_POINT ( 'NONE',  ( 14.50000000000000000, 12.81000000000000050, -0.1000000000000009076 ) ) ;
#3861 = FILL_AREA_STYLE ('',( #7467 ) ) ;
#3862 = ORIENTED_EDGE ( 'NONE', *, *, #1900, .T. ) ;
#3863 = ORIENTED_EDGE ( 'NONE', *, *, #6460, .T. ) ;
#3864 = VECTOR ( 'NONE', #9029, 1000.000000000000000 ) ;
#3865 =( NAMED_UNIT ( * ) PLANE_ANGLE_UNIT ( ) SI_UNIT ( $, .RADIAN. ) );
#3866 = LINE ( 'NONE', #2808, #1862 ) ;
#3867 = VERTEX_POINT ( 'NONE', #7463 ) ;
#3868 = LINE ( 'NONE', #8090, #2864 ) ;
#3869 = CARTESIAN_POINT ( 'NONE',  ( -3.706236706424449935E-15, 14.34999999999999964, 0.0000000000000000000 ) ) ;
#3870 = ORIENTED_EDGE ( 'NONE', *, *, #4435, .T. ) ;
#3871 = CIRCLE ( 'NONE', #11512, 0.2999999999999991007 ) ;
#3872 = FACE_OUTER_BOUND ( 'NONE', #683, .T. ) ;
#3873 = VECTOR ( 'NONE', #421, 1000.000000000000000 ) ;
#3874 = DIRECTION ( 'NONE',  ( 0.0000000000000000000, 0.0000000000000000000, 1.000000000000000000 ) ) ;
#3875 = FILL_AREA_STYLE_COLOUR ( '', #7121 ) ;
#3876 = SURFACE_SIDE_STYLE ('',( #3242 ) ) ;
#3877 = DIRECTION ( 'NONE',  ( 0.0000000000000000000, 0.0000000000000000000, 1.000000000000000000 ) ) ;
#3878 = VECTOR ( 'NONE', #8562, 1000.000000000000000 ) ;
#3879 =( NAMED_UNIT ( * ) SI_UNIT ( $, .STERADIAN. ) SOLID_ANGLE_UNIT ( ) );
#3880 = CARTESIAN_POINT ( 'NONE',  ( 16.00000000000000000, 11.81000000000000050, 0.0000000000000000000 ) ) ;
#3881 = STYLED_ITEM ( 'NONE', ( #8373 ), #3622 ) ;
#3882 = ADVANCED_FACE ( 'NONE', ( #10146 ), #1342, .T. ) ;
#3883 = CARTESIAN_POINT ( 'NONE',  ( 0.4749999999999969802, 15.52500000000000036, 1.000000000000000000 ) ) ;
#3884 = ORIENTED_EDGE ( 'NONE', *, *, #8483, .T. ) ;
#3885 = DIRECTION ( 'NONE',  ( -0.0000000000000000000, 1.000000000000000000, 0.0000000000000000000 ) ) ;
#3886 = ADVANCED_BREP_SHAPE_REPRESENTATION ( '350A963C-E7DE-4F2B-B421-96D96BF1A69F', ( #6353, #8993 ), #3194 ) ;
#3887 =( NAMED_UNIT ( * ) PLANE_ANGLE_UNIT ( ) SI_UNIT ( $, .RADIAN. ) );
#3888 = AXIS2_PLACEMENT_3D ( 'NONE', #2521, #2844, #3790 ) ;
#3889 = STYLED_ITEM ( 'NONE', ( #1215 ), #8904 ) ;
#3890 = ORIENTED_EDGE ( 'NONE', *, *, #7019, .T. ) ;
#3891 = EDGE_CURVE ( 'NONE', #7515, #5969, #4924, .T. ) ;
#3892 =( LENGTH_UNIT ( ) NAMED_UNIT ( * ) SI_UNIT ( .MILLI., .METRE. ) );
#3893 = PRESENTATION_LAYER_ASSIGNMENT (  '', '', ( #696 ) ) ;
#3894 = VECTOR ( 'NONE', #5541, 1000.000000000000000 ) ;
#3896 = ORIENTED_EDGE ( 'NONE', *, *, #8560, .T. ) ;
#3895 = DIRECTION ( 'NONE',  ( 1.000000000000000000, 0.0000000000000000000, 0.0000000000000000000 ) ) ;
#3897 = EDGE_CURVE ( 'NONE', #7195, #1892, #10195, .T. ) ;
#3898 = DIRECTION ( 'NONE',  ( 0.0000000000000000000, 0.0000000000000000000, 1.000000000000000000 ) ) ;
#3899 = CARTESIAN_POINT ( 'NONE',  ( 14.50000000000000000, 9.269999999999999574, -0.1000000000000000194 ) ) ;
#3900 = COLOUR_RGB ( '',0.1803921568627450955, 0.4627450980392157076, 0.2823529411764705843 ) ;
#3901 =( GEOMETRIC_REPRESENTATION_CONTEXT ( 3 ) GLOBAL_UNCERTAINTY_ASSIGNED_CONTEXT ( ( #8543 ) ) GLOBAL_UNIT_ASSIGNED_CONTEXT ( ( #7706, #2341, #8530 ) ) REPRESENTATION_CONTEXT ( 'NONE', 'WORKASPACE' ) );
#3902 = ADVANCED_FACE ( 'NONE', ( #7576 ), #5785, .T. ) ;
#3903 = FACE_BOUND ( 'NONE', #1626, .T. ) ;
#3904 = EDGE_CURVE ( 'NONE', #7539, #2781, #2458, .T. ) ;
#3905 = ORIENTED_EDGE ( 'NONE', *, *, #74, .F. ) ;
#3906 = VECTOR ( 'NONE', #1177, 1000.000000000000000 ) ;
#3907 = VECTOR ( 'NONE', #2820, 1000.000000000000227 ) ;
#3908 = SURFACE_STYLE_USAGE ( .BOTH. , #3015 ) ;
#3909 = COLOUR_RGB ( '',0.8196078431372548767, 0.7058823529411764053, 0.5254901960784313930 ) ;
#3910 = ORIENTED_EDGE ( 'NONE', *, *, #2605, .T. ) ;
#3911 = LINE ( 'NONE', #4033, #3051 ) ;
#3912 =( NAMED_UNIT ( * ) PLANE_ANGLE_UNIT ( ) SI_UNIT ( $, .RADIAN. ) );
#3913 = ADVANCED_FACE ( 'NONE', ( #7702 ), #11373, .T. ) ;
#3914 = PRESENTATION_LAYER_ASSIGNMENT (  '', '', ( #11136 ) ) ;
#3915 = VERTEX_POINT ( 'NONE', #8718 ) ;
#3916 = VECTOR ( 'NONE', #6476, 1000.000000000000000 ) ;
#3918 = ORIENTED_EDGE ( 'NONE', *, *, #239, .F. ) ;
#3917 =( NAMED_UNIT ( * ) SI_UNIT ( $, .STERADIAN. ) SOLID_ANGLE_UNIT ( ) );
#3919 = CIRCLE ( 'NONE', #1492, 0.3000000000000008771 ) ;
#3920 = EDGE_CURVE ( 'NONE', #1097, #3671, #4393, .T. ) ;
#3921 = LINE ( 'NONE', #4161, #5585 ) ;
#3922 = DIRECTION ( 'NONE',  ( -0.9729828754035628746, 1.191560363988161163E-16, 0.2308772924551368011 ) ) ;
#3923 = PRESENTATION_LAYER_ASSIGNMENT (  '', '', ( #8029 ) ) ;
#3924 = UNCERTAINTY_MEASURE_WITH_UNIT (LENGTH_MEASURE( 1.000000000000000082E-05 ), #337, 'distance_accuracy_value', 'NONE');
#3925 = AXIS2_PLACEMENT_3D ( 'NONE', #5847, #3092, #2916 ) ;
#3926 = FILL_AREA_STYLE_COLOUR ( '', #8387 ) ;
#3927 = CARTESIAN_POINT ( 'NONE',  ( 16.10000000000000142, 12.00999999999999979, 1.000000000000000000 ) ) ;
#3928 = COLOUR_RGB ( '',0.8196078431372548767, 0.7058823529411764053, 0.5254901960784313930 ) ;
#3930 = EDGE_LOOP ( 'NONE', ( #3966, #3345, #4059, #6041 ) ) ;
#3929 =( LENGTH_UNIT ( ) NAMED_UNIT ( * ) SI_UNIT ( .MILLI., .METRE. ) );
#3932 = ORIENTED_EDGE ( 'NONE', *, *, #4636, .T. ) ;
#3931 = CARTESIAN_POINT ( 'NONE',  ( -0.08786796564404120158, 16.68786796564399921, 6.150000000000000355 ) ) ;
#3933 = DIRECTION ( 'NONE',  ( 0.0000000000000000000, 8.131516293641284241E-16, -1.000000000000000000 ) ) ;
#3934 = AXIS2_PLACEMENT_3D ( 'NONE', #7470, #11024, #11083 ) ;
#3935 = EDGE_LOOP ( 'NONE', ( #691, #3038, #9170, #7772 ) ) ;
#3936 = LINE ( 'NONE', #6611, #1767 ) ;
#3937 = SURFACE_SIDE_STYLE ('',( #10104 ) ) ;
#3938 = ORIENTED_EDGE ( 'NONE', *, *, #1191, .F. ) ;
#3939 = MECHANICAL_DESIGN_GEOMETRIC_PRESENTATION_REPRESENTATION (  '', ( #6908 ), #1127 ) ;
#3940 =( NAMED_UNIT ( * ) PLANE_ANGLE_UNIT ( ) SI_UNIT ( $, .RADIAN. ) );
#3941 = CARTESIAN_POINT ( 'NONE',  ( 0.7427496684281538197, 0.9746219925608572421, 2.264122655704557729 ) ) ;
#3942 =( NAMED_UNIT ( * ) PLANE_ANGLE_UNIT ( ) SI_UNIT ( $, .RADIAN. ) );
#3943 = CARTESIAN_POINT ( 'NONE',  ( 8.900000000000002132, 15.91000000000000014, -0.03500000000000000333 ) ) ;
#3944 = PRODUCT_DEFINITION_FORMATION_WITH_SPECIFIED_SOURCE ( 'ANY', '', #3984, .NOT_KNOWN. ) ;
#3945 =( NAMED_UNIT ( * ) SI_UNIT ( $, .STERADIAN. ) SOLID_ANGLE_UNIT ( ) );
#3946 = CARTESIAN_POINT ( 'NONE',  ( 17.37389931491188122, 16.59757310241195327, 6.276090828712819203 ) ) ;
#3947 = CARTESIAN_POINT ( 'NONE',  ( 9.400000000000000355, 15.50000000000000000, 0.9350000000000000533 ) ) ;
#3948 = DIRECTION ( 'NONE',  ( -0.0000000000000000000, -0.0000000000000000000, 1.000000000000000000 ) ) ;
#3949 = STYLED_ITEM ( 'NONE', ( #8027 ), #501 ) ;
#3950 = ORIENTED_EDGE ( 'NONE', *, *, #1528, .T. ) ;
#3951 =( LENGTH_UNIT ( ) NAMED_UNIT ( * ) SI_UNIT ( .MILLI., .METRE. ) );
#3952 = ORIENTED_EDGE ( 'NONE', *, *, #9554, .T. ) ;
#3953 = VECTOR ( 'NONE', #1382, 1000.000000000000000 ) ;
#3954 = DIRECTION ( 'NONE',  ( -0.0000000000000000000, 0.0000000000000000000, 1.000000000000000000 ) ) ;
#3955 = STYLED_ITEM ( 'NONE', ( #5801 ), #7742 ) ;
#3956 = PRESENTATION_LAYER_ASSIGNMENT (  '', '', ( #6929 ) ) ;
#3958 = ORIENTED_EDGE ( 'NONE', *, *, #2903, .T. ) ;
#3957 = FILL_AREA_STYLE ('',( #2945 ) ) ;
#3959 = MECHANICAL_DESIGN_GEOMETRIC_PRESENTATION_REPRESENTATION (  '', ( #9008 ), #7872 ) ;
#3960 = CARTESIAN_POINT ( 'NONE',  ( 12.52500000000000213, 2.149999999999990141, 0.0000000000000000000 ) ) ;
#3961 = LINE ( 'NONE', #2088, #5774 ) ;
#3962 = CARTESIAN_POINT ( 'NONE',  ( 0.05075773499829987906, 16.97350633371362605, 6.431413641829886174 ) ) ;
#3963 = CARTESIAN_POINT ( 'NONE',  ( 0.4749999999999981459, 12.81000000000000050, 1.000000000000000000 ) ) ;
#3964 = AXIS2_PLACEMENT_3D ( 'NONE', #708, #10469, #9078 ) ;
#3965 = CARTESIAN_POINT ( 'NONE',  ( 16.10000000000000142, 1.649999999999989919, 1.000000000000000000 ) ) ;
#3966 = ORIENTED_EDGE ( 'NONE', *, *, #10739, .F. ) ;
#3967 = FACE_OUTER_BOUND ( 'NONE', #3753, .T. ) ;
#3968 = PLANE ( 'NONE',  #6880 ) ;
#3969 = VECTOR ( 'NONE', #3168, 1000.000000000000000 ) ;
#3970 = EDGE_CURVE ( 'NONE', #9707, #3656, #2622, .T. ) ;
#3971 = VECTOR ( 'NONE', #7318, 1000.000000000000000 ) ;
#3972 = CARTESIAN_POINT ( 'NONE',  ( 0.7499999999999990008, 4.389999999999989910, -0.1000000000000000056 ) ) ;
#3973 = CARTESIAN_POINT ( 'NONE',  ( 16.62447618244587488, -1.400802394945846574, 6.222284668644944006 ) ) ;
#3974 = DIRECTION ( 'NONE',  ( 0.0000000000000000000, -0.0000000000000000000, -1.000000000000000000 ) ) ;
#3975 = EDGE_CURVE ( 'NONE', #4282, #971, #1582, .T. ) ;
#3976 = CIRCLE ( 'NONE', #7688, 0.2999999999999991007 ) ;
#3978 = VERTEX_POINT ( 'NONE', #7935 ) ;
#3977 = CARTESIAN_POINT ( 'NONE',  ( -4.038436252074010860E-15, 14.55000000000000071, 1.000000000000000000 ) ) ;
#3979 =( LENGTH_UNIT ( ) NAMED_UNIT ( * ) SI_UNIT ( .MILLI., .METRE. ) );
#3981 = ORIENTED_EDGE ( 'NONE', *, *, #3099, .T. ) ;
#3980 = CARTESIAN_POINT ( 'NONE',  ( -0.1000000000000029754, 9.769999999999999574, 1.000000000000000000 ) ) ;
#3982 = MECHANICAL_DESIGN_GEOMETRIC_PRESENTATION_REPRESENTATION (  '', ( #11030 ), #7120 ) ;
#3983 = SURFACE_STYLE_USAGE ( .BOTH. , #5682 ) ;
#3984 = PRODUCT ( '350A963C-E7DE-4F2B-B421-96D96BF1A69F', '350A963C-E7DE-4F2B-B421-96D96BF1A69F', '', ( #7013 ) ) ;
#3985 = CARTESIAN_POINT ( 'NONE',  ( 0.8749999999999973355, 15.12500000000000000, 1.899999999999999911 ) ) ;
#3986 = ADVANCED_FACE ( 'NONE', ( #11489 ), #11133, .T. ) ;
#3987 = EDGE_CURVE ( 'NONE', #10322, #241, #986, .T. ) ;
#3988 =( GEOMETRIC_REPRESENTATION_CONTEXT ( 3 ) GLOBAL_UNCERTAINTY_ASSIGNED_CONTEXT ( ( #1548 ) ) GLOBAL_UNIT_ASSIGNED_CONTEXT ( ( #4884, #10282, #5126 ) ) REPRESENTATION_CONTEXT ( 'NONE', 'WORKASPACE' ) );
#3989 = ORIENTED_EDGE ( 'NONE', *, *, #10523, .F. ) ;
#3990 = STYLED_ITEM ( 'NONE', ( #5879 ), #1171 ) ;
#3991 = LINE ( 'NONE', #6549, #3424 ) ;
#3992 = CARTESIAN_POINT ( 'NONE',  ( 8.900000000000000355, 15.50000000000000000, -0.03500000000000000333 ) ) ;
#3993 = EDGE_CURVE ( 'NONE', #3821, #3040, #4624, .T. ) ;
#3995 = ORIENTED_EDGE ( 'NONE', *, *, #4902, .F. ) ;
#3994 = CARTESIAN_POINT ( 'NONE',  ( 15.52500000000000036, 0.4749999999999989786, 1.000000000000000000 ) ) ;
#3996 = ORIENTED_EDGE ( 'NONE', *, *, #6866, .T. ) ;
#3997 =( GEOMETRIC_REPRESENTATION_CONTEXT ( 3 ) GLOBAL_UNCERTAINTY_ASSIGNED_CONTEXT ( ( #461 ) ) GLOBAL_UNIT_ASSIGNED_CONTEXT ( ( #2258, #3363, #8700 ) ) REPRESENTATION_CONTEXT ( 'NONE', 'WORKASPACE' ) );
#3998 = VECTOR ( 'NONE', #11203, 1000.000000000000000 ) ;
#3999 = FILL_AREA_STYLE ('',( #5638 ) ) ;
#4000 = MECHANICAL_DESIGN_GEOMETRIC_PRESENTATION_REPRESENTATION (  '', ( #601 ), #9405 ) ;
#4001 = PRESENTATION_STYLE_ASSIGNMENT (( #5739 ) ) ;
#4002 = ORIENTED_EDGE ( 'NONE', *, *, #3202, .T. ) ;
#4003 =( NAMED_UNIT ( * ) SI_UNIT ( $, .STERADIAN. ) SOLID_ANGLE_UNIT ( ) );
#4004 = ORIENTED_EDGE ( 'NONE', *, *, #2683, .T. ) ;
#4005 =( GEOMETRIC_REPRESENTATION_CONTEXT ( 3 ) GLOBAL_UNCERTAINTY_ASSIGNED_CONTEXT ( ( #7011 ) ) GLOBAL_UNIT_ASSIGNED_CONTEXT ( ( #2817, #6269, #1850 ) ) REPRESENTATION_CONTEXT ( 'NONE', 'WORKASPACE' ) );
#4006 = VECTOR ( 'NONE', #1444, 1000.000000000000000 ) ;
#4007 = CARTESIAN_POINT ( 'NONE',  ( 1.090444154610261673, 0.2963601892220679157, 2.122875523201924519 ) ) ;
#4008 = AXIS2_PLACEMENT_3D ( 'NONE', #6558, #5642, #8151 ) ;
#4009 = PRESENTATION_STYLE_ASSIGNMENT (( #641 ) ) ;
#4010 =( NAMED_UNIT ( * ) PLANE_ANGLE_UNIT ( ) SI_UNIT ( $, .RADIAN. ) );
#4011 = VECTOR ( 'NONE', #4293, 1000.000000000000000 ) ;
#4012 = CARTESIAN_POINT ( 'NONE',  ( -1.046517794842400484, -1.179929402683411732, 6.163106187001396563 ) ) ;
#4013 = EDGE_LOOP ( 'NONE', ( #4717, #7457, #2463, #8863, #9797 ) ) ;
#4014 = LINE ( 'NONE', #2248, #9372 ) ;
#4015 = CARTESIAN_POINT ( 'NONE',  ( 16.00000000000000000, 9.269999999999999574, 1.000000000000000000 ) ) ;
#4016 = PRESENTATION_STYLE_ASSIGNMENT (( #6675 ) ) ;
#4017 = VERTEX_POINT ( 'NONE', #6288 ) ;
#4018 = DIRECTION ( 'NONE',  ( 0.0000000000000000000, 1.000000000000000000, 0.0000000000000000000 ) ) ;
#4019 = FILL_AREA_STYLE_COLOUR ( '', #8802 ) ;
#4020 = AXIS2_PLACEMENT_3D ( 'NONE', #4732, #5668, #6631 ) ;
#4022 = VERTEX_POINT ( 'NONE', #7996 ) ;
#4021 = DIRECTION ( 'NONE',  ( -1.000000000000000000, 0.0000000000000000000, -0.0000000000000000000 ) ) ;
#4023 = LINE ( 'NONE', #5766, #2338 ) ;
#4024 = CARTESIAN_POINT ( 'NONE',  ( -1.168114353912246495, 15.91789663620198425, 6.292788944843388244 ) ) ;
#4025 = CARTESIAN_POINT ( 'NONE',  ( 14.50000000000000000, 2.649999999999990141, -0.1000000000000002415 ) ) ;
#4026 = CARTESIAN_POINT ( 'NONE',  ( 0.02329703753469052757, 17.14375597602062129, 6.292788944843388244 ) ) ;
#4027 = SURFACE_SIDE_STYLE ('',( #4906 ) ) ;
#4028 = VERTEX_POINT ( 'NONE', #10771 ) ;
#4029 = CARTESIAN_POINT ( 'NONE',  ( 15.02537800743914254, 0.5108773442954375188, 2.032250331571850754 ) ) ;
#4030 = PLANE ( 'NONE',  #11023 ) ;
#4031 = LINE ( 'NONE', #8464, #9698 ) ;
#4032 = EDGE_LOOP ( 'NONE', ( #8770, #7833, #7357, #11091, #5124, #112 ) ) ;
#4033 = CARTESIAN_POINT ( 'NONE',  ( -3.608224830031760334E-15, 12.81000000000000050, 1.000000000000000000 ) ) ;
#4034 = PLANE ( 'NONE',  #9369 ) ;
#4036 = ORIENTED_EDGE ( 'NONE', *, *, #8547, .F. ) ;
#4035 =( LENGTH_UNIT ( ) NAMED_UNIT ( * ) SI_UNIT ( .MILLI., .METRE. ) );
#4037 = PLANE ( 'NONE',  #1587 ) ;
#4038 = ORIENTED_EDGE ( 'NONE', *, *, #3757, .F. ) ;
#4039 = ADVANCED_FACE ( 'NONE', ( #3565 ), #5334, .F. ) ;
#4040 = DIRECTION ( 'NONE',  ( 0.0000000000000000000, -0.0000000000000000000, 1.000000000000000000 ) ) ;
#4041 = PRESENTATION_STYLE_ASSIGNMENT (( #11264 ) ) ;
#4042 = ADVANCED_FACE ( 'NONE', ( #7156 ), #2439, .T. ) ;
#4043 = DIRECTION ( 'NONE',  ( -0.0000000000000000000, -1.000000000000000000, -0.0000000000000000000 ) ) ;
#4044 = UNCERTAINTY_MEASURE_WITH_UNIT (LENGTH_MEASURE( 1.000000000000000082E-05 ), #2183, 'distance_accuracy_value', 'NONE');
#4045 = ORIENTED_EDGE ( 'NONE', *, *, #7462, .T. ) ;
#4046 = DIRECTION ( 'NONE',  ( 1.000000000000000000, -0.0000000000000000000, 0.0000000000000000000 ) ) ;
#4047 = FILL_AREA_STYLE ('',( #4928 ) ) ;
#4048 = CIRCLE ( 'NONE', #3482, 0.4100000000000006417 ) ;
#4050 = VERTEX_POINT ( 'NONE', #4904 ) ;
#4049 = FACE_OUTER_BOUND ( 'NONE', #5265, .T. ) ;
#4051 = EDGE_CURVE ( 'NONE', #849, #3265, #9338, .T. ) ;
#4052 = EDGE_CURVE ( 'NONE', #585, #10153, #8459, .T. ) ;
#4053 = ORIENTED_EDGE ( 'NONE', *, *, #3380, .T. ) ;
#4054 = SURFACE_STYLE_FILL_AREA ( #3999 ) ;
#4055 = ADVANCED_FACE ( 'NONE', ( #6527, #3903, #1258, #2434, #4241 ), #1147, .F. ) ;
#4056 = DIRECTION ( 'NONE',  ( 0.0000000000000000000, -0.0000000000000000000, 1.000000000000000000 ) ) ;
#4057 = ORIENTED_EDGE ( 'NONE', *, *, #3050, .F. ) ;
#4058 = DIRECTION ( 'NONE',  ( 0.0000000000000000000, 0.0000000000000000000, -1.000000000000000000 ) ) ;
#4059 = ORIENTED_EDGE ( 'NONE', *, *, #11014, .F. ) ;
#4060 = EDGE_CURVE ( 'NONE', #2348, #5016, #2120, .T. ) ;
#4061 = AXIS2_PLACEMENT_3D ( 'NONE', #3303, #2254, #469 ) ;
#4062 = UNCERTAINTY_MEASURE_WITH_UNIT (LENGTH_MEASURE( 1.000000000000000082E-05 ), #5968, 'distance_accuracy_value', 'NONE');
#4063 = FILL_AREA_STYLE ('',( #8494 ) ) ;
#4064 = CARTESIAN_POINT ( 'NONE',  ( 0.6440598923241536156, 0.6440598923241476204, 2.130940107675849848 ) ) ;
#4065 =( LENGTH_UNIT ( ) NAMED_UNIT ( * ) SI_UNIT ( .MILLI., .METRE. ) );
#4066 =( LENGTH_UNIT ( ) NAMED_UNIT ( * ) SI_UNIT ( .MILLI., .METRE. ) );
#4067 = PRESENTATION_STYLE_ASSIGNMENT (( #8383 ) ) ;
#4068 = FACE_OUTER_BOUND ( 'NONE', #4761, .T. ) ;
#4069 = VECTOR ( 'NONE', #7291, 1000.000000000000000 ) ;
#4070 = LINE ( 'NONE', #3111, #7987 ) ;
#4071 =( LENGTH_UNIT ( ) NAMED_UNIT ( * ) SI_UNIT ( .MILLI., .METRE. ) );
#4072 = VERTEX_POINT ( 'NONE', #10179 ) ;
#4073 = LINE ( 'NONE', #410, #7123 ) ;
#4074 = FILL_AREA_STYLE ('',( #3183 ) ) ;
#4075 = ORIENTED_EDGE ( 'NONE', *, *, #1241, .F. ) ;
#4076 = DIRECTION ( 'NONE',  ( 4.426138304153450370E-16, -1.000000000000000000, 0.0000000000000000000 ) ) ;
#4077 = DIRECTION ( 'NONE',  ( 0.0000000000000000000, 0.0000000000000000000, 1.000000000000000000 ) ) ;
#4078 = STYLED_ITEM ( 'NONE', ( #9626 ), #8332 ) ;
#4079 = CIRCLE ( 'NONE', #7211, 0.3000000000000016542 ) ;
#4080 = DIRECTION ( 'NONE',  ( 0.0000000000000000000, 0.0000000000000000000, 1.000000000000000000 ) ) ;
#4081 = VECTOR ( 'NONE', #4811, 1000.000000000000000 ) ;
#4082 = CARTESIAN_POINT ( 'NONE',  ( 15.52499999999999858, 9.269999999999999574, 0.9999999999999993339 ) ) ;
#4083 = ORIENTED_EDGE ( 'NONE', *, *, #5284, .T. ) ;
#4084 = CARTESIAN_POINT ( 'NONE',  ( 14.93707430880179921, 0.7071614036221897104, 2.506158274189995261 ) ) ;
#4085 = VECTOR ( 'NONE', #4537, 1000.000000000000000 ) ;
#4086 = CARTESIAN_POINT ( 'NONE',  ( 16.00000000000000000, 9.769999999999999574, -21.65413869472860142 ) ) ;
#4087 = STYLED_ITEM ( 'NONE', ( #10984 ), #3315 ) ;
#4088 = MECHANICAL_DESIGN_GEOMETRIC_PRESENTATION_REPRESENTATION (  '', ( #696 ), #3135 ) ;
#4089 = VERTEX_POINT ( 'NONE', #2148 ) ;
#4090 = FILL_AREA_STYLE_COLOUR ( '', #5860 ) ;
#4091 = DIRECTION ( 'NONE',  ( -0.0000000000000000000, 0.0000000000000000000, 1.000000000000000000 ) ) ;
#4093 = VERTEX_POINT ( 'NONE', #3963 ) ;
#4092 = SURFACE_SIDE_STYLE ('',( #2157 ) ) ;
#4094 = DIRECTION ( 'NONE',  ( -0.0000000000000000000, -0.0000000000000000000, -1.000000000000000000 ) ) ;
#4095 = MECHANICAL_DESIGN_GEOMETRIC_PRESENTATION_REPRESENTATION (  '', ( #7051 ), #8006 ) ;
#4096 = CIRCLE ( 'NONE', #8377, 0.2999999999999999889 ) ;
#4098 = ORIENTED_EDGE ( 'NONE', *, *, #6050, .T. ) ;
#4097 = SURFACE_SIDE_STYLE ('',( #487 ) ) ;
#4099 = CIRCLE ( 'NONE', #10414, 0.2999999999999999334 ) ;
#4100 = AXIS2_PLACEMENT_3D ( 'NONE', #1236, #8623, #3171 ) ;
#4101 = FILL_AREA_STYLE_COLOUR ( '', #1851 ) ;
#4102 = FILL_AREA_STYLE_COLOUR ( '', #1172 ) ;
#4103 = CARTESIAN_POINT ( 'NONE',  ( 0.7499999999999960032, 15.15000000000000036, -0.1000000000000000056 ) ) ;
#4104 =( GEOMETRIC_REPRESENTATION_CONTEXT ( 3 ) GLOBAL_UNCERTAINTY_ASSIGNED_CONTEXT ( ( #2229 ) ) GLOBAL_UNIT_ASSIGNED_CONTEXT ( ( #5960, #9466, #3331 ) ) REPRESENTATION_CONTEXT ( 'NONE', 'WORKASPACE' ) );
#4105 = DIRECTION ( 'NONE',  ( -1.000000000000000000, -1.470494072351200091E-16, -0.0000000000000000000 ) ) ;
#4106 = FILL_AREA_STYLE_COLOUR ( '', #7325 ) ;
#4107 = VERTEX_POINT ( 'NONE', #4360 ) ;
#4108 = VECTOR ( 'NONE', #1062, 1000.000000000000000 ) ;
#4109 = STYLED_ITEM ( 'NONE', ( #2056 ), #5275 ) ;
#4111 = ORIENTED_EDGE ( 'NONE', *, *, #2170, .F. ) ;
#4110 = LINE ( 'NONE', #1407, #9182 ) ;
#4112 = EDGE_CURVE ( 'NONE', #5046, #8371, #11344, .T. ) ;
#4113 = VERTEX_POINT ( 'NONE', #1730 ) ;
#4114 = DIRECTION ( 'NONE',  ( 0.0000000000000000000, 0.0000000000000000000, -1.000000000000000000 ) ) ;
#4115 = UNCERTAINTY_MEASURE_WITH_UNIT (LENGTH_MEASURE( 1.000000000000000082E-05 ), #7451, 'distance_accuracy_value', 'NONE');
#4116 = ORIENTED_EDGE ( 'NONE', *, *, #7166, .F. ) ;
#4117 = AXIS2_PLACEMENT_3D ( 'NONE', #6208, #3523, #11338 ) ;
#4118 =( LENGTH_UNIT ( ) NAMED_UNIT ( * ) SI_UNIT ( .MILLI., .METRE. ) );
#4119 = LINE ( 'NONE', #11550, #8735 ) ;
#4120 =( GEOMETRIC_REPRESENTATION_CONTEXT ( 3 ) GLOBAL_UNCERTAINTY_ASSIGNED_CONTEXT ( ( #10792 ) ) GLOBAL_UNIT_ASSIGNED_CONTEXT ( ( #2039, #6160, #7970 ) ) REPRESENTATION_CONTEXT ( 'NONE', 'WORKASPACE' ) );
#4121 = FILL_AREA_STYLE_COLOUR ( '', #4280 ) ;
#4122 = VERTEX_POINT ( 'NONE', #7963 ) ;
#4123 = CARTESIAN_POINT ( 'NONE',  ( 0.8617891222494942216, 0.6294747994923611811, 2.334084244769403238 ) ) ;
#4124 = EDGE_CURVE ( 'NONE', #6709, #3157, #5152, .T. ) ;
#4125 = CARTESIAN_POINT ( 'NONE',  ( 9.400000000000000355, 15.25000000000000000, 0.9000000000000001332 ) ) ;
#4126 = CARTESIAN_POINT ( 'NONE',  ( 11.76250000000000107, 15.12500000000000000, 2.299999999999999822 ) ) ;
#4127 = EDGE_CURVE ( 'NONE', #3448, #8999, #4480, .T. ) ;
#4128 = PLANE ( 'NONE',  #8016 ) ;
#4129 = DIRECTION ( 'NONE',  ( -1.000000000000000000, 0.0000000000000000000, 0.0000000000000000000 ) ) ;
#4130 = PLANE ( 'NONE',  #5458 ) ;
#4131 = DIRECTION ( 'NONE',  ( 0.0000000000000000000, -0.0000000000000000000, 1.000000000000000000 ) ) ;
#4132 = ORIENTED_EDGE ( 'NONE', *, *, #7680, .F. ) ;
#4133 = EDGE_CURVE ( 'NONE', #3325, #10563, #881, .T. ) ;
#4134 = CARTESIAN_POINT ( 'NONE',  ( 9.116133794986950534, 7.949425259095814766, 7.464825102450938665 ) ) ;
#4135 = ADVANCED_FACE ( 'NONE', ( #11468 ), #6157, .T. ) ;
#4136 = SURFACE_SIDE_STYLE ('',( #2075 ) ) ;
#4137 = DIRECTION ( 'NONE',  ( -0.0000000000000000000, 0.0000000000000000000, 1.000000000000000000 ) ) ;
#4138 = AXIS2_PLACEMENT_3D ( 'NONE', #8940, #9639, #6937 ) ;
#4139 = DIRECTION ( 'NONE',  ( 0.0000000000000000000, -0.0000000000000000000, 1.000000000000000000 ) ) ;
#4140 = ADVANCED_FACE ( 'NONE', ( #1790 ), #5357, .T. ) ;
#4141 = DIRECTION ( 'NONE',  ( -0.0000000000000000000, -0.0000000000000000000, 1.000000000000000000 ) ) ;
#4142 = FILL_AREA_STYLE ('',( #8511 ) ) ;
#4143 = PLANE ( 'NONE',  #7816 ) ;
#4144 = VECTOR ( 'NONE', #6091, 1000.000000000000000 ) ;
#4145 = DIRECTION ( 'NONE',  ( 0.0000000000000000000, 0.0000000000000000000, 1.000000000000000000 ) ) ;
#4146 = ORIENTED_EDGE ( 'NONE', *, *, #10026, .T. ) ;
#4147 = CARTESIAN_POINT ( 'NONE',  ( 15.26166058554496807, 0.5497803701932610920, 2.130940107675852069 ) ) ;
#4148 = PLANE ( 'NONE',  #7114 ) ;
#4149 = DIRECTION ( 'NONE',  ( -0.0000000000000000000, -0.0000000000000000000, -1.000000000000000000 ) ) ;
#4150 = VECTOR ( 'NONE', #10291, 1000.000000000000000 ) ;
#4151 = ORIENTED_EDGE ( 'NONE', *, *, #1983, .T. ) ;
#4152 = VECTOR ( 'NONE', #10578, 1000.000000000000000 ) ;
#4153 = MECHANICAL_DESIGN_GEOMETRIC_PRESENTATION_REPRESENTATION (  '', ( #6368 ), #1530 ) ;
#4154 = CARTESIAN_POINT ( 'NONE',  ( 17.06226626113305045, -1.236502003200897759, 6.170846977936712996 ) ) ;
#4156 = VERTEX_POINT ( 'NONE', #1666 ) ;
#4155 = CARTESIAN_POINT ( 'NONE',  ( 0.0000000000000000000, 0.0000000000000000000, 0.0000000000000000000 ) ) ;
#4157 = FILL_AREA_STYLE_COLOUR ( '', #6060 ) ;
#4159 = EDGE_LOOP ( 'NONE', ( #7837, #3353, #4180, #981 ) ) ;
#4158 = DIRECTION ( 'NONE',  ( -1.000000000000000000, 0.0000000000000000000, -0.0000000000000000000 ) ) ;
#4160 =( GEOMETRIC_REPRESENTATION_CONTEXT ( 3 ) GLOBAL_UNCERTAINTY_ASSIGNED_CONTEXT ( ( #3411 ) ) GLOBAL_UNIT_ASSIGNED_CONTEXT ( ( #3951, #2137, #3061 ) ) REPRESENTATION_CONTEXT ( 'NONE', 'WORKASPACE' ) );
#4161 = CARTESIAN_POINT ( 'NONE',  ( 16.00000000000000000, 8.000000000000000000, 0.9000000000000001332 ) ) ;
#4162 = AXIS2_PLACEMENT_3D ( 'NONE', #6244, #7941, #6417 ) ;
#4163 = FACE_OUTER_BOUND ( 'NONE', #2681, .T. ) ;
#4164 = PLANE ( 'NONE',  #5950 ) ;
#4165 = UNCERTAINTY_MEASURE_WITH_UNIT (LENGTH_MEASURE( 1.000000000000000082E-05 ), #7020, 'distance_accuracy_value', 'NONE');
#4166 = CARTESIAN_POINT ( 'NONE',  ( 15.49823920357786911, 0.8575250839981326534, 2.095357059789866305 ) ) ;
#4167 = CIRCLE ( 'NONE', #6749, 0.4100000000000006417 ) ;
#4168 = SURFACE_SIDE_STYLE ('',( #4278 ) ) ;
#4169 = VERTEX_POINT ( 'NONE', #3412 ) ;
#4170 = VERTEX_POINT ( 'NONE', #6966 ) ;
#4171 = VECTOR ( 'NONE', #11043, 1000.000000000000000 ) ;
#4173 = ORIENTED_EDGE ( 'NONE', *, *, #6892, .T. ) ;
#4172 = DIRECTION ( 'NONE',  ( 0.0000000000000000000, 0.0000000000000000000, 1.000000000000000000 ) ) ;
#4174 = CARTESIAN_POINT ( 'NONE',  ( 8.000000000000000000, 4.190000000000000391, 0.9000000000000001332 ) ) ;
#4175 = LINE ( 'NONE', #10101, #887 ) ;
#4176 = ORIENTED_EDGE ( 'NONE', *, *, #11313, .T. ) ;
#4177 = CARTESIAN_POINT ( 'NONE',  ( 9.039881298834862022, 7.253501796784883382, 6.950000000000000178 ) ) ;
#4178 =( LENGTH_UNIT ( ) NAMED_UNIT ( * ) SI_UNIT ( .MILLI., .METRE. ) );
#4179 = CARTESIAN_POINT ( 'NONE',  ( 9.400000000000000355, 15.50000000000000000, 0.9350000000000000533 ) ) ;
#4180 = ORIENTED_EDGE ( 'NONE', *, *, #4333, .F. ) ;
#4181 = UNCERTAINTY_MEASURE_WITH_UNIT (LENGTH_MEASURE( 1.000000000000000082E-05 ), #92, 'distance_accuracy_value', 'NONE');
#4182 = SURFACE_SIDE_STYLE ('',( #5922 ) ) ;
#4183 = LINE ( 'NONE', #1722, #2522 ) ;
#4184 = AXIS2_PLACEMENT_3D ( 'NONE', #5057, #6089, #7780 ) ;
#4185 = AXIS2_PLACEMENT_3D ( 'NONE', #4199, #7856, #3480 ) ;
#4186 = MECHANICAL_DESIGN_GEOMETRIC_PRESENTATION_REPRESENTATION (  '', ( #5675 ), #11042 ) ;
#4187 = CARTESIAN_POINT ( 'NONE',  ( 16.00000000000000000, 12.00999999999999979, 1.000000000000000444 ) ) ;
#4188 = SURFACE_STYLE_FILL_AREA ( #11286 ) ;
#4189 = EDGE_CURVE ( 'NONE', #2410, #1991, #6435, .T. ) ;
#4190 = DIRECTION ( 'NONE',  ( 0.0000000000000000000, 0.0000000000000000000, 1.000000000000000000 ) ) ;
#4191 = MECHANICAL_DESIGN_GEOMETRIC_PRESENTATION_REPRESENTATION (  '', ( #6412 ), #4005 ) ;
#4192 = CARTESIAN_POINT ( 'NONE',  ( 16.00000000000000000, 10.07000000000000028, 1.000000000000000000 ) ) ;
#4193 = ORIENTED_EDGE ( 'NONE', *, *, #1186, .F. ) ;
#4194 = CARTESIAN_POINT ( 'NONE',  ( 15.25000000000000000, 2.450000000000000178, 1.000000000000000000 ) ) ;
#4195 = AXIS2_PLACEMENT_3D ( 'NONE', #8545, #11089, #6657 ) ;
#4196 = CARTESIAN_POINT ( 'NONE',  ( 0.2999999999999962697, 14.84999999999999964, -21.65413869472860142 ) ) ;
#4197 = DIRECTION ( 'NONE',  ( 1.000000000000000000, 0.0000000000000000000, 0.0000000000000000000 ) ) ;
#4198 = DIRECTION ( 'NONE',  ( 0.0000000000000000000, 0.0000000000000000000, -1.000000000000000000 ) ) ;
#4199 = CARTESIAN_POINT ( 'NONE',  ( 16.00000000000000000, 4.690000000000000391, 1.000000000000000888 ) ) ;
#4200 = AXIS2_PLACEMENT_3D ( 'NONE', #4719, #8290, #2138 ) ;
#4201 = CARTESIAN_POINT ( 'NONE',  ( -1.110223024625188341E-16, 0.3999999999999889200, 0.0000000000000000000 ) ) ;
#4202 = EDGE_CURVE ( 'NONE', #4169, #3385, #818, .T. ) ;
#4203 = STYLED_ITEM ( 'NONE', ( #1882 ), #6198 ) ;
#4204 = CARTESIAN_POINT ( 'NONE',  ( 14.50000000000000000, 5.190000000000000391, 1.000000000000000000 ) ) ;
#4205 = CARTESIAN_POINT ( 'NONE',  ( 8.000000000000000000, 8.000000000000000000, 0.9000000000000001332 ) ) ;
#4206 = EDGE_CURVE ( 'NONE', #9255, #828, #3868, .T. ) ;
#4207 = PRESENTATION_LAYER_ASSIGNMENT (  '', '', ( #4585 ) ) ;
#4208 = FILL_AREA_STYLE ('',( #6747 ) ) ;
#4209 = VERTEX_POINT ( 'NONE', #7358 ) ;
#4210 = EDGE_CURVE ( 'NONE', #3978, #9546, #46, .T. ) ;
#4211 = SURFACE_STYLE_FILL_AREA ( #6925 ) ;
#4212 = EDGE_CURVE ( 'NONE', #5849, #10925, #9988, .T. ) ;
#4213 = VECTOR ( 'NONE', #10513, 1000.000000000000000 ) ;
#4214 = ORIENTED_EDGE ( 'NONE', *, *, #1775, .T. ) ;
#4215 = FACE_OUTER_BOUND ( 'NONE', #5765, .T. ) ;
#4216 = LINE ( 'NONE', #10316, #4575 ) ;
#4218 = ORIENTED_EDGE ( 'NONE', *, *, #821, .F. ) ;
#4217 = PRESENTATION_STYLE_ASSIGNMENT (( #733 ) ) ;
#4219 = PLANE ( 'NONE',  #6152 ) ;
#4220 = DIRECTION ( 'NONE',  ( 0.0000000000000000000, 0.0000000000000000000, 1.000000000000000000 ) ) ;
#4221 = PLANE ( 'NONE',  #8843 ) ;
#4222 = CARTESIAN_POINT ( 'NONE',  ( 0.2999999999999986566, 4.689999999999990621, 1.000000000000000888 ) ) ;
#4223 = CARTESIAN_POINT ( 'NONE',  ( 15.12500000000000000, 0.4749999999999989231, 0.9000000000000001332 ) ) ;
#4224 = ORIENTED_EDGE ( 'NONE', *, *, #376, .F. ) ;
#4225 = DIRECTION ( 'NONE',  ( 0.0000000000000000000, -1.000000000000000000, 0.0000000000000000000 ) ) ;
#4226 = ORIENTED_EDGE ( 'NONE', *, *, #6304, .T. ) ;
#4228 = VERTEX_POINT ( 'NONE', #9254 ) ;
#4227 = FILL_AREA_STYLE_COLOUR ( '', #1731 ) ;
#4229 = ORIENTED_EDGE ( 'NONE', *, *, #4402, .T. ) ;
#4230 = CARTESIAN_POINT ( 'NONE',  ( -0.1000000000000030032, 9.269999999999999574, 1.000000000000000000 ) ) ;
#4231 =( NAMED_UNIT ( * ) SI_UNIT ( $, .STERADIAN. ) SOLID_ANGLE_UNIT ( ) );
#4232 = EDGE_LOOP ( 'NONE', ( #10240, #7575, #1754, #8416, #5737 ) ) ;
#4233 = DIRECTION ( 'NONE',  ( -1.000000000000000000, 2.220446049250309925E-15, 0.0000000000000000000 ) ) ;
#4234 = ORIENTED_EDGE ( 'NONE', *, *, #8909, .T. ) ;
#4235 = SURFACE_SIDE_STYLE ('',( #10566 ) ) ;
#4236 =( NAMED_UNIT ( * ) PLANE_ANGLE_UNIT ( ) SI_UNIT ( $, .RADIAN. ) );
#4237 = VERTEX_POINT ( 'NONE', #7299 ) ;
#4238 = FACE_BOUND ( 'NONE', #8604, .T. ) ;
#4239 = CARTESIAN_POINT ( 'NONE',  ( 16.00000000000000000, 4.990000000000000213, 1.000000000000000444 ) ) ;
#4240 = PRESENTATION_LAYER_ASSIGNMENT (  '', '', ( #7962 ) ) ;
#4241 = FACE_OUTER_BOUND ( 'NONE', #9582, .T. ) ;
#4242 = CARTESIAN_POINT ( 'NONE',  ( 0.4749999999999969802, 15.52500000000000036, 0.9000000000000001332 ) ) ;
#4243 = ORIENTED_EDGE ( 'NONE', *, *, #6443, .F. ) ;
#4244 = CARTESIAN_POINT ( 'NONE',  ( 1.500000000000000000, 2.649999999999990141, 0.0000000000000000000 ) ) ;
#4245 = LINE ( 'NONE', #8565, #9729 ) ;
#4246 = FACE_OUTER_BOUND ( 'NONE', #1288, .T. ) ;
#4247 = LINE ( 'NONE', #4957, #2915 ) ;
#4248 = STYLED_ITEM ( 'NONE', ( #7916 ), #7012 ) ;
#4249 = CARTESIAN_POINT ( 'NONE',  ( -0.9000000000000066835, 15.87573593128810501, 6.149999999999999467 ) ) ;
#4250 = DIRECTION ( 'NONE',  ( -0.0000000000000000000, -1.000000000000000000, 0.0000000000000000000 ) ) ;
#4251 = DIRECTION ( 'NONE',  ( 1.000000000000000000, 8.673617379884027583E-16, 0.0000000000000000000 ) ) ;
#4252 = DIRECTION ( 'NONE',  ( -1.000000000000000000, 0.0000000000000000000, 0.0000000000000000000 ) ) ;
#4253 = ORIENTED_EDGE ( 'NONE', *, *, #4754, .T. ) ;
#4254 = SURFACE_SIDE_STYLE ('',( #6064 ) ) ;
#4255 = FILL_AREA_STYLE_COLOUR ( '', #8079 ) ;
#4256 = DIRECTION ( 'NONE',  ( 1.470494072351200091E-16, -1.000000000000000000, 0.0000000000000000000 ) ) ;
#4257 = UNCERTAINTY_MEASURE_WITH_UNIT (LENGTH_MEASURE( 1.000000000000000082E-05 ), #4035, 'distance_accuracy_value', 'NONE');
#4258 = EDGE_CURVE ( 'NONE', #7061, #822, #8272, .T. ) ;
#4259 = MECHANICAL_DESIGN_GEOMETRIC_PRESENTATION_REPRESENTATION (  '', ( #5203 ), #8361 ) ;
#4260 = ORIENTED_EDGE ( 'NONE', *, *, #3897, .T. ) ;
#4261 =( GEOMETRIC_REPRESENTATION_CONTEXT ( 3 ) GLOBAL_UNCERTAINTY_ASSIGNED_CONTEXT ( ( #3238 ) ) GLOBAL_UNIT_ASSIGNED_CONTEXT ( ( #2200, #7686, #9335 ) ) REPRESENTATION_CONTEXT ( 'NONE', 'WORKASPACE' ) );
#4262 = FACE_OUTER_BOUND ( 'NONE', #387, .T. ) ;
#4263 = EDGE_CURVE ( 'NONE', #2226, #327, #219, .T. ) ;
#4264 =( GEOMETRIC_REPRESENTATION_CONTEXT ( 3 ) GLOBAL_UNCERTAINTY_ASSIGNED_CONTEXT ( ( #9547 ) ) GLOBAL_UNIT_ASSIGNED_CONTEXT ( ( #11086, #10209, #9362 ) ) REPRESENTATION_CONTEXT ( 'NONE', 'WORKASPACE' ) );
#4266 = ORIENTED_EDGE ( 'NONE', *, *, #9134, .F. ) ;
#4265 = DIRECTION ( 'NONE',  ( 0.0000000000000000000, 0.0000000000000000000, -1.000000000000000000 ) ) ;
#4268 = ORIENTED_EDGE ( 'NONE', *, *, #8067, .F. ) ;
#4267 = CARTESIAN_POINT ( 'NONE',  ( 16.00000000000000000, 9.269999999999999574, -0.1000000000000000472 ) ) ;
#4269 = EDGE_CURVE ( 'NONE', #5962, #91, #10857, .T. ) ;
#4270 = VECTOR ( 'NONE', #5070, 1000.000000000000000 ) ;
#4271 = CARTESIAN_POINT ( 'NONE',  ( 15.35594010767585260, 15.35594010767584905, 2.130940107675852069 ) ) ;
#4272 = PLANE ( 'NONE',  #4138 ) ;
#4273 = PRESENTATION_STYLE_ASSIGNMENT (( #5957 ) ) ;
#4274 = CARTESIAN_POINT ( 'NONE',  ( 16.10000000000000142, 9.769999999999999574, -0.1000000000000000056 ) ) ;
#4275 = EDGE_CURVE ( 'NONE', #6159, #4107, #1228, .T. ) ;
#4276 = LINE ( 'NONE', #622, #4292 ) ;
#4277 = VERTEX_POINT ( 'NONE', #2066 ) ;
#4278 = SURFACE_STYLE_FILL_AREA ( #1459 ) ;
#4279 = ORIENTED_EDGE ( 'NONE', *, *, #2321, .T. ) ;
#4280 = COLOUR_RGB ( '',0.8196078431372548767, 0.7058823529411764053, 0.5254901960784313930 ) ;
#4282 = VERTEX_POINT ( 'NONE', #4704 ) ;
#4281 = CARTESIAN_POINT ( 'NONE',  ( 9.400000000000000355, 15.09000000000000163, 0.0000000000000000000 ) ) ;
#4283 = ORIENTED_EDGE ( 'NONE', *, *, #2816, .F. ) ;
#4284 = EDGE_CURVE ( 'NONE', #7616, #3097, #271, .T. ) ;
#4285 = VECTOR ( 'NONE', #6918, 1000.000000000000000 ) ;
#4286 = VERTEX_POINT ( 'NONE', #999 ) ;
#4287 = PLANE ( 'NONE',  #8305 ) ;
#4288 = VECTOR ( 'NONE', #1041, 1000.000000000000000 ) ;
#4289 = VERTEX_POINT ( 'NONE', #9933 ) ;
#4290 = VECTOR ( 'NONE', #6701, 1000.000000000000000 ) ;
#4291 = UNCERTAINTY_MEASURE_WITH_UNIT (LENGTH_MEASURE( 1.000000000000000082E-05 ), #9459, 'distance_accuracy_value', 'NONE');
#4292 = VECTOR ( 'NONE', #11268, 1000.000000000000000 ) ;
#4293 = DIRECTION ( 'NONE',  ( 1.000000000000000000, 0.0000000000000000000, -0.0000000000000000000 ) ) ;
#4294 = COLOUR_RGB ( '',0.8196078431372548767, 0.7058823529411764053, 0.5254901960784313930 ) ;
#4295 = ORIENTED_EDGE ( 'NONE', *, *, #892, .F. ) ;
#4296 = PRESENTATION_STYLE_ASSIGNMENT (( #699 ) ) ;
#4297 = SURFACE_SIDE_STYLE ('',( #7180 ) ) ;
#4298 = PRESENTATION_LAYER_ASSIGNMENT (  '', '', ( #9325 ) ) ;
#4299 = CARTESIAN_POINT ( 'NONE',  ( 8.000000000000000000, 7.730000000000000426, 0.0000000000000000000 ) ) ;
#4300 = VECTOR ( 'NONE', #9861, 1000.000000000000000 ) ;
#4301 = PRESENTATION_STYLE_ASSIGNMENT (( #8912 ) ) ;
#4302 = DIRECTION ( 'NONE',  ( 0.0000000000000000000, -1.000000000000000000, 0.0000000000000000000 ) ) ;
#4303 = FILL_AREA_STYLE ('',( #7014 ) ) ;
#4304 = ORIENTED_EDGE ( 'NONE', *, *, #74, .T. ) ;
#4305 = SURFACE_SIDE_STYLE ('',( #3477 ) ) ;
#4306 = CARTESIAN_POINT ( 'NONE',  ( 0.5442810861169241621, 15.35000000000000142, 1.000000000000000000 ) ) ;
#4307 = VECTOR ( 'NONE', #11545, 1000.000000000000000 ) ;
#4308 =( LENGTH_UNIT ( ) NAMED_UNIT ( * ) SI_UNIT ( .MILLI., .METRE. ) );
#4309 = VECTOR ( 'NONE', #10517, 1000.000000000000000 ) ;
#4310 = FILL_AREA_STYLE_COLOUR ( '', #4345 ) ;
#4311 = DIRECTION ( 'NONE',  ( -0.0000000000000000000, -1.000000000000000000, -0.0000000000000000000 ) ) ;
#4312 = CARTESIAN_POINT ( 'NONE',  ( 15.25000000000000000, 1.850000000000000089, 1.000000000000000000 ) ) ;
#4313 = MECHANICAL_DESIGN_GEOMETRIC_PRESENTATION_REPRESENTATION (  '', ( #8795 ), #7452 ) ;
#4314 = DIRECTION ( 'NONE',  ( -1.000000000000000000, 0.0000000000000000000, -0.0000000000000000000 ) ) ;
#4315 = FILL_AREA_STYLE ('',( #3307 ) ) ;
#4316 = DIRECTION ( 'NONE',  ( -1.000000000000000000, -0.0000000000000000000, -0.0000000000000000000 ) ) ;
#4317 = FACE_OUTER_BOUND ( 'NONE', #9766, .T. ) ;
#4318 = DIRECTION ( 'NONE',  ( 1.000000000000000000, 0.0000000000000000000, 0.0000000000000000000 ) ) ;
#4319 = ORIENTED_EDGE ( 'NONE', *, *, #11519, .F. ) ;
#4320 = PRESENTATION_STYLE_ASSIGNMENT (( #7196 ) ) ;
#4321 = FILL_AREA_STYLE ('',( #4255 ) ) ;
#4322 =( NAMED_UNIT ( * ) PLANE_ANGLE_UNIT ( ) SI_UNIT ( $, .RADIAN. ) );
#4323 = AXIS2_PLACEMENT_3D ( 'NONE', #3678, #2843, #7331 ) ;
#4324 = ORIENTED_EDGE ( 'NONE', *, *, #6316, .F. ) ;
#4325 = DIRECTION ( 'NONE',  ( -0.0000000000000000000, -0.0000000000000000000, -1.000000000000000000 ) ) ;
#4326 = DIRECTION ( 'NONE',  ( 1.000000000000000000, -4.336808689942016947E-15, 0.0000000000000000000 ) ) ;
#4327 = VERTEX_POINT ( 'NONE', #10042 ) ;
#4328 = ORIENTED_EDGE ( 'NONE', *, *, #3891, .T. ) ;
#4329 = PRESENTATION_STYLE_ASSIGNMENT (( #5035 ) ) ;
#4330 = CYLINDRICAL_SURFACE ( 'NONE', #4323, 0.3000000000000016542 ) ;
#4331 = STYLED_ITEM ( 'NONE', ( #8580 ), #9752 ) ;
#4332 = DIRECTION ( 'NONE',  ( 1.000000000000000000, 0.0000000000000000000, 0.0000000000000000000 ) ) ;
#4333 = EDGE_CURVE ( 'NONE', #8176, #5875, #7339, .T. ) ;
#4334 = SURFACE_STYLE_FILL_AREA ( #3087 ) ;
#4335 = DIRECTION ( 'NONE',  ( 0.0000000000000000000, 0.0000000000000000000, 1.000000000000000000 ) ) ;
#4336 = VERTEX_POINT ( 'NONE', #7183 ) ;
#4337 = EDGE_CURVE ( 'NONE', #5536, #6031, #9047, .T. ) ;
#4338 = ORIENTED_EDGE ( 'NONE', *, *, #6653, .T. ) ;
#4340 = VERTEX_POINT ( 'NONE', #10974 ) ;
#4339 = DIRECTION ( 'NONE',  ( 0.0000000000000000000, -0.0000000000000000000, -1.000000000000000000 ) ) ;
#4341 = MECHANICAL_DESIGN_GEOMETRIC_PRESENTATION_REPRESENTATION (  '', ( #5089 ), #9559 ) ;
#4342 = EDGE_LOOP ( 'NONE', ( #813, #7202, #9527, #2172 ) ) ;
#4343 = PRESENTATION_LAYER_ASSIGNMENT (  '', '', ( #6368 ) ) ;
#4344 = EDGE_CURVE ( 'NONE', #2481, #9906, #9596, .T. ) ;
#4345 = COLOUR_RGB ( '',0.4313725490196078649, 0.3490196078431372362, 0.2901960784313725172 ) ;
#4346 =( LENGTH_UNIT ( ) NAMED_UNIT ( * ) SI_UNIT ( .MILLI., .METRE. ) );
#4347 = EDGE_CURVE ( 'NONE', #1021, #6021, #7239, .T. ) ;
#4348 = EDGE_LOOP ( 'NONE', ( #7810, #5324, #3082, #10176 ) ) ;
#4349 = FILL_AREA_STYLE ('',( #2635 ) ) ;
#4350 = COLOUR_RGB ( '',1.000000000000000000, 1.000000000000000000, 1.000000000000000000 ) ;
#4351 = ORIENTED_EDGE ( 'NONE', *, *, #437, .T. ) ;
#4352 = EDGE_CURVE ( 'NONE', #2570, #9543, #10806, .T. ) ;
#4353 = MECHANICAL_DESIGN_GEOMETRIC_PRESENTATION_REPRESENTATION (  '', ( #6939 ), #1350 ) ;
#4354 = LINE ( 'NONE', #7899, #3647 ) ;
#4355 = ORIENTED_EDGE ( 'NONE', *, *, #4269, .T. ) ;
#4356 = CARTESIAN_POINT ( 'NONE',  ( -3.774758283725529871E-15, 15.15000000000000036, -0.1000000000000010048 ) ) ;
#4357 = COLOUR_RGB ( '',0.8196078431372548767, 0.7058823529411764053, 0.5254901960784313930 ) ;
#4358 = CARTESIAN_POINT ( 'NONE',  ( 9.150000000000000355, 15.25000000000000000, -0.03500000000000000333 ) ) ;
#4359 = UNCERTAINTY_MEASURE_WITH_UNIT (LENGTH_MEASURE( 1.000000000000000082E-05 ), #1837, 'distance_accuracy_value', 'NONE');
#4360 = CARTESIAN_POINT ( 'NONE',  ( 16.00000000000000000, 9.269999999999999574, 0.0000000000000000000 ) ) ;
#4361 = B_SPLINE_CURVE_WITH_KNOTS ( 'NONE', 3,
 ( #6332, #4607, #3664, #2554, #7025, #11420, #9731, #3423, #6109, #7922, #8044, #11584, #3602, #6167, #5316, #838, #7140, #2711, #4433, #10707 ),
 .UNSPECIFIED., .F., .F.,
 ( 4, 2, 2, 2, 2, 2, 2, 2, 2, 4 ),
 ( 0.003912891786585768680, 0.004157447523247379331, 0.004402003259908989982, 0.004891114733232211284, 0.005380226206555430851, 0.005869337679878650418, 0.006358449153201869986, 0.006847560626525093022, 0.007336672099848314324, 0.007825783573171537361 ),
 .UNSPECIFIED. ) ;
#4362 = CARTESIAN_POINT ( 'NONE',  ( 1.500000000000000000, 7.730000000000000426, 1.000000000000000000 ) ) ;
#4363 = ORIENTED_EDGE ( 'NONE', *, *, #2818, .T. ) ;
#4364 = STYLED_ITEM ( 'NONE', ( #8721 ), #7883 ) ;
#4365 = FACE_OUTER_BOUND ( 'NONE', #10080, .T. ) ;
#4366 = AXIS2_PLACEMENT_3D ( 'NONE', #67, #5444, #14 ) ;
#4367 = SURFACE_STYLE_USAGE ( .BOTH. , #6214 ) ;
#4368 = SURFACE_STYLE_USAGE ( .BOTH. , #10529 ) ;
#4369 = PRESENTATION_STYLE_ASSIGNMENT (( #775 ) ) ;
#4370 = DIRECTION ( 'NONE',  ( 0.0000000000000000000, 0.0000000000000000000, -1.000000000000000000 ) ) ;
#4371 = DIRECTION ( 'NONE',  ( 1.000000000000000000, 0.0000000000000000000, -0.0000000000000000000 ) ) ;
#4372 = CARTESIAN_POINT ( 'NONE',  ( 0.4749999999999969802, 15.52500000000000036, 0.9000000000000001332 ) ) ;
#4373 =( LENGTH_UNIT ( ) NAMED_UNIT ( * ) SI_UNIT ( .MILLI., .METRE. ) );
#4374 = CARTESIAN_POINT ( 'NONE',  ( 17.19999999999999929, 7.999999999999989342, 2.299999999999999822 ) ) ;
#4375 = AXIS2_PLACEMENT_3D ( 'NONE', #8234, #3786, #9164 ) ;
#4376 =( GEOMETRIC_REPRESENTATION_CONTEXT ( 3 ) GLOBAL_UNCERTAINTY_ASSIGNED_CONTEXT ( ( #9294 ) ) GLOBAL_UNIT_ASSIGNED_CONTEXT ( ( #7175, #5351, #3584 ) ) REPRESENTATION_CONTEXT ( 'NONE', 'WORKASPACE' ) );
#4377 = AXIS2_PLACEMENT_3D ( 'NONE', #8593, #1640, #799 ) ;
#4378 = CARTESIAN_POINT ( 'NONE',  ( 15.12500000000000000, 15.12500000000000000, 1.900000000000000133 ) ) ;
#4379 = EDGE_LOOP ( 'NONE', ( #8318, #10746, #2704, #6957 ) ) ;
#4380 = FACE_OUTER_BOUND ( 'NONE', #9883, .T. ) ;
#4381 = CARTESIAN_POINT ( 'NONE',  ( 16.10000000000000142, 2.549999999999990052, 1.000000000000000000 ) ) ;
#4382 = SURFACE_SIDE_STYLE ('',( #8992 ) ) ;
#4383 = ORIENTED_EDGE ( 'NONE', *, *, #10947, .T. ) ;
#4384 = PRESENTATION_LAYER_ASSIGNMENT (  '', '', ( #3431 ) ) ;
#4385 = AXIS2_PLACEMENT_3D ( 'NONE', #6472, #10139, #10021 ) ;
#4386 = LINE ( 'NONE', #8931, #5981 ) ;
#4387 = VECTOR ( 'NONE', #1120, 1000.000000000000000 ) ;
#4389 = VERTEX_POINT ( 'NONE', #9199 ) ;
#4388 = CYLINDRICAL_SURFACE ( 'NONE', #6210, 0.3999999999999993006 ) ;
#4390 = FILL_AREA_STYLE_COLOUR ( '', #619 ) ;
#4391 = CARTESIAN_POINT ( 'NONE',  ( 16.00000000000000000, 9.769999999999999574, -0.1000000000000028644 ) ) ;
#4392 = CARTESIAN_POINT ( 'NONE',  ( 9.400000000000000355, 0.2499999999999999445, 0.0000000000000000000 ) ) ;
#4393 = LINE ( 'NONE', #11262, #6039 ) ;
#4394 = CARTESIAN_POINT ( 'NONE',  ( 0.8617891222494880044, 15.37052520050763604, 2.334084244769397021 ) ) ;
#4395 = AXIS2_PLACEMENT_3D ( 'NONE', #4708, #3825, #5421 ) ;
#4396 = STYLED_ITEM ( 'NONE', ( #7058 ), #4501 ) ;
#4397 = CARTESIAN_POINT ( 'NONE',  ( -3.690190514271664469E-15, 12.60999999999999943, -0.1000000000000014211 ) ) ;
#4398 = CARTESIAN_POINT ( 'NONE',  ( 1.499999999999999556, 8.000000000000000000, 0.0000000000000000000 ) ) ;
#4399 = ORIENTED_EDGE ( 'NONE', *, *, #8832, .F. ) ;
#4400 = CYLINDRICAL_SURFACE ( 'NONE', #1734, 0.3999999999999993006 ) ;
#4401 = EDGE_LOOP ( 'NONE', ( #8252, #10509, #5712, #10044 ) ) ;
#4402 = EDGE_CURVE ( 'NONE', #9543, #365, #8322, .T. ) ;
#4403 = COLOUR_RGB ( '',0.8196078431372548767, 0.7058823529411764053, 0.5254901960784313930 ) ;
#4404 = VERTEX_POINT ( 'NONE', #10103 ) ;
#4405 = EDGE_CURVE ( 'NONE', #11076, #4282, #161, .T. ) ;
#4406 =( LENGTH_UNIT ( ) NAMED_UNIT ( * ) SI_UNIT ( .MILLI., .METRE. ) );
#4407 = SURFACE_STYLE_FILL_AREA ( #4349 ) ;
#4408 = ORIENTED_EDGE ( 'NONE', *, *, #9271, .F. ) ;
#4409 = UNCERTAINTY_MEASURE_WITH_UNIT (LENGTH_MEASURE( 1.000000000000000082E-05 ), #10546, 'distance_accuracy_value', 'NONE');
#4410 = CARTESIAN_POINT ( 'NONE',  ( -0.9000000000000002442, -1.200000000000009726, 6.150000000000000355 ) ) ;
#4411 = EDGE_CURVE ( 'NONE', #5940, #4582, #7477, .T. ) ;
#4412 = CARTESIAN_POINT ( 'NONE',  ( -0.1000000000000020040, 7.529999999999999361, 1.000000000000000000 ) ) ;
#4413 = EDGE_CURVE ( 'NONE', #6573, #8579, #5741, .T. ) ;
#4414 = PRESENTATION_STYLE_ASSIGNMENT (( #7843 ) ) ;
#4415 = EDGE_CURVE ( 'NONE', #4277, #49, #1294, .T. ) ;
#4416 = EDGE_LOOP ( 'NONE', ( #6622, #10206, #1461, #4116, #6591, #3848, #8855, #2468 ) ) ;
#4417 =( LENGTH_UNIT ( ) NAMED_UNIT ( * ) SI_UNIT ( .MILLI., .METRE. ) );
#4418 = FILL_AREA_STYLE_COLOUR ( '', #2298 ) ;
#4419 = ADVANCED_FACE ( 'NONE', ( #6720 ), #508, .T. ) ;
#4420 = EDGE_CURVE ( 'NONE', #2226, #9050, #4877, .T. ) ;
#4421 = LINE ( 'NONE', #1959, #8367 ) ;
#4422 = VECTOR ( 'NONE', #5561, 1000.000000000000000 ) ;
#4423 = VERTEX_POINT ( 'NONE', #4935 ) ;
#4424 = FACE_OUTER_BOUND ( 'NONE', #4379, .T. ) ;
#4425 =( NAMED_UNIT ( * ) PLANE_ANGLE_UNIT ( ) SI_UNIT ( $, .RADIAN. ) );
#4426 =( GEOMETRIC_REPRESENTATION_CONTEXT ( 3 ) GLOBAL_UNCERTAINTY_ASSIGNED_CONTEXT ( ( #11016 ) ) GLOBAL_UNIT_ASSIGNED_CONTEXT ( ( #5980, #7722, #11455 ) ) REPRESENTATION_CONTEXT ( 'NONE', 'WORKASPACE' ) );
#4427 =( NAMED_UNIT ( * ) SI_UNIT ( $, .STERADIAN. ) SOLID_ANGLE_UNIT ( ) );
#4428 = EDGE_CURVE ( 'NONE', #10328, #2169, #5516, .T. ) ;
#4429 = APPLICATION_CONTEXT ( 'automotive_design' ) ;
#4430 = CARTESIAN_POINT ( 'NONE',  ( 15.52499999999999858, 14.34999999999999964, 1.000000000000000000 ) ) ;
#4431 =( LENGTH_UNIT ( ) NAMED_UNIT ( * ) SI_UNIT ( .MILLI., .METRE. ) );
#4432 = CIRCLE ( 'NONE', #9444, 0.2999999999999998779 ) ;
#4433 = CARTESIAN_POINT ( 'NONE',  ( 8.436055259322991162, 8.610786041185193085, 6.500000000000000888 ) ) ;
#4434 =( NAMED_UNIT ( * ) PLANE_ANGLE_UNIT ( ) SI_UNIT ( $, .RADIAN. ) );
#4435 = EDGE_CURVE ( 'NONE', #10510, #9682, #11213, .T. ) ;
#4436 = CARTESIAN_POINT ( 'NONE',  ( 1.500000000000000000, 1.524999999999989919, 1.000000000000000000 ) ) ;
#4437 = CARTESIAN_POINT ( 'NONE',  ( 16.00000000000000000, 14.55000000000000071, -0.1000000000000010048 ) ) ;
#4438 = ORIENTED_EDGE ( 'NONE', *, *, #8835, .F. ) ;
#4439 = FACE_OUTER_BOUND ( 'NONE', #4619, .T. ) ;
#4440 =( LENGTH_UNIT ( ) NAMED_UNIT ( * ) SI_UNIT ( .MILLI., .METRE. ) );
#4441 =( NAMED_UNIT ( * ) PLANE_ANGLE_UNIT ( ) SI_UNIT ( $, .RADIAN. ) );
#4442 = VECTOR ( 'NONE', #4198, 1000.000000000000000 ) ;
#4443 = VERTEX_POINT ( 'NONE', #5855 ) ;
#4444 = CARTESIAN_POINT ( 'NONE',  ( 16.82528350557934971, 16.99918774867888160, 6.423091991778417054 ) ) ;
#4445 = FILL_AREA_STYLE_COLOUR ( '', #3928 ) ;
#4447 = EDGE_LOOP ( 'NONE', ( #2988, #5898, #7832, #10193, #9515, #11372, #9468, #6897, #500 ) ) ;
#4446 = CARTESIAN_POINT ( 'NONE',  ( -0.1000000000000029754, 12.00999999999999979, -0.1000000000000003109 ) ) ;
#4448 = SURFACE_STYLE_USAGE ( .BOTH. , #851 ) ;
#4449 = SURFACE_STYLE_USAGE ( .BOTH. , #7042 ) ;
#4450 = LINE ( 'NONE', #5382, #6337 ) ;
#4451 = VECTOR ( 'NONE', #5138, 1000.000000000000000 ) ;
#4452 = CARTESIAN_POINT ( 'NONE',  ( 15.32035705978986861, 15.49823920357786911, 1.917474916001863594 ) ) ;
#4453 = CYLINDRICAL_SURFACE ( 'NONE', #672, 0.3999999999999993006 ) ;
#4454 = CARTESIAN_POINT ( 'NONE',  ( 8.000000000000000000, 9.269999999999999574, 0.0000000000000000000 ) ) ;
#4455 = ORIENTED_EDGE ( 'NONE', *, *, #2195, .T. ) ;
#4456 = CARTESIAN_POINT ( 'NONE',  ( 15.30388543819998226, 15.12500000000000000, 2.257770876399967985 ) ) ;
#4457 = PRESENTATION_STYLE_ASSIGNMENT (( #1939 ) ) ;
#4459 = ORIENTED_EDGE ( 'NONE', *, *, #4263, .T. ) ;
#4458 =( NAMED_UNIT ( * ) PLANE_ANGLE_UNIT ( ) SI_UNIT ( $, .RADIAN. ) );
#4460 = VECTOR ( 'NONE', #4131, 1000.000000000000000 ) ;
#4461 = VERTEX_POINT ( 'NONE', #6779 ) ;
#4462 = AXIS2_PLACEMENT_3D ( 'NONE', #1798, #6111, #4251 ) ;
#4463 = CARTESIAN_POINT ( 'NONE',  ( 0.03301757643716338175, 17.04437006185444403, 6.408642940192331494 ) ) ;
#4464 = VERTEX_POINT ( 'NONE', #10212 ) ;
#4465 =( GEOMETRIC_REPRESENTATION_CONTEXT ( 3 ) GLOBAL_UNCERTAINTY_ASSIGNED_CONTEXT ( ( #10199 ) ) GLOBAL_UNIT_ASSIGNED_CONTEXT ( ( #4572, #7332, #2726 ) ) REPRESENTATION_CONTEXT ( 'NONE', 'WORKASPACE' ) );
#4466 = CIRCLE ( 'NONE', #8009, 0.3000000000000016542 ) ;
#4467 = STYLED_ITEM ( 'NONE', ( #6095 ), #3483 ) ;
#4468 =( NAMED_UNIT ( * ) PLANE_ANGLE_UNIT ( ) SI_UNIT ( $, .RADIAN. ) );
#4469 = EDGE_CURVE ( 'NONE', #7360, #3324, #3936, .T. ) ;
#4470 = VECTOR ( 'NONE', #9434, 1000.000000000000000 ) ;
#4471 = ORIENTED_EDGE ( 'NONE', *, *, #10286, .F. ) ;
#4472 = SURFACE_STYLE_USAGE ( .BOTH. , #2063 ) ;
#4473 = AXIS2_PLACEMENT_3D ( 'NONE', #1323, #3195, #8514 ) ;
#4474 = VECTOR ( 'NONE', #3644, 1000.000000000000000 ) ;
#4475 = DIRECTION ( 'NONE',  ( -0.0000000000000000000, -0.0000000000000000000, -1.000000000000000000 ) ) ;
#4476 = VECTOR ( 'NONE', #3948, 1000.000000000000000 ) ;
#4477 = CIRCLE ( 'NONE', #1506, 0.2999999999999996003 ) ;
#4478 = EDGE_CURVE ( 'NONE', #5302, #4340, #10337, .T. ) ;
#4479 = AXIS2_PLACEMENT_3D ( 'NONE', #1202, #4790, #8346 ) ;
#4480 = LINE ( 'NONE', #9720, #1367 ) ;
#4481 = PRESENTATION_LAYER_ASSIGNMENT (  '', '', ( #323 ) ) ;
#4482 = ORIENTED_EDGE ( 'NONE', *, *, #5647, .F. ) ;
#4483 = EDGE_CURVE ( 'NONE', #309, #7814, #2336, .T. ) ;
#4484 = DIRECTION ( 'NONE',  ( 0.0000000000000000000, 0.0000000000000000000, -1.000000000000000000 ) ) ;
#4485 = SURFACE_STYLE_FILL_AREA ( #10752 ) ;
#4486 = AXIS2_PLACEMENT_3D ( 'NONE', #3445, #5904, #7763 ) ;
#4487 = EDGE_CURVE ( 'NONE', #11572, #3094, #820, .T. ) ;
#4488 = DIRECTION ( 'NONE',  ( 0.0000000000000000000, 0.0000000000000000000, -1.000000000000000000 ) ) ;
#4489 = VECTOR ( 'NONE', #1941, 1000.000000000000000 ) ;
#4490 = CARTESIAN_POINT ( 'NONE',  ( 9.683448573016448790, 6.743837038414024931, 6.500000000000000000 ) ) ;
#4491 = CARTESIAN_POINT ( 'NONE',  ( 15.12500000000000000, 0.8749999999999990008, 2.299999999999999822 ) ) ;
#4492 = FILL_AREA_STYLE_COLOUR ( '', #9126 ) ;
#4493 = EDGE_CURVE ( 'NONE', #1206, #6640, #689, .T. ) ;
#4494 = ADVANCED_FACE ( 'NONE', ( #6955 ), #3398, .T. ) ;
#4495 = ORIENTED_EDGE ( 'NONE', *, *, #606, .F. ) ;
#4496 = DIRECTION ( 'NONE',  ( -0.0000000000000000000, 0.0000000000000000000, -1.000000000000000000 ) ) ;
#4497 = DIRECTION ( 'NONE',  ( 4.426138304153449877E-16, -1.000000000000000000, 0.0000000000000000000 ) ) ;
#4498 = STYLED_ITEM ( 'NONE', ( #711 ), #5691 ) ;
#4499 =( LENGTH_UNIT ( ) NAMED_UNIT ( * ) SI_UNIT ( .MILLI., .METRE. ) );
#4500 = ORIENTED_EDGE ( 'NONE', *, *, #6894, .T. ) ;
#4501 = ADVANCED_FACE ( 'NONE', ( #3513 ), #4287, .T. ) ;
#4502 = VECTOR ( 'NONE', #1756, 1000.000000000000000 ) ;
#4503 = SURFACE_SIDE_STYLE ('',( #908 ) ) ;
#4505 = ORIENTED_EDGE ( 'NONE', *, *, #5911, .F. ) ;
#4504 =( NAMED_UNIT ( * ) SI_UNIT ( $, .STERADIAN. ) SOLID_ANGLE_UNIT ( ) );
#4506 = FILL_AREA_STYLE_COLOUR ( '', #10292 ) ;
#4507 = VECTOR ( 'NONE', #3257, 1000.000000000000000 ) ;
#4508 = PRESENTATION_STYLE_ASSIGNMENT (( #8937 ) ) ;
#4509 = CARTESIAN_POINT ( 'NONE',  ( 9.400000000000000355, 15.75000000000000000, 0.0000000000000000000 ) ) ;
#4510 = VECTOR ( 'NONE', #8065, 1000.000000000000000 ) ;
#4511 = DIRECTION ( 'NONE',  ( 0.0000000000000000000, -0.0000000000000000000, -1.000000000000000000 ) ) ;
#4512 = DIRECTION ( 'NONE',  ( 0.0000000000000000000, 0.0000000000000000000, 1.000000000000000000 ) ) ;
#4513 = CARTESIAN_POINT ( 'NONE',  ( 15.52499999999999858, 9.269999999999999574, 0.9000000000000001332 ) ) ;
#4514 = DIRECTION ( 'NONE',  ( -0.0000000000000000000, -0.0000000000000000000, -1.000000000000000000 ) ) ;
#4515 = ORIENTED_EDGE ( 'NONE', *, *, #1543, .F. ) ;
#4516 = CARTESIAN_POINT ( 'NONE',  ( 8.000000000000000000, 12.81000000000000050, 0.9000000000000001332 ) ) ;
#4517 = CARTESIAN_POINT ( 'NONE',  ( 8.900000000000000355, 0.09000000000000001055, 0.9350000000000000533 ) ) ;
#4519 = ORIENTED_EDGE ( 'NONE', *, *, #6815, .F. ) ;
#4518 = CARTESIAN_POINT ( 'NONE',  ( -1.143755976020628617, 15.97670296246533184, 6.292788944843390020 ) ) ;
#4520 = ORIENTED_EDGE ( 'NONE', *, *, #5816, .F. ) ;
#4521 = AXIS2_PLACEMENT_3D ( 'NONE', #9604, #6905, #6961 ) ;
#4522 = DIRECTION ( 'NONE',  ( -0.0000000000000000000, -0.0000000000000000000, -1.000000000000000000 ) ) ;
#4523 = VERTEX_POINT ( 'NONE', #11392 ) ;
#4524 = UNCERTAINTY_MEASURE_WITH_UNIT (LENGTH_MEASURE( 1.000000000000000082E-05 ), #10804, 'distance_accuracy_value', 'NONE');
#4525 =( NAMED_UNIT ( * ) SI_UNIT ( $, .STERADIAN. ) SOLID_ANGLE_UNIT ( ) );
#4526 = COLOUR_RGB ( '',0.4313725490196078649, 0.3490196078431372362, 0.2901960784313725172 ) ;
#4527 = FILL_AREA_STYLE_COLOUR ( '', #8127 ) ;
#4528 = CARTESIAN_POINT ( 'NONE',  ( 0.2688417258100125884, 1.062925691198196576, 2.067838596377808091 ) ) ;
#4529 = MECHANICAL_DESIGN_GEOMETRIC_PRESENTATION_REPRESENTATION (  '', ( #2081 ), #1339 ) ;
#4530 = COLOUR_RGB ( '',0.8196078431372548767, 0.7058823529411764053, 0.5254901960784313930 ) ;
#4531 = PRESENTATION_LAYER_ASSIGNMENT (  '', '', ( #10656 ) ) ;
#4532 = EDGE_LOOP ( 'NONE', ( #7940, #7638, #7409, #6833, #6578, #2518, #3406, #1098 ) ) ;
#4533 = CARTESIAN_POINT ( 'NONE',  ( 8.900000000000002132, 15.75000000000000000, 0.9350000000000000533 ) ) ;
#4534 = CARTESIAN_POINT ( 'NONE',  ( 9.400000000000000355, 0.7500000000000000000, 0.0000000000000000000 ) ) ;
#4535 =( LENGTH_UNIT ( ) NAMED_UNIT ( * ) SI_UNIT ( .MILLI., .METRE. ) );
#4536 = AXIS2_PLACEMENT_3D ( 'NONE', #9239, #8657, #2452 ) ;
#4537 = DIRECTION ( 'NONE',  ( 4.426138304153450370E-16, -1.000000000000000000, 0.0000000000000000000 ) ) ;
#4538 = ORIENTED_EDGE ( 'NONE', *, *, #2051, .F. ) ;
#4539 = CIRCLE ( 'NONE', #10097, 0.4100000000000006417 ) ;
#4540 = DIRECTION ( 'NONE',  ( 1.000000000000000000, -0.0000000000000000000, 0.0000000000000000000 ) ) ;
#4541 =( LENGTH_UNIT ( ) NAMED_UNIT ( * ) SI_UNIT ( .MILLI., .METRE. ) );
#4542 = CARTESIAN_POINT ( 'NONE',  ( 15.52499999999999858, 14.34999999999999964, 0.9000000000000001332 ) ) ;
#4543 = CARTESIAN_POINT ( 'NONE',  ( 9.400000000000000355, 15.50000000000000000, 0.0000000000000000000 ) ) ;
#4544 = VECTOR ( 'NONE', #7754, 1000.000000000000000 ) ;
#4545 = CARTESIAN_POINT ( 'NONE',  ( 16.00000000000000000, 10.26999999999999957, 0.9000000000000001332 ) ) ;
#4546 = DIRECTION ( 'NONE',  ( 0.8944271909999161885, 0.4472135954999570950, 0.0000000000000000000 ) ) ;
#4547 = CARTESIAN_POINT ( 'NONE',  ( 0.7500000000000000000, 1.849999999999990097, -0.1000000000000000056 ) ) ;
#4548 = ADVANCED_FACE ( 'NONE', ( #552 ), #1394, .F. ) ;
#4549 = DIRECTION ( 'NONE',  ( -0.0000000000000000000, -0.0000000000000000000, -1.000000000000000000 ) ) ;
#4550 = LINE ( 'NONE', #10871, #1264 ) ;
#4551 = EDGE_CURVE ( 'NONE', #3237, #6159, #7756, .T. ) ;
#4552 = STYLED_ITEM ( 'NONE', ( #9030 ), #10451 ) ;
#4553 = PLANE ( 'NONE',  #11129 ) ;
#4554 = ORIENTED_EDGE ( 'NONE', *, *, #6883, .F. ) ;
#4555 = DIRECTION ( 'NONE',  ( 1.000000000000000000, 0.0000000000000000000, 0.0000000000000000000 ) ) ;
#4556 = MECHANICAL_DESIGN_GEOMETRIC_PRESENTATION_REPRESENTATION (  '', ( #8661 ), #6583 ) ;
#4557 = SURFACE_SIDE_STYLE ('',( #7928 ) ) ;
#4558 = ORIENTED_EDGE ( 'NONE', *, *, #2617, .T. ) ;
#4559 = EDGE_CURVE ( 'NONE', #2268, #5433, #9458, .T. ) ;
#4560 = CARTESIAN_POINT ( 'NONE',  ( 14.50000000000000000, 5.190000000000000391, 1.000000000000000000 ) ) ;
#4561 =( NAMED_UNIT ( * ) PLANE_ANGLE_UNIT ( ) SI_UNIT ( $, .RADIAN. ) );
#4562 = VECTOR ( 'NONE', #6579, 1000.000000000000000 ) ;
#4564 = VERTEX_POINT ( 'NONE', #3209 ) ;
#4563 =( LENGTH_UNIT ( ) NAMED_UNIT ( * ) SI_UNIT ( .MILLI., .METRE. ) );
#4565 = MECHANICAL_DESIGN_GEOMETRIC_PRESENTATION_REPRESENTATION (  '', ( #11253 ), #10497 ) ;
#4566 = SURFACE_STYLE_USAGE ( .BOTH. , #3843 ) ;
#4567 = CARTESIAN_POINT ( 'NONE',  ( 15.55000000000000071, 0.4499999999999928502, 6.450000000000000178 ) ) ;
#4568 = PRESENTATION_LAYER_ASSIGNMENT (  '', '', ( #601 ) ) ;
#4569 = CARTESIAN_POINT ( 'NONE',  ( 16.10000000000000142, 2.450000000000000178, 1.000000000000000000 ) ) ;
#4570 = CARTESIAN_POINT ( 'NONE',  ( 15.35594010767585083, 15.45021962980673180, 2.036660585544968871 ) ) ;
#4571 = LINE ( 'NONE', #6461, #5632 ) ;
#4572 =( LENGTH_UNIT ( ) NAMED_UNIT ( * ) SI_UNIT ( .MILLI., .METRE. ) );
#4573 = EDGE_LOOP ( 'NONE', ( #4788, #1357, #6992, #4701 ) ) ;
#4574 = CARTESIAN_POINT ( 'NONE',  ( 16.10000000000000142, 7.730000000000001315, 1.000000000000000000 ) ) ;
#4575 = VECTOR ( 'NONE', #2331, 1000.000000000000000 ) ;
#4576 = LINE ( 'NONE', #804, #6315 ) ;
#4577 = VECTOR ( 'NONE', #1938, 1000.000000000000000 ) ;
#4578 = LINE ( 'NONE', #8833, #149 ) ;
#4579 = ORIENTED_EDGE ( 'NONE', *, *, #297, .F. ) ;
#4580 =( NAMED_UNIT ( * ) SI_UNIT ( $, .STERADIAN. ) SOLID_ANGLE_UNIT ( ) );
#4581 = DIRECTION ( 'NONE',  ( 0.0000000000000000000, -0.0000000000000000000, 1.000000000000000000 ) ) ;
#4582 = VERTEX_POINT ( 'NONE', #486 ) ;
#4584 = VERTEX_POINT ( 'NONE', #10192 ) ;
#4583 = DIRECTION ( 'NONE',  ( -0.0000000000000000000, -0.0000000000000000000, -1.000000000000000000 ) ) ;
#4585 = STYLED_ITEM ( 'NONE', ( #6182 ), #4692 ) ;
#4586 = LINE ( 'NONE', #2049, #2412 ) ;
#4587 = CARTESIAN_POINT ( 'NONE',  ( 0.7499999999999970024, 9.769999999999999574, -0.1000000000000000056 ) ) ;
#4588 = DIRECTION ( 'NONE',  ( -0.0000000000000000000, -0.0000000000000000000, -1.000000000000000000 ) ) ;
#4589 = CARTESIAN_POINT ( 'NONE',  ( 0.6440598923241530604, 0.6440598923241481755, 2.130940107675849848 ) ) ;
#4590 = CIRCLE ( 'NONE', #3453, 0.3999999999999999667 ) ;
#4591 = SURFACE_STYLE_USAGE ( .BOTH. , #39 ) ;
#4592 = ORIENTED_EDGE ( 'NONE', *, *, #3687, .F. ) ;
#4593 = PLANE ( 'NONE',  #6471 ) ;
#4594 = FILL_AREA_STYLE_COLOUR ( '', #11033 ) ;
#4595 = CARTESIAN_POINT ( 'NONE',  ( -3.649858193455199760E-15, 12.60999999999999943, -0.1000000000000010048 ) ) ;
#4596 = UNCERTAINTY_MEASURE_WITH_UNIT (LENGTH_MEASURE( 1.000000000000000082E-05 ), #3892, 'distance_accuracy_value', 'NONE');
#4597 = ORIENTED_EDGE ( 'NONE', *, *, #2415, .F. ) ;
#4598 = DIRECTION ( 'NONE',  ( -1.659300716151730101E-16, 1.000000000000000000, -0.0000000000000000000 ) ) ;
#4599 = CARTESIAN_POINT ( 'NONE',  ( 14.50000000000000000, 1.649999999999989919, 0.0000000000000000000 ) ) ;
#4600 = VERTEX_POINT ( 'NONE', #4919 ) ;
#4601 = CARTESIAN_POINT ( 'NONE',  ( 8.000000000000000000, 0.08999999999999980238, 0.0000000000000000000 ) ) ;
#4602 =( NAMED_UNIT ( * ) PLANE_ANGLE_UNIT ( ) SI_UNIT ( $, .RADIAN. ) );
#4603 =( NAMED_UNIT ( * ) SI_UNIT ( $, .STERADIAN. ) SOLID_ANGLE_UNIT ( ) );
#4604 = CYLINDRICAL_SURFACE ( 'NONE', #2509, 0.2500000000000002220 ) ;
#4605 = EDGE_CURVE ( 'NONE', #10448, #3978, #4949, .T. ) ;
#4606 = CARTESIAN_POINT ( 'NONE',  ( 16.00000000000000000, 6.929999999999999716, 1.000000000000000444 ) ) ;
#4607 = CARTESIAN_POINT ( 'NONE',  ( 8.518587945581336029, 6.129242658982017922, 6.500000000000000888 ) ) ;
#4608 = LINE ( 'NONE', #1746, #8385 ) ;
#4609 = PLANE ( 'NONE',  #1465 ) ;
#4610 = FILL_AREA_STYLE ('',( #9789 ) ) ;
#4611 = ORIENTED_EDGE ( 'NONE', *, *, #8034, .T. ) ;
#4612 =( NAMED_UNIT ( * ) SI_UNIT ( $, .STERADIAN. ) SOLID_ANGLE_UNIT ( ) );
#4613 =( NAMED_UNIT ( * ) PLANE_ANGLE_UNIT ( ) SI_UNIT ( $, .RADIAN. ) );
#4614 =( NAMED_UNIT ( * ) SI_UNIT ( $, .STERADIAN. ) SOLID_ANGLE_UNIT ( ) );
#4615 = ORIENTED_EDGE ( 'NONE', *, *, #1493, .F. ) ;
#4616 = DIRECTION ( 'NONE',  ( 0.0000000000000000000, -0.0000000000000000000, 1.000000000000000000 ) ) ;
#4617 = DIRECTION ( 'NONE',  ( 0.0000000000000000000, 0.0000000000000000000, -1.000000000000000000 ) ) ;
#4618 = EDGE_CURVE ( 'NONE', #3867, #5496, #1579, .T. ) ;
#4619 = EDGE_LOOP ( 'NONE', ( #2911, #5848, #4800, #9960 ) ) ;
#4620 = SURFACE_STYLE_USAGE ( .BOTH. , #6455 ) ;
#4621 = FACE_OUTER_BOUND ( 'NONE', #5884, .T. ) ;
#4622 = DIRECTION ( 'NONE',  ( -0.0000000000000000000, -0.0000000000000000000, -1.000000000000000000 ) ) ;
#4623 = DIRECTION ( 'NONE',  ( 0.0000000000000000000, -0.0000000000000000000, 1.000000000000000000 ) ) ;
#4624 = LINE ( 'NONE', #11547, #7159 ) ;
#4625 = PRESENTATION_STYLE_ASSIGNMENT (( #1025 ) ) ;
#4626 = SURFACE_SIDE_STYLE ('',( #9856 ) ) ;
#4627 = ORIENTED_EDGE ( 'NONE', *, *, #2109, .T. ) ;
#4628 = VECTOR ( 'NONE', #1138, 1000.000000000000000 ) ;
#4629 = EDGE_CURVE ( 'NONE', #10074, #3456, #5028, .T. ) ;
#4630 = LINE ( 'NONE', #3738, #11294 ) ;
#4631 = PRESENTATION_STYLE_ASSIGNMENT (( #9007 ) ) ;
#4632 = ADVANCED_FACE ( 'NONE', ( #7637 ), #4037, .T. ) ;
#4633 = CARTESIAN_POINT ( 'NONE',  ( 16.00000000000000000, 0.0000000000000000000, 0.0000000000000000000 ) ) ;
#4634 = ORIENTED_EDGE ( 'NONE', *, *, #9262, .T. ) ;
#4635 = DIRECTION ( 'NONE',  ( 1.000000000000000000, 8.673617379884033894E-15, 0.0000000000000000000 ) ) ;
#4636 = EDGE_CURVE ( 'NONE', #5286, #2809, #9687, .T. ) ;
#4637 = ORIENTED_EDGE ( 'NONE', *, *, #2696, .T. ) ;
#4638 =( GEOMETRIC_REPRESENTATION_CONTEXT ( 3 ) GLOBAL_UNCERTAINTY_ASSIGNED_CONTEXT ( ( #4642 ) ) GLOBAL_UNIT_ASSIGNED_CONTEXT ( ( #4178, #5115, #633 ) ) REPRESENTATION_CONTEXT ( 'NONE', 'WORKASPACE' ) );
#4639 = ORIENTED_EDGE ( 'NONE', *, *, #10664, .F. ) ;
#4640 = EDGE_CURVE ( 'NONE', #2840, #4122, #9602, .T. ) ;
#4641 = DIRECTION ( 'NONE',  ( -0.0000000000000000000, -1.000000000000000000, 0.0000000000000000000 ) ) ;
#4642 = UNCERTAINTY_MEASURE_WITH_UNIT (LENGTH_MEASURE( 1.000000000000000082E-05 ), #4178, 'distance_accuracy_value', 'NONE');
#4643 = DIRECTION ( 'NONE',  ( 0.0000000000000000000, -1.000000000000000000, -0.0000000000000000000 ) ) ;
#4644 = CARTESIAN_POINT ( 'NONE',  ( 12.52500000000000213, 2.794499999999989548, 0.0000000000000000000 ) ) ;
#4645 =( GEOMETRIC_REPRESENTATION_CONTEXT ( 3 ) GLOBAL_UNCERTAINTY_ASSIGNED_CONTEXT ( ( #6351 ) ) GLOBAL_UNIT_ASSIGNED_CONTEXT ( ( #2829, #1971, #4950 ) ) REPRESENTATION_CONTEXT ( 'NONE', 'WORKASPACE' ) );
#4646 = EDGE_CURVE ( 'NONE', #251, #4089, #5380, .T. ) ;
#4647 = ORIENTED_EDGE ( 'NONE', *, *, #5967, .T. ) ;
#4648 = CIRCLE ( 'NONE', #6120, 0.2999999999999990452 ) ;
#4649 = EDGE_LOOP ( 'NONE', ( #1136, #9823, #2476, #9817 ) ) ;
#4650 = PRESENTATION_LAYER_ASSIGNMENT (  '', '', ( #5241 ) ) ;
#4651 = ORIENTED_EDGE ( 'NONE', *, *, #7455, .F. ) ;
#4652 = DIRECTION ( 'NONE',  ( -0.0000000000000000000, 0.0000000000000000000, 1.000000000000000000 ) ) ;
#4653 = AXIS2_PLACEMENT_3D ( 'NONE', #1898, #2645, #9722 ) ;
#4654 =( NAMED_UNIT ( * ) PLANE_ANGLE_UNIT ( ) SI_UNIT ( $, .RADIAN. ) );
#4655 = VERTEX_POINT ( 'NONE', #10545 ) ;
#4656 = VECTOR ( 'NONE', #6645, 1000.000000000000000 ) ;
#4657 = DIRECTION ( 'NONE',  ( 0.0000000000000000000, 0.0000000000000000000, 1.000000000000000000 ) ) ;
#4658 = MECHANICAL_DESIGN_GEOMETRIC_PRESENTATION_REPRESENTATION (  '', ( #6862 ), #11533 ) ;
#4659 = LINE ( 'NONE', #9943, #7229 ) ;
#4660 = FACE_OUTER_BOUND ( 'NONE', #1252, .T. ) ;
#4661 = MECHANICAL_DESIGN_GEOMETRIC_PRESENTATION_REPRESENTATION (  '', ( #9336 ), #10784 ) ;
#4662 = CARTESIAN_POINT ( 'NONE',  ( 8.900000000000000355, 15.91000000000000014, 0.0000000000000000000 ) ) ;
#4663 = CARTESIAN_POINT ( 'NONE',  ( 9.400000000000000355, 0.5000000000000000000, 0.0000000000000000000 ) ) ;
#4664 = EDGE_LOOP ( 'NONE', ( #4748, #3299, #10622, #5920 ) ) ;
#4665 = SURFACE_SIDE_STYLE ('',( #6570 ) ) ;
#4666 = CARTESIAN_POINT ( 'NONE',  ( -2.486899575160350098E-15, 7.230000000000000426, 1.000000000000000888 ) ) ;
#4667 = PRESENTATION_STYLE_ASSIGNMENT (( #3778 ) ) ;
#4668 =( GEOMETRIC_REPRESENTATION_CONTEXT ( 3 ) GLOBAL_UNCERTAINTY_ASSIGNED_CONTEXT ( ( #7173 ) ) GLOBAL_UNIT_ASSIGNED_CONTEXT ( ( #5597, #2186, #3879 ) ) REPRESENTATION_CONTEXT ( 'NONE', 'WORKASPACE' ) );
#4669 = ORIENTED_EDGE ( 'NONE', *, *, #5495, .F. ) ;
#4670 = CIRCLE ( 'NONE', #6148, 0.2999999999999993228 ) ;
#4671 = DIRECTION ( 'NONE',  ( -0.0000000000000000000, -1.000000000000000000, -0.0000000000000000000 ) ) ;
#4672 = FACE_OUTER_BOUND ( 'NONE', #7471, .T. ) ;
#4673 = ORIENTED_EDGE ( 'NONE', *, *, #6250, .F. ) ;
#4674 = DIRECTION ( 'NONE',  ( 1.000000000000000000, 2.775557561562889872E-16, -0.0000000000000000000 ) ) ;
#4675 = PLANE ( 'NONE',  #4375 ) ;
#4676 = AXIS2_PLACEMENT_3D ( 'NONE', #5020, #11249, #9395 ) ;
#4677 = CARTESIAN_POINT ( 'NONE',  ( 16.10000000000000142, 1.850000000000000089, 0.4499999999999990119 ) ) ;
#4678 = VECTOR ( 'NONE', #11462, 1000.000000000000000 ) ;
#4679 = PLANE ( 'NONE',  #6175 ) ;
#4680 = CARTESIAN_POINT ( 'NONE',  ( -1.199999999999998401, -0.9000000000000087930, 6.150000000000000355 ) ) ;
#4681 = EDGE_LOOP ( 'NONE', ( #4520, #6808, #6624, #4837 ) ) ;
#4682 = DIRECTION ( 'NONE',  ( 1.000000000000000000, -0.0000000000000000000, 0.0000000000000000000 ) ) ;
#4683 = CARTESIAN_POINT ( 'NONE',  ( 16.00000000000000000, 1.850000000000000089, -0.1000000000000010048 ) ) ;
#4684 = CARTESIAN_POINT ( 'NONE',  ( -0.9000000000000000222, -1.200000000000010170, 2.299999999999999822 ) ) ;
#4685 = ORIENTED_EDGE ( 'NONE', *, *, #7911, .T. ) ;
#4686 = DIRECTION ( 'NONE',  ( -0.0000000000000000000, -1.000000000000000000, -0.0000000000000000000 ) ) ;
#4687 = STYLED_ITEM ( 'NONE', ( #326 ), #1401 ) ;
#4689 = ORIENTED_EDGE ( 'NONE', *, *, #10532, .F. ) ;
#4688 = SURFACE_STYLE_USAGE ( .BOTH. , #10898 ) ;
#4691 = ORIENTED_EDGE ( 'NONE', *, *, #7543, .F. ) ;
#4690 = DIRECTION ( 'NONE',  ( -2.220446049250309925E-15, -1.000000000000000000, 0.0000000000000000000 ) ) ;
#4692 = ADVANCED_FACE ( 'NONE', ( #2620 ), #1761, .T. ) ;
#4693 = EDGE_CURVE ( 'NONE', #10623, #8321, #5269, .T. ) ;
#4694 = DIRECTION ( 'NONE',  ( -1.000000000000000000, 0.0000000000000000000, 0.0000000000000000000 ) ) ;
#4695 = FACE_OUTER_BOUND ( 'NONE', #8563, .T. ) ;
#4696 = CARTESIAN_POINT ( 'NONE',  ( 0.6796429402101371586, 0.5017607964221295624, 1.917474916001863816 ) ) ;
#4698 = ORIENTED_EDGE ( 'NONE', *, *, #4127, .T. ) ;
#4697 = CARTESIAN_POINT ( 'NONE',  ( 16.00000000000000000, 4.389999999999999680, -0.1000000000000010048 ) ) ;
#4699 = EDGE_CURVE ( 'NONE', #3488, #1229, #797, .T. ) ;
#4700 = ADVANCED_FACE ( 'NONE', ( #1870 ), #8714, .T. ) ;
#4701 = ORIENTED_EDGE ( 'NONE', *, *, #2962, .F. ) ;
#4702 = UNCERTAINTY_MEASURE_WITH_UNIT (LENGTH_MEASURE( 1.000000000000000082E-05 ), #10230, 'distance_accuracy_value', 'NONE');
#4703 = VERTEX_POINT ( 'NONE', #1927 ) ;
#4704 = CARTESIAN_POINT ( 'NONE',  ( -0.1000000000000010186, 4.389999999999989910, 1.000000000000000000 ) ) ;
#4705 = VERTEX_POINT ( 'NONE', #1201 ) ;
#4706 = EDGE_CURVE ( 'NONE', #8164, #1750, #4590, .T. ) ;
#4707 = DIRECTION ( 'NONE',  ( -0.0000000000000000000, -0.0000000000000000000, -1.000000000000000000 ) ) ;
#4708 = CARTESIAN_POINT ( 'NONE',  ( 16.00000000000000000, 0.0000000000000000000, 0.0000000000000000000 ) ) ;
#4709 = PLANE ( 'NONE',  #2478 ) ;
#4710 =( GEOMETRIC_REPRESENTATION_CONTEXT ( 3 ) GLOBAL_UNCERTAINTY_ASSIGNED_CONTEXT ( ( #9481 ) ) GLOBAL_UNIT_ASSIGNED_CONTEXT ( ( #8990, #2608, #7864 ) ) REPRESENTATION_CONTEXT ( 'NONE', 'WORKASPACE' ) );
#4711 = DIRECTION ( 'NONE',  ( 0.0000000000000000000, -1.000000000000000000, -0.0000000000000000000 ) ) ;
#4712 = DIRECTION ( 'NONE',  ( -1.000000000000000000, 0.0000000000000000000, -0.0000000000000000000 ) ) ;
#4713 = SURFACE_STYLE_USAGE ( .BOTH. , #9265 ) ;
#4714 = VECTOR ( 'NONE', #386, 1000.000000000000000 ) ;
#4715 = CARTESIAN_POINT ( 'NONE',  ( 8.000000000000000000, 8.000000000000000000, 0.9000000000000001332 ) ) ;
#4716 =( LENGTH_UNIT ( ) NAMED_UNIT ( * ) SI_UNIT ( .MILLI., .METRE. ) );
#4717 = ORIENTED_EDGE ( 'NONE', *, *, #9185, .T. ) ;
#4718 = CARTESIAN_POINT ( 'NONE',  ( 14.50000000000000000, 1.649999999999989919, -0.1000000000000000194 ) ) ;
#4719 = CARTESIAN_POINT ( 'NONE',  ( -3.499978085130810175E-15, 12.60999999999999943, -0.1000000000000010048 ) ) ;
#4720 = AXIS2_PLACEMENT_3D ( 'NONE', #1908, #10755, #9834 ) ;
#4721 = ORIENTED_EDGE ( 'NONE', *, *, #4997, .T. ) ;
#4722 = VECTOR ( 'NONE', #8471, 1000.000000000000000 ) ;
#4723 =( GEOMETRIC_REPRESENTATION_CONTEXT ( 3 ) GLOBAL_UNCERTAINTY_ASSIGNED_CONTEXT ( ( #6806 ) ) GLOBAL_UNIT_ASSIGNED_CONTEXT ( ( #7855, #483, #6758 ) ) REPRESENTATION_CONTEXT ( 'NONE', 'WORKASPACE' ) );
#4724 =( LENGTH_UNIT ( ) NAMED_UNIT ( * ) SI_UNIT ( .MILLI., .METRE. ) );
#4725 = CYLINDRICAL_SURFACE ( 'NONE', #2981, 0.3999999999999999667 ) ;
#4726 = STYLED_ITEM ( 'NONE', ( #8760 ), #7440 ) ;
#4727 = ORIENTED_EDGE ( 'NONE', *, *, #3186, .T. ) ;
#4728 = FILL_AREA_STYLE_COLOUR ( '', #6616 ) ;
#4729 = CARTESIAN_POINT ( 'NONE',  ( -3.649858193455199760E-15, 14.55000000000000071, 1.000000000000000000 ) ) ;
#4730 = SURFACE_STYLE_USAGE ( .BOTH. , #6581 ) ;
#4731 = STYLED_ITEM ( 'NONE', ( #9660 ), #10367 ) ;
#4732 = CARTESIAN_POINT ( 'NONE',  ( 8.000000000000000000, 8.000000000000000000, 0.0000000000000000000 ) ) ;
#4733 =( NAMED_UNIT ( * ) PLANE_ANGLE_UNIT ( ) SI_UNIT ( $, .RADIAN. ) );
#4734 = CARTESIAN_POINT ( 'NONE',  ( 8.900000000000000355, 0.08999999999999999667, 0.9000000000000001332 ) ) ;
#4735 = ORIENTED_EDGE ( 'NONE', *, *, #9821, .F. ) ;
#4736 = CYLINDRICAL_SURFACE ( 'NONE', #6926, 0.3000000000000000444 ) ;
#4737 = LINE ( 'NONE', #9858, #5550 ) ;
#4738 =( NAMED_UNIT ( * ) PLANE_ANGLE_UNIT ( ) SI_UNIT ( $, .RADIAN. ) );
#4739 = VECTOR ( 'NONE', #493, 1000.000000000000000 ) ;
#4740 = FILL_AREA_STYLE_COLOUR ( '', #2048 ) ;
#4741 = ORIENTED_EDGE ( 'NONE', *, *, #4850, .F. ) ;
#4742 = VECTOR ( 'NONE', #6851, 1000.000000000000000 ) ;
#4743 = SURFACE_STYLE_USAGE ( .BOTH. , #4913 ) ;
#4744 = CARTESIAN_POINT ( 'NONE',  ( 0.7427496684281540418, 15.02537800743914254, 2.264122655704557729 ) ) ;
#4746 = VERTEX_POINT ( 'NONE', #3730 ) ;
#4745 = CARTESIAN_POINT ( 'NONE',  ( 9.650000000000000355, 15.50000000000000000, 0.0000000000000000000 ) ) ;
#4748 = ORIENTED_EDGE ( 'NONE', *, *, #9771, .F. ) ;
#4747 = CARTESIAN_POINT ( 'NONE',  ( 14.50000000000000000, 9.269999999999999574, -0.1000000000000000472 ) ) ;
#4749 = SURFACE_STYLE_USAGE ( .BOTH. , #7401 ) ;
#4750 = VECTOR ( 'NONE', #10747, 1000.000000000000000 ) ;
#4751 = DIRECTION ( 'NONE',  ( 0.0000000000000000000, 0.0000000000000000000, 1.000000000000000000 ) ) ;
#4752 = UNCERTAINTY_MEASURE_WITH_UNIT (LENGTH_MEASURE( 1.000000000000000082E-05 ), #7988, 'distance_accuracy_value', 'NONE');
#4753 = CARTESIAN_POINT ( 'NONE',  ( 14.50000000000000000, 15.35000000000000142, -0.1000000000000009076 ) ) ;
#4754 = EDGE_CURVE ( 'NONE', #9643, #10973, #6345, .T. ) ;
#4755 = DIRECTION ( 'NONE',  ( 0.5773502691896246208, -0.5773502691896257311, 0.5773502691896267303 ) ) ;
#4756 = PRESENTATION_LAYER_ASSIGNMENT (  '', '', ( #6057 ) ) ;
#4758 = EDGE_LOOP ( 'NONE', ( #5635, #924, #8375, #3905 ) ) ;
#4757 = CARTESIAN_POINT ( 'NONE',  ( -0.1000000000000000472, 1.849999999999990097, -0.1000000000000000056 ) ) ;
#4759 = COLOUR_RGB ( '',0.1803921568627450955, 0.4627450980392157076, 0.2823529411764705843 ) ;
#4760 = EDGE_CURVE ( 'NONE', #5626, #10723, #10824, .T. ) ;
#4761 = EDGE_LOOP ( 'NONE', ( #4634, #8905, #2040, #11367, #957 ) ) ;
#4762 = PLANE ( 'NONE',  #8737 ) ;
#4763 =( NAMED_UNIT ( * ) PLANE_ANGLE_UNIT ( ) SI_UNIT ( $, .RADIAN. ) );
#4764 = ORIENTED_EDGE ( 'NONE', *, *, #10236, .F. ) ;
#4765 = DIRECTION ( 'NONE',  ( 1.000000000000000000, 0.0000000000000000000, -0.0000000000000000000 ) ) ;
#4766 = ORIENTED_EDGE ( 'NONE', *, *, #3773, .F. ) ;
#4767 = EDGE_CURVE ( 'NONE', #3573, #10433, #5443, .T. ) ;
#4768 = AXIS2_PLACEMENT_3D ( 'NONE', #338, #4881, #8440 ) ;
#4769 = ADVANCED_FACE ( 'NONE', ( #3674 ), #299, .T. ) ;
#4770 = LINE ( 'NONE', #397, #2467 ) ;
#4771 = DIRECTION ( 'NONE',  ( -1.000000000000000000, 0.0000000000000000000, 0.0000000000000000000 ) ) ;
#4772 = EDGE_CURVE ( 'NONE', #6083, #10227, #7380, .T. ) ;
#4773 = DIRECTION ( 'NONE',  ( -0.0000000000000000000, -1.000000000000000000, -0.0000000000000000000 ) ) ;
#4774 = FACE_OUTER_BOUND ( 'NONE', #9716, .T. ) ;
#4775 = EDGE_CURVE ( 'NONE', #4072, #682, #5878, .T. ) ;
#4776 = ADVANCED_FACE ( 'NONE', ( #5663 ), #7326, .T. ) ;
#4777 = LINE ( 'NONE', #2930, #11528 ) ;
#4778 = CARTESIAN_POINT ( 'NONE',  ( -0.1000000000000040440, 14.55000000000000071, -0.1000000000000003109 ) ) ;
#4779 = FILL_AREA_STYLE_COLOUR ( '', #2579 ) ;
#4780 =( NAMED_UNIT ( * ) SI_UNIT ( $, .STERADIAN. ) SOLID_ANGLE_UNIT ( ) );
#4781 = ORIENTED_EDGE ( 'NONE', *, *, #11158, .T. ) ;
#4782 = EDGE_CURVE ( 'NONE', #3706, #2996, #4839, .T. ) ;
#4783 = SURFACE_STYLE_USAGE ( .BOTH. , #7676 ) ;
#4784 = ORIENTED_EDGE ( 'NONE', *, *, #4052, .F. ) ;
#4785 = CARTESIAN_POINT ( 'NONE',  ( 9.400000000000000355, 15.50000000000000000, 0.9000000000000001332 ) ) ;
#4786 = EDGE_CURVE ( 'NONE', #241, #5186, #4023, .T. ) ;
#4788 = ORIENTED_EDGE ( 'NONE', *, *, #8850, .F. ) ;
#4787 = CARTESIAN_POINT ( 'NONE',  ( 15.25000000000000000, 9.769999999999999574, -0.1000000000000000056 ) ) ;
#4789 =( LENGTH_UNIT ( ) NAMED_UNIT ( * ) SI_UNIT ( .MILLI., .METRE. ) );
#4790 = DIRECTION ( 'NONE',  ( -1.000000000000000000, -0.0000000000000000000, -0.0000000000000000000 ) ) ;
#4791 = DIRECTION ( 'NONE',  ( 1.000000000000000000, 0.0000000000000000000, -0.0000000000000000000 ) ) ;
#4792 = SURFACE_STYLE_USAGE ( .BOTH. , #4027 ) ;
#4793 = ORIENTED_EDGE ( 'NONE', *, *, #5146, .T. ) ;
#4794 = SURFACE_STYLE_USAGE ( .BOTH. , #5773 ) ;
#4795 = CARTESIAN_POINT ( 'NONE',  ( 8.599999999999999645, 7.370000000000000995, 1.276568304767125628E-11 ) ) ;
#4796 = ORIENTED_EDGE ( 'NONE', *, *, #7903, .T. ) ;
#4797 = STYLED_ITEM ( 'NONE', ( #6838 ), #7820 ) ;
#4798 = LINE ( 'NONE', #2155, #8479 ) ;
#4800 = ORIENTED_EDGE ( 'NONE', *, *, #2301, .T. ) ;
#4799 =( NAMED_UNIT ( * ) SI_UNIT ( $, .STERADIAN. ) SOLID_ANGLE_UNIT ( ) );
#4802 = ORIENTED_EDGE ( 'NONE', *, *, #5488, .F. ) ;
#4801 = FILL_AREA_STYLE_COLOUR ( '', #2429 ) ;
#4803 =( NAMED_UNIT ( * ) SI_UNIT ( $, .STERADIAN. ) SOLID_ANGLE_UNIT ( ) );
#4804 = FACE_OUTER_BOUND ( 'NONE', #5170, .T. ) ;
#4805 = CARTESIAN_POINT ( 'NONE',  ( -0.1000000000000040579, 14.34999999999999964, -0.1000000000000000056 ) ) ;
#4806 = VECTOR ( 'NONE', #4616, 1000.000000000000000 ) ;
#4807 = ORIENTED_EDGE ( 'NONE', *, *, #3546, .T. ) ;
#4808 = ORIENTED_EDGE ( 'NONE', *, *, #6866, .F. ) ;
#4809 = PRESENTATION_LAYER_ASSIGNMENT (  '', '', ( #3115 ) ) ;
#4810 = CARTESIAN_POINT ( 'NONE',  ( 15.32035705978986506, 15.49823920357786733, 1.917474916001863372 ) ) ;
#4811 = DIRECTION ( 'NONE',  ( -1.000000000000000000, -1.206764157201260003E-16, -0.0000000000000000000 ) ) ;
#4812 = ORIENTED_EDGE ( 'NONE', *, *, #2748, .F. ) ;
#4813 = FILL_AREA_STYLE_COLOUR ( '', #10319 ) ;
#4814 = LINE ( 'NONE', #9200, #7794 ) ;
#4815 = ORIENTED_EDGE ( 'NONE', *, *, #9193, .F. ) ;
#4816 = DIRECTION ( 'NONE',  ( -1.000000000000000000, -0.0000000000000000000, 0.0000000000000000000 ) ) ;
#4817 = EDGE_CURVE ( 'NONE', #1160, #11006, #10143, .T. ) ;
#4818 = CARTESIAN_POINT ( 'NONE',  ( 0.6440598923241533935, 0.6440598923241486196, 2.130940107675850292 ) ) ;
#4819 = DIRECTION ( 'NONE',  ( 1.000000000000000000, 0.0000000000000000000, 0.0000000000000000000 ) ) ;
#4820 = LINE ( 'NONE', #7426, #4470 ) ;
#4821 = CARTESIAN_POINT ( 'NONE',  ( 17.33397985808343122, 16.73841688404229799, 6.317156642401450917 ) ) ;
#4822 = VECTOR ( 'NONE', #8913, 1000.000000000000000 ) ;
#4823 = LINE ( 'NONE', #8386, #4476 ) ;
#4824 = ADVANCED_FACE ( 'NONE', ( #1376 ), #11051, .T. ) ;
#4825 = MECHANICAL_DESIGN_GEOMETRIC_PRESENTATION_REPRESENTATION (  '', ( #5944 ), #5546 ) ;
#4826 = CARTESIAN_POINT ( 'NONE',  ( 16.10000000000000142, 12.31000000000000227, -0.1000000000000000056 ) ) ;
#4827 = ORIENTED_EDGE ( 'NONE', *, *, #2672, .F. ) ;
#4828 = FILL_AREA_STYLE_COLOUR ( '', #7486 ) ;
#4829 = EDGE_CURVE ( 'NONE', #11105, #905, #1317, .T. ) ;
#4830 = VECTOR ( 'NONE', #8595, 1000.000000000000000 ) ;
#4831 = VECTOR ( 'NONE', #1477, 1000.000000000000000 ) ;
#4832 = ORIENTED_EDGE ( 'NONE', *, *, #10318, .F. ) ;
#4833 = DIRECTION ( 'NONE',  ( -0.0000000000000000000, -0.0000000000000000000, -1.000000000000000000 ) ) ;
#4834 = PLANE ( 'NONE',  #5449 ) ;
#4835 = COLOUR_RGB ( '',0.8196078431372548767, 0.7058823529411764053, 0.5254901960784313930 ) ;
#4837 = ORIENTED_EDGE ( 'NONE', *, *, #5821, .T. ) ;
#4836 = CARTESIAN_POINT ( 'NONE',  ( 0.1242640687119187931, 16.90000000000000568, 6.450000000000000178 ) ) ;
#4838 = ADVANCED_FACE ( 'NONE', ( #8642 ), #8455, .F. ) ;
#4839 = LINE ( 'NONE', #10300, #7728 ) ;
#4840 =( NAMED_UNIT ( * ) PLANE_ANGLE_UNIT ( ) SI_UNIT ( $, .RADIAN. ) );
#4841 = EDGE_CURVE ( 'NONE', #7253, #175, #5936, .T. ) ;
#4842 = CARTESIAN_POINT ( 'NONE',  ( 16.89999999999999858, -0.9000000000000071276, 6.150000000000000355 ) ) ;
#4843 = VECTOR ( 'NONE', #5453, 1000.000000000000000 ) ;
#4844 =( LENGTH_UNIT ( ) NAMED_UNIT ( * ) SI_UNIT ( .MILLI., .METRE. ) );
#4845 = SURFACE_STYLE_USAGE ( .BOTH. , #5770 ) ;
#4846 = VERTEX_POINT ( 'NONE', #1678 ) ;
#4847 = AXIS2_PLACEMENT_3D ( 'NONE', #10039, #7235, #9140 ) ;
#4848 = CIRCLE ( 'NONE', #6321, 0.2500000000000002220 ) ;
#4849 = CARTESIAN_POINT ( 'NONE',  ( 0.7499999999999960032, 14.84999999999999964, -0.1000000000000000056 ) ) ;
#4850 = EDGE_CURVE ( 'NONE', #6360, #2122, #3150, .T. ) ;
#4851 = LINE ( 'NONE', #10073, #2228 ) ;
#4852 = UNCERTAINTY_MEASURE_WITH_UNIT (LENGTH_MEASURE( 1.000000000000000082E-05 ), #1211, 'distance_accuracy_value', 'NONE');
#4853 = ORIENTED_EDGE ( 'NONE', *, *, #9890, .F. ) ;
#4854 = DIRECTION ( 'NONE',  ( 1.000000000000000000, -0.0000000000000000000, 0.0000000000000000000 ) ) ;
#4855 = LINE ( 'NONE', #6868, #6046 ) ;
#4856 = DIRECTION ( 'NONE',  ( 0.0000000000000000000, -1.000000000000000000, 0.0000000000000000000 ) ) ;
#4857 = VECTOR ( 'NONE', #9344, 1000.000000000000000 ) ;
#4858 = EDGE_LOOP ( 'NONE', ( #7749, #2003, #273, #9273 ) ) ;
#4859 = STYLED_ITEM ( 'NONE', ( #7313 ), #2335 ) ;
#4860 = ORIENTED_EDGE ( 'NONE', *, *, #5495, .T. ) ;
#4861 = COLOUR_RGB ( '',0.8196078431372548767, 0.7058823529411764053, 0.5254901960784313930 ) ;
#4862 =( LENGTH_UNIT ( ) NAMED_UNIT ( * ) SI_UNIT ( .MILLI., .METRE. ) );
#4863 = LINE ( 'NONE', #5786, #1079 ) ;
#4864 = CARTESIAN_POINT ( 'NONE',  ( 15.12500000000000000, 0.8749999999999990008, 1.899999999999999911 ) ) ;
#4865 = AXIS2_PLACEMENT_3D ( 'NONE', #7328, #9908, #2670 ) ;
#4866 = UNCERTAINTY_MEASURE_WITH_UNIT (LENGTH_MEASURE( 1.000000000000000082E-05 ), #1519, 'distance_accuracy_value', 'NONE');
#4867 =( GEOMETRIC_REPRESENTATION_CONTEXT ( 3 ) GLOBAL_UNCERTAINTY_ASSIGNED_CONTEXT ( ( #513 ) ) GLOBAL_UNIT_ASSIGNED_CONTEXT ( ( #6964, #3408, #8799 ) ) REPRESENTATION_CONTEXT ( 'NONE', 'WORKASPACE' ) );
#4868 = ORIENTED_EDGE ( 'NONE', *, *, #5358, .T. ) ;
#4869 = CARTESIAN_POINT ( 'NONE',  ( -0.1000000000000040301, 12.81000000000000050, -0.1000000000000002554 ) ) ;
#4870 =( LENGTH_UNIT ( ) NAMED_UNIT ( * ) SI_UNIT ( .MILLI., .METRE. ) );
#4871 = STYLED_ITEM ( 'NONE', ( #3255 ), #11382 ) ;
#4873 = VERTEX_POINT ( 'NONE', #1795 ) ;
#4872 = DIRECTION ( 'NONE',  ( -0.0000000000000000000, -1.000000000000000000, -0.0000000000000000000 ) ) ;
#4875 = VERTEX_POINT ( 'NONE', #6108 ) ;
#4874 = PRESENTATION_STYLE_ASSIGNMENT (( #1287 ) ) ;
#4876 = ORIENTED_EDGE ( 'NONE', *, *, #2821, .F. ) ;
#4877 = LINE ( 'NONE', #7653, #3435 ) ;
#4878 = ORIENTED_EDGE ( 'NONE', *, *, #4997, .F. ) ;
#4879 = PRESENTATION_LAYER_ASSIGNMENT (  '', '', ( #9538 ) ) ;
#4880 = DIRECTION ( 'NONE',  ( 0.0000000000000000000, 0.0000000000000000000, -1.000000000000000000 ) ) ;
#4881 = DIRECTION ( 'NONE',  ( -0.0000000000000000000, -0.0000000000000000000, -1.000000000000000000 ) ) ;
#4882 =( NAMED_UNIT ( * ) SI_UNIT ( $, .STERADIAN. ) SOLID_ANGLE_UNIT ( ) );
#4883 = FACE_OUTER_BOUND ( 'NONE', #10910, .T. ) ;
#4884 =( LENGTH_UNIT ( ) NAMED_UNIT ( * ) SI_UNIT ( .MILLI., .METRE. ) );
#4885 = DIRECTION ( 'NONE',  ( 0.0000000000000000000, 0.0000000000000000000, -1.000000000000000000 ) ) ;
#4886 = PRESENTATION_STYLE_ASSIGNMENT (( #2362 ) ) ;
#4887 = AXIS2_PLACEMENT_3D ( 'NONE', #7007, #7781, #3293 ) ;
#4888 = FILL_AREA_STYLE_COLOUR ( '', #6118 ) ;
#4889 = ORIENTED_EDGE ( 'NONE', *, *, #11166, .T. ) ;
#4890 = CARTESIAN_POINT ( 'NONE',  ( 7.339853684716937998, 7.733738632776397282, 6.632742409288563401 ) ) ;
#4891 = FACE_OUTER_BOUND ( 'NONE', #8875, .T. ) ;
#4892 = EDGE_LOOP ( 'NONE', ( #3000, #3272, #9392, #1516, #10967 ) ) ;
#4893 = VECTOR ( 'NONE', #648, 1000.000000000000000 ) ;
#4894 = CARTESIAN_POINT ( 'NONE',  ( -3.638409018513756935E-15, 11.81000000000000050, 0.0000000000000000000 ) ) ;
#4895 = EDGE_CURVE ( 'NONE', #4423, #8295, #9570, .T. ) ;
#4896 = VECTOR ( 'NONE', #9991, 1000.000000000000000 ) ;
#4897 = PRESENTATION_LAYER_ASSIGNMENT (  '', '', ( #7290 ) ) ;
#4899 = VERTEX_POINT ( 'NONE', #778 ) ;
#4898 = LINE ( 'NONE', #10003, #3611 ) ;
#4900 = SURFACE_SIDE_STYLE ('',( #248 ) ) ;
#4901 = CARTESIAN_POINT ( 'NONE',  ( 16.10000000000000142, 1.850000000000000089, -0.1000000000000000056 ) ) ;
#4902 = EDGE_CURVE ( 'NONE', #11188, #7986, #7796, .T. ) ;
#4903 = DIRECTION ( 'NONE',  ( 0.7071067811865502373, -0.7071067811865449082, -6.360652745248312454E-14 ) ) ;
#4904 = CARTESIAN_POINT ( 'NONE',  ( -0.1000000000000010186, 5.189999999999989733, 1.000000000000000000 ) ) ;
#4905 = AXIS2_PLACEMENT_3D ( 'NONE', #10926, #5602, #1134 ) ;
#4906 = SURFACE_STYLE_FILL_AREA ( #8578 ) ;
#4907 = VERTEX_POINT ( 'NONE', #5365 ) ;
#4908 = FILL_AREA_STYLE ('',( #660 ) ) ;
#4909 = PRESENTATION_STYLE_ASSIGNMENT (( #8244 ) ) ;
#4910 = EDGE_CURVE ( 'NONE', #4582, #4277, #705, .T. ) ;
#4911 = COLOUR_RGB ( '',0.8196078431372548767, 0.7058823529411764053, 0.5254901960784313930 ) ;
#4912 = ORIENTED_EDGE ( 'NONE', *, *, #6334, .T. ) ;
#4913 = SURFACE_SIDE_STYLE ('',( #9347 ) ) ;
#4914 = LINE ( 'NONE', #3205, #11447 ) ;
#4915 =( NAMED_UNIT ( * ) PLANE_ANGLE_UNIT ( ) SI_UNIT ( $, .RADIAN. ) );
#4916 =( GEOMETRIC_REPRESENTATION_CONTEXT ( 3 ) GLOBAL_UNCERTAINTY_ASSIGNED_CONTEXT ( ( #7129 ) ) GLOBAL_UNIT_ASSIGNED_CONTEXT ( ( #7548, #1419, #2431 ) ) REPRESENTATION_CONTEXT ( 'NONE', 'WORKASPACE' ) );
#4918 = VERTEX_POINT ( 'NONE', #2599 ) ;
#4917 = DIRECTION ( 'NONE',  ( 0.0000000000000000000, -0.0000000000000000000, 1.000000000000000000 ) ) ;
#4919 = CARTESIAN_POINT ( 'NONE',  ( 14.50000000000000000, 5.190000000000000391, -0.1000000000000002415 ) ) ;
#4921 = ORIENTED_EDGE ( 'NONE', *, *, #1391, .F. ) ;
#4920 = DIRECTION ( 'NONE',  ( -1.000000000000000000, 0.0000000000000000000, 0.0000000000000000000 ) ) ;
#4922 = CIRCLE ( 'NONE', #9926, 0.2999999999999999334 ) ;
#4923 = ADVANCED_FACE ( 'NONE', ( #3601 ), #7976, .T. ) ;
#4924 = LINE ( 'NONE', #8475, #4656 ) ;
#4925 = CARTESIAN_POINT ( 'NONE',  ( 15.25000000000000000, 2.149999999999990141, 1.000000000000000000 ) ) ;
#4926 = MECHANICAL_DESIGN_GEOMETRIC_PRESENTATION_REPRESENTATION (  '', ( #4552 ), #1360 ) ;
#4927 = LINE ( 'NONE', #2400, #1757 ) ;
#4928 = FILL_AREA_STYLE_COLOUR ( '', #11370 ) ;
#4930 = ORIENTED_EDGE ( 'NONE', *, *, #2528, .T. ) ;
#4929 =( NAMED_UNIT ( * ) SI_UNIT ( $, .STERADIAN. ) SOLID_ANGLE_UNIT ( ) );
#4932 = VERTEX_POINT ( 'NONE', #10642 ) ;
#4931 = CARTESIAN_POINT ( 'NONE',  ( 15.52499999999999858, 4.237499999999999822, 1.899999999999999911 ) ) ;
#4933 = COLOUR_RGB ( '',0.8196078431372548767, 0.7058823529411764053, 0.5254901960784313930 ) ;
#4934 = EDGE_LOOP ( 'NONE', ( #10878, #8028, #9920, #4615, #10909, #4579, #10823, #360 ) ) ;
#4935 = CARTESIAN_POINT ( 'NONE',  ( 16.00000000000000000, 6.730000000000000426, 0.9000000000000001332 ) ) ;
#4936 =( LENGTH_UNIT ( ) NAMED_UNIT ( * ) SI_UNIT ( .MILLI., .METRE. ) );
#4937 = EDGE_LOOP ( 'NONE', ( #3064, #3136, #11229, #6778 ) ) ;
#4938 = DIRECTION ( 'NONE',  ( 0.0000000000000000000, 0.0000000000000000000, 1.000000000000000000 ) ) ;
#4939 =( GEOMETRIC_REPRESENTATION_CONTEXT ( 3 ) GLOBAL_UNCERTAINTY_ASSIGNED_CONTEXT ( ( #4948 ) ) GLOBAL_UNIT_ASSIGNED_CONTEXT ( ( #10980, #11096, #5864 ) ) REPRESENTATION_CONTEXT ( 'NONE', 'WORKASPACE' ) );
#4940 = VECTOR ( 'NONE', #2388, 1000.000000000000000 ) ;
#4941 = CARTESIAN_POINT ( 'NONE',  ( -0.1000000000000040162, 15.35000000000000142, -0.1000000000000000333 ) ) ;
#4942 = SURFACE_STYLE_USAGE ( .BOTH. , #2180 ) ;
#4943 = FACE_OUTER_BOUND ( 'NONE', #5501, .T. ) ;
#4944 = CARTESIAN_POINT ( 'NONE',  ( 9.400000000000000355, 15.09000000000000163, -0.03500000000000000333 ) ) ;
#4945 = DIRECTION ( 'NONE',  ( -0.0000000000000000000, -0.0000000000000000000, 1.000000000000000000 ) ) ;
#4946 =( GEOMETRIC_REPRESENTATION_CONTEXT ( 3 ) GLOBAL_UNCERTAINTY_ASSIGNED_CONTEXT ( ( #10971 ) ) GLOBAL_UNIT_ASSIGNED_CONTEXT ( ( #4499, #1920, #4614 ) ) REPRESENTATION_CONTEXT ( 'NONE', 'WORKASPACE' ) );
#4947 = MECHANICAL_DESIGN_GEOMETRIC_PRESENTATION_REPRESENTATION (  '', ( #3267 ), #7727 ) ;
#4948 = UNCERTAINTY_MEASURE_WITH_UNIT (LENGTH_MEASURE( 1.000000000000000082E-05 ), #10980, 'distance_accuracy_value', 'NONE');
#4949 = CIRCLE ( 'NONE', #5868, 0.3999999999999993006 ) ;
#4950 =( NAMED_UNIT ( * ) SI_UNIT ( $, .STERADIAN. ) SOLID_ANGLE_UNIT ( ) );
#4951 = ORIENTED_EDGE ( 'NONE', *, *, #9056, .F. ) ;
#4952 = CARTESIAN_POINT ( 'NONE',  ( 8.074091244709784121, 6.784320154001988179, 7.460132316971515465 ) ) ;
#4953 = CARTESIAN_POINT ( 'NONE',  ( -1.374941827059217934E-15, 4.189999999999988844, 0.9000000000000001332 ) ) ;
#4954 =( NAMED_UNIT ( * ) SI_UNIT ( $, .STERADIAN. ) SOLID_ANGLE_UNIT ( ) );
#4955 = SURFACE_STYLE_USAGE ( .BOTH. , #6469 ) ;
#4956 = ORIENTED_EDGE ( 'NONE', *, *, #2886, .T. ) ;
#4957 = CARTESIAN_POINT ( 'NONE',  ( -0.1000000000000010048, 5.189999999999989733, 1.000000000000000000 ) ) ;
#4958 = FILL_AREA_STYLE ('',( #10297 ) ) ;
#4959 =( GEOMETRIC_REPRESENTATION_CONTEXT ( 3 ) GLOBAL_UNCERTAINTY_ASSIGNED_CONTEXT ( ( #8492 ) ) GLOBAL_UNIT_ASSIGNED_CONTEXT ( ( #10994, #10064, #9222 ) ) REPRESENTATION_CONTEXT ( 'NONE', 'WORKASPACE' ) );
#4960 = CARTESIAN_POINT ( 'NONE',  ( 9.150000000000000355, 0.5000000000000000000, 0.9350000000000000533 ) ) ;
#4961 = FILL_AREA_STYLE ('',( #6687 ) ) ;
#4962 = ORIENTED_EDGE ( 'NONE', *, *, #6815, .T. ) ;
#4963 = CARTESIAN_POINT ( 'NONE',  ( 15.29283859637780907, 1.062925691198201017, 2.506158274189995261 ) ) ;
#4964 = FACE_OUTER_BOUND ( 'NONE', #10124, .T. ) ;
#4965 = SURFACE_STYLE_USAGE ( .BOTH. , #6003 ) ;
#4966 = UNCERTAINTY_MEASURE_WITH_UNIT (LENGTH_MEASURE( 1.000000000000000082E-05 ), #891, 'distance_accuracy_value', 'NONE');
#4967 = ORIENTED_EDGE ( 'NONE', *, *, #1715, .F. ) ;
#4968 = EDGE_CURVE ( 'NONE', #10253, #4170, #3422, .T. ) ;
#4969 = CARTESIAN_POINT ( 'NONE',  ( 8.489999999999998437, 0.5000000000000000000, 0.0000000000000000000 ) ) ;
#4970 = DIRECTION ( 'NONE',  ( -1.000000000000000000, 0.0000000000000000000, -0.0000000000000000000 ) ) ;
#4972 = ORIENTED_EDGE ( 'NONE', *, *, #7, .T. ) ;
#4971 = DIRECTION ( 'NONE',  ( 0.0000000000000000000, 1.000000000000000000, 0.0000000000000000000 ) ) ;
#4974 = ORIENTED_EDGE ( 'NONE', *, *, #3630, .F. ) ;
#4973 = CARTESIAN_POINT ( 'NONE',  ( -1.168328157299979964, 15.87573593128810145, 6.284164078649985719 ) ) ;
#4975 = EDGE_CURVE ( 'NONE', #4746, #5286, #6506, .T. ) ;
#4976 = VECTOR ( 'NONE', #8677, 1000.000000000000000 ) ;
#4977 = PLANE ( 'NONE',  #10583 ) ;
#4978 = EDGE_CURVE ( 'NONE', #9319, #1423, #4777, .T. ) ;
#4979 = LINE ( 'NONE', #1344, #10303 ) ;
#4980 = UNCERTAINTY_MEASURE_WITH_UNIT (LENGTH_MEASURE( 1.000000000000000082E-05 ), #7998, 'distance_accuracy_value', 'NONE');
#4981 = CARTESIAN_POINT ( 'NONE',  ( 15.52500000000000036, 15.52500000000000036, 1.900000000000000133 ) ) ;
#4982 = ORIENTED_EDGE ( 'NONE', *, *, #6391, .T. ) ;
#4983 = EDGE_CURVE ( 'NONE', #3776, #646, #3827, .T. ) ;
#4984 = SURFACE_SIDE_STYLE ('',( #9418 ) ) ;
#4985 = CARTESIAN_POINT ( 'NONE',  ( 16.10000000000000142, 9.769999999999999574, -0.1000000000000000056 ) ) ;
#4986 = AXIS2_PLACEMENT_3D ( 'NONE', #7335, #6411, #6350 ) ;
#4988 = VERTEX_POINT ( 'NONE', #231 ) ;
#4987 = DIRECTION ( 'NONE',  ( -1.000000000000000000, -0.0000000000000000000, -0.0000000000000000000 ) ) ;
#4989 = ORIENTED_EDGE ( 'NONE', *, *, #8638, .T. ) ;
#4990 = EDGE_CURVE ( 'NONE', #9574, #3280, #4659, .T. ) ;
#4991 = EDGE_CURVE ( 'NONE', #10020, #3706, #6331, .T. ) ;
#4992 = VERTEX_POINT ( 'NONE', #8101 ) ;
#4993 = CARTESIAN_POINT ( 'NONE',  ( 16.00000000000000000, 8.000000000000000000, 0.0000000000000000000 ) ) ;
#4994 = VERTEX_POINT ( 'NONE', #10050 ) ;
#4995 = VECTOR ( 'NONE', #3954, 1000.000000000000000 ) ;
#4996 = UNCERTAINTY_MEASURE_WITH_UNIT (LENGTH_MEASURE( 1.000000000000000082E-05 ), #8046, 'distance_accuracy_value', 'NONE');
#4997 = EDGE_CURVE ( 'NONE', #10723, #4022, #9833, .T. ) ;
#4998 = LINE ( 'NONE', #3241, #9017 ) ;
#4999 = SURFACE_SIDE_STYLE ('',( #10222 ) ) ;
#5000 = DIRECTION ( 'NONE',  ( -2.775557561562889872E-16, 1.000000000000000000, -0.0000000000000000000 ) ) ;
#5001 = CARTESIAN_POINT ( 'NONE',  ( 14.50000000000000000, 11.81000000000000050, -0.1000000000000000194 ) ) ;
#5002 = CARTESIAN_POINT ( 'NONE',  ( -1.385003223219880181E-15, 4.989999999999991331, -0.1000000000000010048 ) ) ;
#5003 = CARTESIAN_POINT ( 'NONE',  ( 8.000000000000000000, 8.000000000000000000, 0.9000000000000001332 ) ) ;
#5004 = VERTEX_POINT ( 'NONE', #168 ) ;
#5005 = CARTESIAN_POINT ( 'NONE',  ( 9.116133794986948757, 5.959680951880309330, 6.638111213743115968 ) ) ;
#5006 = CARTESIAN_POINT ( 'NONE',  ( -3.469446951953609850E-15, 9.769999999999999574, 1.000000000000000888 ) ) ;
#5007 = LINE ( 'NONE', #6052, #4893 ) ;
#5008 = DIRECTION ( 'NONE',  ( 1.000000000000000000, 0.0000000000000000000, 0.0000000000000000000 ) ) ;
#5009 = ORIENTED_EDGE ( 'NONE', *, *, #7892, .F. ) ;
#5010 = DIRECTION ( 'NONE',  ( 0.0000000000000000000, 0.0000000000000000000, 1.000000000000000000 ) ) ;
#5011 =( GEOMETRIC_REPRESENTATION_CONTEXT ( 3 ) GLOBAL_UNCERTAINTY_ASSIGNED_CONTEXT ( ( #3684 ) ) GLOBAL_UNIT_ASSIGNED_CONTEXT ( ( #9840, #1799, #7194 ) ) REPRESENTATION_CONTEXT ( 'NONE', 'WORKASPACE' ) );
#5012 = VECTOR ( 'NONE', #10709, 1000.000000000000000 ) ;
#5013 = FILL_AREA_STYLE_COLOUR ( '', #5034 ) ;
#5014 = PRESENTATION_STYLE_ASSIGNMENT (( #10356 ) ) ;
#5015 = CARTESIAN_POINT ( 'NONE',  ( 9.650000000000000355, 15.50000000000000000, 0.9000000000000001332 ) ) ;
#5016 = VERTEX_POINT ( 'NONE', #3770 ) ;
#5017 = DIRECTION ( 'NONE',  ( 0.0000000000000000000, 0.0000000000000000000, 1.000000000000000000 ) ) ;
#5018 =( GEOMETRIC_REPRESENTATION_CONTEXT ( 3 ) GLOBAL_UNCERTAINTY_ASSIGNED_CONTEXT ( ( #2005 ) ) GLOBAL_UNIT_ASSIGNED_CONTEXT ( ( #7964, #4654, #4003 ) ) REPRESENTATION_CONTEXT ( 'NONE', 'WORKASPACE' ) );
#5019 = FILL_AREA_STYLE_COLOUR ( '', #961 ) ;
#5020 = CARTESIAN_POINT ( 'NONE',  ( 16.10000000000000142, 1.749999999999990008, 0.4499999999999990119 ) ) ;
#5021 =( GEOMETRIC_REPRESENTATION_CONTEXT ( 3 ) GLOBAL_UNCERTAINTY_ASSIGNED_CONTEXT ( ( #9767 ) ) GLOBAL_UNIT_ASSIGNED_CONTEXT ( ( #11423, #6979, #8873 ) ) REPRESENTATION_CONTEXT ( 'NONE', 'WORKASPACE' ) );
#5022 = VERTEX_POINT ( 'NONE', #4606 ) ;
#5023 = PRESENTATION_LAYER_ASSIGNMENT (  '', '', ( #8944 ) ) ;
#5024 = SURFACE_STYLE_USAGE ( .BOTH. , #11254 ) ;
#5025 = CARTESIAN_POINT ( 'NONE',  ( 14.50000000000000000, 8.000000000000000000, 0.0000000000000000000 ) ) ;
#5027 = EDGE_LOOP ( 'NONE', ( #1396, #447, #1469, #9352 ) ) ;
#5026 = DIRECTION ( 'NONE',  ( 0.0000000000000000000, 0.0000000000000000000, 1.000000000000000000 ) ) ;
#5028 = LINE ( 'NONE', #5157, #1387 ) ;
#5029 = AXIS2_PLACEMENT_3D ( 'NONE', #9280, #2149, #6632 ) ;
#5030 = VECTOR ( 'NONE', #8019, 1000.000000000000000 ) ;
#5032 = ORIENTED_EDGE ( 'NONE', *, *, #6805, .T. ) ;
#5031 = LINE ( 'NONE', #670, #7068 ) ;
#5033 = PRESENTATION_LAYER_ASSIGNMENT (  '', '', ( #4687 ) ) ;
#5034 = COLOUR_RGB ( '',0.8196078431372548767, 0.7058823529411764053, 0.5254901960784313930 ) ;
#5035 = SURFACE_STYLE_USAGE ( .BOTH. , #1703 ) ;
#5036 = DIRECTION ( 'NONE',  ( -1.000000000000000000, 8.881784197001260212E-15, 0.0000000000000000000 ) ) ;
#5037 = FILL_AREA_STYLE ('',( #7642 ) ) ;
#5038 = AXIS2_PLACEMENT_3D ( 'NONE', #7347, #1165, #7402 ) ;
#5039 = PRESENTATION_LAYER_ASSIGNMENT (  '', '', ( #6875 ) ) ;
#5040 = LINE ( 'NONE', #7645, #5502 ) ;
#5041 = VERTEX_POINT ( 'NONE', #7311 ) ;
#5042 = VECTOR ( 'NONE', #8219, 1000.000000000000000 ) ;
#5043 = PRESENTATION_LAYER_ASSIGNMENT (  '', '', ( #10043 ) ) ;
#5044 = ORIENTED_EDGE ( 'NONE', *, *, #8324, .F. ) ;
#5045 = ADVANCED_FACE ( 'NONE', ( #9894 ), #6271, .T. ) ;
#5046 = VERTEX_POINT ( 'NONE', #8982 ) ;
#5047 = DIRECTION ( 'NONE',  ( -0.0000000000000000000, 0.0000000000000000000, -1.000000000000000000 ) ) ;
#5048 = STYLED_ITEM ( 'NONE', ( #10600 ), #9404 ) ;
#5049 = EDGE_CURVE ( 'NONE', #11201, #10095, #131, .T. ) ;
#5050 = LINE ( 'NONE', #10269, #686 ) ;
#5051 = VERTEX_POINT ( 'NONE', #7250 ) ;
#5052 = CIRCLE ( 'NONE', #8791, 0.4099999999999989209 ) ;
#5053 = CARTESIAN_POINT ( 'NONE',  ( 8.992558506685464081, 7.599565448649287625, 6.950000000000000178 ) ) ;
#5054 = FACE_OUTER_BOUND ( 'NONE', #2515, .T. ) ;
#5055 =( LENGTH_UNIT ( ) NAMED_UNIT ( * ) SI_UNIT ( .MILLI., .METRE. ) );
#5056 = VERTEX_POINT ( 'NONE', #10754 ) ;
#5057 = CARTESIAN_POINT ( 'NONE',  ( 14.50000000000000000, 14.34999999999999964, 1.000000000000000000 ) ) ;
#5058 =( GEOMETRIC_REPRESENTATION_CONTEXT ( 3 ) GLOBAL_UNCERTAINTY_ASSIGNED_CONTEXT ( ( #1895 ) ) GLOBAL_UNIT_ASSIGNED_CONTEXT ( ( #11539, #6282, #10001 ) ) REPRESENTATION_CONTEXT ( 'NONE', 'WORKASPACE' ) );
#5059 = EDGE_CURVE ( 'NONE', #7085, #7572, #5486, .T. ) ;
#5060 = CARTESIAN_POINT ( 'NONE',  ( 1.500000000000000000, 11.81000000000000050, -0.1000000000000009076 ) ) ;
#5061 = EDGE_CURVE ( 'NONE', #1869, #6415, #8158, .T. ) ;
#5062 = DIRECTION ( 'NONE',  ( 1.000000000000000000, 0.0000000000000000000, 0.0000000000000000000 ) ) ;
#5063 = AXIS2_PLACEMENT_3D ( 'NONE', #5193, #1374, #7857 ) ;
#5064 = CARTESIAN_POINT ( 'NONE',  ( -2.371236887399597353E-15, 7.530000000000000249, -0.1000000000000014211 ) ) ;
#5065 = FILL_AREA_STYLE_COLOUR ( '', #392 ) ;
#5066 = EDGE_CURVE ( 'NONE', #8591, #4461, #2822, .T. ) ;
#5067 = DIRECTION ( 'NONE',  ( 0.0000000000000000000, 0.0000000000000000000, -1.000000000000000000 ) ) ;
#5068 = EDGE_CURVE ( 'NONE', #10078, #5690, #4820, .T. ) ;
#5069 = FILL_AREA_STYLE ('',( #2490 ) ) ;
#5070 = DIRECTION ( 'NONE',  ( -0.0000000000000000000, -0.0000000000000000000, 1.000000000000000000 ) ) ;
#5071 = ORIENTED_EDGE ( 'NONE', *, *, #5049, .F. ) ;
#5072 = PLANE ( 'NONE',  #3964 ) ;
#5073 = FACE_OUTER_BOUND ( 'NONE', #2892, .T. ) ;
#5074 = CARTESIAN_POINT ( 'NONE',  ( 16.10000000000000142, 9.769999999999999574, 1.000000000000000000 ) ) ;
#5075 =( GEOMETRIC_REPRESENTATION_CONTEXT ( 3 ) GLOBAL_UNCERTAINTY_ASSIGNED_CONTEXT ( ( #8007 ) ) GLOBAL_UNIT_ASSIGNED_CONTEXT ( ( #856, #3499, #6015 ) ) REPRESENTATION_CONTEXT ( 'NONE', 'WORKASPACE' ) );
#5076 = CARTESIAN_POINT ( 'NONE',  ( -3.638409018513756935E-15, 11.81000000000000050, 0.9000000000000001332 ) ) ;
#5077 = CARTESIAN_POINT ( 'NONE',  ( 16.10000000000000142, 1.850000000000000089, 1.000000000000000000 ) ) ;
#5078 = PRESENTATION_STYLE_ASSIGNMENT (( #6745 ) ) ;
#5079 = PRESENTATION_STYLE_ASSIGNMENT (( #6856 ) ) ;
#5080 =( NAMED_UNIT ( * ) SI_UNIT ( $, .STERADIAN. ) SOLID_ANGLE_UNIT ( ) );
#5081 = AXIS2_PLACEMENT_3D ( 'NONE', #8682, #638, #697 ) ;
#5082 = CARTESIAN_POINT ( 'NONE',  ( 0.4750000000000029754, 0.4749999999999989786, 0.9000000000000001332 ) ) ;
#5083 = DIRECTION ( 'NONE',  ( 0.8164965809277269226, -0.4082482904638638499, -0.4082482904638606858 ) ) ;
#5084 = ORIENTED_EDGE ( 'NONE', *, *, #9728, .F. ) ;
#5085 = CYLINDRICAL_SURFACE ( 'NONE', #7867, 0.2999999999999999334 ) ;
#5086 = PRESENTATION_STYLE_ASSIGNMENT (( #4965 ) ) ;
#5087 = PRESENTATION_LAYER_ASSIGNMENT (  '', '', ( #4331 ) ) ;
#5088 = ORIENTED_EDGE ( 'NONE', *, *, #4693, .F. ) ;
#5089 = STYLED_ITEM ( 'NONE', ( #1962 ), #7687 ) ;
#5090 = MECHANICAL_DESIGN_GEOMETRIC_PRESENTATION_REPRESENTATION (  '', ( #3587 ), #8068 ) ;
#5091 = CARTESIAN_POINT ( 'NONE',  ( 9.400000000000000355, 15.50000000000000000, 0.0000000000000000000 ) ) ;
#5092 = CARTESIAN_POINT ( 'NONE',  ( 16.92084697793671566, -1.236502003200907529, 6.312266261133046896 ) ) ;
#5094 = ORIENTED_EDGE ( 'NONE', *, *, #1454, .T. ) ;
#5093 = FACE_OUTER_BOUND ( 'NONE', #2104, .T. ) ;
#5095 =( NAMED_UNIT ( * ) PLANE_ANGLE_UNIT ( ) SI_UNIT ( $, .RADIAN. ) );
#5096 = ORIENTED_EDGE ( 'NONE', *, *, #9343, .T. ) ;
#5097 = VECTOR ( 'NONE', #238, 1000.000000000000000 ) ;
#5098 = STYLED_ITEM ( 'NONE', ( #8250 ), #748 ) ;
#5099 = CARTESIAN_POINT ( 'NONE',  ( -0.1000000000000030032, 9.369999999999999218, 0.4499999999999990119 ) ) ;
#5100 = AXIS2_PLACEMENT_3D ( 'NONE', #10730, #1770, #4581 ) ;
#5101 = VECTOR ( 'NONE', #10927, 1000.000000000000000 ) ;
#5102 = SURFACE_SIDE_STYLE ('',( #678 ) ) ;
#5103 = UNCERTAINTY_MEASURE_WITH_UNIT (LENGTH_MEASURE( 1.000000000000000082E-05 ), #7854, 'distance_accuracy_value', 'NONE');
#5104 = LINE ( 'NONE', #8599, #7064 ) ;
#5105 = VERTEX_POINT ( 'NONE', #8498 ) ;
#5106 = SURFACE_STYLE_FILL_AREA ( #2405 ) ;
#5107 = ORIENTED_EDGE ( 'NONE', *, *, #9550, .F. ) ;
#5108 = CONICAL_SURFACE ( 'NONE', #7889, 0.7149999999197659273, 1.337817087730934107 ) ;
#5109 = ORIENTED_EDGE ( 'NONE', *, *, #7903, .F. ) ;
#5110 = ORIENTED_EDGE ( 'NONE', *, *, #10573, .F. ) ;
#5111 = PRESENTATION_STYLE_ASSIGNMENT (( #11275 ) ) ;
#5112 =( NAMED_UNIT ( * ) PLANE_ANGLE_UNIT ( ) SI_UNIT ( $, .RADIAN. ) );
#5113 = ORIENTED_EDGE ( 'NONE', *, *, #1540, .F. ) ;
#5114 = DIRECTION ( 'NONE',  ( 1.000000000000000000, 0.0000000000000000000, -0.0000000000000000000 ) ) ;
#5115 =( NAMED_UNIT ( * ) PLANE_ANGLE_UNIT ( ) SI_UNIT ( $, .RADIAN. ) );
#5116 = CARTESIAN_POINT ( 'NONE',  ( 16.10000000000000142, 10.16999999999999993, 0.4500000000000000666 ) ) ;
#5117 = ORIENTED_EDGE ( 'NONE', *, *, #10002, .T. ) ;
#5118 = UNCERTAINTY_MEASURE_WITH_UNIT (LENGTH_MEASURE( 1.000000000000000082E-05 ), #10788, 'distance_accuracy_value', 'NONE');
#5119 =( NAMED_UNIT ( * ) PLANE_ANGLE_UNIT ( ) SI_UNIT ( $, .RADIAN. ) );
#5120 = CARTESIAN_POINT ( 'NONE',  ( 15.25000000000000000, 15.15000000000000036, 1.000000000000000000 ) ) ;
#5121 = ADVANCED_FACE ( 'NONE', ( #5705, #4943 ), #7664, .F. ) ;
#5122 = AXIS2_PLACEMENT_3D ( 'NONE', #3070, #6405, #5767 ) ;
#5123 = FACE_OUTER_BOUND ( 'NONE', #1083, .T. ) ;
#5124 = ORIENTED_EDGE ( 'NONE', *, *, #5128, .T. ) ;
#5125 = CARTESIAN_POINT ( 'NONE',  ( 15.52499999999999858, 6.730000000000000426, 0.9000000000000001332 ) ) ;
#5126 =( NAMED_UNIT ( * ) SI_UNIT ( $, .STERADIAN. ) SOLID_ANGLE_UNIT ( ) );
#5127 = PLANE ( 'NONE',  #128 ) ;
#5128 = EDGE_CURVE ( 'NONE', #5875, #1991, #1089, .T. ) ;
#5129 = EDGE_CURVE ( 'NONE', #10516, #3231, #10346, .T. ) ;
#5130 = SURFACE_STYLE_USAGE ( .BOTH. , #250 ) ;
#5131 = PRESENTATION_LAYER_ASSIGNMENT (  '', '', ( #9947 ) ) ;
#5132 = ORIENTED_EDGE ( 'NONE', *, *, #654, .F. ) ;
#5133 = VECTOR ( 'NONE', #3079, 1000.000000000000000 ) ;
#5134 = CARTESIAN_POINT ( 'NONE',  ( 7.339853684716938886, 6.484661443751909893, 6.113766450171606692 ) ) ;
#5135 = CARTESIAN_POINT ( 'NONE',  ( 15.52500000000000036, 0.4749999999999989786, 0.9000000000000001332 ) ) ;
#5136 =( NAMED_UNIT ( * ) SI_UNIT ( $, .STERADIAN. ) SOLID_ANGLE_UNIT ( ) );
#5137 = ADVANCED_FACE ( 'NONE', ( #2992 ), #4128, .T. ) ;
#5138 = DIRECTION ( 'NONE',  ( -0.0000000000000000000, 1.000000000000000000, 0.0000000000000000000 ) ) ;
#5139 =( GEOMETRIC_REPRESENTATION_CONTEXT ( 3 ) GLOBAL_UNCERTAINTY_ASSIGNED_CONTEXT ( ( #4702 ) ) GLOBAL_UNIT_ASSIGNED_CONTEXT ( ( #10230, #2495, #4954 ) ) REPRESENTATION_CONTEXT ( 'NONE', 'WORKASPACE' ) );
#5140 =( NAMED_UNIT ( * ) PLANE_ANGLE_UNIT ( ) SI_UNIT ( $, .RADIAN. ) );
#5141 = CIRCLE ( 'NONE', #5335, 0.2500000000000002220 ) ;
#5142 = CARTESIAN_POINT ( 'NONE',  ( 9.808906512090906915, 7.693460729981488555, 6.500000000000002665 ) ) ;
#5143 = MECHANICAL_DESIGN_GEOMETRIC_PRESENTATION_REPRESENTATION (  '', ( #10332 ), #9781 ) ;
#5144 = FILL_AREA_STYLE ('',( #11422 ) ) ;
#5145 = CARTESIAN_POINT ( 'NONE',  ( 0.1242640687119417470, 16.89999999999998437, 6.150000000000000355 ) ) ;
#5146 = EDGE_CURVE ( 'NONE', #4932, #8071, #4670, .T. ) ;
#5147 = ORIENTED_EDGE ( 'NONE', *, *, #7831, .F. ) ;
#5148 = PLANE ( 'NONE',  #4676 ) ;
#5149 = AXIS2_PLACEMENT_3D ( 'NONE', #930, #989, #1044 ) ;
#5150 = STYLED_ITEM ( 'NONE', ( #247 ), #4769 ) ;
#5151 = EDGE_CURVE ( 'NONE', #883, #3285, #1301, .T. ) ;
#5152 = CIRCLE ( 'NONE', #3620, 0.3999999999999998557 ) ;
#5153 = CARTESIAN_POINT ( 'NONE',  ( 15.25000000000000000, 12.60999999999999943, 1.000000000000000000 ) ) ;
#5154 = LINE ( 'NONE', #9684, #2243 ) ;
#5156 = ORIENTED_EDGE ( 'NONE', *, *, #2472, .T. ) ;
#5155 = CARTESIAN_POINT ( 'NONE',  ( -0.1000000000000020040, 7.730000000000000426, 1.000000000000000000 ) ) ;
#5157 = CARTESIAN_POINT ( 'NONE',  ( 15.52500000000000036, 0.4749999999999989786, 1.000000000000000000 ) ) ;
#5159 = ORIENTED_EDGE ( 'NONE', *, *, #3112, .T. ) ;
#5158 = DIRECTION ( 'NONE',  ( 1.000000000000000000, -0.0000000000000000000, 0.0000000000000000000 ) ) ;
#5160 = CARTESIAN_POINT ( 'NONE',  ( 15.35594010767585083, 15.35594010767584727, 2.130940107675856066 ) ) ;
#5161 = CARTESIAN_POINT ( 'NONE',  ( 8.490762904907192876, 15.52500000000000036, 0.9000000000000001332 ) ) ;
#5162 = FACE_OUTER_BOUND ( 'NONE', #163, .T. ) ;
#5163 = LINE ( 'NONE', #6018, #9210 ) ;
#5164 = DIRECTION ( 'NONE',  ( 1.000000000000000000, 0.0000000000000000000, 0.0000000000000000000 ) ) ;
#5165 = VERTEX_POINT ( 'NONE', #5064 ) ;
#5166 =( LENGTH_UNIT ( ) NAMED_UNIT ( * ) SI_UNIT ( .MILLI., .METRE. ) );
#5167 = VERTEX_POINT ( 'NONE', #4410 ) ;
#5169 = ORIENTED_EDGE ( 'NONE', *, *, #3163, .F. ) ;
#5168 = PLANE ( 'NONE',  #8262 ) ;
#5170 = EDGE_LOOP ( 'NONE', ( #2019, #7636, #2912, #2145, #1077, #5044 ) ) ;
#5171 = DIRECTION ( 'NONE',  ( 2.775557561562889872E-16, -1.000000000000000000, 0.0000000000000000000 ) ) ;
#5172 = VERTEX_POINT ( 'NONE', #1828 ) ;
#5173 = PRESENTATION_STYLE_ASSIGNMENT (( #3457 ) ) ;
#5174 = PRESENTATION_STYLE_ASSIGNMENT (( #10390 ) ) ;
#5175 = EDGE_LOOP ( 'NONE', ( #3514, #423, #5480, #1508, #12, #9118, #7233, #10054 ) ) ;
#5176 = DIRECTION ( 'NONE',  ( 1.000000000000000000, 0.0000000000000000000, -0.0000000000000000000 ) ) ;
#5177 = VECTOR ( 'NONE', #1150, 1000.000000000000000 ) ;
#5178 = PRESENTATION_STYLE_ASSIGNMENT (( #8851 ) ) ;
#5179 = ORIENTED_EDGE ( 'NONE', *, *, #10086, .T. ) ;
#5180 = FILL_AREA_STYLE ('',( #2541 ) ) ;
#5181 = LINE ( 'NONE', #4534, #5667 ) ;
#5182 = DIRECTION ( 'NONE',  ( -1.000000000000000000, -1.659300716151730101E-16, 0.0000000000000000000 ) ) ;
#5183 = COLOUR_RGB ( '',0.8196078431372548767, 0.7058823529411764053, 0.5254901960784313930 ) ;
#5184 = DIRECTION ( 'NONE',  ( 0.0000000000000000000, -0.0000000000000000000, 1.000000000000000000 ) ) ;
#5185 = DIRECTION ( 'NONE',  ( -1.475379434717819995E-16, 1.000000000000000000, 0.0000000000000000000 ) ) ;
#5186 = VERTEX_POINT ( 'NONE', #5296 ) ;
#5187 = CARTESIAN_POINT ( 'NONE',  ( 16.00000000000000000, 0.0000000000000000000, 0.0000000000000000000 ) ) ;
#5188 = CARTESIAN_POINT ( 'NONE',  ( 16.10000000000000142, 14.34999999999999964, 1.000000000000000000 ) ) ;
#5189 = DIRECTION ( 'NONE',  ( 0.0000000000000000000, 0.0000000000000000000, 1.000000000000000000 ) ) ;
#5190 = SURFACE_STYLE_FILL_AREA ( #6971 ) ;
#5191 = PRESENTATION_STYLE_ASSIGNMENT (( #9619 ) ) ;
#5192 = FILL_AREA_STYLE_COLOUR ( '', #10305 ) ;
#5193 = CARTESIAN_POINT ( 'NONE',  ( 8.900000000000000355, 0.5000000000000000000, 0.0000000000000000000 ) ) ;
#5194 = CARTESIAN_POINT ( 'NONE',  ( 0.7499999999999960032, 15.15000000000000036, 1.000000000000000000 ) ) ;
#5195 = EDGE_CURVE ( 'NONE', #7496, #4846, #6323, .T. ) ;
#5196 = DIRECTION ( 'NONE',  ( -0.0000000000000000000, -0.0000000000000000000, 1.000000000000000000 ) ) ;
#5197 = COLOUR_RGB ( '',0.1803921568627450955, 0.4627450980392157076, 0.2823529411764705843 ) ;
#5198 = EDGE_CURVE ( 'NONE', #5400, #10623, #5402, .T. ) ;
#5199 = ORIENTED_EDGE ( 'NONE', *, *, #5128, .F. ) ;
#5200 = SURFACE_STYLE_USAGE ( .BOTH. , #5323 ) ;
#5201 = PRESENTATION_STYLE_ASSIGNMENT (( #1629 ) ) ;
#5202 = UNCERTAINTY_MEASURE_WITH_UNIT (LENGTH_MEASURE( 1.000000000000000082E-05 ), #1964, 'distance_accuracy_value', 'NONE');
#5203 = STYLED_ITEM ( 'NONE', ( #10877 ), #8396 ) ;
#5204 = ORIENTED_EDGE ( 'NONE', *, *, #3176, .T. ) ;
#5205 = EDGE_CURVE ( 'NONE', #4875, #7583, #9925, .T. ) ;
#5206 = AXIS2_PLACEMENT_3D ( 'NONE', #7715, #685, #7834 ) ;
#5207 = CARTESIAN_POINT ( 'NONE',  ( 14.50000000000000000, 12.81000000000000050, 0.0000000000000000000 ) ) ;
#5208 = EDGE_CURVE ( 'NONE', #10840, #7352, #10689, .T. ) ;
#5209 = AXIS2_PLACEMENT_3D ( 'NONE', #7411, #936, #1353 ) ;
#5211 = ORIENTED_EDGE ( 'NONE', *, *, #9603, .T. ) ;
#5210 = FILL_AREA_STYLE_COLOUR ( '', #10295 ) ;
#5213 = VERTEX_POINT ( 'NONE', #5525 ) ;
#5212 = FILL_AREA_STYLE_COLOUR ( '', #10618 ) ;
#5214 = MECHANICAL_DESIGN_GEOMETRIC_PRESENTATION_REPRESENTATION (  '', ( #3711 ), #7225 ) ;
#5215 = DIRECTION ( 'NONE',  ( -0.0000000000000000000, -0.0000000000000000000, -1.000000000000000000 ) ) ;
#5216 = FACE_OUTER_BOUND ( 'NONE', #1631, .T. ) ;
#5217 = ADVANCED_FACE ( 'NONE', ( #823 ), #3700, .T. ) ;
#5218 = VECTOR ( 'NONE', #1, 1000.000000000000000 ) ;
#5219 = AXIS2_PLACEMENT_3D ( 'NONE', #1888, #7346, #10902 ) ;
#5220 = CARTESIAN_POINT ( 'NONE',  ( 0.4750000000000003109, 7.730000000000000426, 1.000000000000000000 ) ) ;
#5221 = DIRECTION ( 'NONE',  ( -0.0000000000000000000, -0.0000000000000000000, 1.000000000000000000 ) ) ;
#5222 = ORIENTED_EDGE ( 'NONE', *, *, #9411, .F. ) ;
#5223 = PRESENTATION_STYLE_ASSIGNMENT (( #7766 ) ) ;
#5224 = VECTOR ( 'NONE', #3086, 1000.000000000000000 ) ;
#5225 = UNCERTAINTY_MEASURE_WITH_UNIT (LENGTH_MEASURE( 1.000000000000000082E-05 ), #6993, 'distance_accuracy_value', 'NONE');
#5226 = ORIENTED_EDGE ( 'NONE', *, *, #5354, .F. ) ;
#5227 = VERTEX_POINT ( 'NONE', #7226 ) ;
#5228 =( GEOMETRIC_REPRESENTATION_CONTEXT ( 3 ) GLOBAL_UNCERTAINTY_ASSIGNED_CONTEXT ( ( #7779 ) ) GLOBAL_UNIT_ASSIGNED_CONTEXT ( ( #1547, #1664, #10572 ) ) REPRESENTATION_CONTEXT ( 'NONE', 'WORKASPACE' ) );
#5230 = ORIENTED_EDGE ( 'NONE', *, *, #11237, .T. ) ;
#5229 = DIRECTION ( 'NONE',  ( 1.000000000000000000, 0.0000000000000000000, 0.0000000000000000000 ) ) ;
#5231 = FILL_AREA_STYLE_COLOUR ( '', #5197 ) ;
#5232 = FACE_OUTER_BOUND ( 'NONE', #6860, .T. ) ;
#5233 = VERTEX_POINT ( 'NONE', #7953 ) ;
#5234 =( NAMED_UNIT ( * ) PLANE_ANGLE_UNIT ( ) SI_UNIT ( $, .RADIAN. ) );
#5235 = ORIENTED_EDGE ( 'NONE', *, *, #8465, .T. ) ;
#5236 = UNCERTAINTY_MEASURE_WITH_UNIT (LENGTH_MEASURE( 1.000000000000000082E-05 ), #5270, 'distance_accuracy_value', 'NONE');
#5237 = VECTOR ( 'NONE', #9896, 1000.000000000000000 ) ;
#5238 = PRESENTATION_STYLE_ASSIGNMENT (( #9488 ) ) ;
#5239 = CARTESIAN_POINT ( 'NONE',  ( 1.500000000000000222, 0.3999999999999893086, 1.000000000000000000 ) ) ;
#5240 = LINE ( 'NONE', #761, #4144 ) ;
#5241 = STYLED_ITEM ( 'NONE', ( #5086 ), #9331 ) ;
#5242 = ORIENTED_EDGE ( 'NONE', *, *, #1030, .T. ) ;
#5243 =( NAMED_UNIT ( * ) SI_UNIT ( $, .STERADIAN. ) SOLID_ANGLE_UNIT ( ) );
#5244 = PRESENTATION_LAYER_ASSIGNMENT (  '', '', ( #10802 ) ) ;
#5245 = SURFACE_SIDE_STYLE ('',( #9777 ) ) ;
#5246 = VECTOR ( 'NONE', #859, 1000.000000000000000 ) ;
#5247 =( LENGTH_UNIT ( ) NAMED_UNIT ( * ) SI_UNIT ( .MILLI., .METRE. ) );
#5248 =( NAMED_UNIT ( * ) SI_UNIT ( $, .STERADIAN. ) SOLID_ANGLE_UNIT ( ) );
#5249 = ORIENTED_EDGE ( 'NONE', *, *, #3604, .T. ) ;
#5250 = FILL_AREA_STYLE_COLOUR ( '', #383 ) ;
#5251 = SURFACE_STYLE_FILL_AREA ( #5361 ) ;
#5252 = STYLED_ITEM ( 'NONE', ( #1741 ), #1248 ) ;
#5253 = PRESENTATION_STYLE_ASSIGNMENT (( #152 ) ) ;
#5254 = SURFACE_SIDE_STYLE ('',( #7919 ) ) ;
#5255 = MECHANICAL_DESIGN_GEOMETRIC_PRESENTATION_REPRESENTATION (  '', ( #5792 ), #5058 ) ;
#5256 = CARTESIAN_POINT ( 'NONE',  ( 8.599561404661436370, 6.129214036332552240, 6.500000000000000888 ) ) ;
#5257 = FILL_AREA_STYLE_COLOUR ( '', #6572 ) ;
#5258 = CARTESIAN_POINT ( 'NONE',  ( 8.599561404661436370, 6.129214036332552240, 6.500000000000000888 ) ) ;
#5259 = CARTESIAN_POINT ( 'NONE',  ( 8.900000000000000355, 0.5000000000000000000, -0.03500000000000000333 ) ) ;
#5260 = FILL_AREA_STYLE ('',( #10535 ) ) ;
#5261 = ORIENTED_EDGE ( 'NONE', *, *, #5747, .F. ) ;
#5262 = FILL_AREA_STYLE_COLOUR ( '', #3442 ) ;
#5263 = VECTOR ( 'NONE', #7102, 1000.000000000000000 ) ;
#5264 = EDGE_CURVE ( 'NONE', #10805, #4113, #9511, .T. ) ;
#5265 = EDGE_LOOP ( 'NONE', ( #7541, #4956, #1768, #6865 ) ) ;
#5266 = ADVANCED_FACE ( 'NONE', ( #148 ), #10794, .T. ) ;
#5267 = AXIS2_PLACEMENT_3D ( 'NONE', #2594, #5892, #11414 ) ;
#5268 = ORIENTED_EDGE ( 'NONE', *, *, #3765, .T. ) ;
#5269 = LINE ( 'NONE', #1808, #5329 ) ;
#5270 =( LENGTH_UNIT ( ) NAMED_UNIT ( * ) SI_UNIT ( .MILLI., .METRE. ) );
#5271 = SURFACE_STYLE_USAGE ( .BOTH. , #10611 ) ;
#5272 = STYLED_ITEM ( 'NONE', ( #11001 ), #9696 ) ;
#5273 = CARTESIAN_POINT ( 'NONE',  ( 0.6796429402101353823, 15.14247491600186102, 2.273239203577865908 ) ) ;
#5274 = EDGE_CURVE ( 'NONE', #8406, #9027, #7466, .T. ) ;
#5275 = ADVANCED_FACE ( 'NONE', ( #4804 ), #319, .F. ) ;
#5276 = VECTOR ( 'NONE', #4819, 1000.000000000000000 ) ;
#5277 = FILL_AREA_STYLE_COLOUR ( '', #5413 ) ;
#5278 = ADVANCED_FACE ( 'NONE', ( #4695 ), #7947, .T. ) ;
#5279 = DIRECTION ( 'NONE',  ( 0.4082482904638600196, 0.8164965809277278108, 0.4082482904638626842 ) ) ;
#5280 = EDGE_LOOP ( 'NONE', ( #3856, #3312 ) ) ;
#5281 = ORIENTED_EDGE ( 'NONE', *, *, #363, .F. ) ;
#5282 = EDGE_CURVE ( 'NONE', #11508, #8246, #3220, .T. ) ;
#5283 = CIRCLE ( 'NONE', #4905, 0.3999999999999993006 ) ;
#5284 = EDGE_CURVE ( 'NONE', #81, #835, #4276, .T. ) ;
#5286 = VERTEX_POINT ( 'NONE', #9415 ) ;
#5285 =( NAMED_UNIT ( * ) PLANE_ANGLE_UNIT ( ) SI_UNIT ( $, .RADIAN. ) );
#5288 = ORIENTED_EDGE ( 'NONE', *, *, #1967, .F. ) ;
#5287 = DIRECTION ( 'NONE',  ( 0.0000000000000000000, 1.000000000000000000, 0.0000000000000000000 ) ) ;
#5289 = PRESENTATION_LAYER_ASSIGNMENT (  '', '', ( #9008 ) ) ;
#5290 = CARTESIAN_POINT ( 'NONE',  ( -4.440892098500630106E-15, 16.00000000000000000, 0.0000000000000000000 ) ) ;
#5291 = FILL_AREA_STYLE_COLOUR ( '', #10395 ) ;
#5292 = CARTESIAN_POINT ( 'NONE',  ( 14.50000000000000000, 9.269999999999999574, 1.000000000000000000 ) ) ;
#5293 = COLOUR_RGB ( '',0.4313725490196078649, 0.3490196078431372362, 0.2901960784313725172 ) ;
#5294 = LINE ( 'NONE', #7003, #702 ) ;
#5295 = ORIENTED_EDGE ( 'NONE', *, *, #3697, .F. ) ;
#5296 = CARTESIAN_POINT ( 'NONE',  ( 9.400000000000000355, 15.91000000000000014, 0.0000000000000000000 ) ) ;
#5297 = PRESENTATION_LAYER_ASSIGNMENT (  '', '', ( #171 ) ) ;
#5298 = PLANE ( 'NONE',  #5700 ) ;
#5299 = PRESENTATION_LAYER_ASSIGNMENT (  '', '', ( #6017 ) ) ;
#5300 = EDGE_CURVE ( 'NONE', #3265, #6828, #1403, .T. ) ;
#5301 = SURFACE_SIDE_STYLE ('',( #1724 ) ) ;
#5302 = VERTEX_POINT ( 'NONE', #6942 ) ;
#5303 = AXIS2_PLACEMENT_3D ( 'NONE', #3731, #6287, #9746 ) ;
#5304 = CARTESIAN_POINT ( 'NONE',  ( -3.885780586188050258E-15, 10.26999999999999957, 1.000000000000000000 ) ) ;
#5305 = MECHANICAL_DESIGN_GEOMETRIC_PRESENTATION_REPRESENTATION (  '', ( #788 ), #1931 ) ;
#5306 =( NAMED_UNIT ( * ) SI_UNIT ( $, .STERADIAN. ) SOLID_ANGLE_UNIT ( ) );
#5307 = UNCERTAINTY_MEASURE_WITH_UNIT (LENGTH_MEASURE( 1.000000000000000082E-05 ), #6328, 'distance_accuracy_value', 'NONE');
#5308 = DIRECTION ( 'NONE',  ( 1.000000000000000000, 0.0000000000000000000, 0.0000000000000000000 ) ) ;
#5309 = CARTESIAN_POINT ( 'NONE',  ( 17.19999999999999929, -1.200000000000009948, 2.299999999999999822 ) ) ;
#5310 = ORIENTED_EDGE ( 'NONE', *, *, #7956, .F. ) ;
#5311 = PRESENTATION_LAYER_ASSIGNMENT (  '', '', ( #3240 ) ) ;
#5312 = SURFACE_STYLE_USAGE ( .BOTH. , #10580 ) ;
#5313 = PRESENTATION_STYLE_ASSIGNMENT (( #4367 ) ) ;
#5314 = DIRECTION ( 'NONE',  ( -1.000000000000000000, -0.0000000000000000000, 0.0000000000000000000 ) ) ;
#5315 = FILL_AREA_STYLE ('',( #3662 ) ) ;
#5316 = CARTESIAN_POINT ( 'NONE',  ( 7.608090231921947222, 8.132806127595335610, 6.500000000000000888 ) ) ;
#5317 = CARTESIAN_POINT ( 'NONE',  ( 9.400000000000000355, 0.5000000000000000000, 0.9000000000000001332 ) ) ;
#5318 = DIRECTION ( 'NONE',  ( 0.0000000000000000000, 0.0000000000000000000, 1.000000000000000000 ) ) ;
#5319 = MECHANICAL_DESIGN_GEOMETRIC_PRESENTATION_REPRESENTATION (  '', ( #1174 ), #3997 ) ;
#5320 = STYLED_ITEM ( 'NONE', ( #5223 ), #6189 ) ;
#5321 = MECHANICAL_DESIGN_GEOMETRIC_PRESENTATION_REPRESENTATION (  '', ( #6051 ), #41 ) ;
#5322 = VERTEX_POINT ( 'NONE', #4223 ) ;
#5323 = SURFACE_SIDE_STYLE ('',( #9629 ) ) ;
#5324 = ORIENTED_EDGE ( 'NONE', *, *, #890, .T. ) ;
#5325 = MECHANICAL_DESIGN_GEOMETRIC_PRESENTATION_REPRESENTATION (  '', ( #9947 ), #6221 ) ;
#5326 = VECTOR ( 'NONE', #4686, 1000.000000000000000 ) ;
#5327 = CARTESIAN_POINT ( 'NONE',  ( 17.02587894728335272, 17.35461870564249764, 6.009055731601351091 ) ) ;
#5328 = DIRECTION ( 'NONE',  ( -0.0000000000000000000, 1.000000000000000000, 0.0000000000000000000 ) ) ;
#5329 = VECTOR ( 'NONE', #9850, 1000.000000000000000 ) ;
#5330 = ORIENTED_EDGE ( 'NONE', *, *, #9945, .T. ) ;
#5331 = DIRECTION ( 'NONE',  ( 2.775557561562889872E-16, -1.000000000000000000, 0.0000000000000000000 ) ) ;
#5332 =( NAMED_UNIT ( * ) SI_UNIT ( $, .STERADIAN. ) SOLID_ANGLE_UNIT ( ) );
#5333 = DIRECTION ( 'NONE',  ( -0.0000000000000000000, -0.0000000000000000000, -1.000000000000000000 ) ) ;
#5334 = PLANE ( 'NONE',  #7327 ) ;
#5335 = AXIS2_PLACEMENT_3D ( 'NONE', #7545, #8495, #11094 ) ;
#5336 =( GEOMETRIC_REPRESENTATION_CONTEXT ( 3 ) GLOBAL_UNCERTAINTY_ASSIGNED_CONTEXT ( ( #9875 ) ) GLOBAL_UNIT_ASSIGNED_CONTEXT ( ( #2668, #8935, #3618 ) ) REPRESENTATION_CONTEXT ( 'NONE', 'WORKASPACE' ) );
#5337 = EDGE_CURVE ( 'NONE', #6021, #631, #11200, .T. ) ;
#5338 = SURFACE_STYLE_FILL_AREA ( #1812 ) ;
#5339 = ORIENTED_EDGE ( 'NONE', *, *, #8617, .T. ) ;
#5341 = ORIENTED_EDGE ( 'NONE', *, *, #8547, .T. ) ;
#5340 =( LENGTH_UNIT ( ) NAMED_UNIT ( * ) SI_UNIT ( .MILLI., .METRE. ) );
#5342 = EDGE_CURVE ( 'NONE', #2570, #6374, #5104, .T. ) ;
#5343 = ORIENTED_EDGE ( 'NONE', *, *, #9821, .T. ) ;
#5344 = EDGE_CURVE ( 'NONE', #1021, #11451, #10376, .T. ) ;
#5345 = PRESENTATION_STYLE_ASSIGNMENT (( #8731 ) ) ;
#5346 = ADVANCED_FACE ( 'NONE', ( #11380 ), #8778, .F. ) ;
#5347 = CARTESIAN_POINT ( 'NONE',  ( 0.8749999999999970024, 15.12500000000000000, 1.000000000000000000 ) ) ;
#5348 = ORIENTED_EDGE ( 'NONE', *, *, #4284, .T. ) ;
#5349 = UNCERTAINTY_MEASURE_WITH_UNIT (LENGTH_MEASURE( 1.000000000000000082E-05 ), #4406, 'distance_accuracy_value', 'NONE');
#5350 =( LENGTH_UNIT ( ) NAMED_UNIT ( * ) SI_UNIT ( .MILLI., .METRE. ) );
#5351 =( NAMED_UNIT ( * ) PLANE_ANGLE_UNIT ( ) SI_UNIT ( $, .RADIAN. ) );
#5352 = FACE_OUTER_BOUND ( 'NONE', #5175, .T. ) ;
#5353 = EDGE_CURVE ( 'NONE', #9682, #1412, #8723, .T. ) ;
#5354 = EDGE_CURVE ( 'NONE', #866, #11105, #680, .T. ) ;
#5355 = ORIENTED_EDGE ( 'NONE', *, *, #6816, .F. ) ;
#5356 = CARTESIAN_POINT ( 'NONE',  ( 16.10000000000000142, 12.81000000000000050, 1.000000000000000000 ) ) ;
#5357 = PLANE ( 'NONE',  #8854 ) ;
#5358 = EDGE_CURVE ( 'NONE', #5051, #6652, #2232, .T. ) ;
#5359 = LINE ( 'NONE', #1000, #4085 ) ;
#5360 = ORIENTED_EDGE ( 'NONE', *, *, #6306, .T. ) ;
#5361 = FILL_AREA_STYLE ('',( #11412 ) ) ;
#5362 = PLANE ( 'NONE',  #9763 ) ;
#5363 = DIRECTION ( 'NONE',  ( -1.000000000000000000, -0.0000000000000000000, -0.0000000000000000000 ) ) ;
#5364 = MECHANICAL_DESIGN_GEOMETRIC_PRESENTATION_REPRESENTATION (  '', ( #2363 ), #5910 ) ;
#5365 = CARTESIAN_POINT ( 'NONE',  ( 8.900000000000000355, 0.09000000000000002442, -0.03500000000000000333 ) ) ;
#5366 = DIRECTION ( 'NONE',  ( 0.0000000000000000000, 1.000000000000000000, 0.0000000000000000000 ) ) ;
#5367 = CARTESIAN_POINT ( 'NONE',  ( -2.220446049250309925E-15, 7.730000000000000426, 1.000000000000000000 ) ) ;
#5368 = DIRECTION ( 'NONE',  ( -1.000000000000000000, 0.0000000000000000000, 0.0000000000000000000 ) ) ;
#5369 = ORIENTED_EDGE ( 'NONE', *, *, #7453, .T. ) ;
#5370 = DIRECTION ( 'NONE',  ( 0.0000000000000000000, 0.0000000000000000000, 1.000000000000000000 ) ) ;
#5371 =( LENGTH_UNIT ( ) NAMED_UNIT ( * ) SI_UNIT ( .MILLI., .METRE. ) );
#5372 = PRESENTATION_STYLE_ASSIGNMENT (( #11480 ) ) ;
#5373 = VECTOR ( 'NONE', #4076, 1000.000000000000000 ) ;
#5374 = ORIENTED_EDGE ( 'NONE', *, *, #1464, .F. ) ;
#5375 = FILL_AREA_STYLE_COLOUR ( '', #5183 ) ;
#5376 = LINE ( 'NONE', #8822, #4502 ) ;
#5378 = ORIENTED_EDGE ( 'NONE', *, *, #1449, .F. ) ;
#5377 = LINE ( 'NONE', #11485, #8451 ) ;
#5379 = COLOUR_RGB ( '',0.1803921568627450955, 0.4627450980392157076, 0.2823529411764705843 ) ;
#5380 = LINE ( 'NONE', #6071, #3059 ) ;
#5381 = PLANE ( 'NONE',  #3606 ) ;
#5382 = CARTESIAN_POINT ( 'NONE',  ( 15.25000000000000000, 4.990000000000000213, 1.000000000000000000 ) ) ;
#5383 = DIRECTION ( 'NONE',  ( -0.0000000000000000000, -0.0000000000000000000, 1.000000000000000000 ) ) ;
#5384 = LINE ( 'NONE', #3566, #10989 ) ;
#5385 = PLANE ( 'NONE',  #313 ) ;
#5386 = AXIS2_PLACEMENT_3D ( 'NONE', #4437, #2770, #2882 ) ;
#5387 = CARTESIAN_POINT ( 'NONE',  ( -2.220446049250309925E-15, 7.730000000000000426, 1.000000000000000000 ) ) ;
#5388 = SURFACE_SIDE_STYLE ('',( #9804 ) ) ;
#5389 = PRESENTATION_LAYER_ASSIGNMENT (  '', '', ( #101 ) ) ;
#5390 = CARTESIAN_POINT ( 'NONE',  ( 16.89999999999999503, -0.9000000000000014655, 6.150000000000001243 ) ) ;
#5391 = ORIENTED_EDGE ( 'NONE', *, *, #5902, .T. ) ;
#5392 = DIRECTION ( 'NONE',  ( 1.000000000000000000, 5.421010862427522170E-16, 1.084202172485504434E-15 ) ) ;
#5393 = CARTESIAN_POINT ( 'NONE',  ( 0.7500000000000000000, 0.3999999999999889200, 1.000000000000000000 ) ) ;
#5395 = ORIENTED_EDGE ( 'NONE', *, *, #4206, .F. ) ;
#5394 = CARTESIAN_POINT ( 'NONE',  ( -0.6804741145596279184, 16.07137390509653230, 6.682836436600426033 ) ) ;
#5396 = ORIENTED_EDGE ( 'NONE', *, *, #9064, .T. ) ;
#5397 = PRESENTATION_LAYER_ASSIGNMENT (  '', '', ( #7989 ) ) ;
#5398 = LINE ( 'NONE', #3643, #896 ) ;
#5399 = CARTESIAN_POINT ( 'NONE',  ( 0.2999999999999986566, 4.689999999999990621, -0.1000000000000028644 ) ) ;
#5400 = VERTEX_POINT ( 'NONE', #6352 ) ;
#5401 = AXIS2_PLACEMENT_3D ( 'NONE', #11330, #6781, #8613 ) ;
#5402 = LINE ( 'NONE', #1948, #717 ) ;
#5403 = MECHANICAL_DESIGN_GEOMETRIC_PRESENTATION_REPRESENTATION (  '', ( #3718 ), #9496 ) ;
#5404 = SURFACE_STYLE_FILL_AREA ( #3648 ) ;
#5405 = EDGE_CURVE ( 'NONE', #3383, #327, #919, .T. ) ;
#5406 = CARTESIAN_POINT ( 'NONE',  ( 0.6440598923241535045, 0.5497803701932648668, 2.036660585544966651 ) ) ;
#5407 = AXIS2_PLACEMENT_3D ( 'NONE', #1163, #2160, #10956 ) ;
#5408 =( NAMED_UNIT ( * ) PLANE_ANGLE_UNIT ( ) SI_UNIT ( $, .RADIAN. ) );
#5409 = EDGE_CURVE ( 'NONE', #1097, #4389, #10551, .T. ) ;
#5410 = ORIENTED_EDGE ( 'NONE', *, *, #1176, .F. ) ;
#5411 = DIRECTION ( 'NONE',  ( 0.0000000000000000000, -0.0000000000000000000, -1.000000000000000000 ) ) ;
#5412 =( NAMED_UNIT ( * ) PLANE_ANGLE_UNIT ( ) SI_UNIT ( $, .RADIAN. ) );
#5413 = COLOUR_RGB ( '',0.4313725490196078649, 0.3490196078431372362, 0.2901960784313725172 ) ;
#5414 = CARTESIAN_POINT ( 'NONE',  ( -0.1000000000000040162, 14.34999999999999964, 1.000000000000000000 ) ) ;
#5415 = STYLED_ITEM ( 'NONE', ( #4874 ), #1400 ) ;
#5416 = VECTOR ( 'NONE', #3845, 1000.000000000000000 ) ;
#5417 = STYLED_ITEM ( 'NONE', ( #1890 ), #5217 ) ;
#5418 = SURFACE_STYLE_USAGE ( .BOTH. , #11577 ) ;
#5419 = ORIENTED_EDGE ( 'NONE', *, *, #11398, .T. ) ;
#5420 = ADVANCED_FACE ( 'NONE', ( #6995 ), #9916, .T. ) ;
#5421 = DIRECTION ( 'NONE',  ( -2.775557561562889872E-16, 1.000000000000000000, 0.0000000000000000000 ) ) ;
#5422 = EDGE_CURVE ( 'NONE', #8847, #10805, #1032, .T. ) ;
#5423 = STYLED_ITEM ( 'NONE', ( #5201 ), #9396 ) ;
#5424 = SURFACE_STYLE_USAGE ( .BOTH. , #2070 ) ;
#5425 = SURFACE_SIDE_STYLE ('',( #8156 ) ) ;
#5426 = VECTOR ( 'NONE', #3852, 1000.000000000000000 ) ;
#5427 = EDGE_CURVE ( 'NONE', #3282, #10448, #975, .T. ) ;
#5428 = CARTESIAN_POINT ( 'NONE',  ( 14.50000000000000000, 4.190000000000000391, 1.000000000000000000 ) ) ;
#5429 = LINE ( 'NONE', #8810, #6201 ) ;
#5430 = DIRECTION ( 'NONE',  ( -0.0000000000000000000, -0.0000000000000000000, -1.000000000000000000 ) ) ;
#5431 = CARTESIAN_POINT ( 'NONE',  ( 0.5442810861169241621, 15.35000000000000142, 0.9000000000000001332 ) ) ;
#5432 = CARTESIAN_POINT ( 'NONE',  ( 16.10000000000000142, 4.389999999999999680, -0.1000000000000000056 ) ) ;
#5433 = VERTEX_POINT ( 'NONE', #3631 ) ;
#5434 = MECHANICAL_DESIGN_GEOMETRIC_PRESENTATION_REPRESENTATION (  '', ( #2055 ), #4867 ) ;
#5435 =( NAMED_UNIT ( * ) SI_UNIT ( $, .STERADIAN. ) SOLID_ANGLE_UNIT ( ) );
#5436 = FILL_AREA_STYLE ('',( #9901 ) ) ;
#5437 = VERTEX_POINT ( 'NONE', #6241 ) ;
#5438 = CIRCLE ( 'NONE', #547, 0.4000000000000000777 ) ;
#5439 = FILL_AREA_STYLE ('',( #5375 ) ) ;
#5440 = CYLINDRICAL_SURFACE ( 'NONE', #9529, 0.2999999999999999889 ) ;
#5442 = ORIENTED_EDGE ( 'NONE', *, *, #3554, .T. ) ;
#5441 = DIRECTION ( 'NONE',  ( 2.220446049250309925E-15, -1.000000000000000000, 0.0000000000000000000 ) ) ;
#5443 = LINE ( 'NONE', #1979, #3828 ) ;
#5444 = DIRECTION ( 'NONE',  ( 0.0000000000000000000, 0.0000000000000000000, 1.000000000000000000 ) ) ;
#5445 =( GEOMETRIC_REPRESENTATION_CONTEXT ( 3 ) GLOBAL_UNCERTAINTY_ASSIGNED_CONTEXT ( ( #4966 ) ) GLOBAL_UNIT_ASSIGNED_CONTEXT ( ( #891, #8867, #10705 ) ) REPRESENTATION_CONTEXT ( 'NONE', 'WORKASPACE' ) );
#5446 = LINE ( 'NONE', #1981, #3169 ) ;
#5447 = PRESENTATION_STYLE_ASSIGNMENT (( #1984 ) ) ;
#5448 = CARTESIAN_POINT ( 'NONE',  ( 8.599999999999999645, 7.810000000000025366, 6.950000000000001066 ) ) ;
#5449 = AXIS2_PLACEMENT_3D ( 'NONE', #1313, #1372, #1430 ) ;
#5450 = SURFACE_STYLE_USAGE ( .BOTH. , #970 ) ;
#5451 = ORIENTED_EDGE ( 'NONE', *, *, #6799, .T. ) ;
#5452 = DIRECTION ( 'NONE',  ( 1.000000000000000000, 0.0000000000000000000, 0.0000000000000000000 ) ) ;
#5453 = DIRECTION ( 'NONE',  ( 0.0000000000000000000, 0.0000000000000000000, -1.000000000000000000 ) ) ;
#5454 = CARTESIAN_POINT ( 'NONE',  ( 8.000000000000000000, 15.35000000000000142, 0.0000000000000000000 ) ) ;
#5455 = ORIENTED_EDGE ( 'NONE', *, *, #8538, .F. ) ;
#5456 = CARTESIAN_POINT ( 'NONE',  ( 0.7499999999999990008, 4.389999999999989910, 1.000000000000000000 ) ) ;
#5457 = SURFACE_STYLE_FILL_AREA ( #7052 ) ;
#5458 = AXIS2_PLACEMENT_3D ( 'NONE', #5002, #4302, #3245 ) ;
#5460 = ORIENTED_EDGE ( 'NONE', *, *, #9557, .T. ) ;
#5459 = CARTESIAN_POINT ( 'NONE',  ( -1.015346593356298399, 16.15218474541041616, 6.264927720733855843 ) ) ;
#5461 = VERTEX_POINT ( 'NONE', #9805 ) ;
#5462 = CIRCLE ( 'NONE', #2459, 0.3000000000000000444 ) ;
#5463 = CARTESIAN_POINT ( 'NONE',  ( 0.05107219785696268111, 16.97224789917741816, 6.431821204144044124 ) ) ;
#5464 = LINE ( 'NONE', #8142, #1080 ) ;
#5465 = UNCERTAINTY_MEASURE_WITH_UNIT (LENGTH_MEASURE( 1.000000000000000082E-05 ), #2085, 'distance_accuracy_value', 'NONE');
#5466 = SURFACE_STYLE_FILL_AREA ( #870 ) ;
#5467 = COLOUR_RGB ( '',0.8196078431372548767, 0.7058823529411764053, 0.5254901960784313930 ) ;
#5468 = DIRECTION ( 'NONE',  ( -1.000000000000000000, -7.401486830834370362E-16, -0.0000000000000000000 ) ) ;
#5469 = COLOUR_RGB ( '',0.8196078431372548767, 0.7058823529411764053, 0.5254901960784313930 ) ;
#5470 =( GEOMETRIC_REPRESENTATION_CONTEXT ( 3 ) GLOBAL_UNCERTAINTY_ASSIGNED_CONTEXT ( ( #1571 ) ) GLOBAL_UNIT_ASSIGNED_CONTEXT ( ( #7710, #7942, #5964 ) ) REPRESENTATION_CONTEXT ( 'NONE', 'WORKASPACE' ) );
#5471 =( NAMED_UNIT ( * ) PLANE_ANGLE_UNIT ( ) SI_UNIT ( $, .RADIAN. ) );
#5472 = CARTESIAN_POINT ( 'NONE',  ( -2.145515632440756646E-16, 1.849999999999990097, 1.000000000000000444 ) ) ;
#5473 = ORIENTED_EDGE ( 'NONE', *, *, #5647, .T. ) ;
#5474 = DIRECTION ( 'NONE',  ( 1.000000000000000000, -0.0000000000000000000, 0.0000000000000000000 ) ) ;
#5475 = SURFACE_STYLE_USAGE ( .BOTH. , #1894 ) ;
#5476 = FILL_AREA_STYLE_COLOUR ( '', #10960 ) ;
#5477 = VECTOR ( 'NONE', #3749, 1000.000000000000000 ) ;
#5478 = VERTEX_POINT ( 'NONE', #1813 ) ;
#5479 = CARTESIAN_POINT ( 'NONE',  ( 15.45571891388309993, 15.35000000000000142, 1.000000000000000000 ) ) ;
#5480 = ORIENTED_EDGE ( 'NONE', *, *, #3465, .T. ) ;
#5481 = VECTOR ( 'NONE', #888, 1000.000000000000000 ) ;
#5482 = EDGE_CURVE ( 'NONE', #3290, #5105, #9009, .T. ) ;
#5483 = DIRECTION ( 'NONE',  ( 0.0000000000000000000, 0.0000000000000000000, 1.000000000000000000 ) ) ;
#5484 = FILL_AREA_STYLE_COLOUR ( '', #9594 ) ;
#5485 = PRODUCT_DEFINITION ( 'UNKNOWN', '', #3944, #8950 ) ;
#5486 = LINE ( 'NONE', #9040, #6681 ) ;
#5487 = LINE ( 'NONE', #1008, #8828 ) ;
#5488 = EDGE_CURVE ( 'NONE', #1448, #1179, #3919, .T. ) ;
#5489 = PLANE ( 'NONE',  #11162 ) ;
#5490 =( NAMED_UNIT ( * ) PLANE_ANGLE_UNIT ( ) SI_UNIT ( $, .RADIAN. ) );
#5491 = EDGE_CURVE ( 'NONE', #6203, #10078, #4578, .T. ) ;
#5492 = AXIS2_PLACEMENT_3D ( 'NONE', #2700, #11573, #8031 ) ;
#5493 = ORIENTED_EDGE ( 'NONE', *, *, #9613, .T. ) ;
#5494 = DIRECTION ( 'NONE',  ( 1.000000000000000000, 0.0000000000000000000, -0.0000000000000000000 ) ) ;
#5495 = EDGE_CURVE ( 'NONE', #4209, #8406, #8070, .T. ) ;
#5496 = VERTEX_POINT ( 'NONE', #3503 ) ;
#5497 = LINE ( 'NONE', #4560, #4806 ) ;
#5498 = DIRECTION ( 'NONE',  ( -1.000000000000000000, -0.0000000000000000000, 0.0000000000000000000 ) ) ;
#5499 = AXIS2_PLACEMENT_3D ( 'NONE', #6919, #1504, #1377 ) ;
#5501 = EDGE_LOOP ( 'NONE', ( #7551, #6082, #8274, #5740, #5147 ) ) ;
#5500 = DIRECTION ( 'NONE',  ( -0.0000000000000000000, 0.0000000000000000000, 1.000000000000000000 ) ) ;
#5502 = VECTOR ( 'NONE', #1645, 1000.000000000000000 ) ;
#5503 = SURFACE_STYLE_FILL_AREA ( #6522 ) ;
#5504 = CYLINDRICAL_SURFACE ( 'NONE', #4366, 0.2999999999999999889 ) ;
#5505 = EDGE_CURVE ( 'NONE', #2849, #3265, #7048, .T. ) ;
#5506 = SURFACE_STYLE_FILL_AREA ( #68 ) ;
#5507 = CARTESIAN_POINT ( 'NONE',  ( -0.1000000000000020040, 7.230000000000000426, -0.1000000000000000056 ) ) ;
#5508 = SURFACE_SIDE_STYLE ('',( #7101 ) ) ;
#5509 = FILL_AREA_STYLE_COLOUR ( '', #11146 ) ;
#5510 = ORIENTED_EDGE ( 'NONE', *, *, #7104, .T. ) ;
#5511 = CARTESIAN_POINT ( 'NONE',  ( 15.25000000000000000, 7.530000000000000249, 1.000000000000000000 ) ) ;
#5512 = EDGE_CURVE ( 'NONE', #1892, #5004, #1880, .T. ) ;
#5513 = STYLED_ITEM ( 'NONE', ( #3597 ), #10814 ) ;
#5514 = AXIS2_PLACEMENT_3D ( 'NONE', #7214, #10619, #5392 ) ;
#5515 = DIRECTION ( 'NONE',  ( -1.000000000000000000, -0.0000000000000000000, -0.0000000000000000000 ) ) ;
#5516 = CIRCLE ( 'NONE', #6775, 0.3000000000000016542 ) ;
#5517 = ORIENTED_EDGE ( 'NONE', *, *, #1630, .T. ) ;
#5518 = CARTESIAN_POINT ( 'NONE',  ( -3.748520591151384608E-15, 12.00999999999999979, -0.1000000000000014350 ) ) ;
#5519 = VERTEX_POINT ( 'NONE', #3685 ) ;
#5520 = VERTEX_POINT ( 'NONE', #6414 ) ;
#5521 = VECTOR ( 'NONE', #9380, 1000.000000000000000 ) ;
#5522 = AXIS2_PLACEMENT_3D ( 'NONE', #7483, #4771, #3874 ) ;
#5523 = CARTESIAN_POINT ( 'NONE',  ( 0.02329703753470014835, 17.14375597602062484, 6.292788944843390020 ) ) ;
#5524 = CARTESIAN_POINT ( 'NONE',  ( -1.162958618294854000E-15, 4.189999999999988844, 0.0000000000000000000 ) ) ;
#5525 = CARTESIAN_POINT ( 'NONE',  ( 8.900000000000000355, 15.91000000000000014, 0.0000000000000000000 ) ) ;
#5526 = DIRECTION ( 'NONE',  ( 0.0000000000000000000, 0.0000000000000000000, -1.000000000000000000 ) ) ;
#5527 = DIRECTION ( 'NONE',  ( -1.000000000000000000, 0.0000000000000000000, 0.0000000000000000000 ) ) ;
#5528 = ORIENTED_EDGE ( 'NONE', *, *, #6519, .T. ) ;
#5529 = SURFACE_STYLE_FILL_AREA ( #934 ) ;
#5530 = LINE ( 'NONE', #1118, #6318 ) ;
#5531 = UNCERTAINTY_MEASURE_WITH_UNIT (LENGTH_MEASURE( 1.000000000000000082E-05 ), #1422, 'distance_accuracy_value', 'NONE');
#5532 = PLANE ( 'NONE',  #9130 ) ;
#5533 = ORIENTED_EDGE ( 'NONE', *, *, #4478, .T. ) ;
#5534 = DIRECTION ( 'NONE',  ( -0.0000000000000000000, -0.0000000000000000000, -1.000000000000000000 ) ) ;
#5535 = DIRECTION ( 'NONE',  ( 0.0000000000000000000, 0.0000000000000000000, -1.000000000000000000 ) ) ;
#5536 = VERTEX_POINT ( 'NONE', #10231 ) ;
#5537 = SURFACE_STYLE_USAGE ( .BOTH. , #3532 ) ;
#5538 = CYLINDRICAL_SURFACE ( 'NONE', #8116, 0.2999999999999999889 ) ;
#5539 = DIRECTION ( 'NONE',  ( 0.0000000000000000000, 0.0000000000000000000, 1.000000000000000000 ) ) ;
#5540 = PLANE ( 'NONE',  #6967 ) ;
#5541 = DIRECTION ( 'NONE',  ( 0.0000000000000000000, 0.0000000000000000000, 1.000000000000000000 ) ) ;
#5542 = SURFACE_STYLE_USAGE ( .BOTH. , #7312 ) ;
#5543 = DIRECTION ( 'NONE',  ( 0.5773502691896229555, 0.5773502691896229555, 0.5773502691896316152 ) ) ;
#5544 =( NAMED_UNIT ( * ) PLANE_ANGLE_UNIT ( ) SI_UNIT ( $, .RADIAN. ) );
#5545 = EDGE_LOOP ( 'NONE', ( #6402, #172, #7507, #11432, #5710, #7000, #1292, #707 ) ) ;
#5546 =( GEOMETRIC_REPRESENTATION_CONTEXT ( 3 ) GLOBAL_UNCERTAINTY_ASSIGNED_CONTEXT ( ( #9655 ) ) GLOBAL_UNIT_ASSIGNED_CONTEXT ( ( #8313, #10085, #674 ) ) REPRESENTATION_CONTEXT ( 'NONE', 'WORKASPACE' ) );
#5547 = CARTESIAN_POINT ( 'NONE',  ( 15.12500000000000000, 0.8749999999999990008, 0.9000000000000001332 ) ) ;
#5548 = SURFACE_SIDE_STYLE ('',( #2022 ) ) ;
#5549 = ORIENTED_EDGE ( 'NONE', *, *, #4760, .T. ) ;
#5550 = VECTOR ( 'NONE', #6293, 1000.000000000000000 ) ;
#5551 = CARTESIAN_POINT ( 'NONE',  ( 0.7499999999999970024, 9.470000000000000639, -0.1000000000000000056 ) ) ;
#5552 = EDGE_CURVE ( 'NONE', #3671, #8071, #3539, .T. ) ;
#5554 = ORIENTED_EDGE ( 'NONE', *, *, #587, .T. ) ;
#5553 = CARTESIAN_POINT ( 'NONE',  ( -1.665334536937730077E-15, 5.189999999999989733, 1.000000000000000000 ) ) ;
#5555 =( NAMED_UNIT ( * ) SI_UNIT ( $, .STERADIAN. ) SOLID_ANGLE_UNIT ( ) );
#5556 = CARTESIAN_POINT ( 'NONE',  ( 9.400000000000000355, 15.50000000000000000, 0.9000000000000001332 ) ) ;
#5557 = EDGE_CURVE ( 'NONE', #9536, #5789, #11233, .T. ) ;
#5558 = PLANE ( 'NONE',  #506 ) ;
#5559 = VERTEX_POINT ( 'NONE', #10894 ) ;
#5560 = CARTESIAN_POINT ( 'NONE',  ( 16.00000000000000000, 1.649999999999989919, 1.000000000000000000 ) ) ;
#5561 = DIRECTION ( 'NONE',  ( 0.0000000000000000000, -0.0000000000000000000, 1.000000000000000000 ) ) ;
#5562 =( NAMED_UNIT ( * ) PLANE_ANGLE_UNIT ( ) SI_UNIT ( $, .RADIAN. ) );
#5563 = ADVANCED_FACE ( 'NONE', ( #6795 ), #5812, .T. ) ;
#5564 = EDGE_CURVE ( 'NONE', #2391, #9157, #10353, .T. ) ;
#5565 = LINE ( 'NONE', #5074, #334 ) ;
#5566 = ORIENTED_EDGE ( 'NONE', *, *, #6743, .F. ) ;
#5567 = LINE ( 'NONE', #4516, #10125 ) ;
#5568 = DIRECTION ( 'NONE',  ( 1.000000000000000000, 0.0000000000000000000, -0.0000000000000000000 ) ) ;
#5569 = ORIENTED_EDGE ( 'NONE', *, *, #9042, .F. ) ;
#5570 =( GEOMETRIC_REPRESENTATION_CONTEXT ( 3 ) GLOBAL_UNCERTAINTY_ASSIGNED_CONTEXT ( ( #146 ) ) GLOBAL_UNIT_ASSIGNED_CONTEXT ( ( #6239, #2294, #3289 ) ) REPRESENTATION_CONTEXT ( 'NONE', 'WORKASPACE' ) );
#5571 = ORIENTED_EDGE ( 'NONE', *, *, #4559, .T. ) ;
#5572 = EDGE_CURVE ( 'NONE', #6870, #3234, #6737, .T. ) ;
#5573 = PLANE ( 'NONE',  #3330 ) ;
#5574 = SURFACE_STYLE_USAGE ( .BOTH. , #8364 ) ;
#5575 = DIRECTION ( 'NONE',  ( -0.0000000000000000000, -1.000000000000000000, -0.0000000000000000000 ) ) ;
#5576 = UNCERTAINTY_MEASURE_WITH_UNIT (LENGTH_MEASURE( 1.000000000000000082E-05 ), #3313, 'distance_accuracy_value', 'NONE');
#5577 = CARTESIAN_POINT ( 'NONE',  ( 0.8749999999999973355, 15.52500000000000036, 1.900000000000000133 ) ) ;
#5578 = VECTOR ( 'NONE', #6001, 1000.000000000000000 ) ;
#5580 = ORIENTED_EDGE ( 'NONE', *, *, #6390, .F. ) ;
#5579 = FACE_OUTER_BOUND ( 'NONE', #3740, .T. ) ;
#5581 = AXIS2_PLACEMENT_3D ( 'NONE', #7623, #2261, #3127 ) ;
#5582 = ORIENTED_EDGE ( 'NONE', *, *, #4212, .T. ) ;
#5583 = CARTESIAN_POINT ( 'NONE',  ( 1.500000000000000000, 6.730000000000000426, -0.1000000000000009076 ) ) ;
#5584 = LINE ( 'NONE', #10855, #903 ) ;
#5585 = VECTOR ( 'NONE', #1343, 1000.000000000000000 ) ;
#5586 = ORIENTED_EDGE ( 'NONE', *, *, #9603, .F. ) ;
#5587 = CARTESIAN_POINT ( 'NONE',  ( -0.8999999999999998002, -0.9000000000000084599, 6.150000000000000355 ) ) ;
#5588 = VECTOR ( 'NONE', #11513, 1000.000000000000000 ) ;
#5589 = ORIENTED_EDGE ( 'NONE', *, *, #4775, .F. ) ;
#5590 = MECHANICAL_DESIGN_GEOMETRIC_PRESENTATION_REPRESENTATION (  '', ( #2759 ), #10027 ) ;
#5591 = FILL_AREA_STYLE ('',( #11579 ) ) ;
#5592 = VECTOR ( 'NONE', #7601, 1000.000000000000000 ) ;
#5593 = DIRECTION ( 'NONE',  ( 0.0000000000000000000, 0.0000000000000000000, 1.000000000000000000 ) ) ;
#5594 = CARTESIAN_POINT ( 'NONE',  ( 15.52499999999999858, 10.26999999999999957, 0.9000000000000001332 ) ) ;
#5595 = PRESENTATION_LAYER_ASSIGNMENT (  '', '', ( #3889 ) ) ;
#5596 =( LENGTH_UNIT ( ) NAMED_UNIT ( * ) SI_UNIT ( .MILLI., .METRE. ) );
#5597 =( LENGTH_UNIT ( ) NAMED_UNIT ( * ) SI_UNIT ( .MILLI., .METRE. ) );
#5598 =( LENGTH_UNIT ( ) NAMED_UNIT ( * ) SI_UNIT ( .MILLI., .METRE. ) );
#5599 = PRESENTATION_LAYER_ASSIGNMENT (  '', '', ( #11153 ) ) ;
#5600 = FILL_AREA_STYLE_COLOUR ( '', #9835 ) ;
#5601 = ORIENTED_EDGE ( 'NONE', *, *, #8480, .T. ) ;
#5602 = DIRECTION ( 'NONE',  ( 1.475379434717819995E-16, -1.000000000000000000, -0.0000000000000000000 ) ) ;
#5603 =( GEOMETRIC_REPRESENTATION_CONTEXT ( 3 ) GLOBAL_UNCERTAINTY_ASSIGNED_CONTEXT ( ( #5640 ) ) GLOBAL_UNIT_ASSIGNED_CONTEXT ( ( #10669, #2788, #8181 ) ) REPRESENTATION_CONTEXT ( 'NONE', 'WORKASPACE' ) );
#5604 = CARTESIAN_POINT ( 'NONE',  ( 9.400000000000000355, 15.25000000000000000, 0.0000000000000000000 ) ) ;
#5605 = VECTOR ( 'NONE', #10259, 1000.000000000000000 ) ;
#5606 = ORIENTED_EDGE ( 'NONE', *, *, #8631, .T. ) ;
#5607 = COLOUR_RGB ( '',0.8196078431372548767, 0.7058823529411764053, 0.5254901960784313930 ) ;
#5608 = SURFACE_STYLE_USAGE ( .BOTH. , #350 ) ;
#5609 = FILL_AREA_STYLE_COLOUR ( '', #6712 ) ;
#5610 = VERTEX_POINT ( 'NONE', #1091 ) ;
#5611 = AXIS2_PLACEMENT_3D ( 'NONE', #7197, #7147, #2774 ) ;
#5612 = CARTESIAN_POINT ( 'NONE',  ( 16.10000000000000142, 15.25000000000000000, 1.000000000000000000 ) ) ;
#5613 = DIRECTION ( 'NONE',  ( 1.000000000000000000, 7.401486830834380223E-16, 0.0000000000000000000 ) ) ;
#5614 = AXIS2_PLACEMENT_3D ( 'NONE', #931, #3810, #1282 ) ;
#5615 = CARTESIAN_POINT ( 'NONE',  ( 0.02329703753469088146, 17.14375597602062129, 6.292788944843387355 ) ) ;
#5616 = ORIENTED_EDGE ( 'NONE', *, *, #10930, .F. ) ;
#5617 = EDGE_CURVE ( 'NONE', #10142, #2872, #727, .T. ) ;
#5618 = LINE ( 'NONE', #5511, #5900 ) ;
#5619 = CARTESIAN_POINT ( 'NONE',  ( 16.10000000000000142, 14.55000000000000071, 1.000000000000000000 ) ) ;
#5620 = PRESENTATION_STYLE_ASSIGNMENT (( #9173 ) ) ;
#5621 = ORIENTED_EDGE ( 'NONE', *, *, #429, .T. ) ;
#5622 = EDGE_CURVE ( 'NONE', #3335, #1033, #5565, .T. ) ;
#5623 = LINE ( 'NONE', #310, #40 ) ;
#5624 = STYLED_ITEM ( 'NONE', ( #1006 ), #1334 ) ;
#5626 = VERTEX_POINT ( 'NONE', #8634 ) ;
#5625 = CARTESIAN_POINT ( 'NONE',  ( 1.500000000000000000, 5.189999999999989733, 1.000000000000000000 ) ) ;
#5628 = ORIENTED_EDGE ( 'NONE', *, *, #7171, .F. ) ;
#5627 = CARTESIAN_POINT ( 'NONE',  ( 13.81400000000000006, 2.149999999999990585, 0.0000000000000000000 ) ) ;
#5629 = FACE_OUTER_BOUND ( 'NONE', #605, .T. ) ;
#5630 = EDGE_CURVE ( 'NONE', #682, #4873, #2369, .T. ) ;
#5631 = ADVANCED_FACE ( 'NONE', ( #7275 ), #8245, .T. ) ;
#5632 = VECTOR ( 'NONE', #1081, 1000.000000000000000 ) ;
#5633 = EDGE_CURVE ( 'NONE', #8321, #10132, #10472, .T. ) ;
#5635 = ORIENTED_EDGE ( 'NONE', *, *, #973, .T. ) ;
#5634 = PLANE ( 'NONE',  #9904 ) ;
#5636 = ORIENTED_EDGE ( 'NONE', *, *, #5198, .F. ) ;
#5637 = MECHANICAL_DESIGN_GEOMETRIC_PRESENTATION_REPRESENTATION (  '', ( #366 ), #8059 ) ;
#5638 = FILL_AREA_STYLE_COLOUR ( '', #11507 ) ;
#5639 = ADVANCED_FACE ( 'NONE', ( #4246 ), #2497, .T. ) ;
#5640 = UNCERTAINTY_MEASURE_WITH_UNIT (LENGTH_MEASURE( 1.000000000000000082E-05 ), #10669, 'distance_accuracy_value', 'NONE');
#5641 = ORIENTED_EDGE ( 'NONE', *, *, #5195, .F. ) ;
#5642 = DIRECTION ( 'NONE',  ( 0.0000000000000000000, 0.0000000000000000000, 1.000000000000000000 ) ) ;
#5643 = VECTOR ( 'NONE', #7271, 1000.000000000000000 ) ;
#5644 = ORIENTED_EDGE ( 'NONE', *, *, #8902, .F. ) ;
#5645 = PRESENTATION_STYLE_ASSIGNMENT (( #454 ) ) ;
#5646 = AXIS2_PLACEMENT_3D ( 'NONE', #8038, #1901, #10861 ) ;
#5647 = EDGE_CURVE ( 'NONE', #3282, #10459, #7736, .T. ) ;
#5648 = DIRECTION ( 'NONE',  ( 2.775557561562889872E-16, -1.000000000000000000, -0.0000000000000000000 ) ) ;
#5649 =( NAMED_UNIT ( * ) SI_UNIT ( $, .STERADIAN. ) SOLID_ANGLE_UNIT ( ) );
#5650 =( NAMED_UNIT ( * ) SI_UNIT ( $, .STERADIAN. ) SOLID_ANGLE_UNIT ( ) );
#5651 = DIRECTION ( 'NONE',  ( 0.0000000000000000000, 0.0000000000000000000, 1.000000000000000000 ) ) ;
#5652 =( GEOMETRIC_REPRESENTATION_CONTEXT ( 3 ) GLOBAL_UNCERTAINTY_ASSIGNED_CONTEXT ( ( #9631 ) ) GLOBAL_UNIT_ASSIGNED_CONTEXT ( ( #6639, #4915, #9238 ) ) REPRESENTATION_CONTEXT ( 'NONE', 'WORKASPACE' ) );
#5653 = VECTOR ( 'NONE', #5494, 1000.000000000000000 ) ;
#5654 = CARTESIAN_POINT ( 'NONE',  ( -1.236502003200893096, -0.9208469779367325359, 6.312266261133049561 ) ) ;
#5655 = EDGE_LOOP ( 'NONE', ( #3686, #9636, #11384, #10710 ) ) ;
#5656 = CARTESIAN_POINT ( 'NONE',  ( 8.000000000000000000, 2.649999999999990141, 0.0000000000000000000 ) ) ;
#5657 = PRESENTATION_LAYER_ASSIGNMENT (  '', '', ( #3407 ) ) ;
#5658 = ORIENTED_EDGE ( 'NONE', *, *, #4127, .F. ) ;
#5659 = CARTESIAN_POINT ( 'NONE',  ( 16.00000000000000000, 4.190000000000000391, -0.1000000000000000472 ) ) ;
#5660 = CONICAL_SURFACE ( 'NONE', #583, 0.7149999999197659273, 1.337817087730934107 ) ;
#5662 = ORIENTED_EDGE ( 'NONE', *, *, #11074, .T. ) ;
#5661 = DIRECTION ( 'NONE',  ( -2.775557561562889872E-16, 1.000000000000000000, 0.0000000000000000000 ) ) ;
#5663 = FACE_OUTER_BOUND ( 'NONE', #7148, .T. ) ;
#5664 = DIRECTION ( 'NONE',  ( -1.000000000000000000, -0.0000000000000000000, -0.0000000000000000000 ) ) ;
#5665 = LINE ( 'NONE', #3071, #3527 ) ;
#5666 = CARTESIAN_POINT ( 'NONE',  ( -1.073205080756888030, -1.073205080756898022, 6.323205080756888030 ) ) ;
#5667 = VECTOR ( 'NONE', #3654, 1000.000000000000000 ) ;
#5668 = DIRECTION ( 'NONE',  ( 0.0000000000000000000, 0.0000000000000000000, 1.000000000000000000 ) ) ;
#5669 = ORIENTED_EDGE ( 'NONE', *, *, #1967, .T. ) ;
#5670 = FILL_AREA_STYLE_COLOUR ( '', #7667 ) ;
#5671 = DIRECTION ( 'NONE',  ( 1.000000000000000000, 0.0000000000000000000, 0.0000000000000000000 ) ) ;
#5672 = LINE ( 'NONE', #8409, #4857 ) ;
#5673 = VERTEX_POINT ( 'NONE', #9666 ) ;
#5674 = MECHANICAL_DESIGN_GEOMETRIC_PRESENTATION_REPRESENTATION (  '', ( #7135 ), #10862 ) ;
#5675 = STYLED_ITEM ( 'NONE', ( #2859 ), #6102 ) ;
#5676 = CARTESIAN_POINT ( 'NONE',  ( 8.599999999999999645, 8.610786041185193085, 6.500000000000000888 ) ) ;
#5678 = ORIENTED_EDGE ( 'NONE', *, *, #802, .T. ) ;
#5677 = CYLINDRICAL_SURFACE ( 'NONE', #4536, 0.4000000000000000777 ) ;
#5680 = ORIENTED_EDGE ( 'NONE', *, *, #10167, .T. ) ;
#5679 = CARTESIAN_POINT ( 'NONE',  ( 16.00000000000000000, 9.470000000000000639, -0.1000000000000010048 ) ) ;
#5681 = EDGE_CURVE ( 'NONE', #7758, #10944, #2648, .T. ) ;
#5682 = SURFACE_SIDE_STYLE ('',( #8362 ) ) ;
#5683 =( GEOMETRIC_REPRESENTATION_CONTEXT ( 3 ) GLOBAL_UNCERTAINTY_ASSIGNED_CONTEXT ( ( #5307 ) ) GLOBAL_UNIT_ASSIGNED_CONTEXT ( ( #6328, #9150, #10111 ) ) REPRESENTATION_CONTEXT ( 'NONE', 'WORKASPACE' ) );
#5684 = VECTOR ( 'NONE', #807, 1000.000000000000000 ) ;
#5685 = STYLED_ITEM ( 'NONE', ( #8973 ), #4140 ) ;
#5686 = UNCERTAINTY_MEASURE_WITH_UNIT (LENGTH_MEASURE( 1.000000000000000082E-05 ), #2368, 'distance_accuracy_value', 'NONE');
#5687 = DIRECTION ( 'NONE',  ( -1.000000000000000000, 0.0000000000000000000, 0.0000000000000000000 ) ) ;
#5688 = EDGE_CURVE ( 'NONE', #5478, #790, #5996, .T. ) ;
#5690 = VERTEX_POINT ( 'NONE', #3478 ) ;
#5689 = LINE ( 'NONE', #3994, #7107 ) ;
#5691 = ADVANCED_FACE ( 'NONE', ( #7018 ), #649, .T. ) ;
#5692 = VECTOR ( 'NONE', #6991, 1000.000000000000000 ) ;
#5693 = ORIENTED_EDGE ( 'NONE', *, *, #7100, .F. ) ;
#5694 = ADVANCED_FACE ( 'NONE', ( #6501 ), #5538, .F. ) ;
#5695 = CARTESIAN_POINT ( 'NONE',  ( -1.199999999999999956, -1.200000000000009948, 6.150000000000000355 ) ) ;
#5696 = ORIENTED_EDGE ( 'NONE', *, *, #3322, .F. ) ;
#5697 = CARTESIAN_POINT ( 'NONE',  ( 16.00000000000000000, 8.000000000000000000, 0.0000000000000000000 ) ) ;
#5698 =( NAMED_UNIT ( * ) PLANE_ANGLE_UNIT ( ) SI_UNIT ( $, .RADIAN. ) );
#5699 = VERTEX_POINT ( 'NONE', #7136 ) ;
#5700 = AXIS2_PLACEMENT_3D ( 'NONE', #5923, #824, #6090 ) ;
#5701 = DIRECTION ( 'NONE',  ( 0.0000000000000000000, -0.0000000000000000000, -1.000000000000000000 ) ) ;
#5702 = EDGE_CURVE ( 'NONE', #9427, #5962, #1002, .T. ) ;
#5703 = EDGE_CURVE ( 'NONE', #2840, #5875, #426, .T. ) ;
#5704 = FILL_AREA_STYLE_COLOUR ( '', #6379 ) ;
#5705 = FACE_BOUND ( 'NONE', #7300, .T. ) ;
#5706 = CARTESIAN_POINT ( 'NONE',  ( 17.17992940268339908, 17.04651779484238716, 6.163106187001400116 ) ) ;
#5707 = FILL_AREA_STYLE_COLOUR ( '', #6329 ) ;
#5708 = ADVANCED_FACE ( 'NONE', ( #52 ), #9939, .T. ) ;
#5709 = CARTESIAN_POINT ( 'NONE',  ( -3.816391647148980341E-15, 15.35000000000000142, 1.000000000000000000 ) ) ;
#5710 = ORIENTED_EDGE ( 'NONE', *, *, #5205, .T. ) ;
#5711 = DIRECTION ( 'NONE',  ( -1.000000000000000000, 0.0000000000000000000, 0.0000000000000000000 ) ) ;
#5712 = ORIENTED_EDGE ( 'NONE', *, *, #10728, .T. ) ;
#5713 = CARTESIAN_POINT ( 'NONE',  ( 14.50000000000000000, 12.81000000000000050, -0.1000000000000002415 ) ) ;
#5715 = ORIENTED_EDGE ( 'NONE', *, *, #3681, .T. ) ;
#5714 = CARTESIAN_POINT ( 'NONE',  ( 8.900000000000000355, 0.08999999999999991340, 0.0000000000000000000 ) ) ;
#5716 = CARTESIAN_POINT ( 'NONE',  ( -3.885780586188050258E-15, 10.26999999999999957, -0.1000000000000000472 ) ) ;
#5717 = LINE ( 'NONE', #9572, #716 ) ;
#5718 = CARTESIAN_POINT ( 'NONE',  ( -0.1000000000000040579, 14.84999999999999964, -0.1000000000000000056 ) ) ;
#5719 = PRESENTATION_STYLE_ASSIGNMENT (( #5130 ) ) ;
#5720 = FILL_AREA_STYLE_COLOUR ( '', #5949 ) ;
#5721 = ORIENTED_EDGE ( 'NONE', *, *, #1039, .F. ) ;
#5722 = SURFACE_STYLE_FILL_AREA ( #6753 ) ;
#5723 = CARTESIAN_POINT ( 'NONE',  ( -0.9000000000000001332, -0.9000000000000091260, 6.150000000000000355 ) ) ;
#5724 = CARTESIAN_POINT ( 'NONE',  ( 8.000000000000000000, 0.0000000000000000000, 0.0000000000000000000 ) ) ;
#5725 = LINE ( 'NONE', #5025, #9713 ) ;
#5726 = CARTESIAN_POINT ( 'NONE',  ( 16.00000000000000000, 2.450000000000000178, 1.000000000000000000 ) ) ;
#5727 = ORIENTED_EDGE ( 'NONE', *, *, #2179, .F. ) ;
#5729 = ORIENTED_EDGE ( 'NONE', *, *, #11516, .T. ) ;
#5728 = SURFACE_STYLE_USAGE ( .BOTH. , #11007 ) ;
#5730 = AXIS2_PLACEMENT_3D ( 'NONE', #10657, #1692, #2664 ) ;
#5731 = FACE_OUTER_BOUND ( 'NONE', #8524, .T. ) ;
#5732 = PRESENTATION_LAYER_ASSIGNMENT (  '', '', ( #1639 ) ) ;
#5733 =( NAMED_UNIT ( * ) PLANE_ANGLE_UNIT ( ) SI_UNIT ( $, .RADIAN. ) );
#5735 = VERTEX_POINT ( 'NONE', #1057 ) ;
#5734 = CARTESIAN_POINT ( 'NONE',  ( 8.000000000000000000, 15.91000000000000014, 0.0000000000000000000 ) ) ;
#5737 = ORIENTED_EDGE ( 'NONE', *, *, #3920, .T. ) ;
#5736 = FILL_AREA_STYLE ('',( #10333 ) ) ;
#5738 = CARTESIAN_POINT ( 'NONE',  ( 15.35594010767584905, 15.45021962980673358, 2.036660585544966207 ) ) ;
#5739 = SURFACE_STYLE_USAGE ( .BOTH. , #3045 ) ;
#5740 = ORIENTED_EDGE ( 'NONE', *, *, #2466, .F. ) ;
#5741 = LINE ( 'NONE', #4993, #3806 ) ;
#5742 = VERTEX_POINT ( 'NONE', #2011 ) ;
#5743 = ADVANCED_FACE ( 'NONE', ( #226 ), #7362, .T. ) ;
#5744 = MECHANICAL_DESIGN_GEOMETRIC_PRESENTATION_REPRESENTATION (  '', ( #4078 ), #8548 ) ;
#5745 = AXIS2_PLACEMENT_3D ( 'NONE', #5823, #1380, #6748 ) ;
#5746 =( NAMED_UNIT ( * ) SI_UNIT ( $, .STERADIAN. ) SOLID_ANGLE_UNIT ( ) );
#5747 = EDGE_CURVE ( 'NONE', #10142, #9774, #3052, .T. ) ;
#5748 =( LENGTH_UNIT ( ) NAMED_UNIT ( * ) SI_UNIT ( .MILLI., .METRE. ) );
#5749 = AXIS2_PLACEMENT_3D ( 'NONE', #10858, #10159, #10914 ) ;
#5750 = CARTESIAN_POINT ( 'NONE',  ( 16.10000000000000142, 9.269999999999999574, 1.000000000000000000 ) ) ;
#5751 =( GEOMETRIC_REPRESENTATION_CONTEXT ( 3 ) GLOBAL_UNCERTAINTY_ASSIGNED_CONTEXT ( ( #11280 ) ) GLOBAL_UNIT_ASSIGNED_CONTEXT ( ( #2827, #5544, #2880 ) ) REPRESENTATION_CONTEXT ( 'NONE', 'WORKASPACE' ) );
#5752 = ADVANCED_FACE ( 'NONE', ( #275 ), #11154, .T. ) ;
#5753 = CARTESIAN_POINT ( 'NONE',  ( -1.073205080756888030, -1.073205080756897800, 6.323205080756888030 ) ) ;
#5754 = VERTEX_POINT ( 'NONE', #9258 ) ;
#5755 = PLANE ( 'NONE',  #6190 ) ;
#5756 = DIRECTION ( 'NONE',  ( -0.0000000000000000000, 1.000000000000000000, 0.0000000000000000000 ) ) ;
#5757 =( GEOMETRIC_REPRESENTATION_CONTEXT ( 3 ) GLOBAL_UNCERTAINTY_ASSIGNED_CONTEXT ( ( #11087 ) ) GLOBAL_UNIT_ASSIGNED_CONTEXT ( ( #5055, #5234, #570 ) ) REPRESENTATION_CONTEXT ( 'NONE', 'WORKASPACE' ) );
#5758 = EDGE_LOOP ( 'NONE', ( #11045, #2883, #2686, #8757, #10365 ) ) ;
#5759 = ADVANCED_FACE ( 'NONE', ( #9309 ), #10826, .T. ) ;
#5760 = EDGE_CURVE ( 'NONE', #7154, #8232, #9242, .T. ) ;
#5761 = CARTESIAN_POINT ( 'NONE',  ( 1.500000000000000000, 6.730000000000000426, 1.000000000000000000 ) ) ;
#5762 = LINE ( 'NONE', #2255, #8603 ) ;
#5763 = MECHANICAL_DESIGN_GEOMETRIC_PRESENTATION_REPRESENTATION (  '', ( #1665 ), #2958 ) ;
#5764 = AXIS2_PLACEMENT_3D ( 'NONE', #5880, #2373, #417 ) ;
#5765 = EDGE_LOOP ( 'NONE', ( #3780, #4455, #9654, #8669 ) ) ;
#5766 = CARTESIAN_POINT ( 'NONE',  ( 9.400000000000000355, 15.91000000000000014, 0.0000000000000000000 ) ) ;
#5767 = DIRECTION ( 'NONE',  ( 0.0000000000000000000, 0.0000000000000000000, 1.000000000000000000 ) ) ;
#5768 = LINE ( 'NONE', #4729, #10032 ) ;
#5769 =( NAMED_UNIT ( * ) SI_UNIT ( $, .STERADIAN. ) SOLID_ANGLE_UNIT ( ) );
#5770 = SURFACE_SIDE_STYLE ('',( #1259 ) ) ;
#5771 = EDGE_LOOP ( 'NONE', ( #6, #2288, #8076, #1942, #5870, #7295, #6719, #3645, #8411 ) ) ;
#5772 = AXIS2_PLACEMENT_3D ( 'NONE', #751, #6027, #5229 ) ;
#5773 = SURFACE_SIDE_STYLE ('',( #9230 ) ) ;
#5774 = VECTOR ( 'NONE', #11111, 1000.000000000000000 ) ;
#5775 = VECTOR ( 'NONE', #9535, 1000.000000000000000 ) ;
#5776 = ORIENTED_EDGE ( 'NONE', *, *, #4051, .T. ) ;
#5777 = LINE ( 'NONE', #9348, #1573 ) ;
#5778 = MECHANICAL_DESIGN_GEOMETRIC_PRESENTATION_REPRESENTATION (  '', ( #8777 ), #1683 ) ;
#5780 = ORIENTED_EDGE ( 'NONE', *, *, #973, .F. ) ;
#5779 = CARTESIAN_POINT ( 'NONE',  ( 16.89999999999999858, -1.200000000000008837, 2.299999999999999822 ) ) ;
#5781 = AXIS2_PLACEMENT_3D ( 'NONE', #873, #6258, #8200 ) ;
#5783 = ORIENTED_EDGE ( 'NONE', *, *, #6730, .F. ) ;
#5782 = DIRECTION ( 'NONE',  ( -0.0000000000000000000, -0.0000000000000000000, -1.000000000000000000 ) ) ;
#5784 = VECTOR ( 'NONE', #5008, 1000.000000000000000 ) ;
#5785 = CYLINDRICAL_SURFACE ( 'NONE', #10731, 0.3000000000000016542 ) ;
#5786 = CARTESIAN_POINT ( 'NONE',  ( 16.00000000000000000, 2.450000000000000178, 1.000000000000000000 ) ) ;
#5787 = FACE_OUTER_BOUND ( 'NONE', #10627, .T. ) ;
#5788 = UNCERTAINTY_MEASURE_WITH_UNIT (LENGTH_MEASURE( 1.000000000000000082E-05 ), #3725, 'distance_accuracy_value', 'NONE');
#5789 = VERTEX_POINT ( 'NONE', #4941 ) ;
#5790 = DIRECTION ( 'NONE',  ( -1.000000000000000000, -0.0000000000000000000, -0.0000000000000000000 ) ) ;
#5791 = CARTESIAN_POINT ( 'NONE',  ( -0.1000000000000030032, 10.07000000000000028, 0.4499999999999990119 ) ) ;
#5792 = STYLED_ITEM ( 'NONE', ( #3494 ), #11297 ) ;
#5794 = VERTEX_POINT ( 'NONE', #398 ) ;
#5793 = SURFACE_STYLE_USAGE ( .BOTH. , #9247 ) ;
#5795 = ORIENTED_EDGE ( 'NONE', *, *, #7745, .F. ) ;
#5796 = CARTESIAN_POINT ( 'NONE',  ( -1.143755976020627063, 15.97670296246533184, 6.292788944843390908 ) ) ;
#5797 = ORIENTED_EDGE ( 'NONE', *, *, #3026, .T. ) ;
#5798 = EDGE_LOOP ( 'NONE', ( #10157, #9160, #2536, #4495 ) ) ;
#5799 =( GEOMETRIC_REPRESENTATION_CONTEXT ( 3 ) GLOBAL_UNCERTAINTY_ASSIGNED_CONTEXT ( ( #7608 ) ) GLOBAL_UNIT_ASSIGNED_CONTEXT ( ( #470, #3066, #8397 ) ) REPRESENTATION_CONTEXT ( 'NONE', 'WORKASPACE' ) );
#5800 = UNCERTAINTY_MEASURE_WITH_UNIT (LENGTH_MEASURE( 1.000000000000000082E-05 ), #6717, 'distance_accuracy_value', 'NONE');
#5801 = PRESENTATION_STYLE_ASSIGNMENT (( #10917 ) ) ;
#5802 = PRESENTATION_STYLE_ASSIGNMENT (( #2236 ) ) ;
#5803 = SURFACE_STYLE_USAGE ( .BOTH. , #520 ) ;
#5804 = SURFACE_SIDE_STYLE ('',( #11221 ) ) ;
#5805 = SURFACE_SIDE_STYLE ('',( #1418 ) ) ;
#5806 = CARTESIAN_POINT ( 'NONE',  ( 8.900000000000000355, 0.5000000000000000000, -0.03500000000000000333 ) ) ;
#5807 = EDGE_CURVE ( 'NONE', #7945, #10020, #5141, .T. ) ;
#5808 = CARTESIAN_POINT ( 'NONE',  ( 16.00000000000000000, 12.60999999999999943, 1.000000000000000000 ) ) ;
#5809 = EDGE_LOOP ( 'NONE', ( #11270, #7406, #11029, #628 ) ) ;
#5810 = CARTESIAN_POINT ( 'NONE',  ( 16.89999999999999858, 16.89999999999999858, 6.150000000000000355 ) ) ;
#5811 = LINE ( 'NONE', #6736, #5521 ) ;
#5812 = PLANE ( 'NONE',  #9151 ) ;
#5813 = ORIENTED_EDGE ( 'NONE', *, *, #5482, .F. ) ;
#5814 = PRESENTATION_LAYER_ASSIGNMENT (  '', '', ( #11413 ) ) ;
#5815 = DIRECTION ( 'NONE',  ( -0.0000000000000000000, 0.0000000000000000000, 1.000000000000000000 ) ) ;
#5816 = EDGE_CURVE ( 'NONE', #7397, #11165, #10219, .T. ) ;
#5817 = VECTOR ( 'NONE', #4872, 1000.000000000000000 ) ;
#5818 = PRESENTATION_LAYER_ASSIGNMENT (  '', '', ( #10832 ) ) ;
#5819 = SURFACE_SIDE_STYLE ('',( #9332 ) ) ;
#5820 = SURFACE_SIDE_STYLE ('',( #7741 ) ) ;
#5821 = EDGE_CURVE ( 'NONE', #9990, #11165, #10277, .T. ) ;
#5822 = DIRECTION ( 'NONE',  ( -1.475379434717819995E-16, 1.000000000000000000, 0.0000000000000000000 ) ) ;
#5823 = CARTESIAN_POINT ( 'NONE',  ( 15.52500000000000036, 0.4749999999999989786, 0.9000000000000001332 ) ) ;
#5824 = EDGE_CURVE ( 'NONE', #4404, #9956, #518, .T. ) ;
#5825 = AXIS2_PLACEMENT_3D ( 'NONE', #2772, #6338, #5711 ) ;
#5826 = ORIENTED_EDGE ( 'NONE', *, *, #2038, .F. ) ;
#5827 =( NAMED_UNIT ( * ) SI_UNIT ( $, .STERADIAN. ) SOLID_ANGLE_UNIT ( ) );
#5828 = SURFACE_STYLE_USAGE ( .BOTH. , #546 ) ;
#5829 = AXIS2_PLACEMENT_3D ( 'NONE', #276, #6502, #7363 ) ;
#5830 = PRESENTATION_LAYER_ASSIGNMENT (  '', '', ( #2838 ) ) ;
#5831 = ORIENTED_EDGE ( 'NONE', *, *, #4347, .T. ) ;
#5832 = SURFACE_SIDE_STYLE ('',( #10541 ) ) ;
#5833 = DIRECTION ( 'NONE',  ( -1.000000000000000000, -0.0000000000000000000, 0.0000000000000000000 ) ) ;
#5834 = SURFACE_STYLE_USAGE ( .BOTH. , #11520 ) ;
#5835 = VECTOR ( 'NONE', #9041, 1000.000000000000000 ) ;
#5836 = VERTEX_POINT ( 'NONE', #6960 ) ;
#5838 = ORIENTED_EDGE ( 'NONE', *, *, #5617, .T. ) ;
#5837 = DIRECTION ( 'NONE',  ( 1.000000000000000000, 0.0000000000000000000, -0.0000000000000000000 ) ) ;
#5839 = STYLED_ITEM ( 'NONE', ( #1868 ), #1093 ) ;
#5840 = EDGE_CURVE ( 'NONE', #4423, #11287, #4183, .T. ) ;
#5841 =( NAMED_UNIT ( * ) SI_UNIT ( $, .STERADIAN. ) SOLID_ANGLE_UNIT ( ) );
#5842 = FACE_OUTER_BOUND ( 'NONE', #1409, .T. ) ;
#5843 = COLOUR_RGB ( '',0.8196078431372548767, 0.7058823529411764053, 0.5254901960784313930 ) ;
#5844 = FACE_OUTER_BOUND ( 'NONE', #2834, .T. ) ;
#5845 = CARTESIAN_POINT ( 'NONE',  ( 0.4499999999999990119, 0.4499999999999900191, 6.500000000000000888 ) ) ;
#5846 = PLANE ( 'NONE',  #11439 ) ;
#5847 = CARTESIAN_POINT ( 'NONE',  ( 16.89999999999999858, 3.399999999999990141, 6.150000000000000355 ) ) ;
#5848 = ORIENTED_EDGE ( 'NONE', *, *, #10216, .T. ) ;
#5849 = VERTEX_POINT ( 'NONE', #4412 ) ;
#5850 = AXIS2_PLACEMENT_3D ( 'NONE', #8837, #9470, #8601 ) ;
#5851 = FACE_OUTER_BOUND ( 'NONE', #9248, .T. ) ;
#5852 = PLANE ( 'NONE',  #6663 ) ;
#5853 = UNCERTAINTY_MEASURE_WITH_UNIT (LENGTH_MEASURE( 1.000000000000000082E-05 ), #3712, 'distance_accuracy_value', 'NONE');
#5854 = ORIENTED_EDGE ( 'NONE', *, *, #3474, .T. ) ;
#5855 = CARTESIAN_POINT ( 'NONE',  ( 13.81400000000000006, 2.149999999999991029, 0.0000000000000000000 ) ) ;
#5856 = DIRECTION ( 'NONE',  ( 0.0000000000000000000, 0.0000000000000000000, 1.000000000000000000 ) ) ;
#5857 = DIRECTION ( 'NONE',  ( 0.0000000000000000000, 0.0000000000000000000, 1.000000000000000000 ) ) ;
#5858 = ORIENTED_EDGE ( 'NONE', *, *, #2886, .F. ) ;
#5859 = COLOUR_RGB ( '',0.8196078431372548767, 0.7058823529411764053, 0.5254901960784313930 ) ;
#5860 = COLOUR_RGB ( '',0.8196078431372548767, 0.7058823529411764053, 0.5254901960784313930 ) ;
#5861 = DIRECTION ( 'NONE',  ( 0.0000000000000000000, 0.0000000000000000000, 1.000000000000000000 ) ) ;
#5862 =( GEOMETRIC_REPRESENTATION_CONTEXT ( 3 ) GLOBAL_UNCERTAINTY_ASSIGNED_CONTEXT ( ( #987 ) ) GLOBAL_UNIT_ASSIGNED_CONTEXT ( ( #4535, #7130, #2589 ) ) REPRESENTATION_CONTEXT ( 'NONE', 'WORKASPACE' ) );
#5863 = DIRECTION ( 'NONE',  ( -1.000000000000000000, 0.0000000000000000000, 0.0000000000000000000 ) ) ;
#5864 =( NAMED_UNIT ( * ) SI_UNIT ( $, .STERADIAN. ) SOLID_ANGLE_UNIT ( ) );
#5865 = SURFACE_SIDE_STYLE ('',( #6668 ) ) ;
#5866 = COLOUR_RGB ( '',0.8196078431372548767, 0.7058823529411764053, 0.5254901960784313930 ) ;
#5867 = UNCERTAINTY_MEASURE_WITH_UNIT (LENGTH_MEASURE( 1.000000000000000082E-05 ), #9510, 'distance_accuracy_value', 'NONE');
#5868 = AXIS2_PLACEMENT_3D ( 'NONE', #6761, #4094, #6813 ) ;
#5869 = FACE_OUTER_BOUND ( 'NONE', #3068, .T. ) ;
#5870 = ORIENTED_EDGE ( 'NONE', *, *, #1486, .T. ) ;
#5871 = CARTESIAN_POINT ( 'NONE',  ( 7.339853684716938886, 8.252561283326857122, 6.116538384316599242 ) ) ;
#5872 = FILL_AREA_STYLE ('',( #2249 ) ) ;
#5873 = CARTESIAN_POINT ( 'NONE',  ( 0.7500000000000000000, 2.449999999999989964, 1.000000000000000000 ) ) ;
#5874 = CARTESIAN_POINT ( 'NONE',  ( 16.10000000000000142, 4.290000000000000036, 0.4499999999999990119 ) ) ;
#5875 = VERTEX_POINT ( 'NONE', #3350 ) ;
#5876 = SURFACE_SIDE_STYLE ('',( #10354 ) ) ;
#5877 = DIRECTION ( 'NONE',  ( -1.000000000000000000, -0.0000000000000000000, 0.0000000000000000000 ) ) ;
#5878 = CIRCLE ( 'NONE', #8128, 0.4100000000000006417 ) ;
#5879 = PRESENTATION_STYLE_ASSIGNMENT (( #8697 ) ) ;
#5880 = CARTESIAN_POINT ( 'NONE',  ( 16.00000000000000000, 14.84999999999999964, -21.65413869472860142 ) ) ;
#5881 = PRESENTATION_STYLE_ASSIGNMENT (( #11180 ) ) ;
#5882 =( LENGTH_UNIT ( ) NAMED_UNIT ( * ) SI_UNIT ( .MILLI., .METRE. ) );
#5883 = CARTESIAN_POINT ( 'NONE',  ( 8.490762904907192876, 15.52500000000000036, 0.9350000000000000533 ) ) ;
#5884 = EDGE_LOOP ( 'NONE', ( #9330, #6078, #6999, #4319 ) ) ;
#5885 = CARTESIAN_POINT ( 'NONE',  ( 14.75763490992785343, 0.7786204418067237398, 2.567736526594426305 ) ) ;
#5886 =( NAMED_UNIT ( * ) SI_UNIT ( $, .STERADIAN. ) SOLID_ANGLE_UNIT ( ) );
#5887 = FILL_AREA_STYLE ('',( #9576 ) ) ;
#5888 = EDGE_CURVE ( 'NONE', #5794, #251, #7955, .T. ) ;
#5889 = UNCERTAINTY_MEASURE_WITH_UNIT (LENGTH_MEASURE( 1.000000000000000082E-05 ), #4431, 'distance_accuracy_value', 'NONE');
#5890 = VERTEX_POINT ( 'NONE', #5239 ) ;
#5891 = LINE ( 'NONE', #10255, #6595 ) ;
#5892 = DIRECTION ( 'NONE',  ( 1.000000000000000000, 1.206764157201260003E-16, 0.0000000000000000000 ) ) ;
#5893 = EDGE_CURVE ( 'NONE', #8319, #5302, #11282, .T. ) ;
#5895 = ORIENTED_EDGE ( 'NONE', *, *, #7971, .T. ) ;
#5894 = LINE ( 'NONE', #9456, #11427 ) ;
#5896 = CARTESIAN_POINT ( 'NONE',  ( -1.319777620523150025E-15, 4.689999999999990621, -21.65413869472860142 ) ) ;
#5898 = ORIENTED_EDGE ( 'NONE', *, *, #2672, .T. ) ;
#5897 = DIRECTION ( 'NONE',  ( 0.0000000000000000000, -1.000000000000000000, -0.0000000000000000000 ) ) ;
#5899 = PRESENTATION_STYLE_ASSIGNMENT (( #316 ) ) ;
#5900 = VECTOR ( 'NONE', #20, 1000.000000000000000 ) ;
#5901 = CARTESIAN_POINT ( 'NONE',  ( 16.10000000000000142, 4.190000000000000391, -0.1000000000000002554 ) ) ;
#5902 = EDGE_CURVE ( 'NONE', #6677, #558, #5982, .T. ) ;
#5903 = FILL_AREA_STYLE ('',( #4102 ) ) ;
#5904 = DIRECTION ( 'NONE',  ( -1.475379434717819995E-16, 1.000000000000000000, 0.0000000000000000000 ) ) ;
#5905 = AXIS2_PLACEMENT_3D ( 'NONE', #573, #6783, #11281 ) ;
#5906 = UNCERTAINTY_MEASURE_WITH_UNIT (LENGTH_MEASURE( 1.000000000000000082E-05 ), #9818, 'distance_accuracy_value', 'NONE');
#5907 = CARTESIAN_POINT ( 'NONE',  ( 15.26166058554496630, 0.5497803701932655329, 2.130940107675850292 ) ) ;
#5908 = ORIENTED_EDGE ( 'NONE', *, *, #10646, .T. ) ;
#5909 = EDGE_LOOP ( 'NONE', ( #374, #9691, #5533, #9779 ) ) ;
#5910 =( GEOMETRIC_REPRESENTATION_CONTEXT ( 3 ) GLOBAL_UNCERTAINTY_ASSIGNED_CONTEXT ( ( #2976 ) ) GLOBAL_UNIT_ASSIGNED_CONTEXT ( ( #8353, #3132, #5886 ) ) REPRESENTATION_CONTEXT ( 'NONE', 'WORKASPACE' ) );
#5911 = EDGE_CURVE ( 'NONE', #6698, #7876, #11504, .T. ) ;
#5913 = ORIENTED_EDGE ( 'NONE', *, *, #4990, .F. ) ;
#5912 = PRESENTATION_STYLE_ASSIGNMENT (( #5793 ) ) ;
#5915 = EDGE_LOOP ( 'NONE', ( #2736, #11108, #10953, #7655, #6733, #9241, #8150, #4515, #1691, #1653, #10492, #6013 ) ) ;
#5914 =( NAMED_UNIT ( * ) PLANE_ANGLE_UNIT ( ) SI_UNIT ( $, .RADIAN. ) );
#5916 =( NAMED_UNIT ( * ) PLANE_ANGLE_UNIT ( ) SI_UNIT ( $, .RADIAN. ) );
#5917 = CYLINDRICAL_SURFACE ( 'NONE', #7408, 0.3000000000000000444 ) ;
#5918 = VERTEX_POINT ( 'NONE', #3462 ) ;
#5919 = CARTESIAN_POINT ( 'NONE',  ( 15.55000000000000071, 0.4499999999999922395, 6.450000000000000178 ) ) ;
#5920 = ORIENTED_EDGE ( 'NONE', *, *, #3552, .F. ) ;
#5921 = UNCERTAINTY_MEASURE_WITH_UNIT (LENGTH_MEASURE( 1.000000000000000082E-05 ), #9062, 'distance_accuracy_value', 'NONE');
#5922 = SURFACE_STYLE_FILL_AREA ( #4063 ) ;
#5923 = CARTESIAN_POINT ( 'NONE',  ( -0.1000000000000010048, 4.289999999999990266, 0.4500000000000000666 ) ) ;
#5924 = SURFACE_STYLE_USAGE ( .BOTH. , #5805 ) ;
#5925 = CARTESIAN_POINT ( 'NONE',  ( -0.1000000000000030864, 9.269999999999999574, 1.000000000000000000 ) ) ;
#5926 = MECHANICAL_DESIGN_GEOMETRIC_PRESENTATION_REPRESENTATION (  '', ( #2380 ), #868 ) ;
#5927 = COLOUR_RGB ( '',0.8196078431372548767, 0.7058823529411764053, 0.5254901960784313930 ) ;
#5928 = PLANE ( 'NONE',  #1071 ) ;
#5929 = ORIENTED_EDGE ( 'NONE', *, *, #214, .F. ) ;
#5930 = AXIS2_PLACEMENT_3D ( 'NONE', #5290, #8675, #5171 ) ;
#5931 = CARTESIAN_POINT ( 'NONE',  ( 0.7499999999999981126, 7.530000000000000249, -0.1000000000000000056 ) ) ;
#5932 = DIRECTION ( 'NONE',  ( 2.775557561562889872E-16, -1.000000000000000000, 0.0000000000000000000 ) ) ;
#5933 = DIRECTION ( 'NONE',  ( 0.0000000000000000000, 0.0000000000000000000, 1.000000000000000000 ) ) ;
#5934 = VECTOR ( 'NONE', #6911, 1000.000000000000000 ) ;
#5935 = AXIS2_PLACEMENT_3D ( 'NONE', #3173, #9316, #6728 ) ;
#5936 = LINE ( 'NONE', #3306, #10603 ) ;
#5937 =( LENGTH_UNIT ( ) NAMED_UNIT ( * ) SI_UNIT ( .MILLI., .METRE. ) );
#5938 = CARTESIAN_POINT ( 'NONE',  ( 14.50000000000000000, 4.190000000000000391, -0.1000000000000000472 ) ) ;
#5939 = DIRECTION ( 'NONE',  ( 0.7071067811865470176, 0.7071067811865480168, -0.0000000000000000000 ) ) ;
#5940 = VERTEX_POINT ( 'NONE', #11456 ) ;
#5941 = AXIS2_PLACEMENT_3D ( 'NONE', #1889, #9874, #2636 ) ;
#5942 = FILL_AREA_STYLE ('',( #9342 ) ) ;
#5943 = CYLINDRICAL_SURFACE ( 'NONE', #5611, 0.2999999999999999889 ) ;
#5944 = STYLED_ITEM ( 'NONE', ( #10324 ), #3902 ) ;
#5945 = ORIENTED_EDGE ( 'NONE', *, *, #5824, .T. ) ;
#5946 = CARTESIAN_POINT ( 'NONE',  ( 0.7499999999999960032, 14.55000000000000071, -0.1000000000000000056 ) ) ;
#5947 = ORIENTED_EDGE ( 'NONE', *, *, #10286, .T. ) ;
#5948 = CARTESIAN_POINT ( 'NONE',  ( -4.440892098500630106E-15, 16.00000000000000000, 0.0000000000000000000 ) ) ;
#5949 = COLOUR_RGB ( '',0.8196078431372548767, 0.7058823529411764053, 0.5254901960784313930 ) ;
#5950 = AXIS2_PLACEMENT_3D ( 'NONE', #11438, #2401, #9697 ) ;
#5952 = ORIENTED_EDGE ( 'NONE', *, *, #3175, .F. ) ;
#5951 = SURFACE_STYLE_FILL_AREA ( #736 ) ;
#5953 = VECTOR ( 'NONE', #3818, 1000.000000000000000 ) ;
#5954 = CIRCLE ( 'NONE', #1481, 0.2500000000000002220 ) ;
#5955 = COLOUR_RGB ( '',0.8196078431372548767, 0.7058823529411764053, 0.5254901960784313930 ) ;
#5956 = AXIS2_PLACEMENT_3D ( 'NONE', #9768, #3583, #8196 ) ;
#5957 = SURFACE_STYLE_USAGE ( .BOTH. , #2397 ) ;
#5958 = ADVANCED_FACE ( 'NONE', ( #11399 ), #2426, .F. ) ;
#5959 = CARTESIAN_POINT ( 'NONE',  ( 1.499999999999999778, 0.4749999999999988676, 0.9000000000000001332 ) ) ;
#5960 =( LENGTH_UNIT ( ) NAMED_UNIT ( * ) SI_UNIT ( .MILLI., .METRE. ) );
#5961 = SURFACE_SIDE_STYLE ('',( #10498 ) ) ;
#5962 = VERTEX_POINT ( 'NONE', #695 ) ;
#5963 = VECTOR ( 'NONE', #8567, 1000.000000000000000 ) ;
#5965 = ORIENTED_EDGE ( 'NONE', *, *, #5274, .T. ) ;
#5964 =( NAMED_UNIT ( * ) SI_UNIT ( $, .STERADIAN. ) SOLID_ANGLE_UNIT ( ) );
#5966 = EDGE_CURVE ( 'NONE', #8176, #2918, #3402, .T. ) ;
#5967 = EDGE_CURVE ( 'NONE', #2923, #6358, #2580, .T. ) ;
#5969 = VERTEX_POINT ( 'NONE', #1483 ) ;
#5968 =( LENGTH_UNIT ( ) NAMED_UNIT ( * ) SI_UNIT ( .MILLI., .METRE. ) );
#5970 = DIRECTION ( 'NONE',  ( -1.000000000000000000, -0.0000000000000000000, 0.0000000000000000000 ) ) ;
#5971 = ADVANCED_FACE ( 'NONE', ( #3518 ), #5298, .T. ) ;
#5972 = CARTESIAN_POINT ( 'NONE',  ( 16.10000000000000142, 11.81000000000000050, -0.1000000000000002554 ) ) ;
#5973 = ORIENTED_EDGE ( 'NONE', *, *, #3186, .F. ) ;
#5974 =( NAMED_UNIT ( * ) SI_UNIT ( $, .STERADIAN. ) SOLID_ANGLE_UNIT ( ) );
#5975 = EDGE_CURVE ( 'NONE', #10405, #5690, #10456, .T. ) ;
#5976 = FACE_OUTER_BOUND ( 'NONE', #6396, .T. ) ;
#5977 = DIRECTION ( 'NONE',  ( 1.000000000000000000, -0.0000000000000000000, 0.0000000000000000000 ) ) ;
#5978 = ORIENTED_EDGE ( 'NONE', *, *, #10436, .F. ) ;
#5979 = EDGE_CURVE ( 'NONE', #10201, #10840, #4354, .T. ) ;
#5980 =( LENGTH_UNIT ( ) NAMED_UNIT ( * ) SI_UNIT ( .MILLI., .METRE. ) );
#5981 = VECTOR ( 'NONE', #6178, 1000.000000000000000 ) ;
#5982 = LINE ( 'NONE', #6839, #8311 ) ;
#5983 = DIRECTION ( 'NONE',  ( -1.000000000000000000, 0.0000000000000000000, 0.0000000000000000000 ) ) ;
#5984 = ADVANCED_FACE ( 'NONE', ( #9023 ), #8025, .F. ) ;
#5985 = ORIENTED_EDGE ( 'NONE', *, *, #2943, .F. ) ;
#5986 = FILL_AREA_STYLE ('',( #8739 ) ) ;
#5987 = PLANE ( 'NONE',  #5492 ) ;
#5988 = CARTESIAN_POINT ( 'NONE',  ( 0.4749999999999969802, 15.52500000000000036, 1.000000000000000000 ) ) ;
#5989 = PRESENTATION_LAYER_ASSIGNMENT (  '', '', ( #1312 ) ) ;
#5990 = FILL_AREA_STYLE ('',( #7785 ) ) ;
#5991 = EDGE_CURVE ( 'NONE', #11451, #2996, #1784, .T. ) ;
#5992 =( NAMED_UNIT ( * ) SI_UNIT ( $, .STERADIAN. ) SOLID_ANGLE_UNIT ( ) );
#5993 = ORIENTED_EDGE ( 'NONE', *, *, #5975, .T. ) ;
#5994 = DIRECTION ( 'NONE',  ( 0.0000000000000000000, -0.0000000000000000000, 1.000000000000000000 ) ) ;
#5995 = CARTESIAN_POINT ( 'NONE',  ( 0.7499999999999970024, 10.07000000000000028, -0.1000000000000000056 ) ) ;
#5996 = LINE ( 'NONE', #8694, #8033 ) ;
#5997 = LINE ( 'NONE', #9566, #5373 ) ;
#5998 = DIRECTION ( 'NONE',  ( 0.0000000000000000000, 0.0000000000000000000, 1.000000000000000000 ) ) ;
#5999 = CARTESIAN_POINT ( 'NONE',  ( 16.10000000000000142, 2.450000000000000178, -0.1000000000000003109 ) ) ;
#6000 = SURFACE_SIDE_STYLE ('',( #2444 ) ) ;
#6001 = DIRECTION ( 'NONE',  ( 0.0000000000000000000, -0.0000000000000000000, -1.000000000000000000 ) ) ;
#6002 = ORIENTED_EDGE ( 'NONE', *, *, #5807, .F. ) ;
#6003 = SURFACE_SIDE_STYLE ('',( #9519 ) ) ;
#6004 = MECHANICAL_DESIGN_GEOMETRIC_PRESENTATION_REPRESENTATION (  '', ( #4331 ), #2464 ) ;
#6005 = ORIENTED_EDGE ( 'NONE', *, *, #7095, .T. ) ;
#6006 = CIRCLE ( 'NONE', #4162, 0.3000000000000000444 ) ;
#6007 = LINE ( 'NONE', #5153, #4940 ) ;
#6008 = CARTESIAN_POINT ( 'NONE',  ( 8.900000000000000355, 15.50000000000000000, 0.0000000000000000000 ) ) ;
#6010 = ORIENTED_EDGE ( 'NONE', *, *, #3399, .F. ) ;
#6009 = DIRECTION ( 'NONE',  ( 0.0000000000000000000, 0.0000000000000000000, 1.000000000000000000 ) ) ;
#6011 = FILL_AREA_STYLE ('',( #372 ) ) ;
#6013 = ORIENTED_EDGE ( 'NONE', *, *, #5344, .T. ) ;
#6012 =( NAMED_UNIT ( * ) PLANE_ANGLE_UNIT ( ) SI_UNIT ( $, .RADIAN. ) );
#6014 = DIRECTION ( 'NONE',  ( -0.0000000000000000000, 0.0000000000000000000, -1.000000000000000000 ) ) ;
#6015 =( NAMED_UNIT ( * ) SI_UNIT ( $, .STERADIAN. ) SOLID_ANGLE_UNIT ( ) );
#6016 = DIRECTION ( 'NONE',  ( -1.000000000000000000, 0.0000000000000000000, 0.0000000000000000000 ) ) ;
#6017 = STYLED_ITEM ( 'NONE', ( #6863 ), #7361 ) ;
#6018 = CARTESIAN_POINT ( 'NONE',  ( -0.1000000000000030032, 10.26999999999999957, 1.000000000000000000 ) ) ;
#6019 = FACE_OUTER_BOUND ( 'NONE', #560, .T. ) ;
#6020 = UNCERTAINTY_MEASURE_WITH_UNIT (LENGTH_MEASURE( 1.000000000000000082E-05 ), #1999, 'distance_accuracy_value', 'NONE');
#6021 = VERTEX_POINT ( 'NONE', #5577 ) ;
#6022 = ORIENTED_EDGE ( 'NONE', *, *, #3104, .F. ) ;
#6023 = VECTOR ( 'NONE', #795, 1000.000000000000000 ) ;
#6025 = ORIENTED_EDGE ( 'NONE', *, *, #10658, .F. ) ;
#6024 =( LENGTH_UNIT ( ) NAMED_UNIT ( * ) SI_UNIT ( .MILLI., .METRE. ) );
#6026 = EDGE_CURVE ( 'NONE', #6124, #2334, #9819, .T. ) ;
#6028 = ORIENTED_EDGE ( 'NONE', *, *, #9610, .F. ) ;
#6027 = DIRECTION ( 'NONE',  ( -0.0000000000000000000, -0.0000000000000000000, -1.000000000000000000 ) ) ;
#6029 = SURFACE_STYLE_FILL_AREA ( #2350 ) ;
#6030 = CARTESIAN_POINT ( 'NONE',  ( 17.07320508075688537, -1.073205080756891361, 6.323205080756886254 ) ) ;
#6031 = VERTEX_POINT ( 'NONE', #10740 ) ;
#6032 = VECTOR ( 'NONE', #9388, 1000.000000000000000 ) ;
#6033 = SURFACE_SIDE_STYLE ('',( #3400 ) ) ;
#6034 = ORIENTED_EDGE ( 'NONE', *, *, #6816, .T. ) ;
#6035 = PRODUCT_DEFINITION_SHAPE ( 'NONE', 'NONE',  #5485 ) ;
#6036 = EDGE_CURVE ( 'NONE', #3335, #1922, #2638, .T. ) ;
#6037 = AXIS2_PLACEMENT_3D ( 'NONE', #1433, #720, #10242 ) ;
#6038 = COLOUR_RGB ( '',0.1803921568627450955, 0.4627450980392157076, 0.2823529411764705843 ) ;
#6039 = VECTOR ( 'NONE', #3277, 1000.000000000000000 ) ;
#6040 = ADVANCED_FACE ( 'NONE', ( #11569 ), #2802, .F. ) ;
#6041 = ORIENTED_EDGE ( 'NONE', *, *, #1562, .F. ) ;
#6042 = SURFACE_SIDE_STYLE ('',( #9553 ) ) ;
#6043 = FILL_AREA_STYLE_COLOUR ( '', #2496 ) ;
#6044 = CARTESIAN_POINT ( 'NONE',  ( 9.400000000000000355, 15.50000000000000000, -0.03500000000000000333 ) ) ;
#6045 = CARTESIAN_POINT ( 'NONE',  ( -1.923461390163080078E-15, 6.929999999999999716, 1.000000000000000000 ) ) ;
#6046 = VECTOR ( 'NONE', #431, 1000.000000000000000 ) ;
#6047 = CARTESIAN_POINT ( 'NONE',  ( 15.25000000000000000, 1.850000000000000089, -0.1000000000000000056 ) ) ;
#6048 = ORIENTED_EDGE ( 'NONE', *, *, #5300, .T. ) ;
#6049 = LINE ( 'NONE', #1042, #5477 ) ;
#6050 = EDGE_CURVE ( 'NONE', #4156, #2790, #9132, .T. ) ;
#6051 = STYLED_ITEM ( 'NONE', ( #9365 ), #4419 ) ;
#6052 = CARTESIAN_POINT ( 'NONE',  ( 8.000000000000000000, 10.26999999999999957, 0.0000000000000000000 ) ) ;
#6053 = DIRECTION ( 'NONE',  ( 0.0000000000000000000, -1.000000000000000000, 0.0000000000000000000 ) ) ;
#6054 = FACE_OUTER_BOUND ( 'NONE', #4013, .T. ) ;
#6055 = LINE ( 'NONE', #715, #9211 ) ;
#6056 = EDGE_CURVE ( 'NONE', #8246, #4443, #9081, .T. ) ;
#6057 = STYLED_ITEM ( 'NONE', ( #7089 ), #9462 ) ;
#6058 = AXIS2_PLACEMENT_3D ( 'NONE', #3660, #7305, #1963 ) ;
#6059 = SURFACE_STYLE_FILL_AREA ( #4142 ) ;
#6060 = COLOUR_RGB ( '',0.8196078431372548767, 0.7058823529411764053, 0.5254901960784313930 ) ;
#6061 = FACE_OUTER_BOUND ( 'NONE', #8546, .T. ) ;
#6062 = CARTESIAN_POINT ( 'NONE',  ( 0.4749999999999986455, 11.81000000000000050, 0.9000000000000001332 ) ) ;
#6063 = EDGE_LOOP ( 'NONE', ( #7717, #11567, #8569, #6889 ) ) ;
#6064 = SURFACE_STYLE_FILL_AREA ( #4908 ) ;
#6065 = FILL_AREA_STYLE_COLOUR ( '', #2480 ) ;
#6066 = CARTESIAN_POINT ( 'NONE',  ( 16.00000000000000000, 0.0000000000000000000, 0.9000000000000001332 ) ) ;
#6067 = ORIENTED_EDGE ( 'NONE', *, *, #7382, .T. ) ;
#6068 = CARTESIAN_POINT ( 'NONE',  ( 14.50000000000000000, 8.000000000000000000, 0.0000000000000000000 ) ) ;
#6070 = ORIENTED_EDGE ( 'NONE', *, *, #9042, .T. ) ;
#6069 = CARTESIAN_POINT ( 'NONE',  ( 0.4749999999999997558, 9.269999999999999574, 1.000000000000000000 ) ) ;
#6071 = CARTESIAN_POINT ( 'NONE',  ( 1.500000000000000000, 12.81000000000000050, -0.1000000000000000472 ) ) ;
#6073 = ORIENTED_EDGE ( 'NONE', *, *, #4415, .F. ) ;
#6072 =( NAMED_UNIT ( * ) SI_UNIT ( $, .STERADIAN. ) SOLID_ANGLE_UNIT ( ) );
#6074 = CARTESIAN_POINT ( 'NONE',  ( -3.311240170944530092E-15, 9.470000000000000639, 0.9999999999999988898 ) ) ;
#6075 = LINE ( 'NONE', #7997, #11568 ) ;
#6076 = CARTESIAN_POINT ( 'NONE',  ( 0.4749999999999975353, 14.34999999999999964, 0.9000000000000001332 ) ) ;
#6077 =( NAMED_UNIT ( * ) PLANE_ANGLE_UNIT ( ) SI_UNIT ( $, .RADIAN. ) );
#6078 = ORIENTED_EDGE ( 'NONE', *, *, #10736, .T. ) ;
#6079 =( BOUNDED_SURFACE ( )  B_SPLINE_SURFACE ( 3, 3, ( 
 ( #10825, #2841, #3564, #302 ),
 ( #10996, #10934, #7560, #4024 ),
 ( #10177, #6630, #8299, #7499 ),
 ( #3126, #9334, #10007, #6580 ) ),
 .UNSPECIFIED., .F., .F., .F. ) 
 B_SPLINE_SURFACE_WITH_KNOTS ( ( 4, 4 ),
 ( 4, 4 ),
 ( 0.0000000000000000000, 1.000000000000000000 ),
 ( 0.0000000000000000000, 1.000000000000000000 ),
 .UNSPECIFIED. ) 
 GEOMETRIC_REPRESENTATION_ITEM ( )  RATIONAL_B_SPLINE_SURFACE ( (
 ( 1.000000000000000000, 0.3333333333333445281, 0.3333333333333445281, 1.000000000000000000),
 ( 0.9676023936394009262, 0.3225341312131444482, 0.3225341312131444482, 0.9676023936394009262),
 ( 0.9676023936394009262, 0.3225341312131444482, 0.3225341312131444482, 0.9676023936394009262),
 ( 1.000000000000000000, 0.3333333333333445281, 0.3333333333333445281, 1.000000000000000000) ) ) 
 REPRESENTATION_ITEM ( '' )  SURFACE ( )  );
#6080 = ORIENTED_EDGE ( 'NONE', *, *, #9971, .T. ) ;
#6082 = ORIENTED_EDGE ( 'NONE', *, *, #9744, .F. ) ;
#6081 =( NAMED_UNIT ( * ) PLANE_ANGLE_UNIT ( ) SI_UNIT ( $, .RADIAN. ) );
#6083 = VERTEX_POINT ( 'NONE', #150 ) ;
#6084 = FACE_OUTER_BOUND ( 'NONE', #7711, .T. ) ;
#6085 = CARTESIAN_POINT ( 'NONE',  ( 17.17992940268340263, -1.046517794842398041, 6.163106187001400116 ) ) ;
#6086 = ORIENTED_EDGE ( 'NONE', *, *, #4699, .T. ) ;
#6087 =( NAMED_UNIT ( * ) PLANE_ANGLE_UNIT ( ) SI_UNIT ( $, .RADIAN. ) );
#6088 = EDGE_LOOP ( 'NONE', ( #11493, #7333, #5159, #8368 ) ) ;
#6089 = DIRECTION ( 'NONE',  ( -1.000000000000000000, -2.220446049250309925E-15, 0.0000000000000000000 ) ) ;
#6090 = DIRECTION ( 'NONE',  ( 0.0000000000000000000, 0.0000000000000000000, 1.000000000000000000 ) ) ;
#6091 = DIRECTION ( 'NONE',  ( -0.0000000000000000000, 0.0000000000000000000, -1.000000000000000000 ) ) ;
#6092 = ORIENTED_EDGE ( 'NONE', *, *, #826, .T. ) ;
#6093 =( NAMED_UNIT ( * ) SI_UNIT ( $, .STERADIAN. ) SOLID_ANGLE_UNIT ( ) );
#6094 = DIRECTION ( 'NONE',  ( 1.000000000000000000, 0.0000000000000000000, -0.0000000000000000000 ) ) ;
#6095 = PRESENTATION_STYLE_ASSIGNMENT (( #9718 ) ) ;
#6096 = UNCERTAINTY_MEASURE_WITH_UNIT (LENGTH_MEASURE( 1.000000000000000082E-05 ), #5937, 'distance_accuracy_value', 'NONE');
#6097 = VECTOR ( 'NONE', #4671, 1000.000000000000000 ) ;
#6098 = EDGE_CURVE ( 'NONE', #5699, #6470, #8900, .T. ) ;
#6099 = SURFACE_STYLE_USAGE ( .BOTH. , #7849 ) ;
#6100 = ORIENTED_EDGE ( 'NONE', *, *, #7694, .T. ) ;
#6101 = SURFACE_STYLE_USAGE ( .BOTH. , #9503 ) ;
#6102 = ADVANCED_FACE ( 'NONE', ( #8259 ), #7286, .T. ) ;
#6103 = LINE ( 'NONE', #9665, #11581 ) ;
#6104 = CARTESIAN_POINT ( 'NONE',  ( 1.500000000000000000, 4.189999999999989733, -0.09999999999999939493 ) ) ;
#6105 =( NAMED_UNIT ( * ) SI_UNIT ( $, .STERADIAN. ) SOLID_ANGLE_UNIT ( ) );
#6106 = CARTESIAN_POINT ( 'NONE',  ( 16.00000000000000000, 12.60999999999999943, -0.1000000000000014350 ) ) ;
#6107 = EDGE_CURVE ( 'NONE', #10973, #8176, #3991, .T. ) ;
#6108 = CARTESIAN_POINT ( 'NONE',  ( -3.512468094157838926E-15, 12.81000000000000050, 0.9000000000000001332 ) ) ;
#6109 = CARTESIAN_POINT ( 'NONE',  ( 7.515439953402198725, 6.745738239599130992, 6.499999999999997335 ) ) ;
#6110 = ADVANCED_FACE ( 'NONE', ( #5731 ), #11077, .F. ) ;
#6111 = DIRECTION ( 'NONE',  ( -0.0000000000000000000, -0.0000000000000000000, -1.000000000000000000 ) ) ;
#6112 = EDGE_CURVE ( 'NONE', #5610, #7869, #6649, .T. ) ;
#6113 = ORIENTED_EDGE ( 'NONE', *, *, #9120, .F. ) ;
#6114 = DIRECTION ( 'NONE',  ( 0.0000000000000000000, 0.0000000000000000000, 1.000000000000000000 ) ) ;
#6115 = CARTESIAN_POINT ( 'NONE',  ( -4.440892098500630106E-15, 16.00000000000000000, 0.9000000000000001332 ) ) ;
#6116 = EDGE_CURVE ( 'NONE', #8728, #7195, #9358, .T. ) ;
#6117 = UNCERTAINTY_MEASURE_WITH_UNIT (LENGTH_MEASURE( 1.000000000000000082E-05 ), #6024, 'distance_accuracy_value', 'NONE');
#6118 = COLOUR_RGB ( '',0.4313725490196078649, 0.3490196078431372362, 0.2901960784313725172 ) ;
#6119 = ORIENTED_EDGE ( 'NONE', *, *, #4189, .F. ) ;
#6120 = AXIS2_PLACEMENT_3D ( 'NONE', #5145, #5939, #4903 ) ;
#6121 = CARTESIAN_POINT ( 'NONE',  ( 16.10000000000000142, 9.470000000000000639, -0.1000000000000000056 ) ) ;
#6122 = PRESENTATION_LAYER_ASSIGNMENT (  '', '', ( #3881 ) ) ;
#6124 = VERTEX_POINT ( 'NONE', #2058 ) ;
#6123 = CARTESIAN_POINT ( 'NONE',  ( 1.500000000000000000, 15.35000000000000142, -0.1000000000000000472 ) ) ;
#6125 = FILL_AREA_STYLE_COLOUR ( '', #9057 ) ;
#6127 = ORIENTED_EDGE ( 'NONE', *, *, #2528, .F. ) ;
#6126 = CARTESIAN_POINT ( 'NONE',  ( 8.599999999999999645, 7.370000000000000995, -0.06999999999524240957 ) ) ;
#6128 = STYLED_ITEM ( 'NONE', ( #10749 ), #8629 ) ;
#6129 = CARTESIAN_POINT ( 'NONE',  ( 16.00000000000000000, 9.470000000000000639, -0.1000000000000010048 ) ) ;
#6130 = FILL_AREA_STYLE ('',( #8772 ) ) ;
#6131 = VECTOR ( 'NONE', #3721, 1000.000000000000000 ) ;
#6132 = SURFACE_STYLE_USAGE ( .BOTH. , #7884 ) ;
#6133 = CARTESIAN_POINT ( 'NONE',  ( 0.4750000000000029754, 0.4749999999999989786, 1.900000000000000133 ) ) ;
#6134 = ORIENTED_EDGE ( 'NONE', *, *, #10107, .F. ) ;
#6135 =( GEOMETRIC_REPRESENTATION_CONTEXT ( 3 ) GLOBAL_UNCERTAINTY_ASSIGNED_CONTEXT ( ( #7526 ) ) GLOBAL_UNIT_ASSIGNED_CONTEXT ( ( #5371, #10713, #902 ) ) REPRESENTATION_CONTEXT ( 'NONE', 'WORKASPACE' ) );
#6136 = VERTEX_POINT ( 'NONE', #4869 ) ;
#6137 = COLOUR_RGB ( '',0.8196078431372548767, 0.7058823529411764053, 0.5254901960784313930 ) ;
#6139 = VERTEX_POINT ( 'NONE', #4805 ) ;
#6138 = SURFACE_SIDE_STYLE ('',( #10556 ) ) ;
#6140 = VECTOR ( 'NONE', #9165, 1000.000000000000000 ) ;
#6141 = EDGE_LOOP ( 'NONE', ( #10173, #9075, #1280, #4727, #2946, #2637, #9406, #9448 ) ) ;
#6142 = CARTESIAN_POINT ( 'NONE',  ( 17.33397985808343122, -0.7384168840423179780, 6.317156642401450029 ) ) ;
#6143 = VECTOR ( 'NONE', #2627, 1000.000000000000000 ) ;
#6144 = FILL_AREA_STYLE ('',( #2574 ) ) ;
#6145 = ORIENTED_EDGE ( 'NONE', *, *, #6536, .T. ) ;
#6146 = PRESENTATION_LAYER_ASSIGNMENT (  '', '', ( #4859 ) ) ;
#6147 = CARTESIAN_POINT ( 'NONE',  ( -1.073205080756887808, -1.073205080756897800, 6.323205080756888030 ) ) ;
#6148 = AXIS2_PLACEMENT_3D ( 'NONE', #6621, #11097, #3243 ) ;
#6149 = CARTESIAN_POINT ( 'NONE',  ( 0.4750000000000008105, 6.729999999999999538, 1.000000000000000000 ) ) ;
#6150 = AXIS2_PLACEMENT_3D ( 'NONE', #6534, #8354, #2037 ) ;
#6151 = EDGE_LOOP ( 'NONE', ( #9364, #1935, #9591, #8537 ) ) ;
#6152 = AXIS2_PLACEMENT_3D ( 'NONE', #8659, #1637, #4158 ) ;
#6153 = FACE_OUTER_BOUND ( 'NONE', #4342, .T. ) ;
#6154 = SURFACE_STYLE_USAGE ( .BOTH. , #1727 ) ;
#6155 = CIRCLE ( 'NONE', #10431, 0.2999999999999999889 ) ;
#6156 = VECTOR ( 'NONE', #21, 1000.000000000000000 ) ;
#6157 = PLANE ( 'NONE',  #31 ) ;
#6158 = DIRECTION ( 'NONE',  ( 0.0000000000000000000, -1.000000000000000000, -0.0000000000000000000 ) ) ;
#6159 = VERTEX_POINT ( 'NONE', #6710 ) ;
#6160 =( NAMED_UNIT ( * ) PLANE_ANGLE_UNIT ( ) SI_UNIT ( $, .RADIAN. ) );
#6161 = COLOUR_RGB ( '',0.8196078431372548767, 0.7058823529411764053, 0.5254901960784313930 ) ;
#6162 = DIRECTION ( 'NONE',  ( -0.0000000000000000000, -0.0000000000000000000, -1.000000000000000000 ) ) ;
#6163 = FACE_OUTER_BOUND ( 'NONE', #306, .T. ) ;
#6164 = DIRECTION ( 'NONE',  ( -0.0000000000000000000, -0.0000000000000000000, -1.000000000000000000 ) ) ;
#6165 = SURFACE_STYLE_USAGE ( .BOTH. , #5254 ) ;
#6166 = SURFACE_SIDE_STYLE ('',( #6975 ) ) ;
#6167 = CARTESIAN_POINT ( 'NONE',  ( 7.515646856157242262, 7.994378722814242444, 6.500000000000001776 ) ) ;
#6168 = CARTESIAN_POINT ( 'NONE',  ( 16.00000000000000000, 12.60999999999999943, 1.000000000000000444 ) ) ;
#6169 = EDGE_CURVE ( 'NONE', #10105, #5016, #11018, .T. ) ;
#6170 = DIRECTION ( 'NONE',  ( 1.000000000000000000, 0.0000000000000000000, 0.0000000000000000000 ) ) ;
#6171 = DIRECTION ( 'NONE',  ( 1.000000000000000000, 0.0000000000000000000, 0.0000000000000000000 ) ) ;
#6172 = ORIENTED_EDGE ( 'NONE', *, *, #3697, .T. ) ;
#6173 = FILL_AREA_STYLE_COLOUR ( '', #3386 ) ;
#6174 = DIRECTION ( 'NONE',  ( 0.0000000000000000000, -0.0000000000000000000, -1.000000000000000000 ) ) ;
#6175 = AXIS2_PLACEMENT_3D ( 'NONE', #529, #4190, #2435 ) ;
#6176 = ADVANCED_FACE ( 'NONE', ( #2286 ), #5846, .T. ) ;
#6177 = ORIENTED_EDGE ( 'NONE', *, *, #283, .F. ) ;
#6178 = DIRECTION ( 'NONE',  ( -1.000000000000000000, -0.0000000000000000000, 0.0000000000000000000 ) ) ;
#6179 = EDGE_CURVE ( 'NONE', #7721, #6488, #3223, .T. ) ;
#6181 = ORIENTED_EDGE ( 'NONE', *, *, #4347, .F. ) ;
#6180 = CARTESIAN_POINT ( 'NONE',  ( 16.10000000000000142, 9.470000000000000639, 0.9999999999999997780 ) ) ;
#6182 = PRESENTATION_STYLE_ASSIGNMENT (( #2722 ) ) ;
#6183 = EDGE_CURVE ( 'NONE', #4584, #6573, #5040, .T. ) ;
#6184 =( NAMED_UNIT ( * ) SI_UNIT ( $, .STERADIAN. ) SOLID_ANGLE_UNIT ( ) );
#6185 = PRESENTATION_STYLE_ASSIGNMENT (( #10613 ) ) ;
#6186 =( GEOMETRIC_REPRESENTATION_CONTEXT ( 3 ) GLOBAL_UNCERTAINTY_ASSIGNED_CONTEXT ( ( #1440 ) ) GLOBAL_UNIT_ASSIGNED_CONTEXT ( ( #4065, #2299, #4882 ) ) REPRESENTATION_CONTEXT ( 'NONE', 'WORKASPACE' ) );
#6187 = CARTESIAN_POINT ( 'NONE',  ( 0.1242640687119272169, 17.19999999999999929, 6.150000000000000355 ) ) ;
#6188 = ADVANCED_FACE ( 'NONE', ( #8670 ), #1523, .T. ) ;
#6189 = ADVANCED_FACE ( 'NONE', ( #6945 ), #3449, .F. ) ;
#6190 = AXIS2_PLACEMENT_3D ( 'NONE', #1425, #7553, #11231 ) ;
#6191 = DIRECTION ( 'NONE',  ( 1.000000000000000000, 0.0000000000000000000, -0.0000000000000000000 ) ) ;
#6192 = VERTEX_POINT ( 'NONE', #4456 ) ;
#6193 = DIRECTION ( 'NONE',  ( 1.000000000000000000, 0.0000000000000000000, -0.0000000000000000000 ) ) ;
#6194 = VECTOR ( 'NONE', #9502, 1000.000000000000000 ) ;
#6196 = ORIENTED_EDGE ( 'NONE', *, *, #7081, .F. ) ;
#6195 = DIRECTION ( 'NONE',  ( 1.000000000000000000, 0.0000000000000000000, 0.0000000000000000000 ) ) ;
#6197 = EDGE_LOOP ( 'NONE', ( #1696, #4399, #8989, #810 ) ) ;
#6198 = ADVANCED_FACE ( 'NONE', ( #1815 ), #8072, .T. ) ;
#6199 = VECTOR ( 'NONE', #922, 1000.000000000000000 ) ;
#6200 = CARTESIAN_POINT ( 'NONE',  ( -3.885780586188050258E-15, 10.26999999999999957, 1.000000000000000000 ) ) ;
#6201 = VECTOR ( 'NONE', #5366, 1000.000000000000000 ) ;
#6202 = DIRECTION ( 'NONE',  ( 0.0000000000000000000, -1.000000000000000000, -0.0000000000000000000 ) ) ;
#6203 = VERTEX_POINT ( 'NONE', #11494 ) ;
#6204 = VECTOR ( 'NONE', #2012, 1000.000000000000000 ) ;
#6205 = CARTESIAN_POINT ( 'NONE',  ( 15.25000000000000000, 10.07000000000000028, -0.1000000000000000056 ) ) ;
#6206 = CARTESIAN_POINT ( 'NONE',  ( 0.2688417258100123108, 0.7071614036221912647, 1.712074308801802003 ) ) ;
#6207 = ORIENTED_EDGE ( 'NONE', *, *, #6807, .F. ) ;
#6208 = CARTESIAN_POINT ( 'NONE',  ( -1.218469769526110053E-15, 4.389999999999989910, 1.000000000000000000 ) ) ;
#6209 = DIRECTION ( 'NONE',  ( -0.0000000000000000000, 1.000000000000000000, 0.0000000000000000000 ) ) ;
#6210 = AXIS2_PLACEMENT_3D ( 'NONE', #668, #612, #11309 ) ;
#6211 = DIRECTION ( 'NONE',  ( 0.0000000000000000000, 0.0000000000000000000, 1.000000000000000000 ) ) ;
#6212 = ORIENTED_EDGE ( 'NONE', *, *, #5893, .T. ) ;
#6213 = VECTOR ( 'NONE', #7822, 1000.000000000000000 ) ;
#6214 = SURFACE_SIDE_STYLE ('',( #10317 ) ) ;
#6215 =( NAMED_UNIT ( * ) PLANE_ANGLE_UNIT ( ) SI_UNIT ( $, .RADIAN. ) );
#6216 = CARTESIAN_POINT ( 'NONE',  ( 9.400000000000000355, 0.7500000000000000000, 0.9000000000000001332 ) ) ;
#6217 = CARTESIAN_POINT ( 'NONE',  ( 8.599999999999999645, 8.610786041185193085, 6.500000000000000888 ) ) ;
#6218 = LINE ( 'NONE', #4372, #16 ) ;
#6219 = LINE ( 'NONE', #9787, #2784 ) ;
#6220 = DIRECTION ( 'NONE',  ( -0.0000000000000000000, 1.000000000000000000, 0.0000000000000000000 ) ) ;
#6221 =( GEOMETRIC_REPRESENTATION_CONTEXT ( 3 ) GLOBAL_UNCERTAINTY_ASSIGNED_CONTEXT ( ( #8089 ) ) GLOBAL_UNIT_ASSIGNED_CONTEXT ( ( #4066, #1485, #9493 ) ) REPRESENTATION_CONTEXT ( 'NONE', 'WORKASPACE' ) );
#6222 = COLOUR_RGB ( '',0.8196078431372548767, 0.7058823529411764053, 0.5254901960784313930 ) ;
#6223 = DIRECTION ( 'NONE',  ( 1.000000000000000000, 0.0000000000000000000, 0.0000000000000000000 ) ) ;
#6224 = ORIENTED_EDGE ( 'NONE', *, *, #5422, .T. ) ;
#6225 = CARTESIAN_POINT ( 'NONE',  ( 8.000000000000000000, 14.34999999999999964, 0.0000000000000000000 ) ) ;
#6226 = DIRECTION ( 'NONE',  ( -0.0000000000000000000, -1.000000000000000000, -0.0000000000000000000 ) ) ;
#6227 = VERTEX_POINT ( 'NONE', #23 ) ;
#6228 = AXIS2_PLACEMENT_3D ( 'NONE', #10057, #5756, #9216 ) ;
#6229 = LINE ( 'NONE', #9794, #8160 ) ;
#6230 = FACE_OUTER_BOUND ( 'NONE', #6301, .T. ) ;
#6231 = PRESENTATION_LAYER_ASSIGNMENT (  '', '', ( #2523 ) ) ;
#6233 = VERTEX_POINT ( 'NONE', #78 ) ;
#6232 = DIRECTION ( 'NONE',  ( -1.000000000000000000, -7.401486830834380223E-16, 0.0000000000000000000 ) ) ;
#6234 = CARTESIAN_POINT ( 'NONE',  ( 14.50000000000000000, 11.81000000000000050, 0.0000000000000000000 ) ) ;
#6235 = DIRECTION ( 'NONE',  ( 0.0000000000000000000, 0.0000000000000000000, -1.000000000000000000 ) ) ;
#6236 = CARTESIAN_POINT ( 'NONE',  ( 9.400000000000000355, 15.50000000000000000, -0.03500000000000000333 ) ) ;
#6237 = DIRECTION ( 'NONE',  ( -1.000000000000000000, 0.0000000000000000000, 0.0000000000000000000 ) ) ;
#6238 = EDGE_CURVE ( 'NONE', #7253, #4282, #8948, .T. ) ;
#6239 =( LENGTH_UNIT ( ) NAMED_UNIT ( * ) SI_UNIT ( .MILLI., .METRE. ) );
#6240 = FACE_OUTER_BOUND ( 'NONE', #4401, .T. ) ;
#6241 = CARTESIAN_POINT ( 'NONE',  ( -0.1000000000000029893, 10.26999999999999957, -0.1000000000000005052 ) ) ;
#6242 = ORIENTED_EDGE ( 'NONE', *, *, #4206, .T. ) ;
#6243 = UNCERTAINTY_MEASURE_WITH_UNIT (LENGTH_MEASURE( 1.000000000000000082E-05 ), #4071, 'distance_accuracy_value', 'NONE');
#6244 = CARTESIAN_POINT ( 'NONE',  ( 0.1242640687119270088, 16.89999999999999858, 6.150000000000000355 ) ) ;
#6246 = ORIENTED_EDGE ( 'NONE', *, *, #1528, .F. ) ;
#6245 = CARTESIAN_POINT ( 'NONE',  ( -1.143755976020625953, 15.97670296246533717, 6.292788944843397125 ) ) ;
#6248 = ORIENTED_EDGE ( 'NONE', *, *, #6036, .T. ) ;
#6247 = DIRECTION ( 'NONE',  ( -1.000000000000000000, 0.0000000000000000000, -0.0000000000000000000 ) ) ;
#6249 = ADVANCED_FACE ( 'NONE', ( #3505 ), #861, .T. ) ;
#6250 = EDGE_CURVE ( 'NONE', #2849, #7437, #7110, .T. ) ;
#6251 = FILL_AREA_STYLE ('',( #8960 ) ) ;
#6252 = FILL_AREA_STYLE ('',( #2691 ) ) ;
#6253 = ORIENTED_EDGE ( 'NONE', *, *, #6746, .F. ) ;
#6254 = UNCERTAINTY_MEASURE_WITH_UNIT (LENGTH_MEASURE( 1.000000000000000082E-05 ), #5247, 'distance_accuracy_value', 'NONE');
#6255 = EDGE_CURVE ( 'NONE', #4994, #2348, #2687, .T. ) ;
#6256 = EDGE_CURVE ( 'NONE', #10433, #5105, #10778, .T. ) ;
#6257 = DIRECTION ( 'NONE',  ( 0.8944271909999158554, -0.4472135954999579277, 0.0000000000000000000 ) ) ;
#6258 = DIRECTION ( 'NONE',  ( -7.401486830834380223E-16, 1.000000000000000000, 0.0000000000000000000 ) ) ;
#6259 =( LENGTH_UNIT ( ) NAMED_UNIT ( * ) SI_UNIT ( .MILLI., .METRE. ) );
#6260 = EDGE_LOOP ( 'NONE', ( #8291, #1552, #11246, #10382, #6751, #5678, #8015, #5528 ) ) ;
#6261 = LINE ( 'NONE', #2542, #2657 ) ;
#6262 = FILL_AREA_STYLE_COLOUR ( '', #10410 ) ;
#6263 = FILL_AREA_STYLE_COLOUR ( '', #7603 ) ;
#6264 = VECTOR ( 'NONE', #1878, 1000.000000000000000 ) ;
#6265 = EDGE_LOOP ( 'NONE', ( #3853, #5993, #6349, #10260 ) ) ;
#6266 =( NAMED_UNIT ( * ) SI_UNIT ( $, .STERADIAN. ) SOLID_ANGLE_UNIT ( ) );
#6267 = AXIS2_PLACEMENT_3D ( 'NONE', #11093, #4938, #3103 ) ;
#6268 = DIRECTION ( 'NONE',  ( 1.000000000000000000, 0.0000000000000000000, 0.0000000000000000000 ) ) ;
#6269 =( NAMED_UNIT ( * ) PLANE_ANGLE_UNIT ( ) SI_UNIT ( $, .RADIAN. ) );
#6270 = CARTESIAN_POINT ( 'NONE',  ( 8.000000000000000000, 12.81000000000000050, 0.0000000000000000000 ) ) ;
#6271 = PLANE ( 'NONE',  #10593 ) ;
#6272 = CARTESIAN_POINT ( 'NONE',  ( 1.500000000000000000, 9.269999999999999574, 0.9000000000000001332 ) ) ;
#6273 = AXIS2_PLACEMENT_3D ( 'NONE', #118, #2778, #9055 ) ;
#6274 = DIRECTION ( 'NONE',  ( -0.4082482904638585763, 0.8164965809277289210, -0.4082482904638617960 ) ) ;
#6275 = SURFACE_SIDE_STYLE ('',( #7252 ) ) ;
#6276 = ORIENTED_EDGE ( 'NONE', *, *, #369, .F. ) ;
#6277 = CARTESIAN_POINT ( 'NONE',  ( 8.000000000000000000, 1.649999999999989919, 0.9000000000000001332 ) ) ;
#6278 = SURFACE_STYLE_USAGE ( .BOTH. , #4382 ) ;
#6279 = AXIS2_PLACEMENT_3D ( 'NONE', #5761, #2942, #177 ) ;
#6280 = ORIENTED_EDGE ( 'NONE', *, *, #1715, .T. ) ;
#6281 = CARTESIAN_POINT ( 'NONE',  ( 16.92084697793671921, 17.23650200320088643, 6.312266261133047784 ) ) ;
#6282 =( NAMED_UNIT ( * ) PLANE_ANGLE_UNIT ( ) SI_UNIT ( $, .RADIAN. ) );
#6284 = EDGE_LOOP ( 'NONE', ( #6814, #9457, #1437, #5826 ) ) ;
#6283 = CARTESIAN_POINT ( 'NONE',  ( -0.1000000000000020040, 7.230000000000000426, -0.1000000000000000056 ) ) ;
#6285 = MECHANICAL_DESIGN_GEOMETRIC_PRESENTATION_REPRESENTATION (  '', ( #3115 ), #1056 ) ;
#6286 =( LENGTH_UNIT ( ) NAMED_UNIT ( * ) SI_UNIT ( .MILLI., .METRE. ) );
#6287 = DIRECTION ( 'NONE',  ( 0.0000000000000000000, 1.000000000000000000, 0.0000000000000000000 ) ) ;
#6288 = CARTESIAN_POINT ( 'NONE',  ( 16.10000000000000142, 4.190000000000000391, 1.000000000000000000 ) ) ;
#6289 = CARTESIAN_POINT ( 'NONE',  ( 8.159939116155234373, 7.255454043200380454, 6.950000000000001066 ) ) ;
#6290 = FACE_OUTER_BOUND ( 'NONE', #5771, .T. ) ;
#6291 = ORIENTED_EDGE ( 'NONE', *, *, #7594, .F. ) ;
#6292 = PRESENTATION_LAYER_ASSIGNMENT (  '', '', ( #3317 ) ) ;
#6293 = DIRECTION ( 'NONE',  ( -0.0000000000000000000, 1.000000000000000000, 0.0000000000000000000 ) ) ;
#6294 = DIRECTION ( 'NONE',  ( 0.0000000000000000000, 0.0000000000000000000, 1.000000000000000000 ) ) ;
#6295 = FILL_AREA_STYLE_COLOUR ( '', #6887 ) ;
#6296 = ORIENTED_EDGE ( 'NONE', *, *, #577, .T. ) ;
#6297 = DIRECTION ( 'NONE',  ( 0.0000000000000000000, -0.0000000000000000000, -1.000000000000000000 ) ) ;
#6298 = CYLINDRICAL_SURFACE ( 'NONE', #2097, 0.4100000000000006417 ) ;
#6300 = ORIENTED_EDGE ( 'NONE', *, *, #6807, .T. ) ;
#6299 = DIRECTION ( 'NONE',  ( -1.000000000000000000, -0.0000000000000000000, 0.0000000000000000000 ) ) ;
#6301 = EDGE_LOOP ( 'NONE', ( #8969, #4558, #6100, #6948 ) ) ;
#6302 = COLOUR_RGB ( '',0.8196078431372548767, 0.7058823529411764053, 0.5254901960784313930 ) ;
#6303 = COLOUR_RGB ( '',0.8196078431372548767, 0.7058823529411764053, 0.5254901960784313930 ) ;
#6304 = EDGE_CURVE ( 'NONE', #4875, #9137, #5567, .T. ) ;
#6305 = LINE ( 'NONE', #8846, #314 ) ;
#6306 = EDGE_CURVE ( 'NONE', #9662, #8728, #6355, .T. ) ;
#6307 = CIRCLE ( 'NONE', #1273, 0.2500000000000002220 ) ;
#6308 = DIRECTION ( 'NONE',  ( 1.000000000000000000, 0.0000000000000000000, 0.0000000000000000000 ) ) ;
#6309 = CARTESIAN_POINT ( 'NONE',  ( -4.440892098500630106E-15, 16.00000000000000000, 0.9000000000000001332 ) ) ;
#6310 = EDGE_CURVE ( 'NONE', #5227, #3285, #9756, .T. ) ;
#6311 = EDGE_CURVE ( 'NONE', #4918, #6021, #11050, .T. ) ;
#6312 = ORIENTED_EDGE ( 'NONE', *, *, #11142, .T. ) ;
#6313 = DIRECTION ( 'NONE',  ( 1.000000000000000000, 0.0000000000000000000, 0.0000000000000000000 ) ) ;
#6314 =( NAMED_UNIT ( * ) PLANE_ANGLE_UNIT ( ) SI_UNIT ( $, .RADIAN. ) );
#6315 = VECTOR ( 'NONE', #10775, 1000.000000000000000 ) ;
#6316 = EDGE_CURVE ( 'NONE', #11119, #1646, #234, .T. ) ;
#6317 = FILL_AREA_STYLE ('',( #5476 ) ) ;
#6318 = VECTOR ( 'NONE', #8269, 1000.000000000000000 ) ;
#6319 = VECTOR ( 'NONE', #6247, 1000.000000000000000 ) ;
#6320 = ORIENTED_EDGE ( 'NONE', *, *, #8995, .F. ) ;
#6321 = AXIS2_PLACEMENT_3D ( 'NONE', #5317, #5430, #7082 ) ;
#6322 = DIRECTION ( 'NONE',  ( 0.0000000000000000000, -0.0000000000000000000, 1.000000000000000000 ) ) ;
#6323 = CIRCLE ( 'NONE', #7240, 0.3000000000000016542 ) ;
#6324 = FACE_OUTER_BOUND ( 'NONE', #9473, .T. ) ;
#6325 = ORIENTED_EDGE ( 'NONE', *, *, #1479, .T. ) ;
#6326 = PRESENTATION_STYLE_ASSIGNMENT (( #3766 ) ) ;
#6327 = FACE_OUTER_BOUND ( 'NONE', #5027, .T. ) ;
#6328 =( LENGTH_UNIT ( ) NAMED_UNIT ( * ) SI_UNIT ( .MILLI., .METRE. ) );
#6329 = COLOUR_RGB ( '',0.8196078431372548767, 0.7058823529411764053, 0.5254901960784313930 ) ;
#6330 = CARTESIAN_POINT ( 'NONE',  ( 1.500000000000000000, 6.730000000000000426, 1.000000000000000000 ) ) ;
#6331 = LINE ( 'NONE', #6388, #3894 ) ;
#6332 = CARTESIAN_POINT ( 'NONE',  ( 8.599561404661436370, 6.129214036332552240, 6.500000000000000888 ) ) ;
#6333 = CARTESIAN_POINT ( 'NONE',  ( 15.55000000000000071, 7.999999999999989342, 6.450000000000000178 ) ) ;
#6334 = EDGE_CURVE ( 'NONE', #8204, #9658, #7277, .T. ) ;
#6335 = DIRECTION ( 'NONE',  ( 1.000000000000000000, 0.0000000000000000000, -0.0000000000000000000 ) ) ;
#6336 = VERTEX_POINT ( 'NONE', #6416 ) ;
#6337 = VECTOR ( 'NONE', #3787, 1000.000000000000000 ) ;
#6338 = DIRECTION ( 'NONE',  ( 0.0000000000000000000, 0.0000000000000000000, -1.000000000000000000 ) ) ;
#6339 = PRESENTATION_LAYER_ASSIGNMENT (  '', '', ( #9337 ) ) ;
#6340 = CARTESIAN_POINT ( 'NONE',  ( 14.50000000000000000, 2.649999999999990141, 0.0000000000000000000 ) ) ;
#6341 = ORIENTED_EDGE ( 'NONE', *, *, #5061, .F. ) ;
#6342 = VECTOR ( 'NONE', #10366, 1000.000000000000000 ) ;
#6343 = CARTESIAN_POINT ( 'NONE',  ( 8.900000000000000355, 15.75000000000000000, -0.03500000000000000333 ) ) ;
#6344 = ORIENTED_EDGE ( 'NONE', *, *, #11177, .T. ) ;
#6345 = LINE ( 'NONE', #2031, #2695 ) ;
#6346 = PRESENTATION_STYLE_ASSIGNMENT (( #10665 ) ) ;
#6347 = FILL_AREA_STYLE_COLOUR ( '', #7268 ) ;
#6348 = COLOUR_RGB ( '',0.8196078431372548767, 0.7058823529411764053, 0.5254901960784313930 ) ;
#6349 = ORIENTED_EDGE ( 'NONE', *, *, #5068, .F. ) ;
#6350 = DIRECTION ( 'NONE',  ( 1.000000000000000000, 0.0000000000000000000, 0.0000000000000000000 ) ) ;
#6351 = UNCERTAINTY_MEASURE_WITH_UNIT (LENGTH_MEASURE( 1.000000000000000082E-05 ), #2829, 'distance_accuracy_value', 'NONE');
#6352 = CARTESIAN_POINT ( 'NONE',  ( 1.500000000000000000, 7.730000000000000426, 0.0000000000000000000 ) ) ;
#6353 = MANIFOLD_SOLID_BREP ( 'Solid1', #11013 ) ;
#6354 = ORIENTED_EDGE ( 'NONE', *, *, #1775, .F. ) ;
#6355 = LINE ( 'NONE', #3634, #5684 ) ;
#6356 = SURFACE_SIDE_STYLE ('',( #2793 ) ) ;
#6358 = VERTEX_POINT ( 'NONE', #1094 ) ;
#6357 = CARTESIAN_POINT ( 'NONE',  ( -0.8295471019611616592, 16.07522407619253002, 6.636526703524126880 ) ) ;
#6360 = VERTEX_POINT ( 'NONE', #5676 ) ;
#6359 = CARTESIAN_POINT ( 'NONE',  ( -0.1000000000000000472, 0.3999999999999894196, 1.000000000000000000 ) ) ;
#6361 = STYLED_ITEM ( 'NONE', ( #6620 ), #352 ) ;
#6362 = DIRECTION ( 'NONE',  ( -1.000000000000000000, -0.0000000000000000000, 0.0000000000000000000 ) ) ;
#6363 = SURFACE_STYLE_FILL_AREA ( #6252 ) ;
#6364 = UNCERTAINTY_MEASURE_WITH_UNIT (LENGTH_MEASURE( 1.000000000000000082E-05 ), #4440, 'distance_accuracy_value', 'NONE');
#6365 = FILL_AREA_STYLE_COLOUR ( '', #3909 ) ;
#6366 = VECTOR ( 'NONE', #3358, 1000.000000000000000 ) ;
#6367 = SURFACE_SIDE_STYLE ('',( #11570 ) ) ;
#6368 = STYLED_ITEM ( 'NONE', ( #5912 ), #657 ) ;
#6369 =( NAMED_UNIT ( * ) SI_UNIT ( $, .STERADIAN. ) SOLID_ANGLE_UNIT ( ) );
#6370 = ORIENTED_EDGE ( 'NONE', *, *, #572, .T. ) ;
#6371 =( BOUNDED_SURFACE ( )  B_SPLINE_SURFACE ( 3, 3, ( 
 ( #6608, #9250, #7650, #9425 ),
 ( #5738, #390, #1410, #3232 ),
 ( #4810, #1224, #2227, #9196 ),
 ( #10154, #8320, #7537, #8372 ) ),
 .UNSPECIFIED., .F., .F., .F. ) 
 B_SPLINE_SURFACE_WITH_KNOTS ( ( 4, 4 ),
 ( 4, 4 ),
 ( 0.0000000000000000000, 1.000000000000000000 ),
 ( 0.0000000000000000000, 1.000000000000000000 ),
 .UNSPECIFIED. ) 
 GEOMETRIC_REPRESENTATION_ITEM ( )  RATIONAL_B_SPLINE_SURFACE ( (
 ( 1.000000000000000000, 0.3333333333333315940, 0.3333333333333315940, 1.000000000000000000),
 ( 0.9245018060306380292, 0.3081672686768777147, 0.3081672686768777147, 0.9245018060306380292),
 ( 0.9245018060306380292, 0.3081672686768777147, 0.3081672686768777147, 0.9245018060306380292),
 ( 1.000000000000000000, 0.3333333333333315940, 0.3333333333333315940, 1.000000000000000000) ) ) 
 REPRESENTATION_ITEM ( '' )  SURFACE ( )  );
#6372 =( NAMED_UNIT ( * ) PLANE_ANGLE_UNIT ( ) SI_UNIT ( $, .RADIAN. ) );
#6373 = PLANE ( 'NONE',  #4847 ) ;
#6374 = VERTEX_POINT ( 'NONE', #2041 ) ;
#6375 = CARTESIAN_POINT ( 'NONE',  ( 0.7499999999999981126, 7.530000000000000249, 1.000000000000000000 ) ) ;
#6376 = STYLED_ITEM ( 'NONE', ( #7571 ), #811 ) ;
#6377 = FILL_AREA_STYLE ('',( #2811 ) ) ;
#6378 = ORIENTED_EDGE ( 'NONE', *, *, #4618, .F. ) ;
#6379 = COLOUR_RGB ( '',0.8196078431372548767, 0.7058823529411764053, 0.5254901960784313930 ) ;
#6380 = EDGE_CURVE ( 'NONE', #10766, #9889, #10896, .T. ) ;
#6381 = MECHANICAL_DESIGN_GEOMETRIC_PRESENTATION_REPRESENTATION (  '', ( #3229 ), #8446 ) ;
#6382 = DIRECTION ( 'NONE',  ( -0.8164965809277267006, 0.4082482904638628507, -0.4082482904638618515 ) ) ;
#6383 = EDGE_CURVE ( 'NONE', #5016, #1170, #1266, .T. ) ;
#6384 = AXIS2_PLACEMENT_3D ( 'NONE', #1796, #8870, #7977 ) ;
#6385 = FACE_OUTER_BOUND ( 'NONE', #8818, .T. ) ;
#6386 = COLOUR_RGB ( '',0.8196078431372548767, 0.7058823529411764053, 0.5254901960784313930 ) ;
#6387 = PLANE ( 'NONE',  #7062 ) ;
#6388 = CARTESIAN_POINT ( 'NONE',  ( 8.651253140723346391, 15.52500000000000036, 0.0000000000000000000 ) ) ;
#6389 = CARTESIAN_POINT ( 'NONE',  ( 16.00000000000000000, 5.190000000000000391, 0.9000000000000001332 ) ) ;
#6390 = EDGE_CURVE ( 'NONE', #3671, #2410, #367, .T. ) ;
#6391 = EDGE_CURVE ( 'NONE', #2845, #4564, #5623, .T. ) ;
#6392 = CARTESIAN_POINT ( 'NONE',  ( 17.19999999999999929, -0.9000000000000071276, 6.150000000000000355 ) ) ;
#6393 = ORIENTED_EDGE ( 'NONE', *, *, #3543, .F. ) ;
#6394 =( NAMED_UNIT ( * ) PLANE_ANGLE_UNIT ( ) SI_UNIT ( $, .RADIAN. ) );
#6395 = SURFACE_STYLE_FILL_AREA ( #9324 ) ;
#6396 = EDGE_LOOP ( 'NONE', ( #7168, #2117, #8602, #7929, #2663, #2290, #1221 ) ) ;
#6397 = EDGE_CURVE ( 'NONE', #3179, #4523, #7521, .T. ) ;
#6398 = LINE ( 'NONE', #9957, #4995 ) ;
#6399 = SURFACE_SIDE_STYLE ('',( #3840 ) ) ;
#6400 = AXIS2_PLACEMENT_3D ( 'NONE', #3421, #10640, #8866 ) ;
#6402 = ORIENTED_EDGE ( 'NONE', *, *, #11092, .T. ) ;
#6401 =( NAMED_UNIT ( * ) SI_UNIT ( $, .STERADIAN. ) SOLID_ANGLE_UNIT ( ) );
#6403 = PRESENTATION_LAYER_ASSIGNMENT (  '', '', ( #11253 ) ) ;
#6404 = DIRECTION ( 'NONE',  ( 0.0000000000000000000, -0.0000000000000000000, 1.000000000000000000 ) ) ;
#6405 = DIRECTION ( 'NONE',  ( 0.0000000000000000000, 1.000000000000000000, -0.0000000000000000000 ) ) ;
#6406 =( LENGTH_UNIT ( ) NAMED_UNIT ( * ) SI_UNIT ( .MILLI., .METRE. ) );
#6407 = CARTESIAN_POINT ( 'NONE',  ( -1.361757928641801458E-16, 0.3999999999999894196, 0.0000000000000000000 ) ) ;
#6408 = CARTESIAN_POINT ( 'NONE',  ( 8.160061007899017227, 7.485013220712007254, 6.950000000000001066 ) ) ;
#6409 = ORIENTED_EDGE ( 'NONE', *, *, #7366, .T. ) ;
#6410 = CARTESIAN_POINT ( 'NONE',  ( 15.35594010767585083, 0.6440598923241468432, 2.130940107675851181 ) ) ;
#6411 = DIRECTION ( 'NONE',  ( 0.0000000000000000000, 0.0000000000000000000, 1.000000000000000000 ) ) ;
#6412 = STYLED_ITEM ( 'NONE', ( #7247 ), #10860 ) ;
#6413 = MECHANICAL_DESIGN_GEOMETRIC_PRESENTATION_REPRESENTATION (  '', ( #11448 ), #2863 ) ;
#6414 = CARTESIAN_POINT ( 'NONE',  ( 16.00000000000000000, 1.649999999999989919, 0.0000000000000000000 ) ) ;
#6415 = VERTEX_POINT ( 'NONE', #1331 ) ;
#6416 = CARTESIAN_POINT ( 'NONE',  ( -0.1000000000000010186, 1.849999999999989875, 1.000000000000000000 ) ) ;
#6417 = DIRECTION ( 'NONE',  ( 1.000000000000000000, 2.312964634635742582E-14, 0.0000000000000000000 ) ) ;
#6419 = ORIENTED_EDGE ( 'NONE', *, *, #3563, .F. ) ;
#6418 = DIRECTION ( 'NONE',  ( 0.0000000000000000000, -1.000000000000000000, -0.0000000000000000000 ) ) ;
#6421 = EDGE_LOOP ( 'NONE', ( #3608, #750, #3370, #3496 ) ) ;
#6420 = CARTESIAN_POINT ( 'NONE',  ( 15.52500000000000036, 0.4749999999999989786, 1.000000000000000000 ) ) ;
#6422 = VECTOR ( 'NONE', #2076, 1000.000000000000000 ) ;
#6423 = VECTOR ( 'NONE', #7596, 1000.000000000000000 ) ;
#6424 =( NAMED_UNIT ( * ) SI_UNIT ( $, .STERADIAN. ) SOLID_ANGLE_UNIT ( ) );
#6425 = SURFACE_STYLE_USAGE ( .BOTH. , #2858 ) ;
#6426 = FILL_AREA_STYLE ('',( #209 ) ) ;
#6427 = PRESENTATION_LAYER_ASSIGNMENT (  '', '', ( #3067 ) ) ;
#6428 = CARTESIAN_POINT ( 'NONE',  ( 16.10000000000000142, 7.629999999999999893, 0.9999999999999981126 ) ) ;
#6430 = ORIENTED_EDGE ( 'NONE', *, *, #6462, .T. ) ;
#6429 = FILL_AREA_STYLE ('',( #3752 ) ) ;
#6431 = ORIENTED_EDGE ( 'NONE', *, *, #5208, .T. ) ;
#6432 = LINE ( 'NONE', #2751, #2377 ) ;
#6433 =( NAMED_UNIT ( * ) PLANE_ANGLE_UNIT ( ) SI_UNIT ( $, .RADIAN. ) );
#6434 = ORIENTED_EDGE ( 'NONE', *, *, #5264, .T. ) ;
#6435 = LINE ( 'NONE', #1180, #3632 ) ;
#6436 = EDGE_CURVE ( 'NONE', #10510, #10253, #4798, .T. ) ;
#6437 = EDGE_LOOP ( 'NONE', ( #99, #6845, #9326, #4253 ) ) ;
#6438 =( NAMED_UNIT ( * ) PLANE_ANGLE_UNIT ( ) SI_UNIT ( $, .RADIAN. ) );
#6439 = CARTESIAN_POINT ( 'NONE',  ( 9.400000000000000355, 0.5000000000000000000, 0.9000000000000001332 ) ) ;
#6440 = SURFACE_STYLE_USAGE ( .BOTH. , #8330 ) ;
#6441 = EDGE_CURVE ( 'NONE', #971, #175, #194, .T. ) ;
#6442 = PRESENTATION_STYLE_ASSIGNMENT (( #10923 ) ) ;
#6443 = EDGE_CURVE ( 'NONE', #7631, #11128, #2270, .T. ) ;
#6444 =( LENGTH_UNIT ( ) NAMED_UNIT ( * ) SI_UNIT ( .MILLI., .METRE. ) );
#6445 = ORIENTED_EDGE ( 'NONE', *, *, #3630, .T. ) ;
#6446 = DIRECTION ( 'NONE',  ( -0.0000000000000000000, -0.0000000000000000000, -1.000000000000000000 ) ) ;
#6447 = ORIENTED_EDGE ( 'NONE', *, *, #1233, .T. ) ;
#6448 = CIRCLE ( 'NONE', #7954, 0.2999999999999999334 ) ;
#6449 = EDGE_CURVE ( 'NONE', #7965, #4093, #3911, .T. ) ;
#6450 = FACE_OUTER_BOUND ( 'NONE', #1714, .T. ) ;
#6451 = DIRECTION ( 'NONE',  ( 0.0000000000000000000, -1.000000000000000000, 0.0000000000000000000 ) ) ;
#6452 = EDGE_CURVE ( 'NONE', #631, #2901, #3432, .T. ) ;
#6454 = ORIENTED_EDGE ( 'NONE', *, *, #4133, .T. ) ;
#6453 = CARTESIAN_POINT ( 'NONE',  ( -1.319777620523150025E-15, 4.689999999999990621, -0.1000000000000028644 ) ) ;
#6455 = SURFACE_SIDE_STYLE ('',( #10887 ) ) ;
#6456 = SURFACE_STYLE_USAGE ( .BOTH. , #2086 ) ;
#6457 = EDGE_CURVE ( 'NONE', #4286, #10500, #3020, .T. ) ;
#6458 = CARTESIAN_POINT ( 'NONE',  ( -0.1000000000000040440, 15.15000000000000213, -0.09999999999999999167 ) ) ;
#6459 = DIRECTION ( 'NONE',  ( -0.0000000000000000000, 1.000000000000000000, 0.0000000000000000000 ) ) ;
#6460 = EDGE_CURVE ( 'NONE', #1899, #11188, #7568, .T. ) ;
#6461 = CARTESIAN_POINT ( 'NONE',  ( 15.25000000000000000, 14.55000000000000071, 1.000000000000000000 ) ) ;
#6462 = EDGE_CURVE ( 'NONE', #9195, #877, #7511, .T. ) ;
#6463 = FACE_OUTER_BOUND ( 'NONE', #2727, .T. ) ;
#6464 = ORIENTED_EDGE ( 'NONE', *, *, #281, .F. ) ;
#6465 = PRESENTATION_LAYER_ASSIGNMENT (  '', '', ( #8729 ) ) ;
#6466 = DIRECTION ( 'NONE',  ( 0.0000000000000000000, 0.0000000000000000000, 1.000000000000000000 ) ) ;
#6467 = FACE_OUTER_BOUND ( 'NONE', #8658, .T. ) ;
#6468 = SURFACE_STYLE_FILL_AREA ( #1090 ) ;
#6469 = SURFACE_SIDE_STYLE ('',( #3796 ) ) ;
#6470 = VERTEX_POINT ( 'NONE', #6637 ) ;
#6471 = AXIS2_PLACEMENT_3D ( 'NONE', #448, #11085, #10099 ) ;
#6472 = CARTESIAN_POINT ( 'NONE',  ( 15.12500000000000000, 15.12500000000000000, 1.900000000000000133 ) ) ;
#6473 = EDGE_CURVE ( 'NONE', #3744, #4336, #10945, .T. ) ;
#6475 = ORIENTED_EDGE ( 'NONE', *, *, #8909, .F. ) ;
#6474 = FILL_AREA_STYLE_COLOUR ( '', #2835 ) ;
#6477 = VERTEX_POINT ( 'NONE', #2511 ) ;
#6476 = DIRECTION ( 'NONE',  ( 0.0000000000000000000, -0.0000000000000000000, -1.000000000000000000 ) ) ;
#6478 = EDGE_CURVE ( 'NONE', #2781, #6677, #9413, .T. ) ;
#6479 = FACE_OUTER_BOUND ( 'NONE', #3221, .T. ) ;
#6480 = MECHANICAL_DESIGN_GEOMETRIC_PRESENTATION_REPRESENTATION (  '', ( #7035 ), #109 ) ;
#6481 = CARTESIAN_POINT ( 'NONE',  ( 8.900000000000000355, 15.91000000000000014, 0.0000000000000000000 ) ) ;
#6482 = LINE ( 'NONE', #3860, #5835 ) ;
#6483 = UNCERTAINTY_MEASURE_WITH_UNIT (LENGTH_MEASURE( 1.000000000000000082E-05 ), #257, 'distance_accuracy_value', 'NONE');
#6484 = CARTESIAN_POINT ( 'NONE',  ( 9.400000000000000355, 0.5000000000000000000, 0.0000000000000000000 ) ) ;
#6485 = PRESENTATION_STYLE_ASSIGNMENT (( #8535 ) ) ;
#6486 = STYLED_ITEM ( 'NONE', ( #3366 ), #8268 ) ;
#6488 = VERTEX_POINT ( 'NONE', #9454 ) ;
#6487 =( LENGTH_UNIT ( ) NAMED_UNIT ( * ) SI_UNIT ( .MILLI., .METRE. ) );
#6489 = COLOUR_RGB ( '',0.8196078431372548767, 0.7058823529411764053, 0.5254901960784313930 ) ;
#6490 = ORIENTED_EDGE ( 'NONE', *, *, #9053, .F. ) ;
#6491 = FILL_AREA_STYLE ('',( #7354 ) ) ;
#6492 = SURFACE_SIDE_STYLE ('',( #159 ) ) ;
#6493 = PRESENTATION_LAYER_ASSIGNMENT (  '', '', ( #1662 ) ) ;
#6494 = EDGE_LOOP ( 'NONE', ( #9104, #9236, #8335, #6419 ) ) ;
#6495 = CARTESIAN_POINT ( 'NONE',  ( 8.900000000000000355, 0.08999999999999999667, 0.9350000000000000533 ) ) ;
#6496 = STYLED_ITEM ( 'NONE', ( #834 ), #8698 ) ;
#6497 = ORIENTED_EDGE ( 'NONE', *, *, #4413, .F. ) ;
#6498 = AXIS2_PLACEMENT_3D ( 'NONE', #4715, #5651, #6335 ) ;
#6499 = VECTOR ( 'NONE', #4040, 1000.000000000000000 ) ;
#6500 =( NAMED_UNIT ( * ) PLANE_ANGLE_UNIT ( ) SI_UNIT ( $, .RADIAN. ) );
#6501 = FACE_OUTER_BOUND ( 'NONE', #1886, .T. ) ;
#6502 = DIRECTION ( 'NONE',  ( -0.0000000000000000000, -0.0000000000000000000, -1.000000000000000000 ) ) ;
#6503 = SURFACE_STYLE_USAGE ( .BOTH. , #11580 ) ;
#6504 = AXIS2_PLACEMENT_3D ( 'NONE', #9910, #9169, #9065 ) ;
#6505 = AXIS2_PLACEMENT_3D ( 'NONE', #10283, #5067, #6843 ) ;
#6506 = LINE ( 'NONE', #2710, #1470 ) ;
#6507 = CARTESIAN_POINT ( 'NONE',  ( 17.22556318357704441, 16.90990815831287719, 6.334143900380730052 ) ) ;
#6508 = PRESENTATION_LAYER_ASSIGNMENT (  '', '', ( #5417 ) ) ;
#6509 = CARTESIAN_POINT ( 'NONE',  ( -1.073205080756887808, -1.002495439158735291, 6.393914722355052760 ) ) ;
#6510 = ORIENTED_EDGE ( 'NONE', *, *, #8340, .F. ) ;
#6511 = FACE_OUTER_BOUND ( 'NONE', #7185, .T. ) ;
#6512 = VECTOR ( 'NONE', #8069, 1000.000000000000000 ) ;
#6513 = FACE_OUTER_BOUND ( 'NONE', #237, .T. ) ;
#6514 = FILL_AREA_STYLE ('',( #2887 ) ) ;
#6515 = COLOUR_RGB ( '',0.8196078431372548767, 0.7058823529411764053, 0.5254901960784313930 ) ;
#6516 = ORIENTED_EDGE ( 'NONE', *, *, #8340, .T. ) ;
#6517 = VECTOR ( 'NONE', #5515, 1000.000000000000000 ) ;
#6518 = CARTESIAN_POINT ( 'NONE',  ( 8.900000000000000355, 0.09000000000000002442, 0.0000000000000000000 ) ) ;
#6519 = EDGE_CURVE ( 'NONE', #2169, #9845, #6007, .T. ) ;
#6521 = ORIENTED_EDGE ( 'NONE', *, *, #7831, .T. ) ;
#6520 =( NAMED_UNIT ( * ) SI_UNIT ( $, .STERADIAN. ) SOLID_ANGLE_UNIT ( ) );
#6522 = FILL_AREA_STYLE ('',( #4728 ) ) ;
#6523 = CARTESIAN_POINT ( 'NONE',  ( 16.10000000000000142, 4.690000000000000391, 1.000000000000000000 ) ) ;
#6524 = DIRECTION ( 'NONE',  ( -0.0000000000000000000, -0.0000000000000000000, -1.000000000000000000 ) ) ;
#6525 = CARTESIAN_POINT ( 'NONE',  ( 16.00000000000000000, 7.230000000000000426, 1.000000000000000888 ) ) ;
#6526 = MECHANICAL_DESIGN_GEOMETRIC_PRESENTATION_REPRESENTATION (  '', ( #3733 ), #11171 ) ;
#6527 = FACE_BOUND ( 'NONE', #7863, .T. ) ;
#6528 = COLOUR_RGB ( '',0.1803921568627450955, 0.4627450980392157076, 0.2823529411764705843 ) ;
#6529 = FILL_AREA_STYLE_COLOUR ( '', #8179 ) ;
#6530 = EDGE_LOOP ( 'NONE', ( #2812, #1581, #6607, #6464 ) ) ;
#6531 = CARTESIAN_POINT ( 'NONE',  ( -0.9000000000000020206, 12.59999999999999964, 6.150000000000000355 ) ) ;
#6532 = ADVANCED_FACE ( 'NONE', ( #4262 ), #3371, .F. ) ;
#6533 = DIRECTION ( 'NONE',  ( 0.0000000000000000000, 0.0000000000000000000, 1.000000000000000000 ) ) ;
#6534 = CARTESIAN_POINT ( 'NONE',  ( 16.89999999999999858, -0.9000000000000074607, 6.150000000000000355 ) ) ;
#6535 = CIRCLE ( 'NONE', #3556, 0.2999999999999999889 ) ;
#6536 = EDGE_CURVE ( 'NONE', #1158, #7945, #3433, .T. ) ;
#6537 = ORIENTED_EDGE ( 'NONE', *, *, #441, .T. ) ;
#6538 = CARTESIAN_POINT ( 'NONE',  ( 16.10000000000000142, 11.81000000000000050, 1.000000000000000000 ) ) ;
#6539 = CARTESIAN_POINT ( 'NONE',  ( 0.6440598923241527274, 15.35594010767584727, 2.130940107675846296 ) ) ;
#6540 =( GEOMETRIC_REPRESENTATION_CONTEXT ( 3 ) GLOBAL_UNCERTAINTY_ASSIGNED_CONTEXT ( ( #10185 ) ) GLOBAL_UNIT_ASSIGNED_CONTEXT ( ( #9621, #5140, #718 ) ) REPRESENTATION_CONTEXT ( 'NONE', 'WORKASPACE' ) );
#6541 = EDGE_CURVE ( 'NONE', #5186, #9319, #2000, .T. ) ;
#6543 = ORIENTED_EDGE ( 'NONE', *, *, #301, .T. ) ;
#6542 = LINE ( 'NONE', #10022, #8273 ) ;
#6545 = ORIENTED_EDGE ( 'NONE', *, *, #4706, .T. ) ;
#6544 = DIRECTION ( 'NONE',  ( 0.0000000000000000000, 0.0000000000000000000, 1.000000000000000000 ) ) ;
#6546 =( GEOMETRIC_REPRESENTATION_CONTEXT ( 3 ) GLOBAL_UNCERTAINTY_ASSIGNED_CONTEXT ( ( #6243 ) ) GLOBAL_UNIT_ASSIGNED_CONTEXT ( ( #4071, #9498, #10464 ) ) REPRESENTATION_CONTEXT ( 'NONE', 'WORKASPACE' ) );
#6547 = EDGE_CURVE ( 'NONE', #1750, #4655, #11306, .T. ) ;
#6548 = SURFACE_SIDE_STYLE ('',( #10029 ) ) ;
#6549 = CARTESIAN_POINT ( 'NONE',  ( -1.199999999999996847, -0.9000000000000084599, 2.299999999999999822 ) ) ;
#6550 = ADVANCED_FACE ( 'NONE', ( #4215 ), #771, .T. ) ;
#6552 = VERTEX_POINT ( 'NONE', #1804 ) ;
#6551 = CARTESIAN_POINT ( 'NONE',  ( 15.52499999999999858, 12.81000000000000050, 0.9000000000000001332 ) ) ;
#6553 = ORIENTED_EDGE ( 'NONE', *, *, #8842, .T. ) ;
#6554 = CIRCLE ( 'NONE', #9733, 0.2999999999999999889 ) ;
#6555 = DIRECTION ( 'NONE',  ( 1.000000000000000000, -0.0000000000000000000, 0.0000000000000000000 ) ) ;
#6556 = FACE_OUTER_BOUND ( 'NONE', #11312, .T. ) ;
#6557 = ORIENTED_EDGE ( 'NONE', *, *, #4991, .T. ) ;
#6558 = CARTESIAN_POINT ( 'NONE',  ( 9.020562075079479475E-17, 2.149999999999990141, -0.1000000000000028644 ) ) ;
#6559 = FILL_AREA_STYLE ('',( #2987 ) ) ;
#6560 = ORIENTED_EDGE ( 'NONE', *, *, #8048, .F. ) ;
#6561 = FILL_AREA_STYLE_COLOUR ( '', #10465 ) ;
#6562 = MECHANICAL_DESIGN_GEOMETRIC_PRESENTATION_REPRESENTATION (  '', ( #3955 ), #6928 ) ;
#6563 = DIRECTION ( 'NONE',  ( 0.0000000000000000000, 0.0000000000000000000, 1.000000000000000000 ) ) ;
#6564 = MECHANICAL_DESIGN_GEOMETRIC_PRESENTATION_REPRESENTATION (  '', ( #10266 ), #4710 ) ;
#6565 =( NAMED_UNIT ( * ) PLANE_ANGLE_UNIT ( ) SI_UNIT ( $, .RADIAN. ) );
#6566 = CARTESIAN_POINT ( 'NONE',  ( 17.14391472235504210, 17.07320508075687471, 6.252495439158725077 ) ) ;
#6567 = COLOUR_RGB ( '',0.8196078431372548767, 0.7058823529411764053, 0.5254901960784313930 ) ;
#6568 = SURFACE_STYLE_USAGE ( .BOTH. , #284 ) ;
#6569 = EDGE_LOOP ( 'NONE', ( #7690, #4363, #3224, #1055 ) ) ;
#6570 = SURFACE_STYLE_FILL_AREA ( #10055 ) ;
#6571 = FACE_OUTER_BOUND ( 'NONE', #6088, .T. ) ;
#6572 = COLOUR_RGB ( '',0.8196078431372548767, 0.7058823529411764053, 0.5254901960784313930 ) ;
#6573 = VERTEX_POINT ( 'NONE', #9742 ) ;
#6574 = AXIS2_PLACEMENT_3D ( 'NONE', #3207, #10368, #3436 ) ;
#6575 = DIRECTION ( 'NONE',  ( 1.000000000000000000, -0.0000000000000000000, 0.0000000000000000000 ) ) ;
#6576 = LINE ( 'NONE', #2142, #5263 ) ;
#6578 = ORIENTED_EDGE ( 'NONE', *, *, #9102, .T. ) ;
#6577 = DIRECTION ( 'NONE',  ( 0.0000000000000000000, 0.0000000000000000000, -1.000000000000000000 ) ) ;
#6579 = DIRECTION ( 'NONE',  ( -0.0000000000000000000, 1.000000000000000000, 0.0000000000000000000 ) ) ;
#6580 = CARTESIAN_POINT ( 'NONE',  ( -1.164796163827435116, 15.79514545883055376, 6.265707248568726406 ) ) ;
#6581 = SURFACE_SIDE_STYLE ('',( #1146 ) ) ;
#6582 = PRESENTATION_LAYER_ASSIGNMENT (  '', '', ( #4552 ) ) ;
#6583 =( GEOMETRIC_REPRESENTATION_CONTEXT ( 3 ) GLOBAL_UNCERTAINTY_ASSIGNED_CONTEXT ( ( #3078 ) ) GLOBAL_UNIT_ASSIGNED_CONTEXT ( ( #6626, #10062, #7377 ) ) REPRESENTATION_CONTEXT ( 'NONE', 'WORKASPACE' ) );
#6584 = CARTESIAN_POINT ( 'NONE',  ( 0.4408772790226316851, 17.32567952602250116, 6.154514446094667690 ) ) ;
#6585 = ORIENTED_EDGE ( 'NONE', *, *, #11155, .F. ) ;
#6586 = CARTESIAN_POINT ( 'NONE',  ( 15.35594010767585260, 0.6440598923241460660, 2.130940107675849848 ) ) ;
#6587 = DIRECTION ( 'NONE',  ( 0.0000000000000000000, 1.000000000000000000, 0.0000000000000000000 ) ) ;
#6588 = ORIENTED_EDGE ( 'NONE', *, *, #4275, .T. ) ;
#6589 = DIRECTION ( 'NONE',  ( -1.000000000000000000, -0.0000000000000000000, 0.0000000000000000000 ) ) ;
#6590 = COLOUR_RGB ( '',0.8196078431372548767, 0.7058823529411764053, 0.5254901960784313930 ) ;
#6591 = ORIENTED_EDGE ( 'NONE', *, *, #10590, .T. ) ;
#6593 = ORIENTED_EDGE ( 'NONE', *, *, #2893, .F. ) ;
#6592 = DIRECTION ( 'NONE',  ( 0.0000000000000000000, 1.000000000000000000, 0.0000000000000000000 ) ) ;
#6594 = EDGE_CURVE ( 'NONE', #5046, #3671, #280, .T. ) ;
#6595 = VECTOR ( 'NONE', #3321, 1000.000000000000000 ) ;
#6596 = DIRECTION ( 'NONE',  ( 0.0000000000000000000, -0.0000000000000000000, -1.000000000000000000 ) ) ;
#6597 = AXIS2_PLACEMENT_3D ( 'NONE', #1210, #8248, #2965 ) ;
#6598 = VECTOR ( 'NONE', #11452, 1000.000000000000000 ) ;
#6599 = EDGE_CURVE ( 'NONE', #4600, #3383, #5497, .T. ) ;
#6600 = FACE_OUTER_BOUND ( 'NONE', #1725, .T. ) ;
#6601 = UNCERTAINTY_MEASURE_WITH_UNIT (LENGTH_MEASURE( 1.000000000000000082E-05 ), #2221, 'distance_accuracy_value', 'NONE');
#6602 = CARTESIAN_POINT ( 'NONE',  ( -2.145515632440756646E-16, 1.849999999999990097, -0.1000000000000014350 ) ) ;
#6604 = ORIENTED_EDGE ( 'NONE', *, *, #1613, .F. ) ;
#6603 = SURFACE_SIDE_STYLE ('',( #6713 ) ) ;
#6605 = ADVANCED_FACE ( 'NONE', ( #9847 ), #7093, .T. ) ;
#6606 = COLOUR_RGB ( '',0.8196078431372548767, 0.7058823529411764053, 0.5254901960784313930 ) ;
#6607 = ORIENTED_EDGE ( 'NONE', *, *, #9617, .F. ) ;
#6608 = CARTESIAN_POINT ( 'NONE',  ( 15.35594010767584905, 15.35594010767585083, 2.130940107675849848 ) ) ;
#6609 = SURFACE_STYLE_FILL_AREA ( #11027 ) ;
#6610 = ORIENTED_EDGE ( 'NONE', *, *, #11014, .T. ) ;
#6611 = CARTESIAN_POINT ( 'NONE',  ( 9.648746859276654320, 0.4749999999999993117, 0.0000000000000000000 ) ) ;
#6612 = FACE_OUTER_BOUND ( 'NONE', #2613, .T. ) ;
#6613 = ORIENTED_EDGE ( 'NONE', *, *, #7460, .T. ) ;
#6614 = EDGE_CURVE ( 'NONE', #585, #10271, #7930, .T. ) ;
#6615 = VECTOR ( 'NONE', #4588, 1000.000000000000000 ) ;
#6616 = COLOUR_RGB ( '',0.1803921568627450955, 0.4627450980392157076, 0.2823529411764705843 ) ;
#6617 = PLANE ( 'NONE',  #6267 ) ;
#6618 = PRESENTATION_LAYER_ASSIGNMENT (  '', '', ( #2856 ) ) ;
#6619 = CARTESIAN_POINT ( 'NONE',  ( -3.053113317719180092E-15, 17.19999999999999929, 6.150000000000000355 ) ) ;
#6620 = PRESENTATION_STYLE_ASSIGNMENT (( #5803 ) ) ;
#6621 = CARTESIAN_POINT ( 'NONE',  ( 16.89999999999999858, 16.89999999999999858, 6.150000000000000355 ) ) ;
#6622 = ORIENTED_EDGE ( 'NONE', *, *, #6754, .F. ) ;
#6623 =( NAMED_UNIT ( * ) SI_UNIT ( $, .STERADIAN. ) SOLID_ANGLE_UNIT ( ) );
#6624 = ORIENTED_EDGE ( 'NONE', *, *, #7745, .T. ) ;
#6625 = PLANE ( 'NONE',  #6279 ) ;
#6627 = ORIENTED_EDGE ( 'NONE', *, *, #2550, .F. ) ;
#6626 =( LENGTH_UNIT ( ) NAMED_UNIT ( * ) SI_UNIT ( .MILLI., .METRE. ) );
#6628 = FILL_AREA_STYLE_COLOUR ( '', #2590 ) ;
#6629 =( NAMED_UNIT ( * ) SI_UNIT ( $, .STERADIAN. ) SOLID_ANGLE_UNIT ( ) );
#6630 = CARTESIAN_POINT ( 'NONE',  ( -1.189534707305547112, 16.13010883410487395, 6.064983090567494628 ) ) ;
#6631 = DIRECTION ( 'NONE',  ( 1.000000000000000000, 0.0000000000000000000, -0.0000000000000000000 ) ) ;
#6632 = DIRECTION ( 'NONE',  ( 2.775557561562889872E-16, -1.000000000000000000, 0.0000000000000000000 ) ) ;
#6633 = VERTEX_POINT ( 'NONE', #6343 ) ;
#6634 = LINE ( 'NONE', #252, #5643 ) ;
#6635 = CARTESIAN_POINT ( 'NONE',  ( 16.00000000000000000, 1.649999999999989919, 1.000000000000000000 ) ) ;
#6636 =( NAMED_UNIT ( * ) SI_UNIT ( $, .STERADIAN. ) SOLID_ANGLE_UNIT ( ) );
#6637 = CARTESIAN_POINT ( 'NONE',  ( 16.00000000000000000, 10.07000000000000028, -0.1000000000000014350 ) ) ;
#6638 = LINE ( 'NONE', #10188, #7912 ) ;
#6639 =( LENGTH_UNIT ( ) NAMED_UNIT ( * ) SI_UNIT ( .MILLI., .METRE. ) );
#6640 = VERTEX_POINT ( 'NONE', #1755 ) ;
#6641 = CARTESIAN_POINT ( 'NONE',  ( 14.50000000000000000, 10.26999999999999957, 1.000000000000000000 ) ) ;
#6643 = ORIENTED_EDGE ( 'NONE', *, *, #4415, .T. ) ;
#6642 = PRESENTATION_STYLE_ASSIGNMENT (( #5728 ) ) ;
#6644 = COLOUR_RGB ( '',0.4313725490196078649, 0.3490196078431372362, 0.2901960784313725172 ) ;
#6645 = DIRECTION ( 'NONE',  ( 1.000000000000000000, 0.0000000000000000000, 0.0000000000000000000 ) ) ;
#6646 =( LENGTH_UNIT ( ) NAMED_UNIT ( * ) SI_UNIT ( .MILLI., .METRE. ) );
#6647 =( LENGTH_UNIT ( ) NAMED_UNIT ( * ) SI_UNIT ( .MILLI., .METRE. ) );
#6648 = ORIENTED_EDGE ( 'NONE', *, *, #10449, .F. ) ;
#6649 = LINE ( 'NONE', #3152, #3805 ) ;
#6650 = DIRECTION ( 'NONE',  ( 0.0000000000000000000, 0.0000000000000000000, 1.000000000000000000 ) ) ;
#6652 = VERTEX_POINT ( 'NONE', #7151 ) ;
#6651 = CARTESIAN_POINT ( 'NONE',  ( 15.12500000000000000, 15.52500000000000036, 1.900000000000000133 ) ) ;
#6653 = EDGE_CURVE ( 'NONE', #8398, #1478, #6229, .T. ) ;
#6655 = ORIENTED_EDGE ( 'NONE', *, *, #11158, .F. ) ;
#6654 = FILL_AREA_STYLE_COLOUR ( '', #10246 ) ;
#6656 = ORIENTED_EDGE ( 'NONE', *, *, #7287, .T. ) ;
#6657 = DIRECTION ( 'NONE',  ( 0.0000000000000000000, -0.0000000000000000000, -1.000000000000000000 ) ) ;
#6658 = EDGE_LOOP ( 'NONE', ( #3617, #5569, #7649, #3995 ) ) ;
#6659 = EDGE_CURVE ( 'NONE', #11401, #9125, #8292, .T. ) ;
#6660 = FACE_OUTER_BOUND ( 'NONE', #10377, .T. ) ;
#6661 = PRESENTATION_LAYER_ASSIGNMENT (  '', '', ( #10384 ) ) ;
#6662 = FILL_AREA_STYLE ('',( #10918 ) ) ;
#6663 = AXIS2_PLACEMENT_3D ( 'NONE', #6200, #8895, #819 ) ;
#6664 = CARTESIAN_POINT ( 'NONE',  ( 14.50000000000000000, 15.35000000000000142, 1.000000000000000000 ) ) ;
#6665 = DIRECTION ( 'NONE',  ( 0.0000000000000000000, 0.0000000000000000000, 1.000000000000000000 ) ) ;
#6666 = EDGE_CURVE ( 'NONE', #8232, #331, #9275, .T. ) ;
#6667 =( LENGTH_UNIT ( ) NAMED_UNIT ( * ) SI_UNIT ( .MILLI., .METRE. ) );
#6668 = SURFACE_STYLE_FILL_AREA ( #11161 ) ;
#6669 = VECTOR ( 'NONE', #2934, 1000.000000000000000 ) ;
#6670 = CARTESIAN_POINT ( 'NONE',  ( -0.1000000000000006994, 0.3999999999999890865, 1.000000000000000000 ) ) ;
#6671 = ORIENTED_EDGE ( 'NONE', *, *, #9551, .T. ) ;
#6672 = LINE ( 'NONE', #5931, #6194 ) ;
#6673 = EDGE_CURVE ( 'NONE', #7758, #971, #10121, .T. ) ;
#6674 = DIRECTION ( 'NONE',  ( 1.000000000000000000, 0.0000000000000000000, 0.0000000000000000000 ) ) ;
#6675 = SURFACE_STYLE_USAGE ( .BOTH. , #8633 ) ;
#6676 = STYLED_ITEM ( 'NONE', ( #4273 ), #8122 ) ;
#6677 = VERTEX_POINT ( 'NONE', #2079 ) ;
#6678 =( NAMED_UNIT ( * ) SI_UNIT ( $, .STERADIAN. ) SOLID_ANGLE_UNIT ( ) );
#6679 = CIRCLE ( 'NONE', #9143, 0.2999999999999999889 ) ;
#6680 = EDGE_CURVE ( 'NONE', #1036, #49, #10990, .T. ) ;
#6681 = VECTOR ( 'NONE', #4546, 1000.000000000000114 ) ;
#6683 = ORIENTED_EDGE ( 'NONE', *, *, #10225, .F. ) ;
#6682 = DIRECTION ( 'NONE',  ( 1.000000000000000000, 0.0000000000000000000, 0.0000000000000000000 ) ) ;
#6684 = FILL_AREA_STYLE ('',( #9445 ) ) ;
#6685 = DIRECTION ( 'NONE',  ( -0.0000000000000000000, 0.0000000000000000000, -1.000000000000000000 ) ) ;
#6686 = LINE ( 'NONE', #7445, #7055 ) ;
#6687 = FILL_AREA_STYLE_COLOUR ( '', #9293 ) ;
#6688 =( GEOMETRIC_REPRESENTATION_CONTEXT ( 3 ) GLOBAL_UNCERTAINTY_ASSIGNED_CONTEXT ( ( #9141 ) ) GLOBAL_UNIT_ASSIGNED_CONTEXT ( ( #10958, #9186, #2218 ) ) REPRESENTATION_CONTEXT ( 'NONE', 'WORKASPACE' ) );
#6689 = EDGE_LOOP ( 'NONE', ( #6447, #6454, #1133, #8358 ) ) ;
#6690 = PRESENTATION_LAYER_ASSIGNMENT (  '', '', ( #8963 ) ) ;
#6691 = LINE ( 'NONE', #10249, #3953 ) ;
#6692 = PRESENTATION_STYLE_ASSIGNMENT (( #3908 ) ) ;
#6693 = FACE_OUTER_BOUND ( 'NONE', #3450, .T. ) ;
#6694 = ORIENTED_EDGE ( 'NONE', *, *, #11168, .F. ) ;
#6695 = CARTESIAN_POINT ( 'NONE',  ( -3.469446951953614189E-15, 8.000000000000000000, 0.0000000000000000000 ) ) ;
#6696 = CARTESIAN_POINT ( 'NONE',  ( 17.07320508075688537, -1.073205080756894692, 6.323205080756888918 ) ) ;
#6698 = VERTEX_POINT ( 'NONE', #10884 ) ;
#6697 = SURFACE_STYLE_USAGE ( .BOTH. , #7514 ) ;
#6699 = DIRECTION ( 'NONE',  ( 1.000000000000000000, 0.0000000000000000000, 0.0000000000000000000 ) ) ;
#6700 = VECTOR ( 'NONE', #2430, 1000.000000000000000 ) ;
#6702 = EDGE_LOOP ( 'NONE', ( #6092, #5783, #7891, #10294 ) ) ;
#6701 = DIRECTION ( 'NONE',  ( 0.0000000000000000000, -0.0000000000000000000, -1.000000000000000000 ) ) ;
#6703 = AXIS2_PLACEMENT_3D ( 'NONE', #1153, #7338, #5933 ) ;
#6704 = FILL_AREA_STYLE_COLOUR ( '', #502 ) ;
#6705 = DIRECTION ( 'NONE',  ( 4.426138304153449877E-16, -1.000000000000000000, 0.0000000000000000000 ) ) ;
#6706 = LINE ( 'NONE', #7525, #2285 ) ;
#6707 = AXIS2_PLACEMENT_3D ( 'NONE', #10432, #5158, #6235 ) ;
#6708 = UNCERTAINTY_MEASURE_WITH_UNIT (LENGTH_MEASURE( 1.000000000000000082E-05 ), #1556, 'distance_accuracy_value', 'NONE');
#6709 = VERTEX_POINT ( 'NONE', #2836 ) ;
#6710 = CARTESIAN_POINT ( 'NONE',  ( 16.00000000000000000, 7.730000000000000426, 0.0000000000000000000 ) ) ;
#6711 = FACE_OUTER_BOUND ( 'NONE', #6151, .T. ) ;
#6712 = COLOUR_RGB ( '',0.8196078431372548767, 0.7058823529411764053, 0.5254901960784313930 ) ;
#6714 = ORIENTED_EDGE ( 'NONE', *, *, #1233, .F. ) ;
#6713 = SURFACE_STYLE_FILL_AREA ( #265 ) ;
#6716 = ORIENTED_EDGE ( 'NONE', *, *, #6547, .F. ) ;
#6715 = DIRECTION ( 'NONE',  ( -1.475379434717819995E-16, 1.000000000000000000, 0.0000000000000000000 ) ) ;
#6717 =( LENGTH_UNIT ( ) NAMED_UNIT ( * ) SI_UNIT ( .MILLI., .METRE. ) );
#6718 = CARTESIAN_POINT ( 'NONE',  ( 16.89999999999999858, 16.89999999999999858, 6.450000000000000178 ) ) ;
#6719 = ORIENTED_EDGE ( 'NONE', *, *, #229, .T. ) ;
#6720 = FACE_OUTER_BOUND ( 'NONE', #7893, .T. ) ;
#6721 = CARTESIAN_POINT ( 'NONE',  ( 16.89999999999999858, 16.89999999999999858, 2.299999999999999822 ) ) ;
#6722 = ORIENTED_EDGE ( 'NONE', *, *, #8835, .T. ) ;
#6723 = VECTOR ( 'NONE', #8886, 1000.000000000000000 ) ;
#6724 = CARTESIAN_POINT ( 'NONE',  ( 0.7427496684281534867, 0.5108773442954414046, 1.800378007439141115 ) ) ;
#6725 = DIRECTION ( 'NONE',  ( 0.0000000000000000000, -0.0000000000000000000, 1.000000000000000000 ) ) ;
#6726 = FILL_AREA_STYLE_COLOUR ( '', #5607 ) ;
#6727 = DIRECTION ( 'NONE',  ( 1.000000000000000000, 0.0000000000000000000, -0.0000000000000000000 ) ) ;
#6728 = DIRECTION ( 'NONE',  ( 1.000000000000000000, 0.0000000000000000000, 0.0000000000000000000 ) ) ;
#6729 = VECTOR ( 'NONE', #8747, 1000.000000000000000 ) ;
#6730 = EDGE_CURVE ( 'NONE', #5322, #8847, #6398, .T. ) ;
#6731 = PRESENTATION_LAYER_ASSIGNMENT (  '', '', ( #7472 ) ) ;
#6732 = CARTESIAN_POINT ( 'NONE',  ( -1.046517794842399818, -0.9131061870014078874, 6.429929402683402628 ) ) ;
#6733 = ORIENTED_EDGE ( 'NONE', *, *, #4605, .T. ) ;
#6734 = FACE_OUTER_BOUND ( 'NONE', #2530, .T. ) ;
#6735 = EDGE_CURVE ( 'NONE', #4907, #1160, #8229, .T. ) ;
#6736 = CARTESIAN_POINT ( 'NONE',  ( 14.50000000000000000, 8.000000000000000000, 0.0000000000000000000 ) ) ;
#6737 = LINE ( 'NONE', #7393, #5784 ) ;
#6738 = ORIENTED_EDGE ( 'NONE', *, *, #10875, .T. ) ;
#6739 = MECHANICAL_DESIGN_GEOMETRIC_PRESENTATION_REPRESENTATION (  '', ( #11413 ), #2644 ) ;
#6740 = CARTESIAN_POINT ( 'NONE',  ( -0.08786796564401783138, 17.11213203435598373, 4.375000000000000000 ) ) ;
#6741 = AXIS2_PLACEMENT_3D ( 'NONE', #10837, #9073, #6195 ) ;
#6742 = DIRECTION ( 'NONE',  ( -0.0000000000000000000, -0.0000000000000000000, -1.000000000000000000 ) ) ;
#6743 = EDGE_CURVE ( 'NONE', #3759, #8004, #7320, .T. ) ;
#6744 = MECHANICAL_DESIGN_GEOMETRIC_PRESENTATION_REPRESENTATION (  '', ( #10832 ), #4723 ) ;
#6745 = SURFACE_STYLE_USAGE ( .BOTH. , #7683 ) ;
#6746 = EDGE_CURVE ( 'NONE', #6488, #3656, #2192, .T. ) ;
#6747 = FILL_AREA_STYLE_COLOUR ( '', #5955 ) ;
#6748 = DIRECTION ( 'NONE',  ( -1.475379434717819995E-16, 1.000000000000000000, 0.0000000000000000000 ) ) ;
#6749 = AXIS2_PLACEMENT_3D ( 'NONE', #2766, #2600, #2654 ) ;
#6750 = LINE ( 'NONE', #10307, #294 ) ;
#6751 = ORIENTED_EDGE ( 'NONE', *, *, #9890, .T. ) ;
#6752 = SURFACE_STYLE_FILL_AREA ( #9449 ) ;
#6753 = FILL_AREA_STYLE ('',( #5019 ) ) ;
#6754 = EDGE_CURVE ( 'NONE', #11212, #7169, #9100, .T. ) ;
#6755 = PRESENTATION_LAYER_ASSIGNMENT (  '', '', ( #4726 ) ) ;
#6756 = ORIENTED_EDGE ( 'NONE', *, *, #1915, .F. ) ;
#6757 = DIRECTION ( 'NONE',  ( 1.000000000000000000, 0.0000000000000000000, -0.0000000000000000000 ) ) ;
#6758 =( NAMED_UNIT ( * ) SI_UNIT ( $, .STERADIAN. ) SOLID_ANGLE_UNIT ( ) );
#6759 = STYLED_ITEM ( 'NONE', ( #10995 ), #10579 ) ;
#6760 = EDGE_LOOP ( 'NONE', ( #7280, #10859, #9736, #8726, #73, #4735 ) ) ;
#6761 = CARTESIAN_POINT ( 'NONE',  ( 15.12500000000000000, 15.12500000000000000, 0.9000000000000001332 ) ) ;
#6762 = VERTEX_POINT ( 'NONE', #9327 ) ;
#6763 = VECTOR ( 'NONE', #295, 1000.000000000000000 ) ;
#6764 = SURFACE_SIDE_STYLE ('',( #491 ) ) ;
#6765 = VECTOR ( 'NONE', #7381, 1000.000000000000000 ) ;
#6766 = LINE ( 'NONE', #11198, #6213 ) ;
#6767 = LINE ( 'NONE', #4103, #2043 ) ;
#6768 = FILL_AREA_STYLE ('',( #1457 ) ) ;
#6769 =( NAMED_UNIT ( * ) PLANE_ANGLE_UNIT ( ) SI_UNIT ( $, .RADIAN. ) );
#6770 = ORIENTED_EDGE ( 'NONE', *, *, #2893, .T. ) ;
#6772 = ORIENTED_EDGE ( 'NONE', *, *, #6659, .T. ) ;
#6771 = DIRECTION ( 'NONE',  ( 1.000000000000000000, 0.0000000000000000000, -0.0000000000000000000 ) ) ;
#6773 = VERTEX_POINT ( 'NONE', #5713 ) ;
#6774 = VECTOR ( 'NONE', #521, 1000.000000000000000 ) ;
#6775 = AXIS2_PLACEMENT_3D ( 'NONE', #9483, #10158, #8376 ) ;
#6776 = FILL_AREA_STYLE_COLOUR ( '', #2933 ) ;
#6777 = UNCERTAINTY_MEASURE_WITH_UNIT (LENGTH_MEASURE( 1.000000000000000082E-05 ), #2325, 'distance_accuracy_value', 'NONE');
#6778 = ORIENTED_EDGE ( 'NONE', *, *, #7588, .F. ) ;
#6779 = CARTESIAN_POINT ( 'NONE',  ( -4.385380947269371490E-15, 15.35000000000000142, 0.0000000000000000000 ) ) ;
#6780 = FILL_AREA_STYLE_COLOUR ( '', #7398 ) ;
#6781 = DIRECTION ( 'NONE',  ( 7.401486830834380223E-16, -1.000000000000000000, 0.0000000000000000000 ) ) ;
#6782 = ORIENTED_EDGE ( 'NONE', *, *, #3099, .F. ) ;
#6783 = DIRECTION ( 'NONE',  ( -0.4082482904638598531, -0.8164965809277276998, -0.4082482904638628507 ) ) ;
#6784 =( GEOMETRIC_REPRESENTATION_CONTEXT ( 3 ) GLOBAL_UNCERTAINTY_ASSIGNED_CONTEXT ( ( #2857 ) ) GLOBAL_UNIT_ASSIGNED_CONTEXT ( ( #6884, #3384, #2526 ) ) REPRESENTATION_CONTEXT ( 'NONE', 'WORKASPACE' ) );
#6785 = CARTESIAN_POINT ( 'NONE',  ( 0.6440598923241530604, 0.6440598923241482865, 2.130940107675849848 ) ) ;
#6786 = FACE_OUTER_BOUND ( 'NONE', #389, .T. ) ;
#6787 = FILL_AREA_STYLE ('',( #402 ) ) ;
#6788 = LINE ( 'NONE', #1490, #3021 ) ;
#6789 = VECTOR ( 'NONE', #7660, 1000.000000000000000 ) ;
#6790 = AXIS2_PLACEMENT_3D ( 'NONE', #1022, #4674, #180 ) ;
#6791 = SURFACE_SIDE_STYLE ('',( #2365 ) ) ;
#6792 = EDGE_LOOP ( 'NONE', ( #7713, #1760, #2191, #3508, #7732 ) ) ;
#6793 = CARTESIAN_POINT ( 'NONE',  ( 9.853990936543636892, 7.735531760397472922, 6.639659993774858826 ) ) ;
#6794 = PLANE ( 'NONE',  #5646 ) ;
#6795 = FACE_OUTER_BOUND ( 'NONE', #7119, .T. ) ;
#6796 = DIRECTION ( 'NONE',  ( -0.0000000000000000000, 0.0000000000000000000, 1.000000000000000000 ) ) ;
#6797 = ADVANCED_FACE ( 'NONE', ( #6450 ), #6625, .T. ) ;
#6798 = CARTESIAN_POINT ( 'NONE',  ( 17.16832815729997463, -1.034164078649988605, 6.150000000000000355 ) ) ;
#6799 = EDGE_CURVE ( 'NONE', #2634, #4050, #4247, .T. ) ;
#6800 = CARTESIAN_POINT ( 'NONE',  ( -3.712308238590370337E-15, 14.84999999999999964, -0.1000000000000028644 ) ) ;
#6801 = SURFACE_SIDE_STYLE ('',( #2504 ) ) ;
#6802 = ORIENTED_EDGE ( 'NONE', *, *, #1773, .T. ) ;
#6803 = SURFACE_SIDE_STYLE ('',( #3266 ) ) ;
#6804 = FACE_OUTER_BOUND ( 'NONE', #4937, .T. ) ;
#6805 = EDGE_CURVE ( 'NONE', #8371, #4705, #592, .T. ) ;
#6806 = UNCERTAINTY_MEASURE_WITH_UNIT (LENGTH_MEASURE( 1.000000000000000082E-05 ), #7855, 'distance_accuracy_value', 'NONE');
#6807 = EDGE_CURVE ( 'NONE', #8004, #4017, #8508, .T. ) ;
#6808 = ORIENTED_EDGE ( 'NONE', *, *, #1708, .F. ) ;
#6809 = CARTESIAN_POINT ( 'NONE',  ( 16.10000000000000142, 4.690000000000000391, -0.1000000000000000056 ) ) ;
#6810 = ADVANCED_FACE ( 'NONE', ( #6054 ), #6916, .T. ) ;
#6812 = ORIENTED_EDGE ( 'NONE', *, *, #5129, .T. ) ;
#6811 = CARTESIAN_POINT ( 'NONE',  ( -0.9000000000000023537, 12.59999999999999964, 6.450000000000000178 ) ) ;
#6813 = DIRECTION ( 'NONE',  ( 1.000000000000000000, 4.336808689942025625E-15, 0.0000000000000000000 ) ) ;
#6814 = ORIENTED_EDGE ( 'NONE', *, *, #2539, .F. ) ;
#6815 = EDGE_CURVE ( 'NONE', #11328, #8673, #713, .T. ) ;
#6816 = EDGE_CURVE ( 'NONE', #8999, #9137, #5997, .T. ) ;
#6817 = CARTESIAN_POINT ( 'NONE',  ( 15.35594010767584905, 15.35594010767585083, 2.130940107675852069 ) ) ;
#6818 =( NAMED_UNIT ( * ) SI_UNIT ( $, .STERADIAN. ) SOLID_ANGLE_UNIT ( ) );
#6819 =( NAMED_UNIT ( * ) PLANE_ANGLE_UNIT ( ) SI_UNIT ( $, .RADIAN. ) );
#6820 = MECHANICAL_DESIGN_GEOMETRIC_PRESENTATION_REPRESENTATION (  '', ( #7369 ), #4426 ) ;
#6821 = EDGE_CURVE ( 'NONE', #7869, #10142, #2442, .T. ) ;
#6822 = CARTESIAN_POINT ( 'NONE',  ( 8.000000000000000000, 15.52500000000000036, 0.9000000000000001332 ) ) ;
#6823 = ORIENTED_EDGE ( 'NONE', *, *, #10374, .T. ) ;
#6824 = SURFACE_STYLE_USAGE ( .BOTH. , #3281 ) ;
#6825 = ORIENTED_EDGE ( 'NONE', *, *, #8967, .F. ) ;
#6826 = COLOUR_RGB ( '',0.8196078431372548767, 0.7058823529411764053, 0.5254901960784313930 ) ;
#6828 = VERTEX_POINT ( 'NONE', #2370 ) ;
#6827 = DIRECTION ( 'NONE',  ( -1.000000000000000000, 8.881784197001260212E-15, 0.0000000000000000000 ) ) ;
#6830 = VERTEX_POINT ( 'NONE', #11351 ) ;
#6829 = LINE ( 'NONE', #6359, #3916 ) ;
#6831 = EDGE_CURVE ( 'NONE', #4089, #1206, #2499, .T. ) ;
#6832 = FILL_AREA_STYLE ('',( #6952 ) ) ;
#6833 = ORIENTED_EDGE ( 'NONE', *, *, #5824, .F. ) ;
#6834 = CARTESIAN_POINT ( 'NONE',  ( 8.714701730441886340, 6.929959427529308158, 6.950000000000001066 ) ) ;
#6835 =( LENGTH_UNIT ( ) NAMED_UNIT ( * ) SI_UNIT ( .MILLI., .METRE. ) );
#6836 = ORIENTED_EDGE ( 'NONE', *, *, #7594, .T. ) ;
#6837 = UNCERTAINTY_MEASURE_WITH_UNIT (LENGTH_MEASURE( 1.000000000000000082E-05 ), #8539, 'distance_accuracy_value', 'NONE');
#6838 = PRESENTATION_STYLE_ASSIGNMENT (( #3291 ) ) ;
#6839 = CARTESIAN_POINT ( 'NONE',  ( 15.25000000000000000, 10.07000000000000028, 1.000000000000000000 ) ) ;
#6840 = AXIS2_PLACEMENT_3D ( 'NONE', #8429, #7410, #3933 ) ;
#6841 = CYLINDRICAL_SURFACE ( 'NONE', #10981, 0.2999999999999999889 ) ;
#6842 = AXIS2_PLACEMENT_3D ( 'NONE', #1764, #5856, #1534 ) ;
#6843 = DIRECTION ( 'NONE',  ( -1.000000000000000000, 0.0000000000000000000, 0.0000000000000000000 ) ) ;
#6844 =( GEOMETRIC_REPRESENTATION_CONTEXT ( 3 ) GLOBAL_UNCERTAINTY_ASSIGNED_CONTEXT ( ( #10326 ) ) GLOBAL_UNIT_ASSIGNED_CONTEXT ( ( #658, #1749, #7689 ) ) REPRESENTATION_CONTEXT ( 'NONE', 'WORKASPACE' ) );
#6845 = ORIENTED_EDGE ( 'NONE', *, *, #5966, .T. ) ;
#6846 = VECTOR ( 'NONE', #2897, 1000.000000000000000 ) ;
#6847 = DIRECTION ( 'NONE',  ( 0.0000000000000000000, 0.0000000000000000000, 1.000000000000000000 ) ) ;
#6848 = SURFACE_STYLE_USAGE ( .BOTH. , #4305 ) ;
#6849 = DIRECTION ( 'NONE',  ( -1.000000000000000000, -0.0000000000000000000, 0.0000000000000000000 ) ) ;
#6850 = DIRECTION ( 'NONE',  ( 0.0000000000000000000, -1.000000000000000000, -0.0000000000000000000 ) ) ;
#6851 = DIRECTION ( 'NONE',  ( -0.0000000000000000000, 0.0000000000000000000, -1.000000000000000000 ) ) ;
#6852 = VECTOR ( 'NONE', #9212, 1000.000000000000000 ) ;
#6853 = DIRECTION ( 'NONE',  ( -1.475379434717819995E-16, 1.000000000000000000, 0.0000000000000000000 ) ) ;
#6854 = CIRCLE ( 'NONE', #2932, 0.4100000000000006417 ) ;
#6855 = CARTESIAN_POINT ( 'NONE',  ( -0.1000000000000010048, 2.549999999999990052, 0.4500000000000010103 ) ) ;
#6856 = SURFACE_STYLE_USAGE ( .BOTH. , #5820 ) ;
#6857 = COLOUR_RGB ( '',0.4313725490196078649, 0.3490196078431372362, 0.2901960784313725172 ) ;
#6858 = FILL_AREA_STYLE ('',( #5013 ) ) ;
#6859 = DIRECTION ( 'NONE',  ( -0.0000000000000000000, -0.0000000000000000000, -1.000000000000000000 ) ) ;
#6860 = EDGE_LOOP ( 'NONE', ( #11261, #9383, #2009, #5838 ) ) ;
#6861 =( NAMED_UNIT ( * ) PLANE_ANGLE_UNIT ( ) SI_UNIT ( $, .RADIAN. ) );
#6862 = STYLED_ITEM ( 'NONE', ( #9021 ), #8894 ) ;
#6863 = PRESENTATION_STYLE_ASSIGNMENT (( #10361 ) ) ;
#6864 = AXIS2_PLACEMENT_3D ( 'NONE', #8685, #5182, #1728 ) ;
#6865 = ORIENTED_EDGE ( 'NONE', *, *, #11012, .T. ) ;
#6866 = EDGE_CURVE ( 'NONE', #828, #4705, #477, .T. ) ;
#6867 =( GEOMETRIC_REPRESENTATION_CONTEXT ( 3 ) GLOBAL_UNCERTAINTY_ASSIGNED_CONTEXT ( ( #8257 ) ) GLOBAL_UNIT_ASSIGNED_CONTEXT ( ( #653, #8869, #10479 ) ) REPRESENTATION_CONTEXT ( 'NONE', 'WORKASPACE' ) );
#6868 = CARTESIAN_POINT ( 'NONE',  ( -0.1000000000000040024, 12.81000000000000050, 1.000000000000000000 ) ) ;
#6870 = VERTEX_POINT ( 'NONE', #5076 ) ;
#6869 = LINE ( 'NONE', #4155, #1752 ) ;
#6871 = CARTESIAN_POINT ( 'NONE',  ( 8.651253140723346391, 0.4749999999999983680, 0.0000000000000000000 ) ) ;
#6873 = ORIENTED_EDGE ( 'NONE', *, *, #5633, .F. ) ;
#6872 = PLANE ( 'NONE',  #6707 ) ;
#6874 =( GEOMETRIC_REPRESENTATION_CONTEXT ( 3 ) GLOBAL_UNCERTAINTY_ASSIGNED_CONTEXT ( ( #2537 ) ) GLOBAL_UNIT_ASSIGNED_CONTEXT ( ( #8972, #6433, #997 ) ) REPRESENTATION_CONTEXT ( 'NONE', 'WORKASPACE' ) );
#6875 = STYLED_ITEM ( 'NONE', ( #6642 ), #1607 ) ;
#6876 = VECTOR ( 'NONE', #7978, 1000.000000000000000 ) ;
#6877 = SURFACE_STYLE_USAGE ( .BOTH. , #6764 ) ;
#6878 = EDGE_CURVE ( 'NONE', #4703, #7876, #1371, .T. ) ;
#6879 = CARTESIAN_POINT ( 'NONE',  ( 0.4749999999999990341, 11.76250000000000107, 1.899999999999999911 ) ) ;
#6880 = AXIS2_PLACEMENT_3D ( 'NONE', #2904, #3016, #11060 ) ;
#6881 = CARTESIAN_POINT ( 'NONE',  ( 15.55908424476940155, 0.6294747994923608481, 1.913210877750509686 ) ) ;
#6882 = ORIENTED_EDGE ( 'NONE', *, *, #4487, .F. ) ;
#6883 = EDGE_CURVE ( 'NONE', #9536, #2150, #8695, .T. ) ;
#6884 =( LENGTH_UNIT ( ) NAMED_UNIT ( * ) SI_UNIT ( .MILLI., .METRE. ) );
#6885 = ORIENTED_EDGE ( 'NONE', *, *, #10590, .F. ) ;
#6886 = COLOUR_RGB ( '',0.8196078431372548767, 0.7058823529411764053, 0.5254901960784313930 ) ;
#6887 = COLOUR_RGB ( '',0.1803921568627450955, 0.4627450980392157076, 0.2823529411764705843 ) ;
#6889 = ORIENTED_EDGE ( 'NONE', *, *, #3019, .F. ) ;
#6888 = DIRECTION ( 'NONE',  ( 0.0000000000000000000, 0.0000000000000000000, 1.000000000000000000 ) ) ;
#6891 = EDGE_LOOP ( 'NONE', ( #4295, #8653, #9191, #9612 ) ) ;
#6890 = DIRECTION ( 'NONE',  ( 0.0000000000000000000, -0.0000000000000000000, 1.000000000000000000 ) ) ;
#6892 = EDGE_CURVE ( 'NONE', #4899, #2901, #290, .T. ) ;
#6893 = SURFACE_STYLE_FILL_AREA ( #10507 ) ;
#6894 = EDGE_CURVE ( 'NONE', #4113, #4994, #10378, .T. ) ;
#6895 = CARTESIAN_POINT ( 'NONE',  ( 17.00249543915871442, -1.073205080756889584, 6.393914722355045654 ) ) ;
#6896 = PRESENTATION_LAYER_ASSIGNMENT (  '', '', ( #3733 ) ) ;
#6897 = ORIENTED_EDGE ( 'NONE', *, *, #2974, .F. ) ;
#6898 = COLOUR_RGB ( '',0.8196078431372548767, 0.7058823529411764053, 0.5254901960784313930 ) ;
#6899 = FILL_AREA_STYLE_COLOUR ( '', #1776 ) ;
#6900 = LINE ( 'NONE', #7840, #9853 ) ;
#6901 = EDGE_LOOP ( 'NONE', ( #8344, #626, #2252, #4827 ) ) ;
#6902 = EDGE_CURVE ( 'NONE', #3227, #1869, #9443, .T. ) ;
#6903 =( GEOMETRIC_REPRESENTATION_CONTEXT ( 3 ) GLOBAL_UNCERTAINTY_ASSIGNED_CONTEXT ( ( #2244 ) ) GLOBAL_UNIT_ASSIGNED_CONTEXT ( ( #9848, #4561, #6678 ) ) REPRESENTATION_CONTEXT ( 'NONE', 'WORKASPACE' ) );
#6904 = DIRECTION ( 'NONE',  ( 0.0000000000000000000, 0.0000000000000000000, 1.000000000000000000 ) ) ;
#6905 = DIRECTION ( 'NONE',  ( 0.0000000000000000000, 0.0000000000000000000, 1.000000000000000000 ) ) ;
#6906 = EDGE_LOOP ( 'NONE', ( #1835, #2692, #11147, #5249, #8061, #10777, #1270, #10555 ) ) ;
#6907 = LINE ( 'NONE', #9717, #6700 ) ;
#6908 = STYLED_ITEM ( 'NONE', ( #2313 ), #11389 ) ;
#6909 = UNCERTAINTY_MEASURE_WITH_UNIT (LENGTH_MEASURE( 1.000000000000000082E-05 ), #10576, 'distance_accuracy_value', 'NONE');
#6910 =( NAMED_UNIT ( * ) PLANE_ANGLE_UNIT ( ) SI_UNIT ( $, .RADIAN. ) );
#6911 = DIRECTION ( 'NONE',  ( 4.426138304153450370E-16, -1.000000000000000000, 0.0000000000000000000 ) ) ;
#6912 = ORIENTED_EDGE ( 'NONE', *, *, #4469, .T. ) ;
#6913 = PLANE ( 'NONE',  #11010 ) ;
#6914 = LINE ( 'NONE', #5188, #1525 ) ;
#6915 = FILL_AREA_STYLE_COLOUR ( '', #4861 ) ;
#6916 = CYLINDRICAL_SURFACE ( 'NONE', #4061, 0.3000000000000016542 ) ;
#6917 = FILL_AREA_STYLE ('',( #5192 ) ) ;
#6918 = DIRECTION ( 'NONE',  ( 0.0000000000000000000, -0.0000000000000000000, -1.000000000000000000 ) ) ;
#6919 = CARTESIAN_POINT ( 'NONE',  ( 9.400000000000000355, 15.50000000000000000, 0.0000000000000000000 ) ) ;
#6920 = DIRECTION ( 'NONE',  ( -0.0000000000000000000, -0.0000000000000000000, -1.000000000000000000 ) ) ;
#6921 = CARTESIAN_POINT ( 'NONE',  ( 0.8750000000000031086, 0.4749999999999989786, 0.9000000000000001332 ) ) ;
#6922 = VERTEX_POINT ( 'NONE', #6106 ) ;
#6923 = PLANE ( 'NONE',  #8434 ) ;
#6924 = CARTESIAN_POINT ( 'NONE',  ( 9.400000000000000355, 0.2499999999999999445, 0.9350000000000000533 ) ) ;
#6925 = FILL_AREA_STYLE ('',( #2383 ) ) ;
#6926 = AXIS2_PLACEMENT_3D ( 'NONE', #6531, #11058, #3076 ) ;
#6927 = VERTEX_POINT ( 'NONE', #9025 ) ;
#6928 =( GEOMETRIC_REPRESENTATION_CONTEXT ( 3 ) GLOBAL_UNCERTAINTY_ASSIGNED_CONTEXT ( ( #9980 ) ) GLOBAL_UNIT_ASSIGNED_CONTEXT ( ( #7479, #6500, #8325 ) ) REPRESENTATION_CONTEXT ( 'NONE', 'WORKASPACE' ) );
#6929 = STYLED_ITEM ( 'NONE', ( #6947 ), #673 ) ;
#6930 = CARTESIAN_POINT ( 'NONE',  ( 16.10000000000000142, 5.190000000000000391, 1.000000000000000000 ) ) ;
#6932 = ORIENTED_EDGE ( 'NONE', *, *, #10144, .T. ) ;
#6931 = CARTESIAN_POINT ( 'NONE',  ( 16.10000000000000142, 12.31000000000000227, -0.1000000000000000056 ) ) ;
#6934 = ORIENTED_EDGE ( 'NONE', *, *, #2601, .F. ) ;
#6933 = FILL_AREA_STYLE ('',( #8827 ) ) ;
#6935 = STYLED_ITEM ( 'NONE', ( #7967 ), #10075 ) ;
#6936 = CARTESIAN_POINT ( 'NONE',  ( 15.35594010767584727, 15.26166058554496630, 2.225219629806735711 ) ) ;
#6937 = DIRECTION ( 'NONE',  ( -1.000000000000000000, 0.0000000000000000000, -0.0000000000000000000 ) ) ;
#6938 = CARTESIAN_POINT ( 'NONE',  ( 0.6440598923241549478, 15.35594010767584017, 2.130940107675847628 ) ) ;
#6939 = STYLED_ITEM ( 'NONE', ( #1673 ), #223 ) ;
#6940 = CIRCLE ( 'NONE', #1745, 0.3999999999999993006 ) ;
#6941 = DIRECTION ( 'NONE',  ( 0.0000000000000000000, 0.0000000000000000000, 1.000000000000000000 ) ) ;
#6942 = CARTESIAN_POINT ( 'NONE',  ( 16.10000000000000142, 15.15000000000000213, 1.000000000000000000 ) ) ;
#6943 = VERTEX_POINT ( 'NONE', #10581 ) ;
#6944 = AXIS2_PLACEMENT_3D ( 'NONE', #1166, #4751, #2163 ) ;
#6945 = FACE_OUTER_BOUND ( 'NONE', #3466, .T. ) ;
#6946 = ORIENTED_EDGE ( 'NONE', *, *, #307, .T. ) ;
#6948 = ORIENTED_EDGE ( 'NONE', *, *, #6735, .F. ) ;
#6947 = PRESENTATION_STYLE_ASSIGNMENT (( #1647 ) ) ;
#6949 = ORIENTED_EDGE ( 'NONE', *, *, #3765, .F. ) ;
#6950 =( LENGTH_UNIT ( ) NAMED_UNIT ( * ) SI_UNIT ( .MILLI., .METRE. ) );
#6951 = EDGE_CURVE ( 'NONE', #6773, #11204, #2861, .T. ) ;
#6952 = FILL_AREA_STYLE_COLOUR ( '', #6857 ) ;
#6953 = AXIS2_PLACEMENT_3D ( 'NONE', #7665, #11222, #10461 ) ;
#6954 = ORIENTED_EDGE ( 'NONE', *, *, #8418, .F. ) ;
#6955 = FACE_OUTER_BOUND ( 'NONE', #6658, .T. ) ;
#6956 = DIRECTION ( 'NONE',  ( 1.000000000000000000, 0.0000000000000000000, 0.0000000000000000000 ) ) ;
#6957 = ORIENTED_EDGE ( 'NONE', *, *, #4420, .F. ) ;
#6958 = UNCERTAINTY_MEASURE_WITH_UNIT (LENGTH_MEASURE( 1.000000000000000082E-05 ), #3144, 'distance_accuracy_value', 'NONE');
#6959 = FACE_OUTER_BOUND ( 'NONE', #3196, .T. ) ;
#6960 = CARTESIAN_POINT ( 'NONE',  ( 16.89999999999999858, 17.19999999999999929, 2.299999999999999822 ) ) ;
#6961 = DIRECTION ( 'NONE',  ( 1.000000000000000000, 0.0000000000000000000, 0.0000000000000000000 ) ) ;
#6962 =( GEOMETRIC_REPRESENTATION_CONTEXT ( 3 ) GLOBAL_UNCERTAINTY_ASSIGNED_CONTEXT ( ( #10688 ) ) GLOBAL_UNIT_ASSIGNED_CONTEXT ( ( #10890, #2898, #11055 ) ) REPRESENTATION_CONTEXT ( 'NONE', 'WORKASPACE' ) );
#6963 = ORIENTED_EDGE ( 'NONE', *, *, #2028, .F. ) ;
#6964 =( LENGTH_UNIT ( ) NAMED_UNIT ( * ) SI_UNIT ( .MILLI., .METRE. ) );
#6965 = EDGE_CURVE ( 'NONE', #1413, #3821, #3703, .T. ) ;
#6966 = CARTESIAN_POINT ( 'NONE',  ( 0.4499999999999976241, 15.55000000000000071, 6.450000000000000178 ) ) ;
#6967 = AXIS2_PLACEMENT_3D ( 'NONE', #8979, #3768, #944 ) ;
#6968 =( LENGTH_UNIT ( ) NAMED_UNIT ( * ) SI_UNIT ( .MILLI., .METRE. ) );
#6969 = ORIENTED_EDGE ( 'NONE', *, *, #1923, .F. ) ;
#6970 = CARTESIAN_POINT ( 'NONE',  ( 0.4749999999999981459, 12.81000000000000050, 0.9000000000000001332 ) ) ;
#6971 = FILL_AREA_STYLE ('',( #4310 ) ) ;
#6972 = FACE_OUTER_BOUND ( 'NONE', #6265, .T. ) ;
#6973 = STYLED_ITEM ( 'NONE', ( #4667 ), #9469 ) ;
#6974 = LINE ( 'NONE', #7682, #4507 ) ;
#6975 = SURFACE_STYLE_FILL_AREA ( #9622 ) ;
#6976 = LINE ( 'NONE', #6272, #9573 ) ;
#6977 = PRESENTATION_LAYER_ASSIGNMENT (  '', '', ( #7534 ) ) ;
#6978 =( NAMED_UNIT ( * ) PLANE_ANGLE_UNIT ( ) SI_UNIT ( $, .RADIAN. ) );
#6979 =( NAMED_UNIT ( * ) PLANE_ANGLE_UNIT ( ) SI_UNIT ( $, .RADIAN. ) );
#6980 = PLANE ( 'NONE',  #5386 ) ;
#6981 = ORIENTED_EDGE ( 'NONE', *, *, #5409, .F. ) ;
#6982 = CARTESIAN_POINT ( 'NONE',  ( -3.712308238590370337E-15, 12.31000000000000227, -0.1000000000000028644 ) ) ;
#6983 = CARTESIAN_POINT ( 'NONE',  ( 9.400000000000000355, 0.5000000000000000000, 0.9000000000000001332 ) ) ;
#6984 = LINE ( 'NONE', #9681, #3640 ) ;
#6985 = PRESENTATION_LAYER_ASSIGNMENT (  '', '', ( #2143 ) ) ;
#6986 = ORIENTED_EDGE ( 'NONE', *, *, #948, .F. ) ;
#6987 = FILL_AREA_STYLE ('',( #11429 ) ) ;
#6988 = FILL_AREA_STYLE_COLOUR ( '', #1304 ) ;
#6990 = ORIENTED_EDGE ( 'NONE', *, *, #9882, .T. ) ;
#6989 = LINE ( 'NONE', #6811, #9568 ) ;
#6991 = DIRECTION ( 'NONE',  ( 0.0000000000000000000, 0.0000000000000000000, 1.000000000000000000 ) ) ;
#6992 = ORIENTED_EDGE ( 'NONE', *, *, #229, .F. ) ;
#6993 =( LENGTH_UNIT ( ) NAMED_UNIT ( * ) SI_UNIT ( .MILLI., .METRE. ) );
#6994 = CARTESIAN_POINT ( 'NONE',  ( 16.10000000000000142, 2.649999999999990141, -0.1000000000000000056 ) ) ;
#6995 = FACE_OUTER_BOUND ( 'NONE', #567, .T. ) ;
#6996 = EDGE_LOOP ( 'NONE', ( #6756, #9004, #1196, #5644 ) ) ;
#6997 = CARTESIAN_POINT ( 'NONE',  ( 8.900000000000000355, 15.25000000000000000, 0.0000000000000000000 ) ) ;
#6998 = ORIENTED_EDGE ( 'NONE', *, *, #2739, .F. ) ;
#6999 = ORIENTED_EDGE ( 'NONE', *, *, #4337, .F. ) ;
#7000 = ORIENTED_EDGE ( 'NONE', *, *, #1314, .T. ) ;
#7001 =( NAMED_UNIT ( * ) SI_UNIT ( $, .STERADIAN. ) SOLID_ANGLE_UNIT ( ) );
#7002 = ORIENTED_EDGE ( 'NONE', *, *, #5059, .F. ) ;
#7003 = CARTESIAN_POINT ( 'NONE',  ( 15.55000000000000071, 0.4499999999999930722, 6.500000000000000888 ) ) ;
#7004 = VERTEX_POINT ( 'NONE', #11415 ) ;
#7005 = CARTESIAN_POINT ( 'NONE',  ( -0.9099081583128820760, -1.225563183577063509, 6.334143900380728276 ) ) ;
#7006 = ADVANCED_FACE ( 'NONE', ( #6163 ), #8146, .T. ) ;
#7007 = CARTESIAN_POINT ( 'NONE',  ( 0.1242640687119274390, 16.89999999999999858, 6.149999999999998579 ) ) ;
#7008 = ORIENTED_EDGE ( 'NONE', *, *, #11529, .T. ) ;
#7009 = CARTESIAN_POINT ( 'NONE',  ( -1.112132034356000387, 16.08786796564403332, 4.375000000000000000 ) ) ;
#7010 = LINE ( 'NONE', #10571, #3417 ) ;
#7011 = UNCERTAINTY_MEASURE_WITH_UNIT (LENGTH_MEASURE( 1.000000000000000082E-05 ), #2817, 'distance_accuracy_value', 'NONE');
#7012 = ADVANCED_FACE ( 'NONE', ( #6972 ), #9083, .T. ) ;
#7013 = PRODUCT_CONTEXT ( 'NONE', #9417, 'mechanical' ) ;
#7014 = FILL_AREA_STYLE_COLOUR ( '', #7985 ) ;
#7015 = ORIENTED_EDGE ( 'NONE', *, *, #6316, .T. ) ;
#7016 = SURFACE_STYLE_USAGE ( .BOTH. , #1611 ) ;
#7017 = EDGE_CURVE ( 'NONE', #3018, #312, #4119, .T. ) ;
#7018 = FACE_OUTER_BOUND ( 'NONE', #9074, .T. ) ;
#7019 = EDGE_CURVE ( 'NONE', #2575, #10379, #9544, .T. ) ;
#7020 =( LENGTH_UNIT ( ) NAMED_UNIT ( * ) SI_UNIT ( .MILLI., .METRE. ) );
#7021 = DIRECTION ( 'NONE',  ( -0.0000000000000000000, -1.000000000000000000, 0.0000000000000000000 ) ) ;
#7022 = AXIS2_PLACEMENT_3D ( 'NONE', #1112, #10797, #8807 ) ;
#7023 = FACE_OUTER_BOUND ( 'NONE', #9969, .T. ) ;
#7024 = FILL_AREA_STYLE_COLOUR ( '', #7806 ) ;
#7025 = CARTESIAN_POINT ( 'NONE',  ( 8.200063762302612247, 6.192619675361111575, 6.499999999999758415 ) ) ;
#7026 = CARTESIAN_POINT ( 'NONE',  ( 16.89999999999999503, 16.89999999999999503, 6.149999999999997691 ) ) ;
#7027 = DIRECTION ( 'NONE',  ( 1.000000000000000000, 0.0000000000000000000, -0.0000000000000000000 ) ) ;
#7028 = ADVANCED_FACE ( 'NONE', ( #5976 ), #4453, .T. ) ;
#7029 = EDGE_CURVE ( 'NONE', #899, #9027, #11214, .T. ) ;
#7030 = DIRECTION ( 'NONE',  ( 1.000000000000000000, 0.0000000000000000000, -0.0000000000000000000 ) ) ;
#7031 = ORIENTED_EDGE ( 'NONE', *, *, #4258, .F. ) ;
#7032 = DIRECTION ( 'NONE',  ( -0.0000000000000000000, -0.0000000000000000000, -1.000000000000000000 ) ) ;
#7033 = FACE_OUTER_BOUND ( 'NONE', #1349, .T. ) ;
#7034 = ADVANCED_FACE ( 'NONE', ( #5054 ), #7106, .T. ) ;
#7035 = STYLED_ITEM ( 'NONE', ( #753 ), #2756 ) ;
#7036 = CARTESIAN_POINT ( 'NONE',  ( 17.07320508075687826, 17.07320508075688537, 6.323205080756888030 ) ) ;
#7037 = CARTESIAN_POINT ( 'NONE',  ( 16.10000000000000142, 15.25000000000000000, 0.4500000000000000666 ) ) ;
#7038 = PRESENTATION_LAYER_ASSIGNMENT (  '', '', ( #2749 ) ) ;
#7040 = ORIENTED_EDGE ( 'NONE', *, *, #10991, .F. ) ;
#7039 = SURFACE_STYLE_FILL_AREA ( #1020 ) ;
#7041 =( NAMED_UNIT ( * ) SI_UNIT ( $, .STERADIAN. ) SOLID_ANGLE_UNIT ( ) );
#7042 = SURFACE_SIDE_STYLE ('',( #3619 ) ) ;
#7043 = CIRCLE ( 'NONE', #122, 0.3999999999999999667 ) ;
#7044 = DIRECTION ( 'NONE',  ( 0.0000000000000000000, -0.0000000000000000000, 1.000000000000000000 ) ) ;
#7045 = PRESENTATION_LAYER_ASSIGNMENT (  '', '', ( #5944 ) ) ;
#7046 = FACE_OUTER_BOUND ( 'NONE', #3813, .T. ) ;
#7047 = CARTESIAN_POINT ( 'NONE',  ( 0.4750000000000034750, 0.8749999999999988898, 1.000000000000000000 ) ) ;
#7048 = LINE ( 'NONE', #10726, #4300 ) ;
#7049 = ORIENTED_EDGE ( 'NONE', *, *, #8692, .T. ) ;
#7050 = DIRECTION ( 'NONE',  ( 0.0000000000000000000, -0.0000000000000000000, -1.000000000000000000 ) ) ;
#7051 = STYLED_ITEM ( 'NONE', ( #3013 ), #8254 ) ;
#7052 = FILL_AREA_STYLE ('',( #8073 ) ) ;
#7053 = VERTEX_POINT ( 'NONE', #9484 ) ;
#7054 = PRESENTATION_LAYER_ASSIGNMENT (  '', '', ( #5415 ) ) ;
#7055 = VECTOR ( 'NONE', #6524, 1000.000000000000000 ) ;
#7056 = ORIENTED_EDGE ( 'NONE', *, *, #11304, .F. ) ;
#7057 = VECTOR ( 'NONE', #10847, 1000.000000000000000 ) ;
#7058 = PRESENTATION_STYLE_ASSIGNMENT (( #2573 ) ) ;
#7059 = STYLED_ITEM ( 'NONE', ( #10438 ), #9048 ) ;
#7060 = LINE ( 'NONE', #5524, #2408 ) ;
#7061 = VERTEX_POINT ( 'NONE', #3236 ) ;
#7062 = AXIS2_PLACEMENT_3D ( 'NONE', #9706, #5287, #6890 ) ;
#7063 = AXIS2_PLACEMENT_3D ( 'NONE', #7428, #4885, #2994 ) ;
#7064 = VECTOR ( 'NONE', #5221, 1000.000000000000000 ) ;
#7065 = FILL_AREA_STYLE_COLOUR ( '', #5866 ) ;
#7066 = VECTOR ( 'NONE', #2508, 1000.000000000000000 ) ;
#7067 = ORIENTED_EDGE ( 'NONE', *, *, #10436, .T. ) ;
#7068 = VECTOR ( 'NONE', #9690, 1000.000000000000000 ) ;
#7069 = DIRECTION ( 'NONE',  ( 0.0000000000000000000, 0.0000000000000000000, 1.000000000000000000 ) ) ;
#7070 = CARTESIAN_POINT ( 'NONE',  ( -0.1000000000000002831, 0.3999999999999895306, -0.1000000000000007550 ) ) ;
#7071 = PRESENTATION_LAYER_ASSIGNMENT (  '', '', ( #7256 ) ) ;
#7072 = CARTESIAN_POINT ( 'NONE',  ( 16.00000000000000000, 16.00000000000000000, 0.0000000000000000000 ) ) ;
#7073 = VECTOR ( 'NONE', #132, 999.9999999999998863 ) ;
#7074 = FILL_AREA_STYLE ('',( #3470 ) ) ;
#7075 =( NAMED_UNIT ( * ) PLANE_ANGLE_UNIT ( ) SI_UNIT ( $, .RADIAN. ) );
#7076 = ORIENTED_EDGE ( 'NONE', *, *, #3904, .T. ) ;
#7077 = LINE ( 'NONE', #9727, #29 ) ;
#7078 = LINE ( 'NONE', #10641, #8225 ) ;
#7079 = CARTESIAN_POINT ( 'NONE',  ( 8.926803614413413968, 8.577839078513763482, 6.500000000000000888 ) ) ;
#7080 = DIRECTION ( 'NONE',  ( 1.000000000000000000, -0.0000000000000000000, 0.0000000000000000000 ) ) ;
#7081 = EDGE_CURVE ( 'NONE', #10227, #11461, #8066, .T. ) ;
#7082 = DIRECTION ( 'NONE',  ( 1.000000000000000000, 0.0000000000000000000, 0.0000000000000000000 ) ) ;
#7083 = CARTESIAN_POINT ( 'NONE',  ( 15.12500000000000000, 0.5172291236000327030, 2.078885438199983060 ) ) ;
#7084 = ADVANCED_FACE ( 'NONE', ( #7046 ), #10338, .T. ) ;
#7085 = VERTEX_POINT ( 'NONE', #2846 ) ;
#7086 = SURFACE_SIDE_STYLE ('',( #1686 ) ) ;
#7087 = DIRECTION ( 'NONE',  ( 1.000000000000000000, 0.0000000000000000000, 0.0000000000000000000 ) ) ;
#7088 = DIRECTION ( 'NONE',  ( 0.0000000000000000000, -0.0000000000000000000, 1.000000000000000000 ) ) ;
#7089 = PRESENTATION_STYLE_ASSIGNMENT (( #11534 ) ) ;
#7090 = AXIS2_PLACEMENT_3D ( 'NONE', #9801, #11435, #800 ) ;
#7091 = ORIENTED_EDGE ( 'NONE', *, *, #945, .T. ) ;
#7092 = EDGE_CURVE ( 'NONE', #4988, #3821, #5618, .T. ) ;
#7093 = PLANE ( 'NONE',  #5730 ) ;
#7094 = DIRECTION ( 'NONE',  ( 0.0000000000000000000, 0.0000000000000000000, -1.000000000000000000 ) ) ;
#7095 = EDGE_CURVE ( 'NONE', #91, #5754, #4048, .T. ) ;
#7096 = VECTOR ( 'NONE', #3812, 1000.000000000000000 ) ;
#7097 = ORIENTED_EDGE ( 'NONE', *, *, #156, .T. ) ;
#7098 = CARTESIAN_POINT ( 'NONE',  ( 8.900000000000000355, 15.50000000000000000, 0.9000000000000001332 ) ) ;
#7099 = FILL_AREA_STYLE_COLOUR ( '', #2791 ) ;
#7100 = EDGE_CURVE ( 'NONE', #1646, #7496, #9114, .T. ) ;
#7101 = SURFACE_STYLE_FILL_AREA ( #124 ) ;
#7102 = DIRECTION ( 'NONE',  ( -0.0000000000000000000, -0.0000000000000000000, -1.000000000000000000 ) ) ;
#7103 = MECHANICAL_DESIGN_GEOMETRIC_PRESENTATION_REPRESENTATION (  '', ( #3001 ), #11009 ) ;
#7104 = EDGE_CURVE ( 'NONE', #8841, #3440, #3793, .T. ) ;
#7105 = CARTESIAN_POINT ( 'NONE',  ( 1.090444154610255012, 15.70363981077792204, 2.122875523201920078 ) ) ;
#7106 = PLANE ( 'NONE',  #95 ) ;
#7107 = VECTOR ( 'NONE', #499, 1000.000000000000000 ) ;
#7108 = CARTESIAN_POINT ( 'NONE',  ( -5.551115123125779744E-16, 2.649999999999990141, -0.1000000000000000472 ) ) ;
#7109 = ORIENTED_EDGE ( 'NONE', *, *, #6169, .F. ) ;
#7110 = LINE ( 'NONE', #2630, #1194 ) ;
#7111 = AXIS2_PLACEMENT_3D ( 'NONE', #5810, #9438, #7673 ) ;
#7112 = ORIENTED_EDGE ( 'NONE', *, *, #11081, .T. ) ;
#7113 = ORIENTED_EDGE ( 'NONE', *, *, #6380, .T. ) ;
#7114 = AXIS2_PLACEMENT_3D ( 'NONE', #7803, #8707, #7983 ) ;
#7115 =( BOUNDED_SURFACE ( )  B_SPLINE_SURFACE ( 3, 3, ( 
 ( #10076, #2272, #11004, #6539 ),
 ( #11123, #432, #7513, #195 ),
 ( #3081, #8356, #10946, #1268 ),
 ( #2042, #10189, #2208, #4744 ) ),
 .UNSPECIFIED., .F., .F., .F. ) 
 B_SPLINE_SURFACE_WITH_KNOTS ( ( 4, 4 ),
 ( 4, 4 ),
 ( 0.0000000000000000000, 1.000000000000000000 ),
 ( 0.0000000000000000000, 1.000000000000000000 ),
 .UNSPECIFIED. ) 
 GEOMETRIC_REPRESENTATION_ITEM ( )  RATIONAL_B_SPLINE_SURFACE ( (
 ( 1.000000000000000000, 0.3333333333333296511, 0.3333333333333296511, 1.000000000000000000),
 ( 0.9245018060306373631, 0.3081672686768757163, 0.3081672686768757163, 0.9245018060306373631),
 ( 0.9245018060306373631, 0.3081672686768757163, 0.3081672686768757163, 0.9245018060306373631),
 ( 1.000000000000000000, 0.3333333333333296511, 0.3333333333333296511, 1.000000000000000000) ) ) 
 REPRESENTATION_ITEM ( '' )  SURFACE ( )  );
#7116 = CARTESIAN_POINT ( 'NONE',  ( -0.1233705331866559313, 17.05916224698562900, 6.333489839487672413 ) ) ;
#7117 = AXIS2_PLACEMENT_3D ( 'NONE', #8499, #7784, #6727 ) ;
#7118 = DIRECTION ( 'NONE',  ( 1.000000000000000000, 0.0000000000000000000, 0.0000000000000000000 ) ) ;
#7119 = EDGE_LOOP ( 'NONE', ( #4338, #6885, #6207, #5288 ) ) ;
#7120 =( GEOMETRIC_REPRESENTATION_CONTEXT ( 3 ) GLOBAL_UNCERTAINTY_ASSIGNED_CONTEXT ( ( #1689 ) ) GLOBAL_UNIT_ASSIGNED_CONTEXT ( ( #1446, #11190, #2332 ) ) REPRESENTATION_CONTEXT ( 'NONE', 'WORKASPACE' ) );
#7121 = COLOUR_RGB ( '',0.8196078431372548767, 0.7058823529411764053, 0.5254901960784313930 ) ;
#7122 = SURFACE_SIDE_STYLE ('',( #10849 ) ) ;
#7123 = VECTOR ( 'NONE', #3062, 1000.000000000000000 ) ;
#7124 = ORIENTED_EDGE ( 'NONE', *, *, #9411, .T. ) ;
#7125 = CIRCLE ( 'NONE', #588, 0.3000000000000016542 ) ;
#7126 =( LENGTH_UNIT ( ) NAMED_UNIT ( * ) SI_UNIT ( .MILLI., .METRE. ) );
#7127 =( GEOMETRIC_REPRESENTATION_CONTEXT ( 3 ) GLOBAL_UNCERTAINTY_ASSIGNED_CONTEXT ( ( #7506 ) ) GLOBAL_UNIT_ASSIGNED_CONTEXT ( ( #1140, #8231, #6520 ) ) REPRESENTATION_CONTEXT ( 'NONE', 'WORKASPACE' ) );
#7128 = LINE ( 'NONE', #5988, #11342 ) ;
#7129 = UNCERTAINTY_MEASURE_WITH_UNIT (LENGTH_MEASURE( 1.000000000000000082E-05 ), #7548, 'distance_accuracy_value', 'NONE');
#7130 =( NAMED_UNIT ( * ) PLANE_ANGLE_UNIT ( ) SI_UNIT ( $, .RADIAN. ) );
#7131 = DIRECTION ( 'NONE',  ( 0.0000000000000000000, 0.0000000000000000000, 1.000000000000000000 ) ) ;
#7132 = SURFACE_STYLE_FILL_AREA ( #6377 ) ;
#7133 = ORIENTED_EDGE ( 'NONE', *, *, #9757, .F. ) ;
#7134 = PRESENTATION_STYLE_ASSIGNMENT (( #5537 ) ) ;
#7135 = STYLED_ITEM ( 'NONE', ( #5079 ), #10653 ) ;
#7136 = CARTESIAN_POINT ( 'NONE',  ( 16.10000000000000142, 10.07000000000000028, -0.1000000000000003109 ) ) ;
#7137 = AXIS2_PLACEMENT_3D ( 'NONE', #6236, #5383, #8939 ) ;
#7138 = FILL_AREA_STYLE ('',( #8806 ) ) ;
#7139 = CARTESIAN_POINT ( 'NONE',  ( 15.52500000000000036, 0.4749999999999989786, 1.000000000000000000 ) ) ;
#7140 = CARTESIAN_POINT ( 'NONE',  ( 7.974657945373478718, 8.453953331969588092, 6.500000000000000888 ) ) ;
#7141 = CARTESIAN_POINT ( 'NONE',  ( 16.10000000000000142, 12.81000000000000050, -0.1000000000000000056 ) ) ;
#7142 = SURFACE_STYLE_FILL_AREA ( #8047 ) ;
#7143 = MECHANICAL_DESIGN_GEOMETRIC_PRESENTATION_REPRESENTATION (  '', ( #1954 ), #3629 ) ;
#7144 = MECHANICAL_DESIGN_GEOMETRIC_PRESENTATION_REPRESENTATION (  '', ( #10694 ), #7152 ) ;
#7145 = EDGE_LOOP ( 'NONE', ( #2659, #2592, #11057, #10750 ) ) ;
#7146 = DIRECTION ( 'NONE',  ( 1.000000000000000000, 0.0000000000000000000, 0.0000000000000000000 ) ) ;
#7147 = DIRECTION ( 'NONE',  ( 0.0000000000000000000, 0.0000000000000000000, 1.000000000000000000 ) ) ;
#7148 = EDGE_LOOP ( 'NONE', ( #2583, #2619, #1800, #10181, #9010, #6354, #8929, #9951 ) ) ;
#7149 = STYLED_ITEM ( 'NONE', ( #4016 ), #9489 ) ;
#7150 = COLOUR_RGB ( '',0.8196078431372548767, 0.7058823529411764053, 0.5254901960784313930 ) ;
#7151 = CARTESIAN_POINT ( 'NONE',  ( -3.625702169052223983E-15, 10.07000000000000028, -0.1000000000000014211 ) ) ;
#7152 =( GEOMETRIC_REPRESENTATION_CONTEXT ( 3 ) GLOBAL_UNCERTAINTY_ASSIGNED_CONTEXT ( ( #757 ) ) GLOBAL_UNIT_ASSIGNED_CONTEXT ( ( #1779, #7775, #1654 ) ) REPRESENTATION_CONTEXT ( 'NONE', 'WORKASPACE' ) );
#7154 = VERTEX_POINT ( 'NONE', #2729 ) ;
#7153 = CARTESIAN_POINT ( 'NONE',  ( -3.816391647148980341E-15, 15.35000000000000142, 1.000000000000000000 ) ) ;
#7155 = LINE ( 'NONE', #4677, #1697 ) ;
#7156 = FACE_OUTER_BOUND ( 'NONE', #6792, .T. ) ;
#7157 = ADVANCED_FACE ( 'NONE', ( #8129 ), #2902, .T. ) ;
#7158 = DIRECTION ( 'NONE',  ( -0.4397326120323069021, 0.1821432117215239788, -0.8794652240646088082 ) ) ;
#7159 = VECTOR ( 'NONE', #7206, 1000.000000000000000 ) ;
#7160 = CARTESIAN_POINT ( 'NONE',  ( 16.00000000000000000, 7.530000000000000249, 0.9999999999999981126 ) ) ;
#7161 = EDGE_CURVE ( 'NONE', #8110, #6870, #1208, .T. ) ;
#7162 = DIRECTION ( 'NONE',  ( 0.0000000000000000000, -1.000000000000000000, -0.0000000000000000000 ) ) ;
#7163 = ORIENTED_EDGE ( 'NONE', *, *, #2614, .T. ) ;
#7164 = SURFACE_SIDE_STYLE ('',( #9863 ) ) ;
#7165 = DIRECTION ( 'NONE',  ( 0.0000000000000000000, 1.000000000000000000, 0.0000000000000000000 ) ) ;
#7166 = EDGE_CURVE ( 'NONE', #4017, #5461, #4630, .T. ) ;
#7168 = ORIENTED_EDGE ( 'NONE', *, *, #6452, .T. ) ;
#7167 = CARTESIAN_POINT ( 'NONE',  ( -0.9912416980707549063, 15.68485878930232147, 6.636526703524118886 ) ) ;
#7169 = VERTEX_POINT ( 'NONE', #10940 ) ;
#7170 = DIRECTION ( 'NONE',  ( -8.326672684688670109E-16, 1.000000000000000000, 0.0000000000000000000 ) ) ;
#7171 = EDGE_CURVE ( 'NONE', #10500, #5520, #4737, .T. ) ;
#7172 = EDGE_LOOP ( 'NONE', ( #4669, #10559, #7579, #8515, #5715, #8426, #1787, #11324 ) ) ;
#7173 = UNCERTAINTY_MEASURE_WITH_UNIT (LENGTH_MEASURE( 1.000000000000000082E-05 ), #5597, 'distance_accuracy_value', 'NONE');
#7174 = DIRECTION ( 'NONE',  ( -0.0000000000000000000, 0.0000000000000000000, -1.000000000000000000 ) ) ;
#7175 =( LENGTH_UNIT ( ) NAMED_UNIT ( * ) SI_UNIT ( .MILLI., .METRE. ) );
#7176 =( NAMED_UNIT ( * ) PLANE_ANGLE_UNIT ( ) SI_UNIT ( $, .RADIAN. ) );
#7177 = EDGE_CURVE ( 'NONE', #1413, #5673, #8302, .T. ) ;
#7178 = CARTESIAN_POINT ( 'NONE',  ( 16.89999999999999858, 16.89999999999999858, 6.150000000000000355 ) ) ;
#7179 = VERTEX_POINT ( 'NONE', #75 ) ;
#7180 = SURFACE_STYLE_FILL_AREA ( #9606 ) ;
#7181 = PRESENTATION_STYLE_ASSIGNMENT (( #3708 ) ) ;
#7182 = EDGE_LOOP ( 'NONE', ( #9590, #4808, #5395, #8834, #11217, #468, #3211, #1296, #4766, #215 ) ) ;
#7183 = CARTESIAN_POINT ( 'NONE',  ( 16.10000000000000142, 11.81000000000000050, 1.000000000000000000 ) ) ;
#7184 = SURFACE_STYLE_FILL_AREA ( #48 ) ;
#7185 = EDGE_LOOP ( 'NONE', ( #4812, #1529, #1536, #5222, #7672, #6300, #1047, #8734 ) ) ;
#7186 = DIRECTION ( 'NONE',  ( 1.000000000000000000, 0.0000000000000000000, 0.0000000000000000000 ) ) ;
#7187 = CARTESIAN_POINT ( 'NONE',  ( 16.00000000000000000, 0.0000000000000000000, 0.9000000000000001332 ) ) ;
#7188 = SURFACE_SIDE_STYLE ('',( #10867 ) ) ;
#7189 =( NAMED_UNIT ( * ) SI_UNIT ( $, .STERADIAN. ) SOLID_ANGLE_UNIT ( ) );
#7190 = CARTESIAN_POINT ( 'NONE',  ( -2.234323837058129904E-15, 7.530000000000000249, -0.1000000000000010048 ) ) ;
#7191 = AXIS2_PLACEMENT_3D ( 'NONE', #8710, #665, #9522 ) ;
#7192 = CARTESIAN_POINT ( 'NONE',  ( 17.16832815729997108, 17.03416407864998305, 6.150000000000000355 ) ) ;
#7193 = SURFACE_SIDE_STYLE ('',( #7251 ) ) ;
#7194 =( NAMED_UNIT ( * ) SI_UNIT ( $, .STERADIAN. ) SOLID_ANGLE_UNIT ( ) );
#7195 = VERTEX_POINT ( 'NONE', #3682 ) ;
#7196 = SURFACE_STYLE_USAGE ( .BOTH. , #725 ) ;
#7197 = CARTESIAN_POINT ( 'NONE',  ( -3.469446951953609850E-15, 9.769999999999999574, -21.65413869472860142 ) ) ;
#7198 = COLOUR_RGB ( '',0.8196078431372548767, 0.7058823529411764053, 0.5254901960784313930 ) ;
#7199 = VERTEX_POINT ( 'NONE', #7272 ) ;
#7200 = SURFACE_STYLE_USAGE ( .BOTH. , #2779 ) ;
#7202 = ORIENTED_EDGE ( 'NONE', *, *, #6238, .F. ) ;
#7201 = PLANE ( 'NONE',  #967 ) ;
#7203 = STYLED_ITEM ( 'NONE', ( #878 ), #2662 ) ;
#7204 = DIRECTION ( 'NONE',  ( -0.0000000000000000000, -0.0000000000000000000, 1.000000000000000000 ) ) ;
#7205 = FILL_AREA_STYLE ('',( #3676 ) ) ;
#7206 = DIRECTION ( 'NONE',  ( 0.0000000000000000000, 0.0000000000000000000, -1.000000000000000000 ) ) ;
#7207 = LINE ( 'NONE', #8124, #8239 ) ;
#7208 = ORIENTED_EDGE ( 'NONE', *, *, #5491, .F. ) ;
#7209 = CIRCLE ( 'NONE', #9113, 0.3999999999999996336 ) ;
#7210 = DIRECTION ( 'NONE',  ( -0.0000000000000000000, -0.0000000000000000000, -1.000000000000000000 ) ) ;
#7211 = AXIS2_PLACEMENT_3D ( 'NONE', #6525, #9226, #10827 ) ;
#7212 = FILL_AREA_STYLE ('',( #6295 ) ) ;
#7213 = EDGE_LOOP ( 'NONE', ( #1592, #860, #11143, #4764 ) ) ;
#7214 = CARTESIAN_POINT ( 'NONE',  ( 0.8750000000000037748, 0.8749999999999990008, 1.899999999999999911 ) ) ;
#7215 = SURFACE_SIDE_STYLE ('',( #5457 ) ) ;
#7217 = EDGE_LOOP ( 'NONE', ( #1227, #4592, #1940, #5978, #10949, #7932, #407, #3454, #10336 ) ) ;
#7216 = CARTESIAN_POINT ( 'NONE',  ( -0.8831086956966904822, 15.58217075110967187, 6.682836436600403829 ) ) ;
#7219 = ORIENTED_EDGE ( 'NONE', *, *, #10799, .T. ) ;
#7218 = LINE ( 'NONE', #9921, #9516 ) ;
#7220 = AXIS2_PLACEMENT_3D ( 'NONE', #3487, #9837, #7027 ) ;
#7221 = EDGE_CURVE ( 'NONE', #1771, #1214, #10774, .T. ) ;
#7222 = SURFACE_STYLE_USAGE ( .BOTH. , #2740 ) ;
#7223 = EDGE_CURVE ( 'NONE', #3385, #4169, #9267, .T. ) ;
#7224 = AXIS2_PLACEMENT_3D ( 'NONE', #9968, #10722, #6237 ) ;
#7225 =( GEOMETRIC_REPRESENTATION_CONTEXT ( 3 ) GLOBAL_UNCERTAINTY_ASSIGNED_CONTEXT ( ( #7356 ) ) GLOBAL_UNIT_ASSIGNED_CONTEXT ( ( #10976, #272, #335 ) ) REPRESENTATION_CONTEXT ( 'NONE', 'WORKASPACE' ) );
#7226 = CARTESIAN_POINT ( 'NONE',  ( 16.00000000000000000, 11.81000000000000050, 0.9000000000000001332 ) ) ;
#7227 = CARTESIAN_POINT ( 'NONE',  ( 0.2072634734055804617, 0.7786204418067266264, 1.532634909927855560 ) ) ;
#7228 = STYLED_ITEM ( 'NONE', ( #1680 ), #2116 ) ;
#7229 = VECTOR ( 'NONE', #1189, 1000.000000000000000 ) ;
#7230 = CARTESIAN_POINT ( 'NONE',  ( 14.50000000000000000, 8.000000000000000000, 0.0000000000000000000 ) ) ;
#7231 = EDGE_CURVE ( 'NONE', #1021, #3129, #2167, .T. ) ;
#7232 = EDGE_CURVE ( 'NONE', #9066, #1097, #6448, .T. ) ;
#7233 = ORIENTED_EDGE ( 'NONE', *, *, #7657, .T. ) ;
#7234 =( GEOMETRIC_REPRESENTATION_CONTEXT ( 3 ) GLOBAL_UNCERTAINTY_ASSIGNED_CONTEXT ( ( #2921 ) ) GLOBAL_UNIT_ASSIGNED_CONTEXT ( ( #6647, #9243, #6424 ) ) REPRESENTATION_CONTEXT ( 'NONE', 'WORKASPACE' ) );
#7235 = DIRECTION ( 'NONE',  ( 1.000000000000000000, -0.0000000000000000000, 0.0000000000000000000 ) ) ;
#7236 = CIRCLE ( 'NONE', #5772, 0.2500000000000002220 ) ;
#7237 = ORIENTED_EDGE ( 'NONE', *, *, #10803, .F. ) ;
#7238 = CIRCLE ( 'NONE', #726, 0.4100000000000006417 ) ;
#7239 = LINE ( 'NONE', #97, #4387 ) ;
#7240 = AXIS2_PLACEMENT_3D ( 'NONE', #1043, #988, #8848 ) ;
#7241 = DIRECTION ( 'NONE',  ( -0.8944271909999158554, 0.4472135954999579277, 0.0000000000000000000 ) ) ;
#7242 = ORIENTED_EDGE ( 'NONE', *, *, #297, .T. ) ;
#7243 = ADVANCED_FACE ( 'NONE', ( #6467 ), #3625, .T. ) ;
#7244 = SURFACE_STYLE_FILL_AREA ( #5591 ) ;
#7245 =( GEOMETRIC_REPRESENTATION_CONTEXT ( 3 ) GLOBAL_UNCERTAINTY_ASSIGNED_CONTEXT ( ( #4115 ) ) GLOBAL_UNIT_ASSIGNED_CONTEXT ( ( #7451, #4738, #3794 ) ) REPRESENTATION_CONTEXT ( 'NONE', 'WORKASPACE' ) );
#7246 = DIRECTION ( 'NONE',  ( 0.0000000000000000000, 0.0000000000000000000, 1.000000000000000000 ) ) ;
#7247 = PRESENTATION_STYLE_ASSIGNMENT (( #8216 ) ) ;
#7248 = AXIS2_PLACEMENT_3D ( 'NONE', #7915, #11518, #3302 ) ;
#7249 = DIRECTION ( 'NONE',  ( -1.470494072351200091E-16, 1.000000000000000000, 0.0000000000000000000 ) ) ;
#7250 = CARTESIAN_POINT ( 'NONE',  ( 0.2999999999999964917, 9.769999999999999574, -0.1000000000000028644 ) ) ;
#7251 = SURFACE_STYLE_FILL_AREA ( #7429 ) ;
#7252 = SURFACE_STYLE_FILL_AREA ( #4610 ) ;
#7253 = VERTEX_POINT ( 'NONE', #254 ) ;
#7254 = CIRCLE ( 'NONE', #9884, 0.3000000000000016542 ) ;
#7255 = DIRECTION ( 'NONE',  ( 1.000000000000000000, -3.700743415417190112E-16, 0.0000000000000000000 ) ) ;
#7256 = STYLED_ITEM ( 'NONE', ( #9246 ), #2404 ) ;
#7257 = ORIENTED_EDGE ( 'NONE', *, *, #7968, .F. ) ;
#7258 = CIRCLE ( 'NONE', #1502, 0.4100000000000006417 ) ;
#7259 = PRESENTATION_STYLE_ASSIGNMENT (( #907 ) ) ;
#7260 = DIRECTION ( 'NONE',  ( -0.0000000000000000000, -0.0000000000000000000, -1.000000000000000000 ) ) ;
#7262 = ORIENTED_EDGE ( 'NONE', *, *, #7460, .F. ) ;
#7261 = CARTESIAN_POINT ( 'NONE',  ( 8.599999999999999645, 7.370000000000000995, -1.421085471520200372E-11 ) ) ;
#7263 = CARTESIAN_POINT ( 'NONE',  ( 0.8749999999999975575, 15.12500000000000000, 1.899999999999999911 ) ) ;
#7264 = CARTESIAN_POINT ( 'NONE',  ( 9.809237095092804282, 15.52500000000000036, 0.9350000000000000533 ) ) ;
#7265 = DIRECTION ( 'NONE',  ( -0.0000000000000000000, 1.000000000000000000, 0.0000000000000000000 ) ) ;
#7266 = DIRECTION ( 'NONE',  ( -1.000000000000000000, 4.440892098500630106E-15, 0.0000000000000000000 ) ) ;
#7267 = DIRECTION ( 'NONE',  ( 0.0000000000000000000, -0.0000000000000000000, 1.000000000000000000 ) ) ;
#7268 = COLOUR_RGB ( '',0.8196078431372548767, 0.7058823529411764053, 0.5254901960784313930 ) ;
#7269 = CARTESIAN_POINT ( 'NONE',  ( 16.00000000000000000, 0.0000000000000000000, 0.0000000000000000000 ) ) ;
#7270 = ORIENTED_EDGE ( 'NONE', *, *, #5422, .F. ) ;
#7271 = DIRECTION ( 'NONE',  ( 0.0000000000000000000, -1.000000000000000000, -0.0000000000000000000 ) ) ;
#7272 = CARTESIAN_POINT ( 'NONE',  ( 16.00000000000000000, 14.55000000000000071, -0.1000000000000014211 ) ) ;
#7273 = SURFACE_SIDE_STYLE ('',( #5338 ) ) ;
#7274 = UNCERTAINTY_MEASURE_WITH_UNIT (LENGTH_MEASURE( 1.000000000000000082E-05 ), #6444, 'distance_accuracy_value', 'NONE');
#7275 = FACE_OUTER_BOUND ( 'NONE', #624, .T. ) ;
#7276 = ORIENTED_EDGE ( 'NONE', *, *, #6653, .F. ) ;
#7277 = LINE ( 'NONE', #2850, #608 ) ;
#7279 = ORIENTED_EDGE ( 'NONE', *, *, #8741, .F. ) ;
#7278 = CARTESIAN_POINT ( 'NONE',  ( -0.1000000000000010186, 2.449999999999989964, -0.09999999999999999167 ) ) ;
#7280 = ORIENTED_EDGE ( 'NONE', *, *, #3543, .T. ) ;
#7281 = AXIS2_PLACEMENT_3D ( 'NONE', #2202, #6466, #1085 ) ;
#7282 = CIRCLE ( 'NONE', #2269, 0.4100000000000006417 ) ;
#7283 = PRESENTATION_STYLE_ASSIGNMENT (( #7222 ) ) ;
#7284 = CARTESIAN_POINT ( 'NONE',  ( 15.52499999999999858, 6.730000000000000426, 1.000000000000000000 ) ) ;
#7285 = UNCERTAINTY_MEASURE_WITH_UNIT (LENGTH_MEASURE( 1.000000000000000082E-05 ), #10171, 'distance_accuracy_value', 'NONE');
#7286 = PLANE ( 'NONE',  #9588 ) ;
#7287 = EDGE_CURVE ( 'NONE', #7061, #2276, #3850, .T. ) ;
#7288 = SURFACE_STYLE_USAGE ( .BOTH. , #2639 ) ;
#7289 = VECTOR ( 'NONE', #4816, 1000.000000000000000 ) ;
#7290 = STYLED_ITEM ( 'NONE', ( #10621 ), #732 ) ;
#7291 = DIRECTION ( 'NONE',  ( 0.0000000000000000000, -0.0000000000000000000, 1.000000000000000000 ) ) ;
#7292 = ORIENTED_EDGE ( 'NONE', *, *, #3260, .T. ) ;
#7293 = AXIS2_PLACEMENT_3D ( 'NONE', #7790, #11517, #8746 ) ;
#7294 = EDGE_CURVE ( 'NONE', #2717, #4327, #4432, .T. ) ;
#7295 = ORIENTED_EDGE ( 'NONE', *, *, #4487, .T. ) ;
#7296 = FACE_OUTER_BOUND ( 'NONE', #8263, .T. ) ;
#7297 = CIRCLE ( 'NONE', #6384, 0.4000000000000000222 ) ;
#7298 = EDGE_LOOP ( 'NONE', ( #1610, #5680, #9198, #4383, #10727, #4304, #453, #8934, #10759 ) ) ;
#7299 = CARTESIAN_POINT ( 'NONE',  ( 15.55000000000000071, 15.55000000000000071, 6.450000000000000178 ) ) ;
#7300 = EDGE_LOOP ( 'NONE', ( #7316, #9122, #6393, #7765, #10430 ) ) ;
#7301 = EDGE_CURVE ( 'NONE', #4122, #8176, #847, .T. ) ;
#7302 = ADVANCED_FACE ( 'NONE', ( #4964 ), #9517, .T. ) ;
#7303 = MECHANICAL_DESIGN_GEOMETRIC_PRESENTATION_REPRESENTATION (  '', ( #9018 ), #3603 ) ;
#7304 = SURFACE_STYLE_USAGE ( .BOTH. , #2874 ) ;
#7305 = DIRECTION ( 'NONE',  ( -1.000000000000000000, -2.775557561562889872E-16, 0.0000000000000000000 ) ) ;
#7306 = VECTOR ( 'NONE', #11527, 1000.000000000000000 ) ;
#7307 = FILL_AREA_STYLE_COLOUR ( '', #8476 ) ;
#7308 = EDGE_CURVE ( 'NONE', #9546, #9662, #9394, .T. ) ;
#7309 = PRESENTATION_LAYER_ASSIGNMENT (  '', '', ( #5839 ) ) ;
#7310 = EDGE_CURVE ( 'NONE', #9278, #899, #2326, .T. ) ;
#7311 = CARTESIAN_POINT ( 'NONE',  ( 8.900000000000000355, 0.08999999999999991340, 0.9000000000000001332 ) ) ;
#7312 = SURFACE_SIDE_STYLE ('',( #779 ) ) ;
#7313 = PRESENTATION_STYLE_ASSIGNMENT (( #4713 ) ) ;
#7314 = MECHANICAL_DESIGN_GEOMETRIC_PRESENTATION_REPRESENTATION (  '', ( #4364 ), #3795 ) ;
#7315 = CIRCLE ( 'NONE', #10674, 0.2999999999999999889 ) ;
#7316 = ORIENTED_EDGE ( 'NONE', *, *, #3474, .F. ) ;
#7317 = PLANE ( 'NONE',  #8074 ) ;
#7318 = DIRECTION ( 'NONE',  ( -1.000000000000000000, -0.0000000000000000000, 0.0000000000000000000 ) ) ;
#7319 = ORIENTED_EDGE ( 'NONE', *, *, #6478, .F. ) ;
#7320 = LINE ( 'NONE', #5659, #662 ) ;
#7321 = LINE ( 'NONE', #10885, #3361 ) ;
#7322 = ADVANCED_FACE ( 'NONE', ( #1262 ), #4030, .T. ) ;
#7323 = CIRCLE ( 'NONE', #6037, 0.3999999999999993006 ) ;
#7324 = EDGE_LOOP ( 'NONE', ( #6812, #1346, #1594, #127 ) ) ;
#7325 = COLOUR_RGB ( '',0.8196078431372548767, 0.7058823529411764053, 0.5254901960784313930 ) ;
#7326 = PLANE ( 'NONE',  #3650 ) ;
#7327 = AXIS2_PLACEMENT_3D ( 'NONE', #4509, #8064, #7266 ) ;
#7328 = CARTESIAN_POINT ( 'NONE',  ( -3.469446951953609850E-15, 9.769999999999999574, -0.1000000000000028644 ) ) ;
#7329 = LINE ( 'NONE', #7384, #2197 ) ;
#7330 =( NAMED_UNIT ( * ) SI_UNIT ( $, .STERADIAN. ) SOLID_ANGLE_UNIT ( ) );
#7331 = DIRECTION ( 'NONE',  ( 1.000000000000000000, 0.0000000000000000000, 0.0000000000000000000 ) ) ;
#7332 =( NAMED_UNIT ( * ) PLANE_ANGLE_UNIT ( ) SI_UNIT ( $, .RADIAN. ) );
#7333 = ORIENTED_EDGE ( 'NONE', *, *, #6883, .T. ) ;
#7334 =( NAMED_UNIT ( * ) SI_UNIT ( $, .STERADIAN. ) SOLID_ANGLE_UNIT ( ) );
#7335 = CARTESIAN_POINT ( 'NONE',  ( 0.8749999999999970024, 15.12500000000000000, 0.9000000000000001332 ) ) ;
#7336 = COLOUR_RGB ( '',0.8196078431372548767, 0.7058823529411764053, 0.5254901960784313930 ) ;
#7337 = MECHANICAL_DESIGN_GEOMETRIC_PRESENTATION_REPRESENTATION (  '', ( #4203 ), #618 ) ;
#7338 = DIRECTION ( 'NONE',  ( -1.000000000000000000, 0.0000000000000000000, 0.0000000000000000000 ) ) ;
#7339 = CIRCLE ( 'NONE', #10876, 0.2999999999999999334 ) ;
#7340 = ORIENTED_EDGE ( 'NONE', *, *, #9771, .T. ) ;
#7341 = DIRECTION ( 'NONE',  ( 0.0000000000000000000, -1.000000000000000000, -0.0000000000000000000 ) ) ;
#7342 = FILL_AREA_STYLE ('',( #1333 ) ) ;
#7344 = ORIENTED_EDGE ( 'NONE', *, *, #7805, .F. ) ;
#7343 = CARTESIAN_POINT ( 'NONE',  ( -5.204170427930421283E-15, 8.000000000000000000, 0.9000000000000001332 ) ) ;
#7345 = ORIENTED_EDGE ( 'NONE', *, *, #9261, .F. ) ;
#7346 = DIRECTION ( 'NONE',  ( -0.0000000000000000000, -0.0000000000000000000, -1.000000000000000000 ) ) ;
#7347 = CARTESIAN_POINT ( 'NONE',  ( 8.599999999999999645, 7.370000000000000995, -0.06999999999524240957 ) ) ;
#7348 = DIRECTION ( 'NONE',  ( -1.000000000000000000, 0.0000000000000000000, 0.0000000000000000000 ) ) ;
#7349 = CARTESIAN_POINT ( 'NONE',  ( 15.35594010767584905, 0.6440598923241486196, 2.130940107675850292 ) ) ;
#7350 = FILL_AREA_STYLE_COLOUR ( '', #6038 ) ;
#7351 = FACE_OUTER_BOUND ( 'NONE', #11125, .T. ) ;
#7352 = VERTEX_POINT ( 'NONE', #10310 ) ;
#7353 = ORIENTED_EDGE ( 'NONE', *, *, #6805, .F. ) ;
#7354 = FILL_AREA_STYLE_COLOUR ( '', #5379 ) ;
#7355 = SURFACE_STYLE_FILL_AREA ( #1049 ) ;
#7356 = UNCERTAINTY_MEASURE_WITH_UNIT (LENGTH_MEASURE( 1.000000000000000082E-05 ), #10976, 'distance_accuracy_value', 'NONE');
#7357 = ORIENTED_EDGE ( 'NONE', *, *, #5966, .F. ) ;
#7358 = CARTESIAN_POINT ( 'NONE',  ( -2.807476473520864759E-15, 7.730000000000000426, 0.9000000000000001332 ) ) ;
#7359 = PLANE ( 'NONE',  #1476 ) ;
#7360 = VERTEX_POINT ( 'NONE', #9450 ) ;
#7361 = ADVANCED_FACE ( 'NONE', ( #8581 ), #4148, .T. ) ;
#7362 = PLANE ( 'NONE',  #10331 ) ;
#7363 = DIRECTION ( 'NONE',  ( 1.000000000000000000, 2.891205793294678622E-15, 0.0000000000000000000 ) ) ;
#7364 = FILL_AREA_STYLE_COLOUR ( '', #4835 ) ;
#7365 = CARTESIAN_POINT ( 'NONE',  ( -0.1000000000000040024, 14.44999999999999929, 0.4500000000000000666 ) ) ;
#7366 = EDGE_CURVE ( 'NONE', #9984, #1771, #11426, .T. ) ;
#7367 = DIRECTION ( 'NONE',  ( 1.000000000000000000, 0.0000000000000000000, -0.0000000000000000000 ) ) ;
#7368 = ORIENTED_EDGE ( 'NONE', *, *, #8620, .T. ) ;
#7369 = STYLED_ITEM ( 'NONE', ( #5238 ), #7753 ) ;
#7370 = DIRECTION ( 'NONE',  ( 0.0000000000000000000, 1.000000000000000000, -0.0000000000000000000 ) ) ;
#7371 = CARTESIAN_POINT ( 'NONE',  ( 14.50000000000000000, 10.26999999999999957, 1.000000000000000000 ) ) ;
#7372 = EDGE_CURVE ( 'NONE', #9546, #4022, #6940, .T. ) ;
#7373 = DIRECTION ( 'NONE',  ( -0.0000000000000000000, -0.0000000000000000000, -1.000000000000000000 ) ) ;
#7374 = ORIENTED_EDGE ( 'NONE', *, *, #747, .F. ) ;
#7375 = VECTOR ( 'NONE', #2382, 1000.000000000000000 ) ;
#7376 = SURFACE_STYLE_USAGE ( .BOTH. , #6399 ) ;
#7378 = ORIENTED_EDGE ( 'NONE', *, *, #7606, .F. ) ;
#7377 =( NAMED_UNIT ( * ) SI_UNIT ( $, .STERADIAN. ) SOLID_ANGLE_UNIT ( ) );
#7379 = EDGE_CURVE ( 'NONE', #5559, #11212, #1628, .T. ) ;
#7380 = LINE ( 'NONE', #2894, #11272 ) ;
#7381 = DIRECTION ( 'NONE',  ( -0.0000000000000000000, -0.0000000000000000000, -1.000000000000000000 ) ) ;
#7382 = EDGE_CURVE ( 'NONE', #3114, #7004, #4539, .T. ) ;
#7383 = CARTESIAN_POINT ( 'NONE',  ( 15.52500000000000036, 0.4749999999999989786, 1.000000000000000000 ) ) ;
#7384 = CARTESIAN_POINT ( 'NONE',  ( -2.026157019940909897E-15, 6.929999999999999716, 1.000000000000000000 ) ) ;
#7385 = CARTESIAN_POINT ( 'NONE',  ( 0.4408772790226253013, 17.11211280166238069, 6.519095649485628918 ) ) ;
#7386 =( NAMED_UNIT ( * ) SI_UNIT ( $, .STERADIAN. ) SOLID_ANGLE_UNIT ( ) );
#7387 = FACE_OUTER_BOUND ( 'NONE', #9290, .T. ) ;
#7388 = ORIENTED_EDGE ( 'NONE', *, *, #3405, .F. ) ;
#7389 = VECTOR ( 'NONE', #6850, 1000.000000000000000 ) ;
#7390 = DIRECTION ( 'NONE',  ( -1.000000000000000000, 0.0000000000000000000, 0.0000000000000000000 ) ) ;
#7391 = ADVANCED_FACE ( 'NONE', ( #3428 ), #2558, .F. ) ;
#7392 = FACE_OUTER_BOUND ( 'NONE', #291, .T. ) ;
#7393 = CARTESIAN_POINT ( 'NONE',  ( 1.500000000000000000, 11.81000000000000050, 0.9000000000000001332 ) ) ;
#7394 = ORIENTED_EDGE ( 'NONE', *, *, #10071, .F. ) ;
#7395 = FACE_OUTER_BOUND ( 'NONE', #7213, .T. ) ;
#7397 = VERTEX_POINT ( 'NONE', #6924 ) ;
#7396 = SURFACE_STYLE_USAGE ( .BOTH. , #4092 ) ;
#7398 = COLOUR_RGB ( '',0.8196078431372548767, 0.7058823529411764053, 0.5254901960784313930 ) ;
#7400 = EDGE_LOOP ( 'NONE', ( #5473, #5179, #5662, #8878, #6557, #3493, #7518, #8713, #5831, #10673, #4921, #9857 ) ) ;
#7399 = PLANE ( 'NONE',  #724 ) ;
#7401 = SURFACE_SIDE_STYLE ('',( #7639 ) ) ;
#7402 = DIRECTION ( 'NONE',  ( 1.000000000000000000, 0.0000000000000000000, 0.0000000000000000000 ) ) ;
#7403 = SURFACE_STYLE_USAGE ( .BOTH. , #4984 ) ;
#7404 = DIRECTION ( 'NONE',  ( 0.0000000000000000000, -0.0000000000000000000, -1.000000000000000000 ) ) ;
#7405 = VECTOR ( 'NONE', #5185, 1000.000000000000000 ) ;
#7406 = ORIENTED_EDGE ( 'NONE', *, *, #9464, .F. ) ;
#7407 = VECTOR ( 'NONE', #11038, 1000.000000000000000 ) ;
#7408 = AXIS2_PLACEMENT_3D ( 'NONE', #566, #9303, #10156 ) ;
#7409 = ORIENTED_EDGE ( 'NONE', *, *, #7543, .T. ) ;
#7410 = DIRECTION ( 'NONE',  ( -1.000000000000000000, -0.0000000000000000000, -0.0000000000000000000 ) ) ;
#7411 = CARTESIAN_POINT ( 'NONE',  ( 16.10000000000000142, 9.369999999999999218, 0.4499999999999990119 ) ) ;
#7412 = PRESENTATION_LAYER_ASSIGNMENT (  '', '', ( #10950 ) ) ;
#7413 = ORIENTED_EDGE ( 'NONE', *, *, #10724, .T. ) ;
#7414 = CARTESIAN_POINT ( 'NONE',  ( 8.599999999999999645, 7.370000000000000995, 1.276568304767125628E-11 ) ) ;
#7415 =( GEOMETRIC_REPRESENTATION_CONTEXT ( 3 ) GLOBAL_UNCERTAINTY_ASSIGNED_CONTEXT ( ( #94 ) ) GLOBAL_UNIT_ASSIGNED_CONTEXT ( ( #4936, #5698, #11216 ) ) REPRESENTATION_CONTEXT ( 'NONE', 'WORKASPACE' ) );
#7416 = PLANE ( 'NONE',  #10213 ) ;
#7417 = ORIENTED_EDGE ( 'NONE', *, *, #1838, .T. ) ;
#7418 = PRESENTATION_LAYER_ASSIGNMENT (  '', '', ( #1076 ) ) ;
#7419 = PRESENTATION_LAYER_ASSIGNMENT (  '', '', ( #2769 ) ) ;
#7420 = FILL_AREA_STYLE ('',( #3875 ) ) ;
#7421 = PRESENTATION_STYLE_ASSIGNMENT (( #10279 ) ) ;
#7422 =( GEOMETRIC_REPRESENTATION_CONTEXT ( 3 ) GLOBAL_UNCERTAINTY_ASSIGNED_CONTEXT ( ( #494 ) ) GLOBAL_UNIT_ASSIGNED_CONTEXT ( ( #2785, #72, #3735 ) ) REPRESENTATION_CONTEXT ( 'NONE', 'WORKASPACE' ) );
#7423 = MECHANICAL_DESIGN_GEOMETRIC_PRESENTATION_REPRESENTATION (  '', ( #8205 ), #7234 ) ;
#7424 = STYLED_ITEM ( 'NONE', ( #7181 ), #3570 ) ;
#7425 = VECTOR ( 'NONE', #6853, 1000.000000000000000 ) ;
#7426 = CARTESIAN_POINT ( 'NONE',  ( 0.4749999999999969802, 15.52500000000000036, 0.9000000000000001332 ) ) ;
#7427 =( NAMED_UNIT ( * ) SI_UNIT ( $, .STERADIAN. ) SOLID_ANGLE_UNIT ( ) );
#7428 = CARTESIAN_POINT ( 'NONE',  ( 15.25000000000000000, 14.84999999999999964, -0.1000000000000000056 ) ) ;
#7429 = FILL_AREA_STYLE ('',( #4779 ) ) ;
#7430 = AXIS2_PLACEMENT_3D ( 'NONE', #2801, #9876, #9080 ) ;
#7431 = CARTESIAN_POINT ( 'NONE',  ( -1.073205080756888030, -1.073205080756898022, 6.323205080756888030 ) ) ;
#7432 = EDGE_LOOP ( 'NONE', ( #7895, #8745, #684, #10899 ) ) ;
#7433 = FILL_AREA_STYLE_COLOUR ( '', #4350 ) ;
#7434 = AXIS2_PLACEMENT_3D ( 'NONE', #7804, #4256, #8583 ) ;
#7435 = CARTESIAN_POINT ( 'NONE',  ( 15.25000000000000000, 14.55000000000000071, -0.1000000000000000056 ) ) ;
#7436 = MECHANICAL_DESIGN_GEOMETRIC_PRESENTATION_REPRESENTATION (  '', ( #4859 ), #525 ) ;
#7437 = VERTEX_POINT ( 'NONE', #10485 ) ;
#7438 = AXIS2_PLACEMENT_3D ( 'NONE', #10293, #1427, #9382 ) ;
#7439 = DIRECTION ( 'NONE',  ( 1.000000000000000000, 0.0000000000000000000, 0.0000000000000000000 ) ) ;
#7440 = ADVANCED_FACE ( 'NONE', ( #9680 ), #2507, .T. ) ;
#7442 = ORIENTED_EDGE ( 'NONE', *, *, #10728, .F. ) ;
#7441 = SURFACE_STYLE_USAGE ( .BOTH. , #11107 ) ;
#7443 = CARTESIAN_POINT ( 'NONE',  ( 16.00000000000000000, 14.34999999999999964, 1.000000000000000000 ) ) ;
#7444 = PLANE ( 'NONE',  #5122 ) ;
#7445 = CARTESIAN_POINT ( 'NONE',  ( -2.572941859568805489E-15, 9.269999999999999574, 0.0000000000000000000 ) ) ;
#7446 = EDGE_CURVE ( 'NONE', #2225, #10766, #1919, .T. ) ;
#7447 = LINE ( 'NONE', #5718, #3705 ) ;
#7448 = VECTOR ( 'NONE', #2483, 1000.000000000000000 ) ;
#7449 = VERTEX_POINT ( 'NONE', #9098 ) ;
#7450 = DIRECTION ( 'NONE',  ( 0.0000000000000000000, 0.0000000000000000000, -1.000000000000000000 ) ) ;
#7451 =( LENGTH_UNIT ( ) NAMED_UNIT ( * ) SI_UNIT ( .MILLI., .METRE. ) );
#7452 =( GEOMETRIC_REPRESENTATION_CONTEXT ( 3 ) GLOBAL_UNCERTAINTY_ASSIGNED_CONTEXT ( ( #10745 ) ) GLOBAL_UNIT_ASSIGNED_CONTEXT ( ( #9795, #1693, #666 ) ) REPRESENTATION_CONTEXT ( 'NONE', 'WORKASPACE' ) );
#7453 = EDGE_CURVE ( 'NONE', #77, #5322, #8644, .T. ) ;
#7454 = EDGE_LOOP ( 'NONE', ( #867, #6280, #8488, #3401 ) ) ;
#7455 = EDGE_CURVE ( 'NONE', #10925, #9658, #2098, .T. ) ;
#7456 =( NAMED_UNIT ( * ) SI_UNIT ( $, .STERADIAN. ) SOLID_ANGLE_UNIT ( ) );
#7457 = ORIENTED_EDGE ( 'NONE', *, *, #528, .T. ) ;
#7459 = VERTEX_POINT ( 'NONE', #9953 ) ;
#7458 = FILL_AREA_STYLE ('',( #435 ) ) ;
#7460 = EDGE_CURVE ( 'NONE', #1638, #9350, #954, .T. ) ;
#7461 = VECTOR ( 'NONE', #125, 1000.000000000000000 ) ;
#7462 = EDGE_CURVE ( 'NONE', #9066, #983, #3610, .T. ) ;
#7463 = CARTESIAN_POINT ( 'NONE',  ( 15.52499999999999858, 10.26999999999999957, 1.000000000000000000 ) ) ;
#7464 =( NAMED_UNIT ( * ) PLANE_ANGLE_UNIT ( ) SI_UNIT ( $, .RADIAN. ) );
#7465 = PRESENTATION_STYLE_ASSIGNMENT (( #145 ) ) ;
#7466 = LINE ( 'NONE', #9244, #2223 ) ;
#7467 = FILL_AREA_STYLE_COLOUR ( '', #985 ) ;
#7468 = DIRECTION ( 'NONE',  ( -0.0000000000000000000, -1.000000000000000000, -0.0000000000000000000 ) ) ;
#7469 = EDGE_LOOP ( 'NONE', ( #2546, #10574, #6610, #10058, #5669, #5566, #2777, #2862 ) ) ;
#7471 = EDGE_LOOP ( 'NONE', ( #4597, #8126, #2213, #6627 ) ) ;
#7470 = CARTESIAN_POINT ( 'NONE',  ( 16.00000000000000000, 14.84999999999999964, 1.000000000000000888 ) ) ;
#7472 = STYLED_ITEM ( 'NONE', ( #11506 ), #449 ) ;
#7473 = CARTESIAN_POINT ( 'NONE',  ( 16.10000000000000142, 5.089999999999999858, 0.4500000000000000666 ) ) ;
#7474 = DIRECTION ( 'NONE',  ( 1.000000000000000000, 0.0000000000000000000, 0.0000000000000000000 ) ) ;
#7475 = UNCERTAINTY_MEASURE_WITH_UNIT (LENGTH_MEASURE( 1.000000000000000082E-05 ), #9998, 'distance_accuracy_value', 'NONE');
#7476 = ORIENTED_EDGE ( 'NONE', *, *, #1340, .F. ) ;
#7477 = LINE ( 'NONE', #10388, #611 ) ;
#7478 = VERTEX_POINT ( 'NONE', #6340 ) ;
#7479 =( LENGTH_UNIT ( ) NAMED_UNIT ( * ) SI_UNIT ( .MILLI., .METRE. ) );
#7480 = AXIS2_PLACEMENT_3D ( 'NONE', #8093, #4880, #3824 ) ;
#7481 = MECHANICAL_DESIGN_GEOMETRIC_PRESENTATION_REPRESENTATION (  '', ( #6929 ), #3774 ) ;
#7482 = VECTOR ( 'NONE', #10836, 1000.000000000000000 ) ;
#7483 = CARTESIAN_POINT ( 'NONE',  ( 11.76250000000000107, 15.12500000000000000, 1.899999999999999911 ) ) ;
#7484 = DIRECTION ( 'NONE',  ( -0.0000000000000000000, -0.0000000000000000000, -1.000000000000000000 ) ) ;
#7485 = LINE ( 'NONE', #1361, #3626 ) ;
#7486 = COLOUR_RGB ( '',0.8196078431372548767, 0.7058823529411764053, 0.5254901960784313930 ) ;
#7487 = DIRECTION ( 'NONE',  ( 1.000000000000000000, 0.0000000000000000000, -0.0000000000000000000 ) ) ;
#7488 = CARTESIAN_POINT ( 'NONE',  ( 17.17309199177841350, 16.99918774867888160, 6.075283505579355037 ) ) ;
#7489 = CARTESIAN_POINT ( 'NONE',  ( 8.000000000000000000, 8.000000000000000000, 0.9000000000000001332 ) ) ;
#7490 = DIRECTION ( 'NONE',  ( 0.0000000000000000000, 0.0000000000000000000, 1.000000000000000000 ) ) ;
#7491 =( GEOMETRIC_REPRESENTATION_CONTEXT ( 3 ) GLOBAL_UNCERTAINTY_ASSIGNED_CONTEXT ( ( #730 ) ) GLOBAL_UNIT_ASSIGNED_CONTEXT ( ( #5748, #3942, #2990 ) ) REPRESENTATION_CONTEXT ( 'NONE', 'WORKASPACE' ) );
#7492 = ORIENTED_EDGE ( 'NONE', *, *, #517, .F. ) ;
#7493 =( LENGTH_UNIT ( ) NAMED_UNIT ( * ) SI_UNIT ( .MILLI., .METRE. ) );
#7494 = CARTESIAN_POINT ( 'NONE',  ( 8.599999999999999645, 7.370000000000000995, -1.421085471520200372E-11 ) ) ;
#7495 =( NAMED_UNIT ( * ) PLANE_ANGLE_UNIT ( ) SI_UNIT ( $, .RADIAN. ) );
#7496 = VERTEX_POINT ( 'NONE', #2021 ) ;
#7497 = ORIENTED_EDGE ( 'NONE', *, *, #5337, .F. ) ;
#7498 =( NAMED_UNIT ( * ) PLANE_ANGLE_UNIT ( ) SI_UNIT ( $, .RADIAN. ) );
#7499 = CARTESIAN_POINT ( 'NONE',  ( -1.175362574856824605, 15.85535114409067248, 6.283459459766776334 ) ) ;
#7500 = CARTESIAN_POINT ( 'NONE',  ( -1.361757928641801458E-16, 0.3999999999999894196, 0.9000000000000001332 ) ) ;
#7501 = PRESENTATION_LAYER_ASSIGNMENT (  '', '', ( #7697 ) ) ;
#7502 =( LENGTH_UNIT ( ) NAMED_UNIT ( * ) SI_UNIT ( .MILLI., .METRE. ) );
#7503 = EDGE_LOOP ( 'NONE', ( #8323, #10063, #1246, #9539 ) ) ;
#7504 = SURFACE_STYLE_USAGE ( .BOTH. , #8352 ) ;
#7505 = DIRECTION ( 'NONE',  ( 0.0000000000000000000, -1.000000000000000000, 0.0000000000000000000 ) ) ;
#7506 = UNCERTAINTY_MEASURE_WITH_UNIT (LENGTH_MEASURE( 1.000000000000000082E-05 ), #1140, 'distance_accuracy_value', 'NONE');
#7507 = ORIENTED_EDGE ( 'NONE', *, *, #9633, .F. ) ;
#7508 = EDGE_CURVE ( 'NONE', #4564, #446, #3669, .T. ) ;
#7509 = PRESENTATION_LAYER_ASSIGNMENT (  '', '', ( #1566 ) ) ;
#7510 = MECHANICAL_DESIGN_GEOMETRIC_PRESENTATION_REPRESENTATION (  '', ( #8666 ), #9035 ) ;
#7511 = LINE ( 'NONE', #11063, #9046 ) ;
#7512 = CARTESIAN_POINT ( 'NONE',  ( -1.199999999999998401, -0.9000000000000087930, 2.299999999999999822 ) ) ;
#7513 = CARTESIAN_POINT ( 'NONE',  ( 0.4263306623988096788, 15.15279597058229477, 2.116355014844062410 ) ) ;
#7515 = VERTEX_POINT ( 'NONE', #4718 ) ;
#7514 = SURFACE_SIDE_STYLE ('',( #10948 ) ) ;
#7516 =( LENGTH_UNIT ( ) NAMED_UNIT ( * ) SI_UNIT ( .MILLI., .METRE. ) );
#7518 = ORIENTED_EDGE ( 'NONE', *, *, #5991, .F. ) ;
#7517 = SURFACE_STYLE_FILL_AREA ( #7458 ) ;
#7519 = EDGE_CURVE ( 'NONE', #4389, #1668, #3594, .T. ) ;
#7520 = DIRECTION ( 'NONE',  ( 0.0000000000000000000, 0.0000000000000000000, 1.000000000000000000 ) ) ;
#7521 = CIRCLE ( 'NONE', #6597, 0.3000000000000006550 ) ;
#7522 = ADVANCED_FACE ( 'NONE', ( #8226 ), #8991, .T. ) ;
#7523 = VECTOR ( 'NONE', #6322, 1000.000000000000000 ) ;
#7524 = DIRECTION ( 'NONE',  ( -0.0000000000000000000, -0.0000000000000000000, -1.000000000000000000 ) ) ;
#7525 = CARTESIAN_POINT ( 'NONE',  ( 15.52499999999999858, 15.12500000000000000, 0.9000000000000001332 ) ) ;
#7526 = UNCERTAINTY_MEASURE_WITH_UNIT (LENGTH_MEASURE( 1.000000000000000082E-05 ), #5371, 'distance_accuracy_value', 'NONE');
#7527 = ORIENTED_EDGE ( 'NONE', *, *, #9410, .T. ) ;
#7528 = EDGE_CURVE ( 'NONE', #2447, #331, #9900, .T. ) ;
#7529 = DIRECTION ( 'NONE',  ( 0.0000000000000000000, 0.0000000000000000000, -1.000000000000000000 ) ) ;
#7530 = LINE ( 'NONE', #1405, #11557 ) ;
#7531 = COLOUR_RGB ( '',0.8196078431372548767, 0.7058823529411764053, 0.5254901960784313930 ) ;
#7533 = ORIENTED_EDGE ( 'NONE', *, *, #3463, .F. ) ;
#7532 = CARTESIAN_POINT ( 'NONE',  ( 15.12500000000000000, 7.999999999999989342, 2.299999999999999822 ) ) ;
#7534 = STYLED_ITEM ( 'NONE', ( #3561 ), #4700 ) ;
#7536 = ORIENTED_EDGE ( 'NONE', *, *, #4344, .F. ) ;
#7535 = SURFACE_SIDE_STYLE ('',( #1222 ) ) ;
#7537 = CARTESIAN_POINT ( 'NONE',  ( 14.72176413654927352, 15.29312110495042809, 2.531865753215849502 ) ) ;
#7538 = ADVANCED_FACE ( 'NONE', ( #6513 ), #10818, .T. ) ;
#7539 = VERTEX_POINT ( 'NONE', #8337 ) ;
#7540 = DIRECTION ( 'NONE',  ( 0.0000000000000000000, -1.000000000000000000, 0.0000000000000000000 ) ) ;
#7541 = ORIENTED_EDGE ( 'NONE', *, *, #10071, .T. ) ;
#7542 = FACE_OUTER_BOUND ( 'NONE', #6197, .T. ) ;
#7543 = EDGE_CURVE ( 'NONE', #4992, #9956, #9322, .T. ) ;
#7544 = MECHANICAL_DESIGN_GEOMETRIC_PRESENTATION_REPRESENTATION (  '', ( #10145 ), #2503 ) ;
#7545 = CARTESIAN_POINT ( 'NONE',  ( 8.900000000000000355, 15.50000000000000000, 0.9000000000000001332 ) ) ;
#7546 = DIRECTION ( 'NONE',  ( 1.000000000000000000, 0.0000000000000000000, 0.0000000000000000000 ) ) ;
#7547 = CARTESIAN_POINT ( 'NONE',  ( 16.00000000000000000, 14.34999999999999964, 1.000000000000000000 ) ) ;
#7548 =( LENGTH_UNIT ( ) NAMED_UNIT ( * ) SI_UNIT ( .MILLI., .METRE. ) );
#7549 = CARTESIAN_POINT ( 'NONE',  ( 0.7500000000000000000, 1.524999999999989919, 1.000000000000000000 ) ) ;
#7550 = CARTESIAN_POINT ( 'NONE',  ( -1.400802394945819485, -0.6244761824458989752, 6.222284668644956440 ) ) ;
#7551 = ORIENTED_EDGE ( 'NONE', *, *, #3987, .F. ) ;
#7552 = CARTESIAN_POINT ( 'NONE',  ( 8.074091244709784121, 8.774091651857050422, 6.640714398167109955 ) ) ;
#7553 = DIRECTION ( 'NONE',  ( 1.000000000000000000, 2.775557561562889872E-16, 0.0000000000000000000 ) ) ;
#7554 = PLANE ( 'NONE',  #10512 ) ;
#7555 = VERTEX_POINT ( 'NONE', #287 ) ;
#7556 = DIRECTION ( 'NONE',  ( 1.000000000000000000, 0.0000000000000000000, 0.0000000000000000000 ) ) ;
#7557 = FILL_AREA_STYLE ('',( #4019 ) ) ;
#7559 = ORIENTED_EDGE ( 'NONE', *, *, #5512, .T. ) ;
#7558 = PLANE ( 'NONE',  #11036 ) ;
#7560 = CARTESIAN_POINT ( 'NONE',  ( -1.224093642427307893, 15.94108401671692476, 6.180830367813264559 ) ) ;
#7561 =( BOUNDED_SURFACE ( )  B_SPLINE_SURFACE ( 3, 3, ( 
 ( #3579, #2689, #5523, #83 ),
 ( #142, #28, #7116, #10683 ),
 ( #1997, #2799, #9128, #4463 ),
 ( #1823, #3696, #8017, #5463 ) ),
 .UNSPECIFIED., .F., .F., .F. ) 
 B_SPLINE_SURFACE_WITH_KNOTS ( ( 4, 4 ),
 ( 4, 4 ),
 ( 0.0000000000000000000, 1.000000000000000000 ),
 ( 0.0000000000000000000, 1.000000000000000000 ),
 .UNSPECIFIED. ) 
 GEOMETRIC_REPRESENTATION_ITEM ( )  RATIONAL_B_SPLINE_SURFACE ( (
 ( 1.000000000000000000, 0.3333333333333335369, 0.3333333333333335369, 1.000000000000000000),
 ( 0.9524561206926904777, 0.3174853735642303443, 0.3174853735642303443, 0.9524561206926904777),
 ( 0.9524561206926904777, 0.3174853735642303443, 0.3174853735642303443, 0.9524561206926904777),
 ( 1.000000000000000000, 0.3333333333333335369, 0.3333333333333335369, 1.000000000000000000) ) ) 
 REPRESENTATION_ITEM ( '' )  SURFACE ( )  );
#7562 = DIRECTION ( 'NONE',  ( 0.0000000000000000000, 0.0000000000000000000, 1.000000000000000000 ) ) ;
#7563 =( NAMED_UNIT ( * ) SI_UNIT ( $, .STERADIAN. ) SOLID_ANGLE_UNIT ( ) );
#7564 = EDGE_LOOP ( 'NONE', ( #434, #11070, #6772, #2453, #8588, #7208, #481, #5339 ) ) ;
#7565 = FACE_OUTER_BOUND ( 'NONE', #7217, .T. ) ;
#7566 = CARTESIAN_POINT ( 'NONE',  ( -0.9000000000000001332, -0.9000000000000091260, 6.150000000000000355 ) ) ;
#7567 = ORIENTED_EDGE ( 'NONE', *, *, #8388, .T. ) ;
#7568 = LINE ( 'NONE', #9175, #2510 ) ;
#7569 = DIRECTION ( 'NONE',  ( 0.0000000000000000000, 0.0000000000000000000, 1.000000000000000000 ) ) ;
#7570 = FACE_OUTER_BOUND ( 'NONE', #659, .T. ) ;
#7572 = VERTEX_POINT ( 'NONE', #10987 ) ;
#7571 = PRESENTATION_STYLE_ASSIGNMENT (( #7396 ) ) ;
#7573 =( NAMED_UNIT ( * ) SI_UNIT ( $, .STERADIAN. ) SOLID_ANGLE_UNIT ( ) );
#7575 = ORIENTED_EDGE ( 'NONE', *, *, #9954, .T. ) ;
#7574 = CARTESIAN_POINT ( 'NONE',  ( 16.00000000000000000, 4.990000000000000213, 1.000000000000000000 ) ) ;
#7576 = FACE_OUTER_BOUND ( 'NONE', #336, .T. ) ;
#7577 = CARTESIAN_POINT ( 'NONE',  ( 16.00000000000000000, 0.0000000000000000000, 0.9000000000000001332 ) ) ;
#7578 =( NAMED_UNIT ( * ) SI_UNIT ( $, .STERADIAN. ) SOLID_ANGLE_UNIT ( ) );
#7579 = ORIENTED_EDGE ( 'NONE', *, *, #3329, .T. ) ;
#7580 = DIRECTION ( 'NONE',  ( 0.7071067811865470176, 0.7071067811865480168, 0.0000000000000000000 ) ) ;
#7581 = SURFACE_STYLE_FILL_AREA ( #4047 ) ;
#7583 = VERTEX_POINT ( 'NONE', #534 ) ;
#7582 = PLANE ( 'NONE',  #10275 ) ;
#7585 = ORIENTED_EDGE ( 'NONE', *, *, #6310, .F. ) ;
#7584 = FILL_AREA_STYLE ('',( #6654 ) ) ;
#7586 = PRESENTATION_LAYER_ASSIGNMENT (  '', '', ( #7203 ) ) ;
#7587 =( NAMED_UNIT ( * ) SI_UNIT ( $, .STERADIAN. ) SOLID_ANGLE_UNIT ( ) );
#7588 = EDGE_CURVE ( 'NONE', #6031, #9707, #10667, .T. ) ;
#7589 = ORIENTED_EDGE ( 'NONE', *, *, #239, .T. ) ;
#7590 = CARTESIAN_POINT ( 'NONE',  ( 8.830192363614971285, 7.762191218818098370, 6.950000000000001954 ) ) ;
#7591 = ORIENTED_EDGE ( 'NONE', *, *, #589, .F. ) ;
#7592 = MECHANICAL_DESIGN_GEOMETRIC_PRESENTATION_REPRESENTATION (  '', ( #1832 ), #9487 ) ;
#7593 = SURFACE_SIDE_STYLE ('',( #1231 ) ) ;
#7594 = EDGE_CURVE ( 'NONE', #8189, #646, #4073, .T. ) ;
#7595 = MECHANICAL_DESIGN_GEOMETRIC_PRESENTATION_REPRESENTATION (  '', ( #3319 ), #4261 ) ;
#7596 = DIRECTION ( 'NONE',  ( -1.000000000000000000, 1.387778780781450113E-16, -0.0000000000000000000 ) ) ;
#7597 = ADVANCED_FACE ( 'NONE', ( #10229 ), #5660, .T. ) ;
#7598 = VECTOR ( 'NONE', #7474, 1000.000000000000000 ) ;
#7599 = DIRECTION ( 'NONE',  ( -0.0000000000000000000, 1.000000000000000000, 0.0000000000000000000 ) ) ;
#7600 = CARTESIAN_POINT ( 'NONE',  ( -2.371236887399597353E-15, 7.530000000000000249, 1.000000000000000444 ) ) ;
#7601 = DIRECTION ( 'NONE',  ( 1.000000000000000000, -0.0000000000000000000, 0.0000000000000000000 ) ) ;
#7602 = PLANE ( 'NONE',  #7117 ) ;
#7603 = COLOUR_RGB ( '',0.4313725490196078649, 0.3490196078431372362, 0.2901960784313725172 ) ;
#7604 = ADVANCED_FACE ( 'NONE', ( #6571 ), #5755, .T. ) ;
#7605 = DIRECTION ( 'NONE',  ( 0.0000000000000000000, -0.0000000000000000000, 1.000000000000000000 ) ) ;
#7606 = EDGE_CURVE ( 'NONE', #669, #11401, #9379, .T. ) ;
#7607 = AXIS2_PLACEMENT_3D ( 'NONE', #1012, #10053, #2016 ) ;
#7608 = UNCERTAINTY_MEASURE_WITH_UNIT (LENGTH_MEASURE( 1.000000000000000082E-05 ), #470, 'distance_accuracy_value', 'NONE');
#7609 = VECTOR ( 'NONE', #9813, 1000.000000000000000 ) ;
#7610 = DIRECTION ( 'NONE',  ( 0.0000000000000000000, 0.0000000000000000000, -1.000000000000000000 ) ) ;
#7611 = ORIENTED_EDGE ( 'NONE', *, *, #6250, .T. ) ;
#7612 =( NAMED_UNIT ( * ) SI_UNIT ( $, .STERADIAN. ) SOLID_ANGLE_UNIT ( ) );
#7613 = DIRECTION ( 'NONE',  ( 1.000000000000000000, 7.401486830834380223E-16, -0.0000000000000000000 ) ) ;
#7614 = MECHANICAL_DESIGN_GEOMETRIC_PRESENTATION_REPRESENTATION (  '', ( #10210 ), #2576 ) ;
#7615 =( LENGTH_UNIT ( ) NAMED_UNIT ( * ) SI_UNIT ( .MILLI., .METRE. ) );
#7616 = VERTEX_POINT ( 'NONE', #10056 ) ;
#7617 =( LENGTH_UNIT ( ) NAMED_UNIT ( * ) SI_UNIT ( .MILLI., .METRE. ) );
#7618 = COLOUR_RGB ( '',0.1803921568627450955, 0.4627450980392157076, 0.2823529411764705843 ) ;
#7619 = CARTESIAN_POINT ( 'NONE',  ( 8.900000000000000355, 0.5000000000000000000, 0.9000000000000001332 ) ) ;
#7620 = CARTESIAN_POINT ( 'NONE',  ( 0.4749999999999969802, 15.52500000000000036, 1.000000000000000000 ) ) ;
#7621 = LINE ( 'NONE', #9623, #216 ) ;
#7622 = CARTESIAN_POINT ( 'NONE',  ( 16.10000000000000142, 4.690000000000000391, -0.1000000000000000056 ) ) ;
#7623 = CARTESIAN_POINT ( 'NONE',  ( 0.8750000000000025535, 15.12499999999999645, 1.899999999999998135 ) ) ;
#7624 = VECTOR ( 'NONE', #9641, 1000.000000000000000 ) ;
#7625 =( NAMED_UNIT ( * ) PLANE_ANGLE_UNIT ( ) SI_UNIT ( $, .RADIAN. ) );
#7626 = ORIENTED_EDGE ( 'NONE', *, *, #10882, .T. ) ;
#7627 = VECTOR ( 'NONE', #4690, 1000.000000000000000 ) ;
#7628 = CARTESIAN_POINT ( 'NONE',  ( 15.14247491600186457, 0.5017607964221265648, 2.095357059789868526 ) ) ;
#7629 = MECHANICAL_DESIGN_GEOMETRIC_PRESENTATION_REPRESENTATION (  '', ( #1676 ), #10235 ) ;
#7630 = FILL_AREA_STYLE_COLOUR ( '', #4294 ) ;
#7631 = VERTEX_POINT ( 'NONE', #3117 ) ;
#7632 = CARTESIAN_POINT ( 'NONE',  ( 17.07320508075688892, -1.073205080756889807, 6.323205080756881813 ) ) ;
#7633 = FILL_AREA_STYLE ('',( #3419 ) ) ;
#7634 =( GEOMETRIC_REPRESENTATION_CONTEXT ( 3 ) GLOBAL_UNCERTAINTY_ASSIGNED_CONTEXT ( ( #1178 ) ) GLOBAL_UNIT_ASSIGNED_CONTEXT ( ( #10615, #5562, #6636 ) ) REPRESENTATION_CONTEXT ( 'NONE', 'WORKASPACE' ) );
#7635 =( BOUNDED_SURFACE ( )  B_SPLINE_SURFACE ( 3, 3, ( 
 ( #6030, #1598, #10508, #2572 ),
 ( #9650, #1652, #7773, #6895 ),
 ( #6085, #6142, #2473, #11390 ),
 ( #3396, #1531, #1777, #8845 ) ),
 .UNSPECIFIED., .F., .F., .F. ) 
 B_SPLINE_SURFACE_WITH_KNOTS ( ( 4, 4 ),
 ( 4, 4 ),
 ( 0.0000000000000000000, 1.000000000000000000 ),
 ( 0.0000000000000000000, 1.000000000000000000 ),
 .UNSPECIFIED. ) 
 GEOMETRIC_REPRESENTATION_ITEM ( )  RATIONAL_B_SPLINE_SURFACE ( (
 ( 1.000000000000000000, 0.3333333333333448056, 0.3333333333333448056, 1.000000000000000000),
 ( 0.9245018060306394725, 0.3081672686768904268, 0.3081672686768904268, 0.9245018060306394725),
 ( 0.9245018060306394725, 0.3081672686768904268, 0.3081672686768904268, 0.9245018060306394725),
 ( 1.000000000000000000, 0.3333333333333448056, 0.3333333333333448056, 1.000000000000000000) ) ) 
 REPRESENTATION_ITEM ( '' )  SURFACE ( )  );
#7636 = ORIENTED_EDGE ( 'NONE', *, *, #1619, .T. ) ;
#7637 = FACE_OUTER_BOUND ( 'NONE', #2201, .T. ) ;
#7638 = ORIENTED_EDGE ( 'NONE', *, *, #214, .T. ) ;
#7639 = SURFACE_STYLE_FILL_AREA ( #10261 ) ;
#7640 = FILL_AREA_STYLE ('',( #4101 ) ) ;
#7641 = SURFACE_STYLE_FILL_AREA ( #7705 ) ;
#7642 = FILL_AREA_STYLE_COLOUR ( '', #135 ) ;
#7643 = UNCERTAINTY_MEASURE_WITH_UNIT (LENGTH_MEASURE( 1.000000000000000082E-05 ), #8408, 'distance_accuracy_value', 'NONE');
#7644 = SURFACE_STYLE_USAGE ( .BOTH. , #5961 ) ;
#7645 = CARTESIAN_POINT ( 'NONE',  ( 16.00000000000000000, 2.649999999999990141, 0.0000000000000000000 ) ) ;
#7646 = ORIENTED_EDGE ( 'NONE', *, *, #11177, .F. ) ;
#7648 = ORIENTED_EDGE ( 'NONE', *, *, #9557, .F. ) ;
#7647 = FILL_AREA_STYLE ('',( #2113 ) ) ;
#7649 = ORIENTED_EDGE ( 'NONE', *, *, #2550, .T. ) ;
#7650 = CARTESIAN_POINT ( 'NONE',  ( 15.35594010767584727, 15.35594010767585083, 2.130940107675854289 ) ) ;
#7651 = SURFACE_STYLE_USAGE ( .BOTH. , #10335 ) ;
#7652 = VERTEX_POINT ( 'NONE', #4953 ) ;
#7653 = CARTESIAN_POINT ( 'NONE',  ( 14.50000000000000000, 5.190000000000000391, 0.9000000000000001332 ) ) ;
#7654 = FILL_AREA_STYLE ('',( #6780 ) ) ;
#7655 = ORIENTED_EDGE ( 'NONE', *, *, #5427, .T. ) ;
#7656 = STYLED_ITEM ( 'NONE', ( #462 ), #11585 ) ;
#7657 = EDGE_CURVE ( 'NONE', #3456, #1413, #8504, .T. ) ;
#7658 = UNCERTAINTY_MEASURE_WITH_UNIT (LENGTH_MEASURE( 1.000000000000000082E-05 ), #4346, 'distance_accuracy_value', 'NONE');
#7659 = CARTESIAN_POINT ( 'NONE',  ( -1.073205080756888030, -1.073205080756898022, 6.323205080756887142 ) ) ;
#7660 = DIRECTION ( 'NONE',  ( 0.0000000000000000000, -0.0000000000000000000, 1.000000000000000000 ) ) ;
#7661 = ADVANCED_FACE ( 'NONE', ( #11170 ), #10290, .T. ) ;
#7662 = DIRECTION ( 'NONE',  ( 0.0000000000000000000, 0.0000000000000000000, 1.000000000000000000 ) ) ;
#7663 = DIRECTION ( 'NONE',  ( 1.000000000000000000, -0.0000000000000000000, -0.0000000000000000000 ) ) ;
#7664 = PLANE ( 'NONE',  #9683 ) ;
#7665 = CARTESIAN_POINT ( 'NONE',  ( -0.9000000000000001332, -0.9000000000000091260, 2.299999999999999822 ) ) ;
#7666 = FILL_AREA_STYLE_COLOUR ( '', #6302 ) ;
#7667 = COLOUR_RGB ( '',0.4313725490196078649, 0.3490196078431372362, 0.2901960784313725172 ) ;
#7668 = EDGE_CURVE ( 'NONE', #5918, #11049, #8632, .T. ) ;
#7669 = ADVANCED_FACE ( 'NONE', ( #2593 ), #6913, .T. ) ;
#7670 = FILL_AREA_STYLE ('',( #10403 ) ) ;
#7671 = SURFACE_STYLE_FILL_AREA ( #4303 ) ;
#7672 = ORIENTED_EDGE ( 'NONE', *, *, #6743, .T. ) ;
#7673 = DIRECTION ( 'NONE',  ( 0.0000000000000000000, 0.0000000000000000000, 1.000000000000000000 ) ) ;
#7674 = EDGE_CURVE ( 'NONE', #6374, #5022, #2494, .T. ) ;
#7675 = PRESENTATION_LAYER_ASSIGNMENT (  '', '', ( #3217 ) ) ;
#7676 = SURFACE_SIDE_STYLE ('',( #9439 ) ) ;
#7677 = LINE ( 'NONE', #10471, #1721 ) ;
#7678 = ADVANCED_FACE ( 'NONE', ( #4365 ), #6794, .T. ) ;
#7679 = STYLED_ITEM ( 'NONE', ( #10406 ), #10019 ) ;
#7680 = EDGE_CURVE ( 'NONE', #9537, #5519, #2760, .T. ) ;
#7681 = CARTESIAN_POINT ( 'NONE',  ( -3.469446951953614189E-15, 8.000000000000000000, 0.0000000000000000000 ) ) ;
#7682 = CARTESIAN_POINT ( 'NONE',  ( 0.4749999999999997558, 9.269999999999999574, 0.9000000000000001332 ) ) ;
#7683 = SURFACE_SIDE_STYLE ('',( #3191 ) ) ;
#7684 = SURFACE_SIDE_STYLE ('',( #6059 ) ) ;
#7685 = SURFACE_STYLE_USAGE ( .BOTH. , #3364 ) ;
#7686 =( NAMED_UNIT ( * ) PLANE_ANGLE_UNIT ( ) SI_UNIT ( $, .RADIAN. ) );
#7687 = ADVANCED_FACE ( 'NONE', ( #100 ), #1792, .T. ) ;
#7688 = AXIS2_PLACEMENT_3D ( 'NONE', #1060, #10813, #10051 ) ;
#7689 =( NAMED_UNIT ( * ) SI_UNIT ( $, .STERADIAN. ) SOLID_ANGLE_UNIT ( ) );
#7690 = ORIENTED_EDGE ( 'NONE', *, *, #3757, .T. ) ;
#7691 = FILL_AREA_STYLE_COLOUR ( '', #11421 ) ;
#7692 =( NAMED_UNIT ( * ) PLANE_ANGLE_UNIT ( ) SI_UNIT ( $, .RADIAN. ) );
#7693 = ORIENTED_EDGE ( 'NONE', *, *, #6473, .T. ) ;
#7694 = EDGE_CURVE ( 'NONE', #8486, #1160, #1004, .T. ) ;
#7695 = SURFACE_STYLE_FILL_AREA ( #3204 ) ;
#7696 = DIRECTION ( 'NONE',  ( -0.0000000000000000000, 1.000000000000000000, 0.0000000000000000000 ) ) ;
#7697 = STYLED_ITEM ( 'NONE', ( #3562 ), #10466 ) ;
#7699 = ORIENTED_EDGE ( 'NONE', *, *, #11151, .T. ) ;
#7698 = DIRECTION ( 'NONE',  ( -1.000000000000000000, 0.0000000000000000000, 0.0000000000000000000 ) ) ;
#7701 = VERTEX_POINT ( 'NONE', #8154 ) ;
#7700 = DIRECTION ( 'NONE',  ( 1.000000000000000000, 0.0000000000000000000, 0.0000000000000000000 ) ) ;
#7702 = FACE_OUTER_BOUND ( 'NONE', #4416, .T. ) ;
#7703 = CARTESIAN_POINT ( 'NONE',  ( 0.8749999999999970024, 15.12500000000000000, 1.899999999999999911 ) ) ;
#7704 = STYLED_ITEM ( 'NONE', ( #9792 ), #7966 ) ;
#7705 = FILL_AREA_STYLE ('',( #677 ) ) ;
#7706 =( LENGTH_UNIT ( ) NAMED_UNIT ( * ) SI_UNIT ( .MILLI., .METRE. ) );
#7707 =( NAMED_UNIT ( * ) SI_UNIT ( $, .STERADIAN. ) SOLID_ANGLE_UNIT ( ) );
#7708 = ORIENTED_EDGE ( 'NONE', *, *, #9453, .T. ) ;
#7709 = EDGE_LOOP ( 'NONE', ( #6510, #562, #82, #4962 ) ) ;
#7711 = EDGE_LOOP ( 'NONE', ( #5169, #2566, #1659, #9138 ) ) ;
#7710 =( LENGTH_UNIT ( ) NAMED_UNIT ( * ) SI_UNIT ( .MILLI., .METRE. ) );
#7713 = ORIENTED_EDGE ( 'NONE', *, *, #6397, .F. ) ;
#7712 = DIRECTION ( 'NONE',  ( -1.000000000000000000, 0.0000000000000000000, 0.0000000000000000000 ) ) ;
#7714 = VECTOR ( 'NONE', #1059, 1000.000000000000000 ) ;
#7715 = CARTESIAN_POINT ( 'NONE',  ( -2.089994843856859869E-15, 7.530000000000000249, -0.1000000000000010048 ) ) ;
#7716 = MECHANICAL_DESIGN_GEOMETRIC_PRESENTATION_REPRESENTATION (  '', ( #5685 ), #5862 ) ;
#7717 = ORIENTED_EDGE ( 'NONE', *, *, #8832, .T. ) ;
#7718 = CARTESIAN_POINT ( 'NONE',  ( 8.992041758007834673, 7.139630601682522837, 6.950000000000000178 ) ) ;
#7719 = FILL_AREA_STYLE_COLOUR ( '', #7198 ) ;
#7720 = PLANE ( 'NONE',  #5941 ) ;
#7721 = VERTEX_POINT ( 'NONE', #2814 ) ;
#7722 =( NAMED_UNIT ( * ) PLANE_ANGLE_UNIT ( ) SI_UNIT ( $, .RADIAN. ) );
#7723 =( GEOMETRIC_REPRESENTATION_CONTEXT ( 3 ) GLOBAL_UNCERTAINTY_ASSIGNED_CONTEXT ( ( #330 ) ) GLOBAL_UNIT_ASSIGNED_CONTEXT ( ( #1069, #2190, #1310 ) ) REPRESENTATION_CONTEXT ( 'NONE', 'WORKASPACE' ) );
#7724 = VECTOR ( 'NONE', #3273, 1000.000000000000000 ) ;
#7725 =( NAMED_UNIT ( * ) SI_UNIT ( $, .STERADIAN. ) SOLID_ANGLE_UNIT ( ) );
#7726 = LINE ( 'NONE', #11285, #10109 ) ;
#7727 =( GEOMETRIC_REPRESENTATION_CONTEXT ( 3 ) GLOBAL_UNCERTAINTY_ASSIGNED_CONTEXT ( ( #621 ) ) GLOBAL_UNIT_ASSIGNED_CONTEXT ( ( #4541, #6438, #2069 ) ) REPRESENTATION_CONTEXT ( 'NONE', 'WORKASPACE' ) );
#7728 = VECTOR ( 'NONE', #11238, 1000.000000000000000 ) ;
#7729 =( NAMED_UNIT ( * ) SI_UNIT ( $, .STERADIAN. ) SOLID_ANGLE_UNIT ( ) );
#7730 = ADVANCED_FACE ( 'NONE', ( #10702 ), #1846, .T. ) ;
#7731 = CARTESIAN_POINT ( 'NONE',  ( -4.145989107584569745E-15, 16.00000000000000000, 0.0000000000000000000 ) ) ;
#7732 = ORIENTED_EDGE ( 'NONE', *, *, #17, .F. ) ;
#7733 = SURFACE_STYLE_FILL_AREA ( #586 ) ;
#7734 = FILL_AREA_STYLE ('',( #1612 ) ) ;
#7735 = CARTESIAN_POINT ( 'NONE',  ( 15.45571891388308572, 15.35000000000000142, 1.000000000000000000 ) ) ;
#7736 = LINE ( 'NONE', #10527, #1500 ) ;
#7737 = LINE ( 'NONE', #3304, #7714 ) ;
#7738 = EDGE_CURVE ( 'NONE', #3589, #6139, #4770, .T. ) ;
#7739 = CARTESIAN_POINT ( 'NONE',  ( 15.52500000000000036, 0.4749999999999989786, 0.9000000000000001332 ) ) ;
#7740 = PRESENTATION_STYLE_ASSIGNMENT (( #1253 ) ) ;
#7741 = SURFACE_STYLE_FILL_AREA ( #9223 ) ;
#7742 = ADVANCED_FACE ( 'NONE', ( #3872 ), #2127, .T. ) ;
#7743 = LINE ( 'NONE', #2500, #703 ) ;
#7744 = CARTESIAN_POINT ( 'NONE',  ( 15.52500000000000213, 2.649999999999990585, 0.9000000000000001332 ) ) ;
#7745 = EDGE_CURVE ( 'NONE', #551, #9990, #11152, .T. ) ;
#7746 = ORIENTED_EDGE ( 'NONE', *, *, #6391, .F. ) ;
#7747 = CARTESIAN_POINT ( 'NONE',  ( 15.48912265570456093, 0.9746219925608572421, 2.032250331571849866 ) ) ;
#7748 = UNCERTAINTY_MEASURE_WITH_UNIT (LENGTH_MEASURE( 1.000000000000000082E-05 ), #8865, 'distance_accuracy_value', 'NONE');
#7749 = ORIENTED_EDGE ( 'NONE', *, *, #8617, .F. ) ;
#7750 = ADVANCED_FACE ( 'NONE', ( #8437, #7542 ), #6617, .T. ) ;
#7751 = PRESENTATION_STYLE_ASSIGNMENT (( #5024 ) ) ;
#7752 = CARTESIAN_POINT ( 'NONE',  ( 17.00249543915872152, -1.073205080756894025, 6.393914722355050984 ) ) ;
#7753 = ADVANCED_FACE ( 'NONE', ( #6660 ), #1992, .T. ) ;
#7755 = ORIENTED_EDGE ( 'NONE', *, *, #5059, .T. ) ;
#7754 = DIRECTION ( 'NONE',  ( -0.0000000000000000000, -1.000000000000000000, -0.0000000000000000000 ) ) ;
#7756 = LINE ( 'NONE', #9580, #3642 ) ;
#7758 = VERTEX_POINT ( 'NONE', #2477 ) ;
#7757 = SURFACE_SIDE_STYLE ('',( #5951 ) ) ;
#7759 = EDGE_CURVE ( 'NONE', #1448, #10095, #8336, .T. ) ;
#7760 = CARTESIAN_POINT ( 'NONE',  ( 0.4750000000000014766, 5.189999999999989733, 1.000000000000000000 ) ) ;
#7761 = PLANE ( 'NONE',  #3888 ) ;
#7762 = DIRECTION ( 'NONE',  ( -0.0000000000000000000, 1.000000000000000000, 0.0000000000000000000 ) ) ;
#7763 = DIRECTION ( 'NONE',  ( -1.000000000000000000, -2.710505431213766015E-16, 0.0000000000000000000 ) ) ;
#7764 = UNCERTAINTY_MEASURE_WITH_UNIT (LENGTH_MEASURE( 1.000000000000000082E-05 ), #11295, 'distance_accuracy_value', 'NONE');
#7765 = ORIENTED_EDGE ( 'NONE', *, *, #1630, .F. ) ;
#7766 = SURFACE_STYLE_USAGE ( .BOTH. , #4168 ) ;
#7767 = ORIENTED_EDGE ( 'NONE', *, *, #1694, .T. ) ;
#7769 = ORIENTED_EDGE ( 'NONE', *, *, #10314, .T. ) ;
#7768 = SURFACE_SIDE_STYLE ('',( #8727 ) ) ;
#7770 = AXIS2_PLACEMENT_3D ( 'NONE', #4785, #4833, #10060 ) ;
#7772 = ORIENTED_EDGE ( 'NONE', *, *, #2617, .F. ) ;
#7771 =( NAMED_UNIT ( * ) PLANE_ANGLE_UNIT ( ) SI_UNIT ( $, .RADIAN. ) );
#7773 = CARTESIAN_POINT ( 'NONE',  ( 17.08414390038071673, -0.9099081583128934003, 6.475563183577042636 ) ) ;
#7774 = ORIENTED_EDGE ( 'NONE', *, *, #3329, .F. ) ;
#7775 =( NAMED_UNIT ( * ) PLANE_ANGLE_UNIT ( ) SI_UNIT ( $, .RADIAN. ) );
#7776 = SURFACE_STYLE_FILL_AREA ( #2354 ) ;
#7777 = CARTESIAN_POINT ( 'NONE',  ( -0.1000000000000010048, 1.849999999999990097, 0.4500000000000000666 ) ) ;
#7778 = ORIENTED_EDGE ( 'NONE', *, *, #11142, .F. ) ;
#7779 = UNCERTAINTY_MEASURE_WITH_UNIT (LENGTH_MEASURE( 1.000000000000000082E-05 ), #1547, 'distance_accuracy_value', 'NONE');
#7780 = DIRECTION ( 'NONE',  ( 2.220446049250309925E-15, -1.000000000000000000, 0.0000000000000000000 ) ) ;
#7781 = DIRECTION ( 'NONE',  ( 0.9416631776646585683, 0.2904000993404057818, 0.1701124396791140192 ) ) ;
#7782 = EDGE_LOOP ( 'NONE', ( #11446, #5973, #7076, #4408 ) ) ;
#7783 = PLANE ( 'NONE',  #4117 ) ;
#7784 = DIRECTION ( 'NONE',  ( 0.0000000000000000000, 0.0000000000000000000, 1.000000000000000000 ) ) ;
#7785 = FILL_AREA_STYLE_COLOUR ( '', #8469 ) ;
#7786 = AXIS2_PLACEMENT_3D ( 'NONE', #784, #11245, #6171 ) ;
#7787 = LINE ( 'NONE', #4192, #3878 ) ;
#7788 = ORIENTED_EDGE ( 'NONE', *, *, #8045, .F. ) ;
#7789 = CARTESIAN_POINT ( 'NONE',  ( 8.900000000000000355, 0.2500000000000000000, -0.03500000000000000333 ) ) ;
#7790 = CARTESIAN_POINT ( 'NONE',  ( 0.7499999999999981126, 7.230000000000000426, -0.1000000000000000056 ) ) ;
#7791 = LINE ( 'NONE', #11348, #6366 ) ;
#7792 = DIRECTION ( 'NONE',  ( 0.5773502691896241767, 0.5773502691896285066, 0.5773502691896247319 ) ) ;
#7793 = SURFACE_SIDE_STYLE ('',( #10475 ) ) ;
#7794 = VECTOR ( 'NONE', #9145, 1000.000000000000000 ) ;
#7795 = STYLED_ITEM ( 'NONE', ( #4886 ), #3413 ) ;
#7796 = LINE ( 'NONE', #5194, #9499 ) ;
#7797 = CYLINDRICAL_SURFACE ( 'NONE', #5499, 0.2500000000000002220 ) ;
#7798 = SURFACE_STYLE_FILL_AREA ( #5144 ) ;
#7799 = DIRECTION ( 'NONE',  ( 0.0000000000000000000, 0.0000000000000000000, 1.000000000000000000 ) ) ;
#7800 = ORIENTED_EDGE ( 'NONE', *, *, #9464, .T. ) ;
#7801 =( GEOMETRIC_REPRESENTATION_CONTEXT ( 3 ) GLOBAL_UNCERTAINTY_ASSIGNED_CONTEXT ( ( #3088 ) ) GLOBAL_UNIT_ASSIGNED_CONTEXT ( ( #741, #10495, #3568 ) ) REPRESENTATION_CONTEXT ( 'NONE', 'WORKASPACE' ) );
#7802 = PRESENTATION_LAYER_ASSIGNMENT (  '', '', ( #9679 ) ) ;
#7803 = CARTESIAN_POINT ( 'NONE',  ( 16.00000000000000000, 0.0000000000000000000, 0.0000000000000000000 ) ) ;
#7804 = CARTESIAN_POINT ( 'NONE',  ( 0.4499999999999990119, 0.4499999999999900191, 6.450000000000000178 ) ) ;
#7805 = EDGE_CURVE ( 'NONE', #246, #1243, #10343, .T. ) ;
#7806 = COLOUR_RGB ( '',1.000000000000000000, 1.000000000000000000, 1.000000000000000000 ) ;
#7807 = DIRECTION ( 'NONE',  ( -0.0000000000000000000, -0.0000000000000000000, -1.000000000000000000 ) ) ;
#7808 = CARTESIAN_POINT ( 'NONE',  ( -0.1000000000000040440, 15.15000000000000213, 1.000000000000000000 ) ) ;
#7810 = ORIENTED_EDGE ( 'NONE', *, *, #10100, .T. ) ;
#7809 = CARTESIAN_POINT ( 'NONE',  ( 9.650000000000000355, 0.5000000000000000000, 0.0000000000000000000 ) ) ;
#7811 = DIRECTION ( 'NONE',  ( 2.775557561562889872E-16, 1.000000000000000000, 0.0000000000000000000 ) ) ;
#7812 = STYLED_ITEM ( 'NONE', ( #11199 ), #8987 ) ;
#7814 = VERTEX_POINT ( 'NONE', #1482 ) ;
#7813 = CARTESIAN_POINT ( 'NONE',  ( 16.10000000000000142, 9.470000000000000639, 0.4499999999999990119 ) ) ;
#7815 = MECHANICAL_DESIGN_GEOMETRIC_PRESENTATION_REPRESENTATION (  '', ( #1281 ), #110 ) ;
#7816 = AXIS2_PLACEMENT_3D ( 'NONE', #655, #2320, #3308 ) ;
#7817 = DIRECTION ( 'NONE',  ( 1.000000000000000000, 0.0000000000000000000, 0.0000000000000000000 ) ) ;
#7818 = FACE_OUTER_BOUND ( 'NONE', #7145, .T. ) ;
#7819 = AXIS2_PLACEMENT_3D ( 'NONE', #6484, #9131, #1108 ) ;
#7820 = ADVANCED_FACE ( 'NONE', ( #6959 ), #2538, .T. ) ;
#7821 = EDGE_CURVE ( 'NONE', #3046, #5022, #11333, .T. ) ;
#7822 = DIRECTION ( 'NONE',  ( 0.0000000000000000000, -1.000000000000000000, -0.0000000000000000000 ) ) ;
#7823 = CARTESIAN_POINT ( 'NONE',  ( 8.900000000000000355, 0.5000000000000000000, 0.0000000000000000000 ) ) ;
#7824 = EDGE_CURVE ( 'NONE', #5437, #8893, #5163, .T. ) ;
#7825 = MECHANICAL_DESIGN_GEOMETRIC_PRESENTATION_REPRESENTATION (  '', ( #5423 ), #11169 ) ;
#7826 = DIRECTION ( 'NONE',  ( -0.0000000000000000000, -0.0000000000000000000, -1.000000000000000000 ) ) ;
#7827 = EDGE_LOOP ( 'NONE', ( #9705, #4036, #2868, #2304 ) ) ;
#7828 = ORIENTED_EDGE ( 'NONE', *, *, #6179, .T. ) ;
#7829 = STYLED_ITEM ( 'NONE', ( #6442 ), #2328 ) ;
#7830 = PRESENTATION_LAYER_ASSIGNMENT (  '', '', ( #11174 ) ) ;
#7831 = EDGE_CURVE ( 'NONE', #241, #10916, #10262, .T. ) ;
#7832 = ORIENTED_EDGE ( 'NONE', *, *, #1466, .T. ) ;
#7833 = ORIENTED_EDGE ( 'NONE', *, *, #3389, .T. ) ;
#7834 = DIRECTION ( 'NONE',  ( 0.0000000000000000000, -0.0000000000000000000, -1.000000000000000000 ) ) ;
#7835 = SURFACE_SIDE_STYLE ('',( #10386 ) ) ;
#7836 = VECTOR ( 'NONE', #7265, 1000.000000000000000 ) ;
#7837 = ORIENTED_EDGE ( 'NONE', *, *, #4640, .F. ) ;
#7838 =( GEOMETRIC_REPRESENTATION_CONTEXT ( 3 ) GLOBAL_UNCERTAINTY_ASSIGNED_CONTEXT ( ( #3582 ) ) GLOBAL_UNIT_ASSIGNED_CONTEXT ( ( #10630, #4468, #2860 ) ) REPRESENTATION_CONTEXT ( 'NONE', 'WORKASPACE' ) );
#7839 = DIRECTION ( 'NONE',  ( -2.220446049250309925E-15, -1.000000000000000000, 0.0000000000000000000 ) ) ;
#7840 = CARTESIAN_POINT ( 'NONE',  ( 8.000000000000000000, 11.81000000000000050, 0.0000000000000000000 ) ) ;
#7841 = ORIENTED_EDGE ( 'NONE', *, *, #9343, .F. ) ;
#7842 = DIRECTION ( 'NONE',  ( -1.000000000000000000, -0.0000000000000000000, 0.0000000000000000000 ) ) ;
#7843 = SURFACE_STYLE_USAGE ( .BOTH. , #8903 ) ;
#7844 = VERTEX_POINT ( 'NONE', #5959 ) ;
#7845 = DIRECTION ( 'NONE',  ( -1.000000000000000000, 0.0000000000000000000, 0.0000000000000000000 ) ) ;
#7846 = DIRECTION ( 'NONE',  ( 1.000000000000000000, 0.0000000000000000000, -0.0000000000000000000 ) ) ;
#7847 = UNCERTAINTY_MEASURE_WITH_UNIT (LENGTH_MEASURE( 1.000000000000000082E-05 ), #10933, 'distance_accuracy_value', 'NONE');
#7848 = DIRECTION ( 'NONE',  ( 1.000000000000000000, 0.0000000000000000000, -0.0000000000000000000 ) ) ;
#7849 = SURFACE_SIDE_STYLE ('',( #1550 ) ) ;
#7850 = SURFACE_STYLE_USAGE ( .BOTH. , #1551 ) ;
#7851 = ORIENTED_EDGE ( 'NONE', *, *, #5902, .F. ) ;
#7852 = PRESENTATION_STYLE_ASSIGNMENT (( #6848 ) ) ;
#7853 = CARTESIAN_POINT ( 'NONE',  ( -1.199999999999999734, 15.87573593128810145, 2.299999999999999822 ) ) ;
#7854 =( LENGTH_UNIT ( ) NAMED_UNIT ( * ) SI_UNIT ( .MILLI., .METRE. ) );
#7855 =( LENGTH_UNIT ( ) NAMED_UNIT ( * ) SI_UNIT ( .MILLI., .METRE. ) );
#7856 = DIRECTION ( 'NONE',  ( -0.0000000000000000000, -0.0000000000000000000, -1.000000000000000000 ) ) ;
#7857 = DIRECTION ( 'NONE',  ( -1.000000000000000000, 0.0000000000000000000, 0.0000000000000000000 ) ) ;
#7858 = CARTESIAN_POINT ( 'NONE',  ( 9.840618351141152687, 7.205106036167622463, 6.499999999999998224 ) ) ;
#7859 = DIRECTION ( 'NONE',  ( 0.0000000000000000000, 1.000000000000000000, -0.0000000000000000000 ) ) ;
#7860 = CARTESIAN_POINT ( 'NONE',  ( 9.020562075079479475E-17, 2.149999999999990141, -21.65413869472860142 ) ) ;
#7861 = CIRCLE ( 'NONE', #5081, 0.3999999999999999667 ) ;
#7862 = PLANE ( 'NONE',  #7220 ) ;
#7863 = EDGE_LOOP ( 'NONE', ( #488, #920, #10442 ) ) ;
#7864 =( NAMED_UNIT ( * ) SI_UNIT ( $, .STERADIAN. ) SOLID_ANGLE_UNIT ( ) );
#7865 = PRESENTATION_STYLE_ASSIGNMENT (( #10538 ) ) ;
#7866 = FACE_OUTER_BOUND ( 'NONE', #3430, .T. ) ;
#7867 = AXIS2_PLACEMENT_3D ( 'NONE', #11301, #478, #5017 ) ;
#7868 = UNCERTAINTY_MEASURE_WITH_UNIT (LENGTH_MEASURE( 1.000000000000000082E-05 ), #3929, 'distance_accuracy_value', 'NONE');
#7869 = VERTEX_POINT ( 'NONE', #3551 ) ;
#7870 = AXIS2_PLACEMENT_3D ( 'NONE', #9308, #2235, #10273 ) ;
#7871 = VECTOR ( 'NONE', #10205, 1000.000000000000000 ) ;
#7872 =( GEOMETRIC_REPRESENTATION_CONTEXT ( 3 ) GLOBAL_UNCERTAINTY_ASSIGNED_CONTEXT ( ( #4852 ) ) GLOBAL_UNIT_ASSIGNED_CONTEXT ( ( #1211, #3912, #7456 ) ) REPRESENTATION_CONTEXT ( 'NONE', 'WORKASPACE' ) );
#7873 = DIRECTION ( 'NONE',  ( -1.000000000000000000, 0.0000000000000000000, 0.0000000000000000000 ) ) ;
#7874 = PLANE ( 'NONE',  #1705 ) ;
#7876 = VERTEX_POINT ( 'NONE', #9531 ) ;
#7875 = DIRECTION ( 'NONE',  ( -1.659300716151730101E-16, 1.000000000000000000, -0.0000000000000000000 ) ) ;
#7877 = ORIENTED_EDGE ( 'NONE', *, *, #9390, .F. ) ;
#7878 = MECHANICAL_DESIGN_GEOMETRIC_PRESENTATION_REPRESENTATION (  '', ( #764 ), #5 ) ;
#7879 = PRESENTATION_LAYER_ASSIGNMENT (  '', '', ( #6376 ) ) ;
#7880 = PRESENTATION_STYLE_ASSIGNMENT (( #11548 ) ) ;
#7881 = DIRECTION ( 'NONE',  ( -2.775557561562889872E-16, 1.000000000000000000, -0.0000000000000000000 ) ) ;
#7882 = AXIS2_PLACEMENT_3D ( 'NONE', #7371, #3777, #10712 ) ;
#7883 = ADVANCED_FACE ( 'NONE', ( #4163 ), #4221, .T. ) ;
#7884 = SURFACE_SIDE_STYLE ('',( #4334 ) ) ;
#7885 = VERTEX_POINT ( 'NONE', #1402 ) ;
#7886 = VECTOR ( 'NONE', #3295, 1000.000000000000000 ) ;
#7887 = UNCERTAINTY_MEASURE_WITH_UNIT (LENGTH_MEASURE( 1.000000000000000082E-05 ), #8174, 'distance_accuracy_value', 'NONE');
#7888 = ORIENTED_EDGE ( 'NONE', *, *, #2301, .F. ) ;
#7889 = AXIS2_PLACEMENT_3D ( 'NONE', #7261, #1925, #1806 ) ;
#7891 = ORIENTED_EDGE ( 'NONE', *, *, #7453, .F. ) ;
#7890 = FILL_AREA_STYLE ('',( #10444 ) ) ;
#7892 = EDGE_CURVE ( 'NONE', #2633, #6633, #4979, .T. ) ;
#7893 = EDGE_LOOP ( 'NONE', ( #11514, #10717, #3022, #4283 ) ) ;
#7894 = PRESENTATION_LAYER_ASSIGNMENT (  '', '', ( #3798 ) ) ;
#7895 = ORIENTED_EDGE ( 'NONE', *, *, #7738, .F. ) ;
#7896 = EDGE_CURVE ( 'NONE', #9125, #4992, #6766, .T. ) ;
#7897 = DIRECTION ( 'NONE',  ( -1.000000000000000000, 0.0000000000000000000, -0.0000000000000000000 ) ) ;
#7898 = ORIENTED_EDGE ( 'NONE', *, *, #7824, .F. ) ;
#7899 = CARTESIAN_POINT ( 'NONE',  ( 14.50000000000000000, 10.26999999999999957, -0.1000000000000009076 ) ) ;
#7900 = PRESENTATION_LAYER_ASSIGNMENT (  '', '', ( #1174 ) ) ;
#7901 = DIRECTION ( 'NONE',  ( -0.0000000000000000000, -0.0000000000000000000, -1.000000000000000000 ) ) ;
#7902 = STYLED_ITEM ( 'NONE', ( #11269 ), #6188 ) ;
#7903 = EDGE_CURVE ( 'NONE', #682, #3659, #4927, .T. ) ;
#7904 = COLOUR_RGB ( '',0.8196078431372548767, 0.7058823529411764053, 0.5254901960784313930 ) ;
#7905 = VERTEX_POINT ( 'NONE', #3147 ) ;
#7906 =( NAMED_UNIT ( * ) PLANE_ANGLE_UNIT ( ) SI_UNIT ( $, .RADIAN. ) );
#7907 = CARTESIAN_POINT ( 'NONE',  ( 8.000000000000000000, 12.81000000000000050, 0.0000000000000000000 ) ) ;
#7908 = FILL_AREA_STYLE_COLOUR ( '', #8379 ) ;
#7909 = CARTESIAN_POINT ( 'NONE',  ( 17.19999999999999929, -1.200000000000009948, 6.150000000000000355 ) ) ;
#7910 = DIRECTION ( 'NONE',  ( 1.000000000000000000, 0.0000000000000000000, 0.0000000000000000000 ) ) ;
#7911 = EDGE_CURVE ( 'NONE', #1750, #4994, #11318, .T. ) ;
#7912 = VECTOR ( 'NONE', #11122, 1000.000000000000000 ) ;
#7913 = ORIENTED_EDGE ( 'NONE', *, *, #2748, .T. ) ;
#7914 = VECTOR ( 'NONE', #1897, 1000.000000000000000 ) ;
#7915 = CARTESIAN_POINT ( 'NONE',  ( 8.000000000000000000, 8.000000000000000000, 0.9000000000000001332 ) ) ;
#7916 = PRESENTATION_STYLE_ASSIGNMENT (( #4368 ) ) ;
#7917 =( NAMED_UNIT ( * ) SI_UNIT ( $, .STERADIAN. ) SOLID_ANGLE_UNIT ( ) );
#7918 = AXIS2_PLACEMENT_3D ( 'NONE', #2999, #11044, #9955 ) ;
#7919 = SURFACE_STYLE_FILL_AREA ( #9892 ) ;
#7920 =( GEOMETRIC_REPRESENTATION_CONTEXT ( 3 ) GLOBAL_UNCERTAINTY_ASSIGNED_CONTEXT ( ( #381 ) ) GLOBAL_UNIT_ASSIGNED_CONTEXT ( ( #4308, #3418, #4427 ) ) REPRESENTATION_CONTEXT ( 'NONE', 'WORKASPACE' ) );
#7921 = CARTESIAN_POINT ( 'NONE',  ( 9.715570415008853544, 7.919259136347297279, 6.500000000000001776 ) ) ;
#7922 = CARTESIAN_POINT ( 'NONE',  ( 7.391234282501078390, 7.046181099417700544, 6.499999999999998224 ) ) ;
#7923 =( GEOMETRIC_REPRESENTATION_CONTEXT ( 3 ) GLOBAL_UNCERTAINTY_ASSIGNED_CONTEXT ( ( #2744 ) ) GLOBAL_UNIT_ASSIGNED_CONTEXT ( ( #6286, #11487, #7041 ) ) REPRESENTATION_CONTEXT ( 'NONE', 'WORKASPACE' ) );
#7924 = CARTESIAN_POINT ( 'NONE',  ( 15.25000000000000000, 9.470000000000000639, -0.1000000000000000056 ) ) ;
#7925 = SURFACE_STYLE_FILL_AREA ( #5260 ) ;
#7926 = ORIENTED_EDGE ( 'NONE', *, *, #10671, .F. ) ;
#7927 = DIRECTION ( 'NONE',  ( -0.0000000000000000000, -0.0000000000000000000, -1.000000000000000000 ) ) ;
#7928 = SURFACE_STYLE_FILL_AREA ( #3491 ) ;
#7929 = ORIENTED_EDGE ( 'NONE', *, *, #7372, .F. ) ;
#7930 = LINE ( 'NONE', #11483, #3492 ) ;
#7931 = PLANE ( 'NONE',  #3567 ) ;
#7932 = ORIENTED_EDGE ( 'NONE', *, *, #2038, .T. ) ;
#7933 = DIRECTION ( 'NONE',  ( 0.0000000000000000000, 0.0000000000000000000, 1.000000000000000000 ) ) ;
#7934 = PRESENTATION_STYLE_ASSIGNMENT (( #1515 ) ) ;
#7935 = CARTESIAN_POINT ( 'NONE',  ( 15.45571891388308572, 15.35000000000000142, 0.9000000000000001332 ) ) ;
#7936 = FILL_AREA_STYLE_COLOUR ( '', #6348 ) ;
#7937 = FACE_OUTER_BOUND ( 'NONE', #5915, .T. ) ;
#7938 = PLANE ( 'NONE',  #1872 ) ;
#7939 =( NAMED_UNIT ( * ) SI_UNIT ( $, .STERADIAN. ) SOLID_ANGLE_UNIT ( ) );
#7940 = ORIENTED_EDGE ( 'NONE', *, *, #5975, .F. ) ;
#7941 = DIRECTION ( 'NONE',  ( -0.0000000000000000000, -0.0000000000000000000, -1.000000000000000000 ) ) ;
#7943 = ORIENTED_EDGE ( 'NONE', *, *, #11250, .F. ) ;
#7942 =( NAMED_UNIT ( * ) PLANE_ANGLE_UNIT ( ) SI_UNIT ( $, .RADIAN. ) );
#7945 = VERTEX_POINT ( 'NONE', #10437 ) ;
#7944 = DIRECTION ( 'NONE',  ( 0.0000000000000000000, -0.0000000000000000000, -1.000000000000000000 ) ) ;
#7946 = SURFACE_STYLE_USAGE ( .BOTH. , #10385 ) ;
#7947 =( BOUNDED_SURFACE ( )  B_SPLINE_SURFACE ( 3, 3, ( 
 ( #207, #7349, #10905, #2284 ),
 ( #5907, #10441, #6881, #8531 ),
 ( #2343, #1643, #557, #4166 ),
 ( #3333, #3279, #2462, #9467 ) ),
 .UNSPECIFIED., .F., .F., .F. ) 
 B_SPLINE_SURFACE_WITH_KNOTS ( ( 4, 4 ),
 ( 4, 4 ),
 ( 0.0000000000000000000, 1.000000000000000000 ),
 ( 0.0000000000000000000, 1.000000000000000000 ),
 .UNSPECIFIED. ) 
 GEOMETRIC_REPRESENTATION_ITEM ( )  RATIONAL_B_SPLINE_SURFACE ( (
 ( 1.000000000000000000, 0.3333333333333326487, 0.3333333333333326487, 1.000000000000000000),
 ( 0.9245018060306380292, 0.3081672686768787139, 0.3081672686768787139, 0.9245018060306380292),
 ( 0.9245018060306380292, 0.3081672686768787139, 0.3081672686768787139, 0.9245018060306380292),
 ( 1.000000000000000000, 0.3333333333333326487, 0.3333333333333326487, 1.000000000000000000) ) ) 
 REPRESENTATION_ITEM ( '' )  SURFACE ( )  );
#7948 = SURFACE_STYLE_FILL_AREA ( #630 ) ;
#7949 = COLOUR_RGB ( '',0.8196078431372548767, 0.7058823529411764053, 0.5254901960784313930 ) ;
#7950 = DIRECTION ( 'NONE',  ( 0.0000000000000000000, -2.523234146875350081E-16, -1.000000000000000000 ) ) ;
#7951 = CARTESIAN_POINT ( 'NONE',  ( 0.4750000000000026423, 2.649999999999989253, 0.9000000000000001332 ) ) ;
#7952 = ORIENTED_EDGE ( 'NONE', *, *, #9276, .T. ) ;
#7953 = CARTESIAN_POINT ( 'NONE',  ( 1.500000000000000000, 14.34999999999999964, -0.1000000000000002415 ) ) ;
#7954 = AXIS2_PLACEMENT_3D ( 'NONE', #9913, #8243, #10893 ) ;
#7955 = LINE ( 'NONE', #5060, #9054 ) ;
#7956 = EDGE_CURVE ( 'NONE', #7053, #5437, #2460, .T. ) ;
#7957 = FILL_AREA_STYLE_COLOUR ( '', #8428 ) ;
#7958 = EDGE_CURVE ( 'NONE', #10201, #5699, #2340, .T. ) ;
#7959 = VERTEX_POINT ( 'NONE', #7577 ) ;
#7960 = SURFACE_SIDE_STYLE ('',( #829 ) ) ;
#7961 = UNCERTAINTY_MEASURE_WITH_UNIT (LENGTH_MEASURE( 1.000000000000000082E-05 ), #8927, 'distance_accuracy_value', 'NONE');
#7962 = STYLED_ITEM ( 'NONE', ( #292 ), #6797 ) ;
#7963 = CARTESIAN_POINT ( 'NONE',  ( -1.034164078649987717, -1.168328157299983738, 6.150000000000000355 ) ) ;
#7964 =( LENGTH_UNIT ( ) NAMED_UNIT ( * ) SI_UNIT ( .MILLI., .METRE. ) );
#7965 = VERTEX_POINT ( 'NONE', #11134 ) ;
#7966 = ADVANCED_FACE ( 'NONE', ( #5844 ), #8529, .T. ) ;
#7967 = PRESENTATION_STYLE_ASSIGNMENT (( #7016 ) ) ;
#7968 = EDGE_CURVE ( 'NONE', #9978, #4584, #2161, .T. ) ;
#7969 = MECHANICAL_DESIGN_GEOMETRIC_PRESENTATION_REPRESENTATION (  '', ( #7203 ), #3310 ) ;
#7970 =( NAMED_UNIT ( * ) SI_UNIT ( $, .STERADIAN. ) SOLID_ANGLE_UNIT ( ) );
#7971 = EDGE_CURVE ( 'NONE', #7959, #2225, #3921, .T. ) ;
#7972 = PLANE ( 'NONE',  #10842 ) ;
#7973 =( GEOMETRIC_REPRESENTATION_CONTEXT ( 3 ) GLOBAL_UNCERTAINTY_ASSIGNED_CONTEXT ( ( #1589 ) ) GLOBAL_UNIT_ASSIGNED_CONTEXT ( ( #991, #5471, #2001 ) ) REPRESENTATION_CONTEXT ( 'NONE', 'WORKASPACE' ) );
#7974 = FILL_AREA_STYLE_COLOUR ( '', #6161 ) ;
#7975 = EDGE_CURVE ( 'NONE', #6021, #1170, #8758, .T. ) ;
#7976 = PLANE ( 'NONE',  #2216 ) ;
#7977 = DIRECTION ( 'NONE',  ( -0.5773502691896247319, -0.5773502691896266192, 0.5773502691896260641 ) ) ;
#7978 = DIRECTION ( 'NONE',  ( -1.000000000000000000, -0.0000000000000000000, 0.0000000000000000000 ) ) ;
#7979 = CARTESIAN_POINT ( 'NONE',  ( -3.712308238590370337E-15, 14.84999999999999964, 1.000000000000000888 ) ) ;
#7980 = VECTOR ( 'NONE', #6459, 1000.000000000000000 ) ;
#7981 = VERTEX_POINT ( 'NONE', #1275 ) ;
#7982 = SURFACE_STYLE_USAGE ( .BOTH. , #7086 ) ;
#7983 = DIRECTION ( 'NONE',  ( -2.775557561562889872E-16, 1.000000000000000000, 0.0000000000000000000 ) ) ;
#7984 = DIRECTION ( 'NONE',  ( -2.775557561562889872E-16, 1.000000000000000000, -0.0000000000000000000 ) ) ;
#7985 = COLOUR_RGB ( '',0.8196078431372548767, 0.7058823529411764053, 0.5254901960784313930 ) ;
#7986 = VERTEX_POINT ( 'NONE', #1452 ) ;
#7987 = VECTOR ( 'NONE', #7605, 1000.000000000000000 ) ;
#7988 =( LENGTH_UNIT ( ) NAMED_UNIT ( * ) SI_UNIT ( .MILLI., .METRE. ) );
#7989 = STYLED_ITEM ( 'NONE', ( #9709 ), #3751 ) ;
#7991 = ORIENTED_EDGE ( 'NONE', *, *, #8483, .F. ) ;
#7990 = CARTESIAN_POINT ( 'NONE',  ( 1.500000000000000000, 0.3999999999999899747, 1.000000000000000000 ) ) ;
#7992 = CARTESIAN_POINT ( 'NONE',  ( 15.52499999999999858, 11.81000000000000050, 0.9000000000000001332 ) ) ;
#7993 = CARTESIAN_POINT ( 'NONE',  ( 8.489999999999998437, 0.5000000000000000000, -0.03500000000000000333 ) ) ;
#7994 = LINE ( 'NONE', #1762, #7836 ) ;
#7995 = COLOUR_RGB ( '',0.1803921568627450955, 0.4627450980392157076, 0.2823529411764705843 ) ;
#7996 = CARTESIAN_POINT ( 'NONE',  ( 15.52499999999999858, 15.12500000000000000, 1.000000000000000000 ) ) ;
#7997 = CARTESIAN_POINT ( 'NONE',  ( 16.10000000000000142, 14.55000000000000071, 0.4499999999999990119 ) ) ;
#7998 =( LENGTH_UNIT ( ) NAMED_UNIT ( * ) SI_UNIT ( .MILLI., .METRE. ) );
#7999 = VECTOR ( 'NONE', #2242, 1000.000000000000000 ) ;
#8000 = DIRECTION ( 'NONE',  ( 1.000000000000000000, 0.0000000000000000000, 0.0000000000000000000 ) ) ;
#8001 =( GEOMETRIC_REPRESENTATION_CONTEXT ( 3 ) GLOBAL_UNCERTAINTY_ASSIGNED_CONTEXT ( ( #2402 ) ) GLOBAL_UNIT_ASSIGNED_CONTEXT ( ( #5596, #1007, #7189 ) ) REPRESENTATION_CONTEXT ( 'NONE', 'WORKASPACE' ) );
#8002 = DIRECTION ( 'NONE',  ( -1.000000000000000000, -0.0000000000000000000, 0.0000000000000000000 ) ) ;
#8003 = DIRECTION ( 'NONE',  ( 1.000000000000000000, 0.0000000000000000000, 0.0000000000000000000 ) ) ;
#8004 = VERTEX_POINT ( 'NONE', #5901 ) ;
#8005 = DIRECTION ( 'NONE',  ( -1.000000000000000000, -3.700743415417190112E-16, 0.0000000000000000000 ) ) ;
#8006 =( GEOMETRIC_REPRESENTATION_CONTEXT ( 3 ) GLOBAL_UNCERTAINTY_ASSIGNED_CONTEXT ( ( #1345 ) ) GLOBAL_UNIT_ASSIGNED_CONTEXT ( ( #2954, #7625, #7563 ) ) REPRESENTATION_CONTEXT ( 'NONE', 'WORKASPACE' ) );
#8007 = UNCERTAINTY_MEASURE_WITH_UNIT (LENGTH_MEASURE( 1.000000000000000082E-05 ), #856, 'distance_accuracy_value', 'NONE');
#8008 =( LENGTH_UNIT ( ) NAMED_UNIT ( * ) SI_UNIT ( .MILLI., .METRE. ) );
#8009 = AXIS2_PLACEMENT_3D ( 'NONE', #6721, #5857, #8678 ) ;
#8011 = ORIENTED_EDGE ( 'NONE', *, *, #9672, .T. ) ;
#8010 = CARTESIAN_POINT ( 'NONE',  ( -1.143755976020629284, 15.97670296246533006, 6.292788944843390908 ) ) ;
#8012 = AXIS2_PLACEMENT_3D ( 'NONE', #8100, #4370, #8042 ) ;
#8013 = VECTOR ( 'NONE', #10243, 1000.000000000000000 ) ;
#8015 = ORIENTED_EDGE ( 'NONE', *, *, #4428, .T. ) ;
#8014 = CARTESIAN_POINT ( 'NONE',  ( 16.00000000000000000, 0.0000000000000000000, 0.9000000000000001332 ) ) ;
#8016 = AXIS2_PLACEMENT_3D ( 'NONE', #9263, #3055, #2241 ) ;
#8017 = CARTESIAN_POINT ( 'NONE',  ( -0.3381238114013279672, 16.85222349721259505, 6.361512537288771085 ) ) ;
#8018 = CIRCLE ( 'NONE', #3343, 0.3000000000000016542 ) ;
#8019 = DIRECTION ( 'NONE',  ( -0.0000000000000000000, -0.0000000000000000000, -1.000000000000000000 ) ) ;
#8020 = ORIENTED_EDGE ( 'NONE', *, *, #8048, .T. ) ;
#8021 = UNCERTAINTY_MEASURE_WITH_UNIT (LENGTH_MEASURE( 1.000000000000000082E-05 ), #7516, 'distance_accuracy_value', 'NONE');
#8022 = MECHANICAL_DESIGN_GEOMETRIC_PRESENTATION_REPRESENTATION (  '', ( #11546 ), #332 ) ;
#8023 =( NAMED_UNIT ( * ) SI_UNIT ( $, .STERADIAN. ) SOLID_ANGLE_UNIT ( ) );
#8024 = VECTOR ( 'NONE', #8133, 1000.000000000000000 ) ;
#8025 = PLANE ( 'NONE',  #5149 ) ;
#8026 = LINE ( 'NONE', #6309, #914 ) ;
#8027 = PRESENTATION_STYLE_ASSIGNMENT (( #11571 ) ) ;
#8028 = ORIENTED_EDGE ( 'NONE', *, *, #8967, .T. ) ;
#8029 = STYLED_ITEM ( 'NONE', ( #7934 ), #1763 ) ;
#8030 = PRESENTATION_STYLE_ASSIGNMENT (( #4472 ) ) ;
#8031 = DIRECTION ( 'NONE',  ( 2.775557561562889872E-16, -1.000000000000000000, 0.0000000000000000000 ) ) ;
#8032 = VECTOR ( 'NONE', #9359, 1000.000000000000000 ) ;
#8033 = VECTOR ( 'NONE', #9782, 1000.000000000000000 ) ;
#8034 = EDGE_CURVE ( 'NONE', #1957, #4918, #8194, .T. ) ;
#8035 = FILL_AREA_STYLE_COLOUR ( '', #6222 ) ;
#8036 = DIRECTION ( 'NONE',  ( 1.000000000000000000, 0.0000000000000000000, 0.0000000000000000000 ) ) ;
#8037 = ORIENTED_EDGE ( 'NONE', *, *, #10364, .T. ) ;
#8038 = CARTESIAN_POINT ( 'NONE',  ( -1.199999999999999956, -1.200000000000009948, 2.299999999999999822 ) ) ;
#8039 = EDGE_CURVE ( 'NONE', #4846, #11119, #4863, .T. ) ;
#8040 = PRESENTATION_STYLE_ASSIGNMENT (( #10046 ) ) ;
#8041 =( NAMED_UNIT ( * ) SI_UNIT ( $, .STERADIAN. ) SOLID_ANGLE_UNIT ( ) );
#8042 = DIRECTION ( 'NONE',  ( -1.000000000000000000, 0.0000000000000000000, -0.0000000000000000000 ) ) ;
#8043 = CARTESIAN_POINT ( 'NONE',  ( 16.00000000000000000, 6.730000000000000426, 1.000000000000000000 ) ) ;
#8044 = CARTESIAN_POINT ( 'NONE',  ( 7.359128201016776671, 7.208821435226187013, 6.500000000000001776 ) ) ;
#8045 = EDGE_CURVE ( 'NONE', #7959, #7981, #8420, .T. ) ;
#8046 =( LENGTH_UNIT ( ) NAMED_UNIT ( * ) SI_UNIT ( .MILLI., .METRE. ) );
#8047 = FILL_AREA_STYLE ('',( #4492 ) ) ;
#8048 = EDGE_CURVE ( 'NONE', #8673, #3290, #317, .T. ) ;
#8049 = FACE_OUTER_BOUND ( 'NONE', #4348, .T. ) ;
#8050 = EDGE_LOOP ( 'NONE', ( #8083, #976, #8891, #6655 ) ) ;
#8051 = DIRECTION ( 'NONE',  ( 1.000000000000000000, 0.0000000000000000000, 0.0000000000000000000 ) ) ;
#8052 = PRESENTATION_STYLE_ASSIGNMENT (( #8112 ) ) ;
#8053 = SURFACE_STYLE_USAGE ( .BOTH. , #1455 ) ;
#8054 = ADVANCED_FACE ( 'NONE', ( #11130 ), #5532, .T. ) ;
#8055 = ADVANCED_FACE ( 'NONE', ( #8527 ), #10196, .T. ) ;
#8056 = ORIENTED_EDGE ( 'NONE', *, *, #437, .F. ) ;
#8057 = CARTESIAN_POINT ( 'NONE',  ( 17.07320508075688537, 17.07320508075688537, 6.323205080756888918 ) ) ;
#8058 = SURFACE_STYLE_USAGE ( .BOTH. , #1576 ) ;
#8059 =( GEOMETRIC_REPRESENTATION_CONTEXT ( 3 ) GLOBAL_UNCERTAINTY_ASSIGNED_CONTEXT ( ( #3316 ) ) GLOBAL_UNIT_ASSIGNED_CONTEXT ( ( #8797, #4236, #10396 ) ) REPRESENTATION_CONTEXT ( 'NONE', 'WORKASPACE' ) );
#8061 = ORIENTED_EDGE ( 'NONE', *, *, #4352, .T. ) ;
#8060 = DIRECTION ( 'NONE',  ( 0.0000000000000000000, 1.000000000000000000, 0.0000000000000000000 ) ) ;
#8062 = FILL_AREA_STYLE ('',( #4506 ) ) ;
#8063 = ADVANCED_FACE ( 'NONE', ( #5842 ), #4977, .T. ) ;
#8064 = DIRECTION ( 'NONE',  ( 4.440892098500630106E-15, 1.000000000000000000, -0.0000000000000000000 ) ) ;
#8065 = DIRECTION ( 'NONE',  ( -0.0000000000000000000, 0.0000000000000000000, 1.000000000000000000 ) ) ;
#8066 = LINE ( 'NONE', #2674, #11482 ) ;
#8067 = EDGE_CURVE ( 'NONE', #5016, #10805, #7043, .T. ) ;
#8068 =( GEOMETRIC_REPRESENTATION_CONTEXT ( 3 ) GLOBAL_UNCERTAINTY_ASSIGNED_CONTEXT ( ( #7868 ) ) GLOBAL_UNIT_ASSIGNED_CONTEXT ( ( #3929, #6081, #2568 ) ) REPRESENTATION_CONTEXT ( 'NONE', 'WORKASPACE' ) );
#8069 = DIRECTION ( 'NONE',  ( -1.000000000000000000, 0.0000000000000000000, -0.0000000000000000000 ) ) ;
#8070 = LINE ( 'NONE', #805, #6156 ) ;
#8071 = VERTEX_POINT ( 'NONE', #801 ) ;
#8072 = PLANE ( 'NONE',  #10874 ) ;
#8073 = FILL_AREA_STYLE_COLOUR ( '', #8439 ) ;
#8074 = AXIS2_PLACEMENT_3D ( 'NONE', #1973, #346, #10118 ) ;
#8075 = EDGE_LOOP ( 'NONE', ( #62, #7851, #3884, #9932 ) ) ;
#8076 = ORIENTED_EDGE ( 'NONE', *, *, #8631, .F. ) ;
#8077 =( GEOMETRIC_REPRESENTATION_CONTEXT ( 3 ) GLOBAL_UNCERTAINTY_ASSIGNED_CONTEXT ( ( #3429 ) ) GLOBAL_UNIT_ASSIGNED_CONTEXT ( ( #10077, #2209, #8414 ) ) REPRESENTATION_CONTEXT ( 'NONE', 'WORKASPACE' ) );
#8078 = STYLED_ITEM ( 'NONE', ( #8307 ), #144 ) ;
#8079 = COLOUR_RGB ( '',0.8196078431372548767, 0.7058823529411764053, 0.5254901960784313930 ) ;
#8080 = CARTESIAN_POINT ( 'NONE',  ( 1.500000000000000000, 4.189999999999989733, 0.9000000000000001332 ) ) ;
#8081 =( GEOMETRIC_REPRESENTATION_CONTEXT ( 3 ) GLOBAL_UNCERTAINTY_ASSIGNED_CONTEXT ( ( #6909 ) ) GLOBAL_UNIT_ASSIGNED_CONTEXT ( ( #10576, #3475, #7578 ) ) REPRESENTATION_CONTEXT ( 'NONE', 'WORKASPACE' ) );
#8082 = DIRECTION ( 'NONE',  ( -2.775557561562889872E-16, 1.000000000000000000, -0.0000000000000000000 ) ) ;
#8083 = ORIENTED_EDGE ( 'NONE', *, *, #6026, .F. ) ;
#8084 = SURFACE_SIDE_STYLE ('',( #5404 ) ) ;
#8085 = ORIENTED_EDGE ( 'NONE', *, *, #3554, .F. ) ;
#8086 = VECTOR ( 'NONE', #3008, 1000.000000000000000 ) ;
#8087 = PRESENTATION_LAYER_ASSIGNMENT (  '', '', ( #590 ) ) ;
#8088 = SURFACE_STYLE_USAGE ( .BOTH. , #6492 ) ;
#8089 = UNCERTAINTY_MEASURE_WITH_UNIT (LENGTH_MEASURE( 1.000000000000000082E-05 ), #4066, 'distance_accuracy_value', 'NONE');
#8090 = CARTESIAN_POINT ( 'NONE',  ( 8.000000000000000000, -1.200000000000010170, 2.299999999999999822 ) ) ;
#8091 = DIRECTION ( 'NONE',  ( 0.0000000000000000000, -0.0000000000000000000, -1.000000000000000000 ) ) ;
#8092 = EDGE_LOOP ( 'NONE', ( #9240, #1596, #11325, #6022, #6836, #2983, #8461, #3816 ) ) ;
#8093 = CARTESIAN_POINT ( 'NONE',  ( 0.7499999999999960032, 12.31000000000000227, -0.1000000000000000056 ) ) ;
#8094 =( GEOMETRIC_REPRESENTATION_CONTEXT ( 3 ) GLOBAL_UNCERTAINTY_ASSIGNED_CONTEXT ( ( #11466 ) ) GLOBAL_UNIT_ASSIGNED_CONTEXT ( ( #11352, #10530, #7917 ) ) REPRESENTATION_CONTEXT ( 'NONE', 'WORKASPACE' ) );
#8095 = VECTOR ( 'NONE', #5790, 1000.000000000000000 ) ;
#8096 = CARTESIAN_POINT ( 'NONE',  ( -2.486899575160350098E-15, 7.230000000000000426, -21.65413869472860142 ) ) ;
#8097 = PRESENTATION_LAYER_ASSIGNMENT (  '', '', ( #1945 ) ) ;
#8098 = FILL_AREA_STYLE ('',( #9037 ) ) ;
#8099 = FILL_AREA_STYLE ('',( #5484 ) ) ;
#8100 = CARTESIAN_POINT ( 'NONE',  ( 15.25000000000000000, 7.230000000000000426, -0.1000000000000000056 ) ) ;
#8101 = CARTESIAN_POINT ( 'NONE',  ( -9.853229343548270213E-16, 2.649999999999989697, 0.0000000000000000000 ) ) ;
#8102 = PLANE ( 'NONE',  #1545 ) ;
#8103 = DIRECTION ( 'NONE',  ( 0.0000000000000000000, -0.0000000000000000000, 1.000000000000000000 ) ) ;
#8104 = EDGE_CURVE ( 'NONE', #4875, #3448, #1642, .T. ) ;
#8105 = FACE_OUTER_BOUND ( 'NONE', #3060, .T. ) ;
#8106 = MECHANICAL_DESIGN_GEOMETRIC_PRESENTATION_REPRESENTATION (  '', ( #3431 ), #5683 ) ;
#8107 = COLOUR_RGB ( '',0.8196078431372548767, 0.7058823529411764053, 0.5254901960784313930 ) ;
#8108 = VECTOR ( 'NONE', #5114, 1000.000000000000000 ) ;
#8109 = LINE ( 'NONE', #9049, #3121 ) ;
#8110 = VERTEX_POINT ( 'NONE', #1585 ) ;
#8111 = CARTESIAN_POINT ( 'NONE',  ( 14.50000000000000000, 1.649999999999989919, 1.000000000000000000 ) ) ;
#8112 = SURFACE_STYLE_USAGE ( .BOTH. , #1015 ) ;
#8113 = LINE ( 'NONE', #6115, #11263 ) ;
#8114 = ORIENTED_EDGE ( 'NONE', *, *, #6179, .F. ) ;
#8115 = MECHANICAL_DESIGN_GEOMETRIC_PRESENTATION_REPRESENTATION (  '', ( #7149 ), #5139 ) ;
#8116 = AXIS2_PLACEMENT_3D ( 'NONE', #8096, #5593, #6268 ) ;
#8117 = ADVANCED_FACE ( 'NONE', ( #5162 ), #3251, .T. ) ;
#8118 = AXIS2_PLACEMENT_3D ( 'NONE', #10718, #13, #8825 ) ;
#8119 = ORIENTED_EDGE ( 'NONE', *, *, #5284, .F. ) ;
#8120 = DIRECTION ( 'NONE',  ( 0.0000000000000000000, 0.0000000000000000000, 1.000000000000000000 ) ) ;
#8121 = DIRECTION ( 'NONE',  ( 1.000000000000000000, 0.0000000000000000000, 0.0000000000000000000 ) ) ;
#8122 = ADVANCED_FACE ( 'NONE', ( #7937 ), #7761, .T. ) ;
#8123 = CARTESIAN_POINT ( 'NONE',  ( 15.73115827418998691, 14.93707430880179921, 2.067838596377811644 ) ) ;
#8124 = CARTESIAN_POINT ( 'NONE',  ( -0.1000000000000010048, 2.649999999999990141, 1.000000000000000000 ) ) ;
#8125 = FACE_OUTER_BOUND ( 'NONE', #1711, .T. ) ;
#8126 = ORIENTED_EDGE ( 'NONE', *, *, #7668, .T. ) ;
#8127 = COLOUR_RGB ( '',0.8196078431372548767, 0.7058823529411764053, 0.5254901960784313930 ) ;
#8128 = AXIS2_PLACEMENT_3D ( 'NONE', #10932, #7204, #9907 ) ;
#8129 = FACE_OUTER_BOUND ( 'NONE', #3633, .T. ) ;
#8130 = EDGE_CURVE ( 'NONE', #5610, #9643, #11522, .T. ) ;
#8131 = UNCERTAINTY_MEASURE_WITH_UNIT (LENGTH_MEASURE( 1.000000000000000082E-05 ), #1625, 'distance_accuracy_value', 'NONE');
#8132 = ADVANCED_FACE ( 'NONE', ( #8125 ), #5385, .T. ) ;
#8133 = DIRECTION ( 'NONE',  ( 1.000000000000000000, 0.0000000000000000000, -0.0000000000000000000 ) ) ;
#8134 = ORIENTED_EDGE ( 'NONE', *, *, #1247, .T. ) ;
#8135 = DIRECTION ( 'NONE',  ( -3.700743415417190112E-16, 1.000000000000000000, 0.0000000000000000000 ) ) ;
#8136 = LINE ( 'NONE', #2851, #6199 ) ;
#8137 = ORIENTED_EDGE ( 'NONE', *, *, #9542, .T. ) ;
#8139 = ORIENTED_EDGE ( 'NONE', *, *, #8849, .T. ) ;
#8138 = CARTESIAN_POINT ( 'NONE',  ( 16.10000000000000142, 4.389999999999999680, 1.000000000000000000 ) ) ;
#8140 = ADVANCED_FACE ( 'NONE', ( #6290 ), #3624, .T. ) ;
#8141 = DIRECTION ( 'NONE',  ( 2.775557561562889872E-16, 1.000000000000000000, 0.0000000000000000000 ) ) ;
#8142 = CARTESIAN_POINT ( 'NONE',  ( 1.499999999999999556, 8.000000000000000000, 0.0000000000000000000 ) ) ;
#8143 = UNCERTAINTY_MEASURE_WITH_UNIT (LENGTH_MEASURE( 1.000000000000000082E-05 ), #3512, 'distance_accuracy_value', 'NONE');
#8144 = SURFACE_STYLE_USAGE ( .BOTH. , #9022 ) ;
#8145 = PRESENTATION_STYLE_ASSIGNMENT (( #2694 ) ) ;
#8146 = PLANE ( 'NONE',  #7022 ) ;
#8147 = PLANE ( 'NONE',  #8626 ) ;
#8148 = VERTEX_POINT ( 'NONE', #9802 ) ;
#8149 = LINE ( 'NONE', #4595, #3906 ) ;
#8150 = ORIENTED_EDGE ( 'NONE', *, *, #1454, .F. ) ;
#8151 = DIRECTION ( 'NONE',  ( 1.000000000000000000, 0.0000000000000000000, 0.0000000000000000000 ) ) ;
#8152 = CARTESIAN_POINT ( 'NONE',  ( 16.00000000000000000, 11.81000000000000050, 1.000000000000000000 ) ) ;
#8153 = ORIENTED_EDGE ( 'NONE', *, *, #8542, .T. ) ;
#8154 = CARTESIAN_POINT ( 'NONE',  ( 16.00000000000000000, 4.389999999999999680, -0.1000000000000014211 ) ) ;
#8155 = SURFACE_SIDE_STYLE ('',( #1124 ) ) ;
#8156 = SURFACE_STYLE_FILL_AREA ( #2708 ) ;
#8157 =( NAMED_UNIT ( * ) SI_UNIT ( $, .STERADIAN. ) SOLID_ANGLE_UNIT ( ) );
#8158 = LINE ( 'NONE', #2014, #2944 ) ;
#8159 = CARTESIAN_POINT ( 'NONE',  ( 16.00000000000000000, 14.34999999999999964, 0.0000000000000000000 ) ) ;
#8160 = VECTOR ( 'NONE', #3781, 1000.000000000000000 ) ;
#8161 = CARTESIAN_POINT ( 'NONE',  ( -0.1000000000000020040, 6.929999999999999716, 1.000000000000000000 ) ) ;
#8162 = ORIENTED_EDGE ( 'NONE', *, *, #1840, .F. ) ;
#8163 = CARTESIAN_POINT ( 'NONE',  ( 16.00000000000000000, 4.190000000000000391, 1.000000000000000000 ) ) ;
#8164 = VERTEX_POINT ( 'NONE', #126 ) ;
#8165 = CARTESIAN_POINT ( 'NONE',  ( 16.62447618244588554, 17.40080239494581349, 6.222284668644950223 ) ) ;
#8166 = CARTESIAN_POINT ( 'NONE',  ( 8.900000000000000355, 15.50000000000000000, 0.9350000000000000533 ) ) ;
#8168 = ORIENTED_EDGE ( 'NONE', *, *, #8327, .F. ) ;
#8167 = SURFACE_SIDE_STYLE ('',( #7039 ) ) ;
#8169 = PRESENTATION_STYLE_ASSIGNMENT (( #4620 ) ) ;
#8170 = DIRECTION ( 'NONE',  ( 1.000000000000000000, 0.0000000000000000000, 0.0000000000000000000 ) ) ;
#8171 = CARTESIAN_POINT ( 'NONE',  ( 0.4750000000000008660, 6.729999999999999538, 0.9000000000000001332 ) ) ;
#8172 = CARTESIAN_POINT ( 'NONE',  ( 8.000000000000000000, 10.26999999999999957, 0.9000000000000001332 ) ) ;
#8173 = FILL_AREA_STYLE_COLOUR ( '', #6590 ) ;
#8174 =( LENGTH_UNIT ( ) NAMED_UNIT ( * ) SI_UNIT ( .MILLI., .METRE. ) );
#8175 = PRESENTATION_STYLE_ASSIGNMENT (( #5450 ) ) ;
#8176 = VERTEX_POINT ( 'NONE', #4680 ) ;
#8177 = CARTESIAN_POINT ( 'NONE',  ( 16.10000000000000142, 2.549999999999990052, 0.4500000000000000666 ) ) ;
#8178 = EDGE_CURVE ( 'NONE', #2391, #8841, #917, .T. ) ;
#8179 = COLOUR_RGB ( '',0.8196078431372548767, 0.7058823529411764053, 0.5254901960784313930 ) ;
#8180 = CARTESIAN_POINT ( 'NONE',  ( -0.1000000000000010186, 1.524999999999989919, 1.000000000000000000 ) ) ;
#8181 =( NAMED_UNIT ( * ) SI_UNIT ( $, .STERADIAN. ) SOLID_ANGLE_UNIT ( ) );
#8182 = VECTOR ( 'NONE', #303, 1000.000000000000000 ) ;
#8183 = SURFACE_STYLE_USAGE ( .BOTH. , #2628 ) ;
#8184 = ORIENTED_EDGE ( 'NONE', *, *, #6112, .F. ) ;
#8185 = ADVANCED_FACE ( 'NONE', ( #6463 ), #5558, .T. ) ;
#8186 = CARTESIAN_POINT ( 'NONE',  ( 16.00000000000000000, 2.149999999999999911, -0.1000000000000028644 ) ) ;
#8187 = LINE ( 'NONE', #3506, #8641 ) ;
#8189 = VERTEX_POINT ( 'NONE', #9110 ) ;
#8188 = CARTESIAN_POINT ( 'NONE',  ( -1.087251192117497656, 15.83018483279804478, 6.492852607668410769 ) ) ;
#8191 = ORIENTED_EDGE ( 'NONE', *, *, #7508, .F. ) ;
#8190 = CARTESIAN_POINT ( 'NONE',  ( -0.1000000000000010186, 4.689999999999990621, 1.000000000000000000 ) ) ;
#8192 = AXIS2_PLACEMENT_3D ( 'NONE', #7979, #8811, #782 ) ;
#8193 = LINE ( 'NONE', #206, #712 ) ;
#8194 = CIRCLE ( 'NONE', #3334, 0.4000000000000000222 ) ;
#8195 = AXIS2_PLACEMENT_3D ( 'NONE', #5347, #4522, #7118 ) ;
#8196 = DIRECTION ( 'NONE',  ( -1.000000000000000000, 0.0000000000000000000, -0.0000000000000000000 ) ) ;
#8197 = EDGE_CURVE ( 'NONE', #10830, #7844, #1082, .T. ) ;
#8198 = EDGE_CURVE ( 'NONE', #331, #7945, #305, .T. ) ;
#8199 = CARTESIAN_POINT ( 'NONE',  ( 16.00000000000000000, 9.269999999999999574, 0.9999999999999988898 ) ) ;
#8200 = DIRECTION ( 'NONE',  ( -1.000000000000000000, -7.401486830834380223E-16, 0.0000000000000000000 ) ) ;
#8201 = VECTOR ( 'NONE', #5822, 1000.000000000000000 ) ;
#8202 = VECTOR ( 'NONE', #4711, 1000.000000000000000 ) ;
#8203 = ORIENTED_EDGE ( 'NONE', *, *, #9610, .T. ) ;
#8204 = VERTEX_POINT ( 'NONE', #3074 ) ;
#8205 = STYLED_ITEM ( 'NONE', ( #7465 ), #8986 ) ;
#8206 =( NAMED_UNIT ( * ) SI_UNIT ( $, .STERADIAN. ) SOLID_ANGLE_UNIT ( ) );
#8207 = UNCERTAINTY_MEASURE_WITH_UNIT (LENGTH_MEASURE( 1.000000000000000082E-05 ), #3314, 'distance_accuracy_value', 'NONE');
#8208 = DIRECTION ( 'NONE',  ( 0.0000000000000000000, -0.0000000000000000000, -1.000000000000000000 ) ) ;
#8209 = ORIENTED_EDGE ( 'NONE', *, *, #6383, .T. ) ;
#8210 = DIRECTION ( 'NONE',  ( -0.0000000000000000000, -0.0000000000000000000, -1.000000000000000000 ) ) ;
#8211 = LINE ( 'NONE', #8152, #4822 ) ;
#8212 = ORIENTED_EDGE ( 'NONE', *, *, #1406, .F. ) ;
#8213 =( NAMED_UNIT ( * ) SI_UNIT ( $, .STERADIAN. ) SOLID_ANGLE_UNIT ( ) );
#8214 = COLOUR_RGB ( '',0.8196078431372548767, 0.7058823529411764053, 0.5254901960784313930 ) ;
#8215 = DIRECTION ( 'NONE',  ( 1.000000000000000000, 0.0000000000000000000, 0.0000000000000000000 ) ) ;
#8216 = SURFACE_STYLE_USAGE ( .BOTH. , #5425 ) ;
#8217 = VECTOR ( 'NONE', #10570, 1000.000000000000000 ) ;
#8218 = VECTOR ( 'NONE', #4335, 1000.000000000000000 ) ;
#8219 = DIRECTION ( 'NONE',  ( 1.000000000000000000, 0.0000000000000000000, 0.0000000000000000000 ) ) ;
#8220 = LINE ( 'NONE', #5709, #11141 ) ;
#8221 = SURFACE_SIDE_STYLE ('',( #7925 ) ) ;
#8222 = ORIENTED_EDGE ( 'NONE', *, *, #2060, .F. ) ;
#8223 = VECTOR ( 'NONE', #854, 1000.000000000000000 ) ;
#8224 = LINE ( 'NONE', #9097, #5097 ) ;
#8225 = VECTOR ( 'NONE', #3717, 1000.000000000000000 ) ;
#8226 = FACE_OUTER_BOUND ( 'NONE', #2177, .T. ) ;
#8227 = ORIENTED_EDGE ( 'NONE', *, *, #7892, .T. ) ;
#8228 = STYLED_ITEM ( 'NONE', ( #293 ), #11308 ) ;
#8229 = LINE ( 'NONE', #6518, #11497 ) ;
#8230 = SURFACE_STYLE_FILL_AREA ( #119 ) ;
#8232 = VERTEX_POINT ( 'NONE', #5015 ) ;
#8231 =( NAMED_UNIT ( * ) PLANE_ANGLE_UNIT ( ) SI_UNIT ( $, .RADIAN. ) );
#8233 = DIRECTION ( 'NONE',  ( 0.0000000000000000000, -1.000000000000000000, -0.0000000000000000000 ) ) ;
#8234 = CARTESIAN_POINT ( 'NONE',  ( 14.50000000000000000, 1.649999999999989919, 1.000000000000000000 ) ) ;
#8235 = DIRECTION ( 'NONE',  ( -0.0000000000000000000, -1.000000000000000000, -0.0000000000000000000 ) ) ;
#8236 = CARTESIAN_POINT ( 'NONE',  ( 15.25000000000000000, 7.530000000000000249, -0.1000000000000000056 ) ) ;
#8237 = CARTESIAN_POINT ( 'NONE',  ( 15.79273652659443172, 15.22137955819326294, 1.532634909927856226 ) ) ;
#8238 = CARTESIAN_POINT ( 'NONE',  ( 12.52500000000000213, 2.794499999999989992, 0.0000000000000000000 ) ) ;
#8239 = VECTOR ( 'NONE', #2725, 1000.000000000000000 ) ;
#8240 = FILL_AREA_STYLE ('',( #5509 ) ) ;
#8241 = VERTEX_POINT ( 'NONE', #3965 ) ;
#8242 = SURFACE_STYLE_FILL_AREA ( #9283 ) ;
#8243 = DIRECTION ( 'NONE',  ( 1.000000000000000000, -0.0000000000000000000, -0.0000000000000000000 ) ) ;
#8244 = SURFACE_STYLE_USAGE ( .BOTH. , #9172 ) ;
#8245 = PLANE ( 'NONE',  #7248 ) ;
#8246 = VERTEX_POINT ( 'NONE', #1205 ) ;
#8247 = AXIS2_PLACEMENT_3D ( 'NONE', #9783, #4488, #4970 ) ;
#8248 = DIRECTION ( 'NONE',  ( -0.9416631776646585683, -0.2904000993404058928, -0.1701124396791139082 ) ) ;
#8249 = DIRECTION ( 'NONE',  ( -1.000000000000000000, 0.0000000000000000000, 0.0000000000000000000 ) ) ;
#8251 = ORIENTED_EDGE ( 'NONE', *, *, #6256, .T. ) ;
#8250 = PRESENTATION_STYLE_ASSIGNMENT (( #4688 ) ) ;
#8252 = ORIENTED_EDGE ( 'NONE', *, *, #8761, .F. ) ;
#8253 = MECHANICAL_DESIGN_GEOMETRIC_PRESENTATION_REPRESENTATION (  '', ( #9366 ), #8808 ) ;
#8254 = ADVANCED_FACE ( 'NONE', ( #3128 ), #10131, .T. ) ;
#8255 = CARTESIAN_POINT ( 'NONE',  ( 1.500000000000000000, 12.81000000000000050, 1.000000000000000000 ) ) ;
#8256 = LINE ( 'NONE', #10087, #8952 ) ;
#8257 = UNCERTAINTY_MEASURE_WITH_UNIT (LENGTH_MEASURE( 1.000000000000000082E-05 ), #653, 'distance_accuracy_value', 'NONE');
#8258 = STYLED_ITEM ( 'NONE', ( #173 ), #9936 ) ;
#8259 = FACE_OUTER_BOUND ( 'NONE', #2853, .T. ) ;
#8260 = CYLINDRICAL_SURFACE ( 'NONE', #5614, 0.2999999999999999889 ) ;
#8261 = ADVANCED_FACE ( 'NONE', ( #8349 ), #9339, .T. ) ;
#8262 = AXIS2_PLACEMENT_3D ( 'NONE', #625, #10502, #2409 ) ;
#8263 = EDGE_LOOP ( 'NONE', ( #8672, #267, #4832, #10680 ) ) ;
#8264 = EDGE_CURVE ( 'NONE', #3318, #77, #6750, .T. ) ;
#8265 = COLOUR_RGB ( '',0.1803921568627450955, 0.4627450980392157076, 0.2823529411764705843 ) ;
#8266 = ORIENTED_EDGE ( 'NONE', *, *, #1186, .T. ) ;
#8267 = LINE ( 'NONE', #5583, #2010 ) ;
#8268 = ADVANCED_FACE ( 'NONE', ( #7387 ), #2323, .T. ) ;
#8269 = DIRECTION ( 'NONE',  ( 1.000000000000000000, -0.0000000000000000000, 0.0000000000000000000 ) ) ;
#8270 = MECHANICAL_DESIGN_GEOMETRIC_PRESENTATION_REPRESENTATION (  '', ( #6935 ), #8081 ) ;
#8271 = EDGE_LOOP ( 'NONE', ( #2154, #10330, #2106, #3736 ) ) ;
#8272 = LINE ( 'NONE', #10913, #2678 ) ;
#8273 = VECTOR ( 'NONE', #8357, 1000.000000000000000 ) ;
#8274 = ORIENTED_EDGE ( 'NONE', *, *, #10090, .F. ) ;
#8275 = EDGE_CURVE ( 'NONE', #10805, #1272, #2446, .T. ) ;
#8276 = MECHANICAL_DESIGN_GEOMETRIC_PRESENTATION_REPRESENTATION (  '', ( #6759 ), #1164 ) ;
#8277 = PRESENTATION_STYLE_ASSIGNMENT (( #5424 ) ) ;
#8278 =( LENGTH_UNIT ( ) NAMED_UNIT ( * ) SI_UNIT ( .MILLI., .METRE. ) );
#8279 =( GEOMETRIC_REPRESENTATION_CONTEXT ( 3 ) GLOBAL_UNCERTAINTY_ASSIGNED_CONTEXT ( ( #1328 ) ) GLOBAL_UNIT_ASSIGNED_CONTEXT ( ( #3672, #10660, #6401 ) ) REPRESENTATION_CONTEXT ( 'NONE', 'WORKASPACE' ) );
#8280 = CARTESIAN_POINT ( 'NONE',  ( 17.07320508075688181, 17.07320508075688181, 6.323205080756887142 ) ) ;
#8281 = FILL_AREA_STYLE ('',( #9043 ) ) ;
#8282 = EDGE_CURVE ( 'NONE', #4899, #6192, #7209, .T. ) ;
#8283 = FACE_OUTER_BOUND ( 'NONE', #9793, .T. ) ;
#8284 = VECTOR ( 'NONE', #4043, 1000.000000000000000 ) ;
#8285 =( GEOMETRIC_REPRESENTATION_CONTEXT ( 3 ) GLOBAL_UNCERTAINTY_ASSIGNED_CONTEXT ( ( #7847 ) ) GLOBAL_UNIT_ASSIGNED_CONTEXT ( ( #10933, #4840, #5555 ) ) REPRESENTATION_CONTEXT ( 'NONE', 'WORKASPACE' ) );
#8286 = LINE ( 'NONE', #5808, #6852 ) ;
#8287 = ORIENTED_EDGE ( 'NONE', *, *, #2424, .F. ) ;
#8288 = SURFACE_STYLE_FILL_AREA ( #10817 ) ;
#8289 = DIRECTION ( 'NONE',  ( 1.659300716151730101E-16, -1.000000000000000000, 0.0000000000000000000 ) ) ;
#8290 = DIRECTION ( 'NONE',  ( 0.0000000000000000000, -1.000000000000000000, 0.0000000000000000000 ) ) ;
#8291 = ORIENTED_EDGE ( 'NONE', *, *, #1829, .F. ) ;
#8292 = LINE ( 'NONE', #9218, #9461 ) ;
#8293 = CARTESIAN_POINT ( 'NONE',  ( 4.237499999999999822, 0.8749999999999990008, 1.899999999999999911 ) ) ;
#8295 = VERTEX_POINT ( 'NONE', #10594 ) ;
#8294 = DIRECTION ( 'NONE',  ( -1.000000000000000000, -0.0000000000000000000, -0.0000000000000000000 ) ) ;
#8296 = MECHANICAL_DESIGN_GEOMETRIC_PRESENTATION_REPRESENTATION (  '', ( #5320 ), #6784 ) ;
#8297 = FACE_OUTER_BOUND ( 'NONE', #7324, .T. ) ;
#8298 = VECTOR ( 'NONE', #4058, 1000.000000000000000 ) ;
#8299 = CARTESIAN_POINT ( 'NONE',  ( -1.284600759456461905, 15.90059908168086444, 6.064983090567495516 ) ) ;
#8300 = CARTESIAN_POINT ( 'NONE',  ( 8.370025313918361576, 7.762293849736630946, 6.950000000000000178 ) ) ;
#8301 = ORIENTED_EDGE ( 'NONE', *, *, #3604, .F. ) ;
#8302 = LINE ( 'NONE', #4574, #8517 ) ;
#8303 = AXIS2_PLACEMENT_3D ( 'NONE', #3837, #7373, #4197 ) ;
#8304 =( NAMED_UNIT ( * ) SI_UNIT ( $, .STERADIAN. ) SOLID_ANGLE_UNIT ( ) );
#8305 = AXIS2_PLACEMENT_3D ( 'NONE', #5292, #4233, #7839 ) ;
#8306 = EDGE_LOOP ( 'NONE', ( #2188, #8786, #7898, #5310 ) ) ;
#8307 = PRESENTATION_STYLE_ASSIGNMENT (( #9919 ) ) ;
#8309 = ORIENTED_EDGE ( 'NONE', *, *, #3033, .T. ) ;
#8308 = CARTESIAN_POINT ( 'NONE',  ( -2.264985074496017130E-15, 6.929999999999999716, 1.000000000000000444 ) ) ;
#8310 = ORIENTED_EDGE ( 'NONE', *, *, #2170, .T. ) ;
#8311 = VECTOR ( 'NONE', #9549, 1000.000000000000000 ) ;
#8312 = VECTOR ( 'NONE', #11179, 1000.000000000000000 ) ;
#8313 =( LENGTH_UNIT ( ) NAMED_UNIT ( * ) SI_UNIT ( .MILLI., .METRE. ) );
#8314 = DIRECTION ( 'NONE',  ( -0.0000000000000000000, -0.0000000000000000000, 1.000000000000000000 ) ) ;
#8315 = DIRECTION ( 'NONE',  ( 0.7071067811865480168, -0.7071067811865470176, 0.0000000000000000000 ) ) ;
#8316 = DIRECTION ( 'NONE',  ( 1.000000000000000000, 0.0000000000000000000, 0.0000000000000000000 ) ) ;
#8318 = ORIENTED_EDGE ( 'NONE', *, *, #10586, .F. ) ;
#8317 = PRESENTATION_STYLE_ASSIGNMENT (( #3037 ) ) ;
#8319 = VERTEX_POINT ( 'NONE', #9675 ) ;
#8320 = CARTESIAN_POINT ( 'NONE',  ( 14.72176413654927352, 15.75686575321584471, 2.068121104950428002 ) ) ;
#8321 = VERTEX_POINT ( 'NONE', #3311 ) ;
#8322 = LINE ( 'NONE', #9087, #9950 ) ;
#8323 = ORIENTED_EDGE ( 'NONE', *, *, #9053, .T. ) ;
#8324 = EDGE_CURVE ( 'NONE', #11498, #7360, #2194, .T. ) ;
#8325 =( NAMED_UNIT ( * ) SI_UNIT ( $, .STERADIAN. ) SOLID_ANGLE_UNIT ( ) );
#8326 = SURFACE_STYLE_FILL_AREA ( #6662 ) ;
#8327 = EDGE_CURVE ( 'NONE', #1991, #5167, #9291, .T. ) ;
#8328 = FACE_OUTER_BOUND ( 'NONE', #10800, .T. ) ;
#8329 = LINE ( 'NONE', #9260, #6774 ) ;
#8330 = SURFACE_SIDE_STYLE ('',( #9313 ) ) ;
#8331 = SURFACE_SIDE_STYLE ('',( #9154 ) ) ;
#8332 = ADVANCED_FACE ( 'NONE', ( #3264 ), #11299, .T. ) ;
#8333 = EDGE_CURVE ( 'NONE', #2901, #2563, #1649, .T. ) ;
#8334 = FILL_AREA_STYLE ('',( #4888 ) ) ;
#8335 = ORIENTED_EDGE ( 'NONE', *, *, #9554, .F. ) ;
#8336 = CIRCLE ( 'NONE', #5905, 0.2999999999999998779 ) ;
#8337 = CARTESIAN_POINT ( 'NONE',  ( 16.00000000000000000, 9.470000000000000639, -0.1000000000000014211 ) ) ;
#8338 = ORIENTED_EDGE ( 'NONE', *, *, #1322, .F. ) ;
#8339 = ADVANCED_FACE ( 'NONE', ( #3426 ), #6980, .T. ) ;
#8340 = EDGE_CURVE ( 'NONE', #8110, #8673, #8109, .T. ) ;
#8341 = DIRECTION ( 'NONE',  ( -1.000000000000000000, -0.0000000000000000000, 0.0000000000000000000 ) ) ;
#8342 = DIRECTION ( 'NONE',  ( 1.000000000000000000, 0.0000000000000000000, 0.0000000000000000000 ) ) ;
#8344 = ORIENTED_EDGE ( 'NONE', *, *, #5300, .F. ) ;
#8343 = SURFACE_STYLE_USAGE ( .BOTH. , #1251 ) ;
#8345 = SURFACE_STYLE_FILL_AREA ( #8062 ) ;
#8346 = DIRECTION ( 'NONE',  ( 0.0000000000000000000, 0.0000000000000000000, -1.000000000000000000 ) ) ;
#8347 = CARTESIAN_POINT ( 'NONE',  ( -0.1000000000000040579, 14.84999999999999964, 1.000000000000000000 ) ) ;
#8348 = DIRECTION ( 'NONE',  ( 1.000000000000000000, 5.421010862427522170E-16, -7.047314121155779610E-15 ) ) ;
#8349 = FACE_OUTER_BOUND ( 'NONE', #929, .T. ) ;
#8350 = ORIENTED_EDGE ( 'NONE', *, *, #8560, .F. ) ;
#8351 = STYLED_ITEM ( 'NONE', ( #7259 ), #6605 ) ;
#8352 = SURFACE_SIDE_STYLE ('',( #8242 ) ) ;
#8353 =( LENGTH_UNIT ( ) NAMED_UNIT ( * ) SI_UNIT ( .MILLI., .METRE. ) );
#8354 = DIRECTION ( 'NONE',  ( -1.000000000000000000, -1.206764157201260003E-16, -0.0000000000000000000 ) ) ;
#8355 = EDGE_LOOP ( 'NONE', ( #8518, #4967 ) ) ;
#8356 = CARTESIAN_POINT ( 'NONE',  ( 0.2688417258100032625, 15.29283859637780729, 1.712074308801800226 ) ) ;
#8358 = ORIENTED_EDGE ( 'NONE', *, *, #6951, .F. ) ;
#8357 = DIRECTION ( 'NONE',  ( 4.426138304153450370E-16, -1.000000000000000000, 0.0000000000000000000 ) ) ;
#8359 = VECTOR ( 'NONE', #8000, 1000.000000000000000 ) ;
#8360 = EDGE_LOOP ( 'NONE', ( #2196, #4057, #6643, #2385 ) ) ;
#8361 =( GEOMETRIC_REPRESENTATION_CONTEXT ( 3 ) GLOBAL_UNCERTAINTY_ASSIGNED_CONTEXT ( ( #7274 ) ) GLOBAL_UNIT_ASSIGNED_CONTEXT ( ( #6444, #3607, #10649 ) ) REPRESENTATION_CONTEXT ( 'NONE', 'WORKASPACE' ) );
#8362 = SURFACE_STYLE_FILL_AREA ( #9354 ) ;
#8363 = VECTOR ( 'NONE', #4623, 1000.000000000000000 ) ;
#8364 = SURFACE_SIDE_STYLE ('',( #9710 ) ) ;
#8365 = UNCERTAINTY_MEASURE_WITH_UNIT (LENGTH_MEASURE( 1.000000000000000082E-05 ), #9891, 'distance_accuracy_value', 'NONE');
#8366 = CARTESIAN_POINT ( 'NONE',  ( -3.053113317719180092E-15, 17.19999999999999929, 6.450000000000000178 ) ) ;
#8367 = VECTOR ( 'NONE', #8091, 1000.000000000000000 ) ;
#8368 = ORIENTED_EDGE ( 'NONE', *, *, #9815, .F. ) ;
#8369 =( GEOMETRIC_REPRESENTATION_CONTEXT ( 3 ) GLOBAL_UNCERTAINTY_ASSIGNED_CONTEXT ( ( #1719 ) ) GLOBAL_UNIT_ASSIGNED_CONTEXT ( ( #5598, #5490, #2768 ) ) REPRESENTATION_CONTEXT ( 'NONE', 'WORKASPACE' ) );
#8370 = STYLED_ITEM ( 'NONE', ( #5345 ), #3746 ) ;
#8371 = VERTEX_POINT ( 'NONE', #6392 ) ;
#8372 = CARTESIAN_POINT ( 'NONE',  ( 15.25725033157185173, 15.02537800743914254, 2.264122655704560394 ) ) ;
#8373 = PRESENTATION_STYLE_ASSIGNMENT (( #7651 ) ) ;
#8374 = AXIS2_PLACEMENT_3D ( 'NONE', #4925, #554, #2339 ) ;
#8375 = ORIENTED_EDGE ( 'NONE', *, *, #11510, .F. ) ;
#8376 = DIRECTION ( 'NONE',  ( 1.000000000000000000, 0.0000000000000000000, 0.0000000000000000000 ) ) ;
#8377 = AXIS2_PLACEMENT_3D ( 'NONE', #10626, #10738, #11453 ) ;
#8378 = ORIENTED_EDGE ( 'NONE', *, *, #7519, .F. ) ;
#8379 = COLOUR_RGB ( '',0.1803921568627450955, 0.4627450980392157076, 0.2823529411764705843 ) ;
#8380 = VECTOR ( 'NONE', #278, 1000.000000000000000 ) ;
#8381 = CARTESIAN_POINT ( 'NONE',  ( 1.278235863450727372, 0.7068788950495709100, 2.531865753215843728 ) ) ;
#8382 = VECTOR ( 'NONE', #8002, 1000.000000000000000 ) ;
#8383 = SURFACE_STYLE_USAGE ( .BOTH. , #4999 ) ;
#8384 = CARTESIAN_POINT ( 'NONE',  ( 16.82528350557935326, 16.99918774867888516, 6.423091991778418830 ) ) ;
#8385 = VECTOR ( 'NONE', #9732, 1000.000000000000000 ) ;
#8386 = CARTESIAN_POINT ( 'NONE',  ( 16.10000000000000142, 12.00999999999999979, 0.4500000000000000666 ) ) ;
#8387 = COLOUR_RGB ( '',0.8196078431372548767, 0.7058823529411764053, 0.5254901960784313930 ) ;
#8388 = EDGE_CURVE ( 'NONE', #4389, #4327, #3871, .T. ) ;
#8389 = SURFACE_STYLE_FILL_AREA ( #8334 ) ;
#8390 = ORIENTED_EDGE ( 'NONE', *, *, #1486, .F. ) ;
#8391 = VECTOR ( 'NONE', #255, 1000.000000000000000 ) ;
#8392 = PRESENTATION_STYLE_ASSIGNMENT (( #4783 ) ) ;
#8393 = PLANE ( 'NONE',  #4200 ) ;
#8394 = COLOUR_RGB ( '',0.8196078431372548767, 0.7058823529411764053, 0.5254901960784313930 ) ;
#8395 = ORIENTED_EDGE ( 'NONE', *, *, #9410, .F. ) ;
#8396 = ADVANCED_FACE ( 'NONE', ( #8049 ), #2658, .F. ) ;
#8397 =( NAMED_UNIT ( * ) SI_UNIT ( $, .STERADIAN. ) SOLID_ANGLE_UNIT ( ) );
#8398 = VERTEX_POINT ( 'NONE', #5432 ) ;
#8399 = FILL_AREA_STYLE ('',( #1318 ) ) ;
#8400 = ADVANCED_FACE ( 'NONE', ( #2713 ), #4553, .T. ) ;
#8401 = DIRECTION ( 'NONE',  ( 0.0000000000000000000, 0.0000000000000000000, 1.000000000000000000 ) ) ;
#8402 = LINE ( 'NONE', #5507, #2747 ) ;
#8403 = COLOUR_RGB ( '',0.8196078431372548767, 0.7058823529411764053, 0.5254901960784313930 ) ;
#8404 = ADVANCED_FACE ( 'NONE', ( #1306 ), #11210, .T. ) ;
#8405 = PRESENTATION_STYLE_ASSIGNMENT (( #4845 ) ) ;
#8406 = VERTEX_POINT ( 'NONE', #3113 ) ;
#8407 =( NAMED_UNIT ( * ) SI_UNIT ( $, .STERADIAN. ) SOLID_ANGLE_UNIT ( ) );
#8408 =( LENGTH_UNIT ( ) NAMED_UNIT ( * ) SI_UNIT ( .MILLI., .METRE. ) );
#8409 = CARTESIAN_POINT ( 'NONE',  ( 16.00000000000000000, 6.730000000000000426, 1.000000000000000000 ) ) ;
#8410 = COLOUR_RGB ( '',0.8196078431372548767, 0.7058823529411764053, 0.5254901960784313930 ) ;
#8411 = ORIENTED_EDGE ( 'NONE', *, *, #6238, .T. ) ;
#8412 = FILL_AREA_STYLE ('',( #11121 ) ) ;
#8413 = CARTESIAN_POINT ( 'NONE',  ( 9.400000000000000355, 15.50000000000000000, 0.0000000000000000000 ) ) ;
#8415 = ORIENTED_EDGE ( 'NONE', *, *, #10302, .T. ) ;
#8414 =( NAMED_UNIT ( * ) SI_UNIT ( $, .STERADIAN. ) SOLID_ANGLE_UNIT ( ) );
#8416 = ORIENTED_EDGE ( 'NONE', *, *, #7232, .T. ) ;
#8417 = MECHANICAL_DESIGN_GEOMETRIC_PRESENTATION_REPRESENTATION (  '', ( #9538 ), #5075 ) ;
#8418 = EDGE_CURVE ( 'NONE', #1972, #5969, #9156, .T. ) ;
#8419 =( NAMED_UNIT ( * ) PLANE_ANGLE_UNIT ( ) SI_UNIT ( $, .RADIAN. ) );
#8420 = LINE ( 'NONE', #11073, #4830 ) ;
#8421 = LINE ( 'NONE', #2975, #4288 ) ;
#8422 = LINE ( 'NONE', #9356, #1354 ) ;
#8423 = VERTEX_POINT ( 'NONE', #11100 ) ;
#8424 = DIRECTION ( 'NONE',  ( 0.0000000000000000000, 0.0000000000000000000, 1.000000000000000000 ) ) ;
#8426 = ORIENTED_EDGE ( 'NONE', *, *, #7310, .T. ) ;
#8425 = SURFACE_STYLE_FILL_AREA ( #7647 ) ;
#8427 = VERTEX_POINT ( 'NONE', #6670 ) ;
#8428 = COLOUR_RGB ( '',0.8196078431372548767, 0.7058823529411764053, 0.5254901960784313930 ) ;
#8429 = CARTESIAN_POINT ( 'NONE',  ( 15.12500000000000000, 0.8749999999999990008, 1.899999999999999911 ) ) ;
#8430 =( LENGTH_UNIT ( ) NAMED_UNIT ( * ) SI_UNIT ( .MILLI., .METRE. ) );
#8431 = UNCERTAINTY_MEASURE_WITH_UNIT (LENGTH_MEASURE( 1.000000000000000082E-05 ), #3792, 'distance_accuracy_value', 'NONE');
#8432 = ORIENTED_EDGE ( 'NONE', *, *, #6436, .F. ) ;
#8433 = DIRECTION ( 'NONE',  ( 0.0000000000000000000, 0.0000000000000000000, 1.000000000000000000 ) ) ;
#8434 = AXIS2_PLACEMENT_3D ( 'NONE', #9628, #8462, #3130 ) ;
#8435 = FACE_OUTER_BOUND ( 'NONE', #963, .T. ) ;
#8436 = EDGE_LOOP ( 'NONE', ( #10540, #4098, #11441, #2247 ) ) ;
#8437 = FACE_BOUND ( 'NONE', #2084, .T. ) ;
#8438 = COLOUR_RGB ( '',0.4313725490196078649, 0.3490196078431372362, 0.2901960784313725172 ) ;
#8439 = COLOUR_RGB ( '',0.8196078431372548767, 0.7058823529411764053, 0.5254901960784313930 ) ;
#8440 = DIRECTION ( 'NONE',  ( 1.000000000000000000, -2.775557561562888827E-14, 0.0000000000000000000 ) ) ;
#8441 = DIRECTION ( 'NONE',  ( -0.0000000000000000000, 1.000000000000000000, 0.0000000000000000000 ) ) ;
#8442 = LINE ( 'NONE', #3244, #2102 ) ;
#8443 = DIRECTION ( 'NONE',  ( 2.775557561562889872E-16, -1.000000000000000000, -0.0000000000000000000 ) ) ;
#8444 = CARTESIAN_POINT ( 'NONE',  ( 15.52500000000000036, 0.8749999999999991118, 1.900000000000000133 ) ) ;
#8445 = AXIS2_PLACEMENT_3D ( 'NONE', #6439, #4657, #8215 ) ;
#8446 =( GEOMETRIC_REPRESENTATION_CONTEXT ( 3 ) GLOBAL_UNCERTAINTY_ASSIGNED_CONTEXT ( ( #6364 ) ) GLOBAL_UNIT_ASSIGNED_CONTEXT ( ( #4440, #844, #1570 ) ) REPRESENTATION_CONTEXT ( 'NONE', 'WORKASPACE' ) );
#8447 = ORIENTED_EDGE ( 'NONE', *, *, #5405, .F. ) ;
#8448 = CARTESIAN_POINT ( 'NONE',  ( -0.1000000000000020040, 7.530000000000000249, 0.4500000000000000666 ) ) ;
#8449 = MECHANICAL_DESIGN_GEOMETRIC_PRESENTATION_REPRESENTATION (  '', ( #10280 ), #783 ) ;
#8450 = ORIENTED_EDGE ( 'NONE', *, *, #11505, .F. ) ;
#8451 = VECTOR ( 'NONE', #9959, 1000.000000000000000 ) ;
#8452 = SURFACE_STYLE_USAGE ( .BOTH. , #9274 ) ;
#8454 = ORIENTED_EDGE ( 'NONE', *, *, #7294, .T. ) ;
#8453 = LINE ( 'NONE', #10239, #6032 ) ;
#8455 = CYLINDRICAL_SURFACE ( 'NONE', #5764, 0.3000000000000016542 ) ;
#8456 = LINE ( 'NONE', #9389, #5416 ) ;
#8457 = FACE_OUTER_BOUND ( 'NONE', #8628, .T. ) ;
#8458 =( GEOMETRIC_REPRESENTATION_CONTEXT ( 3 ) GLOBAL_UNCERTAINTY_ASSIGNED_CONTEXT ( ( #4359 ) ) GLOBAL_UNIT_ASSIGNED_CONTEXT ( ( #1837, #5412, #5243 ) ) REPRESENTATION_CONTEXT ( 'NONE', 'WORKASPACE' ) );
#8459 = LINE ( 'NONE', #422, #9036 ) ;
#8460 = FILL_AREA_STYLE_COLOUR ( '', #3900 ) ;
#8461 = ORIENTED_EDGE ( 'NONE', *, *, #89, .T. ) ;
#8462 = DIRECTION ( 'NONE',  ( 0.0000000000000000000, 0.0000000000000000000, 1.000000000000000000 ) ) ;
#8463 =( NAMED_UNIT ( * ) SI_UNIT ( $, .STERADIAN. ) SOLID_ANGLE_UNIT ( ) );
#8464 = CARTESIAN_POINT ( 'NONE',  ( 15.25000000000000000, 9.470000000000000639, 1.000000000000000000 ) ) ;
#8465 = EDGE_CURVE ( 'NONE', #2169, #6922, #8286, .T. ) ;
#8466 = ORIENTED_EDGE ( 'NONE', *, *, #4258, .T. ) ;
#8467 = CARTESIAN_POINT ( 'NONE',  ( 0.8750000000000033307, 7.999999999999989342, 2.299999999999999822 ) ) ;
#8468 = LINE ( 'NONE', #9455, #11047 ) ;
#8469 = COLOUR_RGB ( '',0.1803921568627450955, 0.4627450980392157076, 0.2823529411764705843 ) ;
#8470 = EDGE_CURVE ( 'NONE', #4655, #6762, #1195, .T. ) ;
#8472 = ORIENTED_EDGE ( 'NONE', *, *, #10803, .T. ) ;
#8471 = DIRECTION ( 'NONE',  ( 0.0000000000000000000, 0.0000000000000000000, 1.000000000000000000 ) ) ;
#8474 = ORIENTED_EDGE ( 'NONE', *, *, #10646, .F. ) ;
#8473 = FACE_OUTER_BOUND ( 'NONE', #11454, .T. ) ;
#8475 = CARTESIAN_POINT ( 'NONE',  ( 16.00000000000000000, 1.649999999999989919, -0.1000000000000000472 ) ) ;
#8476 = COLOUR_RGB ( '',0.8196078431372548767, 0.7058823529411764053, 0.5254901960784313930 ) ;
#8477 = CARTESIAN_POINT ( 'NONE',  ( 15.52500000000000036, 15.52500000000000036, 0.9000000000000001332 ) ) ;
#8478 = EDGE_CURVE ( 'NONE', #7478, #6573, #9376, .T. ) ;
#8479 = VECTOR ( 'NONE', #6589, 1000.000000000000000 ) ;
#8480 = EDGE_CURVE ( 'NONE', #9350, #3744, #10924, .T. ) ;
#8481 = CARTESIAN_POINT ( 'NONE',  ( 15.52500000000000036, 15.52500000000000036, 0.9350000000000000533 ) ) ;
#8482 = UNCERTAINTY_MEASURE_WITH_UNIT (LENGTH_MEASURE( 1.000000000000000082E-05 ), #2317, 'distance_accuracy_value', 'NONE');
#8483 = EDGE_CURVE ( 'NONE', #6677, #6470, #7787, .T. ) ;
#8484 = ORIENTED_EDGE ( 'NONE', *, *, #2337, .F. ) ;
#8485 = PRESENTATION_LAYER_ASSIGNMENT (  '', '', ( #10332 ) ) ;
#8486 = VERTEX_POINT ( 'NONE', #9436 ) ;
#8487 = DIRECTION ( 'NONE',  ( 1.000000000000000000, 0.0000000000000000000, 0.0000000000000000000 ) ) ;
#8488 = ORIENTED_EDGE ( 'NONE', *, *, #1319, .T. ) ;
#8489 = DIRECTION ( 'NONE',  ( 0.0000000000000000000, 0.0000000000000000000, 1.000000000000000000 ) ) ;
#8490 = SURFACE_STYLE_FILL_AREA ( #2871 ) ;
#8491 = ORIENTED_EDGE ( 'NONE', *, *, #10364, .F. ) ;
#8492 = UNCERTAINTY_MEASURE_WITH_UNIT (LENGTH_MEASURE( 1.000000000000000082E-05 ), #10994, 'distance_accuracy_value', 'NONE');
#8493 = MECHANICAL_DESIGN_GEOMETRIC_PRESENTATION_REPRESENTATION (  '', ( #5150 ), #438 ) ;
#8494 = FILL_AREA_STYLE_COLOUR ( '', #10357 ) ;
#8495 = DIRECTION ( 'NONE',  ( -0.0000000000000000000, -0.0000000000000000000, -1.000000000000000000 ) ) ;
#8496 = CARTESIAN_POINT ( 'NONE',  ( 8.900000000000000355, 0.5000000000000000000, 0.0000000000000000000 ) ) ;
#8497 = FILL_AREA_STYLE ('',( #2239 ) ) ;
#8498 = CARTESIAN_POINT ( 'NONE',  ( 1.500000000000000444, 9.269999999999999574, 0.0000000000000000000 ) ) ;
#8499 = CARTESIAN_POINT ( 'NONE',  ( 9.150000000000000355, 0.5000000000000000000, -0.03500000000000000333 ) ) ;
#8500 = LINE ( 'NONE', #8557, #2941 ) ;
#8501 = CARTESIAN_POINT ( 'NONE',  ( 15.25000000000000000, 4.690000000000000391, -0.1000000000000000056 ) ) ;
#8502 = ORIENTED_EDGE ( 'NONE', *, *, #7896, .F. ) ;
#8503 = CARTESIAN_POINT ( 'NONE',  ( -0.1000000000000040024, 15.35000000000000142, 1.000000000000000000 ) ) ;
#8504 = LINE ( 'NONE', #466, #1144 ) ;
#8505 = CARTESIAN_POINT ( 'NONE',  ( -4.440892098500630106E-15, 16.00000000000000000, 0.0000000000000000000 ) ) ;
#8506 = PRESENTATION_STYLE_ASSIGNMENT (( #4955 ) ) ;
#8507 = ORIENTED_EDGE ( 'NONE', *, *, #9971, .F. ) ;
#8508 = LINE ( 'NONE', #10237, #1045 ) ;
#8509 = CARTESIAN_POINT ( 'NONE',  ( 8.000000000000000000, 4.190000000000000391, 0.0000000000000000000 ) ) ;
#8510 = DIRECTION ( 'NONE',  ( 0.0000000000000000000, 0.0000000000000000000, -1.000000000000000000 ) ) ;
#8511 = FILL_AREA_STYLE_COLOUR ( '', #3041 ) ;
#8512 = CARTESIAN_POINT ( 'NONE',  ( -0.9000000000000000222, -0.9000000000000091260, 6.450000000000000178 ) ) ;
#8513 = CARTESIAN_POINT ( 'NONE',  ( -6.800116025829060144E-16, 2.449999999999989964, -0.09999999999999879818 ) ) ;
#8514 = DIRECTION ( 'NONE',  ( 1.000000000000000000, 3.700743415417190112E-16, 0.0000000000000000000 ) ) ;
#8515 = ORIENTED_EDGE ( 'NONE', *, *, #8542, .F. ) ;
#8516 = SURFACE_STYLE_USAGE ( .BOTH. , #10309 ) ;
#8517 = VECTOR ( 'NONE', #7210, 1000.000000000000000 ) ;
#8518 = ORIENTED_EDGE ( 'NONE', *, *, #8976, .F. ) ;
#8519 = CARTESIAN_POINT ( 'NONE',  ( 17.17309199177841705, -0.9991877486788813822, 6.075283505579361254 ) ) ;
#8521 = ORIENTED_EDGE ( 'NONE', *, *, #8039, .F. ) ;
#8520 = CARTESIAN_POINT ( 'NONE',  ( 14.50000000000000000, 14.34999999999999964, 0.0000000000000000000 ) ) ;
#8522 = DIRECTION ( 'NONE',  ( -0.0000000000000000000, -0.0000000000000000000, -1.000000000000000000 ) ) ;
#8524 = EDGE_LOOP ( 'NONE', ( #8184, #2972, #5261, #2 ) ) ;
#8523 = FILL_AREA_STYLE ('',( #4801 ) ) ;
#8525 = PRESENTATION_LAYER_ASSIGNMENT (  '', '', ( #8351 ) ) ;
#8526 = ADVANCED_FACE ( 'NONE', ( #3356 ), #5928, .T. ) ;
#8527 = FACE_OUTER_BOUND ( 'NONE', #7400, .T. ) ;
#8528 = EDGE_CURVE ( 'NONE', #835, #10227, #1494, .T. ) ;
#8529 = PLANE ( 'NONE',  #8374 ) ;
#8530 =( NAMED_UNIT ( * ) SI_UNIT ( $, .STERADIAN. ) SOLID_ANGLE_UNIT ( ) );
#8531 = CARTESIAN_POINT ( 'NONE',  ( 15.45021962980673358, 0.7383394144550322613, 2.130940107675850292 ) ) ;
#8532 = ORIENTED_EDGE ( 'NONE', *, *, #6478, .T. ) ;
#8533 = CARTESIAN_POINT ( 'NONE',  ( 16.10000000000000142, 6.830000000000000071, 0.4500000000000000666 ) ) ;
#8534 = AXIS2_PLACEMENT_3D ( 'NONE', #11175, #10296, #2312 ) ;
#8535 = SURFACE_STYLE_USAGE ( .BOTH. , #11137 ) ;
#8537 = ORIENTED_EDGE ( 'NONE', *, *, #6390, .T. ) ;
#8536 = LINE ( 'NONE', #9421, #4714 ) ;
#8538 = EDGE_CURVE ( 'NONE', #1324, #1423, #3471, .T. ) ;
#8540 = ORIENTED_EDGE ( 'NONE', *, *, #301, .F. ) ;
#8539 =( LENGTH_UNIT ( ) NAMED_UNIT ( * ) SI_UNIT ( .MILLI., .METRE. ) );
#8541 = DIRECTION ( 'NONE',  ( -1.475379434717819995E-16, 1.000000000000000000, 0.0000000000000000000 ) ) ;
#8542 = EDGE_CURVE ( 'NONE', #3638, #5400, #3247, .T. ) ;
#8543 = UNCERTAINTY_MEASURE_WITH_UNIT (LENGTH_MEASURE( 1.000000000000000082E-05 ), #7706, 'distance_accuracy_value', 'NONE');
#8544 = ORIENTED_EDGE ( 'NONE', *, *, #8620, .F. ) ;
#8545 = CARTESIAN_POINT ( 'NONE',  ( 16.00000000000000000, 7.530000000000000249, 0.9999999999999981126 ) ) ;
#8546 = EDGE_LOOP ( 'NONE', ( #6010, #7536, #7442, #531 ) ) ;
#8547 = EDGE_CURVE ( 'NONE', #1646, #1972, #10467, .T. ) ;
#8548 =( GEOMETRIC_REPRESENTATION_CONTEXT ( 3 ) GLOBAL_UNCERTAINTY_ASSIGNED_CONTEXT ( ( #8131 ) ) GLOBAL_UNIT_ASSIGNED_CONTEXT ( ( #1625, #1507, #8705 ) ) REPRESENTATION_CONTEXT ( 'NONE', 'WORKASPACE' ) );
#8549 = CARTESIAN_POINT ( 'NONE',  ( -1.073205080756888474, -1.002495439158735069, 6.393914722355049207 ) ) ;
#8550 = VECTOR ( 'NONE', #1435, 1000.000000000000000 ) ;
#8551 = CARTESIAN_POINT ( 'NONE',  ( 0.8617891222494931114, 0.4409157552305948413, 2.145525200507635510 ) ) ;
#8552 = FILL_AREA_STYLE ('',( #5704 ) ) ;
#8553 = DIRECTION ( 'NONE',  ( 0.0000000000000000000, -0.0000000000000000000, -1.000000000000000000 ) ) ;
#8554 = CARTESIAN_POINT ( 'NONE',  ( 9.150000000000000355, 15.50000000000000000, -0.03500000000000000333 ) ) ;
#8555 = SURFACE_STYLE_FILL_AREA ( #580 ) ;
#8556 = MECHANICAL_DESIGN_GEOMETRIC_PRESENTATION_REPRESENTATION (  '', ( #6676 ), #701 ) ;
#8557 = CARTESIAN_POINT ( 'NONE',  ( 8.000000000000000000, 7.730000000000000426, 0.0000000000000000000 ) ) ;
#8558 = AXIS2_PLACEMENT_3D ( 'NONE', #5259, #5196, #5368 ) ;
#8559 = VECTOR ( 'NONE', #7170, 1000.000000000000000 ) ;
#8560 = EDGE_CURVE ( 'NONE', #9889, #7616, #584, .T. ) ;
#8561 = AXIS2_PLACEMENT_3D ( 'NONE', #11474, #894, #3484 ) ;
#8562 = DIRECTION ( 'NONE',  ( 0.0000000000000000000, -0.0000000000000000000, -1.000000000000000000 ) ) ;
#8563 = EDGE_LOOP ( 'NONE', ( #6127, #9632, #9552, #11310, #6320 ) ) ;
#8564 = FILL_AREA_STYLE ('',( #2308 ) ) ;
#8565 = CARTESIAN_POINT ( 'NONE',  ( 0.7500000000000000000, 0.4749999999999988676, 1.000000000000000000 ) ) ;
#8566 = MECHANICAL_DESIGN_GEOMETRIC_PRESENTATION_REPRESENTATION (  '', ( #2951 ), #9505 ) ;
#8567 = DIRECTION ( 'NONE',  ( -0.0000000000000000000, -0.0000000000000000000, 1.000000000000000000 ) ) ;
#8568 = STYLED_ITEM ( 'NONE', ( #5174 ), #8776 ) ;
#8569 = ORIENTED_EDGE ( 'NONE', *, *, #2321, .F. ) ;
#8570 = PRESENTATION_LAYER_ASSIGNMENT (  '', '', ( #3718 ) ) ;
#8571 = AXIS2_PLACEMENT_3D ( 'NONE', #8606, #7712, #11273 ) ;
#8572 = CIRCLE ( 'NONE', #4479, 0.3999999999999999667 ) ;
#8573 = VECTOR ( 'NONE', #2524, 1000.000000000000000 ) ;
#8574 = FILL_AREA_STYLE ('',( #6628 ) ) ;
#8575 = PLANE ( 'NONE',  #322 ) ;
#8576 = CARTESIAN_POINT ( 'NONE',  ( 16.00000000000000000, 6.929999999999999716, -0.1000000000000014211 ) ) ;
#8577 = STYLED_ITEM ( 'NONE', ( #4631 ), #9129 ) ;
#8578 = FILL_AREA_STYLE ('',( #8460 ) ) ;
#8579 = VERTEX_POINT ( 'NONE', #8744 ) ;
#8580 = PRESENTATION_STYLE_ASSIGNMENT (( #1569 ) ) ;
#8581 = FACE_OUTER_BOUND ( 'NONE', #2797, .T. ) ;
#8582 = AXIS2_PLACEMENT_3D ( 'NONE', #2403, #1590, #5164 ) ;
#8583 = DIRECTION ( 'NONE',  ( 1.000000000000000000, 1.470494072351200091E-16, 0.0000000000000000000 ) ) ;
#8584 = ORIENTED_EDGE ( 'NONE', *, *, #8480, .F. ) ;
#8585 = CARTESIAN_POINT ( 'NONE',  ( 16.75905573160134310, -1.354618705642517407, 6.275878947283347387 ) ) ;
#8586 = CIRCLE ( 'NONE', #3352, 0.3000000000000000444 ) ;
#8588 = ORIENTED_EDGE ( 'NONE', *, *, #3826, .T. ) ;
#8587 = CARTESIAN_POINT ( 'NONE',  ( 16.89999999999999858, 17.19999999999999929, 6.150000000000000355 ) ) ;
#8589 = DIRECTION ( 'NONE',  ( -1.475379434717819995E-16, 1.000000000000000000, 0.0000000000000000000 ) ) ;
#8591 = VERTEX_POINT ( 'NONE', #7731 ) ;
#8590 = SURFACE_STYLE_USAGE ( .BOTH. , #2455 ) ;
#8592 = AXIS2_PLACEMENT_3D ( 'NONE', #4633, #10776, #2565 ) ;
#8593 = CARTESIAN_POINT ( 'NONE',  ( 15.25000000000000000, 4.690000000000000391, 1.000000000000000000 ) ) ;
#8594 = VECTOR ( 'NONE', #5877, 1000.000000000000000 ) ;
#8595 = DIRECTION ( 'NONE',  ( -1.000000000000000000, -0.0000000000000000000, -0.0000000000000000000 ) ) ;
#8596 = DIRECTION ( 'NONE',  ( 0.0000000000000000000, -0.0000000000000000000, 1.000000000000000000 ) ) ;
#8597 = UNCERTAINTY_MEASURE_WITH_UNIT (LENGTH_MEASURE( 1.000000000000000082E-05 ), #2680, 'distance_accuracy_value', 'NONE');
#8598 = MECHANICAL_DESIGN_GEOMETRIC_PRESENTATION_REPRESENTATION (  '', ( #5252 ), #5445 ) ;
#8599 = CARTESIAN_POINT ( 'NONE',  ( 16.10000000000000142, 6.929999999999999716, 0.4500000000000000666 ) ) ;
#8600 = ORIENTED_EDGE ( 'NONE', *, *, #11020, .T. ) ;
#8601 = DIRECTION ( 'NONE',  ( 0.0000000000000000000, -0.0000000000000000000, 1.000000000000000000 ) ) ;
#8602 = ORIENTED_EDGE ( 'NONE', *, *, #10082, .F. ) ;
#8603 = VECTOR ( 'NONE', #9328, 1000.000000000000000 ) ;
#8604 = EDGE_LOOP ( 'NONE', ( #5795, #2047, #8647, #8191, #8212 ) ) ;
#8605 = ADVANCED_FACE ( 'NONE', ( #706 ), #11469, .T. ) ;
#8607 = ORIENTED_EDGE ( 'NONE', *, *, #5702, .F. ) ;
#8606 = CARTESIAN_POINT ( 'NONE',  ( -0.1000000000000030032, 11.91000000000000014, 0.4500000000000000666 ) ) ;
#8608 = CARTESIAN_POINT ( 'NONE',  ( -3.748520591151384608E-15, 15.15000000000000036, -0.1000000000000014211 ) ) ;
#8609 = SURFACE_STYLE_FILL_AREA ( #10970 ) ;
#8610 = ORIENTED_EDGE ( 'NONE', *, *, #7161, .F. ) ;
#8611 = CARTESIAN_POINT ( 'NONE',  ( 9.040118242601163701, 7.485599831084043032, 6.950000000000001066 ) ) ;
#8612 = DIRECTION ( 'NONE',  ( 1.000000000000000000, 0.0000000000000000000, -0.0000000000000000000 ) ) ;
#8613 = DIRECTION ( 'NONE',  ( 1.000000000000000000, 7.401486830834380223E-16, 0.0000000000000000000 ) ) ;
#8614 = ORIENTED_EDGE ( 'NONE', *, *, #6452, .F. ) ;
#8615 = PRESENTATION_LAYER_ASSIGNMENT (  '', '', ( #2253 ) ) ;
#8617 = EDGE_CURVE ( 'NONE', #11076, #7758, #4421, .T. ) ;
#8616 = UNCERTAINTY_MEASURE_WITH_UNIT (LENGTH_MEASURE( 1.000000000000000082E-05 ), #10983, 'distance_accuracy_value', 'NONE');
#8618 = FILL_AREA_STYLE ('',( #10455 ) ) ;
#8619 =( NAMED_UNIT ( * ) PLANE_ANGLE_UNIT ( ) SI_UNIT ( $, .RADIAN. ) );
#8620 = EDGE_CURVE ( 'NONE', #2845, #1311, #1732, .T. ) ;
#8621 = CARTESIAN_POINT ( 'NONE',  ( 0.4750000000000029754, 0.4749999999999989786, 0.9350000000000000533 ) ) ;
#8622 = EDGE_CURVE ( 'NONE', #5626, #9217, #2591, .T. ) ;
#8623 = DIRECTION ( 'NONE',  ( -1.659300716151730101E-16, 1.000000000000000000, -0.0000000000000000000 ) ) ;
#8624 = VECTOR ( 'NONE', #3737, 1000.000000000000000 ) ;
#8625 = PRESENTATION_LAYER_ASSIGNMENT (  '', '', ( #5089 ) ) ;
#8626 = AXIS2_PLACEMENT_3D ( 'NONE', #90, #9190, #10693 ) ;
#8627 = DIRECTION ( 'NONE',  ( 1.000000000000000000, -0.0000000000000000000, 0.0000000000000000000 ) ) ;
#8628 = EDGE_LOOP ( 'NONE', ( #2292, #2926, #2830, #315, #7113, #3896, #5348, #9460, #1200, #5554, #4214, #9399, #3910, #3142, #27, #3952, #5396, #9996, #8889, #4637, #6086, #4151, #8804, #7527, #7589, #4721 ) ) ;
#8629 = ADVANCED_FACE ( 'NONE', ( #6324 ), #10635, .T. ) ;
#8630 = FILL_AREA_STYLE_COLOUR ( '', #1148 ) ;
#8631 = EDGE_CURVE ( 'NONE', #11461, #6203, #5359, .T. ) ;
#8632 = LINE ( 'NONE', #4196, #2281 ) ;
#8633 = SURFACE_SIDE_STYLE ('',( #9504 ) ) ;
#8634 = CARTESIAN_POINT ( 'NONE',  ( 16.10000000000000142, 14.34999999999999964, 1.000000000000000000 ) ) ;
#8635 = PRESENTATION_LAYER_ASSIGNMENT (  '', '', ( #7679 ) ) ;
#8636 = CARTESIAN_POINT ( 'NONE',  ( 17.19999999999999929, -0.9000000000000070166, 2.299999999999999822 ) ) ;
#8637 = CYLINDRICAL_SURFACE ( 'NONE', #1712, 0.3000000000000016542 ) ;
#8638 = EDGE_CURVE ( 'NONE', #7844, #312, #3530, .T. ) ;
#8639 = AXIS2_PLACEMENT_3D ( 'NONE', #484, #11124, #1392 ) ;
#8640 = CARTESIAN_POINT ( 'NONE',  ( 15.52499999999999858, 11.81000000000000050, 1.000000000000000000 ) ) ;
#8641 = VECTOR ( 'NONE', #1035, 1000.000000000000000 ) ;
#8642 = FACE_OUTER_BOUND ( 'NONE', #1605, .T. ) ;
#8643 =( LENGTH_UNIT ( ) NAMED_UNIT ( * ) SI_UNIT ( .MILLI., .METRE. ) );
#8644 = CIRCLE ( 'NONE', #11227, 0.3999999999999993006 ) ;
#8645 = DIRECTION ( 'NONE',  ( 1.000000000000000000, 0.0000000000000000000, 0.0000000000000000000 ) ) ;
#8646 = CIRCLE ( 'NONE', #4720, 0.2500000000000002220 ) ;
#8647 = ORIENTED_EDGE ( 'NONE', *, *, #10100, .F. ) ;
#8648 = CARTESIAN_POINT ( 'NONE',  ( 9.400000000000000355, 15.09000000000000163, -0.03500000000000000333 ) ) ;
#8649 = CARTESIAN_POINT ( 'NONE',  ( 15.12500000000000000, 15.12500000000000000, 1.000000000000000000 ) ) ;
#8650 = VECTOR ( 'NONE', #5500, 1000.000000000000000 ) ;
#8651 = CARTESIAN_POINT ( 'NONE',  ( 16.10000000000000142, 2.649999999999990141, 1.000000000000000000 ) ) ;
#8652 = AXIS2_PLACEMENT_3D ( 'NONE', #4015, #10119, #1245 ) ;
#8653 = ORIENTED_EDGE ( 'NONE', *, *, #10152, .T. ) ;
#8654 = DIRECTION ( 'NONE',  ( 0.0000000000000000000, 0.0000000000000000000, -1.000000000000000000 ) ) ;
#8655 = CARTESIAN_POINT ( 'NONE',  ( 16.00000000000000000, 4.690000000000000391, -0.1000000000000028644 ) ) ;
#8656 = VECTOR ( 'NONE', #9688, 1000.000000000000000 ) ;
#8658 = EDGE_LOOP ( 'NONE', ( #10450, #634 ) ) ;
#8657 = DIRECTION ( 'NONE',  ( 0.0000000000000000000, 0.0000000000000000000, 1.000000000000000000 ) ) ;
#8660 = EDGE_LOOP ( 'NONE', ( #1975, #3763, #9761, #285 ) ) ;
#8659 = CARTESIAN_POINT ( 'NONE',  ( 15.25000000000000000, 12.31000000000000227, -0.1000000000000000056 ) ) ;
#8661 = STYLED_ITEM ( 'NONE', ( #11048 ), #1162 ) ;
#8662 = CARTESIAN_POINT ( 'NONE',  ( 1.278235863450718490, 15.29312110495042809, 2.531865753215834847 ) ) ;
#8663 = CIRCLE ( 'NONE', #4185, 0.3000000000000016542 ) ;
#8664 = DIRECTION ( 'NONE',  ( -1.000000000000000000, -0.0000000000000000000, -0.0000000000000000000 ) ) ;
#8665 = DIRECTION ( 'NONE',  ( 1.000000000000000000, 0.0000000000000000000, 0.0000000000000000000 ) ) ;
#8666 = STYLED_ITEM ( 'NONE', ( #10906 ), #6176 ) ;
#8667 = PRESENTATION_STYLE_ASSIGNMENT (( #7644 ) ) ;
#8668 = AXIS2_PLACEMENT_3D ( 'NONE', #9227, #1204, #8348 ) ;
#8669 = ORIENTED_EDGE ( 'NONE', *, *, #9954, .F. ) ;
#8670 = FACE_OUTER_BOUND ( 'NONE', #3680, .T. ) ;
#8671 = ORIENTED_EDGE ( 'NONE', *, *, #9810, .T. ) ;
#8672 = ORIENTED_EDGE ( 'NONE', *, *, #1702, .T. ) ;
#8673 = VERTEX_POINT ( 'NONE', #10807 ) ;
#8674 = VECTOR ( 'NONE', #1235, 1000.000000000000000 ) ;
#8675 = DIRECTION ( 'NONE',  ( -1.000000000000000000, -2.775557561562889872E-16, 0.0000000000000000000 ) ) ;
#8676 = ORIENTED_EDGE ( 'NONE', *, *, #9728, .T. ) ;
#8677 = DIRECTION ( 'NONE',  ( -1.000000000000000000, 0.0000000000000000000, -0.0000000000000000000 ) ) ;
#8678 = DIRECTION ( 'NONE',  ( 1.000000000000000000, 0.0000000000000000000, 0.0000000000000000000 ) ) ;
#8679 = VERTEX_POINT ( 'NONE', #4599 ) ;
#8680 = STYLED_ITEM ( 'NONE', ( #5178 ), #5971 ) ;
#8681 = DIRECTION ( 'NONE',  ( 0.0000000000000000000, 0.0000000000000000000, 1.000000000000000000 ) ) ;
#8682 = CARTESIAN_POINT ( 'NONE',  ( 0.8749999999999975575, 15.12500000000000000, 1.899999999999999911 ) ) ;
#8683 = ORIENTED_EDGE ( 'NONE', *, *, #10236, .T. ) ;
#8684 = LINE ( 'NONE', #4356, #4309 ) ;
#8685 = CARTESIAN_POINT ( 'NONE',  ( -1.199999999999999956, 17.19999999999999929, 2.299999999999999822 ) ) ;
#8686 = PRESENTATION_LAYER_ASSIGNMENT (  '', '', ( #1595 ) ) ;
#8687 = EDGE_CURVE ( 'NONE', #4336, #1229, #8211, .T. ) ;
#8688 = CARTESIAN_POINT ( 'NONE',  ( 0.02329703753469193964, 17.14375597602062129, 6.292788944843388244 ) ) ;
#8689 = STYLED_ITEM ( 'NONE', ( #5719 ), #4055 ) ;
#8690 = EDGE_LOOP ( 'NONE', ( #42, #10929, #939, #3374 ) ) ;
#8691 = FILL_AREA_STYLE_COLOUR ( '', #8265 ) ;
#8692 = EDGE_CURVE ( 'NONE', #7572, #495, #98, .T. ) ;
#8693 = LINE ( 'NONE', #5873, #2078 ) ;
#8694 = CARTESIAN_POINT ( 'NONE',  ( 0.7500000000000000000, 2.449999999999989964, -0.1000000000000000056 ) ) ;
#8695 = LINE ( 'NONE', #650, #9282 ) ;
#8696 = CARTESIAN_POINT ( 'NONE',  ( 16.10000000000000142, 14.55000000000000071, -0.1000000000000000056 ) ) ;
#8697 = SURFACE_STYLE_USAGE ( .BOTH. , #10299 ) ;
#8698 = ADVANCED_FACE ( 'NONE', ( #882 ), #8862, .T. ) ;
#8699 = CARTESIAN_POINT ( 'NONE',  ( 8.761508322821635275, 6.129156791033620877, 6.500000000000000000 ) ) ;
#8700 =( NAMED_UNIT ( * ) SI_UNIT ( $, .STERADIAN. ) SOLID_ANGLE_UNIT ( ) );
#8701 = EDGE_CURVE ( 'NONE', #9157, #4994, #4814, .T. ) ;
#8702 = SURFACE_STYLE_USAGE ( .BOTH. , #2555 ) ;
#8703 = FACE_OUTER_BOUND ( 'NONE', #11541, .T. ) ;
#8704 = ADVANCED_FACE ( 'NONE', ( #6612 ), #7359, .T. ) ;
#8705 =( NAMED_UNIT ( * ) SI_UNIT ( $, .STERADIAN. ) SOLID_ANGLE_UNIT ( ) );
#8706 = VERTEX_POINT ( 'NONE', #3869 ) ;
#8707 = DIRECTION ( 'NONE',  ( 1.000000000000000000, 2.775557561562889872E-16, -0.0000000000000000000 ) ) ;
#8708 = SURFACE_SIDE_STYLE ('',( #4211 ) ) ;
#8709 = ADVANCED_FACE ( 'NONE', ( #8435 ), #7416, .T. ) ;
#8710 = CARTESIAN_POINT ( 'NONE',  ( 16.00000000000000000, 7.230000000000000426, -21.65413869472860142 ) ) ;
#8711 = PRESENTATION_STYLE_ASSIGNMENT (( #8058 ) ) ;
#8713 = ORIENTED_EDGE ( 'NONE', *, *, #5344, .F. ) ;
#8712 = FACE_OUTER_BOUND ( 'NONE', #2525, .T. ) ;
#8714 = PLANE ( 'NONE',  #253 ) ;
#8715 = VECTOR ( 'NONE', #7044, 1000.000000000000000 ) ;
#8717 = ORIENTED_EDGE ( 'NONE', *, *, #2962, .T. ) ;
#8716 =( LENGTH_UNIT ( ) NAMED_UNIT ( * ) SI_UNIT ( .MILLI., .METRE. ) );
#8718 = CARTESIAN_POINT ( 'NONE',  ( 0.6440598923241531715, 0.6440598923241483975, 2.130940107675850292 ) ) ;
#8719 = CARTESIAN_POINT ( 'NONE',  ( 1.500000000000000000, 4.189999999999989733, 0.0000000000000000000 ) ) ;
#8720 = CARTESIAN_POINT ( 'NONE',  ( 0.7427496684281540418, 15.48912265570455205, 1.800378007439138672 ) ) ;
#8721 = PRESENTATION_STYLE_ASSIGNMENT (( #10652 ) ) ;
#8722 = CARTESIAN_POINT ( 'NONE',  ( 1.500000000000000000, 5.189999999999989733, -0.1000000000000000472 ) ) ;
#8723 = LINE ( 'NONE', #5845, #537 ) ;
#8724 = ORIENTED_EDGE ( 'NONE', *, *, #4895, .F. ) ;
#8725 =( NAMED_UNIT ( * ) SI_UNIT ( $, .STERADIAN. ) SOLID_ANGLE_UNIT ( ) );
#8726 = ORIENTED_EDGE ( 'NONE', *, *, #11074, .F. ) ;
#8728 = VERTEX_POINT ( 'NONE', #2355 ) ;
#8727 = SURFACE_STYLE_FILL_AREA ( #7890 ) ;
#8729 = STYLED_ITEM ( 'NONE', ( #9402 ), #6550 ) ;
#8730 = EDGE_LOOP ( 'NONE', ( #9111, #4226, #5355, #5658 ) ) ;
#8731 = SURFACE_STYLE_USAGE ( .BOTH. , #7835 ) ;
#8732 = ORIENTED_EDGE ( 'NONE', *, *, #357, .T. ) ;
#8733 = FILL_AREA_STYLE_COLOUR ( '', #10951 ) ;
#8734 = ORIENTED_EDGE ( 'NONE', *, *, #2487, .F. ) ;
#8735 = VECTOR ( 'NONE', #10389, 1000.000000000000000 ) ;
#8736 = UNCERTAINTY_MEASURE_WITH_UNIT (LENGTH_MEASURE( 1.000000000000000082E-05 ), #4417, 'distance_accuracy_value', 'NONE');
#8737 = AXIS2_PLACEMENT_3D ( 'NONE', #7473, #6555, #4114 ) ;
#8738 = ORIENTED_EDGE ( 'NONE', *, *, #6599, .F. ) ;
#8739 = FILL_AREA_STYLE_COLOUR ( '', #8403 ) ;
#8740 = FILL_AREA_STYLE ('',( #4418 ) ) ;
#8741 = EDGE_CURVE ( 'NONE', #8897, #10459, #2764, .T. ) ;
#8742 =( NAMED_UNIT ( * ) PLANE_ANGLE_UNIT ( ) SI_UNIT ( $, .RADIAN. ) );
#8743 = SURFACE_STYLE_USAGE ( .BOTH. , #2364 ) ;
#8744 = CARTESIAN_POINT ( 'NONE',  ( 16.00000000000000000, 4.190000000000000391, 0.0000000000000000000 ) ) ;
#8745 = ORIENTED_EDGE ( 'NONE', *, *, #10671, .T. ) ;
#8746 = DIRECTION ( 'NONE',  ( -1.000000000000000000, 0.0000000000000000000, -0.0000000000000000000 ) ) ;
#8747 = DIRECTION ( 'NONE',  ( 0.0000000000000000000, 0.0000000000000000000, 1.000000000000000000 ) ) ;
#8748 = SURFACE_SIDE_STYLE ('',( #5190 ) ) ;
#8749 = DIRECTION ( 'NONE',  ( -0.0000000000000000000, -0.0000000000000000000, -1.000000000000000000 ) ) ;
#8750 = STYLED_ITEM ( 'NONE', ( #10349 ), #8526 ) ;
#8751 = FILL_AREA_STYLE_COLOUR ( '', #980 ) ;
#8752 = MECHANICAL_DESIGN_GEOMETRIC_PRESENTATION_REPRESENTATION (  '', ( #9490 ), #5751 ) ;
#8753 = CARTESIAN_POINT ( 'NONE',  ( 9.591030842093744013, 6.606073173962945688, 6.500000000000000888 ) ) ;
#8754 = EDGE_CURVE ( 'NONE', #6640, #11328, #6900, .T. ) ;
#8755 = LINE ( 'NONE', #9788, #1845 ) ;
#8756 = CARTESIAN_POINT ( 'NONE',  ( -0.9000000000000002442, -0.9000000000000095701, 6.150000000000000355 ) ) ;
#8757 = ORIENTED_EDGE ( 'NONE', *, *, #1970, .F. ) ;
#8758 = CIRCLE ( 'NONE', #9852, 0.3999999999999999667 ) ;
#8759 = CIRCLE ( 'NONE', #8938, 0.2999999999999999889 ) ;
#8760 = PRESENTATION_STYLE_ASSIGNMENT (( #5200 ) ) ;
#8761 = EDGE_CURVE ( 'NONE', #6336, #663, #510, .T. ) ;
#8762 = ORIENTED_EDGE ( 'NONE', *, *, #8761, .T. ) ;
#8763 = VECTOR ( 'NONE', #1128, 1000.000000000000000 ) ;
#8764 = CARTESIAN_POINT ( 'NONE',  ( 8.900000000000000355, 15.25000000000000000, 0.0000000000000000000 ) ) ;
#8765 = FACE_OUTER_BOUND ( 'NONE', #5909, .T. ) ;
#8766 = EDGE_CURVE ( 'NONE', #8974, #5836, #4466, .T. ) ;
#8768 = EDGE_LOOP ( 'NONE', ( #382, #4853, #3801, #8584 ) ) ;
#8767 = SURFACE_STYLE_FILL_AREA ( #3323 ) ;
#8769 = VECTOR ( 'NONE', #3627, 1000.000000000000000 ) ;
#8770 = ORIENTED_EDGE ( 'NONE', *, *, #7519, .T. ) ;
#8771 = CIRCLE ( 'NONE', #320, 0.2999999999999999889 ) ;
#8772 = FILL_AREA_STYLE_COLOUR ( '', #2449 ) ;
#8773 = PRESENTATION_LAYER_ASSIGNMENT (  '', '', ( #4109 ) ) ;
#8774 = DIRECTION ( 'NONE',  ( 0.0000000000000000000, 0.0000000000000000000, -1.000000000000000000 ) ) ;
#8775 = DIRECTION ( 'NONE',  ( 0.0000000000000000000, 0.0000000000000000000, 1.000000000000000000 ) ) ;
#8776 = ADVANCED_FACE ( 'NONE', ( #690 ), #11393, .T. ) ;
#8777 = STYLED_ITEM ( 'NONE', ( #5372 ), #9398 ) ;
#8778 = CYLINDRICAL_SURFACE ( 'NONE', #8582, 0.2999999999999999889 ) ;
#8779 = EDGE_LOOP ( 'NONE', ( #9870, #1355, #8378, #7567 ) ) ;
#8780 = VECTOR ( 'NONE', #11371, 1000.000000000000000 ) ;
#8781 =( NAMED_UNIT ( * ) SI_UNIT ( $, .STERADIAN. ) SOLID_ANGLE_UNIT ( ) );
#8782 = ORIENTED_EDGE ( 'NONE', *, *, #10, .F. ) ;
#8783 = VECTOR ( 'NONE', #6191, 1000.000000000000000 ) ;
#8784 = EDGE_LOOP ( 'NONE', ( #6434, #4500, #10504, #2492, #10544 ) ) ;
#8786 = ORIENTED_EDGE ( 'NONE', *, *, #1622, .F. ) ;
#8785 = LINE ( 'NONE', #865, #3346 ) ;
#8787 = ADVANCED_FACE ( 'NONE', ( #1535, #3344 ), #7720, .T. ) ;
#8788 = FACE_OUTER_BOUND ( 'NONE', #5758, .T. ) ;
#8789 = MECHANICAL_DESIGN_GEOMETRIC_PRESENTATION_REPRESENTATION (  '', ( #8029 ), #1299 ) ;
#8790 = VERTEX_POINT ( 'NONE', #5399 ) ;
#8791 = AXIS2_PLACEMENT_3D ( 'NONE', #497, #385, #3036 ) ;
#8792 = B_SPLINE_CURVE_WITH_KNOTS ( 'NONE', 3,
 ( #10828, #9855, #184, #1875, #6289, #6408, #9967, #8300, #10772, #5448 ),
 .UNSPECIFIED., .F., .F.,
 ( 4, 2, 2, 2, 4 ),
 ( 0.001387565888840754796, 0.001734457361050943062, 0.002081348833261131327, 0.002428240305471319159, 0.002775131777681507424 ),
 .UNSPECIFIED. ) ;
#8793 = DIRECTION ( 'NONE',  ( -1.000000000000000000, -0.0000000000000000000, 0.0000000000000000000 ) ) ;
#8794 = ORIENTED_EDGE ( 'NONE', *, *, #10162, .T. ) ;
#8795 = STYLED_ITEM ( 'NONE', ( #8711 ), #11240 ) ;
#8796 =( NAMED_UNIT ( * ) SI_UNIT ( $, .STERADIAN. ) SOLID_ANGLE_UNIT ( ) );
#8797 =( LENGTH_UNIT ( ) NAMED_UNIT ( * ) SI_UNIT ( .MILLI., .METRE. ) );
#8798 = ORIENTED_EDGE ( 'NONE', *, *, #8638, .F. ) ;
#8799 =( NAMED_UNIT ( * ) SI_UNIT ( $, .STERADIAN. ) SOLID_ANGLE_UNIT ( ) );
#8800 = CARTESIAN_POINT ( 'NONE',  ( 1.500000000000000222, 9.269999999999999574, -0.1000000000000002415 ) ) ;
#8801 = LINE ( 'NONE', #4299, #1480 ) ;
#8802 = COLOUR_RGB ( '',0.8196078431372548767, 0.7058823529411764053, 0.5254901960784313930 ) ;
#8803 = CARTESIAN_POINT ( 'NONE',  ( 8.900000000000000355, 15.08999999999999986, 0.0000000000000000000 ) ) ;
#8804 = ORIENTED_EDGE ( 'NONE', *, *, #4983, .T. ) ;
#8805 =( NAMED_UNIT ( * ) SI_UNIT ( $, .STERADIAN. ) SOLID_ANGLE_UNIT ( ) );
#8806 = FILL_AREA_STYLE_COLOUR ( '', #9375 ) ;
#8807 = DIRECTION ( 'NONE',  ( 1.000000000000000000, 0.0000000000000000000, -0.0000000000000000000 ) ) ;
#8808 =( GEOMETRIC_REPRESENTATION_CONTEXT ( 3 ) GLOBAL_UNCERTAINTY_ASSIGNED_CONTEXT ( ( #1291 ) ) GLOBAL_UNIT_ASSIGNED_CONTEXT ( ( #10183, #2151, #7334 ) ) REPRESENTATION_CONTEXT ( 'NONE', 'WORKASPACE' ) );
#8809 = CARTESIAN_POINT ( 'NONE',  ( 9.840952438093216514, 7.532360582922868808, 6.499999999999998224 ) ) ;
#8810 = CARTESIAN_POINT ( 'NONE',  ( -0.1000000000000040579, 14.84999999999999964, -0.1000000000000000056 ) ) ;
#8811 = DIRECTION ( 'NONE',  ( -0.0000000000000000000, -0.0000000000000000000, -1.000000000000000000 ) ) ;
#8812 = CARTESIAN_POINT ( 'NONE',  ( 9.149999999999989697, 15.50000000000000000, 0.9350000000000000533 ) ) ;
#8813 = ORIENTED_EDGE ( 'NONE', *, *, #5760, .T. ) ;
#8814 = FILL_AREA_STYLE ('',( #6173 ) ) ;
#8815 =( NAMED_UNIT ( * ) SI_UNIT ( $, .STERADIAN. ) SOLID_ANGLE_UNIT ( ) );
#8816 = SURFACE_SIDE_STYLE ('',( #845 ) ) ;
#8817 = COLOUR_RGB ( '',0.8196078431372548767, 0.7058823529411764053, 0.5254901960784313930 ) ;
#8818 = EDGE_LOOP ( 'NONE', ( #11381, #10557, #11008, #3560 ) ) ;
#8819 = MECHANICAL_DESIGN_GEOMETRIC_PRESENTATION_REPRESENTATION (  '', ( #1151 ), #2826 ) ;
#8820 = VECTOR ( 'NONE', #7165, 1000.000000000000000 ) ;
#8821 = CARTESIAN_POINT ( 'NONE',  ( 16.91310618700139301, 17.04651779484239071, 6.429929402683402628 ) ) ;
#8822 = CARTESIAN_POINT ( 'NONE',  ( 0.7500000000000000000, 1.849999999999990097, 1.000000000000000000 ) ) ;
#8824 = ORIENTED_EDGE ( 'NONE', *, *, #1543, .T. ) ;
#8823 = CARTESIAN_POINT ( 'NONE',  ( -1.867950238931831322E-15, 6.729999999999999538, 0.0000000000000000000 ) ) ;
#8825 = DIRECTION ( 'NONE',  ( -0.5773502691896242878, -0.5773502691896278405, 0.5773502691896249539 ) ) ;
#8826 = LINE ( 'NONE', #798, #8656 ) ;
#8827 = FILL_AREA_STYLE_COLOUR ( '', #8394 ) ;
#8828 = VECTOR ( 'NONE', #3542, 1000.000000000000000 ) ;
#8829 = VECTOR ( 'NONE', #6299, 1000.000000000000000 ) ;
#8830 = CARTESIAN_POINT ( 'NONE',  ( 0.8617891222494890036, 15.55908424476939089, 2.145525200507631070 ) ) ;
#8831 = COLOUR_RGB ( '',0.8196078431372548767, 0.7058823529411764053, 0.5254901960784313930 ) ;
#8832 = EDGE_CURVE ( 'NONE', #3231, #9682, #5294, .T. ) ;
#8833 = CARTESIAN_POINT ( 'NONE',  ( 0.4750000000000020317, 4.189999999999988844, 0.9000000000000001332 ) ) ;
#8834 = ORIENTED_EDGE ( 'NONE', *, *, #667, .F. ) ;
#8835 = EDGE_CURVE ( 'NONE', #4655, #9627, #10030, .T. ) ;
#8836 = MECHANICAL_DESIGN_GEOMETRIC_PRESENTATION_REPRESENTATION (  '', ( #3798 ), #8458 ) ;
#8837 = CARTESIAN_POINT ( 'NONE',  ( 16.00000000000000000, 12.00999999999999979, -0.1000000000000010048 ) ) ;
#8838 = ORIENTED_EDGE ( 'NONE', *, *, #5630, .F. ) ;
#8840 = ORIENTED_EDGE ( 'NONE', *, *, #1340, .T. ) ;
#8839 = DIRECTION ( 'NONE',  ( 0.0000000000000000000, -1.000000000000000000, 0.0000000000000000000 ) ) ;
#8841 = VERTEX_POINT ( 'NONE', #1716 ) ;
#8842 = EDGE_CURVE ( 'NONE', #9956, #5286, #5464, .T. ) ;
#8843 = AXIS2_PLACEMENT_3D ( 'NONE', #1588, #7762, #11266 ) ;
#8844 = EDGE_CURVE ( 'NONE', #5690, #2391, #9816, .T. ) ;
#8845 = CARTESIAN_POINT ( 'NONE',  ( 16.82528350557935326, -0.9991877486788900420, 6.423091991778415277 ) ) ;
#8846 = CARTESIAN_POINT ( 'NONE',  ( -4.440892098500630106E-15, 16.00000000000000000, 0.9000000000000001332 ) ) ;
#8847 = VERTEX_POINT ( 'NONE', #10686 ) ;
#8848 = DIRECTION ( 'NONE',  ( 1.000000000000000000, 0.0000000000000000000, 0.0000000000000000000 ) ) ;
#8849 = EDGE_CURVE ( 'NONE', #10405, #7652, #6305, .T. ) ;
#8850 = EDGE_CURVE ( 'NONE', #8790, #2575, #8759, .T. ) ;
#8851 = SURFACE_STYLE_USAGE ( .BOTH. , #4235 ) ;
#8852 = COLOUR_RGB ( '',0.8196078431372548767, 0.7058823529411764053, 0.5254901960784313930 ) ;
#8853 = SURFACE_STYLE_USAGE ( .BOTH. , #5301 ) ;
#8854 = AXIS2_PLACEMENT_3D ( 'NONE', #6045, #1608, #5184 ) ;
#8855 = ORIENTED_EDGE ( 'NONE', *, *, #10739, .T. ) ;
#8856 =( BOUNDED_SURFACE ( )  B_SPLINE_SURFACE ( 3, 3, ( 
 ( #6410, #3849, #6586, #10133 ),
 ( #2506, #424, #9393, #4147 ),
 ( #10360, #4963, #4084, #7628 ),
 ( #7747, #11185, #5885, #4029 ) ),
 .UNSPECIFIED., .F., .F., .F. ) 
 B_SPLINE_SURFACE_WITH_KNOTS ( ( 4, 4 ),
 ( 4, 4 ),
 ( 0.0000000000000000000, 1.000000000000000000 ),
 ( 0.0000000000000000000, 1.000000000000000000 ),
 .UNSPECIFIED. ) 
 GEOMETRIC_REPRESENTATION_ITEM ( )  RATIONAL_B_SPLINE_SURFACE ( (
 ( 1.000000000000000000, 0.3333333333333327597, 0.3333333333333327597, 1.000000000000000000),
 ( 0.9245018060306366969, 0.3081672686768783809, 0.3081672686768783809, 0.9245018060306366969),
 ( 0.9245018060306366969, 0.3081672686768783809, 0.3081672686768783809, 0.9245018060306366969),
 ( 1.000000000000000000, 0.3333333333333327597, 0.3333333333333327597, 1.000000000000000000) ) ) 
 REPRESENTATION_ITEM ( '' )  SURFACE ( )  );
#8857 = DIRECTION ( 'NONE',  ( 1.000000000000000000, 0.0000000000000000000, 0.0000000000000000000 ) ) ;
#8858 = LINE ( 'NONE', #7907, #399 ) ;
#8859 = FILL_AREA_STYLE_COLOUR ( '', #2586 ) ;
#8860 = DIRECTION ( 'NONE',  ( 0.5773502691896247319, -0.5773502691896260641, 0.5773502691896262862 ) ) ;
#8861 = STYLED_ITEM ( 'NONE', ( #7421 ), #10873 ) ;
#8862 = PLANE ( 'NONE',  #5749 ) ;
#8863 = ORIENTED_EDGE ( 'NONE', *, *, #8766, .T. ) ;
#8864 = VECTOR ( 'NONE', #2810, 1000.000000000000000 ) ;
#8865 =( LENGTH_UNIT ( ) NAMED_UNIT ( * ) SI_UNIT ( .MILLI., .METRE. ) );
#8866 = DIRECTION ( 'NONE',  ( 0.0000000000000000000, 0.0000000000000000000, 1.000000000000000000 ) ) ;
#8867 =( NAMED_UNIT ( * ) PLANE_ANGLE_UNIT ( ) SI_UNIT ( $, .RADIAN. ) );
#8868 = STYLED_ITEM ( 'NONE', ( #5802 ), #5743 ) ;
#8869 =( NAMED_UNIT ( * ) PLANE_ANGLE_UNIT ( ) SI_UNIT ( $, .RADIAN. ) );
#8870 = DIRECTION ( 'NONE',  ( -0.8164965809277267006, 0.4082482904638628507, -0.4082482904638618515 ) ) ;
#8871 = VECTOR ( 'NONE', #10606, 1000.000000000000000 ) ;
#8872 = CARTESIAN_POINT ( 'NONE',  ( 16.10000000000000142, 14.84999999999999964, -0.1000000000000000056 ) ) ;
#8873 =( NAMED_UNIT ( * ) SI_UNIT ( $, .STERADIAN. ) SOLID_ANGLE_UNIT ( ) );
#8874 = DIRECTION ( 'NONE',  ( 1.000000000000000000, 1.206764157201260003E-16, 0.0000000000000000000 ) ) ;
#8875 = EDGE_LOOP ( 'NONE', ( #5641, #5693, #4324, #8521 ) ) ;
#8876 = PLANE ( 'NONE',  #772 ) ;
#8877 = CARTESIAN_POINT ( 'NONE',  ( 15.52500000000000036, 0.4749999999999989786, 0.9000000000000001332 ) ) ;
#8878 = ORIENTED_EDGE ( 'NONE', *, *, #3322, .T. ) ;
#8879 =( NAMED_UNIT ( * ) SI_UNIT ( $, .STERADIAN. ) SOLID_ANGLE_UNIT ( ) );
#8880 = CARTESIAN_POINT ( 'NONE',  ( 15.52499999999999858, 6.730000000000000426, 0.9000000000000001332 ) ) ;
#8882 = ORIENTED_EDGE ( 'NONE', *, *, #1782, .T. ) ;
#8881 = FACE_OUTER_BOUND ( 'NONE', #7454, .T. ) ;
#8883 = CARTESIAN_POINT ( 'NONE',  ( -3.712308238590370337E-15, 12.31000000000000227, -0.1000000000000028644 ) ) ;
#8884 = CARTESIAN_POINT ( 'NONE',  ( -1.665334536937730077E-15, 5.189999999999989733, 1.000000000000000000 ) ) ;
#8885 = CARTESIAN_POINT ( 'NONE',  ( 15.32035705978986506, 15.14247491600186102, 2.273239203577872125 ) ) ;
#8886 = DIRECTION ( 'NONE',  ( -0.0000000000000000000, 0.0000000000000000000, 1.000000000000000000 ) ) ;
#8887 = CARTESIAN_POINT ( 'NONE',  ( 0.7427496684281523764, 15.02537800743914254, 2.264122655704556397 ) ) ;
#8888 = CARTESIAN_POINT ( 'NONE',  ( 15.25000000000000000, 4.990000000000000213, -0.1000000000000000056 ) ) ;
#8889 = ORIENTED_EDGE ( 'NONE', *, *, #8922, .T. ) ;
#8890 = LINE ( 'NONE', #8951, #7482 ) ;
#8891 = ORIENTED_EDGE ( 'NONE', *, *, #1913, .T. ) ;
#8892 = EDGE_CURVE ( 'NONE', #4464, #8591, #1780, .T. ) ;
#8893 = VERTEX_POINT ( 'NONE', #85 ) ;
#8894 = ADVANCED_FACE ( 'NONE', ( #1946 ), #9924, .T. ) ;
#8895 = DIRECTION ( 'NONE',  ( -0.0000000000000000000, 1.000000000000000000, 0.0000000000000000000 ) ) ;
#8896 = CARTESIAN_POINT ( 'NONE',  ( -1.319777620523150025E-15, 4.689999999999990621, -0.1000000000000028644 ) ) ;
#8897 = VERTEX_POINT ( 'NONE', #11501 ) ;
#8898 = VECTOR ( 'NONE', #1326, 1000.000000000000000 ) ;
#8899 = EDGE_CURVE ( 'NONE', #7652, #9125, #7060, .T. ) ;
#8900 = LINE ( 'NONE', #6205, #3042 ) ;
#8901 = PLANE ( 'NONE',  #5781 ) ;
#8902 = EDGE_CURVE ( 'NONE', #9052, #7253, #4096, .T. ) ;
#8903 = SURFACE_SIDE_STYLE ('',( #10458 ) ) ;
#8904 = ADVANCED_FACE ( 'NONE', ( #10562 ), #2743, .T. ) ;
#8905 = ORIENTED_EDGE ( 'NONE', *, *, #7301, .T. ) ;
#8906 = DIRECTION ( 'NONE',  ( 0.0000000000000000000, -1.000000000000000000, 0.0000000000000000000 ) ) ;
#8907 = EDGE_CURVE ( 'NONE', #10105, #1524, #10221, .T. ) ;
#8908 = DIRECTION ( 'NONE',  ( -0.0000000000000000000, 0.0000000000000000000, -1.000000000000000000 ) ) ;
#8909 = EDGE_CURVE ( 'NONE', #495, #7085, #8256, .T. ) ;
#8910 = UNCERTAINTY_MEASURE_WITH_UNIT (LENGTH_MEASURE( 1.000000000000000082E-05 ), #7493, 'distance_accuracy_value', 'NONE');
#8911 = AXIS2_PLACEMENT_3D ( 'NONE', #5091, #8654, #7873 ) ;
#8912 = SURFACE_STYLE_USAGE ( .BOTH. , #3355 ) ;
#8913 = DIRECTION ( 'NONE',  ( -1.000000000000000000, -0.0000000000000000000, -0.0000000000000000000 ) ) ;
#8914 = ORIENTED_EDGE ( 'NONE', *, *, #455, .T. ) ;
#8915 = AXIS2_PLACEMENT_3D ( 'NONE', #3756, #10854, #6313 ) ;
#8916 = SURFACE_SIDE_STYLE ('',( #4485 ) ) ;
#8917 = FACE_OUTER_BOUND ( 'NONE', #11149, .T. ) ;
#8918 = DIRECTION ( 'NONE',  ( -0.0000000000000000000, 1.000000000000000000, 0.0000000000000000000 ) ) ;
#8919 = DIRECTION ( 'NONE',  ( 1.000000000000000000, 0.0000000000000000000, 0.0000000000000000000 ) ) ;
#8920 = PRESENTATION_LAYER_ASSIGNMENT (  '', '', ( #6486 ) ) ;
#8921 = CARTESIAN_POINT ( 'NONE',  ( 8.651253140723346391, 0.4749999999999986455, 0.9350000000000000533 ) ) ;
#8922 = EDGE_CURVE ( 'NONE', #3867, #246, #8193, .T. ) ;
#8923 = CARTESIAN_POINT ( 'NONE',  ( 16.00000000000000000, 4.389999999999999680, -0.1000000000000010048 ) ) ;
#8924 = VECTOR ( 'NONE', #5970, 1000.000000000000000 ) ;
#8925 = FILL_AREA_STYLE ('',( #5600 ) ) ;
#8926 = EDGE_LOOP ( 'NONE', ( #8544, #4982, #1987, #6823 ) ) ;
#8927 =( LENGTH_UNIT ( ) NAMED_UNIT ( * ) SI_UNIT ( .MILLI., .METRE. ) );
#8928 = PRESENTATION_LAYER_ASSIGNMENT (  '', '', ( #6128 ) ) ;
#8929 = ORIENTED_EDGE ( 'NONE', *, *, #7379, .T. ) ;
#8930 = SURFACE_SIDE_STYLE ('',( #791 ) ) ;
#8931 = CARTESIAN_POINT ( 'NONE',  ( 8.000000000000000000, 6.730000000000000426, 0.0000000000000000000 ) ) ;
#8932 = PRESENTATION_LAYER_ASSIGNMENT (  '', '', ( #8370 ) ) ;
#8934 = ORIENTED_EDGE ( 'NONE', *, *, #84, .F. ) ;
#8933 = PRESENTATION_STYLE_ASSIGNMENT (( #3728 ) ) ;
#8935 =( NAMED_UNIT ( * ) PLANE_ANGLE_UNIT ( ) SI_UNIT ( $, .RADIAN. ) );
#8936 = FACE_OUTER_BOUND ( 'NONE', #3784, .T. ) ;
#8937 = SURFACE_STYLE_USAGE ( .BOTH. , #10663 ) ;
#8938 = AXIS2_PLACEMENT_3D ( 'NONE', #8896, #3458, #9765 ) ;
#8939 = DIRECTION ( 'NONE',  ( -1.000000000000000000, 0.0000000000000000000, 0.0000000000000000000 ) ) ;
#8940 = CARTESIAN_POINT ( 'NONE',  ( 8.599999999999999645, 6.950000000000000178, -0.06999999999999929889 ) ) ;
#8941 = MECHANICAL_DESIGN_GEOMETRIC_PRESENTATION_REPRESENTATION (  '', ( #7795 ), #9507 ) ;
#8942 = MECHANICAL_DESIGN_GEOMETRIC_PRESENTATION_REPRESENTATION (  '', ( #1076 ), #10401 ) ;
#8943 = SURFACE_STYLE_FILL_AREA ( #7654 ) ;
#8944 = STYLED_ITEM ( 'NONE', ( #9093 ), #5045 ) ;
#8945 = SURFACE_STYLE_USAGE ( .BOTH. , #5388 ) ;
#8946 = DIRECTION ( 'NONE',  ( 0.5773502691896315042, -0.5773502691896199579, 0.5773502691896257311 ) ) ;
#8947 = ORIENTED_EDGE ( 'NONE', *, *, #528, .F. ) ;
#8948 = LINE ( 'NONE', #5456, #416 ) ;
#8949 = VECTOR ( 'NONE', #10180, 1000.000000000000000 ) ;
#8950 = PRODUCT_DEFINITION_CONTEXT ( 'detailed design', #4429, 'design' ) ;
#8951 = CARTESIAN_POINT ( 'NONE',  ( 1.500000000000000000, 2.649999999999990141, -0.1000000000000000472 ) ) ;
#8952 = VECTOR ( 'NONE', #4641, 1000.000000000000000 ) ;
#8954 = ORIENTED_EDGE ( 'NONE', *, *, #17, .T. ) ;
#8953 = CARTESIAN_POINT ( 'NONE',  ( -0.9133167884657779068, 16.16782049852767145, 6.217151088788135382 ) ) ;
#8955 = PRESENTATION_LAYER_ASSIGNMENT (  '', '', ( #1281 ) ) ;
#8956 = PRESENTATION_LAYER_ASSIGNMENT (  '', '', ( #5252 ) ) ;
#8957 =( GEOMETRIC_REPRESENTATION_CONTEXT ( 3 ) GLOBAL_UNCERTAINTY_ASSIGNED_CONTEXT ( ( #4996 ) ) GLOBAL_UNIT_ASSIGNED_CONTEXT ( ( #8046, #4434, #3486 ) ) REPRESENTATION_CONTEXT ( 'NONE', 'WORKASPACE' ) );
#8958 = ORIENTED_EDGE ( 'NONE', *, *, #4411, .F. ) ;
#8959 = PRESENTATION_LAYER_ASSIGNMENT (  '', '', ( #2425 ) ) ;
#8960 = FILL_AREA_STYLE_COLOUR ( '', #6303 ) ;
#8961 = CIRCLE ( 'NONE', #10421, 0.3000000000000000444 ) ;
#8962 = ORIENTED_EDGE ( 'NONE', *, *, #11530, .T. ) ;
#8963 = STYLED_ITEM ( 'NONE', ( #3210 ), #1681 ) ;
#8964 = UNCERTAINTY_MEASURE_WITH_UNIT (LENGTH_MEASURE( 1.000000000000000082E-05 ), #7126, 'distance_accuracy_value', 'NONE');
#8965 = CARTESIAN_POINT ( 'NONE',  ( 8.490762904907192876, 15.52500000000000036, 0.9000000000000001332 ) ) ;
#8966 = PRESENTATION_STYLE_ASSIGNMENT (( #7288 ) ) ;
#8967 = EDGE_CURVE ( 'NONE', #251, #6640, #8421, .T. ) ;
#8968 = DIRECTION ( 'NONE',  ( 0.0000000000000000000, 0.0000000000000000000, 1.000000000000000000 ) ) ;
#8969 = ORIENTED_EDGE ( 'NONE', *, *, #2267, .T. ) ;
#8970 =( NAMED_UNIT ( * ) SI_UNIT ( $, .STERADIAN. ) SOLID_ANGLE_UNIT ( ) );
#8971 = MECHANICAL_DESIGN_GEOMETRIC_PRESENTATION_REPRESENTATION (  '', ( #7256 ), #10048 ) ;
#8972 =( LENGTH_UNIT ( ) NAMED_UNIT ( * ) SI_UNIT ( .MILLI., .METRE. ) );
#8973 = PRESENTATION_STYLE_ASSIGNMENT (( #938 ) ) ;
#8974 = VERTEX_POINT ( 'NONE', #3031 ) ;
#8975 =( GEOMETRIC_REPRESENTATION_CONTEXT ( 3 ) GLOBAL_UNCERTAINTY_ASSIGNED_CONTEXT ( ( #4596 ) ) GLOBAL_UNIT_ASSIGNED_CONTEXT ( ( #3892, #3782, #10764 ) ) REPRESENTATION_CONTEXT ( 'NONE', 'WORKASPACE' ) );
#8976 = EDGE_CURVE ( 'NONE', #767, #9346, #3535, .T. ) ;
#8977 = CIRCLE ( 'NONE', #3934, 0.3000000000000016542 ) ;
#8978 = EDGE_CURVE ( 'NONE', #9346, #3385, #11075, .T. ) ;
#8979 = CARTESIAN_POINT ( 'NONE',  ( 0.7499999999999960032, 12.31000000000000227, 1.000000000000000000 ) ) ;
#8980 = DIRECTION ( 'NONE',  ( 1.000000000000000000, 0.0000000000000000000, -0.0000000000000000000 ) ) ;
#8981 = PRESENTATION_LAYER_ASSIGNMENT (  '', '', ( #6908 ) ) ;
#8982 = CARTESIAN_POINT ( 'NONE',  ( 17.19999999999999929, 16.89999999999999858, 6.150000000000000355 ) ) ;
#8983 = DIRECTION ( 'NONE',  ( 4.426138304153450370E-16, -1.000000000000000000, 0.0000000000000000000 ) ) ;
#8984 = DIRECTION ( 'NONE',  ( 0.0000000000000000000, 1.000000000000000000, 0.0000000000000000000 ) ) ;
#8985 = LINE ( 'NONE', #4374, #2205 ) ;
#8986 = ADVANCED_FACE ( 'NONE', ( #5787 ), #2162, .T. ) ;
#8987 = ADVANCED_FACE ( 'NONE', ( #6600 ), #4164, .T. ) ;
#8988 = SURFACE_STYLE_USAGE ( .BOTH. , #6275 ) ;
#8989 = ORIENTED_EDGE ( 'NONE', *, *, #5129, .F. ) ;
#8990 =( LENGTH_UNIT ( ) NAMED_UNIT ( * ) SI_UNIT ( .MILLI., .METRE. ) );
#8991 = CYLINDRICAL_SURFACE ( 'NONE', #10843, 0.3999999999999999667 ) ;
#8992 = SURFACE_STYLE_FILL_AREA ( #5436 ) ;
#8993 = AXIS2_PLACEMENT_3D ( 'NONE', #832, #7131, #7910 ) ;
#8994 = ORIENTED_EDGE ( 'NONE', *, *, #8282, .F. ) ;
#8995 = EDGE_CURVE ( 'NONE', #1524, #3318, #10959, .T. ) ;
#8996 = CARTESIAN_POINT ( 'NONE',  ( 17.07320508075688537, 17.07320508075688537, 6.323205080756888030 ) ) ;
#8997 = CARTESIAN_POINT ( 'NONE',  ( -3.712308238590370337E-15, 14.84999999999999964, -21.65413869472860142 ) ) ;
#8999 = VERTEX_POINT ( 'NONE', #6076 ) ;
#8998 = FACE_OUTER_BOUND ( 'NONE', #2077, .T. ) ;
#9000 =( NAMED_UNIT ( * ) SI_UNIT ( $, .STERADIAN. ) SOLID_ANGLE_UNIT ( ) );
#9001 =( NAMED_UNIT ( * ) SI_UNIT ( $, .STERADIAN. ) SOLID_ANGLE_UNIT ( ) );
#9002 = LINE ( 'NONE', #2953, #7461 ) ;
#9003 = FILL_AREA_STYLE ('',( #10012 ) ) ;
#9004 = ORIENTED_EDGE ( 'NONE', *, *, #1101, .F. ) ;
#9005 = PRESENTATION_LAYER_ASSIGNMENT (  '', '', ( #3955 ) ) ;
#9006 = DIRECTION ( 'NONE',  ( 0.0000000000000000000, -1.000000000000000000, 0.0000000000000000000 ) ) ;
#9007 = SURFACE_STYLE_USAGE ( .BOTH. , #7273 ) ;
#9008 = STYLED_ITEM ( 'NONE', ( #2909 ), #165 ) ;
#9009 = LINE ( 'NONE', #4398, #10975 ) ;
#9010 = ORIENTED_EDGE ( 'NONE', *, *, #4420, .T. ) ;
#9011 = CARTESIAN_POINT ( 'NONE',  ( -5.551115123125779744E-16, 2.649999999999990141, 1.000000000000000000 ) ) ;
#9012 = FILL_AREA_STYLE_COLOUR ( '', #9562 ) ;
#9013 =( GEOMETRIC_REPRESENTATION_CONTEXT ( 3 ) GLOBAL_UNCERTAINTY_ASSIGNED_CONTEXT ( ( #11343 ) ) GLOBAL_UNIT_ASSIGNED_CONTEXT ( ( #10170, #408, #7612 ) ) REPRESENTATION_CONTEXT ( 'NONE', 'WORKASPACE' ) );
#9015 = VERTEX_POINT ( 'NONE', #6994 ) ;
#9014 = FILL_AREA_STYLE_COLOUR ( '', #574 ) ;
#9016 = ORIENTED_EDGE ( 'NONE', *, *, #10314, .F. ) ;
#9017 = VECTOR ( 'NONE', #1298, 1000.000000000000000 ) ;
#9018 = STYLED_ITEM ( 'NONE', ( #8052 ), #7538 ) ;
#9019 = DIRECTION ( 'NONE',  ( -0.0000000000000000000, 0.0000000000000000000, 1.000000000000000000 ) ) ;
#9020 = VECTOR ( 'NONE', #4712, 1000.000000000000000 ) ;
#9021 = PRESENTATION_STYLE_ASSIGNMENT (( #1824 ) ) ;
#9022 = SURFACE_SIDE_STYLE ('',( #5466 ) ) ;
#9023 = FACE_OUTER_BOUND ( 'NONE', #785, .T. ) ;
#9024 = CARTESIAN_POINT ( 'NONE',  ( 0.4263306623988138977, 0.8472040294177011210, 2.116355014844064186 ) ) ;
#9025 = CARTESIAN_POINT ( 'NONE',  ( 16.10000000000000142, 4.990000000000000213, -0.1000000000000003109 ) ) ;
#9026 = SURFACE_STYLE_FILL_AREA ( #6429 ) ;
#9027 = VERTEX_POINT ( 'NONE', #5220 ) ;
#9028 = AXIS2_PLACEMENT_3D ( 'NONE', #935, #7845, #11463 ) ;
#9029 = DIRECTION ( 'NONE',  ( -0.0000000000000000000, 1.000000000000000000, 0.0000000000000000000 ) ) ;
#9030 = PRESENTATION_STYLE_ASSIGNMENT (( #5475 ) ) ;
#9031 = ORIENTED_EDGE ( 'NONE', *, *, #2337, .T. ) ;
#9032 = DIRECTION ( 'NONE',  ( -1.000000000000000000, -1.206764157201260003E-16, -0.0000000000000000000 ) ) ;
#9033 = VERTEX_POINT ( 'NONE', #2461 ) ;
#9034 = CARTESIAN_POINT ( 'NONE',  ( 16.10000000000000142, 12.71000000000000085, 0.4500000000000000666 ) ) ;
#9035 =( GEOMETRIC_REPRESENTATION_CONTEXT ( 3 ) GLOBAL_UNCERTAINTY_ASSIGNED_CONTEXT ( ( #1456 ) ) GLOBAL_UNIT_ASSIGNED_CONTEXT ( ( #2165, #6769, #8725 ) ) REPRESENTATION_CONTEXT ( 'NONE', 'WORKASPACE' ) );
#9036 = VECTOR ( 'NONE', #2952, 1000.000000000000000 ) ;
#9037 = FILL_AREA_STYLE_COLOUR ( '', #8831 ) ;
#9038 = SURFACE_STYLE_FILL_AREA ( #8099 ) ;
#9039 = PLANE ( 'NONE',  #8012 ) ;
#9040 = CARTESIAN_POINT ( 'NONE',  ( 13.81400000000000006, 2.149999999999990141, -0.01000000000000000021 ) ) ;
#9041 = DIRECTION ( 'NONE',  ( -1.000000000000000000, -0.0000000000000000000, -0.0000000000000000000 ) ) ;
#9042 = EDGE_CURVE ( 'NONE', #2750, #1899, #6767, .T. ) ;
#9043 = FILL_AREA_STYLE_COLOUR ( '', #10793 ) ;
#9044 = PLANE ( 'NONE',  #6498 ) ;
#9045 = PRESENTATION_LAYER_ASSIGNMENT (  '', '', ( #6412 ) ) ;
#9046 = VECTOR ( 'NONE', #3799, 1000.000000000000000 ) ;
#9047 = CIRCLE ( 'NONE', #9224, 0.2999999999999999889 ) ;
#9048 = ADVANCED_FACE ( 'NONE', ( #6019 ), #1520, .F. ) ;
#9049 = CARTESIAN_POINT ( 'NONE',  ( -2.850497615725089891E-15, 10.26999999999999957, 1.000000000000000000 ) ) ;
#9050 = VERTEX_POINT ( 'NONE', #620 ) ;
#9051 = SURFACE_STYLE_FILL_AREA ( #1801 ) ;
#9052 = VERTEX_POINT ( 'NONE', #4222 ) ;
#9053 = EDGE_CURVE ( 'NONE', #10944, #1978, #9587, .T. ) ;
#9054 = VECTOR ( 'NONE', #3292, 1000.000000000000000 ) ;
#9055 = DIRECTION ( 'NONE',  ( 0.0000000000000000000, 0.0000000000000000000, 1.000000000000000000 ) ) ;
#9056 = EDGE_CURVE ( 'NONE', #631, #7459, #11350, .T. ) ;
#9057 = COLOUR_RGB ( '',0.8196078431372548767, 0.7058823529411764053, 0.5254901960784313930 ) ;
#9059 = VERTEX_POINT ( 'NONE', #742 ) ;
#9058 = LINE ( 'NONE', #7990, #8650 ) ;
#9060 =( NAMED_UNIT ( * ) SI_UNIT ( $, .STERADIAN. ) SOLID_ANGLE_UNIT ( ) );
#9061 = LINE ( 'NONE', #8172, #9663 ) ;
#9062 =( LENGTH_UNIT ( ) NAMED_UNIT ( * ) SI_UNIT ( .MILLI., .METRE. ) );
#9063 = SURFACE_SIDE_STYLE ('',( #1933 ) ) ;
#9064 = EDGE_CURVE ( 'NONE', #3280, #1922, #10496, .T. ) ;
#9065 = DIRECTION ( 'NONE',  ( 1.000000000000000000, 0.0000000000000000000, -0.0000000000000000000 ) ) ;
#9066 = VERTEX_POINT ( 'NONE', #6187 ) ;
#9067 = CARTESIAN_POINT ( 'NONE',  ( 0.4750000000000029754, 0.4749999999999989786, 0.9000000000000001332 ) ) ;
#9068 =( GEOMETRIC_REPRESENTATION_CONTEXT ( 3 ) GLOBAL_UNCERTAINTY_ASSIGNED_CONTEXT ( ( #1827 ) ) GLOBAL_UNIT_ASSIGNED_CONTEXT ( ( #4844, #9167, #5769 ) ) REPRESENTATION_CONTEXT ( 'NONE', 'WORKASPACE' ) );
#9069 = LINE ( 'NONE', #7108, #6143 ) ;
#9070 = EDGE_LOOP ( 'NONE', ( #4673, #723, #6048, #10617 ) ) ;
#9071 = CARTESIAN_POINT ( 'NONE',  ( 0.8749999999999970024, 15.12500000000000000, 1.900000000000000133 ) ) ;
#9072 = LINE ( 'NONE', #5393, #768 ) ;
#9074 = EDGE_LOOP ( 'NONE', ( #8137, #2535, #160, #10602 ) ) ;
#9073 = DIRECTION ( 'NONE',  ( 0.0000000000000000000, 0.0000000000000000000, 1.000000000000000000 ) ) ;
#9075 = ORIENTED_EDGE ( 'NONE', *, *, #6098, .T. ) ;
#9076 = LINE ( 'NONE', #984, #3519 ) ;
#9077 = DIRECTION ( 'NONE',  ( -0.0000000000000000000, -0.0000000000000000000, -1.000000000000000000 ) ) ;
#9078 = DIRECTION ( 'NONE',  ( 0.0000000000000000000, 0.0000000000000000000, 1.000000000000000000 ) ) ;
#9079 = UNCERTAINTY_MEASURE_WITH_UNIT (LENGTH_MEASURE( 1.000000000000000082E-05 ), #4724, 'distance_accuracy_value', 'NONE');
#9080 = DIRECTION ( 'NONE',  ( 1.000000000000000000, -8.131516293641281283E-16, 0.0000000000000000000 ) ) ;
#9081 = LINE ( 'NONE', #4644, #30 ) ;
#9082 = FILL_AREA_STYLE_COLOUR ( '', #6515 ) ;
#9083 = PLANE ( 'NONE',  #6842 ) ;
#9084 = ORIENTED_EDGE ( 'NONE', *, *, #9744, .T. ) ;
#9085 = CARTESIAN_POINT ( 'NONE',  ( 8.000000000000000000, 10.26999999999999957, 0.0000000000000000000 ) ) ;
#9086 = ORIENTED_EDGE ( 'NONE', *, *, #6614, .F. ) ;
#9087 = CARTESIAN_POINT ( 'NONE',  ( 16.10000000000000142, 6.730000000000000426, 1.000000000000000000 ) ) ;
#9088 = CARTESIAN_POINT ( 'NONE',  ( 1.499999999999999556, 8.000000000000000000, 0.9000000000000001332 ) ) ;
#9089 = ORIENTED_EDGE ( 'NONE', *, *, #1829, .T. ) ;
#9090 =( NAMED_UNIT ( * ) PLANE_ANGLE_UNIT ( ) SI_UNIT ( $, .RADIAN. ) );
#9091 = CARTESIAN_POINT ( 'NONE',  ( 1.500000000000000000, 11.81000000000000050, -0.1000000000000002415 ) ) ;
#9092 = FACE_OUTER_BOUND ( 'NONE', #3159, .T. ) ;
#9093 = PRESENTATION_STYLE_ASSIGNMENT (( #3663 ) ) ;
#9094 = LINE ( 'NONE', #2825, #6876 ) ;
#9095 = SURFACE_STYLE_FILL_AREA ( #8925 ) ;
#9096 = ORIENTED_EDGE ( 'NONE', *, *, #4968, .F. ) ;
#9097 = CARTESIAN_POINT ( 'NONE',  ( 8.000000000000000000, 15.35000000000000142, 0.0000000000000000000 ) ) ;
#9098 = CARTESIAN_POINT ( 'NONE',  ( 9.400000000000000355, 15.91000000000000014, 0.9000000000000001332 ) ) ;
#9099 = EDGE_LOOP ( 'NONE', ( #2984, #544, #2230, #412, #2347, #7693, #9711, #3522 ) ) ;
#9100 = LINE ( 'NONE', #1074, #6097 ) ;
#9101 = PRESENTATION_STYLE_ASSIGNMENT (( #7376 ) ) ;
#9102 = EDGE_CURVE ( 'NONE', #4404, #1701, #9069, .T. ) ;
#9104 = ORIENTED_EDGE ( 'NONE', *, *, #227, .F. ) ;
#9103 = LINE ( 'NONE', #11540, #2842 ) ;
#9105 = PRESENTATION_LAYER_ASSIGNMENT (  '', '', ( #11319 ) ) ;
#9106 =( NAMED_UNIT ( * ) PLANE_ANGLE_UNIT ( ) SI_UNIT ( $, .RADIAN. ) );
#9107 = LINE ( 'NONE', #2723, #11368 ) ;
#9108 = DIRECTION ( 'NONE',  ( -1.000000000000000000, 0.0000000000000000000, -0.0000000000000000000 ) ) ;
#9109 = CARTESIAN_POINT ( 'NONE',  ( -3.769207168602409926E-15, 10.07000000000000028, -0.1000000000000020040 ) ) ;
#9110 = CARTESIAN_POINT ( 'NONE',  ( 16.00000000000000000, 12.81000000000000050, 0.9000000000000001332 ) ) ;
#9111 = ORIENTED_EDGE ( 'NONE', *, *, #8104, .F. ) ;
#9112 = CYLINDRICAL_SURFACE ( 'NONE', #7281, 0.4000000000000000777 ) ;
#9113 = AXIS2_PLACEMENT_3D ( 'NONE', #1567, #5083, #9735 ) ;
#9114 = LINE ( 'NONE', #4683, #4422 ) ;
#9115 = PRESENTATION_LAYER_ASSIGNMENT (  '', '', ( #7035 ) ) ;
#9116 = EDGE_CURVE ( 'NONE', #4988, #8148, #10831, .T. ) ;
#9117 = CARTESIAN_POINT ( 'NONE',  ( 9.400000000000000355, 0.9100000000000000311, 0.0000000000000000000 ) ) ;
#9118 = ORIENTED_EDGE ( 'NONE', *, *, #10796, .F. ) ;
#9119 = DIRECTION ( 'NONE',  ( 1.000000000000000000, 0.0000000000000000000, 0.0000000000000000000 ) ) ;
#9120 = EDGE_CURVE ( 'NONE', #6927, #7885, #1765, .T. ) ;
#9122 = ORIENTED_EDGE ( 'NONE', *, *, #307, .F. ) ;
#9121 = LINE ( 'NONE', #7343, #1911 ) ;
#9123 = AXIS2_PLACEMENT_3D ( 'NONE', #5309, #8036, #5535 ) ;
#9125 = VERTEX_POINT ( 'NONE', #918 ) ;
#9124 = LINE ( 'NONE', #5627, #2596 ) ;
#9126 = COLOUR_RGB ( '',0.8196078431372548767, 0.7058823529411764053, 0.5254901960784313930 ) ;
#9127 = PRESENTATION_LAYER_ASSIGNMENT (  '', '', ( #2759 ) ) ;
#9128 = CARTESIAN_POINT ( 'NONE',  ( -0.2498578470845329302, 16.95713393216380283, 6.357541198548492645 ) ) ;
#9129 = ADVANCED_FACE ( 'NONE', ( #1879, #2847 ), #2731, .F. ) ;
#9130 = AXIS2_PLACEMENT_3D ( 'NONE', #9463, #3029, #6596 ) ;
#9131 = DIRECTION ( 'NONE',  ( 0.0000000000000000000, 0.0000000000000000000, 1.000000000000000000 ) ) ;
#9132 = LINE ( 'NONE', #1949, #10685 ) ;
#9133 = CARTESIAN_POINT ( 'NONE',  ( 0.7427496684281534867, 0.9746219925608567980, 2.264122655704558174 ) ) ;
#9134 = EDGE_CURVE ( 'NONE', #5105, #7631, #974, .T. ) ;
#9135 = VECTOR ( 'NONE', #8918, 1000.000000000000000 ) ;
#9137 = VERTEX_POINT ( 'NONE', #3571 ) ;
#9136 = CARTESIAN_POINT ( 'NONE',  ( 8.900000000000000355, 0.5000000000000000000, 0.0000000000000000000 ) ) ;
#9138 = ORIENTED_EDGE ( 'NONE', *, *, #5633, .T. ) ;
#9139 = CARTESIAN_POINT ( 'NONE',  ( 16.10000000000000142, 1.649999999999989919, 1.000000000000000000 ) ) ;
#9140 = DIRECTION ( 'NONE',  ( 0.0000000000000000000, 0.0000000000000000000, -1.000000000000000000 ) ) ;
#9141 = UNCERTAINTY_MEASURE_WITH_UNIT (LENGTH_MEASURE( 1.000000000000000082E-05 ), #10958, 'distance_accuracy_value', 'NONE');
#9142 = ORIENTED_EDGE ( 'NONE', *, *, #5512, .F. ) ;
#9143 = AXIS2_PLACEMENT_3D ( 'NONE', #9836, #2655, #1854 ) ;
#9144 = CARTESIAN_POINT ( 'NONE',  ( -3.469446951953609850E-15, 9.769999999999999574, 1.000000000000000888 ) ) ;
#9145 = DIRECTION ( 'NONE',  ( 0.0000000000000000000, 0.0000000000000000000, 1.000000000000000000 ) ) ;
#9146 = ORIENTED_EDGE ( 'NONE', *, *, #3163, .T. ) ;
#9147 = COLOUR_RGB ( '',0.8196078431372548767, 0.7058823529411764053, 0.5254901960784313930 ) ;
#9148 = DIRECTION ( 'NONE',  ( 1.000000000000000000, -0.0000000000000000000, 0.0000000000000000000 ) ) ;
#9149 = AXIS2_PLACEMENT_3D ( 'NONE', #6126, #3498, #7700 ) ;
#9150 =( NAMED_UNIT ( * ) PLANE_ANGLE_UNIT ( ) SI_UNIT ( $, .RADIAN. ) );
#9151 = AXIS2_PLACEMENT_3D ( 'NONE', #5874, #3184, #3739 ) ;
#9152 = CARTESIAN_POINT ( 'NONE',  ( -5.204170427930421283E-15, 8.000000000000000000, 0.0000000000000000000 ) ) ;
#9153 = CARTESIAN_POINT ( 'NONE',  ( 17.07320508075688537, 17.07320508075688537, 6.323205080756888918 ) ) ;
#9154 = SURFACE_STYLE_FILL_AREA ( #8281 ) ;
#9155 = CARTESIAN_POINT ( 'NONE',  ( 0.7499999999999960032, 14.55000000000000071, 1.000000000000000000 ) ) ;
#9156 = LINE ( 'NONE', #1364, #10584 ) ;
#9157 = VERTEX_POINT ( 'NONE', #7047 ) ;
#9158 = CARTESIAN_POINT ( 'NONE',  ( -0.1000000000000030032, 9.369999999999999218, 1.000000000000000000 ) ) ;
#9159 = PRESENTATION_STYLE_ASSIGNMENT (( #3063 ) ) ;
#9160 = ORIENTED_EDGE ( 'NONE', *, *, #6965, .T. ) ;
#9161 = COLOUR_RGB ( '',0.8196078431372548767, 0.7058823529411764053, 0.5254901960784313930 ) ;
#9162 = ORIENTED_EDGE ( 'NONE', *, *, #7958, .F. ) ;
#9163 = DIRECTION ( 'NONE',  ( 4.426138304153449877E-16, -1.000000000000000000, 0.0000000000000000000 ) ) ;
#9164 = DIRECTION ( 'NONE',  ( 0.0000000000000000000, 0.0000000000000000000, 1.000000000000000000 ) ) ;
#9165 = DIRECTION ( 'NONE',  ( -0.0000000000000000000, -1.000000000000000000, -0.0000000000000000000 ) ) ;
#9166 = CARTESIAN_POINT ( 'NONE',  ( 9.400000000000000355, 15.91000000000000014, 0.9000000000000001332 ) ) ;
#9167 =( NAMED_UNIT ( * ) PLANE_ANGLE_UNIT ( ) SI_UNIT ( $, .RADIAN. ) );
#9168 = FACE_OUTER_BOUND ( 'NONE', #1286, .T. ) ;
#9169 = DIRECTION ( 'NONE',  ( 0.0000000000000000000, 0.0000000000000000000, 1.000000000000000000 ) ) ;
#9170 = ORIENTED_EDGE ( 'NONE', *, *, #2259, .T. ) ;
#9171 = DIRECTION ( 'NONE',  ( 1.000000000000000000, 0.0000000000000000000, 0.0000000000000000000 ) ) ;
#9172 = SURFACE_SIDE_STYLE ('',( #6468 ) ) ;
#9173 = SURFACE_STYLE_USAGE ( .BOTH. , #9441 ) ;
#9174 = ORIENTED_EDGE ( 'NONE', *, *, #141, .F. ) ;
#9175 = CARTESIAN_POINT ( 'NONE',  ( -0.1000000000000040024, 15.15000000000000036, 0.4500000000000000666 ) ) ;
#9177 = EDGE_LOOP ( 'NONE', ( #3075, #2807, #2099, #7340, #6430, #10443, #1887, #10782, #9999 ) ) ;
#9176 = DIRECTION ( 'NONE',  ( 0.0000000000000000000, -0.0000000000000000000, 1.000000000000000000 ) ) ;
#9179 = ORIENTED_EDGE ( 'NONE', *, *, #84, .T. ) ;
#9178 = LINE ( 'NONE', #4747, #7627 ) ;
#9180 = AXIS2_PLACEMENT_3D ( 'NONE', #8177, #4682, #7450 ) ;
#9181 =( GEOMETRIC_REPRESENTATION_CONTEXT ( 3 ) GLOBAL_UNCERTAINTY_ASSIGNED_CONTEXT ( ( #6708 ) ) GLOBAL_UNIT_ASSIGNED_CONTEXT ( ( #1556, #709, #8805 ) ) REPRESENTATION_CONTEXT ( 'NONE', 'WORKASPACE' ) );
#9182 = VECTOR ( 'NONE', #11079, 1000.000000000000000 ) ;
#9183 = FILL_AREA_STYLE_COLOUR ( '', #2581 ) ;
#9184 = MECHANICAL_DESIGN_GEOMETRIC_PRESENTATION_REPRESENTATION (  '', ( #3217 ), #9181 ) ;
#9185 = EDGE_CURVE ( 'NONE', #983, #2262, #8018, .T. ) ;
#9186 =( NAMED_UNIT ( * ) PLANE_ANGLE_UNIT ( ) SI_UNIT ( $, .RADIAN. ) );
#9187 = UNCERTAINTY_MEASURE_WITH_UNIT (LENGTH_MEASURE( 1.000000000000000082E-05 ), #3320, 'distance_accuracy_value', 'NONE');
#9188 = MECHANICAL_DESIGN_GEOMETRIC_PRESENTATION_REPRESENTATION (  '', ( #8258 ), #4160 ) ;
#9189 =( NAMED_UNIT ( * ) SI_UNIT ( $, .STERADIAN. ) SOLID_ANGLE_UNIT ( ) );
#9191 = ORIENTED_EDGE ( 'NONE', *, *, #6255, .F. ) ;
#9190 = DIRECTION ( 'NONE',  ( 1.000000000000000000, 2.775557561562889872E-16, 0.0000000000000000000 ) ) ;
#9192 = EDGE_CURVE ( 'NONE', #11006, #10522, #11551, .T. ) ;
#9193 = EDGE_CURVE ( 'NONE', #10379, #11572, #4576, .T. ) ;
#9194 = VECTOR ( 'NONE', #9843, 1000.000000000000000 ) ;
#9195 = VERTEX_POINT ( 'NONE', #4397 ) ;
#9196 = CARTESIAN_POINT ( 'NONE',  ( 15.32035705978986684, 15.14247491600185924, 2.273239203577869905 ) ) ;
#9197 = STYLED_ITEM ( 'NONE', ( #3109 ), #10323 ) ;
#9198 = ORIENTED_EDGE ( 'NONE', *, *, #4344, .T. ) ;
#9199 = CARTESIAN_POINT ( 'NONE',  ( -0.9000000000000346612, 15.87573593128806948, 6.450000000000000178 ) ) ;
#9200 = CARTESIAN_POINT ( 'NONE',  ( 0.4750000000000034750, 0.8749999999999990008, 0.9000000000000001332 ) ) ;
#9201 = ORIENTED_EDGE ( 'NONE', *, *, #8899, .T. ) ;
#9202 = ADVANCED_FACE ( 'NONE', ( #6240 ), #7938, .T. ) ;
#9203 =( GEOMETRIC_REPRESENTATION_CONTEXT ( 3 ) GLOBAL_UNCERTAINTY_ASSIGNED_CONTEXT ( ( #5202 ) ) GLOBAL_UNIT_ASSIGNED_CONTEXT ( ( #1964, #943, #4603 ) ) REPRESENTATION_CONTEXT ( 'NONE', 'WORKASPACE' ) );
#9204 = STYLED_ITEM ( 'NONE', ( #8392 ), #7604 ) ;
#9205 =( GEOMETRIC_REPRESENTATION_CONTEXT ( 3 ) GLOBAL_UNCERTAINTY_ASSIGNED_CONTEXT ( ( #2702 ) ) GLOBAL_UNIT_ASSIGNED_CONTEXT ( ( #10518, #6314, #1661 ) ) REPRESENTATION_CONTEXT ( 'NONE', 'WORKASPACE' ) );
#9206 = FILL_AREA_STYLE ('',( #277 ) ) ;
#9207 = DIRECTION ( 'NONE',  ( 0.0000000000000000000, 0.0000000000000000000, 1.000000000000000000 ) ) ;
#9208 = CARTESIAN_POINT ( 'NONE',  ( 0.6440598923241531715, 0.6440598923241483975, 2.130940107675850292 ) ) ;
#9209 = CARTESIAN_POINT ( 'NONE',  ( -0.1000000000000040579, 12.31000000000000227, -0.1000000000000000056 ) ) ;
#9210 = VECTOR ( 'NONE', #8596, 1000.000000000000000 ) ;
#9211 = VECTOR ( 'NONE', #5998, 1000.000000000000000 ) ;
#9212 = DIRECTION ( 'NONE',  ( 0.0000000000000000000, -0.0000000000000000000, -1.000000000000000000 ) ) ;
#9213 = ORIENTED_EDGE ( 'NONE', *, *, #5622, .T. ) ;
#9214 = CARTESIAN_POINT ( 'NONE',  ( 15.52500000000000213, 1.649999999999989919, 1.000000000000000000 ) ) ;
#9215 = PRESENTATION_STYLE_ASSIGNMENT (( #3250 ) ) ;
#9216 = DIRECTION ( 'NONE',  ( 0.0000000000000000000, -0.0000000000000000000, 1.000000000000000000 ) ) ;
#9217 = VERTEX_POINT ( 'NONE', #5619 ) ;
#9218 = CARTESIAN_POINT ( 'NONE',  ( 8.000000000000000000, 4.189999999999989733, 0.0000000000000000000 ) ) ;
#9219 = FILL_AREA_STYLE_COLOUR ( '', #9161 ) ;
#9220 = PRESENTATION_LAYER_ASSIGNMENT (  '', '', ( #5513 ) ) ;
#9221 = VERTEX_POINT ( 'NONE', #10941 ) ;
#9222 =( NAMED_UNIT ( * ) SI_UNIT ( $, .STERADIAN. ) SOLID_ANGLE_UNIT ( ) );
#9223 = FILL_AREA_STYLE ('',( #10065 ) ) ;
#9224 = AXIS2_PLACEMENT_3D ( 'NONE', #9144, #5534, #2754 ) ;
#9225 = DIRECTION ( 'NONE',  ( -1.562399951873149988E-16, 1.000000000000000000, -0.0000000000000000000 ) ) ;
#9226 = DIRECTION ( 'NONE',  ( -0.0000000000000000000, -0.0000000000000000000, -1.000000000000000000 ) ) ;
#9227 = CARTESIAN_POINT ( 'NONE',  ( 0.8750000000000037748, 0.8749999999999990008, 1.899999999999999911 ) ) ;
#9228 = SURFACE_SIDE_STYLE ('',( #2091 ) ) ;
#9229 = ORIENTED_EDGE ( 'NONE', *, *, #5747, .T. ) ;
#9230 = SURFACE_STYLE_FILL_AREA ( #1207 ) ;
#9231 = CARTESIAN_POINT ( 'NONE',  ( -0.9000000000000030198, 15.87573593128810145, 6.150000000000000355 ) ) ;
#9232 =( GEOMETRIC_REPRESENTATION_CONTEXT ( 3 ) GLOBAL_UNCERTAINTY_ASSIGNED_CONTEXT ( ( #11211 ) ) GLOBAL_UNIT_ASSIGNED_CONTEXT ( ( #10172, #7495, #10819 ) ) REPRESENTATION_CONTEXT ( 'NONE', 'WORKASPACE' ) );
#9233 = CARTESIAN_POINT ( 'NONE',  ( -5.134781488891320403E-16, 1.849999999999990097, 1.000000000000000000 ) ) ;
#9234 = VECTOR ( 'NONE', #1993, 1000.000000000000000 ) ;
#9235 = AXIS2_PLACEMENT_3D ( 'NONE', #5896, #2392, #11259 ) ;
#9236 = ORIENTED_EDGE ( 'NONE', *, *, #4990, .T. ) ;
#9237 = CARTESIAN_POINT ( 'NONE',  ( 15.52500000000000036, 1.649999999999989919, 0.9000000000000001332 ) ) ;
#9238 =( NAMED_UNIT ( * ) SI_UNIT ( $, .STERADIAN. ) SOLID_ANGLE_UNIT ( ) );
#9240 = ORIENTED_EDGE ( 'NONE', *, *, #10092, .T. ) ;
#9239 = CARTESIAN_POINT ( 'NONE',  ( 0.8750000000000031086, 0.8749999999999990008, 0.9000000000000001332 ) ) ;
#9241 = ORIENTED_EDGE ( 'NONE', *, *, #2109, .F. ) ;
#9242 = CIRCLE ( 'NONE', #4768, 0.2500000000000002220 ) ;
#9243 =( NAMED_UNIT ( * ) PLANE_ANGLE_UNIT ( ) SI_UNIT ( $, .RADIAN. ) );
#9244 = CARTESIAN_POINT ( 'NONE',  ( 0.4750000000000004219, 7.730000000000000426, 0.9000000000000001332 ) ) ;
#9245 = DIRECTION ( 'NONE',  ( 0.0000000000000000000, 0.0000000000000000000, 1.000000000000000000 ) ) ;
#9246 = PRESENTATION_STYLE_ASSIGNMENT (( #10149 ) ) ;
#9248 = EDGE_LOOP ( 'NONE', ( #8994, #4173, #8614, #10490, #10248 ) ) ;
#9247 = SURFACE_SIDE_STYLE ('',( #8425 ) ) ;
#9249 = ORIENTED_EDGE ( 'NONE', *, *, #2878, .F. ) ;
#9250 = CARTESIAN_POINT ( 'NONE',  ( 15.35594010767585083, 15.35594010767585083, 2.130940107675850292 ) ) ;
#9251 = CARTESIAN_POINT ( 'NONE',  ( -3.402790202389203483E-15, 9.470000000000000639, -0.1000000000000014350 ) ) ;
#9252 = UNCERTAINTY_MEASURE_WITH_UNIT (LENGTH_MEASURE( 1.000000000000000082E-05 ), #480, 'distance_accuracy_value', 'NONE');
#9253 = ORIENTED_EDGE ( 'NONE', *, *, #5552, .F. ) ;
#9254 = CARTESIAN_POINT ( 'NONE',  ( -2.264985074496017130E-15, 6.929999999999999716, -0.1000000000000014350 ) ) ;
#9255 = VERTEX_POINT ( 'NONE', #4684 ) ;
#9256 = ADVANCED_FACE ( 'NONE', ( #7392 ), #3968, .T. ) ;
#9257 = EDGE_CURVE ( 'NONE', #5794, #1036, #11118, .T. ) ;
#9258 = CARTESIAN_POINT ( 'NONE',  ( 8.490762904907189323, 0.4749999999999989786, 0.9350000000000000533 ) ) ;
#9259 = EDGE_CURVE ( 'NONE', #1869, #5794, #1263, .T. ) ;
#9260 = CARTESIAN_POINT ( 'NONE',  ( -6.445461448518279557E-16, 2.449999999999989964, -0.09999999999999879818 ) ) ;
#9261 = EDGE_CURVE ( 'NONE', #1978, #2634, #2152, .T. ) ;
#9262 = EDGE_CURVE ( 'NONE', #5167, #4122, #8586, .T. ) ;
#9263 = CARTESIAN_POINT ( 'NONE',  ( 1.500000000000000000, 11.81000000000000050, 1.000000000000000000 ) ) ;
#9264 = CARTESIAN_POINT ( 'NONE',  ( 16.10000000000000142, 12.61000000000000121, -0.1000000000000003109 ) ) ;
#9265 = SURFACE_SIDE_STYLE ('',( #10052 ) ) ;
#9266 = CARTESIAN_POINT ( 'NONE',  ( -1.199999999999999734, 15.87573593128810145, 2.299999999999999822 ) ) ;
#9267 = CIRCLE ( 'NONE', #9989, 0.7150000000334527650 ) ;
#9268 = DIRECTION ( 'NONE',  ( -0.0000000000000000000, -1.000000000000000000, -0.0000000000000000000 ) ) ;
#9269 = ORIENTED_EDGE ( 'NONE', *, *, #6831, .T. ) ;
#9270 = FACE_OUTER_BOUND ( 'NONE', #3388, .T. ) ;
#9271 = EDGE_CURVE ( 'NONE', #1033, #2781, #4031, .T. ) ;
#9272 =( NAMED_UNIT ( * ) SI_UNIT ( $, .STERADIAN. ) SOLID_ANGLE_UNIT ( ) );
#9273 = ORIENTED_EDGE ( 'NONE', *, *, #6673, .F. ) ;
#9274 = SURFACE_SIDE_STYLE ('',( #2193 ) ) ;
#9275 = CIRCLE ( 'NONE', #7770, 0.2500000000000002220 ) ;
#9276 = EDGE_CURVE ( 'NONE', #10095, #2410, #9873, .T. ) ;
#9278 = VERTEX_POINT ( 'NONE', #3133 ) ;
#9277 = SURFACE_STYLE_FILL_AREA ( #3957 ) ;
#9279 = LINE ( 'NONE', #7622, #8013 ) ;
#9280 = CARTESIAN_POINT ( 'NONE',  ( -4.440892098500630106E-15, 16.00000000000000000, 0.0000000000000000000 ) ) ;
#9281 = ORIENTED_EDGE ( 'NONE', *, *, #3541, .F. ) ;
#9282 = VECTOR ( 'NONE', #4139, 1000.000000000000000 ) ;
#9283 = FILL_AREA_STYLE ('',( #2957 ) ) ;
#9284 = DIRECTION ( 'NONE',  ( -1.000000000000000000, -0.0000000000000000000, 0.0000000000000000000 ) ) ;
#9285 = UNCERTAINTY_MEASURE_WITH_UNIT (LENGTH_MEASURE( 1.000000000000000082E-05 ), #4563, 'distance_accuracy_value', 'NONE');
#9286 = ORIENTED_EDGE ( 'NONE', *, *, #5821, .F. ) ;
#9287 = DIRECTION ( 'NONE',  ( 1.000000000000000000, 0.0000000000000000000, -0.0000000000000000000 ) ) ;
#9288 = CARTESIAN_POINT ( 'NONE',  ( 9.020562075079479475E-17, 2.149999999999990141, 1.000000000000000888 ) ) ;
#9289 = EDGE_LOOP ( 'NONE', ( #5589, #10267, #11206, #5952, #5109 ) ) ;
#9290 = EDGE_LOOP ( 'NONE', ( #1212, #10986, #3838, #7279, #7394, #8287, #3742, #1532 ) ) ;
#9291 = CIRCLE ( 'NONE', #3702, 0.3000000000000000444 ) ;
#9292 = DIRECTION ( 'NONE',  ( -0.8164965809277257014, -0.4082482904638638499, -0.4082482904638628507 ) ) ;
#9293 = COLOUR_RGB ( '',0.8196078431372548767, 0.7058823529411764053, 0.5254901960784313930 ) ;
#9294 = UNCERTAINTY_MEASURE_WITH_UNIT (LENGTH_MEASURE( 1.000000000000000082E-05 ), #7175, 'distance_accuracy_value', 'NONE');
#9295 =( NAMED_UNIT ( * ) PLANE_ANGLE_UNIT ( ) SI_UNIT ( $, .RADIAN. ) );
#9296 = PRESENTATION_STYLE_ASSIGNMENT (( #1347 ) ) ;
#9297 = PRESENTATION_LAYER_ASSIGNMENT (  '', '', ( #8750 ) ) ;
#9299 = ORIENTED_EDGE ( 'NONE', *, *, #3181, .T. ) ;
#9298 = CARTESIAN_POINT ( 'NONE',  ( -3.608224830031760334E-15, 12.81000000000000050, -0.1000000000000000472 ) ) ;
#9300 = VECTOR ( 'NONE', #3365, 1000.000000000000000 ) ;
#9302 = ORIENTED_EDGE ( 'NONE', *, *, #2386, .F. ) ;
#9301 = SURFACE_SIDE_STYLE ('',( #3156 ) ) ;
#9303 = DIRECTION ( 'NONE',  ( 0.0000000000000000000, 0.0000000000000000000, 1.000000000000000000 ) ) ;
#9304 = COLOUR_RGB ( '',0.1803921568627450955, 0.4627450980392157076, 0.2823529411764705843 ) ;
#9305 = ORIENTED_EDGE ( 'NONE', *, *, #8528, .F. ) ;
#9306 = CARTESIAN_POINT ( 'NONE',  ( -3.774758283725529871E-15, 12.00999999999999979, 1.000000000000000000 ) ) ;
#9307 = ORIENTED_EDGE ( 'NONE', *, *, #4483, .T. ) ;
#9308 = CARTESIAN_POINT ( 'NONE',  ( 8.900000000000000355, 0.9100000000000000311, 0.0000000000000000000 ) ) ;
#9309 = FACE_OUTER_BOUND ( 'NONE', #2311, .T. ) ;
#9310 = CARTESIAN_POINT ( 'NONE',  ( 9.020562075079479475E-17, 2.149999999999990141, -0.1000000000000028644 ) ) ;
#9311 = COLOUR_RGB ( '',0.8196078431372548767, 0.7058823529411764053, 0.5254901960784313930 ) ;
#9312 = CIRCLE ( 'NONE', #2220, 0.2500000000000002220 ) ;
#9313 = SURFACE_STYLE_FILL_AREA ( #2823 ) ;
#9314 = VECTOR ( 'NONE', #3898, 1000.000000000000000 ) ;
#9315 = DIRECTION ( 'NONE',  ( -0.0000000000000000000, -0.0000000000000000000, -1.000000000000000000 ) ) ;
#9316 = DIRECTION ( 'NONE',  ( 1.659300716151730101E-16, -1.000000000000000000, 0.0000000000000000000 ) ) ;
#9317 = VECTOR ( 'NONE', #9642, 1000.000000000000000 ) ;
#9318 = EDGE_CURVE ( 'NONE', #8241, #9889, #4851, .T. ) ;
#9319 = VERTEX_POINT ( 'NONE', #2204 ) ;
#9320 = CARTESIAN_POINT ( 'NONE',  ( 9.853990936543636892, 6.480296977412180581, 6.118125631334440762 ) ) ;
#9321 = PRESENTATION_LAYER_ASSIGNMENT (  '', '', ( #143 ) ) ;
#9322 = LINE ( 'NONE', #5656, #4171 ) ;
#9323 = EDGE_CURVE ( 'NONE', #365, #10074, #5672, .T. ) ;
#9324 = FILL_AREA_STYLE ('',( #2832 ) ) ;
#9325 = STYLED_ITEM ( 'NONE', ( #8966 ), #2399 ) ;
#9326 = ORIENTED_EDGE ( 'NONE', *, *, #3327, .T. ) ;
#9327 = CARTESIAN_POINT ( 'NONE',  ( 0.4749999999999974243, 14.34999999999999964, 1.000000000000000000 ) ) ;
#9328 = DIRECTION ( 'NONE',  ( 0.0000000000000000000, 0.0000000000000000000, 1.000000000000000000 ) ) ;
#9330 = ORIENTED_EDGE ( 'NONE', *, *, #5358, .F. ) ;
#9329 = CARTESIAN_POINT ( 'NONE',  ( 16.00000000000000000, 0.0000000000000000000, 0.0000000000000000000 ) ) ;
#9331 = ADVANCED_FACE ( 'NONE', ( #6693 ), #5148, .T. ) ;
#9332 = SURFACE_STYLE_FILL_AREA ( #6684 ) ;
#9333 = ADVANCED_FACE ( 'NONE', ( #2448 ), #11186, .T. ) ;
#9334 = CARTESIAN_POINT ( 'NONE',  ( -1.184853399502896476, 16.18399870742951308, 5.956506636564555812 ) ) ;
#9335 =( NAMED_UNIT ( * ) SI_UNIT ( $, .STERADIAN. ) SOLID_ANGLE_UNIT ( ) );
#9336 = STYLED_ITEM ( 'NONE', ( #4508 ), #1903 ) ;
#9337 = STYLED_ITEM ( 'NONE', ( #9775 ), #2560 ) ;
#9338 = LINE ( 'NONE', #304, #1011 ) ;
#9339 = PLANE ( 'NONE',  #4473 ) ;
#9340 = ORIENTED_EDGE ( 'NONE', *, *, #7657, .F. ) ;
#9341 = PRESENTATION_STYLE_ASSIGNMENT (( #7504 ) ) ;
#9342 = FILL_AREA_STYLE_COLOUR ( '', #6826 ) ;
#9343 = EDGE_CURVE ( 'NONE', #5227, #1243, #10486, .T. ) ;
#9344 = DIRECTION ( 'NONE',  ( -1.000000000000000000, -7.401486830834380223E-16, -0.0000000000000000000 ) ) ;
#9345 = CIRCLE ( 'NONE', #10629, 0.2999999999999999889 ) ;
#9346 = VERTEX_POINT ( 'NONE', #728 ) ;
#9347 = SURFACE_STYLE_FILL_AREA ( #8412 ) ;
#9348 = CARTESIAN_POINT ( 'NONE',  ( 8.000000000000000000, 0.08999999999999980238, 0.9000000000000001332 ) ) ;
#9349 = DIRECTION ( 'NONE',  ( -0.0000000000000000000, 0.0000000000000000000, 1.000000000000000000 ) ) ;
#9350 = VERTEX_POINT ( 'NONE', #10311 ) ;
#9351 =( NAMED_UNIT ( * ) SI_UNIT ( $, .STERADIAN. ) SOLID_ANGLE_UNIT ( ) );
#9352 = ORIENTED_EDGE ( 'NONE', *, *, #2424, .T. ) ;
#9353 = VECTOR ( 'NONE', #9695, 1000.000000000000000 ) ;
#9354 = FILL_AREA_STYLE ('',( #9183 ) ) ;
#9355 = SURFACE_SIDE_STYLE ('',( #1399 ) ) ;
#9356 = CARTESIAN_POINT ( 'NONE',  ( 14.50000000000000000, 7.730000000000000426, -0.1000000000000009076 ) ) ;
#9357 = ORIENTED_EDGE ( 'NONE', *, *, #7824, .T. ) ;
#9358 = LINE ( 'NONE', #4753, #8095 ) ;
#9359 = DIRECTION ( 'NONE',  ( 0.0000000000000000000, 0.0000000000000000000, 1.000000000000000000 ) ) ;
#9360 = ORIENTED_EDGE ( 'NONE', *, *, #11326, .F. ) ;
#9361 = ORIENTED_EDGE ( 'NONE', *, *, #2696, .F. ) ;
#9362 =( NAMED_UNIT ( * ) SI_UNIT ( $, .STERADIAN. ) SOLID_ANGLE_UNIT ( ) );
#9363 = UNCERTAINTY_MEASURE_WITH_UNIT (LENGTH_MEASURE( 1.000000000000000082E-05 ), #6835, 'distance_accuracy_value', 'NONE');
#9364 = ORIENTED_EDGE ( 'NONE', *, *, #1970, .T. ) ;
#9365 = PRESENTATION_STYLE_ASSIGNMENT (( #3047 ) ) ;
#9366 = STYLED_ITEM ( 'NONE', ( #9341 ), #9693 ) ;
#9367 = ORIENTED_EDGE ( 'NONE', *, *, #7366, .F. ) ;
#9368 = PRESENTATION_LAYER_ASSIGNMENT (  '', '', ( #2081 ) ) ;
#9369 = AXIS2_PLACEMENT_3D ( 'NONE', #5726, #4856, #3974 ) ;
#9370 = CARTESIAN_POINT ( 'NONE',  ( 0.6796429402101372697, 0.8575250839981352069, 2.273239203577868572 ) ) ;
#9371 = PRESENTATION_STYLE_ASSIGNMENT (( #11156 ) ) ;
#9372 = VECTOR ( 'NONE', #11167, 1000.000000000000000 ) ;
#9373 = FACE_OUTER_BOUND ( 'NONE', #9289, .T. ) ;
#9374 = CARTESIAN_POINT ( 'NONE',  ( -3.690190514271664469E-15, 12.60999999999999943, 1.000000000000000444 ) ) ;
#9375 = COLOUR_RGB ( '',0.8196078431372548767, 0.7058823529411764053, 0.5254901960784313930 ) ;
#9376 = LINE ( 'NONE', #1242, #692 ) ;
#9377 = ORIENTED_EDGE ( 'NONE', *, *, #8976, .T. ) ;
#9378 = CARTESIAN_POINT ( 'NONE',  ( 9.116133794986948757, 8.775894931633404283, 6.642526825711245309 ) ) ;
#9379 = LINE ( 'NONE', #1368, #769 ) ;
#9380 = DIRECTION ( 'NONE',  ( -0.0000000000000000000, 1.000000000000000000, 0.0000000000000000000 ) ) ;
#9381 = AXIS2_PLACEMENT_3D ( 'NONE', #3148, #8314, #7348 ) ;
#9382 = DIRECTION ( 'NONE',  ( 0.7071067811865502373, -0.7071067811865449082, 2.891205793294687694E-15 ) ) ;
#9383 = ORIENTED_EDGE ( 'NONE', *, *, #6397, .T. ) ;
#9384 = VECTOR ( 'NONE', #8060, 1000.000000000000000 ) ;
#9385 = CARTESIAN_POINT ( 'NONE',  ( 16.89999999999999858, -0.9000000000000070166, 2.299999999999999822 ) ) ;
#9386 = LINE ( 'NONE', #8509, #8594 ) ;
#9387 = EDGE_CURVE ( 'NONE', #10142, #4523, #8961, .T. ) ;
#9388 = DIRECTION ( 'NONE',  ( -1.475379434717819995E-16, 1.000000000000000000, 0.0000000000000000000 ) ) ;
#9389 = CARTESIAN_POINT ( 'NONE',  ( 16.10000000000000142, 12.60999999999999943, 0.4500000000000000666 ) ) ;
#9390 = EDGE_CURVE ( 'NONE', #9984, #9015, #2265, .T. ) ;
#9391 = CARTESIAN_POINT ( 'NONE',  ( 15.25000000000000000, 12.60999999999999943, -0.1000000000000000056 ) ) ;
#9392 = ORIENTED_EDGE ( 'NONE', *, *, #577, .F. ) ;
#9393 = CARTESIAN_POINT ( 'NONE',  ( 15.15279597058229832, 0.6586449851559285085, 2.348669337601192009 ) ) ;
#9394 = LINE ( 'NONE', #11117, #7375 ) ;
#9395 = DIRECTION ( 'NONE',  ( 0.0000000000000000000, 0.0000000000000000000, -1.000000000000000000 ) ) ;
#9396 = ADVANCED_FACE ( 'NONE', ( #7866 ), #1385, .F. ) ;
#9397 = UNCERTAINTY_MEASURE_WITH_UNIT (LENGTH_MEASURE( 1.000000000000000082E-05 ), #6259, 'distance_accuracy_value', 'NONE');
#9398 = ADVANCED_FACE ( 'NONE', ( #6804 ), #5943, .F. ) ;
#9399 = ORIENTED_EDGE ( 'NONE', *, *, #1168, .T. ) ;
#9400 = VECTOR ( 'NONE', #5314, 1000.000000000000000 ) ;
#9401 = PRESENTATION_LAYER_ASSIGNMENT (  '', '', ( #7902 ) ) ;
#9402 = PRESENTATION_STYLE_ASSIGNMENT (( #2330 ) ) ;
#9403 = CARTESIAN_POINT ( 'NONE',  ( 0.4749999999999991451, 10.26999999999999957, 1.000000000000000000 ) ) ;
#9404 = ADVANCED_FACE ( 'NONE', ( #7033 ), #1016, .T. ) ;
#9405 =( GEOMETRIC_REPRESENTATION_CONTEXT ( 3 ) GLOBAL_UNCERTAINTY_ASSIGNED_CONTEXT ( ( #5236 ) ) GLOBAL_UNIT_ASSIGNED_CONTEXT ( ( #5270, #10434, #1451 ) ) REPRESENTATION_CONTEXT ( 'NONE', 'WORKASPACE' ) );
#9406 = ORIENTED_EDGE ( 'NONE', *, *, #1479, .F. ) ;
#9407 = SURFACE_STYLE_USAGE ( .BOTH. , #3139 ) ;
#9409 = ORIENTED_EDGE ( 'NONE', *, *, #11244, .F. ) ;
#9408 = CARTESIAN_POINT ( 'NONE',  ( 16.00000000000000000, 12.00999999999999979, -0.1000000000000014211 ) ) ;
#9410 = EDGE_CURVE ( 'NONE', #646, #10153, #4, .T. ) ;
#9411 = EDGE_CURVE ( 'NONE', #3759, #11062, #6984, .T. ) ;
#9412 = CARTESIAN_POINT ( 'NONE',  ( 16.00000000000000000, 0.0000000000000000000, 0.9000000000000001332 ) ) ;
#9413 = CIRCLE ( 'NONE', #10506, 0.3000000000000016542 ) ;
#9414 = UNCERTAINTY_MEASURE_WITH_UNIT (LENGTH_MEASURE( 1.000000000000000082E-05 ), #6646, 'distance_accuracy_value', 'NONE');
#9415 = CARTESIAN_POINT ( 'NONE',  ( 1.500000000000000000, 0.3999999999999898082, 0.0000000000000000000 ) ) ;
#9416 = ORIENTED_EDGE ( 'NONE', *, *, #2314, .T. ) ;
#9417 = APPLICATION_CONTEXT ( 'automotive_design' ) ;
#9418 = SURFACE_STYLE_FILL_AREA ( #384 ) ;
#9419 = LINE ( 'NONE', #4985, #536 ) ;
#9420 = CIRCLE ( 'NONE', #8303, 0.4000000000000000777 ) ;
#9422 = ORIENTED_EDGE ( 'NONE', *, *, #4060, .F. ) ;
#9421 = CARTESIAN_POINT ( 'NONE',  ( 16.00000000000000000, 9.269999999999999574, 1.000000000000000000 ) ) ;
#9423 = STYLED_ITEM ( 'NONE', ( #6326 ), #5708 ) ;
#9424 = VERTEX_POINT ( 'NONE', #1753 ) ;
#9425 = CARTESIAN_POINT ( 'NONE',  ( 15.35594010767584905, 15.35594010767584905, 2.130940107675852069 ) ) ;
#9426 =( NAMED_UNIT ( * ) PLANE_ANGLE_UNIT ( ) SI_UNIT ( $, .RADIAN. ) );
#9427 = VERTEX_POINT ( 'NONE', #956 ) ;
#9428 = SURFACE_SIDE_STYLE ('',( #1356 ) ) ;
#9429 = DIRECTION ( 'NONE',  ( 0.0000000000000000000, 0.0000000000000000000, 1.000000000000000000 ) ) ;
#9430 = ORIENTED_EDGE ( 'NONE', *, *, #5049, .T. ) ;
#9431 = UNCERTAINTY_MEASURE_WITH_UNIT (LENGTH_MEASURE( 1.000000000000000082E-05 ), #88, 'distance_accuracy_value', 'NONE');
#9432 = CARTESIAN_POINT ( 'NONE',  ( 1.500000000000000000, 2.649999999999990141, 1.000000000000000000 ) ) ;
#9433 = CARTESIAN_POINT ( 'NONE',  ( 9.400000000000000355, 15.50000000000000000, 0.9000000000000001332 ) ) ;
#9434 = DIRECTION ( 'NONE',  ( 4.426138304153450370E-16, -1.000000000000000000, 0.0000000000000000000 ) ) ;
#9435 = LINE ( 'NONE', #1420, #7999 ) ;
#9436 = CARTESIAN_POINT ( 'NONE',  ( 9.400000000000000355, 0.08999999999999991340, 0.0000000000000000000 ) ) ;
#9437 = ORIENTED_EDGE ( 'NONE', *, *, #4895, .T. ) ;
#9438 = DIRECTION ( 'NONE',  ( -1.000000000000000000, 0.0000000000000000000, 0.0000000000000000000 ) ) ;
#9439 = SURFACE_STYLE_FILL_AREA ( #5872 ) ;
#9440 = DIRECTION ( 'NONE',  ( 1.000000000000000000, 0.0000000000000000000, -0.0000000000000000000 ) ) ;
#9441 = SURFACE_SIDE_STYLE ('',( #2848 ) ) ;
#9442 = ORIENTED_EDGE ( 'NONE', *, *, #4275, .F. ) ;
#9443 = LINE ( 'NONE', #1429, #1438 ) ;
#9444 = AXIS2_PLACEMENT_3D ( 'NONE', #9231, #7158, #10725 ) ;
#9445 = FILL_AREA_STYLE_COLOUR ( '', #1199 ) ;
#9446 = SURFACE_STYLE_FILL_AREA ( #4961 ) ;
#9447 = CARTESIAN_POINT ( 'NONE',  ( 8.000000000000000000, 0.4749999999999988676, 0.9000000000000001332 ) ) ;
#9448 = ORIENTED_EDGE ( 'NONE', *, *, #5979, .F. ) ;
#9449 = FILL_AREA_STYLE ('',( #3197 ) ) ;
#9450 = CARTESIAN_POINT ( 'NONE',  ( 9.648746859276654320, 0.4749999999999991451, 0.9000000000000001332 ) ) ;
#9451 = VECTOR ( 'NONE', #5671, 1000.000000000000000 ) ;
#9452 = ORIENTED_EDGE ( 'NONE', *, *, #10875, .F. ) ;
#9453 = EDGE_CURVE ( 'NONE', #7981, #3018, #8113, .T. ) ;
#9454 = CARTESIAN_POINT ( 'NONE',  ( -0.1000000000000029754, 9.470000000000000639, -0.1000000000000003247 ) ) ;
#9455 = CARTESIAN_POINT ( 'NONE',  ( 13.81400000000000006, 2.149999999999990141, 0.0000000000000000000 ) ) ;
#9457 = ORIENTED_EDGE ( 'NONE', *, *, #9551, .F. ) ;
#9456 = CARTESIAN_POINT ( 'NONE',  ( -0.1000000000000010048, 2.449999999999989964, 0.4500000000000010103 ) ) ;
#9458 = LINE ( 'NONE', #6871, #7724 ) ;
#9460 = ORIENTED_EDGE ( 'NONE', *, *, #1230, .T. ) ;
#9459 =( LENGTH_UNIT ( ) NAMED_UNIT ( * ) SI_UNIT ( .MILLI., .METRE. ) );
#9461 = VECTOR ( 'NONE', #8341, 1000.000000000000000 ) ;
#9462 = ADVANCED_FACE ( 'NONE', ( #1688 ), #1802, .T. ) ;
#9463 = CARTESIAN_POINT ( 'NONE',  ( 16.00000000000000000, 11.81000000000000050, 1.000000000000000000 ) ) ;
#9464 = EDGE_CURVE ( 'NONE', #7199, #10687, #174, .T. ) ;
#9465 = SURFACE_STYLE_FILL_AREA ( #5903 ) ;
#9466 =( NAMED_UNIT ( * ) PLANE_ANGLE_UNIT ( ) SI_UNIT ( $, .RADIAN. ) );
#9467 = CARTESIAN_POINT ( 'NONE',  ( 15.48912265570455915, 0.9746219925608565759, 2.032250331571850754 ) ) ;
#9468 = ORIENTED_EDGE ( 'NONE', *, *, #3681, .F. ) ;
#9469 = ADVANCED_FACE ( 'NONE', ( #4891 ), #10880, .F. ) ;
#9470 = DIRECTION ( 'NONE',  ( 0.0000000000000000000, 1.000000000000000000, 0.0000000000000000000 ) ) ;
#9471 = AXIS2_PLACEMENT_3D ( 'NONE', #9385, #9508, #7556 ) ;
#9472 = EDGE_LOOP ( 'NONE', ( #9179, #5945, #6553, #615 ) ) ;
#9473 = EDGE_LOOP ( 'NONE', ( #5032, #5204, #8011, #10025 ) ) ;
#9474 = COLOUR_RGB ( '',0.8196078431372548767, 0.7058823529411764053, 0.5254901960784313930 ) ;
#9476 = EDGE_LOOP ( 'NONE', ( #3006, #1526, #4002, #6613, #5601, #10359, #6714, #11194 ) ) ;
#9475 = LINE ( 'NONE', #4931, #1117 ) ;
#9477 = ADVANCED_FACE ( 'NONE', ( #1974 ), #8393, .T. ) ;
#9478 = CIRCLE ( 'NONE', #3124, 0.2999999999999999889 ) ;
#9479 = EDGE_CURVE ( 'NONE', #1272, #9157, #9420, .T. ) ;
#9480 = LINE ( 'NONE', #391, #7598 ) ;
#9481 = UNCERTAINTY_MEASURE_WITH_UNIT (LENGTH_MEASURE( 1.000000000000000082E-05 ), #8990, 'distance_accuracy_value', 'NONE');
#9482 = ORIENTED_EDGE ( 'NONE', *, *, #9625, .T. ) ;
#9483 = CARTESIAN_POINT ( 'NONE',  ( 16.00000000000000000, 12.31000000000000227, 1.000000000000000888 ) ) ;
#9484 = CARTESIAN_POINT ( 'NONE',  ( -0.1000000000000029754, 10.07000000000000028, -0.1000000000000000056 ) ) ;
#9485 = SURFACE_SIDE_STYLE ('',( #9545 ) ) ;
#9486 = ORIENTED_EDGE ( 'NONE', *, *, #876, .F. ) ;
#9487 =( GEOMETRIC_REPRESENTATION_CONTEXT ( 3 ) GLOBAL_UNCERTAINTY_ASSIGNED_CONTEXT ( ( #3446 ) ) GLOBAL_UNIT_ASSIGNED_CONTEXT ( ( #4716, #236, #4780 ) ) REPRESENTATION_CONTEXT ( 'NONE', 'WORKASPACE' ) );
#9488 = SURFACE_STYLE_USAGE ( .BOTH. , #4182 ) ;
#9489 = ADVANCED_FACE ( 'NONE', ( #5073 ), #7554, .T. ) ;
#9490 = STYLED_ITEM ( 'NONE', ( #10756 ), #3263 ) ;
#9491 = DIRECTION ( 'NONE',  ( 0.0000000000000000000, 0.0000000000000000000, 1.000000000000000000 ) ) ;
#9492 = CARTESIAN_POINT ( 'NONE',  ( 9.400000000000000355, 15.50000000000000000, -0.03500000000000000333 ) ) ;
#9493 =( NAMED_UNIT ( * ) SI_UNIT ( $, .STERADIAN. ) SOLID_ANGLE_UNIT ( ) );
#9494 = PRESENTATION_LAYER_ASSIGNMENT (  '', '', ( #496 ) ) ;
#9495 = AXIS2_PLACEMENT_3D ( 'NONE', #4179, #9653, #6956 ) ;
#9496 =( GEOMETRIC_REPRESENTATION_CONTEXT ( 3 ) GLOBAL_UNCERTAINTY_ASSIGNED_CONTEXT ( ( #3347 ) ) GLOBAL_UNIT_ASSIGNED_CONTEXT ( ( #1606, #8742, #5306 ) ) REPRESENTATION_CONTEXT ( 'NONE', 'WORKASPACE' ) );
#9497 = UNCERTAINTY_MEASURE_WITH_UNIT (LENGTH_MEASURE( 1.000000000000000082E-05 ), #10869, 'distance_accuracy_value', 'NONE');
#9498 =( NAMED_UNIT ( * ) PLANE_ANGLE_UNIT ( ) SI_UNIT ( $, .RADIAN. ) );
#9499 = VECTOR ( 'NONE', #4371, 1000.000000000000000 ) ;
#9500 = DIRECTION ( 'NONE',  ( 1.000000000000000000, 0.0000000000000000000, -0.0000000000000000000 ) ) ;
#9501 = ORIENTED_EDGE ( 'NONE', *, *, #4902, .T. ) ;
#9502 = DIRECTION ( 'NONE',  ( -1.000000000000000000, 0.0000000000000000000, -0.0000000000000000000 ) ) ;
#9503 = SURFACE_SIDE_STYLE ('',( #11289 ) ) ;
#9504 = SURFACE_STYLE_FILL_AREA ( #4074 ) ;
#9505 =( GEOMETRIC_REPRESENTATION_CONTEXT ( 3 ) GLOBAL_UNCERTAINTY_ASSIGNED_CONTEXT ( ( #3219 ) ) GLOBAL_UNIT_ASSIGNED_CONTEXT ( ( #7502, #10247, #11056 ) ) REPRESENTATION_CONTEXT ( 'NONE', 'WORKASPACE' ) );
#9506 =( GEOMETRIC_REPRESENTATION_CONTEXT ( 3 ) GLOBAL_UNCERTAINTY_ASSIGNED_CONTEXT ( ( #9363 ) ) GLOBAL_UNIT_ASSIGNED_CONTEXT ( ( #6835, #1655, #2420 ) ) REPRESENTATION_CONTEXT ( 'NONE', 'WORKASPACE' ) );
#9507 =( GEOMETRIC_REPRESENTATION_CONTEXT ( 3 ) GLOBAL_UNCERTAINTY_ASSIGNED_CONTEXT ( ( #10341 ) ) GLOBAL_UNIT_ASSIGNED_CONTEXT ( ( #10347, #4010, #10223 ) ) REPRESENTATION_CONTEXT ( 'NONE', 'WORKASPACE' ) );
#9508 = DIRECTION ( 'NONE',  ( 0.0000000000000000000, 0.0000000000000000000, 1.000000000000000000 ) ) ;
#9509 = AXIS2_PLACEMENT_3D ( 'NONE', #3931, #1351, #9942 ) ;
#9510 =( LENGTH_UNIT ( ) NAMED_UNIT ( * ) SI_UNIT ( .MILLI., .METRE. ) );
#9511 = CIRCLE ( 'NONE', #7430, 0.4000000000000000777 ) ;
#9512 = CARTESIAN_POINT ( 'NONE',  ( 1.500000000000000000, 12.81000000000000050, 0.0000000000000000000 ) ) ;
#9513 = CARTESIAN_POINT ( 'NONE',  ( -1.416835399004054039E-15, 4.989999999999991331, 1.000000000000000444 ) ) ;
#9514 = AXIS2_PLACEMENT_3D ( 'NONE', #3748, #4694, #10147 ) ;
#9515 = ORIENTED_EDGE ( 'NONE', *, *, #10017, .T. ) ;
#9516 = VECTOR ( 'NONE', #10900, 1000.000000000000000 ) ;
#9517 = PLANE ( 'NONE',  #857 ) ;
#9518 = MECHANICAL_DESIGN_GEOMETRIC_PRESENTATION_REPRESENTATION (  '', ( #10043 ), #9877 ) ;
#9519 = SURFACE_STYLE_FILL_AREA ( #5887 ) ;
#9520 = UNCERTAINTY_MEASURE_WITH_UNIT (LENGTH_MEASURE( 1.000000000000000082E-05 ), #9667, 'distance_accuracy_value', 'NONE');
#9521 = ORIENTED_EDGE ( 'NONE', *, *, #8034, .F. ) ;
#9522 = DIRECTION ( 'NONE',  ( 1.000000000000000000, 0.0000000000000000000, 0.0000000000000000000 ) ) ;
#9523 = CARTESIAN_POINT ( 'NONE',  ( 16.91310618700139301, -1.046517794842405369, 6.429929402683401740 ) ) ;
#9524 =( GEOMETRIC_REPRESENTATION_CONTEXT ( 3 ) GLOBAL_UNCERTAINTY_ASSIGNED_CONTEXT ( ( #9252 ) ) GLOBAL_UNIT_ASSIGNED_CONTEXT ( ( #480, #4322, #10425 ) ) REPRESENTATION_CONTEXT ( 'NONE', 'WORKASPACE' ) );
#9526 = ORIENTED_EDGE ( 'NONE', *, *, #827, .F. ) ;
#9525 = CARTESIAN_POINT ( 'NONE',  ( -0.1000000000000040440, 12.61000000000000121, -0.09999999999999999167 ) ) ;
#9527 = ORIENTED_EDGE ( 'NONE', *, *, #4841, .T. ) ;
#9528 = SURFACE_STYLE_FILL_AREA ( #9694 ) ;
#9529 = AXIS2_PLACEMENT_3D ( 'NONE', #10238, #4077, #3189 ) ;
#9530 =( BOUNDED_SURFACE ( )  B_SPLINE_SURFACE ( 3, 3, ( 
 ( #4518, #8010, #6245, #11559 ),
 ( #3575, #8188, #3636, #3691 ),
 ( #9808, #7167, #6357, #5459 ),
 ( #1817, #7216, #5394, #8953 ) ),
 .UNSPECIFIED., .F., .F., .F. ) 
 B_SPLINE_SURFACE_WITH_KNOTS ( ( 4, 4 ),
 ( 4, 4 ),
 ( 0.0000000000000000000, 1.000000000000000000 ),
 ( 0.0000000000000000000, 1.000000000000000000 ),
 .UNSPECIFIED. ) 
 GEOMETRIC_REPRESENTATION_ITEM ( )  RATIONAL_B_SPLINE_SURFACE ( (
 ( 1.000000000000000000, 0.3333333333333087789, 0.3333333333333087789, 1.000000000000000000),
 ( 0.9049357840834721944, 0.3016452613611351752, 0.3016452613611351752, 0.9049357840834721944),
 ( 0.9049357840834721944, 0.3016452613611351752, 0.3016452613611351752, 0.9049357840834721944),
 ( 1.000000000000000000, 0.3333333333333087789, 0.3333333333333087789, 1.000000000000000000) ) ) 
 REPRESENTATION_ITEM ( '' )  SURFACE ( )  );
#9531 = CARTESIAN_POINT ( 'NONE',  ( 14.50000000000000000, 7.730000000000000426, 0.0000000000000000000 ) ) ;
#9532 = DIRECTION ( 'NONE',  ( -1.000000000000000000, 0.0000000000000000000, -0.0000000000000000000 ) ) ;
#9533 = UNCERTAINTY_MEASURE_WITH_UNIT (LENGTH_MEASURE( 1.000000000000000082E-05 ), #5350, 'distance_accuracy_value', 'NONE');
#9534 = VECTOR ( 'NONE', #8980, 1000.000000000000000 ) ;
#9535 = DIRECTION ( 'NONE',  ( 1.000000000000000000, -0.0000000000000000000, 0.0000000000000000000 ) ) ;
#9536 = VERTEX_POINT ( 'NONE', #411 ) ;
#9537 = VERTEX_POINT ( 'NONE', #11104 ) ;
#9538 = STYLED_ITEM ( 'NONE', ( #2519 ), #11464 ) ;
#9539 = ORIENTED_EDGE ( 'NONE', *, *, #3754, .F. ) ;
#9540 = EDGE_CURVE ( 'NONE', #6358, #7352, #5811, .T. ) ;
#9541 = ORIENTED_EDGE ( 'NONE', *, *, #4760, .F. ) ;
#9542 = EDGE_CURVE ( 'NONE', #7959, #10500, #9615, .T. ) ;
#9543 = VERTEX_POINT ( 'NONE', #2251 ) ;
#9544 = LINE ( 'NONE', #2419, #4976 ) ;
#9545 = SURFACE_STYLE_FILL_AREA ( #1601 ) ;
#9546 = VERTEX_POINT ( 'NONE', #7735 ) ;
#9547 = UNCERTAINTY_MEASURE_WITH_UNIT (LENGTH_MEASURE( 1.000000000000000082E-05 ), #11086, 'distance_accuracy_value', 'NONE');
#9548 = EDGE_CURVE ( 'NONE', #5227, #3488, #467, .T. ) ;
#9549 = DIRECTION ( 'NONE',  ( 1.000000000000000000, 0.0000000000000000000, -0.0000000000000000000 ) ) ;
#9550 = EDGE_CURVE ( 'NONE', #5519, #8591, #3301, .T. ) ;
#9551 = EDGE_CURVE ( 'NONE', #6652, #7053, #2440, .T. ) ;
#9552 = ORIENTED_EDGE ( 'NONE', *, *, #2683, .F. ) ;
#9553 = SURFACE_STYLE_FILL_AREA ( #5986 ) ;
#9554 = EDGE_CURVE ( 'NONE', #9424, #3280, #1557, .T. ) ;
#9555 = SURFACE_STYLE_FILL_AREA ( #880 ) ;
#9556 = VECTOR ( 'NONE', #6849, 1000.000000000000000 ) ;
#9557 = EDGE_CURVE ( 'NONE', #3440, #345, #8693, .T. ) ;
#9558 = CARTESIAN_POINT ( 'NONE',  ( 0.5754008446756012640, 17.03458355037433947, 6.535672628903053116 ) ) ;
#9559 =( GEOMETRIC_REPRESENTATION_CONTEXT ( 3 ) GLOBAL_UNCERTAINTY_ASSIGNED_CONTEXT ( ( #1216 ) ) GLOBAL_UNIT_ASSIGNED_CONTEXT ( ( #10809, #9090, #940 ) ) REPRESENTATION_CONTEXT ( 'NONE', 'WORKASPACE' ) );
#9560 = AXIS2_PLACEMENT_3D ( 'NONE', #11385, #6888, #10381 ) ;
#9561 = ORIENTED_EDGE ( 'NONE', *, *, #3897, .F. ) ;
#9562 = COLOUR_RGB ( '',0.8196078431372548767, 0.7058823529411764053, 0.5254901960784313930 ) ;
#9563 = PRESENTATION_STYLE_ASSIGNMENT (( #6101 ) ) ;
#9564 = DIRECTION ( 'NONE',  ( -1.000000000000000000, 0.0000000000000000000, -0.0000000000000000000 ) ) ;
#9565 = VECTOR ( 'NONE', #6847, 1000.000000000000000 ) ;
#9566 = CARTESIAN_POINT ( 'NONE',  ( 0.4749999999999969802, 15.52500000000000036, 0.9000000000000001332 ) ) ;
#9567 = LINE ( 'NONE', #2597, #10684 ) ;
#9568 = VECTOR ( 'NONE', #7875, 1000.000000000000000 ) ;
#9569 = CARTESIAN_POINT ( 'NONE',  ( 14.50000000000000000, 11.81000000000000050, -0.1000000000000000472 ) ) ;
#9570 = LINE ( 'NONE', #8043, #4285 ) ;
#9571 = MECHANICAL_DESIGN_GEOMETRIC_PRESENTATION_REPRESENTATION (  '', ( #6017 ), #10285 ) ;
#9572 = CARTESIAN_POINT ( 'NONE',  ( 14.50000000000000000, 2.649999999999990141, -0.1000000000000009076 ) ) ;
#9573 = VECTOR ( 'NONE', #3485, 1000.000000000000000 ) ;
#9574 = VERTEX_POINT ( 'NONE', #1426 ) ;
#9575 = AXIS2_PLACEMENT_3D ( 'NONE', #550, #10489, #10429 ) ;
#9576 = FILL_AREA_STYLE_COLOUR ( '', #8214 ) ;
#9577 = ORIENTED_EDGE ( 'NONE', *, *, #11250, .T. ) ;
#9579 = ORIENTED_EDGE ( 'NONE', *, *, #1406, .T. ) ;
#9578 = LINE ( 'NONE', #6123, #3025 ) ;
#9580 = CARTESIAN_POINT ( 'NONE',  ( 15.99999999999999645, 7.730000000000000426, 0.0000000000000000000 ) ) ;
#9582 = EDGE_LOOP ( 'NONE', ( #10098, #1038, #9442, #11560, #1960, #6694, #6648, #8447, #1599, #476, #6497, #1408, #9409, #4111, #5628, #1926, #6934, #1115, #10312, #4691, #8502, #10369, #7378, #10445, #6873, #5088, #5636, #7774, #4243, #4266, #5813, #6560, #4519, #2714, #10661, #3014, #5132, #9589, #1996, #11002, #10912, #5107, #7237, #9142, #7778, #8491, #11531, #752, #9593, #2061, #3819, #5586 ) ) ;
#9581 = FACE_OUTER_BOUND ( 'NONE', #9476, .T. ) ;
#9583 = COLOUR_RGB ( '',0.1803921568627450955, 0.4627450980392157076, 0.2823529411764705843 ) ;
#9584 = CARTESIAN_POINT ( 'NONE',  ( 0.8750000000000029976, 0.8749999999999990008, 1.899999999999999911 ) ) ;
#9585 = PRESENTATION_LAYER_ASSIGNMENT (  '', '', ( #7135 ) ) ;
#9586 = CARTESIAN_POINT ( 'NONE',  ( 8.900000000000000355, 15.91000000000000014, -0.03500000000000000333 ) ) ;
#9587 = LINE ( 'NONE', #8722, #7624 ) ;
#9588 = AXIS2_PLACEMENT_3D ( 'NONE', #8533, #4046, #7529 ) ;
#9589 = ORIENTED_EDGE ( 'NONE', *, *, #9803, .F. ) ;
#9590 = ORIENTED_EDGE ( 'NONE', *, *, #3176, .F. ) ;
#9591 = ORIENTED_EDGE ( 'NONE', *, *, #6594, .T. ) ;
#9593 = ORIENTED_EDGE ( 'NONE', *, *, #2673, .F. ) ;
#9592 = CARTESIAN_POINT ( 'NONE',  ( 0.4499999999999986788, 0.4499999999999901856, 6.500000000000000888 ) ) ;
#9594 = COLOUR_RGB ( '',0.8196078431372548767, 0.7058823529411764053, 0.5254901960784313930 ) ;
#9595 = AXIS2_PLACEMENT_3D ( 'NONE', #6997, #4225, #6297 ) ;
#9596 = CIRCLE ( 'NONE', #4008, 0.2999999999999999889 ) ;
#9597 = ORIENTED_EDGE ( 'NONE', *, *, #589, .T. ) ;
#9598 = ORIENTED_EDGE ( 'NONE', *, *, #9134, .T. ) ;
#9599 = CARTESIAN_POINT ( 'NONE',  ( 8.000000000000000000, 10.26999999999999957, 0.9000000000000001332 ) ) ;
#9600 = AXIS2_PLACEMENT_3D ( 'NONE', #102, #10703, #7186 ) ;
#9601 = DIRECTION ( 'NONE',  ( 1.000000000000000000, 0.0000000000000000000, -0.0000000000000000000 ) ) ;
#9602 = CIRCLE ( 'NONE', #8118, 0.3000000000000012657 ) ;
#9603 = EDGE_CURVE ( 'NONE', #7352, #883, #5007, .T. ) ;
#9604 = CARTESIAN_POINT ( 'NONE',  ( 16.00000000000000000, 7.230000000000000426, -0.1000000000000028644 ) ) ;
#9605 = ORIENTED_EDGE ( 'NONE', *, *, #5282, .T. ) ;
#9606 = FILL_AREA_STYLE ('',( #6043 ) ) ;
#9607 = PLANE ( 'NONE',  #6864 ) ;
#9608 = MECHANICAL_DESIGN_GEOMETRIC_PRESENTATION_REPRESENTATION (  '', ( #1595 ), #4376 ) ;
#9609 = UNCERTAINTY_MEASURE_WITH_UNIT (LENGTH_MEASURE( 1.000000000000000082E-05 ), #4789, 'distance_accuracy_value', 'NONE');
#9610 = EDGE_CURVE ( 'NONE', #4289, #1272, #4245, .T. ) ;
#9611 = CARTESIAN_POINT ( 'NONE',  ( 14.50000000000000000, 11.81000000000000050, 1.000000000000000000 ) ) ;
#9612 = ORIENTED_EDGE ( 'NONE', *, *, #6894, .F. ) ;
#9613 = EDGE_CURVE ( 'NONE', #7844, #4289, #7791, .T. ) ;
#9614 = CARTESIAN_POINT ( 'NONE',  ( 15.25000000000000000, 6.929999999999999716, 1.000000000000000000 ) ) ;
#9615 = LINE ( 'NONE', #3118, #4150 ) ;
#9616 = DIRECTION ( 'NONE',  ( 0.0000000000000000000, -0.0000000000000000000, -1.000000000000000000 ) ) ;
#9617 = EDGE_CURVE ( 'NONE', #2276, #5626, #6914, .T. ) ;
#9618 = SURFACE_STYLE_USAGE ( .BOTH. , #8748 ) ;
#9619 = SURFACE_STYLE_USAGE ( .BOTH. , #5876 ) ;
#9620 = CARTESIAN_POINT ( 'NONE',  ( 15.52500000000000213, 1.649999999999989919, 0.9000000000000001332 ) ) ;
#9621 =( LENGTH_UNIT ( ) NAMED_UNIT ( * ) SI_UNIT ( .MILLI., .METRE. ) );
#9622 = FILL_AREA_STYLE ('',( #7024 ) ) ;
#9623 = CARTESIAN_POINT ( 'NONE',  ( -2.145505995088109808E-15, 7.730000000000000426, 1.000000000000000000 ) ) ;
#9624 = CARTESIAN_POINT ( 'NONE',  ( 16.00000000000000000, 7.730000000000000426, 0.9000000000000001332 ) ) ;
#9625 = EDGE_CURVE ( 'NONE', #4028, #4873, #7677, .T. ) ;
#9626 = PRESENTATION_STYLE_ASSIGNMENT (( #2378 ) ) ;
#9627 = VERTEX_POINT ( 'NONE', #4306 ) ;
#9628 = CARTESIAN_POINT ( 'NONE',  ( 0.7499999999999970024, 9.769999999999999574, 1.000000000000000000 ) ) ;
#9629 = SURFACE_STYLE_FILL_AREA ( #1751 ) ;
#9630 = DIRECTION ( 'NONE',  ( 1.000000000000000000, 0.0000000000000000000, 0.0000000000000000000 ) ) ;
#9631 = UNCERTAINTY_MEASURE_WITH_UNIT (LENGTH_MEASURE( 1.000000000000000082E-05 ), #6639, 'distance_accuracy_value', 'NONE');
#9632 = ORIENTED_EDGE ( 'NONE', *, *, #4124, .T. ) ;
#9633 = EDGE_CURVE ( 'NONE', #9137, #4093, #11411, .T. ) ;
#9634 = FILL_AREA_STYLE ('',( #6988 ) ) ;
#9636 = ORIENTED_EDGE ( 'NONE', *, *, #5061, .T. ) ;
#9635 = DIRECTION ( 'NONE',  ( 0.0000000000000000000, -0.0000000000000000000, -1.000000000000000000 ) ) ;
#9637 = CARTESIAN_POINT ( 'NONE',  ( 8.000000000000000000, 0.3999999999999897526, 0.0000000000000000000 ) ) ;
#9638 = ORIENTED_EDGE ( 'NONE', *, *, #8045, .T. ) ;
#9639 = DIRECTION ( 'NONE',  ( 0.0000000000000000000, 0.0000000000000000000, -1.000000000000000000 ) ) ;
#9640 = CARTESIAN_POINT ( 'NONE',  ( 0.6440598923241545037, 15.35594010767584372, 2.130940107675844519 ) ) ;
#9641 = DIRECTION ( 'NONE',  ( -2.775557561562889872E-16, 1.000000000000000000, 0.0000000000000000000 ) ) ;
#9642 = DIRECTION ( 'NONE',  ( -0.0000000000000000000, 1.000000000000000000, 0.0000000000000000000 ) ) ;
#9643 = VERTEX_POINT ( 'NONE', #7853 ) ;
#9644 = CARTESIAN_POINT ( 'NONE',  ( -0.1000000000000030032, 9.470000000000000639, 0.4499999999999990119 ) ) ;
#9645 = EDGE_LOOP ( 'NONE', ( #2721, #4807, #953, #7800, #10733, #261, #5721, #10272 ) ) ;
#9647 = ORIENTED_EDGE ( 'NONE', *, *, #9827, .T. ) ;
#9646 = CARTESIAN_POINT ( 'NONE',  ( 9.400000000000000355, 15.91000000000000014, 0.9000000000000001332 ) ) ;
#9648 = MECHANICAL_DESIGN_GEOMETRIC_PRESENTATION_REPRESENTATION (  '', ( #8729 ), #10558 ) ;
#9649 = ORIENTED_EDGE ( 'NONE', *, *, #8178, .T. ) ;
#9650 = CARTESIAN_POINT ( 'NONE',  ( 17.14391472235504921, -1.073205080756888030, 6.252495439158725965 ) ) ;
#9651 = ORIENTED_EDGE ( 'NONE', *, *, #5617, .F. ) ;
#9652 = SURFACE_SIDE_STYLE ('',( #11500 ) ) ;
#9653 = DIRECTION ( 'NONE',  ( -0.0000000000000000000, -0.0000000000000000000, -1.000000000000000000 ) ) ;
#9654 = ORIENTED_EDGE ( 'NONE', *, *, #9185, .F. ) ;
#9655 = UNCERTAINTY_MEASURE_WITH_UNIT (LENGTH_MEASURE( 1.000000000000000082E-05 ), #8313, 'distance_accuracy_value', 'NONE');
#9656 = CARTESIAN_POINT ( 'NONE',  ( 8.000000000000000000, 2.649999999999990141, 0.9000000000000001332 ) ) ;
#9657 = DIRECTION ( 'NONE',  ( 1.000000000000000000, 0.0000000000000000000, 0.0000000000000000000 ) ) ;
#9658 = VERTEX_POINT ( 'NONE', #10526 ) ;
#9659 =( BOUNDED_SURFACE ( )  B_SPLINE_SURFACE ( 3, 3, ( 
 ( #6696, #10428, #7632, #3137 ),
 ( #7752, #5092, #4154, #368 ),
 ( #9523, #8585, #482, #11064 ),
 ( #3080, #3973, #11189, #8519 ) ),
 .UNSPECIFIED., .F., .F., .F. ) 
 B_SPLINE_SURFACE_WITH_KNOTS ( ( 4, 4 ),
 ( 4, 4 ),
 ( 0.0000000000000000000, 1.000000000000000000 ),
 ( 0.0000000000000000000, 1.000000000000000000 ),
 .UNSPECIFIED. ) 
 GEOMETRIC_REPRESENTATION_ITEM ( )  RATIONAL_B_SPLINE_SURFACE ( (
 ( 1.000000000000000000, 0.3333333333333154402, 0.3333333333333154402, 1.000000000000000000),
 ( 0.9245018060306372520, 0.3081672686768625602, 0.3081672686768625602, 0.9245018060306372520),
 ( 0.9245018060306372520, 0.3081672686768625602, 0.3081672686768625602, 0.9245018060306372520),
 ( 1.000000000000000000, 0.3333333333333154402, 0.3333333333333154402, 1.000000000000000000) ) ) 
 REPRESENTATION_ITEM ( '' )  SURFACE ( )  );
#9660 = PRESENTATION_STYLE_ASSIGNMENT (( #9776 ) ) ;
#9661 = MECHANICAL_DESIGN_GEOMETRIC_PRESENTATION_REPRESENTATION (  '', ( #874 ), #4645 ) ;
#9662 = VERTEX_POINT ( 'NONE', #2548 ) ;
#9663 = VECTOR ( 'NONE', #4791, 1000.000000000000000 ) ;
#9664 = LINE ( 'NONE', #1735, #10473 ) ;
#9665 = CARTESIAN_POINT ( 'NONE',  ( 17.19999999999999929, 16.89999999999999858, 2.299999999999999822 ) ) ;
#9666 = CARTESIAN_POINT ( 'NONE',  ( 16.10000000000000142, 7.730000000000000426, -0.1000000000000000056 ) ) ;
#9667 =( LENGTH_UNIT ( ) NAMED_UNIT ( * ) SI_UNIT ( .MILLI., .METRE. ) );
#9668 = PRESENTATION_LAYER_ASSIGNMENT (  '', '', ( #3131 ) ) ;
#9669 = CIRCLE ( 'NONE', #8558, 0.4100000000000006417 ) ;
#9670 = CARTESIAN_POINT ( 'NONE',  ( 8.924723342740199072, 6.161601451861856482, 6.500000000000001776 ) ) ;
#9671 = CARTESIAN_POINT ( 'NONE',  ( 0.4750000000000014766, 5.189999999999989733, 0.9000000000000001332 ) ) ;
#9672 = EDGE_CURVE ( 'NONE', #8974, #5046, #6103, .T. ) ;
#9673 =( NAMED_UNIT ( * ) PLANE_ANGLE_UNIT ( ) SI_UNIT ( $, .RADIAN. ) );
#9674 = EDGE_CURVE ( 'NONE', #2225, #5520, #3416, .T. ) ;
#9675 = CARTESIAN_POINT ( 'NONE',  ( 16.00000000000000000, 15.15000000000000036, 1.000000000000000444 ) ) ;
#9676 = ORIENTED_EDGE ( 'NONE', *, *, #4850, .T. ) ;
#9677 = FILL_AREA_STYLE_COLOUR ( '', #8817 ) ;
#9678 = VECTOR ( 'NONE', #440, 1000.000000000000000 ) ;
#9679 = STYLED_ITEM ( 'NONE', ( #10339 ), #8787 ) ;
#9680 = FACE_OUTER_BOUND ( 'NONE', #3726, .T. ) ;
#9681 = CARTESIAN_POINT ( 'NONE',  ( 14.50000000000000000, 4.190000000000000391, 1.000000000000000000 ) ) ;
#9682 = VERTEX_POINT ( 'NONE', #361 ) ;
#9683 = AXIS2_PLACEMENT_3D ( 'NONE', #8554, #3877, #7487 ) ;
#9684 = CARTESIAN_POINT ( 'NONE',  ( 8.900000000000000355, 0.9100000000000000311, 0.0000000000000000000 ) ) ;
#9685 = ADVANCED_FACE ( 'NONE', ( #10892 ), #9112, .T. ) ;
#9686 = ORIENTED_EDGE ( 'NONE', *, *, #7017, .F. ) ;
#9687 = LINE ( 'NONE', #9637, #8871 ) ;
#9688 = DIRECTION ( 'NONE',  ( 1.000000000000000000, 0.0000000000000000000, -0.0000000000000000000 ) ) ;
#9689 = MECHANICAL_DESIGN_GEOMETRIC_PRESENTATION_REPRESENTATION (  '', ( #7812 ), #4104 ) ;
#9691 = ORIENTED_EDGE ( 'NONE', *, *, #2028, .T. ) ;
#9690 = DIRECTION ( 'NONE',  ( -1.000000000000000000, -0.0000000000000000000, 0.0000000000000000000 ) ) ;
#9692 = VECTOR ( 'NONE', #4549, 1000.000000000000000 ) ;
#9693 = ADVANCED_FACE ( 'NONE', ( #3967 ), #1261, .T. ) ;
#9694 = FILL_AREA_STYLE ('',( #738 ) ) ;
#9695 = DIRECTION ( 'NONE',  ( -0.0000000000000000000, 1.000000000000000000, 0.0000000000000000000 ) ) ;
#9696 = ADVANCED_FACE ( 'NONE', ( #1988 ), #4736, .T. ) ;
#9697 = DIRECTION ( 'NONE',  ( -0.8944271909999158554, 0.4472135954999579277, 0.0000000000000000000 ) ) ;
#9698 = VECTOR ( 'NONE', #9284, 1000.000000000000000 ) ;
#9699 = DIRECTION ( 'NONE',  ( 0.0000000000000000000, 0.0000000000000000000, 1.000000000000000000 ) ) ;
#9700 = ORIENTED_EDGE ( 'NONE', *, *, #3533, .T. ) ;
#9701 = ORIENTED_EDGE ( 'NONE', *, *, #9764, .T. ) ;
#9702 = MECHANICAL_DESIGN_GEOMETRIC_PRESENTATION_REPRESENTATION (  '', ( #10802 ), #1436 ) ;
#9703 = MECHANICAL_DESIGN_GEOMETRIC_PRESENTATION_REPRESENTATION (  '', ( #11362 ), #3553 ) ;
#9705 = ORIENTED_EDGE ( 'NONE', *, *, #1782, .F. ) ;
#9704 = SURFACE_STYLE_USAGE ( .BOTH. , #6138 ) ;
#9707 = VERTEX_POINT ( 'NONE', #10070 ) ;
#9706 = CARTESIAN_POINT ( 'NONE',  ( -3.333444631437029988E-15, 12.00999999999999979, 1.000000000000000000 ) ) ;
#9708 = CARTESIAN_POINT ( 'NONE',  ( 8.489999999999998437, 15.50000000000000000, -0.03500000000000000333 ) ) ;
#9709 = PRESENTATION_STYLE_ASSIGNMENT (( #3340 ) ) ;
#9710 = SURFACE_STYLE_FILL_AREA ( #6144 ) ;
#9711 = ORIENTED_EDGE ( 'NONE', *, *, #8687, .T. ) ;
#9712 = CARTESIAN_POINT ( 'NONE',  ( -1.073205080756888252, -1.143914722355060087, 6.252495439158724189 ) ) ;
#9713 = VECTOR ( 'NONE', #7696, 1000.000000000000000 ) ;
#9714 = FILL_AREA_STYLE ('',( #7065 ) ) ;
#9715 = FILL_AREA_STYLE ('',( #2582 ) ) ;
#9716 = EDGE_LOOP ( 'NONE', ( #5858, #2698, #4482, #1781 ) ) ;
#9717 = CARTESIAN_POINT ( 'NONE',  ( 9.400000000000000355, 0.08999999999999999667, 0.0000000000000000000 ) ) ;
#9718 = SURFACE_STYLE_USAGE ( .BOTH. , #2486 ) ;
#9719 =( GEOMETRIC_REPRESENTATION_CONTEXT ( 3 ) GLOBAL_UNCERTAINTY_ASSIGNED_CONTEXT ( ( #5225 ) ) GLOBAL_UNIT_ASSIGNED_CONTEXT ( ( #6993, #10548, #6184 ) ) REPRESENTATION_CONTEXT ( 'NONE', 'WORKASPACE' ) );
#9720 = CARTESIAN_POINT ( 'NONE',  ( 1.500000000000000000, 14.34999999999999964, 0.9000000000000001332 ) ) ;
#9721 = APPLICATION_PROTOCOL_DEFINITION ( 'draft international standard', 'automotive_design', 1998, #4429 ) ;
#9722 = DIRECTION ( 'NONE',  ( -1.000000000000000000, 0.0000000000000000000, 0.0000000000000000000 ) ) ;
#9723 = ORIENTED_EDGE ( 'NONE', *, *, #11303, .T. ) ;
#9724 = VECTOR ( 'NONE', #4773, 1000.000000000000000 ) ;
#9725 = PRESENTATION_STYLE_ASSIGNMENT (( #11291 ) ) ;
#9726 = FACE_OUTER_BOUND ( 'NONE', #7298, .T. ) ;
#9727 = CARTESIAN_POINT ( 'NONE',  ( 16.00000000000000000, 8.000000000000000000, 0.0000000000000000000 ) ) ;
#9728 = EDGE_CURVE ( 'NONE', #899, #5849, #6634, .T. ) ;
#9729 = VECTOR ( 'NONE', #535, 1000.000000000000000 ) ;
#9730 = CARTESIAN_POINT ( 'NONE',  ( 9.223445643807570704, 6.285109300583644476, 6.500000000000000888 ) ) ;
#9731 = CARTESIAN_POINT ( 'NONE',  ( 7.837934128639980180, 6.377210763216489831, 6.500000000000000888 ) ) ;
#9732 = DIRECTION ( 'NONE',  ( 1.000000000000000000, -4.440892098500630106E-15, -0.0000000000000000000 ) ) ;
#9733 = AXIS2_PLACEMENT_3D ( 'NONE', #11459, #825, #1542 ) ;
#9734 = CARTESIAN_POINT ( 'NONE',  ( 15.55000000000000071, 15.55000000000000071, 6.500000000000000888 ) ) ;
#9735 = DIRECTION ( 'NONE',  ( 0.5773502691896250649, 0.5773502691896250649, 0.5773502691896271743 ) ) ;
#9736 = ORIENTED_EDGE ( 'NONE', *, *, #5760, .F. ) ;
#9737 = SURFACE_STYLE_FILL_AREA ( #8814 ) ;
#9738 = DIRECTION ( 'NONE',  ( 0.0000000000000000000, 0.0000000000000000000, 1.000000000000000000 ) ) ;
#9739 = VECTOR ( 'NONE', #5994, 1000.000000000000000 ) ;
#9740 = ADVANCED_FACE ( 'NONE', ( #2093 ), #8856, .T. ) ;
#9741 = ORIENTED_EDGE ( 'NONE', *, *, #1562, .T. ) ;
#9742 = CARTESIAN_POINT ( 'NONE',  ( 16.00000000000000000, 2.649999999999990141, 0.0000000000000000000 ) ) ;
#9743 = CARTESIAN_POINT ( 'NONE',  ( 16.89999999999999858, -1.200000000000007505, 6.150000000000000355 ) ) ;
#9744 = EDGE_CURVE ( 'NONE', #1324, #10322, #11247, .T. ) ;
#9745 = ORIENTED_EDGE ( 'NONE', *, *, #8478, .T. ) ;
#9746 = DIRECTION ( 'NONE',  ( 0.0000000000000000000, -0.0000000000000000000, 1.000000000000000000 ) ) ;
#9747 =( NAMED_UNIT ( * ) SI_UNIT ( $, .STERADIAN. ) SOLID_ANGLE_UNIT ( ) );
#9748 = VECTOR ( 'NONE', #9176, 1000.000000000000000 ) ;
#9749 = SURFACE_SIDE_STYLE ('',( #1874 ) ) ;
#9750 = CARTESIAN_POINT ( 'NONE',  ( 1.090444154610252125, 15.34787552320192638, 2.478639810777920172 ) ) ;
#9751 = ADVANCED_FACE ( 'NONE', ( #2263 ), #5085, .T. ) ;
#9752 = ADVANCED_FACE ( 'NONE', ( #7565 ), #6923, .T. ) ;
#9753 = PRESENTATION_LAYER_ASSIGNMENT (  '', '', ( #3229 ) ) ;
#9754 = DIRECTION ( 'NONE',  ( 0.0000000000000000000, -0.0000000000000000000, -1.000000000000000000 ) ) ;
#9755 = ORIENTED_EDGE ( 'NONE', *, *, #4991, .F. ) ;
#9756 = LINE ( 'NONE', #9918, #4577 ) ;
#9757 = EDGE_CURVE ( 'NONE', #3234, #866, #6691, .T. ) ;
#9759 = ORIENTED_EDGE ( 'NONE', *, *, #7372, .T. ) ;
#9758 = SURFACE_STYLE_FILL_AREA ( #1096 ) ;
#9761 = ORIENTED_EDGE ( 'NONE', *, *, #6541, .T. ) ;
#9760 = LINE ( 'NONE', #8014, #3536 ) ;
#9762 = VECTOR ( 'NONE', #6705, 1000.000000000000000 ) ;
#9763 = AXIS2_PLACEMENT_3D ( 'NONE', #11292, #651, #2552 ) ;
#9764 = EDGE_CURVE ( 'NONE', #9627, #3129, #786, .T. ) ;
#9765 = DIRECTION ( 'NONE',  ( 1.000000000000000000, 0.0000000000000000000, 0.0000000000000000000 ) ) ;
#9766 = EDGE_LOOP ( 'NONE', ( #11252, #8338, #4218, #3673, #8676, #5582, #10977, #4889, #5776 ) ) ;
#9767 = UNCERTAINTY_MEASURE_WITH_UNIT (LENGTH_MEASURE( 1.000000000000000082E-05 ), #11423, 'distance_accuracy_value', 'NONE');
#9768 = CARTESIAN_POINT ( 'NONE',  ( 0.7499999999999990008, 4.689999999999990621, -0.1000000000000000056 ) ) ;
#9769 = DIRECTION ( 'NONE',  ( -1.000000000000000000, 0.0000000000000000000, -0.0000000000000000000 ) ) ;
#9770 = CARTESIAN_POINT ( 'NONE',  ( 0.6796429402101371586, 0.8575250839981346518, 2.273239203577869016 ) ) ;
#9771 = EDGE_CURVE ( 'NONE', #5940, #9195, #1906, .T. ) ;
#9772 =( NAMED_UNIT ( * ) PLANE_ANGLE_UNIT ( ) SI_UNIT ( $, .RADIAN. ) );
#9773 = AXIS2_PLACEMENT_3D ( 'NONE', #9927, #10690, #6308 ) ;
#9774 = VERTEX_POINT ( 'NONE', #10651 ) ;
#9775 = PRESENTATION_STYLE_ASSIGNMENT (( #579 ) ) ;
#9776 = SURFACE_STYLE_USAGE ( .BOTH. , #4297 ) ;
#9777 = SURFACE_STYLE_FILL_AREA ( #11509 ) ;
#9778 = AXIS2_PLACEMENT_3D ( 'NONE', #3612, #2612, #6174 ) ;
#9779 = ORIENTED_EDGE ( 'NONE', *, *, #2245, .F. ) ;
#9780 = VECTOR ( 'NONE', #7341, 1000.000000000000000 ) ;
#9781 =( GEOMETRIC_REPRESENTATION_CONTEXT ( 3 ) GLOBAL_UNCERTAINTY_ASSIGNED_CONTEXT ( ( #8021 ) ) GLOBAL_UNIT_ASSIGNED_CONTEXT ( ( #7516, #3083, #7573 ) ) REPRESENTATION_CONTEXT ( 'NONE', 'WORKASPACE' ) );
#9782 = DIRECTION ( 'NONE',  ( -1.000000000000000000, 0.0000000000000000000, -0.0000000000000000000 ) ) ;
#9783 = CARTESIAN_POINT ( 'NONE',  ( 0.7500000000000000000, 1.524999999999989919, -0.1000000000000000056 ) ) ;
#9784 = CARTESIAN_POINT ( 'NONE',  ( 9.314999999919766793, 7.370000000000000995, -1.421085471520200372E-11 ) ) ;
#9785 = CARTESIAN_POINT ( 'NONE',  ( 9.363602005753653756, 8.361316916805108690, 6.500000000000000000 ) ) ;
#9786 = CARTESIAN_POINT ( 'NONE',  ( -0.08786796564402393761, 17.11213203435596952, 6.150000000000000355 ) ) ;
#9787 = CARTESIAN_POINT ( 'NONE',  ( -0.1000000000000010186, 4.689999999999990621, -0.1000000000000000056 ) ) ;
#9788 = CARTESIAN_POINT ( 'NONE',  ( 1.499999999999999556, 8.000000000000000000, 0.0000000000000000000 ) ) ;
#9789 = FILL_AREA_STYLE_COLOUR ( '', #5927 ) ;
#9790 = ORIENTED_EDGE ( 'NONE', *, *, #2060, .T. ) ;
#9791 = CARTESIAN_POINT ( 'NONE',  ( 8.000000000000000000, 8.000000000000000000, 0.9000000000000001332 ) ) ;
#9792 = PRESENTATION_STYLE_ASSIGNMENT (( #8053 ) ) ;
#9793 = EDGE_LOOP ( 'NONE', ( #7257, #7913, #11486, #6998 ) ) ;
#9794 = CARTESIAN_POINT ( 'NONE',  ( 16.10000000000000142, 4.389999999999999680, 0.4499999999999990119 ) ) ;
#9795 =( LENGTH_UNIT ( ) NAMED_UNIT ( * ) SI_UNIT ( .MILLI., .METRE. ) );
#9797 = ORIENTED_EDGE ( 'NONE', *, *, #2314, .F. ) ;
#9796 = FILL_AREA_STYLE ('',( #2780 ) ) ;
#9798 = LINE ( 'NONE', #3497, #11232 ) ;
#9799 = DIRECTION ( 'NONE',  ( -1.000000000000000000, -0.0000000000000000000, 0.0000000000000000000 ) ) ;
#9800 = CARTESIAN_POINT ( 'NONE',  ( 15.73115827418999579, 15.29283859637780019, 1.712074308801807332 ) ) ;
#9801 = CARTESIAN_POINT ( 'NONE',  ( -0.9000000000000030198, 15.87573593128810145, 4.375000000000000000 ) ) ;
#9802 = CARTESIAN_POINT ( 'NONE',  ( 16.00000000000000000, 7.530000000000000249, -0.1000000000000014350 ) ) ;
#9803 = EDGE_CURVE ( 'NONE', #6477, #8706, #2660, .T. ) ;
#9804 = SURFACE_STYLE_FILL_AREA ( #9915 ) ;
#9805 = CARTESIAN_POINT ( 'NONE',  ( 15.52500000000000213, 4.190000000000000391, 1.000000000000000000 ) ) ;
#9806 = ORIENTED_EDGE ( 'NONE', *, *, #6594, .F. ) ;
#9807 = DIRECTION ( 'NONE',  ( -0.0000000000000000000, -0.0000000000000000000, -1.000000000000000000 ) ) ;
#9809 = EDGE_LOOP ( 'NONE', ( #11442, #8301, #3709, #2295 ) ) ;
#9808 = CARTESIAN_POINT ( 'NONE',  ( -1.177041189465881876, 15.76181945852023603, 6.264927720733845184 ) ) ;
#9810 = EDGE_CURVE ( 'NONE', #7515, #8679, #3549, .T. ) ;
#9811 = ORIENTED_EDGE ( 'NONE', *, *, #9949, .F. ) ;
#9812 = ADVANCED_FACE ( 'NONE', ( #4380 ), #8876, .T. ) ;
#9813 = DIRECTION ( 'NONE',  ( 1.000000000000000000, 7.401486830834380223E-16, 0.0000000000000000000 ) ) ;
#9814 = PRESENTATION_LAYER_ASSIGNMENT (  '', '', ( #4797 ) ) ;
#9815 = EDGE_CURVE ( 'NONE', #5233, #6477, #2557, .T. ) ;
#9816 = LINE ( 'NONE', #7951, #4474 ) ;
#9817 = ORIENTED_EDGE ( 'NONE', *, *, #654, .T. ) ;
#9818 =( LENGTH_UNIT ( ) NAMED_UNIT ( * ) SI_UNIT ( .MILLI., .METRE. ) );
#9819 = LINE ( 'NONE', #9878, #6615 ) ;
#9820 = CARTESIAN_POINT ( 'NONE',  ( 0.6440598923241531715, 0.7383394144550319282, 2.225219629806733490 ) ) ;
#9821 = EDGE_CURVE ( 'NONE', #5056, #9899, #11478, .T. ) ;
#9822 = ADVANCED_FACE ( 'NONE', ( #4439 ), #3668, .T. ) ;
#9823 = ORIENTED_EDGE ( 'NONE', *, *, #8104, .T. ) ;
#9824 = LINE ( 'NONE', #2701, #5953 ) ;
#9825 = UNCERTAINTY_MEASURE_WITH_UNIT (LENGTH_MEASURE( 1.000000000000000082E-05 ), #2782, 'distance_accuracy_value', 'NONE');
#9826 = VECTOR ( 'NONE', #4325, 1000.000000000000000 ) ;
#9827 = EDGE_CURVE ( 'NONE', #4461, #2150, #8224, .T. ) ;
#9828 =( NAMED_UNIT ( * ) SI_UNIT ( $, .STERADIAN. ) SOLID_ANGLE_UNIT ( ) );
#9829 = ORIENTED_EDGE ( 'NONE', *, *, #2963, .F. ) ;
#9830 = VECTOR ( 'NONE', #8541, 1000.000000000000000 ) ;
#9831 = LINE ( 'NONE', #7187, #11022 ) ;
#9832 = LINE ( 'NONE', #6270, #9534 ) ;
#9833 = LINE ( 'NONE', #7139, #8763 ) ;
#9834 = DIRECTION ( 'NONE',  ( 1.000000000000000000, 0.0000000000000000000, 0.0000000000000000000 ) ) ;
#9835 = COLOUR_RGB ( '',0.8196078431372548767, 0.7058823529411764053, 0.5254901960784313930 ) ;
#9836 = CARTESIAN_POINT ( 'NONE',  ( 9.020562075079479475E-17, 2.149999999999990141, 1.000000000000000888 ) ) ;
#9837 = DIRECTION ( 'NONE',  ( 0.0000000000000000000, 0.0000000000000000000, 1.000000000000000000 ) ) ;
#9838 = MECHANICAL_DESIGN_GEOMETRIC_PRESENTATION_REPRESENTATION (  '', ( #101 ), #11515 ) ;
#9839 = MECHANICAL_DESIGN_GEOMETRIC_PRESENTATION_REPRESENTATION (  '', ( #8370 ), #1453 ) ;
#9840 =( LENGTH_UNIT ( ) NAMED_UNIT ( * ) SI_UNIT ( .MILLI., .METRE. ) );
#9841 = EDGE_LOOP ( 'NONE', ( #9307, #5729 ) ) ;
#9842 = PRESENTATION_STYLE_ASSIGNMENT (( #7982 ) ) ;
#9843 = DIRECTION ( 'NONE',  ( 1.000000000000000000, -0.0000000000000000000, 0.0000000000000000000 ) ) ;
#9844 =( GEOMETRIC_REPRESENTATION_CONTEXT ( 3 ) GLOBAL_UNCERTAINTY_ASSIGNED_CONTEXT ( ( #5853 ) ) GLOBAL_UNIT_ASSIGNED_CONTEXT ( ( #3712, #7075, #9828 ) ) REPRESENTATION_CONTEXT ( 'NONE', 'WORKASPACE' ) );
#9845 = VERTEX_POINT ( 'NONE', #2831 ) ;
#9846 = CIRCLE ( 'NONE', #5935, 0.2999999999999999334 ) ;
#9847 = FACE_OUTER_BOUND ( 'NONE', #8768, .T. ) ;
#9848 =( LENGTH_UNIT ( ) NAMED_UNIT ( * ) SI_UNIT ( .MILLI., .METRE. ) );
#9849 = ORIENTED_EDGE ( 'NONE', *, *, #7308, .T. ) ;
#9850 = DIRECTION ( 'NONE',  ( -1.000000000000000000, -0.0000000000000000000, 0.0000000000000000000 ) ) ;
#9851 =( NAMED_UNIT ( * ) PLANE_ANGLE_UNIT ( ) SI_UNIT ( $, .RADIAN. ) );
#9852 = AXIS2_PLACEMENT_3D ( 'NONE', #3985, #3215, #7520 ) ;
#9853 = VECTOR ( 'NONE', #8793, 1000.000000000000000 ) ;
#9854 = FILL_AREA_STYLE_COLOUR ( '', #10499 ) ;
#9855 = CARTESIAN_POINT ( 'NONE',  ( 8.484987205534856969, 6.930040627448377677, 6.949999999999999289 ) ) ;
#9856 = SURFACE_STYLE_FILL_AREA ( #9003 ) ;
#9857 = ORIENTED_EDGE ( 'NONE', *, *, #5427, .F. ) ;
#9858 = CARTESIAN_POINT ( 'NONE',  ( 16.00000000000000000, 8.000000000000000000, 0.0000000000000000000 ) ) ;
#9859 = MECHANICAL_DESIGN_GEOMETRIC_PRESENTATION_REPRESENTATION (  '', ( #1274 ), #1667 ) ;
#9860 = DIRECTION ( 'NONE',  ( 1.000000000000000000, -2.312964634635729960E-14, 0.0000000000000000000 ) ) ;
#9861 = DIRECTION ( 'NONE',  ( 0.0000000000000000000, 1.000000000000000000, -0.0000000000000000000 ) ) ;
#9862 = ORIENTED_EDGE ( 'NONE', *, *, #7674, .T. ) ;
#9863 = SURFACE_STYLE_FILL_AREA ( #11555 ) ;
#9864 =( NAMED_UNIT ( * ) SI_UNIT ( $, .STERADIAN. ) SOLID_ANGLE_UNIT ( ) );
#9865 = VECTOR ( 'NONE', #9754, 1000.000000000000000 ) ;
#9867 = ORIENTED_EDGE ( 'NONE', *, *, #363, .T. ) ;
#9866 = FACE_OUTER_BOUND ( 'NONE', #2940, .T. ) ;
#9868 = VECTOR ( 'NONE', #10645, 1000.000000000000000 ) ;
#9870 = ORIENTED_EDGE ( 'NONE', *, *, #7294, .F. ) ;
#9869 = CARTESIAN_POINT ( 'NONE',  ( -3.277933480205779655E-15, 11.81000000000000050, 0.0000000000000000000 ) ) ;
#9871 =( GEOMETRIC_REPRESENTATION_CONTEXT ( 3 ) GLOBAL_UNCERTAINTY_ASSIGNED_CONTEXT ( ( #11135 ) ) GLOBAL_UNIT_ASSIGNED_CONTEXT ( ( #442, #9295, #1279 ) ) REPRESENTATION_CONTEXT ( 'NONE', 'WORKASPACE' ) );
#9872 = DIRECTION ( 'NONE',  ( 1.000000000000000000, -2.775557561562889872E-16, 0.0000000000000000000 ) ) ;
#9873 = CIRCLE ( 'NONE', #6150, 0.3000000000000000444 ) ;
#9874 = DIRECTION ( 'NONE',  ( 0.0000000000000000000, 0.0000000000000000000, 1.000000000000000000 ) ) ;
#9875 = UNCERTAINTY_MEASURE_WITH_UNIT (LENGTH_MEASURE( 1.000000000000000082E-05 ), #2668, 'distance_accuracy_value', 'NONE');
#9876 = DIRECTION ( 'NONE',  ( -0.0000000000000000000, -0.0000000000000000000, -1.000000000000000000 ) ) ;
#9877 =( GEOMETRIC_REPRESENTATION_CONTEXT ( 3 ) GLOBAL_UNCERTAINTY_ASSIGNED_CONTEXT ( ( #10439 ) ) GLOBAL_UNIT_ASSIGNED_CONTEXT ( ( #7615, #1990, #8304 ) ) REPRESENTATION_CONTEXT ( 'NONE', 'WORKASPACE' ) );
#9878 = CARTESIAN_POINT ( 'NONE',  ( -0.1000000000000040024, 14.55000000000000071, 0.4500000000000000666 ) ) ;
#9879 = ADVANCED_FACE ( 'NONE', ( #9270 ), #7317, .T. ) ;
#9880 = FILL_AREA_STYLE_COLOUR ( '', #10928 ) ;
#9881 = CARTESIAN_POINT ( 'NONE',  ( 0.4749999999999997558, 9.269999999999999574, 0.9000000000000001332 ) ) ;
#9882 = EDGE_CURVE ( 'NONE', #2753, #7721, #3835, .T. ) ;
#9883 = EDGE_LOOP ( 'NONE', ( #8610, #2641, #7133, #746 ) ) ;
#9884 = AXIS2_PLACEMENT_3D ( 'NONE', #1810, #10888, #15 ) ;
#9885 = SURFACE_STYLE_FILL_AREA ( #996 ) ;
#9886 = PRESENTATION_STYLE_ASSIGNMENT (( #8088 ) ) ;
#9887 = ORIENTED_EDGE ( 'NONE', *, *, #6183, .F. ) ;
#9888 = DIRECTION ( 'NONE',  ( -0.0000000000000000000, -0.0000000000000000000, -1.000000000000000000 ) ) ;
#9889 = VERTEX_POINT ( 'NONE', #9214 ) ;
#9890 = EDGE_CURVE ( 'NONE', #4336, #2413, #2020, .T. ) ;
#9891 =( LENGTH_UNIT ( ) NAMED_UNIT ( * ) SI_UNIT ( .MILLI., .METRE. ) );
#9892 = FILL_AREA_STYLE ('',( #7974 ) ) ;
#9893 = EDGE_CURVE ( 'NONE', #6192, #7459, #5283, .T. ) ;
#9894 = FACE_OUTER_BOUND ( 'NONE', #1154, .T. ) ;
#9895 = CARTESIAN_POINT ( 'NONE',  ( 16.89999999999999858, -1.034164078649993712, 6.418328157299975523 ) ) ;
#9896 = DIRECTION ( 'NONE',  ( 0.0000000000000000000, -1.000000000000000000, -0.0000000000000000000 ) ) ;
#9897 = DIRECTION ( 'NONE',  ( -1.000000000000000000, -0.0000000000000000000, 0.0000000000000000000 ) ) ;
#9898 = SURFACE_SIDE_STYLE ('',( #9095 ) ) ;
#9899 = VERTEX_POINT ( 'NONE', #1068 ) ;
#9900 = LINE ( 'NONE', #5604, #5101 ) ;
#9901 = FILL_AREA_STYLE_COLOUR ( '', #533 ) ;
#9902 = ORIENTED_EDGE ( 'NONE', *, *, #4767, .T. ) ;
#9903 = CARTESIAN_POINT ( 'NONE',  ( 17.00249543915872152, 17.07320508075687826, 6.393914722355050095 ) ) ;
#9904 = AXIS2_PLACEMENT_3D ( 'NONE', #4697, #153, #212 ) ;
#9906 = VERTEX_POINT ( 'NONE', #2936 ) ;
#9905 = CARTESIAN_POINT ( 'NONE',  ( 0.8749999999999971134, 15.52500000000000036, 0.9000000000000001332 ) ) ;
#9907 = DIRECTION ( 'NONE',  ( -1.000000000000000000, 0.0000000000000000000, 0.0000000000000000000 ) ) ;
#9908 = DIRECTION ( 'NONE',  ( 0.0000000000000000000, 0.0000000000000000000, 1.000000000000000000 ) ) ;
#9909 = VECTOR ( 'NONE', #1614, 1000.000000000000000 ) ;
#9910 = CARTESIAN_POINT ( 'NONE',  ( 0.7499999999999990008, 4.689999999999990621, 1.000000000000000000 ) ) ;
#9911 = EDGE_LOOP ( 'NONE', ( #11553, #4611, #7943, #2210 ) ) ;
#9912 = COLOUR_RGB ( '',0.8196078431372548767, 0.7058823529411764053, 0.5254901960784313930 ) ;
#9913 = CARTESIAN_POINT ( 'NONE',  ( 0.1242640687119274390, 16.89999999999999858, 6.150000000000000355 ) ) ;
#9914 = COLOUR_RGB ( '',0.4313725490196078649, 0.3490196078431372362, 0.2901960784313725172 ) ;
#9915 = FILL_AREA_STYLE ('',( #3683 ) ) ;
#9916 = PLANE ( 'NONE',  #8592 ) ;
#9917 = ORIENTED_EDGE ( 'NONE', *, *, #7680, .T. ) ;
#9918 = CARTESIAN_POINT ( 'NONE',  ( 16.00000000000000000, 11.81000000000000050, 1.000000000000000000 ) ) ;
#9919 = SURFACE_STYLE_USAGE ( .BOTH. , #6356 ) ;
#9920 = ORIENTED_EDGE ( 'NONE', *, *, #8754, .T. ) ;
#9922 = ORIENTED_EDGE ( 'NONE', *, *, #6036, .F. ) ;
#9921 = CARTESIAN_POINT ( 'NONE',  ( 0.1242640687119274390, 17.19999999999999929, 2.299999999999999822 ) ) ;
#9923 =( GEOMETRIC_REPRESENTATION_CONTEXT ( 3 ) GLOBAL_UNCERTAINTY_ASSIGNED_CONTEXT ( ( #1947 ) ) GLOBAL_UNIT_ASSIGNED_CONTEXT ( ( #2716, #2885, #5435 ) ) REPRESENTATION_CONTEXT ( 'NONE', 'WORKASPACE' ) );
#9924 = PLANE ( 'NONE',  #889 ) ;
#9925 = LINE ( 'NONE', #3646, #1099 ) ;
#9926 = AXIS2_PLACEMENT_3D ( 'NONE', #1695, #4265, #7698 ) ;
#9927 = CARTESIAN_POINT ( 'NONE',  ( -1.319777620523150025E-15, 4.689999999999990621, -21.65413869472860142 ) ) ;
#9928 = DIRECTION ( 'NONE',  ( -2.775557561562889872E-16, 1.000000000000000000, -0.0000000000000000000 ) ) ;
#9929 = DIRECTION ( 'NONE',  ( -1.000000000000000000, 0.0000000000000000000, 0.0000000000000000000 ) ) ;
#9930 = ORIENTED_EDGE ( 'NONE', *, *, #6311, .F. ) ;
#9931 = PRESENTATION_LAYER_ASSIGNMENT (  '', '', ( #4731 ) ) ;
#9932 = ORIENTED_EDGE ( 'NONE', *, *, #6098, .F. ) ;
#9933 = CARTESIAN_POINT ( 'NONE',  ( 1.500000000000000222, 0.4749999999999988676, 1.000000000000000000 ) ) ;
#9934 = ORIENTED_EDGE ( 'NONE', *, *, #4767, .F. ) ;
#9935 = FILL_AREA_STYLE_COLOUR ( '', #5469 ) ;
#9936 = ADVANCED_FACE ( 'NONE', ( #6511 ), #1014, .T. ) ;
#9937 = VECTOR ( 'NONE', #5664, 1000.000000000000000 ) ;
#9938 = COLOUR_RGB ( '',0.8196078431372548767, 0.7058823529411764053, 0.5254901960784313930 ) ;
#9939 = PLANE ( 'NONE',  #6058 ) ;
#9940 = CARTESIAN_POINT ( 'NONE',  ( 16.00000000000000000, 14.55000000000000071, -0.1000000000000010048 ) ) ;
#9941 = FACE_OUTER_BOUND ( 'NONE', #10761, .T. ) ;
#9942 = DIRECTION ( 'NONE',  ( 0.7071067811865502373, -0.7071067811865449082, 0.0000000000000000000 ) ) ;
#9943 = CARTESIAN_POINT ( 'NONE',  ( 8.000000000000000000, 9.269999999999999574, 0.9000000000000001332 ) ) ;
#9944 =( NAMED_UNIT ( * ) PLANE_ANGLE_UNIT ( ) SI_UNIT ( $, .RADIAN. ) );
#9945 = EDGE_CURVE ( 'NONE', #4170, #4237, #532, .T. ) ;
#9946 = CARTESIAN_POINT ( 'NONE',  ( 9.400000000000000355, 0.5000000000000000000, 0.0000000000000000000 ) ) ;
#9947 = STYLED_ITEM ( 'NONE', ( #9371 ), #10955 ) ;
#9948 = VECTOR ( 'NONE', #4854, 1000.000000000000000 ) ;
#9949 = EDGE_CURVE ( 'NONE', #4170, #10516, #4014, .T. ) ;
#9950 = VECTOR ( 'NONE', #1054, 1000.000000000000000 ) ;
#9951 = ORIENTED_EDGE ( 'NONE', *, *, #2742, .T. ) ;
#9952 = CARTESIAN_POINT ( 'NONE',  ( 16.10000000000000142, 12.31000000000000227, 1.000000000000000000 ) ) ;
#9953 = CARTESIAN_POINT ( 'NONE',  ( 15.12500000000000000, 15.12500000000000000, 2.299999999999999822 ) ) ;
#9954 = EDGE_CURVE ( 'NONE', #8071, #983, #1729, .T. ) ;
#9955 = DIRECTION ( 'NONE',  ( 1.000000000000000000, 0.0000000000000000000, 0.0000000000000000000 ) ) ;
#9956 = VERTEX_POINT ( 'NONE', #4244 ) ;
#9957 = CARTESIAN_POINT ( 'NONE',  ( 15.12500000000000000, 0.4749999999999989786, 0.9000000000000001332 ) ) ;
#9958 = CARTESIAN_POINT ( 'NONE',  ( 14.50000000000000000, 6.730000000000000426, 1.000000000000000000 ) ) ;
#9960 = ORIENTED_EDGE ( 'NONE', *, *, #2466, .T. ) ;
#9959 = DIRECTION ( 'NONE',  ( -0.0000000000000000000, -1.000000000000000000, 0.0000000000000000000 ) ) ;
#9961 = DIRECTION ( 'NONE',  ( 1.000000000000000000, 0.0000000000000000000, 0.0000000000000000000 ) ) ;
#9962 = PRESENTATION_STYLE_ASSIGNMENT (( #418 ) ) ;
#9963 = ADVANCED_FACE ( 'NONE', ( #1554, #6734 ), #841, .T. ) ;
#9964 = CARTESIAN_POINT ( 'NONE',  ( -0.1000000000000010186, 1.524999999999989919, 1.000000000000000000 ) ) ;
#9965 = DIRECTION ( 'NONE',  ( 0.0000000000000000000, 1.000000000000000000, 0.0000000000000000000 ) ) ;
#9966 = FILL_AREA_STYLE ('',( #9854 ) ) ;
#9967 = CARTESIAN_POINT ( 'NONE',  ( 8.207664882575421927, 7.599904276634820377, 6.950000000000001066 ) ) ;
#9968 = CARTESIAN_POINT ( 'NONE',  ( -0.9000000000000030198, 15.87573593128810145, 2.299999999999999822 ) ) ;
#9969 = EDGE_LOOP ( 'NONE', ( #9651, #9229, #4471, #10605, #6981, #11271 ) ) ;
#9970 = CARTESIAN_POINT ( 'NONE',  ( -0.1000000000000040024, 15.25000000000000000, 0.4500000000000000666 ) ) ;
#9971 = EDGE_CURVE ( 'NONE', #5789, #10138, #11230, .T. ) ;
#9972 = CARTESIAN_POINT ( 'NONE',  ( 8.489999999999998437, 0.5000000000000000000, 0.0000000000000000000 ) ) ;
#9973 = EDGE_LOOP ( 'NONE', ( #371, #933, #9086, #9031 ) ) ;
#9974 =( NAMED_UNIT ( * ) PLANE_ANGLE_UNIT ( ) SI_UNIT ( $, .RADIAN. ) );
#9976 = VERTEX_POINT ( 'NONE', #3249 ) ;
#9975 = FILL_AREA_STYLE_COLOUR ( '', #9914 ) ;
#9978 = VERTEX_POINT ( 'NONE', #10289 ) ;
#9977 = DIRECTION ( 'NONE',  ( 1.000000000000000000, -0.0000000000000000000, 0.0000000000000000000 ) ) ;
#9979 = DIRECTION ( 'NONE',  ( -1.000000000000000000, -2.710505431213766015E-16, 0.0000000000000000000 ) ) ;
#9980 = UNCERTAINTY_MEASURE_WITH_UNIT (LENGTH_MEASURE( 1.000000000000000082E-05 ), #7479, 'distance_accuracy_value', 'NONE');
#9981 = PRESENTATION_STYLE_ASSIGNMENT (( #6425 ) ) ;
#9982 =( NAMED_UNIT ( * ) PLANE_ANGLE_UNIT ( ) SI_UNIT ( $, .RADIAN. ) );
#9983 = VECTOR ( 'NONE', #4311, 1000.000000000000000 ) ;
#9984 = VERTEX_POINT ( 'NONE', #3116 ) ;
#9985 = ORIENTED_EDGE ( 'NONE', *, *, #886, .F. ) ;
#9986 = CARTESIAN_POINT ( 'NONE',  ( 14.50000000000000000, 8.000000000000000000, 0.0000000000000000000 ) ) ;
#9987 = ORIENTED_EDGE ( 'NONE', *, *, #7446, .T. ) ;
#9988 = LINE ( 'NONE', #6375, #4750 ) ;
#9989 = AXIS2_PLACEMENT_3D ( 'NONE', #4795, #1088, #5452 ) ;
#9990 = VERTEX_POINT ( 'NONE', #7789 ) ;
#9991 = DIRECTION ( 'NONE',  ( -1.000000000000000000, -0.0000000000000000000, 0.0000000000000000000 ) ) ;
#9992 = CARTESIAN_POINT ( 'NONE',  ( 15.25000000000000000, 4.389999999999999680, -0.1000000000000000056 ) ) ;
#9993 = DIRECTION ( 'NONE',  ( 0.0000000000000000000, 1.000000000000000000, 0.0000000000000000000 ) ) ;
#9994 = LINE ( 'NONE', #9209, #6131 ) ;
#9995 = SURFACE_STYLE_USAGE ( .BOTH. , #8221 ) ;
#9996 = ORIENTED_EDGE ( 'NONE', *, *, #1540, .T. ) ;
#9997 =( GEOMETRIC_REPRESENTATION_CONTEXT ( 3 ) GLOBAL_UNCERTAINTY_ASSIGNED_CONTEXT ( ( #8143 ) ) GLOBAL_UNIT_ASSIGNED_CONTEXT ( ( #3512, #5112, #4231 ) ) REPRESENTATION_CONTEXT ( 'NONE', 'WORKASPACE' ) );
#9998 =( LENGTH_UNIT ( ) NAMED_UNIT ( * ) SI_UNIT ( .MILLI., .METRE. ) );
#9999 = ORIENTED_EDGE ( 'NONE', *, *, #5888, .F. ) ;
#10000 = FILL_AREA_STYLE ('',( #2889 ) ) ;
#10001 =( NAMED_UNIT ( * ) SI_UNIT ( $, .STERADIAN. ) SOLID_ANGLE_UNIT ( ) );
#10002 = EDGE_CURVE ( 'NONE', #4846, #1771, #10351, .T. ) ;
#10004 = ORIENTED_EDGE ( 'NONE', *, *, #5198, .T. ) ;
#10003 = CARTESIAN_POINT ( 'NONE',  ( 14.50000000000000000, 5.190000000000000391, -0.1000000000000009076 ) ) ;
#10005 = COLOUR_RGB ( '',0.8196078431372548767, 0.7058823529411764053, 0.5254901960784313930 ) ;
#10006 = LINE ( 'NONE', #10126, #8086 ) ;
#10007 = CARTESIAN_POINT ( 'NONE',  ( -1.319396469829522855, 15.85918300232365752, 5.956506636564545154 ) ) ;
#10008 = EDGE_CURVE ( 'NONE', #9221, #5849, #2367, .T. ) ;
#10009 = LINE ( 'NONE', #8347, #8182 ) ;
#10010 = CARTESIAN_POINT ( 'NONE',  ( 0.5754008446756093687, 17.30222393401582082, 6.078781915069320974 ) ) ;
#10011 = FILL_AREA_STYLE ('',( #6347 ) ) ;
#10012 = FILL_AREA_STYLE_COLOUR ( '', #7995 ) ;
#10013 = EDGE_LOOP ( 'NONE', ( #3834, #6946, #10035, #2567 ) ) ;
#10014 = COLOUR_RGB ( '',0.8196078431372548767, 0.7058823529411764053, 0.5254901960784313930 ) ;
#10015 = CARTESIAN_POINT ( 'NONE',  ( 8.599999999999999645, 7.370000000000000995, 6.950000000000000178 ) ) ;
#10016 = DIRECTION ( 'NONE',  ( 0.0000000000000000000, -0.0000000000000000000, -1.000000000000000000 ) ) ;
#10017 = EDGE_CURVE ( 'NONE', #5165, #9221, #6672, .T. ) ;
#10018 = VECTOR ( 'NONE', #1856, 1000.000000000000000 ) ;
#10019 = ADVANCED_FACE ( 'NONE', ( #1496 ), #5072, .T. ) ;
#10020 = VERTEX_POINT ( 'NONE', #10846 ) ;
#10021 = DIRECTION ( 'NONE',  ( 1.000000000000000000, 0.0000000000000000000, 0.0000000000000000000 ) ) ;
#10023 = ORIENTED_EDGE ( 'NONE', *, *, #10155, .F. ) ;
#10022 = CARTESIAN_POINT ( 'NONE',  ( 0.4749999999999969802, 15.52500000000000036, 1.000000000000000000 ) ) ;
#10024 = PRESENTATION_LAYER_ASSIGNMENT (  '', '', ( #10210 ) ) ;
#10025 = ORIENTED_EDGE ( 'NONE', *, *, #4112, .T. ) ;
#10026 = EDGE_CURVE ( 'NONE', #5496, #558, #9664, .T. ) ;
#10027 =( GEOMETRIC_REPRESENTATION_CONTEXT ( 3 ) GLOBAL_UNCERTAINTY_ASSIGNED_CONTEXT ( ( #5118 ) ) GLOBAL_UNIT_ASSIGNED_CONTEXT ( ( #10788, #10844, #2855 ) ) REPRESENTATION_CONTEXT ( 'NONE', 'WORKASPACE' ) );
#10028 = PLANE ( 'NONE',  #11335 ) ;
#10029 = SURFACE_STYLE_FILL_AREA ( #10903 ) ;
#10030 = CIRCLE ( 'NONE', #8195, 0.4000000000000000777 ) ;
#10031 = COLOUR_RGB ( '',0.8196078431372548767, 0.7058823529411764053, 0.5254901960784313930 ) ;
#10032 = VECTOR ( 'NONE', #473, 1000.000000000000000 ) ;
#10033 = AXIS2_PLACEMENT_3D ( 'NONE', #2978, #10089, #2111 ) ;
#10035 = ORIENTED_EDGE ( 'NONE', *, *, #7528, .T. ) ;
#10034 =( NAMED_UNIT ( * ) SI_UNIT ( $, .STERADIAN. ) SOLID_ANGLE_UNIT ( ) );
#10036 = ORIENTED_EDGE ( 'NONE', *, *, #11505, .T. ) ;
#10037 = SURFACE_STYLE_FILL_AREA ( #6491 ) ;
#10038 = AXIS2_PLACEMENT_3D ( 'NONE', #6481, #2110, #2053 ) ;
#10039 = CARTESIAN_POINT ( 'NONE',  ( 16.10000000000000142, 14.44999999999999929, 0.4499999999999990119 ) ) ;
#10040 = ORIENTED_EDGE ( 'NONE', *, *, #5195, .T. ) ;
#10041 = AXIS2_PLACEMENT_3D ( 'NONE', #3947, #9315, #2879 ) ;
#10042 = CARTESIAN_POINT ( 'NONE',  ( -1.089736659610122782, 16.06547259089815682, 6.284164078649985719 ) ) ;
#10043 = STYLED_ITEM ( 'NONE', ( #5620 ), #5563 ) ;
#10044 = ORIENTED_EDGE ( 'NONE', *, *, #10167, .F. ) ;
#10045 = SURFACE_STYLE_FILL_AREA ( #224 ) ;
#10046 = SURFACE_STYLE_USAGE ( .BOTH. , #8916 ) ;
#10047 = PRESENTATION_LAYER_ASSIGNMENT (  '', '', ( #8777 ) ) ;
#10048 =( GEOMETRIC_REPRESENTATION_CONTEXT ( 3 ) GLOBAL_UNCERTAINTY_ASSIGNED_CONTEXT ( ( #2423 ) ) GLOBAL_UNIT_ASSIGNED_CONTEXT ( ( #4870, #5733, #2287 ) ) REPRESENTATION_CONTEXT ( 'NONE', 'WORKASPACE' ) );
#10049 = PRESENTATION_LAYER_ASSIGNMENT (  '', '', ( #4498 ) ) ;
#10050 = CARTESIAN_POINT ( 'NONE',  ( 0.4750000000000036415, 0.8749999999999987788, 1.900000000000000133 ) ) ;
#10051 = DIRECTION ( 'NONE',  ( 0.7071067811865502373, -0.7071067811865447972, 0.0000000000000000000 ) ) ;
#10052 = SURFACE_STYLE_FILL_AREA ( #10166 ) ;
#10053 = DIRECTION ( 'NONE',  ( 1.000000000000000000, 1.233581138472399909E-16, 0.0000000000000000000 ) ) ;
#10054 = ORIENTED_EDGE ( 'NONE', *, *, #7177, .T. ) ;
#10055 = FILL_AREA_STYLE ('',( #4828 ) ) ;
#10056 = CARTESIAN_POINT ( 'NONE',  ( 15.52500000000000213, 2.649999999999990585, 1.000000000000000000 ) ) ;
#10057 = CARTESIAN_POINT ( 'NONE',  ( 14.50000000000000000, 12.81000000000000050, 1.000000000000000000 ) ) ;
#10058 = ORIENTED_EDGE ( 'NONE', *, *, #283, .T. ) ;
#10059 = MECHANICAL_DESIGN_GEOMETRIC_PRESENTATION_REPRESENTATION (  '', ( #4871 ), #5799 ) ;
#10060 = DIRECTION ( 'NONE',  ( 1.000000000000000000, 0.0000000000000000000, 0.0000000000000000000 ) ) ;
#10061 = DIRECTION ( 'NONE',  ( 0.0000000000000000000, 0.0000000000000000000, 1.000000000000000000 ) ) ;
#10063 = ORIENTED_EDGE ( 'NONE', *, *, #827, .T. ) ;
#10062 =( NAMED_UNIT ( * ) PLANE_ANGLE_UNIT ( ) SI_UNIT ( $, .RADIAN. ) );
#10064 =( NAMED_UNIT ( * ) PLANE_ANGLE_UNIT ( ) SI_UNIT ( $, .RADIAN. ) );
#10065 = FILL_AREA_STYLE_COLOUR ( '', #11039 ) ;
#10066 = DIRECTION ( 'NONE',  ( 1.000000000000000000, 0.0000000000000000000, -0.0000000000000000000 ) ) ;
#10067 = MECHANICAL_DESIGN_GEOMETRIC_PRESENTATION_REPRESENTATION (  '', ( #7656 ), #6546 ) ;
#10068 = FILL_AREA_STYLE ('',( #6529 ) ) ;
#10069 = ORIENTED_EDGE ( 'NONE', *, *, #227, .T. ) ;
#10070 = CARTESIAN_POINT ( 'NONE',  ( -3.402790202389203483E-15, 9.470000000000000639, 1.000000000000000444 ) ) ;
#10071 = EDGE_CURVE ( 'NONE', #3085, #8897, #6049, .T. ) ;
#10072 = DIRECTION ( 'NONE',  ( -1.000000000000000000, 3.700743415417190112E-16, -0.0000000000000000000 ) ) ;
#10073 = CARTESIAN_POINT ( 'NONE',  ( 16.00000000000000000, 1.649999999999989919, 1.000000000000000000 ) ) ;
#10074 = VERTEX_POINT ( 'NONE', #7284 ) ;
#10075 = ADVANCED_FACE ( 'NONE', ( #4424 ), #1669, .T. ) ;
#10076 = CARTESIAN_POINT ( 'NONE',  ( 0.6440598923241462881, 15.35594010767584905, 2.130940107675850292 ) ) ;
#10078 = VERTEX_POINT ( 'NONE', #1277 ) ;
#10077 =( LENGTH_UNIT ( ) NAMED_UNIT ( * ) SI_UNIT ( .MILLI., .METRE. ) );
#10080 = EDGE_LOOP ( 'NONE', ( #5156, #6242, #6932, #6172 ) ) ;
#10079 = CARTESIAN_POINT ( 'NONE',  ( 16.00000000000000000, 1.850000000000000089, -0.1000000000000014211 ) ) ;
#10081 = EDGE_CURVE ( 'NONE', #5673, #6698, #8422, .T. ) ;
#10082 = EDGE_CURVE ( 'NONE', #4022, #2563, #6706, .T. ) ;
#10083 = MECHANICAL_DESIGN_GEOMETRIC_PRESENTATION_REPRESENTATION (  '', ( #1527 ), #2360 ) ;
#10084 = PRESENTATION_LAYER_ASSIGNMENT (  '', '', ( #3587 ) ) ;
#10085 =( NAMED_UNIT ( * ) PLANE_ANGLE_UNIT ( ) SI_UNIT ( $, .RADIAN. ) );
#10086 = EDGE_CURVE ( 'NONE', #10459, #9976, #2219, .T. ) ;
#10087 = CARTESIAN_POINT ( 'NONE',  ( 12.52500000000000213, 2.149999999999990141, -0.01000000000000000021 ) ) ;
#10088 = UNCERTAINTY_MEASURE_WITH_UNIT (LENGTH_MEASURE( 1.000000000000000082E-05 ), #10525, 'distance_accuracy_value', 'NONE');
#10089 = DIRECTION ( 'NONE',  ( 0.0000000000000000000, -1.000000000000000000, 0.0000000000000000000 ) ) ;
#10090 = EDGE_CURVE ( 'NONE', #2790, #1324, #10845, .T. ) ;
#10091 = VECTOR ( 'NONE', #3885, 1000.000000000000000 ) ;
#10092 = EDGE_CURVE ( 'NONE', #2174, #6773, #6482, .T. ) ;
#10093 = DIRECTION ( 'NONE',  ( -0.4082482904638636834, 0.4082482904638630172, 0.8164965809277258124 ) ) ;
#10095 = VERTEX_POINT ( 'NONE', #9895 ) ;
#10094 = DIRECTION ( 'NONE',  ( 1.000000000000000000, 0.0000000000000000000, -0.0000000000000000000 ) ) ;
#10096 = AXIS2_PLACEMENT_3D ( 'NONE', #1994, #9807, #10620 ) ;
#10097 = AXIS2_PLACEMENT_3D ( 'NONE', #6983, #7032, #7087 ) ;
#10098 = ORIENTED_EDGE ( 'NONE', *, *, #9540, .F. ) ;
#10099 = DIRECTION ( 'NONE',  ( 1.000000000000000000, 0.0000000000000000000, -0.0000000000000000000 ) ) ;
#10100 = EDGE_CURVE ( 'NONE', #446, #842, #8646, .T. ) ;
#10101 = CARTESIAN_POINT ( 'NONE',  ( 1.500000000000000000, 9.269999999999999574, 1.000000000000000000 ) ) ;
#10102 = ORIENTED_EDGE ( 'NONE', *, *, #6614, .T. ) ;
#10103 = CARTESIAN_POINT ( 'NONE',  ( 1.500000000000000000, 2.649999999999990141, -0.1000000000000000194 ) ) ;
#10104 = SURFACE_STYLE_FILL_AREA ( #6559 ) ;
#10105 = VERTEX_POINT ( 'NONE', #4491 ) ;
#10106 = SURFACE_SIDE_STYLE ('',( #10045 ) ) ;
#10107 = EDGE_CURVE ( 'NONE', #5165, #10925, #58, .T. ) ;
#10108 = DIRECTION ( 'NONE',  ( 1.000000000000000000, 2.775557561562889872E-16, 0.0000000000000000000 ) ) ;
#10109 = VECTOR ( 'NONE', #2484, 1000.000000000000000 ) ;
#10110 = CARTESIAN_POINT ( 'NONE',  ( 1.499999999999999778, 0.3999999999999898082, 0.9000000000000001332 ) ) ;
#10111 =( NAMED_UNIT ( * ) SI_UNIT ( $, .STERADIAN. ) SOLID_ANGLE_UNIT ( ) );
#10112 = CIRCLE ( 'NONE', #3034, 0.2999999999999999889 ) ;
#10113 = CARTESIAN_POINT ( 'NONE',  ( 16.91310618700139301, 17.04651779484239427, 6.429929402683400852 ) ) ;
#10114 = SURFACE_STYLE_FILL_AREA ( #2132 ) ;
#10115 = MECHANICAL_DESIGN_GEOMETRIC_PRESENTATION_REPRESENTATION (  '', ( #3240 ), #8094 ) ;
#10116 = CARTESIAN_POINT ( 'NONE',  ( -1.073205080756888918, -1.143914722355060087, 6.252495439158726853 ) ) ;
#10117 = ORIENTED_EDGE ( 'NONE', *, *, #5557, .T. ) ;
#10118 = DIRECTION ( 'NONE',  ( 0.8944271909999161885, 0.4472135954999570950, 0.0000000000000000000 ) ) ;
#10119 = DIRECTION ( 'NONE',  ( 7.401486830834370362E-16, -1.000000000000000000, 0.0000000000000000000 ) ) ;
#10120 = ORIENTED_EDGE ( 'NONE', *, *, #4910, .F. ) ;
#10121 = LINE ( 'NONE', #11046, #3102 ) ;
#10122 = SURFACE_SIDE_STYLE ('',( #351 ) ) ;
#10124 = EDGE_LOOP ( 'NONE', ( #2450, #11274, #8310, #2092, #4328, #10820, #1896, #2356 ) ) ;
#10123 = FACE_OUTER_BOUND ( 'NONE', #9973, .T. ) ;
#10125 = VECTOR ( 'NONE', #6193, 1000.000000000000000 ) ;
#10126 = CARTESIAN_POINT ( 'NONE',  ( 16.00000000000000000, 0.0000000000000000000, 0.9000000000000001332 ) ) ;
#10127 = VECTOR ( 'NONE', #3657, 1000.000000000000000 ) ;
#10128 = CARTESIAN_POINT ( 'NONE',  ( 0.7499999999999970024, 9.470000000000000639, 1.000000000000000000 ) ) ;
#10129 = CARTESIAN_POINT ( 'NONE',  ( 16.10000000000000142, 2.149999999999990141, 1.000000000000000000 ) ) ;
#10130 = CARTESIAN_POINT ( 'NONE',  ( 0.07678107846577873763, 17.14845427085501584, 5.988705731871262650 ) ) ;
#10131 = PLANE ( 'NONE',  #5029 ) ;
#10132 = VERTEX_POINT ( 'NONE', #1853 ) ;
#10133 = CARTESIAN_POINT ( 'NONE',  ( 15.35594010767585260, 0.6440598923241475093, 2.130940107675852069 ) ) ;
#10134 = DIRECTION ( 'NONE',  ( 0.0000000000000000000, 0.0000000000000000000, -1.000000000000000000 ) ) ;
#10135 = CARTESIAN_POINT ( 'NONE',  ( -0.1000000000000029754, 12.31000000000000227, -0.1000000000000000056 ) ) ;
#10136 = VECTOR ( 'NONE', #11220, 1000.000000000000000 ) ;
#10137 = PRESENTATION_LAYER_ASSIGNMENT (  '', '', ( #4396 ) ) ;
#10138 = VERTEX_POINT ( 'NONE', #11475 ) ;
#10139 = DIRECTION ( 'NONE',  ( -0.0000000000000000000, -0.0000000000000000000, -1.000000000000000000 ) ) ;
#10141 = ORIENTED_EDGE ( 'NONE', *, *, #4551, .T. ) ;
#10140 = FILL_AREA_STYLE ('',( #6474 ) ) ;
#10142 = VERTEX_POINT ( 'NONE', #9786 ) ;
#10143 = CIRCLE ( 'NONE', #11467, 0.4100000000000006417 ) ;
#10144 = EDGE_CURVE ( 'NONE', #828, #11201, #5487, .T. ) ;
#10145 = STYLED_ITEM ( 'NONE', ( #6346 ), #4039 ) ;
#10146 = FACE_OUTER_BOUND ( 'NONE', #6569, .T. ) ;
#10147 = DIRECTION ( 'NONE',  ( 0.0000000000000000000, 0.0000000000000000000, 1.000000000000000000 ) ) ;
#10148 = SURFACE_SIDE_STYLE ('',( #3091 ) ) ;
#10149 = SURFACE_STYLE_USAGE ( .BOTH. , #10265 ) ;
#10151 = ORIENTED_EDGE ( 'NONE', *, *, #2415, .T. ) ;
#10150 = CARTESIAN_POINT ( 'NONE',  ( 16.10000000000000142, 10.07000000000000028, 1.000000000000000000 ) ) ;
#10152 = EDGE_CURVE ( 'NONE', #3915, #2348, #7297, .T. ) ;
#10153 = VERTEX_POINT ( 'NONE', #1744 ) ;
#10154 = CARTESIAN_POINT ( 'NONE',  ( 15.25725033157184996, 15.48912265570455737, 1.800378007439141115 ) ) ;
#10155 = EDGE_CURVE ( 'NONE', #5742, #548, #6976, .T. ) ;
#10156 = DIRECTION ( 'NONE',  ( 1.000000000000000000, 0.0000000000000000000, 0.0000000000000000000 ) ) ;
#10157 = ORIENTED_EDGE ( 'NONE', *, *, #7177, .F. ) ;
#10158 = DIRECTION ( 'NONE',  ( -0.0000000000000000000, -0.0000000000000000000, -1.000000000000000000 ) ) ;
#10159 = DIRECTION ( 'NONE',  ( 0.0000000000000000000, -1.000000000000000000, 0.0000000000000000000 ) ) ;
#10160 = ORIENTED_EDGE ( 'NONE', *, *, #5353, .T. ) ;
#10161 =( NAMED_UNIT ( * ) SI_UNIT ( $, .STERADIAN. ) SOLID_ANGLE_UNIT ( ) );
#10162 = EDGE_CURVE ( 'NONE', #6139, #2334, #5429, .T. ) ;
#10163 = DIRECTION ( 'NONE',  ( -2.775557561562889872E-16, 1.000000000000000000, 0.0000000000000000000 ) ) ;
#10164 = EDGE_CURVE ( 'NONE', #7616, #9984, #10589, .T. ) ;
#10165 =( NAMED_UNIT ( * ) PLANE_ANGLE_UNIT ( ) SI_UNIT ( $, .RADIAN. ) );
#10166 = FILL_AREA_STYLE ('',( #5707 ) ) ;
#10167 = EDGE_CURVE ( 'NONE', #663, #2481, #895, .T. ) ;
#10168 = CARTESIAN_POINT ( 'NONE',  ( 14.50000000000000000, 5.190000000000000391, 0.0000000000000000000 ) ) ;
#10169 = ORIENTED_EDGE ( 'NONE', *, *, #6746, .T. ) ;
#10170 =( LENGTH_UNIT ( ) NAMED_UNIT ( * ) SI_UNIT ( .MILLI., .METRE. ) );
#10171 =( LENGTH_UNIT ( ) NAMED_UNIT ( * ) SI_UNIT ( .MILLI., .METRE. ) );
#10172 =( LENGTH_UNIT ( ) NAMED_UNIT ( * ) SI_UNIT ( .MILLI., .METRE. ) );
#10173 = ORIENTED_EDGE ( 'NONE', *, *, #7958, .T. ) ;
#10174 = DIRECTION ( 'NONE',  ( 1.000000000000000000, -3.700743415417190112E-16, 0.0000000000000000000 ) ) ;
#10175 = VECTOR ( 'NONE', #6575, 1000.000000000000000 ) ;
#10176 = ORIENTED_EDGE ( 'NONE', *, *, #10374, .F. ) ;
#10177 = CARTESIAN_POINT ( 'NONE',  ( -1.080296522705903817, 16.08486089651469086, 6.283459459766778110 ) ) ;
#10178 = CARTESIAN_POINT ( 'NONE',  ( -1.509903313490210095E-15, 4.989999999999991331, -0.1000000000000010048 ) ) ;
#10179 = CARTESIAN_POINT ( 'NONE',  ( 9.400000000000000355, 0.09000000000000001055, -0.03500000000000000333 ) ) ;
#10180 = DIRECTION ( 'NONE',  ( -1.000000000000000000, -0.0000000000000000000, -0.0000000000000000000 ) ) ;
#10181 = ORIENTED_EDGE ( 'NONE', *, *, #4263, .F. ) ;
#10182 = COLOUR_RGB ( '',0.1803921568627450955, 0.4627450980392157076, 0.2823529411764705843 ) ;
#10183 =( LENGTH_UNIT ( ) NAMED_UNIT ( * ) SI_UNIT ( .MILLI., .METRE. ) );
#10184 = DIRECTION ( 'NONE',  ( -0.0000000000000000000, -0.0000000000000000000, -1.000000000000000000 ) ) ;
#10185 = UNCERTAINTY_MEASURE_WITH_UNIT (LENGTH_MEASURE( 1.000000000000000082E-05 ), #9621, 'distance_accuracy_value', 'NONE');
#10186 = VECTOR ( 'NONE', #5047, 1000.000000000000000 ) ;
#10187 = CARTESIAN_POINT ( 'NONE',  ( 16.89999999999999858, 3.399999999999990141, 6.450000000000000178 ) ) ;
#10188 = CARTESIAN_POINT ( 'NONE',  ( 12.52500000000000213, 1.505499999999992067, 0.0000000000000000000 ) ) ;
#10189 = CARTESIAN_POINT ( 'NONE',  ( 0.2072634734055688321, 15.22137955819326649, 1.532634909927852229 ) ) ;
#10191 = EDGE_LOOP ( 'NONE', ( #6325, #4647, #1114, #1772 ) ) ;
#10190 = LINE ( 'NONE', #5625, #9748 ) ;
#10192 = CARTESIAN_POINT ( 'NONE',  ( 16.00000000000000000, 2.649999999999990141, 0.9000000000000001332 ) ) ;
#10193 = ORIENTED_EDGE ( 'NONE', *, *, #1103, .T. ) ;
#10194 = MECHANICAL_DESIGN_GEOMETRIC_PRESENTATION_REPRESENTATION (  '', ( #3317 ), #5011 ) ;
#10195 = LINE ( 'NONE', #2215, #6499 ) ;
#10196 = PLANE ( 'NONE',  #10770 ) ;
#10197 = VECTOR ( 'NONE', #2445, 1000.000000000000000 ) ;
#10198 = DIRECTION ( 'NONE',  ( 0.0000000000000000000, 0.0000000000000000000, 1.000000000000000000 ) ) ;
#10199 = UNCERTAINTY_MEASURE_WITH_UNIT (LENGTH_MEASURE( 1.000000000000000082E-05 ), #4572, 'distance_accuracy_value', 'NONE');
#10200 = FILL_AREA_STYLE ('',( #3926 ) ) ;
#10201 = VERTEX_POINT ( 'NONE', #10533 ) ;
#10202 =( NAMED_UNIT ( * ) SI_UNIT ( $, .STERADIAN. ) SOLID_ANGLE_UNIT ( ) );
#10203 = CARTESIAN_POINT ( 'NONE',  ( 15.12500000000000178, 0.8749999999999973355, 1.900000000000001465 ) ) ;
#10204 = PRESENTATION_LAYER_ASSIGNMENT (  '', '', ( #3711 ) ) ;
#10206 = ORIENTED_EDGE ( 'NONE', *, *, #7379, .F. ) ;
#10205 = DIRECTION ( 'NONE',  ( 0.0000000000000000000, -1.000000000000000000, -0.0000000000000000000 ) ) ;
#10208 = ORIENTED_EDGE ( 'NONE', *, *, #4060, .T. ) ;
#10207 = SURFACE_STYLE_USAGE ( .BOTH. , #7535 ) ;
#10209 =( NAMED_UNIT ( * ) PLANE_ANGLE_UNIT ( ) SI_UNIT ( $, .RADIAN. ) );
#10210 = STYLED_ITEM ( 'NONE', ( #4041 ), #8054 ) ;
#10211 = ORIENTED_EDGE ( 'NONE', *, *, #6902, .F. ) ;
#10212 = CARTESIAN_POINT ( 'NONE',  ( -5.204170427930421283E-15, 16.00000000000000000, 0.9000000000000001332 ) ) ;
#10213 = AXIS2_PLACEMENT_3D ( 'NONE', #5116, #5977, #11148 ) ;
#10214 = ORIENTED_EDGE ( 'NONE', *, *, #11530, .F. ) ;
#10215 = PRESENTATION_LAYER_ASSIGNMENT (  '', '', ( #4467 ) ) ;
#10216 = EDGE_CURVE ( 'NONE', #4156, #5213, #4167, .T. ) ;
#10217 = UNCERTAINTY_MEASURE_WITH_UNIT (LENGTH_MEASURE( 1.000000000000000082E-05 ), #2699, 'distance_accuracy_value', 'NONE');
#10218 = MECHANICAL_DESIGN_GEOMETRIC_PRESENTATION_REPRESENTATION (  '', ( #2214 ), #8957 ) ;
#10219 = LINE ( 'NONE', #456, #6423 ) ;
#10220 = EDGE_CURVE ( 'NONE', #548, #8406, #6218, .T. ) ;
#10221 = CIRCLE ( 'NONE', #522, 0.3999999999999993006 ) ;
#10222 = SURFACE_STYLE_FILL_AREA ( #6787 ) ;
#10223 =( NAMED_UNIT ( * ) SI_UNIT ( $, .STERADIAN. ) SOLID_ANGLE_UNIT ( ) );
#10224 = VECTOR ( 'NONE', #7826, 1000.000000000000000 ) ;
#10225 = EDGE_CURVE ( 'NONE', #2122, #6360, #4361, .T. ) ;
#10226 = CARTESIAN_POINT ( 'NONE',  ( -0.9991877486788882656, -1.173091991778428378, 6.075283505579355037 ) ) ;
#10227 = VERTEX_POINT ( 'NONE', #9671 ) ;
#10228 = PRESENTATION_LAYER_ASSIGNMENT (  '', '', ( #5048 ) ) ;
#10229 = FACE_OUTER_BOUND ( 'NONE', #11386, .T. ) ;
#10230 =( LENGTH_UNIT ( ) NAMED_UNIT ( * ) SI_UNIT ( .MILLI., .METRE. ) );
#10231 = CARTESIAN_POINT ( 'NONE',  ( -3.625702169052223983E-15, 10.07000000000000028, 1.000000000000000444 ) ) ;
#10232 = MECHANICAL_DESIGN_GEOMETRIC_PRESENTATION_REPRESENTATION (  '', ( #9337 ), #1884 ) ;
#10233 = ORIENTED_EDGE ( 'NONE', *, *, #6457, .T. ) ;
#10234 = ADVANCED_FACE ( 'NONE', ( #947 ), #8102, .T. ) ;
#10235 =( GEOMETRIC_REPRESENTATION_CONTEXT ( 3 ) GLOBAL_UNCERTAINTY_ASSIGNED_CONTEXT ( ( #10904 ) ) GLOBAL_UNIT_ASSIGNED_CONTEXT ( ( #10327, #6077, #7707 ) ) REPRESENTATION_CONTEXT ( 'NONE', 'WORKASPACE' ) );
#10236 = EDGE_CURVE ( 'NONE', #1214, #11119, #2184, .T. ) ;
#10237 = CARTESIAN_POINT ( 'NONE',  ( 16.10000000000000142, 4.190000000000000391, 1.000000000000000000 ) ) ;
#10238 = CARTESIAN_POINT ( 'NONE',  ( -2.486899575160350098E-15, 7.230000000000000426, -21.65413869472860142 ) ) ;
#10240 = ORIENTED_EDGE ( 'NONE', *, *, #5552, .T. ) ;
#10239 = CARTESIAN_POINT ( 'NONE',  ( 15.52500000000000036, 0.4749999999999989786, 0.9000000000000001332 ) ) ;
#10241 = CARTESIAN_POINT ( 'NONE',  ( 8.900000000000000355, 0.5000000000000000000, 0.0000000000000000000 ) ) ;
#10242 = DIRECTION ( 'NONE',  ( -1.000000000000000000, 0.0000000000000000000, -5.421010862427531636E-15 ) ) ;
#10243 = DIRECTION ( 'NONE',  ( -0.0000000000000000000, -1.000000000000000000, -0.0000000000000000000 ) ) ;
#10244 = LINE ( 'NONE', #9391, #10197 ) ;
#10245 = CIRCLE ( 'NONE', #158, 0.4099999999999971445 ) ;
#10246 = COLOUR_RGB ( '',0.8196078431372548767, 0.7058823529411764053, 0.5254901960784313930 ) ;
#10247 =( NAMED_UNIT ( * ) PLANE_ANGLE_UNIT ( ) SI_UNIT ( $, .RADIAN. ) );
#10248 = ORIENTED_EDGE ( 'NONE', *, *, #9893, .F. ) ;
#10249 = CARTESIAN_POINT ( 'NONE',  ( 0.4749999999999969802, 15.52500000000000036, 0.9000000000000001332 ) ) ;
#10250 = DIRECTION ( 'NONE',  ( -0.0000000000000000000, -0.0000000000000000000, -1.000000000000000000 ) ) ;
#10251 = DIRECTION ( 'NONE',  ( 1.000000000000000000, -3.469446951953613558E-14, 0.0000000000000000000 ) ) ;
#10252 = PRESENTATION_LAYER_ASSIGNMENT (  '', '', ( #5792 ) ) ;
#10253 = VERTEX_POINT ( 'NONE', #2015 ) ;
#10254 = PRESENTATION_STYLE_ASSIGNMENT (( #4743 ) ) ;
#10255 = CARTESIAN_POINT ( 'NONE',  ( 9.648746859276654320, 15.52500000000000036, 0.0000000000000000000 ) ) ;
#10256 = CYLINDRICAL_SURFACE ( 'NONE', #5267, 0.2999999999999999334 ) ;
#10257 = ORIENTED_EDGE ( 'NONE', *, *, #3106, .T. ) ;
#10258 = DIRECTION ( 'NONE',  ( -1.000000000000000000, -2.775557561562889872E-16, 0.0000000000000000000 ) ) ;
#10260 = ORIENTED_EDGE ( 'NONE', *, *, #3826, .F. ) ;
#10259 = DIRECTION ( 'NONE',  ( 0.0000000000000000000, -1.000000000000000000, -0.0000000000000000000 ) ) ;
#10261 = FILL_AREA_STYLE ('',( #6704 ) ) ;
#10262 = LINE ( 'NONE', #9586, #793 ) ;
#10263 = CARTESIAN_POINT ( 'NONE',  ( -0.1000000000000020040, 6.929999999999999716, 0.4500000000000000666 ) ) ;
#10264 = DIRECTION ( 'NONE',  ( -1.000000000000000000, -0.0000000000000000000, -0.0000000000000000000 ) ) ;
#10265 = SURFACE_SIDE_STYLE ('',( #10907 ) ) ;
#10266 = STYLED_ITEM ( 'NONE', ( #4320 ), #9812 ) ;
#10267 = ORIENTED_EDGE ( 'NONE', *, *, #2267, .F. ) ;
#10268 = ORIENTED_EDGE ( 'NONE', *, *, #2676, .F. ) ;
#10269 = CARTESIAN_POINT ( 'NONE',  ( -2.220446049250309925E-15, 7.730000000000000426, -0.1000000000000000472 ) ) ;
#10270 = UNCERTAINTY_MEASURE_WITH_UNIT (LENGTH_MEASURE( 1.000000000000000082E-05 ), #6968, 'distance_accuracy_value', 'NONE');
#10271 = VERTEX_POINT ( 'NONE', #8159 ) ;
#10272 = ORIENTED_EDGE ( 'NONE', *, *, #6116, .F. ) ;
#10273 = DIRECTION ( 'NONE',  ( 0.0000000000000000000, -0.0000000000000000000, 1.000000000000000000 ) ) ;
#10274 = PRESENTATION_LAYER_ASSIGNMENT (  '', '', ( #1527 ) ) ;
#10275 = AXIS2_PLACEMENT_3D ( 'NONE', #9646, #11323, #6827 ) ;
#10276 = VECTOR ( 'NONE', #9349, 1000.000000000000000 ) ;
#10277 = LINE ( 'NONE', #2297, #10883 ) ;
#10278 = CARTESIAN_POINT ( 'NONE',  ( 16.00000000000000000, 5.190000000000000391, 0.0000000000000000000 ) ) ;
#10279 = SURFACE_STYLE_USAGE ( .BOTH. , #3876 ) ;
#10280 = STYLED_ITEM ( 'NONE', ( #1190 ), #10234 ) ;
#10281 = PRESENTATION_STYLE_ASSIGNMENT (( #5924 ) ) ;
#10282 =( NAMED_UNIT ( * ) PLANE_ANGLE_UNIT ( ) SI_UNIT ( $, .RADIAN. ) );
#10283 = CARTESIAN_POINT ( 'NONE',  ( 9.400000000000000355, 0.5000000000000000000, 0.0000000000000000000 ) ) ;
#10284 = STYLED_ITEM ( 'NONE', ( #8277 ), #244 ) ;
#10285 =( GEOMETRIC_REPRESENTATION_CONTEXT ( 3 ) GLOBAL_UNCERTAINTY_ASSIGNED_CONTEXT ( ( #5576 ) ) GLOBAL_UNIT_ASSIGNED_CONTEXT ( ( #3313, #787, #8815 ) ) REPRESENTATION_CONTEXT ( 'NONE', 'WORKASPACE' ) );
#10286 = EDGE_CURVE ( 'NONE', #4327, #9774, #3976, .T. ) ;
#10287 = DIRECTION ( 'NONE',  ( -1.000000000000000000, 0.0000000000000000000, -0.0000000000000000000 ) ) ;
#10288 = VERTEX_POINT ( 'NONE', #9264 ) ;
#10289 = CARTESIAN_POINT ( 'NONE',  ( 16.00000000000000000, 4.190000000000000391, 0.9000000000000001332 ) ) ;
#10290 = PLANE ( 'NONE',  #7293 ) ;
#10291 = DIRECTION ( 'NONE',  ( -0.0000000000000000000, -0.0000000000000000000, -1.000000000000000000 ) ) ;
#10292 = COLOUR_RGB ( '',1.000000000000000000, 1.000000000000000000, 1.000000000000000000 ) ;
#10293 = CARTESIAN_POINT ( 'NONE',  ( 0.1242640687119417470, 16.89999999999998437, 6.150000000000000355 ) ) ;
#10294 = ORIENTED_EDGE ( 'NONE', *, *, #8264, .F. ) ;
#10295 = COLOUR_RGB ( '',0.8196078431372548767, 0.7058823529411764053, 0.5254901960784313930 ) ;
#10296 = DIRECTION ( 'NONE',  ( -0.0000000000000000000, -0.0000000000000000000, -1.000000000000000000 ) ) ;
#10297 = FILL_AREA_STYLE_COLOUR ( '', #8410 ) ;
#10298 = ADVANCED_FACE ( 'NONE', ( #4660 ), #3167, .T. ) ;
#10299 = SURFACE_SIDE_STYLE ('',( #10477 ) ) ;
#10300 = CARTESIAN_POINT ( 'NONE',  ( 15.52500000000000036, 15.52500000000000036, 0.9350000000000000533 ) ) ;
#10301 =( NAMED_UNIT ( * ) SI_UNIT ( $, .STERADIAN. ) SOLID_ANGLE_UNIT ( ) );
#10302 = EDGE_CURVE ( 'NONE', #2753, #3573, #11037, .T. ) ;
#10303 = VECTOR ( 'NONE', #3278, 1000.000000000000000 ) ;
#10304 = CARTESIAN_POINT ( 'NONE',  ( 1.500000000000000000, 7.730000000000000426, -0.1000000000000000472 ) ) ;
#10305 = COLOUR_RGB ( '',0.8196078431372548767, 0.7058823529411764053, 0.5254901960784313930 ) ;
#10306 = ADVANCED_FACE ( 'NONE', ( #4238, #9373 ), #7602, .F. ) ;
#10307 = CARTESIAN_POINT ( 'NONE',  ( 15.52500000000000036, 0.8749999999999990008, 0.9000000000000001332 ) ) ;
#10308 = ORIENTED_EDGE ( 'NONE', *, *, #3405, .T. ) ;
#10309 = SURFACE_SIDE_STYLE ('',( #6752 ) ) ;
#10310 = CARTESIAN_POINT ( 'NONE',  ( 14.50000000000000178, 10.26999999999999957, 0.0000000000000000000 ) ) ;
#10311 = CARTESIAN_POINT ( 'NONE',  ( 16.10000000000000142, 12.00999999999999979, -0.09999999999999999167 ) ) ;
#10312 = ORIENTED_EDGE ( 'NONE', *, *, #8842, .F. ) ;
#10313 = VECTOR ( 'NONE', #7021, 1000.000000000000000 ) ;
#10314 = EDGE_CURVE ( 'NONE', #4209, #5742, #8442, .T. ) ;
#10315 = DIRECTION ( 'NONE',  ( 0.0000000000000000000, 0.0000000000000000000, 1.000000000000000000 ) ) ;
#10316 = CARTESIAN_POINT ( 'NONE',  ( 8.900000000000000355, 15.91000000000000369, 0.9000000000000001332 ) ) ;
#10317 = SURFACE_STYLE_FILL_AREA ( #7138 ) ;
#10318 = EDGE_CURVE ( 'NONE', #1995, #3335, #6788, .T. ) ;
#10319 = COLOUR_RGB ( '',0.8196078431372548767, 0.7058823529411764053, 0.5254901960784313930 ) ;
#10320 = EDGE_LOOP ( 'NONE', ( #8203, #998, #270, #9649, #5510, #5460, #7699, #1807, #5230, #11337, #4972, #3981 ) ) ;
#10321 = PRESENTATION_STYLE_ASSIGNMENT (( #9407 ) ) ;
#10322 = VERTEX_POINT ( 'NONE', #4944 ) ;
#10323 = ADVANCED_FACE ( 'NONE', ( #4068 ), #11098, .T. ) ;
#10324 = PRESENTATION_STYLE_ASSIGNMENT (( #4749 ) ) ;
#10325 = VECTOR ( 'NONE', #2908, 1000.000000000000000 ) ;
#10326 = UNCERTAINTY_MEASURE_WITH_UNIT (LENGTH_MEASURE( 1.000000000000000082E-05 ), #658, 'distance_accuracy_value', 'NONE');
#10327 =( LENGTH_UNIT ( ) NAMED_UNIT ( * ) SI_UNIT ( .MILLI., .METRE. ) );
#10328 = VERTEX_POINT ( 'NONE', #4187 ) ;
#10330 = ORIENTED_EDGE ( 'NONE', *, *, #10017, .F. ) ;
#10329 = CARTESIAN_POINT ( 'NONE',  ( 1.500000000000000000, 4.189999999999989733, 1.000000000000000000 ) ) ;
#10331 = AXIS2_PLACEMENT_3D ( 'NONE', #2989, #10108, #10163 ) ;
#10332 = STYLED_ITEM ( 'NONE', ( #10321 ), #4548 ) ;
#10334 = ORIENTED_EDGE ( 'NONE', *, *, #3628, .F. ) ;
#10333 = FILL_AREA_STYLE_COLOUR ( '', #10031 ) ;
#10335 = SURFACE_SIDE_STYLE ('',( #8609 ) ) ;
#10336 = ORIENTED_EDGE ( 'NONE', *, *, #2051, .T. ) ;
#10337 = LINE ( 'NONE', #452, #8298 ) ;
#10338 = PLANE ( 'NONE',  #460 ) ;
#10339 = PRESENTATION_STYLE_ASSIGNMENT (( #11278 ) ) ;
#10340 = ORIENTED_EDGE ( 'NONE', *, *, #9116, .F. ) ;
#10341 = UNCERTAINTY_MEASURE_WITH_UNIT (LENGTH_MEASURE( 1.000000000000000082E-05 ), #10347, 'distance_accuracy_value', 'NONE');
#10342 =( GEOMETRIC_REPRESENTATION_CONTEXT ( 3 ) GLOBAL_UNCERTAINTY_ASSIGNED_CONTEXT ( ( #7764 ) ) GLOBAL_UNIT_ASSIGNED_CONTEXT ( ( #11295, #472, #11109 ) ) REPRESENTATION_CONTEXT ( 'NONE', 'WORKASPACE' ) );
#10343 = LINE ( 'NONE', #9599, #3294 ) ;
#10344 = CARTESIAN_POINT ( 'NONE',  ( 0.6440598923241537266, 0.7383394144550321503, 2.225219629806733934 ) ) ;
#10345 = CARTESIAN_POINT ( 'NONE',  ( 1.500000000000000000, 6.730000000000000426, 1.000000000000000000 ) ) ;
#10346 = LINE ( 'NONE', #458, #5592 ) ;
#10347 =( LENGTH_UNIT ( ) NAMED_UNIT ( * ) SI_UNIT ( .MILLI., .METRE. ) );
#10348 =( LENGTH_UNIT ( ) NAMED_UNIT ( * ) SI_UNIT ( .MILLI., .METRE. ) );
#10349 = PRESENTATION_STYLE_ASSIGNMENT (( #3414 ) ) ;
#10350 = ORIENTED_EDGE ( 'NONE', *, *, #3920, .F. ) ;
#10351 = LINE ( 'NONE', #4194, #2090 ) ;
#10352 = DIRECTION ( 'NONE',  ( -1.000000000000000000, -0.0000000000000000000, 0.0000000000000000000 ) ) ;
#10353 = LINE ( 'NONE', #1499, #5426 ) ;
#10354 = SURFACE_STYLE_FILL_AREA ( #10474 ) ;
#10355 = CYLINDRICAL_SURFACE ( 'NONE', #10440, 0.4100000000000006417 ) ;
#10356 = SURFACE_STYLE_USAGE ( .BOTH. , #656 ) ;
#10357 = COLOUR_RGB ( '',0.4313725490196078649, 0.3490196078431372362, 0.2901960784313725172 ) ;
#10358 = FILL_AREA_STYLE_COLOUR ( '', #9474 ) ;
#10359 = ORIENTED_EDGE ( 'NONE', *, *, #3639, .F. ) ;
#10360 = CARTESIAN_POINT ( 'NONE',  ( 15.49823920357787266, 0.8575250839981342077, 2.095357059789867193 ) ) ;
#10361 = SURFACE_STYLE_USAGE ( .BOTH. , #6803 ) ;
#10362 = DIRECTION ( 'NONE',  ( 2.775557561562889872E-16, -1.000000000000000000, -0.0000000000000000000 ) ) ;
#10363 = AXIS2_PLACEMENT_3D ( 'NONE', #7566, #10250, #2264 ) ;
#10364 = EDGE_CURVE ( 'NONE', #10271, #822, #7726, .T. ) ;
#10365 = ORIENTED_EDGE ( 'NONE', *, *, #9276, .F. ) ;
#10366 = DIRECTION ( 'NONE',  ( -0.0000000000000000000, -1.000000000000000000, -0.0000000000000000000 ) ) ;
#10367 = ADVANCED_FACE ( 'NONE', ( #10397 ), #5987, .T. ) ;
#10369 = ORIENTED_EDGE ( 'NONE', *, *, #6659, .F. ) ;
#10368 = DIRECTION ( 'NONE',  ( 0.0000000000000000000, 1.000000000000000000, -0.0000000000000000000 ) ) ;
#10370 = ORIENTED_EDGE ( 'NONE', *, *, #6892, .F. ) ;
#10371 = COLOUR_RGB ( '',0.4313725490196078649, 0.3490196078431372362, 0.2901960784313725172 ) ;
#10372 = CARTESIAN_POINT ( 'NONE',  ( 15.35594010767585083, 15.35594010767584727, 2.130940107675854289 ) ) ;
#10373 = EDGE_CURVE ( 'NONE', #6227, #3437, #6261, .T. ) ;
#10374 = EDGE_CURVE ( 'NONE', #446, #1311, #5181, .T. ) ;
#10375 = VECTOR ( 'NONE', #1116, 1000.000000000000000 ) ;
#10376 = LINE ( 'NONE', #6822, #8573 ) ;
#10377 = EDGE_LOOP ( 'NONE', ( #117, #3049, #296, #8168, #5199 ) ) ;
#10378 = CIRCLE ( 'NONE', #8534, 0.4000000000000000777 ) ;
#10379 = VERTEX_POINT ( 'NONE', #11403 ) ;
#10380 = ADVANCED_FACE ( 'NONE', ( #2642 ), #3524, .T. ) ;
#10382 = ORIENTED_EDGE ( 'NONE', *, *, #8687, .F. ) ;
#10381 = DIRECTION ( 'NONE',  ( 1.000000000000000000, 0.0000000000000000000, 0.0000000000000000000 ) ) ;
#10383 = VERTEX_POINT ( 'NONE', #7070 ) ;
#10384 = STYLED_ITEM ( 'NONE', ( #183 ), #2806 ) ;
#10385 = SURFACE_SIDE_STYLE ('',( #6029 ) ) ;
#10386 = SURFACE_STYLE_FILL_AREA ( #6832 ) ;
#10387 = ORIENTED_EDGE ( 'NONE', *, *, #5264, .F. ) ;
#10388 = CARTESIAN_POINT ( 'NONE',  ( 0.2999999999999962697, 12.31000000000000227, -21.65413869472860142 ) ) ;
#10389 = DIRECTION ( 'NONE',  ( 1.000000000000000000, 3.700743415417190112E-16, 0.0000000000000000000 ) ) ;
#10390 = SURFACE_STYLE_USAGE ( .BOTH. , #9485 ) ;
#10391 = ORIENTED_EDGE ( 'NONE', *, *, #2601, .T. ) ;
#10392 =( GEOMETRIC_REPRESENTATION_CONTEXT ( 3 ) GLOBAL_UNCERTAINTY_ASSIGNED_CONTEXT ( ( #5531 ) ) GLOBAL_UNIT_ASSIGNED_CONTEXT ( ( #1422, #10521, #5248 ) ) REPRESENTATION_CONTEXT ( 'NONE', 'WORKASPACE' ) );
#10393 = SURFACE_SIDE_STYLE ('',( #10511 ) ) ;
#10394 = STYLED_ITEM ( 'NONE', ( #2501 ), #3187 ) ;
#10395 = COLOUR_RGB ( '',0.4313725490196078649, 0.3490196078431372362, 0.2901960784313725172 ) ;
#10396 =( NAMED_UNIT ( * ) SI_UNIT ( $, .STERADIAN. ) SOLID_ANGLE_UNIT ( ) );
#10397 = FACE_OUTER_BOUND ( 'NONE', #1474, .T. ) ;
#10398 = COLOUR_RGB ( '',0.8196078431372548767, 0.7058823529411764053, 0.5254901960784313930 ) ;
#10399 = CARTESIAN_POINT ( 'NONE',  ( -3.706236706424449935E-15, 14.34999999999999964, 0.9000000000000001332 ) ) ;
#10400 = AXIS2_PLACEMENT_3D ( 'NONE', #10462, #4475, #11574 ) ;
#10401 =( GEOMETRIC_REPRESENTATION_CONTEXT ( 3 ) GLOBAL_UNCERTAINTY_ASSIGNED_CONTEXT ( ( #1603 ) ) GLOBAL_UNIT_ASSIGNED_CONTEXT ( ( #4862, #8419, #4803 ) ) REPRESENTATION_CONTEXT ( 'NONE', 'WORKASPACE' ) );
#10402 = CARTESIAN_POINT ( 'NONE',  ( 0.04299789803470337179, 17.20297725359113628, 6.082637119038372120 ) ) ;
#10403 = FILL_AREA_STYLE_COLOUR ( '', #349 ) ;
#10404 = PRESENTATION_LAYER_ASSIGNMENT (  '', '', ( #1274 ) ) ;
#10405 = VERTEX_POINT ( 'NONE', #3409 ) ;
#10406 = PRESENTATION_STYLE_ASSIGNMENT (( #465 ) ) ;
#10407 = DIRECTION ( 'NONE',  ( 0.0000000000000000000, 0.0000000000000000000, 1.000000000000000000 ) ) ;
#10408 =( NAMED_UNIT ( * ) PLANE_ANGLE_UNIT ( ) SI_UNIT ( $, .RADIAN. ) );
#10409 = AXIS2_PLACEMENT_3D ( 'NONE', #7823, #8775, #8665 ) ;
#10410 = COLOUR_RGB ( '',0.8196078431372548767, 0.7058823529411764053, 0.5254901960784313930 ) ;
#10411 =( NAMED_UNIT ( * ) PLANE_ANGLE_UNIT ( ) SI_UNIT ( $, .RADIAN. ) );
#10412 = PRESENTATION_LAYER_ASSIGNMENT (  '', '', ( #5624 ) ) ;
#10413 = PLANE ( 'NONE',  #6400 ) ;
#10414 = AXIS2_PLACEMENT_3D ( 'NONE', #4842, #1320, #8401 ) ;
#10415 = MECHANICAL_DESIGN_GEOMETRIC_PRESENTATION_REPRESENTATION (  '', ( #2425 ), #3529 ) ;
#10416 = LINE ( 'NONE', #4201, #927 ) ;
#10417 = SURFACE_STYLE_USAGE ( .BOTH. , #6166 ) ;
#10418 = FACE_OUTER_BOUND ( 'NONE', #6760, .T. ) ;
#10419 = SURFACE_STYLE_FILL_AREA ( #4208 ) ;
#10420 = PLANE ( 'NONE',  #5745 ) ;
#10421 = AXIS2_PLACEMENT_3D ( 'NONE', #11363, #4149, #10251 ) ;
#10422 = ORIENTED_EDGE ( 'NONE', *, *, #3773, .T. ) ;
#10423 = SURFACE_SIDE_STYLE ('',( #3490 ) ) ;
#10424 =( GEOMETRIC_REPRESENTATION_CONTEXT ( 3 ) GLOBAL_UNCERTAINTY_ASSIGNED_CONTEXT ( ( #2164 ) ) GLOBAL_UNIT_ASSIGNED_CONTEXT ( ( #10616, #3572, #7939 ) ) REPRESENTATION_CONTEXT ( 'NONE', 'WORKASPACE' ) );
#10425 =( NAMED_UNIT ( * ) SI_UNIT ( $, .STERADIAN. ) SOLID_ANGLE_UNIT ( ) );
#10426 = UNCERTAINTY_MEASURE_WITH_UNIT (LENGTH_MEASURE( 1.000000000000000082E-05 ), #6487, 'distance_accuracy_value', 'NONE');
#10427 = ORIENTED_EDGE ( 'NONE', *, *, #1980, .T. ) ;
#10428 = CARTESIAN_POINT ( 'NONE',  ( 17.07320508075688537, -1.073205080756895802, 6.323205080756887142 ) ) ;
#10430 = ORIENTED_EDGE ( 'NONE', *, *, #10799, .F. ) ;
#10429 = DIRECTION ( 'NONE',  ( -0.5773502691896250649, -0.5773502691896268413, 0.5773502691896256200 ) ) ;
#10431 = AXIS2_PLACEMENT_3D ( 'NONE', #11019, #8424, #8316 ) ;
#10433 = VERTEX_POINT ( 'NONE', #8800 ) ;
#10432 = CARTESIAN_POINT ( 'NONE',  ( 16.10000000000000142, 7.629999999999999893, 0.4499999999999980127 ) ) ;
#10434 =( NAMED_UNIT ( * ) PLANE_ANGLE_UNIT ( ) SI_UNIT ( $, .RADIAN. ) );
#10435 = FACE_OUTER_BOUND ( 'NONE', #8355, .T. ) ;
#10436 = EDGE_CURVE ( 'NONE', #8893, #11105, #763, .T. ) ;
#10437 = CARTESIAN_POINT ( 'NONE',  ( 8.900000000000000355, 15.25000000000000000, 0.9000000000000001332 ) ) ;
#10438 = PRESENTATION_STYLE_ASSIGNMENT (( #10550 ) ) ;
#10439 = UNCERTAINTY_MEASURE_WITH_UNIT (LENGTH_MEASURE( 1.000000000000000082E-05 ), #7615, 'distance_accuracy_value', 'NONE');
#10440 = AXIS2_PLACEMENT_3D ( 'NONE', #7619, #2372, #471 ) ;
#10441 = CARTESIAN_POINT ( 'NONE',  ( 15.37052520050763427, 0.4409157552305963401, 1.913210877750511463 ) ) ;
#10442 = ORIENTED_EDGE ( 'NONE', *, *, #1553, .F. ) ;
#10443 = ORIENTED_EDGE ( 'NONE', *, *, #3271, .T. ) ;
#10445 = ORIENTED_EDGE ( 'NONE', *, *, #11450, .F. ) ;
#10444 = FILL_AREA_STYLE_COLOUR ( '', #4530 ) ;
#10446 = EDGE_CURVE ( 'NONE', #11204, #846, #8858, .T. ) ;
#10448 = VERTEX_POINT ( 'NONE', #3468 ) ;
#10447 =( NAMED_UNIT ( * ) SI_UNIT ( $, .STERADIAN. ) SOLID_ANGLE_UNIT ( ) );
#10449 = EDGE_CURVE ( 'NONE', #327, #8295, #7010, .T. ) ;
#10450 = ORIENTED_EDGE ( 'NONE', *, *, #4483, .F. ) ;
#10451 = ADVANCED_FACE ( 'NONE', ( #1788 ), #879, .T. ) ;
#10452 = FILL_AREA_STYLE ('',( #8733 ) ) ;
#10453 = ORIENTED_EDGE ( 'NONE', *, *, #743, .F. ) ;
#10454 = UNCERTAINTY_MEASURE_WITH_UNIT (LENGTH_MEASURE( 1.000000000000000082E-05 ), #4373, 'distance_accuracy_value', 'NONE');
#10455 = FILL_AREA_STYLE_COLOUR ( '', #7949 ) ;
#10456 = LINE ( 'NONE', #9656, #627 ) ;
#10457 = PRESENTATION_LAYER_ASSIGNMENT (  '', '', ( #3949 ) ) ;
#10458 = SURFACE_STYLE_FILL_AREA ( #3521 ) ;
#10459 = VERTEX_POINT ( 'NONE', #7264 ) ;
#10460 = CARTESIAN_POINT ( 'NONE',  ( 15.52499999999999680, 15.12500000000000000, 1.900000000000000133 ) ) ;
#10461 = DIRECTION ( 'NONE',  ( 1.000000000000000000, 0.0000000000000000000, 0.0000000000000000000 ) ) ;
#10462 = CARTESIAN_POINT ( 'NONE',  ( -3.712308238590370337E-15, 14.84999999999999964, 1.000000000000000888 ) ) ;
#10463 = AXIS2_PLACEMENT_3D ( 'NONE', #6982, #1627, #8051 ) ;
#10464 =( NAMED_UNIT ( * ) SI_UNIT ( $, .STERADIAN. ) SOLID_ANGLE_UNIT ( ) );
#10465 = COLOUR_RGB ( '',0.8196078431372548767, 0.7058823529411764053, 0.5254901960784313930 ) ;
#10466 = ADVANCED_FACE ( 'NONE', ( #4621 ), #5504, .F. ) ;
#10467 = LINE ( 'NONE', #6047, #1842 ) ;
#10468 = ORIENTED_EDGE ( 'NONE', *, *, #1103, .F. ) ;
#10469 = DIRECTION ( 'NONE',  ( -1.000000000000000000, 0.0000000000000000000, 0.0000000000000000000 ) ) ;
#10470 = DIRECTION ( 'NONE',  ( -2.775557561562889872E-16, 1.000000000000000000, 0.0000000000000000000 ) ) ;
#10471 = CARTESIAN_POINT ( 'NONE',  ( 8.000000000000000000, 0.9100000000000002531, 0.0000000000000000000 ) ) ;
#10472 = LINE ( 'NONE', #11349, #1295 ) ;
#10473 = VECTOR ( 'NONE', #5575, 1000.000000000000000 ) ;
#10474 = FILL_AREA_STYLE ('',( #11106 ) ) ;
#10475 = SURFACE_STYLE_FILL_AREA ( #6917 ) ;
#10476 =( GEOMETRIC_REPRESENTATION_CONTEXT ( 3 ) GLOBAL_UNCERTAINTY_ASSIGNED_CONTEXT ( ( #3200 ) ) GLOBAL_UNIT_ASSIGNED_CONTEXT ( ( #5340, #4458, #136 ) ) REPRESENTATION_CONTEXT ( 'NONE', 'WORKASPACE' ) );
#10477 = SURFACE_STYLE_FILL_AREA ( #11354 ) ;
#10478 = CIRCLE ( 'NONE', #11418, 0.2500000000000002220 ) ;
#10479 =( NAMED_UNIT ( * ) SI_UNIT ( $, .STERADIAN. ) SOLID_ANGLE_UNIT ( ) );
#10480 = AXIS2_PLACEMENT_3D ( 'NONE', #61, #8289, #4555 ) ;
#10481 = CARTESIAN_POINT ( 'NONE',  ( 0.4749999999999986455, 11.81000000000000050, 1.000000000000000000 ) ) ;
#10482 = MECHANICAL_DESIGN_GEOMETRIC_PRESENTATION_REPRESENTATION (  '', ( #3222 ), #966 ) ;
#10483 = FILL_AREA_STYLE ('',( #10358 ) ) ;
#10484 = ORIENTED_EDGE ( 'NONE', *, *, #11082, .T. ) ;
#10485 = CARTESIAN_POINT ( 'NONE',  ( -0.1000000000000020040, 6.730000000000000426, -0.1000000000000000056 ) ) ;
#10486 = LINE ( 'NONE', #6066, #911 ) ;
#10487 = ORIENTED_EDGE ( 'NONE', *, *, #2195, .F. ) ;
#10488 = VECTOR ( 'NONE', #10633, 1000.000000000000000 ) ;
#10490 = ORIENTED_EDGE ( 'NONE', *, *, #9056, .T. ) ;
#10489 = DIRECTION ( 'NONE',  ( 0.8164965809277267006, -0.4082482904638630727, 0.4082482904638616850 ) ) ;
#10491 = CARTESIAN_POINT ( 'NONE',  ( 16.00000000000000000, 6.929999999999999716, -0.1000000000000010048 ) ) ;
#10492 = ORIENTED_EDGE ( 'NONE', *, *, #7231, .F. ) ;
#10493 = MECHANICAL_DESIGN_GEOMETRIC_PRESENTATION_REPRESENTATION (  '', ( #590 ), #7127 ) ;
#10494 = CARTESIAN_POINT ( 'NONE',  ( 16.00000000000000000, 8.000000000000000000, 0.0000000000000000000 ) ) ;
#10495 =( NAMED_UNIT ( * ) PLANE_ANGLE_UNIT ( ) SI_UNIT ( $, .RADIAN. ) );
#10496 = LINE ( 'NONE', #4513, #8769 ) ;
#10497 =( GEOMETRIC_REPRESENTATION_CONTEXT ( 3 ) GLOBAL_UNCERTAINTY_ASSIGNED_CONTEXT ( ( #6601 ) ) GLOBAL_UNIT_ASSIGNED_CONTEXT ( ( #2221, #1218, #9189 ) ) REPRESENTATION_CONTEXT ( 'NONE', 'WORKASPACE' ) );
#10498 = SURFACE_STYLE_FILL_AREA ( #6768 ) ;
#10499 = COLOUR_RGB ( '',0.4313725490196078649, 0.3490196078431372362, 0.2901960784313725172 ) ;
#10500 = VERTEX_POINT ( 'NONE', #10662 ) ;
#10501 = ORIENTED_EDGE ( 'NONE', *, *, #3336, .T. ) ;
#10503 = ORIENTED_EDGE ( 'NONE', *, *, #2813, .F. ) ;
#10502 = DIRECTION ( 'NONE',  ( -1.000000000000000000, -4.426138304153450370E-16, 0.0000000000000000000 ) ) ;
#10504 = ORIENTED_EDGE ( 'NONE', *, *, #8701, .F. ) ;
#10505 = PRESENTATION_LAYER_ASSIGNMENT (  '', '', ( #8861 ) ) ;
#10506 = AXIS2_PLACEMENT_3D ( 'NONE', #1632, #7807, #1575 ) ;
#10507 = FILL_AREA_STYLE ('',( #5231 ) ) ;
#10508 = CARTESIAN_POINT ( 'NONE',  ( 17.07320508075688537, -1.073205080756886698, 6.323205080756885366 ) ) ;
#10509 = ORIENTED_EDGE ( 'NONE', *, *, #11237, .F. ) ;
#10510 = VERTEX_POINT ( 'NONE', #4567 ) ;
#10511 = SURFACE_STYLE_FILL_AREA ( #8618 ) ;
#10512 = AXIS2_PLACEMENT_3D ( 'NONE', #8505, #3252, #5932 ) ;
#10513 = DIRECTION ( 'NONE',  ( -1.659300716151730101E-16, 1.000000000000000000, -0.0000000000000000000 ) ) ;
#10514 = CARTESIAN_POINT ( 'NONE',  ( 8.900000000000000355, 0.5000000000000000000, 0.9350000000000000533 ) ) ;
#10515 = EDGE_CURVE ( 'NONE', #7555, #7449, #8826, .T. ) ;
#10516 = VERTEX_POINT ( 'NONE', #910 ) ;
#10517 = DIRECTION ( 'NONE',  ( -0.0000000000000000000, 2.523234146875350081E-16, 1.000000000000000000 ) ) ;
#10518 =( LENGTH_UNIT ( ) NAMED_UNIT ( * ) SI_UNIT ( .MILLI., .METRE. ) );
#10519 = UNCERTAINTY_MEASURE_WITH_UNIT (LENGTH_MEASURE( 1.000000000000000082E-05 ), #8643, 'distance_accuracy_value', 'NONE');
#10520 = PRESENTATION_STYLE_ASSIGNMENT (( #6099 ) ) ;
#10521 =( NAMED_UNIT ( * ) PLANE_ANGLE_UNIT ( ) SI_UNIT ( $, .RADIAN. ) );
#10522 = VERTEX_POINT ( 'NONE', #7993 ) ;
#10523 = EDGE_CURVE ( 'NONE', #49, #5940, #7315, .T. ) ;
#10524 = EDGE_CURVE ( 'NONE', #11451, #7555, #3789, .T. ) ;
#10525 =( LENGTH_UNIT ( ) NAMED_UNIT ( * ) SI_UNIT ( .MILLI., .METRE. ) );
#10526 = CARTESIAN_POINT ( 'NONE',  ( 0.2999999999999974909, 7.230000000000000426, 1.000000000000000888 ) ) ;
#10527 = CARTESIAN_POINT ( 'NONE',  ( 9.809237095092800729, 15.52500000000000036, 0.9000000000000001332 ) ) ;
#10528 = LINE ( 'NONE', #3206, #11197 ) ;
#10529 = SURFACE_SIDE_STYLE ('',( #2551 ) ) ;
#10530 =( NAMED_UNIT ( * ) PLANE_ANGLE_UNIT ( ) SI_UNIT ( $, .RADIAN. ) );
#10531 = FACE_OUTER_BOUND ( 'NONE', #1650, .T. ) ;
#10532 = EDGE_CURVE ( 'NONE', #6470, #7539, #7125, .T. ) ;
#10533 = CARTESIAN_POINT ( 'NONE',  ( 16.10000000000000142, 10.26999999999999957, -0.1000000000000000056 ) ) ;
#10534 = CYLINDRICAL_SURFACE ( 'NONE', #904, 0.2999999999999999889 ) ;
#10535 = FILL_AREA_STYLE_COLOUR ( '', #10014 ) ;
#10536 = ORIENTED_EDGE ( 'NONE', *, *, #4817, .F. ) ;
#10537 = CARTESIAN_POINT ( 'NONE',  ( 1.500000000000000000, 14.34999999999999964, 1.000000000000000000 ) ) ;
#10538 = SURFACE_STYLE_USAGE ( .BOTH. , #10423 ) ;
#10539 =( LENGTH_UNIT ( ) NAMED_UNIT ( * ) SI_UNIT ( .MILLI., .METRE. ) );
#10540 = ORIENTED_EDGE ( 'NONE', *, *, #11226, .T. ) ;
#10541 = SURFACE_STYLE_FILL_AREA ( #6987 ) ;
#10542 = SURFACE_STYLE_FILL_AREA ( #9634 ) ;
#10544 = ORIENTED_EDGE ( 'NONE', *, *, #8275, .F. ) ;
#10543 = SURFACE_SIDE_STYLE ('',( #8767 ) ) ;
#10545 = CARTESIAN_POINT ( 'NONE',  ( 0.4749999999999971467, 15.12500000000000000, 1.000000000000000000 ) ) ;
#10547 = EDGE_LOOP ( 'NONE', ( #7056, #9755, #6002, #3208, #7219, #5009 ) ) ;
#10546 =( LENGTH_UNIT ( ) NAMED_UNIT ( * ) SI_UNIT ( .MILLI., .METRE. ) );
#10548 =( NAMED_UNIT ( * ) PLANE_ANGLE_UNIT ( ) SI_UNIT ( $, .RADIAN. ) );
#10549 = AXIS2_PLACEMENT_3D ( 'NONE', #9067, #9006, #1936 ) ;
#10550 = SURFACE_STYLE_USAGE ( .BOTH. , #5102 ) ;
#10551 = LINE ( 'NONE', #10672, #7073 ) ;
#10552 = ORIENTED_EDGE ( 'NONE', *, *, #10008, .T. ) ;
#10553 = CARTESIAN_POINT ( 'NONE',  ( 8.000000000000000000, 8.000000000000000000, 0.9000000000000001332 ) ) ;
#10554 = UNCERTAINTY_MEASURE_WITH_UNIT (LENGTH_MEASURE( 1.000000000000000082E-05 ), #10348, 'distance_accuracy_value', 'NONE');
#10555 = ORIENTED_EDGE ( 'NONE', *, *, #10081, .F. ) ;
#10557 = ORIENTED_EDGE ( 'NONE', *, *, #7382, .F. ) ;
#10556 = SURFACE_STYLE_FILL_AREA ( #3451 ) ;
#10558 =( GEOMETRIC_REPRESENTATION_CONTEXT ( 3 ) GLOBAL_UNCERTAINTY_ASSIGNED_CONTEXT ( ( #263 ) ) GLOBAL_UNIT_ASSIGNED_CONTEXT ( ( #2451, #10604, #2718 ) ) REPRESENTATION_CONTEXT ( 'NONE', 'WORKASPACE' ) );
#10559 = ORIENTED_EDGE ( 'NONE', *, *, #10664, .T. ) ;
#10560 =( NAMED_UNIT ( * ) PLANE_ANGLE_UNIT ( ) SI_UNIT ( $, .RADIAN. ) );
#10561 = FILL_AREA_STYLE ('',( #6899 ) ) ;
#10562 = FACE_OUTER_BOUND ( 'NONE', #1053, .T. ) ;
#10563 = VERTEX_POINT ( 'NONE', #6234 ) ;
#10564 = UNCERTAINTY_MEASURE_WITH_UNIT (LENGTH_MEASURE( 1.000000000000000082E-05 ), #1024, 'distance_accuracy_value', 'NONE');
#10565 = CARTESIAN_POINT ( 'NONE',  ( -0.9099081583128829642, -1.084143900380736270, 6.475563183577055071 ) ) ;
#10566 = SURFACE_STYLE_FILL_AREA ( #9714 ) ;
#10567 = PLANE ( 'NONE',  #555 ) ;
#10568 = MECHANICAL_DESIGN_GEOMETRIC_PRESENTATION_REPRESENTATION (  '', ( #11319 ), #11120 ) ;
#10569 = ORIENTED_EDGE ( 'NONE', *, *, #1386, .T. ) ;
#10570 = DIRECTION ( 'NONE',  ( 0.0000000000000000000, 0.0000000000000000000, -1.000000000000000000 ) ) ;
#10571 = CARTESIAN_POINT ( 'NONE',  ( 16.00000000000000000, 8.000000000000000000, 0.0000000000000000000 ) ) ;
#10572 =( NAMED_UNIT ( * ) SI_UNIT ( $, .STERADIAN. ) SOLID_ANGLE_UNIT ( ) );
#10573 = EDGE_CURVE ( 'NONE', #3448, #8706, #9798, .T. ) ;
#10574 = ORIENTED_EDGE ( 'NONE', *, *, #9120, .T. ) ;
#10575 = AXIS2_PLACEMENT_3D ( 'NONE', #8513, #11112, #474 ) ;
#10576 =( LENGTH_UNIT ( ) NAMED_UNIT ( * ) SI_UNIT ( .MILLI., .METRE. ) );
#10577 = COLOUR_RGB ( '',0.8196078431372548767, 0.7058823529411764053, 0.5254901960784313930 ) ;
#10578 = DIRECTION ( 'NONE',  ( -1.000000000000000000, -0.0000000000000000000, 0.0000000000000000000 ) ) ;
#10579 = ADVANCED_FACE ( 'NONE', ( #8936 ), #5381, .T. ) ;
#10580 = SURFACE_SIDE_STYLE ('',( #5251 ) ) ;
#10581 = CARTESIAN_POINT ( 'NONE',  ( 0.3000000000000000999, 2.149999999999990141, 1.000000000000000888 ) ) ;
#10582 = LINE ( 'NONE', #4312, #9400 ) ;
#10583 = AXIS2_PLACEMENT_3D ( 'NONE', #5099, #6016, #11490 ) ;
#10584 = VECTOR ( 'NONE', #9268, 1000.000000000000000 ) ;
#10585 = LINE ( 'NONE', #6330, #11183 ) ;
#10586 = EDGE_CURVE ( 'NONE', #4423, #2226, #10006, .T. ) ;
#10587 = PRESENTATION_LAYER_ASSIGNMENT (  '', '', ( #4087 ) ) ;
#10588 = CARTESIAN_POINT ( 'NONE',  ( 9.225331998773244280, 8.453806132704974274, 6.500000000000001776 ) ) ;
#10589 = LINE ( 'NONE', #10643, #578 ) ;
#10590 = EDGE_CURVE ( 'NONE', #4017, #1478, #11110, .T. ) ;
#10591 = DIRECTION ( 'NONE',  ( -0.0000000000000000000, -1.000000000000000000, -0.0000000000000000000 ) ) ;
#10592 = CARTESIAN_POINT ( 'NONE',  ( 16.00000000000000000, 12.31000000000000227, -0.1000000000000028644 ) ) ;
#10593 = AXIS2_PLACEMENT_3D ( 'NONE', #5428, #10920, #9207 ) ;
#10594 = CARTESIAN_POINT ( 'NONE',  ( 16.00000000000000000, 6.730000000000000426, 0.0000000000000000000 ) ) ;
#10595 = ORIENTED_EDGE ( 'NONE', *, *, #9387, .T. ) ;
#10596 = CARTESIAN_POINT ( 'NONE',  ( 0.5442810861169241621, 15.35000000000000142, 1.000000000000000000 ) ) ;
#10597 = PRESENTATION_LAYER_ASSIGNMENT (  '', '', ( #2951 ) ) ;
#10598 = COLOUR_RGB ( '',0.8196078431372548767, 0.7058823529411764053, 0.5254901960784313930 ) ;
#10599 = EDGE_CURVE ( 'NONE', #5172, #5437, #2146, .T. ) ;
#10600 = PRESENTATION_STYLE_ASSIGNMENT (( #6278 ) ) ;
#10601 = ADVANCED_FACE ( 'NONE', ( #8297 ), #7444, .T. ) ;
#10602 = ORIENTED_EDGE ( 'NONE', *, *, #7971, .F. ) ;
#10603 = VECTOR ( 'NONE', #2553, 1000.000000000000000 ) ;
#10604 =( NAMED_UNIT ( * ) PLANE_ANGLE_UNIT ( ) SI_UNIT ( $, .RADIAN. ) );
#10605 = ORIENTED_EDGE ( 'NONE', *, *, #8388, .F. ) ;
#10606 = DIRECTION ( 'NONE',  ( -1.000000000000000000, -0.0000000000000000000, 0.0000000000000000000 ) ) ;
#10607 = PRESENTATION_LAYER_ASSIGNMENT (  '', '', ( #8577 ) ) ;
#10608 = LINE ( 'NONE', #4392, #1498 ) ;
#10609 = COLOUR_RGB ( '',0.8196078431372548767, 0.7058823529411764053, 0.5254901960784313930 ) ;
#10610 = PRESENTATION_LAYER_ASSIGNMENT (  '', '', ( #7829 ) ) ;
#10611 = SURFACE_SIDE_STYLE ('',( #11316 ) ) ;
#10612 = CARTESIAN_POINT ( 'NONE',  ( 0.6796429402101366035, 15.49823920357786555, 1.917474916001859153 ) ) ;
#10613 = SURFACE_STYLE_USAGE ( .BOTH. , #3161 ) ;
#10614 = ADVANCED_FACE ( 'NONE', ( #355 ), #4675, .T. ) ;
#10615 =( LENGTH_UNIT ( ) NAMED_UNIT ( * ) SI_UNIT ( .MILLI., .METRE. ) );
#10616 =( LENGTH_UNIT ( ) NAMED_UNIT ( * ) SI_UNIT ( .MILLI., .METRE. ) );
#10617 = ORIENTED_EDGE ( 'NONE', *, *, #1086, .F. ) ;
#10618 = COLOUR_RGB ( '',0.8196078431372548767, 0.7058823529411764053, 0.5254901960784313930 ) ;
#10619 = DIRECTION ( 'NONE',  ( -4.426138304153449877E-16, 1.000000000000000000, -0.0000000000000000000 ) ) ;
#10620 = DIRECTION ( 'NONE',  ( 1.000000000000000000, 0.0000000000000000000, 0.0000000000000000000 ) ) ;
#10622 = ORIENTED_EDGE ( 'NONE', *, *, #441, .F. ) ;
#10621 = PRESENTATION_STYLE_ASSIGNMENT (( #9704 ) ) ;
#10623 = VERTEX_POINT ( 'NONE', #181 ) ;
#10624 = AXIS2_PLACEMENT_3D ( 'NONE', #2709, #11582, #7249 ) ;
#10625 =( LENGTH_UNIT ( ) NAMED_UNIT ( * ) SI_UNIT ( .MILLI., .METRE. ) );
#10626 = CARTESIAN_POINT ( 'NONE',  ( -1.319777620523150025E-15, 4.689999999999990621, 1.000000000000000888 ) ) ;
#10627 = EDGE_LOOP ( 'NONE', ( #6521, #7888, #6296, #3729 ) ) ;
#10628 =( NAMED_UNIT ( * ) PLANE_ANGLE_UNIT ( ) SI_UNIT ( $, .RADIAN. ) );
#10629 = AXIS2_PLACEMENT_3D ( 'NONE', #9288, #11255, #1267 ) ;
#10630 =( LENGTH_UNIT ( ) NAMED_UNIT ( * ) SI_UNIT ( .MILLI., .METRE. ) );
#10631 = ORIENTED_EDGE ( 'NONE', *, *, #8701, .T. ) ;
#10632 = PLANE ( 'NONE',  #679 ) ;
#10633 = DIRECTION ( 'NONE',  ( 1.000000000000000000, 0.0000000000000000000, 0.0000000000000000000 ) ) ;
#10634 = DIRECTION ( 'NONE',  ( 0.0000000000000000000, 0.0000000000000000000, 1.000000000000000000 ) ) ;
#10635 = PLANE ( 'NONE',  #9123 ) ;
#10636 = ORIENTED_EDGE ( 'NONE', *, *, #6821, .T. ) ;
#10637 =( NAMED_UNIT ( * ) PLANE_ANGLE_UNIT ( ) SI_UNIT ( $, .RADIAN. ) );
#10638 = MECHANICAL_DESIGN_GEOMETRIC_PRESENTATION_REPRESENTATION (  '', ( #6361 ), #6186 ) ;
#10639 = CARTESIAN_POINT ( 'NONE',  ( 16.00000000000000000, 12.60999999999999943, 1.000000000000000000 ) ) ;
#10640 = DIRECTION ( 'NONE',  ( -1.000000000000000000, 0.0000000000000000000, 0.0000000000000000000 ) ) ;
#10641 = CARTESIAN_POINT ( 'NONE',  ( 16.10000000000000142, 10.07000000000000028, 0.4500000000000000666 ) ) ;
#10642 = CARTESIAN_POINT ( 'NONE',  ( 17.07320508075688537, 17.07320508075688537, 6.323205080756888918 ) ) ;
#10643 = CARTESIAN_POINT ( 'NONE',  ( 14.50000000000000000, 2.649999999999990141, 1.000000000000000000 ) ) ;
#10644 = STYLED_ITEM ( 'NONE', ( #7852 ), #7678 ) ;
#10645 = DIRECTION ( 'NONE',  ( -0.0000000000000000000, -0.0000000000000000000, -1.000000000000000000 ) ) ;
#10646 = EDGE_CURVE ( 'NONE', #6762, #8999, #1143, .T. ) ;
#10647 = PRESENTATION_LAYER_ASSIGNMENT (  '', '', ( #1151 ) ) ;
#10648 = CARTESIAN_POINT ( 'NONE',  ( -1.440514374451140177E-15, 5.189999999999989733, 1.000000000000000000 ) ) ;
#10649 =( NAMED_UNIT ( * ) SI_UNIT ( $, .STERADIAN. ) SOLID_ANGLE_UNIT ( ) );
#10650 = ORIENTED_EDGE ( 'NONE', *, *, #7821, .F. ) ;
#10651 = CARTESIAN_POINT ( 'NONE',  ( -1.112132034355975962, 16.08786796564404398, 6.150000000000000355 ) ) ;
#10652 = SURFACE_STYLE_USAGE ( .BOTH. , #11378 ) ;
#10653 = ADVANCED_FACE ( 'NONE', ( #2947 ), #1254, .T. ) ;
#10654 = ORIENTED_EDGE ( 'NONE', *, *, #10225, .T. ) ;
#10655 = MECHANICAL_DESIGN_GEOMETRIC_PRESENTATION_REPRESENTATION (  '', ( #6376 ), #2095 ) ;
#10656 = STYLED_ITEM ( 'NONE', ( #4457 ), #80 ) ;
#10657 = CARTESIAN_POINT ( 'NONE',  ( 16.10000000000000142, 11.91000000000000014, 0.4500000000000000666 ) ) ;
#10658 = EDGE_CURVE ( 'NONE', #2563, #6192, #7323, .T. ) ;
#10659 = VECTOR ( 'NONE', #10879, 1000.000000000000000 ) ;
#10661 = ORIENTED_EDGE ( 'NONE', *, *, #4493, .F. ) ;
#10660 =( NAMED_UNIT ( * ) PLANE_ANGLE_UNIT ( ) SI_UNIT ( $, .RADIAN. ) );
#10662 = CARTESIAN_POINT ( 'NONE',  ( 16.00000000000000000, 0.0000000000000000000, 0.0000000000000000000 ) ) ;
#10663 = SURFACE_SIDE_STYLE ('',( #5506 ) ) ;
#10664 = EDGE_CURVE ( 'NONE', #4209, #11128, #7621, .T. ) ;
#10665 = SURFACE_STYLE_USAGE ( .BOTH. , #5508 ) ;
#10666 = AXIS2_PLACEMENT_3D ( 'NONE', #10866, #7246, #2876 ) ;
#10667 = CIRCLE ( 'NONE', #1161, 0.2999999999999999889 ) ;
#10668 = PRESENTATION_STYLE_ASSIGNMENT (( #3569 ) ) ;
#10669 =( LENGTH_UNIT ( ) NAMED_UNIT ( * ) SI_UNIT ( .MILLI., .METRE. ) );
#10670 = ADVANCED_FACE ( 'NONE', ( #10418 ), #7797, .F. ) ;
#10671 = EDGE_CURVE ( 'NONE', #3589, #6124, #2374, .T. ) ;
#10672 = CARTESIAN_POINT ( 'NONE',  ( 0.1242640687119257042, 16.89999999999999858, 6.450000000000000178 ) ) ;
#10673 = ORIENTED_EDGE ( 'NONE', *, *, #5337, .T. ) ;
#10674 = AXIS2_PLACEMENT_3D ( 'NONE', #8883, #8120, #8170 ) ;
#10675 = FILL_AREA_STYLE_COLOUR ( '', #8107 ) ;
#10676 = LINE ( 'NONE', #2631, #11410 ) ;
#10677 = AXIS2_PLACEMENT_3D ( 'NONE', #6453, #2144, #3895 ) ;
#10678 = ORIENTED_EDGE ( 'NONE', *, *, #6666, .T. ) ;
#10680 = ORIENTED_EDGE ( 'NONE', *, *, #2414, .F. ) ;
#10679 = LINE ( 'NONE', #2685, #6319 ) ;
#10681 = ADVANCED_FACE ( 'NONE', ( #3259 ), #10413, .T. ) ;
#10682 = VECTOR ( 'NONE', #7088, 1000.000000000000000 ) ;
#10683 = CARTESIAN_POINT ( 'NONE',  ( 0.02329703753469261965, 17.10439315132354920, 6.359985489810419779 ) ) ;
#10684 = VECTOR ( 'NONE', #6164, 1000.000000000000000 ) ;
#10685 = VECTOR ( 'NONE', #5526, 1000.000000000000000 ) ;
#10686 = CARTESIAN_POINT ( 'NONE',  ( 15.12500000000000000, 0.4749999999999989786, 1.900000000000000133 ) ) ;
#10687 = VERTEX_POINT ( 'NONE', #8696 ) ;
#10688 = UNCERTAINTY_MEASURE_WITH_UNIT (LENGTH_MEASURE( 1.000000000000000082E-05 ), #10890, 'distance_accuracy_value', 'NONE');
#10689 = LINE ( 'NONE', #2693, #7057 ) ;
#10690 = DIRECTION ( 'NONE',  ( 0.0000000000000000000, 0.0000000000000000000, 1.000000000000000000 ) ) ;
#10691 = CARTESIAN_POINT ( 'NONE',  ( 0.6440598923241531715, 0.6440598923241481755, 2.130940107675850292 ) ) ;
#10692 =( GEOMETRIC_REPRESENTATION_CONTEXT ( 3 ) GLOBAL_UNCERTAINTY_ASSIGNED_CONTEXT ( ( #2587 ) ) GLOBAL_UNIT_ASSIGNED_CONTEXT ( ( #8278, #1905, #8041 ) ) REPRESENTATION_CONTEXT ( 'NONE', 'WORKASPACE' ) );
#10693 = DIRECTION ( 'NONE',  ( -2.775557561562889872E-16, 1.000000000000000000, 0.0000000000000000000 ) ) ;
#10694 = STYLED_ITEM ( 'NONE', ( #5173 ), #4494 ) ;
#10695 = ORIENTED_EDGE ( 'NONE', *, *, #5557, .F. ) ;
#10696 = DIRECTION ( 'NONE',  ( 0.0000000000000000000, 1.000000000000000000, -0.0000000000000000000 ) ) ;
#10697 = SURFACE_SIDE_STYLE ('',( #11576 ) ) ;
#10698 = COLOUR_RGB ( '',0.1803921568627450955, 0.4627450980392157076, 0.2823529411764705843 ) ;
#10699 = CARTESIAN_POINT ( 'NONE',  ( 12.52500000000000213, 2.794499999999989992, -0.01000000000000000368 ) ) ;
#10700 = EDGE_LOOP ( 'NONE', ( #613, #11305, #4438, #6716, #9577, #2629, #6181 ) ) ;
#10701 = MECHANICAL_DESIGN_GEOMETRIC_PRESENTATION_REPRESENTATION (  '', ( #4585 ), #7923 ) ;
#10702 = FACE_OUTER_BOUND ( 'NONE', #9177, .T. ) ;
#10703 = DIRECTION ( 'NONE',  ( -0.0000000000000000000, -0.0000000000000000000, -1.000000000000000000 ) ) ;
#10704 = PLANE ( 'NONE',  #8247 ) ;
#10705 =( NAMED_UNIT ( * ) SI_UNIT ( $, .STERADIAN. ) SOLID_ANGLE_UNIT ( ) );
#10706 =( GEOMETRIC_REPRESENTATION_CONTEXT ( 3 ) GLOBAL_UNCERTAINTY_ASSIGNED_CONTEXT ( ( #3332 ) ) GLOBAL_UNIT_ASSIGNED_CONTEXT ( ( #2479, #8619, #8796 ) ) REPRESENTATION_CONTEXT ( 'NONE', 'WORKASPACE' ) );
#10707 = CARTESIAN_POINT ( 'NONE',  ( 8.599999999999999645, 8.610786041185193085, 6.500000000000000888 ) ) ;
#10708 = CARTESIAN_POINT ( 'NONE',  ( 16.89999999999999858, 17.19999999999999929, 2.299999999999999822 ) ) ;
#10709 = DIRECTION ( 'NONE',  ( -0.0000000000000000000, -0.0000000000000000000, -1.000000000000000000 ) ) ;
#10710 = ORIENTED_EDGE ( 'NONE', *, *, #9257, .F. ) ;
#10711 = FILL_AREA_STYLE ('',( #9677 ) ) ;
#10712 = DIRECTION ( 'NONE',  ( 0.0000000000000000000, -0.0000000000000000000, 1.000000000000000000 ) ) ;
#10713 =( NAMED_UNIT ( * ) PLANE_ANGLE_UNIT ( ) SI_UNIT ( $, .RADIAN. ) );
#10714 = ORIENTED_EDGE ( 'NONE', *, *, #5967, .F. ) ;
#10715 = FACE_OUTER_BOUND ( 'NONE', #1119, .T. ) ;
#10717 = ORIENTED_EDGE ( 'NONE', *, *, #7092, .F. ) ;
#10716 = DIRECTION ( 'NONE',  ( 0.0000000000000000000, -0.0000000000000000000, 1.000000000000000000 ) ) ;
#10718 = CARTESIAN_POINT ( 'NONE',  ( -0.9000000000000002442, -0.9000000000000084599, 6.150000000000000355 ) ) ;
#10719 =( LENGTH_UNIT ( ) NAMED_UNIT ( * ) SI_UNIT ( .MILLI., .METRE. ) );
#10720 = CARTESIAN_POINT ( 'NONE',  ( -0.1000000000000030032, 11.81000000000000050, 1.000000000000000000 ) ) ;
#10721 = LINE ( 'NONE', #8238, #10811 ) ;
#10722 = DIRECTION ( 'NONE',  ( -0.0000000000000000000, -0.0000000000000000000, 1.000000000000000000 ) ) ;
#10723 = VERTEX_POINT ( 'NONE', #4430 ) ;
#10724 = EDGE_CURVE ( 'NONE', #6698, #6233, #3360, .T. ) ;
#10725 = DIRECTION ( 'NONE',  ( -0.8125199200687475143, 0.3365567705907713258, 0.4759631494779688610 ) ) ;
#10726 = CARTESIAN_POINT ( 'NONE',  ( -0.1000000000000020040, 6.830000000000000071, 1.000000000000000000 ) ) ;
#10727 = ORIENTED_EDGE ( 'NONE', *, *, #5688, .T. ) ;
#10728 = EDGE_CURVE ( 'NONE', #553, #2481, #3537, .T. ) ;
#10729 =( NAMED_UNIT ( * ) PLANE_ANGLE_UNIT ( ) SI_UNIT ( $, .RADIAN. ) );
#10730 = CARTESIAN_POINT ( 'NONE',  ( 16.00000000000000000, 1.850000000000000089, -0.1000000000000010048 ) ) ;
#10731 = AXIS2_PLACEMENT_3D ( 'NONE', #616, #4220, #7817 ) ;
#10733 = ORIENTED_EDGE ( 'NONE', *, *, #281, .T. ) ;
#10732 = LINE ( 'NONE', #2735, #8829 ) ;
#10734 = ORIENTED_EDGE ( 'NONE', *, *, #210, .T. ) ;
#10735 = ADVANCED_FACE ( 'NONE', ( #11416 ), #5362, .T. ) ;
#10736 = EDGE_CURVE ( 'NONE', #5051, #6031, #6055, .T. ) ;
#10737 = DIRECTION ( 'NONE',  ( -1.000000000000000000, -0.0000000000000000000, 0.0000000000000000000 ) ) ;
#10738 = DIRECTION ( 'NONE',  ( -0.0000000000000000000, -0.0000000000000000000, -1.000000000000000000 ) ) ;
#10739 = EDGE_CURVE ( 'NONE', #1656, #3473, #8663, .T. ) ;
#10740 = CARTESIAN_POINT ( 'NONE',  ( 0.2999999999999964917, 9.769999999999999574, 1.000000000000000888 ) ) ;
#10741 = VECTOR ( 'NONE', #5010, 1000.000000000000000 ) ;
#10742 = FILL_AREA_STYLE_COLOUR ( '', #6886 ) ;
#10743 = DIRECTION ( 'NONE',  ( -0.0000000000000000000, -0.0000000000000000000, -1.000000000000000000 ) ) ;
#10744 = ORIENTED_EDGE ( 'NONE', *, *, #1900, .F. ) ;
#10745 = UNCERTAINTY_MEASURE_WITH_UNIT (LENGTH_MEASURE( 1.000000000000000082E-05 ), #9795, 'distance_accuracy_value', 'NONE');
#10746 = ORIENTED_EDGE ( 'NONE', *, *, #5840, .T. ) ;
#10747 = DIRECTION ( 'NONE',  ( 1.000000000000000000, 0.0000000000000000000, -0.0000000000000000000 ) ) ;
#10748 = SHAPE_DEFINITION_REPRESENTATION ( #6035, #3886 ) ;
#10749 = PRESENTATION_STYLE_ASSIGNMENT (( #3762 ) ) ;
#10750 = ORIENTED_EDGE ( 'NONE', *, *, #3336, .F. ) ;
#10751 = SURFACE_STYLE_FILL_AREA ( #3764 ) ;
#10752 = FILL_AREA_STYLE ('',( #2761 ) ) ;
#10753 = SURFACE_STYLE_USAGE ( .BOTH. , #7188 ) ;
#10754 = CARTESIAN_POINT ( 'NONE',  ( 9.400000000000000355, 15.75000000000000000, -0.03500000000000000333 ) ) ;
#10755 = DIRECTION ( 'NONE',  ( -0.0000000000000000000, -0.0000000000000000000, -1.000000000000000000 ) ) ;
#10756 = PRESENTATION_STYLE_ASSIGNMENT (( #1192 ) ) ;
#10757 = CIRCLE ( 'NONE', #5581, 0.4000000000000001887 ) ;
#10758 = MECHANICAL_DESIGN_GEOMETRIC_PRESENTATION_REPRESENTATION (  '', ( #7989 ), #9997 ) ;
#10759 = ORIENTED_EDGE ( 'NONE', *, *, #1555, .T. ) ;
#10760 = MECHANICAL_DESIGN_GEOMETRIC_PRESENTATION_REPRESENTATION (  '', ( #6128 ), #9844 ) ;
#10761 = EDGE_LOOP ( 'NONE', ( #6341, #10211, #9281, #11080, #2158, #11470, #6537, #1717, #10891 ) ) ;
#10762 = VECTOR ( 'NONE', #2302, 1000.000000000000000 ) ;
#10763 = CARTESIAN_POINT ( 'NONE',  ( 17.06226626113304690, 17.23650200320090065, 6.170846977936721878 ) ) ;
#10764 =( NAMED_UNIT ( * ) SI_UNIT ( $, .STERADIAN. ) SOLID_ANGLE_UNIT ( ) );
#10765 = CIRCLE ( 'NONE', #5219, 0.3000000000000016542 ) ;
#10766 = VERTEX_POINT ( 'NONE', #9620 ) ;
#10767 = FILL_AREA_STYLE ('',( #3007 ) ) ;
#10768 = FACE_OUTER_BOUND ( 'NONE', #1648, .T. ) ;
#10769 =( NAMED_UNIT ( * ) PLANE_ANGLE_UNIT ( ) SI_UNIT ( $, .RADIAN. ) );
#10770 = AXIS2_PLACEMENT_3D ( 'NONE', #8477, #3146, #2279 ) ;
#10771 = CARTESIAN_POINT ( 'NONE',  ( 8.900000000000000355, 0.9100000000000001421, 0.0000000000000000000 ) ) ;
#10772 = CARTESIAN_POINT ( 'NONE',  ( 8.483725826204519649, 7.810000000000025366, 6.950000000000001066 ) ) ;
#10773 = ORIENTED_EDGE ( 'NONE', *, *, #1980, .F. ) ;
#10774 = LINE ( 'NONE', #2787, #6264 ) ;
#10775 = DIRECTION ( 'NONE',  ( 0.0000000000000000000, 0.0000000000000000000, 1.000000000000000000 ) ) ;
#10776 = DIRECTION ( 'NONE',  ( 1.000000000000000000, 2.775557561562889872E-16, -0.0000000000000000000 ) ) ;
#10777 = ORIENTED_EDGE ( 'NONE', *, *, #3260, .F. ) ;
#10778 = LINE ( 'NONE', #2792, #9234 ) ;
#10779 = FILL_AREA_STYLE ('',( #9012 ) ) ;
#10780 = PRESENTATION_LAYER_ASSIGNMENT (  '', '', ( #7812 ) ) ;
#10782 = ORIENTED_EDGE ( 'NONE', *, *, #4646, .F. ) ;
#10781 = LINE ( 'NONE', #863, #3393 ) ;
#10783 = PRESENTATION_LAYER_ASSIGNMENT (  '', '', ( #7424 ) ) ;
#10784 =( GEOMETRIC_REPRESENTATION_CONTEXT ( 3 ) GLOBAL_UNCERTAINTY_ASSIGNED_CONTEXT ( ( #34 ) ) GLOBAL_UNIT_ASSIGNED_CONTEXT ( ( #6406, #9851, #9001 ) ) REPRESENTATION_CONTEXT ( 'NONE', 'WORKASPACE' ) );
#10786 = ORIENTED_EDGE ( 'NONE', *, *, #7092, .T. ) ;
#10785 = DIRECTION ( 'NONE',  ( 0.0000000000000000000, 0.0000000000000000000, 1.000000000000000000 ) ) ;
#10787 = EDGE_CURVE ( 'NONE', #1209, #7496, #10582, .T. ) ;
#10788 =( LENGTH_UNIT ( ) NAMED_UNIT ( * ) SI_UNIT ( .MILLI., .METRE. ) );
#10789 = AXIS2_PLACEMENT_3D ( 'NONE', #4086, #2327, #9630 ) ;
#10790 = SURFACE_SIDE_STYLE ('',( #6363 ) ) ;
#10791 =( GEOMETRIC_REPRESENTATION_CONTEXT ( 3 ) GLOBAL_UNCERTAINTY_ASSIGNED_CONTEXT ( ( #4291 ) ) GLOBAL_UNIT_ASSIGNED_CONTEXT ( ( #9459, #260, #11069 ) ) REPRESENTATION_CONTEXT ( 'NONE', 'WORKASPACE' ) );
#10792 = UNCERTAINTY_MEASURE_WITH_UNIT (LENGTH_MEASURE( 1.000000000000000082E-05 ), #2039, 'distance_accuracy_value', 'NONE');
#10793 = COLOUR_RGB ( '',0.1803921568627450955, 0.4627450980392157076, 0.2823529411764705843 ) ;
#10794 = PLANE ( 'NONE',  #10033 ) ;
#10795 = CARTESIAN_POINT ( 'NONE',  ( 0.7427496684281538197, 0.5108773442954409605, 1.800378007439141781 ) ) ;
#10796 = EDGE_CURVE ( 'NONE', #3456, #9424, #9567, .T. ) ;
#10797 = DIRECTION ( 'NONE',  ( 0.0000000000000000000, 0.0000000000000000000, 1.000000000000000000 ) ) ;
#10798 =( NAMED_UNIT ( * ) SI_UNIT ( $, .STERADIAN. ) SOLID_ANGLE_UNIT ( ) );
#10799 = EDGE_CURVE ( 'NONE', #1158, #6633, #599, .T. ) ;
#10800 = EDGE_LOOP ( 'NONE', ( #3692, #4260, #7559, #2034, #4627, #11331, #9849, #5360 ) ) ;
#10801 = CIRCLE ( 'NONE', #4865, 0.2999999999999999889 ) ;
#10802 = STYLED_ITEM ( 'NONE', ( #4296 ), #2624 ) ;
#10803 = EDGE_CURVE ( 'NONE', #5004, #5519, #7077, .T. ) ;
#10804 =( LENGTH_UNIT ( ) NAMED_UNIT ( * ) SI_UNIT ( .MILLI., .METRE. ) );
#10805 = VERTEX_POINT ( 'NONE', #2651 ) ;
#10806 = LINE ( 'NONE', #1958, #8864 ) ;
#10807 = CARTESIAN_POINT ( 'NONE',  ( -3.005234949782223135E-15, 10.26999999999999957, 0.0000000000000000000 ) ) ;
#10808 = EDGE_LOOP ( 'NONE', ( #9084, #5419, #2024, #5455 ) ) ;
#10809 =( LENGTH_UNIT ( ) NAMED_UNIT ( * ) SI_UNIT ( .MILLI., .METRE. ) );
#10810 = EDGE_CURVE ( 'NONE', #10253, #1412, #7737, .T. ) ;
#10811 = VECTOR ( 'NONE', #7267, 1000.000000000000000 ) ;
#10812 = DIRECTION ( 'NONE',  ( 0.0000000000000000000, 1.000000000000000000, -0.0000000000000000000 ) ) ;
#10813 = DIRECTION ( 'NONE',  ( -0.7071067811865470176, -0.7071067811865480168, 0.0000000000000000000 ) ) ;
#10814 = ADVANCED_FACE ( 'NONE', ( #54 ), #4604, .F. ) ;
#10815 = SURFACE_SIDE_STYLE ('',( #10114 ) ) ;
#10816 = ORIENTED_EDGE ( 'NONE', *, *, #3526, .F. ) ;
#10817 = FILL_AREA_STYLE ('',( #7433 ) ) ;
#10818 = PLANE ( 'NONE',  #8652 ) ;
#10819 =( NAMED_UNIT ( * ) SI_UNIT ( $, .STERADIAN. ) SOLID_ANGLE_UNIT ( ) );
#10820 = ORIENTED_EDGE ( 'NONE', *, *, #2676, .T. ) ;
#10821 = COLOUR_RGB ( '',0.8196078431372548767, 0.7058823529411764053, 0.5254901960784313930 ) ;
#10822 = AXIS2_PLACEMENT_3D ( 'NONE', #10514, #7901, #9657 ) ;
#10823 = ORIENTED_EDGE ( 'NONE', *, *, #6902, .T. ) ;
#10824 = LINE ( 'NONE', #7443, #831 ) ;
#10825 = CARTESIAN_POINT ( 'NONE',  ( -1.143755976020627063, 15.97670296246533184, 6.292788944843390908 ) ) ;
#10826 =( BOUNDED_SURFACE ( )  B_SPLINE_SURFACE ( 3, 3, ( 
 ( #6785, #4064, #1232, #4818 ),
 ( #11032, #8551, #4123, #10344 ),
 ( #3105, #4007, #10978, #9370 ),
 ( #6724, #1359, #8381, #3941 ) ),
 .UNSPECIFIED., .F., .F., .F. ) 
 B_SPLINE_SURFACE_WITH_KNOTS ( ( 4, 4 ),
 ( 4, 4 ),
 ( 0.0000000000000000000, 1.000000000000000000 ),
 ( 0.0000000000000000000, 1.000000000000000000 ),
 .UNSPECIFIED. ) 
 GEOMETRIC_REPRESENTATION_ITEM ( )  RATIONAL_B_SPLINE_SURFACE ( (
 ( 1.000000000000000000, 0.3333333333333330928, 0.3333333333333330928, 1.000000000000000000),
 ( 0.9245018060306376961, 0.3081672686768789915, 0.3081672686768789915, 0.9245018060306376961),
 ( 0.9245018060306376961, 0.3081672686768789915, 0.3081672686768789915, 0.9245018060306376961),
 ( 1.000000000000000000, 0.3333333333333330928, 0.3333333333333330928, 1.000000000000000000) ) ) 
 REPRESENTATION_ITEM ( '' )  SURFACE ( )  );
#10827 = DIRECTION ( 'NONE',  ( 1.000000000000000000, 0.0000000000000000000, 0.0000000000000000000 ) ) ;
#10828 = CARTESIAN_POINT ( 'NONE',  ( 8.599844467988368990, 6.930000027488842917, 6.950000000000001066 ) ) ;
#10829 = DIRECTION ( 'NONE',  ( 1.000000000000000000, 2.775557561562889872E-16, -0.0000000000000000000 ) ) ;
#10830 = VERTEX_POINT ( 'NONE', #104 ) ;
#10831 = LINE ( 'NONE', #7160, #9865 ) ;
#10832 = STYLED_ITEM ( 'NONE', ( #3479 ), #198 ) ;
#10833 =( GEOMETRIC_REPRESENTATION_CONTEXT ( 3 ) GLOBAL_UNCERTAINTY_ASSIGNED_CONTEXT ( ( #7285 ) ) GLOBAL_UNIT_ASSIGNED_CONTEXT ( ( #10171, #3887, #1309 ) ) REPRESENTATION_CONTEXT ( 'NONE', 'WORKASPACE' ) );
#10834 = ORIENTED_EDGE ( 'NONE', *, *, #3687, .T. ) ;
#10835 = DIRECTION ( 'NONE',  ( 0.0000000000000000000, 0.0000000000000000000, 1.000000000000000000 ) ) ;
#10836 = DIRECTION ( 'NONE',  ( -1.233581138472399909E-16, 1.000000000000000000, 0.0000000000000000000 ) ) ;
#10838 = ORIENTED_EDGE ( 'NONE', *, *, #4352, .F. ) ;
#10837 = CARTESIAN_POINT ( 'NONE',  ( 8.900000000000000355, 15.50000000000000000, 0.0000000000000000000 ) ) ;
#10840 = VERTEX_POINT ( 'NONE', #2071 ) ;
#10839 = LINE ( 'NONE', #9869, #11159 ) ;
#10841 = MECHANICAL_DESIGN_GEOMETRIC_PRESENTATION_REPRESENTATION (  '', ( #201 ), #8077 ) ;
#10842 = AXIS2_PLACEMENT_3D ( 'NONE', #1904, #5539, #3767 ) ;
#10843 = AXIS2_PLACEMENT_3D ( 'NONE', #901, #4497, #1861 ) ;
#10844 =( NAMED_UNIT ( * ) PLANE_ANGLE_UNIT ( ) SI_UNIT ( $, .RADIAN. ) );
#10845 = CIRCLE ( 'NONE', #9381, 0.4100000000000006417 ) ;
#10846 = CARTESIAN_POINT ( 'NONE',  ( 8.651253140723346391, 15.52500000000000036, 0.9000000000000001332 ) ) ;
#10847 = DIRECTION ( 'NONE',  ( 0.0000000000000000000, -0.0000000000000000000, 1.000000000000000000 ) ) ;
#10848 = PRESENTATION_LAYER_ASSIGNMENT (  '', '', ( #11030 ) ) ;
#10849 = SURFACE_STYLE_FILL_AREA ( #6426 ) ;
#10850 = FILL_AREA_STYLE ('',( #2595 ) ) ;
#10852 = ORIENTED_EDGE ( 'NONE', *, *, #11244, .T. ) ;
#10851 = CARTESIAN_POINT ( 'NONE',  ( 14.50000000000000000, 11.81000000000000050, 1.000000000000000000 ) ) ;
#10853 = EDGE_LOOP ( 'NONE', ( #4132, #5094, #2679, #8472 ) ) ;
#10854 = DIRECTION ( 'NONE',  ( 0.0000000000000000000, 0.0000000000000000000, 1.000000000000000000 ) ) ;
#10855 = CARTESIAN_POINT ( 'NONE',  ( 14.50000000000000000, 7.730000000000000426, 0.9000000000000001332 ) ) ;
#10856 = ORIENTED_EDGE ( 'NONE', *, *, #3269, .F. ) ;
#10857 = LINE ( 'NONE', #6495, #3053 ) ;
#10858 = CARTESIAN_POINT ( 'NONE',  ( 16.00000000000000000, 15.15000000000000036, 1.000000000000000000 ) ) ;
#10859 = ORIENTED_EDGE ( 'NONE', *, *, #833, .T. ) ;
#10860 = ADVANCED_FACE ( 'NONE', ( #9941 ), #5540, .T. ) ;
#10861 = DIRECTION ( 'NONE',  ( 1.000000000000000000, 1.206764157201260003E-16, 0.0000000000000000000 ) ) ;
#10862 =( GEOMETRIC_REPRESENTATION_CONTEXT ( 3 ) GLOBAL_UNCERTAINTY_ASSIGNED_CONTEXT ( ( #10519 ) ) GLOBAL_UNIT_ASSIGNED_CONTEXT ( ( #8643, #596, #10301 ) ) REPRESENTATION_CONTEXT ( 'NONE', 'WORKASPACE' ) );
#10863 =( GEOMETRIC_REPRESENTATION_CONTEXT ( 3 ) GLOBAL_UNCERTAINTY_ASSIGNED_CONTEXT ( ( #1106 ) ) GLOBAL_UNIT_ASSIGNED_CONTEXT ( ( #5166, #11383, #8781 ) ) REPRESENTATION_CONTEXT ( 'NONE', 'WORKASPACE' ) );
#10864 = VECTOR ( 'NONE', #3528, 1000.000000000000000 ) ;
#10865 = ADVANCED_FACE ( 'NONE', ( #9092 ), #2013, .T. ) ;
#10866 = CARTESIAN_POINT ( 'NONE',  ( 8.900000000000000355, 15.50000000000000000, 0.9000000000000001332 ) ) ;
#10867 = SURFACE_STYLE_FILL_AREA ( #3715 ) ;
#10868 = SURFACE_STYLE_FILL_AREA ( #57 ) ;
#10869 =( LENGTH_UNIT ( ) NAMED_UNIT ( * ) SI_UNIT ( .MILLI., .METRE. ) );
#10870 = DIRECTION ( 'NONE',  ( 1.000000000000000000, 0.0000000000000000000, -0.0000000000000000000 ) ) ;
#10871 = CARTESIAN_POINT ( 'NONE',  ( 16.00000000000000000, 6.730000000000000426, -0.1000000000000000472 ) ) ;
#10872 = AXIS2_PLACEMENT_3D ( 'NONE', #9310, #6665, #1300 ) ;
#10873 = ADVANCED_FACE ( 'NONE', ( #4774 ), #339, .T. ) ;
#10874 = AXIS2_PLACEMENT_3D ( 'NONE', #9011, #8135, #8005 ) ;
#10875 = EDGE_CURVE ( 'NONE', #5735, #10623, #2991, .T. ) ;
#10876 = AXIS2_PLACEMENT_3D ( 'NONE', #5587, #4598, #3710 ) ;
#10877 = PRESENTATION_STYLE_ASSIGNMENT (( #1917 ) ) ;
#10878 = ORIENTED_EDGE ( 'NONE', *, *, #5888, .T. ) ;
#10879 = DIRECTION ( 'NONE',  ( 1.000000000000000000, -0.0000000000000000000, 0.0000000000000000000 ) ) ;
#10880 = CYLINDRICAL_SURFACE ( 'NONE', #7918, 0.3000000000000016542 ) ;
#10881 = ORIENTED_EDGE ( 'NONE', *, *, #884, .F. ) ;
#10882 = EDGE_CURVE ( 'NONE', #5478, #345, #8329, .T. ) ;
#10883 = VECTOR ( 'NONE', #5861, 1000.000000000000000 ) ;
#10884 = CARTESIAN_POINT ( 'NONE',  ( 14.50000000000000000, 7.730000000000000426, -0.1000000000000002415 ) ) ;
#10885 = CARTESIAN_POINT ( 'NONE',  ( 8.000000000000000000, 9.269999999999999574, 0.0000000000000000000 ) ) ;
#10886 = ORIENTED_EDGE ( 'NONE', *, *, #5068, .T. ) ;
#10887 = SURFACE_STYLE_FILL_AREA ( #10767 ) ;
#10888 = DIRECTION ( 'NONE',  ( 0.0000000000000000000, 0.0000000000000000000, 1.000000000000000000 ) ) ;
#10889 = CARTESIAN_POINT ( 'NONE',  ( -0.1000000000000040024, 12.60999999999999943, 0.4500000000000000666 ) ) ;
#10890 =( LENGTH_UNIT ( ) NAMED_UNIT ( * ) SI_UNIT ( .MILLI., .METRE. ) );
#10891 = ORIENTED_EDGE ( 'NONE', *, *, #3050, .T. ) ;
#10892 = FACE_OUTER_BOUND ( 'NONE', #10700, .T. ) ;
#10893 = DIRECTION ( 'NONE',  ( 0.0000000000000000000, -6.938893903907229640E-14, 1.000000000000000000 ) ) ;
#10894 = CARTESIAN_POINT ( 'NONE',  ( 15.52500000000000213, 5.190000000000000391, 1.000000000000000000 ) ) ;
#10895 = ORIENTED_EDGE ( 'NONE', *, *, #2974, .T. ) ;
#10896 = LINE ( 'NONE', #9237, #5133 ) ;
#10897 = SURFACE_STYLE_FILL_AREA ( #7342 ) ;
#10899 = ORIENTED_EDGE ( 'NONE', *, *, #10162, .F. ) ;
#10898 = SURFACE_SIDE_STYLE ('',( #9758 ) ) ;
#10901 = EDGE_LOOP ( 'NONE', ( #9486, #6119, #5580, #10350, #2062 ) ) ;
#10900 = DIRECTION ( 'NONE',  ( 0.0000000000000000000, 0.0000000000000000000, 1.000000000000000000 ) ) ;
#10902 = DIRECTION ( 'NONE',  ( 1.000000000000000000, 0.0000000000000000000, 0.0000000000000000000 ) ) ;
#10903 = FILL_AREA_STYLE ('',( #262 ) ) ;
#10904 = UNCERTAINTY_MEASURE_WITH_UNIT (LENGTH_MEASURE( 1.000000000000000082E-05 ), #10327, 'distance_accuracy_value', 'NONE');
#10905 = CARTESIAN_POINT ( 'NONE',  ( 15.35594010767584905, 0.6440598923241456220, 2.130940107675849848 ) ) ;
#10906 = PRESENTATION_STYLE_ASSIGNMENT (( #7403 ) ) ;
#10907 = SURFACE_STYLE_FILL_AREA ( #10962 ) ;
#10909 = ORIENTED_EDGE ( 'NONE', *, *, #5572, .T. ) ;
#10908 = SURFACE_STYLE_FILL_AREA ( #1833 ) ;
#10910 = EDGE_LOOP ( 'NONE', ( #4802, #11101, #5071, #7388 ) ) ;
#10911 =( NAMED_UNIT ( * ) PLANE_ANGLE_UNIT ( ) SI_UNIT ( $, .RADIAN. ) );
#10912 = ORIENTED_EDGE ( 'NONE', *, *, #5066, .F. ) ;
#10913 = CARTESIAN_POINT ( 'NONE',  ( 14.50000000000000000, 14.34999999999999964, 1.000000000000000000 ) ) ;
#10914 = DIRECTION ( 'NONE',  ( 0.0000000000000000000, -0.0000000000000000000, -1.000000000000000000 ) ) ;
#10915 = PRESENTATION_LAYER_ASSIGNMENT (  '', '', ( #2363 ) ) ;
#10916 = VERTEX_POINT ( 'NONE', #3943 ) ;
#10917 = SURFACE_STYLE_USAGE ( .BOTH. , #7593 ) ;
#10918 = FILL_AREA_STYLE_COLOUR ( '', #7150 ) ;
#10919 = LINE ( 'NONE', #1187, #9724 ) ;
#10920 = DIRECTION ( 'NONE',  ( -1.000000000000000000, 0.0000000000000000000, 0.0000000000000000000 ) ) ;
#10921 = MECHANICAL_DESIGN_GEOMETRIC_PRESENTATION_REPRESENTATION (  '', ( #1819 ), #1238 ) ;
#10922 = EDGE_CURVE ( 'NONE', #7004, #5962, #7485, .T. ) ;
#10923 = SURFACE_STYLE_USAGE ( .BOTH. , #8331 ) ;
#10924 = LINE ( 'NONE', #4826, #6669 ) ;
#10925 = VERTEX_POINT ( 'NONE', #7600 ) ;
#10926 = CARTESIAN_POINT ( 'NONE',  ( 15.12499999999999822, 15.12500000000000000, 1.899999999999999911 ) ) ;
#10927 = DIRECTION ( 'NONE',  ( -0.0000000000000000000, 0.0000000000000000000, 1.000000000000000000 ) ) ;
#10928 = COLOUR_RGB ( '',0.8196078431372548767, 0.7058823529411764053, 0.5254901960784313930 ) ;
#10929 = ORIENTED_EDGE ( 'NONE', *, *, #5893, .F. ) ;
#10930 = EDGE_CURVE ( 'NONE', #5754, #2268, #2300, .T. ) ;
#10931 = ORIENTED_EDGE ( 'NONE', *, *, #821, .T. ) ;
#10932 = CARTESIAN_POINT ( 'NONE',  ( 9.400000000000000355, 0.5000000000000000000, -0.03500000000000000333 ) ) ;
#10933 =( LENGTH_UNIT ( ) NAMED_UNIT ( * ) SI_UNIT ( .MILLI., .METRE. ) );
#10934 = CARTESIAN_POINT ( 'NONE',  ( -1.175376886644076357, 16.05869666924361994, 6.180830367813260118 ) ) ;
#10935 = DIRECTION ( 'NONE',  ( -0.0000000000000000000, 0.0000000000000000000, -1.000000000000000000 ) ) ;
#10936 = EDGE_CURVE ( 'NONE', #1170, #7459, #3107, .T. ) ;
#10937 = DIRECTION ( 'NONE',  ( -1.000000000000000000, -0.0000000000000000000, 0.0000000000000000000 ) ) ;
#10938 = ORIENTED_EDGE ( 'NONE', *, *, #141, .T. ) ;
#10939 = MECHANICAL_DESIGN_GEOMETRIC_PRESENTATION_REPRESENTATION (  '', ( #3131 ), #2577 ) ;
#10940 = CARTESIAN_POINT ( 'NONE',  ( 16.10000000000000142, 4.990000000000000213, 1.000000000000000000 ) ) ;
#10941 = CARTESIAN_POINT ( 'NONE',  ( -0.1000000000000020040, 7.529999999999999361, -0.09999999999999999167 ) ) ;
#10942 = MECHANICAL_DESIGN_GEOMETRIC_PRESENTATION_REPRESENTATION (  '', ( #4087 ), #8369 ) ;
#10943 = MECHANICAL_DESIGN_GEOMETRIC_PRESENTATION_REPRESENTATION (  '', ( #2749 ), #4264 ) ;
#10944 = VERTEX_POINT ( 'NONE', #3054 ) ;
#10945 = LINE ( 'NONE', #6538, #4006 ) ;
#10946 = CARTESIAN_POINT ( 'NONE',  ( 0.2688417258100055385, 14.93707430880179032, 2.067838596377805427 ) ) ;
#10947 = EDGE_CURVE ( 'NONE', #9906, #5478, #814, .T. ) ;
#10949 = ORIENTED_EDGE ( 'NONE', *, *, #1622, .T. ) ;
#10948 = SURFACE_STYLE_FILL_AREA ( #10140 ) ;
#10950 = STYLED_ITEM ( 'NONE', ( #8175 ), #8140 ) ;
#10951 = COLOUR_RGB ( '',0.4313725490196078649, 0.3490196078431372362, 0.2901960784313725172 ) ;
#10953 = ORIENTED_EDGE ( 'NONE', *, *, #1822, .T. ) ;
#10952 =( NAMED_UNIT ( * ) PLANE_ANGLE_UNIT ( ) SI_UNIT ( $, .RADIAN. ) );
#10954 = MECHANICAL_DESIGN_GEOMETRIC_PRESENTATION_REPRESENTATION (  '', ( #4467 ), #5228 ) ;
#10955 = ADVANCED_FACE ( 'NONE', ( #4883 ), #9659, .T. ) ;
#10956 = DIRECTION ( 'NONE',  ( -8.326672684688670109E-16, 1.000000000000000000, 0.0000000000000000000 ) ) ;
#10957 = MECHANICAL_DESIGN_GEOMETRIC_PRESENTATION_REPRESENTATION (  '', ( #11153 ), #3145 ) ;
#10958 =( LENGTH_UNIT ( ) NAMED_UNIT ( * ) SI_UNIT ( .MILLI., .METRE. ) );
#10959 = CIRCLE ( 'NONE', #4486, 0.3999999999999993006 ) ;
#10960 = COLOUR_RGB ( '',0.8196078431372548767, 0.7058823529411764053, 0.5254901960784313930 ) ;
#10961 = MECHANICAL_DESIGN_GEOMETRIC_PRESENTATION_REPRESENTATION (  '', ( #3990 ), #6540 ) ;
#10962 = FILL_AREA_STYLE ('',( #264 ) ) ;
#10963 = VECTOR ( 'NONE', #2147, 1000.000000000000000 ) ;
#10964 = MECHANICAL_DESIGN_GEOMETRIC_PRESENTATION_REPRESENTATION (  '', ( #5417 ), #1284 ) ;
#10966 = ORIENTED_EDGE ( 'NONE', *, *, #10947, .F. ) ;
#10965 = LINE ( 'NONE', #5734, #1341 ) ;
#10967 = ORIENTED_EDGE ( 'NONE', *, *, #11226, .F. ) ;
#10968 = CARTESIAN_POINT ( 'NONE',  ( 14.50000000000000000, 2.649999999999990141, 0.9000000000000001332 ) ) ;
#10969 = MECHANICAL_DESIGN_GEOMETRIC_PRESENTATION_REPRESENTATION (  '', ( #7059 ), #3901 ) ;
#10970 = FILL_AREA_STYLE ('',( #6776 ) ) ;
#10971 = UNCERTAINTY_MEASURE_WITH_UNIT (LENGTH_MEASURE( 1.000000000000000082E-05 ), #4499, 'distance_accuracy_value', 'NONE');
#10972 = VECTOR ( 'NONE', #5837, 1000.000000000000000 ) ;
#10973 = VERTEX_POINT ( 'NONE', #7512 ) ;
#10974 = CARTESIAN_POINT ( 'NONE',  ( 16.10000000000000142, 15.15000000000000213, -0.1000000000000003109 ) ) ;
#10975 = VECTOR ( 'NONE', #7162, 1000.000000000000000 ) ;
#10976 =( LENGTH_UNIT ( ) NAMED_UNIT ( * ) SI_UNIT ( .MILLI., .METRE. ) );
#10977 = ORIENTED_EDGE ( 'NONE', *, *, #7455, .T. ) ;
#10978 = CARTESIAN_POINT ( 'NONE',  ( 1.090444154610261895, 0.6521244767980732826, 2.478639810777930386 ) ) ;
#10979 = LINE ( 'NONE', #11095, #3969 ) ;
#10980 =( LENGTH_UNIT ( ) NAMED_UNIT ( * ) SI_UNIT ( .MILLI., .METRE. ) );
#10981 = AXIS2_PLACEMENT_3D ( 'NONE', #11402, #7069, #8857 ) ;
#10982 = MECHANICAL_DESIGN_GEOMETRIC_PRESENTATION_REPRESENTATION (  '', ( #4498 ), #7920 ) ;
#10983 =( LENGTH_UNIT ( ) NAMED_UNIT ( * ) SI_UNIT ( .MILLI., .METRE. ) );
#10984 = PRESENTATION_STYLE_ASSIGNMENT (( #1063 ) ) ;
#10985 = STYLED_ITEM ( 'NONE', ( #9101 ), #11320 ) ;
#10986 = ORIENTED_EDGE ( 'NONE', *, *, #2342, .T. ) ;
#10987 = CARTESIAN_POINT ( 'NONE',  ( 13.81400000000000006, 2.149999999999990585, -0.01000000000000000194 ) ) ;
#10988 = ORIENTED_EDGE ( 'NONE', *, *, #8844, .T. ) ;
#10989 = VECTOR ( 'NONE', #2671, 1000.000000000000000 ) ;
#10990 = LINE ( 'NONE', #1976, #4628 ) ;
#10991 = EDGE_CURVE ( 'NONE', #7905, #3129, #4914, .T. ) ;
#10993 = ORIENTED_EDGE ( 'NONE', *, *, #9542, .F. ) ;
#10992 = DIRECTION ( 'NONE',  ( 0.0000000000000000000, 0.0000000000000000000, 1.000000000000000000 ) ) ;
#10994 =( LENGTH_UNIT ( ) NAMED_UNIT ( * ) SI_UNIT ( .MILLI., .METRE. ) );
#10995 = PRESENTATION_STYLE_ASSIGNMENT (( #6456 ) ) ;
#10996 = CARTESIAN_POINT ( 'NONE',  ( -1.119397598129010518, 16.03550928872868298, 6.292788944843389132 ) ) ;
#10997 = LINE ( 'NONE', #10129, #7980 ) ;
#10998 = CARTESIAN_POINT ( 'NONE',  ( 0.2375096969055152663, 17.15232649327323600, 6.429629380780288450 ) ) ;
#10999 = CARTESIAN_POINT ( 'NONE',  ( 8.900000000000000355, 15.25000000000000000, 0.9000000000000001332 ) ) ;
#11000 = ORIENTED_EDGE ( 'NONE', *, *, #5840, .F. ) ;
#11001 = PRESENTATION_STYLE_ASSIGNMENT (( #4794 ) ) ;
#11002 = ORIENTED_EDGE ( 'NONE', *, *, #9827, .F. ) ;
#11003 = CIRCLE ( 'NONE', #10822, 0.2500000000000002220 ) ;
#11004 = CARTESIAN_POINT ( 'NONE',  ( 0.6440598923241548368, 15.35594010767584372, 2.130940107675852069 ) ) ;
#11006 = VERTEX_POINT ( 'NONE', #4969 ) ;
#11005 = CARTESIAN_POINT ( 'NONE',  ( 0.4750000000000008105, 6.729999999999999538, 0.9000000000000001332 ) ) ;
#11008 = ORIENTED_EDGE ( 'NONE', *, *, #11326, .T. ) ;
#11007 = SURFACE_SIDE_STYLE ('',( #7517 ) ) ;
#11009 =( GEOMETRIC_REPRESENTATION_CONTEXT ( 3 ) GLOBAL_UNCERTAINTY_ASSIGNED_CONTEXT ( ( #6777 ) ) GLOBAL_UNIT_ASSIGNED_CONTEXT ( ( #2325, #11116, #5827 ) ) REPRESENTATION_CONTEXT ( 'NONE', 'WORKASPACE' ) );
#11010 = AXIS2_PLACEMENT_3D ( 'NONE', #5187, #1670, #10470 ) ;
#11011 = PRESENTATION_STYLE_ASSIGNMENT (( #3983 ) ) ;
#11012 = EDGE_CURVE ( 'NONE', #7555, #3085, #4216, .T. ) ;
#11013 = CLOSED_SHELL ( 'NONE', ( #8117, #3986, #9740, #5759, #3746, #6550, #7753, #748, #4042, #352, #8605, #7597, #8396, #10670, #2547, #4548, #11320, #10466, #5346, #11308, #4055, #9879, #8987, #10579, #1171, #11297, #3413, #7742, #9822, #673, #144, #8986, #1023, #7440, #4501, #7538, #4769, #2395, #10681, #2806, #5420, #4776, #5045, #9936, #7361, #7883, #10614, #7302, #5691, #2116, #10367, #8261, #4692, #6198, #9489, #8776, #5743, #1093, #2746, #6797, #519, #2126, #4632, #10735, #3882, #3701, #5708, #5137, #3823, #11382, #8254, #9404, #7604, #1019, #3832, #3483, #7669, #288, #7820, #10865, #1162, #9462, #449, #8054, #8132, #4923, #10306, #5121, #11457, #1110, #8709, #11537, #3615, #8526, #1248, #1763, #7006, #6102, #10075, #8400, #2730, #3913, #5563, #3263, #811, #9693, #7966, #9331, #5631, #10019, #3276, #222, #4824, #7012, #5217, #5971, #8140, #1607, #2328, #7661, #8332, #3187, #8904, #657, #8894, #8063, #9752, #10380, #9812, #7730, #1400, #10860, #443, #10653, #7322, #10234, #223, #9685, #7084, #8122, #2335, #11240, #7034, #7028, #3570, #2682, #1707, #7687, #4135, #6605, #6176, #9048, #7391, #5275, #951, #732, #6189, #10814, #4039, #5266, #1681, #9396, #4419, #4700, #6532, #8704, #501, #11389, #165, #80, #9469, #8185, #274, #7157, #18, #1184, #9202, #3030, #2124, #2560, #11585, #6040, #4140, #2756, #5694, #10451, #2624, #9398, #1401, #9477, #2399, #817, #4494, #2662, #155, #664, #244, #8055, #10873, #8698, #8339, #4838, #2690, #5639, #6188, #11465, #5958, #1985, #8268, #5984, #872, #11314, #5278, #5752, #2349, #9129, #7522, #941, #8629, #7678, #3476, #9256, #729, #2949, #3902, #2404, #6810, #10323, #198, #9696, #11464, #9751, #3622, #3315, #10955, #8787, #10298, #8404, #1903, #6110, #3751, #10601, #6249, #9333, #1305, #1334, #7750, #9963, #7243 ) ) ;
#11014 = EDGE_CURVE ( 'NONE', #7885, #7701, #38, .T. ) ;
#11015 = CARTESIAN_POINT ( 'NONE',  ( 7.885000000080234273, 7.370000000000000995, -1.421085471520200372E-11 ) ) ;
#11016 = UNCERTAINTY_MEASURE_WITH_UNIT (LENGTH_MEASURE( 1.000000000000000082E-05 ), #5980, 'distance_accuracy_value', 'NONE');
#11017 = SURFACE_STYLE_FILL_AREA ( #10200 ) ;
#11018 = LINE ( 'NONE', #3035, #2118 ) ;
#11019 = CARTESIAN_POINT ( 'NONE',  ( -3.712308238590370337E-15, 14.84999999999999964, -0.1000000000000028644 ) ) ;
#11020 = EDGE_CURVE ( 'NONE', #11508, #7085, #6638, .T. ) ;
#11021 = ORIENTED_EDGE ( 'NONE', *, *, #1848, .F. ) ;
#11022 = VECTOR ( 'NONE', #5648, 1000.000000000000000 ) ;
#11023 = AXIS2_PLACEMENT_3D ( 'NONE', #4849, #10134, #3198 ) ;
#11025 = ORIENTED_EDGE ( 'NONE', *, *, #8892, .T. ) ;
#11024 = DIRECTION ( 'NONE',  ( -0.0000000000000000000, -0.0000000000000000000, -1.000000000000000000 ) ) ;
#11026 = LINE ( 'NONE', #1289, #10186 ) ;
#11027 = FILL_AREA_STYLE ('',( #1411 ) ) ;
#11028 = VECTOR ( 'NONE', #3808, 1000.000000000000000 ) ;
#11029 = ORIENTED_EDGE ( 'NONE', *, *, #230, .T. ) ;
#11030 = STYLED_ITEM ( 'NONE', ( #4217 ), #951 ) ;
#11031 = ORIENTED_EDGE ( 'NONE', *, *, #7896, .T. ) ;
#11032 = CARTESIAN_POINT ( 'NONE',  ( 0.6440598923241530604, 0.5497803701932651999, 2.036660585544966207 ) ) ;
#11033 = COLOUR_RGB ( '',0.8196078431372548767, 0.7058823529411764053, 0.5254901960784313930 ) ;
#11034 = SURFACE_STYLE_FILL_AREA ( #8552 ) ;
#11035 = DIRECTION ( 'NONE',  ( 1.000000000000000000, 0.0000000000000000000, 0.0000000000000000000 ) ) ;
#11036 = AXIS2_PLACEMENT_3D ( 'NONE', #9329, #2083, #5661 ) ;
#11037 = LINE ( 'NONE', #5925, #7886 ) ;
#11038 = DIRECTION ( 'NONE',  ( 0.0000000000000000000, 0.0000000000000000000, 1.000000000000000000 ) ) ;
#11039 = COLOUR_RGB ( '',0.1803921568627450955, 0.4627450980392157076, 0.2823529411764705843 ) ;
#11040 = PRESENTATION_STYLE_ASSIGNMENT (( #6568 ) ) ;
#11041 = ORIENTED_EDGE ( 'NONE', *, *, #5564, .T. ) ;
#11042 =( GEOMETRIC_REPRESENTATION_CONTEXT ( 3 ) GLOBAL_UNCERTAINTY_ASSIGNED_CONTEXT ( ( #6020 ) ) GLOBAL_UNIT_ASSIGNED_CONTEXT ( ( #1999, #871, #10202 ) ) REPRESENTATION_CONTEXT ( 'NONE', 'WORKASPACE' ) );
#11043 = DIRECTION ( 'NONE',  ( 1.000000000000000000, 0.0000000000000000000, -0.0000000000000000000 ) ) ;
#11044 = DIRECTION ( 'NONE',  ( 0.0000000000000000000, 0.0000000000000000000, 1.000000000000000000 ) ) ;
#11045 = ORIENTED_EDGE ( 'NONE', *, *, #7759, .F. ) ;
#11046 = CARTESIAN_POINT ( 'NONE',  ( -0.1000000000000010186, 4.689999999999990621, -0.1000000000000000056 ) ) ;
#11047 = VECTOR ( 'NONE', #4091, 1000.000000000000000 ) ;
#11049 = VERTEX_POINT ( 'NONE', #610 ) ;
#11048 = PRESENTATION_STYLE_ASSIGNMENT (( #8343 ) ) ;
#11050 = CIRCLE ( 'NONE', #1574, 0.4000000000000000777 ) ;
#11051 = PLANE ( 'NONE',  #1786 ) ;
#11052 = DIRECTION ( 'NONE',  ( 0.0000000000000000000, 0.0000000000000000000, 1.000000000000000000 ) ) ;
#11053 = PRESENTATION_LAYER_ASSIGNMENT (  '', '', ( #10694 ) ) ;
#11054 = DIRECTION ( 'NONE',  ( 1.000000000000000000, 0.0000000000000000000, -0.0000000000000000000 ) ) ;
#11055 =( NAMED_UNIT ( * ) SI_UNIT ( $, .STERADIAN. ) SOLID_ANGLE_UNIT ( ) );
#11056 =( NAMED_UNIT ( * ) SI_UNIT ( $, .STERADIAN. ) SOLID_ANGLE_UNIT ( ) );
#11057 = ORIENTED_EDGE ( 'NONE', *, *, #4428, .F. ) ;
#11058 = DIRECTION ( 'NONE',  ( 1.659300716151730101E-16, -1.000000000000000000, 0.0000000000000000000 ) ) ;
#11059 = COLOUR_RGB ( '',0.8196078431372548767, 0.7058823529411764053, 0.5254901960784313930 ) ;
#11060 = DIRECTION ( 'NONE',  ( 0.0000000000000000000, 0.0000000000000000000, 1.000000000000000000 ) ) ;
#11061 =( GEOMETRIC_REPRESENTATION_CONTEXT ( 3 ) GLOBAL_UNCERTAINTY_ASSIGNED_CONTEXT ( ( #8365 ) ) GLOBAL_UNIT_ASSIGNED_CONTEXT ( ( #9891, #4602, #8213 ) ) REPRESENTATION_CONTEXT ( 'NONE', 'WORKASPACE' ) );
#11062 = VERTEX_POINT ( 'NONE', #1512 ) ;
#11063 = CARTESIAN_POINT ( 'NONE',  ( 0.7499999999999960032, 12.60999999999999943, -0.1000000000000000056 ) ) ;
#11064 = CARTESIAN_POINT ( 'NONE',  ( 17.17992940268340618, -1.046517794842393601, 6.163106187001401004 ) ) ;
#11065 = CARTESIAN_POINT ( 'NONE',  ( -1.358505322124334098E-15, 4.389999999999989910, -0.1000000000000014350 ) ) ;
#11067 = ORIENTED_EDGE ( 'NONE', *, *, #572, .F. ) ;
#11066 = PRESENTATION_STYLE_ASSIGNMENT (( #6697 ) ) ;
#11068 = SURFACE_STYLE_FILL_AREA ( #6011 ) ;
#11070 = ORIENTED_EDGE ( 'NONE', *, *, #3754, .T. ) ;
#11069 =( NAMED_UNIT ( * ) SI_UNIT ( $, .STERADIAN. ) SOLID_ANGLE_UNIT ( ) );
#11071 = EDGE_CURVE ( 'NONE', #77, #10766, #1332, .T. ) ;
#11072 =( GEOMETRIC_REPRESENTATION_CONTEXT ( 3 ) GLOBAL_UNCERTAINTY_ASSIGNED_CONTEXT ( ( #6254 ) ) GLOBAL_UNIT_ASSIGNED_CONTEXT ( ( #5247, #6910, #11511 ) ) REPRESENTATION_CONTEXT ( 'NONE', 'WORKASPACE' ) );
#11073 = CARTESIAN_POINT ( 'NONE',  ( 0.0000000000000000000, 0.0000000000000000000, 0.9000000000000001332 ) ) ;
#11074 = EDGE_CURVE ( 'NONE', #9976, #7154, #5891, .T. ) ;
#11075 = LINE ( 'NONE', #11015, #318 ) ;
#11076 = VERTEX_POINT ( 'NONE', #549 ) ;
#11077 = PLANE ( 'NONE',  #1185 ) ;
#11078 = CARTESIAN_POINT ( 'NONE',  ( 15.52500000000000036, 4.190000000000000391, 0.9000000000000001332 ) ) ;
#11080 = ORIENTED_EDGE ( 'NONE', *, *, #6449, .F. ) ;
#11079 = DIRECTION ( 'NONE',  ( 0.0000000000000000000, -1.000000000000000000, -0.0000000000000000000 ) ) ;
#11081 = EDGE_CURVE ( 'NONE', #7004, #5041, #5777, .T. ) ;
#11082 = EDGE_CURVE ( 'NONE', #7572, #4443, #8468, .T. ) ;
#11084 = ORIENTED_EDGE ( 'NONE', *, *, #6441, .T. ) ;
#11083 = DIRECTION ( 'NONE',  ( 1.000000000000000000, 0.0000000000000000000, 0.0000000000000000000 ) ) ;
#11085 = DIRECTION ( 'NONE',  ( 0.0000000000000000000, 0.0000000000000000000, 1.000000000000000000 ) ) ;
#11086 =( LENGTH_UNIT ( ) NAMED_UNIT ( * ) SI_UNIT ( .MILLI., .METRE. ) );
#11087 = UNCERTAINTY_MEASURE_WITH_UNIT (LENGTH_MEASURE( 1.000000000000000082E-05 ), #5055, 'distance_accuracy_value', 'NONE');
#11088 = EDGE_LOOP ( 'NONE', ( #7841, #3275, #9361, #1121 ) ) ;
#11089 = DIRECTION ( 'NONE',  ( 0.0000000000000000000, -1.000000000000000000, 0.0000000000000000000 ) ) ;
#11090 = SURFACE_STYLE_USAGE ( .BOTH. , #1181 ) ;
#11091 = ORIENTED_EDGE ( 'NONE', *, *, #4333, .T. ) ;
#11092 = EDGE_CURVE ( 'NONE', #6136, #7965, #4855, .T. ) ;
#11093 = CARTESIAN_POINT ( 'NONE',  ( 8.000000000000000000, 7.999999999999989342, 6.500000000000000888 ) ) ;
#11094 = DIRECTION ( 'NONE',  ( 1.000000000000000000, 0.0000000000000000000, 0.0000000000000000000 ) ) ;
#11095 = CARTESIAN_POINT ( 'NONE',  ( 14.50000000000000000, 2.649999999999990141, 1.000000000000000000 ) ) ;
#11096 =( NAMED_UNIT ( * ) PLANE_ANGLE_UNIT ( ) SI_UNIT ( $, .RADIAN. ) );
#11097 = DIRECTION ( 'NONE',  ( 0.4082482904638588539, -0.8164965809277286990, 0.4082482904638618515 ) ) ;
#11098 = CYLINDRICAL_SURFACE ( 'NONE', #6953, 0.3000000000000000444 ) ;
#11099 = LINE ( 'NONE', #9266, #10762 ) ;
#11100 = CARTESIAN_POINT ( 'NONE',  ( 15.52500000000000213, 4.190000000000000391, 0.9000000000000001332 ) ) ;
#11101 = ORIENTED_EDGE ( 'NONE', *, *, #7759, .T. ) ;
#11102 = CARTESIAN_POINT ( 'NONE',  ( 8.074091244709784121, 5.961489906276872475, 6.636304449910817027 ) ) ;
#11103 = DIRECTION ( 'NONE',  ( 0.0000000000000000000, -1.000000000000000000, -0.0000000000000000000 ) ) ;
#11104 = CARTESIAN_POINT ( 'NONE',  ( 16.00000000000000000, 16.00000000000000000, 0.9000000000000001332 ) ) ;
#11105 = VERTEX_POINT ( 'NONE', #9403 ) ;
#11106 = FILL_AREA_STYLE_COLOUR ( '', #10371 ) ;
#11108 = ORIENTED_EDGE ( 'NONE', *, *, #10515, .T. ) ;
#11107 = SURFACE_SIDE_STYLE ('',( #2029 ) ) ;
#11109 =( NAMED_UNIT ( * ) SI_UNIT ( $, .STERADIAN. ) SOLID_ANGLE_UNIT ( ) );
#11110 = LINE ( 'NONE', #6523, #4562 ) ;
#11111 = DIRECTION ( 'NONE',  ( -1.000000000000000000, -0.0000000000000000000, -0.0000000000000000000 ) ) ;
#11112 = DIRECTION ( 'NONE',  ( 0.0000000000000000000, -1.000000000000000000, 0.0000000000000000000 ) ) ;
#11113 = CARTESIAN_POINT ( 'NONE',  ( 0.07678107846577683637, 16.88081388721354159, 6.445596445704997457 ) ) ;
#11114 = FILL_AREA_STYLE ('',( #5720 ) ) ;
#11115 = ORIENTED_EDGE ( 'NONE', *, *, #6965, .F. ) ;
#11116 =( NAMED_UNIT ( * ) PLANE_ANGLE_UNIT ( ) SI_UNIT ( $, .RADIAN. ) );
#11117 = CARTESIAN_POINT ( 'NONE',  ( 14.50000000000000000, 15.35000000000000142, 1.000000000000000000 ) ) ;
#11118 = LINE ( 'NONE', #10135, #8391 ) ;
#11119 = VERTEX_POINT ( 'NONE', #1390 ) ;
#11120 =( GEOMETRIC_REPRESENTATION_CONTEXT ( 3 ) GLOBAL_UNCERTAINTY_ASSIGNED_CONTEXT ( ( #10217 ) ) GLOBAL_UNIT_ASSIGNED_CONTEXT ( ( #2699, #3043, #2291 ) ) REPRESENTATION_CONTEXT ( 'NONE', 'WORKASPACE' ) );
#11121 = FILL_AREA_STYLE_COLOUR ( '', #3814 ) ;
#11122 = DIRECTION ( 'NONE',  ( 0.0000000000000000000, -0.0000000000000000000, -1.000000000000000000 ) ) ;
#11123 = CARTESIAN_POINT ( 'NONE',  ( 0.6440598923241462881, 15.45021962980673180, 2.036660585544966651 ) ) ;
#11125 = EDGE_LOOP ( 'NONE', ( #10966, #3392, #3119, #3576 ) ) ;
#11124 = DIRECTION ( 'NONE',  ( 0.0000000000000000000, 0.0000000000000000000, -1.000000000000000000 ) ) ;
#11126 = FILL_AREA_STYLE ('',( #4157 ) ) ;
#11128 = VERTEX_POINT ( 'NONE', #1445 ) ;
#11127 = CARTESIAN_POINT ( 'NONE',  ( -0.1000000000000010048, 5.089999999999990088, 0.4500000000000000666 ) ) ;
#11129 = AXIS2_PLACEMENT_3D ( 'NONE', #8501, #7610, #10287 ) ;
#11130 = FACE_OUTER_BOUND ( 'NONE', #9099, .T. ) ;
#11131 = COLOUR_RGB ( '',0.8196078431372548767, 0.7058823529411764053, 0.5254901960784313930 ) ;
#11132 = VECTOR ( 'NONE', #4056, 1000.000000000000000 ) ;
#11133 =( BOUNDED_SURFACE ( )  B_SPLINE_SURFACE ( 3, 3, ( 
 ( #6817, #10372, #5160, #4271 ),
 ( #6936, #3677, #855, #4570 ),
 ( #8885, #8123, #9800, #4452 ),
 ( #1932, #968, #8237, #70 ) ),
 .UNSPECIFIED., .F., .F., .F. ) 
 B_SPLINE_SURFACE_WITH_KNOTS ( ( 4, 4 ),
 ( 4, 4 ),
 ( 0.0000000000000000000, 1.000000000000000000 ),
 ( 0.0000000000000000000, 1.000000000000000000 ),
 .UNSPECIFIED. ) 
 GEOMETRIC_REPRESENTATION_ITEM ( )  RATIONAL_B_SPLINE_SURFACE ( (
 ( 1.000000000000000000, 0.3333333333333332038, 0.3333333333333332038, 1.000000000000000000),
 ( 0.9245018060306373631, 0.3081672686768789915, 0.3081672686768789915, 0.9245018060306373631),
 ( 0.9245018060306373631, 0.3081672686768789915, 0.3081672686768789915, 0.9245018060306373631),
 ( 1.000000000000000000, 0.3333333333333332038, 0.3333333333333332038, 1.000000000000000000) ) ) 
 REPRESENTATION_ITEM ( '' )  SURFACE ( )  );
#11134 = CARTESIAN_POINT ( 'NONE',  ( -0.1000000000000040579, 12.81000000000000050, 1.000000000000000000 ) ) ;
#11135 = UNCERTAINTY_MEASURE_WITH_UNIT (LENGTH_MEASURE( 1.000000000000000082E-05 ), #442, 'distance_accuracy_value', 'NONE');
#11136 = STYLED_ITEM ( 'NONE', ( #3502 ), #9202 ) ;
#11137 = SURFACE_SIDE_STYLE ('',( #7581 ) ) ;
#11138 = VECTOR ( 'NONE', #1843, 1000.000000000000000 ) ;
#11140 = ORIENTED_EDGE ( 'NONE', *, *, #3541, .T. ) ;
#11139 = LINE ( 'NONE', #7532, #7871 ) ;
#11141 = VECTOR ( 'NONE', #2073, 1000.000000000000000 ) ;
#11142 = EDGE_CURVE ( 'NONE', #822, #1892, #5725, .T. ) ;
#11143 = ORIENTED_EDGE ( 'NONE', *, *, #8039, .T. ) ;
#11144 = SURFACE_SIDE_STYLE ('',( #4054 ) ) ;
#11145 = LINE ( 'NONE', #450, #11132 ) ;
#11146 = COLOUR_RGB ( '',0.8196078431372548767, 0.7058823529411764053, 0.5254901960784313930 ) ;
#11147 = ORIENTED_EDGE ( 'NONE', *, *, #369, .T. ) ;
#11148 = DIRECTION ( 'NONE',  ( 0.0000000000000000000, 0.0000000000000000000, -1.000000000000000000 ) ) ;
#11149 = EDGE_LOOP ( 'NONE', ( #7926, #10773, #2234, #6722, #10856, #3958, #9501, #10257, #9700, #1685 ) ) ;
#11151 = EDGE_CURVE ( 'NONE', #345, #6943, #9345, .T. ) ;
#11150 = UNCERTAINTY_MEASURE_WITH_UNIT (LENGTH_MEASURE( 1.000000000000000082E-05 ), #3857, 'distance_accuracy_value', 'NONE');
#11152 = LINE ( 'NONE', #1414, #7289 ) ;
#11153 = STYLED_ITEM ( 'NONE', ( #4067 ), #5121 ) ;
#11154 = CYLINDRICAL_SURFACE ( 'NONE', #5522, 0.3999999999999999667 ) ;
#11155 = EDGE_CURVE ( 'NONE', #11477, #6927, #3270, .T. ) ;
#11156 = SURFACE_STYLE_USAGE ( .BOTH. , #5804 ) ;
#11157 = AXIS2_PLACEMENT_3D ( 'NONE', #11379, #3382, #6941 ) ;
#11158 = EDGE_CURVE ( 'NONE', #2334, #7179, #2389, .T. ) ;
#11159 = VECTOR ( 'NONE', #4583, 1000.000000000000000 ) ;
#11160 =( NAMED_UNIT ( * ) PLANE_ANGLE_UNIT ( ) SI_UNIT ( $, .RADIAN. ) );
#11161 = FILL_AREA_STYLE ('',( #2361 ) ) ;
#11162 = AXIS2_PLACEMENT_3D ( 'NONE', #7489, #1302, #10870 ) ;
#11163 = CARTESIAN_POINT ( 'NONE',  ( 7.884999999966547435, 7.370000000000000995, 1.276568304767125628E-11 ) ) ;
#11164 = CARTESIAN_POINT ( 'NONE',  ( -0.1000000000000010186, 4.989999999999991331, 1.000000000000000000 ) ) ;
#11165 = VERTEX_POINT ( 'NONE', #11365 ) ;
#11166 = EDGE_CURVE ( 'NONE', #9658, #849, #6535, .T. ) ;
#11167 = DIRECTION ( 'NONE',  ( 0.0000000000000000000, 0.0000000000000000000, 1.000000000000000000 ) ) ;
#11168 = EDGE_CURVE ( 'NONE', #8295, #4703, #4386, .T. ) ;
#11169 =( GEOMETRIC_REPRESENTATION_CONTEXT ( 3 ) GLOBAL_UNCERTAINTY_ASSIGNED_CONTEXT ( ( #8207 ) ) GLOBAL_UNIT_ASSIGNED_CONTEXT ( ( #3314, #7692, #3368 ) ) REPRESENTATION_CONTEXT ( 'NONE', 'WORKASPACE' ) );
#11170 = FACE_OUTER_BOUND ( 'NONE', #4447, .T. ) ;
#11171 =( GEOMETRIC_REPRESENTATION_CONTEXT ( 3 ) GLOBAL_UNCERTAINTY_ASSIGNED_CONTEXT ( ( #4409 ) ) GLOBAL_UNIT_ASSIGNED_CONTEXT ( ( #10546, #6012, #6072 ) ) REPRESENTATION_CONTEXT ( 'NONE', 'WORKASPACE' ) );
#11172 = DIRECTION ( 'NONE',  ( -1.000000000000000000, -0.0000000000000000000, -0.0000000000000000000 ) ) ;
#11173 = ORIENTED_EDGE ( 'NONE', *, *, #1778, .F. ) ;
#11174 = STYLED_ITEM ( 'NONE', ( #2677 ), #5420 ) ;
#11175 = CARTESIAN_POINT ( 'NONE',  ( 0.8750000000000031086, 0.8749999999999990008, 1.900000000000000133 ) ) ;
#11176 = FACE_OUTER_BOUND ( 'NONE', #3930, .T. ) ;
#11177 = EDGE_CURVE ( 'NONE', #4028, #3659, #5154, .T. ) ;
#11178 = DIRECTION ( 'NONE',  ( -0.0000000000000000000, -0.0000000000000000000, -1.000000000000000000 ) ) ;
#11179 = DIRECTION ( 'NONE',  ( 4.426138304153450370E-16, -1.000000000000000000, 0.0000000000000000000 ) ) ;
#11180 = SURFACE_STYLE_USAGE ( .BOTH. , #6000 ) ;
#11181 = PLANE ( 'NONE',  #3719 ) ;
#11182 = CARTESIAN_POINT ( 'NONE',  ( 16.10000000000000142, 7.529999999999999361, -0.1000000000000003247 ) ) ;
#11183 = VECTOR ( 'NONE', #5363, 1000.000000000000000 ) ;
#11184 = ORIENTED_EDGE ( 'NONE', *, *, #1101, .T. ) ;
#11185 = CARTESIAN_POINT ( 'NONE',  ( 15.22137955819327537, 1.242365090072149680, 2.567736526594428970 ) ) ;
#11186 = PLANE ( 'NONE',  #7434 ) ;
#11187 = AXIS2_PLACEMENT_3D ( 'NONE', #8166, #7260, #8342 ) ;
#11188 = VERTEX_POINT ( 'NONE', #7808 ) ;
#11189 = CARTESIAN_POINT ( 'NONE',  ( 16.97228466864495999, -1.400802394945828810, 5.874476182445872219 ) ) ;
#11191 = ORIENTED_EDGE ( 'NONE', *, *, #4817, .T. ) ;
#11190 =( NAMED_UNIT ( * ) PLANE_ANGLE_UNIT ( ) SI_UNIT ( $, .RADIAN. ) );
#11192 = SURFACE_STYLE_FILL_AREA ( #11126 ) ;
#11194 = ORIENTED_EDGE ( 'NONE', *, *, #10092, .F. ) ;
#11193 = SURFACE_STYLE_USAGE ( .BOTH. , #4097 ) ;
#11195 =( GEOMETRIC_REPRESENTATION_CONTEXT ( 3 ) GLOBAL_UNCERTAINTY_ASSIGNED_CONTEXT ( ( #7887 ) ) GLOBAL_UNIT_ASSIGNED_CONTEXT ( ( #8174, #4733, #7386 ) ) REPRESENTATION_CONTEXT ( 'NONE', 'WORKASPACE' ) );
#11196 = DIRECTION ( 'NONE',  ( -1.000000000000000000, -2.775557561562889872E-16, 0.0000000000000000000 ) ) ;
#11197 = VECTOR ( 'NONE', #6162, 1000.000000000000000 ) ;
#11198 = CARTESIAN_POINT ( 'NONE',  ( -1.734723475976807094E-15, 8.000000000000000000, 0.0000000000000000000 ) ) ;
#11199 = PRESENTATION_STYLE_ASSIGNMENT (( #6132 ) ) ;
#11200 = LINE ( 'NONE', #4981, #5775 ) ;
#11201 = VERTEX_POINT ( 'NONE', #9743 ) ;
#11202 =( GEOMETRIC_REPRESENTATION_CONTEXT ( 3 ) GLOBAL_UNCERTAINTY_ASSIGNED_CONTEXT ( ( #3689 ) ) GLOBAL_UNIT_ASSIGNED_CONTEXT ( ( #1363, #644, #11345 ) ) REPRESENTATION_CONTEXT ( 'NONE', 'WORKASPACE' ) );
#11203 = DIRECTION ( 'NONE',  ( -0.0000000000000000000, -0.0000000000000000000, -1.000000000000000000 ) ) ;
#11204 = VERTEX_POINT ( 'NONE', #5207 ) ;
#11205 = PRESENTATION_LAYER_ASSIGNMENT (  '', '', ( #5272 ) ) ;
#11206 = ORIENTED_EDGE ( 'NONE', *, *, #3380, .F. ) ;
#11207 = VERTEX_POINT ( 'NONE', #6121 ) ;
#11208 = AXIS2_PLACEMENT_3D ( 'NONE', #11400, #5983, #11336 ) ;
#11209 = SURFACE_STYLE_USAGE ( .BOTH. , #11144 ) ;
#11210 =( BOUNDED_SURFACE ( )  B_SPLINE_SURFACE ( 3, 3, ( 
 ( #7431, #5753, #406, #3178 ),
 ( #6509, #5654, #3833, #10116 ),
 ( #6732, #2303, #2246, #4012 ),
 ( #1132, #7550, #463, #10226 ) ),
 .UNSPECIFIED., .F., .F., .F. ) 
 B_SPLINE_SURFACE_WITH_KNOTS ( ( 4, 4 ),
 ( 4, 4 ),
 ( 0.0000000000000000000, 1.000000000000000000 ),
 ( 0.0000000000000000000, 1.000000000000000000 ),
 .UNSPECIFIED. ) 
 GEOMETRIC_REPRESENTATION_ITEM ( )  RATIONAL_B_SPLINE_SURFACE ( (
 ( 1.000000000000000000, 0.3333333333333327597, 0.3333333333333327597, 1.000000000000000000),
 ( 0.9245018060306376961, 0.3081672686768787139, 0.3081672686768787139, 0.9245018060306376961),
 ( 0.9245018060306376961, 0.3081672686768787139, 0.3081672686768787139, 0.9245018060306376961),
 ( 1.000000000000000000, 0.3333333333333327597, 0.3333333333333327597, 1.000000000000000000) ) ) 
 REPRESENTATION_ITEM ( '' )  SURFACE ( )  );
#11211 = UNCERTAINTY_MEASURE_WITH_UNIT (LENGTH_MEASURE( 1.000000000000000082E-05 ), #10172, 'distance_accuracy_value', 'NONE');
#11212 = VERTEX_POINT ( 'NONE', #6930 ) ;
#11213 = LINE ( 'NONE', #5919, #11449 ) ;
#11214 = LINE ( 'NONE', #5387, #8359 ) ;
#11215 = VECTOR ( 'NONE', #843, 1000.000000000000000 ) ;
#11216 =( NAMED_UNIT ( * ) SI_UNIT ( $, .STERADIAN. ) SOLID_ANGLE_UNIT ( ) );
#11217 = ORIENTED_EDGE ( 'NONE', *, *, #4754, .F. ) ;
#11218 = CARTESIAN_POINT ( 'NONE',  ( -0.9991877486788874885, -0.8252835055793648067, 6.423091991778419718 ) ) ;
#11219 = AXIS2_PLACEMENT_3D ( 'NONE', #7178, #10743, #2745 ) ;
#11220 = DIRECTION ( 'NONE',  ( -0.7071067811865470176, -0.7071067811865480168, -0.0000000000000000000 ) ) ;
#11221 = SURFACE_STYLE_FILL_AREA ( #8497 ) ;
#11222 = DIRECTION ( 'NONE',  ( 0.0000000000000000000, 0.0000000000000000000, 1.000000000000000000 ) ) ;
#11223 = PRESENTATION_LAYER_ASSIGNMENT (  '', '', ( #5098 ) ) ;
#11224 = SURFACE_SIDE_STYLE ('',( #4188 ) ) ;
#11225 = MECHANICAL_DESIGN_GEOMETRIC_PRESENTATION_REPRESENTATION (  '', ( #171 ), #1742 ) ;
#11226 = EDGE_CURVE ( 'NONE', #1423, #4156, #7258, .T. ) ;
#11227 = AXIS2_PLACEMENT_3D ( 'NONE', #5547, #6446, #7146 ) ;
#11228 =( NAMED_UNIT ( * ) PLANE_ANGLE_UNIT ( ) SI_UNIT ( $, .RADIAN. ) );
#11229 = ORIENTED_EDGE ( 'NONE', *, *, #3970, .F. ) ;
#11230 = LINE ( 'NONE', #8503, #9739 ) ;
#11231 = DIRECTION ( 'NONE',  ( -2.775557561562889872E-16, 1.000000000000000000, 0.0000000000000000000 ) ) ;
#11232 = VECTOR ( 'NONE', #1809, 1000.000000000000000 ) ;
#11233 = LINE ( 'NONE', #2310, #2973 ) ;
#11234 = CARTESIAN_POINT ( 'NONE',  ( 14.50000000000000000, 8.000000000000000000, 0.0000000000000000000 ) ) ;
#11235 =( NAMED_UNIT ( * ) SI_UNIT ( $, .STERADIAN. ) SOLID_ANGLE_UNIT ( ) );
#11236 = CARTESIAN_POINT ( 'NONE',  ( 0.8750000000000003331, 15.12500000000000000, 2.299999999999999822 ) ) ;
#11237 = EDGE_CURVE ( 'NONE', #553, #6336, #5376, .T. ) ;
#11238 = DIRECTION ( 'NONE',  ( -1.000000000000000000, 0.0000000000000000000, -0.0000000000000000000 ) ) ;
#11239 = SURFACE_STYLE_USAGE ( .BOTH. , #7684 ) ;
#11240 = ADVANCED_FACE ( 'NONE', ( #8765 ), #7931, .T. ) ;
#11241 = SURFACE_STYLE_USAGE ( .BOTH. , #541 ) ;
#11242 = DIRECTION ( 'NONE',  ( -1.000000000000000000, -0.0000000000000000000, 0.0000000000000000000 ) ) ;
#11243 = COLOUR_RGB ( '',0.8196078431372548767, 0.7058823529411764053, 0.5254901960784313930 ) ;
#11244 = EDGE_CURVE ( 'NONE', #8679, #7478, #731, .T. ) ;
#11245 = DIRECTION ( 'NONE',  ( -0.0000000000000000000, -0.0000000000000000000, -1.000000000000000000 ) ) ;
#11246 = ORIENTED_EDGE ( 'NONE', *, *, #1983, .F. ) ;
#11247 = LINE ( 'NONE', #8648, #561 ) ;
#11248 = FILL_AREA_STYLE ('',( #7691 ) ) ;
#11249 = DIRECTION ( 'NONE',  ( 1.000000000000000000, -0.0000000000000000000, 0.0000000000000000000 ) ) ;
#11250 = EDGE_CURVE ( 'NONE', #1750, #4918, #5438, .T. ) ;
#11251 = UNCERTAINTY_MEASURE_WITH_UNIT (LENGTH_MEASURE( 1.000000000000000082E-05 ), #8008, 'distance_accuracy_value', 'NONE');
#11252 = ORIENTED_EDGE ( 'NONE', *, *, #5505, .F. ) ;
#11253 = STYLED_ITEM ( 'NONE', ( #9296 ), #6110 ) ;
#11254 = SURFACE_SIDE_STYLE ('',( #7695 ) ) ;
#11255 = DIRECTION ( 'NONE',  ( -0.0000000000000000000, -0.0000000000000000000, -1.000000000000000000 ) ) ;
#11256 = VECTOR ( 'NONE', #3160, 1000.000000000000000 ) ;
#11258 = ORIENTED_EDGE ( 'NONE', *, *, #8907, .T. ) ;
#11257 = FACE_OUTER_BOUND ( 'NONE', #8926, .T. ) ;
#11259 = DIRECTION ( 'NONE',  ( 1.000000000000000000, 0.0000000000000000000, 0.0000000000000000000 ) ) ;
#11261 = ORIENTED_EDGE ( 'NONE', *, *, #364, .F. ) ;
#11260 = CARTESIAN_POINT ( 'NONE',  ( 0.4749999999999973688, 15.12500000000000000, 1.900000000000000133 ) ) ;
#11262 = CARTESIAN_POINT ( 'NONE',  ( 12.59999999999999964, 16.89999999999999858, 6.450000000000000178 ) ) ;
#11263 = VECTOR ( 'NONE', #7984, 1000.000000000000000 ) ;
#11264 = SURFACE_STYLE_USAGE ( .BOTH. , #9355 ) ;
#11265 = PRESENTATION_LAYER_ASSIGNMENT (  '', '', ( #4203 ) ) ;
#11266 = DIRECTION ( 'NONE',  ( 0.0000000000000000000, -0.0000000000000000000, 1.000000000000000000 ) ) ;
#11267 = UNCERTAINTY_MEASURE_WITH_UNIT (LENGTH_MEASURE( 1.000000000000000082E-05 ), #3165, 'distance_accuracy_value', 'NONE');
#11268 = DIRECTION ( 'NONE',  ( 1.000000000000000000, 0.0000000000000000000, 0.0000000000000000000 ) ) ;
#11269 = PRESENTATION_STYLE_ASSIGNMENT (( #6824 ) ) ;
#11270 = ORIENTED_EDGE ( 'NONE', *, *, #11445, .F. ) ;
#11271 = ORIENTED_EDGE ( 'NONE', *, *, #3027, .F. ) ;
#11272 = VECTOR ( 'NONE', #3785, 1000.000000000000000 ) ;
#11274 = ORIENTED_EDGE ( 'NONE', *, *, #9674, .T. ) ;
#11273 = DIRECTION ( 'NONE',  ( 0.0000000000000000000, 0.0000000000000000000, 1.000000000000000000 ) ) ;
#11275 = SURFACE_STYLE_USAGE ( .BOTH. , #565 ) ;
#11276 = ORIENTED_EDGE ( 'NONE', *, *, #11020, .F. ) ;
#11277 = CARTESIAN_POINT ( 'NONE',  ( 8.829608046782714936, 6.977511854248239942, 6.950000000000001066 ) ) ;
#11278 = SURFACE_STYLE_USAGE ( .BOTH. , #6033 ) ;
#11279 = ORIENTED_EDGE ( 'NONE', *, *, #6183, .T. ) ;
#11280 = UNCERTAINTY_MEASURE_WITH_UNIT (LENGTH_MEASURE( 1.000000000000000082E-05 ), #2827, 'distance_accuracy_value', 'NONE');
#11281 = DIRECTION ( 'NONE',  ( 0.5773502691896218453, -0.5773502691896250649, 0.5773502691896305050 ) ) ;
#11282 = LINE ( 'NONE', #5120, #4011 ) ;
#11283 =( LENGTH_UNIT ( ) NAMED_UNIT ( * ) SI_UNIT ( .MILLI., .METRE. ) );
#11284 = CARTESIAN_POINT ( 'NONE',  ( 0.0000000000000000000, 8.000000000000000000, 0.0000000000000000000 ) ) ;
#11285 = CARTESIAN_POINT ( 'NONE',  ( 8.000000000000000000, 14.34999999999999964, 0.0000000000000000000 ) ) ;
#11286 = FILL_AREA_STYLE ('',( #7666 ) ) ;
#11287 = VERTEX_POINT ( 'NONE', #8880 ) ;
#11288 = CARTESIAN_POINT ( 'NONE',  ( 8.000000000000000000, 15.55000000000000071, 6.450000000000000178 ) ) ;
#11289 = SURFACE_STYLE_FILL_AREA ( #2438 ) ;
#11290 = CARTESIAN_POINT ( 'NONE',  ( 8.000000000000000000, 11.81000000000000050, 0.9000000000000001332 ) ) ;
#11291 = SURFACE_STYLE_USAGE ( .BOTH. , #3534 ) ;
#11292 = CARTESIAN_POINT ( 'NONE',  ( 1.500000000000000000, 9.269999999999999574, 1.000000000000000000 ) ) ;
#11293 = CYLINDRICAL_SURFACE ( 'NONE', #5063, 0.4100000000000006417 ) ;
#11294 = VECTOR ( 'NONE', #10072, 1000.000000000000000 ) ;
#11295 =( LENGTH_UNIT ( ) NAMED_UNIT ( * ) SI_UNIT ( .MILLI., .METRE. ) );
#11296 = LINE ( 'NONE', #5938, #1087 ) ;
#11297 = ADVANCED_FACE ( 'NONE', ( #6230 ), #7874, .T. ) ;
#11298 = LINE ( 'NONE', #4436, #10018 ) ;
#11299 = PLANE ( 'NONE',  #2927 ) ;
#11300 = VERTEX_POINT ( 'NONE', #2080 ) ;
#11301 = CARTESIAN_POINT ( 'NONE',  ( 12.59999999999999964, 16.89999999999999858, 6.150000000000000355 ) ) ;
#11302 = CARTESIAN_POINT ( 'NONE',  ( 14.50000000000000000, 5.190000000000000391, 1.000000000000000000 ) ) ;
#11303 = EDGE_CURVE ( 'NONE', #6233, #4703, #2027, .T. ) ;
#11304 = EDGE_CURVE ( 'NONE', #3706, #2633, #164, .T. ) ;
#11305 = ORIENTED_EDGE ( 'NONE', *, *, #9764, .F. ) ;
#11306 = LINE ( 'NONE', #609, #9826 ) ;
#11307 = DIRECTION ( 'NONE',  ( 1.000000000000000000, 0.0000000000000000000, 0.0000000000000000000 ) ) ;
#11308 = ADVANCED_FACE ( 'NONE', ( #4672 ), #1018, .F. ) ;
#11310 = ORIENTED_EDGE ( 'NONE', *, *, #826, .F. ) ;
#11309 = DIRECTION ( 'NONE',  ( -1.000000000000000000, 0.0000000000000000000, 0.0000000000000000000 ) ) ;
#11312 = EDGE_LOOP ( 'NONE', ( #10595, #8954, #6246, #8732, #10636 ) ) ;
#11311 =( NAMED_UNIT ( * ) PLANE_ANGLE_UNIT ( ) SI_UNIT ( $, .RADIAN. ) );
#11313 = EDGE_CURVE ( 'NONE', #4107, #6358, #7321, .T. ) ;
#11314 = ADVANCED_FACE ( 'NONE', ( #10715 ), #4725, .T. ) ;
#11315 = MECHANICAL_DESIGN_GEOMETRIC_PRESENTATION_REPRESENTATION (  '', ( #7962 ), #1431 ) ;
#11316 = SURFACE_STYLE_FILL_AREA ( #6130 ) ;
#11317 = CARTESIAN_POINT ( 'NONE',  ( 0.6440598923241503959, 15.35594010767584727, 2.130940107675846296 ) ) ;
#11318 = LINE ( 'NONE', #6879, #9762 ) ;
#11319 = STYLED_ITEM ( 'NONE', ( #8030 ), #2682 ) ;
#11320 = ADVANCED_FACE ( 'NONE', ( #2837 ), #5440, .F. ) ;
#11321 = ORIENTED_EDGE ( 'NONE', *, *, #10810, .F. ) ;
#11322 = ORIENTED_EDGE ( 'NONE', *, *, #4269, .F. ) ;
#11324 = ORIENTED_EDGE ( 'NONE', *, *, #5274, .F. ) ;
#11323 = DIRECTION ( 'NONE',  ( 8.881784197001260212E-15, 1.000000000000000000, -0.0000000000000000000 ) ) ;
#11325 = ORIENTED_EDGE ( 'NONE', *, *, #10446, .T. ) ;
#11326 = EDGE_CURVE ( 'NONE', #3114, #9427, #5762, .T. ) ;
#11327 = MECHANICAL_DESIGN_GEOMETRIC_PRESENTATION_REPRESENTATION (  '', ( #10384 ), #1443 ) ;
#11328 = VERTEX_POINT ( 'NONE', #4894 ) ;
#11329 = CARTESIAN_POINT ( 'NONE',  ( -4.204969705767779608E-15, 15.15000000000000036, -0.1000000000000010048 ) ) ;
#11330 = CARTESIAN_POINT ( 'NONE',  ( 1.500000000000000000, 4.189999999999989733, 1.000000000000000000 ) ) ;
#11331 = ORIENTED_EDGE ( 'NONE', *, *, #4210, .T. ) ;
#11332 = PRESENTATION_LAYER_ASSIGNMENT (  '', '', ( #6496 ) ) ;
#11333 = LINE ( 'NONE', #556, #10682 ) ;
#11334 = AXIS2_PLACEMENT_3D ( 'NONE', #404, #1303, #581 ) ;
#11335 = AXIS2_PLACEMENT_3D ( 'NONE', #2278, #11196, #3859 ) ;
#11336 = DIRECTION ( 'NONE',  ( 0.0000000000000000000, 0.0000000000000000000, 1.000000000000000000 ) ) ;
#11337 = ORIENTED_EDGE ( 'NONE', *, *, #1778, .T. ) ;
#11338 = DIRECTION ( 'NONE',  ( 0.0000000000000000000, -0.0000000000000000000, 1.000000000000000000 ) ) ;
#11339 = DIRECTION ( 'NONE',  ( -0.0000000000000000000, 0.0000000000000000000, 1.000000000000000000 ) ) ;
#11340 = COLOUR_RGB ( '',0.8196078431372548767, 0.7058823529411764053, 0.5254901960784313930 ) ;
#11341 = MECHANICAL_DESIGN_GEOMETRIC_PRESENTATION_REPRESENTATION (  '', ( #8568 ), #5757 ) ;
#11342 = VECTOR ( 'NONE', #642, 1000.000000000000000 ) ;
#11343 = UNCERTAINTY_MEASURE_WITH_UNIT (LENGTH_MEASURE( 1.000000000000000082E-05 ), #10170, 'distance_accuracy_value', 'NONE');
#11344 = LINE ( 'NONE', #7909, #10864 ) ;
#11345 =( NAMED_UNIT ( * ) SI_UNIT ( $, .STERADIAN. ) SOLID_ANGLE_UNIT ( ) );
#11346 = COLOUR_RGB ( '',0.8196078431372548767, 0.7058823529411764053, 0.5254901960784313930 ) ;
#11347 = ORIENTED_EDGE ( 'NONE', *, *, #1100, .F. ) ;
#11348 = CARTESIAN_POINT ( 'NONE',  ( 1.500000000000000222, 0.4749999999999988676, 1.000000000000000000 ) ) ;
#11349 = CARTESIAN_POINT ( 'NONE',  ( -1.734723475976807094E-15, 8.000000000000000000, 0.0000000000000000000 ) ) ;
#11350 = CIRCLE ( 'NONE', #11157, 0.3999999999999999667 ) ;
#11351 = CARTESIAN_POINT ( 'NONE',  ( 0.1242640687119272169, 17.19999999999999929, 2.299999999999999822 ) ) ;
#11352 =( LENGTH_UNIT ( ) NAMED_UNIT ( * ) SI_UNIT ( .MILLI., .METRE. ) );
#11353 = VECTOR ( 'NONE', #11054, 1000.000000000000000 ) ;
#11354 = FILL_AREA_STYLE ('',( #8751 ) ) ;
#11355 = CARTESIAN_POINT ( 'NONE',  ( 9.808130022147439675, 7.043867029542360214, 6.500000000000000000 ) ) ;
#11356 = SURFACE_STYLE_FILL_AREA ( #6858 ) ;
#11357 = MECHANICAL_DESIGN_GEOMETRIC_PRESENTATION_REPRESENTATION (  '', ( #5241 ), #9524 ) ;
#11358 = DIRECTION ( 'NONE',  ( -0.0000000000000000000, -0.0000000000000000000, -1.000000000000000000 ) ) ;
#11359 = ORIENTED_EDGE ( 'NONE', *, *, #429, .F. ) ;
#11360 =( NAMED_UNIT ( * ) SI_UNIT ( $, .STERADIAN. ) SOLID_ANGLE_UNIT ( ) );
#11361 = DIRECTION ( 'NONE',  ( -1.387778780781450113E-16, -1.000000000000000000, 0.0000000000000000000 ) ) ;
#11362 = STYLED_ITEM ( 'NONE', ( #9725 ), #5639 ) ;
#11363 = CARTESIAN_POINT ( 'NONE',  ( 0.1242640687119270088, 16.89999999999999858, 6.150000000000000355 ) ) ;
#11364 = EDGE_LOOP ( 'NONE', ( #1265, #11425, #3283, #3089 ) ) ;
#11365 = CARTESIAN_POINT ( 'NONE',  ( 8.900000000000000355, 0.2500000000000000000, 0.9350000000000000533 ) ) ;
#11367 = ORIENTED_EDGE ( 'NONE', *, *, #667, .T. ) ;
#11366 = LINE ( 'NONE', #6931, #4544 ) ;
#11368 = VECTOR ( 'NONE', #5333, 1000.000000000000000 ) ;
#11369 = SURFACE_SIDE_STYLE ('',( #1636 ) ) ;
#11370 = COLOUR_RGB ( '',0.8196078431372548767, 0.7058823529411764053, 0.5254901960784313930 ) ;
#11372 = ORIENTED_EDGE ( 'NONE', *, *, #2813, .T. ) ;
#11371 = DIRECTION ( 'NONE',  ( 1.000000000000000000, 7.401486830834370362E-16, 0.0000000000000000000 ) ) ;
#11373 = PLANE ( 'NONE',  #4377 ) ;
#11374 = SURFACE_STYLE_FILL_AREA ( #1583 ) ;
#11375 = PRESENTATION_LAYER_ASSIGNMENT (  '', '', ( #4871 ) ) ;
#11376 =( NAMED_UNIT ( * ) SI_UNIT ( $, .STERADIAN. ) SOLID_ANGLE_UNIT ( ) );
#11377 = EDGE_CURVE ( 'NONE', #8579, #11062, #9386, .T. ) ;
#11378 = SURFACE_SIDE_STYLE ('',( #7641 ) ) ;
#11379 = CARTESIAN_POINT ( 'NONE',  ( 15.12500000000000000, 15.12500000000000000, 1.899999999999999911 ) ) ;
#11380 = FACE_OUTER_BOUND ( 'NONE', #4664, .T. ) ;
#11381 = ORIENTED_EDGE ( 'NONE', *, *, #10922, .F. ) ;
#11382 = ADVANCED_FACE ( 'NONE', ( #3003 ), #4834, .T. ) ;
#11383 =( NAMED_UNIT ( * ) PLANE_ANGLE_UNIT ( ) SI_UNIT ( $, .RADIAN. ) );
#11384 = ORIENTED_EDGE ( 'NONE', *, *, #11397, .T. ) ;
#11386 = EDGE_LOOP ( 'NONE', ( #9377, #2002, #3548, #2065 ) ) ;
#11385 = CARTESIAN_POINT ( 'NONE',  ( -0.9000000000000001332, -0.9000000000000091260, 2.299999999999999822 ) ) ;
#11387 = ORIENTED_EDGE ( 'NONE', *, *, #5681, .F. ) ;
#11388 = PLANE ( 'NONE',  #5206 ) ;
#11389 = ADVANCED_FACE ( 'NONE', ( #11176 ), #8637, .F. ) ;
#11390 = CARTESIAN_POINT ( 'NONE',  ( 16.91310618700138590, -1.046517794842402260, 6.429929402683396411 ) ) ;
#11391 = ORIENTED_EDGE ( 'NONE', *, *, #1834, .F. ) ;
#11392 = CARTESIAN_POINT ( 'NONE',  ( 0.03585545315944069222, 17.18667737388237171, 6.150000000000000355 ) ) ;
#11393 = PLANE ( 'NONE',  #5401 ) ;
#11394 = ORIENTED_EDGE ( 'NONE', *, *, #7975, .F. ) ;
#11395 = UNCERTAINTY_MEASURE_WITH_UNIT (LENGTH_MEASURE( 1.000000000000000082E-05 ), #8430, 'distance_accuracy_value', 'NONE');
#11396 = CARTESIAN_POINT ( 'NONE',  ( -0.5975731024119547152, -1.373899314911896541, 6.276090828712817427 ) ) ;
#11397 = EDGE_CURVE ( 'NONE', #6415, #1036, #6576, .T. ) ;
#11398 = EDGE_CURVE ( 'NONE', #10322, #9319, #3441, .T. ) ;
#11399 = FACE_OUTER_BOUND ( 'NONE', #2527, .T. ) ;
#11400 = CARTESIAN_POINT ( 'NONE',  ( -0.1000000000000040024, 12.71000000000000085, 0.4500000000000000666 ) ) ;
#11401 = VERTEX_POINT ( 'NONE', #8719 ) ;
#11402 = CARTESIAN_POINT ( 'NONE',  ( 9.020562075079479475E-17, 2.149999999999990141, -21.65413869472860142 ) ) ;
#11403 = CARTESIAN_POINT ( 'NONE',  ( -0.1000000000000010186, 4.989999999999991331, -0.09999999999999999167 ) ) ;
#11404 = PRESENTATION_STYLE_ASSIGNMENT (( #830 ) ) ;
#11405 = VECTOR ( 'NONE', #10352, 1000.000000000000000 ) ;
#11406 = FILL_AREA_STYLE ('',( #8035 ) ) ;
#11407 = COLOUR_RGB ( '',0.8196078431372548767, 0.7058823529411764053, 0.5254901960784313930 ) ;
#11408 = PRESENTATION_STYLE_ASSIGNMENT (( #7850 ) ) ;
#11409 = EDGE_LOOP ( 'NONE', ( #9902, #8251, #9598, #6969, #507, #5410, #10834, #8415 ) ) ;
#11410 = VECTOR ( 'NONE', #11556, 1000.000000000000000 ) ;
#11411 = LINE ( 'NONE', #6970, #6729 ) ;
#11412 = FILL_AREA_STYLE_COLOUR ( '', #6528 ) ;
#11413 = STYLED_ITEM ( 'NONE', ( #9842 ), #9822 ) ;
#11414 = DIRECTION ( 'NONE',  ( 0.0000000000000000000, 1.000000000000000000, 0.0000000000000000000 ) ) ;
#11415 = CARTESIAN_POINT ( 'NONE',  ( 9.400000000000000355, 0.08999999999999991340, 0.9000000000000001332 ) ) ;
#11416 = FACE_OUTER_BOUND ( 'NONE', #11409, .T. ) ;
#11417 = MECHANICAL_DESIGN_GEOMETRIC_PRESENTATION_REPRESENTATION (  '', ( #5098 ), #10476 ) ;
#11418 = AXIS2_PLACEMENT_3D ( 'NONE', #9492, #7484, #7546 ) ;
#11419 = CARTESIAN_POINT ( 'NONE',  ( 9.587660449149966624, 8.125407078586194487, 6.499999999999998224 ) ) ;
#11420 = CARTESIAN_POINT ( 'NONE',  ( 7.974519180106136140, 6.286110044227340765, 6.499999999999759304 ) ) ;
#11421 = COLOUR_RGB ( '',0.1803921568627450955, 0.4627450980392157076, 0.2823529411764705843 ) ;
#11422 = FILL_AREA_STYLE_COLOUR ( '', #7618 ) ;
#11423 =( LENGTH_UNIT ( ) NAMED_UNIT ( * ) SI_UNIT ( .MILLI., .METRE. ) );
#11424 = MECHANICAL_DESIGN_GEOMETRIC_PRESENTATION_REPRESENTATION (  '', ( #9197 ), #3988 ) ;
#11425 = ORIENTED_EDGE ( 'NONE', *, *, #6462, .F. ) ;
#11426 = LINE ( 'NONE', #4381, #203 ) ;
#11427 = VECTOR ( 'NONE', #5026, 1000.000000000000000 ) ;
#11428 = ORIENTED_EDGE ( 'NONE', *, *, #3891, .F. ) ;
#11429 = FILL_AREA_STYLE_COLOUR ( '', #6644 ) ;
#11430 = DIRECTION ( 'NONE',  ( -0.0000000000000000000, -0.0000000000000000000, -1.000000000000000000 ) ) ;
#11431 = MECHANICAL_DESIGN_GEOMETRIC_PRESENTATION_REPRESENTATION (  '', ( #4731 ), #9205 ) ;
#11432 = ORIENTED_EDGE ( 'NONE', *, *, #6304, .F. ) ;
#11433 = DIRECTION ( 'NONE',  ( 1.000000000000000000, 1.233581138472399909E-16, 0.0000000000000000000 ) ) ;
#11434 = ORIENTED_EDGE ( 'NONE', *, *, #10449, .T. ) ;
#11435 = DIRECTION ( 'NONE',  ( 0.0000000000000000000, 0.0000000000000000000, -1.000000000000000000 ) ) ;
#11436 = CARTESIAN_POINT ( 'NONE',  ( 0.6440598923241545037, 15.45021962980672647, 2.036660585544961766 ) ) ;
#11437 = MECHANICAL_DESIGN_GEOMETRIC_PRESENTATION_REPRESENTATION (  '', ( #1758 ), #3804 ) ;
#11438 = CARTESIAN_POINT ( 'NONE',  ( 12.52500000000000213, 2.794499999999989992, 0.0000000000000000000 ) ) ;
#11439 = AXIS2_PLACEMENT_3D ( 'NONE', #10553, #559, #623 ) ;
#11440 = VECTOR ( 'NONE', #2489, 1000.000000000000000 ) ;
#11441 = ORIENTED_EDGE ( 'NONE', *, *, #10090, .T. ) ;
#11442 = ORIENTED_EDGE ( 'NONE', *, *, #5342, .F. ) ;
#11444 = ORIENTED_EDGE ( 'NONE', *, *, #1100, .T. ) ;
#11443 = CYLINDRICAL_SURFACE ( 'NONE', #6741, 0.2500000000000002220 ) ;
#11445 = EDGE_CURVE ( 'NONE', #10687, #9217, #6075, .T. ) ;
#11446 = ORIENTED_EDGE ( 'NONE', *, *, #1702, .F. ) ;
#11447 = VECTOR ( 'NONE', #6757, 1000.000000000000000 ) ;
#11448 = STYLED_ITEM ( 'NONE', ( #7751 ), #6532 ) ;
#11449 = VECTOR ( 'NONE', #333, 1000.000000000000000 ) ;
#11450 = EDGE_CURVE ( 'NONE', #10132, #669, #5384, .T. ) ;
#11451 = VERTEX_POINT ( 'NONE', #5161 ) ;
#11452 = DIRECTION ( 'NONE',  ( 0.0000000000000000000, -1.000000000000000000, -0.0000000000000000000 ) ) ;
#11453 = DIRECTION ( 'NONE',  ( 1.000000000000000000, 0.0000000000000000000, 0.0000000000000000000 ) ) ;
#11454 = EDGE_LOOP ( 'NONE', ( #1447, #8390, #639, #33 ) ) ;
#11455 =( NAMED_UNIT ( * ) SI_UNIT ( $, .STERADIAN. ) SOLID_ANGLE_UNIT ( ) );
#11456 = CARTESIAN_POINT ( 'NONE',  ( 0.2999999999999962697, 12.31000000000000227, -0.1000000000000028644 ) ) ;
#11457 = ADVANCED_FACE ( 'NONE', ( #10435 ), #4272, .T. ) ;
#11458 = MECHANICAL_DESIGN_GEOMETRIC_PRESENTATION_REPRESENTATION (  '', ( #4396 ), #235 ) ;
#11459 = CARTESIAN_POINT ( 'NONE',  ( -3.712308238590370337E-15, 12.31000000000000227, 1.000000000000000888 ) ) ;
#11460 = EDGE_CURVE ( 'NONE', #846, #10271, #1641, .T. ) ;
#11461 = VERTEX_POINT ( 'NONE', #7760 ) ;
#11462 = DIRECTION ( 'NONE',  ( 0.0000000000000000000, 0.0000000000000000000, 1.000000000000000000 ) ) ;
#11463 = DIRECTION ( 'NONE',  ( 0.0000000000000000000, 0.0000000000000000000, 1.000000000000000000 ) ) ;
#11464 = ADVANCED_FACE ( 'NONE', ( #5216 ), #739, .T. ) ;
#11465 = ADVANCED_FACE ( 'NONE', ( #7818 ), #4330, .F. ) ;
#11466 = UNCERTAINTY_MEASURE_WITH_UNIT (LENGTH_MEASURE( 1.000000000000000082E-05 ), #11352, 'distance_accuracy_value', 'NONE');
#11467 = AXIS2_PLACEMENT_3D ( 'NONE', #10241, #8510, #3069 ) ;
#11468 = FACE_OUTER_BOUND ( 'NONE', #6260, .T. ) ;
#11469 = CYLINDRICAL_SURFACE ( 'NONE', #4653, 0.4100000000000006417 ) ;
#11470 = ORIENTED_EDGE ( 'NONE', *, *, #10373, .T. ) ;
#11471 =( NAMED_UNIT ( * ) SI_UNIT ( $, .STERADIAN. ) SOLID_ANGLE_UNIT ( ) );
#11472 = DIRECTION ( 'NONE',  ( 1.000000000000000000, 7.401486830834380223E-16, 0.0000000000000000000 ) ) ;
#11473 = CARTESIAN_POINT ( 'NONE',  ( 0.8750000000000031086, 0.4749999999999989231, 1.000000000000000000 ) ) ;
#11474 = CARTESIAN_POINT ( 'NONE',  ( -3.712308238590370337E-15, 12.31000000000000227, 1.000000000000000888 ) ) ;
#11475 = CARTESIAN_POINT ( 'NONE',  ( -0.1000000000000040162, 15.35000000000000142, 1.000000000000000000 ) ) ;
#11476 = FACE_OUTER_BOUND ( 'NONE', #7172, .T. ) ;
#11477 = VERTEX_POINT ( 'NONE', #3623 ) ;
#11478 = LINE ( 'NONE', #1859, #2277 ) ;
#11479 = DIRECTION ( 'NONE',  ( 1.000000000000000000, 0.0000000000000000000, 0.0000000000000000000 ) ) ;
#11480 = SURFACE_STYLE_USAGE ( .BOTH. , #4557 ) ;
#11481 = ORIENTED_EDGE ( 'NONE', *, *, #6735, .T. ) ;
#11482 = VECTOR ( 'NONE', #568, 1000.000000000000000 ) ;
#11483 = CARTESIAN_POINT ( 'NONE',  ( 16.00000000000000000, 14.34999999999999964, 1.000000000000000000 ) ) ;
#11484 = FILL_AREA_STYLE ('',( #4445 ) ) ;
#11486 = ORIENTED_EDGE ( 'NONE', *, *, #1230, .F. ) ;
#11485 = CARTESIAN_POINT ( 'NONE',  ( -0.1000000000000010048, 1.124999999999990008, -0.1000000000000020456 ) ) ;
#11487 =( NAMED_UNIT ( * ) PLANE_ANGLE_UNIT ( ) SI_UNIT ( $, .RADIAN. ) );
#11488 = DIRECTION ( 'NONE',  ( 1.000000000000000000, 0.0000000000000000000, 0.0000000000000000000 ) ) ;
#11489 = FACE_OUTER_BOUND ( 'NONE', #864, .T. ) ;
#11490 = DIRECTION ( 'NONE',  ( 0.0000000000000000000, 0.0000000000000000000, 1.000000000000000000 ) ) ;
#11491 = DIRECTION ( 'NONE',  ( 1.000000000000000000, 0.0000000000000000000, 0.0000000000000000000 ) ) ;
#11492 = CARTESIAN_POINT ( 'NONE',  ( 8.000000000000000000, 7.999999999999989342, 2.299999999999999822 ) ) ;
#11493 = ORIENTED_EDGE ( 'NONE', *, *, #884, .T. ) ;
#11494 = CARTESIAN_POINT ( 'NONE',  ( 0.4750000000000019762, 4.189999999999988844, 1.000000000000000000 ) ) ;
#11495 = DIRECTION ( 'NONE',  ( 1.000000000000000000, 0.0000000000000000000, 0.0000000000000000000 ) ) ;
#11496 = ORIENTED_EDGE ( 'NONE', *, *, #6436, .T. ) ;
#11497 = VECTOR ( 'NONE', #2141, 1000.000000000000000 ) ;
#11498 = VERTEX_POINT ( 'NONE', #969 ) ;
#11499 =( NAMED_UNIT ( * ) PLANE_ANGLE_UNIT ( ) SI_UNIT ( $, .RADIAN. ) );
#11500 = SURFACE_STYLE_FILL_AREA ( #10561 ) ;
#11501 = CARTESIAN_POINT ( 'NONE',  ( 9.400000000000002132, 15.91000000000000014, 0.9350000000000000533 ) ) ;
#11502 = EDGE_LOOP ( 'NONE', ( #9638, #7091, #10233, #10993 ) ) ;
#11503 = UNCERTAINTY_MEASURE_WITH_UNIT (LENGTH_MEASURE( 1.000000000000000082E-05 ), #6950, 'distance_accuracy_value', 'NONE');
#11504 = LINE ( 'NONE', #637, #1586 ) ;
#11505 = EDGE_CURVE ( 'NONE', #495, #8246, #10721, .T. ) ;
#11506 = PRESENTATION_STYLE_ASSIGNMENT (( #8853 ) ) ;
#11507 = COLOUR_RGB ( '',0.8196078431372548767, 0.7058823529411764053, 0.5254901960784313930 ) ;
#11508 = VERTEX_POINT ( 'NONE', #2899 ) ;
#11509 = FILL_AREA_STYLE ('',( #8859 ) ) ;
#11510 = EDGE_CURVE ( 'NONE', #1701, #8841, #7207, .T. ) ;
#11511 =( NAMED_UNIT ( * ) SI_UNIT ( $, .STERADIAN. ) SOLID_ANGLE_UNIT ( ) );
#11512 = AXIS2_PLACEMENT_3D ( 'NONE', #3723, #3775, #2018 ) ;
#11513 = DIRECTION ( 'NONE',  ( -0.0000000000000000000, 1.000000000000000000, 0.0000000000000000000 ) ) ;
#11514 = ORIENTED_EDGE ( 'NONE', *, *, #3993, .F. ) ;
#11515 =( GEOMETRIC_REPRESENTATION_CONTEXT ( 3 ) GLOBAL_UNCERTAINTY_ASSIGNED_CONTEXT ( ( #11503 ) ) GLOBAL_UNIT_ASSIGNED_CONTEXT ( ( #6950, #10560, #3455 ) ) REPRESENTATION_CONTEXT ( 'NONE', 'WORKASPACE' ) );
#11516 = EDGE_CURVE ( 'NONE', #7814, #309, #8792, .T. ) ;
#11517 = DIRECTION ( 'NONE',  ( 0.0000000000000000000, 0.0000000000000000000, -1.000000000000000000 ) ) ;
#11518 = DIRECTION ( 'NONE',  ( 0.0000000000000000000, 0.0000000000000000000, 1.000000000000000000 ) ) ;
#11519 = EDGE_CURVE ( 'NONE', #6652, #5536, #71, .T. ) ;
#11520 = SURFACE_SIDE_STYLE ('',( #773 ) ) ;
#11521 = CARTESIAN_POINT ( 'NONE',  ( 8.900000000000000355, 15.50000000000000000, -0.03500000000000000333 ) ) ;
#11522 = CIRCLE ( 'NONE', #7224, 0.2999999999999999334 ) ;
#11523 = COLOUR_RGB ( '',0.8196078431372548767, 0.7058823529411764053, 0.5254901960784313930 ) ;
#11524 = PLANE ( 'NONE',  #10624 ) ;
#11525 = COLOUR_RGB ( '',0.1803921568627450955, 0.4627450980392157076, 0.2823529411764705843 ) ;
#11526 = CARTESIAN_POINT ( 'NONE',  ( 13.04641145287470039, 2.349161452874649836, -0.01000000000000000021 ) ) ;
#11527 = DIRECTION ( 'NONE',  ( -0.0000000000000000000, 0.0000000000000000000, 1.000000000000000000 ) ) ;
#11528 = VECTOR ( 'NONE', #2072, 1000.000000000000000 ) ;
#11529 = EDGE_CURVE ( 'NONE', #9217, #11300, #4571, .T. ) ;
#11530 = EDGE_CURVE ( 'NONE', #7169, #6927, #9002, .T. ) ;
#11531 = ORIENTED_EDGE ( 'NONE', *, *, #11460, .F. ) ;
#11532 = DIRECTION ( 'NONE',  ( -1.000000000000000000, -0.0000000000000000000, 0.0000000000000000000 ) ) ;
#11533 =( GEOMETRIC_REPRESENTATION_CONTEXT ( 3 ) GLOBAL_UNCERTAINTY_ASSIGNED_CONTEXT ( ( #1050 ) ) GLOBAL_UNIT_ASSIGNED_CONTEXT ( ( #928, #32, #3698 ) ) REPRESENTATION_CONTEXT ( 'NONE', 'WORKASPACE' ) );
#11534 = SURFACE_STYLE_USAGE ( .BOTH. , #8816 ) ;
#11535 = MECHANICAL_DESIGN_GEOMETRIC_PRESENTATION_REPRESENTATION (  '', ( #7228 ), #514 ) ;
#11536 = ORIENTED_EDGE ( 'NONE', *, *, #4284, .F. ) ;
#11537 = ADVANCED_FACE ( 'NONE', ( #9168 ), #4679, .T. ) ;
#11538 = CARTESIAN_POINT ( 'NONE',  ( 17.17309199177841705, 16.99918774867888516, 6.075283505579357701 ) ) ;
#11539 =( LENGTH_UNIT ( ) NAMED_UNIT ( * ) SI_UNIT ( .MILLI., .METRE. ) );
#11541 = EDGE_LOOP ( 'NONE', ( #5780, #681, #7626, #7648 ) ) ;
#11540 = CARTESIAN_POINT ( 'NONE',  ( 14.50000000000000000, 14.34999999999999964, -0.1000000000000000472 ) ) ;
#11542 = SURFACE_STYLE_FILL_AREA ( #3375 ) ;
#11543 = FILL_AREA_STYLE_COLOUR ( '', #977 ) ;
#11544 = COLOUR_RGB ( '',1.000000000000000000, 1.000000000000000000, 1.000000000000000000 ) ;
#11545 = DIRECTION ( 'NONE',  ( -0.0000000000000000000, -0.0000000000000000000, -1.000000000000000000 ) ) ;
#11546 = STYLED_ITEM ( 'NONE', ( #2803 ), #2395 ) ;
#11547 = CARTESIAN_POINT ( 'NONE',  ( 16.10000000000000142, 7.530000000000000249, 0.4499999999999980127 ) ) ;
#11548 = SURFACE_STYLE_USAGE ( .BOTH. , #1704 ) ;
#11549 = COLOUR_RGB ( '',0.1803921568627450955, 0.4627450980392157076, 0.2823529411764705843 ) ;
#11550 = CARTESIAN_POINT ( 'NONE',  ( 1.500000000000000000, 0.3999999999999899747, 0.9000000000000001332 ) ) ;
#11551 = LINE ( 'NONE', #9972, #4843 ) ;
#11552 = CARTESIAN_POINT ( 'NONE',  ( 8.000000000000000000, 5.190000000000000391, 0.0000000000000000000 ) ) ;
#11553 = ORIENTED_EDGE ( 'NONE', *, *, #3033, .F. ) ;
#11554 = VECTOR ( 'NONE', #2517, 1000.000000000000000 ) ;
#11555 = FILL_AREA_STYLE ('',( #10675 ) ) ;
#11556 = DIRECTION ( 'NONE',  ( 0.0000000000000000000, -0.0000000000000000000, -1.000000000000000000 ) ) ;
#11557 = VECTOR ( 'NONE', #7404, 1000.000000000000000 ) ;
#11558 = VECTOR ( 'NONE', #11472, 1000.000000000000000 ) ;
#11560 = ORIENTED_EDGE ( 'NONE', *, *, #3465, .F. ) ;
#11559 = CARTESIAN_POINT ( 'NONE',  ( -1.143755976020628617, 15.97670296246533539, 6.292788944843391796 ) ) ;
#11562 = EDGE_LOOP ( 'NONE', ( #8824, #9917, #511, #3637 ) ) ;
#11561 = LINE ( 'NONE', #8190, #2969 ) ;
#11563 = VECTOR ( 'NONE', #5328, 1000.000000000000000 ) ;
#11564 = CARTESIAN_POINT ( 'NONE',  ( 14.50000000000000000, 4.190000000000001279, -0.1000000000000000194 ) ) ;
#11565 = VECTOR ( 'NONE', #652, 1000.000000000000000 ) ;
#11566 = DIRECTION ( 'NONE',  ( 0.0000000000000000000, 0.0000000000000000000, -1.000000000000000000 ) ) ;
#11567 = ORIENTED_EDGE ( 'NONE', *, *, #4435, .F. ) ;
#11568 = VECTOR ( 'NONE', #675, 1000.000000000000000 ) ;
#11569 = FACE_OUTER_BOUND ( 'NONE', #6996, .T. ) ;
#11570 = SURFACE_STYLE_FILL_AREA ( #1046 ) ;
#11571 = SURFACE_STYLE_USAGE ( .BOTH. , #3704 ) ;
#11572 = VERTEX_POINT ( 'NONE', #11164 ) ;
#11573 = DIRECTION ( 'NONE',  ( -1.000000000000000000, -2.775557561562889872E-16, 0.0000000000000000000 ) ) ;
#11574 = DIRECTION ( 'NONE',  ( 1.000000000000000000, 0.0000000000000000000, 0.0000000000000000000 ) ) ;
#11575 = UNCERTAINTY_MEASURE_WITH_UNIT (LENGTH_MEASURE( 1.000000000000000082E-05 ), #279, 'distance_accuracy_value', 'NONE');
#11576 = SURFACE_STYLE_FILL_AREA ( #11406 ) ;
#11577 = SURFACE_SIDE_STYLE ('',( #7132 ) ) ;
#11578 = EDGE_LOOP ( 'NONE', ( #9302, #2505, #9305, #8119 ) ) ;
#11579 = FILL_AREA_STYLE_COLOUR ( '', #9912 ) ;
#11580 = SURFACE_SIDE_STYLE ('',( #9038 ) ) ;
#11581 = VECTOR ( 'NONE', #710, 1000.000000000000000 ) ;
#11582 = DIRECTION ( 'NONE',  ( 1.000000000000000000, 1.470494072351200091E-16, -0.0000000000000000000 ) ) ;
#11583 = CARTESIAN_POINT ( 'NONE',  ( 8.763944740677011680, 8.610786041185194861, 6.500000000000002665 ) ) ;
#11584 = CARTESIAN_POINT ( 'NONE',  ( 7.359300066442045818, 7.532496234183133410, 6.500000000000003553 ) ) ;
#11585 = ADVANCED_FACE ( 'NONE', ( #5869 ), #4130, .T. ) ;
#11586 = CARTESIAN_POINT ( 'NONE',  ( 9.400000000000000355, 0.08999999999999999667, -0.03500000000000000333 ) ) ;
ENDSEC;
END-ISO-10303-21;
